56.155048206425832	0.59799704557335487	-0.67261935589696198
55.494870935065457	1.2213115326126394	-0.3805025006931349
56.050300529260703	0.78211406427813412	-0.64576704132813956
54.968214634289197	0.13869145503213787	-0.88844611539973717
56.185514746407463	1.0535759178332016	0.89014011130103476
54.942715785508433	-0.028172823436600259	1.0293182721966125
55.306594637807123	-0.50404263276931638	0.77026704332901474
56.176298625813367	-0.51452210431574341	1.0039903495784137
55.180701636733318	0.75283984141679738	0.96438726601631164
56.235943190321215	-0.44089076825141904	-0.19590200059351892
55.565695371277116	0.50449848117011076	-0.10042236012496961
55.618638066738718	0.89018350682648817	0.96479282109528641
56.315609413747417	-0.39396915762449919	1.1122020136808921
55.33680545930104	-0.69618132163908097	-0.78739233488888871
55.982891462910445	0.868663119409401	-0.084335641807412334
55.774792048155618	0.17659592086682555	0.81405291928355228
55.256993701738423	1.1028224487898945	0.11708480037095351
56.356829038161401	0.56753024885215608	0.62127934382929828
56.136423410974032	-0.94103072407838562	0.37402940646568061
55.961808198812818	-0.058258593370331298	1.2028896411343735
56.40688572745303	0.31917817232779522	-1.3583177075163286
55.0091383771137	0.86223533854497736	0.35566785793192718
55.925684792425358	-0.70662509995497591	0.64505192394099053
55.681317534136923	-1.0211744001994911	0.58935030045305969
55.11702579144518	-0.9098034093466435	0.019006264365528124
55.13563946754158	0.78910406354528284	0.31087773659644397
55.266215782857046	0.90902324783173494	0.84468047352454789
55.813697210706458	-0.20130162829605436	-0.10441196253160967
55.63268614311778	0.72303030844581861	0.26617278951636447
54.74130679992308	0.53878415661251833	-0.67276676674524882
56.759429641128747	0.75452716433011979	0.072044532926279478
55.031617493951991	0.80702384328683385	-0.2639051642935144
56.575554607979576	-1.0802502120350586	-0.25149912069271596
56.335345050583385	-0.42015944743302752	-0.70420055594205566
54.926469635423906	-0.93086490493989005	0.51625648968616045
54.795766441939605	0.43549500701070326	-0.62090446866681048
56.37660757694217	0.39357344910160391	-0.70615034139058575
55.107663554354474	0.71415016091981876	-1.0130007422572622
55.522067127154884	-0.86117506390532095	0.65957486831595935
55.621489703265368	-0.065369390380877593	0.93246156568030336
55.455786606020169	0.36240524011715969	0.93583335139352197
56.196579393095121	-0.54620770737843138	0.67927793260076197
54.93135377498416	1.1374871682512864	0.45576886194932037
56.357043505715176	1.5047733760388178	-0.26216531754007438
54.958668615721862	0.17333794072270056	-1.0126195405364233
55.536782123572991	0.21779464256031353	1.0182861535654173
55.227352689260691	-0.14955536639388614	-1.2441532944731164
55.784730479344361	-0.47618304020058755	0.2202354587089356
55.271900231310937	-0.4180522981691297	-1.2533363242248394
55.134638889407363	-0.42407502913199324	-0.37261305041749854
55.357709092742788	-0.90158738199744204	-0.42338526231379459
55.30598519184754	-0.030148508529677487	-1.2111174750560154
54.67881837095365	-0.85849428381519122	-0.66921056234637188
55.140861803333657	-0.12786644077854775	-0.61110753954627872
55.734185137356299	-1.079259564771442	-0.055252541210708397
55.881670385758305	-0.88032572319757429	-0.3197166209643012
56.059643113113076	-0.11933322001792371	1.0219796901395986
55.114597637536505	0.36502079301438289	1.0300874380403138
55.936940279538952	-0.79944200547178357	0.22650487876046196
55.893624754566574	0.16576770890905015	0.9711792092817807
55.124002068641069	0.41994531817512859	-0.32987325435343184
56.231965552633369	0.40358646049662139	0.24827657140575166
55.918377019731892	-0.10006559476010478	0.80784381864789345
56.210863063585748	-0.79827488839324579	0.26663335249082326
55.709737161934754	-0.10871513138020296	-0.48149962160827492
56.071315024689184	-0.8632972749170218	-0.48552826443531449
54.854788506483935	-0.42228760263361603	-0.08388313142727713
55.301624417343582	0.80653982460670326	-0.5987777162577006
55.04297687549618	-0.94470764299859711	0.33624878610840986
56.562978179251779	0.64287522084619508	-0.13708979386523934
55.484632825309511	-0.78827649817061685	-0.072237667140113482
54.992343748159101	-1.1393638164505997	-0.04076012966276818
55.453856044026558	0.26358553972228099	-0.54699281232512087
56.748572064535793	0.32594413922007126	1.0760307729467282
56.492925161934437	-0.088443824264762938	-0.54185001218994233
56.458113809426095	0.62733072510559662	0.53842437444086566
56.032537867925967	-0.87446516749720304	-0.64177141365792356
54.742419249865918	0.54577848215347302	0.91341095558906216
56.245787467084426	-0.88290751204961615	0.24938219679380499
56.225842282105845	0.094981115044353873	-0.30195279697900113
54.646615073500008	-0.45816521441009439	-0.52116310057083404
55.663094376699561	0.69665339015540462	-0.36371526092189072
55.286376333544126	-0.82151715497584177	-0.16131522852079686
55.244551392589869	0.94870409592842053	-0.63933062349623171
55.366891050341628	-0.74760653205299787	-0.33987027538800313
55.838775457512824	-0.55844841834885339	-0.88829483062249259
55.425312856577044	-0.010547168864817684	0.80875884049871416
55.974279635353831	-0.059488019820881206	-0.87128592435790408
55.54062830868228	-1.0311224712117688	-0.46950621134232257
54.83236484291217	-1.1413359142937201	0.37042599196798287
54.73198669891454	0.070294156946938705	-0.0040738112477147464
56.272342554596442	0.96965664355826009	-0.56901622558634213
55.374719472779987	-0.33469777221907815	0.95149913478976211
56.641725217350199	1.0203223493545706	0.45429072514351937
55.159008482943982	-0.2491297927028199	0.47598552850578368
55.284238338809082	-1.1145636672673382	0.012346167789255267
55.997858212508639	-0.38577393432026885	0.46596139214009519
56.468405089940909	-0.75822958700351961	-0.56389297500691227
55.801997630153572	0.95262690860011801	0.64843797893709787
55.656788010888711	0.31432859676856278	0.54488925952550082
56.041765343502654	0.2400819126558412	-0.38667752511319814
55.802201320253666	0.73185823377695602	-0.48663694026015847
55.801044656980004	-0.89447216756710402	0.13720225841129149
54.712594436763744	-0.45815883229367221	-0.70312411131049424
54.984931864552479	-0.92948721611579255	-0.18108064407678304
55.093544300195774	0.85295967582899612	0.68600644203937966
54.957989787842806	-0.55610600902834151	0.99926573572492383
55.363270828289927	0.9740494921425642	0.39127875665906192
56.057151145478272	0.05400947544782686	-1.0240719320223517
56.398905598146172	-1.0550851071196505	-0.61760466229797706
56.445059870565125	-0.74596051476322256	-0.36221626090791537
55.076998710599938	0.24722093052419478	-1.1145703592102549
55.345018085415312	1.2462455554669654	-0.68423004151450961
56.268438568813302	-0.39668681698031433	-0.38161049964122179
56.497601941592393	0.50417535357089915	-0.60343871304887697
54.792035319124921	-0.80153564102633201	-0.75862665365153525
55.94775643460985	-0.080566898532874534	-1.5165156612080775
54.855964907780965	-0.37628944067902548	-0.69256004075964939
56.147604820505684	-0.91902386636844013	-0.34684407999677164
55.739462736931451	1.063911623125275	0.11034905821000987
55.212503641907105	-0.38636836067635855	0.72449188385303764
55.43993020425944	0.11687194723989607	-0.82394668095482337
55.526285579089489	0.42712165962506188	0.082598575607611399
56.499177683875104	-0.80439557578687393	0.29766045073816932
56.538739518144304	-0.98195560410181248	0.24261015067082925
56.286410146850102	-0.49817710776232332	0.60560500310085164
54.711733000158993	-0.053647108138592477	0.75881051510710729
55.834870911271153	0.3167053761529745	-0.23758476146039159
55.55412282706218	0.49037376576741265	1.0041457047349167
55.984275612600612	-0.4529935633706782	-1.1319557058283964
54.881669332033979	0.47998483120715962	-0.82119038212775797
56.068558022156893	-0.77536560446466407	0.050230859463564585
55.258662773375242	0.096400235991129402	-0.27995453898423434
56.391365374927879	-0.74229375010576704	0.26811451643574297
55.666249759334697	0.8061270164067238	-0.59715440102992789
54.788068418519522	-0.22000574321532315	-0.32963871018690571
55.071504151600273	0.36205861558208663	-0.75516947378330646
55.583781168437042	-0.43796271546015964	-1.2848739745146305
54.82521844323832	-0.42442201680274699	-1.1519153832544653
56.261447650425865	1.2482432291437913	0.082060300243738143
55.34716105434741	-0.44774154948411665	1.3524972538338413
55.820453570049629	-0.5213499050067737	-0.62906489802594823
54.867798679709395	0.5381020439768982	-0.56822186253416573
55.989759193769856	-0.65508335667828022	-0.3348227211240809
55.027149370776478	-0.62807913440323182	-0.78703642646370242
55.934605540868546	0.45114076043938955	0.95809014545480442
56.628882132044389	0.78553787986553747	0.46282788118573942
55.258207074589521	-0.87278772454787779	-0.65672020782729157
55.628537358151554	-1.2183310907561813	0.52959295823679831
56.531583114932729	-0.16911857833205979	0.37551456898614133
55.615825921893574	-0.49060713151451585	-0.22307399417574353
55.636602459049101	-0.71864426855111629	-0.29437197404430476
55.174712809499312	1.2225041360322604	-0.83085154149216611
56.10044370931228	0.31968640859484543	0.69225445005749486
55.601710908293441	-0.66932119661732603	-1.0435407472426641
56.059053774563985	-0.13386145314167955	-0.58514043170047914
54.883949444049357	-0.53705228362851798	-0.93049360006774151
55.364319630340852	0.43277559476468908	-1.0476967932539973
55.610118072002059	-0.082716112086799548	-0.56025494529609798
55.67165319940851	0.48046638545455828	-0.1234268034496518
55.45228187478908	-1.1172671401136449	-0.37796351072387696
55.027243667178411	-0.85528922872066426	-0.31381671620070284
54.701586801152395	0.27389899135603157	0.92919848951582773
55.141175209070589	0.67663788000643843	0.53426047138474364
55.592305314630501	0.92676028538444422	0.30040269729104335
55.158763770653778	-0.90455856016606484	-0.25428074703993858
56.524943859185953	0.83626206129589187	-0.18218662896073842
56.367784444337417	-1.1439348314774398	0.10483475254974445
56.182095291788613	0.34525194946577303	0.6675725718209955
55.378864603426329	1.1274879986480559	-0.24141635448139137
55.382974101896224	-1.3328237725716736	-0.43294869044010098
56.697690010245559	0.17766049155057906	-0.92724796566512646
55.760573504800533	0.69237955735827961	-1.0613943014470855
54.744523425189783	0.59864620373632038	0.34312757952368816
38.428958158507314	8.4209270585171989	-2.7210044136688931
55.303059792017365	-0.89180550049917096	-0.33455688728669175
55.120319675683639	-1.0367758800304854	-0.35163090632656424
55.93587469739596	-0.56805101876206232	0.38919193395559626
55.249266162963075	-0.71717865079388454	-0.61473191223476809
54.943910725948633	-0.25218986348695788	1.0134800299191511
56.554973450477434	-0.30460640841161818	0.62077582842014301
56.360629376026047	0.65675375508086142	0.73587985266726563
55.788660164325087	0.7733110995192779	0.87577383322949198
55.157479552544757	-0.57373398335426562	0.62928271682830261
55.662460619172414	0.70969142758117854	-0.25464711900331477
55.42109083212226	-0.00058864744400196419	-1.0622000018370392
56.149791880358379	0.60255787437763186	-0.61743250925950788
54.877775918004197	0.10956201272763953	-1.0234515805722264
56.477739900592532	-0.37771497838926021	-1.0366068256222749
56.509519436084595	-0.40319832502514025	1.140495584147776
54.814800456655284	0.090528290489857874	0.44206811314818578
56.187362987896805	-0.29203082153490129	0.87451483456285761
56.564749781110791	0.85175145681658049	-0.044588063246592036
56.374407625925357	0.77944231172336653	0.27255117074645452
56.547093655667268	-0.65923846329441227	0.050206272716153931
55.759840066962973	-0.55460643632149065	-0.72592730631464442
56.162426900780225	0.063226724989862107	1.0089796482897309
54.95211551009627	-0.39670463600073419	0.56658566751868544
55.029208412642092	0.65317417325553373	1.1764978822401071
56.074257681147493	0.69497446213927372	0.49162094527764605
55.58279081538204	-0.72200470670000239	-0.94408956700372226
55.867921430400003	-0.54319321446172009	0.8649674684244959
55.749376772558691	0.93436056122535505	0.62084329672836658
55.78205533296569	-0.38816230223061077	-0.63063059073633432
56.0921691106699	0.89205850945278797	-0.91425636111994746
56.041078807614177	0.7173636440882879	0.18358468654865231
54.971884152952775	0.85027654097763383	0.41219696609013939
55.044188951175968	0.80661067927867247	-0.76132011237468677
55.909536331968773	0.8228867712678527	-0.11216132525530087
55.865333078881093	0.41013548193214255	-0.84911106109054424
54.900683612183883	0.34680914470289786	-1.0806265741354237
55.576109568945	0.21365552342565039	1.0816671873435575
55.765472018637915	-0.5837496620853756	-0.10457520350860897
55.639488121850206	-0.46426859650279745	0.16962408007170626
55.90933220138961	0.66505025484329205	0.29681472233506306
56.637821354673989	-0.37119276930005191	1.006034122832931
56.379836470985204	0.63403016662173683	0.9192391214131882
55.845678131304055	0.73664138015388392	0.052786031854227193
56.553358377247406	1.356536428125626	-0.77958238626048881
55.347504546127759	-0.22499900004490142	-1.2944679956395788
55.752778898748218	-0.019593512557808411	-0.92301977877240005
43.017743524789147	-7.4115635367652937	-5.9550358772563037
55.383808724195497	-0.1435017948326606	-0.52905741522156069
55.532091962670272	0.0092648584346889072	-1.0826423060091885
55.966548680638276	-1.3165235420481303	-0.48440238753329773
56.357101257388457	-0.051935955935638302	1.3375164300689875
55.480416684171715	0.44881934443458099	-0.94708979676507032
55.690699045316151	0.90299941580931908	0.95800985824317397
56.612950794165116	0.30708291045373715	-0.48446614947558003
56.437096974189039	0.41449598678182553	-0.39127835628277841
55.126818834023958	0.62206494692480496	-0.10412037490297078
54.974439838190527	0.97283980184731644	-0.25154061075561157
55.155759974200798	1.1031034308213956	-0.55193233447453749
55.239330972229354	0.70520016448290046	-0.08081441709701509
55.087685580473185	0.73491788964859073	-0.0392038028266374
55.666523667882885	0.16897066759893536	0.72646737150746721
54.890358767506321	-0.86911037787267342	0.30304300346604174
55.455050368230609	0.18026099276455174	-1.2156084757825847
54.9481946482409	-0.44780490333382561	0.82819522474065532
55.423184506287853	-1.1220402335397694	0.15176496485634894
56.003481036851738	0.79401385388534296	0.56503508259963375
54.992460730200037	0.32717385557362305	-0.79917208527590311
55.588347254270928	1.0329967045443593	0.27525140842363649
55.525953533647815	0.45132820950961999	0.21269907651147393
55.630233144773804	-0.30089133133658524	-0.15309773654583922
56.4991705904051	-0.47023746311773695	-0.7712882706589459
54.667166426685689	-0.29961541629964034	1.1482515307857726
55.905884043301441	-0.46529397841418024	-0.1811580961898995
55.402562375443736	0.82574837662269363	0.63708271261971505
37.357119035110863	-7.7301977883005417	-4.1042385095760672
56.373848335429933	0.68378057803176839	-0.99293516297994955
55.577324791262619	0.7092658816652182	-0.39217272370676115
54.923783171232671	-1.1931127629118101	-0.62926585458643636
55.594695994972781	0.14663011168866061	0.29974687363754049
56.519133384368075	-0.17227238487046834	0.9518906134389763
54.83718186495377	-0.54465557582188528	-0.1052063571658665
54.933016892024526	-0.80376188577133389	0.94208927289245237
55.365854323189311	0.73017688467069886	0.11745820352804791
49.677376101617945	-6.8232228175622138	2.1039009261915145
54.602972058078493	-0.15171070848559401	-0.83785499045614609
55.11582919740237	-0.39024678542977259	-0.66424294793103245
56.150294356988482	0.80410795576482463	0.017188619683706517
54.859607990261175	-0.85332677023308035	0.35096842093295416
56.092456589934564	0.72283044696177445	-0.66801530208560833
55.230020528329995	-0.25979152614590273	-1.0232759216866252
52.795195273368009	-4.2024369725453701	3.7320751219724468
56.338903900705333	-1.0596247045446334	-0.49579979837449095
56.672975246779437	0.59632417324835052	0.50601751422489816
54.991258120787293	-0.33574642467119992	-0.81928491049320618
55.620915722751185	-0.10852472691085931	0.81871086693569461
55.205854663008481	-0.86093046129900441	-0.25313037220950657
55.318022602487673	0.14442301968845914	0.90560185459324605
56.111028376138997	0.41908317505984577	0.90599185812807737
55.134820854936713	-0.47802083758440872	0.037154446892194208
55.184050709474462	0.47181382356323387	-0.076308333338063472
54.78820523797679	-1.3603223046404433	0.83214235890192045
56.241925972741313	-0.56359902374641335	-0.46382535788156176
55.377202754275174	0.27157434800476227	0.66454358630621491
55.617971934402632	0.007942171469123906	-0.54355786686054963
55.099278905156005	-0.02621465347483358	-1.211084516612086
31.29149523014781	-1.9938802946582523	-7.578746277184341
56.095566521981027	-1.0997621974129175	-0.12453402227100144
54.947539564206231	0.20888159968158596	0.2647033383860305
55.634475698388897	-0.37799409999982964	-0.80660965309159993
55.304048408248747	-0.92623341220348354	-0.30881831600659837
55.415717447446717	-1.0167132178096101	-0.65836861794251478
55.863330103872805	-0.0093207153864718183	0.86431377689499722
55.55860413307321	0.8933435580190674	-0.71611599699834805
55.507163144874966	-0.4594021017229305	0.1356810565284399
55.704971789702569	0.30271097811080278	-0.74217136144342966
56.10703791260223	0.5711720205495987	0.71276609672849411
55.558436700025389	1.1310727528186084	-0.3603825626727214
56.192445122789579	-0.099902542791468887	-0.81674835732269735
55.250783857783006	-1.2566036722393714	0.31545808517203328
55.435115526059498	-0.0064816745566796414	-0.62952916534718917
56.441491135004405	-0.78173337197445392	-0.065750628837695418
54.716139767967604	-0.33659751423731438	-1.5289525161546649
54.757841302010348	0.51208348917396906	0.63855171487178308
55.940656628682909	0.38325385854557042	1.0613883233229926
54.708617845246792	0.60086741557296663	-0.57450264395951112
55.213625205651581	-1.0528942425899357	-0.82269828571459591
55.72585981041999	-1.048251133885949	-0.52695862222048884
55.277556223217218	-0.23647457624267992	0.86069635546965007
56.543552997244774	-0.022555468989248269	1.1192511812900574
56.09322386867138	-0.43070792577836642	0.65675076846975466
56.257778169435781	0.64323810934051917	0.38659677619767163
56.414806349894242	-1.1112280981092297	0.16082134676385537
54.779189256805381	-0.52344884707850381	0.46547302039625599
55.556426955397065	-1.0163811351235224	0.4930825513241105
56.401108291949363	0.39171923448196094	0.90457490212597313
55.327464521730803	0.84429823076539079	0.084620749004851545
55.019487523518002	-0.3789522415127532	0.86622109450544638
55.981554272323841	0.16598200316285369	1.3273097848533055
55.171052403222696	-0.44487746615679952	1.1044867223906263
54.756894154217008	0.11145143385838978	-0.47951427854906825
55.163126971346266	-0.34355270618546352	0.72247172812921379
56.047912692394512	-0.54732494727952374	-0.59031894348604841
56.414254253846742	-1.3188171604434256	-0.031295620365205147
56.116434922686267	-1.1095052277990405	-0.58709842671521495
56.11901895676322	0.67742037624237939	-0.439693634095571
56.133336374142573	1.1624739404605375	0.15296316387287373
55.822874377521899	1.0118932071584965	-0.22612378030000546
54.085489422862594	2.230979659213034	3.9633588445931331
56.571229312532225	-0.6300104752928839	-0.003853274461870255
56.347600581566255	0.16950176100610093	0.52453279046581891
56.358234203983869	0.37200764517785728	-0.66961446888887532
56.227911401248079	-0.45543113453576384	-0.15399118273321663
55.843912242760958	0.025169154505324778	-0.78033305591178392
54.864080687457992	-1.0948091651173246	0.010192344563040209
56.40062080135251	0.56887545972524978	0.89618498062966589
56.537628069980435	-0.1961508038573441	-1.0306331890940716
55.891108808887907	-0.77384804368256443	0.0096414007497925298
54.714224551766762	0.8812865855715003	1.0251860185258652
55.433699114466691	-0.27305928123078355	0.87538503487785901
55.584931237300985	-0.43752894575076456	-0.39533693039501477
55.846059961646418	-0.18189719404364113	-0.79506837305710576
54.815790314363028	-0.31839003690418555	0.67189712580544025
56.479531181750964	-0.99475560156769427	-0.45309762438059553
55.058308811896893	0.067756266768785003	-0.66282451064279468
55.740140028934029	0.36082245453185818	1.3820600017263105
55.314351793757268	0.14044033249337348	-0.97333867513270744
56.430764915419232	0.77196440259260413	-0.22997951851726017
55.104722886783932	0.36418543154262428	-0.89369137428634138
54.900703013937353	0.13638696001947703	-0.81531450067285194
55.754256428956062	0.75479543549180239	0.46316109708954684
54.873180450496889	0.092107697915315256	0.84833870477708373
56.736256994688198	-0.73918050762375798	-0.55237029070694854
54.944250891093972	-1.0066594667346014	-0.6361142119421368
56.428595192452555	-0.26741703582542919	-0.53820627174925706
56.465289683144306	0.53019031607769573	0.41242478521321635
55.836564455664117	0.093558930399084375	-0.47718647509128004
55.015317370058447	-0.75257244746867713	0.0040537719014908024
56.591925227776251	-0.40869470104869188	0.6871264217495473
55.283725922410326	0.073304087895055811	-1.0491292457336261
55.095219511593811	-0.75434504003462921	0.53380398202150225
55.907391531104288	-0.90733653784751611	-0.083214671390278119
55.025845460868389	0.61982663855919884	-0.035873782531848225
55.749244201497042	-0.32909013946445209	0.96327713770081191
55.659190650029863	0.6819676755167885	1.0840890453382799
54.741178177014099	-0.17250290494838519	-0.77027787812614013
55.623859041256615	0.80139631913938003	0.24972165883274369
55.38835130245436	-0.32650518353650032	-0.7558977235364801
56.384947454815133	0.5841806202720069	-0.791381426711113
55.399757579026179	-0.042464589434153474	-0.53277073738639524
55.553022991789767	0.18282722376317764	-1.3720109282098165
55.618722816106363	0.66182089108783693	-0.1232608459578169
55.244535407815476	0.82602567084259293	0.11890770758714678
55.749230284436372	-0.48004047732100114	0.56551755903603529
55.173258153034645	0.40852362276941234	-0.68837414390319107
56.203275868044884	0.049561571193220327	-0.95858200975457286
54.714335754659899	-1.1318411788263345	0.60870260649557983
56.117262560366832	-0.42244384640039484	1.0794061611091845
54.687600407920819	0.13003642354441713	1.4011984111187665
56.449139264372853	0.53623631371957758	0.55544259060149836
55.250508357825659	-0.36995697486330614	0.59119337448800413
56.023507393424367	-0.51805313622946358	-0.81333181263062848
54.896312624972659	0.20908621724764354	-0.38477725507846555
55.151067041184064	-0.90524693257106414	0.34734622684839378
55.030971002801735	0.80167157519298438	-0.31332869418283099
56.025109466299853	0.50908457670424889	-0.54926398601941939
54.703597140427853	-0.85233752248689665	-0.095998376875260069
55.333431915359654	1.2069958888468366	1.4875117061569192
56.287882960211356	-0.44052601043352518	0.65250077507039872
55.25264386643542	0.55880212576115229	0.58905452742445186
55.572351492901468	0.73650378915082004	0.65361962345699187
56.539570724911904	-0.40206290880381068	0.03934380275448271
56.362743760641273	0.86671480048506544	-0.002944166229751884
55.334273665962279	0.4074840394035022	-0.21718899874729491
54.984384222442159	0.11337836119681949	0.79442290959750772
56.481341308957937	-0.023136223912878597	-0.93781190038944107
55.154665778745027	-0.58277363063744758	-0.71650436771447346
55.457017563368481	-0.20871849490946556	-0.59344557574182488
55.099246765345718	0.19684503401207928	0.9629967462439416
55.412034231609603	-0.34639871763776753	0.19423393662584887
54.88357825466214	-0.49211668271073367	0.79659367017582683
56.47708964797652	0.018897061068962145	-1.0640238963551603
55.31791457219132	0.82944398886994208	-0.57291777246885767
56.538062104465766	-0.2262990592968657	-0.83994046888862228
55.419988895453081	-0.66877059955435081	0.53738719948791813
54.824502607064353	0.61212808577314914	0.75200675952575591
56.438808777751298	0.18486059253381762	-0.91549993311328548
55.600063472375744	-0.86132367954151823	-0.016014247622773779
54.998543908505169	-1.3436171845252454	0.14921686496248698
54.778186171075454	-0.51424218162672319	-0.3543598918424013
55.846932561751643	0.50350457180171582	0.94295332992758751
56.167602208630242	-1.0890247156948318	-0.14208288533357499
55.525727989626219	-0.39529791954347099	0.2089495505688633
54.63800637979211	0.76456753269800448	0.65456936665592891
56.035544318611421	-0.59620333855649443	-0.84852307000172378
55.50136976681906	-1.1644113431866021	-0.049530915113240787
54.727983612998003	0.2727745467764211	-0.32259806183161582
55.254546184420647	0.15997589118299252	-0.84833699079898528
56.315502281812748	0.33098845800413645	0.46451998100925357
55.728744905348115	0.77487653701265735	0.41337966977183577
56.367572774482454	1.0113074521026684	-0.12858553862111335
55.452010542782084	1.2481739396067537	0.41501188212681039
54.739918542987645	-0.259549482008955	-0.86441790975738586
55.868270593542938	-0.13641188139323268	-0.87972656050870524
55.69572899302652	0.082143079771237415	0.57084355064960113
55.45054384968288	-0.34175416104208189	-0.18470684244526561
55.199695153377647	0.29708881463716907	-0.44053039495162333
56.413430899206261	0.68087706061805675	0.63680038655072868
54.864239322357996	0.19205147614368098	0.79944900265977281
55.23849079301462	-0.26567119928780292	-0.83951037947415907
56.222529614856882	0.46672085727992291	-0.9013242672469638
55.682416782381082	0.12131551428995739	0.93418261708139883
56.040829167864956	-0.51518767789169284	0.62700434887737777
55.112200178410305	-0.12040712364888616	-1.1213067494236404
54.952905905720861	-0.33600007444210123	0.38154794483838578
55.645690821663415	1.2003799723373632	0.16383257480932978
55.266198926502774	0.70618770984096524	-0.68708857348029007
56.166448283449213	0.14375334263148645	0.6563063089084562
56.638412511604685	0.81331154263622141	0.28970354491599992
55.628076653982099	-0.80489523687417963	-1.067240306148965
55.868098795542835	-0.45067407598475129	-0.40888446497528508
56.130205203410448	-1.0295587889675293	-0.51684866079100433
55.191254005408098	-0.016931570324090022	-0.80555250434114356
55.212390513978903	1.0180135117371465	0.47831307513672233
55.466035346770532	-0.41195703713061294	-0.94363593089984166
56.559030654193904	-0.18606875272087889	-0.70433683567783312
55.451279600388212	0.2093002976631396	-1.2111233443010943
54.721095937436658	0.042936449455858013	-1.1063682502377179
55.159893835949987	0.19550448244716306	0.42556251392149874
55.041676841626163	-0.74763633645241856	0.51424600408749699
55.564694201815875	-1.0289874569306556	0.14867458411871509
55.994908131878894	-0.49765107433597777	-0.4751767177582254
55.505202534490188	-1.5149548062538514	0.047152401182176396
56.819410527043921	-0.28079700861285972	-0.93617706488476959
54.957264252433191	1.9847905141201252	0.21331925463739906
56.069701515435916	-0.72652249190586393	-0.63125315809398463
55.559723321845233	0.07210063947160153	-0.83081784622157762
55.838308289065672	0.63451069879576194	-0.79680172833554563
55.725525493793391	1.210098362060184	-0.17922935898681658
56.387926803919179	0.046089545905619429	0.70036752452570916
55.895805462034673	-0.28414695876875451	1.1691027569148651
55.028601521154535	0.47347021182144122	-1.7379701055505608
55.787795238657097	1.2761392005911376	-0.55651978166914973
55.289835789694322	0.092831648776358883	0.52802074531724241
55.027541776984286	0.44459813770074463	1.0084454839159085
56.052277591665479	0.62477083689834667	0.9754458297916424
56.655636516023712	-0.85570376832854056	-0.71118872492165541
55.276736632006894	-0.75292560017738808	0.4443978586387658
55.184480227671408	0.028754407218219154	-1.2880612062550452
56.505813327312659	0.81035150861026006	-0.91402410442004056
55.834949669883095	-0.43945402297275182	1.0485058610433557
55.98894753691917	0.74877673425767777	-0.13198447173840408
56.167393086000146	-0.59656440450661252	0.62566196928525053
54.984454154047832	-0.31425793558606685	-0.49603232631413818
56.479925081544508	-0.0062677028222761699	0.68472623487635986
56.560745948657072	0.56554633759343442	-1.4355261650901112
55.207936337581032	0.35778347846116909	-1.5839854222275032
56.635461188728016	-0.49092062946094811	-1.2250317701292393
56.500035331753359	1.1279456361774081	-0.090286126887180809
54.870547267475395	-0.046036055637699622	0.66890814796952502
56.091875347151607	0.066887259530852158	-0.74901114528928203
55.624301964031162	0.14639884726823948	1.1820328471436656
54.565062960018054	-0.2431493849588022	-0.9632506809751995
55.722093318111483	-0.43824835179938582	-0.34733626926028771
55.822081580307739	1.0127703748897816	0.40422807333147814
54.767784876820926	0.75655842600581169	-0.87462889720867409
55.090562261196972	0.83765021345547985	0.050863099917903581
55.102150870386765	-0.62119441108017681	-0.97498471822104971
55.385029465296945	-0.43431421207384102	-0.016619400957354306
55.3947431499167	0.2575876802984462	1.0327536233176169
55.447649416367568	-0.25425014222567899	-0.64920423682138184
55.657010909132147	0.77035484627293771	0.13507018949273816
55.452359204318867	0.77319072690685742	-0.47581210866882806
55.158708763155033	-1.2499364720588604	-0.17204775473994094
55.606172020432048	-0.82271591529850785	0.88395905933437968
54.973411511051033	0.31015992118902241	-0.70682468523188235
55.353481818184008	0.40282945642534118	-0.82947349505778334
56.104840390179469	0.98483832233361657	-0.58942957098736193
56.560043704773165	-0.17866247561229506	-1.082179379718764
56.001972934404812	0.93866422980470832	0.26426504649024302
55.383224674912434	0.432835248936213	-0.39127902858091762
54.777993397824943	0.97619791992067029	0.53181390447392185
54.906170892574103	0.43050576334513757	0.28619534899419402
55.412568048890982	-0.65369697846032793	-0.87651116999985179
56.711214779796897	-0.84160411342414942	0.41958109406767191
55.539008996153846	-0.71287153143771276	0.31303210101431755
56.35285421144625	0.0044063469833011543	-0.544310918479468
55.519170989014569	-0.041528425613096144	-0.58506835151790337
55.395705385162266	-0.19297002766768689	1.0566777935836547
56.198231536626047	-0.39887825599469168	0.55830847511499848
55.736433746267558	0.057252320501029901	-0.6044321950508954
56.462123755411632	0.83446275043696561	0.19489677457508842
56.100925693368858	-0.3357040609506316	0.4403663110256979
56.261301207716429	0.75369965792057736	0.37982979952817764
56.821646926427157	0.55767406181512291	-0.59485081147856789
54.747745638807267	0.93037242991386104	0.21281236670257692
56.465540724917339	-0.71823629311271442	0.35441134931253915
56.525071355944213	0.59919093787275923	-0.74564240919924485
56.621336937910272	0.23822399758859505	-0.40366488936665579
55.066342124031735	-0.36134978899143622	-0.07816925741000931
55.049351744438255	-0.62477161742576148	-0.48545875155470891
55.799277804278866	-0.50372681786881668	0.87847945903730795
54.911849882618725	-0.81827877493226431	-0.12696109916386225
54.848833606198994	1.0323294056679639	-0.74229144991173746
54.821051584541529	-1.0513632174149905	-0.10243304109271133
55.904889179195322	0.34976162452284748	-0.83925283874778789
55.835623678029094	-0.90856931134682084	0.26965953702560136
56.086251682077332	0.91859549285149034	-1.109308999301053
55.455591756991296	-0.74344073705812297	0.91618737046222265
55.041111317305209	-0.77511372894653341	-0.43070257780883958
55.010827745094616	1.0660480416354412	0.12123499370672908
55.641478195475337	-0.76880410941162203	1.4665533603870367
54.654606282335209	-0.93340655839488162	0.94156051819176123
56.161438678238859	0.62233073664587735	0.31698996345381802
55.236225425674796	0.060803941546811104	0.53384849335619478
55.909905263644539	-0.26233389163917215	-0.56524419312725893
55.958159881048715	-0.313137741350003	-0.36945173871304432
56.325282028397972	0.53398212662221156	-0.81932165716858441
54.876037735447788	0.90957671731305534	-0.33358808610482132
55.147782768383571	-0.74138136004320376	-0.10742568438132324
56.153544462100669	-0.70719272408502143	0.32923277327752498
55.171785171863128	-0.19933099071699453	0.35994131078145253
54.972481015215145	0.3382130616209354	1.1723763120051638
54.926372886619681	0.26083157779304939	-0.47171313373412121
56.645217108828589	0.12260858760292422	1.2915920186524867
56.688054008590925	-0.31686330834861409	-0.85181178860087792
55.601458899739185	-0.82240500259957539	-0.33074042634224232
55.445904212106306	-0.81244278312761187	-0.20193296917254863
55.881655913463007	0.84481176545659442	0.49832706288604983
54.785311564032739	0.032788030660299131	-0.82252254252364532
56.466036233675133	0.81949826759957733	0.99241786103435115
54.855285333052024	0.25148578522900999	-0.52657085723214136
56.310676646301204	0.67611619062645389	-0.43648390256361774
56.020945790992144	0.48954863919052366	0.25467947853919309
55.693096143799835	-0.25558393073530361	-0.34709113467584318
56.102948890020912	-0.87829052599072466	0.19379282812122797
55.529869561435326	-0.71981110745169874	-0.55759418147740913
55.93996045275729	-0.030521957392799146	1.0542327969439618
55.454353729050226	-0.35113921353756411	0.22578356657565338
54.847372764131102	-0.21715806159297565	-0.9035122679686719
56.067763883120136	-0.73466209833350626	0.31644585111293588
55.261494412580468	0.80205467027941224	-0.14716541593845403
54.863854734183391	-0.50757035208084633	-0.89058957353213586
56.105378942177062	0.51084638367331381	1.3361635177901288
55.300182868632469	-0.073293943393700225	0.53595564324306122
55.905328719465501	0.72853481322894253	0.69631374459322104
56.030356598595134	-0.39892103704821907	0.99119842473365372
56.431718551310425	-0.91223545460330979	-0.14195119792050234
56.091510579087398	0.57953236376343009	1.0711783619807178
55.597255109469302	-0.11568793573663499	0.86738429265517847
56.016055101075388	0.89336140328348623	-0.1702855811449496
56.150615370705154	-0.21681230486027098	1.0632985769173466
55.424576600404208	0.62856902722909602	0.014920033336149054
54.78373927041654	-1.236874125078365	-0.34394720700880604
56.183082569371045	-0.47407868503692252	1.0162911415836233
55.7333305871962	1.5171000619990709	-0.7101162682047546
56.570611811473512	-0.89242926209437512	-0.56987771004625554
55.480122358723115	0.34982614389531103	1.1552800878058331
54.957589315396504	0.78263977844007371	0.1149169795999317
55.047357020036962	-0.40647485218625728	0.83367823425909926
55.951035748531368	-0.24817586184330589	0.67013359311761134
55.094612763220674	-0.98465892704648095	0.76600846855553295
56.17399743797592	0.8052976114227679	-0.57909944585463258
55.756064367052453	0.32787405556320642	0.62009414511685401
56.183678813070159	0.82499046127723241	0.15374246001252789
56.020061383705205	0.79098817736661919	-0.68010925214482043
54.854709987107213	-1.2996490555669378	0.13146607617201314
56.256530645203298	0.69204388923007143	0.86612475989629467
55.861895108227067	-0.52581669674755005	-1.0747146382311268
54.77610461352063	-0.017077411762912477	-1.0334767992620528
56.214674160089764	0.14179239221833737	-0.67865267056822043
55.724308517467726	0.76893442590014371	-0.12692818017039506
56.475963524537377	0.32301684427612631	-0.69574912002126654
55.451363309794409	0.34891075051534659	0.75448926440848407
55.012813631793463	0.66805779510880592	-0.066138538606429043
56.337646931068114	0.76380045909644789	-0.5578755979600214
56.102990684296351	-0.7285951862849257	-0.48633401868784382
56.666945482713253	-0.6872244162871356	-0.63551268597607424
56.30770524644354	-0.42049189206807708	0.39361721617137918
56.382599161172969	0.61196240327124085	0.74596822879684854
55.920873398464671	0.10572829460677602	-0.90782347841892597
54.770593563051868	-0.0072773579606031759	-0.96989348793916408
55.6366429352422	-0.72850263263689219	0.54214159500379155
55.080370734945902	0.52936348007590983	0.5268097410386311
54.986659568033303	-0.79239923731608974	0.55515312920756132
44.105598023730167	-8.3306827548663094	-3.6250907253013027
55.634034189955031	0.082611319391349733	0.53132319790685556
55.929503951681241	-0.99292345414673877	-0.3065967979334191
55.767165445282963	0.39421302690237653	0.89537677320844899
55.58240511696652	0.70258806974655319	0.23230410691760531
55.057871886499179	-0.95927503892343946	-0.15893960287509457
56.72869794843696	-0.38941345136894784	-0.90564213082009926
55.048647895549664	-0.70883387286228139	-0.21435201398791343
55.124122150117906	0.3097632554520755	-0.74686256827369946
55.685395181725625	-0.97860130250000377	-0.29499182075677188
56.064599907986242	1.0056197650696845	0.28867163756202513
55.364821450128154	-0.06325915561700228	0.75973458346384937
55.763862311747509	-0.73887922514355964	-0.71691411823266604
56.350131856176816	-0.27649818789113145	0.67265115801380049
55.962045181355521	-0.35592708292693914	-1.1942127224343315
56.12648727735985	0.71620825740656724	1.0828441090921344
55.896549361803622	0.20326601044405598	0.78684348559371353
56.426963246256847	0.45800494514486928	-1.8555025936914087
54.63150924355471	0.69330191054764601	1.0232419028987878
56.181280590018098	-0.86556353127054952	-0.18159450452515719
54.734315662068383	-0.50857718302754151	1.1577145613615638
56.500280071129893	0.85074932437381146	0.3107567421491948
56.112816421863926	-1.1396014572236541	0.12670493161915347
56.284559846528978	1.1421803825980346	-0.48170322934143162
55.55824398905871	-0.43927428592443629	0.7975812093957857
55.92694885024666	-0.053247340663412454	0.86165410413206101
56.237360885353702	-0.70707685523167141	-0.47352065744691557
55.12715415324994	-0.96649983706721498	-0.45678489265590316
55.117126943982022	0.38312278905559555	-0.7838443012189984
56.198257596285075	-0.44794485946235374	0.33220743410938858
55.950042840981972	0.77619828795943446	0.63012100508240831
55.359290708171628	-0.054907576186995731	-0.93965678225887506
55.918509960696213	-0.24386577090665215	-0.46430742713889722
54.819968179780503	0.70373606425611102	0.8214881239279509
55.463666102755688	0.038799366826594406	-0.61155036153325149
55.190027037267654	-0.46938671348393585	-0.67043285651371975
55.668479207134325	-1.072838188417186	-0.57111045952418005
55.569879599348205	-1.0228028455278586	-0.99118430794855417
55.277100528731303	-0.21563769845836753	1.5159555644618361
56.494531847579552	-1.2848627794585847	-0.14862603392802409
55.352733544663138	-1.0867237743017832	0.22374409812409091
56.101420393853381	0.72822958489825085	-0.084950422348407342
56.246496909950842	-0.50781291449985821	0.7716804499603489
55.108080790104907	-0.012384373267104841	0.74767386983181505
56.262343571692071	0.87076539394312569	-1.8020068339991311
55.228785800212293	1.799369932354635	-0.29680498565113833
54.933438565331457	0.1354257123771716	-0.51659923600887514
56.305388867461936	0.67741005216289363	0.081079912118162928
55.818548764519747	-0.22943844575396566	0.55137183283199087
56.176646585547779	-0.56450022378485576	0.14942508201857252
55.877981991090522	-0.81379196015551258	0.74777440753525759
55.062894966272204	1.0078982764747479	-0.091495031299396831
55.460876788646999	-0.050373484592302321	0.82576744988334616
55.544670004475464	0.40903853823620789	0.98598595594114169
54.884759460886919	0.51432471908394106	-0.066366390515967266
56.50857099913712	-0.68164529193540579	-0.1538441544658827
56.490472988574091	-0.4550187704598323	1.0195702931889505
55.754367581388671	-0.50093708649428725	-0.21857074009184416
55.752053338232258	-0.51764138509038959	-0.83610829836397282
56.585378542876157	-0.80019703304502654	0.48286223844677378
56.132787698066977	-0.75399172717963814	-0.54526124654950914
56.735431414432334	0.040352520062589069	0.59502254489435846
56.109743407441158	1.1171179219374683	-0.37049230475671113
55.290622092158848	-0.45879978337062649	-1.0229954559413241
55.347552543251261	0.5331979247716635	-0.82564746157649727
54.960695543554792	-0.57759469205697589	0.86882682694425029
55.743448208250022	-0.040792427439856525	1.2839822773891145
56.313723672987258	-0.67700514093934727	-0.3565814105392911
56.314590728078684	0.2846439861002909	-0.62401867161861724
55.576715000189779	-0.13110812160886154	0.81723533647262425
56.091837584033442	0.68772484563457703	-0.32422568976091176
54.997059295422375	-0.61633442718318365	0.06497652855683711
56.10946362929829	-0.24596194667837426	1.3263166855076898
55.977307364529722	-0.16073377269592046	-0.25710354963913384
56.101366665287237	0.93310668325212842	-0.82819396425099934
55.064748214159003	-0.45059531637604261	0.51310224951004413
56.450402180151343	-0.74075476853397959	0.37693636876726366
56.178563149407069	0.86529443351963942	-0.11404162705421142
54.776531982772802	0.33127044059455818	-0.69451470259049619
56.595696619540512	-0.45517672130232517	-0.52698111748963006
56.094298728618476	0.94604695958686502	0.10576033444279381
54.867555520820403	-0.63616318822267992	-0.3335834954000288
56.509032092151493	0.08955154124267499	0.89570067750667282
54.931213073085566	-0.33488991106666227	-0.93526187628558766
55.866996299113254	0.072014440044213951	-0.89998576244381145
56.536461923171053	0.91906251998282118	0.89945560304375483
55.891736756038014	0.95587613354359957	-0.39813888422859206
55.289323541501112	0.068743908048663649	0.63937369310869074
56.013568493612539	0.61995473021466996	-0.12822244527795559
54.61714472451434	-0.70697686790600922	-0.91869684775577409
56.729014141900691	-0.63813284172974083	0.40210217353417593
56.329183062500967	-0.72322242437413087	-0.4856534906162962
55.686115892628209	-0.81869072513522945	0.4636284405927617
55.328631124666437	0.62413448871157007	-0.49846141089492074
54.652137533811974	0.92384310230416278	1.1007376460345837
56.086563406377998	0.97314173565499795	-0.34075060846575111
56.218674434659512	0.64099596463376263	0.3892068490015208
56.043778849134313	0.76557817793800653	0.52612441920714081
56.148842391175336	0.5382919915404194	0.66216878009084157
55.583466032337483	-0.13145986527853118	-0.81692004808180108
55.768979242505957	0.62989393825325357	-0.6569657893123001
56.592212462814985	-0.36239641260866945	-0.73855007518603133
55.230687020681287	1.0495568329901637	0.81118423179447086
56.508645666316504	0.43327541073745801	-0.66643920596099826
55.79560760823329	0.09211916126875809	1.2457410737498575
55.788388349503485	0.71756353673330719	-0.39056638018362388
55.745011248301886	-1.0057233839827009	-0.58675745546126223
56.487251841249922	-0.34351850714309584	-0.62141614060682449
56.407134656692527	-0.50924876774229288	0.43423895290667164
55.64912381764772	-0.41984665832624374	-0.3937965120634383
55.467721998550942	0.05888762421387754	-0.96537951636814212
56.349008526034687	-0.64341618016432811	0.99144302588455402
56.456098039861594	-0.62343302465932193	-0.15495427123484964
56.358053451120661	-0.59725183412104454	0.37710350086346911
56.73275567414359	-0.79389573305826222	-0.63355997327596991
55.677052962612592	-1.1275772298608324	-0.379447261164716
55.017881790749719	0.30229520102087037	-0.81451615079385242
55.548340251394343	-0.78161490551350199	0.24213003999311156
56.174502804554592	-0.098189212861487227	-0.886617293779146
55.486854240762121	0.69293155054648647	-0.16940101129912638
56.173182818472547	-0.36554711117444105	0.35044597038353154
56.166634013677879	0.45087908517377356	0.42677167809374594
55.325128764533666	0.52485419071352835	0.23436497817466045
56.206449276852467	0.69725632096048262	0.049236560079676465
56.022027001430381	-1.0594679758072907	-0.12957170665776754
56.081834900627832	0.60865437911835729	0.9680241701633937
56.247403847602733	-0.21993405874524508	-1.0401620447933921
55.269273283431069	0.43376203077062325	0.93074425453348786
55.435240367697084	1.4357953946827886	-0.64433595885194539
56.128046508409334	0.28820412095356202	-0.74788849664947366
55.530837259275522	-0.7014168128328413	1.9556142359331024
56.165855010321181	-0.49398606471305101	-0.7651032640011306
55.890351739180893	-0.475836915764215	-0.11711078665302431
55.602267203094257	0.67532245867191354	0.87418559293947595
54.815947428485117	0.10423403706769675	-1.0547491751249771
56.08766963840543	-1.1289621381021182	-0.48551058627421739
56.298546365967773	0.27026623843238168	0.60733426261500034
56.661844237659871	0.013525852646342819	0.51801360860646706
56.540001057992008	0.1620583762474837	-0.23874180398515735
55.272193186033867	0.51563035595645368	0.82219757332734922
55.438641216485436	0.84751591942913918	0.2283141372241056
56.163735964365245	0.20991057036159674	0.37929559346382269
54.726766782348641	-0.64786906648568765	0.71338196396288089
56.593752032686126	0.5481280418791753	-0.59008509790616015
55.342320157296079	-1.0624843746235066	0.49662957300495419
55.006039636048648	0.099969679774518816	0.75463634348619579
55.125665889340517	1.0643973569960492	0.77335876869106945
48.613867812597299	0.066054444668849063	-7.5865785844428455
55.869067363575446	-1.3537021887631056	-0.70929424812442343
56.064354597115795	-0.70943536270267726	0.27899784215229523
55.869181527087932	0.62884653058855178	0.80207580417077573
56.40125243546165	-0.54004147741113817	-0.58285681782626353
55.330809406701334	0.032928142418270308	0.95439213772064535
56.492881898318068	-0.82202032017116677	0.10955934405209593
56.153236629240538	0.44544843906093845	-0.0746308552450025
43.681050084666339	-7.3952167009512531	4.9352370512775332
56.504978559096926	-1.0398307155702939	-0.062454824632472483
56.71327209279216	-0.10322908791155244	-0.85884876027819446
55.89429512390722	0.19328262662018375	-0.89889034700119208
56.452719839302006	-0.46538598263669784	0.63990211137554009
55.559518434327806	0.15904259438827523	-0.55143616343498714
56.434375832289199	1.0758844449947207	0.31739329172184716
56.280752212285662	0.09124289765739349	-0.9664843180883127
55.318462708248404	-0.11430650806252948	0.73369690220622785
54.847477414064578	0.36109069243539543	-0.86670690178233123
55.110866719847557	-0.80728016390619617	0.85747366724030949
55.280433596452831	1.2105128784515651	0.021642821718168809
55.332051988055937	-0.54975620310112283	0.69257195882618316
56.080451295641183	-0.28943991467498703	0.89447777806413309
56.339537717712574	1.8229802656269087	-0.38810019208078017
56.090462311679232	-0.93453645315794698	0.83662770683502907
56.517896505359438	-0.76142384039435362	-1.7266264625820833
56.609600905211501	-0.20220435549334748	-1.1894699432739981
56.124282124166491	0.028499708087424479	0.42710902930081912
56.493621503279243	-0.21871767909354456	0.60635066654702041
55.901738860347351	1.2519265636952472	0.050392249719443866
55.8848211022664	-0.87604419603223371	0.38100604574738089
54.93473109588917	-0.82281739124417863	0.47946919514894309
54.772810818102499	-0.93163512326491482	0.42831991525014668
55.401595472330833	0.37004549890122584	0.84796630370398685
56.335988709575496	0.96725884616973368	0.25680886995775609
56.547185309429182	-0.18283566377622545	0.84157846246692136
55.269507382705022	0.64011140556669222	-0.1121873198442021
55.879821236957198	-0.65920591251545679	0.48857315115103889
56.358684608608925	0.3350881979356124	-0.081882837715302401
55.815341448622412	-1.026760256687395	-0.3967718776527337
54.783468978116829	-0.99153419406375687	0.5964350859673998
55.719177462804311	-0.96170193852146046	-0.77050282058775765
55.170628087978457	-0.3088056969385421	0.60166375182120257
56.32090840156458	-2.552710256133742	-0.0536916870737646
55.911191664867346	-0.88453384852340466	0.31438773994100494
54.844594425897114	-0.93758993560487913	1.4247550412159045
55.66075387230363	-0.1612557255744072	0.35037428536293769
54.808435570426923	0.47509232353531194	-0.9568601115840919
56.615328457656389	-1.0772038229943359	-0.30399807245283211
56.015111565118595	1.1270349762146428	0.57224245326972656
55.115456397398162	-0.97135521890630139	-0.2819007482428848
55.987739256126197	0.49196603869126243	-1.0185073182446305
56.130927184050563	0.68791651635794904	0.25773353243893743
56.484690982423992	0.4059279677853922	0.91677369083666715
55.841636736456245	0.85086283354967207	0.26700278412093942
56.204038544374754	0.067744074685215649	-0.936529860170635
56.352433967183622	0.32868991126551922	0.60999277155920339
55.110073996723898	-0.29800701957144138	0.98007126986674964
55.621411276709111	0.77943046359507773	-0.38052598978171054
55.276611568977017	-1.2545946662675178	-0.12250971019407413
56.595162351269742	0.62897949272680798	-0.5388750187412813
54.810518278571976	0.25773634797226469	0.84043728048319533
56.076540685150576	0.93624582918207777	0.0023658168709520203
56.405070623228312	0.075578735670089714	0.36546127454444644
55.869188923712393	-0.53429692241465487	0.84679683807144146
55.681206138710145	0.1606714274185399	0.94206043677033457
56.13059246659251	-0.78995153473839752	-0.25956342461197807
55.052383601243406	-0.58873216901185021	0.69845643771804411
56.443971611889289	-0.0002102243278145817	-0.59426852697057353
54.953690189078756	0.77199995264567756	0.50652954290565588
55.960837333108948	-2.5985076220502918	-1.1519190628287028
55.270306998795704	0.85965816821052843	-0.36071197796993376
56.119236017105202	-0.30069110217413325	-0.84614847713268704
55.694327808957595	-0.73928481487504039	-0.049169013610288068
56.485137120579417	-0.20612484401411224	-0.78816336326483094
56.329372268215522	-0.7160085198912286	-0.4901404249576703
55.005505223040124	0.92443793336511637	0.13701669354398729
56.395155141025931	-0.90255941553053354	-0.67758551549507684
55.050607194389983	0.84944779990886909	-0.64848809715760625
56.07632939209681	-0.78821301702795943	-0.049457482305271173
54.935905466885472	-0.75461230939282153	1.0271385834442261
55.289907260037189	0.33442620495350445	0.75176755344156188
55.180344869541663	0.047086495845740525	0.95850202540075191
55.0606690183278	-1.0277152583488831	1.199854037008053
55.963580498625909	-0.68840648825908657	-1.1118006088809489
55.484395498801788	0.84544474189700425	0.1443914620400534
54.653181650573849	-0.0085939151329863794	-0.77521100241364294
55.639005240204348	-0.81925666967342881	-0.99706930340809308
54.7195549931062	-0.67152446005337785	0.9761507147132531
54.824003184470996	1.1545375074121973	-0.26131264726301429
55.281432501006179	0.6366531808005913	-0.57534864868936408
55.788247612199598	-1.285222895951057	0.69406338730361861
55.239678992268892	0.51808809692840851	-0.90339810022659317
55.635105144118647	0.013514679854171867	0.65965361786021437
55.314941293622113	0.59223139040989203	0.61841069513554403
56.622969967037832	-0.49733233093658175	-0.8051510090226689
56.19268016587305	0.59577372348684476	0.042651223271170782
55.587671831901737	0.85044063028937333	-0.81998889432567013
52.558233779787912	-4.4671187282556355	2.1072367343885929
55.505377049740289	0.26891974725436246	-0.85165888478693041
56.395157068018904	-0.084457648365403384	1.0886401888759276
55.716418203848939	-0.99884556691139204	0.4224370037968837
55.606346006579997	-0.46045566172996183	-0.65759040712814187
54.716104015607428	-0.11014783672608612	0.52733775920806802
56.354729313137184	-0.30918691705543949	0.54783451453202225
54.707899797489617	0.39461749872189067	-0.94310166435365106
55.040086652692004	-0.89530529909579559	-0.18558306259352289
55.479975923768095	0.8138521860972795	0.4304004550226011
55.815577434738302	-0.43970650668946226	1.0896524146787634
55.471882299368225	-0.73470850783233521	0.53557742318211266
55.102100942594134	0.1354849626563184	-0.82643695159061625
55.913699693420369	-0.38461012264531963	-1.2868890454197597
55.256399612013816	0.4054658419339785	1.3827169992483346
56.414916218832659	0.42490381791153142	0.99764823364605248
55.122598094469957	-1.3395882484356092	-0.21267072671593881
55.160243149687183	-0.53077404698028818	0.54914080741444138
55.146481698992218	1.0556965913375216	-0.032598195032023949
55.822980611093037	0.82255621473232288	-0.03805276181380967
55.591079238708382	-0.11219954807310387	-0.95638081178429224
56.251865153876587	0.67171209636186713	-0.21316006329316001
56.142678916547759	-0.28773550512041535	0.94671014344286342
55.489815521914501	0.80164767744548682	-0.31869910285715236
55.163843182232725	0.86781928636940631	0.20724961086813043
55.403912841003994	1.1955156418331212	0.28167893819168177
55.920112158296575	0.29552410708644344	-0.67198822820790949
55.643310498168354	-0.3746783775648731	-0.78762548362412066
54.83827798627302	0.84536953051966257	-0.52518047402192292
56.414111304211438	-0.60883037283037333	-0.34555668891248087
55.736788114312695	-0.16255343648395934	1.0182377450936444
55.325487266248281	-0.10854097574320704	1.2677333283634702
56.290815952587273	0.6155073283774819	0.49856243010062573
56.434154396928967	-0.5378722354489196	-0.42205230944117672
55.309196666475287	-0.86392423833263721	0.95593441979317184
54.793288478404953	-0.94759157189847665	-0.59334603958852794
55.992628883368859	-0.29681032637777865	0.67283148394551962
56.336429096480707	1.1496570086458815	-0.78440325129676225
55.963679555502566	-0.79227218738133887	-0.19756799782129558
55.23723106104525	0.71602243690718925	-0.38640951657658501
55.068650529301848	-0.029339557182824647	0.59848023534634209
54.744626921452166	-0.59807225501124128	-0.77773890497987619
55.060370036201149	0.056418826416506133	-1.1030967114835437
56.209592828449125	0.058000771259785804	-0.80158386164223572
55.275171708583656	0.034434669795872133	0.77038967476671705
55.03214989453204	0.035461410977580848	-1.1986461938108794
55.275432221791043	-0.068246950426491843	-0.69074903113342589
55.744491457913654	0.75594745668954211	-0.50545518201491679
54.657705187964901	0.28382100164688245	1.1424398751646938
55.633850436987188	0.045781981998976158	-0.26004205077414194
54.962738450664673	0.27265634553656876	1.4675141159649465
56.456302187423802	0.031666864805858341	0.95517563569257746
55.757205464803732	-0.89640352627923459	-0.66532591430807586
55.242851898401106	0.61687444576341455	0.82851735120707515
56.588424791020564	-1.3044228084107921	-0.34109751608727057
55.976130750904851	-0.078259910771504959	-1.647026194616223
56.112073396477079	0.81925342584233507	0.30784009092220216
56.086459853765675	-0.52308138981617702	0.2930927845231534
55.120852534534251	-0.69306905853982659	-0.25393047084834458
56.457687810550247	-0.53929847758069671	-0.81293253941415167
56.468871470559371	0.47359032349404684	-0.2702445167230077
55.035328083108716	-0.65756998091214069	-0.88860538594649663
55.321924405391989	0.19760430792027911	-0.42846381049915289
55.34979730474042	0.29452549993536559	-0.1575500517771129
55.851724787224434	0.48417008209458257	-0.85185213559548867
56.017489055659745	-0.88740907213381126	-0.12724233964298298
55.450654994489632	0.90508600459826649	-0.57436305538073884
56.310181700253459	-0.50501371537874917	1.0192971632402954
55.227735715798417	-0.71101550914225997	-0.38294954100314388
56.527409586470093	-0.75624722248487064	-0.096614310056030425
55.566231263739546	0.036034449992465717	1.0509014815122166
56.490073875536979	1.0262055081613153	-0.17062541818357932
55.264113708090207	-0.67059447667089989	-1.0048450226888401
55.052876028164981	0.23956257407142648	0.83884873638129842
55.060468519653014	0.28023041686672628	1.352016382587778
55.557967500164217	0.0037172423674512369	0.78168908017396532
56.402373668158489	0.82638057524169151	-0.36448248833603947
55.026828232912578	3.3160723825892835	1.5388875451276716
55.586525015726984	0.36632087438607586	-0.80802507042156424
55.338922271300227	-0.68349475961285056	0.96524432693910833
56.31303810394953	0.4991310750774417	-1.0013098901972142
55.387162552513693	0.97138743742311484	0.53041315859000593
56.034086093458242	0.74819121398806865	0.46895120483024055
55.535556666747247	-0.47943728759195492	0.57112849031492974
55.789019070671543	0.89566811273469304	0.5693747082174726
55.744178380771132	-0.62285594668556832	0.39448591788250287
55.081549218810657	-0.9321246367411935	0.103251595913494
56.384083570815406	0.37984780917017957	-0.60977997562295805
55.89565841410262	0.044804156621799346	-0.75354105786989578
54.859120470312575	0.28414290559124544	-0.81377121551521037
55.060821287269164	0.25901476383856559	0.9597973387271439
54.711565632548428	1.8414315253210876	1.047078529063115
55.961889173468094	-0.50028482258370077	0.77579791071547255
56.285640126906465	-0.49894861764214737	0.31546527641483191
54.930723805652441	0.71717923474157763	0.44866651684617725
55.691969463685169	-0.72720698828736319	0.55083972031583761
32.073893285599539	7.3388100749711001	-0.50399306712643577
55.999648966247292	-0.70277546494856902	0.49556309449887609
55.869442859284149	-0.88277045929735032	0.98308999343395842
55.101732005551931	-0.59943257447752718	-0.83716632518668366
56.334246439768506	-0.13787263921838416	-0.34227735422506461
56.16865488941491	0.65787022373110049	-0.60504886023394655
55.051702140006078	-0.40616835638069027	-0.87272240995610195
55.319865896438358	0.004508469946241783	-0.55718143629633554
54.951854499491901	0.15226450759267374	-1.5539476569026853
55.890066618411254	0.19881915351683013	0.88138082836798881
56.318613967031304	0.88434178912547068	-0.44365446648232587
55.754032927118324	0.65329697247300611	0.6891310516822643
55.384518386379483	0.97763840181287909	0.31349015167896721
55.700928181445235	-0.8014519821373739	0.13773198684241189
54.539351729632713	0.53554817962819545	-0.37642993542320408
54.725371614746699	-0.030428470500465956	-0.25278743976445572
55.082797281642932	-0.78075387271022423	-0.37898911655034623
54.821365532075582	-0.28866142166195852	0.0066813595882214364
55.068335953410674	-0.23380627814437199	-1.1818709951290483
54.778488826286065	-1.0532817042924985	0.33864341190832087
55.859712344257666	0.64376569892241686	-0.097109991718895033
54.801896101674878	0.47084802684793103	-0.29148635606168216
56.286791728905811	-0.21077612659055503	0.86044146445986791
55.413619029003883	0.92812899019308481	-0.60060195419039664
56.420176649572078	-1.0499010145548782	0.24540667209840014
56.094812591347598	0.50582593042555568	0.83080789886384032
54.956217881607955	0.45030024704919563	0.43037714557220863
56.587814638810698	-0.14148789426713243	-0.96339976170039088
55.066788671558463	-0.39347574834106214	-0.40240550621270083
50.143303769618392	6.9166175528388409	9.952488152069451
55.385455133665118	1.1882894209786514	-0.27916244217134761
54.966190720657927	-0.87872686223181207	0.34300500977244913
54.599402000959913	0.94917521614609057	-0.4368592134084241
56.495782857198904	0.88411761975456771	-0.14024941428619961
54.770599489313049	0.80518181307664138	-0.81380436433520564
55.676235164815665	-0.74896967716945795	-0.15738867491784059
55.06792764179967	0.61358124758851085	-0.98695145343792301
55.91826139803193	-1.2360302801026328	-1.5099960481284203
55.915331716546888	-0.074151284158340394	1.0393041043394697
55.485054100986439	-0.54356509257186036	0.62194195217185777
56.517367291274404	0.54549954051959926	0.60634780599700311
54.888540898436808	-0.70947789668900041	0.86701232863230016
56.231304169456003	-0.55366922870048074	-0.43719119926760219
54.895715771571673	1.1806178414716324	-0.4669889733084584
56.105528819039627	-0.38049138205703104	0.56202573825955704
55.238977843011781	0.74455399331704231	0.16336447742262553
55.156681611360675	0.57649700397294423	-1.1158236379352084
55.867247472063383	0.52390569544818533	-0.12281912093964213
55.601639621745356	0.9242705543161579	-0.87731795245599298
55.651504234105595	-0.79211319861435159	0.92569230896371424
55.851314105994817	0.50908742095212811	-0.66477931517542188
56.343241470056597	0.64473163594254101	-0.71652090641967592
55.695198342818188	1.0786778402955528	-0.14196769578552446
56.106233999484466	0.47360791726169743	0.96173431546947485
55.640280967537016	-0.1271556623750438	-0.85187639122547099
28.1537120160684	-1.1702913668925421	-5.1779327338228507
55.209873170650241	0.57308360341196596	-0.8379190615805141
33.057021462406304	5.4202834922793484	-6.2869985577804126
55.296357049030114	-0.56661938807238643	0.66507854060096716
55.33814127594853	1.0124994674318712	-0.85700449153205049
55.848280229773962	0.89283435429278935	0.094555410072383356
54.879133983731236	1.1286192655798759	0.35407675727622134
54.980543103781137	-0.0583014562339879	0.9595125241449417
55.882351240568404	0.039583743307231391	1.0720746695308556
56.515323484194127	-0.31122761866125337	-0.82650468317823711
55.878308229022089	0.040226031437810325	1.4100862948948332
54.892243588480724	0.6301149139499298	-0.15162499576859853
55.688000632153027	-0.095479001879911513	-0.62950192021475626
55.848488323487146	1.1256451780918333	-0.51631274513459213
54.950963821603104	-0.62510336973706149	-1.0141004529210793
55.738359313096119	-0.099546229081749121	0.58311852953321508
56.212622508813304	0.47397064391453408	0.63384182632055919
55.049675272854941	0.053753061804816947	0.56892508232405636
54.831271552943626	0.32352224498926513	1.4840800200669879
55.942290481372602	0.20435245869276605	0.86768891905529644
56.196095053799183	0.26935499253428247	-0.022116757015704997
54.913096796096148	0.31540150878975426	0.51883421055305523
56.187467198503242	-0.54659460577721963	0.36154253586605167
54.8110755598615	0.17484063895320234	0.6845296081636113
55.998663036619952	0.67523604256173975	-0.42254594489893454
54.900681462234424	0.076890257230936218	-0.54364850212149118
55.760486705758382	-0.68379991557806685	-1.0316673136151362
55.572264017098902	1.2313923041820984	0.77054907501315195
54.743313681063576	-0.11644960854212888	0.2546529200307443
56.011587917219671	0.82906139290095138	-0.82982178824878539
55.303748856289282	-0.31630057206410545	-1.0475337441650394
55.551999390081868	-0.61843237048436828	0.49190774517517527
55.049905820760223	0.53727630036886964	0.48623730697806067
54.927165391090099	0.66690523265126311	0.25793579672377831
56.062543198161997	-0.19393543010494743	-0.81017755546610326
55.098235251144928	0.39186691411763952	-0.70091235640080263
56.382262706179603	0.81585291022548356	-0.035584532334727831
55.598844055714061	-0.90818905450143794	0.12880028948501343
55.579460962593259	0.56411174146601506	-0.10658717953798916
56.524208086736948	0.93523525617061509	-0.14510626837966942
55.836878150272383	-1.1583069834205089	0.0644232241668031
54.687526602619997	-0.56255520231457401	-0.18687516076374089
56.128156730405131	-0.62342777761854351	-0.30702777849636853
54.849296735713047	1.1623634169412735	0.0042837085301430846
55.975118406358938	0.70472883804245523	-0.17294314311359232
55.786487582320142	0.81323213380988557	-0.37735997055741172
54.813053063915028	-0.62333205670068381	0.45866166127357971
55.305852516030697	-0.31760858160031136	-1.0843654450467843
56.704336402623071	0.051377768412589106	0.83753136247631454
55.425289025392033	0.6830370428373258	0.16044709269373764
56.510787335772804	0.99848317896772976	0.26299652219143232
54.778715272921865	0.42461091380691562	-0.36596251418478931
56.41346611422059	0.46214854755401324	-0.51650205971139973
55.331644682996696	-0.21278997225681898	-0.73597278886804907
56.621240994618482	1.045298645341812	0.45677831309849937
55.355765655816917	-0.30322784025726562	0.15544648010119058
55.844464573015649	-0.51658613438356205	0.59655189871623404
56.134237773500679	-0.038999696596743121	-0.60253220916272043
54.918992530256787	-0.92112694840917153	0.44239795395943926
55.783789511855886	0.49589449258195129	-0.50996404245983395
54.968150362141849	-0.37293457683995407	2.3871350187902776
54.762641794789651	0.31253939218904569	-0.73487675603437008
55.119252992901252	-0.51434267044957493	0.27827479522247905
54.947457984482234	-0.070607407747276182	1.8143090505110033
55.07929106523995	0.7109476858527588	-0.80499841449179055
55.307498300308545	1.144528825473998	-0.1390259667506365
55.416334782534854	1.209664181412148	-0.035245900699884751
56.114534304708762	-0.45139231687197584	-1.0670202128316042
56.536391990323786	-0.43918111646416957	0.72527611482247101
54.831090642727709	-0.76242056046759721	0.42219074189128331
55.067534770591905	-0.82954443610577044	0.064489326863215138
56.621300968649081	-0.68626233127970337	0.68309288863900242
56.070275461042378	-0.0503541824512998	-0.92107542894294192
55.312104886268934	-0.075408129040228519	1.3469387669603008
55.232095621714052	0.33191422413468868	0.65089207102314972
54.686421745752355	0.088247006948846102	-0.94730890952954117
55.493568689715097	0.40369153086569587	0.31758616809147017
55.689568717229371	-0.37308993799686146	-1.0088183769115437
55.050551709479244	-0.88430321451545457	0.38343383782363921
56.534395767755008	-0.14803027109249703	1.2198681575126997
55.3587985673554	-0.57122385471133086	-0.13339472487877971
55.807629821994801	0.66506434675488479	-0.28078347409327514
55.085682722281454	-0.41777379724904351	-0.13828014500371638
56.356322366130328	0.80604162978499938	-0.27972630005186055
55.650746875046451	-0.74837221139733034	0.28234774580948169
55.97825682421351	0.41524227789940565	0.89310845492958491
56.436898310406626	-0.26964446931399211	0.51526679141115284
54.745899737674023	0.44155091658342394	-0.95613505708028845
55.16587559602214	-0.3411384629010098	-0.73106590763379209
56.227934651184448	0.43115192339016534	-0.76410803090340895
55.999273051024822	0.51733901547637839	0.82161798844441902
55.890741370493124	-0.67044570956945404	-0.71293606729959536
54.736146618521971	0.33767151188179217	-1.2798505098392932
56.140015409551559	-0.19696669832847652	0.83636680719527334
55.468762332028049	-0.21115785172167312	0.43714082930328463
55.843084292533007	0.34863578622575875	0.37581625013897035
55.916533170684062	0.63037853445050429	0.64558573828824017
54.796726080610007	0.50701672777489526	-0.63058268953678576
55.800462964077951	-0.90019400494327939	-0.3698751904563744
54.957544832432561	-0.45485797758612417	0.42245529680250887
55.729007441248626	0.51311701755487948	-0.73418260448206729
55.460380616093239	-0.32183059528568386	0.18489234665925924
55.225736440754538	0.15910671851721914	-0.99013431157963827
56.262773901921129	0.79415616092318075	-0.54576868920789579
56.340905078263255	-0.18203147531532585	-0.70267324035494594
56.104809127686003	0.41296268542996201	-0.15366249720282044
55.613716322588665	0.11030475741694154	-0.0027285027793156457
55.29811683396958	0.86505756994395655	-0.71776652442283362
54.90386675801377	0.45184277509378706	0.97895368349730194
54.846160379433158	0.70637509606563409	0.14233762200173
54.664238692052969	0.29719584539377059	-0.82295096742961116
54.851509636017617	0.29958085273356466	-1.518638597562439
56.048614615014827	0.36094331554567349	0.86168719349137213
55.709743535876129	0.95565393633289952	-0.89930120352014253
55.669842184989605	-0.46195129900582366	0.6156654836803217
55.229892250375357	0.63221300046725293	0.69969830771556185
55.241737295430717	0.43736593929385298	0.58726762046106995
56.563778445827516	-0.25669544182685633	-1.0896123062582068
55.542056972251835	0.98290728384017811	0.5900597332631794
55.082968096740721	-0.023298520525707345	-1.3702209155995984
55.953102356814412	-0.95992983810505572	0.6745539552489026
55.858480355137964	0.1217226399372827	-0.79634402826603179
55.377456828334893	-0.010041574825645725	0.79707623063310418
55.627699438507555	-0.34165786630696304	-0.86449559129983344
55.383941524429169	0.48299115376107038	1.0604983756238167
55.625107462148343	0.30077303671454303	-0.50782317488673023
56.47233281487275	0.27534284808916681	0.76855523084089272
55.471915058908998	-0.035790940250176664	-0.74098769488506366
56.156287467936508	-1.073953144510327	-0.52052419124086324
54.668004247258374	0.89031026895219689	-0.28503614333004695
55.067902096806876	0.86031906141147274	0.54783724698638048
56.523969256150963	-0.121312752584834	0.62973832069595481
56.046989712825784	-0.14704018296069213	0.12923407165143594
56.591290775462461	-0.0020987919909898635	-0.88887440683056163
55.165352965467406	0.31060972500772044	0.31495040285557385
55.386578384975643	-0.55346816949042454	0.41912769356642776
55.990280420986615	0.43825931246268374	-0.39113424989067319
55.157329682198629	-0.54071500421303176	-0.33396120148312336
54.604256559318024	-0.59996813262403692	-0.70626248407420245
55.483855461150505	0.72916401429676636	-0.43568623717912819
55.740652382532424	-0.4156716728514579	-0.8922641917438221
55.460146611791011	-0.70808558803874921	0.50738107811410338
56.3275941396493	-0.067843788865552423	0.4893852247293678
56.050279814837793	0.70771133969646038	-0.74670001526613972
55.065849467867018	-0.16024585441057895	0.61078498112725677
55.599089738379142	0.52655751923666805	-0.69399325804720924
55.485684075398453	0.16212555216326599	-1.1956477676860775
55.855993712672351	-0.65770405265800358	0.23769745662301484
56.062138854689984	1.1766783670654903	0.65073052011947019
55.396833828769239	-0.53775965495032974	0.44718894426862632
56.384417849358364	0.43399089393861506	0.21293587458940172
55.559837189411105	0.69610288209302906	0.28883498835999016
55.9526898513624	0.043503946829948216	-1.0819443493099654
54.680578761899184	-0.29517603044850277	0.34350298462878237
55.544366938536726	1.0672609783196372	1.001561480972498
55.9979004031741	0.27597516983788017	-0.1540239357482884
56.366591830616009	-0.23991207273260406	-1.1470311651620637
56.108279879510114	0.69235017073561245	0.67523618339167224
54.70705355754869	-0.64273632249217916	1.2162404012877874
56.182509002593264	0.5285747348504477	-1.0267745990078543
54.686625687867163	-0.44549466797711762	-0.90795863132234822
56.583549310476421	-0.56093239376078052	0.28533557746679233
56.218047012775536	0.17858207399560924	0.98194528085975386
55.818411835353992	-0.013263270844573486	1.0106991651392283
54.826334400429083	-0.37792136179432334	0.92002093482078229
56.501604407460796	0.595125138215302	0.33341464382329078
56.621696944068091	-0.19438872274542268	1.169207616952407
55.969841651984098	-0.4660406984255227	-1.0176035954725811
56.50344544199843	0.52082377189890328	0.15702254788743081
55.313289141073575	-1.0509648824897473	-0.70687765495821375
54.965992774636703	-1.0781336929761574	-0.8445341291399896
55.542039535513382	0.27480767894779884	0.81596079901478658
56.571018061045351	0.63184087431918334	-0.24730548893621895
56.591860235969925	0.3116823268063349	0.61931082479790878
55.663458607000457	1.2727405419142814	-0.17511473273312311
55.899791196865273	-0.75183717961357799	0.075730624956289183
54.99580479449952	-0.23179507267240565	-0.80551530094376189
55.968834093624828	0.67160485886916499	0.71591707307142494
55.42552524232606	0.35534572888341209	-1.1324231828140363
55.08495716782339	0.62466921506685158	1.3033881834255863
55.957495766275741	-0.88494891112277663	-1.2101871757412448
56.090821510775484	-0.53467153203338813	0.42894643324384985
55.679793042554543	-0.16470565060147929	-0.87940451618289905
54.774710088849865	-0.26699074674246759	0.71895574708442145
55.770443835848106	0.7460911081567605	-0.63950687658742678
55.007515847900834	1.0508350340987267	-0.62693990027630386
55.755649565874116	0.27884061386169995	0.35990440412525737
55.033670486109017	0.74106006690572668	0.4941252435076065
56.481158748730998	1.1196969043054366	0.57233055909119934
54.792168603032302	-0.53261722720332627	-0.53731619750774895
55.14618712304528	-0.10758144412085562	1.0284155065682221
55.990267830554501	0.2044829265919513	0.26854530739633209
56.073484142792097	-0.61221193096743098	0.46814724908201866
56.523843913029218	-1.776302590950166	0.18943090720673392
55.797822744162417	-0.54544577282828022	-0.37392553079863566
55.166630591804299	-0.72847490739440657	0.26934101226580409
55.492893859221162	-0.70692450434402787	0.76789811273906405
55.185990870589841	-0.37086429934740373	0.79331455209135304
56.714362115797165	0.87455309748033105	-0.1104171432718551
55.051624605166069	-0.058498508317342365	0.56568553788162634
55.509659354555438	1.0462187962829068	0.33991604506999468
56.306887235620451	0.77632120118042813	0.028224891192454207
56.236349888052558	0.30600564838912464	-0.58473373956134955
55.175712171243291	1.0746843023086812	-0.55917972663571913
55.661106979959925	-0.64576825937053139	-0.65700890050718086
54.95560928806475	0.088578288166308333	0.93890902498526607
55.695441484034923	-0.13421883947228821	0.27182232536621637
56.429263636462309	1.0264564078915208	0.34852408151786413
56.446143675085416	-0.29221067501546694	1.1312532392987507
55.434929681689965	-0.19173912240321292	0.83450515398788172
56.128049457460499	-0.22260313880476917	-0.76658217911885973
56.055735496067641	-0.82426150112709184	0.71097061192675814
54.793955523654816	-0.026471027993425912	-0.77470967977486516
55.786161452215993	-0.44406253684283731	0.2529760809335202
55.900513599226755	0.63505567799223062	0.58747908216690659
55.538351660013099	0.7422232314478292	0.39955730068912126
55.901337977602509	-0.80844174124484924	-0.58812222893329136
55.121744332627443	-1.0213540897137914	0.019143149184990361
56.133899433368995	0.32510176328108908	-0.75589416033199774
56.046404777584357	1.6382551438471298	-0.98269058613236426
55.083747171411609	-0.086036007427982106	0.58920453954935559
55.53284508858053	0.60409194218809126	-0.62080599891296706
56.010955869636895	0.35206647826354948	-0.73499632240371604
55.225519982400954	1.2334482132423326	0.41656893583727089
56.003142857821011	-0.91367697747168475	0.59287089673492488
56.366666568106261	0.32793151891404365	0.53900045080916592
55.117017040906312	-0.50033798961644804	-0.79977608067156425
56.454063733840613	-0.49716436950421511	0.75545062495186077
55.728348286748492	0.75770010898397844	-0.23349392833399785
56.094533515894305	0.92706816860613861	0.15997359699492131
56.01045981206817	0.86539158799797167	0.50621635132858611
54.913159640274436	0.39570403605465143	0.93018094423581965
56.328114030209321	0.52662298055357748	0.69395494058624629
55.24933274028264	-0.70081814729821346	0.40617102839493469
55.850540755009014	0.61105215778150013	0.3424961813800943
54.855496132123157	0.351326459142419	0.11916795731708936
55.321283520846805	0.995893779509048	-0.2569999193170785
55.165795747343573	0.28868640186173411	-0.29926032085418408
55.144122730461596	0.98642158922471623	0.62936696986015783
54.997291822905026	-0.61348538044419954	0.53003249428324928
56.682300235926867	-0.96910216298934304	0.24114589714422999
55.033312017413451	-0.71407969625816037	0.75872183896130796
55.093629381897017	0.32197525240632902	-0.20785352294129658
55.546624216988874	-0.43034536707823029	-0.93604442652900544
56.577149387979318	-0.25946946000111215	-1.0773512793718301
55.129184474483637	0.52818248375466081	0.30984048494845789
56.542623611910038	-0.42908278476565254	-0.59943643302775418
55.917135199370897	-0.67962691806099218	0.71349161809800365
56.007320799020867	0.62465660944493928	-1.2435931648324725
56.147579366772561	-1.0642506142704253	0.083380909987482252
54.967865181176556	-0.021673630985897845	-1.5558097791600054
54.988551086865485	-0.55506469381385815	-0.16823507667947363
54.800861677663448	-1.0891597931666024	-0.27021925202598074
55.742489879148998	-0.55948447326680162	0.15575955836400476
56.609645945329568	-0.56496774978316244	-0.54471970648795598
55.537459810106341	0.74615371026574595	-1.1802487083236639
55.950460541269791	-0.54619125913578481	0.46001118816998704
55.604983228958098	1.0325693712998236	0.45327314926846007
56.479440859116359	0.13599530228320891	0.43466744683708086
55.677381215300407	0.078404764290842352	0.60953399195622859
55.604016359269579	-0.71375513927882328	-0.78450158415874927
54.762882842061046	0.37763561557808595	-0.73112258648513007
54.884175956682277	-0.66676637053938625	0.52839660551148981
55.462909990037573	-0.57805182990685799	-0.44986205520411565
55.661257909807276	0.43323394720125474	-0.28047037493042309
55.435198437031183	0.62322382734695692	-1.2196543277697562
55.327087730800997	0.94176520981165235	0.24943038646349933
55.355620499678366	-0.4425031297142023	-0.54692387546178045
55.087482365849446	-0.40708587860637552	-0.051245075172252304
54.879372901167486	-0.38018197920196478	-0.77002843026969114
56.41266928561523	-0.42724649086111438	-1.0067438279897072
56.14609651488081	0.60205063552510729	-0.58477622827676123
55.157082223092523	-0.60101106631536561	-1.0600986251362985
55.210478000277298	-0.10834597562247182	-0.91218471260881528
54.795344224455462	-0.23332160886775907	0.19228932763016418
54.942617132661375	0.115958222951867	-1.3080139732813036
55.211192942948685	0.78960894297550566	-0.91255227540560102
54.802384332683033	0.049519936006622745	0.89018923277795658
56.549627609926944	0.67746377145155068	-0.57064236347763675
55.291908213072041	0.31765295634198837	-0.44558742740983937
55.733168632326432	-0.057232413756258919	0.91953737324048312
55.411854881740751	0.079469868443261912	-0.23072520239374911
55.475057920080374	-0.40231285196277228	-0.78041098461441138
54.681776940676293	-0.42751319116380865	0.08458660846614055
55.444607227737791	1.1940484439396264	0.43327853115131953
54.807002181499229	-0.56578966530127051	-0.12153604979999953
56.67119128141001	0.22105394220062871	0.93457441260436613
55.018490654111538	-0.70168612648811568	-0.059395219034060663
55.1839411862966	-0.8603868691163612	0.54644689882188957
56.58582417440261	0.8070662628794889	-0.65299616009573136
55.342232074895087	-0.62619633326980262	-0.57750752861070498
56.001684396084869	0.61789988744024515	-0.29833051583698
55.344276260354171	-1.1309348109755104	0.38943441420674924
54.702249550482605	0.80761532485781784	-1.2492165368640225
56.099172660884861	0.71662398296716145	0.72756405407555491
56.199129289597757	0.54848396849283654	0.69452303660036141
56.592080924655363	1.1122145853527547	-0.47047549257322513
56.241416254793187	0.98062357073098483	0.43463245261524369
55.14173169795037	-0.42848378760430961	-1.1940096325598182
55.353283340733931	-0.8004605204340608	-0.10774659982605501
56.201844553789407	-0.69432014238665984	0.12925697797294164
54.961487789025519	0.062916799865946713	-0.63506007171337597
56.57541394305553	0.75308273996778019	0.13915058487638024
56.039333420697304	-0.039522481972289795	-0.8262764870331355
55.818062637213345	0.59581545141896386	0.62009037890671104
55.042527340124188	-0.92491044144877854	0.71744771606083491
56.06373363140024	0.36061568094067753	-0.71437579618631564
56.541947246016065	-0.03715289171260442	-0.69658999839551472
55.803188919349537	-0.42159875512172845	-0.46873900542148483
56.398189551528347	-0.79678173058279056	0.37454627794751599
55.06323939538656	-0.64600642871694014	-0.32941889603040236
55.518522928210857	-0.2303984570894955	-1.1524000158140715
55.774205693509742	-0.67176845888681191	0.48422203702818389
55.769756103032307	-0.44425206741078088	-0.85392858293172724
56.109167896732323	0.4919795542558163	-0.93380173072013772
54.767954827377935	-0.022902226938320815	-1.3611123499260485
56.597434605252239	-0.81433441587073763	0.48024184374477547
54.73933187299869	-0.61157127426789037	-0.65845144569753655
55.869376379589504	0.93513703866486586	-0.15148345861910387
56.301284783177394	0.6091787260686381	0.0042768731680675126
56.701333318677221	0.88887716697586483	-0.43431370647386836
55.692626213408829	-0.12043183917545665	-0.84367375401019118
55.134854784806393	0.8450821568453859	0.24346990346712694
55.802850490454702	-0.41229118171923868	-0.745855973351921
55.277787438580411	0.16042469425308714	-1.0197582129948763
55.984555651688154	-1.0427453178796906	-0.54452477342566008
55.325080241571825	-0.61105900195717011	-0.32035390653845969
55.1263330282002	0.6150969332108257	-0.3122960370253543
55.975832341577096	0.76250740007725604	-0.48264957043121909
55.865631171518935	0.41824110354707472	0.5527341793476247
56.826984623411569	0.31215812804976634	-0.92591857801905231
54.815809454517691	-0.45979024113994305	-0.71523976944551382
56.243296368496978	0.005322947341938675	0.51511198478425724
55.384760923192587	-0.44709667636041411	-0.61074360916286174
55.326208876545728	0.38696953866467065	-0.49625615429971021
56.234395326570009	-0.9152729883065388	0.15524835080158869
55.766427827490489	-0.91660456604151919	-0.13032004393997002
54.947389996107226	-0.56751921499120839	-0.027612765026302229
55.080147122732861	0.83819029925481425	0.57965816864538044
54.805527890157599	-0.11467297482513268	0.99761812993482468
55.218573767568309	-0.84910433294640064	0.42502945936123249
55.717330548034347	-0.15620744158048638	-0.70104671410405206
55.95125187178558	0.6150055424918327	0.13443170076529129
55.175837223757007	0.67862052822548113	0.45911292226517808
54.593450225322137	0.55603397637171437	-0.65766173266368344
54.929725680515915	0.059009061744338481	-1.1948668146862915
56.761668930634592	-1.6394702407256323	1.7275001773704064
55.146491174840918	-0.78149346466556846	-0.59301897661903824
55.149702037400999	-0.56411175456801288	-0.19454028254190692
55.429555057089821	-0.78557571289225048	-0.69863035748383884
56.136228580884655	-0.75733558009692614	0.77384260864495968
55.854748448445463	-0.6229220750188863	0.71396628776163684
55.296640060003128	1.2542295831187409	0.41264295747839669
54.692957106547688	0.6154735516773846	0.32163507152100335
55.720594879275232	-0.52363558610532113	-0.91340128571362533
55.683995957685944	-0.80840400629944864	0.70215740936147852
55.922942097003016	-0.15006622442214065	-0.75540934689374861
55.182017917462169	0.85129086427355194	-0.24875047911979464
56.309653428591133	0.71034610996989767	0.031172632372045279
54.765107120857635	0.60733088734559193	0.72989693703829428
55.860196166349283	-0.70578247682771178	0.1457131066954433
54.886539893774469	0.10646927818926109	-1.2382025705566762
56.2995052641744	-0.73181773350560675	0.022794088917954029
56.500746841651534	0.87616890588290364	-0.95052503849950587
56.084690880356639	-0.74887444466281172	-0.59135335870837236
56.480540657458839	0.33863594257468871	-0.77229450237198738
55.653400877343792	0.11598425491651884	0.7618083282835878
56.380673397104239	-0.12513481632106752	-1.1488458242207511
54.948724097893368	-0.3358339821666072	-0.081357687467609574
55.154598262873861	-0.76452814387272172	0.6754742672627676
56.169958734477248	0.53068186986688359	-1.1528940761237849
56.006639553120813	0.37263749635768817	-0.87884259825745392
55.350988038237197	-0.69428833437070014	0.5822137218496144
54.949441994755965	-0.32678876636826382	-1.5108941256114041
55.338019852892685	0.55206667633244222	0.34243950614222374
56.071561687163722	0.73170533946399297	-0.095383873928064494
56.341216350651102	-0.024979654891926911	-0.52531446081471311
54.809489373523952	0.92244357921782194	0.37947082571873147
55.339569522996065	0.42664101465077708	-0.1220541054626222
55.634434297203569	0.91386138531125694	0.12129843299868366
55.799964905552407	0.67713225069940797	0.21372493076159318
56.482464603533252	0.67799669364162629	-0.13683950031462755
55.433221905401879	-0.94780179789790509	-0.20887892433980856
55.446063478217987	1.0361445049474443	-0.28912716067319483
54.965959817694149	1.2081743564000322	0.051136855059560359
56.264729845436463	0.89292783002125242	-0.46047657657231422
54.980162851689343	-0.84920016607902638	1.0540010725696771
56.063914360639352	-0.44497192229960486	0.83251544667788302
55.389059489632707	0.41381519657790733	0.27197792087780387
55.193252413339117	-0.99771955667291989	-0.071287767811169286
55.696018041127161	-0.58649611333869633	0.15970062446411395
55.146598688753741	-0.29036213446955284	-1.2783230121308635
56.306704384838596	-0.38107663391811752	0.39184150341159529
55.239573250809798	0.4793328555987923	0.041171803502505863
55.116572562872875	-0.29324217576573486	0.92549040213459344
55.097724162322869	-0.26245211280642083	1.1322157695334572
55.193613677531495	-0.59378059522103643	-1.0432755944257421
54.876547538165262	0.3682662271252512	-0.34542657469792004
56.57643714664357	-1.0513666503610222	0.086489984969556191
55.78156436148133	0.45828632011787179	-0.9548093862077881
55.791682669826336	0.99122209067989098	-0.29327858001258805
33.718277314840662	-8.5496147581483726	4.6487334450840487
55.492957387364541	-0.26729162057652905	-0.57407759641879863
55.585319775101759	0.00094309406243102618	1.0456614717448993
54.800294168658851	1.1630504835865774	0.44796947365127721
55.886694352836223	0.15409061605326896	-0.74576804323616164
55.251322812779527	1.1269422812381924	-0.10953035160009254
55.636367418547763	-0.050023840283147797	-0.95857104822593608
55.173700021724834	0.54398561492554998	1.1647218721936912
55.154993231908051	-0.30014795685737489	-0.31286126166980377
55.851030065591154	-0.16081147997767009	1.1572912677588429
56.639989664473205	-0.37082461800469874	1.0068347899756034
54.81311256301472	1.4263402787023765	0.31265559297933365
56.456811573194379	0.70564998185425176	0.18632709076006942
55.471977940136718	0.40023549648755108	-0.41892473729173108
55.641742144394478	0.92983809620407931	0.15570991227795736
55.623049160818397	0.46366736129777048	0.88584913960082534
55.903999457675781	0.27757357521735276	0.68216066331079672
55.752810635399854	0.061230488327361304	-1.0396977053772378
55.670483315205793	-0.85972061484729712	0.083338485087660855
54.969601010509258	-0.20908848834131397	1.1351809571262224
56.415695938343134	-0.72217465779403556	-0.48162630056938832
55.734960907482233	0.6545330105169116	0.5957310869406538
54.987643585932211	-0.26426318296161017	0.83862146509995206
55.833769594524163	-0.9669184877259871	0.71560859940512678
54.803951584670223	-0.02181549149011687	0.40979367175546305
54.761465787217915	-0.72657938695877733	0.45125824506570067
55.148830230118229	-0.11034974240961211	0.66147614247460595
55.323359378100598	-0.77415267558365408	-0.61241290363331979
56.651684921330308	0.5186985022851982	0.6378264773876875
56.530286021513888	0.054620263772797585	0.82573598934161596
56.357244358426186	-0.35366172340610769	-0.26750614863899358
55.049848628870024	-0.76911522195465365	-0.39097836515646023
55.854829732191327	0.43083784554496796	-0.76708158455085163
54.903649995231262	0.45856659957872808	0.53333562948687985
55.105690637010412	-0.19976208492162839	-0.67884266022501993
55.756541752434657	-0.52440214295058829	-0.35499970862690794
56.441584136253248	-0.5353538466207638	-0.014471088644177718
56.300547258096778	1.0546610238320979	-0.28835750433396118
56.623154498802933	1.1657444755272564	-0.22399553401471356
55.355975698452646	-0.99578353491568339	-0.52595864121215252
56.518857658869109	0.33370413821318051	0.98306430750765605
55.916196817085584	-1.0087966274692894	-0.15435641111141196
55.246776736453086	-0.24758268973541528	-0.82247016126974648
55.937156519302604	0.18309001354916168	-0.51875954347544873
55.842878366513247	0.41394152858255923	0.94015600348087836
55.276872399730721	-0.73754154294244145	-0.75854420893154606
55.327413474500588	0.38336935314346965	-0.69669113860004539
55.828999008123851	-0.75328337122287248	0.44520202543771203
56.267719041627373	-0.14886590855650228	-1.7204517781733113
56.696950864614308	-0.28323700006996144	0.94882310001414361
55.91070199338985	-0.46338538048755734	0.77434639140686545
54.800330704542482	0.79889225502660055	-0.13052102498192839
56.125195560047821	0.47703062011771991	0.42876171261076523
56.160496742362334	0.83926425712318042	-0.685222250432449
56.555946716111848	0.32141178116542451	-0.040662447452203834
55.762889304875493	-0.61742869557931712	0.30962485162184611
56.330514008614848	-1.0663718962180353	-0.14913397978438925
54.792756952144352	0.19374096671371924	-0.44616744868831992
55.731492367285185	0.52490352726788592	0.26763684000194693
54.901802165189004	-0.89269688787955426	0.34759377118132628
55.291093712539087	-0.47257408928129191	0.042696212673393623
55.226412361494312	-0.2751149098720046	0.84534667836961441
55.840178287025267	1.1289740951508254	0.37483717395618243
55.130979934489403	-0.1059382891943826	-0.96323474983863344
55.969239553333168	-0.82866818061106207	-0.55682519882360626
56.516295424484326	-0.6935434432735228	-1.0017770955008583
55.506092771738665	1.0783819434521618	0.22677140473297813
55.103796495883074	0.58851797940070139	-0.33205595869981774
55.22112022651126	0.43968711101686131	0.021774251697586126
55.629976779508986	0.77521393932812632	0.65295732067306866
55.592932278183071	0.81747326324100378	-0.2719664629526708
55.52128123542488	-0.45152733170627507	0.9127916321711036
55.899755805238371	0.93051181699691043	0.49486839483412765
56.215771900647567	0.71444477431032705	-0.69763773953771191
55.521567246835055	-0.76797334800975448	-0.023496613544323555
55.809221002060838	-0.064216728740047968	-0.63236052921983732
55.940832287415674	0.43193529821040461	-0.57576683131130413
55.656089884233417	-0.010809868935326756	-0.40825261450279343
56.627667728849133	-0.74960122945733876	-0.071145960695977797
56.596799262789609	0.82589611457386503	0.51650519912168702
55.776318285741539	0.66715562831665465	-0.12720973566775573
55.284663519230172	0.064814004030624608	0.71899748844929845
55.76210293719074	0.37408406364263719	-0.66275742766429147
55.477853414655108	0.52857808984329713	0.37180565814866917
54.901494802146431	-1.2437722969004958	0.33990136650756819
56.171132206761072	0.060053045629122052	0.91483737299235945
55.210808123211208	0.2427250645385666	-0.39312394960156388
55.773329880913892	0.44668461286981698	1.7316105659194068
55.734879536759976	-0.69270593882318388	-0.40083064480588798
55.73624432863361	-0.55352444830174552	0.77956069656686433
56.476102603104458	-0.3948158951553985	-0.79302235659159093
55.618492954252488	-0.69573522387543318	0.43523410333491458
56.392658769324477	-0.58059897346338118	0.23493691800876215
55.51133728424908	0.39784146701342582	-0.64989087582022975
55.088043036229287	-0.43960036036393485	-0.63020681467418493
56.542442229937279	-0.77243249715634554	-0.023245097783998771
55.772825299352178	-0.69428226354346212	0.18890397214987317
56.262988509450352	-0.2630386478452329	-0.46332180221258501
55.647129937366884	-0.94281419842560854	-0.32461521482748995
55.197537959715518	-0.27179898332272218	-0.057288898475757202
54.624115186520243	0.14286445766567235	0.82914463930125559
56.541684532213729	0.38263519902769627	-0.62286172662536365
56.079173939109936	0.25135524964194045	0.81381472907005148
56.576620551107844	0.42283555609853457	-0.56612847699405655
56.590154959979472	0.25116643264973471	0.76453594099483857
54.689078905566447	0.67463559933483119	-0.27017464383733508
55.757005693187168	0.94263544880931749	0.54399239810512356
54.831751868787897	1.1461592825124234	-0.20001784133817535
56.429119885821969	-0.55472715209303314	0.2679372438432972
56.065967569192772	-1.0645679213129473	0.18410845869577078
55.625917539381639	-0.85869536413986303	0.10665720927786777
56.307282959615542	0.53724234235961887	0.38794527741152596
56.152953495584477	0.13478733209481461	-0.46750764318547744
55.012344576212662	-0.3032444044576198	1.0422336151692082
56.07437604671955	-0.019284504979434413	1.0277348852262616
55.838204831595114	-0.75127498693890271	-0.59643637146422157
55.732078253966122	0.41042541800740723	0.6763432829085273
55.609326484452708	0.37468681182872976	-0.49074901131772464
56.515281556398705	0.12563258148247594	1.1718801046057379
55.158943362211424	0.091530591835953634	1.1945004853698153
56.437098876347008	-0.81151717979749771	0.17971308389053389
55.117476766581319	-0.19384486019375113	0.30071499013665587
56.233099383761868	0.086869850827597836	0.098197852510316722
55.021142533279473	-0.03207618747477619	-1.0571091041567715
56.491162701357347	0.89519148043000463	0.081232793145300838
56.002925075498915	0.2351615665313565	0.53354595765433843
56.24325269889664	1.0446697206546243	0.40472035779378462
56.296286576092747	-0.4621571123846831	-0.040211035664582936
55.465058879255665	1.167359693638079	-0.027425583396345876
55.104883096636371	-0.2480870702031622	-0.62978099624354744
56.277487861747211	0.793627759623036	0.74479703211014703
55.478740710902287	0.1811168284269048	-0.32115153405753438
55.84411040358868	-1.1411543108732454	0.10685048865994851
55.144076422513422	-0.9239788104584109	-0.44558211064274306
56.244731598458266	1.1006469003552786	-0.28762120150484588
56.343509470574858	0.016434854534524961	-0.76167486906261228
55.169819241334729	-0.58979542740423652	0.61347144759713479
54.889211385884494	0.18326368895398273	-1.1631314626921234
56.139493847088048	0.31947729305347294	-0.62082616908984611
55.909874655717779	-0.81126866280107257	-0.00066129104830162208
55.646781898419555	0.69442078329172374	-0.8054861379338375
54.885775502535076	-0.031941008561183086	-1.2927757494686209
56.519826936830462	0.36422088738959141	-0.62853817642385534
56.38576665735809	-0.78623773870347402	0.15241087088498115
54.703703121820823	0.25354618155449432	-1.3691011663080317
56.587250061908804	0.50671289813340525	0.51540065242386235
56.507175920960947	-0.10118699977418416	-0.73779329845031527
55.291519501361854	0.24156973281022004	-1.0701240925511224
55.14172285066698	-0.66096474554148665	0.45056108885050228
56.019025578278637	0.041943538454622196	0.66364952869567484
56.586623064491903	-0.73889089520794904	0.070895870160879393
55.847669171427235	-0.69028882265253655	0.33732552033437818
55.001649590764266	-0.62563639478365962	-0.36657647310463826
54.704932569760423	-0.35179717244363667	0.39472047877290722
55.912995311397246	-1.0389468780519671	0.24369430207094092
56.463889308052828	0.9299445602033507	0.49817576117877238
55.46072633172237	-0.019221481655346505	-0.98218836201917215
55.73433672525136	0.51012287725789685	0.81198714871575739
56.727986783975062	-0.21286464195648042	0.91467985865754275
55.351921671616196	0.26697383700676697	0.72688219568203927
54.894946832711717	0.42500005549626474	-0.26661151180146481
56.130533591729865	0.57383311228400924	-0.78132944027250695
55.599986197531443	-1.1896520040238412	-0.21590058815831942
56.104069603972036	0.69913439782358977	-0.6882120850734732
54.701454255265446	1.1957044304504734	0.47257480441721778
55.217449547456035	-0.49058258889578465	0.78897967375605638
55.815213347645198	-0.083769950753693492	-1.0218656210768218
54.751989397693464	1.2016160755151757	-0.37852155348223121
55.466656517253959	-0.43610883372736692	0.84993053951476871
55.592835643700028	0.38781085435907725	-1.2967389466669501
56.698635907374488	0.51962794926718003	0.53327562007085227
55.757833037339523	-0.27729201305063927	0.15926788504161393
55.484688442658893	-1.3607090562388704	-0.31287491786685701
56.214870631139704	0.25406491944163967	-0.32968457464574896
55.897062508045629	0.5756262317291343	0.42662050760376125
55.372805416237377	0.91099295574230843	0.16614212240312917
56.62676576369261	-0.56940591281278552	-0.74895019779622485
54.649553594953289	-1.063434331156238	-0.29382983175904914
55.201346925799356	0.57476134946886981	-0.3345650351311632
55.467642828297706	1.0807561915535682	-0.81873062974796185
54.979143380101341	0.52361765007663141	-0.38623505219542809
56.423889270993051	0.46008718041716262	-0.2997728498208686
55.582290853246938	0.40652806533594665	-0.32797887604644427
54.801646991789745	0.64912675879222037	-0.93811207131094576
55.874255971893092	-0.30756685111189125	-0.4226851218482589
55.952441877976206	1.1539279532949107	0.38117752288953166
55.415330110265963	1.3417186938181409	0.46860233586685335
55.064294463503892	-0.72614009682895331	-0.8239434199170349
56.532474076624709	0.28562859562533122	-0.61516250622313939
56.272354543069746	0.56880783410536973	-0.27182382019184914
56.690048223061559	-1.0574229446818191	-0.072912854435116206
55.076679919934577	0.39602584150218706	-0.37494919956387635
55.117257604764603	0.50508543336899592	-0.54132879161010206
56.058381966122091	0.1869193285235107	-0.56086267241889476
56.68029258662672	-0.62884704563426219	0.6109324628800078
54.904216241269154	-1.1299967719531361	-0.67096121228357386
55.972919354446752	0.068477526555823537	0.39096666091891702
56.507803886844115	-0.07750208400773978	-0.79306291686563612
55.469224342614098	0.51641009061162524	-0.25336910206686875
56.317400493252201	-0.88597195838429843	-0.43187293197980547
56.103270748756358	-0.85408244054940829	-0.48257622275614787
54.706842669105775	-0.31692463245718699	1.5310672199407511
56.59519792210245	0.5372916982189343	0.57405342056281172
54.973568868375096	0.19700633405736809	-0.93055308934957015
56.495185600509188	-1.552657440353435	0.73982129684380715
56.470285823556132	-0.43536800047824165	-0.99436717482860704
56.509811244920314	-0.087340715618376349	0.74787714505065739
55.742171132808231	0.53226153535652998	0.59651741169966965
56.005243326413677	-0.16684721810893999	0.63343984883132654
56.052873950535066	-0.1495144601627999	0.98053087478624656
55.44668358159943	1.1479992486332518	0.19116529444682348
56.768867175121002	-0.24403346524901243	1.0541374987835492
55.268627584412812	0.82397660590334798	-0.22099437631036295
55.622405740114196	-0.76408316413141186	0.44557714998670034
56.342958457656685	-0.38025863341966171	0.87953713367862962
55.837894534601006	-0.42654707727783076	-0.77786912267071573
54.789808882474432	1.0949974226587045	-0.58964858340030535
55.338635643460748	-0.11614809313480695	-0.88922318790411181
54.977125287658588	0.72922119614229153	0.35024110736576575
56.558781756478261	0.78136189298795677	-0.57471180567617408
54.749366754843663	0.15321141983374464	-0.4572135482700847
55.753424406848247	0.079731588868472245	0.86179981274819251
56.160950858349935	0.38987641780143673	-0.56522079529348468
54.948837542670631	-0.0015374870545139241	-0.40300791866082414
56.329511616403742	-0.92236015862199661	0.12173920285590187
55.041866197115148	0.82427770868478856	0.32220839641549931
56.310951317351666	0.519459615055617	-0.82221594776196438
55.588460759583249	-0.43515578979757091	1.1859991550450071
56.284106430140987	0.092307206917777468	0.87728917858465583
54.925048477905563	-0.68050416556328386	-0.8314902078229931
55.229742681522751	0.38988198866508811	-0.62456274095981557
55.263896167920464	-0.38302351973290383	-0.9941957022692357
55.05820472226182	0.52090325306581775	0.025464722764370729
56.24968907965664	-0.16862427328239682	0.79207847013206145
54.821693452407452	-0.58246097986043022	-0.3699374489190585
54.786131144342235	0.0060389030676483617	-0.6438897188410484
55.33989988734433	-0.59505110473243006	0.95632064033714348
55.013419805057715	0.1870700650093278	0.65774324080117719
55.650425856570074	0.76869112262092687	-0.042305488780271266
56.52957770668695	-0.31581142925374411	-0.76078422811697111
56.065097356176096	1.3084266104865911	1.2234095419017774
56.674162351413479	0.17642411959989587	-0.46944992343050373
55.012716556127756	0.3901134014559044	-0.38160785066235059
55.62826137504296	-0.71436978216787961	0.31378837055956327
54.730057372580944	-0.43408226721476667	-0.08186676967920023
55.553835599746577	-0.32120723069048362	0.2390465740391875
55.302807907713714	0.07582215828567708	-1.1534755159650079
56.047061660808545	-0.78735382722304836	-0.39492725385592037
55.162710819537232	1.2240895940445478	-0.20710720362510918
56.06891651757963	-0.62625218239591796	-0.47677042420989374
54.914075193174924	0.099943034286321508	-0.47648018897797267
56.582093360464597	-0.47592245174036224	-0.39723713184570253
55.970916223008935	0.40317696753347432	0.82568266549128189
54.948892109362859	-0.80706962597931775	-0.51057549088954979
56.537982601816125	0.38744514869531704	0.67759416567291453
55.88616570548885	0.36897728431828686	-0.69685809422771317
55.358131136764435	-0.67770833941593145	-0.86093008607791344
56.114453044371409	0.87730611827482041	-0.0094239098156933578
55.493265314373069	-1.0857408147473255	0.2796688203616679
55.389307979788533	-0.47377436422273711	0.30963250036659767
56.054401637508221	-0.68450176079255332	0.34962843449416081
55.142438106952788	1.0128395583203413	-0.002238705804563923
55.51424210929428	0.18976328489367972	1.5368096232163533
56.012632969999423	-0.58624222487551703	0.58784596209846196
56.144121828096551	-0.3049852637093195	0.78830658511007035
56.549782339209784	-0.97395015754646441	-0.2172326506869722
56.522176137445051	-0.76223299900819008	-0.047487188795371393
55.241686627673396	-0.35255878425123072	-0.55280609788320056
56.433789803655763	0.66501369269196242	0.53272534930210325
54.799392872557299	-0.62757976048196107	0.45963694121675802
56.190561670682619	-1.6070273864183562	0.61422496575434282
56.533085594770917	0.89003542253897772	-0.046049479292957309
56.224673922500429	0.64328669256779691	0.43489133743902547
55.375741034962985	-0.40778030005991239	0.85469593050483239
55.914886007799559	0.39340424150402897	0.94898406586917405
56.37450065185616	0.80318699488898693	0.55473775514689538
55.153082951338298	-0.67259859494669538	0.74109099954776736
56.328000406780383	0.036659320762170391	0.34259090707050999
55.044628397831865	0.69212860136898857	-0.0972223284922797
54.75808593151087	-0.58478297854399164	1.0341562866993292
55.622823505938861	-0.47575880383385755	-0.62319874945938414
55.805758635686821	0.83020606660624796	-0.57684772031768639
56.296108568230231	0.58558167868665334	-0.46945563681579461
55.339804911376646	0.97236564542188952	-0.47479325425833629
55.411520960087294	0.27381102307936084	-1.1887930867555547
55.500104463911832	1.3824502100360907	-0.047730369689716737
54.774177809000584	0.027060861765390614	0.6317060230458108
55.736359801740441	-1.4833043257836012	0.2174839383870748
55.499879846421372	0.88901044964688747	-0.66277631832716244
56.158637782548233	-0.16063127823072518	-1.0891583084582679
55.253087253421498	0.87901067491002549	0.36411729463133941
54.814627221368887	-0.004456059457020942	1.1522149437553229
56.23955382367209	-0.10590613554990111	0.56338344606953694
56.045729174222345	-0.95260241382554445	-0.29112201042563923
55.335629787755671	-0.69414394054076212	-0.1984794469703835
56.460899910470012	0.77618062894366535	-0.10453558104253996
56.002243765680099	-0.46582705438156918	0.98944493654675147
55.37620299797188	-1.1165173204840328	0.036227728709610982
55.117078876239823	-0.53847690352940436	0.41563908478779116
55.415429688285805	-0.27657510856770506	-0.45477507468629075
55.448548273758483	1.0659341069431387	0.24584904840152638
55.226810431300862	-0.85590875305365932	-0.72660034358044923
55.116941302330758	0.26361860695339567	-0.67119637769661877
56.421027468226605	0.10075875643534021	0.90270169469679018
55.220959748928905	-0.74721298686481885	-0.39811617986621423
56.197387316889952	0.72068766558418951	0.028082993460860479
56.275663448223426	0.014659184741980018	-1.0080926794515248
56.300531488704266	1.2105697667099478	0.4104480899622282
56.521595624539451	-0.97562297906183904	-0.29583018209617296
56.120326339472093	-0.65955568918663687	-0.40046946690703211
56.307105915462145	0.67788683128276939	-0.50921494802602252
56.216541405250815	0.80334226645700002	-0.017680082474701524
55.320460815482939	0.071491185531884729	-0.65680606354295534
55.708402589128482	0.35740969138199524	-1.1415502582506334
56.319791801145549	-0.56813965523387211	-0.55702277969527436
55.622568754397328	-0.79936973329222138	1.4852467242979781
56.478307631771379	-0.6604741293578541	-0.53618730753847432
55.184350466413179	-0.81992622817624827	0.41433778177669162
56.038288937029378	-0.55347477354129682	1.0523357242878644
55.429359082207093	-0.38156204615643308	-0.50047223625598725
55.995933131057853	-0.79645598205401524	-0.46633760504969524
56.232742401695731	0.95630899208621789	0.3737689273180847
54.811802666428768	0.54191975959146443	-0.089803938629271704
56.140566998634583	-0.053763762930262943	-0.45823602551192277
56.427355485866727	-0.20490993697280749	1.0666898543656307
56.247460972035206	0.24577135176617437	0.83284382967961024
54.703951592524632	-0.1163531142750928	-0.96211097434755843
55.901607133426793	-0.84785231743832645	0.15295480619876667
56.2401540459798	0.32700027376842622	-1.0123636308886408
54.85474190501219	0.59450633633872396	-0.66229551925958541
55.80533996645714	-0.12346426481553049	-0.62142115564210287
56.564111836418647	0.063090138954747937	-1.1508343629460445
55.770572705673835	0.76631159049506725	-0.14294513826160105
55.880835046968251	0.41284674117092729	0.68551709421025997
55.168537578397661	0.81121117418650501	-0.71263849228837151
55.663590484886363	-0.0038005074880282791	0.57791270556474073
55.169831001555892	0.4673408212132813	0.25375979274987076
54.762987342417553	1.2290263445964471	0.4745263946300069
55.81004330041592	-0.17685301863574132	-0.84905606576807835
55.058591710281078	-0.82032601133236305	0.26677896644784527
55.523890461119549	1.0795965293208747	-0.4924386401741761
54.547470384662304	0.51078315837061872	-0.26799374752973371
56.055163150971602	0.67550413385983521	-0.72297822715659865
55.023974723197867	0.85087617116542524	-0.8583814248784376
56.08882163739159	0.70833460015800498	0.17467122146821826
56.415588186031449	0.86585470567169753	-0.12236424782323531
56.56308183115754	-1.2438478455128483	0.48855382877747716
56.451991430761908	0.71725778392390438	-0.1013363422083617
55.785351160816752	-0.35249333246799386	-0.68115157827642547
55.773950028325082	-0.76451834110882366	-0.5612318766914608
56.137841838324746	-1.6545765371182457	-0.03130012027706959
55.260223417664498	0.20990409183164982	-0.93465504653157838
55.372306765054965	0.4198818242290655	-0.16311742676934729
55.861263580601786	-1.0417433445014157	-0.65149966200724352
55.089171428461732	1.0688113497679117	0.55687355341081535
54.900798154014844	-0.78751981839009011	-0.26116489769826701
55.77149954886081	-0.37164908278975289	0.64741374517453076
56.068237999100859	0.53555914556808348	0.49354307365370848
55.491323783980775	0.84532890290125162	0.11108017744366153
54.974082695521304	-0.1437735621837721	-0.61839243424159485
56.611502948524425	-0.62714930768175725	-0.48212781342150557
55.592788267703369	0.84458909071695354	-0.9224089956077629
55.468004940559481	0.45484602471828339	-0.37186415870596085
56.200468160570864	1.3993254837014706	-0.0098000299574950225
54.721878692631719	0.4050938884108084	-0.50230304817558236
55.138260639874403	0.52052254220521177	1.049072114800512
54.579389043266659	-0.41987470260663279	-0.57114921056756263
54.781553691662317	-0.07898526251229579	-0.93916233905399571
55.800361285070338	0.30324224167180247	-1.5522582077518972
55.198710063138371	0.46598248396468817	-0.68223555214046316
55.389565575502175	-0.40529385654999311	0.47408108026452628
55.978925315952452	-1.057024526221862	0.3836623733549378
56.734029349492289	0.20083836594456503	-1.0987524790830232
55.208313259822596	-0.77110717352460867	0.51243794690894806
55.048176341831528	0.55442215748288304	-0.91239986017734409
55.525153725334	0.090323545618980247	0.3846771898451975
56.460322064099159	0.86450758342351286	-0.54660972142561659
55.208146843528198	-0.89369059179418686	0.064208724963852062
55.323246651844869	-0.88081917006342192	0.22602298074910682
56.124201396655394	-0.86365091427451735	-0.32221415335275122
56.115272810757268	-0.32960019799936846	0.37693695073245359
55.402130987049091	0.72577356019944039	-0.19835525485007985
55.881104376594891	-0.12813356540151055	-1.0276729849989412
54.879587413089965	1.0683677115618739	0.67647755501310558
56.153270743634387	-0.42225225365046976	-0.38079235711108728
54.92666706333511	-0.55980139826931352	0.059068012858583312
54.791827499742631	0.6181706411244845	-0.34212979386750875
55.661322149941704	0.31702606270255596	0.24666327149315945
55.632823024885646	0.45097503843360548	0.60215679387597887
56.444282732913109	0.6424536152851863	-0.65954157013575265
56.570506590528673	1.0722572472735441	-0.49032128813288206
55.402026771668297	-1.0539670173877154	-0.40260105066672081
54.246043449032868	-4.4279618651090944	-0.7322951349271356
54.988749694449247	-1.2196145178053774	0.96375772475929722
54.758397570029452	-0.10646409999638125	1.1254107314069972
55.369105063837679	1.1324168090428017	0.04488960498441668
55.966790605360138	0.15642251266962193	0.96344651286496807
55.911956331955302	-1.01717542136801	-0.26441285336859205
54.66684512668661	0.057781301063668786	1.036352024983453
56.521133043432023	-0.16919587881669632	-0.74105260900879932
54.887063847454456	2.189774411309668	0.011053267504100914
55.913004325425142	-1.1277085120001529	0.22609315109324596
56.716348386593488	0.93163342087144752	-0.35993327101624339
56.407541967932204	-0.84787936156230947	0.30541876702723703
55.437426933572752	0.23460339495822577	1.0430517905852847
55.632526260143706	0.61057478929648934	0.55905688153503585
55.113309419149729	1.0032361285467775	0.2466615115281143
55.049155871568757	0.065112623765710087	-0.23357578503185597
55.344642334315473	0.40461397069533112	-0.62516289624968857
56.529674472733355	-0.59019563524831742	-0.29664081143435989
55.732825984894596	0.46513778995807159	0.63051109427803065
54.958653039139776	0.58087901884985027	0.0073852654307332748
56.489985151544936	0.13580941113876854	0.51757596680989992
56.474778150923868	0.5811955609042031	0.10399422141772015
56.374775773278742	-1.0499691597250875	-0.41815744689278367
55.290622728879775	-0.25003058392632882	-1.3140201816524246
55.20869146009386	-0.57338078855470043	-1.1145994488067545
55.299502915012852	0.086650706221224907	0.59317887567652128
55.449502160204688	0.44098259721581895	-0.59672177283157668
56.660485480118602	0.81245561787553899	0.0036424508328426397
56.018359175981352	-0.56397425285099145	0.89375846882264764
56.402957090725081	-0.6355780405246062	-0.64803030434161757
56.084972353937964	0.7191680323099513	-0.69479220715330159
55.670581005633565	0.49314113189182157	0.64030935506369346
55.661026716695531	-0.54693727791730484	0.50083069595394203
56.747842230788713	0.62089978935616341	0.72270841750752168
55.893819829179755	-0.047584052826130055	1.013577374489971
56.243157740890815	-0.34832746629282768	0.64153923328505758
55.15475565468244	0.40956096325552954	-0.91378905036800551
55.643966068772933	0.71995630646843922	0.37533808844137456
56.407776836798952	0.26296187021705347	0.91467577395414457
55.803291981105211	-0.83061454775281074	1.5048942738448019
56.596858524387663	0.42701917889904861	0.81220234626643895
54.968841310093048	0.67786415834677627	0.9954394324873076
55.765858122694098	-0.61415460256163312	0.31420126740378801
54.95852687206596	0.71828421639049123	0.77271185739211923
55.105896165557397	0.54702547819612457	0.7086644575193688
55.155961386209817	-0.13952504349599304	0.83324668518073841
56.498098966451536	0.56764081761489904	0.4713819865459411
55.573722157881257	0.092253017586609018	-0.8479563015530337
54.858389691133617	0.25653592677972759	0.76770157999966149
55.624949679291731	-0.50765007378876581	-1.2065530142247014
55.254857696374238	-0.47301775049075923	0.7053916186802206
55.156820912786955	-0.68053918811829017	0.97179066045993545
56.465932399550439	-0.14835106309026622	0.22211635491463741
56.487416732037552	-0.43680048199031757	0.2979544242654778
54.709491297201204	0.74507315556388576	-0.71517136414332727
56.419233054917477	-0.20210466367744412	0.68026117422411958
55.863619370224292	-0.62940562090757279	-1.1614188935051297
55.939241271809998	-0.39341603465975322	-0.24860797621172864
55.817642495302998	0.90491713829950871	0.1163292582498871
55.247635824568277	0.5844442953078014	0.57274505643229612
55.453451787149476	0.69022537978051957	0.32434928536958996
56.215812149437099	-0.48808388751975551	-0.35409167290906979
55.046126684742966	1.3740500122643988	0.96541202336890664
56.272803493396786	0.56645538056016331	0.24984902820851798
55.161563548500155	-1.0293347806082562	-0.075488459667565802
54.740749025749636	-1.1248810278716856	0.29916432209331451
56.240185891660317	-0.73166929956034177	-0.52638281494178329
55.000563459149149	-1.0779098404589167	0.65283337985816603
55.568259734362108	-0.27979179765721651	0.32956863534368441
56.029701299227561	1.6559032321323426	-1.686251674999925
56.45328393263415	-0.28625005071830628	0.96052088546518244
55.244541440362404	-0.11770333034983298	-1.3964016994716872
55.641640823233899	-0.13431843704791108	-0.36957433481930374
55.692330811453473	0.59814071455706863	0.48756726229059294
54.953099587077141	-0.5623391477933124	0.79298362891849383
56.38570004996339	0.6412282337620534	0.41211105296158629
56.08446574337836	-0.093009988298012394	0.28927011588257312
55.887034382124767	0.87778369105661325	0.85414523015995403
56.175384322142605	0.03073145873987819	0.88694508714072207
54.741795575371057	-0.87385898522090888	0.46708041336235046
55.814013888466334	-0.78290756964941133	3.0563048249994398
54.87860472686328	-0.72812250611438412	0.48246542319762326
55.569834778185516	-0.51628790671405811	-1.2515660758421794
56.00852513397659	-0.058652201005813677	-0.87085367589385021
55.516703061196779	-0.47194883764184714	-0.71775183149821464
56.03431222943987	0.1824298202439894	-0.6909716472777051
55.071635590050569	-0.82863433598597891	0.15884016397553341
56.679470437174786	-0.60581280081777911	-0.52089176149437644
54.814748210313617	-0.73449523088464053	-0.67843623722690671
56.499814321366067	-0.42824489083849432	0.88932399369475279
54.971884444084196	-0.3543276001670087	-0.79193691200778293
54.951104792952208	0.79252841544581099	-0.18653546260558224
55.144251785158211	0.76276179407872424	-0.12837784458493606
56.084286005308094	-0.86483675244901026	-0.84068661046110971
55.375414176891773	0.061155117680732313	-0.78126355947165516
56.438500364873015	0.62048506717292329	-0.6557579670346193
55.920631208018698	0.89599808249910762	-0.099901859725474426
54.830568836640339	0.46062216213878016	0.87505573777291468
54.887060129018003	0.39498311880796211	-0.082836953561606072
56.365785853710086	-0.24730808686529468	0.30081301731980414
55.89924038623559	-0.84831182006003802	0.037056697280857608
55.277865092300985	-0.89366062067909535	0.37389662437524784
54.830060897518969	0.65342865125528005	0.099086126165606622
55.715343394312704	0.57669512753222718	-0.25776723047201039
55.453208936403797	0.67714909450785532	0.067259065880193161
56.373399506876254	-0.77659883594488643	-0.38390787552254807
54.97932718153919	0.5141923454143732	0.57837901140840775
54.696579974876549	1.1473783235347061	-0.12778920726693702
55.740222616109953	-0.74691713522840009	0.1601710228463083
55.673408323524171	-0.69420058722401345	0.21347409594116151
55.411438716515136	0.52437600590562428	-0.95012510342883993
56.137129643106881	-1.6108626948129163	0.42203026097092677
56.475108990753888	-0.60221813712017391	-0.63053215015580599
54.773732737242042	0.83760290206152355	-0.56325886116539159
55.934443552749357	-0.7139005762086299	-0.60177129397184015
56.382534798270598	0.49177733179785771	0.36075411929821022
55.71604020520882	-0.0042230575607880953	-0.44674368847268003
55.893174387602244	0.69023315329012824	0.58833589342342696
54.802354103187731	0.23983172259971453	0.60141975709599127
56.382628282268662	0.19954274888831824	0.85286679656758302
56.571470310302843	-0.017855822018016509	0.87160757575040815
56.607167897141849	0.87905711396481578	-0.064840770693003355
55.333617803794716	-0.28627947465877401	0.12920719766007188
56.063590438165903	-0.61598117197524582	0.17506273122601046
55.255965983239747	-0.52604824716631771	0.91323542695018933
55.40767981441072	-0.47136935495206822	0.58598926884327696
56.121212713681992	-0.73938175147516383	0.34527801336921005
54.655926728649533	0.70227450618860854	-0.2230605727946359
55.154221919230487	0.26080410701869361	-1.0749224816650533
56.149232547440697	-0.92729681000817077	-0.40965965631285395
54.981167162419347	-0.56915074597494519	-0.93882656815810006
55.407881298463614	0.89827740148754598	-0.65659095682369994
55.024332456759019	0.3626368293165223	-0.8228631848867074
56.194559815236524	1.0363071175856	-0.20913098148140602
56.095334009547145	1.1025496862694997	-0.41880441284496128
55.328398229083938	0.75279086290217634	-0.29349152288987157
55.176887740972447	0.67914811036872025	-0.18060695860385834
54.610515169196844	0.32502785834822101	-0.95017720320669596
54.615971824916876	0.28879471319971622	-1.2467774241818224
55.013159673745108	-1.3279323923143018	0.68803545710152392
56.513941441778321	0.71757311302943072	-0.74913949484220022
56.391677630583693	-0.12377726596586272	-0.6800161556654144
55.470107679405949	-0.98400247578895017	0.19026775462566833
55.919461626146649	-1.3902314770647772	0.96344643388771622
55.907274294905143	0.75194571048659564	0.14205895697491136
56.488807049722475	0.76846693884704786	-0.20140633297874316
54.744078305976622	-0.69834353196762389	-0.1866330717378375
54.88751080586907	0.32228616089933382	1.3287449338471671
55.907088846882033	0.34395829331172229	0.75845531401643185
55.581689846959712	0.98922187586970767	0.1114432425097107
54.816269997885968	-0.72071257886116047	0.095238443770441661
56.43289577669988	0.013226896396232779	0.79406255795299496
56.0768776194043	-0.37800240319782097	0.57931406229214899
56.269144655983077	-0.48075086140254758	1.0423524616881985
56.376716280999013	-0.85756597381680999	0.019991795965545615
55.091565267714088	-0.64255746631651633	-0.65335611396564541
54.890432662345759	-0.41140487977240575	-0.67323034520453773
55.051281778968658	0.62993150228716543	0.91187513340493875
56.042546020741042	-1.2261130033830236	0.21720438810113241
56.283399290371896	-1.0910997109703169	-0.37245453491812042
54.774662341044944	-0.96938593739739976	0.17518990702485274
56.424463439318096	0.68882749594990189	-0.31952922550983753
55.896633662394422	-0.70129827229468389	1.2429843441936794
54.71707545687876	-1.0653090536456828	0.89668305980763574
55.85150040594263	0.80304171214607489	-0.78144079217064522
55.848848954198587	-0.78984339375678869	-0.30080608872538245
55.578143785204695	0.21958727026771013	0.59755038564610197
55.994768497876819	-0.59811526881532662	-0.68429947945739766
55.07927280462993	1.0674062284826835	-0.28386017790947277
54.93181457862282	0.014188083456904518	-0.65473290789148664
55.722396308020677	0.058149468627800148	0.97587032159642517
55.134583094551196	0.14408095740710761	-0.73383126207365268
56.362400791717789	-0.8678756228425174	-0.04678058833889652
56.075141151521457	-0.090175299520426813	-0.74382235943400199
55.851946902020615	-0.21891322563177212	1.0042899628762409
54.666313495458184	-0.82743375589552193	1.3044751270146684
56.492088370678182	1.0235162686613715	-1.1386805535320659
55.038749736788873	0.19860177464667508	-0.8187744820833045
54.941339721518268	-1.1394253640112058	-0.11514622590464309
55.775049631099236	-0.11003279856167528	1.1927971707176956
56.488175045674048	0.50018414228917629	0.33298142226853261
55.902331446579055	-0.23344600719464656	0.91570371806375839
56.338549750964454	0.019775542587719578	0.80201568349185537
55.040216065783682	0.30594545980573068	-1.2571856473423804
55.1453552311525	0.63390697075349978	-1.0616249622497766
55.001931898727015	0.86138748997299419	-0.70667437568834712
56.313337237292465	0.35824729659662546	0.98119130414122868
54.97443659229252	0.73378584995860163	0.62025361722540018
55.138046317678338	0.40155308189922811	0.15438692108589006
56.244006904539077	0.22180222071332914	-0.69606442188827933
55.506961358391855	0.49127974980455658	0.75353993945918485
55.971457283808014	0.15826529968699465	-0.68212145772636334
56.492213608968513	-0.65823329726235724	-0.85455435660929824
55.630429199762816	0.0054580946549725633	-0.62166987318750233
55.144809451047379	0.72878951142959825	0.41675634754081842
54.517024054629296	0.61174772990166804	0.74868175604706033
55.363613103045118	0.5295415608873163	0.35263937463958855
54.826559963277916	0.75499780125681215	-0.97362885348344719
55.707313100484612	0.83159966866835267	-0.39760141015645573
54.835779774368433	-0.46405862623098793	-0.723642309373842
55.021707550840418	-0.40288132018166983	1.5807353059760629
56.28816199519364	0.72281250738189107	0.27391476676352866
56.454974138908639	-0.63963321944171148	-0.07566851695695187
55.187458570767632	-0.88729732442748599	0.29311451307839592
55.764084023848284	-0.45530308639484246	-0.45523944449656595
55.600549656022785	-0.021095539454941983	0.82034398739733383
54.714395285586164	-1.504258083208422	-0.67258381997132499
56.36385755461837	-0.51753168910044967	-0.44088797703653843
55.385286418487439	-0.10751396771053445	-0.45518381832340443
55.30183538915923	0.76672583856717957	0.029274848564589222
56.131596105387565	0.23478938510094674	-1.3435071514472234
54.954303290859173	-0.77180146613957334	0.29855480854209793
55.822113884070284	0.94260010639231806	-0.28672456151021175
56.268999737080918	-1.1717687275691946	-0.84414901712264334
55.512793401725759	0.80977042563502299	-0.84997121149856392
55.070892830528898	0.018451436441831635	-0.18559534839069769
56.401696155204199	0.23895505711379791	-0.65401144308928583
54.907127104913251	1.0122753520294074	1.3344990692740681
55.503461668260734	1.1692434770457547	-0.95696874125752407
54.974128970725367	0.71105015336769539	-0.81380950940871655
56.497869481128667	0.75297097429520121	0.01071198527470855
56.692507467614625	-0.85435216966648098	0.66562602759996137
55.567341707551705	0.69665777956302655	0.66915740827680581
55.601577633950725	-1.2087152706261408	-0.54307566130718765
55.083080354238938	-0.6547841688882462	-0.89350329674840734
56.275657527217405	0.077060025965814821	0.68188197819438079
55.192784779519812	-0.070018308495830628	0.9484307916428929
55.539809110422851	-0.53576910771403374	0.46784362063153573
55.08347711554854	1.0221915961347234	-0.016721140635300724
55.537922013742232	0.64994391031760901	0.96239185982104269
55.87039095257618	-0.31440909318062188	-0.63642901805553542
56.354502056536063	-0.89024580796558084	0.38604884669882117
54.681213938245108	0.54043590126687813	-0.52624405825869169
54.814498575936575	-0.70093105632804087	-0.81950945700234057
56.16243952035407	-0.65792448726790653	-0.60337874622224774
55.697890001046822	0.24272740585285088	-1.066013645569069
56.425976696805272	-0.36674731153133039	0.95839403127169143
56.330991930662442	0.049567029992099769	-0.55141316015437647
56.244524497820414	-0.68983885367037678	0.71442615576787261
55.917344524782408	-0.84328235596010348	-0.24254064800093236
56.310625949327608	-0.49704656651560114	0.44183562818371774
56.462264665047236	0.21867293281042771	0.7792274433869848
55.376843198653162	-0.84999437310975245	-0.45192691636400956
56.010592238812144	1.0456070220144766	0.036907202189430416
40.173562392929121	-3.7058924206973436	8.4561665310462022
56.306681571412618	-0.42616539652310176	-0.68840680784468389
56.544609947300728	0.5058793976090058	0.63156224807546935
55.474944559058706	0.54876302460648729	0.081580550505270216
55.024126386049346	0.39950944091005386	-0.36318652413247793
55.670677830907856	-0.31657196849689428	-0.69643564613931896
54.993381763867134	-1.1027454306545761	-0.39395465560257309
54.855023987076365	0.67732647944058211	-0.22804059758140097
55.127320300351897	-1.1131779363004788	-0.63166351984600388
55.298210913127782	-0.39010298539813415	-0.34761713717839166
56.610814830408387	-0.14330280032964754	-0.88171218860158829
56.359009695250727	0.79832635061643498	0.094264256127864168
55.281089324692864	0.77649373892116891	-0.4485545639879634
56.334570886853271	0.36235365447612727	-1.0280104918608521
56.313018062110721	-0.48356133501202436	0.84061537038687595
55.946712064067178	0.1771179503327657	-0.81523991922751826
54.838504743160115	1.0922466005669096	-0.021406175636001036
55.391136990534527	0.64791706616892786	-0.5796641556403801
55.236025295358999	0.30520537290906646	0.54112841211441698
56.665544265457569	-0.69937396257055529	0.51471487501427426
55.687114840364927	1.0874128462111721	0.12849630192132525
56.307664901596212	-0.19023063690756287	0.48631501594187815
55.706531196624979	0.12160272715757231	-0.33188571574227188
54.793020649487815	0.55172977551972513	-0.58901441884480454
54.986682987341339	-0.034762339304589794	0.7887720188670938
54.683979802751644	0.18948135226045756	0.41503098005890476
55.254445758286742	0.53489944626814534	0.25276634780338925
56.014652091467731	0.32387023689993383	-0.75768378115487522
55.857134553594499	-0.15634076148754072	0.886144819730879
56.41583176870072	0.88293160167304674	0.041187800311826318
54.781242195244701	-0.33046438671013362	-0.18197263929164223
55.16129589608947	-0.32618440534057769	-0.67805263982631359
54.861928388363346	0.41398689506379843	0.042848664503804167
54.825017498073542	0.80515874262016895	0.085672915275641359
54.76354571257729	0.64188803869389399	-0.2756994933877509
55.894475021124016	-0.66905971905732065	-0.31565756273139289
55.071487086129963	0.35029780985539555	0.4346441128310618
56.266433108086183	0.82782804707542135	-0.7640729708941254
55.528909362754995	0.53053863540002888	-0.062597110939807868
55.851942957597998	1.0376792228623988	0.23988016400514897
54.877102254028671	1.0117104151503717	-0.86236296093064524
56.085330312507075	-0.15313610680090936	-0.52873482636169611
55.781868758041057	-0.24847822278403295	-0.59144588479438243
55.128871046521624	-0.10845403967005648	-0.98889984554062482
55.875076626766763	0.27253121574886591	-0.69806176072333581
55.292015135205617	0.50378144231795952	-0.47867433313934948
56.197362263540988	-0.077139487636926213	-0.73581875245150785
55.797161566751342	-0.15642848332487971	0.80131379941622682
56.471049461391701	0.88239720004166766	0.21370717530388994
56.210925857150791	-0.48258117359923308	1.2678579475558966
56.342262020536452	0.62476835247403861	0.56190961793354743
55.862924005165794	-0.59557947404302825	-0.52737878352817291
55.624254447231046	0.73139915621848284	-0.50348301355724812
56.446531829279749	0.41102410968612335	-1.2125241232079551
55.648776561745663	-0.61705025393093949	-0.33532191225913749
56.036391652073476	-0.46000380602409358	0.15455294576188694
55.646145317752456	-0.31350814078567124	0.2891605907649637
55.211030243918657	-0.65602389265599759	1.1575694422085747
55.599992870766307	0.13371852218071398	1.4302155890220634
55.366796115097891	0.41998188410921089	-0.5382739144191615
55.332288403688416	0.016674344810510933	-0.68368214402525929
55.805220790301178	-0.84846610693195024	0.26729423584138445
55.950090787760516	1.9641847354955206	0.13287876133375423
56.19695370214707	-0.99399983605750997	-0.90813354793838919
55.512193767838781	0.33093193931283033	0.44366805188615832
56.16890761059576	0.15373397420633997	-0.85745172634912559
56.378785906532066	0.71782041100917582	0.046361225298390069
55.505831039893735	-0.75693344264728124	-0.96217497328483403
55.619240904758293	0.025224644276270615	1.0798028531646939
56.017722134531091	-0.76144837341238147	1.0160183032359182
56.449539392145653	0.5922254304848531	0.29770509761957903
54.686792196388083	-1.2023713018442959	0.24627956971429821
54.811686292735189	-1.0944244088462691	-0.21995745805135747
55.661137205337809	-0.40967764731339934	-0.50264583302503807
54.936542937974309	-0.13818480395850985	0.68935128067019913
55.030815918670093	0.46675528137115718	-0.65827365799329207
54.967896630972774	0.83105670541743537	0.71306190662510549
55.177035492699616	0.11620023288127075	0.969134405217285
54.709211193183954	-0.44932958336235446	2.854550182849156
55.671026077125987	-0.80902742865881672	0.1243066491894685
55.931600378486671	-0.80362360210406381	-0.20023235939128881
56.30153005279238	0.18532814690766217	0.63903090162250398
55.810141426179257	0.36535811833561571	0.48664972086367231
56.521672521797974	-0.88466331684856148	-0.56854445624814387
55.145174294936723	-0.75880173933572659	-0.85040865420486622
55.463779661450161	0.99462398285003761	-0.21679573543702427
55.053197032875239	0.84864393769600077	0.5240246531949484
55.91186980065779	0.6858170478799388	-0.16009102458977295
55.038409483115281	-0.55508706453557266	-1.107105616609555
54.659582300370793	-0.65136312527792695	0.70262004803949629
54.970268325530654	-0.80453434984788019	0.56276070516324805
55.494324714410418	0.45261483300157473	-0.80311720992183289
56.358974958749613	0.86440877258863913	0.93851107219445895
55.930369246154264	-1.1329139411748943	0.17780819439118359
54.797866564846593	-0.012261192470765656	-0.24635134051101715
55.698393882565796	-0.60719562645261438	0.58578825611282015
55.801004829292062	0.12341288415029995	0.75279853627660986
55.648497259620029	1.475580852867227	0.20891047704474044
56.591334761955707	-0.052615613402318094	0.66377461631349544
56.179059712813235	0.58140960601098712	-0.55794485776242408
55.170231588384198	-0.58418920807198638	0.79165066216514213
55.42173763397566	0.95575462724376226	0.65025001629449619
56.610618758542628	0.43883836051732	0.50284356595097013
55.265956925313894	0.044375088419707248	-1.1114467009143452
55.683765401842741	0.75796332709677294	0.24678859149724866
56.227704018210012	-0.082006815799428007	0.12471881725593595
55.877664147174784	-0.85388693257650494	0.36622406884933856
55.933142630129645	-1.043677357821035	0.23216554408190151
55.094492443999151	0.50494749933038585	0.6305240104645814
54.871653343166557	0.18369476513630933	-0.94402897948113451
56.350708689358015	-0.5091067550569891	0.64099154562355953
55.76642792428251	0.45833229467015152	-1.0650520143893196
55.124110741175343	0.31262944496525691	-0.62718255571050729
56.084981567333656	0.96900830313658015	-0.19341483675488635
54.852538659572559	-0.16968293570276644	-0.83134195406089262
56.156189286699103	0.95063353812874529	0.41671005290773788
55.329343552944728	1.0236815084950903	0.35599287243365774
55.564738838459725	-0.25968617400417854	-0.09609458685245581
55.068255899454769	-0.2916479876043484	0.63990779047346857
55.997718504448116	-0.69168885395812174	-0.72911015527544276
55.81415070274079	-0.58718534566017699	-0.097602906794902855
56.126603267562068	-0.25490130054951038	-0.93912462898971205
55.064096638297571	0.93306908505706554	-0.49766911699493188
55.235845013719562	0.66469165226417726	0.75777738322746324
54.88009208816127	0.054953471087723818	-0.99144332087910791
55.242625536914737	0.57044236336662923	0.094828886444902866
56.535659777234414	0.14843521283516009	-0.85595590355984774
56.448536970351064	-0.37813687105113475	-0.47006323279706108
55.965841996164542	0.99180582236061188	-0.31076258108434007
55.734090539927287	1.2148803216654598	0.42297039257812513
55.933091465293913	0.45742990726101546	-0.75532624420279881
55.932835444152701	-0.56529089309626568	-0.40401736062149274
55.875915746107331	0.62813470941694249	-0.21829226703791638
56.515921977051313	1.2493619432659013	-0.30875842215094146
55.623971294833559	0.4770125734031142	-0.74060848784469135
56.221627159470565	0.25184458322979292	0.31432287122628477
54.665329471698527	-0.47303461661246388	0.73600184427725335
56.741094213221039	-0.15565394537599142	-0.77909736625733594
54.668212017261801	-0.11192977419480636	-0.67939592854717568
55.739377160070234	0.54417479238073718	-0.69691828190334071
56.135040069471231	-0.70902124501840957	0.83878999148743083
54.823988222047682	-0.41379816560948823	-0.63706531532614108
54.846839450003891	0.12106223512195602	-1.2898418090612005
55.327584117846413	0.61832244959665417	-0.90601368863548382
56.567888619907762	0.94379024840918524	0.57561788282391757
55.288488358675131	0.85836904749341814	0.016266337771899331
55.234294551964638	0.0014719432005583814	-1.2518812016519378
55.880605450650201	-0.68178215209278259	1.9099996312925598
55.302756839254151	-0.30232090705567366	-0.59584158708294344
55.045074146989961	0.61412323445529671	0.17092495606474783
56.5878083529023	0.83187396634478561	0.65847775486981164
56.619354287322906	0.48150106280980165	-0.87668858364621705
55.92741236944876	-0.69440351494362229	-0.36894536234546971
56.499056577948323	0.72489701147860919	0.35722143077424068
56.105999080612747	-0.31430507049975243	-0.58364152263913227
55.152234201586509	0.73428569732228299	0.23757824967088051
55.612495399975352	0.19535874466542	-0.060991094860483729
55.726331481842415	0.55496397968955424	-0.93683976869662022
55.901918833194266	0.19255341195690087	-1.101975661360328
56.61075393965961	-0.13941981859342953	1.031308100782659
55.059554746291745	0.31799898771056406	-1.1542717032441929
55.137001718275286	0.72406778816015416	0.10589776096797038
55.650327860497754	-0.18143481355510391	0.93731279429084069
56.606674845785847	-1.0197880931025438	-0.83669052200494654
56.595483255178308	0.66377583605178236	-0.23275743724864795
54.933967630567011	-0.19803495891321515	-0.83798342560462369
56.427799218318121	0.41440952852361745	-0.59257382243990508
55.063976918950061	-0.85727452191807541	-0.46370337265187073
55.774402261462804	-1.0554847894147641	0.12397438875345013
55.250815465632257	-0.88519934513532827	0.7287013213098622
54.924779748535222	-0.66378905041103498	0.74857879101083213
56.000000475067509	-0.81723012492223757	1.1376971297135861
55.069325408428021	0.26472959607573993	-0.5923229075846822
55.822922725824334	0.1978071399599042	0.6238189920698255
55.724937774587708	0.876894106807523	0.38906341315742626
55.313594100311725	0.73316439379485066	-0.043095415208360223
55.119507619724921	-1.1773355936580274	-0.14258482552294158
55.307142394389217	0.53287564424892064	0.26183005860686737
55.891436289813392	0.3929876582110996	-1.0430581713132332
56.542694788816647	-0.14046768698895876	-0.93984075650652887
55.804381462744296	-0.87781651106097047	0.1927043518052855
55.538252612741523	-0.14396317609473186	-0.60565007247673652
55.315950265964176	0.070152852411316247	-0.91748415051428467
56.20866718482857	-0.395041414357438	-0.28403121372894968
54.926441930580623	-0.6177788948783649	0.57492240041204246
56.138603601002345	0.86806367945553875	-0.41882318909856353
55.856656299821736	-0.86474211787749566	-0.46574943736475155
56.087677165528525	0.86022206475332408	0.80491971138154483
55.486817421730521	-0.19561334818530693	0.72631030676232633
55.051355986386802	0.48987509658609596	0.64218445045759665
56.07868090871137	-0.22539707673313647	-0.93944422450531606
56.42488061466269	-0.20909405273937426	1.0071629329611584
54.717121355649297	0.94214483266657356	0.023363879736700267
54.788727906046496	-0.46249755276610188	0.39564354984532696
55.719291142065636	-0.84687242316174016	0.22326140111249046
55.693437069706285	0.0067636492521434364	0.63032425648297963
56.430018311476758	1.3663654618398717	-1.1222940026434114
55.568369823382625	1.0190054901296832	-0.40720019466806401
55.019529460216027	-0.55537744764764063	0.03239582298110566
55.585074863847346	0.98192140686242269	0.037193656814298093
56.003335915674121	0.86365066464414986	0.067526591607714279
55.080938641161978	-0.29653808906331003	-0.56604213794946989
55.899614110902284	0.2129141061570006	0.45955486461758455
56.372600147433793	-0.254960300325001	-0.95128378175340111
55.514871662011366	-0.5555596533975129	-0.15044125937678407
55.346637729381492	-0.35104772006360313	0.64419939915957447
56.033252853479134	1.0655745775440491	0.63922437283126388
55.613062519264702	-0.31699954848994555	0.19104189372759184
54.929945357539054	1.9213258965146391	-0.41590881731822121
56.355943733380279	-0.85273514523658223	-0.58196966421520624
55.294043522416914	0.13775213428861541	-0.81788455069238419
56.19622008610456	-0.30457850826006494	-0.56373885774912935
55.50387031015012	-0.99756006325476343	0.57785696972053247
56.335275587116968	0.57923539957306613	0.1543626142587885
55.547888487241742	0.4531126216335124	1.1493541213780822
55.561979722543647	0.313867667995474	0.43663570426282394
55.7327589455736	0.5885045694080272	-1.2200638597529261
55.07786864205918	0.50209040119843051	-1.2736199420054433
56.027612280771578	0.60758886968439252	-0.97860044258337298
56.054881992756208	-0.67942069275601813	0.19053517739360792
54.982232951067289	0.77258411692248197	0.40167301078060164
54.984005227125643	0.57155883342953595	0.39409409306681964
56.542002234604645	0.72064985315983088	0.8180731081540118
55.072085401359033	1.1167610694419425	-0.70692853771256225
55.939207706081937	1.0047856504549439	0.36189528134836263
54.778361478053739	-0.64480626406011132	0.48020686146933789
54.642870362536819	0.87964030951815952	0.15695510632639648
56.487672002917606	-1.5185040403574224	0.16715066821595967
56.642687928359308	0.33556050171227714	0.68761471605125357
55.170290663271025	-1.2522216952940461	0.21331277045534031
56.583291295248863	0.78848888528074612	-0.50033252180348764
54.818256040209448	1.0512006981477451	1.1979086601635813
55.862101801224611	1.093564835082893	0.40231277753077349
56.402896719833223	-0.43621313632458636	0.71963782453628999
56.144308229267629	-0.31128113397518664	-0.73419965323408609
56.43594226562066	-0.72842989117918588	0.35517797028486037
55.487050402716946	0.86789825004494581	0.85431630983795481
55.72971091167193	0.91368581880498612	-0.0690719536315723
55.602413897138071	0.32423607418462169	1.0075869394407608
55.118801350951799	-0.46811325021060196	0.73914163071826067
56.165042386600625	-0.58471620945930902	-0.82817640057166686
55.765898912940578	-0.50813260727077236	-0.12380403281670585
54.860328181428727	0.41535892447535133	-0.71832237846615266
55.537684814283068	-0.37188561709590079	-1.1455858972958732
55.866933020913685	-0.28773161824178489	1.231108027619878
55.747383723615172	0.80795178483469277	0.68477766725950695
56.538869665676749	0.93754372514585793	1.3500129624448109
55.439493903571574	-0.14464005859436049	-0.96616350391555783
56.410294607026351	0.36713183184121417	-0.61407973763052781
55.038766488851891	0.33807853407168059	-0.48379073787906057
56.349253556597361	0.75975315048255487	0.38935423511298056
56.238298682050583	0.42999184233260013	-0.8527676879030166
54.794696262285612	-1.18994511052903	-0.23624452318092812
55.457039229739877	0.32389250108437467	1.0549623150474898
55.062364071033933	-0.55835969101460758	-0.85159491631667206
55.161360078856113	0.72490016547114999	-0.057113273881519593
56.491854560572747	0.45764943982613948	-1.0040727413733772
55.374890187893563	0.37553588543728433	0.70804788951191933
55.606099835833355	-0.10388734105213432	0.777211581551838
44.805155961621502	3.9420130647085667	-7.4396877811564757
56.509879209187979	-1.104936202053131	-0.20883953890114998
55.417073399645744	0.29628814726761199	0.94616591365027924
56.527434510066712	0.084870654473156795	0.64470708016365996
55.445329153688157	0.59800019507553592	-0.43486437582851772
55.549406008206745	-0.27284746052877357	0.27110432254986688
56.495583071436087	0.31674326552077081	-0.37574333628577961
54.849073579597082	-0.70804257212987431	0.27417206401818278
55.231324885305611	-0.37282050979769726	-0.1492160202491373
56.61283412618328	1.0303347835327847	-0.46210377545894188
55.707788407544271	-0.42438954971364334	0.29160289874545192
55.91816236127292	0.67991336611991049	-0.80593223862075558
56.410842977700113	0.47397536491242714	0.75956006386178299
55.60682053642595	0.61278888625141814	0.65396959468142823
55.326613158263484	-0.43702870534617932	-0.24625707397788976
55.378902665548075	-0.94665111936891455	-0.87577850281618153
56.090140253647007	0.14001418589989692	0.84646022005765054
56.532627015396784	1.2113756623882816	0.097548043867671963
54.893274510108839	0.45674523847400877	-0.42980815780721149
55.829009682322784	0.97783494796976067	-1.9470586634270393
55.529144000741567	-0.071331765243362488	0.87488334967779846
55.869193436050907	-0.29287688121841732	0.76910296743733186
55.909742718015956	-0.43541227212869676	0.60207898500135426
55.444080458038691	0.61310401771070167	0.92987843197819087
55.747175636160378	0.22022331001837522	1.0733749839591846
56.435799135261433	-0.35146783477046334	0.28276911165894431
56.593360048452993	-0.04765923978046141	-0.68528340809527033
56.027438742362875	0.71450977836850493	0.59169423698605783
54.932709987383781	-0.16858761120031737	0.90586381953068884
56.691382797542886	-0.6595463583656288	-0.5023311472826838
55.001176121183498	-0.64319948674017513	1.4227149835849633
55.906191301394209	2.6300296884016943	-1.0364375009149223
55.878195946585414	1.072404550704384	-0.096747710363213668
55.458066965744386	0.69843562566815931	-0.5429758609289308
55.482115659546253	-0.13308729097365191	-0.56684732407188476
56.718465204169441	-0.65472667520672834	-1.4430171398513514
56.600833029167482	0.41041614687187888	1.1012177317360667
55.246388351000732	0.41269340773763441	-0.55812291666378477
55.733467769344649	-0.67119054143048007	0.0022476668242173378
56.094397974489866	0.59252987663099133	-0.078945020286119771
55.539064033312314	0.8872641255144138	-0.21532630636337075
55.10434381942536	0.52785333171718152	0.051908621589598768
35.643347124148242	-9.1750024404450237	0.39737107677049893
55.039543777637	-0.23532930104451807	-0.51966889285387252
56.386087511162145	0.61504270730948973	-0.88760326877728501
55.590173479284729	-0.68741049369036478	0.56539151635593843
56.573866162162467	0.0046823408095943708	0.78300014000136331
55.175292773789678	0.96342005020128396	0.626156439963658
56.263221192255997	-1.3125187493432051	0.21333113003447096
55.93941680189711	-0.37718782740263274	-1.019912431203372
55.176191189835905	0.08169317630289398	0.83985189355162582
55.032233095627483	0.81271771127537984	0.44761272909320171
56.638638146412369	-1.0313587565939595	0.42832022249294427
56.269259748286132	0.8689950188558615	-0.7817782582045546
56.041026112969028	0.7944370186993005	0.47365330868910221
55.924227071302397	0.32773800979513346	0.6640616292609538
55.871103727773466	0.58109851699872939	-0.68654611225376583
56.089209872917046	-0.83802907099710233	0.14068160355829704
56.501044083120924	-0.74616520440238299	0.6490674628572598
56.299048603039601	1.0789128408511319	0.31223982903526215
54.561745936822341	-0.99547065691239767	0.72665211853505873
56.38836440782071	-0.90723505611582522	0.83601342753535279
56.007174432727957	0.40705113742234361	0.61256000986522563
55.879395519562955	-0.44002509750339397	-0.89724831314568354
55.647628230407605	-0.54490227275728986	-0.31578314357294385
55.453598449164978	-0.50044998854212985	-1.0408928318975148
31.957555255659969	-8.3317493204529889	-0.29420629062627751
55.224862813487128	0.28098858841280672	-0.68875040106061758
54.772904298963297	-0.30104671752287393	0.90086723047179817
56.438386080542834	-0.55616068687734155	-0.072758563318935904
55.996248435351362	0.14924511168820787	-1.0405171352079097
56.638445745738764	0.54304197426458567	-0.58559604571960822
56.533892594592601	0.91206535584657555	0.82154208204024992
55.35703649342549	0.4556788033912596	-0.95985520836158056
55.193983940386111	0.10719357658574263	0.65120212021417778
55.090620955759235	0.063288976126089774	-0.56643042384596465
55.130242041679551	0.14882067690778067	0.683515844007337
56.215557520767447	0.69321243810419775	0.18300699245918342
54.737284660053717	0.5251696492422625	0.98479393366632473
54.664047457216682	0.50139574956547939	-0.17242371321950981
54.668695299380779	-0.7965715194874593	0.58467307874885743
55.689158874162914	-0.6919214442811793	-0.7627005997053159
56.282598805819596	0.37455995020742056	1.0147321580084849
55.270647452534099	0.95034396911041996	0.35149015594170152
54.978426828554312	0.73750756108232618	-0.42785863450373823
54.633051673392792	-0.30271294618647659	1.4057606111298524
55.966395298181027	0.69775151611123953	0.67913828166083767
55.731503725854154	-0.83459493917498262	-0.19829479729827498
56.590695863916352	0.96743269146629884	0.58157706954327837
56.013038734359753	-0.57499849052445828	-1.0721556968043764
55.588851985901599	-0.13411669536049531	-1.0529607255857616
55.195620057187654	0.77322608600554055	1.3226035971749694
56.230190854571184	0.9893642395474439	0.039840523393951541
56.585474507828494	0.3694902005854751	-0.60691355874419539
56.321635880408266	-0.33457320727462891	-0.58664358776085068
55.334307947962856	-0.54497438628434125	0.60574513014782705
55.28323001893154	0.27336414978840134	-0.8791451313224995
55.277677964999526	0.51467599057713653	-0.75929734523789028
54.821962577570687	-0.70711410462187096	0.50056640127921825
56.159005461769091	-0.25726980474007244	1.060465123884589
54.894660726598772	0.20991544625205716	-0.87920319140520053
55.961832155642448	-0.59011080119015413	0.35622001796299874
55.759547858742003	1.2678503442861206	-0.35743430813725818
55.258195952431215	-0.81283418589557699	-0.41669748507440435
56.524796025277254	-0.1287720057462165	0.87009695536883092
55.241363105715202	0.79687962004567525	0.43943171670767373
55.493422396609176	-0.16974300274221577	0.96493883293701288
54.787191353058454	-0.57800297255376609	0.56292799617899969
55.10326264128598	0.020446413105581235	0.95766784278269967
54.720769341198739	0.25011083054489636	0.88304728609655514
55.696862632513337	-1.3392533253374621	0.50199319201589798
55.200024569275492	0.51443761040421643	0.40819023458528564
56.096981956725514	0.55619404036875253	-0.32857838357278818
56.432077486993172	0.76441733412806279	0.49501628500344153
55.936239017494032	0.16495583094908611	1.1810464604383801
56.244469116150476	0.17725863960402385	0.81435251161298305
54.967538161925816	1.2205065985144672	-0.69141935987274239
55.667602670199635	-0.11231172634719043	0.56627098378319296
55.486659374166685	-0.36860739466533071	0.35541314107851846
55.988629822442661	-0.19283480618160204	1.2276123884330978
56.086123432024621	0.050506123042745002	1.61357034213728
56.107536408071539	-0.040992048745629638	-1.0536977120652435
54.804366292817392	0.23222142525807735	1.24124943744344
54.96499443810206	0.22473341845298797	-0.84259409003972119
55.551668259659621	0.45729290143317808	-1.0955273834809809
55.236573668577826	1.0718493383083139	0.026841137698187863
54.82201233016108	-0.43974999383674696	-0.61590985562614031
55.998817778156642	0.26444180038057646	-0.67659989059166348
55.358357820749028	0.23403352851095532	-0.35820512145610289
56.257053466368667	-0.91477486840367683	-0.71235364220700326
54.984431285159545	-0.10189463063845938	-0.86339427746387576
56.750713766530559	-1.0611788172288645	0.13812477294667191
54.972789085227632	-0.7242573713838274	-0.60227233751124343
55.813447458339276	0.24928445938501903	0.5459096129403852
55.939380743544334	0.97317288080580577	-0.1249260865998454
54.722192708952662	-1.5565878770333021	-0.23354683754393121
56.206083312034906	0.64214150518619983	-0.74153190980380546
56.530789997315694	0.52527994686415247	0.98923016708167399
55.639624606028619	0.34069077766004113	-0.84854982477554219
55.275474817339486	1.1305854439211112	-0.14331655786456524
56.337417142021195	0.52418502609725082	-0.26678994660089539
56.539975871763509	-0.81680635047450834	0.10046262054754448
55.029381449151401	0.11024592337165573	0.93368975153582079
55.642985355516124	0.63816880034196655	0.39090602266324426
54.692481572604393	-0.39398487638597085	0.15957197080885208
54.813332512411748	0.38381099314828354	-0.88287538772810148
56.612644084211198	-0.56927763275916465	-0.61879758823398334
55.33739311469423	-0.63812111002935412	-0.03762919034923301
56.401990372907335	-0.37425392527733864	0.75249758104806874
55.584912070108736	-0.86617649793610629	-0.55955694494241348
56.496671345004664	0.02240305386855292	0.90799768076947385
56.209149953955169	0.46752403283216437	0.70612980027346772
55.2600502934541	0.91306203831763932	0.60497696288372838
55.579496448034647	0.017819976184410266	0.5912509240410373
55.942383661924438	-0.5600845009129013	0.20949942177642664
56.066625008598521	-0.88871842965519965	-0.42196738270310996
56.671832767816475	0.51895090972156965	-0.73697024253277854
56.161728454054803	0.86246031367806486	-0.36574519531072064
55.872186588558577	-0.51398798075779784	-0.5715707843005482
56.511522431282586	0.54686257053318488	-0.81937342985554529
56.713548301711974	0.90947388100237025	-0.1848455032522188
56.131378356183667	-0.029848872925492025	1.2299794474416013
55.240697893085908	-1.0108728780763108	-0.020667242852453947
55.326276599258705	-0.57870140613657517	0.87063231782240535
56.631512227564613	0.67711474545333272	0.053472427197625287
55.354879832503777	-0.70503743026240007	-0.20686505235435332
56.583477407732829	-0.76625051617993034	0.53361396607012868
55.296148054024691	-0.42381807396489452	-0.086859775219499405
55.435954314106382	-0.095069663975021007	1.4231459388679994
55.224077320091261	-0.40318477894242005	-0.98837429983876479
54.940377764811615	0.29009306513350996	-1.0241002733909086
56.40018555057511	0.5017126529386805	0.4964391898657976
54.93931252450637	0.48568423696121471	-0.94874976848002202
55.828028913123958	0.62389568097402837	0.50335455784097882
54.869784168188552	-0.66315246954981655	-0.92362269448414991
55.667675532586465	-0.59024709550910248	0.066483026185265207
55.585342113826599	0.26975973992752184	0.85048205758906747
54.815103595187722	0.2953260839373959	-0.040923901570406304
55.899807054851529	1.1370245948986808	-0.88165161573633466
56.167054924056799	0.8530014932657598	-0.5133523099823587
54.708272193764827	-0.6494542442706196	-0.83847644015358946
56.225495802769579	0.08699257237306561	-0.89225466297487466
55.104084109906196	-0.82057234949612234	0.91120441123042872
54.825070201427827	0.2028717456076532	0.56189238271647401
56.500084139163278	0.6438948232302224	-0.77197800853264664
55.907182775010888	-1.0285140541638704	1.2662220227994101
56.106828991731867	-0.70724906156778911	-0.2263508605189567
56.590720325878557	0.10985235530933316	-0.7464431498159716
55.41585729145136	0.62002420823019233	0.70828206438183738
54.803575684187422	-1.4695999423616823	0.45583216330998694
37.600379390378031	7.0398650654197921	5.627694396889396
55.700622714203725	-1.0378535707522936	0.16970172973116979
55.813917294494523	-0.71757904710002762	0.49114433807958002
54.839424010352261	0.97299651291179978	1.8724881139340706
55.547158234688844	0.11045498541754903	-0.70487322659997875
55.938374562878501	-0.69548629018373298	0.14740782912982289
55.776917923667241	0.58672991814864617	0.7377897685146777
55.688140747280002	-0.61865372838812582	-0.56464317317550161
42.776293179551033	-9.542498411947804	-0.98903733241639935
55.908812157521901	0.84921639753100453	0.63631140058396396
56.204694160952506	0.75120777496759383	0.56463352118872079
42.685520916344721	-5.4580537278792596	-7.4970298502447816
55.754869616026525	-0.15343453619274863	-0.84518553594215984
54.879150765050206	-1.0369242039728193	-0.67237050044009916
54.683221702224849	0.064439370719220249	1.3445855234493063
56.518001818107109	-0.29299898455626117	-0.40962168636602914
55.613395813414073	-1.2849300772555714	-0.2312824687531464
55.16658488859894	0.87953100424946351	0.42116125217534151
55.733924453289838	0.02914448733031463	-1.1687724859195443
56.068585101114166	-0.58756047792879529	-0.37314615050871724
55.687302090094889	-0.89432209617315139	0.31897512760428443
56.218708812910343	-0.026620942589578027	0.82582525266740348
56.362767183228911	-0.30520515169288204	-1.0088791691551087
55.725728728496456	-0.035140004728681971	0.89785371110474699
54.915351175219932	-1.1319884443152002	-0.48151304523585603
55.355990284560029	0.91757606614871634	-0.012619723930553365
56.503037273918423	0.64409838409124942	0.4396162826569342
56.630771040641633	-0.75788553723066165	-0.70683033819744412
54.689806071507981	-0.38314363228770032	-0.65310143150970945
55.499458944118082	0.50890759378955908	0.35587084274767722
55.347798161479766	-0.6271417254061552	0.89181471560884795
55.474201410611698	0.80797027522730258	0.41378350802139707
54.915111261520984	0.18693699256110141	-1.0047526521102184
56.552323905675671	-0.83164283692564522	0.049652416801307858
55.84899147425719	0.882637353332408	-0.18814777396302274
55.597098391516276	-0.64040186260702259	0.76559251335042611
56.02008649741969	0.80621712669214862	-0.58754980851032401
55.197949720714995	0.82970038644124777	-0.86645793297172391
55.707769749432444	0.89707656155861415	-0.53249238835066359
55.991192874804291	0.80182207088433399	-0.013582698360753886
55.062971894306934	-0.34040039888514012	-0.19311291787900531
54.850343149451291	0.19914971665589459	-0.98949998276972895
55.266283819057648	0.36001883128057144	-0.62936810465106163
56.22687239929752	-0.77916391648630234	-0.28674492525452028
55.393982521168425	-0.81916563326185943	-0.31541033709797994
56.143026013071932	-0.40231969404678902	-0.90298566235473232
54.695226541007237	0.32612368255936125	0.74236968018321059
55.401443722372775	-0.021052572982868712	-0.86125538128781798
54.779281663729165	-0.92199670094858721	0.75167950122503424
55.611124210509665	-0.35466925038400737	-1.14943864220895
55.864575227187167	0.60959183598869815	-0.20060464244024367
54.811971865929131	0.29917465151849298	-1.214727170740554
56.103301675814429	0.6091085916632144	0.61247851197419256
56.085408033134975	-0.25597293483903011	-1.0346811955991035
55.610320114908248	1.1489100932910175	0.35760370810460651
54.738465621134004	-1.0754400798270507	-0.27608917089198509
56.231230026025997	1.1273248374199762	-0.34992243845919885
56.537431561612216	0.37057303722740548	0.97953606301304263
55.784735701956407	0.57856321592028681	-0.76624255295790822
55.152372188960925	-0.52223491618374773	-1.3940600423578762
55.40042937876143	0.56172711619361648	-0.29950051797630034
55.055101769701736	0.26779021925897523	-0.10687656063142431
54.803040344207851	-0.61055460988646815	-0.92489387549453284
56.442194289807354	0.18063750329850115	-0.75920731916203266
55.602663835871049	0.57991868206889174	-0.40625755553873943
56.049900565095328	-0.71902735022268727	0.26170894894567548
55.08582738647474	0.90255903972407758	0.91369119217505579
54.93772091720794	-0.59483408079518529	0.16976873648504903
55.482791532366356	0.65292930906614954	-0.21942899822055162
54.760489580704636	-0.98036274182899497	-0.41421794021627939
56.358648972437464	0.4363801889502793	0.5641611224338996
55.080110831352606	0.17464242024316248	0.76412347522894197
54.870127190557859	-0.3235319435483105	0.88333855053776622
56.601930221864805	-0.62382138602701231	-0.01590348739391172
55.173422675818024	0.81660419389510097	0.016556218765001587
56.051576304210222	1.0646448077909498	-0.61243929799948682
55.672250215326535	-0.39066044740100503	0.40748761598258715
56.498957723135611	-0.3446575266019043	0.84432345423197441
54.829353874260107	-0.93438629197059464	0.13038253635348859
55.924626814902204	-0.46512699116008838	0.78295354332149691
56.009715631305504	-0.4948471113203442	-0.44682062927903377
54.771755759909617	0.67575467948655898	-0.36391161834303026
55.259972288273147	-0.90245053040338019	0.18168375507716908
56.791553874841902	-0.76032787646153299	0.6057112314616131
55.868597045011121	-0.86238012100353323	-2.1568941877680694
54.886461128436935	-0.50289655623127949	0.50804973637898365
55.028267445580084	0.05627487274520368	0.6779355395033656
55.314630024170803	-0.71779807848572197	0.010727329418832724
55.532041337091421	-0.27066026985969416	0.80905247476846165
54.705434266717788	-1.1182122491146678	0.3500712650373794
55.752273094429768	-0.018642661481654745	1.3374997603602141
55.725249266055577	-0.60541777901979177	0.3361268449935258
55.212105359291471	-0.65214056432854506	-0.63043219215614854
56.33452067990865	0.96740428255452637	0.057843907138690059
55.422143864475089	0.70105787746143222	0.41944170991163893
55.453058642232953	-0.20182274839038478	1.1173532829302923
54.846644463098364	0.95475101456721878	0.61642182758869368
55.591399561600426	0.57696528839520189	-0.76965028446227535
55.517150567260714	0.66041464562092456	0.26665845144544503
55.294114972283694	0.5962560079097754	-0.1847302610939015
54.884285140684455	0.58305765558695866	0.38826062680107259
56.181671111959417	-0.76008422267714615	0.49234125491397224
54.70895414575228	0.87796626743360295	-0.087816917729178726
55.155266847208715	-0.12684734669132561	-0.28656798379453935
56.095695146060955	-0.69848070254695904	0.79488773374447963
56.318854651439914	-0.61587635540853447	-0.50525980225586598
55.120463860544568	0.79294323736593486	0.042618059044169113
56.543200371355915	0.37699360733982379	-0.31072557413207669
56.649006750141311	0.18175044704586646	0.93721194065507518
54.796328704714327	1.1228805521266485	-0.18638428660788001
55.715022277637779	0.36588300025448167	0.16007643459126808
55.783439594688787	0.10636309350711523	-0.91320578623056059
55.172021815803383	-0.55336996385284865	0.12905264719736489
55.71437948319376	-0.0612632815109398	1.1668443079234774
54.657632946043172	-0.49554566194683197	-0.9466884788397798
55.247108007453996	0.33074180793130725	1.0850600201789733
54.848932844152685	0.13737207335260629	-1.0500989571249359
56.1717423857922	-0.66751355181050709	-0.64699008890987475
33.452455762731326	6.7412257964477558	6.3961270749540002
55.394378241499389	-0.50412505631567928	-0.247995751919691
56.41098263460168	0.46696356543837025	0.5526528997127278
54.879959891643075	0.7600328565836143	-1.1645361885750927
56.314597014334623	-0.31121902289921682	-0.71683478972833969
54.584352215005467	0.31931160947121379	-0.58177401494465819
55.064185344346043	-0.69263031569612521	0.63971135922163158
55.624831406135137	0.678346671315605	-0.32025408174138037
55.493338910003139	0.78073918375548645	0.51495184234671454
54.673542688698703	0.21643605264052621	0.79749186966874408
54.922751433698515	-0.97761170335360081	0.21887564116027353
55.039731805218771	-0.41161628260605448	1.0516482542774155
54.82330898853553	0.56207118780596343	0.50701816517439335
55.054666053939812	1.2510602211397632	0.55300180725566994
54.95553463777533	0.26382251579570376	0.45598112851284384
55.759693042072954	0.64643141845030427	-0.4962214627898161
55.342880492904605	-0.94949410906677467	-0.55438497460518399
55.383963469749119	-1.0573500215298621	0.54341605421332928
55.819406948698195	-0.58659238237644162	-0.33411207400680482
56.133986160552432	-0.95561471893713412	-0.2776909764260701
56.420506609138819	0.45374112383955234	0.5024549221409178
55.710655284907602	-0.65504599152117371	0.27555431009832498
55.733287641854567	-0.11203866088803285	-0.23913871577693038
55.181569070364759	-0.67202114963105297	-0.067145967291601133
55.602065525955837	-0.6331205432090764	-0.26717087352013469
55.853012070728845	0.61309948276890835	0.90890938180665215
56.443352780761124	0.28536968639981014	-0.77472030108963974
54.981517304349772	-0.86854946734099581	0.40072354478563432
55.100649529723199	-0.89979803941081149	-0.52135582525456881
55.321438514350106	0.8513478920680283	0.99939405933953773
55.415657173959659	0.77680291603078488	-0.16730874954556724
56.506134658790366	0.63781425323248087	0.65253756841912924
54.899017442793792	0.89272381042173232	0.15166827467931907
56.100588013640639	0.21375607502942751	-0.61640208502388016
55.764247272340626	-0.53899292945247046	0.70825497050334629
55.773415541641242	1.0562629037796292	0.37740211965860648
55.97614107146898	0.12191421953052818	1.2801091080493556
55.311890676902593	0.00094870590234173756	1.4983922750213816
54.644823004555995	1.3635698524602129	-0.19956691565621384
55.623442099522386	0.62672750685988488	0.022855060274185619
55.589606778432618	-0.52065232481659496	0.16372232886533941
55.578431306260818	-0.53892863353290887	-0.2064561310171516
55.718816344610538	0.66365318769195469	-0.43092342320933202
55.272813713009306	-0.71264289545096138	0.94768795830053432
54.774908006871115	-0.3516370219858248	-1.0438279987149992
56.523302146579553	-0.68947708533151209	-0.59077268100698876
55.541812292372235	-0.77497754543552688	0.096804518875806267
55.593163285586648	0.12575103636390469	-0.9685469796070395
56.527021282698378	-0.22827790162271139	0.87947560930861923
56.485074088014123	-0.31010261419736002	-0.76800646570382258
56.030447755759234	0.56691490616899864	-0.60018901611334208
55.581185816149386	-0.21783665359208929	0.70755680003978239
55.691582936053521	-0.22453956496616473	0.086679434198168093
55.592587115186888	-0.29652888288355539	1.003066859429665
55.206558796638348	-0.17884031885947804	-0.99104432546116239
56.462218847762955	-0.22067683923779488	-0.73844755757603864
55.797897036672616	1.1773412108234143	0.716308220473723
55.554788376676058	0.87225184311108384	-0.74204609309581337
56.21570238978974	-0.89776028749746783	0.29108238887503934
55.323622590386996	0.87421452974078895	-0.25537031441923463
55.409631062963264	-1.1589337411622556	0.96572016638400682
56.496504592870423	-0.68280548091023041	0.76115583875323689
56.622222878989518	-0.5261215269072691	1.0990142159429879
55.958034198960512	-0.49492153027785146	-0.21406935749555628
56.567450388535917	-0.35502491739649261	0.32785224144922248
56.521390560299103	-1.1319180012343271	-0.095865582643626421
55.649113332245193	0.39546478982055394	0.50437368015141326
56.100019453444929	0.63480498974594579	-0.25273915299841754
55.864089666011708	0.028429573285235214	-0.5894529990014038
54.996680990715554	-0.84512386812503648	0.43179286189322852
55.578875578975641	-0.58963303548329793	-0.1667058322552594
56.584636596297464	-1.2668872774979913	0.092201777796655962
55.325980239250136	0.54462441018674901	1.1965947252285771
55.54993182728483	-0.29911562660602098	0.71857709081977994
56.364667097702458	-0.99894454287559009	-0.13191705090527825
56.053334805915611	0.28695036375962973	0.69543104685070833
55.866322053079294	-1.3040814128066782	0.26072808563725047
56.223620443349368	0.014585679160818545	1.003365140334902
54.677678770855046	-0.46664059867527513	0.69998811644309034
54.834702574100497	0.53955787306618319	0.64111447028370705
54.810370613752653	-1.0873089108413065	0.43069245938434614
56.683794545895168	-0.7274884810916451	-0.18516121617303052
56.24332755141058	0.15697780992215504	-0.21549093882389705
56.332737461704923	0.71537071829363252	0.28162729764736494
56.497367889014491	0.16077103410166521	0.62809012855995816
55.486612925770515	0.93263176970301043	-0.46975433178039794
55.210918246231692	-0.19999136487023486	-0.84366793704053
56.218047267445577	0.6841815888186582	-0.70329010394227498
56.099925484103828	-0.59685836990803165	-0.23221222646501066
55.925911538011363	0.89548765764560589	0.020622471490022963
55.036967989556594	-0.537730575128473	0.26278396509401436
55.924412963527118	0.63827789012659897	-0.051916282575836234
55.336187731148534	-0.59969778172384869	-0.7280158403536976
55.867731369225034	0.34522831818451882	-0.46908856821466094
55.205343422324766	-0.29953654281227771	-0.84487003635597868
54.768206591161707	-0.17183086577355244	0.82420399575360082
55.197183393563279	-0.8706292296181799	0.18881579440505011
55.317026752462894	0.45687697449225328	-0.40562451909142722
56.622688675856615	1.0233349223154846	-0.3514077310113094
55.031052787220354	0.08503672369751869	0.90291195044293215
56.456306040853626	0.69861801188774708	-0.35504803824638653
56.427419262822809	0.60693959359809813	-0.19659615395838939
55.261923289391895	1.14175230560949	-1.3825522394051415
55.844713963522658	0.50652611934411484	-0.0055675920388829001
55.958784529601886	1.3224394132244184	-0.5527413842870752
55.173064576587748	-0.72503128455271837	-0.022847397132403829
55.997362313545892	-0.71968413795899167	0.014777596736796175
56.36544908300332	0.53359369407349422	0.27854062324394735
55.152542041393374	-0.84582785535282567	-0.48240251026456032
56.178424387900321	0.74438514547155354	0.12111652268169815
55.921287557069697	0.063219384275082197	0.82481505577514969
55.847914485936606	1.3407037216093209	0.62164933419386048
55.188139933141287	0.16781810718108167	0.59045777835053825
55.087104111642994	0.41654988999381626	-0.52457306271317405
55.645537899874313	0.39828411578955947	1.0371387773113796
55.197722908367943	0.39427672165130456	-0.57252729625855914
50.727722747126734	-0.37554251794232002	-5.6307413695635162
55.155900072576664	0.051101641567270886	1.2649480042788606
55.739648694351132	1.0159304732670731	0.47986971979619802
56.471244111684705	-0.95120453456498877	0.09896232169836415
56.521195808622387	0.75563424360422315	-0.39529007332361132
55.192075765602631	1.0489143228173983	0.89053050653748933
55.027156776379492	-0.97135398991188382	-0.24482287036371927
56.125409920112254	-0.83996703831921238	-0.044706457588005739
56.043841637840849	-0.85816378345594879	0.71895421593515541
55.364903843633051	-0.52004011209592349	-0.84072094993451141
56.487573260002364	-0.083702734305405577	-0.83024944644886511
54.93306745681064	-0.43362236778131197	0.22501991284463374
56.30660779658718	-0.32309472398509731	1.1565401497473613
55.16311818679209	0.16907619648553626	0.97258840874448027
55.524780320618603	-0.98887836601958246	0.30322293964480074
55.91451143656051	0.96283801207535191	0.077275575069053637
56.293431921608935	-0.26379251804515802	0.74312498406443139
56.049052740468703	0.018610778346635017	-0.76551010684058352
31.075724674792781	-0.2615740423102364	-6.2491181564743599
54.979661296875527	0.51984446021224073	0.55084257625202537
54.679625386370702	-0.99800635028049545	-0.16295517585749866
56.62860202560487	-0.05287865467681005	0.42028339301536827
56.369875471083176	-0.32176973110442353	0.75944852139908958
55.991005961514567	0.845531459002685	0.56641209054695674
55.161449320830677	-0.66392958063434715	0.70799384883461169
54.90012153519568	-0.67111449153042435	-1.010157557780017
55.583722106584602	-0.4592144310068349	-0.36443944880993556
55.978682788640647	0.50870239004581663	0.86247347959729015
54.709718654403062	-0.59150629262314836	-0.75274229041295504
54.701875483578924	-0.82926052613521783	-0.57591363178445998
55.693161035736246	-0.77780267226804145	1.0474648733695267
54.734108004050313	-0.6515655454022643	-1.0072638734172437
55.009062683962469	-0.81006239844047945	0.86720357889380872
54.874452889027019	-0.82749890191344688	-0.75373073830736181
55.345664093203162	0.52800603455565165	0.97637935885515115
55.076573308857711	0.74115266803874214	0.29468723654117207
56.225736981589897	0.50723003565140856	0.022375534696046025
55.693273755901458	0.37703173516241273	-0.41459226021265105
55.03036197715543	-1.1242975185980943	-0.0029668594642683946
56.389537973805218	0.78429328836962009	0.54852532073975113
55.429146576142166	0.20658197604738882	0.94535123114051356
54.981104330217896	-0.85643670841589414	-0.41090310073105496
56.393871047204179	1.1045154389232623	-0.30659359968842997
55.329239882220641	0.18539044496838133	-0.62015523783219806
56.156783651324197	0.2631209297523352	0.62438932609189324
55.790091417752066	0.55990682223357779	-0.56007718414029173
56.062655915947239	0.6724487586443153	-0.28923692001410362
55.643603502341229	-0.43794699336196669	-0.24024285372029036
55.200910399810724	-0.27633456702228659	-0.77066738290143233
55.253388179036754	1.2927230903747839	-0.017378216939559904
55.927685895316387	-0.89858909673779486	0.42989778774855941
56.360297800095516	0.54448463224882782	-0.49070086845434224
56.155912615409825	-0.26125048068059653	-1.0321350885383989
55.226569333276174	0.21560610576787106	0.37829710361389884
56.178153255309212	0.65031207016057591	0.76774349866720926
56.072951438716771	1.2017214956535613	1.3342198417197755
55.620629747067881	-0.7031221942811976	-0.22725133488910618
55.886856463682918	0.92668744204725317	-0.41771079769542024
55.367607469425096	-0.025001755467229332	0.75493972517373376
54.988849490054115	-0.93001814461213017	0.14925618207326419
55.679904562578677	-0.16402461483832168	-0.82261412207562912
56.191528504309936	-0.53174630083560359	1.4175509606273387
55.446739277894963	-0.13392689546981126	-0.69705538265448352
54.888175258592369	-0.34304151014423262	-0.67985822547786079
55.542539506846246	-0.79993808224369112	-0.39422369981504968
56.579562301855923	0.77574934614889113	0.51115301562454252
56.458811715022371	-0.39972509669159434	0.69912462011546106
55.426808724898976	1.1375285618807962	-1.5149608074144787
54.718711508066306	1.0516024173204186	-0.43552493184709745
55.062999511078807	0.24029162792486911	1.2077491649283685
55.634130806250845	-0.39401878948013153	-0.69003156166460355
56.329019011689653	0.64272600548502734	-0.65102172333108121
54.854282093938664	-0.70407411831409106	-0.49089695190049976
55.569804727831574	-0.36148580373883016	0.77188066792404708
55.358423221313444	0.98742860802852572	0.027612356666523102
54.989493829625992	0.36757361365810615	0.85998877266028861
56.476016067739501	0.43375274465761732	0.57331095260077825
54.880714721505427	-0.59439624681820258	-0.40563128987202401
56.060853321569333	-0.26157335058703213	-0.99553758473393927
55.667057891178857	-0.75991091696842472	0.48834680594113833
55.639557989709246	0.97636697430768948	-0.10222616540916023
55.700832017831303	-0.22638331899294448	-0.6367538527071932
54.977432076642557	-0.89745103923465208	-0.4571524013542812
56.454575979547499	-0.068134794173045507	0.76976942555697636
55.313420273844535	-0.6092505983159765	-0.68741931806347567
55.157406626365457	0.95316594629251872	-0.42850545646241328
54.94514856856447	0.89482276443681541	0.34738894869572384
54.772684166329732	-0.012776085645443563	1.2267153861004618
55.293799184875695	0.89318928494489136	-0.55839674510233117
56.46748664211173	-0.25655522753088411	0.49826580488143407
55.114066975893287	0.58770031024196123	-0.74988488344153226
55.178738901210465	-0.73322306387943903	0.044891290276932214
56.045890421413866	1.0085025139698047	-0.46188420249922341
56.469447378725889	0.12096498219573402	-1.0496028050200337
55.832638377547859	0.38798910229547307	1.2165429362569571
56.309980790568751	0.65992718145615692	0.36322888949370669
56.626154859800394	0.80012874649024535	-0.61513180782171728
54.773805135152301	0.68700641484006109	-1.0219544653362249
56.519652073079513	-0.701979137739561	-0.44850193112445536
55.421777753605852	-0.70278129380741516	-0.35982455876569186
55.851582843349966	0.15302007881687807	0.69399158573326081
56.799647578380863	-0.41107010869784538	0.45772764458190857
55.696527812481818	0.88349761431854079	0.20425021156375806
54.832934281931365	-0.44978981675273882	0.64201932409118889
56.318409208301048	0.67710461482267326	0.05976338558219535
54.770945431912793	-0.49381458153793861	0.81534785680147392
55.160302447889421	0.30343132103415515	-0.53373389719774322
56.460704521300094	-0.41477721170907272	0.78029138848222757
56.160964648110848	-1.0415248254235094	0.97633640334342686
54.875121662211953	0.89556848915574994	-0.3053645427663832
55.837057746328547	0.66289797900525749	0.074986165166044352
56.829234526914234	0.77842018836571902	-0.0097776490862549591
55.153685806584377	1.3952036926399984	0.36682002420788895
55.347081992720121	0.69314097506075767	-1.0360173341394288
56.675815375287819	-0.2751256937043392	0.7763086089737028
55.919353439194921	-0.74194440998507805	-1.1520102893121171
55.788228694246129	-0.52711587853979736	-0.86795322076847381
55.450983711596834	0.75262436617636563	-0.31127069793881756
56.083151234985834	-0.54049808966992574	0.50487860955155828
56.465727789231735	-0.069672084546568661	0.88103677999570373
55.823781321701425	0.4408737952754862	0.57563726562952366
55.747204285074048	-0.49021689770963323	-0.83374388928662713
56.498992655021958	0.13243103712840401	-0.29714925266947229
54.767000893681463	-0.95401193198393308	0.13599442589940466
54.910231291742136	-0.16153006204244977	-1.3716647595533071
54.762864872624604	0.47956469663700574	0.54679211274090123
54.680271540034468	0.96715393498417279	0.052995939242314459
55.553498091370301	-0.3252494953043189	0.91852051130096646
55.289070258424218	-0.26551138671020535	-0.96616128907981214
55.906446044869682	-1.0184579792612094	0.3371146506510776
56.189305976184286	1.3001898530662275	-0.33101950980055445
55.968817916794144	-0.39596430871084376	-0.68815504834042696
55.873600312385335	0.14685670928197447	0.64359856556872908
55.102639467510954	-0.48586329899412672	-0.66265657688093094
56.564743644600277	-0.39811138867846924	-0.63453757968061308
55.670888042946288	-0.14697384376086312	1.0198421882986448
54.766454226576606	-0.07334904615526211	-0.54837917381242518
55.565990260123527	0.19438686369062172	-1.4607479788908961
55.754148196450302	0.72201327135604232	0.27151257193945233
54.776415481070323	0.23141843360090464	0.49289418541602587
56.060748407134525	0.78078808265570376	0.33985681530617573
55.603457728147163	-0.63830580760130895	-0.26421617000985204
55.553152654969715	-0.91906464755251938	-0.038675272627388291
54.653955561739302	0.69230923428255375	0.065518036448039302
54.778063109383666	0.48770611376331308	0.22558453344540766
54.853413414232662	-0.35171449316896752	0.11748658774918656
55.147219516527429	0.6206962184906033	-0.36767074892539442
55.66686384783651	-0.93880102001740839	-0.11211740953621856
55.04441961917059	0.84125593493075101	0.85483973596043783
55.27944837259507	-0.13508928363377523	-0.98358343571035678
56.499809007672823	0.79703392370901249	0.20299625894586709
55.02304413907266	0.92779784524968401	-0.19104507757636549
55.339785743359165	0.59145388281036015	0.58719691865377655
55.049583685665759	0.53599300758725166	-0.99096998026459937
56.528634808237094	-0.27547329159885675	-0.5742601287287693
56.572382535368092	-0.30323514274808622	1.423271111080727
55.279923354329398	-0.24329622572382276	0.20173011477529579
56.646334611222883	-0.9555426755683013	-0.23462998919373257
56.550324068485935	0.77669870789141948	-0.33452111428558595
56.230608336154376	0.77963338648278835	-0.050134159351657964
56.006630368108326	-0.26393092216967196	-0.93225572568839776
55.695040573625768	0.51054197269839352	0.094958450066098807
56.04622171467765	-0.79904939887211157	-0.72156808792032989
56.457380273155842	0.72374885780331832	-0.36122509422220173
55.755131819101905	-0.41450291797611727	0.82268592587527489
55.856425587173597	0.30773502798619201	-0.75118857122591143
54.657979159127002	0.29916590481124822	-0.60652522273628762
55.80588537642673	0.86123823563779534	-0.49111046439753264
55.578330610677504	-0.81989153534185777	0.42101024911159918
55.994552862626442	-0.86618436176851166	-0.56177119247608409
55.334787714176933	0.25897049781768844	-0.5492636190692306
55.621019141497612	-0.56449392828398459	0.2487871294822358
55.577459658608788	-0.13077509558358719	0.64374602354101973
55.326648653653507	-0.27202403073417103	-0.9478063440691058
55.319834040274451	-0.32457874834956574	-0.5922142192605736
56.514683761426689	1.2022208014286748	-0.052295644582249917
55.243425523188598	-0.78728188242320052	-0.014662574128247337
56.33203888500185	-1.0557389832043562	-0.398897454209451
56.046696796270943	0.022349315559335961	-0.98592487697110565
56.436602322404809	-0.098771917234068723	0.87537708277897475
54.940614016388011	0.73129609698660203	-0.44312546106285172
55.322406283618051	0.78327363066724365	0.1052285585438324
55.63753345013459	-0.7748008655185985	1.0622239609588371
56.466091596382732	0.91173348017382916	0.51307861886980544
56.163224898326639	0.57115131516809126	-0.19312138438236859
55.249366095321506	0.74495344568885435	-0.46782629119029512
55.272385442362868	-0.84734957722173099	-0.49255280497111437
56.19591185841405	0.38028441360995735	0.59157827097706606
55.330268875825887	0.9432047454668151	0.85947353815657679
56.512735287944977	-0.0032330756115412128	0.44568850875426319
56.161695050667163	1.0429989626088796	0.25207248787313924
55.344057486889646	-0.75992872119401045	-0.19825461391019406
55.168568989450108	-0.19582710619517513	-0.0034649798518925179
56.198585750736243	-0.54951436756958305	-0.54231000931616191
55.08813084516089	0.51848693512012978	-0.92147293904610439
56.462400006355026	0.29095773880263326	0.61911870959616389
55.883716079598223	0.16579192388467348	0.92836361116482491
54.896335203010601	-0.88013477351002201	0.11813514089837265
56.252329203021716	-0.63518811357832339	0.55753315941183157
55.327807332670425	-0.1417177417752514	-0.49042809747116495
55.364225286615707	0.71209742995531811	0.4971200695743403
56.291646173848065	-0.68545683268188429	-0.18932711165669461
56.44738519615246	-0.48626164915232539	0.77208973212081433
56.123925895683222	0.41907683413371832	0.94449395609406395
55.214912554129633	0.91581425640810299	0.39401371350027958
55.411220925236734	-1.0584583780121186	-0.28747449228628219
55.155457248090627	-0.47911720849060097	-1.1501313642508286
56.358900231368217	-1.1316591722695013	-0.098433075314714638
56.28435248287682	-0.16555232095422598	0.8670662167530917
56.393843534213936	-0.7955777261375544	0.58664690712595546
56.094644195397784	-0.035462099955900155	-0.7689653119414791
56.470844598982517	-0.77493924298539862	-0.42576694740810939
56.013608551503033	0.51149919813892253	0.081708536880955404
55.50174918395583	-0.61366254083723992	0.20392478888962284
56.401708883900199	0.32108659936241346	-0.77562800476177463
56.326686663018485	0.86137844335177571	-0.59669451328943168
55.212061737329009	-1.1287762182837431	-0.13522765985008273
55.225527487585673	1.3636685764983312	-0.72497338938361311
56.383292214216155	0.77276351336613269	0.22028611085244373
55.12280695086546	-0.077871869629869334	-1.153537148737956
55.958818110140264	0.75211493316043188	-0.86483662073259437
55.955323338570139	0.1132161711849701	0.93660331502145566
56.097143562268641	-1.1175904171662614	0.33590924183091786
55.797434160810894	-1.1931102961525712	0.085542096341544763
56.139131894802553	0.057224877504089056	-0.89632352660303594
56.417236306343	-0.65820896418979136	0.93689127970915753
56.194299792847232	-0.078622559803908823	-0.79359918998452816
55.316538380337498	-0.093673362684563791	1.066557021569841
55.135413027387308	0.91983424585503915	-0.10742724959577465
55.131760354648712	0.59273194849707722	-0.85917518659122882
54.760033025960446	0.16291883422115511	-0.70006288290463214
54.95428981962651	0.02069809742751719	0.98744471049864413
56.586403759573443	-1.0410932949727789	0.62564918927744395
54.831864670332571	0.7174570238139627	0.35447997121044572
55.188442054695756	-0.37432374272485991	-0.89512004811341161
55.989943693669424	0.1693961218951443	0.79727286357861848
55.758482592091902	-0.50773927199304791	0.034245586216965246
55.331882075461102	0.8369041207895408	0.52039773215948115
56.550557031254094	-0.32856148912028005	0.71292178193014
55.081345016313087	0.54254787547834116	0.79516394355940478
55.177522775578957	0.81855903275841646	-0.67330475260203404
55.957616023987107	-0.41535694516673616	-0.50463278093628305
55.926399950746003	0.020665769820585204	-0.25837146663865812
55.732080691254104	-0.063022736007357485	0.98764413995087486
55.562911223564228	0.84388270827939282	1.2343883397519742
56.203908470086958	0.41199848792178162	-0.80596922163882201
56.410696370901078	-0.75034444822478308	0.5167995562576807
55.136556248010294	-0.11757120467587857	0.59358536251320437
54.926656917597064	0.89377399129687018	-0.67480230319272816
56.630567038345156	0.33813634900373418	-1.1009534386718269
55.794276161996088	0.39548446388837993	-0.5397377318859492
56.715449185115943	-0.83193148102726666	0.40141923955208164
55.325981568637083	1.0290252044047747	-0.46841671272379359
56.103127965165079	0.11244481980977694	0.11488870626402292
55.69883139978996	-0.45741949647339919	-0.67455769103311003
55.981669333402756	0.68191007403392878	0.44015812099655044
55.529792152549049	-1.0922427592359549	-0.017238327479460181
56.202246086463724	-0.69717826792646898	-0.44794246341049404
56.091319384298245	0.5005293939817117	-0.86039608316046678
56.111809048389091	0.96548700250665453	-0.27986876724054294
55.888449251610801	-0.6847380845989951	0.65437942752367284
56.183204562959283	-0.86524937147947656	-1.0916880149444725
56.220300215638709	-0.75807150838251791	0.15005597932016101
55.35218253247411	-0.64856955114058257	0.88085958995148916
55.806492195749342	-0.88343182127505149	0.71362459860546701
54.886112930447993	0.30300257355293192	0.19910500751539409
55.018577215411369	-0.12567014430665976	0.61137700716005139
54.904968883825347	0.75450781833745162	-0.41843422117500456
56.07684620848822	-0.93948784424156295	-0.49764377787963365
56.073456709128529	0.50287522157962672	-0.78895347213980815
55.864558723206656	0.54896494990321565	0.35850911349240566
55.311179366887096	-1.1794985574526817	0.86735173949514888
56.656635468760619	0.22850440021962987	0.46260238181308966
54.504050558341625	3.7349938695775537	3.293981206224974
55.52799805738892	-0.26518125677125814	0.28385861813102536
55.287924032333599	-0.67629438638203487	0.51678712044774588
54.964015189646631	1.0470423201448082	-0.091803995484019685
54.682071484605302	1.2308157293880788	-0.0051567580784043837
55.507774574729574	-0.66604228821736122	-0.030162551334690382
56.482184321968823	-0.068534665149342186	-0.648836429950021
54.752679015506537	-0.52457816482974784	0.67524647369067392
55.852014684109619	0.020655510447261421	1.1363611428737459
56.362331684557169	-0.62005594179660595	-0.8243630814531957
56.219692384430608	-0.58557756039686615	0.69854119216042876
55.786834380424885	-0.80673732813091248	-0.10387824645183981
56.304957606055211	-0.17127374216579935	1.0317215318636228
54.94092792912042	1.0058532255179595	0.74866022229929174
55.552262471212075	-0.099072224144167526	0.69411067450510211
55.081313684657275	-0.69070763643494237	-0.21816737357099333
54.940027956558311	0.28290239439676435	-0.33084984208262747
56.437960685193978	-0.46514064968088092	1.1402102764677131
54.776768523394814	0.78346294921717707	0.33032733388737573
56.634531405153382	-0.67402172397207494	0.84306571472402092
55.649529174530819	0.56035478824010232	-0.85915845291114135
56.563341414642352	0.097623255513089868	0.81392403793119072
55.492778306102217	-0.39375019403751454	-0.31447519089463943
54.88608724551905	0.82627865258762245	-0.52143238012673887
55.806523077101531	0.7026947127573635	-0.75245646520543785
55.820139539506151	1.3983059384617198	0.15025586327804233
55.660371829885577	0.87912716702605986	-0.33629395150312713
54.81376116177227	-0.44411926634583188	1.1567622375388622
54.744746567879119	-0.17960954155379799	-0.64526011686822038
55.733410417479483	0.60172481562609959	0.54096625400449128
55.723162140868808	-0.50488409875860718	0.18455774860416191
55.889314994842614	0.62872391680638373	-0.26779602269860536
55.194355914760486	0.9903494214083739	0.17172495447226069
55.956844043939171	0.85705450874179734	0.12540155379697418
56.635987407234431	-0.50057088363149227	-1.0365928661562696
55.417299481993652	0.34967407335446182	-1.2143645600297908
55.781823471757733	-0.14820473783502883	-0.23692616055723151
56.257286678833587	0.29359420514018814	-1.2872459760362462
56.424782843810164	-0.83999733443362989	0.30449324677819695
56.536991190211758	-1.4790742642120898	-0.55739436079137794
56.224686789215539	-0.41243841081687854	-0.87057874663291357
55.172432412877342	0.85765093224072098	0.6682306214315924
54.892705558899443	0.56587455668064068	-0.075410042157611934
54.903278324096007	0.86771355771125047	-0.063768716489402272
55.666339072397562	-0.69083741999499448	0.059586191097158979
55.04003536535037	-0.64343036830786049	-1.1558877689409417
56.461311330451352	0.56932139529051207	0.60785121864417979
55.939800959720948	0.55755156010172946	-0.69257045620255309
56.59465829712066	0.24123137323278657	-0.9645063897046382
56.464391711278537	0.46772476365994847	-0.53285270094434789
55.740428871621084	-0.50510358793359844	-0.52153524114271976
55.167149554783634	-0.73250270879870572	-0.54521887444448613
55.384185289197745	-0.59544682548283756	0.31199045251599827
55.759321839642254	-1.011048328761295	0.08642680023752887
54.653860631366285	-0.33108616573632532	0.72576366164086892
56.359604813740404	0.24035313704603217	0.75247237933981737
55.289526969799887	0.62699357678939438	0.94712639525406461
54.949314698737474	0.77699602079734131	-0.56011345297585069
55.844839902703512	0.98143785875199863	-0.99197092900788175
55.278550075681665	0.069096943034316724	1.0284240053522817
55.061289619103313	-0.66074399369264303	-0.61493969038342988
55.826431904973852	0.12024124685702395	0.77207759896844907
54.889811487941884	0.366563802965018	-0.56933005475044152
56.209680639152857	-0.38953110757801018	-0.9183763100404404
56.361179931344395	-0.38951989887206362	0.84657351723744934
56.680146182482517	-0.96539054874347396	-0.10113037404361404
54.630425628817498	-0.5977534522347917	-0.0011594003610866073
54.653107851535005	-1.7983659841477888	-0.093537384425344317
56.350883743091032	-0.71075656379598717	-0.51385567363492135
54.965072577733778	-0.66883067541030761	0.26766598153414883
55.084912464670012	-0.37754070893299385	-0.058783335259908545
56.402898441345677	0.1923232278027602	-0.31670534004293449
56.417635991138404	-0.80835733123280151	-0.095825657447239462
56.489149181646212	0.67886616516554643	0.41502829299556249
56.3426092203173	0.14227197562910707	0.90314696725607191
55.7640679497215	-0.40584421879445487	0.5396170069026851
55.387070285239865	0.61795215729656638	-0.64585756902980329
56.275159715110952	0.97820019790357571	0.57640551610384994
56.062021800098101	-0.80077972976827771	0.64387245610221511
55.487104691661074	0.19558423073349288	-0.85920602702950055
55.299404594641793	0.8780440277627819	0.36466707241623331
55.772651975276723	-0.61175551006471807	1.1710964524345655
54.949114750363037	0.73475741367123582	-0.76348723002768593
56.107317516802688	-0.68222827280155951	0.43044013558526145
54.908326396830084	-0.68044894879369522	1.0425446716699174
55.364148715934377	-1.0797651134760164	-0.685740944987554
55.931159562008808	0.88447922956684799	0.032806552008151711
56.287940007724124	0.57670351770953965	-0.59267833535493664
54.799407072678576	-0.50740863916065626	0.46415999960881388
56.020468302491047	-0.67272331141572705	-0.14760403900274788
56.452806920543033	0.5559993855358587	-0.49406977379424039
56.510773566778532	0.80336916913609768	-0.64084319217554075
55.943922609271745	0.49003085534331031	0.27527402671003781
56.244267486458547	-0.28381932294478218	-0.39835284465506082
55.0761663129189	-1.1596760950734146	0.20220127982491656
56.713619721989375	-0.62506279769122952	0.077288054238012507
56.377420788168166	0.79969044825118607	-0.38595962975710474
55.884159855096151	-0.30680869919895731	0.89047036709596661
54.793229444553916	0.16013760724928836	-0.98843911115935512
55.419392068045738	-0.59572402302941119	1.0401648787148281
55.89986902693942	0.13284709968659714	-0.88039421296651088
54.897641484737917	0.19143827443831984	1.2186035052112818
56.650287491293078	-0.64908729227257334	0.7705905887529747
55.528515716197745	0.31358645370301685	-0.8349071804346474
55.468605950696144	-1.2932377258387937	-0.42510318202708763
55.132086212425918	-0.13803279922620809	-0.85084809772288184
55.015806590942447	-0.43074757682406156	-0.50352186084062056
56.239170089955074	-0.83374729104320022	-0.4909640948548043
55.846727843254691	-0.64116861071728892	0.68519427068227257
55.610408415967342	0.05608949180144631	-1.0524028755444519
55.839869897260812	0.10565171909666538	-0.59710780846213873
56.262186823126584	0.17067827948156766	-0.66857856644469793
55.581645064452339	0.30442221648719942	0.95121349772602892
56.059720073598974	0.33492352798812136	-0.80172785742997377
55.97622022310405	-0.90104268496042295	0.028417680761181768
56.294058258557079	-0.85566452071801791	-0.2649572162893517
56.284629023767252	-0.78744175777598191	0.43034032060416505
56.042505130217123	-0.83181707507662972	0.79452206447139084
56.359574315250669	1.0770429485110544	1.2077847307813403
56.416571171355606	-0.43261178135152478	0.44102276728913947
54.999805390147095	0.050830017585021571	0.48463071242883837
55.087622753268583	0.76070764428155657	1.1418423535537285
56.335174206259715	-1.0766527432181554	-0.28243281447162583
56.1590199697727	-0.52476278539291221	0.87951351265286726
56.03009858123265	0.52288825764747215	-0.077256128514877079
56.343634342285654	-0.89217598265280651	0.31036109234317838
55.767187831065215	0.15995272259097915	-1.1120419195593998
55.120874762377944	0.29484853952708201	0.85476903050538533
54.883177139459669	0.014736582814624888	0.68508988200440646
56.415610440731491	-0.095562714538114796	-0.52222211618883507
55.213532643458571	0.60774887012317602	-0.82406580443184785
55.334388029115892	0.94133865245571546	0.073651076847388655
56.479143904334734	0.91146015886160792	-0.26202671477425538
55.458885554918979	-0.27504715964587345	0.81256878829563151
54.912974782910062	-0.63361317093028091	0.4411959578773435
55.532003791850762	0.27973020692136324	-0.88827508524609522
55.191163703177395	0.52477672545349074	-0.28065763484298434
56.290229314637138	-0.90520917883774754	-0.24161611512458953
55.540012396954261	0.65905761927291739	0.3727332592718744
55.98236911281348	0.11511266609847907	-0.71149700869886279
54.806406827127446	0.80200710044980017	-0.2381069142163085
55.327284295667795	-0.25313405863852761	1.1009975000744703
55.81417049439203	0.55980271789858815	-0.42603636753217045
55.518689408196501	-0.83155524833100158	-0.73733092396474353
54.690867287800621	-0.38097373326353068	0.29883046921898715
55.191157388149627	1.1890864888978667	0.044795775349678775
56.329071295124436	0.49728313524871398	0.40484392107283879
55.932094116961785	-0.081823854883682559	-0.88686975831937864
55.636608825131681	-0.70426971681719153	-0.27204249875654046
56.350900250927175	0.72401543464142704	-0.0085839044268590185
55.813525268925112	0.8805542134143659	-0.23427886330556483
55.448942198937026	-0.2472904763794527	0.72958826019892165
54.830731352090083	-0.7072647322137352	-0.84171069091865458
56.032417126557732	0.94884739815930075	-0.9900341594640818
55.031254914827691	0.85059736285205445	-0.3923728226229144
56.103395060483024	-0.65939645172725281	0.51755541089985335
56.02292207741904	0.82168184184219173	-0.15368303256923951
56.06841317779201	0.94768095635330651	0.075567417860367928
54.760816554532795	-0.74475024014032498	0.70373303272617305
55.223466032189783	-0.54044710359560533	-0.41869532178482743
54.721774962618532	-0.5829724269992409	-0.79221070846839214
55.382349469569576	-0.36722333770475507	1.1136453898739693
55.437846717543863	-0.13142932331413196	0.75956023439849218
55.577342035829204	1.4185148571544737	-1.0480216977107313
56.3491877409067	0.52200888052092476	-0.33791064572161023
55.383724643982156	-0.9368853170295337	-0.60794811822493411
56.395445005771869	-0.28055047796707361	0.62772746100511179
56.502828849678224	-0.7620321472008319	-0.35202122342091874
54.988719037792933	0.52444558282636244	-0.50785511364162983
56.544433392917171	-0.61073017787995143	-0.60471203348847358
54.897288335493769	-0.44216741473781812	0.7691882515848586
55.461494373220745	-0.69806663087224585	-0.17122117227077183
55.008780852672764	0.43055676978877966	-0.092204613740859157
55.735451528642145	-0.03575470233426211	0.47450680905201453
55.302966123804183	0.48746819491080751	0.94395900726108817
56.24378726942053	-0.40700134296878204	-0.68837359334197723
55.558583801786938	0.80890087568303259	0.11051040336155313
54.943402440055259	-0.71963765749600761	0.56771296584593323
55.221712475173184	0.31462961633037034	-0.74370130768133746
55.221156926299592	0.32391384047596672	0.14306693790156916
54.813820095635123	0.093720800456092546	1.0386042753698597
54.733909769632405	0.7557869287266622	-0.27670220340624968
54.692090098964727	-0.81557865747048164	0.39373823262988283
56.521412567257983	0.11692521167683127	-0.43619908053529655
56.102449987664123	-0.84679232252167724	0.66515809790378599
56.049112061643079	-0.56077029007897627	0.65192971820774548
56.271176077873164	0.72339928559854194	0.37730445684475777
56.390501741026128	-0.65849097894505237	-0.83853379492619817
55.140827581376783	0.10307248906530052	0.84735277772945805
55.294962190217646	-0.32070115861289128	-0.64224022252319335
55.623909441285697	0.60905763130566726	0.1268210584508592
56.077066686148591	-1.0487927161518118	0.1224115652879172
55.685547113637668	0.70848519167490431	-0.17141664728940273
54.869553311534297	-0.19865035806645151	-0.90386673071225354
54.713054427427707	-0.55312273813167945	-0.05553483389365927
56.565797013797152	0.32217056327180654	0.78827330025286979
55.431763894750446	-0.075441857007032903	0.78627749953768955
55.744582943127114	0.4311272090137217	0.24236338047717676
55.752402464173862	1.1068229244463992	-1.4081268527368127
55.119237478724436	-0.45072784961713586	-0.095385385614585178
55.821671169493129	0.55656089852587565	0.014850908960756328
55.000462137218861	0.41072424646874212	-0.82230040540926952
56.588956595119903	0.033225015291466826	-0.55855106929026355
56.118728223783755	0.30903574770992032	0.51754328504343561
55.282989416053901	1.2965249572815298	0.035747925015928175
54.864679047651137	0.032335835503502691	-0.87934412652746585
55.189380291280081	0.17072025439365338	0.91391711989409941
55.83059597366826	0.63618200907341982	0.057749807045258596
55.773794985064768	0.68697812131880565	-0.37142392684483788
56.458219802543766	-0.067749475110272545	-1.2741867868429437
56.422877862381554	-0.82651224406263846	-0.6712947840065655
55.65039845806632	0.28397264583855353	0.77800014856539257
55.67283141896683	0.25496046616841334	0.82365772066472709
55.094454243836161	0.54844550717257645	-0.36308772406086759
54.76610023924173	-0.029421276637978416	-0.60814856605144907
55.204509036011707	-1.8086496087328807	-0.95711370183921474
56.622240161276345	-0.54514390230755494	-0.8315839995438139
56.044352131119268	-0.28817799521316539	-1.0713097619913343
54.649649136359081	-0.85927151202407304	0.25051748338716506
56.060749799638458	-0.61587205840757198	-0.46479195100897125
55.641648457000443	-0.19506461665331223	-0.30270066780328586
56.449938490653579	1.2018458882244305	0.093667722151468485
55.854727026299265	-0.5281318490122644	-0.75901767545151366
55.351469803553918	-0.27568793312994433	-0.34068592552719085
56.66274441212186	-0.053269062226772405	0.42273130288735566
55.419202389952098	-0.23554976221680682	-0.5634920579528131
54.81504965679067	-0.63708312578290605	-0.038519809806636822
56.555623215572382	-0.63326404920435808	0.42697755444383229
56.205766831327608	0.6927107979558772	-0.40762008237275771
56.225183015434013	-0.55863512405778037	-0.51549095115648058
54.849116358310923	-0.48007025002211051	-1.1704558088668244
54.686169896219887	0.98860036809339591	0.019580144102687894
56.427490660480572	-0.91495487040603085	-0.63446401505870231
54.822044947309884	-0.4783043577468854	0.68629838293344336
55.247329764628361	-0.38080080048742332	-0.74013836108278308
55.87347256238354	0.091903577874632825	-1.1168204090963314
55.692432649854048	-0.325999549557204	-0.56787924678273349
56.380983964590889	0.66397899110662406	0.46432409026887583
56.224691354482026	-0.5247391526372549	0.74038369260993142
55.120906460589573	-0.67170656820453678	-1.1719431885655869
55.721037606718824	-0.10752493803465317	-1.1282428164390184
54.824296713637281	0.58402629938088302	0.73286792148160385
56.286122078225652	-0.34021074503714338	0.79113016872564867
56.277806784477654	-0.032113373083883193	0.35694122192115574
55.919300128663174	0.84949482669682963	0.38833344463950453
55.719344629333023	-0.94592622722967101	0.49900489395596082
56.401518556798791	0.88688513435204308	0.036245209615386867
55.327789761093513	1.2238545255115962	-0.069867521728956439
55.932652199578378	-0.29828536456673777	0.60889949263375798
55.575445234999023	0.54406180001405968	-0.27341873455994775
56.066515038210916	0.99351115644639987	-0.20778332638735109
55.043304675736152	-0.55339785687827692	-0.4951760986190783
55.48290122027182	0.11565574672948493	-0.91917389960124174
55.203370306933401	-1.3387473577895703	-0.51694975003546439
56.077404968721488	0.078791204900430525	-1.0748765847497179
56.410497358909801	1.4251244088748352	0.52072186282892108
55.888287995692977	-0.39642206083690879	0.63445708759191988
55.101430627590553	-0.21916008683977664	-0.80924993420815217
56.12895456196712	-0.86164480158024181	0.46180722240872168
55.832899971363126	-0.41594167033448431	-0.304428191766417
54.760235748483908	0.59364901818704197	0.51556735145556343
56.346475365690814	0.56195465345353968	0.731441221297638
54.815371149897629	-0.041125824659533079	0.91843843513659007
55.276153008946196	0.62179488123096915	-1.1184551237661005
55.934079168839553	-1.2906892764796531	0.30675850256581166
55.870193606572592	-0.49500262313448129	0.67138290676910706
56.145942543486065	-0.70433779033536514	-0.92355805790293566
55.333366237271875	-0.64995501095788688	-0.64588950144715307
55.756512133318303	0.8565894656083034	-0.13461947373800923
55.361694199662594	0.62465629652935051	0.40681314491890597
55.401271046121963	1.0290004953879281	0.99789256248240998
54.849211851340257	0.17992869937253961	0.57821711859390057
56.593583008932285	-0.27205395522697756	-0.8034862377736961
55.570361204699836	-0.46611638787662923	0.54707700418859684
55.187064173796244	1.2507676345620833	-0.12778240199391444
55.499593645016184	1.1064725768243284	0.10515195741977913
54.682897403205125	-0.23403833449100056	1.2627164490336567
55.020601616772304	-1.2050244001907768	0.82025767951766415
55.396542923463173	-0.50816331460913788	0.87488096608513599
55.940689293843022	-0.28358011180622794	-0.51830393746720194
55.407973979961689	-1.3492883952756998	-0.97252241937051631
54.862067410688624	-0.40183587707069385	-0.94107498514909182
55.498273303888098	0.26173981120900108	-0.79836385267102483
55.816336856345025	0.7040343579474454	0.56730340294217563
56.078939733021109	0.86875740852489225	-0.22994479590024219
55.530295399622112	-0.85638702179383586	0.11581843238957386
55.346408441571292	-0.30693391962124517	-0.5375655823526162
55.949136027470864	-0.77768940919760021	-0.95166542289803524
55.924706568199632	0.19905017316830781	0.8238073280766276
56.208600197964337	0.056002000482650943	0.18742330792854764
54.807981936360711	-0.75119147542920672	0.062573189894453471
54.929952582065553	0.49145502898301713	0.50664725754719198
55.723302348268149	-0.33911758775691941	0.56839016541968801
55.493773721021313	-0.70106993009088214	0.41523890139139097
55.419007159288128	0.034230002574049741	0.85571775735444855
54.854203654210892	-0.74756751514594166	-0.66582054530382051
55.954004549033542	0.61280248968865614	-0.59796096516380592
56.544080804893305	0.18304260613830936	-0.40895584883718206
56.146780871020574	0.35988925271781913	1.0624549851758676
55.95115393664242	-0.065125615802397355	-1.5414491909320331
54.868258802430823	0.34220811755801339	0.49758772291678965
54.739455945495052	0.60319253166934128	-0.11449696192996836
56.215732764454252	-0.93003177749236943	-0.65299221836259014
55.785064899604052	-0.77501660065320699	-0.45359738127472543
56.18628588469889	0.47754898289965986	0.60055176812368694
54.600563646359632	0.97249969076514087	0.23786383289711627
56.241801268777742	0.042985820624865861	0.88152897809265129
55.708603122986112	-0.84611801401767361	0.12114501238722479
55.332719578212682	-0.045846431925939707	-1.0417600393524766
56.235836489101509	-0.75424737614459936	0.76075535448644194
56.02454678283317	1.0363800429616314	0.033548423725576364
56.497674115051517	0.13048737299812124	-0.75995618120111486
55.516874619839378	-0.18260187975575037	-0.85950957092529734
56.592813643723609	-0.034505770107516237	-0.40381664326879652
56.233036587932922	-0.86329139978976677	-0.19942765175951238
56.135008128366799	0.65003661774948873	-0.45944894835459987
55.260301513447295	-0.21983979844706092	-0.5125069528002324
56.512167490056086	0.094463589282942823	0.30631681514126935
55.013247554975777	0.075824443060133667	0.56679832818753273
55.889001260038093	-0.51028735878661702	1.3923923055903569
56.550168097010769	0.23354648615365065	1.0196289502179723
56.365189228264143	0.97057267039370398	-0.59249785032790003
55.482143756313555	0.7208911787055915	0.21898673711270711
56.393877451247896	0.65248769282018082	0.34105359522446393
55.865785967727682	0.25523900509309355	1.0355721193016394
54.659040069690654	-0.53912791500301172	0.013218275206515999
55.801832522047981	-0.089135641471223923	-0.77003181476722982
55.809636909044897	0.20223531001915124	-0.42208907208434127
55.399200018826683	0.77725441162479814	0.073750206181449368
55.173193151684558	0.56941078274286139	0.15362882472207531
56.217229418123289	-0.96432802956895691	0.18875541506062971
43.240679410604308	-7.5097246722304574	-4.4024377371112804
55.842135134129691	0.63898233689399719	1.1950321445795771
56.424879953674676	-0.56781162352587478	-0.44913353267798889
55.806867379601904	-0.55571490637042575	-0.66852964391412728
55.570778638900322	0.6246686886980638	0.45918138929668767
56.092710179132411	0.80012954829511418	1.360254366530887
56.266254898730509	0.5872852310229183	0.50547726822765959
55.209144067021128	-0.70644661222440386	0.17902246236018599
56.147041973613355	0.32592656718989554	0.57902192420531962
55.603123433688488	0.20061129363560629	1.2976062937716806
55.155254927537577	0.10890451541948827	-0.69082327650860209
55.147343584748675	-0.65291270376250821	-0.23646920674608415
55.823043702685446	1.0837069724253854	0.63772772632853025
55.950892229138141	0.17077662124025905	0.91408948213333918
55.072606029590183	-0.46621677709043285	1.1219532090010429
56.078409165408111	0.72934941234994599	0.48766893325086724
56.132430583365945	-1.1872678468221527	1.1298221636345549
55.191652817032619	0.25959560164062112	-1.0861613432874322
56.785973234297387	-0.8179489740350232	-0.49958938107339473
55.780079047277361	0.34478773304117466	-1.2101967190379792
54.997262190010183	0.43528903609177638	-0.91962801546517015
55.198376013757944	-0.66726538081273712	0.43434381022730417
55.830986877108451	-0.18505765911857056	-0.65274224478482423
56.15780140589883	0.49039168807431616	-0.79333640313082587
55.142000432911928	-0.37683400300602793	-0.12311364195585058
54.759609732703204	1.0412451329856205	-0.7929003799011145
56.040159752367714	1.0338549856482948	-0.082102540282992062
56.229240897279624	0.52277699998327387	0.82071180681289346
56.337391537653964	0.79669496634860604	0.74946309035148184
55.07849834885517	-0.7898152400088172	-0.37394580861684579
55.686215662671962	-0.91381754037797569	-0.36034606838333005
55.78910647709084	0.24759916663158063	0.41789999941661915
55.398919499000932	0.18261156684663471	1.0061390095822935
56.304082500139799	-0.49188156625042512	1.0891748035235345
55.438569183787884	0.44803463696985896	-0.39980423671163856
56.561037988083683	0.82090740503242599	-0.16114452755735303
55.577205767657617	-0.25841563168193016	1.032691126234587
55.594411542543007	0.98103450148693538	-0.59232855058732214
56.469874886706279	-0.99064925993809616	-0.066597857858094522
56.350681212566975	1.1537438934152713	0.055828594639268453
55.47242985077434	-0.96390364382838811	-0.10581770834895135
56.503384384383729	-0.62088006940558327	-1.0984572831991979
55.993969407640492	-0.97295174978788723	0.68813629952477562
52.280046108277553	-3.310379469560107	-4.9269699259302211
56.526543419622008	-0.26888487361116414	0.50545291006702697
55.564771958755593	-1.0533875026064201	0.17992157520288146
55.240251257413696	0.80387056613863117	-0.6237980022320424
55.90669407187584	-0.67738478373223643	0.39642862869363216
33.636640847326078	7.3174724002058626	3.9550933565976778
55.3952317158966	0.089554681365658376	0.7584271312401466
56.698798842771438	0.51726862407498175	-0.37082120352388093
54.703242894596002	0.22176947267568919	-0.66063628087984194
56.148527946391916	0.42248554414357908	0.12332233731911608
54.892618864599065	0.79250740762063232	0.22226873717695667
55.058551389375452	1.1374743956260094	-0.22069456832420656
55.559813864361338	-0.67335868096451013	0.70891373013448744
55.600631762354645	-0.076098447733857183	0.86521135221603085
55.324795738784388	1.5351361834623025	-0.444996958754659
55.261510747644806	1.0325077251246371	-0.081971978107118468
55.09741004228303	0.52685098850299772	0.018361727790716924
55.541292864451485	0.13320585160655427	1.0052202729126398
56.75275160554115	-0.15593363362128215	-0.80390445603248584
55.435121771883566	-1.0665713007925217	-0.32885862578740754
56.661262627778392	-0.66986791659536649	0.74389365801392693
55.168330365386758	-1.0359303009024268	0.10181598214327849
56.19899569076091	0.086246224780741815	0.76430539850676305
55.592447303384205	0.79106118450664142	0.67903893548555028
55.988996860906475	0.49013371508950704	-0.68418435705588776
55.105859987251016	0.3580080327066667	-0.36041418571808881
54.737111470333176	-1.1685824415652897	-0.11679876673316315
54.772853168108419	-0.45334749736152768	1.2445046923888476
56.210468611856605	-0.069256880868435733	0.98118206384587947
55.44286699349901	0.70796400498166512	-0.13173438196534729
55.537514597326634	-1.2644868698737306	0.43328503984243466
55.569295366437046	-0.67920537458900221	-0.18836394936885326
55.014144620881645	0.23197372245106285	0.54241165239419575
56.223143355009704	0.9831951055003435	0.25978793774379655
55.715680376793884	0.083280865967040901	-0.81388960440376212
54.869752787784755	-0.80063872154667504	0.54318179440439673
54.702728135321962	-0.94589578190159451	-0.24771529506890752
55.211928570714925	0.45011202191441146	-0.79016410140612825
55.44959297147151	-1.1967660971985137	-0.40965840673885939
54.723783137485682	-1.1171763137609521	0.60422772126472568
55.06293939019578	-1.1862580179175555	-0.06313818638066597
54.947657804306068	-0.71526073856964745	0.16009997925615518
54.819212330493691	-0.92335507805980188	0.46488203985815685
56.297586543115088	-0.21628567699523535	-1.0700338257700004
55.57228340924086	0.77851598324130933	-0.3934977259160683
56.051587274915988	-0.7098813493391416	-0.36900724077271629
55.901806421729525	0.084617355297695651	-2.8507398322395341
56.30975978849979	-1.0510557824062081	0.36028161279383686
55.802524785626588	0.79521727936039799	-0.20558808986614899
54.831128002282064	-1.6477002805959646	-1.6079295622016969
56.176438159976477	0.47715697847770838	-0.62449528157531375
54.931923700441196	0.099345250016074457	0.91060166625471595
55.247037158818749	1.1190616998980332	-0.71956487606997543
55.636067959253751	-0.32252897933634367	-0.4144485037447122
55.726172113749733	-0.53210158929628615	-0.85569427835979706
55.201914113912324	-0.5249431520831892	-0.8769126468419679
56.161562503024449	0.49743958946957667	0.37720575267216222
56.369345579708735	-0.65603564623421728	-0.73379586946834918
56.458497025358049	0.72656392632782052	-0.0076554266703962688
55.33407964316612	0.51561103114837481	-0.76122395853175684
56.033333016172776	0.80608135351339771	0.32950532285134893
55.603700370434609	-0.66155959882449789	0.59901262035487612
56.42580680426834	1.6645155886259573	-0.16032641934077199
56.282463854918163	-0.051592536699282251	-1.6381692935260321
54.833559172528268	-0.88078140638427649	-0.55637382963326087
55.293599495193028	0.45204574754968496	0.27515568762226172
56.027563873917032	-0.24544863841695361	-0.5836651127950826
56.252398937327364	-0.19277232190151972	-0.79696439770241922
55.021690701589492	0.43643014362932669	0.0168280528194754
55.348472662617098	-0.33852040052475207	0.74927700144865872
55.572105936046405	-0.8834304294467904	-0.60651079241706352
55.558346741972464	-0.73397868996078852	0.46562901275043456
55.352126810684979	-0.15262954974913676	0.67130156924102224
56.338439486605864	-0.80050338534117704	-0.29441419883334913
55.497419422165294	1.6465096719356509	-0.098150794438084957
56.393704091985235	0.87248876224113803	-0.22116540935655757
55.481482082953747	-0.024952201770624446	0.8095516687049612
56.344893131594254	0.5729538912113582	-0.51872091645088791
56.408302735865746	0.72810330532359113	-0.49931755821639789
56.428967397456915	0.81272948660434174	0.26233055385492671
54.842201359302294	0.44767300674571148	-0.067517173852127535
55.337110913135341	0.49437413599523483	-0.39014016925858386
55.972549908401348	-0.59088709606839462	0.65216711481006384
56.307091508927115	0.45603711474659003	0.70698282608509211
54.574789518259834	0.81474597816306527	-0.053110990567289032
55.531444325181738	-0.08842623109032513	0.93472791895819207
55.893288016343661	-0.27174682871036238	0.84775873773250476
56.383427597091902	-0.17283293649581324	-0.68794723631581312
55.680647259051717	-0.38900337850509414	-0.9090160145197147
54.693746037051902	-0.61471556345780753	-0.082520258145757697
56.087294663860341	0.87249641923519139	-0.39518879788424893
55.420987011637195	-1.2599487172509001	0.69340120368297531
54.698045293654594	-0.050017443494946308	-1.0961802496477915
56.291349924435742	0.88089881428078842	0.30907151070076067
55.258141661329937	-0.49956034843677011	-0.10554961749607221
54.864692979234839	-0.88060580507712305	0.40123432961142663
56.524199584595628	-1.0850052641971324	-0.78884242203045396
56.231815375601919	1.1168185324815825	0.37422282786113031
56.175302685608536	0.68559714380932801	0.47677100625718494
55.251483863108568	-0.90778570664951452	-0.63963598541222277
54.954238725015479	-0.96088181840805598	0.044025741904481233
55.671972846341866	0.31337368949134176	-0.79078326958584944
55.42989473370335	-0.79414397142069093	0.18215371941880201
56.336290785487989	-0.054023195578985779	0.99523486615471812
55.454508825708942	-0.78211618959808171	-0.69602141232484183
55.921723552436667	1.1299037844431212	0.39553456825073974
55.891174897754574	-0.21978768748430602	0.34153843876888784
56.524134275365391	0.36721922026815657	0.64474993284932813
56.600264086191181	0.16735280202918401	-0.052919975261369129
55.144265935383743	0.95094839384545871	0.26057458927928778
54.653829513531562	-0.020493459941349851	-1.0811204538495507
56.170245111773646	0.18229980542551597	0.83845208770835811
54.784517695346061	-0.49608709728039985	-0.45725245815758142
55.995410674002997	-0.85698786679791294	-0.59243227552034272
55.436222349115759	-1.1238867381414746	0.40223763818835451
54.708335264731204	-0.33455973372179182	-0.31443871571393028
55.347361587570539	-0.12997918302258071	-0.80641886491213444
54.789317803073132	-0.60247675678203305	-0.029664344654501219
55.535207938774619	0.43451338085958069	1.0264939901923451
56.282440194354635	0.83146412200103148	-0.92478262335783445
55.217400333401827	0.50770438249889371	0.67647731396411581
54.878978132631154	-0.53010605178414461	0.76134043633344028
55.168806604554049	0.80708442714445383	0.23490389688553406
56.292639168469755	-0.061743756304764176	-0.55844695977612813
55.247566632510953	0.78323423533410086	-0.62216551269383169
54.718410791980638	-1.0089085216981941	0.21471708057850844
55.393623974758896	-0.56697356266195598	-0.39312161149847102
56.116349184162736	0.55060708591004248	0.3501525086028115
55.029276838836928	-0.35004260473327914	0.29573690690860444
55.738041551910563	0.71923293059605253	0.12986373406864957
55.967524458916479	0.16161389206011403	0.33692583850241392
54.69885272981309	0.047758946498106483	0.16974272132141474
56.56842198111196	-0.37663637113971782	0.71952891318408274
55.786641045051418	-0.2655015276200568	0.69328949023359487
55.849121952438004	1.0048340365693664	0.1844553607361008
56.033037263788408	0.39382358554320024	0.7553981554367597
55.737306038936467	-0.65960422839460375	0.26188516061071765
54.956799543573865	0.88565612394203808	0.66768768142203383
56.365888737792766	0.048653534856677089	-0.67914529405633828
56.424155525811805	0.81361413566728846	1.0010750361158511
54.975016487736838	-0.39985157416654277	-0.78356625594177576
55.059015218015055	0.11093382998015812	1.0455831945124239
56.176962104605899	0.63379014903278197	0.28415254860515959
55.331836411948466	0.22035482923174995	1.0736923399993326
55.264095617328536	0.58889756920294667	-0.14992137612322728
54.657711435814839	1.0105936552198984	0.29385808428926219
55.779177707645019	0.80736832620223653	0.20931784150080435
55.073314193181808	-0.37006159809212907	-0.11059988664160142
55.088827746222094	0.075541334637546462	0.60467770236510299
55.630526786538411	-0.60537292055426217	1.1516025073096752
56.025228499982298	0.11104418798200473	0.90798602181632171
55.000998265362377	0.75242890188444522	-0.56252363119394122
56.238837819352092	1.2148209556626819	-0.36159343838018115
56.029842664429758	-0.018696321950274295	-0.8923530416411759
56.314483851509159	-0.43487635212126113	0.6817406177847376
55.872453332036741	0.54274153004201597	-0.69349979672070816
43.371261704299137	-1.9947363470552286	-8.4042203837663134
54.967829492031534	-0.93674822935126778	-0.27492434704997049
56.278876270727316	-0.58579903471529304	0.65898869009710803
56.248868697929261	-1.1027649416158043	0.49999101189257333
55.155788352166553	-0.8760464918356633	0.32263819970021657
55.780694428253121	0.47772331753491215	0.33655010491418913
55.191245768342384	-0.33898879079672856	-0.50185517008277303
56.121587650751337	-0.75231941952168413	-0.6361946591245432
54.617416447504972	-0.12039211444333053	-1.0879569185406235
56.586451658309144	1.0887802544029244	0.16719900592984802
56.558938283972509	-0.72021002503610454	-0.23464917749553199
56.375779480259133	-0.83773759228500144	0.08684213042292134
54.94760122050107	0.90274827542930325	0.65605337352996473
56.438501522272141	-0.86648617651046833	-0.16801672977881982
55.383985396168889	0.12658911642574364	0.64602454518656005
55.188273529887752	0.51688289907998397	0.22697872207771369
55.269394620810317	0.27645249923470522	-0.50466540004326343
56.323443486808387	-0.17626580907414968	-1.866318819357226
56.360831082160267	-0.21591873016635427	-1.2109635534410921
55.168827463698854	-0.7838767615712614	0.34967095394019165
56.183708656281816	-0.95664667411471838	0.14359652448529839
56.16600342675725	-0.77738160804163581	0.34951393640410133
55.731423793726421	-0.69078999070173686	-0.044651196687506105
55.078712544747567	-0.88462702334442989	0.2645004940719386
55.631171115915116	-0.10896009364193941	0.66925137535970314
55.293933776658328	-0.5046248639931219	0.93196077747397144
54.778920625662245	0.35564619802108971	-0.63650209967876292
54.844280183979969	0.64248318500158896	0.59058405611651732
56.119639557067757	0.23093593687850508	0.52618355728724131
56.595477674822639	0.54129784005076853	0.018467203151826449
54.598509483014816	-0.53174624675660964	1.5294892578102042
55.453964854272407	0.41007596201166258	0.87599408420402392
55.395344225536995	0.030060082157681994	-0.92273374096558769
56.342723101052322	-0.86307438085180122	-0.67686308273692919
54.914011803352366	-0.5250343548552564	0.76283981145802104
55.339767395511615	0.59093364123065761	-0.46478585094306407
54.820719071299955	-0.83313013680872816	-0.53523688613857612
56.341973000683609	-0.37474939482737335	0.83559464430118824
55.979460954496069	-0.25990613712569144	-1.2602975799892018
54.847185882244297	-0.46670483357297687	-0.46708625722373637
55.624664847702149	-0.044545723441977873	0.60742287061672384
54.87797206979598	-0.83951771969916311	-0.4361632311368564
55.551773575894813	0.50905138703364439	0.82081212510143742
54.996755999933363	-0.33418966505322101	-0.26347649404662726
56.151074495656566	0.41402106393553639	0.53534923141023816
56.559164007037978	0.88840932207179835	0.02654558549802161
56.361170667792976	0.20935002426549296	1.1583347099057715
56.090364435000524	1.0175309247434201	0.25143016403911622
55.731752222983125	0.87185936125907493	0.018093578125242316
55.472774247056499	0.91711134327922228	0.1927968430352861
56.397739627351491	-0.42731080373366925	-0.77472561956651809
54.528500232496597	0.54015152187788529	0.12902330315115379
56.282967058336531	-0.036034674760939363	1.141229964268575
54.835066041093043	-0.79955242918719394	1.4046035371862824
55.135010267451236	0.16496051940363057	-1.0388713040722901
55.551439566663646	1.090895290319986	0.053870706679463802
54.99692717580632	0.58496554847756888	0.26867565950040873
56.15052452226643	0.68419136904290057	-0.03744977874486561
54.77608419212779	0.37932955225166209	-0.66373893230281833
55.796328863602916	0.25729471635133472	0.44866081134988051
56.398425826297569	-0.084179559376601751	0.80368200902076192
56.368176188614342	-0.3960443981584999	0.48124078797073655
54.765598361328941	0.16131015335421675	-0.49500114195117417
56.532772288061253	-0.82995868532582739	0.82912598756463995
54.954320323853779	-0.33675524065060825	0.43290994056893223
55.518123204536415	0.20065772048787225	-0.91778606932512663
55.117291084595408	0.96954662347078147	-0.29700975557602427
54.935903410473706	0.34069795977269168	-0.21494285389142298
54.999945469072713	-0.62682842901780644	0.55540278937686693
55.926173521211048	-0.71263946518224075	0.21074895663084386
55.030883745642427	-0.21262948390444089	-1.0339467632562367
56.575225094436945	-0.80313850948798837	-0.19305454311591472
55.488217434964547	0.38803513458833405	0.86110921021850828
55.596544884833335	0.37967941172134934	1.0472564393812132
56.300434029410432	0.6538581462246249	0.39050378532356395
56.460737960510329	0.46103538907336467	-0.80655141822740672
55.115975344198496	-0.84827017654441517	1.0184582830323625
55.551028622440896	-0.34684956808952461	0.78508915148269598
54.746988336562886	-0.49447915026472355	-0.64371426069839255
56.213715689254684	-0.93420156138029486	0.5761183863329733
56.06441436448754	0.98631804512428611	-0.17389585729827403
56.031319207273931	0.0024326343387515133	-0.87768466028309522
55.660218461775237	-0.059518933143806171	-0.46030116019843387
55.564037664586387	-0.46026295370725379	-0.84940419857050731
56.171483137062125	0.3555326013112956	0.7581306464550136
56.18660039403445	0.2867656993729687	0.94736577468915517
55.652778511863758	-0.18870915389576209	-0.97874468394565461
54.75032523674944	0.15236671359608475	-0.71190214800675056
56.296354110185526	0.34981707841182269	-0.5884249802838043
54.837161215907976	-0.59286581694739848	-0.74430777005005277
56.352475470732948	-0.55546230501728255	0.81748954316911449
55.018959076459716	0.99139907693926721	0.66113710038581708
56.688731737154505	0.89702592908345147	-0.45948027456934198
56.234831533891445	0.57047275531846819	0.95452688623674364
55.559259364284898	0.52252437454379852	-0.98026842002044312
55.463113276003305	0.81816753757053029	0.15854938985043299
56.211435015782108	-0.63667461452222762	0.63015669283057363
55.476955908095157	0.89587112076128317	0.023807564442506042
56.081791071596122	-0.37131884871723075	-0.35508626221891471
55.194660158860366	0.34131870620655691	0.66278241154407258
56.340672817506572	-1.2807107658938111	-0.61816234311004492
55.098832854659463	0.77213725000164535	0.42731870040753356
55.778823569050061	0.76527973740812172	-0.66019245646077351
56.275709708360935	0.84878860000533596	0.33700534865422349
55.326234961009646	0.18502038326286274	-0.7781825619754007
56.570594079149316	0.84868838216954534	0.46897481466403718
56.330446736028975	-0.68123892917905748	0.10445006725119534
55.926330521911872	-0.55379419175469735	-0.63101432944328173
55.328467508437249	0.12170394952409332	0.83812090120826188
54.969221203683176	-0.13845825144389068	1.1519482806317052
54.840557313497136	-0.31456647701310086	0.92063825903091057
56.116790461946707	0.53195793641306777	0.65655369289734455
55.185590773738546	0.85048772997038879	-0.39465429721558976
55.987940570367535	0.72977895636894807	0.096889771251694762
56.169821351397175	0.2656757944570281	1.0142760759295057
56.23830565534584	-0.44419551749467107	0.2508472931215987
55.147396521850339	0.28408896766763447	0.65951229532692623
55.282185987973904	0.78313006497140947	0.29381900333864397
55.016653496750799	-0.48057271188953515	-1.0481150452093855
56.602357293485561	-0.37286336680692805	-0.4692890709493629
55.943690209580488	-0.64473263865836072	-0.46657340273771086
54.825270152910065	-0.028557601329093154	0.4608025931201904
55.214864134018484	-0.59289190567263472	-0.83731981883799578
55.310044474433454	0.45137023525733655	0.67100722762119924
55.027371034281408	0.88155959091528913	-0.49068964196449782
55.825525911859835	0.59849474699423799	-0.87164138634243216
56.036112131569858	0.59626981868802531	0.76591249395033301
55.49935327868301	-0.24709984866062493	-1.6587342544108234
55.125979870646397	-0.93416779658219562	1.2062364421010692
56.617422523596915	-1.3114806007431532	0.1721147943234288
54.847301252162325	0.54687578291570949	0.88715299688387961
55.228826141604159	-0.043436406863492677	0.87081636403566776
55.99173139556266	0.7966870580887806	0.14178371567657064
55.123632922267895	0.86700112143316943	-0.94497589508183844
55.185712177361403	-0.75880797991369775	0.10909309528548006
54.991422253145139	-0.77301417557959506	0.35971343525339827
56.190180838057735	0.52030516122502435	0.45270239539508061
56.419161193235645	0.026374580061659006	-0.62115391984077828
55.344397216880807	0.61404394677160923	0.5366905666240579
55.847274746295788	-0.34500032083906945	-0.92957349899163999
54.800441582131654	-0.26251852231374351	-0.37598192221187982
55.910281980448886	-0.78750939152379695	-0.77084436229717856
55.385358270421683	0.4157665485614695	-0.95129285501637673
56.09716702476814	0.22908631120917103	1.050216049360108
55.911624756748509	-0.72585046514880092	0.0050658034737260278
54.82392946544757	-0.09087418916696384	-0.41206795084013148
56.293369616437701	-0.83297781858294151	-0.12765822903161503
55.9538726887724	-0.018101672023967876	-0.20647685413645481
56.338787854135404	-0.66365070369786561	0.70358868299333499
56.536798579739241	-0.53905307010643588	0.37447972638094856
56.280360962543675	-0.3625563480773652	0.012087495553659079
55.456009111257202	-0.25160594421727123	-0.77267942322066863
55.905530567627203	0.52791957105223364	-0.68086785167465402
55.203967702279058	0.88877121759916511	0.64171123644816563
54.937283261608904	-0.26336500930246304	0.46797888041985958
54.912620877262256	-0.029622894672241391	-1.0500141929072118
55.193862740528481	0.84609453781371269	0.22671041653816384
56.014412702546615	0.3753527635838298	-0.055747922814973622
56.187003730361646	-1.2031236985750076	0.22788254023776924
56.080735971239029	-0.8147332699080978	-0.20954934293689609
56.201406979888169	0.14221552745835242	-0.93587471217634577
55.369986384293917	-0.066191156734804968	1.2004736216458249
56.479201327739553	0.81931920817579407	-0.0030396207586008361
56.33814696812518	-0.22422077380314076	-0.71161207159638284
55.273639515180527	0.90623113619537021	-0.09218598749354398
56.255391542423155	-0.11037312308250777	0.78443210487033477
54.832699646305244	0.26822101120861341	-1.2290356972555039
55.436761917185386	1.357794588660991	0.11708111187726594
55.806770851224314	-1.1064083048297062	0.3035038078081998
55.938101707659769	0.82273319167032755	-0.18940972102999368
55.480855576483343	-0.3191405900622295	0.88217702852352931
54.953025068492806	-0.76022142216988864	0.32301533462782545
56.023376247906079	-0.26863111092248371	0.54874539557910285
55.592702153788039	-0.19572314445463249	0.046399051943888797
56.327493708032648	0.41560623251419582	1.0403655879164611
55.430275676214436	-0.73906911883972426	-1.1328395714098574
55.152840103866481	-0.67677794020571158	-0.21949358668208943
56.313886068264047	0.065025475794127777	-0.93057170392444066
55.964869365482819	-0.039806925528405437	0.65932997995403708
55.651889762860691	-0.19504439791368414	1.1888958345919811
56.098048537373003	-0.85581788900780176	-0.79825631671712138
56.014446705175956	-1.0260978376938614	0.042009256935572996
56.072620608649636	0.38853115716129033	0.15613678598696942
55.391938992560974	0.90860742823850049	-0.16151114841146635
55.160985642964143	-0.88560952101526236	0.39822751234513409
56.071923120681276	0.41227247303125669	0.93373768950180847
56.576073349677912	-0.6953580614130449	0.34472061457273556
56.182375999422376	0.48635167405911811	0.25436545802948851
55.419283343040789	0.49106866956086759	-0.30641034307420034
56.606302875914785	0.686947566968235	0.84666504423938149
55.891677279188478	1.2360868499164406	-0.65933402474005443
55.847766745982035	0.38388828728199331	0.65143022761398606
55.745182719913608	-1.2075796675160526	-0.76131604565187772
55.95649852262833	-0.38573946940038545	-0.15200511942906947
54.895764783850218	0.21774860136151322	1.1121345705522885
55.370675846845451	0.51734797546935063	-0.20711929659684974
56.137668505792057	0.74764851775301533	0.83360119545920375
55.933459141606484	-0.054489298723829294	0.87780748290121535
55.350446676502017	-0.83149338621175917	0.98816331415374115
55.028861476841605	-1.0855032752302267	0.55487188558414124
56.067817694453595	-0.58652525893263108	-0.50661964848334451
55.838962806969896	1.1921652783604135	-0.20573222413390974
55.117812890525634	-0.21358963531787853	-1.313238855218138
55.284189941370578	-0.46693756787642821	-0.93892475429135569
56.324604648172489	-0.10578652923616783	-0.59674256541526749
55.074468106505677	-0.83929992749360416	0.73867140326135117
55.107019128333413	-0.13630098432816604	-0.55132584456112221
55.526529878077547	-0.18561266841649296	-0.71592376028310323
54.796341860682304	-0.82013027908428726	0.61576564914128085
56.294596116312803	-0.41674627616756871	-0.69024124702571721
55.308342107088905	0.046936085311883764	1.2033627199726793
54.993741901195619	-0.25408682677645422	0.8769111533136883
25.97677780182639	0.71613360916443902	-0.67704612805852094
56.02442371915626	0.37669481454617199	1.0246989485414475
56.359125510934952	-0.020679953246423976	-0.78860247690998186
56.657414921278551	-0.5181688041392557	-0.50210603006673726
55.373893710528172	-0.29254523688814671	1.2860210754784078
56.530511043749584	-0.38631268310081945	0.38090573662923921
56.684438871119141	1.2966807496649069	0.095320054929401432
54.883727283530646	0.17524549527914618	-0.91482350181085081
56.330309179364967	0.1422344207374823	-0.86271000386043339
55.563771760289583	0.73322845140589921	-0.77126438704041556
55.834133257289785	-0.38812393777632109	-1.1097985826416763
55.20949747122777	-0.48192425278633433	-0.76233813098602754
55.353174294298746	0.52770565038080275	0.12220540479794885
56.073157721657381	-1.1002964504012405	-0.0087503482702368744
56.315048959412771	-0.29676074911511802	-0.65101919577232281
55.95520744305891	-0.20623915331298748	0.41000743013008456
55.590494025206631	0.75691785413080204	-0.77315201041723292
55.570444318852509	0.81717958902538546	0.7179871084960372
55.708598295077557	0.89660382418631424	0.24307903677114809
55.103596663621182	1.0737431491055667	0.9978631881409058
55.405680158560259	-1.3206842077896026	-0.77288970426002457
56.121347830896411	-1.1344304525662361	0.75983813162975156
56.067866936633536	-1.2587665556460668	-0.087417292380058464
55.853317685737494	0.22246809680487389	-0.91452594050355185
55.912356652511143	0.74649916389601123	-0.47905681910059089
54.930025148713455	0.9470774095142368	0.35291352302956641
56.284099827940793	-0.90285793297592676	0.088498734694059486
55.621315990398671	-0.042196511159079679	-0.25833822978800275
55.886213297765224	-1.4533249251785594	0.024676046285726113
55.328015351761309	-0.55631678702617682	-1.0576253726682774
56.214146767311057	0.8685818666161611	-0.46126193693232259
56.217818204951342	-0.32790828686321732	-0.71361349483717496
55.0970099527404	0.99230710931551325	-0.027275107679414198
55.980049761064144	0.42564598515282021	-0.72243858541612638
54.884419540900687	-1.3033455072820752	-0.45989725988569125
55.634481619553533	0.24144856150006289	-0.56329438016138622
56.126724472173066	-1.0024634725695587	0.097452394719801425
55.026256225561156	0.043031208989899851	0.4980028487214842
56.031813718461883	-0.70333032284802721	-0.72747114584754557
55.681302853459869	-0.55246690794589504	-0.23362691495378352
56.488439594658864	-0.92996334473260966	-0.16200163060518605
56.064997737359747	-0.55504145990948228	-0.75043970156164186
55.339656575781561	-1.0377944953694067	0.34962040519290838
55.877788105990106	-0.67903361137937335	-0.090823514245594622
56.510126816472493	-0.85830015027969409	-0.09901317311499569
56.229260722461127	-0.64884315393135206	0.57556041954019743
54.803332090742195	0.85590099302831935	0.83909300058752767
55.719680230636683	1.07924700045707	1.1188025853677832
56.398485862492798	-0.053972479346496918	-1.2534086999864109
55.890868388196743	-0.73252234610380507	-0.21509931984847119
56.275065316144008	0.54917012194179682	0.78201996063034784
55.787521086781233	0.029952211303172525	0.58649559256560513
56.273602582035195	-0.55859249811031209	-0.54867972553847555
55.408254906558568	0.031410170323717235	-0.60893923718033083
56.191435133960937	1.0236311548195247	-0.040975517835133375
56.470280713639802	0.95547548264836724	-0.22236206965439836
55.187757635354288	-0.91058444873210165	0.15282693605393591
55.671774322232146	0.66358567459854934	0.033581614388503996
56.379109769851354	0.58615496703659564	0.18911189280577786
55.891283244720185	-0.35666666900166527	-0.6845982174955535
56.342877885217966	-0.61707020659210554	-0.76163147087619776
54.800254127714048	0.61445681459822932	0.0009495537984803488
54.897621793076503	-0.60642961432083509	-1.2428884847325929
56.305482958861695	0.51722264466763812	0.58286372356328486
55.782058224079712	0.7623299897003466	-0.12157950079238923
56.393720024451973	-0.65814071172101174	0.48064276897832814
56.751792943301858	0.68538042420559075	0.59845464236176482
55.445251537539257	0.32398035334393954	-0.7336223918454059
55.162750418216319	1.0291539601683974	0.98494511225689263
55.241941451925946	-0.93201481758090932	0.2490530924190274
54.965782117518394	0.66394901070926549	1.0251493945443122
55.638321104466108	-0.046012603590535071	0.63704303910432125
55.965635517856661	-0.64872324355497601	-0.62842384100423965
55.662519262493952	-0.6774419407716824	0.55818966769146894
56.688382939161173	-0.75791658051351718	-0.97313454325650528
55.257599599655784	0.041344695029388055	-0.5086048954621325
55.200800795399203	-0.77817663333484433	-0.29785350759889817
56.199439477845338	-0.82983851649386808	0.83639471835311452
56.350248197428584	0.83813668350443171	0.13183870986734478
55.017674954847905	0.45874288886183079	0.7796263281232797
56.185430762044341	0.62888426315315005	-0.5473758034997932
55.732754847211694	-0.011127914799837482	0.89655889462272931
56.103883458107163	0.67917111008780273	0.25788625171481672
55.646930423897764	-0.89761142975135966	0.97775412713646859
54.825898314064389	1.0760695597884988	-0.046884117704333012
55.474424698375159	0.57373976053453735	-0.3017326911103258
55.265077791968089	-0.56853239863727001	0.53913455729491411
55.089230880829675	-0.65268651537018574	-0.085087718611817881
56.406728286513669	-0.57423302481835126	0.71280150049485724
55.986441702373135	0.75881655973688233	0.20852519371479697
55.524327872832409	0.56109273866265741	0.42560554411218016
55.368302571204261	0.9777838671110064	-0.47498993650352489
56.547923745531762	0.78358780311388909	-0.31358972605718982
54.789490765694033	-0.3724044451188836	-0.6056964681598993
56.107743664677344	-0.11970557925930929	0.70732683627941384
56.398429129944262	-0.56355713055175427	-0.47946611112895193
56.048072443756524	-1.2753931638187554	-0.21536367824779584
55.299422167257916	0.73824133461622932	0.52965040787436279
55.581608187886978	-0.15917168126547745	-0.83320535039469901
56.256898906271729	0.25695267191797122	-0.40364040076615693
55.261423372769535	-0.98119751148091894	0.046285879401743231
56.002260064915227	-0.43776904459529248	0.73179470428578408
55.917465917360026	0.84145464430967354	0.71953297169428376
55.752165580250157	0.45154633974436892	0.51968932612566876
56.321778831946474	-0.010776248647080195	0.87885450616018113
55.271917497271481	-0.67892131410681833	-0.70739879751496537
56.396916023514422	-1.179922800753622	-0.076826219937582388
55.997961354087238	-1.1480794516162833	-0.72206147527336673
55.467933226769652	-0.3860601483242409	-0.78761196353031004
56.543415494370002	0.98148762400530665	0.22924552517607086
50.332025967637165	5.6888614196522225	3.8651740737037592
55.35895085605415	-0.86151490833749256	0.49698940017697574
54.848361850979664	-0.67789095097057728	-0.49179075980981468
55.490050790914538	0.50606748890090258	-0.18439227682641632
55.957621956110422	0.35429951392216402	0.92425965627875428
54.931536400652909	-0.41056544840462994	0.84497720741357751
55.344388310996592	0.98619741176521525	0.24271658407780458
55.453246557307537	0.71578751789774053	0.78910617039215836
55.047866365488083	0.086578594082451638	0.20577910147750028
56.295828553755385	0.8104284263480499	0.58839928444726586
55.315107936464919	-0.95826690154417749	0.063841988703873198
55.367002509182683	-0.8051198126033724	-0.68201555444983075
54.837296820965186	-0.17287629237024713	-0.6479465571592673
54.902363638057921	1.0213657938029943	-0.89307195032713049
56.119186915642658	-0.65552858266460434	0.61510432126088344
55.134626892547544	-0.39544064595302103	0.83918252117264003
55.075247676718099	-0.79754745771242319	0.19751816972632982
56.012226420940316	0.62928620543790448	0.6364210446016505
55.928684462303082	0.99342819352578104	0.8079591817571532
56.368090402037808	-0.53734231233595675	0.72933719090532445
55.057153692936268	0.35693565195259164	1.0894764330720537
56.459626050396949	0.59724636246816376	0.16624899949407076
56.205987521405184	0.7249189194533292	-0.063534778463667632
56.121865336904904	0.39304197568362931	0.948368049032698
56.195783206213669	0.57324229588915621	0.15853539677055936
56.760024315471064	-0.44774405776736398	-0.61525295424107407
54.753393478163382	0.9268106281088665	-0.70312308655668854
54.806453692909152	0.5496898698354864	1.2815843171597148
54.857011035462932	0.45435625210543307	0.87524755315946967
56.000228931445903	-0.7505823871649816	0.31277410535170475
54.927228782319439	-0.37361259338681435	-0.40604545528843988
55.403851029860583	0.83878031693180521	-0.056802074915848787
56.686100934470758	0.47020777021732479	0.41178410623241574
55.48954094812288	0.97268468306031464	0.48325431198761737
55.795980984871299	0.91367809070050676	-0.17915067492625045
56.199044379996018	-0.64137042893580587	1.4834266708705561
55.020922028362186	-1.14259507666107	0.8369521269327912
55.082338983274589	0.62460309470456199	-0.23366531694986467
55.544492943644073	-1.1838365307933985	-0.034904808681291033
55.662874759697857	0.36925367119660596	0.84169158835867142
56.456234104802107	-0.33435988216551277	0.80307031219049818
54.953919071028942	-0.83166801744379237	-0.74698733259994554
56.589381166205179	-0.024638248231917716	0.85827802766379535
56.032128035665451	0.90883661366231916	0.44792870494644427
55.987790892860303	1.0228668313232343	0.78763587323439055
55.978626803902429	-0.29949854779161705	0.72175377124986428
55.469184490285414	0.52916695743879638	-0.099064572659217531
55.637257359198692	0.7315712008312214	0.001936480646893831
56.490446084152325	-0.36788113553859414	-0.27201258890471303
28.047333650416039	5.9468947095215245	-3.6618082993639995
54.917105932692181	-0.49145918273986999	0.73209336568417149
56.708196244069327	-0.66261581434532357	-0.01917443914586665
55.49855090086912	0.68903565833016556	0.28698739847864901
56.261594466989266	0.14943856450332238	-0.90531806741611986
56.194458130710537	-0.95851708543187808	0.73621333425257707
55.074066887082871	-0.15729727605944985	0.90585914730977446
55.310659513519987	1.3126704671166811	0.60806515789102533
55.454871391998033	0.68626131110594435	-0.30847252156268956
55.122133922058623	0.44277266966620538	0.67670156223652145
55.125553663840535	0.85411689325184537	-0.85146327457751902
55.257065848989519	0.23828304224803687	-0.44989370190111744
55.727660145891413	0.50185114758578087	-0.81431917882743909
55.662940662430991	0.23699515628163098	-0.77257180587689311
54.897484103306468	0.26910951280053808	0.620737727865593
54.994358385143414	0.49346604551009782	0.71948685668938306
55.218454842448146	-0.15295783914515632	-0.63548784894456778
54.934798274185901	-0.81696029701949058	-0.56744702696334981
56.643557192276958	0.76497588815274764	0.48998568940482595
56.106775117870164	-0.65937081480266435	0.22098832144226507
54.724077089585776	0.61737728816914095	-0.9963183204251066
56.579748720376564	2.0247950734506848	-0.53422441642467322
54.896718709284507	-0.85153512909437834	-0.42513992184728788
55.153680388598019	-0.4931825258825448	-1.2178511654493973
55.814320853812617	-1.1203808154782335	0.0025621042987598068
54.752372970246334	-0.14537643219284632	0.61173960706085828
56.460060556575982	-0.052609481887628172	-0.7952547495109088
55.290943341025169	0.073663556938489541	-0.82440093869425579
55.301684853765494	-0.52683203786535004	0.50255585312590489
55.971432971941177	-0.28978412662226616	1.2582455831274446
56.363520306439831	0.59939126955635325	-0.60468523818297992
55.670942212764238	0.87452460871899884	-0.72186635725116222
55.966050813725921	0.52943828558340478	-0.6993790818350879
56.413224582020355	-0.40893863224908167	-0.43254987923237548
55.112935134740972	0.025773424978476796	-0.98784044081083611
54.828174592983572	-0.91872043802387737	0.82606629007057419
55.637241826334389	0.48984293555264508	0.20777183693779946
56.390987658640952	0.83469320921350054	0.38808051366845697
55.824685729929811	-0.015808157540067397	0.6417797016612109
56.229633650107168	0.44469441075641336	-0.79388913979672193
56.423151025338598	0.48233818439773218	0.88876465702013541
54.690880024713699	0.76635113630464879	-0.47831810277089981
55.290946398358244	0.61746555680607051	0.81932166743877199
55.083474457082318	-0.80393127473280135	-0.68446753903717283
55.448725470025941	-0.089564586028219997	0.81173641311761568
56.041829794286876	0.65605411341106401	0.071391545474014897
56.49396872537524	-0.92291287475505646	0.2371361307419701
56.431348752997295	-0.6260096536448323	-0.5168965704487859
56.131239779965803	-0.91763438763232585	0.60527256373194971
54.925849520432926	-0.17394247523513381	0.86036458573332786
56.144980546259191	-0.71335005151150011	0.64917415202042483
55.578888326853551	-0.6282292215360471	0.3858571862458044
55.847777744006244	-0.26834278376284137	0.80015238232652031
55.473589787221151	-0.64199488652475256	1.6407487875654374
56.5365279061078	0.074590607916494786	0.47664929847182158
56.643075430882234	-0.78931041113983269	-0.81777191617832234
56.137010808470784	0.15720489872836937	-0.23515338040942024
55.13311522290968	0.61661149424760175	0.86703956702091767
55.734003712799456	-0.51481765822904157	0.95004509747322519
56.02270771260158	0.7653688913444725	0.88651906799533242
55.778798915931404	0.22944601234372972	-0.32513777706437297
29.326863221510511	-4.9815768202073922	-5.2087635908610777
55.995029682801785	-0.059494230354635753	-1.0355999111316321
54.688423376731755	1.6533638059205533	-0.62206988546595132
54.731366251537892	0.97039259435950431	-0.15108468033884409
55.128036526513817	-0.17774652202778093	0.41261402289717053
56.436426798625547	-1.0168208238782772	0.28741421282309748
56.093805928737318	-0.39325278919984419	-0.84196598526999589
56.215387201359235	0.88962140280253377	-0.44076729427954808
56.482309131259498	-0.58942359408095535	-0.70112569192962693
55.835698507599368	0.22596656976149396	1.243907614419004
55.593633329103845	0.8283595339976263	0.17850125412909815
55.258760161002776	1.1858479154871924	-0.14505389151052436
56.329867715916393	0.1231789309767994	-0.1326371848705713
56.250796930742339	-0.37711720754370376	0.82028045677865369
54.977660402560979	-0.95393824930523818	0.47196136287395557
55.644864506203639	0.98218073163884378	0.044954264807461855
56.473620084452335	-0.89575230816128515	-0.23560765773010503
55.36310223064946	0.57328967338286063	-0.54447157513638267
55.545717420151938	0.32120721852134149	0.82010510769403677
56.333196332991434	-0.78861771593892294	-0.0025649753921366883
56.389978596215734	-0.36583429212138369	-0.66847045377340575
56.043590915576516	0.8470145487696884	0.00033392632370732485
55.270942700049794	-1.1506199058385038	-0.13034556157091332
54.667649561181058	0.89171112995032265	-0.21987121408777793
55.121815851960122	-0.69489003045125242	0.23102641273424471
56.69935571037103	-0.73678981036752067	-0.42911982181055508
55.049782890053152	-0.067132844393815366	-1.1636684304826939
55.139991145166796	0.27518810864179749	0.86053437196355653
55.441292901189485	-0.56013166756928401	0.9763655847129985
55.639397627145492	0.96292566520774336	0.7558549708646215
54.816242871514419	-1.1788105952691945	-0.21437655857703392
54.84719210310557	-6.6882189658986198	-0.92850501071284353
55.015433689936003	0.021824851584910109	-1.3264994500114882
56.637205286745669	0.15395078626661202	0.74200171886165367
55.047051125958163	0.11082803405759158	0.79459399161941136
55.821793531573988	0.47278372170517802	-0.82328671819153043
55.900429231074462	0.033218199758045908	1.0376543368006936
56.569972998602474	0.04657668067180247	-0.87810802611180316
55.675009093376794	0.097865313598118162	0.81232442033011165
56.208261517867008	-0.87069097181229527	-0.71010588487571602
56.246683213869638	0.30579274090695024	0.53412573577923317
54.873725837026889	-0.35219089321647223	0.9929772463399098
54.979249790272995	0.67520558517642393	-1.0478038089667348
55.619071706976023	1.1304619349022469	0.2977377576257797
55.171525148536134	0.62698134780390713	-0.86154632990299529
55.327837928690677	0.011152180193111061	0.37535052119058243
55.247410850126769	0.055462661467214985	-1.0133099078910819
54.762883808336611	0.8263350082143085	-0.97123625483108578
55.509607640618484	-0.41869951010374634	0.6132366336179198
55.505746993122621	0.61248292190361042	-0.9067055945895709
55.873485923584752	0.09151838386587903	-0.92955883622888724
56.536359183165644	0.70912141291602482	0.24773917864827746
54.862956229170543	-1.0656915227807722	-0.3488667126416421
54.521128876804028	-0.82846961152534626	0.97543116620515047
55.638677916087644	0.53572596344326784	-1.0365095867795324
55.352922014738823	0.74759739589288576	0.0069780598162057722
55.833107255911926	-0.81868149981255156	0.26456670930448734
54.99443888504409	0.2255795631099565	0.48062358667888649
55.029520313805669	0.096199158047857822	0.50463255893709136
35.303697777642952	-2.0395604813528565	8.6025123085490858
55.688195157813333	-0.36183809214381157	-0.84954551748406704
56.179598608175652	-0.35287904017097249	0.96201016338945133
54.750231415832566	0.75767366195841779	0.41629185372832506
54.863141172407808	-0.4484283389930499	0.69277042239509423
55.659226194157128	0.63371436469043763	0.59099043183135713
54.770870786752553	0.36138810770235935	-0.79234197912416837
55.415770119132347	-0.85064548510450988	-0.25945262826682275
55.077801297967284	1.2424540235748176	0.4509685791295297
54.868945807523538	0.27548272526031337	-0.60256070869852563
54.769741830082772	0.21971872233928916	-0.89581107749465416
56.364653552098005	0.67648056684793934	-0.72037118636641084
55.678052952163277	-0.17430009695636986	1.3397503800476231
55.359928709129221	-1.1022749012509567	-0.65498487571226449
55.43318835491683	-0.24475985985659676	-0.39186045790966734
55.262396838723632	-0.46805828302544134	0.35498911979690945
55.302470467405477	-0.32551665662457885	0.67317249681475799
56.43163081051371	-0.78052984573264528	0.27539033724500328
54.826053289962744	0.71479524722497256	1.3855752645259101
55.988071338651913	0.51871111333350717	0.4132582568517193
56.532226014365172	0.55903441985612778	-0.47272901617365692
55.501742670053879	0.46342181409160965	-0.27172631840291006
55.119650470886597	0.90283200127763796	0.13646767116994518
55.290902956915389	-0.062508222486328466	-0.21905002097085535
56.136998007783106	0.77203653229961755	0.27288660080878119
55.593975831745553	-0.3929136869335712	-0.17896859327217582
55.289633305989575	-0.77983238877940619	-0.10372294965138509
55.52101731413098	0.54597558607168495	-0.24971437992052506
56.289446114150316	0.15161999110689409	0.79046270522184758
55.263898552330524	0.40063314773994541	0.45314393974623768
56.507158408322155	0.6450916741698618	-0.42624179520929478
55.41583028122507	-0.41512172045578094	-0.8225082599057546
55.706809705307535	-1.0306827541178738	0.0036764918502615014
55.981933363044028	-0.88587638425357362	-0.26917167715639689
55.758167358043245	-0.8113989697232209	0.087520293387064185
55.044837288166931	0.95695562049754446	0.53881577230936417
54.566353468358159	-0.56269764212738405	-0.65285019469684269
55.39401227658314	0.98774785462203696	1.0281891083128967
55.651555845872878	-0.89361087015405094	-0.96969788307496352
55.136161236657451	0.61407238647721984	0.58850493423799699
55.411808351224508	-0.71916693495891126	-0.20345412212096564
55.306933362685008	0.36485024789791382	0.94109248779888521
55.812502876956522	1.2693698289747997	-0.18109256887124364
55.423994716868975	-0.62620398917561826	-0.2277316369207861
54.8275096125953	0.1292661991444399	0.22682037998079366
56.224353686949541	0.83502635991332519	0.57454549397224119
56.685392007911162	-0.4679845436654762	0.77253614850410957
55.026065758273248	0.28828869837617849	0.59994461210448735
56.721838892223928	-0.019851275367246565	-0.68083358051826115
56.424098518936056	0.80106734672449276	0.045501096829917771
55.510509251960173	-1.1738722311307113	0.58552946598280153
55.13274756567882	-0.17023140314357474	-0.57645082926379632
56.137366220287561	0.68623141617072481	0.27288670314405683
55.699901221710363	0.33111940057609857	0.92036055825383345
55.377197102854822	0.0012836531358975303	0.96471729531221273
56.682143003607464	-0.72546992072689742	-0.056665192548056915
55.831943635745489	-0.051333701786526603	-1.0375501871271875
55.191056033998528	-0.08178867047013598	-0.91092007857588997
55.564767028080453	-0.019951624652079704	1.0425644969464891
55.412358707173688	0.82669945735940287	0.47461985282842623
56.54713479175274	-0.6767228186659302	-0.063896470536612404
56.44372691023942	1.1549443519923071	0.60427127590295082
56.28684533222679	-0.2250353321616814	-0.75088069629370757
56.359118533787459	-0.34161659581913006	-1.1477196139932568
55.969095839607739	0.82869355061174377	-0.11968930089666367
54.731006992390483	-1.0026326855284602	-0.63439220391795248
54.725798599679521	-0.13476011790577572	0.59420935667211594
55.868220046477283	-0.88689186740513581	-0.84560909105829041
54.978354366731601	-0.26217298397596045	-0.59976065322050387
55.428635049866784	-0.38168627003995642	-0.71067379759327254
55.316051289061818	0.19107508704198739	1.0459475627371824
56.331661361182249	1.012403541692164	-0.16615373530979458
56.715078310954695	-0.65921139538510598	0.033212795255762553
55.825220766766421	-0.99950144822819131	-0.032797960890478581
55.374227229743667	-0.83504056905187318	0.077148667208716451
55.409786949229101	0.38990166988960179	1.1832496332758269
55.104962964984928	0.90817320705833604	-0.64498836130051251
55.500383774768089	1.0262568161982608	-0.15017148266067259
55.00334634082467	0.087834542381481737	-0.69258674195550896
55.745926287554084	0.38881457594388374	-0.9201493082947757
55.58871389527522	-0.887227944111877	0.48091940063711724
56.860111382175212	-0.9727265321438906	-0.066777850905939365
56.617652518185835	-0.76005493768478904	0.62657040467462033
56.613978320606712	-0.52944945922917841	1.2139879320183367
55.452316870745967	0.37893188027287944	0.53405214118614941
54.609469533639363	0.10244722842270942	-0.62629444374699428
55.025740407927877	0.36766571902918632	0.24930330531365583
56.075934720333173	0.03639478170847292	-0.89442790832374119
55.11534709541931	-0.042762469106046627	-1.0537361992395964
56.168880333647557	-0.51835808390910088	0.47693697324529616
55.001558215945217	-0.89011053375593452	-0.38383155880129799
55.593242496367232	0.3242401829177432	-0.95067991358314585
55.7541228987035	0.84911303669308646	0.93530475163731797
55.667002219026863	0.80943714147848955	-0.15121598983894013
55.018491109171165	-0.60940898584082148	0.88864269185836209
56.577362317479341	0.75939483931817842	-0.46735167106190778
54.962306803165419	-0.68468876721984906	-0.32150627847089741
54.894609249689459	-0.51647681287926983	-0.80990205332971699
54.866791072551585	-0.38351209846555623	-0.29461281934060035
46.85253953928494	-6.3656082880111651	2.1112162146018938
55.131196690957914	0.22935956223597706	0.95956865355620213
56.5023899606743	0.56023192799157506	0.53646028532441159
55.231844210426232	1.0206300907058203	0.82520354017188835
54.709328812553188	0.75726008536901257	1.0262447418037273
55.192238657948771	-0.30455037005730334	0.73776876935227698
54.7910095266786	0.6322888351883531	0.32074053741429365
55.965817724416105	0.67967028271097385	0.72814491524559755
55.571882048251474	-1.1658931034306808	0.16781161706205264
54.943927802585826	0.21442536874475771	-0.61480250995508356
54.887135471924758	0.35299473703881551	-1.2070844907428551
55.455323673321715	0.35027038340378919	-0.95523634344304331
55.498622404910058	0.81296376300083462	-0.44246422165536303
55.562872786948823	-1.0798625696758886	0.030088561094073898
54.821092021597075	0.89779615428384829	0.11476470193042929
56.569964441299163	-0.13117960196807466	-0.86197693828275945
56.28014385163759	-0.669151969449157	0.36043646161788101
56.62391090997945	0.89164770241258196	-0.001498993275445716
55.579675357941873	0.51649826411875877	0.11825816441341851
54.668468906604609	-0.65025013754620953	-0.61198593783561306
54.651412629917814	0.01883309341032878	0.20533809139880543
55.178553113523677	-0.12449401678123548	-1.081367313621503
56.617883778008057	-0.069799411103606115	1.2548492320442601
54.800611495398407	0.93848215830803283	0.037447161165435325
55.533968182338249	0.19719392033261671	0.94645794690955554
55.266035284313098	-0.31312817176791047	-0.76993288844531804
55.611890228478764	-0.24350102683071304	0.67048918382609324
54.988704980239767	0.89161313318821489	-0.39502147657597053
55.925112615550105	0.76584780226505067	0.22514214418969444
56.108009969769078	-0.49182743438360693	0.14835072888511605
56.114602579600415	-0.027308540900678739	-0.71410027309828072
54.837906949946344	0.97566754205933903	-0.32245937228985305
56.617144188706298	0.70967164993249643	0.73570627235576624
56.371499193336483	-0.34371836357242802	-0.90612933291728781
56.012886369394138	-0.056913642295324654	-0.70116440538709413
56.166567702993582	-0.5893493516328101	0.43110625551303777
55.454611826690353	-0.44119834134469033	0.92589958084304513
56.534386293414144	-0.94253792543957149	-0.024884099918274893
54.843697052990578	0.047317645867049896	1.0224848393778569
55.28266783797956	0.5291938428074926	0.97620433359745717
56.633727570881199	0.77931313442178796	-0.69974016308630982
55.703993821240083	0.74565964932924333	0.58135021522108965
56.142549388066087	1.216911881291179	0.097507444631246151
54.931821534849838	0.27322254845399385	0.95876382953164341
55.474675842346606	-0.71029942706171723	-0.74128679295479205
54.813410242356376	1.0430702431329075	0.25188369089254076
56.271668861435344	0.87936962171956012	0.035804592478945088
54.944624540651795	0.9939070931124997	0.62542851462288995
55.31678278454541	-0.20708937770795094	0.48821121953553143
56.24754512468072	-0.10547920096137854	-0.78406386886216928
56.206802321369977	1.1115061107031721	0.39713530498718019
56.550215074599102	-0.35928268260756446	0.84075586517357559
56.708394353940825	-0.11449755636555425	0.31780428215896761
55.242469428072191	-0.69491806591329897	0.22122079781757409
55.699449697885548	-0.027525284416696029	-0.93992075139930753
54.862776604339345	0.56051752985016789	-0.65198106261409428
56.299943953974918	-1.0139455720553618	-0.79783535067477107
54.820413799421537	-0.52060690238534801	0.83053980755006995
56.693683602998334	-0.84074743299946242	0.32035992618585218
55.560749922220161	-1.1349820490737206	0.7973870565265635
56.54563061477937	-0.13160391529242349	1.0823719371011142
56.508341912707465	-0.7664742590087914	0.62618357992324425
54.73518854691919	0.86168193751767241	0.079629088760357861
55.118378387807596	-0.25531448890702751	-0.74064278785505711
55.713318275942882	0.087240383978706759	0.73413161904482982
56.250713068329617	1.2762640655397406	0.071676715159194007
55.919454839135341	-1.2694038619962111	-1.8647528599987513
55.804400191771336	-0.5656749464869254	0.49046565819443666
56.435839860092649	-0.84615812567877124	0.57811680988790914
55.948508405589202	-0.642777414255843	0.7387531524442208
56.515166511616492	0.41774540320374026	0.78581585119147646
56.126936296067036	-0.48982914236457598	-0.98161860444041071
56.505963809950522	-0.10060226687016548	-1.0940729420905544
55.348381098718662	0.30916325096699016	0.68516093810189815
56.024421940399066	-0.053101418970663769	-0.77835464747086347
55.480365641989565	0.8482620109043556	0.17362396983554615
55.694018072817791	1.0904464286123157	0.31837038375394389
55.686709545218356	-0.60484381067255277	-0.077304936346173567
56.121218925700667	0.87544423844006403	0.65161147017276744
56.325483413406587	0.64251714731011711	0.81120138856561219
55.234323463266513	-0.1285433493281784	0.68972106821863843
55.728137508921144	-0.99946356416479454	0.31151481129073783
54.787462381207845	-0.21530279224255142	0.94764281809734707
55.715604763013687	0.49365661918656001	-0.44708426649916161
56.144478264343938	0.15965738717749017	-0.74978717142312934
55.408599200937225	0.35897170993974398	0.54419944679442189
55.685137481842226	-0.30309827797823757	-0.56800420296238385
54.742022746336801	0.7290014778132462	-0.55614811585823609
56.312877133414766	0.95579909754243475	0.46573209485022105
54.737150548548044	0.30938935392131078	0.82500105704800786
55.450658892982169	-0.2212710849688386	-0.90674228875706342
54.9352331295621	0.82367925082376792	0.26568123543091959
55.606736141392467	1.357179516045788	1.0836818025775901
56.013195331377936	-0.67250577156920199	0.70959517977943476
56.055759025567554	0.73461816279771608	-0.56586323025399299
55.685809970182191	0.95096152024167335	0.069419188540506049
55.109158543264925	1.1957637465727646	0.34708193519943931
56.422144322568322	0.40323566151381607	-0.49162187950322994
56.164665647696509	0.65704145760393751	-0.26660394030342793
55.249213105142204	0.62350861612377217	-0.041235446743013875
56.40856762064422	-0.49065745379290815	-0.18483190036164915
55.294464756493539	-0.63437677439372531	-0.090718634273890875
55.689970471037142	-0.66953067636983454	0.62310383448399942
54.802391085138581	0.66830562376656255	0.27107726220571066
55.634431319348515	1.1649097269069775	-0.31342814172493566
10.247029110169162	37.444916356159851	-13.75552172358903
55.009181556271159	-0.065505138613439859	1.3171771269588322
56.160390786656151	0.15114988676629459	0.9965478376271143
54.976122462842	0.38768529593183465	-0.2193375462816419
55.655584797731628	-0.37076736647383052	-1.0343086032667888
55.573465613857977	0.58459433094125424	-0.81374140616687307
56.594015856133431	-0.21024360013995794	0.90008754917096145
55.873371747509871	0.34202363260322366	-0.73301523149284875
56.429577418630615	-0.54617758590256327	0.89704594989644626
54.646286822811895	-0.22124827601335678	-1.1993167243681371
55.186647695184462	0.45323034211804847	-1.0480731498780529
56.668053461977244	0.5717530490939241	-0.58554438113939589
56.138129523711427	0.60330930543004113	-0.94485806558574792
55.409294575622155	-0.21436606343290682	-0.42434343997041113
55.55751618624187	0.70832153211249727	-0.56322307847132291
54.927669710677002	0.42573682388402567	-0.69283704247389066
55.22143904219319	-0.7326298550855822	0.37601305732522156
55.363964940269746	0.43731634974905265	-1.2936010876491657
54.835513008457809	-0.90735893908308618	0.12175869450191677
55.363809183137882	0.32505936600718249	0.25205761909285729
54.936933566989929	-0.08570060093254106	-0.053100749305621489
55.763504478329502	0.20918052706820725	-0.36235624292503388
56.271365609707978	1.0649980591175707	0.1014736391827941
56.089834177923223	0.66556077055143603	-0.45573314041511936
55.468228699618599	-1.4189626618378097	-0.054116712327411096
55.930111968895922	-1.1511912853482469	-0.57370703545608204
56.470906238710675	0.81937123646752785	0.013995220943432307
55.165386404269995	0.9426305544418413	0.8477616777608481
55.17059909030403	-0.19397036545856891	1.1226992223524284
54.955308564822225	0.86321137461710218	0.47395625804114699
55.799622754559294	0.50195534160303434	-0.48895415011511234
55.997839131595796	-0.018372247265818591	-0.68275184300100977
54.748552778076835	-0.14797571035485022	-0.72121172779928866
55.269582822984084	0.34546987734937595	1.2872543606515618
54.727220254830918	-0.64784484580261947	-0.28555492494323687
55.797798387771145	0.82181379672450094	0.97224785102853484
56.192808293627344	-0.49728360618002071	-0.9457385424791801
56.158390938140151	0.27814090551906812	0.63306943848605557
56.061064363951516	0.66592227597407327	-0.85902791205198736
56.329187002796971	1.2142480746478077	0.1020959004552655
56.170324826315777	-1.0249099819627654	-0.25621596813434361
56.070821082771353	0.061347027328658425	-1.2699305870881188
56.008364016149592	1.1249528868725616	0.40234821163118911
55.21435833433376	-0.27210304507679167	-0.72442319673923705
54.78974019405311	-0.93540165738455983	0.54425250379732892
55.053475352469484	-0.83204092140946551	-0.16143125267460304
55.542161822934702	-0.73000307442465528	-0.22225878116870212
56.031802130121179	0.11154071620759778	-0.65481743986926733
56.194696050751404	0.40832531973145458	-0.7575735188490077
55.242611238239306	-0.15561124927103712	0.81276792914210361
54.963558236357827	0.66648489781612719	0.35720789314712498
55.200339375932607	0.17144316017334252	-0.96357379514940789
56.266785321542812	-0.15260282856205831	0.32985104437058671
55.949147184932542	-0.20023893196854839	0.71733862067924081
55.140442498288103	-1.0470099760700358	-0.48128892266635653
55.571360974575455	-0.57961149567856551	0.33657745334289835
56.237770635386916	0.67516707818506716	1.1373581172075877
55.277545975707355	0.58788210727513202	0.060290864131588393
56.482809188508391	-0.23206253072069638	-0.31534022718137616
54.999190620153094	-0.39492756476452506	-0.72610479956167895
55.65194364311153	0.29918015616171989	-0.98430101728450037
54.833528754393917	-0.82284960719833067	0.41914817281533762
55.424399398286113	-0.37277978852047455	0.80321342678466101
55.815401835096885	-0.71268220648323188	-0.35064937314975908
56.125523718170314	-0.74395628195086183	-0.29353956172285656
56.218232459466492	-0.95959364588654561	-0.70403183402958724
55.569351243078046	-0.6530946922909393	-0.47040087970866762
55.37628913116211	0.13737274756063408	-1.3210190294209612
55.89269723438774	0.86296582660971299	-0.21572017835083881
54.724814920743341	-0.14988706233267524	1.7579187647536374
56.031230130865175	-0.70670981821435686	1.0274293734680351
55.307006075990479	-0.72463497920729902	0.091665750328279075
54.848764373368439	-0.45620658488684573	0.029143407725053028
55.334514785023593	0.49350589013531482	-0.70703942713067502
56.595078412743788	0.14861860205288122	0.5613630440584656
56.10271924357636	-0.55623384770215267	0.72995385263263146
55.59543164155852	0.88022651386582884	0.44585698378903243
55.196645333907242	-0.91050351136037388	-0.82376498059479975
54.948780582139008	0.27695128437803052	-1.0741404692409795
55.580633242946512	1.370012492774257	0.15469448558543605
55.827581774931872	-0.27588808370421575	-0.58553487728741638
54.901916031462264	0.35264964116397601	0.34057746987769155
56.278277556195306	-0.29268046164349421	1.1432604389446073
56.686477491311059	0.006512115566878778	-0.98630807500442474
56.138182177933814	0.94786001176290624	-0.080106893275521077
55.731231257410336	1.1222273583523952	0.13051070222692138
55.880163685816534	-0.26459501409107572	-3.8302591314002381
55.259269538003089	0.039296650104217082	0.14960783713082676
56.249393955656089	-0.22627751316640823	-0.51719471946044338
56.263395184683091	0.1617711521178935	1.0238297825495701
55.605761531754013	-0.59972913024131758	0.50167383909536278
56.338159977865203	-0.34118538351580369	0.10428923752410299
54.721288987832942	1.0006145909051172	-0.13754578890852948
55.687329271546552	-0.85903610891299242	-1.2160396336758135
55.740724129712895	-0.79219438923681607	-0.27751444883622284
55.207679685109909	0.74709532900781939	-1.5673731039987981
56.401403413134204	0.52327318855740823	0.38007955266137761
55.855760393623349	-0.24930113544892332	-0.097635662554612604
55.752532509826104	0.39638725421420667	0.48278191718465008
55.994720062082308	0.69034752213979744	0.58369924227929815
55.055611702050506	-0.44251175212840677	-0.12201459692633605
54.813678616132151	0.16056820571076219	-0.18962146377657568
56.257723718522683	0.99097760187689909	0.34608716594978706
56.302432047776826	-0.41194881053739946	-1.0122296386399501
56.467409976206021	0.6122242642547393	0.78998636768810349
55.868646359695411	1.0447203116415791	-0.36334712112481993
55.897079185459198	0.34802188347917673	-0.80814618394666593
55.863679007023677	0.72220303794505936	0.44057724917807739
55.661406239149628	-0.61105745229734532	0.24319614554379876
55.137093272651178	-0.52728732207945628	-0.61487998427376822
55.227955482344633	0.60054672851902313	0.60669147013873492
55.655693846738295	0.34548928992566053	0.97329152977168554
56.186798986614306	-0.718513052490385	-0.28637948893616416
56.441332142775842	-0.1688331651853357	-0.36203260554194366
56.07940786577614	-0.30992842949435767	0.8688076206384604
54.664918911208957	-0.31564108719425543	0.76096101871631905
56.503072093796419	0.95652082244828429	-0.73833889069263503
55.650890969919665	0.69010022325049647	0.25091093374329482
55.033542501293304	0.53074021763345991	-0.42451026962070321
54.81622964814737	0.047072601766356956	0.58962531643033178
54.767334142079257	0.099042666152542799	-0.82833006139986232
54.950684506245913	-0.73369809636227523	-0.041443754981608634
55.729783911527704	0.13087161726240104	-0.86256524739219087
55.294006216263114	-0.78143232472819346	-0.13241083353069494
55.055052325790548	-0.43226160482642839	-0.084439423193873486
56.478204557363888	0.90969342041876333	-0.66396498430296569
55.183463664219701	0.16556370793489056	-0.92094339684801585
56.385592517856708	0.91934502659339479	0.54088696142593828
56.262505993937872	0.56912525351986987	-0.026790806130337234
56.456998218896096	-1.2225923172901469	0.1782060274429442
55.220327287274266	-1.384327209363347	0.096762173034939628
55.350170347078773	-0.49255641781615517	0.15067878167782134
56.102233369502315	0.88213358801384656	-0.081598394897816798
55.977218803225163	-1.0009527189155885	-0.18665908711864296
55.676225558879302	-0.39679617987894938	-0.097118548893448897
56.435397587016219	-0.47409550194439942	-0.68067110029471889
54.801240207879253	0.82608849829919051	-0.01049637422450668
55.527459948933064	0.55463118263851796	-0.071836825050976924
55.914857555811153	-0.97390396865886908	0.13608756761438293
55.294209492452659	0.7806885074198362	-0.5189910953823631
55.261323060035416	0.89987845907051056	0.45784282075131294
55.912685944836035	0.48806801529693389	-0.14004779699954059
55.513821946885308	0.45787311656206697	-0.99078485135584715
55.883687375826895	-1.3668087417748231	-0.66811852313006215
55.758263381206888	0.76954406482359228	0.49480660290908834
55.156833950469093	-0.30730456201627265	-0.80421510557937803
56.367326539829072	0.50208146381385999	-0.53119583356581956
54.969356424636558	-0.088636935863697877	0.56795027316344193
55.300368232465942	-0.59032562869433702	-0.97107236345411063
54.942321758852984	1.41097202693821	0.56039670312707301
55.171777087232947	1.2829365040013769	-0.81650384008571819
55.768565675910878	-0.42394979716648301	0.29511370675136972
55.590010349367326	-0.7018654558229781	0.021000739446313872
55.853482032029447	0.5547517492853804	-0.28686331436222895
55.507081977967111	0.47885156145174002	0.64878057482578677
56.652883036101322	0.68099452735632204	0.35570052691675458
54.835510989033239	-1.0658526373807871	-0.38366268944496107
55.139638343417353	-0.9093826226105427	0.56020524070045363
56.574956262011909	-0.31461087786673048	0.90177330453117965
55.102759808881217	-0.63905269963691536	-0.60188754722486604
55.27031397560102	-0.69898663632700453	0.30911745751730169
56.320201144082311	-0.32661970505398663	-0.71710910942896544
55.091657513417857	-0.88443145157951297	-0.089665700343102173
56.387643929618733	-0.7230408791191173	0.85468370459249476
56.430315305187079	-0.423855847246559	-0.83518247688278024
55.070321303943935	0.15737177128315349	-0.26098725295329983
55.156941864897782	0.55043152168746767	-0.21720805008091268
56.306505910632957	0.54092293227414356	0.78531364919655922
55.135596979130561	0.47971277464572454	-0.059580957943674386
55.656243000614857	0.45933072182694529	0.28305634174023098
56.24689732198118	-0.020808377305096732	-1.0308640901545882
56.482763381218113	-1.0803152983228101	-0.31023804261555654
56.370286049060063	0.78067818603036265	-0.93045700355284999
54.872370411231913	-0.78526933142549182	-0.62284119818862882
56.0512410848252	0.063659164045231351	-0.9773346212509243
55.93523198974129	0.34626086213027829	1.141638625906731
55.625137701977188	1.0806647499836799	-0.27597423228660023
55.426767301593728	-0.12105729183336934	-0.76060398178060029
56.052684975469887	0.80364113633933454	-0.48206613309785817
56.629305148173216	-0.94187612826090494	-0.24655191445224214
54.872511738297902	-0.91084947386686399	-0.27143171749963529
56.440891908404389	-0.38724412807274228	0.20310522323840383
56.550343364097124	-0.61994100813480013	0.5130495539846367
55.849299655921307	-0.10912987970848302	-0.50426842996681509
55.248757445942303	-0.56982121120037932	0.54212044724434683
55.219916270245221	0.18111323397700635	-0.14865503596662483
55.045602508153344	1.160550782745815	0.2187721638792286
55.427093910634198	-0.12673549337543727	0.98237445351070529
55.09623064464521	-0.34601711175956906	0.63530832517305713
55.018741149521091	0.097406713266584052	0.81250333441966571
54.730061941377187	0.76730655376022372	0.35821649494792734
55.091917864425447	-0.9037251358034506	0.074277949551422792
54.830200592870277	-0.47365667801803379	0.66783567699420066
56.420252516660639	0.8873512733031016	0.097346199531591085
55.097319232959549	-0.67134728141958444	0.36634420528337402
54.677587269303082	-1.159672164023646	1.5054870710733275
56.478012867729113	0.31639501752176186	-1.1765500547884307
56.252982880411196	0.66507838602211533	0.73029973957582173
56.502902111053885	-0.83633153011649286	-0.093373858169912213
55.577448462969897	0.64799359699600634	0.47105113046306013
56.456762182591135	-0.19469507624926907	-0.39177103701560073
56.553854877816413	-0.79867476390148739	0.88239802744774154
54.953055621298766	0.40499401759669268	0.75766864515639698
56.174431956422687	0.66919323214577975	0.31922852888209224
55.726821952524134	-0.4129861699354298	0.98322284074652599
54.935803619737221	-1.3832363202494649	0.25333513789515283
55.784821793374789	0.041584985337435758	-0.79551347184823407
55.633890382207653	0.89868061175752378	0.31700295123316857
55.164561791695874	-0.42286893208956899	1.0315968022583102
54.94415157142376	-0.73059975963671653	-0.64393953662343184
55.009266435720988	0.43424608727976161	0.075352087494679268
55.593616069024648	0.035420110390136629	-0.91230133686659665
54.817936177689035	-0.59743345734397846	-0.62205591659138071
56.216741664507765	-0.84357716038756947	-0.26411151528077748
55.62882163846519	0.42212302561305098	0.76773201123348545
55.365463748108432	-1.7090178135054372	0.77196514741596789
54.862699281356505	-0.75250494738047713	0.31635817235600067
55.990424628459692	-0.76997872069267326	-0.44459889239971917
55.738166685796187	-0.72813497697984286	0.80147015573850711
55.354805061055941	0.4564487521934939	0.99362753776638824
56.442350098155366	-0.55612755634702848	-0.64728939006033204
55.974388604049658	-0.98334426951056253	0.56203887752591664
56.351104830300599	0.66575987375525125	-0.55094361877273068
54.864734232293003	0.32967174366359703	0.61438289160719906
55.842840124161803	0.67695829464402779	-0.75615424029042499
55.303952532274572	1.0909105113907693	0.089924859994956599
54.879078777655529	0.95478144744034155	0.28385242560324409
55.885565589323072	0.61260729639078126	-0.68956006014887405
56.444579539454033	0.21032890013667335	-1.0719283065196945
55.860393759374446	-0.14035692945574429	0.98477678954697201
54.761175168377804	-0.81152293681153087	-0.49763433291899006
55.239207211822638	0.53801309442818956	0.21494551915009666
56.573154280457587	0.15013174264081269	0.43838929334768989
55.624509323215669	-0.10184370097222134	0.81805962969578239
55.092986473742741	1.2582846163077435	-0.36549701222416242
56.25908760455755	0.0079950509334610377	0.92656959602811539
56.33615504853217	0.206245123953186	-0.79665831023643008
55.437993952364529	-0.85300432022637851	-0.45532349407734857
55.316321540867989	-0.52201182746841368	-0.71451118287916682
55.8699383125211	1.1385913553269342	1.3504063052116135
56.562054787949641	-0.89482984870327997	0.42822178687502427
56.092805876325379	0.3344550524578595	-0.80506058349030485
56.446582241588999	-0.28630688699038337	-0.92951725412291097
55.585048337904851	-0.62191488678085649	-0.85867234907270196
56.064401914428736	-0.33407132500149134	-0.38057407621198602
55.036438555879585	-1.2361707077388375	-0.22306443341252849
56.453426527131853	-0.93839053212460588	-0.52282335045267536
56.64698493612245	-0.77688760287022607	-0.2184231249931472
56.013909024006544	-0.10546816620803709	-0.74553665343828257
55.024924850489811	0.76963967523850585	-0.39693153560190364
55.369499525117412	0.28620576806785025	-0.97888926275344812
54.987250155680272	1.3860182938938082	0.13775266148130189
55.996378576059591	0.88052633983838724	0.86982632525371495
55.418346048036497	-0.45877274944668317	-0.028189422139871495
55.522923544418717	0.92308907557492126	0.38438991163933911
56.11186191371209	-0.88515089596812535	0.15022116802002397
56.084520768156743	0.50410177179277693	1.2265723068888836
56.204495713946812	0.67453092806983839	0.30353232326456064
54.870378036082705	0.28248541080624734	-0.79819236347963951
54.735675596933412	0.45684820668075038	0.55706322279138409
56.57348086683303	0.1487744914751028	-0.61493702608724299
55.731044029801787	-0.37634762452351023	0.58001687538784241
55.673499611890158	-0.80058472033406025	-0.42161521951141795
55.227651089156808	0.63408384776973326	0.45782287153181761
56.483775187240042	-0.58479247143331525	-0.064173333364095683
54.825687624399777	-0.37174232680842778	-0.32285609669774107
55.685681263344257	-0.70446915038432656	-0.76005799158544063
55.277930895164133	0.11354637845049738	-0.63152947434092299
54.999119769249134	0.97972704347994077	-0.17020035257402563
55.344526878708031	0.46828200968093742	-1.0884759624363809
55.296128449286719	0.67132056636495196	0.87828117825167018
54.830248445188104	-0.56554310250975681	0.4182000169176987
55.17391746939137	-0.75461070353938475	0.4686593971112975
54.809868945639067	-0.26856369406257191	0.48746432273933432
55.840661659121935	1.1707192555537123	-0.21354700387673226
55.767547778030611	-0.30013280308419676	1.0383608616636959
55.652384971334534	0.79282470395399907	-0.34945440627098562
55.018268496317617	1.0557450564783526	-0.043736315575619696
55.970023546357382	0.7331442531393787	0.047372051190529785
55.604096057896243	1.1625421157493914	0.3768721008074753
56.241803409851251	0.037053202866869604	0.828479030900376
54.790334207651966	-0.16019845092971502	-1.0370848198049654
56.213989205164459	0.9656996949176988	0.57352185173642278
55.265562626768727	-0.67771698287448845	-0.43470452911874102
56.195887162384587	0.66158316965214792	0.54067288167722793
55.895581307347825	-0.72611838105887605	0.39923675888487659
54.965135063818522	-0.53234045030630828	-1.071116701001021
56.164673466062808	-0.6721482405360456	-0.91513346533299
56.38082418450405	-0.95847896352754969	0.33869088570911843
56.380725579647759	-0.43422973842038548	-0.55927154514199251
55.21986928636084	0.057915929594973374	-1.0311414428193404
54.670972479686164	-0.87377149445522995	-0.38776867011567173
55.680919472193438	-0.058953759413897161	0.61873815309453228
55.157131992547221	0.92309619768133178	-0.46743992136884627
56.016509873428824	0.61764256411619367	-0.71746481826144592
54.688570785174214	-0.1880486386776441	0.49634520442893248
55.491065353666208	-0.98850358094999569	-0.59768878434570827
56.621457680862008	-0.74607829930693814	-0.34472061584706443
55.092049212502268	0.82119263781866414	-0.09943320818504231
55.857461590014069	0.79927463876105653	-0.084122747390504821
55.174497191017892	-0.21063815839801453	-0.53957863749970769
54.791734095222445	-0.17653434480146668	1.1358047565623626
55.190704437229414	0.039089613014621265	-0.5479168103086357
54.955331012089125	-0.25610921592045827	-0.78379969938564742
54.959348167847807	0.56710845520786057	-0.59234346116155945
55.534851853200621	-0.8467980601335009	0.20997647050787838
54.876672238668291	-0.43454345004832107	0.61265717566905675
54.782382096966451	0.8412616639046604	0.18435204510711792
55.991812180897604	0.66158797656138546	-0.63024944026528218
54.833150002529031	0.093370735163580312	0.77091999584377169
55.645481676651983	-0.51114635314960077	0.10015063648580905
55.71228654268986	0.70186540294248512	1.35893461946867
54.856185181019086	0.92531958065968123	-0.9284679518714094
55.966740482426005	-0.025245923008120556	0.5903939422596961
56.489893103990426	-0.90584315970736373	-0.33129670052863458
54.893674828136298	0.90673575624916303	-0.030703382966373365
56.633545268514695	0.57486258076875207	-0.66018947710240139
55.956870030881092	0.55309192996330458	-0.77428363550099732
55.398013550654134	0.61571583875559865	0.14908567402357223
55.383458852094464	0.61269883155877147	0.56879144176560625
56.385840536813141	-0.29125204355944823	-0.4750914280697876
55.517048507718528	-0.18532755005893548	-0.85580459028600497
55.066242279591549	-1.2793682955568597	-0.23147266564531752
56.516909624023882	0.5245100886917472	0.56427492157209669
55.185720512371674	0.60272739984720536	0.44812021028726651
56.386927983342531	-0.17327343850607579	0.97501359826087364
56.666373869245682	0.76867710658975075	-0.29107797968896021
56.406177159787227	-0.65880509242967966	-0.41341502489879989
55.046425014387488	1.1611415936124929	0.40634582484425635
55.103493595029086	-0.4021662651351931	0.8027368811899418
56.227263626035963	0.58205491011136179	0.79646731505252433
28.570701190468125	2.3508334420429211	4.2551063367772715
56.096600107036345	-0.64827603588876448	-0.58410992003187823
54.806264789911253	0.87401753541225058	-0.13233868409042757
55.563832035842623	0.28497501714797591	1.132159365647174
55.469873208758486	-0.92387629492872414	-0.38732657653587338
55.904797885279486	0.31490851936295627	-0.23515872445995004
55.673578519368505	-0.56814571460511654	-0.89618203814590625
54.870079820839166	-0.89729152865161355	-0.57779286730522572
55.451426844748845	0.11408267731400246	0.69028012530556715
54.697966748908811	0.76545972043520805	-1.0285538266131289
56.321427222760626	-0.81552146252937419	0.26995637229759584
55.759608618081941	-0.33681872119436629	0.70260379568846953
55.210650669886782	-0.71008473676815786	0.12627412645434266
56.368052254076474	-0.16122638858317909	-0.32633574123746045
54.864042144397779	-0.80896770710591892	-0.51898179390561894
56.370989593258621	0.33260608500489491	-0.62330093472065262
56.624780800513328	0.68458617774074981	-0.43742923585776233
54.832556445684581	0.27759725929805573	0.92014062575534417
55.3441144174475	0.81637851141102602	-0.168267356768427
55.56840103850314	0.74384962985603409	1.0507583300770771
55.833207019879957	-0.20284636009394286	-0.99348826316550243
55.814241774562078	0.31006933897143713	-0.99923442916105665
54.853284454035595	-0.51009851385111016	-0.097992978638180697
55.138458987766306	1.3533692440697669	0.18251519541177894
56.3301114917844	0.4806595232240094	0.32008898743552133
56.183354684858891	-0.54161223506742806	0.029870763401441545
55.916882081026699	-0.1386440071552342	0.8192490942375722
54.686249816939572	-0.10574418726796342	1.0741720397823766
55.396455945769674	1.0050492807316209	0.56332874627440954
55.061417119273806	0.11991217282305149	1.1073044764549942
55.254871593561816	0.80227621586112907	0.50423457298105334
56.311676316648921	0.79395834893626493	-0.4091637791870299
54.769715012849076	0.78490395664947654	-0.49567328532939775
56.270488905055139	0.35101850023165604	-0.70965027206083509
54.773426327262179	-0.21629519633938413	0.67641695953450853
54.794800797099739	0.47260362332051692	-0.43281592046489287
55.281288539002389	0.94345469875852261	-0.50076405110794919
55.398743233163309	0.71516540158155995	0.47773437174802286
55.942220978397451	-0.68780928928122376	0.60432166729784953
54.762327010734388	-1.4832222192446389	-0.93258257550259049
56.491610454001275	0.34717989814636141	0.65143820348864145
55.198217756279796	0.028734866443765647	1.0009593645319148
54.986633891375014	-0.46754766632527783	0.69906653887121017
56.013027333364541	-0.64494306923333522	1.6153478358447506
55.611961349549581	0.047349878539900629	0.81317834560786295
54.983434918284232	0.19534270432584333	0.67453156254777458
56.082402643197867	-0.51757751222756243	-0.38069130325252554
55.47796325683057	-0.68773181826869278	-0.37832189202878708
55.261790449233338	0.28844916471912235	1.1209094577403858
56.224090705376945	0.68366283559423235	-0.17179734955220904
55.50430915242994	0.14107397814992642	-0.63048167195611171
56.406974365630866	-0.56106993708040342	-0.17279092311217453
56.737028164507336	-0.51040149950416669	0.050432067428716386
55.620972777826928	-0.83314885959642238	-0.85244184134078738
56.087820809222876	0.34647450377752254	-0.029342569601390908
55.391417866383669	-0.068674996348472836	0.37092770126275088
55.014992516858854	1.1333339098185102	0.8016322741325177
55.722389962275805	0.22254011803371915	0.5298594859872402
54.744238155227656	-0.68858067951136759	0.28029262180523451
55.054402534044002	-0.95904933425285976	-0.42773817439467338
55.725249915706478	-0.78089704929279369	-0.69210369993736676
54.724492223925772	-0.71918264091320405	0.074393894249171463
55.380416257566083	-0.68487711095976356	0.63545654295505827
55.236685088189091	0.78867718703113932	0.28350432010499438
55.903232930287807	-0.32970277759556238	-0.80468022876704359
55.074626901793472	-0.53683231230585549	-0.25287239926467797
55.894570643715404	1.1315223038980344	0.21743571791911487
55.831705109525409	-0.71731497061896721	0.59143623746814378
54.732438332937257	0.98334056609843168	0.72444562811973245
56.492262923967445	0.16848569631411101	-0.25895830226437971
54.872333615877039	0.69773911967706492	1.1176065108756741
55.784165759875911	0.70594632513829836	0.99321883532196753
54.748325850132204	-0.58689756254688641	0.66212595619373582
55.799534870509376	0.33641026888124914	-0.16765628852892261
55.097832771599364	1.0766497248615869	-0.17698736318297656
55.63131158719348	-0.17801366135030749	0.77356046561728087
54.769591264288024	0.85250530889514942	0.59265344076328097
54.78264850584069	0.81522039344591013	1.0341925017164257
56.487523834855558	-0.5752348384725513	0.99833182475290383
56.323002590387709	-0.77362837450506716	-0.30063754924204689
56.466627386875786	0.13136612023932756	-1.206975598120801
56.407376930366354	-0.048349036332670021	0.66474312648416911
55.853582952369031	-0.49068331770280171	-0.38242953199210206
56.140903015242486	0.79486675725433975	0.19575932972269658
55.126474604384121	-0.61163119877780914	-0.05830980898833394
56.365990096239372	-0.71267051858647212	0.071385976462338532
55.49745137098072	0.84958355703787025	0.88238767284776209
55.595613299182133	-0.14812644947867537	-0.70643235436489327
55.470518724871511	0.96995052798273329	-0.65135222358492018
56.399891465418655	-1.0011878734058104	-0.60071667190116573
55.161556258677358	0.51368073052045737	0.41029111551788444
55.756881521945104	-1.0500175640108058	-0.44491349024054688
55.409804439063777	1.0936419958608301	0.15210442446722822
55.165964568866009	0.64424163704452653	-0.97461047359248931
55.395312659075387	-0.53756929279566157	-0.20255833114305294
56.401310616126807	-0.14583097318160629	0.93446091772848849
56.379916951290191	1.8817876796723882	-0.42156843387823717
55.407849327864042	-0.36835655656515831	-0.79500740731652275
55.416563900546009	-0.38220557382271031	0.90880656427750539
55.280695885192259	-0.075800479398751411	-1.0450297607445453
56.192594253505042	0.31656125301488114	0.30732941227276733
56.590767512319559	0.20777744846307522	-0.80598629084651485
56.183054632265048	-0.5124819963716607	0.38346113416220007
56.502635356742481	-0.21544480778851943	-0.96830569869373395
54.863259216935653	0.71071562783012798	0.37935949585530793
55.496919135045324	-0.020823882349617365	-0.8224968455044076
55.797569276825172	-1.1745660169682319	0.18717645906704497
56.435253803511557	-0.62336644943476849	-0.55133638508096394
55.815634320415555	0.18809137690226829	0.42912556693491549
54.713043355392898	0.81211170241545794	-0.24620957118209547
55.529216128104025	0.68015672615866807	0.72193645877239143
56.265233705357559	-1.1412774847039944	0.45788992323737165
54.833119398327078	0.5910519629974087	0.59606367826896101
55.916158546766376	-0.65925495426635483	-0.5200103266915258
54.953599571602737	1.348946405757967	-0.25970210987287773
55.332110732563649	-1.1653838628834063	-0.44823422408404406
55.443366329293127	-0.54500153433408105	0.57999534104238681
56.494598155737364	-1.0911067683340261	0.29245399040114167
55.020469915207848	-0.68928143702400047	0.49154575315665083
55.928957015328876	0.23734391911871791	0.94535321289628471
55.400849626061643	0.8660175049557266	0.68932950552326866
56.54197736289364	-0.43740818308855584	-0.89183042163369974
56.268261698902641	-0.13521424684614008	0.69297581668603669
55.705142214038524	-0.42286152633956847	0.58635608962853591
55.945307729640099	-0.72850654273555515	1.0054699604847697
56.060466672665534	0.61367015294473615	-0.95347804433876449
55.266072426981644	0.25306058420404848	-0.58771293363230293
55.341118889315581	-0.32492189635593743	0.19751009128325339
55.486832796613236	-1.1162475508708649	0.24051242490887018
54.978203256177828	0.9274133039364737	-0.58903785750635806
56.141923298929711	0.94889488851664727	0.16219053180633877
56.536033932119864	-0.95210610392473516	0.22106747195412724
55.337295606445693	0.26978434612490221	-1.1659382260458058
55.137023674771036	0.47355927399225345	-0.66784490023529974
55.394376351336085	-0.65151686841905909	0.45865237411471088
55.53762129477105	0.13865855810465047	-0.08920627945163169
56.29004678315853	-0.027181942082746411	0.58801228333345679
55.151521903654235	0.10477336095702901	-0.80028451856974037
56.210651339901247	-0.40119581760721351	-1.2630060078295038
56.193360748361584	-0.52865329623371837	0.22441719044868466
55.42345536249362	0.68213829337332654	0.63622939228347264
54.952562623151266	0.0661718586959118	0.64056913407909055
55.870156126853836	0.67361311707508098	0.24138104772429017
56.410937486695005	-0.43678556579699379	-0.4995450841782697
56.393760280048312	-0.69206124425654636	-0.61535362133404414
55.912751311577722	0.42927110563748971	-0.23061499832303126
55.352880453696081	1.448298066541011	-0.16219888496253396
55.387921595252742	0.73562119751837074	0.661412381828
55.886785472566494	-0.1349656570873905	-0.60292420240980793
54.807270119788193	0.87855409461077738	-1.0371339442481471
55.641558612533991	0.57788317670494449	1.3710892560673624
56.416418729095959	0.75066678521437291	0.66602662382448785
55.017879296756171	-0.51005775405191001	-0.56892713131279793
55.80556745251728	0.74156750760250434	0.6785438634958797
55.250862912949579	-0.85317765130752488	-0.55781426171257698
55.398708080446525	0.54773434340230487	-0.51939046972597636
55.076799050997757	0.83911030869908898	1.0215783913981147
55.055051323346618	0.40566115441956763	0.36187487589879408
55.326468556074282	-0.37305906491996121	-0.31401389254271223
55.179646490109853	0.33363002298894306	1.1586675284675478
56.643561245721536	-0.60906030779777531	-1.0875158423413016
55.67130820967833	-0.049124092675716546	-0.3587114937307922
55.101891409733199	0.30494336384736576	-0.50446437323959292
55.439302620601516	0.50771409229694631	0.45141745046611542
55.91040842126597	-0.53103994521692366	-0.29426694845389878
56.07339921524467	0.73822324299955966	-0.18214457860510966
55.642760752526122	1.1406028275373234	0.10343311566585954
54.867446791948595	0.70364085250302932	0.77661157224494226
56.417603741914405	-0.15707546078348336	0.79427306677470932
54.707732758679619	-0.85719349522166843	0.341275239508881
55.279741025131798	-0.17633813189717568	1.0830105514398005
56.018181624152639	-0.28244049311931496	-0.89642139756922656
55.754265262811536	-0.74402558012500863	-0.22116770494489565
55.715746098929117	1.1825803167577982	0.88017951283993856
55.152504204125762	-0.23627485535838982	-0.62093514279420459
55.01839892385793	-0.41064183478572586	-0.26427368626316849
56.48524246621124	0.25964193174018252	-0.72674424581562891
54.91152797989956	-0.90943084063320379	-0.77085531999157964
55.156188697102898	-1.0866644393745766	0.50501238108888424
55.505913886491435	0.015331320967546573	1.1584582639043697
56.186455156595486	-0.9623203650804214	-0.32816836955950074
55.859456651450216	-0.27189819986496105	-0.40970529074738582
55.629058314556659	0.41361409783431746	1.0086980844361977
56.486352344544223	-0.2813492068986585	-0.38205462678277691
54.949982530398373	-0.49410944309088972	0.73059709258563044
54.625387316372631	-0.0084254938116175571	-0.33439930840645704
55.905336732516176	1.1555577030183115	0.35633606227948145
55.861921999449279	0.5988188495042166	0.89265833016430629
56.039982676698685	-0.50820686746423549	-0.12144060362783769
55.517792267769408	0.0382965922253534	-0.98356220436687292
54.896675592306465	1.0124999283756029	0.11559432142687473
54.655324758880717	-0.066706251090320287	-0.66333242695609496
55.37997162530737	0.51761921697659685	0.61093055012082143
55.591926550019764	0.20028393819581833	0.51094625394677184
56.388184224509452	-0.81130485338251934	-0.38656211594000511
55.895755156967397	-0.082336168907033186	-0.77072238560369466
56.010669070979709	0.51166656039835323	-0.80754319801349417
56.214237592281194	0.093447778363593664	-0.67124407225440974
55.258828900377729	1.0468917779326647	-0.27527511026940077
55.904573440279819	-0.86492245410570701	0.37943613579000579
55.426356503608893	-1.3725017483072428	0.28942639710665879
56.076100349222628	-0.32583317505427345	0.75368274963452409
56.405568190448967	0.98177149954197351	0.2607079739939408
55.099160078922701	-0.74384468957160721	-0.89197226109528294
54.739862932481991	0.74297387320605435	0.42703087634043485
55.761944211760415	1.0354667156090605	0.2903482420730441
55.327953315322979	-0.70031626608197195	-0.64928658902558034
55.095785191767959	-0.58404785913459434	0.28870608123723723
56.411121182921732	0.28934338222008155	0.40483319912764387
56.508817789572198	0.49958103798429188	0.70896146773469537
55.377416120918724	0.37194721074190012	-0.99430571586075212
55.434419245976812	1.0357214445311966	-0.40218261675825268
54.971780901105291	0.31808344333306754	1.2089798649105539
56.578900738244336	0.38536269965210146	1.0789226751464909
54.839507977031047	0.26455816228369666	-0.45324754450230448
34.234942570183932	3.6891821972900769	4.964772105415209
55.565840324172392	-0.12877440860939982	0.66199263061992819
54.948477334984915	-0.86359861222563572	0.23566599160411394
54.833068518130062	0.21482782815420173	1.220380802177278
56.20951699832802	0.090475079119487337	0.28195939251218677
56.521794876341076	-0.63984502191064196	-0.64649707505886223
56.473425728732906	0.83432330450589487	-0.16390322474880581
55.369719310898283	0.36746023783025478	0.63646329025150372
55.770524010272858	0.78999556151806971	0.42154817388162485
55.654574671478251	0.10848468169666069	0.87986352916596622
55.184545507539944	0.77943987961603367	-0.057739923203288107
55.322021740247131	0.59281333124936442	-0.029775599925203004
56.215014434601756	-0.65484149863330776	0.010225523972293401
55.846724830359641	-0.49290997596857455	0.76250476554430602
55.342888569140001	0.95432565159195315	-0.15404818658593797
56.098578148065457	-0.1182091414548132	0.47256572928900453
55.965648900339453	0.56883731095643197	0.15394617170961811
56.266404839378936	-0.5524066130788432	-0.47798183250872406
55.156103376512128	1.0155688336916133	0.039318346284820921
55.299625196850862	-0.89444563167900681	-0.3860660282697555
55.580712337153244	1.0156184672382009	0.052089475778620144
56.437587973231345	-0.66295081619214569	0.68926247754618974
55.939926939619497	-1.2422846575337303	0.29453684832642452
55.402861698701599	-0.19848782118138675	0.72612671341478396
54.819620454306474	-0.12959458929074644	0.35648018484278088
56.444339587677106	0.99506735373644195	0.2608291076407972
54.797217300082394	0.27973681623459667	0.43388018095645692
55.638544674757647	0.7748204110521737	0.18183024326352207
56.444594614235115	0.76066108728664816	0.54321893045667813
55.068273589944468	0.45257275252907958	0.8003156059724007
55.147956427925209	-0.51704583606009635	-0.42141411654608568
55.679806458119124	0.9144632224428203	0.42510200834499212
56.137525709369555	0.65468559592519993	0.40923749187139019
55.723351357222143	-0.031449848134407578	0.64146974603228468
55.513923677688531	-0.51130004103197857	-0.83747158109083031
55.564187125589967	-0.6266200784100675	0.73351284800183258
55.460569207214604	0.0096435418025251508	1.4393699957454593
56.51694141829477	-0.595311593133935	0.018632836742969856
55.044798091439461	-0.028546833900846658	0.35941900127697801
55.900734511215937	-0.98497939622407837	-0.81511829147514159
56.483142775461509	0.57920953145242737	-1.0043646543847129
56.417432884729386	0.92145133832464887	-0.039977480896072753
55.078048527667221	0.64368913043398079	-0.22027223064594961
55.865848381454214	0.00031367161885137581	0.86301051895499004
54.899058204446199	-0.43138298421768695	0.93865463758174672
55.025092188007612	-0.38269660947258516	1.0744521147993453
55.301641034736505	0.42487043733072832	1.2196112785744495
56.341072777066984	-0.31067454699947189	0.8408564773202869
54.573372495150444	0.12801962141988263	0.5650401356041822
55.678618678240397	0.11490092872102607	-0.75207828675498711
54.795597572434808	0.15717507743756917	1.1443614837953737
55.549839781026009	-0.9423984438709867	-0.028363166373170844
55.573015647171815	0.52957877677112541	-0.88988032039408882
54.786930264106651	0.95481368897514385	0.57170152733322499
55.793860481058779	-0.091789710381424056	-0.80465370957950577
55.661735322684855	0.66575175914487972	0.89211999027396838
56.65997601316591	1.2975677696553951	-0.20163247472413046
56.057769582854618	0.32826509459714726	-0.90156171027336407
55.807859242873739	0.45138798324364121	0.49598014944503377
54.957579053070845	0.71558913456965834	0.52784664603096187
55.270274656298845	1.0904954294425464	0.24275528139580227
55.955303822593642	-0.92073698452986064	-0.23236285290836572
55.261228174084948	0.48835310810668187	-0.14885746799513386
55.932918389884051	-0.93846322523421355	-0.34540109550342385
55.066974361149548	-0.37979075454218814	0.15370557052029959
55.356569534031451	0.021682407870612763	-0.81610137045931996
55.379378127598947	-0.92710887439638201	-1.1056907825720677
56.454009797466405	-0.24227766483272914	-1.0210577286950715
55.907081553837706	-0.12839509012633274	-0.96459312221297955
55.750221893725552	-1.00808492187868	-0.4143097828782471
54.889160260348724	-0.34495578806188565	0.16897178957619452
56.170910914924185	0.77602673207394557	-0.24475606285569398
56.326653948252591	1.264691413071676	-0.3340719898357738
56.449076517149386	0.75454052972098684	-0.13913802245734883
56.478242590155602	-0.73271881999067912	-0.13884570490008821
54.868734479405546	-0.3323356244963252	-0.79622545968623759
55.216834184078571	0.63384128479295099	-0.54157280371731709
55.367372817319087	0.79269197374228084	-0.46035117334462095
56.398421679514755	0.85549818195435734	-0.5416120541452647
56.122913632142286	0.47972558020473266	-0.28090355593214833
56.615581284034086	-0.72719939508533782	0.53604595668999588
55.599099510964336	0.86231322297302604	-0.05101540115051658
56.372972479224728	0.10105774952745175	-0.72600013528444696
54.863554483324066	0.84740018035991893	-0.2303770962388888
55.676200188089048	0.87157081103328315	-0.77049954342845983
54.980100398317305	0.0015066432762603865	-0.61570700149791935
55.424302377512255	-0.25554449597415813	0.66452461173770583
54.937942694217625	-1.4561266194744253	-0.39300720645237891
55.527759929326947	1.016837695833231	0.20026132343863884
56.644474438021483	-0.7286908332113885	-0.40133606699314661
56.513250264323453	-0.22748970843388447	-0.83318300883501506
54.649339902292169	-0.40247854555299756	0.54020865989170241
55.201255876029386	0.36018442225795699	-0.73081044937582607
55.494195385111887	0.17978784346861043	0.66181639991678809
55.137782604150232	-0.51397860489175029	0.69784484502513355
56.489936433889277	-0.23025587165399647	-0.61377404793503354
55.454505412857138	0.75778020661144807	0.7338565921853758
56.277362709544207	0.79248444718573152	-0.48565130592068267
55.650948373972305	-1.8794188218494132	-0.3643163976199561
55.340995043950237	-0.075207549371767449	-0.57186076978974998
56.514472768045046	0.032003701208622178	0.58018922158306419
55.506782131037063	-0.77377088689218665	-0.3525632911363919
56.395171912879178	-0.21912195230866088	-0.60235466854031372
55.349077450095173	0.5243998470585659	0.59084430728431847
55.92702057824085	1.2977063574428125	0.70629149343563258
54.753702095927778	-0.13003795944103094	-0.5876738925381978
56.469066303862114	-0.72201318045486329	0.38985924614790701
56.074831820872276	-1.4094615003910467	-0.49452682180596513
56.606430025413744	0.15197488802897799	-0.80180599520030649
54.653265560500358	0.73541532370878548	-0.015046396437465977
56.004848535464561	-0.13954697219161827	-1.0828669257749914
55.964388169852803	-0.81017122034611311	-0.51006831121148999
54.920561944414303	-0.14236631924861923	1.0337327969187002
56.29141769836157	-0.42116995523426831	0.51420206301975702
56.309743398620967	0.42166680790386002	0.529119223136996
56.545763854464553	0.56715037685290226	-0.25283626726273628
55.363515785183004	0.80128093851407212	-0.16801304690157617
56.55654281450073	0.21657353370614918	-0.85361726511900959
55.309823615455599	-0.4644046539988374	0.84417056453592842
56.278656448081307	0.06708082196549521	-0.9064709461716195
55.859714785124616	0.24897735355264844	0.48902885465029938
55.783610543216881	-0.95974037783663069	-0.18756504427403548
54.923123187496287	-0.063440633057799387	0.90723503008110629
56.086361007893416	0.41836030075911634	-0.82841939329623659
54.970201730563829	-0.71921948814977354	-0.19540884851636509
54.807820361462241	-0.27272178430473515	0.40914253628023378
55.48615059130654	-0.60027829833997903	0.48945680440870976
54.944418141932374	-0.57806284067839764	0.56808093654394576
54.794563645379178	0.90124897565443207	-0.46030455909510182
54.78388047461204	0.16073922539909066	-0.67313639957909599
43.228196259860283	2.5450750363249193	-8.6611633701483122
54.936667137080505	-1.2547641660939435	-0.072255702387528237
55.774849412318694	0.71507778274444345	0.87027781211578792
56.407857393039087	-0.42566016291333714	-0.96754943597317344
55.030013451009204	0.27106886632041965	0.52967072323499198
55.456300410706092	0.45538215348818889	0.90346710204241309
55.952576781002023	0.99624085578023758	-0.2200419751319109
55.614958095829778	1.580490189093714	-0.71705548413567166
55.279690936659009	0.74117658484755355	-0.82611399931384677
55.024900389483072	-0.27356873839080559	0.86123373268048498
55.568123972772895	-0.11875572979357418	-0.90641212639638147
55.428025940925679	0.25099838074895092	-0.74642041567505502
55.35444344369585	-0.3595063145635643	-0.51992794292502675
55.625288653872843	-0.025796172313805689	-0.83365455971702018
54.858249136609928	0.95116611575523413	-0.55583653487126505
56.079580440211998	0.1991523991198228	0.58178589239985667
56.041410959898499	0.81109779090151368	0.42284596633127486
56.612032718087818	-0.65705707548718639	0.97857686737094518
56.488540225085501	1.1693436717105701	0.38269340651899392
56.161907130155669	0.47098209259093543	-0.68515148927936254
54.883724196910279	-0.49795935359126814	-0.41298266360739766
55.581126490972885	-0.689882020738807	-0.063992144686500121
56.52778301594244	0.32387586333910817	-0.63439500608575083
56.128613057638404	1.1126680032590457	0.002332509915982973
55.787585436142372	0.34430026089098564	0.90056177448532404
55.725877078743615	0.07896224286215639	0.81890082942680276
55.315278801823617	0.18457169967780726	-0.72646505651259374
55.405058803106066	-0.51711811545673447	-0.13058358190898375
56.251935965565266	0.95104171678034832	0.10801256526126825
54.79959162037288	-0.99123739367572283	-0.91651348025868262
55.722307388008851	-0.71005567562705163	0.34787141600527965
55.891344658243604	0.076326438153091938	0.96491607990482464
55.747620741739595	-0.28376599190434909	0.98916249624748387
55.841815989781033	0.21708382958482059	0.97422762504069249
55.652357012672411	0.27649085202689372	0.88555161179899566
55.781846775770923	0.11835327860212427	0.6464147306380631
56.157472639701588	0.76015230229576369	-0.99295190699114178
56.612211106990564	-0.16751396887346498	0.66672130835990961
55.558016858633913	0.73706097961866035	0.74855018574732313
55.509713545344077	-0.83915578445691374	0.60599964929931105
55.604967032127625	-1.052734249754111	0.1449744260990018
56.151047824529186	0.033356802518070543	0.8649988242372243
55.747739745233702	0.6180990632836656	-0.6664756697674119
56.214836590318761	-1.2459885409129399	0.029101083519044432
55.193761155972574	0.5600641216443849	-0.72916183581983174
55.505144400641093	0.66289537315890501	0.37090758778710148
55.005299797238465	-1.0928149152323574	-0.2682693083522017
56.008950896945379	-0.88664019647327863	-0.025556155124527125
55.624167047809152	0.50463319867610557	0.76039751843981107
54.632312206746917	0.78214418904029703	-0.85098701484299089
55.487256775494203	0.46636596286994919	-0.37937066072678977
55.150832672227885	-0.3542008128711388	0.46372221657761759
56.40873637404114	-0.57078951273581191	-0.58140765195707889
56.344052741823518	-0.51403514816958962	-0.37834595312212221
54.810541641985971	1.1805209881370475	0.44825614865228791
54.813931308554366	0.86363233705452769	-0.34871415266049949
55.344735943078064	-0.30049625143879877	-0.57271745175562894
55.852284767537753	0.35064344577884321	0.64172127211919461
55.646847087863833	-0.87125307687418807	-0.80810592283308491
54.878303094340232	0.64144043839250731	-0.3687084693517152
54.921610721667882	-0.0438245780626371	0.69270945738796563
55.032870438568089	-0.29481660191120468	-0.57235911329569511
56.07576738924778	0.72165496470867196	0.22510999409201701
55.02262779701325	0.44707220114191176	1.120474535169468
55.923787712507455	0.70765281433177385	-0.71995540114589707
56.498699010189476	-0.27831061194206203	0.80876699291981402
55.113192142754833	-1.1432013732726105	-0.02330757821036385
56.414631709091026	-0.32782477943138522	0.50790849977048613
56.356334422417248	-0.22477428787870077	-0.57346257218878338
56.522015269071709	-1.0815260243403524	-0.26274901310433918
54.834906767073626	-0.95973301260698263	0.3029678239721087
55.368456674867637	0.32489011826866615	-0.89042874219455925
55.937608791907216	-1.2343096333282688	0.016114831172722523
55.034357900405617	-1.3082178926059087	0.92819520231914776
56.102838019263487	0.42945161355506906	-0.47782236460857341
55.242675192464745	-0.53755139909105765	-0.63388753190638947
55.203634674437453	0.31548910347305498	0.86296367571115518
56.495061436849824	-0.79042504197045171	0.52230694886694173
56.525423930832815	0.69096925094629513	-0.63206944020182798
56.516421585684874	0.92989479441254719	0.57169948338968091
55.510745977167844	-0.36395720585736419	0.98764799793125491
56.19429074847536	0.79210573441881704	-0.087128325390112837
55.060440023268946	-0.26884603918067329	0.037655729762510692
55.176054277739588	0.41260584508356551	-0.86838130323756013
56.294037818958202	-1.051167477620478	-0.02032443206797099
54.913176804052348	0.94714907011283078	0.46161338116454265
55.122078017034511	-0.52365682129525948	0.43038700277272024
55.527647795842	-1.0680404950509552	-0.61398247040266729
55.7313121618892	0.55744492814382385	0.45107256507115678
56.124263484386823	0.029598726994819365	-0.85658228894248367
54.720701962871253	-0.44472040355768727	0.43167838834220812
56.288509115607916	-0.53281265394338007	0.54511114593593291
55.526178989214387	0.051973370221615703	-1.1156217089431755
56.59074900875175	-0.28606949843391599	0.65820590933934331
55.795438163658389	-1.0808626178838401	-0.25277989273214241
30.40397454284529	-6.3855108896062278	4.8207991714256053
56.544778245076614	-1.1436875226480927	-0.32130399180203056
54.914546770753105	0.74646568657334955	-0.78038156119701185
55.32405072853949	-0.14172735012637283	0.86609725696224904
55.349597673378355	-1.1504551839271739	-0.26510190396663807
54.722681685945666	-0.78588625816377444	0.44848072873455413
55.106500731741136	-0.44539042419962327	0.48422925606056477
54.918154870546942	0.46278799950712313	-0.28880705565986942
56.47915631517769	0.25143909141669096	-0.71050456481364699
55.265520267412349	-1.0645497344640766	-0.54902991425803671
54.853062737637252	1.0785581992615934	-0.58214084881954253
55.925106572083763	1.0617609179295784	0.051121249072014839
54.822014974458206	1.2041974458299158	-0.30137365052590959
55.284410722119013	0.080956797869267683	-0.82879736797705228
55.492868635703338	-0.47254330381600812	0.78159405875194332
56.284684331507421	0.83793142031026691	1.1245980761265135
55.67997625189733	0.36759136256322245	0.80390394136933729
55.263977543151107	-0.30334288098359824	-0.73756260229569026
56.326725915476459	0.38738264844484938	0.52759047639085788
54.918290922141708	0.1028875407249055	0.30418642086791786
56.334429042798817	-0.15781295221998584	-0.45854148948015788
56.438866688649476	0.70382632251814137	-0.79169659441228135
54.743178198070197	-0.60157209909832998	0.66988632856239216
55.623110612530468	-0.71800053675689002	0.42516837829876442
55.232089307227831	-0.12855023638341662	-0.58807746721673271
55.925629205460957	-0.32295029569445527	0.46170369669555067
54.719726064511008	0.34045211762161876	-0.066044912955453436
55.873554806375459	-0.75883596368782857	-0.95167994495723907
54.937837025257075	0.55342311686360479	1.1121998782373061
55.455341897009141	0.324648733273526	-1.065989074034684
56.036387516010123	-0.42032067523663219	0.83005930120746152
55.434777855483425	0.34816652344020921	-0.32394371555740353
56.275523021569207	0.24555801091560109	-0.43245959252069832
56.059587141815207	0.74292841325236847	-0.19774723705592651
55.66940190990703	0.94084169310090171	0.36514174103957492
55.020197556731191	0.046561196750997028	-0.52193757465723789
56.022779249235938	-0.4035517900868158	1.1192856134235831
54.686731337028796	1.1709680120472072	0.19840807056454043
55.85178416433908	0.52991306162772112	-1.0238479006807839
55.929083949699539	-0.44709716805190808	0.042952395044808807
55.933621100435225	-0.23217666111329693	-0.69035699574048159
55.393845370534322	-0.020613430418015961	1.1794992993568381
56.484679592979099	0.68353870268834827	0.004436170974277706
54.972908718284387	1.0664953481036377	-0.40073455268248975
56.351030694529115	0.5617082526816003	-0.48911219426463381
55.282334149385591	-0.48022555332156791	-0.86434676515982478
55.322154158837222	-0.68687778556104773	0.93684939351059981
56.254706613704911	-0.80849497951176297	0.54434997857412981
55.576986155998021	0.51533281210354454	0.66969370890064583
55.125439238166621	1.4934485787624809	-0.28196784145042447
55.703503987586977	-0.49708190609441771	0.35049703207097621
56.275802488577582	0.56374718358228537	-0.24505950768649046
55.860331420879604	0.7420342779916691	0.14552591228213013
56.219360361515847	-0.2198168302112363	0.88624866501964406
55.985153418928626	0.95468985253213323	-0.51053886909800317
56.361895084764456	-0.78666132075596207	0.27457741203622976
56.460603390883449	-0.75849521355004079	-0.37817041999720286
56.099418664270516	-0.80823181877825157	0.2430826005152581
54.924099977043454	-0.75020529457454044	0.20233195445042979
56.425657889304631	0.47377463391222624	-0.5858486506500884
56.074983351268038	-0.11605972167055435	0.6285181735430817
56.193093697392584	0.11075543215030055	0.78923063024574114
55.905837468644954	0.38305264155313573	0.49442412596095675
54.839947569451432	-0.7982916436323767	-0.0093448078015608369
56.606551810526156	-0.60677554631953123	0.92846083810858171
36.199104301884489	-4.9109564037289397	-7.715342962032488
54.915903351729568	0.74347987157489803	0.45820335211894969
54.940753024362031	0.81478178133925272	-0.75779878986485194
55.458097868866538	0.51396162032278858	0.94733733009075072
55.247181362505536	0.71162337256315222	0.96667454431711153
56.031239546081999	-0.072014823929151719	-0.96549306900312515
55.753904455671034	1.0517837116001363	-0.30354368866297099
56.144200746737489	0.37953933443983534	-0.60216027327794885
56.08839252477221	0.72477632226260302	0.57861347867990376
55.30552213064994	-0.97672245041682948	0.50339323623128407
55.192633464562093	-0.3462814217398747	-0.75824532565609304
55.362526932450471	0.98683876997785214	-0.054374964226333783
55.934199609429314	-0.85504540296063214	0.27749514209101472
56.655849178041834	-0.33075099622055354	0.89138143662776204
56.03173768241799	-0.45681224964405265	-0.73004580960058718
55.22100907347604	0.17251751063549164	0.57498069638953497
55.021843967105148	0.2945098019064234	0.74726969705553403
55.898273758373897	-0.94103433770868383	-0.052138797468433383
54.963038820227773	0.12365427426473763	-0.38148055961601252
55.864946273963461	0.81444445033012158	-0.77660042348823677
56.360941835959451	1.1112002643023795	0.84783708833174543
55.101136131785623	0.50352385421051649	0.6270053065028498
55.944883326747501	-0.24088471690029295	-0.86944061619291391
55.062303659928233	-0.21225349212749797	1.0262830690577405
56.392189868879683	-0.72044886914433148	-0.10606545130392875
55.841638904922497	-0.022623224360029212	0.74803853330461756
54.738736020862476	0.50903282986546605	-0.53204924493396955
56.294534253704043	1.3419240886282169	-0.027033954553084518
56.414919126992061	-0.39931938182987053	-0.26839310451284387
55.737916066882974	-0.33175848010131248	-0.51705537985843308
56.313387802164868	-0.53252540305953477	0.37414172435027271
56.157742496085831	-0.35832621416779636	0.25298224490068699
55.318819837090409	-0.72612651682127249	1.0522163588686573
56.706690478069625	0.071693338853230718	-1.0443436965757114
55.291947243371041	0.2232808735762937	0.99801775634828982
55.651980551409785	-0.80971888049114782	0.084578545097641428
56.322499563845582	0.18894828115952991	-0.73242479231883695
56.296654678227895	-0.66661603448823026	-0.42422963499666377
55.890054838091302	0.64308064195120895	0.54194566378956266
55.584545753797883	1.0114104686268148	-0.014536843015116227
54.94921962362681	0.48304206608581013	-0.81813112187882797
56.311503152180308	0.23204226066098257	-0.63549508104834773
54.723345485762231	-1.1115566076032479	0.047948581913840466
56.460611608451138	-0.98431516608640157	0.33608313755225272
55.877305434887148	0.62663091772537627	0.066137737260875878
55.747266906907228	-0.61265937643636903	-0.15718241626888635
56.080230956741246	-0.36071921275779706	0.94504567447406496
55.696333096429477	0.59088767885050331	0.076173938749591302
55.32766089379033	-0.43008208904631051	-1.2915030320885086
54.889661872637191	0.89110611613060142	-0.073321999770703
55.235223906907947	0.38622429900933836	-0.24450245199783421
56.27524413483286	-0.51503230753332963	0.19555451262850074
55.024794397094674	1.2646300847601819	-0.84218382563133942
56.361476583726137	-0.75810798857527151	-0.40529121596845924
54.838496150204946	-0.23990038928855256	-1.9886397014132686
55.527478187574424	-0.97562238936515921	-0.33342683794276845
56.457336382036942	0.53913726518071103	0.20293371520279002
55.08078026377877	-0.31412640873707964	-0.13663633064784086
55.944259904248412	0.27972428080210304	0.68392830441570862
55.071567634790455	0.34872056263943213	0.41166231196236003
55.845907373525172	0.32106230968685479	0.81636562387237233
56.046539779935003	0.1437842934540301	0.707600437451817
56.274633845892332	-0.31657899098289277	1.2245692567970043
56.390404788169242	-1.0463480914253289	-0.59887618356005368
56.606260336229745	-0.36852678196798588	0.5127327518720991
55.161933682521926	0.67084418874886731	-0.89020855505877827
54.845390302693204	0.8165505721043661	-0.24211328775858268
54.709773188682021	-1.1571260634772322	0.16854445497437726
55.869522298168548	0.48468746054321338	0.51645810912755874
55.655129779032819	-0.025556915622692855	-0.72615076614757945
55.452997358960943	0.99524756540894466	-0.57017090238311974
55.601699921359639	-0.35805006870208073	0.71336997877066954
56.233022998770359	-0.53309095271888263	0.34075753199152825
56.402069800393413	-1.059156055634898	-0.47820649091142126
55.601752329074472	-0.75585440275372673	0.31042294195131592
56.489506874563624	-0.0016204313910836642	-0.77369122363954623
55.921513276799146	-0.87407294336487273	-0.13699151757560266
55.656948338257202	-0.3765920186350149	0.72211682509796171
56.187783374800389	0.33181730130412118	1.0484791615605684
56.05698665397054	0.64550663441304512	-1.1164645296779621
55.291250923565798	0.120315513847556	1.0853533420572397
55.098023749887311	0.14619128000699572	0.81103810084338268
55.437716237406725	-0.87751071357818866	-0.8565695059505003
32.583530653672206	-6.3168761920154726	4.0458452897103534
54.871837326527107	-0.99540040275281239	-0.52637045007336025
56.136769523709006	-0.42179020623167818	0.57232522565557853
54.992912165199421	0.58572908957574421	0.83839892437345198
54.66995074244879	-0.31614984526964968	0.68845146665118528
54.910282740927641	-0.19134548119768993	-0.91972724394657901
55.095813822435929	0.80054332749739476	-0.40458402987007608
55.212683990049044	0.68626528014694443	0.71139634473372859
55.78612475787282	-0.05439944540536007	0.91403999014565951
56.017334535718632	-0.40547069156265997	-0.6014677804039299
55.776829343728245	1.3258863083698025	0.20782525164274074
55.012997390359374	-0.77594232837216059	-0.22504765283498254
55.371097083802113	0.75348478350845816	-0.45051671190917786
54.892791005233313	-0.16272572508499858	-1.1052265879423262
56.351832424299197	-0.65325729218496298	0.45814723643332617
54.96499361131103	0.44266978972779464	1.0907308071746395
55.49786107911693	0.3456116294167626	-1.0250310088081418
54.968300900158475	0.1798070043632313	-0.75713425439605353
56.679244671485442	0.62899475273694627	0.74963975983524089
55.521684340105701	0.85005255547167746	-0.73708252908823124
55.923423332887303	0.90008003503327794	0.085272432809977025
56.120728300854367	-0.24174517043287447	-0.56842836336383062
56.52167350648751	0.69851933751628748	0.20797227044326938
54.787559287733764	0.41579045956395155	-0.54583510374164812
56.312907899984985	-0.91178735103747499	0.62895611844324706
54.917854173165772	-0.54912279712756717	0.042037005740902064
56.090743790853367	0.39161801028597959	1.0152715962731207
55.545817977962848	-0.57371926133567752	-0.46744088852400689
55.901510874368952	-0.28753721962457007	0.78800273792016551
55.934394443115316	-1.105190068118922	-0.7095952120035397
55.418220016300793	-0.69268248524725429	-1.5190987139123622
55.046535481223579	-0.30207804220834755	0.40791281277269265
55.767328491314537	0.2457703539924142	-0.77492395566477767
56.441671886155831	0.83961871252640641	-0.21151078753799241
56.472271622081642	0.88862998019077299	0.83070872985214794
55.990722821863429	0.75020623465681768	-0.84630771875344335
54.955969635038109	0.13143761974616688	0.56514400176041579
56.238168450690345	-0.37497301919685017	-0.94434070458678632
56.608074995749064	-0.14318163537671155	-0.41517025757800291
56.368001505268026	0.73775626847599474	0.51044662563100307
56.181724953642018	-0.13984043238014479	-1.1544271430773958
54.672481056880699	0.94908265354090371	-0.33805779477645787
56.445124768015262	-0.20661544689384723	-0.71858716607059137
55.721844110608352	-0.59568562758886301	-0.7097766027749699
55.06034315939322	-1.2024241015868502	0.16699519854028377
55.588117999949297	-0.83296425827804799	-0.097978189280286745
55.230368662955129	-0.21516269790188439	1.1363380674814683
56.366702504725588	0.91128592706896794	-0.2390963162655724
55.957580686425423	0.32961832261457497	-0.52611195500184571
55.149450728468928	-1.1630004663175548	0.18397309728887459
56.199198116244418	-0.82197815334713886	0.83259989648516119
56.54854928359677	0.53635051224771046	0.74033728921034248
54.856283556904181	-0.73859210071386139	-0.79804540787283895
55.805280400500948	0.44000566546635983	-0.27994699529798422
56.436571168098311	0.83766647249570203	-0.084264038410383935
56.268908539423251	-0.21666600749014114	-0.69687960339089705
55.283002245051897	0.51411828569894846	0.65345122109486853
55.717023271833995	0.41096219866123868	-0.99144966338417262
56.240019771866805	1.1348275267436683	-0.20175846809052203
36.152917759490819	8.9836272809970552	5.9081950656897089
55.270394114380593	-0.23808508768855219	-0.78096469932229029
55.783254924425357	-0.85096978917710009	-0.3381750715182214
54.870641312603311	0.2260393059189508	0.96430324866835349
56.022403795682337	0.76891719456012275	0.25421032029124097
55.635683018923032	-0.90909570156190489	0.61180783600730781
56.057431086151084	-0.50697451264785942	-0.96938340845150939
55.364592454669797	-0.71945344405317502	-0.080897198174301868
56.146209631921153	0.1222569988438532	-0.77340645354983173
54.870035681391613	0.85166591334839858	-0.11479953134155753
55.515218751274226	0.9747993052647842	0.16356601014629077
55.908275860088338	-0.75821595148985099	-0.34529943073319791
56.36665144727138	-0.58329956994781296	-0.54479426820477017
56.639086194214357	-0.68499699355240384	0.85573547901989977
54.551299123086622	-0.16600857569901264	1.0017985704212655
55.368936430645221	0.13268104678151776	-1.4452707285683799
55.900516595098644	0.33681225873993997	1.1992479920945165
56.354363939469444	-0.76647042885901695	0.18425193039032883
55.949287949079419	0.64691376922672228	0.09118775357837082
55.04581245607033	-0.22975498848274489	0.80574037358483508
55.269885873004071	0.7210911499853293	0.5537274644177822
55.496565666649651	-0.97973569140578587	-0.23687045013738586
55.231695455709556	0.99625903704515306	0.11766013415210101
54.943295123837693	0.014467366593261356	1.0569516699609305
56.180467578777339	-0.048993389199834536	0.53048486656165483
54.934129895457595	-0.52613870960330977	-0.12577649607397728
56.154066021223024	0.62448865462864767	-0.5750397689923249
56.13842102170625	-0.7388837445037516	-0.70813333790823829
56.19014111101945	-0.43533837246951201	-1.0322277887150089
55.138267447637716	-0.59251782031786415	0.69939124134328035
55.895987122209227	-0.6447994598948007	1.025504904088951
54.919861362681594	-0.38853310094502019	0.90400740851856365
55.892830882688642	0.92301455535346211	0.09564749786729225
56.009665150049415	-0.51426665252973758	0.82727018027845445
56.371999059514629	-1.1976086446202543	-0.028195178235842017
56.192337388491119	0.90230220814412621	0.44458184340934703
54.902515061794617	0.30807720124804111	0.86638082075120104
56.333707887538303	0.24290761608692246	0.033566275014917955
55.358233607683808	0.70682411896132269	0.51551812334887726
56.412583267699638	-0.12409239805187551	0.63494545130258229
56.511386691426821	0.88346781957016607	-0.64040964064194827
55.880679845677797	-0.91848141047616894	-0.072042141808611071
42.861896721690975	-3.6583502393290419	-8.0112203108447559
54.68723820979347	-1.1276786603879649	-0.21502187138923892
55.254763055850027	1.1037511506004278	0.23843724477935538
55.778417576990009	0.47364524335723424	-0.62639186209372799
55.147682783082963	-0.15384666284903487	-0.27260999031737304
55.885509157264394	0.66739849751884639	-0.8085182835130621
56.079143838547317	0.075862344978738283	-0.23968780948312823
56.504414844709586	0.3576113293903655	-0.80318145303578758
55.063814150813904	1.0889717960522576	0.53984039485313662
55.886375201931976	0.83834475508254758	0.46129313293428453
56.033903193845958	0.47094161093689879	0.7928621078557071
54.07721163603059	-0.27365692239986544	-5.0474776685212488
55.328075915030439	1.0074206563422277	0.38241908513977307
55.216600241873778	-0.085946466879369188	0.25371610572048858
55.89850479825531	0.72781838337113602	-0.46072243767928089
56.56341929692865	-0.15301278224014511	0.95983214116527837
55.609271861142474	0.35012347443525976	-0.51246079917427556
55.409525835253014	-0.16882640546778879	0.88127442088771346
55.466326872305039	0.81170567745506572	-0.76135038085028794
56.517855993599568	-0.70585760614151072	0.28773568678044081
56.589111973159554	0.27328877304253368	0.96724729110863428
55.932031469600432	-0.3960906248660323	-0.76478137010805347
55.026743491636594	-0.19392082269682431	-0.99788550552494071
55.491183935893744	0.54063480147625109	0.64512574194524974
55.181986515525566	0.82075818428890979	0.2896207995743722
56.56837708511781	-0.71444995438239489	0.073878366202612386
54.779334891996065	-0.25048209399409505	0.38108444799028984
56.370550506016997	0.48257102174647226	0.46911643179788282
54.765012055926952	0.71936042660482069	-0.39637043243830161
55.814123110374716	-0.22060207382189617	-0.71388646915080134
56.484498315664439	0.80901977996737107	-1.1375324609610156
56.200007643343405	-0.48654615576765481	0.12957713671672691
56.018797905536644	-0.70166410634978593	-0.265584193656416
55.756267031512486	0.24741004695569077	-1.0923611654229635
56.061298968241779	0.71274733842762028	0.5092730000767286
55.424413123495064	-0.07471220793628168	-0.51670476767170714
55.291825680625571	0.055081839996875936	1.0058246612763202
54.866134886144366	-0.16005342017542748	-1.0732813501602678
56.239725721831448	-0.55726687747977932	-0.87901093749872039
54.800976338953774	0.79988616408286306	-0.27993154786127344
55.302926321782401	-0.14116166376126121	0.56143311311874167
54.975529886175707	-0.57262054780410077	0.60268050897241632
54.893987607570701	0.82005805152842193	0.72230490711946815
56.30114663061817	-0.21233206313766756	-0.65029219368230884
56.395727453968604	0.59049672717312529	-0.60251489329730867
55.591637159181005	1.9346576574004246	0.67211391110711427
54.860419626565545	0.74419551893487934	0.29204704979183543
55.125848239197097	-0.35894915569283625	0.69399773218499794
56.028783736404428	0.23049051818076485	1.0451989014070679
56.278578084798774	-0.4070542757156338	0.7348131968448125
55.670454940261685	0.72081411419036301	0.23248039516418387
55.856001150825136	-0.054425564463847206	0.55108372764501834
55.096739570649412	0.3420414926282736	-0.66238685173082912
56.059359444101901	-1.0432360531354448	-0.16661632580386582
56.15568769157619	0.42658595383845616	-1.191915885067163
56.446384268009275	-0.29533063123868264	-0.56521661039377913
55.765254793185825	-0.22077365525587067	-0.59872995343795143
56.215515775632888	0.2656717480557354	0.74431455361953991
54.993303135293857	0.78939459141233703	-0.0021477948861560489
56.293860846815093	0.98972007889380109	0.086808485587725484
56.529666879434508	-0.50878395490349837	0.83916651991058377
55.956998590950896	0.62249235781322021	0.80107681829777322
55.36807158701216	0.042923031847185038	0.47867730061841884
56.105331163928675	0.15703143427558494	0.65599258574873398
54.643822482484588	-0.021368146344219616	-1.0261467592293676
55.150368498700203	0.33574218554365121	0.33922237775232433
56.612735719709327	-0.72079436795776286	0.56869676403500002
54.962945346020014	-0.8050534593151073	-0.4112182995987696
56.061435921907588	-0.082379921754662272	0.78392733562701045
55.142234376000474	-0.79169865043536725	0.65396256594877644
55.572129284841559	0.89625322532180429	0.1216528642642435
54.755971510912765	0.31011862903796789	-0.88839866302178905
55.973873990022909	-0.66621307609488301	-0.3398852273284021
56.338368280575956	0.49502707839729182	-0.12260806591511274
55.148626240385319	0.68882454811390581	0.83487533447308937
54.881540853626568	0.37037105900710532	0.14571623888493343
55.532294138817441	-0.91572273042828134	-0.80800495146975426
55.793135104296638	0.77101044251066075	-0.58793859124890546
56.372054457253554	0.78268399459327653	0.031707485605243092
55.108460990165206	0.50234114760727688	-0.15748734256464489
54.797757516532414	-0.7910542198616749	0.44132326487778889
55.134861951163955	-1.2075457242583285	-2.1836194545740311
56.411956393735956	0.22258271177798089	-0.89032282577621358
56.382009977507657	-0.88629417623664197	0.086381519808431798
54.811705309587161	0.3664861199109119	-0.2134344360901784
55.499553192021622	0.18116401608506877	-0.78171284801434782
55.063509882661215	-1.1621808924519614	0.42830460577686441
56.220453184302912	0.27483163166542796	0.4371068942326421
55.621592438639503	0.66240248263064627	0.48097621015278641
56.445972888272372	-0.42251578492771569	-0.60930081786541956
55.895491580682574	-0.43135407661398323	-0.68756537054516254
54.989260319734491	-0.90501673175768116	-0.34756495342488675
55.832577658743716	0.79454797864725191	0.86085658906840834
54.954823342034587	-0.15121339223896713	-0.83275066572997836
55.657463615304053	-0.068842210658553685	-1.3733224392602799
56.625623452207108	-0.89795441524746167	0.52518513675358425
56.014912395324167	1.1098714555877669	-0.3040978465018625
55.513052897397195	-0.071700324790545819	-0.35559036315570436
55.966192851171328	-0.71141643230812612	-0.8449894407371964
54.684605412574356	-1.2134569626711602	0.1805651753195176
56.638925724474198	0.20703969087587565	0.5129659390665996
55.943164904539039	-1.2136402937469057	-0.75612814405051954
55.927780139198909	-1.3589022687488128	0.7529329070688211
56.445004364917615	-0.73345678213705467	-0.18638014123102178
54.831607746952649	0.046397632872618257	0.67211662355398083
55.457182610422656	0.43682944792038303	-1.1734773719172493
54.980882042760129	-0.53852091145588132	0.28129482826994195
56.3072455841886	0.36505513293083552	-0.92203899352199448
54.900026549235122	-0.89033473808528507	-0.64032948009960733
56.639431306449019	0.81312055785533988	-0.74867761122027077
54.830707596720309	-0.93631631859694497	-0.74392445376712957
54.83493317239224	-0.53222919413523551	0.66678131480436753
56.096080579817261	-1.0109211956855808	-0.022272723003178348
55.293581565994451	-0.56378326906770182	-0.81984527910729255
55.133032873768279	0.55590924702886102	0.51263306978188439
56.183657171660094	-0.043671866659588762	0.77312388743256943
56.3182640600971	-1.0602494204468835	-0.42433764331342949
56.226351409616612	0.2860871051125099	0.82497158973591189
54.790386817113188	-0.15521085606965465	-0.77683026839895264
55.008785654138201	1.7749555945543134	-0.37068077200171495
55.090292557307819	-0.12149837902248278	-0.044714132492594323
55.188273892887985	-0.9251480668273272	0.44109762794623208
54.973889645672564	-0.75139859166964351	-0.25523781561041092
56.196623003239104	0.60904018022808781	-0.54465651074647525
54.817556163015105	0.73827450412606199	0.82667676002832491
55.101393867479914	0.39492836173885615	0.7502853144639452
54.92878398890096	0.31665178686242507	-0.54558246959185996
55.085079651633947	-0.30040763188541031	0.8604397163234484
55.364921645676063	0.39706307499024907	0.31452379156947841
56.552925263222619	0.58288714094282579	0.10849482530592096
55.010961380774908	0.30824905876971459	0.50092548320486985
56.140542184221509	1.0534677061974598	0.54002682316710338
54.876016227454002	-0.6565199435055008	-0.096868198499505592
56.543474666443409	1.191332458834482	-0.050709051896875239
54.82200069505808	0.01997689101301061	0.93894757573912468
55.666308800767723	0.21380948780944065	-1.0500726762861827
54.648806209465235	0.31479963952864676	0.47648673117139856
55.261252730179471	0.84694058446832465	-0.012196234435987174
54.617300271197543	-0.10333281517237694	-1.1955632387063724
54.749263545715934	0.66828997273668655	-1.2667112461120598
56.217909094855152	-0.82909891723170892	-0.57357753142997159
55.366955730304525	-0.98067962668881625	-0.27954810132966462
55.074945212232549	-0.81058693018495132	-0.31974707853576717
55.404248831894215	0.528764975526401	-0.62521270016748443
56.357798517112954	0.30909771543762093	0.49643507954785304
56.369769613646262	-0.47958296370643466	1.8592990443299144
55.112715422139026	-0.89188703849251705	1.3867164472633209
56.237006320604017	0.53813370471418331	0.94647577210793965
55.809846050254713	1.0935350816682405	0.58664506393461791
55.41245811510246	-1.2909012068743531	0.0059732374887920504
55.954441777436031	0.88499124553791109	0.47267353989727362
55.711727277129867	-0.43466862280946988	-1.0888857453221863
56.374242782732686	0.99858090870264005	0.27548614454733156
55.491679378984763	0.97222753988052335	0.07173981966817905
55.756890245766471	0.36697629385965175	0.51141002421361981
56.488470101347666	-0.21056843479073839	-1.1686011181848717
55.313449304383127	0.66101106795340003	0.59426480347325317
54.958466666793854	-0.85680577448335615	0.74187701202255196
55.981690826663943	-0.55334657866369041	-0.28258739636507219
54.639926514798766	0.64892838635559991	0.65139470430866753
56.107010968505293	-0.74610902387002431	0.37445615852405195
55.500693441679445	0.93472018030724646	0.37679111925815933
55.676329213933364	0.061473550477635856	0.5868344428420057
55.575218438442612	-0.67202451581619282	0.20576118134988083
55.676886748192395	0.32922943263794729	1.392101681574162
55.191337583579632	-0.089497582541415072	0.92804893094239604
55.505273208165143	-0.56624526632678462	1.0835665181692953
56.456761493181766	-0.7186859888233823	0.33585519030899075
55.07749406793598	2.1329327718832438	0.20650850437987928
56.098312529194658	-0.75542126480192773	-0.2700011775345883
55.256520141364575	-0.32554773497953182	0.82451962316425731
56.37403172806011	-0.80450190299884139	-1.3951532009136771
56.536974964945962	-0.44621095699088686	-0.8370307778372349
55.2270273091669	0.11387825526772646	0.48963508047566001
56.43074096505903	1.3138673713853315	-0.44134410320738016
56.417147227991407	0.38355727230249481	-0.39012060214633648
56.252151076614375	-0.92534020422404051	-0.10360333076090292
54.891616803207953	-0.15316761867331752	-0.63173344333518222
55.717097095417024	2.3700211596930596	0.1733796459909033
55.491967607784872	0.800031576786016	0.81929698983406396
56.37589276417286	-0.45355328815436152	-0.334411925117444
55.655362390083567	-0.68535636958284951	-0.46922038447666742
55.595869995885359	0.63423121986679698	-0.62889493091769533
56.190677001956679	-0.83838386177784374	0.20859947853417993
55.558631359791804	-0.87011920597439629	0.65419500132167119
56.139389034834387	0.4296119103606133	-0.00086058467343660776
56.22240119589965	0.74430459333684329	0.016549510931829547
56.086698107631157	1.07890198115863	0.010427593451862577
55.779043882123446	0.84117754467606043	0.01404433432852571
54.997818763508214	0.78435623408792354	0.43745230811749225
56.590583848018625	0.35515719825196723	-0.79925480811519267
55.685375381826546	-0.0012639092584039995	-0.76817059738029003
56.13554558723348	0.77960044009037066	0.25642105862262604
55.390044427677324	0.33313542543699992	0.30706938374095311
55.197435512533019	0.59463507028828688	0.82004369212665751
56.160012094319818	-1.1483279649166795	0.16425238810412315
56.186791162550051	0.024287147100012424	0.19241584068158973
56.606814654819217	-0.027183693438276649	-0.5949166067413999
55.458348622011734	0.42520918026915783	0.59084625592105855
54.884760099945829	0.60684305392250826	-1.1853437822480606
55.69335084471377	-0.68883113594127887	0.46136848943926589
55.477817990109322	-0.019289858644310667	0.70297590581343572
55.369530472650588	1.0845002650920776	0.41445178032129548
55.308320344673419	0.75333174218341303	0.26892381273425059
55.606760048036236	0.28771174674843841	-0.56317284494035091
55.090685096861435	0.47410840277391725	0.14341912392391581
54.906280645383561	-0.11656210316389556	0.63661996402844079
56.387215799845556	0.47839526657732201	-0.75588106079656003
54.955033401681092	1.3446852004948961	-0.65229214436432847
56.488522379927993	-0.9168593535123819	0.029018253296244051
54.760926047978067	-1.2694011933634881	-0.1017385284201118
54.717916964926459	-0.49403285878442921	-0.94300332519791397
56.364692552669041	-0.50377182874418214	1.0669566963773862
56.45201881830625	0.44664017180874116	0.051203444434733833
55.819543998917275	0.84316689777366183	0.60108515044408151
56.233546395093704	-0.69107771129378892	0.36015885931534469
56.143853604817636	-0.3336912014287145	1.1242439442636196
55.339870766306085	0.087761110493558309	1.2717263136994765
55.372229311821982	-0.65075235982073276	-0.43735364648348118
55.063452943947546	-0.010203755360292223	1.0534449031722537
56.440605577304993	-0.34610012854262018	0.032688723445982205
56.395190786759656	-0.67252016311198071	-0.42854429325129823
55.278987686729103	-0.15319759422060145	0.40603855965821561
56.264392750727282	0.87527889984066276	-0.53653201841116172
56.474061408637944	0.47322244362271637	0.63753071818133888
54.814986607501375	0.1567888715055851	-0.52351163053265759
54.754829343996747	0.99279178048829175	-0.46215782371377961
55.071185292604	0.75705367861227568	0.6357398458446385
55.968372926702152	-0.50628374347313443	0.83411291099360363
55.17057746137661	0.19694571484853637	1.009174461547983
56.47342898142454	-0.58365669055199998	-0.4180280838293744
55.758725440044749	-0.63608891904807707	-0.27137266646340186
54.805148243436371	-1.4669417650717753	-0.67104524481449523
56.009096539837053	0.10794566363491001	-0.3458575277700684
55.153179248546202	-0.96907652042385339	-0.15152594620366872
55.240491867425369	0.66515955398925397	0.93868396940161625
55.82900301152651	-1.0650648948235593	0.55446058099998308
55.81074252216343	-0.37137611864807868	-0.37242721300223747
56.206201214830415	0.45916104912273198	1.0602757463437615
56.698380168499419	-0.4392985243500791	-1.1057216232932414
56.240802427900825	1.2323604298195427	0.90963643180377518
55.195720036455882	-0.59277512916522956	0.607299480464223
56.076236347618121	0.27652757100950964	-0.062842417694441974
55.653952002411749	-0.080044308070676154	0.65303459178968815
55.248225002549844	0.2682151878111978	-0.68023033219336093
55.408442245212314	0.21050250101623272	-1.0994507379996221
54.746564513682955	0.35558349327557992	0.5299374408828238
55.138074604963265	0.56649615367495054	-0.38878137202069052
54.673615805756683	0.69422423785897258	0.4497473401315133
56.215394996401365	-0.22729617910926952	-0.78190422712761343
55.914091923051913	0.49805999182654004	-1.1797952007899521
55.762333090086557	-0.0054227277429390909	0.44593821977403036
55.419757203251258	-0.1825209203076868	-0.078885351198734854
54.806891704085146	0.13376018758180608	-0.77775286669925159
55.529347593701686	-0.045474667992708877	0.81885141106939718
55.252712833045543	1.1106858457463451	-0.32526311885073206
56.120336314752635	0.91308178595833667	-0.47380971481897427
55.68925054708928	-0.11761695799869726	-1.2355501519752541
56.466379009359073	0.77324353168370252	0.024669016702378782
55.725590470422439	0.7079780988659311	0.21316094492929216
55.852435399019633	0.799572343421459	-0.37056653403096601
55.536170328431901	-0.85014936249943729	-0.08474036817994296
55.113682638837396	0.060627297796921296	-1.1666059368451664
55.844307014754541	-0.53931337715773531	-0.83626348175224208
55.501203674298786	1.3142189927638099	-0.21632357207566488
55.280882710383402	-0.97274794338423221	-0.41610363616483265
55.484701842161726	1.0094003867632038	0.0034981862769767336
56.346206179225803	0.43415100184170674	1.0194655476460177
55.823034083169361	-0.98449817796901729	-0.21513041524700147
54.883013306439075	-0.8261143146388279	0.35081982562605901
54.98938025891286	0.7064815364517959	0.48102884689304459
55.891771214391753	0.64155061214049047	-0.019021274180403502
55.0786150149601	-0.53583967100731522	-0.78262393200917768
55.524544418550505	0.34280841500120196	0.61532078633416931
55.752821159974161	1.1522824294575393	0.65212616602249762
55.47955332829391	-0.27730786368260657	-0.49685833016628522
56.348753747330413	0.14023478656141145	1.3422381875921106
56.105090456115583	-0.5025395946025023	-0.75015535923001486
55.250169991021238	-0.65117080568187635	1.3475299065226347
55.382046405721034	1.1010705572923929	0.15143589774865379
55.062022519032489	-0.2880679881772929	-0.98719315262571228
55.214406590033732	-0.40758613895139328	-0.51796845487568643
55.034469885253181	0.051154933289012855	-0.64502708851152446
55.667395378518243	0.59344762279136454	-1.1150550791211713
55.519513170018648	0.35505154072711542	1.0951022034674371
55.548720557881509	-1.4070845013323721	-0.6129836114871704
56.412548768214506	-0.93213596823625144	0.11721849017208583
55.024989086257712	0.71769965669307667	0.31795152368681062
56.140753854705871	-0.43615421029772328	0.34841131360226196
55.719714491724488	0.1372803704506633	-0.46540060371005887
54.923122617107964	-0.24760210761735507	-0.71019838995995843
55.514672176652297	0.65430820614903984	0.82678018163912892
55.426066574094463	-0.5814362804645713	-0.37394172589256153
56.166805379972743	0.039112224908050705	0.95089629272814646
56.337673599136608	-0.22549330890215247	-0.74192200439441081
56.566047121758267	0.72723281795450612	0.10703196392507655
55.054193349911934	-0.48330144412472054	0.79811324819109875
54.968340318721019	0.067352892232608721	-0.62647057607743184
56.422348439261441	0.84075287218391881	-0.7057962770407753
55.688018581850976	1.2171530267060993	0.44798776885898622
56.54599455974963	-0.52639019204220949	0.32493979586601468
56.218253308407796	-0.27205577150003063	-0.42834787969176857
55.527033850936554	0.42629971220182311	-0.96145278234954257
55.607393850361227	-0.45273511199536726	0.52412721432608311
55.934097363772622	-0.61484991936095346	-0.89810326941449548
55.91220783336405	0.92756710770181006	-0.28835102888650471
55.575169226861227	0.09489809303788338	-1.1306229837860255
55.435348097092557	-0.70894522065782972	0.53200403112323325
55.39655817516045	0.55126412364553656	-0.2786246097185377
55.710491288895156	-0.83724773747275516	0.58140344570063074
55.400673739326663	-0.60977824426518246	0.24484503226321222
55.870343097356418	0.42559639841277236	-0.96636745035896199
56.520482511770474	-0.50011724878669994	-0.29727117957988197
55.732751763334434	-0.32171705975742992	1.0542405979558198
56.343878414263038	0.31585102325046127	-0.042878948098950959
24.096426878156709	-0.80252899030821923	1.5063379877918881
54.951159198129318	-0.25948496474832361	-0.90244137076738307
55.564761530796616	-1.061612258436283	-0.81978041246980049
55.333898110836216	-0.68064839951357792	0.41252033773980429
56.134168854804983	-1.1008822985356141	-0.38204580364853358
56.680829099311246	0.99759969894458667	0.40171594038170072
55.271718467371997	0.26770862349533192	-0.84278587180970732
54.635665501849729	-0.78928240412123452	0.58045432020413679
56.379382154283185	0.75023095232765635	-0.020389181059790894
55.139427604704565	0.54440399438694542	-0.13883620475659944
56.288845467055658	-0.66795313945395229	-0.43893077394682295
55.97075324074855	-0.41607727579989862	0.66593776468056232
55.697974284014215	0.45844621895897597	-0.88376290870984575
55.387222213436651	0.74463897423042191	0.085774905163744766
55.077085312519678	1.1498647613928521	-0.48748839655897797
56.46448400645432	0.44276344606115142	-0.77991390345297429
55.244693690103617	0.51732121956464583	-0.050773861071173869
55.828545604273707	-0.68370370705531569	0.68956690110685703
54.792505064105768	-0.83385740232569439	0.22575897838076911
56.552175809653676	-0.091790467295495989	-0.48326255188000983
56.397287894983776	0.35668395432524003	1.2463367457603021
55.144313228597902	0.84865389949259218	-0.051083178282205266
55.301426841115259	-0.81621741529879166	-0.94629093459171398
55.958335717790305	0.89409233389527765	-0.62287560821646537
55.172461478994506	-0.81784344640513917	-0.91401192955204413
56.508303515418937	-0.36878639331431673	-0.35355969794095909
55.241187562889607	0.97772598245376352	0.97076097023484453
55.741978907980652	-0.071740752983922101	0.71326397397955943
55.593608925452926	0.026182676250208189	0.58846050520178383
54.822211807429603	-0.1202141542896748	0.52638477795976624
55.54913189367312	0.37663011206045588	0.9454984809885385
56.336927807253971	0.017961836822335823	0.53392602036018966
55.782038693843901	0.8925483745483942	0.42277133219022361
55.05256366022963	0.12045693913593293	-0.68597680001219408
54.755238847805472	-0.55361521252362633	-0.70227340632489277
55.584890114178314	-0.95343430123063977	-0.52233383370413788
55.630209736431638	-0.11768263014597385	0.86324921398053489
56.150245095646298	-0.49282967497942431	0.79068657171109868
54.877404381868232	-0.66609361315302085	-0.51844086817714896
54.892583916182595	0.50742141718275546	0.16744179801258424
55.71268287520774	0.94437948701973429	-0.082776745300073548
56.195460918208667	-0.7299929785767173	-0.42975009296055372
54.668577493746746	-0.83654634318723053	0.49921779118604509
56.098778054366022	-0.69238992641499775	0.41305288697640696
55.119596618284625	-0.36539384867387975	-0.29523300888575554
54.909307571691187	0.27227441539064495	0.78873241554257667
55.335271989913466	-0.40144817179330422	-0.79163001565260804
55.282944273947521	0.46630237644852773	-0.53532807722589992
56.506574657656856	-0.84895117270926634	0.19236103534298313
55.022056905453738	0.58714360218089301	-0.69329250033305001
54.735170361884606	-0.78611251614271094	-0.050147991732303797
54.933364903664753	-0.80590497522545068	-0.23395715622436844
55.09584081620072	0.5935814360988233	-0.74944822448055803
55.90542748843076	0.76764454007927607	-0.089648491034991604
56.209790583607237	-0.67457769242858245	-0.90157222395065295
56.08136049831333	-0.091256352048802392	-0.91051401307958668
55.6264258042237	-0.61040496105463737	-0.30474873248712442
55.513863144089861	0.59011124415226668	-0.99309259595561783
54.744525428248771	0.032569760602912716	0.44038749614194617
56.103078958813782	-0.25524412402476077	-0.49928164408106929
55.505830574584138	0.93568231085046416	0.13328579557909226
56.243915179240474	0.44377777756643239	-1.0180815029268713
55.692187402544121	-0.80843689106689576	0.32161435804721422
55.892559894925704	0.23112956185848163	1.0963385000738681
55.581041147148206	-0.56543543980335165	-0.42093883604321769
54.749980133288986	-0.52109013983697217	0.15030881140392771
55.046100559780086	1.0592001447504977	-0.096642154027929306
55.007145495354088	-0.15443752547094453	-0.96635189937040433
56.389343343183363	-0.36170282354255928	0.79303832087439707
55.289422251950235	0.084168209561297946	-0.93920083228870754
56.099826704978831	0.48187753205757344	-0.53587394130541555
55.288086897972384	1.0375912641943874	0.84402577365694009
55.563814308610304	-0.64165146306979315	-0.74829987328354819
54.897376441272577	-0.81636728892628818	-0.98831969950442367
56.350182030464055	-0.35665756882220151	-0.64012397476357952
56.28819155487863	0.56012130941004579	0.61190600672782158
55.015777421594024	-0.34859475859970707	0.8353823486882872
56.107016266638269	-0.13116973036359328	-1.0196831903255663
55.152747412913563	-1.0602732913588484	-0.0074131896885104159
55.846034575944287	0.70723566381489722	-0.080693450107168441
54.71532356502842	-0.96336435144924892	0.29610952735816654
55.327165298795876	0.92874083220557069	-0.10082552693528575
55.982292589949154	0.86584697678929246	0.69573408759267719
55.773706962391493	0.70846784101801119	-0.49851807734371228
55.272634621786182	0.86307704219471892	-0.7047954985263154
54.565508455165421	-0.26083925985805007	-0.70387060352150732
55.304978780918894	1.286832285307443	-0.74738980670659738
56.14326946144741	-0.015357808460649075	-0.39066426936589699
54.936745144976761	-0.53119723341899372	0.53980090178490758
56.152556241270176	-0.86438255913398965	0.79928434480408239
54.749442179295869	1.1118476704335531	0.3241534640274224
55.311850427717268	0.73027617142515555	0.41389823411652649
55.883708780473469	-0.11536368490813875	-0.32500457643379066
55.574410560810733	0.82107755939095395	0.71066045731858241
55.901874089579081	-0.81687144662248135	0.29471290639633352
55.160706083888073	-0.51370141178454043	-0.83516121373158281
55.623457928806964	-0.32026105768655616	0.79594595351810715
55.591038195106108	-1.296294564495448	-0.1815140430567059
55.376401919580076	0.69148609551455364	0.39662299012904434
54.893048203919705	0.75688487945490479	0.049943742763880458
56.080606874838423	0.30894657929478858	-0.74639718989110393
56.051834747992835	-0.42645651090766068	-0.92798591577315614
56.170837363954362	0.23628768910291498	0.57922096588347927
55.380090379561338	-0.8530235583925414	0.42322931857882823
56.524579919964943	0.06071583338046057	-0.84779573479458759
55.785525266777121	-0.52104048867668606	0.70161685789511441
55.24351086961893	-0.83106361137988227	-0.94908594828332038
56.250249847813677	-0.44850628695325739	0.53822419201187965
55.821049588764794	-0.78839807135096385	-0.63518085665817847
55.051659919982889	0.50157387496603068	0.36300260855466449
56.623271433272834	0.72178831036794244	-0.80020013325812889
55.655061956721525	1.5538369020638951	-0.065428542136390697
56.266802569295038	-1.0434541498866436	-0.54860984389637302
55.094816490053006	-0.74035605962160922	0.74005600963575591
54.971739749125966	-0.17675177213875454	1.1055323260958729
56.5231595882505	0.10680138772828773	0.89984731009610008
54.786973080547028	-0.20552122559935002	-1.2608608040170217
56.276794442690274	0.0030197017003613562	0.89868378405109062
29.877115841428353	3.3366391504960613	5.0044111896375103
56.444125222177689	0.014267518207167949	-0.51057198334532905
55.33952334126171	-0.13154066453948779	1.0942250464702963
56.418319611316583	1.1584051165651281	-0.07895967322868705
55.822316525523028	-0.8510862657539664	-0.056142448786402406
55.333443781627224	0.49983018881353336	0.28376593657826399
56.075360317276555	0.33702214460589297	0.79675229330715192
55.016188101579836	-0.90897399950959867	0.15781246021029424
54.856323680880692	1.066655488620964	-1.0034238828827717
54.663674008881891	0.80682062806962673	0.68083575567191568
56.079103977978285	0.70141606868660789	0.31351603042012327
56.528846134604137	0.57184842340839215	0.12103937459079998
56.060738987835116	1.7483599644890775	-0.51602847456281997
55.693580368151089	-0.84022664293513194	0.13405171279111833
55.303951168353684	-0.088551518672986398	-0.003489379402766907
56.378857234644066	-0.28169459797465823	0.95075665499734252
55.338740164274299	0.10190336752846839	0.21337810381493708
55.553325273718571	0.19780134964697127	-0.74021371738338126
55.993092236040866	0.57617506399969809	-0.55409743075184781
55.913672453515844	-0.7145820222661714	-0.42064107214810215
56.25458298778581	0.63910724096744509	0.039457184397697992
55.446478980021141	0.41790064647793257	-0.60235805415916077
56.002994411476713	0.99461181478066985	-1.7521234344927257
55.763179439544231	0.092958100863451312	0.58672931256167626
56.294742202698458	0.056541320817234501	-0.87208510696695118
54.748887746503513	-1.096268157259469	0.43018260742055925
55.947255828586286	0.71087471043540551	-0.4184648910575286
54.771335938420712	-0.44668032063681723	0.59900285304592482
28.596320844290148	2.9691476504489227	4.8916251202972125
56.537364420835942	-0.50701029407464981	1.0717908708410178
55.669067523072542	-0.059426292000917147	0.64016351453472065
55.505052619062901	0.78245835873748448	0.10709895146772964
55.999689483649128	0.058238363585665837	0.78972388655475168
55.810063752828626	-1.1176262423718688	-0.040947152582244524
56.353750410930189	0.57341243200079095	-0.60086526034944232
56.574795333646115	-0.83323527765511241	0.70128141069341143
55.542376052567192	-0.56724827507049058	0.3023624783594791
56.339799394001929	0.14274918485136134	-0.73283713874183298
55.998678512378667	-1.0154670669178747	-0.78540011759654782
55.369624726533402	0.33593376643584072	-0.76582799055852957
55.512522480895981	-0.099018367268697186	1.0659706620412115
55.197781095622361	-0.56466333324527229	-0.78023841303788444
55.022430824560658	-0.91701345748997976	-0.70496689741942065
54.805502830538032	0.048399515875307268	-0.91296942003817672
56.27580454493463	-0.32733762358637503	-1.0906722903868846
55.618134617240109	1.4137998294834502	0.65651919018190386
54.795955863459888	0.18173087123976794	0.33610037769807199
56.281109582698612	-0.13188786479507242	-1.2672425836884496
56.267921872452582	-0.53733076622316678	-0.41471624352942227
55.725700985971237	-0.36664093194426267	-0.98324471801872781
56.599312962616416	0.53312612204641641	-0.48989645231376405
54.956714882868901	-0.66878131383707995	0.40379955128935446
55.598203223640304	0.78597003603156868	0.45922355264944298
55.797940372496953	-0.78532790034620736	0.27701369691988326
55.46505832658498	0.085232221820346982	-0.91577046839566967
56.207675476758403	-0.87544638751341664	-0.56551170546003715
54.786528299746152	-0.49164582408745494	0.53777500238329001
55.655453465247412	0.92552013796724575	-0.050501565583496666
55.529122478710654	-0.95185313172253883	-0.046278480333228525
55.850240353286196	0.54633103332753064	-0.27255534233952866
56.166820179474868	-0.76862820290003131	0.4441226636753034
55.360518956271036	-0.67034479443241723	0.50887304727973937
55.889676230586112	-0.30292729048375433	-0.54090466479977306
55.030493772394493	0.51308670384061339	0.23766897910644633
55.353523662738141	-0.230767194802009	0.86377326080913575
55.537097802481782	-0.77154758478315322	-0.36085731117211661
55.145095103003584	0.1202859392720349	-1.169045440762992
54.798362407686206	1.0747602466538964	-0.33006896143577097
56.429118606145558	0.62089950762273105	-0.22867239379412574
55.137562660530698	-0.015191311862798297	1.1695329561188639
56.713579911769841	0.57417848497620649	0.46922084644140172
55.970897397417758	0.28436318053854287	0.81329995125230414
55.423329431493322	-0.13732373610657422	-1.3919174020296357
54.795389732596227	0.53913400856054705	0.70655877744351636
55.012190402767736	-0.69245315966564736	-0.45918320383465705
54.776112107619049	0.73297799761257754	0.26606051299388844
55.572806331045413	0.11736811783893067	0.61268882181886086
55.534454119448	0.55673479095262712	-0.84718402047238439
56.392911080660703	-0.10561756915361913	0.90068254826362737
55.817742281986838	-1.0579569040407579	0.0049231647759241876
55.572675710758446	-1.0672226856842075	0.68720551702860388
56.206176708018006	0.57993958462714945	-0.46393750783797594
55.48682124509326	0.80651107086835905	0.47281848554001166
55.125259019559365	0.38125844072628928	0.2218681476904277
56.017803907715226	-0.32464452008998412	-0.7005768441720297
56.649988253545295	0.31751544113906183	0.56422910324125986
56.170016582594265	-0.65125588089226893	0.50340327975529653
55.116633118517591	0.57313657941225216	0.53308730834469287
55.360552304237245	0.16882233332386462	0.53781382161822766
55.543103900361189	-0.87679892546872884	-0.75667357444748151
55.346410598273522	0.55057314752843489	0.71209609901269955
56.753044783987775	-0.30150507500999946	-0.59821820629066524
55.081343783658951	-0.30141665520922456	-3.2125730397818657
55.67726020794445	0.44588679054370761	0.7182219053650577
56.359414215128304	-0.69340765159446816	0.32201030670697284
55.805533649813398	1.0921740839397827	0.20177704254091833
56.20315267053531	0.78381057951541944	0.57078170356739122
55.461924207356837	0.69582221736449668	0.12117015176055929
55.528683447718961	0.88123485718130445	1.2737084487101009
55.733422927082117	-0.77637330675420002	-0.12050584936999428
56.339326113846582	-0.58218648582631971	0.54422381520916552
56.132443684397643	-0.33417193834353637	0.54019899373932878
55.923613468285481	0.97627577696989543	0.53935443681879258
54.786427288932479	1.1689776976036526	-0.19139500431719916
55.630258997145859	-0.85374095056172106	0.48353805454791199
56.361593307985714	0.92559299689374519	0.71523343076971624
55.419908995934335	0.41140959319570747	-0.42500816516165602
56.365882322794405	-0.55372087645584345	-0.30640642282341368
56.110858317845704	-0.54575015561738738	-0.77630617814131664
55.193277842836842	-0.92582488952411868	-0.67608021673925689
54.98579794029741	-0.4726546543278411	1.3085518952061093
55.372003870686306	0.38613873941547089	0.95654715855895678
55.79358767921174	1.0868134263824512	0.41670006391822051
56.228063861675707	-0.93910462927811222	0.73806000511864611
55.911514620086344	0.49662975260039116	0.32823180900341326
55.747980210742611	-0.56858613035689376	-0.66467299482236575
56.227945161581324	-0.79570619287079591	0.61832499592668733
55.238960455385744	0.73759642095163769	0.26668953419318331
56.3732875449587	0.54095130337169728	-0.56267187243968475
56.522561573103467	0.1450238281962386	-0.26363433081953946
55.222537133588837	1.1414108404908991	0.39461510650471571
55.841809387957724	1.0566633790435769	0.32812433817368664
56.029272906793032	-1.0575113132913394	0.68579031477447194
56.087368485193387	0.4801320125735869	0.72135121305847605
54.928764010774621	0.81167463977462084	-0.34557406770718324
56.664397544815451	0.75077609306369408	0.70497463865575105
55.182608088367573	0.74457358182572986	0.13261422666467221
55.936987585903154	-0.076266259954972063	-0.8821028341370909
55.195171385477607	0.33798841522647005	-0.25660445042757357
27.195644981645188	-3.3592711187332522	6.0428563509754918
54.761844268591808	0.28227548050338769	0.31463432402266384
55.256829312328662	1.5144233838952939	-0.84791390557963253
56.296692259126829	-1.0402726677370606	0.32446833803800323
54.807993099575867	-1.0055410989595159	-0.5837462358814931
54.855200015251562	-0.41728598534571065	0.73572096808159571
55.40871607900128	-1.2326698296441423	-0.65734303639399005
54.912747110395109	0.019983091479152226	-0.86158384934155219
55.626654045678457	-1.1392366246733974	-0.50228647348202105
55.092986708101613	-0.89172663540259356	-0.33296522942347895
55.018150773555341	-0.92566263063339815	0.048523162370525529
56.520991879830696	-0.4676599955335487	0.9291688135216154
56.368507567484045	0.68772689770766438	0.60382086992502049
55.837811498988657	-0.13818496573614183	-1.1624854875131208
56.381551996162415	0.88785155601714927	-0.17009212216451328
55.087288965052601	-0.81478503027845872	-0.042100173176529761
56.402449543129279	0.5751636162140028	-0.62971115138229783
56.200446997935614	-0.62543381148186172	0.28613569611832129
54.821181201604716	-0.28054660611104421	-0.36879930358096363
55.474924923965119	0.12216984128024252	-1.3156705489124965
55.293018509679591	-0.85198655660570355	0.31046406805842075
56.35378124771352	1.0254163957316893	0.70196791015461268
54.935819758650688	-0.65539448936537015	-0.084471648860028434
54.827106206059334	0.54522978847533621	0.64735596339107404
54.852880570008871	0.75818956113380076	0.74713091015874866
56.473627828999561	-0.40611103358454959	-1.105994025146311
55.036726131137577	0.45328221835722066	0.48074946305783767
55.250500194299867	-0.4323976791922311	-0.34291115926592303
55.899627870191431	0.44920027022963743	-0.64495579993619256
54.703063450029383	0.73621831745005062	0.77568840075831214
56.059266184666733	-0.30214852195601455	-0.63126657512676454
55.344864124217665	-1.0641452219773504	-0.10537581172449391
54.991275190108652	-0.68170009551287924	-0.62157373523647497
56.200173279547997	0.68898104635476221	-0.5085599101456505
54.763199103881824	0.93555996104498274	1.3109411817787979
54.718687244392726	1.9767394406512266	0.15368443958928504
55.110020883702475	0.85319330965710505	-0.7699381514918695
54.855881730997758	0.061159134387120881	0.30720220373619883
55.694898242070686	0.88127107840606311	-0.41805645931825086
56.080017615451595	0.54861591711960156	-0.47702259357833943
56.244590990765502	-0.51260442428321351	-0.68689832575271392
54.715728998747579	-0.68593278524114387	-0.57693701283648624
55.439588624337404	0.14101721995053157	0.68195613111681652
55.363469663948166	-0.49225879528693306	0.27795568141002797
55.387964576809061	-0.18394011724739576	-0.781848182631667
55.973159918371579	0.94970783445909757	0.088111708859913512
55.904350658841075	0.38737307975771096	0.81152279083230838
56.205355235653258	-0.12733476093133522	-0.78148431922978423
55.846578473311489	-0.011842613747946228	-0.65208916470627365
55.461036655268323	-0.38763190724356639	0.42112090824498272
55.124955115988087	0.94357537118998591	0.41586954364357481
55.3212214564997	0.45683337732521279	-0.41847696911492327
55.603114597784995	-0.58682843782452121	-1.9838269438243765
56.11854384060495	-0.64538623452765498	0.8186532193978685
56.556501520559735	-0.28125701214053284	1.1648401957647747
55.690809732099616	-0.04447217410800957	-0.39028667322234628
55.099779867215815	0.80748772536953917	-0.19892318997766992
56.207738268612616	0.60977097405477698	-0.52328137590824564
56.230798726924803	-0.74394040874745615	-0.18348146600938106
56.248127221446161	0.19505907631379432	-0.36944549915109703
56.635336787323638	-0.93001154351533011	-0.045833192801834753
54.721686975133956	0.79266262237109875	-0.061323011521461315
54.966089343577657	-1.0950436000028687	-0.9452167881560688
56.583335886819043	-0.65517373627485742	0.8423677509645523
56.391214691238773	-0.24791239206742002	0.24413011824772485
56.451781217110032	-0.92913354047739072	-0.081966257400208187
54.912300847640573	-0.36023154184393391	0.87348691820661162
56.24558623944602	-0.53120946355240306	0.82699785880902477
56.168024936466523	0.87633768939984802	0.31624485122953949
55.924166391595769	-1.2273640563194794	0.2389664760087658
55.520698447811327	-0.58302380188281355	0.60813217712973555
55.123935061564254	-0.011282615064957835	1.2755550112936795
55.443452833639391	-0.18318331897910139	0.44407832459058177
54.726021981356162	-1.1072825081095872	0.50651844642956945
54.983288016973475	0.11577582695548881	-1.0474572192595415
55.802064800127894	-0.78049224807890172	0.4090111944203314
55.225589459044812	0.80529552702457874	0.69369311390850774
55.019973399859801	0.77571852109855466	0.89259173702576311
54.84323459496008	-1.1071962249162821	0.7112329127153727
55.284935547121655	-0.77311909426222092	-0.81516354447727968
55.679712411524051	0.09266282724836393	0.60017872070576295
56.125421884550498	-0.64494055331693689	-0.3971601468550679
55.288069535692813	0.0022993325714125799	-0.57621290725062568
55.981441657641696	0.06057540671396535	0.82932010804790213
55.532458837622116	1.0584514057730516	-0.070085214333194604
56.470961635344672	-0.099336239459635212	-0.53742801214788338
55.94492408136697	0.0079793750206979455	-0.29548371138427026
55.289030385723542	-1.1716913166860328	1.3011514502937052
56.00092275637472	0.53314008146615655	-0.68139605712664908
55.471126335456063	-1.1362848935987184	0.36826430581401071
55.921994946996158	-0.94439672011706011	-0.93599461039140175
56.729200432389611	0.34914477363672575	0.57972040438867012
55.418508009486736	-0.44000476586589515	-0.56852710691419006
55.179970375668411	-1.0322630378032789	-0.29169983433238211
56.530851616682327	-0.048791453959471397	-0.95237356155364739
56.386307174762877	0.83132072851173011	0.37611248542418962
56.418095007347233	0.94856020741303748	-0.1761092767352927
55.024012435705394	0.58517217360407692	-0.39526920262509746
54.858059339695536	0.52384972253710482	-0.65706250496168761
55.73093173211813	-0.92429176975671345	-0.44773651523177788
54.730852886362086	-0.14058326407978772	1.3681531807277272
54.589363717545581	0.12737582255487634	-0.60265608181184471
56.484456275436607	-0.48846900187104375	0.44764182183588724
56.497125441141911	-0.34578001297700789	-0.82424229591136322
55.37056294957268	-0.17141173941322141	-0.56147109142213003
55.17129965880612	-1.449755880458343	-0.74204326296938483
55.610361565854944	-0.5277068806145544	0.48156681611972457
55.691398654439368	1.0264510175622557	-0.35964613307858412
55.23713536813586	-1.1328821542485219	-0.39492042767314073
55.767011606961042	-0.49324706699498921	-0.45147972477114434
55.108113168098129	-0.17615801933616967	-1.1102683227486625
55.014225034557199	-0.027953330051345759	-1.1841761092061185
55.617955243718413	-0.97027804168339526	0.37309865124624786
56.530686351243517	0.56592105384993951	-0.74567190803095795
55.01714588015686	-1.2180232476390336	-0.48018242733388555
55.132086700339521	-0.74394286175864843	-0.40196470880188845
55.418317159341754	-0.42281200494876181	-0.55793360652829438
56.545030856275332	-1.2689279834314715	0.28325616412365634
55.771360358430812	-1.0640125404203602	0.47741563100365475
55.199521449761413	-0.38313433522360862	0.72053811843309845
55.190187695485093	1.3123137552095916	0.91589666496156863
56.386977574114368	-0.9241747351607259	0.59566537703684086
55.25258503733393	0.63179090171914187	-0.302428879443011
56.171287538264025	0.93667463091196812	0.61722571099246237
56.160894239758697	0.090288960844402397	0.7439731425020053
56.029356141373356	-0.5514636093598887	0.61276572815853148
54.96709893451478	0.70951419824515261	-0.79719448589626341
54.672713446637083	1.5758795821440639	0.82372766672467757
55.773163021173481	0.19241357579938165	1.2448111626495564
56.282650128172605	-0.12168153557560765	-0.65123707599107428
55.489186511710436	0.57161245605734701	-0.70092040066596928
55.805394901577792	0.30768944961978245	-0.78147473142711599
55.72461160858483	-0.93446540624518515	-0.29762177671609907
55.873781653064697	-0.58704552335689475	1.0214050388151641
54.701406915614797	-0.60120925776179712	-0.14655194178413661
54.981079473473812	0.6798334295684515	-0.54852915756527243
56.020511979431248	-0.54222178009400013	0.91885948281145025
55.68272425576022	-1.0603831982440119	-0.44641622488335164
54.667117634441475	-0.20693613076037745	-0.83678928160581079
56.537650195668135	0.69505467626195661	0.0056580372873188036
55.672475439977099	-0.11530609721377701	0.97352120610388548
54.889847411782711	-0.99791801674563807	-0.24044770357773196
55.314979116094321	0.33038498854849291	-0.44112992863184963
56.359810660374968	0.13935289771364603	-0.40158386379961419
55.548144509301714	0.16351234282265556	0.30042423256692141
54.687967377279463	-0.97343874490343407	-0.7107476964952314
54.977397637259656	0.7072350710991655	0.026335156466222403
55.205446613223017	-0.9759800869081211	0.68904610754405071
55.975164345335834	-0.71128374537130346	0.55246016034070922
56.652959871870102	0.3919253293865998	1.2739555093727872
56.027078469296121	-0.82011795633585116	0.79495340725482966
55.737777806959521	-0.83876953781244534	-0.47153607962559047
56.109719310791036	-0.92967759513041914	-0.35401159510454727
55.95305832634984	0.028825946758144535	-0.93579950900036901
54.901372446791108	0.81480838873882266	0.20210836498043935
55.48614764128093	-0.52622961003335333	1.7544170699208999
55.613630406809641	-0.65839974672677959	-0.51102054734730173
55.658109546970969	-0.51910492333375646	0.32299241019878522
56.41445885387278	0.33085729228185146	-0.73429638486776405
55.472206936579354	0.49493430101326058	-0.33513470651368699
56.320724423785443	0.62830978130780801	-0.43840854119195999
55.204938299301588	-0.85381569827329074	-0.64941760952626382
56.437968262847413	-0.62826496577120405	0.14511444898161552
54.976811750878241	-0.72728925211209727	-0.42587503177858937
56.644734082039889	-1.1645750882881141	0.16990934908697941
56.618229128728828	-0.79853081855742281	-0.25189519045195002
55.056624122785635	-0.31388143100243215	0.99475114655225005
56.610323871393788	-0.84065799610071024	0.31242839734395572
55.550875040920204	-0.68596642391191887	0.70423389301767736
56.253694403335082	0.55154011732122987	0.10404056138277556
56.596030071727867	-1.0986156506667586	-0.38399978870992524
56.269045932503523	0.96050389239618661	0.2308236332633487
56.218063316535314	0.81121726473798228	-0.23118216488867896
56.508799231670586	-0.77954144691862548	0.049155249377365866
55.579520264567243	-0.74362638794912561	-0.41563242508937664
56.509515695366375	1.2665266744911621	-0.0065674352223525113
55.789200084851998	-0.29122729857424756	-1.3071981917162954
54.615224513346945	0.83143549853249399	1.265335126348744
55.44325056363374	0.17514632941726066	-0.37400297440181363
55.729368992633411	0.29241990789270661	-0.33370271282126984
55.120740773587968	-0.30562283910000332	-0.030153184451338987
56.297016946326416	-0.76021474659443655	-0.31633821423174208
55.678034773023086	0.68908471461876142	-0.72163515988462867
56.717770835153573	0.69237920315042156	-0.010273434168628037
54.756728646714109	0.68538019030179109	0.34322896616405613
56.063025459401118	0.54873869760350824	-0.27896090953209396
54.986892607434157	1.0486083584067829	0.55666718583568597
54.923962012463996	-0.15480816305341305	-0.80645833323715221
56.268406249946075	1.0136846794225847	-0.44378949753393476
55.392790203426856	0.7408215129094845	-0.48349497694516147
56.16276330258674	-0.61810037195044498	0.86149949298729966
54.828790407161307	-0.54726831509925367	1.0196716881170955
56.432678577510082	-0.62319057004553835	-1.0474734285539682
55.836093386685775	-0.41893630693880018	-0.89157227535492767
56.116769856435106	-0.56183078855444502	0.53861516782567964
54.737634140528549	0.97015062529212848	0.10977765475317167
56.241467250350127	0.31033630297267678	-0.75102991301813382
54.90024217968007	0.75686180696458794	-0.30295893289137182
56.309091072133917	0.49124971587399408	-0.29490868367365469
56.136622144638977	-1.0906693408209527	0.33067838796238846
55.4726152469228	2.6486052756887215	1.2327972038817776
55.784600389024334	-0.064639363800044522	-0.42361985269962249
55.842957036222913	0.71631383349897493	0.7771169201315864
56.31316171979995	-0.41185067060411812	-0.66168671521561528
55.976738356443555	-0.29842509696840003	-0.75279615728238747
55.762337003466449	0.80737789799956228	-0.20512060432025192
55.699799595328386	0.50186733577088249	0.60545011738051602
55.335517610451767	0.64698015371557227	0.010082126762229505
56.127666445233821	-0.16505330882087726	0.41985496808920858
55.359926204765621	0.91990288716890123	0.17354204860421321
56.088667236116265	-0.96233215692700791	0.20314108644688245
54.652531290512862	-0.6389946041420671	-1.8788080118332151
55.052454417776964	0.16064693752962805	-0.59220206335805547
55.318495275538609	0.038774200172259479	0.58936241670191014
55.738096838639493	-0.78443453580121514	0.15570074483076277
55.082115107677062	0.043092174477625061	1.1882276013168052
54.924319859012762	-0.67089908920008146	0.51497955006903362
56.438703217441628	-0.27509115300707437	0.14423209415909269
54.778145771133843	0.86082812877865267	-0.11372353081723756
55.023492639331749	-0.25241691119754683	-0.95242219670140293
56.0604563084026	-0.67289061467526023	0.19045533812624829
54.93758587537009	0.57079221446241568	-1.0256155092907255
55.264386966556593	0.39211908066480056	-0.13839236685473555
54.772076185355296	-0.60465944829144713	0.4025652211766676
55.295682374572252	-0.020276378563528638	-0.64361266295754438
55.473206589921411	0.82197798582210113	0.091238142118937313
54.909939669470674	0.045762949382053685	1.2087640976319951
55.329580436043251	-0.81196718315661431	-0.019003609130862166
56.494981303728451	-0.50522607417281939	-0.71684465075825465
56.15387581619855	-0.78995389550605222	-0.1761801139416995
55.190770002676146	-0.61475297539635498	-0.53390470351579433
56.2019887155014	-0.65847275898498192	1.2097825191220206
54.968157565675824	0.4879881518574764	0.57514448975397381
56.109662423827871	-0.40075604396537545	0.78513250395321654
55.672595592815973	1.0219455548243817	-0.034798026984997017
55.336763373578002	-1.2634023310973521	0.048247907697447315
55.83287272279572	-0.53733679228682318	1.4912061309331996
55.290358228629202	-0.12913410494212721	-0.36248671221522871
55.682915801199627	-1.0682827052095418	-0.40165434518253967
55.101922622576176	-0.52687251081531905	-0.45533244164830716
56.079141637141184	0.235539375531715	-0.50851123668053777
56.5826551942884	0.35797004534266608	-0.024456449569462909
55.971536480263012	0.94479657444694332	-0.083729247449611952
55.262175500345073	0.36303704092742262	-1.140707155981014
56.339301040145351	-0.56123942940272831	-0.7919603444844513
55.794921340709415	-0.094274107804009494	0.64438903184237362
55.239230370356935	1.0639288951448131	0.27017955961554319
56.09393380930085	0.79732110509063947	0.35219820337319679
56.575941551827825	0.023943134870999614	0.22854866834089635
54.868444500907962	1.0954237700979557	-0.11843371680170556
55.98661916858363	-0.20885238005383971	0.75430003140524082
55.076000101019488	0.11648314638825523	0.95135868360399289
55.596407761562929	0.67469786106899154	-0.87114591541115061
55.028254616226803	0.24253715612053361	0.69094260635890581
55.519963781677184	0.70164107178730295	-0.7823984547702304
56.575376580829527	0.46173431164088002	-0.53085193541667408
55.778422899717086	-0.48913208410007292	0.40864905899663628
55.048935539029188	-0.41904855092425114	-0.76682127508129394
54.981647399800728	0.28702342550697063	0.77094001879555873
55.861998866658219	1.0469099577472598	0.24030761173108428
55.912819395228972	-0.37878990709778726	-0.81326180569340911
56.276207094152241	-0.53749403792721384	0.029851849800035402
56.300238511558454	0.72217942218037456	-0.3592021369779968
55.91504102955129	0.44778743980317132	-0.62852571261905643
56.327238154279307	0.94673321539587996	-0.52134416860105859
55.078559133982424	0.46353956396747953	0.47508851981815592
55.997888212014772	1.0555029005645871	0.31241126141986997
55.962209532576537	0.15966873834611534	-0.56904660294273612
55.549571212287319	0.82012299376489528	-0.80664434772237947
55.933803775731619	0.56503829494395985	-0.19275951545522416
56.254874075542254	-1.1417248810148433	0.037247547029014387
55.48556417760782	-0.68665932910114602	0.76949252238609223
55.241263666725025	-0.5636421071832961	-0.45291314629980195
55.876602056342392	0.74186393517437421	0.6742435439477461
55.179046523632216	-1.1121434587296546	0.18010254162164605
55.781109823784973	0.54177342730858824	-0.37897579991148572
54.996602106706838	-0.20906107927633144	0.94061603986257813
55.395300578985299	0.49630627395355742	1.1034683189190528
55.412840780164061	-0.83200031604067681	0.2130885078088233
56.66383860690916	0.82794581526495714	0.20506834590708298
54.989858516989933	-0.024134147793450484	-0.71729840262924749
56.041482950232449	-0.04282303682987542	0.95368815983993049
56.448418255724654	-0.81491648893494051	-0.56479719920820126
56.138287286040914	-0.29252588483940822	-0.69826356397587119
56.598916083240177	0.30819526195321667	0.54597248802899345
56.400595996547054	0.49396769267772017	1.2668688435345674
55.781377473611769	0.64166560405561557	0.42226457507908777
55.480681643464507	0.56755104360722297	0.27793754564337797
55.803243572254978	-0.0039352466712598956	-0.5747940876947486
56.267923808286298	-0.9877814341570853	-0.29189614265266439
56.525425282244775	0.63717369831860327	-0.16149312723722054
55.695706270861571	0.87565333386911992	0.3399180557214202
56.122041055527184	-0.84031217701778238	-0.30345376759109932
55.669816817203838	-1.0764026824133395	-0.26493962343758032
54.906963151069718	0.16186544001512293	1.0652377384308016
56.391240270156537	-0.35396847066694964	0.710922552614075
55.340423886315079	0.20970498423320269	1.2562199285507663
56.413863086570579	0.021172674258931035	-1.1309539613282575
55.64721435347063	-0.036019678810693519	-0.73634075515301478
55.82802767033791	-0.51704977577060018	-0.63000626071483279
54.761756330947641	-0.77622469255468174	0.086773929604671896
55.975792313837083	-0.76920649522016582	0.12685258581372627
55.799314744752309	-0.2374714396626591	-0.91518902950670511
54.406389829375421	0.43254404196740209	3.996706210205847
56.580178342361869	-0.41864851108373213	0.31642612008936361
55.050300693051888	0.73873939586019932	0.48212981029001389
56.166251014459952	-0.5694293376404499	0.16920324644245696
47.289859231277013	-4.3946635055333489	-6.8310669905066099
55.16468507282125	-0.17778291898217774	-1.0427233337602599
55.554403971385071	0.69629778770214723	-0.90628028575342046
55.567244014836149	0.042556740672956617	1.4491555952163768
56.051836749070134	0.89784162220613384	0.11610782516249973
55.171657171536793	0.29252351889095607	0.52768610066739541
56.30829770856878	-0.39709511619364479	-0.55519856437821602
54.781047014500061	0.8977154618721499	0.6794930699844457
55.874945222725941	-1.0850692592063937	0.21578704788082859
55.848733724500384	-1.3228244720112248	-0.35653417713454683
56.606434882006766	0.95817742990150223	0.3084491974913241
55.313369995356851	-0.92085021202043404	0.1974296839869866
55.849025813212435	0.60153088796172249	-0.65079557907727348
55.080814096104092	-0.18964439462802127	1.2210833846751659
55.489498565360947	0.75578978414602405	0.10938961613463648
56.690730661332097	0.84681299992146875	-0.81473069997914815
55.62750794290428	0.93943339898503064	-0.255288088558346
56.101121581155518	0.020358031783639787	0.70094679166236573
56.058319466500045	-0.92892789546001442	0.46519107124000708
55.072113789757751	0.42619138589628347	0.48738836620667236
56.40951369296608	0.33801214471294561	0.67579071017429904
55.657650026252178	-0.63536556837492542	-0.80281722116501364
55.24141779680707	0.43942951721338647	0.43160276823334476
55.230707693295365	-0.5738991846397441	0.72782238064254312
55.010835858435371	0.69941645364922655	0.069455349038934522
55.136976940193435	-2.0724707011238115	-0.59993626748693518
55.299643112466171	-0.73125304108504241	-0.59464432412588031
56.557541484425776	0.97086517392762417	0.33631037679592402
54.990392454576217	-0.98059707987404843	0.07139885499890887
56.242918047432198	-0.53419858261998365	-0.98667085386053111
55.395434822595895	0.38466781018163193	-0.44532421822413554
55.446757182228119	-0.28976077057459754	-1.0575915835332474
55.581240124350977	0.50688300085399318	-0.62403041456966657
56.376388501175747	-0.58342725536991591	-0.71758643640987141
55.192939025319802	0.86855187181973448	0.19594586132197381
54.962802869604303	0.34312278563266613	-1.0967119768765308
55.772081819895639	0.53625852216790981	-0.50380281705816254
55.820127513873011	0.37575271752659778	0.54585632682204976
56.379315904569054	0.58904291644718443	-0.60492217281983285
55.687171119147415	-0.73319223944309497	0.86594697348840532
55.620036924186302	0.14524454159749009	1.2822414352257743
55.900241670789597	0.45246381915104866	-0.58480619237077069
54.868336060348319	0.85537059730471388	0.27380772000626385
55.834168802311126	0.41403388396713281	0.19425611739026419
55.715147721408925	-0.63991861470285061	1.1409906010072028
56.351954929003384	-0.58084462608957932	-0.14678558713209255
54.699561514936633	0.61885737932016216	0.81460819071165103
55.893779973040544	0.4994794907331418	-0.94586524124576199
54.875944690516413	-0.62589349145196482	0.056078743587861885
55.007672069663805	-0.57641222820264226	0.33295642109035434
55.441454923837796	0.66825624632733949	0.91228320561844412
55.928541828529269	0.52671198684591602	-0.95571245779227065
56.384956285074971	-0.87281888861095946	-0.16835681753655293
56.516105885509653	0.3513064141000487	0.48095461054866528
55.113420944262039	0.030292640795031307	0.78787695141066649
54.9026962970703	-0.11201242465680157	0.91952227002225195
56.507389488801024	0.17183460119197888	-1.0004804718293814
56.00965851665169	-0.0033205769686349613	1.0700661510050655
55.456903778218511	-0.52008844070248861	-0.67925570829479387
56.556792499058524	-1.0067257302907455	0.028640273542386508
55.401330413822969	-0.068383975800931335	-0.87291503702570405
55.967559937762474	-1.3899271167060554	0.20290218103143487
56.146785800903714	0.58715407709817224	0.67374910418306555
56.119652001791202	0.70441622751577737	0.96797656016666944
55.432442292124719	0.44938007583821721	-1.0370647901543666
54.986540255724684	0.82473691368056667	-0.19850094090031611
55.320896196651127	0.52756905228608808	0.74379335974505056
56.480741608747017	-1.0122227872752174	-0.64929891612045887
55.722146913960657	0.38054764901305882	-1.2343197925068361
55.900833307830375	-0.73554596965308572	0.3070476414349832
55.705892229159787	-0.28072222934348517	-1.0166344416836244
54.78326291028246	-0.33771735505000733	1.3792725496011597
55.806333829144208	-1.156047239322789	-1.4283337951220163
56.335874372180641	-0.52355736725626612	0.32322906874497498
56.545167692146485	0.5748623621303699	-0.13338071320046685
56.334220242457832	0.80870609666654558	-0.71579465780354357
56.410663857336715	-0.34947674133708467	0.09959108968926321
54.758148448078003	-0.17931292617182687	-1.0513191823260648
55.924045422191071	-0.72990016174019967	0.035636232935453573
37.76177501369591	6.7572226893593221	7.1907483461012474
56.542104496400206	1.3201945066576632	-0.82752513844465037
56.45411774715604	-0.053051646578126999	-1.098303244670809
55.758607169021687	-0.23961529264816236	0.62530638751160472
55.339046028507333	0.52083903323988234	-0.41352025265162234
56.445013806080816	0.61977973814599119	-0.1942353630828956
54.900105150001465	0.71272368222844029	-1.1934582872065849
55.288996019909689	0.11708005657252939	-0.97581823690678415
56.795516696334438	-0.40943525199502656	-0.66816144593469151
56.105817846849774	-0.2057883745336353	0.19804907479720862
55.53208330624382	0.3052258868482513	-0.61638594577804273
55.522736341741293	0.30370114111437368	-0.87301021329642658
56.098394252327545	0.14877923685984901	-1.0298276544899654
54.833637528010158	-0.94393800583752807	-0.39760650068445136
56.428712282278916	0.13584390985624503	-0.85117068624348935
54.922144944499401	-1.1550796468433762	0.38116638887158766
56.334283124104836	-0.43054561036277467	0.3714661997498061
55.32820434602251	0.56800288574488311	-0.26794101163142703
38.595089069877076	4.5002493680727351	-8.9781781894502011
54.916179328636822	-1.1162376651472723	0.13872198200382954
56.055120391058161	0.67329312330120972	-0.47413505146300056
55.583851202022515	0.16877299055080824	-1.1062912291085085
56.479235585708103	-0.33500455864362882	0.56796235321750999
54.844198347369812	1.237930895406302	1.0142245055991035
56.275637894490302	-0.53970489251599063	-0.49366419530071159
56.497705499712481	-0.087989580508009688	1.3558967265866855
55.118106037241624	0.4639912157414981	-0.75911568109884642
55.865444567286623	0.19175648325992758	-0.68284502147875847
55.883220081816262	-0.88977890818987937	-0.57864210186477483
55.770178925023735	-0.12887326957665221	-0.73036637789637904
56.497293814091378	0.92160109649631494	0.21413519249015889
55.24201584861018	-0.33515257387025682	0.75191241889822347
55.24924173829762	0.48725616859568699	0.096240458216542715
56.185807200832535	-0.49703665961629351	0.99833068314900053
55.915670345266243	0.46663963006168452	0.83941863052156285
54.959213610303557	0.2612431943031478	-0.008905977218782387
55.856446902589852	0.11840601300824059	-0.59571707766341775
55.503320754242253	0.86668329808035782	-0.68090320178140951
54.863213064933944	0.5814285456919277	-0.52657549064717446
55.070787332396058	-0.11524380565358369	-0.69330604360772352
55.120672893955081	0.72778521520982964	0.98674006071450504
56.097211572136018	0.21761194568141395	-0.52788917611523534
55.641962222194174	-0.12283295745947476	-1.0212489752949947
54.745444458145251	1.027712763119017	-0.22113164375994071
56.241907575246664	0.063433380242903639	-1.1117655811057336
56.308314541312214	-0.79770214949554552	-0.033085719348081882
55.916695674654079	0.54050331077565994	-1.0760498790297488
54.937846179309936	0.8647732702035581	0.14821870156154382
56.186139483331267	-0.066781944883301594	0.63996834611654763
55.415156151049359	0.15130518133068016	-0.59676179864323664
55.2292149542575	0.94115432093028606	0.039604003327780378
55.699193167060223	-0.22755566848618994	0.64414734004207852
55.167685700176335	-0.799912641004772	0.44994784544803129
54.923575914526978	-1.0381258422820605	0.78295254050570329
55.991197402167998	0.95800101716714181	-0.01932015002806001
54.661284957298257	0.90321186727004044	0.39644798443267348
54.942303742572392	0.72738879197935646	0.23434318555946509
55.967067207493493	-0.35233767303019037	0.51354773204111082
54.644016846200621	-0.84629051489493312	0.16873622175613365
55.134791362327505	-0.34928644714132173	0.90247386257248707
56.448409105179763	-0.21380550878900165	-0.97044031739332071
55.929445059108929	0.89483627589351089	-0.2997871479720754
54.86545509875755	0.18583222184314632	0.55257091010598769
55.647239677859908	0.51704412676299349	-1.012546400439696
56.48768068721732	-0.21163693085907384	0.96273452924732195
56.412427333464578	-0.31860844546725925	-0.69989988737076325
55.194539137689858	-0.45612578867383841	0.78986755250405671
55.47355008656465	0.50803705257652509	0.2410937519673397
55.195521833698137	0.43979459003207888	0.0717577746480694
54.806787309854691	0.84494049827445661	0.53013279611709485
54.976695119438304	0.45817842865653907	0.56021961082442751
55.351479980470636	0.34154018901317951	1.0379696465408736
55.528746395366525	-0.00093232343563350072	-1.195221907379586
56.589734635933667	0.80315478802962081	-0.43366830515778393
54.740840766922446	-0.29818942580845431	0.72864183726860088
56.639527387830718	0.71071883246662793	0.26590834736449742
56.158801387529024	0.84615383764299223	-0.29743009037968188
55.218681076750968	-0.21760949227350221	-1.2115037329381924
54.999004156236644	0.63974953738780471	-0.28589537711065827
56.811782918779251	-0.62025388290973182	-0.049610514270535498
56.114334648167436	-0.15986817542437842	-1.3116819334696517
54.82419458079044	-0.43797062360602701	0.23839596660906001
56.658407989691909	0.070043437310286338	0.79956337175133152
56.009180586300602	0.33097378901787528	0.60212152469631774
56.629607210849315	-0.53615580041221078	0.55766349261327286
54.791894785645347	-0.58729938367333512	1.0495297982124314
56.070324628004443	-0.95116311169223966	-0.090395790081468294
55.503268061544205	-0.49750448683723275	-0.61960279702105225
54.804218021185008	-0.18393863119890561	0.41895549059823006
56.403686072196017	0.54099030607152498	-0.55255560768735401
56.488769577691144	-0.23438154102150147	-0.24253282825692202
55.144206237067174	-0.70544798425027433	0.34422976178762116
55.653901800338048	-0.37323062169485671	-0.43380651700212702
55.035050071916359	-0.068767342453217903	0.33094633774567578
56.268679794046996	0.29146872343723779	-0.98975665788254386
56.525313013694941	-0.3708922067422904	-1.1706290709820097
54.541014735985392	-0.20828025295440789	-1.0816904812178516
55.343266226545786	-0.099394583050311083	-0.98074195640896789
36.230281022137127	-2.6541038227428104	8.934923185439823
54.672321961096308	-0.36577934944610402	0.18851000516935265
55.275351278143788	-0.0998796177078215	0.86329857242979513
54.863191139110832	-0.92528629960364883	0.70609198445161769
54.674744499472787	1.0577898395401912	-0.032889151574506864
55.4182962050198	0.083198742517643962	-0.43171828958336872
54.833192346500887	0.4310227698218132	-0.91543387962588441
56.141651379534579	-0.094084662914256961	1.184579277734136
55.026192863055449	0.44267097797405303	-1.0846775512278977
56.310134676694638	-0.20024222347881854	0.99320384232867276
55.212192272886213	-0.29467078807450348	-1.0899411752154393
56.562281568991523	-0.095911365775364452	-0.43858808386956172
55.838111275459539	-0.51010240868523937	-0.65378646690442566
55.225191532429889	-0.71674727193121335	0.15035390052666373
56.182614432421488	1.1645151326224623	0.098968274706938156
54.907245615236135	-0.3069122710021755	1.3607563683939345
56.146417356366435	1.0803384606673523	0.5427837611077122
54.907882430445973	0.90743363173946945	0.63624339912225292
54.80500733189956	-0.34632737640289191	0.72760967702490953
55.352891789672185	-0.86015032185382545	-1.07889263147342
56.424468393257506	-0.86409554207918082	-0.089185431930239825
55.161759552245911	-0.65500353548120938	-0.24088314525604307
54.949719968340595	-0.32492494385120002	-1.1734398113713465
56.18511635908613	-0.95393946149930209	0.12244373075335245
54.832954905458259	0.98107465062432497	0.35731884209691317
56.61469758937784	0.48366936468243199	-0.66390832091895746
55.425589334442009	0.28412054059024044	-0.62006611914975351
55.778200040869031	-0.63781918449919628	0.060651341631579418
55.931691066786321	0.65193626966167162	-0.323703419369962
55.796479167842023	-0.14932564563084533	0.52899884680449949
54.90983092265482	-1.2393975260026562	0.31942101157462405
56.297941192179216	-0.91636040742733105	0.040201530326882763
55.352513422380021	0.16943754296820848	0.69957771876308661
56.569863174297886	-0.48591121863655801	0.44332082969096703
54.929803501196623	0.030426009143120391	-0.57255659100159528
45.312884779653004	-4.4388204322680291	-7.5613325885064855
55.968901984234677	0.66398679977684993	0.50262115352981107
55.98018420532383	1.2071052897403167	0.14098865246407805
56.54358859380131	-0.59543633000535645	-0.29062747804306976
55.969911833562449	0.50379045876353168	0.5981594341753973
54.941671882454045	-0.91420326389540008	0.8929472696649241
54.814379606530686	-0.087894837609550858	1.2732447271554534
55.705288129959627	1.0111494857803429	-0.15320392381197062
55.969813038404517	0.85598797376646985	0.32106443738222434
55.924903511879151	0.37254727229663087	1.1285522417094582
56.400638402147223	-0.16808786352072469	1.0480378829102051
55.619153309389574	-0.43543462070860356	0.094085378480439963
54.838166217156882	0.14501653393093911	-0.83152314625777501
55.18007128669128	-0.75389264686448421	0.63154420345102835
55.220196747403669	0.81866527153485702	-0.92686495596430896
55.407092785757563	-1.1606070520550087	-0.21546860283487437
54.77045823619008	-0.4679563593043457	-0.44848286305012663
56.640966317250744	-0.10229508841295629	0.95045181775329302
55.166280633994766	0.79448248179649861	0.63682852129646572
56.431499405695646	-0.29363030004963875	-0.65756155205922795
54.909011962396065	0.59756720234958238	1.1967069265462325
55.60918279647921	0.13048492902951253	0.71699713951155342
56.174933412145869	0.73394326267267451	-0.39475782524174829
56.310555176840154	-0.031957682739259238	-1.1589818164275589
55.174428811120812	0.96851783089170207	-0.4240112624474851
56.722412855035088	0.21621215427568882	0.93154100186700683
55.080151624970455	-0.59770348425040065	-0.14553156293728381
56.638015000700769	-0.78809213833352298	-0.047143279588110168
55.656778611362824	-0.67406507335408228	-0.079483727799429998
56.115223977618911	0.85766027714129511	-0.10292605091206986
55.64454898646953	-0.78554517861119066	0.66305606858845079
54.830586676772342	-0.3038208009136531	0.82219064191253766
55.867125871402479	-0.97064808142746184	0.51650374874777649
54.952862113142551	0.90160485002771917	-0.48879672211607134
56.17172036440391	0.15136917683421719	-0.58587589439110299
55.914720233636089	-0.67884929049956966	0.42044465772143874
55.646599322745168	-0.79629399113947585	-0.19549367397848819
56.234932697505734	0.72352469833648936	0.5031617172077546
55.892898877103875	1.9159245452785274	-2.8189556438548578
55.489802722371756	0.68388019785813747	-0.008640957706124908
54.772140973230044	-0.0074721052001437806	-0.7128933126711352
56.297896367149839	-0.77331089074138959	0.35335025966747824
56.273587069961323	1.0137445350682008	-0.63229284995589286
56.623178823680341	-0.51718309904609661	0.28806490099125065
56.461052428480691	0.5156816674267507	-0.37143917771750534
55.625659095538509	0.87111141558588745	-0.77826330867871218
56.098523694257899	0.62853293305956781	-1.0633190498977589
56.629910774879981	-0.30200528958984019	0.85792782489249264
56.405481575988709	-1.1550428281585023	0.27028150929268413
55.816083203985031	-0.47522673457056175	0.58041844628880312
56.127942822012841	-0.77707529545124709	0.20433906963247492
54.809199374104253	0.27624982335361858	0.32017479911075936
55.817241219862524	1.0724946079078352	-0.27458439584139654
55.688230004671006	0.80432937023194551	-1.0479470666492336
55.861968832314098	-1.031570018938941	0.1899838361961908
55.459852532858626	-1.0860275093884781	-0.3836702354874707
55.115667945837323	0.33799267826834306	-0.44218574886264284
56.654412430609959	-0.88668462553550453	-0.58712105193861674
56.251663638753136	-0.0021893578818951527	0.55008776724535213
55.687402317001634	0.47365380346815572	-0.97056179569749068
55.717524500771454	-1.1809787493280941	0.84234957326721238
56.108124958028455	-0.41924734059315488	-0.20207233355512594
54.727715803865671	0.38460244933814786	0.87860457293083327
54.791439997381346	0.048891729592118252	0.42877443489685896
55.108251535964392	0.54696326099677572	-0.0038773156863917868
56.370977384762348	-0.75224101646919495	0.4002716189702949
56.010155755391558	-0.38054949324925347	0.74437794630260912
55.254403621800435	0.71824469037090777	-0.15997991861172056
55.822446618266859	0.44953172551441434	0.46183963740963813
56.308021545042259	-0.33711024793832861	1.0060140296105462
55.165587547475816	-0.0035583746795158151	-1.1175695145857256
56.633233267242844	0.58757197279814866	0.16000699159651016
55.862853035214734	-1.1998798213255211	-0.16545678741844549
55.9450056235248	-0.17789039676720883	-1.0666284650306188
56.109628048274246	0.22109115044931804	-1.424089883584569
56.355338610577384	0.85585918598991828	-0.52017188090908251
56.500159023853122	-0.53845366158260188	-0.071227223303082635
55.17544393683557	-0.76786205622771053	-0.12157880948425928
55.817020868191641	-0.029083869166203577	-1.1847589608967228
55.313399960047455	1.0518353588927809	0.64201306194896468
55.535962100235452	-0.45486282490777552	-0.18144611658624046
55.097204365010562	0.89353556982175442	-0.16812323621823888
55.737694851275407	0.75238899334432863	0.17994075359932646
55.389606115719928	0.78300242016212274	-0.78044867824967923
55.196786047704151	-0.15164105572742392	0.87842406341617396
55.76898763701751	0.86939582531145476	-0.78667314674068811
55.223839729923547	-0.11621181811204094	-0.77666789133378444
55.000506695508591	-0.25760135990580701	-1.1423800273161528
55.565370481189262	-0.22729978545473906	1.2163525828677495
55.530425552115169	0.040181880469129981	0.68365409110666109
55.591011122019879	-0.43912201815418583	-0.95689415115986864
56.016680992910338	0.76896064725204327	-0.0025329783931765243
55.630729503765394	0.26051799765605627	0.48137676559988479
56.365240384765485	-0.19929129794903594	0.53491152128014197
56.200056304522448	1.0654003983898226	-0.17741382011965706
55.117740507137121	0.67617638185791407	0.024465628051570827
55.180237627757208	-0.24677270161827489	-0.97391875222825264
55.953606034535099	0.8662420472754031	0.27857784560835303
54.870986420623083	-0.19590349025519715	0.66089599550646716
56.363030323151477	0.57775586287862968	-0.49302553295489265
54.789934181570722	0.61692264368258387	-0.93658148945925235
55.67645160759443	1.0687584252895443	0.28546549302343899
56.214417305576411	0.56466918691600809	-0.71080980262673954
55.661200880291702	0.066615467221485092	-0.57476219046329358
54.99833515258976	-0.2315501440601837	-0.72877987727018623
55.519824112347756	-0.43635417790972625	-0.21545835243608244
55.667352898074363	-0.87833788144238856	-0.31914395616934566
55.580928147834392	0.4165062046833905	-0.70452146536223004
55.345991141775691	0.34655785532598599	0.26169587033741015
55.713737470501563	0.91649092552310962	-0.10470130168725721
55.077291423045786	-0.20120929421322575	1.1605181857806821
54.998787726661739	1.1708422378983532	0.034915812856662752
56.515906466592753	1.0286639935865243	-0.072289939909051526
55.889958472434969	-0.52510161464851479	-1.7992270642844872
54.849029329529621	-0.41318501882347741	-0.67970495171567935
55.383203759895601	1.1278662852928507	-0.51504830768081933
55.446824078544992	-0.62325143442888953	0.16777058004150497
56.238768061108253	-0.59370482181391726	-0.71623570128423641
55.317192405404008	1.3324401845493414	0.095338815064056573
56.055064835064201	-0.49054835936853064	-0.15372911110957307
55.457594508210832	1.0086695426646364	-0.46080874225893431
55.334507513747539	0.58522367879270853	-0.77777161645851745
55.843447734236491	-0.72446095539019539	0.87673655497854575
56.164308571845133	0.12061028922591752	-0.91034082541302819
55.679750518080155	0.86293855074053016	-0.87778189555677677
55.055058647366344	-0.14658269474953212	0.38764267957073217
56.365792167394069	-0.48868311367516004	-0.76470687500377699
55.796952487839626	-0.20923671132175783	0.52243965552895943
56.096422817563045	-0.047056190775202331	-0.63421466885302347
56.167216333023767	0.32707219515904745	0.62083402346396321
55.571138495292153	-0.51477616546470883	-0.11129493636899743
55.544276812589096	0.96550426386766808	0.11624006728023714
55.025575532161675	-0.62560078984505152	-1.1229448240746813
55.674163360183165	0.12533515050275434	-0.80980808337986565
55.221413657675406	-0.78576029215306253	-0.20141453153105682
54.858949558494047	0.12248649925987466	-1.2300076118764458
55.821303259915027	-1.1194496220063122	-0.097108059509372305
56.181188777410192	0.6240481750968081	0.61300605860288093
55.788338214815873	-0.22286573748822305	0.37423119682493733
56.480225260487998	-0.7816120654789438	0.55059181924288958
55.654643459308062	0.71473023289842297	0.89258822471464783
56.703164096124979	1.1397247313710679	-0.58566362063572808
55.786888192796738	-0.68308791914963118	0.98663085514180016
55.323255392212197	0.75070724004980616	-0.59649187727952646
56.282453421896363	-0.3659570359786376	0.78522011699831951
55.865766505484153	-0.065015206569375261	0.47263041212538154
56.585455698348227	-0.4629577095488574	-0.050139432352256104
55.113556633057968	-0.47462595641519689	0.60858039068243297
56.428687064802261	0.87977673019095981	0.40511737868834474
56.411378728411123	-0.81369007250087	-0.44216804331602877
55.485005795033906	-0.030862527722838724	-1.567781847377816
56.527178315651888	-0.25436750624692261	0.61088615728721796
55.470882056735888	0.15666952017889021	-1.0009935683943278
55.658846282210767	0.475824082198544	-0.49424331852358572
55.252181196613215	-0.80757772733542821	-0.27834976242618503
54.936077732838164	1.0090068749888004	0.36374215451707975
56.489145347326833	0.049848138458264774	0.81617423936738098
54.812886672299037	0.27012927107027507	-0.17208802238719842
55.481458404421282	0.45718853267054166	0.60432343917777942
56.472264891878744	0.069269718178352743	0.42117012870491877
55.388481342119384	0.98401675616330764	0.40446794730669583
56.249186603650287	-1.0036690578416536	-0.026132417728756227
54.967967403206657	-0.62650529616039274	-0.98983300507892491
56.613146521285074	-0.35119954363429468	-0.79957678033184365
54.728956924728003	0.33377496240360804	0.55162354513291367
55.488261116677599	0.57012741145007739	0.16148003811771972
54.877514001980423	-1.4127585205623086	0.39897705711887421
56.417088767305792	-0.85103199406373442	0.47867570917636365
55.097299090322544	0.5856742656043693	0.92151577245236238
55.308628984526123	-0.73135215931210451	0.79729593172357982
55.614077786996688	0.49244674924672432	0.20572127137850607
54.824171762609495	-0.30362682188352308	-1.0824350649907359
56.331105324129084	0.96550809114177172	0.18527018112747828
56.56704519130917	-0.09170097253167242	-0.98459558943750092
56.644999794031783	-0.69972187890257054	0.36453513330268633
56.328315899294715	0.12627979601305617	-0.26295416120632559
56.038535945211201	-0.50105538864003696	0.43521495385439718
55.883866123356547	1.0827827332698852	0.40072353478118272
55.638796199517365	-0.10716427280961401	-0.50732744774056926
54.999792928356293	0.74419366674475695	-0.95612800461707326
56.522861751626998	-0.69853965846847088	0.53764305218208996
56.552727403486614	0.20981603348367847	0.78535812073141809
56.195412538483453	0.46478936121534092	-0.81778640779785594
56.419436877844838	0.29964989927707936	0.76551486455114415
55.112762418531368	-0.49456678819758526	0.91820989662953145
55.205023702892859	-1.070317007294086	-0.1616199550792301
56.136546713546608	0.67042528828243708	-0.71760876205070978
55.230839025812401	0.28346233139131105	1.1519999653438384
56.136742837751484	-0.48761329930287911	0.35048640062315889
56.078821807190494	-0.237607164309729	0.71799218941291876
54.63737008395956	0.83704663972702742	0.38827052434208931
54.899484535646515	0.76384047349521533	-0.2734988011535604
55.874869095292766	0.7129833889394116	-0.12075593896469085
56.308160304181442	-0.73730012256906552	-0.15708177884197747
55.035069132681912	-0.0050070867822885126	-0.75851977238263113
55.128393723275565	0.63420690184765893	0.011546602234548963
55.18837137154884	-0.82380604298029059	-0.16584535239387954
56.119948086949314	0.82391715166305868	-0.49958837668456407
56.422250994328117	-0.051374888709917875	1.2323156410945155
56.06027147311184	-0.98098131975621816	-0.85307986057445218
54.940730150914597	0.69008346552330679	0.56505628840165678
55.714445047468274	-0.40488204440402442	-0.83215506259412031
56.032633216667598	-0.9772103030337479	-0.2160433583522792
55.496673736870626	0.078803053572306603	-0.75310647968360489
55.818067110422042	-0.91372547735860421	1.0424450508003515
55.325180189693526	0.86575651462612901	-0.08938911230768519
55.483803686565473	0.60844689365759053	0.83580703302050097
56.528883284979486	0.53943520183997318	0.67511806343688041
55.997282927286854	0.097283493844557312	-0.81812798270009024
55.13192615195571	-0.70580367220029838	0.082557358697243649
54.649758280073677	-0.45272356072454745	-0.42348495019608084
55.236132797256651	0.010855067480520774	-1.0475961409461374
56.271410939057922	-0.010636154263592048	-0.69806453213696429
54.659793036934389	0.57748368279900553	-0.50033185252015433
56.537987738462938	-0.69069986504346736	0.58777825745276646
55.050649159541649	0.87200382988890879	1.494774249275495
55.951343350475867	0.96740778423436635	-1.271262380979395
55.637822117528728	-0.21623100246981417	-1.2444655921996304
55.980331734420744	0.38936377041149839	-0.21389370392587334
54.838270281372544	0.44602614898712484	0.018166494508490953
55.231145917885151	-0.78498235145867157	0.70812252231144879
56.413274721965095	-0.6621091784412001	-0.22588212836650642
56.270144852102625	-0.26895142818534934	0.88780314898162094
55.47695185906769	-0.59860573748121237	0.54431432365662435
54.731822304999241	-1.034554884759445	0.59487798921674473
55.795709523999882	0.71531713614188597	-0.40816060545688693
54.928220671503929	0.65863906483868295	0.51278588187832841
55.129874975098708	-0.49753949237965189	-0.82522216660421277
56.636558544968608	-0.52863229218910013	-0.029025577690839421
56.345122856410072	-1.0605229603142445	0.31058916741437165
56.090726105214117	-0.84093765376587071	-0.34713800699021352
56.227963178552073	-0.052199165624407899	0.3472139744929561
55.978402323303143	0.12831543817571794	0.85752455561244711
56.241096207638542	1.1214500529094402	0.50339871276548709
54.938077128954006	0.93197314804863651	0.4331947687121574
56.653364153686461	1.2599573453421207	0.35597747683587783
55.254509148117798	-0.63355098041272906	-0.53665021527888201
56.105218601424063	0.76384611568684169	-0.26773104173031254
55.069554151530902	1.1490410535065096	0.10301554534005029
56.200870211817993	0.63506423391040856	0.77208641288485591
55.256660866161397	-0.5796929862450626	1.2121830029827874
55.574470752807891	1.2515020617667305	-0.44350759554565605
54.711133325632595	0.4541988395389398	-1.0454504005265988
55.97023672672465	0.93714297711326655	-0.65470022656046534
55.971601465586822	-0.72974825724732539	0.94230451635142731
54.790175550757553	0.7480387668384928	-0.060000335763683375
56.328848421785899	0.81292255752903975	-0.9713595673773745
55.813894938125692	-1.0607690157920768	0.9626553551593523
55.429816915620364	-1.0349801617839685	0.41536172297123775
55.699119249097166	0.8861167774176214	0.07523198070308143
56.081910250548709	0.28903700183641429	0.9029562945368903
54.729060810682157	-0.44427398343676372	0.50715873008218304
54.962331411853228	-0.34679510541704522	1.0054914219708759
55.211297040800645	-0.64525897022580103	0.47879717017885293
56.318828915111808	0.49626387459354748	-0.79153940165773085
56.68798460657468	0.66972125108339298	0.65764195516339474
55.15532014166503	-0.50884671402487525	-0.59169745464120838
55.582874854319883	-0.5499550159405221	-0.5733916371529284
56.402831169557132	-0.7636732740311114	0.37080064032716042
54.943125897238453	0.94764712172996157	-0.16806759914350114
40.31769429509351	9.915539396356813	-0.94907350310150096
55.979189053286653	0.72523490831457327	-0.93815808273062673
56.451684642284881	0.39801048938037764	0.70166204833582901
54.90282216780021	-0.63987515772021897	0.76356681921807779
56.526802088216904	0.4390416569995374	0.83703615381884866
55.213487884109703	0.89606114902700373	-0.38827690631168404
56.205198463512822	-0.11583615895440046	-0.6927856724722129
56.076036520762386	0.5591787544588469	-0.73499240809841815
55.088528309518722	0.99009688665899653	-0.71165395620278338
54.941568650830625	0.91561036717601929	0.21656254954736948
56.601548996186963	-1.0304893724195479	0.46471625000374966
55.747342720216395	0.74035182801081134	0.27540069397644734
54.930300018945054	0.60455820728583454	-0.43534907902905923
56.289463257273326	0.90988663730748787	-0.50181295279612637
55.633062250977495	0.59450576437084723	-1.0897299597697618
55.799622227180073	-0.48249545510769359	-0.93054027256353411
56.73932574597783	-0.91011975292593184	0.77917286518462803
56.519655903080235	-0.85728285452700914	-0.50419531251148131
55.010852444265886	-0.034723751688323368	0.8774759636566809
54.985243538997935	-1.2247123596834817	0.34608210191558819
55.326324109562563	-0.095127955521089394	-1.091717219962957
56.402828999036522	0.52002314553874385	0.15048346248337302
56.407908008132921	0.52788490448844361	-1.0594165683660677
55.404752540972254	-0.2528342290189759	0.53280457970593198
55.142179214968024	0.85246830113187544	-0.017796629076507694
55.846440044899232	0.47306713519041904	-0.38967392607796197
55.585511890523598	-1.3324951873099338	-0.13520443291873258
56.238878000985217	-0.28471373370350145	-0.85918847846122548
54.848794836159442	1.2943748344992254	0.095910425917247855
55.16272785179666	0.35923259328747886	0.049181529849527533
55.536208253235699	-0.57206865970558174	0.20235781783970175
55.773877625503481	0.90406484890576022	0.33760689902350732
56.144333916759017	-0.44541868710110089	-0.52841846927750036
55.672828920787275	-0.96306252233933798	0.17451223406547012
55.95016237994156	0.23419499645342104	-0.54508667577439573
54.897087901942356	0.47944898143062142	1.4275688512336142
56.651105911545734	0.73409421378146333	-0.88749504218092279
55.125723210608164	0.65961651036544366	0.96641356458580197
56.175683900377969	-0.31694243973037872	-0.98226665999983875
56.459754635780477	0.063675542371619445	1.2834827953284451
55.778417677158458	-0.56887399102379976	0.57609545971534581
55.303879563569431	-1.0033604096120061	0.59344071001176879
56.427873441428744	0.9817076186286724	-0.58589222629295223
55.837459796636466	0.45391402925514274	-0.84889340698664573
56.170713769232925	0.2263493625738984	0.80405029441778952
54.706854841223503	0.57884871037344698	-0.39972888489564523
54.793687345859084	0.77690467287295562	0.13062356634312478
55.368475614285074	0.99695587856104917	0.08636383112769358
55.271400794394197	0.65253199446348353	-0.22252334436033044
55.597463455748347	-0.26758481717311738	0.38196927297129096
56.381518086178133	-0.45706462984754986	-0.3100480465010696
55.254573065219148	0.74926024905244326	-0.75301657855854642
55.449504465058759	0.11009291354382128	-0.76113166955861389
55.652506684722461	-0.77742037884236082	-0.27496440692281604
56.454794353524953	0.75061743009053017	-0.3433448757899914
55.407745391209765	-0.81845425480552136	0.79058511176026691
56.145134579040757	-0.21824253277868952	-0.52733608822270273
55.927019529371293	0.86065204567990161	-0.13365231729795776
55.986946951368274	-0.44342559725186526	1.1046472081230096
54.824012769605034	1.0524453919285377	0.057373685530842794
56.535890048731765	0.7904238296079048	-0.73399857874249586
56.210874913140259	-0.11824289171170921	0.688554770165696
55.905307500318017	-0.48124858894663169	-0.76488403210105094
56.175772493281464	0.18494179133451677	-0.9058476589313571
55.397510236463923	-0.80926158140281568	-0.36638486329304637
54.740253565718596	0.97139682869235722	-0.13827940396374241
55.392322993696745	0.40543697427717379	1.1503722030676375
56.389305705682681	0.31093876849933533	0.48792282279541427
56.355355998475538	0.322802203045362	0.96205132896620393
55.251408227195277	0.23759215203630965	-0.56000424051793585
54.734786174052559	1.0785267956409672	-0.73273854957799134
55.046597271054992	0.80163254553014685	0.99272052316312087
55.831261545055249	-0.79110879493714636	-1.0928672473857775
54.973883140531804	-0.48969707735637669	0.55669041603086178
56.200293206062462	0.57193687092165524	0.34683452660954162
56.005346563588937	-0.67291873895626686	0.38444920653589593
55.265824748994213	0.89415395218313209	0.026718290096133048
55.409202684783928	-1.2051103446805573	0.23080430408192779
55.715990072731088	-0.5597347120806262	0.1353472757643947
55.650655055721153	0.46699295580201333	0.0029582155700038767
54.945482222192595	0.48871508014556569	-0.79551802248130388
56.394503382199886	-0.18595615032411508	0.59289343705355946
56.556705547087198	0.64719297383854069	-0.5632024881880866
56.214245408633097	-0.25451040977547612	-0.55614205014510687
56.566225069068757	-0.29251007582884719	1.0694388230943406
55.293905429669486	-0.55332800337254817	-0.32151109990350829
56.42764793168886	-0.19311611238737991	-0.59371541837102948
56.062334715137794	-0.70043854364892477	-0.41533589347603256
55.241993944278491	0.61511838464169999	0.93683901892305554
56.608306410119127	0.81469365145467287	0.14415362028496387
55.388278427575955	0.96446994590213087	-0.44864142873996254
56.32405546210682	-0.86764712462192317	0.43931324153815005
55.826393495018579	0.52858589349355711	0.29796536765714232
56.628764597847663	0.057435914675882944	0.75452508965996623
55.230356484051903	0.30734380782606635	-0.48612077900579009
55.265011139217719	0.11856089040600605	0.71178395010356554
56.178642902392397	-0.10689432601431521	0.75753755445357884
56.211434890524195	-0.18319755092475937	-0.88032608576293325
55.314311028298029	1.2865727839525209	0.74551088458740755
55.357151178269895	-0.42710039384673248	-0.52346286420637211
54.948537378757543	0.41319555067408426	1.1277735319244115
55.191715547854685	-0.32093590329753452	0.60616336384238023
54.855055786410446	0.94297229222684442	-0.78185105420924184
55.747058603569371	0.84164909283223621	0.045419335477020588
56.069198228974898	-1.1470863350719047	0.0074488274964553429
55.136735477605711	1.0116527893174128	-0.066894440063946861
56.463499746298979	0.65007049684151486	-1.0486383601436053
56.703393863300761	0.77252074904938317	-1.0390168323145919
55.869253136895964	0.98842884078746962	-1.016879938501517
56.018417729616786	0.50801980162825155	-0.51312469427268026
54.819484694556444	-0.41847890451438713	1.0920436056470058
54.791410949979912	-0.8968040627238365	-0.55134120576395163
55.677604989711185	0.28801975373401173	-0.093984644853624441
55.56955067075301	0.38178626682851807	-1.156385885666285
55.5790222052239	0.19088566792393502	-1.0343847314447132
56.412212875204382	-0.34959384778970232	-1.4878283095112512
56.305053066848004	-0.17545212001108951	-0.954553334527663
55.392603094413232	-1.0836224145997533	0.12937680345284441
55.718315168104034	0.7114109491042313	-0.51555700787033931
56.543980221801867	-0.34284661788879445	0.39642750346207217
54.6874482491422	0.04853558468204127	1.2312129853586711
56.658020291590404	-0.25394637184057756	1.1601933063290146
55.133919123250884	0.66855022392126984	-1.8596192604281825
55.143337074053562	-0.0061242180843162509	0.9111306062149549
54.943681423362897	-0.26071722088146981	1.0645993526208344
55.232701576804558	-1.2114003133260229	-0.74666826198888259
55.707000460159342	0.52224743598085999	-0.85713333863600272
54.932315697557556	0.66571425983892107	-0.67059838974375652
56.370768428930312	1.0917272783110876	0.014877879852687303
55.66635258005816	-0.76825110561498511	0.31346486394897644
55.866912387682206	0.64286368984487874	0.78686454169368025
56.433322577388594	0.31063625701526054	0.87664840559218904
55.027995043714981	0.74428383847329116	0.34664863870397172
56.384199187563802	-0.082442810217011372	0.30640965750789884
55.16378440064976	-0.057870117134218857	-1.1522443124680315
56.580972599520173	-0.79199307914603545	0.025784224386449922
56.724164618484131	-1.1054981568942264	0.57821421444400989
54.885575672241735	0.35884226992202956	1.0070080291268999
54.765247794097505	0.78854211084021297	-0.0054613365099381922
56.34504404566195	0.20949512093537204	-0.50282785477159364
54.759934105641072	0.79982890324105482	0.3601498921768172
55.29170217604419	0.092674041170665022	-0.38107182769049597
56.591017721880007	-0.8704081267696866	-0.3443520406668884
55.603952538889345	0.11544144668938647	-0.12564250917195263
55.742748631959394	-0.63286161346350978	0.50370779746885308
55.993867736534213	0.47048037777542584	-0.14288161761201518
55.102945743044138	0.89077718414328166	-0.65418729851277568
54.777421808914902	0.072045049143397474	0.50253783694179721
54.757845436889376	-0.9088272292391707	1.1025855541214895
54.639975310399507	-1.1121970901366012	0.017522639599696872
55.960420556944911	-0.41109684093719828	-0.93853771046631529
55.249976627364134	-0.93741660082488021	-0.51842118082971511
56.146311080336936	0.57603822678549432	0.099733406579856729
55.875891265841993	0.71771387156243482	1.129098348514203
56.27583087915643	0.22978722132792725	0.80209795670250483
55.542580359135016	0.9000008271991693	-0.65125742436809952
55.632815484878094	-0.72690998869655143	0.66780393920657977
55.128821590378834	-0.7983002488644223	-0.44134812376473709
55.583571295576263	-0.43337915424612394	-0.92529953506052309
56.09521372654271	-0.63168028749296989	0.32105295036865927
55.553277108341106	-0.5921516817629694	0.42093010728576891
56.414439645497083	0.73638085859378766	-0.39705088650463327
55.176631389290868	0.97111200428999778	0.64547005746302522
55.629067525321631	0.73801600533359235	0.16607584660734315
56.344464882160963	0.73772366857728422	-0.53493234283868052
56.639313055061336	-0.41520555666600084	0.75230051974658874
55.951971927863646	-0.83944276107191307	0.025638096910796535
56.114562252890579	-0.65990163801002799	0.25749834088142537
55.512356884091652	-0.35030761701642965	-0.60060377754093375
55.113874544745727	0.88380949378200069	0.58491665519147051
56.463054078595178	-0.45518587270673627	0.65628731166932774
55.244828920217017	-0.2224905484700446	-1.3641763401659406
56.173693291750574	0.79733327858138436	0.53336697591852922
55.982755309591546	-0.59788774568928704	0.72625039050374063
55.211765909426219	0.57355235464883525	0.63530834991539498
55.720400109460357	0.012037631006656469	1.1466536924421438
55.338742520477673	0.41505157015806005	-0.69822013048341791
55.128588339374318	0.55535668498590851	0.52946462987717746
55.565098723959103	0.18246544781021509	1.1292686085297838
55.694830419914773	0.82833713588733882	1.0188311644736598
55.802500922679478	-0.012479771836664174	-0.51936113933662997
55.677403068970861	0.60827525400149685	0.71181628255503671
55.318409116026103	0.29102001323469107	-0.87388508298217249
55.539611041955453	0.77712177580270514	-0.43873671581216739
54.872286247457929	-0.91536446097157453	0.36082871140441519
54.85617290253456	-0.40008526379798059	0.61291138065416095
54.954072783085941	-0.35642789248621648	0.29015127536548896
54.663735214626826	-1.2630547179428724	1.7307488049415796
56.436770808331097	-0.19642787023610206	0.97668973187664054
55.962295966333706	1.1748406465011429	0.38163713091846524
56.443484190200429	0.46019553328142887	0.53663920019295197
56.380269248637369	1.1559618395448645	0.015676953064884609
55.956631239139988	-0.35246235962136385	0.87817277571382979
55.034453462052326	-0.37334413788483028	0.077133487942546403
55.284407735028658	1.1673252841471624	0.088161459493879241
54.759820359739273	1.408708343494341	-0.19117799136492292
56.25361650625598	-0.96241329910604745	0.74437176152965689
55.871072198216318	1.8436976100964184	-0.29881792512689581
55.677710549420013	0.36441665276448015	-0.97710731725054289
56.085357022418727	0.32004290389676254	-0.90741708584699809
54.988954844272733	1.1636335304189949	-0.40118954009627955
54.933433778821488	0.75954492641869198	-0.36590147755058261
55.812980004370047	0.9217397434357063	-0.038132175584787285
56.387157511117778	-0.3375976679097602	1.050724886838807
56.642340162550816	0.045103849679459566	-1.0475573115204961
55.414763717418673	-1.0135328001360797	0.33227668212831246
55.245761261432762	0.14175384660816961	1.0139458692502488
56.113357451639487	1.0585604038378706	0.28459631275868291
54.823805844106268	0.3479366563953486	0.49243765546932722
56.005780698537912	-1.1202817058745889	-0.05568896141965865
56.076267784887101	-0.19831554497236942	-0.58346842730234849
55.610381614673848	0.12885484048193585	-1.0174390857214983
55.647194237309954	1.1182659879842978	-0.67699662455490717
55.230626321074851	0.56744075864015686	1.2401002004161803
55.390232491801321	0.22007479153730938	-0.67031497889806835
55.38117454407805	-0.78724343315726908	0.26908600825221313
55.475615535387654	-0.31082446627254617	0.051525234035643408
54.951164005066929	0.16441192795668022	1.0409708575998915
55.177076365600541	-0.65682922901733543	-0.14972605535453593
56.385825443889118	-0.85623023293021228	0.51632893516305522
56.101445381156672	0.91152180079499923	0.4049824194746256
55.180817104995342	-0.62562404586854015	-0.5412143179922958
55.700420736957113	0.53682206970022972	0.45141383667982526
55.290588365905158	-1.0200455520992124	-0.17034542308622819
55.935911246737696	-0.0037662276525275416	0.56340221073190533
54.914046835258716	-1.5373938111014054	-0.71779924044525389
54.773175873587284	-1.0755637759048486	0.50093831987343551
55.715096070408741	1.1403087109627483	-0.3234553118377288
56.101142463224392	-1.0323768725797613	-0.30594275759761586
55.256278251778909	0.0013803694476626359	-0.58247634162786033
56.103743802263359	-0.87823575511230823	-0.29529926323402306
55.213414938018353	-0.73877068106653698	0.91498765875617349
56.603816452793318	-0.45162809148186311	0.57005062397173367
55.86239556126413	-0.98752689896619072	-0.1724162334713539
56.247807256271159	-0.56271840057443578	-0.78479332280375957
56.541069343932136	-0.25982127232663899	-0.71748901918090746
56.015271163668274	-0.8127426713893332	0.19860154535316071
54.749422703243248	-1.1977776047907673	0.048692609592874851
56.057598940977122	0.71026601559596736	0.053261953030332487
56.260277313360497	-0.47687945528591602	0.51341310023246056
56.352790009061621	1.1911581738370864	0.84748023108979587
55.060620653775274	0.4057650285680573	0.77211020887213788
55.237008582697499	-0.56532253809943689	-0.47584550922367191
54.653677052828648	-0.84826788619146043	-0.40833715242699009
55.640301374809845	-0.65930327718454107	-0.26752699019029391
55.554596456075487	-0.22635883598343159	-0.21626618053763741
56.174904004534525	-0.7327873158887277	-0.39496966899709945
55.323455805874183	-0.029597309780896811	-0.17179046486046273
55.943645605836501	-0.7175754177945467	0.071896229162824177
55.804840406632508	0.43332341116419015	-0.97355956245213826
54.799151451046029	-0.24925200225124911	0.69024132468845489
36.631189002643339	-9.3370129020672614	0.47780081322965173
54.886681685118226	0.50540675862029916	-0.77264745307678839
55.338233947426318	0.0066357227124563146	0.53004642432901261
55.051918140137111	-0.66302439250102985	0.60081890496438606
55.280489679259048	-1.3474107437087544	1.0091909760604503
56.414071488597962	0.66052131758993515	-0.57148107038486229
55.433343539240965	1.2821369566656811	-0.14518241304894702
54.94731478337836	0.21264734913013789	1.5484556261488553
54.743444036073662	0.58608425147719379	-0.96773834070822151
56.510240539867652	-0.016899912327884275	-0.76829608093361834
54.915625061957464	0.6149417752988493	0.20469201447892571
55.497203886863772	0.66136734907785277	0.30272507872000193
54.938232247144974	0.98211273248806086	-0.11374257336209942
55.627969669096231	0.10719785246903514	-0.56933781534728567
55.16511412104682	0.37491498163124659	0.49056292217282088
55.52897271849627	0.99429502015564386	-0.31072699953611854
56.53281674205008	0.98503436193541627	-0.37154251579727143
55.915072676111322	-0.15162275298494277	0.858957148300314
54.900754915493195	0.73732591244054069	-0.97950123287882118
56.468305834343482	0.017272275072460801	-0.94463557739658788
54.98802319090958	-0.65950054693928539	-0.088379491746274602
54.934477363161037	0.50671864235106623	0.65839039416892831
33.583854149955428	3.8192952701843934	-8.6682129605359499
54.612013160477083	0.51397906337148269	0.62392234408252778
55.256187712596045	0.4701939449940134	-1.0455437528783105
55.708531417818925	0.87882557856649968	0.42179173138614323
56.293902841142277	0.44618565237439528	-1.0165037233361844
55.860219801306428	-1.3557286789019549	0.095232802497924651
49.786910065042917	5.1143027243295434	-5.1767056247955576
54.704681599100489	-1.1551905244251464	-0.27271681896463978
46.872080500303007	-6.6915672389445611	3.7569961059167603
55.144347680994358	0.54530612023199143	-0.71214784568591538
55.084325181155975	-0.86306227922546774	-0.42845646755364492
56.182058148937799	0.35289720977231959	0.43639800585590149
56.110550820136837	0.59486912289503691	0.52441896366907992
55.256577826337363	-0.50552570458182289	1.0071310093237571
55.978045543935906	-0.051529471374619412	0.7772546829597643
55.084192495043226	0.25957343679950079	-0.5319653528805468
56.562525339744852	-0.35733192362712757	-0.73742390019384618
55.039819705085272	0.40454784616311817	0.94801161245352539
56.651166639211276	-0.50082625972605166	0.12027622103822787
55.883507909913817	-0.58168942813016944	0.73243883818939781
55.978411384932933	-0.1985307601513796	0.98196290418320764
56.407678653023517	-1.2786984087926321	0.45209153617923153
55.143492636327871	0.28759056714553133	-0.073206006620319133
55.877403924583454	0.90481210498774933	0.31594812506549186
56.04097834662803	-1.0849032488845596	0.066788141281594313
55.987103387905471	-0.23637064810936737	-1.2882757211032034
55.93308923216555	-0.53697661311890621	-0.41609007096499845
55.082323559147369	0.6603648636731505	0.46193911700582529
55.995289038423117	0.26664108192246511	0.98396585943874559
55.287528368836263	0.72594583499546217	0.54260267172832299
55.025782393796391	1.2027772637181564	0.31503008800364291
56.316471697356	0.66410845622383052	0.10918553915261561
56.267664443136674	-0.3442496010829868	-0.81284800115383626
56.38756856527025	0.83945462726238984	0.17292689985980081
55.9663765725454	0.018833528278456062	-0.86165862489549028
55.197226079766892	-0.55329205137853377	0.51948030707487503
54.93209550179013	0.49227067439145272	-0.70262677747476998
55.062763614567174	-0.56264071376389602	0.71087284343577595
54.735745836032343	0.35349362732086553	-0.5770647499210102
55.061541237460972	0.35593142764750346	1.5860126734434508
54.926419046292132	-0.53707699608972714	0.49722608120580092
54.938237399199913	0.54891953715858732	-0.13053933544916213
55.395134283544479	-0.51920002687540057	0.86944355383057426
56.396086364401356	0.76378299857801557	-0.13234750204675488
55.192153006066569	1.2807460036978724	0.17736820859718908
55.443680817419612	-1.1709820756678133	0.66989823128964998
56.434074143610502	0.46045143507369479	1.2353523191784683
56.639514662696172	0.60765279937042482	-0.96878615971721072
55.088877063841593	-0.79343567738431375	-0.67761285974102692
56.117486435835659	-0.90852128167822954	0.4146253963176601
56.63843146105458	0.087343250133626787	0.77154654720198268
56.697715810913373	-0.031870320726534312	-0.42570050977812185
55.099124857719467	0.72030425124303088	-0.18007765770633885
56.406055483266314	-0.95429796295463853	0.32573030352517723
56.479821102354606	0.044560873044901993	-0.92331914460714026
56.288420166238168	0.57582930314303704	0.21459363675825036
55.075241686287384	-0.5596207812926316	0.92987853837452372
56.498525404224736	-0.80565388285109329	-0.70297050157343444
56.367596601703923	-0.71040518274096143	0.7916791653218157
55.702226772132406	-0.087834784051640871	-0.86015143647996328
55.173221728892244	-0.29064531497900326	0.47102894176282017
55.193155920760098	-0.99478415882522098	0.93350640133581864
56.101862474526925	-0.37606679132468374	-0.66397780549195939
55.872779055424516	0.94063358473312897	-0.063486527360632927
55.462052070511191	-0.60109912858292025	0.11805907800275268
56.202430442793386	-0.69041606121833787	0.08723502461889146
55.4166802178692	-0.8820810719191452	-0.58200726584083995
56.413349349595961	-0.063703197623103766	0.6559112121854378
55.050943765892235	0.24224630140613412	0.9611728105475501
55.920071959420412	-0.15633517970587538	-0.39464965150342968
56.59193600000129	0.38458053508707069	0.40386960413520578
56.566068315340175	0.57773466147842656	-0.11437216635547642
56.174799262465626	-1.1350800949535016	0.015308782579543684
55.891755367358847	0.47037937676790498	-0.61110471635802843
56.684524586845043	0.95461151003865696	-0.33740574426521996
55.109691076140798	0.24353229317084585	-0.68061600668849997
55.396196088848981	1.4645080459514237	-0.90178784936149792
55.358762192076647	0.83111206210439281	0.80439644010049582
55.492394968626947	-0.30322558547308714	-1.1197965722360015
55.726606214703942	-0.97662438149765496	-0.69073450894650024
54.818348366380761	-0.0063753763447007162	1.0371897270137473
55.162115370449463	-0.82418947617648319	-0.91655114339593646
54.835888237687961	-0.33006658556267171	-0.58707684962264417
55.181045706787998	0.80354800192067166	-0.58467401241834649
54.870973465536721	0.52589561750183411	-0.66666599088970968
56.318816328444385	1.1110185086385194	0.35563190276566786
55.29246029679409	0.60549907095299149	-0.59413481982080607
56.342540924949553	-0.30038896390918052	1.0628628191182796
55.973052156543361	-0.18919015635813621	1.1222192756630809
55.361536951014479	0.91649970709318562	-0.63662393631570235
55.392396605031784	-0.80299766078077084	-0.70514475486847272
56.038425275731221	0.40271515929450197	-0.050906986760398051
55.138496511328952	0.16862758520044446	1.0877036483653071
55.658999731502028	-0.481227603378447	0.1429641289054483
55.940434725976623	-0.21828349861843874	0.94158409798280573
56.444727306885603	-0.12302666373104955	0.6757529866502282
55.083982538890112	-0.62187044668744096	0.74028200475580874
55.33617826563404	0.092394675348654712	0.95500973336881856
56.567898609656297	0.72271011309941524	0.623349933883521
55.709980500827236	0.71877964612446588	-0.25307852569067335
55.118318387328365	0.081261158718420143	-1.0057393672497952
55.028094063119426	-0.62518038068112014	0.7104250598021189
56.415261490228765	0.35269914798504587	-0.6922557383876472
55.432674493004612	1.0068959300052105	0.11913243063547803
56.079799888430117	-1.0752095255509966	-0.086923221356270799
54.886288947400608	0.97811473059001797	-0.47170412679827944
55.502845499261042	0.62841120991666855	-0.75721235067292469
55.227029546860408	-0.23550253833509757	-0.33364398151753993
56.538210330321334	0.73559298861656408	-0.38698001707158397
56.369321908814712	-0.72841704300054	0.28693644112650091
54.947903383225309	-0.71863552747568304	0.37643546693190344
55.53099309222236	0.28766815035360543	-0.7013024519426263
56.562166915414622	-1.3100679566909073	0.63859651876213752
54.876393728574122	-1.1315371709415283	0.88357630261904774
55.896976913205677	0.85449131284804447	0.18113839598532983
56.591816473094411	1.0169346870434783	0.019678708746260203
55.274688317683093	0.30201418103604233	0.86363585318312441
55.622149654828711	-0.49372516011446005	0.26118744020998996
54.732859119717041	-0.64342625912685292	0.50323824054532829
55.042074196482567	1.1730792328969157	-0.33647113514665905
55.334670568008868	-0.27679938623132144	0.94133666289432727
55.260406156465223	0.2737685557403125	0.57902459584112298
55.107673150598259	0.54307132984731477	-0.5232221940085936
54.839556522030357	-0.78026725035398348	0.88998082517157184
55.952452356847445	0.15021638176629384	0.68326004502542836
55.524589538766755	-0.35043859252656379	0.67980196546949889
56.355014068371815	0.041049550339098427	-0.36181757812672527
55.715673249792012	0.58181539833996143	0.49809770873226478
54.656617868063755	0.74037216594598187	-0.27547564486881071
55.919573677719029	0.20185427701156744	-0.82866685258165795
55.484040119014026	0.34837423907540371	0.89974442139032174
55.047465127729147	-0.67904650322512339	0.51970078555340149
56.216102272684026	-0.028214543328828313	-0.67107526107191684
56.493370194311524	-0.59413884940679551	0.4970517213589129
56.431955461490936	0.80850694829190006	-1.0102527844399369
55.867203426606444	-0.39142697570044982	0.95750038988339203
54.894034259751585	-0.66831052234172805	-0.39351035908770449
56.57355301978815	-0.70550697307106747	-0.31418761878921492
56.065040070313842	-0.32734791145100967	-0.7717039181567299
56.304931223200718	-0.1713412030527329	1.2074837396752507
56.004259018018558	0.092343875528902733	-0.88610635321880926
56.002297699984695	0.78318521981582678	-0.73322648672740909
54.844442694106931	-0.43335213200353179	1.0512533326146807
55.001361346259252	-0.65139045191624678	0.89276391977113934
56.601559361646359	0.61397342939399535	0.78937598276249665
55.781455087779122	-2.1671844766036408	0.72572318722036322
56.556139390392445	0.62013617970130674	0.5365927058198664
54.890513234635343	-0.55783566094391646	0.082003866776292608
56.060861740776275	0.80899125300647012	-0.2054750412926791
55.443443107176073	0.76296643267207065	-0.44316228127323154
55.966009060156139	0.39054727595391353	-0.94826052866522093
55.378674824828096	-0.93167140482883071	0.15154314271030919
55.830271170750478	-0.8680222606959771	1.0474929963456248
56.129585241388106	0.56863467398632017	0.59277925444542656
55.750763682372977	0.21689815852916927	-1.0078346586194513
56.529971628410365	0.48708480922432129	0.33955884818800369
55.005954416218614	0.28803160621767104	0.99890065888673296
56.348748175730883	-0.76036226156836451	-0.17091924714904036
55.002639917444561	-0.32332943976728901	-0.96113128971841699
56.278480690158943	0.86612260687957032	-0.75454299103496059
55.910495739253101	0.30433844120014469	-0.65305469000899263
55.411475278039475	-0.89942585736611202	0.50769890298840792
54.893111882883858	0.67527714253979698	-0.58582210238610799
55.395846095022158	0.83019281000846668	0.42142642565555505
54.860981601590083	-1.0828766480251242	0.32719732157132309
56.303873959108969	0.81896534692358613	0.44053344143902234
56.454068713509152	0.051689137493587826	1.0745653472996413
55.2434249824734	0.53289673101254342	-0.70911880742649391
55.144191439828631	-0.67763652590423129	0.86562701584449075
56.428881127052563	0.29131571556236474	-0.59250354077614098
55.038180895199218	0.72119556148624731	-0.54500243307847673
56.145886863430384	0.29882366163181118	0.11599807068499424
55.426928864393901	-0.93237942247276895	-0.43645495684761193
56.683450389761759	0.62076561292488552	-0.42579214865053983
55.304060837418341	-0.82530067166116983	0.29440346339838003
56.269935157419475	-0.51565250117819861	1.1626743137034179
54.942673699578307	0.60811650357980829	-0.49234467973697765
56.364975617786598	0.0093107453988955299	1.1608086099447399
56.548696140147641	-0.18758939257756935	1.023368293609201
56.272657332080101	-0.97638006976841774	0.31619422054260854
56.397322852166951	-0.11721471037105573	-0.92173770688930523
55.745297837052192	-0.60045943457288453	0.60522302504717351
56.543893003357745	-0.67121013375487437	-0.57978901435126018
56.252099425197613	-0.19367428191810587	0.75151552524993104
56.528272408547657	-0.39529455861620888	0.64608368099641711
56.220623172908091	0.39559289090080385	0.83946494421605689
54.87029071474884	1.1264471603995074	0.5183121907876711
55.662927272345328	-0.95522885180831929	-0.19697507685217117
56.441951800606446	-0.6605124207755716	-0.94266974537719983
55.264585300487916	0.82471265177879072	0.68680518055390338
56.406718085435315	0.52665777361043242	-0.34010123296230454
55.570963162806763	0.86505282401144545	-0.14953962735477327
55.056240941527761	-0.96081222265277166	-0.38898584319811486
54.914686255303913	-0.032812276921614036	-1.1593894656986161
56.093696062434738	0.55579913199548414	-0.58267062495297173
55.031172214853385	0.26696902212571139	0.42555563359912779
56.276509644567568	0.24748014667907775	-0.8273289376089934
56.502148204283095	1.223366507054549	0.34428621769143275
55.954186174912479	-0.29433237337480667	-0.9560098993810604
55.578229310826444	1.0063764949622014	-0.14942987414164735
56.646274990657041	-0.87177153235796589	0.27902902145805369
55.505607204846015	-1.3306521533833275	-0.19112332863393228
54.94783491194179	-0.32446545003299476	-0.78997294607814061
56.000918569140737	0.75710039526389772	0.43995549487364216
54.934590067896934	-1.0686941399611827	0.33756228519513037
55.592496940625573	0.4681375207119241	0.052075683681647097
56.43324253916132	0.25111941054414694	0.88756669344880379
56.404860276944426	0.47411286238063644	-0.32443612564129826
56.236550253878143	-0.30677934956199981	0.60702819068830294
55.805128079709164	1.1217408517888015	0.13042142239225102
54.79673278508394	0.76382216078732224	0.39241033903876976
55.298835570342348	0.81776426295785321	-0.43429413774136144
56.522595794508725	-0.0041432359296832335	-0.56289694124500533
55.472213320972109	-0.63083275156367413	0.22848914623809918
55.437681856498322	0.32690780320873986	0.78785221497171209
54.678190061935354	0.31858282194306492	-0.2526688815205248
55.416725813369098	-0.49703265642034561	0.76585381805628738
54.819259825474262	0.11618644617472029	-0.83876605044210739
55.474340400647087	0.10344537494628722	-1.2311630374491931
55.842401565250853	0.8351995533242953	-0.19538261132711962
56.011739267691972	0.081606830272877254	-0.81197454771484423
55.15594482679947	0.83649263809964791	0.59607922510049749
56.119442406140429	0.54397709300936148	0.59278397195456256
55.922226277983476	-0.14428591615550188	0.88134497746255258
55.678093471942965	0.41134245256678986	0.12921864806131114
54.902167210548058	1.038678960299418	-0.4634754015744994
56.208768089372555	1.0085849496339092	-0.5462713037264032
56.069973337184948	-0.44053333780697268	0.1386786593296758
56.030812397442247	-0.45510431057542061	0.48773368371982112
55.944355030262329	0.70200815137091077	0.8648374736785156
55.912462645997827	0.79256778624554802	-0.0656745632207172
55.215890366758501	-1.0971588803309595	0.71395573475452423
54.769089037277723	-0.3865752093270905	-0.20961730577376592
55.255134516267859	1.129313784076561	0.31787785831405402
55.033966586731125	-0.98289873895465618	-0.13805498948891215
56.208825700452579	-1.0536796711649856	-0.17999551249643334
55.681894245706893	-0.79736889010258261	1.1635809879944741
55.865447345673346	1.0879325805361191	0.72739339568512462
55.223342767966372	-0.49174991711381094	-0.63646979865102138
54.942546684463672	0.81654214285472282	-0.24314420974940143
54.95961106075567	0.82543946936664792	0.53976189470027558
55.604489200357833	0.21108486678687091	0.73549647625797154
56.715131675142331	-0.66569345344262421	-0.41891912193431829
55.977601595045087	0.89159097870201232	-0.39094016844156299
55.634427442541124	0.028336121251887607	0.80977957852202254
54.607400366150436	-0.60753732504661717	-0.60011452085341843
56.418066409172361	0.21731339388228929	1.0331768772450343
55.698137870337781	0.67815039148804412	-0.73764419836519146
55.0525928124869	0.68456292227203275	-0.38762751201825713
56.666190742883188	0.74273818286268445	0.30353395187361482
56.141347426490846	0.86192755824526046	-0.94343341066643782
55.053614809243101	-0.72232409847533185	-0.83196434236109096
56.455260067799557	-0.35845415947969189	-0.98583313945986972
55.541603066039308	-1.198672532303406	0.40031933401284969
54.851333193594847	0.61877711870281005	-0.57920141777238776
55.840288545115023	-0.41155744520314574	0.58421703089152788
55.106509578665765	0.93417673878017971	0.659913111165638
55.632132863197249	0.63842344452249022	0.72225677970475988
55.903638943422671	-0.3362193149688284	-0.49315919739651648
56.028879455799661	-0.74093093673610755	-0.64346594291429582
55.22369119827286	-0.25271520673482006	0.68669602415437114
55.891647206157884	-0.44333634047148279	0.75004518052095404
56.019400546255376	-0.60234295728920417	-0.69700701744225912
55.147159791470969	-0.28759716371870364	0.96979460068531675
56.372222935171273	-0.60649252177208968	-0.74712060904919642
55.934160235799006	-0.8271892189564678	0.042818921266320698
26.517422932400589	-6.4742029718266654	1.0004578287643564
56.149582914964633	-0.49554452332308335	1.120596441506474
55.460250216237966	-0.937732770537961	-0.58927019074876341
55.927648857768254	-0.54918141068781789	0.61771306922367242
56.377452170806791	-0.010361339426118511	-1.0919666029973414
55.41460525715172	0.66815469533514238	-0.10574355871815611
55.862783290147718	-0.52852941013368515	0.47978641304484609
55.203986595070461	-0.24428975371056924	-0.93136438578199776
55.787803477955961	-0.54187919940130602	-0.53104214069417233
55.000271953292206	-0.70242111538587182	0.3822742251663887
55.761601236163131	0.48139886781443125	-0.34058537317028431
56.026306612123456	0.49423502502238592	1.1886114556408391
56.51322210897947	0.11917988443054738	0.93953459534904005
56.036753961645061	0.85784057111680923	-0.42619647289917095
55.529160331434383	-0.89526164004020137	-0.76918451839729263
56.430796857226404	-0.72958923828973565	-0.45199444235571085
56.221575050613865	-0.73049810380139524	0.31879409524019159
55.390659010848779	-0.93056705478340207	0.24998973224700852
55.721764255878675	0.83199343542927884	-0.21003359052570281
55.883363408523948	-0.16922172848183051	0.23887753921026317
55.331615198480428	-0.54860802703853306	0.43872784393973069
54.788777409406087	-0.61464491017187006	0.37523692128141201
55.904190688895135	-0.4810972053511603	0.86115382084977588
55.036281966409966	-0.75960777319799277	0.56979637108540204
56.358720530611066	-0.53292309960439532	0.36049952697600224
55.484034574156517	-0.10345692123303896	-0.72274388908012988
56.361692399118468	-0.66149126532614755	-0.76862386884119038
54.720252024925308	0.77011243438295562	0.90595668798387197
56.385946290619053	0.75647472968826301	-0.53522343578926834
55.568824365680989	0.37827685888582285	0.93300431740621059
56.49046982177493	0.41123474915001029	2.1757754241542004
54.867014614631131	-2.407249797059122	0.0036747558298361313
56.389184131112529	-0.33620567908628995	-0.78965191243773747
55.597846165162402	-0.86036974289766932	0.59013254064523468
55.172854385853036	1.2499756558443544	0.32780939412049831
55.227011514204953	-0.31912551860855837	-0.75044261203267548
56.151882039494431	-0.93131025944631463	-0.44130300759275237
56.242644587874793	1.3231765477350361	-0.52399548741949686
56.238052545390467	0.69729151085062879	0.48717137776900604
55.748716660913196	-0.67921440561911339	-0.41560744913608982
54.728104738621234	0.11426729591419955	0.6694719387710375
55.468829716422725	-0.82766481305387263	-0.4073738142073855
54.72852530546232	-0.15229032320054031	-0.76099157244636617
55.74176084791349	1.0299288739742976	-0.11581443038052125
55.499618439315242	-1.0662259012749342	-0.15809128958229904
55.34740156162762	0.92967413803270071	-0.055177351249965853
56.467295685644309	-0.59585668881998732	-1.1988340436089417
54.928514786566573	-0.61177668714640909	0.48407160952642703
55.879267940923917	-0.73331726046399315	-0.60832353869494682
56.050889266446354	-0.45786302252877403	-0.0086576064761636658
56.147742338660059	0.53423841911885572	-0.4293050151499393
55.418135957867676	-0.41959869630022728	0.78088792589877254
55.961697705238549	0.29404597988762954	0.25114049844880748
56.00009798437118	0.63564122871734441	0.46064047515748285
55.211932276430261	0.93656763583965075	0.75320318192597646
55.477930729434128	-0.53487849028520973	0.14135612348558885
55.145929975026831	-0.91139456257031914	-0.57247879273218849
54.770324759775775	-0.19787742639337672	-0.71590059174773601
55.110310085794502	-0.41509015974551533	0.76997264702188373
56.576612449156109	-0.49430916087037641	-0.57178990601643576
56.483358301646177	-0.9638729787643836	0.87297020470780995
55.384148273733992	-0.020668350022403692	0.63597335958841339
54.846575560009498	-0.39442190715581804	-0.15621784608656827
55.395006406726296	-1.2571193276855948	-0.57265380391424658
56.497696384876306	-0.27641559937309051	-1.0327079637130567
56.071711958907315	-0.66153297089318996	1.3073502933810599
55.560067502652679	-0.95208860387497429	0.21339644940410626
55.442309755927653	-0.11539983574135934	-1.1836822603205237
55.872044210914751	0.26057029125895143	-0.40298654542673995
56.208804613214284	-0.29283914571996672	-0.62793488506609407
55.905970673789703	-1.1133415183639066	-0.4654689332681059
56.334111593077893	0.36326509639802979	0.62751361005372375
56.675802810267712	0.067217451767912328	0.84540296520101377
55.006013373956321	-0.28927763935056605	-0.046506787744934129
56.184005276056467	0.25716072480455454	0.71217588433905399
56.015358714924155	0.93572361140670501	0.82276295981590764
56.492632474310824	-0.36630285194816742	-0.43741998130327475
55.055606438152815	0.23082276441216074	-0.64467030057606345
55.827023362212898	1.5659154387378664	1.3644886138511525
55.150054095817048	-0.99400369662648758	0.30055159691671141
56.367951268177286	0.10909872581573599	-0.87354647704481203
55.177626062526102	-0.59645007526551597	0.77110101892733152
56.250908653238888	-0.65770771278761508	0.66020595685945271
55.545673891383046	0.56748164137344503	0.82499800015553637
54.783174544039206	-0.4384827734096165	1.0841857248725286
56.173405278701743	0.66009118523774313	-0.25223478663854615
55.31489178852658	-0.57764789135170991	0.57671031744555834
55.221274833752489	0.89396786129238637	-0.07450884007042459
55.661205297617322	0.4149834695584414	-0.18984166577490563
55.172000839850178	-1.2273664741724448	-0.38552908139755193
55.955918207841485	-0.32357895222420308	-0.30278665637436586
54.743186888518686	-0.55815289327394146	0.74413669689084705
56.313932186297031	-0.65037791015544577	0.46253881769077115
55.763611000129039	1.222633010807497	-0.29463211364881509
56.471961990023232	-0.59482112081078908	-0.7651644082079434
55.063622877817878	0.46559744346370752	0.90374564115231859
56.320335822209991	-0.25262968340257408	-0.62821930205961551
55.963477232064307	-0.059665652005900301	0.53090295594657944
55.538670130435612	0.80917437195904163	0.38676611310528214
55.751554355608093	1.2486400786242506	0.046521427552586203
54.75371008689681	-0.35311902865993522	-0.68304105754724986
55.136824195509732	-0.24229120404277096	-0.52697640034801019
54.987960635196949	-0.50325315436524687	-0.074988232073629327
55.510352571399615	-0.44120592562786026	-1.7504936560896267
56.173304484388659	1.0369131529381115	-0.50306569953844837
55.871790274439086	0.5114504761694515	0.67764591385142858
55.425532021753824	0.29398717886578857	0.14531738842602634
55.643865273992148	0.036836537985033689	0.58670617531411839
56.021469167835917	0.37009462130339033	-0.65598403700857866
55.26052350079258	0.83235673984696934	-0.57049587575125715
55.980039831222193	0.68498790587879377	-0.51041932842466609
56.139724640389041	-0.14118121433422523	-0.11999790347708358
54.968757794036065	1.3082283402969317	-0.18543361716840137
56.337547852017394	0.31212682959796934	1.0358704814332766
54.773359132255102	-0.69179079802846521	-0.8278929682352576
56.683645779955427	1.0344667995252537	0.17873645644831893
56.284237863519643	0.52635343693105052	-0.37660265941328203
56.358674097110892	-0.33622258274480377	0.56054749935234394
56.391263257590737	1.1009370465890373	0.25016093860826361
55.906115350281731	-0.65072344465128629	0.36640892011272358
55.718494290653226	0.54551134867165785	-0.41327413760158527
55.722212807350495	-0.37309682344800721	0.58526154034931566
55.075762130334049	0.41075605593115244	-0.90342071978129768
55.984708704678695	0.80609154077442968	-0.064721128977159231
55.052767946447361	0.49205325232659841	0.94269575399807226
55.749828111234571	-0.67146457980511187	-0.6716943253265113
55.514894901926873	-0.22256871845159634	-0.46432983358007918
56.322917138101438	0.13419777486489598	-1.0818983090722798
56.428150425080943	-0.1577626318657831	-0.57539405995382853
56.173847122766688	0.87675176818349621	-0.41058268356706457
56.40611195402208	-0.55438536679646244	-0.91718067065907538
54.734251056927356	5.0002193401937509	-2.5572461557924404
55.001677697820128	0.89564448375316164	0.68759769993456343
56.210147555162443	0.80042443583945433	0.39701544220791657
56.582662937842116	-1.0497554711960282	-0.49103990088976812
55.513884537604781	0.32070772095651118	-0.92687764830225061
55.688014427926277	0.6288506289754876	-0.66154181082082142
55.689860939813208	-0.091510683624093231	0.6941649410062789
55.042400380349498	0.50923228220405758	-0.66346131516347284
55.919130059487443	1.1363217349402122	-0.0067425460696535072
55.096628412299964	-0.088161066121134779	-1.0823861339031717
56.446675025130006	1.1032826827918849	-0.34665070305030943
55.496832326009823	-0.38038671518536654	0.44002780779320189
55.977751300375509	-0.60635820909992078	0.7082370947262977
55.436231321653771	-0.47099688917659516	1.2225705101108921
56.31952116366773	0.27607330903059485	0.75109848054407125
56.51551107921015	0.68397848741182954	-0.62814959521118385
55.318439632349659	-0.28602352058016317	-0.43540856461649458
56.036646297285714	0.17932702226555508	0.70308732663514661
55.159967970582585	0.88892597924128713	0.34522878618479524
30.45479401330574	1.1679208241891603	-6.782234790679162
55.643461657881886	-0.52254122427796956	0.40771375340153138
56.676281235867542	-0.91756908702879547	-0.90313122367297938
54.980527914855763	-0.81383877765289248	0.57290501656421244
55.896491310125	1.0868113509256896	-0.19454415094984434
55.529750372784868	0.53720000202169527	1.174074069518716
56.126351251815294	-0.66414225962543683	0.1815144572885356
55.759805839931161	0.30263023674739398	-0.74545093506187432
55.183235154390907	-1.2431184463704394	0.42739632424492113
56.224314163639932	0.58327144038255141	0.25247590858811031
56.639117396791555	-1.0941900721259561	-0.071309003154335596
56.446623389363367	-0.31373506529033052	-0.84716352038195419
56.745372411539812	-0.68795810070218177	0.64282604283491351
55.84257593199348	0.6005918029803814	-0.47961755308184656
56.494755075633286	0.06031876980597578	0.72162626168567634
55.934471494224596	0.43420493861492826	1.505514700411736
55.751669461373019	0.53118021258186332	-0.44910362714746421
55.279198224706768	-0.58146609666957128	-0.66664528395204525
56.127941308717297	-0.89742334574589	-0.41585875457902943
56.624302548440568	0.66343395565497176	1.1369199590254562
55.977033030833496	-0.71312084250181373	-0.15531920587066625
56.484517466785768	-0.85101113449145838	-0.24858679587521598
55.89467562311679	-0.34706738644043666	0.60114172760969597
55.424218965110661	0.72336512521414131	-0.44397430430180779
56.600992459535547	-0.75231707302983619	0.42327891376567722
54.830229275938493	1.45448298847098	0.22814250962183816
55.825216512221232	-0.47602338798198313	1.0120433773226567
56.267634357992719	1.1671176174781777	-0.072862688145593019
54.783266345304447	-0.19461558273793225	0.48813531826501994
54.790318808227333	0.7800644460137568	0.43071411068251669
55.981393374347547	0.91168128543696869	-0.61707090669639197
56.63039970501405	-0.80126861687595208	-0.25066410968337716
55.655898617209374	-0.18631460231339664	0.28704114399404007
56.075210671830007	-0.15242969273193765	0.94488447516427521
56.401111562344184	0.17521472066135893	-0.9304946434138176
56.097264356703626	-0.24341977885347518	0.77709180178084247
56.329277024835378	-0.54482856437009164	-0.81570468962357967
55.648732859425458	0.089903383891415348	0.58574699005284203
55.422368900572678	0.18280792135758014	-1.027891058872775
55.604300255025549	-1.0218077912435819	-0.060058304735566073
55.137629775390984	-0.19154755608361274	-0.83255703797270852
55.182466282269637	-0.52446850513076637	0.5031947429969208
56.076606119727863	0.30298506731636615	-0.53489936503461755
56.500944264547933	-0.0039831141713359986	-1.1021932318420298
55.358791317753195	-0.58419953478742093	-0.12388346464249361
56.442359348181917	0.91832545074059002	0.26404343464481883
55.381536965411712	-1.1646510010302091	0.56254009804186078
56.504223203155057	0.28666084548753673	-0.10329859819604165
56.237470851226689	0.45896237885226132	0.88440875786777629
55.926216565419374	0.71513493043428611	-0.40503777413322739
56.53875503592171	-0.064870485900664729	0.92460104401149013
54.901944466143306	0.72725338926968852	-0.54586878037365338
55.737857641823993	-0.84454199028912313	-0.062751228619429777
56.589069589778745	0.047800082057722515	-0.92655858108917832
54.989783524327827	1.0737166168369117	0.3678234583978125
56.35173680385271	-1.1194595542151557	0.080616624888391067
56.604881138595111	0.32027260766571541	0.94911396506242285
54.867506879300869	-1.0515548795725291	-0.11676710457746854
56.315136933205054	-0.54709314490074856	0.32178005605956156
55.26835777758815	-0.48872149462021841	-0.2632971521521435
55.882158908035855	-1.8122699808976053	-0.64614379049724602
56.400453683978988	-0.74624226910753388	0.92056862013158602
54.940486801127243	0.24524131832239576	0.96353593348642275
56.616575526425429	-0.22745676572391363	-0.55667925057755663
55.669171904279061	-1.2656871139399255	-1.475358286886012
55.589331686507414	0.79354637747379564	-0.25259206832798592
54.980564956066992	-0.57420161337366193	-0.12493746615185002
55.536102744069659	0.51080035698079962	0.43239135553345659
55.650342197753389	-0.36821294183335385	1.1719948733930181
55.400341846623384	0.041799297658499046	-1.2780306818803056
56.565034182321575	0.38974641137582539	-1.3694889742338618
55.652785663860435	-0.37260135692647423	0.73839542347058751
55.314549354144503	-0.79043706956259896	-0.25195785324511244
55.91301795829402	-0.062845177473086516	0.71917968515021302
54.823964143756555	-0.8222758149899525	-0.20348696900808211
55.542236022699008	0.39865128451036624	1.5276322634360928
55.875645391577891	-0.65326483687253301	-0.10197263329018993
55.593335048873023	-1.6146004077272778	1.6626700361484019
55.181608882639971	0.36189889042641538	0.92807567924770173
55.564020288556897	-0.35846387427794429	1.2757958582140989
56.534546027781019	-0.15558478879791771	1.1057307170861792
56.616282410841841	-0.52543003128048371	-0.80010665715710705
56.190320355558491	-1.2914005110415647	-0.79314038416143517
55.025351643055004	1.0863313064953788	0.7732896386665038
55.25159327730497	1.0640060164688956	-0.39565671913582778
56.356952010774727	0.74200849494848831	-0.26126231052199739
55.713385029624071	-0.010007340223827753	-0.74129856717142861
55.976158088023119	-0.85502203756249717	-0.32257561651391675
55.997335235458998	1.3706848028797218	-0.018894184622021939
55.702425091365612	-0.93793244248793872	-0.85749083619840327
56.074727258944549	-0.58103802276181882	0.70680054212305365
55.340829589659108	0.42490597889412529	0.64551224745181091
55.870676600254065	0.58274343341909984	-0.63417056030088403
55.949255765450367	0.21933969283172669	0.025433767181147208
55.381242439453494	0.1684809545890959	0.79920311058497207
55.951111374515669	1.0830670859208851	-0.43114968638149764
55.281062576072152	-0.49864534017852569	0.7421163554628265
55.86653447526556	0.79069185894092031	0.62924038940091254
56.143629433325998	-0.92617319326249925	0.26083206279631926
54.814866171310406	0.89334591644375894	0.27163357907665975
55.56305891847434	-0.84277908344014085	0.38275598722161924
56.030466867778337	-0.4603373227002297	1.0397873906397113
56.535414347065995	0.95485167434629792	0.35100040734236182
54.97437083700877	1.0521306685972567	-0.13575509321547408
55.734546905122727	-0.29016550822427833	-0.82739288654217991
56.516023829876701	0.90596302374076576	-0.45129481871149352
56.682455434921998	0.06641946453171918	-0.84278319742118213
55.426016672666563	0.28235487478341359	-0.96104822248266408
55.959707038305829	0.31611346888727843	-0.58626448612280635
55.774730767253843	-0.41422389458919323	-0.98347924741849713
55.92101589592361	0.15807501218565409	0.52902442896523949
55.735169091375589	-0.20189326335455385	-0.6542856406983989
54.850594091793113	0.69734623702306897	0.33146632580629154
55.830986972691903	0.032459695511245959	-0.52049617925025304
56.703496611804269	0.45584347156761729	0.63227533229689903
56.343561493655443	0.8957929768578391	-0.15181874250480978
56.498848189774428	0.79620709531986444	-0.78760654753792636
55.635026158745745	0.82965633027127994	0.098380161040824282
56.085119986558929	0.26226447196387898	-0.69908199629554957
55.573791766182445	-0.96913194810467396	-0.18442048023862853
56.007558560067118	-0.74097890318076076	-0.92353771142852881
55.99772017997946	0.54634051222405711	-0.83602551268781933
55.283020246275377	0.54980915236393368	-0.29533030961722989
56.271274770087423	0.049503657855771023	-0.60797184295746876
55.553714481810033	-0.63192823697250322	0.83930486071723664
56.473030557495399	-0.033697411658010594	-0.091953981561050918
55.828557607731604	0.34764878383400721	1.0813032720216864
55.319742666476579	-1.2336605342655769	0.94906844215685171
56.411170398091386	0.83958958572842446	0.3640236100962389
55.031729535737469	-0.68052418062509201	-0.81877983216973227
55.781458777435127	0.6540595915238625	0.43241538682614516
56.317761897713467	-0.84468249313078458	0.60302788533431328
56.617142823333694	0.37936882129320271	0.82814315185015241
54.729529586096717	0.46120210045544879	0.88997143948055835
55.767067588929883	-0.74091410089356868	-0.26058052491215289
54.918861630132746	-0.41662931759642524	-0.059677815830219499
56.519730931222377	-0.18462424381026718	-0.50160470260511103
56.109172337962846	0.56236903301401509	0.030850267896001458
55.968952256392122	-0.67400545064250117	-0.5709272481733102
55.085576412384611	0.99956477741829697	-0.012248867230148503
54.961031550066814	-0.94208433966166394	-0.18015716093088285
55.65144753216159	-0.65843301416562672	-0.084366766097916018
55.808256185511986	-0.54449940996174206	-0.47162533124520251
56.404091881740726	0.15367919139661426	0.58628832894800098
56.181221557147964	0.63288694140958324	0.45288201679655354
55.514892500611346	0.41775966075225868	-0.7521282789432675
54.794837553966993	-0.37262160859175658	-0.33045264547361081
56.48694778374923	0.73277008941316557	0.31950745615139864
31.57966847706323	-4.1102151201401034	-6.904401124761864
54.92711941269593	-0.50388742527774422	-0.57346129630960629
55.935105001055859	-0.93304133441722703	0.34543299979266295
56.021878540389956	0.27507394705934329	-0.67325358437704463
55.055543648735316	-0.69540581371620891	0.099802149244668487
55.51872005013545	0.55662769981198756	0.6318477728096088
55.582324754460203	-0.087942554728984101	-0.85064148132529538
55.728042043335172	0.27326613525768534	-1.1604330151676603
54.751584825117135	0.8622823682812123	-0.012866594806524842
56.058223133660277	-0.63410727090474228	0.61913510526413584
55.795391091896164	1.2584158936543006	-0.12062960600639482
54.69598896821023	0.59534449563970093	0.34985984348304794
55.689454723199631	0.3418198699735408	1.1468234642954154
54.955372042165173	-0.48217487561732242	-0.34469784474954202
56.247614540933341	0.39303679610081976	-1.1898536629947314
55.588294074116952	1.1694223636864007	-0.50173496388719552
55.789049752144173	-0.21999084776612138	-1.0977710711617403
55.924246656414994	0.70537070497553434	-0.78428339728756158
55.879444093726157	0.92780696672631668	0.35941582118153076
56.037568191743382	-0.64243925520038003	-0.91704746141596938
55.226026122717535	0.7900030349728282	-0.88098590118788955
56.340296641556215	0.16615900597326685	-1.1513102222331197
55.734991202150852	0.1852232380534049	-0.98095323883535701
56.078731761651376	-1.1885542329014613	0.54443486874958069
55.226877662163666	-0.62135764611953648	0.46822255072493568
55.776498875558737	-0.73439049623270536	0.061286375930424179
54.787297903543219	0.64447678162433586	-0.072909846831917896
55.393954757655159	0.50084723415539445	0.86867543857138418
55.348580077511443	-0.5862437733004634	0.57777275261799566
54.843812461073838	0.43195614050483971	0.61903422513629835
56.15458304264034	0.43825118688016773	0.66301594725069191
55.729145946764106	1.0829778926735099	-0.026755638301163058
56.065304870541972	-0.81514662529849591	-0.042144878474171886
55.543306659261773	0.27566612477070385	0.81730110740000061
52.95408944110364	-3.004719742042969	2.7103153734740144
55.561557312963792	1.1200878837442987	-0.021971262466554529
56.244871189135232	0.88571932009518139	-0.66801035457992897
55.40531255371512	0.25633137772088782	-0.83195958982371299
55.445865903621765	-0.80508143592605941	-0.10331675668389469
55.402484285068667	-0.082764402669434273	0.55065083465608966
56.455856300909481	0.047861209765731903	0.93452096934138373
55.654225943186994	0.51824085667297415	0.74685912875695393
55.210173713439225	-0.87692342385351874	0.29125214780642478
55.28546976567528	0.91807659336114023	0.42370246121492233
56.090844649356356	0.39593944166295753	-0.48165472950712623
51.87596824609335	-4.9117911510896901	1.4785627285875185
55.403478647032557	0.26543814095505225	-0.98715672974939073
55.697482315119849	0.30561557022683217	0.5261008383741933
56.562283605513613	0.32872915104602257	-0.47436457580401231
56.325693035914298	0.014563042267372948	1.0582164076356508
55.98728975400698	0.47872980566451701	-0.66671886615807141
56.035218450268282	-0.27855256071534912	-1.3645269007879863
55.243397218182103	-1.9898869028132027	-0.55360796660523603
55.825352301494505	-1.283406336967623	-0.099682675407445076
56.178014952570564	-0.86401129404442722	-0.79896731217983563
55.245507443115628	-0.52737012910812098	1.0182044259227334
54.90675221910201	-0.56387413560770761	-0.049300705077831658
56.585130643939543	-1.1660889061365749	-1.4922278787138485
56.08010693694785	-0.41888136324634956	-0.40045399087386413
56.516553313301003	-0.27399094994730572	-0.02625544313487372
56.135177934872132	0.16591453196329348	-0.5280188730060924
56.076590779862336	0.46815536540133845	0.7209508913213506
56.720894417590969	-0.55474843012965258	-0.98266118181008477
55.816239832138834	-0.5612068306986352	-0.84936420011043257
55.169939678256753	-0.025003165408129389	-0.9064509572933096
55.989721892343958	0.78667517418873112	-1.0280787734007706
56.363144604856821	-0.29031275070107304	0.68682255233442402
55.042478473705827	0.81165674628414342	-0.67419270398664888
55.725258123696548	0.86900341448434448	0.81377353332463798
55.192654368316447	0.15921846938463696	-0.81326203352602422
55.334671649433638	0.058498728601356596	0.37463068645065073
55.225801314791575	-0.30127983288723498	0.89269363708523808
56.618426514884987	-0.91638564992116567	-0.30047834407184781
55.759985285003431	0.20946490178292021	-0.82398170168759244
46.893959621260088	-6.831363222173704	4.2406456588069235
56.141787154436152	-0.39361654731470846	-0.68091918255686945
56.585313608698591	0.65128050894179912	-0.46806394587349837
55.77985953251914	-0.5520839847128497	1.0949134755722765
55.042033316756438	-0.97024839667524043	0.72114967735888158
56.062778656926504	0.12843234529899264	0.90420524544462122
56.686804127866694	-0.82504206969382088	-0.51854797170348621
55.057984201718561	0.29246785436531975	-1.2673740961138371
54.917292265111506	0.58625647787043134	0.31012263920304001
55.951939759714172	-0.70316137091103748	-0.19222768386612177
56.316090011219494	0.17734825145365946	0.88476321965397453
56.152978289724658	-0.314023972618661	-0.48661241961074436
56.321179564763987	-0.94051795237285041	-0.70142596484798025
54.75177093747989	-0.095182964689232388	-0.42586497868599682
55.364214745447818	-0.38666746219540415	0.52507515540698202
54.981346254132426	0.87416961781119096	-0.19072694316518127
56.318110897723031	0.41618928969060182	0.09421268160705791
56.43066096084943	1.0677699059532559	0.14797715018723995
55.419280014073244	-0.84373791714825941	0.49039657879784893
55.892116119858564	-0.21499601833160648	0.70498223663005943
56.032049886971109	0.81096671043557433	-0.22377166944012081
55.56722602578337	-0.88298231507384972	0.8450846398818469
56.150458637640547	-0.74340297662877441	0.16753221598020865
55.085482863578001	0.87529495378063316	0.66380709426968798
55.97850709907766	0.61668083246332805	0.17866672042506931
56.450924023901202	0.31538733272261726	0.77298253116394611
56.160352771823611	-0.54109232862338841	-0.92572677037682594
56.009834833479189	0.11629882446756629	-0.94747695180385283
56.006836876077926	-0.65194368632883626	-1.2152841080941912
56.473094098364527	-1.0580041833965277	-0.077623572427042695
55.936794612782705	0.98213896662917599	-0.77555830654228697
56.532830529856021	-0.067185576994588408	0.77224972347512699
56.667209745414794	-0.89476498569093144	0.78410593865384248
54.812400219393169	0.27685038221369956	1.1943436292877416
55.945271345252408	0.66212861633411069	0.14857871938557324
56.010510406253289	-0.47033677246024774	0.72475002132058675
56.019237308802794	-0.58130283684869799	-0.78492786791513691
55.867568748923816	0.39244247033408303	-0.24681709983508973
55.732269437730203	0.24073061754570793	0.55276474720364177
56.003735943854728	1.1516798318867696	-0.36563810535389563
54.834960124662807	-0.55697013493296477	0.19351623883228977
55.832094005896487	-0.73713839471322151	-0.95486479752535125
55.072981112910881	1.1114622496730528	0.054983366580597687
56.112579463245567	-0.11987031830641083	0.72315889750901008
56.106008613020101	0.76573595018881424	0.34854298609210238
56.256784131850544	1.0200264555844103	-0.012893223416663869
55.013117539603101	-0.22766432679890475	-1.0911367395607263
55.435810701179648	0.8089913418878143	-0.34884156029547053
55.928824825022417	-0.4581373108339985	-0.68699484891986717
55.631894298380459	0.87150693543533075	0.13998511880318162
55.938677150926722	-0.77635201196503778	0.32333723330141328
55.781498809240212	0.57247101614415952	-0.45947822209509698
55.49646916621613	-0.23339360288708885	-0.53199548913532091
56.385094075257321	0.48375809142427029	0.41125312833688565
55.086033904932577	0.39120834926830583	1.2434025795451051
56.44096800756833	-1.0898332782860878	-0.19990819812884597
56.134786190143537	0.31164963279342711	0.93610709840002604
56.321465176976581	0.22807554102769928	-0.52382202132093536
56.198792598651764	0.76778760449312233	-0.40523576841131898
56.248429021638103	-0.37706239079373349	0.47739471266748534
55.573278914253521	0.55795724783697032	0.49446957810528352
56.601172358400184	0.2953101575288094	-0.93457013694544933
55.201202396323723	1.1349014195491627	-0.71199703876222842
55.638634250753199	-0.39693481664938252	-0.28961024360321369
56.209861109841498	-0.49416003816144516	0.05276145378436433
56.270744129359336	0.64568864248112945	0.63214755741724427
55.062908990417618	-0.90385260538162759	-0.24184406915688328
55.947433309020163	-0.48715014526563777	-0.97467817579568772
56.346438112063417	-0.31912966116555203	-0.66396774881034792
55.720840872466809	0.90396772881827037	-0.300112960316614
56.359359409765844	-0.21690760273070112	0.63920074289496087
56.10364743132962	-0.011575151274590946	-0.88106196899553579
55.253612688642193	-0.30393523674489215	-0.83355922644778468
55.476181469629125	-0.45492942700622718	-0.64465329436499497
55.84567297188898	-0.19208696664338989	0.93384940012758011
54.963661689420441	-0.70564296585274255	-0.84476664543316737
55.144572482948703	-0.13423971125058248	0.84626577702768069
55.757896664015426	-0.54662682352800351	0.93207540289306701
55.997963158891807	0.63977916936521495	-0.24692038790457926
55.973620770071335	0.15746970434875993	-0.9996918700606886
54.777093971077669	0.38602944987536197	-0.88468721642091308
56.489333012645119	-0.15506547307400032	0.73814491623073752
55.600646698074414	-0.73265643815834458	-0.045795017817127602
56.523268395285015	-0.25131171429542681	-1.1562992282195128
55.757924035909724	0.66850888635027017	0.8052567326714849
56.178862060080348	-0.072921903262294502	1.1356289060713329
55.742325009636147	-0.64711124573976209	0.84745995371206417
55.714401351474798	-0.25797833494504313	0.71557952322751461
56.277367913483218	0.66495265224743161	-0.42504434473550601
54.707392820625842	0.87559227279189655	-0.24331952953446667
55.693644282729174	-1.5122817989219444	-0.54941063115675071
56.626197017915004	0.24501778002469007	-0.61078573506310729
55.026971491886805	-0.023984330586227943	0.70694386783615637
55.296639412803813	0.50723460103914797	1.106109232551562
55.671398530154143	0.28443712027254525	-1.3585823348201049
55.312591614888213	-0.61103332803893262	-0.13362594339194972
55.073227456287732	-0.018088314462007961	-0.82033297910182879
54.784179108856506	0.68879132062522042	-0.19806126450006098
55.877795086828733	-1.0868642323698217	-0.1446109221772644
55.598488577693523	-1.0990950033423401	0.46440827012930608
56.088492319695447	-0.061752497038306507	-0.71491967487137253
56.404261449444498	1.1099223497130462	-0.042894550932880873
54.947860978824423	-0.74546633205262836	0.61375622961699583
55.397648991636316	-0.25295793040317016	-0.064721258480177776
56.098533096489099	0.035131295511471289	0.86820206081344087
55.958767539337195	0.22501037202815588	-0.82398486761571643
54.724627735700345	0.5414788919157929	1.0202480687426547
55.201957906708039	0.61351255266796767	0.53471340117531085
55.626229789994262	-0.72616229227979867	-0.75617140475995648
55.411929170985488	0.3075590737153957	0.76508344768322356
55.321766715430478	0.98666932629977355	1.4091982268573748
54.778950011475942	0.95892889192428088	-0.90161093663560099
56.514003212580612	-1.2592754784932849	0.066816392987740877
54.849023892637284	-0.11583805504400492	0.72736779953759323
56.188185198920834	0.72957311640990474	0.68056710378124541
56.650313267508295	-0.49726368264889192	0.26603463969385072
55.687305984835383	-0.23845626914644313	-0.99391508356817893
56.627669554236981	-0.62654612351047312	0.70046567718716735
54.988044648018239	1.1012195894066577	0.28831107445564902
56.315132711733064	-0.49187470088773005	-0.5910880246828496
56.290129845484657	-0.36159261344289589	1.0216927877876723
55.913401044387257	0.66577003054984418	0.21423876277737064
54.972312858905397	-0.40105850702591472	-0.88861993638904313
54.697785986522497	0.25346881376191799	0.89851851328572807
55.632897974345482	1.1272276069984284	-0.090694930250399708
56.353296604972272	0.46236982618693395	0.44584921790379128
55.188366463130727	-1.2709095077842851	-1.0578998121083156
55.749592556294225	0.78002535907833814	0.24786157059852529
56.115137854833691	-0.47530782964877227	-0.69428276048551862
55.149949054042501	0.35076146609889225	0.52031806357993515
55.489454078180493	-0.65782651235880074	0.74382107313703028
56.432218133264797	-0.32158540847176459	0.70434998279710459
56.094001018385271	-0.13860741707758678	0.65074880932934742
55.631205599377829	1.1202789778613704	-0.17039147097576407
56.653029207436866	-0.97890978155841935	-0.38999382461852022
56.592391857018605	-0.53770450821610605	-0.7040621756330937
54.736187788558304	-0.83343808398636265	-0.29034759128682935
54.813032622195678	-0.94356365166652667	-0.63099459214581144
55.282459409513457	-1.8177820887601523	-0.6260685031640062
55.936782641667719	0.48294642080088834	-0.75880424691208648
55.301800075053308	0.025900834677042843	-0.62922527500708869
55.754930715672785	0.046750014025470819	-0.81691683250162805
56.421924752214636	0.24624420266703911	-0.59028461195635828
55.46459324272297	0.59899529102429416	-2.9245201394217832
55.614110939603698	0.13873542234875794	1.0139112933940309
56.340851665165076	-0.14205255342486359	-1.0301438762310713
55.120339141981006	-0.30358573536217554	0.59657127020365652
55.999588971214145	-0.5591807517134566	-0.94205618199396823
55.564051823547359	0.44322327636660547	-0.892829539221492
54.89157421383846	-0.45769953261320329	-0.81348263486135863
56.171044429064729	-0.44028117290709734	-0.51859224309342833
56.01241468753507	0.840606194304228	-0.47087750701211722
56.100234326901273	0.99011808915321531	0.067386376374154108
55.002509354097008	0.71639587434774377	0.32382295488146651
54.739586085330124	-1.0223130496976855	0.061875443694066397
55.061665592665136	-0.39771374418639394	-0.22702700950543786
56.423202903011571	-0.88852842979710178	-0.15745511127935216
56.648042200799452	0.64858080368787119	0.39399088407268024
55.492783940852824	-0.79321997199920136	-0.21151933108604512
56.455146350155609	-0.17277843738646065	-0.75848227197433271
55.962013602572853	0.63772742928076553	-0.520328074992088
56.095470922829726	-0.2683381938996956	-1.0478696094573337
55.311863163329413	0.70279953072831902	-0.36016512622673513
55.724062525925625	0.040104860335965394	-0.84841811629677277
55.479311244665674	0.64969031048410919	0.4383375132525506
56.171646670309201	0.49956178448442951	0.3443356689760565
55.90752527254179	-0.39604167270857255	-0.86116804906256295
55.046530647962626	-1.6137237350312812	1.7833715808618091
55.121382745694525	-0.72627547602571751	-0.58110052002844159
55.233161591372863	0.45274232667326325	0.86323896332841599
55.38071517674517	-0.52093094346567725	-0.98535756419374732
56.328907161545892	0.83601159022840499	-0.18700147378220539
55.110694694994578	-0.59829966689064651	-0.47909003680163675
55.50978655284014	-0.44230194360407288	0.22468507595239037
56.065804321129818	0.58807014550518066	1.6188405681609759
55.737148596987609	-0.36591613741316126	-1.017468497583099
55.45836655267891	-0.77319631267762101	-0.29484456761720995
56.586692348885265	0.52109312601713864	0.66596142490798771
54.563651189777062	-0.031661962139835957	0.47668259316274442
54.993029573735491	-0.56122655780072439	-0.63518346922136482
55.356732251328609	-0.57405415360377887	0.53376596714893587
55.425102277486161	0.74944272624165342	-0.62676009328441673
56.22655406379905	-0.55282656493887816	-0.20113313313280592
56.788658353537926	-0.55664019898445161	0.99935815710947073
55.785934257321131	-1.1519383068824343	0.81811663335673679
56.00337883705015	-0.12681470587475513	-0.89483971690282027
56.457132009348278	-1.1442830556330299	0.10341794863947516
55.000826392155375	-1.6160196889784664	1.3835146608561075
55.697535312102609	1.0903993872718658	-0.084968448711731981
55.748102312316078	-0.012273509201348991	-1.0364310273267729
56.081839302482713	-0.030232061056835447	-1.3943208724838267
55.486316510267059	-0.99716590647341274	0.095304361688833272
55.810287216795388	0.17623281447312858	-1.2029935453036129
54.991363788718672	-0.40448851580799927	-0.68011901557178256
56.350889466429159	-0.026096644583850345	-0.69467591559815556
54.88760594310056	1.0555385329689224	0.61709282051075465
55.541971045123674	1.2838853138254036	0.3604239312194028
56.504457090281022	0.14687464570356959	0.87372623872881161
56.193471411555315	-1.0242523334144344	0.17344132956403646
56.397624196917889	-0.9451251484511316	1.1769518169680373
29.638356732448475	-3.3935310829848704	7.3978765719657913
55.520510744483602	-0.30431788599275539	-0.40877428518025449
55.595050886657191	-0.82544482244191475	-0.48750995838879529
56.354919403050658	-0.45951853597225684	1.1330073247409065
56.393947875933591	-1.1891775248931395	1.4093541902575042
56.544301429113929	0.00042877871148334158	0.74571487522844127
56.4808353970081	0.31430790862848385	-0.89873150192488871
55.77149035266347	0.57509525274629458	-0.60180860869502639
55.453635890715645	1.1747191294926458	0.37750463856381461
56.349094679339579	-0.41221610776270923	-0.78710359550852749
55.835318199024698	0.060933692796220948	0.9499210732562301
56.192649800458952	0.24118579435651122	1.1354637661151596
55.565552787147865	-0.98424569445474985	-0.46496974771896893
54.694797593905321	-0.84271224790503885	-1.1562811151918853
55.878548532062652	0.025201498516783456	-0.79576129630309766
55.454814565765247	0.16745313364210854	0.68882320205715175
56.50055170815267	-0.95402137180527202	-0.86881379310249152
55.620337317028813	-0.97977963286662051	1.2342546429939929
56.407796513272814	0.0052011990735533059	1.2822422528243582
56.471768400289555	-0.44283057722745556	-1.1953929126368037
55.195782436913873	-0.75018744916073965	0.43811653807432888
56.494854303878867	0.34817790341839605	0.70918680308990323
55.932269960459735	0.55132131796367601	0.78767954589050981
56.466530748538773	0.80073124417461583	0.32057886830977811
56.206916755070125	0.2375930553061657	-0.18863848613473772
55.680740602418034	0.6647363744135717	0.36913355127012742
56.33552002213527	-0.83323245169170457	-0.081879892309594901
55.444428861904527	-0.68004758946443222	0.18408858947568035
56.332326319557552	0.52524028791026744	-0.24654654639434076
55.472687071830094	1.1236390168523496	-0.3550071156378225
55.280751293570525	-0.63999688854216341	0.61755350132194731
55.280760770148092	0.92555893360338048	0.11404556083916961
55.044883086359121	0.55289750550587036	-0.39403729144018534
54.839156292881079	-0.087985901862687177	1.1319902569112825
56.441157325082379	-0.59683164116106624	0.53213844081257677
56.365037132866355	0.59571065068064832	-0.44754879659591579
55.996765852863319	0.0050791430520340242	0.66597539207115986
55.169803663534076	0.87443858929599927	0.12850160387104481
56.182340884360379	-0.41201875280180228	0.71247981290384288
55.009417419623794	-0.4083620332024791	0.28105727841480471
55.18081255968255	0.70667527356839088	0.079888055234610206
55.590118235596378	0.54772521945889174	0.43017218475044461
55.853765165744981	-0.26223052123597851	0.70434939546741693
55.931659949994206	0.41410683137883575	-0.88878247131989718
55.276604720861904	1.3217940268104271	0.82892567167489584
54.957437792516572	0.060001364124469318	0.5730681499240371
54.651859972279361	-0.25832794659150249	-0.50819167427142131
55.094401160344788	-0.9247630949636122	0.042115637476398966
56.371089437497275	-0.53845122987451133	-0.63388970598174998
54.887231645167908	0.30251796684855919	0.020775427635125937
55.385707848940832	1.0265384465283769	0.36523281149937875
55.194689067299322	0.71958340383545316	-0.40600323004213157
54.908893044521719	0.53242422064991179	-0.5066827686765395
55.684094960545814	-0.8972479026929352	0.61793275190950181
55.123854808548117	-0.7175604479204839	-0.18825378145834673
55.460583388381558	-0.66009185593767961	0.45435463875378967
54.975823145185075	0.445069456243533	0.14040876577974284
55.727680271715968	-0.64924620370452812	0.29484693289137964
55.70028110465595	-0.7269044959783133	0.28507087494591499
55.309939024210514	-0.075871404018697464	-0.81739035548376626
54.686484441299591	0.075819571596960816	-0.80537793200562913
54.833207604715	0.4867259882923603	-0.8070113993550545
56.509697105994668	-0.43006987388804424	0.47393409417662163
56.64099205212802	0.28145979736222759	-0.68814983373161642
55.80398454060321	0.45380122314387761	1.0436199743252703
55.076743659063496	-0.80517665316047149	-0.39302017720441956
55.72117489254957	-0.40492948792295302	0.52777182310506332
54.749287094104936	1.1325537072307299	0.46909651423470167
56.500879717738137	-0.81535079722829817	-0.24260515709565697
55.875559541268558	0.52493449029999628	0.59189024577096194
55.708564356188063	-0.39518786227439284	1.0291012745758532
55.754124913973321	-0.89386410893586055	-0.45213443570845896
55.36836609023733	0.35208571280948547	0.85296240997693096
54.839410184263777	-0.0079603365640057416	0.94361496973625392
56.426317204556838	-0.42141778684485592	-0.61428502286914421
56.514333446196503	-0.80380198449912477	-0.0081164712317151732
54.772424938944695	0.92749372918987694	0.48867348992487175
55.145379386032779	-0.76370765850208056	-0.47511820685916878
55.375714305549877	0.49248483648711161	0.75574364866992783
56.049065622217078	1.0053938389677193	0.18593517982436508
56.391036040933905	0.36367855295393542	-0.68712298817051143
56.587448870161047	-0.49248672693820339	0.6546480442994026
55.014357320250106	-0.069427233144435024	0.86395422805031097
56.291859345511753	-0.99265785865325007	-0.59069588773725934
56.605679350406888	0.55446751001072381	-0.71936869470241793
55.255271099543947	-0.2070661506073127	0.95146592469223512
54.660244995182588	-1.0045902284650534	0.15898910407622793
54.949050461067486	-1.1523504374831479	0.72881133436317602
56.557543317262095	-0.54711430225198665	0.96000372911508369
56.591160814593032	-0.40905453467532921	0.85929221255437982
55.452946827634278	-0.43503625646696131	-0.20875139238458867
55.305255930599373	0.039933900164812811	1.1876595207083116
56.104159568674028	-0.35220301537933102	-0.8511390636470193
56.363854286422054	0.35919558967833948	0.65858511270648179
55.388797320457535	0.46912466125304753	0.86951576350721771
55.790040711669171	-0.035779812736062275	0.75213310853673565
55.220369032209632	0.77353387134021245	-0.52117642252745566
56.147087517036383	0.94942642440360336	-0.90465323588012381
55.463732569160719	1.0818787771533414	-1.4778782649189879
56.04766494773078	-1.0643692347628639	0.20808516689179576
56.279699140378817	-0.74459040760172401	0.58935295900560747
54.788463450050557	0.56799942334126585	-0.65460152639625513
55.173688761470537	0.41336586590718633	0.58099930081515294
56.572255788591072	-0.24208054955384933	0.90350398037885304
55.286687094044517	0.66524616484651156	0.77583113935710402
56.337752136491552	-0.75651544933868231	-0.41836300353586603
56.667107149330533	-0.55451070622270471	-0.17298262788644855
56.034315111116619	0.55136836954662427	-0.40415358117048439
55.698608943121435	-0.074618061790073187	-0.61126898558547627
55.162526543379833	-0.54758941695134833	0.23182628225630283
55.207015923099917	-0.83555087396621253	-0.34469706314115034
55.575592511681641	1.1792204815645002	0.20404137278410958
55.018064993230695	-0.74013393780124548	-0.15842463669531801
55.82394263691868	0.36363348024728293	-0.63492682309664739
54.831289877162646	0.31259406185503402	1.3370590588354254
55.895647498491158	0.85167424510746703	0.20115468868148112
54.974151632967001	-0.24538432134192859	-0.81511547230120485
54.908798694002115	-0.18898637379377867	0.97516212172011907
55.32041056742186	0.21468032086245303	-1.1313421002393491
56.368653135241175	-0.57038004944977561	0.098278933971752233
55.558769323197879	0.73093094895008182	0.24669646717301416
55.466070542281884	-0.7189146774478119	-0.26485575660902966
55.454923597550561	0.70744073436856691	1.3316456672036407
56.406209415340783	0.40600143939339922	0.1158803721477973
56.646223227433374	-1.525820160022092	-0.042852656861915042
56.350712863051932	-0.62466329747404037	0.15692636652633421
56.45523565986381	-0.41950081665961725	-1.2253282651980708
56.429721143682904	0.1651043026170726	0.56984784353407636
55.2365699267853	0.63577266464733451	-0.14230044705663522
56.091807054239212	-0.1264483776075899	1.3705245617270514
56.484329679955977	-0.23816766730423486	0.57624361257503165
54.960734967315666	1.0854773589344615	-0.17798245694985176
54.86334770871845	0.27042698065703707	-0.84570834219599045
55.012718090615373	-1.0150084812388349	0.81869469570890441
55.767146481815473	-0.55729223669398786	0.57310848091522171
56.394573694841718	-0.98566022229581352	-1.1243603316700048
55.583805699581212	0.75939148377595789	-1.2337921971350536
56.488903032694864	-0.90639453469301057	0.4359559545825536
56.588251722722006	0.55534974631072587	-0.64251869900405956
56.038265466687136	0.45104604958506178	0.64152967380110448
55.993290231934616	0.62734007196233743	0.71782432735104029
56.096746801264693	0.32824875726797725	-0.14609601395426922
55.303090322754798	-0.13110974315462504	0.9865799587519577
56.031005003945758	0.83831393896471829	0.15889365271693026
56.28944179519462	0.90871685104374655	-0.15070968143837077
56.419403764963995	0.14406425831892997	-0.76522126243474864
56.10344184000575	0.4668222907775002	0.57985500868392892
55.708011006392439	-0.94921973181122499	-0.37678140292911105
55.789226273735814	-0.49976821870951205	1.0889097167145334
55.833779797485541	0.12254860644054411	0.79439731875916342
54.85012372568184	-0.88434851047984275	0.33528549831962651
56.340570468379248	0.15931833386111671	-0.36339293969494135
55.81973000569343	-0.58886479411548298	-1.0947962535585396
55.997243721733568	0.79249846349896114	0.11778961745142744
55.113767082950666	1.5353407819000455	1.0790089684930648
56.138448240223958	1.1092158081436592	0.67332884158757567
55.308386747790344	0.76249448609053649	-0.73868244597840949
55.672870652018254	0.68592842857668457	0.3800342539041649
55.320395462774691	-0.44777918070666034	-0.56977160191384024
55.314437264717526	-1.0791503981804516	-0.20402991229051098
55.54578112226914	-0.79851406640147304	-1.0720167450599882
55.285333321377053	0.37322483374208176	1.0683981442649371
55.097343933365551	0.54870009033243494	-1.1726828823556186
56.126502512097652	-0.78940521800072061	0.51547225460293544
56.173025772349156	-0.5004283796186183	-1.0578091716438858
55.518599587126815	-0.12929912687157621	-1.0965594095245261
56.530769196124361	-2.0602718089696279	0.14685286314732579
54.985343300172055	-0.66606514302888553	-0.14796679056292908
55.222998912497978	-0.63621256269146942	0.15599902637916307
55.339125325716445	-1.0934375281166908	-0.9041841661211969
55.720244203632667	-0.50651942109710946	-0.9823816235866154
56.433198001249814	-1.0627428049112111	0.78055157863354918
55.251648920982376	-0.23326912021570734	1.1830116333001941
56.264627976020257	-0.85735657379490082	-0.77084531339384965
56.381691521871858	0.57055577853711692	0.5760612300321386
56.014768644126121	1.1154650040968108	-0.46402461168868764
55.778037790435164	-1.0297771999678502	0.39146712202446188
56.56708879558019	-0.22676664474633415	-0.77338237356781048
56.146017400679064	0.071421000784872277	0.70119132548291085
55.152071868161713	-0.065341875696613899	1.1621161221849865
56.159689899209518	-0.0036415595643542967	1.4440615866297233
55.616096385960937	0.088094395463454225	0.78939234758701937
54.650371256302535	0.092747742534762284	-1.1331885105433768
55.267851414245044	0.66325554424982347	-0.99647206209627748
56.622245490275205	-0.30438168764752899	0.74825978535677395
55.083085393702945	0.006978897081558552	-1.0335519788455718
55.185043398013036	-1.3575038464725013	0.073571949476185061
55.410909163030055	-1.5237997352117372	-1.7423755583933702
56.377036343319681	0.26773916008074455	-0.666510322877085
55.534633292684305	0.071891807748439923	-0.69584822779259736
56.600695377493977	0.9065398102126816	0.30737350113983058
54.554464688224719	1.9226103070814478	-0.19569272255915965
55.348455136052571	-0.28822374860928668	1.1326675500773136
54.953803825872669	0.46559477021725121	0.27885367268813988
56.534829360320565	0.093598176524293947	-1.0359026237620697
55.729753209803967	0.68537541181159578	0.80895684852856498
55.568063183487205	0.75459544401856682	0.14601184835674749
55.450380451564754	0.78477477143591678	-0.71836633850463638
56.294947947775341	0.70755834304549836	0.38172099517067831
55.372109075598601	1.0572775449881817	0.93527435237361867
55.228290310786363	-0.73655723978935994	-0.29413153177078422
56.431845320770215	0.29322377895775603	1.1462977910148799
55.231750381865055	-0.34491481869742807	-1.1140654158045384
56.498828564163141	0.28439776635259678	-0.59775508309129988
55.795411815347748	-0.021708877442707063	0.88729417901872731
55.694837178588593	-0.10240713771151894	1.03040144387199
55.106511571175986	-0.52051989403029264	0.94972735756902493
55.175248953817039	0.92709501654183446	-0.44042882224191637
55.216888414678877	-0.289155770399185	0.61870578395052345
55.277155391186298	0.50509948160187701	1.4388657829178297
54.914978366022872	0.42230777269165409	-0.79230704072674152
55.69752813258242	0.91360081443803431	0.36100300558593967
56.585379520364867	0.92708583075099149	-0.75358364761449104
56.350304270531353	-0.67893035656312239	-0.52288473563162519
56.399665494315627	0.52027281532528247	0.90368007788349258
56.213500425411326	-0.54463935513328132	-0.85826951307905608
54.77198707224278	0.061981850402916615	0.90773190841093876
55.894041450824375	-1.0514833223576787	-0.26015127374841363
54.842996433187238	0.42874809446713558	-0.92714028958062145
55.561822099861843	1.1251423851851146	0.36677620647967984
55.296609113415684	-0.58802571584637608	0.12185867396054689
55.367794141435574	0.28579521095119303	-0.71534432846052864
55.140965519535598	0.69398703625264879	0.11517745362238363
55.512434561958052	0.69706386912545693	-0.50840281984179514
55.739726333394387	-0.09255223848044597	1.0663772812837828
55.974573189466795	-0.22317015544862601	-0.99544390837766217
55.950195843824872	-0.8804412784502077	-0.18369275735214241
55.567262227190142	-1.3197557232909829	0.10656354906437158
55.157945161749602	0.63815660197313695	0.38047773016703529
55.077218508861591	-0.36485406252501829	-0.55640155887918863
55.314298456334789	0.6574416228477149	1.5858942304416022
56.276838075617292	-0.43472786758210502	0.65822912222298002
55.803409912957036	-0.67582921769436455	-0.16897928307890667
55.436656411225179	-1.0442709834762829	-0.39767260171050273
56.495229247450283	0.70690962296841731	-0.26772561407441353
55.025725232831661	0.35406529801974135	1.2552989084488748
56.683451367386169	-0.51669212304761192	-0.5050166948213074
55.015637846846069	0.64726138953231271	-0.10922373163909334
54.966729493950503	0.52946725247662918	-1.0803983063498928
56.528148388245761	0.44466916210228202	0.49498179413518373
48.355062350377331	6.9048630973679703	3.2339337330295308
54.943871328685795	-0.11950625484666787	-0.62317427620938615
55.228255782312729	0.87894001019769386	-0.25951373573106551
54.921049073339901	-0.75531023493548888	-0.53008537146079171
56.499564267018542	-0.95993986299581213	-0.32556292879604931
56.345074647483074	-1.1558942797733807	1.2044135740512221
54.762611423194407	0.31995570231718456	-1.0577155985560522
55.153894782204468	-0.081979789404005257	-0.48792945511180708
56.268312387218216	-0.26943636489230671	0.74881857952855824
56.071615829714197	1.1888817544144521	-0.040101320271841628
55.850821705222693	-0.037054519402706342	-0.65409184296709644
55.941959586246988	-0.80308047911524494	-0.8757815004329389
55.580389825425783	-1.1614787914856868	0.23672708518719671
56.227111517026607	-1.0427205634673933	-0.73937129866938522
54.933392164506103	0.89772413571814647	-0.14145146223099142
54.861795538412032	0.72829798802815304	0.52707943561492343
56.507509531043453	0.29524845060423305	0.77115434376308123
55.259387796218419	-0.82621951857449727	0.1759686190316252
55.720679081703373	-0.36996000078232127	-0.7628111463051116
54.979391528062926	0.4575211947989048	1.1139851094842932
55.028075977603329	0.81205179597808985	0.15069880945087913
56.372745282006271	0.73207346741977486	1.254064932682381
56.457467892593385	-0.089490721295782838	0.74761611347477952
55.540773448319236	-0.067264239358689512	0.79884967381403138
55.253092146991612	0.18892445139922565	0.62993794962142913
54.992078374397899	-0.81925029792461523	0.58164420806588923
55.891172864777396	0.33620463730616174	0.45217185082684697
56.301304289870977	0.67721919457037061	-0.63709492837180359
55.420459170308604	-0.26531597315497629	-0.73374060886673242
55.937699952315903	-1.0315200427609337	-0.50191008134191417
55.381693773401302	0.06757746774171787	0.848698728620503
56.351413349822124	0.34141845139895888	-0.14419542549619646
56.040934110600602	-1.0841782121004706	0.27404410359650916
54.926894765900244	-0.43717145222343556	-0.948973704953047
54.831641167234068	-1.2223750330554362	0.23616561709326492
55.727576692963133	1.0173832517532482	-0.32194038436598094
55.210161298626424	-0.63553770229872797	0.85512776427117854
55.716550807032739	0.33456159749600861	0.74497555168461693
55.33930575486184	-0.47778635901427391	0.8471033147624536
56.008383095085101	-0.89000361363910041	-0.35998723471816724
56.25467078525957	-0.0078594522940190672	0.50023593576637582
56.195402507017171	-0.60016304702612466	0.078369944950921672
56.282758828132287	1.0138932862363228	0.16032024895500441
55.71488711161453	-0.2021554265047199	-1.0865843016887107
55.126674544992234	-0.10457114659948921	-0.19210683251427407
56.016569011550359	-0.063562056853650836	-0.48649456066899671
55.845131573878071	0.10941272428341589	-0.24210674788434944
56.192903926993395	0.18314619367908663	-0.71892331453332536
56.340317260643623	0.27227616631394891	-0.66967371551904709
56.239831209229799	-0.057867131660805898	0.73887769084839983
55.039475123958177	1.0099331735181034	0.1528455040926408
54.912735182956055	-0.11009017909804475	0.6491011274877736
55.867517999192359	-0.77127347712475613	-0.076239503218247295
56.547537292350242	0.67687609648825509	0.39597714193457983
54.682393037645816	0.6623570313036119	-0.21341019949321077
55.374598152903047	-0.1438871351969101	0.71726360755541752
56.623392877482651	-0.24832835930907235	0.98661256385126717
55.581726233181534	0.8352816400606129	-0.054925802115937221
55.189595006890748	-0.41798567031628875	-0.50907861571300606
55.19407264572245	-0.77906609879629507	0.080820179190322056
56.431357606762461	-0.87977476956512124	0.27241336358052914
55.132232079962776	-0.73253359461837153	-0.17802978048054163
55.353062145371929	0.59806824547517523	0.13894795559961051
56.266298325123778	1.1135990287977828	-0.23728125048549906
55.250061589264732	1.4036315617693618	0.63956178445350653
55.91520787372481	1.5168699794358649	-1.2921227941356881
55.881436063472691	0.81928477877856554	0.26737236999694414
56.114078871830969	0.16107649779997327	1.0742329090450033
54.88765603093011	1.9795407982632676	-0.23650170182137412
55.086094186703711	-0.91870691229319612	-0.82537811960244711
54.733052884356553	0.60971020475656934	-0.25509845921392343
55.250634563204883	-0.74186941015747432	-0.41699566170174407
55.531799388142112	-0.64204599083553737	0.26615730517703118
55.129309075379489	0.40806274906110707	0.21943404424719867
55.556289561721286	1.0058070002841739	0.052920650315850547
55.648230773936895	-0.86370652399859793	-0.54886293901627259
56.47446521827063	-0.85815986968145586	-0.13258565493012719
56.553879476818395	-1.0057253969310931	0.018248264222814316
55.347829194255027	-0.13907556310776417	-1.2222496373693512
55.01340240522962	0.28095085419287058	-0.90637598658363028
55.629715299306895	-0.42700933664333662	-0.5758502333759129
55.008495312972272	0.63090980900927951	0.080119215712470007
55.136085550787996	0.8654581809926295	0.67034481910170218
56.014377364633269	0.073614283962910421	-1.0733717330963384
55.610237942131498	-0.24929280384710881	-1.2297082639601646
55.453930678349451	0.29770572012734436	-1.7775218101160468
54.899851560800563	0.24176993605598773	-0.959266516655082
55.609806555202539	-1.3911198182108182	-2.2059450836787966
54.913285810541709	-1.1710208032335292	0.12715254500062242
56.001438882346505	0.69841049541204825	0.75512452018846921
55.788436857140752	-0.61179419624613129	1.3260037388904344
56.312040910850349	0.22097067748661831	1.0557476210258718
56.195645788222969	0.8620341309405487	0.21530252447878664
56.031280252875739	-0.75782243747154376	0.23253437875313429
55.424622421205868	0.097037455002605619	-0.70506799899680861
55.451088284604381	0.35820868475671541	-0.87364304283933536
55.118838059434268	0.58677343632849732	0.47315272316858831
55.814921080236012	-1.0669973307222596	-0.67933305482225792
56.060276069406825	0.81782884192889271	-0.40729046146425796
55.393933408696661	-0.34853165782244289	0.80132219608868038
55.65432342172641	0.948760655281496	-0.617948481609217
55.496908583104698	-0.46926658506190921	0.24268990520951428
56.543462649889051	-0.33759712053962682	-0.74838801877117189
54.716712810527909	-0.91660453684574072	-0.4286025640702027
55.531774366403646	0.031628825437087539	0.92691448932295517
54.827776747886013	0.57460019638480231	0.68451800112345018
56.478859394860315	0.22704788986584173	0.53536630628027393
55.822826027326272	1.0150896024693239	0.55622498559455658
56.162601743789345	0.74437090915069715	-0.2268825731667857
56.333957227859912	0.6777321704460203	0.34037250553136472
55.309340579581907	-0.58133889196488653	-0.80152185287228583
56.368464345806721	-0.63475390871731652	0.36181051354797478
55.983409507478541	-0.77384429824118039	-1.1626929945330158
56.486090786544665	0.66612526846450548	-0.47825403494205326
55.683491794806677	0.75605685309979442	-0.016640217107182179
55.504980321757451	0.1916753016826909	-0.11882407499755446
56.330104716034107	-0.14488524585828266	0.84892291508513396
56.185858390886906	0.12995649045549248	-0.76098777709885945
55.462404679937777	-0.64496735157830098	0.75189954650015278
55.670710476414818	1.2834564862545201	0.55039711690770154
54.707500652601468	0.41865483635398698	-0.95054044830100093
54.819144903449406	-1.0542538103945969	0.00072072021245946658
56.397637237662302	0.5801281978248144	-0.53691236780352891
55.231233119581248	-0.18672878811343732	1.0538716106702679
56.558930185207281	-0.84477726281577803	-0.15205023521923625
55.879064579814624	0.63704771813245009	-0.10072589770858163
55.378488578733432	-0.55106919557675138	-0.69973538090886522
56.069828035252009	-0.004942288384877651	0.86749709301765709
54.959290927341044	-0.88808907885160704	0.12797915508636939
55.301467455375402	-1.0195465947312392	-0.23862823133048167
55.804345761249131	-0.89503066203197235	0.28862843989614245
56.318576768464467	-0.186249698904556	0.83186809343076573
56.185899653146073	0.78517148437423356	-0.1194120785086725
56.016849835802816	0.50051678396372368	-0.73857055255487358
55.919640249460898	-0.63859956363450077	0.99515404789974082
55.492692496228862	-0.2513373557198687	1.3565304352529928
55.814917457079126	-0.086627545778700299	-0.50843718786036929
55.247862731479657	0.63636689197597074	0.48107504987507438
54.800354590509009	-1.403426266759112	-0.26611251390697133
55.154125380417916	0.086719027408631799	0.63481665620270844
55.099254572943913	0.74264427089829277	-0.47906054483889998
55.284488757392829	1.0893687740650257	0.17767699321580502
56.289414321364355	-0.93963905967790107	0.36429858329946374
56.217603950240516	-0.36002785487937694	0.72345427615285507
56.423339712889891	0.61110879802667717	-0.47368880242024808
56.192975076331564	-0.16220669011427183	-1.0182280392923511
54.922257620774097	-0.49642880011852325	0.58599048351003846
56.243663736893772	0.51197352414136277	0.25732507046581288
56.623202505227646	0.89844914716165658	0.35599883981948177
55.902631372958759	0.17792906746158269	-1.0283519186239196
56.004304508723543	-0.57959234110463864	-0.53453244357347729
55.669248006884949	0.038750077155670574	-0.67102949291538527
54.592938227819872	-1.1762452537304551	-0.73776449587043202
54.805438343784928	1.0832987606608795	0.68018814533728977
54.786916382746277	-0.43137887370044198	0.48379129736417043
56.380434593201322	1.2286870319486889	0.26913655249869295
55.522661935076407	0.57664278155162296	0.37690527399023466
55.643215827540082	0.70809882957377268	0.54276227336658134
56.540146786046982	0.77996431988823434	-0.41629998647660449
55.704930661698917	-0.00055180711855994503	-0.68658969061712394
55.14851326410492	0.53212321542550634	-0.45647452910246239
55.079640567152857	-1.1191068289882193	-0.10246613687726819
56.275391040815563	-0.82003697328771252	-0.29142922243479863
56.524857198274162	0.35306429546032841	0.6091728530874515
56.116832142241869	-0.79217447632690541	-0.62701162133770894
55.896294287007585	-0.71761619994887793	0.36413398771670602
55.742757852395854	-0.73422585250063066	-0.053812414192124423
55.933034456833226	-1.1792487324708327	0.07400001163225825
56.3862698734915	-0.21904243614068239	1.0243608288301751
55.495445437687877	-0.65115012990579146	0.88098727310763836
54.787032349089209	0.62556647114597141	0.60421766089195361
55.117995670223664	-0.20171001853511714	-0.87431631923997133
54.955765114159341	0.42050823597189046	1.1075877330885608
56.063665149630346	1.1638903592582068	-1.7136988387730281
56.394046339884795	-0.26373477773812293	0.84347757496920384
55.374223173710035	-0.42340935515709344	0.62633715312797011
55.883171315763327	0.16453118786070714	-0.65601517383181307
56.071597619192616	-0.20747455855972374	1.0197860927944158
55.082503279706522	-0.50459850877809553	-0.52170433099937397
56.481914911665335	-0.68522608308954303	-0.63228123499408628
56.282630353331228	0.84749795376401993	0.21793221328654142
56.640639444731072	0.57297376646852283	-0.19711522759882449
54.851491077363811	0.59593176689467509	0.25333850247754003
56.51183878036111	0.32288319299429569	-0.37790902613735455
56.114276920932525	0.37775971912043349	0.81975695415605554
54.851080622490201	0.30496689008354705	-0.62015794371596256
55.496841907249497	-0.3803284206118811	0.29648338160606375
55.387740657814753	0.69094976898483873	-0.082587586867842247
55.580979109647046	0.41406444288216604	-0.30465954144042046
54.87789762638684	0.097516523620425344	-0.3762182241081688
55.222776226212517	-0.51725999700906244	-1.127436073647041
54.745436353867774	-0.64487729392575321	0.77837339434621911
54.978405252650596	0.64782098010142197	1.28039503329954
56.444426850729478	0.24236359332364543	-0.81479139053885785
56.662803600608605	0.13184111141880447	0.71682154648826968
55.794314136771213	0.83491081060979966	0.8169171905267163
56.296581943446398	-0.72778497432978195	-0.067215499628337005
55.776842761273684	-0.18233094569691816	0.63802488691292913
54.797496178704286	0.20190857090256981	-0.92884909877443944
54.767540323633341	-0.24451057313892349	-0.82864883425725855
54.899570975337411	0.36823089007179527	1.0408519299405117
56.611298265107848	0.065911030779556859	0.68869577153630701
55.557402750176628	-0.8771681602259328	0.46675869320064217
56.416372310837239	1.0304360159224164	0.23440926988510616
56.219426836973412	0.38076363962209675	1.0644530584831751
55.632471484915847	0.41535373343223758	-0.52535677582564533
54.785003042474777	-0.96294636055590244	-0.41803210420349046
56.197172116472991	0.90771927965564292	-0.3784929773073446
55.259879607669305	-0.91423043668902937	0.35867099323687579
55.714185768344812	-0.40505817314671055	0.91932243410012848
56.664355694510114	0.6537117961874831	0.25780366152266682
55.073447009058576	0.5988280159974616	0.92108551211394019
56.081262532694943	0.90525351546349453	0.2280478425456563
55.279520459740461	0.010294402749932385	1.1134427998432561
55.981506425752862	-0.58726908297014768	-0.77717544736266375
55.941915957209069	-0.51910413496770247	-0.75593971668794813
54.973294457490461	-0.12804479153733872	-0.98655325046185816
56.594911886363391	0.45406667966722725	-0.68494635860627606
56.642868961247807	-0.078404865806717947	-0.73280756863637853
55.841017095917984	-0.73997077117383714	-0.54787615231287545
56.38082654185596	-0.75251698793611266	-0.18866696476701111
55.972569638506229	0.80796318108393583	0.687836073830703
55.19616320992062	-0.67625147428640164	-0.62178382582947311
55.338674806940517	0.20665071297682669	-0.94767767943820147
55.684244482440597	-1.2191736621283473	-0.17177005477479887
56.063156479158266	0.1859608926139025	-1.1014289066452934
54.655604716350574	-0.54510962158406884	0.14411546400138128
55.042113322387657	0.58431341982910479	-0.94081861877924156
56.097055122749666	0.27180588471638639	1.0277404927334077
54.854165971427122	-0.39421336473694285	0.3057137827460315
56.603224213393759	0.96820348246934984	0.36738191045953694
55.726604170627112	-0.51023309193516964	0.08489285640848615
55.703731820319284	1.0652791559764836	-0.27670109337006094
56.499339460936795	-0.75792518511414253	-0.26712089146854195
55.346033243041319	-0.99926789401108584	-0.16190104580493578
56.587921913429142	0.65544036220964097	0.93062555468549735
55.042832663676897	-0.94544419105396527	-0.41657322372582967
55.846362955048448	-1.0219105132676729	-0.35171388245927648
55.637260017349043	0.82134885128738566	-0.51927675870400425
56.261350588609581	-1.0640778161379387	-0.21712659942387569
55.88213096232824	-1.2020311652841666	0.29033057180937749
55.880016070481773	-0.030463015557031018	-0.71581122182227874
56.234815662483193	1.3050606818022574	-0.68162181990423198
56.427291538998759	0.8995814334476171	-0.03775704025706593
56.229334714854261	-0.45165967913656874	-0.95399717879213097
55.133396185540654	0.56970586187455974	-0.84757323184883271
55.348288295445805	-0.060496036891996605	-0.072297273176550395
56.28145434760355	0.56627526550513074	0.41569204291504697
55.518116222340424	-1.0670229357795886	-0.580257095004729
54.761840599741873	-0.41075799740731839	0.16313563388367422
55.185935863560303	-0.64777401310640259	0.91027256336639217
55.967250123928437	-1.2465566914601149	-0.25179300427689916
55.485815572664286	-0.6210943503487415	-0.59618199044687414
54.83755222482759	1.0354034297734422	0.50278757276360242
56.385090649664221	0.7010387840598139	-0.71334011128112962
54.833751276533867	1.1688793598831067	0.41081441319507844
55.204431580201863	-0.79907371638542024	-0.045830717688441769
55.917525801868408	0.45598062461073791	0.62371380997209447
55.604269049469011	0.47315500859952264	0.74489042665261862
56.089318676703833	-0.07317590767657324	0.99368812634407266
55.611358563544151	-0.069769199961423764	0.55495905872064244
56.13729749436753	0.62173197154715765	-0.36894290960401682
55.194729413474803	-0.85137424942613338	-0.99599823717953462
56.132399137698471	-0.28339556511092584	-1.0284719402016778
56.624465357112093	0.20994542937508026	-0.4017889598841638
55.43046890742	0.81835403508627858	0.451759396861173
55.656590666445339	0.14105203694287077	-0.74659568001409138
55.319924405417495	0.21794773697670769	0.60659722767520718
55.315603909718391	0.2913741033467056	-0.77381329497352924
55.938731632692416	-0.78823675886350508	0.14866484503008387
54.798224443726269	-0.37086378548293386	-0.99448484700810746
56.095463839771675	0.19707537657490817	-0.84249516196348295
56.042465343460456	0.26064345694961777	-0.89449663183459804
55.919563651862575	0.72472963116129963	-0.81652651978509694
56.549166533464962	0.39089432183050787	-0.42456423320988834
55.432583856995002	0.93353427857021531	-0.34727218827386058
55.519860782031856	0.52239131761578061	0.56493143624244013
55.748658966329685	0.24074894328107119	-0.82564091925328087
55.61281714323507	-0.15159537982577068	-0.75253846612117181
56.193239008347817	0.59291272406022522	-0.32764929016926286
56.06103186014284	-0.42712673371497872	0.58921515933708357
55.63491529774916	-0.29459750462023665	1.0564870992015072
56.112396845820868	-0.41120613883474383	0.64883157913771183
55.544493710364669	-0.56574044461288386	-0.20667923273388464
55.096754046520601	0.38822874864255358	-0.79908743922231973
55.307804550027896	-0.81136923688092921	0.49508758209776776
56.017274692701527	0.037185165717862498	-0.48112554611561431
55.353261621429361	0.075431525048381409	0.6944195752815101
54.892853924433922	-0.91803309018794865	-0.68862569324932887
56.012872907162176	-0.46849765249396441	0.89841331825018933
54.8434464975686	-1.0186688604820715	0.69778757463822183
55.038232069258157	0.40156505842595891	0.98871814659201873
56.105007893854641	-0.73993333819004936	-0.82996822852675023
55.902223710092521	0.27306070808137495	0.72437640156966931
56.252856048335879	-0.26460765787676493	0.75973889460604727
56.247576098615767	-0.92887830831681872	0.22395309211262454
55.859511756147121	-0.88579267251673655	-0.21597241059073188
56.564958733876331	-0.54105896764783989	-0.40393329992180643
56.282341486666368	0.80899305479879313	-0.11342834058909612
56.362187087507287	-0.58482897411234003	-0.51061016383809621
55.920544461315544	0.96877599277690107	0.27633990156159394
54.872504457662721	-0.58685291176455245	-0.80949364151474834
55.701037502068061	-0.79440339465455234	-0.65001038514015641
56.236397925208479	0.264805428974273	1.1285737977497405
55.607317873447286	0.94793131380555684	-0.7285287688308093
56.242483003486925	0.93516835737511739	-0.8227748352132932
55.026250392499094	-0.23741315946459418	-1.2357015389626724
55.035596723007288	0.52463202425842248	-0.18994150476772254
55.17478856478111	0.19482090285070761	-0.41754456339931378
56.393661610496473	-0.67908749657174383	-0.11923118822997411
55.839966755343418	0.19984004252157508	0.75594804358652867
56.020491064886656	0.96925865677079981	-0.40904987894443184
55.581338311416246	0.94985988880250194	-0.43400044174155161
56.047094959045488	0.64019185440742299	0.67003221852779371
55.453131202181744	-0.096430323597579123	0.85596090747468812
55.021091587845454	-0.22520920961693602	0.7794579937483247
56.182025406544341	-0.93523057922778607	0.12135378545482088
56.249242636369793	0.67277330516425293	0.48709767382983793
55.07994650834226	-0.84752376035563393	0.4153741565664012
56.099700434714514	0.4084594533494938	-0.66229439211308261
55.19359350029859	-0.26361969071141794	-0.6781226533837813
56.504478470156194	0.8825199348839774	-0.11185867376688366
56.155774876636364	-0.96992454028492703	-0.54985302557137172
56.235369655569336	-0.57447329162163541	-0.38499553837275818
55.463666309145218	0.41779345271773966	-0.59166643485833936
55.501151863412694	-0.83854302556871407	-0.69752925655965603
56.418086132124188	-0.5940409486570094	-1.0780821215234699
56.096483007950752	-0.38827842618214992	1.110566486349938
55.338650769109272	-1.1378761857061845	-0.29020009757661003
55.921028379225135	-1.2661351697548255	0.20295012356533165
54.809834317326867	0.76336986264918627	0.90421010778632505
55.389034380487729	-0.59415078389632758	-0.94498531682035991
55.231806596765935	0.93387612605544568	-0.37365811621998324
55.407528487320825	0.96610578308745987	-0.065956210778742141
55.617159090938678	-0.791902695357664	-0.51490571138252705
55.693156288806442	1.0295386536358477	0.63968912034149739
55.662388355578955	-0.72891382406649097	0.37915976004181584
55.556146688878108	-0.71365887871903899	-0.57025672062117516
54.755474752468409	-0.58386810225392438	0.80771647837405502
56.380877941984991	0.46552964053515561	-0.3614879221063742
56.16706684705364	1.430988735644336	-0.58243720392598852
56.435111707935832	-0.1469466081785592	-1.1625974442077212
56.56747325312692	-0.69346107762345632	-0.24567754360743446
56.288056361946758	-0.19637627770883267	0.87470570350818777
56.140891445377726	-1.0402277876062265	0.27859144836625005
56.149344562529528	0.68548099855450273	0.68433161304333001
54.953428084928845	0.8237518060907878	1.1742405909835847
56.521239038344198	-0.53690584345860881	-0.68882982810998616
55.29882776689324	0.10078199072669022	0.76551197139480553
55.650877403728764	0.6048355840714561	0.59071999660577557
55.540123715436472	0.66672815242876526	0.75871401433999075
55.782253435347059	0.0022911761293594561	-0.88521522654688189
56.237049573630074	0.66296757953279328	0.97304118799383588
56.613831839248569	1.2093381780899919	-0.34763641612392593
55.523035280237444	0.99390680063867654	0.25489438927750363
54.845753056122007	-0.60742763602266459	0.062666113394315243
55.775304490539092	-0.64392984931527208	-0.32122008661193674
55.238310112075986	-0.19666692886550166	-0.93713121349521877
55.235144477040642	-0.40523563742169705	-0.93271271556295965
56.151329210938101	0.20966427363521714	-0.52063670435771414
56.14850520786046	0.55771510182378325	-0.87177450851907423
56.451643846453301	0.81015917902885592	0.38901703974861124
55.066978984229479	-0.74739226562984085	-0.88842891368947885
56.249604723054624	-0.37537714089417434	0.97926682546683808
56.043985379326685	-0.30118981635319514	0.72707868453404512
55.665123153789445	-0.88449920952336369	-0.8748399782586711
54.76236748182729	1.2728901885420709	0.91090612983212982
55.292617886484962	-0.67176289138911516	0.43005629193506412
56.732581722964071	0.36645113084774378	-0.67718824323949789
55.623630839507648	0.51359215035275163	0.70650624077703394
55.40473104906296	0.58260278192010384	-0.71574765253959916
55.923120792271789	0.24217304451462887	1.2432871603999909
55.832720831742094	1.0493453397377221	0.45061891201905818
56.397915936883109	-0.72038971356397663	-0.44918484367143702
56.021926337842203	-0.12619490240720418	0.97742611311093408
54.88437694448163	-0.87796011051928013	0.5533144127436368
55.800341533882481	0.50389848249382507	0.91116960786840817
55.446966877977061	0.92212454276515787	-0.0092383781066141639
55.271114222490574	-0.42210765215330909	-0.63890183422873825
56.106302626845313	0.83853216135655906	-0.71891082021924435
54.949551358175668	0.069249885531769653	0.74993659523780887
54.785538939975545	0.42016118561819665	0.84305212413229769
56.026614328222244	-0.91166771708187155	0.55727169983735048
55.606425485861955	0.53531229141171466	0.96117377481645971
54.620592565755629	-0.0092299961238438439	1.0101462748560939
55.103140596151484	-1.2220370651340851	-0.12888999545082563
55.214724270468757	0.23617878003722134	0.65438525086418897
56.663777116115767	1.2525939309676544	0.17060024750118072
55.985419994349783	0.82043963375496953	-0.77219006261141765
55.072536614642836	0.43449048942471108	0.94463547245030943
55.108964842746893	0.31118152692911122	-0.63547770760896649
55.430427323124512	0.041832462767906968	0.46486753730590047
56.504999676217871	-0.98462358204502431	-0.99617514192017076
56.513155295374148	-0.73405274533692533	0.43259917757317107
55.209534410513342	0.29169034687759249	-0.97690249101789717
55.549995997148287	-0.18741535083374414	0.33807988182988885
54.885216029356499	-0.45745478020436359	0.267932867843585
54.90638041076312	0.62570945588979321	-0.5755550180676644
55.588800557598773	-0.31618398344037479	1.1244440979435999
55.169083879095602	0.6372648321324077	-0.37752468818066043
56.038145192337446	-1.0248326193264334	0.40405203411919449
54.755570245011761	-0.42470645468782608	0.46983838432139163
54.938391730321499	-0.34772767765284379	-0.92255600467684984
55.417953567180675	0.46088063839313098	0.50517722737593196
56.477420348200148	-0.29212938269527228	0.51487050845406968
55.669255557389114	-1.373232456664274	0.71187017831273225
55.909869213403368	0.29939298160220323	0.99787988064536759
56.551904599454041	0.60660964228857439	-0.11719485121373174
55.837815487761162	0.60383129753426956	-0.45661831020865001
54.964409328722027	-1.1119657413197674	-0.23004784787711652
56.342216469679705	-0.18652787384530822	-1.1251111462812251
55.012191585056975	-0.56448034185351204	-0.8674989606699417
55.806985482776128	0.63474008000653559	0.031767592389446347
55.270279331820909	0.62057749762364733	0.73218344545503411
55.414000907668502	0.49539441383953603	0.97439307406407749
55.453591329248496	0.48022058773912341	-0.9689783441888169
56.249509964909699	0.55651537988143962	0.3143308470719734
56.502193668282146	0.77510492430054989	0.15655866709287197
55.922975352560449	0.88018138452528982	-0.33864700033753575
55.980426118716103	0.64535314711361003	0.7725548259263666
54.933931978123184	-1.017562015725735	0.23462261726992734
56.105361068166459	1.2329283421839046	-0.36166352006401881
55.588276912939847	0.088893493304856144	-0.01156501347295375
56.431009319446368	0.99490135413113712	0.13245432959103878
55.084096232675506	-0.55088122778490611	-1.0357531063762637
56.338709795757374	0.85792880198379251	-0.18204776456991142
56.004524981497738	0.60854931560935321	-0.6980178478380451
55.589413085462311	0.5498023634317285	0.25448482631854719
54.667033299880394	0.47544815789746891	-0.28560627134913796
56.152793166114506	-0.87774348131968394	0.51202914734003313
56.046868975561402	0.040469138402195709	0.38480357710017288
55.451961619559988	-0.98781820870547543	0.45901084670816927
54.880082802724154	1.116725480649295	0.67329717605842121
55.992636701475647	-0.93685214647241621	-0.1511600288466487
55.664152086192402	0.18806160202641431	-0.35470170332272039
55.963890933168855	-0.54001970041731973	0.56004416784709221
55.862963512865129	0.91882375693820462	0.22089183193275527
55.65137858654488	-0.013186338018066757	-1.0994449382856895
56.066426576238783	-0.54423328634395407	0.63702207584595227
55.382174908357385	-0.7809803956269189	-1.3130623751327286
55.923688205056102	-0.17866791069044466	-0.77172970114008999
55.842402331842315	-0.11692757793958315	0.58994243668224822
54.830859127122828	-0.19353661323321614	-1.3169407225290015
56.302288242943121	-0.57354585473110098	0.21233784743888159
54.928505882786304	1.1185180600578504	0.17611897000239332
55.318207346544817	-0.58967575586568299	-0.3640211998300128
54.946494862884656	-0.52383462574389861	-0.47304874758344828
56.485639194838164	-0.37425485960719068	-0.77248076937104559
56.178330326058074	-0.3316232854177788	-0.60730965152646421
56.570415270442595	-0.79801120464569897	0.32623289974734443
54.938836079446766	-0.49458999249296964	0.67386955080302047
55.916368091478027	-0.43867596825934241	0.75489691110744461
55.592728028194365	-1.2216516819103449	-0.30798152606664914
56.765593487130253	-0.11225018389809185	-0.95437519380030233
54.817928851893789	-0.64112590968514527	0.5310519522767313
55.526310868955868	0.82241952707215005	0.56538284558817087
56.37116105712601	0.75814306306357915	-0.26250092617337584
56.038095785476564	-1.7696347648205497	-0.25352691670852212
54.847881975517545	0.45339215012483169	-0.16260333225208948
55.247450674019085	-0.50771039386896089	1.0038511144995053
55.910331055220297	0.47174194410606923	-0.19589916296686255
55.342549453412751	-0.8817618680041247	-0.96448920651549486
55.437441809756422	-0.72707949467949595	0.010925083257189445
55.431034920182952	-0.24443252966064111	0.75815467794523284
56.178884779685667	0.91355847506335741	-0.063215559170658298
56.103443028424962	0.8835515237335011	-0.072264680660612701
55.325447950821761	-1.0352824645071093	0.20121567248456237
55.414711912294081	1.0567828310969836	-1.0829421136433457
56.003180385808207	-0.80140328812460349	-0.57385875886631255
56.104968985756685	0.51532941617632078	0.85608200670914025
55.14887470581661	-0.53739509368464655	-0.41228994362411442
54.815906541096268	0.97364894816816716	-0.23114173119107784
55.124690563140113	0.61445127344324613	-0.91609198356768939
54.762358423930152	-0.58604653910825544	-0.65866571497920934
54.816093246848936	-2.3013220357472188	-1.7272813500627489
55.562156961975909	0.18613297376879462	0.70152789033990781
55.561605464658314	0.35389996655688849	-0.19930547195577372
55.70338766015346	1.0281111940731089	0.6217604873984266
54.846644228528376	-0.53309359974707704	-0.65762221989230119
55.019185305604594	0.80126043828213456	0.24316295848945674
55.140804809862459	-0.84608322919391266	-0.35716015343109225
55.656713733536378	-0.61403640388438807	0.060730694242929921
54.827995804115176	-0.36684306352579543	0.81453352485214237
55.357425128291922	-0.37902526971247585	-0.52872011166669042
55.984135408386024	0.76792789849820309	-0.69306733024527978
56.510621837007768	-0.29816106398001596	0.70497470297007991
56.234511236600163	-0.15867764280323379	-0.58156277054923833
55.562856287159541	0.02725055308087318	1.0086099427973954
55.26988371586107	0.82769231947643596	0.87318049938384046
55.836399337242355	0.075818044003146248	1.0876141714437246
56.388250766363221	0.67804029630513163	-0.20656168224701099
55.661694663683143	-0.63805630610201414	-0.6450621144626193
54.808443518554391	-0.6511161015298057	0.87522865319554233
55.560000959725066	-0.66558946654174211	0.87256300579960644
56.164015620975505	-0.1190872823460071	-0.94619932985079713
56.350090707323766	1.1350866854540764	-0.5546905393562368
55.392950635143492	0.92697584979135128	-0.24813048156506728
55.100486481551755	-0.62427771738085336	1.1228853265711189
54.582360526142445	-3.2998155349520193	1.0369998860421872
55.154698891529364	0.35538459353092533	1.0590383371749443
54.608991665940948	1.1254597671187081	-0.48218634260589754
55.78159806755167	0.55833414414276317	-1.0330180592467404
55.231870426239873	0.65188964172959629	0.34404348998890683
55.573522588166711	-0.4333102095285119	0.33162508276005331
55.772877646973569	-0.69932933659995866	-0.91862141965909383
54.88744177049859	-1.1127323442563923	0.43259628165112929
55.310481216305746	-0.90359994209836492	0.30590631906977084
56.748416425388065	-0.24480021639913047	-1.1276311325436803
56.510458618186568	-0.59211551582961297	-0.15347562950361493
56.232206620975631	0.57965753711553503	-0.13392331530187768
55.967211875719507	1.0194679264828597	0.22641020132871406
54.934418686160441	-0.88119388473215998	-0.45930132723390821
56.107577501498454	0.74707178313279976	-0.847892065899573
56.377997494938796	-0.14848814308261626	0.93520028741214722
56.171790475807001	-0.23542630932543235	0.99031674599605335
54.913136307015755	0.80557575076545485	0.035173614713103533
56.208772984249933	-0.52888756096122203	-0.11315179052871989
55.011964858737997	-0.38472563930500692	0.73061382156809229
55.879448134537974	0.29736140536075867	-1.0370729340968035
56.569590636658319	-1.1501953711473678	0.4021623487621292
55.348107619086129	0.20903982518211892	1.1079296503086882
54.857967906222328	0.90739162863144729	0.78751879733830954
54.990208673356079	0.60003460205900327	-0.16183922195297057
56.353803926374361	-0.1208824782433887	-1.0203628970880931
55.564711700317687	-1.4000121549094842	0.12748797869441045
56.488314293474403	-0.062733812252779436	0.80094597811373747
55.518041270869794	1.0421238264603172	-0.0066524274709307395
54.855643821441404	0.081334308676784664	0.67400486081194588
56.473338388433085	0.46622321416059376	-0.73294622710340596
55.655300647163727	1.3248246103860049	-0.59981783145007439
55.094062186322709	-0.85177800691079186	0.65384179209654458
55.919600871809287	0.51795640191213244	-0.37219534885097638
56.652934283059679	0.48847487487053859	-0.52695907644290396
55.765561751616431	-0.33943395275817739	0.97049421855979245
55.103689681957611	-0.55319723031363999	1.0811708085042226
55.2656923812157	-0.94012872454639318	0.31854966134613694
55.394168304919937	0.43569122304752095	0.36626876766129313
55.125355627309261	0.16604946861759093	-0.57862854167826527
56.376285080035778	-0.038222229681376757	0.67298703211487676
55.508059372098863	-0.73952668738000693	0.27696454649507279
55.433111711988872	-0.42696614024497398	-0.077841227512010197
56.388783296677808	0.94556663756232839	0.041816976282666236
55.311097013840943	0.25393540818445604	-0.6132246868054424
55.539935129799332	-0.12739482047940776	0.60325610872088598
55.797471044313248	0.12723338376646309	0.5801750799981612
55.264192721197674	-0.32981815269022824	-1.2261405681873454
56.038245612542077	-0.53695558052047487	0.42211489396011265
56.215526871298422	0.6240459483341545	-0.92403220909820383
55.966666492132624	0.46583329826142406	-0.94761740703675523
55.858111757742172	0.39353470417100206	0.92584226594873531
55.742604905102837	-0.57833306323309996	-0.094804075898407156
55.943862998679101	0.70329597131418031	0.0070096258967582486
56.649656342523031	0.56203688615940151	0.67330877120845545
56.506779675069538	-0.63579615376046883	-0.80284834790717996
56.161622009084866	0.82102977122087417	-0.18840172656133483
55.900954366690435	0.7896698287274051	0.83937830571266348
55.17262168749928	0.034439496218110106	0.61677773557112037
54.76084464131057	0.26819997263217593	0.90089632474501069
55.124155971034682	-0.63419017402639299	0.036496731703951527
55.618391598879512	-0.4009532874576035	-0.0079312406373401503
55.11874598250381	0.78821288176716342	0.65897951115861919
55.369293954296275	-0.81750113539200442	-0.95470154270926788
54.96658289471609	0.69849797762000632	0.065031465668336244
56.399684533833565	0.28384731338560909	-0.20209772383525623
55.321896866077715	0.55709774962791669	-0.69906744963457979
55.430273752814678	-0.016147642114775779	-0.96467109859422484
55.526563466984378	-0.9977110657529531	-0.52921052659747603
56.01885192543628	0.58826227160867717	0.18477508194139236
56.204629152542985	0.88116538688049995	-0.11441785988994034
55.295205362948593	0.93218226162050255	-1.962984573619234
54.807354265833851	0.16589441098834545	0.83349648206057259
55.157036835203606	-0.79336850468302911	0.32094778363247101
56.468799959665766	-0.57732820977617694	-0.76931687242669655
55.723247517463406	-0.82459906768902524	-0.23280340957831849
55.098300280805958	0.94051631671402158	0.34061715920358454
55.283823812012187	-0.5825097200295416	-0.29995299480313636
56.042457253491243	-0.7075967124115895	-0.83229396471495853
56.294231929550016	-0.52456517932698521	0.85103947492248577
55.81256342966855	0.23279155276478497	-0.53516657664827338
55.144136450609437	-1.2056983674979869	0.33420123893401771
55.566221164831731	0.70770194742271886	-0.047525887995749735
56.294571574520567	0.49261695440038822	-1.0879570280833399
54.720614281407158	0.46640696389494896	-0.11479282121668223
56.174445449202516	-0.78565502582884705	0.33504331788826491
55.521316001211851	-0.71122333070289301	0.67060947454141118
56.24374274540196	0.16730823843934428	0.82779947709508261
55.331877032492038	0.73706733942528369	-0.52121008775776823
55.172659473904858	-0.57451249074287558	0.67282605737169154
56.133657168860296	-0.71639381626786158	0.3957580048175719
55.521630784285513	-0.77741648457487378	-0.18047815024583888
54.901001020531176	1.4095582390888686	-0.17833379777418754
55.612857357522927	-0.92683428070986251	0.42142021869276053
56.699353814762695	-0.77476980092316305	0.59678274635974971
56.208544087355996	0.76044141207306226	0.905206252256474
56.073571695372003	-0.18352802057594686	-1.1605892751832314
55.026687096773244	-0.13094331061769002	-0.72897392871931643
55.322666955740083	0.60990875145482071	-0.12053246381381356
55.610583570328338	-0.25882186644410821	-0.77445625300274279
55.263210784269823	-0.6855209065021467	-0.46508210317258464
55.599020644507874	0.95366975703902968	-0.32406320844793396
55.108607631399998	-0.93039247265262992	0.27742973383285091
55.15506543697829	-0.794729517376775	-0.64768998804009459
55.424347338408964	0.6063341627327179	-1.2364266540254434
55.531235397009411	-0.83025090259456436	0.40773479862970907
55.584983803788127	-0.85320322322395892	-0.69255932672626908
55.899909552972986	-0.30133872422624502	-0.97184705110293235
55.644551701446701	0.96515605925163395	0.51966601714056604
56.067344740711242	-0.067589547437207631	-0.59818047855477186
55.625448730254092	-0.68528912528410957	0.1467930212524437
56.292984318485949	0.20762948291506914	-0.8024559540658549
54.931131973865234	-0.46118568189247994	0.31430313883744282
56.481288674898153	-0.63530439221964696	-0.053509556933229271
56.087528325292368	0.37803543471412809	-0.65508777207271041
56.322875402570254	-1.1448287618342687	0.32503260318700883
55.965193941589334	0.30200654796922616	-0.80241888116418381
56.532154239355592	-0.76810113441989858	0.36341146007177877
55.342945990957276	-0.50124598857810643	-0.59529962779421142
55.93283057692004	-0.63939991867725399	-0.7270447445370033
55.196731758392652	-0.60625553690965051	0.067794201082518685
55.591155226648965	-0.91551583550519899	-0.3725617862368541
56.718221661606016	0.30681333855327919	0.89976065592011878
56.454920372976474	0.7718779961306913	-0.65796041478081191
55.184601674455173	0.75854516023444896	-0.067985184252066233
55.71870992615009	-0.30541213215412882	0.6908317042216483
54.753261531606576	0.35973561127163045	1.2865665320743924
55.439704755079966	1.4585878979632265	0.52278592002294044
56.390964914216823	0.49920593744471387	-1.0989288889469848
55.111846143045085	1.0332001846250245	0.15628916192983849
54.854972136303566	-0.45339394269368538	-0.7237997701763037
54.966012703142283	-0.2554002227592872	-0.44439261397463542
56.309256229754247	0.1938626511400503	0.66506601133666821
55.239375722556126	0.33434245599585	-1.1554727800412596
56.348655119060759	-1.9723540514536377	-2.0641821278489005
56.292326445956547	0.33521264411391605	-0.49602260465007969
54.954359036189203	0.42370777137165205	-0.68266490761166798
55.572298798215328	0.4795530883604428	-0.69991294155909711
56.401464324746449	-0.68344068773066668	0.1474350798634651
55.424018220622152	-0.10724838931480532	1.0622768006687442
55.874291503186868	-0.38555802370495235	0.84208460465848267
55.737048490640909	0.49668104073173747	-0.639232144811267
56.431979522054	-0.33573986100558051	-0.56587544878904594
56.5008795989474	-0.48355596871600648	-0.75826889221862592
56.334792866356864	0.29011065408002662	-0.90579201866488523
55.225775644170163	-0.93283353755705833	-0.23815601662261748
55.580198021169963	1.1260984210307083	-0.77402445981342638
54.842315714393152	-0.49227101350943392	0.40081607394462943
55.333573345089334	-0.93183289443386508	0.32948030068739731
55.638171919174447	-0.31808466121332757	0.9044089635345488
55.026936223430795	-0.40822538199263514	-0.61985977428323591
56.300338183882793	-0.9259062655332515	-0.041728321547747173
55.523487329760158	0.87028077782375879	-0.086806471113257039
55.861940582203815	-0.053000931039526265	0.67073659673181152
55.085894933668499	1.2054599142291658	-0.12519916278456938
55.55918649815834	0.94863605279689289	0.56425440731932763
56.175408183805487	-1.1675642274661615	-0.0548387789523124
55.468955151465451	-0.76008505245694857	0.34455624353643188
54.957875976191175	-0.55275118780620225	0.7597324102200661
54.803203243185742	0.04411527237326069	-1.3039529549031965
55.993514263979527	-0.2476786769331922	0.60011470798718947
54.902914731307135	-0.14046574138040871	-1.3253154505816678
55.317829919583218	-0.36632119336850122	-0.856940518629972
55.589992840584259	0.80274530695652291	0.62843489031456023
55.341907521150858	-0.37630927811185144	-0.69301819094345496
56.447767798173658	-1.5515679803994986	-0.12488951480743753
56.28763441436368	-0.9141613861386465	0.34721026243337566
56.644555466730807	-0.2025356625432414	-0.72530918611880635
55.763891100932398	-0.32901628148713052	1.0057653770737141
55.493671398810818	-0.45586636833636401	-0.16683563997053449
55.716638926816849	-0.020178225478392091	1.0901347655538347
55.094339624475992	-0.74595927148507124	0.64763547490200657
56.159310668687993	0.93872223109743125	-0.3072921184941943
56.638040673992244	-0.47773962703087819	0.59667992539179571
54.8084395798003	-0.94826360861068371	-0.14345003666578984
55.842286555684289	-0.079232051757887306	-0.66632299879199319
56.190661580182926	-0.87374116158165205	0.091910217031850303
55.128401639296783	-0.50984650019237443	-0.9469141239475779
55.082055461299724	-0.20373943076789042	0.44892819444268739
56.021975446411233	1.0702925813777318	0.42944813007029586
55.765317938839722	0.34003419285868974	-0.82093532395333546
56.461519299686586	-0.64259530356813666	-0.50801149358271802
55.958727341707785	-0.83146970501659656	-0.34063155273138801
55.191861634271298	0.38092202354623522	0.94131572640044492
56.358669934262011	-0.93659888853886741	0.16011129898318641
54.943366600004225	-0.91670799628387478	0.71956334448098536
55.154325680777475	1.4139726570610156	-0.36228354028675525
56.172101135097897	0.31588567167955595	0.9624305383482773
55.174500814261016	0.18266745606138801	-0.78928193330842855
55.796490549436548	0.47590532918816392	-0.74738431443143205
55.029240965451159	-0.43438234138559906	0.66406078104617983
55.877590286465484	-0.043252621938284934	0.94221504782666865
56.112963613923753	-0.31342622997636127	0.71271907036323878
56.577652094759443	-0.25712580657746198	-0.40686723984963769
55.539141447477292	-1.017790760361825	-0.6147321546319422
55.820955567374931	-1.6636418197869816	0.66700539108366719
55.906838461803865	1.0587722451852393	-0.27665598943167213
55.899707596143642	-0.85276559853309342	0.77990059106633869
55.742042398418796	-1.1084930458138347	0.37057383864383242
55.588609965404835	0.91973910705559836	-0.14368002272056718
55.260257305064833	-0.67662767613670305	-0.098539712753505121
55.323620613032944	0.50448661374299242	0.25662089707313429
56.612506393580333	-0.16428308200958042	-0.9613063671936759
55.232305735038217	0.21100665461631704	-0.62897294444520191
55.928006538427745	0.32896302700905394	-0.69054535913685466
56.502606171261583	0.67248100728484694	0.2009645849963308
55.428122377181793	0.43814864092461853	-0.5026996358462642
54.699261427250278	0.3904896441073808	-0.1537853376793307
56.124974171437593	0.82861842666576457	-0.16934540414450097
56.189278353634009	0.35360859709334974	-0.18681548762150121
56.08112248305742	-0.53295192232974908	-0.81245883982619405
54.774890352083609	-0.37887415686618764	0.47819620788489087
55.196949099433979	0.67728834988459319	-0.51656208471663767
56.714629249147805	-0.7671146291151264	0.3626587622173077
54.686338494717006	1.2268960952123411	-0.23402937402028098
40.924087824258145	-8.921198745279769	-3.3417701112218214
55.10104309718988	0.58046148140748899	0.48591701039014601
56.435143555325915	-0.94599353406228948	-0.98922633125102011
56.368406846630982	0.50676671891772451	-1.2348732421905317
55.936165619408172	-0.3257926193837129	-0.84203204810008425
55.88034788942155	-0.48835037152796418	0.21324828918173097
56.336626052903711	-0.34751348785800557	0.96736059846645805
54.740283324250775	0.32119624341687752	0.41623240579531146
55.121341892082405	0.85721309092453857	0.09812150539023301
55.038603338612972	-0.56501443898731118	-0.68408328732104606
56.479756163446972	0.15106694482045135	-0.7267876458966307
56.509666540157809	-0.86493073560520917	0.0077340225297481725
55.760511776422824	0.24774932160071356	-1.1986066198401633
55.274980383181685	1.0935892204000464	0.36418024104512997
55.148617123727007	-1.0267238249905257	-0.35330538743018436
54.738909464533187	0.79576281259030301	-0.025025931763722815
55.637761054124276	0.41966318862644059	-0.73228064098185341
55.820633101521089	-0.11756534312735661	-1.0099211614902479
55.612864812573051	-0.82584728016500053	0.086493246173322977
56.123920365849898	0.86930434073992557	-0.36380424867122391
55.887818852600752	0.3096166904771715	-1.0998609509286801
56.445573539647249	-0.51965988551265163	-0.94442224058931268
55.981320552218307	0.56471425209901305	0.094459825747511855
56.406785457675852	0.34469726037135562	-0.78985892198373941
56.334382127984277	0.68300515626505032	-0.0030699516887961998
56.062517292465401	0.46850499628373077	-0.67045656006044074
56.586676598091096	-1.0692198933930341	0.37420467780247513
54.799186997401875	-0.22535489387292643	-0.11263342803858629
56.333549800885017	0.18106993241438532	-0.55627086818981675
55.148017046791061	-0.77151507731914604	-1.1645478085727228
54.71729863994355	-0.28938609453489145	-0.63269755902128322
56.192652641271636	0.67667053997894067	0.16106466305112038
55.614340878324114	0.20035497430376947	-0.5583521632829207
56.622076280061648	0.37293093125090043	-1.0224285504849531
56.3437746300852	-0.25503636842666422	-1.2316051412127662
55.715160420617131	-0.17713085330369011	0.9982812931188294
54.737065891557847	-0.86619063453313938	0.17560891851381841
55.176732091437572	-0.42810449746428014	-0.1571873379507803
54.884994489241748	-0.36313815821023104	-0.56846654223701487
56.488627112721289	0.51215727919705878	-0.541436343718947
55.188432932040399	-0.39692716240572001	0.11881940678911175
55.031392231397035	-0.23238928242171883	0.74803592936243901
55.501250218066225	0.094920288787584073	-1.2989647518101954
55.903778815908204	0.042440533583833692	-0.91161652045539809
56.231769791567281	-0.85699523887334139	1.1361327451718519
55.870098945223241	0.85809569456178714	-0.73104057702625902
55.283254987484156	1.2854966981263649	0.031861839222181297
55.308252598301188	0.22362586005005111	0.9287565860015109
55.231175171919681	-0.80986184229281488	-0.20187070418777545
56.183145104866789	-1.0262486929776131	0.18158686137196908
55.699591190821735	-1.2780281852046715	-0.87954033474936266
55.823357416675421	-0.64196179611294191	-0.28720746500408378
55.619424426026093	-0.032275742893656076	-0.81905459981881579
56.710741742355964	0.27872069820855366	0.93155431976839431
54.792796145273357	0.37600031226782893	-0.28023746100579078
56.033732991673332	-0.2466887275980027	-0.904518181578435
55.939127021606986	-0.71393913293322697	-0.19572958860284484
54.744843984746488	0.65866136063349678	-1.0700236941647598
55.97844977438686	-0.96813245024440253	-0.66536537365426351
55.707409354755434	0.73993416205409579	-1.6338005232805395
56.589072415940905	0.3178289260235308	0.57165517186629899
55.60467570079048	0.72434965812185714	0.47238108550994873
54.973227183730323	-0.63734191587175149	0.18875900420023137
55.999745070185263	0.1956046860985744	-0.76590581079325193
55.449048023623021	0.85550464744078358	-0.29982734777970899
55.393295023785228	0.67401222507759673	-0.10876586175956557
55.663606887774385	0.48126330359570701	-0.81851929263199563
56.037728671997947	-0.83441792119669955	1.083441448970242
55.824842502995338	-0.78738197330162807	0.84290748776845892
56.597573387256503	-0.83122912483166056	0.12362890124039476
55.4596359711161	0.11958986286691292	0.96462445880161007
56.307693328183213	-0.061317500994721982	0.30990470557629651
56.209480901021827	0.93715770794359754	0.0082430873863127713
56.251324332856662	0.44343188671338019	0.7097753857158936
56.338832267668984	0.4979590877072943	-0.40548778446383621
55.297406413160886	0.33340614333547308	-0.45047333617941654
56.532198429300351	-1.3553276545660018	-0.80864971568282462
56.1306513102842	-0.55940247001745314	-0.210385313102146
56.503665615828787	0.86466891225812803	0.10726762023277467
55.523596781514662	0.45641867321099205	0.58791083861544691
56.166697789707968	0.28380883799459111	0.80684125511533866
55.055429612206744	0.46394345058772141	-0.40231140807876159
56.714113650619176	0.11142717992310724	1.050025705473596
55.377524611142199	0.10059224187736104	-1.1079971420614776
54.724812426559701	0.57156616482224831	-0.29073420148054629
56.432859490600187	0.49811868821833394	-0.58631744397028573
55.141585601255962	0.66720777086467453	-0.34644886140173187
56.443822603063914	0.39358822743168415	0.087829507678541655
55.896264039388292	0.14063151416265973	-0.74083670780065947
56.474976037584568	-0.75110582158548389	0.21405632692887461
54.940230210315789	0.42375343610562899	-1.0482345256107941
55.625298583920269	-0.42673623105695158	0.77232357953218511
55.755840803470377	1.0652624792080949	0.31030205490967516
54.827508669134417	-0.3503110773338961	-0.59026055009615974
55.120526377700919	-0.10373479825292949	0.62723764874747345
54.710919796988726	0.66092141919314962	-1.0448737195539521
55.717894639705513	-0.49710502989109606	-0.086726894169206273
55.649171570000931	0.76725322859298806	0.80593756821049001
55.776613443369058	-1.6949862246440894	0.19085221484189557
56.099004445390953	0.92719868078557066	0.048748651151241898
55.497078782070233	0.18838855029557855	-1.3791132727561795
54.716597606605035	-0.072012045429611884	-1.1522570278467843
56.06160283588423	-0.010394988257482231	0.83656659423673241
55.460943902708721	0.70337976834740168	-0.51157281398563081
56.201684697845899	-0.25355891733450447	1.4565937094277441
55.209262552926958	0.78034899261325186	-0.52615967932053076
56.552372023023359	0.88044654581564374	-0.51659677357825085
54.991113879079087	-1.6718928648754012	0.17742962641208193
55.717436179997328	0.73076222884551623	0.48833937390716914
56.624237539196599	-0.10529780910186642	-0.79159104109283573
32.761710974608974	5.1453141191659295	6.4646390661508146
55.296849918239552	-0.53935806198613423	-0.40052886155576267
55.26935995191208	-0.62959501818716623	-0.59070473863580597
56.067376375977638	-0.43001879368458223	-0.20463401642202292
55.534531781483828	-1.0383289069165302	0.045156301869625139
56.316002994938465	0.92112570512537495	0.23246816195397205
55.095989439388674	-0.043635485763547373	0.38086416651433314
55.509134656773263	0.2717341120796003	-0.97301614511044388
55.897202912559244	0.46516002600650574	0.21250365454707643
56.259242619156588	1.181418881183133	-0.14689861484099959
55.720566673343086	-1.3312717470042463	-0.8573543013399556
56.520464803425348	-0.72430506024173336	-0.19527463257031685
55.283963053276587	-1.1750170661493631	-0.047273289878457789
56.595641779112881	0.37092386520439707	0.15616493098068329
55.449982260696515	-0.57316848355738459	-0.16124808430030507
55.555187469579707	0.92603256342207885	-0.48307659300094069
55.521805769442189	0.88741187657790854	0.39354363155263439
55.786594915843636	0.23610408020883666	-0.85420510455343557
55.450907758657209	-1.3427120802209001	0.77783434133698726
55.010888844782151	-1.0224749510178752	0.082414237204906676
56.432048828636383	-0.99847601397818897	-0.15528729639661215
55.617737140690906	-1.1133017605591953	-0.81902568538527143
54.735716905588141	-0.33836816723243185	-0.78074748013176343
55.562885611373488	0.41595988132090039	-0.43095422542364037
55.222236800127526	-0.53222118663233886	-0.52335103390329196
56.513076793986841	0.31436484517664459	0.74138391086902422
56.294058152800297	0.76464039625067848	-0.71591766380640864
55.512299017055994	-0.19526426764987009	-0.8206083404604595
56.478426045397953	-0.69424761796243095	-0.23749507884286541
55.663423887997681	0.733593722599999	-0.97332055645201476
55.592680651144121	0.74690141061046555	0.36720621402857223
55.20225490937154	0.9891187711058832	0.54124152663512815
56.397706403744586	0.012663329046556038	-0.89807538345845417
55.571155733844392	0.17627858544616179	1.0340753321787937
55.19766920822083	0.4104239544530951	1.067466765305856
54.987175487356005	0.74661430984851562	-0.19528329539172676
56.058618150374407	-0.43717937413103541	0.94670117372551865
54.918584789754561	0.82242101068080165	0.058942939815648222
54.846831081628785	0.75145467200466776	0.14534685833138236
55.503252412353575	-0.10698793992742993	1.0923913656180744
56.183623810814638	0.9973854243585063	0.2685893587101173
56.225457512727694	0.54021169972164385	0.4559621115516253
56.268934263974842	0.086358658202144389	-0.71300174586491971
55.951461683789638	-0.75388431123985533	-0.74162266391673137
56.015301912116847	0.12840083985417167	-0.75359236049966061
55.001561860112226	-0.62517050732616852	0.32438629289534548
55.645886135996385	-0.85154578153051741	0.23258125888430325
54.934869672497634	-0.34043326965589654	-0.90045818316538684
56.55355854898621	0.011261674505018228	-1.6726499026542383
54.861725284550715	0.89022243400646928	-0.215812899185167
56.097643044371445	-0.16282619782911081	0.77065161609409816
54.864889740878127	0.67328765942606228	-0.5763062729138152
55.223555359495386	0.64205421376265837	0.21969570282698669
55.443209533150139	-0.028315266235609447	0.99255703225980496
56.578405251393221	0.79942580572786359	0.083595010889955954
56.477700193709971	-0.28378742769921994	-0.7572572309195108
55.565587939512696	-0.39417085322823281	-1.0254980222656314
55.284838392072274	0.24388542653324469	1.1997148920825129
56.492278886436026	0.79279848750717885	-1.0220426132606029
56.125986419944581	-0.76429846798219525	-0.25619424654253725
55.231484497107182	0.22797145078568806	-0.42992601133365121
54.874671485629783	0.304225089560409	0.66536400719726252
56.643907854739204	-0.63146774779674364	0.17354931552947267
54.914573056496813	0.27748643467506018	0.99781165057402266
55.908545492712832	-1.2188241810288256	0.17477734107969176
56.471261904227894	-0.3227867817836983	-0.5298144431458488
46.260874243908276	5.8879374194569332	6.567784833750502
56.455391003854906	0.97645368083702244	0.58607298449588419
56.544197346823559	1.5159359223824573	0.87104020529588888
56.332111516827304	0.42745073366621672	0.54226043346856534
55.127400080350299	-0.45483317016791586	0.82160508156275491
55.274695716099245	-0.93517947185578842	-0.48031491500513146
55.851667156984213	-1.359649735689014	-0.078072114192317021
56.118128641190069	0.49005411931761877	-0.49486197163919171
55.811179537436253	0.97754363232476571	-0.55633068817185005
54.509340297022469	1.0573027941463335	-0.41998486125983731
55.836654383471739	-1.0871928957557919	-0.11298197601144189
55.476738967079363	0.69936014710636196	-0.3256658879258198
55.791285319820034	-0.030012603000201248	0.93874077920545196
55.761468309565096	-0.69619597480588169	0.94789303615222043
55.776843638889339	0.33882155144231429	-0.76421963641667134
54.910741976923738	-1.1892348760015965	-0.12457558199298849
56.203741426603997	-0.94923621906564493	-0.064134806173171965
54.981419611212267	0.022430700181861558	0.45223542872799199
55.857967708381601	-0.30960019553876822	1.0060803116502148
55.08835508311639	-0.25131919075720338	-0.81017217707514633
56.264597788608235	0.0574217607380655	-0.6930778338087431
54.683654226058209	-0.84465796736296894	-0.55269509603931377
56.006102903204138	0.8786998262043253	0.28717502348261686
55.487726571213557	-0.63557280990830811	-0.24378376913989869
56.248520391402913	-0.060080244332483858	0.43704911685918774
55.087627641405504	-0.87681592450778756	-0.074699819177676138
54.90478413657268	-0.30395603539390781	1.1955812579288996
55.693104627935192	-0.012939520311861151	-0.90833534643976499
55.286043010488754	0.55680723198825466	0.040167666081364593
55.13607939671985	-0.79007831763051684	0.16685864548395932
54.974108840773653	-0.38892358149958284	0.67742442752439036
56.369946180308773	0.81468344550064009	0.18399666232075099
56.687822716564085	-0.011790515479329714	-0.59845412532867071
55.664290993706565	-0.025562411105608841	0.047735538796028078
55.077928098492542	-0.18004428954689985	0.88448079938588187
55.323971350172414	-0.90973311331013029	0.30711965934158175
56.263640627520367	-0.64848967992083417	-1.0013729243792524
56.572517879567691	0.2819349022277578	0.66726497170820753
55.940786901059724	-0.47023196270090445	-0.038757960492777598
56.015910350165882	0.75302076810176088	-0.036154128393361726
55.620340237021459	0.17482181884452427	-0.78828551627087229
54.721002888906426	-0.55083457526494006	-0.092047814705304279
54.847020071719804	0.18546752092653393	-0.73624961986742987
55.086869121975866	-0.0040038635181847953	0.5600494888840083
56.260714815579277	-0.079494400944808252	-0.86991506622923942
56.074462229369523	0.47358096082101903	0.78442005936011527
54.918422265669086	-0.87353138304568867	-0.39067366104638462
55.760380225927726	-1.1021754850280301	0.44149444007219441
56.560832695793593	0.27423572903398824	-0.60744389480865091
56.579152121232489	0.0034225394947921838	0.51164383349136189
56.279467708063422	-1.088720884477828	0.50734059567070078
55.246418968760118	0.47006894519371289	0.26123048925441178
55.175411269980877	0.89850669649044035	-0.13224674857478166
55.675826219379211	-0.57122210070612378	0.88620082550390233
55.077219552183934	-0.53641355989218098	-0.53776342599163018
54.705537952990014	0.69395176892358068	1.969252133305021
54.73999635120434	1.0440154522294895	0.49110757952093059
55.147134814246058	0.35761982137042225	0.40022206722441517
54.946234436049572	0.76003386707187059	-0.54979807065625841
55.299843276139143	-1.1937278160440763	0.42113609670561175
54.677428032720051	0.26845335220070721	-0.52892486850926468
55.826301818066135	-0.17122837259647541	-0.012530064130528432
56.398381169311115	0.28678371041582462	0.90082301427918676
54.780689885023314	0.92802375894000699	1.8074573956328566
56.327594771003575	-0.98981938823510196	0.14265962594689716
56.490538869343936	0.76668664305015166	0.28891563152939881
54.869362620246811	-0.67626974345915103	-0.10163531024206997
55.201065226445508	1.1347325181346866	0.65746905666313948
56.30389192935489	0.79708302080604843	0.10076819382442116
54.733341596966078	-1.9494269294834845	0.45051397988247172
54.859141865380707	-0.53331154051272767	0.94715216514190803
55.640199704522772	1.334718148972271	0.5551532582807267
55.494250509733178	-0.37827140338474691	-0.86306629805210333
55.580964661041691	-0.21153103260843437	0.32954413203531496
54.94049471990057	0.19774444690838519	0.64881531636532064
56.194702040051148	0.99960698177863161	0.36839441325165279
55.421195001700056	-0.3463782372957831	-0.88834654853747841
55.173441624332568	-0.0011644394521034989	1.0450357580772336
56.410023874403592	0.3107025728506041	-0.23291933264540873
54.842679028179496	0.85658999107851319	0.32558496220567618
55.578562518858483	0.58382055280909106	-0.064503921223639626
56.104065377219676	0.77139050077542559	-1.2803124447355916
55.249899370347052	-0.50094604747284754	-0.84832048597916832
56.025411985280947	0.37347721539541834	1.0187394686140336
54.712120939695474	-0.32252926784417996	-0.080466304790656126
54.86105381984077	0.2352158224027949	0.94167469048366004
54.898780788315925	-0.65397254800767302	0.80018559776693465
56.090877955441947	0.78169182484093425	-0.45200365832859418
56.336117819262903	1.0959121288309182	-0.37058835575422866
56.346896276078454	0.90631355777572742	1.6796368975149258
55.17494628697024	-1.0262963642391014	0.2632170774737474
54.71726423505276	-0.8899512633222566	-0.15733870997131363
56.431160146711534	0.29211542620652908	0.74109889090489744
55.096656566368203	0.53058775586032281	1.0311471492471342
54.711512201291455	0.52538010639066035	-0.36493244518296392
56.54715476048024	-0.35149708389169598	-1.1925247089323427
55.524444795708085	0.60181413128809158	-0.052789485820518844
55.545924857240919	0.37963260622832512	0.80155790042969266
55.770897881657454	0.12753311370356982	0.50799616891211508
56.436508819041528	0.29935769350441099	1.0276511678629821
55.841690210970775	0.35348814517019633	0.53274179117195342
56.492061036343522	-0.84574600247376241	-0.91756072108709119
55.001599680653598	1.0798789379688241	0.35844932281929692
55.934583761382974	0.3383614375203402	-0.92209806214734391
55.89085978956976	-0.50296079561839646	0.70775673488076685
56.570971760007048	-0.69936869220592512	0.86732596777413951
55.402303793807732	0.54680161004938721	0.93993679677161024
54.922290561605266	0.41541589671851531	-1.0698236581125018
56.386022949984266	-0.92343046699380471	-0.60858047949830396
54.9363003500562	-0.56666722623618571	0.30868671932251446
55.80683219667366	0.73789769605528921	-1.0146046185860098
56.350529425200854	0.55604365206249295	-0.30073576079544384
55.793388529210503	0.61309454912731898	-0.081279262296366991
54.840603824908527	-0.95521239824916637	0.027209114820517358
56.470675539595504	0.12036468163999678	0.90522429216884936
54.796730741825797	-0.15966837908582973	-0.27683058678224637
56.436024964994829	1.0693094313533031	0.16916642566141132
55.304605595985542	0.65466020246901035	-1.6325823863114501
55.992589026023424	-0.22527822838489076	-1.2383457485315414
55.40634554759685	-0.7449773815463504	-0.31785367638607265
55.197743408751357	-0.30353652464920999	-0.91822783699578825
55.425687560581729	1.261719067094081	-0.39012614464155276
56.220586869266334	0.8741990455530626	0.8825932306307952
55.753707606264769	0.85447218765311972	-0.31841611733968467
56.435531227697865	0.43492470096856201	-0.88077616428787586
55.089925709813151	-0.50720857686485454	0.80690684959924242
55.042060703477716	-0.54163042269750727	1.1863365915319637
54.990029957155521	0.68985545016471372	-0.26610135740957236
56.011688284639988	0.71305546874834635	0.23305369226322037
54.752745585468283	-0.89172343580626734	0.10948351302508318
55.826477116256683	0.075405378190227232	0.50842123530754135
55.742236606767683	-0.91935299886688238	0.4608614401581389
56.319589099291953	-0.64197111857729261	0.39891211430125928
55.014594824072375	0.37030593539730516	-0.65004590069376422
56.245236382007192	0.76058099875995433	0.0074941956367516986
56.378120500309031	0.52669763447587381	0.65299995638822717
55.774275589737599	0.67508391449171701	0.85235441086023089
55.22421395265841	-0.06061959715049263	0.91874021940538331
55.782615121087531	-0.75982194635645783	0.022625662885396733
55.440922207148795	1.308142252331985	0.27585169004297028
55.68552967119539	-0.91619693811660374	0.7521204047565706
56.07681500689241	-0.1908871729608953	-0.94171275098246698
55.30944018818807	0.53535540444645313	-0.90680371304003593
55.109319599796066	-0.83534874755380306	-0.39596824238643052
55.21310434932834	-0.87697898487135661	-0.031438339391905143
55.076392424558641	0.37310905142890899	-0.74493201371995199
54.796011638612875	-1.0985719806015319	0.8380926952600114
55.133622503594502	-1.1088465128782121	-0.0088406439255823734
56.159409925218213	0.2074594933653858	-0.38653953622889581
55.745359060352548	-0.55419204649622222	-0.27840557540826044
55.060512534947172	-0.64345779748844623	-0.43601586498296557
55.59344721798513	0.68423770264035966	0.96284527921475083
55.150811932492907	0.42314880275779071	1.1292983544167523
56.486860862734837	-0.56680738464941016	-0.6423845478358996
55.173816947820022	0.33514719700847817	0.58531968446636429
55.792551107882993	0.64852356009883572	0.1867965363974772
55.868302086889877	0.10037495555810433	-0.63451203719260141
56.319606986448363	0.9652851214519792	0.45027958952077479
56.14313214008093	0.12056511301711359	-0.89201653239443857
56.689025566749294	0.34889220723303033	0.86522650052879579
55.392221573439073	0.59876051015268017	-1.3027234345538019
55.321026588615929	1.0153598384708378	0.29232788246460734
55.232982507571066	0.64814036319254742	-0.59643005752474509
55.687928399875041	-1.0134605925978175	0.35456814921724933
55.086411422530929	0.93025932146130086	0.031019186503283364
55.511764680187277	0.032008971156311974	0.94981547629643737
55.188916250366695	-0.57709103247484561	-0.34702638349532344
55.920505664629033	0.69553839393734618	-0.8691148136179222
55.185343518985604	1.0884446379508126	-0.069324217056170215
55.088268572048058	-0.50523855598506884	-0.46964347926440086
54.723318595925711	-0.53940223127109077	-0.91195918640660822
55.593138234060291	-0.79477752122825684	0.23320452831868194
54.608027867601848	0.14717667971525425	0.83453750228755319
56.224193760468339	-0.95297513275009327	0.3433174802431303
55.035307784601351	-0.58613209798437216	0.69267372142019745
54.82715219198932	-0.84207973265966007	0.16538739616051684
56.402331783862699	0.16098312773501122	0.64638030593619222
56.330836829967424	0.13121667139349569	-0.81875466412719999
54.994281757556919	-0.79109751554773311	-0.29050400260845577
56.171921538581373	-0.045260406198208182	0.50396965592825294
55.828565669883943	0.58276066138256	-0.84789727828857908
56.226614065168327	-0.45850797489592776	-0.65850006549201967
55.707067048206902	0.96257455782215462	-0.091477409695133058
55.056310615622166	-0.31554738775728258	-1.1352280135881136
55.532401801805051	0.85412309717975465	-0.47093519875933654
56.05908449507217	-0.51255164624450844	-0.6407876311028986
55.73448076107492	0.7533601116682056	0.21560482279434406
55.250672082534358	0.70397895573789449	-0.84074455961771211
55.747154710101064	-0.34629780967282925	0.88036595560726616
55.097392808585155	0.73984486546564376	1.0788829761185241
54.988484587517647	0.035366392097145039	0.35717636960410015
56.386872619743791	0.023521001561645993	-1.0907208528669496
55.475930508590416	0.69388227804547531	-0.042545570359008876
56.000076870451217	-0.78120363756982458	0.7711143051270456
55.150221045899961	0.069313385923142928	1.2314102000696876
55.627138523261145	0.31835985774685988	-0.51772305542438901
55.913504153535342	-1.0520147014108368	-0.63032739115747405
55.095830651721656	0.16033110390938582	-0.44612441319556284
55.141299371428829	-0.33097801555115364	0.81863836201296103
55.968972877843889	-0.3695430114993824	0.11104176357084229
55.290451516240644	-1.3106673078345465	-0.1154524830277828
55.395474625877121	0.47933161008532826	-0.5087730814684206
56.68866178891232	-1.0284704977189192	0.18623836670924521
55.744715608828777	-0.14300650361615497	-0.97395362349774062
56.254452754768622	-0.54185212775641289	-0.62785072015040477
55.995413094149562	0.94305104908640547	-0.097169136806346132
55.859080976785648	0.35062401431454882	0.49726627903329124
55.685859198182911	0.66533668054023365	-0.22889742734155782
54.842801127393969	-0.18143494900864179	-0.68812716144585773
55.47768050516116	-0.41898806185995879	-0.69005269233802169
56.475309773833636	-0.83895542068933127	-0.22006862232692076
56.414434907134421	-0.094790090089460446	-0.50082410197306704
55.004240057854709	0.92758808613976418	0.63590928652489631
55.864918828698215	0.025205548793180967	0.99922766617056225
55.995476701143367	-0.59965622355471471	-0.18433277887711993
55.107137719951709	0.28788828527720151	1.3825473128216985
55.360211263808914	0.69290542877413519	-1.2352599927449734
55.164686224894844	0.80208702435557955	-0.35363645533500809
56.468062913994878	0.85838920856294032	-0.8675529429843627
54.843005737141439	0.57368568048615254	0.09839926988415712
54.611712398508452	-0.47204350358323255	-0.84839043407611681
55.367057270221508	0.90601066001313402	-0.72924633916224435
55.673370105693877	1.0416630623104852	0.63669459275959905
55.070731076687643	-0.30769774892009177	0.43354686691021249
55.840362979476623	0.096353229072189475	-0.5606566314963618
54.814455912676152	0.63759593033271067	-0.51798216070225189
55.348009108368323	-0.79668777562559157	-0.035688727651252021
55.847726583867164	-0.88771550058950799	-0.18484062162311563
55.589029153207584	-0.33552982731237346	-0.48465833380609036
55.713874290183774	-0.26879734849618164	-0.61342208446041679
56.677889914147606	0.30388995643573197	-1.135316570293903
55.389748734814795	-0.54671780091157518	-0.44772452502855098
56.015874182779172	0.42310744049684557	-0.91278950176289297
55.962076922788221	0.99141204910229952	0.60701353455214457
54.987559954901947	1.1901281240894759	0.40902810189763616
55.382052772886276	0.90856482536226835	0.61844639700253023
54.675700654114877	1.0123192409831012	-0.6992558476392795
56.460858481644827	-0.8762628291756307	0.42521118041913053
55.680843096555641	0.44461673407773256	0.56266914901357323
55.951063302674712	0.27084365978959563	0.64047554827282216
56.176952885222342	0.27062062657915481	-0.99334396503875821
54.743675466744321	-0.19034062117494766	0.46906935830903007
56.003510607634148	0.39072555439571616	-0.70807747031530577
55.801022122646117	-0.90056098433858223	-0.61171351888977599
54.702968633974692	-0.53258296261162208	0.36968262926641426
55.301462026149785	-0.20592362655551549	0.65297945055933815
55.275633557942967	0.12521152497577684	-0.5406723863752797
55.74302691651782	0.2469317624830116	-0.4685383144745639
55.8914050517402	-0.25746399241463669	-0.86471189962902728
55.349426699225063	0.73848260973057567	1.2047562410415771
55.240269413809614	-0.82797202354313471	0.031569131290538191
54.82085927398316	0.21592839830082533	1.121349341580826
54.909618147683666	-0.095283999413853154	-1.0905323902438553
56.382253272061803	0.57445876765003723	-0.43741794985243315
55.07838354420219	-0.18958593314410521	0.44989107066499362
55.930437926473438	-0.81403613066661351	-0.85418103710309679
56.291344988465397	-0.60885502533133196	-0.59458772279676819
54.750035719537443	0.49358700251346233	-0.65027156229082395
56.568105881932205	-1.3160753360974542	0.014018317877087426
55.588623274187803	-0.23016113894653184	-1.1174920419395267
55.916484637926601	-0.0074497237334906589	1.0413126539012356
54.8885880198332	0.25245531165465523	-0.72057389298069163
56.33493978545566	0.912245682670207	0.18932217599084233
55.07060405385802	0.77279769380281171	-0.96558943208502346
55.17994048175661	1.0667836100255828	0.15814811545553412
55.816604725534617	-0.62523994142058859	0.4985176075896654
56.481381316655145	-0.60852436387282016	-0.34242699041133823
56.234556383405234	0.066854149297851634	0.96460177080590348
54.954728750518484	-0.62864290362963027	-0.38496930141799862
55.499187173350045	-0.93879858179054465	-0.084773699922439424
54.705654119421347	0.61626798791659365	-0.69592436874297237
54.908444588158467	1.1534021678233164	1.0526464479659461
55.142355379682485	-0.68410740884560162	-0.04117329046568291
56.186407216204863	-0.65255819464379805	0.34784502625728236
56.019430435627797	-0.61783050412401463	0.74333363931214336
56.119331514964422	0.61794412386241071	-0.98852916238398514
55.134688466648491	1.0215595611721922	0.24703141122603556
54.681478683715618	-0.87836891392335781	-0.21069980412416719
56.137462287600115	-0.48317168753782047	0.46183094085414694
55.29430690757399	-0.11641935903670964	0.22913301358743809
56.537388097784451	-0.22678616073265301	0.82259018615751334
56.540104148178358	-0.63774980859209507	1.0346794752134563
56.600010151226172	-0.75658034258730622	0.11239586708985481
55.873101369762956	-0.73808355628045019	0.59085111118292333
55.91964157192362	-0.037227500351164608	-0.66795630683470053
56.617226135622644	0.4665511185980597	-0.25721561923949487
55.283207749615769	0.79952269529897779	0.60910972375128858
54.841186422734552	-0.79804003572304172	0.47041927289427043
55.295196542450327	0.17897037311424957	-0.53911476957773963
54.866335799494891	-1.0488385903681825	-0.026872064190573388
55.491406929917105	0.39682597375529932	0.34459962928625659
54.820095351925197	-0.31819094980788143	0.72812008842449605
54.682901654710001	0.090104826098022978	-1.0370015567024158
55.47433305804865	-0.90809488244926428	0.91525580389073447
55.907894524276024	0.3097118936542072	-0.9510998565121791
55.897064488515191	0.67050845905447465	0.056777768972791874
55.428534060570044	-0.4319788443126592	0.22650371576849926
56.038281097315959	0.38826147285510543	1.0319834061277273
55.449790666767825	0.60015472732372388	-0.87307794773421254
56.677372503643724	-0.81896244953765707	0.7614692045697572
56.563057509090527	-0.44699455853844322	1.0419261355659053
55.966683241800688	0.35010348691305343	0.70467156428292288
56.583944770228428	-0.80963174041668717	-0.1004932346742551
54.64105645572652	-0.68204787435850889	-1.296867723432364
55.988476451959613	0.77795897742419751	0.10828138211165653
55.493430064765803	0.84414330032144136	-1.2729101922999762
55.318026938884131	0.31757452752556758	0.76710605012209787
55.31871901530765	0.92803241844149698	-0.5073629862099478
54.77287906757045	0.28031587901687205	-0.58432373872388332
56.132892529630773	0.90432228958470939	-0.42317505821349433
56.511215115928785	0.24631762122346196	0.61877896732015014
56.591840373556252	-0.49297062468026986	-0.59226341180931985
55.413841829195036	0.35694687301249384	0.58324032066446441
55.951695889377532	0.042908454551434043	0.42899055529174773
55.467388587972309	-0.50779564373644459	-0.8422848640963313
55.162506787172106	-0.21995712571950668	0.91321209456467967
55.341452783703829	0.441681845585009	-0.081358558008123832
54.828001574389809	1.0380013822714151	0.45436913952429903
55.079009077983358	0.6381587972657351	-0.030294760537008678
56.62134881406044	-0.54232543838160652	1.1175255631076983
56.06387007107687	-0.02776510289359424	-0.50828082243064399
55.733234639644493	-0.75657097119964389	0.048542525624190834
55.591385096550745	0.31807940668181917	-0.67901817733856162
55.270422411499368	-0.81956341130057597	-0.43350526712821474
55.688734988564342	-0.1536272715879658	-0.42579225805355359
56.16826099718913	0.1835744805204251	0.91527314800706316
55.709329446600613	0.43878603512221115	0.14538629888596383
54.915762851504617	-0.11958013856489802	-0.87471000394697751
56.240449542267768	0.057360301440694483	-1.0525647216243417
56.469024807484253	-0.59146664035096186	-0.94149466548327898
55.481944247563064	0.69463268069148632	0.79647636437273694
55.944868323517021	1.0528494785293374	-0.012661664279513251
54.827365623320226	-0.86517601699246149	0.22440452042943124
40.975080281480011	4.5238719341098275	7.9036921589229117
55.999324748855976	0.7918008293705715	0.46983154253512605
54.778815634512121	0.32198210376072162	0.51345272741846049
55.909437692606801	-0.44149544702420818	-0.53521653944007774
55.906664686842035	0.67680814082496166	-0.249289903289895
55.820151186047887	0.91499401423011295	0.52893484239029853
56.435401959458673	-0.40017038624558587	0.3640859846327465
55.8909553778239	0.72524860725949847	0.13347306983576257
56.173526349668698	-1.0797118758880431	0.086088594865804099
44.448142070039516	5.8734218766746249	6.9728678500943548
54.797756341333553	-0.81390977846737544	-0.0013794846019303487
55.583129775154667	-1.2023505827557499	-0.20642672206602899
56.006576792862177	-0.11358069511229643	-0.16894284887748556
56.130800578444649	-0.71696807547505181	0.85892910385295163
55.217493048205235	0.23518919525862383	0.798297393984712
56.473742097760947	0.38178009730612295	-0.2254145068473993
55.491864435443077	0.07961000058421995	0.93492029780666142
55.054697168227634	-1.3154420283800923	-0.2826702502180139
55.786879601047964	-0.3898183936697493	-1.0344738869871615
56.367396587857506	0.56960395987248702	0.77867393603277169
55.002810689613256	1.1706742641043888	-0.28753816304845903
56.133001983245542	-0.46760885275090947	-0.47386839630957323
55.905762963955269	-0.50087273131920274	0.53092269574678252
54.827828515220368	0.52748248684178589	1.1645839383064291
56.553904288387713	0.61736306165692767	0.84892727046942429
55.461338111855518	0.14307003709542004	0.77598395541496412
56.043285499552418	-0.59633803588713585	0.62329951141009543
55.018078762128354	0.8305055032771953	0.047104870174711884
54.926792502451853	-1.3299539985575157	0.71838550194837414
54.77973635957931	0.22879009590556679	-0.7373511596013208
56.380238661104912	0.39736227978231003	-1.0961104462150881
55.590095423346476	0.51501985057729815	0.46177095345198205
55.424121992854914	-1.0098186934762556	0.095622908425842146
55.586190976390341	1.1816732006323047	-0.36438940762625049
55.134763361862142	-0.049252068109791658	0.40731545789068008
55.150847177499109	-0.21436106832632093	0.42922475179225622
54.868043249319484	0.75221759604517779	0.2814572538715216
56.263978457008939	0.74491157634718952	0.19823544948138574
55.801276176146168	-0.1710245852014739	-0.84094510200285788
56.330544720629675	0.28105754349489709	-0.41192792122296107
56.253555841669552	0.4498924660696702	-0.8513361114818101
55.635247132892225	0.67777072956119877	0.87665997010292429
55.65561321427888	0.58471051522121686	0.10221264089556377
55.742466722444142	-0.14858716395869623	0.69233423757118184
55.625622207480212	-0.8641881386581598	0.071460340849931359
56.251633375564573	0.70067393336937656	0.57734992487029979
55.209914239593921	-1.3255764376600672	0.27698525431099158
56.703762559259431	0.51077387124923657	-0.43600650427456417
54.652304560175708	0.50063715329014458	0.71537772656494458
54.8592803012139	0.33539153924728954	0.49911023207566219
55.143599857676989	0.45374090737800821	0.83748213521093606
56.435426395094765	-0.5529771882287583	-0.36013561157944624
55.815984169836042	-0.54822888071971465	-0.46402873571250042
56.38196339935363	0.79512214383939006	-0.24275019209349921
55.848740310661704	-0.69026119153008425	-0.76613764723698341
55.387350622373795	0.78609841771478262	0.19565179681794104
55.650844065820564	-0.98365683592859188	-0.079719681774514675
56.729004221490158	-0.6083149678221752	-0.43582896557229334
56.759801073037082	0.87590560555372921	0.2438899960143025
55.366091731621907	-1.0155804893798548	0.56798103078428475
56.337912410789713	-0.86144886656543296	0.63150723752618643
56.497731311237374	-0.39845272398016585	-0.61839119729987457
56.45739929755085	-0.75297479613090401	0.18294594066003886
56.623810613550262	-0.7746608803166245	0.1850744331464661
55.424265357765428	0.22558599157894171	0.45888893093458583
55.24788944770566	-0.71245397462581406	0.52438616291516038
54.861010627915526	0.25319339736484647	0.56065580689249817
54.820110983682355	0.96936960983458942	0.5294822983870513
56.585520263691933	0.071775653706969519	-1.0199303185300863
56.59683867719626	0.014959739746226689	0.58737588547356856
54.926249065304646	0.58458824059527958	-0.23954964085686742
54.994061284807685	0.11563643259521791	0.95735986522340644
55.402987209383632	0.80459738601491038	0.83518092148373047
56.286350952635324	-1.0778175850832019	-0.53304157208441538
56.161507716282678	0.11330182004013105	0.6081158420479339
55.23534684405476	-0.91742820336739483	0.063915860039207573
55.823421495741805	0.40622670998766008	0.79540699841309337
55.776410915038731	0.48125740479486129	0.56659877233110356
54.762693494923703	0.51807580575254975	0.75047393157251296
56.425256300050904	-0.72025925818642922	-0.14546378051283451
55.431640611471693	-0.82704773163447809	0.87880080985556441
55.140696663025004	-0.061854794668274961	1.2470346266524492
56.527033958328609	-0.52856930053171347	0.74156296548772593
55.099670020481852	-1.3540235883125802	-0.01960612797830091
56.334158375814397	0.12239021092387495	-1.3281333939790425
56.15016477915205	0.79449475533240443	-0.1364173989294061
55.613629223924029	0.74947170508209249	0.70970655593542753
54.722243162027034	-0.55339349982571606	-0.51665310156861877
55.344383292926217	0.72008641640180737	-0.30660999149228807
56.149097498265483	0.079890449778666411	1.5109915521141557
55.36999764708051	1.5048447436084595	-0.55542400482706411
56.000316633482797	-0.22865700629578267	1.190791872396844
55.835410557409247	-0.14898303289744452	1.3573047747870388
56.422181990028577	-0.35357596306381711	-0.85782145382566666
56.148769229731919	-0.74763492559729872	0.19775510266353191
55.393614970948406	-0.64935416605697838	1.0122820733431328
55.893975506008324	-0.32421215361207362	-0.59482516820935327
55.493601888352728	0.85094620766218287	-0.68535560099483173
55.644062272492398	-0.57362422868786866	0.39861323378997587
56.484270657104872	1.048476901455565	0.13045711281770073
56.099986304823744	0.089552343762965808	0.85094141326783757
56.309304862569903	-1.0685825584878681	-0.93745818952689453
54.839807161884622	-0.20742258141410214	0.91589518091099409
55.0430001778766	0.17437624501737886	0.86238737243591435
55.255663998218317	0.25823154294512635	-0.84798666260605771
55.201235822810247	-0.86831002249464506	-0.10826144573403244
55.10006691144055	0.99686221127306174	-0.3561451460284154
56.391218234829083	0.5887561986978469	-0.51433503040037698
55.671508859727119	-0.67743049735904837	-0.32551446667443013
54.996359084438303	0.7225263900156752	0.44122436729829095
55.886957658182482	0.20576158407729159	0.53424755196002627
55.787496606239507	0.22355971039980779	-0.6811349614547022
55.702956341520377	-0.78822397197657723	-0.15479771821573127
54.993544086236554	-0.91093318284745661	0.31616400779219533
56.132561760305499	1.061435285353042	-0.56667354320638963
55.350510654768577	0.68564201091001398	0.92376811380693613
54.707529499769251	-0.59900015386475813	0.7918261121817366
55.344606258664314	-0.13533631797380749	-0.7435810143512539
55.082587940421661	-1.0870289556352517	0.83355705054111706
55.709960842442342	-0.78407798056137978	-0.10298934054938522
55.767808006615482	-0.23257623665242458	0.81695776852550761
56.080073971605387	-0.48948058008266698	0.77261078579633724
55.47714610516735	0.95598396355944804	-0.67348115141129983
54.811882929217852	0.87084411193309441	-0.92746043796963173
55.454842405450428	-0.85555063017468069	0.45923773185965056
56.117091351266687	-0.40117423124558205	-0.84616338220094145
55.225615592592945	-0.73143492033400792	0.20645499682732046
56.238691963648002	0.35118639098128085	0.56181620523506115
55.506008593752291	-0.42404608623775503	-0.43145393587881381
56.416395368782702	0.11508399775285059	-0.93578340255813952
55.135603837592747	0.83640017965199032	0.32431005306058897
56.309014915900136	-0.10786036395862172	-0.60916716056230602
55.858405918847104	0.10773324787039731	-0.32748347263166433
55.299160933161502	0.54807897293766805	0.59372969651405305
55.636304960751751	-0.67034444417574302	-0.75717606503886348
54.774435996666035	-0.85722726805239435	-0.6957323291185471
56.039339931471197	-0.43028008923453664	0.42410528074054682
55.19777379411115	1.2828844004081272	-1.2025403543978859
55.065373984246676	0.64345710389323441	0.18554362844030381
54.821440453105758	0.86360808104016962	0.53861299092705195
56.406004132921851	-0.35606934179154398	-0.85247476872451355
55.506352822298702	-0.23229664442656742	-0.87467822077257229
56.394283841942006	-0.12816735167003313	0.74577365022184172
54.997518153594804	-0.81259443422040711	-0.86892033848236572
56.55950190258325	1.3358561401096247	0.38271588424323327
55.544603676812166	-0.73072996317150052	0.64433305405227637
55.219704831187165	-0.51407579504508716	1.0630237710116532
54.878878276636364	-0.63335742408263784	-0.4933079106316246
55.304324478762567	-0.3078867157776361	0.43336714756890177
55.54262998496435	-0.25230883094704248	0.98279111139857223
56.531217556555227	0.59315612373479165	0.78127743600876787
54.874481033800414	0.60496086582861452	0.46775095313061982
55.627004581572777	-0.85061265544752485	0.43866885589802723
55.092748504712105	-0.72314702343846182	0.5151098544509739
55.905159672865388	-0.083856733568690681	0.90125099148620691
56.494610204558619	0.61255547785317621	-0.4157864306323254
56.25362318170842	0.86576767562709545	0.0042546114670782833
56.615685900854416	0.41942259512321883	1.7545137654761989
55.210817729011119	0.43130252789650692	-0.2338393567668007
56.085630738117217	0.38497589058765824	-0.67476218593506032
56.212773528106702	0.62348365979943177	0.16075471936193778
56.352927361377311	1.0036330221968677	-0.31420296443992318
54.925303416749308	0.28099438371368696	-1.2294667905021124
55.035894647753608	-1.4294603441523441	-0.39224998593939875
54.816435197758238	0.42209419775875839	-0.16564624717889834
56.317235703788292	-0.55035733180741997	0.079194431445441263
56.588589152964765	-0.77680776051328393	0.48867448419584092
54.762613824512762	-0.3162151369760926	1.1022300506423288
54.72156105564158	0.049415625400764045	-1.1811262138278695
55.153215618067811	0.24502171066276765	-1.2936983502915895
55.036871439333432	-0.6125916021911052	0.56193318683643834
56.541326496878177	0.5586056806231029	-0.69636681507699649
55.912874376505833	-0.43814752151415354	1.061810440732684
54.731886671574578	0.31473566457986102	0.72129406043887812
49.867961045553422	4.2006351359241432	-4.7951603214122409
54.798504160859657	0.81237988452193777	-1.6984769716830437
56.344455430980858	-0.1203288411006317	0.94012917395704743
56.47982341664585	0.57754013596492171	0.76111287563262964
55.211500923613947	-0.90329793901631639	0.1535338136301567
55.033626679852951	-0.67400110818778414	-1.4025132663164213
56.061121776344713	0.0075900817847385834	0.51650252543176522
55.460511276399096	-1.2003514116357688	0.35287338645724692
56.52480126902973	0.15755471153543665	1.2246290629252361
56.186849559753064	-0.82863575264956313	-0.33092904221117997
56.29909630517507	0.77096505927803793	-0.54583315191871706
54.856283341862778	-0.12139473292490266	0.69028153433823325
56.09587605672089	-0.85280288229895718	0.52570041859072947
55.264355149415259	-0.29697753295722751	0.85343917158427562
56.191362519623752	0.94790850068005161	0.46346126555648143
56.076232740691431	0.46510710796017257	-0.53563400726582489
55.100065403102647	-0.26691397907816811	-0.43743570245538882
56.233145195296807	1.0332015851184411	-0.85820845826138792
54.878019591468494	0.87734129800881255	-0.10516418277146279
56.371159418720431	-0.55097007830822975	-0.33038060435212324
54.933988107285202	-0.56797381375687239	0.082185069033404848
54.825490925726918	1.0854750929176602	-0.55245398035181437
56.099823997452944	-0.039229207745246041	0.41410816068650597
56.236316110573831	-0.68170649122326776	0.93340341025334761
56.812898756143632	0.89735832856029674	0.66189807944496382
55.888831152965295	-0.36451369816580886	0.15315046746861244
55.385484811489732	-0.14258487520437932	-0.82805686463223283
54.810680613885346	-0.96375848049590929	0.48444085402058079
55.510692980288184	-0.63827129808936445	-0.58691542697623256
55.45183159283048	0.092454109448797409	0.27382868377846997
56.340879417273158	-0.92017679524852336	0.34849387770895035
54.579704739005223	-0.42835101481995913	-1.0924837321191077
55.688148816251882	-0.33663314632931612	-0.71921317340847613
56.27008322479999	0.39971703744799081	0.39789422228796917
55.206787492085937	-1.027975642824023	0.53820915984578332
55.689219645449278	0.67203036930750948	-0.60715339156627435
55.459653861098673	0.3829226571344605	-0.32274291199546917
56.040159367901282	-0.59942826452361297	0.84846775899604066
55.711770533426275	0.89209327933091609	0.37297633195589169
55.343301299355474	0.64309250745276059	0.52204446484353384
56.613716545061436	0.60251214327615377	1.5335262215628016
55.28050294637076	-0.54729539956970275	-0.11594059220825854
56.235853506641661	0.4786141292050291	0.64852464415414002
56.312133155240218	-0.1720031492008349	-0.78035897323054415
55.143268278831883	0.49199928268843907	0.78439290676929374
55.747850157168905	-0.66606701965149628	0.052196209019122912
55.313267953471978	0.76545250010332866	0.56921359860930265
55.509809940473261	-0.88304394692930965	-1.2391977240487095
55.199072999979862	0.87856326655398342	-0.092452690866435497
55.245143253483299	-1.1585546543369842	0.56995281903716943
55.254752799187536	-0.60362563305801598	-0.44008458243871429
55.087940495087011	-0.91348692918558849	-0.22968084758770618
55.354403030757588	-0.36864550655317541	-1.0457783419496651
55.232850722487221	1.0712241587766058	-0.3971245825335778
56.074177165784469	-1.0577176720859354	-0.1549171032767705
56.421970037733175	-0.90493077262035049	0.26471899923987269
56.40194381685378	0.47234529470397274	-0.90808673023680109
54.583243451601035	-0.06538747283631445	-0.55931903677310113
55.038777859598	0.23247962826877391	-0.51184781580378347
55.866030741096637	-1.0134989027030374	0.36910086404317288
56.4761247062576	-0.06668910103737935	-0.53937300124659404
56.411187342211697	-0.54490687114556924	0.79904511426845126
55.787429296150535	-0.55782982356679212	0.14956865313394488
56.004663848772658	-0.54838149366644162	-0.78148140078136119
55.777295213273341	-0.33834654452491758	-0.50399847830046884
56.041182775747629	0.38459101901597981	1.451676834734942
55.198811817078358	0.38261497154250207	-0.0030290809566390835
56.389145912882839	-0.49874056050975762	-0.78498715079109838
55.44346383791531	1.0308496377368184	0.28651269112709998
55.521520452153219	0.66207889192197167	1.0066460985476551
56.518698907648876	0.7838306535312507	0.25224749804101798
55.168549006172434	0.57666291311076756	0.86230617535645782
56.388751536881699	0.26746081671427741	-1.0600724203221119
56.488598705138912	-0.54942411744744657	0.11136996255226922
55.702742221254546	0.76132693761431347	0.59110084479153813
54.751220735505356	0.93244572857031771	0.082324279520593346
55.366192491732676	-0.63138323708322774	0.28631285736770462
54.815436437771503	0.28512952041630846	-0.4132566108814506
55.557747886323803	0.70599525629668614	0.41649030142338744
54.867914365285152	-0.47995567233051478	-0.50743358050475884
55.915439882730546	0.078536962962893114	0.52569842066309946
56.239115310156095	0.16422972962260876	-0.87840836675298084
56.315428465491074	0.21981756724306217	0.79935610622608655
54.662100646385603	-0.77554462530355173	-0.14331410853571491
55.521409098404376	-0.3822406416122302	0.68880915043991686
54.620978735217513	-0.13507303438227342	0.67815178616244687
56.554507147710979	-0.82468291506991342	0.1129251083466714
55.218336645996381	-0.52177937591606227	0.14013079030331282
55.087564362290912	-0.67252993691577945	0.84744915739539539
55.373396166153221	-0.61925762484027513	-1.1062093889397744
54.988101903140318	-0.32264315742348765	1.4158767196853692
56.543580054161964	0.86977452500156038	0.94833882976726103
55.085889539326985	-0.27440834822198651	-0.95906681585888809
56.097854157230358	0.55752948715930672	0.24165904858605405
55.189251368244413	-0.38907049133642846	0.56235181708351634
55.353104419383477	0.29896939135770917	0.88648822024238039
55.914813988526397	0.11851954069133563	0.85763563556131261
54.891921123928263	-0.66844947226265761	0.3613431641138139
54.790851505033608	-0.81498433146256366	-0.60092311307412127
56.488773404185963	-0.31130092428268491	-0.47221519337756895
56.235085821776224	-0.83110596170421436	-0.5995052719578825
54.743211938459119	0.88075541814247205	0.10131670534316585
56.371144622357562	-0.63045668949722533	-0.44543615349610616
55.837138929018266	-1.2531392018565526	-0.18589714720590667
55.124691360071438	1.4763388977440826	-0.13861366733188152
55.273013906052192	-0.36902824930487971	-0.29635294058765083
55.709047091714886	-0.79472302301267239	0.30607359074666773
55.028235405268632	-0.085209350549394616	0.82837092918250799
55.547118004711663	0.56413023021402631	-0.27750794095410131
54.913046319779866	-0.26102397142312561	1.2792695109845236
55.569697572684838	0.9078468654293429	-0.20219101749112764
56.646922012947428	-0.25949003340698673	-0.66460747861953207
56.699140729810274	0.81865455013448718	0.072800084722264666
56.218826100920829	1.0915226924769781	0.53874217892467324
54.797040950263202	0.74293654299723411	0.43862362264709787
54.90691608974516	0.25278340737593086	1.0505654561533075
55.266328116350302	1.2844167573338166	0.22424785786672308
55.749270235403529	-0.93253956874552146	-0.38713702183396637
55.266774935627197	0.51030219210968475	-0.74521494256429832
55.422500290821809	0.67046228071104264	0.062874084370546021
56.464969213312877	0.69945257832892682	-0.27963848365059463
55.709370434621704	0.38289125490432463	-0.97688818800935895
55.970257185718118	0.57907611310759766	-0.97787422658722101
55.55400847374213	0.024911349258365186	-0.51576650157430248
55.425173081778453	0.60394611963161293	1.0106788624242957
55.59302134174159	0.27599799561055016	-0.39646446559114551
56.468131867740979	0.62944981357153851	0.2045651153998628
56.25384827901798	1.0463632245354288	0.20441591408649257
55.757928592787408	0.76438089586579128	-0.79185718098518276
56.125651043693104	-1.0087876633473614	0.12976479377683725
54.939993274449378	-0.95731276885802674	0.22642154565729983
55.16699158627361	-0.99781353149309437	0.084352123524054815
55.346851776860312	0.60728708138856113	0.46070685793521776
56.434116020434182	-0.21312293745192326	0.65035624304606177
56.345070565742333	0.18617889243043356	0.90113118969340789
55.202479544181834	0.21280344263819703	-0.97628250475757505
56.246978797454844	0.62497840429906015	-0.98620860142760591
46.727163534552304	-5.9725912804130727	-5.8971136669788278
55.528583349035976	0.16992120441677361	0.77670614276506478
55.32755889377092	-0.077267773973485832	-0.093417713122326801
55.887435560058286	0.19355479406090798	1.3404329791704992
56.431083593400515	0.41653186288164445	1.0457948576351073
55.726399582645563	-1.1401454361497636	0.018921660743275781
55.875193269684729	-0.7548195733539057	-0.85740649301982563
55.152971901993325	0.036871956868924013	-1.1500437977519327
55.531917836898373	0.50117529865247767	0.86885970415193414
54.752946191519612	-0.87459508242527739	0.48583904719033699
55.881156057822707	-0.62399677945058318	-0.0044552620577240579
55.108263096447644	-0.88151372216853996	0.4497054957781646
56.224972229386346	0.060506474036066515	-0.63880982980291645
55.943030824065893	1.1115029647298014	0.55282267025084209
56.145636914556221	-0.5210123284268996	0.35021637067023598
56.436670048915019	-0.75680364928143251	0.18935501359110332
54.877808560956169	-0.13862885815768813	-1.0032853249171096
56.249604770264277	1.2826643401246909	0.092199009985267907
56.154125603125543	0.14073781551163791	0.99036860781169178
55.934633985246968	-0.43310517384443603	1.6254390874622417
55.458500233400692	0.47888167823955147	-0.49065647610407859
55.439298080793591	0.081035642883788284	-0.97348736753372567
56.036782700060279	-0.30662176181689038	-1.0016054030861423
55.623695249322914	-0.4130467361027555	-0.39679846193989615
56.769312621612521	-0.22828809591777954	-0.37718528135955431
56.077503752060807	0.14621381875387349	-0.80346004559936013
55.141747290529416	-0.4817392767118529	0.68129554731454434
55.252163167426076	0.95736463492398627	-0.87252411233564353
54.638260583881198	-1.0547579655364541	-0.3463995886546275
55.377216672853038	-0.07767481771193635	1.9782620246370632
55.521075479684981	-0.037381959339455637	0.7493057484554706
55.68865615459292	1.1378577061429587	0.70235947255538989
54.749476588232902	-1.5351516870486923	1.1601392215292359
55.827284189285578	0.0081347913239505926	0.89816819693457473
54.970979488035013	0.73003446085476542	0.93704565810612483
55.684494337814563	-0.83903296563049612	0.44233969954255242
56.324579160522994	-0.23810248340641829	-0.43072080979143912
54.988351765387101	0.17814434599531437	-0.84794850519427678
54.902996643885565	0.89314187956577695	-0.63637435643881124
56.043240350332091	0.059263720808763555	0.85512608501318532
55.512047833876927	0.34780004453340002	0.61435495468202905
55.696456433876079	-0.67886781660801054	0.078908376061510785
55.874364036512858	0.35125343056060937	-0.75885483235005191
56.084915233081468	-0.84874365939457708	0.26318380099636651
56.166232129893238	-0.23587453675601136	0.94537806110949352
55.791111613685572	0.94747105551254518	0.68864419998935511
31.703887616728668	7.7386533609115311	4.9532027242466699
55.647121760995113	0.40536378934676559	-0.83302439407740747
55.732646605024577	0.23384424799131806	1.0079448840733245
56.480375075378568	0.55615982103554418	-0.44604420126361949
55.944095195243207	-0.35060308721944999	0.66766017017513124
56.763549396805594	-0.62078265507107089	0.82614335883356516
55.253713459527546	0.7875238020460269	-0.30313576064993836
55.198258215296086	-0.91832426369058573	-1.2829190293779991
55.941987025590507	0.70721590565730663	0.62978602849332388
55.929343257320731	-0.17654334608805403	-1.122890606481892
55.5289845448454	-0.043627742192550008	-0.82418750794488638
56.107263251070535	0.15413568734247993	0.74215245233200611
55.229705511933922	-1.0323323603133894	-0.32339140752560325
55.480723877657191	-0.63793985940532061	0.33542340907697954
56.050082526251202	-0.54934128179286057	-0.99289597767068649
55.498487681649507	-1.0597249279314926	-0.085221065898692161
55.612794142685033	-0.71353978200236701	0.17669158283347344
56.492254307922266	0.34738574687715029	0.70624776244368648
56.591639477088606	0.58074957708048602	0.9612753880387398
54.77298918899892	-0.41679796561752613	0.70693097066610189
55.618149499684961	0.58706985193429018	-0.5054598037001643
55.351541039744667	-0.54984129505881973	-0.83616673956489873
55.679108973937417	0.91742734130666825	-0.12760525280117713
55.31590892934522	-0.068608678108840582	1.7510024909627819
55.811698753124318	0.50428585960196981	0.33327903426010425
56.302147189632109	-0.09708728027950092	-0.83732984384660292
55.614795539882991	-0.36421954030530002	0.41431422070129098
54.880684457201014	0.69942007618813029	0.59696170452428865
54.754212537165088	0.97504503737831061	0.16519160494962334
56.165851933629725	-0.2235669517794576	-0.3104482122479903
56.326989908676609	-0.77623172106043026	-0.14995231095340392
55.587616875356233	1.0177174634522086	0.11351583536763499
55.662635696561402	-0.51620477860205138	0.20086806497049992
56.303202689379724	1.0427513473262389	0.19387438466338452
56.537789405452422	0.33323829988419551	-1.2697025554977224
55.829840681162025	-0.19881094500726246	0.90179255861155383
55.771183261347431	-0.314170852130429	0.1851511760344364
55.111716004566894	-0.58322432080773368	0.69201806583577741
55.510173891704554	-0.89095693829363509	-0.48704662628561379
55.208115499547432	-0.95648548794914512	-0.63475909232741956
55.718814272181902	-0.26086432827666639	-0.70968574711090382
55.950810785500579	0.99508854188987927	-0.084297486817672143
54.847158036804338	-0.57609941464373171	0.57299390159800956
54.767653566664976	-0.85652568326400536	-0.23915777046456577
56.643694126035896	0.14225997252752251	0.90996590776209429
55.944453760699957	0.63847847180459472	-0.098561531594198643
54.815698337543076	-1.0643658876102087	0.10275380681810446
55.143934640953518	1.0515479157530971	-0.55744078848215883
55.488523307503606	0.3303706023966847	-0.93848841215686862
54.96594931124622	-0.91289724544524931	-1.0130486302686927
56.253880661313467	-1.2267733576241591	-0.072523431936954361
56.10040076036595	0.36984202323063048	-0.89725328333234899
55.259157400944503	0.38466317378796377	0.51141498063955304
55.126941253918005	0.66226752452947013	-0.59453806650323027
54.844681695290802	-0.84847407663028451	0.34523961787909968
55.06890550747643	-0.57622366147006532	-0.2613625272916254
55.978502851584679	0.047330552281973554	-0.95036098002078662
56.688388683270638	0.19108114397662015	-1.0342090115733646
56.564455494624212	-0.53021724058022524	1.1143956469291691
56.205321908064398	0.73755883889731744	-0.21521511540551774
55.687587593542979	-0.78836637280725086	-0.2071897497917238
55.821807982679459	-0.89474180480392029	-1.1316033968151384
55.644730554113579	0.035678008570743443	1.009648998045275
56.576854400582491	-1.079903050503505	0.2273714920453031
55.400330988738439	0.0021941669541366204	0.70084740736078865
55.15593571396397	0.59028380122794477	-0.61051709084631756
55.497846379615886	0.43781310646142374	0.8543897055781815
56.211399540964855	-0.78986368634964921	0.088618448572240618
55.971282497312643	-0.30326442319155589	0.62257780677576147
55.815138068687098	0.64749150592156923	0.32068787277842908
56.043178555681003	0.6614765117669873	0.93254464431484718
55.413733353634868	-0.42549502948464185	-0.97019173472328035
55.554626996782822	0.93341580701427063	-0.080501080424947385
55.070264634683831	-0.64129490813791123	2.3069378178134916
56.273763920600715	-0.26186152935567486	-0.84592759284289476
56.572128752070746	0.92621113721568438	-0.95529428131409821
56.241643310461903	0.32681179676479044	1.2735013582923238
56.279784416168447	0.34421034142173901	0.7307225842439059
55.33705613996824	0.13915314303550036	-1.068675560620397
56.388864513903059	0.29506135981250409	0.53293435402880507
55.221009977996054	1.4241794829231242	-0.11614261173166102
55.89071990724424	-0.11095134838969904	0.71468396635968345
47.621284761832406	16.281136796392943	4.6445866971875667
55.750053606685945	-0.228855921141352	-0.86843747720026498
55.646110547196287	-0.62135580327148887	-1.2643004197251504
55.548064140108785	-0.24554590767773923	-0.85501608748120717
54.765368738288046	0.53493079119500386	0.48735101675626169
54.668184738801344	-1.046964010408137	0.47855219007352495
56.459240073354785	-0.92396361746611633	-0.28066806512428749
56.525638789118567	-0.6859833298354735	-0.63600634124482736
54.696367848301321	0.39829556567834484	-1.0375812733786118
55.657042735697459	-0.42310277535436552	0.20869972426959105
54.901017632308267	0.67626689338414547	-0.67857639927256419
55.306027243852945	0.52181836524253122	-0.50146168795860824
55.544822694010875	-0.65405429912209967	-0.61082705088144018
55.665225724232954	-0.079307762068597493	-0.95238535147781944
56.343726321348804	-0.76370255497242812	-0.66683635650933903
55.685326025205626	-0.94303913289973362	-0.39009541575445261
55.216642843574903	0.21683959210408507	0.15512298381086195
55.537420835249314	-0.205158569564763	0.53521576984751618
55.483287036553271	-1.27417544137627	-0.0091870860891340861
56.564350221988015	-0.62200010037689468	-0.32709321008856745
55.487601575829039	0.74180867538042494	0.50610556064092904
56.373117779536699	0.65541887661360965	-0.92967579464765704
55.960102463028797	-0.35764756179577506	-0.75604430131433098
56.282726520552274	-0.94858877185544577	0.34780075288652679
28.004195498653853	-0.35587191051687556	-6.0252678112167661
55.266094255960567	0.83567665414873693	0.70272926770144106
54.898857742738571	-0.6943474830210048	-0.12599869071972253
54.842296789095947	0.42093759429638	0.13091026017655008
56.311806641340119	0.68042849980475872	0.49765111748447127
56.345948866629236	0.25230652743076476	-0.7299545581421043
56.316413385705225	1.2443575141404541	0.0098120156778716879
56.649942057504667	1.0723979188776473	0.34847957926956935
56.176964183802426	1.155753956696288	-0.01066891948278959
56.388891684235432	-0.93616952234924322	0.73500433169177248
55.027119091158006	-0.79253836754070661	-0.54492657593894567
56.438852842110002	0.94072139167469815	0.23056293953137716
55.509032016988392	0.32952294014108952	0.42177479504369464
55.247508116509984	0.90958712033043299	0.25311088216029354
55.611756043876134	-0.55965454021623606	-0.065613543097371246
55.149201575868453	0.57615861551435965	-0.34411053184345769
54.740117098135769	0.60181483624064935	0.39422271823791782
56.068164163588769	0.67250055096312533	-0.43021914061538102
56.420600009264156	0.23398520310578538	0.19990271675239613
56.440961007745074	-1.0377886831083756	-0.27458474869047217
55.745008296748694	1.0024421911635164	0.7453446397994925
54.755999223385786	0.79837457858875371	-0.63910028231334925
55.837796718124281	0.70944080435586543	-0.80145272747960916
54.827471128026559	-0.70874928127043102	-0.0037117624881827212
55.225113652802719	-0.52490174717756133	-0.41080100591142099
55.579758135340256	-0.83593364158993821	1.0675487648289657
54.978885435218643	0.44502312133242422	-0.43186396516700543
56.410559631333506	0.60606438662870976	-0.31135784736704819
54.977275728187685	1.5010058410100229	0.24857511869477572
55.111019085776803	0.4695550159430773	-0.4231244912735298
56.219346020088629	0.60282849535208316	0.49196204123682297
56.466056008969474	1.1425939004595376	-0.32602444402158587
55.857325823624826	0.69343135703947056	-0.22651539594161915
54.857118423997441	-0.60979570195534261	0.90452013080318039
56.288993079814048	0.23800162451936541	0.59724576256235218
56.359422569765378	-0.70866297955708379	-0.76810155117540146
56.202226372874705	0.41496854935971927	-0.0097450987497525506
55.182391977787006	0.61883454795266168	0.45128860076348215
42.973671835638328	8.0240211635033507	-5.3901051187555495
55.964240899246626	-0.82375498168735384	0.91879025876182052
55.897645222940241	0.83113410584630398	0.035128640472884935
56.037895468166376	1.0759977360084694	0.26995185755678458
55.259604653036945	0.46671004767846525	-0.6451604230469058
56.391077922609107	0.084325914982526978	-0.77684905447396246
55.654031204146321	-0.74493978285366624	-0.48395008198452366
55.810954162510427	-0.16336480978908924	0.59599933242697345
56.682481892002706	-0.38275952188915618	-0.58565939901682973
55.276219663897166	0.97224170681167155	-0.70449438871600356
56.09068470718217	0.14548692987362805	-1.6342399278724584
55.652529571701812	0.57061665465431854	1.1721513173628562
55.147113354858185	0.30000738225532531	1.0716669408685637
55.287996259289343	-0.26150794351564688	-0.89058630437512454
56.389575411741802	0.93497580288210502	0.014355338707284974
55.390185988559416	-0.020565397463701521	-0.84407462850038573
32.548181347366217	-4.3370150067322326	-7.8579835065449357
56.224306386193419	1.0347225654926457	-0.12343952518946541
55.414152676306891	-0.23595992877399208	-0.90418235673616454
56.608153585653298	0.34376525168344041	0.87674861382607472
56.183404077161633	-0.23885644839772163	0.76195994857979166
55.832324728087457	-0.98703478028323288	0.8623878513513964
56.196978241091067	0.30573600292811887	-0.48745335252385952
55.611047328230875	-0.73570633293551624	-0.27472835158793002
56.380407301635607	0.56371790360098983	-0.35815590253053808
55.532004199996578	0.29358405644378793	-0.66591689731233272
55.085641173277992	0.14089606760682213	0.98918496408434686
55.442307497529093	-0.38217930493780106	0.48586944572276108
55.727107497908591	0.33726511202513132	-0.44500298756074858
54.726964030455314	0.53760662405075532	-1.0227328027360549
55.235450758210327	-0.8462881166071442	0.0088929355792184053
55.666155640258111	-0.76187922007715059	-0.81456404921546222
55.092694128194672	0.54793619650937875	-0.52949243092424692
56.407969350359842	0.64152845968391969	0.8713127108984382
55.972293290407912	-0.021021453194764513	0.90160324604639408
54.96615199522509	-1.4793091605023343	-0.51360681874783354
55.245088345672102	0.75232117740427229	-0.75929461650546226
54.982596898935469	1.42174566055732	1.1377326768468579
56.150561528923021	0.84997764301510392	0.31308155138485111
55.260340989709363	0.24660965286352768	1.1405459822938206
54.781219777641248	-0.87059383030274218	0.47367148412983667
56.41134113202807	-0.87687933712387445	0.011808458750426279
56.230750041312767	0.19899364987188789	0.24911076181348868
55.16900875284805	-0.79074031572462766	-0.30851950656966287
55.890873014520899	0.3352018989800003	0.73849472306846364
54.860978822836344	0.81016405114122125	-0.22298537684828396
56.038251739941487	0.74434084573645176	-0.18450770860959695
55.736030889315181	-1.4240229969568237	-0.91227833422545612
55.043289042626931	-0.42831070714216174	0.44854974707928857
56.351881655839627	0.57122510163076046	-0.84080214541913845
56.596429066204287	1.4332876967232402	0.61755881523651879
56.205381069149084	-0.63487269891449305	-0.85470356698958094
54.82433171535677	-0.36308375404252236	-0.67512213469719728
55.165763516450035	-0.73025956490585664	-0.38589568394481033
55.304891822203871	-0.0011398905540021453	-0.56425156372976548
55.482589294191023	0.36643992217782528	0.92462524472628338
55.354815354722753	0.10560926039176019	-0.96523823825203781
54.894278754311493	0.45018118555543174	-0.5507828610117339
54.866601673208528	0.034212845384023097	-0.89196970205529935
55.681101171463503	0.20763356621443826	0.91443541346507728
56.311026619644444	0.46961652001653759	0.42389141233711014
55.636354327520671	0.071545951907087527	-0.68605238622511444
56.613143160742553	0.13079971114365857	-0.66461356654699211
54.50728393900166	0.24886593727168571	-0.4313734831114262
56.460170803086889	-0.49670592131812064	0.78704085831249249
55.456611856459091	-0.65233266028960768	-0.025843725744736718
54.88718140594208	0.52158889627206773	-0.25531808954353186
56.049873180506964	-0.76025044866741132	0.44278990066308471
55.302471356978664	-0.0060840952621857743	-0.88422784605478766
55.945882209545722	0.44619034748662512	0.17013824564011096
55.101792016970208	-0.65559306736964451	-0.58736613365786117
54.810454217841922	1.0242764029131393	0.47244413949290315
55.804785549651392	-0.61579670650788032	0.37209847486567083
55.946636163633904	0.90937570023862146	0.17724698984064247
56.24384579221185	0.82011028058398328	-0.14139868653966009
55.706700448151437	0.48029838465276625	-1.1398821104810368
56.513006777680204	0.39507157682448463	-1.0394569863208791
56.274125568158496	0.15072385724291307	0.59584240437582836
54.77148302532138	-0.22925251631309121	-1.3307671064379258
56.726659611372121	-0.67499316162073852	0.41680564764179373
56.623160807311187	-0.75898954389057194	0.11328672083262936
56.126361559839737	0.66788026142899137	-0.37125900661100725
56.144165758826887	-1.1928132693552349	0.81034647485825173
56.341968963412228	-0.046476619929679885	-0.59526821332721014
44.518293563336343	-7.4194591895412447	4.5381878215629206
54.94889821405382	-0.54087857195482525	2.0369653882401564
55.593181237153516	-0.30083697621632538	0.46668426497342319
55.318996629943399	0.092890664620403976	1.1588766919537983
56.363373869636796	-0.63918172285255981	0.84924222089464563
56.303707982064878	-0.37653563141609597	-0.41292837766148377
56.566740394062585	0.6347553111597164	-0.86675006514268604
55.100817078888916	0.28837063381843914	0.58663934906443937
55.061713443245068	0.63471798464707996	-0.61317341879143583
55.838007820812862	-0.65253782016726913	0.33473522560219232
54.881612372495631	0.91784451810098555	0.020820364817519886
55.84940031336771	-0.14461585600893706	-0.97159308813110679
55.004596755667343	-0.90045223478793213	-0.4114228373801363
55.034871513312268	0.50499576239314314	-1.0317923648003708
56.363417208797522	-0.53118885778122493	-0.055927762017756059
55.577116886777667	-1.0203307071947374	0.10716163354084321
55.863482995659041	-0.51850290452420678	-0.67823936595290546
56.128330133792616	0.12161390753883974	-0.96411417098710328
55.286966244692344	-0.51792853928618299	0.90619612065652477
55.870804165079647	-0.16996038800917926	-1.2421194623063392
54.696618319537258	0.1529160752333765	0.9767075018881517
56.032384006592146	1.6173297917343799	-0.26192606733305335
55.759474880782967	-0.74560464581527253	-0.67333913378240395
55.235001039964786	-0.80921827534961299	-0.11941794157309567
56.165638987843963	1.3140332586689039	0.042497657342482724
55.458112316914807	-0.87768172444895642	0.019517007889504303
55.884840918833561	-0.077537671963397906	0.87972091006756559
54.613379723624206	-0.88207625967235637	0.13557431449255256
56.076870634001892	-0.20044254089616975	-0.91294303759392004
55.971106987943479	-0.1499356104995154	-0.70758573481921982
56.534197294671266	0.7453635083384017	-0.68725815311306859
55.724647912447949	1.3918258630478657	0.74824894910095019
56.069451312766972	-0.50629587897791761	0.14523834282433393
55.18658358387863	1.3368945708069557	0.70544435961931029
56.4016031143791	-1.3128786916703845	-0.75759371183197988
56.763948935510065	0.21400777364275622	0.95091757728613346
55.409912248263836	0.44781066350834653	-0.44338445767323065
55.718733839748083	-0.51834222736646907	-0.64335065690468285
54.929125537465616	0.34662389235472274	-0.68398773814076164
54.994516259432416	-0.94029066491812774	0.74946603412835133
55.229208562803208	-1.2693444502763795	1.2982480604971278
55.936531829083997	0.27277879032732832	1.2658829790921089
56.12597246469236	-0.79638394585722472	0.50853239845997311
55.816539959000927	-0.46857534340091539	0.61941796485179101
55.916038478762111	-0.92781196014617118	0.2244685464452362
55.25390243372626	0.71598790105090315	0.05922426383325996
55.779662373381335	1.0971281113206537	0.29102908265490718
55.413033460214123	0.22300829065702596	0.44575087668899777
54.741745691768067	-0.75681978213195678	-0.54025609797185836
55.162065405034433	-0.6329524888469642	0.4626999287529111
55.370353786813162	1.5802219282779908	-0.067186458695342649
56.580006197129777	0.70217370696728432	-0.24897657223932401
56.561005309214167	0.40750420839826157	-0.76979371218922965
54.783885837789477	0.9556282184308198	0.2178366191340291
55.239834601938476	-0.92234130828387084	0.73959072782266366
55.051362005489906	0.68015499474404784	-0.46120966509260192
55.495840083525202	-0.37287948028505657	0.72028622711929013
54.890816055833902	-0.80443364865602018	-0.88468574672359201
55.96458711236091	-0.42202689978669927	1.2499607183938688
55.234290610469714	0.26176107431099166	1.01364166538337
56.286646901127817	0.74321392703612876	-0.47355110830835367
55.921975197571271	-0.60501389667111194	-0.45506967209403915
56.422645242780533	0.2376593123360701	0.95191430479966899
54.903887298732066	-0.22998318754412034	-0.17503565159398413
55.834156384015301	-0.34648951170895326	1.4333454773483527
56.088574144801726	0.9950181509648891	-0.23292132847885408
54.846087468651106	-0.26381710298834099	-0.83218778296214546
55.792663251055231	0.17467511175423661	-1.06114296566271
55.267344677679922	0.89713272917875619	0.34782108319200128
54.762667924809811	0.64981755185669599	-0.50295793500587005
55.426948028954172	0.43833205521704771	0.17507638581032425
55.994918098084618	-0.4058693213154152	-0.66442388549877385
55.569154177853967	-1.0908253301839275	0.16215706910414412
55.87235785578212	-0.92670760762543858	0.5017634650248346
55.207685268366347	0.64995705036249418	-0.65688968968474559
55.755453137967109	0.021690129062350669	-0.83339023702028792
55.466130578456131	-0.38280910505107529	0.26225205577390076
55.848999780522604	-0.30912525483275993	-0.16874262454741187
54.66901691174786	-0.045146367972006579	-1.1495870084370887
56.265751022990798	-0.10771077054051199	0.74425267916928151
55.866083564113246	0.7483948928400993	0.18554414036776451
54.849048292119335	-0.89095863444624412	-0.38690924247908992
56.105512312191124	0.65840734200631912	0.27794339302775445
55.831352350764313	-0.54718445858746889	-0.52312750223396631
54.74478146902922	-0.79212244862982173	-0.17574285725762079
56.111661594678978	0.89250038886869532	0.46045320491772573
56.302322271252152	0.73300191972914297	0.33576068803622444
55.699620229210616	0.57604875520693433	0.66781898421078234
56.520384787038495	-0.47856736613024453	1.0452330678299451
55.872089999957211	0.014505957667506337	0.58640276141393255
55.413668177188939	0.39287525645476823	0.94836308783530121
56.383407403960987	1.0428744980053142	0.11391723274882373
56.428635522077336	-0.62584210586229649	-0.51698805368299461
56.267295535034918	-0.79290824269789595	0.68765791285796285
55.649924351471768	0.61089688657235541	-0.63441420258691039
55.02179595048311	0.63158568650359292	-0.12469935106435578
54.966164454980344	0.69998718323251652	0.30026478106827953
55.102408573552282	0.59175013651728492	-0.17692167365287242
55.203467447761255	-0.89146213406290309	-1.2155271153016203
55.772006316077203	-0.81060792997037034	-0.18326443919352514
55.965079450331793	-0.8666706544513042	0.15493589935858568
56.315572864644807	-1.1177536150706304	0.018703448482787835
56.54550336179588	-0.31605819900484755	-0.99303405679180867
55.868617392701999	0.46028291237773306	1.0114226643870199
56.196698719822422	0.16375416830543713	-0.8436680761531028
56.388638405980117	0.04101084458379857	-0.3502043478546451
55.275557003327911	-0.64256302265827525	-0.90663542623453119
56.290676842233005	0.7127221496572278	-0.66290599672724304
56.49555488663286	-0.60048243954797875	0.194081487160945
54.970948361058952	0.7510519504306018	-0.072748397320336139
54.932817862371436	-0.70885656013310838	0.012771793853902699
56.438911125449394	-1.1128117101742399	-0.15620253080071594
55.247856764296294	0.65475397603644214	0.24766726025674174
55.496219397692158	-0.34019366369067444	0.6573046497177284
55.255726593727154	0.1004165151456064	0.70643196835036703
55.491578354067933	-0.39111594210573764	1.0355181506578117
55.436896849417195	0.13660891700695504	0.6709156352364023
55.426615991947571	-0.71486658664913194	-1.1254915855526273
56.079137767695279	-1.0476803074730803	-0.44989268149173195
55.393875536236536	-0.29314174729681286	0.76640746494873513
55.809911182148632	1.0430679427714107	1.2810120648725649
56.431376247117797	-0.37568497944487644	-0.6308984535820481
56.371659820675177	-0.74252084653180261	0.3157671191140583
55.745822053098706	0.61066891349438124	1.2181135914206831
55.033524187134326	0.047609685165683757	-1.0678560595435866
56.649494794132593	0.18018303680071582	0.88851375137721567
55.643191046532984	0.78581778895019128	0.69762370670283336
55.076031117385462	0.60357542929845709	-0.39783925225815825
56.419967744091842	-0.85800079083376568	-0.65756169798186748
55.514795961218148	1.0642771189309497	0.60928207691692671
55.916682755458105	1.0674709315399795	-0.24786429540097163
55.317917132581833	0.34183887672359231	0.67567597667956791
56.143311088345129	-0.28320966075773985	-0.53277967251226976
56.201127422067138	0.30378927922023363	0.81538889517030655
55.954719453200212	-0.47260265067784862	-0.45369122478645935
55.204548314304049	-0.77227444553727642	-0.52826830073968689
56.00485983320192	0.55337074540099462	-0.037060690676348707
54.947452812008862	0.86487627428210112	-0.13521656176035707
55.303349860071719	0.46186090169168598	0.42655476136049841
55.835674011576032	0.86980773093696362	0.14843023774175237
55.058336811056215	0.72086999904395854	0.37476732318567868
55.773422814536197	-1.1492654988441438	0.032231810339191092
55.763618513208876	-0.48948659529803679	-0.20787229107094929
56.33466689603452	-0.55126722393884786	0.60980165354309668
55.630355913418107	1.0097035588384144	0.039104923235870524
54.703389146777177	-0.62231402842278394	0.26553789967449687
56.002651441737129	0.77089768738206033	-0.39689607513885328
56.227088721833859	0.87259237289322777	-0.78215125098026772
56.554266531763091	-0.89360217797191355	-0.085599794521477382
55.674550171773028	-0.95408906651109071	0.33905758631937516
55.508220441300942	-0.63001737247827361	-0.17639533309738312
55.743087821802725	-1.2406038163455451	0.13264628140826762
54.85549635106549	0.76917759163260624	0.87637866856371538
56.571463880921783	0.99842304727959419	0.43563290524929094
55.165917616085444	0.12604407982086721	1.1651365710682824
56.156387259110538	-0.20126507500825008	-0.95554864510231996
55.423070997752824	1.1864601099957033	-0.79563742461915721
55.135671746883844	-0.044604679743735672	1.0046279159462363
56.503690430304182	0.33992845191438759	0.5145520950031035
56.584144926940084	0.91560953947370216	0.47623071614246754
55.360404670068526	0.54921296851777435	0.11573467113916749
56.44398612952584	0.8861532100855477	-0.52590800612442656
55.921855425587658	-0.51219575601513845	-1.0096532324835523
56.02517444220539	-0.14227729259269525	-1.0113791141261295
56.503463172409425	0.81905096962374568	-0.12401934071971495
55.764928460973465	0.56048257573670524	-1.0711068814365652
55.434088536185151	0.53927612916319301	-0.38148652240861169
56.535060301614045	0.81462018609174569	0.29688933518594018
56.440916451088349	0.47190798616339974	0.52971860159433137
55.21901844217458	-0.30972521188535085	0.73384563357492494
55.556142236184229	-0.5556832203299058	-0.37132845387674907
55.844143133635157	0.88633550560562824	-0.24769148206985936
56.003776167069041	-0.77872261948230137	-0.19424930457165598
55.9706955523639	0.24403341537453538	-0.74025371122901695
55.5385547606854	-0.21215480987342455	0.66915658916009879
56.50224272282091	0.18879031087442849	0.77278744320704995
56.549513568861343	0.96677401121517459	-0.01613569754519064
56.370423806022814	0.56895910727351884	0.7823996717161763
55.144428999390762	1.3495007652871529	1.3822420985990831
55.190312521924746	-1.3858643381284237	-0.51455389021152775
55.908096936398394	0.59968801388718374	0.59377111119719161
55.285767816519119	0.21871790007328767	0.99285234457574012
55.965234111861221	0.61558390965913012	0.58704816017858896
56.704749490301182	-0.33756740157467169	-0.43388533036299193
55.79794967732758	-1.0066701848092781	-0.10776108519104959
54.812071011332009	0.81206984598521903	0.4759473624691275
55.122192667850804	0.26520350282692656	1.3224670228234823
55.62131678674087	0.31324157103974443	-0.98809539535894586
55.455752921829458	-0.74624881486473749	-0.57673317408505642
55.64558594841106	-0.011687006417140036	0.59592098203055821
56.406504530328164	0.4628344861937852	0.56619531905985243
55.660106622807163	0.56963482057958659	-0.87649493850448146
55.776084539582939	-0.98738521330913898	-0.36323268442935791
55.326539667563779	1.0820463424923972	-1.5834425661466762
56.366808759038818	-0.71588290297575585	-0.0063074484564306426
55.459606632904453	0.094311323703579863	-0.72729913324271822
55.403730347961613	-1.0064626007390203	-0.31684978268574121
55.964868840808954	0.23863068545609192	0.71055245678198076
54.830128199437766	-0.42879565443179518	0.33427405063130583
54.987577337979793	-0.39524076631259331	-0.45550600929258822
56.229887805505413	0.87868851293803329	-0.50661406744710513
56.480959245412194	0.25760405854913609	-0.015078486664279163
55.618859974248132	-0.74608523943604477	0.44697021443734308
56.555573748874906	-1.0145752627393549	-0.40441716057632421
55.840792719671065	-0.20655704011632134	0.62451553682933669
55.649904912965319	1.4936768647112959	-0.50113740874656243
55.20137259544191	-0.87402450143302213	0.36364301870909571
55.066315261319886	0.019162837737664588	1.0859149186925554
54.812523033358396	-0.46423189526394953	-0.40664585325846997
55.772220792322734	-0.68185581037157161	0.3097881232117376
56.196356948184658	-1.0688428089296571	-0.64200782238413145
56.250643159078336	-0.85269567647780131	-0.060094026923928075
56.599366363449789	-0.74519128317454675	-1.0194577915181495
56.544499534468464	0.80684449120776303	0.72286774958073241
56.709778811505018	-0.65313587347633573	-0.078282578652463367
56.372029365727542	0.72080743773113587	0.0098394875920900134
55.42578623523044	0.12119138235751738	0.84958980564704767
56.507246608605904	-0.66262477621092775	-0.11962707789504248
55.385198201318111	-0.60373333710331756	-0.20918318903371838
55.48813678704218	-0.55934628395039732	0.77007394585894318
55.203645860092024	1.1069937322732348	-0.069956062611990527
54.487486212381128	-1.1740863234304604	-0.38924332519153421
55.221612057788519	-0.093616653149502835	-0.85363559461322458
56.640544301824661	-0.35925527658411738	0.46444159260410511
55.427073225373242	0.86435767788715467	-0.25277155209304714
56.667859489340614	0.51665215394267672	-0.12042103982467434
54.694188521506234	-0.7816483985316881	0.77545233917187717
55.168542362306866	-0.16348851000721687	-1.2326136359785831
56.324177391884099	0.40381045001625165	0.53406146281772771
56.054523667459279	0.49299385359845732	0.17129517709808126
56.119478452992496	-1.0527131622210042	0.070999177062869678
55.876535674635839	-0.24181350976009475	0.48478214187675972
55.595175686746252	-0.34711520622771252	0.74271865396647463
55.308308066197512	0.85074328443243563	0.043808248250673247
56.305028391922249	-0.25966290374754225	-0.72202222634535884
56.671412088983729	0.48502466880281836	-0.1013317648463138
55.889008993771192	1.2977558295551677	-0.17949261442160552
56.555598519326061	1.3063042282232895	1.5185401776713585
55.179493119872859	0.29428400437160745	-0.61151713520573114
56.164016283184957	0.33898870942012677	0.62305209498932002
55.269147235701205	-0.49547148584877321	0.81917306612015683
56.339042025094543	0.64007946352130063	-0.53071496006253094
55.370473440701765	-0.80971419967477098	-0.36746490851832636
56.26375231066767	-0.014016602853955456	-0.94122178708215609
56.116778230882851	0.083159107589120512	1.0118092310006557
56.288734846429158	0.25750128139643835	-0.41377648469899486
54.670569386319869	0.90275919821828499	-0.47918715803306161
55.299168639309627	-0.38023710459971127	1.6041393687975061
56.016293909900071	-0.7860856374818036	0.66885254615977296
55.978607775017402	-0.2503939247718544	-1.312918145988935
55.479197577564818	0.40084068235024439	0.26596514372800695
56.303460778071987	-0.26674925598943361	0.53610015724300286
55.798844807106057	-0.61781341776047849	-0.5178215426397117
55.590125773356419	-0.61850914742225305	-0.49820693273009298
55.368486052831869	-0.083053531243700865	-0.7022779337609707
55.372736646107086	-1.1722848030371664	0.17953226720426477
56.598448453336452	-0.61248606540197781	0.41299096959374482
54.992659527870899	-0.70049905197822715	0.54070107938845713
55.416416658913661	0.76173609775980788	0.8956216209543727
56.199647950506566	0.80814363580002258	0.45554585088222777
56.098164680311392	-0.050832269869258012	-0.87192237771922798
56.001491150973131	0.22161123034679439	1.2190753282361377
55.337597518868741	-1.0942680400932534	-0.51032195869152797
55.277890948705959	-1.3980331578175205	-1.2667405901117808
56.059906441408444	-1.0567687181293246	0.40795412232292566
55.223244591146539	0.64406202023883397	0.26175991639223073
55.50738210348505	-0.92224490709473195	-0.34628994080787756
55.406656106584919	0.20267852586327059	-1.4606248455972801
54.657154739937589	0.28775001877130207	-0.7367844156613973
55.404756613390205	-0.72182797872595139	0.99068759494547387
56.201505069054846	-0.38580239017825058	-0.48225387410449738
56.011278606517813	-0.61005312604427275	-0.79646040156382614
56.111016048626936	-0.76348198402352951	0.90160385350590722
55.381164250046403	-1.0848437110420399	0.50828254804797923
56.339315298237295	1.1943514778859792	-0.42683000055107773
55.756289961137455	-0.23369666726114671	0.66846068771067291
54.888644961700322	0.37416484840328484	0.46994201956847304
55.739491251000366	0.20158280365670569	0.96436688167007645
56.204600863571869	-0.79426842666627595	-0.57581660556184167
54.968914784359853	-0.73777483930368226	0.32653043278201149
55.854823345990695	-0.82467848895484164	0.50730031770944728
55.9476189930717	-0.25651724584411906	0.84973397018147501
56.360609869761518	-0.43114178055224711	-1.047638297935634
55.729064202604143	-0.97219819843835087	-0.73705229438835862
56.6369101265159	-0.28438352875583106	-0.62042076733035767
56.456292674861231	-0.38075767090868928	-0.58465003385266778
56.253661101339446	0.95467708753878044	-0.48092985604057076
55.169450388332599	-0.76076695873571876	0.86502838222101841
56.092642532476837	0.44014664462186548	-0.76958171449036195
56.188552116869012	-0.9604752980802399	0.47483641207540778
54.74698378745218	0.10753433658339792	0.53022645451282624
55.091116234057488	-0.96044665215339708	-0.52544918465632284
47.826653701580113	-4.2285238098053188	-6.0922899188120914
54.913204724960792	-0.1938818809780985	-0.80917976513497858
55.373641882616383	-0.51220845278823313	1.0230484068743313
55.008889066455417	-0.91365173858469717	1.5254376279878255
54.773498323609779	0.4191864747349805	-0.76151699780162718
55.230634218300942	-0.33961284550624848	-0.56940438194149179
56.290280741319968	0.70450327811106495	-0.18251393881428371
55.087774006368626	-0.53812357026629931	-0.72295720579528711
56.598526440985005	-0.61771456536867209	0.050254180169680161
56.140973781950514	0.13369503976413183	-0.71183912243257275
55.902323108423481	0.62519286639571192	-0.069087787564947961
55.578669830634148	0.26070902824815401	0.79377553096938636
56.100547952636973	-0.36646839687102079	0.58588201010630026
56.166580884360158	-0.12332100660528637	-0.69316286052594123
55.800154198115308	0.73116393307939609	0.31287880767156112
55.693827833095433	0.4278061586591711	1.0877697895528018
55.694252496771185	-0.81194943341410197	0.32044179653129479
55.085871710169521	-0.016311251642489717	-0.090259055268680957
55.729166523381977	-0.71276835392400673	-0.014595068973841373
55.15910255947918	-0.30145882968183696	0.93202949297518534
56.140700282918637	-0.94179238364764828	0.55553159532278618
55.386063814116909	0.66069517974323244	0.021506014660775098
55.992320208878681	0.30356792969163787	0.36154365571940361
55.354580161026213	0.91531602897431785	0.73987191250522011
56.033032850438403	-1.5131562966903058	0.40405434588618466
54.714007813124937	-0.067441431355350565	0.73277588346783606
55.958133019786324	-0.59414348412938334	-0.62448792799706432
56.28852574606934	0.59327513481004301	-0.67816490426425557
56.075685540059673	1.103500480769475	0.71241969852538345
55.053905158876958	-1.0829931756045914	0.6458756593864956
55.441203609802088	0.87815727715333625	-0.34695520616786241
56.641425345090042	0.33290484033453299	-0.1361202519565658
56.122432919271183	-1.0010067680910697	0.63723563029489805
54.882402382018363	0.19201328533453532	0.58524028245964488
56.510777742973353	0.29827712954187247	-0.5922089439682543
55.315108527687521	-0.87673209640138217	0.43506690763168809
55.714007231059171	0.79142315994127288	-0.13371040438506981
55.916403770101795	0.12904618960392708	-0.47654748390068979
55.034724295161077	-0.70229139525636686	0.10834931336578356
56.240296767905427	-0.90167138199286301	-0.13578171100461564
56.131953453581104	-0.81134084854460908	0.35472620861541182
56.182422825095657	-0.47070129118635456	-0.40647401858948046
55.914531709108083	-0.60211101135551182	0.51465158092336061
55.945165558308773	-0.47301545266810646	0.89881760235149133
54.886479732967913	0.59196841669607259	-0.13409536059832011
55.431234692589385	-0.85359932806146444	0.82620997022273668
55.537415427984399	0.74658682384276676	-0.70022003547330236
54.797169844938978	1.3641030692352349	0.35081842382541772
56.088632087966111	-0.32735813423936078	0.90389567348881283
55.011730180552632	-0.43685328270432783	-0.58882196728367886
56.259924394548278	-0.21300351491149583	1.4044832427707328
56.440465794224288	-0.2299700148178222	-0.75399080210401836
56.375334788660012	0.62059776132614186	-0.48396669646600426
56.378848032525426	-0.96580818452560657	0.24156078910424839
56.104780638809807	-0.46648646316476483	0.7487571224446844
55.866111695903811	-0.85719672599772323	-0.24171225249946121
45.680566912196809	2.5600026278372763	-8.4373106699831304
54.612688402104261	0.780027888581869	0.80749812073249949
55.684135579006707	-0.75631115115676539	0.029445784612397673
55.035769153526978	-0.029869604959822844	-0.95582871331584307
56.108524315631065	-0.64017510102946262	-0.83621269283285882
55.015645187547115	-0.23327372753158943	-0.7556265515815711
55.809870851515143	0.29668518462651677	-1.4161273052794972
56.167856596679044	-0.32235068953373724	-1.0812357557537839
56.458839578922571	0.913563312598486	-0.070999317311004825
55.39274351093929	-0.64262416392863664	-0.57045944654950598
54.816402385117243	-0.73678035937675201	0.5355951496589707
55.430740731824891	0.40118972131417618	-0.91641228138485153
56.192747414366302	-0.98930841794091406	-0.25107973345621271
55.500545985054586	0.86821984681249365	0.45379439909182717
56.430560826199887	0.39930211639917612	0.9710154207813132
55.495541635934352	-0.58930799765050779	-0.0016859857314013179
54.662682790059101	1.0896908356461228	-0.52020162952714588
55.405748443740642	-0.90723355087675439	-0.56109746021854601
55.785717066801205	-0.034820708467944751	0.85243743844353614
55.499590117265619	0.65432768075447323	-1.0227072849376164
55.061338860719452	0.78228027325738292	0.1441995968471062
56.277962553194037	-0.14937607344672713	1.0082831825458891
54.869930387352206	-1.0091863823003138	-0.4040704007295482
56.426297215514545	0.61644992710111313	0.10658660343558653
55.759423743776416	-0.8356085554388506	-0.0014524324505039209
55.104677587282922	-0.72288110440292375	0.53885531979912504
56.111845768254014	0.82149178862038075	-0.37808403876081403
54.857002044782696	-1.7248211289528079	1.3118903479294937
55.055505365440879	-0.52599012261057476	-1.0556302833417512
55.143338398620195	-0.17770377969076806	-0.99284671820216119
54.731191874386653	-0.7742133861511219	-0.74691373511849746
56.281995149485049	0.50165761934938768	-0.42889110400973574
51.610498440019022	5.9168497164978318	-2.3676559667925261
55.47648267247282	-1.0053386754626414	-0.59731123085416926
54.746834170783927	-0.082482346918004809	1.017229278294878
56.242811614335309	-0.44502099052567223	-0.50327320914050788
56.384931692549422	-0.9370293502537288	0.26091331207903168
55.186011350716427	0.87443705030978369	-0.05978291615909543
56.588215315649926	-0.72009681726957997	-0.11843566613706023
55.390498974595431	-0.17732939111594334	0.74402706162157972
55.737765260412033	0.896668998005552	-0.59478936859550824
55.136238718656763	1.0092970039049969	0.42909317917266726
56.669609571238418	-0.76766386292188205	0.66350450039725106
56.101912553247153	0.18939185989542584	1.0587819249621253
55.782657960387617	0.43775029552305361	0.73341259409829096
56.318933813175406	-1.4823445126480688	0.57700893575091761
55.580562185132358	-0.11442983984684903	-1.2387261976735702
55.543267461247375	1.0109691516466921	0.52382298478772527
54.795981712573187	0.79250823115836988	-0.64841494778856257
55.51162301702432	-0.24248078677814749	-0.82510685575249354
54.80595948241325	0.58655209194544833	0.063890182118093913
55.657716453536949	-0.44256130996252685	-0.99012170900316632
56.305213008441569	1.0148479838837998	0.066000275030871622
56.434435180290279	1.2744677728303442	0.42913133175392693
55.807423811470876	0.4343271350362527	-0.063342602913879026
56.114573647367017	0.55877266761743438	0.74282621218970246
54.733900602788594	0.95929206631278552	0.24339017375555314
56.385039618514632	1.7318214277244703	-1.0044761187793825
55.953856271291173	-0.32566219262233775	1.3224543424993658
56.285159699744959	0.97696617259799823	-0.081036917431180841
56.041852977106842	-0.56523894543096487	0.57711459838848933
56.497037642219361	0.78691773332045645	-0.069262196729606457
56.74171603887266	-0.90678558895655104	0.024779861719369953
54.756778341045134	-0.48724073740772256	0.73651509746294241
54.865969435670408	-0.22131006815674337	0.98543599488988431
55.666484000399279	-0.37945541129578569	0.50215222652022573
55.104827467994959	1.0643174939969766	-0.75608801477544474
55.749559562855559	1.131937232854485	0.070704438050346027
55.942481975755371	0.35979148414285106	-0.99990569669000717
55.182657257263088	-0.70611648746551359	0.58955510428814584
55.063437082757112	-0.69076660347843344	0.32334032425741299
55.850512485314631	0.45573676770874449	-0.81556003711004277
55.275410391846627	0.94458656248115946	-0.15589527608576156
55.38641701517993	0.21851344349134244	0.49784256405481669
54.913325085606964	0.80937901302908988	0.92511834427454376
55.730662840195883	0.82484065693037112	0.3723982215175366
32.764375253967579	4.8898221814781753	-7.6518077611934139
56.231000522331968	-1.0415743754803821	0.05528369872757094
55.429174008802789	-1.3242551172296568	-0.76018865581535433
55.43808179694684	-0.48994390424787737	-0.1401875404115524
55.061690631357749	-0.099034376650963152	0.096395235846710975
56.355093885196339	-0.51556394187554133	0.07282194084879276
55.569621369223206	0.64248042806460737	-0.40130867339476706
55.411070161916427	0.87301236430582141	-1.0045365332537139
56.200529191199571	0.16793052832115118	-0.76835196664652405
54.681449160053212	0.13862168021458796	-0.90038064675664398
54.953013828171137	0.51585651633672003	-0.8001624409586664
56.097834540684161	0.94896388047019864	0.068151715990769232
56.451200187193272	0.55117658370722522	-0.90755697656930168
56.494815732944645	-0.38546036912008991	0.35866590004974269
55.854555911792751	1.0378649518511087	-0.10067366343021746
55.978976299074859	0.37862279070117416	-0.81653467428722382
56.411888186968099	0.23633333228998679	-0.080837490575504933
56.384565979750882	0.25587213665289937	-1.0373158189176985
55.080501523665255	-0.16391091161733856	0.93888221858039733
56.438900212025715	-0.5815939340283105	0.4683715686478464
56.61233649376927	0.86582972403207814	-0.013143630838709135
55.089327373158412	0.5106538340102722	-0.71452564837163923
54.935270671179893	0.86298928869984004	-0.24180334837782802
56.406003117505207	-0.37725663270579879	0.67986686258257123
56.321994318450876	0.51317099646366682	-0.56260662485780666
54.798130799539138	-0.32276550673386872	-0.83158238051592137
55.986917641435966	-0.61126828930199206	0.46039985645894432
54.915126566247935	1.0505635000299225	0.23289357860497356
55.170891794371798	1.4887630376307948	-2.5933419693831086
55.201465729641271	0.58583668003272416	0.5299011510573749
55.436748853607391	-0.1513561503505845	-0.65864654751246543
55.15612273939194	-0.053255925709502501	0.7536069702779018
56.066697720585971	0.91916697743287235	0.09210364872410999
54.794200275028466	1.3397747836603899	1.012022966901075
55.774765166258277	-0.41580459997242786	-1.0103541353012191
55.185635326143981	1.0318411501578901	0.0056942647514580894
55.418145521533702	0.39143935574764871	0.13386560553146054
55.598664526454812	0.16438363903375319	-0.90996898764692291
56.123650836691013	-0.82070031768520491	-0.29165223503711807
55.598364626583418	-0.66291411019343638	-0.079210732007601203
55.809865699874052	-1.1527498872184787	-0.062019312860103148
56.276259995331841	-0.15867506486060351	0.22078684776008101
56.517057196360113	-0.19838131391819064	-0.7316410216439414
56.605097723058343	-0.58104941787459963	-0.60820423995462036
56.043986718964383	0.61877147065565474	0.17620881966558027
56.122307363525096	0.1115055113400641	-0.53293409093362443
47.696822628862954	8.2912350031300424	1.1283530086312938
54.706143904930087	1.1313022903706662	0.055179229587569073
54.957103374201871	0.93246225247301395	0.51560644365810049
55.536354527834312	-0.78184113673483802	-0.56333238383252382
56.275395809141187	-0.98981628820473677	-0.32967071053826585
55.336860888883017	0.59424302706798826	-0.0091046616978801686
54.983579627221893	0.97370630119040424	-0.51555376699552979
56.315428495741216	-0.15437701543109614	-1.2631073765849268
56.427985057963426	0.82313907360524419	0.010780834075228934
56.652764706067252	0.31964987091484087	-0.59380307211027239
55.578900837977919	-0.48518652049331806	-0.28556463828712036
56.506448569969294	-0.7190462116189914	0.21361092146176741
55.571610806608987	1.1877442140383618	0.055615222285038415
55.169394127860976	0.020799863076926342	-0.61197200576682043
55.121557810407957	-0.66607821606816697	-0.86902848011895317
55.731753405563715	-0.58201157005946402	0.29264604535890848
55.232013418187172	-0.53428899474028324	-0.40313004042761985
55.647342712566427	-0.56157253687097031	-0.71146422244039076
55.840355423284727	-0.26880534861782773	-0.66428526207435357
55.428702091006983	1.1752187888007868	0.30964389136847043
54.677257378432117	-0.62525407606209105	0.56889296713457715
55.647058202111005	-0.70806284138146858	-1.4258692128178738
56.062718650982944	0.51344762597181792	-0.86392680932503518
55.179469667680856	-0.66862381024069883	0.72304141494516461
55.639096130753536	1.0307656666161826	-0.41141502618326031
54.902046160113457	0.15197925929014022	-1.0758059139757672
54.826439067729197	-0.0076103290786965639	0.97289138749608872
54.972844360489162	0.37199630203297818	0.63670845069135062
54.950182463890087	1.4095577103281312	0.71913587166615522
55.402044098720637	-1.2847076955313672	-0.15240972860060101
56.236960043047006	-0.72057079666295998	0.70525250230392
55.433809263874672	-0.91694112790714033	-0.0093730385433027138
55.513250329897318	-0.61283443419457317	-0.29100908748055715
55.111507323615108	0.654907311686308	-0.72318440944149931
55.994843989121769	-0.9325699883774069	0.79566797145833457
56.333085213415785	0.071507880067027838	-1.2915527727184886
54.789820110131707	0.040102639278077896	0.6515687173447352
55.166310322462238	-0.44971039749778258	0.23161946336330758
56.363084998531285	0.011424918644791065	0.6909245561061691
55.37069635616465	-0.76380360790117796	-0.10246230696068778
54.863257520819445	0.024908924837189945	0.52390641825450546
56.298731049337057	-1.1658486309516125	-0.059073696653192162
55.97845802405034	0.16556941921708312	0.37012960075573587
55.937603170239207	0.025930158874159122	0.77590279100733683
56.335612150508716	-0.22145429935692623	-0.49569597515766295
55.396402712154796	0.49566747666964428	-1.5337212164762806
55.42902490460564	0.6524011990273777	0.062865704591757582
55.375236944771189	-0.38549924736926994	0.3476109909539814
55.599161766126265	0.59090890777912097	0.34906795568422805
54.767796125386937	1.1910259792465632	0.10689109445056967
54.889106737356968	0.42605881178299965	-0.57759653988512782
55.015444975792335	-0.81139641441027277	-0.32173930708710408
56.267712402728584	-0.067231055715286384	-1.1297668350032952
56.402942369468924	1.1138841167146458	-0.82888337525331546
54.784479077595094	-0.048665822171679307	-0.26985681324877547
54.866686985868107	0.92175615768366759	0.49873108316378528
54.985443100927959	-0.50433857462880283	-0.57349554467564512
56.27429531187169	-0.33684285576430772	0.70720225573570583
56.066015861684001	-0.62713102966415701	-0.47455891261757671
56.212682698786047	0.56124325543533404	-0.56265446941010233
54.96172782123778	0.25331875477825544	0.75168529911024584
56.441685403936958	-0.51762981426422383	0.52257212940890441
55.752248862078993	0.43485597066452364	-0.1753074942418664
56.590318712238037	0.25021518545420052	-0.36370711519130383
55.09833262906465	0.49188905707894082	-0.2772015172964768
55.177995741653667	0.79993537350328947	-0.40959646037378605
54.625618883338724	0.055855987744498042	0.85095852542660977
55.852794980733911	-0.81455989276799456	0.46332531382950254
55.923330936174665	0.47631552778473835	0.32597697272579268
56.374599588963903	-1.299584309041915	0.020160167209051307
56.513216191568134	-0.05010544382435142	0.53627500539345896
55.370227157992943	0.27909446824405737	1.1335802964857957
54.746768258562334	0.60978316738964378	0.13220862075207013
56.340265215945998	0.48579218950145914	0.44129274133723762
56.563135657806484	0.2101391117557708	0.74579915486377313
56.529206555791163	-0.29483990344986977	0.69658767830942969
55.004336210188903	-0.30827643044888003	-0.64432868363406703
56.599422540294029	0.80073020656165028	-0.0046530073525516058
56.043684657459515	-0.017536332726721393	0.61261566129370271
55.564724596249064	0.63387725526200012	0.25443065754972111
56.367957398940867	0.15515772369366804	0.31251318534356448
56.485796125320746	0.89114983764488043	-0.64987002108375158
56.492832021162371	-0.62614703718230302	-0.74495270345472686
55.812948441511111	-0.28758058525984687	0.48054040056483172
54.860262405813415	0.55613971922135008	-0.88695159245708866
55.699168414523015	-0.4054702046272381	0.81750604415614803
56.251810842913429	-0.0069774443188952429	-0.82263238255122884
54.911081667038516	-0.23485674884425742	0.50323239457769275
54.837267054045618	0.28792997397770659	-0.61607963703914237
55.666850835192179	0.14010539555352508	-0.74928339848641279
55.402551513399196	-0.12312332741037331	0.62660210821467532
56.145038556430116	0.26109593622802674	-0.71346463808137406
54.791673493692016	-1.0363408366099351	-0.33769071357049824
56.52299756721208	-0.48432436837684095	0.21073205749802429
56.457092833163451	0.052526693862782185	1.1534535588648427
55.069310812520314	-0.13565120282858187	-0.95816497747303775
54.937235437480787	-0.66487051217355342	0.72922302347384071
55.409374566361052	0.44662608212650862	-1.0289883268490272
55.85072415768088	-0.77652390080765976	-0.24660622917193026
55.892736943804003	-0.44749134520899847	-0.80202824832202324
55.284467655822553	-0.077012254718459683	0.73885233799662298
55.291162320806322	-0.61035826328407483	0.070162769559628371
55.18840486988779	-0.32838727000330581	-0.31389494963993131
56.225043176288729	-0.47552839956378551	-0.73993985091962666
55.525554902816324	-0.19572277427158125	-0.87693221408017108
54.705344915372827	0.97455488130809442	0.15101060464648994
55.788071733280134	0.46776777652738011	-0.90819812945051148
55.045205423350303	-1.076835094880078	-0.69026408820312801
56.140515077938659	-0.65157194008928032	0.03517689499533843
55.100396971466651	-0.95538721403649751	-0.11115382921861772
55.50589786746329	-0.04353550564718045	-0.87927285175992598
55.90761358104298	-0.3125326695353553	-1.1087224034971359
56.333407514014404	0.51891846819374454	0.82496415377604237
56.637470555330253	0.40472467875340046	-0.36697235496864
55.277846042627623	-0.74540586696956246	-0.70228494359513072
56.677543250069881	1.174061791583263	-0.36717252910444009
55.382807167584275	0.45516634105258436	-0.69040919555783598
56.030601696338216	-0.72055507034976762	-0.042810179729567958
55.109822536822577	-0.2075968707788427	-1.3009217557491255
54.78176978909233	0.10087508471947879	0.10561670926176987
55.108352073579539	0.46204015257386732	0.10805889016964544
54.760814256331265	-1.1709722390288007	-0.40128470449240045
56.25720782756305	-1.5180121889773099	1.2731429753800989
56.377349603065788	0.35789928404173094	0.19658208610350031
55.451428986940442	0.91211662571046292	-0.2558972518642551
55.597423582810002	0.33867451316511443	1.4032743992069809
55.372145148989055	0.31513747202269138	0.68092967613105593
55.601339217522614	-0.55596614343724826	-0.32414093426208002
55.101336476380872	-0.66846845605644012	0.45559039640712456
55.147843896403089	-0.79325230300585692	-0.81070624905991273
56.10679190852359	-0.5580741441241549	-0.65204054310641602
55.276571936133401	-0.12311860966366676	1.0695319194328046
55.845280331165441	-0.20968622556819749	0.84460669731098381
55.639624790976846	-0.089931801340172202	0.31540239056974545
55.693325918589828	0.34083279990796883	-0.36141989802742125
56.42786998350639	0.56476769327423615	-0.19225077963914405
55.75183880486162	-0.86727476003218229	-0.49393448209460633
55.723785900266847	0.63062209118355039	0.051494877508685907
54.768789682745641	0.25837861711376375	-1.1622053161545922
55.652705652971576	0.8089719187193537	-0.6421027019054385
56.250283601000753	-0.59941208961024217	-0.77583836394394201
54.947245950425938	0.67908567395143227	0.27404904001003993
55.925581914653954	-0.50745917000792529	-0.17257416745610094
54.953759880975056	0.093342644308842967	-1.3415195929878025
56.59948816916539	0.27847653023509122	-1.3976173466220885
56.271159797434613	0.60871770679650128	0.050602298724363441
55.612689345453255	-0.0596196196206603	0.93713640575701507
56.519763717461558	-0.69106389575308336	0.4360583937442607
56.32264715038994	0.48003091175506546	-0.45327525081581282
56.355994683217148	-0.14336566348408569	-1.0936503468016563
54.986856433684771	0.64457291936602923	0.26329164942329875
56.166813609997682	-0.41667713496383635	-0.66534809611749879
54.747563396282409	0.81016138770343105	0.55920266236542104
54.99578038071175	1.350826759813045	0.30696078737333943
56.318640036382277	0.13743419843216154	0.83478591210808106
56.086505846618643	-0.61676616768094006	-0.50502953537352357
56.425498192045559	-0.66811855571285106	0.36761946802930601
55.203159976188111	0.13665365436002849	-0.83241221768543505
56.318925536172678	-0.61080605658109333	-0.32355982923731236
55.813058082890656	-1.0095103307160758	0.76062740882522684
56.113403218346555	0.39184922540930495	-0.82557996632375064
54.914539572328252	0.48191327982261428	-0.47000261283668249
55.798567137394613	0.64675474859618287	0.2635892490812114
55.983054643659983	0.4145293589603179	-0.97976917189556245
55.639168498697643	-0.57114134589923571	1.0964176618091286
55.005647386538755	-0.99261181050555058	-0.19518545680597468
56.507622946946981	-0.29224935996097084	-0.73062211955239365
55.222217502520778	0.79201121426291354	-0.16577411282462129
55.64060411223474	0.33354467803004045	-0.71903755800709368
55.220453188085983	-0.71888357721768703	-0.69420986144537888
56.631447052615819	-0.70409039967927611	0.090139196349682371
55.486529016017307	-0.75057693813542514	0.030296901875900763
55.995940936228074	0.90245980446030782	-0.23259594543986578
55.711365108197278	0.79210124913509661	-0.36483603150420896
54.914439246233556	0.2468734948866238	-0.70681833130292637
55.16149768743955	0.6676127697958758	0.67597841118397395
56.315179404393078	-0.58098181078223987	-0.8396605050672542
56.504457110133409	0.60996067323397241	-0.99137656128215013
55.561965866244286	0.42999818560930342	1.0861801349983609
56.147492651177117	0.53118799121492688	-1.3254543513288284
55.506530880910518	0.11674426546754479	-1.0223305199033796
55.234763800666919	0.62498533197299677	-0.27491812758135881
55.973694331396992	-0.74175579250736867	0.58435194389678602
56.39306500024778	0.9244357413517118	-0.70568952296357135
56.527262252688608	-0.50441279234292091	0.63866602627120228
55.462162515724955	0.41368307905280122	-1.0845253101331109
55.371843613617209	-0.6622387181882704	-0.61428797899341792
55.641237874540046	-0.76259188723865012	-0.48063446816838618
56.370661127930376	1.0212535920077466	0.71592214653029085
56.087661758295674	1.0227110462536155	0.001714469808290605
56.061402442169666	0.25219939934940411	-0.82215104566848551
55.034623917032285	-0.38052095340502884	-0.66322806094472153
55.348978200793873	-1.9642855325324986	-0.47067732210966323
56.542019394885799	-0.36134789035817766	0.96055280301965895
56.293859028800043	0.34016268777847952	-1.2818755530249903
54.983262968859172	-0.43250728424443041	-1.6369399399273612
56.120626033725316	0.026712605936811566	-0.79970896645019152
54.970325074491598	-0.58886383926707697	0.56903000695487194
55.247731917553793	-1.0210607830378258	-0.55120800954582649
55.002086052907821	-1.3539596519055992	0.23289965297440737
55.573043669983598	-0.51439397905113926	0.078893004529636532
56.472722391393432	0.49900949468617384	-0.55158100148334888
55.117356791498402	-0.56881096529262287	-1.205671547190321
55.179368233152893	-1.2038384638911721	-0.24805006969711224
56.013422420791841	1.1279223917802821	-0.34809894645730666
55.389862299453952	-0.52741801249379783	-0.29261962546698339
54.879393745593973	0.37054702692270702	-1.2945254207854273
54.883218800895847	1.1574379001754516	-0.080558253875654295
56.417078088557155	0.092825822867627375	1.1654357655597019
56.50323931221282	-0.61646550343930473	0.10870071774901682
54.895562159408229	-0.02111064243528318	-0.45711840025579137
56.399083583633086	0.9072940015445432	-0.35201020152591461
54.885944330297562	1.0532131194004346	-0.67657291155799104
55.737783691876388	-0.60929366356722536	-0.71427855595139389
55.177763549484673	-0.28193350159003627	-0.89780836144639364
55.331926667985591	1.0298123587110319	-0.25328495360502346
55.674643480310749	-0.38850488972056024	-1.0041598283041788
55.691966183344043	-0.95010580617242424	-0.31893154636854582
54.896175724583941	-0.33538692305571688	-0.86982552943649483
55.121892289475852	0.24883018959278991	0.91129599498030545
54.97581526978724	-0.38255096744964356	-1.1342168630499045
56.246709074687963	1.2730613843967884	-0.53889458370612309
56.262126311993519	0.86822069650665634	-0.42261693710725928
55.769047611179843	-0.73921873181127906	-0.48259406695144669
56.341911005467118	0.81881655027917022	0.0420847650969597
46.398184028977717	3.4141812845265775	-8.6011732091866708
56.344287688117213	0.27219999501990139	0.18087500022350378
56.178009892783706	-0.63338326945625922	-0.85183494035590945
56.614590745349055	-0.095790470839871938	0.79371890738103523
55.621146901635214	0.26954972818833695	0.96211050745452986
56.040067852118675	-0.71775755943468256	-0.26125486249467839
56.32134774706568	0.79069365673372249	-1.1696308409608041
55.963327577133406	-0.95533607956574218	0.1133852832259092
56.212937666587251	0.44467763391076209	-0.65694592522794215
55.164946142574095	0.42361211853863523	0.099059277757065023
56.610588734793971	0.71030468382899992	0.5584499584594409
56.358886345980871	-0.71861121739403955	0.4252652244607934
55.486244271772428	0.3837855051012023	-0.80840114185983347
56.646012889196705	0.56189814061539822	-0.11838186582189318
56.363457991805618	0.67997434362140885	0.59533173913084114
55.940302872771213	-0.85225678435906738	0.10332419487772365
54.862467635134209	-0.98986252166684496	0.63403230391895748
56.460019570677325	-0.1278933884430617	-0.7676950920946205
56.160166010957212	0.43575373119943583	0.50331869567316656
56.013237943306144	0.3107940222794347	1.3705178571970116
55.108085440810356	1.252770844603796	0.16466236476963358
56.362539568466083	0.72972460203306966	-0.15729923169403898
44.299320895655143	-8.2550328157644763	3.504430900872769
54.823129131610813	-1.0946177591968138	0.58764924732052803
56.150107548069926	0.58969117393817982	1.0004178771242092
56.063138515168049	0.20222040894263196	-1.1402683167422809
56.420659602791304	0.39136061629812452	-0.30843041482283473
55.730637875298001	-0.61169467123663157	0.34441665768065888
56.198358976324116	0.38141042627537325	0.53748553260471355
55.086596770262908	0.07409034069610887	0.79168389564933817
55.814676982913348	-0.80000784167071626	-0.55699573933874691
56.192388949938014	0.39624242412352362	-0.81150173379818025
55.131756052354696	0.74739494713135379	-0.14481818771208513
55.422912293247734	0.96687510592559101	0.57092823200077381
55.917002353857889	-0.90786976705324063	0.016075261877351657
55.008472713801225	0.65383649206141381	0.56796172579169091
56.078549809861897	0.029802391845603137	0.69816910202479465
56.166517271840462	-0.53236819969679749	0.44296876741337871
55.59751946550567	-1.3187806765041126	0.46251043814536752
55.743245667479492	-0.55007281704936839	-0.55643639959867142
55.527885867224832	0.71701042009303284	0.34157304971349711
56.578730817334581	0.46617568326746583	0.3133182684091334
55.882844827420428	-0.22375804868888277	0.69000151098309703
56.491717185757956	-0.22986421766211859	-0.724410555730717
56.481072792150606	-0.50783056676789395	-0.68517073147310348
54.774461094158866	0.38279591350043624	-0.25869107228408417
55.615284097718536	-0.49269921529295679	0.66795649015543246
55.987337568330751	-0.2909415781355561	-0.68406030781261806
55.027060370713521	-1.0023186854108981	0.82005302785399015
54.710746421437662	-0.18786723931297683	0.074820561615726935
55.416907985231617	-0.4485815343599549	-0.13364309555529663
55.037986027984722	-0.36425338957130393	0.71325668462157088
55.609413705889082	0.55098180799019825	0.48393712475684841
54.842625500959734	-0.86623917337606082	-0.71115743917850616
56.24374425647126	0.026492447957749368	-1.0946810730171637
56.04502851285816	-0.080406348839057742	-0.66054995314872522
55.938673706674699	0.25632462153722851	-0.68048683989241354
55.048799833823459	0.41786095571890136	-0.31613577049186437
54.763745351564069	-0.72774257693570032	0.42828616830526806
55.45956017082824	0.67025818059246112	-0.547844432265437
55.391964052034815	-1.3863397847151238	-0.71047913253346184
55.26336652001212	1.0468015907673804	-0.52704857522214676
55.162636898190904	0.41523224263412761	-0.70742272057848954
55.95632609553634	-1.1018270876219542	-0.23171052683817819
55.539834545778135	-0.52397779757448593	0.92687478237546228
56.263392747570087	0.8237590460778168	0.088510490720764279
55.44782433604454	-1.266043737248383	0.37815189851267245
55.627419464125957	0.85621195205326606	0.0030972648876745109
56.119371762541171	-0.59835153041611644	1.6718554752518968
55.835623670592696	-0.80793290056200873	0.013716013936317379
55.703267753666559	0.18727759130462199	0.62815557414773593
55.653418596065166	0.98880191338943124	0.67087201579771405
55.508501824154152	0.19413419016462236	0.9056318741624908
55.421431583638494	-0.71002762761870719	0.74922247012714382
55.10696684231948	0.70046028887307221	0.75193715320991239
55.577754860679988	0.6912915072346888	1.0465290473600393
55.680497019579725	-0.69967450109030149	-0.56078826413765104
55.469251494767327	-0.52755871673570176	0.089079775762703262
56.215156759305323	-0.81708433626469545	0.29639161311520162
56.487674417652478	0.31243796737426571	-0.94256219237846595
55.668827417321602	0.23555801373054353	-0.45963339733260206
56.319397139111437	1.3928127052703465	-0.18180511265282978
56.170672811609904	0.40436833716906551	-0.95227689790160241
55.816020348481715	-0.36276752080261815	-0.034542159849407783
55.371049433924561	-0.48431558773171057	-0.70510049744238024
56.199077038143457	0.98122542613712183	-0.24869173706397593
55.228024235075637	0.047966934770156983	1.1263817393683981
54.870162530553415	-0.76311219055574897	0.55587795576785337
56.413733223365796	-1.120304695604045	-0.22300372522363632
56.11708974455513	-0.10143095348263216	0.30413799471464764
55.416751660573858	-0.37883898805016275	-0.28101510271876923
56.09600356936712	-0.53940049827808656	1.0257878017464652
55.925046915297152	0.088654240629686437	-0.29727292007071748
54.725267876373742	-0.62650971930433985	1.1228965092273948
55.876514851617721	-0.96842852990490791	0.41837474583231399
55.480480239741631	-0.25935044824910308	-0.63791471690163892
54.982693849289696	-0.52737481812710452	-0.027625110240286833
55.413024917642325	0.20732097286809525	-0.29589208459116567
56.35737900629465	0.10895735619482144	0.71772073796462676
55.647899433905195	-0.79886769214726694	-0.40504914502469391
56.464736550376657	0.049035383587916093	-1.2566857878041984
55.499326741633993	-0.29136509265438898	-0.79932510669648194
55.067614571534605	0.014110816987002624	0.11825407375815386
55.657741879656783	-1.2476427256199345	0.30337781140339742
56.037225392719577	0.47437537418848325	0.88339065888339441
56.672626613696295	-0.70273766136856541	-0.9410436865621854
56.622062129265231	0.933589069459966	0.020552444668196251
55.375254388476655	0.25281379433972567	-0.65323794484987652
54.889029086312135	0.67543836231331933	0.63490539895551834
55.787071481996463	0.72592565144460286	0.55925389277138915
54.908658555209243	0.66501158124439264	-1.0184295414372642
55.75079125278382	0.80609372242284827	0.75237513090992425
55.448063875788499	-0.79071761918849603	-0.17946219500579486
55.719689141284192	0.93471043577632817	-1.1922330158662322
54.866625078253293	-0.6867868423830219	-0.22501109305463343
56.109986127416718	0.97410163669507299	0.43119153271529109
54.853723098829484	0.58387844075649209	0.40954020179022477
55.945054031452273	-0.81755544143446701	-0.32346737597882735
56.163167334784831	0.024418207762135904	-0.84024082737525085
55.12313442106457	0.93822150712862851	0.81391089797432392
54.902175056942902	0.402959542469288	-0.38952497028832966
54.788552694786063	0.31192674579113999	-0.029101207008653901
54.868589356646609	0.70544315358540766	0.7043370740810887
56.620048186729029	0.40108514080108032	-0.2084001868244692
54.619712050110678	0.31070817833053549	0.78408548462414784
55.951529790001175	1.1999478141074034	0.48335617633154221
54.990969999269133	-0.42653554857762305	-0.45458012869335968
55.643633324488171	-0.6088106806120962	0.87940006729105513
55.954513149470642	-0.87407177143944081	0.34260314343307435
56.555522195745965	-0.12907049935600037	0.74222780294664226
55.556275670239813	-0.75492437303511828	-0.51119618028452785
56.032033960299977	-0.64454760269848588	0.56183840676804919
55.07893544742651	-0.15516078930179933	-1.209407667990646
55.085316260193764	-0.40624276460422443	-0.12683147064765823
55.348185893235417	0.50495536274754937	-0.37851584710567437
54.830340314941274	0.72912306977230479	-0.38142893012349771
54.635072405181923	0.14276667058307968	1.1469079501465849
55.280424538987226	0.74890311035395163	0.66238777268517823
55.609424395268896	-0.68235738186527484	0.39396388523833448
55.99064519034745	0.38429415930255068	1.339577350156951
55.682722593758079	-0.070477057478797511	0.79028903574762344
55.464467020263889	-0.31948109229410682	0.52550846943117757
55.138580845781718	0.40177344715362362	0.16113088120567748
55.649732108249289	0.90506379211993693	0.10118931184927453
54.835520081591852	1.2321867117031795	0.099513786173259483
55.304090379842698	-0.81812025014622558	-0.76483478524687032
55.902460457286345	-0.19773588577913065	0.54403227684397082
55.967190550415161	0.2041961049220162	0.84199946145342075
55.452115772567865	0.67235139935300536	0.74200374514608325
55.643973081931101	-1.9697239927897849	1.8579504330036523
56.275977204111591	0.38956318131799184	-0.78048799877523778
55.533706493631406	-0.70170905944814177	0.45892000317070131
56.126031718407205	0.88415924355496001	-0.16657276087375833
56.168841186251626	-1.2221773974576216	-0.1836465485828849
55.558984576027562	-0.83717242105371659	-0.34701212317667884
55.270915706156742	-0.3832758042910237	-1.4460263209339501
56.137836312163863	0.81103302013266076	-0.0077790242084294168
56.32705456795896	-0.54303352305059926	0.1381500345910131
55.694055639064302	0.64415359563719565	0.90948217836932654
55.96409002939572	0.57750396702914009	0.60912184361195298
55.034617886013621	-0.66602786074358022	-0.17221553341803486
55.709102207766932	-0.28873387131955919	-0.46614929016753343
56.530053479704073	-0.029976228755830205	0.74400265384586639
56.408331777238224	0.24718026710045016	0.92269012502765635
55.04954050687504	0.35776277772763176	-0.36815987847900555
55.952639321205503	0.83972138011543374	-0.58476381798766686
54.719284032633098	1.0647492923412269	-0.040924730471787199
55.843548080176333	-0.7380299751521715	-0.4427758216294056
55.608240687459691	0.33224010211259347	0.30322156454977639
54.738020463562663	0.31589048103543593	-0.84384883234860808
56.03997573344283	0.33163673590393888	0.71086299958453503
55.825342807568795	0.77739051554038519	0.65675176343726571
55.097591565716776	-0.2898210510444994	0.96231610770526166
54.789096027616139	-0.4516821896267863	1.3421513436805299
56.301918847600568	-0.93114826060852018	1.1630945697976323
55.323510610355711	-0.38044571198260807	1.1318307604664863
55.620531821173593	0.20505401248329999	1.1277333726755125
55.774423753082452	-0.35683111767506492	-0.6920772245771224
54.835784172058219	1.1666743298590347	0.71640708010859244
56.039602296437529	-0.94046296817399333	-0.47815996105575398
55.828088219822327	-1.0647440189208111	-0.85657438870528302
55.366361565281871	1.0893261039277429	0.041710272885951201
56.088460664333965	-0.84810912289270146	0.83568050011142014
56.168352691728046	-0.1641312275729824	-0.5256663859268712
56.30170497403055	-0.44965192994707009	0.42021782348661335
55.551448128705729	0.7040412704222303	-0.81077619128520839
56.593497200471113	-0.70216826051109027	0.18003199451148796
56.43158809370027	0.26578233525592881	-1.5842315952666401
54.943252535027689	-0.3694280707392491	-1.2332678970289337
54.765089547793217	-0.80033670387197631	-0.37034190412546253
55.095831650142713	-0.43148396263683159	0.18034606875989498
54.866275839758288	0.38697286694023075	1.4208122071674107
55.330246013923485	-0.19489487204960618	0.86762124314933142
55.938577019231595	0.60731775006371791	0.63875233291449429
26.701060595384721	4.7352316998903685	-4.3661593327045622
56.135881818544782	0.9996365304179371	0.41507800088449964
54.832097941074281	-0.39629119592773088	1.3894941255370794
56.286925079068126	-0.26921848641681245	0.83648199949093238
55.789949681973056	0.97652740062987431	0.45111455447787535
55.344198794951737	1.072854245688563	0.51552166917794684
55.821929812825118	0.38027315044492538	0.58382875360379327
56.527684887092846	-0.31091407116396957	-1.1374528894895275
55.650544534596072	-0.80104546548650613	1.2428589713682854
55.655694489062974	0.73668209904802828	0.19594308875213934
55.020178425798314	-0.79575694427273336	0.20119055611474276
55.74279825015978	0.42766938410850158	-0.31815528025816731
56.494014056341712	0.43161027487809922	0.21909828643630747
55.927700909333907	0.20259185207388161	0.90728503217943623
40.995206986272606	2.556296607239589	9.0360339017800975
55.55405272088673	-1.0954192592956571	-0.051653927231222772
55.575262032687355	0.62563511544463746	-0.99462724129294555
54.866103698660325	-0.80559385147535478	0.10234694668631225
55.933859190975063	0.19841504916053254	-1.5757659025195729
54.890837463846687	1.0322012023914253	-0.23842573030597458
56.312404609270523	0.80097589400503999	0.6986530459044541
55.505759837796106	-0.89458533496429582	1.1302216371903939
55.170716864267945	-0.83924721996825646	-0.018006247268928372
55.230627400405083	0.4967400428250463	-0.54821305833370926
55.488510000594182	-0.69398563862416929	-0.47727857786439304
55.964693550106901	0.53962821569132402	-0.40399391294141113
55.865736669886303	-1.217671491829694	-0.48389846829087657
55.536043221797627	0.36170712868643556	0.75136907513742657
56.677340579216583	-0.77407660939893486	-0.17767268194168323
54.801930978696141	-1.9981966898290353	-0.82288958519105571
55.838794831077934	-0.46872574748802476	-0.92931452111327373
55.34676530939084	-0.011838230802888249	-1.2109923596188565
55.739331373114723	-0.9192945152307912	0.091179655641571988
54.765110289908236	0.87906586568851453	-0.69624577317520375
55.639881996141789	-0.10488899665838147	0.64727423557305952
54.710075324761547	-1.2609753549877483	0.37137586867556921
56.329917431339076	-0.079918708084706441	0.6456502524997082
55.79869209009248	1.1445244571455038	-0.42114635558474578
56.186705151543237	0.62511462303128285	0.4783403257109094
55.173402899850736	-0.71382249330294911	-0.76162674417168608
56.359924725994468	1.0716644919252623	-0.23962426751122068
55.469589411539033	0.50152474661713486	0.20148276925562034
55.019631253842626	0.58552653174244795	0.4388566078456721
56.246623577451153	-0.065613764772397651	-0.95403472813417889
55.452799689770892	-0.33921632546563757	-0.52544246530184691
56.581699993070828	-0.76019368237564644	0.2095031937631367
55.402674898032252	1.0142055229190869	-0.50375375865958638
55.815956029498231	0.41683333085027413	-1.0328352492183044
55.114022411669815	0.73931383049804833	0.87559386054274979
54.825829206120538	-0.47871822386356233	-0.8135882241261061
55.36020750581536	0.61701152516181823	-0.16982165962327003
54.694848288266769	0.0026800103371862373	-0.89345833872440594
56.083305228348294	-0.79698684814253506	0.14339492494070952
55.699364963905957	0.67553076321064132	-0.23435791367767922
55.785933867833855	0.79773696966626784	0.032552747722756049
55.620955934078602	-0.58837424555079476	0.56237852763222085
56.283319550478545	1.1364093048476689	0.20097352638648838
55.947434177846262	-0.63988099830932132	-0.67183628227411829
55.209298282734835	0.018463455501051305	-0.8826041803476864
55.15541227920982	-0.34159622021633895	0.26950887812293239
55.401396669875218	-0.28671764169885799	-0.96606989062935156
35.422528809999854	8.3696161354080818	3.529439253969731
55.567216586464411	-0.95868887929075097	0.59618954546357728
55.727999592107942	-0.80868726784219447	0.12996397296383186
56.474343595613938	0.32566196568052236	0.72662791105936375
55.671923398993393	-1.0709086569311215	0.21546697893410346
56.067142641384855	0.66402368948714918	-0.21757817562082846
54.89562322753067	-0.73223744079571651	-0.60178639177262039
56.324076410701934	0.53837739667935303	0.059642455855439175
56.067053946521639	1.025756481928868	-0.63143522708386579
54.998733573609115	-0.31197201105608924	-0.44671277175617735
55.623880038675722	0.9354460097973184	0.7560475199994553
55.315890782598785	0.71944695274350823	-0.25924530861986017
55.590244307449687	0.84350441640064722	-0.23778498054946179
55.859016982127123	0.53160732426888191	0.61014935782532964
55.840360811881666	1.4003379502850242	-0.1960107141754206
54.775939893022823	-0.56545962593869903	-0.65569713763797888
55.96430099532234	0.045459451416419286	-0.95489936852417268
56.038296626190849	0.42951325632742954	1.1145473346557899
55.389025568999934	0.72563236072010651	-0.68195536836427251
55.608578982676576	0.092754106337168629	-0.06452797592854019
56.041586505216785	0.65443723288416455	-0.36281346621590527
56.058395845070457	0.99628381306919067	-0.42282743210136453
55.682576676746855	-1.2428512361618014	0.25253232878315734
56.035606329663914	0.54031794490218676	-1.1678269699217352
54.777829772097462	-0.043613561722232082	0.16543832131733033
55.033856370749682	1.0963207341118295	0.26382934187680041
55.730764129891845	0.43636048113011083	-0.32381415789151785
56.353516371119646	-0.2584821470768221	0.84147717481904372
56.531251474054848	0.80423272152715697	-0.060175815293434132
55.81966441017272	-1.1614398673329429	-0.096262901239866666
55.211206608234015	-0.56207439580566987	0.85841535295062721
54.884176466098211	-0.2880141607578614	-1.3291510187724345
38.304273101782414	-2.3472288202891818	-8.9007055325827764
55.80888223363781	-0.1545028485645327	-0.96673555672264111
55.748366173120708	-0.84513985157210958	0.32219574665573031
55.876317550148734	-0.98381465785636102	-0.1352058963586476
56.374454588331844	-0.15647239924500617	-0.63676279744173503
54.99236325766649	1.0665624165849434	0.27115993509596059
56.346706171468718	-0.46748480507116741	-0.084772629879609609
55.602511984880017	-0.4952934803254696	-0.86566136208104782
56.545814674730615	-0.38663944861963956	0.8386940048387207
55.871548325011688	0.62419741825241337	-0.23662552405021747
54.959803175788217	0.0046888381478571326	0.89917506985231199
55.74928009755849	-0.31610078355158566	-0.42995566095769466
56.230606312215244	0.22228668883069264	0.65203186144111569
56.186946427721438	1.1458859547155573	1.7562666531623918
56.332721714160236	0.43568621950490294	-1.1020325007177714
55.71090305209357	0.37815860527140244	-1.4646006954684956
56.543356354075094	0.83817097395397067	0.030401480555018366
54.968769565046635	0.91110209136923714	0.73713335082140841
55.343585591647653	-0.454346628320412	-0.019858259938175742
54.990264030257748	0.25114527152342847	0.85679903752938136
56.209523015224356	0.092886472957097496	-1.6314603177359566
54.917514242046344	-1.0829741877181742	0.42641140848442399
55.676739332816794	-0.40721936074751491	0.93932660581062544
55.568917018433474	0.63541918995423774	-0.73100923103827009
55.618339585843998	0.085269667507340011	0.82886984048632861
54.82829866915872	-0.73496344600193553	-0.38594389395876799
55.014854677760781	0.81707626434514791	-0.28507982708133212
56.333576386395663	0.85224947131156281	0.5929569060630433
56.426476897851444	0.18649917349866699	-0.43383113229362208
56.483195069233659	0.7092727884060247	0.10160768114967191
56.055288934592042	0.45687488124136016	0.99651591710962095
55.970172772157952	-0.11618101937736354	-0.6614628157889425
54.907202171441895	-1.3493771265473948	0.77541242701210689
54.933146647467858	-0.22857216871219008	-1.2436915057365194
55.142687519065262	1.217177902819963	0.28809300826436657
55.666327802746224	0.20101935481690214	-1.053420458686616
56.006398932087983	-0.57066792606691052	0.6060454275398458
56.465018845983515	0.70719530175622969	-0.087257419092600194
55.798243030522329	0.07974406904403683	0.64941457660959057
56.079324434440736	0.7956876480987618	-0.40428293439325419
56.210633311501851	-2.7750823314264794	0.78381015205991489
55.906116258022223	0.55714043802902802	0.92577965240765492
55.804082854548135	-0.54649256497716558	-0.14061567416480558
55.878395883117285	-0.012583823093489281	-0.86105364866599354
55.021829417180022	-0.75625780630544404	-0.43291443215634129
55.058505136754434	1.1095897067713436	0.16177342063011083
54.971138763712773	0.65534586803181627	-0.57540095869684549
55.869393954108325	-0.19113743794129717	1.2746701147777566
56.528330508507501	-0.38399999047082378	0.9483518983536342
55.117308266157934	-0.74779967683691873	-0.40445526472183219
55.589781944256494	-0.68999476979427388	-0.38169964789177879
56.501380041810613	-0.27775121265631808	0.4140827974362517
56.611197577077391	-1.3361785413745906	1.8399401545176954
54.874975705494037	0.75895692367956047	-0.87427988253653532
55.159560621805788	-0.93895671501965161	-0.18903268676326176
55.875182094913029	-0.61397672099236633	-0.20560387217239159
55.307881043977375	-0.22838878560828826	-1.0974416515942411
56.386015719924437	0.26321438912781481	-1.0720748141132437
56.013272538482425	0.85521082560291539	-0.077283616497686405
56.571218551319319	-0.00082410596588554743	0.75575573823246789
55.393484510242907	-0.90755481057291187	0.47793888375751015
55.418907075151274	0.64358124756348145	-0.89694091154625688
55.223013421012197	0.77591927018501883	0.26495342106889852
54.793779050816362	-0.33372241136865188	0.99561612970869906
55.524852363030611	-0.49749087175100182	1.0455576560824171
56.487581793495117	-0.28525953514101293	-0.34046087793535451
56.525781408916771	0.89963421711456026	0.058802516369211431
56.147763105818058	0.37154540425931337	-0.2693110764091296
55.658448333634915	-0.11248203789626957	1.0038797141137619
56.212489401393327	0.034963597828803594	-0.6503227148929388
55.595226997003088	-0.64131791587403353	-0.67800374645629058
55.383472921775933	-1.436622092993783	-0.27850933263126709
56.242133453738219	-0.80298732317737287	0.21278442375904927
55.508745325529176	-1.1127595137378834	0.25534541673242178
54.66895632206392	0.4174586977914243	0.38769905850455544
54.813595092924928	-0.31179151596695837	0.50342881214281154
55.702399100521241	0.75155506258244398	0.42868414696898977
54.968662008479804	0.68066930122688196	-0.3193047614793425
55.935655800224445	-0.60716604870913349	0.87044531705099548
55.278175957873977	-1.180641481503391	0.15767795273665861
55.414055585789249	-0.17187331355013802	0.71353397066611557
56.468285124943257	0.091496991579163911	0.98173323518473099
54.910126909629042	-0.159791594505104	0.55428623297969826
55.600951684579719	1.0379950659480648	0.12371396249487039
55.942754976314461	-0.11241032124638244	-0.93371668721011669
55.256487334120358	0.4644085651315199	-0.70283531367711716
56.632380539450665	1.2492406538892762	-0.17505344749601057
55.941693183687526	0.091700569987846106	-0.3876864759978304
56.449212213672212	-0.93865235409260994	-0.14596790242260943
54.972930309391025	0.54020162558661367	0.886693465096977
40.797751780535869	-5.7944017597733293	7.5379344987805439
56.242924492149626	-0.73782651857452786	0.033850347711376121
55.498972073343218	0.91491049977108241	-0.44892862900440711
54.758508244862945	1.0576755117518168	-0.0081925161307355825
54.831518621404022	-0.62148909213271497	-0.33436247504304922
55.044431770204326	-0.66646498182534575	0.026683118888029721
56.108165068318662	0.80057894038429822	-0.86318731062891119
56.375178023473659	-0.50804175849783273	0.82620449309280164
54.998536648462263	1.0227293692501673	-0.12619733488195267
55.858774700781417	-0.0013383016030881969	0.79286899240540998
56.033816583476757	-0.69570993768450073	-0.69739644116479538
55.391511567681015	0.050013423494110039	1.1334557955199549
55.161078488640825	-0.61694181229141876	0.62277412809431276
55.765651492995467	-0.1389631951669518	0.63395859517289499
56.343654858905118	0.49913845151776165	0.2598058358897315
55.52547986708899	-0.020691487740001811	-0.84305992611403802
55.40273342607032	0.33484662777045909	1.4489470691427053
56.424878942669672	-0.23646554941701425	0.85022637880433038
55.110721198570673	-0.50622448151410804	-0.028945911347759149
55.145465584022276	0.52428055978898935	-0.83516886803548418
54.928924981071113	0.18206098964987172	0.74960555938886175
56.169304419204281	-0.6587772798100815	-0.69494238248492068
55.996855799022171	-0.83128434035541798	0.15156792854670478
55.522845674981077	1.0110543878560334	0.87081157100605966
56.611541838281127	-0.4283130778428097	-0.79098846923337074
55.39646717638464	-0.58386398050377686	-0.64153063725275949
56.607340477344223	-0.57727550575102515	-1.1050336998230723
54.908244679050611	0.62776657496172994	1.2775850892140865
55.928880432392361	0.61889566355986547	0.1819845627780167
56.28969285166793	0.15411588473972845	-0.98478178786950843
56.522140899224951	0.33212635884008046	-0.57385889249492505
55.127980975231658	0.35138936798039117	-0.6778766334011721
56.043187071620629	0.42181594894260588	0.60131916499103488
55.754683638905902	0.42850013646006768	0.84709234074452622
55.919995539310975	-0.67983065789596075	-0.28162200384765051
56.391150983141792	-0.7747122637241749	0.30785349671508305
56.050306459712566	0.025657555018849813	0.79368218728179984
55.507572672828005	-0.53893276588554939	-0.69206439413743648
55.926245510904479	-0.64094891593106584	0.42133955919496413
55.558469035847963	0.53676868733364469	0.98182987124419585
55.269898798940758	0.071038751970628214	0.60460890243883847
54.82492048722208	-1.0926352523645002	-0.12133622904276871
56.288192948488472	-0.51778977134599158	-0.47490281450320948
56.128641943136429	-1.1165871054468473	-0.34309902380625484
55.115305772344399	-0.12113536137277658	0.4609779367679413
54.712221755447395	0.59039805353754793	0.9513275541717543
55.41912996858359	0.49086786225744045	-1.0789422408103515
54.790590111250047	-0.42521114575831648	1.0503896147548351
56.142128818834131	0.4011194550523261	-0.1884681823774306
27.022616609332569	0.18998015230726548	0.41687209948085141
55.69389347565447	0.61666182870817898	0.50785430372690932
56.004205146114813	0.9996808535237065	0.035003245544771966
55.785587161786928	-0.9586886565487347	1.073889878276443
55.495438588413442	0.7756372564617412	0.10760910634216936
56.258465318086564	0.46602278790050811	0.9076018752482754
55.046366066676455	-0.87306364453299534	-0.70730792711411083
55.246115287708051	-0.28924235028872419	-0.64335454599836928
55.377381238953284	0.31312804022305679	1.00523728635404
54.654983895558736	0.75045716644855609	-0.095338401352400667
54.767411275184173	0.72754390106613276	0.63065857342473663
56.200216698167843	0.67047229402695763	0.46725290476610309
55.324018551878055	1.0456679051475719	-0.67072144563211289
56.269077535333047	0.94862001665489593	0.30575465090590842
55.368610722966743	0.2137407416618195	1.1981338627397153
54.667577762977047	-0.72904531781085291	0.045459100597131173
55.813090260064612	0.66467359708580187	0.51238934823647275
54.754463665985206	0.63279798548354349	0.4889974191391791
55.597135194331706	-0.57835752509476335	0.62471146627492424
55.412240993281046	0.20304771386541429	0.58593896727214223
55.119972490964237	0.89177921357249967	0.34686387654562945
55.351432618916313	0.77391995949178405	0.12086773647887117
55.923544405734972	0.66395330426300958	-0.6490483087187463
54.610620828188672	-0.6491721874223636	1.0699961425171962
54.846548633373537	0.89865417988644658	-0.38898184550686604
55.170310277363683	0.36852966498339623	0.46183675611822883
54.651879413551718	-0.87651831064016694	-0.46945435141147313
56.201294211238434	-0.74066913978401849	-0.82662928772813538
54.803745773626062	-0.18802365487106967	0.049162681395321518
56.01175302909278	-0.35452950872419542	0.99321066688145965
55.218916759047325	1.0378805075619133	1.8112545994875462
55.596856124033522	0.33038577968451049	0.65734242005088506
54.825018963087231	-0.77777840864170611	0.36253136523672108
55.802399062210043	0.7353584151722764	0.21881678717169228
54.754814584670648	-0.92719430464483665	0.32086632506204177
55.826855791753651	0.67756938476533612	-0.016150508660009558
55.620513446549836	1.3856975945571941	0.35445869624775944
56.024043612782954	0.62260741232917216	-0.48900601930870669
55.518418171793087	0.89999803136820133	-0.98329219819627434
56.466895278761953	-0.37084408334619562	-0.35213892514570871
55.020414701104805	-0.64778925983229829	0.39399630507199396
56.061133683931388	-0.69785605334683487	0.039515619113588293
56.407891065356857	-0.44030582340065932	-0.55425334570314111
55.120911631479572	-1.038103203399326	0.16555128770000815
55.61022349863989	0.40543383918852294	0.63049607503203109
55.285769580751776	0.97565814628972491	-0.1041695544263293
54.684248983046096	0.23292272081025231	-0.36967336447592913
56.364749859045389	-0.82705949145721158	-0.37715570288836314
55.546835152629946	-0.45337138656174442	-0.62256769084819952
56.238797380610436	0.38560904176547706	-0.9380524810205515
56.200240130158456	0.041320328503871871	0.78416842710141743
56.201899837316567	-0.59989735391765586	0.41965553102527575
54.66984412396863	-0.44289690939699622	-0.45600303542380249
56.279589088457293	0.48353194712546504	0.47458918162768432
55.234047393402136	0.8041840444905074	-0.015851120189148728
55.099919701668043	0.011115827125420799	-0.64544704915307982
56.257054948460286	-0.39651588743971866	-0.99205375626053405
55.274728681234883	-0.71368925755319368	-0.0012645324315259181
54.997939737511864	0.75531642008802102	0.038154578084129961
56.06775375845767	-0.057654211332057205	-0.62452762152862418
55.873625902963354	-0.18420964346938215	-0.64436299227781113
56.258993170004914	0.9252636662133058	0.57830040451504361
55.799132876926301	0.49843201634908346	-0.74053130244068976
55.9764506207027	0.12776594260757576	0.6981871547784152
55.582056158343107	-0.16823426606743025	-0.75774523826468765
54.775089870310261	0.1979154616028847	0.43299373597725599
56.074965238635947	0.71571112576874085	-0.061378783540064451
55.316757262960479	-0.70213615074113034	-0.52910253983292388
56.484972594954684	0.33215545546178243	2.523241611501486
55.024332013602113	0.68049661210058132	-0.44386112046628456
55.21536081677106	-0.43816529135717025	-0.77015466720471515
54.946987204266343	-0.82628520690392981	-0.23789443576867486
55.315579454113497	-0.50397864592109098	0.24847103500059198
55.62640776066673	0.55558677189865679	0.39167910005792683
55.35907661044795	-0.63479792896467324	0.35585485110616405
54.814924697352836	-0.6980655015601257	-0.049747102539144723
54.675807340423212	0.20027984058120463	1.017870710807028
55.279374230707667	0.22072010926638988	-0.46375979522795824
55.011375946624923	-0.61961218651771754	0.33873505392790171
56.15912203188433	0.42354076904367244	0.71127841184288865
54.707399745735543	1.26405792680559	-0.47971097599924906
55.887689995466232	0.31108079186562226	0.6340156018810913
55.38369997698009	-0.64464140494492927	0.09990226457085466
55.753277012691996	-1.0118759772229016	-0.054624777389509153
55.771795110107874	0.60095804091564742	-0.99244516246185477
56.010178686947178	-0.86131441097480743	0.059061000406917467
55.915324065048345	-0.40289222693358961	0.66329618335756324
55.127523365792385	-0.44635335609157051	-0.85449271746947597
55.006281912298604	0.73786625983468479	-0.070512530710657481
54.922801837943155	0.11997287746847521	-0.59865076166247688
56.04254090176741	1.0406044335775773	-0.071961723848917608
54.988139510123986	-0.40903151173965313	0.24142702011480963
56.141015710970549	0.21927279120416779	0.67766007040213716
55.206070583133659	0.89645115291805499	0.24526362414729722
55.226153977372903	0.68372699148251703	0.29978470795875423
55.812544836293121	0.30727264092739293	-0.90362861507085568
54.966554984023929	0.51436484272295779	0.63966816881058852
55.503576831277286	1.0086713396522951	0.23059248162140503
54.859395452791588	0.74467075779859015	-0.38000616324081532
56.089062491608942	-0.14681020846571971	-0.74227527582227415
55.057223454306182	0.47916427812603057	0.95004441047585131
55.363947522923084	0.76627009979138327	0.79414841366720268
56.318746193445989	0.06018675414006102	-0.38455974748808747
56.329487647921908	0.54905010418248834	0.40470468258218217
56.061171233379284	-0.78501841044820708	-0.030489505127223749
56.112661045694793	0.0064666516559938967	0.55049959235212975
55.951606732953543	0.77283019290746602	-0.17857809170457972
56.250490407966723	-0.84895829673366285	-0.48226864643738715
55.292974806930772	-0.51724406329489181	-0.62211231845386361
56.70178341808095	-0.55556263122493998	0.34543544565008721
56.023948328771603	0.70628074159228293	-0.37151365449345281
55.652544269732601	0.18038918972350118	-0.74407046520758702
55.531710745367533	-0.683301247288578	-0.6965500365665741
55.557193124228924	-0.3654212494199891	-1.6716356067486711
56.015760966950459	-0.13426249088290135	0.55704434847002759
55.75308184866698	0.17033746178563372	-0.86016738983345564
54.761219706805242	-0.32721388937860224	1.0836578202998723
54.84364900610754	1.0232360658073802	-0.23455651745391976
55.270597578665551	-0.20721906605415205	-0.51470501528406176
54.936764832427194	-0.40217790324486269	-0.47023462856250525
56.086613024596716	0.51868251725230907	0.1792436546006477
55.300488566386505	-0.56081579863364206	1.5698578894724937
55.197477947838031	-0.048098426339724949	-0.80334674725447075
55.422006779670646	-0.89712985028858439	-0.37961240858810108
54.970747060351641	0.522979431765905	-0.14456597527973652
55.820130927859658	0.53344423682626707	0.3180564703173363
56.558744859048183	-1.3642775744724058	-0.095339458340358563
55.852962631789651	-0.1688893960099348	-0.64560948257799988
55.812771480621009	2.187761692498535	-0.21229443935908421
56.494516251879283	-0.77460944098321605	0.46739697806297298
54.829066116875765	-0.49986853538669762	-0.88910693025099252
55.147575274528258	0.48723409300879594	-0.92144582731608993
55.52586895129587	-0.26682967381438638	0.37249754985737643
56.055991718765171	-0.9605093789072785	0.54225646054137699
55.605641706348997	-1.0048824578468141	-0.30137816126716871
54.838496093079435	-0.37565509319157964	-0.69979188567451778
56.267408182359794	0.69007312590432324	-0.7509417827938496
56.101100522344474	1.0859441516268376	0.1209834620074391
56.491408205898338	0.61113849577541102	0.86617192582759883
55.30035727981636	-0.50795038781620161	0.63856304410543807
55.367346784821812	1.025901180397651	-0.94883940231243002
56.539299713787379	-0.56205464155888074	-0.62998538244469038
56.196421587378588	-0.53976654316819583	0.62456861929602236
56.332112819539965	0.8249925452014093	-0.39491981187799552
55.076367146398113	0.70790268146498481	0.70318190796954783
56.206167254640469	-0.0028263887369841686	0.68914172499551107
54.559790876313812	1.1026637856614045	0.035696041726377366
