58.569153788671244	-2.7185742871241372	0.65159359174655829
58.460486169029735	1.2133431912763823	-2.7609668015719104
58.835656208852157	-1.8791984212338868	3.6921532267165409
59.895707680836516	1.8446193945985827	1.4383293309508423
58.390190636889393	1.4437954788590006	-1.6795214156685982
59.917271301460744	2.1946255664929399	-1.4162843404968584
59.82066121868526	1.2587845250218284	2.5746145092131321
59.679783968913007	1.0170677885729671	2.5801171575524777
60.051157548942427	-2.4499235352317692	-0.2945578476536786
60.261576774679867	1.5034577144146235	-2.2270549096642007
58.783970421651929	-0.053726967247421605	2.4825802166182793
58.401384556503551	-2.6433075880332928	-1.0811011213923021
59.34625083916049	2.9498067864980735	0.44256900509585945
58.839497960822243	-2.5808160638354747	1.1869869319110635
59.158662564705111	2.1199603025248832	-1.2477609300924912
58.996000607925957	2.4390909382057129	-1.9497589523372822
58.642807008613538	0.19435523296646071	-3.3827370535950241
58.542942959429936	1.9319451023550975	1.6208893120424774
58.53102062332173	-1.6698985903969839	2.1124648744546062
58.460491952941425	1.7275002655509268	-2.4064927772725277
58.892825982062313	-1.0826074007704429	-2.5228844004961442
59.982752507612652	-0.58822278861508615	2.8044931142373608
59.384252850002078	0.93546348356432796	2.5767214702035868
58.486838784738438	1.2300487565397202	-2.3010930256069737
60.135225117358196	-0.71793642926531731	-2.7528652938259488
59.218997592674981	-2.8634681286360806	-0.85421141511027021
59.981154697590071	2.1540098425969152	-1.3814612315786989
58.815505724695811	0.59432417130099768	-2.7446274413893743
60.247350234124262	1.949195022614465	1.4265906979561045
59.752671214058815	-2.5671899003637964	-0.90132988491272314
60.05944753197349	0.9483196436508835	-2.4965512187656596
58.843841410676724	1.3825929088363889	-2.1251137239995046
59.973265407863394	-2.3924268351673494	-1.2437322895705512
60.06187675521668	-0.023805397765045228	2.904680624650041
59.902524858833722	-2.6484394698425024	-0.57709615488379029
60.012748969030504	-1.4806194807788307	-2.4108814780483194
58.762523764529	-0.15268573602322547	-2.7828141764458789
58.407007191501783	1.6076589423630234	1.5599054645226285
58.805303403777941	-0.61261923960797027	2.3183645978110876
59.40021890567408	-2.2166673442857658	1.7782889587810888
59.191010613642959	-0.47597031468682122	-2.1053739155616689
58.898703692187198	-0.17164088896676336	2.8016243059496646
58.853254476995993	-3.1026314819609744	0.5345715809742031
59.065539471356843	1.7465593676182534	2.760170252625624
59.06394863979618	-2.0321671833243879	1.597654799634606
58.677879480276552	2.5621449222729749	1.2481855074025709
58.758128529092062	0.42548890175825149	2.2140766721279963
59.423923827619582	-2.8838874527989642	-0.028610677129632136
58.994492931918444	0.73817960069342714	2.2305855141686486
59.621394443756827	0.039857797449786965	-2.4299835669612406
59.461249530617188	3.048492081462534	0.66848150893743619
59.345646644768614	1.5225716982528374	-2.0037660730228062
58.887395377163237	-0.97817545124278882	2.4414870827592479
58.296118711062093	-2.0513571454784221	-1.3945463898874231
58.992671647083156	-2.4787825809105137	-0.90346667771095401
58.523633761207023	-1.0311570706504218	-2.5231751737232289
59.197648864723021	-2.1243313278384686	-1.3370252877086759
58.508802276041564	-2.132243500298566	-1.3696883452050572
60.020476700450182	-0.36485726891159864	-2.8579387725803729
58.199973354718196	1.8124445993203364	2.0284303594783157
58.59499238734395	3.0117494913350846	1.2404868426583178
58.529720913984775	-2.2319464695424318	1.2051064519625898
58.776787984393174	-1.7306312296549091	-1.8977691038685873
58.76088267272651	2.3615596693467431	-1.5115964175709462
60.002656306418601	-2.1542025475071314	-1.335327944242491
59.912660328645629	1.4073954927605021	-2.362994892232781
59.662461807029281	3.7782824523209868	2.0245633295467815
58.781275155923147	0.18662433440266638	2.9971060197925872
60.075083102827271	2.2651730623982926	1.3230574857271686
59.491153976783188	-1.4082481378688636	2.1532655077999578
58.675050839470266	2.8025903181448504	0.5402288287862147
58.983564064535557	1.9125340398870065	-2.308748745769261
58.452974886810537	-2.9019708248806304	-0.0065510227105641718
58.739729191813502	1.2787423601316148	-3.2942552791174835
59.379409561292746	-2.8201329100752894	0.060775294003773149
60.035013536595095	2.5618094726880938	0.46994422540674141
59.588643802045461	-3.6832587609724348	-1.5090181283318544
59.706217893865251	-0.98765323745645039	2.5614692537664352
59.759344318964992	1.5319351821999834	-1.9299502285574395
58.628981055137004	-0.85683457717905931	2.6031272361030404
59.182947927315517	2.994159510091579	-1.0581795275697665
59.987452831931073	1.8615839831827894	-1.7625606875843651
59.631930973399037	1.1709012410750634	2.501276781787058
58.925374832873857	2.385630857098564	-0.66839898922519947
59.495880477888782	-1.8048698257372935	1.8305901598637526
59.803290028528053	1.1816026162957232	-2.5566751043738689
59.4536580611543	1.8042577233593151	-2.1393187843531272
59.461672964889139	-2.4781785762593755	-0.50892111164759757
59.831755040802996	0.9523303990451365	2.0776494757627537
59.154807206120068	2.608808193605777	1.0329895197806496
60.120519440381962	1.5257212109700466	-2.1406977190247942
60.031225272890495	-2.6911612749850797	0.84254820137853981
59.875229114443485	-2.4728701105944784	0.00046007540435333207
58.921700558148238	1.7343081888549139	2.3212336707979215
59.317100107174198	2.2522437968779347	-1.2823425295558333
59.336802794313279	-0.70063938650831192	-2.6587235813940286
58.517751063443882	-1.0443067611667993	1.9422138816632948
59.834166139546568	2.0571568715058901	1.5271265634171947
58.6944669772911	1.9808049067330866	-2.0455164170466746
59.126180507219004	2.6271879285667139	-0.80889830706646293
59.512389200586554	1.0870336837644512	-0.81487312836907122
60.042983472753896	-0.58132801010788848	-2.6091192869633963
58.885634955559446	-1.9009402218430325	-1.9514714510705724
60.10414086921562	2.8439876407430216	-0.91766397487329354
59.343105650385411	1.2969615464137101	-2.098038533817479
59.628237485907675	0.17985695029802051	-2.4119347238241176
58.680745666143864	0.45816809084768706	-2.6368979933269729
58.60301767894078	1.3751824309954401	-2.8557519933953173
58.372964123607161	-2.1674723077524782	-0.98737048092906632
58.540217197618652	1.0841977861515404	-1.9280087992729456
58.394148164793009	2.2872485737607708	1.53282986381419
58.986920082209259	1.4854937620415094	-1.9971473244642419
58.539389457650969	-2.4352961527267332	-0.30164022650973416
59.554892214029152	-2.1043147191561027	-2.1374451515293629
58.741514796774368	2.2717476903131963	-1.3182785731281683
58.518688369731947	1.7607925714094137	-2.0620084216935797
59.142752882893397	2.4934822063106901	0.53261905593765813
59.953298801281683	-2.2863263861972283	-1.1572955721501432
58.724589054165769	1.7915680387423674	1.7000044523123001
58.958802889459513	2.4245456875151219	0.311369671792247
59.533600514263902	2.9560041123712582	-0.025786699024181358
59.576437555939421	1.6308701656688522	1.8883899769598933
60.027373694741797	-0.19306156746108918	-2.6493485287629079
59.607126861578756	0.13346201787503489	-2.4658142017160412
58.987465257872636	-1.790031976315434	1.3110894546619283
58.439576245797177	-2.518684061012658	0.96908648585129253
59.433315611055562	-2.2356558202106114	-1.2534051412989109
59.268054526342425	2.4991369211891112	-1.3282232886575682
59.944729634345592	-2.6926633629077927	0.94434009741886205
58.436697019375963	2.1174728016033213	0.9348380477754914
59.407185640706409	2.1319697159736486	1.399220228920631
59.477967515583565	-1.0401708667939944	2.3693402760431113
58.852111166482807	1.5076303790389887	1.737165003900891
59.952106752479217	-2.1595029612232555	1.6428380804672265
59.38791314424428	-1.6584446219685909	-1.5721794454889453
59.86146747513105	-0.87362884378365757	2.6717759018657716
58.679010052894775	2.2415332836417989	1.4255049770877839
59.89053810830071	-2.1409457403446792	1.5748825778529272
59.013813066882619	-0.45405146787047734	2.357469926226909
58.934107101631803	1.6624354843420335	-2.3197076710784619
59.172984951899601	-0.15763748182270507	2.5383146222627762
58.385739328301504	-2.8473826525928341	0.14765573282081743
58.887706709939884	-2.211920124415153	1.1152816734344855
59.121723945420868	0.29675772074502721	-2.9951802377867063
58.541752366185975	0.42530915764995675	-2.3905126828262127
59.847639361858079	-1.3333703293839068	-2.4620489522915516
58.965771702945041	-0.83843181279664347	-2.4727767445890749
58.277558467227387	2.5261316856600153	0.42989135195455608
58.670657515787973	2.3546743296156656	-1.8317243885671821
58.362007089766891	1.8786338627141963	-1.6697371808119126
58.796975306971596	0.46684163639248588	-2.2418489698870374
59.401387890133314	2.123717387522797	2.3677822922922491
59.588888063153028	-2.5391316973793443	-1.1191693824796725
59.842230904790249	-2.2521207580822344	1.8954603349107912
59.785218508928097	2.1262606657439673	-1.9950205722265566
60.021226968279045	2.5753155458871153	0.2148073543299362
59.999931549141017	-0.7386448791274387	2.1555189971838296
60.085594069357292	0.66157931139158666	-2.245492270328532
59.401519844510062	1.6547727733799891	2.8239482043757569
59.878038039053649	2.8211495018944941	0.15424467352319668
58.471414331483693	0.96740322019825187	-2.2551527184620297
58.627909841988654	-1.7128323531726279	2.1241935061345258
58.92923358008548	1.9588426272039701	-1.9645842507436115
59.945663976911042	2.463780316564347	-0.04632972927447445
58.451710686364201	1.6604638288074234	-1.4000571136532174
59.848769210987584	0.57604503861368617	2.7078734967182148
59.000469551253907	2.3945888512474385	1.3016000856591177
59.163089014510327	-2.4951585604208626	-0.1955532811275808
59.014489956543414	2.5910232536431015	0.226171068941112
58.73778252788771	1.1326361460258683	2.5533857977276955
59.433141833973039	-1.2955935202115973	-1.2352341909802398
58.5029937218047	-0.52609868877416155	2.7656733815657741
59.384774084172008	0.52295953537198747	2.945182963530693
59.262228638959542	2.0846981911335294	1.972405415670119
59.135313597919811	-1.7816506089354263	3.340531101913212
59.679281327095829	-2.7724128480979635	-1.0719622205537458
59.771338811456324	-2.3837643951095617	1.3327857407070083
59.694000888566634	1.2775598088513156	2.1339976968628935
58.884121872165586	-2.3002484133693004	-0.71420489471543225
58.915162239485049	2.4721083848231777	-0.98770516613512349
59.263087178573777	-2.014884297193646	1.7673102138265755
58.944359958812328	2.440618790299204	1.5448990568935708
58.456490178478383	2.5297316404486256	0.13184512002613924
59.609041765449206	2.7998792936872023	0.25385809275544963
59.556603660749289	1.2423976700107149	2.1971243689006457
58.734822927670102	1.8694701173348833	-0.76445476622612241
59.746819761838161	-2.5786200458984276	-0.76422101504435869
58.913345455066285	1.7074612787943158	1.4355758430925849
59.411079936715609	-0.23695335902508699	2.566626014778445
59.150625124703403	2.2813763648919618	-1.2047569288325983
59.63414609967311	-2.4710642271073264	-0.62819793516655864
59.870511476897306	-1.8788647708558583	1.7205278423529646
58.989051999480097	-2.0128139096855451	-2.2534796660966308
58.554924790367764	2.5644071046937174	-0.098319270493815808
58.603050727224478	2.6739988781551962	1.0686913900310955
59.76459365290247	2.6981461329758289	-0.16741499750375155
59.806299116432307	2.1799915376111438	-1.0400739406960784
58.650161931045567	-0.40933395020313113	-2.0506022225799114
58.789169565713998	-1.3219617861780815	-2.6237577638456462
59.339736604373691	2.4374708270792906	1.1013182851042356
59.626358107340025	2.1198639533628572	-1.3937800725698861
59.345961105010375	-0.31077909576797075	2.6479521398258759
59.659600785832694	2.6671605250119943	1.0212211770375439
59.991201399996918	-1.1598833857133934	-2.0462895425222012
60.16452230863429	-1.0610110054669792	-2.4334037388287593
59.481392916793688	-0.5309754408788907	2.9669788390713827
60.156812945906786	-0.28350570936718955	2.7593139514128109
59.810452272505579	0.12520317403273806	-2.6042797633343313
58.826859757804151	1.2688972480010887	-2.2160828362574847
59.258589037383992	1.4099316521393548	-2.6701521384230009
59.484073088594791	-1.9548157153123147	-1.5301763902098042
58.559428114805684	-2.3500050985754872	-0.70613588986066977
60.033295557206962	-2.6683808703967649	0.23836569150314829
59.311678621270268	1.1975466162604493	-2.1545692957108167
60.155152485916403	0.44917254859062417	2.6077217162321755
60.047684904899242	1.6167131567446273	-2.2125340564780438
59.15404079008119	-0.1829183244325317	-2.96397749892704
59.116148121215268	-2.6465427315373269	0.27565389130556456
59.564101835715121	0.17756822006196962	2.6706504898707695
59.094459147788115	-0.63383693562843924	-3.0694463784945327
59.589867231113196	-1.2510448885153034	2.3487365466514785
59.076272791412194	-0.78799698523629436	-3.1356635427218493
58.983743185883007	-2.3377476973691556	-1.5533328907536996
58.925974572879319	-2.3826121235134088	-0.78822140012683817
58.518944218234687	-2.7149533255106468	1.2531956033987868
59.4017415599861	0.9024018462728649	-3.0951517446736241
58.606794717861533	0.040742144564546216	2.941776637631301
59.822902157399653	-1.4325685436404934	-2.2496770232535979
59.614961777133338	2.4828492063971042	0.76328320355938251
60.12775204971075	-0.27698675510579218	-2.396533880396206
58.420560458075805	-2.5864710410850607	-0.082416199535096185
58.815375240650091	2.5611874563113393	1.2901453525541791
59.365527107241881	2.0526937546121142	-1.4776374932964336
59.831453875567526	-1.3453281823662924	2.1723033768319246
59.880388887204774	3.0814144441788835	0.10396834619020649
59.418054364186524	-0.48611540990545404	2.7175485415009697
59.914903354664432	0.60389008499543595	2.4707850388018864
59.045383675178876	-2.5754003546502111	0.85410246387623012
59.411766466689087	2.5484420951847433	1.8092865023470823
60.004724901962092	2.4410873090306948	-0.1064503443613161
58.975140407242662	1.7830814921895641	-1.8650917950674597
59.331226339592575	-1.7171111186148083	1.0952763869021942
58.502357026713177	-2.2401952392101157	0.89895731462303541
58.800051978796596	-1.6246967961594636	1.9757050183137244
58.290956822476439	1.9706524226712929	0.83826494389111872
59.217287656316138	-0.62913514907086676	-2.9150339664852156
60.080313868524811	-0.033636740880153705	-2.5382229635887272
59.200813352998026	2.2680471399613302	1.7120616097372872
59.738555865638411	-1.8453209300854185	-1.789391317106344
59.013550450162001	-1.3233606585054059	1.9876137645265328
59.955535182526809	2.5137796610599077	0.4684747893679464
59.111885351937843	-0.68151732636788198	2.1086933448840472
59.317704401507655	2.3053832279876008	1.3879601380363495
58.698944830364276	1.8964960149190877	-2.0835272287211577
59.258049184327568	-0.41032885012872483	-2.3910922951026525
59.198607413821733	0.96907774376568123	2.8933290293375231
58.922443389293804	2.0446303249567737	1.5991600639600376
58.688250111133989	2.2655508662571617	1.6337394969382226
60.048267280307414	-2.5731557551342275	-0.091548354202596077
60.177458258727725	2.1648224477461238	1.4726040676862844
60.172289446742056	2.2583890923940588	-1.5358732494631384
58.904742775098462	-0.98313553698333744	-2.6311134247064571
59.682140489969974	0.10914858448190222	2.5962403023805485
59.490897997824348	1.7969016148113783	1.7375972826568351
58.314691368767889	1.482064472336291	-1.7153755173140488
58.838081842532745	2.5274014462102019	1.3638380526042415
58.512327496559564	2.4966259624587916	0.46831645120465587
59.643026660414712	-2.863246624482727	0.15973414570060304
59.108529065018821	0.84458168114418231	-2.5426147409026716
58.689699913106438	2.0979207587876001	1.56069526628782
59.55284181170714	2.7910093373755727	-0.4914377656257688
58.37617187756792	-2.3765662681387463	-1.3194108217431657
59.52810897687916	1.9948895560586668	0.37519028398097182
59.14097889632643	-0.16494171496738227	-2.2609129018626022
58.494382613851599	2.4366723447868908	1.2145234186774809
59.403212578471013	-1.0827521640332081	-2.1151265021264245
58.599427963548024	1.8979992855334751	-1.4918091001262728
60.053289678150371	-2.613207211346722	0.073755827824855055
59.944280863388073	-2.4539832325966859	-1.0986119216138177
58.29976401135643	2.9191624296681371	-0.35073255293066896
59.849319013240738	1.9893444176123358	-2.2887780543584451
59.9145688589023	1.8973484554536553	2.1668206561556316
58.352528055075538	-2.0037338461955252	1.4907910486017897
58.297731133710371	2.1403107934466337	-1.2609366425433763
58.933919097556618	-1.7353264878084276	1.9029867361490693
59.534740120211943	2.6290004239384235	-0.035060645033177497
59.839230924475885	-1.3645727431289305	2.1867230753383606
58.217537958613917	2.5647980836732724	0.30004825912268601
59.722947069687947	2.5611388596998146	0.64698677314271491
59.300422375644253	-0.92319077129395188	-2.138936409210519
59.998719647489253	-0.54918042649503429	2.5332391458381576
59.437743174594772	-0.90484482017584733	-2.5983544954412032
59.007063131987678	-1.0846288693858361	2.2308977253404332
59.501383160017056	2.2229173298054343	1.7615809183434012
58.617097723839137	1.9684696596845592	1.2621854870932492
59.175154342075011	-2.4828773224444345	-0.31575661284801815
59.927796750732909	2.4977272947061677	0.56830422035885142
60.140458582107208	1.9106802696024867	-1.8119368821744097
59.148063302110657	-0.85887531619128277	2.680999534955212
59.828032833059645	2.2695044157028148	-1.4718814857360574
59.974809092164314	-3.0016208893270515	-0.20368641687583885
59.520904065785651	-1.9391096668401953	-1.631133997568424
59.731091980789046	-2.0429935022807917	-1.1641166049485838
58.64885191426746	-1.8986162781899558	2.0599351685370895
59.139215318405476	0.57104775654715834	3.1317269456436496
59.245253064918565	0.62857826292917662	2.8108206500460198
59.643282334127022	1.7411435672606657	-1.7860120432594366
58.981186839269007	-2.7279350512099074	0.72040927887903372
58.518260358169243	2.4681285914808027	-0.044950622527982827
59.641083010374828	1.296075948893104	2.4228715268087648
58.757857024282117	-2.7584780668268967	-0.65959521212968542
59.338550643440399	-0.036131877702995543	3.0699341435060599
59.43190238371902	-2.9750447535023312	-0.32415141758281557
58.841381085053612	-2.3458430291945631	0.01956500162582819
58.696513888185279	-2.4578585814375074	-1.0178927827225894
59.183179828816421	0.61682271154261825	3.1356515950810802
58.623862570351768	2.4734178961917812	1.0024329865413784
59.328022761843663	-2.0232174470252486	1.379127734884118
58.404706335933383	2.2138216893544667	0.96462749810270765
58.337767142196036	2.2046515633986195	3.4751197576764041
59.655156052154275	0.06290400011529193	-2.6300806437930864
58.53313915560333	1.1823047604254704	-2.810902505623786
58.445978953217526	-2.2774096202495322	1.4619962265875057
59.085088674448578	-0.30636397794735015	-2.8354976268287446
59.683636361973555	0.65523691766128078	-2.5000634084995799
59.892227968992451	1.2532759516293177	-2.8382995996072338
58.371554028271873	1.8197279142889287	0.26341379060868553
58.979562990229013	1.5642858108528785	2.4305057473482932
58.878316347831799	0.99424156853928025	-2.7363976202876872
58.724293559633082	1.8574202053148972	1.3800741054562429
59.093846168368053	0.8610705276002103	2.7609839370689437
58.366624181526298	-1.60199509133952	-2.7128883660923884
58.585929034637573	2.4915025949776335	-0.44174733666355492
59.216588412953122	2.4878404902488951	-1.222566752798711
59.443269181942441	-0.61446034677175654	-2.1433101813551643
59.718665904373275	1.0871308082650633	2.3119010301168195
59.806348368498298	-1.5161661453412043	2.1008842931147504
59.277237572997549	-2.504655336907156	0.9502002976250552
58.832211693231358	-2.2489027589964619	0.89129904142750793
59.784259943743848	-2.5078323795029251	-1.1990936774121315
59.006402623513651	-0.69669452904964024	-2.0753878789538356
60.067145186496852	-0.53215362381631448	-2.5345326549694218
59.495429116485688	-2.7246610085145164	-0.30712449849053963
58.656299550384546	0.26912722791497168	-2.6800796714837145
58.823544127217581	-1.8766275988782488	-1.8753728986651794
59.187047466261291	2.5205245813864408	0.1766789881560486
58.988667684051684	-2.3310538582293669	1.127145038988147
59.461305891324109	0.34372932600349315	-2.7157046692567968
58.369548808948153	-1.9141375952833941	1.3452852599051395
59.777112854812778	-2.0604148742441604	-1.7545589201554284
59.502109692056735	-2.0430218305571892	-1.4403824941386894
59.654595429909655	2.1024460679200172	1.8048527178222671
58.904790672884786	-1.9715243601191277	1.9750939205364917
58.613691398317876	0.93719965841391095	2.6254816828518495
59.927470859851283	-2.4573717027013187	-0.93609038929243493
59.743809547613381	-0.22085079082099449	2.797087899107999
59.669489148439851	2.2398601882923521	1.8564868373440147
59.522017791962682	2.093565073455411	-0.8070215719826721
59.547597418438365	1.369754092273616	-2.1318303981235234
60.142213383988889	2.270860048077763	-1.0837500834418898
59.460137699802928	1.1333158487689896	-2.4601949901755442
58.737142001034933	-2.1938889013107365	0.39523032701127819
58.532141787160896	2.8685595755347713	0.24004178866408291
58.588697545319711	-0.25218765790554049	-2.7232922479627271
58.216170147273829	-2.4805429485842327	-0.16816963839545793
59.403186823684159	-0.09838774321701875	2.7190740165124678
60.058464420778115	-1.1524175576052245	-2.3791178587422519
59.759066389969774	-1.8330267192913479	-1.850719211405544
60.12040702709443	-1.3464301085743575	-2.5150684927556757
58.90649345424896	2.1833783179557229	1.2821478372476254
58.741007778525564	-1.1325562787038186	-1.759169562800996
59.927359373682691	0.031722834228151843	-2.4286721254837333
60.176217840437268	0.39704073996456762	2.3644581913974538
59.517971264042899	1.7802233537471528	2.2883276952198064
58.828789210544471	-0.1678546367256071	-2.6671025995114386
60.362304722743218	3.094313305408102	-0.14286631891795123
58.650926409956753	0.26439580106289301	-2.4554029747853279
59.85844139804891	1.8929510281827961	1.4079611757279917
58.332133904142999	-0.23751183296798359	1.9369930541174116
59.047666700728335	-2.1320901613948946	-0.71974288772809092
60.163532345566715	0.1480061689399233	2.6840979030071312
59.394785589692603	2.3010995446086024	-3.308997201187208
59.895541807992096	3.1736748990952401	-0.40461002120455319
59.26019379397237	1.6242162386216519	-2.0182600133379758
59.775611719060933	-1.3280126039492648	-1.9776559237334113
59.920065118298261	-2.5288540751506736	-0.6619430088000523
59.67560135165585	0.3684070452329421	2.5290256009568899
59.332480262066134	-2.403952574328085	-0.14715223539335434
59.310923918797258	2.3389585656642775	0.55590385548658405
59.529052290860626	-2.1307965349861822	-1.510864222969154
58.994276521673754	1.3952327040342647	2.5589155058400777
58.661863198551956	-2.3775848178797023	0.84142582848178771
59.002336587154346	-2.1049493506008319	-1.1108107638175833
58.690035636102294	2.6341342407959782	0.27427322923663794
59.763183636937129	-2.7786422457335216	0.1430745409021148
58.464219426327432	1.0779926190537847	2.8516540858264929
59.932332712954107	2.2949669338229843	1.3444720890131672
59.479304183345455	2.0653929652546466	-1.6579191417737629
59.268827210651999	0.8433347596911851	3.2385451280361308
59.278935185362208	-1.8870727058936434	-1.8347793057119679
59.934483510492761	-1.2121331663829531	3.0244333518226365
58.812647714139899	-3.3451557319960923	-1.022851199099865
58.794834721507165	-1.6842180203839383	-1.5918573200321766
59.643246856595958	-1.1544382302140961	-2.3616558110889891
58.984423142518089	1.8690144902338028	1.7916104240508164
59.78897454661913	2.285558792190026	-0.021582694475950747
58.401542783792117	1.377825443950363	2.3861633643388109
59.219711908290279	1.9252371424755788	2.1543924220180646
60.019721920583457	-2.5633809586180241	-0.58092173670797798
59.996714718466762	2.5459560666831167	-0.61704759026698797
59.661553855398637	-1.8615013925985917	-1.7348682454400128
59.034943761929703	2.0549850078623488	2.0701370650197974
58.960335436766954	0.7737220065333168	-2.5872024982700008
58.516754619718107	-0.83114585207718716	2.8458540035840962
58.257042639128962	0.25977264102502362	-2.6053022276518907
59.758173200920858	0.46372571409498248	2.8515776997742046
59.678181980305148	-1.2678576447178116	-2.4658380641303621
59.663904294414472	-1.036342876698501	-2.4895434734848392
59.458001345265281	0.73615791600337832	-3.1003271031902577
59.916847007964925	-0.7235222458993017	-2.562784939160708
59.348819699342755	-2.3676404285448811	-0.60549058003552803
58.582779527754653	-0.84524491063948082	-2.7259830905763618
58.706306205806243	1.5749967652239285	1.8218257691823065
59.151794320866344	-1.2632749128664349	1.9403950706111339
58.38702774673537	-0.21301342637665421	2.5031576583445307
59.030425373706834	-0.018998383996836812	-2.7444048769676197
59.226299749804475	-1.8631269962185795	2.1272787766718588
58.352584902008196	2.7006647422771661	-0.49975112628853496
59.205100771601629	1.6962209865626152	1.7603913435260332
59.068363880079289	0.233524518977995	2.3527334216755937
58.775444731089472	-1.8346242799249342	1.6756469461230783
58.667048904295662	-0.85670014668061167	-2.1407029404274693
59.516710361318111	-2.1248816230852441	1.8941324751536288
59.789680716144787	2.0327930666677854	1.7481539442897298
60.095702673892873	-2.4242149195886742	1.8173587715019259
60.064802642927262	-0.5187504711901284	-2.751021390928166
59.403068038885571	2.4051058867184953	1.464908110679674
58.478937762204502	-1.197613288130815	-2.4912682169158828
58.869837016739716	-1.3554843361846673	2.3688997789289816
59.670560277534044	2.5589711987858776	-0.025027972185542171
58.362514522817897	2.2700729582106258	-1.4310369270383978
59.029653481861033	2.257581097245613	1.9808156291519279
59.211077201188132	-2.2311705701607214	-1.6001426605018336
59.340861156494597	-2.7650023246712006	-0.57718689829386394
59.478046300013823	2.4377202272445193	-1.0542340221122406
58.810891216083967	1.3852589073250703	-2.3474026026241188
58.770642154211018	-0.14880183988179577	2.5262430554222544
58.448355248865006	-0.8102489200289904	1.9751608679400503
59.411862334645761	-2.2342138910478835	-1.3133119302281109
58.46188430051501	2.1941839830123855	-2.1471216085987397
60.049933068203721	-2.2424633706157273	-1.4526150548164272
58.681369584760844	-2.4085773222001277	-1.1531951705786669
59.334207747489828	-0.6183020681147543	-2.6768709813451053
58.46266701964862	2.659702608502124	0.84819950770988328
58.58361784001243	-0.079284759144510664	2.491188098554364
60.185064727138986	0.91660792954875248	-1.981414509755127
59.451604696392835	-1.6346793506590032	-1.8763879777846806
59.756035294049362	-1.8296500640027415	1.6074142891085639
58.810015009062937	2.4070313101147378	-0.83319817092089077
59.574193846375941	3.0860175429834205	-0.13817327639130134
58.523659409214382	-0.080453407802882279	2.3789366527445805
60.138930556037401	-2.4958790419631578	0.8973003819901989
59.24941545039772	1.8076658690970546	-2.3710211516454538
58.528421578230272	-2.478577297972822	-2.7342044290345786
59.265395689443018	2.9038553415534394	-0.081205669783110182
59.22750456900939	-0.53205814289512743	2.665494654448052
59.291645748416123	-2.5049135664620747	0.97186265362272251
58.617253885578265	-0.077988843901703089	2.6186605719729781
59.917960642317482	-1.6180322280892456	2.1805599557849038
58.291914884110597	0.16925351147358314	-2.6822001995081313
58.520482733227624	-1.696925239176919	-1.4543892878997895
59.127832552882339	-2.7141322031861419	-0.41981780376599115
59.412831836222921	2.0563318472974665	0.84352988460263434
58.594947332828731	-0.41854455901913212	-2.7950335515331672
59.766881379049799	2.4631896405463709	-1.4809405962126692
58.837171943466352	-1.8103555757681662	-1.3810865180275662
59.708764364166591	-0.67442452897063376	-2.7576334021189464
58.337136991892464	-0.20025048732705275	2.3832835548019511
59.012867604293703	-1.8324181137081033	-2.0421276900778436
59.758655853992096	-2.3476490509594043	1.4126119041658873
59.578852409836976	-2.3238817454135035	0.68821287481455851
58.639447888107924	-2.2703347241912906	-0.37636281697310137
59.966510964651157	-2.1249944936366414	-0.99270069344724265
58.804116444197945	2.7852052720931062	-0.068281960130073691
58.270873175092049	2.2706315895605105	1.0721662175635465
58.800636205469679	-0.65968005706361044	-2.4415033119974283
58.773594170797992	1.8969563642248268	-1.7218837033573411
58.531164814682072	2.6801691841208344	0.68775448905562586
58.686578768289955	-0.95933143658448095	2.2011515798020613
58.879752884092198	1.0699339596087025	2.4598179107962617
58.867702701220388	2.5303780020080913	-0.07017556796334605
58.471783677346579	-1.3385699980143371	2.4600799673915383
58.497354573816445	-1.3635473891271368	-2.0689536424740886
58.474773032853392	1.2287701914677418	2.2756068992571374
59.948318596878948	2.7856465385336429	0.38265279952307768
59.447348189757484	-0.45184685963574345	2.7474116540452949
58.87403113551084	2.2094748750760775	-0.62539218197712843
58.925934200400128	-1.4332641038610381	2.2597638851162616
59.524474040861925	-2.5425235141779048	1.2589054502080013
59.914735976025106	-0.75992135357714563	2.6377118548000769
59.680972749034986	-2.2875150120526695	1.3417645254614929
59.565276107552123	-2.8361100619625819	-0.83356681337063609
58.580242768564986	-0.53656174195798267	-2.062089375735896
59.13436318599701	1.4726384977844822	-2.3295615147662141
59.666063602476278	1.3923067003233989	-2.5199655854638907
59.525490121802001	-1.6968933142645164	-1.8834393514108274
59.193570981923386	-2.2380038665270252	-0.79006963045165635
60.057296689480452	-2.3203568494399103	-0.83276583184208519
59.111952028621253	2.6883667349836911	0.66723963437899658
58.489257197906298	2.7551358362536171	-0.28710378866677477
58.89308426592013	2.8734849108203884	0.010517712432906778
59.714002642924783	-0.7804825466132137	-2.3190919514143333
58.538366434630028	2.3283792450778118	0.94954671144046288
59.051362821965796	-0.055989673413857945	-2.6303327420740255
58.450535167667418	1.9431790246244789	-1.6262213285098674
59.810242033893893	0.92204664118139268	-2.6875827614092671
59.964666996552999	0.78749493635791534	-2.7835026660418141
59.863105290178666	1.7727607862759334	-1.4453623555136277
58.793842437462423	1.4030459129173982	1.9554810120801216
58.653687364757502	0.56861901213696142	2.6355833331990759
58.842013058270645	-0.64634182065825019	-2.5456481300070246
58.717088014413577	-0.47166117871361757	-2.956146208263462
58.410737015315533	0.42326938676488451	-2.188156365479986
59.681258416768763	0.42918804783346381	-2.7717325175498808
59.795364811597494	2.2866331706171192	0.49735517781192434
59.592962181611853	2.119822036892888	1.9576316157715028
59.632105254579365	2.0500751161006048	0.85610416422150337
59.186666007554926	2.7665385777146425	-0.71764720778884905
60.030417067314715	-2.4426822148213914	-1.7186449132201456
58.450992703044555	1.2647031454122377	-1.2194321594695463
58.925581114002256	-1.151013604538133	2.3106526484449996
59.828285003782199	-2.2683813350600337	1.9628908374371457
60.089924603340094	1.7784028580256359	2.0437156839084545
58.653896887436737	0.63220551876162612	-2.8282505511008957
59.364766325901499	2.7105750153093711	0.64491624460690467
58.943883046182954	0.73723106695915774	2.2256975646530983
59.930740284436602	-2.8388708845368171	0.37655160147365702
58.560972623098763	-1.8795658473807093	-1.7289044809238485
59.229500184979386	-1.7258491461933274	-2.4383723901242043
59.073150039889867	2.5714350455120334	0.49641090759211354
58.794574165821878	1.0585896386714428	1.7909723944429874
58.505318438160643	2.1603889611695339	-1.6007875513433536
59.976704674713034	1.3925083570427892	2.1652085759243906
58.397457519038419	0.83249517917556815	-2.618849956384893
59.647737805069802	-1.4589594366004759	2.0343836991446338
60.043220950941461	1.3012641136806189	1.8252437043956491
59.165909045463572	2.6933512406933207	-0.64526895489401359
58.935188540326664	-2.3388427927457647	1.5355458366324857
59.868284155351695	2.6727879290173395	0.071290088314807223
59.021347523801047	0.0831954154486228	2.4757290672408661
58.642783705502382	-0.95665813177292114	2.1324716862485378
59.992666667051999	-2.8494190954490834	-0.27669854997806775
58.835250845252283	0.95832660834185834	2.6355803093276919
59.026727626244146	-0.69681571449247437	2.6565915386326848
59.870394245102013	-3.1081718716296352	-1.2999543039350479
58.663762393301354	-0.55648371092478888	2.3351291838235442
59.250086003804981	-0.55877165626819703	2.317001415675616
58.442450888828212	-1.5514860487817628	-1.7989073213110423
59.808625823785931	0.059147667495557214	-2.6783617861371947
60.088872144523904	1.5404581171574256	-2.0271088037913243
59.398080842628325	-2.9307392991848973	0.86619838772947233
60.002524071851866	1.4496197068500656	1.5110852032729674
59.183200060286005	1.1653676298156694	2.4195038249955636
58.406846622016182	1.8875116243495882	-0.81272257429002714
58.490298117961345	2.140291430094341	1.0955199946546728
60.059805542932175	-1.1907155030999876	-2.7356770882477592
58.67622765962156	0.781972594095389	2.5278337017469119
59.546452504754903	-0.59890547709046893	2.7888576702800334
59.141526536334126	2.9462636511065146	0.11056268938779563
59.123851305874588	-2.6487095204510935	-0.79840095659126642
60.17034094109011	-2.5919968089034029	-1.1200281876372089
59.001304859301676	-1.853339272970705	1.996434892944084
58.683132095866689	-0.27512924132834921	-2.736398006195822
60.148098457146943	-2.0940116281239329	1.5113381868477016
59.177266873242871	1.9497331837115142	-2.0565864269249015
60.026648414712604	-1.6486505923828108	1.9025664877597357
58.625667442694557	0.2166064259303869	-2.4732849526228899
59.106991142992513	-0.59447873463753975	-2.4235930703972661
58.452935221490719	3.4409175445216977	-0.17093818556535451
58.57254381820907	-0.48942940764372739	2.39726017156771
60.075994623855465	-1.0783729235566715	-2.6318200645170049
58.545501841074717	-2.8473489842571604	-0.75489909944923617
59.108460172364204	-1.3850893803054996	-1.820548867185805
58.841406697564651	0.41867445269754078	2.4594850574095983
60.068997379441655	-1.7201115753105241	2.0250334352575883
58.708739426182191	2.6879763413793576	-0.33709963842380236
59.945826965370223	2.6774958688047485	-0.65811172734146239
59.479983788761224	-0.53326317053660621	2.6534936719380062
60.022008813126043	-0.75393355223374148	2.4264386006417293
58.343771664446344	1.5568408433789533	1.923774275093965
59.917991010091392	2.2167242098513991	-1.2569090497707429
58.792996232894851	-1.1620264047210569	2.268522517956943
59.336424033550159	1.9167994434549693	1.5449868261275881
58.918703611481959	2.5560429880233917	-1.5313878340817022
59.802347376011433	2.5824483289350266	0.27465339738429845
58.868594348198378	-2.7571999620801471	-0.27012673952675625
59.869071407421671	0.32643608404600011	3.0499023434292751
60.180706165673818	2.9400041380244848	-0.028704591734635555
58.485223241651759	-1.2655516508146969	-1.8649094925418952
59.948377542055717	-1.6529709409000075	-1.7630194238417083
58.87433361643896	-1.2966956850406466	-2.1772331886511056
59.568483111626691	-1.3418837199215401	-1.2952770832850609
59.972945366260085	-2.7309774166453296	-1.2533086160637466
58.770893643933128	0.63215405526739132	2.2591322677854038
58.363498026496579	-0.56896570631688248	2.6674754692923868
60.072541037393187	2.1785584763899091	1.9233067411743681
59.094538240076922	1.1157081769024841	-2.3341417148309587
59.728758681655002	1.6988933070804086	-2.1583427799435104
59.840913380428219	2.3630514800446147	-2.3466049468996824
59.526849508693616	2.4972443836033036	1.4359108718932199
59.197307011912969	2.5151703435385926	0.98405911227977305
58.684073335115706	-1.8465521005495096	2.7707613747881306
59.667468786031804	2.2011764308826072	-0.31840890162995678
58.665331632474377	-1.7510111835768634	-2.1007082427995649
58.512572248238619	2.4941832837165179	-0.74676585144208618
58.844091679896813	-0.99853907267178132	-2.6796394928792964
59.291261916605627	1.5167010025037626	-2.9061272770803663
59.652112965662994	-1.8365191059629193	1.1689756265085647
59.226593179716382	-2.670031335507193	-1.8811475216080493
59.790679741842766	2.0940965924361805	-0.21302084795696447
59.646982103826943	2.5264656529896885	1.0774852706244202
58.656713173235929	0.75869471952943912	-2.1972628305170399
59.159731221017417	0.9162081298401521	-1.8039277759267076
58.821059357447709	2.06234387262452	-1.5559126369853085
58.531066775919342	0.89887717226709429	2.3444578131765192
58.852982025872436	1.0942804092711866	-2.3131035615411828
58.350218237048956	-1.3988586930421418	-2.0461249707789122
58.457488590581029	0.65164060422945191	-2.6152435117296942
58.283412478021056	0.5497491327571089	-2.5718987062645011
58.736568904857243	1.9730707955876261	1.4036044374951444
59.505295414481857	3.0049327534274126	-0.27569493166426096
58.95402274575148	-2.0014411706242146	-2.0562344668346282
58.616724013373805	-2.0055757395363556	1.5536107058347934
59.529975901150394	2.6748321790267546	-0.66654068297219282
59.351479812573373	1.5873218412587591	-1.8906644014715228
59.129898340409618	2.0340798616731925	1.7084940056964704
59.300241009008133	1.4123788894967311	-2.3538036079160829
58.665762095120826	-0.99398644751006693	-2.5017950102500124
59.401063583746989	-1.4729838187557378	-2.3916931016622276
58.637034576298852	-0.27578959956537885	3.1138383451622595
58.254090835636966	2.7243597663909469	-0.25183461212095881
59.949525991318055	-1.9643304163531203	-1.9456745963235267
59.902908397060088	-1.2624235969939357	2.4674484657414815
60.08744305951452	-2.8010928519712168	-0.60243659665678939
59.619582511843994	0.46050600656790036	-2.4860238917209556
59.077622857273774	-2.4387126093320295	0.84339481249885673
58.27241346863417	1.7366968699298155	1.5302699257043879
58.497361267455958	-0.15888538032985824	-2.3467891245668087
58.456886662273938	-2.4207561715749422	0.15945530340201305
60.101069916078707	1.9781506793950792	-1.5678969979528814
59.009296064903417	1.6832780595635843	-2.7737906515253332
60.051669437152007	-0.42565115983271479	-2.9527648320030893
59.882503959342678	-0.20108086279008519	-2.8890926242648227
59.587423791084909	1.5032065675967479	-2.6430399261257818
58.483852352087062	-1.7590148782727661	2.310784616769999
58.740405518502143	-2.3605029742581172	-0.42302303509203915
58.598535271705209	-1.7229109051737939	-1.7575328618618931
59.844010263128212	-2.3979257556382114	-1.2501512544719173
58.916434221318511	-1.474291660443602	-3.0984770846719423
59.626298515001118	2.0181049912521116	-2.7172211480414528
58.572006557522144	-0.65600340023683357	-2.2631161194199798
58.325755100401238	1.201272748012693	1.9937856985679696
58.730891446744678	-2.227074582883303	1.3138002907376576
58.916603835718611	2.5211892772477431	-0.7295376883717809
59.611758304233511	-0.32475390146744704	2.8260866746697348
59.890151358833648	-0.68867018963066762	3.2212714535424189
59.952962144546284	-2.6941252091201622	0.86968067272777261
58.684617785308241	-0.42112609328350992	2.665795646926377
58.512012137056509	2.131062515724778	-0.42670791569036465
59.306998261766459	-0.29966848123062639	2.8569739228504138
58.72890177938487	2.3660573882380405	-2.1268226146381974
59.701968493395398	1.9388173250091905	2.3007937146387296
59.441029817175824	-2.5395653827696911	-1.8066310704528585
60.195759388899958	1.9605986110705118	-1.2034986831467354
58.614008953866048	1.892850057735072	1.6564792796393164
58.080684268816043	1.2729798165417483	-1.505314243852409
59.972356373634206	2.3175081891044083	-0.5300232989842435
60.057877462646601	-0.89147541861721002	2.6645598388132736
58.506529519038416	-2.3442723968003829	0.2509813202619815
59.199964527359604	-1.8674981740999084	1.3850750349494412
58.398121752572592	-2.2759784084335566	-0.006137333017455537
59.208827438507257	0.84784828993137706	2.5492162635851097
58.680884856031412	0.2759028947834728	2.1098123121012136
59.174418355374939	1.3129127159743332	2.8054311943849797
59.022979269353343	0.58996569472549554	-2.6405823174945047
59.448106363629662	2.3902760588259482	-1.7229508192296381
59.928503534939395	-0.90696486579562774	-2.6487986748495627
58.811162824830056	-1.5208463735711819	1.6551055950338602
59.832829149903162	1.729587693610505	-1.9392781129817911
59.793004989953133	-2.4361996951351026	-0.35420740425415925
59.618762191225855	1.2459788646268926	2.2179190843634928
59.53211204996343	2.801688042274785	0.85210381313758143
59.486798092745936	2.3025630879617078	1.5684895362957896
59.720782957008801	-2.2437824896255361	-1.3379237809293167
58.993256208289189	-0.127627156610537	-2.9992576373892148
59.731595302655855	-1.0458720731276341	-2.2779421137430398
58.379309406489732	2.4181854207279776	1.0583988057648868
59.418211122523132	2.5647335870219243	-1.1780512852376168
58.803309841474984	-1.4121177004973176	2.4655083808231741
59.547440449431299	-1.432448302132951	1.9909695439068413
60.020416165294094	2.2564445768939358	1.0973487042564962
60.046138210029866	2.8644764749484257	-1.371217576790716
58.395366527680274	-2.0840904525970965	-1.5598137083251586
59.216115714768407	1.2597466916312454	2.0920281723721805
58.506320652215699	2.1566636124318839	-1.8565560273361172
58.809708847910073	-0.9706875738138464	2.398230036363322
59.451226865759018	2.0061728580310256	1.7825995677030444
60.000707818086418	0.87122956787334127	2.2878221919405117
59.724938040104945	2.2238494682454335	-1.672248979491008
60.127483181836624	0.22532759181978093	-2.8934401645536245
59.125058886981826	-2.589321419903976	1.1781616502710757
58.682160034804689	-0.57009143826349362	-2.5670253445805882
58.761576886271342	-1.1315325551048168	-2.4193227470226581
59.74999616607046	-1.7103440728699806	-2.0052990084035436
58.903562808710866	-1.836390956237941	1.5788818635300377
59.671494121852511	-1.0669153534259581	2.4231054400807079
58.605585526534306	2.8798478860640464	-0.95335151605797375
58.512146092754698	3.1867993156743828	1.8013188607264554
59.418278275527932	-2.3042821517979415	-1.9800164118218031
59.206244845691749	-1.3525439565288588	-2.2561268957654486
58.334795508481534	-0.59799500036612696	2.4442866561650995
59.674330470586547	0.42293829565784519	-2.4088850701980231
59.181626897457967	-1.477803806799171	-1.8898471078724661
58.695047376682716	1.4767431972773171	-1.5976679567205077
59.079349870951532	2.3162551529361419	-1.4374820328516273
59.646358427326433	1.5154396357440922	2.2092335141826491
59.465861091022468	-2.9687682698727267	0.0042820327352327521
59.621933558990619	0.59897099604051429	-2.74338494463781
59.827331160839634	-0.37498713905138481	2.3818508513876373
59.162412028045601	-0.020307885288224248	-1.8889110734994057
58.956357813481262	-1.9197997240773144	-2.4920386111149644
59.136811949473824	-1.3817860060007296	-2.170318446619993
58.915774212418235	0.56002334358928663	2.9411455536933708
58.381258594575598	-0.4221542023859321	-2.7976478289693087
58.638461887147258	-2.8642768023622769	0.26040388935415498
59.200650707373327	-2.3167164033531051	-0.2893233721996733
58.785907432251449	-2.7038151252695619	-0.80820424699765847
58.9816385102746	-3.2081050913787212	0.4090855494430658
58.420122107643287	-1.0845557469643961	-2.5048647264930195
60.068263683620515	-2.4768587544726746	0.40643081477605447
58.840202195619796	2.3514576774512412	-1.0712043557569897
58.928006560613362	-1.766418457917291	-2.3021712438738198
58.524701872758094	-1.9912447724197988	-0.34919883143149738
58.799744283693791	-2.0008496337317294	1.3731569003278425
60.046119341579541	2.4323775683931741	-0.047131606178696731
58.539212760801881	1.7595623767222066	-1.2577244697251977
58.510742354277809	1.794422754753723	1.6549409833720765
59.349289381598666	-0.18685711311548409	2.6735213540930718
60.032926786511666	-0.31843364713504052	-2.6186511961644237
59.094863488391191	-0.76489873690427423	2.0665018671714246
59.122724690602908	-1.7320453689383624	1.7086480400974116
59.799974447626155	-0.35943968639834917	-2.567221036419852
60.028733890753642	2.3332325787281545	0.030430419332557627
58.540825687305912	1.9282998527738355	1.7708237731594416
58.397310537724593	-0.4751124365218608	-2.6955573439003926
59.729110564873359	2.8218030706289601	-1.5892441195708062
59.91444684504625	-0.2628777606364851	2.8331271768363857
58.805498231187961	0.164349361104972	-2.6881609554788657
58.486319348559093	2.3615724998091774	-0.55694075931995468
59.003483517369958	1.9812398237765467	-2.0178711875166337
59.062784608346	2.3411592698587365	1.0454403428442243
59.912685982558209	-2.7120099037648604	-1.5364113201588923
60.134386669549023	-1.2035763247461229	-2.1715694110682713
59.99171392730107	2.6605669324795622	-0.29314308430678887
59.765903075394888	2.7325432354875883	-0.46769192318982145
58.53474615256507	0.10178537816262688	-1.9038464501292687
59.071820802988725	-0.1128214173217424	2.5229158806636569
59.803850535936782	2.2220847679441795	-1.6352086935808519
58.570351354196362	0.30742803977775418	-2.9399661017209016
58.699117742328923	2.8963881120981601	-1.3148754281992578
59.106646114630543	-1.6547563709914812	-1.5124478654677962
60.086037094220245	2.6241966745161607	1.2296510093249666
58.797535860137451	-2.583122136544874	0.55108644196899714
58.972423003247677	2.4828331532240098	0.2110224307231694
59.563923511357686	-1.5178205263822737	2.3884439786222429
59.679868619555016	0.51723764590776822	-2.7584695906573526
60.074502598822164	2.6034075538284123	0.6330400593139468
60.035815596473405	-0.79772845059430075	2.2515511158989776
58.273698054745225	-0.38676510936779068	2.0822776632453106
59.849179094803503	0.32360343510738365	2.8453330750917933
58.605647064751075	3.1288948158984735	0.54192087016682466
59.250763342545284	-1.6136037893376047	-1.293824935979891
59.712621027420155	-1.8937291074474418	-1.224189959192219
58.840014371106911	2.5065560510382539	-1.4095979840823181
59.853076114739288	-1.4994971312295891	2.2281583101715792
58.991563508240283	0.19291692183338505	-2.817042419334522
59.370980482915535	2.2502979935616394	1.1977514398949578
59.723690176165711	1.6790253727780928	-1.7143927713909131
60.068448205575912	-2.5690419343009157	-0.90608754409743353
58.743757382451477	2.2190751750481201	0.39698930294516904
58.513822768403998	-1.2449402484383467	2.6407619200066721
59.569130438929335	1.777600767674665	-1.831441818434385
60.088163613701866	-1.2154652940862238	-1.8136201781953216
59.098631312089111	0.77824407390603956	-2.589211663738062
59.869083393191723	1.6654707347804969	-1.8012246044107099
58.681371141293631	-0.31538381892184786	-2.7352626528152904
58.98301308197501	0.096245159320928447	2.7452592696571472
58.784244393253879	0.18797568472169274	3.0886216269902551
59.50431487939661	0.74613753316610931	2.4764572099478763
58.653134046863997	1.0117982276657036	-2.5969831355459707
58.69139553914264	2.8084862975905995	-0.30541503159498018
58.86540642342073	-0.79911216730284285	2.3828137682677886
58.985036922451059	-1.7072134961027432	-2.0991214494382824
58.972999279721179	-2.5466074084381609	0.43411724443849975
58.524185413846176	1.3000776326054329	2.6451774377432899
60.253603420909037	-1.1644841237516406	-2.1909212954885002
59.939058095213468	2.2013461463854944	-0.48333125394511534
59.570537196674145	2.4812830372314059	0.070703836899262448
59.323408012060519	2.5349241467250376	-0.53446606868713098
59.000539914364815	-1.4259438094854937	2.6838557225547488
58.688291186787694	1.1099956329971241	-2.4340749205869918
59.061168352326575	-1.8384506101435798	-1.8524900968403237
60.205115966997774	2.2457579323413097	0.092000213563137936
60.030729645726758	0.71665487272708317	2.8480056700626579
58.919122191787856	-1.8773663160646776	-1.4122025248601828
59.957883926353006	2.3796320631758099	-1.5491486337804068
59.138525950917803	1.0075693898583888	2.5813588232746958
59.460551859329968	-1.4399995209290744	2.3871972087124331
58.439599644433876	-2.656997530239078	0.23186710914923533
59.824327776077055	0.23852054958348837	2.3612793448831546
58.79584249257416	-1.3391835669359657	2.6748549759628877
59.217742153069828	2.097201985479253	1.1782019875714456
58.556556503918451	-2.8271402105330088	-0.95978967008500027
59.821990919132325	0.28763772924596803	-2.1864681572135969
58.982538117187659	1.3287874042224739	2.0536343594423738
59.88814476903358	2.4151989577635278	-1.4983500420834208
59.129435707674254	-2.6459473556023445	-0.89712226762152758
59.304864799612105	2.510706108130802	-0.13951793729893083
59.583181290171424	-2.2550133934181731	1.3216007136143515
58.818451622621446	2.7495794261422914	-0.30824106696515985
59.368519229373	1.4672188922401894	2.2708023173290055
58.720650255541003	2.5654364705308246	0.64369365061618888
58.780145998822746	1.0876732874870236	2.3801468009164402
60.023914105236123	1.3672725024849717	1.6278700461960507
58.703273949960455	2.4165793899398227	-1.176887083013469
58.780260065720675	2.2975417484385092	-0.62982725245343651
58.584376972857626	2.4456683319788359	1.2596232213320164
58.881309479399995	1.3844590707480051	1.8244633678802076
58.778888668853654	0.74373733409721343	-3.2463028252738044
60.124735283831363	-2.1384262810928183	1.6613614357988922
60.23902134637293	-0.60169655406496236	-2.6718447443340372
59.609473348241607	-0.059421459772128288	-2.8087862092698699
59.646152263607171	2.1896191420901321	-0.96804352963729923
59.591201940121159	1.874855313671435	-1.2778671502270065
58.49833953382926	-1.9355635449532544	1.9398443340412241
58.671723050616599	-0.30145251651454896	-2.4935019356216057
58.689507566304016	2.323974229514687	-1.0341413022100072
58.758951701331469	2.7667015869729381	0.033615197924405864
58.504178646053475	-0.66297364016387017	-2.9233532018894266
58.727276666664203	2.6494968273189432	-1.2583722044153252
60.05544947200498	-0.6353050130325627	2.4624589051425012
59.234060042816388	0.79751637675447762	2.7047489875637569
59.387703403342989	-0.90656234572271854	-2.1544011338724331
59.313732520537158	1.2635346774245082	-2.998173724425012
59.298819018918664	1.7418614638867789	-2.0859727185934007
59.39738086828585	-0.95743584951847227	-2.540416419611339
60.018924265746989	-2.384972655502537	-0.99407930571933334
60.061949690242173	1.6205050048118277	-1.9805241570418954
59.10509168607804	-2.3376965437517385	1.4125733874762456
58.353359123319038	1.4537953921769144	1.8927682296724797
58.582099705845991	2.1962319858114152	-1.87547984871638
59.936074379644587	2.313893090423027	-1.1270763440736011
59.294238450311717	-0.97750437675544199	-2.3180594426827934
59.543937644431729	-1.3254825659504876	2.1273218829056897
59.62555355137529	0.61136775998796877	2.1487173240267494
58.851751036244373	-2.9924364248845068	-1.7236413735106979
59.050631776125435	2.9529349846155615	0.61212430006583995
60.095095051434349	2.321077431467756	1.213275236697108
59.115519300577056	0.23320753765914873	2.3730182407884399
59.549203275248139	2.2707142996142675	2.1332326406524382
59.431372047872649	-2.0498429465020678	1.5802069582634157
60.058708456006059	2.6495451118580329	0.84784881717446126
58.817579404475808	-0.8613421210903518	-2.2909677235428378
59.034129860791282	1.9841274467155421	1.7566808449482005
59.928351806051246	-0.45695120518481791	2.8077068294055088
59.273426219921738	-2.2163188898400512	-1.6787798847735922
58.702289110362642	2.4868965417562183	0.061929519071446282
58.87591044457907	2.2801075177040415	-0.75404354096562365
58.425837854666938	-2.3515583208670447	1.5400403490037871
59.986169806854591	2.4978601228223249	-0.87285787429585304
58.283234561386564	2.9267630729331438	-0.57927405538801358
58.531019486899559	-1.9292992268878633	2.0133267014724909
59.089926858714897	2.1091805425078154	1.5789631356816793
59.978475037391668	-2.528163244530985	-1.0483727113051469
60.066282282873914	2.2406070885276215	-1.3018031827411638
59.072975163337603	-1.7099225709295318	-1.6729011947265571
59.990744419733041	-2.5992064466692333	1.0093550990702813
59.027072021282926	-2.308409778896662	-0.29235223025715817
58.451979857345265	1.9075426302174985	2.3070270403200412
59.634588651589624	-0.23220658115439316	-2.2921850887571349
58.356633383907152	1.6608384629307646	2.3931832982078025
59.278998146139074	2.1020269856915799	1.1923132983920939
59.079081911263081	-1.5531569963349015	-2.0497440431481557
59.352848848236903	-2.4666792611943786	0.82880839932118222
59.455562480924627	-0.9625105900472315	-2.0679222971754387
58.716816501842359	2.5394289004939585	-0.86120950428053444
58.790982661762108	2.4415827341578984	0.86333142185525502
59.833609652461199	1.84055203768863	1.8495884368355568
59.372393671184739	0.91747026019780775	1.8966834714977723
59.815563173646154	2.1080970350789645	1.9622827110745742
58.752823256450839	2.5188288668041454	0.88343591031178659
58.441015595966064	-2.6506897166935386	0.54918737874867918
58.74256114480518	2.4248767150120667	0.19442562791025683
59.781343830033428	2.6711475309714352	0.48484567506030263
58.470773000661616	-2.3450272206696834	1.4162309778479496
59.268989533735386	3.1001761655970599	0.45215117029947277
58.328042677392148	1.625880211683935	-1.8722136902356497
59.275098527402378	3.2663810695195479	-1.4896340602076592
58.339610883795558	0.9292955313662018	-2.1001401478522697
58.959810821166876	-2.5012010778558236	-1.4277367539670058
59.943623752869847	1.6157902067207255	1.9065998569468803
59.104926991319843	1.5260100450224126	-1.7567532110799915
59.686381919674702	0.65217996749002893	2.4879633385522655
59.028963808865932	0.51159827099126931	2.4693105086472849
58.626519317272823	0.96564307439765595	-2.8818039018683055
59.944724844494282	-3.1205059866053531	0.99292197421569117
60.072508395599911	0.055197905394852094	2.3957886491132898
60.301030787376114	-1.0339499595937256	-2.4341595780233205
58.698808078873263	-0.99661008980815491	-2.0623637867172411
59.433995952592355	0.60988096183060381	-2.4621251996477542
58.709715598438081	-0.13215952658326999	2.6192843684818263
60.215659539753034	2.7427645116055204	-1.2706488549723278
58.550480541173698	-0.39716352839128571	2.5275913218808004
59.744768809071772	2.6615402430587882	0.6242212672397095
58.985863379175655	-0.19187667422412749	-2.6700953240008283
59.155065111369225	-0.16677903803348559	2.6443934361156383
59.173891169260152	2.8231567780012856	-0.25058267348674357
59.04485227753851	-2.3287109046297596	-0.79389583182605328
58.586802250187837	-0.16243933261472576	2.7492242651754197
59.468194581988335	-2.8149344313033979	-0.78383859933556677
59.744734752555765	0.61340176620725684	-2.6054370086562257
59.245407703719302	2.7133844399111648	0.64949467686927864
59.957432529451445	0.64674186643703846	2.6925218276646095
58.816976993068472	2.3214183144372593	0.93356239674421404
59.981583204981987	-1.0667900600413631	2.5994936706326279
59.381613801782656	2.0158828456272126	-1.342588879824592
59.322322000289425	2.6560481443388326	0.82014396809883405
58.366911702359239	2.4043951218905497	1.4407513707334909
59.72217443141669	0.11359572186600271	-2.7287088011196698
59.205614617392058	-2.1225173418507599	-1.9224118998420427
59.59496779618857	-0.21659098519931738	3.354221229987246
59.018060293238086	2.4698140784148546	-0.90182567145200321
58.591709215024743	1.3347670522793027	0.94776222786216591
59.354015508339288	1.6592066079103323	1.2763244822788358
59.460592160394206	-1.6411050331466446	2.1167697264655705
59.591074770199	-2.4902859480661022	-0.2674349317864621
59.443767143006561	-2.6313323125095773	0.30253159628096954
59.09477054778511	-0.6707829267642077	2.6719163826767982
59.454129875212033	0.36744023113588636	2.8990700619067722
58.838806447919403	-0.77920280676618492	-3.0254433490336186
58.604470754281458	2.7314804601869125	0.23312851624421979
58.440408227357494	-1.8486441791811095	-2.0240329198548701
58.679910438966104	-2.3669948723426857	-0.67584209983779309
58.964642906534898	2.6045110581783995	-1.1095549370499904
59.059878315876851	-2.5677993102886929	-0.10041568040886779
58.750231743380475	0.41686151114704156	2.2433347804639232
59.779862390064018	-1.1692812924943141	2.0309891085220957
58.773557310269325	1.4117218753956204	-2.4220492273895431
58.729748179340625	2.1504532518246631	-1.3529095547206251
59.534004398465974	1.2104237995527634	-2.021406194540734
59.537582562035226	-2.5970134635673512	0.81752241885479215
58.509585694878076	-0.04998057576309322	-2.7115177662523009
59.605676276117265	2.1290019293106863	1.954320290876002
58.287154235317821	-2.9624670801550401	-0.14393631250198255
58.851242365779378	-1.5617675174804122	1.5016598522788729
58.730471780165793	-2.3470701035542918	1.1872969461976621
59.272844630848823	0.76857043521048596	-2.3576778890062053
59.552900079300763	-2.165141304458758	1.3443187562576091
60.026519643450882	-2.1984290994681475	-1.8066713232248692
59.599173056440463	1.3899149948744955	1.9939998488883526
60.025803024006457	1.7239838344964038	1.2947219579816367
58.766261208640017	0.39305425980145786	-2.6306663015760887
59.944174097473599	-0.88164165888326573	-2.6272423591096081
59.708386288292544	-2.6017512994030185	1.3472089810382823
58.549786412669313	0.10327796366646987	-2.3982136824360651
58.741344240141409	0.34815692608826521	-2.6248554422341459
59.90432536096619	-2.3402670206774863	-0.81537544531548622
59.607174545263724	2.8229640661334416	-0.84732011313848488
59.682420529257946	3.2161727606012596	0.96730719925203301
59.195458652818253	-0.096160678838345087	-2.6651774577442504
58.937621537840762	-0.81588643762248581	-8.2822934694531334
58.58057796977986	-1.4511896512019524	1.8938025613113318
60.113560984680063	-1.8354440833975818	-2.039237805078379
59.287166350890182	-2.4492965714598016	-1.40818755950217
58.989683829131636	-2.9056896025591583	0.75315887661588532
59.575827997945176	-2.0419386518688949	-1.632375935753956
58.702783842662306	-1.0250097833032865	-2.6493985138313829
59.65573074973895	1.1643261305292756	-2.9166730540559289
59.33070013231589	2.4201977084160626	0.85802834106255721
59.52338810547483	2.2437974521633639	1.2917849229762948
59.883085633861945	2.8934466915481694	-0.47384833340102894
59.511848565566027	-1.6658457830329296	-1.7875388595558919
58.405708321341578	2.8425399384017229	-1.9930911976637793
59.409527737795401	0.70841210829922796	2.5690949128281884
58.464047816383662	-1.7627317904978059	-1.8201750118427762
60.101429707579889	1.5096735012219942	2.4265564071336447
59.068646702238297	0.17853221893592389	-2.3519641150029313
58.782611379528561	-1.3360488949486331	1.8207940366586763
59.60681328264188	-2.5818817371804177	-0.90522426972032266
59.435451582065618	-2.3663830276664011	1.3601176256368803
59.924795744891597	-1.8946946853213249	1.8562992924653123
59.625920586071324	-0.15143600749722139	2.6377687773507112
58.867730810010784	-0.67097120985361358	2.3897121381973099
59.529257818462689	-3.4534166131455946	-2.6600429730571125
60.105720964480021	2.8176320047623711	-0.71048771435146485
59.886771666598968	2.532567187487536	0.23710523308911902
59.452190928885301	2.3951758371319829	0.571196805660523
58.687387339176418	-2.6694982401420888	-1.2510296935396463
59.230349472094431	0.74843138450006474	1.9051369870857797
58.933684008824109	2.9837973706444938	-0.5430768546575353
59.73028458305771	-1.7275429838275098	2.1880543431108999
58.518199607528537	-2.6455290436618695	-0.68681746417767631
60.046012935063878	-2.502052713416913	-1.2985469722815743
59.986578314003658	2.4200258086866469	-0.71221476205270817
58.433017715617709	-0.50826466932046721	2.2332528449505702
59.731118965646999	-1.5571601636297387	-1.7706370842566252
60.145651321964934	-1.6090328695890022	-1.8603484574138311
59.884910544048857	0.16546829211314915	-2.4947588947884789
60.070542324990498	-0.056144510359273016	2.8778274023883319
59.337289103714618	-1.0808750054832741	2.482491992792192
59.714093465962819	1.0986940396053599	-2.384147857330901
58.451797095791562	1.0343809374660538	2.4694616099953186
58.799113953627618	2.5823710960021704	-0.63162344323596042
59.573258491936194	2.5943852340977718	0.26850606127219456
59.21910205027055	0.13209809930846139	2.8478895491097962
59.428081602153547	0.69717207364712896	-2.3612625569516692
59.27424922034151	0.16516055242618069	2.8532383939724548
59.306733371547303	1.8171835656969753	2.1963391812410302
59.644538210213021	2.0358736994745441	-1.2746193729298319
59.613427003929623	2.7363355930457871	-0.012100392357708892
58.738287301011376	1.8205968283396894	2.5152576021940711
58.481594466879734	2.6110062246802843	0.38330413765280674
59.398953825903753	2.8916420802687401	-0.73627800686165845
59.51224966228375	0.57355570582404436	2.3745278944621129
58.411499998167507	2.2074089726747275	2.2955837880942478
59.256524306563648	2.8726556152193017	-0.27136166534467931
59.380727167393502	-2.2072008134909815	0.75821318612621147
59.130878299093453	0.68503509518201655	2.2990725691139411
59.523161489255948	-2.5708108216396051	1.5974501711035796
60.168700346280005	1.9014258050928818	-2.0457775581320292
59.879387174518136	2.7403142902669213	0.73540472147928371
59.434142550943477	2.1041161837605302	1.2395440246636211
60.095860445166451	2.0231312665600485	1.8112403573991189
59.061863625894723	-1.6049142486865995	-2.0915490552596507
59.322875804320489	-2.5359751158783843	-0.81371766654800481
60.203975880591251	-2.5259279660444287	-1.2393397218904159
58.645737205703369	-0.58361060886501548	-2.1485409397280497
59.265713317649308	-1.1354720293367493	-2.0556160491502893
59.454079947311676	0.64314545793411915	1.1617451730533208
59.896824832393449	-2.0499300155228912	-1.1725773157229515
59.115039779861654	0.057770704072859322	-1.8910848666926146
59.190120594556724	2.5837948010460043	-1.028468546015384
60.141140336034255	-2.1806990505998463	-1.7895437200165434
59.950701641719419	1.9564021645501537	-1.7696346786806894
58.534745578248923	2.0937714066731004	1.7678596845602494
58.797847221400872	-0.40779355470061202	3.0063853640478477
58.740270878252225	-1.8924487461608539	1.8563931404213185
58.806911162134512	-2.9306836922442518	-0.82509127576634278
58.531187467899215	-2.3106133606293775	-1.1461897012456919
59.221182842910366	-1.0097788976635911	2.5992995067103304
58.499239665575068	2.7201562525861869	0.16915930703836141
59.076752436912088	2.764013135966326	-1.0382282548192989
58.639992380771865	1.3978375450173013	1.7660852175759634
59.011977014669583	0.75710109176681184	2.1097758153666266
59.528852700776071	1.8586012262745955	-1.6659407505609758
58.644073290173672	1.4110195174675033	-2.0159561271578395
59.14046324350813	2.558668283936858	-1.4042339209708108
59.047024011306668	2.3487772889370144	-0.91896697848215547
59.179768630977875	-1.2463667284417683	-2.5223315911770445
60.067502040938052	-0.563888051070352	-3.1376354624691976
58.24372794998775	0.9502111545201215	-2.5423013534899916
59.438513699506416	2.7467493240810845	0.35778056721790485
58.998134652621196	1.7956401352522859	2.3563638105032316
59.921050330627317	-1.1663839995537879	-1.9530640253663969
59.830375049995411	-1.4282327125675782	2.3608113867648637
59.130832614425941	2.1166779489784191	-1.6828804092893397
58.48460801551122	2.9219288129887113	-0.66474946410182145
59.231524252837382	0.8722482547569369	-2.7410461582297221
59.974552978123135	0.48761973986595591	-2.3553649993221955
58.375081575818868	0.10226298712531441	-2.8597391367771441
58.611783581656141	-2.4105441295674805	-1.7430142668718662
58.807719034540725	-1.8426367970232573	1.9140195303117018
59.88888152541977	-1.9669213723311478	-1.2874614963298392
58.335835039929165	2.7759494447910371	0.66494610687221167
58.717980499696537	0.61011218787960741	2.354373437485259
59.628750210068702	2.5907031768030291	-0.41064180760445307
58.632613940498757	1.3444713780377038	-2.13774776047683
59.704703691139166	1.8124562048419668	-1.456270848835044
58.870402963490939	-0.15565828452343791	2.4366000083117663
60.064365963972648	-0.55191667930756694	-2.4220719434765345
59.894545261565838	-0.021083883795779475	2.3432757278101626
60.187813500811266	-2.3072354760268712	-1.2066501269587362
58.510321981670508	-2.0208005611212623	-1.5067640207486215
59.181386962837422	-2.2967673257116892	1.6374050437992593
58.722099946120892	1.2068693770137109	2.2618072141422991
58.930467281092611	1.8928166795055663	-1.8762526453364361
59.704900882993755	0.33855834986095856	2.9302473767359198
58.740507903949037	-1.9193014900115049	-1.9793545663407985
58.653370681778895	-2.986100353955651	-0.19481126369646218
58.418055671451896	-1.2604526596520507	2.3055338971976278
59.853872751898649	-0.67065038611555028	2.5711901209353103
58.888656650260849	-1.8393747268731218	-1.5479282135558605
59.138248419469953	1.7934104882220456	2.0346583617252252
58.722346309593405	-0.76409566491102687	-2.6143093677387013
59.253009232988184	-1.2763329631852585	2.3684669929614421
59.742751967386795	-2.4947860828233095	-1.0316550681990848
58.72725574096102	-2.8704022553515576	1.8667614180590502
59.15321869453777	0.22291710163044898	2.5287008716948249
58.946293595946685	1.967452873745841	0.47813420023307962
58.915873209691902	-2.7488907991769325	0.17379411587038401
59.485423563799792	2.6377479415440961	-1.0165444433414268
59.035725916817917	-2.0741955781459946	0.97369101738647845
59.102417756073677	1.5438593688761402	2.1502888651812402
59.159346285850113	2.6043858439337786	0.042585933900353687
59.563786716563349	-1.7918975455482835	2.2230445268662655
59.148457765613259	-0.49374054651410892	-2.871281684323618
59.704950483146789	-0.98710572987910439	2.7058634589711628
58.818256303899041	-1.4682368550155225	2.4441662981712837
58.869702531145833	-2.2085949259442339	-1.5459713681226852
59.962581588116535	2.6015658407695814	-1.1708086949375156
58.41684092510696	3.0563958235613695	-0.075994456910111904
58.296651446457773	-1.494401422237249	2.0622662602329633
59.445323352556038	0.67624984231039276	-2.7221462219144219
58.366529422903831	1.6997925706649977	-2.2803494791523771
58.751328132561412	1.4359408997872061	-2.0760196218491243
59.394962811486344	1.4706910648068781	2.2375880510102863
58.956208606269556	2.0584118294710669	1.6234253987063529
60.078132521844857	2.5921262413241934	0.33912402528068009
59.572399137017825	-0.047461564778033746	2.6559755583399269
59.78024785455716	1.4844014457583972	-2.0670029656188365
59.934301566321224	1.6499268680712569	-2.1275687163013424
58.266479261160633	-2.6292352390595917	1.3856526990525395
59.258103832704442	0.55982529067331244	3.0362503964991538
60.055279626219672	0.43244851172521093	2.7656028971286886
58.985160112070858	1.4800227813068527	1.9196057387566305
58.710504079685954	1.5418655824658534	-2.0777152352301012
59.493406473956135	-2.4779413648431676	-0.59285010958899487
58.601309704651385	-2.2106438947530163	1.5149157111903002
58.480467485398762	-1.1076915081836418	2.5141054818223387
58.855632276591727	-1.1526768745299152	-2.2414128901962771
59.64945400451996	2.1326501033294054	-1.378017674785448
59.891526094377198	0.015921979490507585	2.7340811095122981
59.562419497249294	-2.3183581781589142	0.82272939582177285
59.730258634351749	-0.016740271415817732	2.4670320630627938
59.605810102548766	0.18566899229480924	3.2013130383275135
59.415594927090744	0.11424506610878678	2.4907271337596057
59.888118963328594	-0.75442605474087099	-2.5552322534581902
60.020413944715251	-1.5003446635189661	-2.3149490811356794
59.873945603637623	-2.5366860239299269	0.36787007876600281
59.935293401059681	2.5022701427674652	0.92820286883892322
59.722422805284822	2.5977354710858354	0.97503455489590307
59.500822565163112	1.2698121615593967	-1.9854754513424091
58.349601759089744	-2.1445200095415	1.4821668751323436
59.88187415375068	-0.34979070824213365	3.0170201908518628
60.048005735718085	2.583784654767828	-0.72751675989347298
59.522352541111474	2.9320003907057264	1.0093731783300841
58.379041977993957	-0.012705870859053859	2.7108207239275455
59.135500011115674	2.7382808907962417	-0.15836642535516346
59.123453867541762	1.5186566351400641	1.9847946433033554
59.310539009269789	2.3420491734274016	-1.7517218025974297
58.390964708964127	-2.7899988366044233	0.10067902432207405
59.993952228632132	2.173010924108945	-1.5527138691287903
58.647576215988998	1.0918077217117783	2.9031602569575878
59.289962078859254	-1.4873360811130349	2.6128739959737359
58.944837834598999	3.0843189017424519	-0.097948097923617305
60.057202449412337	1.0695981939254848	-2.6351166414074871
58.610470500367924	2.1165851392427713	-1.7227312084976762
58.405479737683741	2.5973010286086899	0.51834887780209293
59.211129773287766	-2.6342687648285823	1.2770477258162045
58.495232944375182	-1.8792102050754445	1.535488139281046
60.253102262683811	2.1884725150849742	0.81856832434640747
58.479270907816101	2.6399542479030145	0.39114305993140791
59.958668476496705	-2.6313126254110708	0.67041674262899231
59.951455828824443	-1.3955041845521068	2.2839211115638087
59.426495538656425	-2.2170381685765062	1.4438829350304114
58.600655379156343	1.1752086860267805	2.0753341818397981
60.110207798329178	1.9699377598974901	1.7241675992219381
59.013446912215556	1.8610235126066708	-1.3382952934407077
58.864115017161751	-2.8826953190011655	-0.97322733864821498
59.348770559659783	0.48137148975422367	2.4471020311028808
58.688195354856489	1.3840251857449717	-1.6030729767409768
59.321560745783096	-2.6275763189501546	0.16630410270675466
59.238834199096843	0.81899404305245582	-2.32519773099233
58.322582873295168	-2.0383862995236779	1.6199777343702761
59.267286356972107	-1.4536232182247759	-2.103398562432135
58.885012274154015	1.2759159852648509	-2.2851992255189391
59.903269444434819	-1.8005554099182506	1.8256968267827836
58.992049121806957	-2.462906313886617	1.0058557859619044
59.244451697651378	2.497440065171026	-1.910283206216348
59.168336145987297	2.1735612430721805	1.9452584852070611
58.959976877939027	-0.86160263278484017	-1.8145000696013711
59.402460211573306	-0.89866356131614034	-2.696315920037113
58.757531401372724	-2.4318923496933822	-2.0839681229790457
59.845582516998796	2.3776236875482262	2.1094758640361997
58.230012276074881	-1.0277312997014174	-2.5728931988242754
59.655605581168757	2.7717767123861852	-0.29527064648822243
58.389525945680887	2.4286984524568997	0.00885676554759246
59.868878790923254	-2.5028718490180921	-1.1008101538396395
58.956235800726098	-1.6884252408159597	1.5558346170707582
59.37489739386708	-1.2119588577134657	2.6678958405912758
58.645012680144561	2.117549119845699	-0.89922894468871972
58.724736506967758	-2.4504312980494687	1.2820887346024192
58.730773915372467	-1.6628461731083921	-1.8162133945239691
59.545972265959506	2.7546176150362878	0.69952573100971338
58.291719972238575	2.6894471190653011	-1.3074199640432305
59.041448275206676	-1.6645524945346453	-2.1304250570343126
59.84545162540028	-0.81351185392668224	-2.1127575135596079
58.81954204861362	-2.8426286842627544	0.57697682427844266
59.048302288613364	-2.3743164864844664	0.10459308582149049
60.007333460416831	-1.3997792353943561	1.5327434395889363
59.918377234463911	0.083819613176122312	2.3596338645065815
59.021174480797129	0.10195283726098406	-2.1003582814624808
58.801802394985579	-2.5008301187959985	-1.8441527796329484
59.923428365255056	-2.4796445157453952	0.72525868886102274
58.768807691878735	1.8240988094398674	-1.2890672088794064
58.988645925440949	0.75968828924434617	-2.658738010586148
58.684972263976555	-1.688568760153176	2.3485657794597485
59.053408937704454	-1.5784573985805879	-2.583819242151693
58.396716007466729	1.7336652503387897	-1.4284627203498028
60.026137813941787	1.3201679050648418	2.1810334979388113
58.985218872747332	-0.72121831138663595	2.4343213365630878
60.060455918921463	2.4227265498386004	1.0372201682398756
59.054116355996058	0.057112624502999983	2.7411364560497371
58.262727433363544	-2.4250954600887979	0.17356749153804366
60.003022217145194	1.109981415151517	-2.4623730138712392
59.140509191615102	1.4821483920068657	-1.7744977726220628
58.470841348509289	-0.8422459761960458	-2.2792594879972112
58.343577219299128	2.1716353068068073	0.80610808089062969
59.397224918684117	1.2711465749478683	2.4195841975154893
59.675053083501503	-1.0652626331899815	-2.2979338881654909
59.149833021290405	1.4224448841934392	1.9827823395443736
58.368075530739191	-0.92969593087974201	-2.2281771094347969
59.668703557121525	1.5434133423192853	1.2021636386370058
58.992906070521315	2.4940264584426224	-0.75979095495012705
58.358502761444136	-0.88911985735709209	-2.1341490012735265
58.914036621079156	-3.0226142551026101	-0.17737204623711927
59.865658206529965	-1.9770079133626555	1.6279989306605462
59.172043484525098	2.6599589629604083	-0.087427157317552504
59.897619423697655	-2.3824791439815627	-0.71774098151462218
59.041193550696072	-2.63848453917364	-0.081644487619698211
58.52141751907174	2.1197180937208175	2.2145641251513708
59.510172460141071	-2.8964755087428	-1.1230924464016041
59.38039373480084	2.8143084049173175	0.031908982043652383
58.932057346231964	1.4958251413236745	2.9574799418879114
58.92883693325895	-2.2658391780785285	1.7581423502783589
59.999660029518395	2.9330649430930027	-1.3286255725167044
58.674047205713876	0.028035681239814848	-2.8693810027537405
58.842739764568059	1.5625974501827415	2.3295419873907455
59.817714980398996	-2.5521758912917698	-0.84137978469591546
59.306883519794894	1.6535100226377482	-2.1068873769490875
59.591250046922518	-1.0290896576451434	2.1136175077984158
58.638822063705597	-2.1267192734780265	-1.5865785872592484
58.681996894157528	-0.6358319229013859	2.2488384877768399
59.253187827790612	-1.2576825119723536	2.0891819235821418
58.83686903148012	0.78813937820989666	2.5608700136164666
59.678982186174821	-2.9464584033475423	1.0110736018693121
60.181001390917871	2.6702020605198333	0.27612658668410162
59.225658363291416	-2.492030569213969	-1.0353506126378142
59.396072798906545	-1.5372158526340487	2.6821756138761841
59.700160346103623	2.1105480785186437	-1.1446871185900958
58.7275077961161	-0.56183678757100752	-2.4033179080038254
58.716526515370617	-1.7924603989486936	-2.0627630629025364
58.854163522860738	2.6348418892597807	-0.49072006498972165
60.142964530824486	-0.22149218891857	2.7685344856791794
59.073600666890961	-2.333578362441282	-1.5117187740069107
58.391629231110848	-1.0119205566298182	-2.2311321292049708
58.703438929576855	-0.025976267804284661	-2.8625951233403506
58.727543089295374	2.5766947549563644	0.27692771606268407
59.169707399770033	-1.5172828840319423	2.4846327933620405
59.544021139805217	-2.5448682911653688	0.42288431459325837
59.153226116178132	0.33875264238116659	-2.4754394434449565
60.396028952208269	1.624156935693994	1.9115331001917673
58.500042056237504	-2.7812311374964147	0.68275840092952489
59.662776122285287	2.5241116382462478	-0.70120771862005182
59.21397923993603	-2.7019939485178872	-0.72317282774855207
59.331685427309637	-0.18329950832214617	-2.9806784741835837
59.231715899863126	1.3498475393706382	-2.0112148934905103
59.866323910433131	-0.069438965870217681	-3.0467076550616325
59.466818386884228	0.6488494723357181	-2.4444475057644719
58.710116728292199	-1.2293152686537909	3.1765978406016968
59.277390137348299	2.3004660875707232	1.0277199997346296
58.741812015082708	-1.7400733344745356	-3.7283310157243266
58.574428101090085	-2.515434903326899	1.0802640730412474
59.586519726071415	1.5546005209606208	2.0860074550916972
60.164722101532689	-1.2565392481560727	2.2621187444428386
58.885120629426844	-0.51105626110908631	2.4771194088413395
58.851837057581392	-2.3762589074650511	0.39051027384859499
60.131631339958069	2.0942240774757432	-2.179572635039543
59.233602192710322	-1.1703062930954788	2.7849618200396686
59.458064993510831	1.5456613495725684	-2.0050953533828335
59.770411143796011	-1.2899905328689389	-2.4572726237437483
58.464321060216101	2.589603686215519	0.14056666914386073
60.012226920726206	2.7301285415112408	-0.74660546296600461
60.132133721545749	3.0308153216350671	-1.7525970953695638
58.872197336983213	1.9523601127309302	1.754505389732784
60.172098216970028	-2.413219768106559	-1.8055568748371305
60.028678719204564	1.4131967422761069	-2.3038231941510254
58.515970656052879	-2.3112711507563288	0.645379040952064
59.465227405933391	1.2247460308050897	1.8189206892331049
59.154023402670347	2.043289427819158	1.5481352783653515
58.28280781876947	-1.0730449012048902	-1.3819556045109587
59.336439521615922	2.3998757034455842	1.4446237093852061
59.400953367320248	-2.3358227099947411	1.2669597198483344
58.295866991121343	2.4789646515860833	-2.2504206515505993
58.547857824488283	2.2616328669321164	-0.47780906789435257
58.634505898999173	-0.2629713562322622	-3.15891062883883
58.924483564525438	-2.1894880803949439	1.002279545558298
58.955680017826559	-2.1284576123703807	-0.42748976764288799
59.025947953522532	-2.21710679005156	0.83554755028093886
59.213107064095162	2.6525968793625623	-0.56773602396340306
58.9633336177572	2.8189265215939234	1.1563997241236563
58.825242616820091	-1.613262961012166	-2.0772205280060252
59.107097135102379	2.1747384471456268	0.92620178470149439
58.618065272821944	-1.5980111155022612	-1.823772201630433
58.949475847029262	2.504442923194595	1.205938264140717
59.685489113444838	2.4515610266595238	1.2954217541458901
60.120585756037777	-1.7487291859364151	-1.7863093453975836
59.543615185696844	-1.6771637596103965	-1.9546906960742463
59.052771283393497	2.205093448645802	-1.4250356029129783
58.313950666936151	-2.1286048359099805	1.6442324040225913
58.462706342041699	2.4075926254430664	-0.67382166253421671
59.040140340165998	-2.4776583112994568	-0.1975482291083388
60.26849062167846	2.5096153717637488	1.2879949520794898
59.15170187693402	2.3302746921958413	-0.069295598342048223
59.893340371719603	-3.6833677325636129	0.78704371286025654
59.11649929500274	2.2550093408548868	-0.27728488272478874
59.008194897827053	2.249687180162637	-0.29429379997374722
59.709812823895177	-2.0933575278633465	-1.282135952096477
59.378217931336387	-0.89863377285022128	-2.3067037956809577
60.008643067335782	-2.2644947417172121	-1.4210236673365249
59.563065359771862	1.6947338166706138	2.4064911970985623
59.813797268550815	2.1337849418632704	1.3242429006089678
60.310328689812486	2.3952153372849976	-0.80074974173629654
58.43990138594048	-2.7434044983538159	1.0654754773269564
59.972036084189341	-1.1537960152979523	-2.2308963063810969
60.06020417042042	0.59966318843918076	2.5445503753058869
60.151935922406039	-2.7050179380502493	0.85729141384612029
58.532773026734567	-1.6960684507445511	-1.0865043307462279
58.505659778341915	-0.83246416732466977	-2.2110338887099501
59.360201871608915	2.7917809129040378	0.97036590415489321
58.414167406250755	2.8723366518165037	-0.19438609018512806
58.474629612293889	2.4342293521159801	-0.77847978892781644
58.457379753819296	0.14054436788765476	-3.2469483153054246
59.581486859735321	-2.6699437779183004	0.79193980139957232
59.244451913241825	1.5293134156337882	1.942202597398915
59.65150961681465	-0.37030575606161753	1.8928405948406974
59.052768954203671	-2.7105924469137022	-1.1686165452311339
58.647987007990054	0.83212566611300365	1.9183463475911118
58.686241591481902	2.8818852518890719	-0.50529245053132976
59.197283083313359	-1.6465031377150376	2.9050873848003698
58.423393834722582	1.6007163300866958	2.6096111194565146
59.718993773191322	1.2065491973546014	2.0089342019960883
58.841724564731138	-2.0248143233822526	1.6509174939252185
59.359983274087156	-0.49282262419017375	2.8195798260572191
59.499422609366221	-1.2957325508442918	-2.7344611698740819
59.867570962832474	-2.5492388706944502	0.60022822106142215
58.365022697344727	-1.9556987843193774	2.8193350385839224
58.712890403604597	0.0022031307761365086	3.0829533616918865
59.671117616324814	-1.0235937406416591	-2.3454249833718221
58.695013993569042	-2.3028319446215559	0.99587251461807236
58.545169513479365	0.55111006526726547	-2.3576453575711986
58.566085883797356	1.6670227966936939	-2.3519686331061678
60.137042388218269	1.2342028340146947	-1.9242509329119863
60.281696752358947	0.02526156642805864	2.6336635909491068
59.016729026588713	0.32400658083833428	-2.1655373678058929
59.066411536739842	2.640163180669207	-1.032384687789571
59.454095170257041	-1.841288673181567	1.8485233067463254
58.333106713165691	-1.3494615875269016	2.3571220529705306
59.964867278512934	-2.3256364072018534	-0.65836967506231137
58.334021194145123	2.7964832389214984	1.0685080783512158
59.74309526816554	2.400771589693548	1.871445422273742
59.603883733624016	-2.5737443160817102	0.31045151885435585
59.173554778506059	-2.309421624408134	1.264967847829074
59.63898229974459	1.2702263189008507	-2.3383003117278358
59.138280810288713	-2.236550302462275	-1.2420432058947048
59.596872951769839	1.743960299415712	2.1544245682037446
59.018717039360858	2.2366166925490494	-0.31283631224642477
58.575798677954943	1.8038541161570607	1.6336974559681945
59.657017361072583	2.8606164218301653	0.83564351700560713
58.981582711505247	1.0310850404109215	2.9224617447855521
58.490049178937063	2.9566068876911991	-0.065044899682799667
59.60663455694305	2.4260912441330036	2.2838360749978244
58.960170768874733	-1.0088598075139592	-2.4906939236973242
59.493430016671667	-2.6228809128251931	-0.41296052463822391
59.500666915631562	-1.7997583153230197	-2.2438105187627047
59.929475338359801	0.84278823254577862	-2.5556063710806813
59.601419075120475	2.57710340868993	-0.72261218565122776
59.036289299314348	2.5451038263768782	0.38517197169784967
59.558356444707144	-1.7061361725521826	2.1631839167975313
59.688556986996403	-1.9219917387436378	2.4604440318014351
59.15251649444884	-1.0395993927834621	2.3768894353279388
58.313187574117542	-1.7013409488687272	2.2379483222207721
59.738105111952045	-2.5925663116349007	0.81171231967248136
59.269845599719432	-2.0003425476496268	-1.9099055617064866
60.046428166639025	2.18846881608123	1.1516736778180223
59.122957953752177	-2.9567670389223077	1.3254658403806259
58.473860877140453	-0.58492045009470772	2.4870870969573806
58.718184981487497	-0.6059646482300961	2.3573091894166347
59.535690988276414	-1.0883975390604581	-1.7036989267869964
58.628799742984896	1.3611302335702813	-1.8459024155167958
59.602282961978247	2.6821329792882569	0.11805256572933912
59.426857187143646	0.65299407113279728	-1.9831112331402174
59.810631546336019	2.5939618941769518	0.11354570705934505
59.592856487889485	0.32782029240570498	-3.1592045968679718
58.568240682499187	1.7288961709728383	2.2768460688074166
59.72870236391919	1.2043443226748609	-2.2526222264917375
59.362667503142859	1.4245580886059694	2.311878207610639
58.521388614357498	-0.58237967295643944	2.4057852883575275
59.769133166228919	2.0219171206078888	1.8435358126718391
59.197845897090325	-2.0335108971022176	-1.4375411362390473
59.984594878618168	1.3171989363144951	-2.3470544090021273
59.043316490565708	2.5031735531841059	0.51278180887399649
58.432162602758467	-2.0007138236771747	0.72897567511259365
59.784775243200045	-2.325323041521107	0.50316671996096796
59.754229132232204	1.4355432896678766	2.3886511802578401
60.183644030701949	-1.7274705258756986	2.5106044703083596
59.885190329425527	-1.7006075903779447	-1.2424838393344346
60.005447868830046	2.4139544541081053	-0.26560965883225596
59.491386446996053	2.0529293849172308	1.8171964831628931
58.298628020241857	1.3999750099091677	-2.1502084910286547
59.23179639954639	-0.15819598733535578	-3.018572922040279
58.555997789668183	1.4104497732965258	2.3937365646561468
58.413745378605228	2.7671368726788841	-0.37800217552556375
59.843269578803699	1.1474998253863686	2.3587332551938109
59.165703765872919	1.6528403686483979	-2.279276708444689
59.64419707452064	-0.057639859553894779	-2.3433196209933409
59.274844546386916	-1.0611342203528502	2.2585314869163451
59.227279643782538	2.6211204927542102	1.2118584487918924
58.821465961550047	-0.96811871461358245	-2.6648970587243319
60.209491447390057	2.3129626664096521	1.2037906078505587
58.6848094041747	-2.571108354100577	-0.89937923155228905
58.924926424372998	-3.2635145239649304	0.014840314119650946
59.247645547054724	-1.6854604018165447	2.7310620287456762
59.686433861726087	-1.7375177579253047	1.6895031405893399
58.861051691336961	3.0231408046130377	0.97780396615042797
59.380202239011012	-2.6182705920727418	-0.12251986760943308
59.841881375169471	-1.6595413287569918	-1.9599525809042191
59.450241149243652	1.6160672554697688	-2.2173617421987952
59.707692286081048	2.1055526609558211	2.20256395684665
59.330728107171545	-1.5695804935437194	-2.100804749573975
59.974690302303557	-1.5723418737328747	-2.384166619754601
58.19207651049426	-0.62825216256362226	2.4402000890368649
59.641137241820893	2.0914355283424926	-2.1458054552180519
58.303267351437839	0.94552586879020339	-2.7189118172107158
60.00627078302967	0.51993715315324984	2.6081169714680659
59.647698629178663	-2.0018827730881759	-1.9136967565547633
59.864300283694639	1.6320171980364249	2.2894256376271662
59.085366349990863	2.2045792594986784	0.99760201147720906
59.433241973604353	-2.7592524411202439	0.32761505918375505
59.758150039685198	2.8071789227321133	0.26837800916408805
58.698862497508301	-2.830940642095777	0.45096202199749824
58.653739422592125	1.0672315352105874	2.4777641777972619
59.769548082804434	2.0042180038418866	1.4597298012484838
59.45890011415657	2.4068611362065155	-0.71421791200125351
58.98355326812824	-2.4209579614768684	-1.2987167580603503
59.518177086118392	-3.168405872805832	0.093842945840611577
58.42379389354506	-2.2928313967416343	-0.98020365772967222
59.061850908914849	-1.4770223859840186	1.8412677779182842
58.874536373479472	1.1946385180200878	1.8369488965894836
59.277684203523982	-2.4446080894276485	-1.4602834749657414
59.111834638283902	-2.3365087503266859	0.69230181814275582
58.969299619447021	2.5751017540819232	-0.94377258428688016
59.996897887870972	1.7866374643621954	1.7644571272682701
58.927524287209671	-2.5417572106319155	-0.14755750134220266
59.719957406607911	-1.2768574952472296	1.9054537475477233
59.784031469244191	-1.1310635464177949	-2.1715069584438971
58.767336386245944	2.1339252122815817	-1.3515137370194021
59.712213659302456	-1.9751083890800643	-0.34259199094639703
58.84788617946321	-2.1187717858694293	-1.5715645953707837
58.593128656185733	-1.7046408717884149	1.0897791845278737
59.918173445907719	0.35900026018513115	-2.8525040107757902
59.390668604606596	-2.3216848683088132	0.016297842842027122
59.657036530259596	2.639632310781586	-0.47745673682528539
59.386431293624923	-2.4174600279385006	-0.51154707331573657
58.679234185285488	1.4361695059900514	3.2194614415561693
59.111164283449575	-2.0440663094265545	-1.4976508023557076
59.086031754979281	-1.4096339305296535	2.4086709063585565
58.437159039522882	0.70552708293235256	2.5733952975789784
59.990274061116459	2.4516404938457184	-0.77278979148108484
60.055904397200479	-2.4702803727064628	1.3888103036482162
59.317842499442776	2.7541064651901905	0.88500637410942873
59.342659747796077	-1.7847810386307508	1.9001386218365668
60.043630275407025	-1.6488966395479585	2.2025426715326795
59.699570213560072	-1.8863728754898754	2.6086163548581287
60.267320917743319	-2.2874905565510888	1.3678850707838008
59.669234598271196	2.0265793646412593	1.7993782901471871
58.922859314479517	1.8211777394199702	-1.9990758377529501
58.939409299286389	-2.5168126163433913	-1.3333300253430342
58.503074049813691	-2.7388053173263174	-1.8747503367610274
59.474208577527271	-2.8129012726486953	1.6987526198146956
59.885178950021135	2.9429727829883658	0.24796441160290747
59.803328265210837	2.3907399181364846	0.089705342667878329
59.102220556280848	0.26494739405503448	-2.4983408819263349
59.674882789035642	2.4567251477820533	0.73324046966931689
58.552843088605854	2.1348241929148983	1.9510077582259435
59.683391858575405	-2.6988663179437244	0.0616940321923862
59.526444555144579	2.6853934260434866	0.04928601198923234
59.71110327333394	-2.2946006232943978	-0.84640912570432003
58.743032530716462	-1.5714487832084816	-1.7330935103681386
59.920919050654561	1.7364897671437196	-1.8573410987595509
59.765068793357457	-0.93748282692497575	-2.494155728874131
58.401636647453863	-1.5425333675560238	2.6981998810514876
60.034406061382242	1.8128614078180261	-1.4274125584110529
59.522210539215813	0.12841661083272388	-2.6754057398492157
58.395238780040579	-0.06352301456425774	-2.6207226869810483
60.101604685188555	1.8763154296056752	1.9549755085203098
58.528797680044569	1.4711528769832767	-2.3384789749002048
59.34696771298178	-2.1750678688381724	2.0352571506375883
60.055930679085293	-1.3209435806601568	-1.9760920742125774
59.413651726064558	-2.6119312640117456	-0.5228173512207771
58.819484124049012	-1.4345148794249372	-2.3526498495393433
59.466057364513766	-2.5197574251684851	0.073465604744873583
58.263571787123432	2.1821759463648709	0.76670292765571979
60.189496357349583	-1.7397178180707649	1.9785206693871991
59.897326431029157	-1.7914682922660208	-2.1417006026666594
59.331316658200443	1.17212767094516	-2.3054834785513489
58.874744776827356	-0.96683582814989122	2.1095843631562721
58.452287043807829	2.5589742226372811	-0.78753836933853305
59.643693894260458	-2.2610078633523174	0.72445457892897835
59.840450668627945	-0.058278605835170021	-2.7966477863774912
59.474602971577241	-2.527288410468457	0.55974748068007019
59.734772032298643	-2.7178657790014986	-0.65271438916844671
59.089921259718885	1.8747204816407721	-1.5924803528739644
59.197466956059522	2.8599735909779209	-0.53678231235040152
60.072877329252158	2.2258548175380293	0.15345240413524588
58.840064152035907	-0.15712585153436648	-2.4548456287183376
60.040325275442164	1.6758337366097877	1.9983598605324246
59.200031213436013	-2.080030118083311	1.4703465211054365
59.385755688460947	2.4068158233275083	-1.4886945476156219
59.341560755371347	-1.6272777842927539	-2.1573971257397564
59.925466656960076	-2.3555042144885432	-0.89127997835505168
59.982301306423317	2.8144191076272951	0.79472531826776149
59.245323403958885	-2.4712679543130549	-1.1202793648540246
59.035752256754705	1.2708750252986372	2.6072930857183314
59.88479465937133	-1.9514374959440997	-1.9672580847637444
59.959245355009188	-2.4337622274639794	-1.1158197445028628
59.869835872254789	-2.3590872830257239	1.4758734523356827
60.263502656367379	1.1295949577150706	2.1779361671590864
59.153901631054346	0.93816532040977096	1.6578728510496223
58.67843953516639	1.6200131502072244	-2.2899428574140006
59.201927590880253	-2.2520677776869396	-1.8420544914760426
59.751622784900597	2.1758934084399164	1.5246755747911955
58.942081206194771	1.0669075693509711	-2.4333825769278796
59.70425015049733	-0.44178629320295687	-2.2293907611872696
59.653013391672047	2.5174566776399732	0.20906162059020791
58.920692972057907	-2.5433723130215093	-1.4125401242777267
59.810309492134252	2.2247810044318093	-0.93021303055318449
59.645100704949229	-1.8926940506239316	1.1837407736311154
59.699300161258122	3.2586759635728586	-0.38820178022014379
59.754709664339323	2.5458304354224852	0.37438348005570671
58.829378146778652	2.779204703387633	0.56377023510921609
58.956441803400409	1.7162056170230764	-2.0980612510707606
59.648017606720209	-2.0070012249099261	0.91753610262250596
59.124559096946953	-0.6710293452242343	3.9817580028463544
59.717301920752632	-0.22295614616041118	-2.9746699221230744
59.26955398950102	-1.0864082706621065	-1.9838828071147609
59.115141514507904	2.8245509293378106	0.63224901331118066
58.332803703363197	0.05626095477126189	-3.0369850853925739
59.624829917219202	-2.2640999550453103	1.3542321976434715
59.828524140379315	-1.5546437939716133	2.3164300592331921
60.215497762573385	-0.68915991961487089	2.058080714838403
59.996029452488557	0.239736006705279	-2.2030477757911511
58.974523854183005	-2.3827504305206584	0.84838573630839209
58.953433961429461	-0.99356598404383645	-2.0207938887691577
59.603900151919355	2.6012380416307299	-1.3595403646071724
58.340410146783682	-2.1823425081849899	1.7023314554897515
60.152798690134425	0.98483676276422938	2.5148358623943978
58.768040927703957	-2.8383976773872983	-0.005050259133523527
58.647099818240726	-1.6612643511920631	-1.7507676700714752
58.744266002004991	1.5343391167312179	-2.2753276556008668
59.845202153246412	2.4127495409284725	1.1230885207923458
59.294494444298394	2.0561781123115463	0.90611946898616413
59.575092493306251	2.9588664920143248	0.64231967724533112
59.448375747317016	-1.6888762758313063	-2.3650154306724782
59.984859611732169	-2.5820549228621328	-0.77586765684483261
58.830583733795798	0.032092583551038417	2.4557646623528235
59.990284621478111	-2.3506657246642666	-1.180744041986258
59.619543945137195	2.3154578165021342	0.072662829366445442
59.620400384816165	-2.812601288235276	-0.55164466956906055
60.018017256307921	-0.070361027946655524	2.9653545630897717
60.186575583671519	2.0018994338207525	-1.7179721580505989
59.502027620586887	-2.8135541658297245	1.4002515251689571
59.944293613005868	1.4647288445255482	1.9730461557769028
59.074655238200499	1.9049352421413848	1.2634008511644528
60.010972155865915	-2.3548612264329742	-0.14129943644279874
59.795607958623357	2.0902512808084621	1.4576480220107881
58.946539360832887	1.674789169032159	2.1973940553126288
58.33489242671326	-1.3683900270211502	2.1372826520669692
58.598340400125252	-2.8304541071910903	-0.25142712302583747
58.88478845638658	-0.90426254928451266	1.9878598777443055
58.946671903316926	-0.46749253487595432	-2.4310970800216514
59.649045683002221	-2.4873378518376743	-1.1230804277575344
59.949894422483744	-2.0156246391145634	-1.5188975057500604
59.662962540929442	-0.035980112698091177	2.656067669695318
60.101405026236819	-3.5177046028806243	-1.1135191188179989
60.194655699223098	-1.4259576210668217	-2.2061192885166512
59.614885967207371	1.2756186579014011	-1.8887728263171331
60.054540202971403	2.5624272308793588	-1.4134017962214358
59.311979384365287	-1.742131709907031	-1.8675010744381693
59.441611895830512	0.68474128966413883	2.3272874465370457
58.526521647828169	-0.50379685804166985	-2.8097910396217887
58.397252100323897	2.4721152567794022	0.23780653032527854
58.886004986652296	-0.64370351807317772	2.2867401121741167
59.872742679488532	2.6984780421885932	0.028624862341132557
60.081057521138831	2.9035818888573921	0.48844838292997184
58.921451757453497	1.5576494006802248	2.0044043118283863
59.349978982457131	2.4264916916606385	1.190177159483659
59.866881375306527	1.3346392562801923	2.3673683807494763
59.418111604996042	-2.0653466759669614	1.0730958886444271
58.408642276439814	1.5209619334240392	-2.3801143591990153
59.249408770325708	-0.28045185286514529	2.6036875693190464
58.739577248643364	-0.86602014563912766	2.4001580861986458
59.778781448925542	-0.28526780804508289	-2.6031294383081631
59.420776878158208	-1.6858001973467749	-2.0108594232374979
58.316365393697659	-0.63448426640780586	2.870231131431944
59.301887440727107	2.2199966881606898	-1.415501617892168
58.434757196590652	1.378603485919849	2.2462989697577713
60.133024431838592	-2.3597091369112739	1.6450436119433367
59.459041658360867	0.55869802242203914	-2.4112848806755989
58.720115403826043	0.12662013527106036	-2.8216328991450954
59.658867750896363	-1.6465754669824633	-2.2623311298605735
59.728740777087026	-2.3840690825538471	0.31413688801085538
60.034583085524844	2.1393492164011079	-1.4099601648673457
59.435818821514296	-0.15250017035703867	2.4988893355123936
59.793975953010346	1.7417670250580015	-1.7977402732788941
59.855646077013432	-0.47591403245248187	2.6992125135875669
58.640822006429694	2.5565620467192383	0.7399709865744748
59.270997642617303	2.6291602008002708	-1.0991919518053117
58.804764316887422	-0.52728405000862866	-2.8027826908846585
60.083299968036222	2.2550073238114243	1.7033583788508786
58.493552408442653	-2.3652205112174207	-0.90844912848373127
59.624468859918984	-2.5657545924627074	0.99775003569863108
59.925934273310922	-2.6779642525139047	0.30866636475185311
59.421817610729207	-1.6153784111185603	1.6569129367780429
59.276083750056486	2.4669603951860815	0.79143878245148092
59.671135169000429	-1.2530426277278097	-2.1575578657435583
58.715700430276229	0.45258289992813111	2.7060678863595453
59.9360769421518	-2.0402018389185756	-1.3822176936749424
58.56864024060836	-1.2330400557865313	-2.6945201433298389
59.516975829634092	2.294339147418242	-1.1473496768410185
58.842848939361289	1.5981235455566518	-1.8462390782983344
59.594949700754739	-1.7619629656156384	2.2283015752110598
59.195888161189977	2.5965560863200516	-1.1751300641453393
59.970378288269487	2.0130263973184488	-1.9001233470270553
59.772977044616603	0.97135576573502902	-2.2409491868851541
58.713340274329134	-2.7414101186500175	0.62283878521739389
59.977871360386168	-1.3813507880778308	-2.72282631921962
58.514256880379378	-0.46980424161824541	2.8165178473292998
59.701665291297225	-0.15286242326093921	-2.7648278446779462
58.585825931460185	1.0110554500763638	2.810942646737753
58.81490466535881	0.62980030759753047	-2.611763097736159
58.747084073775518	-2.9029220521133974	1.2500202813198966
58.601517765916626	-2.0796058932770047	1.5364366112343659
59.517291413968323	-1.337445480445806	-1.2307895687173229
59.054469405996997	0.054434358918581983	2.4697213462052461
58.428049593956203	-0.50650792899013664	-2.8577672677620871
59.246172966210118	0.16172999834216004	2.7615805480189253
58.495422878975049	-0.79976445647429562	2.7139142500394939
58.474697412628835	-2.2781507090895281	-1.1009324696067648
58.935747627712317	-0.44301610498102306	2.3264413988779342
59.370310428250797	1.2609106236943173	2.1936304929800094
59.001481234091244	-0.40933956661373971	2.388625596839312
59.247635210196812	0.55688231694888368	2.5720208130574878
58.927748469472228	-2.45975831351875	-0.11245397854268663
60.081547521885966	0.020686791969689873	2.4658128321245942
59.749783970650888	-0.24153155478273056	2.6472909784907279
59.212883898736443	-1.4139381024407689	1.928280941822649
58.842088973744374	-2.0537048988908708	1.6820560994043872
58.974518007769142	2.5906436285835315	-0.48004851094530454
60.016076654441406	2.3227511517981503	0.95952933801523921
59.302174850126505	-2.256443512014819	0.84870824733210504
59.043652336284161	-2.8848064443476411	0.33357562160425069
58.37651092956073	-2.444006577527142	0.52727417213238792
59.905931049289208	2.490108795521786	-1.133519148282419
58.373710536968517	-2.7427347969104954	0.97814056775990399
58.51378431381432	1.8845449574604727	-1.2314878531178046
59.166315350503126	-1.5316532452064089	-1.7687826603313372
59.444991343274523	-1.9967906158040465	-1.5890944281974766
59.078515785988699	-1.0800248059815016	2.3171697783948915
58.646988580310165	2.2975750993689457	-0.11235223280515093
59.431606054488789	2.4559660023328984	-0.73203090237479429
58.865915248751016	1.8895014063026094	-1.9884797131708394
59.9466560891846	2.6179473734949066	-1.1334016799801301
58.683494820474102	-2.357023210087505	-0.59950282640627373
58.816535761451561	-0.72499598032076429	-2.9308813260727296
58.723342116619406	2.4460616275447458	-0.75959280949958075
59.399985218914622	1.9404933917639795	-2.0064933691212943
59.062201537491795	-2.0132500506075295	0.85054182153074553
59.775168739080378	-2.2390840271133801	-1.0529882478143855
59.687307016623521	1.9622655326633034	2.280679574554449
59.163920461810569	-2.7358778012803215	0.62691718377294225
58.849453754553068	2.7723851394457122	0.44613798568588631
59.088835315288009	-1.8190842646073921	-1.6284264124269465
59.421923949889354	-2.3811843960452022	-0.62935115957809284
59.14641580152368	0.59949623056300727	-2.6733897563119653
58.569323787363864	2.1247848635417288	-0.70041484972609369
59.956736023495679	-0.25173661979471362	-2.9496857179416005
59.159944524234113	-0.4706433537907091	-2.279085173085555
58.977494235247185	-1.1561585025077816	2.3050302186005087
59.790194365590359	-2.6138312957517882	0.42565178753024518
59.930214121809669	-0.92257037324282287	2.2998850159348896
58.777098988580775	-1.8862271627728586	-2.0487024960733939
58.240327102624107	2.3865360142531702	-1.3881845837371147
59.609207191741277	-1.5444848908198809	-2.254124533133004
59.924475841709089	-0.20826350014425507	2.4764524654283995
59.441001215032266	-2.7394310049090711	-0.98733538210341709
58.947353134350784	2.4360343260450694	2.4254029918544866
58.802262027064586	-2.1758614511323278	-1.9644754077617288
58.351933133633949	-2.0393182532558436	2.1300877445636619
58.621808396336434	-1.0305216095675713	2.2458826891072419
59.764350435283475	0.85165467679457729	2.3872065951550399
59.073488526929573	1.7929682898114325	2.2082703042952527
58.607488684262151	-2.8618131945504377	1.1420654794928831
58.959473439313179	2.149369548322047	-0.93709713698527131
59.29246224838213	2.3634131376381116	-0.95476919583885445
58.202878989162251	0.31764867673173169	2.8427002494680385
59.229289656216046	2.2871508976940489	-1.4524627662357288
58.621673314918382	-2.8775421327920729	-0.94104357027522023
59.996506980076788	-0.59173447380996635	2.4808655528306187
59.29621638036523	2.5255795182560057	-1.2617723739113509
58.819192530245267	-2.3735622795972855	-1.8106157877919533
60.074873157929225	-0.35725192895479424	-2.5103437709385998
59.519655332760628	2.1737222525132047	0.86534280657976836
59.626190044796552	2.341279655521971	0.65137088959209344
59.784064402674076	-0.377462381296365	2.8996852313096051
58.815594983512149	-1.5973609705377549	-1.4101120409991919
59.919392633671386	-0.82910489973031609	2.4710766809289573
59.908320441190853	3.1317470522742323	0.036077416422062587
58.545341807050647	-0.54072017052544463	2.2701119630459705
58.890962224732981	2.5647014180015728	0.1789082871227749
58.840715713803419	-0.55762192569417879	-2.6300381256719882
59.340333569205683	-1.5648687455791992	-2.6334957048929017
59.603699893454767	0.38487338543617428	-2.7855108729827092
58.908462535987162	-2.0119958983975486	1.2626853458585181
59.89695373451427	1.9382598387170549	-1.9976591387310836
58.702138726492706	-2.7515912536253153	-1.1696428525989215
60.005035047193836	-1.9975459813014547	1.8721544346004717
59.056696472814771	1.6581692113626763	1.8806888120180683
59.973204431277054	-1.9924757461039557	0.88782376322188972
58.783839065483825	-1.8659890553735032	1.3189223228535418
58.608439959203359	-1.2789583472494184	2.7024098908952574
58.760982065830284	-1.468297139825659	2.3370887538313161
59.208187923140279	-2.7476693727926533	-0.11538274573411736
59.926619706431595	-1.5107570040282672	-2.2032514442745152
58.661310483560065	3.5543091157733149	3.5137760904922888
59.022691818865077	-2.3363836680718029	-1.833907500533094
58.90935869513963	1.1032668047434795	-1.9746889559701641
59.797403329073731	-1.3405557445193093	-2.3674465466082637
58.935775568552295	0.57735637708987575	-2.6243451075870765
59.539291658099323	2.7005852133253057	0.4532033948997895
59.113842168661158	-1.8737051569231209	-1.1102393943147979
59.187421539440912	-2.2180819325540013	0.99674232643831251
59.269456916135276	2.6721124640410383	-0.19948590709266462
58.721534172781226	-1.1719094564401804	-2.0130161488321998
59.961287559629845	2.2152777709219591	-1.1336657676554882
59.452007660286604	0.08242721519322263	-2.6182078167721388
58.318162351599575	1.3890432802257351	2.2150719016562883
58.644580514258706	0.15445036144625299	-2.3868861229747189
58.326609259813736	3.0806158252909879	0.67261549319189662
59.484458393405596	2.1734473945595849	-1.0053446258692058
59.816244022939507	-0.74720249308484088	-2.5728992476067982
58.586566990182924	-2.8697369290258963	0.63624102499882007
59.184294894079187	-2.7586914308636294	-0.23776519844292668
59.672915039362437	1.3911723429612979	-2.1356078732764954
59.447365589527372	-1.3584292728123373	-2.0671539584762315
59.383874756408566	-0.84494329028246751	2.6852750318024778
58.745081790879333	-2.9215868924804931	0.65612195754834435
59.887575203523546	0.24050713732485018	-2.48540465315115
59.64117655091885	-2.706055361591083	-0.82130005153260499
58.603301410939274	2.6870060217002183	-0.40059026635278888
59.020252471625049	-0.00075422981806863858	-2.5495368533741116
58.597995072353768	-2.9360473198729733	0.043925292769450675
59.536094447575458	1.7468477258102766	1.8198790867312551
59.77432982714587	-2.3374936416638246	-1.5458894018657612
59.354326297251077	-2.7270855766993543	0.36232388055625914
59.028394012863679	-2.352984800688473	0.23625081970021422
59.353219556098402	-2.3928137688456879	-1.4454316051377047
58.224264552650737	-2.564843170765617	-1.4155379793515168
58.285100718394489	2.1875404832377781	1.5851198418480659
58.676281307590898	2.3402218514102473	-0.57446588781872021
58.445331496789265	-1.4610555468265771	-2.3479420566939844
58.713722404397139	-2.5669257652249753	1.5422832219237066
58.36272673559457	-0.34567540888161824	2.7588730857005013
59.426149890213345	2.31096340237871	-1.0279297308527244
58.296611443532626	-2.444764603134415	0.091116554493310145
59.870205974925717	-1.4400553771258064	2.5916663567598204
59.018959828786024	-2.1463709823444437	1.2130999285284678
59.920788972067221	2.7537646346140066	-0.45782659385778107
59.686471071955893	-2.7499161332347857	0.07644455886206139
58.726776043710373	-1.8872645939182189	1.6062434666946261
60.050108731342867	-1.8874901546230385	1.7516317138957942
58.768744725185634	-0.30271616529261397	2.3824988485438934
54.014521607052686	7.4411427132711072	11.780853464301813
59.094269849963176	-0.92290450610795116	-2.4647714904792841
58.634775314678102	0.14779628366296815	-2.5267595927753268
58.352959596882599	2.2628163446463443	-1.1476429652887434
60.001475401899917	-2.50540627595608	0.091774209114795419
58.427678873340199	1.2474783011357082	-1.9566912356701991
59.224807915634067	2.4166131870617913	0.62057138058335859
58.570731164195152	2.1626284381575034	1.2749689959182107
59.392996874831269	2.7386980889699308	1.1215140060671493
59.473303353834226	-2.1184078404727016	0.93373172358608891
58.964961376046581	0.96579307335714659	-2.2837431774737622
60.036500405482819	-0.9116110420513287	-2.2520419455956997
58.451698289114915	-2.5825998895370397	-0.62206497325215571
59.694442303203182	0.19656154924303221	2.6188400624455284
58.574848545987784	-2.607747830142813	0.72141266224094591
59.663021623243154	1.3716073213358244	-2.011207316173012
58.842662319792694	0.26970174442070177	2.3132390956235671
58.731068083285827	-2.584415788323049	-0.88730077437038379
59.406273245848269	-1.5379791806953387	-1.9481412339863127
59.223409059177975	2.4437263979668633	1.3110741802803723
59.241499490024601	-0.57776466109323998	-2.5256957439744783
59.415520892450317	-2.3634406855050609	1.3967417268942626
59.84383546369785	-0.060392140579993807	-2.8124080589111813
59.290455109109701	1.0018410503491824	-1.7882316819696837
59.839026091571881	-2.6582424512233849	-1.1353804338500924
59.179222108089057	2.9877514663796347	0.57921812959730457
59.476483069878228	0.82147278312032956	-2.4549721850598125
58.874732383911123	-1.6952135179765038	2.1043296213526466
59.005049448352061	2.0793103544776765	-1.5187763501425255
58.675957542695286	0.30585736581403283	-2.3770936512964114
58.961588829869036	-1.9312051396288255	1.3460485292479158
59.406032257207812	2.189499237458187	1.0782888452559287
58.414399076676844	-2.020785992282117	1.4787565693316322
58.561543558937004	-1.1146020496116114	-2.116758614512066
59.415553498841255	-1.2579424096534788	2.4013623215084996
60.044996816951844	-2.1356772231753678	1.3696959914546496
59.392741543131571	-1.1612487824438562	2.4872572643707285
58.450020734163324	-2.287558846883464	1.0263633860110966
59.345018136901288	2.7108967453442707	-1.7084853250507126
59.222383095905741	-1.2993386716758393	-2.0576111213576129
58.567020794194065	0.4246813139091718	-2.2935539469884372
59.223963564962375	-1.005929252198591	-2.725456248343292
59.686657951547573	-1.5136429952755537	-2.857003217413157
58.597035764991745	1.395573839991755	2.5219694167604518
58.527763999199763	-1.8072093217149945	-1.7173412778278065
59.459596740081409	2.2706709084263239	1.0258362450117589
59.699442701881061	1.4269089613590424	-2.0441915766600536
58.489335584509931	-2.4465473986090891	1.4529031274455384
59.772577195501398	1.8150157773750717	-2.2097985602463703
58.57626453089059	3.0363868688239459	-0.20019101459319957
59.584845522506612	-2.2829258346163135	-1.2288646759121622
58.611120952817423	-0.81205998764931597	-2.8733942490182982
59.33690192479223	-0.41480791916565896	-2.6436636621285796
59.12288430735039	1.6168051029669213	2.1847408079049448
58.424228960385001	-2.1103652192528086	1.6870455773883604
59.581430107069856	-1.8936343059458152	1.7338408356071688
58.765108974639119	-2.3435563844501921	-0.49021776358285779
59.054300149727759	1.7087051304557184	2.1256100777446441
58.691104832292012	2.6711326197452157	-0.46848296987825949
58.497324435989547	-1.5213442885521669	-2.4203038196901394
59.598998484157818	-1.514394683554555	-1.5021702237028485
58.665504314240813	-0.026344888930113657	-2.7103761993356437
59.976852738734927	-2.6122790707571872	0.14988999758043839
59.202725339419764	-2.5198930411054135	0.35891881553306842
59.293405266789762	-0.64419695161513124	2.7973994247457044
60.144841867240032	1.259923527936825	2.3184594567076591
59.463829509808477	2.5975298661220037	0.30702510375690134
58.379957316836865	1.7105754414179974	-1.0784682729585549
59.620860112161161	0.46424147040646252	2.6455636568017611
58.492117677700804	0.38007298055545952	2.7670397664371209
59.50966819442997	2.2117717066156675	-1.1381349086857018
59.396778735339723	1.9665933692052835	1.9372360692784469
58.506429992202634	1.0199905764280175	2.872099144227688
59.107406583787437	-2.4977665958574349	0.38635775379061715
60.231576853170004	-2.4395390132043335	-0.84055419180140667
59.120816667975959	-2.6260994657075387	0.045782093401129667
60.000658646534859	1.2146440723129668	2.4522613599934848
58.515331627704789	0.39583077874100248	-3.0007280518701807
60.008061300869819	2.3046844100168169	-0.12514544791998214
58.980352159478187	-1.4901386826604917	2.2540038836670071
60.147444073458715	1.5725602623425716	-2.4590487527406344
58.892149227617949	-1.6056704380076283	1.3325870149963208
59.365361318244439	-1.0019539563150721	2.2004181063759085
59.649249174512242	1.7792948585264026	2.2399251814986405
58.516452825399035	0.70711096680967855	2.3306093082174919
59.377623061329352	-1.5230618882982818	-2.105249753643315
58.774659053643099	2.3794355385181127	-0.26669223041674156
58.353660214925142	-0.90737061741160141	2.8339475280928408
58.603680528602737	-0.4705576019159517	2.6273284780545674
58.673998765961585	1.5822306496098564	-2.7513853725804638
58.629466776081003	2.1212450799339133	-1.4727293893925395
59.001382755886269	-2.6064408646716299	0.77338334044945312
58.947992914257483	2.6214478533255727	-1.1311224665311139
59.64400097546369	2.2091150723688111	0.39997455393800041
60.115211034480971	1.5704322374917083	2.1424653596555636
58.425338266330449	0.96336703884565678	3.2817201994787895
58.842884309520834	1.6551848783323555	-1.2910900409461292
60.160119859208351	2.2310479252780793	1.6814375318485761
59.574084047059081	1.6876499481121494	0.91026356450208312
58.908680480580017	0.6130593526286604	3.1178682990698006
58.883476130154818	-0.95826899739597615	2.1077465920667198
58.410028853099057	-0.47025077900004009	-2.2950753687814305
59.185320642916274	-1.1140328792116037	2.1400229193592875
59.245139053417233	-3.0734646950436741	0.43248575455938104
58.682264630164575	-1.5391720707524135	2.3362967204130949
60.040307218074609	1.6186266793117716	-2.0290558942662846
58.978610569202367	-0.19018881586708344	-2.890864450274178
59.369597855118272	-0.29549178640492973	-2.3369860989882092
58.672097379672834	-2.2884562398156758	-1.7671890604462763
59.892978361883586	2.1411181954443612	1.2262926632897906
59.192036911322766	-2.8530665683777783	0.12591331693344704
59.458227909648819	-0.66092551730162241	-2.6566395315109985
59.829100647986152	1.144884788225786	-2.5309604580817084
58.324106401208688	2.7378998936699821	0.23095795478469061
58.715495988884584	-1.7248097370268753	1.9920090309829186
59.668373852395305	-2.2801788155027647	-1.6380856906041033
59.44270293094911	-2.3879391244917096	-1.380500235125633
59.418121724680738	-2.7917648466768958	0.19407243083111614
58.303901972951429	-0.97589550065672392	2.5391280651121058
59.700964470882553	1.8562735515855859	1.2459289450582225
58.968565944866818	2.8024278897975292	-1.1439592697712297
59.3514826482049	1.6853727369738187	1.7921663998432897
59.422608851948631	-2.994363274123109	0.3080875905407523
58.345084369869141	-2.3442632460125852	-0.39402328280376736
59.313363480302861	2.0753631242141757	-1.3390778368299061
58.471051125153373	-1.5262409397823729	-1.9055787005750433
59.272368969966628	2.4851747848975285	-0.29896837102525387
59.107603620529346	-1.5436226574645213	-1.7787053229717467
58.71393037006186	-2.2524791029701348	-1.2428356846590161
59.726907421678121	-2.156051634158878	-1.4150411319389899
59.876692632875049	-1.9473008575752719	1.3132465212180999
59.662443055322889	-2.8499445082593486	0.69361742872848653
59.299748639938237	-0.80916024750490867	2.5705569761226696
58.86456680776957	0.73830698717465926	2.4434723121837392
58.574386881822377	-1.6322632233911016	-2.4017642631635114
58.480878172098379	0.40380888991935587	-1.5681235576566126
58.424764283936085	2.1719610224458847	1.7865972620838464
58.427057010135627	2.6107982199192303	1.2164766229094826
59.51947335046993	1.6056508971221009	-2.1968912417414002
59.220723437530324	-1.920940644184403	-1.940166130601628
59.33112327328508	-1.7076506947162398	1.4606836420582401
58.789708416294452	-0.45458590331237397	-3.658413560908568
58.791461332097803	2.4499376343260417	-0.60132476416151648
60.136401639197089	2.6062147529887612	-0.30214739960068893
59.078460818682359	0.75942101282099794	-2.5976734799381016
58.706426532777684	-0.46149338435794734	2.3015257726534672
59.677382230987526	-0.48215261098725132	-2.6564333478013538
59.316745777922705	-1.3376048383408123	-2.702726065240292
59.009931355586019	1.9558479690000881	-2.2501825501394155
59.284164203228379	0.62912739806916074	-2.971238862692859
58.986487452917743	-2.2511757979480356	-0.44931542262050078
59.313459547739988	2.3144510354280787	1.9065698875452108
59.91240081583468	2.5224217848896036	0.70045076013450114
59.083553556925409	2.4228608350896881	-1.1251913555486825
59.720508583224543	-0.069349644315134337	2.7241467032882589
58.303324762734853	-2.3994006857985064	-1.1412143071789556
58.637204846117903	-1.9572592365757822	2.0165618749372607
60.098580759463232	1.0050829174540472	2.0060686121661493
59.539628644507502	-2.51338866413281	-0.14411919633480216
60.180878698537711	-2.2866918934267573	-1.2750158726962391
58.675598628339891	0.18391634471098992	-2.9504869503601694
59.08206980139866	-1.0700304572081167	-2.2751661155919307
59.539065394541936	2.3598225109193294	1.4473983779284472
58.696805721896716	0.91238769885630577	2.4902216998666553
58.293473425468108	0.56819129655999867	2.8306637070387737
59.136270884635096	0.26322112215538318	2.9155705291807483
59.360008670002195	-0.28440365425356406	-2.4883064248835791
58.87651250717699	2.6343031935153545	-0.77464273903998071
59.918939032928371	-1.7464207425076901	-2.5011982318906996
59.593646390788962	0.2570754531580503	-2.7792306850169943
58.71129668968377	0.38781279998339641	-2.8598219629670201
59.436220957632528	-2.4227734054706809	-0.97298476433923775
58.961724125722434	-0.16459291736030157	2.5214219974954419
59.393637146456406	-0.66239542964378462	-2.2907940159164726
59.670793843908797	-2.26058934186223	-0.27291320476316699
58.991691707859552	-2.3276592570572472	-1.407176463584406
59.834642744529312	-0.11199460694978521	-2.5246116301411217
59.304705655519626	-0.27058354778181365	-2.323827065022178
59.454331901563954	2.5787179500129151	-0.80674491063499643
58.343350998263055	-0.1583846779061405	2.3946552428304391
59.202033560275375	1.1619701233759918	-2.6449725111111904
59.485287662457459	-0.17946834077275825	-2.1237828020983325
59.833993449716168	-0.19672202292955343	2.5496785920569569
59.734399124633136	3.1071822688383617	-0.40233763043311399
58.214856142376419	-1.2267759099796025	-2.1306251418401185
59.732515015734556	-1.1629557427053405	-2.3524035801927559
58.159253061439671	1.1647849581636356	2.2434553274097468
60.044226152324683	-1.9046205302017596	-1.9857037174368195
59.795532090423428	2.29608714809167	1.4654715951788633
59.283259500656243	-1.1864453549567842	-1.9927933294208997
58.570143637608361	-2.8142737550289469	0.21046657853922582
60.04892208792198	1.863757742629226	-1.7861149304897825
60.150262955070936	2.27959700057741	1.3289442375482783
59.538295382639326	2.2386899114262424	-1.2841693164359995
60.044121852531589	-2.5334983372569004	0.89185908316813267
58.897550784391477	1.6549804638788217	-1.1322425745150071
58.692945602025375	-0.71498897259810545	2.2642555041766412
59.14020440491786	-0.65844145235900542	-2.7078168867317962
60.088104594195869	1.4834250539850742	2.1464864335069405
60.142868651463843	0.34032259955688193	2.3393727038704411
59.279596197691916	-0.25553747472754923	-3.0079421685078658
59.477344243117045	-1.9244671048514577	1.3788151601702263
58.521337422785827	2.9201219900333091	0.55548111228461683
59.547914896390331	1.964965035346389	-1.7556130443510758
58.860399822397994	2.01847158351364	-2.7174227906969746
58.884066874904448	-1.9905345947961133	1.3552426055533644
59.461421809627012	1.9516677069897632	-1.1753737381060936
59.655275446598452	-1.3837392208075248	-2.0796805367876905
59.330877153077203	-0.45679322162877867	2.4900885916412383
58.277120065040918	2.6186863546500776	-0.55560510697088339
59.326498207962032	0.20887683264659213	-2.7521200879778376
58.637358224241055	-2.6193607179366691	-0.84570237163928874
59.385001077840116	-2.3735959771712851	1.2141829450398407
58.50986813533995	2.2673521180120946	0.90868078920121176
59.91205479651218	1.2043513508334476	1.9066232682987512
58.408586757284098	-2.6363347638650336	0.35837365409689209
58.784750721961927	-3.7737501560919848	-1.1814538534739041
59.43197209566172	-2.3772336075280318	-1.6353125105197539
59.664004807108199	-2.5067969408010748	-1.1277644404630498
60.146212137426225	-2.1663312772795931	-1.6416585328032471
59.297968368116386	-1.7242795790773697	-1.9401946538992343
58.788851322913217	2.1167827307901392	-1.572760036268777
58.919026898240752	1.3337874796393501	2.3280103434643942
58.852562604276891	2.4684327707995091	0.18476017704141973
60.253575514248368	-1.6689665204702455	2.1449025796117986
58.61688849946664	-0.17003717570956281	-2.7142663643282616
59.011200163406222	-2.3524908165853291	0.45312202882736763
59.848098797867742	-0.62807896648564343	-2.7399369431425056
59.736688436539154	-0.43900546023057446	-2.1751800459847423
58.74480224478247	2.232446400814236	-1.9044591247884421
59.151197278337229	-2.0623391387863159	-1.6632211111535582
58.518250264793487	-2.4705151348103955	2.5503292226649084
59.337371540445616	-2.7117971512011287	1.3440911175349883
59.982028353927149	1.4092300564348044	-1.9352453353500318
59.96980369611245	2.5050081475413215	0.030290950622371457
59.096042808480568	0.54393810618479299	2.6863194802896855
59.581843852548865	0.31153930770009608	-2.4040634448487066
59.639320754478859	1.3213458210273126	-2.0788770045803995
58.2748517127119	1.434486361585888	3.1928241600512903
59.343575953601032	-2.6794153134510252	-1.0327792193251228
59.511873212730762	-2.149218045273122	1.3213482264705596
59.098941465065828	1.5263561538123251	2.282642166848706
59.472726298098131	0.47867270431702091	-2.6121380379346393
58.591056401975884	1.1896411886527676	-3.0505757469402561
59.700762220799469	2.0620147130524606	-2.2041194593064528
59.639567524233897	2.4875947094746467	1.1453116580290836
58.684175197148889	2.3687515282209506	-0.31990903040877111
58.990470038893733	1.9418978818617194	1.7708513054895851
59.46122126728163	2.5957768589626267	0.93174582880811252
59.051590427915222	1.8079400761427642	-1.7605165172747028
59.618443820649183	2.5412763870947601	-0.7446121218316295
59.915131016228003	-1.6364261261138102	1.87404100750674
58.756667044004338	0.11329703553327136	-2.5861082910696855
60.026601741265708	-3.119074526277712	0.4422668714737929
59.280008041168308	1.4981061222955205	-2.2403704101171313
59.54382583317738	-0.85068328027700002	-2.1167058477665202
59.393062404927846	2.0080795659328925	-2.0592156341521073
58.669969791976236	-0.79959812909803718	3.0171380125143941
59.830026088600995	1.3751894658341064	-2.0691705719417501
58.893446914049889	-1.5723302200434308	-2.0748574686009706
59.513386099663478	-2.3600345772538733	1.1183783516224839
58.375576447815583	2.5206700361906145	1.511789208990949
58.88986937274619	2.5141088837326162	1.4962584090684545
58.725362305386568	-1.3410567862189982	2.6207070538838417
58.669350040128755	-2.4650317190169608	-1.7971280954067668
58.505580934003049	-2.0133846666209125	1.6119129663489684
60.221960219584879	-0.87000945371889415	2.8319767031303944
58.606457997530228	2.47222906515143	0.68833389132596601
58.593979126943893	-2.9875538475347714	0.70493901970758488
59.158945879148717	-2.5331242733788137	0.43777819519030642
60.119741137841253	-2.608398551604679	0.27682772987168808
58.688994706595764	2.8745182174865014	-0.41747201579017501
60.004395162862878	-2.7815542673350415	1.0002679441767963
59.475235406043666	-0.7877297383586096	-2.9383944223567027
59.510781649667841	2.7534828834962748	3.3599108831192028
59.684623017523641	-0.33122529906836623	-2.2102274147497596
58.564730227712978	-2.2492673676348818	-0.24840726793738815
58.78331342166593	-0.28632325672474701	2.0497724493066589
58.496618672210069	0.13255734596053151	-2.4043946792496382
59.249212030453677	-2.7093817807987901	-0.2113271618307046
60.159093586583403	-2.0710632564521294	-1.457923782906364
59.145963064934882	1.7282883643538112	-1.6215755825547948
59.470539147345008	-1.386189970366942	-2.1218875804012742
59.171526519579658	2.8885027172172895	0.37340594850739911
59.910536112381564	0.97321213672051965	2.1154008738138237
59.318045582521762	-1.9680313501066489	-1.884117651144539
59.22421553830182	2.2409265760869905	-1.4607648762029901
58.512603923348323	2.2689265935093146	-0.5759257033910461
58.475314842862254	-0.49913529521847017	-2.5575590990106014
58.984393985414613	2.5297871110783374	-1.5495549479923094
59.322769223609932	0.3494406281193696	-3.0733911608059397
59.084340491048764	0.68137918080125826	-2.5110745343802794
58.827083429750495	2.2573991960013253	-0.449080467230074
58.897643086431067	0.82840870877699058	-1.0125013797048914
58.741189365924683	-2.2020679899621909	-1.6360646762214421
58.274727980274243	-2.5164235506969748	0.72580629002313291
59.967226078478994	-1.5598606623449609	-2.600867033723365
59.791641062717716	-0.70949662200824204	-2.7477037045431523
58.788306260790399	-1.9486272570317529	2.1332167637366881
58.667832757260108	-2.4444906885365905	1.4436792050715581
58.40888731507227	2.3410248131448084	0.7781935899635275
58.578230908792094	1.4230355837302009	1.9230627748972986
58.81763701765157	2.105909545034617	1.6947465145820642
58.377324771606098	-2.8645404323695445	-1.2115515995807613
60.009956689326025	1.216702929574198	2.3118743007229101
58.897911348091718	-1.829188221920903	2.0897630134610012
59.336102524116889	2.62813642731449	1.0496203528535348
58.938918484748854	-1.9909380933587759	-1.7042468002058637
58.994210457684709	0.092764788347206431	2.7148996703560409
58.297474804552003	2.5335062418070269	-0.97842720518841908
59.002329270394561	2.4198035227982877	1.9088762028081037
58.451273684493856	2.0871790454082757	1.688432792059162
60.231732348527963	-1.5236315917643799	-1.9617435749569576
58.499325945246227	2.6511658556037747	-1.6464910700755047
58.79617608311036	-2.6461141471984462	0.35602508170930908
60.124982081999256	-2.4637270140176142	0.0095596764982771587
58.983180689477877	-2.1313207917745789	-1.2377242044170216
59.531891531771066	1.5646808663564695	2.4119027669954871
58.969713933141222	1.4195669225085836	2.2998498186069884
58.433743888367736	-2.8959306300328871	-1.6302532628824449
59.682868340528707	-1.0793027306195668	-2.3899188857626257
59.712923313877255	0.48859285837414967	-2.2251949230122015
60.102356856568278	-1.0676496437847709	-2.4837886013406174
59.919894655445525	1.9744302651500527	-1.8156154731338467
58.590124897471036	-1.3754208655428311	2.1622228482451629
58.856912366932406	-1.6256838243028469	2.0966077133540435
59.780259360961743	2.4982493731724662	-1.4937334625551517
58.613231038623574	-2.0457903095164967	-1.4756682053093095
60.101957112906902	1.6673867062420205	-1.8750875167068299
59.580120505602537	-0.72144404051524114	2.6553040952695097
59.298193423971	-2.4060367086795078	-0.12998651070427575
58.564117213750912	-1.9252378547570279	2.4172887888534422
59.591110398208848	-2.6002329004668447	-0.61274374302796764
60.060688693905789	2.4496985770852722	-0.45112456807641577
59.324635921462502	2.4445578382229689	1.3663876367534467
59.939775903120527	1.3016840627488193	-2.3010202523699008
58.680255498167462	0.72150593899182591	2.1495276007297299
59.18594204838142	-2.4568717028373417	-1.7758927003873854
59.235998457779829	-0.27335607252226363	2.7639415027110004
59.450551977210942	-1.6194971593072878	1.6378904866782482
59.661224558978311	-1.1935692602777082	2.1607081226548601
58.26252416425806	2.529706895646076	0.89113944442660487
60.124088275962649	-1.9538304723890008	-2.0649942323740826
58.353191414051594	2.6355249760816752	-0.42527932525951473
59.482829734000106	-2.3661465529436749	0.87161579792869126
59.800678716395879	0.22571380111154787	-2.72992088809047
60.175816387892283	2.7046474129648068	0.92233792570860551
59.236302960320337	-2.82206018648376	0.77143029457050527
58.694704209927565	2.8937775391684353	1.0430699561753483
59.344853847490782	-0.73615259396814858	2.5217707847451036
58.767914639226198	-0.72652983099417467	2.6509235741902071
59.43852671985286	1.2081888947838864	-2.4292644009205886
58.756048872298813	2.8023496096288674	-0.94970213126862812
58.780260019895429	2.2316827230635767	-1.5876855547522002
59.52891241764668	0.49708874516088081	-2.7748887034022252
59.463453691016028	-2.1064553519090978	-1.4062027459958013
60.309143432553832	2.9318722479147481	0.081300227182412046
58.518513833319737	0.40307972681508719	2.9912615974070174
59.718817129657197	-0.18331983950254738	-2.1283484563894843
58.908084380350076	-2.3722372544531218	1.5201784527808535
58.870951953012863	-0.69627711461902053	2.6996439859955266
59.809423348125051	0.96920995968030876	-2.228669118599492
59.392485735041589	0.080680012831386802	3.0841259405294927
58.580498811786683	-0.68319119149670937	2.6737559303650982
58.505600003747112	2.1011496418399362	1.487209993672798
58.633934903232515	1.1260705446802135	-2.8688304096365171
58.882585665108202	-2.1811986081959489	-1.144997087483274
59.259476692530058	0.28985733182649748	2.6099271056982376
59.5110074387038	1.8701751734069652	-2.0149179002755111
58.76190218042526	2.4756191654490327	-1.3543939122470712
58.221420241948842	1.7563114141472846	-1.3602395514994854
58.473584261372757	-0.85833826711264294	-2.8117270509961814
60.208440127522614	-2.2476788894838897	-0.7248908452485916
58.623744242036054	1.8402656832721267	-2.2369065987543277
58.783144512059167	2.3897062163282627	-1.7227599147606618
59.021424931262395	2.9143295084409542	0.28050605306200621
59.676803186067779	-0.70449787012538412	2.5874592053210361
59.297605863885408	1.1227707170084251	-1.1158337844886899
58.808753793902369	0.60941656053575866	2.7073785098603178
58.339661021585975	2.076618425645592	1.39069153014164
59.39444901532088	-2.0673859029938924	-1.5691531386806317
59.262443655513067	-2.8988287664664432	-1.3928167827607167
59.587640372499379	0.31621008373519699	-3.1091495435456342
58.835791475987861	2.8730313829783678	-0.25081683391412368
59.798836023207947	0.061823001232968036	-2.6501668282289477
58.290973316164894	-1.3413864347225961	2.3503150305237335
59.426561947266329	2.3529802760513143	-1.227197026597054
58.64952457934131	0.67315122402467875	2.3522770423229269
59.914217186098064	-2.6149959662918167	0.65672769239849815
59.951828043431561	-1.6411970347631104	-2.3141824884027091
59.512944724913602	-1.8846204782174667	-2.2018384835757221
60.010102611217036	2.0616647653597342	1.0205415357604184
59.250899387830287	2.3754358426870446	0.89845669567094089
59.888061845368163	-1.4406209711656128	1.9147164796762208
58.541472435753739	-0.96485211597026188	-2.2919764599764707
58.747841278006071	0.27175000310657116	2.3867708665288996
59.763756875433955	2.6180398899352078	-1.437504562757822
59.644750477603488	0.58317531774576092	-2.6091539840569067
58.954104270699098	2.5976134794559473	0.62993320414541187
58.557827233006343	-1.8513733587334695	1.9589368635238518
59.046604523051037	0.087920547014374476	-2.487154870163458
59.532161199200445	-1.3783111269832578	2.7386181278900721
59.857810302751304	1.1834211817274625	2.6448649763940759
58.522273758288634	2.1373265851405825	-1.7744884819651177
59.0881098946275	-1.7350729616682992	-1.6624007368689599
59.188342536808115	-3.0543965399353059	0.52798115652699118
59.457998047727727	-1.4543783524900304	2.1567435205824976
60.021953112103375	-0.006422445158372733	2.4304479874708251
58.906466016700222	-1.9410730093648414	0.95702982360533007
59.066458053044286	2.0263146196897939	1.8379866319483238
58.635276341596743	-0.36353361071528839	2.237713975811666
59.74560208855403	2.462055732690664	0.73528250537748852
58.580401911038877	-2.6681591148935264	-0.6611742285437473
59.652493762549291	2.4574914756986379	-0.20744488713762951
59.043069988920379	-2.770240265454802	-1.0310035250765428
58.902518529990544	-1.2816253444088945	-2.4494693142906794
59.187752064689114	2.2719083725387184	-1.4042721083283278
58.608348746292016	1.1103400085993782	-2.2814279314455366
59.862289016881149	2.6639481988227933	-0.78376928471230733
58.780254917733785	0.13529547870475736	2.6421245315065289
58.661692916829601	2.3856304271760913	1.5439084659947027
58.658543385605462	1.1395533013991943	2.3702737907366469
58.728504907113461	-1.5685689761595529	2.0625552813189496
58.623145754865128	-1.4641544702015645	-1.9753309920796838
60.125930457945962	2.5155405881103192	-0.39809700813685783
59.29983761831604	-0.28213311614876319	-2.4682338568309365
59.264843947088188	-2.4549320726469595	-0.98207191961886586
59.185297060022464	-2.9496688212710476	0.73693853103549845
59.098036032608853	2.5457187787562647	-0.82307565199677957
59.212351708590205	2.7694335875494076	0.053407287579359287
58.365558177327451	-2.9756148430354501	-0.13423038098815987
59.405658874114366	-2.76336899436075	-0.070001289866128621
58.769594581787082	2.6785466817190846	1.2432112386148393
59.237580563680311	2.1015896259199995	0.8795011216416545
58.820295857984277	-1.6575761944053835	2.465571299455235
58.636987363589022	-2.3208590103737361	-1.5365227616455051
59.466732234676392	1.7079861395079035	1.9394970425912093
60.095756053480059	0.7097992761506009	-2.1790570458288694
58.378354202025548	0.41947446872612904	2.6514972008297621
60.019888517473781	-2.7209400809563684	0.79805473633883861
59.143226385061965	1.6902830108542879	1.9950551819363769
59.147000643814216	-0.67393034054199064	-2.5302280106189725
59.252393953662889	2.7156012825880791	-1.7629091156444687
59.514864309138233	2.5358439698556277	-0.50701436528009503
59.322984167658646	3.0037468579785602	-0.4756659874931935
59.180754243651307	-1.0032558359341481	-2.3441592888040583
58.637803844050694	0.42391744551886423	2.4948499497664236
59.960828823781306	-2.4443119114978593	0.56905517921113946
59.290764327533907	-0.0034908617446453871	-1.9655549241184578
58.601239836396864	0.33573462411516053	-2.477366444271508
59.414749447434858	1.2454784792348259	1.9384020138204299
58.523084012947379	-0.31202190010488245	-2.6806082438313865
58.202956995242673	-1.7174968158888935	2.5393016160082351
58.722534665116079	-3.0536867836991193	0.20031095916385921
58.866149111966763	2.8138178003368295	-0.5684378687783046
60.127472033628784	1.3570690475484442	2.3800823265009572
59.993237428843216	0.53215411301082172	2.68591325036807
59.883931449887697	-0.6088799066515479	-2.8811964525983909
58.60758158966965	-2.2855162379267631	1.6060158111446097
59.309992728830181	-2.8280259547728765	-1.1858156662480188
58.35461340500688	2.150114555745219	0.99833212814967753
58.787467479031037	-2.5844823717070411	-0.83653674162817504
59.469700612195005	2.3617098506687895	1.4550744860623466
59.987539588575707	0.064437766054384213	2.4728975299449028
59.84074471229912	-1.1167613560924285	2.2573091205386286
60.161148077882224	1.4891282970502981	-2.501501378153796
58.937597443896692	-1.9022138356881686	1.3936007477571433
60.005615570852257	2.4620155572141704	-0.67711640335589318
59.488919043910428	-0.68795934881082432	2.4065730618166143
58.9063214908034	-1.5039146982738285	2.5265026615105133
59.532116297876463	-1.6059188044715564	1.7995721189527554
59.290352480182925	2.7345609614277322	0.147367007593948
58.882410687845969	-2.4060724138606884	0.083475076574718657
58.910975554609067	1.7080346840005967	-1.9561065117375989
59.345058161537381	1.802600056021517	1.7485766592199727
59.797956087360134	-0.33584128793325879	-2.3925967135208106
60.220266233609308	-1.087159299403224	2.5152033043948472
59.44141941052164	1.6312859707889724	-2.5274196250436707
58.378071831867025	-2.9360935971198434	-0.084248067774189916
59.735380601770693	-2.8807842165073176	-0.81914229574105724
59.698089245423795	-0.63621026586055451	2.2975245443251704
60.103889463629201	1.5784085984801388	3.1337478583462737
59.20397453490947	-2.5114686141400213	0.7852707194821299
59.844393888887879	0.026290147116376502	2.4648553235988611
57.910701035801637	3.4467678425135371	-5.9304032339266239
59.189318491530337	-2.5086181242971208	-0.72684022533149961
58.438164016997774	-2.6352739874624738	-0.62778642355791692
59.008623930443115	-2.3708319675492717	-1.5759935884216794
58.771207574474033	-2.5345664788799041	-1.0679754839456927
59.38130934803894	3.0530880969853449	1.4911124911003608
58.89014063101267	-0.55916273469375433	-2.4085220519828732
59.611752051929429	-0.68953318866207747	2.969423846114184
60.081871402866604	0.15935918080485709	2.2675925541072339
59.020429003025285	0.076286958239188227	-2.9908542574441825
58.805680150673126	-1.9624592374951704	1.8591649561212436
58.789557229174832	0.20530570926391631	2.7789082688227191
59.204330365803941	1.2151263481884427	2.0054899567350359
59.377403004523075	-2.1636633034944621	0.99718215370200347
59.145489285147967	-0.9238724578687767	2.4481801648350148
59.383910760095226	0.52265018338788749	-2.1663737944364398
59.766134303568514	2.3336988630730437	1.4725026188007386
59.129853258190842	1.6809546809603546	1.964889645387442
59.325988545585894	2.2578409430498794	-1.6306479056023844
59.404994106378261	-2.5436275607092984	0.46184299045483557
59.207887383389945	-1.3548224536142019	-2.5915482419235474
60.097568500769071	2.385656523895026	-1.4034383942831856
60.149980938385632	1.2410959525490064	-2.4502258751998003
59.277992762799364	-0.036453274021413046	2.8430266973670872
58.686760565215977	2.6728337310687023	1.2429851809063093
59.414714082046217	-2.8104309680878319	0.61095119757762706
58.989728535262486	-2.3859260658364061	-1.4294896194926698
58.591738362247355	2.169549308024397	-1.474656971517263
59.73355718255884	-1.530788180080441	2.2815503444183642
58.714875027185677	2.4009068987429099	0.99266400949602851
59.286060449604875	2.104993720517732	2.23406215803855
59.390006742368293	2.1251460134553555	-1.2790984603098075
59.315417087117083	-1.8187056502437862	-2.0416074211733628
59.983929927321391	-2.5047573488705299	0.52338636940067751
59.170616380787706	3.366739213822286	-0.6056107028011718
59.949627752793489	-0.48409343144359956	2.8527478861213593
59.107762655505674	-0.17476565980023659	3.105208831264767
58.641685189668124	1.7487871149091008	2.1187108230848795
60.110957217124223	2.4343523934837443	-0.70972973349566904
59.189626242361108	-0.83729119864532131	2.5965129970842087
59.817695955545013	0.25879196668326832	2.8606566628067327
59.247751410280635	2.6412741831048545	-0.27996988337575041
58.706437267948317	1.6394551736582896	-2.0864988643365279
58.274084441199413	-2.1588517097422959	1.4908695069220739
60.050675375015771	1.1897878136997484	2.3875848791933136
59.681615777954235	-0.9607012017061255	-2.2335301523162738
60.174338481774711	-2.3337441641168275	-1.6015310631518931
60.153366516707294	1.9648962727527097	-1.3786418612649305
58.324246688777009	1.9208756430889997	-1.4126156341633656
59.324955508975854	-0.87784919759806079	-2.4620701642824634
58.563056165996912	-1.4818211023445478	1.7942154830782091
59.978527640042529	-1.1958391783476421	-2.4081677918541051
59.623235942364047	1.3016613051679158	-2.4196389122141202
59.124757163674026	-2.493698157185523	-0.33655122980078095
59.798522405428727	-2.0567536745857784	1.3641317892320834
59.696174706795965	1.3788088938916796	2.2429067489072829
58.441662172249053	2.8166301104249372	-0.40776607188375585
59.582322717775895	0.18943314818272933	2.7619795909847631
59.450221925784177	-1.8949485225886951	1.8518938895263608
59.262202027340919	-1.9868105753453735	-1.6350375739777641
59.178286363058781	0.23521985718121258	2.4939947706864865
60.083018781089343	-0.9706702288745338	2.4625278272983793
58.738014710883618	-2.4984832637908836	1.0259838718636791
60.007033851242703	2.4572495503088438	1.6077764409531587
58.708307593443834	1.2518738364368345	-2.3400780097483125
59.793182446939149	-2.696019855825702	-0.94524568092879557
58.591296615698795	-2.3540690944080698	-0.74949423118835423
59.979352350053979	2.0472775927203974	2.4237931054751942
59.427280970851065	2.3115533103433576	-0.64847998580960919
59.807632992616185	2.1951547190213767	-2.0824601672707188
59.875494101820919	2.6314234004469448	1.6967499871483203
59.091952679689371	0.85075326491996339	-2.6604817935401059
58.527415495375287	2.0672807819036674	1.7959538932972678
59.864501002578429	-2.3164500750681807	-0.75800775136916565
59.060100608186623	-2.3699879918601905	-0.37062707341250051
59.518440030383445	-1.5839748414084207	-2.2265660135303409
58.739219469898408	2.5103872183439062	1.5947385760236223
59.755638931125112	2.7617356944506182	-0.91832240340155669
59.899156719923063	2.5304421797094059	-1.4303379506370542
58.190337095914487	-2.0343948241071348	-0.77440976593800925
58.484250875890716	1.5382378100999006	1.4444747825043613
59.715507493587303	1.0152730314170682	2.7619324444330551
59.508657486301445	-2.4988439864827394	1.1071497286465486
59.25723667518222	2.3704421248387404	0.44922809329342528
58.566457595063348	2.2852905667693757	1.4913047954318577
60.079952590561398	-2.4437974638827851	-1.2001014454783312
59.905490255205926	2.4696639277756356	0.63271086363913009
58.277303857638557	1.180606034837183	-2.7819443622285909
60.132516403768946	2.1182026565005994	1.2066844027500525
60.067803850121528	-0.059175655172383233	-2.5980725029815908
58.981939586112489	-2.5023550360521845	0.81172399814988883
58.907700827836472	-0.94079660845932189	-2.7491086503917064
59.62717133875514	-1.3205012262244256	-2.3774658273869917
60.132630253481551	0.8798794394584365	-2.62743620874314
59.388601346318211	1.7642906764579336	2.4922119822456099
58.719038741591646	-2.8015980227399586	-0.41883700427868537
58.180600038658561	0.035657503436601269	-2.4339801537757868
59.382887371635121	2.0913031853395636	0.45808092814984108
60.01661275453111	-2.2912954551637323	1.2477073321947239
58.986951152438024	2.1832814459344529	0.37105352871154451
59.353960921563058	-2.0846527003353361	1.4352535472243795
60.207421265493686	-2.6757269573926021	-0.67193775672666245
58.979849559414092	-0.83882467990785292	-1.9325213288169152
58.449537220202458	-2.4424698028846827	-0.20615959559123273
59.571022776174964	-2.6237786034644346	-1.2763052107732886
59.1240024763759	-2.5375631870239661	-1.3829508513198077
59.596130385580643	2.2431068023426244	-1.9066626049001771
58.500392699390794	-2.0634331667550239	-1.3542013783095053
58.813425024290751	-0.32904867476815025	2.6937893699602822
59.434399034439949	1.8504872968157979	0.93096378604951413
58.351707025649311	1.2459167682835262	-1.8060076856993768
58.881456051139992	1.795991585680957	1.9533338019248188
59.189684239765491	0.68459068829359715	3.256124476462086
60.161446684130631	-2.4550603478295967	1.1105705394877332
59.451066041556949	-2.3064607253866103	-0.6242026394810325
59.149401340255693	-0.056178364589056881	2.7508362572577787
59.706534965845705	1.2273683333527958	-2.184097617677621
59.318778885212531	1.4093710811400428	-1.883474282585579
58.974175583188455	2.7997593304802253	-1.1410332452093495
60.143920018651208	1.6237610637119928	-2.3607649870149476
58.364882428337417	2.2487162623165751	0.69825894170180036
58.732796263534034	-2.4667453684193785	-0.30918679130609711
58.941112500044348	0.91145778472452177	-2.665876979591391
58.674117663230824	2.4013502990795481	-1.2809489522727218
59.901698644919925	-1.5767245413656581	2.3589751783891924
59.217647929684397	-0.048923630674362124	2.7170672623549947
58.416608825940074	-0.82319398971648472	2.6594975731892769
59.509301871977058	-2.2526712009983911	0.93681391051787188
59.471258227345579	0.63574504360486628	-2.5272124133595741
58.872187413622775	-1.6521349300466333	2.0559079185648006
58.586789523627942	-3.0188411645636877	0.17580666788522151
60.067971605382702	0.9871097854007439	-2.5528967094038624
59.809851862191664	-0.92391078398384741	-2.6040242445341826
60.168115213735348	1.0021984432529092	2.754900327466157
58.664229394361307	-1.4454458676655983	2.1825299488379857
58.835805260992231	2.3079749079859777	0.99244585460602097
59.664951417332837	1.2044427622888798	-2.3315085519843342
60.218576410028284	-2.8015829499707783	0.43869024136439544
58.417662264710458	-1.7675806971580696	-2.2511995227649173
59.481331658776234	0.10902859113962728	-2.9688710937244367
60.010737027586522	1.2685707895486409	-1.6717745135065849
59.067262156210191	-0.0202306708312847	3.1710383084211133
59.831199118505992	2.0576547349709102	1.8442156047376905
59.624428846074366	-2.2138621608961802	1.7233478928267532
58.36314137171528	-0.34591150169118146	-2.6130538984541984
60.131480243481036	2.4068952633185905	-0.72147405936445319
58.508045512890817	-2.4386570267332037	0.063892928393361401
60.107511771108108	-0.8441671985997049	2.6164685853551162
60.060714563906835	0.41810478853254862	2.4106675652825209
60.069251413216001	2.6221698267961	-0.10359497926855962
59.232249719232932	-1.8875203590754339	1.5673667947730454
59.440350316038426	2.581111453541681	0.33204538614674989
59.64199327984786	-1.7391822336613116	-2.1759946661708027
58.838828427900317	-1.9852203416285612	1.7701444813510887
60.309587205262126	1.881582799953923	1.0006331073057622
58.951588912550392	-2.8674767901976965	0.65952415127026265
59.041488229034407	0.20568111989321219	2.6420827717691586
59.781726556962241	-2.0796699119338413	1.2310118189416432
59.402593582266753	1.6853025373958186	-2.3473185792636193
58.383033243723673	0.56647780840838413	2.223500436059711
58.704080522820121	-1.9231423445809066	-2.3493336367499453
58.506606730725061	-1.2094252622107848	-2.1777610873158202
60.15116260105809	2.3322357343068663	-1.3828955724499286
58.435845235320592	0.69632515444393039	-2.2653188635655912
59.195894752149165	-2.0917726419811182	1.8291931553227121
59.695706958398063	2.0139765584302882	-0.77823880112097721
58.535591158995338	2.5345502917746825	-0.53945976331061529
59.84721442109673	1.6055168583877786	2.4164172419860046
58.557001348580854	-2.6449612829621696	-0.45399606988153174
59.766897930530227	1.9099411734002565	-1.7974019927206732
59.223419517801581	0.26099090776863954	2.2748272117545927
59.75908637517135	-1.4686436456302956	-2.1523986743264443
58.646200259850957	-2.45299183631727	1.3196010088832673
58.704541493203415	1.8045717193869359	1.2784196751457151
58.774636702481665	-2.2842592903044312	-1.7017353469611511
58.61647580274068	-1.434505018925885	-2.2674649225637475
59.803394077090672	-1.6629351985195018	-2.2183112540908727
58.324094822604849	-2.5711030528958037	0.24118110275116283
58.36301653527309	-3.0289736626965684	0.31361165605906466
58.910331573227168	0.72499463260007047	-2.3958274489646132
58.645069296162177	-2.4031770824260201	0.12553636367057067
59.297342599477545	2.3564319684424602	0.48275078595629056
59.914164537211612	-1.9949198160938253	-1.4444173697117997
59.584527504998363	2.6134014722898455	1.0197917521622524
60.22725620422905	-2.9194591916471131	-0.49118225573447633
58.531674734965769	-2.2110233395246919	1.0859177525582473
59.133972822638597	-0.64269927731271592	2.270398505824089
58.20719921257772	-2.0644450071025635	0.79235434961334072
59.158396167874308	2.0107406891784918	-1.503870567282344
58.853991033557854	0.95812300229299752	-2.6178380477143506
59.532151778760536	0.38237860721245176	-2.6969203228713119
58.694875794197969	-0.93971022287544137	-2.4455522039832278
59.677114941027128	-1.3300013023459099	-2.3176537554873491
58.646929382568601	1.672244418141601	-1.4915225456066938
60.068404800049258	2.675363530731635	1.0305709248619068
59.573170771908011	1.769393280496548	2.3393237006059233
58.643478280402583	2.4902636333067187	-0.40843318600279788
60.061080190029642	-1.6769899507284043	2.2836619581084463
59.535013555201616	-3.2346619419113209	1.7197440175552825
59.011159067712981	-0.50426046059979346	2.3700962448093286
59.712252009357201	-0.80903110943282253	-2.7256310107878989
59.096434101521467	-0.019429707082451959	2.9770396114122737
58.968649347277761	2.5002008916494352	-0.55702376739170023
59.582030882520826	1.0841712953135316	2.3986702232578776
58.499846449743067	-1.613627734117574	-2.3420397783303959
59.099230999626407	-0.90192992476279743	2.8124822303742167
59.572218954864951	0.11729554463807605	2.9085902117696447
59.763297837877552	-2.0596615199949264	1.8959158477239531
60.106225679861168	-0.55405310095868221	2.9639387480436992
60.112575689704833	2.021350456393963	-1.8829405797524073
58.861224523361962	2.6351904653518483	0.73939841764902758
59.99961020524885	2.3825637941061966	0.11626760487777631
58.406017859461123	-2.5940108269820819	1.1188649602571339
59.659845293172964	1.0156317586312049	-2.3838694581045496
60.095796035804597	-2.6600040670358553	-0.75781131847759498
59.841541086775081	-0.33272995576114811	2.4509149052481747
58.907851082158615	-2.1592587959740324	-1.5222964883798222
59.410105728393802	-1.7802487430405063	-2.0281246360554763
59.910783389927026	2.574449547034861	0.20482290551495361
58.632390621532899	-0.94092636584597011	-2.3741268259373083
59.810444510400806	-0.38403835549820758	-2.6887935094547037
58.569798236005091	2.0306806976829659	1.8079689478190593
58.318848794070618	-0.58566664570536942	2.6197327214423591
59.264364500181905	-0.69827430820235004	-2.4199696044781156
59.253965005828803	-0.81617607008567894	-1.7597354094691664
59.842313478468867	-2.6981245308509449	0.73635693301518867
58.932059531514824	2.5606798721124324	-0.4485284538043886
58.958273078960971	-1.9763062462369816	0.68896320533327138
59.055732087545941	1.1794119948801054	-2.3375069442043057
58.52445543576308	0.29090934803741797	-2.6668341661958164
59.193365793400666	-3.0330290437720651	0.83187589984623078
59.012031116834322	-0.81958848968479958	-1.2703503774167242
59.757223548984683	2.7055429072110044	0.29170199611120612
58.955745105614177	1.8287218696654985	1.809294235833844
58.304104488386912	0.11980630206639617	2.928345849570245
59.821665987058616	1.155400017905815	1.9365130996519775
59.581621228993434	0.39649318340100043	2.5039613163678411
58.846569956152464	-0.37961513588734686	2.1689079808553893
59.957295818289381	1.3008961068280007	-2.2220158646469859
59.565274055329759	-2.4253852442965629	-0.42436676865486661
58.955524199441584	2.7804647606927206	0.094891791118878285
58.633760646074748	1.1896995376438171	-2.4839297807478009
59.082469456635209	-2.8109046468577232	0.96492999461523976
58.967155687576906	2.2273791912572558	-1.3686590932813587
58.916089709051654	-2.0472227194307298	-1.4308113419184374
58.662690753130953	2.6024377403257284	0.50129669575865532
60.015376253847336	-2.5761050749588135	0.62354480702363069
58.801050230203359	-1.7432417200508423	2.06764896639296
59.832431463404554	0.42886332254054726	-2.4656968292096746
59.833999533872749	-2.4025246258713047	1.3721813307150947
59.855325157731386	2.5617816294181948	1.9390724990074244
60.083095720302346	1.8612571162849241	2.0689918280995756
59.745816745077917	2.5248908803262635	-0.73158346451388967
59.968673290038225	-0.28663678334992176	2.6718244382731267
59.756705019959306	-1.7183691227915225	1.9774081918456636
58.887275149750224	-1.6328723891737054	1.9605918120367629
59.36545578777946	1.938408431773458	-2.3687031483154359
59.858258131329741	1.7658955296924856	-1.9667610119649495
59.154744499217642	-3.0875046269765729	0.2980338567281195
59.995648013215657	2.4881806976154532	-0.57966100465755455
58.781773667041222	1.3115732751560796	-3.8323349421418689
59.525524005530492	0.46604404877478961	-2.5990595335206543
58.935836943521878	-0.32153496930965408	2.905510011428591
59.549019568150818	1.9475313787063597	-2.0130848090651541
59.72608194090909	2.7544264821853552	-1.1356666049083459
58.522597217973704	-2.4332798033602154	-0.87563735081093219
59.712898378965015	1.5318248349220984	2.7733940386254767
59.906669581745561	-0.96505332309721725	-2.2298703121895018
59.863821803301228	-2.2643383545412767	0.70126415776899098
58.316991797722963	0.23528621553674262	-2.6772233188606926
59.394501041461929	2.1584055442304897	-0.59996482311697164
59.815774257742433	0.1348325239470109	-2.608812009666841
58.55542190209696	-1.594003888404846	2.185047936520748
59.338740072359435	1.2718573603399019	-2.7092895817195792
60.102077954359125	-2.6069527869095102	0.21554171455523205
59.292615546976315	1.5250775149970939	-2.2289392023840073
59.337496718053636	-2.2213735366161571	1.7358289809217802
58.644158326667757	2.6898960357442081	1.1345429566924601
59.125636870175718	0.69379941302803549	-2.7429408148004923
58.688962404177595	0.96994116610221415	2.1057909607732421
58.428750346222913	-2.7312573423189397	-0.17485717928500488
59.428880197242187	2.0795761421226904	2.1123700736145761
58.659674088337589	2.6258751781551113	0.8157464238287202
59.122825976390615	-2.3214287291992672	1.6723793168098717
58.167524061137669	-2.4503730866444275	0.68182342680649954
59.682879176195755	-0.52619227433962523	2.3691348518552617
58.498694646729099	-1.6584286923906066	-2.1308915890651527
59.73155169591454	0.035473719132285829	2.5702747049070216
59.946366681985296	-2.5137339732771231	-0.03664854196163924
59.988162774697301	0.99355835534328651	-2.2530814396200864
59.938588548921359	2.2192009628962595	-1.1129300711494616
59.254460601775797	-0.31591431577889761	-2.814911693302625
59.423548188237305	-1.1816587417269704	2.3632752621422721
59.623880500125402	-0.74409480537009176	-2.9971023092005566
58.586867614441211	5.1456902843990964	-3.0069099498403471
59.022366013443531	2.674639667252054	1.0802569698324846
59.306018440552336	1.8449861284003097	1.6065543492685144
58.657224247494874	2.258505422243934	1.2197975839520312
58.469936755559218	-2.5397796294990926	-1.3570642718918307
59.38280651561923	-2.7218629838802308	0.20966843701409171
59.600256389102938	-2.4566205426636705	-1.1058481204326107
58.960831756472047	0.1392690226202084	2.6686447037244445
58.513553331607298	2.3027635000748625	-1.4448814052258399
60.150621907686514	2.3927958383669541	-1.2665396375342235
59.154092139647823	2.3935275663385958	-1.0315300462359953
59.044873325075564	2.5231312808865995	0.013815714439833282
59.712698226450577	-1.8920869540043577	-1.255037029860568
58.222077142049422	2.609270325363898	-0.035552927882699467
58.742667609021218	2.6938706183366365	-0.57512254607978086
58.109840514733229	1.3699704944611057	2.1080349556374589
58.454862379330983	-2.5689400680837151	1.5517634973174474
59.296568805547686	-2.103041796728963	-1.1796389821225599
58.7572014247799	-2.2058020966981902	0.57715758367596715
58.975696640118379	1.101285510353158	2.4956043068630529
59.553003607591585	-0.11916717096043662	2.4952900587037217
60.230060869517622	2.1287454481883401	-1.8133901277978748
58.740716873893952	0.86004367720174424	2.490390610065508
58.664746959716872	2.5757890784783881	1.589357473758563
59.015501762498062	-0.41313385712891026	2.2163139825024398
59.944845084934755	0.13483360101563577	-2.6009378757702937
58.669079078917974	-2.2049123700682642	-1.4622380024093942
58.835167461790604	1.8258651054416817	1.8344534252986699
59.672524464191596	-1.3261884719788308	1.9159063992564405
59.622008822172262	-1.4165320233894516	-2.2581546767508103
59.041333292157603	2.337479974705587	-1.6131466684545768
59.399943789240794	2.3573161836084182	-1.5990350863054297
58.420938588987035	-2.19946594540927	-1.4027075092685879
59.778368826164886	2.1814093297378632	-1.9015225428621765
58.438612659148816	-1.7245148000516644	-1.5609341892538684
58.495818409876215	2.7050192600912295	0.31233017042099676
59.247285061731851	-0.38649406878883297	-2.7388160483354604
59.074618008894632	0.57749311756278143	-2.3047970422677961
59.987670119497402	-0.98782326257653796	-2.2021148646782835
60.114792399913874	1.797599782677854	2.1664809721953922
59.134189298381109	1.240340506028317	2.4588100359388014
58.303162123046327	1.6109546598774014	1.9905209754139797
58.661385305221792	0.11811619000313425	2.7891004346547601
58.304777903412116	-1.1549883331724931	-2.6506205550535773
59.014368862442723	-0.41593822888287152	2.3163823169908322
59.494381087793343	-1.5485490728440763	-2.1057152638081682
59.474041047596636	0.092309142867316854	-2.4661270036616521
58.361080740416227	-1.5514755989095386	2.8302972968269726
60.105394798873661	1.5488531742271772	-2.0269276451574423
58.53568478956602	-1.1284732563276885	-2.212405141418218
59.453333523543549	0.12502265355243877	2.6471885106011825
60.252136841742363	-0.72489432554145716	2.444904035711021
59.910904624761514	2.7288993108567721	0.32901212113207973
59.040090891255055	-1.6586164066845372	-1.8729207787098181
59.168791059862762	1.7673838684457954	1.5001862656746772
58.794188887518331	0.21278291210177908	-2.8220971296745825
58.520798963247728	-2.7422793843972268	-0.94922484931060513
59.015511454475352	-1.2350320234130572	-1.8951953665817352
60.090253741045707	2.6670449119954092	-0.62241132723052317
59.285253166862383	2.3957591531178593	1.4970520370711979
58.501556013816817	-2.5584741079948148	-0.2347315101000105
59.993160051439602	0.7244866419046484	-2.7532512738692958
60.000667975633057	0.48657103707265464	-3.0385171997672846
59.873941133871355	2.1889207781054592	0.57450568906381194
58.926447609382144	1.8182550831146431	2.3638025359394992
58.791617846127984	-0.28175549235147085	2.7119246743228653
58.814992357799341	-0.38761453644395782	-2.3278784247865496
58.963197862053157	-2.5004408399169717	0.78076820222683918
60.185157808090011	-0.43543818778564075	-3.0829594878116056
59.616880672428664	-2.2234597805250207	1.0470963710115186
59.881560247182072	0.37323802608804146	2.4951025769589115
59.655659572899637	-1.8949694609486345	-1.2194528468643882
59.207393603679932	1.4041072296434116	-2.0316244298844262
59.233683248611854	1.2251666514171629	2.7483815049250278
60.157415463347832	2.1625207549326548	-1.3303005188693098
59.461089640668902	-0.90103547773200166	-2.2892943549672031
59.810091108798716	2.4824868365197914	1.7134145555364726
58.848446514520887	-1.9309717487423854	2.0012818498358476
59.300285193637492	-2.512088773239749	0.51182018925618389
59.92301829718869	1.6349789165327426	2.2774465621483255
59.442169217929411	-1.6625470446988526	2.1982760887710771
60.128404025393515	2.6002006877513613	0.23401061242488305
58.732031512946151	0.9367044172747977	-2.1033761141357186
59.368103872806707	2.5941978450519745	0.79518047992560248
58.554067521427591	-2.8234799715995451	0.44897148668217657
58.648812332861858	-0.45622242091330772	2.3543061752293486
58.592752226938167	-1.4166899235326935	-2.3249455563168167
60.062836326985455	-2.2855535868117669	-1.7640442438907762
59.110232052762107	2.1122561812275431	-1.6986507250308549
58.383097866096371	0.50937455431796297	-2.7515443960881152
59.104248254618206	-0.80168634982877907	-1.6805215374008959
58.861913225954154	0.80458190162743692	-2.3818272363214059
58.751769284261826	-0.21808190615195222	2.7435116048930386
60.068970619473902	-2.5203240241479441	0.33259857879213572
60.054821760607261	0.82245190626044229	-2.3023438951218922
58.262520557803064	-2.635750841324763	0.45671923940869563
59.955152130924255	-2.7522088963287525	-0.10105385018527724
59.461749785219638	1.7074253844114324	1.1242562916014855
59.497684806535801	2.3269625004948691	1.6877531555264051
59.306442889997705	1.884525152349527	-1.7982078229776768
58.74421977980046	0.67239910888647725	-2.2693410591941348
59.077384952554688	2.6389740204167493	0.63989669077112965
59.713344971524407	-2.3585397227740943	0.093416203627722558
58.638913716660056	1.3754062545849501	2.357944556469366
59.781488050120075	2.2878654014868451	1.1573394697648252
58.800124706948317	1.7071828960502298	0.74850121770207367
58.438367578761216	1.636412704671498	1.8850752496609748
59.750664391132062	2.6826989036729176	0.26881050505702497
58.603681429010344	1.6812793788962914	-1.0953192804153713
59.175182379899198	2.0007091434858104	1.8746415837747064
59.63959854053666	-0.67447912983013858	2.3477748782038188
59.992734803817072	2.6301570904340439	0.13855402939649561
58.893641772182455	-1.8026237462001486	1.9801700403564135
59.141127527698131	-2.0558601655536735	1.8444875024068448
59.311628345283474	-1.2483672605224945	-2.4212260558897518
58.39962414822746	-0.1975379024358572	-2.466551057605693
60.053208314124703	-1.8486868970841552	-1.8547292532366337
59.660919077318418	-1.7397525806735674	-1.9371524858306062
59.45237081853972	0.97643021985926459	-2.3712010077025165
59.719762928832559	-1.5852035233042758	2.4480922841665405
58.481394083868594	2.0274779330665718	-1.4547789897009036
59.708150292175482	1.1829877834815199	-2.1378274905693093
58.359430986355981	-3.0119481169633189	-0.37526543746800023
59.14693244192275	-1.5674838867407734	2.0702938526227421
59.541237739676546	-1.3948510969461141	-2.3526405617034865
59.118141947248255	-0.60154061753862775	3.1541165305501959
59.498181403680931	2.4817911045687464	-1.4392784911328238
58.695505447567442	-2.5522778225403369	1.3707430355406771
60.259538509228022	0.22990148437047042	2.8760681252387714
58.48500420851456	-1.3643327840658219	2.3587809410178866
60.033396994901871	2.8959314275663419	0.82903988372096071
58.637358133947181	1.7672840718739078	-1.7679813193581362
58.207386085840838	-1.593051999494923	-1.9270507156399661
58.70504967363901	1.710669982225381	-2.0587017441840314
59.718937422267608	0.11065726948645756	2.3821731514020401
58.983006918988352	1.2269112636372623	2.2002087638088712
59.966967181949549	-2.5798149570086153	-0.080601328920714838
59.464761859262573	-2.6481745244296224	1.1066476636255635
58.481144890762842	-0.37890846951865398	-2.4831418576343625
58.474711794307353	-2.1711793436234084	-2.0620715215596794
59.964260776145508	1.7646640290883728	2.5512287549158157
59.409384579886698	0.043345086270181597	-2.6994654846759669
58.840037643271572	2.1002603409402965	1.6918725470420233
58.445723276366103	1.9911832174167254	-1.5161979500757305
59.379888368339671	-0.14247300322493719	2.6970985036243751
59.182832419207919	-0.60559704282630222	-3.1046344047478711
59.931889316819728	2.3477260743958208	1.3493926487424528
58.563593675120018	-0.30199709194994401	3.0164500517722441
58.451987066573594	-2.727252121658176	0.40124888234010536
59.29644428650834	0.58294735372802053	2.3459383614370068
59.180252745716579	2.0563909434629983	1.7301503119394614
58.696689205365324	2.288113938488221	-1.3417999362206425
59.778559320956845	2.6041601378075763	-0.08866789485082531
59.979795737562192	0.99807429574711626	2.2922634250058795
58.36956846546984	2.8608865679227287	-0.088802749323628208
59.440441012343634	-2.6144475972403427	-2.3589759951348479
59.878090299857455	0.28979311914395739	2.4266282857604278
59.303208038346973	-1.742941432314415	1.8747262555127178
59.485404012599012	-0.064701497357260523	3.2581793903933942
58.493199290838817	0.96105640867932507	-2.7560659110191441
59.943530250030669	1.6581424089865786	-1.8114048155724958
60.063525924735998	-2.6935949428101962	0.25904190213118877
60.16440722834335	-2.2677623820837844	1.5803165676611817
58.944912179316745	1.4587004268492278	2.3972856114070886
59.681618691260695	1.6921865755268635	2.5446283925853876
58.973219911960264	0.26241347863237152	-2.6678638061421904
58.995162251683311	-2.1298067737392348	-1.0723380136583076
59.723326787016894	1.1181392387509779	2.7842638449769921
58.335489765640986	-2.7925608684446761	-0.66192374511138885
58.952585867607155	-2.1352928663949813	-1.1580328088592837
59.714956513771554	0.25987096221478478	-2.8331403731395954
58.543826337656895	0.93092093975472368	2.7838266572774377
58.892130547493082	2.651278835250225	-0.83654896885650043
58.67320412901821	-2.3775904633494975	1.2437120510568027
59.823667829548306	0.68134377257028567	2.3893108128766678
59.52448330718827	-1.7420240948502617	1.8259590174428084
59.067052716327488	-1.6876884104820078	-1.8070414546210434
58.71452922785776	-3.1266612542785586	0.94368826314442511
58.218704090243897	-1.2243237638192752	2.3340581607350548
58.056960280658195	-2.751609356390746	2.0226998552602429
58.668288039704571	-1.1979917130525042	-2.1032259218944072
60.024274378068036	0.48532175793152016	-2.5501787058789751
59.902070194018116	-1.9116057860579787	1.9106207729477827
58.993556083207608	-0.76400547230994187	2.5832768971508915
59.365623408444762	3.4762412473979327	-0.49297589210293108
59.578317183271551	0.83722097371385429	2.6416992343458094
60.083408534172918	-1.772857492734061	2.1500687889296568
58.35720210086788	-1.0118399671433111	-2.0394086807224499
58.460919226694386	-0.95974818056750932	2.9448123937471351
59.416916325206223	2.2815352539069185	0.81172398592489636
59.110081246358732	0.34733541086117597	-2.5897375481837788
58.387079290437299	-3.2352909670365535	0.43314502440958336
60.036797034921477	2.4225099759772926	1.4334555376026639
59.686229645109094	-0.29739835726105773	2.6859742827993482
59.82697764001778	-2.4286010840645282	0.63506752522082899
59.87625086713691	2.7868356699235051	-0.16834116855830691
58.678959846639323	-2.1351942590554591	1.6577097373650678
58.567648507813161	-1.8967665986076561	1.8719750514404978
58.658789717953347	1.3305131412965558	2.2434786343260078
59.624337240390233	-0.94236835763080773	-2.5069514644983841
59.801020963913501	2.1678798974054749	0.44659153301190863
58.267155741300648	2.2662101540037844	-1.0772563620871178
59.981610376067906	2.2439855086298066	-1.6538470867532094
59.467008600300552	1.954108116191267	-1.8607808881217691
58.280853741609548	0.63394238961179916	3.0695384579261211
59.451530882332456	2.1500136788975897	1.5555359517089358
59.440587599697288	2.4755158430255397	-1.8611756031760671
58.995547779080056	-2.0470690643059726	1.3863172105330916
59.47819126151407	-0.39082444585222753	-2.6122826788270084
58.725777033009109	-2.4489630488915197	0.91205381990420575
58.422779885764811	1.2487000999965525	-1.9377585394814154
59.134771721903306	0.38085321050865484	-2.7185089751106792
58.789773900521901	-0.2462623013883638	-2.7190555988744807
59.91876218700002	2.1008604083728328	1.5841139295432365
59.613388891772424	0.82631756270350143	2.6890072766168607
59.484466884269807	2.4219193161991561	-1.0094199916709841
58.238355074066071	-1.754354365924504	-2.0894474913164287
60.030675260441882	-1.9907120960006541	-1.2882941692478458
58.593873032270437	1.0805768760265198	2.0395659845820031
58.606374363135494	2.2070087236648765	1.4940203785826758
59.39468844554218	1.6573213724647351	-1.8315784550657994
60.090840171083364	-0.17942918013994175	-2.7549621444916066
59.443123065458728	-2.2108451481382576	0.75079028591919728
59.856139444579966	0.9852362600120651	-2.5266279933835625
58.753492650045153	-1.1751765271175842	2.4066152481273742
58.658668633378063	-1.5871411761734744	-1.8718615587327521
58.521354672412727	-3.0351272574474799	0.42312796189362417
59.874818049388082	-2.5692935459165738	-0.9205169103155223
58.663718703099804	1.8259950396870175	-2.2141140263343608
58.782926900288601	-1.1086318797036048	1.7388855517172186
59.747719677679932	-2.4498831562969574	-1.7122621464302643
59.12347116487561	2.5959537371376777	-0.47156622175797358
59.558030395481573	-2.7229003891693542	1.1427617995170847
59.956955416476625	-0.16714392161798852	2.5065078774530765
59.030296235507429	1.7104099308705505	1.8342333626512985
58.721238628501304	-2.3712941705908688	1.5480562876429333
58.342540999994192	-2.2861209420869399	-0.17066440209682374
58.78691694873735	-2.8432794183725258	0.02470487986896264
58.511798449729177	2.1597408497328194	-1.8632628599380427
59.307111597552066	0.99552190822200015	-2.8320948106242207
58.467844082892341	0.83160992198186723	1.9043302535620259
58.642241307364529	-2.9549568548667362	-0.34360259339655119
59.763405621656375	-0.45224273047400676	2.2600250652032714
59.922055285705909	2.6703093207942254	1.0453006753559866
58.844525543456704	-2.536896690115197	0.76640869616444096
59.148450121011201	-2.4876332594157162	-0.19949446672742116
58.909690003371075	2.1665063559798505	0.3182103836746511
58.445888985345604	0.25924892804028676	-2.4620058645763852
59.963723503737235	1.6257225791959722	2.2800726068914017
58.919374594212762	-1.2129830199305403	2.202036207677883
58.731263349352545	-2.4885763071227029	1.8392146889999097
59.740565751358083	-0.24654040745112349	2.3298263852616468
58.545308374881614	-3.1807400651206916	1.7126134765071512
59.206106192799794	1.1853053488695298	2.4139530938568812
59.89042524667974	0.87133236277232007	-2.3199142912175974
58.990791385106959	-2.4770151296987031	-0.18154015854066888
58.663618603173582	-2.048017797415965	-2.0732814990290631
59.820995079717555	2.5821812024907342	1.647422849829171
58.635565844496533	-1.6910205441470165	2.6071399153992809
59.048698798144279	1.233643252683476	2.2870891867824192
58.641158038602271	2.0764432545752967	-1.8241898503859491
59.971483749113851	1.6575452520344927	2.1109972867102957
60.186509437520037	2.3085185652378089	0.53788747483685562
59.049000866385789	-1.9500864973138408	0.96336390983564857
59.219945971739421	0.22913799083521078	2.5463852900357198
58.716688520583197	0.15149677348691118	2.9869343864254758
59.875226644792555	-2.617428608317355	0.67483796577885402
58.659824226203412	-2.0076061061624033	1.5979756799788698
58.974581521363696	-1.5266701358523578	1.7139252852645812
58.829617020182866	0.71061006518878989	-2.720079410239558
59.105387894758934	-2.7159924188939866	0.013949132475467821
59.445808064606496	-1.8606581803262561	0.75041129770250858
59.94363700447466	-1.4060133689102965	-2.285398875358021
58.409609494278207	1.0474941296472773	-2.4468671893144802
58.401614156344273	2.2746899255790689	-1.6965523726178813
59.820412613270172	2.2711428883099556	-1.7714630132238143
59.278175533932291	-1.5224675611350877	-1.927408844227636
59.983253624909324	0.69304369782854558	-2.3522373706554909
59.867070798809742	2.5672317722705271	0.50043987615669838
59.710621277156093	2.2335541029630903	-1.2924495948193115
59.536686712704864	1.2618792250010478	-2.1838760316038761
59.86679673432225	2.8791106536033433	-0.62343876353249106
59.939448387080077	-0.56738345549916358	-2.5441431856954244
58.990895268771098	0.61069449836168588	2.5154422168340473
59.515433978258379	-1.1354641714433145	2.4143123108596525
59.008952386400772	0.91972540306834782	2.3648462276443789
59.840355266528853	-2.3586539172512304	1.0027113948254149
60.075823304732495	-0.089409385361555752	2.4689109110027316
59.0762346167012	2.6110542896713991	-0.24551860577245596
58.796673856966329	-2.5676670527280381	-0.75319073160502881
59.214938759395153	-1.2014991320557131	2.3225964945671986
58.667746160115186	-2.2039749393742172	-1.4894268806706255
58.382523057773035	1.8451682552029722	-2.3132162393759916
58.829756291572963	-2.9116839378252175	0.14826374996998473
58.980544214806244	0.24066010639990329	2.5954038812200801
60.01406662643997	-2.3874354464562608	-1.4280207521531791
59.845569486434343	-0.70141597235919373	2.337996009870376
58.917216985069494	0.97694903521792342	2.2856626083453961
59.795766521260468	1.999978147883172	-1.9709462061135465
59.937290155498999	2.5138327322316942	1.4354469359788455
59.488234546259612	2.5154471395198321	0.88309620523960342
58.609197266642191	-2.2647837641762938	0.74452871506496032
58.960746320275369	-1.4088595391207981	1.6767673621723413
58.865339308958625	1.3211396702858331	2.1673530350856938
60.188389704896416	-1.5719440405474683	2.0356535425313091
59.187088878336858	-2.3319761778459953	-1.2424133604081193
59.794289379162151	1.5709634428263748	-2.3409446360023836
59.329446668198969	1.0507263131319426	2.9226871771503875
58.547044393958025	-1.1935965449252284	-2.9500665273959585
58.524142273273483	2.3069305930725523	-1.0292436012586494
58.270643866171994	-2.3556184311084247	1.1224753105250893
58.755578723409961	-1.3152854885096885	2.1119171760695039
59.535812716828531	-3.0353623769282891	-1.2752125465210078
59.325486015387042	2.8708322120628651	0.084134695345880472
59.912878470020722	-0.64130250264583089	2.6052684169210201
58.396355676535393	1.6698627382354363	2.1436236564578008
58.730877267866894	-2.458130451272142	1.4201588432933059
58.470825152885084	2.0020447350640733	-1.5726182119117
58.458720721870748	-1.5007328064945058	2.1171776191132614
58.494323444858203	-2.4234254799849686	0.93118686977712506
59.425031760669007	2.6481931138469088	0.045797833460333656
58.702627153764553	2.9756645564671413	0.43209771678247982
59.778996276679898	1.9400034296475801	-2.6665105657350496
59.146800798092464	0.26164055236836964	-2.5696061223148581
59.453164042728702	-2.0759521784857498	-0.5417757051101737
58.557085338188735	-2.7770550536582732	0.59296980371153429
59.604883171896788	-2.0126055486414893	-1.159137885760287
59.350521025848472	0.53280923945895553	2.3371401167619514
58.698480741546263	0.18389749883372541	-2.583519105293925
59.452386394954424	-2.493403313076441	-0.61281872864082854
58.762881089471257	-1.9256669409285425	2.3515146649167193
59.756748864336529	0.79285636045828045	-2.4560641120342996
59.300284469680349	-0.1409651501593169	-2.4431880586557697
59.940067717458632	-2.2645089320671734	1.4643164227759551
59.632722172989105	1.6921378491849146	1.7671945575331305
59.826817400196994	-2.4690840468979216	-0.84661599457849701
59.419858167540234	1.627605826899116	2.2422094563495998
59.192100477779661	-1.8427533918969072	2.0413598013025829
60.060753915760436	-2.0130120470342678	1.9069885095007297
59.249278562559347	1.3291411719948603	-2.383620561154606
59.537536052196693	-1.584763263145146	-2.0941531183618554
59.134312160019157	-1.4482599524954092	1.9979336539656343
58.795630051296548	2.8072992161882016	1.3449205690982908
59.096938561211736	-2.1977694178349623	1.2758645724908184
58.876036388343032	1.4998592042680865	2.0804021502682435
58.845432670201326	1.3267500321052426	2.1857186122026486
59.338297565676676	0.39672215507985714	-2.7158419228436337
59.541129829430901	3.1976606841952488	1.2200586348250715
59.696765655156568	-2.2984369966774501	-1.3437090469648003
59.133881103723802	-2.6135688441192229	0.023128985248763865
59.755764753960776	2.6143665917542513	0.5307869207380842
59.954381063203876	-2.1091782987070991	-1.9168931886916727
59.019640749575167	1.6631244718893896	2.180186316605405
59.187826051934309	-2.6265198408410337	-0.79707668417030575
59.462593628934897	-2.1530847641350679	-1.8795889073530188
59.991271531582413	2.2799112573512335	0.99446585386991226
58.249853442034293	2.3843185852461981	0.10930417346045537
58.398570370752601	2.7804963415909945	-1.473346463672597
59.197068206589776	2.289771186143942	-0.98182678124707756
58.607787884800352	-0.029828399096283337	-2.2655714504645044
58.761157944518203	-2.7481189022460315	0.88844039378381079
58.554476177964069	1.6789331836754697	1.8947731969567725
58.775618340247966	2.4456515799002578	-1.187334880095898
58.264015251838757	-0.82003602547881282	-2.8143006418474368
59.348788599167634	-1.2377219425558761	2.5677637448397044
59.479199141170376	1.3188355171463886	2.1228436130339374
59.779680654178023	2.4520709233051425	0.093101773385180539
59.195799286847844	1.8732192643035979	1.7313947209272296
59.99646816416427	2.4335020026797127	0.27168953535750867
58.88776029851433	0.37938039896902026	-2.5720983346086435
58.958877819137776	-1.814615726334416	-2.1309708596649077
58.544251081575396	1.5176436510784013	2.455577205727022
59.511005876542953	-1.6526996934111136	-1.9622237539343017
58.57451854992037	2.8642289367922098	0.98769942364178098
58.456490139853635	2.7656706459969795	-0.37000747524411526
58.559738528723209	1.6872009996850368	1.0965740001639477
58.962498169676479	-2.5850370797031617	-0.44946142334958145
59.907705002800142	-0.7658264329966018	-2.0479892136892537
59.541220454151805	-1.6912484135856938	2.3548519219133364
58.306151098053597	-1.3652832562126183	1.846149276664361
59.177374170441063	-2.6973444398021882	-0.22931096960933059
59.373186903915027	-2.4448610489567257	1.0389175799825621
59.287259217707238	-0.15609101564785274	-2.5003253864664443
60.104880856173232	-2.6641251627226654	1.1003604805712319
59.778279905395721	-2.7614226233133774	0.21167690618701002
58.851052809689058	-1.2511490054116006	-1.9186850616879256
59.01965250761593	-2.8729363634560174	-0.33120746464113865
60.185528335871524	0.69380231720546726	-2.6917987964326886
58.846849269924135	1.7586349691486729	2.1696026494839442
59.284276307566735	2.2636747099670718	0.60956573980680784
59.680751134619598	-2.3463541350194097	1.3199303117803112
59.533493532586782	-2.1473100701820673	-0.85429832105290759
59.383701691800773	3.1459846312368773	-0.19852718204565817
58.725965718479728	-0.5820944720975928	-3.2421903582327101
58.349106414074953	0.36586061009165555	-2.0662797131851289
59.825519688651646	0.31558978771334467	-2.9277352019898011
59.178278705804708	-0.78937593092054215	0.75733237424062239
58.675712610938739	-1.1928965357496104	2.0817433552316196
59.725046317271655	1.8517110516607265	1.7001325063544965
58.619441600592545	-1.8953654692932809	2.3225420833254122
59.724612035506148	-1.6195654094743577	2.0027828698566092
58.819859504554415	-1.8228764283774248	-1.833246960223331
59.172737698724184	-2.8489879035524286	0.43078383977190521
58.843606414314699	1.0139525152852416	-2.5818417535041096
59.705122957596195	-2.57652733112204	0.50888701099907974
59.298084871893408	2.4686473955449864	0.83802868389211949
59.56966088457385	-0.90378671063888538	-2.9844403879832675
58.604116070510791	-2.19483368799925	0.64344170470934381
58.809419973240857	-2.5350732422444575	-0.9290852571862277
58.572573778838077	-2.5070514751062709	-1.1024364159866487
58.7736155889706	1.7678419086813402	-1.1833124749026163
60.026623137041973	2.9472229191694455	0.9573028200410324
59.94610948409057	1.7236411293913549	2.0862692956907947
59.477865898103396	2.7104439641153513	0.4639074023645921
59.194735901793948	-2.3219401186971096	0.11843842075937179
59.552358233090466	-1.9663821797897714	2.0982984713518862
59.486035125852212	0.55974079416538969	-3.2503262099476715
59.535127289640243	0.016977222034295473	3.0819089369756592
60.064260493675903	3.0216883620149377	-0.27154523416340598
59.244018817537409	1.1013704799965534	2.1428127345816299
59.755054823660444	-2.4935646635688546	0.077230181508088844
58.384719862156132	-1.8658423167643443	-2.0767708996140244
60.283178088307373	2.4998241292217913	-0.11469982142487135
58.230848983388967	1.378559463247782	2.0852771430693351
59.260381964991524	3.1271338515403944	0.27293176402355052
59.736377086231002	-1.1032124261808314	-2.1865893000247296
58.47467956365832	0.55537696281108251	-2.3587278873333042
58.27227774663934	2.0891180308391157	-0.11814288172701889
58.792807630602681	1.9756737694428472	2.0065180631563884
60.022732522281885	-2.3662327460652657	-0.75423210022756537
58.98598499858565	1.9206772674719879	-1.3720075448004214
58.753069276729775	1.9423895141353733	-1.9694432811165217
59.386734271654959	1.9241423152878554	-1.6160607374181781
58.773134985698569	-2.4592914383050433	-0.76409477739370479
58.786118750390287	2.8001884413275873	-0.99133241945909645
60.061155347100325	-2.4862677998394846	1.0378336899326355
60.121548499371556	1.1310016792733195	2.5063503853478477
59.422075362378983	1.337186148994334	2.4035727065415329
59.989455654978549	-2.7326170120751994	0.6119523611335802
59.616824976144201	-0.32564890000410607	2.9148176348901744
58.699394527906144	1.9917645060071214	-1.9709032828044024
59.211900868528907	-2.7182375393241656	-1.3806755972531928
59.264965626192932	3.0478848205104141	-0.30849623589626124
59.502931200144907	-0.1958150423099925	2.2164750486376188
60.124331551222788	-1.4439462413928776	2.2884288223951619
58.692188434573325	-2.2938395591981791	-1.5821694128687918
58.700101036640483	-1.53594268059587	-2.103969941926962
59.221602413724447	1.2092550796298107	2.8306208878590722
60.094083552616709	-0.41321278396474154	2.4961454310221298
60.111515826927146	-0.99865799858680426	-2.7806703707634264
58.633229236063357	0.88197962263934759	2.256077179451474
59.95135767942228	2.1353504891370436	1.2970399285052299
58.610688823927248	-1.5157332079504711	-2.4135377303811159
59.440389892489968	2.004396899583853	-0.67343807501944519
58.85999054020396	2.3472324743482988	-0.79478028556134173
58.723370993407997	-2.735655478601029	-1.0528257420834433
59.57849844748722	-2.6366465789133637	1.1887332395742098
58.54028121275136	-1.8795751198886246	-2.2451302391150909
59.351800029106478	0.41203705030870802	2.4375890469736619
59.279367050911652	0.87521875968815799	2.4723984892080528
58.896048064533659	-2.5287546288336431	-0.57674520199377943
58.817935617391534	1.5294062548890215	-2.2172957099280679
58.994079582359866	-2.2601928213424318	1.7364230404929286
59.424384962145766	-2.7443522567122902	-0.18619135890167832
60.08023934386906	1.6212388217290197	-2.1209897739351953
59.362801591531955	-2.4504352266067073	0.89811022408451358
59.008592782870885	-1.4582582297034687	-2.0397450150354142
58.924543839299851	2.3894584957008931	-0.96806124143701466
59.711432087158251	-2.3199320725298076	-1.1848089295497484
58.555416810130318	-1.075728465959771	2.3879980735576409
59.651709088217792	-2.3263627109968348	-0.81489934491175675
59.350428533615634	-2.7342174500954859	-1.091767206981173
59.628927323464929	-2.7271818782463724	2.0098014988931063
58.942938272309931	-1.923575322195495	-2.3280981120128037
58.666328976345483	2.398167578899296	1.0978232357693849
59.603835502462971	1.9206729318505489	-1.8179136363393009
59.917533919755122	-0.25888600524790983	-2.5625123153967597
58.394425290859289	2.465353527967121	0.40950375902729946
58.342019321255577	-2.6541327940489476	0.36812835253639548
59.351223993553582	-2.5535617338997847	0.79033442478957516
59.193484784374725	2.0026025729553099	0.47083503500734408
60.606465006787509	3.1796787158988979	1.9057151220454434
59.179233704423972	-0.89735903502185221	-2.428705971801381
58.615503207094385	2.6869011116476496	0.97623114667446909
59.216585186781145	-0.45423303503397527	3.0737296872741449
59.55697214002037	-0.21215851046923537	-2.5977801628594719
58.692065103402264	0.20850438468649465	3.144426719896849
59.474902724293045	-1.2387151615085621	2.2276653285641852
59.924054888522768	2.2074069836398702	2.0186623660096306
59.153360164756407	2.3728636381192647	-1.4328159260455322
59.121749592139928	-0.10352781616790538	2.0696922119731602
59.527743465570474	-0.26007525041911173	-2.4989830604606058
59.199784098746427	-1.7454282069727698	-1.4574855258517905
58.606607897906677	-2.7777337948363146	-1.5297205252832016
59.886899466387355	-2.3649647407419345	-0.44694946340064573
59.006455806809008	0.43737343477999469	-2.1703736070543691
59.710654129978487	-0.013312804152913459	-2.2106450532543915
59.068064084321428	0.085450718893395922	-2.2520843334633116
59.927851645701175	1.6759472968327931	-1.4503989426893469
59.031122640252399	-1.0652885208034142	2.4420036432791163
59.117769556374263	-2.1287851147267691	-0.38803041561637774
59.275582730713502	-1.9160394588000702	-1.6031544713426471
58.50818787535426	-2.5596391632754405	-0.35441039397957846
59.464932846733845	-2.0449349272439119	1.140442127467038
59.533795380374279	0.46326373815716498	2.2560449473432147
58.523777271479268	1.2610674908313748	2.480833929501236
58.486523597945165	3.0116240015348756	-0.079257774688713159
60.051712983307176	2.3318804980518992	1.1833145438073778
58.720851783511876	-0.063563918619841342	2.5512517268019339
59.390236590723845	0.83883045108769261	2.6247966579436981
58.397912277331365	-2.0375693610873502	-1.4442576556865463
58.239023487436107	2.6700312191783144	-0.12447770120545955
59.987427229367221	-0.46862002602110808	2.8399781731503766
60.162233789751312	-1.6258698203222233	-2.0056313661652667
58.626748283779293	-1.5056937778002195	1.8981199229492545
60.059984753667585	0.054941625244348542	-2.5749960385204091
58.433848742888955	-1.4621820790537641	-2.2455108231598078
59.598823942689286	2.5273960956142001	0.8237799736399698
59.929707400254308	-2.7449560666218691	0.68140119584501846
59.705022908254406	-2.4503853577494401	0.68511775335093472
59.977285303699823	-0.24673654145458684	-2.8222899676365016
59.120092350113218	-2.8116006383681471	0.2229724269942524
59.397511497212776	0.029080927084646439	2.3501697211046997
59.16008339187325	-1.2413430903119851	2.174854120705263
58.82873083637709	0.86102540962660534	2.0325429115204958
59.693655188534201	-0.73296340609260968	-2.9039995344643947
59.259471857545236	-1.3114638696101448	2.3214695536532122
58.527320507759342	1.6988310741957575	-1.3464225920779829
59.122089093058229	-0.56554568840303443	2.7770102465655118
59.417326515387145	2.450928615929751	1.1234860686566279
59.29054917074577	-0.49373160381944725	2.4238622806636365
60.052873460231382	0.17220876471523844	3.0475831141772649
59.038780432277086	2.1102763480923299	-1.3259335975988658
59.867062612516101	-0.51364771407728604	-2.3461749262902925
58.49648870462444	-1.3159324842199935	1.8596517475161396
59.860040387755113	-2.3169921105676989	-0.19175177810810226
59.757072834034453	1.3371580357471125	-2.5869548334383001
58.457257229882643	1.767097435544289	1.49619526221957
59.072213277926153	2.7880692675600618	1.4005368463674286
58.506340099235878	1.4513095021101001	1.9988730292157835
58.719142121103658	0.56507367278833553	2.227519058042474
60.033340435974772	0.17879252767461465	2.3947591125057639
58.996340053075116	2.1869335902222047	-2.5005601195929734
59.206280152146782	-0.052785134290224092	-2.43604098955631
58.774204669425863	0.42829871127331304	-2.017499346019159
60.051233197922272	-2.5965407490344155	0.78806434864956121
58.977071350104012	-1.9856832626384702	-2.0292574062151516
60.098415195563653	0.50632929868104637	-2.6425406669008802
58.942332307408428	-0.81088663212540202	-2.5070597294740264
59.021688389266757	2.7943208692753552	0.57539274384588879
59.988575346075471	2.0223952492574302	-1.0194441208611928
58.3486165118413	-0.39850164584306025	-2.5271269308303372
58.813997345869645	2.6950677963376508	-1.8626025078356674
60.132513493978301	-2.0849383534151511	-1.6104853653489131
59.285749216151935	-1.113570160340952	-2.4924186347367603
59.44890798570993	2.6829909074312677	0.360382543403995
59.993622610057315	1.4029443011909488	-2.4389316518442636
59.079690007802554	-1.5424253963340244	-2.3036527892472889
58.803779304063028	-1.4725087998921307	-2.2156478075961035
59.056537228542744	0.93844818535097807	-2.2479154165942998
59.66672692497734	1.6403299654527723	2.0875485630364818
60.064322790124812	2.7970689947909162	0.091371606291107757
58.46379804703998	2.3472117274531885	-1.2928919319492651
59.601983166067129	-2.4042658775090984	1.3156879374987962
59.128001331108266	-2.1180271082139641	-1.5479206391586817
59.406110999191952	2.1587343680490982	1.2742647040623991
59.364571456731831	2.3620862707732129	-0.99402991703153443
59.16228443367546	-2.7024262588030332	0.54439916394475085
59.283952489407341	2.3762685496852129	-1.684623926935684
59.938718613850362	2.6568595197593581	1.0992756053866934
60.224652705190522	-2.1210490306421259	-1.5340169632852116
59.621106105193242	-0.67636922610349626	2.702725144953801
58.431851611938271	1.7103580240397087	-2.4399161759720749
60.151817467588565	-2.1716665475602168	1.45835756063564
58.578401705694844	-0.25714119048521977	-3.0317780628005688
59.375379201767736	0.8028987741577237	-2.5786038476680049
59.300594054267144	-0.64387645325181386	2.9115390929945155
58.923459784720912	-0.34072335108002438	2.9882633428672682
59.036106100284954	-2.4225717975747325	1.6367951105722938
60.234237471318629	1.006249096223288	-2.2291514617957615
60.082994929119671	-1.3266728140015647	-2.1982367980567581
58.786010865410013	-0.4037578194579251	-2.9150750351106982
59.234004909814601	-1.879370181632479	-1.8760539733507076
59.743792639399373	-0.51023646028933178	-2.6514623853448223
59.205674664052438	-1.7888237852710716	-2.2994866676026544
58.751010654843853	1.8063103702226482	-1.5816983395356565
59.695782702161679	0.82067539367694897	2.6649643737778685
58.574944990157697	-2.4713258217989451	-0.66376874370546179
59.830309246632218	2.4546149995158237	1.3328945268809416
59.085171498263769	1.2779081026489281	-2.6298985922115761
60.100371331844023	2.1340684906314831	1.6004309295642776
58.716425567287125	-1.7773091960963656	2.1749698970394071
59.7994402096014	0.62181342994396782	2.4195968568159376
59.56207608415928	-1.9608429444590156	-1.6583332400744795
58.718171299813974	2.1329859482199498	-1.6153175562763211
58.47396818259098	-0.19314970800759654	-2.5742083753337557
60.104783843425622	-2.7703563572535788	-0.35024491379333028
59.832509067538965	1.7912989387371492	-2.3983470001919684
59.637374161782354	2.4141506508461519	0.5002957606294921
59.528880212043582	1.2324084538289619	-2.1475418528714854
59.410814170602386	0.65725034056305942	2.6238806127060688
59.640085098830149	1.3268434490254197	2.2959405665042141
60.011293026684612	-0.37402576820857769	-2.267775530741674
59.782351758061054	-2.028776908930221	-1.241162268838609
58.2488862137849	2.0516353974956805	-0.24001306157951416
59.933611004233192	2.3021336979258034	0.33063711166170506
59.532051149345911	1.7030093250385732	1.5961011698509824
59.416704708359589	2.0761099008790973	0.38344743487134864
59.187282608419494	0.23035886480672446	2.5980074684410739
58.949265914512189	2.2008488667813779	-1.5438670313308476
59.529986386945609	0.4059328314507496	2.4111328220869055
58.675132502798775	1.3339450684890122	2.3268122403992604
58.195141476042728	-2.7222525126829118	1.0964435350839545
59.996002560586398	2.892900154508105	0.71801559470983056
59.532608671824356	1.4457214796535522	1.7766603064669102
60.188685704562118	-1.3508863870607457	-2.6082396063782913
60.067322834016686	-2.1105517090320483	-1.0326769796513013
58.894953398911987	-2.6148697677717307	-0.35069255473039518
58.613862357733076	-0.012850400242178239	-2.3488489079262242
58.664719444374661	1.9484682468781691	-0.94129762958527063
58.679726062311737	2.8358116016884871	0.090726350143201517
59.80170500693535	1.8972218154567735	-1.0134398394169435
58.559086495959448	2.5206112893018382	-0.21956824312693418
58.225289883765349	0.30005203645047823	2.6656927218515545
58.375349294735699	1.6110754182992599	-2.0929556095406912
59.286713933291551	-2.2394984192075675	0.59559533052826907
59.820441666074174	2.272068420641058	1.5152328191023123
58.911062130368464	0.42957365662321007	-2.6134828627201139
58.309398767902138	1.7617266853811244	-2.0887853097511671
58.362518278974662	-1.3929123115348354	2.4928168837030595
59.566968046431512	0.32029885988100687	-2.5391585233566301
59.267325023653328	-1.9882257573467854	-1.7320015991930657
60.15374339264072	2.0624724997128108	-1.3643214209454135
59.55399901479948	1.5819835185017037	2.0051148864957318
59.348344767016449	2.9252398994166753	-0.40815311654095793
58.631910830128781	-2.5255800630037841	0.72905844707301137
59.785512562820749	2.79500643117583	-0.51206654338383895
60.143851970760586	1.3736401811690011	2.2647960740436308
59.850042565836134	2.2725533682173413	-1.030591377499825
58.960686579583395	1.8272811419084494	-2.2092802526169355
58.861172560139195	2.399937378956996	-1.2526752414677402
58.927879907152935	2.7106002218809979	0.62420303165123014
58.388246110432512	-1.0233240578128606	2.4218547574662073
59.578948692488332	-2.2615754469030973	1.8088238077325289
58.504787700317699	-0.94740319003637719	-2.3444036505650918
59.473537515026408	1.556366465863368	-2.3220504293742859
59.231977192859027	0.54890472450225525	-2.3626034528954043
58.8691870557955	-2.7645642428252546	-0.68705476765176721
60.040706487067375	2.340008716531818	1.2911699110693506
58.973720217020578	2.2063680527008516	2.1478633711139317
59.118355379818787	2.4537692966069087	0.82476675052006232
58.39539547068599	-0.47713210325178973	-2.9290431363559644
58.817670005726733	0.78046762129226632	-2.2764019533808737
58.36818969752138	-2.6939943300333851	-1.1067262162720597
59.185858529077059	-2.7046214524576504	-0.63089492122554791
58.694147444145436	1.7707435499391633	-2.5698566808859491
59.610032786069013	-2.7184085675347633	0.84374436880718517
59.892170704315781	1.6621156644494615	-2.3368540369899864
59.599459130825338	1.6006289508239924	2.3803431524638157
59.87444304648772	2.7675092933347032	-0.20568922705036577
58.496232204981311	2.5518977297079908	-0.62634954646079166
59.309375677355284	0.59183279415489387	2.3253890810663123
59.098274969805104	0.21340589341055194	2.2641840366625487
59.611375625933782	1.4043061639544836	-1.6355011203351792
59.674279714583996	0.78303454987368959	2.8454225797684831
59.675031792276812	1.892956449832921	-2.3674846562069565
58.491361731291647	-0.15117614569399104	2.6768114835569214
58.665444441383215	0.70398291149106784	2.4520930785191082
59.114369556901124	1.2668165828307645	2.3467828352168429
58.838508677023221	-2.7804371344537873	0.57619029142292733
58.349954482993034	-2.3058114431850232	-1.4884343009072896
59.624505242779172	1.524556706014969	-2.5869284140176343
59.001527321630718	-2.1546631894317003	-0.99787006273463419
59.715239551217365	0.45630796204747215	-2.4471221719205487
58.597363880202657	-1.6244362345208554	-2.1090565326298139
60.305595315885434	-1.4768270196401021	2.3052424592663407
58.514290990503646	1.7072652896712326	-1.7979532621919661
59.340333140830012	-0.46647875307580922	-2.6831471481511251
59.615012382143021	0.14086478861959295	2.8187044071737937
58.450561163277094	2.3961806287740335	-0.37607659790601156
59.770555399170924	-2.4528653726636747	-0.66930958574203148
60.030636961495574	0.0029519680705300498	2.7973283759253049
59.290374040844057	-1.7749076904377583	-2.0212285784753576
59.023157053224153	-2.8490812824590277	-0.51963058464232414
59.931207511366139	-2.5713933626751029	0.98901965009660142
60.057095149937709	0.18789139904819233	2.27926695264776
58.807943685507304	1.9630422924191908	-1.62263560429734
59.269691135247307	-1.9667378602225734	-1.6848505880565181
58.448300747119319	-1.0895927948943263	2.5046569152171294
58.534637577483167	2.6073986972967695	-1.2024115621998726
60.126418634823445	1.1000913686725677	-2.3877344163190646
58.847623226410974	-1.1024331757573844	-2.4735589346955393
59.92040449736151	-2.4235630306393201	1.4821719272211111
59.104838681270287	-2.4980435163727921	-0.77177236553954576
59.987241916978078	1.6106056806481261	-1.797817286458917
59.684868193064155	-2.2840037025032376	1.4987702090069981
58.835117722820911	-2.0345487090922565	-1.5642323329089269
59.145414374761572	-0.79321881433527153	-2.7417612938284615
59.503334974943577	-0.70954271675503611	2.4539895934531981
59.65640083415591	1.551392568210709	-1.8821322074794797
60.163080991340166	1.1984848717301746	2.3333930607927744
59.652113302319229	-0.42699065094800837	-2.5609605430410687
59.407131246655631	1.6002214471464895	-1.771074368187729
60.015717773324909	-0.3734356370462642	2.5390702212398435
60.227732006688711	2.7441913227666288	0.23700221721321599
59.643555648286799	-2.6424117910253027	-0.77725864339788642
58.815234445260458	2.0225525671249351	2.2366028330526393
58.956832996068243	-2.1811997595130821	1.9026162180860617
60.124802081221823	0.29283899975506184	-2.6588278741412443
58.877934197535957	2.6383524494034725	0.77927437571448954
60.083701680085561	-2.5714044618139709	-0.38042848811519825
58.873183874443441	-2.1751787994451832	-0.43292815745008195
58.901823541769922	1.3673919930543952	-1.8797816421482063
58.715953286565309	1.6578523476855884	1.8601861403471158
58.508486717228735	-2.6389005442568201	-0.55268158632406084
59.838971056765331	1.0459078365961851	2.2757385161295862
58.595967705463693	2.4298898620687428	0.40534181991803031
59.373293735826586	1.7078072205721873	-1.6704605352226725
58.478045725242616	-2.6913474825429695	1.142169763135346
59.329917293188458	-2.082041422190235	1.5684123513132457
59.098183052768057	2.632446416946872	-0.5433392100652874
58.47522204707586	-1.9927197911630121	1.2071469368909784
59.316146595432294	-0.11732647857393701	2.3190799494256136
59.817990155895892	-2.4547108056204237	-0.98044973816126069
58.310604280781625	2.4754806517918029	0.80373449505087768
59.774608555645152	-1.658731890408677	-2.4916319136033773
58.689491505305185	-2.8193202612904389	-0.64218371331817137
58.506678768085848	-2.3293324754849896	0.52740412273337289
60.006072880979907	2.7366233362501373	0.81565497916891372
59.404185994916695	2.1451561522749536	-1.1197948962756916
59.706664737993272	2.251538566985587	-0.59358248451206241
60.100603040659088	-0.42657156792167528	2.9341213301415867
58.994901928740049	-2.4133060657748326	0.80872764132522368
58.349825992843904	-3.2861171738498847	-0.41027297041145694
59.591945792956473	0.93826065339611686	-2.5563813929255521
59.265688296539672	0.4186869691406499	-2.6690944763565958
59.320802999336458	-2.812332422787605	-0.2643569076758272
58.627168761850328	0.75191726208771636	-2.6417357222180353
59.178676284842936	1.6380205788836339	-2.4819114204860417
59.464090150339537	0.42729043157697771	3.0552943881931269
59.339578405443199	2.671555796892759	-0.82281896804443477
59.228439818077661	-1.2260147383042208	2.2661140332268541
59.884588678078892	-2.5181799956958071	-1.4142909243780586
59.563940270622524	2.6676709365439848	1.4293328283695004
59.800028838956507	2.531947847416145	-1.1162802146145154
59.368481060225797	-2.5326437016377761	0.84689165334253846
59.213781910917781	-1.499149340413104	-1.9628217878700291
58.649475195421338	3.0041066831967149	0.012776461411421799
58.304054484006478	2.382969099331167	0.90551107180437385
60.055896215513819	-2.1284276195312848	2.1200611428197154
59.200795913464248	-2.498755397446013	-1.1090613388338701
58.726493637764037	-1.435828434193978	1.7846117836172593
59.329143671832625	0.41880008509340177	-2.9263241598957204
59.634595311631841	2.5332127981933485	-1.065732927824649
59.243152153413114	0.30294664070318822	-2.6618994891730847
59.745477994884673	0.55737942378010219	2.4882537296009253
59.93279989140062	-0.43815048456405481	-2.3331678303846508
59.30736414375788	2.2858756350467626	-1.1907562052844729
58.3616768090357	-0.41033936895553558	-2.8954854435977451
58.889508138317737	1.3476442979125745	-2.2149405646459304
60.041907949138022	-0.74317266138751947	2.8377301550432348
60.089898106554813	-2.7056702502934113	1.3314506653410265
58.448332227494667	-2.4526122164879509	0.69514930163510213
58.912023440199683	2.1683378976521293	1.3951215491081512
58.904057628059327	2.2467921920102847	0.91657492584985412
59.174153173789698	-1.8891775738070427	-1.9491870401664426
58.428740615092714	-2.3760729879659315	0.76062543631363433
60.036316508931108	0.69661817069784382	-2.5508372944190252
59.447567845591955	1.3662122616861214	-1.9662262560134887
59.236395387572124	-0.41400352296195947	-2.8853218244369461
59.68767672978678	1.5128018986971967	2.15807272026949
58.836898918945792	2.726511756822533	-0.017291455397877763
59.2444417513925	0.074684937189140363	2.4889441471357321
59.391560199390511	-2.8121979951291474	-0.83718672215582823
58.784528182629039	2.6292937461404877	0.13954376923327347
58.478081591752684	-2.0827221799780222	1.143945748768558
58.891289963602475	-1.5150235480921319	-2.4145843976053531
59.77456106821284	-2.2594524421759221	0.36319991845936384
58.865769146666246	-2.5077697403270913	0.24287752638308893
59.715291417344737	-2.9490430505728487	-0.74968130120878229
58.190689343878908	-1.5661981172254309	-1.7466582808485647
58.858997454441848	-2.5293697671086988	-1.010720056949969
58.565610824057373	-2.5269997988367976	1.76809780321877
59.237229080980214	-2.7446823595103229	0.85791563170930141
59.510153870416048	0.42406945654822004	-2.7632470543387111
58.475955844490024	2.5848089432384955	-1.7045063214563896
59.635531253379696	0.70810942084876427	2.4221164337935428
59.645762236665284	-2.4160680865618596	-1.1515587820814088
59.232075227644359	1.0931415471299011	2.0757779278243653
58.323922829652282	2.2392642818810029	-0.91536634186250831
59.76821145239753	2.6576317221514234	1.5198438171671229
60.061519721714994	1.7867724046453115	2.326259016205138
59.315385252378789	-0.30362316897520714	2.6642696476301593
58.663258362385783	0.88761640422232502	2.4854146594111657
58.948104825705244	1.0309985839850395	2.3523993814299171
58.559498775258625	-1.9865250591637622	-1.5972253727347088
58.531801933553332	2.4260119973162708	-0.18358840438808485
60.010615258555639	2.6948501154028985	-0.019617629297449559
59.180164216782863	-2.4456791776026932	0.92688329756267451
59.613578893248821	-2.4068463903389659	-1.1937121592950097
58.708592253726216	-0.85234635311988072	-2.4322748059729564
58.531870942162968	2.211138162440069	-1.6459369759428948
59.050532661692266	0.73844771368455031	-2.4943898996136817
58.384446839811339	-2.24729002676809	-1.3659256782984783
59.826017454658938	2.8332768644419857	0.12611312871071406
58.62542993109367	-2.2584721510166483	1.8037444282923487
58.531359467903997	-1.1077935985579301	2.5046342956799141
60.161955617566612	-2.1369627468136634	-1.0053878640911693
58.859451429153559	-2.8521186927782174	0.4068332975757174
59.602936831764566	-1.5969023754785354	-1.6875354362696249
59.179202953038896	1.9417754375397047	1.7013586178414561
60.047093965737737	0.68511726621668534	-2.3061191645704247
58.256096804726276	0.73041653970785148	-2.3720619942915739
59.54597802418585	-0.92153477093931124	2.6436909711632159
59.540991751658581	0.6506875949747839	-2.5866155370026092
58.424720852830809	0.085531629730692782	-2.6380261726976304
58.86668121697425	-0.11912108050582362	-2.6644637958255402
60.245480811032294	-2.1627272866549601	-1.4513594479171645
59.5239941020549	-3.1948153544526621	-1.5281847352843396
58.577112177503274	-2.59767120553335	0.5945465982213608
58.617512252471599	-1.3363179460511159	2.2964450342065357
58.988700546996995	0.12022914520801051	2.3490939949921863
59.141794621625259	-1.1729793889453748	-2.51252197783151
58.543355617811933	2.6168609558412506	-0.93066833073837896
59.269145496921766	-1.6159951040533738	2.2728062154282762
59.364522267042943	-1.9892918673543027	-1.2676161612805226
58.673830936829383	2.3587624511536323	0.93418993287278984
59.863039555086289	-1.1793541714714308	2.5777546674057072
59.163576670900568	0.14920980587379035	-2.984669319299639
59.060925251119052	-2.7800490444460753	0.62665606871334356
58.493424127113826	0.82606195124015869	-2.7697570661237401
59.134853756507084	-2.4024792607403649	1.9229295654837513
59.059957254465452	1.6575904648290749	2.3632880110011776
58.886304734046803	-2.888557743749018	-1.0350941899877428
58.47584700973637	-2.6283108205714241	-0.20241717862269742
59.672102291126549	2.5263589777054207	0.034460033665214294
58.396761099108687	2.593283036732112	-0.55737836993859491
58.835325781106818	2.3879155123521016	1.3788945689323033
59.699308187914731	-2.403447767167386	-1.1516787301640943
59.867640184835281	2.0678744115017076	1.2181665437779294
58.71247153278069	1.6425509023110414	-2.2586995399078993
60.020990194479801	-1.2654625206873074	-2.2181589514215645
60.152608844279335	2.1559149998972535	1.6411629591302581
58.373365789156935	2.1914459576270868	-1.7246031071224746
59.326587938642795	1.2406506326684965	2.2685377463403049
59.412567642397754	-1.4680586882945281	1.6488754079611392
58.776488626025326	-1.5904304086836996	-2.0661976623413554
59.301353784977024	2.1593777601211763	-0.76179302703858398
58.400822815310185	2.0499885369227644	-1.8695949688996145
58.778465322969453	0.67637912769471886	-2.5693870736228948
58.452602642204859	-1.5184760865078046	1.339497036026611
59.772964247200775	-0.80990606524755515	2.5034970291944956
59.021160591164382	2.3435675582541773	1.4369931496313084
58.957905327126028	1.6328508429867508	2.197988428771291
59.971356725032734	-2.7884552677222518	0.52263718523401459
58.599568482147298	-2.726519354099159	0.48031626938533373
59.902715973793896	0.79803033884502506	-2.2678212117630818
58.340721219564912	-0.79137727167357685	2.1836086987825993
58.631326993405438	-2.1550038201225017	1.3978211782154939
59.124411931908895	2.2222766711876227	0.1558285095811317
59.060180705404868	2.7699798819981245	1.0031607297571217
58.462994316948588	-1.4359668969941974	-2.3949561738736507
58.401557594838003	-2.2859894600801884	1.1960590912175011
58.577981997399618	0.41650925584499976	2.1097307711353608
58.49954806604336	1.6386351741272751	1.9429412502010042
58.626127411742829	-2.9981869005857402	-0.66627786074215056
58.441532829044753	3.7816085161677395	1.4731751219164253
59.360239974940086	1.7888919374104966	-2.1728622079877402
59.008565567929409	0.97751312115304623	2.331614294161322
59.002965054382166	-0.60420025186992588	-2.609496899817636
59.474786648868012	0.14727865646784996	-2.5454285274170481
59.670068955651423	-2.5137622728699305	-1.3088292976161311
59.985881370831677	-2.857847148626973	-0.90234166866687293
59.231158134291654	-0.82893809664599294	-2.383311013892488
59.275170795545009	2.0601897814770607	-1.8624320879096306
58.799658700174	2.1300339106705213	-1.1823389682309373
59.127911015680525	-1.1631933940317045	-2.4653284135452078
59.485972420725197	-2.7468973984936369	-0.33356343818107675
59.875244998784368	-1.257938823340139	-2.3075479219243027
58.565583687836714	-2.1301264324720828	-1.0173733678389123
58.685501274499522	-2.7447902273590259	0.33446331391113099
58.85324850056984	0.22473969933263899	-2.5851521608339647
58.924747166097177	2.4563638634675291	-1.3280945445587999
60.056415783191412	-1.2508974348903064	2.3587652918634787
58.585509603503645	1.7337573529111272	-1.8856979544788501
59.604493784580413	2.4806980183171623	-0.055472219981673281
59.346908052398248	0.67875210532330321	-2.5881373340980649
59.293808963526025	1.5294636839840057	-2.2375633450891574
59.447881801391176	-2.234773009292268	-1.1266308841562944
58.974927576720106	-2.2328150048719322	-1.1158010540499848
58.375067748489158	1.2576308922454131	-2.3743609084166639
59.207117116267085	-0.64281208204375528	-2.7245063817634847
59.116856961609479	-2.4806422186344554	0.080479340370144564
59.150957307190659	2.4139735308599124	1.5191471770464648
59.22186056175525	-1.7610067428777596	-0.56841395302422082
58.71557323760878	-2.8527484394807665	-0.7989146078033289
58.407823754808739	-0.93995302679657178	2.0140745725421998
60.016096268944743	2.232433521725973	-1.3007860163132843
59.151778433729923	1.8783563321067416	0.94419213308258976
59.088218579297418	-0.026341373218347796	-1.7424780876547479
60.047954496728508	-2.4538222504096949	0.056089732567367552
60.10695264382597	-2.8602904123427115	1.7630028771154242
59.60011460615781	-2.2863368427525947	-1.3256719167736242
59.243222005559481	2.8926508857620976	0.086887186846314191
59.190980721280638	1.2479781609371516	-1.8960878568618813
59.138739384676093	2.7315361012305845	0.77431041638029585
58.783472144172521	0.40040078756593145	-2.5003295727746599
59.977023085008788	-1.5233713797272643	2.4511519306852319
59.399028180997121	2.6353241644677929	0.79286300401662291
59.200009414243091	2.0722449586913041	1.5161349165818672
59.733073446371563	0.50058552725218697	2.4930468737310285
58.942974768559196	2.1784404212094732	-1.4319242407281454
58.867951984136226	2.1548756747240914	-0.73566673821736728
60.052246199467334	1.2718583359622633	2.4785524904504252
60.1425175021757	-1.8701597820485949	2.1440358707896232
59.559080295497751	0.5734764946143559	2.5551812430492191
60.121696226905676	2.6810613247986108	-1.3652651965281297
60.060306648915258	-2.5499762115464963	1.5966772122802166
59.226157703583858	-2.5580888479830897	0.94836893649405207
59.602124413087978	2.6196413094812141	0.82588508245045122
59.460973077664669	-1.6639616395634711	-1.9459890621831659
58.680903649449462	-1.9297599980391658	2.0852109687128806
59.168670431544065	0.88011145704147664	2.3898356028806789
60.130316074337728	-1.6431089720212395	2.8843756918848791
58.864500333402006	-1.4114399196891658	2.4441804289537918
59.207121308627471	0.45119610363893203	-2.6826789027825209
59.898392640910231	-2.069270515482128	-1.6722802357301982
59.553905569046705	2.3727651295918704	1.1538491139389442
59.369144388539873	-3.1329631108374842	1.126433968867262
59.738740936772665	-2.9475207824173539	0.075992576675056087
58.167133147990107	2.3161728715778933	1.0210538380947569
58.645191591408022	1.6576492634739119	-1.8942366265447359
58.435636527401769	-1.3226243456961995	-2.5332548025575723
60.180151997258982	1.9324340767572326	-1.1327013870533706
59.781921947480456	-2.3519101868040231	-1.45621614274695
59.846064576473069	-2.0599178786622883	1.4133229610087772
59.982141711961404	2.4273643160355176	1.2523545128839764
59.030742763942484	-1.0295204907778304	-2.7205638238556014
58.679662322166251	-1.3558730084133652	-2.5785007001116838
59.786794857174556	-2.0439633163398607	-1.6945178657317175
59.695938139370483	2.8393291399204834	0.88077523910562627
59.493443079963917	2.5792017021042848	0.65344423290783016
58.427500566029323	1.865737300751291	1.7980678263922152
59.430616388495558	1.7649434492161882	-2.2582472661434521
58.944571137984532	2.4441369789381135	-0.83775288017789939
59.48262648379508	-0.31121879404064684	-3.0117680578706385
58.71644079211503	2.6774931347909905	-0.70221325171114801
58.391915022477569	0.94209695976060137	1.8514898879319497
58.823863433550535	-0.42093858683805968	2.9300102865483404
58.950010703220656	-1.887793297761488	-2.0442299677427944
60.169138740320896	0.60992984674518158	-2.6378726416665406
58.632095136610907	1.9598597512508249	-1.1639403948827096
59.99652416282882	2.2552394096198869	-1.4563943834964443
59.910200428923055	1.936959978594029	-1.7657855813736199
58.910775105645563	0.42760072042607122	2.6424363136103333
59.458722512202904	2.4649403004738453	-0.47330948978438897
59.47500858204716	1.7668973096701974	2.2310133778339241
58.716200165513449	-1.7892851288161875	1.3779825054291786
59.659768124362593	2.6092345949780404	0.64174289443990284
59.829096268146152	-2.4870479981631668	-1.2519589640277609
58.655767102044123	1.1820291533682379	1.9632401218655926
59.772558657790441	2.0509411913987852	1.623527881524075
59.485857721090156	-2.6894214892533439	1.1233798321717936
59.405647544317567	-0.62263066342393969	2.9946898645939091
58.571072846469612	-0.17421197551202308	1.9577507695924954
58.706553920679887	-2.2514455470188741	1.5344130403932323
59.259244106225957	-2.8532181199556299	-0.53375881913332379
58.77410142482222	-2.1812593427742488	1.4280762216796068
58.590585460881705	0.81506987324970304	-1.7925342059951264
58.767503061110808	-2.0695639858466972	0.60337849985645065
59.249739922392848	-0.46604670911960455	2.6137680387890692
59.957719385531682	2.2073744886211362	1.2937066780615818
60.047462534597578	-2.2188940491896973	1.5484591017294547
58.872842282820137	3.1363399875020552	0.26925773552460952
58.683221523436849	2.3658382848943726	1.8185116542066611
59.727515684608754	0.94865429904158594	-2.4412652192774162
59.642481678286778	-1.8347581401580688	-2.0134145453404191
58.979271353748686	1.8911495465009862	-1.7530235700071499
59.965442586036872	0.46452679197609886	-2.7511791668408954
58.227661826019087	1.589357753928843	-1.834266191587953
59.86017809047852	2.246556650619516	0.4957858209097612
58.696758923065872	-1.0347644425323126	2.6094347659858297
59.088668397030794	2.4857744585185135	1.582456668240392
59.57219546517382	2.7131675679140237	0.99485874664808716
59.884791568267552	-1.6323224754519743	2.3714918584842568
59.566198129143331	2.2628853366890116	1.5500929163469814
60.120185168780957	-2.8697423377453615	-0.59810887368742394
58.529866489192536	-1.4016522116695325	-2.2839586087724566
58.338786426545049	2.6126479206457884	0.09584069197532287
60.173426431418335	-2.4486420293239939	-0.22979960082168041
59.951066949244449	-1.5128364530130032	2.0289672176587934
59.537441910480624	-0.68154813912354484	-2.4662141940377831
58.883791327648247	2.8275894776728325	0.68307592653201754
58.322015137997191	-1.7990270415823308	0.57886507116548658
59.243996469607673	1.7362969726112398	-2.2241719061598202
59.473027797260215	2.5035249987111028	-1.2270159260064386
58.295550741783252	-1.6553817832462889	-1.6759538062390278
58.386430509275058	-1.4298958739104972	-1.8233430692881247
59.229840787807419	-0.56179745423429239	-2.7222797217338695
58.248933426124736	2.94267047418196	2.7466621365161612
58.571086997809417	0.89684692059838356	2.7968850415109099
58.546147965793622	-0.79014882196164915	2.6919550374235079
58.919794421138413	1.9552990138872861	2.1272728500151254
58.663162201529751	0.18662519055514962	-2.4679642716629311
59.877837913524971	0.91841297385714138	2.5966010135554893
59.136487977706864	-2.5825281784103109	-1.2762641759321132
58.395954926709052	-1.2791260006088436	2.4655628225017412
59.803249449492149	-1.8732070909878145	1.5487410865253106
59.061712265218318	0.75899252766451841	2.5152808030900102
58.588714867924836	2.281586197479025	2.3855160578599053
59.877701714636977	2.0847322749254307	1.8322603606598657
58.579818957917354	5.5643570171812309	2.1107545138340202
59.737541470027686	2.6105423959293397	0.63534031976824745
59.324897851320948	-2.8107367793534035	1.154494584492894
59.619107866332577	-1.2242047548188839	2.1786348243110609
59.156197145066727	2.4383128609172435	1.6967950346266878
58.699429469084514	-2.8355018047473624	0.32522682829460159
58.979275697515405	-1.5127415181258257	1.2001573550027698
59.374594120053956	2.4482954707821896	0.64161600572228017
59.828408321646052	0.26973050139911242	2.3900354820580803
59.634289187236718	0.36823690535757786	2.5126969665779146
58.832088186393683	-1.8120760078709219	2.1984861322762015
59.73389374713993	-2.0026068834578439	1.791505587515597
59.675916957250635	-1.6283348007848846	1.6106047736439129
59.201531851581869	-0.15072836634267026	-2.6952319413080366
59.455977494311725	-2.4376549682722732	-1.004529659124721
58.985034276400192	2.645517031889653	0.74343252645942404
58.462679778942679	-2.4757180000612249	-0.061778062032653236
59.303750820380372	-2.0921835279687655	-1.9600086944019299
59.705207094946481	2.4056292020516623	1.4190126395588576
59.020640352456418	-2.1632776457542793	-1.829552755109918
58.467667489887937	2.3102110857479956	-1.8249409447151468
59.05649460646773	2.8329396294226283	0.7361455909882656
60.118337865307808	-1.1934198389023007	-2.1143101559123068
59.910504353555503	-2.5613422935823946	0.98178221767319263
59.115875257033153	-2.3572654747158817	1.327248230486201
58.29657944043754	-1.2644778069062348	1.6907732376002071
58.398159995288644	1.0543529869560277	2.7134700713633708
59.357163517709587	-1.0463883271334651	-2.4174293134183094
59.861027181518828	-1.9654879944598034	-2.4650311507761269
58.40914880253343	-1.0937180551993482	-2.4829944001169681
59.209835691759572	-1.3816226350748768	2.3869808772898526
58.987794794309409	2.3483391823645978	0.99316716985775544
58.639486765933903	-2.6056426620161015	0.57684667956726432
60.016112821991491	0.9119892662330219	2.5331740536921261
58.633618756070966	1.361482234394638	1.5791796322482863
59.573568135237451	-1.791872100891015	2.0190274288821839
59.288055927920425	-0.60762742599910502	2.7309965895518262
59.107556650085506	-2.1651414564118019	-1.8733358263126936
59.32875733626738	2.9793924084191734	0.94676623427506346
58.570046805407188	-0.43871282154678914	-2.6390466280295404
59.940737750987779	2.4910720927972858	-1.1222945932823221
58.970086442262499	-3.2231547981537583	-0.79142962361116798
58.809830712528139	0.40831564260678294	-2.8024565926765272
58.304465553557655	-1.8685610369967758	-1.7684637783222121
58.353407551460975	2.6764193607041511	0.11747498679170444
58.780714827268319	1.281318727707613	-2.6371157422230516
59.968329659092085	0.91122017339196903	-2.8161980175334809
58.86029207441063	-0.71670462127902435	3.0482344435569315
58.80651142802688	2.6998729023810544	0.43746178170238609
59.533921587454564	0.95049565168283656	2.7419209539905047
60.042412844511645	-2.7150135495109819	-0.31865833196713866
59.342307710229534	1.671877744298804	-2.1706280327893062
59.852007102196445	1.6617129652601321	2.004736108738185
60.164486671684358	-2.008490870889466	-1.8814631626265594
58.451163478490543	-2.1071627777029445	-0.037304098403578526
60.089641050351929	2.6252862907248429	-0.19542663873350632
58.973644098702039	2.6330276263468821	-0.1881759560281524
59.391307530640127	-1.5829694313118139	-2.1808294012397194
60.324621023966962	-0.98226101404762634	-2.7334956457080959
59.194131770856295	-2.4063801842851729	-0.7572230126009124
58.337520400793125	2.1548686246380502	1.3313547738577978
59.796370804406969	-2.3584007145561579	1.2802983196546722
58.36636281818825	-1.9679207851662475	1.672898215054506
58.74344946934378	-0.90032799886354264	-2.3817301099173838
59.907432058935434	1.7577719003595011	1.8422540216882055
59.692659367737306	1.296736555108621	-2.214660910166113
58.570457414585604	-0.25800691558134686	-2.9173058298118804
59.441545970900357	-2.3997191630071026	-0.34125609408503665
60.282362643904108	1.3399758228436898	-2.3447246001965438
58.653722032508213	2.4895340800133821	0.06402678331923109
58.902924697111736	-1.0421585965368618	2.3323495670167205
60.135773524182667	-0.26102365537777544	2.6496789362436721
59.538455454462905	1.7660547733119687	-1.8808032872403886
59.339914160132906	-2.4268489110475575	-0.71238034857730137
59.027197979575348	2.7502761423567033	0.83752470257339551
59.661439251855704	2.4420010262760785	0.41203269351340793
59.882132757217754	-1.7174608521598786	-1.5113932848712046
59.303066633984898	2.9297097240437164	0.23326066790083161
59.287587496719574	0.8399614468993436	2.3693148707774987
60.0371819786778	1.0493509262768732	3.0158172261162526
58.285593153034782	-2.5322541693709248	-0.7188532657287291
58.495110767630614	-1.8967794595427891	1.781111531879664
58.5463493392635	-2.1735488587814973	-1.7542247451546116
58.205626382317178	2.8830066322634194	-0.92232982468418812
59.059031451647293	-1.5604984636388661	1.753323401810492
58.925068165746488	0.48710372016975895	2.8042593395999376
59.52842747485267	-2.3949319920998464	1.2763722724900111
59.752625688914478	2.7753551016149851	1.1200001551080991
59.296883962368682	-0.70046759904487443	2.7738590883589018
59.399308817052479	1.1826061835505233	2.6944586505166934
58.692587313342997	-1.7777820503568216	1.7281011175501328
60.051550758826508	1.4532476254082403	-2.5941592198085615
59.298029696458869	-2.9259226631586768	-0.019593151822015889
58.374761415202421	-2.3583216089281529	1.6109884306423297
58.889324922716646	-0.49020110905463371	3.4923448928606025
59.332244478530534	-1.0741383621981178	2.6130356798759724
58.434778369895682	0.047495573832829256	2.8752313147502373
59.645533844938932	-2.6858863171434382	0.47244213974360749
59.19772448267102	0.38288038455900553	2.9531016909782677
59.066828842480867	1.1482603092299188	-2.3083547323002604
58.417005448601451	2.1719859513317701	-0.35370494092181531
58.32342074195661	2.5132936527491312	0.46642388109392041
58.49793128047515	2.6817046486913005	1.3111033293070087
58.749771975944903	1.8681595553689405	-2.0055460973294599
59.186445576154448	1.8388322313065659	-1.6671575722277532
58.788219440528721	-1.8045195349030316	-1.0742451247456295
58.899139936365032	0.14361873151403282	2.4097232995759725
60.005888201010741	2.0306265999825288	-1.8645461025565058
58.489683620890759	-2.4461643479867927	0.66148761294176106
58.9852343036127	-2.8490720022326665	0.045203257766655264
58.592438569891868	1.1635368835067028	-2.7514769545935329
59.974386257493613	1.885447866210175	-2.1331469947028765
60.089541013519842	-2.6443298669852462	-1.0302609543083303
58.858077602075646	-2.5840382101586852	-0.73680391295657099
60.159461324801995	2.4295811747369895	1.1068682310113198
60.114884147146341	2.7186757916692286	0.91703904268077807
59.778110859426484	2.0776125342626148	-1.4251904292908646
59.619651623160877	1.8097753810607671	1.3710334975321274
59.248573526277809	0.70781166738967638	2.5264089590182572
59.531456301225212	-2.3855933113494152	-1.568738022954216
59.914320729300101	0.69481477362252653	2.2865175345268658
59.17093052465416	-2.8003118879388356	0.29995006678452724
59.273722093727827	-2.5445094743863579	1.023982075119354
58.370951244040342	1.1910264116779867	2.6978131007039776
59.307671449841585	2.1665092223028135	-0.16141104325709824
59.145267444449267	-0.42929614808085792	2.6570415115677268
59.510580921710805	2.4106953445723027	-1.1432737592406084
58.741221755296976	-3.2632099321265495	0.74690260477442449
59.156269073348305	2.0109162976080688	-1.596628333385341
59.242851805179995	-2.2611110977821687	-1.6244278835353063
58.959454184231838	2.4737669097621504	-0.44362449470117427
58.843750940683314	1.8229671520382764	-2.0472731983754096
60.030866876194409	-2.134184862806717	-1.2727917871421421
58.593600068539686	0.21673589460565412	-3.2539347862432271
59.838196950240651	0.69351685222043524	2.2205778029942809
59.605171239564918	1.9770418935095548	1.8796610532371474
59.983111967868695	-0.5557705788133438	2.6373969667970298
58.540976002419384	2.9899799496736428	0.59857212416136585
58.914003738294532	-0.45273880767698799	-1.8635275607159598
59.412931396184312	-1.0481278664007585	2.8580813249518338
59.902977830784913	-0.95369701914413085	-2.7165986977023202
59.675108449010452	2.1446417094260517	1.7767183837654781
58.798877691962701	-2.0374276151949395	1.9675105601612113
58.68335838698907	-2.798146016658658	0.47958241621797376
59.701328720226499	-2.2718433941882243	1.3216193438863553
58.916983198120718	0.63171812724951126	-2.4837635296352927
60.064044114583702	1.3997836983123799	-2.3951498609185324
59.706920675868012	2.8601030530218545	0.53159652206276031
59.045355788151646	-0.48261430024320978	-2.5806520660630965
58.669846653597212	-1.8376441156838206	2.0765703610456834
59.727950250766582	-1.5633205786621545	2.1102807058422424
58.884615940217458	-1.9085502350871364	-1.8729234368412107
59.998486725196706	-0.076604147648851068	-2.8694473840680055
59.511470470323275	-1.5943042097231774	2.2129997242186472
58.580800272483977	-0.7726289601420524	-2.3365865571740545
59.659680608248138	-2.4421132124589868	-0.67886906274354908
58.798558335417212	-1.4100486043438167	2.2155193521341054
58.934035983861854	0.24891728371332275	2.9860769053331251
59.807533810098839	-1.3812054534538429	2.2274355585805465
59.894237135148202	-2.56120976005964	-0.52575585330893482
59.752331516344306	2.0575392606429794	1.9528379841175367
58.763118977301602	2.3567621879659155	1.1513972701723569
59.011256309396501	1.1766662357248265	-1.8815957410329429
58.703223634218112	-1.5232475511262324	1.7630038873904847
59.83847351706396	-1.2994470658304107	-2.2804363265802858
59.867190340073051	1.2419214651488231	-2.3827312712416817
59.907810499172605	2.186642100825833	-0.07769750864116555
59.583390377402765	-2.9255398040669509	-0.37112501834408179
60.031267475095611	-1.533579093684615	-2.0424287012198823
59.595318675766961	-2.0186058922309824	-1.7107864377465616
59.258289706069839	-0.34282399347415782	2.4902684084652673
59.932776403811545	2.2444889235957155	0.46338099086080464
59.920659233028417	1.9313407995293184	-2.0261326352559248
58.852962519135552	-0.73453038056079234	2.3431342116522429
58.818047143935388	1.3356159965792607	3.0004715487559119
59.941475474196075	2.3671569705872684	0.96749253165347793
58.82345481969439	0.37502519770381765	2.4600302987796381
59.400427811944901	0.053126540222495126	2.4465695486686463
59.405933778807814	-1.8962644817879246	-1.6553670635758768
59.64740419458402	1.8596718893749553	-1.7850189651595738
59.330673567552886	2.1273530276039647	0.034137174669544024
59.803830216437724	-0.88424822378470569	2.6373154554556835
59.950880407810089	-0.99157905354489551	-2.3714274134837416
59.679034783979837	2.2752208101242131	-1.4541832318840717
58.927587798209494	-1.0336791189375492	2.3262758301284303
58.807815320392351	-2.2704683345472056	1.3841646623701496
58.770831118328267	-2.34417082138516	-0.13010253908177283
58.362478088950887	0.88374438805563804	-2.1632918883837911
58.539776007895348	-0.67654241812582039	2.3631365076797715
60.108079252799087	0.72261045300133797	2.5653982210919586
58.55937790288678	-0.057614778183175924	2.5634038566405559
58.857035040585551	0.51366613954813489	-3.181263942766194
59.49198440332394	-0.978057240626515	2.5966504603836222
59.376165925999338	0.082966805564102478	2.370917413389841
58.973951079056846	0.72704680362657759	2.3762506420007088
60.173259759457835	3.2057169344541618	-0.14299790892933847
58.718417776404799	-1.9504474729942427	-0.73058121134366549
58.649947044193411	-1.8141316725605172	-2.1448952173915132
59.476976219488684	2.5786582520022532	-1.0109928673354445
59.49110477069334	0.52941831325252808	2.6447576762835849
59.309325434766684	-0.65448558602585805	2.67922495934436
59.210502841284914	0.7051387176473598	2.6837383963204853
59.781447547540871	2.6242298054195481	-1.1558550400668615
59.946729550198668	2.5155784601460001	1.1704333676634699
58.717622743271164	2.5395177025610751	1.5524702325128914
58.517067385946909	-0.19219538714685971	2.2584069888755405
60.143820638495342	-1.3348638793719689	-2.5192403935101111
59.279865337478007	-2.4127638431217857	1.266654737935381
60.227053226803548	2.3574332711968626	-0.4596331007436637
58.824686808729183	2.9029715163111489	-0.44759293124878718
59.707340320343249	-2.2947870842226772	2.0815867957764866
59.264840731873697	-2.7176543267733613	0.16664911804511032
59.506962497701728	2.5747051753448398	-0.36813054482072988
59.18682579774444	0.97480906033414705	2.5021326616743043
59.757922609125366	2.250844167824825	1.3459606388761103
59.636559285516647	-2.2869721865045252	0.64718635835407723
59.610233592705214	-2.6351834408211885	0.15800751410809949
59.420935094892592	1.1286089711914982	2.1816071570339575
59.680967775976228	-2.4037776631855059	-0.52678983596525131
59.805572167231134	2.5712899544865477	0.65475859610273213
58.889559888298464	1.7179983954088915	2.1005631469026085
59.374219839812511	1.378875349204383	2.2643671769388978
58.527732300073055	2.4741723532418138	-0.53234191589855673
58.581142644242703	1.9876034258814022	-1.6185325024013903
58.583580655825308	1.4502911603754658	-1.422301936138219
59.582628271447696	-2.3397341280743107	-1.5066710752644499
59.523215682895668	-1.3208954062795304	-2.1767294692586376
59.392870511167665	0.65400653502951789	-2.4026784019407459
59.000491917801988	2.2198248680459303	-0.48954628046151022
60.219933387461545	-0.19367900226344906	-2.8812978876777655
58.709968001377845	-1.7727655835350966	1.9643233542459291
58.9854815444737	-0.41932983352869546	2.7251614436355478
58.856939519071446	2.1461950875123397	1.800539513395764
58.583821926069213	2.3030128223948072	2.2064972113876502
58.354082229294839	1.1760947611773638	-2.832444034245674
59.309114052800133	-0.90195872339558292	-2.4107457201880687
59.996115720080262	2.5365284919744502	-0.77276626766696832
58.285250808521788	0.83901888946380687	-1.3504572416245064
59.464770959888007	-0.11758883871385598	2.8244360497025811
59.901326627300811	-1.1123177857309412	-2.7513956310025116
59.772668120367506	1.969105102240964	-1.5677000765609435
59.411178931296114	-2.1495781327045833	-1.3198648758760789
59.815294107481307	0.35686175284406674	2.7843508569486031
58.661818881926969	-1.5790302421498197	-2.2505069401586986
59.168622356859139	-2.0514529485256578	-1.9011322187427546
58.786727754835987	-0.9942124321364999	-2.2167775019428677
58.67856545765305	-1.7800619145140331	-2.1054788546402667
59.944797558181065	0.09746570620388767	2.7396102069551307
58.460268865997669	1.8775536362527947	2.4637037210664432
60.096880762465425	0.41469883471649088	-2.415923267687206
59.222996002294217	-2.0942036059550935	1.5649312297015257
60.089101084003993	-0.32595301737978311	2.6458375671569283
59.025263715975939	0.87031569884499793	2.6618130687936352
58.326511355069705	2.4976166612042041	1.5688066851816895
59.415111301047247	-1.3239630978505248	-2.5043286685766915
59.340904765482193	0.96999273282573151	-2.69886319275084
59.165202198568366	1.7345709735023911	1.8844995001916396
58.341260472743883	1.1339193226877211	2.2615104915635666
58.430580525424197	2.139687736358828	1.5233597391740628
59.321899681423027	2.4602928820181855	-1.623476653397808
59.307097694203357	2.0822703454432561	-1.681566329404131
59.477785192493236	2.2637279690830581	0.92971264574713486
58.866060703764703	2.3036527078906808	0.37713278568587311
59.379480239618353	2.7185583804457227	-1.494578073584178
60.198410312487432	2.3615603651804644	-1.0490821083569419
58.850885522471295	2.6783372574645297	-0.67681311396340194
59.257952341505508	-1.7278770007092563	2.5409961753135515
59.780374107422759	0.17931331772165068	-2.8912331334877339
59.984813546259339	-2.4492271020411258	-0.56723639891234356
60.037449535835222	-1.4731266813115789	-2.5349079578452915
59.740712304862264	-1.0712358278503238	2.2354601296303196
58.739456086467101	1.238018496011857	-2.0696987595395613
58.541836833644979	-2.2574232113243982	1.1861684204439022
58.556628065098764	-1.8815844261110681	-2.3255567197197151
59.206002002027908	2.7545166016459102	1.6403938183777751
58.605677206957985	-1.7836866229849055	2.0555640061097176
60.030622125133945	0.79037349981460614	2.4789911633248094
59.521168320053675	0.98974095839893728	-2.5561022252721965
60.07151407493123	-1.5962615105482316	2.1094935317142256
59.942080415665821	-0.89076624811729532	-2.8811564411924615
59.268549907862642	-0.86079704233311705	-2.3628834970434034
58.820735959570207	1.5301444970122164	2.0869275500593214
58.970418553132667	-0.073552793956967552	2.4366898118563252
59.290981947826204	2.8545553286135315	2.0383029237318708
58.303515101052596	-2.0696402749838159	-2.3841539945602954
59.836259370430852	0.62473039749620063	2.6392885711002712
58.95820846258178	-0.098597611279500577	2.1273900260549334
58.553093032169542	1.1379848481682182	-2.6284319293782783
59.354055108465914	1.3274817281830955	2.1759740116870141
58.703924691541808	-2.3642786871119532	1.3500001347990485
58.647198210979866	1.6204157181669758	-2.2457803671725993
59.474011591613575	2.7723259877267807	-1.1303630176103971
58.517291544775681	1.8394411821096017	-2.1808897657161985
59.79218082041767	-0.60192437339648441	2.7006284279141326
59.858634325117706	-2.0964954118800274	1.7648510622809557
60.196356833182023	2.3464762393360519	0.068078808969778457
58.272033744268242	0.31780720174442278	-2.6084332438572875
58.500158376510711	1.4678382200555788	-2.4326673778998416
59.893255183120395	2.2204241348145106	-0.97814098819784578
58.433040568106321	-0.29662445819942901	-2.5970106403689566
58.730206376114957	-2.3433307665657326	-1.3045152455038858
59.940841485121219	0.29164905317992734	2.575231888958216
59.943118923789164	2.5183214144380646	0.14813741283144849
59.944484782414378	-1.9545020538712057	-1.7905508876168477
59.838781090595617	2.1622501786118455	1.7217302203166265
59.335709124867208	-2.5372423435023812	0.48377890029355591
58.968064160663658	2.2345373046998533	-1.4519687660997433
59.826797008398437	0.81946211218942433	-2.0570494518527012
59.598530481633787	-1.6042077579664615	-1.6608141495933806
58.986850228116651	1.6925610389071692	1.7190555405255603
58.852210170585934	2.7746203740943232	0.49360337363716261
59.427480536811856	0.85198640672155068	-2.3095403778979189
58.562367961571738	0.8782959177924341	2.3173921599572935
59.522758185256336	-2.0729829741558734	1.6231763993930659
58.582199902889784	-2.7050118159194598	0.62186283524389097
58.900789516164792	-3.4417683738154272	-0.21830640894060707
59.483070352154201	-1.0414430126685965	-3.091307953840253
59.796584399416339	-1.9694879245443593	-1.225703064229654
58.352108355138789	2.3688153478355694	-0.96729354237273657
59.626568153353432	2.4551787970119903	1.4086075238886495
60.011831525740448	-2.383253906701905	1.4296498596685367
60.031425290801927	2.3334085120207901	-2.178020742220284
59.623050604712461	2.3937420434117223	0.94274516377003514
59.780088606988549	2.0696698075748623	1.5852477412781989
58.660544308231827	1.2561553970618295	2.0654389840772622
60.243392396461573	-2.4828752029943337	-0.26741584045729405
59.81211055746499	-2.0067820241247469	1.8820155674970616
59.440229039630218	0.4386196238859007	2.4844054815111165
58.374807983822379	0.21190126448923	-2.5467990564933922
59.146782463611316	1.2506927883400962	-2.0789064545582616
59.40991250312802	1.0853029419134916	-2.7972488342089155
58.474629600544404	-1.4369223428524822	2.0484125802386424
60.153627644359382	2.693238229777954	0.007383430084667378
59.03346574177732	-2.2406473971444707	1.1474410313406742
59.035509823925238	-2.5695078516283161	-2.1335757600258094
58.577856853655945	-0.41399603359494291	1.9675651756852184
58.636956434580917	0.94511278150421629	2.5831343686570936
59.828079537269488	2.9444243984572354	0.17992448157571528
59.468466009434273	-2.2084604720519585	1.8861282998234559
59.152295280285422	-0.82320104499214597	-2.8334122110765505
59.357378702123185	-1.7662992702901796	1.7962651031797814
59.757340074019801	-0.32033600782950888	2.7482436218186699
59.246446101084061	1.7550547423407343	-2.2499199178716798
59.601374896049109	-2.2576532796549547	0.56391587431737511
59.405705845158202	-2.4272431173633393	-0.76804179528249428
59.85687225473972	-0.45870274854407456	-2.4181703282872191
59.742176833059318	-2.4287122726168753	0.6885877057485168
59.560879109969598	1.5831525464355183	1.8401369687571401
59.823355055605198	0.095274020817692789	-2.6643454228494847
59.923565811294878	-0.28378140628680398	2.4634048908486679
58.682454710669447	0.37410139101444045	-2.9720005519512753
58.728383618346157	1.599031091381806	1.7711592046051288
59.933097461775525	-2.404059526608338	-1.0472957778242165
59.67645765774143	1.6109222241403178	-1.8858670245037832
59.626339571315384	-0.27803083591078542	2.4425350761542051
59.918058035179989	1.8079104236121777	-1.7935696783802917
59.415792339052174	2.8613513453715989	0.82472348592679368
58.853556647931519	0.01824782395575128	-2.4663104241865992
58.429639579105519	-2.3684233776446177	1.3391479716727066
59.924467969426544	2.5647706884471719	0.28319041155724151
58.735800200129951	-2.7325987807157177	0.75215716760816331
59.004246575117364	-1.2235568228781319	2.5812252047360191
60.02712304286279	2.3025307084359818	-1.5191884888868525
59.025307562942032	0.83443334488737386	-2.3893597043574393
58.603001127016661	2.3556512459645518	0.0046890555624039066
59.225641411792814	1.0156894073671987	2.0877595113869618
58.656035388483772	2.7503791817492496	-0.4138916161680658
59.863306330125788	1.3497192079476144	2.3512182672314932
59.096207080661223	-2.1361235136477137	-1.2602173565743728
59.388104057167546	-1.6374490400361938	-2.2789263187017563
58.430950325061701	-2.0867315378398237	1.4796901265232396
58.918667890398915	0.67923742811210874	-2.5547487207755979
59.30106549656999	-2.0371016474364603	0.14116260832216376
59.024045469958985	2.0425455076707526	-1.3865286884171302
58.332480269584067	-2.8761032456122657	0.38951761747676106
58.737665344171795	-1.4544887214591533	2.1971032845157152
59.843950404770119	2.1272006933551393	0.93769759628687022
59.482268148988602	-1.5199322712367076	2.1240038212754269
59.269882521765965	-0.72947786810974657	2.0394859681497448
59.918713086395051	2.6887237146897602	-0.95538746240667061
59.41396885691745	-1.1636787311776744	-2.6933566415142138
59.089091692534446	1.0463448372751158	-2.5213192573053296
58.345059127821457	2.6511282995482612	-0.84000192970878329
59.591697153285082	2.7448801435041736	1.5470345055439714
58.642545276937497	1.9668847989712763	-1.2184297479698174
59.642921079828177	1.0698105530435646	2.9642076007238889
59.541147949246557	2.1332876028692884	-1.1903209182425389
59.590435768118496	1.4819724065700233	-2.4116964651889323
58.426856097098749	-0.049138531598059934	-2.8096098512145433
58.853692371070849	2.1884034545530975	1.0812510851466173
58.304369222216465	-2.2971926638120324	1.0661163934870317
59.044756721393135	0.43784091955145638	2.6333052272098825
59.024303243142867	2.3646118947227808	1.6126268133477746
59.095437185848105	-0.42000875606020299	-2.4717473882600811
59.871641802328284	-2.6846663440377672	1.1535844519112197
58.775745756178942	-0.51389608721687263	2.7193214785655373
59.942906852403489	1.714021283595663	-2.3773663198376149
59.9831333664265	-1.3866039632191396	2.5661196383529932
58.713877405578074	-0.80377537766893481	2.7737625231661842
60.0954338887788	1.6191378997054731	2.2420010483473201
58.55307075060847	2.6428124715608208	-0.70823919095450072
59.01738738531499	-0.09790443484841771	2.3102090005581801
58.511677190225015	1.4694921917649821	2.2868894534467077
59.198747321547287	-0.1407825233174555	-2.8218430111651638
59.02799134110986	2.9020270306444007	-1.1103163090497128
59.758078805146468	0.17100870368569746	2.8694835664059628
59.10966167031394	-2.5946629274042969	1.1770968532287043
58.597011986400858	0.55895133627920113	-2.2537249022825971
58.903585468454345	-0.79211160237138323	2.6376231502383902
58.742548422035561	-0.76801720919103544	2.5621855676473868
58.387162251869725	-2.3576532919672326	1.6179408343854309
58.495829923617649	-2.7774876499535606	0.20904641231515539
58.327021494168456	-2.8746178862800456	-0.37196918959940317
60.052051288610912	-1.2576597398295419	2.7782457361317108
59.701468283945459	-2.2672026425918639	2.1145394854373949
59.594758885160864	-2.1274890677947749	-1.832929092789185
59.855648692231227	2.0180657248734462	1.1034004441356731
59.956707828635565	2.4525827337796344	0.98817911673525871
58.681956299065305	1.8560988549575996	-2.2127991758592702
58.92881164284212	0.04240357109420214	2.5225345991532504
59.10978753996072	-2.5810751566196219	0.43198420954131156
59.657122275901401	0.52652938677515104	2.4636728929151936
59.314618402753645	2.5340885752727944	0.70289766128453746
58.408181744384329	-2.6485140220940764	-0.93392800245643925
58.461891430451267	2.3405899395750915	0.78637986236634161
60.142975319390438	-2.6869999155026729	-0.041785222652111917
59.046432919110202	2.1995912083835742	1.6762329110929728
59.258526647821043	0.76094382196171884	2.339882893552852
59.338740790009425	2.0287633249799857	-1.4226712263736381
58.700936276299274	-0.32296191913939537	-2.5475652165126368
59.319013552076676	1.6567263456293355	1.599360182141446
58.541818567988905	-2.6267994035094753	-0.58220927570365111
60.145664010718122	-0.2170954060402854	3.0050981739599578
59.705883107169001	-0.95211265924892596	2.4918121586465394
58.827201190793772	-2.00501154969005	1.8158823567285476
58.505873459112365	0.25884699210073031	2.445915330740517
58.699741303516262	1.0396940247607691	-2.8277090775649478
59.296411853816885	-2.0080611364757872	-1.8882749041682314
59.314713814444694	2.4181600958927159	0.87231661859466703
59.990233658363522	-1.2368422253646181	2.1402244866038367
59.960029764522488	0.95871374080375793	2.2187325241575349
59.234324125798693	-2.4402376383649935	1.1280433382369388
59.259218187040858	0.63770210496108526	2.4545396760422884
58.662435149559954	0.24213389052081549	-2.62231671834556
58.317250499428852	0.040724721482221921	-2.9608843350727088
58.825917019170504	0.25064519561376669	2.7653267666896864
60.202690207463007	2.3171993447466628	-1.0795277325241259
59.588595033924172	-1.7164797606176225	1.6848115575883973
58.348484871462951	1.6266672232857153	2.442750386383457
59.521504203963332	2.6256805573015445	-0.15187136309620117
59.258028775530747	-1.9886364527185205	-2.7643801199767069
60.02671504506224	-1.2867906643296882	2.2749156482953627
59.430734906655779	2.1931429013557264	0.57761023039340142
58.959897907885001	-2.941143894042046	-0.88674761992106976
60.123356746718265	1.8311510070984462	1.7329769675352764
58.976338253210209	-2.1504760931780935	0.85301513534728268
58.447979366200308	0.36143030170710333	-2.2996218653927492
60.096531064341384	-2.6596217205450019	0.67392982667115053
59.819806705254948	1.965138148784646	2.2183516835307238
59.861912544190361	-0.32852881134682255	2.8542358817406712
58.287009557894926	0.14650701217565693	2.3453757696368638
58.26872739741296	-1.9667025840067935	-1.0766723110835061
60.10606778257857	-2.2811659426498481	-0.85890831033742354
58.458066971071929	0.87491762373968474	-2.5529456565415476
58.877189582122625	2.2500936236612543	1.0045242190472652
59.406892508416661	1.2979369212822205	-2.6310325342896723
59.360639118109326	-2.4271461676743318	1.2634460295250438
59.903199504728903	-1.155050959676265	2.4166326712009236
59.796053248356529	0.14682094942567017	2.8788638979031802
58.719814995134435	1.4912980398456788	-2.5224877826307299
59.224853178814946	0.19249007461680565	2.3576552740210137
58.625705743725916	-1.0488350320597339	-2.3626993320656049
59.842798512568919	2.0862196740540728	0.89648863802124967
59.833825758124611	-1.9804167738461571	-2.4817035485772432
59.392825110009625	2.5323298202522957	-1.5238250880888953
59.218128129621135	-2.6119558161199685	-0.62351889840730268
59.937966337330273	0.23405580272252974	-2.6586958474114382
58.806001009413052	-1.7521655130892251	-1.6748954982591651
59.45801007155432	-1.2742735959912239	2.1713033726217321
59.213147893825607	2.4776221940739922	-1.8873763112328135
59.608526660167215	0.73883664340524746	-2.7476765174667936
58.661619419793006	0.6727676995656654	2.218542969746049
59.168645835785021	-2.8763789452489239	0.1391702491604801
58.877052468322368	-2.9054711367448074	-1.4413436120134613
59.604135893286085	-2.4325092554909125	0.21288008711739964
59.95224949798876	1.5008417724970726	2.1758436560893641
59.475028024541906	2.8051896935096079	-0.47086554212174259
58.664943313867788	0.33174508354221044	-2.7766140874971228
59.731387305657009	-2.3040097629011891	-0.4841197225676685
59.341716968043059	-1.9918702385492191	1.9717427831802192
58.426483015211979	1.6881024073163344	-1.3098143222694147
59.92435907482556	-2.465755291097091	-0.27967024572155813
58.48079037749865	-2.1972802786892327	-1.7975108060990996
58.815162870694792	-0.75533032436746694	-2.2763142974541566
59.494077496945913	1.6698918994583045	0.98642472120077906
59.554074995992572	1.5152006982950716	2.519916506675425
59.625575896936844	2.6142565068309764	-0.10233967862788326
58.893164515790637	1.6833733553793278	-1.9337539466223068
59.329529059740651	2.3512576913651655	-0.2172020217900438
58.753622632275288	0.91387137926769657	-2.648844113256533
58.990056478379479	0.272267379441335	-2.5469127118179093
58.382894908908639	1.3891679475808492	2.1806587270963327
60.161858526049116	-2.3100861265629224	-1.3387808663177809
59.083159527099532	-2.2593880318763997	-1.8269526805911311
58.79697512178101	0.46841027892858172	2.3206437511491442
59.128557017574835	0.11974021961952835	-2.7399708883528948
58.270262556159857	1.8456535115144213	-1.5442227729054636
58.655876711618227	-2.0107730024261907	2.0878896091079122
59.052724388113084	2.7206448174328757	0.11240269895747369
59.522372030820556	1.6591102450339805	-2.202003631953044
58.989903620900563	-1.9707410576860369	-1.4700428700150701
58.567288106077335	-0.41669086249282722	-2.6923236542971458
59.115337911577726	2.3795126961930331	1.2633399344990737
59.338675251412567	-1.4088132054192892	-2.1800558222758881
59.54312677851054	2.6944013179982949	0.81755151855020181
58.862188044640703	-2.0515804476066042	2.0823393642939685
58.919067855072399	0.98451888630037931	-2.1982638628964928
59.609888388936554	-0.33544820750150744	2.1971690787062355
59.4689940430181	2.116972962859716	-1.4848472749831121
59.816683522495907	2.8047241299597001	-0.67496823821662966
58.518325866485867	-1.3304604718452848	2.6153128949375177
58.624145226162177	2.15614517915215	-1.1858503198279586
59.280362695222252	-2.4804763616015699	0.42498994579719618
59.001711327102292	0.62431765192483013	-2.2438575693830223
59.044588106078997	1.4036081688078821	-2.2807401126648368
58.474916933790141	-0.099963782151271385	2.3980991320335057
59.54436360501591	2.481356376502732	0.063177461931915771
60.093779608820803	-0.59061546759119277	2.7264653759090987
59.740187820770331	-1.6394415247870229	-1.9758076198960404
59.357661580292316	2.8877151877734306	0.040582668910287681
58.629359002050151	-2.6364401203600059	0.25172234476189725
58.377094629442361	-0.34597394623630545	-2.6292106385794169
59.838473013801874	-1.6301554944523502	-2.3977952097764792
59.45279506561976	-0.091876661823146244	2.6318410134496242
59.621780259587077	0.90186362964930233	2.4536416987553369
58.157282907324714	2.1785687810274443	1.3736838512196363
59.881944557248779	1.4838958706369596	2.612714739317525
59.106536878243837	2.4511292766547856	-1.6743218156635746
59.046929811852401	2.4792913039957312	-1.4103444558739833
59.800749013637002	-0.1723674090636601	2.5227982234642057
59.532342516585935	3.0504439632783926	-0.24146897732898309
59.969119689400763	-2.7168173828515449	-0.14277321717864916
59.09079337119239	1.6861435050229998	-1.7047686084827245
60.068978153453259	-2.6610078191998485	0.54040613734505716
59.845620704014685	-2.59186440927088	0.83270279931517011
59.624175875808852	-2.3917688959608738	0.95110041616773855
58.784535925181068	-0.070273756248767277	-2.7151918006693241
60.026208951466337	0.60673287378493046	-2.8823228071217799
58.499710112711135	-2.3402084485288772	1.7131231643470426
59.480653048037361	-2.9418726886919573	0.57560724086192716
60.066337488130223	-1.7474514993389179	2.3831120632968079
59.912948631621148	-0.39150969644477945	2.5151059380240461
58.99797530330622	2.5835583882253998	-1.2407255959844981
59.900434300874885	-1.8380242324388942	2.0163518666838378
59.502107320358924	-2.2403624768944255	1.7954898780491644
58.291940006877319	1.1487950933468833	-2.3474938983437026
59.455327338307065	-1.8021607445575012	2.1842308795495642
59.424689665459802	-0.91607286731319093	-2.3151323684274749
59.038825560529851	-0.96052878261042451	2.6968562641116463
58.669887342214381	1.0045275875711903	-2.5234253875408417
59.734032853436311	-2.0257751848480758	-1.4286425099383302
59.629666566235123	-2.0498443047360912	-0.99610100908557164
59.443294062599158	2.3566123426535466	-1.315970697545185
59.951845419820479	0.32639238008856891	2.5687330737957006
59.50980529619649	-0.67888897473210552	-2.965969837700174
59.297680679255912	-1.6374814558907542	-2.2461889096271954
59.583071829462774	1.6749377291552923	-0.80505197992452115
59.766755291082788	-2.0050942706442934	1.3095581499322217
58.751784780317841	-1.765209498347954	2.5648495302287073
59.669771732110334	0.15460103919158524	2.3010281323957411
59.078149226654901	0.41298173821436795	-2.3413393733992756
58.837680575422006	0.3491155969581079	2.9627551701730379
58.799508689325187	2.3773165003251768	-0.88275637695381437
59.24936544120802	2.2829487191222695	-1.2577319121134578
59.51663587282939	2.6127683069775389	-0.94629023784614053
58.779519020356624	-1.5571345696283798	-1.8696250116678426
59.640115474206468	1.3319228104522365	2.301041253472111
59.59341889703952	2.2983545222127821	-0.87194491815406061
58.838847765833215	-1.7863371500750191	-1.8952163222651142
60.300108008597775	-0.46135522474147872	-3.0152866871315962
59.301710733091497	-1.863629341558912	1.7337187900718596
58.532061236137771	-3.4697169483810164	-0.50973989587757418
58.834350603959088	2.7943550034444535	-0.085181349495585076
59.38067239056393	-1.7837273574505792	1.7900551687854656
59.619372137336995	-1.7587139503078255	-2.1700087861671324
58.699558777119677	2.3968642396460633	0.69313608243038805
58.543724008937126	-0.53175823532371824	-2.3728749273643159
59.665358560289548	1.9085670939124393	-2.1023234410385925
59.801715268329986	-1.664922592943602	-1.9622730385962295
59.892165711440796	2.3825322486668661	-0.77799998892974664
58.686574919164244	2.5286956819347273	-1.1205816942923952
59.298700700514253	0.43699335482426815	2.5701142604304246
59.372434405126285	-2.6897855218508639	-0.80896215923346149
58.856102919611203	2.7443154917804131	-0.11443607323093194
59.849236955574263	-0.41540574170412803	2.9393636070861464
59.194032833202769	2.7432284618534384	0.055542263641073696
60.100463956832918	2.7703010600121774	0.467223038939101
59.167756397890578	-2.3648349145539838	0.94916907258555949
59.150001041246107	-2.431871241857865	-0.91096050225667935
60.022004044628119	-0.92079399797911621	-2.7590592468229618
59.932114947236549	2.4303434294090409	0.9970425010567201
59.103451304134701	2.7901562344398054	0.86218172767114576
60.095969130064589	-1.9047733799475886	-2.2081106124195675
59.568710197570802	-1.7347900051670513	-2.254642969438545
60.165496913254941	0.77000328302103871	-2.1411768542878629
60.120702021201552	-1.4824724031238501	-2.4965842045553623
59.108364990249477	1.6183112395008732	-2.1485639557202845
58.942423505073258	2.6565177607271346	-0.13265899085429528
59.493086415802992	1.6117303129566474	-1.6396223455102052
59.033262958669383	1.0674122774390129	-2.1307184961497438
58.985433849156678	-0.91457398380466304	2.1961501395417735
60.248312024000917	-2.8204476434458243	0.071911262520716668
58.426635775409927	1.7366675144752819	1.7856215117871537
59.692912180446946	0.73635815212495648	-2.6352034982916619
58.458154631121282	1.8146066994690473	2.1809819782614159
58.698979588408768	0.29616294563040679	2.8248365266739039
59.209255394169894	0.70982032887726232	-2.3018809261215369
59.264353693293486	-1.3255940263752268	2.5965321059497715
58.914917728183831	-2.2112776734990001	0.77790265928175251
58.684260319036248	-1.527368056791629	-2.1330958390976469
58.609745547476329	-1.9462684723214239	0.3496622238493029
59.14187470740324	1.4530306897655272	2.7132196260857033
60.210271467501606	-0.26978876041995459	-2.6503970293743704
59.061733773756636	2.1506075324111578	-1.5130213272336881
60.185083398004089	0.41585360399222276	-2.7588336788436791
58.817396434251869	-1.0338134362382978	2.2047866889466388
59.667744301964099	0.059468706214389322	-2.8616199181778281
59.109499337646227	-1.2456454698899788	1.5482180841847515
59.465833479153034	0.39276653405930101	-2.4093197848196266
58.686087796219958	-2.7375363908611066	-0.83467390064665603
58.413795648954732	-0.89429764032486148	-2.0506325982502989
58.458921372805023	-1.5750249488492867	2.2811899342800608
59.797184704423977	1.4197697864652612	-2.1534148194117293
59.041317348144837	-2.3874999136606925	-1.3244144581771644
59.079002986433089	-0.94896168722145513	-2.6970293023130871
59.223813780736506	-2.5964877628200593	-0.030840879231694252
58.583739350607672	-2.4030403670606946	1.4490235923733963
59.694379834235917	0.66744058815033924	-2.8883727987059054
59.132171431987956	-0.73664722041048314	-2.6879451921623518
58.470272924124167	0.29117890060215929	-1.8693985098574089
58.479794663122952	-2.8409541095216322	0.081140487188604435
58.826281752264372	-1.1458826440924275	-1.9974571200189468
58.955146017830188	-0.52348964574912971	-2.8487395770240163
58.435268560403323	-1.6311878682996008	-2.166073752428324
58.73618833629952	1.640413783425128	-2.0905214041881788
58.699161275407462	0.018650825425134479	2.9383128734236172
58.384784341537134	1.7418099222251551	-1.9257843137236688
59.746527994309503	2.2469135912006912	-1.3214855929163238
59.1554582219689	-0.55520758143096971	2.4652942937145768
59.616475789102829	2.2304196108123544	-1.7643125973624072
59.474401706148221	-1.609861311339968	2.0073698562060662
59.817276820428027	2.0034214605799092	1.7689467056713879
59.436297502217933	-0.90117925168016255	-2.4975486918730625
58.380305834178046	-1.0596002943170741	-2.3394306929014252
59.790632411637986	1.8899955677900957	-1.8548229629753723
58.571311749401808	-2.4747195984339245	-0.92870831930336417
58.813191527275052	-2.3070742505830686	-1.0866737528449111
59.340122815207557	0.82090748339653308	-2.4390436720427529
59.22052679510044	2.2545331230862851	1.612866132595778
58.861518962113287	-2.9480547137026853	-0.60964280690670203
59.73165871328672	2.1574610986625817	-0.80837961875286035
59.871057823977914	-0.89744276075885898	2.3876475562396413
59.964166035659829	2.0632897407601436	-1.4449516814534746
58.874407165387737	-0.75989975212539485	2.4129590206349119
59.563446283632054	1.939295315787531	1.9199653955864957
59.255312976665188	2.556042587668192	-1.4168073118040776
59.938689633425916	-1.7193772681861368	-0.32665052463724825
59.892007183083855	-2.2230226514694862	1.7338804906854572
58.465558472039881	-2.6659031119951435	0.72126771943504264
59.023387869932563	-2.5931268243669128	1.1379531939684477
59.706044739134761	2.5383677667222506	1.4167107994964825
59.708759145609484	-0.9040767329346705	2.5637940524092584
58.589530281955668	-1.309075013728809	2.2221260040032469
58.81330209476593	0.28051682619170815	-2.7274152860646668
59.207169967533758	-1.0623172076924858	-2.6562906263284356
59.06185350259365	1.6746203441325445	1.9989450094504901
58.933990448642561	-2.5249294973430803	-1.0799406977200237
59.870750751098889	2.0661987747457462	-1.4991086849148454
59.072504564172725	0.1157440623212744	2.8631881469294549
59.898549520007393	1.2448385953111407	-2.5211871930929473
59.10110013587893	-3.1140013544299192	0.68261725208137358
59.884489785906133	-2.5488732345956349	-0.65850705078815652
59.961790594871367	-1.3757703272144213	2.1326095290676474
60.016417163680224	-1.5579268388240999	2.6713055139925519
58.429535052559679	2.3545647320281033	-0.97861702271719053
58.794087187862758	1.4532927104072499	-2.2743705192829475
59.552161424545524	2.1649621231430944	1.6216019269917281
59.829600832769387	1.2367727343028265	-2.1289515620161543
57.98710378840974	0.53684221458021719	-1.8088660298370987
59.05715912231625	-2.4779647539016847	1.0462064519579937
59.496236386649059	2.7041329188967125	-0.75790108916727039
59.981981053833948	-2.4570059743150021	-0.45985870997907446
59.222057402267808	1.6574002374271457	1.7679892355104094
58.330306161202493	-0.074716719478485863	2.7143777429058584
59.51778271806878	-2.0454469575573624	-1.1526077482103216
59.033312018461899	0.42631249122419579	-2.7818036222468017
58.265715228198019	1.992395629156797	1.7934745201472
59.884300313493924	1.897367647485706	1.8851751342701981
58.872370908029097	-2.5863185234052208	0.17294205593697118
58.45759335314019	0.68884437802890675	2.4474146091540874
60.055422586284571	-2.3296727568240425	-2.1000995814819738
59.694288174654609	-1.6459979943628484	2.1647417265966467
59.711500563647284	-2.3092403758707238	1.1438670123597079
58.80752714978204	-0.010946103849153611	-2.7098332385820174
58.527577117647816	0.4836731639235442	-2.1778448584717092
59.216174654603208	-0.75030776847514147	-2.4500714660734779
58.961645869641842	-1.4586492342078927	-2.0795777944923355
59.84181328048161	2.000031886022112	-1.566347546852032
59.011751432241184	-0.02644359572045972	2.6085256473176761
59.519165213987613	-2.0903091961689455	1.845975927309728
59.442671734951972	1.1555346377638041	-2.5283142635405143
60.075511426018565	-1.4018854268658414	-2.3833462389770537
60.18278037003094	-2.1803606832732152	2.2635851661760036
58.813404433769151	0.74546853333125729	-2.6224264928537138
58.47834428226448	1.4195974936179283	1.334466247162845
59.61270921459127	0.69009997518570243	2.682434446062568
58.335433029973963	0.58338850877826276	-2.6227672959338566
59.520437187710336	-1.3528117535808428	-2.4386121005259254
59.087732325082897	-1.288925554869522	-2.4846888194965135
58.424377250265771	1.5490334106890311	-1.4518861393211941
58.897802317275193	-0.28939424494073751	2.9630367323203908
58.600819911847786	2.3454964898192232	-1.1717332714179709
59.158966476081694	-2.1390083673487159	0.74780792338286373
59.804183788780897	0.61452952467276989	-2.7976057009014657
58.823069642405883	-2.2859370895702948	-0.078775258164310802
58.471647268497541	1.9546787933554035	-1.9488593478059
58.70958265125703	2.2587659970897098	1.6303388122208224
59.934401013111454	1.2852277578589368	2.2789487894430875
58.838996516959611	-1.464641916688838	-2.5833805510472345
58.408666745518339	-2.4164416369740458	-0.8008083038844106
58.938982190100752	1.1624069692685435	2.8936930956654416
59.594681087922716	2.3636084113945937	0.81978347083325565
58.568632265316964	-2.2290308612801799	0.93301622560485709
59.298990206069455	-0.94575531627298293	2.5503085298677193
59.407808051503544	-2.3765358561294692	1.3238910944512761
58.354660480091312	-0.51622365899784384	2.6439882200428664
60.073382960905434	-1.3633752282449756	-1.9012672928981169
59.412920351746592	2.4766951612673997	0.15880627858291776
59.213038548669985	-1.4272276711765839	-1.5679603803430413
59.567068606897486	-1.3398986548190377	-2.7800880679747877
59.211404298144686	-2.8342847202671209	0.36052667488394985
58.497889178754939	-0.82523617804786886	2.3611524791623082
59.81833697729018	1.6714778262817203	-0.88294763414039357
59.986918531914732	2.7284069002639511	-0.01747739377427044
58.549931990702547	-2.3460676995156224	-0.75799874261974576
58.684401124821811	1.0567781787252528	2.3558285080255392
59.74845459027825	2.3670295606007032	-0.74735635008859091
58.94787267859185	2.3407869552412031	-1.5516477393413926
58.854050305094013	-0.11602536797751757	2.1279278932437884
58.203893315172024	-0.0030506520989754989	2.3530920871512921
59.345085780101719	-0.48682512230679953	-2.7942803992234033
58.654234691298619	1.1627738152162139	2.5995513863467274
58.625334341196634	-0.11688796951479176	2.2588370250042389
59.168517100741859	-1.9815777776140646	1.464375672104262
59.702218950992709	-2.6629412391472682	0.30310448885657093
58.572771427042866	1.2828076860955826	-2.4137245464767689
59.829443416983892	-2.049159965253796	-1.0176801463766298
59.556544166266605	1.8773451887047214	-1.7866453989122419
59.834192647807193	-2.2457795300810952	1.3459496732878931
59.409682253169734	-2.5736062245222908	0.46093097232796587
58.509168377970752	-0.73761301407558699	-2.5865911564877715
58.519649174335811	-1.7990659928224384	2.2161353383475864
59.841690591267792	-0.34456571323478014	2.4892933291232398
59.707147850677146	2.390593249756424	-0.22435737687339435
58.734541512541249	1.2793997686006799	2.3859539861202697
59.453586373654652	-0.68094099952359133	2.743933129353521
58.767526633437001	1.3628270229849722	2.7285416155452271
59.645619580605093	-1.3306799272031593	-2.6388324248150625
58.221810739211854	-2.3271432414967079	0.26300039206767356
60.144688780817532	-2.4232244279391986	0.33796189383711356
60.042978574015812	0.20306488330001765	2.4483262813240181
59.867182761052717	-0.35573595542378905	-2.9357337632196283
58.530777993692162	1.9701597424208219	-1.9987889579328766
59.98545007012784	2.3461843956420907	0.9995296175729893
58.966107782876946	2.5270184919842951	0.48411786884775437
58.872542551678315	-1.6168403582361273	-2.2327171535090331
58.752073054073456	-2.6269721762607765	-0.37460008758671687
58.923776366880666	2.8878001475151396	0.44213320803388628
59.88632253693369	-2.0492839424050886	-2.0870391143321383
59.812044545567865	-1.9109576069008309	-0.33425496517813397
58.651817517819623	-1.2511921818574991	-2.2080696138765536
59.641602138111551	2.3133423862362736	0.9276810591801371
59.686095477665688	-1.7345707769171776	-2.3536623606398872
59.375624015906801	-0.75017034637174329	2.9902411375666582
58.66412238562144	-0.47429975840754329	-2.6278527360016297
59.218941753365307	1.5866668993315372	-2.4225445616698078
58.858386076599423	2.3644101517612577	1.2836191908009127
58.37056412090778	-2.4344741479787935	-1.1723535061692254
58.303355558400916	-0.96078960060804541	-3.6582349977438628
59.592485751356456	2.7737818749626064	0.068368782668290995
60.162787075141246	-0.1236220006728284	2.9213667044359308
58.269551620875532	2.453895168972331	-0.56956145516792522
59.053564953553526	0.087998937277219483	-2.7757811753693078
59.171381688989349	-0.74818421741926133	-3.1238242908063412
59.838084577549871	-0.60211432961394185	-2.896813707789724
58.534553694729567	-0.32645312219803735	-2.7484883044488706
58.786070244395319	0.91249643413832238	-2.3881584433179146
58.525828024808042	2.416854783083112	0.14971011732213743
59.865794057843793	-3.0103570819992789	0.83254059321864249
59.565391829181543	-2.2789809640000138	-0.75092679023776876
58.45209122878461	-1.918003011902782	-1.4830028558580444
59.198655387275828	1.0480723190483634	-2.911838749354128
58.459812025454355	1.8283734940028162	2.7697449374952905
59.142544883233981	2.5491398738539619	0.19155893701160465
58.579492452341277	-0.18348960590368607	-2.7304136071643774
59.590194516186735	2.6607430301184447	-0.015813689010963743
60.063124738683136	-2.2421112874899949	-1.2006434780907251
59.867866126218914	-1.9066155904452453	1.5827517353343965
59.657360115016786	-2.1521665954454288	0.4226506790877233
59.253899832698259	-1.7541545469398783	-1.8764212505813296
59.094600526492648	-2.6164885793386392	-1.500685922570054
59.931453832760106	-2.6421059652570467	-1.0054943002588199
58.179028283412052	2.417803949801641	-1.6666355347400459
59.772803298483787	0.85135806297378491	2.5814319635708531
58.377191664599422	2.154430400686373	-0.33877244465413098
58.696137569965096	2.8510498795426491	-0.11698125358926668
59.003029664348773	-2.1269495778901413	-0.4753577632388209
58.418028438279713	1.8515832396931766	-2.1037300139508903
59.723475679277968	1.905579249553182	-0.7228682036549734
58.333381501751859	2.272430716018889	-0.40968709884068044
59.284792853269757	-2.133988192340774	-2.4990000009449678
59.884926115925055	-1.3186420172207167	-2.3222819555419338
59.863534532523822	2.4059660313727878	1.5768922114366823
58.371978404066269	2.1345244541696622	1.6712045907372057
60.080826824304765	-1.6665164695720316	2.3821068734135054
58.499302033004277	2.4597997686002007	-0.37022956051995815
59.240978773377115	-1.4079564005239313	-2.0779713890086331
58.71084528481834	-1.0702031727469385	-2.4375814571067513
58.502388404271727	-0.78923898527039471	3.5350971995096168
58.556785044131274	2.3768362079534988	-1.0515812100945561
59.600792664340709	2.7902031147247541	-0.10044425855009338
58.758323053845629	2.9879259417884079	0.77074702451791266
60.075161512030725	1.7817458088425679	-2.2594492033276703
59.126390495318837	-1.0931313289642068	2.1589282945698844
59.096101914085111	-0.77237179305812431	-2.9859365654435064
59.868371132253138	-0.35704862414511751	2.6607206680441915
59.992391727672249	1.8888935666238882	-1.6536036912491874
58.699081136971493	1.08309500433447	2.573276868042186
59.156896728730331	1.3267195141921071	1.6352829946874063
58.258408444819814	-0.13998875844337311	2.5006046004100897
59.752252051515576	0.50345983201674971	-2.2046694279778682
59.547021885063536	2.3645575569053205	-0.68235791427132775
59.642157648737282	-1.6311630425283836	2.2333132661798021
59.198195660339259	0.058730554984937143	2.3645559658054713
59.097248349444939	-1.4572397875685659	-2.1979783438037188
59.710101356305813	-1.8201082535787199	1.9910557811155181
59.807716150649284	2.7154153873014342	-0.47951292512448512
59.192362445127124	2.3920333643861502	-1.0607052974732087
58.253299693393359	-2.2914871290633827	1.0480827339440111
59.859478571043894	2.1275446270764107	0.77635974772467264
58.670791225712897	0.93503036065827927	2.9035439052990819
59.803575512500544	-1.6941907602847925	-1.82157034008761
58.514227564932597	-0.52771235780710735	-2.1822128772158349
60.203354233557761	-2.2723050002899203	1.2846276819348681
59.73590548614775	-1.5159477255616118	-1.5016829621166361
59.107299456806373	0.60713467595283732	2.5865411008860963
59.045915548107288	2.7053193656271239	0.008285264014021524
59.667619892856671	-2.045731280867348	-1.4276553825048164
58.994807055008593	2.0053129222405666	-1.6680715803642625
59.588722187805615	1.5999882961613709	2.4475156483918332
58.727992899362164	-2.5195303200193333	0.44967447543760297
59.874631928038795	1.9096809414961164	-1.7865494185732946
58.778950897212276	2.4673076007380668	0.58417126345556869
59.412666892731153	-0.1191579445627053	-2.3779555095708313
59.728266266699165	-0.81909365618971186	-2.7370923655401542
58.935804251830945	0.093119500031151228	2.5807784354200995
60.086936703198823	-0.69688070615803221	-2.5031881828158156
59.821011768267098	-2.5964389984959801	1.4872678337304572
59.469631449154924	2.0665081801873129	1.725692146972041
58.942588769756725	-0.58691025408749931	-2.7249564476142867
58.645308262820279	1.0440514809662684	-2.8962483820355129
58.317294702100639	-2.8737056837202086	0.97900321754290787
59.594027841936025	1.670246040231735	-2.4649811777518509
58.921612237948167	2.4634520112198262	0.97017750431557459
59.430829538936507	0.68417322488602694	2.8859474143584198
59.739817454421505	-1.3213519608418915	2.3277200528821949
59.721169250177937	-1.2269773286939396	1.9286430697402253
58.749025023606862	-1.3160028929383707	-1.4788224704247845
58.808688819921251	-1.5276295665549537	2.6206153474215679
58.590833069728049	1.1679925508343156	2.1474998449633844
60.158689324348359	1.6540308871703968	-2.1051106462131832
59.439665811268171	2.1905408917644014	0.861219274548086
58.42495727411869	2.6544754988570518	0.70897735924020311
58.794604652420063	1.3747595769102448	2.509602314792081
58.87485228660428	0.98040999295830289	-2.1580092405268942
58.536315528709771	-0.069990541664101333	3.1112450225973056
59.449684372824947	2.5297716160090356	0.55259001632387095
59.519515373187716	1.779746511369545	2.2349760561018597
58.896124969620907	2.8754564995636982	0.26536799359977914
58.694622950199644	1.4536658146133972	-1.4157343599784185
60.093573420635998	2.3400261797378001	-0.11493047234578337
58.431528431111097	0.013604055642379752	2.3363223380114864
58.92873898957496	1.8585735963008012	2.1489240724178984
59.578649395531173	-2.5751540470283749	-0.36320231721649088
58.710643361872123	2.1704783055702257	-0.86629830384089557
58.730966431453929	-1.2685527026680614	2.0658237805330808
58.600061249338104	-1.3230206400211537	-2.2990553357297632
59.750853683149039	1.7231633878172896	-2.2520592583808092
59.965385949003199	1.8215094647976524	-2.5757810871671039
58.914490663166212	0.010221745517481723	2.8914550900098015
59.450580465634346	-1.518824374839951	2.6080545311075558
58.350477220106598	1.6509334678483623	-2.0579026948114034
59.436258302776984	-1.6480616652925983	2.3421776099221741
58.985738031665996	2.666838006489979	-1.0047353939854273
59.679002937132623	-0.070445139781334223	3.1797848155677118
59.439792800376161	2.1610297942412235	1.3650026236417354
58.555116907624964	0.1870137172735212	-2.5832841454223026
59.826258243663311	-1.0736439269845759	-2.4504260345783657
59.58568771562382	-0.86034603096107332	-2.2189212309028403
59.910098159202576	-3.0636262170619855	-0.065568111130797302
60.108995224406833	2.4333931022905513	0.64025817662432005
59.851530767602775	0.36416193576766942	-2.6981708785474883
59.184193872985638	-2.3847207136246698	1.0425096260713242
59.444651225715688	-1.3698793678452532	2.0957272662081134
58.652347635484468	1.9490818728487642	-2.7571790550853543
58.589422989560937	-2.4369940907762655	-1.8467779528926052
58.470624749787724	-1.0452627355520527	-2.5388506763303664
58.653660131420928	-2.1241145876871417	1.4635419811293162
59.477019102596124	0.34644930913136374	2.3958593311144596
59.79937450659024	-2.719240428041398	-0.58392136837787401
59.578704456898834	1.6410965098593362	1.8672250392584753
59.752843640038911	-2.8163849208238476	-0.84395948130546261
59.030427447422539	-0.34743659940815563	-2.4971534098446226
60.020509107993085	-1.2615271037163887	2.4457144420721488
59.812736251269669	-2.2461790586676837	-1.4512498296215159
58.821491703060062	-0.56563140664802536	-2.79208199223384
59.750864790179925	2.4175578912401385	-0.068803780505369699
58.372957429638497	0.33898148725501254	2.7153603567509292
58.805130617707462	1.5272258315391836	2.4792273399090345
59.414119227243738	-2.5526345092418854	1.5330012519287053
59.445476481178424	0.30890961459836125	-2.6417497488945876
59.010054148243988	0.19023531148018163	2.9609614160094999
58.455605676045536	1.347097590081564	-1.680462622937454
59.561122669615266	2.7962621861203774	-0.71049173031173196
59.158646676821306	1.8226125253855971	-1.8833541070858855
59.865305987696729	3.1428558164085878	-0.21813987029492379
58.902660159196415	-2.0163340805738788	-1.9624547219662876
58.725530119533339	-2.3092426138539692	-0.11317344538315828
59.891286245533387	1.9450077538793744	-2.1706473768042884
59.47272392600194	2.9789814032567992	-0.81138792323485553
59.249005129446729	1.9668511493077034	2.1363039767276688
59.644331995620803	0.16851812613270353	2.4515868127114149
59.600684391733374	0.70962306555521637	-2.3707019581161468
59.535548032518854	-2.563534291853816	1.6471793520762861
58.800960624296977	0.021111711161062072	1.7376315471494996
58.850925149148111	-0.67817241772617587	-2.809746721517
59.554234666663355	-0.17519238528319803	2.9244841240407835
60.116312451593821	2.7498021062454687	0.60043767347258081
59.805370903679254	1.4719760071448869	-2.6634760171609679
59.03061463728956	1.8336528876273217	-2.1812434260275109
60.126786159224608	-2.5624194293148173	0.58040370718604994
59.412289922078678	-0.39342547671826983	2.6338108101795883
59.457253111264606	-1.9870108372407118	-1.769892334881519
59.421662634615046	2.4644321536007916	-0.31940741443921838
59.542297403874535	-0.2602952475506346	2.2461810662189827
58.409625438482969	-0.0039648532132400159	-3.0811508609297014
58.944718073894236	1.1491664670894535	-2.0919263656796536
59.561694880363618	0.72348277819209594	2.7738720649584421
59.413862719372098	-0.88864437650615968	2.5156310943406854
58.992619587748386	1.1508340967698367	2.3127772406990799
58.620861525227454	-1.0944596311155173	2.3273581122526323
59.532103919998434	-0.7328202076157343	-2.5598318594819687
59.398354306279501	-0.15772559745564518	2.8933760388515926
58.854687755768609	-0.75428003953885425	2.2260271899796051
58.811220347777379	1.8428285279243599	1.8138385115190769
59.833356171162961	2.5595908407222838	1.521090880362777
58.669312745349444	-0.14285061897207801	2.5952568391107467
58.631654508850225	-1.0048581170851971	-2.2756581274639363
59.187103614954253	-1.8987479676395831	1.9559324671929474
58.325315863099696	-3.4834033516700855	0.21671116397541748
59.840604318669556	2.7333317196356126	-0.21650545420106859
59.099244899931278	-0.99217613297630702	2.4816021467789748
58.564241117884286	-2.4121774444095787	-1.7243149119840904
59.127096144426268	-2.1683103364054022	0.2175967908479291
59.539509468271675	1.8775619717508623	1.8052864409099718
59.896528113063894	-2.0713526126949544	-0.45753698317045954
60.084856766313571	2.606994545478758	-0.39153076764066136
59.026033879842615	0.74433124415316054	2.9367199374718456
59.975084949479196	-1.5341776160366305	-2.7219229274253514
60.204777981779884	-0.034604144499711845	-2.7298868071774112
58.421702088365265	-2.4907746173087011	0.09243984824370835
59.863720217992196	2.1082329988829129	-1.67210051280218
59.205665452233589	2.6623474588943425	-1.5622513973183094
59.342105082936762	-2.3991714592585009	0.30656544372764327
58.708508338581595	2.0745783244164393	-1.3103869423867078
58.981369731273624	1.3645099286509048	-2.3201245790256939
59.639922277331536	2.4013204161308006	-0.88591436416351355
59.791604652735501	0.60571574274193096	-2.661452362449729
59.445369250735254	2.893329738588784	0.51723886211664816
59.108327161283263	-2.6298701121871209	1.0820809767764634
59.056493725457699	-0.60990821663226413	2.7939278397587879
59.166508446642396	1.5518463243265708	2.1841085369780822
58.637330660717453	-0.66612297220993255	-1.6459317802289994
59.056980351518078	-2.4027604928738691	1.0757435309365757
59.664123706588093	1.2709870586519416	-2.3578005816279042
59.555223583539025	0.56375868699325904	2.54772671753005
59.398741301343811	2.4917111954468978	0.8683570792171954
59.489870483743807	1.6865327459381501	1.6912040348212602
58.578461522507716	-2.0092937079023541	0.99083580448892583
59.769445502395051	-1.3324219475969736	-2.2687043013301125
59.279635838492275	-1.0586488999824109	-2.527002306375421
59.547547877496761	0.11284347040623015	2.3868458107040409
58.893224623119117	1.1111693958997677	-2.3070312731952871
59.701427921308536	2.6591504898396687	-0.29451048729637147
59.826500693921901	-2.7544371610158445	0.036142654357307735
58.80733588995394	-0.018798981430233262	2.7815581863265311
59.524182545578199	2.6006119967772268	-1.1556653128743162
58.488809583957348	1.4547685745027297	-1.9909799394807002
59.267265179369723	-1.5927387665553387	-2.0842656303949858
59.755017476990432	-0.77031285584594777	-2.6472427263527072
58.647684256278346	2.3128712649528151	0.41286776646118156
59.617327810997331	-2.571112855559055	-0.66310414431522602
59.29101316131419	0.30794943505554312	-2.3642233914427808
59.976530885615567	0.48097813448675286	-2.4577426422184421
59.668592180827368	0.75195699250256676	-2.7563374459292702
59.015120630290667	1.1665669789254509	1.948292014649788
59.473706541064189	-0.75986935140048917	2.3900075435856523
60.050671540271317	0.53266649118358145	2.5574123253243504
59.730797812442916	-2.4394690144530253	1.2179674631874988
58.571811356615839	-2.6668600207841493	1.5290317097338675
59.298591980521294	-1.3100816342945238	-1.6315860113346314
59.852227803599703	-0.12176173266142648	2.3743906883258594
59.432853149304933	2.150226014446035	0.80635713819213994
59.847404419485187	0.61422346084445933	2.5081956977971309
59.336754352788525	0.58233589911269201	2.5336422486556507
59.8183683373394	2.2718736856033495	1.6090589940448845
59.000225927740281	1.1026924166363665	2.0585914403886711
59.756622385507541	1.2869899984145721	2.5785290386779591
59.987184108877422	-0.10048768292236585	-2.6282126892174289
58.884062893883495	2.3856049123947574	-0.9405853272947553
59.236733015950975	1.8341217734975532	1.4266314118815127
59.903151522901354	1.2217913270947431	-2.7199472494617458
59.518701120679161	2.5347446805964178	0.17051450001063104
59.926982215712002	-2.7775134869644815	0.59695326905161716
58.438250713992673	2.312922677489615	-0.98354570708689615
58.375222103182118	-0.5175917637624301	-2.773914607161402
59.902529694258718	-2.749379740059168	0.97341398489516651
59.374331399627998	-2.2014924475537416	-1.3522640942625432
59.942429889502947	-2.3999861453947848	1.0874922292332414
60.219782773143699	-1.9788940476540562	2.0317350589359418
59.129285663393375	-2.3903950023374834	1.266086777091501
58.750115266090077	2.5235969143309096	0.8865190678311049
58.793953117142351	2.362816530121659	1.5278753195466734
58.598360156400901	-0.069102638795019516	2.8503233234954002
59.132436511027251	0.80437159428145133	2.3718851062615252
59.453208500998912	2.0233429419339881	2.0536510539520747
59.300646988664901	-2.4432155021170656	0.22930770610108381
60.251833372522043	2.2883785970318944	-0.34899673142826143
58.829514579840989	2.3600392406599253	0.33711943208100309
58.628823517960164	-1.1367774651727878	-2.3206625413773208
59.780766640723314	-1.3938424974137036	2.8518729314134368
59.899054293121303	1.6071372246688511	-2.0795053324319643
58.505509269962502	1.8344300666914481	2.3445003853666502
59.682608428082006	-1.8589667402662311	-2.1096286445897716
59.243747440808924	-2.2466462271835419	-0.98527688862619178
59.71063739396601	2.6691425721649296	-1.0470048919541937
59.226219939724814	0.31819271860248599	2.3347122524443349
58.651692982251568	-2.6359228450744974	0.49612753050119529
58.982059080295009	2.5667953284684288	0.38109044466571357
58.895259689589011	-0.96481510211054877	2.5768083505537152
58.762867034277697	2.6119261456933516	-1.9055396083443008
59.931634999425192	-0.39147599700243807	-2.8420725701385297
59.510580281598202	1.7365063701533383	-1.9316994056864254
59.058628182974992	1.7920440931628729	-2.168426233145532
58.733689407018026	0.98437833877506387	-1.9568594315015351
60.048012393879986	-2.3321806763488335	-1.5186333310529687
58.573039986194388	-2.3716180554501913	1.1034115672383131
59.621499915104245	2.4776650423960422	-0.57299239610469455
59.965038123153825	1.7671340729583205	2.4543263215480553
59.654948049651182	2.5942878922907808	-0.30713848227644258
58.865700441878218	3.1329825419098194	-0.1295784707368304
59.048899199605323	-2.5216106041911366	1.299333537274487
59.738616972100303	-1.8503602272745103	-1.4381301582534372
58.766202538810859	-1.5036145823679941	-2.2570463378178602
59.584685429185754	1.7701010231990599	-2.4722856929485224
59.41624951876782	-2.2105799552417671	-0.23576979582044394
59.275100580320569	-1.7447343520031016	1.6795039739706439
59.880180928168144	-2.7654953800449551	0.10251968829839363
58.890652612651628	-2.7418880824825664	0.28195952208077846
59.83039103649417	-1.4250812857884718	-2.4412609716247036
59.667060065670775	-0.077483356551535196	2.1391650201295609
59.145107768727961	2.3979253660563997	1.4715026054090863
60.042477205082719	-0.38636332422499514	-2.2558139576322933
58.32539370038635	-2.2227367728201468	-1.2588291370538076
59.019623012149616	3.2775781900108032	0.46253161641912871
58.604668367671529	-1.5183766398831475	-1.9292697675406196
59.114062687938691	0.26654151261337072	-3.1066050232503533
59.406647546187983	-1.3699207662577235	-2.4381849595710623
58.627417064692203	1.1592952693973655	-2.3983147039786354
58.955834628956715	-0.15358393805693099	2.6888810982661919
59.111911403837482	-0.78911042441999435	2.9933734645368908
58.622814081204297	2.2419615402727238	-2.0520621959283538
59.77160122510179	2.8190577137272914	-0.12363353333855061
58.969012111703648	0.65956699370542127	-2.1038192165810838
58.883674236070796	-2.3658600347101868	-0.78437501805902832
58.436479051261095	-0.678997984643259	2.3123409856652688
58.725982786433221	2.7390425497181337	-1.5789994625591706
59.623790777075151	-2.3567815666461254	1.3988120722740995
58.717264569324918	2.4931445137706376	0.98671205885850521
58.701056984677329	-0.59368243677065324	3.7947102779309545
59.599060928364487	0.64722636564155189	-2.5932516725109482
59.534745254072405	2.0527048469971128	-1.3342714997378822
59.930268794456019	-2.5484354208113555	0.28025237844654272
58.546660786000317	-2.619669232331284	-0.86720257098986109
59.96629461719089	2.3316555722475738	1.0942477543573383
59.760414780267318	-2.9822235895728126	0.096187150616317482
59.760665372106729	-0.93629169437146553	-2.4596439465096882
59.84024461283753	2.231349480665068	-1.6154471399777544
60.24274465557928	2.0949763380032693	1.9390300837033136
58.388097900482705	1.7614131833361313	1.9545742254815488
58.537572391121202	-1.8579640503134653	-1.7614427483119521
58.569079595597444	-0.055822540069267165	-2.4487659158467441
59.642679213911798	1.2523399381133715	2.3367933600865367
58.620902142814401	1.1260979747218502	2.6588782486893416
59.062047507832936	1.8114735978492269	1.6929347976534581
60.202720661564079	-2.4443831424632441	-1.4431140782455352
59.117564311027721	-2.6901038181315697	0.19128883598070537
59.326264694111103	2.5547997668891393	0.11435476610858397
59.7746090390294	1.4920636503532159	-1.0538441344915748
58.494391178115109	0.69086587580633407	2.722895579986615
58.632111133347962	-0.40492740501524666	-2.7218606644546317
58.981340895452469	1.4673358074968099	-2.2472441528188547
59.186848725790959	0.4262479099931713	2.8598331559808763
60.007368097759517	2.0008276239968721	2.0487273293962645
58.676801967394184	0.92189707969905488	2.6284997426751304
60.111966580156782	-0.038583513758550729	-2.8724511051992474
59.519879057629183	-2.2037682953462978	0.8844228983960476
59.509492941169285	2.3138588525727775	1.4402474239379897
59.531889953375625	-2.6096015653029023	0.56289625466748272
58.936518862776722	0.61629447145320093	2.5828820540812378
59.253291792164077	-0.67735051684548009	-2.7799262566269047
59.935662074419376	2.4294798687126673	0.8379070503715943
58.638184409966719	2.3301048929656045	-1.2120686180273597
58.581259311734691	0.94189327271765333	2.7307011861054002
60.257761171053836	-2.0885118443750224	-1.2464726783000568
59.087596790932416	0.99188811239083363	2.0008089673723011
59.775564898409783	0.96692623275233991	-2.2347367354804533
59.776996582893084	-2.8752158853338261	1.4573947256016846
58.722814127170444	-1.6785547511125152	2.3487478689969161
58.904908453251032	-1.8778794101241674	1.9502606456225642
58.984005257104123	0.97166289850369747	2.7409872313346759
58.621249191029392	-2.4392643946007868	1.4679861484718664
58.816929641752729	2.430727381989831	0.61710460494434072
58.817802820126801	-2.5021687304280249	-0.22074924109207048
59.202216916724339	2.9061123690855628	-0.79769539599575623
59.223965038421575	1.0347151311645346	2.4713538995254933
58.668023883810214	-0.97485194246852769	-1.8648466317920609
58.691925398106569	0.28820176608918807	-2.5180716009468078
58.821110940941821	2.4532087296848397	1.0947650757601273
58.526160070093418	-2.3754853420603284	1.4087656147569378
60.202446372635421	2.1836342906872623	-1.0678526633662393
59.516149799115283	-0.61289543006467717	1.7434655256429805
58.515134262282068	3.1371856705486945	-1.1166139854358794
60.03941087782917	-0.26687271367163889	-2.1849564246118454
58.382034329176449	0.66858648198797543	2.2913356073092825
58.650812240652506	-0.12638758185271173	-2.584771750116809
59.412152695536335	2.5021327446531472	0.57599573358584688
58.522148748782392	1.9060602286957495	1.9806468224233402
59.998420523035627	-1.792576035577661	2.2852854417393131
58.914683906949662	-1.2134656187765314	-2.4590164422334659
58.809079707702672	-2.6666682848602035	0.26736677700219119
59.42208801217506	-1.936101921699765	2.2188569262638991
59.836665571262628	-2.672088419674219	-0.49718515093905241
59.170337208859657	1.7814557767577333	1.8622371468133596
59.684317455761317	1.3075754937744748	2.2446390911434619
59.985599334841666	-1.7024697935788591	-1.8629013301009132
58.767011480956512	-2.0633886560509032	2.2903598575284603
58.475671397359619	2.4628023472404155	-1.4795611061236373
59.36669912295406	-2.9055707493824263	0.67464791926405798
59.941192053406617	1.3871239047538559	2.0893967548552914
59.349525222807848	-1.3537266354750592	-2.4380973793184206
59.738972860168843	-1.8024410352764779	1.4392760861671587
59.946815625746389	2.322432885589035	1.7574640971606661
57.995477793471863	-2.1483431007532152	-0.62151495990319516
58.914101262556336	-2.2949518665994031	-1.4467396343791872
58.542013188561043	-0.57455724240495631	2.7539890531219098
59.287697465003738	2.3427316199926413	-1.5233180589365243
59.560408827704109	1.4839415611345186	2.1788734859779533
60.027339865821816	-1.2475357166158372	-2.7111264156617603
59.965460620624754	-1.6288185522995571	-2.1195548327661693
59.601312728503792	0.59941991232924108	-2.6478751355599131
58.547380380556774	2.7014986653604498	-1.7813945711313317
59.689310013851788	-2.6752578289122129	-0.51293736365927711
59.173638754924177	2.7444934227850251	-0.096780689009330845
59.484653240471985	-0.83419433566884282	2.2094478173283711
59.029314707364186	-2.1972151354967275	-1.8074200594269154
60.012089553188098	1.2375633924822569	1.9375546256861518
60.148782888611166	2.0736168091077261	-1.9317409589135326
59.596752407435943	-2.4942329539765344	0.579754340915419
58.803942318475414	-2.5812394527129996	0.29346364871664737
59.373304335471019	2.3989163797651525	1.3623716821072991
59.574773349505158	1.3492538043345519	-1.9069714632054655
59.399344452919252	2.0752970921160316	1.6357296227922253
58.814051895947685	1.4260670527583641	-1.8617858204017468
59.440813351174626	-0.73552938043004268	2.4961944764887187
58.380222083396731	-2.8049985543184088	0.11812802719465777
58.337009284499544	1.9158874579063432	0.021258465412946053
58.649350844807365	-0.4989034630389616	-2.7070853890468261
59.969558539636061	-2.6500198823859238	-0.33532641387942941
59.730227856750872	2.7055220799373347	-0.41036058370034489
59.704033642803218	-2.2625451870074733	-0.91483536012395616
60.02154945403926	1.3855920609058463	-2.1326843818305905
59.494973127079007	-1.6561721560797646	2.0144188739797224
59.16691415739075	-1.1142708725126222	2.4658359576505346
58.938315115686201	-2.5645438898339452	-0.58027591502272202
59.85804040682919	2.5238638287870478	-0.91304968933452268
59.790683780694486	0.71933105966514255	-2.7644424927446907
58.67084470644027	2.7703931731521023	-0.35750924550916036
59.195692472985094	2.1244904546531593	-1.7578235115036434
60.011935059403925	-2.6236574613994508	-1.3925770259782022
58.968522171737156	-2.6409026696633515	-1.1349117031835358
59.252964849069109	1.5482369130529097	2.0086479901977987
59.889293177118589	2.0194211974732412	-1.4860220337568251
59.881991167082546	-1.2663799762601375	-2.3918061473550618
59.449406627333921	0.1384052600794406	2.6903579193509666
58.796152523151243	-0.22249936709043203	2.6145435935565993
58.363594338659759	-2.1690846529294632	2.3388051543585937
58.593174811847909	1.74653515902442	1.6105063438557836
60.198172982316883	-1.8025020716379374	2.030140901783767
58.510632077401773	-2.1340101943648837	1.159972918021611
58.855455052231484	-2.366028710222766	-0.89945648377533505
58.929313787839661	2.2739499310007449	-1.064588696047041
59.085099330021833	2.7584611320157149	-1.8448624361574819
58.325245297487633	0.61335881255877744	-3.1782141647045172
58.119072837408872	-4.4478638620965461	2.0411975162614637
58.52456725198919	2.1071476755681542	1.8052773003215692
60.1177156686459	1.9453475693671396	0.94785613833149429
58.615182804975568	2.1456065883606001	-1.16027089749666
59.432726285238637	1.8902616797637595	-1.6152008075544584
59.45232875294279	2.8086464977896828	-0.09800172920677927
60.120326514159565	-0.61978190354659501	2.297142850499843
59.242639359526962	0.14443888551820941	-2.7199104689311171
59.687863154312879	1.6488178553716049	-1.9362016438039633
59.869996059829347	0.87171480032591098	2.3589711905964932
58.453039198966167	-0.7950481939368822	2.7349720865458274
58.535890339304039	-1.9037687428648586	1.3232781740520216
59.16049168001102	-1.1982228999495921	1.8785640545728621
58.812098293156751	1.7991457076087169	1.4960426727021745
58.944249711049309	-1.3583989706592248	2.2349299053099112
58.826631381956474	-1.8522415023619121	1.689988046075326
58.384604283701762	2.8039034159784189	0.7282693947857426
59.230830932246796	2.7551737717877836	0.084290427871639415
59.075552140113849	2.6931030964703973	1.0457406950587735
59.28486760595375	1.7427090264980385	1.625954149303638
60.051227480337126	-2.3615342666911365	1.5469968073981948
58.445409814607757	1.0401078024387695	-3.8577880830207842
58.337899988540066	0.73071685403342956	-2.2995718223562509
59.135985103511302	-2.7034861840999946	0.77070093504234893
58.804828773911595	-2.0436289870404027	-1.5954945688505626
59.482119258832654	-2.0504232753860681	1.8540683705038639
58.609248068250785	1.8469854456929449	1.9626644637332402
58.464954424156133	1.4378316895036438	-2.3230852445678836
59.518056832836486	-0.73875173236146052	2.060905992304928
59.277255179621925	2.4913941499955707	0.65917172461532125
59.668070074387209	2.6393658180171888	0.19175128012245785
58.428402166842034	0.93282823401595272	-2.9643454294863276
58.39090854995225	-2.9125252605582581	0.27314547512843573
59.177152131246309	0.66061986119840399	2.9251267078710042
58.429673515830515	-1.3161578502427709	2.3973492390351487
58.799616797875288	2.4791720697939543	0.3723451465505751
58.63615486668548	-2.1427637237896744	-1.1657516087464639
58.534481007982421	2.3119445254503632	1.2072612687445206
58.223725415330996	1.2817995918094456	-1.8100339783385404
59.844957983615956	-0.33030799812418332	2.4517724710793778
59.189234442108635	3.1110492784180162	0.68002836772862418
59.041743064169303	-2.1494487975465488	1.4080854278661454
58.983687677050938	-1.7708442918930078	-1.6132912671810569
58.764313435667773	0.12457161933794619	-2.648182855205671
58.81267730919744	-0.075607697215710756	-2.9017232193240754
59.93100181742642	-1.0269949007761427	-2.2054688258800268
58.388390868480116	1.2071313222854152	-2.1335606800366174
59.543379269138804	2.6238180448256916	1.8312143257619009
60.117594921273621	-1.6894145189608925	-2.4252806760135752
59.210235624028229	-1.7924761704318037	-1.4511913962686938
58.665893447547525	2.4342810602973493	0.84384579101657853
58.939790552985187	2.710967523428927	1.6241731666996089
59.69093055479798	-1.3905973403583132	2.2425389294923699
59.139961560874958	2.6421503688865475	-0.36313552437829516
58.675063191511128	0.16421399690155913	-2.3388367154650793
59.027229834587729	-1.4373075295898472	2.3282755443711323
59.772046691717307	1.0662833124569207	-2.219239735038562
58.856785463446855	-2.7734516334689312	0.4164215198375194
60.076168169303202	0.56456039146824	2.7297444151177799
58.867623639782479	-2.9284973422552976	-0.6215350543248952
59.304412452133818	-1.0273562320651333	2.3020833583645679
59.541001613485506	1.7431033973278853	-2.5746006988787045
59.29409458463455	-0.037778069157695895	-2.6216108297460687
58.662223756427416	0.03491630432572311	2.4971676377942185
58.219562501206639	0.71449336375499861	2.621916146349383
58.955083264307021	2.2389566303996613	2.282312043396201
59.142213845500876	-1.7692912353311487	-2.2980699557805044
58.599830685798452	-1.5587092840036849	1.441703674651053
59.095077107539126	-0.051056717889675814	2.9282228098125653
58.791534165809097	1.9778469476231206	-1.3831160531148348
59.399803707652616	-0.56764721563939047	-2.9054086434037756
59.049575815726655	-2.4520373099169119	0.37576236585377615
58.41183684981219	-2.8122881630764107	1.4864232946929206
59.837788348092715	1.9241590513525737	-2.097969981036556
60.201437710324001	0.87343508046467144	2.4375564381872779
58.385590877373858	-1.1754052292182968	2.3577652614841624
60.215126934936421	-1.2331061224773106	2.3204741082578444
59.892456725979144	2.6049201728704241	0.36192497170609539
59.064585817920729	0.16952184267454823	-2.676934235309492
58.642230379274999	-0.35367798062291578	-2.8052954543525321
59.607435540545517	-1.1827617711080893	-2.3897299226319499
59.325545988899158	-1.1704217669516177	2.0694712640264141
58.824475421023394	2.7005337001027843	-0.51297979099898339
60.238485435019975	-2.1179678687881256	-1.5581767579150705
59.4023586488657	-1.2613662794514862	2.5048804205601067
58.895780483333162	1.6605089884167017	-1.4399000492526299
59.016630255043594	-0.12126815959536938	2.8926478235533608
59.155451668943279	1.5989672068818965	1.7380052303552675
60.048577856350754	-1.8648449781903229	1.2331141545754107
59.872351323566072	2.5790567963502586	-1.5755897246509489
59.83746899620354	-0.91237199626387444	2.1697063642410437
59.872485197757364	-2.4930653466224828	-1.3608892682547944
59.408402373346057	1.6012068569166418	-2.4748593004780131
58.456678609640683	-0.13182477698319761	-2.4279633346045078
58.235098531025436	2.5034071336272388	-0.39192354967326393
59.371956525144618	-0.1876771133746524	-2.6007364320952799
58.604541391670267	-2.2063737226465312	1.7135307617358957
58.992255044539583	1.9181256381364307	-1.8958830244092084
59.010926070697828	-2.4828990352011493	-0.47260171865725165
59.866778160986854	-0.79564192219226826	2.6509946527322312
60.200917390754668	-2.6230880496291475	-0.26390058001773914
59.364430641392083	1.8076223637902016	1.7934087474177989
58.830170971977083	-0.31190075405403755	2.3339184901331067
58.852324987234141	-1.6375436609661678	-1.85201989028054
58.625484343558696	-1.8688720976718394	1.8896299448601008
59.139634894551662	-2.6823504002297112	0.86452281612391624
58.650785159324847	-1.8351699749248895	2.2849238818398994
59.237849606046737	2.2117329309727838	-1.0486801848324914
59.292567608605935	0.23892623487176093	-2.611309271867575
60.316561156604486	2.5202248415384818	0.50608604599756135
60.146554909187991	1.6007323398152615	-1.9292272165824444
60.142074879605019	-2.6920100450079265	0.47927347194508979
59.059092644659344	1.6744079093915427	-2.2737792265891872
58.290759682722737	2.4135456936015625	-0.29823118101661139
58.560796371253339	-2.1521269093963489	-2.0768803362316444
59.727392144501906	-2.6440935615235723	-0.65566592767702647
58.544659483595694	1.2325240573478942	-2.5851719096307697
59.578477321204396	1.2434585130639233	2.3800599794220716
58.800914254716908	0.67101837967090427	-2.704101421950019
59.113271256426238	2.5043457509855918	-0.32308270992312932
59.35418919170931	-2.2691641853366198	-0.83068829875379069
59.206597534130431	-1.5980647153448824	-2.2405688575947358
58.656187292489008	-1.617019164128084	1.8794126200983239
60.151020361285497	0.16038017735712554	-2.7711775625584791
58.674854631881175	-0.42448053474463782	-2.6767913237874277
58.496289289535746	-0.43410225646259082	-2.6180996746756389
58.466756097664394	-2.4199235286564438	-1.4589843997670449
58.968119537559254	-2.1344188920314222	-1.4586839543668371
58.718392259041813	-0.36733091416800706	1.8534789039357373
60.056044300487358	1.2710161881336604	2.5745684444995156
58.884819222926012	5.3017548215226276	-0.071474220040376776
58.208806869320114	-0.10868637983547219	2.6153232912867845
58.761008789561259	-0.88723710725625315	-2.9634502559689295
58.442638939795479	-2.876862123949417	-0.4114259920214518
59.577497880779042	0.32178427126724468	-2.6085117620016534
59.180040342289956	-0.14476645573905303	-2.3905619276654972
58.687224469884519	-0.005372105959170901	-2.67218164324761
58.482983704026672	0.35150770433190986	2.7086487228005764
58.960864607768499	-0.66480683175981881	2.6289168827066702
58.947623338306265	-2.4749604044570335	0.82705330590730197
59.085805985313812	-2.7374243435922865	-0.24360691454321287
58.478253413534539	-2.176896753957958	0.77939493369386725
60.119733583184463	-0.45655516433781085	-2.7695343640511769
59.863375974380681	-1.9783553458397161	-2.0078325341362002
60.159910181277368	0.49207812980025423	2.3748119087919926
59.139211629977552	2.7191490985849502	0.38474221094809508
58.324551044962888	2.9603498567683308	0.059348839291923132
58.239428154255769	2.1489607183472916	0.54059393249158083
58.876940317793483	0.064447701058346588	-2.6067695128905113
60.118490138500263	-1.3467071931097638	-2.166673031244911
58.377811866527537	-2.8121141870146431	0.78729658502286093
59.241175036007022	-2.6156300478197121	-1.0903553608453205
58.862126510352816	0.25951513407655163	2.7997192864652676
59.088202117357341	-1.5245348489585515	2.1033248869505812
58.443807893260406	-2.2961840878756088	-0.93655313310798871
59.377945063509237	-2.1979632835977343	1.7507776086131397
59.733159474175459	2.1149255890662277	-2.5830916505980608
59.633865058289274	-2.5515173982343575	-0.34574019582640414
58.394715308967683	2.6729385131738246	-0.15096765617694888
60.192874143974571	0.74265175539180384	-2.4176777274825176
59.850429114822944	2.558323521038969	1.3880547357902953
59.496381703184433	1.3631358003553458	2.5818237196242619
59.704372879779697	-1.8478375449466284	1.5232753133932317
58.993801416727656	-1.0168195944584462	-2.3202938944161167
60.092304851119401	2.507022451876574	1.6889357015722053
58.355914857513753	-2.5747909611942075	-0.72677625200620855
58.932830261400092	-0.49826648040023264	2.5249715221319988
60.139955755279409	1.6639506674406308	-2.2259173937414869
59.258358031063736	-2.8215138153970658	1.0503771476376189
59.638040625911515	-1.4817760105923672	1.8391818610753929
58.36938916148894	-2.3286139218698496	-1.7741360836761815
59.22299961731423	-0.30523938610813245	3.141519383561195
58.425228226332884	-1.4808918772792854	-2.0042535123653153
59.784095515347509	-0.96861014086018327	-1.8546582081984002
58.603068250157122	-3.2969293428241344	-1.2132015714658937
58.808397874449675	2.8927531436317291	-0.18856093094235787
59.750440549218595	-1.9862035650020924	-1.5219206789329416
59.734240198327896	-2.1266164763223534	0.88644110332277704
60.068445065885996	2.3875874873561975	-1.3483196867643836
60.222111128374017	1.711955559503703	-2.2236004566983896
58.871222043794241	2.0805209619294929	-0.47808110756343941
59.299172969368001	2.5915753636947554	0.21791066815498863
58.470671568483461	-3.0013186235266702	-0.32680285195415382
59.895617845452634	2.60514388484745	0.56121978704620268
58.330703709723572	0.49502951934765221	-1.8594785875869577
60.197932812633773	-1.477479329959317	2.1947526211327384
59.129567036097555	1.7452705360427225	2.5511419573114473
60.037960783603083	1.8774886394481913	-1.8501985271241463
60.052467568691767	1.2473500645947984	2.3806884363731342
58.352779433454614	-2.8716517136149959	0.43002263978807836
58.927893320193128	2.2767658486143683	0.96112890834186526
59.202709612432237	2.1124003956567075	0.69360966356948717
59.741004662735222	2.5426111073814361	-0.91269542687620742
59.467308500150686	-1.0751438900261443	1.1848956562734774
59.432639846673254	-0.94143948619597095	-1.7584155887542203
59.901163072395732	0.0643830481995918	-2.6468206640579179
59.44534186845997	2.4291750253540516	-0.6345398412500669
59.993085473134073	-2.6055398146734636	0.23531496087154444
59.712833119785593	-1.7748697230734112	-2.3737823275163565
60.056238522067559	2.7666241235858919	-0.65614822140419371
59.122140949170827	2.5321783687600203	1.1371707986985971
59.575643866262979	-2.6031110524175909	-0.58417710420826918
59.106993605324796	0.4705407045551368	3.0484902684774249
59.300459996912821	1.5103575258185624	2.6718544768847545
59.330604114257696	-1.7120365603457046	-2.0617007546184078
59.61938211534941	-0.42963698740423001	-2.4689741811133028
59.8022815156165	-0.99945460361655125	-2.5014621402387225
58.789451685970711	-0.041295225456929589	-2.50264348594721
59.081579863221847	2.4505036366079604	0.70317619559697286
58.365457545620067	-2.7884767040166696	0.04226957734070793
59.225796295359586	-1.2756004033832078	-2.5358949955696328
59.702540950680309	-2.2790676192195738	0.32336363129917328
59.090233449152166	1.7044722982510461	-2.0440182922186203
59.282699742642222	-1.7197162381686211	2.2989400165659917
58.309988366456423	2.4093155890243176	-0.55074122746727527
59.796081601735658	-1.6865393039853014	-2.1047228254018533
58.326952648058246	-2.7815172066974916	0.6304978761916139
59.010359668221589	-1.3333129828064298	2.5639997756521979
58.702257879402147	1.6261012667088348	0.95190189577020079
59.255214228930463	2.4957242917796285	0.20897802475828156
59.622479511668011	0.86329459367709094	-2.8587489428586546
59.660615713216941	1.2936270780738379	2.4058821486856683
59.172454953601836	2.5931093297754986	0.6030829276472075
58.862125564041847	-1.571131851901731	2.1511451662455459
59.981252994587422	1.102171174224484	2.4971930680677072
59.701183789775968	-2.4121534105109599	-0.6664068928255471
58.596335560663924	0.61305662153093676	-1.6730250313959025
59.874715172860391	2.0977005929377448	-1.19300609272846
58.866189227442227	-0.90218421131687265	2.7349898835564885
59.20530704807949	-0.75359864789405084	2.1274855362381735
58.515204698190665	-2.4006488484564064	0.23068031404211367
59.277055133148082	2.3487095100373878	1.6189369262067892
58.189086329517579	-0.38543144780751121	2.6430031805909846
58.547469653959062	-0.32576060180480981	-2.2498523345231991
59.763574581676231	2.5580431275882658	1.2487747383034002
58.569038837408456	-2.6234171128215138	-0.98349388101220525
59.178475890124403	0.3297330365346296	-2.559300664638624
59.077391560796158	2.6445097187944624	1.3049970790910335
60.039979284185875	2.4364971925984475	-0.35217887082058891
59.475430930090482	-0.89838536330276675	2.2277277629446144
59.989261863864684	-2.0097925593292851	-1.656113270372755
58.451488837984321	2.0494468708020501	2.4383653691849774
58.866750415259801	1.2819679797711978	2.2242292737342111
60.176006003313752	2.5728326347135893	-0.45646715396220555
59.563960988008425	-1.0540196999434388	2.2474671339453987
58.902705637200903	-0.95295512782130798	-2.2603144327531974
59.185025619245778	2.5796616385422007	0.34537383408609562
58.620678901693474	0.66998455625337638	2.8754131473352413
58.69991991241919	-1.0078618120142371	2.735503597925359
58.905376441057712	-2.8009124994988577	0.015854932369530717
58.569970309904157	2.8093934698241094	0.06823319188872963
58.953885648032681	-1.0072326168057364	2.7498270583768023
58.584578632494612	-0.69305133600965119	-3.145916133896963
59.292370549378113	-2.0644403456928044	-1.3927809530644581
59.765685169378678	0.53074748368222857	2.7962714997796065
59.618759192667135	-2.3775311175826923	1.3318703918794501
59.062014468557727	-2.894620402341475	-1.4255418178937673
59.546701386089943	0.16370157124939824	2.8535525110591928
59.948571138477213	2.2617830105660288	0.96262516164542677
58.810820919697143	-0.8691261796931482	2.2831938135212781
58.683402498980257	-1.9762680877564103	2.0448644096472064
58.575425991321843	-0.85512232564029322	2.6293271664291966
59.453604935528411	-1.0748824341899015	2.5348898381805363
59.46527494211314	1.7137414952193923	2.2147532813673405
58.365440595662285	-2.4945834755642124	-0.78791732834814965
58.771329676851181	-2.2852686068006216	1.4628855770445706
58.389691863997719	1.3230773605620121	2.1572461745177853
59.310688286421737	-2.52029065449128	0.50803796400720946
59.658496696453014	2.6236525655187006	-0.078403938601105935
59.690673786392814	2.2923717269366515	0.79483826919178979
59.593584927666861	0.13414766802421965	2.7550721822690041
59.847445511228301	1.6088250600862237	-2.1738430138030145
59.727868752440813	-2.54805775125587	1.4190998454215225
59.725029147178738	-0.072662163003934868	-2.6736550363866991
59.650765336057681	1.6469822324740493	3.162917137482673
58.79071433652306	0.7914575480770345	-2.672788976983751
58.407514422732213	-1.5713704872148195	-2.33156052578396
58.664059446093461	3.7773894579663554	1.7660356896702631
59.064416676157741	-0.053186728466205986	-3.4475107764557862
59.586847127789426	-2.5748532980062118	-0.71738565144156585
59.763304130197668	1.1805182867111579	2.667189528859919
58.706776755746844	2.4969031887410513	1.4028943103567033
58.444175313788541	-2.6391538125189218	0.87516662338649631
58.845465736586327	-1.0883817575981916	1.5880821992644694
59.806999757366796	2.7136841626617123	-1.614466526441277
59.472699095602827	-1.5269691794895126	-2.4110195096830909
58.736835322500703	1.729635090143264	1.9468684567324774
59.113847568300237	0.063541728247039186	2.4932358676506134
59.780669607421878	2.94809982692346	-0.018879088752243933
58.88132708751435	-1.9461491447293524	-0.11231199181810998
60.060861643199843	2.572499803097005	0.018172928381920167
58.448437268052942	-0.68527146653329007	-2.6509518166526749
59.146119852068402	-2.3937957541816361	0.16247172613407299
58.503430849787577	-1.3081884933307653	1.5849704481490376
59.177360496559622	2.2221994176578703	-2.3310400757090806
59.357591296599935	-1.2830618806522531	2.0755126316700476
59.688142426740384	0.228814431080337	-2.6552740580924459
59.873575626797226	0.24759718974649686	3.4007177928626358
59.106064319460899	-1.2800214172962654	-2.3894152385860385
58.964620738973544	2.0473748902547477	1.1817667634771398
59.459158649829497	1.2376494807842957	-2.2316520213612816
58.362238069715197	-0.38420709384782592	-2.5420401089516615
59.640479503412983	-0.76510038484736254	-2.6099718015418651
58.829774791342537	2.4341936439955294	0.57476535901999248
58.525360977127029	0.5101488817008607	-2.7438361201321482
58.830038246256571	-1.7576541039053892	1.6844760407699171
60.13956622925712	-1.7627208782523249	-2.2178823657299347
59.544464475725007	-2.3519470649753003	0.5734292000001584
59.041201064335937	-0.12631096857914084	2.664147055416525
58.736626529024747	2.5058249675168298	1.0137773246408432
58.474331722067973	-2.2991629611148245	-0.33128723341672889
59.102388036989637	1.3822313589977528	2.4723635207042993
59.386515727098391	1.1852360024115491	-2.0033502174305982
58.487765980154627	0.43930594476136331	2.5116242384443486
59.868083112596196	-0.032268356284582245	3.0456569434552723
60.228970101177211	-2.3135346542260402	0.48405035407103525
59.72634343185274	2.0149222065192318	1.7851636408007829
59.266373466789901	0.66008888519804099	-2.4318509178086622
59.176692056646331	0.50429123860894343	-0.32998655397377474
58.846513804188916	-2.7061828318004895	-0.60427463421260752
59.769266412552255	2.4425590895386478	-1.2707255695901147
59.766892578663459	0.32875995798443841	2.3227530345370142
59.214619613997947	1.4882027643193254	-1.3037908620265468
59.783000194880877	-2.5915408345189657	-0.25498072621365814
58.534447189748633	-1.490795290954203	0.83441063703747564
59.256898395139821	2.4412037049070827	0.827730691011897
59.255980106205421	1.6492272640819969	-0.79569663434782445
58.833931684871246	2.9752012780956609	-0.76632737263708794
59.905357153873148	1.833990176746817	1.6761257529472258
59.305352452273546	-1.6096971482840583	-0.95172346558780563
59.369000711318641	-0.76394106405167117	2.1483356127818793
59.568597405633923	-2.0660826638718119	1.9499072802104689
58.765085695182435	-1.8894922783083787	-1.014821908992632
58.46501234790999	2.5814328920055036	1.3536997984603321
59.880962493477718	-2.811485785034419	0.33806823894276083
59.888295996520384	-1.1555536378440296	-2.6863623263040064
60.003524175718901	-2.5563399345059836	-0.13821398228696277
59.386533201457851	-2.025749399648177	1.2001168009875627
59.489675592455988	-2.218682669082491	-1.7563532326966025
59.398924313672204	-2.4374581328848817	-0.19696168084089405
59.184200829185201	-1.7841016101349076	-1.8654749049081825
58.680577432838021	1.6390227656418248	-1.805665828768634
58.860333482158417	2.950186914902055	0.18868947739205211
59.099652208867987	-1.6602512501818629	-1.6938766717743137
59.674916523187363	0.7760975698968311	-2.2150827221323568
59.990406376119225	2.7974262490552331	-0.61114169536097462
59.775344362241199	2.565647163847975	-0.62545178902444254
58.444631713014232	-2.2056469516235491	-1.8981617541409381
59.991722358724402	3.0467986547090997	0.0053894017521888141
59.2396837794319	-1.1828979764626144	-2.3044560334877495
58.635642767855238	-2.0263898511523597	-1.6303804741204266
58.412906016600722	2.2696644319696193	-1.3045562284025638
56.24547511304656	3.465743567717932	9.8356707276137989
58.549565062756997	0.26590135104707896	2.8744316114537956
59.248688425256972	-2.8196323524821101	0.60732559507169992
58.943482539672779	-2.1981887621960552	1.6444943344333958
58.698301395788427	2.1325529924660684	0.95027051008512409
60.042889522681428	2.0017844890103493	1.8130353526647522
58.742567794171741	-1.660085892168724	-2.4314746532073177
59.919708225095121	-2.1087886748763709	-1.6467722737072157
59.844063639832704	1.1120400841903031	2.3167750529026985
60.039469132808229	0.10300593019392738	-2.4389542046911523
58.7717149208435	1.5772169760158943	-2.2366929052881614
58.944630824963852	-0.92106920238282874	-2.7661615892736466
59.625685092761096	2.1786697725128956	0.7189030850587691
59.546902540727295	2.7935800029978481	-0.27774406614646596
59.151100512365822	-0.94515324228151665	-2.9519112267336847
59.889995892193049	3.2250981931559868	-1.0646408651015835
58.354647477258801	0.1662610460971749	2.4882456554764718
59.164964586400686	-2.1136717086283698	1.3970942982125925
59.561761893335678	2.1469654192636458	1.0997975379762519
58.85824769815536	-2.5238008094849413	-1.4569222882560224
59.0522184310691	1.957591509434397	2.2770661150186373
59.363699836201846	-2.8210601199488976	0.37073994507204477
59.092647661327376	2.0490596315832645	-1.1626305887557176
59.330672116349476	0.28243967522236385	1.0381332727213159
59.368372651829901	1.4523393314523612	-2.1745677082639485
58.70324011358106	-1.6931529831302912	-2.3672769644480463
59.906009944043532	-1.8884078297671532	1.9718398569058999
58.528215794303087	-1.3562630405426233	-2.3559316972159259
58.792960956903023	0.56251491511354523	-2.5672433836274307
58.223851801119856	1.0344687681819988	-2.4812398414574437
58.742112176139628	1.2549080157102599	-2.286910565806636
59.162103345484105	1.7410570399279539	-2.2677131583401406
59.171974629707577	-0.34775068704401846	2.533379493994135
59.448145146634083	-2.3634871477170756	-1.4507324491087707
59.122928069891501	-2.310556530382418	-1.124045348685202
60.121665814211404	-1.4237572039261897	-2.3001584983318195
58.374584276128573	0.68047196063524085	2.2515956409238576
58.685557896104093	-1.6898242649366517	-2.0268782616674956
60.155273050771832	-2.4196195397133304	-0.60655979677089344
58.707014148185856	-0.81666240216335106	-2.4949687058110399
58.881193803531687	1.0076593331312405	-2.2284567723432662
59.859758584114076	-2.6876798469750103	1.0131131406199527
58.771440813240922	-1.2625886643826554	2.5140027345696869
59.915383845967355	2.4669872483287327	-0.43951529540611861
60.044015986240538	-2.1323893234279296	1.5983610156617181
58.644428300715781	-1.819144765556701	1.2629391713385603
58.745840306468033	2.3370475172452885	0.41664155191086527
59.768844076426433	2.1104202671258316	1.6163077212831436
58.652551736163062	1.1253643136225648	2.0778545047088071
59.271129106335735	0.57211278160821244	2.5873437646529895
59.844472149683099	1.2065579918098974	-2.5940364007131915
60.056319458435766	0.18976949772814158	2.668998013114146
59.794025386459772	-1.5278620322945262	1.6725091413422888
58.489522371612985	1.7350766886014963	2.3721517634352982
59.546286862649403	-2.1900407260680765	1.5815687642575007
59.481960630281016	-1.7028654849820939	-1.5974738137508362
59.15562956427673	0.36973415867994297	2.5032807935895249
58.962598071090198	1.7917719455756007	-2.4488622635337967
59.596622904704901	-1.0567519777547889	-2.6112081889116174
60.051255079146493	-0.75036899753227959	2.6166186502871533
58.552384189608887	-2.2939731125800815	-0.35279191462661696
60.011974233787505	-0.3556312484220141	-2.9926052950232975
60.102408823913464	2.2981884354689699	-1.2119673841720284
59.449993170643765	3.0022417506879071	0.042036563929143844
58.706988240692191	-2.1049741881277502	0.80518955760239053
58.839858355098656	-0.68755881424100973	-2.6356153409267731
58.60191845967254	1.4282991267738179	2.5892348657184185
59.009301484249775	-1.9524596191169947	1.3334101345128664
58.618296415402945	-2.718861912922383	-0.27284357426580003
58.674964573209408	-1.0771597348028037	2.2951944714621848
58.317437058889411	0.84884908048319063	-2.703574746153615
58.695167649301652	-2.1570962872801158	1.9564108208402335
58.363679941391339	0.026524525435972494	-2.7327082194766534
59.900649388814166	2.5522565262713526	-0.19771791916598161
58.807310727705215	0.78319217994419965	2.2483201182180026
58.395222304358185	-2.033105096957442	-1.1820732667247564
59.980950213973621	0.076592880628969837	2.2043992638975469
59.724407265222546	1.812171399343385	-1.5274231717332651
60.034852214196974	1.9824100468718449	-2.1534287331007698
59.196670040830405	2.7946707589543607	0.69185292353993777
59.949431243392794	-1.4157895197589099	-2.0726711616929125
60.134698059793372	-1.0584508138400119	-2.2360911463518929
58.568526895162144	0.90761035472248963	2.2758173725711339
59.740191542091885	1.8933787227335799	1.4117774146158564
59.187155931812221	-2.5279245686613949	-0.79608418967903738
58.488665521774571	-1.3569967077035883	2.7628463686181015
59.36377572190176	1.7952954612268064	-2.1111635612238553
59.180746389295997	2.4692781688056411	-0.44456032464087902
58.776521025979001	2.5904764189492471	-0.651098205751381
58.69358227941219	-0.71514408703217902	-3.1058389973993603
58.610985368704675	1.6503317996643927	2.0913187813180452
59.154249861801375	0.91967888412572041	-2.5491793952910697
58.431836886078329	2.8213998680710501	-0.8208636301257648
59.740548488601455	2.0760932252190294	-1.4929572270488232
59.288284120340023	-0.51745120336577344	2.7328108105849775
58.884910912514059	-2.2613739027927231	1.0784220216340226
58.537214957590841	-2.5942262974549859	-0.15031552352528979
59.558515129755691	-2.5610266593615134	-0.13000863898654474
59.094074250468282	-1.0793762048576689	-2.1120995633795512
59.012672733914592	2.2144218567367076	1.054540762180747
59.977012409178329	0.4146216178866643	-2.622302852891647
59.563392143273703	-0.99895674346245511	2.4068051108754269
59.819359273470013	1.4554960540458177	-2.0318920858542815
58.495504292791601	2.5706921546799202	0.62140067282161071
59.364365852262942	-0.30075035697988983	-2.587662678461244
59.007465274729142	2.7469061767213439	-1.8615521195473721
58.42697590103429	0.8145744735857523	-2.891016216705323
59.331387004279918	-2.8641328598597871	-0.23627980628013501
59.876591263305571	-2.5067851458400376	0.60785329096139495
59.293215285938189	1.7495408268542325	-2.0208638654580637
58.384493993275591	2.0109734976858116	-0.88467150442822551
58.883080811532864	-1.0203175349991427	-1.9720990665784406
60.138549772592903	1.880327117422806	-1.3295137947521305
59.250121254227579	1.7932541726668607	1.4519329397868124
58.60321699047357	2.8158503885707593	-0.90360705211518344
59.818633004057169	0.76646371170438099	2.6630877934483519
59.804885959835524	2.2609266963333217	-0.11445964166752737
59.062862891421815	2.2309279613745452	0.69486932220637221
58.741357399205171	-1.8897219681674464	1.2904195627124944
59.414075227390818	-2.9930561079642959	-0.19507521014664664
60.122347150249979	2.5809306352557639	0.43349053309325558
59.677932039734443	1.7798647850632934	1.5077615250816594
59.84531787550646	-1.32320328029414	-1.5547832623331319
59.185542250587865	2.2512311553730497	1.1350767463865725
59.508727058225666	1.3850659070893776	-2.0669883497079691
58.676410793622964	2.586871776519013	1.3764785047726078
60.070251942044223	0.8729976223601994	-2.3709771551804142
60.214918757634656	-2.1278506406240925	-1.4208470209956963
59.539068337822684	0.96843165375119833	-2.360134554083869
58.733852236946412	-2.1708745854534652	0.57126012120785252
59.019667547874754	-2.043324215790669	-1.5898970937551624
58.661631730282785	-2.7263953408274628	0.58761111489057927
59.401875878740249	2.3020565184121495	1.4613122228133384
58.965634099934007	0.22237972594255109	-2.5835334631138926
59.062491319798575	-0.4311033059883092	2.4900706187706882
59.640980344086181	1.0768866662239678	2.5162951180390771
59.532221308628003	2.0304092284356776	2.2464953479847241
59.778179018087954	-2.5714196331630768	1.5224870874253207
58.428931247364595	1.9623764969000992	-1.7066582439339855
58.250389126246972	0.034728817963053576	-3.2947161652649042
60.06669441373505	1.7210748982641204	1.1297905611225965
59.428647640911841	-0.12430081147781225	-2.987802646981089
59.238646451119912	0.43577130529212749	-2.6819197803787209
58.835536537023096	-2.1124135661466079	-1.8134246136763683
60.034152876336314	-0.92469458048668318	-2.2480459693609518
58.332018486477168	-2.3451980738275364	-0.44563551904257781
59.199277672682776	0.8958620502798742	-3.1047286012010749
58.704100090943427	-2.2449351070496504	2.5069121708140765
58.611374790004078	0.61256462428893799	2.4357464555179171
58.94272109493793	1.4744983949342056	-2.5534131551310724
58.839214136540512	3.0390687383126345	-0.52700850343356209
58.339200058492047	-2.470501384108537	0.59701750978567292
58.834010475251311	2.3884720414655893	1.8116736774927547
58.59004462185456	-2.6032819583864137	-0.33020630828967545
59.46947424249695	-2.1284392670129719	0.64598301773879685
59.161029929933349	0.95561667431587938	3.1730271405259716
59.192738477351718	-2.9594214339418734	-0.23801161828156533
58.592431992852205	-1.4636834569672428	2.5909358932493425
59.540631677160697	2.668508441680745	0.5889183723178969
59.25637574552804	1.0422338892750171	2.4773286286883462
59.757851515119341	-1.2978531503317858	-2.5393975428563036
58.28336676777878	0.90630853490044838	-2.0834405231235453
59.738916366565277	-1.0637839959945816	-1.2819447694811756
58.830818986191076	2.6274034274965299	1.0282000190444043
59.79827023766957	2.0892515026167033	1.29547155790885
59.265367128298266	-2.4998169642280952	-1.0771427725333618
58.328800888872522	1.2580711851849833	1.995713599878512
59.731331382480171	-0.21759062609889024	2.5891069664580706
59.913516178314779	2.4959476164928414	0.22518139509542975
59.926562584694331	-2.6213192608754023	0.49126152508571858
58.748129213755561	-2.3199222287059738	-0.38787507809577237
58.25328939720098	2.492575553072264	0.096298593817635919
59.271243182358724	-2.7221931860550215	-0.15021615855396767
58.677060595182517	-1.8306230284054288	2.2122213902632968
59.593933722946545	0.92537646079550107	-2.2065836262830887
58.255651931751174	-1.7427382089317061	1.6100887014788019
58.98450070335182	-0.92134903425283476	2.2685019693524673
60.081162990128355	-2.1039919008335755	1.4840188006143291
58.635969684061642	2.1750317612425789	1.1719629269451528
59.342582777733135	-0.74141572836903402	3.1114137963617163
58.64887371860987	-2.4082007247382036	1.9397747832643764
58.370743869065841	0.77171858835280072	2.650108547097596
58.756272009910639	-1.9333770291743497	-2.1042237581264263
58.447613111616896	-1.9341356720057448	1.7898097718376462
58.571096760925762	2.4072005113885364	-1.051952255246946
59.152171856769336	2.0957833024886789	1.7300158808618775
58.420146546742728	-2.2365475563285329	1.5099187111112227
58.236310127125776	-2.8929547695533193	0.22151393345171377
59.538122963998191	0.19757732549361726	2.2984341058365123
58.428220748007782	1.8377828722790035	-1.8176698830209108
59.16039974069546	-2.0741612820062385	-1.7069277511314145
59.229595644577934	-0.071464427660541424	2.7759582132311391
58.485524866627564	-2.4287172679590108	0.2165239487998579
59.452528074285233	-1.5058574720378755	2.0959973244148222
59.975816017566963	1.3241071286416564	2.0096989508365479
58.457274425788235	-1.9029203365690235	2.36213255651302
60.153822096417699	2.5325183435904508	0.38331734551839497
59.561182785470926	-2.1262179734607383	1.6589412697052248
58.894923875282394	1.9053371544378173	1.5481570270752203
58.96448598662333	1.7433692599136328	1.8601933618901774
60.011457808689791	2.6195112119422221	0.98903890223101198
58.95699865771617	-1.3846099936337959	2.2800741728455689
58.598666206647863	-1.6198200668643135	2.4848417780653516
60.021405353940459	1.0251752113717376	2.4859805941318696
58.787174801182985	0.55703590996329799	2.7184608854722372
59.91189020730296	-2.3310001366771189	-0.86994436959546695
60.188735074065846	-2.025685534060603	1.6060342949857773
59.971496132579439	-2.2937730354287456	1.6235366391897428
58.638849340476142	1.6188528829002755	-2.3806366199166318
58.713233287751052	-2.7859758417694831	1.0201248328979966
59.77476760608981	-1.9737257884718498	1.7045987426469809
59.419486977849047	-1.5806520404059548	2.1259550732833654
59.721855246870703	2.3701221895289586	1.0159363886567214
58.55749750096323	2.8246836147777472	1.2431765661510881
59.076413531532843	-1.7300755948185587	-1.7009757369917067
59.061215186303315	1.3982979310582313	1.8143322588523225
59.386479376222944	2.4557185579845453	0.015857214530263467
59.233203582007093	0.72408097877267064	2.8473602060438465
58.447346535285952	-0.98471248679259638	-2.7082242821579672
59.055321796716854	2.3032142236393773	1.3202361928777484
58.307687698078226	-1.7133164555941844	1.7231034556296734
59.861939616146124	-0.25319831685415556	-2.5803956127745065
59.334327064922562	0.35111400171400453	2.8037291672812223
58.760805273692732	2.7910702985069356	-0.43864381794378471
59.894929395149923	-2.0111940513369619	2.0852048677335033
58.49737726793591	0.035746995772534998	2.6587581053463851
59.876135315352457	2.5026409608879443	1.0857237581689034
60.155644761781744	0.98783507076245503	2.456925679027349
58.528892118367288	-2.2067164690063445	1.9367957547396148
58.740923062938457	2.2959966741962048	-2.0418398338963235
59.270400864289712	0.9810614689283792	-2.7421355943456862
59.241428799492311	-1.5346708980313162	2.0861826120236664
59.336451666781755	1.4562205614985992	-1.9991354897792128
58.384252154654618	1.8963795206006013	-1.870659275425405
58.733139612075227	1.3935998644693144	1.8685204174718266
59.819866874753743	2.0715429048200922	-1.2719649730302884
59.59750852427824	-1.8985966385430466	-1.4975589637491211
59.353878946929932	0.24175539858821682	-2.7637945355784757
58.378050116973206	-1.8195062838285059	-1.6009145789127404
58.968820017072851	3.0819574994129626	-0.16770737959613824
58.799760894190314	1.7943556649874841	1.6479078608090683
58.867805329424399	2.5223124109124808	-0.64562914976961949
59.785768756663167	-1.0013189629259089	-2.4306231912269403
58.32161999424109	-1.0986962962850297	2.5442165569930242
59.786675263075523	2.8809760952966075	0.4703275212581472
58.326921784791772	1.5021635325060474	2.3259205200068953
58.297098838492509	-0.12965084734520615	-2.8496609432409001
58.858824194703296	2.6734191551270685	-1.3159189487827412
58.912319243486714	1.034159903556698	2.1073651866228964
59.53079235410793	0.19680028381001752	-2.484441428702906
58.390388968551527	-2.0620991005183447	-1.4639304400738131
59.97715723908555	-0.62855096925805287	-2.6445716857972492
58.559378004299738	0.42050908534182396	2.279760782822128
58.538572223467121	-1.6466144081138896	-1.4831757523878062
59.666478845301839	-3.0725181186852977	0.23250836228597038
59.166154145403397	-0.14823298110446786	-3.3235093731371994
58.566816917851149	2.0896863729924307	-0.70283397267333325
59.591178694615387	-0.14704195887520807	2.6508096289719005
59.209794878910913	2.538845301869018	0.056043260728794779
58.830631355170063	-0.65297981180685249	-2.3416234649271264
59.82108323916691	-2.005788060781891	1.6481713241579605
59.011596339968321	-1.9408308931109561	1.4131744726094984
59.971198012772021	2.8398768841091289	-0.35193736638399964
60.284947846001955	1.0277365256349422	-2.773872969267186
59.174483678847459	-2.5137057225828392	-1.5509147980643661
59.59502510674276	1.801538616954627	2.0199886128481817
59.001792567238112	0.68546539941750362	2.4624792335965142
58.709462803566332	-0.43565022401444969	-2.1489025128963628
59.287677474414501	2.3202692641725036	0.54884760904514074
58.440671375649885	-2.72539832787592	-0.19299220743032308
58.558945914346403	1.9700331731581617	1.9175298629449737
59.352505781478108	2.5094425440483716	-0.639360740504612
58.345166937632527	0.26584022517353317	2.9142493762373864
58.947865216499174	2.6093435649545165	0.19995007376418003
58.873479771679712	-2.7283037999441913	-0.9597871256106264
59.361836905159116	2.9713304475710633	-0.28369898509640151
58.808028877591958	1.5370616837884039	1.5624282128758489
59.481443704097337	2.5890619137980044	-0.036726643349598222
59.42687769077429	-1.7722745371161204	2.0446326044326231
58.336458720634432	1.6326731227929467	2.3972022230818211
60.073841260718631	-2.1123055346952659	-0.84559865298694536
58.54637561072677	-0.39761425008660323	2.6205590889524197
59.296888729705095	0.79898736378396262	-2.4115667894409736
58.243381612591875	0.43950161353096967	-2.4728227092980477
59.278702511282013	1.1482086580568021	2.5075395776936111
58.763268562437041	-0.5972550125195496	-2.8015289472048019
59.14616551755914	1.7212757231714892	2.1576609749459834
58.362606166147877	-2.4272549211624517	0.4746586221561509
58.336081269554967	-2.6496255641927995	0.41908809205592806
60.100330344512919	1.1615867872913721	2.7161932247917377
59.837260134052968	-2.0711858313483646	1.3862239558884211
59.949937586992185	1.6521001449770829	1.7384715830586324
59.948093424998717	-1.2276253488497466	1.9638574608678434
59.435153365416639	-0.68199969918112846	3.131660035292676
59.706864381601179	0.39552843452118408	-2.4326190068919438
58.641458888449876	-1.9722252824519022	-0.79077526148068644
59.881323720418116	0.67619902148351552	2.6423918510694739
59.027159416056506	1.7515087508359373	2.0632443750624732
59.190672082224339	-1.30176225474171	-2.4120204350324079
58.947219847256108	1.650806581072503	-2.2911415597160261
59.886989833183449	-2.3701156831618415	1.4979958001674885
58.665559845699335	0.20819164626823591	2.8221911043299066
59.464280081495794	0.9247087765721056	2.4739507761207027
58.990285175434558	-1.3610027137235012	-2.2171364409937597
58.71010732499542	-2.5184441927373244	-1.5430335032208737
58.813185781672885	-2.0039445003422718	-1.9898054692632849
59.889392419940734	2.2066409488305432	1.3978325165759113
59.925802754845463	2.4749342602860751	-2.4070511484431871
59.096500622112082	-2.7676085924123615	-0.084550088814580732
58.912086785905174	0.78105761789365491	2.6601664813021135
58.872482820198485	-1.1372427858806295	-2.2075908991071764
59.754849132060741	-2.859460285767264	-0.87362445811936118
60.099022533610103	2.6763425030754173	-0.078114704105327074
59.75853331774691	-0.43913422424279785	2.4715493589890611
60.016757628712611	-2.6350182348927293	0.074370673270334711
58.360262134548265	0.16688861196036478	2.5466399269132127
58.953595322001128	1.1347356056339595	-2.0343935212055202
59.495858669265232	2.125538887307787	1.533851574213275
59.937977264608271	2.519137584361046	0.56862375006087462
59.463037807560816	-1.6439839869785244	2.6500483758682827
58.459288364011563	2.3374081016971022	-1.4642988478763521
59.083111799329778	2.5854963390155774	1.37595073200328
59.773657046390326	-2.4501402744251699	-1.0130561645833847
58.449666892245304	-0.30962470706155842	-2.1733917703204049
59.501494905201412	-1.7955488432549636	2.049993454632725
58.466298308590183	-2.4342855099787384	-0.43090121842099105
58.926269694531499	1.8683654645985044	-0.97246460902225396
58.937070852396936	-2.5938602469235135	-1.3206213495377628
60.00212129752007	0.93906699312025699	-2.1909052806556226
58.753592027302545	-1.4729078683716086	-1.156496804435033
59.585788086571917	-1.5789443033866184	-1.9223958375997996
58.886364917285746	-1.8766333646654993	2.5225517158276243
60.060034204824746	0.30587064167230699	2.3015977096861802
59.832425115248988	0.23812980456958369	-2.4923683893872752
59.228696001051695	-0.82078164814608068	-2.6628471229495729
59.493770828421461	-2.4092300887348319	1.554377170143125
59.717806350080366	-1.8994235906863344	1.3178349226009418
58.775549797784244	2.3865516516315135	0.47475187526265655
58.963622644253611	2.389292756389588	-0.97135725427854347
58.972077498377168	-2.6530261457881479	1.088047527417747
58.585676205642706	-2.4525675977381529	0.48118236462691627
59.630735432287132	-1.9270148658545807	1.1401306088023597
59.988999635415183	-2.3572307304205604	0.99169479692253959
58.738009765066579	1.1805486016428794	-2.7494590486874158
58.637361618977593	-0.92596465905449987	2.3605549816524327
58.921691399800252	2.6990447449525945	-0.88409412164460677
59.139305985699856	-2.3449278285995869	1.0459434928337683
59.817668798911349	0.0029412807152221776	2.6033265848971383
58.691968028003181	-1.9082395710516542	-1.9859530923188464
59.756073360012991	0.82739060938704523	-2.662085709090904
59.724140719751986	3.0829017659077342	0.19961623878409804
59.061589426806698	-1.8202363911779267	1.9800740227045375
58.525227657727335	-0.40223778954270811	2.6197895238423778
59.347616944143603	-2.3714766146986923	-0.52863857266908287
59.898200540949418	-0.44068774912995978	-2.0910529688398944
59.982072758719653	2.6718443259529905	-0.36889360275830901
59.327797101952257	2.4673694910575965	1.2270796314806351
58.993293168537107	-2.717744429254394	-0.28880503391154738
59.002299520743229	-0.94475805858364925	-2.4726244597227556
59.425609703451393	-1.7962036951512812	2.2877018739702355
58.397396621700921	-1.239731882097745	2.8478635229641989
59.243415352976669	2.2079351112606491	-1.7707995298977859
59.987415834973788	1.7342325785220463	-1.4652088874378772
58.69357731474517	-2.5392920347672985	-0.16557061613774357
59.263888824187021	0.89424175230727365	-0.77772522507746589
58.897810325199451	-1.8237565771792632	1.7038252939658838
59.018168172794397	2.4825007940740158	-1.243936032922438
58.733749729938545	-2.7910812209909137	0.50672092944392633
58.751206050714366	2.801496064762476	-0.30648783122015816
59.02585176541519	1.248969718852313	2.0603191221451747
58.620635273889008	-2.563112323258161	-1.1662238092719366
60.100626691622686	-0.94461091199507163	2.175437521343921
59.16846545732276	0.53597064276587381	-2.4142207505178379
58.617237843468523	-0.55337864554947069	-2.7139084976329286
59.083807405725537	2.1165895573938354	-0.45092625392109825
59.453612261924	-2.3548799003015892	0.42094376283122631
59.59866276315249	-2.8500043949319247	0.40835486173495933
59.201097570339954	2.702137902158483	0.54005032631704397
58.553453843503533	-2.2944866749720179	0.48098958809337744
59.950952057417553	0.51372323000862674	3.003057680975457
58.367082416321814	-1.4335008529885358	1.8840920162333152
58.881237633198793	-1.031422378014005	2.4267574293467278
59.566133077245496	-0.30613939217218433	2.6254755722422094
59.337558530224776	-2.6487818756554686	1.3304606681669122
59.319985700687717	1.8659087810050625	-1.6432674545436408
58.728144932325556	-2.2959975955499448	0.61779148759756952
58.532799383174414	2.5469784943942049	-0.1058878568550148
60.067762143081211	-1.663059621067106	2.4228847922055947
58.448000514366299	-1.6133545787746499	2.3910676754145213
58.727896582062144	1.7341256633934143	-2.0042747824216152
58.905664030959144	1.4092411734388466	-1.8010628918496914
59.729488913540621	-0.66271764632299468	-2.1717928325923386
59.399576110959259	-1.7174436579174428	-1.9836290551779838
59.010311668968306	2.5836630256620263	0.85897036501265245
60.063767035377637	-2.3452259975450191	0.93365044751952242
58.523539617029599	-0.80708919748328356	3.063503127057341
58.383364513724821	-2.0501183713873821	-0.46194576043910618
59.4462064969754	2.0885096064678179	-2.1266545552426952
59.404096759373154	2.6902773406559328	-0.69175759358725675
59.509405617324362	0.033991775224194887	-2.8792178416823466
59.033257531437421	-2.1498384899151293	1.5342124386022828
58.356630517284273	-0.077547893388631731	-2.5232761558088956
58.205027136428086	1.5924304409365737	2.3195566025570131
59.183665994765036	-1.7896933245518269	-2.1034789722443317
59.182484367110114	-2.3826542281631045	-1.5841553463647149
59.911280015718596	2.4752542265696862	1.1027287370445256
59.423507381802509	0.26270375296836396	3.2730946929647926
59.527934347506509	1.5509279593777949	2.14632878135816
59.764691937028303	1.4155496657955391	-2.1216012940847642
59.099195943893584	0.021441047013737523	-2.8913000095824164
59.319896427490107	0.31285890368367947	-2.5726810987625757
59.116891767659176	0.69918466478689301	2.6996439397117471
59.597692949487886	-2.8552542168390498	0.04624781124121384
59.904694279253036	1.477329362027924	2.2898274527928084
58.739805945186909	-2.5272333448738271	-1.0820483419934341
58.400037831046234	1.4973170514863849	-2.2617169446612624
59.35602181261072	1.2743805218678226	-2.4305984176120399
58.909998099678354	-2.52106363378565	-1.1988885679952592
58.758262598682002	-1.6608721997897462	-2.0010972297764242
59.873881306593042	1.4935650384332615	1.981718503125959
60.067086980492654	0.83891399848429749	-2.7157645519196367
58.952357481208878	2.1644563114875468	1.4015756705239542
58.868245887076782	-0.89971758861533402	2.0581532978586692
58.586360416184206	0.92350363842528194	2.6742755516105881
60.118660240050474	1.752269439418616	2.2546139567687518
58.312957923185948	-1.8653725641750851	2.8011956103407711
59.596884780004487	2.6707564956567147	0.86001449181709411
59.164599937493669	2.7293148114918453	-0.80655563376514694
58.495939129036415	1.8636163775018189	-2.321978317759235
58.524028398131598	2.2216103820453723	1.5257723405815922
59.716902104756088	2.3088984591260076	-0.12336743226721257
60.045278605064553	-0.085076632613433303	-2.2184596736708029
59.944230307001554	-2.0636707245868235	1.5229512063014889
59.051966914054447	2.5111033369604305	0.9275250827504854
59.333471101447572	-1.714859633513778	-2.1844851892093953
59.196111971448879	-2.537758906661769	0.58399602041835541
58.856516176389007	2.436756335143889	0.9922902227335576
58.861484950845771	1.669525955255085	-1.7676040119493008
59.746969305405102	0.9609345538771884	1.9987994960772941
59.362170203362176	2.0237336924188676	1.5157079040027168
59.067863609802963	-2.1436225004142444	-0.21536403727264627
59.627644958119852	-0.94932969700195213	2.3874447298550288
59.61823230279353	-2.0047359721710722	2.0557574227039259
59.754861581295636	1.0941301029413613	2.1410647597813655
58.843074705565861	3.0914739355956473	-0.12312810947479533
58.424752926345242	-0.83952621491133173	2.5065171538452358
59.072887397384093	2.1331515981122395	-1.4985529772666015
59.973906009589058	-2.5708462884975902	0.94327563021611938
59.503109760005515	1.6162919439602716	2.514276044720289
58.976561231569548	2.2675040859943234	-0.018975399006857768
58.298283367377302	-2.1412190810578604	-1.2131679048677833
60.003340442913846	-1.0927133520083836	2.5310265644499883
58.462439395940905	2.9074230237747312	0.45572060663596647
59.270331459034047	-2.6364809935955309	0.85369918672320022
59.985608720395852	-0.024611725229586767	2.5323550681483895
58.671727710972505	-0.30396412619903135	1.9783063886857639
58.498916882683048	2.680429254835023	-0.769380456467746
59.122398360883679	2.6519000141049522	0.8501614416786597
59.711214238377934	-2.3422042178534439	-1.8025642426405348
59.205804518235162	2.285939025561468	1.7815417600392389
59.208149877721596	1.6273179368741248	-2.1555800822274209
59.214625722124296	-2.49293526039963	-1.1966342115670698
59.08709843403706	-0.93286033129854007	2.7315048561238351
60.062388834465665	2.3505217169332937	-1.4283292532240541
58.411831835267364	-1.7137119873315598	1.738296502475142
59.419041654013718	-2.4799234571211128	-0.29168247591614854
60.01455529354778	-0.29546550935706301	-2.6517297991671298
59.916640255555556	-2.3919718449388756	-1.3551061252602199
58.654385376122235	-1.0640524726025669	-2.138786808503351
59.41694024507013	2.3406966468204993	-1.278633524411142
58.474796943200992	1.5627173227930167	-1.8551705983862952
58.603504549714891	1.507314896480517	-2.0713805652190316
58.876134502020214	2.9568244010448135	-0.33507208319858517
59.946563428454148	-3.2058668803883297	-0.49245620794879597
58.208516438776215	-1.771842590122702	1.7367600512275549
59.216408331568097	-0.91893324620735795	2.2234175865058767
58.325003017099526	2.7042455951531319	0.48285531580546392
59.054450376799615	-3.3287784969860308	3.6732944360487614
59.263027360599715	2.5457552703657647	0.36849507606216886
58.367092458041938	-2.4005270793010887	-0.52884897725872093
59.425239642618571	-0.1918367430113618	-2.4217230552317117
59.295352420015227	2.5051502726420791	1.2186548437043547
60.244417111561503	2.7215921159128831	-0.64184804003667351
59.575548464158018	-2.3102740036295342	1.59964035066376
59.381076354640257	1.6736447511410697	-2.5346669524748093
58.619299784497315	-3.0001152615428919	-0.31579504768735439
58.883379753013742	1.7112011790277397	-2.5084673876598487
59.450557999543136	-2.599291057542477	1.2704126787861905
58.733716024994379	2.0214460933590046	0.94976240992877858
59.399172802535105	1.7492330917053998	1.7725469429921781
58.635434463299845	0.90360964535609345	3.1700916315655396
58.984408852343797	-1.4881547412352256	-1.6662732637559754
58.985177790545045	1.362675830242885	1.6852200964315827
59.994786834010888	1.9064862740615129	-1.7002051314485911
59.586543458252933	2.2025412217955784	-1.0967350162692455
59.158710390930409	-2.1850155246541325	0.69329378437513312
58.523412689278707	1.8805556445520308	1.8433245241697116
59.662041215097794	-1.5104371064912565	2.4267069164335919
59.860443814473157	1.2719937437870741	-2.5324458827433527
59.923930166368827	-1.6441571876469905	2.6272711028972418
59.97716002277739	-1.3502727935105496	2.1800916165726383
58.347211135971577	-1.568119289866059	2.3413275451930318
58.779098231431824	2.3927648881291179	-1.0951831561504008
58.99095070910225	-1.4782664451738354	0.81174700583432968
59.982965895591306	0.55410459855055105	2.9427235124415585
59.686459035182445	-2.0193122321939443	2.1348778316365138
60.073589171768397	-0.89409309492786093	-2.707503312684211
59.156939729047878	1.4850680897441018	2.04226336498908
59.922489636313102	-2.1457400420731703	-1.6393272397432415
58.533606081916233	-2.6457868997939968	-0.71597399781078475
59.245205356431661	1.4330797137091842	2.7794849964256243
58.340342776066606	-1.1436385164589067	1.8533590857412088
58.971598304746841	0.80526483651191139	-2.2660229284477067
58.587284040875723	-2.6722902508494344	0.12315538325457634
59.110836497318452	-1.8924061555462146	-1.692603659472488
60.15555984880578	-1.8726909551132265	-1.5788304585364203
60.003908352576204	-2.7689918735917507	-0.47223393176791728
58.398982026348712	2.700953654366506	0.70836291327464407
58.901089962376609	-2.5777529000581545	1.2852173324991294
58.950169984422445	-1.7403171678645135	1.1038876095816277
58.762506381533541	-0.062851478730997667	-2.8886726540994339
59.922391367526913	2.8108818264490392	0.38862026911609521
59.087040007413165	2.3905536817181723	1.4127511995000013
59.759627747449009	-2.0928704550165746	1.1800457576981807
59.341974741130137	0.54890432288961799	-2.1266108597405311
59.011639454553105	2.2081814184351232	-1.2263010043878457
60.056096885072805	2.235252258888702	-0.83452285589308084
59.172293705112381	0.83692636143535748	2.9001463560650067
59.974437324796114	-0.64486592181469882	2.8923948315183114
58.94028815081348	-2.5680391992671994	-1.2944500336907514
59.492892110208089	2.2411475746377438	2.2477613253695181
58.350254617470938	1.9448885337026625	1.7810234623084644
60.001418283744947	-1.0845043339241689	2.5054748480009441
59.607612887874204	2.3966669918243668	0.17265468458575098
60.081195751910329	2.2276031324402545	1.3320890610680163
58.262693149332158	-0.077173452150211916	3.0502574555546951
59.615790677798515	1.2254232160652632	2.4142242567798808
59.435933739802685	1.6032047114647947	-2.1339100567344427
58.362985360715058	0.75330664821722304	2.7346582848445182
59.854143950908863	-0.50021981881322553	-3.1169130553962634
59.811841439017975	1.8398113905132745	-1.9059211981590047
60.062374487275733	-1.4104411383852178	1.8134456325368868
58.763336670014873	2.8429769098246469	2.23399698396836
60.151661288407738	2.7884370298533598	-0.01263995958711726
58.957481972237751	-0.59725633425073987	-2.4648963646333675
59.817200875296287	-0.48250697983010044	2.3635240759093192
59.460221247170431	0.2507118041882071	2.252214609364962
59.361912377847105	-2.6111162452662975	1.2510403330068571
58.551853898766907	-2.6502101132414548	0.27302098548229903
59.576473484212443	-2.261327049694887	1.0194666950963922
58.541086565063353	-1.9278722015850049	-1.9009813730308438
58.316925688606197	3.1779979234524491	0.53925334522816804
59.029259786813391	-0.5387970186417913	2.8741957868202284
58.471345423554752	-1.8726636322952392	2.0784108550460996
58.256731831741192	1.9225316099644552	1.526874422371028
58.439967362902472	-2.1765026436881079	-0.57247985749874786
59.471893454790475	-0.78641040293540909	-2.2384022206751331
58.711557781398078	-0.20437636189211766	-2.345213858245804
59.267329359621932	-1.1305359176158221	2.5203058689841225
59.92843763117795	-1.2306050041588441	-2.7424620307581247
58.601191529836434	2.3755395618376656	2.0859357293242278
59.134258902745763	0.042636868709157276	2.8288854277575894
59.539732483757703	2.9539976840408615	-0.6576180252092696
59.188065429598502	2.1690282986609355	2.1035785428101255
58.84742575901732	2.6441049788006721	0.67544111715258326
58.576578609838791	1.6610705977718867	2.0684404059567827
59.292720963187151	-0.61543821600480852	-2.4518941714263263
59.007927476258992	0.74274827461750104	2.8912455534775501
59.029501264048676	-2.2756342772249654	1.1977078018213265
59.139189074358853	1.2567030080682546	2.1219726598197082
58.417611335064372	2.2095315879069641	-1.9080931889757526
59.652205229901817	2.1246284042944854	-1.7640693099894458
59.593012914465298	-1.021873874294011	2.2128848184381678
60.132028044175371	-1.4140238534096621	2.5840151254821455
59.950642056934022	3.0730132558816932	-0.59338749962262227
59.721902604384965	-2.3920287876313289	1.1616288549615803
58.555061517078421	-2.7427280453313672	-0.16540092053525296
59.09846394889837	0.80556288346748073	-2.3816427315643249
60.060096370936726	-2.0153285214659187	-1.5856929401025603
59.743272772115191	2.5705044041093084	-0.39956026195449978
59.363512624456291	2.3811826014740838	-0.39638962470726341
59.254116700191119	3.0954061625133731	-0.027959427266902454
58.930236534385301	-2.5004339016341404	-1.0198297703286792
58.905842539651111	1.2415759807202591	1.9209680343025708
59.790613068717946	2.5896370438347001	-0.72900497736344549
58.286490509162917	-1.9700105004789681	-1.3775888969401102
59.188487426941236	2.3593618461085168	-1.482932931189924
59.435587590204008	-2.0166845806079734	-1.7579433290925923
59.39069819523003	1.8298238047107453	-1.8347522553221027
59.416761340226856	2.0295475742459064	-1.5387757551247001
59.284445685150317	-2.3225337925702263	-1.587370992830283
59.397004342330142	-0.69896400797161495	-2.7154117792254775
59.807963036705594	-1.5509829663328412	-1.87763331477857
60.08610811737352	-2.1703065857228285	-1.8424519127740699
59.011290824689226	2.2149506323371395	-1.3932232280125119
59.023486527603801	2.061621232386849	-0.63077167439452075
59.157333009659212	-2.056657345137511	-1.3343826476668841
59.672434885429446	-1.9266985081073349	-1.1631255868232944
59.378007182599561	-2.8207328949151895	0.1621585221094991
59.68476336149353	1.9210786782448075	1.029287348197697
58.942445327211679	1.7544319441485448	-1.9209377343283955
59.005990482716925	-1.5790889954463769	1.8374484846510575
58.510153773759669	-2.1613249577532763	-0.76599620818022784
59.430953245415253	-0.64592752995855263	2.2766110134663795
59.145668326462356	2.6343144960247424	0.56634644950106816
58.34182366376811	-2.4333819668539665	0.72824918856636645
59.110156221568182	-0.15299353666186766	-2.8618638769357441
58.833533534445195	1.9453351542424657	1.4747690398799291
59.996028456442019	2.3882423947817286	-1.1528653947740322
59.978108063530399	-0.26781146500635689	-2.4432989918239967
58.342618821477188	-2.5687841531033389	1.4623734532715329
58.371592291006543	1.7726457508282023	2.4705982109214646
58.808650812112383	2.590898620484626	0.86095730394775838
59.367318796112293	2.6519952073288673	0.28433617501375175
59.2343425253259	2.3598410379354444	-1.3604499903014002
58.288161823789508	1.9781537082776266	-2.0072412169061051
58.621160586384903	-1.5105720851633635	-2.1244424927200134
58.533619427562222	-2.8755316532809028	-1.4217108614938927
59.590618977825486	-2.148834057968775	-1.9058202068424097
58.660453569177427	-0.63393332250066092	2.3003757890433616
59.432250289401239	1.2636899098275254	-1.8501199758263847
60.01675300744629	-2.6365843081048519	-0.56188247434517802
58.671121202491769	-1.7655041351939547	1.6973071475900858
59.913843196935055	-1.9409906499013054	-2.1830951089779433
59.870794366397938	0.010410044964664748	2.9813740953871761
60.041685955075842	0.57071213734500525	-2.8704422137089671
58.517461587908336	-1.3840440036194737	-2.4534929583402758
58.936565975026852	1.4487101719727205	-2.1930584621737714
59.567789618665223	-0.73762993186196957	2.9275046837952576
58.632163986344658	-0.63203470797254124	-1.7456569786204468
59.604395455768461	-1.975908165507984	-1.4971443432746561
58.85191431014924	2.2786280153697223	-0.93115455369308109
58.802126294671282	1.2270612311547695	-2.4680517366293384
60.039347496124158	0.54968609162515336	2.6728968695640054
60.109044113457628	2.1760472183115311	-1.7368605833269746
60.06119043272507	2.5537667406051372	0.76120158029443985
58.962077859274807	2.1392237594827286	1.0302127832155781
59.733716634720594	1.3338796763486527	-1.8256552791263354
58.679875337775975	1.790348902794598	-1.8222573515756231
58.666763749175075	1.1494266419729062	-2.2664329939201666
59.882131745165005	2.4516235785293428	-0.19803334606667969
58.384020863225686	-3.0067632956392369	0.88239458935941162
58.766326368539296	-3.2818453393326021	-0.36772978329736061
59.089398154484819	-1.2500028615392762	2.5572056006500161
59.259245966652323	1.4438602965677556	-2.0384397101397895
59.651053112074088	-2.3724459929129096	-1.8096670764190717
58.237645757830641	1.977908833198373	-1.5727133910852753
59.854759646059385	-1.0553269577887963	-2.2856795002486647
58.994968049705541	-0.38760134104702071	-2.9030167169111767
60.069340802683165	-1.8281572138917381	-2.0684357537010354
59.25580887370144	-2.577962703151305	-0.99073966593636009
59.093710466597585	-1.3585423643593524	-2.15089997826861
60.037363810591344	-2.5916471191613568	-1.4873152075682676
58.478038853700994	-1.0071735413907119	-2.4926636878680615
58.900262559996136	0.65954436353658652	2.6699462133489096
58.937280808763319	1.4767083101808194	-2.2879128198104572
58.30796399928807	-0.89706821166666073	1.839665023338966
58.654569434977859	-1.5821804618157422	-2.1743401285923238
58.527919820738752	-2.6836854502663554	0.91851072706369818
60.024532368878674	1.7888774207284286	-2.1586314770710953
59.01743928301881	1.0982327270327066	2.0233947208587737
58.498618535356798	2.1551893174157901	-2.0733613480883157
59.268098758067964	-1.6940258478778871	-3.9887099902337062
58.519037535069415	2.5438805499537778	0.63362882725318204
58.811607015214904	1.6538236996801299	2.2358797068231131
59.066679748805406	2.7000416248052534	0.12650657321871919
59.801343030637177	0.83305405453596693	-2.3128611988001575
59.205930930956733	0.9506427711465083	-2.3247847572565288
58.740239444347424	-2.705001190439754	0.78854210212522458
59.884351196986636	1.7319227643746613	-2.1778865626988186
58.533664393912765	2.3154916751921286	-0.8050852242472164
60.002234819552903	0.89532755163237054	2.635012726825912
60.034593662706612	0.47505912179149018	-2.9331545013711682
58.416078771086113	0.98774128605121692	-2.3138538252992094
59.102612317233572	-2.4334537934057567	-0.039091353329017066
58.724183430398817	-2.19761726987428	-1.6723532265910377
59.475552222684101	2.2898837742671287	-1.3323688829030851
58.333232991231171	1.2634297566754455	-2.1459122283231955
59.393207066879263	0.39309310873811115	-2.5265163183496204
58.413851679411735	-2.4852687398558087	-1.5052329857803479
58.985776384606417	-2.6814005750238015	-1.1954540497712538
59.554825093638371	-2.8581326471018711	0.62779139177845467
58.906628305284833	-2.1358686540694234	-1.2754251237721532
59.761350269765337	-0.5616684177644512	-2.3908752037557726
59.532162874096848	-2.8301518891331932	0.3692936855242443
59.255045084831039	2.2622106289240489	1.5099024657302991
58.471601973507937	-2.0067685802262356	0.85821976134044897
59.574845782911645	-2.2433985816088233	-1.9638042086260936
58.159236100133043	0.37098767519938819	-2.6620476883774402
59.37916168744654	-1.9683783700714415	-1.5399231896987879
59.48716308186917	2.9212046980078674	0.35439453439663782
59.332370511020272	-2.2396290504068812	-0.26090053396536889
59.026578941035552	-0.71585701441233052	-2.0678417757354115
60.024058823665911	-1.4211729778854434	1.972449802714269
58.597951860022633	2.5688040381243109	-0.58956763737217188
59.838076937555215	-0.65153986400667674	-2.4544091226613416
58.908923947371861	-2.8479604983847717	1.02429497509797
58.963714418728038	2.2899434148303492	2.5064709340884153
59.76317042537309	2.7519815786613173	0.59841659731936381
59.104631583191406	1.7335822597223212	-2.3661638245639831
58.840405968210248	1.1470896019799059	2.7137325115367017
59.212060774406048	0.86103644113070277	-2.6549251558841176
59.748549286176498	2.3178736561303976	0.95179631630228567
59.402568858955114	0.78331578804952462	-1.9023198062647815
59.833106739818604	-2.4451361818469151	0.58696052953430522
59.612410970040784	0.40050105932407692	-2.8263005917807291
59.987072298372915	2.7702124487891373	-0.21095055102314353
59.942920180996616	1.5240444570541252	-1.9070680308116494
59.743079211976998	2.8095891408619291	0.1448961343689357
58.636606294265817	0.31011085392661364	2.4920443101625191
59.998050529915155	-2.6833883783812245	-0.03836796171326725
59.706817589103672	1.6996874737809993	-2.2351075902346316
59.695989330348667	1.7122292229873746	-2.4315802850867625
59.598721496808075	1.012509731679176	2.0357046736646511
58.754242514115035	1.9736709754970316	2.1218841970476112
60.123569832297569	2.2974668669045428	1.4092339142525618
59.553026429276798	-2.4025590735928053	-0.90329642194635218
58.415587199212069	-0.84275879499318174	-2.5039895504404748
58.613734367906929	2.8504099224104853	1.1151626791525717
59.154249283285594	-2.634321353273557	0.84359180710216697
58.847931542221886	-0.55493023205776193	-1.9686915877370643
59.61126166196933	1.5963359640291126	2.3509871487392422
59.218989060774945	-2.5982807152801461	0.28371837644456338
59.688996236906036	-0.45957300090220354	2.6688247237262703
59.579523977533086	-2.4338020669972691	-0.58205218169834405
58.895154978101061	2.3708420885270463	0.3223877153763034
58.865411467864696	0.27491589507432984	2.3880353520723698
58.931118598940614	-0.41040167871864081	2.9175462380869939
59.408574065118451	-1.4824338263150705	2.4684334179283764
60.194140946635699	1.6254364293311336	2.2212773567040349
59.550658532645826	1.7346265521785171	2.2124315139157456
58.641560465371242	2.6243692199231243	0.50461872881227776
58.593935645702039	2.1667792817171807	1.5330669014985023
59.519734096884221	-0.24413642688800427	-2.3400531911540043
58.586760422996981	-1.8625557356202829	-1.8174883505221457
59.380353259468357	0.93307078512569108	2.4879571676197734
59.88492471010683	-2.1297707449639813	2.2582492453727308
58.561198162641887	-1.4359320451317656	2.310585775835662
59.443125679304302	-2.0463826686350464	-1.6862731549888983
58.778136629080734	-0.65218851568043346	2.124804802672795
60.021318825515152	1.8926457342398093	-2.2804141034649237
59.412787859077554	1.3237119284560155	2.137053914715247
58.37439498355301	0.13639117002918252	2.3164567528248803
59.798269884350155	-0.35339583992074619	2.4904524166604234
59.94739977649575	1.3327855962134909	2.3210869571169512
59.319283143978147	1.774810960694331	-1.1182604114280688
59.844639182725921	-1.4538864501634925	2.5310958720092396
59.639002904014788	-2.4728041652116479	0.88617436115541748
58.908295783071871	0.77688766025320255	2.3863247152713836
60.206213145570182	2.7851054501153003	0.31790968508505479
58.895967061524651	1.6604952703746931	2.1048740326502795
59.14479149831876	2.7416132817477807	1.132347366779018
59.835846973884763	2.8582541127682628	-0.69428865765253023
59.808329175340077	-1.6539077803079414	2.0286356222818078
59.437785483492533	-2.0113827689372199	0.80386350350658486
59.257615099052281	-2.4675769267068937	1.6270970128574065
58.430703346800996	2.184034158334657	0.46864213415998368
59.824244893422829	-0.51667919489229286	-2.5532139587144131
58.530306880285998	2.706263162737732	-0.93654739871436954
59.983360081505033	-2.8232966469100074	-0.11892813979881346
59.443664527970071	-1.2374650806700995	-1.7100955273899567
59.431026087763357	2.5808702745251111	-0.024096416845467282
59.765411584505564	-2.0139826756027546	-1.5427279425150568
59.217137812118786	2.1969518064819202	1.5195514909168808
58.856851712613526	1.8370250682180822	-2.5471659297322393
58.536797437611263	-2.1719270133836162	-1.4804562869773252
58.873048731115347	-0.33307750881775977	2.5818839626194614
59.870930263501144	-1.7861736822050989	-1.6424965766933328
58.732607371459721	1.0072931818965027	-2.5641003096070785
59.906559752987157	-2.5099591265586292	0.71585548097113738
58.427959437729484	1.2542865003557007	-2.0394341239301186
59.187109538548114	1.6714826391504116	1.9765892604580211
59.955647270553904	-0.86756189580952958	3.005907788081053
58.67948956806417	-2.4780831795750653	-0.36027533291270658
59.449424873206461	0.28303551297459173	-3.1136614771545972
58.756209152334726	0.38581554538647533	2.6845240951479221
59.460693830458091	2.5966995422558901	0.29828612279076983
59.691031934248251	0.31684129840165254	2.4318531667557335
59.827150149417399	-0.46489430799982595	-2.4460780734936169
59.930819726464954	-0.62259723221035668	-2.8161019889162948
60.098538872918866	-0.45766660915507601	2.6046781046216756
58.7118570913252	2.9906931918663346	0.25159378629165707
58.354092208925906	-2.051035137944166	-1.1250897526156869
58.319654601870234	-0.65462153941272461	-3.0088444437356898
59.494484610028429	2.8621312220767847	-0.71304362631779017
59.207837498577433	-2.5815540761023739	0.44956313844479789
59.040886876158282	-0.84405964395994026	-2.4199457658574319
59.158673891775265	-2.1557785812664689	2.1196811281406056
59.798141533657372	2.118008074507594	1.5855539700341501
60.026704933904483	-2.7347383340875799	-0.96739407684633516
59.26144174752455	-0.95389942050101617	2.7268379844680188
60.057000677008183	2.7061454139765542	-0.35801939842820213
59.404813945710771	-2.611485201263354	0.80897393639072224
59.170765600820488	-2.2035047824488205	-2.1700160278462111
59.739899426721422	-1.9922340593922949	1.636805242899849
59.532808608020886	1.9589574307471669	2.2695638142015748
58.732448048414952	0.52443873885535797	-2.498844806718528
58.657133504796107	-2.6737520227174674	0.16575979220545065
58.97674106301826	1.7408387114724628	1.9381597160960986
60.04624102799972	-2.3945071292757634	1.9561537353390441
58.621705496965475	2.3598971954172181	-1.2899768203290063
59.65099838445974	1.0819010663058506	2.5676443812263599
58.652654512469944	-1.2286321411235244	2.5865324043001232
58.445760752981691	0.075003193202700297	3.0308727182008224
58.423208506684325	-1.0341881291722865	2.573111228540919
58.740234128972979	-2.3192712834071454	-0.20948182783184779
58.847482847469031	-1.5437450208579349	-2.242151479504368
59.299675262054322	-1.2856113317903073	-1.8216131895047067
59.613492477449569	-0.58600436602547812	-2.7470499915135029
59.301104223099493	-0.081872054344470035	-2.7763610492966073
58.575733991454427	-1.6167127884642156	-1.9955199351981661
59.010055328010068	-0.57205451504545402	2.7980141731281782
58.514076189173217	-1.9378296924036245	-1.9748906987198995
59.856329810581478	0.78185372551156129	2.9643884072532862
58.574897609111879	0.3930421730398263	2.6411084012185859
59.141694565622778	1.9860740609652645	-1.9542727850569859
58.586076687984523	-2.2972063474185598	-1.6630456142445802
60.220650919730204	1.109519686423786	-2.5079823038524274
59.045022992157875	2.4780565603096916	-1.9200451759589996
59.460089115636364	-0.33020278476997461	-2.6882057238589487
59.681659259425423	-2.1663052850857998	1.8416494767121618
60.10068085137879	-1.1339716724166164	2.7110008213170893
58.184804367426921	-0.66647189999488587	-2.3081996043700252
59.84702854616782	-2.3193576465881045	-1.1130004691248898
58.474966067032696	-1.2130982359221689	-2.5524281472313648
59.629995925134757	-2.226500897401734	-0.59852459356573484
59.054933290936397	0.95993308648168962	-2.49144682684903
59.59682918275599	2.666786853501816	-0.41520896602553103
59.460802097730124	1.7335413559845165	1.4994555835866437
58.833496271018738	-1.4596829175704835	2.1459958578864033
58.694943939748924	2.7690296402025543	-0.97367497791566038
59.311975461939873	1.2483425009696769	-1.8820260046079107
60.002524728427815	1.3281837365297102	-2.4581758488682315
60.096023834213533	2.7513515992200137	-0.71118181420620885
59.536398583610158	-1.9240568075570161	-1.5833984406527031
58.586580377386092	2.4565022372939724	-1.3676507907225861
59.704686469586761	3.0133224412858186	-1.3197547562998693
60.090105465846314	-0.57538381264256655	-2.2638611613246171
59.833714587508204	2.359298315206841	-1.2626023085940468
59.78703844991098	2.3227349413299589	1.6529882643859612
58.31927845454161	0.14900140847091053	2.6511945429136334
60.017414683953326	1.3724213733650339	2.5955269767723155
59.247754123491745	-2.5683717237151447	1.1847980105072302
58.786140767660669	-0.079256174520155057	2.8594921525967636
59.207464446848078	-1.2425609869766743	2.136017140232497
58.891209944000195	1.3715995603266293	-2.1934179813813213
59.870413632429795	-1.9239686114777184	-1.878923746959144
59.466781326554084	-0.37651458207145616	-2.7653020280021066
58.631129684931587	0.24861278389484193	-2.8049291431767878
59.721768803968409	-0.48692712333572574	2.7098958985933792
60.055006679693527	-1.1762082168548542	-2.4802812688855833
58.451281942424366	-1.8227804782590959	1.9644271156718489
59.485501105746913	-2.4224308026925874	0.92900503524204914
59.900845714739447	-1.8029198445559385	-1.720948559481271
59.779900067200565	-2.1840142716645019	-1.1925822744565258
58.693964290669413	0.795700728721908	2.11566748104303
59.309757999373801	1.4129926264024186	2.0289411525507144
59.767065144545604	0.039775043951574794	2.4382986040853849
59.276820469711296	2.8534175068039915	1.0656069395845045
58.806523613720323	0.36923655496504865	2.3340603842727741
59.22210540593732	-2.4492158477566006	-1.0907475265234396
58.521224917153987	-0.89550563524167215	2.4704727335246393
59.524429854628636	-1.5188710994991388	-2.72467648203309
59.231798601907293	-2.2444622597014066	-0.31142016518942639
59.565243220255859	1.6985957032969714	1.6503625867216363
58.904199053024335	0.64155723654128582	-2.3292932298121198
59.546458677098407	3.0397016175997509	-1.0758035420636969
58.32878164973166	-1.7100797389562266	-1.4585764122978377
58.990611570134014	2.5908147591819772	0.69329999172948886
59.409629617190419	-0.48532986342484974	2.55644990489498
59.8783024286856	-2.1662730377570485	0.84393798818420984
60.112734116896185	2.3013057524784286	-1.0234373721431897
58.288301730646019	1.3357483741412532	-1.7840930310713623
58.984925084065765	0.46789321078797569	2.7916427003781417
59.521676758864345	-1.4217017703050823	-1.9854413271465718
59.928548924194885	-2.5684741128046578	-0.69128746977142463
59.412050158272478	1.513184261936154	-2.1832033807222397
58.704133169096998	2.5136030651195105	-0.60929642945617468
58.943911888786467	-2.4930510814959037	-0.2148903828149912
59.107237915890614	-0.46921555733751341	-2.8054780460979507
58.883733613158171	2.5216654155189651	0.92796817621755123
58.541664669133993	-2.4881368112724171	-0.2607195160705329
59.699644045402231	-1.5750279237518625	-2.5578122192445667
58.650373507777545	0.57245113027110717	2.2365902503059498
59.576361543085326	1.551177087418206	2.708804911308206
59.790558030788681	-0.50513322579971787	-2.4697287395598178
59.843097129800697	1.583289390424498	-2.1136570629565012
58.808449255889286	-1.5811291091992246	-2.1564791725365646
59.416076322621088	2.0772900273103527	-0.67495281766401738
58.713849240485892	-0.94785356182847247	2.1430275943903512
59.404633599374883	-0.85698646458656746	2.5210983064666515
59.59816482644203	2.2520133879736459	0.44879661664979431
59.935450026505087	-2.7368305816752549	1.1020412019947259
59.803390705536607	-0.032748069823201789	2.7493520713806836
58.524695202855526	-1.4182728050645581	1.9737386378098027
59.821080124734962	-0.96994067981545107	2.1337061651900306
58.942818222327382	-1.9104954468019251	1.0323239735497238
60.013275126073815	2.538371442414129	-1.0436242263517415
59.978768319419189	-1.7447733094578142	1.3927873864837197
59.365530333860661	-2.7581677856860751	0.65971217877668031
58.378437065886963	1.4758047279775661	-2.2101532015968499
58.289214131057953	2.1555907508003709	-2.0364522117930774
58.862962885473586	0.64193521118570529	-2.9421154424457638
59.183021203957971	-1.8843571373413772	2.2461842908482388
58.504747250134486	0.91587176387781633	0.82251850718898267
59.372381093633649	-0.64069090006398866	-2.6978749972647877
59.687987596070201	1.4830789975734326	2.4481005610639106
60.015225909776483	-2.4771869314805781	-0.30123305532966821
58.661150495932858	-0.86320905200969311	2.4784422652376681
59.529360288923229	-1.618353348299375	-2.1037011154142342
59.61644745205426	2.5208905242565596	0.39368865915828655
58.629754446860012	2.596621461497798	0.07923869490331438
58.992846184476072	-2.1746512899530788	1.2843787263465796
58.72780463488175	-0.063801341760045802	2.582479739158833
59.510722985951809	-2.0281278271907239	-1.6410997746546867
60.084524309531226	0.74543609509001729	-2.4675230256938634
59.077629290523838	-2.2334266393449118	1.8426805697070692
59.057259125230146	-3.0283429974134264	0.61274147405367174
59.089528536458644	0.026897743980378565	-2.4897468165031618
60.087559917058726	2.2031262683912933	-1.589001000900089
60.065276938687092	1.4323174651507733	2.664903333226357
59.4826264965996	2.8021057355671783	0.43895167933959334
58.724130290315344	1.2159286799434572	2.2358598130673588
59.113112050190637	3.0110675573094241	-0.02452426360129897
58.845887814650922	0.20330012059786276	-3.3913022156871078
60.043717188115231	2.1280469582313697	1.6355027916927167
58.417553405947722	2.4421778654887443	-1.7518810891276457
59.913586348514031	-0.85688511185422123	-2.7700134057172767
58.28490448679738	-2.3910929000122532	-1.6124606871415326
59.160131320274729	-2.525938556463371	0.11034703471304828
60.064179996550983	2.7987052751607524	0.066041933680584392
59.81740291276963	2.619801605587186	-0.7600367873050885
59.604626508688014	-1.2000304530472385	-2.5527552746706474
59.396625459983994	-0.47126006497626977	-2.8574382936095684
59.673708915877427	0.53123887257751001	3.1832088931887075
58.970851819553666	-2.0076926268742747	-2.4824805721129124
58.813311805459485	1.084236718392555	2.2864742183268016
58.491960281093903	-2.3928836458305431	-1.2259772544031107
59.795118888696877	-2.5121323261136297	0.052058543003595047
58.498454545695928	-1.7823899313900176	-2.0368369229050809
59.01391899599767	-2.2586155754168331	0.53237343900938416
58.472140938744033	-2.4865792662797714	-0.61296609348546482
58.279539144313148	-1.5257917109563599	-2.3281529908397811
59.898371536785326	2.5161012008495982	1.07516561279834
59.880812948217752	-2.5788094099114898	-0.35456577075331225
59.08956942033052	-2.7981374582705576	0.66998147787639306
58.511110457497217	1.5714979396567297	2.1219564433752698
58.764022214118079	-0.8959082669281031	2.271482735035093
59.673272002277145	1.3153378925332682	2.487799192934923
59.774223252513451	1.3945219077967683	2.4116528966096964
59.273844604656531	-2.0239322668446413	-1.7072092778663879
59.412190195704298	2.6703831815010308	0.15166584390740909
58.698277325334807	-1.8626026020066901	-1.7999852601815711
59.63555124677675	-3.0223339683302113	-0.44274002424647962
59.708274715831749	0.15959734097766895	-2.8633396284754649
59.964680767330101	-0.59508891584328727	2.8790916388467553
59.196314837105447	1.4234577156820962	2.6101799899290028
59.728545415020022	2.4840028651430557	-0.28505774332686112
58.515015133662281	-2.4616171757279313	1.1825474901961293
59.84190621979095	-2.2456389364178846	-0.33076003329894393
60.083506553113821	0.086818428034090289	-2.5019296026538607
59.42306582788148	-2.1313005142873043	1.8533471240709021
58.924400815827298	-2.3232228125120762	1.0710090536729417
59.582242157829512	2.322122236106352	-1.3173074861868002
58.276546392790237	2.0511357068148546	-1.3692728655756159
58.771651089978157	-2.1768345988893318	-0.28348655180276205
60.08878455922197	-2.3047114733887253	-0.46239213658075057
58.561717874796337	1.0568897259385106	-2.8359106673792667
59.605286452621904	-1.4537646250915697	2.4481834355015972
58.717293839051663	-0.70442853407070116	-2.5240450291853556
59.233414113224995	2.0521419278706858	-0.37046423564654329
58.339487308048241	2.4772383357583694	0.99568106248349819
59.492175461399469	0.94985087615430308	1.9747720611270805
59.846542510648156	1.0770012572366374	2.3233963941948557
58.716542919079579	2.6084214476640462	-0.59686718145233431
58.486779317072198	-0.3130845436704181	2.3259754873083103
59.136133258339036	-1.6511005751036589	-2.0065736337705355
59.436040717232359	0.095292086031710035	-2.513053583017602
59.944678292775151	1.3891787186508258	2.5287400830307223
58.69160600278444	-0.66567519833088318	-2.6312221149164126
58.322042385823664	-1.1562281139188986	-1.9217449832676439
58.660454733209541	0.74728109756964234	0.47063472631425923
59.901268241199148	1.8027297041642814	-1.6881784639145994
59.893500431887368	-1.9828037918635415	1.4484264804218243
58.576930026146947	1.4861030853208796	-2.824069742712132
59.108889218978611	0.97900983738712788	-1.5135782680428553
58.618867823690941	-2.6538117170038835	0.31818759808375768
59.740767057288664	1.3151976827986487	-1.9323810492712126
59.182849511638594	1.8993912402268811	-0.92494876320845076
59.925500756192129	0.99385490764375395	2.4501097267982677
59.497279784265963	-1.1991275930177563	-2.1999278819087533
58.71791658236917	2.0543991701194435	-0.34210932699070101
59.437786749970044	1.696269178360011	-1.5122214791466293
58.741514855137758	-2.6774211733621325	-0.21243526169242646
59.179098996315666	0.9061596363786546	2.3535362788170215
60.133921981095767	1.2000985628714147	-2.2204917060496618
59.570973065104972	2.6589591134055239	0.63410976185481083
59.125774511356049	-2.264349955552023	1.0150144256805633
59.528887003915905	0.99286129503428577	-2.5524606868829158
58.358987472974015	2.2265145834364337	1.8477118947288571
60.137092458527356	3.3544955350841446	-1.1428842907414418
59.451023270299153	-0.34466538443007322	-2.9687731201210261
59.544557133314498	-2.6515415083611185	1.3192152033781499
59.986890399935177	-2.3979703525601419	0.015544326567788209
58.552108023358556	-1.3829007349498563	2.1589843027412914
59.067377988085092	2.0484452310954531	1.3036345477700195
58.596324080206102	1.2223918781909962	-2.3210776726940434
59.789574445182417	1.8785946215085652	1.553171067443144
58.480961879126419	2.4174288503954968	-1.8616661573465862
60.197771794203938	2.6314976987138414	-0.59945306045953795
58.357552197183232	-0.65843580243473188	2.6383476189026194
58.438211878602971	-2.5217899927991723	-0.77881352008950655
59.536520512421831	-0.84436647686672517	-2.4117422417985033
59.035232793473867	2.8273692283939833	-0.39362699488316044
58.692513396850103	-1.0556424715650798	2.5699325754099789
59.751305706361997	-1.7686862295296359	-2.0473242024561693
59.908805277910368	0.27549108167842051	2.5819654460123926
59.676947668104248	1.6128326716566741	2.114913041697148
58.289908468440871	-2.2221303275154787	-0.079424848813353183
58.940007606839643	1.9767115268571152	-2.2714311747754472
58.636893630714759	-2.2642971325500407	-1.8766045807641216
58.651250746270946	-2.2508872614714761	-1.2238472909309654
58.511453162285129	-0.28676756274909393	2.8601998664159978
59.691590537624784	-2.4666529562269046	0.64016924508413875
58.323865627161645	-1.3623483994651753	2.5648202491118881
58.73133844055824	-2.3433531759994457	0.31780186775983527
58.628693756081461	-1.2208257372602371	2.1394900728845805
58.680066931086998	1.6540264059391432	-1.2621422858230835
58.862633626543051	-2.8327078882475991	0.6301870463234972
60.145014406672132	0.27071768470949059	2.7893736151053199
58.642937179257061	-2.3088756898764644	1.1191673671631335
59.77905501192577	1.7171570080427219	2.3276511196368257
58.407369174202081	-2.4545474477914255	0.93690639766885597
60.137486131709586	1.454068887758498	2.8947057352621592
58.403205482105925	2.239795238657718	1.6875901542317169
59.223568483654326	-0.11548530095616122	2.7107725939798613
58.300701689849241	-2.9564628841918332	-0.26468035811135371
58.844076565380433	-0.18402823597026327	-2.652647579111405
58.098527056318233	-0.94428820097479371	-2.2100969606863123
58.444424067870798	-0.99639732208172116	-2.5521331939593614
59.806365300114436	-0.53055589373249612	2.5972509646084778
59.106035733270211	1.2410165377956934	-2.127074416488326
58.845951187388515	-1.3523443505007389	-2.4528310163657729
59.016587519495211	-1.1486683531075839	-2.4124927962677756
59.87963258963179	-1.0196544562242595	2.3976916553501604
59.93119908425323	-0.65392599333654555	3.9474886252431847
58.834151236297693	-1.5307892294962051	-1.689291261966217
59.847319779762536	-2.4206937192163593	-0.55226161414265207
59.408585457802872	-1.5207953483624974	-1.7719158748591031
58.844510601321488	-1.7288219950951975	1.7856220672922543
59.591809333842164	0.59015030526859902	-2.2603655073104023
59.239019162453936	1.5586004638965989	1.9661849043492337
59.896102264976747	1.2751954605578484	-2.3015434336033231
58.904118396764176	-1.6653916011061285	2.3033377928970999
59.253839894629429	-2.0427891597725782	2.2141634198979818
60.010589935689481	-0.57931887228431411	2.3192019052326867
58.865239688886795	2.6635430337131822	-0.040343909663295485
58.624797162821793	-2.4869095975700559	-1.3434816614235965
59.502473292315557	-1.8462604745938518	-2.2469113416297413
58.294206777479225	1.018202863946013	2.3142243167673691
59.61955363071435	-0.011975233714596854	-2.6824476988182075
58.915156240818952	0.90130441129673877	-2.8428040316834835
59.139080041415077	2.0978304316728038	0.81096407425536532
59.180076652800288	0.10342679455005345	2.7712884893625507
59.267530805788539	2.7228797484029186	0.15200587673709526
58.78292008097258	1.6214623375898729	-2.1306546404106115
59.013125146594625	-3.2428543603528883	-1.1716564448928934
59.966918267764783	1.4237278800114366	-2.62973929199608
58.818079742195401	-2.3168223178531919	-1.2498818989948957
59.751553378431801	2.4632454285096239	0.45649075831790697
58.762140236850477	1.079117829737259	2.4236808657202662
60.000114674757242	-2.0128756617878811	-4.1039449089525455
60.035958797941255	0.9162027756908544	2.6365762943933451
58.799244006531985	-2.6198716600529366	0.66138438599282745
59.962086008899568	0.90622775565688363	-2.7492387557823559
59.926348311073426	-2.6177560177743802	0.072467277290947402
59.725081089073953	-0.90662185902170633	2.4890211859487041
58.634267073064514	2.8755755613356095	-1.1084827434956142
59.128571265442289	-1.1760751813469175	-1.0559207896053242
59.132289377833288	-2.5230227035945103	-0.71423135349812772
59.863973507179168	2.5220187597307189	-0.83360552702849944
59.334008709795505	2.4918664230889847	-1.8217674780882758
59.188558689240693	2.4334359739579923	-0.23104606685941223
59.629496159091801	-0.75492217510762338	2.3038793739370105
59.269226432340645	0.25360986958300269	2.7669293339644834
59.681679114506572	0.23545179760004228	-2.4349807180571701
59.743079100901745	-1.4533941824167551	2.2076891536405729
59.618661927391599	1.8713684186219155	-1.880546748579156
59.314203796423769	-2.1337382113051913	-1.4224650581626033
58.533144683989349	0.055638382734978335	-2.5986177007263995
60.120844990650134	-1.8616765961959878	-1.4831674111485107
59.133482186125484	2.0027483096573402	1.9326404673626509
59.864138196528494	-2.4446173860692224	-0.48364962878673562
58.928875314177191	-0.12546467820485704	2.4445731772967036
58.774716234365258	-1.1462980543646626	-2.4373622919627516
59.625821568746922	-2.9635416938136423	-0.40933105073372122
59.780758385862718	-2.9200020106402653	-1.1833581107544211
60.245059969625984	-1.4660129099526031	2.6179850028890068
59.004726815973555	-1.4507244812608977	2.0706921045203783
58.57049940232249	-2.7171487188357926	0.86348621059154618
59.307936314523033	2.5910949012646047	-0.10521992470367358
59.001412115968037	-2.4927329608950535	-0.96394293836110778
58.908951588605156	-1.1100791577398608	2.4503309746187263
58.897438202207489	0.16592286259153061	2.6434530748043765
59.256888206300744	-1.8884091272295724	-1.7240488066320894
58.639793220425723	-1.6897452714323546	-2.3201595803799417
58.510147466182005	1.6767102031667773	-1.9643784474324151
59.890001839971745	2.4663092248444931	-1.1727674162292383
58.746536996987579	2.1231170738030065	1.9138760408437592
59.953694246589379	1.2642720695528584	2.5340176886344996
58.334813164670138	-2.4377891632716127	-1.0355778766288752
58.519539276278884	-2.4410850046088579	-1.0245294474943722
59.972850777000353	-2.5168006345821579	-0.063273358539706878
60.022356705967923	0.90681168994852634	2.3673775740318268
59.379695721520292	1.6666061532597924	2.617509128108745
59.695548393102072	2.1977815065002746	-1.3644622477349955
59.772212219584162	1.2034379172551972	1.2854112072948505
58.807263890291203	2.030381171857512	1.6897042622977829
58.890045450892771	1.0823250568956824	-2.2925471807695006
58.667681532199374	-1.2133542737018497	2.1948625049260628
59.888543163664536	-0.36726435640883293	2.7209678511941466
59.909595299075626	-0.28006743382655847	2.6363355174177805
58.859569607615882	1.7243989889279201	1.6353889478820385
59.754514896785707	0.2206967749593774	2.2935186597079769
59.952872747299487	-2.6247857825089778	1.7768853064343706
58.503768323271508	2.4332357193178047	0.30496753484931421
58.41623231093147	-1.3919353446515166	2.3933051502571954
58.80312298756148	0.76097625471173735	2.5774014106769747
59.501009271128808	-2.6905082703142167	-0.024820155827817863
58.71308672795989	2.122015305537118	1.8806094445032342
60.057058583439471	-1.127225789019485	-2.2920483494027328
59.471882320558557	2.7069325528126043	-2.330459001908455
58.457021452877584	-2.8259719695024046	0.91711843873693144
59.527293238443754	-0.63085569387751572	-2.2449143682673531
58.777957445632339	1.8012141219999038	-2.0846274069823103
58.813544967115206	-2.2817779594865648	2.3832416018001892
59.471495460143352	-2.2714799831455337	1.4083293467100784
59.470421499603688	0.36041063356906705	2.671162171056225
59.762714043272972	-0.75370648233097359	-2.2125841584113846
60.146319826678479	0.35969775131744869	2.2111280756068226
59.821154182663911	-1.76041591616235	2.0993925178773325
58.816786913270668	-0.029188498581131497	-2.9252912860798976
59.696104157213085	-0.76815399500429593	2.6128278873098649
59.169447376898852	-0.77133215688157897	-2.8316486365509466
58.829602747114237	0.33806018005119215	2.4105177347883013
59.019552415132466	-3.4518635469460039	-2.4508681584007448
58.438817398083906	-2.6554354982031043	0.51603813826935996
58.737704977950166	2.5191789626386183	1.2097387921297615
58.19735673382889	-1.2563509587241208	-0.70923382535551316
59.790920941865316	2.6696956716703992	0.73140109374526541
59.538646974891115	2.6446882558400993	-0.029052869397867026
59.257368567677204	1.0629066124643496	-2.5223969265976254
59.160750123050988	0.60176640681107674	-2.6555434077212419
58.340011638753758	2.8980217494789073	1.1080125825504445
59.173383847619313	2.0011913170314184	1.9975592746131945
58.869847040592326	-1.9933709246357356	1.9833263592274633
59.758394171967993	1.1752181135135213	-2.2671126242978628
59.224436393964645	-0.20951606123825237	2.3872926842345699
60.071911288293364	-2.7743046950828729	0.015756452576402603
59.287108291419521	2.8759683261231435	-0.40103125695328107
59.439360683313232	-0.33870578420772418	-2.8726930659174759
59.112175791805825	2.1597146362137201	-1.5958742983828023
58.586189769202669	-2.2756896785480283	-0.46481861644006639
59.346675602184163	-2.1940314468654085	-1.7047550911528899
59.261672162041307	2.6932581370117652	0.41790234326040215
58.83051596555196	-2.3933289056213489	-0.39960883288196847
59.006832087732327	-1.571808110794968	2.4412774332872167
59.944946024806562	2.6559166781251267	0.92308871711596885
59.414404392571406	2.2014681483511804	0.45140544327604692
58.485040137561668	-2.6464139322826292	-1.3674706340557516
58.771313397685361	0.70973715261110648	2.3380018641988523
59.414628494097002	0.7143197486464159	-2.5945139056655675
58.644489636888842	-0.44924938847849627	-2.1009525378194738
59.024213584343563	0.14823226944695528	2.2809787763206666
59.350377918645421	1.5653995269847059	-1.8171612738431779
58.998472399601752	-1.3337609167209188	2.300702469876037
59.912556572376836	-2.6627554450634232	-0.61218613260982524
59.587330370107196	2.3360212137759389	-1.5823749930324484
58.900501955472897	1.697460136409418	-2.2773718701053354
58.871868263346194	1.2782792798978169	2.4372853913356303
58.543008811525539	2.9287482161096063	0.45152719368885741
58.752286406048889	-1.6032721261507976	2.5255952988295136
58.594244776172509	2.6583194575258382	0.47756556118572946
59.269220372284146	-0.7919445661757083	1.8919203613699591
59.157493474459535	-0.55079147729825262	-2.4930803137336799
59.102046687943684	-0.32302100731038447	-2.9523978779708453
59.98751543406113	-2.401708462822834	1.2667686507437739
58.476961333600457	-2.165013009998797	2.0552476108836131
59.711156664656691	1.1952585144355081	-2.1566163034600137
59.226449675118332	-2.5007886961705736	-0.85508841155024451
58.506635577809114	0.88608451360287155	-2.6657204943002881
59.068917650784613	2.0989648420806688	-1.4616861500194238
59.087280065484741	-2.4604096371986692	1.028528044243477
59.679008427841246	1.4004274716314533	2.1810490552919384
59.943020538326046	-1.8554410499247949	-1.8598333482739702
60.140584555960643	2.4645324471570471	0.36121113906704783
58.830212631729587	2.2533525160359389	-0.42177482294419782
58.582516021658513	-0.63363548256611357	-2.5401533420617217
59.980678547989569	-1.5652957981248647	1.9299874318438293
59.202864137468033	2.5580573931687112	1.264741932664329
60.053447028751059	-1.4179596109725519	2.2216983566776003
59.749164516446797	2.3676654726818387	1.9690954199283901
59.151707117300717	-2.4517984858706368	-0.78594693782401004
58.980712819792885	2.5177938746807618	-1.3959029321351579
59.473326290572849	2.4305282343969834	0.47045458403816764
59.507139878189534	1.9614199755830088	-2.0839057586835112
59.095586985980468	-2.1164001593449409	0.56864459673724033
58.951481780941563	1.3610800567176431	2.311834530414365
58.909516213489553	-2.0177024246044986	-1.6112753962329209
59.189471672761222	-1.211732545652831	-1.7591329629158206
58.889307534759659	1.1065083494198373	-2.3529076169525598
59.469616871165336	1.8965795412831012	-2.1460498700883592
60.11323862992613	-1.3784019339377998	2.3665907447671666
59.330929892725585	2.9527794946626567	0.05562367206433709
59.765181276935607	2.373640544643743	-1.1812260530716741
58.360737447393525	-2.6830569116484742	0.27267918731163687
58.714720037832635	-0.034724288362445593	-2.7758136831952056
59.166282176012515	-2.5717563179509479	-0.5876533972055793
58.820451937489267	-2.3067802254587888	-0.5031306038767781
59.72193434539124	-0.35688838902087444	3.0659335599231685
60.223478519054574	2.1610017372316399	1.9602531825989642
58.839775638419241	-0.58659161889275957	-2.7787117276607698
58.353709901027713	-1.5148438014225614	-2.3541758144196003
59.842633547857488	2.3478065737991423	-0.62499322730746898
58.644870774384302	2.3322023156666329	1.6365735874646181
59.852256048755919	-0.51670955135145635	-2.5621060024944828
59.574697459350666	-2.6521125685843256	0.42008975454334185
59.239522110383859	2.8896680829871313	0.5227169717508402
58.844084497911361	-1.2844119169148305	-3.0622778133633868
58.654639678996347	2.6320219479255482	0.48867963217804739
59.988939462694347	0.39616069535362153	2.9306155347074636
58.903118774963822	-0.18621064732620965	-2.7862332182187828
59.394330456467905	2.5935307362029594	1.1045783984776465
58.440171666824689	1.6545946335402686	1.9389613911813748
60.122176367446535	-0.25273392407507267	2.8569058769962239
59.876146562608156	1.9790687617059495	-1.5407922725480909
58.803771520228231	2.1046959622098007	-1.1513613162073935
58.930387712079522	1.5545111496920876	-2.5955281267841945
59.522389014231386	-0.40732978448492474	2.7148430927285712
58.64309246489092	-0.43555297625230183	2.5104588433106669
60.042776703119181	1.8354013255691946	1.4310008968015013
58.719994551532942	-2.9522576595415577	0.54244794184381273
59.357653353413582	1.6209102809366986	2.1526254670462013
59.166726159351612	-2.4692207946119913	-0.64392099988482077
58.168228534603891	-0.077073096687900952	2.3520421719029581
59.128818451575356	-2.1847560431666899	0.44458504802670762
59.883250131420986	-1.6713611859256581	1.9803673561909956
59.282988291013424	-1.5805958525119763	-1.7891979985375439
58.621805319440476	-0.90647821917942439	2.7512002060202949
58.43328085926828	-1.9622969192864497	-2.3123768976808678
59.033716367086939	1.8259533131807968	1.8797290315192634
59.183828654926877	-2.4530568620569091	-0.86078300504728089
59.73951475218297	3.1928455514476237	-0.26190048885520278
58.386350072491958	0.34382004079718448	-2.3436346701507538
58.592946259548356	1.4816792287942833	2.4694171869481898
59.285958251429427	-2.1694007004084894	-0.82484790031875255
59.677137423664327	2.6006040906934622	0.090237828936659659
58.371413383770737	-1.4410725368542543	2.1690582451521383
59.684241880409097	0.028754079759411449	2.6303185493433965
58.700751645048776	-2.4217695125388778	-0.77787898935494826
58.32340163098219	-2.2505712426817852	-1.6671052386605563
58.826566037240362	-2.9253485566148343	-0.40458169067605698
58.958450681993206	2.546428948217649	1.5532317984670638
60.003846958185505	0.48337358100034711	-2.7496989406076251
58.616040983802741	-1.9407463887976923	-1.7427547589695609
58.447611312996059	-0.43438091919396898	-2.8951038322894322
58.506133567425479	3.1847936486710808	0.1245641154515315
58.558561765815917	0.59819100538992021	-2.399658183469314
59.425196545313405	-0.8784670673575099	-2.1055901516589239
59.7170882176083	-0.32635663078180627	-2.9235244961771945
59.722030394181488	-2.2689597955244403	-1.7614944114366007
59.212921383128851	3.0394458848522166	-0.20277636716819994
59.09041475584732	-1.5004876067424264	1.5857081522566721
58.321294097567282	1.080006562386326	-2.6860228591949107
59.735433166833957	2.2106385267956212	2.3045720803832577
58.907912252554219	-0.051287135131615418	-2.8878586917967679
59.716254874477329	-1.5474357503873033	2.2335903086422872
59.275448589815454	2.678400453065743	-0.17600993642540311
59.442337652630044	0.68178030508343357	2.9702869214850187
59.182400669896616	1.2077662140052643	2.8757438456805171
58.402788575478738	2.2930677415734295	1.2249152554935043
58.472727469865141	2.0633486442847171	1.1448051739102754
58.555089818895816	-2.4243551566633634	-1.9426378974721552
59.894747557358698	2.568279867787334	0.69596471517730585
58.981585352917286	2.1590003972898422	-1.4852326030311573
59.657375910532856	-0.30045026835380895	-2.3841696795015053
58.981716563028357	0.92650498875465259	-2.4556040035761502
59.181448171187299	0.032789429283007432	-2.4494147810386875
58.563895116874278	2.0020397503308534	1.7297961823291523
59.785698327270822	2.0087287406170753	-1.0925839706567113
59.768357657774224	-2.254688428892047	-1.3104189674008042
58.655705146292533	2.5948654312014909	0.058126775185867625
59.706422120680486	1.5959298085717777	-2.109786483079453
58.812204744634244	1.8245902871162625	2.0626330418229646
59.403972705082445	1.4714696166056691	-2.2891629584171991
58.282159138114729	-1.8677507714906119	0.75365049966838771
58.880339670200144	1.4761153475946316	-2.3771668092831195
59.463225518109823	-1.8386942742753216	-1.247607911082488
59.386915773511063	-2.506380338518742	0.76712825655691941
58.739160895263751	1.7396186954285568	2.1416653675576578
58.319356508584733	0.25636087569682375	2.4190844451172695
58.870563881288341	-2.2037277990977895	0.28205727381950313
59.710167221782811	-2.9039176040091585	-0.13675486784652097
58.571905812686808	0.072160879157335558	2.6049012080338709
59.739795108660282	2.6313101962874876	0.10004208954451743
58.315501642174226	1.1234752849676037	-1.8953760698773889
58.915937610513559	-2.2396989440682051	-1.0464818601018271
59.405079194737169	-0.44741043066762015	2.6360310370981965
59.176229778260591	-1.8556211365956587	1.0474082710792629
59.50077386734214	1.7656256774719585	-2.1514725301781108
58.713917372552302	2.9792674850586032	-0.14347993212462887
59.135559881749664	2.7715903887591247	-0.14660352913773325
59.135387403052285	1.4086250369633924	-1.6887989565182444
58.900261850116358	-2.0626478660207814	1.3545459673959914
58.546176537490204	-1.3438360825151012	-2.01460421232319
59.648815844222753	0.28222119131004725	-2.625556066224898
59.559141686462262	-0.90107047928015283	-2.63665255685041
59.722760775709226	-0.17234356363732772	-2.7206672174539483
58.9523807868297	-1.9131502390414428	-1.9994004732461061
60.015623245313833	0.46949718972749421	2.5959235503385343
59.359994312279333	-2.3016077367802907	-1.6878986846808717
58.766838121530263	2.5727993690048736	0.31286573966828923
59.824320232940131	-1.6193154329600048	2.1009139593566672
59.489750403961118	-2.6962180776382141	0.071214980513854748
58.706165907496448	-1.2125168623090805	-2.8076487783715844
60.10593992994157	-1.6999935352628848	-1.884120356295077
59.296420252023005	-1.6873479199083516	1.9297311790150988
59.841849442314945	2.6872386995492965	0.61606087763579476
58.779803826144814	2.1059058651274865	-1.070885731444186
58.549062699993478	-2.0550447262495939	1.7494677134164771
60.111404603424297	1.743302218517417	-1.9628269035135988
58.366721266447492	-2.5935338878505076	0.63027304878285251
59.914914324359202	-0.72501279359677395	-2.5459695653154872
59.262569665836921	-2.5454608480751411	-0.36569435583936338
59.966644650097059	-2.8713615353139526	-0.84043954845226854
58.896854442464736	2.4997433886757294	1.2379594039303197
59.987040037882409	-1.2150949186920901	-2.377059303377334
59.468886716878941	0.91440104015599388	-2.1762140022687206
58.956060984979551	0.566887172681795	2.2461772204776911
59.608516101969073	-2.0671676102863623	1.45286006790628
58.428049112275929	1.3130214917006462	-1.7728588643878906
58.439983954112293	2.6676496495359219	-0.72716004220199493
58.233903243642608	-1.9460445041967649	0.64600136925703722
59.656926889861587	-2.6772383661887833	-1.5622688012969512
60.011375105173123	2.4181361172707585	0.2982713857401762
59.597405538843347	-0.18680481488794526	2.055108335439698
59.207590339282753	2.6751676022491653	1.0720392187837418
58.827519539539296	-0.39557989118685161	-2.597698190924902
59.909198155224303	1.9324142423309967	-0.65669294214293872
58.787711740601424	1.3124235318667612	2.5797463946606389
59.038240463304483	-0.12024002082586675	-2.809738192770308
59.42295098439002	-2.3264326773941955	0.089676637354965505
59.563432933803526	-0.19097376139184141	2.7132162111062068
59.82257900549309	2.6715957082806092	-0.48619052904661281
59.028718838184545	1.3877870319022301	-0.9128899107242423
59.591681541465292	-1.6422819622761951	1.4271926358344762
59.372977347043147	0.82708011790821101	2.4033627748905153
59.851893471855014	-1.4516841350275058	2.4973968221267069
58.46415591284876	-1.7415507902836378	-1.9963917309667734
59.480269959318683	-2.1331641206508616	1.5663986315659402
58.504826102549302	-2.913052432613342	0.15545444988929655
59.595311817400201	2.0496929984104679	1.8010810202902168
60.076611525693743	-2.3485221161459924	-0.8354863793386893
59.146819552294879	-2.9174758293907854	-0.34696830419332952
59.159029123117115	-2.8169611051695425	0.48114066437082864
59.540384634600009	-2.3592090459179964	-0.036093450095473378
59.366200319409721	-1.5312941788227068	2.3379444983072881
59.866288535931879	-2.1130997250379484	-1.3768558244319247
59.981964131432029	2.2666105590373693	-1.1130670846752699
59.110116443857635	2.5054744243113332	0.49950633380098197
59.855557558750817	-2.8954300183275028	-1.1440677400502828
59.481440141892875	-3.2164755516478065	1.4739745084539189
58.883178428194896	-0.63334639033298712	-1.8371246863947814
59.118213428056265	-2.0927245548231883	2.0986406216619837
58.868587951688326	0.32419502869257022	2.7204909606691552
58.634601868309915	-1.625499271271641	1.8615578915046467
58.409771797653214	-2.3050476391297221	-0.76585750149185849
59.811708773212821	-1.1450159327613283	1.7485358015192396
59.239907969053824	-1.3060991558958379	2.7747776706557659
58.395048234769362	-2.0620522977890428	1.9811037295831224
59.827330662957927	-2.4931622965058318	-1.6929953436011491
59.784257874282893	-0.25299717789313209	-2.4617969172378547
59.259997563909607	-1.5700719559156955	2.2693217237510135
60.120879305187543	0.031546241301443415	-2.8050907407039198
58.686062182329131	-1.5234491967464259	-1.8988305779717438
59.175954289114713	1.8659336320462205	-1.6473515748587046
59.377687885963297	-2.1445507564449904	1.6629457470822742
59.079782890316949	1.8979087729936044	2.1127108204618068
59.660163153748236	0.8750966165518973	2.5437538977010927
58.243347141099896	-0.70812868976968046	-2.7651154527640007
59.269460493698844	2.011364500908476	1.7025395035953435
59.256700999726213	2.0663181896409366	-1.1297330851447445
59.4750845078499	1.9773077963811174	-1.9474914492702162
59.603167080292444	-1.7102977470787915	-2.2610888898905328
58.88410857917242	-2.1527685031178283	-0.97807023938357662
59.497544501177792	1.0752225921599026	-2.3326602575083317
58.637971013432704	-2.6425031199536266	-0.80930003510918569
58.777652754927409	2.901535091040921	-0.747306744567797
59.092410742129083	-2.4807743087900924	-0.72511017244003684
58.666886774486144	-1.5293022453265654	2.316882704547818
58.406536872874376	2.1653706460925459	-0.30804919609957765
59.981046409420046	-2.6661140675733717	-0.11816842117714363
58.672417125499713	1.1244622030837959	-2.3550682750162202
60.236207470013582	0.5356740814187162	2.5564656939354924
59.491378059271433	-1.3279001793097742	-2.4961633630206439
59.050560277440148	1.7318258499026433	2.0330070216818488
58.291856461582569	-1.138484718857534	2.057915089322556
58.543424452119993	-2.3421281134147156	0.066601887088448844
58.403556085585151	0.5596729053787427	-2.3544995320504367
59.074806567975571	-0.3018645887065653	2.076393599425745
59.121634914773097	-2.0540462397443164	2.0731505861957853
59.879673152634652	1.3743286235533148	-2.2353070513368518
59.36145236239232	-2.335745359862301	1.5380952221732349
59.11740742184795	-1.9742952234379012	1.6302758561065671
59.777110548465828	1.4505521827065655	2.3938013647913361
59.072819713422454	1.2615587404161044	2.2193427213924828
58.817100691339121	-1.9546201004213366	-2.4239005462172454
59.482344376505274	-2.5615453049932637	0.63702416345825885
60.190145290055867	2.0780663873662708	-2.0670869417365494
59.741571394906224	1.5122512039495164	-2.036191297228108
58.751947467954693	-1.8756951549717229	-1.6234939388056016
58.921109832875793	2.2931396119809331	-1.1533070005065527
59.049293277690701	-2.3528376206012651	0.96673175272930389
59.015941077673659	-2.8084282565437726	-0.74413746222031807
60.264659558145567	-2.1840245051371818	1.2165715829685293
58.628983964781035	-1.4397238294024735	-2.1963416551986445
59.317374996796644	-2.0743915613514567	1.4218702299377315
59.845358989338585	-0.56792044968788002	2.3430284544073197
59.244364649824298	2.5901503706185189	0.88060977786036188
59.799889172450044	0.50639416619300204	-2.7398665828095408
59.025360196994185	1.4881933251262447	1.7876380053320495
59.171597305690618	1.2340104843530633	3.1846117296506193
59.230440684053811	-2.810412655778602	-0.7909046990351648
59.85531034597242	2.7102477877399016	-0.4025402714701839
59.602495568342498	-1.522796079972365	2.039221863439995
59.554458990475091	0.044333725383260955	2.6279632095294936
58.414950199167691	0.94045659372844892	-2.5367180615580276
59.113499417190923	-2.8694503810741474	0.68078314740735857
59.889122627806493	-2.5529999045953868	-0.5026472213224551
59.068964632360895	-3.3004005950794548	-0.93512795894877365
59.869084079646377	2.3014012876818302	-0.0051422348780938657
59.70175851000473	0.93629487957119095	-2.6835171901782715
58.6900601480463	2.1671472079094163	-0.43388023144132148
58.509970437768317	-2.0430115346781417	1.5324212492224278
58.905264492238231	0.5014830552043652	2.7410318584371978
59.392822025293782	0.45649238796873798	2.7054800066385929
59.780735191669578	1.3660662707723463	-2.0869444528837082
59.5302882379587	-1.5817208410626644	-2.219590757506432
59.433557897821117	-1.2248882625349509	2.0485124642650403
59.771451594744008	-2.6273475399578712	0.21621081502370321
58.7868760897274	-2.4569462284511028	0.11893007884366678
59.886380172870496	-0.98362162550134102	-2.5733137841349736
60.005337788297247	-1.0832656592387806	2.8694834952851549
58.86457384392402	-1.0283630576556242	-2.7997768650996897
59.403202618867539	1.0971996831414563	-2.4897286069649649
59.547744942080548	-1.51261667297768	-2.273170756172501
59.669568291321468	-0.42740886921082455	-2.4448808879120385
58.535166768084004	1.3423635975747046	1.9740624835198803
60.233230805886045	2.686372143034391	0.65442979267579182
58.673808964226119	-2.17140082463728	0.094063678771823714
59.485044255055534	0.1563320241233144	2.9894104733831175
58.800023378374235	1.1090091302948288	2.2996339209789229
58.462627503106532	-0.33872186106800167	2.609917754444917
58.302526649127692	1.8421961607902106	1.668216680272822
58.699460203205824	-1.0803318786551463	-2.9392338316447026
59.865604073604302	-1.0215767138035083	2.6986547346676328
58.359049839697967	0.68878602466825489	-2.54077144589494
58.48713736196035	-2.4307699456859506	-1.4213250774735802
59.193878981558427	-0.39706851939177795	-2.9901046323275615
58.495449403412316	-1.4147618471052665	2.4684566331198918
59.170151005570816	-1.0369790829820964	2.4573733339490937
58.64903159523432	-2.3565941359485914	0.76106788117344937
58.51508134419278	-2.8966908890158187	0.39234053662970281
60.116111001293831	-1.2088854607157691	2.4787836397399046
59.853469315477788	0.11730452586529057	2.8834259444000048
59.30246250008318	-1.8274627698014991	2.1502966372170262
59.978602202169462	-2.1326085430421498	-1.7913148217092918
58.628681895061924	2.1384000101771217	-1.2922137501408535
59.955787891841247	-2.2127753395264138	-1.0643632273805186
59.685793909333114	2.1884724368065163	-1.4103331591411004
58.518296113108967	2.0458593205577023	1.9772714808858718
58.849195113111577	0.46809866552546048	2.7709835035170167
58.777261658583107	-0.2183108325449242	-2.1858445192048528
59.845459528957996	2.084815807350278	-2.0866644985265115
58.40285569761577	-1.7031233961344734	-1.9282326515079586
58.391294101210491	2.5477686657439982	-0.32437895332499117
58.339947849734564	3.3996090639792236	-0.050138299809250449
60.04045767777621	-2.8430722129446551	0.58924526202737282
58.661032883185626	1.6411678374215675	-2.5868392016890747
58.871154218699409	1.0546118348894427	-1.8693459761903894
59.478810075882052	-2.6563401177595654	0.25439201876569373
58.286379611925049	2.281528399195083	0.67810198649571363
59.516879744437816	1.401285225156776	-2.3390895669639855
58.914822236871196	-1.0676618933734419	-2.5935181001180942
58.566049970122116	-0.98546121455920166	-2.4951025982081618
59.815382986460016	0.8029104623340978	-2.7130305585523629
58.286695288531739	-1.3388515721916021	-1.8729567526889868
58.374820434950315	2.2552049077287566	1.0219457721102476
58.674349354157535	2.8043725672401925	1.7213678135865995
58.520009812197543	-0.87245299758417483	-2.5382244911445162
59.266929936247834	2.609876503970999	-0.61588902024041359
59.545405481978136	-2.7112321462109965	-0.58721459410820354
59.810241370172776	-1.0082847166665847	2.3003224931972528
58.301477653604493	1.4256299054223407	-2.4827724895653529
59.132939800660012	1.1019061852615664	-2.3679144261043934
58.895844069329996	0.33413080413466445	2.8444139881136308
58.912221933256873	-2.3292778106750061	1.4646522384642668
59.590969757447716	3.1942600194947719	0.97729772061270981
59.337500023379555	-2.8403791974340584	0.10125809080175299
59.797882361754127	0.1090708549283034	2.670676932834565
59.567894830889735	1.6666574650676484	2.1182032204763614
59.019762146371498	-2.319139712490863	0.86818009246596295
58.701051274799845	-0.28674639026758514	2.7789067036448678
58.958116545990514	-1.2928131622059398	-2.2563249464917541
59.252550915386038	2.1756586583114279	1.1361052547166106
59.658115473068086	-2.2212018781620331	1.2240209697666014
60.066317021059731	-0.72122584181099225	2.8244609033873269
59.231900747449039	1.9277661248114841	1.93575099194723
58.815041105667248	-1.6306987918085432	1.7827663284954613
59.668809810636063	0.0052002265118358849	2.5931832112495981
59.768818218831328	-0.38150745954836013	-2.7729566049076602
59.807506807200404	-1.91350269204643	1.7652930826138684
60.151240463936425	-1.1477444355099895	2.2885314800116849
59.003189073025816	-0.20382667076069066	2.1305605235336214
58.55207254278659	1.3384664954183314	1.918142810490564
60.101181202876184	2.6445174659090767	0.68447602473939595
59.960974843149273	2.3541009845292247	-1.6392360907496064
60.048337977301735	-1.1398764727979955	-2.477351316865223
58.578799873849434	-2.5339511318862651	-0.27676879608038674
59.824826742057503	0.78419647133879489	2.3887531341170982
59.61509409960194	0.76353646388717955	-2.6731804199190958
59.564889256511648	-1.7586794880235597	2.1523774875265365
59.077039328301339	1.4370883518839541	2.0162962247164167
58.666649121098018	-1.9772575988047039	-1.6567968592809657
58.885182906117365	2.6833195716408493	1.308241051838833
58.264165871456626	1.516548404926416	-2.2573793187913482
58.530922728819277	-1.7914555355267583	-2.4221460292463592
59.363981454877617	-1.5419580125018859	2.2207580960624163
58.921144912338427	-1.3679908312063649	1.912358450677174
58.5680218056104	1.5341726767116763	2.2561925975836794
58.4798594722972	-2.4285566536567686	1.4241739383601348
59.039875235739395	0.38047389860944902	2.2550597146309994
59.319128215879047	-2.5775536241074093	0.59105742876048906
59.604379467433347	0.85740009236305204	-2.5530250983348028
59.007740621990145	2.50474214755137	0.59551379045345443
59.383828996136678	0.88217565928446517	-2.4320603506935417
59.188055849303375	-2.7409014755784686	0.37316457781104334
59.933443908376283	0.63958758969546903	2.5564079629983469
59.553516213434854	-2.8469782588147572	-1.2190940951660569
58.895483294712129	1.9257700297750746	-2.0649647142574046
59.5293389762492	2.4407018093150996	1.4440771286500531
59.204457683673738	1.8698848736200258	-1.0871587415071273
59.385163080263972	-0.86288941823613174	2.6417403670062152
60.211156481844199	0.26216000760887875	-2.8373122201196348
59.127403119908159	1.2588308010567566	2.3329523564541628
58.71513148838843	-2.915368217638564	1.1927764021724347
60.057777938634949	2.4607697843459397	0.97062246144464293
59.885682785934016	1.6140950095970248	-2.5548385616893738
59.951892233987159	-2.2415811417867335	-0.61969533137457244
58.529076835738529	1.3412477849775015	-2.3281863171172041
58.342944777734026	2.0565246586841615	-2.1507114219657608
59.299206780568362	-2.0054462774252837	0.68554184641478544
58.120012028618021	-1.9946901494782641	-2.1220345020377507
58.358979402771929	-2.0011823309018739	1.6210300707694101
60.055152703741236	1.3375816069535922	2.2306483578274294
59.970412181873606	-2.4844759320635528	-1.2492832815595787
58.940767717328086	0.0091826305890882441	-2.5737890621545438
58.725855857374775	-0.68210730090121163	2.607355055862921
59.216316639714023	1.0773563132432369	2.3320974426611136
59.242513231089163	1.1757811325400445	-2.323434464791065
58.633963658845538	0.48824652854394573	-2.1833504204683774
59.254893202124705	3.005787450351086	-0.32176042490520829
58.817613396417912	-0.27647598998808631	-2.314546741975033
58.640030388112358	1.3564930525929126	1.7648901028023312
59.185953143614064	2.4587487632778013	-0.96370897652726395
60.089178098650436	0.23348095831970408	2.7996514592332535
58.711613614387517	1.5512642335274858	1.5420739155266199
58.718129206652392	3.5488325931421891	0.86081237038942215
58.859392413249893	-1.2864573897239826	2.1934083580758097
60.055039916361835	0.12828606908461793	2.716885188631089
59.477704194781943	-1.172563913025747	2.2718417437196337
58.876493673754894	2.5735188920047998	0.27939146961203148
58.875443465766544	2.715467914177256	-0.71184958737393833
59.973552884894524	-2.8683426939341459	0.3941165287713661
58.92498755797083	-2.4632379060901495	-0.45645378757271732
59.786154696613565	-1.7144033722759779	1.9126669011345205
59.630643574959485	-0.93654427490978298	2.5307268163996572
59.502634610116942	1.9024647543818751	-1.7837665603888191
58.596190038566654	2.3948316266688581	-0.0025535195168105164
58.273659410952462	2.3099948149592415	-2.0195299086974074
59.299339498893907	2.8157118310158089	0.093555605068375777
59.743775310931127	2.3742895589733406	-0.87970218662328059
59.065462153051897	2.5824581593191356	-0.90630074314688147
59.212544906890273	-2.4823004207831021	0.60884116782611097
59.324604256215899	-0.56629209612508125	2.8864725750514091
59.353677740514918	-2.0446651609478961	-0.77840041821694061
58.316423037933937	2.0665601141884076	-1.7932058182473538
58.508335043786722	2.056040199267247	-1.2666825357549125
59.5293887998372	0.95658818577542604	2.5819354991313541
59.03522352273977	-3.4798953167938249	1.382041564085126
58.402438852681172	0.25854852983559173	-2.1303331406670276
59.954702608342068	1.0512202632131318	2.3653191357804255
59.438291275916256	-1.8078093545586604	1.6484338999705319
58.498917903734245	-1.5229408427487527	-2.3770489932359067
58.989283887638997	-1.0172349838237036	2.6310057706836716
59.766609757891615	2.2730240530277892	1.009200411532595
59.175085422651996	-0.65170927647095644	-2.402433105118468
58.29705495892955	-3.0351501896568878	0.57064595417857522
58.569468765391207	-0.92397271091489219	1.4790976408998731
58.892701765343446	-1.8489099537690465	-1.718164928114994
59.51691728218055	2.7384649721449619	0.045521369206505485
60.182586704096785	-2.4529374240877848	-0.34325851255357931
59.611585663251169	-2.9290448150614057	-0.80599816283029257
59.377712181400184	1.2046366785757698	-2.5211169706902985
59.673761185664816	-0.037712042317440478	2.5630394990658139
59.524065740082484	2.3334920217368254	-1.7132395931335327
58.512850357074072	-0.9244319247325411	2.5817067048779281
59.018089062120104	-0.070126216696232826	-2.5714560130999313
59.302856729304196	0.97010296802683837	-2.6801200510990357
59.211002409067099	-2.6153551607473999	-0.626997632686213
59.943266522077636	-0.28425856104063152	-2.4416195538812264
59.027676023438872	2.466865848608923	0.70514585254043527
59.844180044315308	-1.8850587068716942	2.0838685563430488
58.88883400189917	-2.7756533561574281	0.62358188094886735
60.018242095373431	-0.13019579899606043	3.1815446421676508
58.504809978522943	0.62953969823599487	-1.9083783018410785
60.149605352472697	1.3234567564009958	-2.2803643728796095
60.119021647461771	-0.064073119175610982	2.9046351705325026
58.602497977146726	2.9548242282376549	-0.2652646740361948
60.156307685818255	0.0041801598932195002	-2.6346170100434425
59.102421396237688	-2.3507275216936323	-1.3220962774477216
59.793074912577083	-2.6573208441204952	-0.54216253829972183
60.082753852275765	-1.9646462536915383	2.4252364987487538
59.824029424962482	-2.3269398721807848	-0.13847745724999458
59.65707735195997	-1.6049837709069328	1.9324654791763041
60.067367967505419	2.3484958981762207	-1.4317798684308649
59.219557701809734	-1.8269664605349465	-2.2163132066838553
60.123058886151746	2.9929651468193232	-0.46487821420581321
59.224246422070919	-2.7074688648620389	-0.39514908408927674
58.389296467578767	-1.8392195774668481	1.9466564110606142
59.026086619401319	0.28912602134591553	-2.405986210767753
59.247360763379589	-1.262382644175486	-2.8805762898969491
58.562301634016983	-1.269320000466142	-2.5401203135378192
59.787337350760176	0.84871842778991657	2.7059513108135538
59.244501410161099	2.1753292755321789	1.0801136297465845
60.226319486979207	-1.2508077321803344	2.1721753114984605
58.346233752732203	1.6160708705649176	-2.1480874713584326
59.531161222917774	-1.5005192563911056	-2.3654552801556226
58.650745759703355	2.4901614106903742	0.37885738564334986
58.384342548880603	1.7938220257698505	-2.2930830718157496
59.865515944497602	2.8185713165507029	0.19719359697641234
58.897859177623026	-2.4171346541801015	0.35309201541547458
59.710359005824728	2.2912509083974908	0.68487438461447792
58.466620102286534	-2.1554259965237375	-1.7152868917399715
59.937585352685915	0.39316325592889173	2.5097363855907933
59.388310777831165	-1.3973975318345913	2.032800685953152
59.594316101607561	-0.85046260116488759	2.5739033895002636
58.454981458215528	-0.95029151324825956	2.6031394800668388
59.737649689099356	-1.8675252490278667	-1.5511422063981835
58.465973512431049	-0.79572181990731095	2.7016775021955541
59.852229174400996	2.6862727659307053	0.72635170885674638
59.72058391857869	-0.83481025133687581	2.7404779578052434
59.014372978821299	3.4486019010439035	-0.34599834387335948
59.411710170671995	-0.62532347872949812	-2.405996990322
59.414744856212984	2.3271844556049728	-0.83161403938883438
59.760983413217154	-2.4170703058079055	-0.53866690013408236
59.571312654098982	-0.36376530466639406	2.5101854705776558
59.370299685946883	2.7825181658413776	-1.0662217339166797
59.304670686629855	-1.517210459939613	2.4731061137477073
58.755373810481011	-1.9364207434794487	2.1665205487419499
59.787965974644223	-2.0087135090280532	1.1375512964073462
59.02796250997249	2.7088822156866037	1.2839808310277299
59.639863274225078	-1.6355783055362858	1.7934699163172254
58.298987361734625	2.573749657011926	-0.16498064384500466
58.557900692630255	-2.8831870966802486	0.54665115944996545
58.827098039877626	-1.48483629749276	-2.2509602084829918
59.400695819978615	-2.9313079711691858	0.14486619055746727
58.528319197385358	0.57732602238947406	2.722172424599536
58.524232802686157	-1.7744878784665816	1.6620782182722078
59.907362478533813	0.68708386922500775	-1.3760212867526174
58.402340650211059	2.9087644755595399	-0.56531345695302249
58.71023635119402	2.5284317532031695	-1.2693433966567602
59.616874776363886	0.74489457454323815	2.3159092929713783
58.608364353372302	-1.7706004566844324	-1.7071272679026077
58.651562376187087	-2.1222066766255838	2.2858968934024353
58.447609999809025	2.4665065001923567	-0.8597326856245846
58.883804105039154	-1.5476783373971952	2.3652738469969141
59.073240176919235	1.5989076500018664	-2.3807347758592394
58.44991718302402	1.8920399688130256	-1.5382133725188114
58.813859423348987	0.94724492785553582	2.3934507092530111
60.058658136090131	-1.6764372594849328	2.4340595397596343
59.760771401110937	2.5216031906400973	0.62216491773690163
58.884532521067939	-2.2789384404206428	1.6799518594952461
59.811410543867005	-0.012364820768418747	2.9999167452304376
58.525873368925204	-1.9392581531057917	1.9492877932392327
59.681053611203311	-2.7303507498255373	-0.18688081545904886
59.318505079304188	0.83423821943373555	2.5009909539111739
58.94232192625033	-1.9142131324950218	2.1351071559418413
59.380638165128325	-0.71036703096682552	-2.5650653244375969
58.854080995583132	1.5075945951181202	1.8703009072853107
59.305601468610803	-0.77273536129389164	2.5438474163271478
58.75139431361454	2.4472173730050462	0.99657204695911195
59.537869676720021	2.6496672523842766	0.341753451113118
60.062164422296611	2.0422398766535266	-1.3367861918575212
59.495552042399588	-1.5580293253318613	1.7721625131209753
58.760365503263571	-2.3911328151334486	0.6614108453552533
59.899309044293169	-0.15664314657607009	2.6362054445842458
59.353576352150228	1.3062868593365031	-1.697626840664255
58.617663165539462	1.6368067258101291	2.3415676841203235
59.456060565601035	-1.8760033523957937	-1.765523898446034
60.123299581570457	-0.68932976839933657	1.962897616501176
58.379664839809607	1.5657709298342806	-1.757304726597541
59.614657252466316	-1.7285909019281722	2.2128167492582813
58.68135937019013	-0.11100023530151608	-2.972389476351732
59.299208391519407	2.4485060295909533	0.17510893288465784
58.642850052499334	-0.67306549167002039	2.380875991681271
59.066358627326785	1.5758667051051207	2.4046955269240802
60.081718559627326	-2.606701637129496	-0.16279817247346837
59.432582150071227	-0.3011994671897601	2.2837426059613151
58.537155005133691	-1.2562688998162275	2.0794076108009172
58.434084384657027	-2.468186316955864	0.62935181313232003
59.471651737220164	-1.9266750916317177	-1.4469397088052662
59.446949169599371	-0.92720720218724018	-2.6872767476937867
59.650826157947193	-0.40867004962713194	2.4324677999887321
59.849305914070683	1.2657850664518853	-2.7194969918091734
59.422376476161126	-0.086108054363371239	-2.563535331583735
59.91716370053846	-1.4787168778365629	-2.693167413066285
58.725099107980384	-0.43340735914709955	-2.9556562432452078
59.383924018939823	0.13795581916964481	-2.4388897723764238
59.574636118553229	-0.26430482174923886	-2.3584292636575612
59.131551760778379	1.5731975467573802	2.1603715797903007
59.401020402230117	2.2619745224684884	0.86919903259587317
59.783008453643617	-0.17415146595249426	-2.6754568463215516
59.055519566850847	-2.3307760956727308	-0.70233047282361638
58.898175200202239	-0.45096291229869367	-2.5365328382490171
59.506941312157224	-2.44927158199935	-1.0032140617634595
58.738858021768387	1.7567208707807334	1.9108314378121918
59.242817752074608	1.1530125693047741	-2.3661994775177169
58.57927906528051	0.39729021308063084	2.5696867657171119
58.875507381979077	-1.0157379449237249	-2.5048943995361617
58.954135549385747	-2.2632043469068139	1.1419342442729621
60.143482837336123	-1.9515342038011789	1.6997173869161875
58.590545718989745	-0.12540230101792776	1.9182190918907172
59.570035062007321	-2.2645698652723372	0.67344085595499925
59.942673283960644	2.7181990333497863	0.19410122441842176
59.72213967020469	2.1904640289955815	-1.4976552136090813
60.127794714841741	-1.299640738196242	-2.5331654498722305
59.853390614662331	1.4899109059145643	-2.3310655976540158
59.474520991443171	-1.6995559797974118	2.1230684658159684
59.121353632503592	2.2855237001817432	0.69855799846253874
59.2569616025729	0.18594292355841263	2.6878254385375167
59.806436690954008	-1.0756889604804927	-2.9887049604048812
60.113468527407399	-1.1112369764802283	2.9085825032908801
59.259454948614234	-1.3532216036919473	-2.2776114245477834
59.667417370157949	-0.91395970910955204	-2.8713812486125745
59.301229232789979	-0.9093684509670088	-2.7652635670418917
58.505175386554541	-2.6261784071889287	-0.74755141964700145
59.915873844461949	0.2962376522471184	2.6040468590269019
58.979087847892245	-1.6130683817897771	-2.2741957701510458
59.842814918177737	-2.0022871879567052	1.609354958852649
59.290591208489296	0.86964160818133873	2.2237021112627495
59.417203510775245	-1.6574883838844394	-1.9340770159577854
58.382037334630645	2.0604450900086388	1.7527371392065487
59.571171152638321	-2.0006974518929677	-1.3736310305998449
59.335868796354468	-2.2862426893988719	-1.4614522795710281
58.312886128129271	0.13354754039549263	2.8375026933089593
60.082452863746212	-2.1688067082599209	1.1868644477688179
58.436618267733152	-1.3737218451488975	1.8979612477339893
59.690188658128342	0.37873592419858321	-2.2982944968909029
58.678282289818753	-1.249203217311307	-2.6194050894674383
58.827361223572098	-2.3023252948218484	-0.12857230224403796
59.109751548540785	1.4969483405694044	-2.5293738680251674
59.213998629845612	3.0870760857058355	0.6303826274749269
59.57847107328957	-2.050159766091014	-1.3529401753071606
58.87897360583937	-2.3733557766318252	1.6619137979294121
59.817547152511814	2.1154525170225633	-1.3224345153330181
58.415395408981823	-2.0975325192723253	-0.73999713016746871
59.452737317631147	2.5684531577101666	0.88021432235473573
59.34933256349148	-1.3340703841883397	-2.448952728683591
60.135186400397146	-0.3508235587306745	-2.8436614152785578
58.837763311382247	0.31652582041029687	-2.7078268424318979
59.414018129164909	-0.71529876677869297	2.270423239716223
58.601413923125641	-1.8196672571177581	-1.8012678298820606
59.115161680300886	1.0404750134187273	-3.0876244135312376
60.226138748089809	-0.80170489431128034	2.2518229508249266
59.150404620055262	2.8274435397832711	0.60355238292663027
59.539170909347064	0.37960371468391235	-2.545929734347427
59.630601550611708	-2.2409943863585324	-1.6911097420658856
58.703821249845696	-0.44274274822454557	2.5397055342934878
59.957965153434529	2.2088177477443556	-0.86068594601087267
59.17377317584549	-2.2178831186048678	0.87436731469022888
58.698532818660986	0.73390055279252142	2.4459289751454443
58.929975578996029	-2.2400948762425155	-0.80545945223614734
58.664844584331959	-0.69302055111743888	-2.4878886728011613
58.696819958910154	-2.2928917867407526	-2.9843576401468463
58.835261207577766	-1.0322469847101854	2.6202876159707178
60.159534532101439	2.2568042295510553	1.402826961419668
58.657775462837122	-2.349849486448186	-1.469290521144476
59.773646698991882	1.9053438969107401	-2.0679767221680958
58.982606987264354	2.3157022720244425	0.98370727057199425
59.099322810772755	1.6894090950362939	-2.4199770629251649
59.146717031820778	-2.4957069090647539	1.2307576288001645
59.997588418450491	1.4022958486544883	2.2753253649847851
58.828708614918511	-0.34549264650900163	2.4267743141417029
58.623203521703104	0.25132105328827231	-2.6511739272948884
59.458897221182227	2.7594459617902141	-0.40354228179752161
59.411123063339673	-2.5910531196824471	-0.20493167269752663
59.976795266663267	-0.58797043195554455	-2.4950443682066479
59.101160781340575	-0.81361390719679105	1.9676728551923235
59.121608900840123	1.8513662102219899	-1.9294452107590176
59.474763367735335	2.6318005158522233	-0.61447561017019958
58.394574064519091	-2.2899978274225301	-1.2451299070846336
59.413857002833403	0.26859951466432758	2.2503517576844274
59.2759019139041	-1.7325088623667448	-2.108814152971703
59.912800729639173	-1.4489026499984252	2.4704166417964815
58.363214389871153	1.646705314163583	1.7383266066369982
59.399230393289898	-1.7515113953289827	1.523046605932749
58.491621336101673	-2.1248902663389462	1.7646434747690414
58.61261466829756	-2.1637206372389262	1.5091977077874472
59.05836712872086	2.4977808530157546	1.1829015845883228
59.49217771331945	-2.1076255093068621	-2.1201045719274303
59.9702476292874	-2.8017450441206928	-0.7348873426550866
60.093333674242331	1.4286052874032718	1.9447196081410514
58.587760851908818	1.445888479917858	-2.2540440365159329
58.412738934420176	0.039475278583387029	-1.9373925742787781
59.99499021732305	0.7615271360939122	2.5941760676438714
59.573122954656597	-2.0393195282539271	-1.5974588718571825
59.19602339166623	1.214743470105659	-2.1995866646006768
60.009955076862475	-1.4150866405699967	-2.6422070596682761
59.010186124785889	1.2568828288110814	2.3307414569338305
59.579574608236719	0.39644136851572764	2.3026066427503764
59.597165101336707	-1.5792676723154913	-2.2254500343373103
59.612605029803134	-1.8589721473519374	2.4114677094480927
59.030718453342885	1.5852765349313407	1.9166217978514688
58.438249259255215	-2.5788777579839	0.20458610378252418
59.005444860698283	-2.1495584436499864	1.7559422521705692
60.021485470790445	-2.6179835650513317	0.95531591382496384
59.156002815192579	0.083743331366495533	-2.7074726387705268
59.463160403484189	-1.1977871432341327	-2.327552258798995
59.344107351342068	-0.53684258063526091	2.633532221390777
58.376975762798665	-1.3949182729561835	-1.9593471234991802
59.448293236993941	1.6629461849900211	-2.3548269576805114
59.825945293562057	1.1214059535666614	2.6346201288708619
60.112433451541015	2.4490504249765825	0.27154553323831021
59.862846312818341	-0.72913758246043892	2.5333507385293235
59.898633637056939	3.0045493111248005	0.64612662182219105
58.293195319136061	-1.8754415845265557	-2.2892175923103584
59.464802515849449	-1.1815043932863527	2.44838466416308
59.714699213878724	0.026198056630391035	-2.3946910822520153
60.055312987744614	2.900628138855704	-0.11199069920920622
59.978095482991492	2.2110422094890643	1.194474220562495
59.366127280685028	-2.2891903460851579	0.67778067860253499
59.05771919159988	-1.7070264220442175	-1.7892787489294013
59.940221970683794	-1.8432541819782742	1.949403286211574
58.411382933161001	-0.84030479874922559	-2.3418961057973893
58.80769807978816	2.9579779580537426	0.8965874589471623
60.28238087252776	1.7228079679651171	-1.8556064834936157
59.641624588461283	-2.3367877895346254	-0.7343756358409036
59.121339647784403	2.7206551554066558	0.72057664317410686
59.155978381477574	2.8303217980203943	0.57130554053072724
59.529997916662602	-2.32541061082991	1.6893939408773104
58.425498608108732	2.8419403430250254	-1.1807855761374093
59.9934493077035	-0.8137083876713026	2.70970594906216
58.611903789086703	0.69554487438970269	-2.4784463580235738
59.925138563890606	1.3611178419478098	1.7645677509156177
58.937381265527392	-0.4121500483747022	-2.8662562065482162
58.427914752862378	-2.7833664177138142	0.096664907387452759
58.431017748043836	-2.6062656021056978	1.2978035145582791
59.683461614793465	2.432407884586441	-0.24959917513271099
59.217194608512372	2.5919123847862826	0.60218755835180726
59.988743309392483	1.514645097930206	-2.2961374230056149
58.327230204882802	2.3882080793228675	-1.9049355110111603
59.856141045114725	-0.16450522737822368	2.8177855734770212
59.977340478680759	1.2366475349297024	2.7366547045691361
58.748019771483321	0.9928772717300689	2.7931805463625907
59.363997783259592	-2.7045445885857391	0.67788789013459305
59.471336057138238	2.4057018668360346	0.77420505180767074
59.313037040758651	-2.6943559910273795	0.20693888740946087
59.988006369921564	2.5426771168362117	0.49760443617455363
58.686686124069666	1.7780755429288055	-0.58714039236705762
58.693200706691869	2.0226095733694236	1.668827419622382
59.733984457568198	-2.0370139204831212	-1.7815048418852304
59.444534273650447	0.78420821176147137	2.795665089741711
58.669955761368286	-2.5892180850257374	0.84311207284518686
59.452631364042794	-2.3936118436350475	1.0096764193695849
59.211624619155074	-2.7993806607647973	-0.90869274802513944
58.518310996764924	-2.220509678823718	-1.8619663602729823
58.733475574257362	-2.4129568418282661	1.5156530036834321
58.887952993356237	-2.2896143095872183	1.8104305440589166
59.605198129882702	-0.71839320356273562	-2.4757255583378743
59.207728739586905	2.4289495003380175	-1.3389855913318864
58.388183170913706	0.99808410416492266	-2.5240126932220477
59.816249557473178	1.9141570134812251	-1.6377099324657864
59.88492685756799	-2.3420758149140433	1.8062082202581431
59.460129134462008	1.2445069477309185	-2.2152061967648256
58.681821596976647	1.4251519174501155	-2.138183589319723
59.71042628388637	2.5184607057885469	1.5329985828447368
58.799488674904651	0.76155836297074064	4.7394540701968237
58.731073050896988	-2.8764561562365993	-0.58767654419691273
59.370525728886818	2.8296547907183016	-0.67676044726500051
58.938629386238098	-2.4218040761496544	-0.79446735214818043
58.304356868229512	-2.5115703667825602	0.19265448745083516
59.538705268634324	-1.9390383817066841	-2.0281297063439467
58.470214719391322	1.2887846176413622	2.1967520851485278
58.5715240914761	0.72516625430499759	-2.423471173887072
59.527177225803314	-2.3925022398951428	-0.15452585783183781
58.397505516265767	-2.6166949938521538	1.2940347475537806
58.718512218678661	-0.97986385931021058	2.6894159361207404
59.991348119442492	-1.5901387007036818	-2.3747324755771202
59.443463666391771	2.8114696510732089	-0.43993120295786692
58.558108057131612	-2.8739133197771927	0.81065158720211261
59.172711772008348	-2.9801483175919667	-0.21863434996677678
60.070272458008773	-1.0213861093048293	2.5725404341601168
59.911270115820415	1.015697878705661	-2.2519591972422881
58.778569541932008	1.7912044718259228	-2.1107794077513105
59.022730775711935	1.9751514581458407	0.56314307493406224
58.840232034935703	0.15695374210125485	-3.2028779856736387
58.473171898520604	2.5084184744715716	-0.037506695715156274
58.49533225645294	2.6538901987088352	0.15144241657141805
59.00581830835867	2.1531641999877147	-1.4137070442938617
59.111534814303788	1.7532553788487801	-1.8156108534422741
60.137470524736074	0.66476259607819266	2.7219937235874325
58.312438110941116	-1.447141154823042	2.3364037861434319
60.144399649919158	-2.6300579604608711	-0.09765598047443716
59.624508724985589	-2.1073481805191183	1.336154214212488
58.731781311604372	2.0628394514034536	-2.4458524564274575
58.537939992391273	-2.40591264609	1.6555191269532792
60.369684061823527	2.3168967791067199	-1.2492282719827803
59.60249667220112	2.5859231905842943	-1.3436753663716403
58.4536967174487	-0.10558709049833871	2.4442907717975073
60.145186194252346	1.58347298007009	2.2585102850427368
59.602684909086726	1.7864099936030746	-1.91892416283808
60.124489524070732	0.119455532412462	2.4848815052775817
58.358273262908398	1.782679669774045	-2.0403477167443453
59.655175927189489	-1.9418065653560326	1.5224088485734613
59.117285083673131	1.3404889941811524	2.4072647718928795
58.331587746495686	-0.25051588556977444	-2.7473785589727773
59.969930934294183	-2.2400992247451161	1.7181539797034804
60.056387174157635	-2.2819403415960724	0.48059864647796224
58.855149633260545	-1.3982958625688344	1.4191198578946003
59.33818254407182	1.6925408937630879	-1.5620104336286431
58.582793314056197	-1.5628173460536117	-2.0480573271508016
59.808215764471093	-1.8033712675435098	-2.3427751307287599
60.0874608821374	2.2347485346039488	-0.31307613642018056
58.131611519236358	-1.9242322562023724	1.8949647463153432
58.962820590096634	0.23566607909884127	2.2694398853034787
58.710929576453672	2.0110527414325379	1.9373841802690621
58.339304313795246	2.4405697270724516	-0.74090578204727875
58.895597267956433	-2.3481128945652658	0.95679096678757969
58.488011874944256	-2.2687973378524378	-0.80169103672599196
58.335925910611557	0.78437497199879014	-2.1782462399554863
59.043388349299548	-0.87613530520817573	3.132961671758042
58.203151414137395	-1.8700289477537064	-1.4976037572835859
59.752624813101789	-2.9557735858597076	-0.15663716109207954
58.556577354784352	2.5061526171126669	-1.6925262110713153
59.845965496642251	2.7368589225597106	0.8975988017359493
58.80459929951526	-2.2243807884265965	-1.5535426708469349
60.108561277817579	-2.5306194804472324	0.31792334507687547
59.479618654637619	-2.9543422275169653	0.18132200951103108
58.867987982258256	3.1092857214768204	0.19250908793734797
59.693318083930613	-1.0377276645485884	2.5135320219175252
58.586769817498116	2.7204876641235911	-0.28345797404540907
59.681935713414852	-1.4187132725124652	1.9493692863578596
58.495647827775883	-2.214573438164706	-1.8550567493509682
58.520972809283393	-2.8277833895120881	-2.35628382074729
58.868633321949495	-2.8538663694621129	-0.45627491685062488
60.03138685896829	-3.1216256598899248	0.3734837931086285
58.66831871206783	2.7229397549211773	0.12385895857515948
58.640723135889111	0.98323200248085341	-2.0539076406302179
59.682421162437862	1.4761631711865559	-2.1032992642662283
58.565712559411736	2.2679121635940334	-1.0196644846114267
60.128215662877793	2.3609001651547907	1.1815877099505365
58.994708155964382	1.2878003969828609	-2.1498953726548971
59.377140496175336	-2.4974475660449267	-0.13316603894608342
59.50012162790005	2.9515630517250586	1.0353231622757564
59.346293985871419	-1.970943696137144	1.5214539165038519
58.654161325552927	2.7754492319617725	0.57275809380827558
59.720302432877567	-2.3064639692971327	-1.7834429404064542
59.017917129364449	1.8118325649913112	1.4532417945577882
60.050476886971708	1.2603036452470524	2.3353591708406327
58.487370189743835	-2.9314776530785918	1.0517962239498024
59.275387211854067	-2.4797492584408398	1.1865997063908105
59.565436453395947	1.2298849058939367	1.7836823033623295
59.514209617900278	1.1761190281477381	-2.804035309083766
60.053998295734758	2.7315395225827559	-0.88326655089812145
59.48884242302428	2.2591424082868765	-0.56100979561932962
58.314091738327825	-0.13050039470087119	2.2788476487644886
58.475168983770665	-2.2782621890784314	-1.5279900984566566
59.299544930361094	1.125078581198143	2.5375077558807471
59.558958886064488	-1.8899185875117204	2.720806032980509
59.459275463707442	-0.0087330569584390984	-2.4140337713437248
59.998142712458417	0.33806510547303475	2.759208988769692
59.187103197944161	-0.46937452057978107	-2.2848151050349497
58.381472380291299	1.0018631154232762	-2.7736014091402348
58.7714122727999	-0.91801958916581283	2.0753181820979782
58.766587314756549	-1.9174192416434523	1.9462097025956844
58.852249565841653	2.3882615012893944	0.061002772931890284
58.400325609144041	0.83994034826721775	-2.6184116849558059
60.225135287833851	-0.29932893343460959	2.7948791046404207
58.89903610653073	2.2199653346296464	-1.1742630127228748
59.927535616231587	2.7678613700431129	-1.1216710033281321
58.574948314594423	2.235020092975772	-1.4191629207435887
59.285354258421627	-2.4116262041207293	-1.1275435012943846
59.744598152340451	-2.3959801862822703	-0.31176177185331677
59.842683072956824	2.4387828878092765	1.1995920381811933
58.740837131098068	1.9232111350585999	-1.8688425513385705
60.235766553460707	2.7794004178813987	-0.31209455563196631
58.704475447796227	2.4325931345190526	-0.15641675509596994
60.166204073952819	1.33645594228863	-2.5872871558399781
59.283902344799749	1.9250535198229015	-1.9456363129230556
59.672103021950612	0.68103319155741215	-2.6544355808153139
59.222200137117511	2.5093212753689582	-0.16677814523672732
58.419504908787246	-1.643727661590354	-1.5948405663079503
59.465459627352431	-1.7284942864108479	1.8496752407538264
58.587566046658758	-1.9033280425995949	2.0940287902682551
59.657101251994433	-2.0025629735278234	-2.0864073484028913
59.392802100264525	-1.7749765605273302	1.8458937024578908
59.248303189423659	1.3469703463039342	-2.3210472401109596
59.765500260052406	1.7760191435997192	0.62516269728814
59.345134994526674	2.1807741118543937	0.18972411642337933
59.147559013257883	1.823609669600039	1.9616741179705803
58.385136694189725	2.3553873766279696	0.98958271281282295
59.82199897883369	-1.4725026782705692	2.4861513777251592
59.7891264013533	-2.2164788201427768	-1.2011210221583042
60.149515049332557	2.8299830212466719	-0.40393779306084832
59.926673179244176	-2.4843592012274458	-0.73685933132461057
59.168680109291437	1.8169534395564737	1.561279300214591
59.684643078179832	2.271035426934529	1.0121411006498637
60.083290672735281	0.59711742288107394	-2.3176191480312007
59.865340265351968	1.2955102445165827	-1.1551434759367623
59.386564752770809	-1.4756181046272892	1.7724063670380101
59.694569899296901	2.5027966270326396	0.35864642073533659
58.390476934724347	-1.9194456250268475	1.8030191616447127
59.345359274583757	2.909984710571683	0.37054330204369162
59.322920449639959	-2.3807530781260589	0.76024614203062202
59.427758268619165	2.164988779394065	-0.81188160768828777
59.030626185315235	-2.91993487915442	-1.2119274211278632
58.759820824868768	2.4023446893486669	0.73505908900854444
60.216444073013861	2.3333212076585115	0.73380593289768137
59.884259477153869	2.1983702913856327	-1.7586053380678199
59.332004423917759	1.9375626788302369	-1.8761046026872332
59.320516540084668	0.70911352219086543	2.5958301828724317
59.699241345983239	2.7600901144462	1.4160802408365549
58.271479667517362	-1.8178361795907803	2.1255538760919164
58.36163498739171	-2.5841932381056476	-1.386359973475755
58.732671751843405	-2.2279373182755688	-1.8933779192928462
59.938575165669675	-1.2193454608397825	2.1228895439695035
59.560631275086124	-1.5875147623309782	1.9337119595013346
58.718473644072859	-2.7456659692784187	-0.067338981237407503
59.532109870433615	-1.649021506526638	2.4338672624186808
59.79720958464668	2.9438521104228768	0.49723091059732183
58.648963161299278	1.4545910579265897	2.2239137099104678
60.157398059113241	-1.7185019838138351	-2.0818068378923069
59.377333375845225	-3.0233230880263049	0.88803865939562221
59.548147445611136	0.36815763251969436	2.7143728940596334
59.715123637207434	-2.4033008407372343	0.22724190532388813
59.895834180155937	1.3743723861554673	2.5416260123030261
60.044095995450867	-1.3808945519853775	-2.3453793135610184
58.632658459364109	-2.6597195247411438	-0.46432364937561837
59.341776049309807	1.5692846281595281	-2.2012042337594067
58.947691610796106	-2.2123792588264015	-0.54469758277876434
59.183017127225028	1.5583952299989503	2.8624427166202024
58.604508574042988	2.0522392091027055	1.2690668501482814
59.256081763796757	0.41113508825401113	-2.9486896934109037
59.154468532547085	-0.087750377647990666	-2.679789133023831
58.712197013454286	-0.062737878424947449	2.6006812073360868
59.436394770319048	-1.0484786353338864	2.0049140205119507
58.691051204507552	2.8626701702479789	0.59892082525237966
58.473270287226775	-1.8509890000437794	-2.628507843696827
59.210638629262895	-1.1031376476142705	-2.2948947616306783
59.150605795426621	-0.3012434371740676	2.2445353569008861
59.148048238257537	-1.352541155471666	-2.5687788667253515
59.71565236147012	1.5307803893253222	-2.1622838263962603
59.303986323635343	-0.51675951939707521	-2.6799514363133548
59.892888939347174	-1.3835971430302032	-2.3093857568832066
59.821856030922675	0.28709143276147026	-2.410110307401987
58.72210733489004	-1.920765124623901	-1.6893635816656682
58.702803448219257	-1.7594339683298919	-2.0511051454602596
59.484207670924512	2.7631355960380324	0.65428783645662614
58.455255543464347	2.1743481723543896	1.3478573654873374
59.854649239472401	-1.6445049019785098	1.886614828032529
58.652911047108653	-1.5328961374760397	2.1023272012505241
59.211547835740042	1.766049938770802	-2.3929079654742296
59.749944173969588	-2.3809883354031758	-0.39663244275796172
59.131260019142587	2.6152775021277832	-1.9585641407016439
58.692696263722937	-2.0002693842464931	1.8257449503058896
59.019061203664485	0.31780502147159612	2.4317331825201398
59.239391026009422	-1.8982066264165462	1.4697513809204199
59.08432863520953	1.2598827537634909	-2.3995468032214373
58.975356817130738	-2.104852842629271	-1.8309544261241713
59.161794865920086	-2.5599205653977481	1.125146354932244
58.702227808786787	-0.54361027040372911	2.5190212999760311
58.585032790556781	-0.36128037879041136	-2.4412709356745679
60.060202641518508	2.0975372025992276	-1.4587828082267595
59.556832428661295	2.3682825680359221	1.6889605879344478
58.571644708267272	2.0626087443542036	-1.8853116927286191
59.092768634994904	0.70947656243824364	2.3507723948031645
59.070310872163674	-1.8383612281507058	-1.678401285309183
59.820612987883166	0.33141113026800711	2.6740209493104237
58.886328154193215	2.7869434555417367	-0.66507341440171941
59.549863455429808	-2.4100928561084523	0.11509728890339378
59.061277509315296	-2.8819731436519556	0.091407589865389077
58.899448361715244	2.4155862874665672	-1.1787366944906987
59.391795308028527	0.26934244679072256	2.6019473142258995
59.67947570393266	2.1247193943485203	0.68904740699610534
59.425135229138689	-2.1094338498056078	-1.7461022828541
58.598684414973306	-1.6508643980861888	-2.9851241327590303
59.939606159272131	-2.6996089349691816	-1.1610101138078217
59.395528178010743	2.5761445122126001	1.291829760576205
59.679214342721146	0.0052609727178835582	2.8687910654845776
59.657578206981242	-1.186567642740965	-2.6387685826440284
59.121341336951986	-1.0411068690759475	-2.7040310358868225
59.039623868678575	0.073791132061475181	2.3714740931472948
58.610629577581207	0.92756173454303514	-2.2639359668161414
59.262538456856042	1.8178435325693278	1.8240388777593755
58.635922097688983	-0.32016915644133398	3.225478216332359
58.550172428393076	1.5292333524330961	-2.2858927092195676
59.308812003907633	-2.217121930999046	1.7421069218034519
59.748794729210481	1.0296275954494154	-2.2361034773314254
59.352039173823293	2.4474331258182134	-1.0505977993383864
60.025890917578423	-2.191017010562367	1.6545672434331156
59.184758521141987	-2.2782963104387699	1.2608661499726854
60.129275393511058	-2.0247294794906816	-1.6052006266505912
59.360535591549265	2.1289097791302516	-1.7225991251661112
58.856683438072871	2.2065637784077943	-1.966483832773853
59.801882466052191	-2.3038879203788141	1.3410529435926171
59.470843808567089	-1.9197614611168303	-2.2327142164837888
60.123848776870105	0.19826903205593205	2.7794514534762649
58.629709475665607	-0.6746721406562507	2.570627670558252
59.975202688100367	2.2728224658322334	1.2747125071495287
59.960787053598523	-0.20191281447425016	2.672191752813216
59.129895886156675	-1.6066895463057103	1.9611241604381782
60.015074758871812	-3.1638052793742202	0.94483222574740433
59.068186789884955	0.12913123223254058	-2.8858701529881294
59.250371244120487	0.43472707220094453	2.4764010924207454
58.806576317657296	-1.8701387886335188	-1.8039634055314284
58.506630985121461	1.4096112737505577	-2.2236904643428783
60.080918154090227	0.11457961456316265	2.6409426306162427
58.485411974002957	2.7594144434751273	-0.84129383263013147
58.95318149308433	-0.22296198621795477	2.5350955029630167
59.99067275751333	-2.8378238545564005	-1.4201830913013165
59.016321588507473	-0.55388442087499945	2.6372604788351133
59.790669389962055	-1.5581010850015669	2.366230427576657
58.56265101654526	-0.038867008884490392	-2.1001379802710121
60.092843807617243	-0.056264083582546996	-2.7459395427301101
58.273064143900605	-2.0813582156677395	1.8329016504766726
59.045989850656959	1.8905370184232946	-1.0509371709871629
58.514267985691177	-0.69802005044972204	-2.9331433227306007
59.848111352787043	-1.9731714888497687	1.6684160468942564
58.611022065692339	1.1312467048469954	-1.7773024830547606
58.881437581406274	-1.5110980869183359	3.5547507453762881
59.083883427996533	-2.920507950255459	0.55302722100934343
58.42235373919349	-1.2757826629648172	0.35237850030124135
59.789366282135987	-0.91871277534429641	-2.4439097981926277
60.100697579515064	-0.019483052418398178	-2.8228139778622046
60.168089073120456	2.7224289281194705	-0.20368619539701013
59.893522894035669	0.95834802113699746	3.0242188704509969
59.543532459903254	1.5939096696345725	-2.5342808611370868
59.427571973941141	-1.8752155373369921	1.6976401218265551
59.222979174528128	-1.5547324540922913	-2.5556159384184554
58.735426198893457	2.2869141466936096	1.1646039337817586
60.077902519246059	-1.3533233477918305	-2.355881558002054
60.099228508977646	2.593859862994282	1.4286307618100675
59.659865611976031	-2.330720685815264	-0.92869462850937312
59.95723252714901	1.889784996568779	-1.5017796113582969
58.691620201123953	-2.2340607385362525	-1.437810403440593
58.631328495206652	0.76510065334676136	2.6261030565651762
59.594007868846518	2.3416274156413173	-1.7060293200681313
58.851892336340846	-1.5696930758979892	-2.023486823300499
59.609016400863474	2.6660906504225514	-1.2950898558203543
59.567919126001037	-2.8922095073101919	1.4200988416869931
58.296539087660925	0.83730651594977223	-2.3433323907065606
58.475310368929286	-0.43967720460935211	2.5683639498894295
59.507447873565063	-1.496866151973429	2.0459878567659211
59.880880946162605	2.9472797842369798	-0.14073316692323756
58.581364694027229	-0.22060949925815487	-3.0452370014401122
58.962058692206661	-1.8073341253244375	-2.0503793040246396
58.709891888842364	-1.7993207988663322	1.4342411073902361
59.692316391071856	-0.61197926083207366	2.4514180100832341
60.001067608540644	1.2741266508291282	-1.9052767384915197
59.638991986178155	-0.63707711420711755	2.1773496124388036
58.679740413230455	2.6094955239546196	1.7439399133105511
59.34776345783407	1.6732136563571243	-2.2708238844027426
59.526284092246684	2.6590981891278269	0.44194830710940791
59.12407325486825	-1.6216220922371329	2.1176900640879297
59.38072560195765	1.5337042312232556	2.0302686816285673
59.106045510356068	-2.4165275666855202	0.19392629416151691
59.047409106830301	-2.5760507287955923	1.8655906202550327
60.070945788619824	-2.2293380305311334	-0.80373435632283552
59.485579069157914	2.4170927782674503	-1.0446520472723255
58.740566848522057	-0.76465767604892443	-2.5424811399405356
58.280455336951725	2.0091207889312783	-1.8517470514559202
58.91797823776524	0.3689837157793342	-3.3295190410915501
59.866182241842267	-1.5453672038228077	-1.9105293173332409
58.415656399303643	-2.510898928278519	1.8186842565323251
60.05509840800481	2.3294322378723535	-0.78384295463802045
58.65950745906391	2.5964404615804937	0.50138535540851958
59.5404335715833	0.5931998512030503	2.8183899355781143
59.149730073824038	-2.5027309976575411	-0.48280953048265579
59.575294355717794	-1.7833912860838625	-2.2359663327068744
58.197740974698007	1.7061681794373436	2.3268739900048176
58.881322236458537	-2.777905640036511	-0.68357404820809486
59.945530376477834	0.90640095455849035	2.4363607133986172
59.84444862144251	0.36954135477665306	2.7247220496172
59.039243505551745	-1.8537371116027013	-1.7982269087104092
58.351523205629078	1.8729224575171939	-1.3301119425978396
59.402114577035206	2.6961920772203061	-1.4827690999260497
58.676865520071658	0.53450888801008789	-2.4716762357432942
58.782996046233237	-2.181369668261107	1.8047261093736935
60.113074157045098	0.62760470171887084	-2.8361744730008303
59.878030650239126	0.17688589544982503	-2.2833974070714578
59.599806388353628	-2.060880224517148	1.3674241722903901
59.854626348141302	2.8984624631761604	-1.194749111426413
59.610542996194155	-2.2449536617131871	-1.7502461885407818
59.699105475152223	-0.39200491409321925	-2.5170664767134676
58.645139998513713	1.0883037686766464	-2.0295718878672675
60.127663425962531	-0.36301639399459629	2.6109055651043502
58.997056748363185	2.155853983453941	0.68902306423864923
59.641316536252283	-2.3871745375175801	-0.86832035090430948
58.633492307856514	-1.9264884552138042	0.70757364840966241
59.720787796594927	2.2861289973986447	-1.0041001687887887
58.90192128226316	-1.9394372492824974	1.6447379081986861
59.07842863714415	1.8858969391522888	0.86433370746361626
58.305206663619913	2.4225015575060027	-0.67198697532716312
59.38967533384055	-2.2141146208350038	-0.046105028028129387
59.502126189917966	-0.29227507274893605	2.8861818625911142
58.441101076375979	-2.4010527620765161	1.3310300014224361
59.788673513016704	-0.18158419555267666	-3.5295502128228331
59.398617563893602	1.2708311707566164	2.6048323419013122
58.968746317986202	1.5015944707163005	-1.6966202946593922
59.150431014754261	0.2159156477104075	2.8489488476531162
59.558755167148377	2.2397771872809846	1.7225051222388936
58.20614920292897	1.8230644980076285	1.2917322939703475
58.755605062617256	0.41447408595279628	-2.8043518202177107
58.799109105505416	1.8951547928176964	2.0420107748164007
59.904438452004953	-0.70609497542457855	-3.3571684466765217
60.166415996231201	2.4161206687843269	1.3335550618879251
58.778011274243568	-2.3230914145549888	-0.88096669377984449
59.06168105538535	1.289850777755537	2.3999131171785568
59.970006159545854	-1.3759021872638484	-2.0040978748664942
58.466008052245733	1.7930670619450688	1.6991909883895859
59.959233866142469	-1.4720048581931942	-2.2794398720955917
59.501306968225506	-0.85121872205251581	1.8909305457259944
59.987637759617755	2.1587563527942031	-1.586306120288383
58.548188966073219	-0.9059615622605971	-2.7641574817575507
59.993360424108687	-2.1305307721381244	-1.4658601681165844
58.868762535747138	0.91631774900394702	-2.6518802186968471
59.759648810291587	-1.6847209794519504	-1.7258298684142799
59.564941675668692	-2.4825353621760722	1.039695252305165
58.630121461771679	1.9457785556020284	-1.502722372943804
58.57805283271756	-1.8054170153701239	-1.9587881685420558
60.130682234063478	-0.99131394175732923	2.619835208499631
59.330728838739226	1.1465177998687859	1.8428213076616333
58.491072248177176	-0.64154898857263887	2.482621756456076
59.857786536533169	-2.5853794561249805	-0.41944099844337751
59.301747982229358	-2.3859807978931826	-0.099785807013595212
59.160238502707074	-1.1889187398913359	-2.7689342116986362
60.264618276087724	-2.5456020622032538	-1.4942381482246296
60.046344325117232	1.4112075261726447	-2.398600642686739
58.589346629734955	2.6061584995421936	-0.67120167117164042
58.481260023495537	2.6901077733745442	0.84568646975336847
58.974579306313068	-2.3208882737429408	1.086976118809341
59.964368118305792	-2.9817783144425949	0.26940373888097296
59.87402067510952	2.215768034101854	0.22610168861223906
59.104764408446407	2.1331137824317854	-1.7447633793170174
58.80052340421836	2.5454834667456732	0.6829011699382358
59.275556260724429	-1.9099774108933181	-1.8325777078049135
59.221078407926157	-2.375466346653424	-1.2433796708127547
59.709852441379532	-2.2949634091812063	-1.4973023044133493
58.29186374403254	-1.0742552834627135	-2.3144928530672195
58.73800166609152	0.37501419068111869	-2.2862242539237574
59.168205820467882	-2.3764153766888221	-1.5668774091461306
59.166306424822565	-1.658578335687066	-2.3000220411407115
59.717496250505199	1.5337500036348242	2.4876774694903983
59.090789136999476	-1.4672619952734647	-1.4887990079431617
59.484320505420925	-2.0709714271896167	1.2732603357611745
58.499173421819286	-1.6779606801559901	2.6961725597928128
60.136169155693992	0.67387591219253729	-2.8053282426752024
58.543552079285902	2.6905865762017656	1.8732213310740358
59.741412978688494	-0.81955931475715005	-2.7408094026816694
59.946614460377809	-2.1225521463325414	1.7490044975353565
59.440488483783895	2.4574001435158599	0.066996162802839918
58.789116913179448	2.3991862005911906	-0.42667323645211525
59.907454508630217	3.1280668564513334	0.5761369964895785
59.400946116781448	-1.3340475808831165	-2.1948145600824307
59.702774792915775	-1.5966973811157343	2.0637036904981159
58.430520007131285	1.9083925500008003	-0.27443819726186902
58.375505236306665	2.0633297843272236	-0.94259236205475927
59.04938268173386	-2.0566396963375269	0.34212815584021211
58.83297207935162	0.58875097437323221	-2.4945840190361355
59.164380481081146	-0.38962006469319604	2.1683893669676104
59.992242267683039	2.792168928665641	-0.28058218447990635
58.80228007054707	0.69329792114596966	2.266261328273441
58.979463945898829	2.7589698855897722	0.067018331466783751
59.251183027801247	-0.78968371913594726	-2.5214431383515157
60.021347083257282	-1.6674181735981284	-2.1086342782088376
59.049056321134096	-0.18859765975587664	-2.634189473049998
59.749022073156937	-0.90128510090945224	2.4203940703426028
59.472848991276443	-0.91730116676318763	2.0581523407801487
59.522188637631459	-1.8434802033654869	2.2955262555474336
58.604873639448364	2.3466769205693008	1.4204377153388434
59.976789136001841	2.8681628199372957	0.89464144384208233
59.795605247541332	-1.9913443915839992	1.4007307412927326
59.41077238361018	1.3555362266382123	-2.4065733682752826
59.767853901168408	1.2803934599149804	-2.5373750237867529
59.065814109874616	-2.4945111000350422	0.20042359961468609
58.390018712954443	-0.53897363624150219	-2.5776192706224546
58.988114743570378	-0.3872932154635137	2.617546956704726
60.052988505459609	-0.66470858807718003	-2.7843014372337791
59.863574241388676	-2.4952275907415515	-0.86356821593342181
58.888575557812054	-0.41928368955380863	2.4106480744510828
58.372793283689646	0.93562631279905784	2.6451210787933399
58.50790692573888	0.6140945249390104	-3.1318827892927739
59.327028890716726	-2.5650743603307067	-0.96042064199785016
58.653431830884458	1.7843792949179955	-1.8780639490620687
59.729219394532578	-0.51936610195979949	-2.6009587681104605
59.589685355088058	-1.4090382909392654	-1.9047463080481271
58.940968740880216	2.5035705582534362	-0.083163727441627339
59.057885223253102	1.1168353889881326	1.3616610666965239
59.336518791997911	-0.83118141229620812	2.4605963951222787
59.191009146095418	1.7883175238043465	-1.2456569804175404
58.563571585765004	-2.6083763861360385	0.50626032082265782
59.844693895569982	0.8288079050057634	2.2790213231888479
60.094483652755642	-2.6385727881282079	-1.1550896780451727
59.78063374911158	2.5000232317886257	0.74671747795013887
60.032215597936769	-1.6548873785554927	-1.9771431858066921
59.029249260001549	-2.1649798109088492	-1.6211636261518048
59.92501758722964	-2.2556561309550505	1.1641399084197657
59.567460348279049	-0.99047457722123866	-2.5784507547903344
58.821504973751445	-1.5815212180731242	-1.9131092751886647
60.1187663248364	2.4348887796469523	1.3022137668904745
59.082147530103036	0.0048865691320563705	-2.3158432714640225
59.837497807412795	0.89401346275970606	2.2510455218818621
59.50299120323794	0.84167243508675094	-2.3997411925729226
60.101271282495766	0.73386541976400743	-2.7053058456488879
58.861322648368315	2.2908780974586938	-1.5083488914799428
58.791111961907937	-2.529807117270912	-1.7406990724032916
59.714176502529966	2.5246286925249897	1.0094598502323868
59.737439354328103	1.5677926148912811	-2.0122265812876012
58.806339340033752	-1.4072915335676519	-2.2764891983242026
58.952888802683965	-1.2073812231275631	-2.4297235541214031
58.491819001004913	2.0151612822319285	-2.0021556582733862
58.810924995777015	2.6052190753187698	-0.20312870024660162
58.424475607891353	0.71031245585433023	2.3679955430836488
59.281992059557588	2.3002007363039922	1.7380724748757734
59.632726785425284	2.1376406885216381	1.4305786882845661
58.835401985175288	1.1264072680808368	-2.2217001008176056
59.905523147007059	0.21582768793531987	2.3506523192131175
60.176586302604782	1.371363905267907	-2.8738907872855366
59.458033344430881	2.0954094934674932	1.2860731293385284
59.507273829056842	-2.0942165165318496	-2.2488450877895634
58.522824338858783	-2.3539984575188875	-0.06179654729538693
58.396539967706524	0.3886924440489925	-2.2910514865924645
59.40282449936646	0.25981596871213253	-2.3807170339410031
59.069301898721491	2.1350870090115053	0.072753015604272789
59.183581838686727	-3.0125125834787307	-0.30339709766485873
59.991074430157468	-2.7053027634925249	0.40957518697391243
59.787252234653323	0.70240446900689513	-2.4129023776990599
59.089701953636656	1.7345580276004302	-1.8097375710401955
59.185575812973347	1.9222695804430923	3.075189893291367
60.025480144571979	0.4738518213616032	2.5697826096942142
58.386229826114999	2.1464448507517782	-1.3742454976594229
60.165288122306102	-2.0485021736358564	1.7426178677922568
58.995751203686012	-2.2774913471720546	0.7988184161676759
58.665631777702359	-2.0181116847220961	-0.65616717030440841
58.503449170057841	-1.2168529108481754	2.426688359214741
58.590563408229549	2.4837375008193039	0.40639501073074602
59.205807702356708	-0.94500861510801826	-2.3479066966704703
58.606318951849531	-2.4739748481315358	-0.048394036959263205
59.887038147225425	1.5269840551782172	-2.3597169302591441
59.249738385523329	-2.2215407976590251	1.327882364456008
59.432524134582813	-1.1247035291681562	2.4324405562629154
60.012411590599754	-0.078208120695328551	-2.6320829477831484
58.666163203419593	2.541996785030745	0.63962787785348652
59.802846353302449	-1.0508482426347421	1.9633220811813041
58.774503607885784	-2.4601387350014305	-0.051782792660578301
60.097129498390061	1.981500658219195	1.0961317810078985
60.203416246524903	0.27533822521537554	-2.1679556976960264
58.430935146426016	-1.9010863247317937	-2.0974882744535899
58.475953753377006	-1.9291487791426314	1.0094147822025339
59.862688887606012	-2.0554180812773621	-1.7716035604803573
58.342359869523087	-1.9386680595770056	-1.7454352636385431
58.828464474793101	1.4658188846424764	-2.0339830724621804
60.0587046646517	2.1473111874928206	1.7515122233473364
59.245088888950569	2.3793549485231331	0.69962950901065935
59.288873176653318	-2.2549644836582825	-1.4012627201708829
59.587617480481441	-2.0615926789451464	1.7545845170853915
58.626356995211793	0.58022161243683668	3.2862253170169335
58.47714663698499	2.6164194444043565	-0.24148760986711743
58.377660110856183	2.0460910009238704	-0.90978684603317928
58.199911864530691	-2.2018645665412722	0.98499659992166533
59.423893579836559	-1.5433423975951996	2.0274887308179208
58.718521028314917	-1.3072446902184323	2.333675944796016
59.671069574179683	-1.2214693193589525	-2.6005080270293695
59.483123176357914	1.6154995073939848	2.5358508564715647
59.857268838798014	-2.6645455700117839	0.36926510759282055
59.189509982585172	-0.21838473887770229	-2.9766379617023659
59.239291334304838	-2.3217853288837214	1.0760665450501219
58.886507823950197	-2.3994445748063393	0.66243750422444359
59.179474344580981	-2.3248857033427877	1.3050845964277364
59.653526055261608	1.6944922297367366	1.7752870095649702
59.214266187021906	0.22301342399284668	2.7959621631417186
59.885579824432902	1.4768219763608583	2.2118274518380918
58.795507647766478	-2.3194606503277457	-0.86339864680039058
59.151927144955188	2.7998677252441793	0.68389913605526365
59.831106136895421	-0.026939615580610501	2.6453015677712055
60.166003046049624	-2.7825834651379493	0.24941191921907307
59.522230025459315	-2.4901875688518809	1.3490680552629331
59.665167847288345	-0.29795841756975777	2.5131727535370287
59.056439056533904	2.4564751418009694	1.6683386986332485
58.656560931245188	-2.3541034915359309	-0.34492145300067517
59.96330785148259	1.346237572601358	2.4844519322932004
58.817388583020083	-1.5561809044473049	2.3792319136758775
59.583419661713933	-1.4452783237944649	-2.3100176381496369
59.4505122495802	-1.8979785425773006	-1.8175122320450379
58.849504633150751	-2.3656879444653938	-1.4800889247164637
59.220674538711236	-1.4171243978960486	-2.1845257292427354
58.817461198968942	-0.034378521775642872	2.6128984253535315
58.729248058055461	1.701825403439764	-1.4204865767479629
59.06097010288341	1.886466826774339	2.585201190242195
59.183962397841057	-0.15464868531971518	-2.4798672324213609
59.457782284369479	-2.2171093578897207	-1.2310037038736388
59.320482962427036	1.5099408775746681	2.4452860785718658
58.820254969894016	-2.3610112718836067	1.2882911283823826
59.232793200576829	-2.5386435744507714	-0.34859075706639681
58.259114313858795	1.7943376927931707	-2.3628968590331518
58.30645440731665	1.6525135746557034	-2.0264772778796676
58.591953019226814	1.0822122974468114	-1.9641483568333025
58.256393990125588	0.37471243868518284	-2.8475547077751391
59.939438234752295	1.0376919199932115	2.5299259318856482
59.530863223712224	-0.18380329979967772	-2.8380889960877695
59.954757698523849	1.7552116237854887	2.1971641610957482
59.902954808588092	-0.98792223413969016	-2.513321314770939
59.560315167423269	-2.4494535013114045	0.28961809555799345
58.61888556605075	2.1153723977322572	1.7062868111589593
58.895975804238475	-1.9746753911866326	1.5081410442452332
58.328219253685212	-1.6419845157198387	-2.0219120342109984
59.833103081240672	2.2894839103564597	0.27028789501194289
59.462878246553196	2.6850280271891891	-1.6682252196651484
59.249292670468037	0.36902089456610859	2.798997556965837
59.501102995843404	2.0740926191168421	1.8982127492536609
58.598459081981773	-2.5527431438595238	-0.15677409865901676
58.718466059355777	-0.028415287931759355	-2.9167646165500476
59.412671179719162	-0.96886497113670034	2.2894362255909066
59.903293835876312	-0.82691024346129793	-2.4175432312027945
60.183009306825866	-2.5181018427243069	-1.0084960653062487
58.936342481241347	-2.3378742080852382	-1.6411513436406069
58.780060371557674	-0.50862300412576356	3.1991079378241425
59.680671331312269	-0.53527556359045858	-2.5467025728234813
58.570992899770928	1.5111760599954998	-1.952617872236841
59.565312040736522	0.36110117399479669	-2.5551949616473228
59.663204099886045	-0.1997935797620165	2.5608199914306331
59.175615007241085	-3.2229446322828204	0.80676711423764325
59.221392381050734	-0.58301062616214261	-2.3863527281394541
58.993408428278507	2.6808935139429089	0.5682669316274509
59.017826217841304	1.8324933693543592	1.9825614322882366
58.802998000590861	1.4597772799904412	-2.4089680962740236
58.990936312106101	2.882848857990425	-0.21281100012060419
58.585934688172244	-1.4153472003103895	-2.1788701695476753
58.597080633635088	2.4876035678380779	0.96186447441859535
59.90568451725315	-0.63521148662200433	2.5115789505040422
59.694104845624764	-1.6238974959649044	-1.7719565341486601
58.709349815887791	1.8585291417811092	-1.8825564168453095
59.284529854669259	-1.3950378874050946	-2.140799946716498
58.834405244281065	0.049065842162197788	3.6686908516498637
59.62389499736296	-1.8518565588797231	1.6446614360644645
58.603997698130065	1.719609112191181	-1.8189725438656883
58.240016511963518	-1.7225043594174865	-2.3424023511421921
59.304659250238643	-2.5431910551358889	0.26499943731731374
59.67234862302363	-0.27038910776978192	-2.6028026249684251
58.790681865167159	2.1187867839619869	-2.4202182824653562
59.615781418201621	1.807795118524939	1.6070268633240929
58.631479966300283	0.76291546808428734	-2.28177997109667
60.046295115068908	-0.53825482768440769	2.5814876265523932
59.363196942204887	-1.1282946901697251	-2.1614872658802828
59.742841706199144	2.3252458556473368	-1.3289703355588389
60.05580616465781	2.7860907150389118	-0.43706708287724372
59.652210421770391	1.6364959677407893	1.664347738069667
58.474661627220627	-2.8689124637945969	0.061612303634780138
59.601240562516459	0.14992458020161278	-2.4546206195483675
59.835646926587387	-2.6847790090755477	-0.69499196696782128
59.851078586237229	1.0623458595965471	-2.1854043723826426
58.614933965093087	0.319484737201854	-2.4203709826726607
58.662955084430692	-0.87427203242810902	2.4063325124350343
58.286485174299472	3.136940226994505	0.38739259673505283
59.302726226104625	-2.6843737514803347	0.54894997204932638
59.064498474311684	2.250046925345853	-2.0586793487079995
59.729510195400195	2.1883113823802773	1.4899143802647328
58.945421955106056	-1.7234186742288573	2.4026719208273764
59.331068895101197	1.114270480165535	2.219504545145679
59.429864652334459	0.98009296053081363	-2.3318602059871121
58.330871657407556	0.38333249589323803	2.5583088727300307
59.303005245695687	-0.97964381730701888	2.6838827674947368
58.588198764277799	-1.335704825542295	-2.7203687323032124
58.886156478689571	-1.9237164343454038	-2.3323207133681123
58.71700893265907	0.5845302049149077	-2.747370344154215
59.011629798420728	2.0862820578430923	-1.6189030061090004
59.997376698299263	-0.87455728695552892	-2.3794742091961405
58.937776285216003	-2.5231793963066163	0.39503196870482976
58.55523595302369	2.6006769754220764	0.15585301409029828
58.34336888100016	-2.2130605862864901	-1.9202938523060789
60.020336327210053	2.7784256399040292	0.29160567838339624
58.543432848228633	-3.1663641937507094	-0.31943986684434367
59.164784922444746	-0.93797019668113468	-2.683378708891337
58.457756634988861	2.2450502569780988	0.94187897907399543
59.216800507397799	-0.88632963624166894	-2.1146793434088633
58.740246637805953	-1.6523642812540409	2.0546691183612307
59.15079044922215	-1.1067680109143176	1.985930098398734
59.985837916201206	-1.3475305876347969	-2.3436966470827394
59.556998589537365	-2.5822027127264549	-0.5936579239732056
58.469992518579801	0.52747382617820948	2.5990201507490043
60.067691109922116	-1.7894864928989338	-2.0008152958000385
58.629306027082315	-2.9897384681170402	0.05491492729340329
58.781040652118129	-1.6544951585545724	-2.1041941063030971
58.567648830759168	2.7893254935399923	0.39496544860661204
58.384942494390017	2.0699751382288598	1.2329059447155184
58.820219163371412	-1.3692454570917958	-2.595891173833337
59.14594168651027	-2.4375551783244944	0.35103305864773693
59.882815884268929	-1.1106264881470798	2.3783087030594352
59.462615856834638	-2.8647153907923073	0.80062748813351436
60.239226928743939	1.3537316737375331	2.6115187482691216
58.299353524240665	0.36390682656748247	-1.6039734644453998
58.90128709831194	1.7108613774650023	-2.0802229641110608
58.80706431018767	-1.5366228360633065	2.4601125217499966
58.637391861322605	-0.44064267639497834	-2.9574761233846121
59.765908662033333	-1.7615695121913604	-2.2847052304348696
59.82574437571607	1.7297469789356532	-1.9330164653612125
58.982523923114577	1.9192222865355009	1.6177221373357955
59.639166630951735	-1.4530465783028734	-1.8678890610367649
58.600586507854565	1.9007465692110366	2.2628013080567255
59.961037077873208	-1.5479889639881443	2.3246019298945537
58.488571032223668	1.226525115533041	-2.7878718423642166
60.137013411095538	-0.086498655977935171	2.3193680039834796
59.40111256477153	-2.510309535050546	-1.2396318416070513
59.603723723624512	-0.62110826636019512	2.4163446326176823
59.968439248913505	-0.77183525997119939	-2.6731545383213891
58.774461044638137	-1.9377499890828849	-2.0030409174496246
59.470892218253951	-0.24092363933256383	-2.6285458691505825
59.533524546653226	-1.2552397422793617	-2.5094952210440566
59.601157730289032	-1.3693519660264577	-2.6467551568632075
59.482218135125294	0.22129439035274626	2.8698909585899397
58.67112641608356	1.2606652567075769	-2.4536729368556607
59.592678199276826	-1.3481352784185427	-2.3193346702411262
58.83467557434399	1.206553197368645	-2.2378367729434268
58.649629348256902	1.0634399820529743	2.4261754946680001
59.776181940388931	-2.0736206101249124	1.9405852116809599
59.779424937179527	-2.2612809869047039	1.6853276690616439
59.909506074161065	-2.5423519805543475	1.177273719653972
59.403161580754357	2.506105726709333	-0.69473277937474676
58.868526640795068	1.3848344844315696	-1.8284045395882511
58.542865967996981	-3.0596926776713249	0.60702764570541723
58.645285583347579	-2.4988709845757731	1.6612148515308802
58.402259035885031	-0.20583804679350931	2.9637533441989827
58.707225811725451	-0.71997812949830009	-1.4658983849363847
58.562504583541632	0.065607029648452775	-3.4843093640810689
58.5946320202831	2.1211491077988187	1.5879658149649185
58.975426600604557	0.89234662095298156	-2.4408671970714884
59.894569923133716	-0.84813234522466929	2.2049055295897051
58.752131356615621	-2.564960389841453	-0.96931778931287671
59.011736596899674	-1.0203227208771128	-2.4739333412319011
59.904400556346737	2.3816786501446199	-1.1765780669549308
60.1673745762468	-1.0008400017238546	2.0226725739767346
58.697886746766876	1.0074013638086279	2.1117556298071429
59.581933775264979	-1.997905089932871	-2.4869177035755365
60.249053445640264	-2.1444024316308963	-1.5602153177831906
60.159107686702257	2.1761299896180213	1.750947738442576
58.631508645986514	0.30673105514869997	-2.9013799293956133
59.858667739187837	-1.6398558308328015	1.0904387350735378
59.970018778345498	-0.146763662155936	2.6310485365122704
59.847301267380907	-2.7557424061372822	-0.46622404619135766
58.889727911258909	1.4179369076222161	1.8690518336943236
60.015689308939088	2.4365480600641924	0.21778903421666496
59.853023431745562	1.021200176084994	-2.2368026486887795
59.276567840227635	-2.0419313619028201	-1.9521924796623149
58.699584288544145	1.0206012856611137	2.311825154329425
58.925471944395383	-2.7761184956068425	0.34749274840994049
59.556024213061669	2.6489026157914726	1.3431583591493264
59.56840322397241	-2.6255232621935387	0.47249550931221179
59.094970322599323	-1.4180239031663282	-2.0977470428433245
59.601277674150374	0.93763309399689054	3.3548038686484749
58.90748003940999	-1.5202411982251112	-1.9551590030141406
59.953973693168365	3.1175232520488168	-0.17926219604709784
58.732223973941998	-2.4596535842641996	1.3423064336106409
59.381688334962348	-1.3390955795400075	3.0635348726941887
60.073527033994338	2.843662462722865	0.33538175057058872
60.149802001405135	-2.5285177366816769	-1.5994414707696463
59.738008330407204	-2.7144057857386703	0.70163087046218497
59.353142547478988	1.0851663236052882	2.9114978812394781
60.201078978757607	-2.4810703507715486	0.23923826463430276
58.623611642707409	-1.7747682006009344	2.2010234277063474
58.982509576804091	-2.1940355607728432	1.6446515261256525
58.983524284174578	2.6322020439856355	0.6585209565292468
59.02351855858182	1.0342852255293553	2.4493776192557504
59.302306241261753	0.11914982968285989	2.4131572232062206
58.42207176162114	-1.7354980791967678	-1.9882080796678747
58.78838552369659	1.3359409377990268	2.0391940815611198
58.33151314907645	2.8704846292494151	0.13883901057292919
58.544922277978891	-2.6278476447486407	1.2240563825943134
58.277935618568577	-1.5814792841694334	1.8263232457625056
59.817143421558526	-2.0787060521774117	-1.1365426974577217
58.800710343947237	-1.9547989544943829	2.0504000998811946
59.873954797970399	-2.4239278377217004	0.775975929879968
59.495004694125505	-0.79245272624069241	-2.650614957588421
58.816092319404376	0.066718698590736009	2.4911771995578631
59.087501311620706	2.6355494584497645	-0.94482275968170693
59.646688501590901	-2.3496571490698859	-1.9208971730788154
58.688397678840211	-0.077332046339615851	3.3297202984738519
59.143740136309361	-2.073178050444334	1.517792851698528
59.493984962150577	1.3969573901085568	2.7657755123987462
59.939158859250988	2.1847222676250344	1.3632854565430692
58.749491738727038	-2.5314894857893027	-0.60075218723584323
58.864970548785301	-3.1194646249805245	0.68861403442517599
60.096419958771463	-1.2637327974645713	-2.2420923578990344
59.250300583575417	-1.7607187874384487	-2.2304078735514468
58.592350762343997	-2.0682803035817674	0.81936493801073018
58.658938120645956	0.45024696266328446	2.7306872392894146
60.009426211155997	-2.3777034725053499	-0.26541403045601658
59.160938008656728	2.3196221231789638	0.087279140630097896
59.591371474267682	-2.5361154444996235	1.3429890400871174
58.347538343264667	-0.81223078618079225	2.4419209141933216
59.077469860427115	1.2978767009426255	2.5132843513951606
58.773306837010715	1.3331423359079018	2.466656362629136
60.089607014776377	-2.2689858342080473	1.583549986508453
59.937234319993621	-0.65321107455993876	-2.5996162388229078
58.653455182313174	-2.2999556445529423	0.49165649025626645
59.09692112295339	-1.6144650211265124	1.742578386862554
60.133800198145451	-2.3470158052529659	-1.0316268732286058
58.572126354335062	1.8504430259465223	-1.5691939318918349
59.415993129546045	-0.8176170239003544	-2.3302269615148146
60.124265545584286	1.5947506292146336	2.1667562786770556
58.895067673857547	-3.0032456635885159	-0.24624251376628958
59.129437025798659	2.3575252040495842	0.38064958368516777
58.402869066173857	-2.5249355354874883	0.015337017739257266
58.578591712081291	-2.241407764955841	-1.73423038164579
58.991556017971412	1.6007558084849338	-2.339879459724548
58.775245983649526	0.34980166823427716	2.2489524437549822
58.707085324704153	-2.5997985207695589	0.097798276423866917
58.257922661594577	-1.0810848145733372	2.2504626657197964
59.565501316325403	2.7194933482635748	-0.86295089630926647
58.978686393675282	1.7271301712447198	2.1273457727164713
59.930778209550326	-2.4615348585925778	0.69731074677968929
59.31272749399642	0.65405052500875438	-2.8075813079050373
58.282894962682178	2.3273101681177604	1.0522491136730991
59.386070506242675	2.0344215912337309	1.4079960932479458
58.939148524179139	2.1982781157798681	-1.7698090995861642
58.568299716825429	-1.7216585260431938	2.6539639963621839
59.698232576951838	2.2830723584273507	-0.97603028273259851
60.016744026345314	2.0914765303419811	-1.8263559641386944
59.93633842356499	-1.4669678945186899	1.7052921800554666
59.571855627725576	1.5685073811137074	-2.5860491184874328
58.600154950162313	2.3458598572510083	1.4289973285003768
59.971431372909777	-0.03739184426770123	2.5042104627424711
59.50174240736925	-2.0859803882976875	-1.406380190415454
59.877773751882771	-1.5189893678954829	-2.519472164136797
59.551647247906935	3.0648303661032132	-0.47135472243290499
59.481367294327185	1.6549202344553289	-2.5080985510233362
58.490356445187274	0.23046992347520762	-2.5290969331373891
58.652896196972875	1.0364543628092395	2.4391771920403169
60.048119709610177	-2.4316990048332729	-0.91196047944511716
59.728842850647311	-2.1765174694492573	-1.4817331857663814
60.086336584845363	-2.0703271046435874	-1.492162316467921
58.541386544772564	-0.42220627429831614	-2.8954026573108522
59.612818238093759	2.0899059047543793	2.006435828736898
59.071921373672787	2.5065783764243514	0.68003279373239978
59.484812834308151	-2.8485265768201775	0.51318197093199347
59.232403455360661	0.57097630288446677	-3.1878380389708441
59.378440881894399	-3.0521346773508009	0.40657241724956317
59.585009085342492	-2.6496984760169395	0.75719594384114708
59.403686234558677	-1.6805855522581172	2.1727626537420832
60.026549309851227	0.72201307548891214	-2.7847991919931738
58.483134762603612	1.9534147750345427	-1.3638554629652411
59.86607526004115	-0.96093060966992694	-2.6151550821863445
58.78121257183934	1.3007451187523837	-1.3958230651875063
59.819757591605267	2.540870566585264	1.0091360488727161
59.40739957215176	2.2026012830765893	1.8022483039553019
58.98993536888824	-1.308220579400722	1.9191504489436753
58.485784676013765	-2.1819006780836561	-1.2538908003131937
58.931143245460561	-1.3020403139465027	1.9060883632367094
58.598373534845045	2.1148272664157273	1.9345888681933829
59.745847568962212	-1.0497520123082091	-2.4405833770195757
59.928547214346061	2.3371032022157312	-0.63063204553854479
58.897081823522328	2.662747743222627	0.90029520925748818
58.69812920028491	-2.6029803145733501	-0.45604370721870141
59.939297891140832	-1.432980958289892	-2.3358465602522802
58.714973110727101	-2.7271366164962538	-1.1712218655273423
59.744241346195459	-1.8062437920753429	2.5736489482388523
58.954435732020507	2.0899020697790061	-1.8090236445309293
60.241231650554809	1.7778917679202737	2.0976810859295156
58.982124782934626	-2.6257642098205278	0.68959197407007433
59.881100322672275	-2.6589023900765119	0.41699486189362739
58.578279438982293	1.4364594480635935	-1.9822268959352034
59.98556567651277	0.55647855162174409	-2.3314559113352629
60.067506261602368	2.4089136076004447	1.5460746005049746
59.793351723315304	2.1444942965946776	-0.9887670194313547
59.858512798677907	-0.68105085821868916	-2.9633273618948244
59.29750236052665	1.1698254418441838	-2.4421278079941984
60.101262493841517	-0.57824579881701743	2.8507114350242682
59.800516191664116	2.0505892555006424	1.8821685399920411
60.074189142561906	0.91718378138083168	2.4268578605827993
59.758977361814004	0.9826574008786132	2.3807556378357728
58.561775417107278	-0.24005819226141317	-2.390926022209622
59.143605874283686	1.8274431953090946	1.1548170343906021
59.862498673865808	0.10202744775567101	-2.9530027620298278
58.618732257656156	-1.2439965198588627	-2.3680479050930479
59.955845648370385	-1.0962688707376149	2.608006424196649
59.141717589140647	-1.8051701308158095	2.0428508061473676
58.536922855433616	2.3040972012838017	-0.61259019785911939
58.511098346301779	2.8885162266770967	0.71437885875727392
59.629621481539587	2.1710353607040429	1.6628778849964856
58.635458462583564	2.459077488193476	-0.01426881782590554
59.772473887390802	1.4297585608330476	-2.3331316226498666
60.105186206051052	2.3614840891527353	1.3158901800188265
59.567807069849543	-2.1961672577936286	-1.3864983593036326
58.995157828279943	-1.9025933396712222	1.7463036785058597
60.166332301748156	2.5925675930720264	-0.54187857784972526
59.154695649044825	-3.1938450428866769	-0.76072816015515843
58.554690280764078	2.7284169703206431	0.047662441321502484
59.652341898259841	-2.3346264537997952	1.4858893482026267
58.435517834619986	2.1089519171294739	-2.1547974790221316
59.171054888763344	-2.6519817497283675	-1.5376578311753282
59.993369075338322	1.5001981904416455	2.240784550216758
59.873730930494787	0.57194277717563957	-2.5677594155518535
59.710125805328332	-0.76962937749015081	2.5625355002132801
59.307535261612024	0.56397062443438828	-2.7498718416803944
58.403753722239585	0.099415884879511571	2.963771555995955
58.854869775255821	0.32007264814106118	-2.416755887092942
59.944962505974907	-2.3946408717062369	-0.91726237858816606
59.145075683177375	1.0594385210379915	-1.6638824578650468
58.937313563144357	2.3728394227049447	-1.583834694743071
58.349306101812616	1.9433441589677747	1.0270963609444548
58.983469089211368	-2.2125171670785755	-1.9353583938664836
58.516854188784784	0.15110460531108957	2.5799767320594786
59.133236091436366	1.7747004093906817	1.6059811293776582
59.279642846815264	-2.4666192283718882	1.5172854634393527
59.546780124393422	-1.5557547609194156	-2.1774271317934821
58.737804119822492	2.4624993986415156	1.384977366249823
59.646877075851208	-1.7985236681981025	-1.9097351031036187
59.488032980638323	0.39741424027292682	-2.6743190475002723
59.205939723297384	-2.1054319266582975	2.2509956167571903
58.547719999893417	-1.799024377339463	-1.8666030862574337
59.788019611237431	1.1833879714893814	-2.8257633827887436
59.672994517240703	2.3291571820191397	-0.50151052861636625
59.602404093568083	-2.463695136737615	-0.037203921606809111
59.505497051396148	-2.8200118929067353	0.51504706188847871
59.442972669144474	2.0154386832982722	-2.5931543828597037
58.81110923461712	1.0599736264769661	2.7650794202843803
58.229564748896465	-2.6816774191573636	0.73294963284382431
58.767574679131457	0.61178270778400201	2.7623538792256883
58.64960574955866	2.098983261528617	-1.06274941425553
59.744385331618517	1.6184132971611034	-2.3994790525367491
59.216876508301823	-3.0295058789699767	3.8077164634412934
59.394160845554993	-0.72674053980459485	2.3902207459813432
58.723096246218496	-1.7297603418574163	-1.8672657316410262
58.454626969736189	0.4595669143028962	2.3165528544471763
58.563367398753996	-2.3434830023518121	-0.077176845945360742
59.193100641465975	0.83474528991968511	2.5457801058684848
60.208781596392285	-2.1346324785418624	2.1275489665774141
59.534622706854677	2.3674935390537293	-1.4789305266779185
59.0655375504736	-0.64565844848660503	-2.7815749249241586
58.169960555020246	-1.717795122485718	1.6878294610882076
59.951436068217141	-0.89894587442512242	2.5494871902219387
59.278826184440419	-2.2756535039628281	-1.4680223452845225
58.564683410561528	1.9018300042188585	-1.7105158706592658
60.134944701195394	-2.7029404905751639	-0.64022964773743685
59.675452800551589	2.3235392332882419	1.1208196222731512
58.648976067551317	-1.0005675212818721	2.9716642086715561
59.913957668105567	1.8898949011790127	-2.0386351833983043
59.11356820493809	-1.6176895922533905	-1.8611827141338768
58.402642450535666	-2.5142242097642207	-1.4120665184987498
59.320888981981199	2.4661438355310459	-0.43933305762022207
58.693309419116886	-2.263301665655268	1.2053747621601607
59.256724330468522	-2.0177473142189912	1.758448977974707
59.40074300893086	1.5370149983759633	-1.3429626242193353
59.622202566519327	-0.70925962052963509	-2.4642275310800175
58.905224435829943	-0.61317125623790292	-2.4439029093521598
59.359566312358616	1.644834551771309	-2.0294296386926005
59.478031685919582	-1.8116746898388238	-1.8097376566278291
58.665183135045332	-1.0051240839860089	1.9728107416085339
59.906116293535284	0.11334837407117826	-2.7112587153208296
59.472778045961689	-2.1410483534977476	-1.4099805786350192
58.474277285608956	0.47776596325551196	2.6891595345811368
59.678867942548365	-2.0380537373853906	-1.3326560879727256
59.111719396566791	2.1879200234620555	-2.3933204111722626
59.53377996193035	-1.4686031637152539	-2.4645414995554593
59.899581115390326	-2.1478034356442448	0.45832624060629507
58.932381104567057	2.5091514854507579	0.40480998130406687
59.530958716639404	0.9490613386236042	-2.4046742257477449
58.821247066370901	1.8756729374045986	1.5647930885613375
59.47211729131454	-1.6901936730139546	1.1655070195129087
58.489314365337286	-2.1761088454350772	-0.030087158682945259
59.307102917091676	2.8674771948483104	0.18817890981221638
59.565704547926316	1.4578433692638282	2.5118447535222996
60.084793105925129	-1.6024658294346739	2.3600495289853134
59.634488911789553	1.7178300716498722	-2.2392955071610241
59.03249843877127	-1.0024781900950959	-2.2528591273481009
59.890924695201377	0.27516907301907662	-2.72867509879161
59.712487873657501	-1.2654245759989329	-2.462312552297826
58.936803356450213	2.4182129187364612	1.6966576293515834
59.149971361593913	1.4896935064073922	1.5518469585422834
59.445661004536433	2.5654781818297789	0.03020472036489967
58.802272172229294	0.85191830560508952	2.6268759138229658
58.530631039556496	1.4494927049530624	-1.7234361184533986
59.481686703770492	1.5308622505161027	2.6549369764880022
58.639560642112073	1.0430005243733722	2.0767279019784199
59.871994899338787	2.314047611833455	1.0630102990476575
59.133435158710213	1.4796754063078235	-0.81703546861449861
59.919725915006609	0.12673003988622444	2.6351648693285914
58.424539846777684	-3.2169365228949234	-0.55414574498010227
59.853279001012744	1.1069680369352375	-2.5109664651100045
59.220523396254066	-1.9275385392043018	-1.9651341188743501
60.072066595251748	2.217003131275018	3.5646898396384827
58.702994112352016	-1.1467416132525208	1.8647678383169237
59.855720705277406	1.0451040640970195	-2.6795667744479488
59.178062038570928	2.8637308841851992	-0.52092791340058175
58.729319050883561	-1.7659918358302862	1.6386423994167134
58.694371494085857	1.7141763414629716	1.3159891875039196
59.732350584378793	-2.2166369285875978	-1.3062182136778164
59.757766314040829	-1.638506189195662	1.247677678445972
59.825813551618715	2.0115931164055438	-1.9603193449827514
59.333764769362865	-2.2957717096040162	1.2978322830156079
58.287246883052326	-1.7920538492971714	1.9909610972120739
59.047023608104887	-2.1209727106475387	-1.6224734223949957
58.259299790738943	-2.208765505831952	1.149411027264353
59.38117328893378	1.0924646016049202	2.3074466589152327
58.991872201405329	2.2728718224287943	1.441281853589186
59.027896137066406	1.8703408363452803	1.9237782745680663
59.987123938802348	-1.8375603583057742	1.2921888065809304
58.461837506116282	1.2629691661679727	2.0933299657364075
59.392158623331767	-2.7349819458108353	1.1278316579506429
59.563560338253559	1.954143156225125	-1.7326846468098844
59.695616765992597	-1.5708844044932522	2.322403769444541
58.955505253485825	2.662616624980243	-1.3743063589233893
59.521107027269167	-2.2377181020411245	-1.4495924628301788
59.700375190410341	-1.8253173094697337	1.6473620748846227
58.945251050810732	0.62461694552517544	-2.1674820703925697
59.127112447641956	-1.4765939293103383	2.6869252138075868
58.807186645000158	2.5407619554029797	-0.047633314835661987
58.41264514648978	-0.26760977333361108	-1.8510921754531418
58.734757364898485	-0.59834948764196949	2.784419802510814
60.072772668846142	-1.0780731456055745	2.2051302315010988
60.02842599646651	1.57265334246169	1.888855245081198
58.991957749715624	0.77775504184500299	-2.2036992055192703
58.566875262937202	-2.5280117399988167	0.71496580404152765
58.959616987412296	1.7310990050814654	1.9014975555386482
59.938934109957515	-1.7818403116991242	-2.3119360577761303
59.611585998857443	0.56299885355982826	2.9958339333447115
59.131146511348938	2.8483017827562187	-0.81222205113651735
58.985875391129667	-1.1293629485991852	2.0257775970381688
59.463327254922703	-1.0650950561525363	2.6041044203987451
59.803410354748891	1.2294860296916907	2.2957189348609979
59.480719160390542	-2.7227372316242753	1.1973273601213712
59.88568394747027	1.1427484770638978	-2.2201070391582229
60.178534947700008	-0.86728998492931197	-2.1284563014416817
58.568555140327568	-0.046909097902105436	2.6819259715150858
59.735654589937234	-1.1261693100362307	-2.4499408101957298
59.57854696189078	-1.878583717215262	-1.548988950546458
59.951676021600214	-2.1789640027471089	1.879979687602783
58.747110592271717	2.5063187584914193	-0.42700987626450609
59.3545309437405	-0.51806216594216448	2.7918224898641837
58.754814241220849	1.0069188095448953	1.9713228369282529
59.924051149893863	2.5865921897097821	0.10165869603490248
58.889451164557492	2.2486404083885985	1.9235353128171202
59.772125747560807	-1.9209459359234193	2.1679966875512924
59.107347237879239	1.4670838959790462	-2.0364311047721535
58.207859086222655	-1.9904999723219499	1.1288617771111964
59.669618681922145	0.73046057092280103	2.3774743657681192
58.88829791564401	-0.84257379329076543	2.9113828289639656
58.712240025522341	1.3421543102874793	2.2230714747186884
59.363625451904511	0.075146149601772308	-3.1976015654525431
58.918887725170279	2.4885513704599402	0.71393409721142365
59.510252691679469	-1.2859082461509324	2.4129892522787184
58.298414118838309	-1.7811150796310886	-1.1723945499409338
59.900767290738102	-2.3227431232567528	1.091211115155305
59.258485395744863	-2.3465641571991025	1.5505973233988284
59.996112812667754	2.5926486724937763	0.73403037925674197
58.633479181235309	0.33738171281366558	2.207590037247035
59.867118225132771	-2.3898137929851306	-0.012366363215025839
59.418140018668808	-1.2224645831551155	-2.373684594469458
59.158636976642363	2.4876147325349627	-1.0028921282568077
59.231123403660703	-2.6701231670151842	-0.22629853605876049
58.140614869954348	-0.64170600770087416	-1.0894218885319491
58.793670211368685	-2.0267575513569476	-1.869539707396332
58.685865776392525	2.7847069050508826	1.2117585015418832
59.247769131894771	-1.4918107608889875	-2.2819288731257741
59.675762547644851	2.7402511281667299	0.98911752958061039
59.367145028852335	-0.9169631631722186	-2.5533372412482143
59.101856996536121	-0.27073182629707815	2.6772595046806895
59.220942033262723	-2.4254989938401903	1.744599829019543
59.719280384033034	2.6704331246131829	0.44615320673100661
58.941587664580325	2.2693321469400316	0.47372167154198375
59.536111738546374	2.6389936041509214	-0.20192508404000487
59.704113282713557	3.0936111907991402	1.0833367817593467
58.551036327709838	0.68177848704640276	-3.2707041958301568
59.881897871489727	2.0579260901563661	2.0401456661327826
58.359306889728437	2.3432697139743781	-0.46662727414795496
60.177844048851249	-1.1345102178628661	2.1362156557152914
59.771534032228622	1.9148507384783982	0.7679716245803857
59.895481632953796	-2.4459248385775396	-0.90294836030807646
59.956992604328804	-2.136338581953324	-1.3738825604432878
59.526205364414174	2.2672157629963507	-0.87964378383754627
59.296403296179115	1.5912280107435532	2.1636008060197778
59.304140952039972	-2.6402672042808013	0.4804886246064678
58.770533600033993	2.1480035735787473	-1.2535177711716281
59.525834991843958	2.4646671628535257	0.29725888014519702
58.655163922954216	-0.42913376250521629	-3.11482341018348
59.241072980199782	-0.55290244158002999	2.69837424062723
59.060399628297496	-1.9176500469834867	-1.2746035041420325
59.83708327546244	0.95457252444279905	2.3786435862504889
59.908160463266633	-1.5917367840358017	-2.1151691345000461
59.696616780037957	-2.7318294185530094	0.09016408948608344
59.964531859720424	-2.3500668255391668	-1.7379596377033186
58.811115034834856	0.041645869189743223	-3.0168679067316142
58.502712151744284	1.5954717255720083	-1.5773298510376492
59.767433581194545	-1.0584991066756346	1.9280200110514969
60.04862477860275	-2.172016271258423	-1.9114250175164129
59.08462302058863	2.3100480986528549	1.1380139586968061
59.210260635633631	-0.24850595506136933	-3.1034384692892831
59.284577882772979	-2.3904303859384117	0.94268805058176819
58.69575758905755	2.5729030031738485	0.30741125675722442
59.636455089440133	1.5345604699443343	-2.1990458546059877
58.494166457788459	-2.4649091841214861	0.28961831033814472
60.016114738594617	1.468286185708614	-2.5205070534728802
58.928536446543582	-2.3565289619091621	-1.3911251686341422
59.560615862513579	-1.7988377042471373	2.0296325237020727
59.112179606916648	1.3189670889493004	-2.1274401449208269
59.885050483234188	2.4556383920644245	0.21120475286199084
60.055685730757624	-0.68436163348128498	2.5642782375592126
58.763854571719726	-1.6845130583581009	2.6534825453671749
59.481438013250838	2.4032333727158188	-0.59282583850646298
58.658913588546746	0.53664315042374378	2.6714918810776904
59.019660355377283	0.22185769052057541	-2.4665051129702364
59.210912254064233	-2.1148674975718755	1.284435119377165
60.175458702405017	0.85493877139968866	-2.9040510236830461
58.568088951797371	1.1028113881424555	2.3253709465687935
59.407636939735234	0.65054139424227131	2.7584066830976828
59.191013152239442	-1.8257473637100727	-1.3718838333225765
59.61384381308779	2.7483817227317755	-0.099088809033413355
59.299302161808932	1.5080267044488449	-1.9343349619538637
58.791367025820591	1.5712195935254774	-2.14085518751163
59.805492859842069	2.1806514350734458	-1.1870708485743839
60.129973268347968	-1.5929442599488117	-2.5593555800436012
60.031600339683735	-2.4306158362278527	-0.055273390880480777
60.254601369742979	2.2524548931722044	1.4795394637892658
59.388400022094729	-0.6187526861670789	2.9225631436223813
60.023866506088055	-1.9654083562972733	1.5924550441480072
59.555423578363055	-0.34125712077888692	3.2345487500845072
59.23125589665225	-2.7507640264046018	0.0072947655593225101
58.825186818109529	1.0625254816482299	-2.5386253608655007
59.630842736568603	-2.333310923917653	-1.5844853641864045
60.146466049652552	-0.77156317075853542	2.5021343139094858
59.593205915393291	-2.4895507367186536	-0.62273141108325125
59.968760060407867	1.8355286706445058	1.9854882822778854
59.459825187557918	-0.094885814387442008	2.7652838870905865
59.081173194932504	2.2712497807936076	0.5355946022866116
60.173468217680998	-0.37147160168795046	-2.7009935070826439
58.549080728947281	-2.0359720934389878	1.0997712395917747
59.516848666260572	-1.5657659198438711	1.8649443597357718
59.855188131778647	-1.8622862012218977	1.5835177977431674
58.411155085688947	-1.7621724792932152	2.5443320019672573
58.327882758678584	1.4840370722214604	1.9058927036831541
59.367039244877169	-0.06707527574127306	2.7046932640311265
60.123642779209341	-0.22773691807291488	2.3438686728973508
59.318258764230585	-0.77522876359728865	-2.1398565774818401
59.613771843240407	-1.1034365904899905	2.3449878221604439
59.852585363609236	-2.7520589582881474	0.92643987770452518
59.603523456055726	2.540006304772878	0.18697693984734592
59.820382904645072	-1.8990373704336438	1.5743293040899071
59.152750662015713	-2.6638923501337102	-1.5166412525296258
59.148506231916201	0.18937018115730206	2.5493797050939087
59.134368287183783	-3.1147993271166943	0.59440537698281182
58.669620087644105	-2.0300227993161779	0.99706051937059459
58.804375882227774	-2.8577242413072499	-0.74304560285959431
59.559671389540775	-1.0026170636830671	2.7527877700035113
60.015518135499327	-2.3876159278764097	-1.3746038617067315
59.022513585716297	2.7284771162804384	-0.76741765749757884
59.925667388449433	-2.4295833846819637	-0.39614631312914672
58.861706258520094	2.3846373281691542	1.0520762435417503
60.040547808320426	0.44176535568624153	2.980180420840405
59.799952334644111	2.7949554569604431	0.096061594310846668
59.538776538997105	2.7788425372290537	-0.017104124251806206
60.051888544058912	-2.3639778970055474	-0.64696795438513477
58.54366071583668	2.3806081993964159	0.74732671626440017
59.39466440848043	-1.8466455838355875	-1.6955168847992215
60.063004165163413	0.66948152431170338	-2.801748407875031
58.497181198699145	-1.5917287326363323	1.9424371684950523
59.828968697879709	2.5907593114347036	-0.028655981963380612
60.189014706572905	-2.6248961065054397	0.10979998859117281
58.475362791994591	-0.24665825591381466	-2.795705106324847
59.883890119918021	-0.033600672781211191	2.9205815603884417
58.758855526355468	-1.9939507299992625	1.7813195647379012
59.558828690091687	2.1566706932406983	0.66934435099885181
59.940178580984956	-2.916202027231078	0.43503185369685338
58.512453031063153	-0.28554039845189122	-2.4204584199579164
60.142970632583534	2.6203025369161423	0.39910110918763053
59.313537564617107	-1.8697937414916808	1.5951858037184929
59.045263245148867	1.8501329368963668	1.9147770982522871
58.62066473142059	2.2512530840593223	1.6046140365419355
59.107916723549017	-2.4342485250270065	0.63104586781531002
59.29097291956807	2.7751691934250808	1.2701032373539858
59.124511840913463	1.062748880341724	-2.742784811503117
60.178889940209977	0.69748884969366232	-2.9461054047476853
59.147317643026497	0.95836414139724724	-2.5039670231429745
59.020134354975212	-2.1388991154230479	-2.075111237716706
59.494741683438974	1.7627831665477971	1.9068385702858768
58.583235765092937	0.68125343872002642	2.8333192450454696
59.047914142633687	-0.21548289446038413	-2.326172620462978
59.53067928761503	-2.2552748952689492	-1.0508131500620452
59.756121977654303	2.4573625405227042	1.4790577093071686
58.738489288899963	0.65709191232252484	2.6723920068850853
59.076608904359873	-1.5836062732097291	-2.3271472182369179
60.108236020048288	2.369602749120415	1.6845758587809196
60.086579955970365	0.082147804158949678	-2.7314704933927492
59.685804884042959	-1.2636397236446422	1.5263234125158402
58.748999420425136	0.48124397358167492	-2.2931634137174841
58.72225487915005	1.0814366955866355	2.4921659476158227
59.821544175016989	1.3577929002225266	2.2049335292232688
59.206651643604722	-1.2649838009138064	2.4639757011149901
59.487774460629751	2.0994679021315643	1.5318985123112532
59.515683064993176	-1.0493449689959384	2.0837855500327831
59.231372406574501	-2.8058924903119209	0.54879998900677729
59.606526303497475	2.2183319982241434	-0.84809366287689603
58.964944671130993	-1.729236417493957	-1.9146325159823347
59.489229911759381	2.1595665791071719	2.6708515489007545
59.542593787633216	0.65303677474406852	2.5855945398728117
58.933949341352005	2.7960978203335132	0.20550712020691919
59.498701294444224	0.63928338686160391	-2.9265351270073614
58.937854041506917	-0.93732250540219142	-2.8035731742991965
59.36335633304526	0.22139317849788936	-2.4985678663685364
59.730328306953787	0.59464051007511121	2.2349917201587739
58.554350391212772	-2.370050437024851	-0.072603474653595845
59.016331415134296	1.5790323454866642	2.2155012495332036
59.607609238433234	-0.76305536071039071	2.5262348566258312
60.010678391631096	-1.6960500885591372	1.8826602338669425
58.624291086191121	0.47970587845091045	2.5747733775753159
59.320772658352446	1.1107913701266947	2.5427091824148476
60.098018091475204	2.3846038493394723	0.40922061200342419
60.19291277394548	2.5770339387047203	-0.28222094259221664
58.90967369584969	-2.5410351896061649	0.66978822950522665
59.462921564350303	-2.5096721147765777	1.8320154838988254
59.215178219439899	1.0121482657721643	1.9058468922461289
59.491999607270941	0.67843880299797399	-2.7262469045808171
59.400698057744307	0.084040294256262665	2.6872346338920559
58.571958621065086	-1.8843136359931347	-2.3429490906254875
59.294397339737223	1.2818598815857254	2.5540010053121676
60.25845520211687	2.4379699944646349	0.58832746764519839
59.929928245365552	0.9085602316680943	-2.5933620969534887
60.037111246692547	-2.1019060076836684	-1.3424439647447803
59.031756411635996	-3.0500398909717079	-0.26213657567161097
59.580435527346566	2.5109497862518686	1.8318608283690943
59.19524684008303	-2.8209152629499261	0.29835477621357132
59.5153806884217	2.3762933744984571	0.32235580936146579
59.621778697167244	-0.41474571474812127	-2.3093223897861193
58.966653545836238	1.8213500603563364	-1.3685559761057005
59.717648659318229	0.55608864075541975	-2.7879871923124555
59.058036767684321	1.6271016748075042	-0.60231067442933794
59.978511751391828	3.3378220610366607	-0.80852931423696506
59.468429429958846	-1.6411522899708888	-1.6946988173253028
58.940792058127911	2.1836295501664824	1.4036802486996043
59.964672583913561	-0.38449592315682118	-2.7367868406749487
58.784127590019047	0.3123944143372514	-2.9898917813677768
59.32797704315854	-1.3544525161468457	2.1540317852984905
59.855201813724129	1.4314908218230571	2.115815597950693
60.140367285890548	2.7194172432098194	0.20872863615176093
58.411431703437906	1.0949080396858082	2.0018060567286668
59.315925740910799	2.4113748537194719	-0.47544278980975396
58.406519887821965	2.182357236518329	1.8275575420326926
60.053415144201431	2.6632876738738203	1.22793706374441
59.729249112782036	2.442304460375615	0.96193958403552071
59.548396558526399	1.6987932477787679	-2.1692838192427195
58.641501200770875	2.6747397313049812	0.58432159375332637
58.621340516429946	-2.5029101740637749	-0.21547950996149504
59.39745254098451	-1.554976110341117	-2.5202236237791253
59.276566319925735	2.2737544576510822	-1.2002534005136536
59.950723130563198	1.343689552325904	2.0782869475598127
59.805953052851997	-2.8491827247557473	-0.46749877652278499
59.020955368445769	1.4918142620389561	-0.72539330431572013
58.427163935432226	1.9237519638208895	1.5766798888014255
60.017571675619692	-2.632516597762137	0.50708077587250799
59.41894584120687	-2.290915237683357	1.314909330146242
58.687729684094045	2.1942403894552287	1.236817674238208
59.386391050373156	0.51021747784531679	-2.5150176323393127
59.505208023771601	-2.8840448481284886	0.72460612758055065
58.575636467791774	1.5680158029944129	-1.9378639803393134
59.015294940112234	1.9240169476946916	-1.5170354426925057
59.143184279934296	2.8660926505471784	-0.29827259131108286
59.28916994889147	-2.317785909969249	1.5880163735136303
58.368213975806128	0.46637830673298064	1.7766866824889245
59.539844575603439	2.3000489293162838	2.1777996730414313
59.490689676542274	-1.9632272272475206	-1.2442641649382331
58.453365834550603	0.555068651277693	2.1823020117673844
59.091657280771628	1.9842351645038288	-1.9157906004037275
58.650341745247488	2.6647780887196979	-1.1034927177489546
59.723566742259216	1.7431411350615564	-1.9546693515421469
59.252561441305254	-1.8281527127437553	-2.1591240891307995
59.426961676484417	-0.016375462324476009	-2.586617894656551
59.433150430865652	-2.4661527993281562	-1.5660215691379757
59.473889652062418	2.9744236749298234	-0.60767503688843949
59.589230490212714	-1.0748786630781091	2.220374307415474
58.565951028962267	2.7619771700022389	0.85344669628772907
59.785649262544943	-0.21470551741727786	-2.8061333876879866
59.372191975056779	2.7433315190573233	-0.079900840513921489
59.715561700683963	-2.6818939193483242	-1.0222914373571137
58.793387933585983	-1.2122765490066016	2.2369747743174773
59.314336210454705	-1.6273264937068102	2.0651006636200471
58.424364123987871	3.5487596817720792	-1.0810611537536279
58.828185143022175	2.6265135982249732	0.66044439188164772
59.146625763092977	-2.5896293773226549	1.1655048555524885
58.365458503084568	2.4082143382621619	0.074768453206255775
59.703446450252137	-2.5405894555106623	-0.30776720453757428
59.311685512396693	0.77932755366888495	2.5035246549255024
59.565504864414088	2.2238685665648528	1.3224313095670273
59.081410704312319	0.29642320404721584	2.3886249629960061
58.27752853051576	-1.9655100921573259	-1.689162816900641
59.08116996811976	-2.1881720872991535	1.8709569660008136
59.923446398396152	-1.6397546363593387	1.8976552567796208
58.96966107629121	1.7728912788895195	-2.012690587906119
59.08152045175634	-0.33751224424238108	2.5144662990165489
58.919567920112378	-2.6677892428061081	1.7212264370208576
59.962901304706882	-1.2007103652157085	-2.2650863401828945
59.261041501553407	-1.3878428053655076	-2.1773307865125116
58.884806356870513	-0.33855162894261986	2.8113786967025751
58.801465265950817	-2.3156425734113828	-1.5854657424066325
59.581052108917248	1.4100584241054581	1.660400299973346
58.716256725838576	-0.7295369630363634	-2.7566706077801082
58.993436641563015	-1.697746204657318	-1.9095100961552467
59.187746939274902	-2.3983203407603955	-1.0533234744354625
60.087626476127681	-0.62295813784060328	2.468731573409146
59.947505178422929	1.5786617881344374	-2.3295737471894817
59.525234372773838	-1.6261288956146338	-2.6052100096462838
59.590427814934053	0.45180159616806848	2.2247738182606138
58.84059481101135	-1.0954212389655693	-2.9761947889467359
59.255491146631073	0.76409299555897681	2.1565568943575593
59.715655613189227	-2.6407601903329669	-0.99071447242781041
58.941858117005268	-1.2083597825732684	2.4587402815263029
58.520180399785851	0.50524861966802026	2.8334913043041396
60.18703498164831	-1.0091325083745701	-3.5419663768340812
59.661292794649277	-1.7051740841028276	1.4264922477721353
60.049292880824282	-2.2609307318185379	0.57628856001016815
59.668041449943793	-0.65830384942211984	2.6364570039161346
59.640112459423278	-2.619765775698971	-1.0418863560759724
60.20700642595245	2.2236294855441288	-1.1918106586785095
59.33020827792437	-0.5734957559024646	2.0574350093756397
58.845389772206516	1.9896383663098245	-2.5423937145374218
59.553142811326104	2.456249067196401	-1.6603469771706776
59.894282905651181	-0.38736578959133172	-2.7333218977618676
58.518098380284201	-1.0685329839569073	-2.4724659978443859
59.319153493883263	1.1199542986080482	-1.7988135841073585
58.875383609816865	-1.5656420613232047	-1.7654021328103204
58.915110647299677	0.82918006184737669	-2.3970841651727257
58.751157400715464	1.5627647331915264	2.5436867665390368
60.170969071424423	-1.0037593601621411	-2.6029376891212492
59.350387651675362	-2.7611918446488528	0.59649215174116155
59.392508348892299	-1.3334955952604444	2.1653857612985545
59.672289714648358	1.7254440069917327	-1.8407217237916893
60.136461587650068	-2.7550722113180046	-0.082650360760907593
59.432253256407456	0.7405917396132935	2.6788480548682618
58.578767686116187	1.91183214494862	1.8306811135871062
59.638165737284794	-2.397369353268989	0.95499316572894388
60.22785644103098	2.0374924550691746	0.96843057886398498
58.66797321587562	-2.5352309147030621	-0.7656622240347033
58.571670279325666	-0.99825358002676656	2.2042367050184812
59.55492956524602	2.3554867710012415	-0.60415474842227179
59.850320165810672	2.7991772110326276	0.81702634737730895
59.670929840077349	-2.4806130235379902	0.89228845521421318
59.931274813660679	0.51181746486394952	2.4465285018431082
58.28060587227418	2.4230420543923499	-0.94687016384459755
58.804600845167862	0.08598422790724107	-2.8015190813602771
58.491712384631867	-0.63026042192960852	2.383903787342077
59.861434909615433	-2.7692003369548459	1.1506277483777376
60.053754453123396	1.3470002734853965	2.3140885157427382
58.993161663244805	-2.1579056167973683	-0.97619465787913506
59.39752993793924	0.5181420684540291	2.4751952076641182
59.532742046860655	-2.6822815800888016	-0.11283156791555068
59.085303984994361	2.304396139012415	0.39604609970571081
59.745493848771829	-1.3994777302344654	-2.2201749453208217
58.6578277202549	-2.3736407459200439	1.4893951048626268
59.669482267867721	-2.0843073296143912	-1.8485098762298811
60.00787156559911	1.9864546901114726	-1.5225632414071266
59.713073051935901	-1.2402548773818531	2.2624131081260619
59.464894776782742	1.2751538993819977	2.6080153503005521
59.629958429205452	0.040253941496791679	2.4447680894533406
60.054059693219969	0.15389082750784858	2.4934882993986878
59.510063340964614	2.1948263983383143	2.0371013272831293
60.076273686207571	-1.3120090336152268	-2.1669056697457862
60.174526363816391	-1.4121330031929642	2.3215708129155019
58.409847247788505	2.0868325607052229	-1.2759048519640162
59.462348828520511	-2.0537786765997432	-1.8902523999183181
59.626090343140419	2.3247928853257283	-0.82213464737479069
59.47540031911155	-2.5038308824750719	1.6105885725055202
59.484692647970441	0.15753560729956173	-2.8565292349269629
59.229242073007264	1.938981054746644	0.4351609928743867
59.593380627317501	0.99088181387740504	-2.5272955922081506
58.533819591046452	0.6444398063304948	2.5977158702799299
59.352871678817216	2.5900944063854787	0.78076111910017654
58.525295390190912	-2.008002709192545	-1.5049767953313908
59.623068588392748	3.0240067580104903	1.5986219943009752
59.621348855461711	-1.8375372982006968	1.8112845168812672
59.708633024382316	-0.45745777457574666	2.6322860540609567
58.645094325624022	0.14006272513334406	2.8842590402259067
58.954918619837493	2.7869812666066127	0.33188898876970951
59.430601845820682	0.26516788235081312	2.2336743082668118
59.188601318379291	-1.0240562799244617	-2.90477618806921
59.43251059703519	-1.7965534475311327	-2.3061733980517616
59.290740234821548	-1.2169244470356362	-2.3719028847460519
59.122569205944295	1.9451575021007281	1.9050183596801644
59.942419408105486	1.6087027504636719	-1.5497994914709163
58.529173072961662	2.7733153715893875	0.28572820369815538
59.960988123923109	0.58358907497566115	-2.4627750369200201
59.664242771720851	1.2811981140119226	2.5281321340613383
59.794981160204159	1.4509227998588901	-2.2003365682992695
59.652350998449954	-2.4384563256245313	-1.4016788916807426
59.765368744595747	1.9508002267187921	1.963020140461923
59.128038706353792	-2.5558826884934587	1.1483340175770915
60.079631272418226	-2.1794627880323283	1.1454840177280132
58.696365346351826	-2.9199805045917522	-0.3940447244710753
59.17387154749742	2.290166872359312	1.7216777585487399
59.727946669561163	-1.4536207789157451	-2.6415303262093754
59.827044608355621	1.335677613546671	2.2474223199396972
58.512408362784441	-1.5815211560204656	2.8517666084132469
59.449559397159184	0.65066810856342094	2.478324543494117
59.902190714437232	1.6842412466550001	2.1785523029705129
59.281941066184217	-0.82547268414862518	-2.7876179967814569
59.96078496308057	1.7591253711822028	-2.4010481792244929
59.619400782431214	0.23892866796588036	2.4893449160963743
58.782342872392206	0.68048578700851037	-2.2183084853108204
58.997340018215027	-1.9560352125670974	-1.0061262378109925
59.45352302477469	2.3576300827335834	0.60944591099683121
58.545432902502384	1.4042948178439962	-2.6558649390316176
58.669491075294765	0.7574790204642915	2.1806591971877589
59.410785174249142	1.7281242785641953	2.3197852517682325
59.536677781119835	1.7881534399250965	1.2404905645818645
59.569322957657995	2.3654798218943043	-1.0058051380553523
58.325869340680079	2.4615746867078974	-1.0772198372633333
60.121014697776282	-2.8082133593168503	-0.14589056834418623
59.224139052001405	-0.19046128178598026	2.8805555095852973
60.041595981829467	-0.78722036795802619	2.2779247252538277
59.31425758431687	-1.4099625216874569	2.5887934321108972
59.676285081383824	1.3846884761656768	2.0044919038158264
59.401834948268764	0.1975502247771124	2.8643229429245372
59.210210816199719	-1.7014292871403311	1.9771627828641711
59.850972475749629	2.6593376692322579	0.040815665211136609
58.257643185811432	-2.5166249647266477	0.57930826889092901
59.210333074233837	-2.6928927587171976	0.38556584189046761
60.126493390038071	0.59308145509245347	2.5710835335935291
58.744341638991436	-2.3053408086782787	0.56300786796614344
58.752902845002708	0.2388934996471973	3.0582889986167721
59.267954226363237	-2.3326787690223534	1.0558844831196681
58.830857187440799	2.4028476721288121	-2.2484319310280414
58.59528641238937	1.4058042020542454	2.7209250273304275
58.353929264637323	1.6207009282371856	-1.7617586648060026
59.316057853695924	2.1391342605015375	-1.5206612421990768
59.176234089185861	-0.08763192063474004	2.6883021508576346
59.663467835213972	-2.2840196858618613	-0.44130537104200651
59.944978511205917	0.66066709831672299	2.3651783437480844
58.556002221267853	-1.7158760470929424	1.279560247094355
59.059593668599781	2.2384277232789023	1.3826308524842215
59.696355745866072	2.16461504484352	1.3277653321119809
59.519151136392864	1.4099700976513585	-2.3894543781545496
58.358016565285915	2.5016417179181309	0.79363380986832865
58.674850645016463	2.6244090971620344	-0.2467566914926268
59.209521247207604	2.0309984844865059	1.6956661526892922
58.885688525229895	1.9861660582553129	1.5134505568296521
58.872626765848523	1.5847308405464509	-2.3533693744022588
58.551188956436846	-0.08405818846311236	-2.2883370619140782
59.978901257034757	1.8586572328061244	-1.1936119576304007
58.374166093689695	2.5230032118025343	-0.95939515189876223
59.727290014317845	-2.3097265347996951	-1.8435966069632306
60.14227233629007	-2.0301346845412294	1.4645412375742799
59.18872221420348	2.6103255072440423	-0.77799264752655883
60.10938486460644	1.3816040794201401	-2.2752644297617501
58.422515151739688	2.7341271048068228	-0.61604219744242905
59.898606482630434	-1.4755918171463462	-1.7972409859327154
59.833224345603973	-2.6493419849585318	-0.60347958402383828
59.496525424290461	-0.15816565795275914	2.4489621709747285
58.636330553081997	-1.4444324802970818	-2.3723314013990335
58.213179871526094	-2.3684310094894161	-0.58092970447346337
59.139431792285102	-2.5677567361477993	0.50951946361770784
59.871357146013594	-2.0634639560183223	1.4582219745109286
58.74110886534389	-2.5204718417074465	-1.0737085484962967
59.2327524937227	1.9512228331569577	-1.8117777447908432
59.694598742687432	-2.3141488614755019	-1.2897041155853679
58.693342574289652	0.0065677578999025757	-3.1531514502296711
58.934270513074161	1.3272686707532988	-2.1979205843666709
59.990772354392824	2.3319370261762629	-1.5584129581408273
59.756472590967761	2.9747337526248696	0.77472879710955456
59.228658263090438	1.3339426039945563	2.2857653629615564
60.152116977000276	-1.5143061897420829	2.3431288609889376
60.150477133846998	1.3276669711659128	-2.0388831308692383
58.353745622723537	1.2412928622039781	2.661416353256373
58.269795600391326	-0.5674137772619201	-2.516230460279925
59.092317195490295	-0.039251413696716815	-2.6472366469266286
59.417927855367346	-1.5590929653551895	2.1007304575081127
58.954582744769901	-2.8904654132905288	-0.27118621205496513
59.338186907908693	2.9551163713658632	0.82390007851293612
59.928665124086415	1.6380193970642769	-2.1685626864643357
59.110641059686941	0.067149454023985394	-2.8102934923078853
59.16128436274969	-1.1465297143464612	2.548791265642171
59.848579219517234	-2.6833886386362034	-1.1179846105141216
58.615185734628646	-2.8760814732143207	-0.89968669665081114
59.623280801465569	2.3913350225687844	0.89005517084948094
59.206337420116881	0.39580495958565021	2.484143899071142
58.437762471456061	-2.3238852457025629	1.8879269060918427
59.833072198343231	2.6545444502192144	-0.31304400947461564
59.574271460494458	1.3850369854381641	-2.3143164188630272
59.639676985530812	2.8263071331278575	-0.32876010615416973
58.575923677880887	3.7316765271234322	1.0919959126686423
58.369675861635983	-2.5808598128836913	-1.2887506579618591
58.745669215414821	-1.2139143139699489	-2.2154954247287915
59.895314340479125	-2.6947465104793324	0.75400131411554683
60.129617891060867	2.1413727748035645	-1.2207792241477251
58.82698094886031	-2.6846508055956289	-0.77966881899794749
59.984792581767863	2.7458209831428224	-0.053315919480590911
59.553074120197145	-3.0332307510260876	-0.27059341565540213
59.688568102469326	2.1928182164708954	-1.4038610997320251
58.881329589342826	-0.219496090245555	-1.9772418850822102
59.404032680456396	-2.4523219186443534	1.3636688860657089
59.04553683543503	2.3982787960271712	0.63728065687550128
59.736447208626537	-2.861519259421978	1.123145915470716
59.471358037260622	1.4452580629849126	1.9597013647297203
58.847812888439563	-3.4577571712072128	1.4308655786569309
58.677322764192922	-2.7042904427551906	0.4472868926004453
58.826599912898828	-0.1596187539916859	-2.6712749790848567
58.824759257507701	0.95374772989898737	1.9615704318785641
59.861768200710408	-2.6262260741207326	-1.2722489181863825
58.737055067002643	2.7740807433746029	-0.4951826347086079
59.169859909447524	-0.65987370886267638	2.7842307507086947
59.740815971991942	2.0851346271075379	1.5974450751192164
59.229572038503306	-0.97614683760941368	2.4226725204851194
59.053169140234139	2.4318909994687985	0.28154975672581017
60.077174066454724	-2.5548866888447028	0.58629968775003971
58.194330424047294	-1.1087554834763831	2.2483048474299112
58.650855826560957	-0.40394161886574531	-2.450334238277259
58.969148241657869	2.2834258628509625	1.4432512916888587
58.80634295541185	1.1720904563176771	-2.4908976141780159
59.808037823855301	-2.1430171654380237	-1.1124138358222373
60.299655354913085	-1.934907178667036	2.0242757771496476
59.404384179260319	-2.356771217919619	1.4391204420909709
59.662141664046437	-2.3170777542859096	-0.60095989106930514
59.953228014133032	2.0919473325347808	1.1943482679202388
58.644588253109958	-1.0106583722019615	-2.0226229862506848
59.276715929213779	2.1664784533214654	1.9530983376052033
59.202233275588533	-0.69589998509898554	2.2519999794237489
59.370642129707946	2.1878582230179768	0.18976010910642299
59.088124018346818	-2.4706705463058913	0.82629928010951259
59.3268124561503	0.45523535968060541	2.5432454267539835
58.754885109716064	1.9688007555975406	1.5681822316885967
59.869776314505692	-2.5745183191845089	-0.4320689604622594
58.570262005156472	-1.5722235735086272	2.5322602226278184
59.072393214064526	2.8220034682423605	0.91590758819817109
60.099141606237339	-1.8023562972349854	-1.9802931971033866
59.72029185416271	1.7131728530775518	1.9698072491393135
59.907955874705671	2.1810847121313528	1.576560403980668
58.316338545237777	2.7904898467675565	0.41349933074019041
59.066390008122525	-1.3168429572774396	-2.4678510401635703
59.174100878180198	2.4479776009572038	0.93941496506899735
59.854103194257469	-2.1323297957827281	-1.762368828159812
59.884801965838946	-3.0833313485715976	1.4507967741372962
60.040313019319917	1.2866581060864075	-2.5492472787538802
60.003637486190399	-0.29398563283943291	2.4664611463926183
59.337378943792125	-2.4832601327990189	0.95520369565694707
59.06746713810589	1.7564751264529472	2.2027262449982747
59.866934001114707	-1.9695258386281485	1.8127413573731654
59.474692982691231	0.6043257621126894	-2.3198856318307342
59.671133575635324	1.7415599972724398	-2.1786642547796293
59.144268031985433	-1.4426997966679156	1.9418637913785723
58.083621451238315	1.9524968742977813	-1.2086875434564737
59.460673174104308	3.0278772031337002	-0.1523790427268932
58.93610762778701	2.899129824989223	-0.29227856998820745
60.086234319619848	-2.3833285534281989	-1.0534866151949578
59.250383172589672	-1.8612154004239854	2.0363477667799832
59.904865880621621	0.86033622590607628	-2.1245086694063851
59.965480919993865	-1.8321004228111224	1.7621054238725138
58.650463610203609	2.2643406204686922	1.4098921974730425
59.981211037973154	2.8994220733349745	-0.88755146438044308
59.480750130870071	-1.0900823940109907	2.7006322842655908
59.993958162135527	-2.9510204566280809	-0.2900727026070673
59.732059468709579	0.6667655576804119	-2.5434905086634587
59.265276834900291	-1.4781131800886809	-2.3784341635009616
59.90304076725743	2.7735801251162848	-0.36946422651444183
58.966078036422275	-2.6877325271142074	0.1602992082622044
59.888288762710481	-2.8840235611847462	0.045297181638622237
59.115037740715259	-0.97334915289809454	-2.8143732968437543
58.914864292667609	-0.11131778238739268	2.7321935663192467
58.885184010061657	-3.0357774830179931	0.55448017516661041
58.842932433691857	-2.0287916369752819	1.5378771575991945
58.288248292643864	-3.6023832742851107	0.82410002185584941
59.964866703259737	-0.68742751619410924	-2.6182268238278299
59.887287517834274	-1.6497536841174016	1.9113676909685708
59.526087530650763	-1.4078052524649438	-2.3794612730206577
58.663068825042089	-1.4191792143217365	1.8737335900366363
59.699390615902551	-2.173383981689919	-1.6304813041634421
58.739577060737339	2.3118252696979757	1.5344105543250606
58.639870681067791	0.054490872402021259	2.6702115577454655
59.142743711791589	-0.77037569723761712	-2.5442491461849559
59.398533792355032	-2.5813215238493474	0.63649116063050792
59.510222731002507	-2.3540514360644367	1.0348094173789479
58.845039498234328	-1.8460795866085646	-1.7493037672522063
58.567087589663402	-2.7438000595544989	0.30442062205292897
58.320354933915993	-2.2639578362335566	-1.3312942574751867
58.678534017145537	2.3823728123584806	-1.5678655261622123
59.898823525130034	2.6611824826778983	0.43021606710778021
58.525212027198542	0.92623037177336143	2.1651796335792781
58.932170865759232	2.6792196562164383	-0.92070093266945807
58.914347173702012	2.6264311349302747	-0.49711325467002304
58.594415894969195	-2.1637206551097758	-1.6427025376839923
59.254067969500937	-1.9012234277206748	1.2230492095075112
58.685382654944156	-2.4065322832617175	0.54395230671300443
59.093544525866442	3.5687456234122239	-0.098033941011571896
58.442611850225262	0.12009916704609215	-2.5986747569450288
59.209057683899758	1.0432676434572163	2.2618808255429865
59.228518031810566	-2.4517557516297881	1.0648010324286772
58.846536959888347	1.3292140091783431	-2.1291932982686852
58.257809238930328	1.2895803225573339	-2.1808930752868316
58.327237096388622	1.9378493672127659	1.7230347149557923
59.993672171477307	0.63790695394235764	2.7526080705593579
60.125402984680136	0.099821692203350035	2.9107262868756467
59.422304648686804	2.8387526920748472	0.76728207331382114
58.59061355075103	-2.4795304719706244	-0.037917526835251888
59.231925335438866	-0.034892093442456633	-2.8202832949653001
58.275688035297975	-2.0459609535396392	-1.5285299024235388
60.041272519905185	-1.825993438036313	1.5931584355322723
59.473831516160701	0.59119930175253976	-2.8064501916242346
59.229804906983944	0.7845376206595408	-1.9206253357577869
59.307016256046069	0.47786983433399371	-2.5203438832788363
58.879599080106914	0.20726021052564156	-3.2179626257899869
58.484960851556352	1.3489653322925808	2.5557292527240931
59.918346023234569	-2.1780133250893265	1.2104529328515439
60.000608335106115	2.1501192782316094	-1.2533380099703366
58.440006604173803	-2.6725875483010304	-0.3045423253923723
58.730893332592515	2.8230991694255843	0.6242575715667652
58.955472701474953	-0.59303366470832009	-2.9862816521858919
59.582014154946684	2.6790976900895034	1.2203586194907106
59.950521049114606	0.99577064546555838	-2.3467635615683773
60.165048506012269	2.2794054613123489	-1.1378008806299833
58.580584578425885	2.6171580239864696	-0.11029792842184188
59.855360525254824	1.1858608214203257	-2.2923884046799001
60.054814520882928	1.7624219603053919	1.9741209032919811
58.995460801967155	-1.4207555907989624	-2.1779270183412098
58.394717946893451	1.7927692239492252	1.1276223771019769
58.449025740295056	0.4351499358051415	-2.4380171241445878
60.072117228003897	1.9913475431320153	-1.4126428156147783
60.10991951922437	1.5739616347679555	2.1196433097079734
59.198092366595773	0.66379964337260178	2.7289890063951092
58.825248471093524	2.2748499880234343	1.1682314471858131
59.7743108201037	-1.0674537075548338	2.429052287948251
59.906470589161358	0.64775034799988918	2.4307118311575069
59.050607465382747	2.3049762026202472	2.2579788740593942
59.178641769373151	0.38715990125849115	-2.3269447591584571
58.877267765385199	1.2500202847129687	-2.4790740929028954
59.602205575613283	2.0316693902770817	1.4729529284287797
59.18346004316107	-1.9241452139135109	-1.9208694452851953
59.6283957416438	0.13621716402851039	2.6721182472536569
59.807018029603157	-2.2770735214991786	1.5449872984964597
58.234615872801086	-1.5475642491198145	2.4033733996712483
58.853671570596568	0.18516319200535925	2.6089463953064262
60.091702100136978	-2.9535820764097234	-0.3378145102519009
59.015945725640613	2.1532677191191056	-2.0774312220215161
59.914773302248527	0.3294225919201228	2.5087428809403831
60.126631780854233	-1.9989942228144026	2.1096102376721837
59.527415243309093	2.6196494959442052	1.7237095685737502
59.341068099954221	-2.4418386580684706	2.1769654107626817
58.840430961078042	2.7432663630839387	-0.9584843346422125
58.697290615294463	0.33822019924309321	2.5968935230740047
59.0551857913456	1.1519061133844406	-1.9909486343873812
58.591944794344528	2.3609391366244221	-0.82212453557381315
59.369748319743294	0.98083303195579907	-2.2280584842089395
58.44720258665587	-2.7151788262006873	0.47549524113404884
59.479314376343368	-2.4990097819674215	-1.4249289219904324
58.602712368701404	-2.5078750802216727	0.38393327519933601
58.618326089357247	2.1730110358771961	0.42745214447560365
58.963076968855802	-2.5549150464002359	-1.4492921401142564
59.919543710550585	2.9736735930652558	-0.58402402452798952
59.060080782311346	-2.4457716214552963	1.0155627668546157
59.047703228519289	0.715050917950527	2.4115320045582247
59.075322751571399	2.9514095395418116	0.92430552559723211
59.924935759079979	-0.97050912091071107	3.0560797491268281
60.165717111380935	-1.3320417020733417	2.5832485422199638
59.822654719245293	3.0110521433642234	0.74584886484265644
60.008378468643237	-1.7466764010785205	1.6263459747821289
59.916798721183255	0.68303800463444064	2.6717656725159875
58.912537828151528	0.99242159584090794	2.5816015849466649
59.490955934098402	-2.2035310204646037	-1.4381570349943904
60.013143628970724	2.7004080379866129	-0.74955096683536271
58.742622444095176	-0.16753304994518289	-2.4444273892979562
58.449576114306922	-2.5270471445520113	-0.2100427457081224
58.497385331553339	-2.5176630876034749	0.8781958919414784
59.318862617466003	-2.1076559613223593	-2.3123435476961602
59.940855972328997	-0.70174720507902455	-2.7758816714146501
59.162779428036984	2.2545378722517246	1.762779750668902
60.036249898166155	-1.9744165368814381	-2.0818855306123116
60.08813891234982	1.5444588236479142	2.240937459761311
59.617566400678569	-2.0917863082045023	-1.0907473475772724
59.492827322846175	2.8327803993873255	-1.1417277051673946
59.630866924618601	2.8952089861779524	1.3679543226023452
59.039374964106869	2.7244357404556747	-0.7107947836895715
59.594867664908442	-0.39290534129928012	-2.4900027094527983
59.837837283900349	-2.456663373020608	0.76617604133602513
60.02069607044325	-1.1903406198567346	2.2577111902725808
59.661644236141647	-1.3741164980263494	2.6053801122192035
59.182933858125011	2.0052680035979278	-1.2336925700283659
59.293081824249995	0.57431861267107331	-1.8309397222513648
59.298042962188347	-1.5496218995338997	-0.65087469108987084
58.58257096390809	-1.6330328061049886	-1.9804470671167267
59.936183401943978	2.3661207797854797	1.8624011659302147
59.377202537855645	-1.8903966097953515	-1.5735533523406124
59.457776972391414	-1.5488396902882431	-2.2956552193545425
58.665317681780039	1.7251363974319396	2.7737104669983026
59.674912145338823	-0.74683656605947646	2.4815523996061137
58.811596696481693	-2.7360125120423144	1.1485921162019173
59.261066603430514	-2.7069959989839028	-0.30546375950257143
58.967645746072897	-1.5336508291164925	-1.9903883145400001
58.900603047519382	-2.2968969224932723	-1.0110432790462416
59.004161898687975	1.637738977419096	1.8376308399089589
59.000704825772345	0.12124998477906226	2.6610862329305784
58.548024647290838	-1.595708245639728	3.0419945830209563
59.706081498459568	-2.4680529243449172	-0.67329824705844576
59.81720050616223	0.68086087488613156	2.2006153029513262
59.081306878950755	0.69967255550420948	-2.2864202919788368
60.105697896788463	-3.8330899530564726	0.81764174405492485
58.578295714730608	-2.8337896957300788	-0.3808198232529979
58.771404169277318	1.3328268625679498	-2.6722578379241813
58.864342426957712	-2.5060623847389052	0.47952803942269306
59.38535851234078	2.4497697007128574	-0.21105006894942918
59.948324759763587	2.0084259819854884	1.2314709693613335
58.909044383711404	0.82391466101322708	3.2045518688760386
59.85958514721078	-1.6259214263054336	2.123082237761555
59.868892044821031	0.70524627591205924	2.4698061057665277
59.498561662048019	-1.9617589756042373	0.61599802577492746
59.319078614433899	0.017648106330124921	-2.763565212269846
60.145868204788151	-0.92247085430209685	-2.51625737339922
59.639211437412712	1.0747598786575843	2.2610192166630676
58.790329149442044	2.5126759540017991	0.41882624576972349
59.719182149483885	2.4351431607818359	-0.80807853742805702
59.210715564617885	2.0358766310572127	-1.7813593788216555
58.233094003781076	2.5917445037644451	1.5640243886782292
58.796407846302429	-2.3388732763499949	-0.23871894629775312
60.158745624101087	-1.6464403160768102	2.0172689535907615
58.641607216458951	-0.43442021041375672	-2.4884757170912626
58.715957556259426	-0.69100001014887613	-2.847080911463391
58.988248336622036	1.0525958519533947	-2.3867991373800246
59.783977169381316	1.4893927264772076	2.2229339896042819
59.070215004488723	-1.968578417651035	-1.5756128087297958
60.071746218060667	1.9506148250457558	1.7572042921768116
58.353491164424383	0.18494198924091737	-3.0158381603443076
58.897054401054746	0.56939102708850253	-1.7067359414437231
58.522235600560663	2.0129064952251676	-2.0962639500512683
60.058315793861262	-2.4945277033277176	-1.1791683424074531
59.206442568768708	0.34907740418665045	2.7571451174960346
59.097694669829274	-0.051240220737340782	-2.3539650081886325
58.962897842321844	0.15466351985912338	-2.6119558518524499
59.770750422211485	-0.18689103299069557	2.6716236592200944
58.89184587919366	-2.516170196760644	0.50478915794691792
58.830761043251897	-2.2315182726777465	-0.38175356928722753
59.988232939682803	-0.098749772054741544	2.9252886429756346
58.770527284582883	2.7268425116817991	-0.27800316103973982
60.057138291887235	-1.9280651544411849	-1.3432426743631678
59.304733377717469	0.89357877106314199	-2.4365267421063064
59.176229743797265	-1.2086898074062555	-2.5877931375057246
58.626767337972872	1.5372264086042153	2.6413563842610119
58.778139343922035	-1.8661676485545156	-2.2054133760858514
58.907342701342714	0.7865950567057034	2.2934688228069278
58.70804779084385	-2.1112686590638039	1.9369409137727422
58.518673087584219	-2.3985630783389045	1.9934438179637992
59.107028867871833	-0.68201543125932562	-2.7084266218106881
60.138259439662384	2.0589294518553087	-1.7121268862579326
59.953137170718698	-2.0481238734745952	-0.76792619094045733
59.936827374897263	0.76151974283844748	-2.6468599845200345
59.768912383986397	-2.6352649518558011	-0.068923412810880422
58.202077089922376	2.2652035432253679	-1.2135598682111981
59.399584115425732	-0.46650658051032978	-2.742885639535328
58.319541170226891	0.12307115933871106	3.2691081213053681
59.14909813082987	1.0873006980689914	2.647517480299133
58.964247008404563	0.31161563562910238	2.5905292089704597
58.867868759729795	-1.9632965776057492	-1.8840350638571408
58.721845969908365	-0.28266565658024206	-2.5834390997354135
59.156636316121009	-2.1700753128754711	1.4066078231314534
59.342348035785491	-2.1857470936051602	-1.3773260288618427
59.531323630105973	-2.4312766254624383	-0.54340148738659644
59.554256865449688	-2.9221619814068274	0.37616995152654092
59.150071764881467	-1.9881195314889069	1.9212384125945157
58.829163796857024	2.798220796117004	-0.49980531645513415
58.585607463631121	-1.7430600282168445	1.8721474298272718
58.864969605143152	1.3229797116730206	-2.1258772676569007
59.765792050910548	1.9959695145258429	1.9237024987849354
59.283297203810889	2.7250823134760433	-0.51767642591090413
59.010459781153735	-1.0447405215099657	3.0239612427277569
59.94746573149871	2.2093189826645077	-1.1342233554018892
58.65964536894198	-0.68636791101399197	-1.9361236957753976
60.170428205289845	0.13811708852114643	-2.2779520065022525
58.647961620184134	2.7455175795573257	1.3375823984984421
58.631862894172414	1.814460400333179	1.2360425884877679
60.06840632742766	1.037671677944868	-2.5315472673330532
59.353870141609697	0.93301985305840995	-2.2936595389030394
58.60680476580923	0.17942422298868804	2.6969385583697725
58.937382504820739	3.0878230436693817	0.36906462789667721
58.55239701449522	-0.51326569041213932	-2.2290751136339564
59.97824096045796	-1.7708994683574133	2.2604329013064026
59.908287742824854	-1.3269477244097081	3.1606494416916466
58.475791471466813	1.6983661094275073	1.4341652379723187
58.791929702637958	-2.3142917029551513	0.91006131015265557
59.784978268773948	1.2782186465962495	-2.3991250106844375
59.595930048454818	0.93715069886160118	-2.4885304999579043
59.249800332193161	1.0372672237154361	2.256200602240515
59.477826110631256	2.3586943887295537	-2.0455497489928387
59.190103131513823	2.6408645058179694	1.2715163818992119
59.767814114178648	-1.7839523128336228	1.5705481612349055
58.526510070672138	2.9474006646569046	-0.78159682783318751
58.463864797632112	1.1607357422149733	2.4138204313290741
60.115809338120911	0.321263063409364	2.896471356399815
58.745685039588651	-2.4391259299653374	0.09210030422525177
59.241514636854681	2.4143563653164852	1.7479875926122854
58.659600350524087	1.1668125310333479	-2.1522942735184376
58.586291407139363	0.0048375425724737318	2.6669423039691051
60.019437325358943	0.80188877994728525	-2.4100474813444941
59.960895196496971	-2.7635660175257684	-0.25577204480660398
58.94188934751093	2.8888123100355183	-0.41218111948552211
58.915794983486329	-1.9621418868432816	1.4831623660981923
58.507056287819935	2.4132525081183025	0.71460268528299875
59.470924387668326	-1.4500031695040978	-2.3292201324875155
59.866792705561991	2.1216228805629971	-1.6842031331045466
58.814204789415072	-0.24711001414641751	2.5083488001369143
59.565602499773128	-2.1915727358295114	-2.6619085450793691
58.949994436854141	-2.5162486427969428	-0.078081299710723112
59.91693869781421	-2.8178629424441115	-0.90044100712461606
59.564323189766206	-0.65792386544835268	2.4914117359867509
58.592141833323566	-1.5937352785272501	-2.3098823478776964
58.596163308495235	-1.2090824095952801	2.5368837748558328
59.257517509951519	1.8675464355590505	1.6037337603308144
58.76321177170599	-2.504331045944852	-1.0509353664643533
59.405272503150236	1.8230012085834899	2.109563295672761
58.992770009097107	1.7861899511606212	2.2282127516768466
59.535023173910815	-2.4188889263249074	0.78579704601101497
59.788203110935186	2.3849422232126178	-0.37412283964647619
59.744962041051892	-1.7537551552320341	2.031593210530648
59.864306110985332	0.51466326289190023	2.6398888566169108
59.121575723156766	1.9044994113407836	-1.9164086660387554
58.7423635491986	-1.6146766484268593	1.7972017337520654
59.625684727648377	-2.4747636665562305	1.4505068591901882
59.416135455662911	-1.7601823484168495	2.1614131169846922
59.798630242147752	2.3020119025505728	-1.4372091149845678
59.834032693843753	0.90862291586492328	-2.3364820051913724
59.747578312811271	0.045004069966405998	-2.8492628850616288
58.57193412945518	0.71795499269336982	2.390346070292197
58.569283709555386	-3.943875021389565	-0.27195741725948186
59.415725862537499	-2.5353273319036558	-0.41121210163799843
60.076122252775654	-0.3126761500231599	-2.8031964155785687
58.264273594783553	1.7819349167215863	1.6770306536711568
58.970501370441575	-0.89857296515414442	2.3510368831515787
60.128604280698724	-0.66712105269552979	-2.3720514449785011
59.181231953745716	-2.4150917677998729	1.3830834121733313
58.743301341678865	-0.67189634202598769	2.9844052103630312
58.966685272531635	0.73499218306383773	-2.5722596052691036
59.995838371891757	2.5249182865270621	0.1290160759316803
58.68029044532134	1.5646261564539363	-2.0073876610485653
58.921157108951697	-0.61634985651440166	-2.5247618658258295
59.821588137776331	-1.1396172116578278	-2.3911602905563005
58.795129849316439	-1.9408634494070984	0.020894825100838559
59.409551010816415	0.79032412472353297	1.6487620936638485
59.418861489008172	0.94766357023705561	-2.9747507309348942
59.545098155716644	-0.45552052971345486	2.9102865774453455
58.5893767941836	-1.6054216319811088	0.42254240848135638
58.722019002932726	-0.12694030267326437	2.659698644715633
58.286797601913229	2.6323208579405812	0.83715944365755934
58.813276502110597	-1.0296968938168967	2.1817438788093733
59.147677238764608	2.9896773072456662	-0.87798468273102404
58.64019855172544	0.67407119771978752	-2.3997320867880605
59.198755400395797	1.7933341123912663	-2.4426834876277899
59.165079168665315	0.10442465920225839	2.6702025888239014
60.018255465461273	-0.371372764416947	2.4482188620451737
60.025063349359542	0.82315594877791176	-2.4900610266733967
58.923669828506206	-1.5960891097161924	-1.6077465930552497
58.638746474788924	2.7059366232676836	-1.3169490609939802
59.246438621719435	-3.2342118783675482	1.8433378201282893
58.753688797905987	2.8816896454880605	-1.2731276416675543
58.483960412385549	-2.5907196505810925	-0.95407740594318302
59.572937114671753	-0.9273368122223129	2.208806081001748
59.110121243382473	-2.5961790061460825	-0.68397721274286771
59.053341020537232	-2.5639188843576068	0.11190533918207851
58.388845945004356	-1.3628321121949067	2.314466828558841
59.341691457827622	2.4387633974575036	0.33048950814993316
58.582907629500205	-2.1101836913379106	1.6117451063695778
59.479369649686184	1.8901758989418267	2.1750603271168054
59.104496904385229	1.4881849715585698	-1.9731789169951865
59.965046326806664	-2.4049080399805969	0.66610138977052769
59.700421492699917	2.3540369292996366	-1.1912822033323462
59.650184313187928	-2.0596056566298802	0.91220686376422466
58.95066323173485	1.0378588041501351	2.6152798383512121
59.035132928653361	-1.0175412553088887	2.5581444864014666
58.63552052578936	-2.5151684516231141	-0.48069429488677057
59.382070680064807	2.6056006061276924	0.52595610835995521
59.592602325783957	1.4322478750557672	2.2995097225491721
59.037872898697216	-1.3351819755230927	-2.6370081792271933
59.179894550459125	-2.1693603667888088	-1.070997554799614
59.235098048048783	-1.4956690126789018	-2.2887898996464591
60.082808524740997	-2.2557063105045612	-1.940738551777268
58.393522514595446	-0.59094572637290665	-2.8171111967440043
59.137235083129418	-2.4391955782314527	-1.2381030130232638
58.381708052803056	-0.90682667149620566	2.4539571026224922
60.00173051694302	-0.45109102878063062	-3.0877251569008317
59.380783676470443	-2.2879186045522171	1.2495302671316
59.6533387026752	-2.1142864519769304	1.492071738423675
59.865755577484002	1.2139517642352158	2.459996213857512
58.834865007556509	-1.4657488379477368	-2.3429261609532519
59.868132694185618	-2.4596571812947827	-1.3134468384043962
59.577382755818348	2.6603208988384708	-0.57570400976038505
59.99779489881805	0.35175578902729149	-2.5251218235620403
59.174023130103286	2.3805719010811979	0.74876798920017384
59.190681795512234	-0.39580292743931306	-2.4014226087668304
59.860805900644536	-0.49471492535418382	-2.7600764254698897
59.722536921040835	2.5226424670069156	0.58136473708502101
59.100616579275538	0.79066776592544386	-2.4608910658166168
59.186087522071659	-2.3126992570771376	-1.8195797170792125
58.424335392677484	0.10280019261477939	2.7204685275880354
58.467423134453966	0.79847173376965641	-2.1409551146607226
59.925744474336291	-1.0148883801500059	-2.7520303631691894
58.819382208133149	0.5202614834984044	2.4617469209322151
60.008311145103079	2.5629693463931318	-0.66200388488788553
59.421982282911827	1.8258654917953288	1.4188638178322319
58.959669442717392	1.3194295654935331	-2.3006275307015489
59.582540876127659	-2.6140938288675302	-1.4134920788972545
58.777192110478637	-0.96846825675230552	2.6772846779324313
58.950519612526875	-0.43252179165577659	-2.6233177077660659
59.43826322057371	1.9549816003487945	1.2002193312103606
59.897786999132038	-0.39769555437124593	-2.7422738096241734
59.745305927752817	1.7148902958557772	-1.7123569823799722
59.457487357809832	-2.5931034688727861	-1.1396174716174343
59.590095061301085	-1.219524185219786	2.8328312343374549
59.139872371382417	2.0078747080646067	-1.0326589289811772
59.288919175822691	-2.230219865969393	-0.75260238862770168
58.704094891884417	0.68673531217901918	2.5748972607417464
58.41236436677486	2.4434055628776927	0.42989795601130132
58.780886874442231	2.1544666365889196	-1.5311629663624033
58.686568508081891	-0.067472799132713895	-2.5831625555105848
58.914829474479014	1.9987055783239109	-1.6493097649482538
59.919018314766845	-3.1701570645359238	-0.92848598669652793
59.765652721656622	-2.6758648963676634	-0.60736981819780844
59.921824862113937	2.7703913504017121	-0.50830615562549486
59.701619026792173	-1.6575625775177252	-2.4259291677805548
58.391263273331511	-2.8541673299731278	-0.43907697800665996
59.65738768042857	2.6960429572688347	0.61561982794625703
60.177133789774246	-1.1637631768485763	2.5500405194202704
59.504178828143097	0.18114379284826895	-2.9034348967483847
59.506144189427928	-2.3206718420353192	-1.335854659706023
59.173140759763804	-2.0308977621554005	-1.7341467164740152
58.39261216479558	-1.7337420581058363	-2.549337424431394
58.450299081932002	1.5917063660924347	-1.9574661042901178
58.343546076457002	-2.657070986204694	1.0881431743972851
59.96523910945087	-1.7047324403545991	1.8047561831353578
59.034808521342505	-2.597662105434603	0.36428702942452446
59.149966763907493	1.4607453445639658	-2.0048931893358439
60.009977286577431	1.2026681727154749	2.3129016667798585
59.268624969188764	-1.2298658478695017	2.0719292742062856
58.68354029721813	-1.7673451931133235	-2.0066773655655896
58.682594386269948	-2.8223195363744669	-1.5609879649878415
59.838308201285848	2.0067201852176364	1.4274164023490985
60.03266701677753	-1.6286103822405926	-2.1708600887641039
59.733417755149077	2.2002957318129779	-1.6768084846452804
59.481119140094805	0.77131376496153858	2.1144480099038772
59.249659605851235	1.4625889585079275	2.4137749561606237
59.504287965503387	-1.5898956801360964	2.0448667481980518
60.030831671415406	-2.5568658817375742	-0.89624478637585248
59.106035374434761	1.445379339265312	2.5004268824721185
58.288846940245534	-1.1968838817928718	-2.1499751143870549
58.714819015476337	-0.48069317017908791	-2.3281109176256196
58.588491513830803	0.50434209549687481	2.4932421864218122
59.62541705179077	0.56273024134256733	-3.2596265053290892
59.986473186371008	-2.3643264015729595	-0.75795444226901876
58.907037407624294	3.0029044500777387	0.15535122829413142
59.385310618282482	0.31396944680322947	-2.5784504911920956
59.665234101192979	-0.83192092371776949	2.7193009400389978
58.574939514767649	1.1741037847633955	2.3634110717758201
60.033686368195056	-1.1499551259082559	-2.6251018522136782
59.797936501241416	-2.4098407801874733	-1.1757609729503458
60.134585568618185	-2.7911548373004798	-0.13997076698139752
58.579693773067923	2.1103168158365295	1.3374558108715453
59.993753792535408	2.3123869311630196	-1.137303922087664
59.665975840088883	-2.481425037867111	0.72295170499436812
58.461734971653144	2.3027369014814489	-1.3862497716224567
59.125472178026911	-3.4254871759013459	-0.37534373453066011
58.886785772655024	-1.1935573167758042	2.0654586298420901
59.177804700192596	1.507347806660617	2.0046156310845382
58.36537991397487	-2.4416218286792479	0.65915422220427433
58.862926360559321	1.8198426137145893	-2.0816402950061361
58.27747772392479	-2.2445067058632464	0.87881622687263095
58.559060904493379	-0.95843671432818978	2.7535086956580583
60.038710791151317	-2.5909608452839414	0.041955245954187072
60.20127661356441	1.1671532392773225	-2.5665366395716065
59.424402956067006	-2.4695343350418617	0.926227316615028
59.748933583100388	2.5497256057306585	-0.35568747459556233
59.414338604319056	0.60596090359482457	-3.1456560879280819
58.405791631147395	1.7375467485787317	-0.98881754863460469
58.412651411430083	1.6592845854702494	2.2346293273105502
58.4713645474042	-2.4764107946527951	1.3491683334288811
60.114124802197438	-0.16409668222359694	2.5882602470418448
59.069822113293675	-0.27510883787150503	-3.3214731164127906
59.968622860971067	2.4924879707460961	-1.7667873931586577
59.698796428592473	-2.3073557077892528	-0.86943180046921387
59.267256490618003	2.1171158992172447	2.2163800753560756
58.420032297469483	2.4340065538563929	1.9415215976886679
59.76310100758608	2.8621823527070926	0.2909673082185264
58.836548140621531	-2.3109333766248046	1.3988778463586546
59.33683616011276	-1.4097321401633232	-2.613809689034801
60.190228145823639	-2.4641256246397738	-0.54081639249302271
58.651433111064229	-1.2786971479242077	-2.404209035876085
59.701280026842205	2.6677402865822448	-1.1638598869556247
58.792659811845418	-0.94755160371330649	-3.0533387326845407
59.576620356178225	2.5275023730271013	-1.0235399643255867
59.567548926239681	-0.40333502044808184	2.3912173610719232
58.570329799035122	-1.9497501702049378	1.6228764126899924
60.176832956210305	1.432113612900541	-2.2049132574715284
60.119054494807443	-3.0656688532277219	-0.83680367627815422
59.314737640826145	1.2484184727077405	-2.1540305755616238
59.808634827654636	-2.2473219705796774	-0.96599902427284057
59.50414519730829	0.49901322298651224	2.494043426804577
58.843616873950637	-3.0347570507857884	-1.622263817132483
58.86057174658572	-0.89894098442744252	2.5156554199504817
59.211797485604087	-1.1470205901685477	-2.5378954112479373
59.7200773261698	2.0900705026375861	-1.8282738247348862
58.26150009513556	0.079027843037599535	-2.641014915233765
58.69840035509322	-3.0836604281874429	0.78435476823868799
59.559211105067028	1.7939062357255844	-1.919395814523962
58.382346381478847	1.3651924957872998	-2.2583302854453979
60.111426936925305	-0.79343915983305791	2.2721367056821631
59.139700575594986	-2.5555153555936059	0.89408954432695664
59.35785403381081	1.993578581812613	1.4216259475301005
59.964875568210488	-2.7010557780757005	0.18826875019129824
59.015297843899639	1.7364352493230459	-1.7528464120075455
60.143106568693732	-0.8901753069946563	2.5968418075907378
58.428017576273611	-1.6456656464454769	1.9584331229247705
59.510682074860917	-1.9052108220456137	-1.1144606074736327
59.161066553169917	-2.3112167220446658	-1.4355692471245745
59.810217718062397	-0.57645489803336958	-2.7216094827672084
59.506791579134607	1.9909182231113935	-2.0662456093264221
59.402218799827196	-1.6076545525258132	-2.0901568747876764
59.728019856048448	-1.7216180573626114	-2.3317696607769465
59.969859162044528	2.4310120229466401	0.77314434330321014
59.715389431679895	-0.38459808299331721	2.8570239827728479
58.709850380851883	-1.9358946998463016	1.2362501189277599
58.932425506199635	0.47284099906578647	2.495485847109578
59.869642923053263	2.4763796208301949	0.23961580135537314
59.040848720241286	-2.5337688336999431	1.5438011807919843
58.42786993808609	-1.5360703466483456	-0.93388042026422691
58.670565148717742	-0.099986358866219621	-2.6945879098482686
59.524597072761871	-3.2842490179362054	-0.46618644678897297
59.123484051227329	1.5545479686604553	2.7961478078241675
58.472702643505031	2.7130691868480397	-1.220833240225818
59.831893967510439	-1.2555270331061139	-2.1766562890082768
58.378069560928104	-2.2193038477621414	1.1058502287343734
58.694613894543274	0.62274829055483494	-2.6869622345557524
59.485502831641462	-2.1475386337161919	0.51195811478641007
59.089216504180818	-2.4585032761107835	0.1938288955917222
59.528791812034783	-1.6674663041973592	-3.6908560543783051
59.145737073554862	-1.1500239372339844	2.6495669735483878
59.683364317165989	-2.1214952175546493	-1.3943684358908632
58.692118305597333	-1.7903388146143582	2.0039989448581665
59.657987400740154	-0.67005498123156415	-2.4696952319392826
60.061163408386861	-0.59052665529785608	-3.610583471391108
58.844012369611505	2.3320411381234014	1.901384183452413
59.317547119613806	-1.8821997235583585	-1.7790540199100739
58.87213576176287	2.3395583697411979	-0.44198573975180339
58.961148965347981	2.3775807059561407	-1.3328181118497182
59.46426230374351	2.5772815114998648	-0.20889365868277843
58.398597794367603	-2.4758174807904525	-1.579698249272856
59.603860190171872	2.0799468123665137	-1.533469624056774
59.488401786128286	-1.4031557390381635	1.8949458627446578
59.487931711377861	-0.84109971452312449	-2.7962339151506659
60.136261944953766	-2.2377307489783385	-0.91356225591269613
58.902686089095901	2.4799891112139809	0.7473170153317118
59.107145867529198	2.4340999563611683	0.91212033093291367
59.335039165649903	2.8707461186650138	0.83928003346417723
59.27062257416857	-0.98300020982454783	-2.1024271951433247
59.775752795767794	2.6451018346551232	0.56347621034568007
59.611554746375695	0.76379712086969997	-2.2948371293504088
59.229537923352645	-2.3704841910061414	-0.41172321508244125
59.62794252810049	-2.2378791199127064	-1.8916968716817537
59.157021025172462	1.5958660645643346	2.4761820604778184
58.706827463268191	1.1069919644585631	-2.5315399387110182
58.900029657399081	-2.1593435999294863	2.4074489091070879
59.513215470090536	2.6747595669171877	-1.0473748807574055
58.887531924838342	1.7421583910679923	2.3269083878462844
58.699669069261745	-1.8946749645199819	1.5967976621613778
59.523886931025935	1.2981408506980316	-2.5870340159194316
58.239873937648142	-1.6582621879212491	2.0500594329994364
58.550701674497617	-2.6642361022951553	-1.0480503843061111
59.689039944191897	-1.4575905744190456	1.039413663333425
59.504704647896951	-2.8137404356120492	-0.15922834152847418
59.772471139065566	-1.1740932485399258	2.5786493654488938
59.748169199245616	2.6770843065659826	-0.12688398951946406
59.399380326799758	0.33934868315937688	-2.6642790746312857
60.080215175535024	0.20691459251212005	2.4498701809102803
59.789590405616792	2.6369325981101208	0.4834248848821634
59.936144388832012	1.0512149468882761	-2.7017127325062265
59.444113211594001	-0.52777525322534791	2.3932202801723084
58.466101298721398	-3.6833413131982291	-0.30980094193384439
59.340262085363157	-2.1683937079692375	1.0433146663106212
59.739141789150565	0.2263158524322679	-2.5223842155333318
59.249578895023319	-1.0853548286860122	-2.2987394302676694
59.860749581170118	1.6079062464535869	2.5111372828346132
58.666466459008966	2.0543809377632214	1.809009485462779
58.705623972876808	0.45767503655194941	2.5373466855360625
58.538813327356365	4.0516238033820393	-0.29674065485257434
59.949956101130404	0.55501593194251897	-2.5914141843472676
59.365575494504256	0.15628992338333153	-2.7261565905197882
59.58925318257635	-2.1288375259102037	-0.094685065647904132
59.170397332180883	2.2687315007631597	-1.6922126173814516
59.62022639428023	1.6004267248205672	-1.9574697605983651
58.943051166098179	-1.43823771420028	-2.2328120039637414
58.656232517885627	-1.9764948371919697	-1.5321193489017682
59.69564162709478	-2.1365626643714903	-1.3622893353974388
59.760077841253697	1.1320916349831356	-1.9517142930484119
58.765860490779453	2.3427285636351911	1.3061010366133623
59.624886836829724	-2.7326433790065789	0.60444448412124252
58.89262072755286	-1.0282415574130197	2.5149420050593698
60.038706153794536	2.2649127805214544	-1.7774211600532677
59.651682530706651	1.3486813084368652	-2.1395454056616323
59.834507844884996	0.8476733382338667	2.6950713206796144
58.977964596166245	-1.9069780035392072	1.2917321021024257
59.08199348075734	2.9526239871207887	-0.94017381846407455
59.893196457561331	1.7802872565977503	-2.2053352241900805
59.655484735239973	2.5403562832354654	-0.48016598338498673
58.92908028234401	-1.0126446513510092	-2.7177045715972428
59.474662923744106	1.5965726144705323	-1.4952345950048826
58.337311381952816	-2.3312234392123372	-1.4170107578261883
58.922006132666226	2.3520256309184866	1.2273133989109195
58.752820998960381	-2.4994715625246133	0.86285379850232169
58.828918458659508	-2.1919048411148845	-0.82583117340316692
59.164381351026925	-1.847567359885077	2.371612472664264
59.287262269185476	-2.5246579079380465	0.18094687230588444
59.315868461176763	-1.8877932045901924	2.3707912195388134
59.10895971065144	0.37867862021946375	-2.8170300162502908
57.98594974406366	2.6605217160815218	-2.6786483316291303
59.839560965670621	-1.4625259495773033	-2.128471187389914
59.672257190807109	2.3824159662636539	-3.6673600992981168
59.95702108356128	-1.8536215759930292	-1.9959602702201824
60.085226378190022	-2.1341363823894879	-1.5751441593216802
59.775764904560511	1.4042770853100943	-2.0614898798091392
59.616432178650747	-0.16463316568523195	-2.6078754204946204
59.663384554660446	2.4648541548212615	1.3635842132304818
58.552506982446765	0.56788330979961288	-2.2015400435054433
60.028355382426334	2.0975857590778082	1.4978803798219693
58.912786397412205	2.0950867617525955	-2.0503546884254567
59.21714243251855	1.5136219774847925	-2.453346116117832
59.057779148674577	-1.1344617789037639	-2.3427395646547069
59.298722603370848	-0.021886326937727369	2.5290485368963389
59.781118233545193	-1.8161150231247052	2.5239954432370206
60.081864697965202	-1.2440640715636122	2.2006028545600151
59.045657502347709	1.4076861196132822	-2.6232565577708322
58.470888167542064	2.3602416088707461	0.70104991536105188
59.370645848517071	-0.97453646083680734	2.8114817161775734
58.831401113813349	1.1397924384177343	-2.1749473608783156
58.822088640436704	-2.1489004737610578	1.1837258576328942
59.676144597656084	1.6333746398363502	-2.3719991512332714
59.638449425726492	-0.30085326367151222	-2.5565874348201749
59.993391658593744	1.920819578830175	1.8811140710307352
58.660749357457874	2.78597455021526	0.396353407714857
59.795727552060796	-2.3386258846617434	1.2396533140034203
59.564134790076089	2.5136026951600154	0.5497701763922106
59.195773498809537	1.1765262452550889	-2.8046782304652429
58.477537867264758	2.2819536644051639	2.3280760953618751
58.802767116906487	2.1068898022408575	1.3542326316286193
60.269599954793314	2.4673379820949792	1.1451970627285231
59.176986660102337	-2.0004338469076348	-1.7840794115205567
58.96795521579736	-0.72793346719429741	-2.3847718744506849
59.446082443773953	2.8772216894696743	1.0840678473036405
59.464095421978612	0.54500300616792641	-2.3242096455808943
59.92370429542899	-2.4829575424777315	-1.3718475768539282
59.599180141862163	1.9994229677602651	2.022965006134839
58.435848563496876	-1.1648682921465692	2.4776509819151258
59.410955555192679	-2.7481746994117087	1.3671343913756426
59.009714332328343	1.8170662933099035	-0.79014289439652896
58.925644379559628	-2.0220610985690448	-1.2026772720726284
59.609035221440088	-0.97322174910628401	2.3748253935181083
58.413440332380205	-2.6914234452653925	0.55376445599700164
58.302821225029028	-2.8810799644500564	0.32468045461372913
59.59806564825768	-0.79496083764558256	-1.9969914345816895
59.205538324821497	-0.056564117021064224	2.689319691590434
58.281921798447982	2.8940983920776566	0.3393985027652312
58.722483544644206	-1.5856768188605523	-2.1975020115852684
58.809118259786459	-2.3119753176184736	-1.2236545720918777
60.175723093635639	1.5753510094530083	2.234680399459875
59.57883288837413	-2.0132257320208704	1.2946860601545986
58.834199132773598	-2.6450221474254718	1.6519379900025333
58.726104412073056	-1.3319509013810338	2.0902651324708872
59.049534861140145	2.233273762661347	-1.1648530763941458
59.992656297771774	1.6622770626138423	-0.82112930366480719
60.043891558689012	2.4916735370688907	0.7943098419100858
58.879261748319365	1.8704960852521404	2.1332643750233204
59.255004522124807	2.1429435825944396	-2.14259056302323
58.545739978444225	-0.23941307823257774	2.9971796824524963
58.386738801378534	0.10439936055138713	-1.4159592629896294
59.205358092390973	-0.9357309494421705	-1.7801959176870998
58.806801985156397	2.3853586303633936	1.4235614615108512
59.651224334228388	0.56029532590906228	2.4292882155960944
58.339023737723302	1.5561859065457573	1.3743135084694313
58.475599440497945	-2.1502102684187463	1.0880599044442227
58.983685547774556	-2.6378087744062717	0.56913400875140918
60.008590317093493	0.59643693485762206	2.5067954628998712
59.202003302579669	-0.18290624309255063	-2.5810526321896292
59.493354451682428	-0.73780220732670609	2.4892735490123603
60.124584263545685	0.19376716574069011	2.8055056199038635
59.387608928071053	1.6449237535483476	-2.10174206283454
58.62787904464961	2.4537438940638894	-0.95157527024512323
59.910255435329503	1.3640908670828953	2.1854230750302985
58.703662162193588	-2.6682202113514326	0.36894089007462083
59.330469105933901	2.4392317545614541	-0.062252915239716065
58.857034024801507	-1.812503057757556	-1.9934228816958852
58.978600087047205	2.4632446924525864	0.21495636213977853
59.058835782888842	-0.27089257829977026	-2.8533386696006331
59.727192033214095	1.0553963034772618	-2.2872995088893662
60.08269874972634	-1.0050363361970895	-2.4001619054005512
59.517459180623355	-1.2578401703444824	2.7197873814293025
59.547298070037336	0.63314562993553369	-2.4884087887456179
58.521248979762746	0.83459842037330789	2.1763044563319256
59.630375170655967	2.4695587425715333	1.044751272918641
59.287467802483306	1.000805242471138	-1.8463782465673519
59.983637553739989	-2.0378003215605189	1.3569472579757944
58.687936900969916	-2.3360452935595579	1.2241104274965831
59.811300505459712	-1.1343199089975398	2.0645274122809876
59.523763429135357	-2.8635852926869312	-0.47360709670230761
59.199703808055119	-0.002014090260816853	-3.0126038775690609
58.109682620149066	3.8815073051987414	1.7019596940354622
59.747513150019749	2.0182983392903631	-1.9579230501124636
59.589276894108963	2.7711029695473597	0.42450612976825913
59.010144641918451	0.40789826376391075	-2.607150552996782
58.424063409339063	2.0001258281595491	-0.82685843166016493
59.594936120564128	1.0722135734322618	2.332683130513876
59.224289890009402	-1.6635854844810045	2.3459829705951498
59.502607515576635	-2.2029578636969096	-0.82261448625876898
59.604735575411205	-0.92182985468281342	-2.6326092873307005
59.075469873221742	2.6350325462788837	-0.50575666735050062
59.638270279200746	0.51656383316811594	-2.7107201752174643
58.990793600493681	-1.4654529400081726	-1.989242509457301
59.552816608224134	0.86871566896227259	-2.6832843900432573
59.329857546513544	1.0199612455555154	-2.7306730725436839
58.442157261079032	1.6903224953774514	-1.7023628883597772
59.906376153299419	-0.10377930825504166	-2.9900128255597433
58.483901086380911	0.027460582444626968	-2.3425368579810146
58.919127074195274	1.7717323017353719	1.3701207255943983
58.50523914206844	-0.52883320840185233	-2.7494564756195587
60.019368544361726	-0.73877645940522674	-2.5708712838458632
59.690809147894065	2.3913941041034898	-0.46900757187446557
60.080762830396637	0.81713737180333912	-2.4909876788335099
58.680267292771596	1.6629738434664199	1.4283786986291243
59.497011848297674	-2.8388548391430604	-0.4266228015052238
59.074927434594109	0.26812942911414028	2.2770012083615274
60.24608207670336	1.0163068581477748	-2.5898624130197212
58.310102423379071	-1.4286109864996501	2.6763281799722449
59.079686435243154	0.88408087251770151	-2.2158706276719515
59.861490189390771	0.048248483937706012	-2.9341220407551556
59.61139966499185	-0.067571739743310266	2.4139762353776701
58.39039111550067	1.8319239847652924	-1.8006672156612342
58.91497011566441	-0.47076566011967669	-3.0860372099009252
59.512373719063461	-2.2631202715238854	1.7597374044055587
58.976711815229145	-2.0141423007209247	-1.9757407739986614
59.095740841340486	2.6759095896392022	0.39440960999770697
58.948175781130189	1.9935420894370419	-1.6665276301116316
59.738049707370557	-0.63284427913365782	2.6574599018669192
59.742461273136904	0.5002513347549421	2.7675957349004636
58.846553253752745	-0.70027666216237117	-2.2501498447216228
59.033951537755414	-0.74497270641634616	-2.5452539015578672
59.559056967540847	-2.9735675578670064	-0.54451348130274901
59.587470723106257	-2.2414349485327159	-0.9699290121859836
58.770722328890798	1.1944602430292195	2.5130218497903178
58.310095541042074	2.8791293861797853	1.7939935243048328
58.66171127568596	-2.8308427206639446	0.060386328543749243
58.435097170688842	0.80050307697247836	1.3005988263938926
58.508799181620965	-1.9924236293338788	-2.4141398485538672
59.204493943732544	-1.0761871643304031	-2.8645100854475305
59.253335283545098	-2.8793041080140438	-0.022528124973776563
59.33958567514577	1.8450457590911875	-1.3936063107378174
58.525204623923166	1.6448573568656299	-2.1611055093051781
58.58182738551767	1.3360061841338708	-2.1584218973357161
58.959576800274554	-2.0111908419123834	-1.525211983301517
59.129021698367509	0.38352638439455727	2.6080858902452286
58.409245531998906	0.96331206715023721	2.3770617417431708
58.912118337025106	0.47816212063721553	2.4927158312878124
59.519709024148341	2.0415999884761935	-1.7022733721905945
60.041955162494062	-2.8196253210023605	-0.94897686267064574
59.820304741888407	-0.10906572828047387	2.6192690379096355
59.005407935408407	-1.7107834738597327	1.2147383166925698
58.918902607236184	-0.025736021277595205	-2.1868491322352392
59.363039496567239	2.1653841888893393	-1.2347120956090589
59.916716044124371	-2.5579668734634637	-0.23499841338617425
59.198031948568804	1.8647194423195823	-1.4534697192342474
58.399087839097149	-2.0741943053054404	-1.6031743830820691
59.123534918864834	1.4239491527484271	2.2643533198396133
59.693430776276195	2.1956185493913827	-1.0986518098609175
59.757207398779457	2.4796260420346163	1.2309739884051509
59.049856501761056	-2.7096410021058555	-0.055229797125299594
58.641617336414996	-2.5312347941942401	-0.077240631686480404
59.612186840615031	-2.2475908731522511	-1.8148539050966439
58.657047504744455	2.3414414372571071	-1.2136625695898438
58.35831353565743	2.933776232930573	1.5583358547206141
59.449311660954152	-2.3569457627500467	-0.42898506343047227
58.473451536439768	0.48879046283068178	4.8166988406189555
59.114858425383211	-1.8026990134263212	1.9960355211998893
59.308459002282433	2.2158225779327445	1.1382812218440432
58.680915041402791	-0.1121584517073986	2.6725888728572742
58.945953215945877	-2.6738880770256701	0.8941463910669506
60.214086647366109	0.023844235664800342	-2.6563514701149424
60.055005193416243	-1.9443628291293713	1.5578807379676862
59.833984682720846	-1.6870169598070808	1.9700714843797504
59.453095846095593	-1.4963884078450402	-1.9499794250201086
58.433119776322663	-3.1018039120572212	-0.98866160113957768
59.675298688521224	2.8708053666098721	0.82638140948511885
59.886019051276101	1.6556029913891737	1.9730394004715643
59.794791892149796	-1.1295590701842491	2.7560123462856341
58.465249272973161	-1.9534567558044089	2.0017146828452188
59.740770727677734	1.4291665550933224	2.0989375312665901
58.58298612238557	-0.66324715489751362	2.5247771381988682
59.359277635823062	-1.5198564375727617	-2.0275985191166042
60.16434901024757	-1.8256963067810728	-1.9526112060354706
59.107597935510185	-2.260930116646592	0.89200480319489339
58.392869196709277	-1.7541215996986641	1.4013589119855887
58.622764310621541	-0.40446431035374836	2.7854751398822399
59.86328914151099	-0.9250280422190994	-2.3251673338175389
59.094073035848709	-0.57764436205454306	-2.2854216932930838
60.034038651629267	2.1213354937439894	-1.4163695268321603
59.053215479960741	-1.9853419385961977	1.8184113180379182
58.346254653034677	0.28278140242950994	2.6902533864733895
59.991884620214933	-0.31871808847021066	-2.5921491916523198
59.232941657490656	1.6242778587070514	-2.3326449401636817
58.696440279715944	1.7749898202662309	-2.1379008923345082
59.372189479211443	-2.3710396639404734	1.6222708371422339
60.173780823597269	-1.8014259762094942	-2.071856278613962
59.305736194064373	2.9686517000850885	0.37687009485565942
58.616661123861185	2.5724079516973362	-1.5211742334250558
58.854987271234378	-2.6822157102191855	1.103128402164232
58.893656082488576	1.6360961786533164	1.93971346336878
58.727821778587554	-0.7659568919541152	-2.6959773305663992
59.865450283055353	-0.321715039708805	2.4168980730548499
58.974275433765925	3.8905955858065777	-0.30426945053438692
59.030751132755597	-1.2792405522555603	2.1465921028800832
59.924467144343829	1.4429122393746077	1.9667002174299844
58.932482242310634	2.5808135258380149	-1.2675471422490785
59.123238198301337	-0.22022878550638392	-2.6981487583682675
59.319263292445854	2.0594204910396248	-1.5627339029766258
58.728844281888378	-2.4725485127982343	-0.84018964067135715
59.502964179499529	-1.8889017361932072	-2.0530722686310687
59.772310880137148	-0.61998263560251521	2.7104636923291801
59.540568237419706	-0.48945459527336743	2.521223168537901
59.447313598976095	-2.826783517141187	0.89779339218693022
59.324181875283315	1.3577715508140042	-2.6125436324328319
59.492511383004945	0.096943525658573129	-2.4361070082393166
60.165915981522176	2.7711781048686248	-0.64049706855330091
60.02172194053577	-0.23865354413662343	2.7804611815244331
59.702264149551183	-2.8032667692475153	-0.095266691936012629
59.443141408830698	-2.1610334487517546	1.460996901962639
58.725054714074439	-2.2309143770901874	2.1017615224753943
58.354555626631978	1.9595685567909669	-1.4649242565401486
58.569033289870454	-2.741716053787385	-0.50414288408317887
59.248952955715687	1.9522490020607284	2.1620448128890764
58.711935462424954	-2.2086952063433838	1.9912640485070798
58.907475238064293	-0.21276531259142994	-2.660304197989908
58.472730182441403	-2.4492461434970587	1.0695279602687062
59.967634664369108	1.1516708175874915	-2.0612840975609723
58.925161007464197	-0.33956697563681176	2.4929107785078166
59.053651892388118	0.28350110282635593	-2.4148908558727422
59.125034331000634	-2.2522471093712371	1.5432991279611101
59.591030657150924	-2.9281998963130316	0.58100399462961971
59.703108283039697	1.6583330140570571	1.7995258285979243
58.802568417497852	-2.4158220032209554	0.88628458638211993
58.424341074439177	-1.7059709406266084	-1.7273584531775052
58.865687131712022	0.93391351126042244	-2.7187032291978142
60.027713889884055	-2.4172065309471997	-1.0282632678889343
59.422987229262802	2.6610650470182979	0.032019922794465396
58.700823467866655	-1.4436769933913107	-1.989548557157472
58.875695097927462	-1.7673165497492922	2.2781433688317492
59.64796379226911	1.7919107326408201	1.5256571715333853
59.754220531469279	-2.7990939216174522	-0.82281939121765135
59.311808870639084	2.1359117604911759	2.0881278897431299
58.862401756983218	-2.5015378354299482	-1.1466225504517769
59.28269566716456	1.8394307070971745	2.044864639343511
59.786157603733642	2.5646113026120956	-1.4912970510943637
58.444614522348466	-0.17102726174084168	-2.8208306295291661
59.691467374481896	2.341032559655039	0.57379730819876973
59.162375694407281	0.4830831087843413	-2.4214283448485316
59.770282824033842	0.36925132514886227	2.7795350572358912
58.91723588893408	2.6612100043080709	-0.41574217640986866
58.740786323852333	-2.2333616264815244	-0.85472022165158801
59.677114261284615	1.2337661427182101	-2.2960952019717742
59.143942726055272	0.63232491698784643	2.8084331450606363
58.42504580068578	2.7537379661376571	0.56520905755251238
59.146753200629512	2.8185841077964882	-0.17833712109159336
60.177481873028931	-2.0624694695647134	-1.7869695336405873
59.846992779709261	2.4281330430848227	1.2077632313535522
59.532329889598387	1.4713051774846155	2.2050597815151765
58.635598102061572	-2.2255311506842057	1.9399642118598299
58.79083297613856	0.68001753678193477	2.3688372958550827
59.082835849017656	2.2875613102155632	1.5458008877933771
58.821774632658055	2.4222817189299413	-0.098477334367598632
59.21083103571204	-1.3229108120285025	-2.0947741892676528
58.838180214858689	-1.2030789739090262	-2.6896770814858204
58.703447713494768	-1.7391758960412356	2.1378960914546519
58.974189198811061	2.6757003273021067	-1.6586326481414431
59.089443028349251	-2.5251139906077094	-1.5613762373871252
59.156436085390297	-2.7315119626256918	-0.73496202120254495
59.483254764410297	-1.3177238822514343	-2.5405928681218177
59.149736988167291	2.2452576270609361	1.5110826558943857
59.632912898013274	-2.1094985158068633	0.17846410796444956
59.237728878970252	-2.0289773287598316	-1.5927598619541097
59.818890706796275	0.52822995449565779	2.5157509075787114
58.621732145304129	-2.0676695482823737	1.9985444733536109
60.068982680005071	2.026912725744511	2.2925463289665498
59.673168069489861	-0.36067507782015523	2.7485533266585502
59.85700202808993	-0.46599645598010209	2.3544184970657378
59.519753208710092	-0.31105726238769049	-2.251168406631515
60.111655945867142	1.791264608893363	-1.9628997741891419
59.028666247520796	-1.1589529611530389	-2.1762764074736727
59.522746476368738	-1.5407909666605299	-2.0690671329370822
58.799457417455841	0.36997862936087578	-2.1986325131255349
59.209477965575545	-0.54338130408405505	-1.8996365503633557
60.247800426689146	-1.1686319733427972	2.4232486403626221
59.957461015906198	2.978783537292141	0.419763875278926
58.650698702211706	-2.5121149312283393	0.092201287547917704
59.271578002302249	3.1304221055523991	0.2517182534800218
58.45904415743977	-1.9909065349670516	1.5692461868217096
59.092269293095114	2.0543729410456888	-0.95525085571572843
59.926898926047677	-0.4905086119126893	-3.3568390816935856
58.771089330914279	-2.5084682239759362	-0.34051242033518347
58.547180154952265	1.2056831231884464	2.0011922122641201
58.486094661156947	-1.0298138101112106	1.5719465549748612
59.818894303798494	2.5080875703356669	-0.74347424496283621
58.708455726561048	-2.4169167592754932	0.65158503530348499
59.965626981934484	2.3399321094238363	-1.2086892592001248
59.799010664310643	-2.7605759629984545	-1.2582455942602713
58.599977399351147	0.99102142978004204	-2.5161831945765214
59.02161225073592	2.3695237705924121	-0.78002607222046527
59.916061531936464	1.1209475709387831	-2.526100610541782
59.014513056407623	-2.3827328376507535	-0.18995394701606066
59.430346835235987	-2.4818344153591609	-1.248715320256661
59.307061296886872	0.55864618552239909	-2.4386543876024889
59.986167563993789	2.7153695119937011	-0.69469219679510441
60.010586901136953	-2.8910011318304805	-1.0729723418297019
59.86358656481864	2.4470915906387729	-1.2430183463231461
58.804873676911583	-0.27061571994248224	-2.4169553149710534
59.207521303390806	2.150087175566028	-1.8001911054206223
58.352201254157023	-2.1332714835561912	-1.5658982917741999
58.768889189823767	1.8890161786601034	-1.6874395916647227
59.234930351565318	-0.88981364568547516	-2.1712378785416186
58.592533598264204	1.1275072745000696	-2.3027515113805159
59.852296595879494	-2.520227115803694	-0.86198565106837133
59.071169304449839	0.75135541415831097	2.2775658882868028
59.365696613809121	2.2232130036892719	1.4731867301675019
58.698678817366094	2.3561092239021275	1.0282998982666653
59.301860829384921	-2.0558342171852084	-1.2260824291037427
59.747047102196504	-3.2850810408797768	-0.5802784394495788
58.939089290585393	0.93701563966180901	2.5881053063374044
58.517111103386114	1.1555417807557036	-2.2700519630841529
58.346381959299357	-0.40379211588560726	2.379165180062528
59.53881239236717	-1.6074703006635653	-1.864812162023445
58.537691378726649	2.8249006945429294	-0.75299854572667091
58.898064950011062	1.6187863938983564	2.1316610543426306
59.273955496678951	-1.323511239267338	-2.1799113219384534
58.983749666340898	1.7416000554192501	1.7595067019960153
59.943419935106107	-0.44088967462876083	-2.9055995790772067
59.855473813783263	-0.81747443081245308	-2.5677893653070853
60.184113978028648	-2.5028858159092704	-0.79893583760458553
59.36197079402676	-1.947700376049835	-2.0125753847288603
58.997087137791731	-2.4087756992254628	0.68539908398940286
59.311213449540404	2.7373340728496665	0.36514272498236255
58.595738278936281	-2.3700518194261626	1.0847094628489531
59.672372464147088	2.3785670502161875	-1.3795690523398063
60.17721562657956	1.3558888738400621	-2.5711836623579156
58.435190733470918	-2.5544915768477021	-0.0088376182682671986
59.343386919136407	2.5217703724174449	-0.10006348003192415
59.67614246985999	-1.7070121549538764	2.4607060963728475
58.666937764281862	-0.66827421279663246	-2.236019669603575
58.705049127171137	0.92007949259261623	-1.998608385541238
59.587448375199763	2.6816751196714956	-1.1502558838624766
59.314402361819738	-1.2934204281061328	-1.9986469717942152
60.044979415468809	-0.10814326875760732	-2.6801830896314631
59.535847482129434	-1.7097220159507871	1.9918890693597799
58.868376365435381	-0.25080124364862855	-2.4367992870834438
59.883107321134624	-2.3659957402876075	1.8496969933102718
58.647830532991414	-1.9470343644308443	-1.6846416863173643
58.7728026440872	0.14283183938746388	-3.0241192441941251
59.607499087647319	-3.0936087450020677	0.7530265144700834
58.821700348040395	-1.7819363461730531	1.2279421864823907
59.284196791917864	2.8109469582290578	-0.58112685769885741
58.807555991470622	2.7839788557914225	-0.017144074071188259
59.337510158529632	-1.8183585368059778	1.8572837126100279
59.630540124729599	-0.13459553637001181	-2.0604974357923576
60.146731883990199	-1.0997421953095916	2.8962110871475146
59.068698029036852	-1.9649592271809384	1.7585950710504532
59.473915159318089	2.5791671770423226	-0.30418860188308783
59.39819152207177	2.8831886971493188	0.95292293192177058
59.433532501300711	-2.2165329618559184	1.6177345364286329
59.283439313302509	1.3775870437830229	-2.1096166079368124
59.161262329122565	-1.8260486322431895	1.8732807877609914
58.820925903782111	-1.7274729185270137	-1.2873133219933197
58.906413815909083	-0.49483250711398591	2.6525499706147522
60.180330997526482	-0.75226248398377882	-2.6192810376803131
58.925745335462331	-0.71811647590372463	-2.5087073698813498
59.476676011052831	-2.3534862181837188	-1.2414471922844881
60.070214324655026	-1.874328516904445	1.6463743260872241
58.971815789591211	0.63688363546777194	-2.6152827013886233
58.282779109315818	1.5622528300946783	-1.9929326152300861
59.764958855429079	2.1508886456878185	-0.86479870670078696
59.715501042048224	2.0573784323186679	1.3810533470230713
59.667086246011174	1.1158172924021281	-2.4504613589207338
58.487589459559793	0.83356940796567958	-1.931484033365279
58.818027998962016	2.0641973837388097	1.4377050222974603
60.217281529486833	2.6826869327607108	-1.2679774987189505
58.391052652093805	-2.3264570433415277	-0.27539378676406018
59.899570129544372	-1.4668830890792628	2.3806033681262995
58.65829522402889	2.210712799801319	-1.1160506328390238
59.96211643353378	1.8508813545423324	1.3617664754315926
59.841596921491032	0.53745930556089272	2.6556217480093367
59.486988101934507	1.1384954281078683	-2.4952524335240032
59.506534841418379	-2.2565083385161331	-0.25676433463041543
59.821559501497234	2.5335248384347362	-0.42251068037736594
58.329142973209329	0.45263765740598333	-2.7462154163595058
58.724247911517857	2.6684624278931466	-0.32423018247854513
58.643041599974225	2.437034580562317	0.34343309851950404
60.035888039021074	-1.6649129761410797	-2.1174981697380297
59.931568205803337	-2.7990210685704087	-0.28568615184286855
59.395237765249874	-1.869360689054272	2.0150588022649343
58.962376356098673	2.6346442306889459	-0.5435385632920654
58.608344741961595	-0.73206883993595917	-2.4855565219510347
58.745980609987789	-2.4413411381357046	0.58142837658968205
59.133483107035261	1.1448447754548927	2.4866439972666905
59.347576634700317	1.3049524412658389	1.9368968332372678
59.200567104481621	-0.82689126442473937	-2.5565209171354177
59.675169779711638	-1.9898869011546367	1.0447584095711269
59.459299167930418	-2.476071893141738	-2.1459975934940481
60.029457985337046	2.0045169802480101	1.2176667620091344
59.495307432715016	0.067237080484473299	2.7126543360344906
59.94714962928964	1.6625605466222027	-2.5605289119786625
59.900272135846635	2.507434895997938	-0.80385263209253688
59.632894010249316	-0.5262076025679554	2.6421310751250435
60.072569886615838	-1.5846340076239533	2.2164298889924701
58.333809523084085	1.2647300101149503	-2.7771947497591314
59.880861650677154	0.52801540532927127	-2.5757776876099387
58.839433676904271	1.3023295874441341	-2.6139483689463985
58.301158881351839	1.0620243312335869	-2.0296036302989311
59.780691339150252	-2.0537011074316998	1.3177871553368132
59.267980081691299	1.7477328103724945	1.0506856082419187
60.160492114520785	-1.4530454742332737	2.2669445413557505
59.833619295747766	0.16277924646134659	2.2361065061147753
59.308814261831763	2.2930128584808736	-1.3897381592316664
58.281217601459694	1.3171276355999673	-2.2583343277793433
58.891229952646697	2.3416356427771139	1.6120611674928997
58.530401315946534	-2.3000328567574924	1.4476697213516883
59.940776102996459	2.0648518830771838	0.40947392592222515
58.857727363547745	-1.788593362478158	-1.7323539902865399
58.636892425946101	3.6880665471234213	1.5166933440421251
59.096568946927967	0.15146578772878644	2.3212974042334293
59.508820807910389	1.7314683769651635	2.1560902880236403
59.816047406638482	-1.9797792659762032	2.2311904223708288
59.496827731988034	2.4024243477373823	-0.78484356853446757
58.827991247765716	-0.99319782411728263	-2.2568283291267131
58.923845701395862	-2.9749107299202215	-0.12105572010000683
58.723295252953072	2.3168811315885214	1.7545523700830299
59.788859339184931	-0.64371381357787816	-2.4531170633516441
59.402964821228665	-1.9609080268545582	1.0148294640026054
59.25978976963119	-2.1449384023335902	-1.4741139662142175
59.259698693350281	1.4665976586512961	-2.2440501402405948
60.230977249682354	0.93422118322534964	2.7117450294349275
58.435849598942873	-2.277719264258423	0.92035859548726806
59.662388936378619	-2.7221682052699316	-0.65016443350982689
59.409205463605794	1.1342940581122991	2.3825837879645109
58.456069777365862	-2.1656276969420269	0.89432210662005884
59.57117794213336	0.84531452769000415	-2.1490976936343222
59.368935773325354	-0.68988804261653525	-2.7211012061816504
60.063838558916359	-0.4707303383635234	-2.8968972363252581
59.227203181380453	0.48139198928136562	-2.6228390537012878
58.50224429100389	2.7308812233087223	-0.35674353552881682
59.611157096281708	-0.66309140138460343	-2.2823710348068089
59.062153722936273	0.95229178863902553	-2.5571842763802266
59.060266092151686	-1.6838241033295052	2.4994166051858673
59.280336163322659	-2.6151583652413501	0.88357793058565259
59.609517633154312	-1.0527639009108229	-2.1809541279192839
59.419865645482965	-0.83436185241668526	-2.1792549941424264
60.047274994916279	2.575061800012918	-0.1725830932733606
58.968863465736909	2.580288226154273	-0.035300904883595934
59.903036793634143	2.1572080227848192	-1.7770713894359966
59.678021172462977	-0.66077506310695933	-2.6377062433701295
59.753972292696211	0.57291358727228225	2.5942153423433001
59.909807348683053	-2.7391035034916502	-0.086630772446995602
58.961413524931928	-1.4889840969328476	-2.3934362618718277
60.070306523206078	1.498738251672217	1.5839206276005635
59.797262206882856	2.6934750363288211	0.51493045715779029
60.017089076504909	1.2340226340992839	-2.0870096293278002
59.087598082821067	3.0396776410478252	-0.17113134077684428
59.673658380467103	-0.54165438893098394	-2.4340297570218725
58.664996017324974	0.90532318009672685	2.0853625711161872
60.267632567432358	2.3229089971728247	1.8262961868700731
59.066890282293102	2.1106557820633074	-1.2692149142616815
58.452205209116535	2.4988000856249006	0.15001642662536063
59.963068797601366	-2.5820226530763741	0.25059746077032291
58.615677259945898	2.2704189981576541	1.1195021592640044
59.959555254251441	-2.6112768420070052	0.73032246390975242
59.487108839881486	2.5796818002552926	0.23339241508622993
59.984343141628145	0.07119638195581994	2.8395717894053494
58.457474449799392	1.4475662594500707	2.2221389203775095
59.166354663537163	1.2820030750501759	-1.6487621904822884
59.250122131139335	-2.2470205681651514	-0.58524688729755747
58.51244949639397	-1.1456481714320765	2.7163959668880127
58.655544286755365	2.4580809663461434	-1.1122934507570656
58.364245243979632	-3.4060471739029823	-0.80108109749804446
59.106525600005526	1.7328325344091318	2.2147924706825308
59.178689279321823	0.84562244964969868	-2.491021124444917
59.390501587191714	-3.0798528398993454	0.79816657166331939
59.661613300935876	2.4155147524377014	1.4184630626211414
58.928634929361699	-0.82658051704663515	-2.2563529170497927
58.306610856864438	-1.6175834481377753	-1.1224346934924709
59.705840668192714	2.2517267946992439	1.371194790795339
58.866169449620173	0.55180961126542849	-2.9484225657650591
59.721476587799209	2.3353392419561825	0.53461647230759801
58.790479512600882	1.2447977306591831	-2.4745387320919874
60.048113210485909	-0.57143293659597205	1.2718461439689925
58.568959508962656	-3.1925961266023419	-1.1859074451756531
59.327442798548233	-0.73195006098491944	-2.4013862418748211
60.093595061746967	-0.63736807511159355	-2.3526758417171538
59.86726453790142	2.8873675601527595	1.0931502613616821
58.816153646086875	-2.3700200453984959	-1.1292111387754742
58.896022866393388	1.6962788774804149	1.8309109800557148
59.623297362956635	-1.8865921294143402	1.8710322167567612
59.02888044316451	-2.6467201046882369	1.1114148100122554
59.810647741169596	1.7465190705697713	-1.687154871560326
58.689297233924258	-2.716258351999508	0.93406614285584144
59.115653195619736	2.1512582106391109	-0.48467280586057382
59.605627330800104	-2.4709191153718786	1.1535688560760791
59.781795632130205	1.6751691173557028	1.9912155932572133
59.338457565958571	1.4477995365228975	1.5196777181599577
60.021598612219975	-0.71177024693808	-2.7838864284722833
58.960866404723873	-0.82103129518912421	2.5732399888331603
60.155245518874565	-1.7681928200543857	-2.5443836245930957
59.077247493554324	-2.5704687309089236	1.4891340422358359
59.172644795591218	1.6980140281773159	-2.5432114837014681
59.026547523034964	-2.4806817662275398	-0.60275639278061999
59.270171684903552	-2.1676814461567537	-2.1717354326982452
58.973454082092026	0.9074164481447895	-2.4989490013807281
58.634654629799861	2.6332959676112715	-0.59826416219913259
59.934355801126777	-2.437567292306023	1.1268811098961526
59.240586257495167	2.2610250411364037	1.5246255175610717
58.350903967260813	2.5400088771615947	0.3290312043197775
59.052326101025862	-2.7940778463008185	0.26008106977187684
58.760836234092601	-0.44394130461695519	-2.2957371724214983
60.017864481305594	-1.6661635049537089	-1.9109669756667018
59.770948225191312	-2.2494981582151592	1.4863536293260335
59.009566754939769	1.0852754132388294	1.98110013635289
59.958927997146063	2.5503756417232197	-1.562234609825319
59.120140398062489	-1.5168822487088809	1.7270831068149486
59.129321705361541	2.6322235865076604	-0.51702553143214225
58.752225343080738	2.3105044939151851	-0.0931376189928418
59.965700262709618	2.7186391622170469	-0.87088647429375377
59.182473345707166	-1.4386717948616514	1.5209585234980112
58.684059078308913	-2.5725667624959296	-0.81983115646657245
58.823668433695246	-2.1711239933891258	1.2841017137886732
59.612505471670751	-2.4541556163735598	1.3892691141328291
58.633433004434856	-0.86309458442089437	-3.0970789760424005
58.267673262576579	1.9917303761680496	0.46696907132844234
59.062745546980551	2.8893329889121935	0.39273496852716916
59.720542624488459	1.199297149227277	2.5444520247462887
59.767188948292166	0.64155458582692004	2.4435651384476182
59.818813067885351	-1.7002705004717988	1.2624215441770346
59.384683976954079	0.41753096927063282	-2.4570403122133166
59.585802291732143	-1.9856418887718268	2.0537057862001955
58.856221575427789	1.521745282046659	1.5706011895416168
59.241429864338727	1.8867783810049528	1.3088103287784796
58.500862465886762	2.6685423111812296	0.13301784354784563
59.993226429314824	0.38779668019557295	-3.3325280513275377
58.395315824370655	-1.1574558340980523	-2.4745132829451202
59.575954121421539	-2.4499258292241199	-0.27997597698791954
58.578299248540013	2.3637227632771598	-0.1556548845964878
58.821232407208058	0.18660440371589523	2.4757643114237124
58.913201381155048	1.417573352239264	2.0420963838749242
60.069154769963689	-2.0358250821602049	-1.0304129254788021
59.934252055039124	2.4810684772058531	-0.61086064033906207
59.064422176822731	-3.0224987816918838	0.022381162266050803
58.942656138422883	-1.7470334904681277	-2.2951407536576807
60.013787411844255	-0.51411380764930192	2.2315344921901108
59.615150771537436	-2.7107505251688573	-1.290796385358252
58.848171996972155	3.165455266976029	-0.63252544418626122
58.460411661656181	1.8711872651947299	0.98373529424656869
60.151080800639221	-1.8498280739890376	1.6920047341822668
58.66976812418779	1.3858422140337259	2.6465958349851446
59.45383689996715	-0.012422800934509894	-2.9474396633587712
59.911229781062389	-2.4601780685334962	-1.0548233798233528
60.025506922376692	-2.4859023791944441	-0.39294002119802418
59.919762117571409	-2.4073774174781999	-0.074610485788710823
60.080663321796493	2.7456048239133355	0.88344098860423215
59.81180428202304	-1.8263947730644641	1.8811402493822973
58.753065594479565	-0.80757486858407401	3.0603752200020047
58.85709086148487	0.24721661011644686	2.4628298370514652
59.399589658659643	1.7595301246571329	1.4978152712520185
59.693730260012572	-1.4524240863486184	-2.2193321975313514
59.361530382475678	2.3838397687366277	-1.5209562644308914
58.327992062222791	2.1443049233427769	1.1215000221927498
59.299608205609651	-1.3671358841187586	2.5910926410321817
59.141439566759786	-1.3666587177351746	1.8460621491508464
59.261059480568555	-0.53879429884701036	-2.2811316818220733
59.297787834477369	1.0421328957116684	-1.9793621515423492
59.294243724465453	-2.1315783527137953	-1.8183220665689899
58.477605438797625	-1.6864505628361297	1.7295032619904767
59.830032150115947	-2.279143214804042	-1.6948292996086558
58.47407744124019	0.76050836724767712	2.3910934473471843
59.390039916732078	1.1659091258834231	2.669121323243008
58.695760264865733	1.2402757258643757	2.4988347737232255
59.813521364141707	-1.1991931834528649	2.3737405192195258
58.234996954373869	-0.74377553220179637	-2.7662442683381463
59.596508697312387	-1.8502598624474746	-1.1215009224689276
59.063224348515391	-1.7706547793387657	1.9212160520432562
59.801119662811757	-2.339556450014693	-1.3145775596628479
58.552835625193232	-1.4877326458949438	-2.3112289983803689
58.613889308822067	2.5074966016139033	-1.4728726541961124
59.332083736106732	1.3937050636365222	2.3774114726570215
58.832081637390921	2.2077398012161065	2.0353764631579465
58.651444801804686	1.9686325332926045	1.4247461782434279
58.62005550523201	-0.68126110671402984	2.3154977769270837
59.918539402582347	-1.827250083114865	-2.0415356255861568
60.238939247017193	-2.6914274786808541	0.17736563868014368
59.209443762548545	2.6988588859099876	0.31912232106903438
58.82095926585928	-0.67976040370060542	2.4580443173698221
58.865863848193158	-0.32738631810917401	2.8479068336465194
59.80798433683718	-2.5377046114802675	0.46632348040245108
60.106618929007929	-2.9082887190760198	0.25351188186157236
59.630910401820707	-3.1985186725690911	0.54405486528293356
59.632878134084898	-0.28477412260465296	2.6612105411578404
59.242540671220809	0.89352294595743897	-2.6211063260336709
58.530387328349313	0.4350853806605684	-2.4924808440158368
58.641515130024906	-0.72369296652622384	-2.3948103041589497
58.720014806325928	-2.4026458333298111	-1.1460616286307208
59.756620699535993	1.5612982042372638	2.075417174697924
59.658591957871984	1.8132299365872353	2.1005260254441729
58.535922209340036	-1.9870798122769442	-2.0029264578304007
59.323072400658063	-1.0594802031707937	-2.6271270462937726
60.037444911483057	-0.0070295304194250311	2.9210298689246783
60.15529928851651	-3.4467646726983148	-0.72708887034088177
59.827915365493368	2.6408645753098625	-0.21177921134786029
58.633191627765115	-1.3286355925849456	2.1479779330521929
58.735374338060439	-1.2564150300069032	-2.5691877614606531
59.21214343393887	-2.6613970761348158	1.4356232176094834
58.721516212554235	1.5023301094433086	2.2275540037179877
58.31766165002265	-2.2011746074760614	1.9587142716814163
58.357973642743069	1.8137479527390439	1.4413732913431805
58.617553014069678	2.111486926491974	1.2026706168552881
58.522885514703304	-1.7298841468708679	-1.883839717747873
58.836010865377872	1.3234085977554333	-2.4622630883740002
58.322347074281907	-2.7055319957776334	0.40525500740456327
59.28763813745136	-1.2420236561449538	2.4912061372900181
59.87465148477937	-1.8445396073746803	1.8446264266403058
58.35928131910962	0.62811348618647111	-2.4319458851791595
59.879187235517598	-0.85490575325181106	-2.5833849330513834
59.92367179146494	1.8060316601276343	1.8231715618833213
58.496105002749829	1.679595669615104	-1.9234708657197608
58.974286063949869	0.14138282540479652	-2.8953625034041903
59.770443850607379	-0.37254420900810981	-2.4557011446446078
58.304445525779222	2.6712043870979993	-0.073525057696711957
58.471902246855208	-2.2612720524318988	-1.1914371283626157
59.15202028241071	-2.1471724823399136	0.8754374799289818
59.167207057488952	1.2393387052384699	-2.5864822948426185
59.238652486421159	-2.14736040391647	-0.79020459526392151
58.492480430685241	-2.667630268432355	0.87915259906923748
59.667942733975259	-1.5569690281092547	1.9483295505831075
58.969364450322047	-2.7531584420830559	-0.35358295776694532
58.77028188585281	2.526449399505057	-0.27260139780499165
60.031650611237033	-1.8298784372618526	1.8284167536111062
58.337890074863338	-0.38981918773311858	-2.5239712529690479
59.316059914860929	0.18809196152544091	-2.1303258218496435
59.532023395275893	1.4270936006428248	-1.9011905948899679
58.760728357781872	-2.1916510719146198	0.81166290982329181
59.527098893394388	-2.2473984237224918	-0.3863800523147366
58.38959029379501	1.8749025300514872	1.6935484084880517
58.435255069508344	-0.28850897002804154	-2.7938918243302688
58.438070954851938	-2.3325899935072276	1.6623553378320093
59.664175755619574	2.0170420801874398	1.7763256097570128
59.806192261659405	-1.9380862008869548	1.7236654897987758
59.882868239473467	1.627741353416533	2.9742658776578943
58.79534417789656	0.8108224738788451	2.8166408620342329
58.326141132170513	1.3656082546210302	2.1002695982553603
59.976851309999127	1.57785619042576	-2.064233669673345
58.905280758781409	2.6343761042208564	-0.87987949023817047
58.387409728096728	0.78608775129996544	2.6696055728963675
60.061033486106872	2.0060985938141038	0.69922780467380174
59.160884657043397	-1.355703233413901	-2.0133281454819856
59.204385062967489	-2.1015672275412416	-1.6383962474446399
59.267114796952882	2.2882643369282918	0.21361570176193123
59.958976791047817	-1.0917663780720543	-2.1861778333383031
59.381903629206434	-1.7947513754540791	2.4000280268061047
60.002803342308276	-0.74335834375176679	2.2865420912640309
58.624578505600326	0.96764247449444651	2.894282065606379
59.447316122175366	-2.7143861593874723	-0.026236840069016013
59.44198832165231	2.5087886397033921	1.1581791747284491
60.07620749824612	0.059896458657859232	3.1442538351598595
58.993144014997903	1.7453808613926958	-2.0294660924877963
58.65749778261938	-2.2031268795801164	0.91037376729924213
59.935800019821016	0.18995307415124468	2.5906861002112684
58.579019897216575	0.48184206879955488	2.2693433267498038
59.407193545476751	0.51421571401092403	2.7005979581647872
60.016160933661695	-2.0461728678554185	1.675537438237382
59.376460642268199	-1.7732286287139716	1.983934902543703
58.449271794009341	1.5838857790783303	-2.1224056615836546
60.002803925731612	2.8036807770145886	-0.49316796473229824
58.318042445562803	-1.2613851192479324	-2.061783041676946
59.902489140422858	0.86285155830823745	2.4941552708153161
58.713842930032499	1.5332838881014152	2.2855908918871464
59.621608005842219	1.6749538200222041	-2.3657284212292646
58.836623309631555	0.62164419219450884	-2.1586938785758152
58.731758527767028	-0.63138313878771413	-2.6330239092768251
59.039183231164102	0.27749788650969043	2.8475572462607586
59.757844956942684	-0.70150796320603181	-2.4672188844016403
59.320442305752749	1.9154025160366368	1.1726675689220014
59.932678288152616	0.54050220052094156	2.48512448568713
58.690748039651879	0.88118141624333368	-2.4229572252855527
58.66822101020626	-2.7520856246339962	-1.5538486101275009
58.501176236600593	0.94899535776848964	2.2659913910331446
59.689141703259473	0.81055599181804006	-2.8469867105274154
58.272500705614689	-2.099681066945986	1.180379033263379
59.435705946753416	-2.3626714562985218	-1.7210060419421973
59.241892088964413	2.5054438557024414	1.5212667821747075
59.86437375467689	-1.6773861875807867	1.3627701932310989
58.645489773604695	-1.9258671679401733	1.2408627019862297
59.69833326773098	2.589032732009859	-0.95962699896571979
59.854545749406853	-2.6460035290110193	0.96934630526873933
59.304639196300762	1.6274222878670555	-1.3626428058670976
59.012881291731496	-1.9007689755810966	1.9460993071907569
59.442166719939941	-2.1387811308135127	0.88134806375270647
58.90591872461799	2.0897266066639566	2.5889069024427824
59.271598006948004	1.765185787800462	-2.005284651240351
59.622751848732193	0.75785477378452482	-1.0759713236080346
58.69743428487606	0.20895098355645195	2.5566386559569709
58.732737267494372	0.57452200619228555	2.8416252132656918
58.958174310813398	-2.3848915234636641	-0.55571166241183378
58.549989854986265	-2.13457145834438	-1.7370796468911811
58.396202994813144	2.1539109364897513	-1.7640047049976646
58.64711670957962	2.0514169462722793	-1.5628609404541149
59.765573446622291	0.20036987999427669	2.8117699448814508
59.266320100327405	-2.5389820214503325	-0.93675954571531461
58.811222627624112	1.4252532705385386	2.0438097489489304
59.370538415354325	2.439969289463555	-2.0552919160981715
58.538926696680775	-2.7188664816483823	-0.39884882798802695
60.025956785454923	-1.6841597999228208	1.8490942109552513
58.641483750210121	-1.0796990756421159	2.2702036984615366
59.404128123137141	0.90798524289221827	2.9189638376634264
59.598317230275576	-0.24736661109593	2.418766824472951
59.840974976878478	-0.54971049634773073	2.3933453801078794
59.609702050844625	-0.35339371265597586	-2.5550845234065287
60.22404465310435	-1.6509496942607813	-1.7306246121645725
59.049912578302369	2.8022886788813413	1.0285597919904785
58.900139860476443	1.4494135457503965	2.1540637475009019
58.745421972063738	-2.4745600828672045	0.56034021451357918
59.175149324267103	2.2515635355347645	-0.85752433019848473
58.603276995411484	-3.0600842058060471	-1.6740219216719368
59.214535258969796	2.3331253282296127	-2.287176662561567
58.679275124426482	-2.9438015039361791	1.4600217130518607
59.58194301820599	1.2875362480310522	2.109206740424503
58.843842566487218	2.2066265184114848	0.795836009401509
58.72186091793251	-1.6599337327727726	-2.0709841120147048
58.204311498795256	-1.2826491195254472	2.7587329512449084
59.193514815666902	-1.78111989141182	-2.0261527229845466
58.367984403724883	-1.1056947788806832	-2.3091539711787283
59.731414903732166	1.7328514727220898	-2.396887384570705
58.562724217288739	2.9327331362895479	-0.018301651417946374
58.464163988975251	-0.46949956006674026	2.9710953487655871
59.947746806342195	0.81303881725214133	-2.8043693995677925
59.950971124808476	2.6804482397800049	-0.19309664611536032
58.531260868750159	-2.9796246419380759	0.23421685133109094
59.723619762487147	-1.9237184838067038	1.4309279891462701
59.413361983881508	1.9330869621164477	-1.6898972876199054
59.706468792578463	-1.9321733053818007	-1.8841296419069982
59.286621500639235	-0.52434211342010673	2.8718235382612209
58.574285402950643	0.81631804506542971	-2.8801597901158722
59.046122613218301	3.0872214006423251	0.24080023948362397
59.547424075393756	2.794719743486366	-0.28935795141832649
59.314294509206412	-2.5626021441258353	-0.021600329037370469
58.846010795832598	2.4872460771065756	-0.99505988615420182
59.345705620135192	1.6295944790014054	1.9121641802566243
58.828378811331596	-1.1803580185095293	2.3715024779506861
58.540876549752255	0.57489761452864419	2.6088959233395914
59.899432989919035	2.1748721130819235	1.4783040548255122
59.086665926741482	2.3935491662641817	0.05196918244629866
59.467954941746207	-2.1042401502351331	1.7875838856919593
58.731287548233581	2.4892950801017077	-0.038953910760918781
59.117349287479868	-1.5508104688716171	-2.3468309958298605
59.609554576336961	1.3787978643730814	2.036354142431485
58.630999310534783	0.6480087649525198	-2.2201196014357687
58.829916737121536	2.6301215883354554	-0.90049511462402032
59.499130692647405	-0.33610699737247773	-2.5041133163573068
58.909883076381895	-0.72040673555739987	-2.4021552930223398
58.952198218712915	2.3627094683736587	0.93868056631109609
60.227218282068044	-1.6640953931102336	2.2766923979324902
59.300926412211346	-2.4212455977716454	-0.039650073858576884
59.764565362309327	1.7419967502262022	1.6227229304605353
59.507549730480918	-2.6735644474168456	1.4329577160201941
59.428151633420427	-1.5009669669247625	2.1377979587257903
59.378012129915469	-1.6961633594939505	-2.4012824188918049
58.453242617291487	2.2676694651271347	-0.7242592090271508
58.976278769560437	-0.13756055425615676	3.0036778014343075
60.009158599856697	-2.8001180046677976	0.53593795760769503
59.993940403206089	2.2918948136017145	1.4946531921949691
58.482968594691371	-0.47816759100034667	3.1476939652566096
59.38272870389968	2.9167508281469257	-0.90455638368773772
59.618632775985255	0.056646910335533623	2.5185438755933371
58.704057579910142	1.8662380535617358	-2.1946295611839353
59.021157413511411	-0.32428059630697859	-3.1373839834546517
58.814337470682084	2.644601497091982	-0.5015028158711029
59.988502901086996	-1.7607070609570896	-1.7946784503413842
58.471432728217003	1.8675585677559721	1.5697444987335216
58.400914290220612	0.73774534713824758	2.4221993698900475
59.023361234603883	2.875854338422795	1.5426622091092232
59.239192171039193	-0.0045341186556117864	-2.1263010520870158
58.855230728154609	1.1484798888234955	-2.577875516526154
59.282756182547018	-0.28741747462525163	-2.5086769902674924
58.384651385183403	1.8913911479291194	-2.1787659450813202
58.925192496719148	1.3276654123480804	2.0899806643219594
59.45616787103075	-0.80143338742601622	2.7047724534310102
59.294827789689855	2.6746731229655181	-0.57113506861853769
59.28125847798978	0.87314141779105814	-1.9622145429937361
60.18321630233195	2.6090563740405956	-1.4590742171222304
58.901728499103797	2.5512574733087581	-0.67814844610638514
59.582331353913453	2.4601556035411125	-1.6835218992763017
59.437680804949203	-0.94786525778638242	2.7586466133209435
58.61224960798522	2.5159498504280595	0.90444686051360368
58.889073506981774	-0.097579018044194749	-2.3541851721218405
58.312192799392662	1.1852003886297162	-2.1345572674642783
60.033491592597038	-2.3758561395528144	-1.5384135630906921
59.195415765438383	2.5094253699288447	0.53250080192913563
59.477764003211917	-2.4472902276458512	-0.93641547092396227
59.754930721966872	-2.2427857363034187	1.2168460326040438
58.405894612241021	1.387919022628548	2.2353997412720417
59.465449449780799	2.5388753269455679	-0.70773133599007187
59.370223661981825	-1.7223702223143407	1.9406278317432326
58.230295325945896	-2.3755245343680218	1.8257366660611698
58.743720645551583	1.3291984385499773	2.194265452006134
58.704616516973026	1.7553019495154818	1.9890245385485497
59.285412285089187	-1.6571138398325926	-1.7384195070094146
59.41218004542722	-1.8643417323907781	-2.2153101945505607
58.999022491198403	2.2171599002666937	2.1846946735903625
58.762045439687597	-2.6280407359424687	-0.096929381117585367
58.402385440012267	0.17709771270587579	-3.0174665971051668
58.720681366677915	-1.8943988733516657	1.9368485448220696
59.937889843156704	-1.2394790426535125	-1.9289944677837163
58.656846789112606	-1.2950728214517899	2.3745082860765985
59.508106765436409	1.594239018438814	1.0638755818205519
59.851590284052087	2.8251249818596254	-0.082551215551642423
58.455449271831114	1.5549449762399865	-1.8695822341770687
60.120630357245851	-1.2404993066124155	-2.4875918576928671
59.198195466809082	0.6606838851460719	-2.607551849520477
59.506960035918823	0.11678601985447265	2.9121030793236296
58.641406668224917	-2.275430319041523	1.6022100808327084
59.79257458017107	1.3078123130779393	2.1996173445649982
58.836280032977982	2.3472998258990492	0.70638453051108097
59.040423118048395	-2.9709108021272765	-0.40545528653495311
59.348810188703297	-2.4093689787986703	1.459447453117124
60.076302623414506	2.4295517124882684	1.5850188128105736
59.852550581945948	2.3186428482188814	-1.2902256606863252
58.628238678879192	-2.61000696687297	-0.67942563548000423
59.097839600310465	2.6923014302899957	-0.9828002335003293
58.448251143422866	-1.8466305278289283	-1.9290057295261394
58.512421725092395	2.9419644493511994	0.30879655036588727
58.767317839853064	-2.2275856458240244	1.3907833577401003
59.707682095790204	2.4901630011501497	1.1842388564354349
59.493097077988452	2.6743957583892279	1.0482160569620342
59.636275270607982	-2.9841116246899841	-0.26488610883803138
58.697043087783499	-1.6690304950339474	2.0684654370645741
58.212604718828906	-2.2338778336278011	-1.958479874863392
59.68934230398105	-0.46161617303934455	2.6607357396851388
58.935706147136663	2.1701628970586362	-1.674196173591616
60.12739792027341	1.1808071366476987	2.4764972406945569
60.094150369576703	0.97003668015652411	3.0561338879505966
60.093933458455382	1.5876760439441091	1.9923483582357207
59.449175456708396	-0.81661116227783137	-2.3719362445611711
59.436938627618275	2.6247108892630715	0.47687247618986889
60.216305946677231	2.694045494592372	-0.38497426676292856
58.891083426321018	-1.4699123918934258	-2.2294277285054545
58.491576562845744	-1.4990851351055547	-2.2251996616850467
58.835161845230488	1.9949123616277222	2.1784427470409993
58.429441099624739	-1.2560416734667004	-2.2251474978512951
59.005095416539781	0.02965904992367838	2.7896354273404103
58.500779667009162	-2.5710416019757418	-1.143203343136475
58.340904727059069	-2.7569125284599587	0.83030353196873852
59.054554411326933	-2.5229200295274263	-0.30091556270672837
59.504509658305544	1.918803251093804	1.4210431902274292
59.457818353698521	-1.8897594825275021	1.3838962009123197
58.919637713745729	2.3134705727541887	0.7821463851818905
59.546747705010603	-2.5520443090726697	-0.21728497668611207
59.013344968575247	-0.6370828645540404	2.3493826306869035
60.223985225705057	2.3359757241410941	-0.57149186655143014
60.05893213937955	1.8388004045046034	-1.5088483218562561
59.473371293579298	-2.2254435150108165	-1.6904055698506346
60.078862690285249	-2.140103966245086	-1.8667068094367871
58.335052406934459	-0.57307960189361173	2.339962855610628
59.591862219456772	2.298736767685126	0.88611844573626231
59.165835927577014	1.5922665279813455	-2.2752901921498858
58.990404958940559	-1.9592481850096226	1.8137272115732488
58.87540227755261	2.4531099986099942	-0.37033883594346217
58.320141421440937	1.6388620868673673	-1.593449778252948
59.722187598097868	2.3913311913063371	-1.9626811266980728
59.967420749551522	1.5388640343335069	-1.8341776719232905
60.142561483826668	1.0756827568267227	-2.4530904742240276
58.948579578938599	-0.87129023948132522	-2.7258978852511913
59.643804390661828	2.6781602280455057	-0.52339095672621982
59.043045336738103	-2.461513019747974	-0.42707643890961705
58.710082168973187	-0.69310371557494133	2.1913645957479155
58.85598938291745	-2.681446172323104	0.21386739772685864
58.318315969948976	-2.1003560400862464	1.6877691536429937
58.528104227140837	-1.6143428080780868	2.0824331136061636
60.151865587070795	-0.99206793699211493	-2.3831278724416283
59.606372850934591	2.633383216497212	0.18217588908203863
59.338946785984206	-2.7284587267472031	-0.86631924736760324
59.088610239287782	-1.2016569269897077	1.7961773467436237
58.944061971543505	-2.3533269511610344	1.1493522671461887
59.225505579116849	-0.80393626531418028	-2.2749389548002505
59.791959352974018	2.3065239462750036	0.79192103407932657
59.338668807890606	0.16937899151479421	-2.621320219438442
58.339727540813534	2.0322263489967947	-1.092094867924758
59.839642215565995	-2.4779589129853137	-0.80986851737847787
59.957871013421247	0.056499370384667007	-2.4610580236537816
59.097457387613062	-2.4457727077059936	1.4848549586436148
59.551012381384218	-2.6700499296639744	0.68992688545337599
58.371587355719221	1.8186984417635592	1.9518377273325267
58.835838405552686	1.1258378133670204	2.8777656547671517
59.489338380584392	3.03208052266057	1.1773701271275805
58.354191676651553	0.616062515311808	2.3373194009169245
59.412290211790967	1.3600607868464316	1.63145750892448
59.357348230683961	2.6001904540123117	0.051160888447443591
59.146337298654473	1.4057169731608785	0.94301635744919654
59.92288260640958	-1.7331692986034373	-1.5172605543654543
59.428331821596089	2.2016825703414908	-0.79006285452176717
59.743835621561445	-1.6505964767132795	2.748230851314605
59.85612403724889	2.5928793742626675	-1.0090040017132154
58.583341596281983	-2.332983092025851	-0.69375974318844735
59.109799943981791	2.3575992626297331	-1.3552978681639289
59.614534334159927	0.81070325810643018	-2.5472783467845974
59.732505641961993	-2.4727584426107447	1.1248258476313342
58.856400635526825	-0.14171629541859415	2.7518560228625955
60.035422644878636	1.0746029247307576	2.2917212568747605
58.933180116018889	-0.73074990484489266	2.4007007271689798
58.689167836987451	0.74212601200126971	2.8450161480019487
59.249615251824835	-1.7515373572705411	-1.9825713409458128
59.849044400188987	1.1352154827887266	2.4148926688063339
58.566983830940337	-0.47335106447752517	-2.3611067241994665
59.698688170075755	-2.1991906883808041	0.76597484479796996
59.429554058429403	-2.362123851921857	-1.191560688438533
58.585180147945891	2.1090228452155144	1.133697867564246
60.150490024026283	2.638177800510018	-0.29136332708195889
58.926168978933468	0.030587255531875371	2.7396946980751671
59.707338584065369	-2.1352916684819991	1.8765869731029272
58.628618019124758	2.1787354349322157	-1.6245737321706244
58.5135838378758	2.5367625697422	-1.1225318185631297
58.370522896074903	-0.39950601651947643	2.2042559872200869
59.943111730374625	-2.54347299650557	0.31541857710133792
59.15498772186605	0.98909779245174723	2.1290070388663649
59.01490675934906	-2.4315590176727069	-1.1584714005662227
59.1324667617572	2.5899265599978345	1.0995139498244899
58.677010512026314	1.8616421312560212	2.1473750971719721
58.854804850056411	2.2864370728770007	1.3189571416476213
58.424732313317783	-0.61012812638100378	-2.4766582642792487
59.770616090175622	0.6326538413489784	-2.5361145308200177
59.345741856796565	2.8767403193831855	0.011262170108502388
59.785282125597362	-1.6609843773483817	2.1394287625709141
59.752013887761393	-1.0688558547983749	2.1596064285118635
59.220666422731469	-0.60316981000123826	2.6563539017769928
59.142734003383573	1.0786510602963224	2.3023422595476082
59.426844149463768	2.3868545388204421	1.6998535029445847
59.174665501086942	0.1604482590533457	-3.3388802442976453
59.791675000784196	1.6960286441159254	-1.9587357139334183
58.879252810987005	-2.2263204380294628	-2.0904497222863307
60.165946347145585	0.6131976354693387	-2.325316486380701
58.415624932656456	-2.1626639784982205	-1.4375062379480206
58.429904236715068	-2.1239950548048041	-1.3527360177181389
58.895475402907088	-0.58003513968543496	-2.6949786323551757
59.994840648654922	1.7185137938566331	-2.0829570828294961
59.332050517960987	-1.6863424515639258	-2.0091959387228084
59.808283668243355	-2.7164810190990583	0.71539333067244526
59.559610646023351	1.2166590535743715	-2.4505256244148694
58.909670721655807	-2.2502567210512128	-0.81977772062338339
59.32775559466274	-1.9088669317682267	-1.784331280502047
60.236737700976718	1.1945990046015158	2.4329259997675803
60.272073027375257	0.17018232237665062	-2.4913001650498465
58.988646339773602	-0.70622512740419607	2.6428338293326963
59.869898628442897	1.8794467970239617	-1.4551431810920099
59.996697318070375	-2.5189972597496468	-1.1809246779603937
59.994276830660745	-1.3381296394175677	2.0293963749973707
60.112479065591224	-1.7868208687360232	1.5985053624277799
58.864243762706707	-0.70400532507925029	2.5538418454488703
58.758901869286582	1.4316615633678693	-2.2138089540306107
58.627673140225937	0.52900561882790631	2.3126106059367117
58.507384094153963	-1.8225899046693808	-2.0759068754864609
60.117262851364515	-2.3720141774623937	-1.1708938884702393
60.096844475877823	-2.1638162129065837	1.3499044141810688
58.460018900120453	2.2716016493621614	0.91074388782395743
58.473610425040519	-2.456029366163242	0.13615356323584007
58.918299036617725	-0.057636825196135943	2.8446325251150406
59.758879642289031	0.91519202834996072	-2.1877761087655436
59.717842427491725	0.94109092928893601	-2.6317067759492869
58.780977702076974	-0.47568805178792406	-2.3807744717578965
59.371686194858661	2.5911352835077288	0.40508729116752157
59.415642317366391	2.662899017851704	-1.4906171106033952
58.390292054817266	1.2378052896011453	-2.4817448827011375
59.991737657363274	1.9016427110126553	2.2693598690903438
59.04295199299851	-2.5497148130606591	2.1459811196053535
58.831035663842506	-2.2638622835771089	-1.140603794971059
60.033186025093705	2.3841364871437611	-1.237642755778656
58.522343885520733	-2.3361179706505033	1.7852679544043797
59.744746628710161	-1.4930012546741807	2.0352388611444874
59.768410878112249	0.10953859591791774	2.8474412862612772
59.193813540348195	2.2232865992116997	-1.1122203005732925
58.407215349330471	0.56681409775642222	-2.5253396272728823
58.868633977074133	-2.506077844566228	-0.926146964952686
59.652984677935741	0.18836350204269142	2.9325518673025996
59.128110807489236	0.21379819570605643	-2.7054445954594595
59.382946947431329	1.9320494106160102	-1.6167453158330103
59.521393040544162	-1.7752858397207487	2.0305628384969387
59.875777771218019	-2.6681772779375366	0.34378858593632494
59.697702284676026	0.72698270797595899	-2.7919848963233012
59.034127922437094	-2.2035331914344933	-1.4668998609571673
59.465914513124432	-0.30779137849701493	-2.704650410332075
58.989146810864739	-2.4329524735655821	1.1163317367022645
59.280642427917343	-1.1766646892673358	1.7451976849123343
60.027891504195921	2.2148109376130716	-1.1530533213905574
59.569709546362397	1.5245025927890763	2.1987530879315806
59.683966262075039	-2.7776028238131252	0.45817233843489097
58.414391787521645	2.6538932655079019	0.64559459374989114
58.541780431156276	1.6572065283338548	-2.0112130774235566
58.699462193110179	2.0239355115243733	-0.9315600550330303
58.819938739161472	-0.37573480472124765	2.9116580704498198
58.813962994240285	-1.268780080435211	-1.7917497526196626
59.915181539644848	-0.6024100179287063	-2.4406484920042164
59.218360094923881	2.4675199859145391	-1.7701241567947512
58.575851469764203	0.31469751264347767	-2.7121095579961518
59.493837302141351	-1.1559369694444095	1.9893128186105615
59.347154003565656	1.6582603473979065	-2.1709393775708481
59.324009416474659	2.2829645948171144	-1.5248661757414008
58.596912439144226	-2.7105218741235086	0.8154874809674808
59.620153047232087	-0.088377278672414988	-2.3628764811717096
58.814432531221705	0.8175675403442999	2.1702884899530654
58.217834045114458	-0.15240012228280184	-2.6761232017915333
58.939226086211249	1.9139167051623414	0.48398103922516406
58.541629720101398	-2.1662596746122795	1.0864776069942077
59.302335951180964	0.16996793500845553	2.9374551495712495
59.480673059249241	-1.0785786531650614	2.0054714809509067
59.681914566873047	-2.5836093955862696	-1.2535014679713015
58.998647537293195	2.4104496204634867	-2.2267258062089228
58.325747874236463	-0.93425301989263276	2.612603942671492
58.983334215783344	0.24472885394451802	2.6353687264185734
59.687582420603178	2.2754962427863292	0.17889339353026534
58.865648968924191	-2.7837568554193699	0.2201219738453663
59.817867884205704	-0.60610261228917195	2.3259722951664275
59.091801487471315	-2.4311882657179869	-0.46960384291609714
59.925094029803631	-2.6107122991129637	0.31971894376769677
58.649660247433303	2.6822470265404141	1.0883529792067135
59.873132916476912	2.4721320672856377	0.23203260779461818
59.218469880594455	-2.3364304200396244	-0.11994148776970645
58.835656209111995	0.78394600469087861	2.4628798108948557
59.252709105070565	-1.7111852626586312	-2.0545987904149468
58.428665067332176	-2.3849117407074418	0.25018815146010676
59.638609849297183	2.9180899863396776	0.91421489287563329
58.784041571978335	-2.1244292444331911	-0.24716118062559567
58.681395875462684	1.9373510251337274	-1.8251440525690505
58.539485720933193	1.5852989801041113	2.0512460348497896
59.986391997597096	-2.0196394665847328	-2.0901205758760288
59.137576763779748	-0.91056948662498116	2.4477923757375319
59.959597294397689	1.8792894525273651	2.2319854900202878
58.655443546096919	2.0429871873150458	1.679507120534327
60.086484390574292	1.7952578361733555	-1.7511043028878148
59.118692997720238	0.15510026872225033	2.729725320769592
58.74447548932838	-0.69847032336843162	-2.7256133811965766
58.44893382621126	-0.69926356708011528	-2.3086769583367928
58.928832522784383	1.6108073102140887	-2.545810555025712
59.033564531235761	-1.080540885878678	-1.860797349177419
60.076784533704284	1.2533711876198197	-2.4761481729007095
58.586905784719498	-0.97730655333003791	2.3197764723138019
59.389322151176088	2.6684426744442056	-0.23091840932909849
58.745730633848311	2.5828319816314411	1.0330503428818081
59.486861533197484	0.36129478405219312	-2.6101848610368688
60.070752810186804	-2.2504439052530918	-1.1152914378776391
59.821940582287652	2.9558992321335285	-0.46252600097681273
60.075136922256533	-1.0526590202742754	-1.2921165607620759
58.807756319096086	0.79558895655301121	2.47088955750587
59.737440469504918	2.0675699477596301	-1.5273718821496491
59.691785490668693	2.5457742871316436	-0.73887361316474964
59.837013946593402	1.4815023362857376	-2.6606422002958499
58.572508967368158	-0.095384746920966948	-2.5643184091046392
58.666898440538233	2.3803585778520926	0.30217745601226159
58.55701496399994	1.9887554044893063	-1.5473108926349255
59.823177152489585	1.971210646688611	1.6657774246751396
60.116369985271994	0.081358390717431575	2.4674615871391934
58.179896631334131	2.4230513161167284	0.95556298350811963
58.381538767500857	-0.17801488283733169	2.7555399761853399
58.87563549299886	-1.6625963141196078	-2.4072038705948464
58.622863751298638	-1.9209268588136275	1.1669174343526367
60.072057685558896	-1.8102984142747964	-1.7138119618041852
59.454396272043248	0.78609442436962751	-2.3264344877893111
58.453345721499204	-2.3502637761583931	-1.6124210709255447
58.794613566684077	2.680072118840986	-0.31829975417863077
58.618543782846288	-0.60915122596547522	-2.4912593796593305
59.867653717552649	-2.7020725896548385	0.31967914884294713
60.03877913459344	-0.048395488351513576	-2.5052672614090779
58.764069780742425	-2.1813019154196316	0.49666911434587957
58.70479771561881	-2.4278424582149678	-1.3286721210585046
59.595388165426968	0.79643650299793178	2.509837008482783
59.025016492248042	2.9086152059533061	0.27946616352288978
60.06702154872675	-1.7479841760000263	-1.8980759317579292
59.749492821530978	2.2746531776530823	-1.6374818567358429
59.871981831450036	-1.0181962940323852	-2.3050880199384154
58.434236614754198	-1.2820942575005223	2.2494812123464967
59.617005907352812	-0.6027226302749038	2.6714352549768119
58.797674418041737	0.35617173110890171	1.9716543154742021
59.775621197110041	-0.63149455304339885	2.5825050721376499
59.679468622234545	2.4596884804490498	-0.84816302803104482
58.572196324185228	1.101186623420731	-2.3223399972618322
59.78368171711567	-0.33131613660388387	2.4534235709381691
58.534962238327957	-2.3297575068422609	1.178938445904721
59.838878873937254	1.5479490285675457	-2.3402123732611417
58.640586985624978	-1.1502232365622211	-2.0677084638996388
58.396196645974847	2.9360084099969201	-0.62684717557038461
59.635338919077036	2.3259312893415958	-1.1447930671843001
59.79832689999197	-2.6139103866965776	1.0797325076204611
60.259730814594185	-1.905453506733104	-1.6061014905734685
59.552682334571813	1.4840163483234847	2.4422437795972747
59.089367144311659	2.5843447956807988	-0.14658882168482693
58.457446552591051	-1.1093003176901945	2.7796787724928471
59.184804207983071	-2.2943924377639053	-1.9165632321379857
58.984897012409441	-1.5753463196847806	-1.9629254235428897
59.880478038547402	-1.2699500794384795	2.4260158599932513
58.313263508769062	-0.90973139279300053	-1.9088362204515128
59.283807066975037	2.1839236241469919	-1.5576421714007354
59.798168933339653	-2.1148464973501713	1.3964330284639588
58.843299817264246	-1.6007542996688853	-1.9615218743223892
59.27131014652322	-2.9338695506527839	-1.0411157160424551
59.03693528693023	2.3028722021853332	0.6053936073466889
59.595587183103284	2.4027231623990368	1.0329263517794709
59.303431116604166	-2.1868157844364586	-1.5458049085753913
58.954855951931982	-0.92047982076872292	-2.6525522229857637
60.078800320409606	-2.388631755729127	-0.30990391923900684
58.927531639561089	2.5701756166253227	1.4489558455456117
59.791168994869508	-1.9301878468258287	1.0972761551622368
59.870093787235071	-0.69064399237983298	-2.5604730411304955
58.726479470134564	-2.239687765120971	1.234110827739004
59.369217656407763	2.1327435439298785	-0.81553421391746805
58.945536870307983	0.96639928003478215	2.7442289032699803
58.954415404429007	-2.6644776376257489	-0.58210688928612797
58.865234291089692	-1.8833132780265256	1.7846743350562855
58.687416970529114	-2.5851898194152341	0.28833387763510082
58.957175088344719	1.4127666360801183	-2.0351221821423948
58.781920472390041	1.8009751808135426	-1.4423021474548654
58.940877454014853	0.7484075546924015	-2.4217354078888742
58.776305850204515	1.4401882033280189	-1.938254822337762
59.514078480980324	2.8744803661009279	-0.15021195157269815
59.960084630586309	0.79227659347983048	-2.5429123435816412
59.912496099957629	1.7104855918472548	-2.4316703284877978
58.381553267540355	-2.4285861514210483	-0.16647754638553783
58.696850603749446	0.22291750937759316	2.4561941444305542
59.506900084753383	-2.5689980794449316	1.0602404392052303
59.988425149830164	1.5371747666270579	-2.4525633494764536
58.368077231170233	9.4335144611518924	-2.8665304409614141
59.293178776993578	-2.3468935830572213	-0.18322488406536519
59.416549221775377	-2.3657453796009524	-1.0911468851579917
59.35846693625713	-2.4995085506264787	-2.2196700040324111
59.566727682686725	-3.1853015707469532	0.60013709602178344
58.748213990451895	-2.216316293820153	-0.3482210871829895
59.940273139144054	2.0491087824211069	-1.5192856378780133
59.043617147051997	2.3336204499385205	1.331272579233814
59.140101162448673	2.4221811028126354	-1.0349808933028495
60.070145229160936	-0.36331603898969556	2.6013942119122939
58.765592950312062	2.2391765487885555	-1.8155969477699354
59.806958859532863	2.3936812823098439	-1.4771922729985563
59.994268085138756	-1.9397578679352798	1.4690107231345357
59.204579465819428	-0.071700861355546458	-2.0742459235064072
58.476884841501324	-0.29735628315688878	-2.4352169289031647
58.981149803196558	0.54800864935140636	-2.3773845130304312
58.575157039312053	-1.8167477284593974	-0.71605318808935425
59.20933964989041	1.4512405430180966	2.2366873864398893
58.406709038199153	-1.4971569560978837	-2.281126218242981
59.429792889533651	2.3687009647711621	1.3213550999914756
59.820249597609752	0.078947835991116086	2.4146462296885427
59.78988198927302	-2.661482766160999	-0.92771180424512434
58.238514285387069	2.6922812049202722	-0.16575337504564885
59.06849878997442	0.063977119190931145	2.557513634091682
58.314002627311361	-0.30528319808936616	-2.5213655232375949
60.133473524605385	-2.0766824038742713	1.5757201246460979
58.927066387532378	-1.3536886923167413	-2.3167717746279868
58.854125944323712	2.5864002269989492	1.5770221562782509
59.023474096018596	2.2342104966857108	1.4282930420143303
58.471346112036166	-1.5993831686185194	-1.9679613745722748
60.104649295631134	-1.5483657874410917	-1.8487924408905723
58.54297377691983	2.1453002359213902	1.5324265375731949
59.566763909015776	-0.6599345648843371	2.9538591922234962
58.859226320073709	0.48234544525833539	-2.8415389766610955
58.896459568797695	-2.1728456571316164	1.6266133566859606
59.49654717726461	-2.4976636232466816	1.1208780667437943
58.568409704107886	1.9789222057623954	0.39714051676379114
58.349336529378967	3.2766015519789966	0.34397641449905447
60.003251757517283	2.3613828646730255	1.5546470912642094
59.794101422708998	2.4121612847229135	-1.0918306051533118
58.322660367541701	1.8105720511263104	-1.5602100896315931
59.919176796443061	1.6426385002135635	-1.5434628249680704
59.382013582943699	1.7143126836777001	-1.4391224588124052
58.675695780554683	-1.8959962639769947	1.2270105402571734
58.891308534416737	-1.3416623427428085	-2.1612647264592111
59.221470280675291	-2.5246340351435705	0.12605375045145742
58.711500961410223	-2.677165301498218	-0.23056854787125647
59.104737310886733	-2.769724600391581	1.0603787029181342
58.609699877585776	0.030080644519206334	-2.5172178915202639
59.1025743278758	-2.5044587455635248	0.62609910995254181
60.170480456794138	-0.34266810670222675	-2.7046647769877277
60.199000810663179	-1.2706838864101053	-2.3942002135040803
59.867361455113787	-0.50285134303897761	-2.5360597575963459
58.28375423614316	2.0787561282274756	1.9930113863516576
58.602760924920496	2.6028455073499961	0.53498955144490523
58.861120585500935	0.78088921901076169	2.7600995552873724
59.319210774109344	-0.99346233652844373	2.2843050226646704
58.869756025216091	2.1086855715654811	-1.2296273286071426
58.935991567097922	1.909879769766627	2.0868082746540959
59.965972914749329	-2.5793361760082041	0.41188898802407081
59.276233288261594	-2.7097286686554862	-1.0212140094126645
59.576684197324177	-2.7024654209563006	0.11757948583848526
59.283739815693167	2.0824370732801705	0.81941113966309309
58.95359989717879	1.8980314832509542	1.4402751239661422
59.117900601292469	-2.6745416801302082	-0.18314368620267377
60.025803935605751	-2.2960454300788804	1.4440471647240374
59.789610103645892	2.0976278303141687	-1.8443021297465436
59.354088766610033	2.3305466087807836	1.1225915706531064
59.60030199335386	0.43820182214294923	-2.5950644076173823
58.487523262474745	0.032769242051531304	-2.0553932945494706
58.806842734447251	-0.35684015552093906	2.5702260278870308
58.915718695811336	2.1189000172523591	-0.24304545838982955
59.979079883151016	2.335818203390303	1.4613644823627472
59.91505198355415	-2.3489900785808531	-0.58768545987463627
58.772237531320208	-2.4004671698094509	-0.93801692316848084
59.689489302030388	-0.023862122759378018	-2.9102933198089285
59.960624973229372	0.95396770964569899	-2.5808790268354591
59.113295175435105	-2.1197691193661998	1.3597316418050154
58.907331782494218	1.9197457286465036	1.5075517181670248
59.483722687373749	1.2829117764988176	2.6723124956830726
59.894333532153716	-1.9899838567430577	-0.67696862443405537
59.248933627986446	0.18673296944676296	2.2891762315172333
59.504503950877606	-3.2079176407182639	-0.54688374295593734
58.680824168469492	-1.09097724560297	2.6807967060997586
59.094367319728626	-1.4606288835085293	-1.9347883924154439
58.400786972966465	-0.46376859334942122	-2.4755712583570024
59.418339658522122	2.146149302333237	1.7525161209165248
58.725324993890077	-2.1801851378993979	1.9388583863762634
59.774208447866172	-0.78826428755558453	-2.3906515326534108
59.629220892629732	2.2538074517336346	1.7186277258809952
59.740971346560002	-1.6890390271769171	-2.1468144617749823
59.90770754611318	-1.6262671731545324	-2.0155343026600097
58.529119093609509	1.1410598980485132	2.0366653742673826
59.796442167960102	-1.1213457169612264	-2.3592009149104323
59.638707487566421	2.2896452542690953	-0.38134025795707094
59.624827683252981	-3.182601531300556	-0.15801678276320252
59.164672411736419	-2.6024726562608169	-0.52787792134156641
58.861161914981246	-0.12360997179646502	2.532062932682309
59.615935674291983	-2.2976969957918589	-1.3111304973612374
59.244446935373787	-1.8792579067025625	1.9510634199753254
60.254934402707399	-2.0339195943790598	-1.1445590092412352
59.663817289674441	-2.4366796843173737	-0.30900181545527644
58.679071169738371	-0.71431803131320404	2.6592859694246949
58.890906961290881	-2.7688671199036001	-1.2638747054473152
58.229099999094281	-2.7470358634246033	0.013024059573820397
58.959315350154128	-2.3115389646797904	0.6264954940793227
59.181040416113525	-0.9988320531292344	-2.5374167626251429
59.207809380917077	0.32788640512559453	-2.4971000727192711
58.399554769827148	-2.4281997825527659	0.27665232671115836
59.384129159752867	-2.0321473254948073	2.0615825875574716
58.641795064462983	0.2001416136958559	2.414024245224839
59.25435361098679	2.3935867892978124	-0.083595973269259757
59.922994219995687	0.1460582212231365	-2.6119257212537947
58.546305990913538	-0.5801709086725727	-2.739980127254976
58.505171418719179	-2.6191895274984351	1.1245420028057702
59.630734122893749	1.3709937680717186	2.3776621069147281
59.167854942840684	-1.9914101033905791	1.7135792157018064
59.173862934313718	-2.5116810617060268	0.23479558972505474
59.502514086128272	-0.032810891431988884	-2.6128276000752919
59.582491242909086	1.2632174936426428	2.3118300725827878
59.712743128818431	-2.3173404127741288	1.4626955788268976
59.341773994672486	-1.7890841606235146	1.4786364220680919
58.97443435876712	-2.4317708203864683	0.91531464009566088
59.248532545492168	0.15692254496001459	-2.6254192027923686
59.26089535100099	-2.4501971966396838	0.86230443987999117
60.072908813551017	-2.7073433460173741	0.10450754092861761
59.457975607514861	0.56135865853731681	-2.4245942467523167
60.25279794328506	-2.0863736449182628	-1.9145753164013446
58.775240632126298	0.13320243493800032	2.649207012038798
58.833577795322633	0.62762440375902517	2.3926411965177516
59.522023270515433	1.2533632170374371	-2.396949103940031
59.354018433168733	-1.9327712619903612	-2.1825232188537531
59.097442363708993	-0.96444604721712701	2.7105974119033949
59.569272727073418	1.9353836711437218	1.2543522683488793
58.831199123929217	2.2134771600444263	1.1519693453212763
59.032315455225145	1.1937157076354865	2.4184444422094558
59.554841721754848	-1.6594534694481275	-2.116072531020734
59.133963435064757	-1.4027945251436207	-2.3462439488714208
59.152673992251458	0.38898515697952141	-2.6564850878738722
59.980994097439392	1.8480330555478861	2.1702173249792103
60.118116762396113	-2.2125535374437861	1.1504833680134596
58.347329884321923	2.2943297560317646	-0.59997212842667147
59.273256573338166	-0.605223835769923	2.6156693939357911
58.956907285167141	2.9948672483743213	-0.16291107583369882
59.247949490484089	-2.9732915355641647	-0.28831890360363416
58.943789656988855	1.6738000419900698	-1.8541747991719983
59.322774904606007	2.3825362346322647	-0.59933539306726569
59.914934052099412	-2.0636807822245462	-1.4092813324791698
59.156545354999949	1.7453896370077386	2.0829247202407322
58.643796486523541	0.33095417463734433	-2.5521591254541001
58.505734173316576	-2.4804820955932039	-1.0342341231064107
59.811670519367439	2.3564165522092022	0.11192917440235242
59.726311269063423	-2.7287149981327907	-0.96042812904996655
59.105682459602427	-1.1456819043200435	2.1477835178949207
59.172195468168987	0.6627609954005268	2.7858303858970639
59.820121775697274	-0.72866220685634808	2.5899861427442401
60.046762505200888	-1.7460376607187122	-2.0486367253796938
59.432610288887915	-2.6972629286973975	0.33462822018058064
59.357036525104824	-0.39711488312385351	-3.0794609940763378
58.640620310034159	2.8186044542500177	0.43835398488877497
59.031559850009394	2.4260520263455918	-0.86287532395865618
58.906556471331292	-2.2322246258502236	-1.4556096541718406
59.234733476229422	-2.4600613481239848	1.4441229352165597
59.564017915840807	2.8411304088870954	0.47948880603179028
58.417216327087793	-0.65994335652674441	-2.9000855212319645
58.221377798740498	-0.38026279322530232	2.5959611009580117
60.124695432029519	1.0586328726726888	-2.3891224868486782
59.50645857344913	2.0856236592230961	0.26410193487461131
58.515102466616582	-0.10200968270152642	-2.882915766673896
58.873879120492887	-2.1379988880625636	1.6487803072656513
58.93230095524541	0.8784642550497419	2.5042164971587537
58.650523769222133	-2.638265501480062	0.43477429899951542
59.822954225600519	2.1214684420071954	-0.56890161479772472
59.607663495130048	2.4989857465305141	1.0705773237609089
58.90184515517209	-2.7403481365750544	-0.70558011168093593
58.652194533386101	-2.1155104846744481	0.94649290872891745
58.382297579047595	0.59300986746906581	-2.2776777083035911
58.6841938416906	2.7871522587338045	0.87056437842441203
59.454486439182112	2.7445262907458252	0.019790534968948337
60.20865556791442	-0.29814119853528442	2.639128224921051
60.117716168297257	-2.0512179437302147	2.1419471670003678
59.705283937316842	-2.1837275227094848	1.4505596525551645
59.325759914824282	2.507283090261986	0.1263338314639493
59.229021324593951	1.7459213882164786	0.26212621599264785
59.226016554109925	2.8766829194274957	0.87362465320368621
60.192125148424317	1.5808119531885936	-2.1196705212966411
59.052524817232602	-0.80388640523575927	-2.4913408227234273
58.701714351006949	2.6650315870935368	-0.12050545257525881
59.084324271523194	-2.4836350493530222	0.36144090173227672
59.739299776364085	-2.1778737218196089	-1.8668707835594922
59.412769573012341	2.361691199598547	-0.84961486379296669
59.300809256797166	-1.4983855014056977	2.008541470040297
59.490298042632048	-1.1213708300994076	-2.5735265870262922
59.006265615046409	2.2264022795781773	0.95127191251169596
59.060121764828182	-2.3986478193367065	1.6571984700296529
58.755725733743013	2.3091796485396325	1.2845941661454934
59.705916141717125	-1.592850623768566	1.7114165072240901
60.05427262707861	-0.27090314279309341	2.2810045386032809
59.763366571443228	0.30839950961706147	-2.5150999972152266
59.704684334241797	2.8462473711526162	0.5454824200655839
59.022327170057572	-1.6949590134500316	-2.5646101152775662
59.907981082212956	-0.898578809044007	3.3095987201131631
58.912441979747371	2.4869713469249728	1.8085599805807562
59.396441885332329	0.30469528912009419	2.6548590778451655
58.911344198258107	2.5010182091547639	-1.1937291716394691
59.198783486193342	-1.5892180446715518	1.8524762012284621
59.243715125430278	-2.8627778862884319	-0.9247721924707758
59.087922030138593	1.2655717561063045	2.7935925109958397
58.261733939478759	2.2823850267324897	0.5079298924497252
58.384841146855408	2.1391390754119208	1.1617039278924943
60.01157952392991	-2.6745305797852295	-0.99389588208593682
60.028279759276515	-0.13163531695425532	2.8550675383357769
58.257416729632716	1.3459623970489101	-2.6579663278627952
59.26189551446685	0.21192462756158792	2.3741103470935898
58.422513326666305	-2.6696258961705297	1.2518212628942931
58.904807656602244	0.69188760542259153	-2.9180642332186308
59.360498315820983	-1.96837205237455	1.8679684385745161
59.336039841040595	2.6975632979778887	0.08514304600020467
59.928720541584426	-0.99398399688222538	-2.6332237471093451
59.247317127587934	2.8733311809517983	-0.0091350924041241101
58.790710038251916	0.86382765761475611	1.0931982977847281
59.130198757839835	-1.1028675847771978	-2.5420081073504832
58.963047249586317	0.8185208187502957	2.8334783863423487
60.106750433924404	0.92344048891040509	-2.1010792232561886
59.037795268071193	-0.77487288220512929	2.6524374718069654
59.893747919635949	2.5873433627368359	0.32430675688586308
59.463272035124668	-1.146505403248073	-2.8994495930577449
59.791542201508697	1.3487687540685733	2.5709377464923517
58.712996370979738	-2.9066597382373258	-0.46832800072483527
58.718254001693118	-1.000606892658958	2.7522231506019756
58.530383076230351	1.1298714098882123	-2.0322474011498235
58.396722407425322	2.504708285611688	1.0165409328301938
59.823476625009086	2.2867857869967629	1.6478533201094583
59.845798659367659	-0.28589857845861244	2.5786798792767049
59.872193951970438	1.3528458854625545	2.2459802263611639
60.097766596590013	-1.0636745586192973	2.4696570876363242
59.790093517022733	2.6096304391949352	1.2904660549156339
59.817168880672142	-1.7489809795984772	-0.23607218252227213
58.500627090565274	1.142043896199253	-2.4243271189410387
59.967385872978063	-1.7945401183637577	-2.0643083038459267
59.207752539458077	-2.9373388371674998	-0.87118467551846646
58.903777413293518	1.0599349612022331	2.2362037373462091
59.178379313176549	1.0671009642331424	-2.0837866573099366
58.613607453717265	-1.5375349182732858	-2.4321015788089433
58.324850193693507	1.8212802879841228	-1.8920775361017275
59.546003427022221	-0.51024125280433863	-2.3369813185069641
59.986945410395379	-1.7280840658635774	-2.2189122828713748
59.95220255320514	0.51457169632870259	2.4256463407086821
59.29819396673161	2.6996264421542033	-1.118907013142348
58.271533758784862	2.7834759730242808	-0.43294640682633523
59.538619286416001	-1.050548232616213	-1.9095995840692355
58.47241265518106	-1.8088296131852213	1.6981748216160575
58.718042112100768	-0.80271146761445633	-2.5649451975372819
59.043249444774318	1.7041603604457529	2.0157326107696178
58.396506419974202	2.5939085744013557	-0.41733694732849042
59.815672698306805	2.3223802697017613	0.76585709575304728
58.771936311273869	-1.4497148820772428	-2.0276416569674653
58.766414446311082	2.1757148399699173	-1.6445138007289348
59.716388997859937	2.6614635532651376	-0.3007903542581255
59.943129430270844	-2.5512971329613832	-0.41465630088085104
59.421021613208076	1.8971546492085742	1.9722324564284333
58.528959204300627	-0.20132011229005822	2.5888830236896783
59.889897368910226	-0.37040109940707044	-2.7677421857194693
59.922640710011123	-1.0009212916692227	2.4262070746286675
59.709204356105531	-3.064584568005948	-0.18105516890620996
58.849633095719504	-1.9927160929230492	1.9113875899804349
58.853449303831226	-2.3280297755195636	0.56608786014872892
59.528201135488956	-3.0946109986530597	0.40831369021622266
59.474557099394012	-0.36960928112921709	-1.7991483021957801
59.536064659157446	2.1402619392489166	-1.7568050521381999
58.879190835917377	2.132060293192199	1.332170060636046
59.923394220229184	-2.0830623357466114	-2.2483079526761012
59.116306633420834	1.3971982615363843	-1.770653262727099
59.256729327012081	1.5267222906045295	2.0313598315124866
60.192378319727652	-2.3859181959144888	0.95684520553084484
58.936739937304921	2.6953403015103539	-0.057416690559897079
59.555010839108483	-0.33003027657203904	-2.8267781536520888
59.233060811215822	-1.1334944158476785	-2.409397297418721
58.579024615991266	0.77185829638093095	2.1451293270900078
58.909210564699279	-1.6733719733391939	2.0827365475083459
59.86184881742075	2.6203340288028532	-0.16999654187658642
58.980129905602794	-0.38810243487824164	2.7472717113269449
59.280469356754047	1.518211824399559	2.4148260360117373
59.688008929756059	-2.1311120748879242	-1.5988019007011662
59.054352205176173	-2.1821444352441803	1.3275115544016176
60.145134729395352	-1.5582643706062336	2.3937493345552299
59.674193520432439	2.8341951166724662	0.58615875173288912
59.450617012032573	0.7666827009027033	2.6455640071759774
59.73885677866631	2.0337234151786054	1.5834750222810132
59.115060778783615	0.25218730983967341	-2.5798365401477286
59.970787286740276	2.8509040184164776	-0.063786271874829617
59.223988201963785	-2.1430835927401999	-1.413951978403464
58.716940219794196	-0.36389648873481778	-2.7314462005093842
59.068587165832255	-2.5162845244513159	1.0679922482394431
59.240427245755967	-0.0091572394551651358	2.5298631706539232
58.369713131037116	-2.5757473389899967	-0.02588386823586691
58.875976270441448	1.5057681288194726	-1.3494813934820691
59.24052205500692	-1.3807670327999424	1.9911293526684131
58.744597334492987	0.45332994907197999	2.4898216998332097
59.919654040927128	1.4311046656912398	-2.2100541495082417
59.522950225532661	2.5625354136569318	-0.59474156411626
58.606058893346436	-2.8154240899048992	-0.52086981493827178
58.831731885787086	-1.0391917765771539	2.2069889067643342
58.541075593374515	1.3603332948261904	-2.1378425129688852
59.762299825189196	-0.22942543406029134	-2.5662582024467131
58.805324155625264	-2.649471806696996	-0.26613890035318494
58.221769224604465	-3.7854608031869992	-0.7507043904733588
59.922742781387178	-2.6050782355264697	-0.1717024044291498
59.792572761952968	0.42324072312481342	2.9554420022764032
58.803507633267181	-0.97617526289960732	-2.5123545560509277
59.483680187894073	-2.1908811204951375	-1.3985608688816069
58.439946131952574	1.3252772026630808	1.6506963392603651
59.528248845655277	2.2369175716124148	-0.42489795937176494
59.277382808612529	-0.59649985989362297	2.6072748237045484
58.753866196116164	2.436753702491667	1.1103599411651086
59.907979615379567	1.0785166647674536	2.0954563751480926
60.112228921158113	-1.8650163210668627	-0.86711633127851351
59.710299494942646	-1.1493877424608934	-2.8315821266490375
58.290022084025757	0.24405978627757566	2.7200452574017224
58.757092177545005	-0.9336658234510804	-2.497449989850709
58.898616007992509	0.67341441494984589	-2.3915620804572137
59.034080581436363	-2.5928849681341757	-0.90212942564519782
58.8766354039278	-2.6202717358984682	1.4362264901711164
58.427183756785531	2.9116772325969733	0.39898253250118204
58.244036164479205	2.615766398280623	0.99576908168358813
59.25727911662397	0.002152318863330708	-2.7825889854120307
59.890453688619118	2.5645643291204592	-0.51732651302646815
59.293018496117291	0.078855380267695271	2.9936792896413702
60.056466030624705	-2.7838077993947836	0.77148227441309658
58.412348113408804	-2.4159267459436324	0.45818126918548141
60.066522327409736	2.4116141841019858	-0.88947405092103182
59.0181169668503	-1.4906184220485916	-2.1504597322913921
58.452129116676815	-0.40912009043717334	2.8834477449322629
59.658598845859302	2.2480860098235436	-1.4622985910364008
58.835554829528753	-2.6606305514302533	0.0068639076470986384
59.465880241423783	-0.27675919252154202	-2.8578868457370232
58.728832395306945	-0.90269073711985337	-1.5829720616117287
58.359027171295708	-1.1578908782979682	-2.5042278613693831
59.346244005718141	-1.7135775882151174	1.5925347547039279
59.496670743501092	-0.89744381971059406	-2.7531565330893444
59.752897711703284	-2.4818325243704487	0.09073926063649207
59.319849424843042	0.40185409795528848	-3.0195455953415022
60.038442218534236	-2.1804192040301511	0.48866575870819406
59.799008311868981	2.6885901596422022	0.6352937234485565
58.442812552544964	-1.2509580829726763	2.8242644794813785
60.234104790615085	-0.00093496528602783364	2.5715740458026266
60.153336476802949	-1.0312380049577969	-2.1588734718329077
59.652702104238912	-1.1382256977824037	2.2656743518989075
59.638947209640833	2.3203029074697556	0.59447623106330061
59.962275572498214	2.1081902958267826	-1.4655272354687121
58.752659174333225	2.1577651399706688	-0.46379080103170933
58.664924161178696	-1.5774803270174496	2.4272327565597571
59.056292252061162	0.0032732627421008624	2.6885327717802281
58.848836228171869	-1.8727477846275118	-2.3857534714284312
59.951177705820591	0.4874700838514513	2.9093993392117943
59.862816080945422	-2.4586450426046111	-0.73879841298494209
60.10830544897717	1.5032919787725305	-2.5427120650206398
58.63993268380171	-1.4401615301858479	2.3302226807047997
58.643856657816393	1.4745978529162753	-2.141469733846538
59.440769313490463	-2.7583547988548243	0.098793478182661459
58.511874907741976	-1.4140365605649434	-2.3876701805775262
59.448948047789457	-2.5056634095546086	1.2477396722965772
58.65739915311773	3.0305862938286259	0.10838117771586457
58.61467184271347	-0.091595912315603004	2.5914435347313667
59.758241247292993	-2.1411498542135003	1.5548546329644195
59.060390312493134	-2.1957232508214952	1.0133400801765275
59.377112460788524	-2.1592141909587705	-2.0052214188785844
59.739562805641008	-1.3712300693846593	-1.7233947204796685
58.936999373223671	-2.1824591395657156	1.8254618741782969
59.514558715561037	1.5940011772300384	-2.2112401238334964
58.279122647245437	1.9167274511207379	2.0261995591172908
59.532130153152046	2.7181597048008195	1.4019911625451733
59.370143884035841	0.29164766032755074	2.8990921780051688
58.763759382324523	-2.7499900326281774	0.097419086230960114
59.715621157390359	-2.8237813325012491	-1.0410343414827583
59.061694170609272	0.19013926275771556	3.2337507483203991
59.393348663337456	2.6426880082855626	-0.56360405410052028
58.408726597322747	-1.4497665318734645	2.3346106210710094
59.576944486193177	-2.4197137465407317	-0.94359506412917071
59.470545494321009	-2.6060476745666752	1.2611650095005835
60.024432706411488	1.305968700723082	1.657173545018525
59.231861605076205	-0.37612143734169989	2.5080703603023591
59.714934174779778	1.4189353609720927	-2.5224132818714975
58.785278869932775	-2.1209759674185249	2.2157748964221962
59.899936157489606	-2.1766988617151171	1.7170089280128229
60.274968450258463	-2.6976739331837041	0.63236433035165984
59.029664390089536	-2.8075095350217003	-0.51487871858605805
59.297311582900477	-2.2337282480651202	-1.6999504180539293
58.559010397621591	-2.367642068224932	-1.5135209193331609
58.625909261453771	1.8797104679524366	-1.499714983815146
58.982603583194717	2.0053107090462916	2.0795141992381048
59.46381080413191	2.3360090272689877	1.7008674175661573
59.558424728343219	-1.5642812874428222	2.2015232826337172
59.347668938884652	-0.8180186709918984	-2.534006778828044
59.559085852514855	1.1934151280390402	-2.179695690337359
58.995076061414757	0.56119734696733781	-2.6555272924318944
59.365099854653785	2.4424757748028725	-0.29801939713122
59.041342470595964	0.76098506432120261	2.9758250109512674
58.334259065430928	2.465047962570964	0.64210065441612896
58.897588979758581	-2.1501664654401602	1.3300728662021446
58.979762687213011	-2.2841585490687515	-0.8479242320943835
60.113663310271804	-2.5747957145876854	0.90280684711332049
60.095612051461401	0.82121691048439283	2.9094195601643826
58.190282576672708	-1.9929669412540596	1.0671898217354945
58.850972793759219	-1.9919008265950264	1.4392013980185294
58.731523069381375	1.4258343200924188	2.1639958152504417
59.180134135415734	2.3950301413955435	-1.0097666980375057
58.536901933506869	1.8869509203056534	-1.4867063442155619
59.60120369586587	2.370754087753951	0.43206399056549766
58.833381281746021	1.6380078661100805	-2.328885822635439
59.749528404359218	-0.12833501248837106	2.5051877347582372
58.977171896791134	-0.77795472274411726	4.0371769210186796
59.985316333677339	-1.7741199852806371	1.5937456815109468
58.550377933921276	-2.0412347124206942	-1.4133877166076307
59.479522736852765	-2.9894896102415132	1.3993673671170239
59.718820489484038	-0.38785668625691377	2.7143735634864501
58.371633714954143	0.92038934129505878	2.0644318454520572
59.379024233917818	-2.4970608354431678	1.2064979626092249
58.861187993313003	-0.73985432222061054	-2.2306050775912651
58.486544009243651	-2.8492329162432846	-1.1919220918151372
58.957341002019646	2.2190578234207456	-0.860376571999937
59.533970845475451	-1.6264636806727111	-1.8841605364319836
59.110078563736955	-1.8858305400899613	1.8570426406585689
59.395231737904787	-1.898933532758192	2.2471464271781163
58.878336330046736	-2.8446503024418304	-0.40924884806061979
59.332283173342844	1.9174432490774815	1.3419513508429008
59.111349513806786	0.61142194244567472	2.6650294800527288
59.308580055876149	-0.48687186001301275	-2.2813454660473367
58.28557876457932	0.72615306030989157	-2.7702358447078477
59.731038831593104	-2.8886086367899084	1.0463497287169738
59.408465211765154	2.7093110988316269	0.46768280595191886
58.526328567268081	-0.1603840661333453	-2.5992827233332747
59.515334389073963	2.5505387523676446	-0.43138468577863281
59.466679914035211	-0.37023309589618175	2.3635000649605002
58.402638260803869	-0.48492134003658555	2.258185244415253
59.747112054878734	-2.5999348408070762	0.70404804205849969
59.746737473673058	1.5971728200183215	-1.5495518859818116
59.202591902693335	-2.0827515670953169	-1.8952780106519997
60.010207760795929	2.2826544101899624	-1.0967791814061187
59.350259742095481	0.084771204863736169	2.5535299263741904
59.092671292519128	-2.6240176952816809	-1.0337965939915355
59.963811307384972	-0.5484663775266474	-2.7025645486872811
59.959258890823556	2.0029557329100434	1.5837688418946752
59.887732886574334	-2.6753945674780328	0.77668898467812308
59.329278857297219	-1.8589529886812659	2.0094912527843247
58.646822735482054	-2.5767650652200884	1.4463556778685824
58.368508750736304	2.4749558042570934	-0.69151232529516993
58.683271198452339	-0.33027078821436795	2.1730225140378114
58.760271116819681	-1.3908044170448468	1.7901729649883216
59.34152181911098	-0.93234298301700358	-2.257789647121438
59.551896162806877	-2.2108871489884745	1.7076472488776537
59.770163412363125	-0.67245091544127522	2.3678017995236651
60.089337353122652	-2.0110939892539212	-2.0129221235736465
59.408641129400692	2.6605019357177708	-0.57361151987310355
59.637379620912576	-0.49465420666749799	2.401397170960736
59.911393618889839	2.1197412249503667	-1.2626136678456641
58.797585241322508	2.2965500877703775	-2.0130533075946708
59.849525384530338	-2.4854576203865943	-1.2735332643986013
60.020122409896445	2.671528065160699	0.7313968320712918
58.591639561891981	-1.6704374190283215	-2.196228242510851
58.532002576755119	0.84225168147790219	-2.0849234774057828
59.968908631519454	0.53114127728237315	-2.8116953064891379
58.939569045538391	-1.9208215394117312	1.284634601968341
59.001450087542182	-2.8122565945487059	0.49507003550244805
58.788946522174271	2.8062120561524537	-0.82512631873355846
59.078933282884137	-2.4969645839242731	-0.21492000714347598
59.008807542175525	-2.0548373770646884	1.7372150104247408
59.028995633247092	2.5008544282344976	-1.4185414801040255
59.6994948379132	-1.9934513624412877	-2.3054993804216481
59.112819725548746	-2.3203395852284623	1.1570591287859318
59.439395835970871	-1.580109460424048	-2.0034875358768369
59.936579413473368	0.37855649515746626	2.8902223307136143
59.918953866607978	1.4067674105140242	-2.0869585634197154
59.332576398553279	-1.9831736983046786	1.6342542042283279
58.576984632076822	-0.010568494386129333	2.7581199140626134
60.209882169260851	1.0671516850314877	2.3794065844849883
59.134330375009206	2.2937714678679408	1.2027203128754707
58.693948964202306	1.0952192358623916	-2.6406180523799767
59.933871860085873	2.260209085024429	1.0301010526421839
59.04957672675976	1.6666486215113834	2.1581498049176444
59.402577835960898	-1.5297677516674273	-1.1397411126695181
58.853850471552747	-1.4680064296714299	2.4418722444214649
59.644974276232986	-2.4130468996993955	-0.42406506307992736
59.80006332594423	2.5685028703371966	1.2376501008638103
59.571940153320796	-2.4400493400082648	1.1587495941780219
58.834490460948309	0.82200541322421117	-2.6011850552323139
59.598307806205014	2.4233621646557033	0.50149577871928197
58.743369525249648	-1.9934160968058265	1.5348598267399065
59.096053900352288	2.0284030872587557	1.1946573820941633
59.414044551769138	1.7903207404022408	2.0604938330724747
58.635166417378578	-2.0875162090891335	1.5002905859132065
59.339199487123302	2.5212915366891777	0.50764765729374361
59.30198045308763	-0.12774847535058959	-2.4393076498520778
59.84597544455368	-0.47117753528600503	2.504165393775307
59.084256274104469	2.6117008946111757	0.49164829549627015
58.426144716569652	0.53518649900038306	-2.5958023092051623
59.6198657847169	2.7142366358082315	-0.6499015401088668
59.72434839259649	-2.4680732834044687	0.093634911986081926
60.074444165797956	2.2153646898958863	1.2326248000340714
59.285660635228588	-2.8634275166326142	-0.078162692652011881
59.221435137116714	0.34911140512643263	2.3605301062527824
59.278682520479556	-1.6951881604199823	-2.3696430794367833
58.426022770029327	0.77820749847815185	2.7930652881323805
60.108648619098076	-2.3728258159445108	1.4279135343047424
58.886497793436824	-1.9014034920288529	2.2609276995693879
59.618955581188501	0.5171982161452231	-2.9245873649186405
59.17435203347074	2.6731516506564752	-0.34338877308002785
58.744821722715237	0.38900605863887744	-2.5075621056643906
60.003344249671272	-2.470385659458969	0.808810745194247
60.10476222907424	1.0542955688976017	-2.2724475703769169
58.96604199779911	-2.2629528740419	0.60504930021519587
59.96931986119386	-2.1291425060467724	1.6185990863134156
59.595067623072801	1.8378416528537895	0.73261713185931998
59.573094362679555	0.33702027322679134	2.7176737049616624
60.036024656041029	-0.5870721550741238	-2.8520184783453248
59.230858720257991	-0.59583043929266466	-2.7808260182420441
58.959982531138891	-0.81792350477344511	3.1103442032626947
60.126360933624682	-0.64167313531632608	-2.5297007938394525
59.958420362521778	-2.5394421733061954	-0.71530623242615143
58.827073363075989	-2.712579932432813	0.77620820575796801
59.11510432792101	-1.4407458656878267	-2.0953966622580458
59.464310324052704	-2.8254430838076363	0.53254501448487634
59.617396941278237	2.3917323008377043	0.92275697953121283
59.524006701074725	1.0023703052811062	-2.2296074677941835
59.093272945449662	2.2153451994994917	-0.48461547604143085
60.101381383756248	0.38987479638445949	-2.5312616353836375
60.154546762996894	2.3917294197706673	1.5165552931740116
59.89402412090822	-2.2329758395442298	1.9513868482166286
58.815719586351641	-2.5582742115124231	0.21256424613655173
58.715091409907892	1.7370064620732732	-1.4019094518862363
59.4630534058997	2.5595056076929259	-1.8053353441770541
58.853640886278725	-2.1816657487955067	1.8068830260823496
59.495081814870517	2.3210341045780609	-0.81812374031361279
60.271042239597833	-2.3349027059064804	-0.77415674533960255
59.413042575845516	2.8657277287983236	0.11538911974047014
58.454943499159576	-2.4073488160159426	0.86123334472339919
58.714405614311637	-2.8086186723456783	0.27535051271615713
59.073861129673638	1.9514641829640558	-1.4981518143548997
59.168262349531311	-0.43702215511823306	-2.3707794114110223
59.291410649148254	-1.0805307495048708	2.1122927685431065
59.934643939461893	-1.1790948244500639	2.1009279517312738
59.230485074436153	2.4483410907418164	0.45838290772655582
59.337910084851103	-1.9421245632472319	-1.8435214860422688
58.797240833235968	-0.93959387353007651	-2.4057844523344882
59.984302216081979	-1.8243804416058336	2.35002718692642
58.947557693005933	0.41055570171390721	2.7735950312220017
59.05262719435013	-2.0263382433732287	1.3137259638188403
59.586774659225085	-2.8896623869770122	0.72883014083788045
58.561142259554728	-0.79489781102914658	2.2530370727127216
58.524399103439464	1.0687153047257769	-2.3278507527024876
59.823990494936588	-1.1068895759606587	2.5880393528875452
60.127134571393398	-2.6632594502511915	-0.96210097924596094
59.15770540324359	2.5793931307727664	1.0220120838942526
60.075586547821445	-2.1141713221101326	1.8959899758103445
59.431291175449559	2.2412000968611174	1.0088304886889858
59.260997434530886	2.8803394894455416	-0.094921289109258969
58.868470267669892	0.14536958245864304	-2.8431696206267412
58.688997684865384	1.897315940344688	-0.63882495944243589
58.364605475450176	2.8495545459122997	2.1968534046136954
59.374972271309822	2.7632139583640329	0.60961913369332932
59.763325737033782	-1.1802065957874321	-2.7838082783674634
59.789250261259596	2.2439489059555977	-1.1277938979436639
60.016015078334306	2.2939318338365666	-0.7144020600016443
60.099813838104652	1.7408518185320969	-1.4746131894548815
60.16034754051843	-1.9602568437548296	2.0355448905539575
59.843218365485257	-2.2803880860659618	-1.5256916144124555
58.8558001421003	-1.754658211448608	-0.4386801611603201
60.057575466886192	-2.6588461272385553	-0.21255927287028231
58.973752708418651	-2.2428309996895317	-0.91390682934112732
59.069472654883498	-1.1303173453100173	-3.0362447229512801
58.824199987723162	-1.3775033694945888	-2.4391797423613859
58.351965686570637	1.8641918081613256	-1.4227623298066412
58.832055587957569	-0.086685571897775843	2.8196928564232833
60.127239121989255	0.77836133013692588	-2.8195996370617169
59.051299099651729	2.3748927394732737	1.4201285403755013
60.222247690949779	-1.0649142775638467	-2.4253706563546826
58.206546581235777	1.3378378531786412	2.1576093550735749
58.689750221578805	2.9291945855298382	0.30427592736642428
59.835069500681549	-1.2428289190741766	2.3536096522130254
59.621450235001305	-1.7422563041423886	1.545130517023106
59.68226065894595	-0.85133383827126496	-2.542050837076367
59.414079400267809	2.273231858247581	1.5190680047691867
59.164602458201706	-0.17754942338512347	-2.6626936559890098
59.001148152111234	2.3564951926171545	-0.86881034735039209
59.882229274252872	1.8871428909971333	-2.0899024842212568
60.207708077294299	0.96591456324660663	-2.9567709595908442
59.499391440250157	2.5878474719003561	-0.081816107580610961
59.952450911377987	-1.4721220270933788	0.16610063789042021
58.852240870458644	1.5537128582526929	-2.3763398723634395
59.551859419872315	-1.5243581333673846	-2.1756237127811962
58.897575729584851	0.49487980336220061	-1.6817332695226888
59.897073644087222	0.14504896796261998	-2.4907118982934664
59.088855521136288	2.1818957341850593	-1.9201701304755616
59.85253312078099	-1.727435977820128	1.9039909030973785
59.763719136004958	-2.4606896176113398	-0.27747588611547525
59.89817204093255	-2.384416080626047	-0.62606111697027267
58.198210500665922	-2.0048115565982054	1.2986615950584866
58.866727004289004	-2.5031725419299726	-0.9507797085567945
59.451488293064322	-2.2721453397313902	1.6090312900705133
59.560508946598794	-0.59814052180206578	2.0639309525856766
59.028913879971753	-2.6993085508965127	-0.6345605702537912
59.841967213868806	-2.7339785023467016	-1.3098966784029158
59.456927984577526	1.9983141624251477	1.3082145904237699
59.257303773777743	1.3504057692800329	-2.3583508722529638
58.95887908332557	-2.0455336212112472	-1.7116994895026629
59.043439328657058	2.8104565315090344	0.36535283355404391
60.069431700515153	-2.4249149763131324	-0.79273519564501127
58.613671370870506	-1.8629094082022473	1.2041393937418494
58.903833205914069	1.8162018666498867	-1.5389321557395435
59.682493420021103	-1.1850744801080046	2.6425769768374399
59.656755274452301	-2.1988194865714159	0.64231594301597439
59.505592518100904	1.5821882005858701	-1.2509169690856623
58.93674343790628	-1.5218849682765234	-2.0474762680217915
58.96788003972334	-1.5362030435469296	-1.9603108351681664
59.638408497154551	2.3297989915478374	-0.51694797567221829
58.745217746227027	-2.5121997288747511	0.15241499691689034
59.10581150625854	2.7852193764548066	0.25840180612048158
59.129113695465392	2.7730403615404393	-0.39569722374214078
58.378061655700392	-3.1852968560750505	-0.019167429351287176
58.93429410500795	-0.19398595822895937	-2.2717330540857468
59.769615814487082	1.0542309127873242	-2.2669621518924505
59.533164846408049	2.2726958811711935	-0.98489093690694984
59.594311763275059	2.0218929728379345	0.24278195846960293
59.052495129281041	-2.4198890349101165	1.3404009362384079
59.806469223816826	-0.4997125804284081	-2.5053999049584594
59.295576690152785	1.5728091700387821	1.9932601051014147
58.562266200005695	-0.58930180839270219	2.2079472899749977
59.181568087204511	-2.9982228672478248	1.1285693124121081
59.771696452268756	-0.29755842769247332	2.6876736486585524
58.563957640927839	2.2999442327282584	-0.97063458701866079
59.397174734239023	2.5815599222336836	-0.43599919310132684
59.645359224318959	2.6033061885141997	0.42283743119427547
59.886299032421874	2.3459875840510001	-0.012041467594495781
59.305355765849463	-0.72691398852085776	2.5730201752369064
60.094482394417582	-2.2259047741341091	0.86125838078579009
60.018233971533547	-0.76247003843286709	-2.4417285005245479
59.838445441963387	1.218453885180274	-2.7559345280070064
58.788301812800924	-2.4402050855110775	-0.15272852883746166
59.65148501367274	0.71596233814442822	-2.4869541915946738
59.845550669816639	-1.8088604270666166	-1.4499940016585433
58.440607000072291	2.7727044165656181	0.37199856371809537
58.589338810972549	2.3845495151395695	1.1018498326381219
59.277023936359321	2.0464005641318583	-1.7488114989853603
58.396862544151233	3.4432059219353159	-0.1472708328268664
58.933954367946463	-1.967305330369876	-1.3010833928681447
58.448521238294497	1.4203701137107609	-1.9963904755532229
58.245519605936828	2.2925476511561906	1.3175466135018032
58.777272964751951	2.6624267560856616	-0.55082886633858119
59.831029171345484	-0.76261865222561953	2.2192134688181815
58.701734119283799	1.6784087232011471	1.7528460667015939
60.132798992028412	0.31212748799669499	-2.8677567545089824
59.724827529368547	-2.7329648709096248	-0.40881462098819971
59.435951489307342	-0.019849394454677656	2.6213581780955035
59.13527965754556	2.0037132545135714	1.5519118061106585
59.684296770923176	-1.0558005166589295	2.4889955684181713
59.67105309562416	-2.6119866249802066	0.21123174330023411
59.185617321545664	-0.26186954960819497	2.4135386546191935
59.356807190031155	1.1169407391935746	-2.045079020409001
59.196129213231018	-2.4441414545373847	-0.32425776207195817
58.58182441151839	-1.1295581240255599	2.2248922911948665
59.25692271814723	0.89194529252235566	-2.1880849004116589
58.678123002877946	2.9730585069891204	-0.53665045461094074
59.635229099293426	0.31025752238290549	-2.9444434517454932
58.909616017343247	1.7901082476070957	2.0527808912126773
59.604539657193143	0.57221804377542251	2.6331735896637425
58.986583900522994	0.1922032046870899	2.6499340792916151
59.552491607676373	-2.1097803135155035	-1.9364963658696002
58.275119490096245	-1.2134041997197142	2.2135830297124306
59.483122776890077	2.7162873028241976	-0.16900924407166462
59.755491454431159	2.5431462219059431	-0.13459130041344941
59.540698369000722	-2.0741567073045721	-1.6507441690849973
58.627905135528053	0.63040992581084354	2.4189639025399217
58.94828034773974	-1.23295648530518	-2.4785229491926764
60.191474260562309	0.10550187549132403	2.9319627090542286
59.682734788961127	1.758591237817505	1.1144463183433397
58.48824877430836	2.3200999750001854	1.6429076126937512
59.978401410117975	-2.3738283969283316	-0.3944485352760902
58.863981339691158	1.9517171024044757	-0.10346413673276547
59.275277626640268	0.73185265489297524	2.4073114186648357
59.53601012380112	3.3466841928943163	0.8175336080129445
58.742717654307924	-0.17355890657811723	-2.4774488824372431
59.783601845231587	-1.4447312579849036	2.1008050857641867
59.648261806680907	2.4755134856338943	-0.23314947986971957
59.722665501840261	0.37029646366063024	2.7351835906527362
59.478981581656349	-0.033811260205605889	2.8570571729878638
59.454414792515934	2.1678484009998349	2.1060780810091266
58.379380977533962	2.5115489589325364	0.015627169407405533
58.949966651130744	-1.9463825177039487	-1.384195333236121
59.090689607697051	-2.5158501157366304	-1.9593697501230256
58.411840507819093	0.89306211223493659	-2.3458124431488092
59.593022700516507	-0.89726418760565818	-2.3232025555507514
58.528487658920128	-2.3796277500227814	0.97250061105465402
59.765147017486321	0.97172137599554897	-1.8252663973101457
59.960591461666915	2.8840717908963689	0.98188226833771564
59.857397310940456	1.1774014166826821	-2.4490312766176117
59.944102526582235	-1.4384699647226045	-2.0503443578712055
59.616141553538966	2.795116885860407	-0.12985229642174123
59.383942892003304	-2.6034733967443606	-0.0566544087428471
59.896804603197239	2.1862531834157926	1.7214767034634277
58.268830704640784	1.3430231230923624	2.6724758752879576
59.418320781442901	2.9658084562749933	0.12915511054225362
58.523172113407107	2.1392960967700998	-1.1270583756369186
59.735862840880813	-2.4955897314494897	-1.7337825932028483
58.621927434794266	-2.6043752409023564	-1.0799816405844023
59.413396923329501	-2.0519263595230885	-0.069822609294448112
59.653012865265673	-1.9163911184870628	-2.0690221655896996
59.987207738926493	-1.1097314063129917	2.2497214829894849
59.00667075837459	1.9919760100184347	1.7055565447530929
58.441941989963588	1.8238165101713486	2.4373379978198315
59.05533263207623	-0.97799302551376921	-2.3445401957015952
59.687015016314831	-1.4555741537484279	-2.2705636196538053
59.07523488521344	-1.9420337229450151	-1.6368980464763043
59.984318801713542	0.69443866390485109	2.8673403904032493
59.120594135579466	-0.58896330748669679	2.2899656307123419
58.302622470188552	2.0759143962767808	-1.6051195534189291
58.851133059842496	1.7250140965088723	-1.8147558084960782
59.248848692188076	-0.093091410426823923	2.9233565551405132
59.142708556162695	2.1195999350501409	1.5963908108334481
58.626382961091572	-2.1213434483404745	1.4903514356096093
59.821081748213835	-3.0076856542840122	0.28050258593757699
58.352978711748378	-2.4506814032879634	1.0786950825270774
59.938969188369157	-0.4458683069685212	-1.9066995147102861
59.373251209994535	1.5858697650004923	-1.9214491105065776
58.692489456928044	-0.75670569413400157	-2.8237324425638426
59.663269824317645	2.2444877215288987	-1.4396127853716747
58.579894286835653	-0.0014511214391680451	2.4423021592114278
58.745970867523766	-1.8986312107069552	1.4388979224179796
58.78635799082074	-1.443880943824787	1.784758590623539
58.467123989956725	0.94827140923243647	-2.7355544977760564
59.824706232207731	-0.87661422237917708	2.4989803249617628
59.967472978630603	-1.9115589493034513	1.7596084309451512
58.884729691820077	2.6599361465180422	-0.73890512817399367
58.428723916040056	-0.078273562780819358	2.6179106513053982
59.810370287067776	-0.54866261260471882	2.1692334926645169
59.907651331232941	0.99885010690106435	2.4332724449575291
58.75026217157869	0.41282209457118602	-2.3711643315899571
60.063428606333453	2.3582153484914814	-1.2421157373313618
58.814111886612743	0.29221010241690443	2.1489251182703883
59.312137444660387	-2.5072314011167913	0.50182355758211727
58.84523499607829	2.1960129548462413	1.0284633072017775
60.204393205812586	-2.4566752182177867	0.56219337088605115
59.740061412497397	-2.3316074483006788	-2.0505727979184907
59.233727260710587	-2.1200121912342276	1.0581830895159352
59.87514165666574	0.32953285747406807	-2.1405775649854406
59.184217192449857	-3.0002047239306062	0.27701480638414844
59.114499452333156	-0.9968084092331021	-2.4202271318685478
58.324726602144409	-0.82419346916632652	-2.4858806116316434
59.026944213661892	-2.2751428187835416	0.53758137104909365
58.459305979368111	-1.3279766398810533	-2.4388704259983158
59.224078737562024	-1.3529327031963709	1.5446705088647485
59.827483718958533	1.9634007037604573	-1.9214382987641772
59.937294981519415	1.6423108175526928	-1.8308132192503106
59.330675514230293	0.024601193192049581	-2.3392615353665347
59.586927464263056	-2.9246825010890452	0.72372716407618243
58.410586718182238	1.2206453863800539	-2.3968901303906822
59.827334647198178	1.6587800601412814	1.9623604974537805
59.370957687943829	0.28135613535906623	2.8735582067769334
59.728044755315686	-1.6069365207154025	2.6020687695584273
59.625035324165189	-0.91414844686864671	-2.4726300880623602
59.982070714202266	2.6400468688704617	-0.55691444099253384
60.227336067540925	1.5412458562459892	-1.6264370121244458
58.340633752312563	1.3103961716730868	2.1610717540476441
58.517234242293419	-1.929055131645006	-1.9876725281690721
59.285855886075737	-1.7101712479212117	2.5009496890757443
58.661964692131264	-2.7511090089158277	0.46091836587523149
59.313002363722397	2.5805413881013903	-0.62712581555257263
59.549843073145638	-2.7565991970667016	0.59691196583831818
58.667961005331414	2.5565778007994391	0.32595266915258192
58.628883494318096	-1.6463553881888831	-1.7978742107112189
59.393336036446001	-1.4901514688622486	-2.351763696445897
58.878863201997696	-1.5266777472309103	1.9707616379197519
59.036765749142603	-1.5402215108151336	-2.2283088846962844
58.470933148248122	2.0598590844683877	1.5891212356919564
59.444245636420227	0.24704507874983075	2.6690505093907291
58.807723903257823	-1.2704013321675598	-2.1529632401269532
59.781648384037823	-2.4838392292856604	-0.30486084348365616
59.004667315823113	-1.6553147855770904	-2.2736111311385061
59.005366221208064	-2.4255585184554351	1.1380656172285528
58.645088169934944	-2.4722180537214027	-0.04274720213282094
59.810917373653155	2.1154193829143653	1.4166202547106803
59.139222356039554	-2.6312357073552994	-0.79754149345699898
59.004866683609379	-2.184474960545026	-0.86829475591121585
59.702693601024016	2.1706812707360128	1.7430816984512703
58.261167732154817	-1.9511471203056032	-1.6032881190267521
58.428858590392551	0.81857460047337338	2.7774621166555811
59.534719527243467	0.50951665374559973	3.0116403421355527
59.848926476588147	-1.1409847409227563	-2.1050103229230288
59.985804100931318	-2.0797968085180285	1.4449804361615977
59.37664839521797	-1.77212470004633	-1.8882785283681154
59.592755181822497	1.3142963575580093	-2.2673617521289389
59.984521997049157	-2.9885282051696955	0.4409613535595252
59.950675394056681	2.0025229926649719	1.1772741848939881
58.723484898024225	2.8747204181327768	-1.615104557685735
59.993894848453984	1.6658585282976333	1.675946560437044
