54.583047343840647,1.4140064465124751,0.39061071851482643
54.614103445139605,1.8625586005230776,0.27572814676800061
55.103987692697793,-0.10430425223213054,1.100729212088291
56.142796281868222,1.3737037770470559,0.37742039591187093
54.52762688289635,1.2354723162849923,-0.83505322254999725
56.219068832321781,-0.1952978471362723,1.8572960465461175
56.069716544376696,1.0466785371805116,-1.0310448611530409
56.037775004920057,0.13880171989337461,-1.2675259379275725
56.36887201992144,-0.48326659616528372,1.896101235132849
56.600858865235331,1.0471055100250957,1.2021508366515181
55.076119777610153,0.72241612778843323,-0.22402970333780858
54.669269556991964,0.77610139737921024,1.3516757573938631
55.673941618033048,-0.61841292793113967,-1.595202755692545
54.897988438337755,-0.8263884729503016,-1.3812597675608245
55.502803348373831,0.53361169916612405,-1.3192067395243634
55.13896701915521,0.74906541515476743,0.77713089209198405
54.883202033781345,-1.4956212426140212,-0.53745522296200465
54.741866828618086,-0.35364222824634828,1.8070470656167537
54.818674479662711,1.3213170268817709,-1.552011912468477
54.589903023325178,0.18129901374591956,-1.880681822374187
55.034013404550869,1.2893442796046715,-0.39824731626097881
56.285270791477146,1.4230906083970014,-0.54215076991865252
55.658997846080332,-1.0560584979225989,-0.81435956229073792
54.795879985112713,0.62625812094906941,1.1747184596094231
56.450184997403653,1.0736198212606409,-1.4120360372028873
55.462990423563454,-1.1831756409752903,0.37523812310073307
56.298027591009557,-0.61247082154826038,-0.71474503651871024
55.111594061740526,0.72121887993590428,-3.1126333174478802
56.513050972719391,-1.5464693550723534,0.97884305848939046
55.945393127186087,0.062126854425991369,-1.57673080387651
56.301097057369859,1.7711782639063036,0.18829948874436908
54.969521414302363,-0.43249071317475857,-1.617374250643955
56.307934358844392,0.31347987906898239,1.8689282173873176
56.436889911234289,1.4715651888193153,0.30719966558280143
56.214425454848396,-0.703739063518102,-1.7616851431262261
56.257731694264031,0.62342202779509726,-1.058196671635665
54.988589637468642,-0.91338460336757032,0.10723233823796204
54.488757883853935,-0.58725069343391889,0.47631976724549197
55.013650933797358,1.4146346949318063,0.74618783251172072
55.600927909289489,-0.67547618123760378,1.2626669462489668
55.386409474241304,-1.3489936677825869,0.96297364427207877
55.099188796985111,-0.21262077514690531,-1.4950838601943242
55.012005831144997,-0.1458829437785806,-1.8945270074066456
55.372379447105608,0.4326852551780177,-1.2570384680962159
55.37204809281279,-1.0187373764029739,1.124829131641387
55.016478979560084,-1.4811493430310545,0.010543437426446348
55.112143208490671,1.8141044544220406,-0.29950481763221032
55.780515760632341,-1.6415385051306994,0.64732194934732856
55.201843326200432,1.8616775326841084,0.38946347245772545
55.827078314488823,1.2040245120120434,0.9296803251109923
55.687832120413553,0.5484606758111904,-1.8880604240835057
55.573118577458423,-0.51574271762892909,1.481593987222213
54.978077450421964,1.1581956222791048,-1.0101831638512515
54.569027193180354,-1.1320738005184658,0.58362782166027882
55.280278896881541,-0.52065945446201323,-1.4448661588924792
54.591745952888395,-0.87522750418480166,-0.32397852229567842
55.515203281997955,0.38550470476068399,-1.4244344057219276
54.815645434570094,-0.6965158194415273,-1.2601227333908815
56.260939941825811,1.327214341005043,-1.4612218800516703
54.43694948376357,1.3297994375006852,-0.38692984994371443
54.93843902269969,1.5442796546177451,-1.632555542994409
54.866053535674993,-1.3597884203531925,0.79926439247153869
54.981431262767799,1.489763202849506,0.91511807836986614
54.765288212850102,0.20878230640983736,1.2717507908396561
56.327770678109182,-0.20749148385372784,-1.5031069774413461
56.216525396034875,0.76561304209909253,1.3355559799682302
55.920595239730531,1.1157748418970181,-0.27906782620886345
54.914670166333991,2.2179265520825848,-1.3783165106897011
56.42840729549669,0.48741242009662711,-1.3182426633509825
55.640542402833752,0.69419088505031157,1.3342515011120484
54.880937487545822,-0.45707300231633685,0.95318835900337862
55.145105519735729,-0.87064284708558271,-1.0957218870344105
54.725589958664301,-0.45158069136646733,1.2821888042520064
55.129897663526506,-0.11996786426733018,-1.6436750491934822
55.698419192691354,1.5047145146328154,-0.30106716252598359
56.312917013217337,0.80197384346231926,1.0869012775886608
55.9831289644968,1.7400768304173779,0.089745804902717913
55.964082286589282,0.61401972328419718,-1.5078048788624703
56.036239889270057,-1.501056305543234,1.0766857297617862
54.7210075830303,1.4224728476685824,-0.59880614723471948
55.248549675561371,-0.44801603430745496,1.3764312103232876
56.279905667499627,0.25104571915077323,1.0837453391025926
55.844422528310517,1.0071565286811304,-1.2570219590486811
55.330762483842641,0.90231461911298194,1.4552290418962353
55.674052218623494,1.6190537669551142,0.35726148880326913
56.053315529488955,-1.4011526897686566,-1.2997596213543425
55.784134271104321,0.96393313559645766,0.736307993057574
55.619315152360549,-1.3611019734466951,-0.23098748220621443
56.185312614243003,0.0083314690990645701,-2.0117997568599102
55.413505310881305,-1.6220383298813676,0.47242589527899981
56.41029221827273,1.5947170620642719,-0.26927809618410464
56.274705338123468,0.019938473995532606,-1.579711867228154
56.172631351883531,-1.3605050186626655,0.52302922236648142
55.202059279201457,1.7956149692777479,-0.37285141009096145
55.595721012360237,-0.48894377972613134,1.26817923749565
55.411718603275823,-1.7046156763067239,1.0404393409335249
54.698199483301522,0.37524982564072473,1.4109042574014377
56.109148944332276,-0.60337918640104626,-1.2959113670677558
54.806520132786254,1.7722097142380078,-1.121722948735185
55.455711591313403,0.67826604791812672,-2.1483617135614779
56.238955567197657,0.40107281199339601,1.4962582957180222
56.302539990871189,-0.37806531393517839,1.2853218136533162
55.212794977571988,-0.97028389201696141,1.5756291629302992
56.420322340562286,-0.88373044041796767,-1.0611374039612562
55.457593838581765,-0.27812293842776592,1.6224918685610701
55.803758599416241,-1.2568604307385263,-0.47828697714329893
54.991320796963635,-0.46251745942200306,0.89750365311872993
54.909095839270499,-1.0351700120709701,1.2880843503433654
54.563972095021427,1.1609734313738591,0.93360076646673584
54.836779933643925,0.50696527821345549,-2.0740540828218754
54.659583975844953,1.2942921682176169,-0.80110954495812581
55.241213163761316,-0.42041253273887258,-1.1918839050296994
54.670284285195855,0.16905703703025768,-1.5889716480002087
55.837140040747094,1.0311706912027763,-1.0088034814301003
55.055363645422347,1.3615595395056665,1.0254598291508881
54.549694937374845,0.45300836663829569,-1.35928301199048
55.481248340604374,-0.3121138655295434,-0.87277859827826065
56.31976678884984,0.46529291955577162,1.3329948362245052
54.952064636999602,0.44183230406229279,-0.98649300194340617
55.222353448482693,0.62157838600194248,-1.2237363784088144
55.762595180608166,-0.23577482444001618,-1.6736713267702619
55.84484564849209,-0.57184506598673857,-1.6346908261466846
56.346900318396997,1.6823758995914555,0.27582625687214268
55.96588509496668,-1.2163951761644269,1.2324758196110732
55.274954228871344,0.067184596436591693,-1.5115946739232038
54.635352731207774,1.5807495445500488,1.0635028112894385
55.75504833579496,-1.0921708189201276,-1.1642611583202971
55.476919572055429,0.81452174005118638,1.2480668817855314
56.17969062560578,-1.4842694068414204,-0.59101417440629944
54.717431970321591,-1.1899244997825378,0.098585087935645535
55.609447640271178,-1.5587403445363284,-0.2791870800027233
55.75168048914675,-0.053037968848349749,1.8724060394123518
55.149670942311005,1.5866227954246472,0.847399460542682
56.283497781071517,-0.88006460945283138,1.4948139011869253
55.763364741420766,0.17628927628376839,1.5831713981820834
56.130825063982563,-0.94449917815990136,-1.0520701694314543
54.934203635146403,-1.3753329237285814,-0.75239207272892861
56.078948372639651,-1.532082359356334,-0.13857386800322316
55.311806288548375,1.7852094628520345,-0.11781865450656182
55.276919335431423,0.79536567835824912,0.97458406887465465
55.260517312498365,1.1362405274365435,0.18845970332049292
54.649830041255505,1.6322345577565376,-0.3126508822724961
54.97143412000316,-1.3630017005869575,0.59856218221046276
55.317952635858006,-0.91753018387062035,-1.4073699301884601
54.795362603590291,0.68759447748506419,0.88778057364691498
56.186007390998249,-1.8030869196910495,-0.18791818635552821
55.190675756637937,1.0970815630598338,-0.87021523973952541
54.626148220134077,-0.86082543299698544,-1.6328982452502372
54.908031889181792,-1.2735527965413715,0.79388643151305605
54.598228812501546,-1.1876691153217278,1.0633420504250699
54.992227400538894,-0.91456418919744986,1.0161492601019173
55.677442047764089,1.6621889223668334,0.67919387948644527
55.914259547902546,0.8902331911093756,0.93600760587245957
56.120083918956389,-0.40063103937440891,1.5716185467524642
56.017293919075144,0.50193231195674093,1.3476814687476917
56.297309499087284,1.4574929355657202,0.73996409676465125
56.288454122902849,-0.86791741770192965,0.84973778953957135
56.401003691026887,1.7670652866774872,0.18650625585936018
55.575291846600315,-1.5926750874595588,0.073971191521851054
56.081065405104745,1.2324117173853089,1.2114580523612504
54.471352937692465,1.5184710776846813,0.60474810270728663
54.878952899069979,1.7789713187211578,-0.031809396054521363
55.121372673752184,0.051898564871430394,1.2506804463929408
56.247316881500346,-1.7798999178930901,-0.17989461644588042
54.65673945276059,-1.451924197122491,0.44351776155211903
56.194361031937504,-1.0873357364979181,0.67089352683379533
55.022648386512365,-0.70046871186888837,-1.1406311926701171
55.417996806279717,-0.12252158571803239,1.3735658759427156
55.263962795960744,0.77869265774071539,-0.96581850960099402
55.015255422395619,0.75055758252644544,1.2242971797475424
55.692280224507051,2.0109185397746581,0.29391010413476643
54.773488256022326,1.252086517130599,-1.4277277405018109
55.42193453013752,-0.42379755996872226,1.4391744742366108
55.425727895432686,-0.90422281145083971,-1.6529207720173069
55.436380362318936,-1.2158898451448659,-1.148852418305556
55.776415969697673,1.113175125047291,-0.48579976851971035
56.077309306917222,-0.23332206607962733,-1.5758893696828604
55.929260955265676,1.1917098012831033,1.276626989137025
55.296763261339322,-1.7901671778777772,0.029564386793114843
55.103326280772535,0.45417411653094031,-1.5666920257281658
55.580587531350183,1.8168577365309126,-0.22275976771591954
55.256889204054239,2.0093509989355218,0.30701220386165684
54.780945717783474,-0.43863596943789612,-1.6837886979112178
55.964870116348287,1.634162621200385,-1.0161738253452088
55.917390560571413,-0.16016377818104674,-0.92642089412195272
54.988084750110758,1.6690415438242456,-0.67435797664114616
56.133973454851954,-0.065099331479880868,1.8646668133937607
54.917777693109372,-1.7955567716421723,0.16599984655114869
55.51771901911782,-1.5980882929769187,-0.061969087915888385
55.348663802522012,-0.80943640889979374,1.9911575325845896
55.993328576027174,-0.11553710881589478,-1.6855680830505435
56.219056445292388,1.393623545274884,0.82718859903099329
55.181713081378412,1.2878164404088579,-0.93371095752240985
54.600468427389096,-0.39181187746097651,-1.5260352443002454
54.784534231076535,-0.98841467789173965,0.9521310600934757
56.106555719032421,-1.3915854153796436,0.15680768583752
55.987089301971956,-1.4064915325173943,-2.0369803449444492
54.967433568153517,1.9321260342190689,-0.57891806626112463
55.038720612013677,-1.6233569718956657,1.1507264461299784
55.508416704031525,0.89894913609007976,-1.187795444426454
55.726401965917653,-2.359253894701272,0.073745933494467952
55.578070721825256,0.040001638746920011,-1.5161809370619792
56.003636459232709,-0.42017566382845839,-1.5433044567990597
56.329652209808131,1.1783486144618753,-1.0560033961128557
56.408710223700012,1.7612773010915168,0.82831052523557125
55.712743706126929,1.2983782390692766,-1.1469321147984513
56.507212390089045,0.80357630942294989,-1.1869839117756227
56.181699965630756,0.92711664142866557,1.0383990111410728
55.097626751139941,-1.988829108474703,-0.51592614967681993
55.48293530525703,-1.0465048511844062,-1.5994528494315163
55.835159147552844,1.2065182871361653,-1.2863588080682289
54.696703361918473,-0.89669049981216031,-0.90688810941592601
56.30009548042846,-0.68933386696649157,-1.2037196360047477
55.62335192335464,-0.089547367654130697,1.0764704271075538
56.46086649381774,0.95290457260424333,1.2011427088533406
56.327951157924431,1.414561573494687,0.96274614577813566
55.189122943405373,-1.7497079461006853,-0.28759003870342381
55.279478738055033,1.3158203989231956,-1.0331693109733293
55.876339213121902,1.0226708723728259,-0.28818376047371069
54.09575536073288,-2.5875941533674607,-4.8262948048096934
55.910697504293388,-1.0256014403287153,-1.7279234278412352
55.421195793409524,-0.3692356140617043,-1.6622566511934196
55.305791367453992,-1.3605973107160341,0.43597054362907411
55.120258227983712,0.40478207848067588,-1.3187589766655556
54.82840381897374,-2.8236809949910375,0.9585308255146302
55.560592718017276,-1.3417492024604316,1.2045430213267136
54.809806900068537,-1.3675291838246135,-0.20798940403984326
56.120851550891878,-1.3457318260017517,0.24416226352913101
55.868023319146268,0.028001200663373658,-1.8076463657006934
56.458800218452303,0.68775358143881338,1.554001453103349
54.508373465215861,-0.64470576934631074,0.19799184393990912
55.144939742530234,0.53511351034406474,1.0155811276863751
55.612523476552411,0.32509902746557395,-1.5699409207322303
56.126381294523142,0.80217121278756531,1.1725290623624047
56.10146601404648,1.2278712058605927,1.2611023211812085
55.740028374487437,-0.75167174099836265,1.3295286814403793
56.178734225248249,-0.85972734552027608,-1.3902395864350887
55.185406276841192,-1.4400955451397626,0.42458459923535236
55.655164799253114,-1.4091702001623223,0.074520730225813611
56.302454743122588,-0.93947285401224456,-0.57464063928340903
55.331151637380437,0.45582522009413828,1.1972920158876437
55.576717087296586,1.624274261671673,-0.73581032867140261
54.765415878819276,1.4177633346065068,0.31837267526001967
54.860196166589347,1.1752815531675891,1.4408562080275293
54.520907076285781,0.37654442859810616,-1.9038680288639704
55.481046626934656,-1.2568986034857734,-1.0651646002725674
56.446510035083094,1.0774979841812444,-0.86460994927932933
55.361814320002779,-0.14235257891134281,1.6962191542613099
55.918925841285734,-0.91744518250848495,1.0908039832033778
55.217386491749615,0.93775967829091644,0.73280985746752392
56.165858979618122,0.029942899387465072,-1.7122224175397265
55.553879012039957,0.33759321235826539,0.85135531457193114
55.66868782912934,0.9573167626518041,1.4186946876663318
54.937697027693595,-1.4133294004052122,-0.74681381857868268
55.548383480581698,-1.2655907770024661,0.77247142375812849
55.36963405126933,-1.5582785608504759,1.0439744888468514
55.166097704631305,0.2419145134049788,1.2513558338621411
54.80864350733404,0.40676924208495518,-1.5633809094760238
56.410628962474554,1.5059044106491386,0.15612976844132276
56.472752213283847,-0.01326242700437197,1.6230248819338893
56.455407306925572,-0.9244846516109646,1.1086821941898373
54.984948116120087,0.36105326144765809,-1.7439178321172739
55.965451705389903,0.1960905627414172,-1.2976549723569186
55.772427958660515,-0.031744964036507485,-1.5829832121352945
54.683784681824932,-1.2159993700078275,0.24185778822786105
54.965322127159077,1.3746253289582671,-0.51640006503539337
54.757324202210583,1.8154307967485608,-0.70860549931117578
56.013586390684829,-0.94895129269807221,-1.3787550494549574
55.337816151473213,1.0362252599510029,0.6002165913531059
54.787416529746181,-0.28192398500671317,1.4130694780350581
55.819100865011855,-1.113284825748174,-0.36960721778996758
54.630467693554671,-1.5972017376694161,0.77135435404402553
55.791747905143069,-1.0557974361407596,-1.5254671215571036
55.389434033440708,1.6941035745913506,0.26961427961381679
54.741190224624198,1.1138530800807065,1.1633334463704568
55.782244049230457,-0.21162755589807936,1.767204434158713
54.844160605080631,1.3434262461309261,-0.7215230405331815
56.392116381813238,1.7280945334723989,0.50571131169930117
56.323951968193647,0.46227172400325051,1.4408591375712254
54.505701543153776,0.8753973696145565,-1.872769172953872
56.13296378084253,1.8164596722052335,-0.30724416032777085
56.222193533432787,-0.76578057959204204,-0.93556378255173489
54.61800104657285,-1.9240585307146194,0.20478964330069654
54.495021747959299,1.1623972890143559,1.1386567143569186
55.313546537313904,-0.6057385595644379,1.2567236543419698
55.790805913306791,-1.1822526741201618,-1.0878624090471214
56.046626605280835,-0.56755654848270198,-1.45554663670312
54.617484167180869,-1.5403672563607433,-0.69136011275578979
56.169699211145421,0.9065802116083268,1.3395653831296341
55.404612922428761,0.99802632359141741,1.4449657625773529
56.371822566061027,0.90037182662798909,1.1937404019858533
55.697216625489268,1.7157655052437291,0.58179463308804857
55.290210312703458,-0.20728734000878957,-1.33946979186732
55.798768623020742,1.1949768891602199,0.018903570046338431
54.759129061397495,-1.576291390826932,-0.28860230262147707
55.303732246100161,1.2708255269926692,0.74404832665191101
56.278502173770285,0.94968285213043957,-0.85807614248471098
56.444391132567802,1.3649115932300007,0.18400987174602457
55.384940316922226,-1.5003771967788644,0.74351420241261079
56.011212705579645,1.2926282131793241,0.73028000136417004
56.274554874321083,1.2979930463416667,-0.60248929493829328
55.759902912065193,1.5045511340299897,-0.10375794934490036
56.027089428027111,0.59569666326909199,1.809673698196967
54.87613066017466,1.0137041887049429,-1.0173786777278846
55.251640515059705,-0.52092955214625603,1.2674001373090091
55.594063425120908,1.0439993750199681,-0.72260548956788662
56.039219713310771,-1.5904608287053401,-0.23929689931179146
55.138341003932744,1.2763142525455771,0.49153016812759026
54.722816037468633,1.8742343953732032,0.72962221088738144
55.959538347051542,-1.3695358022005719,-0.041188989426734691
54.857411668260944,-0.61614502086591283,1.1130407031534952
55.566378835742455,1.7843394325044069,1.196022117197205
55.603540696770779,-0.5731982527300421,-1.822464587640144
55.15035190613623,-1.4049054427016348,0.099266655018935251
54.853381374068313,-0.85292033883533991,1.2732862310537776
55.354618626295625,0.77339085411307129,1.6756507894264898
54.789806396056292,0.87094714300108089,1.1785846337909043
55.672491116511345,-1.2552807369904262,0.90178830355821871
54.55908133288716,0.18977283360378075,-1.7252997321273089
54.534339689108755,-0.57907763965942283,1.8791468737884807
55.88602699848424,-1.258870687064823,-0.82660654745688622
54.840730032850438,-1.5502387327910119,-0.77809311152206151
54.544329900031798,1.871568487609822,-0.56790200512363231
55.291206817128035,-1.6180490442381801,-0.4182672502583959
55.865368663383677,-0.47084692535684575,-1.6166030639823707
56.198134031637956,1.1272205381919587,0.81316597114714373
54.596317356440899,-1.0611283668036566,1.3610819834076888
55.280727753674775,1.301769433535547,0.39991598934712114
55.19708199551183,-1.5106726355437421,-0.56328186121503021
54.988750127273427,1.0358428003031552,-1.2250393721258024
55.360356735413447,-1.6113248266083307,0.86262910929639192
54.635594116183391,-1.9755887404478056,-0.47183470851221843
54.77168939157054,1.7687301817711527,-0.86382334344032974
55.304600917435394,0.5723277776357748,2.0959376492796977
55.530462854029281,0.046560573527826422,-1.5816369334115126
55.998103071483499,-1.2089599013195285,-1.005302099654497
56.075903299758671,0.43332985225492976,1.598484731906141
55.483478111069424,0.58333981177832717,1.7860734141150443
55.00883561947952,1.5563790579092975,-0.35725450383764429
56.206347474967146,0.34288463690689786,-1.4031435310455287
55.380414069443873,-1.0899962283174238,-0.39034130752839807
56.371218662217679,-0.42397733554996048,1.3370661351032287
55.717592097406417,-0.35599079850305454,-1.2917440389520563
54.81136011759849,0.20054520178681945,-1.7740005156526446
55.001985077320434,1.6146861440685887,0.30799165411572205
55.529731491898957,1.4109306885622421,-0.1548437907627282
55.151017282594964,0.70260833810537104,2.0166865300344372
55.69243532399161,-1.0779217286660026,-1.4320774932137481
54.473752987160822,-0.51467333507666824,-1.5734742500106511
55.972475392169699,-0.54159801563964738,-2.2004413969759264
55.75318080914419,-0.15551170065762809,-1.5817648934351245
55.984348006725035,1.4024229673994031,0.77210349740841189
54.990252416833442,1.2007197036809023,-0.94837700076463705
54.855362511714816,-1.245980641677118,0.69460941712193192
56.277865228916042,-1.14336167836525,1.3419271803439481
56.03074090683107,0.36278228845827881,1.4588244364780181
55.848286775574316,1.3353750128297084,-0.7735226509473645
55.656809610840369,0.12413402347267027,-1.4952284616098994
55.76170152982295,1.3310901017024503,-0.4567659203680608
56.445758438935364,0.82663126221422512,-1.2258329091023357
55.756319893738329,0.74467043658341958,1.225836971306385
54.981428923565403,1.518972646586418,0.3738272410720922
54.664732416165059,-1.3309012886363729,0.62256326113639304
54.892408051474206,-1.7876974310728326,-0.10970188257654059
54.721900557072445,-0.87728970950206708,0.18872744649065115
55.707221034949512,1.3758330121467095,-0.51489812697204329
56.405773667855733,-1.6521718893060415,-0.13150738571886375
56.113828456850349,-0.88391992878589165,0.31221673061659455
56.394704214061271,0.95419600165768315,-0.41005346418353272
55.1170425089853,1.6455563082607467,-0.42101148865404098
54.904287464587547,1.5928718956831178,-0.49878046473113508
56.275539973693661,1.3421177999588978,0.94093718526512105
56.473325064047152,-1.7473851594818481,0.079524262585541128
55.869186076354346,0.17341888331751984,1.0991454707938029
55.075451764887482,-0.047599289269776371,1.4749194003188677
56.632358735091302,1.7149985790503182,-0.52842981620694507
54.817548728209694,0.41820261646673101,2.1414766209993514
56.25273917712417,0.92231242371236311,0.74446440691028359
54.481513062995845,1.2599350657643904,-1.0186813511519861
55.308319528997004,-0.059410918926199652,-1.721257527365712
56.425390911853981,1.2652081361062915,-0.77989364665848726
55.529139987108607,0.87680756541121407,0.79884190338650585
56.190716068033566,2.0262426171304306,-0.5183399599605677
55.47790388759956,1.137024608189017,0.93932536326003235
56.065165260721855,-0.84833784515532895,1.6004639014348989
56.177848188445815,-1.1706074631457326,-0.58469509496477756
55.961055784072336,-0.53973215692289223,1.5155642556637767
55.543619549465213,-0.19372944681457471,-1.2841105359039966
55.443180094406678,0.48265674433345279,-1.6831948315614274
55.727595863958562,-0.69322089894253736,1.4681540235975488
55.149304424126001,0.53228556072986632,1.467235751479961
54.484160580960783,0.10895980818021837,4.1517824972675506
55.174684694720455,0.75063076806428852,1.7145626552184077
54.975519470694863,1.0452492333962944,1.3836262041958087
56.104988514762759,0.088405657409021163,-1.5728895589488463
54.8466451684505,-0.20244671803211819,-1.3923108143426137
56.238607622301153,-0.45277479973005152,1.5808512999335345
55.807227924853038,-0.026032099658850259,1.5244805841442703
55.609819920264137,-0.66907168404905082,2.2054436172376164
55.469721649173543,1.3332862201529678,0.47720571410511248
56.137688349676722,-0.50723692832229073,-0.93167278936286602
55.036090942347862,0.23877847577794903,-1.5114000728827173
55.132683517679489,1.5679914579673546,-0.28695739309498042
55.995006472157542,-0.93293422824161965,-1.3072543168110515
55.053845390463948,-0.60717906266919341,-1.652495047379906
56.067307238554989,1.3982853056241005,0.023821153523568322
54.588564112984841,1.5768925277731609,-0.65956809863772936
55.369918522957356,0.43376340399854224,1.1695358748151683
56.243139173550226,-0.5127521741496156,1.3470325948654536
56.161225846987172,0.064903800092139557,1.600004451277059
55.904266825749389,-0.10072156296119168,-1.4680135247955892
55.172920480139616,-1.4328652021592474,1.3181853438113402
55.224057149648459,1.3793152638083488,-0.88044365324937357
54.733208846140094,-1.554046890189146,0.57188795506242041
54.497743265753044,-1.4831999710946528,0.48085787334573021
56.081938711645073,1.3517479756469251,-0.62608578465080389
55.86233512704333,1.7511115007002047,-0.095868783773029584
56.068449557205739,0.025475902975743262,1.224899650764278
55.839415386437778,-1.3942700235825534,0.71107602632370637
56.281713819001141,-1.2177685133660558,-1.3029318768324414
55.482799677291929,-1.50604993368222,-0.59259971825522562
54.773813069005818,-0.5216530571090201,-1.564369475152761
54.813298363655612,1.0939949205793638,1.0255992674547003
55.457751683117756,1.2394308833757353,0.74534603768340635
54.632866250698456,0.17001825955602981,-1.5520256083510888
55.346533753262435,-0.50327559692555102,1.1856663337028233
55.442786759897416,0.27330488533855585,-1.8271220639194137
54.569952626679544,0.020941742300908221,1.2447268016921977
55.422277770695906,0.98364758133393093,0.72572717268828202
55.364701870075152,0.23813639691163843,-1.6311761101691402
54.859233121682117,-1.0327125806313473,1.3281880515764941
54.815230393843628,1.3539569355217995,-1.1459123795287631
55.701894251421081,0.063411133019197707,-1.5390385431549307
55.964699199046507,0.15483643463200134,1.5368849698704687
56.342536527882885,1.3692931780999866,0.60556207334824097
56.302233219028729,-1.1574693454209171,-1.288701168959913
55.710982661344758,1.506472436712528,-0.37742056295892651
54.549067808978187,0.94252860668404326,1.1889450005329294
54.880960959530285,-1.4450741536690395,-0.23982713675557019
55.9741482156195,-1.5622109838453246,-0.29171739745813546
54.514900675309491,-1.0529033622672572,0.35972504924195964
55.261801489131614,-1.5924359128532757,-0.5731326399234048
55.440074576468795,0.46290873949735961,1.1049277906026618
55.625354347143606,-0.63424319687054931,1.3744457798372707
55.768495874296192,1.4959351337396125,0.63417956011926768
54.684765930532045,-2.389396195827163,3.1133253434839561
54.960143650836976,0.85801086132090931,-0.74654222032648321
54.599268508798716,-0.04960037429895843,1.7661561054005801
55.691976790857211,0.7540670371193855,1.2076573579261085
54.660858771312661,0.65052167626272539,-0.73465763359901792
56.370478971714626,1.4349798010443779,-1.1634010718265377
55.00067088534739,-1.6150558257902239,-1.4076302198183577
55.561279233195279,0.81688900499874129,-1.1782653892642376
54.588992116416151,1.3993289791370105,0.68268784509870306
54.693857572420391,-0.11052767838158681,1.4571287355409022
56.481768123819876,-1.5173926849991948,-0.31218702701717899
55.760511916235814,-0.65548064101805603,-1.4703817501975616
55.999909932518676,-0.64499360924972293,-1.3664794259894626
54.922288088976103,-0.69896653522531849,-1.6550942656392096
55.848070614051586,0.85973119082734573,-1.7141219145500981
54.707191354026527,0.62912596928283526,1.5451331759108147
56.376990558735031,1.4945394171433375,-0.23720957375253235
55.617743291961858,0.2332897273170072,1.270708714517562
54.904830350407153,-0.77839023802589435,-1.1514679112199271
55.287298279813299,1.431861868377436,1.0373459253603807
55.404772045177957,1.1324783074648284,1.056453948399223
55.53303266019946,-1.3012412503880431,1.048965224078038
54.89890389553981,-0.078183436600970976,1.1195105803997942
56.195256518092961,-0.043301959386387714,1.3714611260311171
54.512887716107336,0.60877092119993936,1.0739175330863091
54.885450080327786,0.60946668384265412,-0.95648876889580614
55.571351082355434,0.79598794936663197,-1.09855674898102
55.607214104403241,2.069672650551404,0.62009451981417418
54.752601660259657,-1.5914566173934344,0.4633422942085087
55.9603605230105,0.22191731998004122,1.2187784264146482
54.920121167277031,0.68530689589387084,-1.3203656119807861
55.998571531407052,1.2685845615245426,0.55294524501128939
54.545857473750345,0.26526354640449923,-1.3235005476566697
55.449821807257607,1.0285742241156188,-0.65214040465753831
56.024869459856184,-0.49022874878597616,-0.9781094560896858
55.861287779233173,0.71133676961136127,1.152025924621787
54.86531895226404,-0.87886111708552694,1.4795516883017923
56.211554510236276,1.14323913424567,-1.1474442214006639
55.084174941572385,-0.16248598127053177,-1.4888801270980889
54.570367125693053,0.12133996476298795,-1.7027158221762402
55.113362157453075,0.2043118653643772,-1.6257343924072791
54.946599572416204,0.50839200506238302,1.4622280719182126
54.684970748275717,1.6469042397094056,-0.68450948736827588
55.128595290347633,0.81891264742976322,0.79882647262525341
55.011669291978365,0.93733483809696294,0.58584630673569349
55.157297260288402,0.28574557318405808,-1.2576258688483837
54.583091337793562,-0.85085849343325626,-1.3217312427907684
54.769955473509881,1.1095974204332184,-0.82414477621666937
54.708173549699254,-0.23668088695268558,-2.5149230085966159
56.257574643709482,1.206349584008813,-1.3450817419161274
55.669374075311325,1.2771047926418242,0.7194381545195716
55.15135590749118,0.10449074402487819,1.6197667559506621
55.174097469696711,1.2292250405841672,-0.35348475358737075
55.75425773705954,-0.91898561309304838,1.6173152735227023
56.245605813744447,0.95239902162796208,-1.041454078516165
55.866120951030126,0.29835359337361522,1.7847270909653405
55.775185662451975,-1.140765605248715,-1.4722330346699424
54.730032868884315,1.0543161562918804,1.4427524003998258
55.506100943820314,1.4187572154768993,-0.44588371177110686
55.889035608055394,1.7447535617046817,0.195978711568537
55.857218831614411,-0.35827304455370279,1.618551782080486
55.483440846216027,2.1262365123104239,0.132393539340288
56.418051661383842,0.21348357700178822,1.5530150818987412
55.257947855241731,0.8259328920216451,-1.0748762811514418
54.788822163836691,1.3790691969049631,-0.25489331994303754
54.982950257131407,-0.38696766942414806,0.95419288992703244
55.978758766903574,-0.89223810543584114,1.2056110736485695
54.665727047019182,-1.2207214037636791,-1.0736095095724791
55.225221614360549,0.68281383230435211,-1.1159596401231984
54.644219618382941,-1.7580418208586623,0.058703484833537697
56.047825684683488,-0.87238244456241032,-1.5461960534432426
56.245636380864489,-0.57531751825686606,-1.6984555502907557
56.110039011182067,-1.4163033968388996,1.0368057395315744
55.004152375752909,-1.9006936813120374,-0.56204400851514069
54.900405794365589,-1.5919247026232288,1.2801168211045286
55.046391045526711,-1.3237361790405981,1.1595333144255291
54.906181035305067,-1.1170867739830155,0.8867969949014034
54.645943250424047,-1.6802728498127546,-0.81527180636648733
56.019874225065216,1.4545751151680377,-0.054635683007094794
56.162099784378832,0.74674273603103725,-1.2735342373841745
55.872639437449273,1.264860761841659,-0.95183781791048006
55.958108889996375,-1.8537275570596476,-0.12334809606255097
55.476129532038087,1.2951211784908936,-0.65851158805041343
56.331722625260134,-1.7953941518104939,0.019698123202019489
54.7821142997702,-2.0366403801182265,-0.65918894829018959
55.192930904532538,-1.0924427748638625,-1.2910768951918949
56.150690679307935,0.41973567314154159,-1.0717287937572999
56.352033282837347,1.1926260358838079,0.87302236496489793
54.889241585135345,1.5871247534914317,-0.23680480066702864
55.545689372383997,0.17331526965779151,1.744936903431382
55.326503557799917,0.98488832606017762,-0.95752551380431028
56.286085203797469,1.3557097217677656,1.3789557557215617
54.933802019810273,1.2135960785420481,0.31472189766707148
55.502149506947553,-0.94599597347112108,-1.7427161207566397
55.44917707815361,1.2505757752496747,1.0740119699955557
54.981239850670448,0.52448412308334158,0.99673989744755886
54.67426146809143,1.5470658758727576,-0.65773581176286
56.217873547543938,-1.077690209354224,0.79587718605287849
54.767024315295139,1.373472283661286,1.172245554647704
55.912166562508801,1.1925335011512659,0.18950525739305568
56.369247975802558,1.2407233965753952,-1.6586693221537308
55.329556899678224,1.6742139260428144,0.35418979589280375
55.108896672440267,-0.24763136141350067,1.5857850869289165
56.09925509074256,1.1005562733704513,-0.77970439806622971
55.267884543185133,-1.6094543457305392,-0.37299038060435513
54.964646475059624,-1.1562047098969046,-0.23076220072908935
56.299317880431722,-1.3165376235093147,1.10190048926578
54.904199795082839,-0.59261514799771176,1.0414773354730449
55.355930551296389,1.6637271199800316,-0.15240320661543483
56.15039024436723,0.079362670101532001,1.2294758854194101
54.967840515691272,-1.1785637003871194,-0.28651683213682039
55.58765815656249,0.46489471578411523,-1.3037023097361118
54.705697600908415,0.96607378026880786,1.5902402717243436
56.189223843042718,-0.67942788631631212,1.6795532012183112
56.462937668571875,-0.87997643798078418,1.19799951804032
55.617110046063971,0.84717680613143531,-0.4443958748026231
56.303807009622162,0.93146899539620087,-0.81387189402055204
55.329771440643746,1.2837450576927019,0.29491082232697285
54.88741231037789,-0.95380463530283321,0.74014235723905408
54.692641385688546,-0.84042930115232106,-1.5388653444894618
56.400471656547317,-1.6839338136181463,-0.1522675652051792
54.784069372650514,-1.4847504876681876,-0.23926557933761669
55.780517971212298,-1.191001149812281,0.15813399059638744
55.425654434795653,-1.7677202726547878,1.0636913219106159
55.495025279644452,-0.71821856622637603,-1.2582372634773999
56.463093446798396,-1.4755129441085331,0.41481322565137801
55.34261461619981,0.86813959042230826,-1.2602377323113789
54.979783457281208,1.0427244730207581,1.2905338812813167
56.374042696388571,-1.4266719115829283,0.4966302661572401
55.404355005594965,-0.43610850125350226,1.0995196802611846
56.352995450695197,-1.2860490028772127,0.35845429392425227
54.875927244979621,-0.14923132513973561,1.6458305629586132
55.320376036592016,-0.46088394031160257,1.2600414109599389
54.736940525606094,1.2723002656512494,-0.18744863494494102
54.871526433929112,1.2011914567069926,-1.041419539313174
56.435149179326707,1.6943045261435841,-0.47242153810628235
54.74784448123652,-1.0556297523280367,-1.7441771211631805
55.390711468771244,-1.6716999681448361,0.3371460628866868
55.076233040953291,0.11047110613734298,-1.2188664784512329
56.334979250048896,0.12291322407734021,1.5585900072122434
54.84857613590404,1.2474830108295161,1.5322212425925987
56.205598326237002,1.0279625953614742,1.2592633373465503
55.676154450749394,-0.1160434560770109,1.9281327621719622
56.312132284896805,-0.90576481036335077,-1.521148721025243
54.671573439349871,0.20928227350561499,1.6436064666105326
56.200490426257005,-1.6508249677256286,-0.32831542545249992
54.928989343491224,-0.4890490172166177,1.2940565099845664
55.593117899880923,-0.63459830726240518,-1.3711764041998384
55.203154477434353,1.6920591174752484,-0.57518478856176547
56.117563383245653,1.2021966616470643,0.47604853316637447
54.955170110602211,-1.3032149008355536,0.29594583110769013
56.182127044537189,1.2257088665581624,-1.1130709580967528
56.44748917521661,1.989400095444676,0.35943872270427624
54.681505038290616,1.2494909017820151,0.73718626995260317
56.247339145402613,-0.097847492913265832,1.6730726288837117
55.003397762502189,0.60718670501440908,-1.1755758676649377
55.821358350061196,-1.158321247345319,-0.58467709646943566
56.280506756727334,0.13182268427221053,1.3255070900621937
55.165094375222203,0.22231012851343251,0.73245157148466833
54.639295662657837,-1.3741614578700332,0.40344806692184515
56.313689841541667,0.68385618780980439,-1.3691344857196031
55.375238044974793,-1.2091409129515076,-0.89740364651421234
56.077097546792643,0.51534610145251492,1.1815642538071667
56.157647155575852,-0.23708193071645378,-2.0554916114569233
55.772892437134708,-1.5256005141317817,0.70550396215542255
55.50512650498132,0.3492482945687071,1.5051148857093708
54.849101486035956,0.86052105652702326,-0.16483145414624353
55.815380958442752,0.66576111788083192,-0.97905899283987108
54.942322607101246,1.0937779020559346,-1.0838957904734248
54.504830381814529,1.2404511535352878,-1.0736464630115448
54.953704759522829,1.3528630792081429,-0.84401793431336092
55.50372038844111,-1.3854596854035517,-0.82366794355779216
55.947222075922994,1.5358896703568725,-0.65717676303556571
55.521878989297107,1.3352662641582804,-0.87998995972577432
56.05550653320735,-1.6094898824337187,-1.3264480818056004
55.876572813050991,-0.14792777174113189,1.4532585884285922
54.860444891191335,1.2328700308066869,1.3903436673333116
55.389308006332946,0.82399539054665139,-1.3232947380503715
55.116560212202145,-1.335800496619761,-0.10452035946174271
54.94788446559788,-1.8576231383491564,-0.76584907353308818
55.139871898993299,-1.6592468973058008,-0.25844636261448656
54.491164471978315,-1.3364188021290264,-0.72557445362505379
54.524410317277301,-0.73535070228463884,-1.5936002452560414
54.474699864110811,-1.8711943795999599,0.3135799990122709
55.031391420906004,1.7701669726622584,-0.89292341583718537
55.676225162146807,-1.4021194567569562,-0.024723458256338839
55.168633238361735,-1.2938688445834354,-0.38563951239288813
54.715804806917447,-0.79250191508867018,-0.78495860426148911
55.761035144159116,1.868848704598578,-0.1697242534978522
55.612030747802727,-1.4921318579048795,-1.0111453749605506
55.440297155396003,-0.25416717549950929,-1.5093359279059426
55.602591924711099,-0.74443859948790347,-1.1133217307925132
54.956913297870493,-0.95755979237759759,-0.83890094962030215
55.674505025949081,-0.18122862191128977,-1.6709801973160159
54.885542876435871,-1.6615535236567127,0.039079044433981802
54.543495696412421,0.76109756837440035,-1.2372750491494282
56.281639367892652,-0.25612513147170046,1.0243610198779485
56.251003095868285,-1.2864779400834179,1.0495772156637471
56.393055577287313,-1.4522651736960817,-0.77337232624201069
55.771800562019024,0.497702447162572,-1.2232471717231164
55.316440011480822,-1.401721905477451,0.27492440164952919
54.454862393839882,-0.8616134183001376,0.99941980461591728
54.687326413636654,-0.23902151301613481,-1.4604141746739068
54.742417566449639,-0.036730051742755676,-0.4798213821909536
56.313583458501341,1.3043480041983175,0.66985746252570921
55.183031944906354,0.22194896177767787,-1.0345914132762482
56.308985200281008,0.58627701291932366,-1.0493543382923802
56.164768744969649,-0.93790423448232485,-1.480157308534342
55.753120676006191,-0.031136252554651637,-1.9110052273101112
54.585850173065786,1.6712508666454411,0.066966156171749586
54.936589127825478,-0.95304160423514628,-0.75110870777823191
54.701939096438998,-0.89648707621536061,-1.4181931841435651
56.121361261672178,-1.0951922094660262,1.5222573336547225
55.085086444187596,1.7409173103533155,2.0821363433016247
55.927270601441926,0.13599234413397449,-1.5804788806477557
54.918730598091209,-0.99551373737374449,-1.3890386972763
54.659126184625364,-1.3375681953974414,0.82194116385014349
54.89727430708664,-0.53278111353503932,1.5093897219764292
54.963057961107431,-1.4448548540836459,-1.2281881288079426
55.860105591235829,1.2275149454600121,1.0833996247434798
56.166057485508759,0.86385441090504445,-0.94786572091985566
56.296048079882283,0.35373339463582554,1.3431304992736621
54.799839841894823,1.4047072741344979,0.33951804519708817
54.730165026655413,1.4193264564724926,-0.88014939488651023
55.596418971640297,-1.5449204792873641,1.0859073663787528
54.97772540665391,-0.82874494646175811,1.1000043350506661
55.973824274786018,-0.83881830950549241,1.4621554484641519
55.67750484197272,1.0291484338570658,1.1138331442721141
56.468977600396684,-1.0665017688623635,-2.029559312614504
54.841808768483666,-1.868072960386107,0.21141558306565691
54.552575721710745,-0.29796004782979324,1.704235699037342
56.274867733798693,1.268914981871319,0.23600976119459965
56.420984874589315,-1.3878696135846957,-0.082504325220359484
54.577983537580629,-0.52485899646777068,-1.4728322128977416
55.565318510768762,0.85099769908185929,-1.2770457769711838
54.58060334230575,0.66065025553270817,1.7276596923002303
55.455482385495984,1.1358884581383233,-0.38916255307679093
54.927892653190469,-1.7712680753428858,-1.042346470024847
55.478057211190155,0.14611070427901593,-1.5009604128475917
55.423723514306666,1.4531173570992273,0.27947627465082187
55.776304113252472,-1.2584334925358913,-0.26819802459941711
56.191559590329085,-0.22283027797527338,1.2801284933054586
55.204430002012195,1.8736375342758338,-0.60575179004307178
56.174514055606821,-1.9146641081696527,0.43748268272418162
56.105361042944992,-0.42348483059336184,1.282164324242445
55.856325265622274,1.799227406356767,-0.15697403156466649
55.572894711448214,-1.1690831276106344,0.99974781580483241
55.748182529979289,-1.2812147877891837,0.56244180886383244
56.017046424226308,0.81203387486346534,-1.5932199959392737
55.186067398739723,1.41049233633016,-1.3115825908995455
56.009328323007054,1.4342878667210091,0.98001091324789702
54.6189924688194,-1.4685901420973535,-0.19691454901788377
55.647765650435993,-0.69936411799068754,-1.1781074455197271
54.973530136089821,0.50981196152563257,1.77501429558401
55.829853593303241,0.68990096303829562,-0.64369377469301781
56.358931100031086,-0.71669175442165745,-1.4304011975429787
56.356557395287062,1.6687224259363009,-1.036205321898882
54.425941231310247,-0.853678098708189,-1.0446420153396625
55.56896575759967,-0.56979180474986435,-1.7890489686453914
54.681755407415082,-0.84618286531259612,1.0019973269455953
54.990301073863378,0.17970800547299676,1.4984958541533702
55.730199495130513,-1.7066260179530339,0.2425583455016331
56.290129537766781,1.2816991358458147,-0.79407180004171207
55.972101100046267,-1.0213135558349127,-0.84123011692158634
56.32551091560331,1.3810422253144861,-1.3519727309448037
55.325038023122559,-1.7199493593537944,0.080467029989665081
54.919216953651407,0.90122874300434164,1.0913479665106953
54.994345451694997,1.3197715514800725,-1.1715969454588164
55.933730153911711,0.43379872914645451,1.172488688627586
55.094909220534305,1.4788616459297121,-0.99894447718282897
55.900504665820264,-0.81843407699195247,-0.86448133593657572
54.874635076302788,1.1847067176799209,0.92265543801767924
54.723732800673453,1.5293392016473986,0.40507954148645564
55.663687567593129,1.0377918067186116,1.3190022646668824
55.404550640985597,0.49930544220476603,1.4086709258803309
54.449203163001371,-0.15462768594143711,-1.7532335723903252
55.886062861962834,-0.99351023942887506,-1.3111664721355383
55.359726445080867,1.5436032510806317,-0.52951938959099365
54.936501141829652,-2.20898831463023,0.4924619021894921
55.406816650338712,-1.5349828810142148,-0.13137654264163648
55.883637958685121,-1.0631819503320157,0.84792123535059583
55.759389419053143,-0.86830875277552233,-1.5521267745698104
55.851480841760591,-1.4375567957897075,0.52492264659727905
56.12904980131853,0.79616282291998464,-1.3501254006520551
55.318803657817305,1.9271940299160593,0.38504201563484897
55.213780375378185,-0.076314228446790061,1.3646581192042466
55.473727691244818,1.3318459196438988,-0.73028737508165931
54.994280491486045,0.37804858881329473,-1.746910442995957
54.461544407443206,-1.0869752998682241,1.1955974067601336
54.717496527854621,1.3890326082745748,-0.9387048127186135
55.394534367365502,-1.4609230030717013,0.39250030903870803
55.022772607745331,-0.12010280968468624,-1.2149805491774592
55.210344980593511,0.94918986368247571,1.4447083240601497
54.767304102910288,1.270396230321936,1.6180499313794938
56.335318783781069,1.057346859273848,-1.1943668970085131
54.983014625228428,-1.6131044494358611,-1.1813524307623016
55.294954675004533,-1.6542364808061911,-0.71028137134314195
54.656233799781511,0.84224411367942031,1.7266281985488228
54.870688776517113,-0.83175779498657354,1.4331824850622097
56.33636059746226,0.5567975426611228,-1.3955873057502095
54.693075324999441,1.4694280152011991,0.87665002187620822
54.760706865996063,1.4966465654630747,0.23088286663369109
55.663895314171114,-0.16598258849816905,-1.326888547033475
56.335824316053383,-0.96953344751101489,-1.1494256436084811
55.414796740490324,-0.97474620031394554,-1.122973513237332
55.516227463779238,0.68178200089485153,-1.4774034847309172
56.115884029687457,-0.53676000060450446,-1.5475158019166388
56.327236573046854,0.85318562057496228,1.3300678426844805
54.759034562324779,0.3794681950542857,1.2056833308752679
54.582567318197256,-1.4037802712887755,-0.8201661172646636
56.062895595913659,0.7297366772011542,-3.8590687168227009
56.243923157944145,1.2626621044439823,-0.24688838511643615
55.230360526059179,-0.049045163550731623,1.2490743643983029
54.770375172104011,-1.395203920764537,0.12966832846912318
55.203122978657007,-0.93678915707868582,-1.225067015907193
55.306662744364289,1.0694986563510613,0.8464431726210605
56.197583270455517,-1.2032937563764086,-1.6819921328071352
56.41297534034819,-1.2570579240233455,-0.71014478793991276
56.320740759623106,-1.3174877563795646,0.67125306760553172
56.091698930719659,0.17380124708629466,1.287290893999063
54.733130526016197,1.7113408149949629,0.73118777808886892
55.381174675843049,-0.022565733328469281,1.7507453876362471
56.056283238211421,-0.62662852095987354,1.1295950596827879
54.953131715162058,-0.25631491857183791,-1.8000141077454304
54.805560205207179,1.4734628221207249,1.6949561070077235
55.450619232721778,0.97524414357708233,1.4872303073493398
56.412263050511903,1.3223879342527329,0.85119027816144821
54.832987656150202,0.93179676434523606,-1.4630021898270582
55.244718265535965,-1.7539841308854247,-0.20032806423466912
55.962071470858163,-1.3108528885274984,-1.2437323309232664
55.930709126423295,-0.56450586941889735,-1.1786709638548556
56.35999345602562,1.2453361747711309,1.1873316212658329
56.348220509964456,1.0606334072759118,-1.5300161405781207
54.461428813753777,0.58105645565503428,1.4653984558586437
56.215799365792428,0.83367577913380908,-1.5931247609967905
54.813402285923409,1.3917249113922527,1.2150550298042728
55.562704064655151,-1.1791353522819135,-1.3044774084130042
55.965437253729519,1.4325708416443281,-0.22225008130074517
54.984576341400839,-1.0533228621432431,0.28173998194181399
56.107477532049742,0.61982030479136574,-1.3552148610055816
55.114525728957084,-0.92442108836635073,-1.3388392567652905
55.726313207180191,1.5750267940034643,-0.078441520947684321
56.069608081324247,1.6396729691455323,0.66601477371023532
56.338790493896333,-0.40533500666764322,1.6558408342090125
54.853530859370203,-1.2260719587833218,-0.55489262980943166
54.66344184192161,-1.5388988347198016,-0.51735764024385522
55.900418799666937,-1.5027002895139545,-0.06677793576657956
56.39006216164978,1.4243388438082698,1.2148577965777614
55.420432779553039,1.1806715117670179,-0.088151752064399735
56.100479437663104,1.3095158596232372,-0.65706053121765318
55.065022113747283,-1.5148125376864021,-0.61502253841667986
55.231492373764652,1.2375306449313639,1.3677164035734188
54.957484004406851,0.85530005695699951,1.0503646765660504
55.655414868903442,0.12948583669199942,1.27636073234906
55.017878460405328,0.74434974980306856,-1.285668383998946
54.895189336638985,-1.3010717434414589,0.077986290093998684
55.169812204863057,0.75359911453599682,1.4579855123255416
55.131865328655394,-0.86013495158905884,1.7054707554894699
55.294581352693257,1.0453135504547406,-1.249569030881728
54.68765722286097,-2.8092085742691189,2.6432072685981991
56.542238782973108,-0.50493301329794482,1.376784963167216
56.215172745235023,0.13705517073665122,1.4785606979280799
55.874457814157779,-1.2347288159795657,-0.85297395049696945
55.572875615573885,-1.0122383847924097,0.88824409105151958
55.163917824925342,1.1281378535861557,1.0819583495384526
54.897977438863272,-0.30930818842533403,-1.3163125025508804
55.248150372525899,0.5757902208509621,1.5923820202005152
56.45849237469082,1.1343358754698134,0.65902927568662906
56.298389082980307,1.2347653091249524,-1.0661068644209246
55.191842352767225,-0.74036901904881824,0.83962936034235469
56.208720490318534,1.3500297840854985,-1.0467408284665658
55.478505416245724,1.2555453248212267,0.40699260548682176
55.70592043073836,0.49986530269660245,1.6739322640529588
54.528205641221405,-0.17452165913479267,-1.2252806321875238
56.13220695904549,-0.4042788271704319,-1.318203312931485
54.970166599603488,0.94358381368996314,-1.0025428152386966
55.567728963240235,0.64126949708292502,1.1835345740009338
54.821000057355938,-1.5700012594263979,0.16430980214319577
56.031629679097172,-1.0352082202149606,1.7302921154248652
55.221092939158375,1.3677824390987463,-0.84196704801851696
56.272967812358878,1.2513109847854618,0.43482147905078639
55.282004417093738,1.4397471429836042,0.27974802101200208
55.532114541180974,0.34043804075404699,1.5131677399816623
55.91991816511235,-0.0049293073328596374,-1.4836298090065865
55.097485209308623,-1.2090834011608211,0.50601178643472733
55.766439455483678,0.97564135592530876,1.070606513242139
54.768087138236297,0.22897022735419933,-2.1219592001283565
55.060381405648599,-0.68560201890669104,-0.83141350459423169
56.364107958581975,0.63410258802350772,0.73905963817605835
54.908920200085113,1.6069878695437303,0.4972801090612482
55.095909247354136,-0.51774258460180922,1.4428419487887563
54.834572704042614,-1.4179216240236019,0.23453280529044104
54.997557892713488,-1.3848398323119828,0.76276036943959136
55.03503195291718,-0.1521807218078462,-1.2071819495597951
56.442049334717879,0.93239138758927365,0.98528451017328555
56.479033875143976,-1.7164232742327901,0.52103578740077761
55.834178650769672,-1.0413216771141387,-1.1275739156369773
55.893931677988476,1.0206419433722236,-1.0745754095708309
55.90587325940237,-1.004645213436242,-1.0602661790541019
54.706297167276212,1.3167479715590398,0.86736637167414798
54.81635215175789,1.0059600115219152,1.8068963003336687
54.917062806828199,-1.6409950476555568,0.62371406362816662
54.979978404954529,-0.33630683762620339,1.6459299017573772
54.746056096965681,-0.8849836478322165,1.4603404791781067
54.901992678240255,-1.2057740634499043,0.88251234101204989
56.368713541331758,-1.0834734781966551,-0.78905136650543961
55.444424837689972,0.93996673298341571,-1.0381186583125404
55.644432543701832,-0.91299451556108535,1.2895882873211948
55.54898482015448,-0.13014362367296844,1.3994147311663396
55.55915846562403,0.3785811201682372,1.6462831567906686
55.727630976965337,1.3938426114196629,-0.75653873231942881
56.303609181585649,0.39271451557354814,1.6071938489182918
56.432915185083317,-1.5661649013994814,0.23924752348333719
55.365110690673632,0.92959426320543026,-0.62916195549798548
54.511420976794561,-1.3321873732201326,0.43556715116320799
54.86852551798269,-1.462771024687038,1.5077263642287819
56.14506565410408,-0.06948941881926568,1.7621643933062578
55.353571265122525,0.64496872336036593,1.6757042307746
55.736656368065091,1.0491336129213498,-0.96262322464423999
55.876663172108771,-1.4617567024387621,1.0534471454796364
55.026828904670793,0.93141428197669651,1.0052207075986495
55.214020195385444,-1.4195429955238237,-0.3599369212398088
56.364611833125302,1.5127079366074876,-0.095342903190654207
55.384513722239326,-0.10859072273553386,-1.4205828593254195
55.883340710948289,-1.1812206940777803,-0.54041539390269033
55.63195771536153,1.1389274562131446,0.69591895566369977
56.361510788978379,0.87526781202888193,-1.4025270779328551
54.90523035156113,0.33623750684196912,1.9211488545268962
55.225839241983643,-1.3040502359009507,-0.97538595173761433
56.18690369890934,-0.72794779269312138,-0.85336878666416605
55.409474626431603,-0.1415590115246276,-1.3829024628014221
54.83066616870984,-1.2562376004682236,1.3473827886773229
55.012311059439511,0.9565499124939707,-0.97970374631801949
54.628398328278401,1.7513340291930422,0.3210829363237791
56.245826138726038,0.17221871216797224,-1.2094649365582533
54.478803253825134,-1.4198647917491805,1.1121198183125645
54.839730887012593,1.1666191811455366,-1.5404702093242846
55.384364462933306,0.2638649464361415,1.3898207337116428
56.216064342812757,1.4398159506958188,-0.73513276733493649
56.370940149849268,-1.2275396326477386,-1.0951455869783537
55.325230226462402,-0.29434480798811324,1.6059982544292819
56.303499548766794,-0.019603419586406785,-1.4930734477516041
55.280900688802916,-0.43885033458253209,-1.6417162932970382
54.75839859198431,-0.42263368521794342,1.9652696295165102
55.942561836670535,1.4841932014741848,1.4308168125849885
54.529594145759567,-1.0140045270214835,0.85253341915639513
55.517426366615211,1.3484978575091195,0.30235084799353323
55.243036681107561,0.24029164471395809,-1.2636625574836549
55.627346240537335,1.3887224894190551,-1.2392594904321879
55.794769873159794,-0.77599460795786357,1.2526180063171461
54.875676547277116,1.1047383419897803,-0.91462124348961149
54.90421330138691,-1.8225872214534871,-0.3632489857776065
56.104176672855111,-1.4040611728587049,-0.066613961049792975
55.78081571317972,0.34763539534127375,1.2262642021934154
56.078715651961822,-1.1633883048107834,1.1683466726693155
54.921235584700277,-1.0531941336475883,-0.80405920865095859
54.639203068435741,-0.73277359406261944,-1.1655725805907602
54.948284537947053,1.1874163869435392,-0.069208610418906691
56.093972252262191,0.89163125684279898,-0.75378614203944694
54.797398453888803,1.4871226945568901,-0.20594840533101524
55.424910726183299,1.0148461374150664,-1.1356628667140405
54.609926583624123,-0.75383596593249891,1.7780655198504633
55.446865298308509,-0.72777662672944587,-0.1921602551583749
54.65597270992037,-0.52271998216222626,1.8027776897918599
55.067565052547749,-0.44900340300250291,-1.8058544789051025
56.183925447259611,1.0050964572238055,1.0703687847840442
55.219308434259702,1.605771740125205,-0.025458402128850584
55.955562745586555,-0.13942636815471163,1.3255166239349299
55.277801406134046,1.9989244822530712,-1.4445147317844929
54.889935729436139,1.3674482071489835,0.7351509503043715
56.229973102408593,-1.591514376497797,0.016567325615342014
56.389490645872399,1.6018939735120261,-0.084798741602584549
56.581355971148263,0.88081315658243509,1.107236638685521
54.861511396304792,0.19282441197249203,-1.3157490732341206
55.758036210068546,-0.064722681099504992,1.4247067882639923
54.993449274496037,0.92583290045626876,-1.4973483008019337
56.559035685643394,-0.4348188676844234,1.0400387795474133
54.53944017020666,1.0074338237128728,-1.8702819788989626
56.090697360955524,-1.6563517688032812,0.53773559435909313
55.22403588142906,-1.4204876118339951,0.1794495776713888
55.371617045353076,1.043698475320991,0.5607577288838409
55.404489757758348,1.0076647300244179,-1.2012961785285423
55.226308202885782,-0.69353545781707127,-1.6557786628379449
54.785574562627176,1.4186124715229829,-1.0678796221049107
55.737444523917056,0.94653637618420416,0.79203769204692487
56.066058605261276,-1.7012573319330591,-0.60627316587156643
55.464317090670363,1.0368654780883653,-1.4963383833773793
56.194354356452443,1.276620826696333,0.39106014919580995
54.998561546094081,-1.1067720744956469,1.425087012911759
56.253048607280498,-1.1410401207443406,1.3145264272578487
55.690921802981073,-1.0629381767083552,1.4923590000842719
55.416874324263588,-0.8960656432521279,-1.2425696957145025
54.43878981440897,-1.3823523587390858,1.071554792231685
56.000965617584981,-0.22438623942414326,-1.5367252990403932
55.347983633542334,-0.32308584587945582,-1.4984643661124049
56.017889666520936,1.4350004630542268,-0.0057063892150149339
55.414223165149302,1.0410683155010969,1.266353909151116
54.86965129942633,-1.6717830415331085,-1.0649798178670831
55.62108839878087,0.076739429714439145,-1.8411941493124722
55.787720820524314,-0.072280527417354537,-1.0602391429996116
55.953146861401734,-0.29574163310954188,-1.6059766327281044
55.819367613487692,-1.3960474173144544,0.70911408165743961
55.42138619586764,1.4359988099251153,-0.57096339803578344
55.69237765200139,-0.38422801532459888,1.7547907486396248
54.838258026420675,0.35282381953092096,-2.1553890097923647
54.800670401343581,1.5754851967729988,-0.35390107898950018
54.639549319931398,-1.2924678512460923,0.46349024621939644
54.858270340342926,0.92019908299144626,-0.80829084050628275
55.081590400738442,-1.3681013199470575,-0.043757693098997401
55.411130548330668,-1.3292777935707867,-0.28038524289934275
54.931999636152902,-0.98431433139571844,-0.98318823944794631
56.082265423971691,0.080479882663669927,-1.6623482396329381
54.980258399799062,-0.30953428674803202,0.31434016874640974
54.839352679532368,1.2012630744951032,-0.28852468056105596
55.801790486225194,1.2951352180138769,-0.52056942388739569
55.817636224461332,1.5181202566781165,-0.25326385682708902
54.641434117402461,0.84089997238399528,-1.4823292665627001
55.917709861474258,1.1323999982413384,1.1416328968960698
54.563412385903206,1.0856457068096557,0.80360846364962524
54.950891540767117,1.6079943233609126,-0.41408630944758812
54.873252898893618,1.0143536193483829,1.3926312460371981
55.466043143696268,-1.582506732232823,0.015976838400896812
55.836231640904828,-0.95278076104206566,-1.2853404489454825
56.319450665436463,0.5005983044762462,-1.402851671124983
55.877272301155749,-0.54740650072988051,-1.3885559931437286
56.348518389495879,-1.8019966382790502,-0.68707949138417812
54.866700194257504,-1.7205604486131127,-0.42351427019450144
56.161089750417176,-1.7108278249453024,-0.091503210758850317
55.823384469950419,0.49445047425903121,-1.4331707018872755
54.718169808384516,0.96542903489099852,-1.2847901593193294
55.010160525354827,1.0849405586351213,0.96548208596922247
56.141073270513594,0.77355776763028505,-1.5613362616166109
55.749044605926329,0.47662933197650853,-2.2578362510263896
55.948612802338765,1.5204783075350936,1.120882149928947
55.428064642395682,-1.407981374437558,1.1409601685935373
55.080785816638183,-0.66522463922164732,-7.3865615141870142
54.630166076683736,0.75351656372989484,1.2440844520645573
56.410514236432277,-0.44583716959792369,-1.3876058955079584
55.49586883218155,1.8837674229422325,-0.68081469882302237
55.155517838691949,1.2158970667265379,-1.4747656186726055
55.862257851505696,-0.68943157464086147,1.0115499015984406
54.994824063325034,-0.094579856499739726,-1.314547486472166
56.008916292925036,1.1227264065481628,-1.0234834183282362
55.747134197150892,-1.4364899665827178,-0.88516351394172998
55.689135459263866,-0.97519060256121781,1.5560877180526556
56.122860049206842,-1.1494371066108895,-0.9192937897782858
55.80158460826236,1.1236090217590855,-0.88586542586379291
54.45952708950805,0.60450622477572702,-1.9080888597086711
55.606913985675085,-1.2454981229208097,0.36152545472680975
54.642925929330552,1.5332896302126167,-0.88380343827831265
56.300850588887769,-0.62648037204529261,-1.5268973900532057
55.184024545352038,1.7600472231390383,0.30610457477703445
55.00277643082012,0.76809299878886661,1.198870935177442
55.94070092075642,-1.5025673715641774,-0.33256255151957542
55.684939530958964,0.70793086896403234,1.5268044560077387
56.203813844885168,-0.18498790887295352,1.2848610372659961
55.795510178146813,-1.2018761492819092,-0.79469884414960912
55.088086949777797,0.51261557581718376,1.6441484929432713
55.858076428068493,-1.7512483461600976,-1.1735101858446
56.379159959302179,-1.0657273486828671,-0.54619772102036868
56.15516017259467,-1.639356154903612,-0.53927090567645852
55.554768302007012,-1.6763461711223788,1.0528567518846912
54.89313996371061,-1.392312871470557,1.1576495055838052
55.494731351220182,0.42162761213724403,1.669717829433967
55.234321932428074,-0.22445714799750932,-1.5903401005768356
56.023420860003242,0.70997392060420916,-1.2184217121166083
54.738301793228715,-1.0841135140690852,-1.479822689360647
56.252586044752441,1.081369867791548,0.73531642605176828
56.303626899037084,1.3023097049970602,0.67131938810143366
54.665431316780193,0.57950112333967763,-0.85024347643133236
56.004521911067485,-0.69960700916035023,1.7849181406206251
56.420995194000703,1.0725447509534429,-0.6056672139923005
56.24094402193743,-0.012674842023997877,1.7532189828330691
56.386746908389547,0.55122444203977039,-1.230123378466635
55.519965550927957,-0.31678318738882144,-1.3691562343521304
56.051950811010045,1.7097864941497456,0.071403354897858942
54.712219613413644,1.4273438861363152,-0.12327499366461799
54.949681658582392,0.41357674515691528,1.7989923011961684
55.922970322980284,-1.6883913707665421,-0.085536168350103289
55.49458645688383,0.99131259886792078,-0.92621316693913325
55.762745312801435,-1.0900088019176566,-1.5220496692113048
55.481381462201632,-1.194074454272515,0.20130622648253022
55.527149826657805,-1.0512088200482128,-0.98023041556123947
55.931973443760356,1.54739928639683,-0.46807255027904493
55.900728236935748,0.77375475188816323,-0.63662512475285626
54.903168668888497,-0.0083044351143347472,-1.6852801015684609
54.838253742244596,-0.48094024076568365,-1.1697912466457625
55.672492968668145,-0.89695842200075449,-1.3089801410258981
55.674810132053466,1.1243805217266929,0.23117906607028899
54.653879035243669,0.906802747309574,0.9786155968899396
55.346243367937291,-0.25413853240042622,-1.3117719450241632
55.590177932832567,1.1345756075669975,-0.63642800756313544
55.31168687788346,0.21050046091487068,-1.1215957372592988
55.672311200009105,0.98377500842039889,1.4239798967018837
56.451174309968003,1.3757779971030926,0.92720233841859023
56.140373022708445,1.283534900824352,-0.62324620101737993
55.713869301052362,1.1538283109755667,0.30609718332347019
56.348541767690627,0.7488952115754498,0.63597097688936843
55.258768267836764,-1.6276896246733963,-0.56887670141744262
31.535737519737761,-5.6774679647737818,-6.1039516442145167
56.489894863679304,-0.2084284514348628,-1.5946102584622501
54.91910012099796,1.1223018092525818,0.54334924479387126
55.623313111222544,-1.8511038765341838,0.031002550510146238
55.745591810196437,-0.8247145285213624,-2.4448199881734638
56.213059515301943,0.70863679010964253,-1.0545761366429396
55.426383726379164,-1.0101472138145373,1.344814879362801
55.45189238377602,-1.5591369428792932,0.88724482437628005
56.499563715498148,0.94801580684531739,-0.75222936442320332
56.223021603667085,-0.92557665102461617,-1.0287324054586768
54.809170340160449,-0.48820641883743027,1.3638972401851828
54.847557339860998,-0.80905633739962968,0.3394412820966487
54.81704556792036,0.96253027343395126,-0.80241181531445327
55.215756759747237,0.87842702043571275,1.1972485474143448
54.750590321014577,-0.31972096201133576,1.5107735338314263
55.442524070794569,1.1873689230000131,1.1852964262625645
54.56329798034082,-0.23713507690874452,-2.7018381296745546
55.184417583891594,0.74335836566969227,1.4095476228772086
54.707411722996532,1.3700348848002009,0.46866604312817634
55.316731914687281,-1.1599392010178053,1.4776389606483635
55.825544715151132,1.1837798285946917,-1.0585276996431234
54.829804413676854,-1.5987743834196639,0.85365889319794275
55.386310050416235,0.69730558754925398,1.1467476910516938
55.256689516087228,-1.4939855968122828,-0.42722163694025356
55.49667206092964,-1.6862050378461022,0.50640155992606151
56.326805752055797,1.1375920957261978,-1.6911848168114507
54.461816937348686,0.46741805918615736,1.1866940518835323
55.786846330800337,-1.3289854194842972,0.34912261282826357
55.275936715990213,1.4037631768218373,-1.0253289146805873
56.254312231460275,2.1633877375394355,0.058016705720885305
56.146313087529819,0.61252613635382769,-1.5948081168157999
55.338621873204531,0.40756954840170251,-1.869624525667438
54.690672417726134,0.61819974836518554,1.5856370796200787
55.496606048219007,1.4968891581786341,-0.20409049978895863
56.271680304273495,-0.09451772499937873,1.6085687231288022
54.704076624644166,1.8367006181027825,-0.79186503737748015
54.769248495641392,0.036916062887925413,1.5526445219283296
55.10385940900872,1.2033178671668732,-0.95137237495914151
56.268725980877839,0.97137676499254577,1.1798997229247492
54.43418136423756,1.431560356723109,0.53379662644121195
54.848987559811796,1.6017929685551904,0.16284339247499824
55.960081788084558,-1.1362285345690473,-1.2403039319160518
54.617130114931349,-1.0079253621582474,0.6145562522216752
55.998859019129448,1.2244042162294106,0.63203669578321153
55.21095712594164,0.95761692582767444,1.3184982842333426
56.367291755989442,1.4312296533668916,-0.99855422968976471
56.169317945196461,0.50911042949438112,-1.7739582197002901
56.5235447324091,-1.2692936722211152,0.36037757804053139
54.719490157542161,-0.073767131998315416,1.8485941952492355
55.465775391946735,1.7385516201363707,-0.26941622376597346
54.942401016340675,-1.5365938807408788,-0.28348379404776131
55.030662985429892,-0.99898657792405021,0.84384987120091492
56.038064107398199,0.42421103367472091,1.8293852205864873
54.916323861751643,-0.31338436923821117,-1.6083262025871248
54.954983634500159,-1.4651687121762873,0.055109372237024223
54.728968440627696,-0.83001329580544958,1.0095870554781798
56.097301645134529,-1.7518712907328506,0.002520633258684677
55.115358570174095,1.4649277975793074,1.3280215355988525
55.415696231095069,0.52400450065884341,-1.5500885299347518
55.066342909321627,1.3112333597506789,-0.86135640345598719
55.619460928179066,-0.79769902069370013,-1.467669566619072
55.969744545168403,-0.12240408121798207,2.1093161478193365
54.91842487655579,-1.6453260961478107,2.0757262373023582
55.378956847564098,-0.85236616681889243,-1.6913448604146595
55.162467714321863,0.84907191331171883,-1.9419274616174396
55.160646315892016,0.27146739752689508,1.3361497061834868
55.799434770742835,1.5643966086639207,-0.78830901554522936
55.45068493369272,-0.67808584581941644,-1.5204507481607301
55.342642800361091,-1.7884071444901937,-0.41816401481938836
55.376230511781294,-1.3269819279026285,-0.35513851887996961
55.893089244238041,-0.5936078571916803,1.435312225547289
55.333855716198933,-0.81040098727963761,-1.0505521963916074
56.021096908685308,-1.4063395493441191,-1.136131465841844
54.942974722740388,-1.4164758801538146,1.1720843035575355
55.123578193596991,1.3665674598378015,-0.4635074197025677
56.308125742515067,-0.057064990748133752,1.547910656852423
54.580932074936122,0.42005568502971113,-2.445042603558599
54.567663556542747,1.2514972523579955,0.79990252956804331
55.606068383244747,-0.37105504119741839,1.5739407392142366
54.60279501056263,-0.73068560596996601,0.058326922486774367
54.843326834980893,1.3701537880639822,0.42092241319336982
55.637935228276461,-1.1108073733992299,0.62660912166148142
55.025386490670108,-0.71681831247001826,-1.2728811882478661
56.345311544916903,-1.1639492219752596,1.1256368889965049
55.949778233403904,-1.1845753467834965,-0.89325281489872521
56.067802477928545,-1.3752613462658683,1.2856311372479716
56.302192602744462,1.1122974205236751,1.1355588742414313
54.536172764362995,-0.32028449536395104,-1.5034309389746499
55.520782685223473,-1.227515237050286,-0.068281303826034048
56.254256670343054,1.60647390920216,-0.18038692890164934
55.297847882472439,-0.31794764631443617,-1.7689826596389167
54.81523982555548,-0.3257510978733455,1.5248273201524734
55.706789130753705,-0.94358527299008066,1.6125247695324305
54.911506583287036,-0.20618351369899102,1.5590579354418246
54.657815512055038,1.3160244685592053,1.5914023225722818
55.107220459566186,-0.39435014422853953,-1.72291760967955
55.908340728481846,1.2316455528030736,-0.36695636083887995
56.201975464603244,-1.0080803984148137,-1.2165521221387856
55.935196970579383,0.23223198331343833,-1.756326286608876
56.033439264688901,-0.62235336151698883,-1.4049280754195814
55.994354020538943,1.6589544188677807,0.26180811660307496
55.600306838417396,1.5989488912712362,1.0186784984977597
56.110950156315184,-0.43895256186803133,1.2899298688655383
56.420167752114892,-0.46340080407293432,-1.614152633279448
56.133334378242203,-1.2895757724779604,0.58486986070288249
56.226942500453156,-1.4902223582198617,-0.35512597572774079
56.035459427220687,-0.91632728220760185,-1.0354405361165944
55.660533580607321,-1.0359120810350748,-0.6242425757503558
54.602133558895247,-0.5222379483933095,1.5048877074041638
56.280870407654298,-1.6035539909821788,-0.21331031771028311
56.351293247518356,-0.84859096937051559,-1.789472270153738
55.692134459594094,0.37861571932427168,1.8091936564269768
54.555648324178186,0.68294172552521282,-1.9200448037616344
55.16852360725445,-1.3693389212245073,-0.75603680347613866
55.403840519565534,1.1089516884406705,-1.2787705418308282
55.619989451926358,1.0467157826792193,-1.1412359319135519
54.512359292315246,-1.2011857110852318,1.7672552569899085
56.27311027213667,0.94621575972393579,0.3673712045003496
54.787958421010394,1.600178303832136,-0.014112717249210087
55.556389017336635,-1.6488667426682655,0.5798092487204427
55.153629952685165,1.6218440061272787,0.096974368166897765
56.300352169650907,0.56066876792809694,1.4284647287819963
54.881050241530644,-1.7629449774480073,-0.028483024234293015
54.43450077696081,1.3443129190375787,0.084107913770883863
55.563422114904661,-0.2818690462549242,-1.5154339304136002
54.733547086653225,0.75755126116974003,0.96158997233106436
56.610432758096401,1.2579332295741745,-0.035804712105239223
54.738947349084356,1.1690195259229803,1.1224676608429121
56.250713880339113,0.29220847990742416,-1.2206874288012963
56.317187413524778,1.475330883061277,-0.010433444562897257
55.682044375016851,0.90261947967076284,1.6593372691527841
54.676169770123792,-0.43804763453661549,1.3088119419206312
56.446877716929315,-0.028347090260777624,-1.4276039612663256
55.188911705486206,-1.7307819150054438,0.30895433275669459
54.960134449423279,-0.61503946862530345,1.6240897518251298
55.716186874119522,-0.90428990173940382,-1.3645442708303039
54.905217100992374,0.93587447824114045,-1.6743740556349787
55.65502030468113,0.51321929036319269,1.8625141711745368
55.424984790659124,-1.1740591903203816,-0.79525368460038848
54.437777395703741,-0.95945736340728538,1.383104964300816
55.528422869299462,-0.21319497769974677,1.786824759684307
55.137495936453405,0.88830648173364046,-0.71830317218935935
56.202980602926353,0.21861435258424158,-1.7918370824457821
55.203557451594889,0.40852652554658797,-1.2560385400933642
55.48548954960237,1.9975997718837475,-0.12481348273857712
55.481875366336595,-1.5762233771922902,0.97195915790563925
55.140728876688307,-1.0782185384568124,1.6357410177594831
55.676794150732476,-0.0061751060879571369,1.7211306248575828
54.999871627974052,-1.6199743076063313,-0.25507421987556284
56.07803748161809,2.1481826876071302,-0.029255313816183851
54.395956993198723,1.0283060224351868,-0.3834652715251598
55.988876891712863,-1.6886842178549548,-0.098647932110690909
54.50053653925405,-1.2247902832864284,0.40676269045320862
56.299512539407601,-0.77028871122331111,1.2442353013652485
55.195083973232585,-1.4264957395920945,0.7914078569905787
55.794103062705467,-1.6558168175742627,0.42001866365438517
54.707852715702103,0.82314395575336963,-0.89845756171687985
54.91803042840067,-0.31297998772672198,-1.0116615609995576
54.988111523065179,-0.74131070035458102,1.112662831815904
55.840405480760502,-0.90759641558481596,1.1589318761049896
54.531571299958259,1.2534403802806717,0.91487099509827441
55.324981857141147,-1.3176542244389209,1.1303296064931516
55.987221616898118,-1.5993309293932532,0.85769711527525994
54.975160931591688,-0.084145175868146918,-1.6584146400744204
55.293193964421057,-1.2951512575826365,0.73712366384745465
56.310245301953834,1.6163711607287934,0.25981124982975345
56.156756763154426,-1.2245228810496687,-0.040513844812410445
55.116539947733038,1.5695991572920234,0.60893743967938274
54.781939124736631,-0.66742749448271943,-1.5212665764159015
56.317457086341484,1.4147114521067647,-0.83574790565965573
55.011962241498935,-1.7539610204438025,-0.088122943370869095
55.235605089669974,1.7863993726246306,1.0208648949747823
54.91203800217702,1.0365777233732902,0.58241903144089557
55.341749612650005,0.2472778772691322,-1.6788892014349508
54.665155863444767,-0.16893889386642216,0.82795814459019568
56.328015084314401,-1.7833548055895034,0.17864169803132926
55.104882462423951,-2.1348190035118657,-0.22239193400333168
56.383653105832437,1.4034100602834505,0.33516244633984321
55.409422739240057,-1.4830518149068763,0.28374785688380544
54.673101313015216,1.5273717965892206,-0.65336856938007981
56.297045817188838,-1.0689007069896095,-1.7954935387902478
55.213666279984778,-1.3297762315707444,-0.91968391099399582
54.762296720334149,-1.2912644688727826,0.77074741019810955
54.49995187833423,-1.3935751680998856,-0.68384297346165213
55.59552734829056,1.7529614446860977,-0.85745976670454216
55.912395802988264,-1.495845547760376,1.1931709728415056
55.335954520808933,0.21630276396245196,-1.4949231671747012
54.637980585123024,-1.9935674742528764,-0.93427157721868159
55.900282194908691,-1.7262528250481779,-0.33906342227431718
55.1536009367587,0.14380797224878544,-1.4424918126294879
54.573887091544002,-1.3314085503233499,0.50662937983842016
55.091800092674355,-1.8398060683075068,0.21587572168981606
56.144778359847969,0.90059664394291195,0.91502800312159027
55.319363868195254,-0.13746170556277909,-1.1895925693827076
56.175387113343348,0.39715851364482918,-1.5876447014376025
55.221727310581642,1.798571388806087,-0.37588551856796609
54.855836785874857,1.5078630030444835,-0.075552000953257772
55.80732071362803,1.0796087630884013,-1.0769823889513555
55.540861067038257,-0.71315116808546086,1.0787289328963718
55.303799756651912,-1.3583028279128126,0.31612826369997504
54.98944334802939,1.5732819551234158,0.28013127185391323
56.300958397428253,1.2936075591751033,-0.5002310550914395
54.579175249473352,0.19959728916064365,2.0222114694680013
55.007032077928606,-1.8046493321919193,0.36738770072619376
56.115422617387459,0.87101677522996057,1.319867779709637
55.505701986549731,-1.3750881196143805,-0.99081921748834956
55.793572425728129,1.3000754793662259,-1.117088357959521
54.901719664805697,-0.91843222178807371,-1.3270750859320615
54.828086588448812,-1.3025622744651526,0.43614619284205919
55.425107592254868,-1.2191828676420513,0.40705544626658724
55.134554639895207,1.6360519174927286,0.067986977789319059
56.023456000635825,-0.83201538429664013,1.3819025361918318
56.444898131527708,-1.3731349693841601,-0.16632711637750755
55.361886057774271,1.7083032799670563,0.5083440255770082
55.682051159103224,-0.15895588559710533,1.4993557228291308
56.002969172161293,-1.4250574448873035,1.2791296375228716
55.024200587460342,1.5854002317348477,-1.1075062790506724
54.952338237915015,0.017463720562588401,1.371082828455243
55.325342500252951,1.1747147695441706,-0.89903439243931771
56.410515705862586,-1.2268419753799324,1.2683562824202244
55.225364216539617,0.38143070505115756,-1.5098962818787094
54.48550215573826,0.95753288813063953,1.1539194796929768
55.016405234890101,-1.8206829132563334,0.88317102639042377
54.752931510479094,-0.7727432911247536,1.4683802555432723
55.411692927597876,-1.2675197282545834,-1.123252667935857
55.835146351703905,0.035553670521920204,1.7401507334703405
55.283830686964706,-0.8452316401027955,1.1112385499211916
56.619760504593422,0.53115035830085566,-1.6805549005187339
54.748592973969664,-2.0887995046637373,-1.6292934114544857
55.852016490798299,0.16874995058023948,-1.4108407759401724
55.504059982932738,-0.058021061795864089,1.8056332516704454
55.67734864300779,1.0735748525101965,0.91584101215108193
55.452714190896195,1.2657157005513135,-1.4012238929645253
56.151145987143096,-1.3359798644896992,0.28233344094878732
55.73714150103342,-0.46916149019912001,1.1819364401012638
55.03050149888783,-0.37592955965920277,1.8088306742438469
55.619453985829168,-0.85282400530349933,-1.1829725022926223
55.011639653031025,-1.5825468136241052,0.10523086482665353
54.74975930512808,0.074256286491955509,-1.2175476032229691
55.90949414693322,1.3154870261471476,-0.90140017619296398
56.471080460219007,0.16874833938306735,1.3782639977690525
55.022610453262629,-1.0542107416288171,-0.98147247613351241
55.1112339123166,-1.1902086887348398,0.38320410337152194
56.340294913362072,-0.64183311873510052,1.1460849844571266
55.568264423531467,-0.57954996829630778,-1.5691240098380335
55.83121947093904,1.5775293920686566,0.60084417016347347
56.010512668439638,0.016804910230917219,-1.4465604869445228
54.789209049462883,-1.0316002651473832,0.8313344610155361
56.267697322174982,-1.2073816306210789,-0.16322302637076325
56.418972865323326,1.3059105648649247,0.75570725267202443
54.982797552670341,-1.4195446476966731,0.43630160300796411
56.479050861859996,-0.52772396655313802,-1.8191022550401923
56.336842779450421,-1.1940704421302781,0.75604552405130587
54.711633022534421,0.79549416256773109,1.514035829468882
55.809274828395985,-2.1500891412171352,-0.85783837313735645
55.426892694578953,0.52165036697522815,1.3845062578499767
54.606794505678828,-0.90152296092915762,-1.4762566774885453
55.598897911075539,1.7322418030292455,-0.59375899948134192
55.641904808982929,1.3026353323465296,1.3568846481975554
54.558415284975894,-1.6027463547417069,-0.4727086672007228
54.851649505403898,-0.62846464368333621,-0.94919652618271144
54.828763356400529,-1.2069804388809358,-0.98562955041519573
55.286845703951364,-0.75198313550942464,1.2531928352855191
55.327530344634361,1.8677000884515123,-0.96283061530090275
55.20602905659397,2.0859648427415807,-0.17531022797043938
55.447456261764351,0.94885570726914181,-1.5723007402394757
55.311991582860045,-0.55666961345775501,-1.4219049328475715
54.916388975276746,-0.52249014646736358,-1.6197703035257898
55.3622657177267,-1.0116743950039067,1.4478927914939841
54.773032072530732,1.5083258801830144,1.1667027007484467
55.161687818599844,-1.2589681056232838,-0.78993682605199289
55.974539515372165,1.2976706470662478,-1.3559456619957577
56.398144790827665,0.26846174127410505,1.1802301624969516
55.859966448816223,-0.41195320385401868,1.7087883712732173
55.245496034126411,-1.9567730511837629,0.65830589250882898
54.596222460388212,1.2897417162940812,1.0959988617891723
54.65075449498547,1.7467919331703547,-0.018936207827948519
55.186431826639073,-1.6059695013098192,-0.077272026233960178
56.575513843649297,1.1702724725655187,1.2344585080532566
55.276926256139816,1.368542182440218,0.2152561907134237
56.174895704744777,0.90593412543525265,0.23199109050599689
55.329258448747929,-1.5051277697314391,0.35100247195514472
55.329862752941409,0.2828799695430097,-1.0333138198553531
56.018835866314255,1.4882237960637352,-1.4050022699079789
55.601599670111682,-1.8472730472959742,-0.047412476973463964
56.268432646675066,-0.91084430564018792,-1.1319631949495954
55.861274130370376,-0.72237446175030839,-1.2321694892899451
55.991385608532369,-0.55124014232475738,1.581859021161355
56.590627759701015,1.1857101237735337,0.64582559404792217
54.609333753067439,0.59430012400133736,0.96232136759434295
56.189271016075836,-0.69117997282591803,1.1448559409933787
56.328013651014281,-0.47373580991775577,1.2656408842243738
56.435684256834193,-1.5826333683206224,0.9308582694991111
54.779738471986413,-0.30425737732948499,-1.3917221279879928
54.795213812036835,0.50813893561490009,0.64547381536912785
55.64740358171359,-0.1091735531283998,1.6116322409981394
54.569339724156769,1.4986750123753225,-0.2388887546955267
54.602329026403417,-0.90116979503322503,-1.222040348602758
54.661693420664179,1.5679489040987522,0.11827989991527481
55.722694312221279,-1.9571592448586941,0.82152272132833759
55.541917482434009,1.3810296967553786,0.56532456998246494
55.826588979199933,-0.21320107170284902,-0.94195152722378961
55.491269591003032,0.79597759181712424,-1.0002341282325884
55.05858498702414,-0.81099184178880768,1.2912020720009196
54.905081067760499,1.5099545752451478,-0.51260762238908197
55.447690416668692,0.68647830805932641,1.3884142940728106
54.5081514293013,-0.35583802393132674,1.9181506903256689
56.079686570544723,0.99888056371530376,-0.91893034815286267
54.9684177283632,1.2272398169816374,-0.78909137593435119
55.65657372215469,1.675688952838321,0.98537112807134097
55.759775559406926,0.43903751495821952,1.3427700550103356
56.206806261200988,1.3565473437004307,0.87079668950959188
54.686276622705705,-1.6583323110727366,-0.56452156553949084
54.989116259717733,1.3058826566173252,0.92585026666937453
55.933891953847599,-0.86634252328082684,1.6703455956147237
54.931473269765654,0.49216786770192678,-1.4564850951370196
54.829091149406835,-0.82624350059817986,-0.74355160940503151
54.711594346968418,-1.3843670959872301,0.17353602366369872
56.456225622512761,-1.383403803191583,1.1536837092216077
56.543583777140476,-0.34068098494590476,1.425021508502762
55.222810335773062,0.89369947405763728,-0.66360236624716595
55.252292199505604,-0.85807204412497062,0.80203658776352671
55.654964801866399,-1.1154296898924885,0.76104358411179351
54.77197952320217,1.3982385095787018,-1.3243343369171614
56.329377583301088,-1.3560221627944768,0.40188105110405975
54.578932798782944,-1.1123281403545213,0.82003768428443158
56.118751850484522,-1.4446045568299082,-0.6981914012235253
55.813092163525177,-0.94386448830927794,-1.4020959518516776
55.335770519139807,-0.94955045904173474,1.1602798068904046
55.906851275405771,0.51014539090971689,1.4620720756949594
55.369780315052857,-0.49093292139530631,-1.4785982620071683
55.86039374877025,-1.0712788427691413,1.2317655297344501
55.202815945202339,-1.6771809608441155,0.27706760405301017
54.777376037450885,-0.34157687763855415,-2.0626782855307599
55.859632987736212,-1.289317135337914,-0.98315732088995045
55.169076945056737,1.9327847561812921,-0.30268766268861774
54.764391762183337,1.4071589172975536,-0.55923480947404203
55.862204361401133,-1.1417035987146988,1.4728895623417235
55.162599607648218,1.0273938506607396,-1.1115542998342003
55.744475405030499,0.85138363589714383,1.0564569456765935
55.761555695595128,1.8244389972934028,-0.29632816409999096
56.285108682821594,-1.2340165228159168,-1.3928746692448828
55.829611273181428,0.045395921453501138,1.5286866265421841
55.369360558201627,1.0088069671966633,0.44359394155401061
55.893554530298928,-0.92006630743166651,-1.5034375909661841
56.00936321794147,-1.5404885763713234,1.1033792475488331
55.303985990660685,-1.5121111894118762,0.44152398104244583
54.562617606501227,1.1493582290684674,1.5898437968367747
56.056716826664662,-0.076429468339130238,1.6363850327177727
55.554589712009069,-0.31591194914903536,1.1263231568098284
56.354985505267834,1.3831234861857185,-0.05045649198101565
55.395647575033458,0.97702400726456617,-0.13721991598809455
54.703568720290349,-1.5630860537507156,0.20652463711848015
54.743293723745197,-0.32146770561066068,-1.4225867152581608
55.83763404878588,-1.705628259706794,1.2862457943602841
54.840373976864711,1.4789394203318655,-0.12726949031625762
55.960191953092412,-1.1406472558622032,0.5378140283092786
55.440462027806788,-0.35213295638986125,-1.4923137889017739
56.010753431315834,0.74315847342752028,1.1367815573450923
55.857921774845643,0.31968661627099398,1.2328044639740938
54.69509719867191,-1.5585760609463941,-0.25283405055177555
56.016286409368128,-0.75722195403525583,-0.91324778035602572
55.259843675621525,-3.80227891308401,-3.003223182248913
54.532968949095874,1.0596376999211536,-1.3180430089439641
56.009976342614536,1.0541301493820212,-1.0316512239927371
55.495242952518375,0.90132321338464905,-0.6731885611279238
56.342602598757338,-1.4871842367744568,-0.67992406278171447
55.231936595571398,1.3514476533461264,-0.12020804033630279
54.779072625147215,-0.78654672732927411,-1.6661224793502722
56.120022760835283,1.3265997998294368,-0.76307568003438775
55.936812082021113,1.44149295641312,-0.75440302972167794
56.517764346969066,1.2365942052545369,-0.40276566912044814
56.139770724304206,1.3273618673338259,1.4555271426050196
56.198028235573553,0.4721785943926608,1.4077611139567372
55.787908317962327,-1.6760629713189408,0.12752628599221003
54.473556845817669,1.3142539230348762,-1.0988151838276363
55.418470724785479,-1.66511958430913,-0.48137503017835254
54.702085091600807,-0.63686312709352999,-1.0905072354952179
54.624966655659101,1.0532808795645443,0.052504877074564076
56.144734994723585,1.7764570060801506,0.00019319238765396507
55.484407463453849,1.1752955085371029,-0.55681368194166325
55.714747235255182,0.86127495386355823,-0.95829615366688359
55.65486402734664,0.88425289626870551,-1.3257446589488824
55.405201365274387,-0.73810628489904628,-1.1143430999863129
54.98113399776382,1.5305443721120739,1.0143806057931897
56.559837571648913,-1.5211419539557351,0.11617061913876507
54.87918096676357,-1.2713259293755053,1.0900072473705864
55.085224263058784,-1.7137405368809444,0.98985291312356993
55.569535134969975,-1.3967430388577635,0.67370645817194197
55.805633800203921,0.82325406190927075,-1.5888680480585264
55.192438974570351,-1.4668526173371792,-0.78571783307832832
55.622181202831626,-0.82108780799263392,-0.93445687927561349
56.134849015066962,0.1560766023910746,-1.480263084044809
55.835069622382164,0.8526311920341394,1.4214061383629708
56.007234915016447,1.9908659660017889,0.046071696514086324
55.601533934256864,-1.0828570480979962,-0.7624941597259749
56.273603256517276,0.31853224393859125,-2.2543507973088777
54.534726277887941,-1.2490774626546433,-0.69977796194555986
55.900230911010681,-1.6171311729388027,0.31357244908233683
54.529027541359028,1.8499002503120547,-0.55609779558571293
56.329253585339416,-0.43764596394992739,-1.6500635890164495
55.887374336212027,-0.72040174108995769,-1.3763940340613821
56.101078706149288,0.52387297967546353,1.3684519850362942
55.446951415523557,0.76650860910320762,1.4138731516974845
55.719441130091553,-0.73440315720655136,1.4609024701262032
56.094314089448481,-0.63695799313458201,1.2753288332001442
54.904810030603585,-0.872389519936417,-1.1738922367809594
54.923253858390318,0.36863530729213984,-1.415959206947109
56.025085739417378,-0.6283071847110463,1.6085400382300579
55.836785215150712,0.061256400447566473,1.8606695149722565
55.131671158523616,-1.5232588886211849,0.66751430524255384
55.753593689861646,1.5591525793359873,1.2143192013376638
54.626972110329241,0.50121705878405265,-1.2333597491378079
55.198918158122495,-1.2364272171412571,-0.2349826176965665
55.103230408691452,1.1186824089264806,1.0853616681719591
55.561146731641536,1.6050123488478809,-0.52390966751899726
55.329582497298368,0.81691888726387463,1.2580033898324086
55.20877842230793,-1.228420707598842,0.90448299953703726
56.357870478356588,-1.8635191657672856,0.43250577135978141
55.289496778506262,0.48594318847150403,-1.3437693984889079
55.927769222595423,0.37693835105460111,1.2364905748647255
56.119934218801731,1.341851969350125,0.87303226856633864
54.958750991042301,-0.24490217783047671,1.5540126870936466
56.042764547454844,1.6469232681902841,0.4783847753160162
55.054519400771291,-1.0224120518951012,-1.3686026473222721
54.735443012365984,1.5056171668119009,0.47461047869319994
56.149462017918957,-0.11000822992768428,1.4039793931300553
55.731576959827592,-0.067782248461301806,-2.0047302125425874
56.008921357895993,-1.4115202509941467,0.68505873983273458
55.661620343235001,-1.4293316187758285,0.71594275754962378
54.876563155201708,-1.4710077615483275,-0.17751563970618442
55.366118399206165,-1.1261902269624833,1.0793395935849319
55.276434402306045,-0.91593017318456393,1.5607671954965101
54.651295756552805,-1.2133047386271107,-0.99726403621420023
56.258412069924383,-1.2532918053433009,-1.278801415275272
56.310207518093165,1.1406058727282111,0.42818947561634807
55.564455404727902,-2.0848985440567986,0.14341450067279055
55.65691177828527,-0.24253299628029767,1.5107149022181094
56.385647624444623,-1.4420410960723005,-0.19293221842804775
55.940229764225585,-0.96478768370837065,-0.78796042272118783
56.568726747182218,-1.3074793699589031,0.7128594628134638
55.901571943962075,1.3889945466430638,-0.9785157766898338
55.125184104393874,-0.54885142458568581,1.5011675847870125
55.13154934659093,0.63953777782280241,1.4786338475851957
54.744281013168681,1.6922711309462302,0.30692661726557202
55.634805354704319,-0.7057780111909,1.8864989491726467
56.188117090599867,1.677765564230552,-0.13412725901895714
56.157361255244631,-1.6423795136174142,-1.040511321084868
55.386131231857078,0.41613951299612267,1.3791518193687122
56.009520201261999,1.1384775352107233,-0.34637099479543337
54.726591683972792,2.2456361523022461,0.47444492034600366
55.964639689749205,-0.73214299086400425,-1.0344270466787089
55.788189122041977,1.3364097327240172,-0.39313933694249914
56.009552898325964,-1.0340762498482212,-1.171612819083212
54.990179429748046,-0.28545955389820682,1.5838286593076614
56.279586745092402,1.2266455033449721,-0.72292036467540977
56.098871581133899,1.5954029473691813,-0.97039724414315587
54.675889560971186,1.4737283955548675,0.6960116445949498
56.422638110495669,1.3679094088526034,0.70357258629297037
55.881531589610127,-1.3344529002935956,-0.44173525568664362
54.581623378660915,0.015824107820149608,1.6106364844351564
56.329888182426771,0.0073348292044652322,1.6321723629037199
54.619684460741873,0.78373608689897933,-1.6321694431655334
55.742717975718605,-0.60684136061750382,1.5285560063150794
56.389125980854672,1.9346011117866544,-0.23922704084344346
55.7928548402462,-1.371570859337387,-0.27804847645747566
55.108733270040076,-0.10211268128289923,1.1466658195676664
55.878085330605217,-0.38495771866000866,1.2816659459586877
54.464823184984333,0.64934686480168802,-1.7470618277352929
56.485749022120061,-0.91663904015912689,-1.238485535642629
56.161108279335842,-0.48309653433255573,1.2345858990756762
55.471976691614756,-0.47713418218622805,-1.5165973426785768
55.124968951155481,1.0441374775146974,-0.7149317169776811
54.453758543499525,1.4155010000381065,-0.52278499082660679
55.974607456950984,-1.2959440014333001,0.12392455665613529
56.141372511472206,1.0206041303202977,0.69519795733955969
55.696161416929897,-1.2584699369133665,1.1426730650889299
55.991063501824037,-1.5054379746422029,0.64087083642882114
55.535297948109296,1.1768473851307355,1.1970140750477838
55.509262566914188,0.59364368934580991,1.5387809295163677
56.473998348811101,-1.1693461521060282,1.3815261881376251
55.129690065357316,0.75839051993300033,-1.0103490070060106
56.345571989186759,0.38730520948964736,-1.5017778525763326
55.562997802200101,-0.93534646119416054,-1.0087710620698656
55.542749175607327,0.84749316233076943,-1.7292343290240864
55.564397395599222,-0.073960130073140021,1.5118782549351135
56.254388039335282,0.89039181530448919,-0.76374066136394791
56.299088553689231,0.6867937621040523,-1.5825019664801605
55.410307654404754,0.64350785147429079,-1.3572964768006019
55.354578702498046,1.8482567743874248,0.34702795360729455
56.153016442152399,1.2195311108243285,0.68040908330157446
56.322110904883012,-0.20275756567340561,-1.4423737574086821
56.240063692296111,0.50553803769659078,-1.2972533587036206
56.554275751394904,-1.5949544171683563,-0.076228114907173128
55.490751153414841,-1.0119397667906163,1.0395945249972554
54.834821774351454,-0.33782431506291688,1.5496990331950737
55.360766293352953,0.3785491756104517,-1.9718623965967896
56.016954020569713,-1.8478748986995615,-0.42718061783814826
55.18011637419017,0.65825416908754064,1.6244699470205299
56.000184686536898,-1.0428631744572061,0.85447263155224717
55.963846043785473,1.1623011100224512,-0.97014826906504414
55.191640288235867,1.3915143460828303,0.82480050893458967
56.055797648000791,1.0454502881577066,0.59637872449113905
55.761437627951203,-1.0091936844160201,-1.1713873228952674
55.946722718212833,-1.023090431121952,1.1626715830094891
56.006246003419534,0.96880382457409608,0.99327825441791839
55.059335412318902,1.607373955617408,-0.30873009844293592
55.177052767266538,1.7141678845359967,-0.57263520723400685
55.910092065783843,-1.0918865394528128,0.38399766337582592
55.462032794882887,-1.1869288515141336,0.083754151222056955
56.012269260236188,-0.22818339599458168,1.514833345563863
55.692707365742784,-1.0911709699554071,1.3342118379067902
55.394068272566322,2.2199225229957844,-0.80957273962036824
54.601740101659949,-0.94445816971185381,-1.6533825756203793
55.883048647689648,1.4342789197696937,-1.0924157767644234
56.164920501748064,0.3561677895178138,1.3912670258433042
56.461308130072219,1.3779064139915094,-1.4678491215757736
56.340663570812033,2.004388273008249,0.9380494277446525
55.288124476431882,0.079827984991170997,-1.1670442693323817
55.079969097636628,1.4930277928737214,-1.1014755522476132
55.982933016982471,1.4642269288230716,-0.90524804494186994
54.486200423800817,0.98638461429487079,0.38303692048110921
56.374522518333357,-1.5221535158551009,1.1366754883776191
55.186907555294212,-1.2749434287494168,1.2579202719026785
54.839957388338732,0.20208576334204434,1.5436688760192516
55.077926481694725,1.7410812190756222,-0.43504691308976412
56.134672231486491,0.1579366994146276,-1.4886068128329495
55.704364878996145,0.63281574885730829,-1.5372737705349571
55.794649334484802,0.99844117316124847,-1.4146811761193112
55.637506050841552,-1.5329008066255501,0.35302892427619004
56.256993586972726,1.3513294761783827,-0.65238941482820656
55.08943635468453,0.082232425378414298,-1.9949122915306998
56.31933785379001,-1.1624291698396176,-1.2808464519885761
55.880547121491816,0.53703545377212147,1.3270165760878441
55.887969372104457,-1.5649774431091157,-0.26163431780455093
56.305375753215408,0.12465655025531934,1.5328476117863044
56.508017032349372,-0.5073949434793622,-1.3942952199337182
55.719541410578678,0.90860451246882457,-1.3175281746148428
56.226761123307966,1.349525599915901,-0.16652486345566497
55.265356568558843,0.91532669395548294,1.2811666139826658
56.323001970657572,-0.40481282765478083,0.74627021793843473
56.123590835449036,-1.0554052758869998,-1.068203737517607
55.235508547917931,0.87705927493303504,1.3827195957523539
54.518590977058793,1.3322507620965847,-0.92304606050065319
54.752380312728889,2.2890936104614208,0.40020160739538896
55.078704485131389,0.6620597197302619,1.7103274168491813
55.212132048712952,1.1667730386194564,1.372835925037708
55.829697744884058,1.0521736137077853,-1.5381707359394881
56.290468917047832,-0.82919070937333383,0.71562931389736617
56.000515686086622,-0.99452704678470272,1.6365120012648344
56.334063915309706,-0.82106714611979614,0.62403373009387575
56.462705731492719,1.6036506417557221,-0.76236177421909457
55.869454095340103,-1.3521811239408392,1.2693053246389063
56.324420265749559,-0.63804764398706981,1.3493869039586901
55.659413215543161,-0.35193204406475082,1.2462546580648268
55.786595300751898,-1.3084967936453518,-1.1657831560978182
54.786602037553386,-1.3756897844156006,0.64993851735097563
54.481909010645474,1.2236042765256228,0.76247076887112819
55.164984117685265,1.2834141908512764,-0.84273789057818782
56.124981432672001,-0.92012187317934158,-1.2051028222335076
56.420635375342506,1.6889503213311439,-0.003329801739065703
55.08132238793106,-0.061537374092827765,-1.8306065011363861
55.550752352824318,-0.71629841258903804,1.4568250452192384
56.127010930004836,-1.3095524547469366,1.4807670882412722
55.688427875276943,-1.1547668543424159,0.4511939928346303
54.563756669651461,-1.1982271414454526,-0.83119125297480712
55.485936199311723,-1.0201501234911514,-1.1981232788324669
54.914130040195737,1.9341810211242907,0.47738622881778264
56.087040724929743,-0.55463699262941368,0.43305839150502351
55.787808389708452,0.2393648576961421,-1.6619623229776086
54.64390303335469,0.68451331582781105,1.9989022146554605
55.600939283513675,-0.51460121926974034,-2.0390303855379592
54.671553522892118,-1.2832754353637987,0.50703513574623371
56.387102469456899,1.0421155368751676,0.60638227010950152
55.650523436423157,0.52620517464149941,-1.0787151901750436
54.87410958296342,-1.4189952988922268,-1.1026723824031879
55.861595165567699,0.26158803213808268,-2.0813412704137062
55.96512958050161,1.3893275825993032,0.32233427224944683
56.314400743818183,-1.5653533382168325,-0.52475589254844901
55.550278825821188,1.0257355201422398,-0.60069852353460773
56.073899103779475,1.6013579696917506,1.0428425478288978
56.161656001246683,-1.1452617950191275,-0.30932949360673201
54.866070568839149,-0.8775793188106491,0.18918419659456576
55.408165376522554,-0.37659413323708152,-1.7215699965040214
55.001259815565405,1.2779522848592115,-0.76131232185965392
56.421956126229105,-1.1615227632033895,0.84985241549590873
54.767131538668309,-0.75844999999829676,-1.3444053302478429
55.81519145265856,-1.3287213988449185,0.65498994193830939
56.238664069130053,0.32713608769790137,-1.540533241676469
55.777641378499005,1.6271942689854526,0.78629792075655414
55.393892901108828,-1.5225439361459303,-0.96524715242986603
55.952375154885431,-1.5931467757335194,0.3110335838549298
54.929519283505059,1.5342757429525826,-0.26407901173651316
56.29124540754637,1.6611998486262787,-0.71824866084559691
54.667983188017409,-0.41021206591678794,-1.3876620137255411
55.80482298749839,-1.4960364350863962,-0.46021304276230551
54.999523906641144,-1.6048932995450089,0.21654780807066434
55.848640180369401,-1.1363406780901162,1.3464727385380868
55.469188941857063,-1.5619269345727467,-0.29333167959369799
56.268395129281636,1.4730830917685827,-0.13664077827967078
56.157066447891694,1.3645122847373639,0.42911153185175016
54.870238079999346,-1.7165815771293222,0.46859852496434423
56.242255514043578,-0.12181072650070668,1.2087140030927832
54.768367275380989,-1.2945081579032074,-0.023205705981563567
55.957362656376397,-0.68828292663996704,1.2067051400930309
54.84439459156718,1.0985067193709139,-0.5309714874278314
55.114886295315891,0.25229634307412435,1.4597997831863943
55.01597961712416,0.83833360565225823,1.6676210185456699
54.762025816153958,-0.46397187867976863,1.2683774318153456
55.764128232387577,-1.5170264554806214,0.2356787466369627
55.389948582005267,-0.19712113426778344,-1.6544863706027297
54.593093460841139,-1.0089895911287032,1.0811422924463812
55.462286520288053,-1.6761113364397073,1.1947464745927574
54.615521388827553,0.34932247197897798,1.5648639603963195
54.615929875030353,1.129728153037705,-1.5502308275247454
55.038012529878969,1.2856038354375188,-1.4066215922987775
55.634153332573767,-1.3132497040657312,0.98673237583246831
55.056176380354543,0.11471570386516675,1.6697009255977771
55.427363281628949,0.50585040025782813,1.2672468758380147
55.123050881309304,-1.7171347238071635,1.2171094003868097
56.416732254507608,0.53030597979624627,-1.5488069190723754
56.027593125524028,1.5001418803528639,-0.44725355376117981
55.389068774437895,0.60876317418447068,1.3115694231795036
55.168073964589929,-1.7914941128190742,0.018022570693231463
55.227918928033148,0.90603417961884702,-1.2187178160126075
56.331556789949637,1.1765862785717069,-0.3892727627884302
55.511986933066481,1.2959230317488768,-0.14699526985353761
55.336653953864698,-2.0679837010349313,0.79664250245143253
54.364660922741116,0.20539972276390817,1.5938433979985893
56.209046229498,1.1329605930839199,-1.3090039606392287
54.572807194250146,1.470953998343608,0.57570888969383283
54.800495488687211,1.5113557821123256,-0.57821677207886335
55.343360531926223,1.720034362075701,-0.50996268317182258
55.509549834925345,1.7223089157986613,0.80305825541471088
55.297605173864206,1.4824136464354545,-0.83807634155648436
54.902991068620885,-0.26215098247055824,1.9564716527940944
55.672617540184326,-1.6384639695246712,0.0023055924827129356
55.080617784522744,-0.53562400235070062,-0.87018379517853728
56.195596444635619,1.0048500203187622,1.0871751569545989
54.928520200656664,1.2725042690535922,0.29525233197873529
54.96201637395432,-0.011545150806841129,-1.2013215853710237
54.973666092356346,-1.0018187806748189,0.80113788511875661
55.593489448593175,-0.83745934241432163,-1.2198229017493751
55.25759519614509,-1.4690981810986206,-0.81577043468343191
56.096987081395724,0.20439771142638713,1.6049803009360919
56.071941379726354,1.5518468097081977,0.26100702214116051
55.31783980035911,1.8438563615737915,0.05342219669525157
55.027094716533711,-1.3077083762001847,1.6046965262880437
55.199997732367834,-0.025020068268006668,-1.7206946543690125
55.66682596738648,-0.64730422780373631,1.8019617369157395
55.39608112555905,0.41706840690300168,-0.96240486023583605
54.523813021872328,1.017894504944308,1.1955180168370609
56.163234777884497,1.4358984154109573,-1.1267856556638409
55.375268722566972,-0.70726557049653072,-1.0808593704268283
55.314332622090895,-0.49585499917318993,2.1278277834744617
56.131611647422169,1.3805922992829196,-0.4805797163820455
56.263656839711999,-1.1533709378514658,0.74356408833674026
54.985416616664828,-1.2743898124469037,-0.69891692811161676
54.553487783685654,-0.94094528621789686,-1.5094876314085857
55.854043917531072,-1.1069321465864805,0.97680106179452664
56.179051455096314,1.1606955442388045,-1.4106964486723976
55.697824719415863,-1.4150245259906971,-1.1655638910396005
55.242533364424048,0.31571797479740943,1.8599212057379682
55.068536094851325,1.72490854845273,-0.30723649838132594
54.493450812005705,1.333584296411247,0.99409147391722374
54.77207515096358,-0.95972659895254742,1.1808196204035979
56.05058705397331,0.79287452057044172,1.1854222962730978
55.266475594390364,-0.98331988182981189,-1.4835490461122969
54.84611472400448,-1.1337655050800577,1.6372662617376461
55.150036158612025,1.1138863009033297,-0.71859799186526907
55.459123979144628,2.0419402689819552,0.54814714565114719
54.549226753981813,-1.8440488887126247,0.61985565441000157
55.41059132067933,-1.2310037745076097,1.1648045928979687
54.857174322195391,-1.3463055320672928,0.291610147354747
56.372093362485529,1.1556342108592637,1.3799242704499866
55.541599251482339,1.1171309163244267,0.93712058256529773
55.131313118280204,-0.61010099975449039,2.3291793353520895
56.487338991199756,-1.3617218895517025,1.3249084586853188
55.751238897269587,1.2513649432384202,0.20558411938972179
55.928918630434225,1.0821468673111485,1.2883492602115865
56.041075145150984,1.4378152435733587,1.2523655216362131
54.871829688837934,1.5137871735821491,0.009798916666846855
56.179612900380214,1.1155898850067776,0.85712664080010215
56.228787058225912,-0.99614141586483607,1.2966629183550131
54.730759329432026,-0.629780437292354,1.2824328829640552
55.22825399964379,-0.87854058386124867,1.5860239944138872
55.060282549880796,1.1821410937741565,-0.61432805744762631
55.672173579023081,1.8257864162990332,-0.12771502274465013
55.853588808586942,-0.089069502747216825,-1.3076760779647087
55.122792186942597,-0.98232909371374322,1.2071017042179004
56.169298649342615,-1.3691580997516593,-0.39913083646392189
54.814832812083694,0.32008130484379593,-1.1427627053553804
56.348791058553608,-1.006673193253784,0.91459218627420746
55.274201153274127,-2.2247796857451601,0.26562668475325685
56.315796162843668,0.92555652898929641,1.5092807464262663
55.166572192763248,-0.26924649989750271,-1.9699775336902159
54.836931712036979,1.54243689278169,0.35322934158990305
54.85663526825514,-0.74782871495751713,-0.80698120936471351
55.444506017416394,0.66790274439633657,-1.2205098270931685
56.230726716374569,-1.2174047287556047,0.56069551378677884
54.776043630218268,1.4341744548351829,0.47770502556257166
55.430478185303564,1.4016758668366389,-0.93839140992713199
55.103321923437363,-0.79717968712571907,-1.2422331130149735
56.067179166809098,0.19314763212191957,1.2562481058536112
55.100219995513292,-0.70064574320691408,-1.7257388314947684
55.832808289831668,-0.015848011258460869,1.1138753193238091
55.32741904134857,1.6664093109968467,0.23055339222274832
55.564475666447166,-0.70993346231145027,-0.78699391199491131
55.586864460319006,1.2717842130248329,0.48438171367428212
54.807945215551612,-0.15860145754649538,1.1899592175936204
56.270413919682362,0.76079882537685739,1.3639846632857722
55.684984097806719,0.14233409840789199,-1.6515706107282195
54.548278302406402,0.52486096054326892,-1.1925589803745908
54.916861496524106,1.0005378475753797,-0.92321182492666898
54.617229566546094,0.01737122728717954,1.2052092349654362
55.870695134751429,0.99125499057116195,-0.97953723420939598
56.136555485294963,1.5861655242223252,0.65466091129592718
54.73038631523201,1.8896744622976869,-0.5114477923233347
55.497496105529294,0.99299428922107114,1.2019876011637496
55.934479365958033,0.15954373480218245,2.0188959793064689
55.759664349183652,1.0857611868710162,-1.0377278506029
55.615992666187068,-1.2917999261604429,0.57405981479861723
54.883567687346634,0.57383107697946445,1.3005441112094736
56.169086363633305,-0.54632927856765401,-1.1845766623279921
55.988417249970034,0.80264186814248328,1.1120390448635946
54.790595577132244,0.62852137207147452,0.96659811412443752
55.047778853085596,1.2753531067691513,-0.49496440895645905
54.652989046368454,1.824867559052531,-1.8854701742672328
55.741027685586793,0.86136848850007952,-0.99003539558259879
56.086292905813899,-1.3160402543683014,0.16377427264203484
55.626181547525299,-0.56494843989069277,1.1268014599967549
55.336807702376106,-1.0719507019370895,-1.1650767130913209
55.591874696215832,-1.7876750347228423,0.33069757385995013
54.399119255508083,-1.7710439719896811,0.9756214332616715
54.150832677775142,2.9837232741474016,-1.6939001578824726
54.971793674406143,-1.3557316285866048,-0.79214682829531191
54.599479470592861,0.3387391883046697,-1.180795361387045
54.923977187349017,1.328159599273016,-0.03626114486005854
54.57455556860954,-1.6214207051895919,-0.42476625375823668
55.60708760353139,0.85104848407551947,1.1337445487382347
54.351692139140432,-1.2526227375081853,-0.68817188886155356
56.149968053387447,0.59216464369979549,-1.5425545562403504
55.305804177083992,1.594274024461054,-0.81994616424237732
56.346456033271345,0.075669657778398361,-1.405099388319937
55.919529260271041,0.35469052951734747,2.0136218739076086
54.666517538565792,1.1058790676949168,-1.4423970572933917
56.366834931229782,-1.3917621707671937,0.7343350690991054
54.885118667462514,-1.4663891430040064,-0.39241842161679807
50.093049313961949,8.2740629563592112,10.653430309676745
55.272575270756384,-1.1554968755556427,-1.243399549025427
54.646157974004474,-0.2132569764386765,0.98994365587447897
54.389782247276308,-0.5895728324725571,-1.1810393336851528
56.331510139062047,1.2658975203957274,-0.9250664404675607
54.615208479203964,0.87040717294228465,-0.9404337255646037
55.475288905125886,1.6914783433718676,-0.76131540695617927
54.816924235490447,-1.0161662546304531,0.3211293874803976
55.797462010534716,-1.0160890137071419,1.0625997514704615
55.695477149514893,0.5689567876855347,1.3989538223667173
55.164425789831775,-1.3406256612256129,0.18692213743650887
56.273048531266014,-1.1705412934526351,-1.0458806313592257
54.641379621241363,0.22653142536502149,-1.472112981518692
55.925021041527771,-0.25428002644138625,-1.8627714472355308
54.711250599743096,-1.1237199600204129,-1.1321010946024594
55.869323374966029,-1.6332773335784849,-0.37627640774379911
55.035636841289808,0.84131787050734286,-1.355255812367024
54.982408154467294,-1.4453049631872164,0.41975377822665672
55.669234405942255,1.0787449802792246,-0.59194881051910697
55.402048498177258,-1.1535381187463365,0.74119922925657522
55.422922451719742,1.5635763743338142,-0.55991244700433451
55.684090127057516,1.3662872913155959,-1.1712352929488932
56.133793594188226,-0.74325243195335944,-1.4495049673928013
55.552829657937941,-1.1173085055864762,1.2405525286446979
55.985467924767228,1.3696447527272111,-0.62237094249423353
55.356502631315635,0.078149905861752911,1.5420448933928439
55.716748802754168,1.519662891200193,1.0138454458772008
54.869824219447636,-1.3896710960146244,0.38778626590866305
55.137861977930832,-0.29728216200443858,1.397717931511322
54.843232524891313,-1.4772758644349862,-0.64646733312634652
55.173380945604123,-1.5525819077376661,0.23105886239804799
55.64491929159513,-1.0778731260416421,1.1678836404943405
54.54389074956822,1.4952960808972602,0.87402982212009039
54.753894668051409,1.1909952758747002,-0.31792360460695157
55.715863785147569,-1.4509115013963958,-0.3016021539653076
56.363993761976538,1.5758111643165211,-0.70900757907030709
55.674959201107754,0.014861873282534955,1.880550749331791
54.699800489820589,1.3319101330551844,0.57535114782921792
55.695147187660261,0.49938328169345825,-1.4193942967162645
55.637474967655422,-1.3048976475518905,1.0244737172162581
54.747860508631121,1.7262084235526804,0.26181158242741265
55.522176153657448,0.81906036392840076,1.1589966057882133
56.070696563154065,0.47875329623143131,0.84175606933390057
54.827750920725073,-0.34112714110596598,-1.3056851529304281
54.538541992207392,1.4384959883086141,0.30837193055437684
55.765672628260049,-1.2191730358934696,-0.53386654853890125
55.997051725126745,1.422932593418198,1.1366173584301011
54.693812964977845,1.0939118633618019,-0.57739620014276205
56.093711850965406,-1.3929334028240796,0.31206360045806247
54.692734370245716,-1.668668750061103,-2.4889360880133884
55.750735294745766,-1.3849567784174981,-1.2748741733275786
54.751303896771219,-0.45555592710159903,-1.6725185156870999
55.565010089245675,1.6139228436500146,0.12170270799711104
55.424224958452861,-0.51371511938197023,1.3018674422457679
54.582121241745433,-2.1347361190478171,2.0671330761625533
55.851480606666541,-0.73672635407731835,-0.92911013337412585
54.982763995220814,0.47265878740171124,1.3830879262996698
55.295471954193545,1.3406328552485876,0.93846690000940469
54.919540006350367,-1.5439226612574899,-1.5707004251930736
54.586049408814581,-1.4178230803022842,0.27185087902016075
55.842426652987079,0.5030869217267987,1.250803823194363
54.739790627793838,0.4414745900292143,1.4788335804168944
56.179020271921324,-0.65713475578395908,-1.2950294212165494
55.393100586025405,-1.5290777911914566,1.1896346169703951
55.480303891968454,-0.120702388086113,1.6185468579480442
56.400097034621204,-0.26957322091714997,-1.5755896074615454
55.639253717029533,0.98250329262601177,0.73505389110208919
54.560548580139717,-0.42382907490199623,1.1186217011929196
55.980742466701571,-1.2291539759345098,0.79743990821591626
54.584440818537459,-1.6170666647586962,-0.14536152989543755
55.778267775068564,1.8466002100126417,0.87620088636122972
55.640984776632841,-0.79666511660300909,-0.75021734269375373
54.631408849588787,-1.5991790675161821,0.0013397526701576211
55.219971025345238,-0.45216666582056442,0.85396923835661953
56.561450754302328,-1.4992284018473465,0.20477459803767384
55.328172673900148,-0.18919594574962798,1.8595711212494346
56.320543708775347,1.3794856299226896,-0.56339887571876246
54.670170042740267,0.36676568395056586,-1.3855647075811957
56.201026732833633,-1.097810682761315,-1.2570479932521099
55.153515706433531,-0.050026604932862755,1.7088253898774617
56.477635876616567,1.2839763484362774,-1.5098379136296656
55.21390908040491,1.1256849142577838,-1.0939429938405725
55.695332011312523,-1.0018844222270802,-1.0742533189906049
55.947964846638925,-1.1889145575632372,-1.0604382629250606
54.718896770309556,-1.2065128409376409,0.56361973434514012
55.576351883254638,-1.4886874292972037,-0.52908504149356772
54.894860063990272,-1.5146530444756106,0.29960389371496493
54.564966901513451,1.9008808075189618,1.5619113114806737
54.77232619107356,0.79485419701094961,-1.757538782410567
54.877032603963642,1.8333687854599761,-0.8706648302636858
54.989022163572187,0.058324912783535521,1.4535293876248208
55.16499837032044,1.1373777780040411,0.74225386479839062
55.244603973618766,-0.91063562553251498,-1.0115567399982166
55.971816457727812,1.4285588407598404,-1.0417337992146993
56.398509329643289,-0.0178383630909477,-1.3393221404740649
54.64493177359639,-1.658832697960968,-0.56605185903121868
54.880015753325139,0.73600829222852338,1.1442462071839314
56.450648738882037,1.3134991264580052,-0.77386574720179624
55.848189796671683,-0.87676154164723952,0.53390842006960482
55.173931844596481,-0.091660250572108096,-1.3595778691437244
55.236415568745571,-0.98539671090178926,1.0640539531121835
54.686288815368322,1.4530504274129232,1.1616734663599464
55.292396527854677,-0.36747111294775903,-1.7491902750901764
55.502441423188323,-1.892879796693236,-0.16518142923860726
54.678042505913467,-0.25374246586461496,-1.3117657116871309
56.343948940070845,1.4814815637417731,-0.35816239898863539
55.247027473512823,-1.2300199576383992,0.33909190660265981
55.713022729435025,-1.4765926826264404,1.0026109655995021
54.978530568752781,-0.93581963030969717,1.3563883446194627
56.153797598848179,-1.636204105667189,-0.3187531180225659
55.361269703001767,1.2050612150558333,0.46498950880646889
55.79698422153362,-1.6709180717106282,-0.89020126720913306
56.132199404777133,1.6705668336486341,-0.59402780600250993
54.564793443630641,-1.297620859678305,-2.1846615773634501
54.922551080672548,-0.11458911242398752,1.7566754015644004
55.948995978500321,-1.5289501099722191,-0.27900512782701697
55.741677290316844,0.18247836531708986,-1.4609221953317342
55.642324923864095,0.33283287115282528,1.4701159697393889
54.674095620376036,1.5412608195690209,-0.47450858873627505
55.969712541201943,-1.1225862334031449,-1.3425482373649391
55.315652637962764,-1.275079596564517,1.0023843230300953
55.662724411228879,-1.3980204325611074,1.4231994605363885
55.639406422296311,1.0008693916462315,0.73025164278597043
54.500077793602678,-0.39511520440493514,-1.8085636372684908
55.582666184483799,1.5283263128467834,0.42972792044861985
54.835351981504552,1.655355521320806,-0.65425246470823017
55.522942443372344,0.39187948974697118,-1.5842001590382409
55.32962736969219,-0.45762010966197647,-1.1274032114799521
54.920606832806634,-0.28542014883526212,1.3221986858677006
56.079000573017872,0.34659186536818004,-1.8245767260069579
56.147020765540681,0.84217697237729972,1.3595421527780676
56.025219890172238,0.6690280580614526,0.66380915214321845
55.445848103358927,-1.2814077561768193,-0.83489778184565411
55.157823183957973,1.1042814918622688,0.93857417908290897
54.724972536691098,-1.3672139727292469,0.59197791323583182
54.58104280938305,-1.6055237172389061,-1.1995994091622562
54.668928906222952,0.15826042471336718,-1.3272339531677555
54.509194057876371,-0.87349518479393418,-1.449017980426853
55.885064703636907,-1.6318054947405045,-0.59374043277608901
55.590584492305943,0.49718710847876474,1.7052490529867372
55.565095790316271,0.9941181099163906,-1.2913635714147265
55.071547562910318,-0.77174217768033926,1.2024817048320926
55.227442178516831,0.50189975014231669,-1.5630270773343593
56.401307597247971,1.5573738342574421,0.57878235578510728
55.414343814236275,1.7239703891262732,0.6983700290315269
54.896048020124532,1.3478981081939858,-0.079009522354200598
55.818058180729878,0.99086829713070756,-1.0375751745486623
55.648286978189255,1.445470849056735,-0.10822942811317979
55.119286874245816,-1.286155107599664,0.0060167229477044951
55.493623707238214,0.69946664685855042,-1.4985198623254279
55.174942125787922,-1.0361685497313866,0.93287997914538678
55.485565252740194,1.351386619394926,0.78494074746013875
56.225915014860888,-1.2095591234685676,-0.80831925439991337
55.286056118476665,-0.58229857771331417,-1.8075045885617738
56.021700514709046,-0.8657924978944902,1.3654645184730181
54.537277764994791,1.4456907091753739,-0.74149995801771829
54.843456124386144,0.087597262144936766,-1.2918420656045813
56.323762400997019,-0.49546900064243865,-1.5838182523655382
55.878213371026547,-0.59203217406252384,-1.6389672473570231
56.447228447992202,1.2141120422975058,-1.2172163917959085
54.866826450295918,1.1203457087620443,-0.51911316531550444
55.212092233571155,-0.95343056502061907,1.060572931181059
55.851240744911571,1.5692071376971697,-0.61350670405684748
54.856762545892963,-1.5925112505296271,0.097079348468664978
54.481521508911293,-0.88082371289918771,1.9175891219910943
55.383395714280653,-0.83779165111510923,0.93357646669001515
55.561933969548235,-0.14810160996843863,-1.4254089093702114
55.229853524433707,-1.2606320902319859,0.79018426977001266
56.266345383093942,-1.6316229965127254,0.35015880985336545
55.790830010551645,-0.53317210785934599,1.2203627113408002
54.944849532522738,-0.84701734834619846,1.0073522682172924
55.558499392629891,-0.065054992903502085,-1.3575167863838435
55.206032982998082,1.8630217870925692,0.051009893494821879
55.550734619593378,-1.3869855599940621,1.3946096584758907
55.930509549747498,1.2849598066399974,-0.38886803095472905
55.295725919798187,-0.3707973279287935,-1.3940950244867141
56.174243068334661,-1.0991691594945447,-0.92981695432287559
55.403048398423707,-1.6427639294841045,0.63110774587492824
55.765685734187848,0.14391688103758773,1.5003550723868653
54.505649974276174,1.4768151316437588,1.0319530937810177
55.193880655243134,-1.0039161548925468,1.0584544822228585
55.804215433178278,1.0518801469798333,-0.46622766156790385
56.169919121531201,1.3058719374841199,0.47996573014556182
55.940818514047152,-0.77185532918664512,-1.0990038764242827
54.645280905533177,-0.21093378702170704,-1.3425647075913754
55.96818300000821,1.0294065744351006,-1.0597717980819159
54.437103288339138,-1.3566601450897895,-0.41119455706358526
56.355528817122845,-1.4101233046128596,0.39663093613524664
56.088287611835199,-0.093262566768527067,1.7366053336386438
55.620857460301146,0.83204250417598258,1.5328927656487275
54.61262271997974,1.2917923967411522,0.17100416267515919
56.387894846873166,-1.5390367525779258,-0.25115008309314596
56.485797952333755,-0.82199773443676494,-1.0558113894696008
55.723429890464928,-1.6213781715912374,0.15582827163670804
56.359863088742763,-1.5302565111750175,-0.45006205155713258
55.130678865789015,-1.1192743561452854,1.8330422981478904
54.773241116163121,-1.6714814694310776,0.1949766246917827
55.388293016999917,1.9244944615993282,0.19103829268081701
56.386512470131414,-1.2014980130970423,0.10847711018606228
56.419669973287711,0.26600787331360937,-1.8127721798227645
55.515161004334239,-1.6651177895221616,0.024577936297095905
55.741957592355277,-0.82994277735034561,-1.1129770705420332
54.909960618975468,1.3894256005785515,1.0296806125958151
55.785296293231845,-1.2467350535268764,-0.15854875528361911
55.226879851096591,1.8233931480228045,-0.87014355461638815
54.992208737068147,-1.0786683061228737,-1.18080766133755
55.80457348585589,0.25510052313912285,1.4689182232375124
55.904108568171921,-0.51205779113308258,-1.4216954294815405
55.578202820739044,-1.5496893448250255,-0.49667192448031389
54.747991843215821,-1.4929657272414005,0.69146602630914489
55.489583133789992,-1.0079351886238466,0.36096879541150279
54.927990829048213,1.0033737459632717,1.2741396234114868
55.61987898613922,0.68819431160220257,-1.5364491384166907
54.729900543099696,1.3818390607711022,0.06886135343647945
56.187377050321572,0.13178472088223223,0.90863715899230224
54.708988906119558,0.63301386438921581,-0.93021614983487233
55.051979378156645,0.52727762751721752,-0.73987893084638157
55.736180414283233,0.12708791621607204,0.95040284913873085
55.903057738135061,1.7327448557948208,-0.3720218205065558
56.428291741577596,1.3740737816279647,0.69423382062152494
55.556003167592081,-0.79693477515992828,1.2954952475162682
54.925845228479318,0.75116793263441994,-1.5768285508366038
55.250478787810067,-0.15796324367330628,-1.5297602616302757
55.042043223357219,0.98935431759072956,0.63739013515827603
56.584811439141546,-0.54926803066648544,-1.3791874571837062
54.880015902306404,0.30781139815867342,-1.3257116608393751
55.349205350979695,1.3457143719542191,-1.7637638883296693
56.090728696904172,-1.1515925598947552,1.0080317859658248
56.035661888940183,0.93468683384212214,-0.68734243714932075
54.927285949331058,-1.4454458352936512,-0.084458928031079433
55.556953418706648,0.35475658418422396,-2.0192933424667441
54.687674478379009,0.64253806734465324,-0.80919934498808932
55.529826709197543,-1.0127576825353217,1.4504004514999485
56.261671003651614,-0.22961207784893239,-1.3701673005214885
56.268812906661822,1.3248598448219551,1.0709963837816856
55.298588617287628,1.0013056374746256,-1.6488399444342015
55.948992570598769,-1.6735755840026241,-0.75315626120517176
55.885657172303418,-0.11367650171410855,1.719690746932615
54.45963524416581,-1.2155948695322221,-0.57816024174369063
55.584153963938455,-0.69015710305008449,1.1980502496657008
55.72052847251139,-0.25412213264219391,1.3586893359582233
55.392489439998144,-0.038463683984460546,-1.7644978971927847
55.705082423326552,-1.0724891475963112,0.59167755574618508
54.844900580454635,-0.37845583088182977,1.523754056905777
55.91362371115698,-1.7607066491081851,0.043275677648815472
55.866235304998852,1.8593056747752816,-1.2155968674101458
54.913352328898419,0.095365403227710199,-1.4639183798444015
55.176713435458502,-1.6653762495059319,-0.56783669969524841
55.773332383066439,1.4556500118581948,-0.25968699338240447
55.139632702726928,0.016131357689234349,1.3368555037670387
55.774090646668107,-1.385906833140458,0.62963364782598497
56.215670693626819,-0.81879336085908339,0.97992173474857469
54.97330874580507,-0.38240359923003103,-1.6133285238014259
56.218073243903348,-1.9208723850792453,0.20502318630445737
55.369886425148202,0.26184891856796089,-1.0326189080075479
55.901926012758054,0.38493860205613367,1.6635160995309171
55.744542799375701,1.5928722849220731,-0.42128201969143897
54.71852496364739,-1.0009099518266733,-1.5672188213375771
56.129628787004975,-1.4672522875724914,-0.49180523492121891
55.156773991616078,-0.64282252210545343,-0.85757625879690647
55.644689121195292,0.66253863087656506,1.104069726741236
54.687203423290121,1.8734657825690006,0.24787688222291834
55.288324633362109,1.923585837209024,-0.72156104940803056
54.872969219552672,1.4499556051863023,0.21665680327088843
54.982498810266335,0.37381808569634128,-1.4729131898486829
54.644055022862318,-1.1078775844277091,-1.2636710020309074
56.535185135676663,-0.13864652910500797,1.4963029704786464
54.684675034123778,0.015014167801469235,1.5897768269640589
54.944621192052267,-1.7149180711457734,-0.053387749621476618
55.508834940185928,1.7617553933482317,0.028080342184130583
56.390739303995829,-0.90856932377315613,-1.6360558120365971
54.890742852030428,1.3053055722757789,-0.049789453265183581
56.330823361550891,1.1173960361517656,0.76183402786568144
55.788981567179825,1.6147707031910585,0.3149304936057859
55.834992605052399,0.50484045996230831,-1.7580547344104904
55.940013206262478,-0.59433600507649631,-0.81525331679751367
54.757442507546507,-0.43306737917230542,1.74908236987083
54.903297331020731,2.2326812399351832,-0.28740776685941327
54.719973557695567,-1.4545093961156459,1.2876616923531419
40.290767539444246,5.1836590462927026,7.7767766745332798
56.454731354063888,-0.41617234919019935,-1.6177111714696994
55.267242832203245,0.82465562051359198,-1.2426490294505188
55.773146290567134,-1.2786425146293652,0.99092120844286369
55.285285284758373,0.064588358649216068,1.2983505614731323
56.233360513845341,1.0701898030529307,-1.390320158645904
55.527311099788982,-0.3132096349081257,1.2876627796800066
55.374385239482862,-0.85225803308454062,-1.3688194389508057
54.698955492373607,-0.020260133141791932,1.4038199901976876
54.60249198726504,-1.5301285762842634,-0.80779046482527828
55.194108643617305,1.6925370746444361,0.50160282883928398
55.559349368842199,-1.1946376501206561,-0.07479006140015898
55.223282193935923,0.97236687151225176,1.3084971055954517
55.086797390975256,0.30764164003473565,0.30289013227584033
55.089987963581834,-1.1813894228147921,0.6103495704078119
54.867360557892432,1.6728661979058495,-0.50859819747361523
54.580837549197163,1.5832887282272599,0.095191282253209414
56.228151498061727,1.6053251522714038,-0.8163047088499481
55.963957015080901,-1.5333553458283451,-0.34153865291819818
54.972663102614405,0.79843928040173351,-0.74491701597090942
54.837552624863477,-0.98161553707706295,-1.0049852958153911
53.531177663982824,2.5861654704599948,3.204297214663296
54.729371959104633,-0.39120402259091264,1.3563736460447877
55.032732597969527,0.68846024857030463,1.124965699763143
54.398043177420597,0.85126909397605366,1.6982874366271472
56.366519354399301,-1.411156701665371,0.25219705553015331
54.965984389979013,-1.0485641911571324,-0.39828575137560851
55.602408486903769,0.73746724664486973,1.2247514028700317
55.208179129597539,-1.5483617867962129,-0.047070909461576854
55.392188170213586,0.86193297908243571,-1.0823453778983156
54.476474451945073,-1.3707521723975102,1.4256741167825111
55.423329225755104,2.0196968904444752,0.29733897620954941
54.68082508684536,-1.1860064809101192,-1.0366357932956003
56.472387994209662,-0.90654438582669394,-0.91524042663103344
54.726083629883824,-1.4419550812481516,-1.4018957929745495
55.007151296107288,1.3786506038882367,0.43258902739503674
56.435593893708798,-1.4481876636160698,0.56498894394059096
55.105825647987793,0.13974450762111801,2.2243444623007571
55.84722779684887,-1.4271399743151552,0.51882039506116651
55.199047756280009,-1.1519278284503696,0.46233232371939764
54.672480640809532,-0.78624566376787519,-1.436946390858044
55.926796633448582,-1.3253280044002884,-0.60595213195814268
56.066135531808804,-0.88692909394627761,-0.94024532789151916
56.414683136121702,-0.60657050110941646,0.97487162811116657
56.086018497129508,-0.95776070933827018,-1.0591272918999637
54.991811430333875,-1.3547870186124407,0.28782755379400488
55.159147222554374,1.1204812327786486,0.15471396101203755
56.016389644970943,-0.45650713422578271,-1.5406605441348085
54.676311722906718,0.44242350614669823,-1.2882322994823356
56.426028879883091,-1.7540851279031557,0.46693449489805211
55.960486847219386,-1.3426189551218195,-1.2708038120306124
55.705269142312893,-0.48336247462939402,-1.4214201190678535
54.799077125580439,-0.30252320353766254,1.5157919681648868
55.906024803599145,1.250514922225872,0.39703668277547915
56.399562385644998,0.75348324244708009,-1.1089345351746682
55.509366492559806,-0.7088786260472949,-1.1429839985234975
56.288929014644488,1.3305559410176575,-0.54595171371407236
54.825542761669489,-1.6252790889165598,-0.66107583353134025
55.369034644261035,0.62280501308186553,1.1397093496639166
55.65987280144364,-1.6142476280467195,0.64729008251241427
55.605384878107522,0.50609540573937095,-1.3259936167005397
55.875549882266363,-0.97876134774799006,1.1910856097474398
54.484843120856041,-1.6309571395278006,1.2245395395650311
56.417033999676981,0.38937274182499942,1.4913503752821062
54.59333790775365,-0.50510987454980583,1.6112246103263042
55.638704806128828,-1.1660344705484667,1.4164746549567004
56.130183452765806,1.2026361749885233,0.62717574775158003
56.48395121220625,1.4439081681998009,1.118374707970327
55.555792905266678,-0.66946577590977063,-1.2170630365712072
54.989175643141301,-1.048486879959919,1.3134915552521305
55.538873018185804,0.25468189740823571,1.9778278776219795
55.05904141655995,1.1008653670767372,-1.0940089548376823
55.743804719054822,-1.4165138046302783,0.22564166150831985
55.067162451216511,0.75778677098757596,-1.5079997680209218
55.172644916746471,0.26894157320810624,-1.6612082952517879
55.832124681263764,-1.0713634693659011,-0.25527005858735657
55.740589969044777,-1.1382303903853295,0.73054989082113664
56.57318502784355,-0.38975259770851234,1.5345343320306906
54.694037421584333,-0.44142788651802711,1.1735175858343077
56.022220026815653,-0.60707852682332641,1.7248666916853019
55.046221085986772,-1.2524243176200232,-0.51866924049731511
55.286300318136036,0.54152294424374015,1.3665673795144626
56.059219583602577,0.94035394477540868,1.3043063656965861
55.665736325534034,1.3265912954953039,-0.67043649350459411
54.6266615447405,-1.2860222112326003,-0.83864887578292313
54.812438994444399,-2.4527889964019058,-1.2636723001579742
54.492356854227147,0.30891661271565601,1.9339600689336847
54.909707199830386,1.0942112032563285,-1.1871617831952397
55.479340102724457,-0.97730727881680346,-1.6454717920247994
55.721421466822896,1.0351360399224987,-1.0648145730609901
54.912353858443304,0.25338440359540992,1.7061274344839028
54.408372752059051,1.2910178575522837,-0.72077172732487815
54.521650039711126,-0.028349766153709963,1.5006191246736535
56.53070422663157,0.60693291707988117,0.65628492575492092
54.79568705298346,-0.57173057513600822,-1.7392411849497615
55.049728959026325,1.5072650137886714,0.22784442433794744
55.160738216866804,1.3335438148319807,-0.35212075677828075
55.93825468957516,-1.3663111305800459,1.1478894010646961
55.606626214855346,0.43128823433733249,-1.4001226874591495
55.05476509547087,0.079398141665574407,1.3889352425275721
54.424631706313285,0.75357694783158558,1.4135764427357997
55.541708648228649,-0.71306550786341416,1.4070036023160606
55.500608001591061,1.0493462444769521,-0.52344256674235545
55.754131348143339,-0.56307485399653601,-1.6320282123233953
54.982699095115159,-1.1095045922051439,0.58331385354845189
56.08650997539597,-0.81868680649662229,1.5313795281282114
54.469603645577379,-1.5970045060587121,0.13927664269000276
55.667539013495947,0.012499903498221204,-1.2021311387906668
54.76194391463401,-0.071016158658333162,1.4669740325577107
56.204191779565981,-1.2266231114328088,0.5454505135470854
56.263283282835069,0.59248384403506704,1.6273372066413767
55.878301240143671,-0.63839697403761175,1.3640071747906433
56.328336833303233,-1.4903501794028555,-1.0601093103245753
55.520445888687966,1.3028432726214192,-0.32650489319877096
56.120863129390358,-0.57236046326992884,-1.8702579357909228
54.714668087750184,0.98871150651052664,1.1577252438266701
54.986601733415057,-1.7234792250428583,0.31405603178185743
56.08577112807771,-1.1008251665896838,-0.77622111497134183
55.956709278346679,-0.33697745156273845,1.3683566475277029
55.187432046919042,1.4918611138090299,0.63405636254599218
54.713000585506521,0.69692588097567942,-1.6220837869564557
55.284760651517125,-1.0231203060531713,-0.33292337868241606
55.759565715997631,1.44090449601652,1.0013685957044693
56.213914670137299,1.3892553703809218,1.3421223970425771
54.611236396150126,-1.2782072293384683,-0.32323626086549639
55.217369919276031,0.5194962147841925,-1.3696722349272938
55.421294259063018,-0.02946839986415371,-1.4632773019046497
55.61892538845013,-0.060607388275203268,1.3088310238990744
56.2826730995547,1.0926524132355238,-0.65478816734913448
55.154666053382805,0.78751226015334275,1.3552804896560948
55.115602796405312,0.22889960787668318,1.499569520609682
54.788178164798033,1.3433445031811331,-0.96339798265694432
56.118368957100408,-0.98248643598677576,1.1372216018272323
54.780646545057792,-1.208325983806952,1.891491252180483
55.836468694159194,-0.42825226775861958,1.6693659471448294
55.252805665457537,-1.4906211234302187,0.71397299705440798
55.099765535963925,-0.44558055569651533,1.5824659164590624
55.577474558640965,-0.2963159298560607,1.4983777153978688
54.885512026611437,-0.66837302240063867,-1.4065584568731035
56.156839761931913,1.6096566440375766,-1.2338529262510984
55.037142090185114,-0.43362241094452342,1.4896975518678535
54.862708344692933,-0.30685375058034098,1.6090439284004592
54.911356331306351,1.294960988498645,0.38404980844307579
54.94902029552064,-0.7314207505806416,1.3272051478756233
54.742526622330097,-0.96594349520426326,1.0955990204575705
56.357386892925462,-0.23182475095403612,-1.6600226797085049
55.560804764166285,0.72820320133677074,1.2417750543622752
55.540314653575145,0.071953263654823976,1.6574532129142348
55.450214400170438,-1.4371018403777001,-0.79015751844128213
55.29327779883635,-1.0664957402903985,-1.3835740797001983
55.354270513621678,-0.62021403770663075,1.5336226146183718
54.426280845764211,0.67508985504781283,-1.1313681641744091
55.611142221232761,0.6520026489433397,-1.323956192998015
54.871869054296148,-2.0076441311692306,-0.19294352217385327
55.415824070001065,1.5167909591507953,-1.0566571538912344
54.901253638132033,-0.91641649457415297,1.3172983051788563
55.015342867036502,1.0248928864289939,1.3316394009754264
55.630300871718411,-0.31807878110488785,-1.0271200442372952
56.466979053957438,-1.301061088339402,-0.11702920731322998
54.622984067795684,-1.5909851964135895,0.0579313614101254
56.280780304660091,1.2698101804353548,-0.060412973935329371
55.194996885215375,0.22389403521476717,-0.75114914391469711
55.439366993275314,-1.4744756165048059,1.4455236970563747
55.388918698870171,0.77475352831313737,0.8747365926077415
55.6550741764325,-0.77248073623344915,1.259204799415103
55.469859914930453,1.6911653715243826,-0.4475486972050649
55.391775838769988,-1.722846214853518,-0.11897562608964685
54.881324281574848,-0.76592619957368802,-1.1519098934240066
56.271553199695141,-1.2747844115381739,-0.696545252050223
55.521448462741326,-1.1027386109137092,1.5470358151513903
54.689358419651967,-0.42509593471807045,-0.80164563833745051
55.679290006011747,0.92715533108796433,1.1465138290433758
54.485516347753041,0.93292229667924043,1.4185186817642856
54.60051708469549,-0.77477845031585002,1.1330332348233041
55.016255061063788,-0.61575030554299426,-1.3643578293713348
54.992723697049406,1.3527823353251234,-1.3199382408467266
56.515698827245238,-1.0059972335854994,-1.2023771441110147
56.270716740392906,-0.87740742870037525,-1.300662001029709
56.132974530741102,1.1819191088301018,0.78245289863812317
54.939323927545324,-1.1190380335756056,-1.1784418473474847
55.686480889963974,-1.6672769512290107,0.73334975198726526
54.501170785579937,-1.4432268625014015,1.2608250296912813
55.039474919785214,1.5360163006397378,-0.3546322386540452
55.743089774461943,-0.10065997403338156,2.0560659318275545
56.224443354902064,1.4735979835185378,-1.1092148850067691
56.092295399641273,-0.093690161363740906,1.4905036522648054
56.413781292240643,-0.35294557924500713,-1.7655830568028967
55.218952947367541,-1.4045711229661435,1.0583897658844539
56.379419479452523,1.3334446714896344,0.74886978194541132
55.717198976192954,1.2504345440181261,0.83775644703904473
55.082521599763261,1.3858684994545498,0.86971156904315217
55.80167291896867,-0.9081051003015238,-1.0487552149739441
55.56742276081458,1.5181891625301855,0.71956971904913414
55.118008676620079,1.3820892086051517,2.0656149120614637
55.132213791013704,0.089312400235308606,-1.5684447771343917
55.594334029731151,-1.2489782387409578,-1.1417767673200472
56.122197154954655,0.63529852949330812,-1.2563067934704877
56.487259930542727,-0.74471603108207862,-1.1417011707381517
55.640467345827048,-1.3440230302743708,-0.93383749697888774
54.549916859624588,1.4564078589333167,0.94654687550765204
56.030770464945363,-1.1978887910142477,-1.2958661371076465
56.030141119035626,-1.7715665351902667,-0.079194873447977446
56.377009301612418,-1.1420184841593144,1.5165026686419516
55.511150561899662,-0.29809779156606409,-1.3931239460739531
56.18508382241005,-1.6388392658290802,0.13467615681639158
54.585341495777506,1.3430687840492284,-1.3979692487505557
55.427131089687634,-1.0203173002319967,1.3294888114914254
54.43418268630694,-1.427014195003776,0.07726056522196724
55.186012416119638,-0.16487442978888195,-0.34047496500125796
55.007478453738791,0.29466662168798768,-0.86079331069199061
55.47942638905586,2.4992179503475671,-1.0641591737760512
55.036051144484041,-0.59758541913395968,-1.4734947968524232
55.844812876097798,-0.91900248293029929,1.7784741393169776
56.383715489346677,-0.73469733689852512,1.0749385059600003
55.168609843528479,1.0328168831815494,-1.0445682305380666
54.951877631698736,1.0829547383664697,-0.33473982836960897
54.851985380955895,-0.54083995422810094,0.43129206155445388
55.489796271406277,1.7850842773124951,0.22079397666345929
55.44130056768492,0.28449988194992426,1.7531516952681441
55.385372997163962,-1.3627078772291552,0.081620106375494564
55.608017301558064,-1.2127163336744688,1.1348047950472271
56.022826352325445,1.8279195057900504,-0.23737648341956591
55.371914874340113,-0.10460746023106469,-1.183969125265856
55.480911622104649,-1.3788674613665928,1.2236295421383543
55.657083147274555,-1.399586582584458,0.98042898882207163
55.391049496767053,-1.2752933235449997,0.95007117505539906
56.422856178203567,-1.436791060044025,-0.25584172735959271
56.432088481765859,1.5252553886811002,0.038750007770603279
53.692791928201622,6.6705290103072095,5.9869637783272491
54.948992313665762,-0.591808618615837,-1.2303924347272732
55.59584910322922,-1.6400248459167952,0.81891466794078271
55.134199797380376,1.1558610627818586,-0.80547050617841343
54.960260687696085,1.0154691777128204,-0.81764373699918591
56.027710992643385,0.26754641037190152,1.582712796363771
54.984247332602379,1.2960424178136478,0.2793637262860672
55.686815088910841,0.47600152932564727,-1.4429483216036016
55.460257525191878,-1.4810558437645445,-1.149308918830398
55.459985949273864,-0.013634684175307098,1.0699113912145066
56.231887464230994,-1.4754253426532664,-0.013713734989867766
55.553553012799519,-1.312145795085417,-0.9543393503048857
56.249736633588562,1.109662939391979,1.4072249195773332
55.427897450795449,0.84642132497797529,-0.56532908630661338
54.971682253861864,1.2433969599023025,-1.0869648211611032
56.339094036566507,-1.3730022207783552,0.23685607829687269
55.53432462721986,-1.3571239523404655,0.13534652663296953
56.014148017682857,-1.4452427183199288,-0.20164010616256792
55.54620978546901,-1.4814673709935358,-0.8789658237052731
54.903146802431799,-1.0357758018326093,-1.300446758748544
54.432099990487586,1.4219536124001431,-1.2700230333189004
56.298673398931484,1.2870776245276778,0.39445852355596167
55.795489499020142,1.1763132163641774,-0.964184323842873
56.404820276969552,-0.30181588047117341,-1.2320599545111859
56.446168305697682,0.88894196914554913,1.2250575574920144
54.501856932382424,-1.3817112205727531,0.44321075502816726
55.50746743536638,-0.30224135009444669,-1.330930063878714
54.736968525832715,-0.63562753407712935,1.5207323731535229
56.254656355490312,1.5553078263346578,0.22085050466229614
55.924608284635539,-1.3528590787756689,0.94489757430855803
55.382460427079927,0.043204237381343248,1.5593460820028013
56.121926357894836,1.4335547857256248,-0.26542894707498865
55.955227038182059,0.44520609872689332,-1.5171637038581312
54.680594596715558,-2.4696239964803088,0.13831415937593766
55.841437546878602,0.86319397574499745,-1.3208844290250916
55.586824926710513,-0.7320602814319247,1.3504838183577206
55.521183385504187,1.6731800545379361,-1.1456109254666729
55.327884391224515,1.3051624940675868,-1.5196359686953071
56.341327153972308,1.2261502425527968,-0.079009547598754754
54.824050652611142,-0.294351940340917,3.4399060350704929
56.285775641612354,-0.2085345285364453,1.6915530989640712
54.912172780235572,1.2835102300693424,1.3599294202316043
55.980124129840739,-1.9107796249277962,0.8707318908070113
54.752455427887242,1.2009981520625495,1.2020730526714696
56.29798510618982,-0.52966800823662985,-1.1829469345548322
55.755503895414414,-0.45912878155463982,1.72833985456272
56.094660371898357,1.637165856696938,-0.39485036917053168
56.134194453848373,0.4515428702386971,-1.4619810115001692
55.224897746199716,-1.2770181858661838,-0.82962988601058918
54.740456638161426,-0.24170752571444926,2.1867096708739262
56.080475220517592,1.651901580187197,-0.45627225508601343
55.262908798909763,-1.5848723037834769,0.12244327701385024
55.652115359276166,-1.5288340755034615,0.94044588001551821
54.940221636949488,1.201563315029796,0.15641904248719116
56.005208430621472,-1.375253768632454,0.6374518812777269
56.166811610816161,-1.1201866580120379,-0.42994661067538387
55.138079411794436,1.0399759544072444,-0.33006207043454183
54.594960761220065,0.28091677668463644,-0.90719873904843717
56.018678738153262,1.0886023333116166,1.1406073914477279
55.704394895728214,1.0305392435069509,1.1603768519553581
55.477649195877838,1.5548064700607649,0.92967416320689411
54.672826095993514,2.0201255460669252,0.81677285302299374
56.35089897817069,-0.91359811420830328,-1.2003352197662003
56.232707177167136,0.40329055621454435,-1.3685308785126808
54.438771807445235,-1.1679448566107455,-0.70810607409568482
56.422183431252904,-1.8810625838869539,0.045306531596807371
56.289178666975033,1.6815602175540929,-0.059131202170098068
55.080402280013914,-0.023836837066735495,-1.4474222812562618
55.027248125385171,-0.97764024512786507,1.4952296469856665
55.867062668654285,1.6967818235618775,0.70483225774603231
56.444060184280502,1.0477310733953586,-1.3756791291237651
55.712572466279987,-0.94768275359775711,-1.2216846985786325
54.707530205046965,-1.3174981561928878,0.80687130695704556
54.358705565017161,-1.32561702752739,-0.83471005338960469
55.755946945742174,-0.12236773989824394,1.3436505390409641
56.355408023138686,-0.82252430268668641,1.1796596341024828
55.276147994238876,-1.7867343846133914,-0.91639294487737732
55.596754836687609,0.048966969424972993,-1.5338570960856333
56.469187866186985,1.4763767870952011,0.27266080263201664
55.160413244665328,1.4346052204431785,-0.33849222664353845
54.705425618413479,-1.621230893603397,0.51403113702938485
55.94756310816873,-0.66534278332139651,1.2376228349906304
55.474169281245693,-1.4303585080675931,0.1293628763592502
55.931119300424918,0.48199218724737869,-1.5817771852875664
54.568686643755001,-1.1290904761988785,1.3272857071682436
55.039849416508623,1.1814355360026165,1.3385293421177749
55.583894726906259,-0.14535427936061968,-1.4792730808532617
54.449689384112979,0.05823961053437323,1.7717348684628451
55.264671166382051,-1.3577620100810761,-0.93761695425398994
55.372495876626239,-1.5084847981431664,-0.84051993645238854
56.554369436468306,-1.4123537538776998,0.10757481402102045
55.564320359068603,0.10332638424206707,-1.7702499087945145
55.459778316825712,-1.0723427983687439,1.0427477195300972
56.073342058259563,-1.0066536833479252,1.6403275041342189
55.684391768492894,0.1856373822107025,1.4700511284487503
55.265470998851129,0.94872589404162333,1.9429374853312706
56.403354057352921,1.4370059003433939,0.35297795952188654
54.61991611730371,1.8125042766857382,-0.39449204108999131
55.075902122810838,1.6348606208352598,-0.060031272457111283
55.195990641950225,-1.9416551835390834,0.34456390812520526
54.768368275539423,-0.36001148165356944,-1.2559991465797984
56.206887916629306,0.2536854607414385,-0.87776412677127036
55.419778283613979,-0.035795570366484099,-1.7816946713038686
54.575272105794305,-0.71606085305399914,1.0242217924268919
55.62924513485298,-1.2320398571127662,1.2435658430874266
55.741839248864231,1.7770957578872106,-0.34376115984580308
55.15197962479683,-1.0168458756537939,-0.91067508810089481
54.664931197633983,0.16552078003295839,-1.9106497949810821
56.38228286050056,-1.5266387067728959,-0.33864543008748699
56.075516380328487,1.2982593389373633,-0.8508811668502908
56.49970929993907,-0.64572707442124544,-1.1327843465638232
54.725681003628345,0.84044542400186961,-1.5835499601272156
54.924450495266107,-1.1190044334505496,1.4432176602679339
55.91905034329767,1.9082566083102701,1.4021462609684965
56.533394053003299,0.55906953950476712,1.2801710578120704
54.626395948577468,-0.20883056499239752,1.4926887193850524
55.728889841718946,-0.003862907972887812,1.9262320350370439
56.332459097240317,-1.3974484432615668,-0.69336137856176017
55.335392660114636,0.34819440924744155,-1.0845752709499912
56.12218387831193,-1.5451362285461037,1.0807855046106127
55.866470233143254,1.1556774273092187,-0.39706644716809592
54.798334401500114,-1.8143628588802787,-0.4481085099031496
56.478394983324826,-0.46004477418461509,-1.5404804022864182
54.800191734904587,-1.3739047831136924,-0.22762744971892096
56.319583815724549,-0.30506512504023908,-1.223417287759299
56.429628329301067,1.3890351398531664,-0.36563127492112935
56.37371563240896,1.717099900756756,0.19434797176594762
55.513693202584854,1.7203208325038433,0.30602835656655936
55.822144121207899,1.6317979117028341,-0.60419003184273024
55.787894828972,-1.6367643132028791,0.6290206285305765
55.074655065808486,-1.2904760756429043,0.51332388164551757
56.59601735875669,1.0173031763131752,0.58468766158306129
55.142674840255516,-0.58409683785853117,-1.7378480801069529
55.407943829803109,-0.8407264662836228,-1.6523068152733009
56.078192719007511,0.10228725596348053,-1.3827795867355244
55.715418644773479,0.36946599154006093,-1.3359555270154206
54.605898743092773,1.8022875443806845,0.46273153304109865
55.032435629387265,0.78164338488604546,1.1797970558601232
54.724408317090855,-1.8081601955683742,0.0086356277979621997
56.409044545429857,-0.9861799783749855,0.54706707274849231
54.632034661178416,1.334173867525321,0.77042395117836848
55.450192871337954,1.3690927454651536,-1.1451063667629666
56.064979529779862,-0.63578252059398421,1.4537630034036344
54.722806501420827,-1.1589405748352202,1.099008471168013
56.172089495782792,-0.28805507643973949,-1.1999436347289165
54.82536526229385,-0.85055293035268442,1.1749876415781924
56.087783022529159,0.356606194501072,1.259678513745903
55.336782487983179,-0.78645602623372424,1.6252208805630766
56.121903543238254,1.1587068906767228,0.66384589483140077
54.895347346249778,-1.34725613709421,-0.73418707924615989
55.055043573481235,1.6069257160345747,1.1617536775002004
55.18726421895559,1.2353699597645649,0.14502595682910657
54.913368255788846,0.86221850253634547,-1.1722341564876289
56.14364274854983,-0.56966395579839479,1.4943605768686306
54.510959672764734,0.077533887906527071,-1.902883151627397
54.673947711845365,1.1092458868159156,1.4755710929800194
55.0204208458848,0.91031952569023911,-1.1043334344149822
54.708537563075446,-1.6264587668240047,0.2174158079793985
55.435722176357146,0.60429673234311365,-1.0159330308252357
56.380676290594593,0.99231970794845514,-1.6050247113440663
55.795685993033295,-0.98472351257861324,-1.041148397929796
56.497812180408332,-1.8363404169722126,-0.22264428061297081
54.631056287052004,0.80089313403713547,-0.74390663970493742
55.449106419020069,0.44458184469064771,1.4590919996383045
54.460335388442857,-1.3209161386916617,0.098853492618957484
55.352108103373503,-1.2604770860871519,-0.69559826136716307
54.966093261387016,-0.12193712795855108,1.4476223506353996
55.879073838756426,1.4009314457581998,0.65276545179315038
54.930175385622817,-1.156626413123901,-1.1014894879450643
55.916524772524077,-0.90946783477665638,-1.471155594228867
54.729199852942671,1.4372810062725188,0.74361511002881875
56.416063163198949,-0.95038643925689059,0.9099244801711297
55.717799940193864,-1.3283084307872541,-0.25579981279966169
54.68048394649783,1.1842083376044819,-1.0898358663028245
56.410376144781942,1.3380258424513229,-0.63937947163064368
55.584136296076757,-1.9413995029607056,-0.15049499781737025
55.273761060265265,1.0061189641217512,-1.0436134736700298
56.010905715233591,-0.80153111390988674,-1.3713919184397017
55.270367601377565,1.3790900615256381,0.98054325700469436
55.217785754535569,-1.4571934029053073,-0.064340135231991502
55.921165875269999,1.6033352447677547,-0.095339196387663874
54.821419008946116,-0.86114948837642991,-1.3125581314831238
55.199800594677178,0.77908914399123985,1.7913366675975491
55.877502087202444,1.8972530313193841,-0.015371906051272342
55.938694838649859,1.3550058103047831,1.3952999782665181
56.348001303963493,-1.9585941233026669,0.27245746157723566
56.30789560240666,0.54074491261780355,-1.5943755087429339
55.057901016176572,-0.1808852959642453,-1.2102932391940655
56.272587629920388,0.54473875608643607,1.2349145087154991
54.723030556657577,-1.0084574603649559,-1.4041912476126386
56.005580905434961,1.2670026312227491,-0.18940272413730344
56.370262072367709,-2.0697675114161869,0.51145396042714841
56.099200370386939,1.033723706102776,-1.2835984559894109
55.162877006695325,-1.6260108381577063,-0.041418037877852566
55.784112677798028,0.16386927990716893,1.5854977468090785
56.162506052360456,-0.69490937863016289,1.373693651785497
54.973029316295985,-0.90914591696194214,-1.3119520555359645
56.033127240023397,-1.0946592753109237,-1.1665315000915872
54.782222705739336,1.6730393340721921,-0.19497420009435285
54.561392206631147,-0.24203467335084949,-1.1590528193954666
55.495837496293404,1.4863420564989542,-0.48143591715158496
55.606686525907243,-0.80369109208104739,1.3974842332267188
56.09468024240055,-0.35705067675215546,-1.4254975108141017
55.220921245321755,1.059551440659448,-1.8094536933935417
52.884466000065004,-8.8731785542529824,-3.6627197630713848
55.316918561485174,1.4362536022359478,-0.76352041811346227
54.702622950699755,-0.75740351119782734,-1.7736771435325227
55.536494049120954,-0.21352336592374649,-1.3520916932029214
55.240018814348666,-1.0672292699223644,1.2023228221158588
55.993972743006175,-1.4317048111230204,-0.89287216050609863
55.129161306731731,-1.1021589900298026,-1.035768383807679
54.679232965191567,-1.867664632673244,-0.036966187622799733
56.131260659674425,-0.87000415142445608,-1.8378480472684902
55.891895787086334,-1.3709261964785222,0.39434952790182992
55.183722030213758,-0.28035181367960699,0.48332629544829225
56.336635647785243,0.49771122796140521,1.3134773753131888
55.83067467539356,0.42217115723628146,-1.2032476408665973
55.177873255023783,1.2423871621183473,1.1931856514633767
54.852395712262521,0.54758712389905106,-1.4330447734601732
55.175592455949861,-1.207223852853299,0.87100583474249338
55.182152234846811,-1.4203255019590322,0.042724453899336247
55.07331656171813,1.5164347217875425,-0.96521508218246999
54.89536034519049,-0.012480390622161951,-1.2438680654135625
56.249363759586807,-1.4903979310869018,0.46826074921224731
54.934265304778343,-0.87480671100762375,-1.3215241375556677
56.074631960437543,-0.75208673004042992,-1.4526858070492406
56.050696399334797,-0.20645841744963644,-1.6243915313529571
56.117788023332437,1.812718516969918,0.63691288242763355
56.370883904404501,-0.014951498784752985,1.801570470058546
55.988696023708151,-1.6951556497456262,0.28933576931012428
56.239962365578734,0.72931249400389819,1.3038606391099892
56.047990574291184,-1.3288856878443958,-0.27524376715877058
55.127392890456065,0.48735293038996469,0.97519197326328333
55.544583569042842,-1.3888511000772845,0.070219153839361809
56.156222979254814,-0.4965694569184505,-1.5368945327737045
55.391452535156972,-0.13115384360630969,1.8979457312126298
56.331763328136802,-0.41402114649877847,1.7899226196566036
55.053010620969921,0.67439488853558505,1.5348291223872887
55.855812287406671,0.60793533680164513,-0.93827044843911489
55.176252146882938,0.38219441921380271,1.5760919592125389
55.849523472612368,-0.4220946495812658,-1.4658474537979063
55.978199874841899,-1.4722103798307697,0.042071969966846381
54.650725038421029,0.76472382208072065,-1.7179953107690686
55.938740051864052,-1.6897426373543321,0.60748753252939802
56.219241673145341,-0.9038383095176169,2.0813000969126301
56.130506329934143,-0.085163832140378898,-1.1658652916136358
54.515885956586608,1.460063531213726,0.041977563154152589
55.656167754603501,1.200135929976557,-1.0761681569469121
55.958633867198436,2.2077589404762081,-1.6237625312218456
54.721898293912467,1.3590200950782725,0.58116704845187528
55.588792220670534,-1.0530539407133879,0.80738679799351565
56.408400721025963,-1.5210743619743967,-1.447151501645866
55.69426563157753,1.6415702741167491,0.53482603634518666
55.72816441158691,1.3476031088533358,-0.023783295930675581
54.940847690006748,-0.60159316488048209,1.1529432157100821
55.340777396025018,0.23990816707975998,1.5039299844857446
55.043194235406247,0.19682278570046191,1.2225056217610741
54.536102194435145,0.10137089825341751,-1.4631975258042225
55.622466227639208,-0.81461466506959079,1.2375417231267782
54.85650002357464,0.21832743655713191,1.7729894631342016
55.379681630342802,-1.34539417410102,-0.15666565783265582
54.444940286322122,-1.6672956201164035,-0.15168388451413278
55.968788834781172,-1.2113528172302754,-1.2839492731087685
54.783862499423407,0.60563001432765751,1.3318332816912986
55.96354091560368,-0.34948455546383989,-1.0806354818576949
56.211949498855844,1.5562594354384516,-0.1818839719620361
56.396243031775256,0.32430403634042804,-1.2554605491253263
56.349489983038922,-1.5121691867322065,0.98277040970169938
55.554495123942992,-1.2112554266910014,1.094349378189279
55.62855228022925,0.53102996474777153,1.4802827993535725
55.941758900098236,-0.54311011785807772,-1.5039080459020142
54.979969747663468,-0.310920484244676,-1.2381405287439191
55.124895679659453,-0.55530313760637362,-1.5352189904185418
55.634247197452908,1.1496244197811958,-0.43498667771619048
54.864386208183497,1.4803577062465916,-0.53896492912282312
54.540623372428747,0.94621791592786764,1.3750659415275437
55.504448707834854,0.12513524828267464,0.88413152653490668
55.897565389492108,-1.0345588999208468,-1.4535377492332817
55.145954215784606,-0.7383692859854234,-1.5985330777936899
54.724133851507055,0.36319313594036379,-0.76868348553635302
56.454754267983716,0.078614363673962726,1.6894933969391563
55.521403793570123,-1.5449357390062903,-1.0140802739324337
55.338195310092331,1.5116545193005761,0.12521740966489925
56.021029736273647,0.042416162487993778,1.3999830300942482
54.555560158660647,1.5354616216705022,-0.11909078651001212
54.941261740979385,1.5308693630253638,-0.38246248253684922
54.425370648752505,-0.13156442013855218,-1.0361949903883392
54.525091652491021,-1.1184657048710631,-0.33010236124562037
55.745153695957001,1.2608448742991811,-1.1879499055216496
54.984208328216027,-0.56677592464046289,-1.5338448677140106
55.178788001603237,-0.0037083954492980889,1.3448867608105279
55.75912770774012,-0.68127310654319861,1.3668602484263395
56.554312740216318,-0.77551425292977283,1.1651691491334728
54.922074898613154,-0.20647435001521769,-1.5357652123878105
54.934596891922979,-0.9737981988743668,0.97811916990938463
55.302109332487611,1.0427160189991351,1.0099099900947524
56.234172213471354,-0.44332656152775007,1.358515152638945
54.945149831294756,-0.074709463331305515,-1.5119071871396779
55.049518770857006,-1.4635125892378074,0.076090929545957336
56.041924505801589,0.99745882633496075,-1.2183560903542245
55.977275537875613,-1.4736198166856955,-0.78490676907050272
55.214635775914076,-0.97519578613219138,0.74238617695096765
55.685460730013844,0.48217123015269986,1.2760778663701706
54.676322173752169,1.1380817658603979,1.5250276938647671
55.982343671082049,0.20279128694092954,-1.6094655200155299
54.616161717990067,-1.2475395096347224,-0.66317976547739055
54.639614383306409,0.70097789302661073,-1.6631975910941066
55.443259884360664,1.2457589438486911,0.94494557293123804
55.384870318178066,0.072111836586041825,1.6106698254060179
56.254353390719906,1.6326663916057023,0.61599014318810019
56.423546223124937,1.5053278094629539,0.62114249543073885
55.279042253183746,-0.36041107276537782,-1.5502894583757842
54.614758865123214,1.34536614772366,-0.26332242568230946
54.818160793068309,0.53772884616606842,-1.0526340722461687
54.3311251073007,-1.4395978014477615,1.2141565797036915
55.169512565722385,1.5509859770954928,0.29571918610499254
55.805939128412099,-0.72714493462197016,-1.2268696084263651
55.745821526071801,-0.3023928961481282,1.7636788238236656
54.890419898222277,0.33180050354509893,-1.4009822611395912
56.330918939560583,0.60113311040275363,-1.5819640397875172
54.569349254349625,-0.94777358398045508,-0.28085972908166545
55.648033087375801,1.2161679668209815,0.75490442411895586
56.507449875095112,-1.1055345248117516,-1.0721831756356239
56.256475861330784,-0.12246863546026816,1.4934046222835358
55.355883577547793,0.85956790399924199,-0.93243649125785144
55.498882737580985,1.0124231855234778,-1.2650308154591132
54.994070648837535,1.4879056774021071,1.1793325046510068
54.736197839055386,0.36041537406437307,1.3360329108442368
55.325528991847463,-0.51572456777916775,1.8592359245201946
56.374002541905149,-0.17559116622698953,-1.3843000531142824
55.541648040516378,0.22045424230207003,-1.6176148615540376
54.600665646783739,0.75607454300302046,-1.2275342954453865
56.306940310198073,-0.057627347021943942,-1.7006945332486341
56.211674972413689,0.20751505417080562,1.3044849568571388
56.21357379003404,-1.3032377521933971,-1.4822405352477981
55.106388484123009,1.2886708436025029,-0.72256723963099212
54.974705820130161,-0.32041706509538631,1.181258132057063
55.076003705726052,-1.2241596055511503,-1.3315662957922023
55.057392746345286,1.5960379443378137,0.17407666881512079
56.540236746285416,1.391333135151994,-0.18792520912617353
55.788869905048927,-0.85972235325004109,1.1583740602751258
56.114158772065942,-0.22608088061298146,1.5807020501561126
55.84542364931756,-0.31032116283143901,1.5660610414234544
55.41647762704828,-1.1689899359373779,-1.2607266343098931
55.491570814417024,1.0103082805401082,-0.94754150614388999
56.526345135294598,1.2843194303252521,0.99001716485466196
55.770840888501517,-1.3297093314626058,1.0380322127209096
56.038197736347335,1.2401585496506347,-0.94621773720373803
55.031856349550623,-1.378869490164065,0.6014637717360265
55.483261477708965,-1.5953459134172749,0.63154479095534999
56.233757774467136,1.2818183136309131,0.76625496004886218
55.660350594322132,1.1252954872174497,0.14044122235020637
56.398791869214392,-1.192383115966654,1.209667578305458
54.855809352122563,0.43839944152483168,-1.3237482290623088
55.641107795809759,0.95328387525080416,1.8705439343728052
54.843209960883833,1.5861269069819504,-0.098073573371640826
54.949094284802371,-0.71909465103776826,1.5455403136982417
54.869617017244899,1.9548071775438085,0.51132456087649036
56.348796502633633,-1.0811277628718436,-1.4026825769208573
55.395515058076136,-1.4751390081928202,-0.18158053926785792
54.548731848327698,-0.4507119285486394,-1.4847345609234572
55.428684480498511,0.13918343891344015,-1.3382088755209052
54.841468800879177,-3.9880584561521157,2.8120660938902673
54.983922891082912,-1.1424619778000864,-0.99794128762925705
56.372523706557928,-1.2635969688165674,-0.78789888991869939
56.357778145270103,0.74460899210928666,-1.4907969272366468
54.489336227742726,1.5241946408251394,0.76217777684046162
56.268751272067995,1.0392877500911364,-1.2836134278148821
55.661304187746211,1.1059756732711814,-0.19428232840507179
55.775618593478221,-0.0045162949099490056,-1.2087821807001806
55.586784429670509,-1.1935257856683625,0.99245918022785407
55.003776262308918,-1.5735318957998721,0.95768604711830663
55.235818723297903,1.0559500553707633,1.0642196850994246
56.001217998529768,-1.3902867933653571,0.19849154641776601
54.921885764093801,1.3139179678011297,0.35555354089654834
56.062369860390156,1.1359070053740166,-0.78457011277318756
54.968234802043938,0.58909456658279702,1.5964767416991386
54.660800447393392,1.6734573154610985,0.51730809199549743
56.050062096203938,1.39176938388817,-0.77884436487180309
54.791734273227711,0.40051154417835888,1.4656242684926142
55.500044654286256,-0.99377902481314462,-0.89604903680110459
55.977214160017446,-0.81436793534232521,-1.1297635654011229
56.311314829254144,-0.8749324972263437,-1.0018538945657771
55.121242402958444,1.6468007801793247,-0.41602952128029747
55.439802589823415,1.8659897057007042,-1.083485298239161
55.504721849098829,1.2986721847358462,-0.6112539697666205
54.825784150888836,-1.3276918243792586,0.71638508558805147
56.311909904381295,1.5866287965418688,-0.44263759165756539
55.936214743082886,0.83021820748283637,-1.6287625049196575
55.746538028964537,-1.2978776002176371,-0.2997446589393386
55.978573679524104,-0.67070319494291641,-1.4428312713641278
54.747352113666004,-0.90853034359223239,1.0531958097637542
55.964212237608052,-0.77790877272950332,1.2875965671423373
54.682054525044173,0.23933923514037461,-1.4128259626472439
55.322458664330867,-1.1036214092633596,-0.35350223041037282
55.778929122612674,0.37754262170492409,1.6516193072369345
55.340074390805995,1.277526318759411,1.2013798838033141
55.835953178510351,-0.6269303145433669,-0.85478903857335709
55.026488576748029,0.14419120355419646,-1.8201583032932287
56.539482458756659,0.37175236500931369,1.3875525681162153
54.545644373318297,1.7447413728028698,-0.23441971946323042
56.313139745841895,-0.39595493697688783,-1.020674554926208
54.816691737394144,0.91912333797024859,-0.49552730319401311
54.659806648248953,-1.5954822412284397,0.037127425866907662
54.936304687756049,-0.49621049651102284,1.4846893124716771
55.910187730904305,-0.094539792039506812,1.1880561149445223
55.107924825487373,-0.42628423812695176,1.0517656650091438
56.26419228331585,-1.3111952297470253,0.038463418701199431
55.741618352046842,0.57145229531108244,1.4753334183718589
54.614400444982287,-0.24874991970705387,-1.7442610881291309
54.619098007445267,0.55501365584681495,-0.80376562969386733
56.193013518614613,-0.71145982317818268,1.4708382694378348
55.686525139834224,-1.4803062603128976,1.0966369305359516
54.946060289068036,-0.77731217184899737,-1.2261007933853545
54.575777138980655,-0.1904410574583594,-1.6283865147554992
55.497740725512834,-1.1265171662487319,1.447887919878537
55.229610743518407,1.5731885811269055,-0.49977305825435248
56.173584711068976,-1.3910881255924255,0.20553130747611825
54.951145357272466,-2.0484201911428497,1.2785548010986161
54.44090638739786,-0.021454542296328288,-1.6591725602908964
55.556875379290645,-0.93861566815767605,0.22807471297861462
55.512063832626446,-1.3600930413364556,0.6092924621847674
55.137785610852603,-1.3531512645542756,-1.8157748360857506
55.953492370553299,1.4474193494635175,0.26138805566840567
56.220778075453836,0.34633552681994811,-1.4873817542204566
54.695616840500037,-0.495175185740236,1.433941118261469
55.787194046719847,0.06002067396873894,1.9245939463602975
56.172978493426349,-0.33323474565278699,-1.5265531112069708
55.545369418038355,-0.36770450716959086,1.5340089869181301
55.804862784400953,2.0073126705273778,0.57798139951987137
54.620205103973476,-0.89119735713987513,1.1670395151055539
56.289837032731398,-0.1070375203553281,-1.347032487442493
56.310357900248022,1.577628562658645,-0.24316246609119979
56.466829860879457,0.17493270903702893,1.7746190233031005
55.117288386997778,1.4519474964026657,1.3785195311895722
55.918631412314546,0.14515554291633115,1.5222152360966468
55.183319563855235,-1.8182861567357738,0.57841999546751399
55.246904213653181,0.57499938562948194,-2.3126937390646582
56.0849861375928,-1.3049076650709581,1.2663170325494342
54.528456358514624,-1.9176298987100184,0.29745063243071396
55.018816831151028,-0.18106403959361636,1.2846968281105526
55.930980214853726,-1.539938623881616,0.026427271060286868
54.654321572345239,0.27875093404465739,-1.0252793384666237
55.085672252103926,-0.85563341463641174,0.930713077997808
54.899214774431911,0.75731815918088707,-1.0521355026212285
56.072979510632813,-0.47296490796668095,-1.637383522003764
55.845551509662414,-0.59930358504730641,-0.24740861869041134
55.225785039661972,1.5134244423177561,0.10012636330549073
54.949085808252349,-0.52337550843465752,1.6921499214103133
54.514022671264968,-1.1736842255571247,0.81340424055759586
54.391041853173334,0.2453510704202026,1.3879026646923434
54.698661166759294,-0.086939666225344228,-1.1090748334526028
56.281410205855686,-0.11744015990418102,1.4681686870584916
56.176076348546069,-1.4560361041272509,0.96343442052202644
55.316446276377953,-1.5658895441379652,0.60534452655727378
55.691018970719313,-1.2329370263951098,0.13470378894946156
55.802988965444698,-1.2295591975625022,0.74370700962671921
56.32339168319357,0.79617818066293855,-1.2316798294496782
54.685556977883365,-1.0815035626167291,-1.2053992460615137
54.752410687139729,-0.51592492784399091,1.4279382827937082
55.688127387993838,-1.2222001017077075,0.13080311561422245
55.366364010353003,-1.3604683843658885,-0.87494734873485458
54.604085354702953,0.65947100490316357,-1.7543486441187777
56.35292271929044,-1.2546456116262625,-0.32783489460299031
55.933675121488228,0.014472828679629221,1.2472216247447918
56.118860837732718,-0.33695364912027603,1.8038085551025325
56.234835774193883,1.5116062878774854,-0.60988872051279308
54.974061964416414,-0.96988712782170183,-1.5183127941386561
54.773063561275322,-1.1690234011266105,1.3490108960901093
54.77152810108219,0.38701908881853742,1.2880490067095456
55.946701569886763,-1.3243389813547179,-0.65648877407809136
56.163515159281786,-1.9759226587026195,0.18266936300962916
54.536361544545848,0.13948206741867372,1.4654348799520502
56.298222550520556,-1.1590408649317712,1.2210026962794234
55.702536822980612,0.57582764792521357,0.736966204138223
54.464331340887078,1.3060572317010317,-0.91804784497677039
55.699585341702033,0.55824880688116252,1.0835064028320027
55.6186833231788,-0.68183892963162596,1.5859616597278381
55.325453870730584,1.2398843156683923,-0.16712053429286289
55.728165713550538,0.79603790760956639,1.0997233231037646
54.910719731546081,1.4355385329255017,0.93256604614457805
54.639983237796287,-1.2311943996564609,-0.16856797793625203
55.400833839337132,-1.5965055441190639,-1.0434773732842288
54.976708652460637,-0.1173664431716822,1.5773290868296079
56.196415702289279,-1.3562184826122581,-0.52546967034848668
55.853011457396995,-1.4381575896049381,0.51921909431748858
55.745867937126491,-1.349353159015904,0.6713821539555056
54.458944070904558,-1.2300628047263849,0.14082940842149969
56.380101269974823,0.37850477100255331,-1.6243460184909839
54.744511988516585,-1.7629336489563878,-1.0298502084095307
54.863403476886035,0.92098513213618671,-1.6058444885031147
55.71585791831275,2.0208015632874003,-0.46975532039786183
56.391753090409132,0.28624154671183477,0.92485991390007938
55.623946596871278,-0.7778968330903332,1.4044179181045575
56.10736926099986,-0.62288845634762946,1.2460188023462444
54.806309154761422,0.91498024990855031,1.1081067565691596
55.07128727197675,-1.067812819238241,-0.21704346174035694
54.91615871650324,-1.085041480748729,1.2255849574340343
56.115510059432047,0.94650013795370325,1.2822756008350427
54.744325586872939,-0.87897815742130703,1.1572971272219006
55.000737674119463,0.46129020517600428,1.0788519769179676
56.022932383392238,1.49913439320403,-0.29262393346274973
55.35074480927598,1.5899998467263852,-0.23898339689347614
55.781007500965728,0.18638817278999678,1.3017478919935126
56.310390423176109,-1.4209509522385471,-0.78076747116169776
55.375563693999332,-0.95783068526535087,1.3366131665070891
54.861289899809371,1.1014144721776995,0.74777583405121317
54.454062989496336,0.61631914092542905,2.7600845609905393
55.038301905340127,1.2339127364880531,-0.84439966358548968
54.589086392850405,1.0891907279714261,-1.9652704449091458
55.651674785672654,-1.1901523161512428,-1.2378950087000331
54.62371674340212,1.354979863646977,0.95758748118611559
54.90780842460061,-0.34710032782966249,-1.2371935456032712
56.086890665093847,-0.58848243455506299,0.96152793517851065
56.263371087223824,-0.51088466237933061,-1.339523867305598
55.021671795110194,-0.51380515743456268,-1.0906278643944718
55.490668496451498,0.14381749065876206,1.4579718436301592
55.299699882054803,1.4496340268821597,-0.053988378877362915
54.661534796555586,1.459389049097392,0.49329745919815643
56.124357017392079,0.99016761710205781,0.51296449206491057
55.236736746218362,0.61788609855399146,1.6660670636421997
55.033313340509686,0.69996280899083241,1.3270438454709583
55.932620516992067,-0.93591255141735463,0.99260316758915779
54.780947765111513,1.277723644227476,-0.97450423476822878
55.500847859156274,-1.5931851307820155,0.11562569795895469
56.083767629351954,-2.0006428355218118,0.18338349993544337
55.307409094954735,0.010533282591584257,1.8359442434581106
54.949605287743388,0.54268979328299904,1.313523639456075
56.148349718777624,-1.3132793919554613,0.15135047462980733
54.857116886904222,1.0259158324167257,1.7952518778837117
55.255082227618999,1.9252919615591371,-0.64047641424972179
54.864872284723049,-1.4689359149662256,0.77182545696423033
56.325059017324335,1.4726846315942075,0.12307864654906826
56.475570523302181,-1.3681677837207047,1.2026601210039352
55.437557665787374,-1.319312453835964,1.3518009020131263
55.509387754340118,0.90723262400458649,-0.70873151677789792
55.054045931506892,-0.34055923031831836,-1.5464909400785591
56.194950261115395,0.81085174822446926,1.1252462638254805
54.91705069647039,0.69012144991767932,1.4942434796766111
55.369228380201719,-1.1999513231077954,-1.4958514839561796
55.051677888389143,0.35485765875562975,1.4602829228609011
55.370619090565256,-0.46532812635450771,-1.5908156116970427
55.689715853640777,0.035769803083772263,1.3800217009840885
56.174444853106628,0.78926966572317925,-1.3404060821374157
54.475324051864078,-1.4033227304936544,0.020949376186038714
54.641106319852319,1.5303728133374086,-0.29545727138150457
56.03438951195465,-0.97898673485296905,0.95555239291608163
55.546453320634846,-0.86936544860200882,0.71364935655840744
56.330995714128548,-1.8071738461362508,0.63015719914466195
56.14350306542098,1.3498090913624892,0.89789238211112565
56.060420350214528,-1.589812284545828,0.89068555947595673
55.697895855829884,-0.76821454074565798,1.4814033755179776
56.138855158408646,-1.001597315302011,-0.65927456663784212
56.260141695981176,0.061616495901029002,1.5529122121461536
55.164718855504994,-1.2892746503114385,0.54925484515658107
55.845063072823024,-0.023850078751359822,-1.7871572222083056
54.874672732299317,-4.0985323484433875,-2.7608122936791166
56.085588488192855,-0.77413816247667688,-1.2953164869794525
56.372615178680839,-0.40845048178736154,-1.7700486874653101
55.267866399225056,1.0562902666233154,1.1717085425783822
54.830001093747391,-0.61861138276162542,1.1276040338746718
55.551200446923119,1.135348080394444,1.2554598715181633
54.721637183654629,1.4256088451551663,-0.39304906709485732
54.611424382061983,-1.4709254209380094,0.18753875298579792
54.853908137960779,0.65098341767370538,-1.3610607730547399
55.148165645859542,0.16361685804084444,1.0388780407420628
56.358029690120127,-1.0421264744061123,0.86678474844464604
56.138254360483238,0.20809140243878679,-1.7055598004432373
55.058366873523738,0.065679140621241791,1.5000774443872709
56.201169236753252,-0.76535383672304969,-1.7053200650632248
56.21707141945776,1.0724893917288969,1.5743369928131183
55.758169860451169,0.29382927373209355,1.6187023072623867
54.601081453350055,-1.2099612801557822,-0.9899988487098409
55.230215849629246,0.43121617072384699,1.4917510454830327
55.041509650761853,-0.94213469842774933,-1.2660584952062917
56.543773259724261,-1.576489956911608,-0.0051458379544973452
55.442054301753885,-0.62633874216621199,-1.591209789883399
56.104198897340737,-0.86422707661877618,1.1515499810594885
55.35923747272917,-1.249926319557833,0.33601732524597472
54.618858324988928,1.5052108183495332,-1.3933253802463763
54.669096899241993,0.99377306105754148,-0.43009563307346865
54.619246686709197,0.59767523181517124,1.3015590526928242
54.906685163413385,-1.8032006839763555,-1.2433917121084928
55.790552221232765,0.068614638642898781,1.4185349313750306
55.687599540216667,1.4749709171528183,0.75912291064444004
56.225647343550285,-1.3304126036020794,-0.32281089853212014
54.535512101092792,-1.159594564251121,1.3262644808446857
54.857251811730414,-2.8289564155393232,-1.6359215088573733
54.885500352646282,-1.4535442630621591,0.3041578496478568
54.641599152691477,0.82434315823755222,1.5324068797996413
54.745729103130842,0.9919700048228216,0.52697083392293076
55.614376843302132,1.2167322835698373,-1.2185253807489407
54.800832917121468,0.4318710466512502,-1.5515706014579367
56.080899013652186,0.74479158546002033,1.3004126421819493
55.385540363455334,0.13904515766638742,1.200425997594645
55.686403839726239,-0.62910216028299815,-1.4946208331302118
54.732167054548562,0.59405136220570254,1.8867873927409362
55.86969510343723,1.3269194869555523,-0.9418849423901523
55.670637881527135,-0.69663571911815592,-1.0375048171666337
54.866969638236093,0.26780193751720577,-1.6982088832269746
55.660532056885991,1.0644015717895672,1.2216654014347348
55.224443535210632,-0.88378399374019501,1.415405140257932
56.066337703645296,1.4540818448616477,0.83116151473933286
55.568098765460498,-0.05499396276152712,1.5297713272022144
56.215286332224053,0.39333449827505979,1.3656482117013147
56.047738352249041,-1.281442007397158,2.0411975199963832
56.041487970883793,1.8238896149032537,-0.029205607332132729
55.613603081682612,1.5754226926277231,0.66559374423449624
55.438785173736299,1.1771722738240173,-0.53043882787442742
56.33167607556306,1.2832407808776949,-0.49991301378552644
55.442143494035776,-0.60616392639866956,-1.6476280773285799
55.750824265488724,1.743686776314423,0.23242437335514324
55.413311582799558,1.5680407067567386,-0.94026247600075274
55.0345634073078,1.1803782549499784,-0.82810463019918235
55.505927833533129,-1.9509080537075085,0.44256451321760504
55.016233399761532,1.4056881309178562,0.91619286692071344
55.185703578574092,-0.082167657580535569,1.1396319389845624
55.702868665171593,-0.7826610320463161,0.7057890651126687
55.721400404624006,-0.61742858698416947,0.28095477419591175
56.000537157605294,0.91250995216967612,0.46715790038604865
55.367179243365477,-1.3983162606527777,0.85965798492279411
56.002188345395105,0.27143142181246738,1.577322951747187
56.227572580926243,0.28157928570402213,1.1205142384120208
55.257162524913483,1.4473478347462498,-0.33718048716647242
55.291091610417183,-1.700244896264536,0.75286229831879259
55.812116684840191,-0.47122110521858879,-1.1786800167768035
56.337973679718282,0.86974921292005314,1.1399120280922934
54.468524576573387,-2.388136726371719,-0.37254279605370072
54.558142546059663,1.0382212881054744,0.94417390111696653
55.460566949105306,0.65707910264953961,-0.58978591784974554
54.777055847762604,1.5382055763714739,0.50648316813610805
54.856377710014485,1.6451448696316542,0.92817861336484775
54.843913644295284,-2.201192370851957,-0.34764278171903162
55.087783849250684,-1.5155667920791258,0.31067590420685659
54.542779278555038,-0.50892631680897205,1.297047923028247
55.725270455558977,-0.97735985700600769,1.3183612176246822
55.733035930108294,-1.5322624416655355,1.1761984832815076
55.959398420843371,1.0826741616665252,-0.89070462635713477
55.485723839819165,-0.51421016146195098,-1.1516147649937563
56.306234456664207,0.21914158376571721,-1.3109801981526694
55.106295494832864,0.87266700725559099,1.0056913891581831
55.216179341127969,1.6331077116055286,-0.62979543714132957
54.705119530807899,-1.3058703200935557,0.064614433620305514
55.614729438490478,-2.1733991269122512,-0.86270771868445595
54.641702602226793,-0.043995676695317038,-0.91445380948608401
54.607698002894693,-0.60008773032488083,-0.87776604901491739
54.773525062796445,1.5578607001239713,0.74651238487256144
55.294233158787122,-1.6172464673906592,0.0204354719473668
56.199957878099923,0.22680715705772106,1.5923867319823504
55.735531789821337,0.60779560978640135,1.2059434915601501
54.664298608041456,-1.2250506577246645,0.82316581939865707
55.438780427268412,-1.0823739610784022,1.4200386160344343
55.648726438085944,0.99415564908380816,1.0374697464393752
55.548545928844398,0.234299265708001,-1.3955239908772898
56.427190742773867,0.57555728466031231,1.2991113372327827
56.081425209604696,-1.2239274109145912,-0.84998732023323864
55.171718120583392,-1.0512768912492507,-0.48398755855139047
55.15288246195648,-1.1684616597245472,-1.1015590265979016
56.419395106341653,-0.11391027749278644,1.4381068609123404
55.067283407582799,0.40651927671475724,-1.7631745648759838
55.517452883376301,-1.5009712461654259,0.93047772337035306
56.063439349079538,1.2205306023481628,0.38984776326256154
55.719210719809134,0.53147515484487284,-1.0697644996917872
55.627858811161225,-1.2793730127688085,0.85369422131683348
54.914270017854889,-0.1562034469739276,-1.2452955843616977
54.621760218497542,-1.2173731052091588,-0.5369900641020392
56.14791965313789,-1.3694374496796491,-1.138408288659337
55.618268408679484,-1.236692141360535,-0.52572431510813078
55.017662624614402,1.2201837856745772,0.71765415432300173
55.992783515253251,-0.1340436830326783,1.4002311843231794
54.76796938756911,1.0902133017231861,0.96575225766238637
55.970640175897692,-1.3397914194484233,-0.25410634151400607
54.982322390001343,-0.0077591693288348914,1.2776464741056694
55.495123014330211,2.0588951032742377,0.079034215362617039
54.975273616726959,0.099983408814892663,1.69407374946749
55.946677800445215,-1.4535859673128846,0.31776171731416453
55.606473304408937,0.84214099256253849,-1.3118121817450616
55.845280943230506,1.5586004730956076,0.37622901480735987
54.777994503698302,-0.89095463735536162,-1.3865190334892257
55.124518233223441,-1.0860896165095764,-1.1570709287763559
54.763976477661302,1.2286387447943778,-0.32467669181307907
55.070970705364061,1.2150770949750793,2.3231960578121527
56.362525881395229,-1.0612282766177692,0.91483877195172092
56.142753955361869,0.83903425710466628,1.7836603975873733
55.716329720887316,1.4894285283065236,-0.58313390549259569
55.480981643031853,0.43281786704674652,-1.4362259416601912
55.816452401814693,-1.0843105852259509,1.1061539160204099
55.851328853690326,0.6645825339500453,-1.317573330143613
55.663974804136501,-0.82168443167773419,-1.0445418370698778
56.353613736424926,-0.36444181694341982,-1.6253529519963918
55.518847148112023,1.0244325836848731,0.2205182336563247
55.979076636677831,-0.88893538929901472,1.1866997035010871
54.682431336628859,-1.259306277963427,1.0677290115385165
56.538090463669036,1.5533774245662539,0.65686625183526071
54.519219155909049,0.99834503848703759,1.3871383138828515
55.617111083087075,1.4642039038926407,0.52079100957430913
55.988876690754338,-1.8001571939847891,-0.29535750625011509
54.732042379069867,1.1828177399398441,-1.1125041033405905
54.630435096790087,-2.0231113381337513,-0.083805151109991885
55.121966961808319,-1.2919560204179559,0.73109615385592164
56.395547940082743,-1.2711683345141895,-0.11137076271150802
55.135820224179518,-1.5986282329843258,0.18834438164470069
55.051575616161955,-1.2199921184727351,0.86760954952488956
55.733708118611382,-1.0916658295094535,1.353150695047479
55.093313348149685,1.7094155394551551,-0.12321864758444792
54.899994162922496,1.7971149883556083,-0.45358812858156194
56.37668162726149,-0.66406763335257479,-1.1231320627153829
56.424942163121919,-0.46463806692557003,-1.3581891212438126
55.733750193092831,0.09703878161174026,-0.23863094365194865
56.304909069962122,-1.021130158364371,1.3154328956400254
55.856438528922929,-0.074586816725092958,-1.1706172021981711
54.888604938111726,1.1174251659455399,1.4279723712326269
55.495211012146214,-0.80691151491474911,-2.6965300255952833
55.660299640721412,1.6943632967407594,-0.79462826887978832
55.67549916153979,0.52349584456154452,-1.6157093238373257
56.373218765379008,-0.63130607968793251,-1.6343611931130777
54.961145315077452,-1.9946893960198901,0.29655440949006101
54.936381587777774,-1.6194920578914642,0.72902399161198461
55.565612474469866,-0.51262690114314902,-1.8317658068152027
56.423652648216496,-0.58770820416192915,-1.8743125337754014
56.401994712149545,0.19923307114388111,-1.8154678017518098
54.689793976702319,1.3915642083709048,-0.93481789432226048
56.165046461353406,1.4614341672608628,-0.0064739217191913138
54.862528961515828,-0.34553001125530602,1.3478764693466114
55.613107081742115,0.33696559834240297,1.4234834636629312
55.053217447496792,-0.97889690063207724,1.1729921275880952
54.841989474251541,0.77152150991521828,0.65308598123231132
55.804818418910926,-0.54468739791390808,1.7953725690685154
54.848143088614883,0.3760539805183572,1.306076627481277
55.683292261956929,-2.1611737615560807,0.16163599403531326
55.391161756352339,0.74244442185091208,0.73355395300540771
55.11912566600887,0.1179898180758943,1.3973667540743853
55.071140532416777,-1.4869157344947475,-0.31522283065370366
55.36122841204552,-1.8322740751413147,0.1903821969204044
55.746471828206886,0.58387183332054604,-1.4350021428074777
56.413683630775942,-1.0166541178395831,-1.1886305369889278
55.636814339264326,-1.4790705347169846,0.82155305490891639
55.300119492189971,1.2165677502104026,1.0674434679191402
55.132352566617612,-0.80097405948603362,-0.64255009223918069
55.885368580775264,-1.0644048038635765,1.0939471232406599
54.845595231843951,-1.0801811815193429,1.4797814036071679
55.908788140395316,-1.3723077444836702,-0.31965742347909265
55.598129439178102,-1.0689594526862007,0.98149813119929596
55.924042164680955,-0.063504110209902875,-1.2451511358997025
55.234230397421648,0.86150512452937111,1.3282324768593379
54.833973356806254,1.347414689355297,-0.8385463436241557
55.953117062469524,-0.0048519088098001317,1.0935498223647189
56.242701279258824,-1.4684416020861941,0.94842958212590034
54.580152493513658,-1.4002772327395088,0.17678357786398427
54.597079321597043,1.0357338738423196,-1.1326139827848067
55.549963376459274,1.3765160661955336,-0.86491345726594226
55.516745100654958,0.42277223675651593,0.96844547252555502
56.285269998820368,0.20446648630744957,-0.30598493226424622
55.404621589193333,-0.44556227248875907,-1.9012563498394748
54.852220079230953,-1.0148541196738177,1.810633318222602
55.487509261291571,1.6394591910490566,-0.41987592037582783
55.783265012735789,-1.1509510010832131,0.66868844784112047
54.926878211999174,-1.1105747430452089,0.81866023494961748
55.656710037150972,1.8201481995189488,-0.54287482635715956
56.238141609646071,-1.3777914244892051,-0.83899855018728442
55.335297998271976,0.2850804976086615,1.3429716262514828
55.283771529553277,0.79907154709526018,-1.220031460293397
55.915309117011532,0.27257670841263709,-1.3572868147628121
55.530753439133562,-0.94986898813292453,1.0188850282042174
54.859278438542411,-1.7446557326154308,-0.59555594261655953
56.176784453367468,1.492028307015959,-0.4618888183541876
55.081931042215693,1.2871700793447001,1.9506529126735546
56.041565087208298,0.58258508785512075,-1.2358821310961405
55.177004072778125,1.4274566526138468,0.29238113374870967
56.176362717815842,-1.1654984557832122,-0.79196339690186968
55.301760108693266,1.8506416190499211,0.1819217737032702
55.400404148372793,0.99392226808993078,-1.4098799890373841
55.525003515559497,-1.4858156755504257,0.17473568526278399
54.760695432077334,1.4495832927882599,-0.55376036179794585
55.802148426575791,-0.13483518502916472,-1.8131561771263331
55.857194014801514,0.34588038743581523,1.389869533991315
54.939942482007524,1.0935071344498342,1.3981598765717007
54.720422540865336,1.2433416954051737,-1.3843516551629735
56.386338156083241,1.4910360639792983,-0.4351038378724818
54.784487531226929,-1.3315989392276846,0.3410905634985385
55.784946811390064,0.31697926481321037,1.410943984508787
54.617500237951866,0.2999290743208799,-1.4240832516109931
54.516209932965523,-0.14927614979960896,-1.1705436514548535
56.25783799817593,0.68305611875815342,0.61236290635501722
56.462780358405517,-0.59248145465118518,-1.5180932847076503
54.920114284497807,0.22230845504851965,-1.6857701826630871
56.38264012796072,0.33837030780303751,1.6222450437360549
54.596039156890818,-1.4746920720356116,0.26084708887114716
55.698797331538067,1.398952502917495,-0.22974807816545875
56.188929869361743,1.0620254072218835,-1.0133469236671888
56.071119360001752,-1.3682807819949496,0.69669271859345872
56.293433623526546,0.56090932659451309,-1.5822511526061478
55.30352875439042,-1.6875070497629725,0.089497052435584132
55.644320311705577,-1.28037532956939,-0.97848520476125478
55.344221652434385,-0.13868163202354902,-1.679188119457496
55.071207013529978,0.40473595178207034,1.8866104183392574
55.971613177816295,-0.43575064809662034,-1.4597848367644688
55.572746680348665,-0.059554323788268068,1.5101847417390932
54.70231853436934,0.49580355618341365,-1.256727980959599
55.407926546016249,1.6181550022731146,0.38984260244791868
55.671854886150356,-1.7196837475055358,-0.069089966015386861
55.654600863711821,-0.61406588579148469,0.96129488809904562
56.342382290954035,-0.11908144391734006,2.1422116312718154
55.321559444565857,-2.0073953118216741,-0.18316813968714876
56.213235466613476,0.81088281362714421,-1.0819104765211793
54.729455611729811,1.2518913159934961,0.78890850595375017
56.150834518079606,-1.6147121875023753,0.17001182478059207
56.023886564120765,-0.60545568574281772,1.3357573405468788
54.641820521078934,-0.78019311369028044,-1.0037117308205419
55.363024130411986,-0.75841267218323594,-1.4078690973935952
54.76486510902533,-0.008560214894457463,-1.9290029880694064
54.789117790408419,-0.33774084668189058,-0.88227003049702368
56.319685369715977,0.99164949481179954,0.99138996600502027
55.136170500981073,-0.54356857359570465,0.85697769832899984
55.505560453661936,0.090923193231423921,1.6091236673946934
55.077871119823151,-1.9562543301771935,-1.0739961688943485
56.349216520310158,-1.5707730550190446,0.47136476878672812
55.156080728709426,-0.56223319086334722,-1.5760681126583025
56.30226011623288,0.12116907240499633,1.3452423043488626
54.729912561721427,-3.3490120201593716,-2.7134214020297209
55.402381870542179,1.1735643695441158,-1.4829249783173317
56.375317354129862,0.035799783910342095,1.6413423775734133
54.66802551648788,-1.5968161092616671,0.16546168728884567
54.939366207722529,1.2479843200561247,0.98831874127102581
56.459719547782655,-0.058341408760453843,-1.6363486604526232
55.547986671592064,-0.92226062990935453,-1.1171285572914769
55.671265327900358,1.8012640667322952,-0.58320228298776122
56.260253615924142,0.034375573646549494,-1.5733349536719663
55.305571414261898,0.81318217293201644,1.500606127465465
55.075732972267453,0.20544966452164962,-1.5757416315599269
55.157318417228637,-1.7683758952435136,1.031460672701493
55.897609766796059,0.75404541942833292,1.5300457868172517
56.329593320111897,-0.56945512770774775,1.571435152461816
54.570550704146903,-0.52726772097900676,-1.98999064739494
55.81418506858202,-0.78473418051076727,1.2151779307254411
55.435243215698684,1.1695702716094296,0.59438434669665441
55.645551222614053,-1.4699707985097219,0.63707681992073273
55.594660785715604,-1.2084084426080122,0.82239705051457757
55.269064149542018,-0.77199154733962616,-1.5500214502474885
55.55386127969593,-1.2609979375932661,-1.1478061680728782
56.311107610349474,1.3722666098183471,-1.0969494653125755
56.452634918599912,-1.4668113548593427,0.61742789310277268
55.872421263048203,1.1760050974709828,0.97152424179797492
54.711003043275284,-1.5588294632200621,-1.4931028891643423
56.547091676296084,-1.1407867292991567,0.56337472800780553
54.695688079016946,1.0063059099649192,-1.2945238407836162
55.617177535653511,1.7490883404130257,0.35665611510961454
55.607548000971043,-1.3604748215670859,0.39109679120486385
55.269368876868043,-0.56796200693842103,1.3401786580849226
55.20182217810305,-1.2966554994647022,-0.39057530508561294
56.518137254624442,-0.49892207778818365,1.1730750720654621
56.398216056604468,-0.10609143058709254,-1.2194928544185624
55.102569611883879,1.6504425183453268,0.45503159005855215
55.611045396188075,-1.7633068281843154,-0.93654832782228414
56.044827217873184,-1.1791970021286335,-1.231699360327716
55.460357347088198,0.0051703659071931753,1.109814522368503
55.022497201539601,-0.028929622663094536,-1.8255377407700317
56.023972256520963,-0.94221198842080589,-0.98836061717637269
54.849385005092628,-1.3871826831431351,0.13772082709681346
56.213867125400171,1.1052389976108443,-1.322249818732343
55.386194667052273,-2.091670560412898,-0.41972133470612782
56.420690055123167,-1.3231834764230574,0.97571790401660552
54.963666009372751,-1.4368659348401545,0.53798815599458683
56.088053883220915,-1.1165545365989835,-1.2699931798689867
55.735223154578151,1.3813650311358094,-1.0629028331202299
54.959948115173795,-1.3928219225238754,-0.59142243824691365
54.733172217838515,-1.1797082368010752,-0.723950929451044
56.488802352690811,-0.96273835827519516,-1.075510138085924
56.156177769602259,1.1118107262600767,0.74803009552389221
55.908158811652157,0.24213096608484191,1.3845851382564212
55.678130299088458,-1.013156732339779,1.3100195673941291
55.736723396767509,1.9821584057824706,0.070116558787102184
55.998158485937289,1.2212023976441126,-0.96091877226949429
56.313666854579544,1.2621144389633412,-0.20102266544275443
56.070036592776482,-0.64272942394215093,-1.3451328595886622
54.445024194278602,0.91313619087780173,1.4635383587483699
56.188662250209426,-1.7714458568214588,0.2537448686611089
55.802451567165079,-0.55364908514283773,0.9240962101011635
55.57118890236984,-1.2969240334119805,0.73818734264174324
55.41621216241451,-0.77036712929617102,1.5790472046233768
55.371738977076582,-1.5879199420068124,0.93340902791126967
55.691823183084033,1.3746464222664032,0.55822840619551362
54.974779439271806,0.4754954794494794,1.6612547295956941
54.428615367933887,1.1590746610411464,1.148746483976433
56.302767499674189,0.33148657389053293,1.5399915469884995
55.850652494481182,1.0535518867382483,-0.18202202815318141
56.480485311841527,-1.3722408685136109,-1.0035509810665193
56.374797354616256,0.83735490207380447,-0.98126472300596734
55.167533448396149,-1.5444914319988201,0.64367535917840257
54.923189733603792,-1.1672094577713004,1.0647648981066058
54.929060405469151,-0.70045739788525574,-1.9809591590889215
54.831164095261052,0.2206358090986974,-0.93951924721062019
56.048831875938596,-1.6659720339662691,-0.24321440289988405
54.679991950455047,0.63324368948633969,1.4667296637222773
54.340077091955493,-2.0526085774699769,-0.92362527949330908
54.556433805804645,-1.1582561354424559,-0.46041832881165085
55.564518474894712,1.3584914008614393,-0.44871770357286428
56.131602165950945,1.3497556591261988,1.2249208770737974
55.067097719813425,-1.2669189783888166,0.5441403251954674
54.637280846610082,0.51653903991932448,-1.8684442583628331
54.385656378057341,0.87796291986145758,1.3166881764316569
55.75384626519061,-0.6333984434396569,1.8361978396768286
55.441177512243542,0.11175971890015679,1.2581006513362489
56.414152044987695,-1.0723735277929476,0.90575950962734852
55.715419292965677,-0.47964183946200517,-1.6709713369889829
55.564196760037333,0.13627303522566483,-1.8814558122504745
54.897456979643046,-1.8335877939329244,0.29000134573821396
56.072172038016589,-1.5075421423940434,-0.22287154425841368
56.411891171638757,0.44754447855702501,-1.3785378258850425
56.235864851001153,-0.97873002839683043,-1.1067523550183986
55.267205688560132,-1.1188329970969451,-1.2301755450830156
55.162895299276926,0.67121079706379294,1.1073260996856826
55.041378132510452,0.18422155175911697,-1.483380976724648
54.568243196438146,1.6070246706807758,0.15308844004333694
55.923093391431976,-1.8302609322581238,-0.53761637289469444
54.720694009877739,0.18503695722919328,1.3791183877954201
55.793732256696416,-1.4193182088957825,0.74430377254318558
55.748975842964612,1.5092813106542509,0.82449217047376255
55.041796074594856,-1.7582809370770758,0.28260760773879079
56.347603900611759,-0.65568758888122158,-1.4473811760065733
55.19445874933416,-1.3287150960407454,0.76098782968131951
55.408602729138671,-0.038672005761091859,2.0382649413182801
54.621086967234625,0.26847043845209612,2.2694298467756484
54.877373610367165,-1.1150770405025225,1.1282879564467998
54.55672727618456,1.4812323626152104,0.21929440102631306
55.447674752961902,0.32790896836106848,-1.4211795342920002
54.976810906945516,-1.3257983862377531,0.50132681330920337
55.963154358535547,-1.7736751566683873,0.79323773866254543
56.206538124951898,0.21012801896424699,-1.4795024475183396
55.890481145445101,-0.71836381174963626,2.1952298091665563
56.079817731445992,-0.14838912863910791,-1.393358025127202
54.572462270745284,1.5397377240996371,-0.56291598569823764
55.640846689181451,-1.1081883223087243,0.81005884822615715
55.365436721098064,0.57768771840284683,-1.3455964013229593
55.86959669500969,0.56123611198153023,-1.0111690787451371
55.86838085043081,0.20020779352437029,2.0858292462568344
56.041227731671214,1.6048986525428057,-1.0850743522074227
54.720850229086508,1.5837817566631205,-0.21575396981237227
54.673003276521051,-1.2801174787098393,-1.0349864475667312
55.238001791585482,-1.0703624058476102,1.1020933470412488
55.100496358987833,-1.3864304351406176,-1.3103843521378631
54.567448324737214,1.3895849015297916,-1.6112654142967615
55.931248889461855,1.2605571043354584,0.67176903347375416
55.312431102317689,-1.3254278873306014,-1.2839957176052912
55.99848665719211,-1.7522966378155826,0.23108585940500004
54.831934015776717,-1.127228901896616,-0.1852575153423032
56.559256387329178,-0.98255365918784099,1.2374003189184168
54.782297314311215,1.2668472596399756,-1.0562780659878901
55.692127913590824,-1.1073390218688988,0.65896822626178797
55.790354754157924,1.4809118196537046,0.18102036488690168
54.653686362488578,-0.033791618885325947,-1.8923751868542935
55.981073893638211,0.54971956950308354,-1.3154779237015815
56.333498485669111,-0.79330409964937032,-0.75439052183406874
55.522677506371735,-1.0274962117897111,-1.5162646099998531
55.134381034793833,-1.2106482701577155,-1.6516645608457987
56.124937951798394,-0.99561298428226364,0.96234542166089798
56.3149124352679,-1.2044912252808166,0.45569830640157188
54.8818009365637,0.94212811064230706,-1.242369290591764
55.615701131797906,-0.5263293618617314,-1.4093210081691281
54.544134358166957,-1.1979650200196759,-0.91763415990959918
54.618948794423282,0.94132600382653098,0.51070709804359105
56.462526795148044,0.48018217924543849,-1.3856178171951783
55.053981447349031,0.80813653052249457,-2.0632428004820076
56.181094529571311,-1.570606831063774,0.92242449750190603
55.379402890781243,-1.5950944397147881,-0.29607862373411942
56.275102752508218,0.015366388840376319,1.6708309514780066
55.87813934295643,-1.4364561365463842,-0.25138249054818068
55.130215079165438,0.2239272436733154,1.9832980865367584
55.328398300034955,1.2194670809056647,0.62341011271194824
55.774044035030165,-0.48828503409986085,-1.5287768337611805
55.95269440573513,0.27285426269499885,1.3416750521314984
56.502871735501884,-0.0078923257777175435,-1.3746654383986057
55.925728309200039,1.6491948972347072,0.44287537533148819
55.745589639330056,1.0419520585071382,0.53272493144174515
56.230344313828091,0.47378130259876822,1.5744915610955261
56.527019444402868,1.4656059866794628,0.90709176901103261
55.917240717347418,1.4787128188144032,-0.4095364379213407
55.0458225613027,-1.247118945326779,0.69557262351299975
55.199397828436958,0.58816207134156606,-1.0741096665802117
56.478899119252716,0.9335453526749744,-1.2885036636782499
55.192579694502385,-0.95287690930018587,1.6911527385862861
56.387152106017858,-1.3948668930054293,-0.063741663789686182
54.988233062633988,-1.0826637338511538,-0.65273347035050611
55.257799624267214,0.11216927261105855,-0.087881384573363905
54.933632749613729,0.42270673252650259,-1.3233940135317723
54.750168305593029,-1.1666516305757659,-0.21390738954135294
56.20800272806401,0.21502607734704607,-1.7110771907885587
54.890120027545002,-2.2490886354755797,0.037544884826301625
55.584644121279574,1.2601514546776302,0.55624898162720449
54.829695988727508,-0.66235896011529849,1.3326732561052284
55.496179103409524,-1.3196229333952998,-0.12099333762788515
55.298130215283059,-1.2172603509051101,0.94941662965725415
54.721771985639371,-0.37740826862237925,-1.0556380656550588
55.666093010249803,-1.2842693403296213,-1.6799299580598497
56.048867738443285,-1.0522528160996667,-0.80234508414338479
54.535528743430007,0.49712129254603094,1.1606159366314943
56.070737131796314,-1.3540461962754975,0.78754148387787104
54.860531508713755,0.78227667981149629,-1.34638083381368
54.622450610749013,0.18998135619355075,1.0054267172184725
56.3286793835385,1.0732310638898674,-1.4375490624015086
55.617112874186532,-0.83010851418627651,-0.4204776131804861
55.982020694063046,1.4035604507258865,-1.0809492664750953
56.426632658446721,1.1481047822932713,-1.1779338526559668
55.301779489393766,0.22969393636420482,1.7284805804473005
54.510614128550628,0.55291702055528258,-0.97593127390302714
55.797658544620091,-1.9681766728796486,-0.69785944088598084
55.432944135179824,1.3642557715311427,0.66249170941733093
55.581943889170617,-0.65499284876123587,1.4179340890981862
54.753384125841187,-2.0917972323984064,-0.4436882135370544
55.433394348155595,1.016328315508964,0.87308204217655205
55.706329364560062,-1.0809299592559847,1.2495871812375472
55.517735543871048,-0.40758276759762951,-1.3385658855679829
55.506941695498469,0.16483544668516517,-2.0244658716976494
56.160672249845724,-0.25375196123213062,-1.6657772115829432
55.760542205979867,-1.3595812568404124,0.25814719859645519
56.031553519248924,1.5683022059304335,-0.57253312917910582
55.608282147398981,0.05788919569395215,-1.6559817442560412
55.561279980969026,-1.0517549524235799,0.49669240031826323
54.764638123823488,0.048766335784522268,-0.29033786032193931
54.584575736661421,0.50601497625448588,1.269309451474232
56.356703943261458,0.94168929960589942,1.7354285423834945
55.458585558080919,1.2947099624533995,0.54519446450282105
54.855085871166061,1.1616494770679697,-0.83811134024044853
55.561075025821538,0.56657228738945431,1.274956698972155
55.888244877775421,0.19376509300216643,1.6493764762131817
55.493960248848865,-1.7460181767265266,-1.2086332108711655
55.939026598360797,0.5879741989737598,0.91392373358083911
56.177266688697948,-1.1467277100445916,-0.79815014964840336
55.599358662487802,-0.8421160499051199,0.92179016806194214
54.623757535640145,-1.5737189032440178,0.29607441818849345
55.306228494253951,-1.1955021255602107,1.3870786368299324
56.333418325911474,1.2068806570311708,1.2284642305249225
56.418778444475294,1.0829323107913469,0.34151519332036728
54.450363486993886,-1.1818308035403993,-1.2906197083038475
55.248952889936639,-1.5163878489973635,-0.35330427234074074
55.172856729832155,1.0427567917034082,0.42366216315968575
55.399643180606752,-0.25963162288141167,-0.71724144477342811
54.583844070400417,0.84857103109417054,1.4825615390691571
56.38744606269416,0.017893783728541918,-1.4307181060296499
55.657115974374726,-0.17194681642321197,1.5520706802586262
55.501871941936464,-0.00087684124896575811,0.91385739741595995
55.876966464975375,-1.882569046023463,-0.06769136143022654
55.163133770686024,-0.9575132615314671,-1.1700151443500539
55.483533700296846,-0.64396588335480187,0.97149531560042424
55.715254299926279,1.1312113095581595,0.92960198348317746
54.856112632181208,-1.094627799307887,0.18238200407039287
54.537566799991559,0.55047771395377154,1.4246637334667742
55.017312167703579,1.4639357632102892,0.60966306035573081
56.049191520684587,1.1199384138159389,1.4130373859058194
55.201913602982984,-0.79816367015346257,-1.3178405326723031
55.936356443750746,-0.11391349114294114,-1.5493026689780991
54.391622047308545,1.5864198029253351,-0.049401433178812827
55.064003728725872,0.94168811511854378,-0.53634525472673922
54.674678174211735,-0.14554557826286091,-1.2967800691397451
55.474353288343067,0.18016059906766474,1.4555044705679379
55.772508052635757,0.28602636212087656,-1.7589972162603209
54.726297714623314,0.8802790996928106,-1.3886524629316723
55.918214250899389,-1.8783663704264266,-0.55537816719990107
55.887100011142465,1.5408185722060233,0.5590815574412501
55.390207966683384,1.4102427514911762,0.22864905157437074
54.5030760811348,1.1891510815993713,1.3069202721772304
55.985054589129753,0.38936461826228652,-1.7603239538001818
56.402025116258606,1.4882746800735382,-0.82547298478469977
55.625295169089853,-1.2262074529016809,0.94400407446380297
54.93643323683704,-1.3952303436729545,0.65752155464510709
55.15506781684585,1.513386587717175,-0.49599651889017843
54.880600388501506,0.86180208865125552,-1.2412638954921051
54.501695005306608,-1.3605492465132556,-0.67640842099147169
56.280268398522018,1.4961698599877538,0.85541195094681766
55.456392517320232,-1.503518474941147,-0.24620010900429889
55.850766592192443,0.91063240186738015,-1.0960348908802766
54.876365169273193,0.81666681878190273,1.7758315873675528
54.793368962440219,-0.67910858209617309,1.7626887259654234
55.284410009512648,-1.5855142426865585,0.8804826896409933
54.583262708880653,0.035791093000649574,-0.55047691992556602
56.086695584054141,1.3012977552585259,-0.35006343356308833
54.821864272657436,-1.5660467435322565,0.19408231202587875
54.630912917912333,0.23822659235751475,1.3575006548809034
56.413581410809087,-1.1865964185346709,-0.91049630315927765
55.101835955381809,-1.1703523603309003,1.1530064772781525
55.912156761154272,1.4766240676023494,-1.2422372011454297
55.449575894320986,0.1087703930029317,-1.8547959890411156
56.292715962154858,-1.4449201754014311,-0.73862686135875144
54.56102447155525,1.2284169441590047,0.61341731867875893
55.748435244242927,-1.256572270434589,-0.27557732303203464
55.81676414305548,0.58105086317118282,1.4078808731750416
54.499909924856524,-0.75041140383794291,1.2091227987631428
55.051062444570931,-1.8612263365544879,-0.36018416804990555
56.573679822722532,-1.5522520306053138,0.71961877834036825
55.71353066345965,-2.0204333292128447,-0.80824512172114815
54.600248622833028,-0.62284818487482851,0.51253595281625552
54.785311772801521,-0.42013938636114062,1.6569024096317528
55.278599674071316,1.4898873499921887,-0.34617400340020443
55.358728565326871,0.91383547777987628,-1.3454613841163177
54.635448060224086,-1.2138286496871982,-0.82008295918858642
55.494276636240784,0.92187254893145221,-0.50628041189655315
55.554785269841126,-1.4694128955542405,0.13787894617653285
54.98037050243542,-1.3118086830305777,1.0186659052938507
56.13345181535994,-1.5207262942320847,0.077223592588037321
55.289853367049972,0.52400829350820277,-1.3283922539733772
55.318375777062485,0.46697112267875446,-1.4053867201279109
54.573105416297352,-0.57857813199764541,-1.9654016602201856
55.419795208243734,-0.4509011091816863,-1.3613967165334706
55.389068260821148,-0.86741447109149539,-1.6093617098911974
55.210073596525341,1.2773495041526819,-0.20262452899111899
54.652529709125794,-0.80614345488070105,1.0896321479929774
56.04281668416548,-0.32535447329004802,1.3602780785392223
54.491308183990988,-0.67780625311317277,-0.97531618203773451
55.035190721164454,-0.87681334263714283,-1.207278723974887
56.022876425078799,-1.9100490646405952,-0.38045703562996747
56.204084822192989,0.028804671007410122,1.8589657485602642
54.841814330011914,-0.28625493755683834,-1.3287705485605477
56.354414823379436,1.5793030502506826,-0.18838993820119826
56.466228537636816,1.8737539324952084,-1.2264587157583706
54.644993319079155,-0.62807306207722169,-1.8710953847358613
55.540755739960161,1.0962550949083456,-0.85336640316950008
55.654956873480565,-1.208981690136063,0.59057889892164928
55.063265337501001,1.7256434176197473,-0.024289925469320336
55.525490688111603,-1.7361756617447572,0.033251687919218079
54.53997550238352,-1.1820656068039881,-0.20431002805365989
54.986177087022888,-2.0402609266096432,0.29320462188366953
54.578945579411666,-1.5106232919945872,-0.11530476088540255
55.999684442475221,1.4162155343476768,-0.41195069702671461
55.252101658888733,1.0039310796305796,0.49688239601379719
55.121623002341529,-1.1253070086339676,0.76042731905017225
56.267110882796473,0.82285645131869312,0.87708047988983684
54.654532515013791,-0.66590547157603763,-1.4147220374184191
56.162675439277102,-1.5134259197216853,-0.41626565933178533
54.470112385054662,-1.8343252734807471,0.32843332708923823
54.750835183967062,0.64575719361427297,-1.7625943772368313
55.464048737435391,-0.49185592027592773,1.0813754306345094
55.354008724507914,-1.2666148941061881,-0.31729864714349537
54.60534179761666,2.5121407983926853,-0.73694738786980207
54.640661655331385,0.18330911738433511,-1.5641340029620008
54.742348904335557,-0.068736350643700483,1.3441678097742633
54.549217326255381,-2.0452614363828818,0.22712207689157887
54.956440340325216,1.2789399338088618,-0.94957159444078587
54.704653585882696,-0.11744620825640244,1.9422651805828171
55.577799901503745,-1.4906153096901169,0.036987823865657153
55.160601074135158,-0.11047010141359813,-1.7487329193167054
55.198195009011592,1.1457727150529067,-0.69961593586929194
55.770836342371204,-1.6267057333744319,-0.04954631815307714
55.895909123145259,-0.47004134582863477,-0.91240576711081656
56.238759966008182,-0.37163543477895589,-1.3975293095840291
55.508290388217404,-0.24341549921861741,-1.452646111409359
55.625354833290395,0.25526709721816149,-1.592782701713056
54.989834319962867,-1.4070355370241145,-0.37334199746219848
55.344638449943403,1.4547035583405343,0.031710711011992472
55.720519339837281,1.1998172650139394,0.4693941728405453
56.172603255066456,-1.0522431495344804,0.99180458949237638
54.79067695438453,-1.8846591763347091,-0.11767008426964803
54.971928154704251,1.2554816932682922,0.25797303268329219
55.122515558242043,-1.7119184199088737,0.11105631486757246
55.312067023077802,1.2289589644075845,0.35001620287346791
56.324949654016848,0.98711644074053562,1.3988751800446899
54.837162491927046,1.6087147695663457,0.31225490286683266
55.930971536082474,-1.5000531089626172,-0.65345163544931195
55.603840500883933,1.5409715291775639,0.86657320558057294
55.517820161486497,1.5629125554294847,0.6543468491272828
55.747546362730915,-1.2484288413383582,-1.170619743482731
55.252254108830364,-1.2137796793405291,1.3063292485468465
54.529478778510303,-0.70605469585209901,-1.6125350929586082
55.4962425556771,1.5154761327997226,-0.89741212554228977
55.222817360426127,1.4427263624317108,0.3063555823925308
55.380051889180258,-0.52981138663465588,1.2892305489927101
55.540022338318131,0.54404899590002975,1.7602153330049619
54.914536292478843,-1.5325218854219778,-1.2981789164884265
54.505502828488112,0.30325463307523948,1.7796394038535901
56.342782112742839,1.4282307781462176,0.23143574226229824
55.399135617233362,-0.88778241466171381,0.98671858748348429
55.367149237804568,1.2045780233124663,0.80935407037378881
56.346523500874156,1.5263945356382222,-0.54095102555984542
56.302371839755288,-1.6577229883175053,0.18585798100735831
55.757081597392997,0.34511044561634585,1.5321800312206004
55.492699334688837,0.15063380419894262,1.6021536653223076
55.414931182488957,1.313605203699203,1.9224721058052132
55.284262247209938,0.12385971152651722,-1.4401803653391616
55.033850733932141,-0.54447478311981068,1.5185160784260971
56.25248941195813,1.0835880108720584,0.62188466801150832
55.541886281387292,-0.78226883969263861,-1.4748111585116641
55.296965635000312,1.4431313814394886,-0.20805824349415122
56.035188744991913,-1.5388416545657937,-0.66659909820561658
55.104899986020818,-1.2102046556114099,0.064765551750450984
55.117706347169502,-0.45002397167098523,-1.4094430554298605
56.30170162954095,1.0224213141622895,1.2221374057935834
56.37551176108731,1.2459982286888842,0.47173397224893387
55.784731009432903,-0.98913884154942966,-0.83899448714625013
56.356509032037174,1.6539358055818278,-0.26631355300895676
56.404056888659689,-1.8326081591149919,0.0090206496308159589
55.538226221297073,-0.89466734123075198,-1.1856828965099275
55.873243855712005,1.4389554732551482,0.45739523741916455
55.678602931397791,0.56420093058136234,1.5483620225929848
54.835608757898704,-2.1308161511051344,0.81480996704932274
55.448335895802074,1.0562808458687536,1.3016008169394073
56.42209101187548,-1.634993052681982,-0.66145432803802906
54.983227526792142,1.0205667887391905,2.2788488227967294
55.382496418332011,-0.2655228412813696,-1.8236917169622544
56.189785605702653,-1.3106959669106379,1.0018896317478159
55.811906812951932,-1.9987581984687839,1.0603536002740512
55.765054701176453,-1.8183245893029694,-0.40237353901148815
56.065739612869514,-0.16410549499550098,-1.2484255785345293
54.451765608175286,1.5641216876978443,0.46928910069619778
54.739451132640369,-0.98333199808190141,1.4070683468417655
54.724134773491059,-1.5799116938581068,-1.4531428259703958
56.543737930363868,-0.63234542353511036,-1.1587971926263108
55.993757282683291,1.3998953426816332,-0.16540983306515425
56.156047813794629,0.43863180743490021,-1.5367404940077698
56.312587965078514,0.96482869080685996,1.3536065412998255
55.314694107016173,0.36398976708379999,-1.7307504417024928
54.973899997527376,0.3134160725941923,1.7185915388906985
56.084359816333311,-0.9427762246960788,-0.87760689105243717
55.884874170190692,-1.5154571982185534,0.59910657777208409
55.743243896052959,1.882572124692296,-0.93546423781561838
54.523737086169426,-0.66570402164574272,-1.0513156603385083
55.682824543521086,-1.177808912179491,0.90796883893078872
55.196407361937112,1.7292012392330405,-0.99629394217057199
55.674589172842019,1.2201584923558333,0.37753169053177837
54.950656299448461,1.5199740038580538,0.4966164104632369
54.581630282019141,1.6960980170958857,-0.10731009429025835
55.028468810892392,1.6450639089826127,1.8926029510453828
55.081172365617121,-0.86299311565633363,0.98926669413533641
56.458259062892175,0.32482452189626121,-1.5258282233596951
54.948802810935511,1.0309665840115627,1.1262182258130464
56.210795946035972,1.4038307616121688,1.1744528895025526
56.228965914179881,0.80703795566751446,1.2948162500379621
55.192418144550061,-1.1663513939881383,-0.64705302676961995
55.692334680603118,-1.6107842787582882,-0.057865014397157001
55.837253356736227,2.2843695044207233,0.22115015263416796
54.927601192991332,-1.4993853282293141,-0.16217583697605331
55.821228209589172,-0.64935660032389719,1.3754808678875192
56.173455601111215,-1.2295727468895554,0.86651028499762417
54.842412256173148,-0.49288928244308172,1.3365705208834917
56.070000137544902,-0.39725773319979213,-1.5941678733615376
55.800432707807339,1.0833911885641354,-0.79108591578335197
55.698755955559456,-1.6067771977174188,-0.63005954061664704
54.945461698357754,-0.5034494817644587,0.89058302598936168
54.879255384282203,-0.95024150875401925,-1.2927617137308978
55.502668722731102,1.451305305390304,0.72378542399901735
54.926004462713763,-1.5403969205384038,0.210450113791806
54.698294510292477,0.6368222192886358,1.4975913173076205
54.944366358650178,-1.314203638107462,-0.31068886998159556
55.46975117724763,0.24578580757690555,-1.6346348549897525
56.2758225553956,1.4470921005314124,0.22382046724143531
56.427451612346701,1.2508156182113739,-0.13710317918757386
54.943125852885991,-0.78891070533580732,-1.3415182958237599
54.975172718393793,1.1504736129438153,0.77621843013713576
55.995232726306448,0.14894783269951054,-1.3891275760751816
55.841183719410047,-0.99133691338767382,-0.88878610251733892
55.243839597445366,-0.77357529822873461,1.5513677616360548
56.252406164222045,0.32028102489084004,1.4962324163947647
54.616728264756951,-1.377312569256248,0.31957488111331728
56.147601963311011,-1.2207744966175962,-1.2269212929494056
55.045541335618729,1.4314960029184056,-0.55108438403773519
55.454191160502944,1.5341801903556485,-0.007477513152973206
55.752790614810131,-1.1534597168440899,-0.43727906614241258
56.085896764855967,-0.56549576600478857,1.4359750290346851
55.872239970612839,1.041964919106898,-1.2400362067281807
56.456011653429712,-1.267047487947333,-1.3494669670246178
54.592090568636117,-1.2675161820304783,0.18617022216286291
54.584784353067612,-0.69080511662283994,1.4933491265327197
56.45262421995335,1.758437666294498,-0.31837219406299561
56.261002996687246,1.5684639709087782,-0.096207341879066238
55.848233708133712,1.0282133706391365,0.77228234009216357
55.027724156184412,0.99680740601468054,0.87001143148376225
54.523620278269675,-2.1989819061432758,-0.67802271034687078
55.463879961456762,-1.1523839621935963,0.58906430228364826
55.837276623440083,1.3543908840878096,0.69251118962244307
54.477627970488861,1.4197872760272598,-1.0001733591329354
54.407000338814406,0.039190155966624993,1.5704387398688333
55.282859590081557,-1.7089962838219419,-1.3506009493514057
54.346101340546589,-0.9211159238012735,-0.95235301707067888
54.8406512879126,-1.1896263171357009,-0.09875313063381011
54.800069306382014,1.0505616783137557,-1.1022048945483807
55.097581039639664,0.62920457125811158,-1.1294134852398903
54.940599717744604,-1.6294429084610884,0.061067276938867092
56.081607193513143,1.1499837020236723,0.85759202042971483
55.477686615890491,0.062854797902283349,1.3157417068705402
54.733296653733142,-1.0161469479864127,1.1357185040200763
56.140363761983409,-0.024135177748859486,-1.7544302875013067
55.156078750990389,0.72829201429068224,-1.2370231193029788
54.782125729482146,-1.9117259933066786,-0.45896128764103827
56.159211098826326,1.5615219529636899,1.0084571560882292
55.030442470159379,-1.5453307046454896,1.47756565476864
55.9928906431185,-1.5443627216920945,0.46658708274863403
55.639157071348102,-1.3649844811735716,-0.69616937429611681
55.895851782489395,-0.76603898171067231,-1.4830635007602717
55.424191605021953,-1.1920651056392486,0.93636133620501916
54.926653346385891,1.1841897789128297,1.0789034461004405
55.110646643008387,0.13594973348108769,-1.5108802715680736
55.68070528882474,-0.76126379706082015,1.7642164121962534
56.150670677026042,-1.4326040915321228,-0.65319466490930478
55.882489537316658,1.1099166239180838,-0.58528061016634791
55.081871596582744,-0.28707049833766035,-1.6193628199972525
55.972277187167158,1.7129957672329317,-0.2114395053733735
55.936034505607928,1.6667031119015854,1.516216399909897
55.506818327930716,-1.2097955683387509,-0.88881241869504868
55.719376566334248,-0.26352865691062627,1.5097258445364137
55.206050676216002,-1.41575757214413,-1.0882780162066381
54.70923099230054,1.6876039324312444,0.12882901060809682
55.554770234690871,-1.3547023889714132,1.0454761071417389
55.949622839157705,1.1129256569124018,-0.41725137411682678
55.355868342884669,1.4255656973754318,-0.34438253432908317
54.476156518981611,-1.4573067295450997,1.4213636268206924
55.274417947262535,0.025787276433552924,1.1542539467564159
56.40251245734791,1.7802139326329856,0.171863031957983
56.168917541549199,-1.4614282615135332,0.38318044557702535
55.430599881521431,-0.94457786257754317,-1.3079873204805743
54.624868630661211,-0.043918932005154829,1.3673121546845683
54.674493098621959,1.6946700277881426,-0.096833910284653643
55.469484372110834,0.42662348405929434,-1.4625650273880628
56.154506385868409,0.96765131960114692,-0.9404174513572261
54.668345531653834,1.3669659297789949,0.85142194895779832
55.37900010728157,0.93788663743971312,-1.0502344931895358
55.31848518798526,-1.0410551454390802,-1.4237918977842163
54.823120137494747,1.4246861838829121,0.6327770618311197
56.275580341223986,-0.64011097597376998,-1.1713605263906512
54.853985397023116,0.67040765899952115,0.81224499652350868
55.865712808609665,1.3702513831322625,0.45518515794009695
55.491796578269927,0.85535161679371563,-0.96216467537133299
55.413340879531688,-1.4960673760891352,0.41927620955398742
55.513564672959994,-1.1964171395432752,-0.77891607826737663
54.755582975897774,-1.4378945729133958,-1.3093443046575159
56.277173551634924,-0.61612964370932632,1.2842768286758968
55.128761216328058,-1.7672173428979203,-0.5386633998511845
55.006226203956352,0.85660383347331337,-1.0149588193753607
54.776786001822849,0.29561040165935476,-1.6922124646288379
54.380784753802772,0.92012349950633909,-0.47124278826967508
55.006993818121792,-1.7347369530714141,-0.17793352282323444
56.27751628567146,-0.50788062446855609,1.1697896255814706
54.842946315761587,0.08081459696245713,2.0667001007518482
55.183068817729939,-1.1773771763551473,0.62384077381938208
55.808464875710484,-1.3471464416852899,0.33812730211776476
56.329912295079325,0.46548340923866799,1.2597398008927885
55.636233325412626,1.5044992077861445,-0.89225922893096965
56.159836981590587,0.84998583142199902,-1.7370205203040026
56.448888608582507,0.32046183981748821,1.2178269223979783
54.611677587718525,1.6432345696413428,0.20856983033623314
56.297838712111712,-0.9153039922052939,-1.2922290364061177
55.34393397984357,1.5994551619227932,-0.50607880665585347
55.734918254460688,-0.48467793665946857,-1.3022759610887151
56.651515661649775,1.6622162930959361,-0.21334608908980629
55.495042908795398,-1.528560837935367,-0.24662803748740811
54.514746618377096,0.48583301695694664,1.3991038752219358
56.151415088656314,1.1395728507050973,-1.4154030635304238
54.438911105680866,-0.7173609587453762,-1.4233787719519599
55.002877234208768,-0.058626685580562013,-1.7426868804465292
56.242338823099495,-1.3752410361763023,-1.0453308348704127
55.95223734365797,-0.92889188000866307,1.5238080796869133
54.788055565444353,-1.2487726428269268,-0.68916449705787608
55.628898923868334,1.2686845357621583,0.48738931705625049
56.588583726011919,-0.50483640997174484,-1.8326506088024723
54.911564963761535,-0.81351075975648524,-0.58487414113734726
55.274782085922702,1.042894072826021,0.17096678730237283
56.449758847030132,-1.3451871606267993,-0.8030839255149903
55.738688472944567,0.34106137786465546,-1.691340704197051
55.661644077228516,0.63078155140135506,-1.4595814382295376
55.264106175298387,-1.3030295024657008,-0.70369326804420351
55.91469846499912,-1.1075065421871573,1.1271232443312476
56.208582671190847,-1.4163511173718186,0.041003533310136689
55.595730757291179,0.89475273807045286,1.653033327377933
55.392253224460859,1.309230747024386,0.87802017030074708
56.364880425135574,0.07996684268657335,-0.80370516400740311
54.680395260278281,-1.2480259101708049,1.0906884911788917
54.581116726261442,-1.3577108680962979,-0.31625475561175365
54.449686038910535,-0.0045934186431340089,-0.17209221265501354
54.594311871489417,1.7487839543366765,-1.2426483294761945
55.340999213552593,-0.20013721983941807,1.9885405055131915
55.239422389461701,-1.2716251282194206,-0.33799298142583156
55.760244545923641,1.2163649593464123,0.51841308369911365
56.049201941770825,1.2333411302961714,-1.1812296589954965
55.663000715106364,-0.97954498619154629,1.324478096297685
55.684063106824325,-0.71911847325928879,-1.3852864275536956
54.975856647142173,1.870477785743347,0.032052459950980175
56.291361390531826,-0.9224708269620544,-0.92807744443011408
55.477768824226914,-0.53696012237799795,1.3689051495279994
54.561594385041481,1.2806723087474834,0.96721205365371488
55.194523337019959,-0.70289557827614335,1.8566055356378275
55.567443657871877,0.96308981914348923,-1.2320234479646304
54.541302781244369,0.78384322551364261,-0.13443821246576609
55.98838212905288,0.31523525902818766,1.3248046633370267
55.426933721701417,-1.3483209856755156,-1.0069684215400578
55.330486651654923,-0.84524667839223411,1.4991051637891495
54.645063560195631,1.6212948786028127,-0.63366236231963757
54.492398469989261,1.0939171928319775,-0.7948095027851042
54.702530077894956,1.386057624460177,-1.3466323455726825
54.978670386523135,0.31706395598362475,-1.4542091938281108
55.574918092050808,-0.51442687533635167,1.5150173155113187
55.057016732073826,-1.2128423191242004,0.16079871000125215
55.093867196015779,1.4608766036803513,0.93651807617924976
56.399737446140556,-1.5553314617254281,0.45065317628320234
54.738869651521377,-0.54745974081981386,1.2462557779840009
55.191150633895433,0.48151058462289764,-0.97113625629785594
54.863009547885035,-0.050465072081576391,-1.9817135435352877
56.328545629937267,-0.84479629627685116,-1.1847224291041383
56.364652243603345,-0.22812237219168108,1.8878224956632481
54.957837319811453,-0.19691294946722426,-1.7182829591612083
56.445666737691099,0.29332998077538736,1.307168914323948
56.41071951543573,1.4012726150564869,1.3473089507596439
56.047458735963019,-0.015430320270856413,-1.1498886728010889
55.867208031050467,-0.52565098676721278,-1.0383309653571065
55.450204641218789,-1.2052212159443014,0.34303233488129226
55.884781240839523,-0.74540993436255298,1.1685270043409346
56.296730671126419,-1.2239109817099725,-1.2056985467806391
55.410001524471767,-1.2827721124027025,-0.9519663940344395
55.564126287600565,-1.0082704560965075,1.1821591478886169
54.639752020667736,-0.67471071704282581,1.3436512642484073
55.578989052341115,-1.6611204227676744,-0.67415115712040719
55.449006441523188,1.2039571683766956,0.45830807923405559
55.728707774465647,-1.2227130809735944,-1.7297941137057495
54.938529033909944,-1.6950635381037182,-0.4559688610158964
55.341270485153309,-1.2239275451758092,-0.2999547190135386
55.36001788253914,-1.0426774362508944,-1.4954178063952626
55.174104690207848,-1.2295329240634647,0.99561379834090646
55.106872175367364,-0.90981230635628552,-0.20184627436789734
56.287388373405619,0.25840221605704233,-1.5342570037408216
54.97701615992672,0.91471601208226339,-0.86615604989910699
56.261680781081736,0.50721825087524131,1.219557563919546
55.896388745853329,0.71936448355111238,-1.3993601795931385
56.275274511459834,-0.5926631420327878,1.4478476964264821
54.644957176552403,0.5402357537130722,1.4421700286225156
55.145529824294044,1.7337758932146423,-0.41139334386249188
55.586608042175015,-1.7243624141018155,-0.49073494344523616
56.295613051930864,1.3915682116287604,-0.95282933771210632
55.82880413961945,-1.4358590825665867,0.85045411821254135
55.059752756714957,-1.752732684288695,-0.5346797609707189
54.93653493506352,1.4415686795780449,-0.14102265347210177
56.025261044685003,1.4925433566515551,-0.56446762747842794
55.057297026786955,-0.49484391549205403,0.48633339908846784
56.373320110764382,1.2565367922680124,0.252747058026911
56.016432894184348,-1.4877217994191918,-0.085367669812146538
55.24167167465837,0.88118104256677421,-1.1051481562765881
54.981049383310435,-0.81911125147521036,0.91385398019007069
56.025673148960635,0.8300349074176,1.3460813005401375
54.923539415080647,1.1723716557151367,0.42639761605768989
56.282939441260723,-0.50829127234266969,1.4572979207808141
55.779493827946482,-0.70120876886945072,-1.081388084149534
54.691611110825342,-0.82238961981125558,-1.2297397448778755
56.057565285966703,-0.85203198147977655,1.4118527536086258
55.143736050213164,0.042464320700510712,-1.3023822870702415
55.116142412754158,0.0070506005950478796,1.1915143736621234
56.124352454023921,-1.2786892593900934,0.62997231011853405
56.197461834402574,1.0936956671996132,0.4643052863727406
55.862511119677315,-1.4323478844834812,0.47860165417503425
54.941459415888311,-1.1047673993023048,1.2681820818797793
55.188999193542415,-0.34280997352321535,-1.4189349420045798
54.951338775984681,0.05014572855345556,-2.0170989932944168
56.074981756868475,-0.36793769430001461,-1.6403850778097002
56.12996451676532,1.3015154917045206,0.93669680178890291
56.205557075881202,0.89600966167770857,-0.20959697402909722
55.848348761504823,-1.3184538539018678,-1.5406886816092915
56.245756538094959,-0.33700979363886302,1.3823176558825361
55.806550993357895,-0.045921061331097433,1.6764467025214906
55.36401093979741,-1.4770494409802524,-0.73228820996664157
56.259211096389251,0.90941806846017914,0.77753136959777369
56.143555311425914,0.85328882484564883,1.50520439512417
55.042967129536962,-0.96433828185755055,0.94247929566988409
54.965473130650885,-0.10061608729804986,-1.491288770062194
56.25866807709464,0.10432003001520314,1.8118712242386859
54.998075482529352,-0.95580050420719198,-1.4328037178263255
55.766054579037664,-0.72379379113110698,-1.077369522677434
55.831517135558038,0.79318367843762871,-1.6684897426575065
55.919833330302069,0.89362297128571799,1.1656552685867188
55.556347176279026,1.215986726043228,-0.7094042427926035
56.039340171772466,-1.0375232749161942,-1.1423434287406451
56.278187904357537,-1.5255094006832368,0.59792945140928078
55.980390682702364,1.3840531608986888,0.12809457267898072
55.016924222174872,1.0419715152659152,-1.0257639571474924
54.966996517270978,0.77527582537026907,-1.4613873627687524
54.98199915645943,-0.93410142570472221,-1.0155920655560562
54.6377418902416,1.0070318916227445,-1.1932064520350956
54.772728017642812,-0.71093720098164892,-0.76871817423273081
56.397959858816378,0.36649820909241998,1.5236830083963242
54.600447424517945,2.0888498807200402,-0.33828332959578639
54.992315547600903,-1.3053716044436692,-0.39383371835952091
55.685850362757328,-1.456788035330052,0.27929885188999337
55.540052179434468,-0.42852080964334327,1.590339440285383
55.150065329194831,-1.3137107771764653,1.0321706124681602
56.339315554029127,1.5820812216975217,0.72569994164696483
54.932684986819631,-1.1991012003131136,0.87571557133553035
54.923454979471131,0.71388421155567883,-1.6777743449936204
55.821558549524426,-1.1945091572688824,-0.23888638306323873
55.784798826755903,0.30139402551367872,-1.3928766081855699
55.658559572012891,1.2669274608261383,0.17610127918124163
55.364999568826669,-0.50341535910532309,1.7260055036573911
55.976532634965309,1.8298399537263614,-0.077716603664176417
56.227496446543427,-1.2178388461572307,0.40756669259942246
54.997886479579506,1.5239141857273559,-0.87436668637434511
54.691999286088141,-1.5663971012631548,0.12362931037156942
56.426842507320977,-1.2425993812534042,0.7832018518498528
55.608120135102844,-1.299822377017678,0.44135413268824958
56.510689824756625,1.4066737280492931,0.16756518159089856
55.166958029801535,-0.86837301208161755,1.1888484823104841
55.906379432350384,-1.0139572831319561,-0.11345330896308527
55.589739063725503,0.59938627069537143,1.5180000721977158
55.889952242073072,1.2577785312986409,-0.011159562979771248
55.385089121093451,-1.3400922530657169,-1.5539548713276401
56.021331832421289,0.51617652394235325,-1.152623863152582
55.930748351639885,1.778006574752657,-0.59509701453081409
55.967674382223436,-1.1806650616641226,0.88974842655458386
55.747353925532799,-1.3334260382985617,-0.28596427321328988
56.012943244088568,0.98356013277160415,-1.6628875798883158
56.013923743236951,-1.2311969074715456,-0.75324311479607875
55.197894240962846,0.047471606185091393,-1.1604923943708136
55.656100716604868,1.6899786493947708,0.38343980375436715
54.809991783377065,-0.010832426205797772,1.0190695758386992
54.961287425545166,0.73068627277632925,1.0858382938944537
54.68297771673668,0.31356701454398511,1.333665361962675
55.876447593697151,-0.27507946681989187,-1.9618899544345725
55.899925445331682,1.7060447466721751,-0.57352687380117351
55.606833211842975,1.6674071786740481,-0.10812465589332798
55.163222687268679,-0.91755854321351993,1.4659967810498893
56.472923421613757,-1.2661479867338572,-1.3174310531190525
54.719497730920942,-1.2683305190521934,-1.2362472104583704
55.353070652807567,-1.3522472849054081,-0.48393359858744595
54.964274784957965,1.0071467809809771,-1.4190937946618341
54.730423568890437,-1.352305190227725,0.44989079678059646
54.369736473853493,-1.2465580140381745,-1.0320317760779794
55.471529575192527,-1.5238977741343356,-0.36315599500394669
56.308117178767901,1.029476351169379,1.3825595135178737
54.642912990911924,-1.3560205113459118,-0.08232857547709041
55.746275521462096,-0.20661705302330405,1.8149664446863345
56.207598099409019,0.20588048622039026,1.1741464331457285
56.072512109831109,0.77412096828728971,-1.333939170273146
55.583963162211397,-1.7157892595035524,-0.16972516535054552
56.208060416436375,0.24656879485392633,1.6426403280978896
54.935848582524748,0.42688358357575606,1.2378890231501443
55.263090614492405,1.0484663146873365,-1.2671604780123149
54.999879925421524,1.8037490678108434,-0.931470981239647
54.855061168628403,-0.45217085132127161,-1.4382208209897438
56.23812202043456,1.3943459977136772,0.65403438200611186
54.558003966497729,1.0360665244478375,-1.4502425579762148
56.401425086672795,-1.266559169627731,0.62154533283005098
55.458953730851107,-1.2929171220996738,-0.36826632781927404
56.417993057649873,0.53411333325165578,1.7269942395231224
55.273242535903606,1.727089934328313,0.84248113111549716
54.590637395272132,0.30374225929752185,-0.97715337650366718
55.716634894315852,-1.507375096392007,0.50887564012137598
55.417958880354419,1.641242687069731,-0.61222586980803617
55.353930697928391,1.7529430773554757,-0.134797121708159
54.754755060572428,0.11085615454594329,-1.9912836742292777
54.524881359998709,1.5982857054685231,-0.594070418511501
55.467206741799764,-0.33156290151650469,1.4399242237166947
55.530379760490099,1.2771550367442828,1.318582569360119
55.686429227536841,-1.5700101381644387,-0.013356647923363444
55.068791833425585,1.2028281257194078,0.95044729855200472
55.708795771250429,-1.1243493312305719,-1.5633314572858492
56.509773423155544,-0.84455547781800733,-1.7403522900155239
55.227963241707613,1.3224379527152115,0.39422454811597402
55.507160861912489,1.99491231740736,0.44258009259814968
56.085727148328139,0.81602519131927265,-1.3671623821742047
56.184764656847008,-0.59629548971897683,-1.2171096521257427
56.347874995564538,-2.0791594575542494,-0.85534754939973212
56.012008517400737,1.0355829374738754,-0.73938839902073339
55.030417739448723,-1.4980924274786038,0.044317067294504985
54.619255508647306,1.39251949868536,-0.86761623951019939
54.682556760616038,1.1258308006641646,-0.98657071921317874
55.512050412176031,-0.29095092177513954,1.4439273743145169
54.843963190319066,-1.0687031505404043,-1.5449124021476137
56.3650068311333,-0.52256453781186241,1.1035734766819592
55.824860467372964,-0.55104105818970228,-1.1284712786778939
56.443649110580076,1.4070745825111566,-0.63889423293190029
56.175491825979663,1.3814217939172524,-0.086047338394183784
55.511870523368074,1.6233391260411854,0.76255891418699817
54.971151568235051,-0.51166502971938244,1.4832140977937796
55.343135013161778,-0.80236693992498354,0.99339496249144044
55.531618699751661,-0.43000587180168431,1.800315623137746
54.568358375341177,0.25294953340348941,1.4173594955344502
56.060056343807211,1.4519290433475027,-0.39722525573824191
55.248401686664629,-1.6615330386451936,-0.29932193415877817
54.757945803799586,-2.3867942481199762,1.3009515935953555
55.826236099549753,1.9089882860428693,-1.1302064899302564
55.02968321356763,-1.4111543583998618,0.79577636529573115
54.900859175491476,0.11455726216429774,0.85812008391415773
55.75068672509272,-0.76081441269581973,-1.8019785806721766
54.569147603631706,0.65578030461251735,-1.0159365091299986
56.050927173395834,-1.110556936288579,1.1956412308696811
56.171828021147803,-1.7203686954811506,0.60383623995441793
56.549338612922902,-1.4485211730177505,0.16773755258052586
54.207836344849404,-1.5095992066293662,5.0530685212743167
54.800918986930967,-1.4123845494655436,0.46695951831057159
56.181685229608533,-0.76905198350441761,-1.318309116209547
54.654391504148478,-0.61846993423367536,-1.7348635751053316
54.869444813832608,1.3686511530294811,-1.1539656524593005
56.280568347895226,-1.335486930464765,-1.0864257840719342
56.242277797751697,-0.60673698816068899,1.534148250600585
56.260722481612426,-1.0202587092778022,-1.1388494579924329
56.158034903914483,-1.1554622025255239,1.3642265698151252
55.548314336441955,0.61324315012478647,1.3131107669589714
55.149745362882378,-1.2244301250365781,-0.58597379472640021
56.131532791573193,-0.01829575718398168,-1.1046523690758105
55.837741972099849,1.2007246824309636,-1.0691049181750574
55.197293457094908,-1.5383368595789026,-1.0988173152062115
54.937729695270292,1.0327475085228666,0.72430523897547372
55.66335188557931,-0.067384694802858497,1.709630637410152
54.669241521740226,-0.14877212145166871,-1.8006777868851522
55.874261273211275,1.6008184666736964,1.1687685127265715
54.733451806777275,-1.5318847547012984,-0.083663739816070559
55.177063372030013,0.64818173501903209,1.0413218662090225
55.736253312562965,-0.51147270884038121,-1.5458078573484988
56.097854928057444,1.4238124502695138,0.068907544401529144
54.48182229113457,1.3256429049171259,0.50526844103833313
55.894156804405348,-0.19713708638731459,-1.3609353386473961
56.292979114425023,1.2213301740486611,0.7367364235713727
56.33065222271631,1.689189099924431,-0.045749244199148512
55.80095289852494,-1.7151673438445056,0.76248181793629421
55.90710800793272,-0.84875041399234741,0.96110031963535969
54.795390528188513,0.057758649196004666,-1.2580410575592955
56.540313091416614,1.3948593006475525,1.2535639557852187
56.221868873417009,0.83069563575159167,-1.3180142788637643
55.772590610891243,-0.5236760254467534,1.318331564191153
54.646651111921358,-0.30336320628827101,1.6826102659325379
55.261196699804422,-1.7465947756064113,0.19413784365929396
55.650417141079252,0.95378927209652242,-1.8557007740426104
54.638746547890428,1.5355088420065572,-1.2291553291568156
56.532846964470373,-0.44442174533126183,-1.1307135429145612
55.272198808289204,-0.55749105814526678,1.3963213299013146
55.277396187997333,0.38844754385566316,0.68396158237849158
54.856808127327511,1.4021597978399458,-0.70128434473586121
54.769502858085453,-0.54218895349313467,-0.82983583362600188
56.079912548997854,-1.2609155182197564,0.7848260315132829
55.742864333085855,0.0068423064574008735,1.4662147396400687
55.319486006130319,-1.2336227139883635,0.80085395813558746
55.696741369965217,1.4375553654999627,-0.29508954077791111
56.073707246863933,-1.5512546456742218,-1.271051595125908
55.49429862386696,-0.53848376461976133,1.4392190380080889
55.901736094984521,0.67865553724086836,-1.5415363578788399
55.699834415223243,-1.7392445799531859,-0.13946066370222118
56.208725887142663,1.4165145890276303,-0.39720606914333084
56.082553581621113,-1.4307890148465594,-0.31982871167987276
55.834467987460002,1.4909813061132895,0.6743805030197968
56.148827697731988,1.2332844917736865,-0.74421782052187102
56.251325502894211,0.67390497668161564,1.2018773739026443
54.961760337260259,1.47628370170741,0.46510147603277174
54.933403047628715,-1.1707387372151468,1.1073154606139048
56.219628106719199,0.98883115088307794,1.2592136338770064
55.94080988494278,-1.2640517973471668,0.18959614041483
55.9105036617661,-1.4374330330695477,-1.3056702851916504
56.15448475497427,-1.4583733807931567,0.47474759538088057
55.668279222724031,-0.54646607060859831,1.662946258996167
55.03496440286699,1.5938138861295539,-0.39440809756181722
54.652830332172428,-0.86677952359041155,-1.8905931673259229
56.229358352832172,-1.5720530021860712,0.38320773159245652
54.959008510683439,-0.58869608569429932,1.7493864210754853
55.230460777963373,1.2286420559243381,-0.53330080132105895
56.2889544641071,-0.5981246262005957,1.1820863088930531
55.312386363988473,-1.1036269822593499,-1.0582426237816196
54.913289349131716,-0.7669842517265919,1.609246413099652
55.370974133988248,-1.5361075279197187,-1.2325522735474082
54.967409854931077,1.253194691077822,-0.12197619666932956
56.102985303324971,0.72876561210696533,1.2692067754278498
55.382185878201554,0.063154625530979724,1.329565000157626
55.783292961760431,-1.7570644540451881,0.45211545411296755
54.602667222086517,1.297465490581271,0.5056660873473765
55.167458965418305,0.84687503439318312,1.5158066161021388
55.5376328201286,1.7854532085103469,-1.0353001421623766
55.20146299894148,-0.66471262578967294,1.0962330966735176
54.513330525708184,-1.6408036876211494,-0.47867018527391092
54.931555879078211,-1.8320812438219309,0.091729201926465539
56.141036982024346,0.76315041118643889,1.3865387905392219
55.821270129431369,-0.67010625703026494,1.1210977933423343
55.511441577031434,-0.465817589210201,1.2443933224105101
56.152204204685532,0.94572775948753696,-1.544774180716282
55.600524426678994,-1.5284258872195557,-0.41009627140918603
55.443906614213638,-1.7224010944742703,0.28453165642271566
54.560138528642085,0.56605645137307725,-0.49535688655541982
55.9322436605351,1.7105560003565341,0.0088890620275061862
54.869399959595057,1.456030814633658,0.1008943188162732
55.935945209609599,-0.63777933939794507,-0.72394652781203772
55.852739716829667,1.0944573901863737,1.0670884162524132
55.831268320845666,0.26359056593769409,-1.7275402807125668
54.759342222031584,-1.6929609404768162,-0.9106004590375284
55.058587964886485,1.5079076746662023,-0.75445165236059752
54.420705726777307,-0.7617932831146409,2.1147177770289609
55.262544795922963,1.1781522374427986,-0.56543794979223838
55.251083964474468,1.2133151859009332,-1.0930511092639852
55.372321643153015,1.9093637096261407,-0.97030717897342278
56.174076357404246,1.251994199973903,0.61341220199635904
55.148365971160658,-1.6877702357449906,-0.50315725694655788
56.211473569458022,-1.0754963538429794,-1.4503250104769845
56.315647847597667,1.0673264904289577,-0.6245317590816426
54.8147237653302,1.7058898046899562,1.1631605020013003
56.317011149432716,0.63230996428973019,1.1620347232501969
54.776223024554042,1.6560552478938082,0.52399789631557137
55.223924106663432,1.3414041960676013,1.0259373162133609
54.754779542766641,0.010891993763565375,-1.3563427446071596
55.496109978314905,0.3556133070524935,-1.6394863100442847
55.220322067922432,-1.1079946173694772,-1.2681653609734327
56.134953226157243,1.1022656945203062,0.99106869743200965
55.427908875516295,1.3722594863902073,-0.77210059621368188
54.682903419301994,1.3366027043114359,0.70230237741146595
55.123608128155837,0.33995516442032142,1.121774234486616
55.015695549685127,0.41662283561148006,-1.1326024519319196
54.410221968016636,-0.58071772152684287,-1.4205744662681439
54.536954221793472,1.0044404538927647,1.4217252197471106
54.621078195411613,-2.1628639859876841,0.39144959045912198
56.377077043285382,1.3358425470982851,0.21979848669807864
55.903774464593177,-1.7470587811407126,-0.012428517844183742
55.855692858284023,-1.0222558690706651,-0.9958846874781585
56.107024913607837,-0.82957134309748926,-1.2415085118760476
56.227873945930291,1.1290834478599086,-1.2614771557648143
54.91411150411497,1.0331986430871767,1.1552933628399058
55.121921600161087,-0.81415466673484427,1.3952300635092389
55.515720026102777,0.78164563785654106,1.3870797882719634
55.928730201375416,0.66246565532777901,-1.7581434563804874
55.489968825795977,-1.4218111568813689,-0.33750613615266734
54.656930019152135,-1.2439996698642801,0.18258443179587838
54.573925855644482,1.5322008572247763,1.6538077558897561
56.39765217963047,-1.4143926410606735,-0.71283588193048641
55.216598517534756,1.7617845260384246,0.046329298012378041
55.543608796656251,1.3908993818023057,-0.7583993199949628
55.582373850350741,-1.4500318572655486,0.28092787267376451
54.905193094386689,1.1577436430315715,-1.2951701025689411
55.70489306958666,0.087493263563592966,-1.5049504708939412
54.675293091126584,-1.1781029427997254,0.14613035085380477
56.369442916946255,-0.21443496622390973,-1.262216388681763
56.002390885973711,-0.59989351241983568,1.4384833444610965
55.01249367470902,0.40589731497234915,1.4875830770334437
54.598248633937125,1.1144801956122001,1.213678580325726
54.962733928301624,-1.08481556655851,0.19501428560913761
55.533967421823597,-1.0782149032592869,-0.81434029663698715
55.465975067886255,1.3999050173737029,0.33357890314784777
56.33186328734493,1.6845970883000843,-0.072621830559575579
56.212777515510894,-1.665902018125712,0.55316489486482823
55.421983624979802,-0.64408252340793792,-1.7998996806229461
55.539321697345393,-1.3950098333105674,0.031361732632567446
54.955200425316562,0.68650218549783093,-1.3508434044424456
54.526486981428356,1.2012633899232086,1.2391511233405503
55.062999045266416,-1.8309492405918475,0.38340835696914866
56.474670087522277,0.83151699802019863,1.3178224890766634
55.801858723204482,1.4629621762749081,-0.025185005145499657
54.598885084494277,0.9885533485811997,-1.4034695214664903
55.899727054438976,0.85279878796420683,0.96033078985274478
55.52926019693767,-0.86884277106711583,-1.2469050133425683
56.28947874434553,-1.0625179035056234,1.124399718035227
55.783001711816794,1.4707742168959554,0.66043471643863261
55.136807990954864,-1.5237616840373323,0.75948922796563012
56.534171343798995,-0.9352901279347936,-1.3525883792419644
55.146825981368885,-1.4473327609202504,0.011078888550321653
54.492362839050443,-1.2928161617028411,1.003539522275257
56.39764838548237,0.90261195242390657,-1.2094377802915641
55.991171976226013,-1.4846158249446468,0.18415326098594978
56.057892251337918,1.5571564703928769,-0.51420530503982986
54.610163646587559,-1.4108594934558891,-0.19836603944931019
54.550936914628018,-1.0139643126574167,-1.4143122950317011
56.328383459309499,-1.6270743208609215,0.11952807221062653
54.636750509738192,-2.3161066716142842,0.33718175437541059
54.976939555438513,0.83607371498301142,0.96799458524767723
55.593260622169339,1.886568884180146,0.49136859700933605
55.523428840326034,-1.539663075282218,-0.56626646788075585
56.156671250799562,1.4655750039305131,-0.68809028931244731
56.107859389567437,-1.060944763542591,-0.78733789537475363
54.801377746697668,-1.9153116359558113,-0.98673306035487907
55.570491186891203,-1.0652027045228005,-1.1019663293127311
54.764339035476411,-0.2695850646718071,-1.1251729709515739
56.13080814229567,0.58960866223306341,-1.0166433900086895
56.1559443808464,-0.082997690031626603,-1.7926794242522792
55.731167817950052,-1.4910443467138941,-0.86988506956118694
55.517668911431521,-0.79721062157342315,-1.5679561774366981
56.229866897728662,-1.2676887429875345,-0.3474699886944364
55.0999593217811,2.0092205737138809,-0.061051840202393882
55.68542814223607,-1.2829171159808703,0.058478740487865978
55.590566348008281,-0.26310735006334912,1.5849297275277756
55.9563650155253,0.94303631598325055,-1.1560981765548548
54.831907788346697,-1.4164911507556619,0.70987889524902104
55.482968490986558,0.6271740696871142,1.6634096549695347
55.028421005832008,-0.86865162321338185,2.2544458459990917
55.896502841890971,0.72933052597261772,-1.0547554209235845
56.243771759942177,-0.69756380440482135,0.82339625196201727
55.653624753533862,-0.43929317600620965,1.5172763136545881
54.850902636782081,-0.99302267253843546,1.0368274043489414
55.917990731034976,1.0028289642250001,-0.30992580532876673
55.62879714970709,-1.7114945918998266,-0.86075948291651305
54.614800106434899,-1.3242389225189257,0.34839595514492139
56.231515382076587,1.0426579450056936,-1.1666546073728961
54.723593309061236,-0.78439072785591968,-0.97693284634616551
55.158491032897835,0.1440464029226286,1.6107448164131095
55.7406416386807,-2.1551696453900648,-1.1398608754809099
55.793656333709968,0.77224760957503435,-0.90865275372192611
55.98294209693438,1.6721360715115607,0.30651094118384486
55.053491951827368,-0.70047233472336257,0.93733162230461098
53.423587064608256,-1.3683060630313053,-4.4877694406106361
55.18663384067532,0.7946445693978692,2.0331696951686951
55.252089090162436,-1.1129195024522363,1.5425825111825238
54.668010323094506,0.41060189895237675,-1.3221556858990435
56.448623783270222,-0.14003652687708457,-1.5303733876440833
55.388129654868507,1.4311714823891852,0.83535988378865556
54.904018136717937,-0.44621279115505413,-1.5263326842965652
55.355507804333115,1.0669901815138458,1.5407569685166378
54.486680004633385,-1.3840502471099247,-0.61582303201183586
55.008432952861668,0.87381180324687024,-0.64895175639074976
55.310833534102606,1.4937052105340447,-0.64548605603768427
55.743831771515197,-0.95485341095095866,-1.1650215017027175
55.249411523201708,-0.62932354173027272,-1.5926355339089864
54.72250980186223,-1.1727730608620879,0.61322093803994082
55.223196813580934,-1.7916501073286757,0.86392322873083838
55.621018286510512,-1.3554482319050181,-0.66222651734841054
55.860768767727812,-0.68749613638812224,1.3392284718952501
55.293265661388212,1.1053800798700602,0.97323635548981002
55.219642951892361,1.5382224130009732,-0.80502091314071378
55.759214887909316,0.77210469901957246,-2.4058624964777149
55.539676952822624,1.6158522713309902,0.086125277190291755
56.041538559174121,-0.78960179463079494,0.73627191409311044
54.598048387869198,-1.1000078179468626,1.297232854985076
54.711282312690287,0.34096098701976779,-1.6450768715502204
55.557581426551685,-1.2478289133319376,0.81964841622012674
55.282805863484313,0.20892574072538456,-1.1050356601442837
55.284149132832596,-1.3709510276881824,-0.76482615720650882
54.642376623885902,1.0675215592411633,0.35186214518943187
55.829341028711802,1.5060872946670105,-1.1300837868499678
56.351297097158202,-1.0035032691302241,1.5085806069802712
55.972200366993803,1.8302011350049503,-0.038582760734984789
55.753893282393079,1.2393864595156445,-0.91918006836988342
54.778110749782641,0.14513101469245449,-1.8158445562929246
54.470105788713198,0.32537659587278284,-1.7933796973167606
56.047254876736737,0.10059441775665108,-1.9110985149042907
55.726614478981979,-0.70543651485027981,-1.3326339875516147
55.882657481225515,1.4128687485937175,1.0048127071539608
54.312187467319312,-1.3991720823596485,0.17591353682449604
56.052948939515858,0.51333730506751318,-1.264321145420064
55.464221364217892,1.5595902690934225,0.11722334781671685
55.167497835204827,0.42778827423071397,-1.7109208747241424
56.091400662510196,-0.99566682107228843,-1.0427027574804808
55.82086804915528,-0.93517660617474685,0.82237848929422819
56.324022893070662,-1.1996002364262632,1.2368110208295791
55.357161489503589,0.47844477436770516,-1.6014643076552255
56.422913518342476,-0.11337876328871843,-1.1719789237751834
56.149649827893313,-0.85115659914142361,1.4734065134761316
55.944769899644207,-1.2977610075058992,0.19056745559245333
54.906065901787315,0.37779692784082752,-1.0531649838615513
56.358201652823432,0.38927095450319427,1.0206148621869273
54.811000068241881,-1.6171265330255093,0.30423025269895398
55.752626072083494,0.48339300228408566,2.1304914502665429
56.356497728409927,-1.7577009617930295,-0.13184447997116561
56.217453387622129,1.7615535033092893,0.15530823374428959
55.310221879753428,-1.2466296373403112,0.18645919171509096
56.224998100631574,0.51979457091434411,-1.3689292140256371
55.675479432542858,-1.172957217576621,0.91876153784442294
54.541291842402273,-0.72274991715938941,-1.4070345538042885
55.677560212592354,-0.59157578793984056,0.9101897984453079
55.523838397692167,-0.39431857006873666,1.9767706433078076
55.118703574396214,1.3289665392301584,1.2270551401502618
54.991333650338724,0.93638677724440378,-1.2225979657505688
56.078890030139782,-0.68407554517468416,1.1269965689310342
55.869876641366893,-0.74194212983036878,1.0620901598294148
55.616729997096286,1.5492501629922693,0.035545165388410328
56.220130683355777,-1.1752752240506426,0.83603207631559184
55.721421547299656,-1.135035763761703,0.65221726122523627
55.472874190576235,0.66311325936884669,-1.5180375436478293
55.889694461030651,-1.3454367115023653,0.0048925680948243367
56.113056141002289,0.31830878717871408,1.3200144228415907
55.010822753491453,0.26156639926611447,-1.2488163505363055
56.012486452637049,0.31173394846343322,1.3264890867357151
55.327200473991347,1.7609836612771366,0.39178336311408279
55.14082656225397,-1.2423423184340825,0.20742629125376305
54.938410242878838,-1.2404937285286493,1.0444926342320213
55.627765370664541,1.2356056801776936,0.3833704923275511
55.765388821223873,-1.1959172758444239,0.045879202720449347
54.862084648743647,2.1535425086979894,0.17654149818652293
55.865882698989495,-1.8375731427448325,-0.13933728714304464
56.049953034857829,1.0888231543384665,-0.45129106118319579
55.006323534854815,-0.52967679791076361,-1.3534327713045928
56.578927483851608,1.2355639481136662,0.56272031959612334
55.568488073325319,-0.35962695805222794,1.2957299775349962
54.88301055156937,-0.41333088181716537,-0.18203828481372714
55.146349501003897,-1.2763254068986687,0.30020152076883644
55.570488948131718,1.9178008758408027,-0.36677672116937282
55.948274965909626,-0.76774965551777552,-1.1740498369714845
54.947593612643495,-1.0978493406301899,1.1393930853889067
54.61068214201002,-2.9456493735583069,-0.14528263425074223
55.775262786704864,-0.72723026660562751,-0.9083717718314821
56.046969372562479,1.4874912022258606,-0.75349791728544269
56.087830032661749,0.73643757489852035,-1.3462723023551415
54.98370838664502,1.2713611952980604,-0.65658837584221563
55.582704800200823,-0.26827298285179502,-1.6969539517900984
55.571175992934677,-1.0669844824330201,-1.5208363921572527
55.196730595675604,-0.49632545782723353,-2.0076616293373859
56.151606353907134,0.19038862333807041,-1.262916609279821
55.349274742459656,1.7082268550412216,0.74713497542862639
56.459590339168983,-0.73124909994696397,1.872570935151924
55.416530880933387,1.5672704164477895,0.80822462951980889
55.461746596163046,-1.1543468269423143,0.076972819819206922
56.320597912402484,-0.88592728544329047,0.98419446237459163
56.138105619264245,1.565930616368542,0.27884235982055228
55.302241504298401,0.63366662432355136,-1.1292633072301161
56.367385750931113,0.87253052695691491,-1.5751842081271612
55.82151725341545,-1.5718098061072261,0.46195429757153955
56.492389738814936,-0.99943912942634849,-1.1888437789559545
56.317698910216286,-1.105692581696329,0.86811761580466884
55.462650506731066,1.195422896758825,-0.36203358717606687
55.209206191160213,-0.12067002512424543,1.2668838362889554
55.535245005280281,-0.3318718907571786,-1.4793633824478059
55.228652539638631,-0.13206447790585418,-1.3001301009640822
55.214089831989625,0.46436151949718824,-1.6067674168356203
56.546916155861737,-1.2116422619141511,1.2585531492191748
54.473070385299181,0.046807272996179296,-1.8206284357203286
55.859793458342679,0.13780391607845147,-1.458918782910982
54.547971420777323,1.0922023008436377,-1.1762380607038732
55.004124167000505,1.3198734227573916,0.77696745041562909
55.326642866556071,-1.537121793219409,0.02766011172187792
32.254029625316328,8.0538583336024896,2.0613656337936321
55.188966594890971,1.3674091840336897,0.18098923969262165
54.862995195231754,0.14369534621648503,-1.4718166877821186
54.743796100953858,1.5487635143442775,-0.60587002830909009
55.337007610584244,-1.57459620756359,-0.14339653717128173
56.617281582646832,-0.69472269592543945,1.4608264873019079
55.232163215599549,-1.6417717302486003,0.90591640910819271
56.474322788122436,-0.049582310895361817,-1.4197464691367867
55.074357781026087,0.37599394053485591,1.3785783199579698
55.89555035774152,-1.4008274359920514,-0.078860677881402816
55.356441192531811,-1.0164071256138265,-1.4042767685951072
55.749401020828941,-1.0593509032661752,-1.2852824320063996
55.027417690745246,1.3922920822874001,-0.1749486688182795
54.650653113631471,-1.0831655540325338,0.82366282418380576
54.635150426910265,-0.29572575408955831,-1.4128566936292695
55.980139272182186,-1.1828645077792332,-0.3607217817608464
55.241219248276686,-1.0079230550157461,0.69242633140203391
55.277407986588024,1.4834731794494318,-0.42140312786927925
55.434589702409937,1.4995840690272035,-0.0059617473626899526
54.78452765667349,0.66816941851104394,-1.5756377468925364
56.074308094814086,1.7666211020673688,0.31338795880948134
55.526332514129379,-1.7113019842311401,1.0004411210600035
54.588168251671568,-0.92107117089934232,-1.2969848094558394
54.574482047431715,1.0098333391347671,-0.9964198332262828
55.080515022710301,0.27188779151016074,-1.6860218797536992
55.394358484303162,-1.1799253416565707,-1.584730053754341
54.52276549311717,-1.783766066773171,0.55633653495170243
54.860255662786322,-0.6941834319187965,1.487399184891629
54.813046933953991,-0.34196910218568488,1.6697261601164204
54.610974954247034,0.64509328728055848,1.0334219912275591
56.093571847401989,-1.4726924729251132,0.5765060769227367
55.487882593708093,-1.3128972670183912,1.2572106472490936
55.82028446008821,-1.7090636316647945,-0.045161471809315616
55.734580259561852,-1.5676939180615901,0.32027260036698357
56.167396604285422,-0.99978212154671875,1.5947026265887718
55.708996197726158,-0.71940673790821785,-1.3969686164182931
54.569704103652818,-1.1400465272726072,1.6825760052255432
56.08769899655681,-0.5904664201632398,-1.3496782697692493
54.86724299248074,-1.5631974595189189,-0.3695834721561076
55.037135014023299,-1.118403792423865,0.92026160575009297
55.422286079502399,1.377878092825275,-0.6657428029936493
55.531669248864674,-0.49085109549753514,-1.0961501034578855
55.017686487386946,1.3214599355361734,-1.2536232612981624
55.996407165102937,1.2602253845132787,0.034181001142210891
56.112945368183851,1.4109901599850347,0.10832045600234601
56.312631089384048,-1.5797487146101081,0.34028489810325296
55.158805628802945,1.6156212795730158,0.064543053345994958
55.800889992126329,-0.2122779502769841,-1.1878284879087142
55.514529285909596,1.5993858031964896,-0.74662469104093121
56.337435718749177,1.9901878792264482,-1.9712430670285754
56.189965626261433,0.72783327401678899,1.5624025594680337
54.717955708976113,-0.68283044214059863,-1.1402892958981454
55.1298977730373,0.63414101730291639,-1.2661060894905942
55.962599680264425,1.3955458359804462,-0.32385301435271779
56.042288022802445,-0.7866138866408634,-1.3332140145545019
54.819992333142515,-0.89426648092693772,1.119962320575411
55.033384053978438,-0.76821304187870088,1.5663634778387305
55.345040804789598,-1.4836341779485658,1.3693568421601376
55.347827181020946,0.94507166477861992,1.5453037585929972
55.155098396917026,0.3671702697173212,-0.94673020604723868
56.125340718287724,-0.46165333749800663,-1.4438063619880355
55.304369269329925,0.16253290610778778,-0.8821589586465628
56.266817708344547,0.61916410782898879,1.1540610816196673
55.229783254835226,-0.14957618701832373,1.8415932169368596
56.209496414341643,-1.5063798345551389,-0.16006935388908691
56.231894885332792,0.97478989472723676,-1.1098506609032639
56.202811120356863,0.8180658130587789,1.9983290587559146
54.539136192877471,1.2609031852264623,-1.4444210004834148
55.0276576172758,-1.3657857921013175,-0.69081823563851852
55.735833355979871,1.6758160575118881,-0.22361709534135935
56.088034723021238,-0.66907580885938855,-1.3567804313151466
54.313666265993326,0.3828752808993437,1.4673337382676415
55.437024883740087,0.77249174341420168,1.2657336999125952
55.704083425882494,1.4579793064021502,-1.7910925224730965
56.207870617001198,-0.759806965680903,-1.0995598263750139
55.38521639348609,0.6495890080689618,-1.5985964396461168
54.40536663595261,0.12350607384391236,1.5004182276509019
55.936249725808047,0.82205518500752217,1.7900250737570806
55.201670916470846,-1.522217970058477,0.27522013868990225
54.561750996455757,1.0338143290782125,-1.1953805217528555
55.985277474857604,-0.3913524184096957,-0.99088490876681379
55.024675894609587,-0.59952358802890893,0.89020249226116233
54.719282224862148,1.2765348995824617,-1.3151136418385991
56.276308878666917,1.1596308719617212,-0.9115587950032018
56.027877226457768,0.87045606966268263,1.6162972034349978
56.029345873445877,1.6524101101848672,-0.94277162268565684
55.019198828826248,1.7265762019954118,0.12314238407814915
54.709848777169853,0.10994499848482658,-1.2665935686727505
55.414895811374549,-1.4769358158004398,0.096231339633778348
54.964854943142733,-3.1757912660728964,-1.3120256306316431
56.116669316489528,1.529564652160045,-0.56814870210124246
55.327838179384592,1.261793905293416,-0.62000698143227417
55.74137934768153,-0.38071387756115693,1.2808005693665052
55.666942631859762,-1.1450328390530615,0.76758234643491818
56.366489000309514,1.1709825422816094,1.0574853079313158
56.468771351444154,1.0952893427033741,0.55158658494469626
55.096262956606971,0.79532303975924756,-0.91797726538703395
54.628547519158147,0.98438510843163729,1.2691208788885762
55.985162271835136,-0.35701818082003972,1.5580984576931043
54.559409042417755,-0.79986498894000835,-1.5830319088858671
55.776527012186897,0.43179434632432773,1.1379505323475723
55.3818027099123,0.66725319624921997,1.3782454878946624
54.662004150963071,1.2369903640131061,0.89672904918431606
55.09365061962535,1.2672430667530223,-1.3022423343928915
54.756701337856541,1.4338751687786588,0.73386921155902174
55.319685240837124,0.14418886124455879,-1.1919435048914009
56.110811315634344,0.30959753334958079,-1.7316972300613249
54.944927633278645,0.34442482378530059,1.9391869584470549
54.647496463402561,-1.1728644677515958,0.66283438101272907
54.976589795745085,-0.44523595585921938,1.3566223034969755
56.133745969826691,1.6554929434342793,0.72445548582163988
55.02302790971298,-1.5503888271209769,1.5214899448853227
54.521523371888868,1.0667072839174938,-0.31839878133018418
55.235138606369617,-1.4633919384194289,-0.64635029159264634
55.919833682464059,-1.7458941083757407,0.57108267289448489
54.71340260621426,0.85145088404880798,0.95999665571532611
55.468260549345302,0.36263997150875538,1.4086764007860719
55.807249627588973,-1.3863739652033544,-0.94151291265713133
54.649971674526967,-1.8641877174018422,-0.14194110579738495
56.399145294678036,0.99945601192006917,1.363718907108515
55.510469582267838,-1.50404798126507,-0.20083371426049618
55.591352199867337,0.22670153838584156,1.6366421853887732
55.807927465094465,0.37257925309917211,1.209552889805259
55.59811406945218,-0.88895994454003968,0.7754632139730554
54.678395757001589,-1.0469057832443913,0.50333076402777011
56.257722256207913,-0.62752505672965886,1.7479663064940743
56.280449789790552,-1.336331413180226,0.27804998082396282
54.774386287128273,1.431334684021687,1.1557352935565055
54.835906192276042,-1.2075784013959885,1.1706188750851494
55.985758151063003,0.77629764520380984,1.4464175694210197
55.170996737363936,-0.56746326370497535,1.8489569378054529
55.085716313896697,-1.4466247062444089,-0.32271842312741522
54.530100284936097,0.89014447904681049,-0.1267565560496719
55.623473630922931,-1.2496565408025297,-1.3018626550390457
54.77930836090006,1.2819624054755536,-0.18672820627103245
54.882554292863048,-1.417037169429705,0.28334843119037528
55.414998835085058,0.90891583485128691,-0.83490770349637744
55.848777592578081,0.93955395652806184,0.99192500278591822
54.808530456374974,-1.4894993382648376,0.70976328985386239
56.127530009839646,-0.91126949466760576,-0.70344708249719923
55.91775672655114,1.4161744841484591,-0.19212579157641171
56.097528832658213,0.54047616041563729,-1.2581388763420991
55.608704953525894,0.79645937818315271,-1.3975414960474555
54.692461000016003,-0.054538740217048874,1.8339872798658476
54.897687985400594,-0.27509118755014172,-1.6162951861233175
56.040532350910389,0.2466507871207978,1.5863435219746693
56.026851305029417,1.3644073998222728,-0.044405498113287159
54.930676933548824,-1.5057762832600301,0.25147122509130571
55.553586054393939,1.1180097350707936,-0.20869941951057516
54.867702160840992,-1.6514721150628811,0.76302462459872833
55.931790083647421,-1.416553708800341,-1.1487866704849992
54.418772829855499,1.5116737378143827,-0.6597978485216569
56.412079282372325,0.25137427852918182,-1.8386103052463509
56.380629819922014,-0.11778277945227615,-1.9344921621542857
56.246904092683813,-0.82084635960163466,-1.2745902686138602
54.724390196845135,-0.62321697258584552,-1.9854526014869436
56.301677304654547,-1.3699412900086854,1.435908828568254
55.194362142520369,1.6168553223657005,-0.92991905945042019
55.241594072967892,-1.7173384763129906,0.5898108060142957
54.984035136088401,-0.75276221713460856,-1.4006859796574969
55.109087378112186,1.4819309333026225,1.3576402495296231
56.13320065622149,-0.38515784024477145,-1.6041881335281354
56.186862756271076,-0.48393301112155579,-1.8365329773623444
55.081578200648693,-1.7598002843429765,0.34974865511231068
55.960011762867538,0.23760549406708473,1.2415163345929652
55.940366422388699,0.17397892993356207,1.1894503575211157
55.497544459356391,-0.71839449889732365,1.9859654227991279
54.713804981586833,0.97844770775853174,1.4233374013437488
55.464986001552354,-1.1102625592896063,-0.74942247281569474
55.140934164548661,0.10166561295664482,1.4799082029774828
54.478949104145997,-0.70815526327286749,0.84111078178673138
54.571542112211269,-0.03064331837914008,-1.57346509996526
55.970483451218406,-0.46027568744613406,-1.287080174729923
56.374564771454473,-1.3009546299344197,-0.45107758558109257
54.521831478893269,-1.3845399929898767,1.1485385859908943
55.292120509450889,1.0137751894302411,1.5351160438687885
55.345591120166354,-1.5725997595161012,-0.43394391309652752
56.119363900226112,-1.1206329430858739,0.82515987410815816
54.810664563864144,-1.0621856849891111,0.20358021794045045
55.09298041313847,1.5608630967257131,-0.73690489487045885
54.668502708352747,-0.83092475714537095,-0.028214088170754995
56.16721934586117,1.3307561232503295,0.35996404612555388
55.886138023420337,0.93201335166794552,-0.15100715778968221
54.566051624730854,0.17382749409487555,-1.3217006064453916
55.231244575295193,0.70229376555143241,1.4151552730494643
54.73458334509148,-0.92079655888230516,1.4829151745864368
55.409403985494052,0.88981467024274219,-1.2948525894583389
54.854292208710206,-0.91334626720919265,0.022551719356374698
55.934551645619599,1.6108522515985648,0.12977929003743915
56.389761166528494,0.64556055232516796,1.4000648986776767
56.209816633425888,1.5746968924700557,-0.46839308398685486
55.895629700633833,-0.29342902313139868,-1.4444645311632296
55.563688004099895,-0.037140275519007088,1.0023723084742149
55.214434632951694,-1.0635262249950941,1.2804864941571319
56.125394211375045,0.54306449048035721,-1.5220643458505367
54.473530512451433,-0.8568078027870798,-1.5167360303087123
56.122632466434737,1.3239048770316479,0.65443076084884755
53.389638695290493,2.256388838256461,3.7493999665842233
54.939624766646361,1.6132907383798656,0.59810237063359173
55.381955846393772,-1.6436106090562372,0.11801149311146006
54.861148165434827,1.0431653255988234,0.48010953137494888
55.996030792608813,1.4633560198828384,-0.29478655315135938
54.566725970822937,0.16553893911300635,2.0107253396477081
55.429699292301699,0.85506258909804589,0.82672515813378955
56.197543889519537,-1.0408366350375877,-1.2711346069748954
56.074471935261386,-0.45205632193405526,1.5556861357488427
54.586571596302633,1.4456489758671414,0.11688291276109676
56.388620068097701,0.94813496914681483,-1.0971043805249852
54.870730851356548,0.71226847646175306,1.3140756783714234
55.43893197227073,-1.0437549517185056,-1.2259186889176119
54.903777816539204,0.24560384624226647,-1.6207982536210988
54.934609147436142,-0.20210712105076009,1.2256537740497837
54.941120045501812,-0.11624127429523888,-1.3785203308404403
55.775635829067312,1.2209129458246666,0.98159694890172255
54.839432818454078,1.2825246447610397,1.0700267842185647
56.401848154943004,1.2411575911702299,-1.0736568021033701
55.318472645196685,0.32614719316538526,-1.4972763983387751
55.388905778981332,-1.6742431453803974,0.36322406833975174
56.222849813392564,0.98954688754578446,-1.0317791995576726
56.277911963918399,-0.042999837263054813,1.6534048201175779
54.914464739635591,0.79494013906158134,0.62333272460125289
55.260381465549386,0.5712522219212961,1.4545129421314555
54.386113922597353,0.58978260040647701,2.0435083752899601
56.141320581653225,0.16792132398384188,-1.2291938018113009
55.833058245553211,-1.1526042426171479,-0.0060002079462748532
55.877608777410202,-1.3379027172162326,-1.3163126232083104
55.338918653648683,-0.8415855217222914,1.2524148059617695
55.364338769513189,-1.2571156441527149,0.55712388307135341
55.979916209113284,-1.0324001438706791,-1.1486806030739554
56.017769060682348,0.93516967974042298,1.7328776710644807
55.454565314476334,0.65425757327665623,-1.5285145958109034
54.504290696672747,-1.918208313240475,0.82210941951310468
56.162676874662182,-0.21272108522318137,-1.5296132151057658
54.70259037493954,0.46085741325964169,-1.5143917016735757
56.191285264297136,1.8570693952035711,0.66631525555095439
54.815843850270284,1.5560584037953713,-0.67048466610764035
56.530449407153775,1.2952632823055801,0.82009932269042085
56.055191235088614,-1.1684934069013158,1.9767026183606144
55.321462040413707,-1.0399209098710451,-1.2174316173590165
55.308020347848007,-1.4791116892498157,0.19881926833201063
55.994112217005316,-1.2552776784879287,-0.20603580721051243
55.276019559589578,-0.20784396950544429,-1.6238799464594338
55.854749908083292,1.1581556210302781,1.4606968882037099
55.057192408661813,-1.2242627107255544,-1.3838921826141304
56.144221060552738,-1.5437929260951768,-0.63154203848771129
54.774011930514312,-0.30812170032352104,2.1000583795430483
55.637243646645047,1.7203887209965949,-0.030157441216543748
56.075135423756237,-0.69065506747829708,-1.4300485703408379
55.114917660793992,1.157720868014136,0.68415532529135969
56.440862696406484,-1.5976081268752533,0.25009082495610696
56.118832185247811,-1.6318223194644974,0.37992181000763658
55.726481430114667,-0.22146836221738767,-1.330936969247001
55.2581363925527,0.90511854699121985,-0.7087671941734297
54.674906701363831,0.42685165269345854,1.4311506453202529
54.679471055171241,1.3860837852630692,0.15072642809093675
55.989324870967465,0.70101877406929769,1.4588120446406754
55.116101966748523,-0.66036765180155732,1.4214773835642276
55.649807926518299,1.1164678628291096,-1.130177801922875
55.87747225852528,0.89486900846236128,-1.3386549305276862
56.092027970000267,-0.33803062503412928,1.0552091804778683
54.724410816018867,-1.4137630178182068,0.30921224120474433
55.094071341096416,0.93870858313897354,1.7696088582999665
54.817184874864552,-0.040093550724121907,-1.9760932082744875
56.472536836724167,-1.354481470144083,-0.18679250350411392
55.688485032532377,-0.51135495112873397,-1.2282530183668732
54.620130563414925,-0.75677746022150805,1.7461034152034787
54.886597037789258,-0.062277426663629856,-1.1220020736248499
55.106321446932554,-0.89838896298516835,1.3301566609711923
54.830580134067965,-0.065358975017344279,0.68922959730999656
55.801282871281906,1.0653511619853127,0.92873491854791113
55.818199321458572,0.064608130617151843,-1.1716762124245166
55.275334164059778,-0.97768899624273931,0.43738152802550795
54.893132443730067,-0.15398867135601627,1.5829067343916379
56.440935844750008,-1.65097585636929,-0.33217268161859198
54.655170100403609,1.764988230197891,-1.4120359280603212
55.081049993344259,-1.6139104351062945,0.57717457328504784
55.843705643522803,-1.2968144316668073,1.0840724764904921
55.006700644185607,1.1926463288432183,0.36147625663827626
54.91461698482135,-1.5023123642609606,-0.64250597079215888
54.787290968484825,-0.71199307225847142,-1.4801338824332737
55.970272344648635,-0.72921578868778214,1.5270212204842353
56.24562339105578,1.2650688862746295,-1.6682844712809202
55.094809251414368,1.0344430231079773,0.86315515125045739
55.674162490145036,0.92319840548777954,1.035503843453379
54.639387887101059,-0.15212124302314203,1.7330509868579693
55.677397695143846,-0.69803259349088342,-1.3032909401522248
55.263097946009779,-0.22237704950638476,1.3242028436670401
55.905431860610193,0.031590281022195583,-1.3280596124308062
55.768672359832884,-0.079418184999604638,-1.4994432766527923
54.696020708631472,2.0032491020428531,0.059906715416399178
56.146376603647155,1.4408954583559608,-0.92509921620541891
55.785102389052739,-0.36539968489944674,1.5941466184613993
56.091365720813492,-0.57082067798246716,-1.7066409349471887
56.272330796576171,-1.2969302221580605,0.75176027235949816
56.133828884129265,1.211869417695965,0.92575082619379212
55.390744254911752,1.1050987184352912,-1.3227122207081594
55.742653569858113,0.040520206557458471,-1.8255529463247919
54.969960552187693,0.74750739416702439,-1.4866202003283571
54.5774745390273,-2.055229598558348,-0.1750774711949567
54.683297717717309,-1.1927620659153195,-0.0018345208926579606
54.922550085778489,0.8416582540869243,1.4478079660088898
55.765035575677288,0.51188515515339117,0.87726575755418656
56.046374745253026,0.10083226459211657,1.6549205132494962
55.910534483036372,-0.87735281391525044,-1.6537193021739869
55.994504759982725,0.66516380546090959,1.3992150519504394
55.117104018579212,-1.3550646543323284,1.0955144947898741
56.267588014522588,-1.0510162468514703,0.87399271958084146
56.151310824485996,-1.4710695614365259,-0.35284614478835302
55.112240333629295,-1.8583482992037521,-0.15173494414666022
56.044953781691788,-1.7563912498938639,0.66313125032925135
54.629272270815598,-1.239593907275703,-0.9946795999714495
54.978184985451492,-0.67604117674922715,1.3913779482676465
55.600978700155117,-0.88207278534405142,-1.4581116588026362
55.739383933296168,-0.84111237601296929,1.5055610160650295
55.261152013205248,-0.64299552166498464,-1.2174336335104654
54.842777698423312,-0.39778324693593048,0.90822231764692218
55.776565147954599,0.88081214352056503,-1.5141472369964386
55.360598317682097,-1.2844245413551074,-0.62855731171746265
56.081355309589391,-0.66203830811430897,-0.76553178288044554
55.275946344158271,-0.24185660542989379,1.5384557286913001
54.922983896951827,1.3171520774060816,0.96095049952603195
56.21945179057311,1.8255120469573922,0.46956030893556822
55.727697329825162,-1.5154517477539378,0.6435628072527031
55.571877588837118,1.3128738049832427,-0.58517778861296976
55.944274316341797,1.5190707987765657,0.072658913456091961
55.826055778722015,-0.59241741880857557,1.6771908688863326
55.877845881429472,-2.1792541472589035,0.24462714926917803
55.028370461564293,-0.66618073607610817,1.0574927641677294
55.037358319033054,-1.4042237287158494,0.19649108119446473
55.89218837607779,0.4894251643841081,1.580004295279279
56.408996421773729,-0.71445052750334181,1.9363055784929686
55.582522590504588,-3.5480601014730468,-0.65174771783635121
55.286724151677852,-0.093174055543483791,1.7866054080144746
56.401014125490398,1.2256768340209623,1.3082208524763015
55.741403389568902,-0.65807606145897501,-1.2386196452604246
55.605210785911602,-0.86911117294652074,-0.73648612283729742
55.662682462701454,-0.24992753365161166,-1.5473093797509179
55.784934693185377,1.9541310171136315,0.4922561123062823
54.675646326478812,-1.2636900328916665,-1.5889868702595265
55.132332326541544,-1.5759594614589094,-0.12922573269661763
55.932839332057242,-0.46653476400541333,-1.2731542989438402
55.706740998616247,-1.5465671945982515,0.30710294196326871
55.204202168678634,-1.1071200690573535,-1.4696062159772161
54.756585932372111,1.5361570794420143,-1.1246555582308586
55.826731451593936,-1.57359848204577,0.043227323050672006
55.546193070576891,-1.2625310839259209,0.7916221229564584
55.017584602806636,0.71485940191151354,0.63513728039380624
55.028151456467704,-1.3847038826573506,0.16993693792451586
56.118397134332909,-0.02104848095900172,0.81815926945391182
54.717818709275846,-1.4860541396788056,0.89468275769719752
54.911489390927883,-1.695292119402144,0.27623642114356478
55.240011248838961,-1.4405550977690811,0.40384577077603684
54.679345318563307,-1.1799060837911877,-1.7485869706759674
56.08035060568627,-0.3684647616149867,1.6054710894509829
55.221601203879374,1.4991708007653983,-0.41792887013036795
54.722920659682515,0.47398714703838934,-0.96294953003140171
55.293477093206647,1.3801568907502753,0.089870745499334895
55.751888999687218,0.46263091397093714,-0.89282370535361066
56.153801403160323,0.41948953075837614,-1.4139993236667703
56.462367935398767,-0.074381475585782161,1.5851288824500389
55.162120070870671,-0.77603280178216283,1.6110765646274434
56.287184501601537,1.3230820473944813,-0.38336407462699507
56.501395542943357,-1.0814113206846199,-0.24551545380777234
54.534885824071942,0.92960338898066341,-1.0338498078081058
56.14046514302327,-0.13706407347559632,-1.4845150330599068
55.594669249966209,1.5858907880677586,-0.2424674016444861
55.684255900134801,0.083005309112805528,-1.5170907795744368
54.97753649843677,0.63204250060424649,1.2356031013274105
54.997234679637316,-0.12733733996215721,-2.2274383423951374
55.908305996654128,-0.48889035361628252,-1.49116517773872
56.098581660103342,1.2704603187999817,-0.39542005182816398
55.768055947164122,-0.7353237541875185,1.5300686008509656
55.381500499248972,1.477753315844496,0.31003234427854026
55.318312319407688,0.74740143314718144,-0.83369164073629354
55.598779169513634,1.2811616978412053,0.51173876215182479
54.889811681786,-1.199764595224436,1.0550847051284808
55.252554483792629,-0.99278260509234806,1.0290019299428941
55.909399846410366,1.3861783565532388,-0.76817105797360574
55.901524541028785,-0.91508936651043804,1.1528417905060881
55.684130256982158,1.719624613706896,-0.76695700370337128
55.697038145405969,-0.74254713094973512,1.4507665885327143
54.744899593143948,0.20394568538089045,-1.1538670091972849
56.102125204575053,0.85570926006331893,1.3670643756965621
55.533540565305088,0.66632677856253442,1.2640445026915976
55.769691899206869,0.65790760841170737,-1.4304732568346223
55.021074894008535,-1.2833365335991684,0.6637150778646993
56.054628892084828,1.6265447086681419,-0.27090588897474638
56.132282581435064,0.76653577272888573,1.2024114481081944
54.935470821500282,0.99450484840539988,-1.0256574102225433
55.909976723376765,-1.1664548564486774,-0.76672473799766816
54.734940885302024,-0.051288333535654727,1.5337783125125217
55.485590295019982,-0.82579806727146277,1.624076576706845
56.003001853062884,-0.6513929848460801,-1.2831311124310718
54.747264790996006,0.43021178580531544,0.95717070718752073
55.832413386567282,-0.61229773669488785,-2.033794088152292
55.574169625139731,-1.5981666542272632,0.11438217201946581
56.306069558200107,1.2424964801913561,0.72372254389798252
55.869716812999734,-1.1063477616710486,1.014668918836654
55.132870012977669,-0.88011183425904949,1.2693928106282211
55.699634589654167,1.3468310522056877,-0.27176495234349396
56.391444558877708,0.28934175554927827,1.5685594252968447
56.02440364577906,1.6760026173339682,-0.56276958059142401
54.880227441005559,-1.7503429973972968,0.3219547153690287
55.530799809308299,0.84821648017492146,-0.27621642505095029
56.188800805038532,-1.333547031513157,0.66881433182883465
55.677930292416839,-0.83950571601022961,1.2831729690644056
56.136383277101586,-1.530897874302761,0.0017659596441485126
55.544999192336697,-0.50611566046841872,1.7164708206060619
56.145076648984272,0.42192391595997558,-1.395293740401349
55.281389725231797,-1.8823175582367511,0.26455402571284997
55.990029383703941,1.1616500740034583,1.0774647288104557
56.246150077581518,1.677607450798605,-0.17550244296542852
55.103821632695421,1.2447617202033183,1.1862346679034235
55.456898587900454,-1.5671869749441505,-0.14145176075271046
56.208540587872697,1.3867156191466097,0.053169132322531072
55.833542199205816,-1.2224248167032901,-0.93033021934072868
56.208626256371751,0.091843094810723586,-1.5064037043708836
54.558705698256823,-1.1398020324655829,0.52595925677937605
54.656300544835211,0.15038230671895889,1.055667608074877
56.188168741762233,0.64210265725842941,-1.1962140420455758
55.699628627474489,0.26706700285012069,-1.7824711760974388
56.253629602669335,1.415709083690502,0.0020483515167403978
56.590169411668484,-1.1937481634158815,-0.73955473434928232
55.259342918641714,-0.27480030972245201,1.4014532200466963
55.050601555069839,1.7045286771949371,0.078298312432435416
55.255891735449062,-0.53125321574443529,-1.4273068657461401
54.840260912258373,1.6347597741526385,0.30547392013841917
55.438385281393728,-1.7224697641214615,-0.62013035593270927
55.749896207589373,0.34343907001425111,-1.2854337838166163
55.502809029210319,-2.284137811037799,-0.017565555462382292
56.47550421808792,0.67248215584277482,0.99329040425240755
55.053444726227752,1.3725972139887548,-0.44520540016048815
55.07076562209668,1.2727751161016847,0.74328074358574925
56.020995974789578,0.53894687307029654,-1.0756075972810575
56.161083102180278,1.4196631758700107,-0.7899216316890818
54.864863409109617,-1.1634498370403303,-0.65065663414412522
55.908294837539231,-1.5610710633113229,0.19995912227402832
55.619576599671774,0.019386792865978199,-1.5976650186683845
55.950040244057803,1.4333503963373269,-0.58695025526471323
55.540585458940072,-0.90217065025224841,-1.0177551544882391
54.755933859291964,0.91159266278186823,1.5701881379995071
55.16923065108309,-1.2475531254814991,-1.1607018348207534
55.040234933783886,0.16955391312947291,-1.2704567822685755
55.064758806160313,0.047063371528013216,-1.4993303539429905
56.291846637453475,0.76132948551950264,1.2147126826622427
55.886294589337979,-1.1033187332505172,-1.0704219045443244
55.377150185388537,-1.6328288840774321,-0.0099642642283444011
55.015641921365081,-0.6025129837540173,-1.2761999504069528
56.352110220113175,1.5897978521984752,0.0091997307059429618
54.2437241155598,-2.5346776305450494,1.6750675087346323
55.973531649354435,-1.3343551821668169,-0.37144759522984128
56.213577821789478,-1.2045401013855819,0.75704283908025172
55.86849267445205,1.2398251129291866,-0.85274660739118402
54.977301874030779,0.41641893841604799,1.3942353753955732
55.372934589506443,-0.9589287259135173,-1.5941380570793537
56.0106520724947,-0.44635083806059711,-1.0835694123461028
54.947132302689866,-0.82549445956179357,0.87575301807236006
55.81861009918611,-1.4741575826251627,-0.91691615664462789
55.733315959248934,-1.1875435224912685,1.0604027697161624
55.522328986015282,-0.38398498772319539,-1.5061392610471442
56.203369292373509,-0.084271413673027526,-1.6043910841396654
55.075923617281724,1.0782013773202432,-0.27195727183715057
56.154371394409175,-1.7355492118083016,0.066698149366515386
55.868771299920162,-2.0454263433925703,-0.54816745047144166
55.310203774468121,0.56256809039535127,1.9678935084922331
56.325024132153686,-1.3552471107887876,0.35487488465303119
54.682536744994216,-1.3643004553786344,0.5361086791137889
55.219840803459114,-0.4952628323684044,1.875008427055092
54.847742204395139,0.044513787571678912,1.3993219618022708
55.355346669430389,-1.0557191425171917,-1.5541301644525507
55.783745650945804,0.18934404037258704,-0.84009591119096227
54.592604899202144,1.1337414644389723,-0.87925506407349618
55.213228327868499,-0.60579380902246438,1.6855427572542987
55.16389830961888,2.0397306736989513,-0.20592039693206712
54.808872401230907,1.53326502080259,-1.2327079763501601
56.163207956450364,1.5122226700689931,0.92110524789477244
55.146387146254938,-0.17890542030377066,2.0360135319253745
55.112220890434642,-1.3163015035154173,0.60303492153915284
54.661038519735484,-1.4069856108993721,0.71287400171322302
54.980351373780785,0.23672602973472345,-1.5424779861990363
55.877066580575708,-1.2484720144632888,-1.3784790729329641
54.955667606491602,-2.0247117467822071,-0.047690677016961711
54.831344926566594,-1.250430516876651,1.3446883038571562
55.845056463387458,1.1831219426710986,0.80452826450026893
55.754588714292865,-1.5312555823859162,-0.17221607346786888
56.203183365927764,1.0021610826602825,-1.3780168463061162
54.749548016729435,-0.67184744299812971,-0.34422984868739581
56.226827937896196,-1.5101972081202055,0.13334474606212973
56.027659187257044,-0.26575887341926874,1.7164523493810759
55.990838636070535,-0.82378880290221124,0.97091711675328107
56.06922047844327,0.92931923669625083,-0.74256402214505535
56.550959529916142,1.0563989116878556,-1.0557838664256654
54.6814631970921,0.27435289962197756,1.6329983026462145
54.711217499793364,-1.2975788269582391,1.2221832179425125
54.713313072559238,-1.5824573631771766,-1.0175315914126004
55.872845283408203,-1.2321409961558989,0.74356147488044677
54.667440841764581,1.8041937965997634,0.61733812140872379
55.303572258660559,-1.5362977413352192,-0.068964058695642733
56.563176286568883,-2.0960275607546515,0.42009824113548444
55.371257544504346,-1.3722103620367103,0.25983916523386924
55.594462643226173,-1.6956835620692212,0.43722349725178422
56.076616440586818,-1.7880821241933422,1.1186302611016905
54.851631623048277,1.5551259974605134,0.19718783148139629
54.877370304696782,1.2132763915446418,0.2396583056904513
55.272913314372687,-1.368117484605897,0.52258970729918819
55.509332441162542,-1.7504876731477987,0.95772556670420106
56.36266084591238,-0.46385612980287289,1.7303241209459796
54.824955044088355,0.96318802550582949,0.85836497689249169
56.426587410073893,1.4994469901834548,-0.47831460226057326
55.822645929664382,1.4886356457713057,0.99794142076912751
55.881720418252051,-1.0818267147011276,-0.067737638214351276
55.810810541319533,-1.4182517289403966,-0.73512168830937941
55.24591612315011,0.47437851375557311,1.2730416946100545
55.495201653757988,-0.58819334809642077,-1.8186120631696776
56.263984012108779,-1.5495669354132251,0.42489461284321545
54.877003231774644,-1.6290318145770413,-0.68458243049052259
54.595091771429189,1.6148444139918914,-0.36876246919291178
56.547957329834944,-1.2980769267893351,0.37244306785548664
55.354971721938085,-0.60497913106493073,1.1561412062672223
56.051569948426618,-1.4770000028247616,-0.53801428194422574
55.999429464134337,0.3854085571640522,1.7400739380839196
54.978561421202734,-0.52456077558221992,0.65462056509231992
55.101509446518044,-1.3491954597122024,0.77397924406509155
55.232302707643726,1.6471235042810781,1.4343136983398965
54.906438957903568,-1.2718510293415,2.6313185067483089
55.02555496959738,-0.51780944296336306,-1.4280856385128016
55.029515787748942,1.1650870508777005,0.99195218995705425
55.551103205646875,-0.12582107172265533,-0.96137105396616684
55.430615314431428,-0.3624353537711229,1.6172221866562171
54.955898602686204,0.59934699347912701,-1.2220308522944718
54.865468139757539,-0.88774295988221119,1.8506561075142749
55.141022085042671,-0.70782054548001383,-1.5432965860597072
54.66681336098965,0.81991819356943429,-1.6360827287153914
56.40549926309793,0.46340042764399353,-1.2114827607393015
55.990241398031728,-1.045424925557346,-0.6412389317632039
54.67838856875553,1.487052962458836,1.1863837579641567
56.319409199977905,1.1484098794308271,-1.237156990219793
54.712532006356945,-1.6123207236225214,-0.27859063492232339
54.977815678015617,-1.0439963194265534,-2.2116532812354421
55.654655983140529,1.2525720293800595,-0.58028293808255926
54.634437542826205,-0.40542139196901678,-0.68550432924943872
56.319562623915502,-0.29083552135833884,1.6427968893253937
55.198300953818041,-0.4048124808353924,1.3059826991874053
55.082684375473931,1.2094860083245971,0.85516092092818885
55.668530256649376,0.40370734844339001,-1.5809810627602521
56.119632058672785,-0.29675486821886699,-1.818640135954984
55.487402785852183,1.1401617226575296,1.2127000820341547
55.956250214954572,0.9608352073027171,0.96057178808867438
56.241295916110289,1.3283275863914537,1.419077530937003
54.921772705886809,1.4280507131189522,0.96236088172854128
54.782989058801867,-1.5608232862093594,0.74068761249592185
55.416694613240516,0.20425941039421758,-1.2109406800489209
56.242762835210435,-0.91931797307601926,1.3223639651971923
55.441278321211755,0.98849863725198728,1.3260360086863463
56.037148669171799,0.31352575110137154,1.6060714161544511
56.190603399120867,1.1785278770568857,-1.6154052164394663
54.370046290067023,-0.79388967522573795,-0.63540830938550108
55.143384769669595,-0.073899535634436284,-1.4510259183539551
54.749008145808482,-1.3810903714187124,-1.3388098889845086
55.396459961016035,-1.4002488824979162,-0.92264519636661479
55.985551933299021,1.3898851995537909,-0.54954239367855473
56.305217943264985,-1.5899285109848482,-1.0070789540559577
56.250643826364403,-0.055391125616307352,-1.4901978913898639
55.929323939522071,-1.1185856480785334,1.224428279213841
54.786170549700756,-1.8399239513267667,-0.75240057544045646
55.911903417554981,0.74494305031512953,0.49787109584797412
55.360131892068139,-0.33468252991800357,-1.4718668297222386
55.753950984510851,1.4117718379347535,0.0032076844574232687
55.311362190919951,1.5017639083141436,-1.2341469163215679
56.398482085379158,0.61465700907170839,-1.9843076539747073
56.500078081083359,-0.33598902541596992,1.2439489157685011
55.914034173733334,0.81139206957130061,1.7247797841547201
54.879505131266406,0.49016741874045172,-1.470646350239627
55.618673032607475,-0.32699041622515823,-1.3362053111872831
55.752640066214525,1.8090831450948817,0.35325507628422753
55.482594370235894,1.7320444840464548,0.7678957403045924
55.174755016689772,-1.8997803217215494,-0.3376753022976699
55.855514267164629,1.1990390878429,-1.3831784240031657
54.520571976762511,-1.4245590092640343,-0.046657957533288087
54.475622290867527,-0.20819299700654254,1.1677921819327191
54.863687462804698,-0.55440744201327974,1.4489363030721849
56.289479477675755,0.2529642037683637,-1.6217786236037952
55.964645557522957,1.6527810185582974,-0.26635771952997561
56.030432469112029,0.81025083775944162,1.3306441872679686
56.307953559119817,0.25019313986896796,-1.784670052579858
55.729340710692767,1.3329400664200295,-0.61644929847106122
55.390721075221336,0.019786178166785285,1.6044214602594187
55.02440219113258,1.3433171956098815,0.48747437511191094
56.205371842885157,0.061568377809963562,1.4588831797004542
56.026641111074085,-1.4678804282746796,-0.3430315550614893
54.80704169901108,-1.2752101917484686,-0.087593234896043967
55.474140715270082,-0.57180859705759313,-1.3904104817060052
56.331430724337146,1.499588643662999,0.46578204607277757
55.324421991346348,-0.54375492808018644,-1.6766082915358798
55.415555814999138,0.69655470773132389,0.31245293785321715
56.207052940884999,-0.044091100050349011,1.6961349427340318
56.271914174248721,-0.53263454082541861,0.96494219072438492
55.837408783060745,1.4960274363571415,0.61826866782481327
55.041920344553183,-1.7259542392372726,0.45521977570906447
54.594351572833709,1.5503517955292625,-0.66693613217615044
54.845911353426494,0.087552235689595609,1.3317919803027856
56.520840406382909,0.77560833344884994,1.3148725758436646
54.743393994735499,1.746986427400407,-0.44336344149106299
55.059579606037339,-0.68604261062215921,-1.3633217596588805
55.150846105621326,-0.78753780672136242,2.0613622041615609
55.431616111640999,1.0007149954938122,1.5195296797674309
54.648180592037264,-0.77371383632828994,-1.3355897088545865
54.53122295992349,-5.771303991589849,-1.3042453295166465
54.69287617652892,1.1014514698374263,1.1660820219203349
56.505777926027015,-2.0968852821020865,0.868070237273881
54.874839828664129,-1.1050706094385958,-1.0559201888093972
55.74856979621817,1.1836062014997015,0.58033898982730925
55.776866762908767,-0.067152815933985213,-1.3469331692571693
56.372058607580776,-0.68600441287606584,-1.393613486635471
55.421938521384511,0.31108163705165925,-1.3779335644306236
55.966309573740439,1.433558097382118,0.38656797601244924
56.085560173284918,1.4182897353076012,0.78621213141394419
54.761588645870404,-0.73376580163591654,-1.1764525717668248
54.714077472566984,-0.43761291992718099,-1.2749267775309574
55.492091000632264,0.29362265825569139,-1.6850042181687199
54.945892115530448,1.2038196522945466,0.61634557734954609
55.157854628762699,1.8054048699372969,0.14299563450596939
54.958788972426284,-1.3424979965832244,1.1541389297560807
54.435143845948467,-1.3778000619879218,-0.78682412504863108
55.378546832308302,1.2265716050799165,-0.24508827939739863
55.310248158754725,-1.0122860777760285,-0.70679376364892565
55.602737256374169,1.3358154828433777,-0.28935823196233529
56.38398670973173,0.76141102777551661,1.319921226917802
54.534481131665409,1.5589530104412876,-0.0031787740238976964
54.435239945564149,-0.127363878099121,-1.3847564808578667
55.354072916484178,-1.5490758187765501,-0.69682187953590424
55.281865369800045,1.435239746270909,-0.31382479060425844
55.703423002972244,0.52808233531306259,-0.91603100939762883
54.900879941576008,1.3776349738903946,0.15373971803391037
54.680184393857388,0.15916886812796996,1.5619283638846357
55.864711760134639,1.1226519342207177,-1.1000601101151244
55.424078171422664,-0.76546638510550302,1.3822482354849044
56.044477884895961,-1.0235904718869742,1.1270749255153323
54.537419455333279,1.3502094600893646,-0.70097555740781248
54.709721628962136,-1.7577743871115614,-0.571830870071801
55.383119822930645,0.6322705479781604,1.4928140068375935
54.606464791938201,-0.49560003638788097,1.3034743032061933
55.103164192757333,0.39427948614495129,-1.5263978107661256
54.845822582811124,1.4442880295316911,1.184709511065871
54.762080303122254,-0.98078145632642844,-1.9284697915084092
54.465317080778235,1.8254462939089224,0.012735236781757491
56.189045116524028,-1.3374958745423147,-0.12359809585331986
55.562076137235159,-0.81274023139992002,1.3751618173905231
55.344783270861818,-1.2902204227018368,-0.52349656561497804
55.272017090144416,-1.6080948507384334,-0.12541571102061888
54.951388484727481,0.88736189729290971,-0.69763409435756218
55.137272211636258,1.5617727832295543,-0.62192684641849727
56.220359059645823,1.6433192443706026,-0.46311116303128902
54.560495856863575,-1.233746317152222,-0.93639727288078733
55.834125194987351,1.0715585280630116,0.87980007285798478
56.413151961636324,-0.78715615138576778,1.2947170249203839
55.362060169999651,1.6432942132912891,0.3035468714791309
54.922377857897658,-0.81151734725275559,-1.7199575272144092
55.161351442972972,1.6371789791127431,0.055258436866105091
55.995088297565033,1.0468867846941621,-1.298354994249777
55.33438981714589,1.4816184421907876,0.62174607382484737
55.073628604041652,-0.65619353676289516,-1.4298774096065623
55.272724327248127,0.56844914312113504,-1.5481554411004497
56.115254938050569,-1.6620344566669587,0.44045634162283648
54.98284479654729,-0.61039038815510027,-0.7198987577341992
56.286497963714581,1.1113928248018203,-0.46720989608184221
55.094811283791728,0.63147417637347414,-1.1736832804459081
55.58077546859797,-0.91063844214670497,1.2631071176398867
55.802808179653205,-0.1897602577835163,-1.4460819755319203
55.655073637505858,1.647106533237058,0.2765106541491692
54.770224035676776,1.8931634209140451,0.2840108262501545
54.460930694648283,-0.12435371756299735,-1.2217407785043104
55.153153508753164,-0.92879619073893538,0.99774161279059936
55.307413055167949,-1.4265783607158444,-1.4297914859212102
54.820947627528582,1.3771313463718791,1.3233103380052991
55.346941956752808,-0.99823313759316801,1.3253967596575635
55.045019263362683,-1.0501578494397017,-1.2281967883280867
55.714032467264992,1.1456280293015491,0.29200188747109795
55.180677427643381,-0.26100459931837194,1.5832425643036905
54.739253347761817,0.12043043230782925,-1.6404734916837218
56.071605810763273,0.034352850018367305,1.5905997253850377
56.479183382690373,1.4934605904748957,-0.31974196001562161
54.537502553777458,1.4542189256047267,-1.1269196471854868
56.487416824458187,-1.1332166799429839,-1.0012384937477214
56.234636086930173,1.5348699094169267,0.020157710563387971
55.155098961247319,-1.5425442044274351,0.17600437488092513
54.88141955990897,1.5573344753634999,0.37118567276705877
55.937122138422914,0.18922896874553069,0.95473689578043719
55.580297708982265,-0.58914784620972738,1.1748228826964668
55.170303792537631,-1.0124823726640373,-1.5443185152727539
56.50239223904665,0.63000997710509776,1.0809812673439476
55.579495598475091,-1.2254509020197295,-1.231725691714711
55.100298737847858,1.1395189681450293,0.96975088299463408
55.32623977070579,0.68698754138769036,1.2881034983461581
55.298655648312732,1.0228357392984486,1.0940576644637972
56.404348178110446,1.5292764382578554,-0.7515956444106382
56.181279967247569,1.8936866362009146,0.46471288517190207
56.141475078775848,0.93810196253636924,1.0456955874887468
56.16487707663682,-0.57680577978426595,-1.8523082318446664
55.742099653862788,1.694146942705536,-0.89344568389086354
54.592957503264913,-0.59850720679482294,0.71475617197015318
54.594677991934461,-1.4152832268855622,-1.1349505695729369
55.701524845220867,1.025667504210015,1.3226760864088569
54.787238889214699,-0.88367746740665631,1.3873754813730885
55.164719261285882,-1.8656762105768767,0.60004980868438829
55.230279019365319,0.24439360669711871,1.2782989033160368
56.145660183182187,1.3212259632495531,-0.61272229611351348
56.525645188761779,0.75837563578266987,-1.4082165347641171
55.589268239154059,1.1363324927918119,1.1340289773536516
55.212695039892282,1.0671422713864889,-1.1289236187646909
55.127491027116534,-0.14134684400776151,-1.4358567671452662
54.861843240468431,1.7688660654632771,0.48647263412884129
55.47630309590555,1.8856410963379207,0.66309167971343641
54.767360348646058,-1.5620007797718138,1.2117140112420235
55.509283509537681,0.37524399596249375,-1.4513588766240908
55.418235698904425,0.25933751363316465,-1.3264263394144327
56.685255062349498,-1.3556260684570338,0.48615381599960128
56.480308954956833,-1.534866482377395,0.30389715481362567
56.440992497717538,1.2920766616338946,1.4139482630006539
55.258471505039587,-0.45787081629182225,-1.5982612696882981
54.486385160414017,-1.7956791611885758,0.69022563554159133
54.617477265548544,-1.1532019302148593,-0.8210921535976301
55.910708123008128,1.5554263901419521,-0.10509469001561551
54.826436136540174,0.24255785440551814,-1.7931717370753499
56.048203279846938,1.6370144679448457,0.00014954555145851869
54.825731695690621,-1.2091490620443359,-1.5923077872290794
55.28353749586136,-1.9652275895741078,0.23389811626874635
55.648766446660183,1.7270537302847031,-0.29805920429626825
55.496107884596661,0.49840843706970911,-1.288614825998722
54.810067776173909,1.6521185497738278,-0.19832626946604365
56.406385905851074,-0.046240770132740076,-2.123766560649647
54.697999658584756,-0.91236690615892502,0.2611661183884646
54.618424496894541,1.8869337673585809,0.44650802491644165
54.646034830846709,0.99392243585596307,-1.4383307775802561
55.290555628365048,-0.92856626672501563,-1.5840053304092869
54.967889819002451,0.092487580351278548,1.3516158268215088
56.400709121449388,-0.57324183239822513,1.9599487171040042
55.132838526105516,0.70182751756593154,1.3671337604299203
54.32737558480931,1.8784047207912689,-0.290754180250689
55.060313049042527,1.0389891023937439,1.1836093766978495
54.761807875512446,1.1622796094592716,0.86791731947363548
55.800000455271515,1.304932059918825,1.3022123737777906
55.439480304600323,0.48987569735029413,1.6452730811999523
54.864044988798042,1.0491185943473726,1.289690793609285
54.744546964503321,-0.011777328962384721,1.371199950773329
55.246125531032185,-0.78989275403410009,-1.2899302644220956
55.26385085725871,1.3825503907266752,-0.90835368094887148
55.206365355724522,1.1638413669617305,0.96434453475076498
54.674630443433735,1.7804782559874124,0.44173759836326576
56.436480761444471,1.1839977357547944,0.7491745898687816
56.046915689432275,-0.81748930574724721,1.2951911226367276
56.449777773526087,-1.097125411258534,-1.2007261436814687
55.381847269565725,-0.81482060732231176,0.95779782614948439
54.544267444705227,1.1808293390059299,-1.2607763482111005
54.220356880393489,-0.64729237807738071,2.5635997801251995
54.985844596102659,0.58786870518109036,-1.0854358956707544
56.408328318975386,1.3476561871346049,-0.3711146392476915
54.640339095699673,-1.4539664393670113,1.0470113217955805
55.586027011260065,0.65680519863868125,1.1351026873196575
51.689492728631777,8.5609238607897495,5.8726322793993671
55.411540319862901,-0.71126333195689062,0.86811328286603329
54.768380078971134,-1.4909304463990478,-0.23905650658482816
55.723416641296616,-0.8816407495993237,-1.6063049303485775
55.942657757334011,1.102319755144515,2.6181284655920751
55.863556188284868,1.3456536255880767,1.7505702423623708
54.606709773536572,-1.6124156201040576,-0.24457129741638448
56.435237668181308,-1.0451930446213054,0.9128370543376908
56.204409948693552,0.2353222305491047,-1.1203075491474042
55.719366044068771,-1.189947403732331,-0.4346811169256386
56.00306082056921,-1.2967095793264081,0.78268198043932435
55.296918723977882,0.96914798691159199,1.3936332448235882
56.363497010388571,-0.019867225568978915,-1.3075170578909852
54.809863309236711,0.96257055016956627,-1.2846832614402919
54.982808644502946,-0.029004064338683893,-1.8144685524635424
56.424452704246072,-0.46570691371728312,1.2435619454877678
55.47520503879565,1.1674072909428561,0.98501497709401398
55.960818156562461,1.4976899787954125,0.71740298654089263
54.669444895206624,-1.6093157215784553,0.32934857313083454
55.371647810092441,-0.89544816013643391,1.5009951325951842
54.432582016783478,-1.3948410476480884,-0.6854900051173628
56.122496926216606,1.1307367394133687,1.128149701538794
54.771315215884535,-0.86004745560227425,-0.89305734290200944
55.088880532974478,-0.94207770465957474,-1.4325021749260882
55.975811752827404,1.3030638011352382,-0.47846622457185017
56.037635575851205,0.69910074496195485,1.2794945101122146
56.406110628377647,-1.5169151451197689,0.28393926965709415
56.564631689782495,0.40648882775303263,-1.3272486450659744
55.284904237997168,0.36270074827049731,1.6603988675420613
55.450459447901089,1.2620841879744435,1.2130458420319459
54.562259812925184,0.037511054489960192,2.4761087770568011
56.077469923544918,-1.4714158748556667,-0.4761871555979319
54.521493034307454,1.5293723890763553,-0.71943968734751607
56.517920073500719,0.83945752281373032,1.0351605862535793
55.38831002820698,0.76326490970841487,-1.2726248138434919
56.325184028693258,-0.64979756488661733,-1.1275862338884335
56.322403041893502,-1.5269145274895524,0.63599752882496874
54.585925473996994,-1.4370354067062268,-1.3342971104385735
54.991058912786187,0.45438793524102489,1.361935483873651
55.49042438841856,0.92315701935069094,-1.4056759551865803
56.101875609724665,-0.75791681027122326,-0.6493390053614525
55.863853133598745,-2.0248200720612872,-0.71266351242644388
55.634280868248275,-1.1481280073020621,-0.55661366602895501
56.218969757884622,1.2947740458275905,-0.56812022178864119
55.791643776355741,0.89215978804409402,-1.1123269249569812
56.354028487542116,-1.3020511383105298,-0.59919566560789939
55.856665063003149,-0.69540434653533734,-1.3372195834474101
56.314418333846639,0.46587850812182291,-1.7159052659230423
55.331471823145378,1.5842425835543665,0.98721923651058563
55.829829137552878,1.4268445333433628,-0.065691093374900866
55.212757144885551,-0.023882945642932082,-1.1431710832832733
55.49728405764381,0.99361241779341936,0.46060261265348462
55.638197899968148,0.18617913325831589,-1.1197887835339599
55.860366818336566,0.64728599914612062,-1.4601024727130776
56.140169175091657,1.4136452432702811,0.38500238150978278
55.074267369840825,0.23646921453950515,1.3692551912365525
55.391827837258994,1.2855624861903878,-0.9800602746601339
54.65377937162679,-1.9879413525132179,-0.56588158828339263
55.475467267892839,-0.28175908351145612,1.8318132786404251
55.954131517896982,-0.79059607114506181,-0.60469548540211326
55.20490828199668,0.80335083216943315,0.6713660484745767
55.508530204907778,1.4211271784276118,-0.003073912273827601
54.499995852307421,1.2364877638046401,1.4095974596158094
56.141508411609763,-0.4533600326837543,1.6080441887622776
54.535468847511446,1.2844256691161509,-0.61385412441038578
55.318779146139825,-0.65292950227793234,1.5656577680102433
54.848608331859182,-2.0632541666263191,-0.092037103586478736
55.415513971742556,-0.48394830077045786,1.9709458904214965
55.823057425515088,1.7782213358543397,-0.4767397631820342
55.991237715657334,-1.244043924514,0.37573671653195934
55.421130866634975,0.42613472751459291,-1.0780734930550673
55.032551630683443,0.92313062694603309,1.4900625432205132
56.314800709754962,-1.277626373688511,1.0832367202014392
55.981318839466581,0.53927363601274048,-1.3615962903957104
54.821109568304713,-1.108316764178942,-0.9625199920249079
56.136843528091468,-0.18809311629240452,-2.2014702792896457
54.935159191157126,-0.52305529674785456,1.9012579230949007
55.538835758935264,1.193029012282141,1.305639317879536
54.743346777570942,-1.0338080191318868,1.196333959016701
55.52283475487873,1.2357808762367679,-1.1863180020750104
54.312624423637025,1.2774454962477197,-0.71632871611729554
54.850537797849533,0.12958738048875557,1.9323702497042956
56.002007267445222,1.4453482785397436,1.0375144581161626
54.738132828506686,1.3173619763606976,1.0785712443569158
55.424820053537182,1.2905773356211026,-0.81594798112968647
55.373425235320774,-0.052778899305854728,1.4949583186340802
56.422844839891319,1.4029495799623866,-0.51645244176733662
55.577075450353497,-0.84422881343050316,1.4277377248902818
56.244407575462716,-1.4454524469370043,0.61695747226034037
54.696314093926603,-0.25396606308329445,1.7598454657670544
55.167164048947043,1.524900189419174,-0.83172579380021416
56.460823999399288,-1.1662934032268122,-1.0956759129391478
55.996999553971392,1.4530941406133602,-1.0161455088017459
55.099681670449066,-1.6815922744628153,-0.26050127191561639
55.377151359567897,-1.0638821907183822,-1.6709673815439841
54.8785164687229,1.827420006196391,0.75772374520847385
54.968995388703824,0.47697956342908643,1.8355468305152856
55.181513637661062,-1.7579744101672683,-1.3657033036182562
54.840185846860251,1.6117663237531941,-0.13558486735220387
55.129485716516776,-0.26193403847383195,-1.6814467700977569
54.739780804673423,-1.255270187635803,-1.6637295281415423
55.558942015100854,1.2269381090727172,0.77886827110512835
56.007893660246481,-0.1586785375025957,-1.6637906576756336
55.856492328175761,0.03431218948155379,-1.6283625858416804
55.232835228102836,0.63577715400017587,-1.3240716575255564
55.661176610563729,0.96827170847817612,-0.55888925578395143
56.327918333242053,-1.4037142790247688,0.45519590625568729
54.806756485069172,1.1904461445708963,-0.38752182603327623
54.973273021958946,0.99191248590086201,-1.1895082046987966
54.732544133545588,-0.34204745358563099,1.5697603213856866
55.695998520323037,-0.25217870917246921,1.3184987940635795
55.629837560320368,-1.7318466496783373,-0.081315125080427098
54.531134238065029,0.31708927780723645,-0.81705791876400646
55.034333247247098,0.93864687254000634,-1.4984326339517395
54.348965528238033,1.5879922829983688,1.0022247621396312
55.600081808264704,-1.6584615737089623,-0.39841374777935412
55.882858452899562,1.0228198925746208,-1.3181995133916649
55.987200167258322,-1.3686290205901159,-0.41474613864390841
55.858921748733493,1.6263655600801179,0.8319778087351567
56.150880560993571,1.6124585451076123,0.43767625649201486
56.079104181474875,-1.4924668557668503,-0.98269410062595053
55.967330499557129,-1.1485726494781736,-1.5801696145643696
55.776383616112049,0.63461684834291954,2.7565131893182793
55.056902607317596,-0.90569017345251435,0.66094192927616524
54.73649521023016,-0.72693037891221379,1.4157267893136622
54.806373757593818,0.63034657174071784,1.3462895275442046
55.323465041249591,-0.99489318370945523,0.33129342028617592
55.849996594556067,-1.0222564312118503,-1.2221521817545107
56.020508906585412,0.33508180034982205,1.7006231330976429
55.005960260672012,0.55325583219546071,-1.7447769132199382
54.662938786378461,0.73373950236311092,1.050892202474683
55.0140048295832,-1.5476556709550009,0.67128793195848713
56.172173304163088,1.2599564865612132,-1.2746921490356522
55.876873442514395,0.39825780289579721,1.8121531061127767
54.846596567857532,-1.1589875471238105,-1.1484336144117528
55.424725206510331,0.48962550916983405,-2.093244627886881
56.107153073911356,1.8235153028222251,0.46867690386856276
55.104977717733995,-1.2536169962514423,-0.024303366528404105
56.330464618038647,0.077021051656911796,1.9245338257692508
54.736018860558296,2.0184907712544864,-0.46860054668417161
55.425273905952672,-0.30139764953730269,-1.5802434894941024
54.581477831710174,-0.69151733291089645,-1.1523815147984295
55.354453917434647,-0.93773381415840962,-0.097722841048210815
55.663856413289778,0.22699452327497344,-1.607766413472987
55.945304871781232,1.4908767701615644,0.4937148848603029
56.088275772394695,-0.65970376669203534,1.5377827008411697
55.395649166661293,-0.18368340697039112,-1.5633796498763521
55.291877572882555,-1.3162845607386142,-0.42397086660674715
55.668881634333076,-1.3540294806377957,0.85803701716552161
54.542791226437231,1.6350221732326893,-0.78348571553936786
55.900049429318173,-1.4298718058643898,0.99614664766976224
55.025542812943087,-0.4342769421647551,-1.3014069526944565
54.724991194423623,-1.1123874439091861,-1.0155417598173873
55.10668348897125,-1.1414228858656428,-0.39411534002164222
56.442724260424335,0.017819914351239856,1.5315986150273859
55.90869005104031,1.250932268493123,-0.88264681820191604
55.267220760013636,1.5789839244874844,-0.45477299092513657
55.082971630235576,-0.15011867721340758,-1.6120600831421823
54.75526982184757,-1.1891085291653889,0.79472822276118427
55.300299979855012,0.70720938360962815,1.5279277602844052
55.652989278516536,-1.5707011356986884,-0.10733168249774573
54.654215844840309,-1.5437880284356156,0.66197103800796897
56.155242841733987,-1.1804020120120666,1.243755406600896
56.525329068664433,0.23214910619562892,-1.7135033789685352
55.946440295405182,1.2049436573317263,1.1304522800354944
55.588155012027656,-0.0028014917117492127,-1.3619948313642931
55.722789154117791,0.19691859080433805,-4.4757225078594143
55.081835615988233,-1.7680392355524033,-0.83756665908060202
56.093263252697916,-1.2391773083352364,-0.75255624051110259
55.979944086705167,0.63118141503074054,1.1018376831642096
55.426829948021819,1.9836210458570354,-0.078307095219316267
56.142654600418012,0.87370448337923678,1.9638024419221713
54.593463134546205,-1.8156191120200953,0.44281069488519109
55.469283011595813,0.29342957714494172,-2.0422802538686531
55.62735046398592,1.0959221387494991,-0.5514545768529252
55.053550352950744,-0.4300240570221841,1.5638156541750472
56.26190672187257,-0.43831290364142261,1.3910694216132047
55.65283944497142,0.85932555253492571,-1.1065309468321984
55.547085214294952,-1.0001266478655637,0.7101455053375556
55.904031049001986,1.1466506036566857,1.2613263766606615
54.807555259078505,-1.0954190296210018,0.52761178557804778
54.442324047687251,1.1610048286719663,-0.24410980797760418
56.079640522159863,-1.6053960682172095,0.62776855163085821
56.077388478719698,-0.1876908624859136,-1.7562947140597038
56.31746304546656,-1.1221667482556501,-0.8146896041655296
55.651853579611284,-0.22185059529039872,-1.9119377116424461
55.801507085832448,-0.31482712913120481,-1.3889107221274433
55.656136395936954,-1.1428489242540227,-0.94426143419369146
55.509068409775153,1.3940524320835717,0.35211195164257597
54.913375659704009,-0.64236273962735457,1.4097948869707206
54.954341742332012,0.36159800350212895,1.7206478768457749
55.464374740367795,-0.28778483630202145,-1.2572765672412285
56.050437689528437,0.87974828854191467,1.2610808225703138
56.295978470420643,-0.93757241023943128,-0.43758773171513499
55.974297446574894,1.5628413353153361,0.32953953398814706
54.69415190658971,0.69946962404760782,1.5538846805042787
56.304293698156471,1.961680623231618,-0.056626750554288022
55.478818607751592,1.2385475384735629,-0.82893995277386034
54.788547461786834,-1.2723314707800804,-0.38532618981764544
54.69785441543803,0.5598776526323368,-1.4842409083819661
54.480624192256712,1.8718021251336203,-0.50698689801044761
54.572401126289208,0.79506704386887073,-1.7802276204172789
55.564959781153753,1.1988334258061797,-0.69100213980487935
55.202871683407729,0.94223791272562818,-1.234334945255563
54.940288475824936,1.0925632132447443,-0.52794866284689168
56.336495316783072,0.85195868215228987,-0.90948969642717903
54.879251324538714,-2.0796768370449383,0.34650600662859504
56.223182877177805,-0.73487655427529619,-1.3194841566643272
56.027656868043266,-1.5565357680072398,-0.46186411348695811
56.31193852569924,-1.1037942135019434,-1.4800612211499438
54.93625695373116,1.5228900933864875,-0.54742727032567806
55.072901139645346,-1.1785999198173369,0.98431628936659243
55.924693966690256,-1.873814428652167,-0.72274651940525525
55.89926336177075,-0.9044801058928682,1.0899471840246069
55.413688523819147,-0.34036296329277355,-1.552574022051624
56.207476938088725,1.190591410525252,0.87285026098967455
54.530336856567963,-1.2102718084387996,1.0162422314619644
55.420035944366241,-1.3994028012906083,-0.25628093774092187
55.869552649972618,-0.81636598617921796,1.2201176904658988
55.130533480176098,0.0095484240553403918,1.4992412226283418
55.188362259493729,0.45538363774649376,1.4601493811801367
55.6589977944762,-1.0262172050144556,-1.5925956844534865
55.268757333299277,-0.80956956578790773,-1.1209156193733569
55.76262014727758,1.2697164393437861,0.15435373150322579
55.575461829424057,1.1627337052200899,1.0283218142233612
54.844173955099144,-1.6847436332163839,0.36745035843755847
56.191374088301387,0.7611395619535346,1.1758494536542767
54.725736641337612,-0.13679129088642708,2.2626130827355064
55.047970750184973,-0.58118864403818571,-0.46599801758121556
54.499834939568515,1.5804832530541668,0.54294756797557531
55.022589217697536,-1.4832105585798865,0.15424975283265591
55.513272420721933,1.5703793381598048,0.47198401129650974
55.497660103948455,0.78504622175245076,-1.4457757355321061
55.748267022653344,-1.2949724509170673,0.4742724374308151
55.395057481380228,-0.50788984318698727,-1.4007996471891693
56.432261343879667,-1.2590774118494814,0.89499476507897302
54.671531812518076,0.96325175894766935,0.96056225108535975
54.887886401008046,1.1459651371498634,1.4621033030626371
56.354559836800199,0.80516036176497641,1.3463282872347504
54.966969192510881,-1.250606960547546e-05,1.8616116505095219
55.145247865678094,-1.106442556108914,1.3914905807423517
56.124871816718418,0.21194494534704811,-1.2988655190720251
54.838932490460202,-1.2416578319732794,-0.51039322756408079
56.147567582013401,1.3415152125835603,-0.011183142823517794
56.302207681389014,-0.60376006282554129,-1.396946712611115
54.859487263652255,0.66342739423849373,-0.29105923176258863
54.967448912134955,1.5334856804859665,0.28008802821982548
56.132626420784021,-1.4001410808691934,-0.61837187831898655
55.136412749247533,0.44822453973505155,-1.2301516057512465
55.478053371564719,-1.5328526946211236,-0.96014968257605304
56.085720209559305,0.93508073935270863,-1.5170583402646651
56.309665337536572,0.34734938095328066,-1.4401640206312794
56.090815626293519,-1.0867062016196236,0.41309423283712182
54.65893921146882,-0.79257441365850378,1.3986280062401064
55.87613208832822,0.79610741493763826,0.88941192009584447
55.72451212509165,-1.3568216849602395,0.31950076409726758
55.414915024310112,-0.19366275387932724,-1.5930313544364021
55.331788988192578,-0.36835204238582669,1.7256710467930181
55.832380494642265,-1.1692560430885754,1.0062243998171565
56.436797084046923,0.88980407114890181,-1.1900166715545237
54.649154031117057,-1.6899716481426146,-0.23011184833738213
56.304902338242243,-0.93981485994790881,0.47700418371381031
56.355005749089806,1.6442136497476276,0.2476505888206193
55.737340003000732,-0.65392876660080101,-1.1115335171480709
55.11381636457407,0.55071309179272654,1.5455306425452835
55.04905880944564,-1.8151998353570769,-0.043296743579998312
54.822825275677715,0.28952043630311541,2.0569272191538848
55.313136505391761,-1.4484560184369919,-0.41553650383575685
54.779338268845208,-0.85178916246972258,0.56816021640854752
54.78306494713533,1.0069796360308567,-1.0985943885827953
54.53542298523255,-0.0069854444420850911,-1.4259476102149473
54.960926730167579,1.1293278622589054,-0.72683867066789709
54.470644497328138,1.462706898794659,0.32669671330502215
56.142054473219432,1.4123725585444951,0.71803972424478302
55.033627246888472,0.95952820577629672,1.5010994371167803
54.381258466615407,2.1833528860662494,-0.97889482447926246
56.312872601257332,0.2009408851129259,1.5681512698068218
56.024143544018145,0.96573623051686652,-0.67492402049456912
56.278905043320847,1.2060639641005511,0.63393091311327288
55.365132200970002,0.82076393889789778,-1.5048741380543291
56.265382132036812,-0.65738215763790853,1.6854925117593968
56.398205415134278,1.3007189848490208,-0.46124005794874223
54.773602509092179,-0.53803106489911612,1.5044030345461941
56.015985192556975,0.52003218005802276,-1.8648876742466449
55.313021464230403,-0.46466079088700923,1.5132934073106863
54.758265427516861,-1.1567305644433492,1.0799778955746369
55.653479212425587,0.6038413142976562,-1.3969684961455371
55.480669125585216,-0.12894856558298301,1.7163072514261288
54.931720855023926,-0.60066297821826375,1.8518821000005206
54.860207236834285,-1.8962034698131733,-0.82434411607740821
54.801963373252207,-0.35503690039454866,-1.723598575432129
55.331153867809263,-1.5774129327489292,0.28050601049431695
54.577285639313672,-0.21977666471035118,-1.3455280530200036
56.063928559252304,-0.14232506117326796,-1.3759457527586743
55.558470047429466,0.12688462143717932,1.5218673021975813
55.120127956575473,-2.0498116782394327,0.0031469149039704326
54.735500697993295,0.39649185697138095,-1.5876706164466503
55.792645000702798,0.51540659657281962,-1.5352903039225168
55.454880870824759,0.87148865549672772,-0.9888194156835598
55.145765493069106,-1.8687270859643659,0.20659173074765769
56.225244386518206,0.29968162018538447,1.4266911763890924
55.826107250917538,0.83646438951016111,-1.1968725419702784
56.143458381066424,-0.27720643109490845,-1.3299778964021882
54.554438529262605,-1.275431944467637,0.53112341125747897
55.67548705171837,-1.6790994700431852,0.55186778037651518
55.253034901518923,1.3663716617895865,-1.2619522126573364
54.618096159695703,-0.46245683786460495,-1.8077631229170126
55.644485110687818,-0.054322887229610574,-1.8489246687881129
56.216267508900323,-1.099955527737237,0.13981091832772299
55.622654522150754,0.087822810504458781,1.5391662725608326
54.610434816974127,0.38433436445996122,-1.1789501790491101
55.061347292687984,0.87951117981908733,-1.2235003989976423
56.469853584242493,0.025253628471285181,1.3655333052267535
55.42443698699725,-1.2649660592459968,0.7180238140421602
54.799969432353635,-1.6574367433448305,0.61493898028030303
56.061353640561798,0.34708362864799247,-1.5949356329616495
56.102096606632124,-0.72293027898027151,1.5380605131112679
55.231082844422197,-1.1242412932108277,-0.88493796148815684
55.00742588611562,-1.3477168892918858,1.4643751719313136
55.708148988032008,-1.0907133311034687,-0.71061225768371072
56.381736753155359,-0.46312163068302503,1.5325225916675518
55.885450486020503,-0.82211317531974248,-1.450199239266674
56.229318074132856,-0.88968204188408739,1.2800190020905196
55.309008239710202,2.2439906490710597,0.90576671270814246
55.833728922912748,1.0691367491713943,0.8214285350506263
54.8651879449638,0.77714017330881502,-0.97848931266627392
56.305668212162352,1.1881612372359855,-1.0431638331672668
56.510555862476991,0.74655490922456036,-1.7505688881794195
55.864531686681346,-0.93903031791889024,-1.1323104619476023
54.639644603001791,-1.0766079407512803,0.51812389789765112
55.298542440351362,0.74612060472956843,0.92083084688135408
54.809986213807292,1.1234140318169168,0.18833798006103866
55.680593407812012,1.8863186148288915,0.29108696243539839
55.292917443462443,-0.37290275358469327,-1.2823202043642508
55.314239347302276,1.2975180701877265,-0.76659283969768988
55.882846701426196,-0.7437492814785851,1.1115553657869337
55.700297377985564,1.6383693638174635,0.34702140608564352
56.015997551949873,-1.2880654438590291,1.4552379577317536
54.640992381989705,-0.2146473446992529,1.3705013801813786
54.494751043372617,-1.1788783024818168,0.12628740198490196
56.41622785583295,-1.7618052904512431,-1.2029184219095967
55.675143079199671,-0.48933011358097983,0.90369585639479921
55.497910159798813,-0.019219236122546047,1.4773639950443322
55.139396837290981,-0.22089042156221148,-1.3861688769707183
56.318436220930707,-0.52152189481163891,-1.0188658041088496
54.749670559463404,-2.1888385912979782,0.16558092977457894
55.386585121351246,0.64137333138916219,-1.5985740638744887
55.018078877579036,1.1333334079166966,-0.14988824658540656
54.755763852049199,-1.5635666022857033,-1.2833480906549133
55.077775199017132,-0.88346607417678735,0.38378101843435303
55.057945272268036,-1.6473272280400544,-0.30412177639249949
54.536869230872639,1.1197536902753815,-1.650106781300603
55.031682525158161,1.2003183325315743,1.122368108263468
54.649383506864368,0.69126953769549782,2.0809182444208725
55.724717667967901,0.97016871704824748,-1.6378193978175837
55.514091108288397,0.94176857993316176,1.0752386842284885
55.305558097915785,-1.6322211933891528,-0.58859380058128774
54.785534022526939,1.5876396816490608,-0.0066197457096316553
55.906617960073319,-1.5109001253285579,0.31733607050585622
55.395890336900173,1.4093619004053315,0.89718077214073944
56.143813329525351,-1.4518242384732192,-0.54101099618510118
54.566256086706197,-1.82368191807288,-1.5706932431957572
56.031314288350181,0.70993570217378954,-1.5417674602807947
55.108517784433388,-0.79503647203577077,1.7751150411805263
56.02831045141513,-0.83674412847234614,-1.261907564241403
55.672481389484453,-0.94871098717711999,1.2877159170036265
54.6904225333722,1.8152838928485009,-0.12710554841090516
56.072506977915289,1.4661383768491703,0.23825647346928749
56.202445376930086,-1.2472831816251708,-0.96740026022408965
56.281675846929403,1.1054240359205521,-0.52880932784925139
54.962619987854943,1.2800424335049643,1.1768278688679508
54.488035404229876,-0.29773331760322103,1.3050149122324999
55.457227305515104,-0.71476484549931707,0.29140376445466654
54.930958603513631,-1.9079015068231813,-0.36674486484829283
55.779262287379481,-1.2483857229779642,0.50330734535793986
54.392546257145312,-0.40350072044048441,-1.6415328378923273
55.311203720124297,-1.4434268786341435,0.4803811747457491
56.394761397672596,0.8350085984150224,-1.3002284707464027
54.871079033325877,0.16725971625794103,-1.5960793289166544
55.67204402716947,-0.73073271855026223,1.6915605586588971
54.790228368438967,0.41891827944960736,1.4416681502310225
54.656122052373298,0.84547023665972854,1.5966677053605487
55.01404648163053,1.5402361866723333,0.13711281557178731
54.678967398616393,-1.9646606464686385,0.014990269518022835
54.716212754087785,-0.40396508931566127,1.7663810896213372
55.223635996140608,1.3161972866125382,1.1426118307510347
54.793651067963715,1.4986969757841022,-0.18217535181791236
54.592585843162944,-1.5217879443718749,-0.049866018203141869
55.915967797348131,1.4014501399392092,-0.9663852379853608
54.68276971318334,0.26158407944166207,1.5428169943489722
55.41756807199743,2.2308204656274642,-0.5662631970659382
55.390447196512419,0.018532854311572661,-1.4035214372892231
54.678985443742484,0.45740654794645186,1.0443499311761415
55.756578732177751,-0.97523186484995628,1.211297938467903
56.229964058101935,1.1093931041796008,0.60372655598107972
54.693123101173555,1.6675521893757332,0.023552045273403752
56.510447661796,-1.4872582698137371,-0.14963405815822237
55.855519362955995,1.42587039188381,1.1117991329642272
55.288367895541917,-1.1017687986001035,-1.2696045537461063
55.187509799659679,-0.31023687806552763,-1.4063007230666811
56.193203595092719,0.85115553973056923,1.7834250559340576
55.291040069330037,1.2697084855688847,-0.32964795532783858
54.773176900440539,-1.1233040976306405,0.94825444228867029
56.317112253889221,1.4282327673596587,0.18278831722240607
55.13332352907797,-0.041683568132188806,-1.3610868892778785
56.268642015211633,-1.122405695202368,-1.0559911989761845
56.456187308452506,-1.5349879948128728,-0.67591421178412603
56.277067714696891,1.4299487162434945,-0.23783292481424317
54.860223323482273,0.63765826456833841,1.8668955706258403
54.9351337241797,-0.33906620228132522,1.4901483606912787
56.04442576991368,-1.1993254057396039,-0.58693533013233345
55.646964377934424,-0.2003370148083079,1.2909429754047859
55.896858671554654,-1.3670124141350948,-0.73594366677112899
54.537078751638191,-0.3203069079437052,-1.6458083005513631
55.403267108211864,1.4763035471291976,-0.031962615412610584
55.406847352752507,-0.2539887712894171,-1.6980552200291754
55.767566631778358,-0.1191417483004263,-1.1943287476521693
55.431158825088247,1.3747252900231004,-0.51709690989580925
54.581416929364217,-1.8270612267244819,-0.51800900750976664
55.037657419028228,0.10714592220900543,-1.2712049997496826
54.613526574529956,-1.461261697004971,-0.058617546561986429
56.153331411719712,1.2125379852483262,-0.98862814664486653
55.571314965514929,-0.83699019542033537,1.8507095597838008
55.021161239666867,1.1885664685335691,0.21574333058171999
56.178086462579493,0.90324672959089691,-1.0468850526096929
54.640503848700398,-1.7130459812688796,-1.0856147328110259
56.177871123354592,0.65575535427970777,-0.95844232725025025
56.460485270103348,0.76156024363107577,-1.4220388811468969
54.649811812470034,-1.5908736767197429,-0.66733953168175864
55.207060193323358,1.3948316563389211,-0.14270324076451291
55.463696730631256,-0.906000875811664,0.66535908604728866
55.480243278493845,-1.3179059669563871,0.31376971018241911
55.64065477523615,1.1774049724482518,0.209807543865278
54.682471620771807,-1.2346207785383676,1.2654238732897645
54.963286607759372,0.20483848470265764,-1.3760927411874972
56.139510248188444,0.47905689569993481,1.5929383546875524
55.932441687553066,-0.60511812640165052,-1.5172984293325218
55.672992499965034,0.026437228719483636,1.3821878858492671
54.600806028688339,-0.99078501707367328,-1.4188087621240795
55.032207683043225,0.70998868728439368,1.1311598985853639
54.925643662944559,1.1626035594703164,0.83916581557547187
55.156558048677716,0.4797967897447199,-1.4071753151930506
56.017844046151843,0.46130209658306237,1.5895672163850334
54.593604893517245,1.1681677462770306,-0.045351683721421676
56.125487798851616,-0.86143430163716661,-1.2032626431265905
54.455210513459996,-1.2558807765325726,-0.62857015586645493
54.656799092153221,-1.2545041071968295,1.2227523926503174
55.140458865446739,1.6274817256503042,0.24243171782467032
55.159729999462847,1.3633794922791846,1.0212967308347991
55.662675826361514,1.8772417324246717,0.678458316201206
54.623254062410737,0.13397797520120655,1.5349981841465645
56.275870727354473,-0.052789352070424643,1.3036050860377568
54.911175486157163,0.19502971135052732,1.782443204511311
54.737091421865223,-0.89457062804891685,-1.2832808872554902
55.883645249416162,-1.6790891583384335,2.4028849402317629
55.248238493840553,0.68052854721188161,0.80015458326677602
54.816315922350924,0.0050735310727488435,-1.4486008497608649
55.899516982255108,1.7354046147636819,-0.31002037349154121
55.225749966419016,-1.1330528335669405,0.23655171359561197
55.148665269557917,0.32930113990721327,1.736406636135633
56.12012969150495,-1.5991545461150545,-0.56236409122523279
55.230604936377581,-0.68045685742386497,1.5572132402181695
56.246945936807911,1.7359334628270666,-0.22131308933620869
56.561950806327246,0.85668898056219411,1.1578107359672065
55.351441809052091,1.1450182924154733,1.0119074725626569
55.837644142253083,0.30646169886606289,-1.1916736321349548
55.283970517827129,-0.41399293886815064,1.0565555737118388
54.831545024729586,1.927172891075811,-0.015274257713586632
55.602672715068486,-0.91668664867342431,-1.4634557370777099
54.641154975566536,-0.49479714971247707,0.74567147121980926
54.79167250448188,-0.43992187301469254,1.1029511156099445
55.544258687237438,-1.659581716537744,0.76199164248538465
54.475691068412232,0.47186860692026117,1.5279441609105546
55.162885414611203,1.7016274484397245,0.30030185504211221
55.082969251091569,-1.1293753866317608,1.0185218904672444
55.729934481444431,-0.34146872749639617,-2.0013489080126816
54.88821976980779,-1.2776747219488875,0.8749519806072481
55.744436069993476,-0.22051483641801256,-1.6009986243664811
55.688540540316936,1.5146163211219499,-0.72291648397245134
54.599986517545517,-0.46578312814395079,1.8418864189490771
56.316077943616619,1.4932827709256329,0.80627648161667442
54.611582381406436,2.0128491190172286,0.23581729208206131
55.499261251227097,1.2279603113046746,0.37200258924013085
54.508882389207542,-1.1846197630516107,1.939476261108056
55.602629329240642,1.4271465664280023,-0.21992384653521785
54.92408342497643,-0.81537598573391668,-1.289329472962226
55.376682165083757,-0.63112844857875106,-1.0834699944467292
54.558737104062885,1.4386242907176461,0.45635334066798899
54.718155219437335,-1.3245378086884401,-0.55271477595831331
56.348938413518304,0.74003324170083562,1.5815445532521901
56.18747570873839,-0.91920808230246398,1.0019309837994459
56.22707651908609,-1.6374301527025463,0.42200530401560732
56.211595424661851,0.3856423922579249,1.2006732143096353
55.785713394395103,-1.8756500423523497,-0.020576252879575176
55.960234518299735,0.43077292189080568,1.6144145236320802
54.935921805996443,1.6123923938602183,0.42537798286019551
56.204046251812542,-1.3285271724434353,0.60531867633331848
55.261653763364386,-1.1902831475627502,-0.96562183328721296
55.379997727409602,1.1813100459751547,0.61736266073247881
55.261882388853429,1.3545269085824789,1.046774491914545
56.192896882544481,0.11216103317879762,-1.3407345143035014
54.888408238723791,-0.75697506449107677,1.0060033631793226
55.631109640380153,-1.0779493902406347,0.83234299370066955
55.367477664938988,-1.1342789937289226,0.8257836352672735
54.858834698714041,-0.91744711793536304,-0.92551932921682545
55.06569942937778,1.4035247669521973,-1.5177321201336387
56.224762604624637,-1.6552812266163346,-0.19171752413511434
56.244118440567981,0.75572061413326841,-1.9969695808612908
55.315167052036436,-1.0667868778978902,-1.3845322483832629
55.200981550781982,-1.0876964021088384,1.1270314132976103
55.113756687641072,-1.3515235353725392,-0.34063357703900488
55.999308817097273,-0.64916025449880987,-1.5687599728959363
56.416265329669613,-1.3939737875440135,0.40058270813347785
56.000267056182906,1.7303161200794834,0.61181420232427719
56.295614596470259,1.2219942705354787,-1.0261362562359653
54.555585938713612,1.5865475692486259,-0.28039610117568309
55.181507028379961,0.73295986492711329,1.566501055900815
55.627305486502927,-1.1977510823386488,-0.90912135346474698
56.288199029682893,-1.3172521481895494,1.1613998822687537
55.769794073600117,1.3131392756899649,0.78859940771894799
54.592447400846048,-0.665342898714822,-1.3855139949845723
55.237522728399895,1.8149452843902163,-0.063299766230514878
56.097232929590206,0.63487105930814058,1.4054861846884761
54.609299958423641,-1.4700646069518415,0.92938783553902049
55.690803252442905,1.4581570554008243,-1.0864228021813982
54.727158383335883,1.302626752613117,0.87496419371205625
55.178542843312385,-0.51018545167246554,-1.697722320523219
55.172993447807094,0.78893226473911282,0.24765878895188781
56.270314673731271,0.85824778024735526,-0.75690521788700826
54.873975021667931,0.073873358623707946,-1.2817915878051571
55.91657825017441,-1.4372493044779537,0.10580433680271538
55.169491634130928,-1.4982914718547531,-0.93186420637909795
56.439665825034517,-1.2709947218018225,-1.1463088574828577
55.939112168377164,0.68367232267510303,-1.2906562665984322
55.462454612199409,-0.49194360684901067,0.6954340518411356
55.700307243357123,0.78435487491981271,1.2156807622431547
55.945573584899869,1.0519154939576303,1.2885692064881227
55.044138098793802,-1.1997134725710825,-0.45330515067450972
55.285664186524059,-0.34126010386293232,1.6145975780546074
55.097436864527729,0.8550078368965417,0.62291501511800007
54.871167396045664,0.64123677965879744,-1.5456042629279698
55.924441796762061,0.48864943564606816,-1.648337910176072
56.339268920347997,1.2531851767503546,0.63250603991832088
55.07859378562064,-1.7148382539811218,-0.92883070919339372
54.987684883199648,-1.3450680448356489,-0.34149970110346717
55.26260828224251,0.35433434339280728,1.5389156195493578
55.309828992757957,1.0371098975526061,1.2929766085803838
56.077183390795319,0.815437875662268,-1.2895969202528497
55.056426345105784,-0.57438760331448879,-1.8442612864254795
55.955939952364332,-1.3494102076681713,0.56068840907040285
55.920762332133798,-1.1265351660768688,0.26185677237243349
55.270486738540818,-1.2304998867276162,1.3581646509873597
54.851692096145534,-2.2816568490797997,0.063706037993957812
55.618035125541446,-0.87649917137218436,1.512245713822332
56.250782059586015,-0.55444537866354127,1.8740885181905855
56.245709226015556,-0.97205019510714974,0.75837810677212003
55.666863594826197,-1.0400449876262443,1.0527265677012803
55.141852782905815,-1.7060814507795674,0.53571264982313127
55.204926139954914,1.8422684804119382,-0.30176916836917633
55.63885671248137,1.312739087199557,0.6267147034842192
54.55185489780925,-0.12755921868011114,1.6407770415158516
55.416687613120132,-0.24036611200463159,1.9086845960784931
56.245088126675363,-1.4100846140965397,0.94369528417067139
54.797296815873018,-0.54160524362325269,0.77211639386374353
55.636819597455037,-0.49820931362055076,1.6198101741319124
55.025167150529327,1.0184563382868057,0.60132817346123901
55.265440978972045,-0.80730809869639564,0.82379595784353654
54.854583681491377,1.8138913858173302,-0.9203577052184001
54.943240225292584,1.3290308707147649,1.0713012566887086
55.16937297493407,1.3515267548503744,0.67415517605064534
54.952528087411196,1.650941812134304,-0.40219458243482686
56.468613485498544,1.0852577957330272,-1.4391742641402696
55.550400473092147,0.26538296774404146,-1.1966528497239561
54.915387275173657,-0.46297434949802652,-1.8557769195742697
55.266268219938283,1.2973904849049884,0.021296180639637213
55.733015548646371,0.038784143786970413,-1.4752972376614757
55.896504794830363,1.1663159438437634,-0.77668182216366399
55.438901403402028,-0.39173047112520959,1.5936413302025583
54.676784682191652,0.60340426481315546,1.4158663034853893
56.240517620248227,-1.310481997847057,0.82374304337101234
54.53843632483197,0.96818188746051836,-1.719220228032744
55.037047493082589,1.5453335467812181,-0.50454060511943466
55.830905577173581,-1.1285675896181349,0.86863509886413315
55.598461968143134,-1.0246545089869681,1.9572460517824246
55.4948312359423,1.0585103694877762,1.0979044775111
54.977958493564238,0.27182125221927683,-1.6897890617711957
54.736395149595175,-0.87678786367385142,1.6947172373449415
56.29692818082858,0.84910265442919697,-1.141941621913422
54.842774429987827,1.0304688019000647,-0.21016805274490702
54.821114828051201,0.52363264576830459,-1.4217863692607116
55.130122367603995,0.56753273228995582,2.2596688407952623
56.084298806569713,-1.4505656073849331,1.1270940177624009
55.659258333202722,0.56018749147159375,-1.8073275091096443
55.395622716141816,-1.407816302967861,0.78919170617623602
56.332097375282515,1.5153534173745995,-0.5562859497287227
54.763562190503947,0.11229630209463531,-0.80441989109881529
54.533997232902124,-0.1974134009693341,-1.4161221961316977
55.747635993779483,1.1373331873941077,-1.3102358121142885
55.549896940306098,0.64567554485718182,-1.0213503114336115
55.732230416188486,0.33885541228485788,-1.7543532307424741
55.419528642194201,-1.2351431550294611,0.30993585879864416
54.617058910503061,1.8403251920032695,0.15246407136306886
54.499821851198647,1.3877787782148565,0.93498115122958736
55.396788103527875,1.5951692032487321,0.31869626726521078
55.391426259719807,-1.9287637602268819,0.004356820511360401
56.250025137724606,-1.1771151238031954,-0.64810961841470249
55.729835720878441,-1.5758880420980073,0.44935896693030658
55.826062263726868,-0.69153699059830998,-0.85641593220586065
56.030496239268707,-0.3739950934731312,1.7480425119157117
55.310139809612416,-0.29884745363406617,1.4610651501013003
55.728083974298094,-0.32930465536902254,-1.182713657943903
55.343300398939867,1.0095406763873984,1.3110844518951206
55.896868439567037,-1.2070796785048807,-0.88876921107042306
56.207943698725579,1.5624085420706926,-0.44297692873915673
55.006688141544984,-1.5579302194197966,-0.0096718481086268925
54.51914619577942,0.43725420990222974,1.1166338610861604
55.635581493954312,-0.94185946464708115,-1.4047330850656989
55.099463086668486,0.22274059647549391,2.5053659220396511
55.010890348439162,-1.4356615201265899,-0.74873492714378242
56.227782314037093,-1.3239010921751047,1.4172105820639334
56.345895910831537,1.6256783878557621,-0.33939358702219508
55.093654765576353,0.41625188399369584,-1.4624544661465639
55.222071599272091,-0.35287297176230142,-1.7563872152754634
54.75924003140873,0.96491150436468864,0.73758812052187561
56.467661280146807,0.30112026053318242,-1.2143895925836514
54.672555335424157,-1.5276691542896266,0.54514865748145347
55.826178552903812,1.2302695625257001,-0.20017741396916841
55.355383145814024,1.0824651325379724,-1.6906494793338072
54.792761787150141,-1.4548400489314759,0.74124353620930783
54.638319789199109,-0.1130786347400306,1.5775067173994686
55.946308788309949,-0.47507409491838293,-1.5684201397605024
56.411819168846911,1.1617175086342832,-0.28753772402804822
56.277172696757361,-0.58785310296532489,1.101274797844606
55.17720351034064,-1.2980317619241721,-0.31426308478212595
55.620843659763189,-0.47450343812512585,-1.5440852052160765
55.347811298634532,1.7754313824500805,-0.094257777502832082
55.133757573625992,1.4754778550601799,-0.5278130580138839
54.998657592886026,-1.5203763456911088,0.24565507390476327
56.053115265014661,0.88826646914295582,-1.565157928603075
55.648614764045355,1.7178598950530617,-1.042210928954407
55.198072157612813,2.1190509419654684,0.19992554283870187
55.90358105836512,-1.2584916796265924,0.73840216944436654
55.85704858400041,-0.94609244922700042,1.2166076684942553
56.103030143493918,1.7148706304729833,-0.7733828593968165
55.025616172509245,0.050285227689060179,-1.3442513518667014
55.13733073689972,0.70468037378086401,1.0751975343503144
55.402887950384503,1.5352679693581481,-0.16718870256845389
56.203485166912053,0.13073312385425345,-1.3621989256675338
55.717144437106413,0.90576178199944701,-0.65511387973955282
55.248722239095855,0.59437676985286114,-1.1529653472412607
54.503455179807283,0.65196014345923747,1.7119099434691596
56.323203720127218,1.5199133199929813,0.57951542743835149
54.71820119699683,0.66022295457416391,-1.34354634525234
55.602914727821535,1.7381841314568418,-0.47733592156045246
56.24595725969359,-0.52140857556108522,1.3642185395055162
54.876512231466897,0.75520366471392886,-0.87816937476980816
54.902448498127654,-0.91072220242752355,-1.5396492465519298
55.515771154059216,-0.19949905372706642,1.6224097488737235
56.058163002348309,-1.2857609220597592,0.76860641609261338
55.579177446064925,-0.82415709361014122,1.0759607360978527
55.346420195964171,-0.38255977504075411,1.3840115847913133
55.461430628573964,0.26487190887323508,-1.1529106741897766
55.242004359449759,0.74385608020279925,-1.1026241402185706
56.304659037048573,1.3015435378163265,1.097271551888181
54.68574919335893,1.4471843976044316,-0.56364589714802793
55.802616776294791,-0.0020020155782189894,-1.9443581711017448
56.299312411798724,1.0675813292529097,-1.4647544134269208
56.237343542586586,1.5431748473296782,-0.33393557416353137
54.90257757054934,-1.157268683246059,0.012962847303804585
55.593243934714607,0.71736841762724257,1.4908713970573417
54.721940544503411,-1.4870012420793282,0.85851892782160177
54.699430294583408,-0.093024003305541336,-0.42982651100467567
55.129434187150345,1.7262408120496533,0.77620957334356477
56.218461073957435,-1.4636349852918036,-1.0855997553603176
54.553275672043995,1.058418840229846,1.3254836911462866
55.493401191535938,0.47968149201061711,-1.5155993199753943
54.633838726098091,-0.74972123166399163,-1.1322478282273252
55.310693358918193,-2.0453997447796062,0.7276797386307865
55.557579575650394,1.5910617983738222,-0.4681784648127354
54.693989564219898,-1.2415254424656592,1.2802270525325123
55.679108794290123,-1.5043825469413987,0.55342390123577545
55.401054645786651,1.8602429230317117,-0.28361945995268639
56.482567510595082,1.3485764359903927,-1.1771479515087611
55.968959319664215,-0.91963651584295014,0.98014793009203505
55.641035631070324,0.20813124255333315,1.753398205344622
54.685639740200365,-0.67537930271276214,1.3477196197620449
54.980382994911615,-0.17967878906158818,-1.521712065833928
55.756293672921224,-1.9158776077302375,-1.8212640433457661
55.067213035459417,-1.0770563350886315,-1.015663198691541
55.658079964883655,-1.2874069616787129,-1.4682379828938643
54.902831446085429,0.88286214339561342,-1.1703078794293291
55.242372664131885,1.510758975278877,0.96337217227939265
55.147682422880536,1.1985967207733423,0.57009158288453554
56.391959349762836,-1.6890189944938574,0.4110584357229754
55.774343123131899,1.3715588658466222,-0.135259724244921
55.527110378154241,-1.0545726560910762,0.80443477455246881
54.743167287469284,1.4805336459863727,-0.65360805533621602
55.919147991749483,-1.3304539506307369,0.91025972266699584
56.259845121221055,0.44830514297019719,1.3006485187418337
56.233071571572268,0.18431689762264289,-1.0180879041021091
56.337708273852996,-1.1337183544335554,1.1222752871372161
54.67929512631968,1.4379674142580907,-0.70130205051144623
55.081459803997774,-0.94911526619254805,1.2195032261548686
55.247745646516023,1.3250874776634809,1.2954374241020707
56.234584495648186,-1.1390741300803773,-0.89855400080300096
55.980310727866971,-0.086182490777371959,-1.4937823761749083
56.421246000977227,-0.14440982385577128,-1.6513955814919494
55.323929521460528,-0.36350490922617962,-1.4342311669624561
56.188659733746881,-1.408775755946867,-0.50966982933586991
54.786108289471954,-0.025397901546349681,-1.7330435458595967
55.50440482858837,1.0025974382019649,-1.2705516020442922
54.621583411333695,1.1251376726008169,0.87927728733780697
55.330432715108572,0.72374833824492646,1.6603810654004965
54.698401969978342,-1.0432363689447142,-0.91674609282882691
55.199231895244161,-0.78896834400403348,-1.3816668227001345
56.515636434973061,-1.2813624946250155,0.98722884952081502
56.255932451415376,0.72170788177919776,-1.4364878482657069
54.58704284643391,-1.0555262802896737,-0.81217409978911559
54.969306644687684,1.373813581944324,0.50259728605563203
55.336458397688872,-0.8950033882225048,-1.3158325275570661
55.039360963989971,0.015379984816234876,-1.8160681797944243
56.197629688951658,-0.60903903628582523,1.4557602339593336
55.310743225109896,1.2128934808105527,0.74962977278801357
56.056443211420508,-0.53746116491684548,1.152009616098097
55.530417446460177,0.60951904096274168,-0.61542723697445578
55.105924466379854,1.5879409937217008,-0.45058617264684153
56.350677044702302,1.1503127912355884,0.33592567449319044
55.304017177744925,0.70021329766608054,1.4107698270987554
56.293516734614393,-0.98944871621534836,-1.1922748347796688
55.126368606888136,0.77462447004031632,-1.3638721959813778
55.693769207081694,0.44435781622103238,1.5487529642600066
54.59886355107664,-1.3596692913724169,0.49636119348220081
56.288262379610877,-1.4985444249210451,0.93258362445452681
55.937403173717435,-0.41514806136947169,1.5531261696483505
56.382253932903353,0.49729313209198539,-1.390111762825134
54.441544924355711,0.61864285712795097,-1.7228701449537522
55.859906363510333,-1.2343822389242116,0.97883073354477013
55.800629024858253,-1.6929694502351302,-0.27217997830334606
54.635209137920015,-1.5873177505711835,1.0173778416662114
56.128298543764032,0.94492793944140918,0.97117825036045125
56.06093559303816,-0.73327843607765086,-1.060014219280329
56.333551661643654,1.0125671641320413,0.71382236727046766
55.066876838697908,-0.97986781977940329,1.392647321247811
56.420950761477009,-0.36524542576567604,1.4660313398806968
55.09105991136687,0.91107593040810975,-0.96547584502885353
56.123343701181483,0.60280871502767663,-1.3305651243242829
55.673158237654889,-1.5008376505965695,0.052249855175584843
55.480272324322627,-0.75710000853427062,-1.2775592731380301
54.824571798086815,-1.2348613991973267,0.35812468602655828
55.843049271136302,-1.7718695741104757,-0.78405735626143613
54.783628194180594,-1.0592706006445929,-1.4908839452518152
54.578463128393025,-1.7189643386110549,-0.44284483299401423
55.255240107818814,-1.8929875324998071,-0.42486862376553142
54.628751946658603,-0.30660031848804536,1.5483461264028577
54.601145583148423,-1.710133600515465,-0.57707508680748942
54.617056075851458,-1.3383755915460283,0.12612435596508681
55.710475676275848,-0.35363373809661325,1.4774691618454225
54.86716520096239,0.17505467800826369,-1.5249969711746372
55.639376187284839,1.4224002455531863,-0.54310662839882307
56.268757569084066,-1.5279793230305934,-1.3206788220591008
54.858772042443036,-1.5562251002871554,0.30367498324702596
55.318715404938381,1.2332606542939535,0.96863618623759018
55.824617194793866,1.8365310388602112,0.0018955929496222443
55.547535283161672,-0.46502285402436733,-1.231139629117312
55.019792926037454,0.97452869478645776,0.51632695202149692
54.705589786339452,0.16942308141306989,1.7085125898295372
55.305503013663355,-0.77677268945735189,1.5582955111499395
55.153526665581751,-1.509857503050849,-0.67774691030513168
55.248917820610238,1.1363123892784655,-1.2283825565049737
55.291078211112989,0.50353832748718275,-1.4418067674424864
54.709105074573195,-0.89828408977040675,1.1075361351581496
55.808937872977388,1.5884076368253,-1.1400926450670177
55.793830957018855,-0.66177786670404581,-1.6587860926790861
56.436522945485052,0.41270341265124327,1.8052780574231226
56.250587528773352,0.64201849512685605,1.4026633146526022
56.000720457911065,-1.4610303815678589,0.52089238027456763
54.65643825349769,1.1006934771689854,0.75265406454389117
55.347664311790602,-1.3967231929753052,0.81437588652573234
56.317449588061272,0.47116859343975037,-1.3626412089287259
55.980919670525395,1.3061545701522628,0.27514210298181035
55.569442440663785,1.2089000050499477,-0.67723811442039272
55.58394602184287,1.4997829227605937,-0.18996893229513742
55.192419386544955,2.0111937430480284,-1.6680470078293297
55.143890473072375,-1.6498451453808893,-0.0089267286346327458
55.941104112412688,-1.488678714645979,0.23744269990776964
54.40862905612947,-1.6766044020367235,-0.46940164279914887
55.532389517227394,-0.70350485926135375,-1.6207394058680298
55.709235516988066,0.79615361614253843,1.354313682452901
55.587701838262085,-0.75628769610092972,-1.8639779455090049
55.673678693462769,-0.92030269001788523,-1.1189189798950818
55.470174403767743,1.6777005846502984,-0.11482711382009776
55.672237114105044,0.63711213201906691,1.4130880899052951
56.097625327682898,-0.59777798089012169,-1.7570270626889495
56.438428570106097,-1.1527158222368614,0.9834224466808571
55.268079258531579,-0.41490582750934962,-1.5325071513798374
55.273928997515405,1.2431756270077163,0.45896036796233197
55.39375991383676,-0.80693355787234777,-0.91184279514844702
56.060146415356613,-1.3126269275219067,0.40819828334901903
55.667018368539104,-0.99227506251739483,-1.143939591657777
56.014489399686568,1.1626235922528969,-0.39412859903488989
55.161574554988391,0.64360566125534191,0.84598839329258679
55.410401290082625,1.2017144144735148,-0.5844926753985823
54.7567843940285,-0.92294487743603104,-1.3044535233189822
55.865007704671598,1.2122687780851962,0.42528082490698854
55.372347058183188,0.86626005330583944,1.4030965918860749
54.543721801882988,0.54983576259429956,1.1621064557677825
55.373102893610778,0.96475671500551585,1.474268043571872
54.940328140643722,-0.33088756380710893,-1.9933061356208448
56.219548160081182,1.0434149164287885,-1.2950478189072478
56.238580031555991,1.2084336066486532,-1.0977176576311605
54.686538681964805,0.085688587164927915,1.153013125399859
54.66401629882759,-1.2718287742660435,1.4566870554680984
55.029576291446197,-0.81902943761849645,-0.51852686820712413
55.713805474470171,0.78906753645074301,-1.1665517667715066
55.497158617502613,1.5414379295355327,0.3010896498583599
54.61781646138288,0.29692882032643308,1.5651089785589236
54.73414725871686,-1.3132393305001058,-0.31756911249368402
54.889660487655881,1.0364369363468544,1.6300578236398435
55.921456287605253,1.2536784234384146,-0.72091736518810046
54.785282367047174,-0.21613628890841408,1.9115142386759492
55.671241293356431,1.3115153240317012,-0.77123844777703854
56.29616956207915,0.040811709993481639,1.7310367991919977
54.809260785424449,-0.8641282233116464,-0.53859168517630018
56.235379996894252,0.87469136991931995,1.0484621926516426
56.114585013151874,0.76413671048440324,-1.0880823328331686
56.321310097416074,-1.3403962101948628,-0.98770968655758684
54.764583200335196,1.110089444900247,-1.2067618434463903
55.152156664219433,1.5315534577601881,-0.35475534634012862
55.756453654375676,1.3956154368326921,-0.705630554127332
54.785199254128237,0.23787812366095953,2.2016000696449711
55.847158370201981,0.40554669982736885,-1.1087182272627272
55.128604867502268,-0.97185570439957347,-1.3329356057517669
55.012687490652837,0.86187366552482569,1.3841585794246491
56.306965050328294,-0.84409241507118771,1.640587884801407
56.360343636787341,0.48218110112638729,-1.494506451042761
56.262140299670037,0.2100330584761414,-1.6417441154668027
55.349235129739185,0.26529557415126181,-1.7976684988751113
56.036545798192257,1.3991103773585232,1.4591385920764062
54.899021103768234,-0.45763264162120176,1.1728420866194984
55.016070642261376,-0.077631842632316719,-1.7828434100061945
56.123683700483419,0.89153880336110858,-1.1291527152531384
54.71530201470366,-0.54223637084160459,-1.5771543893322078
54.878560238588271,-0.33919898569711032,1.7205152931427838
55.29301678617243,-1.0798487456787373,-1.0832606527809008
55.441130935688108,1.2622228084324578,0.55244677587023072
55.926796156466295,1.5119382283829681,-0.11478395493087604
54.479226552117197,1.4743164930442549,0.04893758547421425
56.035800271629718,1.572363362878229,0.78322073776293577
55.263257491242747,0.057093856249883633,-1.7510372913089727
56.382671141012089,0.52748411414685259,1.3820596232070608
55.621099338620752,0.65301368316262054,-1.952583847058541
55.293983852300109,0.69094221423034174,-1.4820521363999322
56.34555304858926,-1.615656731092457,-0.35089880997201617
54.584941758404277,-1.0068163766743585,0.054901883564701236
55.128496095707135,1.8612228375138016,-0.46183291449815805
55.166787244160339,-1.0262132783376443,1.124862001061635
54.567818168567143,-0.94752650385032489,0.97086531786784602
54.926813633895478,-1.1221549947187839,-1.2080651395362583
54.781393429742572,-0.88331390706883084,-1.2751123057488358
56.333275672401037,0.64763424605722308,-1.3556438173854057
55.119316001131246,-1.6878069155708764,0.34467877560816246
54.583906545278822,-0.27034497066280871,-1.5833300066118987
55.600498288560829,-0.8497802470987551,0.99396720565610752
54.784211156063229,-0.40411872619478112,-1.5077542911285347
55.140661820199512,-1.1104003207411532,0.69828141863001403
55.249558597676554,-1.1417904718180512,-0.89058520216308878
56.076598939967234,1.9197363333816686,0.41094190381946616
55.589919355975631,-0.64070171362510053,-1.649340911325422
55.001703124773037,-0.40954986655332865,-1.308380836306402
56.218501265315147,0.94429732722225812,1.1001067052906059
54.725995653841416,0.9085001993348284,-1.0305077673792122
56.250690147586255,-0.12267408942197541,-1.1530334746316167
56.313821288137689,-1.448888702438746,0.076138934560198351
54.559174621580638,1.3875462254393867,0.33704695136266921
55.527073068603357,1.3116520262969573,1.227004579183979
54.925242413910297,1.518443143946693,0.79174281925387224
55.750044262931809,-1.3378757355249238,-0.70848000634398178
54.579098571463469,-1.5750426682114864,-1.2751056939634222
55.603290004421261,0.16350238310204399,-1.6854028101758545
54.668713523554359,-1.1568527878309636,-0.5276037087050095
55.342828143513778,0.21278538824702373,-1.8378032719230601
55.744630987958594,1.296172264398203,-0.10942011511536039
55.242288376817029,1.0633149552748213,-0.3651071923209418
56.085106600646689,1.3294890318838366,-0.11071370779090461
55.906145556915455,1.187829134285991,0.3980098467966442
55.504370203226848,1.2541981725118689,1.1641832898924918
54.68540479034634,-1.1644358903003249,-0.27234901160962766
55.871051822247331,-1.6239395767675386,0.59553149712863918
54.451817439050352,1.0881541973678408,-1.0606681028437417
55.621937341479054,0.92570817163980068,-1.0460429623880607
55.818393562276057,0.94936669090316717,1.5042370654707229
55.632576221469563,1.3903670454432135,-0.98726596654214693
55.33864265389105,1.171135884706888,0.30713873330633146
56.312866266725699,-1.6072908185604271,-0.8429174074371194
54.778235807023599,-0.48157363187681218,2.0273722466492008
56.201178693974946,1.2537604292907265,-0.4021587119550773
55.020871422866406,0.84565673591938806,0.84715271790641178
55.233243573021127,-1.2783031175263628,0.99987757718851067
56.081126215994338,0.89408003139182379,-1.3057218921690281
55.249867281930612,-1.1070753623696781,0.55573242358944874
54.974262789502554,0.73305323864502614,0.74661059631530469
55.489294385898454,1.3833736107448058,1.4606098420163736
55.98853034843647,0.16523488495380456,1.4404471211404442
55.577372163252406,1.001097718545942,1.7438729991976261
56.104311297799121,1.3040343342921061,-0.79806985230369365
55.779893848161336,-0.50637406677736052,0.91344346985826486
56.202385805409357,-1.1811064929161617,0.86594502326550593
56.309306832463022,1.4056946396009782,-0.15325508807424501
55.983345347954511,-0.16223418764405367,-1.6262983469428864
54.695735308958433,1.2930921813470668,-1.3759847032966015
56.237252898450805,-0.58404533859437446,1.2498927202169636
55.980880279234199,0.061351619206400893,-1.6334904507406822
55.906559298155265,-1.2245957588747214,-0.23241957569600519
55.726791231788482,-1.654117510237985,-0.50828815955231021
54.858242464648008,-1.5456763075569442,-0.72224912030179766
56.403819063212559,0.61008253937680812,1.483309690126668
55.860681705910871,-0.39383752457571891,-1.151247103022446
54.624038590618056,0.041979471772619729,-1.5350990332286198
54.682877132474736,-1.5734031722741402,-0.48220354501520363
55.38217200232895,1.0511942266376189,-2.0476279147827405
54.996119713802798,-1.5101942629100333,-0.69160843750492007
55.850423368362279,-1.4396932071286401,0.1312069487311753
55.525291801157096,-1.3186660493433653,0.80935667904266262
55.937480166518526,1.5255456451234883,-0.56596882508877933
55.873952197913404,-1.0044696700639983,1.3929144102605722
55.26692141725237,1.1734162637242285,-0.45393502653176521
54.988116185930096,1.3900904475349409,-0.94846698268524454
55.190585079077088,-1.228939867619141,0.28646491135398056
55.764034751053416,1.0473016963203536,-0.93217882045530087
56.522813838232729,1.1920520966437396,-0.89152904127785226
55.948580786987279,-0.65162641253293729,-1.3620629569612683
54.989315970070479,1.1937016164334822,0.61046218734340574
54.835185881217022,1.6296183303407361,-0.1005593595845595
55.71246113372473,1.4919688759077243,0.90568113051657684
54.706879365471586,1.3242658593877654,0.94210734753983183
55.643784832427954,1.8542461560222403,-0.20383464606923615
56.185528427923408,-1.3806626353640499,1.4362893830110046
54.847160093308041,-0.44892510556728887,-1.2944118111636926
55.675776134073985,1.3736620780770687,0.61766517402782017
54.845858931708449,0.17560645449466752,1.5833207777535194
56.276798717025294,-1.3660947418033988,0.44444005225380939
55.705620795506157,-0.99189852396609635,-1.213259177587378
54.634005176122081,1.6743344613688218,1.0693967172718515
55.974152174156927,-0.48120327828939402,1.2467207497694981
56.227229483787944,-0.15447894839021839,1.7967279566987728
55.669334280955923,-0.86585838652497737,-1.284699755346201
56.161822774600495,-0.97643913007499927,-1.3239001495880329
55.94356210157467,-1.5161812696908068,0.55198713918672571
55.169453828248948,-1.6109664548363314,0.7783997838891632
56.498829734903715,1.2043786659569808,-1.3318395804227749
55.171695619688151,-1.278530068875547,-1.319380897083861
55.456842227054445,0.24057170814511267,1.7140276481537042
56.157070048838563,0.87331448060638439,-1.1401676974651307
56.110229639226546,-0.38582951403710719,1.3560846431836682
55.692584687073037,0.044743140729764715,1.9170835253284517
55.493490416045333,-0.12574008689285518,-1.7185522588107551
54.724644300111393,0.96615527078770502,-1.4815866532188045
56.124684022903786,0.082865906566844075,1.7551018855417289
54.636382163668074,-1.2134322492004885,-0.67325129927051575
56.303070858336902,-0.63607523137681876,-1.34981531464283
55.778051338735821,0.73576594852782551,1.0494132898033683
55.543662902620767,1.5232419761167222,0.51220346156488794
55.986106243509511,-1.6797835274648416,-0.25347143599932553
55.529637064402763,-1.1500469435797294,-1.2976901072878551
55.10956570161558,-1.4682003930660972,0.97937326598021901
54.581596795215269,0.13502218808889463,1.974758690255255
55.081650245407353,1.116135581403453,-1.1443047309474492
56.093478590957254,-0.45420474125035587,-1.2999282314394418
54.964063937169776,-1.6865468603371232,0.48352735855547724
56.188451408472609,0.71956761416233361,1.4912830706214719
54.801195521381807,0.82022871146685983,1.475979656517705
55.54984424718721,-1.0159148390137442,-1.2937943829899718
56.238333246467292,0.1517385219156763,-1.0365159959073182
54.981243608636504,1.9545301422972681,1.0399982111117874
55.669355538879508,1.5380090968119924,-0.39294013437035796
54.731612750643329,1.4421669955311924,0.87885866591885831
55.698461580719147,1.8089523781982886,0.037711363959241025
55.902653469153115,0.81436536110986568,-1.6799506425657822
56.125317670834932,-1.2335285281681085,1.4160023036705198
56.197024998295248,-0.92216546525595811,-1.9754080946676291
56.46228601082872,1.2224641615819904,-0.85543337282533294
54.905181447078697,0.69771658021178729,-1.1948212474811011
54.642058598286205,1.1949883844352245,0.70365396087113574
54.537691406850804,1.041816903699385,1.6414629288678686
55.823744916146929,0.6925548594224098,1.0853910087029193
55.428305938649039,1.146519637364293,0.61352828494240019
55.223324082970606,0.39458775901978388,-1.5684613013369584
55.388572230393784,-1.873907755213394,0.1263750297417999
56.063632349520162,0.52634053377653689,1.4418618299540793
56.209230816882915,0.093900024946761446,-1.6187572078773353
55.369892886121761,-0.53002464978696162,1.658569471542749
56.331366245962215,1.4554387613864812,-0.32754078897253103
55.712271719091099,0.73745206244946493,-1.1099552432474933
55.475781223124265,1.3282866679504679,0.63550717953096425
55.962392100115729,1.4840425987149701,-0.60259693498881717
55.799183791218312,-0.77043005403634657,-1.022514778483856
55.014347783482251,0.50029544010968829,-1.5936068286964378
54.80651387112033,-1.6706777667001471,-0.035859123325869866
55.397226545488664,0.38638999776229377,-1.6063954722965001
56.327179111055848,0.62874145344820731,-1.2817492213110493
54.95556593307407,1.4863437408592912,-1.1227697412883531
55.959179201563323,1.2273766384468598,0.96394570083245446
54.86386802462826,-0.66138986051769333,0.41010397898770717
54.502584746724224,0.83258028935453887,1.4670511272317899
54.663756116436737,1.0614326143286741,1.5282469184831324
54.721302914373489,0.31825610677474331,1.9332059721712498
55.152103345669111,-1.3466992223534449,0.51190770625654747
55.552157178768368,1.2146550529234619,-0.2822226340678804
55.917901434609476,-0.46331816607781456,1.1519502993091126
55.557859353021364,0.69678376446280776,1.2675190283989564
54.863209738969637,-0.92228549866150544,0.65712666759941107
55.259855044491992,0.32965616691331295,-1.5449828137849861
54.702501846995972,-1.0266105283605855,-1.0215267871254838
56.192247124752733,-0.54066491141053574,-0.9312066590031256
54.875486069133629,-1.424545035404492,0.18396709786238344
55.269036738165894,-0.4791367209283689,1.3625583372218235
54.822709682853073,-1.6552705516888342,0.094378037974489737
56.504659280272783,1.5882796455654691,-0.24880045098609754
55.259335550957729,1.7082356194022572,-0.89078500522965576
55.826631005235249,-0.073491462354657977,1.49689653838907
55.988303753825114,1.3336658328520214,-0.60353526135472857
56.348704520053836,1.2673044488133174,0.28546885130563743
54.595976599837343,2.1783000592764732,-0.13867361364530967
56.056114539695479,-1.3538651602708929,-0.85266657611820618
54.684191859127935,-0.89313605369893856,-0.94254554793036882
55.862856982739835,-1.0654557834000933,-0.42255114640630881
55.384654504209045,-1.0303078931694698,1.3955910105703475
55.721581086471893,-0.13624471573840977,1.8039842860415465
55.728823814212952,-0.58922228013844535,-1.6153123611151168
55.073234678692145,-1.6500005505828996,-0.22183936467185666
54.776630911095815,1.4295904486396442,-1.1388738716374063
55.482063460742957,-1.8614058267224523,-0.60943206222522484
56.231681457568627,-0.79514467251024901,-1.2674735030035154
56.343966094278244,-0.4185495695226969,1.6785283772093884
55.818766714424697,-1.4449555585418652,0.82461651374296197
54.621460838169227,-1.6298844226588285,0.81955856752543199
56.080943738650994,1.8012120821861788,0.23698573289406227
56.445065658587495,-1.3247685981433832,0.428488116736777
56.181806819791561,-1.5174804834112314,-0.13370411046764014
56.076021148695432,-1.22202393110598,-0.48894490748811836
54.544355066966681,0.69847549333037429,-0.99133396836986232
56.273728138491329,-1.4051093028664317,0.62299960596294568
55.539747712018631,0.96415369875133783,-0.94269137081848475
54.93947983492955,-0.34456144931483063,-1.332811486703994
55.354547654889522,0.48730286760148739,-1.4062244054354145
55.061172169272005,0.039491924506178604,0.26107687630552767
56.14388123333844,1.7232123925297731,0.27628537723436408
55.832538250788723,-1.0369242972891017,0.91390996407540237
54.935950556301691,1.3587094408846401,-0.71960024515117194
56.105816434382859,1.321434325126865,1.0454984817795259
56.324913951719701,-1.81843565075241,-0.48883527699704493
54.73337093663099,1.3676036516554249,1.1865154389795243
55.730330124626875,1.3993667081924746,-1.169032972440458
56.222692539734744,-0.61001638759118515,1.4332533611023277
56.005734662425802,1.0692032447063813,1.2345357174020715
54.941817305322999,0.91135665868472227,-1.2641892792872842
55.477195416567419,-1.3229936204176489,-0.69970901694370524
56.07052667574164,-0.76870674552884199,0.87299429736780165
55.606242040109379,1.4933191737763543,0.065388759313327854
55.025209812906553,-1.430297227461339,0.83908730580871149
55.474902318037415,1.3149444519308364,-0.2335077806772278
54.734883343600991,-0.79228695700623297,1.4373790396016284
55.835124904414151,-1.5193813147064328,-0.57111272284079129
55.405369070095112,-1.2052249675408488,-1.4543367321656797
55.803183091955894,-1.1777982809376055,1.2769029909800065
55.160389299390438,0.736430574110015,1.313859250596753
55.845452619277879,1.7501330358969991,0.02858379209960268
54.676268407758307,1.3796089784237362,-0.75942397534339035
55.212422473099686,-0.36152993968686403,1.6136007522247384
55.73561105283288,1.0332455600858419,-1.1742726121264075
56.179665040930622,-0.97239771668118158,0.72685395379642403
56.476522998879844,1.3059786071597281,-0.044107238261122096
54.420940160869876,-0.12685755147852867,1.8511255602951238
55.266068114851024,-1.0150852687518697,0.71216164989447217
55.611638876913808,0.15338140755731813,1.586719692679617
56.146787845949319,1.3000716053756534,-1.031673370178815
55.60300491093426,0.10946160283660378,1.2384119729243821
54.994407072918506,-1.3156124498490791,0.056807471806955508
55.079746474958228,-1.130412355845952,-0.71791993090518813
55.26426737284627,-0.74628272361448389,-1.7640358779788072
55.019641960599586,-0.58095899105160376,-1.56553167402677
54.870717450411846,1.5971552065530186,-0.30467012491008177
56.052585757117896,-0.30577980950855632,1.1611491676597974
54.784765643954472,1.3510546757159665,1.1267078382194393
55.985923546471426,1.1638923179807024,1.496317458958534
56.04236067768656,-2.0762503659956355,1.126046041075297
56.023818724195159,-0.6177175774464303,-1.2834813960529041
54.83662270063855,-0.00049319935177896397,-2.0467764013428429
55.665327657827994,-1.4396543154044015,0.8682776536243243
54.839341056111039,1.6795379549512381,0.26682896947778567
55.658033601411503,-0.53674537484333296,-1.6377224993018307
55.637344734242731,2.9526835999021217,2.2748921944694089
56.218052873048251,-0.87944180122969984,1.3802300499878823
56.017745100287328,-1.6601851402119909,-0.6431423368469652
54.78078802166695,1.5081145113948167,0.77138836480056361
56.175478739675732,-0.5172761904995703,-1.8600175535869061
55.139233380345637,0.87686001935742941,-1.458979810276922
56.255593270370738,1.7188277140784403,0.62237828076572477
56.33887434281813,-0.027589026607571215,1.1669401624592515
55.671155120736948,1.5131795266924775,-0.76275052018325817
54.533230835690183,1.7846145190387941,0.40083610325376223
54.501630529152813,-1.3003699631861179,0.38501616090772106
55.048177573872806,-0.13878805916506659,-1.273161235868965
55.521748123847637,-0.90265364182926611,0.9225752329279362
54.876429448632322,-1.2797402570422372,1.0574518594092681
55.695111734560413,-0.26346701772160169,1.8370464992738882
55.912325412633599,0.71469274124276183,-1.337648059963441
56.340350190806852,0.93327759530871868,-1.1949965591462548
54.878737447820598,1.310159404982675,0.92942795182144633
55.81787062950113,0.47759418329954034,-1.4404786288084375
55.807029796304391,1.2945953787224513,0.92252509489833301
54.849898722107127,1.5696959916343287,-0.60527008628393797
55.196717228816148,1.0974823284136246,-1.4137567308983452
54.869629602278053,1.0446939939154569,0.54077032966849048
55.584103295509443,-0.39355206667685072,-1.3532137698075231
56.438545611013105,1.5185226896590129,-0.44762635023111297
55.373163725554889,-1.1239104978431211,0.73221417956379387
55.242929324749092,0.17119310507607585,-1.5347693101593189
55.384586575409301,0.2533141484172044,-1.678506955523615
56.397897288319072,1.5976630639302547,-0.41162524922671495
56.419372787030923,1.6050466412462567,1.2327514979687149
55.733958624720657,0.64082877225314727,-1.3282911163157451
54.85086337772227,1.1149729648813926,-0.96131312289171555
55.25268557660619,1.6321584072705018,-0.25345696034042126
55.011062741882192,1.6160061596995783,0.26118500535198036
56.3878097932649,-0.17469867278530607,-1.5457019858697514
54.668566410928079,1.0244990184422427,1.2729472093720053
56.139414786364753,0.98872847122759455,0.59285253152548711
54.538307736854001,-1.333900547109784,0.23440226431889355
55.493690216877013,-0.099679343563477629,-1.8738685003692304
56.313094443283418,1.471441135644717,-1.1935342884201678
56.052119523540512,1.4801222442627033,-0.42085418481623438
55.899083407048245,-1.4201848609655872,-0.71729080937967216
55.627249095699746,-0.30817395009914572,2.2319754180886431
55.886590279404842,1.226318751148608,1.189928915971014
55.109506816529098,-0.5643994542112436,-1.4867110864824371
55.078283095514401,-0.87528055288007833,1.2821268977496301
54.605922540060256,-0.94969375725583161,0.11214679475161311
55.951572791649753,-0.56792635464339869,-2.2613810037193716
54.753868914579805,-0.53993391477002994,-1.4847267449600998
55.197715658348976,0.15141501332244359,-1.3350809476792163
54.779694049955907,0.66575605259152615,-1.703786912227973
54.706398271874981,0.082592241251954357,1.3296292478162426
56.145331486525905,-0.41325757533595808,-1.0500035253124116
56.213841965046861,-1.1704371361052495,1.2504383323909447
55.434487392161763,1.3131143949507473,-0.30795954542617116
54.63809517732053,1.2564181909278753,0.82603196460899619
54.978442953866377,-1.4541261954633184,-0.6148351532891182
55.839379428810858,-1.6143401379031554,0.11422034246263255
56.102362089486626,0.91132099831113167,1.2203937363993793
55.555226426688932,0.5434601319740241,-1.5136209915629095
55.654612981569009,-0.58316420297840821,1.5133059793721866
55.021961151183781,1.1642291958472515,1.2875270568346202
55.848757539838267,-0.50618730796334099,1.3816701065811441
55.91682108149454,-0.17536162224783924,1.2536305505230778
56.251484901270764,-0.68735523912123342,1.569174901267024
55.453720692642342,-1.3930649307673979,-0.40280252279441409
56.044188767196282,0.91553827993780423,1.4884508933135747
54.789685123997444,-1.7550626146084807,0.52707351124211843
55.73645673740495,0.56842061787148612,0.80504747788149911
56.319239262937096,-1.26625503917837,-0.45065177073103047
55.649849271459459,1.2952845649416429,-0.4568159199416198
55.128909319982256,-0.29066537038545726,1.6890085752982291
55.846150072101331,1.319831531192561,0.41260331226398611
54.509117764856391,1.1031857811586905,0.43614733274611078
54.894140763308634,1.3502337033588299,0.8773755853755314
56.423887245142261,0.092667149914474722,-0.56807510723453436
54.727285461479021,-1.3153682483456923,0.8862510960357195
55.845061783014046,1.014772488352919,-0.94162877056313488
54.968949227121534,-0.14678109781962556,-1.6940359586181519
55.538871595564409,0.87443240429652402,-0.31094860840401994
54.458173457238864,-0.57494929680274365,-1.3984106650663282
55.776444414462134,-0.38224795491701724,-1.8626054708047461
56.203204941407691,-1.0232335610794847,1.1914506449541014
55.023152373078112,-0.74353294542108084,-1.2597817080326945
54.876373256670959,0.45642309027659111,-1.4201285767504612
55.24832674579519,0.9206422007181061,-0.5899998145844727
55.73345528822842,0.26644429670246073,1.2665742409317686
56.240961315215444,-1.0982007129149725,-0.91443432934501379
55.044927228719779,-0.078028890678434784,-1.4858258406911096
54.697300570128924,0.93782873160111113,0.80941767469948178
55.012055444586125,-0.96810061086596788,-3.1646633577096956
56.20105891197678,0.48410025714626864,-1.4887785159969884
56.178392045165381,1.0168822117921723,-1.6678588982000961
54.666018851398192,1.5711195336212536,-0.86009126534685676
55.394703410990672,1.6791518856231018,-0.07755964581661913
54.878583105732716,-0.54112074900940665,1.2977266597480954
55.928655426202141,0.38217913085048733,-1.3728364425074364
55.45277467729354,-1.1738339849937318,-1.2486334222580111
56.251133773111796,1.3292033252452573,-1.2016177932547598
55.729452256084173,1.515524182524935,-1.0470895288805859
54.928530537991016,1.5345300603561722,0.60570860701621065
55.715670781514461,-0.67010113450706443,1.9646533965829236
54.945428511576473,1.1265522755734898,-0.62947560056981899
55.383216423203621,1.4632392735608748,-0.38415357136832551
56.430554610717309,0.9571417998809344,-1.2987150577078554
55.812308306765374,-1.4888293972361961,0.29762538308947173
55.399258673565988,-1.064422756833354,-1.0412980171664306
55.867764968957246,-0.86612346830310838,-1.6063892235820643
54.482896146889267,0.20196450743647695,1.9314783956814487
56.43380108158243,0.90237349066604788,-1.4920792317243914
55.765179201882461,-1.9691108474838475,-1.0162396822339901
55.772047358802858,1.4804238361812483,-0.11769194352813936
56.23534454590812,1.6583924901184186,-0.2357770773378699
54.719923855627755,-1.3648999071931642,-0.8286846260003996
55.385000548746824,-1.6084685674588186,-1.6174408455871312
54.709691942514432,-2.354975196282612,0.4371218309402235
56.099603645040681,-0.56139695809437706,-1.5762268511792743
54.784727487128151,0.18481024954122691,1.8831346278133907
56.550839479344084,-1.3336370021388888,0.37129808975569584
54.626783029177879,-1.0744441455986666,-0.067081600227357152
54.569683179444922,0.2827504485043093,1.5954403630333858
55.869870864394585,1.1104485848812677,1.637233896412015
55.25040447954548,-1.4975176438534548,-0.49105163168858434
55.008663026821282,-1.1292853676799197,-0.89064402420482269
56.006471691176912,-0.76584007867108495,1.1833987958430685
56.128160484641839,1.0859390491807996,-1.2145240568968274
55.984653105000596,0.90510579728626028,1.5409105392227633
54.61483588345056,-0.31636877909769351,-1.1438562191486499
55.079017418438326,-1.4632349930171269,-0.59412360393829033
54.819538731627524,0.51505864221745423,-1.9005815326481039
54.841237780868177,1.1006551799646449,1.0090435929187196
54.86148465651948,0.51591334754383755,-1.2278206291617484
56.010591615782843,-1.5545001751874405,0.016626025294683443
54.517888399226273,0.78661106066804198,-1.3914168154560433
55.02051060387587,0.79695381374366103,-0.66149453729827401
54.910174903121998,-0.49067069866261925,-1.0455276644086178
54.92414734362152,-0.80193494860780057,1.3687956007544686
55.128431491742866,0.91594079587775779,1.8460282723528161
56.417161528383339,-1.9038332790817767,0.26616343018458993
54.814660079619195,-0.75012353811582855,1.5572090597816117
56.051348676060385,-1.0513038273841495,-0.65514771725798748
54.729355160589378,1.6609187822916209,-0.0014810879581692578
56.381452112250962,-1.3353570052093815,0.35280656629661233
54.622016667539768,0.22605545541023564,-1.3091243280011602
55.501029990219692,1.5237024686096956,-0.5388751586723618
54.469756867424884,-0.32967389163558686,-1.33137862577549
54.946527414752168,-0.28141221031551483,-1.2802756650411948
54.465563143541928,-1.1271083813266858,0.97921712194969368
54.605206207417844,0.97583606113792565,-1.4597699115517067
56.110033869443271,-0.32276588432612108,-1.4479044056513006
55.15891653458764,1.3816664619220655,-0.6065799365467921
54.87741639621246,-1.7492179972325126,-1.1725602035237002
55.208953610662562,0.26497407432796533,1.7329399974818496
56.206660448424898,-1.2606171583546328,-1.2674103817866487
56.261849528258288,0.090705508924311132,-0.47710915215906557
54.886872585026012,1.1412722522101031,0.067964531158871216
56.058450850252896,-0.18773319858817999,1.562569269742893
55.626713798801411,-0.70643996644928253,-0.54047069921164426
55.133749604584658,0.33520718434738495,0.78639646359715576
55.845949287001353,-1.8522962961630913,-0.09226981524273821
55.562792241195183,-0.043786489691873376,-1.7200449704603542
56.209894852537602,1.5970435988090523,-0.22679351580362331
55.311385884080941,0.65310233453355149,-1.3500877523356416
55.494128401804574,-1.8293362806557825,0.61845334740354085
56.347318936963497,-0.5919770490296028,1.0392762509957503
55.020046129524388,1.3912713084911692,0.29776074683720555
54.723727517796284,0.87227025936432212,1.3329004556333739
55.76692534216005,1.2074782086508884,0.95211185163046153
54.655324164245549,-0.77748381596789784,0.94108213986594547
55.883539963263004,0.34379505501527152,1.6392693242847258
55.231790103182675,1.1622533905897359,-0.80990797933716929
55.374028043034599,1.4258183572681848,-0.34242181618724904
55.382986203088834,-1.4200565486215388,1.2813686453809967
55.496306409725861,1.3691622749603005,1.3761004771240368
55.043484158132813,-0.72003371324985022,-1.4023283098017723
55.317441344284639,-1.7045763014290867,-0.83894035489143126
56.216051356686414,-1.0094243555243223,-0.35266767741422472
54.983225135362794,-0.73722480117578038,-1.7580483738462471
56.128234691427366,0.45300372910372144,1.2057143494503886
55.042661856242354,1.7093067971314169,0.36586134191552655
56.21656302106107,-1.3427143694037962,-1.0371655355936362
56.356554887288503,-0.77956315053159719,1.1981693042558439
54.877730345681229,-1.2581530339582629,-1.117273445035871
56.185904195987533,1.7565766143077417,0.76982853665802575
56.212536259969738,-1.0363595187333436,-0.64719043990502345
56.05699145960083,0.29868892225515675,1.1038837497743248
54.831903130834817,-1.0960505855421132,0.67044083781715813
55.513094856915131,3.0616041252774151,-1.6240428410932732
55.337534230563143,-1.5085011105159891,0.20730733569214244
56.241112583562895,-0.62379627354392575,-1.1165737746815443
55.377528440980264,1.2192137931813187,-0.62942289507911131
55.365986169952471,-1.1904454850750439,1.3336470536321785
56.005296840984627,1.8132947602144311,0.57088197755001147
55.536646772524826,0.33769797236534904,1.5296568702532616
56.004580145083587,-1.0006114523083556,-0.70495557892109129
56.075478860307101,-0.66892601024624765,-1.3361758243519906
55.956220844839955,0.35284551197008962,-1.4079080237025079
55.560295809948116,1.3978169184282567,0.42283154491235525
54.852264977300031,-1.0603020357118047,-0.22060507383349434
56.45432779216334,1.2378238062262061,-1.0839810759050481
55.416443557479482,-0.47414102144336973,1.0590862846791615
56.097508264119355,1.4048293383286949,-1.1064730299067809
55.274341935710552,-1.1624519105796511,-1.4466055710744585
55.002608471048752,0.50874567420494565,1.2828976510740873
55.875020292757362,-1.1858746035531911,-1.5664950506339941
55.995813395790186,-1.5901578927999169,0.71299338460683226
56.499032444451515,0.77616956394154757,-1.1491920461528273
55.350195242377453,0.96956630623292395,1.0048929926957497
54.618725435076854,-0.9044798752318286,1.3308194774701561
55.54610611835102,-1.3073681138684694,0.59745691509103582
55.094851298135737,0.72583211701863282,1.2056678226981901
55.149564007147895,-1.5377569818152896,-0.14757686847312798
55.163388631605521,1.5583564759298585,0.4693614566050901
55.421127196783729,-1.3119983812812608,-0.16942462548739085
54.842649552779946,-0.57712013515577343,-1.8261394458138556
54.709233457743245,-1.0238223191015439,-1.1945572932684145
56.205418151784038,1.2511599329709544,1.1400363961904139
54.893727491247674,-1.0919399830378829,1.1412960293397536
56.34157444846791,0.57387515200655159,1.7284513743754364
54.708110092079444,1.5858033077707527,1.1296998247492942
54.792616103796902,-0.50123836853639903,-1.2373131844746774
56.256804535077649,-0.4918550721155705,1.9258929579166948
56.265731445878409,1.0782534546531806,1.3043168897258555
55.650357657756146,1.8006179553283876,-0.51356267599964889
56.021968729197354,-0.54637176909871932,1.3515689863954405
56.151301449692859,2.0114105556054671,-0.019192309473187168
54.902434061453697,1.0356417418734964,-2.8093208187638701
55.250252159946918,0.90533097294386611,0.25814056534372021
54.763289355268824,0.44185934799091442,-0.8639294719995203
56.201464218299925,-1.3670700883931481,-0.65772979253774755
56.224499431014195,1.2018210134371679,-0.49693437344438962
55.104053583984545,-0.86562762159700013,1.3869398818425194
56.068426879149591,0.98963847029403684,-1.5061310854945822
56.293778050617284,0.84345667856523898,1.0196414673845995
54.650246807105084,-0.54442467680634454,-0.9701198596598205
54.605975502877868,0.070518959207023099,1.7550005807408244
55.021309446415664,1.4339297625554264,-0.28884690206707381
55.717278460636315,1.5427803770041741,-0.42283202647380624
54.850275381883883,0.73471328007174075,-1.3514501456289669
56.254424330175524,-0.40923041004655586,1.1194358733475345
55.569772421072784,-1.0110749263577399,-1.6197193515296937
54.585988833773548,-0.8050060528750741,-1.6108455073100834
55.81299234098816,1.1836183105377507,1.1466445110697225
55.025670108042704,1.1446730977603108,0.43728843698681885
55.034196647014859,0.1115452145930281,-1.6992291807623698
55.700462800899615,0.50873056778853398,1.1047921858052319
55.582809036532147,0.86453918247380801,1.8081323389443635
56.057993350687134,-0.66371004722414684,1.4746042923607019
56.486714204300455,-1.2603877732632653,-1.2056858811574018
56.070753753286354,1.5122280561771309,-0.52122615673046535
55.067638431445616,-0.68991120005199402,-1.8157018922389103
55.877990719199758,0.9107978182173353,-0.34163014452148371
55.585801870374084,1.2410862868640273,0.94309654410346999
55.084258974342958,-1.6698085731898433,0.43261657818655952
55.173311610769225,1.8598792019868742,-0.20800040459553309
54.565251602742421,-1.4679360286472332,0.79561288730869839
54.99188858919932,-0.42603007784830321,1.8538390983656385
54.502924844674439,0.76345173429149782,1.2546448647196147
56.110919175458775,-0.56800758474402635,-1.2150663448154622
55.76432007813078,1.78610070344945,0.81923386041262691
55.44204970365999,1.7088307070710806,-0.69509150714669266
55.356852961391148,-1.0233870081496268,0.73090894190636724
54.493562522081795,1.3111652423480888,0.80474788316911472
55.311716753995313,1.5196817615289278,-0.79908603256239452
55.141655887994013,-0.64451702805667999,1.0912625518628947
56.032671414063913,1.6148468387178581,0.11982380831044194
55.414656816945353,0.6934948810938113,1.921743841630984
56.342365933925308,-0.80937349365751088,-1.9137508754172479
55.568267497275301,1.5322397983641836,-0.64850043432546167
55.631739887603622,-0.73539019516873394,1.0339173766788246
55.389512988436024,-1.0488922819134918,0.27292490882002929
54.789541481282775,0.19761231472520643,-1.6877268350583856
55.554039235993422,-0.60998387192975623,1.1892930431854039
55.455066820462342,0.10311644851602102,1.363143725918007
55.056368887077149,-1.7779482561602451,-0.049624921482046364
55.343472938796076,0.98001954088383447,-1.4603159235929566
56.195737341225687,1.4461275454857314,-0.43508933745496448
55.622048694790266,0.84284738830799388,-0.77665635746640205
54.598766243118149,1.23589461747231,-0.88992804853583407
54.970138832549061,-1.5754094026823919,0.74750934957739978
55.683432674895982,-1.5356513160113068,0.3750423870752167
54.945181390566731,0.72258818950269743,1.5704802606337291
55.300099934740715,-0.77022846067851725,-1.5927346597768621
55.529303524003474,1.7934819959967683,0.25325584229686698
55.263194720337069,-1.0437267125167606,1.2741287511598109
56.194362271639285,0.32379819918159464,-0.94372011508315978
55.849308736237212,1.7354733438414871,-0.65934559895986777
55.088810837183303,-1.3577588196228756,-0.89106923974559893
55.108764187461446,-1.3978299721655434,0.75993500933326141
54.916661592688421,1.3843982003573185,0.52209880470721082
54.977443752956233,-0.31255581924238868,1.6278720063226459
54.823989488353398,-1.0386442639976514,-1.3219644768507322
55.560961098826432,1.4348559214938419,-0.032804588845611972
55.346551287888147,0.36215227468580624,1.8658256885063176
55.294256011272111,-0.46499874770280047,-2.2190265335150596
56.254668965646999,-1.2478829855602136,-0.82363739247746726
54.687822993842524,-1.691788317729787,-0.57871370712842329
55.913206304028733,-1.1656250225761773,-0.67298060650070546
55.538731186412178,-1.3286601282348605,0.31068285665432582
54.683737644514295,-1.6374543650208888,-0.31003679389870725
55.245476542902871,-1.224473865803509,1.1241483532318544
55.263595124721455,-1.0807530522917377,0.82770117790693076
55.956412525096724,-1.1390644743955674,0.015100026013701239
56.194514880965258,-1.5813418787015805,1.0945419865360981
56.442068091604717,1.3871914469312296,-0.51194392862148208
54.803215567206941,-0.76366435973476354,-1.1743742459764006
54.852345934137873,-0.017720763156256272,1.6338299689940876
56.343756042207886,0.18991785246818366,-1.7356236908740268
55.510341871694244,-1.3885111718113488,0.72158179760286278
56.332406233035599,0.76475643373791025,1.4349706730589098
56.094001312053187,-0.49942873658765585,-1.1292674153295541
55.394699220756721,-1.2808538415040112,0.28302084063903055
55.354796751764404,1.6005076575755781,0.32866841369244704
55.829600389466435,-1.7278566608035584,-0.45464664633190943
55.601475732925884,-0.25405386523312823,-2.5433764244129069
55.34801858521022,1.3529818916484639,-0.070595656181723213
55.195638963846243,0.57711206383904678,-1.157719348981026
55.160000098961468,-1.746644296487986,-0.098314772893314945
55.493255252306938,-1.7004754237018298,1.1747201813573327
55.2134827832542,-1.7065929831200128,-0.62995459907931817
55.500658163668589,-0.9291703039360788,0.51648147443721426
56.226912499484996,-1.083692731080709,2.439796874141678
55.614741499701623,0.46666605299252112,-1.0787210047011175
55.980326997128728,0.53241964706145484,0.66349419239545449
54.750976174801252,-1.779038241367453,-0.6743633178243752
54.790260968304445,1.4661176307527912,-0.20336113941316394
55.38402246974659,-1.997319656951358,-0.36671933918066524
55.15975889512756,0.80624310702919333,-1.6913865568832098
55.992504488863965,-0.05074921543383315,1.7417651336229374
56.471292077197894,-1.0894542805580856,1.0280104458400789
55.051774564857304,0.93827760994823195,-1.2850687472806062
54.472251390253057,-1.5045491759818226,0.4576543127836934
56.137638928697896,-0.53628421041418484,1.3831263294958465
54.936004599141967,-1.0464049648724909,-1.5911515539804926
56.175284868009157,-0.63949894457949408,1.4854626067510226
55.851019838384325,1.5568459853008643,-0.2173506386115075
55.509513658108339,1.6185195009849318,0.54485430470674845
55.189929253712883,1.4546914223208027,-0.70506094398221131
54.946796836760043,-1.1224923054909841,-1.0186160013241439
56.253642868169258,-0.14683055706231019,1.5196361180697613
55.094927705961055,-1.8894198159426554,0.15137981954361562
55.635775088815286,-0.3503792472246926,1.887551333168827
54.65525302900344,0.6820364290536981,1.2172372293712119
56.377620250989338,0.45772778093347827,1.530227643433832
56.186134372817655,1.5491770342145994,0.74015697804125657
54.965591149104178,-1.9327680609066393,-1.5024542431582413
55.152310338464709,-1.4310104016485836,1.5624807815166009
55.676575705830203,0.23333760891106456,-1.4173928151749273
54.872697614355751,-1.6891400532315994,-0.34400495594087471
56.335492753867889,-0.46168999309473652,-1.6148036191701496
54.835913043635813,1.7460366809950707,-0.22489726749606861
55.582460364679605,0.90543046796925297,-0.66973553432653743
55.368587004251829,0.43386106352513881,-1.1011068436490872
54.565444741238508,-1.7104304467446394,0.78133016741783867
55.371979683377567,0.10292758464426723,-1.7162876696845129
56.227161593956481,0.48368271322456585,1.2361657778866879
55.620088424697265,-0.66585439865756813,-1.0510905820803786
54.792920327204499,0.97481118588950844,1.2991931669963541
54.58395135384383,0.41190923151589748,1.0999085719921122
55.353444496751145,-1.5317168473906515,1.0673371610689848
55.310139001698232,0.41332585813680295,1.0821348148371903
56.046111191995983,-1.3367099950513441,-0.89372832870210939
54.661195389035676,1.2833729594084144,-0.08507577124743998
54.601820649104859,-1.2847455996147132,-0.74689063363199981
55.456651335694048,0.85127253042059448,-2.0396550909270736
55.866075575871406,0.93252437221209272,-1.5043831720585421
54.616848761718245,0.33639515578948953,1.078757965411796
56.038312127384806,-0.51019371406697789,1.3636392073136869
54.846989139609185,-0.61950705645020854,-1.6815640165579846
54.494044205833035,1.1578041284511069,-1.6512552824524238
55.155252678853252,1.6644226981179615,0.70496467719402833
55.02340789974739,-0.072683747419554856,-1.1645275742703762
56.321371865851901,1.2316987993692661,0.6064806757776966
54.874669601942635,0.97114068841401047,1.6549136453943789
54.6080217476337,-0.291928526967761,-1.8006817986082917
54.715640937259828,-0.3523198380232293,-1.3713050577349939
54.919454369892321,-0.85468451607002116,-1.8085288741852821
55.669673637352027,1.5055716229277283,-0.48234600804625377
55.928719907510661,1.1952207873725318,-1.0066379009312281
55.919333876592631,-1.1183294560799488,0.30545399850290156
55.336568791344035,1.8872167737228451,-0.017775565894929918
55.27255303167933,1.7053154214176254,0.86614315897643379
54.653428761735704,-0.51129128793399892,-1.4210972249777025
55.910078852170052,0.8387237651917645,-1.4547919453608362
55.202452131879546,1.449374074195598,-0.66281999168406891
56.044881967857066,0.73981634742075197,-1.3099837469296851
55.427580694885584,-1.4875338893677252,0.70603043685225031
55.73339277391522,-0.42492263455505558,1.4872619973404708
55.493437698174134,-1.0441004658234496,-0.65931578673587488
54.578871559752017,1.2645467190503303,-0.4348942547185714
54.688078416019472,-0.33170529353121697,-1.286307800391981
54.702325981810986,0.2879430808713081,-1.1508618248209042
56.192627154813579,-0.95848350162185092,-1.1347287970155069
55.135762899346268,0.52246351486825404,-1.6646462175170236
55.880424077001031,-1.2923163562308189,0.017582525740547753
55.196201843934737,2.0808521774136395,-0.0942955489827208
55.472544813384907,1.0257483153574547,-0.61079224041029201
54.822041949742562,-1.3739280124733653,-0.99611486507315261
56.176560158863431,-1.5876412130101922,-0.67636051491946336
55.983999736575164,-0.74223165130000901,-1.2535315898303276
54.852147290900675,-1.5156436110479776,-0.95612795117677729
55.938018494589087,0.82749021455737415,1.4968441208724623
54.92077380329328,0.66817607995256534,-1.4723597760540543
55.658207551599489,1.2161004691792479,0.85882369284915927
54.527046726690749,1.3276398403630401,1.5568285319665434
55.146808064453481,-0.993377950332749,1.1104956760458178
55.806803240282363,-0.18975330287949843,-1.4478165951126907
55.623138288544823,1.8289481635751976,-0.85353946729941621
55.053203527820962,-1.3153956997744138,-0.56227472347930341
54.415619983734963,0.35929272926879602,1.3342796409747504
55.146617826553026,-1.0005751490036718,-0.32246879668389516
55.987428894059597,1.1812418436372769,0.83988031886340164
54.75759697176084,-1.7193010384975576,0.40956483868787541
55.976934149895222,1.5454806902249993,-0.2647637746091005
54.628289343290817,1.0547718332996687,1.5663080904866435
55.111798936943728,-0.55400148944242855,1.2771453221597862
55.774464245780941,-1.6855912192061981,-0.80380523977751861
55.414654049624602,-0.71321576819544408,-0.85541177126678936
55.698707152722605,0.74217232149863133,-1.0977957548232817
54.969754870276212,1.1179645494744488,-0.64104476252531684
55.240551259084185,1.4789012866653597,1.0455941036219552
55.381364319687734,-0.50884649226491374,-1.3809077212995795
55.128431840918843,-0.68345132640638984,-1.2783783994957818
54.738609730025921,-1.2367388369760051,-0.1235434332396048
55.949194021874263,1.1147776759979056,-1.074530302962778
55.863049374456331,-1.2808664217723025,0.72155213618399605
55.964371257167272,0.59325241051711053,-1.4834854697209812
55.158748924782778,-1.3860883224028882,0.64295524453392561
56.30348931905008,-1.7011306185872981,-0.33445920350443425
55.556725304047653,1.0511299338549114,0.46205225790074145
55.097228072065221,0.819083299160829,2.1390738684292523
56.039831372094724,1.2164172623533358,0.97288494814307491
55.669168583756409,1.3300620395238953,-0.61439481105170779
55.058573662316228,-0.44567843694481735,-1.2063470178008049
56.400200055195207,-0.36105268799328616,-1.2842154936399179
55.314405915942515,-1.1206559194130816,-0.043481455704292342
56.078347930915271,0.10129894987125412,1.0762473174749017
54.939737846850278,1.1290151897915304,-0.1392619561514761
54.686622502769964,1.2102944352854885,0.91912023908343721
56.357205014390367,0.72187698880711404,1.6285632681278619
54.588774519616734,0.21224349342720167,1.0672942819293898
56.188872618274182,0.5952233524164201,-1.2547653412208941
55.607610074681368,0.60471039750404143,1.2971821126444216
56.285858215040236,1.0611657881982273,-0.15311784324672342
55.068317521922381,0.60954086095134408,1.0839514582454297
56.22965994773574,1.4114700323115099,-0.93723041882635716
55.743547334734792,1.4842748299634099,1.0081392851185624
55.212247607538231,-0.95815762250815251,1.1177353951039899
55.893476416834716,1.5120686546684545,0.60519315737017054
54.788238002094289,-1.3626709834903965,-1.1474487467430052
54.60795410323356,1.420215141674638,1.5973512125915221
54.472436660149853,0.046415854891708075,-0.95662192017525161
55.902166248601525,0.93156140058657744,-1.2923046625470576
56.369966345314019,-0.21581067303663024,1.5397402294306999
55.836243468633029,1.1558040764228494,0.86256781407295957
55.472257923195691,1.5098397858930159,0.44494756704551469
55.224345831990533,1.170020010770044,0.2397985182676039
56.239927966907224,-1.4996732542678473,-0.20052110275265644
55.03143618353986,-1.5119796916949895,0.4101858173576291
55.285850075887844,0.4950139956840392,-1.4669784020606988
55.655181267374424,1.7843546859563451,-0.10670415078460251
55.868221057195726,0.54339333455852334,1.697855433728289
56.180895381393945,-1.0038798396033854,0.89437666991365394
55.306438563976947,0.94901552990732119,-1.0550112778338536
55.825799576840005,-0.64554081658242113,1.0317179621073125
55.600674462312831,1.415029423219482,0.0093910117088976033
56.114834263611421,-1.5151354023644328,-0.52515406523261643
54.752869469783896,-0.439457367897645,1.956013879836801
55.731495740374903,0.071910696153187223,1.6275265335342057
54.763173832093173,-1.8899115229582928,0.43523790514351229
55.887684584918993,-1.4822020585639306,0.76790145457787495
56.396182441481272,-1.6001545065230187,-0.35085803530818005
55.312702461538663,1.303000076365292,0.53182095012351926
55.272879219650605,1.0369207981041466,0.86017005971288618
55.82540263152908,1.8681356503182647,-0.43729846057338229
55.647673732824018,0.67238855953329379,-0.80549313271415146
56.16582836817026,-1.449710443754672,0.90276760770109221
56.324359961540182,-0.63522831652970513,1.4226163100900249
55.186060345763082,-3.0398906856336594,0.72681943802409088
56.183329889362355,0.94076198207553197,0.97060555912984059
55.826714396073747,-0.64268027068136846,1.9900203255860618
55.073338385000511,-0.041521038900779926,0.91178221665279258
55.381834938483351,0.42571825127429885,-1.1428409916767637
55.044346907604627,-0.26869571587811714,1.2501375429385277
54.853435865721238,-2.0089243667174101,-0.78799527296528682
54.724858884762128,-0.92390676887842138,0.83507551257414014
56.062591280789533,-0.32567811908627864,-1.7092633063005713
55.430963057165286,1.0076634892573293,1.4828195202954595
54.572408314006324,-0.96541289759190774,1.6012283893064989
56.092450605511466,-0.69574617633428182,-1.7234976886862643
55.983250847792334,-1.0303339985963091,1.1335145699900748
55.596750046126452,-1.8830510424738875,0.43809703499690844
56.482734056459712,-1.7638158511697795,-0.016704524130101792
54.716200784059943,0.61922339831888262,1.1842747193376499
55.332172920565604,0.11470383121324472,-2.7822832844587482
55.633903112059855,-0.9197802361774523,-1.0191441290386301
55.318079833000994,0.86029358188256044,1.1277723761835143
56.006242777944493,-1.0452918816510994,-1.0427545794489599
54.442448376931075,-0.9893758387622611,0.22220574146170483
55.52415364239463,-1.2284302100982658,-1.0729121651348574
55.394240995536641,-0.19913489822651681,0.49833956206117053
55.597300293464485,-1.7246563606451182,-1.4668517250683513
55.992493581132329,-0.5135769076644886,1.3649166652026543
55.081983705317903,0.4292844420291097,-1.5667932719833761
55.68776334479098,0.52976565296044464,1.2472708772012377
54.892781155729843,-0.94628118355745128,-0.95399656863765603
55.212804732590591,-1.6339663950492676,1.0584620510250409
55.330629255990843,0.86312576194980506,1.2445403046814931
54.894917141688744,1.7680898593748555,-0.69083910667762349
54.447226401758627,0.99406589163565628,-1.3334100861467606
56.285662985294096,-0.42166863646644748,-1.461528393409256
55.047065246942623,1.7341986826719489,0.63639701632161361
56.301067491511972,-1.2066485249584396,0.36747243067486374
55.776268018754749,-0.98173257887411502,-1.1520605556174948
55.262103057062028,-0.40163556186558319,-1.7572668121313215
54.626693068412493,1.5404981913662554,1.0760247246481107
54.807400867922595,-0.032166120885968402,-1.297521271161993
54.432231520166411,-1.1324556976544529,-1.2701624305234831
55.321136351182851,1.4638941839789206,-0.91578473026215812
55.305221361180749,1.1247343929291254,-0.59013771429189543
56.257881226277583,-1.4839572571485833,-0.11702830966642369
55.566504796020432,0.71253103413221797,-1.4578763347945027
55.381069520481134,0.63983575960201455,-1.0999370671203956
56.043074269817623,-1.0321339453919076,-0.90444967799113674
55.337311863441826,1.0490163334985236,0.83361995757467988
54.942162444903659,0.68285422425899167,-1.2905677401908866
55.806899246965472,-1.0496618155007704,0.64430381175823415
56.433149980327194,0.1960530956041788,1.356264244159898
55.984263981205231,1.7085482694802627,0.68542084359021538
54.980755039366827,1.3689029485245277,-0.032204952730208715
55.078068431524905,-1.6833952869502251,-0.91620185692320555
55.328011687903782,-0.84145745954073192,-1.0439031698114389
55.237825202484984,-1.272518201806391,-1.5013810448197829
56.562653317562216,1.6225011341672215,0.31601055350065338
54.85511370211097,-0.90666189794196483,-1.1834026707799741
55.575860407447024,0.95292282571106324,-1.6648241889364714
56.122702223932912,1.3313345432111707,-0.90001493834779844
55.607600998589596,-0.78014745170193178,1.3416566402051455
56.033203892370395,1.5960138104103105,1.146967296021933
55.275086286061843,-0.82625851975887499,-1.5240052674494626
55.373396465028293,1.6512466205426612,0.92184726174843334
55.554029002423405,-0.39563744777837134,1.8605009556230017
56.072979003976123,-0.041125580054364903,1.7457296764773333
55.957762888479827,-0.85011872789666831,-0.97310881003893401
55.81089120439421,-1.5147690006595893,-0.42213614371440994
54.706323423062635,0.056573987151050935,-1.9618208678398357
55.455865555945962,1.421371776780497,0.58317056962824343
56.226089712607582,1.4911166201476187,0.70354376631718041
55.230247461575502,1.4701597849359971,0.16099778593166739
56.157667436710078,-1.049437663305717,1.4648477360681584
55.988017897109494,-1.2455027307038831,-0.70899721987833841
54.893519677374307,0.035001271138546564,-1.1369315811385523
54.652070443249613,-1.7035454054086165,0.0021782937969334988
55.18280395525862,-1.2427344717022941,0.59298219025358134
55.623545911240797,0.79903592768131126,-1.3984048230460766
56.01330133672387,0.88185407483796463,1.397824981132912
55.820477257278647,-1.645812180164707,0.87617675548202512
55.615977469951524,-0.1254442859782994,1.4519677021795194
56.112763909744821,-1.8332620515378255,-0.091462445976902784
55.122151872497803,-0.19169918718890466,-1.5909091693682653
56.264419910753844,-1.1061427844952954,-1.3703067090496426
56.329466896167062,-0.67182599799799958,-1.0207783634043008
55.005896188823982,-1.4603790160507091,-0.69648164142797386
55.650475458717139,1.4053879066903237,-0.54492781294414427
55.915788755390942,1.4707004131071684,-0.6844123510587502
55.875062249822875,0.0034004360381220881,-1.6856247213496032
54.745010806760284,0.97976131773746478,1.559233470478778
56.539727809497052,0.37969363762568092,1.6648675852078212
54.927640414690941,-0.90967723723722249,-0.18811984027113807
55.690574361996788,-1.0148831782025898,1.4213732783841742
55.151294034919786,-0.75549780136444011,1.0788160574184309
54.630219873333232,1.735508677552523,0.81639725023435683
54.499290061419309,-0.41995100411914849,1.7715587697227093
54.965285441950421,1.3852039067692161,-0.8096897673250365
56.06614265879,1.4706011003239996,-0.0059327427102694435
54.539490819138642,-0.99952616136490779,-0.32015969748075651
54.656577083906328,-1.4688419981133256,1.0709650928578038
55.238186208908623,-1.3533722628093725,0.62233573346768489
54.595950235477396,1.415995849493229,0.89650251793142999
55.541052364317018,0.72777329777736832,1.1180163339141422
54.902002730981351,-1.8112231914718384,-0.9152822007195216
54.682471068948701,0.88980495929806369,1.5159202375324778
56.364519271083694,1.0502124305241225,0.54863323474600489
56.136491513901525,0.9723905520383147,1.1046383533907327
55.545063823851194,-1.5673881845014175,-0.54445902563438997
56.248224041700105,0.19155133602640828,-1.6115565850250653
54.898133803253522,1.0761140470315969,0.76607121319547622
56.256314136941647,0.47966997625367186,-1.5898316371930898
56.067378526773112,1.4910130273218822,1.1535829743282893
54.77515687875016,1.4314155901095351,-1.0118145248928623
55.312100076480959,0.25589881675094994,-1.7578221308737749
54.955733025881827,1.028355158678232,-0.98721309945349112
56.220388322990075,-0.10900786032856792,-1.305424339840471
54.603062783024875,-1.1993018683741483,0.99277551820903298
54.606122241595578,-0.47696256590295016,-1.2911964140995766
54.452487092435994,-1.2220481388590061,1.2273574742310775
56.368917694623484,0.19025670192980851,-1.1056017418306268
54.959518274403081,-1.3664274759672725,-1.6424960431707953
55.148994538668269,-1.479659204984479,-0.71409160083910306
55.691191773593061,-1.5503364590679543,0.84384165873618633
54.511286906021972,0.49213142631009305,1.3008180828697538
55.783868432304708,1.4302661827252332,-0.81168970657288697
55.26672343692254,1.1647709538523101,-1.0293258673171126
54.847189946209973,0.095203162668609606,-1.0339205410390406
56.048820696520686,1.6845287468743777,-0.062703450625323287
54.501394942252482,-1.8548509049931294,-0.20478746205951651
54.57078019198989,0.64392652637877312,-1.7967440559555405
54.88173569671239,-1.0227321618209315,-1.0249779541425985
54.626909519141449,-1.6120997818705847,-0.76635364455247856
55.499960032251821,-1.2593188908034481,0.85886103251911328
55.809458143788504,-0.30779828216248334,1.7272751739021504
56.120280391012763,0.11046178733402141,1.309930829623384
54.405142223225845,-0.6788699055481846,0.92738256572182232
55.257465315282936,1.3174730821060505,0.12729800792382234
55.11396927347829,-1.1564182251540494,-0.94234668154655254
55.222637627296358,-1.3026627066682057,-0.022929229598489358
55.80105591458544,0.93258200515868439,-0.96492223133438915
55.678343673237819,1.06042881229039,0.77952646305726547
56.033954223290216,0.84209421520193883,-0.83182894834323151
55.737403819311687,1.1280576801753235,1.1030965440592044
55.252692178613557,-0.75989656864083355,-1.3919508056259995
54.685099818910693,-0.52436548352247692,1.9048753961921243
55.123185093347601,0.15255128291796646,-1.5466366189393252
55.428665014456996,-0.54646504659820883,0.92973954771085476
55.976503264560492,-0.95900256782394078,1.2219433419011934
56.394404236183938,-1.9427260878757364,0.21367968167669185
55.595413971417457,2.9000906039208547,-1.223101829038056
54.897753237441009,0.11920305854729821,-1.5910190429038329
56.013559652272512,-1.6766327651276838,-0.72084299875253444
56.061984249944679,0.56271141184991591,1.3722349357208052
56.068533755572531,-0.25987653940320754,1.505698486784387
56.467256178802224,1.2979558995171416,-0.39657511985713251
54.661653808306681,-0.64298310702545902,1.2251791116728905
54.61094180694824,0.069692276540719383,1.6197544950635296
56.400315680824662,-0.49059376529181359,-0.97765840922732339
56.254042942383094,-0.76662476688743597,0.82981996719517015
56.318366336301686,-1.8284898061427801,-0.61025303176158374
54.761193654292676,-1.0670398337061993,-1.1028966533348223
56.119700499802398,-1.1002328526401386,0.98470190030078764
55.978498312213127,1.5844508982211647,0.11105857643364488
55.780014534539511,0.87613867268829848,-0.9980925491464524
55.320612897402796,-2.1071538087341541,0.19784068253898351
54.826101943979737,-1.6778166460478421,0.73044510507330729
55.308456793495161,0.83317802599330282,-1.6129780472541846
54.397644089317041,-1.9567591077696214,-0.36375516193032043
54.717273208166333,1.209539353059796,-0.8175499844617502
55.593929454179118,-1.4157833799189603,-0.7665679442926786
55.000998607242835,1.5387131565539844,1.1927240248348676
54.641148588636497,1.6888711766449691,-0.31769852287826805
54.727341637017709,-1.4078982735144949,-0.17232174208501158
55.223261803214037,0.36102846517429021,-1.4157030744909043
55.570539482403369,2.0720592363520756,-1.0742252556837764
55.879393017487423,-0.42614590445445227,-1.3391269560971317
55.078043286701302,-1.4260348990200169,1.4059740362743456
55.709132155157391,-0.96711597407436589,1.1910926848042367
55.494281825515095,-1.6063247669545253,0.25761672904928518
56.271241585264875,-0.816210190185094,-0.60906328225944539
55.831585039678494,-1.6948998165303051,-1.1565863164540122
55.160815254519356,-1.1864032789471344,-1.788989104700512
55.881873698191448,-1.3126018371362949,-0.42546549786829918
55.286419427099311,0.8055903533074551,-0.5513815417656065
55.6333637532924,-2.0645504781931008,-0.40573641984598385
56.535482774867944,0.047862441513136532,-1.6608710748501208
55.33217894127921,1.2360030872973058,0.82816072613996172
55.070422448922514,-1.5821575537193675,-0.47950067262720925
56.376308028319954,1.1571636774492648,-1.1260874753394405
56.189143620906385,1.7092811961433376,0.0049240399742141883
56.268315577475597,-0.8153172134036607,-1.0961655462767783
54.71200866365875,-0.24837164295368927,-1.363928030982904
54.642209919409567,-1.7806009253643706,-0.42432333514131526
55.535655518875508,-0.22100660459594867,1.4339304828651434
54.412888914572086,-1.2872903573195349,-0.076794358658008308
54.510397923422346,-1.0010485834107574,-1.300004957375243
56.318501079166467,1.0507448664362768,1.2360662371990698
56.300519199995833,-0.64870094999959949,-1.2239092534649114
55.130807755521602,0.13501177943462903,1.4672571912721615
54.936713018606461,1.4992703690932923,-0.86612929015742801
55.450038186646957,-1.7397792878990694,0.042348391948803979
55.484664089915661,-1.5179165719989798,-0.296353105744731
55.000219089000069,-0.84671241702785682,1.5429866878480527
55.503525929698853,1.4699785785543173,-1.0648773622408794
54.900476871712939,1.6928367445206034,0.46554064600770878
54.901625158519046,0.021329738424542596,1.2971147622719992
55.470818110895522,0.94421254388019071,-0.73516242232596629
56.390387798706819,-1.3503499453638745,0.52989348156522342
55.019343510746772,-1.075316813494003,1.1754512444158527
54.964371586434524,0.28735405242563217,-1.2661352687771459
55.275874876860698,-1.3045628699470739,0.92701120097448431
56.357691433459181,-1.7984281012009455,1.231829586698878
55.610278187976924,-1.4925275864723448,-0.96312814176929973
55.028814964599931,1.5353296880915084,0.30810459638181359
55.132799030924865,0.68754841142275025,1.5066707893609139
56.201894269862592,-1.6204512749072086,-0.40340651304880187
55.13370704424721,1.0944218254387175,1.3379385453002319
55.979399114401218,1.4988479543375421,-0.76009646261953068
55.976131439979049,-1.4353775971994591,-0.044564110059882783
55.806953318974507,0.45981331860071478,-1.2290697933691845
54.803426901791731,1.3310966025007698,-0.43531267454555422
54.568817972594289,-1.0511133161696127,0.9495518527152218
55.541314290862438,-0.41674380670962458,1.4125604899915589
56.142266445494684,0.58880259875932484,-1.2071546273457889
55.428544898074939,-1.2968957504388947,-0.748916905224004
55.540988413910931,0.57754756487439818,1.556442255395134
55.510728896966818,-1.1535807490491976,0.96636466645353114
55.723956141135574,0.1167165917425127,2.4787624039046197
54.464792448710561,-1.4590267791262743,0.098488294070942978
54.642865720418776,-0.45966167015840342,1.3176412888130022
55.876433837636526,0.73314779421643372,-1.2499428781093058
55.433513575955018,-1.1752872434648844,1.0577155006462398
54.426832252369337,0.44475450773182601,-1.4158681853083324
56.321295467329058,0.57726288463482311,-1.3468485122370735
55.469648849712442,-0.73930211983506244,1.1535224495501348
54.693676050328335,-0.63107684789124074,-1.3225198459173546
55.221460403082737,-0.80708695970088751,-1.6038119682502046
56.106569013798975,1.4446762532245052,1.6273223292587498
55.33234994038861,0.57837028439847793,1.2856303396182966
54.523599763750347,-0.99564551387647937,0.15087337084356353
54.687461210084393,0.90947850306248779,-1.2908145927374026
55.056043636197579,0.58165313837705646,2.0755911561402236
55.812008600198737,-0.35325440635663768,1.7486371823262161
56.475478174969169,0.82870077516128449,1.8396049658923501
55.902207269014461,-1.8844991966024156,-0.52027567494631199
55.629003009523743,0.19211210432761097,1.1896757036918797
55.955461459042262,0.6485704025286898,1.2049092305789442
55.795982859512051,-1.4272609109907859,-0.010511642381461949
54.71787204078597,-1.4012148179538597,-0.91407627864989394
55.352195928475354,1.4146925456512203,0.56155450030704257
55.565607813787459,-1.5283270762915953,-1.0902970626814112
55.506797033160574,-0.98022251829529994,-1.5843374928132961
56.216017389065122,0.63374506573202305,-1.3229922103065548
55.382623807850983,1.6765367626062144,0.63967566810796317
56.089650746234824,1.6114459654605418,-0.0034011716693775158
54.965637666545938,0.89813447472120478,1.6367074000836894
56.262578409360508,0.65866291914378272,-0.73509941083856456
54.673272161099213,-0.19372998432564945,2.1281749113811479
56.498922772304567,-1.8657135650647296,-0.90301538379282242
56.42407869881341,-1.0142926587227803,-0.79893388628125328
54.919552025034633,-1.3422476462202084,-0.35860720570147692
56.43330637828744,-0.67887716608260851,1.960367034830945
55.349149219003323,-1.4893879733863968,-0.54459574688907364
56.001478030777115,-0.35416172098172671,-1.4083112209335888
56.393570702576689,-0.65189065522246248,1.4849512804156626
56.088772204502789,0.18597456595362599,1.2746677213332318
56.017772910201565,-0.5888842908400026,1.0056243587311708
56.285373096485223,1.2279611494105003,-1.1399217818899292
55.406980663813727,0.8046634860866908,1.1929308072053357
56.38739507011411,1.8883200126590309,-0.58308650043425891
55.640135077582535,-1.7534852920571522,-0.42893046441898497
54.607056165396763,-1.3509652693400624,-0.16456068598131141
55.357449318925752,0.6609020817993303,2.0113080389633904
55.461682702336986,-1.7349440909611344,0.1897219910649911
54.795687447113956,-0.83063266634843014,1.2099679885492309
56.139447553948159,-1.3053856588067649,-0.91541957788882322
55.562706654363204,1.3812927208983599,-0.26639321869080473
56.461331707198141,0.80244637156758547,0.93245656428319768
54.405674294255604,-0.073802476940703507,-1.5033471423238276
55.757578485279943,0.032604709239079301,1.5771187540689788
54.767598181849237,-1.4091302825595837,0.77664876779637582
54.542984008850986,-1.2154137479888147,0.8782036469577541
56.064701988943142,2.0101760870583911,-0.59744443563862404
55.201052119030358,-1.2075793974421205,0.11436873562182089
55.983930218332759,1.4876887191935062,0.28350097587526041
54.615437065873891,-0.96525425224220485,0.60131505676023589
56.270300875281769,0.53162793146708331,0.99148964191510658
55.64348179717615,-0.8770269218427309,-1.410209963303779
55.869761042713726,1.7039337231208758,0.68074403008284423
54.644424270957224,-1.3011847120928044,-0.767701977557113
56.061334114751524,1.3556872865027747,-0.59593894889344701
54.511529190475699,0.9554029486922665,-1.27052991493754
56.206949742635665,0.10173252305435439,1.7939949584329489
56.016215457968286,1.4566266543954776,0.29384352730943697
55.356165785449051,3.1037708881270434,2.2854688231310747
55.597313954492741,1.0228395828585024,1.0610483606691277
55.66685719994031,1.0047230298962344,-1.0873786620806845
56.079208903542273,1.4417583821226514,0.9798927182895999
55.824700041138506,1.3287931813843896,0.58157829521705295
55.60020510895454,0.14412785383915511,-1.1880821737963909
55.580583190495318,-1.6002189883800015,-0.37089331920871221
55.069038381964731,-1.4754429348727138,1.1302271605423668
55.993225243394626,-0.98637679801146916,0.38312736864861213
55.119640521378599,0.70237586740593094,-0.88921231822622282
55.9544318919056,-1.3496265221196135,0.33677464270708679
54.53950714866528,0.12375074853045059,0.88246696017243254
54.916019419185695,-0.74328507524125587,-1.6445165723276276
54.98890878022506,-0.20824252899493872,-1.837126080976655
55.609853680164335,-1.1790120979603427,-1.0826343207067195
54.687133496534351,0.72011376746280931,-1.8025239543651683
54.654846612101259,0.55918915494632393,-1.5314110285517748
56.242323954658865,-1.6327988841370633,1.4072093138283917
54.501670109831316,1.8496610839274874,-0.43337533322321775
54.905755281463804,0.63146845511107708,1.8765739551630227
55.792304873857177,0.32870876219004075,1.1428022047449637
54.689445095827409,1.3492571348015057,-1.0612451750133818
54.988856381417499,0.049059768888265777,-1.2946185366007956
54.576833206000032,0.66093709094409214,0.6878221915147007
55.119989832274705,-0.87933766966773153,1.4426971174738359
55.363382680995826,-0.053458747041123023,1.174928689307043
54.656296831364202,1.2759235601291015,0.78262509317723861
55.096169656365561,0.78321297543146251,-0.99127201261520903
56.380434034929756,-1.2433038217428201,1.5990374867181318
55.982306091703379,-0.52345416987849214,-1.4011411559689411
54.9656155173843,0.13408592161395455,-0.80101746869586687
56.075394129309622,-0.76113516333958153,-1.0816832545635453
54.787558942677769,0.077032471657116408,-1.4628523824899378
55.924185977429886,0.49911525307890764,1.643208103790432
55.536744082179446,1.2775616575033395,0.54860144783246989
55.181085158380945,1.7091897032323653,0.098996504032600671
55.603864207883177,-1.232927289813782,1.2896940527331131
54.966301937719258,0.36709108910791477,-2.1321009788534986
55.385217698822586,-0.28272920980416061,-0.65660319093026143
54.902443838520462,1.1269339041707347,0.45255064932577876
55.714916204674779,-0.20913248016136218,-0.72622495657688801
56.372725671073368,-0.02312654857381095,-1.8227761196868513
55.778253009320132,1.5738020516837659,-1.0166185957429681
55.004713754933185,0.65182032388707667,-1.8178011066442183
56.111542738069474,-0.65274248266575552,-1.2795718995142735
55.656126084676913,0.40991845644445762,-1.4968696385337599
54.939474554710948,1.211914037698582,0.87168547035253718
55.89956869813583,1.332847483609829,0.51041966429333774
56.423502248755391,0.1221151156718943,0.89902732768716564
54.72310021714646,0.56989607995520508,1.6208735600740283
55.698382377633941,-0.097419059341518094,1.9437086515349149
54.893257770714904,-1.3450966649231195,-1.5747449128520052
55.375097211401254,0.55730089289784934,-2.1403406940186587
54.960254613375135,-1.39634335186884,-0.070785290025886405
55.319457364259861,1.3428922225938378,1.740680860211927
56.385522021628709,1.1929262474779825,1.192042687436792
55.696986042751746,1.2168368361225439,-1.1680065028317204
54.759262069321068,-0.42707990480094737,-1.3822556227422276
54.795448607076679,-0.88573085657121675,1.1474637904893663
55.781582245135475,0.79556480845826305,1.3545352254004748
55.646582366968524,-1.5404094056220761,-0.79563818911781181
56.015209202588565,-1.0905975254319844,-1.1302187936692363
56.231652078536484,0.3108107213503532,1.5463402381953033
55.805009409858009,-0.39709781737665362,-1.1408852771872677
56.15961092436725,-0.89439808984125158,1.0122926279820992
55.017649703160529,-0.41822388898921387,-1.5370228681609766
55.798058783539247,-1.2818485089279044,1.0029358999067906
55.797953395213582,0.54806195102999022,-1.426069555799097
55.348622054209351,-1.0976711081147048,0.34806688459917973
55.800932972528123,-1.6950841566682606,0.052561026079903747
56.05489348848667,-1.3262223152133004,0.55583342936868085
55.273830012436775,1.9381709356958863,0.30576870750359597
55.047025707788492,-1.6874307457578517,0.20211728125355652
55.649884988831275,-1.3468181901059142,0.85622152343693692
54.938279195699714,-0.85998959664253238,0.88244738784083221
55.676673783275433,0.18879375901534132,-1.504146261103954
54.715180704313013,-1.7356658711547894,0.25239282637022931
55.324985213167409,-1.0007133677634232,1.2003341212281973
55.217916895219687,0.8090250817986292,-1.1175727182801547
56.509712087851511,1.5820447937196989,0.22635800655076449
54.82238215103223,1.3123894803011378,0.52374395879694191
55.896283136647632,-1.0603478539802249,-0.84581929593590433
56.246012629368593,-1.2577167263112883,-0.9226243005392013
55.942621809899968,-1.5361825671145395,0.085827997897794592
56.420041472115912,0.83877878578612353,1.1390595862898643
56.232151978416319,1.399540719444665,0.97576942029996994
55.644813677347166,-0.84612247503216098,1.4329831259126939
55.351938363160194,0.56253825657093603,-1.3705776932789446
55.680884710266618,2.0120924407222729,0.31523386852542146
56.094678580855501,1.4770863811510468,0.58566732768376628
56.30949565157222,-0.68313031162442905,-1.0738072329052821
55.471445720817819,0.87595306580092502,1.2901392949003605
55.955482411049431,0.21079246199812329,-1.6564277750548408
55.506449840322674,0.25072661546669017,1.5993383512363504
54.61919308637129,-0.52982888918916116,0.2595744280693737
56.207707710989318,0.2922315384247911,-1.6136519626346688
55.020539917763834,-1.4910486802115517,0.11161064308548643
56.190033825283855,-0.84512208196103877,-1.2649585081652079
55.541006031928731,0.12022454722121073,1.6657988445220395
55.5390000139259,0.95489491326725917,1.6762046861773772
54.653650645382427,-1.8423063657418455,0.72467885710975133
55.834259516128597,-0.32551942211958396,-1.5525454190518089
55.711761560515235,0.82836258516413319,1.3149449515777516
54.630820341782069,1.1846639994396708,1.3561953087454075
56.412723198018135,0.065102627458154302,-1.5831075488634891
54.768488574534132,1.4036107821914474,0.043232535370775545
55.986845779686689,-0.39905870895399442,-0.81132376544604901
54.783398079881536,1.5147422464479343,0.17530664630337919
55.101380053261856,-1.2157067964492045,1.4367276926204693
55.352953408775825,1.5014530340018799,-0.70550794325709509
55.406617230775844,-1.1679527919006727,-0.46933622791183627
55.784849261418266,-0.96080156199321165,-1.1782621292973423
55.108005218484578,1.4792641413978391,-0.3955185193169431
56.205032692494726,-1.2463408056471263,-0.35381796144161987
54.579329006792435,1.9423613085261273,-0.91877228144352452
55.680489643306629,-0.79367241476195149,-1.2692337165014527
55.751223846415996,-1.7309938055239864,-0.071367836770691265
56.464677776359196,-1.1735384490307392,0.41286674806461382
54.9547039610908,1.0369072826590611,-0.60407294278625856
55.662189698781781,0.89644778280291781,-1.4222274828821795
54.868922911833963,-1.4538292511499671,0.48116775574667209
55.345093851208674,0.40257954881989511,-1.656198637524714
56.547195160690208,1.5580441698925946,-0.95073623504276361
55.415895379481896,-0.53668273523196153,-1.2731934253160357
55.833954635723856,-0.9433061203888119,-0.84892722297285506
55.869191097952346,-1.5913001753214668,0.77917709235985266
54.929715273089656,-0.37535950604796509,1.266477937455843
56.183184012096049,0.96254019149732595,-0.73726905095078032
55.470145560673359,-1.280167847189905,-1.2604851689459544
55.134560097680854,1.4085294464934739,0.12115398336027312
55.05368940858618,0.27045549862871499,1.6212499777816809
54.900000491294776,-1.2138657424955621,1.1803112541180636
54.862878810193322,-2.0207023423197046,-2.2054573293020709
55.125666998270944,-1.704912261316091,-0.4760825084497548
56.362094768686433,-1.4383978371000674,0.01130887017894636
54.674142827272938,-1.7393067718674116,-0.69523830649246077
56.018604698756555,1.3059022336355355,0.46824852448834303
55.261343877790395,1.6061355644808775,-0.3667557129727847
55.341217545323303,0.073944423042998447,-1.3980671817978663
55.400557752517742,0.90778094984325464,0.88454866041669244
56.280386863506763,-1.1114372924337741,-1.3309455760594513
54.98197934323801,-0.66691214184197678,1.4615857265328374
54.910804908514905,-1.2647674291110755,-0.070677097382309415
55.646126201386721,-1.9595038078136131,0.34100667537425078
55.604694749031417,-1.4101600503352383,0.36953973162436909
56.248514964439323,0.83250347749128728,1.1931391797429181
55.372471543732097,-0.94910251043274629,0.904204312583476
55.390447011191696,1.4077166930332292,-1.0101633887709129
55.754482163913138,-1.3656866901837776,-1.0819809812940417
54.659183975134283,-1.3583666137035191,0.83347836586082213
55.638006108107483,-1.5171402163965182,0.07329863861671683
55.480566073579716,0.11625719965577604,-1.7681077746535216
56.13261277131636,-0.6111770405119884,-1.1563116367007806
54.494702343577167,-1.4030959698974974,0.30385689395227072
55.608302773991134,-0.85169231830941183,-1.3108427152397302
54.826707056989655,1.0013144980202753,-1.3065150011851039
54.718615608553684,0.79541245779451664,-1.176415811309961
55.37784059747036,0.29382658972852527,2.0576336103382897
55.680496425505787,-0.89205422907095788,-1.442797641381165
56.266929789496416,-0.16020808314407484,-1.7702105299775766
56.3842306483794,0.95239734141855181,-1.6498077173111443
54.913382766970905,1.7472862323330849,0.29505256943636671
54.764512192187333,-0.045982695167683732,-1.2399181554734557
56.335185600483449,-1.0893286419294994,-0.88492812254469666
55.862750191181597,1.8124099191413316,-0.68125014424358576
55.299646802065837,-0.29947163933844262,1.4344377787240907
56.376842891481473,1.436211625118381,0.21944004553167989
55.089949118363187,-1.6839628209044477,-0.45911802388338468
55.78747607964965,-1.5349738588019111,-1.0752373377174431
55.971054968569291,1.4355475623163672,0.56265504271520173
55.794757134452858,-0.66565050868075215,1.6699862494033848
55.262708174558789,-1.4940716014478392,-0.47973900836350097
54.744311327846553,-1.0395593524334212,-0.40092575136598019
55.102508430398601,1.8651962024072588,1.2520590261461575
56.318040833158626,1.421234541942592,0.45972137688795717
55.425653371991267,0.48317132454053896,-1.4983722134357751
55.750368135495719,-0.56177969259645844,-1.3010985303192868
55.443331085404793,-1.1195443947425434,-1.4734697872502638
54.546430920924102,0.72492956360106375,1.6308074503523498
55.662001571365579,-1.9152745949006942,-2.4073249222973816
56.11199251702029,1.2791748268252574,-0.46827237682937473
56.355080119447457,0.16614699898198831,1.4320564431685143
56.163637391287203,-1.0996182910522927,0.93352699626417457
56.211629882653895,0.53178277099893168,1.8416902385662202
54.52428037290575,0.61120624394176404,1.3561907663501303
55.758071015325918,-0.48417487960441091,1.3478236938464137
56.010129432349729,-1.066300755706407,0.3956743328579938
56.361546150750463,-1.4044899414629262,-0.13674705091595929
56.253693325384617,0.38111952563144413,1.2574492909974346
55.49988356303254,-1.2538483862375136,0.65947448007873488
55.274653389474793,1.0441351952478564,1.181988473822603
56.293982546418668,1.0053783553744691,0.4930918043288175
54.840035333572281,-0.73361868814910203,1.4494289026411291
55.096560773489678,1.3490083712013718,-1.2522722278187743
56.573415897594664,-1.6070087815470357,0.69798630891972357
55.864023216101501,-1.6752874974398964,0.05003860816188966
55.449535955125938,-1.1241815428849202,-0.75109343542287155
55.376557461818365,-1.1289794837263298,-0.54055142167270698
55.867212189455906,1.5227514179133779,0.65808113349282993
54.599727504675585,0.42929837811891197,1.17944523697383
56.26189849283255,0.88683325313050509,-1.4617821297245901
54.571060975860782,0.80723399648339977,-1.6803649383754755
56.177556808178615,0.46637414165934765,1.8371113829326939
55.174741440850191,1.2510958101503244,-0.53534486507295176
54.547510307199317,0.82484278959486979,-1.0667052269702355
54.657720467662379,1.2171783858982332,1.2645622969886501
55.880582435455061,-0.6812669735364012,1.2644631809761382
55.353734890347781,-1.1590189810629712,-0.45658552754027404
56.326115639434946,-1.3350705084176155,0.67869063785228145
54.487089799402618,0.030571895501591801,-1.6150688804923619
56.045102104053719,1.8238406349852461,0.49094729304856505
56.256438345432848,-1.6407992582974913,0.47656067073236941
54.870251877084435,1.6525716603615008,0.0082467689132971981
55.658859604188812,1.4514447091959708,0.5702074766013544
55.744129608266938,1.1150930991192993,0.25356692277019482
55.688870136163068,-1.0213017722757656,1.3883512636804662
56.301230479701381,0.9041457988088577,1.2280218594335488
54.906079341953273,-1.5633807157139823,-0.31435384869919591
55.06897151759685,-1.6432163430329738,0.52631809185580225
55.993799614367234,-1.5804714712839998,1.0240188334926039
55.628609136878694,-0.8236276756435551,-1.0571884498761852
54.715563960839084,-1.9469583668145931,-0.65288855049027616
55.70977101842211,-0.77957506988143599,1.4668719244175334
55.383833921359432,-1.481201352114986,0.86098873689319411
54.645257427003251,-0.31178912245122936,1.5077121343256383
54.93052973195001,-1.585082483020154,-0.35046501047839318
54.956356322391031,0.63762542528637678,-1.0921948778655759
55.889677747867694,0.49708687595650908,1.4617805017556365
55.410769567774068,-1.2729879098297106,-1.1468237241543318
54.511188379017511,1.2474535467867787,-0.71772076819541608
56.085377474513592,0.63596279969297698,-1.1167773128446759
56.04346220251594,0.8692914600835121,1.9196286489748884
55.754765927426817,-0.41572527834884065,-1.4955075754169884
54.743968745970427,-1.5711011335645071,0.52894158657372403
56.037824895254658,1.8196782048190028,0.32437062321627519
55.188204190824557,-1.4325252805298279,0.43401898652653831
55.13414251509807,-1.3207423035550041,0.058451747816873609
55.480017910250098,-0.26475006461802447,-2.0239891691020864
55.075536293534476,-1.3729074656225224,-0.86386906680996689
54.659431206773874,1.2323701220225531,1.0583270145363404
55.807069737991725,-1.3279127118243281,0.50611006502185363
54.620956938914105,0.41584433053806746,1.6830938807160725
54.816700810174886,-1.5458990296690556,-0.47017992959661237
55.793248210767601,-0.87759134460627464,-1.0867761261007145
54.472708874147585,-0.87826638140135505,1.5372235886246839
54.760112796242218,-0.97880383325796427,0.89222945035165324
56.250034134865871,0.15270046889619329,-1.5910371681855286
55.72561572437138,-0.03493453042043649,1.2971091309349596
54.700276945303948,1.0594808098850994,-1.2896609916241013
55.443772835224379,-1.7445165338380566,-1.1619040239315352
56.31907388613827,-1.3132464317166883,1.0222616154085429
56.245193992254585,0.51998888655679376,-1.169342845850408
55.007613991754098,1.319290733369316,1.005610529190829
55.29301181910796,-1.396336213656834,1.1483085424202479
55.016836510047852,1.0002562758646576,0.5620855219661961
54.643457978912679,-0.12538071745767226,-1.9826728739512272
54.721176175934154,-1.8715513778880921,0.25988553367078593
55.230243486391664,1.3994690673326933,0.76778417395932241
55.310817477036316,-1.7518185418909651,0.15284489514075933
56.458187556295705,-1.3006573451524064,0.32514364558308673
54.459371538930768,-1.6709930583778836,-1.2501125756907652
56.446003240162874,-0.26722424032313197,-1.1909586142194171
55.933692657138522,1.6065099724814573,0.82050349509808085
54.953892167634429,1.5542938611743349,-0.16270580768592638
54.847532921507884,1.2913584058459189,0.0059181126300066732
56.668301612570211,0.6109564466272962,-1.302449412689265
55.883259621146834,0.4347011154482151,1.2357067167768057
54.57905684706747,1.1251415373266873,1.7407568049555477
56.484361196911905,1.7653703276195585,-0.42255317952194227
55.895151583614172,-1.2098284099640086,0.11933097600209253
56.477440191257251,-0.54579716076144624,1.2064161228168748
54.631519245520266,0.83027619807659703,-1.2042305163160583
55.934780027118755,-0.56798130280796244,1.1671434001793664
55.372007506030393,-1.8940074352167795,0.80772805560327732
54.571089323775382,0.048509752782294253,-1.8939868782449194
56.180794509531232,-1.2784212609574142,0.76111949958442127
56.361429405736317,1.6701616251638576,0.44153829722269938
55.066603532433376,0.76683354161899464,-1.0766654323611584
55.630310133552641,-1.2513251559547858,0.73109771702696424
54.874004551541105,1.4619338176640033,-0.28964121239557289
56.087349126905082,0.54238212644884343,1.0613462485636558
56.359783925509703,-1.1039100372548183,0.95925002764650191
54.492646084611742,1.696044630317429,1.370448117597685
55.032695308631475,1.1806828992612977,-1.6951055792653456
55.015761265120922,0.80912374252181551,1.8376365281518867
54.535659008510663,0.64381237767294153,-1.6329289177273192
55.031865924149713,-0.36969083062243696,-1.605666167581103
54.699006740742924,0.7561078186902932,1.5145169346437353
54.409338294675493,-0.3371124727353938,-1.5866517418660058
55.287061069580545,1.2510728474042268,-0.52953399938312995
54.613339350266081,1.4370372763367092,0.54809681169725011
55.92160475368977,0.96967478303963217,1.1823185866313839
54.692949951263863,-0.25133399198429168,-2.1211633764642936
56.115830713327668,1.1455028056834227,0.92855534974931819
55.007011930711435,1.4786223141864934,0.2063145193681768
56.367357910044198,1.4408449148057703,-0.40624413728559533
55.715770048372811,-1.895518083423708,0.079875776701571907
54.975958017262791,0.23527712106257601,2.0259699555909312
56.005107976213864,-0.86729077266906129,-0.21618755600925302
54.722821439227019,0.92135141856194458,-0.84673934974839793
55.994488509671548,0.28794481756488705,2.0835015905421508
54.619777975996314,1.2371404647258506,0.94841908924300078
54.660857549426957,-0.12215932507672017,-1.256510920716039
55.094860008775512,1.2361239820482444,-0.2076702335418969
56.249067764698502,0.23160704177537755,1.6433206791801622
54.815303704874118,-1.641377341587988,-0.036390927232291953
54.737070660101537,0.61911357560597435,1.301370093732269
55.98314094836369,0.91255284047208185,-0.82940764008394796
54.648358226416981,-1.7054038653423673,0.1547631540278584
56.406974426845274,0.41704206945093575,-1.5599346488621861
55.349946057639706,-1.0945674854923972,-1.1425463063654333
55.548683139944707,1.1397008887125493,0.94483136640046939
55.829724289100078,-1.0390118334055258,-0.75576304841508801
55.643869708092325,-1.3065323830727247,-0.097979841823247649
54.781776428970353,0.87707687905145504,-1.2082680902610512
56.096999381540265,-1.5807980719996582,-0.16469661895425136
55.213762003606199,0.25747694904491125,1.5377699610601869
56.357379194331287,-1.5892655879974655,-0.19075751812833688
54.778958824262503,-0.07285912100555833,1.2037995842252265
55.611028887619781,1.3400363097428818,0.4510940999225832
55.741788238900028,0.8707968071318708,1.1011924646737852
55.806971228370045,1.770057150583904,-0.13650889402496841
56.400932867483206,1.6471069779923069,-0.2385670847060101
55.712764103395031,1.476587200681188,-0.76742244179067953
54.641596666347844,1.095282407755507,1.4070664066566398
54.744239484960218,-0.027550142981646302,-1.4384175990470942
55.566603060720766,-1.3982383569286294,1.3817245261079025
55.723085787827799,-1.0016254778372353,-0.79615937348742194
55.755610341628,1.2856316643544159,0.5080074777978113
56.267324408850463,-0.85150220305407009,1.1403508160488869
55.448473765495585,-1.1195299354944352,-0.53615841778922335
54.677332931343457,1.9703618670660761,0.41345547822760753
54.886175824635011,-1.0282641949605549,0.049810276472268676
55.013910044707501,0.99749864730738114,0.45250144986051571
55.196949703780398,-1.9183471667669991,-0.012227926108245843
54.493490009965271,1.18015671798378,1.1616972713784928
56.483276460864126,-0.70672439980157997,-0.86247217839519508
54.989361812613303,-0.010501514309045074,-1.5331831095028823
56.208997812127507,-0.44641674290763145,-1.3529187847913235
54.875960364389584,-0.98563156781277028,1.6022323247936878
55.532761502871239,-1.3034294538584374,-0.16196713045096459
56.020083800835444,1.7802777524005504,0.3876941931515599
56.144639954211577,0.87090361869965383,-1.5975655540151512
55.047727003764003,-0.12692346117991174,1.5674711513156492
56.543805159945677,-1.156643320724732,-0.96780749073663974
54.908441148621009,1.6878278321746214,-0.69992869047359219
56.480616525259535,1.2309301584730616,0.96471176146745119
55.479992524556522,-0.98279727241374792,-0.90451020159670614
55.945775010112143,-1.0374202019974437,-1.1938533068770825
55.475225626132854,0.33825212074171773,-1.3838526771926321
54.558165299650845,-0.29060395441017073,-1.976475179251304
55.744475134475827,0.96338131896782186,-1.6045091268496816
54.717403882227956,1.5482185281609802,-0.7948321850714849
55.956395694567242,0.97040581013423333,-0.58523565679792033
55.635592292160986,-1.478946483425932,0.22186750059035584
55.528516690439183,1.3860702148024464,-0.88073636449987258
56.128515519026941,-0.76166247396853537,1.5835141716468533
55.680543677432333,1.5496061275129895,-3.5995903404012513
55.262155160725769,1.1370346602353683,-1.256182489585709
54.536502469942569,0.32369597805355166,-1.4384846005707734
56.115961856199199,0.7809645654045505,-1.2378786782524924
56.066174971632428,-1.4912782609702908,-0.017153233774143947
56.468890750050761,1.5833012811992635,0.44249267145490712
56.309574480813495,-1.1007043822393088,-0.65981248858807706
55.326169087769372,0.55651448173875218,-1.4298013033700674
55.856784651101698,1.4446624101423504,-0.94076764403885671
56.424479050272978,-1.2041889597967694,0.63219481526881449
56.239539193900967,-0.3912690805204157,1.1473034194726341
55.759247438435864,0.49257723953842697,-1.8137293290734193
55.896821227271836,-1.690396312284143,0.38391146046212582
54.751869247600546,0.41227489735397349,-0.89798707359516849
55.511854387127769,2.0253355953702554,0.79992204668906497
55.587274508853014,0.49161606324841217,-1.4393765934282174
55.593161765117195,-1.8156270224775122,0.845359609063704
55.300333529713271,1.5201783350872531,0.4885876951243423
54.973035487131632,-1.5721806050861542,-0.017090175897184066
56.464480610298402,0.058091913777069869,-1.6707280604956802
56.046321588692003,-0.51420675277999583,-1.3229329255365154
55.628576205249558,-1.5616264777764515,0.30305868003766229
55.606937538331458,-0.84237927900128851,1.5174386071730557
56.027290123622166,-1.1287466386924716,0.21154015463691961
54.354587654012164,-0.043565158882035548,1.4644419758124885
54.484302410672974,0.84912212221375716,-0.73148730393027683
54.855318067533965,0.82282684509598281,1.2903770378122073
56.156679055530631,-1.5110040290110882,-0.59347762456218067
55.754052805270419,-0.25247556838725543,-1.6851972688529668
55.022090658232521,-0.65020828399114949,-1.2870477326649452
55.663268758747876,0.88147518824349003,0.29309331981708875
56.095072626854225,1.2710933361554111,1.5667306371336318
54.999740780717403,-1.538591305928773,-0.37228302102830346
56.490586346626124,-1.0800246406536727,-1.1734091933823756
55.548846666398191,-1.7212559747595151,0.2331539625848113
55.702778868101483,-1.6453321851547553,-0.16116451135055401
55.920836871465241,-0.66997296061020328,-1.5770884225202342
56.246523932875988,1.534399090163062,-0.53410278717041892
56.302941392618536,0.48195600932263183,1.4413063110802133
54.869803429425595,1.938068493981117,1.1335745026574253
55.602791314876434,0.4847573698538542,-1.546204148498348
55.08816385255993,0.73806839381349787,-1.0267947805819506
55.341805803308326,-0.52055259538210197,1.6380754234273232
54.797750466238483,-1.2377064699871709,-0.61979564811082366
55.529674198314524,-1.4424150795434989,-0.86528213775843132
55.301209242982331,0.78221792199669449,1.2519261299437012
55.128257448912997,-0.86773710780814128,-0.20484560884600514
55.718510700914415,-0.40880948938128869,-1.8520940489967563
54.998616264887659,1.3778709500510689,-0.26296052179357954
54.779624231756323,-1.0405853313478746,0.59467815373644073
55.4372356775973,0.51155065552517176,-1.1441720979574785
55.276899834458206,-0.51198209309385545,-0.03276542464588026
55.345301880866714,-1.5733314236968439,0.26204874221013452
55.857973743699638,0.74301348160391112,1.3649303966998398
55.609475764336317,-1.2549024675109341,-0.64086716294978885
56.190757835898538,-0.52820580531304295,-1.5869839210257342
56.057658642311331,1.4503504642214371,0.30869151716846066
54.992171942522475,-1.467073985681004,-0.0074041432651563424
54.908820148533245,1.7480493544975,-0.2267721696137138
55.719188868756319,-0.59869875514712589,-1.5805787754550953
54.696141789511081,-1.0322385702815848,-0.96463028104509951
56.102721787151509,1.5776760757370338,-0.62266962791451674
54.786667221749411,0.41895505719627329,-1.7818123941708661
55.55175985713386,-0.80692056334442053,1.1218087062868984
56.042251871976127,-1.1167283842816367,0.26205624164060137
55.434597445833845,1.5952841346875983,-1.4574721870509266
54.799615740768722,1.4110719608293112,-0.0015405424676133929
55.402838955034404,0.9970167132959602,1.6475358525123212
55.395498482244655,1.6501645433537404,0.042300340775722693
55.504891732724019,-0.96758769922747523,0.99717982731436072
55.128865613756787,0.46321059858567259,1.2994656313422819
55.487329909832141,-1.1171225812740104,1.218686031609614
55.066312800330593,-0.76975910991318974,1.3610612640219026
54.740490866692511,0.51823234227224801,2.1511652853188319
56.378621268329582,1.2018840256130092,-1.0774581123098939
55.825609742827602,-1.5887844502004125,0.30851839152902705
54.702145310881498,1.3189107185131785,0.28743951451817379
55.268166513677144,-0.39438308114147674,1.477915716361891
55.377410972794422,-1.0031494271227812,-0.84143999949846082
56.042107508258276,1.2414068406329257,-0.31416351384405289
55.181743594198231,1.8987523683514116,-1.0360766543888338
55.809068329115611,0.5538501565248849,1.3080673778850112
55.283384266447456,1.2111713861744926,-1.1352695576065728
55.098532892405927,-0.37086567159570244,-1.3982210451876611
55.56342455525116,-0.98696885837645854,1.2702881353595818
55.955797116450142,1.8062611097917778,0.2487220274417922
55.706913584311692,-0.13585018791790424,1.1581668251113439
54.917874697175598,0.089222248745436009,-1.6721512652140735
56.161017806613813,-1.1421484698430362,1.293696249258355
55.586737761460455,-0.66391400214166685,0.83416871149818705
55.9092719096084,-1.7002080752149598,-0.21578323710495653
56.069906224450833,-0.11957380109924411,-1.6254454291054927
55.466570954167935,1.5635453029372959,0.72527224554735936
55.286551155883707,-0.82980409687984347,0.97048284187626854
54.753736489892553,-1.3033301949231648,-1.4632966482523606
55.45935872613741,-0.24549256101487013,-1.2359288997303279
54.872990326655447,1.1588502679169861,-0.21456882960530715
54.615393456621476,0.16865907155751236,1.4734279529302698
55.548988203534869,1.1624435409312563,-0.99553703637753654
55.980850382151829,-1.0021628712076454,1.6215437429558295
55.557066509268147,-0.8789135917590265,-1.2762869594278439
56.325605998000327,0.71894672623556588,1.0087892657054431
55.350958155989623,-1.3223749479871403,1.1303134953595286
56.511497556700256,1.9540283451121734,-0.74609813360026644
55.551709278580127,0.31289645476454009,-1.2355814731311265
55.25079989308805,1.4324847293469514,0.25427824228019208
56.066804389657641,-0.13972508742808337,-1.7879630831083464
55.758307859600166,1.2161353609060472,-1.0032859720704985
56.404317822974726,-1.002224379698182,-0.66128402129253427
54.98003163519769,1.4493377478379905,0.36245532153356042
56.248067618098432,-0.8357335921715261,-1.2354688382837278
56.158905049917273,1.4541435131158296,-0.32580966067418693
55.23790324529876,0.8880419667471896,-1.2577581561399362
56.281562479213441,-0.1845756263821324,-1.2651902322347828
55.322465528847069,-1.3724937766684426,0.4288772439487154
55.475714781607465,-1.0027543145315478,-1.0554074713938004
54.984546572527258,1.3978779170925355,-0.60223630150238905
54.807654028897076,1.0234315597881483,0.85812897533761834
56.354886755662356,1.4198195231661765,-1.1537977322259061
54.800239887948308,0.41626081457147368,1.3533318260367995
55.293649167462902,-0.45851237835569647,-1.2092922807615578
56.318203734861498,0.52986433305707947,-1.6907536784749173
55.233575108480878,1.5004908977837284,-0.27373128363271093
56.031187902279221,-0.91913128630984509,-1.2450093855627966
54.71949284378946,0.76303377466112832,-0.97788207850726871
56.423257093352802,1.5202581386535445,-0.13608675318368502
54.58954122504516,-0.013591722992175545,1.4055885544559008
55.339123051147922,-1.6044153370135394,-0.43997634079052295
54.680341605946907,1.3978962055192043,0.55044108435556871
56.205593791719906,-0.77334472412015354,1.3332566298700235
54.949982199329945,1.7400204340686207,0.64047649782778604
55.13702367811225,0.51052560606772768,1.8769785433209436
55.35577173975468,1.8575738611838704,1.4112185662316781
54.680505299273371,-0.53196883342613088,-0.87254071079110551
56.111930255487259,-0.2842094516343584,1.9665952067962269
56.340172830823825,-1.1275275570805849,0.8490362134309708
56.474910559878531,-0.048561117931647982,1.2671207054841231
56.200598656952721,-1.2326657507182295,0.38768113939405141
55.833353594481778,-0.48485265781872844,-1.4471492171900113
55.704132253879607,1.4582921329769489,-0.85889574686713888
55.528981994279079,-0.11663678183160178,1.8875353900494816
54.869758520407082,-0.39694472770818767,-1.5613106046362117
56.367696981688127,0.68390227645874768,1.3162249958560395
56.366961497262857,-1.5164022763200753,-0.21825536822763364
55.922809679233211,1.389621304340293,-0.26215431231073855
56.298289843392411,-1.7289670871372476,0.47325682811778919
54.910785624717263,1.5983677947793906,0.68947103650290831
54.92584726560699,-1.6301670613536277,-0.080163875020148254
55.877058035974251,-0.59282128688514601,-1.7935159623091246
55.116087457234173,1.5270116666549791,-0.14042213566628148
55.970706049652918,0.78183526731633302,1.6512032381299284
55.758039783890304,0.73003206673230059,-0.52222299122110571
54.659804533824982,-1.2060065222626655,0.473682233040852
54.716977470493212,0.81783320821670946,-1.1539550477368483
55.799954697294496,-1.2962927151128951,0.93191973454697974
56.138594925485357,-0.42255427558822051,1.0464318928768062
54.796144130970617,0.7711733358494669,-1.6699298510596448
55.148092714783985,-1.3473500660388422,0.4062831188310187
54.896508723592824,1.3088393211546954,0.95180070330816657
56.025998030772335,0.28663050288491032,1.2267825154303962
56.3384381464288,-1.1528454486841804,1.5078690379524253
55.875667628221436,-0.6625911956197641,1.0344409402511081
54.773313406897998,0.27243278162101942,-1.7340283976820643
55.577131542078916,1.3726104801478354,-0.19926029790447761
55.91037943719968,-1.1066026519781189,-1.0448503803450144
55.237399429405286,0.58543601041025473,-0.90226062634209248
55.628454498166718,-0.65495779942670929,1.4345337059987595
55.208274757755156,-0.20616302409498799,1.7714940168369504
55.35021284322729,0.9280599423028919,1.4592003813173251
56.375051754210133,0.24556869880808418,1.3079492706598148
55.879456480824501,0.84588500502292119,1.4749545869245635
54.771254070700579,0.17152289289679729,1.4891704267622852
54.355920660075078,1.6850270485621712,0.82827459583209329
55.061587862437229,1.4441126782294074,0.151559291232642
56.132748675512467,1.239771348620577,-0.58506513372478108
54.493074616422156,0.075336236663037112,1.8116597848799301
56.452526588448116,0.90626447496244811,1.091008465125247
54.838936531519231,-1.2724187993553173,0.66314544544259668
55.834325071098895,0.015856576350168027,-1.6294449276706582
55.418236621553753,-0.66078379019167266,-1.7180138838587551
55.854132286174199,0.43673723214122484,-1.213485762476807
54.609020877223656,0.90870166236083194,-1.0116312681960153
55.19677983932722,-0.36874330293559349,2.0244927230166474
56.201461730689658,0.38882243333220085,1.370616389277588
56.062743082246655,1.3756674184586724,-0.58677236717527348
55.284829632045678,0.22941729928337048,-1.470538656835392
54.513234167028664,1.1895593626882208,1.4186571981453222
55.485319138337836,-0.88865308527776232,0.065740213812173168
54.74323814582516,-1.5998946223092478,0.45279594224240577
54.913146900662774,-1.0512718418896159,-1.3832387747409318
56.429362057561384,1.2489743369965995,0.96761797748752509
56.224263413888046,-0.46229220187944808,1.6981855348837465
55.934856971319142,-0.82068484452222978,0.92936542866883265
56.070418303428326,-0.52435235639836952,0.69332242764056573
55.839303134508462,-1.5540239558201772,-0.089196017730149152
55.942454315768003,-1.0680867091313315,0.83737581280272277
54.833583080327983,0.21518440581284207,1.6125291077613593
56.410765406957665,1.4253553363883797,-1.1186208999351137
55.184699515270182,-1.1625356219871086,1.3288102948990357
55.942459320670302,-1.7235830086646706,0.14598537286409521
54.903206115581746,0.77992490698942996,-1.4463650721606107
56.029472603055183,0.91181332549910665,1.0410433609064542
55.012885357724244,-1.7845757759079359,-0.44710138604634136
55.326805801662488,-1.4822782496833622,-0.71157684639705898
54.400138881074867,1.1591206950463337,-0.78268847589160884
55.820897569507025,0.051488751126328301,1.4973526833373052
55.894822476561828,-0.53431320002204541,-1.2072392733327915
54.583196694777762,-0.60591388254606926,-1.4907667737073185
56.126355778527554,1.5418147009417547,0.18210533851293439
55.731313581098021,-1.1924943502889069,1.5607383258766105
55.088391994344107,0.98001248885618653,-1.123948274117774
55.490446242064564,-0.7492611912222219,-1.1689665465805241
55.936268453153815,-1.1918887817624346,1.2137215582210519
54.473237707444341,-1.0181451447910759,-1.3876532800300745
54.86495108432414,-1.3866102293355675,0.29996529476932726
55.040424642167729,-0.69491602289135279,1.105358058301662
56.18048770504749,-0.24533484305064318,-1.5900792872082945
56.489634233045969,-1.3325050166646708,-0.84369746069878004
54.998604071001736,1.2219484024097302,0.77642275090169621
55.466707103291903,1.5752165463158572,0.43817210913245841
56.263306035910311,1.4828973250331672,0.31018185754516719
54.807858994746212,-0.89470702850516148,1.6982703294518637
56.286841629907457,-0.7884842861424648,1.3360506468739606
55.764753747563887,-1.088417671976492,-1.8678673466479339
56.286942086927468,-0.27527950851655159,1.4021941706527583
54.894575494782508,-1.772782397993077,1.3223839874497265
56.333055933734613,-1.6787396461274218,-0.29176426334688876
55.08200454560059,0.33828158102868566,-1.4816645297102784
56.061889101496895,-1.0446521270838949,-0.54008007520038981
55.789670861965241,0.21142794424542888,-1.6929536936532565
54.834879868900536,0.28737261947999476,1.3974197691851482
54.730129542234607,0.3375113712193557,1.7440648065749738
56.344036673526098,0.60743253875468817,1.409395793349401
55.518847215781321,0.46282305889529346,-1.9312702161191231
54.707671589594717,2.2416181013210448,0.54018167422076535
56.037735102158749,-0.012075719526288459,-2.3415605991441901
55.614186717367836,1.9822223402396699,-0.69977859859992142
55.647344707679601,1.199545942937249,-0.087723380370168288
56.523152216151693,0.84872555062246435,0.48249532049594285
56.36247122692275,-1.5704973613627866,-0.74836965707415282
54.720807349834914,-1.1528822791408759,1.395298231121582
54.750827507586912,0.43708852510209428,-1.7046790882684821
55.17299310514997,0.87608043804566604,-1.5914461892675824
56.233025066767972,1.0427425683286919,-0.22092200364335984
56.223879824499733,-2.0236251988776748,-0.49035555275674558
55.37265710875635,-0.23472454040735716,-1.4718871583692454
54.973037568386928,1.2438470389602345,-0.58304558439446585
55.714011319265218,-0.63729718044418804,-1.4705602310016059
55.422475282505907,0.54181677987545895,-2.2996783920591692
56.007931112518612,0.29881778033390788,1.0325242585956134
54.554179728117973,1.8513302972376138,-0.47694544058507826
55.02432303038664,0.93115439909395314,1.0145860907140554
55.364582012458875,-1.0097819806151365,-1.4901900881571533
55.607775348151421,0.61459223874980085,1.5008118223206863
55.964151278952919,-0.38495750190795291,1.6991397744943566
55.481629486573532,1.3819787177478522,-0.48005449301836078
55.714970782350676,-0.59146997224449749,-1.2222041228151554
54.644250510590354,-1.7802082898122293,0.12272331197066437
56.486284487722379,-1.4536069317595626,-0.088796039901318152
54.779230843765845,-0.63224686474042946,1.1281431337509826
55.895335850287793,1.7577531316772583,0.02802858197232096
56.242211426028796,1.4376329532256276,-0.30609321954851354
55.698811604478486,-0.42605149586435698,-1.5695298738590318
55.069465337853778,-1.3582027182476384,0.40223306100062256
56.273033718290677,0.99577130115731938,1.2864665966608915
55.657549226723248,1.2788628473690593,0.93578506658614502
55.928325538468904,-1.4565176354716649,-0.71303789730005085
54.459226119533547,1.8687218139126633,0.093613993498394332
54.536209678424584,-1.1223364270644718,1.218909500397255
55.230048257930456,1.2123949796389777,-0.87591040999252245
55.177953179693226,1.0953437840629157,0.9936760062325547
55.409263388352144,1.9377074778386458,0.3799943059975468
56.173934060583022,-1.1848524002506911,-0.58146368875878129
55.033922345499192,0.72879228108312777,0.98587760385396128
55.287074780782646,-1.550891939408241,0.51697933529772144
55.417168402584522,0.22732293447082896,-1.6497456850844969
56.297369860632216,0.39468781059090291,-1.5040209756444116
55.30025077719538,0.016756329935327541,-0.99935665677518781
56.001814535353155,-1.3131129268485453,0.75293056710001938
55.831250953595045,-1.2805019876384383,0.52167990667662167
55.681008855244173,1.1498773453049715,0.99568794954422291
54.800739669741155,-0.61671417417837449,-1.1176590305781755
56.356802018852171,-0.55838027513634159,-1.2967607211875989
56.090159793325846,0.38682282483377778,-1.5955458189615508
55.799435306331382,0.26473014005509615,1.3812602027554353
55.963921097005702,0.67232452395025266,-1.3393897762306455
55.1539241477087,1.1896368680121472,1.1201868792884999
54.675605197859234,0.75782747017576058,-1.4582123259139179
55.189375492436923,2.1486868286396779,0.090235941479993434
56.254842407593571,-0.72335591763692064,-1.1809545487999216
56.141027527526134,-0.42985750702113451,-1.5198463709048331
54.972280025436817,-0.044245390351309186,1.1454516594331878
54.50705987846225,0.61585722825364664,1.1079562333664952
54.636874782264783,1.1744877618623275,-1.93576977740365
55.684246333452855,-1.5524515435532491,-0.31593337312920278
54.806020457124333,-1.3904112645306721,0.055175920466314594
56.008627106710705,-1.7455998661053433,-0.57739584234550656
55.858079684909221,0.37082241445746544,0.99510683742157913
55.185171198374462,0.30929354292536665,-1.7679163834750413
55.397952849108506,0.66047610671123691,-1.0706719275630721
55.489411021794012,-0.8598647014298072,-1.6868251532506626
55.372687632864306,1.5459407467516719,1.743228618499348
54.811199157668788,0.0090042760468458504,0.093028621920461935
56.143192913145555,1.1488245298491639,-0.03419942253513427
56.427833047772658,0.6768311784068376,-1.411094201297052
55.966110997136106,-0.69176689437966921,1.5732148794987468
56.329433622067484,-1.0663555609483792,0.46671278734032662
55.039066406364988,-0.38233378076791968,1.5404429433019953
56.254821996330797,0.17945109281213115,1.365907263306664
55.788900642008528,-0.5070025382648623,-1.6490562850921506
55.114528061938941,-1.6725484315592667,0.076719619642378292
56.420164546949664,1.2015461784771377,-1.5361478878195358
55.425738037970163,-1.7345338285826275,0.64484292431991985
56.158469335073299,1.6184220542651875,-0.18114932181175566
55.642413920377976,1.2992632445857484,0.33872104475255549
56.452899104262848,1.1452033730200151,1.2467825249078841
55.141160609334484,-0.88464530963314303,1.0881102594557739
54.957804251821742,0.6327003657995337,1.1486255599768773
55.978366052183951,-0.44794487720752052,1.1367215745087496
56.008493046929956,-1.0273150095662644,1.4734250785224174
55.093387438351328,-0.24024421589714326,1.7370080182552696
55.168309879655723,-0.24979612682924793,-1.6991834493866176
54.703497390860484,-1.3876827707638433,0.71260802842793158
54.887443802275854,-1.2800307144737642,-0.44827624823890228
54.551965626561483,0.47596393684112254,-0.99500334637811516
55.453909631598137,0.66257140396449188,-1.6125064432259364
55.990328204399312,-0.67440703125943091,1.2044250837689519
54.917706936761661,-1.1055342550488318,-0.98267916189727778
56.256401704051314,-0.56253767488185402,-1.5738869843165455
56.470250227433169,0.033629206664986484,1.1087329267595889
55.550279727289805,-1.3626885533895563,-0.63289204899123808
55.723805133596422,-0.81095428268215608,1.1433951558438251
54.509537602711319,-1.6987647215925481,0.084227726717916312
54.71156525003633,0.43167738561314556,1.5442020623535888
55.517342759835003,-0.066611468483465566,-1.2307466324414325
55.48371210146707,-0.77626735784877066,1.2376726636726738
55.40396946911838,-1.8657156558118044,1.4692467049046567
56.174579075910856,-0.34355417689379203,-1.7384907802998095
56.118837552398965,-1.0195658541368999,-1.0383272967629162
55.234134179502348,-1.7669551152196801,-0.29911280284690406
55.484199995510664,1.5065220140161122,-0.66115339607011114
56.380640500954094,1.3070845400755331,-1.0386954347119621
54.61233587891634,-0.43977286315296121,1.4954538978681706
56.534501097585981,-1.6385226261759958,0.1238788747336257
55.080139976031859,0.5943286931814078,-1.3583546572291623
54.843549598474269,1.3534322067505771,-0.11968676389784405
54.577868211956925,1.2650444721512506,1.3401973000818157
54.979656285672633,-1.6819593447505197,0.73471603185550161
55.507492618414268,-1.1420953710498654,0.59409578531399954
54.705588740242639,-0.74910891880143859,1.1993167622483312
56.218079541924212,1.6947937493738021,0.7917647117004869
55.588717798274786,-1.2639898054161207,-0.79332548959475435
55.701766368746583,-1.7947227601971965,0.11922762044127877
56.270879247785672,0.27426437216379973,1.5108969359076987
54.862394002988673,-1.6572242046629946,0.84441515839236081
56.193752073288763,-0.047049635569105637,-1.6609298005568098
55.010370446796244,1.6874057340483604,0.63174928030401223
56.38919604465412,-1.0955306394519706,-1.1082773843616558
56.463839817615103,-1.4665322851488387,1.2025985150880616
54.632147516420829,1.1773745366812074,0.92430632869989593
54.636903334416893,0.82499640607469493,1.332197018697556
56.15708426310816,0.69993211125908095,-0.6244181049439248
54.641210241454651,-1.6299396083964739,-0.60023639905189841
55.02132468113976,1.0346358533678288,-0.8982999777084778
56.39437299338266,-0.16061867513711559,1.2601228122398882
55.483928969717716,-1.5557141357710902,0.064171102551290216
55.741204060679145,0.026829345230077999,-1.6668389406046968
55.856681468517692,-0.5181512256273062,-1.6372603365038865
54.932101600309664,-1.2304636350138374,1.0201610650595034
54.691024098671058,-1.4321310617991045,-0.99257449780344931
54.650418927487486,0.16186250572258026,0.99610419735380762
54.527073300757365,1.4027875671977175,0.40481597716581469
55.789966857652146,0.63812644133137308,1.0302389331785176
55.061749458111827,-0.42163270586966967,1.6425121921232781
55.864615978307199,-1.068997639439768,-0.74439167802193962
55.680559309503501,-1.315471949722582,0.76991487877125642
56.075989806174285,0.9314688667547768,0.92879652731053808
55.249443013961432,-0.10440735321140143,1.8322810668650646
55.471171360933397,1.4963021555620397,0.25401639200180898
55.087374799435246,0.77643038544301612,-0.7478608276226848
55.370994647584602,1.1076722578917888,0.00039816578794531904
55.830997073234137,1.404071202462051,-0.097825815537660135
55.434297971353381,-0.33585982867358127,-2.1037531186040761
56.281433855020417,0.30307813516402099,-1.5441998905400149
55.034191282854856,1.1643149498508494,0.96523577341873923
55.394885172153359,-1.9179088341150876,-0.19636507408382844
56.081890131127437,-1.0709942876130449,1.1680253537821943
56.460503705191449,-1.6664246541298287,0.080739427946386264
55.709467769496364,0.40966819630328177,1.2842247332642012
55.891070977922446,-1.192204871225345,-1.2709079709774542
55.359740661457991,1.6108050671170933,0.53324170909167878
54.863766119202843,-0.11548589417482125,-1.7939711219686625
56.280228724860073,-0.90474311441303079,1.2193551792277828
54.956339089507587,-1.507978549775473,-0.94802288094403508
56.028024222665941,1.5517576274263825,-0.19582274323796295
55.751147953247255,0.3876409523082941,1.4959654742726627
55.111113026369942,-1.6354272363994617,-0.1488822902675602
55.509998179717428,-1.3413986670255578,-1.0237130536862931
55.031518472933072,0.55827343608907853,-0.47457239081608044
54.986122397624193,-1.8142343517791282,-0.64554089878558885
55.212444038316754,1.4126228155396949,-0.38841565609338757
55.414135062396987,1.4791510201864622,0.13082519406434018
55.671746663606591,-0.37536325819160038,-1.0802556512631707
55.498316580552142,-0.20966628826794426,2.1245872584464083
55.084515368250507,-0.93449060479791168,-1.7625735814180832
55.448849769354894,1.6789334558474709,0.34920858224846768
54.636480551923974,1.7660168123585931,0.15225217392914722
54.698558229261607,-0.72161484323092084,2.3599158075210416
54.748870992150252,0.12310062145292404,-1.4874267635937337
54.492686887431894,-2.2095410477108555,1.2078988396167196
56.337423546366416,-1.2639430204415425,-1.1142612710862758
55.826160952333268,1.368892421891168,-0.12074194524360508
56.272804574019808,1.3303685554357232,0.024322998760172229
56.146854425338532,-0.97251189082445932,0.977806201086454
55.785066782486538,0.80722315302191172,-1.446886945313288
54.938345151190731,-0.57756338028315368,-1.2721552867938313
55.215824332639635,-0.71586734919560124,-1.2773099622138424
54.621396817593187,1.1275962584659116,-1.1392448550435357
56.135085171294548,0.67601832896104397,0.910130257691244
55.677285993129736,1.3328116283084914,0.31184667636700308
55.551165709590215,-1.5046974261327577,0.0029174206339281118
55.823739324586384,-0.96657691927803524,0.94082521119807294
54.833122695325933,0.30734322810966319,-1.3989220153016066
54.879391643398712,0.85843534361863538,1.2919259923867075
55.685211137217919,0.01413529967558794,1.7740787881481943
56.209692863219018,-0.48812702645399153,-1.3790782198595963
56.444547107754779,-0.5997565423911082,1.3553701450212838
55.199463644067876,1.1885749263339134,0.82032135669618811
55.046517836656285,-1.6314917568750107,0.73324122003737346
55.912056313231268,1.1265003170864321,0.7332848401648846
54.752007169856533,0.74292560598783086,-1.1851698788951324
55.839824490462725,-0.20091044717890907,1.5012594286656171
55.985122233412753,1.2392491492036062,-0.69595145198270114
55.460902497321406,-1.2173398696135538,-0.64952284407646332
55.444125777059462,1.2899641617666768,0.48187658864737387
55.073373167725343,-0.15569812127279822,1.8647446675467412
55.291393747883212,-0.79716293044959252,1.5395575435375974
55.10898231006702,1.522064016348371,-0.24477474901126695
55.320347412701302,-1.3795581636937035,-1.5512676861894157
54.756563464198649,0.72881225395492699,-1.250627388980444
54.948961962865518,-1.320431429638965,-0.50378759165872167
56.198083961136064,1.0687496199461328,0.62664456756831921
55.918498190365014,1.5371405916522736,-1.2324039336433839
54.851649172708903,0.08650487029634725,0.720061182358258
55.465935937297488,-0.064452797699789593,1.2678139586197783
55.110240995315763,0.11028008236909499,1.0508339454715678
55.919667567698326,0.96045357349613014,-1.4166310247061729
54.666895874271759,-0.098973382308341587,-1.393376490602011
54.596086264017437,0.025192595087955915,1.377658517092065
55.58240498214149,0.74107854326025557,1.1737063393360045
55.852780383368078,-1.8436769544534095,0.22010594628163585
55.118622907183521,-0.78334767166932462,1.0295159845791693
55.876526703880891,-1.421827396209957,0.92058163565608653
54.931303479637776,0.73598506570083699,1.7529864650842091
56.397573805130449,-0.68327740726764119,1.3597106746291903
55.632524567611426,-0.98326979058406527,-1.4715505065848211
56.071746289089702,-0.7260104675419915,1.1081349096271462
56.449295353755112,-0.89008171010792758,-1.1432502192508598
55.826904802894241,1.4627924348897825,-0.24019360634348078
54.606416193884748,-0.48412772276323718,-1.62338521444729
55.857366176330409,-1.6041367006746241,-0.52575712468502489
56.09841675522312,-0.85151903253152683,-1.7303869617173135
56.163452516775727,-0.39227053969580078,-0.97589992361057165
54.855143250977974,1.6298002828601506,0.47718769971198666
54.965442936265937,1.4016080740319632,-0.72696841418400182
54.535610078871201,1.1032695894864235,0.49512975590967168
55.463038913207377,-1.0394294080870059,-0.74984215141024135
55.282623151511793,-0.64856784032289272,1.7144887227308216
56.00323970932083,-0.28818232820765566,-1.8049729123258891
55.094381341408749,1.43788673230833,-0.23708247683177683
55.707528906836281,-0.33199188223261328,-1.3542496629426581
55.753519209393424,1.3420465901632355,-0.29122791583715424
54.516997920920275,0.35168437970493199,-1.9571442823906176
55.619190981742108,0.81805610521220939,-1.2447574895249243
54.74425417533476,0.054981993454007456,1.4318256078312734
55.011472798085343,0.97785075817150546,0.85222784366016957
54.923466815950555,-1.1025298116104365,-1.3000763190995261
55.155407967882475,1.4864335419090913,0.63988366924086426
56.26788448766267,-0.51707104004797644,-1.1116877887193068
55.255773033724651,-0.61238928628102185,-1.0871996547791531
54.617113540637078,1.0891419469177734,0.98258712195406694
54.597331164525571,-1.6072694061587347,0.57826546570096582
56.255166093895845,-0.64295288099295667,1.5053687719513669
54.743385532477483,1.5020562732488969,-0.31366062800402111
55.414530629822181,-0.57424956102705704,-1.7322163694830357
54.546290889729264,0.64047947909545844,-1.5361814712954638
55.419496628819417,1.3983581840560471,-0.81420788228773655
54.993776838852789,0.82742945907074095,1.0251394796391267
55.33544004840126,-1.1016704705396587,-1.1322202939619344
56.315395394489315,1.6944135365664443,-0.40587026206413118
55.760031457370992,-1.6259152472882716,0.23467928381680986
54.805467332205538,-0.11330784301127016,1.6603300047065648
56.22828643043178,-1.1309902818350892,0.64099772484117412
54.725921857531034,0.54309230502493711,-1.6805058203329146
54.829950594869551,-1.6239200751805538,-1.1995584652081093
54.866767621259953,-0.49861754876179792,-1.4609912096972977
54.607943992384612,1.0071985777477606,1.9996041623292693
54.984966079443325,-0.3211330563194808,-1.4848551673354757
55.429433254254398,1.6417667261669893,-0.49719687568977411
56.034239440325265,0.05939281846488792,1.3611713901902058
55.639634796197285,-1.136889285593089,-1.6336387322106842
56.46323525436182,0.16059532355601219,-0.44748824073096305
54.650871248050741,0.71902092140964791,1.2668043921697305
55.126459180465631,1.2320837890667398,1.4484890218237316
55.105238705020618,1.17661630042816,-1.354287546252295
54.662136344476558,-0.16330146548269511,1.519779583882241
56.054507540343948,0.83091464368724988,0.99576810538471583
56.012694278692877,-1.3694306157076466,-0.89500735253061525
55.21428381429272,-0.23068028792572723,1.7460439725769634
55.864218983851451,-0.51359987747909286,1.3531573839796951
54.91442365735567,-1.1293027229836323,-0.95419524000781197
56.283325530187227,-0.99744305532363065,1.0694092293948214
54.810493698812834,-1.3581927065398238,-0.71914228391023061
56.483696117301399,1.6677465236958315,1.0205996148079137
55.729034936761614,0.44805778743618752,-1.556924168699853
55.822654519961318,0.70921195752194743,-1.3658399903936502
56.288073637239215,-2.0533055312427306,1.0713195664726607
55.037411706272223,1.388121380121254,-0.6310659425130043
55.730117682285119,0.31110382052587471,1.1783735655390508
55.88402673695127,-0.020808661508082079,1.5318153991595065
55.766906342041977,-1.4654480566920391,-0.073728328475807348
55.752288647872163,-0.1042239244983143,1.3852843830683221
54.848544897393211,-1.2713144364114688,-1.4021590173884979
55.848120778202869,-1.0510061404373712,-1.2991108137481207
55.048829053003267,1.837797871127687,-0.29725751275790901
54.94771656775098,-0.19951895331158823,1.5250313312118859
56.096981058518274,0.98418503886205733,-0.60231503763805572
56.134044064248194,-1.5009682675927409,-0.67980073817986564
56.146156028287599,0.87765344407762336,1.1128909665463689
55.79718442645531,-1.8261106574048436,0.33912346117107439
55.08094544465996,-1.8181055927169918,-0.02264904597686089
54.74062337555786,0.44489496272748014,1.4730419912245332
54.900391892199529,-1.0970066970596619,1.882259271937625
54.50604628280928,0.59664699963796297,1.538577370726719
54.848807706272353,0.66045379193925491,1.6944376947809863
54.729898997544637,1.646849144779005,-0.40466460519112168
54.878153746613272,-0.22087714476906581,-0.7890261806305382
55.121121841066994,0.6463807737589099,1.9574414932596698
56.154455345482759,-0.51058200365122164,1.2378609154543767
54.92130407129175,-1.4593525225359065,-0.43175408913367391
55.241947851631096,0.54967759911639569,-1.8309223582631815
56.246028394854314,1.627906695503162,0.23254994454007361
56.434569415383777,-0.9984783692813729,-0.067258537078392286
54.953636748203166,1.2050593058992161,0.32051337969809962
55.855739237874872,-1.6751753339705537,0.10305832826180923
56.541999222047259,-1.237131364900236,-0.1901517985348499
56.479862128650893,0.81721549191373088,-0.7818687168856836
54.806605516319969,-1.4301250946893109,-1.1580242749278769
56.215819037550261,-1.6943377125002215,-0.31750041443065424
56.262746490881611,-1.4670517651991992,0.069171541732984052
56.13317764850359,-1.5075755944204947,-0.21505816811493939
55.038030704553648,-1.0633359292566715,1.5298437135503531
56.255987381096801,0.20077709431059473,-1.4255149688833457
56.16461498038489,-1.6409678124395251,0.21064087656535407
55.536234919085345,-1.3726062983183986,1.3124924964281077
55.107816156084269,-1.916031875169764,0.48171742203403267
55.261387614244406,1.2875980951221822,-0.74824515891248577
55.854997928319037,-1.3605818871426969,0.024182927939694628
55.729306835939866,0.14140742534644987,1.501609571900532
55.301579645349534,0.57914707768774965,-1.3785572295610233
56.016665087809066,-0.45186101323880612,1.4555931347020912
55.138799828655443,1.6925842624629168,-0.34110106052348893
56.257696563972857,0.4214509142681091,1.4938180349693797
54.833903888475298,-1.1893667327984736,-1.4610432258324808
55.662732359708876,-1.1138259033660356,-1.0132596389282404
56.390559557942524,-1.2778813643612437,-0.86255467345151715
56.431040221865487,-1.7846891797130224,-0.60172719494488136
55.96777137741644,1.4180335559544859,-0.38707853298405975
55.695782952279998,1.1515054410678101,-0.76827389922997069
56.443944068784553,-0.89131162412406806,1.1517640808250682
54.831159770939905,1.3368463596695512,-0.64591717938924309
55.189925009032947,-1.6536118177925681,0.32958735806770506
55.306689026615686,1.3762871894364477,-0.49584520424190293
55.242578996890401,1.0521948723845813,-1.8978490694129135
55.599026516253431,1.2011883046960523,0.35117853056932902
54.680656803894777,-1.1381864537675468,-0.77714276484825773
55.062752952595595,0.76294666981822412,0.50668354917816771
54.717067528199159,1.5857634142834531,0.88801920878352525
54.753547939607593,0.74012403701317886,1.1033739409801824
54.511292367433519,-2.0941078533707156,-0.23110507679358805
56.153450125442141,-0.70657657014002706,0.91088799338212934
54.990227780676236,-1.1787521201732358,-1.4749139867345491
56.144684681985673,-0.51467867178229088,-1.016336410999273
55.781386958832314,0.006414238213023578,1.6068223105407096
55.072488550074226,1.042860783190948,0.72997588026713867
55.302775494760859,-1.307417603374557,0.74708607347353295
55.963261524067526,1.2621733904218688,-0.82711284767089444
54.955399140306191,1.4039140576415408,1.1279354886567829
55.508732570453446,-1.2889893498676581,-0.022663087304423239
55.74744905199055,-0.59850506466583386,1.718749823307663
56.257632753261092,-1.5109418486745878,-0.52304172265383819
55.017847492819882,0.53435097372453211,1.6613304756922762
55.048695725312712,1.0497112236833079,1.6140574733139468
56.413878574271017,1.6448139957670349,-0.17787291511557715
55.449183779511003,-1.2822295593101019,0.89265195198156666
54.883480327532233,-1.1347097745920505,0.99704395567839854
54.761099806093135,1.3189741046308763,1.0476047240195159
56.269225733676421,0.96167421860436586,1.4162259516372189
55.283919545545416,1.1313539924213514,0.62308948990514279
55.899193692947989,0.048313224455533092,-1.0691894541610447
54.684252154087531,-0.25409188951372386,0.95060692019581405
55.408836745529221,0.69548553938903379,1.2620932536395855
54.908818704495474,0.91514540918844767,-0.85733958388949472
56.397262614482798,-1.7207692813032098,-0.25598569171770968
56.269913816882244,0.61966873940545653,-1.2557140209332194
54.957143147196135,1.3628417926801606,0.90732555022081274
55.392226195290121,-0.58652387555956265,-1.9036558248192752
56.457375963363511,1.4794046913836654,0.56043703255421584
54.842474948340012,-1.6749138905363539,0.6387292261365638
55.787663871579866,0.26868063116519036,1.7721165240686498
56.408343293176948,-0.97753665898378295,0.82106549938911133
55.167185295544172,-1.3710902762109958,-1.0683331631547557
55.434132564639683,-1.5688919141503677,0.35244430765014317
54.716055514003649,1.446712153407129,-0.17342374718929418
54.840530133388391,0.96803235115072095,0.52990411944852034
55.15737357077456,1.3757132328351624,-0.93633219157260184
54.888580736813651,-0.39821047216332306,-1.6979663489985708
54.929409583888216,-1.2560967238906262,-0.13193907275867317
54.527516757174929,-1.652410848189878,-1.0174062229497376
55.756216298237597,0.16842208672820908,1.4447606436073399
55.2031014050077,-1.6122703935160858,-1.2423830577780199
56.193428355591372,1.3390916622156317,0.86789056677070109
55.644999301963786,0.78092111951242893,1.8178812051137587
54.683020666411032,-0.64146384327925021,-1.4192054607808779
55.802532569135764,-0.33884584982646221,-1.5996623382947097
55.291122418480398,1.2864074625830904,0.12033243612782533
54.938869744997554,0.74508346063600384,-0.18602741504918019
56.024175467998852,-1.6140140262539708,0.24328211513685255
56.287757550519622,-1.1782593720906089,-0.82883012636966369
56.297738786949076,2.0599568386270466,-0.37339156718525446
55.674566007465117,-0.12155024055274392,-1.3652967195765662
54.690273044975228,-1.0786641587304502,1.299753538315596
56.270041434667924,0.85580615248894898,-1.3907933237247121
55.880143736411803,-1.5546116225345548,-0.35067242526666881
56.146904031700032,-0.54524938010873536,-1.6977689826586724
55.900607053972557,0.74391666171539272,-1.5795781274731397
55.662376643690607,-2.6435239289769874,0.10888222590936067
54.705472977798379,-0.67376022415082581,1.547670540526819
54.869871581594552,-1.392721896699374,0.88655259739748837
56.359751214383557,-0.58813649462256112,1.43737383548784
55.988255152571519,-1.6448868644801511,-0.0053968222489729064
56.421448109610964,-0.7390138410691891,1.3366889512552043
54.766060345782726,1.2259535498429384,-1.2119436934663428
55.982170952235307,1.1815576252428737,1.1628839367938373
55.149423691356517,0.86783979307442716,-1.4749704483013395
55.761088936200025,1.5814720444986918,0.91146998156656078
55.401208711779503,-1.691477738214318,-0.57481538743336502
55.614656088364747,1.3273062680462429,0.081363226503644095
55.92922975434243,-1.5083400629648294,0.34307077060886221
55.587810732990619,-1.3435970584012775,0.5162305957448845
56.337790341835024,1.4305946834525476,-0.0085816974620848765
54.754661299614064,0.39000171592202004,1.2184997271161784
56.187766937699998,-0.92595487587661529,-1.2882008698246132
54.899762181042725,0.29630375180433283,1.5487253723991445
56.101653647334757,-0.0039005676729017948,-1.5037877053320905
55.771019595636496,-0.83257352872977419,-0.8788454971900137
55.22569540787979,0.88931043006455934,0.97166795969831066
54.827245474204311,1.2669613704242622,-0.3655358128156268
55.121336685036432,-0.29172117331830216,1.7391408627776674
54.810628412140858,0.38683984598330484,1.2762578909588838
56.040717459080895,-1.049161685424588,-1.030133293199109
56.222847483289407,1.3241028488344249,-0.038590429256952337
55.019573292655942,1.4658852535120339,-0.48283715037226227
54.889814000138735,-0.46485457406924363,-1.0931796080117933
56.252125787624927,-0.30455890096496996,-1.4538173691973248
54.881956067503936,-1.7110844477042373,0.069824748549697807
55.93745988567251,0.98465378825870131,1.0444917482184175
55.303685206797134,0.63554895036598003,-1.2269182144255915
56.518548257507561,-0.92762333326213331,1.3314915780994632
55.149779944581915,-1.2687379506996446,-1.2044763154104359
56.068788922867178,1.3256480175953818,-0.65592555338388281
54.644134927174811,-1.6887350356603645,0.70654801792514432
56.292368353784859,1.1996327547672301,0.72410337357081778
56.436754464031381,0.78036948365559933,1.2010148864326866
56.061450932279527,-1.7617770796364549,-0.5619660079776182
56.173905358737336,1.5873631129922394,-0.84357905199259764
55.494893892743313,1.5757545092157133,-0.15177829635306131
56.430840089538549,-1.059253117097912,-1.0028924580993017
56.093438699412182,-0.51733435214599854,1.3763029278203414
56.310541674570857,0.12467472594270441,1.4254270043050361
55.961578846231255,-0.20520539773205609,1.5953456856853139
54.73575066818406,-0.63948897876838062,-1.1584394929597137
55.485856032985168,0.96361039019261319,-1.0557762767849714
56.187828164988545,-1.862361704839645,-0.19907924181643746
54.884353915201366,0.65123055024511245,0.81060007302820636
56.229112462193832,1.3770233690675617,1.0470461705517298
55.329343621540666,-1.1188996641786801,-1.0113093209877868
54.874788867481442,0.15969691423635862,-1.2993158430881071
54.74116613578758,-0.1081661788792071,1.7970077567505842
56.0029854337225,0.24823219781389827,-1.3080768298656669
55.020666407714558,-2.0254026843172874,0.94015641228278224
56.072748209071264,0.001356982372357665,-1.4464181727990282
56.417799911185661,-0.088879992376124609,-1.6522944637924641
55.635965161883938,2.3507867394073165,1.5757689350413484
55.38484922488805,-0.50696446545924745,-1.6867103756235917
56.495501405183134,1.1320667458349232,-0.92351544526787666
55.273827037444818,-2.3764971696363548,-0.63459659383851641
54.680324119916307,1.2828132291448069,0.81216254841213309
55.81975003468137,-0.89403922369407396,1.0499122425907268
54.738946820638112,-0.11132064228929778,-1.3003909983038076
55.473986685702506,-0.57652753743339813,1.751743599129536
56.314468046057627,0.2371755818766009,1.3552492781685026
56.220381423356798,1.0630159851706407,-0.88468537465959129
56.012405219182043,-1.2164327238131445,1.2312918184472579
55.544000653607853,0.67465635993287165,1.5410022844296807
54.41674208410366,-0.64323689829813002,-1.4658504111145778
54.97734078318075,-0.86245914237063781,0.96178618045576358
56.278994879903486,-0.56889266690062468,0.51872827663491727
55.364113253016853,-0.3317740000400935,-1.3394020616270221
54.996377881799731,0.10542933572553785,2.0236793069237207
54.551282023619834,-0.070105530763082347,1.1784831208716062
55.313180109552697,-1.0131785746271926,-0.88665651851148553
54.712947308440924,-1.6092300241318769,-0.58645100891778212
55.380581364227289,-1.3192213453264567,-0.36889196525650741
55.542204146412679,0.09844846519531554,-1.3032918218784244
55.901222047785772,0.070841871182969043,-1.4157092510374412
54.829660621932568,0.97778433566861322,1.0453668087878887
55.983565901394066,-0.57126676877147298,1.3068613802605507
55.741537559057342,-0.08255078691216676,-1.5200037910609863
55.476135624743719,-0.17920065901737262,1.7021659151464026
54.677946682431291,0.5849335464630866,1.4382176463431202
56.030999666613816,1.6065252199219222,-0.20514202199363743
55.998691708947881,0.85369611994702321,-1.6325720498916387
55.928618475722615,-0.07294079898698122,-1.4887868006770522
55.812695502193442,1.1911339244270851,-0.23231636593794799
55.698923428398103,-1.5825092477800218,-0.92565665637312344
55.057348368169414,0.4143287451887171,1.8132531733165362
54.607477754640293,-0.40062914009091755,1.3555606254581658
55.023080797185237,0.33413795437785093,1.6570352299014408
54.847387081307168,-1.3233085471414079,1.2640823248727273
55.964943867670705,-0.63444924392761581,1.1191891301849719
55.524407141021854,0.23438809438479236,2.3307927668398376
55.589502728948268,0.42458656955500063,-1.5928904842366296
55.051709806724666,1.0658744570131946,-1.0226344923919688
54.566982045855234,0.97465316839944427,-1.4778199408989541
54.759786290579356,-1.6002554199502947,0.10874097873111686
55.417520498580458,0.41136610653571476,0.45590601480779347
56.487758303576982,0.65322786848810654,1.3319466228255359
55.763566097840148,-1.0873379319394045,1.0653737729777657
55.369816528374216,-0.28765538883585162,-1.6995936300469729
54.373905310478762,1.0325399020893358,1.4645014402113088
56.214413445532379,-0.73102344467728508,-1.3050245997824326
55.508095059386115,-1.3625251284322688,0.95616090447535296
54.700900881114528,0.64286508122474195,1.4205847303215597
56.45214419978803,-1.5136356879007511,0.37728405631244005
56.017858840278855,-0.99286750635599508,-0.96670136442907162
54.783776276231976,-1.7827867268910329,1.0457022600534096
56.2258414454909,-1.2383220615253203,0.87634305312178129
55.462262585941396,-0.19460410001801523,-1.4467965979705537
54.756844640601024,-0.45704842120438582,-1.5278248798626084
55.683451019939881,-1.6750914251883564,0.17926998153890275
54.994187663457907,-1.0839658044875282,0.20503059684050493
55.422495276502005,-0.43036771137270602,1.6004822856487479
55.700091007178564,1.5349352534339071,-0.42403430377194812
55.924837774348376,0.26336851994887056,1.4980695988242216
55.013269883298975,0.32739713574770174,-1.5514814039658202
55.589361116324675,-1.4596389800684824,-0.12460810376692238
55.817004661910246,-0.59716067382627258,-1.2860038077099067
55.029997665758806,1.3839613073435293,-0.84846528471081195
56.21498515222315,0.55827688476000081,1.2045833777518742
55.61826517327156,-2.1228082419277765,1.2936638156370859
54.588526277784439,1.4249784882920178,-0.5377328259063916
55.960613310841318,0.57657926749929156,1.9515560406564791
55.385243620745712,-0.99440754525855546,-0.61813463412055336
55.826960275612215,-1.6028771478139889,-0.6293226903550263
56.228714492851388,1.4475547284356194,0.61027670023209224
55.241423635931667,-0.23328677951449775,-1.6448275587043752
55.749531970653052,-1.0371948694735409,-0.12017898713164754
54.881115362969581,1.5288951561592738,-0.38988905597788975
55.703203583992767,1.3161047479390537,1.1642305770391481
54.818404219521163,0.0068231909686018895,-1.6552498333790757
55.553143160447902,0.34427445319315897,1.4520116509759462
55.781410766536631,1.6262968954337496,-0.35383530760650389
56.273875631073956,-0.80380877256541716,-1.4150954952366419
55.983738069948501,-0.15128749568034866,1.8177716005377835
55.23708796010181,-0.72037690401929644,1.4494741988835962
56.136224085379524,1.5308948133888003,0.3119187222187973
56.056709316251109,0.45938420294944965,-1.412354034109238
55.165919556356585,-0.26379528476176617,1.5860855359749373
55.44328316700468,-0.84964132883054833,0.81810900652104535
55.705011099349974,1.122034980110252,-1.1562959793394638
55.17341690062193,2.220826943314318,0.19048135004633682
54.6332659674704,-0.31716596933432217,-1.521375615624309
55.651607569239879,-1.765364532853217,0.14354061374933708
54.988485190917395,0.89151108787671962,-1.3827752656244132
56.152351155955365,-0.79895412130942056,1.0297747725510409
55.356237963990992,-0.75565292892247937,-0.58160377507227501
56.166391466092833,-1.6431393856757137,1.3463667061564937
54.651543158521001,1.0555847682821351,-1.1099556194515521
56.218239093262575,-0.58560338917453281,1.9197729429694275
55.410738585740987,1.4381801915567061,0.31334136069447488
56.322866756513399,1.522111659165601,0.075210340364499431
55.021602494931173,-0.61371101305911158,-1.5737238736720962
56.178076383877148,1.1808612340391187,1.0178887436738191
55.402193683900968,1.2621158226918321,1.2441874655456497
54.854828701322404,0.97203811021269992,1.0644745501675075
54.94208092550933,-1.2274110740208977,0.6356264299120008
55.930702855231822,-1.0890544167332803,1.2713621574373863
56.032666056210211,1.6329560192022754,0.96429750548150428
56.11451042597345,1.2228039472489254,-1.0612984744311758
55.51028977418683,-1.2706822344757362,-0.79267522603896523
54.48702477852035,1.4508939064556414,-0.30806477497091078
55.136324180910869,-1.3438309810740814,-0.52802187814838908
54.661333700251788,1.5310343053979563,-0.80580283768739103
55.680078058607265,-0.7856525914445629,-1.3044974434418168
55.318503771491883,1.4971002417570172,-0.74048232066095132
55.152522216235809,-0.78111611741368503,-1.1948973598251889
56.338049209133196,-1.0829033347683064,0.30262708520563841
54.683060172371924,-1.3900279495274948,-0.9178814430807628
55.744074526286042,0.87440288245698639,1.4439636278644363
55.620479580258873,-0.39514920025076278,1.153598411454084
56.027402045359537,-0.70951852025714512,-1.1329977617278515
55.260101302581468,1.2764483259406474,1.2815307026690081
55.769764742164874,1.6649194741788056,-0.31884348550985597
55.859118195843706,-1.5599409295601263,-0.54463863530832135
55.053524119928923,-0.25150067548967198,1.4300866617576653
55.354266858184836,1.8651534179658613,0.96472323738948462
54.956813769881954,-1.580780312630039,-1.1216046180710355
54.733930064667838,-1.6061230097113133,0.76340699454539707
54.923308111039177,-1.6003420792065077,0.69863410604538989
56.43847180820228,-0.46766713003129151,1.3894105797906711
56.336620031331414,0.39753362559270611,0.83134152596979771
55.178703973676946,0.99014449894174983,1.1100881879096167
54.763181677535371,1.2053991861925049,1.4705857657492551
55.187967043414915,-1.471272437664825,-0.7226263954813561
56.256371024862645,1.5078616242949425,0.09863152390399145
55.914265791970813,-1.528954116148409,0.2116327102578491
55.262313452536979,-1.1960534341849711,0.058368903461080077
55.302360736934936,-1.6744757339678848,0.25265877490124333
55.701922249623195,-2.0372315682821212,-0.74459343288473323
56.029008419361595,-1.1853082436057474,0.35017529981386747
55.603256943890216,0.24268056291588405,-1.2132109117486343
56.150458498608351,1.2512886922580384,-0.76178869173054209
56.492150241977654,-0.46303130617958455,1.1922026272240285
54.815707531482687,1.0878775819675319,-1.1980020401456959
56.006585194712045,0.77861389510214696,1.3313804563558529
55.875040182058171,-1.1993143684492966,-0.37705146719506666
56.186786153006786,-1.4251247327270233,0.020122788293416492
54.776795413872641,0.86283344779365445,-1.1395750849346273
55.657075863514336,1.4975829350806957,2.3091734229072598
54.936474757337884,1.3788075565793556,0.3807694150426677
56.214484815229277,0.88947912787828831,-1.3551843859468522
54.980199934413122,-1.3101577003034837,1.3087403722450737
56.098795682169587,1.2731994917286171,-0.70463851825850166
55.324642835830879,0.51020472538533135,-1.7485033901144309
54.499667631823968,-0.96074970706311147,2.1447393712446594
56.127392849699866,-0.65389917378986639,-1.3112803310655037
55.153590634043859,0.12115918309208959,-1.5197524934566478
54.837260341411408,1.3853457735195189,-0.64910235194981991
55.429159841921575,1.4466500812082497,-0.12967160460743563
55.192784988646338,0.35226883652215507,-1.6589576429410076
55.814151632050141,0.23175841517020568,-1.6065869576210559
54.444550648675516,-0.98571765264614042,-1.2607984871546178
56.154794400544716,0.80903190337363151,-1.1959787769561443
55.543924073369439,1.684503277300085,-0.53796004018299393
56.288174075412243,-0.76773554914344178,-1.3510187565483143
54.940190274573403,-1.5326931261299999,-1.2097936599331702
56.19029046833348,-1.1212291233720695,1.0608459000364212
55.716465600462797,-1.3719827112150469,-0.070563048304593229
55.282954609788376,-0.89068232880512033,1.307016157047223
55.572685034972437,0.97351691436071597,1.3518606004213245
54.470753819449243,1.5497547565789647,-0.63108374273558032
54.926622860547823,-0.16182001817189443,1.2666568640417273
54.818966041693677,0.34975021015023228,-1.9647585803852641
55.361964618449242,-0.28157085214781313,-1.6604894894798308
55.932715252795376,-0.91698784815600221,0.81609927783924607
55.647001445510732,-1.3755002412839126,1.1244098222263945
55.362920609100286,-0.68578410124037448,-1.2675357647385594
55.504276950097996,0.8174633704714811,0.78554674297447469
55.920060224317368,-0.23798249261858054,1.3636886549850993
55.247910087275706,-1.1459465515568625,1.3867010462471718
55.740172969874926,1.553510622073391,-0.62246392962362462
55.878732115383741,1.5595836873626212,0.72015093257539697
54.648817262446279,-1.0408151122044624,0.02386917659501514
56.175166817006058,1.5458116615830626,-0.66011861468750033
54.542075624955572,0.94835706950518428,0.27600174035352737
56.504390869905706,-0.8968790620045245,-0.86253169280444586
56.146984103152413,-1.4722902327562144,0.44706438639905199
56.172413751484491,-0.57644443135940782,0.63465883363203124
56.214848237086706,1.65501609797854,-0.74840730914148934
55.767361691815964,0.80390179730645961,-1.2572746588004653
55.668074171160505,0.96923830280165202,1.6162523062986762
55.52785514551416,-1.5956620005137372,-0.058867530550433825
55.011721230888767,0.94893146255716043,-0.70277596007290144
55.801703501458476,0.84666615737661255,1.5379061027062177
54.85773201168152,1.4183048452638798,-1.2606849733638432
55.504216243739776,-0.93018099908315066,1.1684991652869814
55.321421115726473,-0.25573047332696036,1.9205403650388664
56.150003367595765,1.2397135006496969,-0.34634709685640258
56.234599779895056,1.386286390105399,-0.98504108744711849
55.897576375244341,0.32378069048653529,1.1559399846395961
56.226998377279259,-0.77908237370150746,-1.5930921620351222
54.987750386350143,-1.4456337274395616,0.39412418205388067
54.514036497730665,0.28183189722505381,1.5419382128669585
56.069682279160034,-1.3683809166152228,-0.7181525309553588
56.396124041465995,1.1882335944622504,0.39505365697191985
55.342479400534181,-1.3374884850172257,0.79940229888499559
55.562855802204382,1.4340388762046223,0.15004975411237426
55.482525039681981,-0.60518277993891934,-1.3683330923524026
54.653770880122146,-1.3980856694970938,0.53517088648665212
55.752523764952507,0.087796735832030862,-1.5950998857884637
54.767723022987859,0.72434131397414914,-1.689647502473387
56.275881911002081,1.7842214397880383,0.094940012217257286
55.271552091879059,-1.4484264660178532,-0.38910352219746464
55.846837307918925,-1.3868533086545685,-0.55984558152083941
55.203985389192866,1.558580551808225,-0.2965667845640258
56.110062070651828,-0.95370801502356439,-1.1374440980477551
56.34430189784279,1.3896957546562982,-0.41975967146812454
54.9654755916754,1.7640906744506071,-0.56151199879172675
55.753196067637141,-0.96806005065154666,1.3982042898335072
54.966750139168717,1.4613196868882086,0.57390041095776667
55.261391512544343,-1.1854954408244416,1.1415302756901602
55.464740420052514,1.0720885492295862,1.4358163190991819
56.520608517095589,-0.62267905670674806,-1.8891089455087966
54.776812217567802,-0.97396319795629549,-0.8848454147294712
55.661592010920309,1.0772729346309664,0.62876672876772033
55.450263558681726,1.4745039287382795,-0.71942867517168063
56.028161580859404,0.81822708616670603,-1.3872075393753351
55.581236387304671,1.2735499899070444,0.36130757154276505
54.950255448249727,0.50567166679775466,0.99313351594313248
56.116545586742248,0.38127545216503794,-1.5491233300571754
56.424324981954378,-1.6117899936553131,0.26271908697565388
56.308202129369306,-0.75326384157600579,1.1918935868503935
56.625802137166893,1.6595607890352337,-0.32449933748054516
55.612620525322868,-1.618466089300026,-0.14238468429608286
56.301257840284485,-1.0621458165365059,-1.0997867474044167
55.809782168765132,-0.98352323732893654,0.26180999731863019
55.53838773112922,1.128734764987273,-0.56335808893989081
55.091484971980762,1.4135159696120112,-0.8690139741470968
55.955980428328957,1.7902342373172289,-0.2918894563620672
56.372569029332787,1.0299922724078301,-1.1645134968894775
55.796344508834096,0.14012364129624413,1.3511744712846445
56.313106161047827,-0.81022558832607183,1.4790864643970831
55.785240502508373,1.4344565563604077,0.62558141503921172
55.302918793939732,1.5465582631010901,-0.064746919325548408
56.393465880752665,-0.96713525840427361,-1.3343379226373568
54.635862880783982,0.79973131645417894,1.9091602538176669
55.704563450241572,1.8900381932044215,-1.1972895635266363
56.03934324641456,-0.03560754631816921,1.1608759156881294
54.540073255915473,1.5740258142920531,0.22929187883874771
54.429165074781174,-0.71076032575023596,1.3450956480396528
55.726520174467403,0.71812597039439108,1.5843621810844679
56.407797111390494,-1.231071630799466,-0.6537746395161641
55.392266322122452,-0.7703452282278388,-0.60571164522048071
55.934933948090858,-0.60660925672917321,1.1474358906011433
56.177105464689454,-1.6046633614667714,-0.3390706621854524
55.907337758674693,-1.0170410765757538,-1.5446740367894127
56.088914887994363,1.6105407280102446,-0.17873537215903448
55.4396049593079,-0.84838981438987515,-1.6925155628495792
55.331861437457775,1.4496664115416109,-0.27712863009884975
55.298429835886814,1.5651784097256354,0.081535263449980272
54.850767446384587,0.97612394535487157,-1.1067466457492139
54.866149755442706,-1.5042870296857498,0.049806626002090945
55.85109925470713,-1.0764721646008564,0.89774746205505296
56.348397009721104,-0.45499465503149639,-1.62772212622263
55.203552915046814,0.61707920183278375,1.5437383674583784
56.301935761867689,1.4368898866828583,0.84096481272337653
55.145982935689595,0.76200220091378301,0.6050525205445676
56.326544181935368,1.2000855914816175,-0.28996649205857655
56.007976225898709,-0.38451133474022708,-1.0937650401423109
55.801603271245682,-0.061174479827506775,1.8627450849145037
56.376904464899241,-1.1672926825598833,-0.42539897140582028
54.629197891665136,1.8071897717483461,-0.79532020956344096
55.551833516142715,-1.6079488333461971,0.035718655948394788
56.326298813819093,1.1404164906399477,-1.2762007631090413
54.842754590427973,0.27968988921986099,1.4541928278299865
56.163233889240075,0.11021764791858313,1.1705629245565889
56.55590111165364,0.78218306175930452,-1.1134680562244994
54.692176105225478,-0.58903712461825963,-1.6731972078686139
56.177014232331359,1.0400847675283305,1.4745646642943704
54.888086938933078,0.70489382019450009,-1.2703707841157983
55.693286610283664,1.4071822125104341,-0.82269690257576633
56.289279390975402,1.031173874407759,-0.45843172908314211
54.634058096008147,-0.25060859945985198,1.6194277587934669
56.430364459614431,-0.45457041617841176,1.686571239780156
55.537892519966249,1.5211269763339479,0.032237467560080758
55.335028667884245,0.29186900256560983,1.6505470065464634
54.920822784258199,1.1405733662123378,0.86125737708447681
55.43259273678413,-0.15980870782243087,-1.4445607654384651
55.487579710347553,1.6888113168291419,0.18923852603282751
55.321994992642963,1.010149536330293,1.2836460833416246
56.402899628458812,-1.3575119773511657,-1.1175705666889382
55.320913882803595,1.2524095873299057,-0.14340426450659266
55.308567560325294,-0.63868996284945678,1.5019698473909995
55.757908251358344,0.40644172728806788,-1.7081385528201491
54.833845509698527,0.83077352140233096,1.7474263135072283
55.388445920986619,-0.051627662723303699,1.4771394219153489
55.745182462540761,1.2927372664437118,-0.80168946230647931
55.977389920550557,0.61854076513323131,1.6377467265287384
54.828022111835175,-0.46469009196451416,1.8247033221893332
55.365135200168915,0.36820823596589775,-1.5164569751878647
56.360132172742453,1.5372206310152341,1.0648177287328593
56.39025389084447,1.4956635914264791,-0.30891988595914244
55.989767950433105,-1.7298965674483056,-0.98075376644573686
54.818226402110781,0.48574199630702719,-1.622495091533283
54.988720546006491,-1.2263695221920805,-1.6719754670119658
56.223859200506965,0.32753370733945092,-1.4265078045398678
55.565452062409179,1.2855522145301286,-0.88100760931128841
55.754426338933733,-0.9090201871276643,0.69970777587718924
55.844266149247439,1.3731054983832971,0.54874395016337474
55.564958738991564,-0.26021991994504973,-1.7955409922929808
55.8564020962055,0.098283485389312489,-1.2774091745481646
55.122614060234064,-0.49157036874876148,1.3132672009423512
55.754606183040451,1.1917149424885314,-1.1999524885763435
55.883147169407785,-0.68673473218796333,-1.3475141396554207
55.188337685099476,-0.9779823054429343,0.93466314312286047
55.714458236107966,-0.82759310859144253,-1.8060483752588206
55.236564028795236,-1.8055890460926054,0.98064681114487917
55.692762989700071,0.19520304843704775,1.7832227187049408
55.933687586290304,0.66734014154947163,0.89920868020345834
54.798528805437336,0.95555246801336624,1.2608930936650404
55.225248968706595,1.1670334923837278,1.0423381177081708
55.88879106731607,1.2511817114860317,-1.3176988344798732
56.345892918113783,1.1252345699938155,1.0901805857138436
54.81564419680403,0.81835915143616811,1.0589063614985366
55.594046016085883,-0.016490532457164656,1.9200412166303598
56.369465996437917,-1.2790298779780929,0.47515843663041574
56.549425558153231,-1.3416948275513181,-0.11102029806875918
55.117158507019404,1.5258544421134654,0.49374141325425541
55.741331344601846,-1.7120079354641642,-0.74025747353460003
55.616494528771298,-0.13119592845079556,-0.16941644084688642
55.837029826401107,-1.7582028774049236,-0.39603721762028082
55.548619539083361,1.0207094902728806,1.1899970690353101
54.850253666640981,1.4992423990312675,1.0124678778416705
55.549707151726871,-0.45279970319905011,1.5184045847974086
56.521694761445922,-1.3023131113231701,-0.50583407879039943
56.175871959953092,1.0527310957636393,-1.1876864417071786
56.303355301494918,-0.90084586474979711,0.79389936269692718
55.317054380897154,1.4653537935017793,0.65116290869750137
56.005319249822797,-1.1280365470366414,-1.0434237660089194
55.337747319561899,1.206091413869625,0.80640005575513696
55.784979475120949,-0.69092559911064932,-1.7628197494697515
55.841915408395437,1.4196563097138863,-0.036577252899100764
55.073733981015316,-0.87376630572208525,-0.38964713240487414
56.02160084439614,-1.0024155145041751,-0.92194214772731775
55.289855557231682,-0.6908493068409165,1.2038717053992567
56.305657383789395,2.0461513899701962,0.55842682616635819
55.665026852861892,-0.91633291406304018,-0.40544760279892578
55.122429007155553,-1.3831650842951106,-0.90428744504506609
56.231714333392596,-1.2806368805698645,-0.64595637301288977
54.843666742828532,1.7009392519936808,-0.3411523321826091
55.641058754022175,-1.300116521757005,-0.49003879235819992
56.099379315841496,0.52322085708644728,-1.4430806241930922
56.410882720593818,1.7573187091211286,0.33648873935035856
54.535520234420545,-1.2103848195072875,-1.0177583895256972
55.629905080557826,-1.0405088427957363,-1.2274251734033617
54.682866420913157,-0.56433042364626529,-1.3079908009088719
56.375258238184202,1.0192944091430594,-0.95232495964158448
55.998063075263133,-1.6795815498236031,0.55131128515304462
55.778730239091452,0.79227441047159508,0.8408216246998822
54.898723485124862,-0.093518587731963795,-1.1162117948414925
54.794927629364338,1.511508907107733,0.64305951617666024
55.64124186105235,1.5899464748239378,-0.26190400318271856
55.588642815030902,-1.2172799929056635,-0.069232330667900382
56.240739186957967,-1.7285840358472135,-0.2515779329803543
55.964157145769256,-1.5917545398021051,0.40989878905472327
55.358899946538195,-0.7148739774134818,-1.5814909051789561
54.47176775050913,-0.81611392977681463,1.7774044222730261
56.326273773063548,-1.1912574329987731,-1.0862515361024105
55.721927618650255,-0.95027047296844258,1.0137595658370888
54.9403934913177,-1.7019167073647825,1.4406107114479292
55.699984100762116,-1.038411977153253,-1.0902145714660632
55.738741917534391,-1.5373738711117442,0.74739000653660992
54.800127896161065,0.93469552608092754,0.88847638387300332
55.356963326877136,0.6219487484558015,-0.90989288509142974
55.471397933658579,-0.30289755458048978,-1.1251977585489215
55.515121324590794,-1.3933930854903644,0.38184849595519066
54.424026892066038,-1.4496114358651135,0.060185525361103373
55.856015847382494,-0.60030984547435617,1.3717807883000972
55.699925705550349,1.1374249523129965,-1.255673796170834
54.550570848625483,-1.114873575699092,1.4202346183795511
55.530412844065296,1.8968971968548651,0.84220443845141213
54.764001863311336,1.8447257075977399,-0.089716731404965347
56.072731179730802,-0.71010950291515729,-1.6069491822778563
55.477721300377056,-0.98248510457348326,0.73938211548472788
55.627171455564287,1.0106528462289841,1.2734885914649461
55.71385167286013,-1.3779627050432082,-0.1125563526889474
55.740018599658761,-0.7688897933105745,0.78514338285482066
55.850363550841706,-1.0465621352191692,-1.3354083574793896
54.794364604313394,-1.4087513397023215,-0.4097103548475855
56.145026694317828,1.3532658700873537,-1.0383675416768878
55.642100152908846,-0.10473163015592124,1.6829633143713756
55.94109490994353,-0.63465178117104559,-0.67809833194331759
54.965233961343415,0.053135289175329323,-1.7926301979379931
55.571851084255741,-0.19011310337055939,-1.3629206809589816
54.59726065453814,0.55853993445277728,1.2148104186007069
55.110910602594373,1.144215482266169,1.0967004548811734
55.291327339157775,1.0042286601710988,-0.69557398258515968
54.741887169190832,1.0737753400933365,-1.2905661182639794
55.950444124191158,-0.36106377062267414,1.464455156001693
55.611869350236041,-1.4122439149116486,-0.86520750837639271
55.874716789451639,1.2076851004102618,0.65781183131919052
55.338541745001343,-1.6879309610287514,-0.84844747167901358
54.379487535340608,1.8701800984359316,-0.084693376051271377
55.324589200412873,-1.0950291124869278,-0.20084319786717655
56.1327370411963,1.5017150834226327,-0.65002832026457047
55.111904619608133,1.8967842871709075,-0.18880130022475408
55.240659943642669,-1.3586703320415747,0.33771816096631563
55.149845270200366,1.6591947636513074,-0.048836279586423705
56.305414281165646,-0.93243907634094569,-1.4342703748723551
55.481586771316955,-0.075699513229045626,1.4191001981851885
54.877627644005486,2.4402614430331857,2.5383391512712521
55.046567584963682,0.66959951418464025,-1.7084727613508641
55.72918818015237,1.177178474067345,0.42585869616480826
55.012023713106537,-0.6941774902388288,-1.2713598439331115
55.301986153597419,-0.34645037471543011,-1.3756090022488692
55.407301368417251,1.0196399225431296,-0.85294489286425024
56.344367762115233,1.4576411785946979,-0.15872754863620286
56.156459828792698,-0.63747835507062234,1.4477151773987016
55.823787581384721,1.1268565239062087,-1.0261624110982912
55.856458824604736,0.62343363282867392,1.2298553780344321
55.02445012910286,-1.548726144822687,-0.66769911076856725
55.578853707783821,1.2720443284310849,-0.91689607546057827
55.984659117175781,-1.4501071275010846,0.62834907641869198
55.049024678562667,-0.38311457092572487,-1.2647792806841913
54.790559572238649,-0.62346831920073975,1.6297154167096757
56.476179847787336,-1.8986987771117889,-0.42343065679468078
55.939801607652086,1.5774785887609082,-0.45736092695552677
56.360958328394865,1.4445052940265657,-1.0111754556316364
55.972060313452367,0.63214899466845653,-1.3072049401724029
55.959833887097403,1.0231538734891465,1.3570878504203232
56.536023483695956,-1.1715518956241591,-1.2211514537502415
55.567679817321299,-0.080850691056251797,1.5866025364634047
55.079948182263848,-1.0374256496735998,-0.56522642808543955
55.75060796213203,-0.63454423808932359,-1.2747572872085877
56.211267057515848,1.7899520108842366,0.036029174842823301
54.790655134901392,-0.97351394751787768,-1.0330078773379749
55.594359774140621,1.4583079627481312,-0.45503099544989523
54.947195748446894,-1.1131111036484593,1.3166899230012017
55.21389534061462,1.0615272795491957,1.6632489829842829
55.011954401579786,-0.60888773965074905,-1.6322324591893809
56.48872090778076,1.2632881634243769,0.82689212325451156
55.592438668762689,-0.74916540832229062,1.6331958563795395
55.470403126899875,-0.84796922375224293,-1.7171488550177521
55.870344261355058,-0.54010417641367903,-1.4985377653037468
56.416677061659541,1.199336958171872,-0.80134872216298181
55.604325001811532,-0.22979066098261083,1.829662918831154
54.777561159394985,1.8608836009762622,-0.43247933986184123
55.973672617642848,1.5669356626364384,-0.13277879354845656
56.549100812554215,-1.2249346893530373,0.79411950445578339
54.794434129101433,-2.2029055544294134,0.17469503601915234
54.684686233741964,-1.0904290361076994,-1.1193423811942502
55.889830247412739,1.0834653983163494,1.3344407160083709
56.10332080874624,0.12519882333806873,1.6159520956336439
55.925280839066062,0.49659997264278533,1.6168401805812438
56.147289736509997,-1.1737450268374887,-1.1766459005505727
54.534637544294846,-2.0324225314711275,0.91936287730740163
55.174496058957487,0.082321552606410262,1.4451136438334897
54.816299943135235,0.97626194874043004,1.0733021815042831
56.139126065755889,-1.6227029008886258,1.036218508492728
56.253975929530164,0.28394439513807107,1.4578119148220363
55.256258854105425,0.11981084030744327,-1.6927573950102861
55.797300475618258,1.4861465580699094,-1.5848045063594924
55.811098958976906,-0.47349149768426196,1.3274163260921654
55.381360101647488,-0.23053682224014257,-2.0423137980899897
55.978389424472667,1.254834165784956,0.44475179362700357
54.892091493608575,1.3198864174544125,1.0696323126471061
55.900956218940642,-0.097501054322901515,-1.4598224331426746
56.319023107256427,0.3301592339431218,1.4513222370655974
55.979685841084816,-0.92656567382310284,1.3037553759177793
55.804065655725374,1.5393611064881649,0.70477697622443813
55.937914448331512,-1.1892117130929509,0.62799172030519435
56.343149070355963,0.31003571070640834,1.3449763015789582
55.700640732165162,1.2821130571475738,1.3658839420943114
56.365884968963421,1.0555715391603595,-0.85612296193969339
56.49826168490587,0.7589869808737767,-1.2501602027113476
54.695851390351322,-1.6285860737010365,1.3595745821368856
55.714763978012051,-0.19094786789774065,1.3954679836569857
55.902129582628284,1.3155804782026792,0.41255210702216966
55.705619102146436,-1.2008086595987644,-0.44621141049949586
55.782889295432128,0.24402985754325898,1.1361072542014203
55.521840008592775,-0.59993456577144766,-1.6034779393730867
55.788098813862625,0.50278533674469417,-0.60005890881887236
54.738591327731413,-0.0093681596449133129,-1.7058459296989421
55.663787980495755,1.3715565908625538,0.31479810087492677
54.798134526238599,-1.2832512874837385,1.2614849350137816
55.855057166789287,-0.80387025819476265,0.98718274151635133
55.952048623003854,0.8985766846136195,-1.1637483168456328
56.101727734412201,-0.87341249923910902,-0.91453527348447117
54.795818214637833,-0.89242183608155112,-1.4133141916239202
55.236651945717163,0.2363021332574588,-1.5006294612562525
55.597177398463039,-0.84933079956190527,-0.94062619823174709
55.387153704047478,1.1381250976957198,-1.1468607718957304
55.65436882166702,-1.3534667213539413,1.0770343125516852
55.569199000982337,-1.7148607764381969,-0.15333304504850859
55.324361980315985,-1.1471019557846429,1.8928686124335854
56.206059729367816,1.0417784237284531,0.82341285667295305
54.910787892189319,-0.20747884881667111,1.864416891753262
56.239353236813479,-0.44741986104937426,1.5672156088802589
55.861644440590624,-0.86131500283298068,0.61460474798972986
56.120343841875744,1.2303386514724239,1.2553805703999348
55.952926989888361,-1.309525790046995,-0.12412901089934067
56.031334923305103,1.654085540182068,0.22501469467853477
55.447110074569231,1.0090228343117571,1.0296559478953411
56.404274870227276,1.5438055361363223,0.4189944215700826
54.721102626473154,0.1555245668856052,-1.2239562452746129
55.492846553125503,-0.90892728002025702,-1.486916811598251
55.998201376084381,1.6821554501757963,-0.3478847804904725
56.173727731253621,0.36839248467695346,-1.9645651935320125
54.836338725908071,-0.73441689527715437,1.2555659503347298
55.782457543986837,-0.70357418819936146,-1.1359796439609515
56.177548678599585,-1.5346285920552254,-0.12245121192077996
55.504842391016162,2.0145955479728976,-0.64937899690261291
56.130490555271059,-1.107036538616339,-0.87213086188851063
55.942275205059779,1.5223782139796136,0.19379116055870624
54.964876220631496,-1.1119628460344348,0.87618257655327492
55.201429919446667,-1.6851889092370107,0.15166236912322484
55.746988686025325,-0.72158791011357537,-1.0592641239257043
54.736861161955467,1.6115433720768924,-1.1736190110257141
54.999060643962437,-1.9960343452704692,-0.096107205046706709
55.635241460788329,1.7269356023743854,-0.12206721690316259
55.913713348515763,0.65638125824086868,0.78561821149271704
55.794930672979746,1.152041025165002,-0.67214542963442048
54.704023786354682,-1.8311486295886221,0.53218749828597212
56.420220565498511,1.1906058274892746,-0.40957549930577669
55.545272854832234,-1.0130795496266096,0.54300433114719904
56.302144767617321,-0.8085383047799557,0.83718267498895516
55.606781316124454,-1.6055792831962057,0.0040524002547246279
56.04393949481139,-0.35332261534631509,-0.73860612542112947
55.558164421092805,1.2690130042469143,-0.11627774295138536
55.561051297581614,-1.3170672218661716,0.092162186913375549
56.134298618529527,1.2386750829693833,-0.78052020763309538
54.484561381273394,1.2607140140848285,1.4662293586925541
55.387866392968277,0.66865897128293406,-1.7295566733683838
56.418467447219399,1.2992332294506361,0.85574245262088944
54.927782945811941,-1.4383515385375274,-1.0101231026506761
54.8935509048694,-0.34775983391306065,1.649547434679111
55.496267670386636,1.1864986977262622,0.25680196453868326
55.048639963793441,-1.143578211733747,0.20894249583779004
54.836320915976145,-1.0472883578183956,0.55747711036427783
54.665318271496758,-1.3600842151842116,-0.39301239274393734
55.701602792553565,-1.1176998249361576,-0.71731262777367133
55.295469536934732,-0.23801937436745177,-1.4964269663307825
55.944402650499811,-1.8324520376302078,-0.24645877454013873
56.266218330980763,-0.88921918033464131,-0.88436832771596074
54.672751521711568,-1.5588022059705768,0.73578791465593274
55.338541277536756,-1.4066976458601403,0.5133008753388052
55.96008559536709,-0.1711551299990105,1.5482555689524879
55.845680259013932,0.77171370675309248,1.5244715619527254
54.545680397299407,0.44976945941869279,-1.2570883165227456
54.932426625093541,-0.80364299653169291,0.97129825340724429
55.607578026694185,-0.086532275954913931,-1.4744581396159298
55.197863641215527,1.165591730675632,-1.0465209450415687
55.058025461639389,-0.67797242784638778,-0.83796655329962855
54.821924295334142,-0.76971533343255882,1.7978106993097485
56.341203474516092,1.0920856823679066,0.21450425065829856
54.642592789258302,1.8045694705389104,0.010126211377977576
56.000888159577912,1.0148447750352561,1.3827565003338034
56.448945552938611,1.3848748243050246,1.2564984990216537
55.482457025652259,0.78627775443766112,-1.5171146126560846
56.421758288160824,0.35181677681279777,1.4931323623802939
54.707462922476367,-1.6405215949166225,-0.012956446599734264
56.207041969919644,1.5776696773574286,0.55916183259987917
56.129556695035433,1.1570798346036639,-0.096381786191336416
55.683555297653363,1.0950783833530455,0.79096853694348523
54.755993990131834,-1.0800536648054511,-0.30871857891842414
54.455708331386084,1.4368376371145046,-0.97629085594206555
55.452782588400112,1.5959150406334033,1.3256643448204004
56.138448178127568,0.4109095961039208,-1.7390226455750835
54.885987748988434,-0.68393181760630406,-1.4155038010323748
55.428256221569733,-1.0766472278562276,-1.1280432889610694
55.960240723155223,-1.4081445059240394,-0.15061498680912364
55.039884612246858,-0.60582934605843164,-1.3961524649795749
55.185390077309243,-1.2703823718203204,1.0793005268452887
56.238236959883317,0.81192748130094972,-1.4671304146816457
55.963297416979778,-1.1457651442505989,-0.8688725063441104
55.454875383091839,1.1886474989907314,1.0801900862374307
56.462088351383954,-0.68885339070382412,-1.4244514719488945
56.420091695397581,-1.1352115791659914,-1.1435232907626791
54.587523088125927,1.2537333173163321,-0.8200046041285205
54.52422732599117,0.67050280734848744,1.3452748734276057
55.138611490235853,1.1037161531253066,-1.069440056219968
55.763006046417033,0.37241653916810991,-1.0871760594782196
55.157538316747747,-1.0985968854042683,1.4672621827824954
55.555909231312533,-1.3822964069861943,-0.67058483455366691
56.189693576401474,0.13040961590069186,-1.452218033085914
55.363896687339512,-0.93329645987276666,1.4129034106606844
55.398632124914528,-1.1543767405232204,0.70288956307964567
56.168392535214132,-1.7238583565031862,0.90452295514998182
54.988519554462933,1.3122134141404895,-0.8646430671373927
55.912809467107998,-1.2442521400333815,-0.73305227984309695
55.316198505416665,0.49628931524163172,1.2599851953610688
54.611206097797783,-0.0082313519075042554,-1.459806260312476
56.111656893856164,0.82224141772138193,1.5720064612001627
55.903262611614871,-1.0545969275520104,-1.5331673268409147
55.810840569150237,2.0154206070912268,-0.48504892260699917
54.818407096792633,-0.95594030749053094,0.36966458664428653
54.58553416091425,-1.6489845397699165,0.13156156958223034
54.925050676529551,-0.5955792650570958,1.9309162976219731
56.263394689570632,0.7558028162179572,0.28131413307040365
56.479863026994131,-1.1837933721402578,-0.98629736087270059
55.176796197685213,-0.83682760291469238,-1.6340986733909026
56.341739341416499,-1.4245932339797045,-0.072700889599718946
55.837328758972241,0.50861742639129193,2.0560206258107647
55.884815046364523,1.767222152125774,-0.45135864919918595
54.9751507312819,1.3705647684082036,0.70029778612084037
55.521203182920452,-1.5202556887954413,-0.1883932238824006
55.304948929843412,0.24885730970188852,-1.1088011214802718
56.029705780878032,-0.081867981925911174,-1.8333211332552035
55.559183546986809,-1.4752579236572316,0.39692131877784231
54.913383215842103,-1.0471942344325704,-0.125030296835211
54.855190320756911,1.4427138858287658,0.70386191238727736
54.984669008847838,-1.8626261740451422,-0.08789566383639047
55.267447582065031,-1.5246966852291386,-1.014475867247838
56.108709371287389,1.2468092447294885,-1.1744645452301552
55.113381225788089,0.12904567507396478,-1.3533685727671256
55.441576441805537,1.895284940383573,1.3888580366615106
55.995810052127332,0.39965389447800437,-1.4639510397974003
55.419701909157531,-0.2696514741168764,-1.4031784776109884
55.296240347866991,-0.010363420305794803,1.5895494978106457
56.409349271982677,0.9147917270988466,-1.1489540471819997
54.461515435176281,-0.13891903708817863,-1.3245936547034696
54.869314685045708,-0.82138832444042564,-1.6186709665239187
55.237653768209263,0.16003077192567397,-1.6025556626392699
55.309975093617375,-1.5661249133651043,-0.67295210109675152
56.096280718902385,-1.1470617186925436,-0.36462481157411197
56.562015939091822,-0.59189202730514456,1.811577268429833
55.698878537632588,-1.3138353621560981,-0.96131690567806349
55.841980651306635,1.7396670977016186,-0.5091360267466325
56.258734632124103,1.4146547391307291,0.050667330752506352
54.876233033199767,-1.6674628756266692,-0.12641944006240236
55.573289119598165,-1.3537497781527452,0.74794641229959469
55.507196784138529,-1.0664437599494565,-1.1109090772208814
55.956725831939124,1.2847494965391,0.1785450371757189
55.336594574549792,1.4555274667151605,-0.22817113755896265
55.630241869826733,1.0727516182258252,0.88525038710614634
54.787020295208137,-1.7913480312545063,-0.16052920552978522
56.23566040188296,0.81372815787794051,-1.6118073205455465
54.677070592599037,-0.77590825787583162,-1.0754122986554802
55.216572898384008,-0.42877238586027411,-0.77377153655793485
56.370586195471553,0.060186991259486643,1.4815249972357871
56.040313186889996,1.1457920454084494,1.3190582751400617
56.201582074265687,0.85325238595658259,1.2995531322355025
54.54286835022279,-1.5172049510126335,0.20149391028565844
55.303587170702031,0.17125525595280575,1.28259746667629
55.399531612931867,1.3595381387116048,-1.3721727521029412
56.234912746461106,-1.8087573199483393,0.58411411537238189
56.162561403429862,0.51875160851493374,0.0016209026230048274
56.295935938620765,-1.1883146160418556,0.92789229784469585
56.370561167687036,1.4065058101339811,-0.3223548338287508
55.675780596842934,1.0613206595209508,-0.8010509134569106
55.285358113762292,1.3197677492117086,1.1849651765613654
56.143503596064619,1.0810470224855944,0.8881850085487748
55.771330766244049,1.440637529317369,0.54338660405919958
56.012583366565906,1.0851469384498524,-1.4642324633302921
55.378247199772346,-0.25248554504703913,1.3399960998072042
54.424615405194203,-1.5988790773739447,0.89294207953490823
55.708847549056344,-1.0537024583802095,-0.60790422358044627
55.194772111051911,-1.5985736963973229,0.066649351833723683
56.310918388766403,0.4798393573570085,1.5648504033722752
55.530926981885713,1.4502271592327964,-0.20945053668858515
56.199245756879201,-0.43604047485174757,-1.1431873361947085
56.311532832004048,1.0970293843683623,-0.98290699521955849
54.809314573136064,0.87892601310121166,0.71525735783172495
56.340307301575471,1.1583787226637767,-1.3311809951705993
55.711978671348184,1.1836959859041738,-1.0784581357484171
56.297209659122927,-1.0147170287969636,1.126585221182395
56.05496914410422,0.16711970718651292,1.331328419922776
55.525207649968934,0.75498183586426781,-1.532835578193138
56.123600645094463,-1.1836918810309549,-1.2451824018162183
55.276118941237876,-1.2039290421564488,-1.2261220212883139
56.169330498198683,-1.1071459691689978,0.70393159813587292
55.315875959148912,0.62549033030584844,1.4129882900473798
55.056962871457976,-1.7086548564670867,-0.81866479215181021
55.133299735306402,1.0220306158342813,-0.47840446993106267
54.805658737242062,-0.90288019039393241,-1.555569191880489
54.569471092003276,-0.69246283559934441,-1.4163697737885115
56.270555046803963,1.3437736446025201,0.69589116445804944
56.126973712332529,-1.1847322770313402,1.1986124047561075
55.816890567777222,0.70351392958136127,-1.4061750184048118
54.799259511236642,1.0410911967953229,0.85807432171527454
55.937159265611164,1.4266474188241385,-0.89023735478487853
54.905008133309501,-0.39349683079053771,-1.4437472690289919
54.932086866056984,-1.5938268580952735,0.24661627433895913
55.397804284457685,-0.98378645529949793,1.1121044027016578
55.701237293531015,-1.1258108870736192,0.56667556642323991
55.71373143428535,1.4490650426531468,-0.8452133323460721
54.987372133927956,0.077682777697838379,-1.4832657876185467
54.772033827279223,-1.0661923809025629,1.6063931232865747
54.473059887584427,-0.93032242237258966,-0.87956193453441212
54.777566086011504,-0.41725291565073819,-1.588206972248416
56.209095627807827,0.72856213722791474,1.5016845989366916
54.706094775802761,-1.4098300514854796,0.53870116962810699
55.242602570288334,-0.88916443890415475,-0.35633499115557921
55.017218799633092,0.80239964249942231,1.6020331408070423
54.74952552779196,-0.026344096211120726,1.8272923761566604
55.501363060027934,-0.58417417258010074,1.0307411808952422
54.835222787391317,2.0957874055610719,-3.089296645421522
55.241536891119821,0.57003636025883553,-1.0963368060141705
54.713394442523487,1.2760427441591502,0.38195291205128473
55.568469502048913,-0.77398614830140533,-1.6145333461648153
55.52055651708595,0.022362114386814375,-1.42180671464101
55.032604346098381,-1.1073720090613461,-0.96737334186075963
54.510762279644879,0.1971081231560185,-1.4377841818762922
54.572918251993976,-1.4380302834477559,-0.73770309583633187
56.323169756933396,1.9490659617041393,0.90313728313993735
56.394572359382614,0.95597571789588587,1.8508855820253762
55.651885081947221,0.66309058992239001,1.6922274192494049
54.780492027652954,-1.4744793273027017,-0.2722131885479061
55.526960935473973,-1.3443123878780909,-0.58128913658980819
54.510985992662242,1.6980004327160132,0.17603035879340675
56.327954749154451,-1.3724421761125589,0.20190813241600505
55.801015805452778,-1.2376851586281021,-0.33323646371889759
55.534254476169636,1.0688089499203186,0.84451298327507818
55.479181958307272,-1.6368430961174738,-0.0008376536580217604
55.021913700952162,0.16159450022167091,1.6824741760173001
54.76379570296114,0.73404063966882016,-2.1504471209620317
56.280898270074196,-0.89273486067499119,0.83116446399815636
56.329999875171396,-1.4721886408516323,-0.30300028202223633
54.478815426673151,1.187799278763632,-0.85562356304395182
54.895025133291661,-1.5002230986517295,0.90148206574806911
55.110121083263159,1.8639784615321973,-0.85384571637454199
55.792793978094146,0.021675560917221958,-1.1944602657736734
56.276548874725457,-0.86293397262113714,-1.5157293883414902
56.447756331921859,0.81663117986703015,1.2611602852462038
54.82073418971266,0.014710946719714882,1.3787488056045547
56.128137341097521,0.27561718244948225,-1.5652611179170732
56.425807134573823,-1.7050162458532361,-0.55958434347945352
55.029510885202662,-1.8715950462644404,1.2500207165858273
54.465825992303444,-1.0409921548551215,1.9085144835566457
54.736524347467601,1.3684455335055465,-0.11160303370752553
56.300850848600085,-1.2832853275077953,-0.90324119497998345
56.419345703200037,-1.1564938802564804,-0.71543257799573268
55.217427466181341,1.2181401997712604,1.4452923143117424
55.036402389476592,-0.75291336252224528,-0.71355940229724801
55.980175826244057,1.2572354388140168,-0.94377951061366971
56.144138726555504,1.4433669831195135,-0.080431091163231938
55.293789451361867,1.0129718391955431,-0.14423081077078964
55.462809154971616,1.5279825307784931,0.59500915306090207
55.057664315428561,-0.33980021443227743,-1.5247365522910883
55.893416572993836,0.062006930150422683,-1.963595560037193
55.241688924867347,-1.1691103422722178,0.54966784839950023
55.927437611200354,-1.6858499460263161,-0.055087711479449464
56.079030681623891,1.5088672278713631,0.7606557942399258
54.670849747394797,0.25916488522567349,1.227980503763868
54.975744808280439,-1.833570189560713,-0.34439305302798645
56.364315730797287,-0.014224367250051341,-1.5034658754384262
55.150025454056603,1.02435629640717,1.0357166806904547
56.157662080682073,1.4775955780345731,-0.6548139964823777
56.476620430644104,-0.9331122716961151,-0.56369309906950404
55.844596023618863,0.9955403620359814,-1.2843633807060524
55.55767435193809,-1.2542305433161547,1.1176547972434867
55.085166928780616,-0.5978208265098458,-1.4489685919772006
55.183324840947918,1.2693049489521695,-1.003924888952106
55.349533233224626,1.1404848098874487,1.3523029987198782
54.824557047221361,-0.96666781553332248,1.3408386623456134
55.621231589028291,-0.50054948345082884,1.3388129206009034
54.736318454518617,-1.8257836279640904,-0.52132811477989349
55.709506525403661,0.3676184741681775,1.4364335112063968
54.694524946362002,-1.4777648580702158,0.30609523648768749
54.795690259407394,0.068961371111376055,1.6020090498742894
55.064703961994169,-0.08206955738418098,-1.84276952912767
56.198531660446839,1.8781726069245586,-0.45568974643021082
55.404404683599175,-1.0041616302863812,0.91677149224660393
55.226350674032929,0.84681274663352268,-0.66299680615636425
55.212361845674145,1.1061232349427756,1.1409598769550102
56.207138729355052,0.49362993568384855,-0.89528216188955245
56.454455106281749,-2.3325741874624226,-0.32689388779837064
56.180759779863976,-1.1364210274036894,0.17079694352838382
56.274018609789991,-1.2880261149503778,-1.4161251795896157
56.296751550269789,-0.17319788463218444,1.4336473607422322
55.054176828828162,-1.7240194385298084,0.090656786413994717
55.847560045813523,0.57871686976754222,-0.89231267663993485
56.310063200859297,1.3444887927075984,-1.080519274380257
54.825224062304926,1.5536507988026473,0.98893148593436286
54.753284603871514,1.4308253509867761,0.99906687576518149
54.692579217492714,-1.0679883192941046,1.3367964532232908
55.648977203302344,-1.4373915753338711,0.63677444856535459
56.241641603260021,1.3034537355593192,0.31112770691418412
55.434928185144031,1.4024405087783187,-1.2416812073523613
56.282882686060582,1.3353428125054481,-0.14645980209556059
56.393195325190419,1.3906814640378002,-0.49401422870902589
55.948559884991106,-0.63229612673667812,1.2421776122553367
55.83970826807095,-1.0620523217023266,0.83734931265027623
55.920376266702775,1.4424958439195377,-0.209065929123326
55.205894594649486,-1.6523486308381574,0.16728903520361085
55.82257361115461,-0.77107694118800163,-1.5479601211606948
56.036609856772735,0.001164499306736774,1.0198092540361425
56.300838927799987,0.44670161976809314,1.578182862963055
55.910487843239892,1.3076741571973305,-0.57412620836479833
55.5324341592965,-1.3073576853146796,0.97526957349125321
55.539357460473703,-1.1464163464734918,-1.3906899870867317
55.601239041324902,1.6082367630865244,-0.88817566149115612
54.651459961166047,-0.86114813781948707,1.5019980038898852
56.160967381864801,-1.2754433642435712,1.1757064716955354
55.615864065927028,0.31092272989437891,-1.2450990323977784
55.645543395748398,1.6428557830306036,0.025791295650626971
54.898130092624335,0.36749927269509741,0.57415095325162369
55.954777453712907,-0.078864267278439176,1.690246397385176
55.082728281525931,0.12917272513673381,-1.3955191142304244
55.585338546274649,0.0061979187825976388,-1.6485349759864321
55.156085383150824,1.2798425848501858,-0.26433169430842174
55.110573916165343,0.27599510228416668,1.6640464711821932
55.320344038037319,-1.0378271698757369,-1.4634740764680636
55.315898019594492,0.17252774152319023,-1.4027155696903062
54.916432426496556,-0.96754325476001801,0.8149050040623983
56.086493326599161,1.9478208578961185,-0.24251214458791753
55.94763238810463,-0.96736289166395584,-1.2265638360143341
55.362554848792094,0.90670958424494896,0.50656695950655484
56.352826826940962,-2.5314285611597693,1.0324938695513919
54.739507585955501,1.3281631778316787,-0.16531878607322101
55.071552919820959,-0.98763045965385499,-0.39757356479356754
55.137216927568417,0.91068125078192597,1.1549469246433881
55.615010425722495,0.25078268978398865,0.80387568739003989
56.288811463048702,-0.41505703685818046,-1.3541419349778006
54.998150155149332,0.58286042657471338,-1.2373054427406216
56.077195993314284,-1.6736509344921591,0.49475647048487381
56.162284378569453,1.6781472078809936,0.52407839619574692
55.848683875878073,-1.1249226191023631,0.23377025759050812
55.63903997263413,-1.6762568093630796,0.0042962164525814882
56.402022872272596,1.1189853262501908,1.0389269710260205
55.95220696329315,-1.3434949797735116,-0.85936548690329595
54.837855435861357,1.4159678588367812,-1.5210830964852351
56.039781654716606,1.6033983505301208,1.1425405960288146
55.453846460593027,-0.78523917000921706,-1.1643940366401428
54.414553783215879,0.44819055883913989,1.6642479237975458
55.071073067322409,-1.1643359136605691,0.78418706259849058
56.420947284914497,0.90733698449626687,0.83112854381749168
54.870941874109668,-0.45143421639395115,-1.48476837595953
54.90578219683136,0.40167246106951571,-1.7837901443366355
55.20807300147289,-1.2123735934235595,0.86381542051837945
56.188794364679275,1.2270602889698632,-0.83006594698325065
55.414848972677582,-1.2851852057459277,-1.1243721893511642
56.435319961907602,-1.4717537041724662,0.25600994048231557
54.374689981447908,-0.35209838325765119,1.3895855994116404
55.106458449234758,-1.9796945348104935,0.25553403442848277
54.797717909900257,-1.1547081930252556,-1.178695203205107
56.326688260652375,-1.5878394330516603,-0.20557980820679964
55.565009013580294,0.72940004890809229,-1.299475072769265
55.30917307529613,-1.8083052500209538,0.46222080482378464
55.215973726179563,-0.57499257452716224,-1.3572996133731823
55.98470413061893,0.77447108834877754,1.6737125298965452
55.201170270038197,1.63156224904069,0.60072802270234105
54.885786612805958,1.4147684576917019,-1.3394207684034278
56.286476621533666,0.74157781314180782,1.8289089040466617
55.047936374373144,-1.2772923509204657,-0.12883135161321149
56.261292650823457,-1.305767658876869,0.96298878195692617
55.545015656287624,1.2767769854628561,-0.54158173781658081
55.512229388441384,-1.7152432862231999,-0.38256254434744985
54.733799030230514,-1.6916099361070973,-0.71933584041962351
54.967961209664878,0.91752318015444001,1.0321485169344091
55.104236015574379,-1.2261741335459739,0.35082786572662811
54.971219816580444,-1.4518568576144233,0.48036242918620242
54.841524354612467,-0.58561890473149825,1.5892633836504646
55.447208036024968,-0.97161959536772302,0.69142633639559092
56.423967257984287,-1.6301410269233827,-1.1276594705056897
56.160500504229802,-0.35933116330101689,1.0896388923329012
56.213035884839066,0.53873278528260049,-0.83138464667711021
56.055231271998004,-0.96651250436116221,1.0846634936143955
54.544373592689631,-0.63087194630698007,-1.6482869261555839
55.696729403613091,0.82426721864607955,0.63177299390740282
54.470008784541903,0.15788351057060335,1.8933948615820817
55.361527178368313,-0.0025160406484253184,-1.2485696583340553
55.17518630610175,1.1550774893592757,-0.43892503164824148
55.100565650064397,0.3225752196872847,-1.2929131874685518
54.854567825526885,-1.3687558919351952,-0.52132343005871939
55.3794593093873,0.26065056951892168,1.2884715723613531
55.648535932256593,-0.62203896231176925,-1.2031947649776884
55.700696785031646,1.336926239637624,-1.1885006067133288
55.788797604459432,-1.6625099160457135,0.35712683143110868
55.342985285446765,0.45167680843766661,-1.3297493484431482
54.942182941244582,0.87074894544423442,0.93503437560696812
54.864742244698512,1.3560259731584936,0.84554183222762347
55.172010062625098,-1.330797195856227,-1.5406687226092901
56.102680243009388,0.20013637912038548,-1.4567714086692805
55.564098090777648,1.2032583733069393,-0.90206453613416782
55.306443522585603,-1.6548817015148363,0.97947440030592947
56.351136772689543,0.062886081957387902,1.5773070654637633
54.772109613945474,-1.4888051758123457,0.87193862117444421
56.516735958366809,-1.6696472425031272,0.14046986585963542
54.867195820782264,-0.56974289855128057,-1.1316623712408538
54.951987437308262,1.2050669978510986,-0.40318394519599809
56.384630809592643,-0.73443933427409736,1.2697137531588085
55.628137348330021,-1.7883630581571015,-0.49141600365940291
54.752642487716976,0.35887621380371171,1.3483520407763196
55.131447414230003,-0.21293282330671187,-1.2823414738048795
54.736291242872227,-1.354522690687701,-0.44462477548747531
56.277645091477055,-1.2577826784079269,-0.7230862035869734
56.252816959453973,-1.4685025713810651,1.472329869838487
54.76411864984717,0.62681806203997992,-1.5277212316533262
55.078125973776274,0.43582224096463595,1.5467738177572663
56.139742837103725,-1.1354638632428324,0.16386686711134849
55.805048756671304,2.0372395181409937,-0.081079052486116618
55.611399107616698,0.75320150278885922,-1.0991252347807237
55.85415666402286,-0.97522780799406328,-1.7520958622214009
55.483672778949064,0.86184585096646615,1.4222782794602342
56.08365946193635,-1.6714808659757465,-0.92596265472569383
54.73732365514325,-1.5356054454734787,-0.49507136332186591
54.719742563079507,-0.93193008747239392,-1.7523343547693888
56.339199878613513,0.27145445017673214,-1.1418046358170026
54.943220308654865,-0.13071091027574014,1.9145506458233061
55.4064072401071,1.669350455410805,-0.74509001541786102
54.719559678479477,1.9323421537560665,-0.45114310661665491
54.704186821270561,-1.6492245684925031,-0.024267374909790286
56.259978323945624,0.36270169825272913,1.5646019976926593
56.240037706908033,-0.082390258038257669,-1.4755545823005189
55.233097956793046,-0.03856267571041521,0.75399110931456037
55.046520172133164,0.34283833152867305,1.1602539601760447
54.732578976817514,1.7141389664081808,-0.72997240044924849
55.024286070100302,5.8600715987447005,-0.8538794514181699
56.127856332546443,0.83469729485885447,1.339388418566821
55.156787603363554,-1.7690991621977978,0.27339566016728128
55.798760218770454,0.3743126800742968,1.0163655022648082
55.221861673669274,-0.97245087249869244,1.070737353299944
56.20660794185364,-1.7909487073643748,0.75315466921990093
55.790545259691527,-1.539441751883412,0.78255025782608445
54.768785005591191,1.8261080464647572,0.0066543686958481455
54.751570353913515,-1.8390306006264108,-1.1455815324282186
55.548967461237773,1.2310856359270499,-1.0208414290622363
55.084666955835452,-1.0560424362682275,0.54770070340977406
55.678087844268482,-0.61541798690520466,-1.2905058769442048
55.274454086174899,0.22559890878120947,-1.4717941501152667
55.661561040940583,-1.505628694363667,0.45182420890637059
56.062836597017821,1.3755109226909144,-0.62323793282841666
56.068815679029733,1.6252354577472083,-0.40977697657062123
56.095738185301393,0.56939652215013326,1.7115115857231777
55.318327071283356,0.21700786338640007,-1.9075690229157265
54.965338551122557,1.713919877415844,-1.0848011467427496
55.92510265085496,0.27578155774336566,1.9072477094329043
55.67329739469826,-1.3169589070815422,-0.25655910298129703
56.04458133392675,-1.0954923588530314,-0.68364880921834803
56.087445989446117,-0.65704586923757491,-1.2651166072493423
56.058922550302889,0.62795699174028319,1.3298146415115084
54.864188769344146,0.1330859126955069,-1.4980530854582175
54.637144308550084,1.1747927899178121,-0.92726638265668759
55.69326710466278,-1.5772335969863938,-0.44921360976224994
56.418911353842439,-1.3578422018214935,-0.30025123633493472
54.624777303041846,0.51096259001225908,-0.53674109192220165
55.16197631530688,1.0526429584965744,0.63597450549330659
56.3678501070303,-1.3797375167030173,0.99172013814919224
55.388625956637135,1.3292981437394022,0.56096884965777694
54.970223134344089,-1.8972258073449852,-0.64826339199209748
55.170287627134705,-1.2536726402522163,-0.27568980668313886
56.228020975986617,1.2732214609660442,-1.0761581339285546
54.881162881695808,1.3475968370099165,0.11859379304841061
55.010883265346379,-0.61703103556673489,1.7301345310433554
56.015571928562771,-0.65234581247209922,1.0892764081338098
55.053846047313336,-0.57138324010785169,-1.7188766579484636
55.766713348904354,2.0765539477328661,-2.307577976860824
55.599869162926893,0.057582866826654366,1.4562462675291636
55.871245946786686,-1.7546366627975556,0.21485073238997984
54.774751352833611,1.2297069715255746,-1.5658537820720213
54.853049891164027,1.9390863233764892,1.1169185040493856
54.563012083690865,0.54059828442565794,1.3534883985018373
55.069950856079494,1.4504251586157217,-1.2525322398592595
55.447697247073449,2.0248025639368672,-0.48058490882087945
54.984822871635096,-0.17432072267060272,1.3583491253178139
55.349273168879705,0.88701345303478429,1.7021212463076008
55.467353487516128,1.4717613930110094,0.32401055979703408
56.33380432601696,1.2366820445190965,-0.60219468294320855
56.267291944770271,-0.43434792982852849,-1.5467709115317199
55.0896643881605,1.2360786572988338,-0.44361349841198455
54.846728538414169,0.79086497997020433,-1.3716525839474454
55.483133895140377,0.8865290831043795,0.73027187701972018
54.746484889425936,-0.46204074988049232,1.4928159562814667
54.85104781919069,0.63085782721090933,-1.0903357313836965
55.888645721339884,0.6142246213721746,0.56420982806541264
55.303099504990932,1.3877949842659789,-0.032552427509911684
55.358969880391697,-1.5192331012682097,-1.4719111409835146
54.636322577132944,-0.3910648335214526,-1.6393619048344739
55.505784713942802,-0.39351592900006938,1.4051657908967241
54.657435388984098,-0.6422757151762003,-1.1652764706220096
55.778477993302424,1.7859518339573024,0.86276017293837881
55.543133197245474,-0.13021688959761743,-1.4085152777315355
56.103944282293007,-1.2307822880402333,-0.99213430819188297
56.033557599038325,0.32490448848868814,1.5081158639979855
55.908777331946382,1.7044233691618438,-0.41321286866276757
55.180441528093183,-0.3446726077371729,-1.1251208645274524
55.197494386648501,0.62304158583561464,-1.2379286234572611
54.993445185151558,-0.76573677951317454,1.8364196391450394
55.615408839891366,-0.39741448769258492,2.0403507771385816
55.827457183361105,0.90968094861404036,1.529306723278812
55.242374650139162,0.021401274186101136,-1.5022029006060207
55.357332297103326,0.093724411921605744,1.315031183567184
55.454060053221617,1.3727855681422756,0.6313010427526945
56.339504550804293,-1.3900613756823514,1.0871723321618412
54.723355617842749,0.90934008230758145,-1.1583290693598267
55.493949886084003,0.8479329246522318,-1.3444506315320253
54.688761371933644,0.83197273733084776,1.1620195135654927
56.300003709610792,-1.7982774962542651,-0.50305751065445925
55.640812332081254,-0.8799188437177079,-1.2008821850832287
55.806684683873698,0.69377142134663428,-1.8373733343101859
56.189403257534551,-0.44252420613418042,-1.1996836170197722
54.973828957931282,0.84494454255911278,1.5713352618771408
56.196714972924866,-0.7793352545969634,-1.389832384154329
55.79104390729016,-1.3478828607842988,-1.0684804089302098
56.296222613715109,0.64477047998287329,-1.4373224882960121
55.410065639962866,0.71446102149161228,1.0743486367844921
55.300286069602066,0.84598211534376444,1.7942708941567276
56.12877260508332,1.2485012267822169,0.047928272605512003
55.974250915947565,-0.24709758992492115,1.7188965852420144
55.412719353667988,0.4588571921120958,1.4096445725942139
55.447139706933328,0.76595851018742878,1.3795700265519295
54.634403338117203,1.5316658191475032,-0.066612718191256873
54.678539083251401,-1.0990565902154892,-1.5856673607591847
56.187983052992351,-0.98558321491482481,0.93722710852004276
55.079012974333359,-0.58959043828127133,1.1556419383945704
56.33425574867708,-1.4408616775062328,0.77335504122036614
55.643129789108421,0.86727969725120224,0.92957288527680892
55.083860315985717,1.2772748970372998,-0.30545665264105426
55.868483783516531,0.5049821817695318,-1.2655262689700735
54.93479488141346,0.99619058362096635,1.3327248093137904
55.194494320667467,0.12279505052646637,-1.1950925204667338
55.582727838562981,-0.08640496620126123,-1.9388603648423834
56.142571462765567,0.69412546410729969,-1.4991169633209993
56.073142212781171,-0.97443146240313305,1.7545722233626937
55.825055253642056,0.044696750228649398,-1.4749561885311757
55.830856703710602,1.1497960731193013,-1.009959555064611
55.392922351936697,0.83430717934763632,1.370109515286581
55.556462018828142,1.6353516330755893,0.40312732597082673
54.941777649623418,1.9772261640997664,-0.80935717731238788
54.442996038637787,-1.1837766487261376,0.88370235318487567
55.030897419715274,-0.69445262977857958,-1.5554824063999126
54.874954287463943,0.92894246962142757,1.2552208414564139
55.1423880946857,1.3677912114222461,1.0418619448265081
56.171967856943894,-1.5828575074765701,0.78343962007712653
56.096874900578577,-0.15831260054839144,-1.552699245422682
56.110316406324564,0.74951592609667073,0.66316512955080986
55.996592027048052,1.4755613653517554,0.36407124804297847
54.720837230217654,-1.2140454137535279,-1.2750357831653698
56.053698391636239,-1.5679893939284457,-0.24315084288044056
56.450137103613699,1.5073952599157336,-0.41111321476392376
55.746618390188701,-0.78845211831706297,1.2434623149713098
55.642294962132532,0.39575616162617711,1.9034217998235301
55.591506313388628,0.50944880107285517,-1.7065666324294735
54.721265626696791,-0.12665508590170035,-1.7739721471066081
54.564167804865718,-0.53160517750330494,-1.0282019418598545
54.512296232776691,0.86099127021926869,0.63751631361799721
56.184513308050306,0.67885649868342124,1.4562932678800966
55.317341463804233,-0.3270304300657001,-1.3506104272476178
55.499728471899004,1.3700669865568385,-0.56273744190008113
56.433886884644338,0.9235503532996624,-1.2174139326923155
55.447526720652917,-1.3241273222613681,0.38219076655667056
54.960325824688731,1.8273384476364882,-0.37914855731750335
54.92078383289703,1.4816369435734398,0.13346156930051836
56.169006099572123,1.5310388850595058,-1.0084750328196939
56.312568298909305,0.33449576748710219,1.4262791232073866
56.011242077551259,1.5507003160117023,0.34748854778992561
55.786296246688579,0.14786144689833927,-1.9820411386246415
55.508772245659721,0.85027898547837044,-1.135850753681751
55.842992067503218,-2.006212901821554,-0.30079201647448983
56.198751158511051,1.372318586037615,0.5675891141605186
55.417738608726864,1.5862991987182917,-0.52039538411900155
54.442450201870777,-1.7308318275255929,0.42459767651728259
54.695717978833002,-1.806773841564032,1.1830479973015635
54.755968533219466,-0.53868930056647724,1.7693664258103567
55.850459397998669,1.4404738261229328,0.7668893041060868
56.2657472675306,0.74944163779362949,-1.3815579380177625
55.139901424589226,-0.82069939276389869,1.654813253731882
55.671250370227014,-0.2081053515923586,1.8832836311701719
55.963340605334359,0.47576896048763373,-0.98721265077634612
54.905435422460997,-1.3087999825896806,-0.22999391578787104
56.285429024989305,-0.49173715045521416,1.2984498074169342
56.100821746684687,-0.5370368411746802,1.2186652429179141
56.469732256716028,-1.7193667256469187,0.02061940590780513
54.604184733960444,1.0693195859290054,0.66321959411753495
56.341203143240136,0.0097881737149209062,1.8772490334740399
55.920084984863003,-1.8322132041520365,0.39814490090036569
54.568385533761798,-0.50612861422212696,1.4310466481932584
55.355689230884501,-0.44650522332610698,1.5767126893949301
55.363603648283167,-1.3236673074787577,-1.0600744835295794
55.378646048788966,1.1524640424012895,0.83702080618370356
54.601558364404319,0.14751069960203608,2.0757503433113849
55.058527368518853,1.8767129149806854,0.18262138068592862
54.480890484400689,-1.5149333364604471,-0.98501000537178129
54.812469132184603,0.30421462366594654,-1.7864424936799028
56.245174234256069,1.21779611861911,-0.75413960223270882
56.493725705503309,-0.83731316436769687,0.86279585074593834
55.619974259189512,0.28151360400361691,-1.6369853318956784
56.0764310051417,-0.9089568037823692,-1.1423776261635921
55.631190779663491,-0.67337219006456128,0.96437964289627531
54.742506362355307,0.90261684324864666,-1.4396201235109414
54.560765995647664,-1.6109948931032441,0.27412840417759998
54.729369068940244,0.85019824122391874,-1.7812528865073034
56.437219212465934,1.2674211251029286,1.069590216783026
55.35639008556894,1.1120301068210698,1.0329183382821032
56.24529321263897,-1.0530250710338995,-1.1869978023501269
56.031509007353812,-0.23730501089937564,-1.2957939644590262
55.382202113975367,2.0296496565484152,-0.11563996707029565
54.571196554063476,-0.91983951058535085,1.3513908485392636
55.975012425187025,1.8319511074290318,0.047306007692879709
55.121436065385055,-1.6448017528410961,0.46432935639353984
55.61014411491675,0.075694972950015135,-1.8172387689548488
56.480156519696116,1.2024934817979569,-1.3485456540807907
54.876681190599648,0.34273418254631283,1.6737674370438624
55.967711337459804,0.43239194263144681,-1.2716797170991987
55.073130404317105,-1.3365621132498078,-0.11984515820139634
55.803014216039365,-1.2267446437583394,0.76149316321882055
55.68413887559943,0.25481450247006165,1.4897121399983391
54.703710102147248,1.0595337063249566,-1.9689790030790777
56.398284596677449,0.80325475170153349,-1.3015735701662698
56.464444836039277,0.47685937727778038,1.1628402687217716
55.567213104560281,-0.81373976116487601,-1.5840633946186864
56.202006902343498,-0.42065955487787926,-1.6846055320277455
55.801487422798274,-1.2880549332552396,1.0363362273624537
55.081549817077644,-1.0553536464573428,-0.44928270817957305
55.130661731156721,0.46878785415662755,-1.6223233529416277
55.483695695718282,1.3743620688410203,0.64070438416033704
55.97986280805857,-0.75861781142032259,1.2363293608822545
54.544518485837479,0.43855954188633706,-1.4250393575993052
54.778582281397824,0.43188354587782257,0.91745624613824972
55.89796522238656,0.69360535227167508,-1.0826718768318107
54.597249617229679,1.3854048318728807,-0.6035490151979539
56.4237976051514,-1.0431628240056712,0.75880563079208263
55.447961594903404,0.52036535948934715,-1.8806647641484084
55.538784259320899,0.2368468333801638,-1.5739100258565668
56.253454696947301,-0.86992815395603318,0.64372951026925007
55.221928922901739,-1.6169249005666537,-1.1492354079462441
56.333461523627278,-0.89822648145986872,0.32099560419426709
54.867321163607052,-1.4641776013849317,0.90240656475244974
55.734254985304638,-2.0165783842645091,-0.40821783476414192
55.484344174859416,1.3247823928084312,1.1969387852960869
56.034003126897993,-1.4118296465343458,0.70415951692885526
55.700595852875566,-1.2926055327274291,-0.35211835536052893
55.7800936231666,-0.29101249359565001,1.8045787699923939
56.114959710397095,0.19378108055783921,0.70767360973348681
56.274310259658023,-0.41264419733797342,1.2819195367518212
56.070440331484683,1.2258746955223525,0.3208978324298522
54.790112972726838,1.7812522743697543,0.28150693527675674
55.112287473412565,0.64678032048169354,1.3644363163896134
56.157899110726568,-1.4027048055563649,0.7279309305395244
55.177609067035014,-0.52476772809765448,-1.807244643377804
54.558404292490188,-1.2237588717987942,-0.90116274324007162
54.916403268507828,1.0783884168654279,0.96690364142719376
55.83022307924648,-0.29471665151273041,-2.1153240435857645
55.314000705399387,1.5262484684413871,-0.96313942937100883
54.751995264343101,-0.6898911207388041,-1.2313470984988619
56.083530311732737,-1.0139978758857173,-1.1774081601661799
54.73838259583929,1.2959223395131849,0.88742925019091157
54.998378551082531,-0.55514228760621154,-1.2889529488715432
55.75773637971438,0.74525413890228154,1.3335974527198984
55.340588023627767,1.3384928688932927,-0.60715368304756989
55.945574036133635,-0.52781822927564015,1.0844229245642525
55.365189120622738,-0.32397081986003623,1.3010465361498467
55.861830318657056,-1.4626998626712475,1.4837049119766148
55.005049163794702,0.71453786402657871,1.4309745787265684
55.886357331692267,1.0588081745275342,-0.76015334885194707
56.487296226585983,0.42064008648614171,-0.98069569865919137
55.0211616137398,0.45526615963214295,-1.7691567844969232
55.550378370555215,-0.098089746660134258,1.9717790809357143
55.159858707350828,-1.4066399666179528,-0.40219091392700729
55.210509550075514,-1.5419863764128834,-0.95928961262356516
55.76335351615225,0.44657093639802842,2.0814599932613129
54.707892001526993,0.78034374287371688,-1.3096679243742613
55.871087012740979,-0.77924571219660532,-1.5375920165252459
55.807578445862219,0.87541458058394317,1.259690785319006
55.716362787250418,-0.30330541378855169,-1.7471165107332902
56.468611701038583,1.6546762380916744,0.1669137031411688
55.159877736854568,-0.48190726638899606,1.3487931960009572
55.237302157914279,1.6773445185225684,-0.32703450559541802
55.557905999582452,0.22972684034703017,1.2465648639528104
55.463943683572047,-1.2001208417864113,-0.56190621050783407
55.969167335397891,-0.13846493844467084,-1.5819798392996116
55.926930507009097,-1.699309766408778,0.26311536137724245
55.53425716895002,1.2463281272166415,-0.84274259251050476
55.917072168761102,1.3253507881000071,0.015551705790347807
55.495594240480415,1.4339437530432526,0.40964965871957498
54.952588196205511,1.4896190161583893,0.30733134740046752
55.123393681690452,-0.98076305080020598,-0.79516971957951144
55.776678687235062,0.8932407451347627,1.6861971939723932
55.04881714929401,-1.3597753700177311,-0.19290388501199118
54.716315352990968,0.66528946869648098,-1.4678478187784363
55.772675806378906,-1.4392589871767654,-1.1285067838802432
54.414452350592633,0.37182155982443638,-1.8920149621628068
54.639665750985344,1.9050071694530712,0.5305219671926199
55.963115003708168,-0.49106903666744767,-1.600183438293405
55.741394681199196,-0.80530868746875306,1.7831807593534117
56.055921929445724,0.13722951898141464,1.2297867035355736
56.115963486320197,-0.35257093485533486,-1.2770853342902555
55.650392480444083,1.1725460904435869,-1.3265366908404213
56.43031502848384,0.78029498528991836,-1.5144929838680758
56.084843781099785,0.20248361177219107,-1.1423234411474299
56.208247534480662,1.5677204507516882,-0.29086955300784401
55.750885452117039,2.8219485273985296,0.23766884604737559
54.728018554502071,0.97649013106813054,0.73201963992747421
55.502078757722259,-0.41654936389088904,0.99263453372858768
56.040522474393569,-0.81905798617473902,1.561795883010126
55.425817708581633,-0.80204878705246374,-1.5804245398171639
56.091638493399785,-0.92778027802854635,-0.93044562060700853
54.888778403725702,1.2220699041600989,-1.4740727090817884
54.900749141289609,0.65401803481602805,-1.403238333751311
55.010584057650291,-1.6195194164731204,0.089458968354329038
56.278919131873074,1.0773926019146205,-1.2479889721617141
55.749734844459269,0.049872364091821837,1.4006911476787185
55.949741156278577,1.2893390635433761,-0.11009813875736163
55.392520499894651,0.82495658613185274,-1.0431937241615208
55.953986549242913,0.38638820126779816,1.6520207805338905
55.353264580708711,1.8637991646269005,-0.38036298940300223
54.808856256781624,0.28591277307797758,-2.4084906855332102
55.9348636424671,-0.30098496329925245,1.4765123250126821
56.060412536120083,1.5244511940730558,0.57182675718545206
54.925663257499281,0.99529839566195433,0.50087943122826617
55.933536593084078,0.063567941947084469,1.7639901730943961
54.957038779311169,-1.5291099130677697,0.21316315175936673
56.371502916659203,1.5340873745885455,0.59420335538698521
55.924964966266344,-0.9275762694334736,1.3606354324991816
56.080975197301967,0.17590178913439647,-1.5401193082969102
55.269799839434128,-0.54384170889171068,-1.296025847790957
55.217096311898352,-0.96021960274865237,-1.2157721671569448
56.212101190979403,-0.63302739554917598,-1.8229558163614523
55.947028710396388,-0.67878637640548178,-1.3850832377757094
55.218625181066031,-1.9293604380721576,-0.55838331757087445
55.726186241579761,1.2090208017976407,0.43584451860354068
54.634752382046273,0.75406966272710119,-1.5995363529245767
55.290665971847602,1.6928473343454482,-0.42767594417000188
54.895389482066349,-2.6319491845842471,0.65821335545743931
55.093309491253898,-1.3946744597220941,0.83032962955100631
55.373077479895315,-1.9850242897443335,0.26737872686548675
55.544762579333586,1.9844129524484873,0.75380081293802548
55.531738793304349,-1.6336723491655145,0.66485806053107244
55.323721710560719,0.43821524102534204,1.6373278554101975
54.617217803879008,-0.28748311963341927,-1.365522959736968
56.174627246001158,-1.4444523004025851,-0.31947465990789858
55.921471480146437,0.60090654170890689,0.37868915208365933
56.251153532690346,0.4902974636119185,-1.7004234549628885
56.345810321865564,1.5706125343931583,0.18280747679848797
56.012599312497372,-1.2659175527833935,-1.0305793287125886
55.851700375060986,-0.28742220851730277,-1.3914460006681764
55.92151712721212,0.9865724053634457,0.99974303752221316
54.697368840643406,1.1295528387268094,0.96096176156823188
56.301804584255592,-0.45650801376178113,1.4844311723489385
55.191267097148504,1.6783191875420069,-0.54712585594160346
55.548724956497253,-1.0764255086920702,1.0935408906768
55.328652868291805,1.3116302602546297,0.98513676224494506
55.450301239244126,-0.42871770112647711,0.60351058263264934
56.068248714900236,-1.0381962875605553,1.5412868523345316
56.422495271864015,-0.98384695242842746,-0.097920826573258651
55.262179144181829,-0.84111049551294803,-1.079854508296771
54.720767417965597,-0.86250876729475767,-1.8621529360649667
55.67531000748528,1.3526482585358013,-0.56190720379810566
55.1213725570694,1.6991882742033018,0.19618655251717287
55.011984635873432,-1.325591498122116,0.38425892180223348
55.974286763121945,1.4317123131087444,-0.66455925949721373
55.951648677552335,1.2891739680265071,-0.57456658522005333
56.288268738079175,-1.6181717813036691,0.0042939849592080487
54.945513285198999,1.2586723379557854,0.67777026307741228
56.049189511993333,1.3570021803231862,-0.55974191606905344
55.956726019938991,0.55294262712430386,0.74326509603952573
55.481679303052537,0.82486010410469568,-1.7642143858759205
54.687254989639058,1.8390894883883049,0.22463040820210067
55.129641908319861,0.08263703524103054,-1.5442432950883493
56.532847340678082,1.5475840600607544,0.54822806819617487
55.481554443982141,0.55306925767483794,1.3289626776370072
55.284187641945415,1.6691778562822375,0.34168482857011884
55.616083839350736,-0.4881413649824537,1.2580727167496271
55.698834592651551,0.5734250144068288,1.5819961861725009
56.244919046161186,0.86546229378698525,1.3122579247115076
55.86433071357812,-0.58354972776044101,1.2576299256727277
54.6163940323733,1.6848583277495437,-0.74785734444537288
55.548613401530901,1.6094299913018435,-0.587694396623196
55.209802284361579,1.1711892650851974,-0.75096128755495539
55.128491308771594,0.031795909517737177,1.3505451334963414
55.950584875515851,-1.2245212501933711,-1.1137208441591864
54.651432156143677,0.24714812476730788,1.6755349728986968
54.39830496921563,1.7740984167824152,0.71835141991927209
55.91507440986625,1.2839664709173988,1.0003601759247469
55.456930123886998,-1.4883349693919534,-0.10298703705214517
54.634853477364871,-0.98661898216124799,-0.9619636701157761
55.062264231732357,-1.753273669551435,0.71145996821967072
54.979212507277516,-1.2032105981419772,0.28079083893711959
56.463355400985407,1.0476407424200358,-1.1806278728097392
55.831783025391353,1.060026473631146,-1.2496477844798328
54.851152854814423,-1.6245224459634198,0.7033923588284916
54.917536067384077,0.78634107490115879,-1.874423520125075
55.32317343156911,1.1215182314961811,1.1039302664533759
56.326179874213956,-0.5576334264700904,1.3131473044541617
56.370042452392163,-0.9032701922384192,1.213448263936737
55.079611535838737,0.81573203910061276,-1.9321226968225047
55.444208449099165,1.3835134357577035,0.90354093287145598
54.563488634894107,-1.0131529676032212,0.86834955981028406
54.636783515213459,1.3372875616067357,-0.89964587634530591
55.491136346879244,-0.8554973215852677,-0.98897228456843511
55.085576353389484,1.4290963588703212,0.65674586117264688
55.832990656292147,0.14926210056493183,-1.5907113229694829
54.518990448074121,-0.016670586233826147,-1.1531871050218787
54.558105424405788,-2.2991815479351869,0.040174674653134013
55.169820530257063,1.2856189971211864,-0.55154826786074029
56.360442836248893,1.4882616520835239,0.093429006767343975
55.433314735699255,1.0411367487550325,-1.7726076031594613
55.790287980241153,1.4849390652118049,0.24324957241582723
56.245325615522532,-0.32849848459270486,-2.4571122224438047
55.616804499914032,0.95020655165485313,-0.85554087535309853
55.023528582345037,-1.4711934834031195,-0.87110379545172001
56.188574807866075,0.72865535285021921,1.2629482987316849
54.882433790016137,1.3522247767613922,0.1844121950435467
55.57265210559671,-1.3171834307683441,-0.89303859560628562
55.06334288103799,-0.78009624721687643,-1.1979068368388424
55.269537860581124,1.2775168556228695,-0.27849279763611634
55.281947421794243,-1.8429572784486015,-0.67582014355742515
56.10775728167922,-1.1322358990051147,1.4907991696214242
56.367904356249817,-1.1476147954718721,-0.62679642108994016
55.792290500077172,-1.4416821916144371,0.12446872457782503
55.855074925706148,0.34461431889336575,-1.4481057697677826
54.649520376608642,-0.77831292095636606,-1.9643064387972682
55.945982529760926,0.69612049320526159,-1.7059156434363834
55.252371873612709,0.95641552458827594,0.1686947715106952
56.263633984771992,0.61850201931846616,1.4560191265044988
54.883476101809961,0.61976929939347991,-0.72505348166364625
56.114076483458916,-0.12034927102194176,-1.9317340540287433
55.870483855020836,-0.79312292628146464,-1.4160398251502766
55.399620688248049,1.2607709226460919,-0.73033060032986263
54.490925093444041,1.378562406637833,-0.1963456428580648
55.962206227522103,1.3626033041341918,-0.59834708355932964
55.834645788948677,-0.70334318443067922,1.2709413510484333
55.307573562548782,0.37754978915092618,1.2568590508060866
54.665787647447878,1.536600096795004,0.041226902096161408
55.787504964965692,1.0534674040204113,-0.302149838308651
55.471915816809563,-1.4680208202139187,1.6070969750942856
55.649062316419837,-1.1910569987282071,-0.52100602590316336
55.716912791303024,-0.027663733031936803,-1.7782728368486116
55.33378056218563,-0.91007775296663285,-0.89255863568954885
55.926408378143101,0.95650036596568766,-0.5928107198038115
55.208066700881538,1.6438059007827546,-0.45358874731785048
55.785598220520939,0.72434236495012438,1.1259280078628375
55.519280696420971,-0.64041467838779642,-1.3759933800570436
54.563179394533414,-1.5719696406618391,-0.81034258110676438
56.121482600359307,1.6718080365093371,-0.34006277943085172
54.810311977740668,0.49359942121248696,1.143986052145795
55.133838913113529,1.5768351343364928,-0.78921870048878229
54.667570685026973,0.31637109635752603,1.6752425877151764
56.310828622960656,0.61688521646082395,1.2531864262302779
55.957297748588125,-1.4689819058630218,0.95560744538275977
56.387350219047299,-0.51955760298844689,1.597096571188162
54.82839988000238,-1.5829116974022486,-0.91879633038950637
55.772994850176183,1.2009163701704695,-0.94017755952483872
55.246111738196682,0.63895846851040694,1.5623528538908176
56.522724605050115,1.1833889186855491,-0.97287364158946377
54.578916673515991,0.2408676078390157,1.6270692772756454
55.336249118597266,-0.29862208779376059,1.7187919358758825
56.077549269778594,-1.5626188965387695,-0.61843619708107034
55.875450197427654,0.068295634218838566,1.0686213871362948
54.534259586938752,1.6233436023519081,-0.47706428868410911
55.140660208977124,-1.8859484152845105,-0.48993757276325284
55.650612446903985,-1.6694567725007625,0.19954454744642441
55.160662439325428,-0.82683108291555318,-1.5474669787319888
55.465322329170263,-1.4343973904981204,0.15087941755634351
55.275539519851492,1.288199149538213,0.49379061890298936
56.097312065215291,0.44678855359001907,1.7285626966772474
55.955441623976306,1.0623915229639735,-1.057272350114961
55.148683503614734,-0.33163846897978277,1.4637057975150054
55.31110623998525,-1.0141356217281672,-1.10460913931213
55.809911293268328,-1.1876714223242628,-1.1684920577808828
55.877510023467806,-1.2911962632094032,0.19406825704872213
54.836237729591453,1.5552393574033376,1.0961852855092677
54.406211486467306,-0.73716044632132516,0.83293795479107691
54.90948847292573,1.5801303724552331,-0.42425400778182432
54.569373855215069,1.114154434998869,-0.54957545351111003
54.717284350703125,-1.0720955571403679,-1.4051840635515425
55.374928163556881,-1.3475774447775228,-0.94866289972402995
55.429874626441844,0.19649395757309968,-1.4252407569019849
55.674917735551603,-0.36446853778218757,-1.1055612051962913
54.72073593567751,-1.5251424961570865,-0.55762048087756733
54.939962446799242,-1.1139089965664999,-0.58228249070059113
55.056114084845454,1.3550299956625873,-1.3297690081942717
55.333162339126538,-0.21243015602565618,1.5907083346950339
54.618859084418141,-1.7954598647166098,-0.5159060958041477
55.185431184403981,-1.3541877454623397,-0.72983844496270567
55.813628998206966,-0.44775476610638748,-1.6417170381768915
56.271532481444652,1.2931087315545342,-0.34482954489165296
56.087954781255071,-1.283305825681722,-0.048513960631258513
55.301423126288704,-1.6027161931748488,-0.064296161475715111
55.159888502742504,-1.4108670789045534,0.069096964168137362
55.694496690252628,-1.3417777663752484,1.7892398890133077
56.251311876046024,-1.0342868964607561,0.69798758956252616
55.387284710766103,1.6373648273562453,-0.38734416024341461
54.624751915614773,0.10640495452743275,1.970596376199238
55.319511374893175,1.4660339349586726,0.72523633905962293
55.901334777164919,-0.49355046308559869,0.38775341002446756
56.095940976221108,-0.6817228379246848,-1.3388214317112372
55.257176904256681,-1.5597111837065134,1.0701667399495796
54.911244970738821,-1.5641776981355187,-0.073595670727596096
55.801380722349464,0.3851081069249595,1.0572415429962205
54.97976844745186,1.505364194242734,0.29583538729070019
54.520913482484012,1.4120773556381754,0.82974253651712004
55.576287721285297,0.30424221931773188,-1.9216387121391139
54.995364323311591,1.0827109953145608,1.2562315255667715
55.337978009055703,-0.71170679498244083,-1.4488392855347998
55.643889141671742,-1.7676079309942883,-0.37809279220317282
54.781881909848813,1.1414688282909706,-0.57444187548269088
55.199711224975601,0.30210753549230429,1.6529375955911252
56.58652551126216,0.81745041952421249,1.0871784145649501
56.376009050303288,-0.5714208010918238,-1.3435300770581238
56.108966821079441,-1.9163152720545955,0.84746575475138608
55.729309922713007,-1.4493448706384806,-0.13700483761324767
54.669916169310497,-2.0390628437442735,0.075679800385471035
55.978768590319383,0.33251531557729297,-1.5926315168905363
56.243107946167264,-0.6193284639120098,1.3212601383130704
56.015414656780649,1.1447461958013971,1.533218307281375
54.614986870202031,-1.6516548690632442,1.0793330395789364
56.018585828281033,1.4203310270182568,0.082373534551163655
54.70166023494275,-0.48458721932353332,1.5087110789879763
55.658950058333339,0.96541073761605023,1.3197260235360722
56.395152194992988,-1.3864353469188719,-0.98798476209714314
55.320618969000058,0.63610398206183372,1.625828327343519
54.802846115346142,1.4252578705258465,0.3017115037759493
54.792038421402395,1.6722387551022271,-0.78125357158851494
56.240321928747228,-0.68068222068310136,-1.5394476786426587
55.447725019118366,-1.1645168919534143,1.7919053395419764
56.351454313074036,-0.78609831425252741,1.1689851368034623
55.365722790957086,-0.98839671206402446,1.7552574161688035
54.571621480416184,-0.35079327968548557,1.342292115821625
56.27252679832467,-0.079663708197516045,1.5149659163093825
55.466181737124984,-1.2212293786325492,-0.77360112664502567
54.885648330709387,0.95463029877492067,1.5015691758872984
55.681861903774085,-0.34095117503404709,1.4973178515403835
56.531517328466812,-0.70706092735355441,1.4254560584218019
55.528454829744959,1.7748782906693716,0.32956687228137949
54.734877102452359,1.0823887205799194,1.0267271110858669
55.084994979433034,1.649861597749134,0.57665426837950173
55.25308423731807,0.15741602811133362,1.5728239598936482
54.950817012418206,-1.9767733940960368,1.5779203187576414
56.204231064316168,-1.3738537419712797,-1.3135847426434548
55.299393765097413,0.92310241490857081,0.6416861253755729
55.179620549536246,0.14594194704996327,1.6138154666176932
56.186279779572224,1.2421614147894326,-1.8041395052708862
55.114330255490636,1.2644240276251764,-0.68749944140778718
55.334729293601143,0.5162598246771205,-1.8297217290842864
55.68097045217791,1.1910506611158216,0.2615409222175048
54.87248277177607,0.96221603243854259,1.1187861578686875
55.838071733931756,1.157080019552432,0.95595262697599803
56.060696094747875,0.075671904278419772,1.5608455672348833
55.737577164077486,-0.23640235775474933,-1.489163285213186
55.723084987659469,1.3861338899976148,0.64651665063975816
55.586163864244746,0.3982185104033954,1.0356005480829469
55.794598383720142,0.0034492415743583014,-1.651723312699926
56.461230108347088,-0.92875921529948946,0.98207065789021397
56.360902456256838,-1.7771542161155292,-0.43068419133143276
56.117382019228486,-1.2084254204374294,-0.75972897025984465
55.781228247628363,-1.1062725844446193,1.3683760881006055
54.791608829565575,1.2956639581673037,3.4585294119362664
54.480896922202533,-1.3219401954562833,-0.32042961632550171
54.668473257407769,-0.31572963437606844,1.1450537367211753
55.548256478172327,-0.061853131363624116,-1.4141408562322006
54.917597259526943,1.4385412118703897,-0.21019081829066111
55.130919863745468,1.16280711929221,-0.0045757300761593393
54.780101418807426,-1.1825177510002265,-0.069277963558321845
56.263690888664449,0.41229298389083768,1.3756386154668483
55.137485508214439,-1.166245461857935,-1.303671315264729
55.192864383989544,-0.34569595635257555,-1.7567780132985966
55.337326886937213,1.3967779721838909,0.074037066016278449
55.793295882386779,0.89573551797264828,1.0402342875344228
56.011244878571851,1.0708112726389571,0.13409022020422032
55.133408204926425,-1.0887654669558104,0.41927524083799556
54.591165879281796,0.59371173283076439,-2.141777138875649
55.044696997856143,1.6587401048610357,0.41708219798467561
56.307769498855727,-1.1023852706734338,-1.1594741306524272
55.581845408296886,0.10748286247001584,1.7258821375140874
54.906503925751075,-0.99454407126113975,1.3873627323428044
55.220502038563971,0.0030926487560538904,-1.4476065748625853
55.92827236210357,0.43106758734014089,-1.4843955637660715
56.127368629282223,1.1782721281998374,-0.98217183869820301
55.584419577689758,0.93050961027421264,-0.6531743593855488
55.172595318959566,1.1403638806577043,1.2648527382694754
55.544312727498614,0.34769595569027401,-1.4256587410565502
56.096513406529944,0.60879126545951145,1.2003393494314707
54.573678463851735,-0.95572667388062504,1.2166854623668473
55.954219310587028,0.72400903016551432,-1.6258472383635094
55.370816993501322,1.3554016002829317,1.3291081518537007
56.073413085762333,1.5996547385799811,-0.034448618662720379
55.154449277975246,1.3793287444206328,0.26965197499072424
54.915580829507761,-0.15943210943379732,1.1605322251716188
55.889373822998309,-1.4083516121267325,0.15068966919447782
55.361972937390647,1.4737775170766954,-0.06086056451747357
54.594943572364841,1.0312403576984899,-1.4390830569473989
55.429152425000368,0.92411555473008222,1.1558597527483481
56.48436044527638,0.41490555302548776,-1.2613068807374059
56.076411266043614,1.656841045495109,-0.5857460416047775
55.897183204856482,-1.4717739878452394,0.66626717862701235
54.844629095482858,1.313804114344532,-0.56036605590783573
55.035657189009328,-0.4795429040948595,1.4871969678892858
55.33765783005196,-1.5284713788568349,0.52145990407995491
55.046984994711167,-0.52116887683795166,1.5119494134074332
55.438562732711148,-0.051737369529824134,1.2653201785792578
54.916005721339843,0.10841517882003744,-1.7746544390310095
55.079334059581747,0.87637842825475942,-1.2179717351878219
55.076121071379426,-0.93858626583223048,0.043834647671996151
55.356613257133596,1.3578242279408468,-0.15369651937932316
55.32697394762171,-0.045139703179357685,-1.681106440500145
55.720484689976061,0.6650813994686694,1.116899573613946
55.544218973058179,-1.1818620977889558,0.59278382422809028
55.873641511624449,0.0082274401370805213,1.4691967153835184
55.371018426811659,-0.92963595939232624,-1.3581414948154891
56.159983698432981,1.5635948188731188,-0.59693239398486375
54.839703671446252,-0.16749934167367117,1.4907575416203749
56.279666868859756,-1.3571864720905893,-0.039862286222275688
55.889433243807225,0.44957311123189697,-1.3013370199249716
56.224973611629288,1.1204006269404383,-0.96470372316397635
55.761366458259083,0.43901288124377941,1.7957674371775501
56.313127767020255,-1.3457059808457399,0.67525648731158827
55.126416195395684,-1.1117547097319187,-0.741428325648405
55.838930923802963,-0.4482897064811126,-1.1946561921187924
55.079296166892512,-0.83113257091101134,1.9512674124021969
55.496138772819826,-1.8447163854065791,-0.16392625199497099
56.524995192826204,-1.3176504358068621,-0.38261951184354931
56.317744192198248,0.57659561438353601,1.4237334469386078
54.860698605460193,1.1147390471494267,0.15899552358358499
55.525187101302613,0.74308789531034347,-1.5109665387870368
54.611561787516045,2.1558325876426152,0.75434378410618086
55.33956136611117,-0.77288550399627232,1.0007927009178663
56.173959067566713,-0.233396077292886,0.4351276542322724
54.996590995395628,1.9222039872565262,0.18564441238334592
54.654322730167003,0.094547608447203974,1.5106803346416682
54.831296464184327,0.77468711886460284,-0.97569077905768586
56.190868867597999,1.3585007468830403,0.2585197691401539
54.901586338685959,1.1896674376262328,0.5345975595468152
56.312604748147919,0.18703496307906819,1.4191945452168797
56.067982036767084,-0.35376435054197497,1.3456345404092809
54.575879448250291,-0.45522878826023389,-1.6388471794104804
55.442584055034111,-1.6011839771533478,-0.23486142767614387
56.229806876450766,-1.5455244793781333,-0.38495267711593012
55.338445093408851,-0.69236232095255479,-1.2174646513502574
55.766305963331909,0.80478312021281206,-1.178010121238416
55.657694826411451,0.17498245121824582,-1.6898853381340808
56.235849905090681,-1.2674266329963739,0.78111300112550885
56.257495433739173,0.28603602085084395,-1.645140195462341
56.201987273741508,0.24954821778636452,-1.8346992442533991
55.144803629193881,-0.90193893037887229,0.83323865646339812
55.44444476643158,-0.055145477378492354,-1.5089806215935606
54.577803951181906,-1.418275931193407,-1.5535978031655189
55.098280924725515,1.2993361348160661,0.84555151222576652
55.430097905118231,-0.42218194917621577,1.1930265322564071
54.873403843822317,1.3493589910331767,-1.0722995609920778
56.180025962769243,1.1804292262322258,-0.82127665574674635
55.323900578418851,-0.037995316068692407,1.7380514666423938
55.670410455153515,0.058422618891710201,1.3699452629250377
54.880051526061251,-0.2664586657881966,1.9186495519491622
55.41714385346927,0.17811277934801817,1.4264406071427163
55.891420438721596,-0.69470367841523617,0.58109215813751114
55.28056833626178,-0.14519243794133466,-1.6754257145693194
54.890724882275926,0.71733761810158791,-1.1667794680439689
54.51808552801829,-1.5315924818457851,-0.65360662725655005
55.72332277364174,1.3402370178984322,1.2272423251151066
54.846404365083309,-1.8717168275312865,0.2370833884430058
55.18808549882575,-1.3883642909024485,-0.82469209059098181
55.61719841156313,0.0095041236512122436,1.3933211652597781
55.208430267865282,-0.61152173902968388,1.6988172964658215
56.212184117710592,-1.618376529602028,-1.2069845860200623
56.15455456886756,0.3200603435511698,1.3830810032300598
56.506703461770201,1.5163660287610783,-0.43838080397421925
55.659463404449944,-0.39583304706574673,-1.3405062832013395
55.306793399240938,-1.0362307801308726,-1.1841808918059804
55.512941590534467,1.038516972824818,-0.92502591603489948
54.718561061862822,-1.3147749247056371,-0.84067813337276442
55.934996810200403,-1.1012835405037411,1.0831456146768599
56.490117879218452,-1.3422188744674517,0.85444068007464213
54.668901441820829,-0.80503480492856594,-1.004400275592064
55.751135986092024,0.60456374749292652,1.437434564827816
56.108289207132415,-0.9696953414875561,0.97392374427132566
54.845663904711124,1.5082139349818,-0.0090682514586269448
54.910237740443755,1.2900810215273049,0.25884405564072388
55.875085394511551,-0.70700906718715939,1.5265877897893241
55.599782638916068,-0.047022591292339322,-1.6233762289463416
56.285524895529207,0.56080801208277564,-1.6369660585448638
55.904594642777028,1.7640719004464136,-0.23041707905827769
55.04372511295351,-0.78797064266926309,1.4172961959754193
56.159710687160214,-1.3424965524326888,-1.2582039934189324
54.693410639788965,-0.92419836546873013,-0.99617157359655317
54.986894879906444,2.0606074765629918,-0.31389203187951004
55.968987106832351,-0.68111652018338931,-0.53963373338899523
55.113606214593929,-1.4527382011145418,0.91151785376530503
55.584819933476922,1.9007924367100912,-0.31902000114467793
55.012043039190957,1.1217546710243889,-1.2073743565627213
55.611869100708333,-0.99648628296306385,-1.2971957556099998
55.845485862921002,-0.934450696961588,1.2781658581510407
56.499839965589963,-0.30128650428323694,-1.1804260178503232
55.339682046677027,1.3116641131705578,0.70468292057539395
55.595516429466961,-0.70545200354579363,1.734368428919457
55.70253633086908,1.2432120677712279,1.427386507532066
55.674082978998534,0.30923265970239733,1.4894080336436102
55.543311684295588,-1.6778947275562774,0.57337613355146255
55.365302882372355,-1.2438416084804347,-0.40653481463921237
55.024254713003231,0.96125032375845976,-1.0125326468228422
55.190544316557279,-1.3498703143605943,-0.71152917545320693
56.471159615601792,-1.1277567940998758,-1.6762584848541502
55.159522592415861,1.19893462055272,0.93952608397998771
55.786739393455363,-1.7539713126274179,-0.1305158891934709
56.381726710882795,-1.0804566420096273,1.0654700270473361
55.225906975113176,0.83147097279479665,-1.4834122509855454
54.553468160855324,-1.5185507116157482,0.10144703481901532
55.942966017330498,0.17852826800688218,1.3305871790214365
56.016259874342261,1.3262561815902587,0.26705551423144525
55.981225839584411,0.65371406606744853,-1.5619044698026954
54.727834153893426,-0.9816247292576018,0.89095703887949129
55.094496677296497,0.45588622755073727,1.3047048065915532
56.560317195901327,-0.58852398121970018,-1.2601125174272174
54.572476660279563,0.10728363704522607,-1.4809019543746038
56.220777667455707,1.3834387500153245,0.39485137006108267
55.001542911655626,-1.4364684961115746,1.4544246131285696
56.270199428759675,-1.2800620594866663,1.1758896413032316
56.134115677801084,1.151440161864985,1.0930358473291737
55.735463256848718,1.4636129096912636,-0.1650228879164081
55.704941513538039,1.6923191122554035,-0.48044105982590957
56.093632493936937,-0.53698296517748023,1.6609711914781931
54.516378672890227,-0.7210680343361926,-1.3380196870628518
54.91268948837007,-0.58134408633664325,-1.3656008369035482
54.999436787434632,0.32868077429768539,1.3968084624621242
56.344900752297626,-0.20871166087066353,1.3334295111875774
56.261817626358692,0.29242290767041096,-1.5029962877471232
55.556426936044197,1.3335951792359597,0.35821487614345016
55.085348179822155,-0.75467935667293751,-1.0803405172444052
54.782549415199057,-1.5911821267398925,-1.1830147272499685
54.696611645745492,-1.8200587664096872,0.29181361309636783
55.388109341636387,-0.72777148134887648,1.331821506023148
55.657878552490274,-0.86268659082406807,1.2139205179667951
55.393604286129666,1.4354469765453153,0.87674552219167223
56.005067233808674,1.2432473544011422,-1.5140532143644618
55.751250068148124,1.3992007216285776,-0.60734171196334052
56.234319983698761,-0.6605472908998542,0.80930713391412068
55.7263856177495,-1.7376720460156412,-0.051082664208961986
56.266388551157405,0.65008827394474233,1.6942185502116176
56.214316796697808,-0.58537536636640208,-1.578907098249257
55.844288745438554,-1.5804440745654258,0.69120810154553114
56.329677730499476,1.0845981825447444,0.73874006779135859
54.429796441517304,0.88527484370989362,1.2004361257919363
56.131978482641124,0.95880650354734032,1.3082569815267755
54.947960166299282,-1.1086821806516582,0.84757135979966991
54.443417150166788,0.35662300893523352,2.0925136824045896
56.052506758855586,-0.28230075296381363,1.1380174474666032
55.441883662562979,0.45709116474712663,-1.2696949324533591
56.454075612927063,1.8800640212518633,-0.48865539932931179
56.129634388810516,-0.075021724222576344,1.1227238424860955
55.484867597316324,-0.52827252605003883,1.3146445794492911
54.466878370665619,1.6331432971627233,-0.31127873954910029
55.061867996075932,-0.57681906681938411,1.0833606840669119
54.557955005096929,-1.1310867961524693,1.0611697997337157
56.256938560008813,1.6840558471456855,0.10049453383563486
55.00872143151603,-0.9201099465827054,0.75899721875746051
54.792889699433829,0.074924125161343016,-1.460205268494791
55.271559207646277,-0.36749171055759627,1.0799907839306344
55.725471087316656,0.51758435035899286,-1.6874386218474398
56.058508969709884,-1.1487287461562059,-0.59244988490447137
55.534335414521024,1.3223734871439359,1.0525700834234613
54.903630028663841,-1.3775292010817153,1.3485302648946473
55.15011463107647,0.26665141622526356,-1.4468671591180602
55.03233872783774,-0.090138092944236692,1.7365906176633459
56.119857331718237,-0.022918221241905904,1.6898383863935564
55.498056957771318,0.38336709585813317,1.2416432138308908
55.553356248432522,-1.6062642918294754,1.3636115788914676
55.620428141586267,-1.4384176121601944,-0.77536445889853689
56.512193193491854,1.6879864452428379,0.17348641506999518
54.683572751165393,-2.0223489916980344,-0.32771912401227093
55.95336306167993,-1.7385010797144518,0.32166062851420063
55.744018582207779,1.0328568228232382,0.99756469932750569
54.497358108226415,-1.6011353431793047,-0.85767758686167017
55.846440448822847,1.1735418260393202,1.0037214420394163
55.596591854239868,-1.3427329350768973,0.79532838141439122
56.380090194231059,0.16092894421356135,1.3535028421983999
55.360508802971736,-0.90909890359150092,0.8021916981614603
54.739558586211778,0.10699287330028041,1.080447817451915
55.877601386592843,0.14575662533201075,1.481166297788564
55.224644974245379,1.4145645788076353,-0.17486934393927817
55.164594877387138,-0.61028228413743935,1.6003926601489336
55.529586090187664,1.8081830287153036,-1.0340193305800844
55.876050944259482,0.26947284591621434,-1.2236821164408356
55.517438984521441,1.0784976167612668,-1.0801959452308576
56.397808489218427,0.46299778260043439,-1.0799952996850091
55.121468126856122,-1.4679415867844032,-0.32931969262421956
56.114891413091229,2.0139110100767623,0.11925227811484797
56.002296903257232,-0.95795102643103225,-1.180683316531264
56.084620700217066,-1.4654520709016066,0.015302971069680154
56.114166111236642,-0.83711110717373383,-1.3828083920922221
55.10052979744745,-1.4542759298662851,1.1374642005720308
56.376834078836488,-0.10835136781583522,1.1587032743976962
56.032847959475554,1.1807697172827285,-0.9067389129357567
56.334257734176902,1.1608028049357595,1.2322250852544572
55.4795424209834,1.5705879619141412,0.16207731880737322
55.959026981865648,1.5859532816192006,-0.075243542922297998
54.912535277062716,-0.51060953494956196,1.5124255551094938
56.529099778755132,1.7883674183058638,0.33505993841221698
55.164216968519689,-1.4658536676117064,1.0340346941140264
54.492643433787762,0.29077883901667673,1.5922762757462201
56.270795211320774,1.3363823156756491,0.20848213021193204
54.899955595619083,1.1418205541935267,-1.2063036754277288
56.269223931877093,0.063057449506098096,1.248125441549955
55.784807866076321,-1.6938536107639739,-0.36466713551973529
56.333850699074546,-0.14371525611979524,-1.0544521599384498
54.735037259133811,-0.52405479873149552,-1.1621044228034518
55.532314105907595,-1.4090498983263915,-0.18553582853323433
55.608360350386995,1.1822929670933473,-0.55834817658278313
54.793170016534056,1.9954749726094416,0.79094625450519274
54.786078740185623,0.65706351484839975,-1.5264890037583358
54.662413094025332,1.0504715401829463,1.8435994094248607
55.439040730760411,1.8986830240735657,-0.70734260114623404
55.442449075362568,-1.0117652553677356,-1.1020589359910689
55.643656229709386,-1.1943719632853627,-0.9586537325342287
56.044455750843575,-1.6926687355969221,-0.69040045678329831
55.225015026371153,1.2633535624593168,-1.4156745178952745
54.519098641366533,-0.87315469653389388,1.4870151815541455
55.942778031424766,-1.6109003091903948,-0.067269354477292057
55.293881328268668,1.561769305470702,-0.55949723752962877
56.039808167146703,0.50447427405376843,1.1993956318269738
54.919135166795627,-1.321794503104091,-0.063141596747689585
56.405410973467404,1.1704746522717053,-1.8125607808552164
54.698327451153673,0.69234600847225014,0.69569681937181205
55.541115469740518,-0.9064340636445255,1.6263794160436078
56.405729722709992,-0.64503758653794108,1.5596772239365913
56.185968232786387,1.8429342617786542,0.45251649612719841
55.049687617114024,0.38227616235968731,-1.30866278333578
55.0831939080566,1.7665837231947268,0.036324327298186188
55.948042510470664,0.95541713902017922,1.3452629228812725
55.510661986725211,0.073754879971796916,-1.2899002735425857
56.081136440653111,1.6563579583752366,0.26685878556249465
54.841999113240483,-0.28294890635878672,1.5285104923326172
55.35310041804253,0.37277484546209466,0.29032059860037501
55.724113556487879,-1.9235815295997396,0.83550822823011506
56.061678666586957,0.43145427834905581,-1.343016991814042
55.594163223504779,-0.42843418794116417,-1.7224960948997055
56.383719307038739,0.13610005662503546,-1.6365911311409977
55.141270804885337,0.76907435347722397,0.6688071570189279
56.430303912941952,0.43145285687154639,0.92199949366334866
55.371009485651314,-1.1279593629088371,-0.93237694351829314
55.295975612237797,1.081514253264372,0.99310631187127951
55.165314083458213,0.98619614799564181,0.020839570373770915
55.51014466487748,1.2962916297828357,-0.93173463405210599
55.202506839892372,-1.2954327461904012,1.1626107454950727
54.891356735145798,0.7796798599462994,-0.86876215806151158
56.239814952274699,-1.4326665765067037,0.28985062695142416
55.501041287077612,-1.3871860124373279,-1.3233219464261508
54.566644188650827,-0.5141754965547124,1.2624333467030258
55.537399653494745,1.3877579230523156,0.62353118906116123
55.064801818628084,-1.1937256217400163,-1.7281940646142051
56.321748578187886,-1.2557963034086341,1.0221512389925507
56.122097045563514,-1.251760477936787,0.88536015093766152
55.385201527509025,1.9877745386145251,0.2975305985261783
56.32546882777649,-0.80354106958658233,0.96922940990078532
55.344638302083425,0.35850405911423527,1.1172052900966807
55.454893404080359,-1.5928746017687756,-0.22091605114826465
55.129457820842958,1.5979537361229823,-0.42579696910617271
56.29537204410925,-1.3294200916358205,0.49730346785917645
55.49543409428032,-0.61658179718833406,-0.72965599377664714
54.837022760152614,0.86819857734374528,-1.1585466458197355
54.81961210981023,-1.4356156638856465,1.0965502147441304
55.883128345612562,0.32823485913107769,-1.1767817218331078
54.953768280093996,-0.60450241920791337,-1.4045375183969657
54.768837729526943,-1.2912635172440254,-0.37152081339522686
55.200272201117478,1.5766834840294424,-1.0396907564576721
56.047200107970788,0.014521763927898204,1.5364933222957842
56.114786985137719,-0.92686714204441767,-1.3959509050992793
56.152244417232346,-0.22175877060201007,1.3417194372633992
55.664199473490342,0.9746717731452772,-0.14206240123255767
55.886540217412794,-0.93111230665855127,-0.24394479690802764
54.822565678851554,-1.5941174194727705,0.031046047954266093
55.360816952575796,-0.21541579450393011,1.4558247168659391
54.69186755352154,1.5720908225224088,-1.3221993002776911
56.28446380735511,1.9153739162752852,-0.11697299463967441
54.671119570930401,1.5709403839342966,0.35446844010324419
55.91991688137476,-1.1683353905081739,-0.97533415108760679
54.68870520890043,-1.8008151680876494,-1.1406492552771077
55.076278218713263,-0.85967302273846835,1.2679986835803161
55.127860312197761,-1.3654515093960053,0.29215629629282919
56.360883657236606,1.2365796362213903,-0.96535234706842388
55.858574737503893,-3.8775729095513092,-1.6605843982418129
55.274956610602672,1.3575807959503903,0.36130026381310604
55.175827088105287,1.3635794739225513,0.58185088453240907
56.312040589581443,-0.050256753852825631,1.1796031742223256
55.967328004644621,1.1089285208411994,-0.91524518048083137
55.054168916066907,-0.98344236556343501,0.73526613085747849
54.720068538349871,0.84916869454838662,0.98657301586685187
56.431312769597184,0.80473272398293205,-1.2987368739930802
54.823883972139413,-0.4294274501370125,-1.486647893738583
55.721443572602794,-0.7697499976418678,-1.4528731743803445
56.313116657083853,0.77089304222956567,1.7982465043228433
56.363967194949922,1.373203097221672,0.97685328692013551
56.269665765975816,-1.3871390356181961,1.0510984429495522
56.377000350751835,1.473578565010605,1.2088147342725855
56.15656170012344,1.3855683897282627,0.30453971061832646
54.849769619101835,1.2191373155881462,-0.91211373822853203
55.036629531300051,-1.1498481519523032,1.5761019601512387
55.616340859702071,1.3433996200347129,-0.65454897855663385
55.971333300025911,-1.7145121647313459,0.20669284240177882
55.684527998470898,1.6794558101927328,0.21247374573589772
54.514229570513379,-1.6800048357711104,0.042351124880492974
55.585950739086819,0.59409904933916891,1.2023716393496087
55.254664982864099,0.76795458955781559,-1.2385981030258157
55.623633248081575,1.1165540404195919,1.1018804724967839
55.653012127938588,-1.9588673269909864,-0.65387110130292547
55.564373469432731,-1.3715566725157224,-0.76953825864050052
54.718387238375151,-1.5743517712296506,0.60501181622585376
56.073498722468678,1.8610645922552711,0.34493868893715979
54.732995494280097,-0.56054217865169609,-1.2802865394868859
55.636579597103704,-1.1168122539459844,1.2289507472664516
54.89706062124997,-1.7363372395289398,-0.33400436171879228
56.119747091878516,-0.35695203374374163,-1.33857970573107
54.513776049629335,1.7846926246483936,-0.16258540044568756
55.856405806937225,-1.1265944046919247,-1.3433036239900789
55.276808439253273,-0.45356259106724978,1.2307040946951056
56.099740157463664,-1.3400968441415197,0.24330662201018494
54.77277237117508,-1.5131528048892027,-0.098238943213669452
54.720014409446428,-1.6087559386676047,-0.078324281464512147
55.599205071127251,0.73799630989941023,1.5783655583689395
55.023730242372942,0.83017534186732544,-0.92873102148348208
54.771716201081901,-2.1252349915835826,-0.24951170706000497
54.752829861364347,1.0268952181978437,-1.2767283796442952
56.203772198714589,-0.60102768733150413,1.6474350339077464
56.546540145043075,-1.3347108389172651,1.0015572315505668
55.568492075638446,1.750348900529298,-0.26757508352523068
54.989846529851604,0.10676404056439297,-1.9501303185821377
55.126066004954325,0.95900873844795897,1.2971252337805965
56.179323049105776,-1.3322866309822983,-1.0791440742728766
56.383198900272049,-1.5286547855839112,-0.66045406984640642
55.835970412516865,-2.3233862256457121,-0.70585431839008039
55.840649567722615,-1.091186476755573,-0.79833939734316961
55.531563569590091,0.74885201616314767,0.89220164770430666
54.585663494330539,-1.9156120163990469,-0.41201394314798567
54.712124089286775,-0.58362921765085207,1.2024927522161482
55.01422529283694,0.11981227493079552,1.2418281785159808
56.141284127959693,1.0200370591487415,1.1928892013768126
55.807103322241105,-0.20659599606412604,1.4090780086292753
54.777614654061637,-1.3276801821634745,-1.4860300907518971
55.468942032600729,-1.0981712381302708,0.46933286946382013
56.380042962864813,-1.1802464808717921,-0.40966565678021766
56.468341019137569,-1.9232308209188966,-1.2157117928489654
56.128011638969085,-0.038950047455380589,-1.1329807106733134
54.932690126697004,0.8342406572864367,0.99512585346612836
54.95842016417388,0.37124658370373637,1.6093448070326659
55.3592540375883,1.3110279631029642,-0.85005790606893761
54.847136225375621,-0.73864823301202542,-1.4531059887742224
54.579510937466054,1.4902994934950005,-0.25116765393730367
54.676810328727413,1.0493839765020014,0.68393892504095455
54.85538756520981,0.89652453089099793,1.3248059457461336
54.860602629216302,-1.4166846850428592,-0.023547200463712621
55.073733535560208,0.15267909718613981,1.4891179088827655
54.484243169851538,-0.5144347951622924,-1.5834154642476987
55.717756568767477,-0.19169668503332804,-0.92999472891311574
56.211164695671428,1.0847803621974441,1.2425396550742127
54.48609806608296,0.87971111682258785,-2.104140625616719
56.16466589144455,1.1533527035417959,0.71895620034331731
56.259221416880592,0.012803538199363152,1.3607691801629291
54.747323999963925,-1.3453327107677893,0.65715499112922771
55.137911380232751,-1.1005190770784994,0.64261228790128544
56.068369613641288,-0.86334666873698407,1.3860056179524713
54.436696367641886,0.63569003995761031,-1.652308987335561
54.644176159000274,-1.0131612680094262,-1.7225438640793687
55.378720365756401,0.31859855301208945,-0.57938427211671173
55.409360423421994,1.1940467220901614,-0.47755991093341105
55.538583109894553,-1.6446620262227121,0.53707561122174019
54.638203350787158,-1.3394062884792304,-1.205168335773487
55.96863867748759,0.86652794496583629,1.6017888666365969
55.11201485836142,1.4943915680559046,0.069035351241905601
55.061466681219329,-1.1684616971544501,-0.32640601100300398
56.282211724107128,-1.8058228577495978,0.23243873855075736
54.753181354486905,-0.9424772083495061,-0.91908074314714139
55.405280463313694,-1.0795717963713938,-1.0580088547569937
55.813999951026091,1.4976658152147626,0.15879569673638805
54.970877382911461,-1.3343949647820867,0.69380334716465686
55.92374250082031,1.6416017978844175,0.40603185434551525
54.597978571535172,1.1646495910640815,-0.33619842287638158
54.462063026610473,-0.34683164565803698,1.5062349335897041
54.630375928183476,-0.051916386599531121,1.4332402402079278
55.952597572781784,0.35700337046825681,1.3125704748045304
56.09399309827554,-0.38112575535844934,-1.5034935594303529
56.180564633658896,1.832713420287682,1.2497303466711551
55.061534839988553,-0.85068522746160269,-1.3485664913203987
54.496427638884697,-1.7310091546166135,-0.20702865171773274
56.23667143249375,-1.5775097664874533,-0.57414507608328447
54.942674117765122,-1.2352755378114961,-0.091492455895295435
54.695126731971257,-0.52183586271888527,-1.3287656641506156
56.430810603140372,-1.8090907029283516,0.50691874836404816
55.294222325930193,1.6346381086335853,0.044923909069325856
55.417923164563526,1.5123438054966964,-0.67944413594537245
55.509238895781223,0.95877189631275561,0.56700257337510929
56.321594665722358,-0.91872258999847856,1.107075654941492
55.700056815735486,-1.4618948307400608,0.99748674978786878
56.19054684988221,-3.1532461309968669,0.67607303476695091
54.816745052595159,-0.95092119514618023,-0.51028430595869001
55.717002766424905,-0.033648591491710407,-1.6524357582287772
55.726466317778161,-1.0295673156399716,-0.65778995913102656
56.415605710022298,1.5450498102695314,-0.10579862849895535
55.249797486119199,-1.3461513593620882,1.1912454214046919
54.882672357515681,-0.2548840622727836,-1.4060101655817741
56.20058084768015,-1.2922192858444457,-0.66104991267913737
54.85906999746053,0.93641716990679746,1.921349989221506
55.544022595321543,-1.4099500024318825,0.54816221389326159
56.295642292905526,1.0526186908634863,1.3674779326321491
55.598788406144074,0.80245068277782972,1.1427496437856637
54.742649123878145,1.3829133021359348,-0.98617263266550026
56.287402949640452,1.6869598243001445,0.45714936771597259
54.588500546587753,-0.77667461738441035,1.2890709702259391
56.184490748138153,-0.032610228380262701,-1.7603102135718107
55.010807043994092,1.7954445208595904,-0.088013582103769819
55.882404714220257,-1.5033583894554039,-0.24170150322772366
55.21190697506362,-0.83465053181552828,-1.2141638825808976
55.07488561052191,-1.3839689345435899,0.92464133472772336
55.270273819364768,0.35351397670521784,1.5590625231288597
55.994950469574633,0.091453902270338838,1.4000771268178596
55.646061963396427,-1.4077288373081958,0.69833038891960275
56.248814657458183,-1.5844476799522693,-0.24733369341413056
54.851507706802835,1.6570977851102315,-0.43394096256808695
54.871140388056581,0.5399788345422939,-1.6899541238551801
54.769809431628296,0.092959801049324983,-1.5665768248345613
55.950377287516353,-0.74728712998100644,-1.5184404987770583
54.495500963298127,-0.24280677260383832,1.6513601934820912
55.72691456054077,-0.13614036092232609,-1.7605206808715301
55.540938421209013,-1.3419692386029478,-0.32156619879244247
56.164875509106686,0.6856421053979993,1.3755113870964606
54.765149524457996,1.1068462004298358,1.3121834897419191
56.075997339347694,-1.1570662704183052,-0.79840128948114963
56.212992196761682,1.6871309505297554,-0.80819523314876096
55.611819643318256,0.28266344007942679,1.4278635565765387
55.108202954604891,0.88429208257660763,1.4114149216610861
55.600614353818827,-0.4898348797924022,-1.3279653979245825
55.169752519858882,-1.3150001632505437,0.1795804238692908
55.525867152773465,-0.068541831945281087,-1.0653142735027901
55.933520248290812,1.3964506661240388,0.42983396243428357
55.099649898454146,-1.2710322549136539,-1.8873064007562756
54.927876460518007,1.4672712505949537,0.79655740935078923
54.978493835641849,1.6453597387415326,0.062160878539639704
54.622444728147329,-0.2550369088250215,1.4786212044500304
54.689483680232065,0.99542589189645414,-0.8299608703809418
54.937835515105455,-1.6776657024377444,0.046358732095560753
56.052656573670227,1.7337802642185085,0.56875099788533601
55.586682848433007,-1.1473081670985525,-1.0712148396294681
54.893920473212582,-0.0055713584493736618,-1.3335194010625073
55.459042566727646,-1.4091033359099776,-1.1822365910301018
54.80451095660743,1.3285794899961267,-0.35455730712174827
56.296722300629149,0.61684739989726423,-1.5308382517259891
54.981038089549401,0.027255111065225296,1.304280572339807
55.602682769160943,1.2971963193544942,-0.40299196964777734
55.789076696899656,-1.7854982041225433,-0.32899956228421307
56.183383029293793,1.8099715787547319,-0.63197454156125432
56.016302946679382,0.71823152316822425,1.0916315478925616
56.511007097414321,-1.3001843215259743,1.9533806073108146
55.159854925618561,1.1968179029108046,1.461052726663574
55.221129935727454,0.63028832970525739,-0.97972077766486865
55.183060102104101,-0.27764835693626999,-1.9476535275399562
55.552243934805581,-1.3435304790877578,-0.85097827675446991
54.891349217756364,1.3535775729304762,0.43264483078474619
55.423708470503833,1.5400369724415601,0.40765015316300135
55.041563257347391,-1.1878745562750719,0.39668275783384044
55.90305579755389,-0.60359418875475268,1.4595251425809621
55.065153979971242,1.8963815452947765,0.071142284282832258
54.847611923125157,-0.69947193296260979,-1.4714698160829873
54.389488911311503,1.2322646033814499,0.096487101172688633
55.357126612153273,-1.3228616063074867,0.315672959018437
54.545869007102695,-0.091319781794190272,1.101500270837406
56.046287929150026,-1.7489125082639012,0.00028651971591028711
54.797686523025774,-0.21694909719243849,0.86540970589897959
54.704669279956349,0.045382130945376728,-1.0907586070484607
56.203846948390257,-0.79585636385563607,1.148584776436296
56.142474203749622,-1.2889726239410477,0.62586618434314367
54.799429315849153,-0.63237826694214228,-1.3425765579953566
56.006137647407634,0.24403904384920252,-1.6646842115042151
55.719437364414631,-1.1744245749421154,0.37688276926601882
56.002700476849704,-0.88924947307662761,-1.3733556135579019
55.566622928140738,1.9211396298835661,-0.012012472615997269
54.916373426259177,1.1966701401057316,-0.89353787219101821
55.296760369824106,1.8049094265310965,-0.49775680010336842
55.879827705636679,1.2170009410227922,-0.68834782836747577
55.603404944213914,-1.3258228024829624,-0.36960060018564167
55.110792330213449,-0.98928555588139822,-0.46742240971753124
55.669785563718079,1.2619209304896566,0.57961410988918738
55.086452891033687,-1.2164381371817741,1.1219415864847291
54.789076776359202,-0.27955851067461324,1.7248623534670897
56.119694395455873,-1.3189097923569595,0.75353955672440431
55.323481892795051,0.29588429303440278,-1.560246283773421
55.699141830271017,-0.65448865150988966,1.4635240420180429
54.782081292458486,-1.341209836534891,1.7710730290416146
55.339855075272467,1.5411111538890594,0.34035292113847376
55.816238368932602,-0.0192557317876236,-1.4109664974899894
55.007959461215826,-0.80812733211190002,0.92474655396428107
55.06810845085203,-1.460728412514352,-0.43712321511649949
55.83109800546471,-0.88888565334054792,1.3090822335172354
55.13754540653062,-0.61673615056376307,1.2846493856970236
55.221639210824129,-0.69173503158964211,-1.2865081404368679
56.482785864310927,-1.1363343310078091,1.6069603554079308
55.536285590194844,1.3365732269365627,0.71783862030802503
56.059163949837199,0.80218576337802661,1.2851226875881179
55.836655929670826,-0.64585154280625079,-1.4607800504634125
55.667945729708876,-1.1012401614958358,1.2157859525169157
55.573646850362195,0.34428466705068039,-1.4859466804598196
54.669714718377463,-1.2110960362205825,0.92130946821982485
55.42790638251148,0.21871393666139446,1.5425630923421239
56.267745547106223,-1.6121599770091188,0.24826569370908974
56.230610986553785,0.18696046070413302,-1.2448677265660932
54.949521427686506,0.04949068716372583,-1.0976902556236607
55.576997493667392,-0.95846423524704083,-0.88854718983523984
55.800598784355721,0.39658897939512405,-1.3949597939376044
54.804821460255383,-1.1088716689272362,0.92068091168357191
55.096022280251596,0.44214973857412365,0.43961350020588502
54.92053373783537,-0.88103359149162974,0.049787719885868817
56.265903760223061,-0.94623594168664171,0.71079186384466786
54.545236099708745,-1.3706631644651313,0.79307269625321963
54.603984579744534,1.103111223450119,-0.80464896358836924
55.307456976083344,0.86414042842151062,-1.1184042210785814
55.408830985950551,0.21250311659340315,-1.2076244952804025
55.018327837584472,1.6313861292765335,-0.48193073469824094
55.639862374235854,0.092278799045777821,2.1016138781989349
54.64757229491881,-0.23791733633893491,-1.2562159002031876
55.130583526879484,-1.3758452601854152,-0.018402950210842376
55.701628478913044,-0.29007413043029978,-1.6074446270758398
55.480071288132009,1.372992646551275,-1.2384085011581201
55.4340768401795,2.0505264385459339,0.29561432049854025
56.525793627502608,1.6859239854220427,0.15260461146621138
55.316203802529316,0.76073523411369959,1.7227852652311497
55.786741819330388,0.43770163803589429,-1.605091641153507
55.754697587436034,1.2260777610055804,1.200537762184922
54.68192924937582,1.1629678501526231,1.0113089537377169
55.145570640290721,-1.4753242987245609,0.30533707180419312
54.561319177971242,1.31003163756318,0.8998374470498649
56.235796385216823,-1.56412295329783,0.96929102999239525
55.357211680691442,-1.1836248084371226,-2.2867945902483187
55.761794124379819,-1.4529569363960968,-0.0979065774848287
55.95734387811374,0.31435534683337418,1.4619417530431948
54.640685801956487,1.0248078243137937,-0.89451414177788258
55.720182758216865,-0.39808954935174201,-1.0601606472781269
55.582649486251022,1.3951613040387802,0.28238273462315971
54.543848534835078,1.6078641314378954,-1.2531044161590059
55.080647009712337,0.8848811722758626,-0.27356322506903807
54.956877878160945,0.48692223024889525,1.619603150848542
55.520516967714251,1.1555182968910656,-1.0337864264079917
55.657277933886974,1.7484076107024622,-0.095997653202278641
55.191527349434097,-0.9042276093021151,-0.29343707563994037
54.900883136098606,-2.3304848569708847,-0.15134241227417447
54.708244159811294,-1.1959724324343968,1.8039232557951757
54.827796672250336,1.7280547945946947,0.2933640022435639
56.230058917862415,-0.20753204025101077,1.1846682552087766
54.74328688012168,-0.29579432009894718,1.3403574246748322
55.793416024188502,0.62840987029551376,-1.8222828165165257
56.138554851911181,1.0356667517138725,-1.3588701132906738
54.688990935869995,-0.75048354065293332,1.4592546378812334
56.41868005212153,1.3374684942490715,0.42807573534389215
55.395198734333249,-1.3451728494764326,0.88810150665278764
55.795537057381964,0.92948257497247988,1.3184512864707043
54.831428137665782,-0.71171478818166145,1.3217959248366795
56.071968613617933,0.82873507795214496,1.7423436805266599
54.821367237707818,-1.361394070948716,0.36706848294857591
55.094080716235787,0.686847934794519,-0.68974529756668268
55.61295370068332,1.7913340441519354,0.34722881835881642
56.308459778032137,1.443446149812752,0.84150260588869585
56.184352865244762,1.0682015303271224,1.1599592437045843
54.694270154092926,0.17454192824190412,1.4686813139669299
55.410473547234304,-1.1206834475434095,-1.2104116048924127
54.625669725696419,-1.4321904298582033,-1.4056994020477476
54.596548279166456,1.6338821444902853,1.0764457288685345
55.038452047743476,-0.0043506237130274015,1.5166122039529295
56.019416409496579,1.2424091993555439,-1.0320430293795169
55.799631836578023,-0.012259113661875109,1.4216813430263233
55.918799903860595,-1.4152800393916598,-0.2051342852310995
55.049878192047068,-1.6536404925926624,-1.1004733512764724
54.583133811335593,-1.7919853604155989,0.70543496580998466
55.981275898539401,-1.7312655017051168,0.85102056567938256
55.224839779757339,0.70798160457908488,-1.7311510981777705
56.435734126666809,1.4994737138870531,0.03196973465740488
56.334616020960674,-1.4662548398631159,1.0028766214368534
56.453470186000892,1.5141743799586629,-0.15968464591123133
55.756504287673543,1.0194923423049078,0.43532868996500101
55.70962976208957,-1.2701635312782575,-0.92780543967244367
56.466955601178768,0.33777956502594608,1.5934076316473516
55.044884344401048,-0.25393936513900001,-1.1932966016284901
54.63213407044919,1.1111060696443282,-0.70432502374635853
55.054504296683078,0.23065021825590459,1.931949833153765
54.680390810323829,-1.1617311611115686,0.25283084415752133
55.279326717823118,-1.1601916062725022,0.4341723209647767
54.542586197804837,-1.3597066844425287,0.65320551543218974
54.630027287769437,0.98322391047304225,-1.770907558246412
55.406305383003122,0.17014925807279785,-1.109538664313809
55.644771950640227,1.0760462936045583,0.78808100902813683
55.766511085235962,-0.82091974344223195,1.4584853619430389
55.228328396911081,-1.1054603261313858,-1.5749736542577233
55.868457915629413,1.8884323701412251,-0.13981101913442592
55.271568793284303,-1.2350944679918057,0.22247223154697479
56.498075261248026,1.1036397302583567,0.56813567697581968
56.406721001834718,-1.9608791036959663,-0.30500369293903168
55.757237440431368,-1.0857774373641331,-1.3295762982133645
56.400641922523008,-0.67179774936903436,1.1009232392922985
54.555405533541027,-1.216283078182921,-1.0140081430019936
55.82752309110812,-0.87251055007139355,-1.9452437587406433
55.385140459144019,-0.80761408508558719,-1.2551079349179293
55.180634623551377,-1.0287534175116089,-0.86172590677436334
55.143343517916421,-0.47551349015741529,-1.3894336125178712
54.641320026321395,1.0074429980899515,0.68335401167913257
55.989546251602846,0.48713999016974896,0.62292579061686604
56.278298071953706,-0.96400672420385825,-1.0570635293179675
56.398701109131274,-1.1205371350930984,0.95958540260041469
55.315913702148727,-1.3135587517724765,-0.70002680526470518
55.716238713774629,0.23499554757771854,-1.8636890357402776
55.235053089475855,0.73821435400031921,-1.2206610348392286
55.025709523194458,-1.5367159884184709,0.32199622468389999
55.138496923161654,1.6360877913253702,-0.97099497491655207
54.491511400048175,-1.5993098198238438,-0.4021700351643378
54.914725359619204,1.6174480047012554,-0.71435147379798891
56.471170664672506,-1.8261134199895237,0.83629393201612201
55.78902684675726,1.3106592348895956,-0.78370642184361972
55.678829523844762,-1.3407649495888039,-0.1163951962161108
55.279235202248778,-0.49221410186556663,1.037550681009163
55.088301409344282,-0.83561839515938419,1.9326193545991008
55.455988586372371,-1.1758449440247314,0.56814195613947371
55.984099192767935,-0.019019013173908892,-0.8351070479975502
55.527923933577455,-1.2190028486072118,0.058474394890511074
54.654017226933746,1.1232670307680277,0.03781901219209733
56.082337549973431,1.4393721901749059,0.79466618935967481
56.231786739050406,-0.33706539938310109,-1.1777708232484403
55.337361038367753,-1.6051725392583207,-0.069879844373281985
55.762212824389977,-1.5035295843138978,-0.46842771932752797
54.520375395347479,0.10681443044913765,-1.5278864394582761
55.178068239620217,-0.0045875561307009089,-1.9815685584965714
55.704887856961548,1.3615676942030992,0.99043569606215509
54.430466698189669,-1.2811333356969903,0.21929097804010309
55.629791124637855,-1.7118691797960885,-0.62474684263053204
55.704034164616864,1.917102494547815,-0.30883375535632335
55.629882075137914,-0.034004757085553297,1.5496487707673356
56.22951792245513,1.2496345221298393,1.4042653264095666
55.700521208782682,0.94952355613399253,1.1989103383944262
56.048494870106865,-0.41847200493710324,-1.4564933067573984
56.135545831321757,0.82329418815064559,1.6010696401494171
54.596825707512089,0.30283394999020591,1.9695637752327162
55.384177577470453,-1.3365298221276889,-0.12043991758391574
55.814829509648668,0.60635039434998717,1.4273513947897432
55.945322526257364,-1.4233881624153895,-0.86052518173624404
55.152558367606481,1.1485235580529864,-1.1669647890247832
56.275815199212047,-0.32180733720353855,1.5679762506512973
55.195807176437746,0.85997586527381076,-1.1207425188626614
54.876416256575524,0.55148092389161962,1.5846581128617365
55.509131285408223,-1.3103080677861934,0.11082830443323476
56.179484190770069,1.5133309421561574,0.26481836567204098
54.660520414736467,-0.70798435371079838,1.7685241883782774
55.933042272252329,1.2270386489656848,0.75407268583052323
55.72617396259092,0.25682885804699979,-1.6781721368896583
54.612497488717985,0.9937978468299431,-1.0952288778471611
56.407195991618941,1.7234029720638666,-0.10061278165694884
55.302052399930041,-0.53037964691774564,-1.6116580927976392
55.940787224882534,-1.5225656116111517,1.2782721455661308
54.8677461729269,-0.73769416044283354,-1.0472795858034536
54.530402046601665,0.15546979706308905,-1.8463706099875783
54.548994565763422,1.3289948247668741,-1.241553733465901
56.234185323879835,-0.19797975055846856,1.245975984739611
55.397044714398099,1.481223967512334,0.15589787817796469
55.285106255671586,1.5346081256471815,-0.059222511086475665
55.381200398515261,0.92788455813134296,0.92567653777571124
55.013555944105491,1.6117544166436271,-0.71450020260670866
55.011497891652958,1.2134571606101481,-1.6832302302929836
54.622939960556373,0.86530807538821208,-2.1845988859472549
56.051502701640921,-1.4145111526537104,0.27337376459536261
55.59133238405672,-1.636511967313214,0.25556860222154787
56.077168934594241,-0.26371746842242422,1.4668229016305729
56.079713659937873,0.40918113260490319,1.2296181578720196
55.522102827739431,1.7354222112562296,0.3312569833782007
55.426666649117983,0.12824794349694568,-1.7678211114055298
55.526176126361662,1.3049870551198532,1.1666344396551456
55.46080074396064,0.68441656538930029,1.3114919734665502
56.06446865759478,-0.5478591491348116,-1.5550395004415321
55.156608189088985,0.75698682839719877,1.4471283388560057
56.475100981383513,0.46967248795789629,-1.2718575629544431
54.623635335413695,-1.4503996048273646,-1.0354860424854144
54.639299181407146,1.1645581270509273,-1.0424218412776003
55.060978926577334,-0.21918530436848815,-1.8343781183453665
56.200465776248507,0.97915714945797228,1.3787980675453906
55.594278269889386,-1.1890734444839277,-0.22177147311663634
56.170182007410148,0.9287931148761247,-0.81253621524834929
55.740501625857533,0.91404491915513952,-1.639929618617711
55.158920903440823,1.789395974723863,-0.47093258059216453
55.531904764701466,0.93604668641819455,-1.0439234008041434
56.569373580060983,1.3899813069212341,0.72002159459784187
56.523999012527732,0.81878573759864981,1.4058383699609731
55.166915976672279,0.1094277000738736,-1.4637322570487201
56.2282420737574,0.95466410214697595,-0.9395451822989388
56.282803090509702,-1.8599663985999506,0.11551855474639225
56.260414819257498,0.22986660459880506,1.1182009855328168
56.405023671739229,1.357627298304948,-0.60610714160151358
54.934117118906713,-2.0114346023009082,-0.24025148615490005
55.04914827064178,1.6011848031541083,-0.64057689722911948
54.658302195118978,-1.4584779684626932,-0.34004315372403576
54.635898423335817,1.4962917233578741,0.83735345497809655
56.405127274834008,1.0663315149972674,0.87703963495228354
56.457815592241374,0.23091090299052378,-1.6463325057481524
54.784718718094325,-0.53015869931721937,-1.2798951110134997
54.704275554828541,-0.059303479206063908,0.797122108877933
55.307169294864806,-1.4277339597538614,0.0039928784692227111
56.112247077887282,0.67845658171809387,-1.5322447166760611
56.012687085613997,0.45514715933405431,1.2138829381250409
55.133833212692132,-0.48040371229921214,-1.3417126018281742
55.592744014216713,1.3613900287617322,0.76378539398508738
55.555947022797014,1.5438464941900516,-0.8959767818840032
54.600599086899869,-0.46133969954334902,1.828240846153387
56.271818814502808,-0.63562605261545424,1.7584705274392682
55.31432161594492,-1.8723943529755576,-0.96359082358437576
54.989579573602633,0.38840438057103188,-1.8959155324255357
56.343818057228304,-0.95018965810409639,-1.0136625070867622
54.916787294991906,1.6653632780586836,-0.46558577356112318
56.089135214683751,-0.011984424146312872,-2.0166560782482748
55.986760373447822,-1.6729275062670954,0.13238068776347775
55.414541489077472,0.0043643702228365784,1.8969634409358604
54.475416872951655,-1.1044774749235491,-1.8341126206865184
55.058075739665192,-1.6601521775006949,0.5150632022434054
55.991421614844299,-1.5324094328752218,0.88942243373441299
55.349108091618206,-0.86327660059260325,-0.78139581460763896
55.706926588387937,-1.4994635126082407,1.4396888474043323
55.797850204716809,-0.34500462456359143,1.4711199346000072
56.251160427338512,0.28035369788769987,1.3844366319096268
56.001709676960161,-1.2576555197317434,-1.1819385434244991
55.236441078159999,0.68192381769908383,-0.52919905098240494
55.607690224678983,-1.489598173181041,-0.52561964692799568
55.358554789065465,-0.58625662080630758,1.0176746112569792
55.322059004444299,-2.7394096348918211,0.18997963409578339
56.359715292943044,0.80269064924274969,-1.1337578500053807
55.940599221016555,0.20166633111435067,-1.798108015984583
56.090713894305942,1.3459169058587732,-0.26751242470069453
54.622825816628591,1.4739228151439094,0.95540425061418321
54.802768637766938,1.4905512011372026,-0.52729565687096902
54.970982308383142,-1.3766017044404935,1.0400774957036727
54.980900348630264,0.85904379867195035,0.96110785516343034
54.98310446077199,0.72745190595780074,1.2703132343980479
56.206539323501666,1.1760838657368327,-1.2871900350670109
55.535017765705305,1.6036960454951497,0.86639382086752958
54.821824853273363,-1.2431906956806189,1.4265207753721658
55.677188406594787,-0.73072125285795198,0.95498100291527477
55.64059078299681,1.3106670929531963,0.37303280142995893
55.624575161793388,0.83545307495729859,-1.2811368381286592
54.71256677845895,-1.318712371354267,-1.4370504152214616
55.89640249547228,1.3562552723523931,-0.55846737661886559
55.175401208108077,0.91839753711842609,-1.1430258808504188
54.320742876238491,0.93537865971902268,-0.12209762079104744
55.094416423742352,-0.98189760157681372,-1.5915343208149333
54.673291948347639,1.2867738877474522,0.93419746502301493
55.579177208824127,-1.6498116607856288,-0.080686005073932685
55.7712525817997,0.021255984219062714,-1.4126318223943355
55.923689553960472,1.7666348457912426,1.217938389790461
55.219485806486617,2.2917387731593166,-0.025972384154062861
54.316641385948905,0.34624605241343798,0.26332711174570089
55.1514894930026,0.15729755593536315,1.6489075890648712
55.981252562038563,0.063970220857756444,-1.0643665665686981
54.982955133075748,-0.50609622372903784,-1.8591796326140988
56.071587326921794,0.49338395011819702,1.1367764879808644
55.141819494052697,0.96577760997016826,1.2468734768908778
56.229026531842521,1.7463211645935808,0.21133133009364358
54.924397447199219,1.1270565617519854,1.0268779961702978
56.096168395641158,1.1341834882068558,-1.125004776402607
55.553625604056727,-1.2878135174539296,-0.010802296489485561
55.113110533712842,1.178642605901782,1.0902363521867906
55.395042093910398,1.6633237729189032,0.66165000527987305
54.550769001600983,0.92172600041727204,-1.1397569222964905
55.865352714900858,1.4369625087902804,0.75663097910057542
55.010066184201932,-0.54798399721993818,0.74371270765177144
54.890724672582252,-0.90086331462380453,-1.458487239014856
54.600998558372247,-1.1438333264593539,1.2041488541811267
56.251933212329668,-1.3696104015250796,0.68840993046088683
55.328899056361244,-0.19086105758563335,1.5471107027015738
56.236892556864355,0.86631820942880744,-1.4075244301479666
54.683167052474403,-0.77931567534823876,-0.98062756008594054
56.388464110789499,1.9055420988299725,-0.010858837772556945
55.377314510681337,0.44264839463755667,-1.3971586897076074
54.857257940744773,-0.43062456313448161,1.3257103132653734
54.766709104100237,-0.65898846740175065,-1.1982186375958688
55.045658384710919,-1.3037728146056187,1.0128408703920579
55.346797584435599,1.4635133216001308,-0.88601375648944491
56.319561441832406,-1.4331999633902517,0.50593086178679381
54.887715808676816,-0.2395856850197334,-1.777886999703002
55.564048457408866,0.80480296346974733,0.40175561380958419
54.882019571679116,-1.3478925775006128,-0.44931952402996039
55.732026038136731,0.85792679422281981,1.2975216385832939
56.391162982922488,0.092827599813887787,-1.1974365959276483
56.016629912213766,-0.11323857163392669,1.1143899610216552
56.422878568471276,2.0510289883524377,1.3747254563644529
55.157211307416098,-0.72576702569740159,-1.1971923061713508
55.9103054619845,0.31761124144924813,1.7718199407045168
56.085516140885559,1.2100625495329231,-0.6718128172515202
56.144865375313387,1.5201149352910563,-0.74402028408243936
54.769763166058837,0.00295746188299371,-1.1681673648261004
54.641483374503238,1.0786505211610029,1.1359538331955756
54.694048739838429,-0.66845429368177245,-1.3717396238182267
56.044464445009041,0.88355543971746175,1.1796643785570555
56.402321697320097,-0.091724728616230031,1.6118684486846164
54.459672317131421,1.462737834861827,0.27157120393812345
54.596414645361939,1.5272245817752563,-0.31788732606303155
55.065133389798262,-0.36682912914818816,1.2171028307160292
54.978847695648639,-1.9177603150118006,0.37054173335039475
56.42944264732261,-0.6351789549927267,1.3288344511209411
55.731465223878992,-0.63894096263937461,-1.367136486550186
54.623592156807305,-1.5753923743896325,0.39111630019676885
55.095577263206806,-0.30280793004498391,-1.9184366422754888
54.6842160374268,-0.4835036372342465,1.1416805082241226
56.161555390438352,-1.0910567685870385,-1.094784243565063
56.339659347848951,1.657562186696264,-0.17965973008815481
55.023564696215701,0.91199457173370146,-1.5583445745752138
54.935516588043789,-0.87615576819194851,-1.4423574233214984
55.905494248055632,-1.4108755932314752,0.2482009270298432
55.254841926492524,1.2737533854166734,-1.7210407739390761
56.380176058746528,-0.096917129309457839,-1.2762090341634766
56.025565710443495,-0.13712005556572637,-1.4441881072212885
56.19141333610645,0.87003295381703094,-1.1886228208095913
54.596299763305645,-1.0776680916128218,-0.60608505886833497
55.825505687766309,-0.79401620980013055,1.7854945295609592
54.980839565626738,-1.22978637428212,0.044136703345897012
56.017386489953239,1.63003708308638,1.104085800322778
55.988751588477413,-1.4709266550881526,0.50929184308121667
54.854727389216478,0.39645897515012041,1.83349390324971
56.10967154297731,1.3431374129020663,1.0159305926970361
54.529675662145671,0.86723031916988391,-0.797323332472756
56.086057202841602,0.58669253204941951,-1.3537230551098978
54.632195781243162,-1.4000645455097016,0.85928180056707926
54.686208767505413,1.2057758767897369,1.6115751624018997
55.876192889454359,-0.88581762845962353,-1.9877132775264192
56.092486621185301,-1.3659117338899505,-1.3039062491945261
56.632291700201648,1.0079912833025444,-1.1934984432144458
55.682721224865581,0.64312286922065354,1.2560028944289316
55.259593801672793,0.27340679208035951,0.91443807807870892
54.614469108400165,-0.40588703555052313,-1.3367661792733896
55.411806035734791,-1.4082005787619234,-0.073131536704249309
55.180752010653947,1.3002742764308985,0.076623055158943326
56.144321028105672,1.1631931794376145,-0.73442777835631434
54.42827232384127,-1.0242709471416154,-0.22102243026833795
55.470949231212153,-1.7285215038470929,0.36694450898488118
56.082454790748628,0.8580116422971974,-1.5331373897268903
54.96380270356012,-1.1081248432996753,1.5575242385834762
55.459341246862557,0.43161445211450028,1.2515913638131198
55.12382885881069,-1.4867047311315509,0.065953825347394732
55.905013699755656,1.5467094813393159,1.2086458354152056
55.498573661405288,-1.2458497995220832,0.96275152965572075
55.228422214241533,-1.1837485989336956,0.86569238624896572
56.380543346603638,0.71688974271758199,-0.28202237298011024
55.136727264217342,2.3658416970028355,0.79136085386564081
56.079282995309825,1.2571910437124862,-0.61741254027608183
56.124481987501454,1.0027388131925625,-1.284397283356554
54.916090529550218,-0.9836186463046992,-1.2241295881880967
55.78046786023593,-1.0588963808957892,0.99791354667301935
55.147248924224826,1.583019355704018,-0.039524126598663882
55.303385257039267,0.37877044360946799,1.3726150653225282
54.966866184681273,0.9728531835131311,-0.97742847811043176
54.955486937233147,0.6708688027740497,-0.57695884607994152
55.017134477015404,-0.85300475295289291,-1.4111029991929485
54.954788784002055,-0.46104262021450276,1.6528374356858562
55.174616582590261,0.1060551856205274,1.7852209418561935
55.047824373422621,1.654402833878504,-0.75340213227898167
55.785265726074996,0.14623251423185166,-1.4418916097483092
56.232514909316954,1.475170387332627,-0.27103395543939368
55.994273448375466,-0.50716677838385527,1.2975887984473251
54.556449874185773,1.7038319165315075,-1.0621315317614881
54.940319577062276,0.037240602901569456,2.2715709905528048
55.65478898880238,-0.21200609486046779,1.8467541871646072
56.301947670706006,0.84491448362998589,-1.3803373189683954
56.246290647969069,0.39081000809861965,1.6050785726682066
55.583563770323558,0.31554164337626434,1.7576640753013189
55.780227373024793,-0.51301712249448972,-1.6068900880358272
55.568826994514041,-0.94390479206449129,-1.4367662853171399
55.971917275677882,-1.1714992502507489,1.901982664577677
54.98428318611537,-1.5717169105049027,0.082946888108698463
56.230717387780189,-1.0172046848278857,0.79027870257674171
55.318400585985749,1.5623113482119171,1.0762418655835793
55.459762721400502,0.37098939234295764,1.4135272795983695
56.390820090175545,1.0572914361630166,0.96386580249102793
55.155892497939881,1.5951308012518284,-0.36562436374824325
56.115488691309395,0.49014572247920962,-1.008732340593264
56.29623867741325,1.2706012785032317,-1.077272009696516
55.509277856775029,0.7565475605784332,-1.4329944470135094
54.57649498893047,1.2513740153755568,1.3879542449209086
55.074603432221274,-0.034227024048136934,1.4806435933857776
54.795291816351607,-1.9703759765019551,-0.13359101769900086
55.383925800836472,1.0586850804321692,1.2896253061963781
54.691267809624129,-0.74367180472133654,-2.4022992527421265
55.702380122004463,1.3502440602750505,-0.53415430662376251
56.084315630127996,-0.76269477966611021,0.20380383442888739
56.138957292342916,-0.12423430148439045,1.4745115959480251
54.477670417093961,-0.95405542702074375,-1.0915362667933206
55.321423219230084,-0.13230195055482355,-1.3417954753079917
54.098604891845575,-3.1368586637482014,0.95088786910011047
56.393640126185559,-1.5613217772023245,-0.5433950232020327
55.060819965345253,0.98128667955533888,1.0162218218241974
55.000286986312361,-0.98828363620654169,0.7680393330707711
55.211090989835256,0.21425047835311103,1.684393419029355
54.724374134843131,-1.7480801578106577,1.0763120900727012
56.367948503022653,1.3451448544934814,1.4259995755620429
54.796690389008205,1.6178586546486626,0.63128218439751271
55.880687986526191,-1.6118110569416957,0.20327288642621913
54.948036284617636,1.1691219691884966,0.85038350593362111
55.192281850308106,-0.59516901887588347,1.0658567440507205
55.813514834756447,0.35137013461453176,1.6137920450833447
54.604493708384247,0.19664488569947497,-1.7259488362097417
54.50705813032166,-0.0086127268599114539,-1.4114275751425296
56.4097168014478,-0.68881470837508618,1.5607856721447411
55.989251946198138,-0.18999069814130373,-1.6028586661645681
54.577515652208959,0.040913251200057954,1.9343642281113915
56.203967998471462,-0.47712498428975975,1.7275277929735433
55.559761546228394,0.16319405876734169,1.8375310895476431
54.828594407022862,-1.0714283574659333,0.70389365981422181
55.078601002130895,-0.19340041936631894,-1.4533697838571813
55.478256371881258,-1.0533018414587796,-1.12173539357842
54.929970248005297,-1.9752416623313769,-0.63425968320669623
55.34051475031653,1.0054736931351098,-0.32687785811965314
54.524016897370636,-0.84540419404941169,1.0683655519763238
55.369292126247117,0.17307780808203491,2.3325115946880564
56.450665904203539,0.17554571012362166,-1.3621728283664263
56.460656452073927,-1.1601077140674403,0.95771198755992992
55.994387063945496,-1.0576540472812614,-0.75372562168874557
54.457787267242416,0.19424479615507173,1.3566752381246208
54.658516577835556,-0.62079488329410726,1.9224698595272856
54.984724277977307,1.9618792300550665,-0.35744187094127838
55.585276532435351,-1.1703149742002774,0.4192560560275998
55.00032059016673,-1.6236811032958312,-1.4327019615110337
55.22479162983673,-1.7968743626517216,-0.11067761099886296
56.315076299341705,-0.017576088210026587,1.7552242222207597
55.452232198686609,1.1696013647126473,0.71655465074808755
55.744505047678864,0.49233529083398875,-1.2003814606702459
55.44370900488547,1.387702935159898,0.49112581009149725
55.254214562730652,0.045313862151385068,1.5355738823806122
55.427302238987693,1.3767986246056092,-0.47174292262872264
56.310607023728728,1.351672608045746,-0.075586779793300043
56.122028700210542,-1.1550514109415375,-0.39559816606727399
55.623158263183157,-0.23435760086137108,-1.2726630406808705
55.856197398097123,1.6712984863852052,0.56452245449887584
54.805473403985069,0.040726647715333013,1.4666433926318971
55.082739532666686,1.2857050395378833,-0.83734412757954435
55.204897811064001,0.26121799679282626,1.9140291660713076
56.25478389759536,1.4830601847356768,0.80732193967182309
56.156913723213336,1.117594803309194,-0.86825723909873076
54.972047419529666,1.6285354891159067,-0.69973708358501874
55.952039722681064,-0.42640443953884399,1.0979908283794764
56.324146834368541,-1.2594056369760349,1.0148152952111253
55.209571174636544,-1.0868174772249437,-1.4976454197401601
55.152832349133639,1.1697256172631483,0.77668260572872505
55.81121514102459,1.1453655747542133,1.2110294527909726
56.176442818509514,0.34955548355030447,-1.5667422003658966
55.416078046617578,1.0255334439070627,0.44605441631711695
55.630906215390731,0.0089502175054344199,-1.706780382778212
54.900915811585122,0.42353165718686342,1.8523165938810902
55.401479917851425,-0.48753723189946546,1.7381555593815536
54.638606258006426,0.67528020954884116,-0.88553465290199718
55.901225313938731,1.0796071250114438,1.4112770338256997
54.835187318986726,0.078208033772379046,1.4515689210668221
56.033108700779863,0.47464178488472686,1.7343375539832695
55.787961303042941,0.76017422604376372,1.3008946099172423
56.063651255954511,1.4776045437777148,0.1444611727120933
56.268641226555985,1.6448008935993217,0.12896637316394807
54.708343967377992,-1.1815376639778072,0.58569399406498834
56.085673799890323,0.51566513442269013,1.4711583803001516
55.9182307696558,-1.1579354816051814,-1.0687182846565559
55.846106067662923,0.10481500242377378,1.4393776262476783
55.293370116467493,-0.25121651627558012,-1.6500887287248698
55.290840965836836,0.26648302274262081,-1.7089595113111276
55.867751749417863,-1.358149607035759,0.079959579093255267
55.558960368753155,-1.5062166250180802,-0.44613827074089635
56.524865273350564,-0.74462204241343477,1.617576706849766
55.98212857752258,-0.77898977661821822,-1.0806219475227894
54.895059173675257,0.2809282286477276,-1.8595413561468381
55.077073597710822,0.4438902469523372,-1.60755358827179
54.555521686248099,-0.79276031206779551,1.2158349295696278
55.14051178880392,1.5842347747249732,1.0114106121069173
55.372101562968851,0.42084991653291148,-1.2970724410740662
55.484965872612243,1.1437443242929712,1.6056357259601584
54.56552933607955,1.0765550415978835,-0.63389745561106303
55.651049708299645,-1.4409578659343196,-0.14120599981924739
54.85156460057356,0.94768448196901334,-0.93761649621764176
55.518082893088923,0.90285439662721489,-0.49475835383303846
56.21314601362868,-0.76374474082012556,-1.0187575336980792
54.745763632633292,-0.84508198132614076,-1.5965413409203844
54.678282706891558,1.4878995843926814,-1.0644481678298567
55.824593675015819,1.8055157656414447,-0.27845980629484746
55.404858947959951,0.77766406312511238,-1.0726234639310375
55.465831564490991,-1.4262806210810401,0.9364278164212203
55.718782944065232,1.0286692413638188,-1.4133377728301986
55.896265614751321,-0.92743478344210517,-1.1628751765682277
55.936245388488125,0.65334723282692564,1.4075842527837485
55.623463143812266,1.0984045499244057,1.092697541172122
55.220155493485933,-1.506931086506917,0.6227450521615121
55.376991883300128,-0.8055767685165931,1.1481725848027931
55.53624699744811,-1.1772252338449838,0.98987997533420335
56.393287411800181,-1.2052768948772454,-0.89378361972212816
55.722313651603116,0.13172539954517223,1.4655963144976341
56.580295008358071,-0.46068790087199923,1.4013995288794665
54.890349715387821,0.24446043262607267,1.1621217649395224
55.154747573281178,-1.4991912227800883,0.61497128302331217
55.853314342644246,1.0923398513149571,1.115592904239797
55.685632544698549,0.9338346619678618,-1.726808152829338
55.349106207140409,-1.6493871462271146,-0.84214664470957445
55.909357878814674,-1.1041062094752738,-1.3938265254423909
55.13506453507285,-1.421578176548872,-0.45968468509722166
55.353308048285278,-1.9233265969565314,-0.034347891788299625
55.846861186517984,-0.12310627823498405,1.2674386059739493
55.427826949932367,0.57727317344136253,1.4015416981741231
55.351040739917742,-1.0605712801279907,-0.66605856726940083
56.276206189058158,1.715438829659055,0.41794042659591579
56.363141522473597,-1.1388991825034975,-0.60831438424502837
54.564907199750181,1.7128884166160603,0.18587995450087896
55.468978330282674,-1.3220786742752353,-0.84312095230328976
55.215747346615053,-1.4252264096328102,-0.73196098240579421
55.463032421582753,-0.10710140937323749,1.5342420825653815
55.150751013698716,-1.0058288515150187,1.5874998057674088
55.565536389310594,-1.6278212758733241,-0.37392044675132696
56.284542813847239,-1.428332176075795,0.3901932824711527
55.414966570261349,1.1498912015544929,0.75532013044443358
54.817522111759367,1.448024178719979,-0.2331851990745907
54.80577680816733,-0.35830608606914244,1.7823514981217914
55.964521058223319,1.4475071727742728,0.35719015114032604
56.070986494718213,1.2605839336723967,-1.0555989616715622
55.324697464375383,-1.3681460806079635,0.10877993525198906
55.396014263371029,-1.1685721095816566,1.1766474794387443
56.127414499943391,-1.2049586141129378,-0.7774453172360638
56.365704353797859,1.3507130723366043,-1.136952193592476
55.662281277482037,1.0613321785975551,-1.2539615018503385
55.660270036266688,0.17502693582004036,1.1109208823223748
54.925362490097939,-1.2158076937880986,-0.6268897277897143
55.359969288747507,-0.37985254638057597,-1.6955343602832837
54.999257254303139,1.6057561513020899,0.38023356515252282
55.574905539312375,1.4884507585896964,0.25298433631700856
55.85866312578765,-1.2852736965223874,0.14495066450081295
54.748724738835776,-1.8798569789671535,0.36076083367458761
54.404488204134587,0.35817459742801916,1.4011500099881646
56.447477874644697,-0.70222240257405244,-1.2931167282192892
55.748622950044528,-1.2499754075217173,-1.3305178112687452
54.680745178032971,0.61661474966327268,-0.75265519904133271
55.22000517728992,-1.2899250160821201,-0.91931413283261176
54.802904915469661,0.38177105660589528,1.3185328820250946
56.076048020406375,-1.8160062669296848,-0.24229089740572698
55.830601059649702,0.55072561048500535,-1.8628957400779029
55.18562428337686,-0.87445019380590461,-1.1528232571230765
54.862053732809279,0.67026573539264389,-0.95426421430781561
54.603972873300634,1.1752922611947703,1.2794383553765283
54.866227964813511,1.1369309575172295,-1.5816549402222744
55.821725999493395,-1.2204302695533069,-0.27914234421847334
56.525248648086873,-0.4230957000551287,1.3907546990723205
56.383449234659437,0.74467257650577801,-0.82451491785839359
55.941863947372845,0.31602772301267368,1.1122717153329023
55.563270913752895,1.7487051320723725,0.76774141066841539
55.701880567011514,-0.075533925157014917,1.812817163958635
55.465912961588913,-0.591159367159937,1.3497718179111662
56.397231224545187,0.57614138798050063,1.3467329815129101
55.272344267538884,-0.21083748876143515,1.316928213916891
54.946951071419676,-1.80154587203547,-0.75662222193771311
55.36292446434576,-0.62298313007918782,-1.3261050283784472
56.088110802567094,-1.0192506297670869,1.0543033423630177
55.672863578677671,0.71733830897536921,1.0560047276460138
55.468185018080653,1.3340990373124819,0.12342487203637473
55.826168911362615,-1.0281501602863981,0.58932807559513467
55.25677806935601,-1.6781215776375766,0.083678259447020092
55.408583380132114,1.0866817855992412,0.53025327237470055
55.020920577482457,-1.1913521372472664,0.1484228748391643
56.044544222048529,0.43478465571938113,-1.5669212994352286
56.377059447598079,-1.1381833901730747,0.21779659046381236
56.052182601927399,1.3611985273031415,-0.29903462669937819
56.034221643147198,-1.0455062899092684,1.4519555489255471
55.20347562083645,-0.7080002256360326,-1.704738839223563
56.20494224616165,0.63172906571882959,-0.21260063124133519
55.09909711650117,-0.92440415044951663,-1.4655334736125452
55.687537095133521,-1.3996489109929862,-0.41014730211281025
55.035253269763416,-0.48726293202306498,-1.6227896420801895
55.526028079118568,0.35703919618937319,-1.3084694019014971
55.493605398926569,1.0625032781074129,1.0178697648684989
55.376603005413173,-1.023523813862836,-0.055031968848780123
54.563228806683519,-0.77469432125350457,0.74343899283261394
54.596721121875355,-0.83549398471033642,-1.4207667682839058
56.246703048862067,1.1554831583552287,1.1577680879306671
56.273813214733671,-0.66107991549085254,2.1693268951164915
54.514383866336715,1.4622645171334663,0.16833377521182655
55.461048771477437,-1.3077322558538598,0.70186476603805337
54.735672317367772,-1.3994734483848583,-0.0045055696876523674
55.013542565242076,1.5666980014546195,0.84660111687660067
55.377857315910219,0.65357771142969301,0.94436817842427045
55.388733744037481,1.1248041905938246,-1.7016223230306955
56.159237343078814,-0.31946974131831407,-2.1269979035048983
55.538027484603582,1.0873177417720421,-1.9044453755562387
54.975384117465083,-1.2895694809148852,1.2600741692733977
55.378590391365158,-1.3723034977344326,0.89254714236027199
55.286872075512839,1.1668199621071307,0.62795987462123304
56.384611880901168,1.8509017445614793,1.4171911887969373
55.11015726067739,1.126612043973733,0.97283795679570995
56.180943500356236,1.4264384295032564,-0.32698402511885316
55.837768986985196,0.0905828283443358,-1.8587778377903288
56.080449145887059,-1.4564778793861042,0.81861672896195692
54.928158091538457,1.2016100473574236,-1.1522268683460224
55.014650760801636,-0.77574884005690492,0.629573935950835
54.75095155589112,0.87216190639826452,1.469762936076058
35.095312509129585,6.0084822033677865,6.5605085878252956
56.147885731617379,0.91232683971488859,1.3752321730986596
56.128834975371149,1.1173035660086432,0.81162564447999674
56.106653176071617,1.2830488059564775,0.75710551882460364
56.414722773393557,-1.5870758309657194,0.61203696842893518
56.035612014001423,-1.122298816927223,0.61883712917371836
56.169448510573908,-0.98921936062941052,-0.94740463330682489
54.8187443995376,0.38731157937646765,2.0213022990571567
56.308857657892432,1.5345539076876238,-0.61548461999646364
55.364845994765389,0.61003316372831862,1.2077684815100969
55.148666720740927,-1.6311544652094481,0.55290531529746434
55.425716029829481,0.97481782650370796,-0.51759594393774599
54.847129268832909,-0.83432973806985566,1.247512545558213
54.756850004299253,-0.027035390259537499,1.145884948164382
55.865999923460038,0.55150770047568742,-1.3557888953583543
56.326054131766419,0.26729619628245099,-1.2896279812871354
56.216276421772299,0.39404903014199705,1.2145436300396433
55.63390912233735,0.31134428171914108,1.3862655761086908
54.587178647598833,-0.23498796282051768,1.9675698288661108
55.822220575885915,-1.3694324696097886,1.4201431784728806
54.709878769583206,-0.85781843246086154,0.65362362264491536
54.917920097562209,-1.1727640624822167,-0.9621079733662421
55.388242783818768,-1.4652003670190252,1.045081126131848
54.685548000842175,-0.67774778791642876,-1.5003047792049744
56.152334154517995,1.2252932354723316,-0.53142429446954331
54.884732786376873,-0.51615948389462507,1.3270036440545787
54.963338542844795,0.1696216048039316,-1.4702252016254678
55.949835348774158,0.55421176439631048,1.6160360702543661
56.264098595833808,1.6166477635639434,-0.011536109204721624
55.670735588544858,-0.89317439703143253,-1.4413251276027352
54.656617069804966,1.5646529432485046,0.67380427831614098
56.093331099529976,0.58833311980106073,1.2998839712841568
56.267515131381721,0.069644447102087295,-1.3825260809987168
55.998841870244206,-0.86002384064331971,-1.0910330038213552
55.180172827625043,-0.38460341834311229,1.5564666101855551
55.075086352219223,-1.2600320120185409,0.21946555097946335
55.656211662093334,-0.094642975911563745,1.5882388167307593
55.773554132289092,0.59013064213902222,-1.2318529746695355
55.855136849678075,1.626395789444306,0.43167829471748542
55.064611949914777,-1.6207855844551253,-0.84829239420001479
56.252374992783622,-0.55193304921266517,-1.5820340808732165
55.438221886842278,-0.38263770219039012,-1.423696041444857
55.578584293795892,-0.85556648352317144,-1.7229643459423083
56.515238797006106,1.1529125296372353,1.3040513608738027
55.024849914930712,1.9042376211727641,0.2493546441444989
55.896911535893992,-1.571972094581628,-0.85624592793359022
55.53807120024819,0.03604538176849733,1.5435023569695578
54.85691378027942,-1.1411760647368849,-0.071741373784270479
55.144430986938374,1.9156232069011669,0.11388289199066527
56.262051359301836,0.44887038333417517,1.4816061389916371
55.201274253538557,-1.4932276255691384,-0.18269642781938361
55.563171293529329,-0.80341858437071345,1.0939579028503963
56.069735878929549,0.16107941376098533,-1.4103150507246986
55.174042749230395,0.38306222177468074,1.4047758868045002
56.450124221483712,0.24142657104284151,-1.4109535061810934
55.969453852076946,-0.93025006087490347,-0.75364741058320583
55.705885237824297,0.70130153768523962,1.1265202392492024
56.066657330969285,-0.71299151293994512,-1.3902006323963974
55.340845543897196,1.2999077820980034,-0.13501885022973784
56.242830750310887,1.7650877950107204,0.68444278036577544
55.509505456007233,0.46996931144772591,0.79968794937699172
54.953440035658389,0.15510979496900651,1.5770586203691412
55.288494373375023,-0.043817128696228946,1.4754234466997909
55.530358156512321,1.3563041494797283,1.0586973296819122
54.38579280031005,-1.3532374589234288,-0.58659996267258985
55.010883573418958,1.5771740543047221,1.2306601868113405
55.362087806848237,0.12238524267478068,1.0631616653436815
54.911586242535314,-0.36499625316219236,1.2164987818604354
56.219180982366687,-1.0942883683449225,-1.1055328515072016
55.871368000920128,1.0870581280475831,-1.2046221745726271
54.785106716093722,-0.28919892273541969,1.3537647901485585
54.932158234941923,-0.55666460972752296,0.7474997010542912
54.710842242813378,0.90439893136472738,-1.8684652213292217
55.924850872885528,-0.42887450112897357,-1.4554224073394391
55.06399171234505,-1.33036379227723,-0.75387386178827509
54.444493518817112,1.1236476346118338,-1.3634262766139416
56.201131436172503,1.2930328039917554,0.87789061127934864
56.017634089867052,1.1491782495036262,-1.0736709275058109
54.979629841699023,-1.6243094308759454,-1.4937691909360502
55.771664576274873,-0.91383545328549687,1.0994162054620777
54.758822134351824,1.5589471019368584,-0.76896858043491245
55.842601269357253,1.3467077831051668,-1.0171930908419402
55.400563615686742,-2.099895961762563,-0.022100857734120367
55.027348167135386,-1.4538962896095629,-0.001113928833533106
56.239059355454216,1.3456370584354078,-0.51584423934129964
56.463678140939898,-0.4036680004920718,-0.47888737490853933
56.024556068105483,-0.97927144617888684,-1.4383550395228446
54.571657379519884,1.787222230659524,0.0023093321889812737
54.922079795765356,2.0128875511056705,-0.39421804401873767
55.069253735158718,1.3069072296760254,-0.052588416594313361
55.156555562645096,-2.0371567436048883,1.1418855906430314
54.909141879132605,0.72861623226911143,1.4793782257461066
54.760880970425518,0.92956823195275728,0.81857231392578789
54.669747547335099,-0.8682629845157217,1.1190979954642948
55.46547768240724,-1.5221147890767965,0.68524899816588447
56.124652385991091,0.94956477614944523,0.9354509215412774
55.43591737722052,1.3627519770280792,-0.24977748785808501
56.376377367606416,0.040258682599665627,-1.3939555480320096
54.560811920987,-0.18369629185968478,1.5298406668497999
56.324517736144919,0.22666826015044994,-1.50049418356095
55.267876415929237,-0.12461673263824725,1.2219527640622154
54.53884221001811,-1.2085137116974816,0.82548788388492889
55.886099582108102,-0.046496093203266406,1.1402093800141919
55.034206331373866,1.5356345586870044,-0.072279766842819254
55.726042854309178,0.51386090681093688,-1.6425520030178005
54.786986047357608,0.72937454287122794,2.1024714033872258
54.567389127078407,1.7237160209298732,0.47751263418512696
55.467176995386232,1.9395254805421298,0.31310640591391919
55.815256681055544,-0.19077813649778497,1.281732192756762
56.001413378058338,0.56596479040820513,0.99245835205150057
55.607997886995783,0.69699826196742931,-1.6894312949391017
56.368701948362819,-1.1305996251020891,-0.54641719196482386
56.060549887694215,1.8097253334707586,-0.15126147133985587
54.556127901922771,1.3515590202938239,-0.92184998766707882
56.612632228118009,0.26106640114006618,1.3482352071623591
56.438945794933609,0.69566843385840826,-0.95988209114956269
55.921631888291515,0.96691846023616224,-1.4545083316506286
55.993157162518393,0.98800842560559565,0.56555207777800165
56.142154180949944,0.41998563082404894,1.5239131457088566
54.839102062078275,-0.28429787003740242,1.700297257546471
54.919105691323793,0.044281439243315408,1.4189877633334715
55.240285783574947,-1.1987312779293584,-0.33199480563495171
55.108739582597103,1.2726759181150964,0.51022138711990639
56.200009453005656,1.3226611078439394,-0.26274135032016149
56.113460092445251,-0.45588314507024114,-0.74789883680023794
56.41411936818178,-0.74977344482191366,1.1709354026347873
54.940232391770337,0.14161062226993129,1.7242501024941519
54.785020799113916,1.7301959901626636,-0.0099995929310606729
55.721325247908261,0.62062767167451272,-1.5210619837815422
54.563802117549436,-1.521686781957849,0.80764942219669866
55.637577173320423,-2.070267662324623,-0.10020751899988907
54.71304111841571,0.51565778769332371,-1.5355109855696927
55.018664922062477,-2.1053242002471371,0.94638233239554881
56.14277053256248,-0.2551592775349244,-1.3179365926882616
55.248272348371486,-1.4065709828496453,-0.80906264072397494
55.65838511984532,-1.4887103505206645,-0.67903067872544043
56.007223086682345,-0.28430673731814077,1.5058651658818762
55.139261228831344,-0.6801017792314118,1.5408296701632791
55.68463516757344,-0.88518650232225882,0.2283934573724177
54.574742785650933,-0.69321453967842472,-1.0588977494776153
55.868797554606466,1.4423215507095137,0.99601980819572866
55.583232083426196,0.83229660514117831,-0.79577080429671876
55.027126359108763,-1.2627215113774282,2.1742659602625189
55.974377078584844,0.79312446219226673,-1.2835263729172437
55.21418291413886,1.3348752395182295,0.43465138512931789
55.735004546946591,1.7215272659800853,0.33057084740022996
54.458731964558545,0.18566611450697509,1.173729759616696
55.837846984954183,1.9296924042700685,-0.59308244504733443
55.796552897776166,1.1301714076608154,0.15355892843963861
56.295552062663575,-1.4199456375907498,0.020788823564205076
55.551372183316516,-0.63904865045091475,-0.72469000495636982
55.941645424756523,-0.15908427565742639,1.325681136641115
55.125193190226447,-0.88052788180621988,-0.50147417740659772
56.166875108202994,-0.49063588742683351,1.3953816347440684
56.533203346829183,-0.93894502905620214,1.4448569599270085
55.252260393791964,0.28753674499535131,1.614288336332069
55.537179180508716,-0.087132336087200377,1.7008142087211633
54.73284697713266,1.4466973191584585,-0.3861810137032925
54.812412710050197,0.45782381006311412,-1.3075157276504676
54.97680016064939,-1.5248968068927566,0.20109384587907514
55.856405284534944,-1.3692450832130967,0.71131113591890216
55.909444914925388,0.84776735830801753,-1.2734257857695193
55.582835535064,1.1759034122393353,0.74036923673247179
55.764475758832361,0.73957732349798389,1.0642205448140578
55.217088284449055,-1.3818733458049157,-0.20548812783257037
55.590931787286308,0.14737979965116554,-1.6022979948463254
55.262314536461673,-1.038897745396719,1.1172409413116333
54.504945230876736,-0.73202853846297056,1.2469492535025064
55.0622481952066,1.2126149286221566,0.56082624992964381
55.335830540013447,-1.1024896044771104,1.3434765713152117
56.417585582580081,0.9053274638386557,-1.0024748296004651
56.483919654038019,1.5339453081333003,-0.32717149607604828
54.411836454131887,0.50108959024323285,-1.9258681261452684
55.138546981583872,-0.16775435220400192,1.774065200752011
54.990562321555494,1.4359637337846918,0.43534526566394199
55.365282246468865,-1.2973216398543364,-0.31409020160672996
54.770127864172217,-1.2063591115283379,0.049962484724218617
55.805174821688368,-1.5522285510488691,-0.62422325026865755
55.171495332123428,1.3986803717547194,0.9237141609514653
56.046368950647022,1.1795378519612145,-0.19351305928851717
55.84770245667508,0.90492617720270907,-1.3482916529908231
56.206455091414206,1.665387720137758,0.086564883366856069
54.819591852740359,-1.519944278001133,-0.060814074492943383
55.711218824663845,-0.21328810793294414,-1.0580000352509327
55.956392325994983,-1.1130573989147066,-1.0916576193967085
54.584422239615037,1.4883504819368802,0.23430740932579822
55.647404041070125,1.1741255379268718,0.93899611192762444
55.037374298202629,0.9305523452226705,1.4807119915207578
54.828360732900435,-1.9573322512927096,-0.30032929425771787
55.209666483474024,1.4061788853690831,0.74345856752712247
55.829216838517347,0.45590230095278222,1.5992072647287248
55.426113803858435,-0.35869828042256485,-1.173659302667363
55.673703574857974,-0.80193716112123969,1.298450099445827
54.974406053192276,0.31050940632858187,-1.6094720831360081
55.633136817508742,-1.2679735046078278,-0.43575209069309773
55.262585308663077,0.82347400839672946,-1.3232842046654796
55.643558899795629,1.5785462762282585,0.82330689661743717
54.535917710702456,0.50282994083065335,-1.3272714584798619
56.023886583238294,-1.2359241780477412,1.4310832207973718
55.826408961799153,0.20465678927854136,-1.8797041529919807
54.606425270160862,0.9200925979558221,0.87954481926259642
55.846442414044432,1.0358610579404297,1.0559627902326572
55.663663989780908,-0.36550703698133347,1.443295566694468
54.715429074487531,0.7804235782695198,-1.4663606674393719
56.001304479661684,-1.2525669566761466,0.93366000493965218
56.149481120394682,0.77161007733250797,-0.7195958631467454
55.581484735898577,1.5230345193830885,0.46496251399080774
56.300660275935229,1.299838627788924,-0.36888274029246582
55.639348021575813,1.6295035238463638,-0.65803247453333069
55.218429620902675,-1.7725397513986847,0.53184853680811794
56.156716588739279,1.1568764661698046,-1.2639856109383445
56.281323936587832,1.2648733882666272,-0.66726876920565559
56.112891746171258,-0.36657677870730954,1.7560573693160872
55.597245639860496,1.7042888870900119,0.0084134848447954165
54.91554152732806,0.8028932050338462,1.4262401169542904
54.555258892099587,1.5182274233589013,0.67081323975373475
54.866331524058147,1.6745608491281883,1.2887079738014968
55.002337486552555,1.4667746781556934,-0.018710780518290129
55.509237209959828,0.87122778037155713,1.0008220522767928
55.769372730073634,1.319142713535135,0.56998212772191292
56.078723718560774,0.63082866871312659,-1.4352123109856691
56.376884498313245,-0.13745833980509276,-1.6382455277789563
55.721735888514083,0.74248465756690329,1.267344828081056
56.004464186353587,-1.4203805348549594,-0.54418258855687673
56.129549968972306,0.3893622425016488,1.8716879870859038
55.071421295076973,-1.5903435888627422,0.57303576571256709
56.117595834503277,-0.83997246193758002,1.221254817751348
56.367589048066066,1.663240196274131,0.62405851329169693
54.831206711163432,0.2786782715638364,-1.1826829319276608
54.628237454719006,0.33100824532235373,1.4986133192550961
56.227943179297377,-0.12411594340083106,-1.964355918803671
55.118977760499739,1.5497479343171232,0.57230973443176303
55.381789841818019,-0.77194356401200626,1.2591589896550401
54.984339364730047,-1.6542442812250078,-0.039324152368357929
55.285779296075063,-0.49455024355978411,1.509793859688205
55.239541358348831,0.17016589629513715,1.7362081602163471
55.177342568641521,-1.5155053735464852,-1.2466396306722105
55.890325639583182,-0.72825773745990185,1.3199819983155436
55.348755372551985,0.9961628154926051,0.89534573596196232
55.722899360749516,-1.9719629434529033,0.51315811077725393
56.274394989618564,-0.79268887127286525,-1.0983179935696463
56.205805443885396,-1.4172981472162567,-0.62202514254328434
55.555753220256179,1.0677366149586087,1.3567555795632986
54.852613137458867,-1.2141159309775795,-0.49630384187488136
56.469911920726155,0.34763669655891277,-1.4815721250645522
55.372893323442405,-1.193661350906726,-1.1289862436934446
54.86210258621113,0.06861202721760859,1.1079670741159355
56.237837099484082,0.7513007790187195,0.98000501225548597
55.391479697930201,0.035046291968614612,-1.9836752206543014
55.709128184030838,0.9869027906987381,1.7111675179737351
55.048473254669062,-1.4247386915615099,-0.45502032277262822
55.941498911042189,1.2681836346865154,1.1999342548572498
56.092438566219805,-0.36601631962784381,1.7002374898102772
55.830411293643664,0.32913396702189557,1.4878628517023695
55.045543279057071,0.30621977530819666,-1.5550616027674369
55.942185151766417,1.4643919899798947,0.0068309118640624547
54.93555903314904,-1.7213712136350519,-0.37899098614179721
55.044417983473316,0.48484911994610402,0.052215430936005398
55.640067333042424,-1.0006253606914721,1.2564907448353775
54.779595119034646,0.16217108003196667,-1.5320199135752546
55.629533090784001,1.412051207754853,-0.98538098600499324
55.500913482424053,-0.83133817887610517,1.5282699343454014
56.178711835957579,-1.1912404679883735,-1.0786848617330842
55.481388972819431,0.15879942124449417,1.4577518742050635
54.653835464267033,-0.75032612346842265,-1.2818156311038731
55.902367215655666,1.5495534748236592,1.1459247759956896
56.011205279598954,-0.45638805777532743,-1.4660610451855252
56.329184010546747,-1.6569155062404926,0.52614925045795236
55.480080347507652,-0.3596700533129904,-1.2888876649774486
55.373192085059948,1.0733965102176239,1.4963963604253165
55.439842795981953,1.0122399178086461,-1.1046998482826269
54.687894932469803,1.4054579411578907,-1.0519861403369266
56.36976355896055,0.97967223886965527,1.5003728194860533
54.974004586584293,1.8418994953885708,-0.57612700770171066
55.919519837106712,0.67814193500965936,1.3158438265551127
55.417137227018955,0.78234090662184008,-1.3535240601550673
55.001784540543987,1.2210771011046568,-0.017714298382789193
56.288808426194429,-1.7896285270928285,0.18790033957923269
56.394188063253992,-1.1951474843595442,1.0753991412001231
55.275781712740361,0.044913635192209429,-1.3510153158541733
56.244898279659161,0.25740931681015006,1.4219169917946113
55.816672017052895,-1.5575208205010758,-1.5514914945441669
55.749098008185072,0.43403497812687375,-1.5787567771778375
56.310760251910665,-0.24549031980618496,1.3936490720163237
55.566597419971274,1.323205273505387,0.97755973213459524
55.035855896030832,0.33712123245433062,1.9148728110198039
56.348501009219454,1.2714051454008859,-0.92930278937166344
56.227991531334212,-0.88083796815839865,1.383881659574087
55.21071764135376,-1.1195249093298265,-1.3922803132742263
55.452799472030634,-0.21327198263961072,1.3400512998832781
55.61220446735507,-0.43280291156627154,1.5460086518773568
55.845923433661603,-1.0578434098007086,1.0007057288875332
55.735755615020324,0.38642545928265831,-1.5110921478957362
55.313932658254934,-1.8236589733406228,0.076792658139587355
56.37118593299666,-1.5212720219501883,0.72830571771779817
56.419736927512027,-0.28001093043461522,1.8684418347098588
56.239439237896832,0.58775610592657179,1.5546748393932746
54.971103438818872,-0.16492990557439546,1.6920020515766212
54.940282683455337,-1.6916290260996791,-0.48950767052632393
55.80638509292519,1.1580298792558332,0.88612010599756641
55.037202785071599,-0.49190520195050708,-1.1799362855742725
55.746167312536535,-0.054347152990492385,1.365395236591215
56.602772566379457,-0.5123982541647375,-0.80844074171893376
55.628354773347965,0.5093493739959124,1.4272231500875456
54.602481801312784,-1.0101720616191687,1.5741563834299295
54.984687981749396,-0.36024784891976647,1.4929810740051845
55.372673036506214,-0.17727588467827576,-1.9745723463978662
55.27500206772347,0.56426452993238096,0.077087666620486217
55.52945584592095,1.1324346911939751,-1.1655602158812093
56.259084894541054,1.4724489131375591,-0.7369427078748203
55.473520369786932,1.3031270355489488,-0.49536621570990569
55.614970026508196,-1.0479453829131724,-0.73773092629020454
55.057718026661739,-0.82404640702431364,1.4668809662401485
56.156751637720284,0.75589166157993026,-0.94603762034788741
55.263768656020034,-1.6124696130704201,0.075423962224081709
55.328732681358687,1.3139616429080234,-0.82344500787559627
55.780412051061425,-1.5857080280791218,0.53190254464451825
54.620291311214736,-1.2921131987681451,0.42599563508257665
54.795670765706447,-1.295061956533794,0.6132278045665962
56.028129878405323,1.7417638716396815,-0.2018884410863204
56.363586001185801,0.66316557395438702,-1.1765697054384934
55.406627972658768,1.3218690998568361,1.0170575112052944
56.393495431099588,0.1554662423231907,-1.4701895701472067
55.647889487344194,-0.78730471245586131,-1.5746898025967004
55.536203883391543,1.4618226673148249,-3.047984104448505
54.959301725877353,1.3832668555843353,-0.28533796433258951
54.894696220482658,-1.5506299705841458,-0.055520636738161093
54.593814494166487,-0.6446863601363223,0.89628597144700317
55.622323212504021,-0.96062328628226912,1.0897676829750769
55.873937221703514,1.5903747723065704,0.17823372229310136
56.174298072362717,1.2059213686477881,1.0327284597147843
56.258028456495047,1.997735588141659,-0.044317429542295887
56.401390449481262,0.18644194890834914,2.0315541610194643
56.542913027700912,0.55950239172956118,-1.4138968050585492
56.215466226486321,-1.3681422673327961,0.81960354293006843
55.292679548184559,-1.3651371344536805,1.4147537801043781
56.300759376569431,-1.2954795753706672,-1.1298023268155264
55.216099829963007,2.1365486649019267,-0.52749816436007968
55.294190400483423,0.93222792595013404,-1.2860227085609541
55.080204992011289,-1.558454616922786,0.42554149564664173
54.289320296598987,1.3622271496590737,-0.19530178154867689
55.035601544206557,-1.5731269144128495,0.35546027945977104
56.406220029712564,-1.2146982347031561,-0.71351976348760371
55.243710772888349,0.55480776677606314,1.0361041961090378
56.528045154569931,0.07119498009760504,1.588324847704746
54.561238565034721,0.34424458164649197,-1.1693807277675532
54.854069410966964,0.19904756374233679,1.5362778700055824
56.103769526850392,-0.49150966920499739,1.286069673402197
55.788610545712906,-0.69957235777755511,0.85776194071900536
55.947248335033528,-1.5143664855757195,0.58362307602577357
55.636162674483266,-0.73671932727868139,1.0619911001879523
55.333302459376611,0.91217513074581824,-1.3056975899611367
55.146053300319942,0.99351066746329808,-1.1598176707700902
56.1055401284098,-0.98927668962257631,-0.89114427516069505
56.481182676629288,-1.807100183311793,-0.59848327228904474
55.78518453235769,-1.2537705404819033,-0.65737396576763918
56.324374543802882,0.3535048450181823,2.1870595343493537
55.147559802249127,1.6304204799995179,-1.2852652710836066
55.864149974485997,1.1650662665822424,-0.57701727521016466
55.076714492795539,-1.5331177200613864,0.34136813056063198
56.148763454195283,-1.3126083708741754,0.76483060680821002
55.317856083514386,0.12609228059341343,1.5001310748118359
56.183931425310249,-0.69498187887591456,1.1496512639778942
56.009531203731285,-0.72874352891280703,-1.4043536869241178
56.145048025875546,1.0430110065057816,1.43813625178864
54.347812717148585,0.9362873742051262,1.1263725813073724
55.213001554741709,0.61539771098551965,1.4583986697292206
55.811651226034996,1.3165262511000999,-0.082249022703515265
55.810338359637974,-1.3400922463441627,-1.0998497308585258
55.244870410281386,1.3817180056424148,-0.016822324363100005
56.115040849391171,-1.645630191017843,-1.1616879215489666
55.736794263229271,0.43342458164495912,1.4418891848073507
55.442592958398436,1.1406019061203647,-1.3625821184696929
55.171242977041778,1.4993367510907893,0.031537473961176746
55.030124444181325,-1.2494657355711341,0.51697546016088203
56.399692573720124,1.3233793941990533,-0.70303273010358114
54.885387512003675,-1.9792734498964675,0.45737795330634573
55.050462077584946,0.65697653707392412,-1.5668456936650457
55.92783372183127,1.5022081897360735,0.50072885815768609
55.993979754031358,1.7693018919178378,-0.40004556203961156
55.771110522723774,1.3777973946837758,-0.73101724963893044
55.144120192984865,-1.1841738141174416,0.62710573822929261
55.246276238514348,-1.1118590326543718,-0.24064296563970186
55.829224544317128,0.40481579135551182,-1.1411318822524719
55.138743316139447,-0.91692934009612148,1.2689724494868655
55.331462309276205,1.9104840937693297,0.9857334870887875
55.275476934678139,1.5428620215381941,0.17752186169302794
54.414846401407836,0.47154671645117519,1.221961075346309
55.256621448471996,-1.258775708802595,0.19143826392413027
56.04066282983964,-0.015010790525868784,-1.3551479412042877
55.879983882003387,0.24329747068723132,-1.4355369618837583
55.827688338758946,0.054228678133675039,-1.7218728934490368
55.266253162215499,-0.045360191672830383,1.6285537275012245
56.131512765268837,0.765640433293172,1.6259420258284494
55.565186495076638,1.2203546137150199,-0.65233216901999824
54.767041083877771,-1.2500298554621934,-0.62979986086580508
55.536875369038228,-1.9766269935500225,-0.52283535025116645
56.057883107573474,-0.49196887820056867,1.6488895458698434
54.768190344741747,-0.51769594538971841,-0.77528586419594669
55.649368326633841,-0.77603563574151524,0.52561704489486827
55.84359214969156,-0.31445940830811947,1.4266318850807511
56.221185535296414,0.03876046459786886,1.452530245436751
55.618564391978822,1.3963110614540928,0.010265896659974764
56.430191074663355,0.42687782800946633,1.4566884258581054
56.332784573528421,1.4521868450593884,0.4955656520742131
56.063156200053825,-1.3204443503891241,-0.93175675544135483
54.997053122343701,-1.1522677647982367,0.80782222877701615
55.868908201784514,1.6213478162414794,-0.45905267578101255
56.083663105866357,1.2989151879748313,-0.91309121933366721
54.573352829894191,-0.14463493181857431,2.3695352069139539
54.727338712665201,-0.38803450713296844,-1.2889907933966624
55.55678497425064,-0.057872485088656445,-1.4020673416786551
54.809535442533786,1.6444316373790469,0.56001330887982026
55.181588876366419,1.7007148561263552,-0.29539182996947855
54.783601246373031,-1.8677494003112294,1.0844778413084704
53.157278991347951,0.08239463531402369,4.6891219660649242
55.087635704404882,-1.2115336152483607,-1.3609561521285753
56.175901264210225,0.78997638897958422,-1.6851708154269038
54.909181589752279,1.4694996568610357,-1.0320563319899703
56.378585466375554,0.97085544403522139,-1.3995000388060737
55.88688044108887,1.3640054137574755,1.0793907127409661
55.743671114248251,-0.52443723998825897,-1.2592143434031062
55.384840404822377,-1.3953809616552757,1.0623817109231302
55.811394271454638,-1.4235440364895351,0.29959507382154249
56.029230198443386,0.92977846360175476,1.3313785086443382
55.578564556265192,0.85394344378235554,1.5933812725693592
55.569594315619405,1.1529141740975437,0.64753558104511966
55.579747965641438,0.19201876246252034,1.8028646539666824
54.815287339272864,1.6240564979566181,0.092012494079764362
55.461873664549969,2.8329194262764381,-0.098162364263741003
54.820042185119433,0.095413676694205113,-0.67014109090539709
55.93549130743574,-0.27142655553908568,-1.7122877834126584
55.076065347270912,-1.3509139062109141,-0.94814881397476281
55.738242084083069,1.2141422177618753,-0.13109231589490228
55.206887130677771,1.3231929072315307,-0.85161189238663337
55.838766712938693,-1.740957184936254,0.61450609229814934
54.510035053516333,-0.69306784327529136,-1.5290839313350346
55.782007944269282,-0.051444602757858837,1.7576624042263973
56.09207436431204,1.7297145293535647,-0.24941560192010354
55.872786127756491,0.78232638988495617,-0.90147054236921509
54.778511775703819,0.20973197499990959,-1.0814910518622007
55.224812633597317,-0.63495058756960909,1.4323000889544433
56.430599143992247,1.1505359155731845,-0.039812961885700292
55.927054471496511,0.21343197947553333,-1.4719534432061974
54.838180652797391,0.37607271055453506,-1.4430608476584221
56.306308594870885,-0.24745708924589344,-1.2871373519453366
55.113025460821724,-0.99680847797939687,1.202455329671424
55.516196355551656,-0.57358051761164541,1.8189107396967077
55.840893100617691,0.83385362185628742,0.91165724267925397
54.747986283890349,1.4574273963174016,0.45795725420718969
56.095654584825105,0.12919111260923763,1.3914519439687136
55.932351902672053,0.022850779962262122,-1.8202673085984287
55.864350491026059,1.3319191808227202,0.89678412470187308
55.77979651778972,-0.58328505989479529,-1.5912310740501181
55.724281072223803,-1.5355332787218505,1.0589013239780976
54.570712360442066,0.28681865910081938,1.2594842010548033
55.250675243672141,-1.5915949332779866,0.57108906548236826
55.451098238703032,0.056131661878841894,1.5550618354073242
54.661489005711346,1.0471146993242499,1.0815084836560085
55.903460284858561,1.2133989211295828,0.70960567469648606
54.824547911037023,0.68210928288744088,-0.97965270949880423
56.09912153238119,-1.2284654763179133,1.7039954076831181
56.29839690834639,-0.88183036583182706,-1.239090377917939
56.185797837388755,-0.23628590276982758,-1.543356146095753
56.195838100260659,1.3903493001610516,-0.26060114374379317
55.984369681626276,-1.0163952259050506,-1.2571856697014958
55.531151689701154,-0.69133714582294858,-1.184418268035426
56.121286486671167,0.46603229143981106,1.7696550118750332
54.469249375114899,0.32290690872733219,1.8802781222013372
55.528055767654685,0.39412393448757882,1.8671467261044574
54.782642858353043,1.9071627618922304,-0.24516265514917285
55.848817548834042,-1.8859356660828639,-0.41769597997345098
54.740897445565473,1.6373666965146825,-1.9351564057886939
55.571439914847168,0.75347333915671721,0.94275329983440403
55.899695126806044,-1.0954926634019857,-1.3465224159955673
56.286782421627059,-0.0036176247198011252,-1.2764894679333978
55.108910259850724,-1.4523769374062181,-0.56031473449288605
54.592569485211449,-0.55692131647175913,1.1965304003622688
55.354303546110557,-1.1120167638546383,-1.0573550755920622
56.044264113593734,1.0712126627584622,0.70918257164486143
55.313635665154813,-0.72376521414645767,1.4248027303090762
56.238724754912361,1.080820855651442,-0.83981046468381026
55.319267890410423,-1.403156359472677,0.41526886979881944
54.581614293414461,1.6747047287155945,0.15254070203151524
54.908969487026184,-1.4313522826564751,-1.8347551141332434
55.519449529970039,-0.0078055153930971163,-1.3158936120278528
55.333153386181799,1.2302197460265005,1.3596343541881888
54.92614887728498,2.1169123675451029,-0.65065828110306556
56.086406813710788,-1.4400744728209591,0.53868824348270927
54.754204748437175,-0.20121314364244389,1.2973124444854582
56.258940260372711,-0.0027417151709979576,-1.1513552931694857
55.483724695940417,1.7396246119602607,0.011028239073525641
54.907238644516568,0.055802240706858568,1.3824617104838592
55.984835268775697,0.076660872527835766,-1.6633130720421734
54.890950562289675,1.096628072397142,-1.2025056863676815
54.946834856520077,1.3252830250164951,-1.1069786879628933
54.984584848279773,1.1711941360980129,0.37345370556511281
54.586268107669383,1.170973089356836,-1.6623112092658274
55.949915504945515,-0.8791092095931089,1.2825737742413217
56.317734842739426,1.213822909058373,0.59675487904084423
55.215344252284766,-0.51430002633023852,-1.5732567689713945
54.651752917454083,-0.50523914436652917,1.6655481028120855
56.081391810266162,1.1642225757600819,-0.85940753308509066
56.219395193833826,-1.6713541117124784,-0.087512000777249965
55.122697280314917,0.36167330305058137,1.046852047093773
56.441531075357346,1.0727333419833733,1.1147716350169352
55.163817009711856,1.279578920798272,-0.50277507241755959
55.540063362126006,-1.3029301569791678,-1.1599501979627711
54.962794033481721,-0.63085060593008191,1.119379501549943
56.509040717578536,-0.93108663851805173,1.5105138330085477
55.921197235371565,-0.83252456130714647,1.5151074006758565
55.593721009987895,-0.52746921803639057,-1.6943104222811225
56.074505102590571,-0.30549116464843545,-1.5419189151967481
55.454708806556965,1.187019197995643,-1.2066392007542404
55.486745208228164,0.61864267808277096,-1.1004021110633242
54.558646922836594,-1.1665995179310082,-1.1894854917992765
55.220800173520672,0.06383905306334875,1.6963278058760125
54.772600372036095,1.1180167539949875,1.1975077556989835
55.514029801202852,1.2822094312806334,-1.3579308022036447
56.163686393193458,-1.3888546286417365,0.60240271134118017
56.22424293279412,1.1183166008606336,-1.1908618410883045
55.694665540728224,-1.3166664929691769,1.2455656016320296
55.950971203626487,-1.2340024608996913,1.0575645355177874
54.515028104218764,0.88605614316023784,1.0572601690220924
56.116598988861682,-0.4022518984399896,0.2845265486929438
55.700744967751852,-1.6434716040235617,0.8676493818883666
56.009394559598292,-1.706702235568462,0.014536025408815233
55.81001978505229,-0.49535079471471333,1.7604728432248342
56.338679918420652,1.4131094944154228,-0.58548245323031956
56.538971532912349,-1.2953293959576684,1.3490859027132165
54.581884413347154,0.76022641968400417,1.6003558008815311
54.824763520499467,-1.0436219290446542,1.708094783706307
55.418789887849954,2.0868189391141296,1.0494903857824147
55.006378941018376,-0.14130029141676301,-1.5177197319541185
55.567444806412702,-0.64997219523164285,-0.78769703516457679
55.820172635228708,0.17927260217705857,1.5936877618461305
54.812773751881409,-1.1973667409431163,-1.4427955695651138
54.894028270887219,-0.9023662442630902,-0.91110885204195435
55.653804253531177,0.33653156240763116,-1.9811878454634104
55.126157500646727,-1.4314171519821268,-0.44389910381908387
55.229163978402205,1.0404857244282522,-1.3598005289179704
54.676596975935858,-1.6907730068329527,-0.95520760826675855
55.512717745948336,-0.70332707631627989,1.1257512131161729
54.909082355350016,-1.1684749851376741,0.62973542203280986
56.079847507556842,-1.4719387449829433,-0.64177131055142589
55.245158429797378,-1.1262781030697138,1.561022124486209
55.316717627187742,1.4523910869743792,-0.046859948968734438
54.713801619983585,1.6053980446885814,0.95689564798613724
56.185599471474468,-1.3043598645229291,0.066607943489015109
55.338089668059737,-1.0821454910817605,-1.2099605960013973
55.26907200063647,-0.21152035818736756,-1.8277359498473265
55.971441939778337,0.10392403304623919,-1.5407892163519776
54.583276629199439,0.90876496038209786,1.3286123923343649
54.66902444399674,0.24672605550032475,-1.6980288486142781
55.870259890194134,1.6331942768991496,-1.3660367879854178
56.231968433012511,-0.35162796108940908,-1.4697777058629733
56.298906397342286,1.3621018678961332,-0.96886392821537448
55.620376875725263,-1.1695358153328279,-1.371655130927228
55.818712975879521,0.46374055407036235,-1.4497938966078059
56.211981955738665,-1.7632539491924473,-0.99012762785148611
56.273135612295249,1.6200095929194838,-0.69071676774957191
54.947151932201415,0.68411675211193934,-1.809747684616728
56.229843488975717,-0.84446883708811127,1.1723027507862165
