56.198426804372097	-2.1976363191662993	0.65159983894883577
56.094412773108679	0.42391181042317844	1.955251661660558
56.66536095972593	-1.4955900127648043	-1.1469431433320247
57.583741358891352	1.5987055572008029	-1.6690036746050099
56.075208554515889	-0.2697136358824056	1.7763247608464656
57.619271973868763	0.75921859816683313	2.1366002427530626
57.547251839931349	0.80559409988822905	2.0173564884043773
57.375771071219837	1.3150553712679254	-1.7245201795678877
57.795779329101798	0.63799044691495232	-1.4550480930920857
58.013066839566427	2.0174096376684538	-0.04550477686882011
56.547098840051817	1.9080236638856867	-0.29417997811801772
56.106737183270674	1.3219151081381217	-0.84555907147921561
57.107269084781137	0.34747528290634599	-2.0034327962805913
56.392840873973888	-2.1085040381432396	0.54670058118304665
56.824941360310781	-1.7444683605615665	0.90061275075376235
56.619688882904569	-0.26711500028563034	0.73385192223176898
56.254385119057659	1.7098008845816173	-0.46508146381121529
56.258226840140857	-0.46260402918133553	-1.9056964778448759
56.309593495688333	2.1007155904486114	0.76577401207472229
56.15075784239724	2.3012745047141068	-0.28865155739083864
56.470469597210929	-0.88098692852955118	1.5896748533148755
57.707021045954065	0.76813578325710041	2.2375844314919902
57.083059780758518	-2.3310623875008973	-2.1833563073581961
56.182683197940051	0.03459218759995826	-1.9538371931456182
57.811808079316521	1.6332772884227218	0.80229268103512552
56.899940421747559	-1.9983191599020371	1.2779253480988872
57.771811562434451	-1.9818392067259265	1.3358550784077685
56.455929219783847	1.1992178544720353	-1.8107534848395235
57.97188563671812	1.3627525840565105	1.429172625364703
57.451168699810587	1.2975623531805915	-1.2919004684665045
57.759369210888998	2.0235937144342317	-0.6261894414796938
56.425072749415783	-1.6293395177812366	1.5805943606471158
57.710095529420173	1.8599234599536496	0.65395215209090096
57.919235316613168	-1.8789513281276884	-0.11605157996106501
57.668787637044659	-0.22007887347305419	-2.2417139304132343
57.71992290752295	0.078953395313535998	1.6565908274650285
56.540114078755629	-0.7986199912881895	1.7084491411957956
55.915273171882227	-1.2208682557987114	-1.6509933128198815
56.580694886176268	1.2750847627047952	1.1787273584388291
57.094221671691734	0.82877736776155031	-1.6584816459139808
56.85958469292742	-2.1461677423413774	-0.40346058703820176
56.675871593034884	1.0263883286359927	1.2347348376216967
56.527606309765225	-2.4250441891391694	-0.14955263318559966
56.703704695641676	1.7785410557474866	-0.9867303932024557
56.788719839230815	-0.98182561303998139	-1.7003225640975463
56.273051633557884	1.7275086750571083	1.0542480679480482
56.570079336820818	0.79333046933354834	1.7054378041081089
57.118165341277397	-2.179923958279737	0.1212882942652677
56.573047763290106	1.0173730716577258	2.013482682530606
57.206686101370885	2.1948029882043922	-0.28852047040933798
57.115385996013316	1.6927692784958905	-1.6171430103771949
56.984452070833271	-0.84698111081948824	-1.8585272792124858
56.501879596099094	-0.79693107106613081	-2.1637876429506231
56.046382074666418	0.30239384983092593	2.2252946199197905
56.598257682001979	-1.4894467937552831	-1.4209997045312377
56.057274260349359	2.2169969184717568	-0.67633054305188101
56.983765513782359	-1.8813680400793695	-0.10940322897946619
56.122479464763913	1.7239103548182793	-1.0600954542062779
57.703106832635505	1.9907331097942038	-1.3670870351294757
55.913057333446076	-1.0506876665525247	-1.5884754932936858
56.404170975366313	1.607001772108569	-1.9191195120181384
56.343224888736984	0.35808363285697886	-1.8180045412387094
56.466696683234183	1.5525797059591266	-1.4137697500726802
56.396193672329964	-1.7777166638388389	-0.3499143382664775
57.682035878140496	0.85360116168199784	1.7088325322756208
57.622221572211565	-0.86333254999369313	1.8978547557906316
57.287176889161962	3.4402247346200778	1.2673018080422545
56.451202376888602	1.6937975241598866	-0.75766418653595691
57.851983257378691	1.7748427044782977	0.0095543091824628577
57.131635307110848	-1.9633584270457154	-1.2890934708763024
56.396320435308446	1.0758985909876664	-1.9067066619572968
56.686643846447936	2.3979097535213203	1.3363611484645868
56.171579007746644	-1.0939641071465869	-1.9681341648134105
56.584730333827061	-1.7187927762181618	0.97673230905975184
57.161437563780972	0.19929189809002182	-1.6367180170212354
57.791289072418621	0.93208844695949755	-1.753164387144321
57.425852949599275	-1.6548126610114193	-0.76222804283497925
57.420412152512021	1.7763165394137286	-0.65184525822388528
57.549127493657117	1.1375478052122134	1.8501223294038982
56.134055643567315	-1.2075534774313348	-2.0808687112430118
56.770989497707347	0.037116994213038497	-2.0498731692310779
57.628649636910822	-1.4454181255905616	1.2767629316378859
57.286130022064725	1.1228466614633337	-1.7267833616158652
56.709663421055083	1.4631835665780351	1.3915535224862958
57.037178857040175	0.72413303249398153	-1.5669769799849473
57.550464172959266	-1.7645820307371591	-1.0613732381813383
57.078046497033064	0.89375612772447766	1.3778671523840025
57.18367193475963	0.82373737882151277	-1.739759804206191
57.674359649016466	-1.7523173872929578	-1.333701819814793
56.800348472088437	-2.3015380852583189	0.18503725282108907
57.820197793178401	-1.2447811077706856	-1.3796267362223826
57.660387155581212	-0.94057740378002375	1.7697911180458226
57.584347003933132	0.40776687296915182	-1.8555812786960617
56.671813034258513	0.80223197052353634	-2.1089594021754765
57.05666664935471	-1.7877396968167152	1.1627078305803691
56.947771533748941	-2.2656341548604715	-0.69945364786724429
56.06269151700176	-1.5133230070718715	0.51324592862148533
57.666428182872657	-2.431015598312193	0.16974138587341625
56.380988958145018	1.5557493048637425	-0.90412783009283093
56.758811143138601	1.5920172342375949	0.92764440046350194
57.683283563931916	1.8930239979682817	0.7326838358988399
57.74294226155051	2.0252003671878955	0.15725677039029207
56.650012612986842	-1.2300779953728285	1.4206305852870749
57.827552972319651	0.91376972615014496	1.6930116121221268
56.99327710956468	-2.039311916983118	0.1568854737257947
57.258514015974519	1.7720852798105449	0.38200046137430066
56.245709629233588	-2.2816761253650801	0.45079516641963308
56.350919142380569	-1.2023529117376661	1.2257938215753219
56.066266762544103	1.7068282737808973	-1.1957188094551252
56.292494070503494	0.047316837664228777	1.8398526973564122
56.257212908638436	-0.92673728452901716	1.8368389784881682
56.591118490420577	1.261122991600671	-1.4149128124481156
56.168966839774761	0.96347697819529055	1.7595817830073115
57.373272314216138	-2.046212721718708	-0.49916806733576208
56.447774529691308	1.5426855044648364	1.6195511182036983
56.124307177252113	1.7760748405865938	-0.9366846678836187
56.777709584638544	-1.6179591103893713	0.5324144514825786
57.755156741885735	-1.5528551285025687	0.47279253453585862
56.410583026485931	-0.62799842819314966	1.5008496405970853
56.673273235192987	-2.0965011319909888	-0.25077959963561386
57.225994594869043	1.8286531117300004	-0.85429113849720761
57.33363145168606	-1.8012587124865145	-0.074619797543062319
57.809360430140522	-1.0289406698526788	1.7487618007111108
57.395424779423536	-1.8860131994093443	1.1829123279591953
56.617337606322231	-0.73742218546474636	1.5971357800202968
56.039925439711162	-0.86213363309334146	1.5168711434956008
57.062095919298237	-1.7575038283645623	-0.084203086683636033
57.013732590705438	0.92267435169125711	1.7074860323414109
57.616769393426033	1.5280965769286041	-0.75023714481560044
56.131051452983016	-1.9755477371236221	-0.081193848516865355
57.121766601747467	-1.7287174303485044	0.48606322555127152
57.258881757938745	-1.3195484926136685	-1.144107177109793
56.423445370007812	-0.19876139356438138	-2.3075437433053159
57.679995944509052	1.8762245480132995	-0.44480718823278048
57.057791712449685	0.51167908179043731	-1.9415466235090606
57.564773047722056	-1.5725126903366933	-0.7337709345659551
56.364719738891523	-1.5129762332669587	-0.75051918472012125
57.589705409369024	1.6866940691265859	-0.70839084080837045
56.662385998586167	2.1011684388634517	0.11940530365860347
56.65043059516946	-0.65560923279892014	-1.9333681179634312
56.786647092657475	1.1448027534184761	-1.1048860559927116
56.185915978717013	-1.1955188222559761	-1.3249816723938219
56.510176013057553	-1.155923110354542	-1.7373455607477581
56.814074279550859	1.831781681720136	-1.3170817036656628
56.161016287883925	-0.37802311043552772	-2.2191397237546573
57.532662025031023	1.3937263448920845	-1.2018951687154409
56.547027467136978	1.6168243676861518	2.1889412304942488
55.990291349227348	-0.51536598278066881	-1.8599138545987706
56.154305566563572	-1.1209995586606663	0.52849134175848256
55.99221016756568	1.8234008803899029	0.26845640927254805
56.476515899723452	-1.6033722585036174	-1.5841582777096981
57.055039942796327	-0.46334250832882357	2.0589033853449723
57.313488425013098	-2.1254425340267247	0.31698862088601082
57.532294513322654	-0.38988036630676692	-1.544691877133487
57.431072729778265	0.76223710605767903	1.613472976937242
57.789397864643902	-0.082757508178416053	-1.4578273669947184
57.767290531238679	-0.89631971918431452	-1.9976939691796203
57.833982586699335	-1.4553745589013376	0.73323594669425196
57.206420525186751	-2.006471648272687	1.3279294659749683
57.527180220276897	-0.4911386893629141	-1.6434909065630201
55.950785195497652	-1.5336255890343558	-1.0588326643276407
56.170215388870254	0.14794117088830797	2.1634570311773809
56.654245470423241	2.372150513621496	-0.31248692518796528
57.592606813763496	1.6059894222634767	0.37924835348105396
56.094165122196785	-0.80575855559634257	2.186778110509378
57.51961811531428	0.1412543835637883	-1.8585468868540398
56.487122539677401	-1.8154801370660485	0.092478522290716889
56.859535527039824	-1.2148771573361323	-1.4377757642015216
56.770631168583549	-0.15886907144741266	-2.0183346465334107
56.517588971339819	-0.42353147656741008	-1.5385211100945684
57.141607137083675	-1.4852431163554165	1.5895245953308652
56.234600887845154	-0.17372998712891788	-1.2250944861427537
57.012078723805097	-1.0656948657968468	-1.6260947513296424
56.974486569637804	0.74712004377462971	2.6264675903238568
56.924373287247342	1.4425779303547028	-1.7086761714170458
57.314437512006897	0.94608331391190514	-1.6513523353112654
57.482045105560218	0.92664135742097908	-1.6496720217204677
57.287387659545054	-1.9715686596461126	-0.70368744368395075
56.731424374201922	0.48977864126510962	2.405789706301932
56.63451076638254	-0.13593312794728474	-2.1627916371616678
57.072548056658128	2.579518905435509	0.22908323477823456
56.566230689776646	0.45869178643731517	-1.8017723266166421
56.050653131512931	0.94823451879417797	1.6812145641007794
57.287445485628432	-0.61412880699034245	1.625432762638148
57.284352133013513	-0.73302037356317151	1.8121232465905401
56.528926999422822	1.7973302692175406	-1.8436984964688963
57.411269471557468	-2.0880754315283401	0.24464125728288463
56.454388306041182	1.763497830682436	-0.44034844532675921
57.064473261764959	-2.0199126291290987	1.0694548250665477
56.798083937082879	0.28925709802681143	1.9855380527027873
57.374287320203422	0.75879230743325643	1.6394473483727019
57.571138497452026	-0.062970063780015448	1.7037233781504999
56.561386332098522	1.4353858831496189	-1.357556457443492
55.983866591088891	-0.68087570028888689	-2.4209771122447803
56.263379246144439	-0.97936276731268601	-1.2627949765513977
57.471534979868622	-0.57787749504315267	-0.40693667964135072
57.536475789718452	0.35828781901162454	1.6821414909864016
56.394564943151359	1.4018764066357026	-1.8683470128633788
56.403134009708303	1.1517775809603514	-1.9373440333175018
56.89612747449187	-1.443239645400233	-1.5080844800886684
57.209074897588515	0.23891012365313652	1.4230948276123061
57.042912978039944	0.7038615178549058	-1.6094582303926461
57.361304347689135	1.799745156041924	-1.143633273430946
57.761459043675252	0.62087070341493888	2.2020730793810595
57.853706954135177	0.41499686092327071	-2.4016467922835183
57.137566733088924	1.8901986376204198	1.0762576668768067
57.87024451793561	-0.20499409943475719	2.2676115273586768
57.576981198548765	1.6958047358384398	-0.75362460317304392
56.496835601130321	1.7954758945317122	1.2687032975929149
57.002481538226249	2.1568038973767329	1.1104474449023858
57.302707234656793	1.5079972024751844	1.778749258317686
56.257682269074103	0.32221529940400662	-1.8657380877751466
57.675243215722205	2.0181291221634794	-0.75204299868809332
57.063366932621875	0.84270040614295483	1.6310490946999721
57.907922429692867	0.13513628541244199	2.0664421114775511
57.758177196129623	-0.28190698438492978	1.9361953802607133
56.696951013503828	-1.9151327927598589	-0.43442788378841452
56.788597935056934	-1.7448018038977444	-0.93965376709389825
57.245367271167105	-0.24173212826607837	1.8667155870303052
56.846525075845712	-1.4049035924205144	1.0321680597667551
57.366303603916506	1.6727846756021147	0.27817514688098338
56.848770315284213	1.2502269179040528	-2.3058987299666138
56.739606838481123	1.137096418760682	0.99359957398023513
56.707103835284883	2.5128931500291687	0.12702548716573278
56.144960084844286	-0.91970022570372267	1.8444134446831566
56.980582765517674	0.79144448751767205	-1.7634190392467797
56.172063338058912	-1.8675650575668101	0.59384348742685344
57.533159729889988	1.8920122814825595	0.87789164818923571
57.314961066292213	-0.91717176236195441	-1.7069409348133364
57.856283807340837	1.9550621591023423	0.94890311070246181
56.022034536095646	2.3918155894712902	-0.48165368791876467
56.671145280880125	-1.2683943661029538	-1.7163871632072116
56.970943554042769	-0.84542487054801474	2.0721343891216
57.480571129594836	0.60170565132439213	1.7206674431902502
57.541570111554421	-0.42683693954555268	-2.1148890435630934
57.130571595229029	1.392184066850378	1.3074462238467446
57.577934689647833	1.5177041606146555	1.4552704117575177
56.660245745221992	1.6843960353063618	-0.22420330909467598
57.013191219832763	1.9781755133399685	0.65840021561076889
57.750159690216975	0.76695402991763495	-1.5783511900661535
56.735943695925265	-0.095839848461237928	1.636204206192772
56.89078699529874	-0.88467345692526367	-1.6158845257252927
56.125902477996739	1.139304758760157	2.0052774427221971
56.454061621629563	1.0110626399205442	-1.429233897176462
55.947781039315061	1.2150217911823411	-1.8738818308669429
56.888755955464994	-1.0840805770874198	0.9254677356554325
57.867087457660361	1.270914467420273	-1.4127380045200881
56.943199759739088	-1.9372461761793445	0.47553928319781125
57.264281869269389	1.216597597770072	-1.9374244207922362
56.739568933669446	-1.6846849801941866	-0.55793771926222702
57.515512944990803	-1.8873791172860328	0.13308173827118533
56.820415925990332	2.557961457206126	-2.5874977805351373
56.998563021201818	-1.9818050810508605	0.18462928008236779
56.439211372966007	-0.39045549548380387	2.2925142215320742
56.998780370592144	1.5752989117173164	-1.6030556307009247
56.77957933148577	-1.2650449713183467	1.6189407477393387
56.59765864762668	1.3104914997056034	-1.3033135727655836
56.362964177096281	-1.5832449966124413	0.46808537744780115
57.799036140922844	-1.6621636121794376	1.0026653409049817
57.948575224846842	1.2121331597538405	1.6664261363112549
57.856695607749764	-2.020502087556109	0.14283720208421719
56.496866174600534	1.8358873188960225	-0.46922454951328779
57.298228031319418	-1.648978801449033	-1.0363792102124123
57.228564667465292	1.5177868493630633	1.3390175237834521
56.063748661630484	1.8837674494783445	0.51785278104111665
56.428866298694352	-0.2268112757330345	-1.8455623870887847
56.193510170289606	-1.1412296711244865	0.95650585537060129
57.370309298467127	1.7477534669771737	-0.16517372352748022
56.700505251217791	-1.1639814801624497	1.3540148436448434
56.243258101756915	1.3140065394128464	-0.31185818343045851
57.242705108954247	-1.9298139305359463	0.15354228501407144
56.137293586273465	-1.6445120918702052	0.81761318567689867
57.134037568066518	1.7025844707825404	-0.98761330009922932
56.875083212281929	-1.8431448538368114	-0.71112033919866124
56.309974794526376	1.0542577484428208	-1.4882873059464057
57.178050268415689	0.18177869096161436	1.7483931904018988
56.120061894611311	-2.4590759454368047	0.89303686053733622
57.868234343820966	-1.0015832702263756	2.5389344282502311
57.713064160857598	0.041820176003108486	-1.9234739261165095
55.943551696413124	1.8013241538867635	0.14814680782707662
57.602923003278725	1.4959763745733659	1.4675950561457272
57.686084931877474	-1.003632310163884	1.6886445170188018
56.105452284628129	-0.86494709111518997	-1.7308306756057639
55.769457658521716	-0.033736971030122291	2.2128591317734383
56.670253346197711	-2.025731607817018	-0.5139832000653789
57.185252503198015	0.042979155695112091	-1.8816108770969622
57.49398524061494	1.5785746974036134	-0.78897438008952925
56.039980582880837	-2.1633094953839254	1.1302138991306572
57.528889097264248	0.11504423029779778	1.8563035447550629
56.85645333165639	-2.0995686541187699	0.10656242639004571
57.780507043281233	-1.5336302357116454	1.3252993328076974
57.138997130665466	2.0657422286369664	0.5003037612555572
56.661571171224473	-1.5996329746029703	-0.55038724471823719
57.171254024269722	-0.32007290143801809	2.0231075007516579
56.286289341554827	0.74672701615479686	-1.4232566063011605
56.795383654685061	1.899520243170665	-0.61997826191945693
57.747318214225352	-1.8962130802874901	0.53634590854267883
57.869319635373166	0.258131954019788	2.0815967091088461
56.775199082528836	-2.027067878861617	-0.33985363058264711
57.482827344206733	1.9317312178027106	-0.93031669632242731
57.770577292207271	-1.5995061734323239	-1.5120646126508479
57.182942608038147	-1.7951534144617671	0.12457695899340857
57.458844785269967	-1.4649513722440308	-0.97130862149616681
56.242759646605059	-2.775880359556687	0.051241625701963139
56.80040237315653	2.2259110882246556	0.52825788581713085
56.885154140204925	1.3440593457838701	1.3610024897694144
57.372885331694462	-1.1227822747753304	2.120863503269812
56.683991864950627	-1.9821640868705772	1.2087545083428697
56.121494977106288	1.6945384525893734	-0.16129122069553958
57.441959051867002	0.18300708927776468	2.0105277081566117
56.371241423507456	-1.6146826622487012	1.7351315299206476
57.102109241747158	-1.5729195973263452	-0.94937765474546953
57.096086508975297	-1.4163723117482179	1.7680362212442131
56.44378198922589	1.9089016352534676	1.0486227226303175
56.347365032413038	-0.28550454490864569	1.2724052894633966
56.803630531992056	-1.4621491778332101	1.2698068401992224
56.33613236586357	1.7899888349381952	0.00010616654607933872
57.046577153572215	-1.8595567346345934	0.028970083946437127
56.158370325062933	-1.8962722294454266	-1.0120891948472095
55.841847007403807	-2.0103947071743806	0.57185299251665034
57.30108104854903	-0.82895641802909181	1.8634138350342302
56.172141180350941	-1.7265237085084808	-0.16132618056907216
56.134605147031074	1.5775148187133776	0.086738999505014361
56.589083509576966	0.78190759780344954	-2.9267651874614478
57.311130787222915	0.68051710437351753	1.9435309800103024
57.621260844701332	-0.90197296864140042	-2.1934412263887255
56.095593757031253	-2.6357020422426358	-0.44067788386632062
56.655650154377284	-2.1976461139760786	-0.59290075053987479
56.416751577665003	-1.2407444901459315	-1.6012911578115652
56.498755640656263	1.6681597786461351	-0.91462726048926024
56.825065669456002	-0.46739054095182492	-2.033197656118432
56.070628559938683	-0.12843817821984185	-1.8865388119511266
56.270086872428301	1.65715186226093	0.099006611399526517
56.783594075432887	-1.8451901400119857	-0.39957646402733521
57.004405969210374	1.2917944821165015	1.2914626019302271
57.388308192982372	-0.47619536367915499	1.815323703272717
57.468934456577685	1.9913981226269351	0.044767741228998716
56.849918953064133	-1.6031502811136686	-0.59293271249745083
56.41396603536014	2.5533616173501423	0.77522861111598029
57.528749481428463	1.0593958782549078	1.6761910445342745
56.819857594764272	2.1206564307085682	0.059239968728597367
57.751110717963883	2.1101775908228726	-1.0026817354526745
57.12544233493346	1.5175968426803679	1.0448374062617911
56.323287407155547	-0.97579534491911002	2.2457512374612207
56.380168625074802	1.9191342474429165	-0.89697007450257915
56.973267941703014	-0.98378023639022461	1.4461036154929614
56.504674160860347	1.6987004719181584	-0.34746907399984678
57.174405144354338	1.7843543980783816	-0.28537562580847908
56.019785618735185	1.8876611226705029	0.11044248247495475
57.434772470356549	1.5336711059464616	-0.23600127917679545
57.200573544970588	0.55458844126010887	1.1272375927884002
57.303990047158123	-1.4324531360598778	-1.8874568439991422
56.62375425962729	-1.4158324606546404	-1.1335044899351441
56.28265609322839	-1.9320048308851305	-0.98858264308544785
57.705727370457893	0.5012187470989875	1.98572735293433
57.465974281298877	-0.92942952702171366	-1.2490641531033233
57.185379585360138	-1.1207737298106319	-1.1114003889179831
57.093236318386303	1.2825955216847675	-1.2465861802631606
57.236486147207259	1.0736278589049817	-0.92874593146620654
57.901775330887155	-1.6030167110671465	1.0615741382544119
57.103703756536568	-1.6105677691325082	0.59050123673820365
56.523071486669373	1.1936516676581317	-1.9152471723329829
56.238320976541218	-1.9001663016907289	0.70716159416151569
56.376978172181829	1.6656163716066323	-0.75883796814882643
56.108570850569215	1.0720979435599407	1.5354099127109817
57.16020490942514	1.9821249264682796	1.2446728182974782
57.799019019987057	-0.9209399930548815	1.7974576841423369
57.511518813703198	-0.60840341957800104	-1.9665392704988833
57.540906730978087	-0.28454651188581631	-0.66177935940457389
56.530722660640244	0.85326018508410406	1.3709993622292633
56.239502844537284	0.35380873200293572	-1.54957062957587
57.665975640102893	0.051563929600654916	-1.783448261355592
57.908214507361457	-1.8631781609170095	0.71431097326816162
57.22580172972895	-0.78123013123035034	1.5629366029113378
56.456538773107361	-1.4906548463427711	2.2022240958742048
57.999830140597886	-1.3747186110019614	0.4596695734319724
56.238795441947232	1.5267728096200319	1.2753149943696893
57.60467942826839	1.0227222466749566	-1.7239354266166069
55.926938883352541	-0.14154318912969033	2.9195937505320728
56.758513325795846	0.52158277910085604	-1.8109070759527206
57.820639722424879	0.75975499313809425	-2.3475939728842583
57.003459607219789	-0.41422335177733943	-1.9998645582419665
57.59434225186574	1.2297738620803973	-2.9468751744638371
56.923314320191707	2.2253766633071286	0.83692407463453944
57.530155727129312	0.71296814375585837	2.0073361047229064
57.577076029580759	-1.5892459915931629	1.0834161485128377
57.374538908781844	-0.503356877707687	-1.8264240477095852
56.94114882724184	-0.97860496322378898	-1.7689041182387513
56.962205531118286	2.189196511652471	-0.69763781686952619
57.193989036050993	-1.7517124923525118	-0.87679348989031514
56.737370000918396	2.0344931586892421	-1.0636210605991021
56.124863514007004	-0.9678682650932845	-1.7118752446106547
56.629117825399234	-0.37636618528967514	1.9173994436016182
56.355254058120096	2.348331949216667	0.35913039462538743
57.441846850462703	-1.9206029966228169	1.0360093684920919
56.220687189924718	-1.5934859164021415	1.6665434732031696
57.646939691791886	-1.8098272209803066	-0.96805617566471025
57.247180305158743	-2.230608503879167	-0.5400201887628594
56.92984879690335	1.3200688441578625	2.1858898133507862
56.918565334159034	-1.9090453957359761	-0.96694448506987218
57.589657787492136	-0.91411961811184694	-1.598659741578389
56.378127084376146	-1.8140281737626027	1.5019305760357784
56.657043164972812	1.7893153803937438	0.78562707758554884
57.3525704782421	1.2112714823971993	-1.2567532499927461
56.58445806955725	-1.2506975416387356	-1.142897438015462
57.511809740415451	-1.7347326229581963	0.16886226016703429
55.936698311221043	-1.0574001088228415	1.2644136092968523
56.876908809990596	1.7506232523739449	-1.2477890696636293
57.66582245773315	-1.5384492885012779	-1.1893004820366431
57.612766270587692	-0.26555636051513115	2.0466246765800005
57.384284248125041	-2.3071730879075605	-0.1039630740598932
56.684204678998427	1.3288501022898505	0.1802300589904352
56.694810104678567	-1.6215940608972232	-0.1318168912787018
56.09682138292213	0.34616062765497979	1.9952013838414528
56.040287459307571	1.8048543807745381	0.82208475171335404
57.442974776785327	-1.9845405249001635	-0.81892652674847721
57.293393861953867	1.1662334590553594	1.3360316052847054
57.408014981230075	2.2334067159598505	0.071621861779283633
57.277489062827243	-0.99260963826242521	-1.553212123029251
57.679703737274998	-2.1060470163364671	0.33560778913529338
57.025784616538623	-0.80485130294213236	-1.7650694202239336
56.345548102960286	-0.66007642782610676	-1.9532351952462561
56.379347704684733	1.9895580775396509	0.098498186306896496
56.875352344423703	-2.2391473623653737	-0.052410893719544015
56.049905816615528	-1.9347774946643688	1.2830868565087468
56.850163931420859	0.061998107533508082	-2.3997798803298389
56.884830915578561	0.47303285474043572	2.3167444281718357
55.972247797570809	-2.0531995462335297	-0.84867451729015353
56.843520914346385	-2.3569957060704567	-0.47520177569862504
56.863785137152249	-2.1904546341382209	-0.52357605832907073
56.311490196234089	-0.73266241700726531	1.3977976838690414
56.219670467402899	1.9517259026179286	1.1975016717143512
57.199684063896882	1.045933759459716	-1.7361046610844246
57.466633586125113	1.0073995350065317	-1.6801074142319778
57.826692482828719	-1.5791925003020542	1.2204521997127518
57.818568841066707	-0.30482194710864391	-1.8723277863935737
57.138859827035567	0.28196119170099548	1.8985029199909453
55.987076512038016	-1.7967303584186587	-0.5123307572093625
56.505418830279886	-1.2852545177248949	2.413057235802861
57.372412382124999	1.1515230556829121	1.8049468225052643
56.030286975100019	-1.9396583256446083	-0.37779422571492305
56.609689014448989	1.3648774958699119	0.52289579351890381
56.794683265506762	-2.0764099379355438	1.6804244962186903
57.022796292984303	0.060107948909688937	1.9855481783255537
57.148428078124226	1.9042192805200433	0.76647412269365933
56.387338639466932	-1.0259252946447057	1.8040477388419764
56.285496296492774	1.9881705430399685	-0.0091748916908161778
56.074055122348042	-1.3790112481519612	1.8361753801615852
57.100818448731495	0.84051787714724058	-1.6524350446376661
56.136169945464317	0.17741430590912993	1.9378366062551464
57.809381419607888	1.2528713630345281	-1.5229068239791126
56.315563209311165	-1.0401369361903781	1.9087604770375619
56.969270069958007	-2.2055136917276856	-0.88504960319747095
56.038860070123498	0.89329821606598303	0.86863662613440062
56.122431987748563	-1.0830296764968257	-1.291403821969493
57.881944484330454	-2.0257131850984487	-0.56976106178697683
57.226508981127047	-0.086687261043566347	-1.662465163017012
57.481471289095893	1.8215271369077026	0.78403134760441329
56.313384231294513	-0.48723752450332425	1.2250907252550853
57.244963922923567	-0.60876241343021376	1.7816265045262509
56.115254272008436	-2.1022439868279608	-1.1714149129801419
57.856871206033816	1.8085827621345367	-1.134820358209236
56.769207488605574	0.33574522956673897	-3.2712893598604493
56.293838442775979	-1.0845459273886744	-1.8805920106649197
56.870881954792623	1.5595026041651419	-1.0562422438527759
56.972398565619095	0.15562690828203912	1.9197100717757729
57.000910852655174	0.35126942423197033	-1.9501307327012272
56.270282404864346	1.816457707694888	1.067695427412465
57.553269196777521	1.021720796643466	1.8067709223882584
56.029684732378222	1.5834630447322555	1.2647318612530538
56.280565553164458	1.9826501334750295	0.235103197995297
56.89452620126665	0.57270303586015736	2.4532921813464794
57.040880781533673	-2.0265381293918714	0.042543183078007342
56.218799888716632	-2.0148182859303181	-0.26898237069147185
57.474478769639255	-1.962853563331644	-0.43639787109516981
56.404434833558405	-1.1759961575845965	1.5918722717542866
57.265808703520847	-1.4897851566464499	-1.3315350468848794
55.938641957948484	-1.5839884288427721	0.24791457781598181
56.767963999668211	-1.9052623005865572	-0.41695286659839148
57.570932990120944	-2.049723405911748	1.0655423889576905
57.382093295551286	0.11024917835616853	-2.2642650956791699
56.333767401786901	2.1875638231785959	0.18822212383438089
57.677491345097792	1.9840125705822151	-0.038980405410942762
56.413923973374843	-1.9792184841502416	-0.21367505780651674
56.06279815027181	1.3111137544110298	-1.2202880234187705
56.498381432507195	-0.013192457988295866	1.8055825082441515
56.526112743318969	-0.65875653636109344	1.9521102408547433
56.1152513158357	-0.8180455125823124	1.6155915663172404
56.424606755251993	-0.72375529864746169	1.2905312187309423
56.555510860928884	0.085504961266353846	2.1448832557668922
56.540582830589578	1.7967870098750198	-0.4398518997768821
56.095609222751527	-0.020818706579516715	2.4867367676685026
56.160456944067093	1.6509466025594053	0.56711579354235797
56.159626489780486	-2.1394279763344954	0.3307156494097237
57.683403535168999	-0.60261006486139346	-2.2032983570293307
57.070586104979554	-1.5506359121057431	-0.85588542586448357
56.503723944955723	1.9707730856956378	0.74684512802757075
56.589350890032961	1.2515797422970454	1.6955993306050852
57.121133372245701	0.66807093654540539	1.5665680611497268
57.687783893487818	-1.9452705124007206	-0.7165410634305116
57.374824489580504	-1.5368461568051088	1.2763441098262367
57.244124126257567	-2.1842275728600229	-0.33308549292241624
56.144287313293319	0.35936328386030075	-1.5437529565569796
56.8328632821543	-0.18235782434647296	1.9148795325684216
57.310237907337566	1.4709146841881449	1.2342373341845208
57.233895353235766	2.0710722948718359	0.35061438985452004
56.91153757562514	-0.090563748202004218	2.1363303730965297
57.874761480652481	1.592520355734188	1.7493237614719983
56.763895339393954	-1.7166932072192131	1.0988953445252145
56.23168275935749	1.8345150493634241	1.6522995373920839
56.440875273450182	0.40664220123058609	2.2698149449715199
57.376838816508069	-1.9314501428595883	-0.3561670229752073
56.149950065027902	-1.6797950130444683	0.75670210067220667
56.786041682103395	-2.0494944556139498	-0.87289566761841586
56.015302777984374	-2.2409617374581701	-0.069743443507505276
57.55372592328159	-1.3773191896797483	1.1912878438903245
57.670715795725009	-1.5930976170370841	0.67995088901444989
57.028909616475744	0.66614420934997787	1.8407768629918839
56.583496322207267	0.41683911712284621	1.8514778001921806
56.368448706421503	-1.7089780419580356	1.614152199739133
56.520363984506929	-1.9581437705464151	0.13591761950792727
56.267401738471904	-2.0226007574483669	0.097347874007374408
56.121360543212433	0.7981669267672582	-2.0718950334604971
57.403445942662756	-0.57080388389688175	1.844348683831492
57.583841053337451	0.03442508677413432	-1.9807769785078311
57.324852572185193	-0.27055855348077534	-1.7630779471706326
57.377062816016767	-0.6580118292095436	-0.61897735554403455
56.845939832933801	-0.52799692764684791	-2.1879550258418936
57.761063944707516	-0.32179923860929599	-2.0068028570720493
56.248954816545705	1.082273670257351	0.12320876861688651
56.685854607430116	0.42591043962565073	-1.8742738231497178
57.555272519290142	1.5578866235458746	-0.74020812282447135
57.826129402723616	-1.1027798433618667	-1.6225387194484815
56.32126094816369	1.9013087878710677	0.41273371275934412
57.040100214823312	-0.29172237774180038	-2.1255232726999784
56.648967504983482	1.7791679759275683	0.95083342759428224
57.651645103619018	1.5310758700108227	-0.11637073622031317
56.348339849333946	-0.25950668665418553	1.9434873699521711
56.994920296916234	-0.067807312177609186	1.9058201424607377
56.971506888786074	-1.5558829184810814	0.028447157720812046
56.446191184794053	-0.37394109896608313	0.73299507488057558
56.179890915501531	1.3974920768004566	-1.0695208811909303
57.704150141586211	-1.3953764470197811	-1.3099361880413427
56.143928407434103	-1.1663389291710571	-1.571311603065576
57.405691787541713	-1.8336672484278744	-0.31095782968029556
57.792478548561434	-0.31868578861373831	1.3259329254968919
56.8822814325789	-1.0025335160683684	-1.8294195608209258
56.622543169696534	1.7606425077341961	0.1821647089178865
57.550213394944201	-0.12060685630387581	2.1099817684156714
56.67680483657842	1.9328518434682609	-0.56078087083884087
56.50594964346741	-0.13092842416776171	1.7653150036163026
57.775190998284145	-2.5426394093014446	-0.48453874371353933
56.466093935970591	-0.66170234605255318	-1.7877687834158724
56.662100328946948	0.74649491979461291	2.159897111311325
57.652385140695756	-1.4056787821359817	1.2712577965080305
56.446152808664031	-1.5806191454206346	-1.3408072413208696
57.010607063833248	-1.8158361066343389	-1.6754277419462142
56.213816501006889	0.27388921862170346	2.0843289710555695
57.589813709806691	0.3914047971810164	1.356285100237155
57.813639334422795	1.6602248479225641	-0.71959113369378735
57.074514649376631	1.6457383217138744	0.30448372458120576
57.766074602852527	-2.1710331556443254	-0.75699604724413616
56.821795058518362	1.5677110682338751	-0.98853982060957846
56.258453227734805	0.052591165805211011	2.0005280777834251
56.038999069438461	0.93014281263422571	-1.4904444820964586
57.813027036628192	-1.997097427184934	-1.2447336704354572
56.118752736945481	1.8618320908038692	-0.79056720677213821
57.109712241123894	0.14662687198507762	2.3541619860412908
56.795546760393478	1.7522267788641244	-0.7634945919198306
56.981105140650882	-1.5349783454401784	-1.794581204724081
57.905270490768217	0.66639215428998155	1.6471886299811143
56.724769313704961	-1.9443546892217574	-0.81152393342585205
56.481878767385837	-1.5300644231690979	-1.1683273573447701
57.802039483059019	1.6992112053325166	0.79389601259871745
56.852216274510305	0.72705927405633353	1.6616181180633762
57.751942354253245	-0.35746760834874325	-1.8813899070159834
56.328134918944976	2.20090054066306	-0.059313132345785433
56.715267562355507	-1.355104658944517	-1.272073336545358
56.031403315432421	-1.9689783017382918	0.39316545622924826
56.337900851140056	1.7818361222731711	-1.1769015356477204
57.856746186765974	-0.85713190309580012	-1.9101004744378536
56.075062721972699	-0.49490308885748729	-1.7427523978815829
56.859315370409	-1.6741607946718549	0.16455516243731386
56.497780409961138	-1.2321677637980208	-1.2452707208659732
57.787003377847462	1.4598520754737414	-1.3227456755099496
56.369122313144466	-1.3973974503460724	-1.4386643360969615
57.739814296882926	1.9595722583987274	-0.1218715525069641
57.097015115406386	0.82166182722591585	0.81448123884060342
57.725005035459468	-1.0594655736111795	1.6027783992865277
56.181199127639893	-1.9091855896298822	0.44369713098570185
57.638979752693267	1.6830773808377824	0.32909073455706039
56.384401502730285	-1.5317875112422155	-1.1179548307538771
57.200073811682628	-2.2945550788968032	0.25080496512011369
56.468948802770356	-1.5847541488096906	-1.4808790577031974
57.552844937305665	1.2281515625783805	-1.8868739349467176
56.492560806813081	1.6842788227628058	1.5780813386630386
57.614956879657896	-0.4869504514653139	2.1700499039884225
57.852183671785198	0.94259172305780337	1.9670696775943877
56.233922959581079	-1.4038709269803269	-1.1978005326660728
57.642430265747571	0.30545662481229696	2.1092046820850792
56.576561656720891	0.5743632649300382	2.4253484765326903
57.286039613624212	0.75059030989702602	-1.2209118856121961
57.677286033893843	0.56681563713871308	1.6113752508512638
56.375664052854489	-0.30201047547673271	1.1086780247043013
56.00738238351488	0.30762085685947821	1.6557406577395459
57.730737678713261	0.72164907687315161	1.7506210107249407
56.807724442275926	1.3797866859329775	-1.0576011134194399
57.41270782742739	1.5167784363929901	1.0453637650886192
57.560160217098947	1.2646403121663017	-2.3364750382799562
57.287867754834203	1.7722202502239128	-0.50118405513557196
57.000891906345423	-0.33839330950162011	2.3208433416103733
56.266514664190254	0.92705474357602602	1.7326392954966514
57.317086751002037	-1.7668644681773793	-0.69894851773849309
56.289229146661796	1.8971079116478913	-1.7797451527221542
56.161676081956195	0.019116988047830033	2.5196314277211047
56.547794964292109	-1.9115058528983961	-0.3191412632419619
56.987451894427132	-0.81782982631185164	-2.172388379987269
57.357420711823231	0.20456025565220751	-2.5637636421980967
56.951555297220061	0.60451913920061706	-2.7435199888049158
57.472779903042309	0.88143333712875582	1.3475256854880069
57.203537599772076	1.5563583734916249	0.34431034191161014
56.284251276680124	-1.1374150120996909	1.6387272751532846
56.92425507683344	1.2553687834562661	-1.539061778646349
56.61160816083401	0.0079639561634332803	2.185919052746562
56.267708291785453	1.714997603552038	-0.3318162291834903
56.570589334181463	-1.6469913229484949	-0.30605615959493271
55.958201611851436	-1.0260345469920111	-1.4391773305272619
55.976628266759008	-1.8536068729219894	-0.3871714302484503
56.018486591841132	-0.93421606540857827	1.6019819413596257
56.429074598288842	-1.8738602087019316	0.75074139853280186
57.07418298188621	-1.2246600218513146	1.4570786950363916
56.460880902511498	1.8163434296999461	0.5497871911783121
56.231102139993716	0.95856988889731021	1.6367889127184525
57.206909655167564	-0.60375928067850315	-1.7204186027088064
57.173925040452062	0.48155317874570125	2.4559431665476126
56.953500447494086	-1.7751591482620539	-0.89074882043861769
56.988268064441293	0.68659626595255996	-1.7271867185601335
56.422958751847894	0.49731720456504241	2.1967791081973207
57.101921142537527	1.2822811384285644	-1.2618517458346625
56.309305068106063	1.4734030496268582	0.58983338741007041
56.003102819073703	-1.3795300650768652	1.2607520356837925
57.648506147555025	-1.2202569420797567	1.1929580336386436
57.627198693988767	1.4599733357618887	-1.331768927025772
57.823825901774221	1.4552964761749831	1.127914652699326
57.176362880499461	-0.21606379581098137	1.9423235839664355
56.752488458046869	1.4569243997152419	-1.3015569973970422
56.035322982131909	1.082990636755671	-1.7132065643385499
55.986873116238193	-3.4107178422881153	0.94913020019777705
56.227829624947269	-2.0881298601756568	-0.57434266680910673
57.762737795193488	-1.3803207644138893	-1.5834172047865807
56.636879940998483	-0.7985779716301481	1.9811245886384194
57.719153242059299	-0.096885013226229874	-2.0710110599418567
57.63891388216944	-2.4061046370267452	-0.40936193645523317
57.152504678198227	-1.0944233566517552	-1.7915466812213952
56.036965665644509	2.0324010420219993	-0.47687785591800791
56.40791035834247	-1.7710255921669182	-0.16721840466964302
56.174252878650378	1.6650829093792117	-1.1254255932746549
57.491914094880805	0.34683895838372569	2.3259802092257087
56.675010707158009	-1.9713728152874643	0.001023350257225122
57.412177891777986	1.582624557542057	-0.73074174277362924
56.153939227820388	1.2232788250514484	-1.6137930811614234
56.124545434927967	1.0512658411005797	-1.5382347829232266
56.447119482647025	1.9250049734311296	-0.21240997323296967
56.376244550427941	2.5671528794474519	0.80051014406876009
57.267913927332074	-1.5690297042556558	-1.0417250948868124
57.592949519911386	-0.73715422286704535	2.1537498079717015
57.698709114548862	1.5300726766108255	-0.97623606232970717
56.277756983234177	1.400540575790207	-0.73537743737031636
56.122747509456026	1.6046826256603581	-0.92880342257997806
56.984104280821356	-1.6819691486939228	-0.80813739696879028
56.355315450063664	2.1225635031667656	-0.27762409796315557
57.441827285131673	0.012228465108406002	2.5674226534633395
57.189677866425036	1.7700810063290717	-0.95492151850968099
57.868087531127181	-1.7857129922513688	-1.8739564557275028
56.200022635248644	1.873344838581767	-0.28321608282964894
55.977198814425435	1.8125014275832996	1.2913879494959808
57.710935625984682	-2.2317138261715384	-0.25689020016667141
57.871558306851263	1.8354396112202247	0.7716961277089982
56.1632617575494	0.72165961807508916	1.6631367078559023
56.954276880111692	-1.047860475166575	-1.899823262971577
56.178846779826635	1.7142648291507405	1.4447133313327569
56.855176514698712	1.4736461976885877	-1.2312011927531716
56.296946444736257	-2.1420671562482694	0.88665216892337895
56.880424702792318	-1.2084961630607935	-1.0708464185460971
56.80012963958967	1.9823754561900011	-0.38040071750254906
57.133224372836857	0.99054653776217982	1.572044957539247
57.695537795702322	2.1128542289030934	0.81217846674665573
56.594633917455916	-0.34377286294792719	-2.0606654886410274
57.62211733162453	-2.0431016469708481	-0.47160936653179153
57.526866016576385	-1.4242127054449325	-0.97184341836814514
57.214265328628805	2.0635408892231628	-0.76162673052352103
57.05228949811093	-1.1247051272786626	1.4971187949359639
57.205383468088584	2.0618834549994491	0.38080816212578134
57.465146019545166	-0.21725933729425789	-2.3489844885702538
56.716488985755774	-0.54478009821586826	-2.0092531526254427
57.511883893633552	-1.8845115113324167	1.1328232999347723
56.071572264694822	-2.1743000287404848	0.19925532313515282
57.07058398146777	1.6991618402066535	-0.82363459680333373
56.528244773539299	1.6557402924072413	0.84010956770332379
57.187534077000905	1.5902775174957213	-0.030677250014922421
57.771694179269502	-1.3037865277873493	1.36831837466867
57.799785769325382	2.1823827304626526	-0.71544914245360769
56.041903525001921	-0.7420868190188401	1.5621411002224135
56.951045701947741	0.89413575749745489	-1.7728042567691886
56.011465350889956	2.0628718590016915	-0.86733675528796206
56.573311041301366	1.8570683046094358	-1.2783557268660897
57.141056598908278	-0.058850330318175353	-1.5473171453767358
57.718979468884996	-1.8924359281123371	0.5705641852412574
57.41484487995092	-1.6090336918265782	-0.43730246479672846
57.660979829101983	0.91478987640231646	1.5705167887071878
56.766768775854871	0.82869635921179929	-1.1313473202090036
56.418993361971623	-1.4422785438849623	-0.88307016356166002
56.430666261330529	-1.8438089678231542	0.68742927819607991
57.354319293046991	-0.70422202435046155	-1.7418059460352764
56.56624141354353	0.083068542505668058	-2.1259367307174433
57.248396771764078	-2.3069834864160477	1.3648762531012797
56.307284384619322	-0.21050054097447135	-1.9066341163928902
56.198334295151454	1.7206866849711349	-1.673212619419308
56.987863575192648	1.5129867541485007	1.03702484782658
56.939500297207019	-1.6273378517935233	0.7671872758166004
55.989588513706472	-0.42657996674381427	-2.2600142955198028
57.254315711772279	-0.17560373310856939	2.0006550571838448
56.887327695551889	2.245077866296965	0.61662569915345755
56.315618089252027	1.744578836199062	-0.67599259742141804
56.8697465887428	0.51741254467803377	-1.6778696792555343
57.318229062730296	-0.068126585651678298	-1.9805091981731937
57.210228241867966	-1.3414223262724418	-1.5296700147389073
57.34420996681262	-0.55830578267390163	1.8582457184515908
57.547045614333719	2.5241287485489083	-0.96316036027966345
56.786143929637994	-0.96928652948203919	-0.77203414101806722
56.737335363277651	-0.23625918971484913	-2.2937485428914139
56.788629712580708	-2.0604494398776034	0.04544081102489881
56.422746991524896	-0.23348274797689061	1.6017333825579043
56.179724211952703	-0.71157456102437044	-2.0164241677625232
56.326700051881687	-1.3187167342449653	1.7651604669559549
56.956256334478006	1.3959934795221058	-1.5802115718445726
56.318813438895944	2.3838031308861085	1.7840869101662695
56.532874852690476	-2.0266933018785909	-0.36160816981646954
56.011510027022148	-1.2568584300630452	1.1924243456815411
57.744070939269008	1.6648517580846218	1.0844325124520333
56.301219341708745	2.039396659046945	-0.56147373180722282
56.616121776086423	0.70536768775963665	1.837273158347021
56.049661567754654	2.2609664417912501	-0.16649572379626779
56.40810198239793	-0.77031660347317255	2.5632989803939847
57.7451188405633	1.0115991318288626	1.5320592902137451
56.184490348522132	-2.2995836851733551	-0.16852477344242919
56.233407139035279	0.56119614594396572	1.8870592803268846
56.858468462302085	-1.4838596870628522	2.8214593088319395
57.823267650943542	1.6047938040459124	1.2272904237925648
56.861515502362487	0.1347920293279028	-2.0859224287674252
56.875753529657722	-0.75337289493910042	1.289687196548398
57.574635316494671	1.150047977961532	-1.9103006174003698
57.79005930588778	-1.4532084828971856	1.5543149088771235
56.341372217538463	-0.80219984073144746	2.4221169472914097
55.912611163013963	1.8004767619408657	0.35121887201141738
57.586929482144001	0.72361566166338409	-4.1154112140529824
57.650845409565079	1.0846587239923684	-1.7669742680189631
56.553201390565796	1.5235294739626908	-1.2989619598076372
56.056411684318142	-1.9943182150780625	-0.53766034360719728
56.599177552827996	-1.766945311767997	-0.67345542650794255
56.691463898939958	-0.068145486981579337	2.2427048378800571
57.676704764926946	0.064365630616860056	-2.261857779721109
57.865422712763383	1.505576408225225	1.5867286371607028
57.724852354340726	-0.96029926657264575	-1.3493089362543906
57.430828164351603	-0.89041580157104827	1.7507461051825433
56.147593072088917	-1.4844495502868722	1.5244564923549631
56.731568576182205	2.1643214127858723	-0.31967759128839568
57.456355305866147	-1.4031925669017962	1.3253517310865315
56.305091597626763	1.2083719488049345	-1.5558582651420432
56.149319971994039	-1.1789786417294541	1.5260682976503972
56.807087979402652	-0.10451166080627265	2.2272085413046985
57.859204979589961	-1.9114161618811329	0.35683086673507797
56.257316827332389	0.77202980391583409	1.7875505500379951
56.643256971186666	1.6875079875307817	-1.4209750792759783
57.335164806308867	-1.7987383193315616	1.2146787532955472
57.439171861622945	0.88521941636003343	1.9531259602375357
57.777144019637902	-0.13238150380517835	1.7099911921639568
57.752145610182033	-0.44506859859222553	-1.9982183095551189
55.910904565282138	1.6905192605060215	-1.1678580686021827
57.578335798138703	0.55471727541346927	1.8962228088214739
56.359640383066115	-2.1954036937207753	-0.30660039375394366
56.955479177553052	3.0828839928422966	0.2048251181110059
57.420628983042782	-1.0116655445456753	2.0465794340588035
56.437714082598781	2.0233931914921954	0.40477977898018253
57.550106870402736	-1.0881682513092839	-1.7935123326407025
56.487491186890402	-1.7131025350104441	-1.361826243641898
57.053615008063517	1.383702289886904	1.2905152924031325
57.455359450342165	1.8142214708932971	1.1035645672433323
57.799651110360671	1.1625910550924463	-1.2630643075504677
56.219395651295059	-0.93577658387826301	2.1443232982802085
55.94342823615164	0.23595507235497393	2.6524161230031327
57.380465028183472	-1.8428976394891208	0.91161433501366607
57.829129516993568	1.29667525318627	-1.6613556587810629
56.700609868202072	1.5517723738792186	1.0713200690737497
57.553803030526474	0.13185306866077731	-1.6442720404840461
56.514405237880744	2.4174506171729324	0.049086939502541366
56.806944960615731	0.91062716459413628	1.2805936418922086
56.402579965300163	0.91707138442048375	-1.9011736131877486
57.203646862046369	0.75989521741656452	-1.7578145335087492
56.367913444549295	1.3392020330408529	-1.4606838591749152
56.321233429204177	1.2751103309133625	-1.3581272472322941
56.536450923379469	1.2603829868194294	1.7516592883325743
56.711303594544759	-1.9564298689360045	-0.94312764416163053
56.655798535018199	-1.7232473902264946	-0.18725336758088748
56.307222729335884	1.0610354670712436	-1.7750635713464118
57.914796988672684	-0.56014538404567837	2.0016012123807059
57.603958182609922	0.29235850061378116	1.8478029360751269
57.324699561318774	1.4475160828751958	-0.71946656250514907
56.994260420033207	1.35873067019208	-1.7635085727020159
56.668785949972282	1.8091745176193692	0.15520552437945537
56.413764120925855	-2.2034393988554366	0.96114691771389416
56.752542436124344	-1.9617088720444074	-1.0004497907927272
57.914956298947601	-0.017681395654649483	1.7992622874046014
57.737683443204411	-1.831508150559392	-1.0130719133716104
56.645379234493724	1.8837396680628109	-1.5150649325992032
57.662356402894261	-1.6387784637410132	0.89503619453482142
56.938122569759386	0.45383912880952659	-2.3177695798281159
57.102919170960632	2.1577670525957551	1.3152508124067079
56.087772216890286	1.5946384550692223	-0.90369936961477826
57.574334328456537	-0.88168985213183415	1.2471364736642963
56.542357805109312	-1.7794457626263847	1.2188533451810932
56.989107844987828	0.23490851969044904	-2.053201598679506
56.18870821605524	0.88780376525353677	-1.8100266433376357
57.440597419865838	1.3869285982669208	0.35633804010261777
56.644159087100654	-2.2150730949094006	0.49713536530570301
57.64670545060288	1.8486129898928163	-0.011942072637794459
56.728411998435412	-1.9126165648398987	-0.28260564559820839
57.007808990010247	0.89466517673621682	-1.1557875493863106
57.33417099480851	-1.3515880348260014	-0.92975293151173211
56.372188482309859	-1.8684417951727978	1.085169875819767
57.203753285662494	1.9812442085586879	0.59276602044197779
56.361741051839132	1.0912169033358601	-1.5835102856086207
56.399393460221461	-0.24961376694527498	1.7121281169255937
57.774368182073346	1.1571908198308474	0.99195483278038676
56.38869912963488	0.75264179488437033	1.8552927113879896
56.44560798599543	1.8353806625903517	-0.78823262148707529
56.152986352521772	-1.8147252424216747	-1.1456846043557207
56.337263107898394	0.2482431708781625	-2.0622019206358724
56.469674458511641	-1.2341018339638958	-0.47905422940459069
57.810666828913149	1.238302593426692	-0.98363750240103021
57.934554477165975	0.11298649131269661	1.8385811425838932
57.154786424157706	-1.9545614608973683	-0.52774201968909329
57.261244162982706	1.0160812924043516	-1.13604127060502
57.123770300247486	-1.1401621884535669	1.8407733729081943
56.13549700790189	2.3139564190095845	-0.5900053361434936
56.147333299005744	-1.8921896271460534	-0.10161960745823734
56.226281882662008	-0.20122178610147584	1.8765269358005516
56.595385224727188	0.78078066942945745	-1.6811532206237063
56.214651001368821	-1.8730065202279438	0.29434004461397856
56.324949838957089	-1.8919211854588796	-0.93220534993178039
57.792763439532571	1.523565053412242	1.3581006831931228
57.007751145644093	-2.2067035473305707	-0.64003757465523237
57.016760453564245	2.335380216207386	-0.46482344054418162
56.953926251276314	1.8524589847634845	-1.0860258476372968
56.921627879137816	-1.0340225271226728	-1.5792400561274156
57.139570152683227	-1.9207283239616524	-0.36338692221168178
57.656740251606053	-1.8738976880782863	0.13140719967414516
57.855732598062048	-2.09251021362142	0.18788253742666738
56.692019111850001	1.470155369568106	-1.562350290408435
55.93430955902771	-1.787977880297855	1.4581817589659956
56.182121771268321	0.92389406565507837	-1.7507703685849341
57.682218651041126	-1.1047454766976028	1.8564251250323176
56.893399934553408	0.17420154614562197	2.2248135610980895
57.220781971839507	-1.7098027448051329	1.2350342369304477
57.36105939945466	-2.4626109088708228	-0.24360027126163245
56.506790065923937	1.526805279552587	1.1178810563355139
56.766595340209506	-1.66155749551101	-1.2645550277986579
57.799541709536044	-1.0622842223882953	1.9779807936641849
56.911209549743496	-1.8985614354416664	-0.32866600880779939
57.404300877783307	-1.9080724531797846	1.112016897365208
57.055271314809133	-1.7063039550839094	1.0355748401631641
57.732347484617094	-0.7639732658062206	1.814070876345494
56.311333612282262	1.0374688111994557	2.0098746082407564
56.749592501460377	-2.9641571960161159	0.80203247562866031
57.59831013639792	-1.8454024103798896	-0.22636998988705226
56.872885121133251	0.80622089499073102	1.8380240034582624
56.32508671069926	-0.35990162233088646	-1.5335261652114731
56.647850248011046	1.7323330366417959	-0.31782036636581434
55.874122179198679	-2.0607632261641502	0.81990800107112793
57.631775869413779	-1.7174733807914695	1.1952409223320435
55.894180225996351	0.98259548808576225	1.71529869270477
56.109866591559786	0.16966628037925119	1.753563160212974
56.880897454902765	1.2568769914868418	-1.4376298691030465
57.696992739968415	1.8840247658280844	0.15947890439303017
57.792926731043842	-1.8646348738577525	0.0099516798811489695
56.728123588757121	-1.3871591408763901	1.7753968252412009
57.698743651411959	-1.6776099112802778	-0.61152959765021841
56.753414471588947	2.1921785982318944	-0.14894633610527336
56.050790333486646	2.0263890799693649	-0.02838335264413952
57.494860179093521	-1.5443906811289465	-0.28827151606569668
55.957249873764162	1.6553069780451781	1.5330562749580978
57.013325511391955	0.12726066315987281	-1.8566067857977591
56.608832095236522	2.7525483134636328	-0.15300730029283707
56.996188600793324	0.65894531782632815	1.9328730842799844
57.264526319481028	-0.60807171428090356	-0.8491880512321669
56.332070734588321	-1.9148434330594233	1.3495333597333032
56.384907320151335	-1.1401966424020433	-1.177383108268707
57.50041111971813	1.5991745188178521	1.1646805294305467
57.133554431902141	-2.3512555314401622	-0.86457425746240357
57.552450982875307	-1.1323076772451739	-1.3940672834241241
56.348418797491604	1.7448629839452388	-1.2394589445037687
56.194631855930666	-2.412621656206464	0.65409989804745305
56.410881259162849	0.83981454545794976	-1.3812146767440083
57.524534383356446	-1.7353864008633704	0.87377400566761654
56.257317099631905	-1.0124209871158871	-1.2805527553230152
56.962906651189584	-1.2728796470779942	1.1490533053709089
55.990393323431562	1.8382130992794752	1.4725833247092419
56.968507914618819	1.278024160518193	-2.9994542668359689
55.785579285857338	-0.68734428829337313	-1.9285622814083783
56.494759867173393	2.2562016679456911	-0.41996623563160357
57.678736403974575	1.4022324758654989	1.0327074685943138
56.749321193607557	0.4984966486502439	2.0309852605441083
57.45456036680234	1.4991334623219463	1.2733810496278501
56.654657349602822	-1.6730219340412982	-0.24881834928240537
56.265048392152622	1.5216486194104761	0.81003282051123371
57.651851295445695	1.6735183203363853	-0.58576999843616462
57.792988578786314	0.61689955664000495	1.8083810073801094
58.038145937207098	-2.129501263080094	0.30455108637650269
56.334734776027702	0.4256153692920977	2.3533455475055693
57.091877470973692	-0.66256871869583034	1.4379053256395706
56.35940335796402	-0.59091304610650675	-1.7098252107095087
57.99157020862873	2.0104221844131591	-1.2419716887386238
56.032239318189205	-0.71593305980278965	1.8483650304648422
57.52986706648278	-1.8026555232595345	0.5535625408712046
56.500918648295226	1.571419683304569	1.2534770568351385
56.702106389016002	-1.2943582348678466	-1.6771106133619937
56.970818806829776	-1.5285672661551879	0.81097042569021383
56.641949726288523	0.040762617153014671	1.7213388309791438
56.19885623636803	-1.7274245506004868	-0.93497989683186211
57.164305600362972	-1.9776966816709962	0.49715535666261523
57.454666533730943	-1.9535296389240902	-0.2017020140754347
56.987128349124845	1.8287951041441495	1.2710212460012871
57.663386137424453	2.0994569626137038	0.072379891182919598
56.406418772395291	1.4538961210726644	-1.3452079103609502
57.718278616079736	-2.3435008206474102	-0.25843310716586637
57.061533873006901	-0.26308295924954728	2.2316592684440644
56.943603783071005	1.8453932606161805	-0.97410472478058485
55.891073365824504	0.75800609396986385	-1.8709193643952884
57.493550247399902	0.36224967111961404	-1.9975163457850766
56.768338112072435	-0.11005500142604917	-2.0303314425894423
57.427700623629704	1.1465344519805785	-0.97767869967883692
56.90147414126703	-1.7233186957194599	-0.38128740424032082
56.397097698333681	0.24576018484669365	1.6915404774566838
56.994191049457093	-2.2575183668688128	0.85438479517419652
57.058909974842244	0.40565096490919839	1.9466167713614368
57.268818064460234	1.1370769921648312	1.5795981270211463
57.14561944170287	-1.5147347299195919	1.2880124689225703
56.890396785140794	-0.95172869310005903	-1.8302812187343571
57.15367404884325	1.2763881893411761	-1.1088935494951317
56.511109538853596	2.0296343204035656	-0.0079291722670982723
56.193907429213994	-1.8879059743470563	-1.2883835455738999
56.122833785038054	0.78410381861433931	-1.7313234687719417
56.510348947511204	-1.1521343578206316	-1.6486120264020219
56.555821601689978	2.1050373262746218	-0.82804812185778021
56.75419978176609	-0.86381705321510094	-1.6003702600440146
56.175670408125875	-1.5497509784831087	1.4551438543160105
57.3983659195531	-0.55404609423909712	1.9156778758355564
56.532261524267014	0.38129493214418292	-2.1265208948714918
56.316877131637227	1.5603621165955144	0.90377997658906828
57.257499531602555	2.3336189323194056	-0.14917937874836681
57.238677824394038	0.089697569700284349	1.8359067209046853
56.12787287899183	-1.6877405122753659	-0.87756462017986503
57.376680479125987	1.6024892073871728	1.7332686058245819
56.014214771555984	-2.1383221838721309	0.40075860439803118
56.537547436457629	2.0513193335057682	1.2876820801700366
56.177051113498138	-0.50888929547644368	-1.8153498565536823
56.843080404605246	-1.2962844031816874	-1.0506706866936859
57.349456866818095	-1.2340237203510345	1.563349129419352
57.773386818397071	0.23755437637708679	1.9889148538415422
57.285863157258902	-2.2417101972594611	0.17087919435996837
57.758878472973777	-0.98438269373804388	-2.1188165397805609
56.341374850972116	1.6887129843560784	0.5292414913522222
57.577471452698617	0.28686978248892797	1.6778242537338419
57.195258148687728	1.0622336282023428	1.5452000103670083
56.180011993440012	-1.7714581883853062	1.1217887106796856
56.396457323607294	-2.0253333911598874	0.45416313980523998
57.599548891022245	-1.6876861532119749	0.010101827293033772
57.225059299870928	1.8547481262959415	0.16865086756957764
57.428309033511965	0.31326512375515925	1.9602492824582531
56.876528787449473	-1.8334996682547544	-1.448151033958325
56.44560173447708	-2.0869051428953056	-6.9446346599066606
56.099248075430381	-0.28936675843349563	1.9321226314637929
57.803819472243553	0.56726800234886399	-1.7265530362861081
56.919588133049423	-0.61719708847896271	2.0527098912785351
56.556956041580172	0.84330100297472155	1.6975571132835894
57.334344495255792	-0.87374319272532086	1.7010779278816475
56.390665885533551	0.33551685102020745	-2.2412355580849006
57.356397193115264	0.85843144192878518	-1.6813149969470891
57.147948600810032	0.69456614932789873	-1.8440950729069463
57.108133300429621	-1.2607438852005226	-1.0278902057964783
57.484428168614585	-1.5896670716105996	0.79856686408036393
57.239925674347276	-0.97039445620905251	-1.8425814747123164
55.988563016144859	1.9428786253042891	-0.31079723168281148
57.122442782923656	1.5945586330021138	-1.6494776443799042
56.088015926764768	1.5126546094625204	-0.94891255362480953
57.704603213012199	-1.9105512664994198	-0.50313034284722458
56.655704752500306	-1.0741706953961434	1.7669567197782372
56.646440915874457	-1.6370741683915826	-0.10283190983247616
57.266113797531943	0.71544935939460119	1.5614897216272909
57.143397368871717	1.7862681684531152	1.2280343395235784
57.624491595774209	-0.60760632748060428	1.5281428510914312
57.275321902518222	1.8695530759947068	-1.0169959952366803
56.511512806738317	-0.7014375974954733	2.1273662979463475
57.295286829911142	0.85024101236670557	0.78335701735457242
57.787861377871039	1.0672844953636114	-1.8261212330754983
57.55447400769863	1.119392848591958	1.5400125708888439
57.117569335855435	1.419884484064531	1.311144210578447
56.461427382363212	-1.4670692028201744	1.1569466323587114
56.954916539171791	-0.93837298128936164	1.889416936548173
56.762833028751764	0.9889816618799222	-1.566924427508583
57.456628059031111	1.7454911292050033	-1.2431245569369498
56.226614624854719	-1.5409682834388068	0.58468688775971422
57.745037713016785	-0.82242922051582557	1.5339028751831529
57.701941810405266	1.2138285562721585	-1.207996419721179
56.188393238482114	-2.0616787140152173	0.30138749311497892
57.490239642085506	0.80836946051384051	2.0725468239752853
57.837088298782874	0.97098580389660183	2.0699792108978659
57.644106453376146	1.4600599316777738	1.6960634252612863
57.857056185689643	0.58379629225508733	-1.7056092130995266
57.016539463157869	0.94442229538155387	-1.2464960576034285
57.328721852101161	0.37550142714717505	-2.032643345477096
56.111930879696885	-0.011048021485495678	1.8910278528220896
56.398807563218384	-0.3924128827394896	-1.7131599795561037
57.330597460332406	1.8051993336663603	1.2380572211844276
56.888824580643636	1.6414517347726356	0.88211461668355551
57.222207240226822	0.17279352226462344	2.1615034117597296
56.95163242537658	-1.5741500385864213	0.56575705766770135
56.959118158016473	0.68107270696335609	-0.62921802862905762
57.305216305929953	-1.5917856794360126	0.62731587049762216
57.359223156507888	-2.0554305435541806	-0.56401993144677676
56.29685218806263	-2.1735460372922026	-0.095990348626051325
56.264479587106578	-0.31506536308600797	-1.576486228340404
57.153209667498857	0.57350033868450268	-2.0355091342661225
57.111342679326242	-1.4286258068909641	1.884223858408749
56.121136291402209	-0.35799101744952228	1.7707275115669481
56.856987479711272	-0.89269957909790854	1.3851858655001836
57.02582174674852	-1.3794580537184005	1.2405664801641592
56.86126757743147	-1.8105412185986316	0.2648962335047404
57.270414968237674	-2.0632124879874358	0.13430788292372758
57.911399069933793	-0.44061140162861684	2.0041105555503864
57.599684181610094	-0.28420047375754193	-1.7014626050852495
57.131884359805831	-2.1381214828599457	0.26257914371907792
57.786331347781953	-1.4248169923729752	-1.0502866694272657
56.685333077114386	0.36266186497424358	2.0759956785288005
57.050267671885706	-1.8879172427927304	0.67397206308868485
57.945499772140892	1.6350532144737733	1.0965314792065797
56.392359744731081	1.2329990529384767	1.8658014887500951
56.899415674593087	-2.1252845086587073	0.96981300666480719
57.223121733256242	0.65207550250687651	-2.1546522673477737
57.629852193128656	1.8896285635711376	0.96522374628092544
56.862193144837605	0.31950809902470673	1.9732258013266255
56.915230342498347	1.692915206843429	1.7625675290298393
57.9074160355201	0.77385957906766667	-1.6255044367650517
57.707280202353203	24.048376806135202	-16.748562250329389
56.384853687341803	-1.9007796437100317	-1.0756055053778317
56.26873906933443	1.9599034427106781	-1.4810569330526864
56.385265815773892	-1.2468205723393935	-1.0092520862107048
56.640171083899745	-2.0276952151893757	-0.3661714896774777
56.184763703184785	-0.026918706099884795	2.1628908289676936
56.841937165915958	-1.6838855979151488	1.2412820445580455
56.162400988963945	1.1185368500634951	2.064561554972935
56.615085238626925	1.3136726214561087	1.4358908067129919
56.209977342057336	1.0666479696638771	-1.5007680372963499
56.715020994469562	0.77010294952379654	1.7702700590155835
57.211913776870411	1.709910989176914	0.89348223703179752
56.334655077056553	1.9539322437646505	-0.19973204391115471
56.771736025482078	-1.7950398419518836	0.4871283593345398
56.826101834357431	0.61567519612076693	-1.6721589141432041
56.925067676186003	-1.5029513628524402	-1.1824831973382979
57.680039423909577	0.38747497931267788	1.4079579696072015
55.903594846161042	0.75293864683296163	-1.8220715673172108
57.23393861290765	-0.10710412926818209	1.7296303872899705
56.687751886738631	2.304035763846203	0.90162437168768439
57.63467324040338	2.0269081862294804	-1.212972572174198
57.585762395776541	-0.9196383619537708	-1.90095423537805
56.78345921811065	1.3727258935530591	1.7131722314214608
56.230955237624237	-1.4643071971698587	1.7532942985776596
56.915801814882315	-0.45093889989699504	1.8631276687305887
57.715285437942065	1.652557165684708	-0.13200558306811144
56.063060162766305	-0.51701646485908781	1.8156655995308786
56.291151796828593	-1.624511568335048	-0.040768062711102067
56.52580275886519	0.85185470741755109	1.7355543914410967
57.651523271610088	-0.69288608202891988	-1.9716064883890114
55.906826424466487	0.17676905591098346	-1.9437037041249976
56.380205931056381	-0.15636411909950085	2.4518014137498834
57.442862766051711	-0.27096008395893634	-2.0558452875883235
56.249356291403352	1.5341693779861889	0.44572165663748686
57.306480504267142	-0.21938884879226073	-1.8615958616244519
56.456437124313588	-1.9435631168973275	-0.65872255220777942
57.805192291718889	-1.594354576009835	-0.76812793878275087
57.613704932754374	2.1622802645692998	-0.61291653805296442
57.958125209268715	1.2553279881146564	1.5528964611668077
56.316852009117412	-1.4372002337146486	-1.7325120679457306
56.911682616746923	1.5459254280284662	0.88182843808724864
56.5474750002139	-1.5304086358106208	1.2626783020197154
56.581770960601276	-2.0481612283185742	-0.53429147850952863
57.437618656190018	-0.82501221022833171	-1.5989500639673646
56.255843827624972	-0.99169457509262193	2.2118206508294094
56.343349399151528	1.1646494074334548	-1.5779134540392912
56.119923321741744	-2.0727062161391734	0.771604270410717
57.47101185795551	1.5849524055972197	1.0987987927524052
56.547799130859815	1.6876329302303588	0.92636353377851544
56.914120488887647	1.6350428038872205	0.60021254099678922
56.571180220422299	-1.8255875370585124	-1.2579449254555495
57.086432956525961	1.691252324000833	1.3035781257519492
57.33960857696912	1.5297981569427925	1.1500339465043095
56.313634588185451	-0.80941014712043791	-1.3693755863082642
56.857009523475	1.6252422339951822	-0.75433226978721246
56.51393071013684	0.30056957401506634	-2.3827572078906107
56.70312251036637	-1.9885574964266179	-0.85471718037819
57.173138016755772	-0.65663996486213971	-2.2346500106396765
56.892312911334194	1.7082683298844097	0.51250394183572867
56.880950027488623	1.2482627713774985	-1.9300035957588386
56.891685082037228	-1.900640123873492	0.71102452663079407
57.292560812650812	-0.15134849337941256	2.2519754819894109
56.825247215678459	1.5085120142814277	-1.3868139182453962
57.471793211496767	-1.9611653868264654	-1.2784805947829045
56.559030502537638	-1.7422992022426151	1.2909971502062909
56.556268441003247	1.9611042828916256	-0.21450109067206305
57.67662493523892	-0.56731113329119975	-1.519353576646256
55.941373992317963	0.19694028057769819	-2.8738843740172793
55.951484004380802	1.6388354027041887	-0.62365351470944608
57.133484087686796	1.5986821803360425	0.53912976251316935
55.91648489796836	1.7641470321026265	1.0049804392671655
56.440090168244559	-0.95905501809286176	1.8331030905487129
57.065154883824498	1.5920131821901333	1.074475113987494
56.572788252396741	-1.3717132552370106	-1.4479858279289128
57.78025993797813	1.4265506935308556	1.5399735428367991
57.365041045098081	-1.3293005461008087	1.5480647196248101
57.49587361658655	-1.9397086177602452	-0.60943191884751791
57.653960245522306	0.81509428175341281	-1.5382071492532585
55.831679894893178	-1.1117302166201424	1.5958105032089056
56.898081124859843	-0.30765697968325567	-1.8638328124180932
57.713298840563702	-0.78848160433166947	-1.724770681332888
56.805281573641864	-1.7093078725597324	1.1211743583612028
56.439390242129292	-1.0921145119355995	-2.0915101084711973
57.277872144293411	1.5156502289551403	1.1491842432929447
56.245688546644899	-0.053587659782830165	-0.054429547405633265
55.951081064755911	-0.92083054505546513	-1.5340505642280666
56.471963465024217	2.1144691965671161	-0.9845794715941697
57.287806501194446	0.57641916334596066	1.8019453524610878
57.606196388125426	-1.719770929929449	-1.5694045912262513
57.31669321787853	-1.9404653929352376	0.22333438346839485
57.444141524923339	1.9514198627275363	-0.2435627503774189
57.347818155288628	-1.6728827155142618	-0.16607993642219229
57.054772558798028	1.1625071030679441	-1.781263881743899
57.576973821303163	-1.1226533685164373	-1.620071898340381
57.830984792233593	-0.48975993109756244	1.7186351665655502
57.595627292003797	1.62920883977307	-1.557314538695096
57.625284276382075	1.6865061558364278	1.3580369658306473
57.446911849763751	0.69575671571075492	-1.5193682880329062
57.121101746083468	-1.3711243186053659	1.6198696569359743
55.992833583279356	1.5356533845829519	-0.52447974062351688
57.597486410437192	-0.97181692346085902	-1.6160803091702458
57.81024454634845	0.17390820197884108	-2.1753765337650104
57.137152432867914	1.6561355652849183	-0.8996641738483796
56.115143650630735	1.4002245052402562	1.7039791457274149
56.648859409994387	1.6855343963351885	1.2583244493163368
56.883161199065746	-0.9431920095476396	1.3785697864998856
57.072091504438745	1.9337343883575131	-0.4532840185443926
55.973619417351536	1.696640599462413	1.4118513118951264
57.6810904784179	-2.009969566285811	0.78974426216990656
56.340171555682325	-2.1674506103831228	-0.11602728459233738
57.074693282280471	-0.27692972758768158	-2.2154817689344108
56.605734776934803	2.1194696254281986	0.93168316205401425
57.776827434062014	0.77189719840278104	1.8019130275548059
56.435157203442976	-1.8105309192588197	0.98821322040287329
55.950506672034997	-1.9765383038375617	-1.00982802436056
57.048728475716651	-1.2279376645709343	2.1181948897315261
56.126869921386323	0.60526938444878131	-1.5752639584878243
58.032700397839292	-2.1923058405412101	-0.30287643021622973
56.164762203971605	-1.1619573044301907	1.781072670426237
57.696832718447347	1.985194364678917	0.88434010663019325
57.725269383996938	0.69967964785552761	1.85935786883151
57.105636854829378	2.053970737954955	1.1528690813684761
56.257624216379	-1.0950460019332449	1.0585961398509764
57.840900250949566	1.6957701197770934	0.83096468963733594
56.658691748742562	-0.326646618714585	2.1098793997565615
56.359709940622054	-1.7097161230826001	0.67836908778755833
57.191635337693754	-0.74252228628428241	1.9831176826551271
56.279339591636663	1.9058537847799379	-0.36419985626694329
57.106607370938782	1.8746521879683504	0.3136819873056727
56.890092012356988	-1.5716741214075542	1.8326087215071749
56.013314264857534	1.9556201383912033	-1.1015692004291819
56.909101459942491	1.7467516598152397	1.6550272572468332
56.659291624401469	0.43065326662592107	-1.6853512254021743
57.593005531935795	-1.9022373226074907	-1.3538668591147154
56.70262056258079	-0.52030815761932825	1.1859655884705489
56.853346824285396	-1.1466520695496152	-1.6600635038694362
56.826929410376138	0.41204540170371523	-1.8289511040012496
56.633074266538905	1.0659082379218967	1.9802946261401582
57.047129110282654	-1.8477775703724089	0.12509686220472491
56.386831072532701	-0.39613773916950878	1.4524558877964935
57.487128467139648	-0.29819041728749968	-2.0369990168855079
55.873648169656548	-0.8341720395686002	-1.540883858063596
57.450540025630126	1.3704133865854704	-1.5849552624200867
55.900149199079095	2.1636566513811339	-0.085262353453591636
57.624249090597445	2.295695485767252	0.24476491185714375
56.514756892488187	-1.6443204652252412	0.97801364979579009
57.184214127208627	1.9117313903113748	0.84644120411471147
56.190916761730456	0.31236802847923878	-1.61522479936747
56.342685645393125	1.2189941722230853	-1.8452399036741964
56.269909722570979	-0.89091471063800942	-1.5901728658859771
57.359556366181359	-0.36557689305835328	1.925736236115196
56.04160114726696	-1.2223714324854966	-1.7085396748759454
56.808959083435326	-0.84235323577292587	1.950979485687597
57.43653121408245	0.19731168211990951	2.1372826022194333
56.546623561050133	0.10028090237214599	2.119102959343937
56.881302745953228	1.1725568160790329	1.6298593894478861
57.854637795587365	0.12985467232656175	1.3735579651424488
57.675499645659094	0.34337283825186798	1.573033904860339
56.516189427008989	-1.0463861136626866	-1.8371137543836662
56.448944797807265	0.20241271101180017	-1.9902206489474095
57.691346456839042	-0.36720817221406304	-2.3138758582867638
56.468872399460729	-2.0456482470932476	0.82788992327873423
56.651766062413635	0.15491374455131718	1.9498761772980417
56.332871232693975	0.66489909484673393	0.42349209144456684
56.815060182231512	-1.9346624758073567	-0.088803715440997674
56.054243977767435	0.57295660676310178	1.7019031222248371
57.750519839327623	-0.42995578714742783	-2.0336862884977349
56.464628650155973	-1.1027018486705871	1.6010036201055537
57.83573747204322	-1.0951107420688906	-1.8702368768238757
56.718446976279353	0.83287837822114497	-1.0255783562430238
55.927123726464117	-1.214012526972281	-1.569603273627034
57.71466444828522	1.3813088533301856	-1.4522119805049531
56.795330769825419	-1.9082123386755221	0.56077716771868069
56.187851390117139	-1.8452780595123737	0.54135509132334714
56.096866964303594	1.6065404249143602	-1.3574800734454646
57.068302694273804	-2.0582840612021256	-0.20029864322174751
57.371780198570562	0.31413149798361728	-1.8118603825180115
56.70779568837392	-1.8219085001508131	-1.3621935340147371
55.958970336676472	-1.7848611888921937	0.9006021322729838
57.213015909122497	-2.3143526850285969	0.47009570701581938
56.680990809498539	1.2500400670269531	-1.1657405884074838
55.885996714472903	0.74890387687031745	-1.773767744372698
56.534119861086168	-1.7427541261411292	1.2479070131556678
57.506997093282415	1.0533979073849271	1.2728963488602993
56.882854447753296	1.6324411390166191	-1.564548534504455
57.620960443657765	1.1543745687543545	-1.6734929858987522
56.775043026346914	-1.4233706728964695	1.2419579354624413
56.048158732221417	-1.4757677983684845	-1.4928495929137038
57.151327972545367	1.0448086526934655	-1.0682060776306577
56.981511142268459	2.7674717704243044	0.21398253058986785
56.648447814297327	1.2080339900337014	1.8241951367973526
56.474183225776812	-1.7872331090152354	1.0817186353629684
57.692883390692913	-1.2199225752609524	0.75903492715895371
56.217690681849604	-0.90746502285313291	-2.0042323843896503
56.474281861784426	-1.6253151603591456	-1.3978655130518831
57.558631775666207	1.0688525076664348	-1.5588209340400925
56.90991297913618	-1.8966035295421229	0.053900583271253057
57.286434262567973	2.0486052029726154	0.96935438393669915
56.28718679803525	-0.094553198445362821	1.9495065015397783
56.210209613349171	0.64973439993330562	-2.2988159723110431
56.866188408045858	-1.3835873090983968	0.95063766630952395
56.632729234040589	-1.5566877968293096	-1.593155457218687
57.366515572873375	-2.1623855038792152	-0.62550301149762988
57.88203466880649	-1.2644019611570274	1.9444128431387073
56.828687546036633	0.48794898502807765	-2.0766787399002276
57.064655501519333	0.5221227232016239	-1.7301155698127324
57.394848116468332	-2.2150331535201562	0.27329263743564786
56.391498589580088	-1.0040957454153105	-1.8265736949877955
56.417138937543591	0.13484896418732667	1.223749170208662
56.700843522915036	-1.4265789014197106	1.1357783101502359
57.816633603737777	1.8058962934919123	0.70804712931333413
56.63546941535926	-0.91155658949695939	0.49254418449830017
56.070388627029061	-1.7980853170530169	0.78035927467504007
56.443465259979696	-1.869807135157538	1.4325519420059416
56.355759581108032	1.2879846101639234	1.3887483228339998
56.854588901627992	0.59975447807554105	-1.9064961249238617
57.277347298542601	-0.013477403423511451	-1.6978475251096961
56.812657718488268	-0.16970952824569646	-2.867817540553145
58.091349720744347	-1.334071012401769	-1.5813591820202288
56.244205378025654	1.1906397462404303	-1.7565774901338003
57.374563083320872	-1.8684550718715085	-0.47183318398034524
56.85574239618029	0.53471200340566483	-1.6569523905024244
57.094352855745015	-0.90171526729631957	1.6097534715217652
56.938217266109163	2.0111373972162117	0.41553593447998377
57.611459310331355	1.0118159572475676	1.3611870963443224
57.184361254745077	2.0112918978579648	0.44503359777146329
56.3202067308709	-2.2378809366593431	-0.2403541643801991
57.001435170625896	-1.8905993810340855	-0.19201581655563382
56.582177884866908	-1.4828642073485916	1.0096668084182594
56.171892581416436	-0.58386712981637579	-1.7278092009976485
57.379201802185882	-0.45741045069754943	-1.9510821734363659
57.88805073835006	1.6759255232995935	-0.11848881939771937
56.403087671286585	-1.3903358207944769	-0.19711935089643431
56.568624609639286	-0.21114222850979561	-1.417117424065035
57.794593976948114	1.8921270686929967	-1.0647346636565915
56.937227949288555	1.6834811483155159	-0.74130548959454901
57.221569937881789	-2.1088396035425632	0.19811563464162904
57.436890652273377	0.5990452312236374	1.9842967323306751
56.266435499550248	-2.1835911039275562	0.079670407330337936
57.69580116253843	-1.1645582321466301	-1.4387790548994972
57.786152118410293	2.447647781993568	0.15938296951673694
56.607538020740947	1.63837502494797	0.7307785958446279
57.894499044891376	-0.17610844169657047	-2.5120872472334974
57.777988748154783	0.55818048165807277	-1.7014374794646883
56.216423485589978	0.34303014931647019	1.733320152095565
57.136581093020062	-0.41186474979901172	1.7543024683018242
56.868758218131035	-1.6597090206824181	1.6952090605938552
56.034297205996431	1.6786694597783383	-1.3004898196469417
57.086817472060424	1.3345443689353238	1.3790966530107165
57.025282363117213	-1.9227985255659452	-0.28259723236671408
55.89651438886662	0.30428249800492163	-2.042665969897894
56.35511258563448	-0.99882384577318728	2.4747632402521882
56.473899040269785	0.28489862332451427	-1.9102866852914746
56.588834040407271	1.5301021006917348	-0.50920351998780766
56.721697725018061	1.9462271230133463	0.47792424287842772
56.591140262593221	-1.3905925105369663	-0.37152878613841711
56.873276028012121	-1.3585030871866888	1.6430470848656666
56.726220612148737	1.9212263840052541	-0.64644097312265492
56.378174910690525	-1.9189767854129267	-0.74337342603810097
56.757440964037315	2.0551375881057066	0.047953947921985512
56.272736218424264	-2.1637443769564237	1.6389754040773417
56.556472265608051	1.8951848115818715	1.0178646818667743
57.412176242937001	0.68364118691468401	1.7673577598080887
57.858373741423513	1.3491605479582456	1.2988722105450419
57.363454933382336	1.5254398985103703	1.0415431132309627
56.657063701997373	1.279044071966345	1.5399882435373502
55.943565282789145	-1.9762368988825387	1.1451609566056637
56.132251466513054	-1.9670940919423994	-0.91903741092668123
56.679471330290795	-0.2449104407362635	1.6474671730715702
57.977825324480889	-1.765236589864557	-0.6440069444959915
56.670956480489714	-1.2476423604287834	1.8397147001535401
57.584564403704363	1.2662395409052352	0.089964534549605096
56.724954183682968	-2.2379495001311107	0.38763260101959679
56.675711748901861	0.19933523599714265	1.8989337379829274
57.441490140228268	-1.5061270932363935	-0.99968831943953185
56.962497580948515	-2.2193719043844857	-0.22099786794600815
57.674363330077568	0.13460813584556208	1.8269215534444274
57.292863917978686	1.0549606686294146	-2.0600681947951456
57.49076467860209	1.4197162778504135	1.4557601314796929
57.970185401713117	0.44919188484842065	1.5420830064501976
55.897644649692154	-0.17255033661015351	-2.1309203990559089
57.666105116939988	1.5756612570694049	-1.1672764001716607
57.67618873879227	-0.89054933547337678	1.649482352562972
57.910070255294301	-0.52726820638385974	2.177071952997411
56.18664291142418	1.3715335634239378	1.9944622639183751
56.15815591803922	-1.299057061416004	-0.68120981404934899
57.073379537087753	-1.8402440812735192	0.54870286413971636
56.076345818515115	-0.3739114382543664	-2.1868842899594667
56.167320850756418	-0.71834436872609264	-2.2134510732167594
55.988817853257615	1.6905855703638306	-1.3358470619195351
57.219331569528677	-1.5944583501094756	-1.6035029800141274
56.884603507108054	-1.2007376193067294	1.7946864529138871
57.313871483022169	2.1035631752577171	1.1894686526420282
56.766250022436338	0.1191416778672635	-1.8720255377298936
56.351848732635048	1.6123874046975155	-1.0950463939642583
56.303395516399391	0.94556971265693213	-1.5531216145662137
56.86713454837826	0.6941930083725153	-1.2442341060648645
56.047060299071646	0.77181657597386066	1.9047601326101486
57.471976837235914	1.8845024557713828	-0.49465791237641088
56.440416329441227	0.13874951734090332	-2.1870774500658734
57.147407444710538	1.1576695695889141	1.824715649380598
57.152006775184745	-0.28153677519241327	2.1504887063851132
57.574789191189112	0.67245295812661687	-2.0783020299232224
56.134640094385574	1.9627058958497317	0.51216067604654569
56.334167904668611	-1.093386967599183	1.5603262115836747
57.413957222957215	1.9874987629649756	-0.18351021926645314
56.471161253894692	-1.2806446157205593	2.1190286318594684
56.356902743097663	-2.0861825013534698	0.38395121544318034
56.237313465091226	-0.21137102224811113	-1.6358802957203347
57.886649778353451	2.0193465218826945	0.24215665624180335
57.987108882778436	0.24072803774034521	1.9628330752595395
56.699936768575711	-0.099715138382471397	2.1362149403087973
56.698096847021858	-0.73542021123569934	-0.79725740678379309
57.163609064060836	-1.2597662225775845	1.1599088638911872
56.04000372695603	1.8067711087939973	-0.14615020394526704
57.733583607517204	-1.2672062438762024	1.5560027247369879
56.101632940339584	1.5670481430895979	1.0212300847340077
57.501095731321904	1.0335940762509481	1.5804439337619325
57.327995425808396	-1.9494598633418243	0.13079661800698747
56.792990105403561	2.0730594719234721	0.59771158057969598
57.324254880158108	-1.803259865426373	-1.3155213323025792
56.802144796474686	0.40323510448602207	-1.834596216416206
57.296050063473899	0.18941113612542429	2.0323534016648797
56.653776015245292	-2.2035939504856108	-0.66393246844073683
56.179501039014873	1.9751991889283398	-1.3764873863836333
57.376144409237938	1.118536764558635	-1.8058166944886971
56.61822952381057	-0.25508604388267558	-2.1630858473790511
56.218717580242888	1.9558546059451716	1.0205506377422833
57.317849177087808	2.3561428513751252	0.45811979784092471
56.594736144159057	1.1021528867304771	1.6047930841532494
57.165945091280506	-0.27994931126243916	1.5904386141936291
57.208003386169857	-0.73331885404976993	-1.4818627742112875
57.569561782571427	1.2708829123649894	-1.2848562820728111
57.237197736590616	-0.52070201503063551	-1.8527025819525176
56.844457061681766	-1.0096210833872814	-1.4635700776238463
57.26175359264829	-1.7747777811830785	-0.6312069264082204
57.479837620538071	1.6499259045752577	-0.51506091557795186
56.844007991266942	-1.4580664271859636	0.94224825525616962
55.905995309339183	-1.0435598794800238	-2.2548484351735767
57.447774532429627	1.2626968075465945	1.2251532503153584
56.925107292554806	0.15324990590385265	2.0983812567614146
57.793015677538968	1.038166680245203	-1.9539749663778385
56.685037892136592	-0.3027353860305862	2.4095415725360487
56.188119145446066	1.6879953358572133	-1.3134628569506634
56.316946125841497	1.11591748380569	1.8432255854483715
57.182658131959563	0.13092338301220954	1.8379737810116665
56.255462880090178	0.13110990723850777	2.5356010917325356
57.428597606882882	1.8780239476705627	-2.1100583615844148
57.042971154847208	-2.0734817709020055	0.86640079562714212
57.413312825349266	-1.5583093055059904	1.1437038117852838
57.273694274557265	0.7675932579795639	-2.0809923584114749
56.29953970202196	-0.39534633270875369	1.8685957751642042
57.510527116902828	-0.93201624527956839	2.0129481764795338
57.06466045686151	0.89489524581312396	1.8220159029022491
55.970654325615591	1.6266712355486734	0.72892994115128706
57.421517907287523	0.88949763083127842	2.3423204359502443
56.881187919930156	-0.96066887246837473	-1.488472645288718
57.758588230610904	0.7382596330755673	-1.8121728477219028
56.701668756114636	-0.40106162333815631	1.2526988793265648
56.239387117025288	-0.45915497139336142	1.9238149225043468
57.519394204402687	-1.6561524069082307	-0.25483430231192883
57.382942351475918	1.4992776638639971	-1.6834445012174357
57.940866014859139	-1.1303250721236502	1.8946254185612854
57.583627599142552	-0.76744107679936835	1.7937054604247107
57.630777709415995	-0.72738845780627825	1.8997798693261276
57.088697710273983	-1.0594894995870148	1.8692551575361593
56.007405500617253	-2.1971592032017693	1.2591926044123249
56.965488954111692	-1.485738066903783	0.79560334687559431
56.09115241789079	-1.9438203163301679	0.42744549321845282
56.106223867578358	1.2030091846402282	-1.5378080409233876
57.611504888555743	1.1696265425794352	-1.631697385345275
56.877945045643628	0.66161928260626846	-1.3778112514911187
57.261532899168124	-2.037486508861297	-0.19446400486034648
57.03791050801847	-0.00079828244652096038	-2.0212104058460096
56.9243446931252	0.27673320229571707	-1.966676423550743
56.406738175203664	1.2963538444270579	-2.2345228122050194
57.94760405148304	-1.8090361561084669	0.76978505748803727
56.338416076567661	-0.54333376399697331	-2.556267893103862
56.570503120044982	-1.0360322079952446	-1.4993867847174183
56.990357207105461	-1.6599389576893533	-1.7765464702027041
57.294122300900725	1.990727350328289	0.082779068762645514
56.525437553582442	-1.3531512274551747	1.6437026724003572
56.958673503330459	-2.2751431166822877	-0.85470325579668793
57.62331150642845	-0.68183445655914565	-2.2445254577598681
57.206951461591288	-1.9111350585094684	-1.4320073352148475
57.287824120905007	-1.4684510515625806	0.83645930553868042
57.077986774374722	-1.9299209914962803	-0.038583528845187093
57.670005866244544	-1.279423504937373	0.057435933548761198
55.892921066005989	2.3404772468814867	-0.013211415577013743
57.337275676943115	-1.4993800507309396	1.2097330734189846
56.114425242706147	1.9503136903287179	0.33728919405609875
57.796466881924111	-0.73907557989342054	-2.0593836273339066
57.312279446281316	2.1066678657752731	-0.036775515489395706
57.494470903101465	-1.3597927680203505	1.4369412882658146
56.813998129115504	0.1189214636398398	1.8748574517169891
57.119878824207262	-1.7978808078356761	-0.021440602616668754
57.4907762690586	-0.01462993574615426	2.0455787306026711
56.546715297964099	-1.8634340953216093	-0.62022105458683929
56.383327839650157	-1.3882688819942925	-1.3050583687232189
57.410985521588302	-1.4996907273442104	1.5504762372968048
57.262682112603876	-1.8332194514729288	-0.94954472977273541
56.59875164453365	2.0049558991113532	-0.51542561952096799
57.189975657089072	0.90114782041310082	-1.1630173730802038
56.0757495720026	-0.67385903434670047	-1.6923793600057804
56.64425200778517	-1.06398797850129	-1.4226172117586842
56.552190060739413	-2.1061590621011739	-0.008276628520243667
56.885023419936893	-2.1850947524718949	0.13940586979831357
56.745581952126457	1.9600167879495209	1.2360443845994431
56.598673139153718	-1.8380754743549252	1.3135247255771685
57.787569066373742	1.3677961839273329	-0.95378164949404087
56.659188624722397	-1.6748301001020334	1.2894330703305836
57.386033973377643	-0.6132250996875962	-2.4289419263098271
57.530499557412483	-1.5859670018269294	-1.1066123058220494
56.443900874496613	-0.99832021411801897	-1.8296882642167522
57.470322650599073	1.7694813319941745	-2.4024307830814133
56.542701966328771	0.40409746924778428	-2.1134770380280612
56.129171611067292	-1.7951929326187956	-1.8856750712105501
57.595440855768601	1.5795393845258594	-0.93724187547013349
57.086822812671151	0.30128634789231734	-1.8652669602295613
57.414361553187135	1.3655735603542147	-1.3381282012746818
57.101236686332172	2.2447847240041678	0.91975386968694506
56.292932116467057	-0.017609154832175331	2.3519569698028397
56.604709974324535	-1.8510034966685402	1.0348474361424254
56.640075662792476	-0.31501538275283919	2.1987056500018745
56.108257926777355	-1.7215452058328484	0.3116521114149276
57.699342854715276	-0.55006077136491394	-1.6286408894486688
57.780031796225018	-0.054474301042434732	2.1748357722294345
57.037832457687394	-1.7322782702443882	0.88345304333296426
57.07315749202202	1.6736967810825929	-1.2288116433862044
57.781175886555609	-1.9086612872038604	-0.065948536968785748
57.341740072948312	1.3005860846474657	-0.93104075902851935
57.962949124675681	-0.57643063279123397	1.6822303846438604
57.233749964044748	0.93529622357047615	1.7615115060362889
56.560793098277266	-1.8244673580195936	0.89543476477461781
56.571475652588781	-0.19254306647490982	-1.7030701699364308
56.143622813888499	-0.1907391789244155	-2.1265692593215375
57.085502774498032	-2.2946993957703188	0.41676868374485926
57.627237064421905	2.411836795468433	0.45825244032199286
57.508363068771693	1.4628397436045257	-0.91711050391400739
56.897817007982958	-1.990560987978738	0.70251515244723906
57.411439671786866	1.5852883919161922	-0.67192255106716947
56.205915103631419	1.7371451290654281	0.034603509302317884
57.411662260113395	0.95639736715086721	1.6489466012781691
57.251788570409801	-1.8163119970392019	1.4773416264172909
57.369175890796178	-1.1952555573180004	-1.5919895323251123
56.382081754980788	1.4201465054416007	1.0788535504996009
57.723995356211056	-0.83441211384473024	1.8462596519721448
57.454061979825674	-1.7597954504900675	0.4103744381180901
56.171701996817951	-2.0942465086371223	-0.41135415809328746
57.839560527185526	-1.484917894947545	-1.1784729901213706
57.394550958710923	-1.9282826061980611	0.30541320171647873
56.17100926151393	1.7366626585999727	-0.41579382655165731
57.75785191993667	-1.0337177035034317	1.2220809454308377
56.21097644878413	1.9516891974709958	-1.7689305787332439
57.102249045418084	1.8204915464065272	0.72921181781552025
57.787576964852988	1.2650990086395673	2.0726041720836457
57.151406208943513	-1.9129854897382903	0.68142403263920515
56.364173261878534	-0.56860582600095244	1.8155255198560809
57.277140344190308	1.6021387528276676	1.6740417316902936
55.972895311292994	1.0636925637478309	-2.4823455348497765
57.904625896987937	-2.1013873201635431	-0.015565087455728526
57.61064851769693	1.2245870336079445	-1.8785593682944546
57.017775468281478	-1.4476144487790503	-1.1306272918803033
56.612585614466248	-1.9444265239517526	-1.515996434452745
55.826042456964288	-0.50105071732094075	-3.1332059338569533
57.259235570537612	2.2871568718040001	-0.85547037216451172
57.611069196284483	-0.12256921334947957	1.5738122683863494
57.172678155506155	-2.3032133260691499	0.056975821985562329
57.409247033252967	-0.67059641711189311	1.6592436513644493
56.833854467341922	-0.34858910490245681	2.3545713323030397
56.965212352180167	-1.4379754555206639	1.2362071563507315
57.798083832332878	1.5767527005676714	0.9210783499822135
56.619751009839398	-0.19332184640623176	2.2412786039687314
57.75682032120897	-2.2293777864090925	-0.28471156262680491
56.868317663652462	1.3222759865699232	-1.4464736792358146
57.076946411074069	-1.4703479906618446	-1.5236007570516963
56.968329828407555	1.733941905972832	-0.69301548299266313
57.712053100167886	-1.4898188776228862	1.2636963313995295
57.729495476903118	1.1869830621013679	1.7271125590451784
56.900422061366548	-2.1492530342735945	0.72377168414771831
56.792319133731688	-0.50474170901423976	-1.7873741225125803
57.609457964199116	0.46688114297820582	-1.7014631543413634
57.716527892071035	1.0736009189165117	1.7576747185573844
57.72962009367366	-1.8499632946412279	0.52611233297293947
58.000796454815095	-0.91294954921144345	1.605025072390692
56.850979161538326	-0.5376554617452739	1.8893206862760201
56.424998558014067	0.35760546498524926	1.9192894204356683
56.785389380232168	-1.8233071462479984	-1.3544038856551561
57.404937485547215	1.2282047593823782	1.5104498707364415
56.705445096544281	-1.9926131782348271	0.9375923466743008
57.422021094114086	2.527734915542271	0.94112882419830668
57.34176613979276	0.028617181981115007	2.0836198005737478
56.623555244117007	0.56563011823546028	-1.6614725825462426
57.414364266714834	1.6954003180089701	-0.16986947162883578
57.190796737493386	-0.94353400188157865	2.0065743662427704
57.400851104758644	2.0972108105016822	1.1256154828771756
57.472479509608824	-1.9375556005789891	1.1329673463607839
56.521458588231056	-1.6863285385796398	-1.0363524874080319
56.515908409653278	1.5994096765859636	-1.0883378818519833
57.342788634883433	-0.36917825127238124	1.8986088817884055
56.686029030268628	-2.3034161822629846	-0.2516028896643473
57.425677469417742	-1.7186964224050949	0.37312159953590485
57.08387811706104	1.8648672145525873	1.3056912419159714
56.81591890609262	1.7540963127374136	1.4148796329739277
56.045492962132926	2.2311204579201691	-0.84123729383922452
57.290563704816712	-1.7134438547461817	-1.7859405811019464
57.559962719956594	-1.2543056567633408	-1.5319610935009909
57.837608551359288	-1.8968876368138645	-0.23200500385540571
57.792182346654791	1.2267022027065173	-1.2530096592532884
56.604931997215616	-0.55539237231389449	-1.4404484377317386
56.549822291387684	-1.6723950494736499	0.84804150846935022
57.455186298038711	1.5999896194471983	0.64363324244482267
56.208207761391208	1.599731546921537	0.93329453475373225
57.844781173424394	1.7328855679070123	0.68350377729752931
56.476831183179755	-2.0121408966084799	-1.7814176895647986
56.23711208510705	0.52828153577030068	-2.1281087545432098
56.549730382963332	-0.27942412096458613	-1.6676377139553746
57.601437836061663	-0.44805506224939029	-1.7263318722079601
57.054189363677246	-1.242861606871088	1.6206091104299154
57.334305230391017	-1.5448098706394462	-1.3557681476779133
57.186690774574274	-1.2773774794715966	-1.2309747227354448
57.729454407166848	2.1408392615369851	0.044045131944765212
56.445037360573437	-0.45770641405404727	-1.7449406090642496
57.706744596077314	0.94765599982698789	1.7863106531778548
57.289769638217109	2.2080289010776384	0.33227218695000843
57.321003332179693	2.6633271077732625	-0.68230109799647465
57.798854712167866	-1.8662413254420338	0.083885256001203709
57.862629249410155	0.21913520390488475	-1.9747896242948002
57.175672200890503	1.3482812384090952	1.2255215258961265
57.661304714057394	0.38941201661651992	1.7235019585560438
56.764534193144002	-1.9615578854899833	1.1044685869748372
57.729623000652531	0.6210291198864194	-2.2009651534095056
57.451259738824994	1.9521184608773714	-1.029813839032609
56.552658185973577	0.79747026250289665	1.4668051500768622
56.182338941691675	2.0588635147426144	0.17568177581691938
56.270390372296752	-1.6962524346779702	-0.4092047130561085
56.5429067787435	-1.5884005367960428	0.98603007863775771
56.624293801711175	0.87862040064733427	-1.8931435946210173
57.334353936404412	-1.9414816472754539	0.074523066233082122
57.681394564031585	0.88874972925413109	1.6870450499453868
57.408657150255856	0.90099659703824164	-1.1786564783511118
57.782233583166303	-2.1291573881105128	0.55382713718742083
57.862361411906981	1.92622380288008	0.73220769153107257
57.381424061604456	-0.68984234695154223	1.9651869638893638
57.691371435977821	0.78550616733734302	-2.1767935136316372
57.119349441242633	-1.2531093122109283	1.0986160740996491
57.131895463130675	-0.13912852835126702	1.7230866020857907
56.152363080542059	1.5650334910956325	1.794724775461993
56.191654861083563	0.62392918241915185	1.3745033480711344
56.55234460491863	1.6940785114017025	0.19821611119647906
57.526613269236172	-1.8773556441202497	0.36759537907881279
57.82766062975346	0.070961830039796642	1.9648986515664264
56.521461346231106	-1.7235755114618272	0.8098350480644072
57.079834521224029	1.9593613543508073	0.59617034361421872
57.581426454543667	-1.5678164264022534	-1.3720407368956031
57.167689848640102	1.0528130668406495	1.7328962296767543
56.02836643335224	1.5308494488798479	1.7078386368792482
56.860030936027925	1.140690445268584	-1.5226198942644988
56.462942369572239	-0.57175526333921656	-1.9128640854682382
57.598307044887058	-3.8179895608443788	-0.61597759158216858
57.166178482304524	-1.1446834599486468	-1.6033034618946806
56.021970526311357	-2.0105390389348061	0.28198127673396672
56.949818723124622	-1.9012658217423903	0.60120178363554444
56.027210398817957	0.87184106798638528	-1.8623094052044551
57.84335663638047	1.1773417089159444	1.3497337524552382
57.156462707379454	1.951866356953506	0.39747083294183116
56.413812657680268	-0.30084460061965995	1.9102044953448325
57.249623557915612	1.2000979140667267	1.0312354290493795
57.400860912501329	1.0585973883143456	-2.3423314625285596
57.756785292383483	1.9009758811986543	-0.2931047838418876
57.065316997549225	-1.6142553234859207	-0.8349454516870074
57.505595008158814	2.2228906878992061	0.50202939571137939
57.54808329553979	-0.0047500945868139046	-1.9453693652955226
56.266427826557333	-1.0944518625023223	1.5245135406844936
56.882648216963283	-1.7099410563548638	0.82805481174304385
56.411145353934138	-0.33828859356418617	1.8190805103797518
57.79574640335948	-1.7842579065536157	-0.78145366361282886
56.162924320029134	-0.20435542565336884	-1.5794504974478489
57.273599221899673	-1.9606661923044155	-0.15563664180126585
57.681342907513852	-0.5849873209407791	-2.2022213392128127
57.2469905374845	-1.9742017192158365	0.41291669912868012
56.849845043654689	-1.1552472007156587	-0.021528779071989825
57.372040985501727	-1.7567806737775331	0.72052193833696521
56.2034873757677	1.7940826976072703	0.72028507602802849
57.712092665141469	-1.8246135591560559	0.32284598923993185
56.380374537765022	2.0589135120703617	-0.72242631767082655
57.138471598230112	-1.4646378438321279	-3.0358278509460974
56.471925025380791	0.08715236756615187	2.1604835236184639
57.280953984560277	-0.3796478429136963	-1.8282081856291712
56.962838698958116	-0.98302307330700589	-1.6459852605844165
57.783754048098501	1.6069184253941788	0.58116475758053832
57.510795165322186	-2.3241379067215231	0.24995736212522005
56.342757658640544	-1.8338086185641396	-0.02567046598279785
57.691347586692096	-1.3986761057707651	-0.70074912061741479
56.331410787880174	-1.1115310126504638	-2.0247080898225778
57.305258006551369	-1.6426827147232028	0.24954905572872202
56.260703217950649	-2.0549168702252141	0.5704453431855433
56.501037206360053	0.26228751236838771	-1.6671619165160039
56.359983475540879	1.6964587236191477	0.016467146767377455
56.114514074983013	-2.2902654350146467	0.011476628438718692
57.309049453071196	-2.113515756140036	-1.022742525700588
56.746645914206375	1.1054955842353227	1.9264575690160644
55.900593852609418	-0.84034928353457172	-1.7279554470524936
56.813913311289589	1.3184936475786293	0.90504719026370628
55.966716664074745	-1.2397564628280651	-1.4354038480193516
56.191987318487357	2.501995899375606	-0.60717810229251423
56.4417882067523	1.5813069365017487	1.2921701041823801
56.977293865396973	-0.16311371828787502	1.5318330316964415
56.454459633337891	1.3755639672413131	-0.86086693698152605
56.871445390881895	-0.65720908010870538	1.3289895600465622
56.581386151065537	1.514088015893613	-1.323507432024648
57.78162428170041	-0.82755108994776527	-1.84460530483048
57.454407532709112	-0.84462745733476985	-2.0812587376951273
56.875579147796579	-1.7418730195700025	-2.012960457544787
56.482754857415706	-1.4338530733129662	1.2997147233687802
56.677929479810814	-0.6360022537000668	2.1124808141718248
57.684917497484228	1.2367264946700542	-0.90485763724116774
56.927134032190558	0.34861121206624801	-2.0376479601196751
56.743332554548346	-0.30814759455326068	1.3282873269671112
56.014741624045634	1.5835955449641577	0.94905062165046816
57.611868723617782	-1.7978766383144695	-0.93225796639437364
55.990646629587935	-1.9666830268658919	1.2020934007168973
56.227468685062128	1.1116593827876875	-0.83443119356320927
56.70853916004608	-1.5985898033707224	0.039486299166098825
57.016311197234309	1.8092316751394204	0.9432264744576121
56.693695482637736	-1.8954362472824005	0.63552181715955358
56.311264267375506	1.0926996482497033	-2.0441821085965279
57.061862724872334	-1.3522366479758956	-1.926774741853327
56.627291350753929	-2.4084278888129704	1.4775225061220876
57.684913619649805	0.35955820565175001	-1.9150838450383987
56.253384843591391	0.66085801525855548	-1.8795085309486468
56.384619741876314	1.5912701106644094	0.90689845919785617
56.368717484208375	1.3690936210959763	-0.86377614323395779
57.02609630418231	-1.7205453671692974	0.46961838338098733
56.705814842761754	1.6089986676126888	0.66319878952532241
57.473036111150527	-1.6223520271388654	0.21045339815294489
57.451080599234103	-0.66541379207076901	1.7859564229645251
56.87313409860397	-1.3279422192065058	-1.4944432026027157
56.465547658810415	-1.5781295588988569	1.0100803766659057
56.558836777039026	-0.020755116984149367	-1.9782663129041971
57.128744620324895	-1.2385153189395326	-1.371043526338614
57.026141619599223	-1.5158541085278565	-1.4407459043041233
56.15072644220696	-1.6209418045817057	-1.2497204833877467
57.584264303865844	0.21159377817347683	1.6003820089783114
56.988438783288238	-1.0505941441125504	1.8479218112086129
56.544163238607915	-2.0681456464704606	0.20170349364779874
57.546586148370686	-1.3464526736026621	-1.3855964238810798
57.677899842675878	0.30835535159584032	-2.0014762847337275
56.529725543240033	-0.30442731647249266	1.3570065508916722
56.002381621681153	-0.67437394072508317	1.5772305003371605
57.235117840151943	-1.4084266786972564	1.0094945553149928
57.618974725212325	1.5712014158749807	-1.4730872278499094
57.059059289155492	-1.4939629069004705	1.391577803051379
56.662206124633762	1.2548050807780207	-1.1586012077175483
56.611391734166943	-0.65465888153371965	1.5896815337119246
55.928378740519065	0.52816075817148544	-1.7253841360757391
56.248091389735663	0.29051379271351624	-2.4140969927918929
57.479714239938517	-1.4032642362348557	-1.3761858638742874
56.60592163832203	1.8652578751348077	1.1131765349605676
56.348059925158125	1.2190705449079473	1.3312375328224006
56.745815290260396	-1.1608899163703501	-1.7798593698975773
56.96418807772536	-1.4296382679963335	1.9144774349119951
55.862830819411755	-1.9670440756320167	-0.7775151826495259
56.955796293819702	-0.74126079196404937	1.7047903544083067
56.337265111252158	1.3706498350058036	-0.10495751742932413
57.682916628290904	-0.78253199481445068	-1.4727083306361668
56.931386156968266	-0.31210880918398182	1.6806367734150127
56.634717841378325	0.74345441646271948	-1.6384046026297141
57.816421699167066	-1.4618352088196482	1.8677277367236653
57.169376992090051	-0.35155873054883197	1.2891015710564491
57.319914121640878	1.7747760244141479	1.1924972951586037
57.368308475400333	0.10126011509576716	2.3309509539330731
56.522833762419424	1.738593674769618	1.1942209923471538
57.663334371414045	-0.87282904167161379	1.6600032351251295
57.638106741815434	-0.73205601558471922	1.8934971566582481
56.105722900634234	-0.91465048516106739	1.5934833530835304
56.664209809983419	-1.8369404955225892	0.22936933923663164
56.590447451263024	2.0307696709876724	0.80034000123937588
57.139419878663951	-1.2263573688695342	1.5438370954996941
57.27251817123819	1.8126108058991588	-0.055691751693751498
56.628608201073135	0.21850826873792489	1.598367073523735
57.555950218824051	0.0044286216565588999	-1.6755948723719489
56.446062042793763	-1.5716793073092914	0.92200803111857188
57.67848253113246	-0.80418637088575373	-1.8500653135848661
56.78987464317224	-0.046871922830546038	2.900216627549201
57.696135856166563	1.6964163797631637	-1.1310649391196532
56.46534665166876	1.4129898953360953	0.60314899162044222
56.283607830360062	-0.18323512649547799	-1.9627605347792787
56.363913638740065	0.95413444454793095	1.6336942691064817
56.841412946159338	-0.65370903395950586	-2.1258466797678333
57.679745201338982	-1.7260763103921994	0.20960669149428612
56.272912430752648	4.0953114905445833	-0.021657658353765742
56.837463392845315	1.8675173696142573	0.29431235277924034
56.493226074170934	0.19362391671243384	1.9887708570956417
57.483150317590699	0.22880508759870766	-1.8705771268590194
56.487459650792061	0.57246378998530878	1.5036933352577644
57.224878789170994	1.6072052218183681	0.63699194362777967
56.811924249585658	-0.29924715184613632	1.6440264600432533
56.985723782062976	1.0749325971413248	2.2802545700068872
56.887435223046914	-0.16711153603848813	-2.0711931007898854
56.259330175066872	0.15036935850379757	1.5582901969593566
57.60239254312458	-1.8128917417178656	1.2663035355107921
57.208426200528649	0.29930666247977811	-1.8540407835889376
55.947927841230737	-0.36079607584834078	-0.35432015032344438
56.249258139528514	-1.7688976754110586	0.99526343942195938
55.938102147787873	-2.0472921509746258	0.48696597798859864
57.270626265324076	1.8801171252711961	0.33344408606958681
57.558082438096534	-0.98973271812421093	1.4032092985251186
56.213979107762952	-1.7182189422061136	-1.4522854426053917
56.924108263336798	1.7395491722982082	0.17477901721821254
57.441904390781751	-1.585690821468259	1.3824849784585718
57.27808916081969	0.79165648843936176	-2.1448865461592579
57.031603511739888	2.0156433074541074	-0.72711019479678907
56.22288325121189	1.814305791951923	-0.50861120695896667
57.580702268780442	2.4565151001147068	0.25187582746998938
57.371557088444021	-0.93425315375065332	1.6773285895377636
56.184313866038273	0.97466696380676054	-1.0807581963193398
56.506097855880043	0.61384650096103621	-2.1281726097720566
56.257959267903956	-0.35183792632615496	-1.8955287882270493
57.182293772206883	-1.4860610530723766	1.3439704208146959
57.509173505610072	1.5870775844949969	-1.3049539568637065
56.9880862528397	-1.0338445740461213	2.0584781620592469
56.734832871273348	1.6334812046568792	0.92775488022739561
57.105452046816517	-1.7711028281723913	-0.94970266973416917
55.794449670382363	-2.0875562977029363	-0.43290703693109867
56.092688136432677	1.446145477725006	-1.2922742707223918
56.402829003634658	-1.0557942371008371	-1.5088443282451434
56.08222881476074	-0.41808475741941176	1.7160791071634462
56.427237292023918	-1.443294076494303	1.8936696521422491
56.087426821626259	2.3502765159637806	-0.078497093601621021
57.124764469146683	-0.082123206540605523	2.0854248606903028
55.955452740763818	-1.1407890683365129	1.2599357780512386
57.550618872816557	0.54169327525882149	1.3132351421528892
56.692858293167205	-1.8895490848064727	-0.37832213568207745
57.685334953743407	1.146177732395659	-1.5178733558003321
57.31623359376411	-1.7506669381929487	-1.0144517540605356
56.25793641304174	1.3009143308561331	-1.867581877421107
57.780482948258772	1.4061937825123276	-1.3088882946748535
56.248383373888451	-1.1987958634256213	-1.3275905999063347
51.243475821069971	8.0825984185424407	7.3006832338928733
56.578989456755529	0.014245812585748295	2.1418860946427594
56.165585624429823	-2.1285013135554172	0.60852622538881784
55.895623937906748	1.4549998393747432	1.6360955470696799
57.76635138658493	-0.41585949277987444	-1.647974432273166
56.173811124150241	0.08456898769968213	-1.8412348438303472
56.839399871860927	2.9127593394491593	-1.4859544219392129
56.32824871777698	-1.2483064128526162	1.7088405193289744
57.221455617276042	0.84701795685128545	-1.902061239860831
57.153806150226274	-0.76162473132278563	0.45650736193198244
56.738876448610817	-1.940123941847216	0.15478845504339572
57.778704916365946	0.51047529592435836	2.2458649041092937
56.243876250924451	1.9202318673547427	0.072518678448357562
57.411355243311789	-0.15835703435881118	-2.2755254132765308
56.25942443038597	0.45486397861599592	-2.2294616141243955
57.325506539345284	-0.052475028130476407	1.7870902732902714
56.567619501411301	-0.62787740270229087	-1.8715648801008964
56.33385672961564	2.209414568778568	-0.5164172791613717
57.226469148287627	0.018690623172738674	2.2658671513792354
56.893351741286921	2.3149519084456327	-0.22590700429544416
56.838748377722666	1.4793285497545079	-0.88973066185711602
57.10274076585371	0.85028777349063067	1.6368808393695384
57.621789995668649	1.2964709429594812	-1.7041249460907018
56.960634518258502	-0.95833114498698435	-1.6091559086184668
57.381546896633743	-1.7935052198584593	-0.86067418512581262
56.960264935944352	1.9192240663615676	1.4095317739720312
57.150207643750335	0.69557272252303071	2.0341647135789303
56.380660634368859	-1.3924489193465779	1.5999676709495154
56.702611039897782	1.7342589647675259	-0.83798808843067207
56.304417949792416	1.6896922329370549	-0.65135053227274342
56.616490240722776	-1.7429210297156652	-1.2444384277998857
57.132471686903578	-0.55426926989106162	1.6432062407604082
55.921075212226242	1.7032914318557717	-0.98051215457001706
56.132957977325304	1.4362477535729092	-0.84084241240858248
57.182927234901634	0.50917535974951311	2.0517289692121881
57.783159227557483	-1.7731993143577285	1.061424931693715
57.126225706125659	-1.0491534398515252	2.1699032959350628
56.222081341991498	0.19234181432879491	-2.0673746585336308
57.025680808961205	2.0747648947326343	0.67772178934596905
57.000215005214358	2.1574545937669183	-0.52950276013033681
56.215523676564473	0.89200102958427707	1.6993178335717254
56.987485567209447	1.4866257928858742	-1.2890100302948155
57.456470551819109	0.45198594655640767	-2.0546534862242347
56.277098385612526	0.8748778671919557	1.8823058376593498
56.114799935534876	1.8604596588774887	0.12040421972816913
57.161157508195188	-2.0039903041362357	-0.69375739795720548
57.427121036442266	2.0077933141685924	0.38953074445766039
56.259652501345769	1.1244192238880033	1.4443940034134175
57.497168558864658	-0.19760218644294777	1.338217645266051
56.155337745582244	0.87491600346596354	1.6910038172707083
57.131110613450829	-0.57717088588662935	-1.7493023862332575
56.236292761701776	-1.4568137304710158	-1.9158462559962122
56.951842925364829	-0.85562337463049432	-1.7132533333898938
56.810608478923427	0.41551262247648607	1.8645894110705412
56.030917532259444	-0.8325210384462457	1.9523861161848131
57.302666413298027	1.9574634515170002	1.3313669684562239
56.642697631981697	-0.88965031588323962	-1.6077137600211271
56.707662369628565	-1.5925093953497	0.64479748052797559
56.369173329031234	1.8822141428094366	0.68353508089091797
56.007390150465852	0.38806266908850018	-2.0750082676426396
57.369345179680465	-1.102603740400069	1.5168803283431465
56.177112659037846	-0.025344838693471244	-1.3731278407320922
57.622535929077429	1.1291409674432815	-1.6716992560464876
56.880903521930414	2.1657705415883992	0.53760159747633351
56.938234095377531	1.7788570585743213	0.23318293832115555
57.833752666103948	-1.9620006754474069	-0.034597358255849281
56.919027612145229	1.3153324490121177	1.2291278659358365
55.844528882634947	-1.3580712214761075	1.6409571234884091
57.36057144509045	-1.7589245253013208	-0.60125235645102104
56.134476230377246	0.82961266278215973	1.7629277534442835
57.296263071453438	1.2861593587180464	2.0780436464093137
57.057399226414823	-1.2438838243197206	-0.62977532265331626
56.130480152889824	-0.42040405192545127	1.9699775271448132
56.576969334799337	-1.506231677179285	-0.9010351432327911
57.971690121743976	-1.2123216381739768	-1.5236538647150253
56.758826222020041	2.1517665363617828	1.0767593404797173
57.710693508797874	-1.5933201973146904	-0.90346048573079896
56.059952561199253	-0.45068599540930082	1.2676815718194117
57.588432340629012	-2.1219785754821459	0.14519778393603563
56.671318077461429	2.1396668390818685	0.41096570773674673
57.7899053596717	-0.93863372053229865	1.2529050539385436
56.647888069314	2.030450261258276	-0.55393346067184268
57.066056990463125	-1.3969851312908572	-0.53502660129667479
57.312927835726271	0.23599497235736575	2.4240760232884098
56.143705832008642	1.65672705751181	1.3973439953468954
57.01651441458538	-0.80764167947436827	1.5038033079926263
56.395901987968458	-1.7230394213531037	0.22354752400093378
55.859106596166036	-1.02352000351174	1.7059202700459706
56.335645969086769	1.6727657443836021	-0.94072707848236059
56.216085972234545	2.1016405871420831	-0.062001177451631126
56.34166896978234	1.9086088625865831	-0.75650163719110997
56.659076975268626	1.9433211418117853	0.66402685020879215
56.558246276550733	-0.74817669133009312	1.7111053438459276
57.328068892313439	1.8763834553200656	0.10080349437454326
57.825056214284722	1.216492945202839	-1.5260347805081282
56.019178672994244	-0.73785530055269566	-1.2871414593994026
56.445043038065116	-1.6641376053773691	-1.7563322175867386
57.82346981994376	-2.131041822885519	-0.23551460733301674
57.206475509436714	0.55002113053398272	-2.5878327866957287
56.725090027228489	1.1915926506353725	1.879614995186405
56.670943684512864	1.8011368659125568	1.0019633497461677
55.963711184928115	0.75681807581530502	-1.2546915963523537
56.774301628235506	-1.6186469027588408	-1.2153012856952428
56.899063891644509	1.0259408895316513	1.0263986050146314
56.25017992138293	1.7855697686516094	-0.43857575619602507
57.762516191189427	0.30028877664774872	-1.9931104679596026
56.629063047850565	-0.4785986870211108	1.8538023318462009
57.073360792326234	1.1813177271179918	-1.5855887512514177
56.397982606854015	-0.93771763800838082	2.0766249547381914
57.615167271902457	0.94821835404936183	-1.9464221174109462
56.732566771049406	1.4626909061387339	0.4629061202311856
57.107831437983855	-1.3790156579324351	-1.6182747631200582
57.521205761527867	-0.89598887070723365	1.5113273017764557
56.119783154917052	1.0419112385446603	0.79355549149778726
56.401675808237833	-1.8898089291562441	-1.4427473118677985
57.390232095698877	0.11595999979561873	2.1720186892441808
57.075012614762642	1.3285857597140782	-1.0442601820510486
57.049403022448416	-1.8529408600572519	1.052103611198947
56.015963281879884	2.0123516804936559	-0.098980786526923215
57.380151665904862	-2.1123693793640346	1.2702657289330015
56.689229677108848	0.6485975546089765	1.7829439639801046
57.116105084306511	1.9976158431863709	0.31121373602222857
57.159137074691138	0.59721425457295507	1.7124205414379257
56.021318936231218	-1.9154089765515392	0.69966786398770775
57.062784510475019	-2.0065734703751703	-0.65464208377484956
56.176852807785679	1.5468102670851969	-0.85992281468659104
56.988670340166017	-2.1421954194747763	-0.10940496950297769
56.773605864317773	-1.6997119973030086	-0.93467186355868881
56.347622007206247	1.0197344076703068	2.2840693267900281
57.45471654072346	-1.7781585505498503	0.29891589911077909
57.496509598509874	2.423834178999833	-0.67818922449147223
57.295228592382273	-0.68388172943949366	1.548761326046832
56.947316760698996	-1.916590186329046	0.33797913276451352
56.509492302318797	0.74317086212358041	-2.1467387196389764
56.128762271063984	1.7632365304971789	1.3553771928408378
56.101878889776387	1.2197899641494518	-1.4492616206552169
56.043328167104079	-0.88024239879161237	1.2968669849156318
56.043888978811395	1.476777948560607	1.0088128209759346
57.204872995906989	-1.3178373509862502	1.3053156409003368
56.937898747663453	-0.38564274537515847	-1.7496660903455243
56.901902917491064	-1.9136949722591097	0.76266561460883009
56.478884715095184	0.15653076377916417	-2.1587364876920407
56.617915900897422	-1.6543109979034751	0.92946490807393811
57.818914728993924	1.5483812437074524	1.2478602518099333
56.8169713453604	2.382507868092961	-0.90583474697952182
56.304874830088679	-2.4464406960109306	-0.017106280265717162
57.150375262778851	-0.81198515403943272	1.5690517915350704
56.986202032012322	0.90322504248147506	2.0808029422643837
56.69442744041725	1.1775229380941405	1.512862216387969
57.03602128795977	-2.0488718310145981	0.62281212955241683
56.580746220776788	1.403050766469828	-0.36175685001446928
56.844900781289027	0.87641917220955379	2.0540531985500876
57.67593950878441	1.613970976929703	-1.3192305732325087
56.763517370522806	1.1920525651401137	-1.5111080829553203
57.370476568259342	1.1075421882951453	1.5133043469246514
55.885334711180789	2.0170799055250992	0.32781798114989574
56.183805940094011	-1.4707062251451672	1.6907085849037786
57.778289477850031	-1.208784272328852	-1.9061239884083394
57.314443528777396	-1.3919204928012967	-1.9015096669256839
57.866608990133464	-1.3392199720211282	-1.0791760869171849
56.40598147533192	-0.50547615921594591	2.2671992246065837
56.76112360507404	-0.3417753811617027	-1.7284899853511821
57.204767304227907	-0.36774267711217584	1.8552998815319521
56.400383803561951	1.6843987398441189	0.97623341154226717
55.879948883610403	-0.87639602295951524	-2.1757511654600412
56.741398558418929	2.368255802976488	-0.62493925382692594
57.028382370077857	1.6621519701750913	0.38342539085836219
56.599675049545759	1.2129208206730295	-2.2000083747751273
57.647498283753471	1.7393857475339551	0.028666000118603707
57.282317493792057	-0.48427495945735016	-2.1429889167182701
56.284353314842875	-2.2267612407182984	-0.020212443204280336
56.981408582802658	1.5074128527386403	-0.55572874322485422
56.792998740741936	-1.8305818937364335	-0.89072995752060591
57.10949493457121	-2.0034218582482985	-0.22322453855758717
57.326103776910415	1.6263927623416279	-0.87803463271755555
56.677669708548457	-0.47220410702892457	1.785795730114079
57.603686540352967	0.38231770333686221	2.0026826792339785
56.908811672557405	-0.69472602312786902	-1.4998335922027659
57.177663651289116	-1.1339321355047263	-1.8982405333665211
56.007024570794322	-1.4414370116677273	1.449380405964489
56.720029498386978	0.65172442689888366	-1.7615943679083748
57.244397404624436	1.2627070199899226	-0.8389040356913523
57.629130918646304	-1.7939287145911582	-1.1872004384785673
57.355345074923072	1.637205084935236	1.5106100233001201
56.02555016631306	0.35088466487185155	-1.5696351337538061
57.418611933792285	2.2492250509388998	-0.12048319634410655
55.727594312747719	-1.6610687862763003	-1.1545489078126578
57.786364998475307	1.2635060646326806	1.1470961500665557
57.492485377124012	1.1017481199445609	1.6961978620675027
56.977246878411847	-1.971849205616041	0.2852774662287324
56.186341355200277	1.6149303186834254	1.252650543910768
57.796974672389574	0.15788163599240998	1.8873003985502479
57.889151042322077	0.41016636836981168	-1.4058114248807461
57.248773240005093	-1.0293548979028775	-1.7074998744377929
57.769481697508702	1.1706655407425093	1.4510962531370311
56.549911382488681	0.37490822556008135	1.814735775358896
56.307289196538484	1.5920833263102641	0.31345443093042769
56.846860869597606	-1.6004863403537581	-0.71890124081289808
57.812559335516553	-0.079493892963880972	-1.8450149778347751
57.814833782121106	0.34674280904943483	1.7578460530176783
56.918985318189883	1.9520524992443025	-1.1036079666862919
57.128473114494163	2.2082586337920853	0.12288728526453004
56.240617642322249	1.9318366069512813	-0.96099157145980318
57.225885443712045	2.1134699323728796	0.5128167578879379
56.682999065368357	2.0828665181356314	-0.46104436792993297
56.63800160431505	1.5733194855778045	0.43410272097640762
57.101530747352662	-0.17100254985302485	2.0488968643296412
57.284317864152648	-0.91212266462904923	-1.5822596671875291
56.906205014352352	-0.84054608972791167	1.7984777033536157
56.069840702229101	-1.3865666170154569	0.89202432537938903
57.053331132806342	1.9416918774439393	1.1284273512209855
56.345061462128513	1.8671413188478554	0.37739641550704778
57.180214579381882	-1.9472121982843584	1.2987378876607418
56.215800154210953	2.0266824543736175	-0.92641174952740246
57.691595329964983	0.066838957020254941	1.5863089858947907
56.201105809966528	-2.0664178163349969	1.1089677677754832
56.593300783270983	1.8711011788294851	-0.72106322089761632
57.136385452492163	-0.060498214155399792	-1.7838959624917103
57.365294512376977	-0.51562315466313924	2.1854154955630709
57.840248348598308	-1.6071904872680036	0.94263542655536958
57.123385174764785	1.2830831007751837	-1.0961752925113983
56.376245483851065	-1.9748045545729271	-0.37693819773015197
56.771749291615883	-1.6319427445042132	-1.6352114663676358
56.366081563740934	0.6302866816601469	-1.8205918564628247
57.97170164403186	1.8603962266611362	-0.37136135116068508
56.237631964332635	-0.77417127357008486	-1.8356943717546645
56.713812420524526	0.53516566569651369	-2.2905097712413429
57.53745601281674	0.38084253003400514	1.9522127675151013
57.467301145846271	1.1922471501918328	1.9344565478674656
56.332017505868237	0.31668226798783011	1.9435565477757906
56.810554354629431	1.9606872967737836	-0.87484275935312206
56.115886529364694	-0.23226076461022632	1.6065820554148427
56.94943455176039	1.9445171969167601	0.48890603181897929
57.699588324941558	1.8618641214643628	-0.7791245072409746
57.703591259414971	-0.69371823470587246	2.3328477474660678
56.693624584599348	-2.3714373170899932	-0.35887947086622296
57.39606690520386	0.88458416583597066	-1.4484663601108094
57.326731988780132	-0.74582675380974073	-1.9361676972407478
55.951319108901686	0.23948200665588906	2.2111289275766675
57.039363432365079	1.9975044745551376	-0.19870214053361021
57.209062904640867	1.6343571616803316	-0.7657680476183828
56.790988503127714	-1.7276965934566288	-0.71113502998568134
57.065147487794171	1.0402349739806558	-1.6567279066102412
56.432305464989199	0.91663698794693138	-1.8146655993838223
57.29437178746246	-0.07825465890597158	2.0731977015432639
57.259118962670065	0.11237532611679396	-2.4661360965108026
56.438351615831159	-1.6625612788259292	1.8313390446499556
56.76249311863539	2.249978057265734	-0.78813793822463618
57.204096989775977	-0.69948445000326653	-2.1001587684221099
56.571864744568238	-0.12567392543352621	2.4158250696380268
57.257862333011154	2.2586097777018264	0.73950768283817914
57.670686860645795	-1.9952057549087863	0.41537678647499687
56.470706827710423	-1.4609240417166824	0.71033399351286475
57.650323657145108	-1.9662088643232769	0.99588467925721225
56.812896436993199	-2.229457109197297	0.27469717975041014
57.303560698258138	0.060897166053583307	1.9521011671805764
57.219768448370722	0.53033251694564976	-2.4361208211702992
56.226296886174815	0.57721960650599913	2.1180380425100753
57.559084210589219	-1.4215545837633823	1.3607295142838929
56.4304151532804	-1.6970029704155865	0.98239389212553019
57.108422041726307	-0.31519734756631745	-2.0278997634800131
56.087982300338666	0.63261016007496185	1.9747722977751245
56.72806275463347	-1.7543277871807594	-1.0353050163580335
56.369917705795686	-2.2129956872382657	0.058130363279926864
56.500194469632973	1.3642019334203379	-1.3580361598242123
56.15833001008918	-1.5401673306986123	1.6970939089068431
57.910654952492429	0.28616269584222198	-1.9522274128746249
56.323826378991811	0.38010895465800454	-2.0144790484838042
56.298388462392147	-1.8097216851480478	-0.82615260651376687
56.967791851085131	1.7500614337960965	0.74787161878994735
57.792691834538147	2.020866963317105	-0.30482905221510226
56.432420844239225	-1.5141884869984477	0.46525198658431927
57.781691016237104	0.58180851116903132	1.8858621621653313
57.206835458694151	-0.56140887718969923	-2.0852354668644755
57.323999800136029	1.162482327454389	-2.1995926677150086
57.32038786858962	1.8031141623313196	-0.99673156282151687
56.059578814117422	0.68004053337610415	2.0209826550634022
56.395909494554211	-1.4735888730794726	0.88829312500280733
56.295250173432883	-1.0328417154340259	1.7935121909006635
56.883693512014148	1.3280600448075812	-0.98262880743935455
57.856492293936476	0.29648408982053676	1.7502491164016563
56.680360534321132	0.79121370333871699	-1.8614924350017465
57.165899434568871	-1.3968253595417555	0.99714334393039361
56.865124073719088	-0.11142718383902435	-1.9302970297168522
57.738901541359809	1.5660091619070418	-1.8905077337796827
56.904477650070788	-0.45368255039461242	1.8151775887929673
56.727704633390609	0.74343490672326495	-0.50108687076525249
56.15105854351301	-1.1875996970987341	1.3348497110556214
56.090336891626912	-0.38654670306625227	1.9018693418807002
56.612593722059778	-2.1926903747912125	-0.36561521517104623
57.018710910454594	-1.1606862323496188	-1.5894854579075084
56.712450927928579	-0.55718210292732817	-1.7140448086343436
56.68776851857978	-0.69890555948466115	1.6464298280810685
56.630134805943598	-0.27898671885119924	1.8214025182813591
56.477165903101493	1.2024703439181832	0.97091913804695662
56.05847240773538	-0.637912283697466	-1.9978473244906616
57.701684927896729	-0.98238476099426375	-2.086731264417049
57.402865747027441	-1.159374939868842	-2.2310549236520938
56.552286843843412	0.95519410567108787	1.4914130296326908
56.431480655521305	1.7287964326174798	-0.20143501054437379
56.079978909163898	-0.86083200484309363	1.273061179894303
56.190289547282823	0.61665132397418743	0.59928212858637764
56.459169200000566	-1.1555438824059205	-2.0842182290246591
56.070048396369067	-1.1391729371192574	1.5922829148612976
57.723355085392171	-1.9463305705712375	-0.65412262828112822
56.478870268375729	-1.4913097342337236	-1.0407188183371181
57.026917977964473	1.0230144458187784	-1.617932773036205
56.611862136940942	0.12460151701089436	-1.8489426787043701
56.761358673808843	1.4043247018910661	0.46640258390143724
55.982289607810657	0.49684821548322233	2.3401874178281319
56.732284588775755	-1.1779812660688496	-1.339915892498561
56.035036159850875	-1.2878004801761715	-1.0547656443511888
57.970960683613832	0.1414217060056335	-1.8152778727605308
56.222674452233186	-1.3055994673452747	-1.2913533265031183
56.409961265166785	1.8498029287413567	-0.49817912585461072
57.854140264876861	0.57145424358199481	1.7394718449117115
56.588562131563414	-1.031754898714091	1.3784978225698468
57.201440763952725	1.1947317720618702	1.602411850405139
56.671864215802664	0.60338005134935258	1.9210956386927522
56.141305395108702	1.4628725566117211	0.71802129083593269
57.381030076424942	-1.2689675303736618	1.61316197815639
57.43415903790639	1.6014580876766549	0.13423345402073794
57.801295876529394	1.1055868902110981	-1.9764378082039371
57.566628116118736	0.4691098890899334	-1.662899433561146
56.407089753776944	0.53525544665511249	2.7924775421299821
56.59034872478351	-0.56867043722142152	1.7464215935977501
57.517028863978162	-1.3227843564852038	-1.298854325963837
56.250278692667941	-1.430628313221068	-1.2780204033944471
57.822852843691308	-1.617842304483093	-0.87788229179983868
57.30476771750704	-0.026612466773105494	2.2471793835610501
57.130672450165335	-0.81691601674436354	-2.120935583281859
56.374715893610478	-0.86198344982613673	1.5171428581832616
57.2503572600612	0.40743008285192728	1.7751854755380669
57.80846752450519	-2.358410159835401	0.14770120761063607
56.952475401954707	-0.34454856542485524	2.0433731302523408
57.610470562209173	-0.77919191154631284	-1.7014261062697174
56.360461167949182	-1.4535877851274412	1.3273840494010205
56.746724364216639	0.57077999834605364	-1.5827067864146303
56.988687832511403	-1.0627930956863252	1.7589674499079933
57.062922557344002	-0.61320295689024951	-1.9191618508469599
57.328714794031356	1.8713786503046721	0.56949771481105838
56.082474740498732	-1.0523253786403042	1.9914389932213761
57.815598458246257	-1.7386736405476617	1.4371808791616894
56.106845527085909	-1.2360862914030633	1.5248876243716816
56.997420805695945	0.67609615949725377	1.9207162762122878
57.600880284225106	-1.1525565846741488	-1.5769204595950941
57.946025752555251	-1.7030300307686117	0.67370142102780561
56.906095089079962	1.0982787859491498	-1.5648729221588737
56.348694167322158	0.98938462614581046	1.5471069701190701
57.055479286412954	2.0221405372506682	-0.46140181800338975
56.438021078045459	-0.1537195349992716	-2.0898253174622652
57.146725790360826	-1.7465330296305344	-0.9392956106329714
56.491134487508788	-0.78853429845438294	-1.9070175264080234
56.55791911504167	-0.87779091353914906	1.6628486391144714
57.255703884307458	-1.7820386993882842	-0.71980582389880521
57.116180599067768	-1.4586963586285864	0.94810088097020673
58.043711344910896	0.32092942952957076	1.9090152480297975
56.251644686554194	2.0899703813385337	0.75394162413438182
57.376969793735178	1.6128527396198955	-1.1259489161195833
56.654652334494706	-0.59887523186343516	1.7529192249455092
56.541238637870556	-1.5255357082410508	0.82851275529404345
57.535933634220591	-0.53727812218509807	1.9584584819159432
57.183756220650402	0.79737506409976067	2.1335182632357199
56.230339718178726	-0.62078843137344153	-1.9298996907454333
56.335396022352299	1.0264417562517036	-1.518848166244515
56.011749069140734	0.74434767007613045	1.7486156506915511
56.422032352407534	-1.560852800921364	0.25637008785179038
56.945426363419642	2.0694942235978711	-0.17527716998920503
57.256787841398477	-1.9741500243564727	-0.5138590921410211
56.403567801898767	-1.6880456586001991	-0.36825299417227964
56.076325100134923	-1.5666889561690733	-1.4425518458864444
56.205574720532773	-1.9768378832117279	-1.1074868353817384
57.943719866215602	-1.0693786753278911	-0.72467012073397097
56.211212820374755	-1.3432426424464452	1.4859915582843102
56.477371807374993	-1.723887340445512	1.012264709141959
56.756383311226166	-0.33855750483603103	-2.3129832689859819
57.365981551942504	-0.044472447874380087	-1.7958795957784863
56.891321800313868	1.2470264570941187	-2.1938404116885395
56.489021782027557	2.3143444530092205	-1.1835851768916323
55.944238492627036	-1.1381162692667481	-1.5909843833161388
57.006020951101441	2.0878794522768196	0.7532496017019974
56.937096827780479	-1.6070028921346482	1.7019369726096585
57.118238070500489	2.3584851452208131	0.93852070671810928
56.517340845786102	1.94177615658865	-0.097482221027796231
57.474726911256461	-1.6682747190445879	-1.3059653393026627
56.047879662269658	-0.80846873670876152	-2.0771877024814858
57.147654463741816	1.7380130096088295	0.037525986886052867
56.285880701759147	0.77314427005811825	1.6518659323381841
57.630192437867024	-0.97962288272996745	-2.0362214521675539
57.707497234125206	0.64246642357844841	-1.7333706962298221
57.257546846478654	-1.9361933763115342	0.22756100298292253
57.699183256090009	0.29020521372232017	1.9736878275029828
56.913223591284407	0.27212131034702902	1.6037727857708677
57.559087855510718	-0.61659420887783178	-2.179938733253358
56.194124764691573	1.551912950931819	-0.95107676871409419
56.502948924182959	1.7628647769409065	0.17668125576476329
57.459759584480715	0.82568161624225245	-2.149800497512933
57.324550651016246	0.25930271653762038	1.8575208713189
56.409143985813479	-0.36649498106572087	-1.6830650347369873
56.278745394816603	0.52364505935626426	1.8611633364071842
56.690956532505403	1.5225171065245964	1.6726856447516993
57.294493247445644	-1.7863981843855439	-0.06223670837253667
57.567435894103276	-0.83512406463330768	-1.464090630875803
56.093261186571503	-1.6299341763030668	1.1376009246385539
56.710946214466077	1.2485329861678929	-1.9898988862608309
56.831509379988432	-1.8354176737032375	1.3877643317861843
57.071973480802036	1.7062392700264133	0.36744606453760154
57.773823160492753	-2.119515190762165	-0.95050749621186537
56.537641996554576	-1.1289172172712174	-1.5288826548653325
56.694514567022701	1.0243029713362193	-1.5831278800495652
56.203061123430324	1.0743602675427726	-1.9318228814665612
57.537149452259222	1.071975152121448	1.6865545721037039
56.179279847354707	-0.37838963414884469	-2.1066327030343897
57.334074037297384	-1.063416297001347	-1.6066703523889232
56.638796978489111	1.8025488588395018	0.15434674776370749
56.536553375293821	-2.0013218734664058	-0.80920936283381173
56.977091897037603	0.56920639469035117	1.9278062679341954
56.430479844546397	-1.5467412259231608	-1.2082357842404903
57.589682492605831	-0.29039981116184416	1.6030985385692813
50.164328201172971	5.2078203317485636	12.87017485614237
56.352800997743877	-0.94981254286950068	1.830881156841955
56.433336296277716	-0.21423965888856156	-1.4880679928961253
56.376548295819561	1.7951757840537095	0.074347065939186524
56.168284785104191	-1.9779878720988331	0.097425160408580749
57.83271284649944	-1.5942760607746329	-1.6634380497906365
57.055826382140879	-0.80310337930819375	-1.8040687020494979
56.963707571900557	1.5991652266874232	1.3036215725295919
56.977071211007264	1.0610067473802387	-1.049199938643782
56.682408474011837	-0.31830783500960796	-1.593709407727546
56.785588020743084	1.6593347432107992	0.18421627356586628
56.007908533605757	-0.84252299357377392	2.3231200400125216
57.023190144569334	2.5285259278811618	-0.15240004045343655
56.455348257757464	-1.5762243984975586	0.10845033088716696
56.786376335237044	-1.65036121972582	0.65921784769474168
56.471514684199093	0.566124256501498	2.1755421000644986
55.825784240973476	0.68121736653935105	4.5533362274816795
57.14881847851413	2.919489924949751	-0.51364584900653576
57.849352699372538	-1.3936914869250261	1.3493407629027114
55.974748550589418	2.0139894028141114	-0.45458172469623398
57.727061064966449	-0.80932655821161492	2.1583307182076799
56.810905433969303	0.92024447851627122	-1.7234967184821011
56.857854564790514	-1.295494916341136	-1.3560044127019744
56.85477105876663	2.025073228038361	1.0724271738820048
57.079518958823321	2.1950896058727731	0.34983596817573703
57.05557558876022	-0.63295734954334559	1.7271404413143505
56.817742706474561	1.9590961393051705	-0.99914513125666349
56.332169317540178	0.2086211134202581	1.5629109553185823
57.678252925816217	-0.50709983498383049	1.6915984487019815
57.038705305751456	-0.11745525650918182	-2.0227554432627888
56.181601426637314	-1.7500464521468941	1.5346904766774103
57.216726749646973	1.4367710725093676	-1.1066528277261996
56.033237669592864	1.6360826112687856	1.6886822820504614
56.001225761083816	1.8584008389903408	0.66026506365945958
56.367740845542883	-1.2922017974504505	-1.7743277464491558
56.490789230000779	-1.9813172709764864	0.013744410090060026
57.871649176657371	1.6249539276919833	1.2201119075031648
57.69632013177722	-0.52633844712570854	-2.0466924818892136
57.585591216532059	1.9174372997232787	0.59514104251225608
56.295758542379659	-0.59166398872466208	1.8572168974788665
57.07243366876979	1.5440489130353408	-0.61893083007809657
56.078791371421893	0.97924649332625668	1.0709669360108465
56.438684204392075	2.1278452267314476	1.5276804897843004
57.053786665456734	-0.16027381245222291	-1.6304692378844978
57.695590141612229	2.2274513605669508	-0.62293149873442932
57.557368604473417	-0.32958634245874269	1.8647458307884504
57.829460729162165	1.2604288941723096	-1.758882594555494
56.616824961779479	-1.8554854639954683	0.34127632404901798
57.787817172932982	-1.0111504206448736	1.8812002393627572
57.074243163063592	-0.75618929942142921	1.7971765277092115
56.487649517638808	-0.5624187146194547	1.9048931867683427
57.174917184454742	1.3254083828082015	1.2267635767086591
57.021189898270606	1.4271289268204452	1.36477425325723
56.583598857293772	-2.377609985166016	0.28358668320084113
56.595041814790051	0.83793543391964798	1.8652887752895182
57.040090420601913	1.7918433623825085	-0.27116149210862106
57.583711937361187	1.8972413589675274	-0.6845838200690626
57.916576425420551	-1.395087620097184	1.6705202638312704
57.146451374604567	1.8303089350361126	-0.61781207818646222
56.022194299379699	1.8246015659769337	-0.93646056572810976
57.448864799443612	-1.2421575129172948	1.5634184630772681
57.467038382091211	0.71087998695081356	-1.9189457238851524
57.779150640717674	1.0680930589515414	2.6382096516014828
56.950961815602284	0.44190175290608774	1.9031079339575834
57.55718369332569	-1.1912128094813075	1.3850694109815884
55.973460445029964	-1.3291032758423049	1.0652099247927687
56.956963106417398	1.4437596471219762	-1.2249389343504558
56.092080610412367	2.2342799657360208	0.94054344813188329
56.584072722751138	-2.1030238078755685	0.027684548349725391
56.480766643115246	0.10543429407120797	-2.0054527296912061
57.000393419590914	0.74002660532750442	1.953761564172507
56.460825562592724	-1.5683247845325499	-0.97447746813267588
57.179905201422145	-2.0949741456183575	-0.75897642334858395
57.842825431760232	-1.1011317512861905	-1.9316139088986677
56.648527839987729	-0.6354161897913434	1.5842046574327284
56.49943170319716	1.5852119494207515	-0.62483294340531392
56.373173522505034	1.6925860656820539	-0.95768790747892951
56.850654371801134	-1.3416811384576397	-1.4945053712270813
56.9436401865714	0.85322035753897352	-1.5909272730434065
56.913196584877007	1.2645859401630668	-1.7551381128186545
57.00697753924441	-0.42700691430216792	-1.7585958311838963
57.516379456645282	1.6860995485648296	1.21473674891226
56.882611282331176	1.0702217950084603	-2.1742876725464071
57.07196444891715	-1.9527219794357182	-0.60370421555076614
57.127446308886881	1.9082362881190145	-0.59207092711324749
56.86951771115136	-2.1453024402930851	-0.19139834411322279
57.88198731673539	1.7509255179385614	-1.2754617331177185
57.806452566673201	1.8594541660550825	-0.91196693261360262
57.087476275887937	-0.55682196948779583	2.0032606994438216
56.4572160479646	-1.7549180969854459	-0.68158594795802652
57.057754434834713	-1.6189975172807842	-1.3824016417896341
56.661927004536857	1.2533862082072567	-0.83656344991253617
56.440056624176911	0.70120380807063698	1.6083347857412349
57.461327423858123	2.194570453458399	1.1230636321438954
56.572849905634676	-2.0336808833125075	-0.43541885263831392
57.055700723923366	0.24644914590046982	2.1515774358731377
56.961096978261473	0.30364288847244103	1.7809852184820956
57.05392791000402	-1.8033166517350583	-0.079060687852092221
57.665312747887555	-1.1625927715211499	-1.4817107100095175
56.841772343063504	-1.9129661137332485	0.71208917398233595
57.674156357167931	0.14833069988704728	2.2127819743785113
56.827427437310277	-1.6452236947586385	-0.44470829426734731
56.326748262079654	1.3915895077417413	1.2676047939501838
57.803133866035417	1.9272004521914206	-0.67483474321035375
56.875046709036177	-1.8085545058088095	1.2774017940967308
57.464520524859644	2.1983666489798068	-0.39001938331762231
56.904465194712969	0.75543743343959657	-1.6803348416771253
56.381512323290458	1.7223596323837969	-0.80579941335109517
56.018745605915747	-1.4900903351807016	-1.1465162489210174
57.674557913237358	0.72624348594564292	1.9546791235649941
57.257205223269359	0.0091179044934665311	2.083928472376257
57.865012153316172	-0.9812914213233449	-1.5171281895985536
57.838139523214508	1.5052713785538963	0.92243174142393358
55.896420755529221	-1.0999394777531384	-1.998789964864232
56.984276322289546	1.3966745480009528	-1.9468641061765795
56.160444189206316	0.26230938292987049	1.8160898606026592
57.708281055438761	-0.6419843178506266	-1.9218778995417538
57.408941650643996	2.3554091552383496	0.33597310038342437
56.871906336615041	0.31643109525747043	1.7060796531938072
57.542885911511824	-2.188335778630909	-0.19842466891986033
57.356534666815172	-1.7622007174905552	-0.24378742319072541
56.030180610172778	-0.40199995437011998	1.9492891828550594
57.301639402226932	2.2244443571001016	-0.38834064647566019
57.036498968540542	-0.89158023859697455	-1.8873848608261767
56.866957175996482	-1.8573407978701955	-0.79729093202119528
56.740241496626666	-1.861677041513679	-1.4648233873321994
57.746245911717772	-0.20289225825120621	-1.912786652163762
56.393985544737937	-0.88761120514636183	1.9881017571617148
57.718140019822684	-1.8789974156658185	-0.076232974968820796
56.374961333795667	-2.0486840314932979	0.83985196739425494
57.440993196818205	-1.449107888231643	1.137393308531607
56.197070939868759	-0.82072666212805434	1.8431007711833924
57.714930227418989	-0.21080506701291868	-1.7700174031144578
57.18019476549081	0.8646635614041619	-1.3420230557122999
57.466820893364634	-0.48923416457650337	-1.9534480481297314
57.565859151318286	1.8968459356952558	1.3892545268833636
56.752023182521604	-1.4481251578153636	-0.972622599795813
56.251091858793956	-1.2118505114005611	-1.2835835703092286
57.574425723843483	2.1593004452091904	0.61198135002699461
56.738160431707612	1.1164326426051947	-1.3985100270280604
57.121153314190487	-2.2258069506857368	1.1960651941812568
56.523478438371846	-0.87553271213569595	1.6292396573648293
57.505651485926265	-2.030169213950769	0.54256387663144312
57.62721480061748	2.141878277031207	-0.66971642245606666
56.614853072649233	-1.9813023041945286	1.3564675721627446
56.067857215449322	-1.6616579685539685	-0.99375102763011147
57.485088207651806	0.45424173630494913	-1.57145378537014
57.241423142668552	-0.30936144239057956	-1.8513239118201728
56.973224852533242	-0.8165332137339254	-1.7326957877916809
56.066822617104037	-1.4437379346862476	-0.17382724254778625
57.733469398457792	1.8570833528682227	0.071474826964134222
57.647687741518034	0.41335606445981038	1.7818860944086006
55.961680511214198	-1.6139858612597853	1.3429869265512837
57.869947033798262	-0.8958001012967366	2.0575596397215796
57.742302635659279	0.5566003213455305	-1.7508793970525904
56.5004513263872	-0.92046358512485382	1.2384421218614257
56.465399538055344	-1.7554561856889492	-0.97866927914685442
57.314098415090172	1.9523092715122046	0.93662229272973208
57.84435787526666	-0.011659466327759842	1.7314257047444217
57.104755425494446	1.9067930305029315	0.87988054316308273
56.29310690311771	0.66333312761211283	-1.745199159629045
55.898343622543436	-1.6287849207881755	-1.013880671548413
57.175186075834048	-0.82180505599809173	2.0909550279819262
57.69978331184997	0.41089198347445421	2.1360825276643531
56.61322683368779	1.6776901735399585	-0.11996130969001588
57.088759152397174	-0.55713475838559212	-1.7241031591568032
57.896653853317716	-2.210416223062015	-0.10227558226098393
56.570679613618665	-1.1047521349278315	1.1473001223924872
56.218195611494608	2.1526824607211967	0.77822359582275502
57.393464823342072	1.0918004995201638	-1.4405982362913243
56.800559225395631	1.2369962961163721	1.492790284036509
57.307618217104825	1.9411802280149615	-0.40467849804128603
56.185153975575197	-0.64450283783479601	-1.8532334639108226
56.630429485501217	1.782347620741535	0.52956846316096617
57.115710536403022	2.0974185822808837	0.39144129576017106
56.06707349949157	1.4156417558528387	1.5439873938994433
56.656682158828652	1.6162073276218045	-0.22095881797634662
56.782038448324137	2.1666209471164604	0.48828093521329291
57.962638452098538	-0.81675093477096006	1.787363844797522
57.026279750253117	-1.9376259084943166	0.18911982451197049
56.770404290834207	1.3261968795109313	-0.82622991347175301
57.421342097750291	1.3357234555879036	-0.53798082296593708
57.17984770253841	0.12460860537878395	1.9817857244285801
56.77935345572606	1.9425534722735904	0.98623043924204212
57.841755616151325	0.35319634939103201	1.7921038604130712
56.033846837059393	0.51871395089613848	-1.4168271291477994
56.419798953386781	-0.52795786904447728	1.8397012402355022
56.63252527644552	-1.5114050511390988	-0.76981890577132073
56.296897503901548	1.8329394878698695	-0.76596113075602268
57.564853559076894	-0.61938638486908304	-2.0316244390653777
56.905499202079092	1.7774200749452	0.9927218539873921
56.111372822435051	-1.8224398304276168	0.077772393226363035
57.155338714729304	1.3320663166814222	-1.4329807629293241
57.237460179984936	-1.6886335523847056	-0.90053443167050007
56.595194999744301	-0.23724621785252359	2.1821299136873282
56.160923449582874	-1.0411735676931753	2.1259477613401008
57.813692362901229	1.1259783488682047	-1.7366888917802323
57.56535660405163	0.28834861694855313	1.9413750925212672
57.823104261911695	0.41164701924336061	-1.7345033763518334
56.295035097232059	-1.6166689443714062	1.1137786306580475
56.392204213130427	0.48707976139569442	2.0850432259574516
57.33044093137881	0.62285577986464791	-2.0780149792860083
57.977017048255938	-2.0249116901274364	0.4427912685724445
56.100902418204697	2.1414067562775103	0.71358521395229024
57.210168308185601	-1.9287939823899425	0.2837276253403091
57.770275330487152	-1.7432160555938798	0.6059446706584789
56.753409213548117	1.4865423303121899	1.2938863637224425
57.593329551199517	-1.2800061892046928	1.6863089498316994
57.261175198501746	1.9018142006875531	-0.27935408150865521
56.086261501803861	-1.2967338917525981	-0.90973123601409911
57.829864960412138	-0.32862982238990845	1.8917994930204942
56.172443290996611	2.2278582397739326	-0.82526694736358652
57.704627760047494	-1.6182009917524796	1.9984718462967679
57.808199481442458	1.7437793055862081	0.056071822680619492
57.764951835408787	-1.9070330379613616	0.85793327888152959
57.07115942352987	-1.7697481708506528	0.63825145855973431
57.155938968199273	1.5803833440300328	1.6146149852436744
57.267278631350294	-1.7360071036791447	-0.9298110880540047
56.588687081487414	-0.70471999276902675	1.611733485490396
58.066286745592649	-0.68410928393274728	2.0734861664895297
56.623493666001977	-2.0092001309006031	-0.55923702285844279
56.893941402201428	-1.6226847120875503	1.3742031473991532
57.485264260926492	-0.26933913186793396	-1.8668285778706499
57.165653384726284	1.4452518584479728	1.5480786260211929
56.018705827880495	1.5894310588188727	1.3059936012970916
56.544490774815998	-1.5963479435827397	1.5201979491759419
56.251590241531296	-0.40860833136831376	-1.9786088951269889
57.839138871254761	-1.687904020449958	-1.5791059541379067
56.008998609557338	-0.86366510498812721	2.3291348780742509
57.004390725651781	1.8881859623349917	1.0493898407027114
57.492054853728952	1.5080222646374826	-0.76631962813241439
56.139682292836184	1.6293986952710666	-0.064030765910440435
57.532183812520508	0.65556982013434462	1.3443498016509399
56.254449567966276	0.65060879026925178	-1.6333989692429387
57.46228787272333	-1.4619430472222079	1.2073817411683878
56.895964154629375	0.879665259267434	1.850418184587546
57.504987403915088	-1.1252784105579914	1.9038288416113573
56.308070461157541	-1.5136243786005461	-1.3729857383537643
56.529122790563235	1.2862169289370948	-1.3112665847898075
56.523565401619315	-1.8382009387178679	1.0213978424597616
56.37843348881799	-1.9461160869728795	1.3028921121401125
57.442199004907529	1.8594751517469412	-1.3603128322568396
56.184307562518505	1.7354323599431691	-1.0290164643915662
56.106218843390899	-0.84915127626801812	-1.8748886278166716
56.626576249238418	1.0592814423331769	1.6967737448143352
56.279925504669599	2.1860070808049072	-0.56393702765092446
56.970505957158913	-1.6430578572380723	0.61085192341966466
57.734577106253553	1.7546662705362615	-1.2431950508144058
57.295457325698202	1.8862465737512459	0.59763474463536148
57.955127909288876	-1.8754292218784077	-1.1332634059739355
56.014317289732048	-1.2368082227275052	1.1969292386876349
56.927169179688853	0.14835433098305317	1.5890525076457553
55.947934630539962	0.84535090596917184	-1.8716171074493133
56.811532640936825	1.7524785093385584	-1.2547467112529684
56.519612874305281	-0.86131715019420252	1.5413600840533364
57.347048720993762	-0.62728398018654707	-1.8414051373493161
56.295981981127369	-1.6098260174221604	1.4291174284943642
57.368448569106185	-1.4518736169190658	1.4057859675252147
56.272446983344977	1.462593978730871	-1.0017879734477997
57.817971266791488	0.51481685003316258	-2.0977381534712225
57.178192573343097	1.9920398541343793	0.75618913010835753
56.177682045058539	1.3137340594331155	-0.33509499616521671
57.846644237714735	0.090834331817555874	-1.893945928637272
57.126064838691889	-0.0083503778692383505	-1.7840757639020113
56.768786076090066	-0.50284694431471522	-1.7296474784555709
57.40085542375455	-0.22595564618731406	2.0594137179408118
56.709034589224245	0.90094245190671451	1.8869667626701019
56.649200870063346	-1.3074197419405622	0.52004049441800848
57.271731370278097	2.2105679363831157	0.64765288607760008
56.308478469528779	1.6939399317856951	0.86152973275132438
56.826161060304848	1.9088919629102754	0.05299974603864905
57.193440509743567	-0.032796262009211007	-1.5896105890673951
57.368905816438392	1.3425550693212296	-1.2290790142011212
57.853634786386429	0.88987661588281153	1.7333276071190427
57.755134590320417	-0.80042372861110989	1.5496212578879844
56.523124352080274	1.5595524278602235	1.1496281675015774
57.726424527091481	-0.55124664018121072	2.0427324633472659
56.02853881417083	-0.8837494771172234	-1.202713752043141
57.450777558725861	-2.0023410546593516	0.82788227949630278
57.812654820895773	-1.8760579727272668	0.42931874242993351
57.495789080918776	1.5975793522355912	0.90475286488136153
56.581913938784503	-1.5145567885849711	1.4074844707610452
57.141108158133463	-1.5661582622730028	-0.9201714432965975
57.626349070240089	0.031710113626566935	-1.7540681216472906
56.380925673189822	1.1152547328295588	-1.8874196758248405
57.565984513544713	1.8777721206262188	0.58850559346132725
56.299623726611522	-1.2436389096701859	-1.5337340677431976
55.998516477313458	-1.7682059451717025	0.59312964480008312
56.982265598596385	1.498940650484325	-1.3725886760845996
57.051041995473504	2.6373328451213287	0.21040343132956077
57.539644669686474	-1.7501395210495396	0.84146507491297995
56.209748995640709	5.3187181247151605	-0.31589710365405393
56.634639711429443	-0.94383964862319925	-1.4387765100919747
56.703964184586091	2.1862728052994913	-0.71617107765223842
56.108784171592255	1.8054796211096062	0.45594234855639759
56.945739419924834	-0.39875856684749783	2.2268864112727673
56.700853338816948	-1.0406849338489954	-1.5845010284773771
57.391650056661476	-1.7556857369745673	1.0705534703333666
56.586551080055258	0.75709821566884727	1.9964819052430365
56.165195346070746	0.059097322325966165	-2.4431715858034253
57.566853590799468	0.38162131169267993	1.5560717564461657
57.376915397015708	-1.1043097103376383	-2.2027997479558632
56.494056501065735	1.7465956619817955	1.0020963929052211
57.724411022996676	1.3982462851349506	0.83526182407711214
57.186278668543238	0.58747318406154858	1.6087960357816402
56.677844820904312	-1.2736656090648588	1.1390392723104485
56.197790296654297	-1.7541413241531234	1.3649930084842448
56.741768804365265	0.22286243880985435	-2.0580921421838481
56.709268702192446	-0.83926079087635719	2.0767825557647779
56.492463854152255	0.79626762537269991	1.2597678230896803
56.348296628072532	0.86031333808065125	1.0047808380939205
57.683994658984481	0.41405804130778812	-1.7912946645112033
56.418440541649616	0.098473737896388178	-1.7303492614764864
57.486498232380242	1.7312221156277532	-0.87801660734091014
57.528552433050017	-0.43950425945283822	1.7361415602931285
57.592530714294817	0.16624887810227784	2.4485959519910891
57.739149211982429	-1.2332702480542828	-1.3319118286235847
57.376180033239493	-2.0331396620958047	-0.14599571710871387
57.625273472145992	1.183522686635982	1.7895479490470214
57.46627965107578	-1.2042315823191529	1.7831025832058098
56.609947785146076	-1.9189644621319562	0.52454568708408966
57.086144586872763	2.0688442876027762	-0.48155198561775742
57.566862913538067	1.7737888628452574	-0.9464223625127105
56.756390174671878	-0.96411579255026714	2.1639262699121606
57.738473806923906	1.217471994876135	-1.1579596812141841
56.436616590338616	-0.22114449410396883	-0.59571114581717366
57.075081065088746	0.685809113430351	-1.5792869324293095
56.542111194533341	0.97824072832411413	-1.2451469744798935
57.36007394740988	-1.7072230810141418	0.29595050564418818
57.442450237064378	0.019691391746498695	1.7224389537949287
56.118267981721843	-2.1309585356840923	0.27985082757697982
57.402970541598641	1.9053089323744457	1.2664079572950928
57.656413239999033	0.59170956056765123	2.1123243969544667
57.538396724282556	-1.3443503401435195	-0.81978242754906283
55.905328066174029	2.0005918123356046	-1.485426728776166
57.194796534022345	-1.7983656883299799	-1.1343214965075501
57.444801777925349	1.9896146301503743	-0.59691120282789223
56.171238839456912	1.4121766175395261	-1.1797178327035707
57.044487316760673	-1.4534408348300234	0.64366485173539634
57.834897549915432	-0.95787133543508374	-1.7914797464044496
57.028623952869005	0.79569703566040451	-1.6699732311317237
57.003532524808378	-0.6901464031787522	-1.9204817955661513
56.468691052723287	-1.5116041135785159	-1.4178186915217452
56.860347571330884	2.2339597205086466	-0.081433983556773171
56.479671784165873	1.0881977852736062	1.4496869626972664
56.04199182647897	1.2245557397127691	1.6108646529004789
57.006237397247084	1.7869787708774802	-1.4147985963903884
56.363086811847545	0.077674774541233602	-2.0407489317597416
56.891983992872902	1.5427736931873575	1.5363670095347663
55.861668664897522	-1.363311247037865	1.2039807438426364
57.414894822523813	1.5912219744792035	0.40769370121388376
56.217052710710206	-1.5705690124020926	-1.4524525579397412
57.463339370436245	-2.2473588012669681	-0.080156776033362701
57.635248984907811	-1.8327640584451568	0.04312646188199299
57.778287518060509	-1.7416920287613151	-1.1769183160286587
57.730763540778945	-1.2757537732934505	-1.5731408410745278
56.986523027802505	-2.1515008313875867	0.78101675503285162
57.174966184705717	-1.0548032064937154	-1.5729045226935094
57.410379061629982	-1.6436169080543708	1.6075677817251963
56.450790277817994	0.13434393970345132	0.34634309422764797
56.66462371843172	-2.1730473617869168	-1.0263889765883467
57.120662029453555	1.5842712884703511	0.59216658414387457
56.174008208013156	-0.76155629608790376	-1.4517630654655318
56.139931704410806	1.2620826616502221	0.71669091107240535
56.898361583208647	0.7187303445727149	1.4974486988583617
57.291530410522306	0.050017384694489228	-1.999843104255224
56.702323713050383	0.97195390695403749	-1.946050088952803
56.242174195662038	1.5950993120508681	1.3472918374218941
57.829311476874054	1.9768009483522717	0.26506705312420414
56.822255957421007	2.1551503532612095	0.23691746180133402
56.836463856302508	-1.6950046973020476	-1.0878381184680588
57.361281792607656	-1.4953786758266387	0.9924253015551483
56.042730161444069	1.9899406257381804	-0.48831527300221883
56.348623860557566	-0.046215937196565068	-1.1266413870573206
56.069223753944307	-0.85216924351098344	1.2839172479963556
56.000509413084757	0.1964565941688699	-2.2877300497183701
57.072938055352878	2.1074664357063906	-0.68853084038169221
56.329351337297766	2.0672097855624525	-0.43440116310456822
56.703783287993737	-1.0573264678096042	-1.6978555468361143
57.186552341542964	1.0845631906368707	1.4825781724248022
57.966879961474149	1.5164703298033251	1.0278512415188159
56.309376552074141	1.4327839803030007	1.0733121939939165
56.241211762270332	-1.7653725960285978	-0.25373087880965056
56.715125519911183	0.26680002835586286	-1.7774059896511207
57.69905652173518	-0.55066476171740908	1.9468388439324997
56.361798709462768	-0.28618554133961971	-2.2884583524850646
56.511922797372549	-1.9431907820652545	0.40486198812044333
57.467507040287614	-0.57653193562784144	-1.8994125334948899
57.29934295882429	1.2586954387324021	1.2537821866132257
56.669366289353441	-1.6456486763074865	-0.24058819808836415
57.089727415269223	-0.83859946125591911	1.2781341862865689
56.10093130061265	-1.160106138674472	1.7166046298457269
57.471937821646485	1.1204369325046077	1.9369283520122988
56.145529202210021	1.3696728874370208	1.6287593708679593
56.210152763551072	0.065295433406783329	-1.4304201094904125
56.937528118781657	0.63458103130297516	1.953874915568558
56.842173478817642	2.1516506333989289	0.038981498039455185
57.749395224005177	2.0820561367429922	-0.54024629190988283
57.805759864252693	1.7948319207368975	1.3981818604869796
56.625465376278754	1.3172760478558589	-1.0779663055783724
56.004811031747927	1.2386435813264125	-1.435848221369783
56.270506115017668	-0.13421429473490173	1.5421932453871399
55.972348374296409	2.0412206134404438	-0.46579190983981505
56.624236087790983	-1.9788380234972878	-0.083253813681475886
57.143951825405615	-1.2529802739713982	-1.3219111068765226
57.20632481497681	1.314666852053785	1.570031118921241
56.194774452922225	-0.69521983057118286	-1.3212584928853615
57.774938838007046	-1.1715147316048942	1.6013552713101875
56.075129979943441	-2.1506863344320579	-0.20623217832094468
57.049928481558126	-1.8447617874142495	0.24587160148630438
57.967617869445284	-0.67698233205334757	1.7708403976056843
57.71009707188508	-1.140283461423869	1.5459530614768671
56.702912905456358	2.1907611523424149	-0.24401338736790135
56.849257821883015	-1.0128595402413949	-1.4186231643219986
56.466409530828066	-1.0569958883552506	-1.8374568025236293
56.286938985929645	2.1384901009519526	0.70418054792938467
56.674441415247266	0.56737413497887135	-1.5580916380232961
57.778427365474812	1.0486628828979154	-1.5187548969059363
56.9205774675805	-1.1158639519924682	-1.6688254480935283
56.161665925762854	-1.2379869503760743	-1.4272958526127446
57.789927781711555	0.69000832463770356	-2.2655469927894578
57.791149136339428	-2.0470437467740541	-0.030637496718310002
57.627192779249874	-0.93500523716393824	-2.0788622887341313
56.710957311804513	0.10709798243597184	-2.0283036629677498
56.472492927681728	-1.7475960699434727	1.7533298945826068
56.549114672836843	1.5338664264129214	1.0441608363834745
56.584875541544434	-1.9217070026169005	0.0059722152712007636
57.867829150751355	-1.624449638838249	-1.1577645983057485
57.316438344072864	1.9027340435319273	1.3110206049942854
57.536093665245559	1.568232149755789	0.99511385390590334
57.354741103641942	-1.7394318108930795	-0.15181657222686312
56.858462525197574	0.97165971059428646	-1.8685707560807761
56.947803754047101	1.586276262061121	-1.1237325292969915
57.927297739575572	1.4056138764852089	1.2045062212215394
57.169531786130591	-1.9130829415862918	0.90821847612088735
57.519717216121379	1.2964681016057678	1.8049709939976257
56.429741245561019	-1.6672220151721473	0.62680898850471845
56.820282059563333	1.8245913937515359	-0.7413335526987741
57.677569044529967	0.70371731179532504	1.85183241142384
56.993973712808227	0.5523626344108401	1.8661142581942076
57.836785655117865	-0.40152605701017785	-1.7888666217271292
56.331935853033322	-1.8554636186572169	-0.39508499412002335
56.996321397274386	1.9330787294361458	1.6762381567437881
56.19512203230785	-2.1592523652654791	-0.095534640884183883
56.450812637779059	-1.6491205318767725	-0.35330737421381053
56.263804918348761	0.050655598629303626	-1.6535293660230173
57.815462658601916	0.44727018874544427	1.9354292559585053
56.703930534181623	0.59110416016317024	2.2915860905198251
56.155453421507097	1.0485787042045933	1.9467691110419674
56.754026894477462	1.9285250307005206	0.77124840119422655
56.658907184270284	1.7223420363769151	-0.90507354663667861
56.305585595148322	-1.838166994781619	-0.83613972733596509
57.731865537881042	-1.3730449058044916	-1.2459749697330151
57.729919414808897	-1.6882051402874816	-0.074594422205814026
55.917112829710206	0.29824011873617062	-1.5304991243397525
57.629706274690498	0.6859415992211978	-2.161143981652939
57.213739227549361	1.4520575336798647	-1.2634641606330823
57.268696246736781	0.12795662750025713	-1.9287110985299767
57.086045899719501	-0.55606011279645573	1.740880663240709
56.301254689572275	-1.1167689700640901	-0.99619559852585049
56.674317034090954	-0.042186544672910616	-1.9935631085885122
57.481085598336144	0.38974812369082418	2.2288451812833121
56.281617149257926	2.3443228132369631	-0.35078314334210364
57.544849279122715	1.6085196833464588	-1.1349969391078294
56.490249737237242	0.41782869655881055	1.9059518353135403
56.068768032334582	-0.71812560796845182	-2.1246117250658267
57.54964169931538	-0.12748704667985369	2.0800484694985992
56.327080974272391	-1.5149258802261087	1.8188128838763711
56.792940919245872	1.8827935112708662	1.210130748949654
57.366848394924276	1.6665140805099423	1.2948359743076676
57.707644590147439	1.6925217360712144	0.95278283363050364
56.389744355883963	-1.7091829030887828	0.47699019686772215
56.809566672948719	-1.0415989638826393	-1.393116018485709
57.002465063398269	0.53762562497305644	1.4507511217433657
56.237240900185199	-0.46502428264314205	-1.8275255383292921
57.743840925897146	0.14433882516920102	-1.8924014083977829
57.299274450526099	1.7081679123190141	-0.8962105816049537
57.147041286331387	-1.0243531613416905	1.3697965049466148
57.408976199125739	-0.44644991910002335	-2.0808826178670206
56.072428104387214	0.77140001241936518	2.2395690568849873
57.37494065382792	-1.3929064034679677	-1.4801683762542048
56.045744448974418	2.5174333824394779	-0.75619775450740001
56.829412956117508	-1.2861557739527438	1.7669746260210892
57.188893575824771	0.36545954129896574	-1.5370852287542769
56.687184774733495	-2.6245425316871036	-1.3036974813904993
57.270168249386465	-1.0025489966443271	-1.1286967223931037
56.222110514481123	0.93648511528719303	-1.5527404415001278
57.991771387879581	-1.1048228468848633	2.2174598207959977
56.005968233935235	1.6485596084386549	-0.004690127014617065
57.762251553768102	-0.9691260470874391	1.8388107035478425
56.28459267808698	0.5385222183577969	-1.6602686124338606
56.021455717343855	0.38261722984781826	1.4364981212417072
56.298321883146883	-1.8853179542221137	0.38345131641684566
57.276329241393988	-1.3799842407601188	1.7569947057578246
56.551916219816597	-0.22150494005316304	-2.4867972256609252
57.697887640802726	2.3222190728069152	0.45770404189787184
57.250306810690404	1.8694193350435522	0.37644661180477373
56.051126738549122	1.6393646637600732	-0.99778722006696385
56.135645970275213	1.251754118782449	-0.84172589749810101
57.678828541676971	2.4633220555680095	-0.36524244507173714
57.117394721526864	-1.5369870317194743	-1.5713544607924379
56.463703992546336	-1.4829764090261588	-1.0229451870200204
56.143769866456644	-1.7582479397049466	-1.800408640292414
56.998792305022995	1.5003444795630734	-1.1456868219048777
56.756103315858986	-2.2889173542299242	0.53776909415342355
57.597342102442198	-1.5278907355758136	0.72581017763164668
56.228335755489915	0.92823529304502461	0.8509770253853236
56.111156909301329	1.2440535174554122	-1.68988265153035
57.085488270516905	-1.699479563580645	-0.9239166605017376
56.939504824470646	0.69422706501306863	2.354413758342496
56.557384654069189	-0.24592125963346589	-2.0971715709771699
57.406416496887694	1.1096102509656727	-1.7239579114465879
57.648655034353489	-1.0063922280967472	-1.5943676640627764
56.18743063821497	0.25322407074051861	-1.957165185777918
57.150255080459786	0.10208899429675876	2.416356064638812
57.572193095443829	-2.2956599829376061	0.15478623289293886
56.933784067046311	-0.25559102235717929	2.0382275834093777
57.121270520940058	1.8186439367250786	0.708513107941938
56.135121166934788	0.5597878123811707	2.0788634367075129
57.66349389953487	-1.7560566129706456	0.60044173862902317
57.762159312726475	-1.0680101313547443	1.6474579433906709
57.910467679035506	-1.5010477546629744	1.0878644931958419
56.617831852136085	0.5808093039245068	2.1352167129252684
57.383177329660235	2.1728145747757273	-0.40529522821031855
56.580807435712209	-1.977451356667262	1.0178731059928561
56.600352585320323	1.047390456600539	-2.4333140264078144
57.407315013406425	-1.1177984598905217	-1.1687043844219895
55.821962476437577	-2.1387323040827435	-0.3001223992289847
56.480247119834992	-0.83523206014319318	1.3198695232332955
57.452563200289347	1.4010043887226	1.3291776813562401
56.275006202531628	-2.4665996972548436	0.5166424202922214
56.433044416558978	1.6091422833483691	-1.2899128569181673
56.135182656556104	-1.6004261518931617	1.4699506805822156
57.508246121942356	-1.3398372113819785	1.1155954635424505
57.318282833586423	0.42662162200060233	-2.0452158768161159
56.656729912856363	1.9994837586604073	0.18057154481451757
56.387368632662152	0.67663147153309855	1.218331407570203
55.982495998808425	2.0496131462161093	-0.68373843585386251
55.882430446928922	-0.54981058082970036	1.2114386034508799
56.192531814729598	0.72076682779765799	-2.4108795433643504
57.739266676082444	2.078171178669975	-0.4357438571929686
57.610629095630429	-2.2629963159382465	0.4419684199397404
56.67956022651871	0.65072148603958224	1.7015419523970285
57.166472865454587	-1.5158122273199941	1.4270859757047001
57.177556571450893	2.0021311383134037	-0.24678429921352812
57.797640870470538	2.1546130057705803	-0.32298360112866142
55.888629885719737	1.97141845119024	0.68744743620975612
56.117704087510234	-1.8951899763927791	1.0108492221353871
57.050585515269944	0.20459126740137348	2.0619404320752999
56.808594255798205	-0.7615304002471186	-1.5929912562223059
56.013540059838164	-1.3125015348944054	-1.593604200892242
57.745171735708631	1.535303695840077	1.5754539340586704
57.31161041294876	-2.2894261694670832	0.78150978002124893
57.492522358883853	-1.7420873130767143	1.2676789602378724
57.627284770729339	-1.6350501700084716	-0.79771492291397461
56.436480911697032	1.2216302210708492	-1.7982239916263976
56.213444545888528	1.4023280345881366	-1.7687195302152614
56.306560821876928	1.3941801792601378	0.82839093989308765
57.452301409235375	-0.9922889191211095	1.5720739164870769
57.574554051736349	-1.4446091629481552	1.5185885297975164
55.977201359667632	1.0258526134112564	-2.1041453546608815
57.695846529714437	1.9170173511776276	-0.1150820700762714
57.172011254613182	0.089106171356900757	-2.303885361496635
56.012541890789151	1.7324757394143813	0.6824899031127647
57.150775460193344	1.5399386826412096	-1.3563997207839618
57.086545579062737	-0.35108868660750192	-1.9227591779114315
56.768829529049178	-2.4355991804646098	-0.44904418812374686
57.222414610366584	1.4976311205709865	-1.5673621461346936
56.501688772834328	1.6094475235085974	1.0146040548748638
56.042757496697547	2.0032554744649356	0.83564598017114777
56.858845178407201	0.4169128200100114	1.9009739226898779
56.435306394903243	-1.0525353361899201	1.6776692326043057
57.583288729818975	0.54980580176528726	1.7059026543404405
57.357835484779656	1.8822279228746974	-0.42513550367332198
57.191069517399868	-1.723612329877076	-1.1918142645017087
55.977899840522909	0.42964874080945425	1.9533866878195818
57.741192842361073	1.7041819384406274	1.4070870193015836
56.254064840955543	0.16793156700339446	2.1686405789287897
56.164695330030774	-1.9008877353759481	-0.1387154205861223
57.138535716439385	1.6712270569869636	0.093978777044469858
57.763826989291239	-1.3762164928648206	-1.9999724260479372
57.118526702865545	1.9604584645353089	0.34442601446954624
57.563791106406171	1.7754953330204055	-1.1463224545762767
56.323945862913156	-1.6490232476781388	1.3079743856470725
56.404570360842648	1.2071723514891382	-2.1953559967223573
56.186330597336486	-1.4251155771111539	-2.7676563135543284
57.587309121715478	-1.949674153162714	0.79474809531583268
56.230889839880597	1.1711674349680572	1.8764597577645457
56.41937224878366	-1.2374461192825266	-1.8841432069698361
57.481945019871873	2.0475247425872567	-0.24277045638738734
56.740951538808879	-1.9419695947319866	-0.12697817259157565
57.282186333950129	0.58824736900276631	-2.1406807642321324
57.799795540615193	-0.63315054988302832	-2.2209146317250661
56.844340912832273	1.4000729706262094	-1.644956947204772
56.248756503387824	0.69542661742398737	1.819485354138167
55.916490131552891	-1.913930321378174	0.58897455845576407
56.451430390073682	1.3354038142641365	-1.4999279222955482
55.920394638157568	0.32802070543796907	1.9879681540144691
57.00918317373069	-2.0821295241656905	-0.10659348634246123
56.223263376341045	-0.60312480894540443	1.5619658870386857
56.283885586416126	1.5368918620982521	2.03727207214604
57.542718778795745	1.1838206645745761	-2.0632202457293469
57.659150328694622	2.0780496058033457	-0.26102840683255835
56.585628200760915	-1.6344789889365448	1.2807880934164833
56.997722884029756	-1.7775056298944161	-1.3628308116368502
56.755596179870984	2.1682227535680161	0.50482767801161244
55.936401077092256	-1.7130321578057257	1.1941246103935739
57.640836140237582	-0.82623182391191219	1.9812110777491769
56.564140349343063	1.9637878288923172	0.64961328367549642
56.463131727309253	1.8793279745551039	1.2768781344044002
57.393318743618359	-0.50921327100365121	1.8201798478012345
56.264804623698431	1.3604670006682544	-1.3533863551805425
56.854325779107917	-1.7779358223974611	0.82425487519281249
57.5145526500242	-0.26545347551048443	-2.2543642648896536
56.694759705465195	1.971617650283398	-0.33193485287084351
56.34084856154422	-1.0999891247738665	-1.6674999929491152
57.643816541059252	-1.8366345060472538	0.32051389895331728
56.359349428010411	-1.9540985917424534	-0.3970405439996082
56.74174656847147	0.29974539559957025	-2.3140523623954081
56.272404139404415	-0.88147299863616757	-2.2562805837884436
57.702112582851555	2.098655959032834	-0.49028397248821903
57.848679700226214	-0.86989914597981577	-1.9399707792991081
56.735039686465036	-0.065521688435300623	-1.7995499902257188
56.917958382365839	-1.9138072855831847	-1.6395428232954652
56.315075309017892	0.86623307574740271	-1.3311892203105411
57.549547532717405	1.8136473501911203	0.32510194957720678
56.380046181210517	-1.8356037107929304	0.7754403840722075
56.813442062888384	0.21181346230723888	-2.0684631867258347
56.446129001728842	-0.034250028092152579	2.1278901054508204
56.835978269560897	0.32506741927156768	2.1599809624731305
57.126764037168726	1.7955838305871716	1.1818218239146083
57.627068906983901	-1.5580284226179637	-1.1509559654815213
56.015074990596524	0.67273689277292803	2.2039728566142696
55.989016323641231	-1.8762030031665013	1.2798552823583709
57.502702078572156	-1.1048042731832857	1.3299096130442145
57.019186329020471	-1.5531689479800319	0.99317893528219758
57.693865046240774	-1.4266369909385832	1.6883157945672882
57.561141249703915	1.5875146224007717	-1.2197813666730482
57.406556560075636	1.7423015900988028	-0.31278028697511023
57.109796466144978	-0.56155446028811684	-1.9017164159638946
57.539138239631875	0.0052219656489766279	-1.609202543579253
57.772459584616939	1.0827898059954486	-1.5990711674146993
56.572510579614708	0.049999373740965414	-1.6966563439738551
57.261438202949421	-1.3152358447616752	1.367165756825842
56.632166393931875	-1.1290653174544223	-1.6995301812960535
57.490554677131257	0.053355558436307231	2.064242957944121
57.823675479615737	-2.0605926638256826	-0.4115219303550135
56.742854334752522	0.48120564986134362	-1.8265336386371824
56.35902595876896	-1.7227970166742277	1.7122069910673758
56.956224835057625	1.6976948607778759	-0.076445030473636169
56.26583801098166	1.9370052093062695	-0.39998232890328256
56.274375972319945	-1.149902327026642	1.0577091229640836
56.359531248565744	-2.2654716499667189	0.19427080751341491
56.700486017994457	1.7890369564813862	0.77315723577543827
57.873217015578071	-1.7902427867185502	-0.65671272919615786
57.601786668103003	1.8420990393301442	0.93343657742716057
56.571573062294142	-1.0416803904741985	-1.2946106111201052
57.60534235863819	1.7537606624383795	0.25615833835289559
57.668321361539746	0.35290116057991039	-1.8018221247072559
57.204114885167037	0.81786814695462784	1.9574839731723972
56.073519059819162	1.6902572708445323	-0.93880520619290309
56.599271127784007	-0.93239280490591858	1.6760228696565282
56.474301114042213	1.8993111587400673	0.088769605616107791
57.900325000689129	0.20369240214141396	2.1272169641480896
56.954427785699252	1.9403488206337276	-0.88563355988628711
57.583138805914089	2.0085311536106176	1.2538756111795859
56.950639095811226	0.34182308510976978	-1.9365201198859676
56.104116708794919	1.0686506800090589	-1.6720968471593702
56.143581155862172	0.99049707406711429	1.3865487349106189
55.950553474339479	-0.91809456547227053	-2.1387269737756602
56.344070730021912	1.7364996398996502	0.86852023383706856
57.315563849301761	1.0737330297120808	1.6251491255065775
57.060913880978276	-0.62494801295588354	1.8714277379249693
57.652134506668396	0.68554175974489961	-1.9190051219356319
56.025446366979537	-1.6382840068459597	1.2715989112554456
56.466041727216968	1.5035473340063248	-0.15317982909882039
56.189675225987259	0.05973449160964605	1.8659074924473613
56.166683916798299	-0.56414689391188921	1.9897234936825945
56.127298810649691	1.9443399713193448	0.17407321543618154
57.031024697873839	-1.1842247227592946	1.8084304111020322
56.247175412390135	-0.25475668024366904	-2.2716223537067304
57.571797197714808	2.1119622152380542	-0.31721767657415106
56.745453036398082	-1.286600272719119	-1.6314390775271124
57.141046653405525	1.4604412733499499	1.3751678211298117
56.156013104282586	2.3405878777784417	0.012343336400693676
57.316243787690134	2.1866052907869489	1.1918312044628987
57.116465737607605	1.7478372838390495	0.63538702427500393
56.262926306189293	-1.764004242152835	0.49470355119192788
57.036484500307189	-1.6867909767911367	1.1126881284707533
56.614546008973385	-1.8777030545091369	1.2420823164099837
57.474211749888376	-0.31588385966212934	2.0410481040551787
57.015344160238172	-2.0771320906737443	-0.70868334028403612
57.735449791041468	-0.73711941474820319	1.5958611523532715
57.313664765341677	1.3498363367749944	0.90108048132435525
57.510262046873315	1.7344014155191507	1.2050396444965001
57.169442000496907	-0.28167657479323549	0.82172782370677433
56.925000347345147	-1.6975595251444235	-1.5890972041762661
57.75247098452045	-0.26696219130008148	1.9182932573566684
56.996185747456941	2.0537384524937057	-0.14778015306185299
57.189219466899992	-0.93411732812904091	-1.9587204661944115
56.83902877710053	1.1480284095268356	-1.4881581329289686
56.400111715006879	-1.6395928166898039	-0.94240954574961378
56.920545715426861	2.1760818810203424	0.72187627936092202
56.508592332330942	2.1626125214235472	-0.73267079788264178
56.537101509941444	1.2085151336910305	1.2353610878256092
57.017643442893693	1.8667540549022985	-0.064851990730342701
57.182777685357905	-1.2929980778726402	0.34461533090092733
57.318168190128418	1.988057993761347	0.38770279518856776
56.865420987792547	1.4014450517535793	0.85706092654655308
57.429718190665469	-1.9248915544716423	0.11894069181923131
57.634606862204706	-1.5560212765308723	-1.3841501177462781
56.716380590971788	-0.37469934891416945	-1.9926557994253702
56.84444543089991	-2.2070504336087091	-0.72082088832277513
57.184239924106194	0.10190367107301684	1.935554574527071
57.798639882752497	0.73288225103161142	-1.7287046291955184
55.993089739992222	1.1562772501081129	-1.7241811629705257
55.94308627260434	1.3483954121628956	1.0456337484275753
56.904257119464319	2.0935254493746571	-0.01564951293622513
56.30699567661037	1.1988169511676694	-2.2976935844347879
56.330633507955028	-0.66956841018493951	-1.8644325067615328
56.250460946830593	-0.47606189082256378	-1.7186616059046271
56.390166105195838	-1.6416505415312768	-0.74577329706510775
55.775452572793299	-1.744287009352103	-1.6724626533295475
56.95091360223045	1.2389770808668714	2.1335844350939563
57.220652441672826	1.1063093274817832	2.0080085228927129
57.433834918336842	-2.1339434920602605	-0.28792181817048323
57.012180869479977	-1.6573583758048145	0.95052653154887567
57.811005869632027	0.53948909784238908	-1.8736256850013651
56.434044881707663	0.84541173855717411	1.2802045885202755
56.741174238549064	0.78275524295420063	1.4991214384176772
56.218863074620344	-1.1358003420401164	-1.9584191039418399
57.14071720990475	1.9411951414763151	0.90720867403848804
56.29713461400263	-0.0086789906009896375	-1.9814906328237152
55.966320936284198	0.83751998847827169	-2.228551585027529
56.300515361243328	0.58356753267147021	2.0539769540536188
56.666104132959354	0.030469328249829994	-1.7874707894474535
57.625910114498438	-0.86280416116904135	1.835889851820929
57.185799393360199	-1.991817066332537	-0.92100190131384962
56.019834842060469	1.8596471443400162	-0.78124354038060073
56.806186150202969	1.6684729476756026	-0.082715654244028519
57.07150393742625	-2.2239035342342777	-0.21520851724254186
57.118496116274017	-1.0353271167951794	2.204478986214105
57.876807788521894	-2.1774668936167512	-0.62364547294915251
57.54912436656484	-1.8388127149518381	-0.8456167703330405
56.519409384705185	-1.6286949165710902	-1.1267547239731699
56.709887630685259	1.0777016650869635	-1.3206984021085884
57.868067192094877	-1.4100814204531711	1.2201516375334864
56.49128425170337	-0.41965863294390515	-2.1905947518627862
57.005772611214503	-0.57366846119614523	-1.5053579950303009
57.422425110645854	1.46685701237354	-1.1328023751577401
57.171725352465977	-1.3830223881600288	-1.0227338593992283
57.110461199695735	-0.40294468107915155	-1.8477489480228912
56.358457736338337	1.8939212601892439	-1.1570112777527954
56.141004210505095	0.77498360239481678	-1.714739041205747
57.565557430456252	1.8313555580895595	-0.47060557852659501
56.993454544780697	-1.3739708205732901	-1.3959082406664363
56.398849766765565	-1.9499984869166536	-0.87683322843045208
57.399217430627459	-1.8215116797861302	0.013529098124123678
56.208103498054598	-2.1823344417620443	-0.19886790865429751
57.387614133544893	1.143404368363774	-1.5403257119347822
56.437342385159234	0.70621983422670165	-1.9541773567408911
56.78339909602964	-1.8799897199605133	0.94827318739414734
56.360599301411334	-1.8918512043406446	0.66163219186023869
57.396141911945918	-1.5966984260903161	-1.0083802338532055
56.973074300382038	2.0081770705848703	0.70027880053305358
57.384839561491304	1.7036355764820348	0.85140629029604709
56.405595496088708	1.6187911221440026	0.69324727654882157
56.380283610843698	0.68911066951649613	-2.1667647096849154
56.055400849078652	-0.28360961987401645	0.68899948155109814
56.482108905601386	2.0813245037906074	0.75046526247599665
57.789868774217922	1.8752752048291597	-0.91258283660224193
57.579401539152869	-0.71729313521758065	-1.3955235887894635
57.17978183890456	0.33381643261321464	-1.9825393313620305
56.939251361282459	1.8691481097563474	1.263009206228749
57.354997803638362	1.0767812234311189	1.7154867559313551
57.119033668335007	1.8507822939627465	0.35489974842232619
57.117849858158863	1.2245918486069942	-1.5738722639039682
57.805250574920045	2.3161020332698525	-0.55230674217814302
57.057527056635351	0.67895235070872939	-1.842986976017732
57.402933643931263	1.6953937644490966	-1.3000763348179956
56.118672075053006	-0.15082275462692885	2.0048425801304903
57.991539935176959	-1.0901596597845871	-1.5867853390815361
55.893765341322094	0.45076778953935581	1.662304174803916
57.059255381847251	-1.5495917488990274	-0.37794748850467463
57.354929957993896	0.39573135743759241	-1.6456066756689216
56.079377415186251	2.0364744732447306	1.3266367875814828
56.00918286378355	-1.4232359026208485	-2.0512564452457056
56.614346134200069	-0.90668730196184166	1.388791219671214
57.834123197571024	-1.6317190689920822	0.54671019182761482
56.597643151180634	1.5824252728301544	-0.50825815283118836
56.400254950277329	-0.96011338430710702	-1.3944055228483201
57.10091902762538	-1.6138311853602547	1.1999888033281705
56.54663739706713	0.59901961958506822	1.6818703435031315
56.375883918954557	2.0188449206119263	0.45275977838718723
57.701614897600258	-1.3401378836548985	1.492512888045513
57.797310818526974	1.0511840755623592	1.8486714029786802
57.292151448599682	0.65958133384689854	1.6707343354986097
57.706301371342377	-0.090230443877652167	-1.8409245992020034
57.342122169903114	-1.1254847837554027	-1.6016065393850776
56.401986426626735	1.450884363930885	1.7532863834151409
56.909868613904457	1.2605667688696798	-0.40074273933888443
56.940462119499621	-1.1567782423403774	1.5360799424360123
57.23344479757958	-1.1152148855348201	-1.4832635317138088
57.834095693251065	1.2465519656342694	1.5428439740246986
56.332234940819539	1.8394796973023806	0.9413733139622652
56.210737857094195	-1.8062044489266051	-0.4522707495999197
56.973858047276174	1.4459002378764862	1.053907608796518
57.817343783552147	-1.16185976989518	3.1808271245523732
57.818036932002478	-0.41110505032759942	1.4167329636617767
56.177404060750682	2.004152901339376	0.81947072243554786
57.678487736554686	1.5690756352434314	0.52244607087269157
56.215026420135459	-2.6173459360343441	-0.46747338777584607
57.047663468513932	1.2657273624089815	1.7187038931511376
56.540400695332067	0.61267234702092876	1.9259475999439724
56.208337642354223	-1.5442457683462889	1.0140254627861844
57.245373983195336	0.6108555807992252	1.9481727084430192
56.314787046888917	-2.1735468809908913	0.36064437133788957
57.102127137054126	1.2216638135499287	1.6920837864515015
56.954192423800698	1.5510471042054308	-0.84913974717762675
56.505754061022216	-0.65800881091865182	1.684673944819657
56.435520568978198	1.2664845781584175	-1.3926545323294113
56.649327112017758	-2.1172507851550306	-0.079284668588855994
57.133809791273904	-0.89299979796238094	1.6318519385948522
57.804232174389369	-0.71196899875345154	-2.1073721347674561
56.964558917335609	-0.47737552579348747	-1.898841268566875
56.722992320919388	-0.070741096753500238	2.3638617595560651
56.645768283117285	0.74371711137215224	-1.9633064575545562
57.318311989389223	-1.8358316454568533	-0.043982732748151822
56.192704808428218	-0.23853980119121804	0.32863057950877561
57.344147929898952	-1.8303259372536322	0.26326737645027593
57.05343575172332	0.28321163847010444	-2.2199194535906535
57.36256710270321	-0.56210983456281727	2.0855903519337193
56.7290030013299	0.92319138761763797	-1.8391116890673369
56.343577214424677	-0.74362046991206232	-1.5258478068410233
57.287729077161352	-2.5227029387924	-1.8860274353097355
57.635796895101869	0.38469078354948888	1.9065537665370347
55.825273034646813	-0.78505807153521845	-2.1185695193214111
56.067186362584387	1.2631038345922323	-1.8179578682196424
57.014619312852773	-0.63775973019370824	-1.9832153062149782
57.018251315553357	0.61328825667932818	2.0931894616176221
57.680243283487556	0.84218338353225031	-2.0581527916050271
56.762205727561486	1.7351633159314028	-1.3949579499236404
56.246823592363512	1.3807260025138044	-0.67791613808585272
56.936052338321595	-1.139572463844831	-1.2474170113319474
57.209050736561757	-1.0476214148146756	1.1235398618715717
56.274685761304653	2.0476194750917056	0.93199537242574471
57.155191982731516	-1.2637356223775698	-1.6120523469327159
57.701075704259566	-0.78304367179380951	1.7918013156032269
56.781108323882606	1.7311608449730775	-1.4684801665132419
56.634226764969824	1.9109645170312117	0.63044462927884437
57.205449915324607	2.3556217132820989	0.28131050316904949
56.889577109872498	1.3618821287491041	2.9264439309097861
56.116791778738815	1.7750736393857316	1.3148561408766051
57.62321635937969	-1.2754660040035009	1.3731351162207519
56.582806076747296	-0.30134923062364694	2.0191359449101962
57.524122511085714	-1.7794442576481351	1.1599636513758909
56.668657612565347	-1.6751393117503586	-0.93244200112830022
57.627507262740487	-1.4133383799632722	2.0194368560225855
56.607422714416352	-2.868031828458609	-2.9669319966341408
56.814951693063392	0.46586775553296145	-2.0534328749582325
56.931221152037445	-1.4694061179803359	0.49721539256254654
56.17974684474148	-0.82094367887201314	-1.8520370455643964
57.261641785854387	0.45249069305576345	-1.9569920087212835
57.258219007052411	0.82909559318698745	-2.0444333667767407
56.124553604177521	-1.467673178895389	1.8518518237045174
56.103141761552465	1.3117374488375981	-1.501264070886914
57.804891178638002	1.9224002020496651	0.70430841853367399
56.241723553520067	-0.5504339991979561	1.3626327493756225
57.127752286132342	1.1227758046517371	1.6392622876680463
56.081666806350761	1.7519750440589101	-0.29856752200666598
55.915109267633113	2.1468869766653511	0.33295204767241676
57.710279668443448	-2.3312571758183069	0.95423369565305916
57.877481776366942	1.8689817926730057	0.71490689438513055
56.295975979959756	-2.0471725386929491	-1.8168909212643749
57.779632559198575	2.069212950982668	-0.5670196169741637
55.943301610343191	-1.4250799453065777	-1.5285712361398411
57.252168292366569	1.5202482704501841	-1.5354801976696808
57.628779294355475	1.7173496887998723	0.7075430675332044
57.488004448135484	-1.5646504567514445	-0.97089778792179793
57.690840609940054	-1.8411287849300351	0.27085019292551177
56.894130407643935	-0.19435033581678368	1.9993635461897599
56.998487555133657	1.1897377217689511	1.3340211742608801
56.904335720057887	-0.28069848387236374	1.4536034448865192
56.5344473455254	-0.99708733593845822	0.78539347289292072
57.446328547662482	-0.65334643333020637	-1.9997374705884305
56.912214863963115	-1.389371077734018	1.2186049025779557
56.063020561609527	1.6929255245010735	-0.96169844541904881
56.921561165884221	-1.6078950508895467	-1.0761082398740003
57.083242958176314	-0.92662514907850202	3.10036886466089
56.949323953420233	-1.3365498139053806	-1.6019107111597046
57.782025536933268	1.2694030806006931	2.1430366605975224
56.722864067194578	-1.7766076595697882	0.9009990887095285
57.619628658752042	0.080405068204234056	2.0269227611880765
56.166443690614244	0.81784853451412931	-2.4859927146172245
57.581769317544186	1.3390244006111545	-1.2995803119444997
57.452810405204318	0.38442243276947463	-2.1351056364965757
56.014988874749825	0.22970070253533897	-2.9837106578763133
56.721790024643042	-1.6029840847098882	1.3372842978443304
56.289491830758401	-1.0325559190777935	-1.6114119556205573
56.354350252411649	1.4961552048736124	1.0982399077921103
57.767932562694867	-1.5294553109098663	-1.6468332010713591
56.839610383245379	2.1837071709295457	-0.07417486899504562
56.855532703768695	-2.0372884032950767	-0.70371463993113592
56.419256372910866	1.0297183492537949	1.5520280340157393
57.79051952155411	0.19629502376263638	-1.7677724276657893
56.628227134307132	-1.1428298494076019	1.4892508352785001
57.712947609543683	1.5202662974015846	-1.2946732129219161
56.610628898896962	0.54244326107607288	-1.6257150189568024
56.668209305108974	1.9984526498597683	0.94533288331586895
57.785964555444188	-1.2911153783454106	1.968714358526054
56.125432061621915	-0.42182096855957568	2.3784070975289802
56.611078617076302	-0.79137795756219476	-1.5633081968641265
57.869760634431714	1.8435906792248526	0.39180444248447682
56.958754466228108	1.8471904562673866	-0.97520065644081577
57.101883828179773	2.1992116795607264	-0.69834672476727278
57.717403387868806	1.5174195670924915	-1.3860018073676892
56.821406515098914	0.73043927846490886	-2.1368123770036256
56.584369584018575	-0.49992056617231889	-1.9226074385610643
56.605297722699952	1.7210037043035016	0.27048952086436406
57.320221753556062	-0.81575039507016134	1.7051950454576126
57.76864893301002	0.12187234425852485	-1.8878420376921496
56.048390688170031	-0.40447257488480459	-2.0927386023665235
57.18341283556817	-0.028132943996824939	-2.1322818985131944
56.783065534449236	-1.4726524108530825	1.3388521211520752
57.123805440385773	-1.7325398120143671	-0.93656437747265076
57.119889122820055	-1.1871275337142011	-1.6041574339933045
56.744943563752919	1.6320474152199125	-1.1477776631878633
57.069876135628768	1.7714582375498544	-1.0447547093612168
57.647894771583516	-1.6639370021003081	-0.76982945021676819
57.863268358704218	-1.0612649376117997	1.6044266371067537
57.33561943154961	-0.7651482370727154	1.7208659382073384
56.143553552885351	-1.6215343500490351	-1.3219516382979037
57.920352413564402	0.57306663364851451	1.6904084798116283
56.219877949932567	1.9874021015962036	0.89488786108276597
57.088686268566605	0.88696271891681877	-0.03284873018838888
57.030497292581337	2.2734694534121092	0.58834766260040749
56.692768968743941	0.11713558723647018	1.6775558858257404
56.66212471203248	0.93578778065341583	-1.6605823115018528
57.939783025131938	-2.3904512564823892	-1.2572046245114861
57.883973753889549	0.45330540340129677	2.1797815192319461
56.505041574922473	-2.077737583912004	-0.03709829539636289
57.021591439246066	1.6955024262032283	-1.0407402021137449
57.400040869756552	1.6100246894254633	-1.6592232267338165
56.779159972824438	0.036828339406835935	2.0157798016958561
56.522634387503572	-1.1799426237166732	-1.932674562104383
57.392671477292389	1.1108363048388981	-0.86526914839582458
56.223585774068695	-2.182787689237542	1.6750250864986012
57.643373855151083	1.5141203542872534	1.3122041714444839
56.810541173647906	-1.3841814332016245	1.3594454732035552
57.831179439076649	-1.8010478199070528	1.0810200236241507
56.432750778274759	0.50621088780630019	2.2062189012991364
57.453167542768668	-2.3106889698566495	0.12023373454264845
57.173970320078553	1.0510065560951636	1.5315472590006536
56.40147299689329	-1.7844030301135783	0.060883507243502263
56.31623752950253	-0.30339986640355177	-2.1215954975543325
57.860208352017757	-1.2976863195408004	-1.3622940904466534
57.600076701082251	0.19060238568939319	-2.3041667715095859
57.276050219446887	1.4212248007722423	1.6486057361820188
57.178545386769507	1.1995915200238429	1.6412209976569809
57.129011497125582	-0.049650094137195955	2.0082967076093721
57.308578957966098	-1.6727631785365702	-0.96418446581818129
57.721680022880214	-0.3307168553807931	-1.3943431609875214
57.510862863038426	-1.4389049717711637	-0.8891482349517067
55.831103837644207	1.92613902209184	-0.84986093272837204
57.690660879061319	-0.61178341460438457	1.818689244663948
57.197279527003971	-1.7277471621599307	0.15286694521832095
57.100322703913569	0.74440965946957927	-1.6459213208885959
56.818202573459452	-1.5183206980507964	1.8764149861955257
56.863425588985343	1.880424994899945	0.11410200560202387
57.137386463222143	0.24110083275444774	1.7386733778476713
56.305658290321631	1.7586343284864876	0.45651255956551318
55.98728963181054	-1.5924327009620209	1.6671722576801944
57.743454232109571	0.92401171557213735	1.8267673238261131
57.31120644338894	-1.8915128241690058	-1.5818169432923532
57.869152096916693	1.5030024283986925	-1.4189279091846927
57.809142946698152	-2.0043313565138465	0.69107839492017775
56.640457914636492	-0.84907402445693636	-1.4524478858721488
56.273941116482128	-1.5601238411177047	1.5015682040033778
56.507367946055737	-0.76260908328045141	-1.3196343109023292
56.407070796510595	-1.1222928570888238	-1.3878394656573714
57.441113998888227	1.5453958849999569	1.3249214749932425
56.042410316763799	-2.1948640403285884	-1.7521580641121151
56.020951910851345	-1.3383771422052453	-1.7160763424771384
55.874147033852999	1.2736575699410635	-1.8381936983563318
56.837787235168655	0.22457453251555043	1.7909470119946227
57.535664111257347	1.9230829464830703	-0.075338775481560719
56.496842150845687	2.1032686451898122	0.60698434922354405
56.006868087483433	-1.8073064301386916	0.53457811338201333
55.943610305905857	1.9942679006813802	-0.34287493991999934
57.192787629412329	-1.2374538504877519	-1.0424267473383719
56.944498207845669	-0.79658947661226287	1.6733074348723602
57.881220812373712	-1.4093547234052533	1.31175929210923
57.248581615970579	-0.51309982349351224	1.3675310238034111
57.001907736672358	0.84316764433234093	-1.9776549681809179
56.360109317323115	1.984120911782534	0.23520609033055184
57.496465202621302	1.0803141093324922	1.8269312296274371
57.811410145512191	0.03307170604480298	2.0142625973163617
57.56915245175496	1.5170770304336527	-0.78559950379583987
56.712467744653161	1.0293667305944159	1.7109298941217541
56.656406098321995	-0.36949929674660831	2.0257140354005254
56.511927834990111	0.88042571009108694	2.1098297264635386
55.942454989291171	-2.055958042735909	-0.11632178028217086
57.306988657690354	1.5452562548613984	1.095770588644198
56.0198385017598	1.4702643521060315	-1.8436744229296886
57.244662486028531	-1.618009054501198	0.94548487805071646
57.079344862299628	-1.6890883801833825	0.22165566876772039
56.529983918458235	-1.8363413453025688	1.0537650080359513
57.738944822280132	-2.1553670640302647	0.082067838257769976
56.633132139908149	0.32133622094045866	1.6867434794387386
56.889948203723343	-2.4606432784919665	0.0088294339241032482
56.165204860785686	1.4828755743243802	1.2335854129062931
56.310607381053977	-1.8930865058290831	0.69591906504444989
55.90024935238619	-2.9717658477664521	-0.54594060903231145
56.796228745740152	-1.1288451265669619	1.4757975723813181
56.234916684004801	0.29932951970578464	1.9262815886961526
57.395659851182288	0.46776746653713891	-1.4592966080104661
57.611473456949483	-1.902938305586628	-0.41239835567468192
57.255230886110233	-1.9405074862389178	0.34163458880805114
57.528968033817783	-0.33288074180312244	1.9005472845920464
56.129892523887392	-0.30122360169576534	1.4821418789527012
57.050845537006602	-2.1542705213220916	-0.47787590592700913
56.869929043772309	1.0338697731102049	0.95924803682239967
57.241049345511627	-0.16130430074843616	2.373558276743418
57.366337177507432	-2.1167536506787004	-0.36242854833236532
57.456260009155834	-0.6590847056831155	1.5960100870395129
56.06829403191329	2.4410535580499322	0.62443878348715487
56.172239322918578	-0.84157442436022578	1.7170954662471187
56.701934815060426	0.39699363053544318	2.1341798079701424
56.426178213194149	1.3976281095623375	-1.3199848899201534
56.041588361918485	2.0151750483022957	1.4463977708662052
57.286225084222146	-0.70802336779019981	-2.0053897693064529
56.664596748016521	-2.1252420868107595	0.061551841369638614
57.39204369967328	-0.75410915092216768	-1.6825288402616638
56.398750043074678	-1.5746886624310099	1.3075579202062357
57.975548949339043	1.5813550286966434	-1.051585001886973
56.268106719464399	0.99961589242924975	1.9550117315712658
57.042889110866021	0.28142681373924222	-2.1861240585232244
57.299935563611079	-0.65775440660993856	1.6896947283436805
56.120670703678371	0.83368145033119279	-2.313030557961671
57.554576469880679	-1.9598424913845698	0.091682984185055896
57.755715551009004	0.32260698321121906	2.2701508519120628
56.989406894585528	-2.0324082348150685	-0.79914117682042796
56.600194891220468	1.1935571923530561	1.1765240832757899
57.602726573661961	-0.079543017086711784	2.0370126662746286
57.71771835031663	-1.1929925135414496	1.4755921982935478
56.276734725543065	-2.1794230801566252	0.37967097788151771
56.718213746895323	2.9082922688154609	-0.55393778082161838
56.004204023680053	-0.52013674481490979	2.4871761092543636
56.151608966378291	0.11412898851332438	1.8633173603410134
57.861352082123695	1.1338792642552622	-1.522174934842093
56.596642158077202	1.7865790505336929	0.73180876326643107
57.571217405365189	1.5045657390613132	-0.78209081917456125
56.791772180380548	1.7813150746830615	0.93522948903313241
57.732890783685335	-1.9867629658862678	-0.70506359772493798
57.325442682616348	0.30834934567301514	-2.2310042352768575
56.579633378693124	1.5440076681395194	1.4166909653539042
56.97400346417411	1.0638569624015304	0.77735362860741142
57.132495543011764	1.1166360841019265	-1.4172053540689764
57.387934717837403	-0.013978411531607764	2.184911113113901
57.919843551287599	-2.1592862030216975	-0.56488114023905911
57.372486040588882	-2.1289635593567016	0.017774234222744885
57.10051262119584	-1.8764986383118809	-0.47898545848353868
57.770459284416951	-0.62579786350199518	1.6806503718683248
57.886042795738767	1.6479434570150426	0.99984011810542039
57.333811537321672	1.5317371691864379	1.2552040694862439
56.573421849427405	1.975000606162338	-0.7314056470535425
56.643327537934312	1.4463049324926835	-1.011235532279962
57.886840765215624	-2.1141426914797896	-0.1521803142178019
56.505134771593063	1.800169663092287	0.24523333249592918
57.825528240197215	1.8242004070680362	0.75313817446940623
56.492959468242319	-1.2999412455399486	-1.3537069271625743
56.657812851567734	-1.8481833730097812	1.4049132402133255
56.45088548508248	0.86888778717802417	-1.584512892761363
56.246880393653448	-1.0679321217104085	-2.2064813529952034
57.584978257677406	-0.86685223641292464	1.8280241472106176
56.347571624637837	0.91734224393326513	1.766064456659493
57.025759676503519	-0.93048294895374239	-1.4628764414722124
56.175196883945368	1.7656911143902581	-0.91885393887058531
56.954483778502883	-1.4712759354991214	0.10685231198831377
56.867379234809398	-0.090069336581236767	1.8629750836419776
56.038669044940114	-0.8107703498757145	-0.49828798144802688
57.090523903319458	0.66097127098345188	-2.1578555954981549
57.425808124683421	-1.7183376352686861	0.44647646506468291
56.141477032747183	0.99568713735932002	1.5750205030315114
57.587259052264343	0.91664529980325793	1.6893559818713786
56.426840949591771	1.8856380165658373	0.73435955821852161
55.93720624944681	1.6927726012582049	1.1152566577889342
57.748964880455134	1.7744537321325624	0.73025613626348285
57.130037009963964	-0.95022134699684468	2.84634229538826
57.414724304970029	1.863156675729202	0.28897579669763529
57.85831188303824	-0.65362036622181419	-1.4616198283545707
56.616430459610442	1.3851666993096654	1.2269139413582031
56.07218488462177	-0.82920515430379915	1.9076004724026348
57.239475105892105	0.65076710775306246	-1.9686616530987713
56.916866046932384	-2.0154528358355357	0.48724756080027753
57.079002867521297	1.4886394361997513	-0.64209042786847204
56.253486669352682	-1.9049582937792982	0.23383883749653209
56.79099659611223	0.0084236428299406182	2.2126850271457683
57.068198417521927	-1.0628921552457238	1.7865440890458717
57.003219093301539	1.3912773812210877	-1.8848758178157472
56.925447708401478	-0.88788759667323425	-0.7551681041410907
57.58931126198091	1.5494251964150569	1.0204635418859342
57.008957211228676	0.92650619302484039	2.0368795710730194
57.429791503068252	-1.835342378546184	-0.4401373595803742
57.106845831109339	-1.9072796996289914	-1.2506838385482564
56.992941435561569	1.6456982739012445	-1.2680104036923305
56.187667512761131	-1.6632389916851071	0.76181445307012841
56.070642531459917	1.8099232437276789	-0.42575283784626711
57.748877270759337	-2.074830908583257	0.94588396500532568
56.805685115393906	-1.4472497352181433	-1.4148586303467325
56.298446404779547	2.0900173656292558	0.46280853776795855
56.960325278642266	1.6812459497684886	1.0623619357447982
57.353562302518448	0.16308709968854124	-1.8714116812019175
57.021360097341713	1.4492955116427102	1.352735117001735
57.454661616393238	0.88698430267141015	1.3524248377974415
57.560492924628463	1.3676296278833968	0.94135511525342463
56.994505488203849	1.5270197397335152	-1.8593898586181785
55.940861728441391	2.2404218456625484	-0.68926465807412629
56.655499479216743	-1.8657224463686379	0.30580093449405349
57.767764882805182	0.74375048307013747	2.1066857068326121
57.837556617621189	0.71479525858428883	1.9034496112667747
56.026309097711732	-1.6675720975454513	0.98463762698084367
56.723663125511614	0.56430318269775293	2.1223533051698085
56.676219883785542	0.62806625247327874	1.9598694237871743
56.847999438063468	-0.36550251843822679	-1.5227164501746426
56.039942368645768	0.72992489643337977	1.4107747804854642
57.807405162173836	1.4883754193603782	-1.3687033716205552
57.104317449151019	1.5779222977664527	1.3857333073663143
56.931401471265268	1.621631464442141	-1.2660203512088128
57.303792308156886	0.99884004324536146	1.7194245113813134
56.584746050248938	-1.420423293998808	-1.3304127141492514
56.964713306250609	1.9034666017913822	1.0519101974853728
57.15385496505904	1.652743050583124	0.24567215623507135
56.224958557183129	-1.3243796741116498	0.26435165094717833
56.027774888572239	2.1177254973152086	0.14661964707529845
56.459470193754079	-1.8074185188229843	0.53935187851885069
57.504781377943189	-0.70207198397131743	1.823378600682082
56.669067714859445	-0.71548263245476651	-1.6419566059443531
57.381044042730544	-1.8415859153096465	0.24094031591209947
55.990488397533632	1.0200470136995567	-1.4722945645072423
56.551718321221749	0.98165436914685644	-2.118929985589467
56.183185079683881	-0.79555514353183376	1.6433791416917187
56.874076124474549	-1.809359187520557	-0.98815295201596243
57.127574369817147	0.77645299319333971	-1.7591040957429305
56.096888054311052	-2.0571474120990416	1.2997416032556954
57.335998070284326	0.8309598138469817	-1.7863613109379801
57.261768475978286	-1.9178331820599868	0.5224708868320902
56.775066026684598	-1.6560745202429159	-1.2932421281844113
55.924420919396582	0.31076027394454664	-2.3427319384976988
57.41232821681767	0.61628558131232203	1.9526430649089832
57.784925033540979	-1.3067409416830873	-1.1022751295313395
57.049666942059254	1.8920331707028555	0.67849549501998441
56.524399191958516	1.8800226385518291	1.6890702646661024
56.608598860133412	2.6175435663785525	0.52312586062305244
56.108557920072386	-0.34815289576889713	2.4545460530641021
56.148417685082073	2.0563515157197481	0.37986176063958127
57.670248981056638	-1.8309272384474682	0.08318553652944434
57.013543582060251	1.6225949973961804	-0.64219241990276599
57.372829877396107	1.8630715913646947	0.71880302608915247
56.380529616192739	2.0644408943831891	0.42534824911046332
56.090119445486351	-1.2347427448915642	1.3318822438818054
56.701568653715007	1.7694140008395294	0.42307928193566752
56.17356086401832	0.57213482319465858	1.8361228243810441
57.482205097689693	1.036220132722246	-1.5824430843396904
56.381555836379846	-2.0387431895009933	-0.059718083048706572
56.204849455238346	-0.079187423706860938	-2.030422075640868
57.874944556280333	-0.14420282827892833	-1.9849962486471959
56.655257734744346	0.26369651030243785	-2.1087043770659739
57.231683626228175	-1.525694060335631	0.3654100363629546
56.883212808956813	0.75764570784325058	-2.0778348766471648
57.714637952639308	-2.0974147644936578	0.70533066158584046
55.997745581103757	-0.55071838884304747	-2.2784126854094771
57.238195091431784	-1.8560586118556199	0.49744669739444192
57.295070014350664	-1.7865914748848508	0.74302633213791514
55.984348454094516	-0.72024339674069948	-1.756888762392578
56.416788464113736	-1.9290545730918915	-1.631511345802418
58.033024182495545	0.32492841140019707	-1.7832194414941418
57.199917880586774	-2.791677865897209	-0.94854129263765508
56.316500658231831	1.40532241305218	-1.4407314766917856
56.232444237650121	2.1523256935633182	-0.45888452389616208
56.701048676409982	-2.0894517530545267	-0.50748998841198645
56.670165136291509	1.5971141724144178	1.0836129421573584
56.009401006353393	1.1707808123775556	-2.1569577985765194
57.088590894885968	1.6405017089344853	-0.35499985338099482
57.100743526697435	1.0895180805443005	1.9845786790267146
56.396250744711871	2.0504621748741791	-0.0021057264792189541
57.53335924739482	-1.4270421714718851	1.358097477959874
56.695777742189627	0.62143994818396009	-2.4837695795665895
56.768483286001008	-0.42635989536606367	-1.8279096466478972
56.049537705031341	1.1763342583316463	-1.6544688495158728
56.929057442991748	1.6135210649903788	-1.3196148797743636
56.741168450591232	-1.8098553550464933	-0.71406221978375728
56.568615863959486	-0.3836559130886496	-1.9541282307009893
56.086357833434036	-1.9957642659427919	-0.91248496730768691
57.382349582233047	1.7861716103647636	-1.0171419700802493
55.97165916618966	2.1557183178468571	0.55108730761132374
56.231934934659172	0.75720032786921421	-1.2435423173502289
57.420710451914672	-1.3962696538314585	-1.4064169611694852
57.541795182716008	0.021329746495705466	-1.8495467412013926
56.176934805756687	2.2107566432635899	0.070679381946188627
57.778267879992008	-1.5706554396943737	-0.82375689792727713
57.91299457266939	-0.77550018374592544	-1.6359386668662861
56.072652463889028	-1.9526555519197539	-0.86691071617809112
56.930948212205863	-0.45554343603158315	-1.8267341237521544
57.053502409455639	1.5485835032374038	-1.3558549204748684
56.500886903572002	1.9123755536029761	1.4492641477147084
56.993970092022373	-0.12298796567620558	-2.0798013601291472
55.954894840726446	-0.67964504774874246	-1.3663285590798877
56.36617841241921	-1.9845300648539765	0.61161895771905228
56.04764714179813	-1.8619179480653114	0.58342706910734765
57.500707003762358	0.020401911749613855	-1.9756276086320175
56.6407719336095	2.1430069950258588	1.7425386510914957
56.599791089017515	-1.2783001243890457	0.88047613689946513
57.690118038121319	-2.2514549397494465	-0.36215913323751875
56.142841645278814	1.4304829709965263	1.4407756240819378
57.563259714280548	-1.9295775846058678	1.0530304957631955
56.006992201089318	1.4490273026391254	-1.5549846614859233
56.271111297984092	-1.4019877878261622	0.24575219807038876
56.909108603875403	-0.69705629354867704	-1.6472632816202317
56.70505462581658	-1.5416381444556362	-1.5925946153250585
56.041100370484692	-1.5840409111306246	1.2452516152096134
56.155615430086961	1.5266809659893799	1.4465462994644118
56.184851003754098	-2.2525270395132244	-0.45533028364841982
56.056652470920099	0.78820563216194695	-2.034652317593423
56.348199525652518	0.90164677656172687	1.8790712886481544
56.195147972309364	-1.4464771947037753	-0.86557076639087827
56.979595486121795	1.9249021954813936	0.4329014661469226
56.649842497096756	-0.28727524970356882	1.6730276737169421
56.765017071020964	0.34519225612274451	-1.8080658627839621
57.079455151390952	1.1969031720168057	0.95354225496744405
57.314930238321374	-2.173311809670583	0.096586711284190552
57.625219936540063	1.1576848562154529	1.5401353222630154
57.026488381223189	-1.3927900439084244	0.60114786813610099
56.986301274663305	-1.4265453986661341	-0.25852659740434236
56.448025115040835	-1.1341307004545069	-0.78962810951280638
56.867738932403569	1.8560765631412808	0.56992539265634679
57.035155775631019	2.1065576406126958	-0.095117549812030314
57.582807363550295	-0.61777311007403624	1.7174860913028867
56.260763990763579	-1.4853849901322773	0.88726473845533194
56.425754582563286	-0.6529120847559069	-1.752716495424852
56.647890411643239	1.3235887187828166	-1.6253080445024126
56.622497198621986	-2.0304799144574983	1.3367716573774224
57.766184788021285	-1.5173978335288447	-1.2032700896691717
56.316816776753363	-1.8673204496147104	-0.51898986890484222
57.308671230482155	-0.43283337703805602	-1.5532135950217647
56.984599432817078	0.75228124856414758	-1.8774792302347303
57.035345571312128	-1.1693296422616057	1.7648932016495369
57.148496880433875	-1.4254903593390691	1.7784206041411217
56.578199875748098	1.720576972869291	-0.16487544902939552
55.752767416353798	0.8043881382227267	-1.9105623450359905
56.750877133177774	1.6757577549091713	-1.7206827028884661
56.689103894960247	-1.9521725334369353	-0.75505850901472726
56.792747160164403	-0.73702944300695861	-1.4734587504838141
56.915163486761813	2.044893858354643	-1.0044503518108159
56.381868664325012	-0.96635693747860052	1.6557618368111253
56.224572243709069	-1.3990278355441015	-0.81379500510190639
57.729240434334812	-1.6306741391677277	-1.5108698308313293
56.857014530076363	-1.8840541393259584	0.45468904920798453
56.87706188448638	1.4265951801869501	-1.5636732854393345
57.7554322629125	-1.6058148985074261	0.87789972049074649
57.75535702877896	0.70014386288123498	1.8139665835000687
57.339870797521087	-1.6719940634016348	1.643795446710973
56.886105140287455	-1.6847694664752042	1.1185105192511473
56.859570296054514	-1.5194638434896146	1.1034937184789126
56.707341594796723	0.56145393177190872	-1.626063465678192
56.457624639880592	0.38603268750906328	-1.7206700114227318
57.702226994648505	1.3663181066116787	-0.72593987535067905
57.070568871994787	0.18996744077817765	2.2781925724789889
56.791842297851275	2.115552815873198	0.96623777253157617
57.481472636649109	-0.11206043024182306	-1.8546014725311952
56.533631963323742	2.0003334980787604	-0.30323855532661409
56.648143681081855	-2.244922774551271	0.59764173355987693
57.798889041685584	1.1280047813019343	-1.3994602289151505
57.801647943276016	0.0097545263315471469	-1.642818928917114
57.254372187295075	-0.69761143793932179	1.8321988576478805
57.816912267659411	-1.6028915972226745	0.98418051539383999
57.735722302491801	1.676651162201529	0.44497050193550614
57.038286391099923	2.4042306351066998	-0.80927177080239876
57.330154983975895	-1.5895443264797766	-0.46590238928133287
57.137830561483874	2.2041485237118255	0.24926690303386007
56.272144923685758	0.2772971091331291	-1.961793606063279
56.811892411297713	-1.84339427142057	0.21800609479031863
57.877911346567309	-2.3655687006371831	0.83786510942217529
56.530239814982039	-1.8157103005321769	-0.28937112057669556
56.961240464743156	-0.40443993014689733	-1.9235254833046385
57.583402610520579	-1.4426941628836338	-1.3925916762157642
57.264100181454381	0.13247781223623842	-1.6958415088956305
57.144479031233331	-0.15551997217965938	-1.8021643412363033
57.46209218784481	-1.5712883706264866	1.2347229753964375
55.840869056522493	1.1443946436302952	-1.437721782548907
56.139701973889679	2.2997277847928137	1.7565301861835108
56.048132516943127	0.58621865514130334	1.670637483028347
57.995805372218925	-2.1204697741148171	1.2283959304497449
57.577452891592095	0.30688530822526949	2.0119547900268051
57.583828205766615	-1.8752307476340186	-0.04070961761565433
57.696754671304816	0.81021076795508018	-1.9571490924055879
56.780424094307193	-1.1120017216065237	1.242692279662589
56.298478479282039	-1.1539234751267471	-1.3079432041559436
57.571842265637095	-1.2961483968552452	-1.5596736014202155
57.340988568912003	-0.37782844612462535	-1.617562065219027
57.188455847041332	-1.9184944635375274	0.14035615702983814
56.146467672005372	-0.49168880204050769	-1.6714311020544772
57.271265153761895	1.9808388003266113	0.13060086670871329
56.573484442846762	1.4866200976289283	1.0492707578939593
57.083978092952997	1.8494963417550632	0.16925898797914118
56.341034033037872	1.317077619726543	-1.506107234510988
55.887723018090611	1.4872780391907363	0.77626492178043316
56.513862252681477	0.98383529693967831	-1.2827964244611409
56.562167402620517	1.0885055433349149	1.4598723911810478
57.878026150401979	-0.35424693861747414	1.9065754712079317
56.200828931484331	1.6829540874433513	-0.43738800146720014
57.670731556988109	-1.8459333972980232	1.0189715382640441
57.659946466443309	-1.5082830052761467	0.88567655813363866
56.490200292238455	1.6684987910909972	0.62482199392466276
57.23544767535715	1.3882647306045288	-1.2680858321375339
57.317607892702782	2.3024861889800596	-1.4610674707667932
56.302343334935628	0.6918553590654517	2.0261085898072473
57.306658737648497	1.411479136902275	-1.1218199742853481
57.702623452506757	0.19528788519257734	-1.7402685620469511
56.342494138922191	-2.2879532160493112	-0.51901755978110953
57.609515907802006	1.2050959681804945	1.6481511527981376
57.198674243994894	-1.7886756889844193	0.94033863371324056
57.094927210040495	-1.9506679154772055	-0.21637210658611356
56.406527141865077	0.37426911623538928	1.7541339887156948
56.38003659241884	-2.1079294631175847	0.11267506159301098
57.013979867906336	1.642362957130802	1.5178103800132419
56.425443940953578	-0.16544843970180642	-1.9109226737421241
56.285022701475512	0.14800409583604704	1.5690862305734048
56.34433322626429	2.0290121842418971	-1.0157108073954269
57.0593684061011	0.72850716562037543	1.9381146540581171
57.695644266970334	-0.66178157584403141	-1.9230440464327485
57.837684174516589	0.22038453886865683	-2.1454932677196457
56.341526385963689	1.6420760894534177	0.81704907216778822
56.431537582128605	0.50551684127425345	1.8192187874576335
57.376972961936595	1.2934867375174677	1.4828164678124209
57.25318123233793	-2.2220175049595237	0.44748966121895351
56.64242689018937	0.56217448528886105	2.0353488128692923
57.685081489990026	0.41548328511259286	1.9215983159733412
56.172795245855859	1.4493425052061844	-1.5810465901988222
57.494023439763602	-1.6169009472080105	-0.95986218547843694
56.367240990129403	-0.80405376661874473	2.035105091833084
56.939603191126125	-1.7097185523906868	-0.078419220043847687
57.304690063638589	1.9880700824556534	0.20589124571210105
57.513414701083697	1.1398528202631344	-1.4309576289785
57.226217444838547	0.93816706660505067	1.6840170939652348
57.848545543024954	1.2069623295975087	-1.8390581551360305
56.153761329421336	1.3193450242051132	-0.64172566616209736
55.9575217258338	0.65658404173679719	-2.1917153028096763
57.87150301595247	2.0384017637669345	-0.63217912749397287
57.685203789629263	0.57374907669743946	-2.0985830786794573
57.276829529720104	1.2493535531565945	1.7644642218399835
56.45925180629304	-1.4464019110110986	-1.0860845827500982
56.111608712826275	0.2886096287296781	-1.7289501091876667
56.883654623564766	2.0685697933039044	-0.51136919816907245
57.239277930492499	2.0336186203936428	-1.0610532245895183
56.002662829665141	1.8779717750480476	-0.37751247207079763
55.969378540407924	-1.779370426655104	1.3178359231366983
56.793636482515453	-1.3894600846843612	1.5008432722766378
56.000651708402906	-1.5254330418867432	1.7102041838974189
56.338570583829586	-1.8843168611726668	1.6415388332045788
56.280878771385005	-1.9614664037321825	-0.20683769353020448
56.521449379605393	-1.6379429754455963	0.69454115933544613
56.417387282321528	-1.2763310602392501	2.1284307629071786
57.525815059949224	0.40158471540301954	-1.5583227407767417
57.01769434830755	0.053879890995520797	-2.2392722679537269
56.270921287661523	-2.0390418909453287	0.6732211928414007
57.550768252816553	1.6020369207196177	1.260901735914655
56.615410575064011	-0.34276910817008066	1.8579465747427168
56.412448925844984	-1.1636200732462672	-1.7901259198839166
57.625767011890503	0.35095752513994444	2.1463294592840958
56.598111259682135	-1.52245734055746	-0.87300774358018229
57.416630101751451	-1.6329282778424514	0.41021661533453252
57.019369492440063	1.8436781598196765	-0.40911434581108941
57.343892019627738	-2.0419084489238704	-0.74334050840158328
56.822455568422804	-1.1546148664573401	-1.2349882127418388
56.414812606158478	0.88368766394091713	2.015165964212041
56.580708602602321	2.0757345850317264	-0.76803043552373784
57.146011955492973	-1.2893076084874402	1.8685973089895487
57.573075470143444	-2.2430227824305224	0.5600877057861352
57.387322339452147	-1.6320905049552454	-1.4736704720143317
56.530195731674127	0.95608304089443963	-1.734016690404808
57.388466334420201	-1.1137067410938353	0.57467739890396896
57.380580479077764	2.4869314246180556	0.640262277747492
56.905942346499117	-2.066404094073695	0.24856568431219644
57.200553785750714	0.05042531814258619	1.8974233181019071
56.609715585734428	-1.1772641530661312	-1.8055964652014094
56.231276347903481	-1.6923276463555108	-1.4838174291116022
56.959196758858759	0.5142278629003787	-1.8421813903710482
57.373790590812128	-0.21161240878507051	2.6318047362835557
56.797372293008294	-1.5133250824684539	-1.5675991214791325
56.058187752644436	-0.24088022011887078	1.2914910900906347
56.839250319162424	-0.021743652258072087	1.9410590369058505
57.786602047336281	-1.296235754797425	1.4354089497616445
57.599782635417064	-0.90849755061900583	1.7726368051301045
56.788144948695617	-1.9923200896960316	0.47505925282550548
56.091271953652338	2.2484907143088635	1.2452391928967468
56.169836215126551	-2.0757076998838033	0.18652559112381401
56.949429185428521	-0.78776692746763088	2.0841551552936566
57.617656543964564	-0.28015659676111848	1.7299888609288008
55.985293999874642	-0.80375617958477974	-1.9092573957422703
56.976008417056569	0.95897196343459923	1.3456473957176029
56.661333186376339	0.76880452810901978	1.839611158232372
56.325092687038037	-1.4252751673394415	-1.6009950614574335
57.635700922680854	1.2197483149187698	1.2798005517915485
56.221110565243819	1.0543612926638826	-1.6486976126772526
57.284629791484164	-1.8584490479206184	1.2740868062087762
56.962082043011449	-1.1510124018728833	0.80124348698463821
56.786717869538009	-1.5184607696704582	-1.5880570971479295
56.914924074562911	-1.8873844435331999	-0.097692306112149713
56.158394212384643	1.9378243838630087	-0.80682627596094392
57.642987538439996	1.7595619218374792	-1.3614780954436405
56.608257174253772	-1.9757370354880779	0.43343780331321563
56.523299388263418	-1.7663911784677835	-0.23613286545695858
56.173023234428165	0.86006816017864773	-1.3594841563782574
55.937755171095262	-1.1804796973470093	-1.6692320867830681
56.460930226163761	-1.939070962530921	0.61416233758968264
57.686830334583306	-1.7802028592654309	-0.24900552569066228
56.420433059754188	-1.3658555541540687	-1.782829056580026
56.560162330893327	0.32941385677450841	1.9342876586292286
57.293041702368328	-2.0165813253277762	-0.62930816909825538
57.786366498336967	1.3158942988950846	-1.5985621775761654
57.075408994458598	1.5148063016044759	-1.3076129453489032
57.625757408528294	1.1628198538470456	-1.6364891030654267
57.947166466866236	1.6785722803043817	-1.3021104984055534
56.213040229597823	-1.8732816836639068	-0.16977059926206306
57.79041190296762	-1.4636074198732834	1.110413794579187
56.737344083553815	0.7965684584044681	1.912938496823529
57.190842302765461	-0.59064018522645378	1.7165396256339667
58.07153499328038	1.0801410003216527	-1.9766380689540348
56.934125805764644	1.6132553525868898	1.0019722432501181
55.929375583750932	1.8119148969024566	0.38595088320082754
57.617620676031109	1.2528763462222461	-1.5549410093086877
56.002549582441631	-0.26548037315538503	-1.9291224655233175
56.399260122939687	1.1330574516330354	-1.4300022077857499
57.616117588617357	0.66730895349098518	-1.9199895352860903
57.364280125926008	1.1738691175362708	-0.92687614849878563
56.245064357070177	1.8944920927605469	-0.44378600018775549
57.045321359391131	0.97634241298227042	1.0189969514648956
57.962362342444315	0.9070769545962829	-1.8303246101217907
56.326840660094405	-1.8895670646051974	0.31813669117275944
56.682015848487637	-1.7560240573088111	-0.079152757231182064
57.871030773642978	1.9336782757738573	0.35496758568830683
57.103516136206245	-2.2111332748260515	-0.66753185859162001
56.921777671387964	0.50424813187100304	0.904692357350941
56.682960828986786	-2.3085815007795736	0.15266992896540532
57.431581240462776	-1.8149079622449353	1.1335530533118849
57.612116585774835	-1.857520499526941	-0.24737249531182381
57.080913289462266	1.5511378547268808	1.1826957754061302
56.913688710021781	0.26149455019559259	1.9290706686473271
57.790905533260286	-1.5434958596309203	0.036051562532620776
56.098511892971445	-2.1277682417523098	0.54047265334052907
56.110619355396075	-0.41909734932777776	-1.3520131901965364
56.18565284413684	1.6081411833778139	-0.55085650422883659
55.870901006069026	1.2138271160797738	1.6952340940918504
56.781059407729551	-1.8879700946558604	-1.0754742469943075
56.619998221051688	-2.2898444598020444	-0.77075330410017473
57.1877208946444	0.21062218215873982	2.1969758438928699
57.484266338064444	1.5851337578278863	-1.8531731462605281
57.098828096432101	1.3735878355272	-0.73466563778778271
57.087783886524569	-1.6377884041811399	-1.6548687056347497
56.369492096750612	0.81196351897756935	2.1838146361312547
57.808341304284994	2.2882762144795001	0.35139065697332089
56.908386863361528	0.99989849904082917	-1.5964484302879471
56.096503620458712	1.192523243384519	-1.9428830420722483
56.763200723087238	0.1314053125844992	-2.5776165421165969
56.941531547933216	-0.8436746298681802	1.7711935534146115
55.994777720119217	0.097562092360750349	1.7653859083649996
57.32644347638832	1.6649514692954497	-1.1414178622838045
57.002543220805826	0.042880068459959869	2.1938561405772319
56.65012083364536	1.7181780010089327	-0.068283519979504145
55.905264303877331	-0.0085439333700704188	-2.3477881300950876
56.159452905726184	1.0612594400676643	-1.8543777740697942
56.194601316158774	1.5402528326295326	-0.96238378997659646
56.451147524398486	2.1890297124671516	-1.7260899368093581
57.010241145796549	-2.0597649813013446	0.76445452796017854
56.482149206118208	-1.976358410008376	0.46569741607805493
56.534650455047917	0.59988889773597998	1.7094695249645866
57.759764167364622	1.8227697559474527	0.45356078101343955
56.113128218531095	0.89932527741368795	1.9332116816905087
56.48474814491184	-0.51756745623763245	-1.779992393938258
56.312202386922749	0.66305614213883679	-1.6384496570823983
57.713799074833517	-1.0427531073303775	1.5693000306005964
57.742280562674416	-1.261586928769961	2.1316433501015659
56.597185447711908	0.58721035689814616	-1.7836909711927993
57.909672171150184	-1.094934331184749	1.5301742271834677
57.797609452068848	-0.79353578259938329	-1.4330836011661543
57.570299372446101	-1.860378455463104	0.85734874592640176
57.211914922675248	-2.3198362982231684	0.77174364831803333
56.707237732785757	-2.0518460001785472	0.75432394144693449
57.406365700797458	-1.9496580453920358	0.5840052359011022
57.650222437508909	1.7009611079233642	-0.51197811238504776
56.907581355704686	1.0132121953074469	-1.3390843209451793
57.055480708540792	1.6763733701205534	-0.63596857774978688
55.876107660127154	0.56717015079356503	-1.7628943284963525
56.989234776997307	-0.015131054802874152	-2.1000066624631151
56.838089348194266	-0.1413536042969602	1.7513485864113945
57.235245145440189	-1.5166112195728221	1.6377246989828629
56.492582865967329	-1.407823578785687	1.3709099544219441
56.793554064736718	1.6232976205964833	-1.0007693204916548
56.787149210097915	0.395269004371616	-1.8505896682133682
56.548058005386217	1.5279130252744832	-1.5166228882215049
56.589274803327896	1.1575894308947108	2.3810287165475836
57.739098822208923	1.7675486139588801	-0.90464590373474862
56.373746497151096	-1.1466083651985683	-1.3658110001745074
57.62294618630871	-1.6103961498551222	-1.7226884506292728
57.19334461562616	-0.14238035180937764	-1.8070946334760933
57.613369543315123	1.7193907210543544	-0.30401262616104768
56.278607757050537	0.95156651119349933	1.8167114349031586
56.646616064044956	-1.3008410061948514	1.5178212249762575
56.87334217388679	1.2715450811510836	-1.1327282949826314
57.701601529939182	-0.27558418447960414	1.7492464042999571
57.366847841703283	-1.12933168232905	1.645362754857095
56.542336353404352	-1.5071288289296103	-1.5144536348611297
56.371419890249285	-1.5290616455802524	-0.97181483046796513
57.501343961735678	1.4224621213832036	-1.7589735321978364
56.632808769261572	-0.65994232824849419	-1.7734457694240715
57.729548530590606	-1.534327630330236	1.4270362009311286
57.413897195406705	-1.8291160027644204	-0.58396771177377738
56.696423422356652	-1.0846289351800713	-1.1650867826425733
56.390912470246896	-1.4096816977095938	0.32737696261591254
57.447406653354193	-1.0846745569852136	1.393978460944798
56.461973837248721	-1.5003083926132572	-1.5015103637373124
57.756315193626683	-0.34731274474475898	1.8754482896090225
57.188290247889213	1.9972147258184716	0.17893628324982169
56.096011914734092	-1.1854319894895105	-1.3360536950557031
57.447790232362486	1.0209126228179046	1.9251459151497139
56.565896475616398	-1.8376155271459007	0.67609763898513453
56.132570097546747	-4.5166683390755562	3.6368054078436973
57.591879534708781	-1.4337500328891022	-1.1165681345549892
57.636589872591244	1.5372902688776289	-1.1697761824169715
57.284235832972527	1.4190548320925622	-1.4925389335947097
56.361253966661799	-2.1732276913881869	1.0630264137198384
56.671017202450663	-0.22424655138279592	-2.0062805021697141
56.421792075841985	1.8211318005231008	0.65655521002497896
57.475774336620553	1.734516815227978	0.636322545451804
57.513166382141961	0.97960807032539243	1.7469381152666008
57.727163891751886	0.057138182603778842	-2.1041000500511684
57.279771309507744	-1.6917456336233072	1.1799351461649752
57.716585072567185	-1.921242891459614	-0.27384425491383591
57.238001369683424	1.5298846976039004	-1.4407459990964819
56.950790058116013	1.1904336797790527	1.6221376616167191
57.67926265210356	-1.7891244870220029	-0.18406258930635555
57.646479588858334	2.1307373852048577	-0.26369079493318887
56.388785928105051	2.4591457040880016	0.31683888851100606
56.397426693224197	-0.5804398095409643	-1.846327807740108
57.689367899591574	-0.17855090913297622	-1.6859596383097699
56.381763697280853	-1.7015308346167362	1.1769792669394226
57.144123838651858	0.2316638204136699	1.9210523986488512
57.244207447840402	1.7356285287750388	1.006015841450421
57.348937036236848	0.797520867422715	1.9251765214087366
57.148895184466014	-0.60150023623626903	-2.2922567066634247
57.490270440668418	-1.780006796517055	1.1711262856771936
57.64691729589218	1.9052984558984696	0.49478198479735602
57.430812378840358	-1.9299433578371186	0.59701929725879799
56.518387427109175	2.115715402694951	0.44579343644328562
56.483491016489459	-1.2933611089280954	-1.6911312629530455
56.39015613091965	-1.5471051721136735	-1.0440834988957535
56.088941119013469	0.87260866642715629	-2.3423274200225674
56.133774825740083	1.9424974851157846	0.436322251579149
57.849503182567304	-0.48576402375236055	2.0172184843385059
56.108649025335424	-0.67755684486820966	2.2146139987618745
56.401052371713376	-1.8383422242458163	-0.29778315163918168
57.280184558133428	-1.0012416041872398	1.7679146578887015
56.942255983318695	-0.33950292618791184	1.858764327306746
56.544098855342362	-0.48821851330210281	-1.6987762484160795
57.783182149521146	-1.6802341497448245	-0.76387410261180322
56.408465248259361	2.1576002628490656	-0.69810569190773286
56.264791727043303	-1.4512108996945479	1.1942915139033012
57.141899650255453	0.33148958229131126	-2.2616423141684439
57.223570934981012	-1.1757771894212072	-1.6774207607303488
56.980625996522456	-1.2479570545669607	-1.2800080958215674
56.917793398336379	-0.054764591247830272	-2.4536840551876393
57.364268152805558	-0.070642246551256879	1.4989806328023076
57.651609530485246	0.1512233551436005	2.1029992280364165
56.354748379667143	-0.32104656861782854	1.8657173786938575
56.175310332280617	-0.059787617185257297	-2.1685440871003525
57.87717063469205	-1.7681298684952047	-1.1366612617016525
57.075037507636608	1.11477618467213	-2.3405913107778553
57.954047779842035	-0.0070082526913612013	2.4171472977505553
56.582171050499078	0.19757393893753039	2.1651967660809648
57.295877578254036	0.44916058392041436	-0.97600026749181579
57.079713680958477	1.0635413922277992	2.1420310172476333
57.324487657007204	0.31361393268450583	2.1787496167617943
56.764496702392506	-0.042180932523520467	2.1208690855347192
57.53703226073884	-2.0948885811675013	-0.31917699346290618
57.280278506378409	-0.10213560831785462	1.7380738009155616
57.383440416770334	0.63034040255432167	-2.0967608687111143
57.225762057801383	0.35479274276920991	1.918586191613362
57.373406158274328	1.272853321108911	1.0963843662468791
57.53679611522206	-1.0285229956107307	-1.6214616001429947
56.493539264286589	-1.7538802732386467	-0.65434535324948662
57.1080110831846	-1.4908839530129336	0.95803249092041298
56.273230431070388	1.6522749421994698	-0.90250388067375109
56.321151103976753	1.1978042794210446	0.556163986844606
56.20811336818921	-1.9237385378517879	-0.14623007604253513
57.290691273337863	1.2732301312597083	1.1666622971519232
57.18079956730611	-3.0107268821048581	1.2553698863376441
57.116696136430647	-2.0446564769831301	0.95061735988195051
56.591328103457663	0.61486513054788927	-1.6353845441459665
57.885147364216401	-0.69203211492111305	1.6799593535751389
56.296704965197918	-1.078957767183448	-1.4809234064631378
56.775482857509601	-0.035407386897957506	-2.1143997897606051
56.504579514282497	-0.54885857420259221	-2.0039256748738294
56.26155233618428	-1.5714728429223088	-1.1428706213982913
55.946621620137698	0.20023218160787282	-2.5297239243534997
56.862774199523486	0.37700044159313634	-2.1832455059193161
57.685498330746682	-2.0042387294042316	0.61115413072858682
56.097841380583425	2.0241501992318764	0.29768853558648273
57.132074138145846	-0.14474907050221714	-1.6894544901584838
57.617730528122394	-0.32710761023309337	1.6601050261961519
57.32346866868393	-1.3510234291908163	1.7908125367326271
56.987555119154351	1.7300394969198445	-1.2015289466226879
57.573742317883841	1.6241231970440431	0.89497446709695994
56.318533782937358	1.2750217659102296	-1.8490464099702564
56.829229682038957	1.6508281496796584	0.69706108300593972
56.432600471464347	-1.8045574498104104	0.41945087093095113
56.267906816479474	-0.74092665430626747	-1.3313159968418959
57.735218247089314	1.8785432528648256	0.20987312767927632
56.028106058827575	-1.4686992779867134	1.7921999759967999
57.896208618638283	0.031794294607778037	2.0112473622026039
56.918473419250425	1.2027411165470772	-1.590270089146578
57.792288856115967	0.5295112615835883	-1.8487500399903674
56.735664788020621	0.051585881651098182	2.0656136344940657
56.052202860161479	-1.513776621532184	1.9505215531253079
57.079295162886268	1.1006632996697434	1.6214090990192496
56.957323325983019	2.311475004423897	-0.6654171107858371
56.819124706926523	-0.14063316801599277	-2.2563515103773928
56.074340863919225	2.5895041690394174	0.79894139617980187
55.987628576081093	2.003251925061122	0.37306098187641917
56.976566364008711	1.6958365347355666	1.3113349404658565
56.956118492891839	1.613853416218201	1.0832244069352484
57.146872282239926	-1.9810637868258172	0.53782584769051101
56.50830185456374	0.55349196863508532	1.8701140634108722
57.260839709815286	0.67341420894860127	-1.9922202276245855
57.923212297517956	0.952152476325964	-1.8829944687960429
56.714015854891343	-0.26407261082894834	-2.0386913604795875
56.938105972907842	1.8699272920416268	1.265819074915884
57.447336030866424	-1.9475439842518687	-0.40790354692171255
57.72748744215351	1.9420706306954565	0.50787946439266662
57.78176057148098	-0.59060114827487709	-1.894795676637874
57.399855919914096	-1.7479380912484128	-0.98734052655297933
56.394430781084772	0.72063881366495941	1.9688157807649693
56.044475644235902	-1.5980750407702116	-1.4567859584626064
56.147938496398432	1.6208551494175834	-0.074966767771717263
56.831517356859301	-0.39802496619801997	-1.8961863230610521
56.360871315892105	1.9007595826078778	-0.17641521172116095
57.752267752053925	1.8158910433557707	0.69431992814332477
57.237863855086069	-1.7893926644489575	-1.1621862136700356
57.818756452522315	-1.7950932867165619	-0.76469897391824737
57.681101426604073	-0.38995033959934827	-2.0239854763361982
57.000848508049792	-0.35929070916735373	1.3226201886517879
56.343524095517516	1.9937168413277369	0.47002794335232262
56.669694971435234	-1.6558223249105199	1.9018109458305714
56.956023846114526	-1.6845988373667646	-0.91140299528252777
56.097361669468718	0.086917194608160511	-2.108312409433386
57.53481877085639	-1.8365785945379043	1.1017907903180872
56.507200187504779	-1.630947641871126	0.97925767542262143
56.206117582715969	0.032613730138035125	-1.9869853271835778
57.214995035862827	-0.11378646759766001	1.0732228591108042
56.508951631048248	1.3907122633555578	1.3563706665342248
56.223100797369199	-2.0207922066867856	0.070829296903152233
57.201384716255298	-1.3462105021788286	0.86603881683220296
56.066577711647575	-2.0130672380821157	0.03939867251813578
57.466465523543384	1.0324825382614287	-1.4524796865048237
57.631170624737585	-1.9040714584073433	1.1219084811766595
57.930786956668186	-2.1794345437284632	0.020964299650273924
56.054342917911768	-1.753703658481194	-0.74242603783244709
56.155916240043553	-0.35485278480303056	-2.0155961184458389
57.670825509993577	-1.0373514724556017	1.5858955800885064
56.237232114366755	-2.054660802345075	0.80014955606946547
56.314775735166727	1.3609340649632848	1.5026329428261933
57.702015720485704	0.25640564725556686	-1.6274868861042651
57.715883412356085	-0.8819700219297758	1.8756402850889429
57.686129360346342	1.7325934938787808	-0.039485644134223799
57.640383186024394	1.2164701351663387	1.5168513181124408
57.042436894854234	0.10985265104263155	2.1629818365436844
56.737898143625721	-0.0658367058543088	2.2767257098291349
57.560725440068964	-2.1493815226291781	-0.36630002509932541
57.360279855901076	1.8753860396235476	-0.87620963532005069
56.792131452062385	2.3368065449336175	0.20397139385455673
56.625246329529382	-0.24178776059781093	1.8187631435612424
57.06823640412501	-1.5117630802985604	1.6496154495275788
56.143744386401472	0.20618673269749102	1.8478465438162246
57.296945017635238	-1.3175519852089073	-0.12312486499595558
56.210668033961952	0.077214267246581578	1.8591780167878422
56.63756810408394	1.4023468978526081	-1.4418848315889488
57.215208403148644	-1.1893866505465045	1.0292738512708162
57.468198568004055	-1.050159794456468	1.8595800089410937
56.10473472815297	1.3132714957929534	0.39507132796084959
57.286816618510727	-0.37582081302993126	-1.705515748469411
57.692128334002753	-1.1707067812637408	-1.4693965544619179
57.682192529133538	-1.3318266425013852	0.83381828038135009
57.13884976479887	0.048878679213021317	-1.5595345067243831
57.455969197077941	1.9454987712380132	-0.63236159103900225
56.282834802969738	4.0453199908052513	0.70967058677697759
57.952152468113368	-0.37206034931667986	-1.6644151698363203
57.54293541412256	1.2460969381877058	1.2203975543407133
57.167389609464529	1.3880586597577502	1.3003311303861851
55.962266928178373	-0.7737447946746504	3.0346674350975458
56.731688492872401	1.2763799184735345	2.0297548807446915
57.108081587287636	-1.880974089832393	-0.25422593988742787
56.010953722668461	2.0304774184233048	-0.25985386057760151
57.899167802294762	0.60844494430042229	2.3367462438921272
56.78377257632954	-1.7807275147679882	-0.92293840714469988
56.815977678515011	0.32322603096017244	-2.3583092243936612
56.35238797929712	1.8257919605629063	0.35063638200102493
56.273108032178932	1.9518902007590122	-0.91156503767287911
57.488968445310114	1.9686297822595897	0.62204800557965534
57.125524984304654	-2.6290271305973754	0.34141096914338859
56.744789318299951	0.82501858359511182	1.5902725807222333
57.124694601899861	-0.73117174117064498	-1.6001705792871261
57.483741377016884	-0.98924501117180497	-1.9275683154227117
56.871569598875432	1.8826408653650604	-0.17646032329824424
57.322552530349647	2.2562034878801076	-0.20085244101147409
57.080487581379771	1.5604794390820691	-1.4390925903563534
57.591071346953555	0.59579468551066617	1.9077523441528981
57.573085161399185	0.63009585341734775	1.8340027209170544
57.306593274452588	-1.5885130831214709	1.2846129190516049
57.630648688141513	2.0417605857491199	0.40106438075217699
57.653971395997004	0.42225571789514038	-2.1077810581955947
56.409978989979294	-2.0624930849156775	0.17975937851284518
56.456421800918918	1.8484013013323508	1.2229273367330611
57.607357004017324	-1.9008649940808888	-0.94873434599038486
57.397808365199502	-2.0095482526828206	-0.56186381395643525
57.316874714547254	-0.28623356427531588	1.8945145614022736
57.595139190176674	1.5892054424311235	1.1036642162340748
57.087407461679533	-0.59463239281780489	1.4243100589231505
56.396223910904943	-0.5609886482734735	2.005829866133948
56.209286152665797	1.9270943662608286	-0.77802802826015971
57.630439769557569	1.5239484962918164	1.7827799680298895
56.54567662737221	-0.3785364844940376	1.9221878784466968
56.586038213476819	2.026744408567748	0.27618450431312891
57.755122794197597	0.011899599747462731	2.0240437730951091
56.672040251830936	2.0999619685848248	-0.87301701213274996
56.386324622872138	1.7266202937462185	-0.56692869991014294
56.850306923833543	-1.1363922967359859	-1.3172466986524258
56.393144272791439	0.26591170903161371	-2.2578863083880663
57.591676291943116	0.58223646391103456	-1.7927493664238099
56.739298880222584	2.0461666323235681	1.2852444832694991
57.165637624407253	2.1303643070840836	-0.4345129812134354
56.154082063347559	-0.35048600970455129	1.6381700500384229
56.541303879010783	1.3007306335241955	-1.3167977593919415
57.033762316225804	1.6595709632296847	2.0440974045406706
56.657864456668378	-1.9830923236156393	1.0413988973266626
55.916461060532228	0.44232382636091244	1.6489356063852083
56.464416543966593	1.0861224119374167	-1.8207950880353279
57.590204108996389	1.4486635271455353	1.0383078116657896
57.186158134524	-0.83679161518365708	1.3580158966910421
56.887639892873352	-1.7689594918345535	0.44348757988052218
57.645998298797338	1.8823987544614691	0.62897847965564857
57.082958478380597	-0.61317821460081223	1.6940365386647345
56.76046870764614	-1.4664967018923019	0.57899265654544085
55.925619502095721	0.23814984955885232	1.8005980419237964
57.293465015837015	-0.31774580168146344	1.3440857319879291
56.255968758795561	0.53567514039572861	-2.1557540457051325
57.364678381199816	1.0425035512144765	2.2420682745576479
57.255302979078841	-1.3286722483902158	1.5019640986898586
57.239920646659684	1.7570743564358291	-0.94979594988991511
56.148669844118416	1.5405647521786821	0.36682651874925237
56.478293058463841	-2.0479181167345053	-1.8268976005517124
55.940459617944519	0.30018073119637623	-1.9179287688123934
56.677765784424217	1.7094409313168395	0.88337434588327968
56.736627734404408	-0.6466481785283702	1.4656729169567031
56.663904167175396	0.033445134117218382	2.0798250647101173
57.590190049708077	1.8028241666840337	0.91711362451559841
56.520711985894678	1.1759717251254849	1.5604358554598641
57.690745727995235	0.78894491844390247	1.5192705736656666
57.713984141382461	-1.9904176522396368	-0.16801530519041841
56.283943309236115	-1.9254837662594058	-0.23840160905855681
57.747641562012319	0.40538038926837422	2.0208895209943791
56.134987999367851	-1.241372154141092	-1.4581160967097013
56.790343524918498	-0.20428505540281303	1.8499843937027294
56.12200114035501	-1.089070416068078	-1.7617219913783075
56.97718385074274	-0.089276876379548287	-2.4813372111399983
56.658444607816826	1.269127858428938	2.0433737344219032
57.439480379877637	1.0117502772432538	1.8898291555049385
56.809173233653539	-0.26329368412451742	-2.3087381659205355
56.120605627705601	0.74283618328941559	1.7559906037285404
56.628400577546131	-0.00015605319047434546	1.9216561208883742
56.463714705335015	1.4833423948149314	-0.84559289447962871
56.072336264948689	-1.0863356425083939	-1.6298050180048664
56.146104967476106	-1.0792822387516576	-1.5149262600577829
56.046024302121928	1.7447696893996889	1.2623738843860364
57.706724024467803	1.7810204849462055	0.03328044006183118
57.396000948188934	-1.7069318929535504	-1.50328254167827
57.333038902003963	-0.44307246039469583	-2.0744060967637656
57.50070725282238	-0.62768119155612434	2.1527299432404949
57.694446863327336	-2.1086461784338004	-0.3694428574987304
56.322970242888339	-0.97803565744758847	-1.1950612200649131
56.577634762215041	-0.32601280832594309	-1.8059014292150835
56.83752948138229	-0.78053412460528593	-1.9594521264965581
57.282169592565772	-1.649427512081445	-1.6432648913002676
57.024822657316378	1.3966904886059395	-0.85676127556394321
56.163910872648621	-2.0141084526113175	-0.31522191715849796
56.015074998437235	-1.4916566856363951	1.4711739370484376
57.852653362377822	-0.79537542376141779	2.1981531630303315
56.774579041244003	-1.8801926413550938	0.87298036319931305
56.981493011946078	0.89269311546003427	2.0098958869294772
57.079390054646922	0.66742255119747784	1.9726407250715479
56.45231816262347	1.5713403838622433	1.5013495044087148
57.061223111737227	-0.9476149358890561	-2.2596674471953833
56.226455641095711	-1.8854013671075343	0.31664801155594635
57.812269739859396	-1.0630226684890638	-1.3189427674938912
57.379781047782735	1.1441589523533835	-1.273646402307447
56.420121118247884	1.5521338108797496	-0.81882622377444136
56.078537655399785	-1.1730709168581803	0.44818205254709409
56.390962237982542	-1.7039300316779895	-0.28356074873282422
57.082155495858359	2.0744877911406627	-0.12854997924543143
56.970982991703096	-1.6998783559415107	-1.5074374033035027
57.734799361758895	-1.3905792863922568	-1.2082061267696564
57.605312955443516	1.466354222148053	0.81715640898345321
56.907084258369785	-0.22746903937309404	-1.8370754104810028
56.98543295930304	-1.7952143464520764	-0.76614874498947716
56.310378294237523	0.84981042230538328	-1.6064568178586873
56.18601537599924	0.12964059903021669	-1.9245766682471626
56.483356314939456	-2.0026725749427805	0.31371748049062997
57.86339689129121	-1.1963539122875166	1.5735409648582874
57.231175609828142	1.5406477862018497	0.54962913457602558
56.042445709483701	-1.7767832959446987	-1.631188745775821
57.192428034577304	1.6087446635416094	1.1884712029823843
56.893862154594814	-0.49076526984450441	-1.8731932961521633
57.709332377557139	1.8672604254080611	1.2092886410269783
57.245951810444303	-1.650395511641374	-0.51909274741496481
56.471129331847358	1.560258364263241	-0.17217626488289078
57.859657901277458	-1.501113269063167	-1.6884729673177117
56.713190633312749	2.0348983854724509	-0.79285029100757987
56.13948857413898	2.2313783998834977	-0.87568428834368883
57.874602255477683	1.2384518741552628	-1.9102526456850955
57.419029450884175	1.5925572641996204	1.4140750595495106
57.487490901326815	-1.3421610942589592	-1.2115058572961239
56.114009748949456	-1.6473951678248773	0.10434387643762273
56.1346362371754	-1.9511277497186679	0.34925058820406557
57.716762253876965	-1.7690491958620662	-1.0978987806093836
55.988447338357119	0.50430517869138014	-2.4069717737756888
56.546812149128556	-0.53968449646414296	1.679377602755604
57.098666100458907	2.1118869528222053	0.49929340903046371
57.116267409596055	0.0066789850751220363	2.0299005638477232
57.631126060163659	1.7008774236225321	-0.67288691035073322
57.524309958912937	2.2416227645821407	0.27563069466897189
56.329606148184659	-1.7065184367024593	0.26914250565351266
56.999026165021135	0.5902660156471351	1.4017293827303512
56.168115708329225	1.4088820077137783	1.0844021566984003
57.555714776931218	-2.4890798218393662	-0.50469406902125791
57.530119208815272	1.5513274221035942	-0.27401997928296917
57.135581914777703	-1.6011547679182183	1.3895224495661951
56.951065939196404	1.8698937079499536	-0.72146335807342532
57.662616385287649	-0.25138763878608456	1.7921533847810629
56.540605947783874	1.5563468158364122	0.91361368969440715
57.075505403431691	-1.8679115702961959	0.57499966507678135
57.009101784178661	-1.8743390031802636	-0.035472274654044726
57.409817805900978	-0.088556969988453305	-2.0453602291368136
56.338036143396657	-1.2369688664125709	1.9048427394735459
56.774148119275175	-1.2303677730306659	-1.1955240547062851
56.484107925577284	-0.99325181465696122	1.7191715056329864
57.359856339367056	-0.036608793636000558	-2.0394481741007726
57.625049552373341	-0.19314909395013863	-1.6842421799208176
57.19648083377907	-0.13754260911303504	1.9356348399407872
56.307981189013539	2.3182567064964896	0.11269889085675082
57.416059681487702	-0.20347448492997253	-1.990537375722061
57.151075050952194	-0.73303187908128087	-1.8653507439243515
56.16629895015344	-1.130778908472897	-1.6504059982578181
57.560918128262188	0.49238997110926302	1.8804893667891069
56.001276413596948	-2.0458059145860044	0.78470097935873029
56.458868211609882	1.9661379550344169	-0.4838945052100978
57.239724373133981	1.6224400814584974	-0.47516651355363354
57.223918342761621	-1.6883837355968774	1.2335815875016811
57.349178636999099	2.1600092378124809	-0.38665320933059705
56.525576436353312	1.3851413133886508	-1.4967980977073876
57.023472211255623	1.5867069552247528	1.0799393437447491
56.63804467109204	-1.3662961128697761	0.84634846994870616
56.701077792877136	-0.51804476950794143	-1.6776936029083289
55.981091978724784	0.63407103710526824	1.9347532680631425
57.811924242198501	2.0528279522239261	-0.53653126398488094
56.784025888139716	1.892052787659857	-0.091206826777299674
56.450286631529089	-1.8734386117738517	-1.066744337528609
56.821816807361159	1.648296158701188	0.23470610709431397
55.97439674309063	-0.40003174069252456	-1.9092094444707246
56.41371969764576	-2.1242519664975492	-0.73319874635035232
56.585887768358873	-1.9640673385248701	0.29935412811760742
57.160337903342203	-0.57655320756500983	1.5107771631577855
56.744127798995855	0.14089207577242774	-1.9310626952354613
56.089506634280404	-1.4667537153784742	1.7558232041215522
56.692197246338395	0.25971975096443711	2.0800093772479347
57.110058143945977	1.3074973872757891	1.9157666552318484
57.380919577496336	0.089666935023942532	-1.9947570221231667
56.692122128164577	-0.42589911815177439	1.7732704019910528
56.602904212656803	1.2511813710663557	2.1099273347052545
57.2491443852063	1.3291244173573726	0.57625421062796478
57.110502587249094	1.9873871375942977	0.29895576210694103
57.480823244060929	0.072763172294946485	-2.6249785576201554
56.057673950339151	2.5796835374760057	0.23651248409189449
56.170449788314613	1.6089835187908554	0.33853963365563777
56.937912344179615	2.5121123829508814	0.70627522808200205
56.762541529833399	-2.1852617586768628	-0.71793709755831658
56.684269157576018	1.8734016402273281	-0.8254980852188788
56.045901020816252	1.5395990487297657	-0.48460012061048702
57.247408202041797	0.46388428996240055	-1.9760528696431445
57.819464906223551	-2.2869727856097488	0.43478123101030597
57.42295313402952	2.07007297111813	-0.22347085297984015
57.191676516686847	-0.66707340629958067	-2.227035774475687
56.169267150035729	-0.53504261482971116	-1.9855082941935875
56.013512869020303	0.85647241470612023	-1.642081905173264
57.472289680696662	-1.8559685585853818	-1.0626169372679537
57.180554509772989	1.8867120075142769	0.58265303341572605
57.380182072102656	-1.5331587523330101	-1.1693057850027055
55.89788165087262	1.5131141078201569	0.97488684050464014
57.463713240521592	1.1087907600051048	-1.5001050948983214
57.01229761048144	-1.2416441098926427	-2.2835827674138103
56.615650386907781	1.4039825361138558	-2.2609000753478403
57.514523967797686	1.8822947254838762	0.7760761262709136
57.363308555189747	1.1382036902829882	-2.1153511514975869
57.721661175951979	-1.044565294942214	1.7878637137698414
56.736397780057807	1.5986406388520471	1.0853993624993752
57.878358424189962	-2.2059797399861192	0.56823322201486781
57.591146463394203	-1.8677508078230496	0.24611544857503839
57.377312858926359	-1.6827872308409477	-0.4946963806581462
56.521044204451059	-1.6952127313470771	-1.4869399402213361
57.723987580921587	0.98462786552187687	-2.0931267904688426
56.23850696707877	-1.2206159991499221	1.114089774355608
57.193147613294052	-1.9958803172432984	-0.26700271761678279
57.779448900824114	-0.10916939951145489	-1.86580601731438
57.621198092756607	-0.19778421589302017	-2.4031052347240873
56.804946023027632	-0.087327399824009652	1.7569375235469762
57.61856297217232	0.46634412428554711	-1.5047169295466229
57.066476351106026	1.4422414245026134	2.1911707965229699
55.948603907352897	1.9503364736811812	-0.20619697815471727
57.151684957795197	2.2860291683031431	0.30667284480187051
57.042721396997123	1.8063917449082565	0.28297303158583259
56.608697953817114	0.70409812472242317	-1.8506437927214423
56.342509094598064	-2.386242490128327	-0.67977754639572996
57.424075438728529	-1.5279563365375015	-1.342933192604995
57.336718729789027	1.8197934128373372	-1.6335734758068119
57.026866223073341	-1.7649851602443472	0.65266163518735576
57.617320243544704	-0.51503758408599587	-1.92987159728892
57.086487179738278	1.8848125184105688	-1.2071940482270855
56.838338470568402	0.97639330457935936	-2.0085091123228671
57.282620468339871	-0.59501794959343934	-1.0961337859974689
57.556441187617963	1.9156423416970365	0.97236637836084294
56.416324634337506	-2.0056552060252173	-1.1161903659325525
57.344205181309313	2.1954317633456104	0.6630072873355316
56.803561833473452	1.2145593434449682	-1.636741447495021
56.553084992644386	2.6555826807697231	0.06452410071323561
56.456078474114832	1.1665635181153431	1.0154213477949094
56.948900863647097	-1.7216248691310112	-1.0512101937708109
57.187515780574373	2.1583391592668923	-0.074719179764808505
56.316137098378491	1.6810014138532872	1.0708569290497312
57.253635149681621	-1.6709851772094952	0.1635214742910156
57.450130031022169	-1.6390293648094905	-0.53871264392068807
56.343146502057365	1.5105143433342403	-1.4900303074700769
58.011407661827946	0.68527245849507312	1.6463186848670819
57.031179580652612	0.39165506728542482	-2.1680145550450476
56.322398561733223	1.6244759967547151	-0.3255250304189744
56.453865027424065	-1.8445290440137836	-0.081226018610486728
57.083822560629216	-1.3925192427999802	0.32951858196315442
57.309028566989895	0.74407911741338528	-1.8349966960720456
56.451219194055554	-1.8233387009359907	-0.66616528836018252
55.99017344313291	2.1589044855946335	-0.6937009400332691
57.315071513732882	-0.99183957322568705	1.534311285709884
57.544143820825255	-1.5318661624124903	-1.2799282838832475
57.552789088628892	-0.34257284537198002	-1.8130152249874845
56.348479488830662	-1.7149658370972709	0.81650544500253841
57.05118263388384	0.98349077886106906	1.627329433403288
57.065124593084818	2.0211930814834198	-1.0005017992111014
56.741179039610856	1.2892370954671633	-1.0065916028814366
57.581894362721819	-1.8202997513300978	1.0284816337931861
56.765914696951015	0.40829100530691237	-1.7682969916280884
57.833976482121706	-1.7077182631131431	-0.19053721445036476
56.76907263573834	-1.9318008218167189	-0.98142304250131784
56.921459376366059	-0.38907265149846543	-1.9959619911687996
57.796742185352791	1.0448029598971478	1.2892288534136658
57.610514949885463	-1.618528906169048	-1.215766655625675
56.765871374419561	0.49748460834641134	1.9676903867057147
57.815033217630614	-0.76224896078234705	1.4463796000389451
57.260534278775509	1.5922197526045077	0.67712509314883162
57.888642269382537	1.6013288565812871	1.0763827301322244
57.740242292484581	1.9285437948374844	-0.22781134896468161
56.815077608367375	-0.58990885615193289	-2.136233123649105
56.56193794722099	0.29926456466564844	-2.0786799270078662
57.089767900061965	-0.65732531051880971	1.6933590156585427
56.729585508383614	-0.37324949722906364	-2.0510527905643001
56.606256509146576	1.5894228540148196	1.2192628919401554
57.953631210265819	0.77731269710826156	1.6962131730144656
55.84932648286042	-1.5717773180423329	1.1556706088529414
57.416143067687969	0.023564619870064415	-2.0818875697204366
56.078155763545645	-2.1867936308578999	1.0975263884045645
56.202649595142233	1.2786585822423431	2.0642838956681926
56.848155293260028	-1.2426358476767274	-1.2729278629147323
57.022262186073142	-1.3242213342136415	1.5685624930437589
56.59646810309966	1.3860773962173396	-1.5865972167611491
56.497070626042884	-1.4231034121549628	1.3313871777219455
56.271686936517824	-1.54317122416248	0.092434575494486665
56.731103309456664	-1.5615413183432565	-1.2982121531157818
58.004559824036726	-1.1807663467679448	1.7909998043314421
56.63949134878672	1.99636177003731	0.047310366001690668
57.906299228339556	-1.7268720280823475	0.99173710455894126
56.365708798811383	0.099520386373436617	2.0552470273991519
57.372037896812735	-1.9583753603012719	-0.29288962748412911
56.795740326203784	-1.7846450858254801	1.5373214974644445
57.228648578086251	0.75591698404033136	1.5573337273586958
56.483958897699551	-2.1225681987649767	-0.29671549791674118
55.898716262102255	1.4153573831476476	-1.525262374400379
56.066733336650948	0.58456512641404568	-2.1103882450354887
57.465931417236547	-0.045938420270430998	1.9534663686044145
56.680516333199115	-0.32673411660946411	1.7005321104521973
56.713390244382452	-1.0105171582497914	1.3923485845864345
56.820775637570037	1.5256196463716196	0.76362313828595008
56.312740656649417	-1.396697504978837	-0.8305865805544117
57.460224877179584	1.5409469119803876	1.5886506572795147
56.986623616003136	0.57957686904790251	-1.7637451204679662
56.09780225238574	-0.12003096286557188	-1.4604587405491565
56.121252608946826	-1.4874589830166218	0.57877252432987147
56.42322231640162	-0.3275894724353503	2.1201130695391597
56.70637734650132	-1.3281494055448628	1.8279005229104828
56.019992429856174	1.5095648244097373	-1.1703671033272767
56.33513743168642	2.1861655211468927	-0.95685709161081667
56.20064066935403	-1.9565447426901992	-0.82650682681738952
56.024401744193398	0.73697099660958842	1.9097783595617872
57.493402372956488	-2.2540032924810705	0.33697778698817193
56.838075934502008	1.9931217615672387	0.44297599213308514
57.345697180545656	2.1580388712099383	0.26378703152659455
57.262006650087784	0.88927269786394292	-2.0542927943106157
57.513371362801038	-0.32082677584165753	-1.5318964392659624
57.164760334953101	-1.5010331863095412	-1.0364157635480038
56.049968490447874	0.36431626605987782	-1.6089048090408047
57.519767522877451	0.42683164508728993	-1.8260185552959676
56.070831973958214	1.9055001246510934	0.58815932685764105
56.412544790323807	1.0347664370834908	1.5009596603245841
56.894373454927226	-1.4714856873998177	1.5699400479129737
56.952082357100828	1.3834164888385554	-1.2039574012796674
56.554010203804388	1.7720970580636359	-0.87277969135205857
57.369602452683871	-1.8848601650133388	1.300834757551945
57.599262114025443	-0.017754940362015345	1.7492404743773791
57.712360211035758	1.5040965346796746	-1.1879028315371041
56.581892337486288	1.6563292717929121	0.96534222929351132
57.275214331112885	-1.9742363467703914	1.0313286201774983
56.93414087731739	1.8774188741508155	-0.0029873451695798859
57.730175382419738	-0.8936943197668894	-1.3621545385826794
57.615229484254009	-1.8204385294377468	-0.63657618417474293
56.025548852564903	-1.0880004762945983	1.6410268766198324
56.599390047970644	-2.2483334599913163	-0.13525443814068502
57.403441659151483	-0.78132503059623559	-1.4597290888165007
57.529706302050968	1.9505395365500091	0.61899642889509254
56.122600301399544	1.8776499948776675	-0.8226813453660714
56.678112750529607	2.1864711991014865	-0.63597205226886344
56.782661627532534	0.14534338849217363	-2.417571283368757
56.775785683700562	-0.82194866706362835	1.9414671785476825
56.667277950452082	-2.1534533150319404	0.43754500581362887
57.622728080894468	-0.98562316773588277	1.743456641575305
56.86796161691327	2.8352385613943749	-0.06838671229988931
57.672607118188225	-1.8840298255208636	-0.96031318061760773
56.712584668507077	1.7723726239181341	-1.0722741558091666
57.540419553905672	-1.3984683993015916	-1.1923395168005069
57.802037104155417	1.1985467219106041	1.6516522889911651
57.639373723532707	0.27626890418383176	-1.7483403531876323
56.094899359396621	1.0712445900042762	1.8812473504541596
56.417329802659154	-1.3672888540277588	-1.8741766962106083
57.238059776850967	1.193966826168656	-1.3102270329180721
57.550948701353661	0.36913165212953036	2.2206776987139816
55.787129453060125	-1.5724442058147994	1.0908077849361291
56.750862714705875	2.3629932163841829	-0.33923071045940617
57.158158929324252	2.0818552617978878	0.15935192538989343
57.611909825243153	-1.7114746775563263	-0.18041437787498923
56.85904905271645	-1.573238999040131	-1.1967342922267619
55.878303230445745	1.4194008326571821	0.78680321877931203
57.303924858261972	1.7108249156349145	-0.91665298053882627
56.649545386924657	-1.7093782792947256	-0.93714405600628692
55.979879526013079	1.7981706691518153	-1.1924686094006693
57.461642776054283	1.6631805856613338	1.1054223287574982
56.515418820958999	0.21962977695584313	1.9941634694802812
56.280157155017022	1.5604103887308076	1.5184390181025362
57.686077961093282	1.6867947642866081	-0.061286619422163284
57.430386520003893	2.1526405970421876	0.063693128135428378
57.461686219531494	0.37805642216480945	1.5811119934759346
56.428659027880364	-1.9407501210813483	0.86542558910489598
56.252484485515566	-2.0140622581966912	-0.070951513530050331
56.915877911870311	-1.2846593601124094	1.4917497157576962
56.677793130032022	-2.6220859184966985	-1.2967202493235233
57.621181037424577	-1.935941251869238	-0.8773283014931168
56.619759332989233	-2.069614181031914	-0.89662225611305135
57.238226158143881	0.062349268055947392	-1.8820983494189931
57.099380360386206	-2.0224147441698532	-0.60260161564315051
57.843644330701608	0.58390046277984176	1.8484395030794951
57.857824479916644	-1.4216094271326183	2.018700865093733
56.518982092044041	-1.9532311614604718	-0.45534367888331356
56.145662911851119	1.934877440945276	0.5787164273315436
57.239828221224137	0.96285626152785386	1.6517368186282122
56.064149025245491	1.1258114865556343	1.8203376029643374
57.246326014448094	0.51859850451423584	-2.2663219278737428
56.862454995849262	-2.0167632631179337	-1.1194535944394146
56.070885394551809	-1.183965349943469	-0.97481223915305759
56.599178162173466	-1.4451088372425114	1.2386274305665157
56.122133742218843	-0.048657476080596881	2.342457563327847
56.845851760987635	0.0681292681148261	-1.7986065281819852
57.56077995571755	-1.4824857571068661	0.51785931040152222
56.388019516055707	-1.9927353402499883	-1.5249182572850226
56.117656422677641	1.1466430167485917	1.8584318739664236
56.261329168287475	0.61718311768957423	2.2598503832513441
57.607696585838752	0.25594569674208878	2.0890598274066772
56.545288693454459	-1.2955199094480265	0.23667329468591503
56.126665534311513	1.7195331987920617	0.70193799428413772
56.467816856166166	-1.9535082733911369	-0.43187348329262365
57.268234550211808	1.5766957248835629	-0.83888504277360398
56.275668788793375	1.8137901263936074	-0.85817810520127602
56.797763139970399	1.4449779387371324	-0.87959096704275119
57.176512581756093	-2.1408513558770084	1.1138804946244711
56.091480836874013	1.0401664771422552	1.3183352192586666
57.75949179735165	2.456230760158276	0.47529886045992514
56.981046018546536	0.61758145161915323	-1.7960383459130702
56.936145504132362	-0.026500730154282767	1.9792006242715823
57.197246081554674	0.95856623440656574	-1.762478115921378
57.15885059485251	1.5591737659366873	0.9063440728315475
56.134066323533538	-1.6249432190295239	-0.91135592519888198
57.568758028335388	1.6803910864294846	-0.80571653328892723
57.726531436780611	0.9795701690026869	1.9762886308962582
56.080133924097829	1.7793556948941949	1.1988847812129271
56.385591931622692	-1.4977479831406091	-1.5920446825913419
57.409005397362137	-1.3416088662202432	-1.3367618560362342
56.674145647025426	-1.461582554442282	-1.400863366898935
56.537551715707878	1.5125386414308633	1.0173681374697146
55.98668900771748	-0.60270703286169158	2.2189215740653934
57.162413418028798	-0.67910394855220779	-2.1117445477104737
56.426198240450134	-2.1470850625791567	1.2989121083378377
56.198270564523149	-1.2506206834814515	1.9972426639809535
56.848823155957668	-2.1703793962473044	-0.094074143473904095
57.281783140148647	0.79114742881689903	1.835854394205007
56.248797134019412	1.9409204232231765	-0.082643346249568331
57.502190193215831	1.4940768994744078	-1.7152522176683656
57.298001956057455	1.4760320289757403	1.1892721963766644
57.546098304370062	-1.0578007610393703	-1.1763881450582603
57.106898845967677	2.1382943970188664	-0.065890039654520588
56.01871283641578	2.0227189461576107	-0.12802679476311551
56.207567475290524	0.76789216314124109	-2.0189157454393065
57.471098938604548	1.4668587165812712	1.6315682389182724
57.465854447107226	-2.1488531117172367	0.60574366771942123
56.446415279031768	-2.180430936792217	-0.71842579300499043
57.08572679310798	-1.0698791586290868	1.7498017302101954
56.353486964796467	-1.9337725403006352	-0.2281777726743931
57.396986572048057	-2.1768686273463773	0.37986033967509064
55.923699098654858	-0.37935452948825787	1.7033613727246117
57.820436526922201	-1.3724205359911597	-1.421680171313249
57.783306828647831	0.60817858151386373	-2.2360490534236472
57.597781760529621	0.063395849644091354	1.9857688608441371
56.206106241681759	-0.5644095328736819	-1.8028890796756374
57.710102502617005	-2.4109259861346781	0.19829647253997051
56.522561685437488	0.87734906827436743	-1.6215712691979853
56.596379747223324	-0.82673773662292549	1.4403547935624892
56.479065982811427	-1.0985876751136263	-1.3841975328030596
56.702357883521465	1.4343801245041927	1.0730727886456253
57.628230467312555	0.97236263804944278	1.3324863417534956
57.534109743854444	0.8142122822340806	1.2624372513873026
56.381909384821775	1.0376255703516628	-2.8099882987959206
57.375131940371745	-1.7214288597522935	1.0165238519452717
57.274530147696105	-0.61301265481196032	-2.3142043768423091
56.98791195712937	-0.73985630067682773	-2.1913063056337689
56.405456603783655	2.043254983923565	-0.96109084068971007
57.058173877463929	-0.9863707139310568	1.4887554937761709
56.519179398712801	2.0286534857985412	0.56056387653130146
55.924869306111908	-1.7543690756276207	0.78095647250729372
56.018743805147764	1.5403681031917271	0.93769905038362866
57.341480926477097	-1.3943541805008535	-1.2852159397281708
57.810508054981732	-0.002143591587903307	-1.8320207348210016
56.022172989268221	-0.88476644337684851	-1.9049654534313138
56.665339706295072	-0.10382205690880568	1.9274651270346357
56.730698850041975	-1.9811186142929078	-1.0854966777669446
57.551903652890076	-1.1958253339107949	1.5820921063269349
56.249141416844537	-1.4287377042596645	1.2995596190562666
56.557248432634928	-1.778734556066027	-0.67051672355314262
56.216637847669482	-0.84062010282346156	1.7768389034939682
57.609461894271782	1.091290907804739	1.4393714134516218
57.241333278705561	1.5702299532678781	-0.90167107546676584
56.167602957157406	0.70693025135392584	1.9161986636538555
56.935217152098772	-1.5245400151666453	1.3947821341987132
56.350293216946056	1.084479788832871	-1.2511136707237274
56.943109224373927	1.6210143798151333	0.67114346731253727
56.384445489870458	2.2872978596186866	-0.19601851127637426
57.358872191917754	1.7829501621328234	-1.7446456246412843
57.858401840347909	-0.24452588098013711	1.9295469879978435
57.599154559453972	2.1457529184395927	-0.77677432521290724
57.315547759060088	-1.4895718866637986	0.5827684730447984
56.977713451082074	0.65937822523399714	1.9383870670610746
56.694248791518405	-2.0471589071635643	-0.824457162480841
57.631384728556895	-2.03813821546624	-0.75871538269146188
55.963158125331162	2.0847664520554949	-0.64194084494427861
57.480533688846819	1.7551076993904366	0.43069018294125888
56.163818360793854	1.379614765480947	1.8793279372524654
56.410006672358222	-1.4856530344680128	1.1120552381575961
56.757568190386976	-1.5521091894812926	-0.75744757233402904
56.271611491803348	-1.0716679211472762	-1.4068745369539155
57.343655865249509	-1.7931923498788658	-1.4508722386752977
56.136051591706469	-2.7021725417137561	0.2741060745303508
56.990549734852017	1.8929441003443477	-0.10771649170966807
57.676119630690231	1.7582118098047592	-0.87797822239820666
57.573233299142423	0.15159325675081156	1.9693856982235136
55.966436122450652	1.8231999340988678	1.127378518325522
57.786090064259696	1.7891704509376023	-0.62028030417682389
56.276518907915388	0.93053295837530614	-1.8886267363325437
56.84601323697337	-1.4462839622664145	1.6132674919048469
56.425782432218924	0.18742091797002655	-1.8182966895474018
56.238486485695113	1.477687764665482	0.65994168522579955
56.270249021199909	-1.8142579359549096	-2.0718729836211094
57.225267109996572	1.8006380515625193	0.86951546529328172
56.198167963193441	-0.63391129904746202	-1.8442452717921531
57.805133586331593	-0.98611946674475504	1.5337695336151342
56.67301965464145	-0.39776076552479545	2.0213995427222486
56.770367603185193	-0.35101747259099392	-2.0810459252909488
57.532143211906863	1.637997368830064	-0.71451743598939443
57.726853770739893	1.9762133418823895	-0.61856854032272701
56.450970758974918	1.5821712501708405	-0.98362158700041058
56.798275765879175	-0.15113930581541193	1.9696332540035921
55.740636432306829	-2.0070583958163817	-0.22586003130775675
57.436719123993285	-1.0646502533238846	2.0315413588746818
57.272491547389684	2.1496013006777974	0.46245976773728237
57.386373282868846	-1.9212718967225051	0.90795944152678987
56.827346446846953	0.079793697229306113	1.6988370027842499
56.786907439365763	-0.89791961322433356	-2.0296047506555692
57.495614617930926	-0.48290159118729015	1.9728097273816707
57.445940710550246	-1.3849288204657253	1.0199366953155726
56.942276816957289	1.1428143313176307	1.392654949865374
55.916689134123573	-1.6057213027848036	1.3039065700296555
57.513559693904384	1.6391703242732019	0.69401223077005791
56.155807800176518	-0.7160770336446185	2.1799090134012244
57.615748392645976	-0.85143762258498357	-1.1931023447470117
56.169652520290718	0.095328650163079551	0.34913713866351431
57.963328730739086	-1.6303741551536057	-1.2836679444020427
57.522533264431743	1.5727897246116824	1.8425295656156848
56.748642727716366	-0.42932500573929366	-1.8655447367842586
56.832501106594812	0.44983448521846259	-1.9558894750054927
57.422320570620052	-0.78115887913309356	1.90000404791969
56.784987523747432	-1.824706525356607	-1.0666451544900735
57.262847871701823	0.85729624434791807	2.4830977854278058
56.497531158793159	0.11022142569373822	1.4512128911132098
57.591094230218438	1.5166513386490712	-0.60468298036145152
56.340091109685538	-2.4013825862717559	0.66819937847260513
57.063593441679956	0.55006952039063439	2.0307910319536608
57.54423270816028	-0.94109336059101012	1.5583938742224615
56.628781400808016	-1.0622790324606637	1.9878742733767882
57.812838774512421	1.8120860484154608	0.49914356742067922
57.569539611953871	1.3683421090836823	2.0242071699888573
57.20926397857648	0.024811648590028709	1.9077440761264892
56.643534765616756	0.70195758444234724	-2.1337400675418805
56.14343810115075	-0.36596265041116754	2.0204188614364225
56.029254191652214	2.3603977229203426	-0.24390632171107976
57.324769392975348	1.8645300744642119	0.69227741152836464
56.390776708779882	-2.0179721681498597	-1.2466100728215395
57.110673217502971	-1.6541707614095356	0.2993335790300618
57.42029505600803	-1.4309061480448779	1.3360547387301094
57.484965068983399	-1.7954375650895502	-1.0785241266191412
56.298497122074473	1.7060242902015934	-1.467603933128971
56.518088715879465	-1.2838964068771552	1.7016523813535094
56.255403115178488	-1.2199139031534014	1.3711230303248556
57.878996704687957	1.3665794850362452	-1.4799987685200282
57.232075042954278	1.597609764383956	-1.290996762288648
56.171203096422879	0.2726224057951398	1.7208065150840335
56.447638909188079	-1.9810310571652971	1.5685808856570511
56.451123562848004	1.8732899218075532	-0.79844151389947426
56.319788906250182	-0.41548817368176133	1.9657794515310807
57.14323797824018	-0.0068413182053071323	-1.9861285079626751
57.248777750406028	1.3722543815224686	1.6662752948535118
56.637147920944315	1.6904329486990102	-1.38977432143897
56.356434408683427	-2.0704426314071456	1.4108022941887177
57.854797825209104	-1.5081127272278156	-1.8634069278578997
56.187386333335049	-1.5904595582370009	1.214084635968339
56.55309507089143	0.85852657737644933	1.7587962435990891
57.328926259619898	2.1607028569991651	-0.27948505874929713
56.476390448976517	2.2841792303813442	-0.46862934556794328
56.399402088831309	1.0610853942921286	1.3256395052770009
56.360659646901695	0.78145691212276014	1.4147546295166464
57.336806323321419	-1.2133106810698526	0.59436186838443739
57.693130877803142	-0.34198082324631918	-1.7986466639786023
56.474141763446731	-1.2834603754106251	2.0685666551475919
57.113924616378078	-0.6178026491770785	-2.2389858963097566
56.102964889017073	1.3071723445372259	1.536053422719563
57.108485491921442	1.7178596751662054	-0.4135182492693113
56.759156084502557	-0.85660101791212251	1.593324990486737
57.391911798581646	1.2540728108525268	-1.439908272279409
57.213781275881693	1.7821076080739366	0.10980841662731615
55.985194073073856	-1.5472261901275368	-1.7195263067482967
57.545189631099284	2.0017920783405914	0.67571700451412231
57.2480451638895	-0.34718805490830079	-1.4649966526013822
57.671559246743982	0.094074563011759663	-2.2235389611715033
57.741224823081893	1.0708515459273651	1.5715560407623717
57.527889880360618	-1.6124032445414067	0.71586391997754739
56.749750920073069	0.66774936547353625	1.6208559775840317
57.099282683034829	-0.33000582192112121	-2.0764364186985476
56.392257929895088	-0.8722917700195032	-2.0944861330630942
56.204323460615974	2.1579478855717098	0.96238469576621477
56.070601057155443	2.091570177959766	0.28089882005675404
56.253151919185456	0.4366628643426973	2.0058400344814489
57.216133690681183	-0.16187587489429245	1.8514109614867531
57.436222394990459	0.59507975088549825	1.9357849715214173
57.273683156136364	-0.56414937474742544	1.8939617574844521
57.433803491101635	1.4686003974141248	0.76607867706022192
56.677447817770471	-0.19527750907008548	-1.6349763585965069
57.725298982936678	-1.0186713234030398	1.62033636968044
57.582598023580985	1.7393652413095828	-1.083585480615481
56.591379077651091	-0.59042223992601484	1.8756892512939585
57.496762225785027	-1.8422708806282047	-1.0650067701430568
56.151387685961858	1.4369925298739434	0.88917053357922005
56.436632098546951	1.6935005223870754	1.6895559408367986
57.108910375291615	-1.4270804942028306	1.589207555956337
57.13227873292486	-0.82431034457231489	1.5203723373115443
56.720421306988385	-1.4609563527090903	0.85258898393012084
56.082774398587063	-0.60334433893613826	-1.8228959089971009
57.303094125359941	1.5942868377363637	1.2099073334879926
56.893772441522088	-1.3218629682423315	-1.4811716923466471
57.548640111949354	0.62843104540522188	2.1017131509677895
56.60518071154759	1.4658449812291074	0.41701473400211875
56.384002560361168	1.9949974355715543	1.0292590607667951
57.575660364321635	1.7479191980869904	-1.8776272414962685
57.189724321899327	-1.8153935882658008	-0.48191929173121323
56.987555215310941	1.4338123823157505	-1.3494957333861122
57.344739492417737	-0.79414741762768593	1.1450073710419844
57.318795670952312	-0.43789196064785796	2.0381893896588479
57.320007417893414	-2.5380656516431448	-0.275463033706557
56.467662927236731	-1.7094876672255408	-0.76573934011738753
56.47497467428402	-2.3601258220245773	0.20217517594142823
57.279442359999393	-1.1574145938955884	-1.7139360918524333
57.861359089628564	1.3853693784460275	-0.94855622363291114
57.497883353469611	0.77193801521984184	-2.308291139494981
56.756100327380878	1.5862615064375467	-0.79746135471127477
57.784874404308383	-0.90381329864109361	1.8583661304002423
57.260686425967357	0.65079020696232681	-2.0692634870910012
57.057614815023648	-0.44938032542217426	2.0913675217918883
57.098688979920787	-0.15470442029529952	1.9010137900021009
57.184677552395001	2.0116200012987355	-0.79449902906903147
55.998487422256751	0.23538215096439588	1.7666560392992567
56.68041789980353	-0.012880285070534955	1.6445204224348378
57.264079819491258	-1.8805364912745484	0.34440352295529542
57.079024629664993	0.23529804824998382	1.7473050053590142
56.62528170419592	1.3581970809583082	1.2311721563425906
56.358358152460617	-1.3796715670197008	-0.7239639498084548
57.270809029704957	-1.5379545748563106	1.6392610140924737
57.042410269380532	1.4616261576519727	1.7567426141767672
56.441752986468423	-2.0278262349061245	-0.89445641168184264
56.470733902873455	0.51100379834958587	-2.0616066258855223
57.634214435149993	2.6558780910990505	-0.81604232784305775
56.247688425064766	-1.603998661796455	1.3468667728887433
56.324980974774029	-0.38789492412354376	-1.8778056443985531
56.834425348495607	0.03497756009063005	-1.785125257380608
56.02761767515743	-0.48953923055248227	1.7665844846472492
57.629041695329008	-0.54022255427455912	-1.5642035700244052
56.71943472355003	-0.21875169582654364	-0.96228542127030448
56.197942214050435	0.12815510585633014	-2.0416113265639773
56.716866948110166	-0.25753611519429853	-1.9881786242315964
57.297826964223617	-1.1323664578811254	-1.6160375756789502
57.594287652114502	0.015121962264908093	1.8600052635898543
57.856984505577749	-0.54055441751860778	-1.8032487158587507
56.6078220858262	-2.2346507819993922	1.0587385308824142
57.695963902738832	-1.8960248086851459	0.16610360387875453
57.966826424803635	2.2597394420595891	0.77824453227998247
56.073430275437623	1.3997167386632738	1.3018425462513645
57.505069941332536	-0.85175488729833759	1.8017527759219962
56.95471501027005	0.64711998704894991	1.6170044108713924
57.156404885311595	-0.17380784976436087	1.8819593983987792
56.421496039026771	-1.0520342317359668	-1.914608805775994
56.536737496612886	-1.9158079981872764	-0.69930153289139074
57.362599347750091	1.3876763351456145	-1.5437715196413053
57.591931938139126	0.33599843531748108	-1.6480959644778297
57.185523155737918	-1.8446528722554847	0.55583078087652249
56.76898135227809	0.4529941135364049	1.951311931591345
56.796453217971191	-1.0355361067883642	-1.3829655473583853
57.051146322301598	-0.48699673035389152	1.810645036102523
56.266479243778498	0.67049512095125152	2.1998943841028544
56.722340610589036	-1.801107847012233	-1.5679988599279293
57.429007818871277	-1.1875133734037058	1.3519162436243835
57.312308202987538	-2.2906829135240092	-0.70379857875674845
57.073537714766175	2.1546513386200452	1.4276202293292768
57.12952981845833	-1.4975141530085747	0.58892247710834422
56.070984740411859	1.136694703281468	1.1156277743618359
57.466749784623282	1.7971785132307767	-0.89493074029559105
56.953394973535524	1.4012009443137659	-1.2533643127695417
57.172424699971643	1.5776823574962453	0.73152169665342337
56.677781596488018	-0.92334150384398472	-2.0458531471645016
57.462682586286519	2.0875494161142525	0.30126563500722553
57.59107784829289	-1.9039209080637705	0.0015208183389123959
56.465826307222571	-0.87214180526622742	1.9861604765432415
57.367293231765686	1.7372681859408614	1.283580438571869
56.117084960284025	-1.7748130591790789	0.6077118595192208
57.045927896368084	-0.2451557249169993	-1.5637823662416521
57.470843772071653	-0.017362736494744097	-1.9161265873455675
56.232042782818411	-0.78078089588752619	-1.9463398185602578
57.367767154445957	-2.2997033264096314	0.35560258428288
57.023883251808996	-1.6782119068760135	-0.67825736171580631
57.756765643241593	-1.3450041808204496	1.8936834800725861
57.252178819107016	-1.3066948590674348	1.3386360277224605
56.748827635383087	-2.1285478649899763	0.10457703879800488
57.162056925795255	-1.1396536957304397	-0.31153352157379938
57.78302850569483	1.1263149856964385	-1.6916274868554124
57.473863077021235	-1.9521065867347693	0.4380697488859655
56.159669221113575	2.3052436398318856	-0.063715833276012643
56.992324324710196	-1.9227833745366092	0.5853362317051487
57.634404605417785	-0.49113771305517745	-1.9531410191540579
57.141529359125165	-1.349485755146665	1.5081258225285097
57.535897737662623	-1.3557283648181775	-1.6434163377045514
57.147506202085196	-0.0032334763853918052	-2.2046482434221901
57.569499685064216	-1.3171796159070941	-1.4054593312224302
56.768602435402173	-1.664755944594225	1.2416344407150841
57.42145716272826	1.781667338837942	-0.86962913121910956
57.717016979764452	1.914667379940455	-0.48616977557070362
56.574726391888049	-0.95769460160093223	1.0928392041532216
56.89289448855029	-1.1307039951854725	1.7353248832184875
57.623923836972068	0.27287294426263564	-2.4034394938002444
57.304748122040635	-1.9772736394135455	-0.92433859964910725
57.609385742691671	1.2707512036440882	-1.3656101442972521
56.194372845462006	1.4526531654773887	-1.4155710476694869
56.106347227629179	-1.830986272199943	-0.32055393848480274
57.561554996140742	-0.85708657181237136	-1.7813279710994119
57.177023802757674	-2.3280250746219142	0.020488744497032675
57.668612002076657	1.914742269878795	0.15604729578579832
58.000671811858211	-1.2570620110378674	1.7728265750177719
56.759048897206064	-1.1292414602635492	-1.4700226340459721
56.307196508135675	-0.4574384714289817	2.0399693631310205
56.525293777739869	-0.98076426256956162	-1.148500062878316
56.372250016769769	-1.1333334341040913	-0.87944199799967415
56.859701708788691	1.1465007085103416	-1.3627291972766447
57.18717259430845	-1.122568258000417	-1.6596675509622185
56.882272177332986	1.1317772355836515	-1.2126129468321127
57.930149896771979	1.2089529426922032	-1.4478053968015103
56.468331142093206	1.6310655617628342	0.065712065423809266
56.39953188495155	0.32721405179870294	-2.1321749709543529
57.489315624905501	-1.5674713049176969	-0.42791029578321882
57.595123684741147	1.1421863620299082	-1.5374428910126658
56.227776056899557	-1.0425904803078478	-1.545203733322484
57.320929849173098	1.6036254757828208	-0.97964300335925258
56.970521911548417	-1.8243212057118765	-0.019096642629800511
57.466332451229135	-0.44235729065539836	-2.0837530391828212
56.835960586058178	0.94865536819448149	1.7172774789716458
56.261212717377212	-1.4708793994394578	-0.2219261434618065
56.682536855061748	1.8322708140628061	-1.7597537762278679
56.548852942622844	2.7635622292624094	-0.72575771504492537
56.435004575690471	1.1414199881958622	-2.1161864392296552
57.682423812953083	-2.0944964114357152	-0.50112088595601545
57.231843191250867	-1.7547676663795009	-0.46264961790159315
56.650789214768366	0.85140980428534185	-2.2767878091702731
56.652437970135651	-1.5491321997593475	1.7248619726326058
57.829380162077229	1.9322242526189157	-0.45956647449937554
56.033991011777509	0.018719456793479385	2.5328516605008393
57.360052348341426	-0.60616325089445089	-1.7702000894619565
57.645535263799673	0.29087936500193923	-1.7481461343635556
57.332498056086614	-0.26268458203009026	1.8722055617916242
56.574009597695188	1.6152301507244526	1.252426678600437
56.837556912503068	-0.20235699936732182	1.7832806138186885
57.405812640807468	1.9954968820979511	0.30339129768594747
56.45865528588579	-0.68142682234060081	-2.0408525396985038
57.246051400995078	-1.5440753799888516	-2.1706993381885087
57.16801408039963	-1.6996817397144051	1.4957943025682072
56.84647999174684	1.0099410680084993	1.2275817503930944
57.572731978714621	0.85172666253630902	-1.9395994041520968
56.479009242376094	-1.8857143671180665	-1.6784237540285647
57.62135404667292	-0.57752387595797705	1.4832076967166199
57.245945730739535	-2.0547712705209968	0.65278659525141658
56.743322809887822	-0.17682231726030129	-2.1515533187977938
57.762761273942935	-1.5532898381418516	0.7213852848471618
55.964262893644367	-0.38619443060153702	-1.731266362603971
56.646458544019367	-0.62939507389858385	-1.6583676515432293
56.242388672310781	0.71508050487457009	-1.9589594525513983
56.754004600655918	-0.70837750230969199	-2.5428868871780845
57.146792886387978	1.6679468488337039	-0.24123601288807775
56.147569561097995	-0.84205775091756774	-1.6765803943155999
56.774977770248285	2.2612861493281398	-0.79695185366863874
56.682844872033535	1.6483584883207001	-1.1825231811113897
56.175679770812948	0.15192135311212426	2.0357358106148986
57.58881134435179	1.7071199969061255	-0.88622025967593288
56.659362021291798	-0.84448784872088944	2.2212643157019496
56.553438648973689	1.6582724731451759	-1.8206041510185837
55.994106569458665	-0.019790419181163921	2.3425713954218343
56.449414080023516	-0.055315167859521251	2.083799623450961
57.341367141667469	-2.0418101644101201	-0.72444845587413031
56.303510970323295	-1.746591129450032	0.60675792525679972
56.423436395742826	-2.3815285998144664	0.31509568568323032
57.195198619829789	1.7792449286346916	-0.31666920657831366
57.216183240347647	-1.610247902281488	-0.94282207000858886
57.643248888952641	1.0073947910901651	-2.0591836886433925
56.333596517872351	-1.8482133152671902	0.51687482380273475
57.648074113969983	1.8412936145219261	-0.054031945197852947
57.519208374087064	-1.3016278565603843	1.8118508541973954
57.441393080609274	-0.78627702650451436	-1.7904837407425653
57.494389529028297	1.0860355160602833	-1.3382529241427601
57.987626031226398	1.8607760743654835	-0.46810604297801522
56.093076069229404	1.0996871796765508	1.4370974114281541
56.173274682126838	2.1613587439173831	1.1341230435622167
56.320202525959338	1.555473605677107	0.11368122168904232
57.248081895093421	0.68572470334457214	-1.6654741614167929
56.217641636483492	1.900212893432879	-0.67469685208148045
56.744978670555263	1.1446494805585898	-1.8861998201000427
57.925830052458309	-2.2041743924656991	0.07591245987243489
56.570758204006047	-1.0272917504395771	1.8085941431095232
57.047108847781523	-0.68068209067942587	2.0050197765532674
57.475734654705995	-2.0851360018904925	-1.1313445115313523
56.290408223584784	-0.95724360651304907	1.6608006236354103
56.305595445166695	1.9300188145605455	-0.13371633482529652
56.716619049105773	-2.5543798787879397	0.25025941567112414
56.79604337419633	1.8771307635304659	-0.98381041537365777
57.833736708088601	0.11115651215646712	2.1056054569610603
56.19154590250735	1.9662256535755527	-0.86993190239480189
57.819212512341899	-1.7539944331901862	0.75334962369221392
57.256689254711809	-1.2113345232322179	1.6246442655810951
57.173582051729767	-1.8328806336914536	0.47669313856388268
57.267813680906862	-0.05035158347768498	2.2027554354483749
56.546069549546303	1.6234394945194015	0.2345630818379337
57.022456278452523	1.4252319195583454	1.325091584004686
57.681339873855087	1.3442995960337012	-1.0741716782299533
56.149893454193105	1.2466217333026146	-1.1755255363895474
56.287845853086807	2.0343298720452285	0.41457673316530697
57.92781770723937	-1.523826956982254	-0.92332261476349586
56.777075536639153	-0.60300636681548969	-2.1633307813640528
57.528519612895522	-1.6839754915663239	-1.1388758502729055
57.485983443939439	-2.4128331275550767	1.1244409557981219
56.359522848387428	2.0001897619480276	-0.61376982913623024
56.642505473018687	0.73439935380238508	1.7039275059129217
56.757536972830678	-1.4028784740957514	-1.6018343777351949
56.33057913927216	-0.76707838242047832	1.7187938112712657
56.395758775302973	2.126719470855821	0.10203803560782561
56.456033768492944	1.7787607417861493	-0.2279865752138901
56.958081864113907	-0.3744529338037173	-1.7573932617250811
56.943889410457942	1.6946827616720903	1.6322535961583378
56.319563386075203	0.74118271958806825	-1.1642263220201408
56.430666104042245	1.9384839675390384	-1.0271352470020934
56.448679373961852	1.182381498616089	-1.4932869729877987
55.996136778569635	1.1776211124920204	-1.7223036575927533
57.905719532009932	1.8285360161530861	0.80853532733970146
57.362949246332697	-0.57813904505767244	-2.0067757948398115
56.129907295559164	2.3617699375562249	0.3751411221664509
57.735158020787772	-1.250366960559518	0.62855958849433791
56.149539544429146	-0.76523503458686704	-1.9471745655791191
56.383234299384178	-1.845263441576952	-1.4328175681981654
57.090094936933973	-2.4119056104833558	-0.26180902527111122
55.98422443976316	-3.030508512417422	0.39888515734394908
57.71252904791919	0.3584952449522173	2.0645977182288964
56.564080597299089	0.31857605572631104	1.7214145298362251
56.501135452707146	2.1554961120719485	0.26053291883127661
57.24766242495263	1.5799761643232786	-1.5260374918099324
57.566973119490562	1.6581686627496564	-0.88061254101696096
56.859108776156425	2.1519854770428197	0.8817323058820622
57.301879731559353	1.7539832477639923	0.95411552083702778
57.677241620227072	-1.5735617136198687	1.3720011120602233
56.314357613245505	1.1286984205232049	-1.5821894052256535
56.076716917540651	-1.138241257585763	1.7595278236167873
56.89572278957661	-0.27390711401751044	2.2373122587185263
57.625920387855615	0.4640972032504101	-1.886986341630065
56.942373002898044	-0.48664249862228948	-2.1341554946053329
57.493517890561478	-0.36382326564862072	-1.8446726010020924
57.600930837220822	2.3053898705606763	-0.71428073208227683
55.904023005025145	-0.90525827387565894	-2.1239040284299819
56.596982649908156	-1.5739710598869106	0.26248083409372669
56.221974999061459	0.57614868710658296	-1.9024392316675469
56.760697863531462	-1.0066222371160063	1.5485243079553619
57.321705905111962	-1.9950261790753516	-0.2727406466072802
57.749755162565307	-1.0565287142609399	1.6318441038805438
57.679475130844729	-1.0812734108401771	-1.526249123582943
57.307591911265348	1.4130565702451277	1.7489392656375162
56.298148222690266	0.098557711723739672	2.5076512330741791
57.294051362867314	-2.0065296902493062	-0.61035146146230601
56.835135682151616	-1.8922890785822561	0.87538326793419885
57.153923377408972	1.219396303126101	-1.6021154092415923
56.679625356047659	-0.50238409806677997	1.9118188933996982
57.760106294380037	0.49389370823327483	-2.2623081053129659
57.914988827215822	-1.6679189932528358	0.96730852828279823
57.341502853852134	-0.58197221550639855	2.1886053131378169
56.365884127506511	-1.812479284355927	1.3265471886118787
57.037922593259239	-0.73402034952433703	-1.820916966925437
57.313405644810231	0.49278113070546847	-1.4071377292660987
56.982450642378637	0.69029044187324762	-2.0009327759501496
56.463553605190143	1.4585512204855549	-0.53486767822436387
57.257251824398594	0.60614921924134646	-2.1718522520388497
55.996782823997663	-0.32271658096995942	1.7498901836659269
56.107843757967238	-1.0746838369374501	-0.64841946806819251
56.398884459392796	-0.88809804121525682	1.6736460417311854
57.670249778487126	-0.27175842997030941	1.9424543257958566
57.283802584269075	-1.7085895037093497	1.0136367848812757
57.544237219723193	1.8447686487929118	-1.095562441004051
57.660682624702083	2.1446018072389976	-0.88088695202067058
57.124978402088836	1.0286259805165883	-1.1764124170509851
56.92568995697831	0.48577808047996418	1.7948537307076831
56.636981331661332	-0.48241959577286642	2.40409640567872
57.638725591355062	1.2564838338457369	-1.1795975589409606
57.444860716771757	-1.3325074096962131	-1.5686134014020201
56.218364071354614	-1.4133404533299114	0.61558962381020488
56.762601770412459	1.7096326597984708	-1.3037147482026286
57.740121031284737	-1.3169278661191703	-1.779521673816429
56.585986819549234	0.31697055624864939	2.0254045676301242
56.871237048928151	-2.1457303186300072	-1.1366439188133322
57.631834264536444	-1.7506908069837359	0.9890343256636972
57.643648739546926	-0.8345621668012464	-1.9397319041736536
57.261766854476981	0.47454043111840932	1.9539902544091463
56.572343399512555	1.8539571500262708	-0.91564807675367532
56.167386862953045	0.75515497314393987	-2.1292373502608641
56.278029185958346	-1.5787863041883428	1.033209683263024
57.969004684515703	1.8693090770702028	-0.54231392867420847
56.216315444669554	2.0396588503629207	-0.80809894529464832
56.556471059354273	-1.1329797720343051	1.6659399683532168
56.630175642772073	2.2800840608622788	0.59310508471595835
56.917869169459181	-0.15848017353583993	-2.156756800371717
56.134820072243244	1.4305716673649038	1.3160785574406848
55.854648696776117	-3.7954713422956825	-0.18880275631943894
56.267069541937239	-2.0059963330101986	0.53643523529932668
57.858278250893328	-2.4418395691726102	1.3172093526984603
56.212759852259495	0.54641972514693915	2.4301442166810454
57.140365841110878	-0.82526712021329118	-1.9407257261223481
57.103543335284243	2.1575490015165872	0.22808266335413566
57.769247567642999	0.083632792916274304	-2.0387571498410106
56.986511540147568	2.0529979863784336	0.6707740958686047
57.388694498320049	-2.0100919282132437	0.41306783981509071
57.476786266862803	-1.5577447859675322	-1.3710545959606111
56.124385288194858	0.34541541196875086	1.7827791864854792
56.17709037481896	2.0815442246949596	0.09350883971276816
56.857401682852441	-1.9994541053218366	-0.11938434309701804
56.394456749703934	-1.6042333757799077	-1.4990930874660802
56.553230881432071	0.99218153952104671	-1.5728683145863276
56.517624098091666	-1.820095380676316	0.33931114319333849
56.0470329638095	1.021010410287819	-1.2864296138762925
56.900767512226395	-2.1937808172043392	-0.082648590237040714
56.915225352635424	0.22088046130875036	-2.143263514680688
57.046097322663272	-2.0831778439418462	-0.2421465289566154
57.749968457459985	0.11252289645667708	-1.6644529279621836
56.201866818482834	-1.9833062089533227	-0.23475727045308969
55.833312849301642	0.29726597858267723	2.2017028186693084
56.872555317784482	0.45729267725511286	-2.174854078239798
56.539170772008568	1.4517921817031441	-1.8199279979678125
57.099257177629021	-1.2048830104302355	1.9341130640541666
56.218190314274757	1.574173174363571	1.0368056449492842
56.252318106671012	1.4190909114206476	-1.0120461282639086
57.263719291696852	1.8995213013258188	-0.74613927325603835
56.847763326902857	1.1051989532572308	1.9811252702290056
57.466556235681878	-0.36910879659549328	-1.7933752258192002
56.192162913090996	-1.7156327965171889	-1.332840586377644
56.043831486153429	2.0760843929744333	-0.80915622131529585
56.845776174864703	-1.782032931260501	-0.055973453497264208
56.122532306220201	1.3054168981909071	-1.6268165121951637
56.624114065534101	-2.1776667068678139	-0.23615250988566666
56.273150208778027	-1.0985732136098814	1.5575182948414239
56.234328374153876	-1.2312122124970208	-1.8844279364072996
55.944232392536897	-1.3908493668934399	-1.2428528801796783
57.542442849561873	2.2432172145368292	0.76752110526078066
56.931994613290051	2.2718623884926128	0.8213960992279189
56.720865606879329	-1.9875893425223867	-0.71422054946209412
56.681497877094237	-0.97325088155570227	-1.8977278670431028
56.395616580416068	1.8888371875393613	-0.25099727515004022
56.412226598117677	1.7868781016336255	-1.4833123691837922
57.646275414320584	-1.2650983710620225	-1.0938432804352682
55.926471908903828	-1.4989870303429655	1.4174071001154245
57.25426679168077	-1.8957940333237175	0.35656789228410146
57.842442942949006	-0.57828550660082012	-2.1894114671038549
56.874750735734899	-1.3389632360905102	-1.427881387888265
56.435373640821147	0.99016599864004395	-2.0291062540830969
56.55770681712039	-1.3859887998004528	-0.8564433729759704
57.39137516819526	-0.66858644950005064	1.7505581415578502
56.873058282943163	2.0306334439512974	0.47942540692760161
56.50998257166124	1.4075212044465395	-1.859233163619278
56.657188520575026	1.6770566820618895	1.5651024654307748
57.539535838686746	1.7366233888514842	-0.018964974168672124
56.50173388415832	1.1767872135487822	-1.3073742917038997
57.789951913751025	1.8173947766582754	-0.54424922497796413
56.608181869903866	-0.74994895745154544	1.8786948922002313
56.986756499638439	-1.6139513018487701	1.4983843635988632
57.233514488477191	1.5815660520856256	1.2370130526679086
57.042849985388081	-1.7250411749128001	-0.72689425175858202
56.312837375918235	-0.060645689291409198	-1.8919019409716251
55.835263162243763	1.1116644774472271	2.0474769080919568
56.50721520561828	-0.52835911262026458	2.2086717475852189
56.840218681024766	-1.6787117833521468	0.24949166526007899
56.396313738533294	1.8104474693322887	-0.14152559619822247
56.724876088529676	-0.97575766629214744	1.9353001651883872
56.506079571336628	1.461096719008758	1.6394226871001711
57.082222664374363	-1.7901975363120461	-0.65844446865126927
56.631572393773411	-2.3705739370022498	-0.79925709992842031
56.160150632740624	-1.1828531588643181	1.7318977475906829
57.472323845016412	-0.95019284080997723	-1.8398920789617379
57.892098573683604	1.9585381020601464	-0.72674604049743641
56.272005058461566	-0.40921325074329318	1.8284801983044856
57.93219805034623	-2.0821915364458294	-0.19208064901385496
57.646945868683034	-1.9494484815918849	-0.70919691628263981
56.772204194658428	0.024593303558818915	1.336906948547302
56.27822900006656	-0.75518834804226653	-1.4204261550539303
57.324012205896899	-0.47382228051934172	1.6150005710227302
57.024139019092388	2.0862466740351588	0.89431003307813861
56.537770296190274	1.5424522840078303	-1.5689828610633114
57.93964851005299	1.2069294295658943	-2.1159427468274963
56.973761323418927	1.8549666727119503	-0.051860684802195231
56.615376181495492	-0.4969691363747768	-1.1882956292316875
56.687244717917906	-1.5363655352523531	0.96449636505497249
56.684274087723267	1.019189180212323	1.1775794207561745
57.877757232220034	-1.7709237306553414	0.095904026961531663
57.568025214497311	0.80483779294567304	2.324890048437521
57.530530635070214	-1.1546680633126689	1.8389322202982592
57.550125467916196	-2.0852466655296187	0.039890468004999236
57.135524108804759	1.601808661554329	-0.24359741228040663
56.068596327557721	-2.1634923072485912	0.26225086763155353
55.998703217096335	-0.33969637989724344	-2.305504757943349
57.117297411629927	-0.87447299754515995	-1.9681711239777
56.19756028540148	-1.4537731320533842	1.0103207392350653
56.663691086942222	-1.6578071534876402	-0.70934675239701472
56.676865531550582	-1.7678576799356751	0.88631145093978669
57.566866019013453	1.7392496351347269	0.84338362852284077
57.939699694035717	0.64672686164261894	1.65947802866497
57.065756711886763	1.7381970100154009	-0.87285948029457094
56.655640160220578	-0.97525647925743997	1.4492786696942643
56.633368220764581	-1.9605163545277537	-0.29295267164095951
56.389278009341091	-0.42313627427084288	1.3548627803210751
56.919562938646735	2.0850004475822845	0.85110564611142736
56.305657927156588	-2.1698280259916864	-0.11178511785662722
56.913638782234031	1.6902687964791789	0.73077373768931009
56.891757356935209	-0.16571271966753773	2.170938957165939
58.064280249530249	-2.2410316145739917	-0.28842464756496367
57.876330557270535	-0.22453889786592646	2.1373654779263127
57.860081354901808	-0.017063062659005347	2.5475759345809514
56.701989920316038	-1.8889887833909633	0.325240743524561
56.072657628894405	-0.23904125817804983	1.823080649390723
56.228602368870355	-1.2861144416773314	-1.4890908461510193
57.383142836363191	0.69209803785983937	2.0546294131276763
56.19881111977449	-0.50440390664856638	-1.9005319538384262
57.455104005359885	1.0285400272268421	-1.7210372895895876
56.463702650687146	1.9190370263755225	1.0733481926037458
56.868091452004265	1.5246754670976119	-0.81093829801118933
57.141655514708908	-0.97399975084080204	1.3222489330255998
56.908121487581028	-1.956121794616777	0.74125668526254329
56.238941534696345	0.11606863201936012	-1.7118898019571409
57.832936661708636	-1.4022625021723207	1.1079074560633477
56.108665965192017	0.90157553956838399	-1.7840061156455123
56.102432732831666	-1.8114393136850775	0.64461276789475841
56.158479971658068	-1.0801781675274396	1.8003326356749061
56.72817889030744	2.3783705146873952	-0.0013041346483954009
56.38256163430863	-1.4633410819621844	0.70322881743448296
57.824874169703122	-0.93774256126256095	2.2863524462354179
56.503982730277222	0.33870388302116888	-2.5340550794958143
55.942933206259482	1.0591238169805748	-2.1165465688024598
56.396491263961551	-1.0992382406671166	-1.7241792657693504
56.197718364509278	-1.3714637794743414	-1.5795576041647359
57.276248586490468	-1.7691989360492346	0.25993653389336963
56.737704791651488	-2.2579199662069316	0.85894401008628374
56.344767421711779	-1.4097034846345484	-0.19659435997195021
56.14736162857902	1.8917603898455169	0.35894432045323493
56.712043346427478	1.7193057843226929	-0.85920810709866235
56.515176903897853	0.82882267710823809	1.8215010852666236
56.675617221907849	0.4956330116267158	-2.0063299947497266
55.99336212088653	1.9025331820755451	-0.14818690717783742
57.874137967983408	1.0986496229791849	1.6677503510749214
57.51342193475466	1.7255362188871046	0.65890204526227847
57.869259450835948	1.4471868588576651	1.1878964041158744
56.902870840613268	1.5534438934115671	1.5852910433030312
55.989880614776311	1.4408177218781679	0.79963822127471129
56.012359453002126	-1.8285090911442625	1.7827844523154719
56.601344919870279	1.8266485534224179	-0.45434006348287875
57.829536743343901	-1.6828467715160125	-0.54549562476505487
56.190165319405864	-1.5766740756819519	0.95846916317549491
56.805516144137464	1.1046207088847142	1.3938505722920218
56.429972852140125	0.030418803777173015	-1.7924049348908571
56.804313528248159	-1.5568625652246451	0.88431410704661717
56.109675218160312	-0.72431260955781229	-1.5903709867739468
57.115202930996055	1.4421120101933824	-1.8362058689308163
57.404348254193792	2.3058982685725562	-1.0262880002942321
57.320306100284924	1.6178276337248805	-1.6226376705044578
56.024673836555237	1.9149355872818801	0.76516678653337522
57.904258837476156	-1.3282099088416874	-1.1773272444990028
57.64339689231528	1.3164665387771359	1.8723923029258891
57.15256969186661	2.2762635590600735	0.1040808979183306
57.407192488053575	1.3881075182009068	-1.7066925626121938
56.651685395995464	-1.5528307230126017	1.4513366304087152
57.730484868463719	1.9786992399119614	-0.19579631087494254
56.16124427032981	-0.64434765769237057	-2.0726267382679744
56.469093784900508	-1.159858688740935	-1.3224057871838351
57.82770554418498	-0.91708117381032672	-1.8013525261912502
56.92054491413996	1.2756972226808732	-1.5583761083563736
57.372539971760844	-0.57815992539835381	-1.8683410383328918
56.181122378493633	-0.64129667869578044	1.983009154570085
56.820015020831846	-0.87439805652488967	-1.6540697855412883
56.092170189709627	-1.705738570836727	-0.97596088786790669
57.538448227312408	1.8064416830223422	-0.425503468175365
56.087783302100185	1.8916392716935984	0.37050440629157744
56.536934690375276	-0.86771826187122059	2.0173180468260816
57.438712043021567	-1.7052263087697404	-0.86256931522757385
57.47880606018547	-1.6384962418684128	-0.5348106831464492
57.792280051311607	1.5361971126914526	-1.0681240997469248
57.956164565598485	2.1950650966955858	0.27168789337487897
56.662050548075968	-0.26416255999373645	-1.3835094690114804
56.947485877999519	-2.2009897810749375	-0.56097864274905185
56.085829895943426	-0.86439679673211167	-2.2796144593513583
57.525374187188675	1.7735810951859112	-0.55869622132069718
55.969717666826469	-2.456445257267506	-0.095406086026767437
57.96071196575172	-0.096248107151566231	-2.127747073555363
56.751560169048986	0.78004186966935785	1.6490360175118617
57.75584957953653	0.3116889115941498	2.0177789239279513
57.711740198631276	1.3442138199297744	1.2759579306413236
56.057189155633679	0.39768447544009217	-1.9882439640464367
56.402881250812911	-1.1628204195809344	1.7197795724137268
56.861990742789175	1.1168011521995471	-1.5890016001856757
57.455571578219889	-0.70485986868104722	2.2374628999202719
57.109601092742764	-0.41702062272463014	0.74553359053939572
57.045280941524709	1.2278118919141667	-1.4297677491848586
57.681537760873894	-0.070663832759775683	-1.7394564561103343
57.254216451736774	-2.0470575089425882	0.22956492577494081
57.768465400178371	1.9418196998808948	-0.64562603441654953
57.362322614647482	0.7925950770328315	1.6015475536004415
57.739236314455589	-0.19251592681626781	-2.1762997334626317
56.752461237690611	-0.71607718444200585	1.646006571031766
57.347952452811604	-1.8081042176249906	-0.70962508981739547
56.718581255317098	-0.56118008555402454	2.7160237105863847
56.893156120346042	1.5663769967386227	1.6644161542571534
56.954485343129711	2.3053419606442853	0.65193874964856402
57.399244906664521	-1.5448227537395514	-0.92673896647172294
57.48449109835753	1.9913634953120947	-0.96991980424516655
56.447957242356431	-1.5980031703531086	1.4510555159908403
56.995380622574132	-1.3709028678239312	1.4219115542522205
56.063746245381289	1.2698847942503448	-2.6421870354338779
56.929304983832772	-1.2755220257612103	1.1121227030904097
57.358300319013942	1.2955073610697958	1.8743604978731987
56.578788061405774	2.0291921426195683	-1.1203010541774241
56.998874265342721	0.91537320090168628	1.5085829082767102
56.005350037050455	2.1185141953992019	0.35925984860539678
57.505001947221324	2.4890090072382445	-0.6397578674815787
56.058638286112519	-1.2844976499239369	-1.4629546007266514
56.714288692488545	-0.39401786357576557	1.9254890354844603
56.29372012352696	1.1494378000195338	2.151862646620526
56.932228439925971	-0.3847474087844433	2.5880369626871067
57.218563755624771	-0.69193878973225376	-1.810950726937913
57.385042058273768	0.65787457694091234	-1.9865808920758594
56.956363879138749	1.5494884897777916	-0.81544488377712521
56.532068120536039	-0.29348044532267092	-1.3996165091101391
57.738583208000946	0.42991266928240046	1.805205317514027
57.398538197403091	-1.4720278367476856	-1.160488084221563
56.363795101473144	-1.0939198805350674	-2.0055642596878456
57.649616708963812	0.53318545196972955	-1.5458063177078054
56.615196082020532	-0.96296902980950194	1.8522850646440236
56.985737614272146	-1.0584063804449482	-1.4074609245757463
56.110988726306289	-0.99020850690762319	1.8811742110211522
57.033194196079691	2.6982564306853565	-0.94317945548308868
55.86815843263647	-1.6385798491960011	-1.646406727154059
56.345035970366659	-2.223449968217738	0.019805036736101782
57.420483673193338	0.50591128321933154	-2.2971453904779677
56.185099514729067	-1.1762028137060045	-0.84039295321693464
56.978335429297992	0.097893938199064071	2.0958427631537302
56.870711929569723	1.7990666265241344	-0.88441562877475377
57.804232251492387	-2.538135990751027	0.93710725700037445
56.989579309905025	-1.9787835071968869	0.48555658966321652
57.718868165505036	-0.97742691417820649	-1.5745395120566992
56.149437508047342	-1.9172912361355157	1.160860875255245
56.606349624410747	1.8001989260672424	-0.24831424019651219
57.867815344636014	1.7164560991887359	-1.0418509016029909
57.37333246669742	-1.3008129726079436	1.1824971536817996
56.594428875612188	2.0726119256702065	-0.41412307042585705
56.858557062228201	1.6665493247018233	-0.97802624152884576
56.194037152987654	-0.45815073772189691	1.7365962889458622
56.370396475217532	1.6216344990932099	1.389885152941096
56.60668778030152	-2.3030523564666754	-0.5972916866979614
56.436017019388665	-1.8904435142582983	-0.78023859884048119
56.641369710445694	1.1216483606396073	0.82404326871634326
56.196449349386135	0.1326510007277811	-2.5473036238483076
56.974335211496403	-0.39839666500833909	1.9471798760285763
57.462634399888202	1.3771767604219993	-1.7517425965614868
57.18635636369315	2.1242500182035302	-0.22257093029569514
56.721124850321971	0.53663381865885218	-1.6085388665856903
57.149650494026879	-2.275488184711552	-0.87851350275385964
57.71732778691586	-0.34334140237554728	2.0496073176867484
56.348721374822077	-0.99062495879725665	-0.83066007566955247
56.383217461185858	1.7501881860180524	-0.51358360770205436
56.281706207101884	-0.73844990572845293	1.5967302207621317
57.170152758652087	-2.1115029462277035	0.30363580123583078
57.174481281990687	0.94380668787915023	1.9484192400481337
55.959829027874967	-0.23760558429836787	-1.4245244262314383
56.708289645569756	-1.0611885081716159	-1.3114818233180265
55.86255372832408	-0.47133408376999664	2.4950195479448523
56.975488184776246	0.44069743259197169	-1.3634115616287361
57.457751368917265	1.9736253269132664	-0.11126160426047682
57.352145558327564	-1.8727382243990591	0.45398844847137143
57.194001669776611	-1.5675906222381049	-0.63312741869607814
57.571767743600311	1.1326177472644474	-1.823771246443922
57.45490602648983	-1.8987519954747938	-0.74017976263573682
57.392341223806604	0.40862934766402276	1.7119966250044973
57.200719428607066	-0.32823465422877457	-0.46448753645061958
56.502030206551034	0.96140770177683921	1.5674015350644666
56.123294049104125	-2.2414232440669482	-0.16455080494284841
56.257282693924303	-1.3811027217813134	1.9946513440106131
56.703987574611965	-2.8145380924532462	-2.4471085630921525
57.390257128437575	0.61856846811645472	2.0153355729120799
57.501098473928941	-1.0883767648166109	-1.4391079309377128
56.347138878771425	0.34606404524464146	0.78736669299193696
55.994558872807445	-1.0702582517272965	-1.4041787427304779
56.380437086244847	1.5772898350378035	1.2572046255003391
57.473829500531465	-1.1470766664576941	-1.2808741956139609
57.158046073583719	0.75747836781535194	2.0144058638221409
56.254748320399543	0.50251642352475179	2.0001269612309818
56.796577933017502	-1.3357853063363707	0.66660215284975388
57.538389089585614	2.2501163768166301	0.42512246322490199
56.699180655695699	0.78276047407114169	1.9121414892996449
57.767100880026597	1.765219817060061	0.96540035080908215
56.280252955147205	1.4199151758049102	-1.1652561365297911
56.878826841760535	0.78577945150606388	2.0128728668469171
56.190341591488789	-1.7368331689704428	-1.0145061633699872
56.856172833299212	0.16264732961171166	2.1734030230200965
56.998647783437995	1.9488921018787564	-0.39567298330017225
57.424400105468813	0.70915425149076983	-1.8861200401881877
57.585301553318693	1.9989419094343319	0.98985964471750243
56.832904709733462	1.6743988610145757	-0.63403412830958727
56.666847246030351	1.7203524101931955	-1.4338147504852841
57.182730109282438	1.4028886994725362	-1.6293488068431179
56.017910840401022	0.77222516393265106	-2.0294492665357224
57.226021486189921	-1.8072781806717622	-0.64988518668685114
56.433484727780616	0.9885780142361742	1.8504693182856988
56.046008131582013	0.98030032555706226	1.1120063489000784
56.586195696136045	1.8451939478832333	0.99559099207357771
57.865457466261887	0.15679849364200324	1.8581770183876498
57.284371636735017	-0.93341286611781438	-1.7478632347474752
56.744429439287046	2.0963538033938089	-0.85535373603621501
56.592278875274722	1.6987911966837477	0.15154602166644904
56.073913160734172	1.4513319419013446	1.036029578379269
56.62166052347294	-1.509952353089971	-0.30842967490249662
57.170640833907271	1.5641963052565553	-0.24257156575014877
56.127094819665196	0.31406663496097065	1.7377270811891778
57.571475851789586	2.0986532978315982	0.55184666604488775
57.91785501201764	-1.5499924485041969	0.88516134764673249
57.335773322548938	0.20961933931516505	-2.0279822938762981
57.000787343515519	-1.2067789664304582	1.9179411206630179
57.13402054551149	0.05153134056783891	-5.0395502225187156
56.482577074993365	-0.29017530886709186	-1.008634287464258
57.546674386149022	1.5044929325320473	-1.2691862164557621
57.466237904062488	-1.1352702075233012	1.2093470380128608
56.969300326407847	1.8927179811735455	0.66790592345648636
57.587316180392769	-1.9391344009185645	0.64197849162549026
56.100511517779623	-0.57456166227173855	2.2365657501841638
56.987674208876967	-1.4227368944215777	1.3420494688443501
56.949285312446307	-1.7836179816075552	-0.99081352505831954
56.517229726973525	2.1215632482722042	-0.66409667909756342
57.702167289388122	1.9454327949010035	0.22771646934604695
57.11734044534937	2.1291939994564375	1.2871257271708223
56.98515091614162	-1.1108618705191242	0.72326820129725522
57.25096002216501	1.5893626626547648	-1.2428153453451471
56.30454492132224	1.7065590798706043	1.1238903828079656
56.059850501249635	1.0643034926271568	-1.9547732196715071
57.558309413475371	1.9746081749178375	0.89159266886569755
57.50856882093052	0.97376869681880651	-1.6636620246642786
57.694329142060056	1.3156567265811747	1.775615474370978
57.079795935392632	0.036302200289818412	1.7867008476580635
57.15607155095465	-1.659639234890508	-1.2267155984729767
57.166790303036095	-1.086427506169082	-1.3321353768535875
56.853941407267996	-1.4024179946600439	1.4711611435568261
56.430636642975742	1.8721775381835204	0.45616438833772566
56.522336836554878	-2.0998146191602842	1.3594594027551876
56.866756791828372	-1.9863356618307817	-0.019904752855312784
57.366255174183856	-0.40079617527927225	-1.7056502977883596
57.707275293141954	-0.98403963649833137	1.7756868066508193
57.396705281171052	2.1069884914181825	0.3276082181661239
56.09753862980935	1.4593747373994721	-1.1505218190118836
57.745296276138525	-1.4812796963893899	0.48491013920105075
56.955196325529677	-1.4780448462063829	-0.89466835163503433
56.329985851012665	1.0024281816756655	-1.5942528831859608
56.186681045169387	-1.1797627680373468	2.0183211455574877
56.035352150403199	2.0996778216875622	0.50642373562444243
56.112338077907253	-1.2461577550204854	1.7605086338085707
56.946919687747794	1.9041838422979669	-0.702711752607455
56.523102658125744	0.1321004909030635	1.9276520214604822
56.300933549914781	-0.70897209309969367	-2.2215258784088272
57.725649145938661	1.8530424971422705	0.30728662833397979
56.487143952472024	-1.5155666582528997	-1.8689719575952306
57.605346613347884	2.1038280229549926	-0.84508665763979429
57.497346413061862	0.41837565872369936	1.748328517972555
57.663857161148208	-0.8433429332192961	-1.8926628161915713
56.358785116687351	-0.92899888669396058	-1.9856098065611165
56.519215500636413	-0.9220404354084536	-0.97314958612074454
57.276226677589896	0.70697051974059166	-1.9810879277643465
57.302752471331381	1.3814291356957236	1.3294807324030427
56.849856043528803	-2.1785137682656952	-0.14180016925288111
57.670344359351233	2.17984982875408	0.16444309376117777
56.098041725378728	-1.9550055271300939	0.79083333874318873
56.801927872912586	-0.96750601620480181	1.9571134292816257
57.197179648515757	-1.2390936779751855	-1.9542757337245737
56.554221354347931	-2.1203288766002504	-0.36153102458884173
56.667611980575195	-1.5309785348534175	-0.71659661312543788
57.130568561352369	0.78507242286528967	1.7574388859820795
56.820003955017903	-1.3895270010411502	-1.4782895348228002
57.001069369437424	-0.14789216378946704	1.7746002653859381
57.058779854522186	-1.0314241555438532	-1.4614300311439601
56.552694952853315	1.1410747788436804	1.317077505031784
57.567071057354184	1.2148715395966365	-1.7294231192912775
56.172025256576553	-0.38687778125985384	1.7636688062546719
56.476192203298936	0.78379672307399384	2.1531197190031062
56.002300527278095	-1.6253883558618201	1.826391779110629
56.496197397853479	1.3602213662799527	0.97011482338254995
56.925898525172869	-1.1040009039991969	-0.26169560264815162
56.828523311427325	0.25993257408910053	2.0071703366457814
57.161935260355108	0.3829037632533856	-1.9907484822305952
56.738693458412172	1.2969367157265206	1.4876735135630288
57.862395086782499	1.8752621682692028	-0.20812908448032569
56.028489549399261	-1.1079634075346529	1.9256758832382666
56.283381341408166	0.16622622975725829	1.8168807976131811
57.860967125958425	-1.9944777073070896	-0.44282224587513019
56.345848608181925	-1.8239232518596769	0.22530915404693561
56.603207532343774	1.2043892524246536	1.9894504104338577
57.640130059099477	0.37256343758059418	1.9765457719336554
56.369446205981916	-0.83841889428021066	1.6636743640628722
57.698866171971311	-1.6046041385211232	-1.2558809408144331
57.709666687545102	-1.7399793975824485	-1.5713158353525261
56.318930647667656	1.0792703708277982	1.5821974298847612
56.400204638487118	-1.9044083268260052	-0.45704309188325593
57.594555324879664	1.388359244032648	1.2903737328964378
56.302864296754599	-0.67388336037228092	-1.6891210144246651
56.895109979680072	1.4262220500659919	-1.3853933714038424
57.549347698406706	2.1967647604418716	0.20145913620848138
57.73429366612428	1.3269346979704209	-0.97092177124701484
57.507326300065053	-1.4105928973411541	0.87046250509487932
56.148816349707324	-0.99175827019072649	1.3536613054567015
57.344174794465381	1.7326030756857038	0.15178326771459991
57.284806588243733	-1.7019927530299324	0.57214041439206775
56.697179570953949	1.2335996125615918	1.1309731240519387
56.762005343343112	1.6574065427259701	-1.0763315973290437
57.323943154888873	1.6630368714014785	1.1617563370940063
57.821628907641987	-1.4417800778331475	-1.6131180386104194
56.050952963930207	-1.6302929791711178	0.62970643596770037
57.703078577591889	-0.1047570278410471	-2.3153713254008683
57.789629092987553	-0.17772086167404583	-1.7647592803327499
57.155416176798717	-1.1213302284282627	-1.2591318063341215
56.521494796159814	2.0577480853772894	0.2939170459964715
56.389183869528956	0.77772513617256567	-1.517611821644238
56.284076820265568	-1.5243697938639622	1.8140259343220966
56.715384504055443	-0.60377067506776982	-2.0356491786737996
56.221244538788056	1.3607756741606496	-1.0094306371640613
56.196395317060578	0.21590945254422444	2.0899214108782149
55.899357517907106	-1.0743195854729448	0.70645859082905205
56.281441364521598	-1.2855472936719179	-1.0647919115670468
55.988684267871605	-0.67434503486809683	1.4316456095672214
57.592604366006448	1.9318907738646238	0.22990670773023084
56.441696236623294	-0.10037494984723049	2.0785042686440383
55.922563421045787	0.35507177124177652	1.8985536222203474
57.750085312926245	0.28213078365889743	-2.255106093749665
57.430718033501648	-1.9317208029303443	0.5795403408029125
57.701359602499664	-0.02864507709595214	1.6078826010952343
56.777962189043492	1.2392715565331291	-1.5220879593284831
57.655499766553746	-0.7996048323700744	-1.6447213173300281
57.823381076516945	1.6927002999585061	0.39944396973849472
56.279427066067903	1.1916144613795627	-1.6452338011877328
57.482559710633453	1.1652382420473077	-1.7381201191923621
56.834290809704704	1.7504457941047578	-0.063281636225840418
56.074843245198196	1.3639276743671802	0.91920192138660661
57.141176490064453	-1.4530774792593979	1.3223598592934129
56.806689646056242	-1.2850872674241407	1.3578241432366256
56.472551692514926	1.0267791059154208	2.0759409509268054
56.174885202349365	-1.5158199588318464	0.89605144374881474
56.30990624118423	-1.3207992761157064	1.2156712996558114
56.86206753099286	-1.5657316647252268	-0.95316704984696055
56.036763858290875	-0.63732972440410507	2.1071632276250258
57.494446714223471	-2.0634831519210426	0.19419817360077701
56.97207535072576	-2.2553373321869703	-0.12614991569690223
56.572497960382499	1.8553924868009415	0.23516518455013596
56.298820121691676	-1.9615557559160659	-0.94993641632732861
57.259388926353857	-2.0268750742231298	0.3567475260789667
56.934727562466094	-1.0798023194814759	1.2503096789552033
56.534245056846785	0.85583198627013968	1.5243359662115195
57.685699565220389	-1.8988543380274374	0.81859340062084396
57.124440687893106	0.20519740942561912	-2.1110090601879286
57.56540448870723	0.5428634274722004	-1.6541807484601028
56.135563385120726	2.2886917634780581	-0.24419531126486049
57.13115679559936	-1.9248664604130103	0.90336013627654688
56.697296427262536	-1.6945513387622138	1.5106493237431371
56.247684562161261	2.0124909066667476	0.049851747899161768
57.049647950069428	0.011398105635562636	-2.0575283924498793
57.612987691644669	-0.09545002756581128	-2.2411144339231357
57.053670547544151	-1.3154203916138139	1.2623679294766204
55.948676182147572	-1.5815280204765143	1.1146773232832772
56.467323698010311	-1.5324796807280197	1.2482730708253795
57.898469991737464	-2.1151053043428192	-0.95797927807146188
56.877727541800461	-0.99582781751753324	-1.8321290976058306
56.302036838774846	0.23945117140112601	2.1547206805044055
57.552991981103901	-1.4940083821077441	0.375430663463791
57.582833508428813	0.6858105063848654	1.7681442374288818
56.719348112124123	-1.2366975806809037	1.001493855581187
56.528720140446957	-1.5215502299897909	-1.3768591405767268
57.082731425854988	0.39019164540000645	-1.4832572249322589
57.843195276502279	-1.1181804005739866	-1.6047177249976086
57.317668517751663	-2.0540293918941814	-1.3459671005626515
57.636604970622038	-1.6684978020759575	1.0750160491782841
56.764839196488452	-2.1075157254704289	0.8518233346837456
57.287720523423623	1.9981351029985761	-0.27017889142349572
56.287544671768387	1.4313587808405916	-1.3643892251085998
57.75232603657485	0.11522893253034533	-2.1701983355819912
57.95320390040942	1.9104130406409927	-1.0730107583435911
57.260844814941741	-1.2707955695921813	-0.40654035484799078
56.220622868058761	-1.2378921801153446	-1.8911263581061488
56.673643527502279	1.6722487424068047	0.98946859880954452
56.146596912289063	1.3663943808569627	-1.0439861596950031
56.966843323955331	-0.37389402953374506	-0.0054628902740422383
56.813623124468229	0.91832256705576898	1.7456265254959225
56.832605226931619	-1.9951397516789084	0.65054626741382826
57.324158690004573	-0.65891882879479169	1.9371446052905386
57.171828470745595	-1.6313031481130191	1.2147831136878653
57.513947261428982	-0.010955111805759978	2.3638059280753829
56.056832361889512	-0.95380162485025399	1.8615775332680489
55.869343409373776	-1.2723477348503811	-1.9678110761035288
57.856365488002893	1.4524088673893254	0.91025474961712494
57.078485593762764	1.2827666462985368	-1.7234104365387886
56.970734371377965	2.0988808231090519	0.71658977846480365
56.593319073710099	1.9265317777589976	-0.48230063789090516
57.768067588816592	0.3683367998706632	2.1472990683872513
56.162104027317582	1.9479489071649914	1.3312445744240253
56.901518474273395	-1.0024385973285181	1.7399083158253075
56.51639773363781	-1.84538738071956	-0.77514991224441154
56.168721974035165	1.5016982120178035	0.87951841709388745
56.522337096855516	1.7827631601848308	-0.34548498317077764
56.441560024539257	-1.9753879891851638	0.18666969421401386
55.951047878588106	0.22153451255549048	-2.181439439911439
56.448724875886015	-0.26897197245861837	1.943274609901041
56.153042340475736	0.0080848570608857001	2.1103702792789489
57.225560258034328	-0.059855394125893115	-3.6643301701826818
56.974491821903158	1.358080349310137	1.7450424234307431
56.870478362174055	-2.085675424903167	-1.074114799862534
56.221244052407975	-1.8195583503577879	1.7259976103574459
57.205021907521321	-1.5918076815629965	-1.3509176419013342
56.792683117994876	1.1706982984716634	1.7149373500742211
57.454969245538592	-0.31446525021452926	1.6736646768580961
55.957739416997825	1.5670220286902672	-1.2896478987824167
57.48683557838693	0.92850681063823415	-1.4756816819254175
56.584847510383845	1.4759391139612548	1.6521086473946338
57.379250454187449	1.5692951301163602	1.2062627685198342
57.040905751117855	-1.3847362750944523	1.2174781954260052
56.239100340407326	1.7268646659945026	1.1882245824508608
57.428807019715123	1.6197763041450812	0.7025241578017376
57.622023236516988	-1.5392109814524437	-1.0905176056814245
57.618471401688481	1.6645243863893369	-0.41310242035739658
56.622573507018828	1.2867616655525302	1.618865275355277
56.02585342728473	-1.7073744358425444	1.3550976773534229
56.895548695901759	2.0178962285529001	-0.19937719874333099
56.423578747203386	-0.27584474807166109	-1.9479490848470871
57.299386923831641	1.379705135739526	-1.386665697868444
55.90075944649471	1.6818066685091289	-1.1719623585778909
56.711786300160284	1.1392076154068829	1.4839286321415166
57.83667666571759	-1.9517526172246278	-0.12732555068785129
56.225589465518951	1.375776430531128	-2.0321998753055097
57.098031213252931	-0.31381937532827681	-1.5433941671566009
56.351741476314693	-1.2400601184264011	1.8839895793577142
56.148117646005808	1.8022619461634988	-0.48112348094773832
56.353788599276065	1.0780562087703591	-1.8734523290100764
56.158000884914784	0.57637333273674574	1.9150451071284167
56.154514250051243	-2.3905203749609694	-0.57447836677436681
56.809303216443688	-0.95897908155069467	-1.5721422859818288
56.195654701085921	-2.2279853522153732	-0.45651436321745298
56.055705286213907	1.5153602706859752	0.79119457120437819
57.282672389581805	1.8421675587291273	0.78230725577895954
55.927915659840089	1.0065990723010474	-1.5522000034275416
56.920489677971204	2.9139804021505884	-0.02358578965951022
56.89321445419445	0.75731568387088011	2.1546571602259159
55.976210236736996	-1.3704761647416599	-0.30076192110926381
57.187229546770375	2.1865865657838399	-0.52847954958481447
57.645567717671959	1.1865123488241165	-0.33764163306951611
56.057017016936413	1.8267901116934426	0.44273773786634346
57.870564164700113	1.6112197928244631	-1.0399748388263177
57.274856536139687	-1.4619384891391605	1.2028692195634445
56.658456264343123	-2.3449403781945271	-0.17521531844574376
56.577194671079504	2.048764365298529	-0.49226482806517813
57.620586643819443	-0.72808738095751935	2.027714128926124
56.702076559796332	-0.2988591220220983	-1.7169500008320469
56.300933908202474	1.2863687363371394	-1.1593927020896113
57.753230126356655	1.2374572325660311	1.4776290752203922
56.383825257295861	-0.87851055557111013	2.2493958487412615
57.68086904499868	-0.0014200381703769961	2.1286497107287325
57.908084625624355	-1.6376382965907439	0.97611447001582252
57.730739913229748	-0.0055100527999206962	-1.8988693969640225
56.20112073989683	1.5315256825732917	0.54223205666429053
56.364795190784932	-1.2724933792747544	-1.2307505915516166
57.386956172301979	1.9106205178940818	-1.098003486096705
57.031745608485068	1.4088595413898393	1.2542547447484558
57.251250038946196	-1.9591045736000861	1.092510032351796
56.005572413316067	-0.80984936134688523	-2.2571731924523912
56.825114427592297	-0.61660663842531338	-1.7827722255643812
56.691368493084902	-1.4442289476719163	-1.7591734663964425
57.101529538876157	1.3549447388578522	0.97099143474003446
56.875343921865657	1.7837755114105536	-0.8035480701017248
56.067005591667204	-1.9432192978289893	-1.3971495799241658
56.68979963124913	-0.10865884800276339	-2.4510097740110299
56.035424621977334	1.2914307273571966	-1.1806294054988147
57.499883627884572	1.7080347667601143	1.0066168586614888
57.004517577442691	-0.7191388614870351	1.5518968103583255
56.53504886425322	-1.0035025135543676	-1.9468596001963319
57.546548383846783	0.64118761127117418	2.0690756956585474
56.106743471874218	-1.7299823144884392	1.0600152922518455
57.62766736481985	1.3091832898766742	1.472987593593315
57.91289956206851	0.96089502548046435	-1.9317478246456206
56.058320135829014	0.79003835398344391	-1.8951264414378721
56.560730170043406	1.8714278552832406	-0.77033116016428638
56.800885636850403	2.0124408486877274	-0.78120719412616291
56.99178294799691	1.2581236700399985	-2.1125821732245322
57.0849975519994	1.5373855731993464	-1.6961276224942816
56.157010796148029	0.19296085855949496	2.1199856864214075
56.359410251842505	1.1809523126726342	-1.9665373170928337
57.604762589469431	-2.2777689017511293	0.32717765310277347
57.395953698104975	-1.0759451739286676	-1.3260285398223866
57.102508073022697	1.993623513182895	1.2054330304240979
56.050037056521703	-0.55090801699578484	1.5887924065755048
56.622956686124773	-0.97686857721921116	1.2968804731490926
56.488277833523966	-1.3161288214196001	-1.3844720709734901
56.687885080719553	1.6420260423212689	-1.7407213677632103
57.517439191563895	-1.653207159774732	1.3342215635638117
56.148188909564041	1.3732305632193131	1.0211694120432
57.464526501633351	-1.9090028917519153	-0.42098943208710976
55.834080344299551	1.9417227176870127	-1.3095290681466316
55.942553552556923	1.2039657512640038	2.0598710905916899
56.521869647483825	0.31871817960429083	2.283920811466488
56.676835948567913	1.5300872671182311	0.57849510733962339
57.114236372072916	-0.226157342365331	1.9437743358574189
56.070740865290027	1.7233852835855439	-0.60041252204738704
57.765963533147122	-0.12861396724244809	1.8369970001339069
56.419145889535656	-1.5644453072029609	0.076848445315401512
56.183576610504673	0.36360069796476241	-2.2228440489858969
57.30204023953268	0.95998681364580263	2.3285024604176385
56.716970468215038	-1.9082785749515836	0.20701462468463058
56.18667994202697	-0.30326421877734522	1.1196139905388645
57.352058676669543	1.1483782904051008	-1.6354370361964843
56.772027546667758	0.3826510073462584	-2.1534215106198173
56.439731070970645	-1.9429341021502951	0.93751442834856036
57.412919655898335	1.6393338890701721	0.54182942854296767
56.629952568803787	-1.0264798647913236	-1.7413162278639993
57.631346382741889	1.3978142645500526	-1.6603679649463228
58.005088287953249	2.2375535710903121	-0.1090284907343483
56.936713183154474	1.3907698478512236	-1.441658650390609
57.183752335031571	-2.061766572429641	0.24526279482829871
56.769450530379622	0.15029349844843426	1.8539709016918704
56.400219527322236	1.9412594017474012	0.70615131046794966
57.008652524132181	0.5217805912493384	-1.962203256193541
56.110541420012332	-1.4864059439731785	0.97588053815972731
56.282380398892393	-0.89003333902152004	1.8263279274045534
56.877401825203343	1.6765662948624831	-0.22011967547670183
56.049273090736541	1.1722638394643463	0.036386170292648116
56.622960791597237	1.0184283116850736	-1.665137860065544
56.532110787107868	1.6050116209966168	0.32065370215673134
57.125901244849977	2.1954205265960876	-0.19509590685752465
56.408379967353135	1.352768015266921	-0.66977004568163034
57.060638648593738	-1.5429986140727276	1.1871954063243693
57.192325530804986	1.5962438384262478	1.3311239576435059
56.042352891377845	0.53077980175770845	-2.1805311393895246
57.787084348428706	1.3179277590221077	-0.9656933382819336
56.251757790361417	2.0781150254719312	0.28197390457391214
56.961035199094447	-1.3010339655645902	-0.086697997007094268
55.941459586371749	1.5238519801805586	-1.1892110155290403
57.085174307922713	-0.73231406412820865	1.4642505737796541
56.413018613450191	1.6446672530157309	0.43138404386488688
56.81351020383827	-1.3151313866013352	-0.27715850750908388
55.975862900570078	2.2029212065895014	-0.34943755178055474
55.909709755650553	0.28676669827973422	2.8586629952036171
57.742931143664087	0.32401917452069612	2.2680795772116231
57.614290482337111	-0.079666000666343065	-2.2842933533282728
57.701463851684686	-1.2611228395290983	-1.7388328315187329
57.63241148168067	1.7818309050348708	-0.22174483280397758
57.05988754260072	-0.86036442835451499	2.1607396994789889
57.437022473064417	-2.863681282849504	0.80398711129581824
56.351218400167845	1.5851677801255561	1.8255611501531706
57.575662053627866	-0.75164268021553815	-1.5121190322222362
56.672829990910913	-1.3437622326048428	-0.94313886321794105
56.951895781054702	0.93393667322830654	-1.8152727429297262
56.688331486537137	-1.6402095817814157	0.061719693224666958
57.656274435074607	0.75898246129950797	1.7927495720175031
56.399177572363897	2.0280759702243105	0.54152462953997538
56.996439260486021	-1.9089116566798829	0.03184496728863466
56.781428060620186	1.9102661687562861	0.84587295349263858
56.384039297122889	1.9656844458107685	-0.22648554529554663
56.531279392363686	1.9258975352702137	-0.29849417476756823
57.659730133408523	-0.055232739391917383	2.1471181726998925
57.635220225504099	2.7813060459602075	-1.0144961383811948
56.644765535053871	-0.13130215560457886	-2.1844097586972597
56.706381601617963	0.13554630218242233	2.056034639609484
56.49121578868931	-1.9406543252882051	-0.87736791726095575
57.397597976092769	-1.5318085999585083	-1.6777920727788274
57.831523755196876	0.38201787180915392	1.7807009945883661
57.499780612803143	1.0519551819595305	2.1927440144482309
57.690158166048725	1.1006709039801013	0.22879651930459408
56.084680219331538	0.44569800402420445	1.6388990084268218
56.715024022234893	-0.28533587543919547	-1.7451902066129743
57.139390952672535	1.440088126657227	-1.1102015531308418
57.645922556649126	1.6717595158082676	-0.74427693278997831
57.214717027005321	-1.8062310150232237	-0.76169966852915338
56.030803636497794	-1.8345463210285979	1.0833110196260214
56.746874547598217	-2.1308671176904896	0.055753107667989195
57.504246534163826	-1.4017743822531255	-1.2395193469572694
55.934073490848661	-2.1938024358933381	0.34796298653659602
57.134908503355483	-0.38640779177082396	-1.9578256603083506
56.217763301572077	1.6785699527259419	1.6207788986093354
56.573810288318704	0.45912723030842029	-1.9509821053002834
56.781337411897063	-1.7740221678176837	1.0575778857380764
57.681971153345678	-1.4185414144918587	-1.3629999338063459
56.32215322564813	1.8964659098775807	-1.1045953968028908
57.293657790054503	2.2972247148452154	0.41632786248896569
56.599595007299591	1.1078764304024855	-1.3948134934370051
57.812120799551685	1.6756918225391466	-1.3375636017358845
57.445657287191842	1.7318587394404363	0.96666728219660258
56.978238288418858	-0.57556246660833177	-1.8227997321347977
57.194236348614275	1.4156772417183494	0.96153412124520266
57.446948598579539	-1.6496448826175929	-0.63205976035988642
56.414624351285752	1.9526332946964271	-0.76322196037024093
56.64131119417555	1.8440742724860419	0.35514375261863901
56.744542188311755	1.7413596993904386	0.28091373649005397
56.344147882821936	-1.0301272966214521	-2.2679864743434925
57.374401792646204	-0.19088314052021152	1.8702629738277101
57.745151788312441	-1.9356891761019908	-0.19603552304349026
56.453129363473849	-1.0142182387270053	1.678261432022605
56.41636915069013	1.2223265353861612	-0.76742046667392838
56.59566992463612	-1.302895615648584	1.1168979366841394
56.778990836983269	-0.49556054425771756	1.8697392456381392
57.506826002284321	-1.4532488350509669	-1.1273981699960354
56.313007701614147	-1.5951318845318692	1.4295534928799549
57.383642222566017	-1.4502914622197107	1.2715342162017027
57.378160145319995	2.0405741974524867	-0.1647807391349326
56.704744628130626	1.3814191628382937	-1.0274481430100575
56.316851029575247	-1.9359002545500703	-1.0209155343311536
57.05763933190449	1.3177281101421348	1.0944325817268692
57.682295351744713	-0.43471854786904107	2.215927564380578
57.651505466581142	-2.0399699882856011	0.082112744768511756
57.096734552907691	-0.14999819328602609	-1.9755707619767342
56.535779914787696	-1.8098724701699982	0.29120713900495737
56.642397600078908	-1.8778034275369295	-0.73467750494923034
57.083045256511838	-1.3862709375880349	1.72485587241365
56.09994627840419	1.9223435669682234	-1.4047083847543971
56.951046436249754	1.5066635046123817	1.7295308728444121
57.672612879374661	0.66738416859240923	-1.4625289321279882
56.319365843476085	1.562997882193663	0.33880980965143154
57.081933780759968	1.3881306040315626	1.6721264946119179
56.002243580307514	-1.6371944722424796	-5.529465446510236
56.734552106457748	0.63951981012447345	1.7663079316198753
56.305648012161058	1.8289215070101936	-1.3679530004802662
56.349082662139566	2.0646752389671654	0.79523570243388797
56.554112622875607	-0.43594070712595484	-1.4597849374491254
56.492094226647112	-0.9084952841449947	1.9602612777776902
57.890361160730222	0.49375477939224427	-2.2645291282538738
57.003796616318382	1.0237892238562363	1.8840884059795542
56.393192601271259	1.984862408771298	-0.053950378929942436
56.725048336467012	-1.3392833796546146	-1.3125130037575854
57.203039229070747	2.2006336677182907	0.060997785212737056
57.358189285285846	-1.9805771370901637	0.8100612689855482
56.894172313912563	-0.88537087276051007	1.865547126694552
56.17225641591088	-0.8552616515120155	1.568918943430204
57.642202303097214	-0.86356245262786224	-1.577838003864088
55.904504728924792	-1.0294747469761576	1.8684759736644827
56.460180440255293	-1.9919609887826657	1.6629150676275111
57.261838568785407	0.84890302886804136	-2.3319596271046836
56.950050256678814	1.1667088984876404	-0.73074605086002375
56.929045164093417	-1.7406766356224228	-0.37200437221926286
56.501920627059093	-0.48457757858172545	-1.8502068304112234
56.26246386333662	0.25490278115563031	-1.6903154950964769
57.735591225635133	-1.2465096922776253	1.6845357306039963
56.215229496387849	-1.9306708993153867	-0.75164052137828441
56.298744861690267	0.85169606721470348	1.3497923931147371
56.543258544266571	0.72284948857892151	2.0785443864960591
57.475287873094473	1.0904427208663441	-1.4120467477905863
57.173092675626926	-0.91363370306412395	2.0622476828448195
56.771071870333074	0.71609878378951031	1.413696697841667
57.761429525190124	-0.28726576160613576	2.0369542147857786
56.158080869352261	-1.8702070052769262	1.2585270057542746
55.937898307241888	-1.1006555888861649	-1.6479759222860384
57.148260681391051	1.4631145513306716	-1.7887419687214638
56.963468859364873	0.10606267867531513	2.3189824702896948
57.240201416907709	1.8895939609626198	-0.87447416736510619
56.803862343839675	0.2118900325562581	-2.2697029829447852
56.266224609004098	-1.5179319887430642	0.84912860933605372
55.992610462097552	-0.69619328642108924	-1.585989583263856
56.778945262517794	0.45226225783449026	-2.4616823627753353
56.87701973189921	-2.1124778042233512	0.42823967351069353
57.646660951887512	-1.0150202937338886	-1.6739870896484255
57.141969356804651	1.5263737234096484	-1.4000268951910322
57.241084816301687	0.13436481605728601	-1.9909026184429424
57.510490161388091	1.9639774192066706	0.042252965166502343
56.596760311636622	0.59015271246741885	1.7285627290446537
57.155807052733664	2.0788550009227182	-1.4108906233923184
56.86904432472857	-0.97720769726795742	-1.8135273481559757
57.308375524314336	-1.5429301322644635	-0.79689891022995329
57.593102703356351	-1.5510363678939953	-0.85682711933901112
56.435148251050173	-0.86594198316166848	1.1315167633408472
55.983682044546214	2.1723798503352443	0.65484443706439288
57.089949177794452	1.401903625294332	-1.6156843187332393
56.573472059653938	-2.0921119604265468	-0.079610628434373609
56.483653985035112	1.7857341104694311	1.5914968254616695
57.64746741502001	1.3347038262679936	-0.49155106312361474
57.773111415323541	0.3504274589847301	2.0054355684048537
56.665791229714529	-0.051056824057455256	2.0959084700125596
56.70419167812468	-1.5540661470566897	0.98720849019843349
56.222712334045077	0.71415061682693115	-1.1178577921708377
57.845667891723807	2.0139209793371839	1.0974611342227638
56.082755071345673	5.6270840162502904e-05	-2.0179194378963907
57.200403161337903	-1.1972848301359029	-1.1566618673895019
56.869704876045191	-0.7482486756096115	-1.4452212111342408
56.159787822239892	1.7961471088381	0.37894855022028179
56.133724664256889	-1.6454132334968889	1.5319573999496769
57.417696414195397	-1.6008964831675905	1.313493509622025
57.805897600243078	-1.4402775496473994	-1.272854443519174
57.685622709877904	-1.4795824597182112	0.90370915139456143
56.632491616806597	1.5978886656922509	-1.053441444880477
56.955869557885528	-1.8555248095366519	-0.57417669966984619
56.848373532188866	-0.85220377907135492	1.8607602337702929
56.552164381376457	-1.784324695275574	-1.5196735813698652
56.632637856167555	-1.1652273980340824	2.3038808273588773
57.485336513077641	-2.1969097689160009	-0.15953627821209587
57.037998962773528	-1.3944813830878298	1.0990198168545195
56.58198429585201	1.2763391913263635	1.4669337131993083
57.351701544839386	0.92405717764928608	1.5046997240504099
57.262871471475115	-2.0670285284744123	-0.17283314833081359
57.448953144107023	0.31831666551388749	-2.3023779419789698
56.501781903238339	1.528837769820024	-1.5790548147947703
56.595226795746406	-0.55225094608497205	2.086266900271085
56.860977447176786	1.6599402794273437	0.94029953447219528
57.654829479918781	0.80009283584794588	-1.7939863385588015
57.202604063073288	-1.4714509596354395	-0.84475947052604539
56.658983232035865	1.8869606191494184	0.44215240618281959
56.024517522159904	0.88278970080315933	1.5812058989227629
57.755195624088017	2.3684256095634746	0.2222616257814849
55.952490565797937	-0.48301111175980643	1.2313581953016157
57.00773610786004	-0.18482247318923092	1.8063687793982413
57.628556991464791	-0.93347115202049269	-1.8453568566430822
56.409508166732223	-0.032147852590393634	-1.9283163503553939
56.385752225102458	1.8688472458721954	0.69085342348924883
57.031349334030622	-1.499242696470471	-0.85262263363363777
57.495110398765803	-1.278200642462227	1.6076738284228362
57.040615728396119	-0.66997627446238228	1.671837489025312
56.84956373646115	1.8369055734094029	-0.72449572646470672
56.820282464081124	1.6726255648651056	1.0304771224971228
56.82413302869378	-1.9168687580598562	1.5015810918281594
57.745822306660834	-0.85074430907688603	1.6366302415296661
56.155418384454066	1.3472653536514314	-1.3308231487920343
57.158661527671526	-2.0903472071133886	-0.85344569460623643
57.719996504902404	1.986893258152086	-0.045853001611680134
57.591970952891387	-1.6031615775969115	0.68498534329761884
56.391559289085059	-1.8923195029657296	-1.1785724989729334
57.043164284797982	-1.9910945641106688	0.26052143602418026
56.124901720837414	0.14977624257747454	1.3967677030577514
56.18929368267947	-0.66373255849688417	1.7541884613909702
56.566502848809236	2.1280807334823866	-1.2005456343444167
57.589839741130675	-1.9858273980650327	-1.3561443800747861
55.978959135363532	0.097792643999751294	1.7797479063978903
56.911303740828977	2.2984349277061815	-0.26591978793462961
55.920847465067261	-0.061249263478746908	1.6950764444955295
56.78037485340095	-0.97602810702864418	1.9507774849889354
56.935478594260346	1.8455470050320655	-0.54158884434927135
56.170677529192268	1.8129882177433465	-0.84890571846435092
57.118119431519965	0.76341591949849374	-1.9524891416814052
56.957919353671585	-0.73027596458244948	-1.7903705859220089
57.931861515568251	2.1867730398582541	0.1246505984338023
57.344336630914654	-1.3926701283993261	-1.8800207545473056
56.962816346972026	-0.36308435896962665	1.8081588381118754
56.260643901681071	1.5741723261384015	-1.4158090031732995
56.549688624209239	-1.9083701118413778	0.57569028295867386
57.174144613022449	-2.4023342680436968	-2.0844175154134863
56.361685029566473	2.0797985906328647	-0.42582718524919644
57.110794455324871	-0.069643285960679868	-2.356456657866834
56.257743277610309	1.3647086313969308	-1.2620866726125983
56.626407506383224	-0.82104472732023448	1.8950477855231975
56.651703068865096	-2.0380052607962149	-0.38317954053302644
57.712468644506394	1.4325491621716877	-0.15187162238282473
57.242409246917539	-1.0256248656643896	-2.0288480847280388
56.867782978010652	-1.6490716576800553	-1.2755048587355722
56.140549342247617	-1.3267565716731398	-1.6526428754293121
57.336126923105205	-0.56210161852959806	-1.5131055938540525
57.617626529657066	-0.64675354412497932	1.6534521011725563
57.688836940167491	0.71111110105801201	2.5115574514277705
57.692807663068997	1.8288733005410731	0.92675826933596628
55.970734358339229	0.49840536654558604	1.8483675509579505
56.564366632850913	-0.50876736148509072	1.6469486529659731
56.699146573678334	0.70892151383148283	-1.4722951820562939
57.657397219948905	1.4421280933898102	1.5802718394942901
57.455669396222753	-0.33984786994657223	-2.2576971033004871
57.830600241353679	-1.4573104952387959	-1.6077354774720085
56.785621214303106	-0.27547149578090252	1.6382019435394664
57.741155123957654	-1.6684359708983709	1.4569450253148306
56.231598632652272	-0.34214058546326193	-1.5418030256399717
56.898301172779156	-1.499573143582319	-0.82544584578705027
56.100219486920054	-1.0682293139583428	1.1157004943405233
56.610268028343278	-1.3247726375641844	1.7360963778440108
56.178378227776435	-1.0239953321668662	-1.6166987429474051
56.709321315181995	1.244645545592352	2.0677498696840506
57.87647757974058	-0.78086139111607378	1.9294368137429361
57.734367884583186	-2.0513396180257795	-0.26302239023263746
55.910216128136391	-0.53098990023780179	-1.9168460518887518
56.39428161691432	1.2884799895421886	1.4904953908165703
56.739406038127996	0.91109020372801908	-1.7502091603156102
56.448813607860522	2.0932984630115148	1.4044965909211955
57.70350201123032	1.0202809322461011	-1.7356811609254033
56.640190214497544	-1.9389917972005486	-0.88045009663238771
57.42039062592557	-0.30065006856555576	-0.91901766037538946
56.988464251917001	-2.6709759257879555	-0.84958776504726607
56.551947889114096	-2.199455085222819	0.30124795027504103
57.774597813198923	0.41114820106924255	1.7529295958149678
56.775766359713877	1.6830038381195023	-1.3927940489046315
57.673617101759909	1.6541814987313799	0.52589034758161368
56.700230434896305	1.5499069038685396	0.72684841750122398
57.13208581930386	2.3048209749220363	-0.46980316801873229
56.121224407711978	1.5323032459388737	0.14431000483427836
57.754804858225206	-0.67441287121367088	-1.7707485665482807
57.31271060745366	-1.8147141329504746	-2.436533844272958
57.817445956982098	0.18743486978377033	1.9157954733589262
55.952630323397848	-0.56178490339688569	2.1537891029574303
57.239630496862056	1.9068390213416728	0.8584884405531169
57.199003042634345	2.0164669526315193	-0.85225994237814029
56.107453628952783	-0.15775629139147476	-2.1378476678176632
57.550120401651554	1.2806146587139569	1.5407191655204333
57.549548185686575	1.825963794803088	-0.79132542279710794
57.853629690619627	-1.8797789945190577	0.29604256338480983
56.463604302658105	-1.2621254823148862	1.7853550114392653
57.847614290461756	1.9059780534214117	0.67616372902734723
56.57643424145126	0.64723033784300321	1.9538498115204399
57.550805815812573	1.4633570341763789	-0.85201621889422507
57.117444037998958	0.21887024360881649	-2.3817759724477559
56.993467186314341	0.04754765877689858	2.4699977823362951
56.156721930385572	1.2860046628977309	1.2764391243388082
57.281612469464292	1.8432245540969812	1.1687034009647561
56.292580303657971	0.74500037767193705	2.452194242261807
56.194101856599758	0.33179849960913066	-1.8968909891336061
56.659363512935599	-1.9265147024881175	-0.34515804382807852
56.244530491784772	1.6399694878169506	0.82578754702126
56.0838790689088	-1.1852810716570732	-1.3652622276756496
56.057763562337151	-1.2811920086287458	-1.1061658265112684
57.126240048707416	1.0937595455342726	2.1032496626819399
56.219918878508942	0.11491746079638421	2.0115598023852819
57.046435948984303	1.6691405812276687	-0.82980195766486953
57.700350822360484	-2.0760523919023908	0.41968150058662823
56.300609259752626	0.47859672215838411	2.1412783620029114
56.719662926575943	0.77003778728403427	2.1713679223583076
57.26388372304578	0.81013130888356333	1.9336974462558463
56.872831206387659	1.0661058570618405	-2.2146762365228767
56.490701939713084	-0.075319557096291567	-1.9101379132622034
56.163485232504506	0.94442912656674616	-1.743490142679897
56.743711819766766	-0.84920284432447246	1.8229230871286741
56.634263200941518	2.1110505690610637	-1.0949448996983291
56.584832492407934	-1.6512954541438443	1.5501974564127814
56.800754386226117	-0.21403326178595591	-1.8506415801564029
56.09698161386666	1.8293829703223576	-0.83973447103769827
57.283676718695915	-1.0020862094371006	1.436065375945444
57.350797623278716	1.2028285461184978	-1.863735001429766
57.840132174210709	1.6918730235725588	-0.71360131314691966
57.623762350973955	0.26729476504498045	-1.7480473279302708
57.452805660028716	1.7324142622271237	0.14532597548687987
56.15945203923463	-1.842502564917933	1.1346155798979507
56.826101623026887	-1.9402858079630265	0.29233632221037581
57.721061642319327	2.1448714064157288	-0.37133911343896275
57.381340115366889	-0.21582066705754346	1.6923060904690443
56.963938573435506	1.3375302902567345	-1.4377891069302748
56.952699077935478	1.0567499714601956	-1.7724763013269988
56.545212941418839	-1.4793290797020635	-1.5044644936022238
56.562846325587692	0.51688691880077942	1.5087201811890991
57.420552784059119	-1.5383911058946298	-1.0123662538446778
55.97464427556384	-1.1434213607880162	-1.590892805914087
56.939193074885431	-0.80257435993692694	1.5391332803201712
57.156657017421615	1.5756256349831035	-0.76876550562147528
57.069039722108329	-2.0402185864271924	0.36254703357226414
57.157602251266738	-0.68633805453978081	1.4186211706603886
56.903031639317135	-2.0837991307157631	0.50854026348801995
57.088527768446532	-0.40755007567134771	1.4875007575939294
57.521096117902225	2.1568862662989967	0.020002512786048463
57.825259170135816	1.7310422899271565	-0.63053161614791942
56.75950352529766	-1.5560082195500282	-0.31104461096851915
56.765166964698494	-1.9458644666854594	1.077315739360996
56.931328311647235	-1.2901016383292963	1.5919468228132765
57.408416068382223	1.6938861604093947	1.4241513706453572
56.999808335070249	0.6292738941962549	-2.031525097668514
57.440224851576829	1.4427369014680895	-1.2435978794135134
56.551748263779139	-1.0638033341544897	1.1935966823174318
56.718096726081939	1.9448292965812766	-0.50617510528594922
56.295562477866085	-0.85597646659957416	-1.5621953863870996
57.245260270138559	0.6017091334220519	-2.1671293960553721
56.834191762094278	-0.46987250255866753	1.9705630355969677
56.024629816317173	1.5442323459765523	-1.1024959517593658
56.816933549923853	-2.073079058053394	0.61767217840597854
56.361668526015563	-0.21312781156075153	2.1654006186467902
57.649602796407933	-2.1296330083488075	0.8042332963662282
57.639391063153518	0.67263846217524081	1.8467981239194624
56.080321383664433	-1.755628807574265	-0.27628613316138262
56.008380356178897	-1.4159526318253746	1.0279736403159079
56.487386515296478	-0.54531704204745846	-2.292736825931379
57.095206903285593	3.2664216478065824	-0.18370164969706426
56.916733959847924	-0.47680620413096159	1.7969964580774693
55.985642550904593	-0.24823363523989816	-2.1158387028674097
56.259898886153856	0.98518015378711765	-1.7476439970625353
56.241476445847098	-1.0485066512647179	1.7655898417576896
57.302897141303198	-1.5642720176617149	0.91104088069121181
56.176598797845415	-0.63827750798209604	-1.7463430161304077
57.208794160332829	-1.5670175413996701	0.92799876000984194
57.762467007290567	1.6525089846481102	-0.69341978996600429
56.314454393171324	-1.5831786885272934	-0.53265416375095354
57.612380632926218	1.9174341585966408	0.10581896190068732
57.574950630840036	-0.2910193596867196	2.3452736558479699
57.751123954330652	-0.69810168780764714	-2.0267300287550936
56.229382690337772	1.6300461587615385	-0.57710673165629001
56.670880628199619	-1.0568448052114174	1.6033120764035138
57.212187188259072	1.7128420566196518	0.36609959344853321
56.226767726642706	-1.520407110526955	1.4004885852348956
57.275037169554217	-2.0016652546356961	0.25321828229510956
56.431122999286515	-2.3345310956026801	-0.81879583638003417
56.51090534932105	-2.2404196944763748	0.23807817041454993
57.774274687288724	0.72124528551360578	-1.4954000665462521
57.749724812293785	1.0323289625362022	1.4692648282113987
57.768141874589027	0.63035090927011184	-1.9506158610099604
56.757569040528004	0.81395653932721679	1.4068720649021151
57.414385415942029	-1.0858436127879487	-1.2092086753866558
56.28683018782116	1.9125768648972385	0.11914713162265853
56.283848654773728	-0.057760035245525462	1.5364806012547683
57.51666305155905	0.54080496921762056	1.8938357920472129
56.171748869682773	1.1688232756865984	1.6610186187318294
56.411042984844663	1.3933784343760696	1.2784335845073023
56.550783757371228	1.608608567633705	1.3613776229121615
56.907138683438795	-1.0401025618011503	2.2171865091017642
57.275066148278491	1.5030715437942583	1.021122830257196
56.089892290461677	0.76482282156855219	-1.9754515171736282
57.448989140575669	0.33618251392978277	1.880104923975376
56.787437957538565	1.7890468525756493	-0.24119657272113132
57.834240423219782	2.1890920684229433	-0.16289587700672856
57.004636482191295	2.0252712693912089	1.0930558642358783
56.726041944321317	-1.0528347880951661	1.7792054005851887
57.780925222255824	1.6886755382862477	0.24248514486369679
56.060860927373852	-0.93761828041721595	2.0932313645428646
56.493231400692956	-1.2062609719036081	-1.7288533802723058
56.537445779505646	0.95329901205652401	2.0368867785412328
55.954881186602393	1.8645954626713075	-0.94984654833034732
56.278026226565792	-1.34502393476488	-1.7143022730064454
56.128901076017129	-0.3427869183723174	2.1367096728176094
57.758417428128816	-1.834754044235466	0.49295755933112523
56.574792707955837	0.18013198930678184	1.9421097614269012
56.168555589098851	0.87065362907618238	1.6496486269484163
57.063131367675339	1.0167423751729006	-1.9440770291036131
56.088876952998987	1.8326769224459325	-0.52154776747821296
56.511200505852031	-0.27963414715854712	1.830494543287204
56.713941739341145	-1.4004956043966295	1.4772376938546534
57.53387302093531	-0.18642467032846102	2.4444619919181814
56.904419244671111	-0.10710117816959246	2.0050502769175518
56.510101706484718	0.22920385482940717	-1.8088681314317565
57.672803088937499	-1.7240763862533124	-1.2504764220681153
56.284839948417165	0.21870110053134398	-0.96986099867656617
57.593936810829604	-0.76276544310566186	2.3797330483078327
57.679038336888105	0.63492801090935846	1.5141638122301759
56.070535892367594	-1.2890112325089451	1.2668244396690043
56.883707951916207	-1.3671384942549354	0.93116880499101806
56.402488425160435	1.6352236715525257	0.8321053235889545
57.092622201193286	-0.90892645665592431	1.5189546516627617
55.991053433562492	-0.78448837365100621	-1.7875499251290232
57.148411700603887	-1.8855099010573915	0.10338720203253265
56.103548379122131	1.8676083798281347	-1.4441650317167678
56.750587362324019	1.6126348948397142	0.043524620171199527
57.166203342856605	-1.6195736506331067	1.2209187638510191
56.557428257821989	2.1923744538894159	0.34874032553331291
57.534708651186214	0.63251892416452316	-1.4584955889153579
57.31166733962251	0.53781672003051073	1.5546254676787499
56.903102722141782	-0.96424376558106917	-1.2762076742440953
56.108622993929863	-1.9957636816765136	-0.74885722045075331
57.289833210655232	0.87677922143707943	1.6365900582072885
55.974810310389131	-1.8522448184953906	-1.4736281845059036
57.070666175140445	1.6096637821131672	-0.90205154808373433
57.230794671728162	-0.38675508500708061	-1.7383501449228718
57.091985223355209	-0.77748032586934768	1.7321651151317141
56.692197000130747	1.1425626683466052	1.3757410776538845
57.742624283818088	0.56645312667877856	1.1089851411859317
56.073519813303179	-0.4043486627386767	-1.6074133711762639
57.560469699221514	-1.7638000232526041	-1.201356710807016
56.456971457942196	0.90204924253318863	1.4896230731046711
56.636696257118501	-0.11029936453557537	1.8942811889771485
57.588942136273069	-2.0353849091662575	-0.27956766412731343
56.860739721455253	1.831284552566679	0.76497610472329958
56.461845408724621	-0.74016981672401694	2.0502393323607939
56.886701172367275	-1.1624325273368286	1.3901181467005734
57.420775727847698	-2.0278788790154874	1.0188758305219157
57.055299144960024	1.4438959365783359	-1.1895834034424064
57.472152881342083	1.0561402241755666	-1.5271630158859961
57.246092282340996	-1.7451175070237341	-0.13738769042871418
57.664523635677661	-1.1886945586045028	1.6006843503387844
57.665385241113306	1.337249656651172	1.5749374436602692
57.434174005545302	-1.6453720221009447	0.023975266574876485
56.244289828566167	-0.2758262962050767	1.8294611212188716
57.623572368199426	1.3858043965678912	-0.84475710702143014
57.461867832090945	2.0748931015132057	-0.91162599463027727
57.450785926107748	1.5311931663611948	-1.6828731537609278
57.136698070164556	-1.7745395073082217	0.065707370041408489
56.1665796690693	-0.45408200192964038	1.2074948931974392
57.833536154574936	0.72546434839325813	-1.3230684485578506
57.284667453701203	1.7840330048876982	-1.1457616634954011
56.093361300246414	-0.72504703375584867	-1.7104516907843343
56.319017018335956	-1.6414343974058776	-1.4820628716227693
56.837513532402134	-1.1770216042923862	-1.6174035954283081
56.45950898501863	-0.91536985036209506	1.7607818806496685
57.291293331489513	1.3966145212645638	1.4515750709971664
56.882598978203355	1.8364170086118232	-0.32190087285538305
57.343863001543966	2.2779361209993101	0.33280410770050806
57.304211500353404	1.7017913927292072	0.88913337338864529
55.56806838036038	3.3223214744049789	3.494534595326956
56.480306195125749	-0.15404605496399709	1.8455145012389151
56.640164175369613	1.4633029027640376	-1.2859618817566014
57.209831588566431	-1.8685709270818176	-0.65860192379693172
57.909910921413626	-1.2124178647398516	1.6019807992200614
57.283178843770131	1.9178658338749619	0.43890814073635714
56.409431704993771	1.7228482686146509	-1.1377665459302653
56.212426221613221	0.049149074724270742	1.9667224046169829
57.025373469715966	-0.72414744424710398	1.6370923393092465
56.295236529343235	0.48316605252579992	2.0571620475243511
57.130983793454405	-2.0715958099786405	0.29409470708749413
57.555538009034535	1.6542085746266399	1.1888938379635474
56.367479243686461	1.6993355142015825	0.13129468281774395
57.247302058847801	-0.015437117528829142	-1.7472334512051693
56.349419228524077	0.15973691643634194	-1.8113576135444531
57.633126240294992	1.9499011669283537	-0.12497095248484909
57.064703837502265	1.5651970812130005	1.3454247180079602
56.249767380535836	-1.7089319273504844	1.263255765142816
57.498704184484446	1.8132942275195261	-1.6307219030794651
57.584964903447457	0.13103116841910961	-1.7959678477759831
57.083800963732713	0.632701053359633	2.0200830170889206
57.580161353535019	-0.50491043561280291	-1.9510847005457341
57.400282744004286	0.15755980293582772	-2.4477413051596915
56.575047095811449	1.2331607362183161	-1.2762324337469941
57.873485728602986	-1.7037980086098781	0.39271371650421238
56.687289198619922	0.37625792710516048	1.9042727295406578
56.860726664705844	-1.4651636421513508	0.53342355346395431
57.527746581304086	1.1622656856904612	1.249613419716618
57.526010983029366	2.0743009462629098	-0.34416868368021136
57.188714378839151	0.98403932599521693	2.0947882815031948
56.972794918888503	2.2780008770744038	-0.65607324265091915
55.926417095434068	-2.0898594050733137	-0.73329579668127542
57.54780601863947	1.6369568060909192	0.9026932473386684
56.070519982838753	-2.0185703031383464	-0.94805697399188704
57.710456222487785	-2.0120493952669114	-0.45572454775579607
57.153308110282552	0.59572962310669397	1.7874228540985546
56.956932870577987	0.94649661663702711	-2.0683531877724186
57.417302350144219	1.8269195018341244	0.5094069668989526
57.083328433737044	-1.7783322226104548	-0.93646794511081433
56.438589764145753	1.0894075113902963	-2.24404930328213
56.194041228564458	1.2075289224892476	-1.3511166981379048
56.428523065114021	-0.60373524556698943	-1.9607110827615917
57.538033724805274	-1.8935090223908102	0.12884030868958765
56.472088754297829	-0.17043159352740303	2.009166357534204
57.657813377383199	-2.0283745208118238	-1.2793182321694447
56.232438412981672	1.5194674511913104	0.061280545390644835
56.934642056456092	-0.76291540139643699	1.3794695298644799
57.700421132593668	-0.50456721280886907	-1.5286741075506212
56.29530620358409	1.1715108914471379	-1.1964232371651153
57.198127413598833	1.8804264895384033	-0.83522881823869888
56.306263757821128	1.6780476189169937	1.4376655320722227
57.139475621241189	0.62231537306644014	-1.8773429688017602
57.255549467171917	-1.7770560220456586	-0.52080252306341412
57.599963412569778	0.58614970409206046	-1.7128665387250754
57.607073108390615	-1.8629516326878151	-1.6495353055969235
57.874741871317454	0.44027626384609153	-1.766978236451195
56.464057635392955	-0.46108192059762593	1.9246622573150056
55.87248189817128	0.1540340553952356	-1.9287164851166405
56.021218111022129	2.0463278504337108	-0.63674096240123035
57.187854857167054	1.8031000618849737	-0.22586254646341716
56.875654588730413	1.8250223436865263	0.59639741874932628
56.846355774344019	1.5895530600767211	1.0752779453155665
56.877045206249399	-2.4779669995796185	-0.42435165061074015
57.539366547264059	2.0212238051604143	0.17161769207220556
57.714999293489839	1.6630782983484627	-0.12735903686761704
56.874638112817138	1.7398646945928833	-0.67701583338130833
57.715829757207288	1.9621059015218583	-0.045559255923355919
57.033876018524268	-1.4578607705472708	-1.1325252673698765
56.778211734858587	1.2402603231291127	1.3266424408304478
57.392021491277298	-1.1023618775177104	-1.2793404382600675
57.254161129450416	0.77463895585125608	2.2033703724845188
56.53876856624391	-1.7055819821424361	-0.54525622401923834
56.356975894325771	-1.1557361365853356	1.2988304125693915
56.678436969546972	-1.6139689240871491	-1.9800533947171557
57.746622365537021	1.6029393267138112	-0.29074055314253083
56.322078952413328	2.0136335436342145	-0.43964842913879648
57.383474945611326	-1.8682709500265244	1.1142026915622405
56.256991008936893	0.56540204424041562	1.5675529956571699
55.880941542646887	2.1570445927056627	1.3518233298255624
56.061107050121791	1.3417577191001024	1.1119832863081835
56.276349010048342	1.7494130845000802	-1.1132486942396926
56.555928862085956	-1.2398385389379929	-0.87886589511073177
56.958180843636676	2.027103573237298	0.5925156673864761
57.381373373233636	0.68970163631074277	1.8055534948351255
56.932402832906206	-1.4856003442608252	0.88726267654091007
56.325025242068001	0.67731268224559316	1.6345082837164708
56.572250997244161	-0.90003125865700428	-1.3791956920935957
56.227366762238667	0.81159642564626377	1.6741532105577159
57.61508197275775	-1.128250679648217	1.9707839803252067
56.241865503536609	1.0086989743551775	1.70035858218198
56.802423255302742	1.3847800789912692	-1.3060703786268564
56.305746765017759	1.3630161908897178	1.2886494595642246
57.928413528163759	-1.5625309004647314	0.74237636647926408
56.694310820766439	-0.64854672969677918	2.0818846170159651
57.213930995970856	1.2766177122061393	1.5237915445503032
57.397799438374392	0.094150656082440484	-1.8571089042594904
57.765014462319293	-1.9987764191813087	1.47532628617871
56.016891905929171	-1.0509165330926291	-1.3549093818395659
57.476100402474721	0.19811668999150631	-1.6665034222974084
56.120236617542417	-0.36858567382516139	2.0054353876416742
57.340911047948168	1.3585715243204426	-1.3272357925401168
56.67311869970856	-1.2710758543250156	1.0676959362669829
57.252277549025493	2.3736889781681452	0.85603569936433255
57.255628611880084	1.9260719370983559	0.019508091948774679
56.641183434196755	-1.05875724700361	1.663503490081073
56.203120295430772	0.83993225374790159	1.2632459698125684
57.013725434158765	0.21817569109301993	-1.987573202015974
57.68440883122453	1.2387248876294279	1.4820416482539642
57.742330310016769	-1.058893603682115	1.4282767661249731
57.176167983480617	0.93493841909365072	1.6342637412261007
56.111200364307699	-1.8430547791456369	0.91501924706465565
57.461131350642987	0.29021667821556935	-2.4713286976702666
57.858641601565466	2.0747951462281722	0.81810210506688885
57.560771115165501	-2.2629711652958471	0.98606941443930907
57.384324070823659	2.2592761202397478	-0.22243237518932585
55.87817575887869	-2.1422763663826072	0.20253478806877812
57.737043304372413	-0.51547670581965177	2.2098232433472811
56.932290794559435	0.077457514081359841	-1.8478382144221241
56.460491484912389	-0.8261336894583089	1.5076371871629102
56.942563546119885	-0.0060067554313603961	1.7360579145665707
56.496693262321152	1.2527229824607795	1.4085474159217772
57.525988899966478	-1.7374847312639199	1.0901620416961679
57.11683587492265	1.9221332463980929	2.4043799250520093
56.370123350573365	0.29165074912305006	2.4593567519470652
57.40233980167509	0.17178410870601873	-1.7317985918992487
57.761540388089195	-1.8126463338593737	-1.2215115558720187
56.066420131047089	-2.0602501972854768	0.91217014876267566
57.19554296010611	2.0786670906323552	0.57080246404228741
57.683727815051483	1.0487869772154634	-1.492349290991251
57.562619382156555	-0.56012852662500801	1.7747777675730889
56.38696038853427	-0.48364405459323956	1.5354341384483916
57.069111581817893	0.64279338344023518	1.9431855455196321
57.553214731249405	1.6655228787241005	-1.2266283742654414
57.011632002555977	-0.060407672734532972	2.1814645455238959
56.632844324808957	-1.0940275129418404	1.5761825119125308
57.029748260613012	1.5582964867399403	0.68976010695154
56.295935110263763	1.0513054066045764	-1.6755716553318578
57.342998775891047	-1.2678286972946196	1.2772381479845061
56.962871614113723	2.0102875741246025	0.65350207601633481
57.350433113611089	0.24509732210350849	-2.1186690709951459
56.550618874065044	-0.098737890972681763	-1.7255502056998873
57.31010496619048	-1.5941428769687027	-0.56618572901898545
56.235513793953707	-0.75033573926238062	2.5112670515153903
56.525221235412097	1.8200768276223791	0.46768125018946094
57.14706895433077	1.5302140281656778	-1.5151117527284863
57.58237410551196	-1.5340714581970416	0.91179611602472466
57.861179757591607	0.1358626480960721	2.2179191965222627
55.958262082053821	1.419897310895857	-1.4542406590860089
56.685270738276373	2.2420624496933002	-0.30875144903625473
57.041588285274663	1.9171374187229295	-0.03419305149772859
57.64175917824565	-0.91586375908473494	-1.8264846067835658
57.112307242214172	-1.3804986784685849	1.2658595340623242
56.396665590744774	-1.984317557672411	0.080789464749604578
56.559987870898972	-1.0939436725750815	1.0718047950333325
56.865908951619481	0.78276217760095879	1.5417262646350294
56.591323145609117	1.9765528218565214	-0.89705179189947604
56.302307835004832	0.023038516691902489	1.4294975056530583
57.43999166602628	2.4110189969352698	-0.47988638373818748
56.18262567190888	-1.1230862748193784	-1.9274595777347807
57.34070856934504	0.36755454595467807	2.1889837918624573
57.423083758071975	0.4757190236222249	-1.1299407293756891
57.537729929866181	0.5031611697133781	1.8568873751248194
56.373748896479349	-1.7081621831350815	1.3554280432544363
57.180648418322619	-0.81327065470776183	-1.5942858651069878
56.133203567780413	2.0107536532340626	0.79884120841224127
57.156244677701999	-0.59305268912338061	1.8509142769065503
57.193223113963839	-0.91288791667958791	1.6557228062384235
57.617907561598564	0.56094989472099532	-1.8057966560828789
57.401990919728483	1.6230702629620204	1.3608033047170895
56.188145026387488	-1.9246499780934132	0.029850655729962688
57.563542247538308	1.3786548183705223	0.68332078777078953
56.51495737511577	-1.8094448779617234	-0.12021812713734124
57.634527043780025	-1.6046896569942475	0.38847196791284422
57.781482057867571	-1.2112188134661117	-1.4889065837023305
57.07753298995955	-1.1184505051147293	-1.7521694524778775
56.004203983828113	-0.30210801379232866	-1.4529010164851837
55.724959506804502	-1.7939802804086535	0.79282249035192953
56.587521476360635	0.90276887121521443	1.657109374206744
56.93986388657629	2.0293765415530904	0.70635099197331197
56.307912354487947	1.3428307287877046	1.7413623901490867
57.066950354694335	0.8819840210825336	1.4358978937291265
57.332650088954971	-1.9893723403586379	-0.6213255084373297
57.79640447217578	-2.0069465516509699	0.38930580739616333
56.352854047770109	2.1673333439891844	0.25544132062864933
57.117876527776886	1.9618710921060611	-0.33952762051209473
57.245939506143927	-1.2518441560618927	1.7165776545625018
56.35404036871855	-1.2168113458926668	1.3129226162594141
56.531294207531914	-0.90402676218932398	1.7416909639306739
56.270476530671246	1.117714032321939	0.28367857449506206
57.121213205094236	0.60306440493384228	-2.3292978658186114
57.803834185137681	1.8057774758332992	-0.9481671278885726
56.719556877945131	1.1372598687179094	0.12131829114190762
56.777885816527963	1.3598781823237294	1.4022550031385901
56.675823948626253	1.7829939009115128	0.28408941701792506
57.79926752324679	0.29811775116093858	-1.7446440120449642
57.82655667416001	-0.98498989931283865	1.1869581743882585
57.206646678744228	-1.8470916189181488	-0.076549203700221349
56.261883695464931	-1.6193157457407217	-1.5911939657916057
56.688949473386707	-1.1426133755175545	0.75209813913332946
56.476832599820135	0.10472494570701976	1.9553340819719371
57.78615262605566	1.0217257827936155	-1.8467487615254434
55.959642708317482	-1.0952756167843765	1.6074880901429309
57.560563462215462	1.8519533616573265	-1.2603883450191198
56.139356850621624	-0.15745119180709918	2.1070210088348413
56.935903136961961	-1.6040736886758422	-1.1712243002871403
57.740238444047165	0.78753390379798938	1.4681298624900241
57.432015802920091	-1.3296902849818386	-1.9142699769795981
57.298930109814968	-1.0340734782672403	1.6427173872851566
57.012836266888691	1.4920617773036524	1.4208755441903584
57.373008816275942	-1.8854173715872791	-0.31009235533863488
56.673708822640258	-0.02607568248529336	-1.7787930192991213
56.432094501844972	-2.0165758791143209	0.74763353683502676
56.102939421683381	0.66112164146747887	-2.1689880887267079
57.452360646550346	-0.47476286921574312	1.2699495525573348
56.091805699473881	-0.52383320061068106	-2.0885560977245086
56.634478373060475	-1.9738652213251475	0.56680703406089372
56.159399077289692	-1.2564628685021875	0.95408270356021863
55.981017182616469	-1.3840602359763008	0.90762977854599047
57.561206307706669	2.070661273476206	0.46509995086035932
57.643850725815881	2.0339763936403354	0.42989260029347531
56.837268717800782	2.0111074910024227	0.65324045232297701
55.978575705965802	-0.45081449903210052	-2.3317086842226056
56.456055644742953	0.32225415142286429	-2.3122964634624563
57.20651277247817	-1.8708358673766945	-0.19924019027849768
57.504585543681621	-1.5796869396802735	-0.65922931813449437
56.982892903088789	1.8671486652727241	0.46319366912793486
57.119629528642527	0.74781994971871946	1.7746269811370237
56.286224946077617	-0.72294574683642798	1.9397953295526154
57.265762439227913	-2.0244219718184926	0.39963944334391471
57.448054318541658	-0.17438813334812148	-2.3578501392457873
57.63919403667888	-0.79963426313273456	2.0030476901843426
56.862718074837751	0.94201695288660292	1.7875407119267557
57.44502680737164	-2.2663794029445019	0.31403915707362962
56.231323638746922	-2.1526070265061659	-0.43388892341396351
57.566390213265834	1.0319805677609317	1.9781764758302389
57.837661490589241	-1.5330275058163911	1.2487185248184662
57.023708014421452	-0.94326560517320268	-1.9524231218424823
56.609480616552119	2.2574612716015428	-0.019326087170768346
57.300853143657974	1.0969501309043603	-1.8347712489522094
56.05239875894511	0.03908903611709709	-2.2634914136412823
56.405397755735571	0.3313540956446136	-1.8980712049466233
57.849849426435746	-1.656706261794928	1.6618551757956079
56.035366808255475	0.32223239652480951	-1.9409315204681319
57.275398023838903	-0.76391512895544378	1.853719321697413
56.403673486727861	-1.2769527476181313	2.053614221622083
56.985824247702006	2.1622733081205259	1.2208986237220332
55.939646780331678	-0.92958011928307049	1.3956742748493303
57.126620435098019	-1.8922735130225297	0.51721922066442605
57.556214804634109	-0.68112445579359515	1.7042942651089985
56.4329369370557	0.51246747489453615	2.0324571053996023
56.221583775632737	-0.11487455245696772	-2.6601529652731775
56.817540799639055	0.37701415269902239	1.7202757706235896
57.131313633150697	-0.64256230200352671	-1.7517253269086162
57.619054054782367	0.79754302837606883	1.8579642592976779
56.516554158440982	0.039238816849234408	1.8748864857946921
55.950224238102329	0.71419621961095614	-2.0164939808202362
56.400872263862546	0.87660130111729551	-0.87895716680512692
57.619086451848815	-1.0744134110637049	1.7694642573389829
57.6685272867756	1.5016654516739862	-1.647991516060977
56.324256238331202	1.2008918111193596	-1.6380637772125868
56.785344885435272	-1.8757221502760582	-0.7478043214272232
56.40957130767854	-1.8084549845637135	-1.1707956351778215
57.366895410479842	0.38761273253292844	-1.9997479748134279
56.904641479577776	-1.4460431868760502	1.3184351388978848
57.652869683233895	2.1974886828425735	0.26512460482104883
57.115462430760111	-1.9433838938625476	-0.78611104595127546
56.309003264655821	2.0098137856399512	0.81796282704602363
57.182734678061301	2.1766949069954094	-0.14029653309768766
56.213648307075175	1.8480448417070698	-1.0655484455014532
56.923257903740947	-2.1405662399290697	0.25111538193043137
57.831026313619866	1.3209101107608701	1.510482702382195
57.297288554306078	1.9145726578243691	-0.44010773168453399
56.803021153907899	0.98310687898877869	1.5836287750729869
57.230492940186522	-1.7451738038075939	0.81641651183352137
55.984848037599285	1.915522857609846	-0.44978284664494478
57.838396531560889	1.7101938821913889	1.7198680098687902
57.147430554373379	-2.3707250705652463	0.32571970977306192
57.197491238680094	0.77833681015605272	0.96544970710716016
57.70249892935432	-1.8590567852026232	-0.23010208537768839
56.213539076402519	1.0061245556248668	1.6238991049118199
56.783832116206597	1.6225612130320397	-1.1500448213715375
56.189909935836631	-0.48366311380666599	2.0070036272320855
57.488006235807688	0.41303662080636588	-2.0606570606000596
56.126324563967117	1.2979251932080123	2.0086569344929073
57.940726845997872	2.1819436637258871	0.46087020460047623
56.01488274901206	-2.1309995136694444	-0.87163755484199201
56.048823206322453	-1.9902598317158764	0.5266103583335241
57.405254893101677	-1.9157030483710313	-0.25010663177796355
56.723875681205456	2.1406078123599239	-0.50010929433077178
56.418921307379016	-0.35766953212608132	-1.7730605717921661
57.39715618870008	-2.0819316205864919	-0.58084437411936207
57.50834401262194	-1.543449912328436	-1.8974928896153032
57.271561803992149	-3.3165909197826737	3.1027703089950176
56.045275175255206	-0.48146029549784952	-1.8393450544570755
56.558211328625362	-1.7888460050155	-0.048193989161875325
56.347529031870714	-1.4407495546391416	1.6276082815865298
56.308939234775778	-1.4354998110232482	1.4160135608174125
56.158815350222042	1.4608257749505229	-0.81728589987981393
57.484051533264775	-1.4586150005804501	1.171043706894469
56.078233668364497	-1.1278642762081816	-1.7110809401126084
56.454259795004248	1.3407308887845011	-1.6888771572976133
56.324416542582313	2.4138490735540215	-0.34465829118728086
56.384505746550559	2.2161429312747503	-1.5208688676438848
56.492909819938404	-1.5781440438194509	1.470396836332208
57.816103335941335	0.20694743909921448	2.1944499186560686
56.119967650514859	-1.8264206021482008	1.1261599098649573
57.453016572838777	-1.7606799340792634	-0.31107888170750092
56.146361033104533	0.62011924319638467	2.1345141002214731
57.818993057617909	2.4843018569343873	0.89037588765803777
56.091338663504693	0.82093707602917776	0.04450218548713137
56.908403019176419	0.12704869271580219	-1.8933401829860761
55.79755531968528	-1.5314081615836102	0.98395012174361152
56.381692617007232	-1.0609164193152043	2.2122218554461299
55.941063629777631	2.0531154666652482	-0.67361612165995455
56.108762239736485	2.1987462641077435	0.067466987257027114
57.49123961344506	-2.2303197887065274	-0.076207506249741694
56.651694356109608	-1.9618007397509614	-0.6593678081512595
56.312774125983672	0.53278336791731673	1.8523467396642226
56.688876787079771	0.41141884344617008	-2.2071697986682333
57.602218070936352	0.49973495458182615	-1.7613302045203423
57.652092298810103	-0.047929655457668148	3.182657570777673
56.460166098464072	0.20622722842237493	2.0764037777979993
57.554480267579237	2.0102193869854204	-0.45584666330857398
57.114460728813626	-1.7494198976357358	-0.69126513251927346
56.482534800399058	0.48097525871232016	-2.3955588507426708
57.294449132629452	0.62636890193541495	1.8717014549548554
57.077727388366	0.17437406624862811	1.8353504115730546
57.655164462681441	-0.24904865034245557	2.0016028703349344
56.769108673049175	1.5379152130531315	-1.320758055182393
56.912871340350165	1.7947116694848595	0.50987428769535603
57.770412292621025	-1.0188302476768594	-1.9922650953522576
56.542530332871898	-0.22118726633995195	1.8664466376561866
56.27256397199092	-1.0995751015388255	-1.6690405447454639
57.201081238684523	2.3381896657177696	-0.5270602286197148
55.922721129736466	0.13666037726262129	-1.7977441697392611
57.245402112553236	-0.6671342361601712	-2.0455070552427341
56.675377714925816	-0.40812630209615408	1.7633424272692078
56.8773413889107	-1.0313275652943554	-1.7303584326036165
56.783201067564093	-2.1103873161436	-0.65486966614227649
57.045254024929214	-1.9374406409273648	0.83628131986821008
56.405232494200568	1.4171224582521744	1.528066270741995
56.82987647384202	1.6284036111523936	0.92435513298899918
57.675814466018736	2.3739046610344405	-0.51228889297458968
56.490459631201766	1.5158150056133588	1.8918441510818846
57.417983024273255	-0.14235119726875353	1.7943507725102361
56.529772828842873	2.1255418591830733	0.48614794949176315
57.610876924864556	1.6593791690031243	-2.0590860928326786
57.785541226107199	-1.2611476716454735	-1.4984097579895648
56.550870432385665	0.69389260393674623	1.4550319671101357
57.644498247115912	0.44643059992785983	-2.0124357965904043
57.653985715873375	1.3026578052198325	1.188117221676493
57.474446581967477	-1.1911834455493664	1.6710613906343865
56.288687627470175	-1.4942632988579962	-1.249376951031238
56.941250993118942	2.4919775605514696	1.3756346310049208
56.768876206615445	2.3398458553589609	-0.13239631100288277
57.620173731268451	-1.4748802829819894	1.1750891804130101
56.813381121174054	-1.6483945704309717	-0.53341775351413701
56.821212956285514	-1.6460204985076243	0.7977421366409515
57.454059269066121	1.9861140919667157	-0.62482424136893933
56.987639640151649	1.8617804370826048	-0.59876287099730963
57.416710885115286	1.8994432794075591	0.13392448479302441
57.488695971580981	1.5806389647389723	1.0493812701799041
57.361013446184622	-1.5250625075843709	-0.81868924226931683
56.978035765439294	-1.068668561684927	1.60116516979836
56.312087886729486	0.76964724674494511	1.651737708140657
57.764138783103576	-0.50817671878491533	-1.2533694932115624
56.999742993780636	-1.3152385554032606	-1.1932710419089985
57.531480725114008	-1.6985293508996497	-0.52225350688047123
56.542564673327547	0.50829233718897759	2.5558064961211029
56.522182156771265	1.0795938347532064	-1.613200431719745
57.303345914018017	-1.0099737206366595	-2.2624775654406037
57.491304896115437	0.40019759318200743	1.5266589004840538
57.894640399315946	1.8326808008225806	0.042627927553443461
56.683316003150082	1.3612302300395716	-1.6738121858273345
56.353001804010383	1.4295352730966915	-0.67870824207847857
57.016246359139551	-0.51738035589563625	-1.2664824439685902
56.652746399601973	0.24233394464036584	-2.1015304944474069
56.76063380467793	0.34049365302456952	-1.8520199191476574
56.678734770341229	-2.1431989809916976	0.77514767868131351
56.772058333142049	-0.74460532116509803	-1.9538685462438679
56.33121348439834	-1.1353727168861774	-2.1818806220226468
56.084575838238521	1.6810418274678103	-0.70038146450378547
57.630555982774574	-0.56091966463263221	-1.6771518768471008
56.312459921905834	-0.17296462491947315	2.0007552494044436
57.748683299473882	1.1051846802745069	1.7219431556309615
56.116272847141381	-0.63034583132109345	2.1796982852765026
56.310146201415371	1.3747035721688121	1.8838583552969175
57.661487824965512	1.0626777132736773	1.8149168044968162
57.775554269637219	-1.2603709055831065	1.7547423922886773
57.109689450563032	1.918867168368666	-0.50350418295012878
57.53232891113452	-1.4615194378104539	1.239866446684128
57.57902192784055	2.1304497729702039	-0.61748614492498244
56.496366144224808	-0.19540886209222069	-1.8885404810819719
56.611900167042755	2.1542530768376973	0.15758021291763719
56.255742969867192	-1.7983042834530958	-0.98322007792786159
57.625197368069912	-2.0629380984685395	0.46985542002101804
57.59489641496733	1.1001363117786072	-1.2854762428521134
56.526340829516947	-1.5173655652873248	-1.7307023784008324
57.487175572658913	0.38659561179723684	-2.1980191427611846
57.730740418652047	1.3607020665901133	-1.0104066077123166
55.989100973312425	1.4970650585579892	1.3198917065216769
56.203666744380122	-0.87055280920404243	-1.9210666298606436
56.435619002586925	0.35537533089214296	-2.0970850963653582
57.081054366938552	0.26017109760745655	-1.8821870831619785
56.381368650308218	1.9267707746608751	0.19928670075625665
57.738356302293447	-0.62715055183466728	-1.8772852953195283
57.014537217835603	0.78376017057065861	-2.2477681485619589
56.075549694605911	1.0991361901549304	-0.87628576621190746
57.187213335985895	0.1503728417783117	-1.7999438421080807
56.580411279551534	-0.17594756137550444	1.9607164306598064
56.433580514052387	-2.0937594547171998	0.20757902706097964
57.086905686471397	0.47132005414295652	1.8964917174033569
57.040794586729675	-1.2405705049628666	1.6594010739660887
57.447387360116167	-0.52952616334136582	-1.7347373479655082
57.925030220964302	1.8837756476374103	-0.8864634132185768
57.465960782461764	1.8936211999554446	-0.7975658739590431
56.620130758717046	-2.2836749978689621	-1.2597398992557658
57.372180991122733	0.065503430498717499	2.1044244756112267
56.999374503283519	1.1020175416212508	-1.8643567394503675
56.349630571539024	1.7670998994095939	-0.84774446204176912
56.614561318009621	-2.0433706592744247	-0.86534779357862679
55.988199336351997	0.67670585748261658	-1.8152992015184855
56.404342719722756	-0.47742897820845975	-1.5867999327042257
55.932490168808094	-2.1208282234975964	0.65361223566082205
57.447313282836504	2.0525409876137792	0.70537442085866542
57.232105874601835	1.8736437445752157	0.70897063228905055
56.903938105915927	-1.6099811392401924	0.25351000415835745
56.77825372894511	0.62786696398819086	1.4796817288026991
55.957954808349839	-0.23110825221482684	-1.5907496446957874
56.905043508289069	0.92525455891134512	-1.805380759440792
56.408383627286582	0.10955754150906737	1.8390635309016552
57.38934046286731	1.6851826162420183	0.98715180508580957
56.877227576420928	-1.8952659836795664	0.15882928668401503
57.76617171875025	-1.9664608119219193	0.12362304240138886
56.913074438006056	-1.9465813326799417	0.089137508162867196
57.112938572424206	0.015914624061544057	-1.1593107454763716
56.877668850651872	-1.4013141723454285	1.2124909964562292
56.321465059205011	-1.1416857161218248	1.4817048868346647
57.00740915412139	1.9759001204441116	-0.28484935016068552
56.785650606416588	0.66301729379107321	2.0487114977944971
56.501999592619001	2.0260434097674587	-0.57626630085193853
56.733019522350567	-1.9016640926601209	1.1606798724858587
57.614238520474949	-1.9682904520400557	-0.50064056916619903
57.040947394303373	-1.6021406959499427	1.5720110626259132
56.107403433156527	0.65288097774900611	-1.8978191883561284
56.349648833972516	2.4490956511733724	-0.14798744307738387
57.102572474147919	-1.5722487816740542	0.78663214172742291
56.347360534964615	-1.5127756592918757	-0.98345517640504554
56.776268993884401	1.2049821135609622	-1.4414207624474351
57.002560727630225	-0.40105618024263129	-1.121922783238583
56.554930752723898	-2.0523412236274372	1.5456663056658779
57.566157841100697	-1.2051795474268614	-1.3378066743179788
57.29997472565865	-0.60180106991751137	1.4332753413733585
56.612586384281506	1.6740747611319085	0.10796691498602831
56.536536046878396	-1.391353698749104	-0.96260081611551762
56.2268768713502	-1.4152329504421668	-1.2598764514502818
56.358855390152641	1.9280526808727252	1.4348348581467323
56.40252112703493	-1.6892155621010632	-0.87620805390482237
57.020700978006168	-1.218663535967043	-0.035368369501685475
56.830640178466837	1.8757769321663913	0.33937171422637941
56.689593079312431	0.42779271676194058	-2.3215531788809218
57.708926138409424	-1.8675372353099893	-0.74549806869400315
56.161442166245656	1.8478145063387252	-0.8211565846077451
57.438148609645687	-1.6369533457058338	-0.13566516659222763
56.912216039428586	-0.3571175311995326	-1.6260440958570466
56.128686244836473	-1.8607835378976223	1.405660991423342
56.783870498463038	1.9325027318238905	-0.75213523204603216
56.750539068760432	-1.4932888600648844	-1.0293349927116882
57.417118014793175	0.95789951561271713	1.9050797150652028
57.609465389825118	0.87589085682668111	-1.4969631270912849
57.813136599792358	0.6669836350167142	-1.8468804450388048
56.350235017189988	-1.7938161613697285	1.08045528318946
56.239666006153577	-1.1684572102328907	-1.2818971010729576
57.689417217158301	-0.61237632366791894	-1.9477749611346329
56.916010468276752	2.0320175255991035	0.86879936438497884
57.74929980231488	0.32691361189204715	-2.0438100149116845
57.416417154543282	1.2851012195144369	1.7775298092135381
56.749136340799453	-1.7668996538568595	0.63810232398816347
56.717119671778185	1.0648415477201021	1.7041849052931937
57.204345249420953	-1.6942391061802524	-1.3451480785165664
57.1306717033967	-1.98695742444515	-1.2059660368204164
56.837407840977818	-0.58391398434795094	-2.0949233728440793
56.575209668390002	-1.9224974443698242	-0.42486316044145112
56.594934647642624	-0.66797998959841898	-1.8557007570330477
56.911172798825753	-0.23421646494146439	-1.9253431189552248
56.701854664808415	-1.7275472754490422	1.2629088756290539
57.13756239012325	0.055915989670484029	1.9744931384702997
57.749449922734875	1.5721305685703466	-1.1745114182297736
57.065486177183402	0.19845572382353455	-1.6318318439687114
57.542019563707825	1.1136916243087491	1.227916845845473
56.082018048522762	0.99450091806376328	-1.3040458346539319
56.194268045239227	1.6378870412810784	1.1042582215641417
56.72526370413658	-2.239518461951437	0.12099577625164981
56.562421483975413	2.0067921583265242	-0.83394203457898697
57.437577206934776	-2.852725459767913	1.1728560178470178
57.956161069952451	-1.3259576954341339	1.4630212846130726
56.576022311011329	2.398132851638052	-1.8470337116054756
55.987871158308039	-1.1021498617438485	1.7427806288851537
57.570546355286382	-1.2700879460997536	1.4485840648393584
56.375218138950885	-1.8011790680361437	1.3076138126813022
57.564894206162478	1.4136092901916777	1.3846971935319907
57.222784139092632	-0.74493131197484108	1.8522876697425312
56.954853618817431	1.1976913691802913	1.671460437647065
56.55184996392488	0.6020994800940046	-1.9161108242037959
56.442008361928615	-1.7790631812935174	-1.5007379477880654
57.629014546483113	0.25302101589851161	-1.9243504785219767
56.537214603051225	-0.88287212362843803	-1.7614830555362677
57.053897888525107	-1.69245967396546	0.82101187277764942
56.183346228953582	0.43591468290855101	2.0277780331906392
57.851467375762077	-0.37249977170296	2.1836516419420842
57.600679571597595	-0.43921354717760741	2.1383338617892425
56.56464926753408	1.1620332751483855	1.1246282495435984
56.605826106125207	0.61178110424682153	1.1402275639880077
57.165880153747715	1.8951413296467816	1.3535388000339055
56.295984284719538	0.72640042241122982	-2.0214759039978079
57.795233316613327	-1.9275032692476919	0.50130046839715925
56.403506832020774	1.2402726345300499	-1.5631438070633872
56.950580704122132	0.65673938763717377	-1.8118564378055697
56.933199744157143	0.84542258368373979	1.6438538278261661
55.937765955095152	1.2979870398548052	-0.57531832853099407
56.880970105171784	1.2415080021331104	-1.605605389579345
57.599730890933834	-0.68342031902539535	-2.1191535649787214
56.92679859311238	1.6928779467628512	-0.75009596627489827
56.156689745443309	1.5226006991999017	-0.59584137859134179
56.113806203696662	-1.9114053894168406	0.84940209469555383
56.73516835298787	-1.3112745240536707	1.2272679038507286
56.74797438270695	1.5388615140482771	-0.13191967682293673
57.415166555363562	1.717180747149591	-1.5345909225601133
56.143811855909817	-1.0338274896829698	-1.5864714244113649
56.092171440889992	1.4451504793404952	-1.1201145209813244
56.955529461965796	1.2165310273417258	0.88099679663003416
57.426705782859344	-2.2075634170303529	0.37518193267473521
56.107460212679406	1.6891606208603136	-0.086733713724176445
57.388908861167664	-1.6673614828634309	1.1059442453354489
56.411663204355122	-2.046718934482378	0.22397531387399161
56.097626446789711	0.23430454242674625	-2.2812889733521367
56.606625960339009	2.3873000743514918	0.96669910942709425
56.56457150602327	1.2060638177026388	1.3716092415168357
57.765900626252801	-0.74341339990974653	1.9411619535492799
56.313808031886232	1.5971536134840385	0.096111163445418035
55.928692279075669	0.31982247186298496	2.0128043062108287
56.345856612628793	1.233306281073876	1.7771638197125663
56.248354865227405	1.0421236152196278	2.3104627804660063
57.13807930961454	-0.71191994436644923	-1.2162580318433684
57.346244391985536	-2.115217881409992	0.15799799367075662
57.414996825467874	-0.21145987729310212	-2.2098004284194599
56.757914020886638	-1.3266656887754917	1.4318549501525106
56.625371659636443	-3.233006317301077	0.28246225217925991
56.125617604070484	-0.34383855187159501	-2.1936022148784629
57.364251806531463	2.179513086502856	0.4906066834610413
56.685758112398467	2.3033818942496174	0.47976344085658451
57.50315624746402	-0.36608604725083488	1.7317819830564385
56.945221714949646	-1.6437713677715791	-0.82663237808977907
57.006980711748845	-0.10165891684870536	2.1629227467045125
56.938845832652305	0.4054663330899374	-1.9432546852623878
56.119058135487414	-1.5763329557858083	-1.4607143705405459
56.245374935858727	0.92496922973848072	1.7536397470263683
56.250591692443983	-2.0568681585375233	1.4465304987741077
57.622521901481804	-1.2729506714274685	-1.5847813445209522
56.712712889761235	0.87508998810808114	1.317665444502726
57.419473879063482	1.362152052443524	1.4198977934264212
56.646498712479257	0.90362762104992	2.0392370688815782
56.904192631197866	0.29107353776109818	-1.6009711346109223
56.27561981443769	-0.0026587876115037336	1.6679141027945992
57.598602994565631	-1.1170222327110773	1.9221935602543818
57.495679246714268	0.11522542821536806	-2.2353784992906194
56.238078988648461	0.68641321500958141	-1.5566297595926435
57.295326705420472	1.9536855506446269	0.43964858735143919
56.563780339197493	-0.09583997546665711	1.7165126110572753
57.095390729083228	0.75605767595105788	-1.9054586309720651
56.076980747753282	-1.2025537240849864	1.3269554749981827
56.432506503720191	-1.4767021780586844	-1.6262617242302742
57.197219142950019	-1.8181184823980037	1.334680675857167
57.102788078572516	-1.9357369161951654	-0.46324379165991447
56.461734093049714	1.42564839141474	-1.5531434626374783
55.997383763253055	-0.29635831012842295	-1.9335491784759875
56.518348417608308	-1.0838314103484499	-1.7218634996988111
57.391981772993063	0.25072418487418863	1.7671055238326991
56.141757612373702	-2.5361361959897728	0.35450162980705507
57.407624632930229	-0.25894541856962572	-2.0349862369769762
56.084913176555254	1.5136570638883311	1.6332631699410143
56.457654846294581	-0.028548633685178276	-1.9831232461390536
57.173059270096729	-2.2690707096487186	-0.37101042847660232
56.802063880720311	-1.3362720123882776	-1.5014259868656488
57.053872842852144	1.4958201972775762	1.2805295991149528
56.462855046168485	1.2076864980388049	1.4572596842449717
56.738675611241938	0.035091026293595708	2.0117875912154126
56.891701960540232	0.84101825992193791	1.5799515350551401
56.50371581781755	-0.37095781766680841	-1.6320113484669645
56.211747101195634	-1.3995165589791612	-0.87952226884133944
57.343951318969403	-1.0978274766788094	-1.0141587230660847
57.17411492449051	2.2107131314507793	-0.86791121286603212
57.445014677279516	1.3493769922937968	-0.42827286981727769
56.626594111720415	-2.0785568356390223	-1.4104587129304376
57.697873861764684	-0.7374927246118016	-1.9783696347524324
57.025939572756627	1.7111674287350163	-0.44001372155131419
56.463163795081861	-1.5205109667390386	-0.98345410161559965
57.563374726661763	1.351793734085492	1.289952006349079
57.226933294082386	1.7311303645978904	0.2914792171221523
56.45603945448601	0.36018115761225311	1.8873733259991268
57.841185094793779	-1.6874929567621457	0.83126510778451546
56.813569457725194	-0.41916563247629118	-1.8366066077518322
57.571274647620186	-1.9613774930079624	-0.5286317036909981
56.41502302038451	1.4735664348648345	-1.1300137786581919
56.268036492628887	-1.3081390991465283	-1.5219645481300494
57.82712615646448	-1.6986827809273266	-0.60664403312160053
56.019089020022548	-0.49414609922242603	-2.2938325637320074
57.526737680827232	-0.14278335597899189	-1.8536684735812754
57.092832548261704	1.2742131369376974	-1.9215934639761223
57.648352745950504	1.5680498691412486	-0.047322634019156477
56.59757073632035	0.83996455557937699	1.8776141454909112
57.706632516313768	-1.5603789578472482	0.28921985511717763
57.053125150957051	-1.0467076723316489	1.6703722245795347
56.54337318404145	1.8047594065028316	0.20000097982867956
57.283564296059801	-0.33422649174431368	1.8982984323256382
56.394145952984722	-0.0067367712582688775	1.9042595062084893
55.960443236613848	-0.6320934500798181	-1.6398524686415288
55.779243591394668	0.58880207596380718	2.2350241696426751
57.370377835651581	0.96117231266996583	-1.5289357310594593
57.694294065528652	-2.3548844102932436	0.14719857695187727
57.229098911264423	0.19478595700408322	1.1659818057822926
56.895692893659579	-0.37739496724476795	-1.6246466713365375
56.467181068527978	-2.0328561475046794	0.38300021593482109
57.592067532651605	2.1266440474279822	-0.97212833498023432
56.599201823921028	-0.049418855355518251	-2.044572726176844
56.689583817564959	0.92371673240874819	1.4969026232117963
57.137140882772833	0.90944939136102732	1.6372679739355251
57.261745050284524	-0.27226819842268496	-1.8103554872479994
57.531263051472294	-0.76615719382258873	-2.0766288297191275
56.758634855895693	-1.8792015603087386	0.41640735177020827
57.196962893034595	-0.9371208107241662	-2.1280344863398364
57.023914148355637	-0.18800231755636887	2.01384058218308
57.558326728913364	1.5314276395903668	-1.2592292698390801
56.126372525503932	1.7406925447507744	0.060739890141502557
57.171394707881312	-1.995381452429019	-0.59001530462543961
56.132375896974743	-2.2136299866054467	-0.99856057356111649
57.377956420783796	1.2380390518501354	-1.1803123427458033
57.821516836869684	1.7294078147767531	1.0181485849999081
56.837388487668882	-1.7932447683508517	1.2828865567589234
56.754079618002905	-2.0053065508864134	-0.17482080274054165
57.22971754303925	2.3918743153440953	0.049948423595384796
57.073251422810287	1.6925770032859293	-0.18647259237253833
57.594283194627359	1.0207473998341716	1.9556868865799155
57.773756194005486	-0.44343725689925495	2.4397397577662163
56.881556036185323	-0.44933602472325118	-2.2440789072048002
57.594126311287866	-1.9983471585916714	-1.2783939178632404
57.314507862212274	1.2562919026418438	-0.19211836926906334
56.485725888303854	-0.49396381753648694	1.8305219214351363
56.855277859853686	-1.5385796148909214	1.4656027766132729
56.386574146808286	1.5289427708697227	1.2544285985224959
56.196502794210886	1.3845896607164569	-0.94376207477433371
56.033324561821324	0.83034970162623567	-1.7319419589346237
57.502057728063861	-1.493192555921891	-0.63649061018160746
56.941223802854324	-0.2780710528803228	2.3666410536288551
56.012180430970716	1.998700361501685	0.45769465274409232
57.555646233557624	-2.2659348445104506	-0.22209741791252971
57.426922434148111	-1.6156217284172731	-1.1577243245071602
56.903912893743119	1.4843690263709652	-1.2801453124212527
57.817264433698959	-0.18636965347092718	1.7335479635178892
56.157892203600767	-1.9441976955793094	1.2077618812736919
56.816998575959978	1.748657384331942	0.52884969414752625
56.901787517372597	-1.3757958690363388	1.1719393843523955
56.781506232021016	-1.7660602990888734	0.972015716995143
57.451963934538661	1.9027179004341603	0.23905832159377682
56.005470446053131	-0.04318862970605105	2.7328338569783406
57.021901259080764	-1.6000395055182266	0.86615922221018793
56.928593760541666	-0.22587987731840323	-1.580142747576319
57.021090501059021	0.24374803829874003	1.7700102872260617
57.351332492621879	-1.0423341056313065	-1.767741128141928
56.625773641817915	0.34541528477732647	2.0419222141375966
57.192481722504141	1.4132303272831088	-1.1770731714914044
56.453036410977795	-1.312136044056643	0.65473854975327539
56.524606805465659	-0.99781541171430221	1.9130411388199666
56.868595243945158	2.2165485453814182	-0.076225454725598968
56.39114383034785	1.1631697705997739	1.6058885318667477
56.091829401544686	0.36336311111196107	-1.3201046765333484
57.611853213817852	-1.7905647609917976	-2.9828989609724035
56.408905423839563	-0.15973307706121123	1.9270567412189501
57.928767347334308	0.69442103954565793	1.9226217264581895
57.333928682261153	0.41204329694941494	-2.1773992655626193
56.674474292037772	-2.0014447408838416	0.63810843196481004
56.067776657375532	-1.6502855504900682	-0.63961644652888194
56.212051865321378	0.54234080187001155	2.2161984334273894
55.90679174571963	-0.47342683760600063	-1.8325487291512998
56.920088845715348	-1.271121317030909	0.7875158487755487
56.702555529201014	-1.8105670157905212	1.2244293124477676
57.671084483733964	-0.15798138510707035	2.040374996069219
57.127057989245266	-0.17559181576805244	-2.3925996643159788
56.78103577128897	-1.8668166367005821	-1.2701474044816661
57.481044766539888	1.3377515020292221	-1.5239028945737749
56.817908177431818	1.2801284642569801	-1.8494665886955093
56.319134633175338	0.16280994704552038	2.2181923153752532
57.342714779782106	-1.7599398864197604	1.261230896241196
57.858364731030115	-1.1709307949234262	1.3882100522442975
57.424224857769026	1.6767544375969139	-1.13077350165784
56.317563063966674	0.67044083987688508	-2.1848379002976781
56.451059917863361	-1.1534858229612066	-2.0773090207694698
56.719721926879238	1.964787439471525	1.2603880311364055
56.594809510482868	1.0923094211498952	-1.4815886580350521
57.99616267226817	-0.23220051404396511	2.1531215198535989
56.250369969274679	2.4075543620052304	-1.2699039174643254
56.983945306081239	1.9109636094451254	-0.42572370818364486
57.544764840970281	-0.4010440003090826	1.8854558618918345
56.978503546732298	-1.4640274655332735	1.373599751849915
57.459844972820065	-0.86889138984098802	-1.4991299360203347
56.651367666710726	-2.0106923491170012	0.062962042368270341
56.911133128739351	0.19509524303546963	-1.5198939461073697
56.983607052978691	1.6999226642641878	-0.92570863615790877
57.575814909669909	-0.44276554094668241	-1.5666025702697879
57.37430549958723	1.9548033039776993	-0.88586120797067214
57.166039563558371	1.6090012974817889	-1.0806501497495868
56.082864285885684	1.6638701306912631	0.74186009274740095
56.843150262936263	0.06440567509600327	-1.995356820188283
57.619476795225651	-0.85287506890315967	1.6519767557642586
56.670208792345754	1.522261096905736	-0.627216563421651
57.546990511697267	-1.8103170961270818	-0.71204758924020106
57.361514483664784	-1.5471950448605221	-1.2254053837996555
56.371093615584265	-1.8868389219780197	0.34441404443607676
56.064543231484045	-0.4538472117411721	-1.8969193179621144
56.597082286569275	-1.3919627798571148	-1.105887952619456
57.005623917127934	-0.058382381777876025	-1.8795211170509476
57.473843339989017	1.6509711872606403	0.71257760821119942
57.29550048497314	1.1504591598395391	-1.4291223497912298
56.943143912918224	-1.9586356024061669	0.52106612248396367
57.496788688869955	-2.0002006779183645	-0.25106307961741736
56.535450669769794	-1.476139881543985	-1.291033473483685
57.643574772594256	-1.8058826310800717	-0.92339997478809843
57.677970548840655	0.66716194780423432	-1.3370218971666694
56.480268159226213	0.96101240421308931	1.6404163043565185
57.05599750540172	-0.59055599321223107	2.1752410791333938
57.271454482783369	-2.2974360152981275	-0.44762745021058242
57.356923459921198	-1.6129023175556909	-1.0257784254590705
56.20258391020046	-1.3351835556864002	1.5983825684686241
57.92174862580233	-0.58063288637224186	1.8641792787208191
56.41858534961986	-1.516915078675253	-0.83647005205681602
57.248087403494573	1.5555824278006598	-0.71235001768309358
56.530491996162944	-0.60904100667462824	2.0418626328255813
56.23590818244238	0.83119336842505265	1.796857372113821
56.053509911517295	2.1846236232726524	-0.25531245263886382
56.398624993967807	0.74993796136987056	1.6124640584906687
57.571156554029308	1.7607850037276953	-0.51234973464647493
55.971433700304914	0.99822356978637683	-1.0409316852878121
56.037718968995819	-1.2764643135615361	-1.2795291951938037
56.762797955104368	-1.5171298073824109	-1.1838607516613109
56.245870378415802	1.8768857721235293	-0.75557703852263181
56.860028068574138	-2.1209423382017518	0.49043555056569749
56.393762084844596	0.60002872766641524	-2.0173864005242046
56.208105909428483	0.35102222328699667	2.7358032501677347
57.781381431939636	1.3678812761386985	-1.2115479329975603
57.574848225683994	-0.96692840655189538	-1.7330521649719293
56.959013499771267	-0.025577391851116741	2.0181913730211956
57.650973631357317	-1.7438112923877964	1.2518251419375019
56.445992193354741	1.9342190740405558	0.43062931713656344
57.66149296048382	-1.7828014849851579	1.0817314746696072
57.459184862191876	-1.9523387422592291	0.12637941259269705
55.951871742129796	1.3497109688825584	1.1279466534017926
56.685140001907847	1.5971178494963421	-0.55981698591957674
56.405622582501749	1.500258753147572	-1.2917326751179798
57.633764256879516	-1.0976060925307698	-1.3312626675398791
56.033279455521061	-1.3255407600294535	1.3704625557728747
56.019344561252822	-2.4648108594822133	-0.73450750028233402
56.019252685827375	1.3879424074050266	1.2190126415116169
57.769834996396668	1.802796098937733	-0.022247709556671564
56.312096296906311	1.3785211191613431	1.5180857553201228
56.641870600790426	-2.5360265938175566	0.59573602225333711
57.194372908704814	0.53727601432844496	1.7847199411846286
55.960127751347741	-1.4971360391057982	0.71619836828383343
57.27839367969851	-0.54871435821766368	-2.2130956862212834
56.707755068897924	-2.1250560037430568	0.9715923301503302
56.148163621109994	0.79060299205757434	-1.8917275610660675
57.517925591625037	0.76780554220098907	-1.9640047518868022
55.976530784050929	-1.5027177791535395	-0.22814129138586237
56.067620094594609	1.7376009120757367	1.0686100864527115
56.300383805521903	-1.2121751642836054	1.6873775281175056
56.194521718875407	-0.585159610848208	1.7903992138963873
56.916076677158237	1.9200372747364445	0.64801623358479776
57.308626151197537	0.68702330879336881	-1.7035375521676468
57.53309344398253	-0.021015053390998729	1.7573181455406637
55.747839236729284	1.3366198136934653	-0.92335524525820822
56.876960807347572	0.64631889629668948	2.0613266671816635
56.557677221039626	-2.4294406911213442	0.018144124735588647
56.584682220925849	1.4204460354094155	1.5654748001583303
57.279934607848389	1.1639540527260153	-1.1899767236767858
57.167730382766997	0.80031178673938608	1.8132946928458007
57.501701534418324	-0.2605425876178325	2.1003647824033238
57.104324423877834	-1.4746145805453099	1.5222249137361046
56.717452358379404	2.0966163375116778	-0.75863902528576577
56.295700606646797	-2.1118581691409632	0.68374832545487052
56.599730478379115	1.2829906149070287	-1.4742129671075748
56.948266105752026	1.3361666242258838	1.2840907377494497
57.391710137738301	1.6130816880084216	-1.5919998531727064
57.833727207552016	1.2475593319733018	-1.1919180715386384
56.943500953597969	2.1088917483285736	0.61517759502832148
56.402722936153232	-1.8165767659811194	0.66306081187230714
57.482785818239009	0.4214619681506776	1.9918739416359534
57.461377693387632	1.9503843127862031	-0.19775383836452659
57.552111453547781	1.8957038566184385	0.17476304305365042
57.91193221151164	1.092934173017414	1.5895574104685954
55.983540247952313	0.85415257406791179	-1.6704030742647265
56.231090123276971	-2.2992576833057843	-1.0225698309063871
57.801414882734257	-1.463772974690764	1.7376319497586463
57.633229038082725	-1.3360292570963297	0.51893778688020153
57.763904535923956	-0.37794801995605276	1.738195557625889
56.247110887168915	0.18278406639214873	2.4124450744145225
57.544018600887192	1.9133113843428349	-0.64608255663027336
57.376498756354188	2.0135336601632448	-1.3072448995789472
57.201297354847952	0.36886805066250677	1.7368698865061736
56.871177212588215	1.27938248428962	-1.4597488390004563
56.302171430598186	-1.6511535527203538	0.10199579814128275
56.63918089827343	0.72094032818026377	-1.8698300165219435
55.9202192644291	1.7822601144219838	0.53557399740881206
56.068197818722801	1.2102129838142179	1.4871087704950827
57.01894124930471	-0.80504008732979604	1.6463715471885649
56.621590746771645	-1.9858697382816821	-1.1739255716829717
56.248434208724561	-0.96592145231774751	1.6565768545329946
56.21906505257563	0.088928391200173387	1.6497592083517254
56.744543312101108	-0.24831336586452971	-1.7046987323062117
57.010510644952198	1.897097999848121	-0.83519965840950916
57.378693916812807	-0.86606120818296561	1.9000030116891147
56.599566571207184	-0.34381706358282188	1.9850594196285192
57.148681149351653	0.57614325228932128	-1.9136680051049557
56.897179038124087	0.94688998553108172	-2.0358197559078888
57.712391455756119	0.82869688667015873	-2.0192567287187253
57.191613415778576	1.6193972050092511	-0.29708681495453959
56.574190522347003	-1.5735710166724584	1.6375154791995514
57.317743406260576	0.50793632918697607	-1.7872096274507392
56.822306603382422	-1.7907301743860753	1.0279670321989454
57.114675322776108	1.3846359900861032	1.0419541791847791
57.992409925363788	1.3183956495155102	-1.5448001066116486
56.79173885376548	-1.4887960356918235	-1.2042852351039783
56.314583784439883	-1.838441068010811	-1.0442256203845395
57.797465172551831	-1.5356950533844056	1.195918568124736
57.564700045363821	-0.98026165053591141	1.6269318005285283
57.703226957419943	-0.66135092149504837	-1.6996843009113249
56.199588543314903	-1.7860180505789351	0.9304980860768074
56.128716874981706	1.4135438794608313	-1.5223528447617156
56.80836536776215	-1.0853174875385323	-1.7612816748286457
55.925054724945156	-0.92194360452949831	-1.7492146203187704
55.857617901557454	-1.5394382725214708	-0.10681499773433578
57.733365281632985	-0.38185053775820493	-2.0166307182777383
57.701048054927121	0.65734597541544981	-1.4619715408995435
56.718141286525665	1.2333550728825184	1.4470102413957879
56.445369808705365	2.2059931343376258	-0.4171226463960353
56.841873385930469	-1.9721763076846819	1.2098543047214827
56.987316798317551	-1.5493819577453758	0.97761297783460266
56.349735568593672	1.3683659596575859	1.1887106041747959
57.059182456336323	0.054994150054050422	-1.9872213973367165
56.487437765200831	-1.9497671263324046	-0.96874648501898797
56.255318438801503	-0.75762720124128724	1.7829690504496181
56.870824031099673	1.6141296480436018	0.50310037110803352
57.763353594534095	-0.20364234028508654	-2.0010425341993638
56.326811187913748	-2.0529682054673182	0.48421384954094809
56.383890076507726	-1.7284431818032577	1.5247891983062596
56.609544953593669	0.33421812655560817	1.8742659982576475
57.837683508907404	-1.3777480857119044	-1.672939579844259
56.993411508512565	-1.8594764925216474	-1.4680546474675398
56.580711409379624	-0.38788904799314294	-2.1907823224544485
56.614502716495792	-0.7427477480176008	-1.7320061749300488
57.655271516297432	1.5652826448813364	-0.57230465736878655
56.569970093753589	2.0656382096767936	0.0066209899973130367
57.402360869460075	-1.5313385531489141	0.37580895326093677
57.449352566655122	-2.0005660450006464	0.16674278132428283
57.237664047280489	1.0981332071509833	-1.4202347784952398
56.149988404966081	-0.94635506127110336	1.8266264170755859
55.956913367600826	-0.37215916754026362	1.8490729193228932
57.01089687982968	-0.47879086185919117	-1.3365168339121503
57.499509742699097	-0.69382304773278081	2.1208110511175589
56.686549135244533	-1.6852836736223982	-0.59921236792532007
57.069029148862889	1.7414468856246836	0.77302454316292346
56.940157298422768	-1.0158922470884939	1.6874151023505015
57.119097140862145	-1.3352776201159666	-1.0855018561296947
55.918116556799717	0.25224378420706134	-1.7620268809544724
56.187769016886577	1.845018594739481	-0.68041991438695892
57.241440141321227	-2.1437222177299318	-0.45221520755336986
56.887111192974935	0.81043213924704105	-1.4449840563645602
55.849286536411377	-0.073487462316309538	-1.7266992780986579
57.62515443207775	-0.94927293101192001	-1.6965518483688955
57.004209344544705	1.4633968892950928	1.1288512997161091
56.169904176512865	-0.67610669731846851	1.7384107551558856
56.561027671774603	-1.8467970973728645	-0.93550507140154071
57.497552235591698	0.76222810265244678	1.6640315667491521
56.669638296006156	1.3808462396166041	0.86213415156004403
55.956534148347153	1.3753273965843216	-1.4582013045964544
56.295769236916115	-0.45077621753201719	1.7358540911026836
56.608974603588429	-1.7071235754628746	0.93707043165074411
57.241221594429419	-1.675299948308419	0.37921179102579566
57.880455589705122	1.8033647300547231	1.3657668080739198
57.309968516593479	-1.6587866011304184	1.3440049291361613
56.991883923431516	1.5609049641460302	-0.9726351483677228
57.360716108221411	0.24477942348739851	1.7427813118405113
57.238116112734268	1.9316786433966351	-1.3131653095177949
56.204030977835359	-0.30815503507749636	2.7948066748146867
56.61836860438622	-0.24749489375820138	1.8515260688843962
56.966684894943896	1.5125152822464778	1.1369753850414668
56.856939058457321	-1.7528441145797893	-0.053756248267276652
57.687263884013127	-2.0419645278371625	-0.068146362871832941
56.639894447874219	1.5201336054762258	0.25328362440110996
57.577667791851582	1.9007784320490904	-0.20584676396383891
56.44230833690348	1.6590343797822149	-0.74670352858633016
57.685856758457504	1.0842614358379807	2.4309062278598184
56.194168106412306	-2.0200322921858143	-0.6721298661272872
57.922474818768329	-1.2070513084682384	1.4443777305436918
57.795112353171852	-1.7839985847466218	-0.29773757343556673
56.304230267729494	-1.8983816524770374	0.066156501816708971
57.842028350923044	0.21637245306545669	-1.986477065151623
56.62158071638779	0.63144214467405169	1.9586147284517492
57.480582677112594	-1.6515293721251649	-1.3592969436258271
57.863841592364167	1.5658758396459711	1.0218134158306746
57.551844530698986	-0.85475993444720666	1.6931079746286022
57.401668895617881	1.1658946172138716	1.3286092537519307
57.676687328050029	-1.4513669213184952	1.2336143212715904
56.987538482534013	1.6526742075842644	0.067521641234406807
57.812719224834566	-1.648529087654085	-0.69825909461954927
57.03894163374791	1.743185383323834	0.37359838728609412
55.896760669040233	0.21577656666274747	1.8073509695194532
56.795676197069483	0.78235675841078589	2.1367857709990981
57.021806855921163	1.6782108132699274	-0.11819488900526734
56.356794259737455	0.68043762709118116	-1.5214600303009542
57.576119637413477	-1.1330367361463287	1.3699989670770798
56.971123489000675	1.0781943432905434	2.1060066906004549
57.924567934159299	-0.97404258350542527	1.4527996207353062
56.169026904762859	1.8965219823607404	0.8847668661112692
57.283098003355803	-1.3728514952397979	-1.5335635348598287
56.2134358459341	-0.39438191359351182	-1.7894142716303307
56.035122417300222	-1.5218357229157906	1.5189712905221382
57.500665324998131	0.3802316419896285	-2.0716082332974297
56.617902665731037	0.80706266705591856	-0.2952887403950758
57.437194164610929	0.36658224404999384	2.0645417383407536
56.054536800488293	-1.9569570738807311	-0.86649088617383929
57.68348277098638	0.63568999002366378	1.4496260143251063
57.148779562024657	0.006840968891329768	-2.2077251831504561
57.343060055377521	-1.0192804127124151	-1.4147981297575383
56.110991853551134	1.6915252385666772	-1.1794908259180505
57.42152873473183	-1.4353686776110297	1.6581088196319937
56.192778233209552	1.502328088532161	0.73276640492567657
57.631627672093039	1.4347565317096327	-1.1534306821822218
57.4238640688693	1.1270850544521642	1.6139014146707495
56.559096777994817	3.5838231826801663	0.35079255312938551
57.206722714320463	0.81699789920603372	1.7331713490592071
57.09189481873269	1.418243290990016	0.99646397013509103
57.43973999034715	1.3743031996982784	1.6984285287231273
57.306413251302423	2.0298293460589272	-0.50847603068705916
57.062212414403191	-0.3457304607505719	-1.9822082162490375
56.920979337242471	-0.56852053758001786	-1.4828075725474872
56.619832421937666	1.6575837293206539	-1.0628811774342204
57.353195255891407	-1.9478965844260432	-0.37227870440290217
56.679454602875111	1.6770321954785896	0.017260602812370733
57.329034976070616	0.090295126456699015	1.7424352898587845
56.142044742758529	1.3356322678694608	1.8702206320853907
56.304124452086079	1.579806565754639	0.023624385576730668
56.423824935027554	-0.40516134292048511	1.9911741458928993
57.023755247064017	-2.0004114085004852	0.10615530443104608
56.253166580375719	-0.0071613117157197023	-2.0986131023655745
56.165576301649189	-1.8296263305934863	0.27694620353929783
57.67168475442412	0.35741909069926275	-1.0334154322895042
56.058025464926594	-0.65211361736857132	1.8823301556485763
56.353466179558303	-1.4653866166072178	-1.3745887609343692
57.234947908561047	-0.56502680023822371	-2.222744225832169
56.193608632720931	-1.041255972404074	1.7519993935317584
56.534850724825304	-1.5047764801739141	0.65393062267410851
56.005327579456448	-0.30596252926095202	2.1775748806944217
56.509887131849574	-1.4651871557498612	1.2882411003423777
56.706505502894636	0.87189355183612138	-1.6137601320333872
56.102580084437221	1.9860372803524162	-0.050286223246598039
56.475500814348393	-1.7636218918817697	-1.1837259240229525
57.804765461106676	-0.72800501983873889	-1.5753972512278669
57.458221019470493	-2.0571643752831541	0.58736731747094373
56.514992460510754	-2.045647205523184	0.08936731339564534
57.537168389435003	0.068524755565198436	2.1798987993887717
56.227434359030035	1.451359143035869	0.86746229888574933
57.354654145966116	1.8826408382474171	0.62330344562372786
56.962385542475609	0.16075504444933084	-1.9407512542482828
56.535673811551014	-1.0018227998278808	1.6398015594718052
57.067196351085173	-0.82801961280549352	2.1783395035195245
56.46812188217249	0.78777273083949317	-1.6434708078020495
56.970697182082112	0.48484336219934321	2.0264425472746233
56.350494876940125	0.65857620544555251	-1.2548256495840118
57.224216863786282	0.37130335151000587	-1.711550660313325
57.777160006712812	1.2581043155544418	0.81672338876701622
57.229547663911767	-1.6408930109047026	0.28343893313593443
56.35533670159213	1.5130620577232148	-1.6328580335335869
57.603275472449504	2.0925346816633361	0.066823167196249741
57.067231246686688	1.1641392827333503	1.2567078245589303
56.393907432252171	-1.4812709206627204	1.1693465184537024
57.313416907299612	-0.68828663593217043	2.1212104473808377
57.847512111876895	-0.97827654291477417	-2.1154851798410492
56.118937602776633	-1.7966495890351466	-1.1897728752217445
57.289286273652372	2.1486574470565127	0.092919189741028987
56.35597300848552	1.4657586571096091	1.657700065096789
56.932125502743752	-0.86834864178372206	-1.7836208314623716
56.136144404128643	1.6183336205953256	1.4505396783431241
56.802459337673142	2.1595850121789506	-0.30101398300453053
57.798424997103666	0.60708601323863931	2.1730272968701603
57.112488863368725	-1.072711112949414	1.3440701629171243
56.150366496942567	0.77864481416457887	1.3698233614404325
56.23528720503505	-1.7503853799987141	1.1079949694929125
57.197107652007901	0.61831940147572406	-1.7675505560010913
57.118382080284348	-1.1370152108240719	1.5944521725198373
57.444486560130358	1.5372240955276779	0.99638255379921958
57.615345541547256	-1.7445494960220158	-0.56770179849844771
57.143861173438694	2.0508111883555129	0.85434912468092683
57.497386823496548	0.55524101437525919	1.6846363587784985
56.393308442020867	-1.5334645359218846	-2.0041518291155489
57.236735212785042	0.59653275812309348	1.8786526766340688
57.288823343268938	2.0852767271313275	0.36805106953467248
56.745711743691047	-1.7549048083330272	-0.57015202770512452
57.160162568200207	-1.7785051457127559	-1.2940176206219511
57.516961145350578	-1.66924596352013	0.82012350741135132
56.721845971229151	1.6329531019123904	-0.87487588062263766
56.422892998212163	-2.3084169524765832	-0.3577910567472733
57.255456100780272	-1.872635952795757	0.84746980000759276
56.419400932652046	-1.14799700767407	-0.001003990386676904
57.107262061689859	0.96264317401582766	0.86897186844427798
56.246155802793389	-0.61586005982157344	-1.8973484835452916
56.604722430767843	-0.42857374651358182	1.8595780452090507
56.620849307623907	-1.6823176183163899	1.1268534196778734
57.889895126653272	0.095476996685929752	1.8857670442553089
56.33566327840478	2.5015137042654052	0.027876468175397476
57.357297751819964	-0.90344957068805176	-1.3046121946015887
57.703636424131972	-0.94533877925655496	-2.1027069991090954
57.468926143847519	-2.024746663508501	-0.50571914866862433
57.839816018182837	-1.8399940901999039	0.17627211258896036
57.636866589297519	1.8624621497677061	0.4120433438094861
57.176946199258239	-1.5694321792312325	0.64863763817231235
56.857870010276535	-1.9792109012518666	0.32305554553589416
57.011678461641019	0.74381564164453273	-1.717399716197499
57.513002857379419	1.1720754701573337	-1.8164472719356699
57.746912981100628	-0.59187313643068962	2.474751285171982
56.829044754684332	0.067435635162376509	-2.166364118340911
57.33676226485769	-1.7754663905711108	0.15609050907203353
57.016090807652283	1.7330272394443595	0.56388874265181566
56.190323395003922	-1.9258176121652681	0.70284174125902266
57.570297306808101	-1.8891352540162247	-1.0439540864251906
56.495832775358281	-0.49681125280617011	-2.2800066585410237
57.559714462393728	1.0668663567070986	-2.5317787724219571
56.9790694501514	0.79254427578923481	0.5878957974301422
57.021856247086831	1.9691197354396199	1.0385273366740102
56.035566580348402	0.37592973053224543	1.9477159001495392
57.320414431136378	2.0360852375935869	-0.20405234350362514
56.845828683868142	-1.8676381444676853	-3.2732512382069872
55.934424447023332	1.4928847323801684	0.57725624932348363
57.872772863506825	-1.7310914296761162	-0.034973488057446406
56.13135903721097	1.241506204800813	-1.6519916535044068
57.550323760178863	0.27397142766866961	-1.8728218817688942
56.380328878298521	-2.6162030208227418	0.22780723379145543
56.568692128293549	-0.30180214323173993	1.9017497566625816
56.726932600047448	2.3277029796115918	0.30796387683274795
56.822177375411997	1.5787143785698146	1.4966575746366224
57.330658239098184	-1.739788555979435	0.10670483565032357
56.527004837081719	0.88136226608250323	-1.8568521026693892
57.575154246326385	2.0956810269331547	0.46034562719935351
55.920107340956719	-1.0454793668843598	1.7835841684274616
57.183966850948465	-1.7105768823089311	0.78275829166006416
57.079589303723623	-0.83498282775667187	1.9397366949268837
57.834054781109515	0.65469853339546769	-1.904082041383685
56.41159013411108	1.5164406334409728	-1.4208035158473351
57.137357732310704	2.2291072575565005	-0.76179668096123077
56.338679408104163	1.6498764290728372	-1.5279292659721619
56.755360174309658	-2.0406914962162297	-0.61014698821911939
57.991744307064828	2.0434897276081458	-0.90619225447684115
56.907719746664554	-0.91421151115268506	1.8648301697459229
57.306573335124909	1.8664129260570375	1.3139789100928458
57.302751181371427	-0.22657845159844342	1.7233280193852409
56.326155287071728	0.62590841832035715	2.171977084477192
57.661674700499837	-0.49268911159499407	-1.8666257741236532
56.959656933739751	1.9191955835580465	-0.71882403173559239
56.500936351559488	1.7157798453391064	-1.6157845405226423
56.512875054132252	-1.4687006865508021	-0.96591384934714508
56.270153198586065	-0.48436118490474972	-1.7742302892120765
56.358680152181172	0.44335591855515211	-1.5128688956589429
56.536831358567731	1.2689285961824213	-1.8644786632465429
57.762387210459217	-0.61350636966063254	1.7687899740984163
56.230764271209708	-1.4246960468773471	-0.76808122639633791
57.462260074665295	0.61343363722745359	1.5575372848537667
56.644179788933641	1.0965641365709982	-1.9577473433099555
56.667403905040409	0.53959078508803271	2.1422768659932969
56.748739091270302	1.2840383074595241	1.2691350765221896
57.708774909969442	0.64594100492537632	1.6754155241724942
56.434490335972285	-0.79337724395255804	1.2037908930092323
56.349304375835494	-1.5214873803105222	-1.5375433006258898
57.073126096553082	-0.34995712247557326	-1.4609024168062263
57.052909893006486	-0.22999866152457743	-2.1692592275577871
57.66600885227048	0.17131020592077123	1.8546505350420492
56.755598438615245	2.0882143830537814	-0.73141279113404745
56.858607968253338	0.75940891053429072	2.2727273888118105
57.198511141044314	-2.0525059677530955	0.11552948421289523
56.048794009675618	-1.8935656757337993	-0.7939724244071541
57.198852889619658	1.4239950658159857	-1.4213061226178043
56.996031221500672	1.4263549410259784	-1.3313067263442775
57.60717801635748	-1.6185714688280681	-0.012568421754888775
56.097335112858779	1.5477929832474291	-0.19744921733063114
57.173447709093338	-1.4630063624094518	1.2204538456083907
56.312285709782572	1.8278409656386221	-1.2616381031651047
56.235792134060461	-0.2221033011303952	1.9317161536387388
56.87818751312475	-1.4708493563514466	-1.5329943506869446
57.119749134370679	-0.015251552607670086	-1.8043441397509445
57.594018359923282	1.8357285975369428	0.45353099209760583
57.798028792520981	-0.52531332220960336	1.5957059606043766
56.390170949676218	-2.0254845602592861	-0.5889384151991125
56.199541101764503	-0.043602422778305248	2.1853863800483175
57.73253987196356	-0.87623537673263974	1.8091135559102163
57.336877737525448	-0.42144528585858998	-1.8193757045685346
56.797749592265696	-2.0059325165026807	-0.20912118564790314
57.742527974543322	0.75258475969907546	-2.1740836307336773
56.685601992743543	-0.79601277355605327	1.6354982954728299
57.228076110110102	0.49967389285285391	1.8719009105367117
57.366394484526815	-1.7460128403589992	-0.57560858617928068
57.337627243959112	-1.2400434535802507	-1.4215210897250783
56.655232731938796	1.068336787177919	-2.0563640394149219
56.186235629826946	-0.65754592969529213	1.9924307038539295
56.579624287685277	-0.611107577241644	-1.5903561510001101
57.679608893468625	-1.7883422082122382	1.0239319443287147
56.897478104196267	1.8321656993159352	-0.75220324614950751
57.160623191981784	-1.5660779538919571	0.94421232429752
56.968254336723369	-1.8147396669697866	0.76182059445305061
55.880162338149859	0.84075014487422817	1.6172669450176993
57.114766080020708	-1.855542070532801	-2.1839692970066444
57.582119000998347	1.9802445209688391	0.17986933160920468
57.79117661749428	-1.9362185330508961	0.96812994890668547
57.569593274910453	1.4806839325345713	-1.6132718093692424
57.589114896563039	-0.31926907501666629	2.1176322876718769
56.025407543377362	0.67852399101265704	2.3424375999677949
57.165618408275058	-1.7273578853525176	0.083372302481580757
57.413500770416924	-0.41670865580169131	1.933997922036033
57.794735138961855	-0.36732542233623272	-1.9950634419440327
57.642424288856034	-1.0409087819763778	-1.9116074798011848
57.012855694658832	-0.60648658129472988	-1.7613946798552345
56.705978329896347	1.6151125463266274	-1.4911249797306576
57.710242597215959	1.2396823635568786	0.97512927268384553
56.188153371562791	-0.19989367876891523	-2.0485839443930907
56.56973164556269	-1.8899493431896799	0.95329515522030794
58.033112456513983	-1.6281374433002456	-1.2891142853209601
57.338757886634085	1.9790052727779348	-0.73299270428177565
56.831902732848725	-2.0505277856264188	0.1277481986145288
56.857073935315135	1.8316728944504235	-0.7786814244764082
57.384732236642662	-0.69346211070569341	-2.1430054507226322
55.906725268661937	1.5546025780219228	0.89541840507196713
57.637618377249289	1.5034824274411855	1.2396583287638492
56.085797973771207	-1.1719235134468113	1.5340705849385827
57.580032836126755	1.5554610623765408	-1.3454928269969342
56.585800903053773	0.7140386502537035	-1.7221872357375048
56.057232796079411	-2.3233580019159543	0.0092417907932900098
56.14783437045444	1.721410353066523	-0.87647898909431132
57.279789343060152	-1.9613640217499664	0.61280952772615427
56.916323796826902	0.1923778290538459	1.3828378627966036
57.748444326121565	1.9019701332486216	-0.36598229651932646
56.032479117270306	-1.7835501984380639	1.4569410088998369
57.569812236338045	-0.51141893782534154	-1.3760693566285782
57.658862762551095	1.9737779609088897	0.85589654323039943
56.287179873100989	1.9069902878704257	-0.23771660129415548
57.047874486610468	-0.095593703870409566	2.1949960280172265
57.049371097675596	-1.5028599266407536	-1.8423367041442813
57.074815440450905	-0.28048085092797231	1.6923121192404178
57.733303398916277	-0.73562783045418456	-1.9884974721685911
56.317974615258372	-1.2428906227778105	1.6087118163980962
56.509160432248791	-1.5530329233036411	1.1952437734506429
57.437020699302494	-1.8812130626195103	1.3965516857384461
57.138793548323164	0.93978033606898914	1.9788222146235706
56.180691840093964	-2.2137945380282633	0.89023756993718917
57.10636148710153	-2.0041641699532784	0.31807828861816362
56.88061792887968	1.6511751509695944	-0.94062234050428728
56.078665108773599	-0.96140699409479036	-1.7858746231036806
56.410132994155141	0.26262278466493971	2.130021696708027
56.52384559649569	-0.46328947780867635	-1.9749405387269514
57.368146339579681	0.87616876654599718	-1.5394285285803619
56.886901892524996	-1.2029817678130832	-1.5845631963041629
56.070945896455797	-2.0060797339778862	-0.49191008944160503
57.521565875541043	1.5116748584677728	-1.1219242882070226
57.575757743343722	-0.36086679057416482	-1.7872167200439741
57.128665090512783	1.5675173479756526	1.0792545869623456
56.171295394202055	0.93710233902124007	-1.3120082671573388
57.481271606480824	2.3568841076966831	-0.86173421676036088
56.598168924248967	1.7590659496194776	0.10599791227167096
56.413256351276438	-1.8173846041068611	-0.083003698380142085
56.969033681747518	-1.1428188071848875	1.4023730588607606
56.558642504792068	-1.6033007978308957	1.2782568567146397
56.124887608170305	-2.0577070289960182	-0.88381193954279214
57.212806457081044	2.0805554460653037	0.10495564303316389
56.051875341942115	-1.7777988554965483	0.42381308241231352
56.241977380010468	-0.6071088831238528	-2.1495051166790051
57.129825202884668	-1.6271159450295165	1.0968899703691033
56.18346805824018	0.29177453841747686	1.3588198084410632
56.231116190416046	2.1448950057801754	-0.14338373499721349
57.689753500105105	-0.90227717157467324	-1.8046673813575795
57.178546943476306	2.4297644533838199	-0.21039420839820158
56.152733297978173	-2.0355455692346913	-0.78305061751214489
56.870647653463891	-2.2131045777281115	0.059657102484207296
57.764191427885358	-1.711129297560227	-1.3112984759297888
57.69304454885004	0.19881038666697309	1.5084312106324602
56.38206943397352	1.1093241592109975	1.3877938223378692
56.58995823429899	-2.3791480948288912	-0.30359984593541323
56.429267568425324	2.0947788492940731	-1.2671384636192546
56.137716175990036	2.1949927949783801	0.38261126965813297
56.062654727325885	0.54111413174340584	-1.8487160028956218
56.681992102946055	1.2997372030150764	0.76292714955196828
56.753546752674147	1.3677388283714234	-1.4786023365495704
57.795062471909205	-0.58035826988261263	1.964889580893836
56.094015755957308	-1.2985245152600542	-1.468083528551539
57.841677680849578	-0.067693531656126946	-1.9301672978534148
57.389265076516807	2.1797873111947532	0.26552674917813213
56.406766098822068	0.82509602709382535	-1.4741870032833793
56.280002932118038	1.4506445231854486	-0.99994766850326933
58.114645494692915	-0.089648396350919896	2.1189208439244998
57.37941681905145	0.90187910019933359	1.7625053779585063
56.164164941197562	0.76293687108154906	-2.1266851372578124
57.933547733400644	0.76908166876715178	1.9051217438646983
57.339868300359598	1.7382738938549334	0.85920396800615373
57.87395755660723	-1.4764105497483122	-1.5353079287106808
55.951246163492421	1.2055728079711394	-1.7284606902622723
57.344383301781519	-1.457431343266046	-1.3771610870270863
56.68653528244689	-0.86191448443778118	-1.4717641014990475
55.950886752298381	-1.0355196898558967	-2.013613255232706
57.593570837197326	-1.7260640143288506	0.16957821670065693
57.734169728177882	-1.4123298062272278	-0.59829798990567173
56.504134559537214	1.1235630458025434	2.2821270630397041
56.93836691932858	-1.3300102822350461	1.5897825945095936
56.313442172856114	1.1354135293565699	1.2036952792544811
57.500413188015159	-1.3291695020182461	-2.4249879538002692
57.835104042747481	1.390771232061176	-1.3781001780896183
55.931276956025286	-0.17451375334665695	-2.2122677661010024
56.515144370719696	-0.26181167523310833	-1.872224630716931
56.488201849919029	2.2330860008879192	0.38689582683808643
55.972809323127777	2.015171589687148	-0.13551447305627548
56.620345655461321	-1.7523793834998185	-0.94969816184174149
56.228582228210961	-1.36881983389413	-0.39051957774877905
55.917058530900761	-1.2545719310327206	-1.4879901963869502
56.680077159231388	-2.1535247739160699	0.25406261783147505
55.893111412093859	0.58355200888425829	2.1270593460889948
57.438392080178872	1.3793695491538069	1.1668896692164439
56.161888832779454	-0.31623252393792683	1.8760163518723847
57.536331610754935	0.75093263306156333	2.3372051166899572
56.581253944943775	1.5652687084724972	-1.0906618926968878
57.780227315858419	0.30251292313744715	2.0214223032519794
57.120645173544553	-0.22972189513527799	-1.638789570723139
56.471860119653485	-0.49688903226222081	2.1148393230822671
57.436805148846688	1.5965251143218542	-1.3098284603114116
56.211597696510502	-0.5679961662432399	-1.7451790904825295
57.401090830902497	-1.3813430611416435	1.1147821778504583
56.041973237056467	-1.5045728072726547	0.97247940573533931
56.199759955914573	0.20528879959484014	1.6155586578789227
56.476418459256621	-2.2705465039216213	0.1647368705145287
57.6940917067447	0.48298658259688382	2.0160563560265765
56.363042252739845	0.43978442510184979	1.8862019539772905
56.122595154820722	-1.8453990702366807	-1.2300330522296863
57.420507650753699	-1.044871480118851	-1.4559875291412765
56.146185677548047	0.30384085721043491	-2.0029333240910256
57.859844984725719	-1.7352418758749506	-0.84088052630556531
56.776740515897941	0.14336759966598148	-1.7515855461524079
57.067529525162932	-0.012371754863412944	-1.9592606097684233
57.22919762655858	1.786753747422871	0.81799322968813848
57.038331700435997	-1.5477279736262941	0.42579059562035998
56.071117649660039	1.5043802613154318	0.20236463097201979
57.405468273092595	0.97929010370431724	1.2525518292910418
56.607884933764055	1.2902733574238154	-0.98473807444294958
57.851339384638194	1.7850188783668517	0.53232817602738547
56.081153061646255	-2.3302583607215661	1.415893650890701
57.01938922691938	-1.9138285592065212	-0.18800479146085167
57.191378147229941	-0.24128489878572773	1.7716130052348225
57.16581488340757	-1.3652065952195183	-0.78673778478597423
57.819163959757944	0.14338882911727394	-1.846580648667008
57.198754757660815	1.951376110171249	-0.17367692779604199
56.153799453436108	-1.9344543137027113	0.57131346587877663
56.175648198132301	-1.495810911283717	1.3687264042257212
56.995695312268552	0.81595812939818269	1.7057436164626294
57.174268338255608	1.1809741822578954	1.8677722321081109
57.149523732496981	1.25955339400818	-1.0340856833206975
57.673515157352412	1.6180336016264516	1.5035077238081238
56.863652317967045	-1.4994850783297855	0.11015104279267071
55.966325896837922	-1.7389410262950109	0.65623566096442432
56.407596096364919	0.5234278730903642	1.7341818204942749
56.391794740813033	1.715101310089882	-1.9957233453847505
56.642484522735963	-0.62575390996935809	-1.9701363189350427
55.90495842207288	0.40808075161380747	-2.1704712068319902
57.881672719407483	2.2282787117439717	0.094926935760113754
56.430196202209018	-1.1370915907881847	-1.4754885642369195
57.59429519443281	1.7332940078899803	1.1880226751008516
56.299749613556507	0.58606950721131745	2.2187550476029889
56.852981975689765	1.3868547840701335	-1.4937164839387145
57.494935106476248	2.0669494838619857	1.3118652228331618
57.563034561882446	1.7783924536346623	-1.496109894262257
56.567682305245221	-1.8618675069430308	0.34239056034909426
57.940515579885655	-0.018730672370284019	1.7647990273183498
56.368816837089312	-0.74625560702858285	1.7982202444190354
57.90396917502536	1.9857901580247219	1.0867274354055554
56.840573447905349	1.1610315699948559	-1.8319956094144885
57.429035548823776	0.63748676680221894	1.9132015709406889
56.941004728101454	-1.7682951506522135	1.234118619073828
56.170545018906409	1.0611533861706424	1.9538891192684917
57.160494793751766	0.58175332529406787	1.5629678724729978
56.116805003490668	-0.45469133785772459	-2.0948940407230001
57.325596668065558	-2.2592767856939195	0.40407807083575514
57.146549537987703	1.111592394491	-2.0103551881124218
57.045626315526704	0.38502354864440075	-1.9312163903219706
57.459606780038087	1.0475973886734948	-1.4978033108069
57.078002193819003	1.5989461908266993	-0.85298852513611423
56.747498666148481	-1.5604237137812147	1.1028288426549844
56.056580951319575	-1.8736181194555415	1.5249547171094722
57.542962397007997	1.9507826557440002	-0.58580344975328846
57.543909675842563	1.1868510844590703	1.7438302352128867
57.958730047232415	2.1446639384920392	-0.1623590456105036
57.760532456239844	1.8230048104219705	-0.24850596671521169
56.895737561425157	0.4449217853778295	-1.892907096405811
57.271581581428833	1.6451174284185008	0.74984286750706552
57.883676387727235	0.29236345604829522	2.2793464860389374
57.688533501570561	-0.94725655208261483	-1.9707031302406424
57.013444221310628	-0.86023177804251538	-2.3002793384960043
57.341351992151822	-1.5915274549092022	-1.3946823451016195
56.220086286665861	1.7148271368563723	0.28150230245143182
56.679052825655418	-0.22915369911926162	1.2639159656401415
57.027948256294714	1.9627616346299344	-0.16860358656423338
57.002481862521897	-2.6871125672581173	-1.2579763414388039
56.716017757698438	-1.3934865720415224	1.7160569681332816
56.34494489240906	1.7727778995777852	-1.0390795580581587
57.916362412736341	-1.9847662879040042	-0.99230985434196806
57.619472125899243	-1.671085393124254	-1.0670430377619524
56.971009434523765	1.7772953974845818	-0.84981427510456964
57.027032615285172	-1.4366890419908478	-1.193777685746187
57.435903719116489	2.3935039803172753	-0.18099481590140631
55.920144837056625	-2.1852625462848625	-0.63430063839388873
56.039643571560923	-1.3121391346565312	-1.8592637601403885
56.394486451980747	1.6543122040967433	-1.0014760998384309
57.647349115639152	-1.5641597203404158	-1.4034978110547449
57.259357178646525	1.9118528965933947	-0.74382978110763553
56.462275546398061	1.518981477584826	1.1194086045822551
57.108659156601995	1.2007987942971443	-1.1786014787478261
57.517457946161251	2.3505657841169274	1.212063028369029
56.493845149008536	1.0214304416109996	1.5250574855610313
57.9422798767405	0.063812766529568785	-2.0816188377344349
57.131625355137444	-0.63580144818895046	1.6590906558989507
57.189727118489799	2.0444973078720592	0.19834602014200642
57.330823277916203	0.45239116055674883	1.7764797188040864
57.682191826699956	-1.7779246384708194	-1.1854583843544779
57.747922398883119	2.2232447758307017	-1.2211694172741929
56.290089933681088	-1.848944636963467	0.32130546538898669
57.040459025278011	-0.74459399748533528	-1.7595551258459481
56.540099557999781	-0.24944387994551082	-1.4371238692424331
56.742477476474306	0.089745926392961334	-1.025991163341341
56.419710293773363	1.604465672467426	1.9313210976203248
56.94788393482191	1.8633484081855987	-1.1698211011663742
56.689269112045672	2.0096007678254795	-0.15328078970544681
56.4841388669889	-1.8223454334561831	-0.83944660377459057
57.235928710912276	0.79897163266536009	-2.0785318656378848
56.356708840687411	1.3878337708782764	1.196395072513508
56.254026981364831	-0.64717734684677342	-2.3099227909770255
56.864297184195642	-1.6830921400167871	-0.29990634136115646
56.74437926710462	1.7093734957876896	-0.76992341203231507
56.921403304940149	-1.4502710096592253	-1.0751404735460901
57.453837255097099	0.81648700123690743	1.8308243622997495
56.881998578404541	-1.6589932940991665	0.25611705645175381
57.628203471959935	0.14086110838464447	-2.2433399937506997
57.419680680136594	1.5943090991565601	-1.1398198585768089
56.431357701614928	1.8438676119981932	-0.78163982115876318
56.367312712124182	-1.6364043851525361	1.0406258600737623
57.197751564266596	-1.8930609088000496	0.19965543055054757
56.085133563382804	0.25965475174858671	1.9735501193843921
57.567282631433876	-1.5735272312281539	1.028978237789401
56.154884797298244	-1.1635985476056876	-1.0167895708902748
56.855653103171818	-1.9521666791347203	0.73445714540266771
57.505754354809817	-0.9912531071420625	1.5044013806709207
56.905576811794177	1.9801742705464012	-1.2138013848502964
56.253604920238978	-0.59985827193836649	1.6940382375301
56.606962483799073	-1.6412739783970953	-0.32573096681001196
56.942177597803521	1.9047149520181319	1.0529110749809414
56.894880611866107	0.16056725742472563	2.0452361335984017
56.601043618869944	0.44868800590340924	-1.9803538608713824
57.013170266150652	1.7638422626708425	1.2421705100700764
56.476160417644927	0.59154621908031235	-1.2768278386369376
56.273332702016006	1.6763532692000758	1.3187940081410696
57.725636498316014	-1.002512967779714	-1.9239243312405083
57.259742165899333	-0.51883727152944759	1.943417337170614
56.075129364239345	1.5622545541047141	1.5349300938570183
56.69946946704956	2.0392518983280921	-0.49021047486512936
56.715298448226491	1.6867022484669671	0.7888158084924165
57.497404894578089	1.6431338289315629	0.71202804494371841
56.586386063092533	1.2483191267385008	-2.1785705825847317
57.247405763347352	-1.8219912578202182	-0.10232320774125087
56.667422079244488	0.30986820130017173	-2.0469438761686982
56.642333252270667	1.1178460420977976	1.9402675034823471
57.02302069007132	1.9638705462077413	-0.79899412074821152
57.519209437970176	-2.1558496982824491	-0.18697616266675876
56.940735163165463	-1.6327197590680345	0.73650000591165554
56.321443360029996	1.8884447131166335	-0.37642970694258227
57.648550090515421	-2.0546878331655911	-0.3329658079429802
57.054104333722513	-0.056586040878277517	-2.5094686538732551
57.221042627328728	-0.6679012828251969	1.8429300705740046
57.522182705341542	1.9344930827085667	-1.1428795633853734
56.928144758847971	0.66672515869360194	1.7739846087955808
56.710475410332329	-0.57750954728459047	1.8758348042143562
56.260818952135629	-2.1855807491436217	0.69000580678784662
56.766069937202715	1.449615699764462	1.3367268474401406
56.278087002628141	-0.47213541088022765	-1.7095006803006485
56.131220446467033	1.3525600688744586	0.8354413440941969
57.083114197811085	-2.0794823295240725	0.6735160218780476
57.408195447947982	-1.0616016051298132	-1.5207361081314672
57.074909730142132	-2.0535290176480587	0.66287047319949155
57.703080854285659	1.345673801043443	0.96212449604452854
56.739960857563439	-0.17770054613392544	-2.0082915302901703
57.918837212046505	-1.2782003114180429	0.73668730478400424
57.04794197003833	1.5596282738513594	-1.4047218246615929
56.627135789588159	0.076305921552733413	1.4724339882630582
57.436431688804362	1.4499717995145975	1.5038809987326807
57.184472435165652	-2.0180562775717652	0.72998255020872915
57.842926707949353	2.1036267250254821	0.93349213784773899
56.353034140272591	-1.5054044301491445	-0.70835805402806362
57.656997518625907	1.6661043065831627	1.2283768470583325
57.606272379366487	-1.4234313181287477	-1.6830428603845204
56.702554528074046	-0.14725793070228319	-1.7815483656432993
57.830084212935553	-0.39126177375371946	2.2903611992098911
56.739602371542865	1.3410191591034093	-1.7552186794172546
56.929986547673515	1.48607201590813	1.2453847084054708
56.5092305621666	1.3313950999876754	-0.10023994299188059
56.147344450439498	-1.9385880603798076	1.2286565064441628
57.757744148364779	1.0472645919428831	-1.8942382004222051
56.183263598082561	-0.31743953557733678	2.3458825549748417
56.742983256547383	2.3154509948714712	-0.94493168655704951
57.695197411005005	-0.078820101700315628	1.5063633564456578
56.69133551404969	2.3733162168052142	0.31298143543583301
57.473241673786895	-1.5969971668592657	-0.62038300187128259
56.195197728951143	1.2732541920088942	1.1849756449871551
57.874296206649348	-1.7537187371689213	0.97704820905126644
55.975270927167934	1.267095925772219	1.6186947309387572
56.800538665751709	-2.4242290575942071	0.1527119637570733
56.195674666154481	-1.9441994224040708	1.5337408520096274
57.58957608846984	-1.2916559670014258	-1.4199117720525964
56.42267682588713	-1.5601889238181623	0.22127642098379108
56.485475841937387	1.5095302805469455	2.2566499638567374
56.819541226417236	0.3576140624899441	-2.1126909244464032
56.121805314320873	1.6106920844115646	-1.1145079679029488
57.605150561306573	1.7291027420350096	0.78690605155757565
57.808630760669594	-0.9352549766342183	-1.8433310720658012
57.892448780508545	1.1116460855927541	1.4219834954206361
57.608137582979069	0.55311488678621368	2.0345566361467458
57.181495969636664	-1.2174258469664789	1.447902987091007
57.089175519027791	0.087820913458770147	-2.0761424910410451
56.970542035853079	1.3022503617185697	1.3210494161994555
56.280635715167499	-1.2386254533346763	-1.8793234242057506
57.735472559223851	1.0672218247020653	1.766524245987823
57.814153573281153	-0.93578462420471886	1.7094680473268908
57.398508748287753	1.5530454879942357	-1.2062032390100541
57.696491676269623	1.549729852334633	0.80164493445181206
56.325089729548786	1.9301598870780077	0.66514369224809644
56.407205321078806	0.9748535710181977	1.7999677313242595
57.248671647055239	-1.3728227590881363	0.93222902057109569
56.519311579438977	1.2918021310676788	-1.7853243616325569
57.30936306815132	1.910322769447814	-1.172641255582203
57.367983074148405	-2.5730891945035297	0.30402678752396184
56.007222680826885	0.34246300673335484	-1.6770803829613095
56.0857817531706	-2.0007816515509425	0.49139746668785705
57.20355130730654	-1.6576731076159128	1.1524392967129204
57.607827509414257	-1.0887172199778807	-1.6342859985502292
56.285289026564783	-2.1466757139407027	-0.97737082784998652
56.63236178754223	-1.4288652228956575	1.3224409440435567
56.467826463364922	2.2304690433673282	-0.17097403679234985
57.463896293992576	-2.0650507745329478	0.59638345839587104
57.675463692166858	0.24450853749903384	-1.5293306068139376
57.378394687866276	-2.0226750011324284	0.17561556825076546
56.306357322038622	2.1260492253058878	-0.074590903043962653
56.783047058563604	-1.1212649636489949	-0.93780498154880676
57.263317374717722	-0.30883471967750153	-1.9223350939612183
56.743232055866144	0.16006317238063705	-1.6453535673317528
56.98402128307783	-0.80911582021018857	1.9995249183825694
56.688473853633951	2.0797125035023738	0.42122391878793752
56.936014714176643	1.6000354085738651	0.63845407741016214
57.721978523619519	-0.65759474651940142	1.7959552384775352
57.1816399436129	1.0322085035019994	-1.705826577068503
56.485502746764432	-0.82950140932223204	1.8327182684452252
55.980295081106249	-0.8219494995269383	-2.2179595482043446
56.448789808286001	-0.84493724478075471	1.6044406803913114
57.56887616787111	-1.2948190773977124	1.3238189902990294
55.985217592312438	1.0694673526673044	-1.901691594047294
57.810204496692364	1.0669860662341168	-1.5259868703643846
56.256305348738557	-0.67662591544635176	1.6556519537084053
57.226489325540868	0.30684451664218199	1.914856540745429
56.853257637151607	1.8881141420612986	-0.67865456161080306
57.327551220136122	0.71291303896199187	1.6375666438899266
55.947284701882026	-1.7147767755194407	0.72186026282708715
56.566217309360994	-1.2204978592114106	1.5708608856029997
57.668502109460618	1.1619246596601669	1.5155971982165659
57.518240651167538	-0.68996198796270258	1.6469740509945296
56.730646648674963	1.6783853100228816	0.97559885524497081
55.895813725027928	1.7295300442671322	-0.25953852931212446
57.122946944998802	-1.0241381486037457	1.4127795958741585
56.220547160784932	1.6049758628551327	1.1023781812729259
56.358986570594517	1.3562022753827916	-1.4450268390033947
57.848852795202134	1.9651251960880183	0.86500404586821855
57.501927604777293	-1.1843869653481471	-1.3489729855982358
57.31642480078655	-0.17354077609817578	1.5366530974839081
57.454099773650185	-0.99804985705272042	1.1031073689779169
57.354084238842397	-1.9241219544114816	0.96600174154936014
57.427496265093112	-1.62998470274486	0.66695393784573476
56.320956782384066	-1.3397978415516998	2.4575579024388592
57.848960032619921	-0.83781178833695136	1.5919499580227616
56.60803205174782	-0.0082663820105051689	-2.1943129985563337
57.360932723326854	-1.523995598154664	1.3467688078504314
56.236529572469479	-1.718506413721453	0.55294967681556684
57.48783420618178	0.091607096188057166	-1.8640855027249656
56.510570263144729	-1.4378328824621407	1.7328109078756972
56.752190442336484	-0.59002141462895996	0.71196214900674715
55.911647758757574	0.44526974197967534	-1.513325436915288
57.153282081555638	-1.5993635757797187	1.4517367424982053
57.23898690158309	-0.7580779478297125	2.2054129029343126
56.00068390944665	0.47702294046301963	-2.5905838378842705
57.609236181023171	-1.3268885815870435	-1.7296545651080719
57.102228653403486	-0.68593330333787472	2.2568471736991764
56.709896725452403	0.577042040813738	2.0878723135086208
57.040733381621358	-1.4880680390290697	0.93093506355680278
57.274278472220786	-1.4787845814332632	-0.93047967341074511
55.822525691073579	2.3818784491066487	-0.45337466582891373
56.272151636488303	0.52240900494787346	-2.0099042768464286
56.440842265485905	1.8519555868678301	-0.35780090154354188
57.581094426964718	1.8752418899884618	-0.89003542968876703
57.884598575593984	1.8894583344107625	0.75567785440537838
56.434406940587266	-2.3045950121783685	0.42777100162708781
56.750300256588439	-1.6217993609106645	0.27164535472466117
57.695513365265491	0.1291910535825852	2.2610584139906615
56.1127994056394	2.0211629812371985	0.80190252124533212
57.704739540938903	2.0302195557159033	0.26170098661031665
57.142090263251646	1.2378519417937786	-0.71444402793326145
57.686235174815621	-1.4769687127078173	-1.5133855435813488
56.203600998696487	0.82551728574142769	-1.7109845664472876
57.800459646928665	-1.8328946963724275	0.42499567677906258
56.526542454516303	0.73433612778439972	1.5645950983267289
57.429246388167122	-1.8774676767661573	0.29204471836763463
57.1702160995303	-2.0199929068840681	0.34069497678133348
56.181894524105886	1.5467482079699766	-1.6719720949026393
56.116917796635782	-1.0367505308525187	-0.30649016540160623
57.835978771697242	-1.7743835831625339	1.5476582031690507
57.04662425643081	-0.7753053269873228	1.5156375875821817
56.120929089637002	2.0059835999501678	0.79272748225723888
57.471612104964684	-0.56146758516187223	-2.3960975887099765
56.895840151726354	-1.570310870076387	-0.74167873760585012
57.044946402160363	1.8543385766350711	1.3149700199519645
57.996491913425857	0.68022437904177702	-1.2873852586792365
57.803927236102844	0.41824910506833135	1.7029787700836001
56.191081575720943	-1.2102462542483554	-1.9271655798078329
56.221194425694392	-2.2274353362877584	0.57380765276641665
56.62549612320305	1.4752592375610474	0.77028204864336136
57.718030472708392	-1.1584155004471375	-1.6609637876947985
57.587370782471019	-1.5523387224996246	0.78066239920532432
56.748528497752062	-0.18640273091101203	2.7212134219344217
56.454106340271551	1.0534227868650878	-1.6539778102092859
57.16302167408692	0.86337798354380968	-1.644738284305612
56.788081748763908	1.3210775438297717	0.1950994880040465
57.517263411811577	1.5483949143117346	0.93365290505638088
55.980639410627369	-0.54931879998087196	-1.2937874095123905
56.405263543325482	-0.46727414317520516	-1.6551785494878792
56.943816405631821	2.1235691162272849	-0.16468053018944401
57.01096689950743	0.73617770647088621	-1.4565584418336441
57.462197940324941	-1.8380989340567517	-0.60018032898910889
56.777941406970989	-1.9828158139132515	1.5128810144710707
57.177675935003982	1.9466734672985893	0.86771918328440956
56.212393421793465	-0.69738649398699737	2.0521385110507855
57.891613599700108	-0.4375242692054816	1.5199515232865195
56.221005679931118	-1.800888283669748	-0.83935959697755946
57.365076760102383	-0.53680643370389769	-2.1270300652782526
57.668518054771027	1.8335519687435253	1.0432051747617392
57.075781623146703	-1.6818936435115621	-1.1595192217018175
56.478569808734932	-1.5785058731640254	-0.77390563426410119
57.626413662210837	-0.99115949175870743	1.4285704554831178
57.209213965430472	1.7834929248393521	0.33281468617435278
57.315610302407528	2.2726725180147613	-0.22683051368918603
55.88927670209852	2.0817911901366144	-0.57919821896681989
55.995556868660444	1.8365315932940267	-0.74030016312790281
56.606084587474598	0.92933323479362728	-1.7737799940758858
56.660985397629119	1.6861921233888388	-0.7904533144738245
56.91078239367382	0.9337495548102861	-1.9138971905944373
57.565495838917556	0.81482172926199303	2.0625297577316082
56.475621967567506	1.9774424393667573	-0.65962370978912299
56.676438188243097	0.3552175889993473	-1.5952134356288095
56.953700636245813	-0.47892222575201238	-1.5359175280212867
57.683161490332232	-1.8604700840344599	1.1225928592102776
56.687265182513286	-1.3232175111044806	-1.6975880245853643
57.423260654699682	0.17513897089764099	1.944581722159576
57.198251753514619	2.0243564008561084	-0.90205324458533076
57.14719558750609	-1.3262680782312852	-1.0922645266624895
56.105032285320448	-0.43501495064304296	-1.66974911198428
57.71591389027288	-0.66548757561822913	1.8286849730599135
57.536068017591276	-1.3965474158863527	-1.6997899615188554
57.097168111506321	1.5639412525413445	1.1516427872887478
57.402326553290365	0.92474366307087064	1.7261070880173419
56.606035297474307	1.8484275933552392	-0.82452836297592691
56.077721068570412	-0.23459254527667653	2.0711731138546257
56.749335369386777	2.5199328591232155	0.2662008494377931
57.721261738230531	-1.3227153585300144	0.57946801665422576
57.587947796492493	-1.8087719705770979	-0.75259981198490766
56.333453913506304	-0.19938474052877536	1.3775823497619706
55.803673701940795	-1.5501272159660464	1.5115671449538515
56.289333935997874	1.9540086620483963	1.5537992634995053
57.02303847056757	1.6357806363651834	0.86760376088962976
56.371340336801943	-1.5260533856174774	0.91916680030708064
57.482085278844515	1.5183807004550733	-1.0173711306680606
57.255082777585457	0.90324084272600269	1.7711556338421128
56.57509768194209	2.0510872415802801	-1.4198758764122972
56.71478789605267	-1.9957578405269085	0.44428269855593544
56.910550304569981	0.10725289557745066	1.5858176571151368
56.899103954000267	1.0583936083665677	0.19236267910499899
56.199103215984842	-0.12340043227577023	-1.9815253960375057
57.693777127854403	-0.65305729360157394	-2.2439545191054129
57.76550429831061	-1.3691270992067213	1.3459604684266782
57.401918269031334	1.4714694332689155	-0.99227868455298396
57.814494266161098	1.2574179689664002	1.629618707313047
56.696205083144243	1.3080910347769894	-0.36784760011828727
57.70745285439002	-1.2068431274355704	1.3268147116658235
57.24618290682622	-0.25907429220467793	1.9004468407697195
56.575711688800503	1.3341317072307588	1.2042699925571947
57.796027040063777	0.7537239810069194	-2.1746343406505759
56.765328020366972	1.6534383085915916	0.95584311543371259
57.550434811362123	-1.7440102146598371	0.8440032973337066
57.171801236039663	0.082309870201740215	2.0231595493884416
57.887978090067122	-1.0661869545934146	-1.3395398497903561
56.539299767619156	-0.39520837944840576	1.8482737368975668
56.395010549932884	0.18183538810341737	1.960588621479848
57.378569072111652	2.0715787748045522	0.15958137149620047
57.451974388161332	1.4299146590162022	1.2759752882598652
56.653006803402803	0.88883662576544198	1.9173133766953485
56.631044289322553	1.4665448264001339	-1.3550291962472671
56.10184331826521	-0.39388435225600993	1.7482341373604957
56.464239360314501	1.6631866652720138	0.77835960733456877
56.125804352894683	-0.54529042785213899	-3.0287520484919543
56.909853665823448	-1.100753318601541	-1.8759629620609051
57.342059927349069	1.88572941791494	0.53978108975631955
56.519626403226347	-2.1692870894414553	0.2103002973727964
57.764027172892	-1.3625472793521003	-1.6806298233901105
57.897512116039252	-1.4974357114334749	-0.23788186128133715
57.071865712149354	-1.1715792077412197	0.938337963945716
57.181896054416768	0.27788329641644666	1.67200008662248
56.063871178565371	1.2606631034593427	1.4677258470112247
56.177376791146941	0.90636404749351229	0.8672586894287948
56.937023897116163	1.3034321273912988	1.1737038963920996
56.798816826882181	-0.47292715209606045	-2.2899633608895344
56.894499058005685	0.64536579839620978	-1.9895233472091014
57.61366305051888	1.9066684921914367	0.051639823304181362
57.527217678138349	1.060946377848482	1.5591606553727171
56.71848851064204	-2.4746153037470506	0.93401429099905464
56.894535873309557	-0.72177854838567268	1.897691340148927
57.811255021187371	1.6862362566234375	-1.3868546619275306
56.067766341630353	-0.027449792454748448	1.8385460384427432
57.934223911577277	1.8249908871066536	0.81336562407447044
56.468391073065867	1.982543068005677	0.072656045836656316
56.363604171828626	1.921000352663699	-1.0835241272133709
55.887771781119461	1.5538616909424554	1.1414958577827776
56.531363298457336	1.7862812541393507	-1.0450292946380919
56.932697846801354	-1.7307765801819408	0.82753030833631025
56.382401613620495	-2.304910002379422	-1.2512140638244305
57.611303350411248	-1.1157657497532856	-1.3825572296613011
56.977878585582047	-1.4738253358093967	0.67459834685262832
57.10608193956768	1.7867905837325713	0.0087460223863707835
57.709054502049966	-1.9132492594909578	0.63903814817896154
56.301002834536895	0.95620876492450979	0.92959185386651244
57.565016798659549	0.43930478081693497	-1.9697757019360376
56.475305351018179	0.42377125674791372	2.0957161540058351
57.770137279256552	1.5974479884888881	0.63725932684855802
57.933780718513802	1.321621014842572	1.7103425739953659
56.127470051834074	2.0507392341256194	-0.49164508923586031
56.075789075690153	-1.8789465778443022	1.0078556335167757
57.601952286002877	-1.820248844400874	1.4962131620586006
56.052095461242935	1.7964782042466272	1.3750378479043437
56.582462536075241	-1.6913312586830755	0.30415840960644863
57.826137924186988	-1.5170007204006659	-1.3120951951028523
56.835486602609357	-2.3694171327769209	-0.043828785443116504
56.98925378721006	-1.2752960393923038	-1.6246927937565645
57.203749826125268	0.9859865213110649	-1.9653998855865273
56.309090961404429	-0.022332420190923435	-2.4957765554730349
56.180078532472564	-1.8761775626922279	1.1462853553575536
55.963473862419029	-2.1279926249444929	0.55277328525532421
55.869675630303902	-0.9639051828379559	-1.4494462510162809
57.198636125190717	1.7276997395197036	1.0522348872850273
56.689486992361594	0.98872544878211488	-1.2727011217977304
57.336318137620268	1.7707055170213819	-0.83353092238685067
57.228197632747083	-1.3117404858682387	1.8025721063857434
57.526838086604769	-1.7383297998417846	-1.0440538904808228
56.645118081318195	-0.98685501593013703	-1.2908259095884489
56.986352784522651	0.96487806952326993	-1.4839699502157775
56.485972108713483	-0.084632597822947311	-1.4120525540476931
56.909302752084329	1.4506186285031726	0.058951814992880228
57.273448371114824	1.006759798822797	1.484963924895236
56.879557738124156	-1.7115231819284331	-0.87470750296670041
57.7013827083317	1.6922370990088478	1.1218266439960649
56.454115517631692	-1.3751794315758776	1.2367384846845824
56.87389797512833	0.9244920231615138	1.5268309945729079
57.563033650641003	0.24824827423088	-1.8397806968188219
57.862746831362983	1.5653021338892441	1.1586226644477584
57.142613232438599	-0.59718337979566838	1.5781846174985343
57.328453610234625	0.5014853495767031	-1.6469351668027294
56.772067334358248	-1.1164551854036868	-0.78582020555636622
56.426697476300831	0.91054946138722459	1.7536355894976354
57.743241027662812	1.7078821718380219	-0.89332514211965153
56.388344317774632	-1.8722026583548672	0.022847851879588221
57.406227069765286	0.13341907815244863	1.889563542977319
57.22764379488499	-1.9866152541109972	-0.88644180637001113
56.555448857250802	0.59469144865036405	1.4829203852998007
57.105004413347984	-0.052236226322338278	-1.9057724774921141
56.443399117279661	1.7099702455197043	-1.2294940332204023
56.414841837045223	-1.4968512720760481	-1.0516468585756964
56.790487372105964	1.3133275674973046	-0.82079382927054034
56.92715585564725	1.2788239740069369	1.1348690627095572
57.069032428863373	-1.7997002273273879	-0.89708120705861538
56.850119351689969	0.79396580651457971	2.4415974895081107
56.576302597129498	-2.0024018243842376	-1.3600950669326457
56.909637317826963	0.12987436758864349	2.0006311429559229
55.9854856921379	0.042675121788367645	1.7823008386685044
56.028334178014035	1.5957975142744714	-0.023334955945660728
56.161742142064192	-1.9664813383212771	-0.42860891150676123
56.028736730656092	1.1251423122246207	-1.9315710929274978
57.724759670476232	-1.9988769683553798	0.83179668509238158
57.327103197007318	1.2086054810872562	1.5986513768826405
57.716492315454133	0.31924644814785735	-1.858077424715473
57.61882570390528	0.017012668837291554	-1.8097089016394718
57.299014862721926	0.52014597018254916	1.734462524200552
56.322533596263199	-0.39582659872711429	1.8768105683288718
56.585525124085301	1.029410305859451	-1.5037441386623687
56.122511043497006	-0.28313756993714106	-2.1635953710576477
57.515871262365515	-1.095791181710446	-1.8861521652149724
57.114034517306607	2.5868794726135618	0.45542204805120512
56.950298679310684	-2.0193334801597094	-0.13014501920364341
57.303546586569873	1.5192990420920582	1.3403024335928138
56.171892857127716	-1.2523826278594521	1.4267683131300475
56.248372105606116	-1.4798501738083252	-1.4472531127047206
57.070408801571901	-0.78923621439722824	-1.1708628755958626
57.534231881249546	-1.3913307411369662	1.3236315534848129
57.859501229212036	-1.8057400577855425	0.6068718293443951
56.66225305762466	-1.9718377836004444	0.53538682605316246
56.568899221449037	-2.3978891281148011	-0.93464973870479828
57.307040580178935	-1.8890189975531904	-0.089943205198523501
56.160670681614995	-1.2296762644901376	1.8744975726392277
57.17422147284563	1.4413181619887203	1.6258386322629155
57.464840469086603	-1.5365149206867992	-0.49515971488285304
56.884906003651189	-2.1054362107146907	0.25922831578736472
56.933556834301669	2.4238534056771415	0.35445053345693145
56.515923587993605	0.28033213724900585	-1.5147571554369468
56.571598549902966	1.809263132717061	0.052457429841955006
56.479525050874827	-0.052113320524515255	-2.0517663901203447
56.629386802237605	-1.6489460502195081	0.42328904297114561
56.304370032841319	0.1971560734085159	1.9722456471267866
56.348187861982424	-1.739250927255495	0.5372310166250529
57.623902257588568	0.58322685255202122	-1.8905277036489612
57.45036115334355	-1.6403171470882765	1.2491691717583582
56.512386799672832	1.9660054314030402	-0.45017853196435653
56.932298947181167	-0.34989515393826176	-1.9516163741804531
56.442754318475011	0.82191290744713119	2.1040612297997647
57.341247484068226	1.9397923515687188	-0.33038838198109488
56.197039466747668	-1.1108797846242227	1.8175625031771079
55.976381375368085	-1.160297640310884	1.565135118733145
57.035702470924406	2.0165100509568346	0.14666740539464268
57.390187429078956	-1.5606048867580604	-1.4095743083855063
56.452756724239485	1.8599022470843134	0.6558727635412579
57.301480061569919	1.2678603688214656	-1.6220182203923936
56.426127636197876	0.33727054681121549	2.2272375246804006
57.827875341233089	1.828485884639979	0.47145210311963309
57.125723921528291	-1.0942500778335784	1.8799871111434852
57.455616441735245	1.047486264494246	-1.7596004562558183
57.865923052123662	-0.95410933994751645	1.6945081621545002
57.346948009176003	-0.46527896357372805	-2.0108523414581034
56.069581235150615	0.87362319856743831	2.0490270829128776
57.344394018116006	-0.82280016095619624	-1.7831075514211774
57.589965835421197	-1.2811090224188895	-1.8521168260848746
57.65694148328992	-0.088203913727075103	2.2747819040900747
56.3336837517368	1.627688742099858	0.59830560139522992
56.351143656971288	1.7189262236698661	-1.551400015758748
55.845522937423993	0.65470474278640078	1.7615573091412791
56.846691295498886	1.1121001231413956	-1.6483566471433821
56.782899409596531	-0.3458985088800634	2.0343573116166889
57.451993391454529	-0.99934636536375776	1.4755930363422469
56.647685605028272	0.77587400720736255	1.6972536010807429
57.153369810620845	1.4181695172973483	-0.99862832992736617
57.135002893631558	-1.8778575374472417	0.53175655457031967
56.129793615183765	1.9055865161901968	1.8538727867003317
57.029152675175368	2.0879519394489496	-0.17110692729842986
56.163421953461338	1.7484386756536803	1.1121896641494615
56.439303562031192	-0.89858907645743036	-1.7702165457899939
56.286989641725981	1.9475085757012238	0.17902096435182882
56.790240705513384	1.1057742877656935	-1.994580509959796
57.701995177470131	-0.21854357088985077	-1.9271864155073959
56.540182952342484	-1.3285562069800958	-0.70847891940981511
56.183220859614273	3.0066565293722127	0.13973911999631417
55.979030364297692	1.0725341689063466	-1.7870284475977969
57.704753442727245	-0.039336745273176696	2.015838142022254
56.260293335564029	1.6220122067519172	-0.75703331883663294
56.772540667371423	0.026182441237682506	-1.8257845202470189
56.086472462589718	1.7961850379327786	-1.2970436406122432
56.878009594711223	-0.55673847122720499	-1.9192077243017722
56.440865844056532	1.9645742375984088	-1.1708300900778699
56.843665435072786	0.56375137312931256	-1.8747627212120346
57.732787730873802	1.3020014341713551	1.8603204857092035
57.195400431152152	1.4911537753353301	0.89688096043485821
56.143047278749599	1.8120367682648451	0.22205491244390188
57.600450159392587	-1.7373193671444769	-0.54834418086828207
56.130657078966429	-1.1602161272779077	-1.5892168369785351
56.383661707317991	1.5497055292601425	-1.1201383274021695
56.238986327449361	-1.248958136012104	1.4033505480205339
55.928690846021262	-0.84906093632730417	-1.4861476767945354
56.418786546291962	0.0010737880989150626	-1.7730486725935151
56.919043112175459	1.3116934019595934	2.2110329074640744
57.501365191152637	2.0283650526903867	1.1737189483589832
57.139442365197446	1.239626415844336	0.92608014102716607
57.916820721834767	2.2221751920883324	0.29086973214821266
56.234394687886301	-2.1592853564761367	0.48806224360128725
56.539758489156057	-1.2926067150336706	1.8680962148357878
56.479451489998908	-1.9819413701784259	1.3525265874798265
56.300425594241972	2.3467981460983993	0.73883094134598171
57.497913710333677	-0.17944710279853193	1.8220924122387663
57.499258948577982	1.714975491833393	-1.1020528165802814
56.595614382370123	1.4569650895616961	-0.31413194741921452
57.249468382932157	-1.1595129976960239	1.3884934769746862
56.274013501693027	2.1738740195939457	-0.51237699327389941
57.704812386472781	-1.7303962601309715	-0.62605369459512927
56.314648258363171	-2.0519613410477864	-0.12825028517157949
57.942804684462331	1.6486701370724091	-1.6268836723431639
57.165733162482972	0.33603284653366339	1.936887712316081
57.226189399943443	1.8455282523320873	0.13967450581987509
57.624483297725554	0.89831677022860945	0.00034653154483978241
56.603410489535541	-1.26748647257324	1.980886348044069
57.198546498836947	-1.9219097785327879	1.0431264950892731
57.27660191424085	-0.73947719413559254	-1.6673129131983171
57.189805471967006	2.2587664887840448	1.0701042268793268
57.149965747046636	1.0313686676723011	-1.3578291121054482
56.362016587176619	1.9812306995557827	0.41479656203280274
57.322185363867646	0.30169927271128821	-1.5941290358625742
56.654647627192155	1.9896513087925745	-0.084797423215771175
56.307039563161254	-0.62541224782913685	-1.2872068679331643
57.550303919780269	-2.1356749527901022	-0.2724062102980801
57.480987773778651	0.71167078285522589	-1.8022708669817729
57.609691153969216	0.16844240353355275	-1.8288395113845215
57.223684596332028	-1.9641827991661656	0.11517419861294501
56.44729972616387	1.7895254223517731	0.63008973091227749
56.184816799483983	1.7060458477323939	1.2714686767217735
56.468767467187604	1.864597187523203	-0.49733916493762276
56.190611032073193	0.47019855145852957	1.6274949210966874
56.197763754394515	0.61938846895875499	2.1900393133020541
56.204880829783626	2.1503787622487076	-0.78487684660739232
56.079380937130892	1.7228171706731108	-1.8086341267532229
56.704952297224928	2.2930629657727573	-1.0393332120566219
57.724076498598023	-0.47746188559254499	-2.165400878115932
56.432613719095592	-2.0804443063877165	-0.14298670391520429
56.667839432115478	2.1961695975159108	0.5526781443592611
57.635791990861378	1.6722990465816454	1.5474146064199772
57.896305147604323	2.6544554960152893	0.1054732895516598
56.26494529739179	1.2646496357418866	1.1477585102835524
57.216067343890415	-0.33865397321409474	1.5642198403344147
57.88191368439999	1.354199898634072	1.4601345973587159
57.961566657576974	0.91479010539015693	1.9541413184723895
56.296423925527968	-0.46379525822074719	1.743549540250855
57.606091117737982	1.4736824316069779	-0.87185569991234657
57.721491640358053	-1.633190872961837	-1.0412298674591254
57.54623394064199	-1.9230854696312363	1.4273742200431345
56.38800528629865	-1.0050958389249482	1.992117717249684
57.747016364546106	0.40232926973730582	-1.924053489562439
57.567208980770623	-0.51504439594479179	2.0317855310429427
56.881271291395727	1.7275733132176441	-1.3871313895659354
56.590769489154368	0.11386593324874851	2.1639851230478109
56.555721781353917	-0.056299201780993124	2.8047413847853497
57.260759716554247	1.5123986699064316	1.3121083237177324
57.163833305301544	-1.230429687328052	1.2883324522944395
56.70958777051505	-1.6171560597932881	1.1985169316843998
57.298837414393212	-1.5852169625661059	-1.0688529014791774
56.555407020921649	-0.89860142870359228	-1.6461040212234157
57.626715989022316	-1.0160517662516855	-1.3881213584542418
56.291574664594869	0.39858077978376905	1.8130170811741178
57.239374164537175	1.2987800506724665	2.0479217740821731
57.821117570297545	-0.26804845109609066	1.8983386981448944
57.842361594365087	1.2614472989796206	1.0897680651974517
57.43406798158297	-1.8693469554124806	-1.0913967777164559
57.126468325671802	-1.8424505702846319	0.55576561710403383
57.883439009652704	-1.0215057247513937	-1.5254525991208281
56.229937661057853	-1.771835249735358	0.34647262637370879
56.579245892758479	1.9118349888098842	-1.446272266156764
56.630651527684563	-0.59031804424393619	1.5943979405812205
56.745055360783645	-2.0430859572884867	-0.86513895754340397
56.947275342437628	-1.661856238349211	-1.7481086000802015
56.192086672571094	1.4154994408502273	1.321834629754252
56.526642667994501	-1.3591097255681561	1.5729389995409488
56.100455795237316	1.6756940840637127	1.4993746568452231
56.394109777441734	0.26872287124890598	-2.4524247782459248
56.097325333877805	-0.3013746795668017	2.1366067448809414
57.557789597153537	2.0294241269142335	-0.47121513936037429
56.528757304235086	-0.14981300643532047	-2.222845629733607
57.602864829390235	1.9528723286812908	0.68818048695478229
57.169875531785792	0.60300784935705898	2.2065738298574642
56.506210874742244	1.7231952014552556	0.9636793801277751
56.695370189157572	0.78692216165672557	-1.6966352989399582
57.28216995969494	1.5134825019167573	-1.5384907692245977
56.342150412188865	-2.0982636255994009	0.14270616697314109
56.881956667759155	-0.74640313070061526	1.9945628447266279
57.07164280809446	-0.69916417417515941	-1.6336231339164398
57.67795946015751	-0.28421509175102827	1.7558035914290309
56.390564359455418	-1.6177653716746105	-0.31446675316514966
56.635863210751829	0.92230213466086042	-1.6771985190342935
57.80927352691257	1.5316053537916123	0.48084144956505276
56.977894461823333	1.7506645199172675	-0.80557843536040774
56.323546789181584	-1.5093428142426271	-2.0561220936648907
56.258860809102003	-2.6742826117941143	1.0576844286047611
57.669766657922523	2.2822743400002543	0.25365254337882726
56.673682771309799	-1.5260624284314699	1.3813759857171204
57.312681250121265	-0.32038153792179541	-1.3741175417718756
56.118286212061484	0.13769479239680635	-1.9989518460580242
56.81419981305649	1.6293559384828216	1.0660959701078103
56.46002319748122	-1.7142119548443862	0.6453424788971347
57.786013642181992	1.1117611141888299	-1.5871983238195917
57.655993207978206	1.6805710617430802	1.2065435741152282
56.2694827505047	-1.2651960516211751	0.86364537073838721
56.8460517874517	1.2190261255889363	-3.5994751127519393
57.927070722068997	-1.5226361938486233	-0.91727800140168492
56.226429995371575	1.3996900470635867	0.073999676618671101
57.170798108042625	-1.3392217883393469	-1.3707677196317065
57.808707699802788	2.0421065043567075	0.51874523903087089
56.566560797265332	0.33895119717894917	-1.9170175495077697
56.813802954252644	1.8030456263107397	-0.79377087050021466
56.037242997382158	0.956362675246891	1.2039280977965923
56.3564344170331	0.0063741550026427465	1.9307991351428626
56.552282915283243	-2.0001308006972858	-0.46636669681205195
56.433382472594744	-0.070019339635856187	-1.6317960974322565
56.487146834053746	-0.26966140210105594	2.1624304965995749
55.943519309643662	2.0789464921678804	-0.71959184204652904
57.330336899339827	-0.84608185841945538	-1.4331757079301783
56.723146932706797	1.852692773691144	0.71917030818500871
57.61727565787568	2.1384442777807884	0.26029154749706412
56.983010649415718	0.76560888211198863	2.061081153729063
56.005970377225758	-0.56217255401518074	-1.8735989273529159
57.236318528288372	1.0399175946007602	-1.5200637124581597
56.550590032683587	-2.2175362945458721	-0.23850634512796129
56.225812529261482	1.4704398654501438	1.2029112926719854
57.340939086696167	-0.65954812482591685	-1.8006526583182159
57.78368008264043	-1.8877536685458793	-0.37266188005400375
57.750379368023879	-1.2468766207304778	-0.67270135709483259
57.230443630646164	1.7965297719827651	-1.1119088267960211
56.171290855894057	-1.9368782845060195	-0.078224404677822074
57.780660812502802	1.8214057136137181	-0.85478705575948311
57.307400158118277	0.23327516251607036	2.2645806965744084
57.532899452297691	-1.915334680486295	1.5736334274037334
57.23269208945765	0.7134048540365544	-1.8726565183965662
57.196663916520407	1.2471211100900415	1.1290877318781147
56.167489061785908	2.3792510053678142	-0.36699877897541267
56.248026250194606	0.21272474528380692	-2.2906941520883795
57.772006452565364	-0.63328254118885319	-1.785277737981469
57.419143735301262	-1.1979294915177796	2.1755901855181157
57.847727121301368	1.8926303212519056	0.16214379388997519
56.108487055274111	-1.0182502775851148	-1.0506031162983149
57.408732076598092	-1.8544602477160721	-0.59360734437682927
56.71379811678139	1.4959830616128784	-0.71009766063177937
57.230149305505208	1.7038835181186616	0.97075914912657102
56.765046138967676	1.4434498854861075	0.077478972834370205
57.176720031617457	-0.70962731916501665	-1.9243194247611539
57.431968366191377	-1.3109526968339305	-1.5883544090109991
56.955711533394293	1.8513275634900672	-0.26850956178335483
57.764920553361975	1.00497149588801	-2.1655867963665592
56.121546521961932	2.2206921477283097	0.99185748771461246
57.59135777140402	-1.4857893256308006	-1.4520522235952078
56.505295032508961	1.2786015428415534	-1.450709922365385
57.480929080923879	1.0150884917187799	1.9242742442264209
57.143311591457113	0.58739612015288023	2.1723976189732408
56.636028507326238	-1.0788708341519098	-1.5995863401232007
56.226481100854592	1.5816660351376766	1.6701150657182082
56.587017291317181	-0.80233854997723864	-2.2721330008512886
56.338533396915899	-0.56505683236227233	-1.8342271276156903
57.520939415301612	1.5351529897902776	-1.2023177856689233
57.629330532944621	1.9008670215250576	0.53667510692004117
56.430095363971411	-1.5614292923519062	-1.6039043215944562
56.406956757888892	-1.7316686355886197	0.58602258547297448
57.733311460616356	0.88731249798658485	-1.6080183304774995
56.290342767531037	1.3084208564498518	1.1530254765219465
57.414162499920344	-2.0369483809691844	-1.1152803812473291
56.585824027168464	-0.45696038188430904	-1.8228565013300082
57.944627330860428	0.82187974283327114	-1.6050436290215351
56.574789714041842	1.7528686065316612	-0.88974603216660997
57.526355734116535	1.7475620173237076	1.211663941093527
56.228864364929237	-0.25458276247324413	-2.1740491690690469
57.649814540952967	-1.5055556054947887	-1.340116259241249
57.82928540977494	-1.1253240534398081	-1.416388994444495
57.490180468798208	1.5097356276075864	-1.1115473242151492
57.652411414148801	-1.5931180997451793	-0.96928094039465951
56.88552618967779	0.83985727850953673	1.6886613587918295
57.807786688937561	0.71856440916156916	-2.0026879769458414
57.508595600749366	-1.5414689397628289	0.35406187692612251
57.781112931238582	-0.51518745029504065	-2.2751907016532429
57.449408574702453	0.24187430479716682	2.136345659562561
56.202685240940312	1.81874819908481	-1.8988491834177319
56.921938719991815	-0.35555201290315969	1.9499677592159137
57.603322314444668	1.7959576634934344	-0.6147242462913397
56.398617982839063	1.2091823090691278	-1.7411588749000693
57.681772886640573	-1.4524212591314472	1.4550168695768992
56.792523966137765	-1.8950454605976454	1.0005102018290477
56.379986447009223	-1.9742292079991806	0.46135017862306787
56.084942391368436	1.1196534215551941	1.3210953462122434
57.370105952377941	1.5947748873995458	-0.88568491169217178
56.259455822972505	0.35367927392487619	-2.1252665269079638
57.512441328947013	1.9529376184020824	-0.7260257005618761
57.778923242776848	1.4288785960199855	1.6117227589168333
57.148636939339085	1.0611524496017839	1.8624128492465526
56.761519528893103	0.1635766621465945	-2.6682048820759148
57.912917841219368	2.1044285292740241	-0.21543625539440064
56.796471696484261	-1.6623195392103602	1.1825160531827075
56.232166691829647	1.5050234693661197	-1.1027836272342371
57.26587518770166	-1.3702702322859523	1.4308870236196258
56.141311758950827	1.0879747727858058	1.5805231862721096
56.777604093659335	-0.17990397363589797	2.0353383562967027
57.763441711417386	-1.6849965029510854	-0.78402417894402976
57.654345890463411	-1.4730109129447477	1.5030207159067208
57.424325387917087	-1.6428004415949715	1.371022386091477
56.993999642047093	-1.5618412414206579	-0.77038142342694416
56.062943881671245	-0.16696998070106539	-2.1018169385051788
56.471687849266502	-1.6908294699036279	1.447390653340356
57.64951592632211	-0.86079538457169602	-1.7086483991894716
56.843517181495983	1.3959403073348049	1.6812387904939452
56.536629598419452	2.1182444175000681	0.078562761262751621
55.931124784169555	1.6687447006972964	0.61133435302978512
56.686978181601354	1.4277474351406714	1.8027026856204862
56.03478907219727	1.1685976117513095	-1.5034701021281123
56.80649199291959	-0.5579605995538961	-2.1320847571689963
56.901202211945325	-0.27138998135202863	-2.23077383302192
57.231041068794333	1.6505484888827999	0.67560237243770183
56.377002045729164	-0.90448316360373626	-1.6519283907022235
57.285990454690314	-1.2771520652539001	-1.681539941283638
57.16387942584533	1.5734984656550777	-0.78025270188731033
56.851637307832696	-2.1493135730941035	0.6551892814272986
56.0103903213761	1.9013740978267339	-1.2138053794366861
57.500249647165418	-1.7870718298048456	0.16470443885541997
57.379472769200596	-0.97729366284397046	1.3374897535274577
57.412433049313734	0.65554308120236349	1.7844279800320959
57.200953437059631	-2.1426229573195479	-0.0078539763048167226
57.087506781767658	0.34762089648276562	1.5572934452413059
56.518411601547534	-0.9091907847715418	-1.6540288531683518
55.898306146245709	0.75161925015036357	2.1368840577698589
56.470931986973689	0.74125108054622746	-1.9211547751615652
56.355065672095883	0.94558953862319339	-1.6951796731621624
57.395944759449293	0.17772866667672516	2.1854825116894028
56.903468314384469	0.73047435324169729	0.70501387680018346
57.136992218443758	1.455519041390644	-1.5811342430291933
56.402257719062717	1.8873839034002269	-0.26176477070846393
56.164141097074911	1.4946500032107051	-1.8716960749190306
56.300873657895828	-0.39035257529165979	1.865697941196875
56.798690862901346	-1.0320869052318284	1.6128099830375962
57.895862642280257	0.68863776631394069	1.7834598647575322
57.222934264570696	-0.92032712356920354	1.517056204823793
56.629404988269933	-0.99769219708835644	2.4376957798654346
55.836965559614583	0.53188385309513286	1.9064172346104087
57.603147086512301	1.6412496049163696	1.1164642045062365
56.877530752762112	-1.0891978973545129	1.4530397068794667
56.295307295303154	0.55355227057546708	1.8216394178451258
57.835204406499805	0.35268390149022122	2.1312589282338972
57.427251670680974	-1.9661329830908199	-0.60617598502849124
56.298739426417747	-1.207026801113799	1.498318747310289
57.690335075049568	-0.25834049392675085	1.9880809679058105
56.861722674423717	1.3577987710046036	1.4148509047888835
56.059072320883139	-0.81219903072784916	1.6051187762664936
57.108147317738577	-1.8013557195552508	-1.4537482563616191
56.347055564246006	1.8899235542051742	1.9368267078407633
56.854538729631784	1.692564151913809	1.0620019907501945
57.105830755995193	-1.3022345223958232	-1.6105750247547457
57.257012168670187	0.20356487993926098	-1.8622930859004438
56.494717212615804	-0.06418679546937249	1.8750533907493563
57.111873977724571	-0.15962932908690111	1.8140347209192726
57.304815809303058	1.9332282473686246	-0.23771502362867264
56.373460707674639	0.82131158791906211	-2.0112734998327841
57.635729516033543	-1.9415963675020009	-0.68710795889206278
57.121333264258233	1.3097027742560878	0.47922877954764737
55.949143533249547	1.8616908162238233	-0.93848541043472478
57.383202540747853	-1.8786865128828838	-0.50878951188008259
56.870618436264195	-1.0771616532280501	1.3795812223022967
57.176960838353779	1.777973443540924	-0.92000490874617613
57.603709221786183	-1.653829973614737	0.38186444400622199
56.598973084014631	-0.15046971255010896	1.7899012674726398
57.110588291217212	-1.1454529991082432	-1.2913802931454514
56.344612754515659	-1.823696519278915	0.7363199865768203
57.130049856050803	1.2026395781553121	1.7946781807025585
56.293918307806834	2.3618564584031168	-0.3157387006657158
57.078975066693978	0.67966775346430452	1.9207220049770828
57.216045280769151	-0.6173764143277134	2.0346194134802174
57.776900583119229	-1.7918194444627089	1.3469110813460494
57.365920096070155	2.053846332835819	-0.11608365098582552
56.847170133523093	1.2706702009765434	-1.7921849009156663
57.637663532742017	0.91664207964099287	-1.9736164181618048
57.440064267259011	0.27297174101281474	-1.731498734184703
56.74923591097123	-1.6912210413700755	0.95523892206107053
56.893691543966149	1.3982209697436032	-1.0432628999757163
57.183622590670147	-0.94881822663657756	-1.9780282512730891
56.524123618169959	1.5614987969074015	-0.19595698660630512
56.133960559115955	1.2658261694516835	1.2969919682972944
57.150839002989983	-1.1757813247479152	-1.7845549394919822
56.416755891541612	1.6242497902716426	-1.1394172515272223
57.635882144410623	2.1433999433044457	0.21826438223898365
56.787699946024055	1.8989142355258997	1.4981121501711301
57.626281415649117	-1.5521948936000529	-1.1636842162737602
56.110472926307949	-1.5528265698246513	0.039275989726423717
57.651717987702355	0.50372629202609376	1.7699804359216069
56.849964799200912	-1.295436483016243	1.332520914586852
57.816130285181174	-0.058362177018337083	3.1048593697551601
56.418069070245664	-0.34566021196131164	1.8512977202170102
57.577396936422062	0.093129356566858057	1.8629934968800912
56.799366929714751	0.90001090951401008	2.0368179235863715
56.349904484446192	-1.651445378022792	-0.30871500727368395
56.507514415468584	1.3505849486868322	1.6079770133438027
57.359242676203323	1.6158288512659758	-0.38846830785560982
57.481520547520297	-0.94091507362612259	1.1604639615817554
57.528785628536447	0.53216506333161218	2.0262612392387718
56.96872393552416	0.53057656673360742	-2.0326013007302901
56.053881111063802	-0.53972181169340117	-1.6093692977204401
56.670316155241373	-1.7192412069447947	-0.94838332562632432
56.028990087895494	-1.8246408355023089	1.021310783798292
57.034001079892185	-1.2830618735436232	1.413027939124468
55.229079361527873	-4.3766146963079056	-2.7634339639913779
56.700088468361344	1.9908522623273142	0.36420865887931225
57.768073984447568	0.03578661230935775	-2.3251312128777832
56.068711097409519	0.16925064092647638	2.4729728611661463
57.11486124749613	2.0145945353715713	0.96694323138533
57.161549915823535	-1.217215255425212	-1.4850141064360152
57.411209050135014	0.91598347345418518	-1.7036317916622963
56.643106476318074	2.2127426643127319	-0.2543381963173611
57.218490027042691	-1.9689616352025971	0.50156683183222128
57.353099410003168	2.280650581205323	-0.2013873594284484
56.533025170190399	1.0798507800169175	-1.3556502587286494
56.802425486606815	-2.1364870221790468	0.10710124208850355
56.356348472524004	1.0359000340028022	1.5493360070000672
56.322974782350876	-1.8087129207846615	-0.93295716844317411
56.413125930694122	1.7856766863403717	0.75930624735846697
57.823403268085904	-1.3075306813054728	-1.3899166742389029
57.73486769068024	-1.7016415124734146	1.8109129282275067
56.624863284748116	1.9368157487372915	-1.1093878395556827
56.289692687326394	-1.1630574367933875	-1.5292818368839205
56.561858978191907	0.43204312160195557	2.0600063441928498
57.613615112805796	-2.0508396492238261	0.43204031888428812
57.203085616189355	1.6970684470675865	1.1610965072984878
56.844693955804388	-1.7406986820829224	-1.0255124964367381
56.750550992921973	-0.3152852174015584	-2.3265754677568697
57.114852148506316	-2.4628441690997676	-0.28067702889980439
57.514384252874443	0.21878935920808265	-1.8546059452839343
57.077830294429205	1.4612474822974331	-0.7909383649587215
57.62177342856544	0.95443334728286666	1.7722352886090571
57.918852964380235	-1.0068663924215508	1.2378831200967686
56.187745819339156	1.102990198900196	1.2819782984775967
57.403539681207874	-1.8576125744345773	-0.12464656918915633
57.225524277188775	-0.76962047618801799	1.76340979291018
57.660117753022753	-1.1444870604777371	2.0246961017079728
56.340288874327193	2.1184667134422823	-0.11029580594235901
57.111147942901027	2.6852993199096353	1.4537779489777183
56.386864750382323	-1.4769386642283779	0.83320870147805315
57.58873367055412	0.24903291874326619	1.8073425932888139
56.582697226949151	-0.20441263589034767	-1.8747356336080223
57.517085943962442	-1.7392222049617392	1.1894692189653888
56.70219268277836	-0.60253671957382271	-1.3259459604063264
55.93539683487591	0.21548600607029436	1.0416567648901471
57.488351850959148	1.1868563833968748	-1.6994877375013837
56.763848605258858	1.7942808975851812	1.1224035912015204
56.48409162032717	0.81809870573803234	-2.1266030896224941
56.840603275245009	0.66693607659593668	0.98459705675468789
56.580485701495974	1.7542607459044564	1.3228805188562245
57.143904483698456	-1.7741307866994205	0.15288064866329856
55.880538871099496	-1.171443960859146	-1.9661010449972403
57.597059071308195	-1.7587011245048201	0.68709528672775932
57.027837819456408	0.22232232111566971	-1.3627208164762898
57.710768365504272	-0.77785773209442477	1.6665207758252614
56.35685293520865	-1.6132183650192737	-1.2896165195960536
57.554546539029189	-1.0065710413144306	-1.4516311480971014
57.083945141509751	1.8759989582226904	-0.23456432181958098
56.700859513304756	1.0389073055491109	-1.8441283344941364
56.960376984155054	-1.9210696801858032	0.033606462455685028
55.973254842688291	-1.2523244292367066	-1.5304848549329304
56.372496744145096	-2.349581279371793	0.32051289733543059
56.251583632018786	-1.8551266814121776	-1.3925387298599194
56.812468209946935	1.2628001132082267	1.6793868214824874
57.351199352857194	1.3060211706203424	-2.0145317754016006
57.072774217631761	-2.0501665743698365	0.49808809752532796
56.75647732399252	-1.4019012306152339	2.0162783255947887
56.870193579698736	-0.18760884282415097	-1.9650367734160443
57.332696542269375	2.179130285654312	0.35194906625874173
56.617716351691662	1.5499689058045951	1.3064525462449792
57.190967628784115	1.5678053622286912	-1.5096267851699661
57.35292446257597	1.9263681117737419	-1.2935878600281894
56.167906292603767	1.9772955436571074	1.0716735984566939
57.567350974486153	-1.3924963500928602	1.3240626718026418
55.891598761749208	-2.4160047782806688	-0.051996689647507775
57.926885682498416	-1.7578952848268325	-0.47871904192218456
57.539419426460135	-1.6748785570028413	-1.843950504895131
57.638127858205095	0.027843447497980747	1.917445163518853
57.656654070915835	-1.778510622245232	-0.79350653925743864
57.134159568304142	-0.65481123500816985	-2.1953923861354672
57.006410122957632	-0.42251263737333045	-1.8652489786655384
57.022058341301211	0.63421784661743885	-2.2542601897459185
56.372119324824816	-0.33046603032084404	-1.8639262437418993
57.241346401835877	0.79863943168200391	1.7552408952406451
56.49882998912512	-1.5359820035713234	-1.5098987813421518
56.965212681224095	-0.0013723287663687154	-1.6634789197908098
56.61989724926736	1.2616736278230818	1.6281325481880391
57.584630347003063	-1.5442594206557145	1.1283033764325763
57.728044635716799	1.7298501551026344	1.4165878750091432
57.361906274726962	-1.9290980651627332	0.75096504482470794
57.66954291234471	2.0592924139661184	-0.85770890613313766
56.341359520977392	0.054080691400749413	1.4754752601300278
56.191348210491661	-2.0053208024115992	-1.0293794190069665
57.502613128579583	0.91875023195992989	1.6586456886845371
57.839787654084994	-1.3559424194498102	1.5301475125243542
56.787449662941583	-1.4383896485510705	1.2808615223311686
56.922241183392494	1.3505059390463545	-1.8979236324154867
56.998075386725723	-1.7151721038002925	1.4281382289717877
56.197372670670362	1.2019980448832106	-1.0256980405357572
57.234360649421106	-1.6889561435586862	-0.71872934599823113
56.319888501181289	1.6027954341162123	-0.36036540028136632
57.643922374792069	1.6203404279804083	1.3598036494516199
56.811624467900828	-1.6670931385825098	-1.0393994041802423
57.286939004910266	-0.28849542118737992	-2.1190526651810804
56.729308829431112	-2.104808468961195	0.51614558872579563
57.506669176935191	0.079978016476879812	1.9948318851272462
57.745119710454922	1.9064974733318001	-0.42121154677556555
56.453780891664827	1.6279056790559632	-0.92341380369367021
57.13946555194336	1.5410456619120185	-0.63530571093433996
56.381066563662458	1.486933002020796	0.38084605285755796
56.681467697975037	-1.7268967178604213	1.5156557289133603
56.970509025760968	-1.619763610391552	0.26685302473997902
57.927171893625257	0.31886646896954468	-2.352290147410752
56.154485911033618	-1.9601044505146623	0.59729636410056319
57.107246740803788	-0.73277764284993985	2.5819769945610345
56.873924106282551	-0.85924890192282344	-1.5331823885070315
57.381952365511289	-0.62477250784089589	1.9456258684508572
56.932237064588669	-1.2969685567934561	1.9254946205764472
56.442255821095188	-0.0045402487264406457	-1.9799694008030193
57.544796448005094	-1.5569091729105449	1.0812827170428909
57.841796199109574	1.199127439553205	-1.8577920998624358
57.682039943555786	0.17043881620945497	-2.068182643786975
58.047684735136237	-1.6569149050856833	1.0141752889903559
57.119931969386911	-2.0118998026533403	-0.45287295657551196
57.691517759197133	-1.5299899992547046	1.0420029906666342
57.268178207791571	2.065156604356654	-0.24135102537312006
57.014195361563608	1.7102710986739167	0.57755169664490247
56.492608591423902	-0.16494900390573372	-1.6839937259809601
57.295202714671206	-1.4330068683153776	-1.8781083698164165
57.829030463990435	1.2357171184055253	-1.5609749669655817
57.259406227887808	0.31854982242624114	-1.9697907810534909
57.690144366786697	-1.6420289169720594	1.0317638657786514
57.293997842550752	0.39576099413862964	-2.0081091466713881
56.705921099566567	0.72267619453629428	1.66921450204968
57.850022431420349	-1.6751959399128562	0.93777362008233789
56.238993766743711	1.7773445147358744	-0.58237948217863234
57.195213299849136	-0.96824215768341826	-1.4884831251440935
57.630564535036378	1.6802443131309241	-1.5215393156304291
56.035638340983276	-2.0312309372103416	-0.057799578243796924
55.954425285151558	-0.77271495018916725	2.2159784944260186
57.082890468212149	0.56158393105672255	-2.0575304676591988
57.832986426712807	1.7374509081610556	-0.84733276695141857
56.865389783044847	-1.2379904167510563	-0.38330793414139291
57.28762026991101	-1.4183836361952376	0.95520277776651008
57.542170847489004	-0.32440411420474308	1.830470866916083
57.37093947069485	-1.8118478915975702	-1.22873454404331
57.519962333594634	-1.8522156629860824	0.018583319368760749
56.811843133121066	-1.9908117784228945	-1.2260613893126098
56.680383189546312	-2.0105789577958473	0.87627768154071506
56.752894438784104	-1.7466090172581594	1.0474969877357299
56.319465283372757	1.4845977208833712	1.3397943379361741
56.319101635195487	-1.8802148891964832	-0.7584337854544202
57.321911505356475	1.3381323843649306	-1.4010149063025095
57.781382236031028	-0.79527757334742377	1.4072508968328272
56.551985886640004	0.90203881833724919	2.1409403243431684
57.649784489512626	1.5400354326644476	-1.0489651473494765
56.646518034359879	-1.4003374944142388	1.1731562815146435
57.736927527617013	0.46289532855418836	-1.5440790016015524
57.409471675330465	-1.8823668326231675	0.42926551517054351
57.33515561059334	-0.33880292379614463	-1.7875800424990611
57.783309690380477	1.8225286221536507	1.22661158444651
56.143501794637757	-1.5749271723753042	1.3643801599431187
57.005203899386878	-1.9063001965937711	0.32723598241394175
57.784013447262879	-0.26048941442581414	2.0921546961434268
56.284653589077223	-1.5363042150628239	-0.96052162497149673
57.59442059549238	1.4088633436057441	0.67718009745649366
57.876662928276311	-1.1538380645448851	-1.363461498380359
56.265167181556876	1.7283686840258061	0.088360192104435686
57.549492447668392	-1.8773803484584786	0.75761399085028458
56.409130737993209	3.2579984180468888	-1.0154356763574017
57.22944580960835	-0.043929220181548129	-2.0006440151616172
57.675739057541776	-2.2661046558212039	-0.61137188998933512
56.090585898762583	-0.42714209023587046	-1.6530885315883861
57.816008396194249	2.0959135436753606	0.27155658643323699
56.91335721198827	-1.6634148919655511	1.3924538720717572
56.763194218888728	-1.4826372772096241	-1.6038619958226417
56.300090480724329	1.2609583701108498	0.79330953782787139
56.765090007535193	-0.52489761133055568	-1.984348186619368
56.822438498066667	1.3438126246619098	1.8582491914451884
56.828424382077806	0.71290648108840715	1.591763971881418
57.84287606351127	-1.8283657122561958	-0.23963067557488735
56.987288725574118	-1.7797060375951843	-0.98288820452731696
56.64271239402099	-1.561920912671855	1.4318139314296641
57.276437408402181	1.6039564234552053	0.2410642637413799
56.164067849381944	-1.0337280494076131	1.8388669404888234
56.798478421356876	1.6969705435302411	0.80401592771918029
57.169360237993843	1.425225220601239	1.6371357487592684
57.491839705459931	-1.9403516652326815	0.50694537541128148
56.323060390382793	-0.69390580341475183	-1.7936138146151281
56.922032814538554	2.2053419120367774	-0.63729681535311322
57.801276378182131	1.9308674401968546	-0.22213788584276462
57.895306863494532	-1.5353986914603068	1.2802405495569347
57.489625630387479	-2.0760399947504142	0.12683190131730238
56.257362167530324	1.6237315039495159	-1.3718548191628062
56.419771519896614	1.9947105894568899	-0.11601369482269432
57.617303423945643	1.7797226982226089	0.12186225140018871
56.923565169638479	1.9309611557322239	0.48005840383457776
57.274633732521103	-1.188445822103908	-1.5670791375984749
57.289826723365941	-1.6911624223729318	-0.67794063578300756
56.931317223351456	2.2882067582984802	-0.73937497671975372
57.376905738432832	-1.9983324204654025	1.0623049301607441
56.61132698922556	0.20059395625601925	-2.4503187526016199
57.164862514333258	2.2608847611413818	1.0618915948733769
57.279529948576972	-0.68635882893557709	-1.8948613262982092
56.529903786123334	-0.402577284947507	-1.514856236081974
57.093997934207387	-1.4089186620906016	-1.7035011408904137
56.468113803078829	1.9567039055235116	-0.24443976702150333
57.093632755237934	1.4789008281571165	0.97962256729996111
57.443158275884073	1.7306071962456449	0.241069640919849
56.197788354261029	-1.8406917421320812	-0.64494296057034639
56.792779409296564	-1.6428089886892598	-1.1364575755017194
57.36720241651674	-0.64179054190125351	1.9445675835211418
57.723212261682271	-1.4627887314019206	-1.2460314635419618
56.239940940568061	-1.1101142965153656	1.7865527419117766
56.897150117468932	1.7496405787349054	0.78462458528548396
57.818735655607377	1.8324225006184516	0.39847782317780733
57.892893089880488	-1.0644587399236414	1.6652132083135589
56.518739616845295	-1.5985599082861623	-1.0582769830252343
57.246523350803088	-1.1607803657492599	-1.4115768926892207
57.035994645292163	0.4389697570994161	1.3729425171265965
57.227282732304403	-0.63344915974734228	1.8639035969646733
56.972391126036307	-1.2572228768598965	-1.5925271994869483
56.160649721334799	2.9189732024365793	0.050526627492049433
56.988018901131255	-1.5301421216492732	-1.2866900172361371
57.89719804717447	0.17974189779009375	-1.6807041016336439
57.580459280040905	0.5483097413346405	2.0241157888861991
57.76915119484994	2.3913760253331175	-0.31302293687190857
56.740050437155872	-1.7292997843565494	1.6959923039615918
57.33398175334468	1.4974026058452943	-0.88313588597353598
56.743696422419127	-0.80175116167856131	-1.2600762263917931
57.197317394763751	-0.40617957248197067	-2.1445396094628881
57.271338973748129	1.9582149202512946	-0.95278786797318982
56.550817532064109	-0.46676048721119245	2.0839729826961331
57.492058333443651	-0.36333068958035514	-1.9112075898915086
56.80077613237188	-1.7851179437828339	-0.99995388275970654
57.715239679708858	-0.82070776323414341	1.5605702467076059
57.124150746642407	1.9759415130348894	0.23840747420283043
56.56497829147051	0.97171304475697295	-1.8052502997157927
57.638272855765003	1.6214782218129964	-1.490792507957122
56.328817078075012	2.4997810168422023	-0.029036173944952649
56.989298487174111	-1.599085012390465	-1.0230782107603289
57.567438158263677	-0.78885568876966294	1.5949527785263893
57.824611479417499	1.8875479789135765	-0.94135702603055738
56.013347469424296	2.1225676985150863	-0.084395153588528657
56.955964930950927	-1.556986677157798	-1.220784496725839
56.236821964056077	0.11091211995952424	1.6184046155783609
57.814753751704821	-1.7835779988289182	1.0798029659423793
57.44428329588046	1.5916846474347495	0.090341115404253353
57.191831880310531	-0.89120331684390997	-1.6734833342710576
56.269677409808786	1.9256709173480098	-0.37624924243516766
56.401180247489897	0.70532182249260811	-1.9578718189486966
56.92381290986868	1.3505698428366013	1.2810197265047552
57.043113370412613	1.7158435078906078	0.48693079156200547
57.680891173145561	0.68851950364453929	-1.6419190968834505
57.463143489566839	-1.7231740790634116	1.3947207016950149
56.813139279826395	-1.3557534030917049	-2.0439156006896049
56.234374301198564	2.2850538384301742	0.50473618632007589
57.649409047611911	-1.7963494623576961	0.99933348092927121
57.121215118298302	-2.1688029377404132	0.24260602765177192
56.400077393586891	-1.5279473139423427	-0.91729767196259948
57.12333547075098	0.781970302322052	-1.8034757035500117
57.286301922313456	-2.3817793306871424	-0.49909633684786853
56.147127153411887	-0.37784016084579058	-1.4077896436263624
56.754606220144254	-2.1180591824840893	0.50107918869622725
56.863298882436474	-2.1700795048486077	-0.10926865835412862
56.926706120941823	1.8096479135529897	-0.27940491056177819
55.909803011425133	1.1728475447966886	1.3609538309791298
57.23870845651448	-1.5697904751638772	0.85439957649000808
57.067192880409408	1.9840028807788768	0.70613041921034059
56.117187140073341	-2.0492561955256199	-0.1149970526814023
56.975151136558161	-0.95916427365065304	1.3856529520944061
56.259646388057284	-0.073666387975264563	2.2377894007127743
57.490969330068651	1.4695626809877298	1.3062776909374412
56.867603460573584	-1.7770018717627951	0.74838582396176456
57.109837820414874	1.1365075451545363	1.943143200462518
57.08789011209754	1.2183284824710263	-1.8983055232008004
57.099542445562939	1.7826476922801882	0.7281265698185011
57.287174977612267	-2.1131425268538537	-0.2565166420779742
56.350549285432237	2.2360140981575345	0.13205946335443142
57.564639703846474	1.9161253262186264	0.7289307046824498
57.11753541541237	1.7324691525352216	1.274580127161153
57.397681193853053	-1.6758271911981455	1.5008508647429688
56.377823068214305	1.6082204790710795	-1.9619071262457666
57.042579103346945	-0.91290784325305541	2.2006292156585969
55.997764584448213	1.7313208224501893	0.34704648370237706
56.510481377119916	-2.1259371684335782	0.21324028731331726
56.756154047748737	1.8669029792566889	-0.11253053063306018
55.960484402524379	-0.10508742875340288	-2.3198116278380825
57.460870525768897	-1.138129277679238	-1.5684103775956204
56.907862929080622	1.7072314367690764	0.75980610680242666
57.359444290921239	-1.2341024482671408	1.1834338536649545
56.888690629570803	1.6299606513892928	-0.87344720572825529
55.886503847039364	0.72099023280625085	-1.7211140503407341
56.799959796602216	0.15596390115861394	2.2654807311184553
57.580285716288557	0.53290763913081585	-1.5739966076094418
56.524660682016723	1.7302288448711438	0.61979850671472148
54.740195959072757	4.7237578462222727	-4.2064057192083713
56.599493369676125	2.1281027003146562	0.67129451256848083
57.680335491074146	1.2624489673435184	-0.99412172702950719
56.867973272964065	2.0507054726851544	0.47272675617704107
56.381019641760425	-0.83161258183049858	-1.6494571766398836
56.517087956007174	-1.9530081048420427	-0.12223320638683415
57.22599294106697	0.81387909348720555	1.2290237737896066
56.433009776343795	-1.4875740991257784	-1.1043924868448958
56.530410456885875	-0.62637245868381619	1.8373134833648446
56.91176203795964	-1.9207224220323615	0.75746515605814513
57.77042124082412	1.7725493870370506	0.1093557298405889
57.581189745152962	0.23075302264256004	2.0657052313766635
57.189555600879658	-2.5757473175351553	-0.12311044537756961
57.341560478349741	-1.9428149656107867	0.20645546782088833
56.52424740908301	-0.71336235644564083	1.4885847871199844
56.934019709820724	0.45823411495217248	-1.8003328261700722
57.332621147686346	0.13615525135660086	1.6520079653235233
56.561001836289755	0.065101836298287558	2.5050193141070607
56.15203722457219	1.8932894309931581	0.52925755313477751
57.875532437902336	0.78107048797421752	-2.129301743164417
57.422864150549671	1.2459197050849273	1.5900908285726101
57.773236272259261	-0.16563929120824508	-1.8662349149973236
57.438130695872871	0.59521843289375176	-1.8544408746692749
57.349155085179099	-1.8960715763691736	-0.075899324154123857
58.002736073668459	-1.9152631497971262	0.48728214736821646
57.033488131838986	-2.1127721960234713	0.40832372178824
56.486352206186361	-1.6662549349154427	0.45388592234050373
57.239036836346045	-1.1839509797055714	-1.2190895227899015
57.575645793604778	-1.3868120195644622	1.2539962655075698
56.272354746053708	0.37126997428310277	-2.0922201865742189
57.035327350468087	-1.6154230885071763	-0.90610535347572019
56.531663701681566	-1.486188612590744	0.82045866057588845
56.706824201880814	1.1981444524766882	1.9909181457504801
56.471419371812466	1.9950503466350868	0.44618939881792874
57.845032931849026	-1.7311112062452547	1.2312909024316145
57.073558910843644	1.3342031162898929	1.4517355848666709
56.885024942701357	-1.4464587836304854	-1.1806555492268189
57.353666451567157	0.68371034977099276	-1.4856733265366326
57.847899252207142	1.8618093559647488	0.38103610467597804
57.044133404416215	1.2596869118105321	-1.0902480329851219
56.284475096025488	-1.7430362807688768	-0.53728107889281862
57.27823760576424	-0.69056614235989766	1.6492568554297515
57.932404300972529	-2.0208996727632327	-1.0991729975263078
56.381086582540945	-1.1312303854379797	-1.8193565859383372
56.161307768095568	-1.9737209397003319	0.3850914048772851
57.294237740835364	-1.6163874677884127	1.8620149169718374
57.549765109203264	-1.6914761338861621	0.96147321315525291
57.376230323460305	-0.49933526776155485	-1.716823593958221
57.527063556278634	0.84677862264453152	1.4597049306434375
55.896753550446284	-1.6804668702759493	-1.6518661873711191
56.489796453577902	-1.8261002868084826	-1.0406717915780381
56.202176768774244	1.8151556549557095	1.3809730720996147
57.634244847319017	1.3614869194105907	-0.87683138108038328
57.73975235032038	-0.18167879068067841	-1.9490708809885047
56.71145536627435	-0.92057307813288802	-1.6513497315091734
57.076448761088066	-1.802862105515366	-1.0223347554934721
57.232961784220244	1.7924314151928022	1.155675825023359
56.80473806686846	1.740820845845821	-0.98504178090213457
57.489956506066115	0.68988061477939411	1.5733765194109026
56.364216540338376	2.1200477776645981	-1.261070095457743
57.315482045343806	0.50150835702522589	-1.7343672243303114
57.713046755651767	1.0803989947472781	-1.7523000445455916
57.422325077813575	-0.63175262557504552	-2.0131847587328831
57.145315944687887	-0.15009295625608066	2.2295918626140723
57.203999777785022	1.7751246704292283	0.020362164462750409
57.75641170213769	-0.43671506142203631	-2.1674725055963129
57.210623374863637	1.6541765394826951	1.6764279252317715
57.812504486140647	1.9090845210068568	0.72795888478875193
57.911424987614133	-0.18497761851338157	-1.8365347418740325
56.199183862372443	-2.1997216728580526	-0.60390449679830249
57.14878065829754	-1.9865530068868291	0.79386930096323971
57.328272071075475	-0.95887047532546166	-1.6254462019926115
57.181217902358362	1.4701946376699941	1.3002578155303632
57.131188884849301	-2.1827184727266027	-1.3072046054900792
57.050558027156562	-2.0592044074639864	1.2295394859270024
57.301863452052899	-1.8997085851054414	0.53253695621903563
56.158054100551993	1.0365852594408547	-1.8035323613079393
57.04348327788513	1.8812799512338174	0.55149738852344343
56.366778375595437	-2.2638683652833138	0.020659574428244239
57.306583755133886	2.3142005690979897	1.2802331437564773
57.348495411484791	1.7211047607599916	-0.99588233545520866
57.494179101834177	-1.2327518294287059	1.0823580112490769
56.241410311102484	-0.080988558925683171	1.8422276033849951
56.731626348053005	-1.6194810126771344	1.9621433835036506
57.151400947902097	-1.4482231909681564	-1.4660710466551599
56.934383667220899	-1.5757970292036536	0.027207905712543914
57.099789504562722	-1.7691188024376221	0.95702246120341183
56.917978852730798	-0.32841901110659077	2.3580868768550558
56.8165739960235	1.2042232697221902	-1.6938736443693954
57.670962178189896	-0.05472709014264493	-1.8780221146959093
56.315716116863413	-0.96368427475445917	-0.040535195562521449
57.702295241780654	1.7140539896446436	0.57014404118035478
57.392835147702499	-1.6251816483308492	-0.21744922682841258
57.53745193243757	-1.4248722053786842	-1.6288634258946932
57.423261419862186	-1.3410525706603369	-1.2669064744079717
57.470876342669143	-1.1758989960473691	1.7629846702369396
56.765983913751604	-1.9489342332942763	0.49836118302066701
57.821817836571057	1.9729238275354188	-0.27080755794157113
56.280058089846413	1.6750683471784331	-1.6221673249902322
56.958775414956847	1.8449156555895536	-0.97563858275074167
57.530745878167508	1.3327663376619874	1.3632863348561199
57.587234727609882	-1.9312793878340251	0.7736903367038811
56.273190561637279	-0.58162109173303134	1.7342283738000841
57.169674354239021	2.0466828500226319	-0.24693435624336796
57.550900485843172	1.7619110097798822	-1.003689429731361
56.892137085387233	0.64224488984150607	-1.8255643869485665
57.643900922465157	0.50503953612886676	1.7050498886657937
57.350274715520705	-1.758664046111883	0.49838299220490612
56.439401054817246	-1.3007669747080117	-1.6036480443603651
56.543993361145986	-2.1554266389355434	0.25363660017088707
57.134633389972542	1.3300662540117307	-0.93028392760565592
56.263370264104694	1.8514440002434192	0.070110906494867148
56.43103436582976	-0.30680649662631981	-1.7468173255557213
57.063624031822528	1.4553228056768914	-0.94367662384004658
57.327068110759377	0.48281577722014141	-2.053647357174623
57.233005015090768	-1.9186778775061517	-0.2379008439166565
55.96586106749352	-2.0434587508155189	0.47986435947312989
57.815025010535798	-1.3845081188109787	1.404918794716046
56.936737913050322	1.1930932565956087	1.5720745203242821
57.751458578091565	-2.0073842791449934	-0.79564280952744515
57.012432707170113	-2.1822118494092835	0.6655966543762768
57.380298626021158	1.1574387264829928	0.29046928613951395
56.96740209535578	1.6595751037263073	0.75943749374596603
57.053856425043257	-0.20125254018074473	2.1210616101861843
57.522883968047566	-1.1979707573541538	-1.5324108103621346
55.990836820518112	-0.74942128393710516	-1.6498961748750698
55.631516903963089	-4.7321559839720564	6.6066457579524913
57.855480555498296	-0.89685928111078306	2.0845423325314183
56.355142961474023	1.3909178445589883	-1.4937707126901001
56.529325504163957	1.861178741394574	0.67370774439302239
56.93813757006604	-0.14764439510839655	1.8904336300475351
56.460178444478565	-2.0255420195566525	-0.1640682618386157
56.408471447676831	1.9994135081132804	-1.040102376505541
56.080706115315316	-1.4376409616260486	1.2845725393875265
57.143399368456741	-2.3075525351175536	1.1705771189264611
56.829476392478128	-2.1068890798379765	0.77599574503583302
57.364770308249028	-2.0075876952722904	0.30056286212024563
57.662955663993245	-0.68248677337863117	-1.9264014373189298
56.209185327274731	-1.1713953921000659	-1.701052332986476
56.629736847410854	-1.4941214079016691	-1.5019740119850085
57.327336638615328	-0.98945029705409826	-1.8231777613548825
57.239420797993127	-1.6839322834072596	1.4748283583743835
56.079830462775249	2.103111491303133	-0.67633429605096229
56.37247590250783	-1.8474022498399698	-1.1966067594334855
56.901627363558987	-0.92617191415413391	1.7466701186549856
56.68052289314172	1.6997669468144831	2.1914440999358558
56.60178229802937	1.6221516234921074	1.6914863239838895
56.189631533895501	2.2100096174991597	0.14130232458282807
57.71282051385888	-2.5012610204637431	0.65247667757438055
55.971758252399383	0.46032026729954112	1.9523660768957773
57.420278370746701	-0.66765272214374649	1.9127990475893275
57.859161343700428	-0.24592728111323853	1.8020137310732975
56.930680586602321	1.7935990728003954	1.2336700544247032
57.835097605735655	0.71449383811788003	-1.6893146727419361
56.189570635087669	1.6863815311021537	1.3430927616211918
57.575747356545634	-1.9384401469982611	-0.28570647966402374
57.536178379360535	1.2519287220722572	1.6867384970299824
57.170981979942582	-1.8970408838765198	0.25987041138347278
56.330402038201697	-1.07120045028209	-0.90037502587128448
55.949274155701126	-1.8310213072893262	0.92646383097630791
56.841905107941137	-1.0079044765358598	2.1912454343541845
57.635992014936178	-0.63453443999307557	1.8343531730080984
56.447967775708442	-1.3712384085344522	-1.7612828544084254
56.999343432813674	-1.7232037278421963	1.2567205993222721
57.343520354354681	-0.69596985785926424	-2.078282922419747
56.397775263096662	0.8364433697973408	1.7202457261075488
56.642401402029613	-0.79878306214620876	1.7645170114095723
57.701327135871622	-1.4031662909380862	-1.3978086059407486
57.425407178751477	0.21997866026406246	-2.3695815766191228
56.836406883243512	-1.5611887647461433	1.435584524909798
57.831692918940497	1.3540684142101167	0.59863254921297082
57.846746179798544	-1.438705820837648	1.6163400787791118
55.962951886767598	-3.6313699284278154	1.9710021281470076
56.046751902059121	-1.6834293635543702	0.69171830735181461
56.596499636733938	0.38160217464268809	2.7732965108604701
57.194020122842218	1.7560646448863118	1.0566197964807444
56.60638129789978	-1.8716860527750827	-0.98072865874084936
57.116443195101347	2.0026673928362091	-0.19181403827826271
57.649444824809606	1.8413687670735681	0.69983828269869652
56.824328422037603	-0.18303194119837146	2.0052704649650881
56.837450415501131	-1.0849761077962703	-1.3633150032675614
57.550219678324062	-2.1267082008769163	-0.47559924933619435
56.349366797239433	-0.50042162909512933	1.6796625689762108
57.195886700318987	-0.50712670317601605	1.8534954339864385
56.850166866286465	1.9343210131818265	-0.85013478609204896
56.152802553117105	-2.2703105828637233	-0.73869562626321683
57.53086182583101	2.0986301524565332	0.013256938375035963
57.333814126576812	1.7341740325897677	-1.0976785613513702
57.295714869659477	-0.19147364844099354	1.800347267659093
56.238505453896963	-1.2439233732151538	1.0257390130247994
55.880847683690625	-0.77751239718111487	1.8731586045623601
56.200682348456198	-0.72267037826706793	2.2438941642943941
57.653828119945715	-1.7039357268821	-1.0909487182104358
57.84386974215375	1.5369377143198986	-0.35456243640785867
56.562120907184635	-2.1005817488443066	0.29179207563638393
57.752566875676877	-0.46243683895355142	-1.9719299861863633
57.245825262850651	2.0424625983807019	0.34241321320674856
57.431975664681744	-0.068828896988327323	-2.229121509892829
56.458325988814487	1.4810914241388635	-1.5182258065909355
57.059435581177418	1.8787577225687142	-0.720155695102902
56.781174670899624	-0.30561585832329619	-1.9632190558926816
57.466149592506973	1.7566537037270997	-0.0055121460888501589
57.125367331675989	-1.2842960897213653	-1.7586530738516588
56.358661097233423	-3.1734317900317905	1.4635309121051234
56.354400735997153	0.24495351647085878	1.7734901462520578
56.303967783230938	-1.9300795292203019	-1.3121656110892093
56.533522610674822	-1.4817504517064006	-0.13384023076826651
57.528205377666993	0.88492251436329061	2.1275579812555363
56.325909122002464	0.31903033041994827	2.4932958246874897
56.827319824145086	1.0783372140138057	1.2202258662953689
57.492958626685336	-1.1314044965852739	1.506714276783119
56.917510725016996	1.1205393397340759	0.68579499020808599
56.599644460208673	0.2516603751140184	2.0408231867104956
57.831519811222414	0.67210612706787554	-1.9496795866397063
55.909730950218815	0.07897075424381611	-2.43737712997364
56.239268303359999	1.7984044450217469	0.42137373386177651
56.680936716771448	-1.7292100629375957	-0.49660245467880476
56.734451928061134	1.6328974925670456	-0.81820993476760417
57.49705851085514	1.1890136253506753	1.2131868259564551
58.018115310894018	0.19442891744319898	2.0304496779905365
57.076082784036117	-0.31474781834677001	1.9251569351735389
57.255967395576697	-1.5929096696663689	-1.0129321887486624
57.718082617308028	0.10974819816231414	1.6405817848084741
56.216343222350048	-1.7729001692853439	-1.2350911796090216
57.037191829224312	1.5971307988002281	-0.90965203941172945
56.923567243320811	1.3971844750277354	-1.6621267255259147
57.229386558060035	-2.0152387992160672	-0.03607650606844396
56.850628059438812	-2.5573689153326784	0.26475369263785958
57.006626462271626	-1.3965116944317872	2.0225212733401903
56.332594511727464	0.015125114934359375	-1.7494433636664279
57.671303147682515	-1.0735424281088402	-1.8925808186302975
56.150717626347493	-1.6016429964323027	-2.0067198913978057
56.724087289147008	2.1120198636043135	1.1713831845491756
57.755326346281358	0.9097480068395587	1.8064540818253532
57.383285833255194	1.6507009002845316	0.84586669481816001
57.628705253230493	-0.12679952978278411	1.8636336951873982
55.997786970571298	-0.10190207097724904	1.5662227098813704
56.781070005412303	1.7883443310567078	0.80364177356748989
56.883548251645244	-0.29053308513727466	-2.4647510177614782
57.64370075477521	-2.1264788280717717	0.63465055762803868
57.574871131144434	0.28644583175079918	-1.0627904237887988
57.754745476107637	-1.1796325084464663	1.4340929609546047
57.791641988938274	0.50609849033610343	1.8031222627152639
57.069654379892746	2.1312583581860594	0.13603080582508581
56.680029064854487	-0.69815554147996628	1.3948014444126402
57.56957285280825	1.8407195726381005	-0.76107329741133301
57.153325331347126	1.2800525411509973	-1.7643663366310574
57.42213374082116	-1.8245873376098096	-0.34623482803496386
56.833028605021084	-0.17520217090008755	2.281164250962239
55.869264715450285	-1.3936187894775232	0.8512341040712369
57.122497149910309	-2.0338129938597791	-0.12338660060142653
56.680160261643827	-1.6629761137938084	1.2737548781871839
57.789127380832298	1.1741223752676639	-1.3025038070286954
56.86769301704711	-1.0225575063693055	1.7815622214592044
57.638225629063896	-1.712951604165055	1.4894169464512319
57.73844332616396	1.8833606451255456	-0.51259067953374393
56.454980497958907	1.9185352325224203	0.29377599819664368
57.746310619870684	-0.0031233494205928089	1.9387818663232848
57.176266928728616	-1.6522100501612655	-1.1196809705072528
57.81135720122262	-2.1358070663327813	-0.02960937698335022
57.460889781328476	1.5951725323903545	0.37998768660024435
56.892879764788731	-1.2896166567487886	1.5057034062650967
57.485798167698306	1.5430269368074334	0.2664861046543841
56.833516574229435	0.13644949281261912	-1.9349067352420297
57.55408799942311	-1.3557734618781179	-1.8230818802126516
56.732125619097779	1.1992299042493617	1.2965123617340872
56.528932072293983	0.82338346866856094	-1.6559500150690931
56.557127377007447	1.8679943284858209	-1.0127635790373744
56.267537064082504	0.52899948280077957	-1.5890862661189566
56.043671119010455	-0.74584962032343571	1.5526252982246103
57.716829204733479	2.0213518219391262	0.039415012536818082
57.581908576754174	-1.2284537434427869	-1.7816433146768837
57.176181659986128	2.0553202844666334	-0.57149052478293227
56.320858451669935	-1.6582314503213524	1.190463440244006
57.432167679159065	-1.9400786966211601	0.86564729005138141
56.393655161324489	1.2919637965140323	-1.4951328531855907
56.389736323894944	1.3266038876030204	-1.5923061949108881
56.845416859668283	-1.5680426600567807	1.5543176134176
57.101060686179956	1.8582097940924869	0.85106310732227564
57.057204249889175	1.9606615397109646	-0.25677069256463297
56.42253150796158	-2.1288802282539381	-0.10449824841430311
56.26466162284455	1.6980833638471919	1.2893249683396535
56.038544692474062	2.0588243228268013	0.61754079316909538
56.327569980382663	-2.3099328950863436	0.84908419388423939
57.598045066577001	1.9464711425470096	0.27755678520047433
56.242817433729954	1.4152705843729809	1.2936642776938649
56.725984033587615	-1.6126733136083442	0.88105016652292767
56.51231657047736	-0.22505024261508252	-1.6412776853265807
56.151365874726423	-1.9559869802314203	1.0806688604576429
56.98959217019592	1.6736789730650168	0.80709370988578677
56.325358521725484	-0.38081111603216267	-1.9828638369197586
56.810723292508925	0.56607590824035481	3.2227035974074423
55.953069542273319	1.4568528810226156	1.0328186333862821
56.999104233563934	-0.58352152125661583	-2.6075052254298665
56.97795231867233	1.1343901801078635	1.8698295985814577
56.495891547894423	1.8916984572865911	2.2020563607714467
55.891251397093853	-0.74183186112013466	-2.2875818862007171
56.036943449075913	1.7035425468535392	1.1129435017718747
57.739362729052388	-1.5656244485578648	0.96116952158627411
57.840810586593122	1.744281204234954	1.4860666691833011
57.120912782396559	2.0054571115468747	0.84057367763898516
56.241353221683681	-1.6374775880908123	-0.29769286594618805
56.960352282432822	0.26281917274622041	-1.9702880289523834
56.049193783889784	2.3329828282149965	0.40564841099297538
57.687900325529277	1.9282693636883228	-0.64802080472058354
57.097968066230798	0.70244379520471611	-1.7841418542709269
56.96492573677245	-1.9998353621007519	0.22050039095157559
56.912040433568137	-0.50005975890666221	-2.17047059479787
56.554777105917267	-1.1370403574883645	1.468988479770474
56.237138467623197	-1.891999487437632	-0.89763156316780812
57.712431284873247	1.2929891397561672	1.7954328251173211
57.741322928017034	1.7484714266527555	-0.2754532202932275
56.01033732534728	-1.9004123468930423	0.1601439864475093
56.417165281149785	-1.2562308182049124	1.7420133436048502
56.685047234919672	-0.86489849718237233	1.5707858655885436
57.189294499897358	-0.62694916559259473	-1.6087833971808019
57.643370867734731	-2.2158825037964016	0.41986445552699275
57.817714893203252	1.9328548219178201	-0.49662983324394788
56.182591115774571	0.11720928470853433	-1.8925033412321401
57.49829052152888	0.71885767431396541	2.0688119416964899
57.84325171297732	1.6930379774258548	-0.90749174124959753
56.442277627693684	0.94521943778996775	-2.0585467917217133
56.059169892733323	-1.1780256706201071	-1.7724005649464756
56.098582930465469	-2.1137146614812354	0.74588564944484248
57.772859111859631	-2.2224061743659163	1.0610731508036433
57.86958671409014	-0.46864178647509608	-1.8927294500007772
56.632973756566869	-2.1257403156853982	0.33281869943937376
56.545045776852852	1.4999366518174044	-0.66607658467911457
57.388424914590288	2.011349057052414	0.22292792262983946
57.572053029052391	1.2266590423276156	-1.6761726871042366
56.642481370004653	-1.9486826347467083	0.08248354377261638
56.935491244242165	0.69785786311099252	-1.7279637093091884
56.527967381248367	0.61154769376549556	2.184584654468321
57.366052011336159	-1.9434082432968565	-0.86787118923162943
56.872799426202903	1.0062283612841363	1.3685781621757573
57.355898915465644	-1.3070333877223357	1.5079581789399437
57.483889013131652	-0.34217099008531249	-1.4870742874979026
55.934477243655188	-0.030531660550137604	-1.8529612900519576
56.282169592254313	1.0455099736291926	-1.9870703175614841
57.844315920510439	-2.5051941725123492	-0.040412348737357967
56.651825215757789	-1.6560404807516196	-1.2638654737125148
57.628544356339056	2.0202283727862298	0.4919784481411138
57.90059343464879	2.06646055805889	0.8049119714179811
57.253897604969467	-0.84829910801947561	-0.73704938669921083
56.930086521677964	1.3871814603140837	1.2166325221099981
56.57296260966762	0.76348654469349753	2.0033077927246783
56.426313713106317	-1.4231984344271096	-1.434300059691362
56.674841920218249	-1.7733815319377553	0.88498846374273621
56.267065344079306	2.1380739807774067	-0.96021991762649039
57.116357365618271	-2.3518653146777422	-1.7481398147603411
56.232964296661621	1.7675537939721806	0.30830375970240576
57.23570985881814	1.9447595566178302	0.39341736966641017
56.311683858797835	2.1179085166238583	0.55113483289022969
56.086049882549581	-0.88753891430129861	-1.6529531513852229
56.611078671976323	-1.8906589439234283	0.74015724957276152
57.578874582374894	2.0104955437558929	1.0063069993761917
56.809576053879859	0.93873033970110087	1.4420135017079752
56.732947428543078	0.32219040635801344	1.7030131303205491
56.717529207877561	-1.4979664886499207	-1.180897228166025
57.643403593903287	-1.4306649101952351	2.0076965877332102
57.933222221794978	-2.5824201929493733	-1.1635777637044684
57.649459776332449	-1.4763527287570981	-1.0071708173108511
57.646437606917608	0.52321669221036737	1.2232308908639946
57.72050297147215	0.073122808158135794	-2.0439875713876328
56.488802949985519	-0.63798807239389632	-0.88535025057828887
57.31645668490598	1.2693545057144557	-0.10643334894209369
57.795032904149082	-1.6617196275622572	0.49330194025886581
56.349105227677107	-1.7129672364221884	0.28227914057280351
56.062207798668304	0.1797818026079179	1.0329185994666974
56.2491055283988	-0.91322735497399321	-1.59859741365122
56.978565241945525	-1.4772374222412326	1.4655342881812161
57.693903375205203	1.6561363939167633	-0.73433451706734831
56.864714265084054	0.56525315996906356	-1.8503397116776965
57.704263733321184	-0.52612976663643263	-2.1328613471002456
57.808699655386583	-1.0755398128743201	-1.7241239562751594
57.334448360270699	-1.7096025083952098	-1.0938542828634992
56.696221920160383	-1.2081988450781129	2.011190335013604
57.367716953929687	-1.2305119994143705	-1.0770597983790524
56.615738982085652	0.65900239993931586	2.1810899021120203
57.335265256318166	-1.8137261373423323	1.0272115975793319
57.619646911099643	1.9371178652318819	0.50827433080517392
57.676153297486451	-1.2889470243163086	1.2915942518762338
57.345080278881319	1.2693617785303495	2.4562498920878726
56.883643183306404	-1.6287666821767708	-1.1559003827321264
57.007308953079409	1.4112512638685513	1.8367053797928978
56.978161602662247	1.0503483205597581	-2.0748262952160488
56.188853736615776	-0.83833373647043696	1.9858440863920934
57.636513871997977	-1.7499625829863541	0.88894064041292742
57.003920607567132	1.8181148842518975	0.16666566938642935
57.214747385125371	1.0729172170185817	-1.4612698363637071
56.277754931517073	1.0235827485765043	-2.010433073423989
57.26539835675792	-0.45449671152714827	-2.1141257489720449
56.622902023476456	-1.8337561185921591	-1.0172745426113456
56.907551060067391	1.9754326085658371	-0.35937038553257789
56.569491515189291	-1.89136979174761	-0.23057015896800967
56.486529508284818	-2.0613974356312843	0.458820901368231
56.762120037737219	-1.2032778202053462	1.4456315659124699
56.617766747681493	-1.8389137815872831	-0.35936455589375327
56.395911634067559	-1.3185290326855392	0.5401720410549673
57.507938058749929	2.0685231283195069	0.68447280332159655
57.342493655024448	-0.60779269525367563	-1.8989893367774167
56.763338818311709	-1.5208693730041687	1.2298401209819412
57.729477885745233	-3.1333914163073571	-0.24852255040361862
56.225740264960727	1.7889597087131779	-0.26395994713556725
56.458686774732335	-1.3530711563216735	-1.643874278028838
56.52962270771836	1.3718748478863365	0.9022392494767455
57.05117542832599	-0.95550100982500308	1.2555897999783385
57.753623986761561	-2.3224628991063883	-0.32970336649724763
56.388882496532538	-1.9488648153978594	-0.18796805039262626
57.487777468096127	-1.5618175423807072	-1.6285096709900235
57.644641139114349	2.166008244531727	0.65986141710621304
57.255390401618484	-1.0113545720847681	-1.7865795930580377
57.03982881744637	-1.6570619775387576	1.1359366374202615
57.865819959775898	-0.57134483903119149	1.910155365496756
57.429131219742466	-0.94573046152663831	-1.6854152697774309
56.313754255524202	-2.0633609676408877	0.72171671311145269
57.379533101905047	2.2893027681657734	0.58110000505125836
56.90804838054553	-1.368271951145795	-1.451781207794701
55.912688202855328	-1.2478904601720486	1.5517121624743431
56.406845692584916	2.2826372613450796	-0.94646685662971619
57.829168627510505	-0.11620701172076373	-2.1564677776715793
56.335170833180868	0.23538992314683668	1.9115849818298798
56.388895907390364	-1.2575362292754051	1.1697112570146762
56.663018696126876	-1.4940830361653334	1.3363891308493168
57.595123582842	-1.4551770799178951	-1.2029129923736612
56.880812656455802	0.39140878114651639	-1.6171533332435515
57.834130755583708	-1.5012139273550529	-1.2319014465900187
55.914660905179922	1.4056035214739273	-1.1558289223860929
56.636270053656283	1.01776592992047	-0.37619178638542122
56.257527661342877	0.30823026125104658	1.7710329439725672
57.758444854524285	1.1835644717168881	-1.5568491387399639
56.992592399154418	1.5947784885032217	0.7712762143094446
56.783683851358369	-1.730279712667498	1.5023504504579197
56.739573260941917	-1.2803168883780203	-1.2810091783094817
57.520512860759787	-1.7975408009545044	0.47204783631661362
56.672142504554742	1.3742970761321596	1.5823788447019653
56.453088858292027	2.1425411524405171	0.61420971624701992
57.695008269768735	2.064182820107463	0.52605821464669034
56.347744097052285	0.13352841359024792	-2.1896400228898285
57.696491947265343	-1.5907659651475323	-0.71607587872577561
56.928711131512365	1.6379393752952409	0.48682616559503056
56.911480974930654	1.7671409438823196	0.14859240246544367
56.237028688491236	-1.7532032588540443	-0.66805681960760632
56.477992803135116	-0.16953687872577508	-1.9031919532824939
56.658488454979292	1.7777246402083922	-1.0354149856027397
56.440076128543076	2.3446505610813215	0.79320935168566364
56.146572225146393	2.0721847693718276	0.0052781406312120546
56.939005761243848	1.1889334465433172	-2.1081553033982523
57.828637548021753	-0.2085809153696504	-2.2124291302664068
57.605595102482134	1.7087870201044348	1.131953415612041
57.674882505087865	-1.2104645264895169	1.5679349694221416
57.515356887221131	1.5594436539836667	1.1143954882335128
56.134044868604683	1.7903535420738488	-0.55673022458616717
57.235509694420287	-0.15633768205090551	-2.0839901033307364
55.960032053844543	-1.1910582594991543	-1.8743830356212261
56.701389864893926	1.3000504001528328	-1.3876638385540834
56.664587677018545	-0.15995020577321523	-1.7619119402216996
56.490858178674564	-0.6792931357994052	-1.9104653330725743
56.491851285805012	-1.3103041416068872	1.0172088537839319
56.858893411200405	-1.7072889358581682	-1.4248018712642703
57.058244446202288	-0.70523263980245887	2.1083914816516192
57.192237072502138	-0.89070627045242334	-1.7401092996346976
57.235591540044872	-2.003795219067928	-0.10032666902396098
56.836754771668389	-1.607007327124035	1.2196294427591796
56.444192248851529	-0.92647767973293538	1.3815865772738898
56.371996339229113	-1.1908727663570842	1.6718606336045154
56.632340464171449	1.2401244008316943	-1.4135159990826831
57.498278226381153	-1.8586926566656921	-0.21805822385342538
57.090796006550725	-2.0042800156615117	-0.70731948573291092
56.64173264590049	1.7406375465449344	1.1521263318645218
57.743990069373673	-1.558153270738079	1.2304503748198876
56.230542380772015	-1.6480339099334371	1.0773639299601843
57.893361481868872	-0.6084698507632621	2.0103335596386276
56.368902146249411	0.081504081688541258	1.7922754047708174
56.423074572952501	-2.4142145448765882	-0.86463331085367501
57.813631604874516	1.9007965250757821	0.51905032861406952
57.031742898229474	-0.94669476159205523	-1.5713050682148475
56.189957803999476	-0.4266565560234799	1.6276953788461737
56.519377762373892	0.96335983433631789	1.8320211120998773
56.273790496178002	-0.23244843779072186	-2.0411122782316222
57.761036128124758	-1.9330531099228989	0.39113085474098597
57.602443234132124	-0.81857185655306108	-1.2858290372282706
56.170600163182748	0.8673851441361401	-1.307602086123306
56.452876494092692	-0.96653434467307164	-1.4976343105423968
57.560603928043065	0.65140978908399916	-1.8807925617090135
57.246367938866292	2.402017219712651	0.32770637143689313
56.972506499815971	0.2288999358384273	2.4130232036271804
57.237577442580758	-1.5391643758372111	-1.0288980785532744
56.816065327347204	0.75379647090069468	-1.9319216024205508
57.559874187969967	-1.8786503947978661	-1.6972580586732817
56.341642461091382	-1.5940064893792343	0.55808462565138428
56.067980557675092	1.9813720520579186	1.6460592871836459
57.685456082817346	-1.8455873695384692	1.1083087804457203
56.405602863389873	-0.025614943421003133	-2.0128109591466932
56.886639506004741	-0.24498703971431621	-1.7170074787989007
56.142067746862352	-1.5013020875630123	0.50321383778120665
56.178624453931846	1.2466663824080793	1.3370201213034427
57.679856839239918	-0.43134841222612302	-1.8384119277287883
57.619716934740019	0.62868499254004118	1.8150614738290665
56.628664060808717	-0.34333933995706906	2.1723605188332678
56.478184910015081	0.53688529161038834	-1.9582367325681642
56.141299927995881	2.5442831538169743	0.027590475179749482
57.138854924867964	-0.73013356503913573	-2.1521875297909734
57.52446638861182	-0.90647079104764339	-1.8111300785174316
56.677079073073713	-1.8584911596785678	-0.6487985810190684
57.248966472061213	-2.0993728762238288	-1.7132070470166461
56.667737325535697	1.6914985555762161	-0.95819039937074668
57.528477939522489	-0.51904442111487348	1.9839498175060102
57.305164782612849	-0.12714286305313902	1.9254076493390275
56.348734154389618	-1.5131892808313512	1.1225571766386113
56.157483619018372	1.4716059611191727	0.70658438191141992
57.022781893264273	-2.2170503051261718	-0.12884756660522903
56.392717826543112	-1.2093857789970235	1.3860394551036341
56.950204029522418	-2.0643355833575034	0.0057252429838301165
56.541510213688888	-1.2424338186969539	-1.1374337646461272
57.21642741191144	2.1373389789913428	-0.27031020970544622
57.51387180663135	1.186579195857888	0.90430933538261637
57.490260651803609	1.9940355093603472	0.038331008999438726
57.508354460985046	1.9436055212973462	0.75459140894794341
56.747188952715028	1.9765508249726662	-0.69646459427335483
56.344150936793824	-1.8663191662260872	0.93823469141860305
57.371005815528385	-1.8132670059002884	1.3478056453760805
57.095045660526687	0.37382419436545988	2.0163994375729488
57.465644706835178	1.9350350367443945	-0.78209223650719983
57.520263081383433	0.2702587563691895	2.0271830526328278
57.477994338342931	1.841126182984484	0.83281363407063824
56.322734864849238	1.5567534861295453	1.1694285392871988
56.191289382231545	-0.84752288334416837	1.7719377201827735
57.131616053271443	-0.75030988789946429	-2.3318380221348787
57.797871333192262	0.74882681634101755	-2.2701585056584683
56.028777743822474	1.1873010696050152	-1.240974103440778
56.587109479169158	1.7173105939460815	0.090935631500231207
57.849280629482351	-0.55578112552607861	2.2858049062941439
56.825874812674051	-0.59699642835852307	1.7963325328727833
56.322224850709212	-0.76312368177884882	2.0130195587203907
56.610630012145243	0.12129725658170151	-1.7919409094337273
57.706078266156048	1.7406786955550344	0.60359818395121823
56.376584309643853	-0.50234161404827471	-2.0091108195005196
56.606011691573684	1.2420617859069107	1.2096457466879711
57.465517111169611	2.1046166242399522	0.70376257145445353
56.402017486758723	-1.0922211542688745	-1.3055692844606985
57.192481426186248	1.4070644799777126	1.1075762932868076
57.148423632871541	1.5779428799716169	0.78882025041171333
57.357211185581633	-1.3700184988364781	-1.2292703836127528
56.236411689782763	0.94948329632416495	2.1440167005876511
56.208702320918832	-0.82180906810117882	1.4419589000715856
56.056871058056153	-1.8299614103277106	0.93968874850612327
56.446519125624597	-0.54843906477023974	1.8874316862779372
56.590258590357649	-0.30463571369159398	0.52880819082399355
56.432199283355935	1.0754961137812986	-1.9198990984959994
56.755690720547626	-0.95470442743160666	-1.8394522371507842
56.88382834760025	-1.5495878994033574	-1.0801467892447325
57.728275508651151	1.5862572359053533	-1.0852799581983363
57.729035370723537	-1.9397729087949016	-1.0530123266774192
56.505806087301245	-2.1695796168043389	-0.040412497617960848
56.196171578854653	-0.023952293298054466	-2.115603922201521
56.960594809724633	-0.14151591687695145	-2.1890827940716759
56.353445309776916	2.1237776541901456	0.03859007091510043
56.315316479683048	0.099664514457006068	1.7238906417413367
57.316170985931386	-0.3493801429638988	1.4582728911593834
56.784611188363328	-1.1443475919746795	-2.0204153059047671
56.765089279911962	-0.33837673931283369	-2.6987282074556589
56.076715669489047	1.8317647336185736	1.29040401538587
56.906265270986857	-2.2961444371497008	-0.040718609685144735
56.254024861264448	0.61592840545415328	-2.3653593561111328
57.221205818162055	-1.0053588604314689	1.5010280478933107
56.941020845053757	1.679918778596891	-0.66673178120930565
57.583596735365852	-0.25092923955024787	2.0086628227085326
57.470822915525702	-1.2434535129016073	-1.6201129465742681
57.318445736171448	0.44854684142704893	-2.1059209827943342
56.653877834776218	1.5149231224133324	-0.87372401059463245
56.595734555220993	0.95434672008971821	1.3419446690222538
56.406313843894502	0.39119284803747845	1.7688436295566887
57.085194285500584	-0.83549731403864103	-1.8818732695047802
57.210939018255452	-1.597275870720688	-0.7739914469905147
56.646058924871326	0.36540498255017517	-1.9124693788755254
56.805584610823459	2.1024856184145437	0.24735135603495814
56.808454563271162	-0.88258862809596372	-1.9664302947767076
57.747089072711923	-1.023657701224318	-1.7946383596819007
56.209959595578432	-1.9017798116408375	0.4606991830454325
56.751929967271408	0.79086610548514003	1.6032325199762585
56.100209093521386	-1.0804596401144977	-1.5567129916585396
57.753836422939102	1.5437349055754783	-0.25963068389033522
57.088405946341439	1.3790999636014629	-1.5370346486738771
57.303978719534875	1.3189233100647171	1.8853373351873071
57.622688557976289	-1.6784548808562862	0.98909761352912262
56.574891581498711	1.2754620306389493	1.6006892234503602
57.668021200212578	-1.9357364052756236	-0.23958957049366844
57.306513985012337	0.6215436969635082	-2.738668938446061
57.72257520598982	-0.39451908242787659	1.8886432253965946
56.821289901668386	-1.513252396070814	-1.2166153948588312
56.792961975817143	2.281110189393694	0.1663438729813051
57.537217236707967	1.5794143033323915	-1.1950237396527699
57.31650486786571	-2.1874163878981219	1.0645400111250978
56.807546798349861	1.8504178305751255	0.71840034056287794
56.820803683083192	-2.3015077942476614	-0.090358328709688213
56.069431860638979	-0.82512845809630753	2.7420225037378851
56.11428098694531	-1.0521994402214216	1.7914924868430759
57.538457862577651	1.6837324598483452	0.4749777179288816
56.472177466660703	1.6844239152738456	0.92698805514723004
57.797348773120127	1.9818820778688624	-0.078005547249083318
57.047412748467323	-0.48861973646373086	1.4641511033967229
56.530803500876367	-1.3134741670063015	-1.5304710697000461
57.268572857678791	1.2699777854144065	1.2972949440199866
56.322217035907421	-1.8732374079523413	0.70793904770963045
56.646886206009384	-1.9077929944494763	0.4172245316958817
57.111994568235573	1.1725793346271891	-1.4093662387840504
57.556156543698727	-1.5876359877526987	-1.290340482649073
57.480210132904894	0.35460528192162288	2.0582332734484248
57.15635439802211	-1.7720908997350642	-1.3669149715294906
57.299503660572341	-1.3605092416378131	1.0289558162133088
56.863472162336947	-0.8193162722968883	-1.5307992469692961
57.070206900127062	-0.047530143861619641	-2.2329308783692854
56.341093936531379	-0.46648804157644885	-2.042724595004592
56.002080526725486	1.5962674609020657	-1.3297470872216832
56.370772837323301	1.1826313655693155	1.9073869316855547
56.416380033431047	1.6530735187555012	0.79959246802752904
56.408443364664329	-1.5167792403519158	-1.6394558543529814
57.602072776613085	1.7003705594116318	-0.61800955179293704
57.576368111730247	1.2852015525016218	-1.9606234626297763
57.608611239138249	-1.5840582467153632	-1.4416017161571786
57.456920032440493	-0.3013797537260734	-2.2286077934533761
56.234744154782177	-1.8054703557249419	-0.4539383784318165
57.466077265258008	1.8998728099702897	-0.17029253150058504
57.864840841586698	1.5583604765387327	-0.74423680214802845
57.088058881124802	2.4037886819507608	0.007284823005361111
57.194415010932502	-1.2479986604853364	1.2320477361696898
56.932489756263877	-0.27490119292792831	2.1358585590164658
56.076627790549097	0.7041873083884308	1.6657184545199113
55.964275199050896	1.8119506207357272	1.6784522966165434
56.032797496780802	0.89775648984371759	-1.491022768148512
57.676278068546949	1.6978165631550854	-1.0977591349027982
56.661247190418024	-1.7465532288203753	-0.99810006524261607
56.891383831895695	0.82586168455199271	2.4679520691050878
57.792889544999404	-1.357015197522327	1.3383251656684489
56.856700712324987	-1.6399688971000486	-1.4013722016039545
56.347097013824424	-0.26872745228743228	2.1217456819087932
56.25733852578238	-1.5175679160714139	1.2204826599808787
57.636025022652724	2.048453242748284	0.33710021276869784
57.72535085486362	1.7027776889220636	0.32932092061548929
57.368882648122181	-1.5215308199430293	-1.0389223311957321
57.159154982425314	-1.9184965086414998	0.65559395126439646
56.946731187574876	1.9499796107334244	-0.020685768310072451
57.175847415363634	-0.47743271118657032	-2.2724431680409678
57.648108994676761	0.59447121098880662	1.6834097026747599
56.7909030730262	-1.3234691836644468	-0.9810867717737074
55.844084524830762	-1.5765442018159332	-0.51784166962231915
56.332873130104538	-2.2715916706700781	0.32064171972589767
56.294039012886863	-0.94538989301679943	-2.3162360260477204
57.250491277460739	2.0048306144133821	1.0007044479215972
57.63679060457941	2.0121546776975361	0.7741339870496835
56.493658652079816	-0.17496990940597554	-1.8746026070407744
57.024842290462281	-1.1812136804595084	1.8557335090344502
57.291000862769579	0.90356753768357068	-1.366292548709934
56.272598560750545	1.2740356122559677	0.87702429036044549
57.73641117863189	0.29855121841273324	-2.5126509407490176
57.511612747047792	-1.6557897043865113	1.0086156161882587
57.895507733001935	-1.7956067717685351	1.3573516990314065
56.101836408187303	-2.1795622775972978	-1.4610815833979003
57.754022702970786	1.618195875621818	1.5479783967541869
57.324847797130495	2.0776645448573916	0.083560934974948237
56.037775501693766	1.3385967685438076	-1.6476078507585483
56.76977754738202	1.9103894088696687	1.0154590991049355
56.685857567578083	-1.1290956357247177	-1.088792917286755
56.795384179279004	1.7814937537544357	0.19874118273193986
55.984678264183408	0.10753171948870122	-1.9768176353725975
56.420095345623466	0.43817872967582955	-2.14100380596979
55.889614766323135	1.7529548301763369	0.28201465483563731
56.174161459577299	-1.3265401604107359	-0.34732083176585832
57.740613140780809	1.8358866042855959	-0.34766795935630851
57.854707548230529	1.1164452807858485	1.588601799336127
56.951473562448506	0.7806395871373899	-1.6255007795138405
57.482851298437886	1.7270138473460068	-0.67721093058439163
57.041298652142039	1.6737252496730504	1.2167568301261218
56.049124895062789	-1.2893819852496733	1.3313022220617166
56.070777181316252	-1.6563967875341759	-1.2243349826696888
56.170997334482109	1.5757315449838953	-1.2071816011564256
57.84306283287799	0.55348863815051763	-1.8716857573067749
56.733052864929952	1.2751249314866837	1.4122834820565384
57.68174042253569	0.64004718300863839	1.6057720151632513
57.518538274326588	0.73206889332654346	1.8670948069671143
56.863918788664385	-0.96968558520539161	-0.99663786692732648
56.006611524783189	1.3933096610089368	-1.7583490725512549
57.387166267536266	1.092416001696306	-1.5048797905829587
56.55572950057978	1.2864054762461652	-1.3973727740550403
56.997271646746412	-1.8403699002499929	-0.42205390605796894
57.92357279263441	1.7306976480121476	0.76541895127812087
56.391430665345467	2.1420872600482648	-0.38008656937297469
57.411754862460199	1.977104377089574	-0.37477808722812889
56.601012454981998	-1.8714438977936281	-0.35672932328280771
57.125072578090652	0.18871758382499534	1.8111228574257805
57.200467232934976	-0.37624351500417985	-2.1394936566742615
56.177439263767042	-1.021214341131998	-1.7309489723973124
57.880135732939806	-0.48495732233280142	-2.06338803447328
57.874065425519852	0.35671223419005543	-1.9297219990997985
57.001421292441833	1.7127536011100355	-0.73929909793142357
57.607308866955144	-1.3617573582024223	-1.0423148497450243
57.156667136733709	-1.6101704695195649	1.2970671519455668
56.443158979530935	0.21990808697233913	1.9346953834344733
56.585950029527758	-2.0723054506751621	0.92561797326331552
56.90336680711399	-1.8305991823929029	0.27993441485574333
57.379923482464044	-0.085456015273851146	1.6540211331014274
56.008929121933555	-1.0551398198233799	1.9421411132778665
56.363872357306192	-0.2758146285660858	1.6409629522821307
57.270572429021009	-0.15554692045103199	2.1039185713346922
56.069110295304242	-0.25142556615205353	2.1818453168797798
57.792391340921149	-0.03544133158169558	1.8488668870623026
56.83830446743616	-1.7001349244659916	-1.5393854756772671
56.87616958214138	0.77433538246140543	-2.7203504124044446
57.793446266686047	1.3397447558920921	-2.0814560313319115
56.719914992342026	-0.076122348813645185	-2.2510969296058021
57.831653935877036	1.74723577827511	-0.88154367436097947
56.291120979201686	-0.670897876864743	-1.8266499759019086
57.212539318118516	-2.0383944003659735	0.11154355605763491
56.842614469542667	2.3241537338850695	-1.1770155196758236
57.487416004586926	-1.6246392168036534	0.86029438814087134
57.046762407625764	-0.60369231159655345	-1.9355291013043066
57.075728041619257	0.42510513900870844	-1.5171189960383886
57.515353127537828	-0.12435146745207257	-2.4766604306043245
57.667002482398793	1.6066555544033922	1.1174125178416319
57.484733789241702	-1.809350361246296	1.1947612890031434
56.408678709153989	2.1546590809913959	-0.13733230754737449
56.606785811279053	-1.4186407750615697	1.5095871481272363
57.608899658419872	1.4624559431036193	-1.2761453048695952
56.594745189982937	-1.3574406618614245	-1.8688636200096385
55.968191572482873	1.7305670803330775	1.5975719172052127
56.228572336255084	-1.9645784339948378	1.0257967712060223
57.181821573483148	-0.85924202898472157	1.2038512052290748
56.891718473771739	1.1677468354047871	-1.4342633027451335
56.09135183257964	-0.27624932035841965	1.7644450021359273
57.573220096845958	1.6997478624545985	0.975447451472783
56.149360782223731	-1.1488932918446435	-0.87715137807540877
56.446238882288824	-1.9088592017236414	0.19691968819007255
57.195459341519822	-0.65513697089337475	1.6027521303757417
56.802024406027982	0.060127426990553276	-1.7228930073329036
57.316000379432388	-0.20004725758815675	1.8615735392062256
56.834913081773927	-1.2486147727828969	-1.9490996186069038
57.340969262717088	-0.72381273177895011	-1.6055442666703523
56.430861213853909	1.9197684172540801	-0.9747314698463494
57.349476134502787	-2.1149091510310774	0.29019245175846203
57.863416777953844	1.4902579791915744	-0.17509159721777773
56.512645605873445	-1.0824285841837986	-1.7797813605408301
56.90127643877905	1.3627304534672191	-0.7950804814534721
56.636408483263203	2.1345204924617827	-0.2184890780985268
56.549295727259718	0.10532346813771587	-1.9551239215190632
57.149523612815045	-1.1364072795739857	1.4022872981698054
56.171860876375732	0.30344649688868397	-2.120880990594141
57.378451436238016	0.81343827970442772	1.3978223846263551
57.208657613835115	-1.6272599649027435	0.96680081273826979
57.15329131294267	2.1750517104511995	0.50020043813675708
57.814607401876053	0.2418553263249289	-1.6308392673511698
56.667808349703549	-1.4077938335388955	-1.6038855770275302
56.778762663753355	-1.945947561211179	-0.52389859660886073
57.047205309775151	0.15752209353999494	1.8596367105368556
56.812366529586228	0.21310117472533258	1.8250165193706223
57.468847927535087	-0.75019244955870656	1.9740912788068785
57.313810461102946	-1.3549593215812417	-1.8424717014297298
56.941089347583542	0.10291248751389311	-1.6887524033931915
57.398174951027691	0.88212137991521966	1.5894765412424263
56.895769413124761	0.095706772595327866	1.723639256945783
56.342178447315206	-1.8956313276781933	0.17380696334131046
56.549682799362486	1.813882501856062	1.5248781317102404
57.150120972556422	0.80491374089738543	1.9794888906700987
56.598288278840862	1.7440868358604582	0.97231969663359774
56.288539491467191	1.0251599210081241	2.0502988478073263
57.262416825168202	0.26169946605305816	-2.0892907211919032
55.914963924996457	-1.7136008095237858	0.97867596643219368
56.241543185851015	-1.7541939173269789	-0.68826299888105591
57.381817795126523	1.5193602561415755	-1.3676139901726194
57.165594289992598	1.1668468095290119	-1.2994053473795251
57.493121595778597	1.5800175317887968	0.96155201961753212
57.489963643810654	-1.4155129442186012	1.5534979794241757
57.029379843953713	-1.8811921027980569	0.7914258792730432
57.89016517296497	-1.1915646517949983	-1.5382165616114263
57.547852847554751	-1.7023733915454711	-1.6105504286448131
57.534750811999295	-0.92120317880414071	1.4658728928304956
57.192579741446181	-1.2428559534989456	-1.408968179138079
56.115943134262857	-0.91285716096542568	-2.0512727656078091
57.017991112150291	-0.40052125745881884	-2.0783514589449865
57.507752599273068	1.2426593098866792	1.9486417633338213
56.868391708082598	2.4266084937920245	0.17377475359927844
57.47615422762766	-0.40828645108249656	1.6120556201309737
56.354336952645454	1.3844498154023226	-1.3587334103507902
56.200081019700278	-1.0920187179072178	1.7159106625029947
56.377760171306569	-1.3832704058408405	-1.7052820458405051
57.632265285503792	-0.36622147166857999	-2.0094984139593715
57.076671930009731	0.40236088064756192	-2.1236044482289809
57.220454978964092	1.2074249375193224	0.9128397804178261
56.911089530666345	-1.2825391144604872	1.0450588393690587
57.296320373464241	1.9532130174352829	0.16912159181788294
56.852745404678494	0.20318149466172389	-1.713393240241017
56.225424727421206	0.30184876122059373	1.941929176561946
57.357325143099317	-1.9269506479236367	-1.0945071369276222
57.484508650139198	-0.64695159731091978	-1.5856587673762672
56.39014610845728	0.8682615165806099	-1.9272757558273439
57.347148877317558	0.65579011599415238	-1.6798567385233145
56.12224855620893	4.4465342149308116	0.66966676645020529
57.746724167852726	-1.8093977217498847	-0.22726554477360519
57.360298559491127	-0.14584763264815026	2.1784062850720551
57.485842916427707	1.8751181072954393	-0.85068617664821478
56.751104709390638	-1.8459222704624314	-0.86020484498064498
56.746869249794855	-0.28170621057165307	2.0446553640787162
57.60129660442027	0.55868450309840489	-2.2945967880945188
57.368146220678149	1.638763881627991	-1.2710102641998811
56.598689036628649	1.1459566255057643	-1.7732527089438805
57.210575493257572	0.14252171503576108	2.3059225185207897
55.835700904963858	1.9576942692852366	-0.21405611951068901
56.529355086221557	2.0277725920607073	-0.11280779334565476
56.448909490613367	1.5345605471898098	-1.9869344871022083
56.577954854223385	-1.6881350276958704	0.031447079385979133
56.934047144397915	-2.001081172828334	1.068405311604534
56.867499757165781	0.95362485507310013	-1.4958594049695439
56.867017562754533	1.5371042075403667	0.99300931440817819
56.721174431201092	2.0417883573838997	0.95549303284719467
55.998348990424518	-0.67723140242739788	-1.9688925627291669
57.546673863673973	-2.4000899665390754	0.55603939230830135
57.424355544949591	0.38893158557160995	-3.2050099965380405
57.644912332303576	2.0984611986607988	0.46628638275881806
57.859895944227297	-0.31808381254287654	2.0695696177035687
57.468997568566621	-1.8764297813177786	1.0950800562377747
57.260307018443818	2.0932644035687127	-0.13756702087456513
57.327824030594023	0.59156182185071959	-1.6374028300703545
56.034025384693464	-1.3078018083554392	1.6289365217595762
57.790855221639859	1.922391016770546	-0.75141535571700746
56.785008253694528	-1.9753823058233082	-1.078285185863715
56.819973335132524	-0.013933442165789279	-2.1964537802737691
54.722036475576324	7.8335988245856951	0.88870763419252108
56.999577048167218	1.5298692888446335	0.91747796322604758
57.473862933370214	-1.7345413055518841	-0.23968283483826447
57.873172203937607	1.5745025995817565	-1.4631092875092406
56.745637963409571	0.54629683773640259	-2.3012898254948269
56.108478939222636	2.2565771198055415	1.1950786695612921
57.084668718992248	-1.5323656208362	1.0492960679451566
56.577044051605135	2.0739593655286597	0.16007340872001891
56.377797494312397	-1.4318229257299537	1.5900794596929306
57.411050387749441	-0.28784050244752757	1.7581380804502116
57.363904320484707	-0.64445769050529855	1.7740066192695332
57.7323431889223	-2.0723027631533983	-0.33422285011098923
56.315458974039771	2.2410304397759835	0.35010207853782238
57.471204825534763	0.43372441316956378	2.4413733887522442
57.30138834787914	1.7178892013168701	0.5241271758793562
56.920754650074649	1.6405294217379029	0.41899441083857303
56.122895987303515	1.5234645136407023	-1.1235599466307333
56.534221479156955	0.53792336599970203	-2.1345379324818876
57.951138323184999	-0.21415448156143421	-1.7502044669464429
56.878759652538918	1.4799443465013695	-1.2274189787720811
56.612330451069944	0.34863054605461413	1.865147798898352
57.001444684368664	1.9355488993660024	-1.2467932600588369
57.105239659757864	1.3861614377950753	1.6672944282569233
57.671532012929724	-0.44443158093634005	1.9884113431761503
57.313090619495334	-1.5519983918008198	0.93648018472224637
56.16865073976782	2.094630250412151	0.67741551812760348
57.021429969662165	-2.346514427651091	0.30299222197690051
56.763835573626501	-1.4012427752286725	0.83165100860978225
56.51046109723319	1.468898476775095	-1.8623795059043731
57.330223100356598	-1.6829534607066465	-1.0807555464408778
56.112045141913988	0.81859407111034488	-0.9529557843131391
56.052267271827994	0.39878207122814713	2.1431732619833466
57.292619704629828	-1.7421612272101843	0.56885363514422693
56.875087875310761	1.4376273175314642	1.4255890118383276
56.008544381832515	-1.5231772403194381	0.50856371080098772
56.311509504488164	-0.8792722577657246	1.968638279436608
56.574896836334595	2.0394987527531092	-0.33730702035749166
57.903072947048194	0.19407246882370666	-2.025780520655172
57.234522706803979	-1.4417216115979794	-0.94558365164375446
56.399692446735159	-0.15370383942042604	-2.0002403342398654
56.390711897664509	-1.3455361829862618	-0.35422766572945047
56.698456517681912	1.9573654001706855	-0.61265560741539238
57.711685557668851	0.86771031837046642	0.59308219358565428
57.738566420720581	0.7285641221467366	1.7079461880542715
56.475826458263271	2.0875021597395182	0.60071019934441516
56.906621773405277	-1.4962633956490512	-1.0582698190409949
56.027789177643911	-2.4028140918318703	-0.16419171855776402
56.164577511347645	1.8147486381100961	0.80563321350219264
56.966815648820948	-1.148955277098789	1.0131486267187633
56.451418409771492	-1.2063511331031009	-1.5671181387555908
57.340739304224229	0.18525786557284726	-2.1592056794973398
55.79301273638611	-1.3420890076187169	-2.0166516577898044
56.090356505484955	1.4638520676513305	-0.45209403119391722
56.681723982007512	-1.068504764707201	1.6055143291834002
57.742999850234504	-1.8431235723196195	0.65185967360557662
56.945823810681894	-0.36511039231588566	1.8928173396632932
57.330539169195511	-0.48956962752556948	1.8509340185829526
57.770139528029681	1.7740124091694018	-0.50268188947403214
57.086257185963149	0.89982322004894366	1.7028749368998592
56.335721156374142	-1.4333341948147658	1.8589355177562428
57.647675683994784	-1.2649672287286513	-1.2434876561092074
56.287698702583619	1.1142585550681823	1.6237486842698376
56.999188479851966	1.933395507210633	-0.78439361786128681
56.510183167589275	1.4342341199109823	1.4985338859461792
56.729049658082872	0.18316567978480264	1.7879924898335897
56.598657131006576	2.2010679743514157	-0.090458290546871989
57.453045123603665	0.42748253109895407	-1.8030293991722584
57.797434599786243	1.3938641472569449	-1.4195402561135118
57.240490731751365	-1.0937018045042242	1.8925202537401256
57.230649902831225	0.4998124228646435	-1.8514078542838768
56.158672106730585	-1.7912906581197967	-0.14201210122304825
57.369869827896622	-1.2088340974630001	1.5915840353573796
56.854490964298492	1.2030160185840211	-0.054654567206550798
57.710805563728584	0.33273122821980988	-1.7299959794084518
56.299234611583962	1.4588753808143553	-0.89992129842958568
57.591435212687202	-0.60682767871991317	1.450050215303732
57.208956126128747	1.2741428716214993	-1.2044169542199004
56.901250252046118	0.82286850215771312	1.2566368400280197
56.095811549927113	1.2661836567226963	1.2841245148446856
57.355852657540304	-1.7719612568584266	-0.77566311783019015
57.240480410738229	0.30719951833477344	-2.5298400842449627
56.610376691585309	0.72394367561220463	-1.487361203300434
56.151684033718055	1.9194321836450026	1.8230750601214298
57.159970324577593	0.99232836050358386	1.6663730589630823
56.822469146255813	0.65000706527295438	-1.6582807145235432
57.17823009760486	-1.5455060517710884	1.335546115082259
57.116523584179717	-0.60872899412879733	-1.9955735162337211
56.862854243558608	0.56079424066825223	1.5445004884866758
57.343210507883526	-0.28861497550449289	1.6818042665452597
56.657075215030666	1.5585304056216278	1.2478949392403558
57.181641652901952	-2.6882587480300479	-0.085344917836603862
56.957256237990897	1.8456377451855253	-0.24149407298981426
56.058306960983558	-0.19731803786673568	1.8650255859352538
57.602862577280909	2.0714238542574543	-0.51134240271013265
56.092403851470905	-0.85357498918249886	1.9221667803690115
56.481184077062565	1.0768321476522944	1.8196069495115901
56.116422164236567	1.9416605716481374	0.52977512488850409
57.704643627758344	-1.4664916159591572	-0.96514250624793019
57.443190818919859	0.57763486095740857	-1.399648102967245
57.792333365691668	-0.56145995849080721	1.911357124642441
56.188275848147505	-1.0772391722460981	2.1691916752161418
57.18918865024942	1.6249160311100073	-0.60359506653004269
56.792293895631673	0.24275265058379564	-2.5180229358160959
57.918408232227598	-1.6965003117956017	1.0218515771897374
56.066139852289062	-1.7374555736904511	1.5035268369866794
56.762113595815343	-0.69563020551724453	-1.3408945554280198
57.584669623177618	1.1320340677094058	1.3219565883942053
57.311156658603309	-0.42974536593308998	2.0573060975920026
55.956910782328521	-1.9131767373098605	0.57953778456155824
56.55422261055503	-1.3649461612159324	2.142683947582372
57.163681519919884	0.92519895604805968	-1.5611736224737127
56.75210915188282	-1.7661599730277611	-1.5847990380003394
56.736979602005391	-1.3177831635826109	1.6923226874422066
56.686320605738246	-1.6266865317890011	-1.0803772880607039
57.410192371621733	-1.1279761114558398	1.652583372062403
57.444998440115157	0.79726187368504964	1.5829745752090345
56.566026044081454	1.7743171060428924	0.91646369819301043
56.647643476591341	1.8478240786892546	-0.091008300733856018
57.295594694868818	2.0428309740263737	-0.69065296738550142
57.25290680280591	-0.45046077329428086	1.9985629303265788
56.383272732375623	1.2207485193409326	-1.7135266869470911
55.821163843312888	-0.6541177891967549	-1.9613508216634299
56.516564306601438	-1.8175651504462282	-1.0986752766944679
56.109567160785481	0.56868419517919144	-1.8013182589440295
56.250913004740177	-1.3519709762550627	-1.3150906348154412
56.829936655869233	0.72403194468247034	1.8439705527160855
56.935889363665332	1.7817389796437764	1.0389898985648254
56.981390545041982	0.12699039453052843	2.2310333001602718
56.169194169724477	-1.4455912433307523	1.5250423251026413
56.152562337205133	-1.6923843432611969	-0.53507803961433342
56.370930172829823	0.39896896357134876	-1.8865067775096365
56.881030947086714	-0.94584993325551225	1.1379698719302949
56.161803631624636	-1.8283222994343848	1.832025799975858
56.611447634399632	0.23207716165495726	-2.0454441155383951
57.329395471509535	-1.5123856281110721	1.1392293696612708
57.731431864945762	-1.9994601019054652	-0.36743178564729212
57.449118980766833	1.9701624168206833	0.34897339676919764
56.701254761823428	-1.7002469227094832	-0.62264778475581428
56.614203580461911	-1.315199493563646	1.4617114327493572
57.113372798024713	-1.4249300863970429	1.7290623796848317
57.65890933119821	-2.0787110959485031	-0.97493348240097955
56.946765779695966	2.280943154485517	0.49700203475651589
56.354596618397949	1.4920877018134224	1.3047812722470216
56.784487779914926	-1.1251916138333196	-1.4699375553612875
57.369678855717297	-1.5638533142695967	-1.5435939906229528
57.524187287918984	2.1928418184451979	0.37368555355289707
56.663629977106623	-2.6630684176616337	-0.11589656113108826
56.262143057066133	-1.1088947016251234	1.767927803338958
57.308932893366077	-1.583989676298212	-0.30504317851617863
56.36548563537211	-1.824392792764425	1.0705930549599163
55.950446247816281	0.2934909009214271	2.0248177133498753
57.178647177065244	-1.6199442806381814	-1.5508252206568132
56.228649525162602	-1.4710040832300841	2.1934060984633965
56.776991474989913	0.55192124797529973	-1.7536779433415268
56.991459412926382	1.6059633844030043	1.0458123585129746
56.249635435312008	-0.85112660817396568	-1.3637804497565418
56.610537687664667	-1.7862399343887092	-0.640073886527321
58.013624070790215	1.0565578226088399	-1.7381031250234094
57.834671104495996	1.4044680302938515	-1.6006364052680195
57.549547199265156	1.4180956558267062	-1.0685614061082687
57.162540809942627	0.54335975540132986	-1.8737013654583121
56.123694003777707	-0.7395120762162789	-1.748864037151453
57.335685608558677	-0.12137866346640402	-2.1824035872763758
57.619785939422314	0.78062369595775216	1.5983542144068437
57.409754186328833	-2.2406725956261231	0.033571561503437562
56.095484433053436	1.1362336728416671	-1.3676102739378613
57.461501431565694	0.73706559326037258	1.915513695262304
56.136748510902649	0.6083582475996705	1.8843703230590128
57.140670421568885	-0.489395935355668	1.9185381145760574
57.871952515118288	-1.0179616218062231	1.6948360750825107
56.706555537472546	-0.23380366552436513	-1.9757845354058188
56.08529338211131	0.90924774748574866	1.8757672093725397
56.138875109604683	-2.2022972832570593	-0.86504718380536627
57.578789980059497	1.0332119381598106	1.67763836291996
56.868867693486351	-2.5526467978141989	-0.68988462518106752
57.803406151032156	0.6030614476416567	-1.4627982461941562
56.76839478543603	-0.59740532676743097	2.0813157490554626
56.005573943564364	-0.41211595736716344	-1.4696159833268403
57.732322012190785	-1.7935649446421458	0.62837740589811031
57.057317648983762	2.0402345307306171	-0.13028779930039688
56.328976875728031	-0.57768105577047568	1.8656312502310126
57.144632211638246	1.8232263338479053	-0.82303223482141863
57.875400781499756	-1.7783346322326088	0.8659475646305288
56.966326954709373	1.7521146602801185	0.97214763213130728
56.351759650104206	0.54908595427759732	-1.6810246670612181
56.483296003760849	-1.5548910793709576	1.9211835417390839
56.594983966598022	1.7468959911307966	-0.41642044514627646
56.482172291416781	1.733710307481011	0.46441992892352835
57.57713198913828	-1.2011902871985571	1.656358653434711
56.812224024850302	1.2018992389703951	1.6865551616453553
56.751160668081496	1.2533228496693487	1.6590011725299194
57.667734851545084	-0.54218841002148832	1.231087586688137
56.608845225733845	1.3746911608344343	0.79683945729728056
56.787914917945926	-1.6542372768504825	-0.6373275254390034
57.009249863835812	-0.7663445868547939	-1.6223293463048261
56.375015534096875	-1.9359879744540021	-0.8105943519429043
57.17164667319836	2.0469824055564305	0.18033956635833473
57.468762588300571	-1.6044605954987279	1.1060212696536837
57.268953214811482	-1.698362601803284	-0.42133468176495081
57.116985269437002	-1.2209590335076885	1.448584891886171
56.965143063706016	-1.7184470667969927	0.22463233683029879
57.204387117632677	1.3638556658844951	-0.8646266590087911
57.930421228236746	-1.6173931061401676	-1.1786926317385187
57.797389800062355	-1.5790262955077354	1.1784413163750096
57.492952018076359	-0.21285759433869675	1.9345531828300049
57.203556526493735	-1.435200582710189	1.1319335314081993
56.37777215563554	0.14511671558043079	2.1230315805737017
56.034886994450396	-1.9179086258578051	0.265637556848342
56.344092808732348	-1.0217976377453319	-1.447577891715065
56.989496056831655	-1.079125314238379	-1.5665254394890948
56.472042624240586	-0.6519015175731937	2.0188817343914303
56.738538058326682	0.058680934769382825	-2.6406687099360107
56.168294938352759	-1.8663498901911768	-1.253470954959284
57.642872071324661	1.0795970547798082	-1.5263430044972772
56.501764125773185	-1.8133578985553407	-1.4511620699176326
56.668260745965448	-0.0092242050210998936	-1.5204291174056934
56.790604351841665	-1.4813864811631605	-2.0640930730779576
57.169930132095345	-0.20998400047141355	1.7547274349288737
57.421961804351177	1.1387302339134509	1.4976640312720721
56.58595785274278	-0.49140026748690308	-1.5782719182750589
56.160107507314805	0.25348803334193182	-2.1126276178992796
56.467786053072821	2.1641878109460779	0.029679027148138592
57.717825304078794	-1.7430429353524584	-1.097436328032541
57.113597601610749	1.3852905415054257	1.4972388934947878
56.381687865880465	1.4516148864570648	-0.85136730937708927
56.66607855259722	1.7353547102365408	0.16958459228334183
57.36926917256428	-0.17393806417821012	-1.9177184495158586
57.566063151408692	-1.2123306995171705	1.8335791753814272
56.983496925025577	-0.63432553368384459	2.1718953956008322
56.50341462390503	0.11067240983971491	-2.0074598313215262
56.858764872183777	1.0936155812206125	-1.5869717716925229
57.555036211024735	-0.23100239723602095	1.7675310133140743
55.943809810673976	1.9109133992693943	0.13566960878869577
57.440373768161798	-2.3146686050138774	0.40778337548417537
56.890571010105369	-0.46523657970027182	1.7873248089083722
57.50899680256309	-1.342370149075655	1.6666278555050846
56.580879863599769	0.64837350330061461	-1.52859297861868
56.38119336582934	-0.16291000037365175	-0.61534903305572108
57.423791690966837	-1.7179919292260346	0.42691566124814873
56.779793995381276	1.0852756167239472	-1.478904567194788
56.135999767831862	1.6071389933464759	0.94661860266901132
56.816946200931952	-1.655438294015495	-0.42893960052144947
57.941038816710744	0.08446242306253568	-1.7557809149158261
57.522692874503818	-1.5186824805479904	0.96566866051400824
57.420475847945205	2.063717062644661	0.048790610051811199
56.282068034727047	-0.68214763220344699	-1.9636240135782737
56.481782907795775	0.54633447237212507	1.5441129913317451
56.807160510743167	-1.9894146074022621	0.034272116523002542
56.481372336245784	-1.7221113299549273	-0.67892704357824407
56.854698970860902	-1.152149574855744	1.4958294817566926
56.524496425411115	-1.865840773916464	-0.83260076054918708
56.264858950701942	-1.6840473728129275	-0.96119133618461627
56.70586390088058	-1.0614363250292191	0.64934723704010155
56.897823463492628	1.0395974603047002	-1.4853367951281673
56.814981764435423	1.8996405460653492	0.98547778097340544
57.131295302258728	1.7171844290979619	0.30732313052986932
56.861304093934528	-2.0040906560603702	-0.8963165024249482
57.300415848136602	-0.84617255222170651	1.441987554489875
56.757205170133055	1.769381620978953	1.079818209555071
57.530868164834622	-1.5157896546642866	-1.0191310788977164
56.230815920609324	1.2283405909987315	-1.0786540076215223
57.725604143030978	1.7649924263610697	-1.1478976164750418
57.262050050300068	0.98840932702616946	2.0416108487393068
57.669451022608058	-1.9935513790690154	-0.95376769682160156
57.249143876837756	-2.2029577063885588	0.21049530874966421
57.772269664506283	-0.73882677884459125	-1.5673813080748102
56.65648441959965	-1.9197125800143553	0.52920478597423526
57.218559960076242	-0.82814137103963692	-1.6866183865700721
56.384188737208667	-1.6721720608253881	1.0571819774509172
56.906659065939046	1.5416726511691681	-0.79735340419818379
57.95374498538802	1.446461400189436	-1.527223468286643
57.7425283521818	-1.171266617573909	1.4613366106799133
56.433810512337537	1.6565322465763197	1.052521473208609
56.993855143592484	1.4150235987501325	-1.4629493961359608
55.94936760590668	1.1273696020144999	-1.641404595764546
56.817542551025539	-1.7046033069752007	-0.71864890335313958
57.638696097361297	-0.056470008629350837	0.8149319591868609
56.449464667644001	-1.5283106267043018	1.3281867265385756
56.106475450858269	-0.15171338219057515	2.2304254143713851
56.15106257866799	1.1687196317603923	-1.5563933981856657
57.558978424932612	0.40342788710570349	-1.9729849522283505
56.394860092966134	1.8666785975241076	-0.41905225837973975
57.708874556066213	0.35934559571492863	1.6900539083915123
57.597051318185613	-1.9381206380107694	0.79295245859898955
56.129535556072035	-0.34736932219249694	1.9006074375941897
56.78969998939138	-1.5628837921915646	-1.2548370075935573
57.611766939136338	1.7184212788868574	-0.41055471222824519
56.739559398241212	-0.11994157970388013	-1.3960940833557847
57.260941853224779	1.2526868708399934	1.702784086856483
57.00415040526493	-1.7678816394403511	-0.1065606774752367
57.613511501042602	0.57691811974138985	-1.8946058507770871
57.68250238541772	-1.2265238226429087	-1.9461279687419109
57.585131735512512	-2.1179768542566761	-0.98499070938518296
56.607823256936648	-1.7511727916487823	-1.2489204134370888
56.913924164858102	-0.43700218955459119	1.6342703098527278
56.24538718542258	1.5561256073991678	-1.6948903982338814
56.500461104597363	-2.0386535022533829	1.5015740684058305
56.948648854806429	-1.8617055581251098	-0.49142842719283958
56.354308556185892	-1.1186971271001205	-1.6491633416320342
57.565178765764657	-1.7099043679632124	-0.94261113373813776
56.884560621328554	1.0717506931714056	-1.8666207024434369
57.091883753296685	-1.6806747607963817	-0.26332151124822467
56.312827763042606	-1.4578201633235206	-1.5725530057360015
56.886911321029224	-1.5598421062187957	-0.89938452205273911
57.476279848120761	-2.0837468546201792	0.8354711807768469
56.646497083266027	0.67937662089476192	1.8499102291617491
56.209208052463055	-1.61750208299244	-0.88635595655554211
56.030913671305854	2.0347018563755146	-0.57350993506678982
57.251823389944498	-0.44564809955544454	-0.77912713050062021
56.203872965504004	-0.73344586855879867	-2.0637146428446096
56.576433627386272	-1.3154832679108821	1.1112981460389901
56.933979522295864	1.6069161901102174	-1.7934899035531979
56.454556403832676	-0.52502229704867909	-1.9556939568012237
57.570907082680634	0.1186791497293002	2.0072877327764544
57.579254039228246	-0.78166482843116003	-1.8645579484205381
57.902952711071052	0.045139320523634528	2.138671079455611
57.067317822143636	-2.3094255987168082	-0.42397075607430662
56.713400859428504	-0.53114508299274987	2.097113110789512
56.993692837105314	0.090896897661427695	1.9781640021213354
56.316303492708954	2.1806083249530768	1.0040916250000063
57.468844142974739	-0.6012715833205674	-1.8545160239422189
57.878184326427984	1.0793637966403027	1.3625627751723375
56.124765643617636	1.9155972669128098	0.81093122269154971
57.059118398641758	-1.6499546787327097	-1.1928675315714925
57.486275827918618	1.4658286396475357	-0.9553432668157873
56.230581106547469	2.0865112630141738	2.622056331118189
56.29181313579722	1.4190115673832411	-1.6782265332320387
57.215199777631668	-1.1376076740910752	1.8101403400787075
57.066030147671597	-1.7921657708529575	0.38192993931427521
57.695386025250244	-1.1404545170911342	1.427744297452991
57.300884589798386	2.083135958371984	0.14025921163168101
56.494952293440143	-1.1763783542117086	-1.3220238522398584
57.572270249845602	-1.5170605502361283	-1.4831874593340233
56.141242938587496	0.38536230144966249	-2.0613535202294462
56.293107997979007	0.71507349994777925	-2.4147115570811963
57.384916937137717	-2.3839669880513692	1.5030988209648719
56.330038503186124	-3.5512739814351209	-1.6608699069611033
57.015293402991489	2.134952058569052	-0.95195214693445507
56.359986495160065	1.5606994272964512	0.68396299640520364
57.122288983274004	-0.64865111291416999	1.7700440116594995
57.24574671000083	1.8628415078139779	-1.3963613222020395
57.914533558578896	-1.6349697988071046	1.6758057317833457
56.730007917078275	-1.8544688306586024	1.1015520365433562
57.067365429352442	-0.89488706729917933	-1.9735303163959661
57.076809119222318	0.99211354390551476	-1.6257423014256931
57.231303675111192	1.6497674976825989	0.45256754661313708
56.913423501698134	0.36603504269959075	1.5637007235088463
56.855423678499172	0.84921281526206605	-2.2222596551029659
56.483355461431231	-1.3940285294737214	1.9978471313652941
56.558292361628205	1.7343033453644319	-0.53595162169555655
57.872522024828434	-1.7249592192149288	-0.75352902815725897
56.566640569365795	-1.1545987141184118	-1.6250855394752053
57.198283539561906	1.9500660267725047	-0.77111981683825292
57.74725701957037	-2.8656813618739059	2.2812590119280918
56.682046454279266	1.2660140327396348	-2.1920244172832368
56.194670654681062	1.6072566460347937	-0.65701282467287159
57.477687283886631	-0.54123485542593974	-2.3734407411120095
57.408625873385603	-0.70081592541814086	1.7959775046933579
57.336982846405746	-0.16803180639756118	-1.8320078627667298
56.159976427654968	-1.7133069722038667	1.3246457508004625
56.558979819744259	1.7697833868615365	0.79313737626349989
57.958662200530647	1.2128645247468735	1.6328697799338012
56.107116544588195	0.64690905245167118	-2.251590690757447
57.61300024714108	-0.095647149103943715	-1.9149577127993065
56.251283475500664	-1.4826209190319302	0.96928814156337251
57.723915141178523	-2.0967727188396759	0.72666330700123671
57.518165946790766	-0.84681022156916674	1.4873098150762283
57.178340520668634	0.68738142046574247	1.8540848607535081
57.155687511571394	1.7916737518949093	0.44564793676047898
57.592462605790409	0.40325164284927584	1.7719067034430867
55.955943388081046	-1.4516620532824995	0.63623288758783136
56.536123805726518	-2.1430916476352557	0.41342907897433429
56.404429713030339	-1.27756162303663	1.8773250695505674
57.736008110378116	1.1258365724602246	1.0401730868398271
57.739315744197384	0.022667275717334807	2.2233444676749512
57.105483250670318	-1.0432206316969226	-1.3194670517787974
56.547635142801489	-1.7304049042441303	0.58673975248011467
56.189656438330843	-1.290404605704186	1.2178554063829903
56.094162250509775	3.1789599005239317	-1.1016937647042548
56.867462644313157	1.7380640100319327	-1.2536509721139057
57.112488678331587	-0.46073662445865421	2.0867046935506988
56.895001995098823	1.5482953610241954	0.84751728235599644
57.403880464626241	1.7627226725035052	-0.90153239343461411
57.129549780799763	-1.8308774688073495	-1.3511782331528812
57.71871124519712	-1.7617509344392046	-1.1610630861402296
57.205226970143379	-2.0125567766202597	-0.35856497469417437
57.697324348341013	-1.4189110388691171	-0.54429948708422271
57.566135596173304	-1.9530484515917548	0.39407669780195276
57.358841844689358	-2.3391991914783246	-1.135663521578629
57.766492696865008	1.6870685897564115	-0.8821890386584863
56.026971617449846	-2.0329930796106508	0.43209212452882534
57.546046179242552	0.93516198454938904	1.5399211790074008
56.364182390405631	0.23326343229873017	-1.8729873899929035
56.058330384532276	1.0344963695538143	-1.3949736334676341
57.463880148655988	0.72217227053539279	-1.9395540534145848
56.894850064805993	-0.55104168010279353	2.3843128923110815
57.843638087237231	1.4648158703016909	1.4372340200494902
57.520120037883345	2.0300784818102069	-0.59392427777610202
57.033380524520275	0.30092853543125581	1.5081091686943655
55.975790064207871	1.0252242190963328	2.0911899965148568
56.495777588760802	0.57169806917392263	1.3959617683250534
56.098483106176516	-1.4057208263647234	1.1307496727149966
57.63599696633522	-0.22757207382936148	-1.9841705803184191
56.420488521998458	1.4658845474986824	-1.1965729690106823
56.245467644250731	-0.66208731729484216	-1.4365525646497781
56.898076085050029	-0.66663928450972976	1.5132669422411931
57.173190776422061	0.8582099900241843	1.7158667110282659
57.535037468600628	1.4075736245118364	1.0429483527331083
57.08375985166591	-0.026838322890930778	2.0070534097710291
56.545809848532222	-1.6727675334917691	1.0939313623528548
56.585741766973094	-2.2182972510858261	0.39149447407768856
56.480993228914159	-0.83782842574106142	1.7901672882541169
57.474636611615146	1.68728376025717	0.19976448238645272
56.885761931309744	1.5004054050146334	0.32614325509841841
57.005338942900892	-2.3227671425898544	0.70883762221969271
57.019787234900846	0.19262462528942831	1.8788412508100862
57.959532500770273	-0.21362978734874877	2.0228631260355705
56.062812252719148	-1.8314805020668046	-0.71882873079955478
57.35151219708159	-2.1970094424806743	-0.0031655260705881123
57.125074819398179	2.0021162506712704	0.85674763487531025
55.935853653963257	-1.5846211805117305	-0.38147336211986577
57.25949483315155	-0.13038381562877588	2.1812501457857469
56.979567286236446	-1.6223763270371132	-1.1140600732893886
57.820601853322756	0.19551284121248477	-2.0831187655015371
56.959859323982393	1.6523081053923625	0.8270652089135212
56.11250128522309	1.6806092673307658	-0.29563208697535004
57.241652567623582	-2.1034700363780354	0.55771690928445317
56.636141446575508	-0.37517346262502432	-2.3531235862535596
56.722181322082761	1.8165689080286673	0.047031980590871797
56.878123558829436	0.87542990853633007	1.4526656349433524
57.349502425768499	2.2100666099540924	0.47200427753077578
56.95489792965499	-2.1067845116730264	-0.70241277513737377
57.778053954304987	0.47148064813151291	-1.7548925564671138
56.599079093478082	0.088676036505796932	-1.8384181469054102
57.582729614951162	1.8612863517299147	-1.4044483052396741
57.510140007383235	-0.85354218844441931	1.8003968040738549
57.458099543326838	1.8866773482378847	0.74516855981023877
57.62253070378992	-1.129804485431386	1.6805504734916488
56.689486914390535	1.8112521946403255	0.77332485514712057
57.850276035728797	-2.4149665683283597	0.36702197223937816
57.543913768099102	1.0872106267615349	1.8942428231390416
57.680004159767961	-1.9682322710964713	0.0022263099775371273
56.90710406849621	1.0415392052521368	1.6880044931706968
57.473491866444952	-1.9029493588062287	-0.48942191830368481
56.395263642707931	-2.0538739504446153	-0.24562573500142773
57.917145208601177	-1.7528021116195374	-0.15735066302252068
56.706617799485713	1.1761627275440436	-1.2866027902408372
56.040065795141942	-0.84024523334879642	1.4361319850054453
57.69416376543078	1.5480876962503531	-0.78640786206379298
56.38148820755422	1.2595744786105847	1.6134112918006704
57.651089494650542	1.3388917968966725	-1.4474453323415941
57.2012996410404	-2.2167831273180245	-0.62552900707330505
57.631662671760203	1.1801217691368697	-1.1285452943212553
55.963650853360839	-0.68114866518884931	-1.9205184100977695
56.843742641839178	-0.14419210529221169	2.3866059781328253
57.004991850443595	-2.1392317060650847	0.96729403188642205
56.047468203755734	0.17853946934276091	2.1954974179457145
56.145112835463323	-0.57825078467947466	1.6538719551708978
55.986144585617126	-0.89401581441256039	-2.7424190705161595
56.874113546878121	0.38479009386763635	1.7103292394354062
56.910334182410388	1.7349574819923543	-0.57592016521981315
57.131301884690387	0.52565142281652666	1.7575197536901794
57.49853466164668	-1.6134233928895454	0.55568021107471699
56.661848425698793	0.10387099899756343	-1.9642558161522032
55.778253477801059	1.2526289564655828	-1.3156355847564027
57.272011393493933	-2.4925147769208449	1.3818297038124365
56.627754642719225	1.5912911445005125	-0.67814718819529984
57.438147784522201	-1.3552912600428613	1.6050048362907234
56.45638274439159	0.43298363757732999	-1.9179222808382477
57.769827224895138	0.11971750259322958	-1.5660278350630441
56.282376526072156	0.59269297873684001	0.56862404545877021
56.838876002785995	-1.8368914245479409	-0.15133557615003193
57.87779157924281	1.9720329605275544	-0.23318397810536379
57.640854635053856	-0.77835061370618652	1.5358160547986668
56.456646094248995	1.0126225797043569	-1.2902721801678751
56.552732575054009	-1.7256219829269712	-1.1532192064580322
57.369485947945527	-1.0282959628353954	-1.4148991420572139
56.832001963030507	0.0083200310572348474	2.4055283323794501
57.524547949143169	-1.6970062914009785	-0.35855765160981273
56.309198535506695	-0.78581089465798903	2.0238333685832433
56.907588264523284	1.4432977783873218	-1.6639135415853288
57.114536865542831	1.2798619345386748	1.5224944710596482
57.533761378013658	0.33764472421234043	-1.9967250015301028
56.972991573132056	0.89885761124339247	1.0204889489323818
57.799064914825962	-1.6584179843897011	0.78605913880910083
56.481160736965691	-2.4120295435951529	0.42666730657340562
57.873838382062516	1.592293961171878	-0.73035847686450439
56.795601429363423	-0.36786545583939229	-1.7291283577003609
56.651593143086721	-1.9517156369159685	-0.28565631010102366
56.621183409341491	2.4590699065608743	0.1259199532418333
56.918573093137205	-2.1255358574530643	-0.52340114011421368
56.738481927813211	-1.3985478492504313	-0.60794136048403491
56.212649928495345	2.309720863289499	-0.63245847008864031
57.661295226603158	-0.53753539307360509	-1.7055487331002439
56.887883660572193	1.4280173399095912	0.75278975566512407
55.963569946265054	-0.15751510551432246	-2.4648156864302124
56.792260731479594	0.39511785485782841	-1.4876315461478316
56.616875229444076	2.1906196918799425	-0.98142644476369045
57.744382578510667	-1.7501846805573877	-0.71251870439793885
57.474344370407387	1.3350214750278104	-1.2964401034321202
56.888798742179254	-1.757152930555645	0.81976423582193647
57.714069345061901	1.5463459280043672	-1.4647507272837623
56.822840358048609	0.15171160285670962	-1.9886961293086269
56.896738033072076	-0.0058035324671389735	2.1727974084669235
56.485744199728401	0.32874313792063065	-1.8583980616523874
57.692996775294318	0.64863086613461207	-2.1084632867579471
56.857212006910267	1.2249326720168425	1.916979523433469
56.371710710765292	-1.1037608917318231	1.2373632510057793
56.287637607711467	0.79393645604732321	1.260850672254505
57.392378819866039	-0.57253680656799044	2.3476894960120642
56.343909215755261	1.5678753680364577	-1.3530918196861852
56.09919031887059	1.4426089845192329	1.2658518968584782
56.816126187051289	2.0565636324965832	0.44833823690339847
57.431067089559775	0.57133160978333486	1.9375822441931647
57.446778059294935	1.7537975111120339	0.13276014076357762
57.521247667926211	-1.8249402343108971	0.25590279669837862
57.176516430608103	-2.3166153173727975	0.36618215441146107
57.274360666167389	1.2420517481800433	1.6876792491856218
56.412910488907308	1.0302389988564182	-1.5847105376076185
56.931472602436195	1.7219357567930442	-0.97415118192579409
56.135749637329312	-1.3999789165503795	-1.1955405994893957
57.723156973315739	-1.9338511699946201	-0.62785556603439197
56.172705623914638	0.56712431930458407	1.9638004794745563
57.321492551428534	0.65879182578267004	-1.8342151505382185
56.144357010982297	1.6224471642360505	-0.48479024216564809
56.407812497358734	1.4747879528331111	-1.2383317078752858
56.683125052813821	-0.39000306938737705	1.6708118838106112
57.773151576065096	-1.3324714506894009	-1.5877733391118134
57.738926643978289	-1.4844988044618272	-1.184963255434857
56.833573019045183	-0.79732215558067887	-2.162600303281351
56.680847515247358	1.878160751934459	0.2921044655361017
57.803245710440692	0.96080972788818597	-2.3176632735666312
57.32036242286317	-0.44208204940562523	-2.3044646509767555
56.408444052965621	-1.8822834898530232	1.2189893063118002
56.080444521128143	1.1052449092765835	0.26822366384039326
57.834042142791795	1.9202177802928242	0.86106289486209997
56.22882211168077	-0.0049877841767445317	-1.2833997402644857
57.132539358020509	1.9295116316964849	-0.54001765981655203
57.70789270808055	-0.15399334238680987	2.2674203506492456
57.737772807791153	1.2390422789364874	-1.5895434436796005
57.645432184376581	-1.5286391850776913	-0.4818746093091455
57.830451515684373	0.71697128650178144	2.1735372067210377
57.512423420954875	0.75459680808121288	1.9436491978192592
56.413918899218793	-1.4164020537575142	1.280819055581855
56.638970465480988	0.050169179887606087	-1.8670932247168304
57.147743582510664	1.6583158981901798	-1.641466149059893
57.357045270099796	-1.6302669344934932	-1.1346705516060331
56.967008823658702	-1.8688686852056309	-1.0245090192845678
56.00670312133466	-1.6050403395626245	-0.31703332093329489
56.997987621352891	0.85815162029496417	-1.7635952545238756
56.75228595748915	-1.1877455812579012	1.5012762507220681
57.02853608794608	1.3844394693585138	-1.6815995113417479
57.103501375993872	0.72376900607784356	-1.4449968910998432
56.982980954208131	1.1152376092799785	-2.091802523889092
56.095612057032753	-1.8465467473473332	-1.2467644577732035
57.536906441949391	-1.2515786364788064	-1.6341550425006131
56.229412735345775	-1.1458870565509536	1.4041511614984885
57.083174863015969	-1.6454536828377502	0.93540670637308865
56.45643076875092	-2.0642411537289376	-0.93625387388857428
57.517109797475797	-1.7864036573959958	1.1226158141834326
56.00083120453268	-1.1304366846350282	2.0177647768738169
57.309622074281869	1.4504932308261107	1.2602477870133375
56.715974886107908	-0.52304437393745074	1.7081175470898493
57.478879799900895	0.31218447683447476	-2.2240432192160231
56.037939465569373	-1.9071535988128094	-0.22729699374284035
56.198296854592144	-1.2957999910146489	-1.5569952723950202
57.071873905373501	0.69378497099157321	1.8142633510087345
56.497238591435988	1.2140695435960192	1.3859949747423741
56.209099185439435	-2.1122319240037042	0.65710054863132294
56.235233952845142	-2.1655353143722635	-1.1935542556953607
57.661130745545755	1.7745359853893041	0.72892274172367599
58.009183036794418	1.8240264577268563	-0.4120276532709804
56.988359332306516	-1.3101489336522631	1.1229225074250533
56.524470810137466	-2.1628617592621961	-1.0743778487803515
56.570760366209036	-1.1649175277061041	1.7879889884812747
57.44822445381979	-1.3395862431409307	1.4858082254424514
57.811479667996345	-2.2941302122777998	0.32007836644954152
57.283404632470486	-1.3030784112074052	1.8592807898291142
57.317981943585984	0.88026975809228203	1.5032347351433217
56.954707537020084	0.95432047186182267	1.3170119251129342
56.030780773332637	1.801624805651574	1.2039901211652517
56.22304504198285	-1.1226197179387607	-2.3306874740517793
56.488449526841215	1.2154374518430078	-1.0863357394742015
57.518096903430802	1.9852579621709709	0.24422031556336335
57.23037318611027	0.10061604493234431	2.1879609279279304
56.319215401452944	0.95670845896477541	-1.5064287932407052
56.931794329315167	1.0322007142830456	0.92804935057768734
57.784258378890229	1.9049660782437359	-0.15347225180066881
57.891487312615972	-0.83552550412340243	-2.1394887970760852
57.608247155660131	0.71014535102864496	2.1900041241318919
56.424151867981045	-0.20411808360152489	1.5844804724253201
56.45595553327103	-0.19214310254586803	1.7907792881895037
56.87692152469787	2.066306438249208	0.59046162876778707
56.400369837845247	-1.6167733997360454	0.18926623845422741
55.923461187526463	-0.95349198938971802	-2.5597483527254501
56.189191606458479	-1.0680053012407869	1.8077070737238334
56.393935997721393	0.32379723190511239	1.3120266126663991
56.329158280493523	-0.89678955602089883	1.5835532791509268
56.427902419909444	-0.87160525005612366	-2.0201608550425632
56.043696351833411	0.40793537295296106	-1.7495516702059497
57.05868737130919	-0.9478392323306446	-0.16555245174328512
57.609854247854614	-1.3934072724130591	-0.97758807152155702
55.990251593482796	2.7796212319501086	-0.47060236863009453
57.540903754759931	1.5317479159100176	-1.0514517397760441
57.657882192685705	0.17408294669559515	1.7764841820457749
56.156776802801168	-1.4662982433478651	1.3688580141895741
56.732972602510785	-0.61531212977673377	2.135508000376479
57.53563192238861	1.8940562061622694	-0.5123166815870287
55.98071739233275	-2.2109078645644096	1.0641818428085106
56.102979573252448	1.8409510788481878	-0.17396623242360901
56.914633274706219	-1.9868420196947758	-0.41901987119482753
56.885882137464613	1.7526679240656085	0.4162017040184941
56.962480603473878	-1.5768884689957963	0.63811175203731663
56.164301212204641	-1.3413420189817715	-0.88848691031147886
57.323584294775671	1.7030729717288566	-0.9615033450730015
56.600618838029632	-1.6003443493808807	0.74352596710722962
56.508247849620197	0.69857650126112758	-1.6144417928353112
57.666635187459732	-0.48192227406896843	-1.7202827608124642
56.176026340736641	1.9384647798766745	-0.099312572469405766
56.84056654832694	0.99473758018151581	-0.79311187320159682
57.21451823450694	-1.6150527649236208	-1.1773256719133496
56.448203149988039	-1.1831876686072815	1.726293339193343
57.280683261871431	0.94665507393579107	1.9421340823180389
56.147985686380295	-2.3196376682522502	0.71101269498301878
56.028719051908723	1.1357617609750907	1.7800916119931769
56.137484440623439	0.51021474471461847	-2.106002178262067
57.356425018721652	-1.0055803291901264	1.5285880794300475
57.526622854741611	0.63348469163168941	1.7814247380182717
57.600728917448279	-1.5023970488864	-0.20492792732392631
56.478342627807017	1.0893953724483088	-1.7082558409947763
55.982299904165124	0.46364959039277359	1.7972377568085505
57.623355956370716	-0.87065143907012976	-1.9475543346240678
56.403648314496266	2.3709065891658332	-0.14200809369811007
56.083938755991461	-0.56047719445851973	1.8576266180399594
57.803915687541469	-1.7391942611870836	1.1856714715495851
56.914289815333909	1.194531415703936	1.6567566150861519
56.961641244096079	1.7850721299509145	-0.68591171203933132
57.126643879772125	-1.6019539591650003	-1.4887054514918676
57.714675241446685	1.7156885547080793	1.4795146620553037
57.083142882566264	-1.6074969967213253	1.2844915469741949
57.684737044488443	-2.1422670712306351	-0.78919918167316527
56.255228062347655	1.245724271308142	2.0061460343389532
57.161085631464573	-0.34385357155773577	-1.9398247022980915
57.123265196635316	-1.5712842011441153	-1.1069062407217374
57.835412455891017	-0.54019139701365393	-1.5153045697425505
56.734917753355184	-1.948602983319925	-1.0588632293732785
56.398422952877318	1.1501106630541438	-1.3321584278564698
57.644146598673295	0.69307520884347584	1.5999003005545027
56.336907073808462	-1.7172611420103454	0.91424172837533879
57.080960533778551	0.15720342026102987	1.9919874105631639
57.680298335343977	-1.174435562898424	1.8349897482201643
57.058742864067753	-0.48667398260005007	1.939508366978391
56.202070604223536	-1.5575318820006208	1.3945240655155378
57.707286135551293	1.893024240398093	1.0242277327019638
56.1570724004876	-1.9859431868631132	1.0711378830160714
57.709134408799642	-1.4755935343711997	0.53174547004527106
56.441785181322167	-0.38184169767839182	-2.822076833199084
57.36892483471032	1.6268241462971156	0.56761912266383896
56.624276652049119	3.0748543093752083	-0.7174740407604776
56.424436297734658	-1.8674973944288347	-1.1464517755385943
56.723004015505616	0.21116692462794448	-2.1252000972909739
57.407387645082963	-0.81906540431217911	1.6647968261438701
57.111762914022556	1.8218594384138085	-0.025233930022830822
57.656892448132048	-2.1059726270888572	-0.81201618186012992
56.363569214866196	-0.18812086798559632	-1.9239634736788558
56.442424798306135	0.20890035338679061	-1.9939754130748524
56.166854374116696	-0.37139003652860741	-2.1523108867014131
57.245281171317806	1.4616420015897307	0.92305109158770304
55.969887552170768	0.52676185234162254	-1.9260305440863603
57.07682924911888	-0.042308343561534172	-2.5132160411518627
57.064918015060314	2.0486429766090462	-0.4697217459067981
57.634909689808481	1.4390654360123125	-1.6286836440430172
56.318796211333989	0.48539578816264112	1.7474379048700146
57.490858244290479	0.20895030603316911	-1.8415142913350182
57.622959092065905	0.081521709428103106	-1.9772473650472941
57.105917250937516	0.090853084036201626	-2.1656894821501464
56.536586699051526	0.47246107396463516	-1.7784039518825843
56.976193393627533	-1.8602781231004837	0.37535921608530898
56.549053143246667	2.0154834137540032	0.4750539050199532
56.925198957387657	-0.63624061857455505	-1.5898498330991746
57.28459728008756	1.8166185793704808	-1.1338021793400364
56.428733262305528	1.8349065031645115	1.1892037161468405
56.274000697837693	2.2435881234464112	0.8048184047577972
56.510632378100695	-1.9083514182743975	0.22753526827508652
56.165204064218315	-1.1398391131638193	1.473727872392371
56.156793767133998	0.14724961501344974	1.4516522438774815
56.413710619264968	-0.87554264368960388	1.7802764946243332
57.376215016125997	1.6872359810423334	-0.52072585240116531
57.046072990243658	1.6932862914135596	-0.85859478270400091
56.457884851067973	-1.9909561967147786	0.075575863861798959
56.849087959457499	1.2061700697842419	-2.0634925668781445
56.354183029591852	-2.306588418489063	0.58175246914358936
57.72895103196759	0.2982396905168363	-1.9992499578074541
56.180478673620655	-0.51144885828769693	-2.1023346585765288
57.04673161165357	-0.79172490862639033	-1.5202834844351678
57.142765007915777	1.377076002194713	0.91290683560015973
57.606641126906197	-0.8974011590355695	-1.3227888666562588
57.337259042433672	-1.7465596405220185	0.85450123838798941
57.937754582086896	0.95420883844021509	-0.82267336607661135
56.706279904178565	-1.4423801045340261	1.3480172730486373
56.623518036749182	-0.65391382481968552	-1.965681849240972
56.430495759972523	-1.8997659532918172	0.31719236053449923
56.866045782959056	-0.32824424855478956	-1.9099571241359812
56.289826869171733	2.1568310257840038	-0.43413967929399822
56.812238913442151	1.9566256295161009	1.1776708668938198
56.375201077969258	-0.52323022487650328	2.0968040030548658
57.251817695982261	0.63732433662116561	1.930242616955766
56.557163130268997	-0.20325426550497772	-2.0857689648637705
56.427726626727846	1.5951170956535607	-0.26644901706459767
55.932145841343761	-0.45799712988869934	-1.9986896882270213
56.877766097585784	1.6423418963052927	-1.220756938180491
55.924811463698909	-1.2163021772979625	-2.0770465620295093
57.403209619671827	1.6940372752836121	-0.16410186434304672
56.354358774702206	-1.6716111444577773	1.1801079270614485
56.172937941314359	-0.94582714964721437	2.1328906951246993
57.628687636051602	-0.032698424989466367	-2.3416660213031157
57.661266194135628	1.8928429772152513	0.3424399959580281
56.162493027465324	1.7455117402286782	-1.0089192154258324
57.430202156482622	2.3399454274045235	-0.40915876514493105
57.040907268507475	1.8116474075515541	1.3800294183056312
57.481586424068311	1.2850021021197835	-1.8459524849713931
56.929121753696457	-1.3378555613464067	-0.10979476763832156
56.324169305905372	-2.0642890646146483	-0.38606534709589979
56.704190422404935	0.58589772215169311	2.033827768340045
57.236541676525306	1.2042978101873789	-1.6938006706983399
56.971223084444695	2.1048585608237858	0.29311427757841901
56.354087591273547	1.7779343379571453	1.4167810364591682
56.963322160538532	-2.0359404781688251	0.626437149390912
56.441778900965204	1.4195042161134352	-1.0316113553969484
56.190542840767151	1.655312589615237	-0.42000606847086852
57.63131252180316	-0.55016801760855338	1.8676640493464971
56.7138915660584	-1.4041184494184336	-1.3618884294793538
57.13923030923533	-1.2076602814877415	1.4762735882426004
56.315974294599862	1.1393062313467228	0.94544062025617404
56.879824485637421	-2.1322802903548865	-0.8382924411486794
57.205075290000266	2.1040201080687759	0.37283341897524952
56.286786029226313	-0.24763604396631672	2.2274038832860459
56.400188067411676	2.6315010529412781	1.0732850861398084
57.179640793808794	0.017950041657355014	1.9147904711944848
56.64290195215159	-0.080756968931583115	1.9599617642017813
56.582098615882558	-1.9721000262240989	0.06048672251163368
57.881160258783162	1.1420125007362034	-1.2528114433003954
56.909932240994735	-1.7465067781063348	-0.84363489782440992
57.499459968934353	1.8555161736711749	-0.27510846708714137
57.151893913638908	1.2808240954896397	1.5290450754021121
57.158953740550906	-0.67355691268850082	1.6660173668976972
57.017401007498115	-0.94930206929639627	-1.691761496197103
56.058734656399523	1.1305907208596473	-1.4618605024291962
56.768766436697824	0.7806433131396594	2.0624201779586393
57.634844307799682	0.38843402774500385	2.0176812075072976
57.747864638389366	0.20891347736302748	-1.6155477810867562
56.190765875447397	-1.4539221620761942	-0.11017157919398028
56.999242741229097	0.44177291103184124	2.280762334003934
57.283577907111898	1.9601272408581578	0.14145697266388069
56.307332225652978	3.2064546109198413	0.3776119773640903
56.716633859405952	-1.6914346646900931	1.0137113880636306
56.353674027893305	-1.0830749662637602	1.4396078485654111
57.701499082197046	-0.85785340928978659	1.6929786773977984
56.052886551740762	-1.7119699876337549	1.3023911469237797
55.998494500135827	-1.1770298945885589	0.054550512217664639
56.621488251418434	-0.7362530078526941	1.8265675753945991
56.89612453694658	-1.4553989049089466	-0.24541193131730824
56.370902268517789	2.2900282178584419	0.015252342130317755
57.096859744099397	0.12199306931207442	-1.6893031198374284
56.043251443983195	-0.22875931113802409	1.7243682687628181
56.570426053752357	-1.5718006538095057	0.90987278105935865
57.203906538756854	1.2432220833457084	1.6708505897342252
57.029271704634411	1.8499885970279	-1.1202787047747182
56.821209680018356	2.4146114083156962	-0.55923498387505499
57.918715893213211	-1.4236591939215006	-1.4258042769745349
56.685700528987077	-1.8373631139921431	0.049261645422782455
57.252516575543488	-0.97740156513591314	-1.8757679106319627
57.217961271259561	-1.7401289175715748	0.63465919898988832
56.247278456977746	0.0048823874666150706	2.7714273568682817
56.513671982037827	1.587115875512902	1.4979595253225455
56.027026123462882	-2.231955326882741	0.88883641349202902
57.650156627783737	-2.1266906423846121	0.65707172984918882
56.926448082589552	1.7396741850907866	0.4505816984698926
57.22650463389899	1.8992138287857259	1.1751609889898971
57.449940638164975	2.0245991489221891	-0.30189636871526099
55.986356950795454	-0.49368721892131562	-1.8385874543439642
57.152374885754966	-1.1996540606739736	-1.2757418900663584
56.930590194607035	-1.9590215767787247	0.047231463815952564
55.947657443814045	-1.8486280156772554	0.59897387089069865
56.406326976636571	0.28038026922682247	-1.6817792798277671
56.355521719202379	2.1410909334689028	0.58568440174090752
56.992894257360064	1.8858039728751816	0.033060986068820464
57.169385353748972	1.582846231854087	0.12910994704667578
56.692250090929079	-1.6732036916600226	-0.75991655748729181
56.381604407150775	-1.4951670070136764	0.74219144544051907
56.01103896957698	2.2372091178272004	-0.37804902428958581
56.363531564412	1.741012293516961	1.113910593791444
57.682608045504622	-1.5350766697237921	0.37680555437183794
56.365928840672218	0.20508763195219701	1.9191921695450593
57.266091565310504	-2.0453388413047526	0.85345531766235339
57.611397641411507	-0.12781051932248055	2.0461102418121291
56.036017116833321	-0.31697555339141081	-1.8819462760325336
57.823119354657337	2.0002255481034648	-0.86502329507498921
56.91950185774963	2.0028217145626432	-0.78829929754552097
57.113114617901722	0.81241455263626716	1.856143299414466
56.209739699869786	-1.5998363977024259	-1.6166994231964891
57.511510318077924	1.4208458779637256	1.7209087895481765
56.305106570261053	-1.1469796695364658	-2.0952530444683921
56.689530171202719	-0.32921576314661277	2.1110119549821289
56.968742799520321	-1.273034491808303	0.86618313941836567
57.791579051796916	-1.8051913017748022	-0.056580083945907418
57.556520905649698	-0.18619287811685248	-1.895289585760813
56.15115603540373	-0.83404995719674691	-0.23406277421221108
56.697621995411673	0.70355741376203162	-2.316083984660307
56.01766258372573	2.1765425368563922	-0.0088990805833293659
56.236775411771703	1.0038930790172667	2.0307521146769045
56.461583065721051	-1.576557014526154	-1.2722924918008418
57.398813023921598	-1.9144591960944541	-0.59697178700065667
57.29267756962944	-1.3853574255770356	1.2111057872985187
57.390127860972449	0.29861360428479417	-2.0093287413635386
56.307416329856508	1.6842225814089549	-0.8882171296417597
55.850863715857813	-0.93756016866283387	1.2096836757754759
57.38137385132147	-1.7027174442595308	-1.465440359197961
56.596335811265796	0.78186815889658978	1.5969001558014457
57.87685788968804	-1.6127462190627213	1.0006006625755208
57.750999485104302	-1.8292195124423589	1.3851923736044338
57.898772920522795	2.0569900504242633	-0.17509097250239114
57.242805208723262	-1.7168963054147974	-0.94310144085142966
57.038038341394575	-0.67134246784887697	-1.5468942973808038
57.903567461789869	0.029991297046240126	-1.8720100586937254
56.506226452858868	-1.4094575825082165	-1.36749443474635
55.969146890828384	-1.8011708772531774	-1.0333061753837254
56.546007905309445	1.4376155832789652	1.8927492604762146
56.001082971043566	-1.3834106446733059	-1.7695505450807563
56.639445533021181	-1.7877864447219385	0.58223067407428242
56.081941251992866	0.24121603849578682	-2.3131238902882245
55.986501648910462	2.2111481054366942	0.44564739519088337
56.737733266419966	1.5493367185805809	-0.47525470075597154
57.116710170654983	1.3622463141615455	-1.2513806081925547
57.205377432769403	-0.6781181746046625	2.1881265493491835
56.598925885475055	0.063848580758764026	1.7659802120310359
57.242703914682572	2.3445149934732545	0.66333300301140985
56.822295353744465	-0.51470593568876455	-2.0789618889242196
57.929852511639524	-2.088670074365754	0.69390814686379654
57.806300157766046	1.4014480806916585	-0.40619687058342335
57.306464507876655	-0.094637141400288699	1.8691663570579529
57.82375016371919	-1.4031741828754662	-1.3742638238033944
56.143443566930756	2.0788935795493586	-0.23814871863700982
57.172967881032179	0.45149581278196377	1.5046101924382067
56.845145627826781	-1.4646173912816158	1.7294477984777881
56.551457710282655	2.1868892129559665	0.10155517683838103
56.611742472758749	-1.783848793670552	-1.1424450936229964
56.134803024010814	-1.4237815415824739	-0.99920253184288177
57.406569125723863	-0.92175863568749772	1.2341736352303625
57.718234670826966	-1.5781563368031557	-0.77776603476017991
57.789236180343778	2.1313712432122034	0.036567588586470912
56.760003511967938	0.93053851889139572	1.5016018096934989
57.252555338442235	0.11433232370143123	-2.1027499426339071
56.683868249412136	1.3881214442109666	-1.286704302777071
56.488945428368346	2.4161635228709599	0.11811042503713516
56.467632173334771	1.395425790865263	0.35663013769915053
55.931573415017205	1.7849951890203799	-0.98866367777198039
56.422138659020469	-0.73850008558921465	2.1125347302984774
57.860583511543943	-2.2999908080282672	-0.35584376304687948
57.328906869443664	-1.5179744264022348	1.3975159693310502
57.000217312510877	1.0133748221287733	-1.5504570756812026
56.794976233054776	1.4824187604032331	-1.7766013762931498
56.598621398992506	-1.1872093863786057	-1.2084303744221159
56.86980699804829	1.9205769863659437	-1.3432588968212504
57.43183095814674	1.4096094705857796	1.4243807059032534
56.910134481864837	2.0927860721049014	-1.2020664934110581
55.984887103567416	0.52587842215434544	-1.7247249908623816
57.496709763193806	-1.4004757392854117	-1.3012929101903548
57.69200701099814	-2.3173329498876298	-0.64555761694406688
56.771296190810155	-2.1781852511831943	-0.25817103190995327
57.16079798052116	-0.97534058106061561	1.1774285687206547
56.026940868784472	1.7117326823710279	-1.5742659203506375
56.666697354590838	2.1447399940717635	0.39149972026312568
57.150935351149307	2.0167920014017482	0.54476458488681001
55.932908913849005	0.55557205492119965	1.7275221531337266
57.092577885857324	-0.093431466853879819	1.2521916104108994
57.16016614932181	0.21106557108504376	2.0531186373011003
57.007988740739847	-1.7714045287694771	1.2770807311888266
57.65342785730175	-1.170338798531916	-1.1813341030576385
57.124839952542374	-1.3281815579178691	-1.5038647430443817
57.475550650217741	1.6523089486841496	0.57588446211453326
57.60956383700124	-0.97979107328340032	-1.6540733521262962
56.134511387653497	0.36963634964785075	-2.1793084185453493
56.789763338142471	-1.157415622189911	1.3672422647814184
57.23388965804304	-0.15328584976418358	1.6892705671319641
57.295765912231523	1.4300577706856497	2.2438004376563749
56.517282459064219	1.976597828534193	0.93132234810048897
57.681430485110155	1.5960725020243383	0.58876307774874226
56.706016451231761	0.80990482326394286	-1.9506299483982095
56.319345819282866	-1.9130249799740593	-0.28863189332741707
56.973657957633847	-1.5772145078890611	-0.39447091156879999
57.558902534702142	1.980371825116674	0.48464582100677467
56.255810913371981	-1.9830582409284019	0.21874785187711299
57.458876953366371	-0.97366458691453528	-1.9591691277789678
57.181153997668133	2.0462739444970222	0.71991782325131559
55.928091497505143	-0.60519705313532624	1.9239498834891027
57.804106826300419	-0.012264953171611127	1.9820312716885433
56.699840326786138	-2.2632365097255605	-1.3995009694803304
57.322820441412894	-1.6686551051263807	1.4687101069531641
56.281340767161396	-1.5832343133868476	0.50270203415999359
56.185039994459089	-1.2005563002429027	1.5416228595217758
55.999602628389688	-0.8284184963596285	1.7542093265916296
57.701991134787917	1.5166559240135447	-1.4610289436431572
56.730854690534237	1.8482251288840987	1.8935359143473398
56.789009699041628	1.8188987663558414	0.03196683720251154
56.723731614572564	-1.6259587055514069	-0.69458860431861591
56.524617884383545	1.1291818588160303	-1.6557935939576101
56.570831074952189	0.87155945363159537	-2.0143364976299378
56.25798016885355	-0.89614485020869727	1.6764608474258902
57.507822554443983	-1.3944765442456588	1.3533420830443665
56.970928232844798	-1.7267778831181506	0.42522102574217102
57.530978794601573	-2.0991842450297105	0.01591127941670227
57.564837300985729	2.0410671940834577	-0.53658638563674133
56.89358629699931	-0.69206017617945004	0.72673844671735588
56.811966339403192	-0.53321715401877656	-1.56948847654621
57.104218925695235	1.7184622545417909	-0.8998415429380332
56.836435887142933	-1.1728363420648784	-1.3901079794568898
57.472944350820796	-1.7054076863224432	0.86005376359153662
56.609547322766517	1.3454055927947821	-0.71650734111668002
57.916684132716441	-1.6140286643937891	-0.18728507401995448
56.048994835239547	1.7433381253045568	-1.3999831678949053
56.236763757301858	1.7442110693705462	-0.49728585155649108
56.460874886536665	1.9706396853475214	-1.6452964506918668
57.642683404419124	1.8387667484464092	0.87223287336155886
56.98650893115088	2.0707025189583042	-0.40817093757461997
57.626047888916766	1.6364517823329028	-0.19243543047839712
57.051157006247841	-0.45518867653003936	1.8190232624857858
56.596015611981549	-1.4964376485446209	0.56268686921461275
56.998985010502096	-1.8541842375450051	0.22457775707721028
57.974638595298195	-1.3364519797095724	-1.3486083093210686
57.942077253346241	1.9090563554697897	0.70025143161608694
56.672166400073387	-2.3149975699300702	-0.91175514273090119
57.65928619460496	0.94028970360838471	-1.6972882881305753
57.812526620195023	-1.4921165420277926	1.8078215498511769
57.682666557849437	-0.19266213623474618	-2.1903971488645957
57.848416967993181	1.5727141934640749	-1.6284226111505635
56.599742787778752	-0.63806121344586519	2.392752022174117
56.589694585796614	1.3081991478557145	1.3767102794853965
56.045257913667506	-1.0467053434239117	-1.7379439973628734
56.121060316946	-1.9534429841682535	0.061680209982447186
57.851502511423448	-0.36827705218723295	-2.1834074890201616
57.840066598390038	2.0305167424984578	0.16296129091320488
56.216098581087678	-1.4670840761911641	1.7185031327745173
56.225063509910967	0.49149041505217922	2.2053664877723804
56.593042799666648	0.88443149286161693	-0.37846792533673745
57.570982697907027	-1.9002024729307494	-0.52297799703974646
57.377596032936033	-0.55888942564700195	-2.1493668085462438
56.518029751222784	-0.69128897143779133	2.2129510455746604
57.065229044583987	1.6540461203206902	0.067292326701520508
57.010114514879405	-1.0838618786905274	0.31668712963637718
56.106395126465578	-1.7348165116893857	0.92190916631585385
57.624983152081647	-0.63195778251181511	2.1571061284870039
56.762797367942021	-1.8114076491850886	1.729940271048291
56.580912436803672	-2.0428800167448364	0.26586344538718731
57.77103989287049	-0.59602347097812958	-1.7926180111065304
56.333072350165452	-0.040785809003697195	1.8720687250103469
57.50867071557478	2.2545558514934667	-1.4892731000668034
57.426113921628179	-1.7237851525504357	0.9412173763023074
56.872489711968853	0.40190486547041493	2.1769327770245583
55.955278884994016	-0.94427361559905965	1.9694057964608254
56.612898700596404	1.1834459313958274	1.6040202374887971
57.341777618294962	1.9176303053939128	-0.60829278779247897
56.723871479727897	-0.055332395858170937	-1.9126650451190039
57.102515143586722	1.9851578850706246	0.84071974676142935
57.202938504654824	1.8067162501448613	0.16944358898398018
57.665806833147094	-0.96845639081224633	-1.6395781222810981
57.446089800086021	-1.9999682964433907	-0.76298154662696804
56.710818025169502	-0.78814018580867551	2.096281014440379
57.134928653283566	-0.4050098168201875	1.6911506470890341
56.772138309046078	-0.37382204547031861	-2.0921242912467277
56.832814403811227	-0.88584577651345953	1.9015457246895016
57.743234896629545	-1.0237457737342397	1.7981925831060479
57.291134379506019	-1.6506165538134074	-1.566267786439298
57.548359134371374	-2.2730507630658607	-0.41290208948069734
56.161555984581845	0.68964729964839644	-2.4280018555712983
56.27321859595898	-0.68788232796153259	-1.9533973773582152
56.431772328695594	1.6064829382168704	-0.92927326152357725
56.371077178143842	-2.0870580259276812	-0.59193380767199866
56.324591889237183	-1.9445372328266162	0.83132195324175084
57.583299907464365	-0.87324526191302432	1.5505931212166337
56.915621661331734	0.15557901990081446	1.9808095097872525
56.25118344637027	1.1945795141494351	-1.4361698100392588
57.074330053158896	1.5307027558964843	-2.0256588345955211
57.078319050812922	0.23162369153519594	1.8440921000834329
56.991795000174477	-0.62824492064315585	1.016854728913382
56.341165529110135	1.1934735929759892	1.2567899529941111
57.404598740082051	1.574164198423762	1.472774381815172
56.637774994020958	0.78551484033094243	-1.8901439640182949
55.947141886139029	-2.0973727575144818	-0.43725112143622763
56.623492330396118	-1.8645753154903215	0.20139022632965717
56.14259875547625	-0.73473680312000678	-1.9102668397032925
57.055639348123435	-1.5574441861596635	0.6274122125567253
57.219569605676284	1.8363622698526634	-1.361254459669234
57.388223509813528	-1.2857625138779842	-1.3732710008905586
56.803224673470737	2.5121017032660036	-0.49329386848906043
55.912400883541324	-0.0033233422276935163	-1.8878270398939534
56.595590666771834	-1.810854509312156	-1.1788955543036239
57.326257651239814	0.36212295819632345	-2.009482322443823
56.4985607313942	-0.37567128048340642	1.906831170622846
57.494898074081647	-0.85814723805442261	1.5636694119144448
56.615537610239166	-1.2331302260189039	1.4625273597803938
57.638846859043994	2.1391433681276411	0.4340926194063125
56.287291736378855	1.388068430201393	-1.5018857223882285
57.588173026767905	-1.0015218223514413	1.8693315827897659
57.031297517029863	-0.28102344333260387	-1.8837812269359211
56.510055314829287	1.8205205588312821	-1.011439474855071
56.878833662171161	-1.3344796272505319	-1.8016026956852973
56.011257169542233	0.47023356747004691	1.9284133662049443
57.324708560318697	-1.6387216931821105	-1.0469396378574733
56.367421126309715	2.7664994022246283	0.33743576497986916
56.211246207868328	1.4379170389969551	-1.8194396470965557
56.181569496426228	-1.0626663800705343	-1.2473897502035511
57.691266904104189	0.078085533519321307	1.4467582468225264
56.814010569656986	0.49288017062072548	1.5097907076178074
57.653381338746357	-1.9224322696449097	0.65248779102524901
56.184414582183422	-1.4908827974747041	2.7075040726234572
57.798770033246733	-1.5293212622826209	0.51564079059009305
56.911694582064442	1.8789819691185639	0.095477236687810524
56.486598374194045	-1.8105096490824106	-1.1500115327913514
56.122387580104132	-0.8981775107825104	-1.7152007296487286
56.514619944554035	0.66490705235934278	-1.9648056513560255
56.691673203871908	-1.2687265815972477	-0.24052240018453314
57.826961675866144	2.0746475168316332	-0.59344857776488935
56.273493410844999	0.88640023673561252	-1.7165195702641807
56.966220562271161	-0.29948285221844978	-2.2376422621022725
56.417813440496069	-0.22672757409694397	-2.1051093885047929
57.270536699725774	-1.0845403552427453	-1.6726556811055489
57.774042098486447	1.7443414977823624	1.2793765551514373
57.396932733674305	-1.6039818924573561	0.35701630686030367
57.850987907489973	1.2334137851675373	2.7115224274252454
56.555655180538039	-0.34420584414357369	2.0150991353572345
57.334560990623935	-1.6148772777246367	1.2321514230091448
57.436014947689969	0.17936094424741236	-1.8754419020040789
57.538696075174968	2.0529968680600827	0.01868845432635912
56.183432707953152	1.5408868124765711	1.2888017467664368
56.187027885437423	1.1665446982305636	1.2780118058780996
56.125284672709675	-2.2051641155454296	-0.04154012075642146
57.504653478587024	0.80524792560901981	-2.1779746886239542
57.847630641328507	-0.85350241216922429	-1.6256004851135133
56.022332068506159	0.72461620855532038	2.0473824597341377
55.997936207265091	1.2753980309394013	1.1266992408332883
56.433888069291207	-1.5080785591003909	-0.85672685768959644
56.313992335473344	2.0725968882430936	0.38974369379986451
57.842132490400687	-0.83534292789032194	1.7504741589353712
57.185734961458834	2.0397350136631878	-0.15766089615771417
55.973197924442978	-2.1925213187581494	0.5508818061129882
56.422713520518741	-1.5032465255061924	-1.6422208196583501
56.135635021518162	-1.217015646447148	-1.8366172982383622
57.591154891068946	-1.1809540864512795	1.3222811106777246
57.786972642348324	1.4384898842012777	-1.0563113123341277
56.545402470609083	2.2053312160425387	-0.32397347872977544
56.42823829195865	-1.5805697054087411	1.267703846137034
57.36903891159178	1.9863274722794324	-0.0076460399379775093
56.796057963880891	-2.3081662191832031	1.67689004852559
57.772253661319446	1.5051951917327151	-1.3617478984102451
57.407813280398706	-1.8051629992666316	-0.26699440357963078
57.578416201339572	-1.2069726300097772	-1.6463198400136461
55.948789733673529	-2.0519614478381074	-1.1033777560385618
57.391991287202856	-1.0033661246506302	-1.7342571953569845
56.451852041646859	-0.094053952979716901	1.7590620038644806
57.511948151317235	-0.48993103432994861	1.923298575195491
57.409866600675215	-0.49048526391043684	-1.8778036330943191
56.237633323084914	1.190621202716295	-1.1667565069442631
58.179696395919443	2.026702734735732	-1.0022540207300397
56.119735311069356	0.40264409043463456	-1.9977695696923052
57.487650154731909	-1.7090186281830009	-0.43940299416169643
56.194209811804512	-2.185500357916891	-0.72429378880176276
56.043068200093877	-0.99263815675611122	-1.4162792117542786
57.372558522705184	0.79739637953535625	-2.4842022935878321
57.477974641186144	0.6774862198874555	-1.6597443632447342
58.037888399815657	2.1380586841009377	0.70095662753558108
57.117014163128019	-0.28286092964347576	-2.0969747339828686
56.705940148230262	2.0205711652336151	-1.1888121431480934
56.043075513175097	-1.3589522072646318	1.4210829998041179
56.65957508639044	-0.3145302256352987	-1.7619133795459976
56.579850356280033	1.096390248183637	1.6000575002188868
57.607137202257	-0.074060169088581818	2.0582620456606731
55.963330682865994	-0.93742931218771952	1.753720514425716
56.960016766456413	-0.65463034719192603	-2.2090783250222672
57.554145150745001	1.9551971843275697	-0.85818751047811226
56.400605836477496	-1.9682159742230527	0.94662571484050173
56.966962847100831	-1.8674332057916296	-0.10410999597868678
56.521712320318507	-0.57473188746818205	-1.5990653176979683
57.267472905388871	0.47860963832983616	-1.6715160353774055
56.858296706777715	-1.3354445037230731	-1.1059694909214599
56.618473517803594	2.0056690063912619	0.3248122553230644
57.777789342397028	-0.95421401209390433	-0.89044432302892185
56.568315938245767	0.59857124809795981	-1.8992414699978626
57.433928466055804	-0.86876972093864546	-1.6546026083155432
57.489912872292884	-1.6407359931269203	-0.40360151516557896
56.440672196988452	0.58988266167226866	-2.1836816835652364
57.036931266958021	0.26456575327427456	1.5161961654663056
56.541036432812461	2.0040617668015934	-0.45528174040339464
56.733729779827748	0.39871060464837188	-1.7792193558759879
56.54518073023506	1.7290279841770757	-0.8115600154229704
56.292341290556116	-2.0160830441691502	-0.4726327347080938
56.566999033382807	0.48008383060142357	2.3163188447262821
56.347850480239416	-0.96078494033011674	-2.0807651807940433
56.61047353459265	-1.6873581128644521	-1.4279861491883561
56.464030901518292	0.76504341744764992	1.8895027757838296
57.26003413003324	-2.0964103664567548	0.64600088373653197
57.623414836518464	1.7705716780252947	-0.45389546577616346
57.558959054864211	0.34808298802243609	1.7577361950278401
55.875168046825827	-0.43444996846363243	0.31468616887184958
56.314589134611957	-1.9088146288331727	0.89864375538816499
57.137607998615884	1.101460808198842	0.95868520972371984
57.675162825122946	1.4309070325413134	1.1820448050389334
57.591759222019618	0.97397992257483978	-1.7874350216785444
56.983651748064759	-1.517396684573983	0.74019801635660709
57.201677465609421	1.8812006828977017	0.2999448355127417
57.049387099795425	-1.7914770558505033	1.4773157857300496
57.27527820331467	0.07892474853801687	-1.048982698671322
56.246908032729998	1.9109454927739045	0.32014084182463298
57.605438167384428	-2.2618861140019075	0.2309445910215594
56.752735879245179	-2.2674982873641025	-0.30197389182424966
56.857638248330488	1.6570861433997515	1.3529912151341106
57.755374113848838	-0.39668412996022689	1.8430596759238655
56.391628896234415	2.3099114589696215	-0.24312302760602419
57.559718181150629	-0.10644664188163278	-2.0550490489340483
57.68863847542567	-1.1809423973515347	1.0672357905273815
56.86873802538743	0.81251023710483217	-1.90342258058864
55.896726505709488	0.52381771342278383	1.9775940650565902
56.53701398981643	-1.6361621613340513	0.17574868136744534
56.139973671643432	0.54945953320475771	2.1339821346685373
56.795293533376082	-0.42429783664905374	2.1601158608096078
56.134482781340274	2.4418709262494205	0.35917382447709534
57.048135965252762	1.41853479427417	0.69809061565902786
57.516789535306891	-1.7880191109554058	-0.021921571849320844
57.600980980492622	0.94306106005264523	-1.5115905300442265
55.850927560686621	1.2427857095896502	1.6126113433091935
56.757604729499214	-0.76807724667592792	1.5319638128962512
55.897730909188589	0.2877405525800063	-2.363369881727087
57.809414923431	-1.2521081265001295	1.5173969566455736
56.519071547562945	0.086298650105478117	1.954026964243061
56.375571165178989	1.0622485836448801	2.2659655356429202
56.645160813568097	0.50585392838669341	-1.7340135332745943
56.215341869123449	-2.0141570858945936	0.47586733373259693
57.813255924892417	-1.1762354154865704	-1.7238894708434955
56.284518565532061	2.2144383356139117	1.237157528269007
57.185685005594685	0.96971675251935463	1.6881483364196912
56.589647888274179	-1.8592453667838889	0.58943765285648009
56.780645204023827	1.5632246276798127	-1.4166676307190404
57.319024755943559	0.74382437885618358	1.5972832212989725
56.122313967865672	0.98869462280410592	-1.2785901745179928
56.026513676878245	-1.7642640140128365	-0.11196394469347073
57.729817367636976	-0.40162832608377425	-1.7130140528714823
57.426239275672692	-0.58876768619967512	-2.0581560756399631
55.899614991332598	-1.5502149551180944	-0.90005783303846931
57.654210611759517	-2.3238678832721158	1.345686013929055
57.022364545752865	1.5583681392720112	0.17939985024190908
56.301274485826866	1.2917190333062154	1.6959992916355953
56.567202330077002	1.0335695326585495	1.3519735899870406
56.957687802092238	1.9927837328601856	-0.9827122447765626
56.283057700057363	-1.1550061128612676	2.020376518876684
56.718160989570606	0.3255361303708329	1.9470426890980108
56.198978562418475	-1.6015766280070407	1.036625074218656
56.88733285855573	-1.3178624152347462	1.2944344894684574
57.815113910104863	-0.45804384768295553	-1.9469920583186451
57.835416266145472	-0.95548249023688381	-1.6293390294386654
57.358787489760978	-0.43215085629858002	-1.7765270004093028
55.926496415758528	-0.66657041709067555	-2.1121538469862653
56.332456956374592	2.1899877224184778	1.3345582056286369
56.643223192866429	0.53776794425480356	-1.9904477151431872
56.987919172070335	1.5180125808933671	-1.4543947809207449
56.466192334876176	-0.97768087563014139	1.6426730168496608
56.719748117476193	1.7861211092190887	1.1914170824114643
57.749075990282364	1.4591320911550383	-0.93909569623375821
56.985783215060835	-1.5670830257756154	-1.4158787057933981
57.266816855619027	1.1871773161052492	-0.95987535067220853
56.85541797062502	-1.8080430520597359	-0.55301358218578989
56.565688310670573	1.6712059359405764	-0.11649980528438195
56.872022360828723	-0.11689892057721804	2.2036533013680022
57.75134605401179	-0.72900066490486992	1.7541476906479014
57.538096744115315	1.8033166644592502	1.1990028961208683
56.975798258823474	0.60052181905618174	-1.8457352500517161
57.314292352655677	-1.8024325937388441	-0.44303621490582895
56.261877467302902	1.5342812793412304	-0.93910803777481211
56.560769926198624	0.99937060224972851	-1.6473743274978814
56.634468427418255	-0.59657462413370588	2.6335968953155313
57.633581223809593	1.7489787691043563	-0.70362056293772113
57.567172184106603	1.2581311368228456	1.4645914551365438
56.46461501762785	0.59201386028340186	-2.1821996101112151
57.418626384217966	1.8172304447132084	-0.77403561985526592
57.744686803150863	-1.8919112683228294	1.0829576878769374
56.771990650879424	1.9276568645740673	-0.18771946286014721
56.666123937436858	-1.0601449913955832	1.4549775678644121
57.152261133647173	-2.2430492089301186	0.4469833349816173
57.673191827379945	-1.674296347826532	-0.45826101826015647
56.954211718072351	1.8353348557333686	-0.091144598426678256
57.077068403005292	1.4823644164453462	0.082430706082712163
56.339849294382311	1.7964662217097838	0.1187088669416031
56.883613853958742	0.089468001108177542	2.6288234430719162
56.106208067308579	0.16801455611415017	-1.5782874147536932
57.220190205450287	-0.29592403285212171	-2.0056525003334613
56.308961633233821	-0.59860653947186526	1.7361092121581521
57.422287726523429	1.4509002395008312	-0.78094421392105284
57.283292853621127	0.9337251648094218	1.627931541930371
57.414124173826671	1.4802666877081978	0.98409925709242341
57.697432683702559	-0.062163527172018104	2.1107576301016944
56.142199075967099	1.7467763094491564	0.75209152941644219
57.475553674582514	0.4876371352364251	2.0964142359568627
57.381039827462942	-1.2699551945857859	2.0266685549576384
57.1802224847074	-1.8810475380699154	1.7560765525034585
56.811572711864912	0.53343031239427752	-1.8995896876742169
56.715987796914206	1.5995038201847203	-1.7556269735493268
57.341376358117451	0.75646234896934883	-1.6475238153865757
56.965982672430471	1.5346828339719298	0.91658082688597331
57.967802551532081	1.8808689133255714	0.056224106370857868
57.396526584237058	-1.8208764398764117	0.56403972320578966
56.38195951969373	1.5192094445820041	0.91170969180318362
56.482169346298193	-1.7412155091915877	0.42318351857258452
55.926123226028203	-1.3961608810347301	1.5587790367448207
56.638886994086398	1.1247054607242	-1.707694365765569
56.811170736470508	-1.1168252727226562	1.774424068416582
56.959378352097545	2.3910265111342475	-0.9800097951942488
56.103055377349612	-0.11521047765233859	1.66510728663642
57.055903221458436	1.7760199365893445	-0.65005021707114585
56.172222205112483	1.2304466899032214	1.9217329837347927
56.957164204255079	0.73238017555104296	-1.6525079966553506
57.569918668178531	2.1740842049617615	0.73882143301948666
56.250534753627271	0.33688135019884208	-2.2975130825318733
56.111168510088383	0.087431382119212864	-2.6666870613347382
57.283422946465258	-0.26538560550348805	-2.0289276119235455
56.758252702282874	-0.11236675817062367	-1.7565272331781154
56.879393765325659	0.85561615708273975	1.9382182321350845
57.248945760584405	-0.98244817695957831	1.9830057287041125
57.287986262249547	-1.438222981997942	-1.1050639293442595
57.355376859586677	1.3915164024308129	-1.3994672399076875
57.058659782256342	-1.4914234648238716	-1.1379337889944605
56.721464619114286	-0.61846030306424893	2.5593027404416264
56.822201016436587	-0.84391481080296671	1.4084561443436401
56.982459438628922	1.1706387102429712	-1.4023884747445969
57.76673113579119	0.20365406181660783	2.2827859117312164
57.072489241633242	1.4686364251045658	0.99924703994905695
57.988119605116125	0.56316545840657417	1.7586932000214384
56.425982134442265	1.0246161034838639	1.8684795990995997
56.585659676750552	-2.0879039048008292	-0.58903626789106789
57.270075638466402	-1.2685865028687489	1.6079095482034966
57.119207662690705	1.7722987697823007	-1.2722683003645117
56.836283221078723	1.8131487967140532	1.4171391484259648
57.290266215227923	-2.1669427443030096	0.49481219767344164
56.505877241370229	0.53598982211045587	1.8407483627406502
56.730391338053884	-1.3427297849237361	1.5068431012397061
57.337569817013801	-1.8934532142564449	-1.0163144610919379
56.862248599735331	-1.6972556670406427	-1.2824659584208045
56.895728045716425	-0.24716303613056745	1.938544180193263
57.770000731043609	-1.7381559513279683	0.7965526335974491
57.861367611964454	2.1067934628598501	1.210674984898501
56.177668210706955	-1.1724537967986441	0.83274124553454976
56.984021155474366	0.31646162677107487	-1.8659798960526632
56.661898055398112	2.1881617851171571	0.23357763524271513
56.887658023628113	-2.0628677746531054	0.10890798566909096
56.51363394317849	0.039984748931695499	-1.471677660210837
57.061378542489898	-2.4653026132652074	-0.34002297126315756
57.65109991212082	-0.57685358238660445	-1.5206862208869603
56.739887398492016	1.9627140328935315	-0.19180713326938978
56.07107369070016	1.3916339562169016	1.6373753276348493
56.370255905295188	1.6450664881173962	0.48171737631163658
57.319610926782175	-1.4628453221801019	1.8626192184558421
57.455528668535365	-1.7719658653211341	0.95564354829031484
56.883358328176897	-2.0940630212233113	0.66227481891090323
56.934338800286973	-0.096774469704499572	2.1544817890486123
57.499717413250423	-1.6202092270848396	1.1423063028062312
57.780156108591946	0.049193362778004575	1.7328396537378352
57.140184713387583	-0.65919866210270062	1.5466107574933803
57.021354529946279	0.84449812970404914	-2.1332603203371132
56.352227760476602	2.1606434934208547	0.09405977078108621
56.873941637521384	-2.2046856645847104	0.17976921492957393
56.69432820329677	0.90438415043776754	2.02559493238885
56.966394874664559	1.4118578039994774	-1.4663852774160062
57.300894881195276	-1.419810901286608	-1.2251733898133561
56.083256372221875	0.35213967886211922	-2.1405982201610803
55.938652054445036	-0.41478515894200318	2.172694724931227
57.848994799532001	1.3969294638106555	-1.4416070336986329
57.227944044183182	0.14865112959398366	-1.9338734304837715
56.083531083529877	1.0023253615436902	1.1938446403597187
56.499315236539289	-1.7913633611927617	0.61221370084324267
56.758143197115501	1.5640593437573369	-0.29841155641517775
56.410771564240846	2.0223101399407741	-0.10253369365485478
57.502156355101576	0.45783534584610425	2.0179039915115511
57.236863374442144	1.9406994833602444	0.47425501870147402
56.623683686187725	-2.1060826894589382	-0.2656881421021115
56.302435728137674	1.7811617523574794	-0.45506187349287397
55.961507854236807	1.195233525929994	0.32352591286253607
56.288991924976067	-2.1402198698484263	0.37696464923443013
57.180233188397835	-1.473759350616348	1.4512869999994196
57.934473926001274	0.91766454631126293	1.6121809369178282
57.817005937302525	1.7688262011479725	0.7793811509497599
57.37668446730337	-1.8045896473093135	-0.68878101797584179
57.004405173102356	1.2834633973547624	1.5131095813270876
57.029071348348879	1.6552474337616689	-1.16662882214676
56.916161897411214	0.81924487834917459	1.9978519159660881
57.877225363430576	1.8215969111812198	-0.57537255471296689
56.634803829491013	1.2190543873726754	1.3055342243719994
56.337398764402145	-1.2156811728046817	1.2452134009205242
56.764582908662859	-0.77043228372700989	-1.7429623004785728
57.452145546850431	0.22703342813257171	2.0119876361629689
57.142246225253366	0.87470226255811823	1.5596355603548697
56.905263498986429	-1.3726491556889402	-0.9836575614975529
57.290665423538876	1.7012575639498235	-1.5880143566693328
56.746599691725748	-1.6725632325891764	-1.2801106755732303
56.841796419235337	-1.7728795899661078	0.92525128654143152
56.523512473926566	-2.0479215039978622	-0.15863435803194509
57.503802059511955	1.5914118105843069	1.0263677169770216
57.756749951751495	2.2370881386719832	0.091624051375226861
57.429064244435068	0.067768987153055585	-1.8464872811688258
57.461539580999336	-1.2807524131128376	-1.9050453644265513
56.673399472002558	-1.4056728807514969	0.94169747711484741
57.63206627461868	0.43942192065870428	2.2972839846706989
56.647247315170084	1.0461800862944355	1.4783516721918855
56.988822742905057	0.60407904494113729	-2.111149576531218
56.565035457437389	0.30115556205571814	1.6256181800894802
56.932199659862007	-0.33534656641825511	1.7689407997220892
56.974787942439946	0.82042660874405837	1.8087752800900947
56.872132863201102	-0.93321621083644746	-1.4758323175245598
55.980124396936375	-0.11105720118337606	2.0166117350776038
56.027523666596551	-1.7655232097231603	-0.25827452635879639
57.663981375231174	1.8947004857579659	0.014542629567464639
57.700862246580996	1.5478488693225214	-0.01593827778376589
56.00313894399256	-1.2395247588799909	1.0091088123119418
56.998440442682174	0.90829115115317038	1.7601997257494661
56.03594819625151	0.52556483171596013	-1.4468677834402393
56.516682119899279	0.21276759605370607	2.4484568145686461
56.866812428903259	-0.31163215767401337	-1.8817520397352163
56.888965242951784	1.7075306923053228	0.59414612220895968
57.624941431676149	-0.072471745610906746	1.6392343991580758
56.89650621913573	-1.1701594341549977	0.93351349433486885
56.448018395972802	0.82758128711548817	-2.4592876189644794
56.834721633657601	1.2128081984416184	1.6505277281147053
56.749187883403664	0.78268902756708214	-1.9100342825050711
57.818365784636534	-1.2820890315677622	1.6934079354528271
56.600638001896648	-1.5808938980322247	-0.93967148502853926
57.601554349451511	-1.7958978412234026	0.75165185995208506
57.305658301072881	-1.8270243467407732	0.65202565172006133
57.45383441312989	0.21976353519772723	-1.8514352012987658
56.355401835828374	1.6799309303370449	0.18873427027768971
56.376723448243396	0.0026795635240727347	-1.7594314786297149
56.118419876687234	-1.291287492404563	1.2786067297452504
56.002609193732013	1.602358172222353	0.85747626012123812
57.542182769230145	1.6757323915445534	0.8033907529367289
57.60737930884806	-0.2110650112984743	-1.9448466507123285
57.617650665843449	0.12831375611958401	-2.0045774887824952
57.818202149288538	1.0637837341309972	-1.5119829087534959
57.450732509822814	-1.5672463017532638	0.71996933448116585
57.646922777494282	-1.1681693157451347	-1.0643844181660527
56.211259340592527	-0.59719911413765425	-1.7632237308977705
57.714445509358782	-0.9707676305757631	-2.0891826709356955
56.919383092602793	2.2415120184238653	0.16469017485985826
56.553015275857994	0.72686411135838669	-2.1240271419471277
56.94919548153311	-0.69177969798697492	2.288608687715092
56.296949096353607	-1.5025320509193174	-1.4326749154478187
56.005295912170588	-2.0424468953146917	-0.16610043305163869
57.275718695335854	0.87611404367715795	-1.7076090663070806
57.674472874340978	-1.2531204694272409	-1.4755118082215246
57.670129520036419	1.6891281219435414	0.50686802455319802
56.980587147283032	-0.9193673788776684	1.7273258610663804
56.014299779927775	1.2329805098637527	1.726090637089964
57.23710149854368	0.31369166852923414	1.9262724168330077
56.129758006821078	0.4133766403255183	2.1607165061326996
56.422102039292184	1.9153860762034163	-0.20389120974222499
56.815159957708651	-0.80577632106330932	2.8023168243371051
56.238378910293882	2.04581705636134	1.2030166868774681
57.564994157321635	-1.5674345780343228	1.4353419290563665
56.17626548160473	1.0233473413820391	-2.2537975431793598
56.402060714055317	0.88751725922064706	1.7968075500511183
57.359245448690508	1.830575932440893	0.62604315486982398
57.695956898489307	-1.7884505343976178	0.74118200585199889
57.10606882481796	-1.4874588387085788	-0.93807915325714386
56.14647577417616	-1.6015695337479308	0.97119138006945305
57.542026962127615	1.252789700689751	-2.0267046354404115
57.671409486050223	-1.9435980249476097	1.1161627552087721
57.382153773680287	-1.3824184787529481	2.0297281858101632
56.542654625547172	-2.0946530509384984	-0.26267858206337991
56.554246798461833	1.8453285120406475	-0.92058412335590067
57.110711503361642	-2.3714706497899947	0.14320074206999833
57.168438136425976	1.8631332679969685	-0.49542054063285312
57.377019494574611	0.27146793517160117	-1.9751292199080157
56.546402212651905	-1.1125223368320867	-1.7594492979848657
57.648756810271415	-2.2894400017144441	-1.1264807620268096
56.932974137357952	-0.2359013384278375	2.3552292954840048
57.055606743995632	-1.6582808526163206	-1.5939135641932636
57.94615552588175	2.1770495913312362	0.71807015995774071
56.392504921255387	1.8713091018723569	0.89815617255042135
57.276186229045813	-0.88074025664316247	-1.6705757100175429
56.94414262160327	-0.13536603862136015	2.245636296309971
56.360434389790008	-2.1883920356415181	-0.060752065758849283
56.619077014664057	1.4278957218550006	-1.7311161011928751
57.633380116851484	-1.6757292045931476	1.1733953270677104
56.62433654454528	0.44232766614667235	1.6617167139923523
56.93821032394721	0.61966936135603634	1.873778585321356
57.438173397789534	-1.4361732218681822	1.2317306681414122
56.595255091160737	2.1593682231813949	-0.89166216398462073
57.878041065087935	0.91684948900387309	-1.4505294663632737
57.375858714150908	-0.98830796208284	-1.3479251321711543
57.15856109393259	0.83426732952020799	1.299312270849976
57.468079039726945	-2.2937150821229824	0.47412694125392507
56.779184078241585	2.2501489252438227	-0.42560933149163671
57.643305265290707	-1.9401790743544136	0.49268300489119105
56.883575820461409	1.628362651466946	-1.7263379910124181
56.408747385161085	-1.9698041803669717	-1.5534850190939358
56.725913348851229	0.95691907428219503	1.501692553095775
56.955124099565275	0.12619752852677218	-1.6507146664286065
55.809242207034188	1.4149253590074371	-0.92719163605429245
56.435768369649338	-1.3539982503315822	0.22242614774875
56.903457948684498	0.58599286688800889	1.6021394090963454
56.3969498097116	2.0754782122795215	-0.14015843146553747
57.659988102966167	1.7987794484429558	0.1699020060957907
57.218692293812694	0.99863545017736732	-1.8437814999550746
56.251150132824712	-1.6414133905146915	1.1515813138606394
56.460536450065099	1.8447576680218019	-1.5192520872633457
56.270305075987629	1.0635825943285822	1.8188504570088173
57.379997817579003	-0.46961803655613216	2.1206743020616652
56.638544330563775	-1.4909135630738974	-0.63615758805802647
55.897432905130728	1.985936004343178	1.0257327609378788
57.589337837810554	-1.4290564437692237	-1.5429096586362878
57.491782533209303	1.3177404872056606	-1.3751319688340418
56.438584852851498	-2.1492521984290298	-0.55163148698490072
57.127783021934114	0.25810065877015975	-2.5270993026695496
56.163737695181581	-1.9195643833578613	-1.1681129088145252
57.283698033233705	1.9996635650613026	-0.59000205610327039
56.888248250850765	-1.2189154264165214	-2.3598392267261521
56.461847753932759	0.79580058924391961	2.0234230353372618
57.55448003294984	0.36851732818993288	1.6226306642018493
57.893896954016896	2.1850789378890787	1.3153700731812712
57.518439756650537	-1.98960846700259	0.9925906646047491
56.111083445306939	-0.17488682851623627	-1.9361036236154323
56.37657573392304	-1.794918498180502	0.68898820948277373
56.645400743677854	0.42911861563343662	2.2807966553342913
56.679494271172068	0.1724628782602117	-1.6870356818558676
56.522348128289416	-2.1401400061152827	-0.44677076930812443
56.036339060965815	2.0513620724739656	0.80234052401437428
55.88573945452265	1.7902892661269649	0.95531647766913863
56.918376621454655	-1.7895513148652311	0.01275319589944319
57.528012979410747	-1.766613821110611	0.70992370197599575
56.95475214875087	-2.3190144886790005	0.079207159754466072
57.840702050923426	-0.80561545480638141	2.0443037652818372
55.849647715304719	0.8547291001757229	1.4797570846835366
57.738963125125053	-1.8145096474900961	-0.69470375879214485
56.576155935517662	1.9324176911465853	-0.83611211631071303
55.958797957310409	-2.9698773098510949	-0.45729325680124283
57.326026400289642	1.6946969977636093	1.4373003991068809
56.444004251614778	1.9774007573382022	-1.0249482107973307
57.212331383337123	-2.1267261770125336	0.31029732024073509
56.305473705470753	0.72537883690231131	-1.7276291603563492
56.07626831061804	-1.1878618608785976	-1.4647934807671643
57.037831108835206	1.6069759161368475	1.2385022527595306
57.262276844042894	-0.54700587277014234	-2.0999382624045158
57.533179008570059	-0.32976708747722339	-2.3828052996147413
56.827672294138168	0.88094732815076815	-1.9080240255717649
57.818736595584845	-0.48858341412602768	1.598103061777898
57.540270517529081	1.7213610994200352	0.4357026137843093
56.077971528069455	0.46495990093359807	2.0721326385065
58.01582417822862	-0.51627052972421883	1.7475187686255922
57.816472546316533	-1.1056581584349001	-1.4278949786622877
57.352044172612793	-0.81289397587820456	1.5437311828720632
57.416669520876795	0.77911267177148513	2.0707629273257551
57.622327741094963	-1.0502276548565235	-1.5837625569951375
56.264470782644018	-1.5562780177394706	1.1495811399556228
56.475124120031417	0.089987262557301648	1.8002362198670958
56.613983142642319	1.5762558519244037	1.6360917208438166
56.4818180482579	0.4484479413047196	-2.9700928525981949
57.630620125697341	1.1362673532440273	1.6602231217238768
57.495645775744336	0.77700984500099679	2.1351432976025322
57.792311782165982	-1.506828678657502	-1.0164183586629714
56.401049334165656	1.7561392078563394	-0.93124364255866121
56.329352562228543	-1.7592653488514538	-0.8250224274136555
57.063853940831734	1.137314845844611	-1.928185084900117
56.052865493086536	1.7812869373765727	1.1040549223795275
57.099364225852604	1.0748031738116821	1.4001517025183168
56.299178228521178	-1.4469582200759863	-1.2963096010644488
56.244309353009932	1.8373471744453305	0.75690889020021801
57.592219195644937	2.1249192912305364	0.24901063573499099
56.831917213300727	0.88444465652558757	1.5791240927035348
57.057851024045981	0.38891013749676645	1.621392517023114
57.427064713722253	1.0877333414758072	1.5082995814252129
56.561178917863266	1.1437995385854212	2.2625952933423195
57.192973597411743	-0.21567738490406277	-2.2530764701183874
55.953864490325557	-1.9030008270911074	1.5322660255820102
57.188007467131456	2.0882340206671413	1.5311005698827629
57.065286999322986	1.2732596855569644	1.408015144792401
56.439518220839801	0.12865814514493717	-1.1757085125109885
57.408772126642241	1.6251454472814992	1.1609114910683085
56.680452036508996	-2.1428820383101077	0.37648999162391339
57.158245063944257	2.1108120230857557	0.14646545374247474
55.971710922885151	0.66957479249290219	1.9523287569184722
57.193362736327863	0.11423687351170247	2.37933405131538
57.063586971720667	0.56350944554201454	2.3568613159445397
57.701966578553773	1.933573533469483	-0.25643003300792178
56.961014328726947	0.32355562874937632	-1.8503885708777257
57.437604076427711	-1.0420593886706153	-1.8145778669630142
56.45005833947959	1.8976195344621534	0.26015576158152343
57.620037471988539	0.31200571550307443	-2.1750544323640182
57.96038113865869	-0.7248419878282647	1.9555325245040556
56.75349612526081	0.69464592045273643	1.7382885087193756
56.961135659280522	-1.8518750349524478	1.502660235360729
56.244565534106577	-1.5907972082468984	0.27933669042581694
56.368090840707175	-1.1407358491550084	1.9005340002931514
56.624188486694656	1.7491968434032836	1.2606025837200137
57.178161682784733	-1.3535836226395437	-0.4128426743398535
57.349712083763414	-2.0872417981649614	-0.8791374495073857
57.120529957363743	-0.67845145412950436	1.6651494697718516
57.236952166987287	0.88251940703280896	-1.4300364868652082
56.627746255861609	1.7575132519151386	-0.8903217875939583
57.165587726292088	1.8856629638345237	-0.55716228692941416
56.726675329571854	1.3021561297396447	1.1666958739455102
55.956338315212868	-3.6090891290310778	-0.27035741245842987
56.551425348771133	-1.4154865100840839	-1.1129308344002868
56.576956910529987	-0.70545557063604158	-1.6572676386383058
57.847910798847842	-0.27663389842039948	-1.5796493129285394
57.836756802301764	1.946936327570189	0.82702165837438779
55.912866055975506	1.1275208816692848	-1.7709459293263858
56.569593083873379	-1.8679903091784276	0.23006564831360221
56.391131616799704	2.0997187698318474	0.25368887902704318
56.726015621401821	2.19711960040385	2.0233248639219181
56.179005039519431	1.1262621675954902	1.6005649716941051
57.223263590869557	-0.050279967036193862	1.8174826178974799
56.553662749842054	0.33068210893782685	1.6905209601119764
57.475574191362959	-1.1199249804242926	1.6791519479255008
57.235467038654363	2.01129805824635	0.54259925257486996
57.689067325176261	-0.65493143246300789	-1.8373249109700227
56.232416567697634	0.34336113211922115	1.7990459921387145
56.995311521216415	-2.005960761286532	-1.3938166152160874
57.509478184464662	2.1314908099863401	-0.26799967302783584
56.027501847082512	1.2293308911067651	1.5792886547990392
57.071222688757715	0.95017474375447031	-1.6823789749910543
56.531782438867126	1.9946602951634804	0.20022968344580033
55.974496888288606	0.62557634651140914	1.5390573002784536
56.753473590020029	-2.1076939420284728	0.89051671093971529
57.197869294461476	0.43139143061800245	2.1519874772172738
56.768469587762546	1.3595913377676001	-1.3290833700257343
57.110173841147734	1.4512383181999542	-1.267199405126761
56.379246949934178	-1.5934413685539348	-1.6913180364463676
57.038837556347751	1.1482441961592349	-1.858766076996214
56.848921986500983	-0.42531552500833053	-2.2583409785212933
56.988917876314488	1.5849775921679705	1.4714007880050644
55.942404742579299	-2.0240247761167867	0.79275880997228332
57.422597572362889	0.031272299386376858	-2.0569544676867371
57.176107623739405	1.3541825074896052	1.1975671294866614
56.077012283434513	-0.103606842645215	1.8285667900768556
57.229150568352857	-1.6145273713751087	-0.90964874561733189
57.126100161255494	0.94356524312511447	1.7450588578575075
55.974153038407408	-1.8530043619294125	0.95946722438236065
57.320154031152946	-0.50874269896493318	1.6648491789277151
57.667331519257665	-1.0640106410429457	1.914381544428271
56.953355941082421	2.0201166629245546	0.83912248257532707
57.741400668251224	-0.59597666565716456	2.1596912286834042
57.181325778029731	-1.1078485006035992	-1.8356070339092945
56.762006395684431	1.5859238699719094	0.37614268473293794
57.639453394689049	-1.5509971602015746	-0.37358678108551757
57.693076186304459	1.3611358874602182	1.5727564987924452
57.501952256774132	-1.969133736281468	-0.34077102279745441
56.940866573193766	1.6162402984018003	1.937091113845115
56.29683684210422	1.3415361909091601	-1.7655072062002317
55.874143784827218	0.71264535404177487	1.6258702343192484
56.275214483563396	2.0633137532678725	0.20373971183954215
56.463693428142427	-1.5533042093360769	-1.5275057102818901
56.928916892029243	0.0339210330185288	-1.7527272414426847
57.159276609695809	-0.021483260367885261	-2.1099114072312233
57.445731760742412	1.6305998531883343	0.69174007038877894
57.790460571818485	1.3318326399521432	0.63316755124437096
57.087038868460617	-0.23917046953922469	-1.4938910602573856
57.428314661011136	1.1189166563977888	1.6250819975366673
57.631419395410006	1.1438975246394725	-0.95597144871365303
56.567890892686137	-1.431749494623497	1.0175248847804315
57.57592209676482	1.6912113978396739	-0.86872446937607573
57.790030197819071	-1.7087173693887046	0.91352902125972879
56.122119479782143	-1.5666901483952898	-0.44446909186058314
56.139404560336033	2.0195239294922733	0.9012555970461581
57.630022157798052	-2.0858019393145191	-0.62331898226679061
56.542837678470121	-0.45155977734545893	1.4431951511517556
56.791780181349182	-1.51081282772907	-1.4111912483425544
56.439038720985693	-1.4010181890942157	1.3397796216049673
56.78121109689851	-0.30348643127947073	-2.3823664306160386
56.737675110287107	-1.4840902679850172	1.2258619833543554
56.521519580264716	-1.4438877156233523	1.4753307578555719
57.290375679864475	0.91529382257491221	-1.298939143426892
56.79622322582005	0.52053114825451774	1.5252971745498716
57.127383042146171	-0.65258946432308884	-1.6766951221075517
57.7316248525864	-2.1394701782160266	-0.2823649175722614
57.648421299853176	0.067697337525683951	2.2780350123812827
57.007078645400853	-1.5976059495462063	-0.60504061690073474
56.175035241724672	1.5375715487644299	1.7650002524952308
57.888352190343447	-1.8503238597509895	0.47934339935453796
56.898527313086902	-0.7495413852346442	-2.530089425325289
56.406427727368907	-1.7732630635842903	-0.90603373294556444
57.682889212198347	0.7445074980989822	1.5775059215371059
56.712428142205191	-0.35959940863571865	2.1881293717737398
57.050177779655357	0.15209774885104935	-1.5988137962885047
56.595900886023628	0.34573347287586431	1.733014287865587
57.34140789828961	0.30030922638445329	-1.8170017585952729
57.428197354746708	-0.55557792903152303	1.6353764082280957
57.262950685319289	-1.9449726041579489	0.4789835518793944
56.490738445155991	0.9626349903621606	1.4471354482264074
57.341122603586435	0.29944367166423841	-2.1712605847066979
56.371999145805688	-1.5109856221413756	-1.572551833323709
56.590155805682336	-1.2784270664608126	1.1155146436669441
57.015455562677076	1.1774504866524587	-1.9625600928650435
56.251039989009172	1.2645944248669312	1.5233542300819096
57.096026939727423	0.70574220508553975	-1.6019385167365647
57.082835541323732	-0.81421307982798896	1.8210958239944632
57.59354100608558	-2.2858136422745527	-0.015804874500338635
56.763242340896134	-0.64722535342888954	1.6765202004643898
56.127122925351621	-0.90025478194849751	1.3025575262099625
57.314627882788741	1.1622498153047649	1.6970278554938965
57.396729898834636	1.7827401824163827	-1.8667597434088681
57.741635008385479	0.072395040491604112	-1.7972759643299496
56.916922894242532	-1.4243408148616077	-1.581638024338879
56.773977178028204	1.6581402080334775	1.5477628198362492
57.026802735484331	-1.2579760929360306	1.6050808854587453
56.054753763427556	0.96936678408190491	-1.6913215482780228
57.835822396095026	-0.8860912686705521	-1.4623007396332799
56.46452863076717	-1.9394341416853618	0.62780631424640998
57.416990393438446	-1.3289524469513394	0.89609600434150904
56.813743737644238	1.5193545984635162	1.6068684413940915
56.367972533284203	0.072709013029038302	2.4442014010075153
57.715678610963842	-2.0271984576415809	-0.90479584382878309
57.89091628243424	-1.6933769561577487	0.88924527974642376
56.718268086312477	1.2639797856786292	1.6095693823809185
57.692490721523328	1.8792740564720121	-1.1400741138071466
57.264294415267322	0.44607633844349137	-2.064964049338065
57.264141975741673	1.5762034716780575	-0.89910300335285331
57.775336132494765	1.1053423596897285	-1.8430995161597761
57.045386846455486	-0.69876105661544541	-2.0371614949919521
56.625362300968085	-1.5475838020209152	-0.95490364956064522
57.773459024946952	1.9089771281711316	0.37181700315828292
57.64566876798839	1.2413027316165173	1.7592196451440314
56.582075089612857	1.6667945879648536	-0.20821054132172451
56.89747415143075	1.3002912775182853	1.9760707044409707
56.997155589553259	-0.013583181827505087	2.119154909063083
57.242373709911	0.38748162157255939	1.9981726865202187
57.232201372320965	0.77442544906468325	1.7458820066403979
56.824546615730966	-0.69072511510325829	2.4956196956366372
57.799470926024213	-0.41278187397704136	-1.8146092444775095
57.914828882012458	1.7487519561122302	1.1546961668226026
57.615252386942743	-2.1389801806382689	1.0987566926044414
56.552289384043888	-2.0489051590056939	0.69380362376744464
56.498778475001124	0.43187494528568848	2.1822440236414113
57.201096260769773	-1.2659814572514054	1.1965658105411581
56.5150865130461	-1.1406902313723455	1.8161660986567083
57.125767149338493	-1.8220534718002175	0.79705695593666037
58.01905819566737	-0.047741920886728482	2.1694248411198229
57.121158121433794	-1.9313943565526508	1.5804306483347406
56.046753968778788	-0.54248735760284583	2.0983306506417909
56.442465396955029	1.1582929382981482	1.5455653993540266
56.783333469333556	2.0021651875993332	-1.0168001708677159
56.889478151373019	0.46944220043033863	1.8430740904400911
56.935864633749496	-1.6251444922339067	0.65347466222712125
57.670011487234802	1.9817371751168869	0.72093603397935579
56.971254908051641	1.0670132513987056	1.7272965932546884
57.140408827063837	1.2481636183688618	1.5565217483034841
56.507713284848293	1.9227640348949044	1.8605022131158326
57.658904296297713	0.66723380777355445	-1.4612826369677214
56.636360989828297	1.4674390611807888	-1.528157269747801
56.81231003005594	0.31079233801742095	-1.8389784873659554
57.200859347834779	1.7303157093616413	0.53643675492852483
56.145368870210859	-1.3863615732718011	-1.3210007216353106
56.172093871647881	-2.2153182604549198	-1.0133706408659025
57.428896551607565	-0.76174374740452411	-1.8780928360161553
57.771724580451384	-0.64102330240116612	1.9010420931812126
56.841098943946733	-0.92881967904150731	1.4232451170861062
57.774540442481516	1.4788773330097948	-0.44608711664651785
56.960421431144404	-1.7614328945536681	-0.027459308373488877
56.869794145016314	0.52227268139123628	1.073281614509412
56.491933078304257	-1.8601515378040006	1.149985466910407
56.419974337372103	-2.0108118857686823	-0.47459275667758744
56.115991736591781	0.49178480940768088	-1.9212174071449697
57.136473180597612	1.1368522747928107	2.3180599998309881
57.390402905709649	-0.31164061797303583	-1.8733364066600364
57.589378767656996	-1.5031310671473024	-1.1166305625063422
57.780797428690668	0.74548549982807499	1.7059463793536842
57.824203478670114	-1.1920717028044543	1.5929839434491337
57.886075243425786	-1.6452157965317946	0.78237478912526026
57.564869503487145	1.8210427589317426	0.60020927318400119
56.521689116460493	-0.50895213394184047	-1.5521826169398885
57.761193794019952	-0.37949811087837787	2.0757809837975532
56.652098787130356	0.98688629842520725	-2.023641159029042
56.653557585754783	-1.1630040225799725	1.3651267362786206
56.472848656590067	0.21643517014295691	-1.8914004291167088
55.845749052837434	-2.0212196393713442	0.50604227174092309
56.443791537298985	-0.023984365384237691	2.597332975239989
57.897825612644631	2.0821046529582916	0.10219516009869191
56.690448716794045	-0.62178330652212288	-1.4957041400990094
57.93803499815273	1.5000340041660942	1.2811932306204759
56.018621657898315	-1.8044516043923267	0.35278303772849967
56.47483134411916	1.5290866148093214	1.5891168820761969
57.526297635101521	-0.36303414848821391	1.7490384498506049
57.283297991616337	1.7254346217128798	0.96609401893085345
57.376295874745615	-1.6153508921498212	1.3243696330523134
57.029581578969854	0.83593279059679837	-2.2072083063564487
56.781869514471914	2.7601520799793473	6.1237312459545041
56.600749835557288	1.7495924465809152	-1.189247145297285
57.564776174174561	-1.19250262467549	1.2019043380282544
57.854932291610552	-1.808956249452998	0.84843296138766822
57.123288712711378	2.1663889432991472	-0.60629429911365196
57.707284644283192	-0.53930195433303418	1.3856184239708458
56.617266283296857	-1.0555935207696214	1.5442741893308682
57.350910811610738	-2.2279332982049991	-1.0505032232303739
56.413882533531861	0.59951203155303645	1.8672311825759076
57.596489213210482	-1.5174721818574795	-1.0758631940601258
56.677292487475576	-0.9294698774275304	-2.2808508425627587
57.554967709035921	-0.21181033338110522	-1.8593707716374621
57.400793148073063	0.6542422232018601	1.8648713972133755
57.496163193505289	1.3748771089749485	-1.0497096063526368
55.977359878705215	1.6909836588132305	-1.7917360033422725
56.592563390813915	-1.6545361478828176	1.5992214596289072
57.078043591635272	-0.10146132251133014	2.1441643316973527
57.243802926085941	1.9220888602359145	-0.63672241669709162
56.767486992895329	-0.15393405391669107	2.0977672826487033
57.570043000444407	1.7134307393918091	-0.3005729801092995
57.175200596831807	1.2097461982114237	1.9013576847097906
56.852207658871187	-0.8070841834307515	-1.2718516008208072
56.67554235294557	-1.7596531707618137	0.75186068508252524
56.579143811877124	-0.6258372678614621	2.0606081390518578
57.746703783917603	2.0865037595528291	-0.71780636430628542
56.320298774662334	1.0855350916041864	-1.5063449383517409
56.544843014470899	-1.6047302075364951	1.3795594321857934
57.394908249372691	0.98789817374501487	1.7844844121408632
57.381070974458446	-0.41565798725226627	1.6094266439074421
57.273468588252939	-1.0157156012746971	1.7555202413265267
56.590776209621389	-1.0023960321440437	-2.3987980920632004
56.556527973351642	-1.0712589199837688	1.1943113891932333
57.251440992740555	-1.8744772655844582	-0.603692572833052
56.504561803681504	1.8178568037473073	-0.69059683541259209
56.761125650506102	-1.9481154238126912	0.25206535801097379
56.747741850482413	-1.3792660324994857	-1.269595123549857
56.046044130359583	1.351709431234777	1.2107110048872316
56.657497920498159	1.2640879501701314	-0.75372832798150635
57.452172471349137	1.6867899813334197	-1.1278477424346902
57.288930582765239	1.6315374239151696	1.1966593692729914
57.195260126996949	-1.5580608822977957	2.0302613703901264
56.799480007482821	0.10548486755207644	2.2806437972190712
57.513323578257079	0.2636611991743556	2.0622802264591207
57.020800606731576	-1.3539277657625188	1.6744891814188452
56.133510581990151	-1.7913880841799361	-0.067311555632868669
56.966898765502556	-1.7562584947485738	-0.9614762110339713
57.446582421525456	-1.3448783387458871	1.6657246975318083
56.061060687175875	-2.1601008066255352	0.68932234762860134
57.123003760463426	1.777393917472939	1.0910415203575903
57.248120483109624	-1.1405837364906426	-1.5367917011281451
57.659784707757446	-0.38958721492627163	-1.8871165091568016
56.924601926924218	-1.2013414152973698	1.1160733456831808
57.821681678513194	2.2779724924309992	-1.2955383641018723
57.703529638282639	2.1065069554852598	0.51838373314468611
57.530895871474904	1.4626161900942105	-1.5032021378598313
56.552005772572443	-1.1857052833836073	1.5527561659223319
57.326524508349401	-1.831663961690573	0.51111634203400258
57.512583110993361	-0.70263683470797422	-1.7685632170295968
55.959543650279755	-1.6582283080882334	1.372759475600426
56.287143837569189	1.7594498226805666	-1.1751107385426225
57.026428561903892	1.683953390573683	-0.78745461612721013
56.207259275968852	-1.7228196983617861	1.5690412739762818
56.580289369994127	0.27099103648470252	2.0297501856449278
56.20770087673062	0.13210851397641357	1.94983449449547
56.063689823526005	0.55597682628205702	1.9995008787975657
56.49070806520173	-1.6615626482934087	-1.1588845609253362
57.513233403311268	1.1663032093327867	-1.6008441697077715
56.34415437821422	0.71331048080657988	1.9461171872711371
57.81515372021569	-1.1669670435520432	-1.4950656690558652
57.374753144262328	-1.4981434951868606	-1.0926508715017518
57.265152575044425	-0.59889330972196764	1.8216767385663835
56.748688930914881	1.984823370704943	-0.70654821085612296
57.268192900705067	2.2513441855472274	-0.67795243704341346
57.535269261517058	-0.75485548795319068	1.5292749511106243
57.036521850196365	-1.8281305826905989	1.6976169590635639
56.96432054170419	-1.1633304566673752	-1.463322869274486
56.998655672451171	1.0126621692866351	-1.3001369820054245
56.174397442550763	1.2214098506809106	-1.9122810088716899
56.967245824237928	1.2956299889615734	1.4758764169144731
56.375805843247072	1.4506560840994802	-1.6658315832900465
57.459407491539011	-2.0279296852589539	-1.4648068588666381
56.541646823909119	1.3572238486490822	1.2924480542926042
57.232543056075222	-2.1355904433018758	-0.83677407439831364
56.661622322767073	-2.0624647852060098	0.42305332591227679
57.266509268582226	1.5791453420338459	-0.49412509833660773
55.939520002857797	-0.5592747687693741	-2.0897048516116277
57.191642196230248	1.9225265865837085	1.2697801086596197
57.571857443523115	-1.8498386905059885	0.79105508214971898
57.285823704551902	1.5553282350068338	-1.339306541869848
56.344033780765322	-0.74731610980924668	-1.9708264432447122
56.612042584363707	-1.1448902813865247	-1.7296352571408102
57.902188025203557	0.87719673723795333	-1.4720756511284048
57.364258410296593	-2.2356520930493393	0.43908177207659232
56.183035439423676	-0.6942032044412576	-2.4369125936273472
57.704692874820111	-0.94855278429421941	1.8555529893937124
56.550764845140201	1.392170026295904	-1.2881058978339568
56.835131112461227	-0.58138942161843199	-2.023969253639367
57.264852464827825	-1.757619973824794	-1.3677592244037076
56.437159059010007	-0.071349512795586392	2.174517050779976
57.566734613194008	1.2618366773740453	1.4767360190355268
57.340924044832178	0.8382470601621228	1.1550707583433268
57.350623614987683	-2.3756829924781653	2.2269771074235991
57.217855468412736	1.3386702990401536	-1.8869523725652959
57.148978698458073	1.8784294642134012	0.42369438487036282
56.145052945649148	-1.4857162060437885	1.5192205240822418
56.64366958085666	1.8752558887614044	-0.092593107956731327
56.826432402416373	0.46927005678795963	-1.8392878236579515
55.992283356109127	-1.7233206442803324	0.40868652770464969
57.327520290975301	1.7097423229016806	-0.50183738394754451
56.179761080655481	-1.8883406548269206	0.19503954796124312
57.51340588549904	-2.0025191750466127	0.4543953526652168
57.674852464969696	-1.2922805014113794	0.94856906941082864
57.598988633538426	0.97609470466873838	-1.8796406613180068
57.634319839226833	-0.22132695590222856	2.2525418223565747
57.377434852299508	1.9549589843273856	0.26471348879850853
57.063293274589711	-1.0964172275977961	1.3780919193685919
57.59386483223556	2.1327780598460162	-0.63896840516898146
55.8747351755026	-1.7666135864606656	-1.4831266744805522
57.074952951296574	0.75982233974235935	1.9663834419241679
56.1984945654699	0.44345490114045039	1.476652872761437
57.382049346698047	-0.46003349493062778	-2.0900243882188945
56.314990750614527	2.070598135719353	0.18409067788230671
57.090173789511141	-1.4747760019603462	0.38563178000423692
57.425914095743799	1.1075893355425159	-1.1771181378066353
57.686361839411965	1.9471477814329079	-1.0555325368656234
56.689980953643072	-1.953634538418761	0.70928103177298818
56.029986136049487	1.2780630674988496	-1.0090998869486687
56.832313767611204	-1.9911994433649749	0.15993210445218065
57.489261578005674	0.0082987449174102973	-1.6179187564841782
56.745327060284524	1.8165508511893536	-0.89866032295018006
57.704375028284815	-2.0883099358868971	-0.18696629738310097
56.805687744321368	1.5659214309431972	1.0663885822845185
55.976105954749507	2.4402001797938828	0.46515901402665516
56.580579150431262	2.2165269491773336	-0.19813511718195576
57.097976943746843	-0.22825830248870266	-1.8224388633637354
56.758502870752444	-0.5206882193699679	1.7126204844692829
56.415924338936215	-1.4292974791772313	1.8484530127564101
57.439398243496441	-2.0609860954625332	-0.9287560506252005
56.17502443381828	1.6797998652755948	-0.9446377627835133
57.670685783680426	-0.41764391738483464	2.4205152803261716
57.042190264483814	-2.1139670243654729	-0.2845986679682127
56.217047254154231	1.6682962504925956	-0.83733761987909971
57.305600224262477	1.8855762922186463	0.42618292931472607
56.286515401504651	2.0609540791480505	0.43675334491896378
56.313140328404494	-1.5872215547413226	1.189204623632113
56.492800327168872	-0.24077121172458546	-2.1602914051693718
55.999321375346589	2.2905216966381912	-0.46186429790071326
57.449856222882993	-0.70209353048768453	-1.6254065642273285
57.765907603435842	-1.9677054845170943	-0.29012994874463705
56.684051826852837	-1.8548394338846654	-0.63575594898086707
55.999422088967641	1.6530477657849449	-0.11109557846875466
57.490333375051634	-1.1894174091976388	1.2970630288461378
57.580557026072682	-0.24835633033496557	1.9129682322705688
56.475740580648058	-1.6575398054762056	-0.27385632602128257
57.811533102182857	-2.1042075718046185	1.140109618723016
56.495032065126189	1.5621196011380243	-0.55486129819751606
57.017834607194395	-1.7041200834017933	1.0457217018903484
56.378302836428496	0.42679611794855021	2.1908597015825904
57.912064893166097	-2.0806039276377506	-0.44330131080793639
57.35687965545474	1.5362136476878205	-0.42827879277271685
56.872438996470422	1.8542953019795581	-1.4961272424143286
57.442338045918056	0.47626531153405494	-1.2525552278092973
56.853230208005847	-1.9624867195563309	-0.58994702814410993
56.914046021655494	-1.8761118533022658	0.63774680546513829
55.961125118669599	0.9426778302269968	1.3727377349512739
56.803954159166686	-1.4149135608465577	1.211342221665622
56.221948542294513	2.3292301180051012	0.24550689908439893
56.971796733176554	-1.459777409623972	-1.1905484373644022
57.496382375473516	-1.2194562986522139	1.3615583465037042
57.687835232384209	0.11583434700822476	2.1772874803695905
56.95225232330904	1.8569240100152011	-1.0698085322148956
57.388129686022552	1.4864984987088181	-0.66925646464294486
55.97675172875465	-1.452209543748199	1.1412274535706013
57.508749659271729	-0.59899337660384455	0.72931405184161457
57.128389355486306	-1.1969629906551504	-1.3999206737444443
57.402309223430983	-1.71750603953771	0.96455872310172563
57.307492632405591	1.1300793349911469	-1.3450122846384074
57.763031731753728	1.9596313343971685	-0.14353186430705411
57.992581992889441	-1.8338439788175673	1.8242102697859508
55.959143396305869	-1.0624405076241299	2.1867178012863877
56.221781810473381	1.609355449911023	-0.7160305202651337
56.960364959589228	-1.2089128074709705	1.3806004891971586
56.245213965513081	-1.4634749211135885	0.95254014352939176
56.881154173797377	2.0710201284556775	-0.41594413495317289
57.20851052695776	1.815218014871663	0.84362520527755136
56.4000364425005	1.7317290233244831	0.80996446920258791
56.204310532439976	1.2507166134167023	1.9480351200113442
57.090486737675846	-1.2432268830423607	1.1320063114473673
56.580063260001829	0.65287817826112027	-1.2702601721630091
56.686261149509058	1.6900222417546051	-0.47744811736273801
56.127208618370076	1.3425556407093773	0.96372247280574741
56.914602656133951	-2.1060409431443667	0.69896110543198553
56.292063106091462	0.45581348509000558	1.8460305677284283
57.44437622401847	0.58248153907043654	1.5788763230782685
56.794520631981705	-2.2440878469281729	-0.99340407922595841
56.796452476407232	1.9109573757095188	-0.92226315526895541
56.307384488107402	-0.40362787516586657	-1.8408137028661444
57.552108302636107	1.9173301084178809	0.41701005441297123
56.746373699703064	-1.4843406181074073	1.5455655085664828
56.747255942934061	-1.9397422990525426	-0.12229388029094952
57.468594289430243	-1.9057075978295612	0.75436667141663305
55.957607606298915	-0.38943115308352999	0.64321638918880886
56.025210223225869	1.8067089619010059	-0.62965874149917844
57.420031110362672	1.0315070086176836	-1.9458080752775477
57.671306814806371	-1.7745534515329355	-0.099656584290654146
57.69493749759885	1.4255825779037354	1.6392410522628118
57.144520227840552	2.1510734873928321	-0.19715458285005291
57.202270151905758	1.4388030566423193	1.3324268420780154
57.613689017373964	0.024648954728838095	2.067771425805117
57.662428474831707	1.2245609135438154	-1.9776881211833981
56.383670784181668	1.9940293021405351	1.2989008477837112
57.692761385173739	-0.49426480284663238	1.880725594870915
