62.488782193440436, 0.22141835769264848, 0.00091688462268097175, -0.0037541242675970844, 0.99999253290890744,-76.275112328526973
62.396239997007051, 0.17038765570142697, 0.0029671357664746486, 0.0001992936357611192, 0.99999557818391871,3.842614560618054
62.469311262663155, 0.38074418922841013, -0.00018534201181115718, 0.0066426055981237721, 0.99997792047585055,91.598252430215126
62.322305906336446, 0.21483661146008956, -0.002309178938863976, -0.0029541790013287274, 0.99999297023481937,-128.01350237487853
62.35729740019751, 0.090458296652032325, 0.0015344106470538436, 0.00037172019321899259, 0.99999875370325542,13.617890260938378
62.362226308483606, 0.7121059359966464, 0.0020763757878219319, -0.012253596989552345, 0.99992276602965957,-80.38256783525874
62.498290144393565, 0.20524897430128752, -0.0035339549986477905, -0.00058631758225855164, 0.99999358367629554,-170.57987911052965
62.300630834946887, 0.44452566360107154, -0.0024150135558889422, 0.0073729124349774869, 0.99996990348297543,108.13632158548648
62.361749631197569, 0.12524001735806617, -0.0017524594990447377, 0.00130645367098302, 0.99999761102940132,143.29557360711433
62.371768459573673, 0.14405885757481365, -0.0024853031074789493, -0.00038074476882470705, 0.99999683914594684,-171.29008974116971
62.402318260500664, 0.16498920013661772, 0.002704506079445443, 0.00098881120193014646, 0.99999585394104173,20.083230361261833
62.328855202927123, 0.28301165536218503, 0.004113085619165277, 0.0027351128636738625, 0.99998780076774552,33.623045802199499
62.344537076966112, 0.47834408807262396, 0.0073205839459914634, 0.0040134620068289538, 0.99996514997944286,28.733466258565542
62.282778735729842, 0.092930520063340682, 0.0005794516373760027, -0.0015149040810915049, 0.99999868464984754,-69.068120194122855
62.318360780161804, 0.32333536491720577, 0.001122709671735283, 0.0055304289203670027, 0.99998407681270085,78.524562612576133
62.422955930841269, 0.20287987150540673, 0.003411239341815362, -0.00094948435857870536, 0.99999373094315225,-15.554012103402204
62.318963379989491, 0.4654060420226927, -0.00046946475205928811, -0.0081092005069463274, 0.99996700969081209,-93.313317818257971
62.416720990159519, 0.49446961383408311, -0.0049340883448762713, -0.0070803914397593922, 0.99996276072125045,-124.87135260686988
62.31598593515205, 0.2703338469852043, 0.0011763838973183718, -0.0045691919652600943, 0.99998886924090846,-75.562187346576991
62.318532168441301, 0.61111039142206758, 0.00028153202712300342, 0.010661969882565727, 0.99994311995130047,88.487441838144889
62.415748371711054, 0.30559645265779239, 0.0009040320362210054, 0.0052564656359304672, 0.99998577604638739,80.241466245776763
62.401079138248114, 0.38822183412814432, -0.0057878295781180391, 0.0035229396612493466, 0.99997704469898585,148.67193582535555
62.548412227685539, 0.30173344128806162, -0.00047475410843790436, 0.0052447742665725373, 0.99998613337957309,95.172286627954506
62.237587114029964, 0.075030821541379591, -0.0006881106118535661, 0.0011141743122655026, 0.9999991425593262,121.69934972990565
62.238541380399894, 0.41834541104450257, 0.0068870311024192407, -0.0024248356735100929, 0.99997334413200778,-19.396515084981836
62.335365936503422, 0.26522196340945275, 0.0010542148555475527, -0.0045073369834080597, 0.99998928621478567,-76.835808219538805
62.459333370494619, 0.45031914552736152, -0.004627649438537447, 0.0063526484891541536, 0.99996911388194754,126.07183557397495
62.194636120141368, 0.3121889079135427, 0.00042003026922509822, 0.0054324835580412296, 0.99998515573830615,85.578785218616829
62.290639086679477, 0.12740602295034995, -5.753782256221183e-06, 0.0022236453107313979, 0.99999752768115702,90.148255075654433
62.331316184454629, 0.076806236811160153, 0.00033559629667360177, -0.0012978337824383686, 0.99999910150089566,-75.50191759213007
62.286984786338799, 0.36320180876789515, 0.0041943170470589266, 0.0047529929436947857, 0.99997990817945237,48.572947376946843
62.372639769236187, 0.085656611171030961, 0.00066017003027681043, -0.0013413309212838998, 0.99999888250282087,-63.794725194219893
62.43670021762059, 0.15157740078183732, -0.00062624113292949124, 0.0025703320281280986, 0.99999650060153134,103.69288219816021
62.27934006602851, 0.62479324138330827, -0.0039119678237590034, 0.010178617745551217, 0.99994054435678115,111.02336191174913
62.330646698943653, 0.48000257451868417, -0.0012465501609272749, -0.0082842668442345072, 0.99996490790204728,-98.557212024947162
62.344614598444359, 0.31847927644237428, -0.002291351111439347, -0.0050642321464855001, 0.99998455151209753,-114.34474276995611
62.409839757682384, 0.31076305103273022, -0.00072848215066011147, -0.0053746673053077353, 0.99998529102437961,-97.718828850172301
62.361833245449851, 0.2083799380444937, 0.0036358728540861912, -8.6766137043276252e-05, 0.99999338642824354,-1.3670417743451764
62.534539446168665, 0.38899390902039005, -0.0065697279775506143, 0.0017121726475308584, 0.99997695330398795,165.39275860717396
62.375256093518352, 0.36555386661109623, 0.00023240358334772427, -0.006375841055654005, 0.9999796471125838,-87.912455513280435
62.346930472859611, 0.08088583362837698, -0.0013258980896363156, 0.00048472457011564758, 0.99999900351767701,159.91849388060601
62.282355594208809, 0.22994388032811344, -0.0033780163266667854, 0.0021668682418511023, 0.99999194681143266,147.32138111601719
62.52333150961023, 0.30458951172500603, 0.0042503745990937801, 0.0031929392104279842, 0.99998586962764913,36.9143736455161
62.361080272972622, 0.078288567402854309, -0.00065378818104493001, -0.0011998293273696964, 0.99999906648486403,-118.58600986728958
62.317843710512392, 0.27166538619257147, -0.0024150453972612445, 0.0040802925225086745, 0.9999887593211535,120.62046057481255
62.367403861491724, 0.27018001823838961, 0.0044176313553693832, 0.0016494241356874264, 0.99998888190480828,20.47427265543789
62.418963707392848, 0.14785140639967992, -0.0025618365458030703, -0.00030972119412402984, 0.99999667052760455,-173.10650460479508
62.486604503771261, 0.15198272974253541, 0.00063675255316186644, 0.0025750361844208234, 0.9999964818612288,76.110577549215961
62.377647856400948, 0.022840232346051495, 0.00039574128128707644, 4.7963445036494759e-05, 0.99999992054416997,6.9104858546938637
62.451950636498339, 0.49264678210192281, 0.0084228102498463634, 0.0017278173738310629, 0.99996303477409487,11.592576379595553
62.221016703848349, 0.5003087817860753, 0.0024888049327484842, -0.0083697285730404501, 0.99996187602009112,-73.439738244925792
62.537151142417947, 0.37194534301120125, 0.0061872371538533597, 0.0019645088832070941, 0.99997892917863529,17.615157179798022
62.285807062861451, 0.34286949530318234, 0.0040293461897252265, 0.0044243203522469632, 0.99998209471905242,47.675041279217886
62.458885759836527, 0.62415914870260436, -0.006880896170941975, 0.0084451048667405458, 0.99994066497551481,129.17243314776906
62.410276069108647, 0.22600235873638738, 0.0038060291959645955, -0.0010358692814484154, 0.9999922205280356,-15.225147755280293
62.303901727306688, 0.62639326185224053, -0.0034533882663355694, -0.010372638690718963, 0.99994023945237542,-108.41427557000675
62.453620608668942, 0.18207524384244075, -0.0030952740948491128, 0.00071953909934768432, 0.99999495075813383,166.91323634821862
62.512168472335027, 0.12757461922993521, -0.00012942329799881346, -0.0022228306895522403, 0.99999752113359541,-93.332258337123434
62.308701176081875, 0.10204056810142073, 0.0014687004238409934, -0.0010073116844178638, 0.99999841411986023,-34.44437076286399
62.470753233011315, 0.78109487228296182, 0.0076903334491547444, 0.011255982785799739, 0.99990707649409438,55.658256900343247
62.350995741603704, 0.35139332325185979, -0.0054568657570912499, -0.002799191167229135, 0.99998119339561486,-152.84368064669195
62.365990444914942, 0.22677934780443992, -0.0021155986526400494, 0.0033451892327796564, 0.9999921669449906,122.31049597330754
62.282264760178172, 0.12918505906386532, -0.00081438363227527609, -0.0021024898646943178, 0.99999745815460372,-111.17350197857958
62.448803438144111, 0.44311760385328308, 0.0035788094605877607, 0.0068559126885289227, 0.99997009384483693,62.435289767536361
62.418800608000588, 0.32783011626096131, -0.0055533345077540455, 0.0013777300775341906, 0.99998363103386767,166.06676805682955
62.313795526294534, 0.05847810878675376, -0.00080359795646646058, -0.00062922719708780853, 0.99999947915159382,-141.9386140988093
62.495080304765068, 0.18389592653646272, 0.0028004488798180319, 0.0015680927296793067, 0.99999484927236626,29.246355390306114
62.319132834645636, 0.21851045163471369, 0.0013234618384112974, -0.0035767150557455703, 0.99999272775264325,-69.694437581987756
62.189083942141245, 0.1617110622656617, 0.0013419878627826433, -0.0024829287965974197, 0.9999960170586516,-61.609405954407499
62.374389288565119, 0.05204822431276885, 0.00077566130655994721, 0.00047282478629037195, 0.99999958739304429,31.365496965747202
62.395852280866151, 0.040678937759221219, 0.0006061213824568, -0.00036971661243261951, 0.99999974796321633,-31.38199017036299
62.34304865737554, 0.18502400671222896, -0.0024915317821539457, -0.0020543783137917959, 0.99999478588596769,-140.49290811660092
62.44069314187103, 0.2815894024922096, 0.002880724634703066, 0.0039818507969989507, 0.99998792307197859,54.115625774621293
62.445651169468704, 0.10149773725366069, -0.0016132224432810302, 0.00073185719810304583, 0.99999843094796403,155.59802526625899
62.233982127540813, 0.2207739815014427, 0.0025041180187165306, 0.0029286042910986508, 0.99999257630737159,49.467733938253922
62.277000098446329, 0.53282437849953268, 0.0071876145111962027, -0.0059006053947565007, 0.99995675959194041,-39.383966292092012
62.342033154319815, 0.19056101326602085, -0.00091601674860007209, 0.0031972796459754159, 0.99999446914279566,105.98694368634494
62.346293577977022, 0.5059862941115042, -0.008829045624178718, 0.00018635065418053733, 0.99996100585312819,178.7908635462137
62.466455275183669, 0.14958820354797153, 0.0025033841571862323, -0.00074119077398871922, 0.99999659184619127,-16.492732195454998
62.470639034067212, 0.34044589744168419, 0.0042718045942431952, -0.0041300686944955737, 0.99998234695322852,-44.03353712173891
62.423803680645847, 0.094816349504474942, 0.0010146012087226823, -0.0013073389684222008, 0.99999863072366679,-52.185633081451272
62.466352772168321, 0.19858182890388992, -0.0017319894798603723, 0.0030021115792923359, 0.999993993751216,119.98166844059344
62.508464648424514, 0.32868058935393263, 0.0047461593927510442, 0.0032220665942002871, 0.99998354599357342,34.171748121640697
62.6045565970268, 0.35900423680242227, 0.0024454128729404557, 0.00576886179684562, 0.99998036990205441,67.027976512608745
62.59497686550052, 0.36574068951336985, 0.0063588098801831468, 0.00055902950319445643, 0.99997962630391735,5.0241937313682037
62.425523717351744, 0.21355050495264907, 0.0033058652940291958, -0.0017213098946016706, 0.99999305414932982,-27.505254468488928
62.270349766180814, 0.25685313162941997, 0.004099532724140484, -0.0018139414751531203, 0.99998995167339966,-23.868200773014312
62.458163685808152, 0.26290929260804546, -0.0045547300957532047, -0.00055662991210706761, 0.99998947224303092,-173.03247850939835
62.340100020056589, 0.14402246311015846, 0.00071532534219427601, 0.0024097331806364666, 0.9999968407428359,73.466564894371899
62.45320662235769, 0.067044707686868529, 0.0011485995635425006, 0.00022354313926006177, 0.99999931537351938,11.013362072909764
62.429540974372038, 0.16039077983321212, -0.00055774780365280341, -0.0027432173907553912, 0.9999960818301914,-101.49265760253142
62.380893523871187, 0.20895780117251869, -0.00049005246193206296, 0.0036139189935330369, 0.9999933496969331,97.722285795092944
62.441750998544848, 0.092814208400585477, 0.0010080378363625285, 0.0012680604352473888, 0.99999868794036584,51.51724440891379
62.371554565346287, 0.38839319569201786, -5.031339357839989e-05, -0.0067785014190676939, 0.99997702442959857,-90.425269833027599
62.404470709751955, 0.27335230011944045, -0.0014271898912843342, 0.0045524082367954886, 0.99998861928936966,107.40632160871751
62.417447449600708, 0.19424419563190007, -0.00017743568329390465, 0.0033855477818871818, 0.999994253274885,93.000112105451095
62.421573316658119, 0.28820602194528505, -0.0031866983940783979, -0.003891926087995675, 0.99998734885230955,-129.31052270873124
62.254429465131892, 0.098453160610051021, 0.00169904231228874, -0.00025674214696460218, 0.9999985236682557,-8.5929497885520316
62.316524736652511, 0.31222651779788763, -0.0011357957425898978, 0.0053296739692795672, 0.99998515216147699,102.03022163211462
62.462635013348567, 0.45689827288095708, -0.0049701688011560994, -0.0062359279929335631, 0.99996820480661042,-128.55559940586292
62.440544121527388, 0.16454454649940919, 0.0011051986034144878, 0.0026506606578548995, 0.99999587625855924,67.36620019358952
62.472350473909458, 0.17435480083485594, 0.0022240106657992198, -0.0020770158028819092, 0.99999536988023752,-43.042581591826149
62.454062055684133, 0.27329157952171779, -0.0010187633054855767, 0.0046597534477861085, 0.9999886243448638,102.33254213603227
62.387470548268531, 0.021010148283645932, -0.0003537907728930854, -9.6427345693939922e-05, 0.99999993276692567,-164.75408369207835
62.302371786601313, 0.14199220582876215, -0.0015171805745252983, 0.001959536148648364, 0.99999692918587813,127.74900517797465
62.38537783181647, 0.053891908124566131, 0.00070732701708748572, -0.00062000008483472616, 0.99999955764409498,-41.235845615165474
62.341662171104446, 0.62171962097231892, -0.0087336013597677214, 0.0064393297671353636, 0.99994112788675649,143.59845501506811
62.308737222340433, 0.077367650194708107, -0.0011427772760118321, 0.00071932170409840304, 0.99999908831777617,147.81161721245309
62.228201566049137, 0.27414826903537842, -0.0024310438839704619, 0.0041211728458947043, 0.99998855291448618,120.53598348158356
62.546263231889256, 0.25971344461577395, 0.0029867570923092584, 0.0034096793490666398, 0.99998972663163299,48.782800343156289
62.580585993917843, 0.15582882343866047, -0.00035134224866830132, -0.0026969334642898096, 0.99999630154741748,-97.422390223026454
62.382621287635516, 0.20795067303242259, 0.0036260199013197583, 0.00015697092405564888, 0.99999341364821204,2.4787948740439112
62.365306781563604, 0.28540964866292479, -0.0033347714942044658, 0.0037003814627965498, 0.99998759316109076,132.02507106474667
62.291205120762868, 0.67710455947135317, -0.010859931132495041, -0.0046597769195508938, 0.99993017174943655,-156.77680697697173
62.542018124027337, 0.4274880564916777, 0.00022634522966572204, -0.0074575707566220326, 0.99997216631576646,-88.261545640318218
62.416237615570751, 0.39967536763893891, 0.0048138021496149288, -0.0050483886483135938, 0.9999756702444913,-46.362606192221214
62.47163615923661, 0.46762645165860983, 0.0028344816560978243, -0.0076535152800061793, 0.99996669415416017,-69.67787456682882
62.411701184710346, 0.36824693943000808, 0.0012726211375654133, -0.0062998220709411332, 0.9999793461253661,-78.579427059702724
62.314766176836564, 0.16425701176626631, -0.0028421915380667235, -0.00037498559321027657, 0.99999589065808947,-172.48406929469422
62.333801409246512, 0.10937054873515037, -0.0017016066692083992, 0.00086506565566465152, 0.99999817809641767,153.05205040466799
62.418824575873572, 0.51962806886469093, 0.0090682242482562989, -0.00012576892835726937, 0.99995887489994295,-0.7945951277334079
62.382352029739849, 0.20811603767133527, 0.0028377660889447637, -0.0022673116555235965, 0.99999340316898166,-38.624072842871136
62.470717941246093, 0.14526793859743267, 0.0015542981473887026, -0.0020031016090984815, 0.99999678586544105,-52.190477829619603
62.345420674359552, 0.30635311151453443, -0.0037535384468372077, -0.003807847227012261, 0.99998570552214605,-134.58848675049327
62.330260062328506, 0.1936504524040906, -0.0026317099770777831, -0.0021206989306304974, 0.99999428835300952,-141.13724803477132
62.268955129914616, 0.1867550995915801, -0.0011487055288674378, 0.003050364249913699, 0.99999468786266599,110.63535985672702
62.327213271010507, 0.10154371659615849, 0.00043628304882851169, 0.001717731796849972, 0.99999842952605433,75.748911224476672
62.396052485695449, 0.20354651802696688, -0.0018948343829859049, 0.0030050308219899593, 0.99999368967629976,122.23364754943567
62.253969790026822, 0.15076075306216785, 0.0026302523925359291, 7.3117743803523274e-05, 0.99999653820708179,1.5923412926717058
62.436121180684523, 0.26610951334780897, 0.0037263007243764955, 0.0027723255508126867, 0.99998921438881128,36.648829910472543
62.418881898010298, 0.29912232755394924, -0.0019627630330414907, -0.0048376340807295918, 0.99998637233603194,-112.08376632000582
62.393792627755637, 0.35507860630596577, -0.005140365462272741, -0.0034615840719404625, 0.99998079685493313,-146.04320013625386
62.474544027765852, 0.16428408861028129, 0.0023778980513378253, -0.0016021790191827409, 0.99999588930317507,-33.971282900363569
62.425509597660209, 0.18474272514710666, 0.0030230663272386104, -0.0011214224262321056, 0.99999480172735034,-20.352601675947209
62.357056619229475, 0.29838335039950936, -0.0047406451165371262, 0.0021556731748489264, 0.99998643958657885,155.54768711689576
62.396604149086158, 0.19497710806983512, 0.0022694082137157275, -0.002535764110836241, 0.99999420982660392,-48.172720157663768
62.505852418575422, 0.32302586901486113, -0.00057313878448043932, -0.0056086269918142109, 0.99998410728131093,-95.834732586192459
62.567795348378318, 0.27641524527615852, -0.0023672386614872675, -0.004203618994399777, 0.99998836281652281,-119.38573255508113
62.237496975913288, 0.38750173245901254, -0.0067151429129035213, 0.00080422428428009098, 0.9999771297779565,173.17062487675011
62.498651424474538, 0.224765831772574, 0.0038755483816512483, -0.00060763484538054705, 0.99999230542271478,-8.9106803077990637
62.416439252875968, 0.42411154806487106, 0.0073121948570447895, -0.0011500110092064874, 0.99997260426526258,-8.9378683290900227
62.372059933410277, 0.87716895507330161, -0.01502079609096009, 0.0029559679729836219, 0.99988281210256647,168.86692814693788
62.403684620419909, 0.50896991657272994, 0.0088827072191173372, -8.1816525431669356e-05, 0.99996054463089468,-0.52772301577406322
62.517217071142397, 0.095231756783382665, 0.0011530693529326686, -0.0011970925434071579, 0.99999861869930096,-46.073138008772943
62.485668457990975, 0.18265795323278139, -0.0020839658496563831, 0.0024125267939946291, 0.99999491838749122,130.8207964580711
62.458191511077708, 0.51080324788620246, -0.0084614929638387164, -0.0028074535627727317, 0.99996025988101933,-161.64458147510649
62.366372916049777, 0.15120804217068382, -0.0026308657894650173, 0.0002079969446427595, 0.99999651763517106,175.47958320794791
62.464375661348534, 0.37641220266038639, -0.00041552482492905683, -0.0065564309271195793, 0.99997842004346171,-93.626366248874007
62.440127144866324, 0.22485324496117759, -0.0036264247138696327, 0.0015000371007125217, 0.99999229943659629,157.5280182254098
62.22661947663412, 0.12571245838060507, -0.00071565827458907163, 0.0020740983883154132, 0.9999975929716578,109.03676298269745
62.290609095401933, 0.37357776298168821, -0.0025475200815395361, -0.0060018373183888755, 0.99997874381920604,-112.99912063877477
62.392569624691376, 0.36500681180704142, -0.00023768606034210303, -0.0063660919586754922, 0.99997970798337221,-92.138216896518244
62.390837412834898, 0.094066624152050762, 0.0016413464789018851, 3.7358063028510786e-05, 0.99999865229214757,1.3038623264539713
62.259859730137322, 0.26510255720261727, -0.0041575681459429968, -0.0020304663073460591, 0.99998929585955387,-153.97011794617097
62.307536105762907, 0.26821326542937995, -0.0022373083681118005, 0.004111929900892688, 0.99998904318185222,118.55069031526928
62.471736497762706, 0.3269785400495398, 0.0053052698954139535, -0.0021028358829189146, 0.99998371596370816,-21.621758927940306
62.318263614260715, 0.45822112274004329, 0.0072311092540727779, -0.003416017927481385, 0.99996802042889099,-25.286321863247281
62.56183612609221, 0.17629539691533305, -0.0024284320116050315, -0.001889502023123659, 0.99999526623883062,-142.11441028907041
62.494004916028331, 0.32423841606708792, -0.0043906835643119577, -0.0035701754860574539, 0.99998398774422226,-140.88457036415141
62.362676398931406, 0.11847137657244228, 0.0019518351332237411, 0.00068248170897922719, 0.99999786227687992,19.272769175925514
62.25635972386398, 0.34684432129983778, -0.0060199097414637259, 0.00063719241595981821, 0.99998167716840181,173.95788244743537
62.381476207882244, 0.42832953250875055, 0.0014751678354974795, 0.0073286994535644639, 0.99997205663167243,78.619212320425632
62.252431596996544, 0.13068903872091345, 0.00028676823814311251, -0.0022628535536453991, 0.99999739862550274,-82.777487334354518
62.331974247924229, 0.17139093210135248, 0.0017246692587639882, -0.0024440909888040932, 0.99999552595758467,-54.791348999317918
62.406309899496847, 0.056708118346285426, 0.00037991179849137163, 0.00091392486529581903, 0.99999951020406297,67.427705762803214
62.250037819616736, 0.54247137077595997, 0.0056324160608394215, 0.0076101615840728004, 0.99995517966055958,53.494197836643863
62.580470259538785, 0.38047175139226164, 0.0035650029651873743, 0.0056023337747822567, 0.99997795206201123,57.529670518201556
62.342219262832394, 0.58747395674587422, 0.0073330205330386462, 0.0071661991794146496, 0.99994743481804227,44.34081019828956
62.435694122300838, 0.4866674248319634, 0.002334737103452143, -0.0081666661467612069, 0.99996392663270839,-74.045498253859094
62.479317830899092, 0.33592393622670874, -0.0058263817407493822, -0.00065375947806427346, 0.99998281278947798,-173.59780465223466
62.394384326071908, 0.90860999511752905, 0.015136472191010894, -0.0047275552879923683, 0.99987426081013298,-17.345084723086647
62.391894640341576, 0.34376540930426669, -0.0014296242362154331, 0.0058269890664031767, 0.99998200102450008,103.78496178660514
62.394040647793105, 0.43388184870426327, 0.006884881168347525, 0.0031531885419396888, 0.99997132749560214,24.607181033843482
62.464487784208046, 0.28959884721045659, 0.0047683862714784217, 0.0016762380256695616, 0.9999872262776397,19.368181733432426
62.437314645222436, 0.45894276482763002, -0.0057813416052375031, 0.0055439891307052964, 0.9999679196223058,136.20060992876444
62.280621493484702, 0.30686182707988968, -0.0053410904352154303, -0.00039563687092272, 0.99998565800936823,-175.76359941430044
62.378592656467269, 0.312651978061527, -0.0054507819158366427, -0.00025576819728267595, 0.9999851116687366,-177.31346853920383
62.338504435838857, 0.27987973219058138, 0.0043591396875662788, -0.0022043605732814243, 0.99998806927665251,-26.825133798510233
62.325974286101491, 0.29291122485920384, 0.0026206808263907234, 0.004389426012235278, 0.9999869324002636,59.160936465342971
62.543696957839899, 0.42576979702260837, -0.0070284392179050387, -0.0024126846500892689, 0.99997238961630308,-161.05395577509157
62.417439192737852, 0.18053171411712526, -0.00044964390274124618, -0.0031186194070364046, 0.9999950360043568,-98.204391224082428
62.416148354894403, 0.11367254773626524, 0.0018455263864441355, 0.0007280970922074328, 0.99999803195155412,21.530226495911055
62.51802656390629, 0.27497927742109024, 0.0044439909819696212, 0.0018121776843433948, 0.99998848341178037,22.184730316661334
62.380014670809125, 0.24274939242468754, 0.0039650633475662939, -0.0014927951747434175, 0.9999910248773316,-20.630708223552112
62.359945646688786, 0.28890877312490409, 0.0019743552817532107, 0.0046397842159873288, 0.99998728708101625,66.94891844498143
62.420198100381903, 0.16949334541566602, -0.0020221014575213152, -0.0021591960585490401, 0.99999562447946555,-133.12208314192173
62.397649631405343, 0.16422490292049999, 0.0022687357042818642, 0.0017516541903889982, 0.99999589226451402,37.671150563130752
62.3163113637221, 0.036872518402907617, -0.00061598716517976214, -0.00018631237969803397, 0.99999979292373331,-163.17145689285928
62.457741815171637, 0.063989091037939733, -0.0011111584469110139, -0.00011231216945010726, 0.99999937635624669,-174.22833686527215
62.392227704336236, 0.31860479497740474, 0.0044488549197814415, 0.0033359834447782492, 0.99998453933266329,36.864475854790832
62.21129129735673, 0.20404773894924655, 0.0035515333006622143, -0.0002635337076889988, 0.99999365856049272,-4.2437298131460635
62.332519792681204, 0.41296258748073156, 0.0055257277267030469, -0.0046275597374306025, 0.99997402567465066,-39.944728141826047
62.32689961646544, 0.17825597026399512, -0.0026197189834501772, 0.0016781888732565673, 0.99999516036556579,147.35642366035339
62.352538766791014, 0.02322307284081955, -0.0003065216315439316, 0.00026519434367487714, 0.9999999178582214,139.13451407206375
62.303939839631028, 0.40755912007515477, -0.0012571709034651928, -0.007001212234116116, 0.99997470095426533,-100.17981636852592
62.306588183262825, 0.58955666818170649, -0.0080630210366708505, -0.0063923378988256568, 0.99994706145272994,-141.59272900664345
62.528677786682081, 0.10805257115556914, -0.0002514733025189031, -0.0018690303452549959, 0.99999822174179209,-97.662982211747291
62.273814496427029, 0.2132813117538328, 0.003119192741462661, 0.0020315731470175206, 0.99999307164959383,33.076751646664434
62.506073819018404, 0.15605349561127835, 0.0013987062950181859, -0.0023370616195297158, 0.99999629087496456,-59.099931948381553
62.260695684955635, 1.0838825753841266, 0.016716669013531759, -0.0088529809997389946, 0.99982107284479171,-27.905247632231454
62.312730720760023, 0.21882056963035565, 0.0024429960547926741, -0.0029355621612715873, 0.99999270709594357,-50.23252794990232
62.282147004930778, 0.13383853613379457, -0.0017973280984219329, 0.0014920250038491362, 0.99999727173282549,140.30274648141057
62.306856478786038, 0.13380645852153894, 0.002312357680367215, -0.00032697646220455488, 0.99999727304045749,-8.048488067600486
62.37702626613472, 0.27360898500081088, -0.0024983098257291788, -0.0040697059333058682, 0.99998859790581174,-121.54491881109722
62.178978648286055, 0.15390876415638552, -0.0022710858863426962, 0.0014345385529990714, 0.9999963921275099,147.72131661642371
62.346597077594375, 0.20965085735885911, -0.00069327772931734465, 0.0035928126182659861, 0.99999330550933196,100.92169659328661
62.467067664366553, 0.33248331985566626, -0.0052130723399507186, -0.0025490154169110473, 0.99998316305684998,-153.94293639380118
62.316749222892071, 0.041989886611199984, -0.00044848037419312594, -0.00057961335164962997, 0.99999973145682242,-127.73119329646036
62.330396232767903, 0.22517966710869283, 0.0023235294878138626, -0.0031697044472897623, 0.99999227706239613,-53.756983227740662
62.506274398311007, 0.68776745031871422, -0.0019921229741897066, -0.011837056044914624, 0.99992795517989463,-99.553099753212805
62.376432731987421, 0.49682578852627102, -0.0043139464367611888, 0.0075218671664152434, 0.99996240498354327,119.83516300765041
62.383606912209196, 0.4067952455741648, -0.0058620307166888218, -0.0040055663757859504, 0.99997479569931436,-145.65493278415357
62.486294668851009, 0.15764775463001571, -0.00012043663695931276, 0.0027488317793843337, 0.99999621470226852,92.508738663678869
62.323369589012536, 0.20595796196964203, -0.0034784526743477477, 0.0009065212791324244, 0.99999353927221102,165.39302464178226
62.338800676787862, 0.28393189705651589, -0.0016242443256390931, 0.0046817806459907088, 0.99998772130479352,109.13313069806757
62.343162429961879, 0.24444580533815857, -0.0042193770459607368, -0.0006314907649020864, 0.99999089899696481,-171.48803759129336
62.398483042415329, 0.079971207958508816, -0.0012978132838053203, 0.00051364176746140531, 0.99999902592593315,158.40758999774971
62.527001641266878, 0.42262349853687098, 0.0064073642720599445, 0.0036541213752183466, 0.99997279617000578,29.696122442740947
62.497017647464986, 0.43524552448947135, -0.0058506221438638754, 0.0048451448229977368, 0.99997114697983858,140.37042330601915
62.491443064237004, 0.2797816732837482, 0.0041692814373975899, -0.002541983394046468, 0.99998807763528874,-31.370386581175925
62.510744133793104, 0.34377696736687513, 1.331864244721407e-05, 0.0059999891902314867, 0.99998199981416214,89.87281631291232
62.454687854325648, 0.22217268903889151, -0.0022282711957709858, 0.0031734621997423552, 0.99999248194431178,125.07491067402877
62.300351964224859, 0.23813176842388464, 0.0012485507062366214, -0.0039642000745812502, 0.9999913630821532,-72.517838440668882
62.339188186131864, 0.31369055984473632, -0.0023621802104044857, -0.0049390988677238288, 0.99998501259120309,-115.559988689859
62.434566039771617, 0.48811819793561356, -0.0042463279906327462, 0.0073854518385643407, 0.99996371124143113,119.89711297821475
62.486466649310501, 0.22123716836144289, 0.00036407671349503694, 0.0038441049858590733, 0.99999254512471469,84.589632504667122
62.497484466474077, 0.32486852313637066, -0.00083690370753477779, -0.00560789045010332, 0.99998392544924652,-98.487995742858473
62.309357548542316, 0.12886947183631844, 0.0012873583978416697, 0.001844338667426127, 0.9999974705584187,55.084750118246063
62.378330352460495, 0.042205253947585251, 0.00022364821402124952, -0.00070184852352144552, 0.99999972869502629,-72.325210377878847
62.343836983650178, 0.29185998927305035, -0.0045590107514874136, 0.0022722664367076234, 0.99998702602894218,153.50777585481987
62.319909014976602, 0.13992272219035412, -0.0017908166407079003, 0.0016603842638030111, 0.9999970180454818,137.16436825029859
62.515472631908089, 0.09067570921461611, -3.8256272906599569e-05, 0.0015821265605726524, 0.99999874770521779,91.385158422930516
62.435228777151963, 0.26123884540168052, -0.0025245514544654131, -0.0037967532713751619, 0.99998960559825312,-123.62087715909173
62.413183845048394, 0.086385069395192651, -0.0010681425679159467, 0.0010640680140402571, 0.99999886341471211,135.10948939953673
62.293825635795443, 0.49203364975292568, 0.0030261504823920911, 0.0080366409741137283, 0.99996312672773646,69.366426461526572
62.255833355898972, 2.4461582533094064, 0.027056003132103063, -0.033009116579962437, 0.99908877028876986,-50.660156482559252
62.298521589709232, 0.24622020385141144, 0.0013651775826041092, 0.0040747296077562421, 0.99999076639176609,71.477340598148146
62.269439599669965, 0.48604093027272371, 0.0039821651335849827, -0.0074901382012244359, 0.99996401944798763,-62.002456981117334
62.289961086667773, 0.15493118192879193, -0.0011160701236762286, 0.0024629872155430476, 0.99999634403404458,114.37702911769526
62.459456761450056, 0.37804927989489945, 0.0058570675148790826, 0.0030381627968407939, 0.99997823192654844,27.416554976323962
62.433448587502845, 0.21476193357541187, 0.0018338286655184422, -0.0032690642198879164, 0.99999297512110152,-60.709126140120922
62.321958355532729, 0.32020935072506812, 0.0050630974003169392, 0.0023660876304126667, 0.99998438321507821,25.047633611904633
62.373754844408303, 0.63705916312493405, 0.0094746845798920343, -0.0058182922479914174, 0.99993818700329096,-31.553595881690221
62.436092729751493, 0.098928381988195965, -0.00059992754043971446, 0.0016190495022738686, 0.99999850938171675,110.33183668333062
62.380272906340053, 0.20799550676180206, 0.00053010392308327429, 0.0035912853701235317, 0.99999341080790172,81.603293910522055
62.378357823697236, 0.031018217648202107, -0.00047829503349868858, 0.00025360468764448486, 0.99999985345925102,152.06628099387572
62.271976866987089, 0.18867453641224621, 0.0015731601239541879, -0.0028929091790053886, 0.99999457810715486,-61.462711812690266
62.594939567967288, 0.1402075177513695, -0.0020951155543157737, -0.0012643943978422408, 0.99999700589432816,-148.88917589739853
62.458604276591444, 0.37878600354820313, 0.0060553721824285157, -0.0026529198927338752, 0.99997814700311083,-23.658712836166799
62.273799243819944, 0.35008958547365687, 0.0060660888952713075, -0.00073269350006564544, 0.99998133268864042,-6.8871168667558003
62.439243668048398, 0.13743186807926289, -0.0023261485629179446, -0.0005852255457502734, 0.9999971232678242,-165.87828282744155
62.433163251972765, 0.11872351925837095, 0.0015900763831409169, -0.0013286523079366216, 0.99999785316776579,-39.881801285809935
62.32346641856882, 0.3166725280460328, -0.00086369575798289264, -0.005459048207450367, 0.99998472629451018,-98.990451764644092
62.437014634738965, 0.15878807907325704, 0.0025196188416280671, -0.0011541314792525845, 0.999996159743337,-24.61052496680735
62.161056159419161, 0.33533104388057428, -0.0045619356025816881, -0.0036662841874785853, 0.99998287340524716,-141.2122546633959
62.451001959410611, 0.19763533559247384, 0.0027894316155332214, 0.0020291123641322656, 0.99999405086944193,36.033214603170698
62.317845933913702, 0.3598113625658188, 0.0027885689677144784, -0.0056267593082387785, 0.99998028153699103,-63.637417535949339
62.456161314779685, 0.095720295998985641, 0.0013278816193698049, -0.0010137785065275388, 0.99999860449079869,-37.360122645328168
62.486357507228412, 0.42268475273249889, -0.0068854410492842815, -0.0026482812560760277, 0.99997278828373393,-158.96223744573103
62.467441542190677, 0.1085281151610954, -0.0017472299537767562, 0.00073148774870280034, 0.99999820605497203,157.28309977225877
62.395642095236738, 0.48733605844970873, -0.0076490017986915208, 0.0037197550681541767, 0.99996382744263146,154.06606960067495
62.392598836157255, 0.35041333816062536, 0.005936897440274343, -0.0014685385277670038, 0.99998129814680847,-13.89367913386471
62.263808383977178, 0.34777122154359519, 0.0043437637447549153, 0.0042394768388363206, 0.99998157910666663,44.30388697510832
62.519809669286303, 0.18249698410077136, -0.0031806393325360142, -0.00016978734947559117, 0.9999949273399803,-176.94436465810043
62.399124916484965, 0.36115166810990101, -0.0062050013300733028, 0.0011085319179532241, 0.99998013436041855,169.87089027277207
62.416849566299668, 0.18421591372078705, 0.0029329267281841954, 0.0013172890760458787, 0.99999483133179112,24.186663928462721
62.366765126328033, 0.14191262883578454, 0.0019549455744966447, -0.0015208302457991097, 0.99999693262687761,-37.880772387721564
62.282044655918682, 0.089421642711545846, -0.00011855453681138026, -0.0015561920997261196, 0.99999878210474369,-94.356518158297689
62.391792883552689, 0.4091415140512572, -0.0070174092302832027, 0.0013217699220704419, 0.999974504120964,169.3329821260773
62.378131976374966, 0.23363010942227053, -0.0039141139585924115, 0.0011430489622085733, 0.99999168654093773,163.72047336337991
62.467448539396564, 0.44072816301965922, 0.0040759841732925595, -0.0065233790182390372, 0.99997041550198051,-58.001739946301072
62.410554569671156, 0.2806913977598286, 0.0036849046676379069, -0.0032282161523474249, 0.99998799997703169,-41.220468206620566
62.337802794299471, 0.16517950391261046, 0.0021905904308725599, -0.0018741808914258941, 0.99999584437114064,-40.548963093369025
62.405572879117884, 0.19582258500850663, 0.00020850145912456146, -0.0034113763962890912, 0.9999941595020565,-86.5024640874732
62.494672938737679, 0.14551694856238831, -0.00094888800459054024, -0.0023558283230085213, 0.99999677483703275,-111.93874639155537
62.3602466288635, 0.39664413785997399, 0.0063837405303152957, 0.0026779667137829233, 0.99997603788846945,22.757954282551164
62.582102656615021, 0.43468652404347774, -0.0036475446873081852, -0.0066522551164767902, 0.99997122104569569,-118.73670829338404
62.225850908702505, 0.13316542577540263, -0.0010137953365680717, -0.0020914108449129154, 0.99999729910619917,-115.86143136994653
62.298462163244409, 0.22197420244666854, -0.0038429028218881552, 0.00049122174815090475, 0.99999249537138812,172.71562950558624
62.500943056532698, 0.08405723426230044, -0.0014647553221849112, -8.2467077942847999e-05, 0.99999892384493461,-176.77759658901388
62.52901776166469, 0.068682477731307159, 9.9290998269322396e-05, -0.0011946158831826214, 0.99999928151683659,-85.24875806385046
62.376956091361642, 1.2269820729787579, -0.0052446955175322824, -0.020761021843266687, 0.99977071028358888,-104.17756058926751
62.534358630071246, 0.03992231685492071, 0.00056875676514819449, 0.00040250749367590368, 0.99999975725170043,35.286930609023898
62.35164863423153, 0.36544821539987604, 0.0063356464661120512, -0.00073581186555470501, 0.99997965887549689,-6.6245624204384432
62.444149446425548, 0.13505010708584284, -0.001429507180838407, -0.0018741060040022063, 0.99999722211409459,-127.33521156902559
62.465862204732801, 0.20136629213583257, -0.0031340953896566337, -0.0015903267666514832, 0.99999382413436122,-153.09550134990997
62.378633013358844, 0.19371618275290689, 0.0022717190484570389, 0.0025040586963072471, 0.99999428447497163,47.785220453278988
62.346701076468527, 0.22488102595313422, 0.0013706895883188524, -0.0036777824068272734, 0.99999229753364638,-69.559847869669142
62.364402629695206, 0.23531392095449891, 0.003985818801583817, -0.0009902650112916403, 0.99999156627628016,-13.952470599429509
62.380335532236082, 0.16180336777024396, -0.0023834595985068518, -0.0015146232739057742, 0.99999601251039028,-147.56515973060166
62.373204840191079, 0.10142837508609974, 0.00094365000668604417, -0.0014977779118102242, 0.99999843309176828,-57.787705185158309
62.382888944292802, 0.14706570166416821, 0.00060179411078336339, 0.0024952339763368641, 0.99999670582019995,76.440496330136256
62.338446779310445, 0.90791235158750627, -0.015544008291637183, 0.0030757768421028763, 0.99987445382060203,168.80716392986901
62.367818446204602, 0.16297552527346643, 0.0028093588954713486, 0.00044545562581119186, 0.9999959545277578,9.0098856036350856
62.346556877849245, 0.4602531531605506, -0.0036813768799725897, -0.0071396139634568286, 0.99996773616788281,-117.27684852374703
62.379673139929039, 0.10032757703940302, 0.00086406544599434921, 0.0015230074823404654, 0.99999846691838168,60.43195635889321
62.367932175296069, 0.22072840488515999, -0.0018763046265803038, -0.0033646220569868387, 0.99999257937214814,-119.1465233622704
62.229095957569193, 0.094641116002170039, 3.6229054787114917e-05, -0.0016514009754206669, 0.99999863578020654,-88.743225270920419
62.405296612858699, 0.23675116718128933, -0.00020006074948714978, 0.004127229651727066, 0.99999146293910857,92.775147592218289
62.388108270334762, 0.26657750790388529, -0.0036737786394672599, 0.0028548896560260137, 0.99998917641920493,142.14925696444266
62.399175327349795, 0.443297511809773, 0.0043692599193500088, 0.0063851045458241107, 0.99997006955593226,55.616573838357994
62.425533628572673, 0.1684165423018299, 0.0022014689973626654, -0.0019477469006187831, 0.99999567989880089,-41.500754167153815
62.431437738168761, 0.23954684757099992, -0.0038605226795152348, -0.001605001690496572, 0.99999126012891448,-157.42503565053218
62.509848326366537, 0.50707907573735989, 0.0074980380912759688, 0.0047014263723504533, 0.99996083724056273,32.088570415400454
62.427700726829045, 0.12427523990917456, 3.1194274555593301e-05, -0.0021687860878811327, 0.99999764769414434,-89.175955134220885
62.412277735744773, 0.17434599884184068, -0.0030301998570730509, -0.00027779843115651181, 0.99999537034771213,-174.7619593329872
62.295535377940098, 0.37176923503251469, -0.0021584657186269306, -0.0061190136973406847, 0.99997894912698704,-109.43015769953666
62.454679861409289, 0.076439328204783108, 0.0013232063970517356, 0.00017027769433811295, 0.99999911006477282,7.3328453605520538
62.387895878566958, 0.12375480267275142, 0.00024103015026338175, 0.0021464364679598829, 0.99999766735475715,83.592916046246103
62.37669667401908, 0.47548760498530596, -0.0081677531535241672, -0.0014685746417595856, 0.99996556495558608,-169.80704040855048
62.338808358032516, 0.53258152113078872, 0.0082197881301808232, 0.0043399558525513363, 0.99995679899998324,27.833550932100952
62.401491656424078, 0.39318444782298179, -0.0068619348531749119, -7.168890806164928e-05, 0.99997645407818037,-179.40143377510049
62.400548576736568, 0.091682799235102419, 0.0015986580290897085, 6.9453823671831818e-05, 0.99999871973351662,2.487655300423071
62.349568672174605, 0.11015461313291731, -0.0011788353499774442, 0.0015187436428703259, 0.99999815188077468,127.81829740057928
62.249700921790293, 0.2894390229978564, 0.004784633177386627, -0.0016206100065250047, 0.99998724037287834,-18.711828611204556
62.370781333904041, 0.20605070125554353, -2.9208708816488437e-05, 0.0035961367929452917, 0.99999353345260067,90.465360200814999
62.256907436823951, 0.48024178953892477, 0.0014131227203778966, -0.0082617200060376064, 0.99996487291640357,-80.293793832057659
62.431056114217107, 0.26065933496095178, 0.0020588421879249594, 0.0040568134561838713, 0.99998965166316933,63.092101365617708
62.383096837535476, 0.89893266653022841, -0.012358216988361185, -0.0096648591325631875, 0.99987692491166935,-141.97248249130138
62.602419994032815, 0.14245184882721684, 0.0024476903320648264, -0.0004361848210428362, 0.99999690927264395,-10.104191971531426
62.47306170792541, 0.01599346776239759, 2.2306144652935788e-05, -0.00027824599131058201, 0.99999996104080124,-85.416571673985203
62.308261540645425, 0.1443650990356041, -0.0020926107089433185, -0.0014034188536792248, 0.99999682569293291,-146.15203962406551
62.446198399893248, 0.26368742813979767, 0.0015809590910991233, 0.004322128044805815, 0.99998940983268259,69.908361296364205
62.37511922314026, 0.49416303176529797, -0.0027421483432691269, 0.0081771308624481731, 0.99996280688499717,108.53854705345286
62.482641260275805, 0.33567833698285993, 0.0058554694746297984, 0.00019328451230237538, 0.99998283791189568,1.8906028330106071
62.35324544947489, 0.028356322399391377, 0.00042719985492908468, -0.00024987466794096705, 0.99999987753145958,-30.323912120070588
62.334965943692168, 0.47892677350280471, 0.0034734150592866304, 0.0076029019714288198, 0.99996506502449323,65.446526619165695
62.267229089436945, 0.31180908912413902, 0.00032772660582872402, 0.0054321914112394247, 0.99998519183623091,86.547503974027762
62.283527129454036, 0.27518921224451209, 0.0044413280393607955, 0.0018283412375563559, 0.99998846582026424,22.375271623255568
62.277561921818162, 0.15969642602517642, 0.0026808651430519472, 0.00076261676625700265, 0.9999961156813324,15.879285709326604
62.545444116835121, 0.27986369878567124, 0.00070822343130246207, 0.0048329070082276365, 0.99998807064355577,81.66310596097334
62.402357338453058, 0.19882728338080899, 0.0012211518817635764, 0.0032482246689692954, 0.99999397889416386,69.396530377904142
62.232180004440835, 0.34054932257984494, 0.0059430012978400346, -8.9284955469991125e-05, 0.99998233622588095,-0.86072104629824475
62.436085726874552, 0.21378848973420955, 0.0037281307203550253, 0.00015386288033633096, 0.99999303865954281,2.3633006043551537
62.475056642893833, 0.19432228333433565, 3.0036220790294161e-05, 0.0033914241465676505, 0.99999424865350262,89.492571965155832
62.367779221404561, 0.066514900316970743, 0.00087031961454898151, -0.00076827162417847925, 0.99999932615101295,-41.436342755092532
62.432468452603388, 0.19639689662079421, 0.00071071247661099693, -0.0033532769015821758, 0.99999412519364184,-78.033493354631659
62.303627730413304, 0.32894842607078717, -0.0022978006975669413, 0.0052613218256800836, 0.99998351916649153,113.59255327049212
62.337835346667227, 0.047655362423489035, 0.00079987609157002656, -0.00022802294684653342, 0.99999965410182712,-15.911411612869596
62.336118366492272, 0.22872323303855224, 8.9793127202827616e-05, 0.0039909528821617012, 0.99999203208439957,88.711109973471153
62.322038753595905, 0.16696160744021052, -0.0027215006753803111, -0.0010416235230196048, 0.99999575421824183,-159.0562194514074
62.263762917798161, 0.14912984763096312, -0.0011685128909575751, 0.0023257613474867282, 0.99999661270015205,116.6759446133686
62.377604430326855, 0.53174282209734036, 0.0035596544848591955, 0.0085707113604704885, 0.99995693495606286,67.445530866963921
62.345068741131747, 0.30034501803601116, -0.003215635338807055, 0.0041398189357409023, 0.9999862606998895,127.83854146113907
62.524308444825557, 0.39579027437376907, 0.0054686948777236122, 0.0042202983605819314, 0.99997614094441367,37.658068509621309
62.41978043544173, 0.082434822076467643, -0.00059292740239165497, 0.0013109017164693001, 0.9999989649863571,114.33747742376079
62.29931690130541, 0.12637127381384961, -1.3336878657960766e-05, -0.0022055526963652978, 0.99999756767675752,-90.346460797148879
62.299013469707667, 0.69838586691026039, -0.0097863573170067653, 0.0072660038198895894, 0.99992571344023018,143.40749676615221
62.310092822551383, 0.074861945100883412, -0.00056598560333778725, 0.0011776374774964884, 0.99999914641476984,115.66945441953219
62.298655092629495, 0.15389643098675482, 0.0009996547919190581, -0.0024930434960247897, 0.99999639270570573,-68.150316440315677
62.396257792316497, 0.24964085160800797, -0.00080079232107818567, -0.0042828189465876944, 0.99999050805171608,-100.59075215187742
62.375031936482891, 0.57698022722477016, 0.0029070068502882514, -0.0096413124452093771, 0.9999492959173012,-73.221117569045148
62.273211209313558, 0.47267467819295095, -0.0065661455159003934, -0.004994219128447993, 0.99996597117520003,-142.74333240797276
62.463987849747269, 0.21065299499801174, 0.001650081564000822, 0.0032854941427780992, 0.99999324135669532,63.332715163985661
62.349452489098454, 0.46243478876689598, 0.0069537099837804423, -0.0040970354672787814, 0.99996742957850449,-30.506038784341545
62.31416453947665, 0.076761385388642425, 0.00085302304700140262, 0.0010330783917726809, 0.99999910254995605,50.45317556994268
62.411641039742953, 0.47209784806400851, 0.0078361837590493113, -0.0025465103393229986, 0.99996605417843365,-18.002512380654625
62.252617034882086, 0.20774138309137111, -0.0024799445082469541, 0.0026450016820733337, 0.99999342689906601,133.15533445912774
62.56006422187513, 0.13546847833644282, -0.0010109747257903419, 0.0021373277278330825, 0.99999720487623722,115.31455911227509
62.407768825764919, 1.0018230803549433, 0.013877625871149791, 0.010635293177615046, 0.99984713933641212,37.465204853871079
62.427617273885659, 0.056323616634766822, -0.00030750485534094619, 0.00093369880617462885, 0.99999951682353483,108.22880884665842
62.470275250863693, 0.33210291998496128, 0.0037051368304367714, -0.0044574158133250984, 0.99998320156157372,-50.265631389955132
62.3464343478351, 0.38518801879552445, 0.0062424366125903297, -0.0024954624603862339, 0.99997740207079022,-21.789443414673258
62.464461692437446, 0.19934617577724614, -0.0028944838668842651, -0.0019305633404758475, 0.99999394742584946,-146.29749876859526
62.316779403422665, 0.19516340894007847, -0.0028370173540362264, 0.0018851488783346564, 0.99999419875629247,146.39665073696307
62.361855496716466, 0.22590159789901298, -0.0039266724302214071, -0.00035532613370434723, 0.99999222746327598,-174.82936494252621
62.379693586877501, 0.32659076009599169, -0.0048232412593139026, -0.0030375895504117282, 0.99998375456478172,-147.79802303054561
62.287152059984315, 0.33928288584165534, -0.00095619591078677268, 0.0058438572008132862, 0.99998246735750163,99.292624609283081
62.378413788362522, 0.26367798624088978, 0.0045369170303519411, 0.00077142049071483106, 0.99998941059107538,9.6498200828477199
62.574372476765518, 0.15107324220707508, -0.0023253241802093146, 0.0012430497357309288, 0.99999652384136395,151.87235407810897
62.36438810183553, 0.25246203311969312, 0.0040924787088132747, 0.0016330697049597716, 0.99999029230355863,21.754061150642311
62.207748341720041, 0.21723385010791435, -0.0034913624190688821, -0.0014783036992499234, 0.99999281247748562,-157.05135395843834
62.487064951138102, 0.4720066465443401, 0.0080086652263037048, 0.0019301669842812796, 0.99996606729263837,13.550428147820359
62.300527359794955, 0.044181111739998884, 3.4407529587588807e-05, -0.00077033775864272737, 0.99999970269788552,-87.442554537339532
62.405158891957953, 0.19934742419796558, 0.0006643063426630515, 0.0034152540708720746, 0.99999394735003999,78.9927547311175
62.332099025429272, 0.33317781078060632, -0.0040836918468571187, 0.0041397927298831658, 0.99998309264559737,134.60913236591909
62.479822631321262, 0.091522564003453821, -0.0010195657891120063, 0.0012296644296676134, 0.99999872420468205,129.66353575669231
62.258876570212358, 0.33473930891408377, 0.0056047642048779114, -0.0016488587275498218, 0.99998293379592451,-16.393291236087947
62.340251914292672, 0.18427253944080266, 0.00090212899972886499, 0.0030870421200088322, 0.99999482815373464,73.710007818180031
62.521478416629868, 0.44923762715285981, -0.0072032098743472451, -0.0030965631677521846, 0.99996926205961667,-156.73778043927842
62.339265587185842, 0.076838667139379702, 0.0011209328854974792, -0.00073622326736428559, 0.99999910074197895,-33.296714354046358
62.409744581905997, 0.14134225272116593, 0.0015270163116446697, 0.00193745804492042, 0.99999695723412474,51.756428699563386
62.374409940347554, 0.15673164812557316, -0.0025997555893221939, 0.0008509530576946468, 0.99999625856788565,161.87567223116667
62.349932743802555, 0.33466503624614824, -0.0056040594650728038, -0.001646660149269932, 0.9999829413684338,-163.62544745716116
62.370796615587132, 0.14630300047895731, 0.0022970159079752648, 0.001115306239527951, 0.999996739899641,25.898692897883198
62.460575087089737, 0.38998423548132383, -0.0054718461559460458, 0.0040480548607182247, 0.99997683580745522,143.50607859557181
62.13964379825542, 0.54861602086834893, 0.0090450862284889976, 0.003141213710306047, 0.99995415854505321,19.151296083858398
62.430903067396031, 0.31914304808976596, -0.0049901203859657843, -0.0024747440199574754, 0.99998448704995868,-153.6218662475772
62.462341083039497, 0.166830839172149, -0.001599171727452623, -0.0024332897412982584, 0.99999576086642539,-123.31314280983977
62.594116127595569, 0.40959441812660335, -0.0047446730276046595, 0.0053471615724183519, 0.99997444764402843,131.58346296837203
62.225172942395304, 0.52485618078905705, -0.0063009245648414682, -0.0066490739775172262, 0.99995804320224835,-133.46002389276492
62.424962459276408, 0.20790010130041295, 0.002992450255342768, -0.0020521928582210346, 0.99999341685130205,-34.441945067316503
62.222675666056631, 0.18543087925755725, 0.0028531791576798145, 0.0015275744180636246, 0.99999476292883216,28.164320226436239
62.364429997936128, 0.39695736800566728, -0.00090618312793204166, 0.0068686389021516761, 0.99997600002788589,97.515657766843248
62.413232934445375, 0.23973206108662132, -0.0026828747083025573, -0.0032107459152855441, 0.99999124660867256,-129.88187227529016
62.335947539201662, 0.24204920157646537, 0.00023346157142072331, 0.004218087109177265, 0.9999910765786032,86.83204056691801
62.338606561264747, 0.15492413270883429, 0.0027008975872231909, -0.00012808362314239418, 0.99999634436672269,-2.7150815228208289
62.649370507384859, 0.36723115685153579, -0.0063424217670940558, 0.00092381800341196306, 0.99997945991226489,171.7127491381797
62.380600149564899, 0.14556626232666944, -0.0010782626741228983, -0.0023004429404733921, 0.99999677265073372,-115.11340642739441
62.407136220609736, 0.32899000949826479, -0.0043372764136248238, 0.0037626802492088745, 0.99998351499944937,139.05766093894667
62.182079654095851, 0.326606976236198, 0.0028718636112370784, 0.0049240463507143374, 0.9999837529514839,59.747875756262943
62.506900312976107, 0.35529292566753129, 0.0061536359579107223, -0.00076489318174247621, 0.99998077366663307,-7.0854883904577841
62.294305739773229, 0.11705797532385037, 0.0018215499506626044, -0.00092519801223833493, 0.99999791298002971,-26.926835007900738
62.553424222694865, 0.11603344466678502, 0.0019571736585624194, 0.00052034755784566365, 0.999997949352742,14.8886239140108
62.55187193310681, 0.54886751438869086, -0.00013106635832905097, -0.0095785020946148203, 0.99995411650696908,-90.783951442839864
62.372396027652727, 0.43117516340567363, 0.0075249151618372095, 8.1382189279265412e-05, 0.99997168411347837,0.6196314628006433
62.347063390782246, 0.29480522045768209, 0.0011516067412995206, 0.0050147686073691473, 0.9999867628612531,77.066661371169076
62.491084776781705, 0.026785733093501254, -0.00011142880390034364, 0.00045402548470457188, 0.99999989072223461,103.7892225589665
62.4091485421757, 0.39208551489317972, 0.0017215180684561041, 0.0066230507055389225, 0.9999765855133268,75.429633815895457
62.450435094101245, 0.064181222991264053, 0.00041012127231116944, -0.0010423958191492343, 0.99999937260555227,-68.523288647714267
62.452427160339397, 0.13110300070117442, 0.0021263057512373906, -0.00084532712537399449, 0.99999738211952494,-21.680626842899279
62.369800753016655, 0.2747435229289853, -0.004254348850363499, 0.0022122572117357952, 0.99998850315085541,152.52561279696189
62.402645853869132, 0.084558406490578317, -0.0005085046983291687, 0.0013854507381019724, 0.99999891097401916,110.15475054598926
62.486689647187255, 0.21500777502477322, -0.0035605545972175871, 0.0011850500088394762, 0.99999295902893059,161.59114593885766
62.315032635019648, 0.18854855563439796, 0.000191430922216604, -0.0032852144997763443, 0.99999458534528696,-86.665120287961074
62.566695438106997, 0.49767421216556273, -0.0065894284402577916, -0.0056590690601797328, 0.99996227647356939,-139.34367596486621
62.319720586495606, 0.7411432826797526, -0.012807872868517103, -0.0018092506758340665, 0.99991633900270671,-171.95955069213051
62.334865040638292, 0.017240593203079954, 0.00029559519938078082, -5.62793427277156e-05, 0.99999995472805581,-10.77971428611905
62.395381360493857, 0.077187830784964412, 0.00025864894673216022, 0.0013221189049370469, 0.99999909255074992,78.930903131038434
62.339754319133306, 0.62954003379061163, -0.0063478588051840128, -0.0089680547206092177, 0.99993963751974424,-125.29200788074962
62.449698998333325, 0.45213356343978534, 0.0077767195274447767, -0.0013389113165118169, 0.99996886449022904,-9.768795004765737
62.466703666600026, 0.14207128714549697, 0.0019832506883384099, 0.0014883475580920536, 0.99999692576440113,36.886710911267329
62.313151005516175, 0.17708158909573204, -0.0022819778654797028, 0.0020843958126962039, 0.9999952239241533,137.59091438401796
62.661590668532774, 0.17187350381887823, -0.0025463348857952556, -0.0015857814943828032, 0.99999550072772903,-148.08657975434619
62.365778907468489, 0.44415176174710447, -0.001062916679696818, -0.0076786146361530134, 0.99996995409132228,-97.881117758452504
62.301918851105327, 0.093776720212457351, 0.0015711878827013516, -0.00045846935479937909, 0.99999866058634701,-16.26713509351233
62.472736602504476, 0.050576417681044455, 0.00049358499194212201, 0.00073183133367698498, 0.99999961039830143,56.002231841036973
62.409013867064203, 0.44572811818236596, 0.0072664036530116173, 0.0027780537974568809, 0.99996974043970444,20.922596074991425
62.391529156377743, 0.063305376624031018, -0.0002466976086450625, -0.001076993798609874, 0.99999938961213741,-102.90167316240718
62.550013404490869, 0.22720428733352266, -0.0038569200421462728, -0.0009214018046684603, 0.99999213756234251,-166.56410476945592
62.450714026837545, 0.22265459299311546, -0.0022229933900548091, -0.0031874211525152732, 0.99999244929488562,-124.89295738460913
62.320666757396076, 0.3594640190595666, 0.0046426499333212124, -0.0042197436545780781, 0.99998031958888389,-42.267964051386897
62.451279913550579, 0.69979414184115585, -0.0045847575277487458, -0.0113202181201338, 0.99992541354849274,-112.04824830818305
62.367660983602725, 0.07999783754017456, -0.0011065387343814452, 0.00085147921578822836, 0.99999902527711215,142.42179405042856
62.436454844494058, 0.21262426468530896, -0.0033458630765189228, -0.0016051821474476133, 0.99999311427156656,-154.37057664300491
62.399604398989922, 0.46002087076149795, -0.0077691697412782153, -0.0020252188863392395, 0.99996776872556936,-165.38962913326867
62.255663181220292, 0.34995206237901894, -0.0059901153003576171, -0.0011930916028094712, 0.99998134735159727,-168.73543013836994
62.560325252828477, 0.43180431117138945, 0.0069582690357761229, -0.0028946237230262194, 0.99997160141952424,-22.587196845374326
62.445491333501039, 0.17753099378433873, -0.0027317062379724069, -0.0014623456576424885, 0.99999519965158179,-151.83882464889987
62.374692795872967, 0.20652167907321234, -0.0033697037377808806, -0.00127958592680848, 0.99999350385718799,-159.2066043432944
62.291055005100056, 0.19882629261195206, -0.0030271122541664316, -0.0016966575394355766, 0.99999397895417075,-150.72992959467135
62.370802486709401, 0.42865431956721911, 0.0022847068893071519, -0.0071239633260754814, 0.99997201423887794,-72.21857607068813
62.479185087320474, 0.27856521500277348, 0.0038844421216230112, 0.0029238334548382199, 0.9999881810838227,36.968907100593356
62.46257944004514, 0.1707006657175035, 0.00065915638030651918, 0.0029054513378953327, 0.99999556192284644,77.217740192373014
62.443009297040767, 0.36832215992312833, -0.0049062764052429479, -0.0041536311116475988, 0.99997933768674629,-139.74890107406284
62.45667485722101, 0.34053899294505097, 0.005628891432441387, -0.0019080551402252464, 0.99998233729742636,-18.72538932564175
62.251564542519894, 0.18096441300778765, 0.0010559626929173142, 0.0029766687864737794, 0.9999950121804243,70.468040007033849
62.409710135401454, 0.31111493183982497, -0.00022286054933791193, -0.0054253778898040268, 0.99998525769529645,-92.35224061653274
62.35793053439825, 0.19232064792418199, -0.0029561516762935287, 0.0015899937146275338, 0.9999943665277593,151.72600015599173
62.429529374655829, 0.22729141645855483, 0.00059775832822352029, 0.0039216783581010892, 0.99999213153096189,81.333448021641161
62.521180202268503, 0.053565041812275685, 2.940188689258652e-05, -0.00093442375292799337, 0.99999956299379411,-88.197767983831127
62.33725958003992, 0.34370284849756716, 0.0027842178617717012, -0.0053134411721764765, 0.9999820075750403,-62.345675673745816
62.34853898496911, 0.1609368517040885, -0.0024759046979945117, -0.0013265257310161118, 0.99999605510492451,-151.8187449177677
62.369339983261092, 0.10633237383831572, -0.0012350733925164284, -0.0013851964034699354, 0.99999827791083673,-131.72093991716039
62.300215985226401, 0.27245913823775003, 0.0044735695721786995, 0.0016124419043375942, 0.99998869353927589,19.821060493763955
62.451045570798932, 0.47490090279546288, 0.0057266982061400058, 0.0059919934366028868, 0.99996564988119052,46.2968769495929
62.328067147633014, 0.19283802535807396, -0.0022596892153542649, 0.0024942772068988284, 0.99999433617689315,132.17498883731699
62.179364423521221, 0.19452016931834687, -0.0026112945771574079, 0.002169617386420364, 0.99999423693390732,140.27820043801029
62.331891645224133, 0.14800818631609963, -0.0007505801755601718, 0.0024717792526735886, 0.99999666346279692,106.89143094370716
62.306580011714651, 0.33184849412520795, 0.0013192793486331512, -0.0056395602567970889, 0.99998322729039313,-76.833396732822322
62.454742969631788, 0.64296094171486162, -0.0022497109726465178, -0.010993724668141386, 0.99993703642702458,-101.56510589549163
62.471639319594765, 0.012639873998000215, -0.00021180120567340961, -6.1708035236696752e-05, 0.99999997566618359,-163.75657926426368
62.362345197416502, 0.094218326015477236, 0.0015098132308840979, 0.00065159705535695791, 0.99999864794172877,23.343801438634749
62.36747412070055, 0.18063896868926577, -0.0002722850813054753, -0.0031409596351651041, 0.99999503010435253,-94.954499143040437
62.260529100932054, 0.44710054635167107, -0.0056263238429470714, -0.005407026053683134, 0.99996955381114938,-136.13865541337043
62.274759304050079, 0.15263476929150954, -0.0026299160063015374, -0.00042462995750140243, 0.99999645160930395,-170.82809893622073
62.392393243528986, 0.12640998557577726, 0.0017329890501733938, -0.0013654194878099841, 0.99999756618632529,-38.234522319627338
62.401743392705718, 0.23911854998539675, 0.00038515597914120283, -0.0041555831588981499, 0.99999129135382037,-84.704727334143911
62.444075164563181, 0.3190680690737886, 0.0029040448048378372, -0.004751589925118877, 0.99998449433826475,-58.567840945168577
62.290694645416004, 0.22334824754181562, -0.0037600884846820449, -0.0010282640326707618, 0.99999240217496976,-164.70538417793887
62.37336823188685, 0.22184069759548264, 0.0036433656998454702, 0.0013103581345221857, 0.99999250439587628,19.781423230817314
62.446554460988281, 0.26244075982204673, -0.0040623932636831648, 0.0021159833316803885, 0.9999895097327326,152.48629433635639
62.115637447360811, 3.0069524699728181, -0.048041359613782253, -0.021066052656930269, 0.99862317677486068,-156.3226326083979
62.596707430946196, 0.32354955093031851, -0.0052017411744307131, 0.0021977749609014344, 0.99998405570987747,157.09557474840202
62.353407396758769, 0.22029513971662687, 0.0031337657340741931, 0.0022276685564392787, 0.99999260847524585,35.407496720926922
62.350008768176799, 0.253744595789203, -0.0021746367918832844, 0.0038579814972616428, 0.99999019341871065,119.4087458551957
62.384687090451315, 0.29084337995066728, -0.0020359719371943843, -0.0046499618702801407, 0.9999871162534425,-113.64606399043917
62.314162974005917, 0.17878858248766843, 0.00038536386189429156, 0.003096557399921083, 0.99999513140162988,82.906062932069744
62.318679191674853, 0.64530836038732164, 0.011258908196710934, -0.00028510688859087604, 0.99993657583882789,-1.4505785839762868
62.411848589034555, 0.13173008781550183, 0.00046888365271419749, -0.0022508018245300447, 0.99999735701614079,-78.232525779640696
62.506953963458024, 0.19965852684364566, 0.0013384314027086596, 0.0032174022239773001, 0.99999392844372281,67.412809739181554
62.372720643152391, 0.2293390666526639, 0.0031789657259522013, 0.0024322568302746215, 0.99999198911972542,37.419945604156688
62.533597808754642, 0.16395761951317944, -0.0028569914201479695, -0.00016227728599719579, 0.999995905624672,-176.74908932497448
62.391364463647164, 0.30095550060974086, -0.002494354418263752, -0.0046225994268788524, 0.99998620479013356,-118.35129696923774
62.442458452346877, 0.098137872354034081, 0.0015942945546908302, 0.00062610315834686983, 0.99999853310877806,21.440673601523667
62.371758265884857, 0.53445703569977565, -0.0028917201389280014, -0.0088683520233183537, 0.99995649419713695,-108.05969068146472
62.53176951558963, 0.50978091471288278, -0.0077256723889330215, -0.0044130296629934325, 0.99996041879433017,-150.26428987984659
62.434319506170269, 0.32330957750459499, -0.0056416215045646369, -0.000114666344228347, 0.99998407935248079,-178.83561967033495
62.438606922853332, 0.74183704065489109, -0.0034765979210380593, -0.012471632880006366, 0.99991618230739809,-105.57636723628443
62.487797399638417, 0.12289060455249516, 0.0009969966929894887, 0.0018990401481920377, 0.99999769981940934,62.300512641585172
62.41746787267089, 0.48088517117497664, 0.0040356445560136333, -0.0073589988569057194, 0.99996477873415213,-61.259818404298343
62.207269034985266, 0.19115668725218832, -3.3850426644070451e-05, -0.0033361356614364369, 0.99999443451101111,-90.581337278639339
62.289476325005104, 0.30130364324662473, 0.0052221118711375421, -0.00061939133367236898, 0.99998617285539548,-6.7642136653230045
62.425185680532898, 0.1686459119991407, 0.001809201466198443, -0.0023217502469945923, 0.99999566812354002,-52.072840124146808
62.408492924526485, 0.66628041640528246, 0.0091116269688182039, 0.0072250152778605657, 0.99993238641830973,38.412467408538689
62.387673945654832, 0.19901234935510792, -0.0034136162965026696, -0.00064173745180960673, 0.9999939676802172,-169.35303562115365
62.514169385205363, 0.19113953524776453, 0.00045082095461217078, 0.0033054061873963128, 0.99999443550971978,82.233408816178738
62.438094015535263, 0.23962016162465699, -0.00018702150504247745, 0.0041779647830713527, 0.99999125477837447,92.56306474830653
62.453782888460516, 0.12889558279446578, 0.0016271830359960477, -0.0015534485348476991, 0.99999746953330693,-43.671987289278434
62.383497661565904, 0.36616356518497184, -0.0062152673015699799, 0.0014871810067713137, 0.99997957916400637,166.54335038130904
62.470808287650499, 0.050937568493974114, -0.00010224283532189846, -0.0008831293692582599, 0.99999960481438166,-96.60392324238741
62.371950646106349, 0.071390520717111924, 0.00039523631883482468, -0.0011816524679679422, 0.99999922374254746,-71.506064333529849
62.399689535782962, 0.92459884879722465, 0.0097852539373972491, -0.012831152111151892, 0.99986979669399023,-52.6702429766721
62.242905166233434, 0.93463077705661179, -0.0092593973289974082, -0.01342884370085635, 0.99986695600862907,-124.58686930380114
62.486966404269332, 0.26287188849036985, -0.003937987261174467, 0.0023540749344001339, 0.99998947523838178,149.12959500358056
62.455558792638435, 0.26303097741034154, 0.0012308577860788163, -0.0044226561173110555, 0.99998946249546961,-74.447723125187807
62.344239245377985, 0.075020125939916082, -0.0011551360766690524, 0.00061648388552735872, 0.99999914280376423,151.91163196385389
62.434975305817197, 0.31662597500425188, -0.0029211213341998363, 0.0046909750910875117, 0.99998473078484817,121.91097201897969
62.368644350329092, 0.33493054555273927, -0.0058007234547553799, -0.00072300370980835711, 0.99998291429055775,-172.89527873735247
62.390712039095689, 0.059714846847840473, 0.00034171036838395182, -0.0009846103783616052, 0.99999945688806602,-70.86059952997546
62.461077286387223, 0.096469095343038269, 0.00031300231970483124, -0.0016543529873224616, 0.99999858257186602,-79.286321282542247
62.242310603153818, 0.15556157549172767, 0.0024446327976938359, 0.0011812333842082081, 0.99999631422229585,25.789582924814965
62.39785971203689, 0.28244930430851412, 0.0048221450765299273, 0.0010238991985564304, 0.99998784919982509,11.98772886343103
62.322922514080467, 0.44580001534666347, 0.0039114365064584671, 0.0067259493077454924, 0.99996973067706685,59.820108310850316
62.29147545966503, 0.16162954583675879, -0.00037419410437947078, -0.0027960358853839646, 0.99999602107313412,-97.62261390564656
62.431162391754484, 0.054500682954117988, 0.00071689951983188393, -0.00062519386862448594, 0.99999954759375032,-41.091038015109881
62.376752230099321, 0.71945407419260643, -0.001415427555818071, 0.012476480645449711, 0.99992116389020291,96.472399479679666
62.435210955420416, 0.030631452540597688, -0.000508378493823915, 0.00016543731436728963, 0.99999985709089068,161.9739958207573
62.229487776431469, 0.18573547817355249, -0.0032354365565985454, -0.00020125617527650788, 0.99999474570931624,-176.44057573054053
62.375353041334662, 0.26202230500504325, -0.0037498604160362907, -0.0026176553814259594, 0.99998954315890931,-145.08236188841119
62.414240980721985, 0.57775527221335932, 0.0088740893894425181, -0.0047883961402761998, 0.99994915960758313,-28.350986695587487
62.385843292550284, 0.10873083430101503, 0.0014685569823501326, -0.0012019331606142965, 0.99999819934691248,-39.298439254541321
62.467503185017485, 0.37945159966662023, -0.0051636358609343392, 0.0041468193539639427, 0.99997807013651119,141.23270405833426
62.2828924007677, 0.13954377371122761, 0.0024334034606569802, 0.00010093487146253295, 0.99999703417547658,2.3752037115601841
62.513741387880792, 0.28949661881086336, -0.0002320067493893231, 0.0050473182360369195, 0.99998723529427735,92.631824763843653
62.497411557442206, 0.40964992875615414, -0.0059252995474416564, -0.0040010919556776109, 0.99997444071757935,-145.97058867794428
62.340645503879657, 0.12327440865625268, -0.0010913805799182908, -0.0018541909891036574, 0.99999768542942413,-120.48115317952168
62.388501033786298, 0.17327619023572571, -0.0028776974795986462, 0.00092997694675259516, 0.99999542698959099,162.0908778372779
62.363423819527284, 0.30728455703504248, -0.0032983032079730249, -0.0042289542669959523, 0.99998561846746381,-127.95186276572822
62.358050495467289, 0.37097143835220803, 0.005927094717075798, -0.0026058306284131084, 0.99997903937780164,-23.732557268454155
62.503629081876987, 0.47460101713467734, -0.0034945306395006157, 0.0075100319500890234, 0.99996569324938256,114.95326613702981
62.405311765807213, 0.27596767040435044, 0.0038489609066807234, -0.0028955865113853892, 0.99998840047207238,-36.954269646509502
62.513562540674791, 0.44910563819282934, 0.007242708453885526, -0.0029969972915696841, 0.99996928011888753,-22.479532220238145
62.25092122281643, 0.30524608011893417, -0.0044798605334545197, -0.002883289921907505, 0.99998580864371622,-147.23420002825119
62.438916566002128, 0.20450139492843261, 0.0035120851510096877, -0.00063604578288598609, 0.99999363033154087,-10.265122544182752
62.405032246587901, 0.1008836440458631, -0.00011808339602293466, 0.0017567867921276558, 0.99999844987703779,93.845383415943147
62.415994137454959, 0.37435644965002718, -0.005156198897275548, 0.0040128454730326661, 0.99997865511426864,142.10792893582669
62.442741664888501, 0.47236593943275995, -0.0076633950816976208, -0.0030397356895672475, 0.99996601561391052,-158.36392447087121
62.226115249695042, 0.19187560677697146, 0.0030198083601571039, -0.0014476139542878199, 0.99999439256993206,-25.611791450857666
62.257452444727299, 0.049323700889806525, 0.0008409165449932719, 0.00018423031209403856, 0.99999962945920962,12.357280735990367
62.397526310823594, 0.41777419579696562, -0.0060165396118634666, -0.0041190769757272951, 0.99997341687465213,-145.60346017440179
62.422276009858322, 0.42961776133225776, 0.0073118072763867442, 0.0016613520538967638, 0.99997188829671901,12.801119187715864
62.35700819350528, 0.18158166586976168, -0.0020078690693666706, 0.0024519877035389412, 0.99999497809644133,129.31315626409196
62.315133334369399, 0.16684582274691939, 0.0025550125261426604, 0.0013970265380352871, 0.9999957601049333,28.668900898883223
62.437829145036247, 0.34476169417015345, -0.00056235244084712271, 0.0059908546875389341, 0.99998189654605507,95.362554394013983
62.428375731749405, 0.42579724159270443, -0.0031319597426757695, -0.006739284246086023, 0.99997238605674554,-114.92579189549633
62.257210621704125, 0.31782225010807275, -0.00057798666662469734, 0.005516821615028907, 0.99998461518699433,95.980948043126062
62.434993861173744, 0.16555383121760797, -0.0028283705422341324, 0.00059099299449615202, 0.99999582551496502,168.19775611500279
62.405514235334621, 0.1831666761883089, 0.0029191685885208377, -0.0013032052387113142, 0.99999489004237274,-24.057430885634403
62.42507925698213, 0.24442284158666522, -0.0028174305821477581, 0.0032032153353665467, 0.99999090070681651,131.33367232878544
62.491127722996126, 0.31712001142913127, -8.4043727733282335e-05, -0.0055341219381673818, 0.99998468309820898,-90.870053246530688
62.289798617448, 0.97704810742939141, -0.0025896484550684399, -0.016854089449915274, 0.99985460612515742,-98.735241496253408
62.208512263086433, 0.34274731749255116, -0.0052354231268842821, -0.0028939712595172544, 0.99998210747744465,-151.06761289503808
62.449880879411019, 0.026277046503204362, -0.0001364239058869642, -0.00043786037252177421, 0.99999989483340057,-107.30543751742746
62.389655486871099, 0.39407789817182676, -0.0065046832407507403, 0.0022348691616154901, 0.99997634694815052,161.0383816518744
62.399057127048835, 0.24105076215615384, 0.0039852462963901828, 0.0013482009699799032, 0.99999115004388983,18.690576923558694
62.441952409492657, 0.0076801609286170063, -8.7871020692205801e-05, -0.00010122501314629938, 0.99999999101609027,-130.96046921396817
62.398651884452377, 0.35982230330307574, -0.004889431938512284, 0.0039411154268363295, 0.99998028033782294,141.12952858392887
62.43334490276844, 0.17218499946209248, 0.0029935170367651359, 0.00026462526666125275, 0.99999548440441433,5.0517838479574149
62.345447067521029, 0.26001511761382673, 0.0027324013118838857, -0.0036233098109664371, 0.99998970275152554,-52.979414930058596
62.375933599246224, 0.088805596812942048, -0.00015462130965356689, -0.0015422177249296229, 0.99999879882764831,-95.725289220570019
62.305485462872241, 0.16759658635528074, 0.0011103961072123586, -0.0027061555275878458, 0.99999572186222152,-67.690561019599755
62.278763338808865, 0.075719860602345132, 0.0013144113693381329, 0.00013727667726199438, 0.99999912673855174,5.9623361185410113
62.445817240627719, 0.26053782671049469, -0.0038898756794895637, 0.0023550249872468132, 0.99998966130880951,148.80827148941407
62.372698875769956, 0.13930539663825439, 7.2219280358245484e-05, 0.0024302626207084537, 0.99999704429961689,88.297861904441191
62.303314244327588, 0.090677254837947321, -0.00086268946361777398, -0.0013268158389972424, 0.99999874766252506,-123.03173444031684
62.356254262792795, 0.11700295210015932, 0.0012675179474269745, -0.0016010967321402724, 0.99999791494157986,-51.632887828602108
62.308898786472028, 0.4422507701913036, 0.0037019433600280795, 0.0067729799025238934, 0.99997021073559966,61.340074548013668
62.30968102741177, 0.27435427513165833, 0.0047883284126597316, -1.9253144861289614e-05, 0.99998853570444957,-0.2303764284899853
62.418126317808962, 0.59496071046338794, -0.0053049197767310137, -0.0089264713552977791, 0.99994608651432071,-120.72262616548996
62.491876107491855, 0.12576642493776558, 0.00060786412353421775, -0.0021091908838561518, 0.9999975909046096,-73.92313615485638
62.421175996184353, 0.086352580027368481, 0.0014938401834505286, 0.00019975294297115616, 0.99999886426948914,7.6162828096234501
62.255523132152163, 0.04139445362568752, 0.000721356091086976, -4.0093501856212786e-05, 0.99999973901891648,-3.1812683640069097
62.273261023727649, 0.15571407369450443, 0.0018329953494872931, 0.0020065217861402135, 0.99999630699236608,47.587713784389777
62.288495774876679, 0.32777784677617805, -0.0042137526671737445, 0.0038693041094050502, 0.99998363625319808,137.44010603214096
62.41902747919417, 0.30383109249605111, -0.00039947804749480387, -0.005287759728584935, 0.99998593990832807,-94.3203570083042
62.429273115771991, 0.46072288934808869, -0.0043091852731347424, 0.0067889117086467896, 0.99996767027744149,122.40487848676696
62.310398046176516, 0.44611626167417323, -0.0038742739738399238, -0.0067537877763266304, 0.99996968771650674,-119.8405056333747
62.399171131125129, 0.44044557315481719, -0.003917515140872325, -0.0066140264506806615, 0.99997045342811541,-120.63843397360418
62.367091278942432, 0.64988125802593566, 0.0034138321733152696, 0.01081637992749299, 0.99993567376864612,72.483423813549308
62.25168627402995, 0.11493499126190235, 0.0018074778162339511, 0.00087007503565623241, 0.99999798799466399,25.705011149889152
62.55196780214186, 0.1827566153742613, 0.0031876614451967862, -0.00011399945494812388, 0.99999491289637832,-2.048180230688684
62.236357089042542, 0.45776887622334567, 0.0076698012518012495, 0.0022374281868081224, 0.99996808352260269,16.262977949962867
62.432293036264738, 0.15837073891269726, 0.0014125334213567176, -0.0023759057238130848, 0.99999617990336609,-59.267492715293649
62.42497019695945, 0.24804249360825431, 0.0041734615185319724, -0.0011505270866581864, 0.99999062920928217,-15.412303680228113
62.426990584350612, 0.6671972618196893, -0.0061970932223797959, -0.0098585504436595368, 0.99993220021096563,-122.15350358145457
62.382158794538114, 0.18195975953254462, 0.0028770914370298776, -0.0013446177781936987, 0.99999495716123166,-25.049184173426678
62.35466548224278, 0.25838637591441638, 0.0022085748522599202, -0.0039318431079681682, 0.99998983135174746,-60.676428985216688
62.286083387210738, 0.42829106633721625, -0.005836505175739669, -0.0046702383352827444, 0.99997206165033703,-141.33400174554586
62.293218563076735, 0.3839545125539669, 0.0045592036489793862, 0.0049112132050889825, 0.99997754657139248,47.128668866727324
62.523171466649934, 0.31795403675458334, -0.0013853715215735708, 0.005373607491129982, 0.9999846024255965,104.45663882704727
62.310984902398957, 0.13837688314463784, -1.0072614730308452e-05, -0.0024151088670100436, 0.99999708356959871,-90.238960228420822
62.396684594667306, 0.17042772887293239, -0.0015827560475611714, 0.0025184630646608113, 0.99999557610375744,122.14776347341568
62.470597454013898, 0.37762811430182863, 0.0059525892300151904, -0.0028293830004856809, 0.99997828040077719,-25.422662237721354
62.328713849781302, 0.14196718346483578, -0.0016473755620320777, 0.0018508398556864635, 0.99999693026808156,131.6712951713447
62.378097763584094, 0.49436616885990792, 0.0016592374387139365, -0.0084671685976100263, 0.99996277630072905,-78.91273932042256
62.426566905250098, 0.13984751037258145, -0.0021770300977448733, -0.00110364412519081, 0.99999702125036283,-153.1172975582644
62.406055572547217, 0.28905174237631659, 0.0049485062106364424, 0.00098139335663990045, 0.99998727449571212,11.217410362352485
62.418255061877574, 0.30862065205587286, -0.0052168845373352299, -0.0013407614316457122, 0.999985493132029,-165.58667685815323
62.482505195924674, 0.48861871809810647, -0.0021490946097823447, 0.0082526665819820759, 0.9999636367821807,104.59633292724558
62.233822630651929, 0.21924011272214516, -0.0020239639513543106, -0.0032473540796525936, 0.99999267910390466,-121.93386593977463
62.309978186323612, 0.22565743333512142, -0.0016333500492755357, 0.0035837962404755936, 0.99999224425598576,114.50158865609394
62.260320544402028, 0.45574887526758046, -0.0043103259958477119, -0.006685128060330516, 0.99996836457591332,-122.81244223373349
62.190332311404191, 0.19347171756031276, 0.0019372018061792936, -0.0027657609304960933, 0.99999429889156732,-54.991727775625996
62.407826434243624, 0.13695923912213132, -0.0023848920239159894, -0.00016199350500454909, 0.9999971430199881,-176.11415985513548
62.376781055801445, 0.053291563418330287, -0.00087998852035922951, -0.0003012152110750991, 0.99999956744470675,-161.104207863504
62.442280738575938, 0.2038441491459437, 0.0016210513771671296, 0.0031669757206991131, 0.99999367120858174,62.893863660630991
62.474621147214584, 0.17752926561074239, 0.0029627476716678931, -0.00090698021653361606, 0.99999519974503925,-17.020819898680713
62.476244305152264, 0.024792254954957876, 0.00034023269664648506, -0.00026735107343570764, 0.99999990638255343,-38.159869447965477
62.440399412285018, 0.41968913086863924, -0.0028661128294506519, 0.0067408779217935097, 0.99997317262119212,113.03441656181252
62.444246088717222, 0.04249770397869794, 0.00072867862192654603, -0.00013850318218676817, 0.99999972492212941,-10.762083614499371
62.179260528122356, 0.1633244714552895, 0.002726512062802674, 0.00083171148132190112, 0.99999593718573832,16.964114893888823
62.378702679690463, 0.3525619456532838, -0.0060457696469910435, 0.00114547548126537, 0.99998106809844023,169.27149537075309
62.414363758173849, 0.072873782013773467, -0.0011614663767531312, 0.00051835569794716737, 0.99999919115128599,155.94907077760249
62.34355831645761, 0.19937438422305709, -0.0032479820262636678, 0.0012486594877457308, 0.9999939457127931,158.97116222816359
62.410361317754436, 0.2671014574763188, -0.0031517294374424267, 0.0034349413602022781, 0.99998913383066568,132.53792782955543
62.296822694655212, 0.35785710202929089, 0.0045758217803688475, -0.0042510203570634564, 0.99998049515025944,-42.892637260653466
62.278501230639108, 0.19448783136215911, -0.001735351756412133, -0.0029173311913640201, 0.99999423884990513,-120.74596851678078
62.438273247433116, 0.34469840183587935, 8.8704946265328877e-06, -0.0060160792078779004, 0.99998190319239222,-89.915519473993115
62.418887187832382, 0.60841517196536421, 0.0043680035030462042, 0.0096786486350698159, 0.99994362056367769,65.7101989767459
62.402038804660748, 0.19119997520302115, 0.0025371721256973183, 0.0021676592043141955, 0.99999443199008775,40.509263044373029
62.452802005634737, 0.072456975444999058, 0.00097079965608398743, -0.0008104274660033266, 0.99999920037735524,-39.855265157549098
62.434346064372185, 0.31545870379697594, -0.004886431753957558, 0.0025369736606869519, 0.99998484315981473,152.56223056030666
62.337711438460111, 0.33383862397730996, 0.0049688799876080074, 0.0030428471529814305, 0.99998302551236951,31.48250642435848
62.361788442547663, 0.31897694431934659, -0.0041423833095211183, -0.0037194129852602485, 0.99998450319370558,-138.07958534431617
62.303423503028689, 0.04234598050606788, 0.00035684013786350602, -0.00064722446683850065, 0.99999972688276539,-61.130334953976551
62.45222455685542, 0.17634628563954111, -0.0025068437605928256, -0.0017856933564188826, 0.99999526350558121,-144.53668987153745
62.386724402566934, 0.084956127922979241, 0.0014694733768083577, 0.00019808057466192999, 0.99999890070543618,7.6770235244829035
62.383681091520707, 0.27617603093672727, 0.0012625611465638981, -0.0046518711087323748, 0.99998838294979142,-74.815190399585262
62.388481662593527, 0.19992598937933481, -0.0031359105671312933, 0.0015302601052551111, 0.9999939121659317,153.98857223256226
62.257917760237959, 0.15545778678103608, 0.00038543351244002029, -0.0026857307642227241, 0.99999631913886045,-81.833153478135614
62.44733282602143, 0.39574564732322004, -0.0014009643739720868, -0.0067634370554947743, 0.99997614632451071,-101.70263097393456
62.445528082709636, 0.29366387818443868, 0.0050691879382762962, 0.0007568651483369816, 0.99998686515813495,8.4919283659689722
62.410858974441496, 0.43375122847467551, -0.003144344060096246, -0.0068864189540648723, 0.99997134475664906,-114.54147460040443
62.214793011492084, 0.17844521679962788, -0.002356625270986271, 0.0020362037426399273, 0.99999515008406459,139.17187767172081
62.375104855127489, 0.19853694210813203, 0.00030844777446154995, -0.0034513608305420532, 0.99999399646617271,-84.893049409859927
62.503210385185611, 0.1423432707237943, 0.001064246677592727, 0.0022448618378624399, 0.99999691398240731,64.635251866390789
62.47357246126078, 0.12085590740486761, -0.00015936183583485831, 0.0021033033639331297, 0.99999777535690781,94.332873889572028
62.487999732925189, 0.27357199679580113, -0.0026947297530581851, -0.0039416144908756496, 0.99998860098841291,-124.35890975218724
62.25178823850846, 0.18696545636458861, 0.0032631556177938883, -3.0142017972930403e-06, 0.99999467588899116,-0.052924534620933265
62.471746489581392, 0.027181529896617918, 0.00012119112410559007, 0.00045866641367920134, 0.99999988746891,75.199272509850275
62.452464883964957, 0.37134139783580722, -0.006389820000177752, 0.0010838167918357251, 0.99997899755021202,170.37333019653002
62.430900926960362, 0.5845441644446755, -0.0065056590930326246, 0.0078586313992961634, 0.99994795780195267,129.61918633151336
62.425781245389821, 0.48888853543751881, -0.0047327717385312407, 0.0070997410859608761, 0.99996359661148837,123.68789420631785
62.328222539586861, 0.30439603411047317, 0.0053116586839943615, 0.00010457612425378118, 0.99998588757334916,1.1278956197712104
62.444582432381459, 0.25677801117338384, -0.0017595322031408211, 0.0041217527089848277, 0.99998995755009068,113.1171182965725
62.386031588893431, 0.21963836938094625, -0.0025253090470788893, 0.0028840588128557151, 0.99999265248249736,131.20569510948224
62.353110068808476, 0.37943189359163576, -0.006613520553116068, -0.00034064152585005158, 0.99997807241421266,-177.05148120398573
62.508911377426891, 2.529215651664412, -0.043244323758972608, -0.0087909016708181218, 0.99902584977088726,-168.50923116728458
62.423936321322763, 0.25256048835873746, -0.0037441078300553387, 0.0023263923198667768, 0.99999028473047225,148.14534912790842
62.308618164638823, 0.46977482619411876, -0.005942860816325413, -0.0056485773458017086, 0.99996638742474053,-136.4543130345881
62.287706305091689, 0.19070255693654356, -0.0009452287049679821, -0.003191342226552337, 0.99999446092340338,-106.49851567474785
62.348262358345053, 0.25371038387328398, -0.0042092725766402234, 0.0013747008362968262, 0.9999901960629346,161.91354742948141
62.483781713978154, 0.076257978822393088, 0.00091101944964805024, 0.00097029784216635083, 0.99999911428243771,46.804734581926382
62.417659541660484, 0.34682015619709977, 0.0039200930391027127, 0.0046122762296391681, 0.99998167972145691,49.637928218673643
62.381134998081521, 0.15572815565057757, -4.3089500672087597e-06, -0.0027179622921591445, 0.99999630632438419,-90.090834389740763
62.294967599588077, 0.35022503340437022, -0.0039212696257444439, -0.0046890097988528832, 0.9999813182413102,-129.90466611610643
62.399851468777953, 0.13818862121391504, -0.0023784154771749138, 0.00040016463577913425, 0.99999709149981131,170.44952232572828
62.15404052977005, 0.13089857688425885, -0.0022835086384269954, 7.0903715803667162e-05, 0.99999739027707535,178.22151807308467
62.461145785831157, 0.50917052785108119, -0.0048590038709548809, 0.0074405294058296533, 0.99996051352218052,123.14636221908776
62.294531876256713, 0.24606565413441417, -0.0042123236517045189, -0.00083683023928646976, 0.99999077797977898,-168.76377877064849
62.475120658578206, 0.14802015282852857, 0.0024211253072106624, 0.00090127387660631354, 0.99999666292325495,20.417990166109583
62.449705912169037, 0.13226626649387851, -0.0017653772567164611, 0.0014874548998309275, 0.99999733545698122,139.88349789426414
62.282770677191394, 0.43039270807125385, -0.0073743643465969235, -0.0014298164858653538, 0.99997178678965759,-169.02706497085711
62.288228108290085, 1.461468739700897, 0.025262490794944244, -0.003506427345993937, 0.99967470285393456,-7.9021518804765609
62.367528405525185, 0.44590042015215342, -0.00390918498468165, -0.0067292848055318941, 0.99996971704085191,-120.15321714440134
62.408908035826094, 0.36084094483681139, -0.001416523747226697, -0.0061364492141250445, 0.99998016852911431,-102.99834071062477
62.42447261296455, 0.23627571669637271, -0.002898592599017028, 0.0029332067613096883, 0.99999149719337133,134.65992963760618
62.211969178878086, 0.32559373355948179, 0.0056349110303325666, -0.00073505948766344558, 0.99998385360226172,-7.4321187450445105
62.40157811710101, 0.13693152009037354, 0.0023580255750383161, -0.000389043193270239, 0.9999971441763128,-9.3686511848055787
62.206120010807709, 0.53591896982205389, -0.003331479474161239, -0.0087400000542144415, 0.99995625586500825,-110.86565282754708
62.43801037739955, 0.21678045556974601, -0.0015003390861913798, 0.0034733318353941289, 0.99999284244867848,113.36239452285741
62.340671109927214, 1.0276510717517429, 0.017833958042530837, -0.0019004648951552812, 0.999839156151488,-6.0827341057216513
62.458350274186088, 0.33030720302696726, 0.0025000360593859781, -0.0051946202638540207, 0.99998338273194121,-64.299694114745364
62.573078372295861, 0.3769056702955661, -0.0054200467127467353, 0.0037277037997263309, 0.99997836342493585,145.48127306215704
62.404221730923474, 0.19062438843623383, 0.0032757540695254567, -0.0005817885297351355, 0.99999446546337589,-10.07097150783912
62.321470281535944, 0.26879474491338889, 0.0037718081809864448, -0.0027896411007173275, 0.99998899562223931,-36.486744923844185
62.387967877351429, 0.50122625096499485, 0.0034834257464866902, -0.008024471527445249, 0.99996173606882277,-66.534319269185687
62.386522628382053, 0.42219949459758449, 0.0033728296187415414, 0.0065514752365669025, 0.99997285072775233,62.75969044284323
62.329484086444928, 0.17769546861938587, -0.0025187717493288446, -0.0018094916618687307, 0.99999519075283583,-144.30644288219329
62.410575985095782, 0.072456260983153609, 0.00010016438762623748, -0.0012606269102598093, 0.99999920039312451,-85.457050052417827
62.287202565301513, 0.29260196109773157, -0.0023139022731002465, 0.0045525516389143149, 0.99998695997990161,116.94263323072467
62.381183215674923, 0.78839909136774022, 0.013437365655863998, -0.0029609553591380643, 0.99990533049263819,-12.426674325783024
62.279507834894275, 0.20811761067437914, -0.0036317501385086403, 6.4875981317291401e-05, 0.99999340306925943,178.97660233518334
62.377210992381833, 0.15235342784346945, -0.00085524380679950849, 0.0025177746141572524, 0.9999964646782622,108.76172181437113
62.384477874880275, 0.30334560934764671, -0.0045933615964370159, 0.0026327216469345534, 0.9999859848047743,150.18047932957973
62.327830110068504, 0.20699122859721653, 0.0014742122825556637, 0.0032981945112667867, 0.99999347428426333,65.916524626368314
62.299861641088647, 0.17221867514750674, 0.0028994366437831423, -0.00079244613100116232, 0.99999548263793581,-15.286210714082824
62.293430388101399, 0.25233517620989548, 0.0026204337212322173, -0.0035396495897851246, 0.99999030205692208,-53.487128266345657
62.483573302211035, 0.06299924525525126, -0.00044002459879773531, 0.0010076583925586915, 0.99999939550127537,113.58994718555964
62.520691006195449, 0.24558490014237019, -0.0035707008948727341, -0.002371086485548912, 0.99999081397980716,-146.41426833328785
62.318727688277882, 0.27995049795275279, 0.0016978335774119873, -0.0045815645008543873, 0.99998806324269096,-69.666330376913606
62.630909035199963, 0.30663270728843678, -0.0051304976110621014, -0.0015228107196733212, 0.99998567941834793,-163.46830023857376
62.351312831040545, 0.35793162841681125, -0.0020151917778508961, -0.0059130846923555053, 0.99998048702538167,-108.81921881470632
62.310103462189517, 0.26356962439544673, 0.0025389198389480241, 0.0038360380790563161, 0.99998941929297791,56.501021774429653
62.439743694076888, 0.24031131362240149, 0.0040996985241405146, -0.00088537049024147319, 0.99999120425687049,-12.186438132293498
62.380238342392005, 0.2177937871075955, -0.0037592088369772085, 0.00056350931204845079, 0.99999277537698994,171.47477972603414
62.444834670495844, 0.14064941907616402, -0.0016726094379257393, 0.0017967710718539782, 0.9999969869911528,132.9503825514266
62.534302138820912, 0.32905878351741852, 0.005307079000297899, 0.002195091682566474, 0.99998350810650372,22.470759846184094
62.293656464805402, 0.4424540707063796, -0.0067503260959011647, 0.0037504033918032585, 0.99997018334148235,150.94395455376855
62.551778228971912, 0.2549628726131884, 0.0013300306710761474, -0.0042465124430539972, 0.99999009902622782,-72.609161562719365
62.272750468368862, 0.67194650007092427, -0.011713308563869797, 0.00057493267581860952, 0.99993123156290398,177.18996560949
62.378643754547639, 0.45089935342463966, -0.0074161895440004915, -0.0026326205349165265, 0.99996903424144412,-160.45600734452162
62.493798192463096, 0.15612438034991369, 0.0024425989548209561, -0.0012077613162480387, 0.99999628750458314,-26.31043782345359
62.444127232777603, 0.24621208466517674, -0.0029073985805056204, -0.0031643240686360396, 0.99999076700071721,-132.57696946372391
62.525547541843466, 0.23360065144868414, 0.0009329443991262131, 0.0039689130944560976, 0.99999168863725907,76.772031135315018
62.360547037540272, 0.088789878627130989, -0.0015389775124450636, -0.00018177223375328105, 0.99999879925281465,-173.26386995979479
62.568532903914907, 0.30961497166673835, -0.00020277777949767703, -0.0053999683897511678, 0.99998539950469378,-92.150541192680819
62.395959712864233, 0.19140889980050907, -0.0027812214541644794, -0.0018507149658602321, 0.99999441981509984,-146.35891776173011
62.343221787797162, 0.18815656684847409, 0.0032146854125291173, -0.00067089272429750584, 0.99999460783578786,-11.788214991323319
62.284051377066795, 0.166150572379898, -0.0024159739956359501, -0.0016038448928978645, 0.99999579536676642,-146.42179538515015
62.46252810603518, 0.19605401361447769, -0.0027161430659076689, 0.002081142619531815, 0.99999414568898493,142.5402148563964
62.508774612417, 0.099846432417887834, -0.0017381960718857968, 0.00012448634916631285, 0.99999848158762938,175.90357769196692
62.410355564442987, 0.66650213332963437, 0.0079164924665769843, 0.0085230126878449771, 0.99993234141203235,47.112916053046767
62.31469241088795, 0.011327097708977276, 4.3658728184085392e-05, -0.00019281412634456787, 0.99999998045831384,-77.24170476520618
62.438499078825018, 0.94150731743373695, 0.0098306229445744818, -0.013166563902397621, 0.99986499111006277,-53.253678596693277
62.478606829168271, 0.15634847783864386, 0.0016854610319104492, -0.002146049557289018, 0.99999627683927295,-51.854673306825624
62.213398221625084, 0.29872237784933042, -0.00068139987455045068, 0.0051689458645218199, 0.9999864087540693,97.509754124485852
62.352053066364661, 0.43774596157577633, 0.002714695239681807, 0.007141466874710253, 0.99997081451442016,69.186634509156889
62.379084121660675, 0.24335634082318044, 0.001548092403967687, -0.0039551799291710245, 0.99999097994013764,-68.624185744325729
62.422553036408196, 0.11460562726120122, 0.0019210115174076552, 0.00055739718550926003, 0.99999799950956281,16.18051808062901
62.368084407424952, 0.037526802578865655, -0.00064921239983491694, 8.6625654953386154e-05, 0.999999785509605,172.39980694595889
62.468858847482714, 0.18986062376083351, 0.0025729055539817276, -0.0020882236823623304, 0.99999450972435966,-39.063502875212329
62.277076900173746, 0.20219411382995814, 0.0019195744031877959, -0.0029611976956168025, 0.99999377325177286,-57.046975482293234
62.354741193915721, 0.26160305781972987, -0.0017581449927453773, -0.0042137427256684311, 0.99998957659488941,-112.64788391195565
62.462221156208734, 0.46869612728351745, -0.0073848146576467851, 0.0035185471937438013, 0.99996654160932696,154.52420469661843
62.398122029649599, 0.24470462075363797, -0.0011271780997803291, -0.0041194607377914878, 0.99999087971479073,-105.30286189869723
62.415522745011799, 0.26919978195984873, -0.0046855405277846148, -0.00034745056868854251, 0.9999889624331183,-175.75906300476873
62.450658860542688, 0.37040196752827842, 0.0062605035903496803, -0.0016119233371525859, 0.99997910368064713,-14.438623293131576
62.37976780006985, 0.42306857629259359, -0.0044738768229689767, -0.0058741807564758929, 0.99997273884172133,-127.29352051291477
62.302548131790736, 0.22240279649518335, 0.0038424098170764622, 0.00055054858384352581, 0.99999246636314953,8.1539627478227139
62.461098054172922, 0.15356253287607896, -0.0026801558800123343, 8.2565473530804577e-06, 0.99999640834169412,179.82349391551517
62.508048251202382, 0.18374272096063282, -0.0031871853671608108, -0.00035513508757152015, 0.9999948578510317,-173.64199115712555
62.37474638143906, 0.37499798030789738, -0.0024216624599895775, -0.0060804031540652882, 0.99997858189483946,-111.71607386933897
62.498217055351766, 0.27291330319818857, -0.0047008833707208276, -0.00076807448080903765, 0.99998865581421825,-170.72047329294003
62.384971350123564, 0.037980602355221355, -0.00065579528192662715, 9.6700979429767059e-05, 0.99999978029071035,171.61183774259763
62.28329889455177, 0.30576213008081149, -0.0051779145792589746, 0.001291417482353425, 0.99998576061936817,165.99564146905797
62.453804707006597, 0.22864417846395224, -0.0029304927364587497, 0.0027086834632134172, 0.99999203759140876,137.25248986739712
62.293908122208371, 0.35367406175056293, 0.0016847532450630605, 0.0059383749186576133, 0.99998094847343399,74.16103668026993
62.388830051166217, 0.59481555556145227, -0.0077003105847081562, -0.006962519470717788, 0.99994611281784529,-137.88052823099841
62.405190055929175, 0.64706752704521875, -0.0094210275300245106, -0.0062274417194952934, 0.99993622957162065,-146.53469326562421
62.281357099362005, 0.10792112731263723, -0.0011990361820230539, -0.0014526451401567792, 0.99999822606559219,-129.53680220401483
62.669725632004891, 0.29261657189232809, 0.0043402756520836746, -0.0026915575428889185, 0.99998695867759058,-31.80450638136362
62.405035693084564, 0.12199181998534514, 0.0020944509988721676, 0.0003828653371589425, 0.99999773334200459,10.359282867921815
62.48966698494614, 0.41724470325802265, -0.0060239344514485538, -0.0040918308999098076, 0.99997348421526222,-145.81321470254326
62.35175918116682, 0.52856267052224548, 0.0053009940272984411, 0.0075498744985860611, 0.99995744852337509,54.926152407259259
62.375117667761813, 0.24274574596142062, 0.002739337339625436, 0.0032319740799902638, 0.99999102514696925,49.71625505022454
62.360438618141011, 0.28530695590449406, -0.0012680869303691915, 0.0048153532126171041, 0.99998760208763326,104.75345196234218
62.216003883068673, 0.042110964364413306, -0.00064463703099081949, 0.00035303147355487263, 0.99999972990590191,151.29295642508603
62.467893247696821, 0.20275061707422107, -0.0024460204464293936, -0.0025571639667464094, 0.99999373892861088,-133.72740900548288
62.404414876262486, 0.31737340812182668, 0.0049732693590408385, -0.0024390850330101811, 0.9999846586103629,-26.125131382909988
62.349022483600926, 0.15094552602419023, 0.0015488966112360391, -0.0021310735836995573, 0.99999652971631281,-53.9897770550525
62.386088897435528, 0.14263541811331423, 0.0024861333918264113, -0.0001285592322642877, 0.99999690130183994,-2.960157546844898
62.242246138233931, 0.22955419570358529, -0.00019747484732281388, -0.004001596176207523, 0.99999197408365592,-92.825198595853664
62.43727629493975, 0.43467712629581873, 0.0075053069050290706, 0.0011067791084183915, 0.99997122229005508,8.3887317868148337
62.405485344380224, 0.65728224618522646, 0.0021788427693242378, 0.011262667276450646, 0.99993420032020419,79.050979831943764
62.405175117634982, 0.20831503136537774, 0.0031562002029737824, 0.0018047884515871666, 0.99999339054761949,29.761922615781259
62.395037059828709, 0.18858049681746883, 0.001757147096517275, -0.0027830529221841605, 0.99999458351058756,-57.732753033938508
62.439809622977052, 0.2491179444461625, 0.0041424382241706274, -0.0013208207392310023, 0.99999054777439456,-17.684936091802733
62.514997429367909, 0.35714575851048913, -0.0061783075374491096, 0.00082638172926532429, 0.99998057261589357,172.38160014204951
62.374447586092707, 0.12474141009887203, 0.0020190330971589119, -0.00081453831696363531, 0.99999763001353315,-21.970621530214359
62.381426637238562, 0.35087609427932365, -0.0033608990385878296, -0.0051192351062702979, 0.99998124871898431,-123.28584679827159
62.399355121380694, 0.24727959697373106, 0.0019731287473544186, -0.0038383784738637381, 0.99999068676345071,-62.794448477892736
62.420629196572662, 0.27248834060945964, -0.0028502441711347284, -0.0038070657089046382, 0.99998869111548105,-126.82117625537882
62.481586001520434, 0.33850185825327417, -0.0050089638511697778, 0.0031327316530087297, 0.99998254798447761,147.97710592811063
62.327417734287685, 0.098759985055427893, 0.00015087703978846785, -0.0017170701018819525, 0.99999851445208843,-84.978380963184577
62.430270242279512, 0.25137043308743995, 0.0024698681517577809, -0.0036259505718941308, 0.99999037607057162,-55.738705383260204
62.537978945738502, 0.27155553823793616, 0.0046081065484156912, -0.0011083359640240368, 0.99998876840964035,-13.523832659843645
62.480977518397161, 0.84796781736572635, 0.013307672730151645, -0.0064749388931239675, 0.99989048450959739,-25.945553890972011
62.402780640209421, 0.13152901232487368, -0.0015877982023569789, -0.0016579302608333998, 0.99999736507858805,-133.76217440098705
62.33056372563388, 0.15267081398265109, -0.00015164154533060326, 0.0026602867953892766, 0.99999644993320247,93.262440974333344
62.474041113747724, 0.20070604122082922, -0.0011169374891602229, 0.0033201322379489075, 0.99999386456746209,108.59363710836205
62.378699761117105, 0.42196608201344615, 0.0070208477775080156, -0.0022238445533213583, 0.99997288073821677,-17.575531564383137
62.354494050561108, 0.32222061720849221, 0.0051001352249158676, 0.0023697117793259198, 0.99998418641835052,24.921326824499481
62.267223772587158, 0.39246991055432057, -0.0054521123992488825, -0.0041466563703576364, 0.99997653958047028,-142.74484813294472
62.486108212996413, 0.13927809823496509, 0.0014948281132169253, -0.0019169153269807382, 0.99999704545790591,-52.052568346401657
62.228035553119035, 0.27321619737247799, 0.002800378021884313, -0.0038596003275829368, 0.99998863061949139,-54.036800261144435
62.316971298220572, 0.14829223775008898, -2.1555480847500116e-05, 0.0025880951512459818, 0.9999966506438156,90.477188607781486
62.430379347265934, 0.035901864957668221, 0.00042749574598740999, 0.00045812891528482691, 0.99999980368262298,46.981033190799032
62.345174367919633, 0.18801192613562603, -0.0014099878695274706, 0.0029630490481338326, 0.99999461612277996,115.44777178196202
62.396440945422022, 0.18008369495502172, -0.002561711181403332, 0.0018210952767224353, 0.9999950606117094,144.59135340362374
62.369912611572659, 0.16284025773318284, 0.001300704602977483, 0.0025269884321357889, 0.99999596124034384,62.763978712457522
62.306243665904582, 0.2817047052469176, -0.0026180812606313763, 0.0041616276973848081, 0.99998791317966473,122.17401058646735
62.377881538072494, 0.48257652614217822, 0.0058892227499705851, 0.006021188771941916, 0.99996453054154566,45.634804825765805
62.503266215987111, 0.28896294072668982, 0.0010216609394494889, 0.0049387670753023557, 0.99998728231348055,78.312332274325939
62.393505645115653, 0.20526386021032442, -0.0016397069871956012, 0.0031852517472565596, 0.99999358274556083,117.23854780084248
62.410679786321914, 0.14076154271590477, 0.0024563771367581751, -4.2795778083942816e-05, 0.99999698218538802,-0.99812418090326216
62.341964674318071, 0.21762493074077838, -0.00050850315386486702, 0.0037640698889204937, 0.99999278657519031,97.693735557517016
62.58113804075137, 0.31050683755962177, -0.005100474231813602, -0.0018315048846610316, 0.9999853152684135,-160.24753707476475
62.365680548687742, 0.25974417869397209, 0.0034523755110536978, 0.0029381282627973298, 0.99998972420002497,40.399291602256746
62.438235117454362, 0.14164343418420719, -0.0016507545552653636, 0.0018402430112564468, 0.99999694425286001,131.89308138863069
62.256283337264257, 0.047992055311500761, -0.00082951692366428447, -0.0001162227818345201, 0.99999964919690765,-172.02426483778683
62.231941649682611, 0.49947449182546455, -0.0032687929415280781, -0.0080813011206589038, 0.99996200306056759,-112.02276326815628
62.398543401175289, 0.033028331776147328, 0.00031196633600886787, 0.00048474239173021042, 0.99999983385089553,57.235826445216631
62.414387060450785, 0.58586923583250683, 0.0094739480371719212, -0.0038468674140090002, 0.99994772159332812,-22.099460273943158
62.332261860180814, 0.2926923567611166, -0.0046122339314741238, -0.0021961977949926611, 0.99998695192157716,-154.53770886814803
62.477883923537448, 0.51003720525025975, -0.0012686121881493801, -0.0088108502060726297, 0.99996037898596879,-98.193306179325447
62.360329782684722, 0.10326390641236449, 0.0015942425925641129, 0.00084062768338376531, 0.99999837586650808,27.802219271343336
62.226067387208133, 1.2369599529161108, 0.012724693765299692, 0.017438340337416883, 0.99976696607502258,53.881906128354025
62.404520887382198, 0.313474997657751, -0.0012506707582504806, -0.0053262777106411162, 0.999985033182199,-103.21431063584255
62.39414457403084, 0.37275813043093803, -0.0032208478326865349, 0.0056525846601048297, 0.99997883698901313,119.67452933628168
62.359991708591636, 0.60919527823876618, 0.0093686069555746973, 0.0050273473652126723, 0.99994347589360344,28.218732783608285
62.369184495361566, 0.50169128839691457, 0.0013303687265389121, -0.0086543966756372041, 0.99996166503383144,-81.260802660647855
62.254415244958267, 0.075073763184698522, -0.0012044713053393685, 0.00051584199962204601, 0.99999914157758463,156.81587819375082
62.384412128319617, 0.34401013050444512, 0.0014386893645212415, -0.0058291568744984193, 0.99998197538907918,-76.13595225665857
62.52311707972985, 0.22555120212573268, 0.0021509130218608234, 0.0032970289874672031, 0.99999225155649485,56.880407999397264
62.420000948122052, 0.29576394241034709, -0.001620446720708358, 0.0049010941098960158, 0.99998667662571949,108.29541398279895
62.397676489256611, 0.25898773148466592, 0.0042255081108239353, -0.0016053184605918595, 0.99998978396473892,-20.802352153699108
62.519661690191747, 0.47798586216912808, -0.0013644795690458318, -0.0082299860539128671, 0.99996520215708407,-99.413648015059508
62.516858981893336, 0.45466370541613321, 0.0064030971839415841, 0.0046871376141831142, 0.99996851504806816,36.20453832865558
62.360497367934698, 0.24632452896366311, -0.0038463076500982454, -0.001920599171336527, 0.99999075856543984,-153.4654008350976
62.436483083049332, 0.021812668443757309, 0.00035472859023548051, -0.00013821109019405525, 0.99999992753265821,-21.287126742546061
62.175430655711466, 0.21223664461082031, 0.001826281473420433, 0.0032227224654979938, 0.99999313935441081,60.460247791824649
62.452747702305601, 0.45720275159151047, 0.0079765243894804206, 0.00022184080520809557, 0.99996816241584474,1.5930831019887761
62.182229905354539, 0.25719439877024053, 0.0031752835321810823, 0.0031729425281348993, 0.99998992495434846,44.978871318646355
62.322511722766528, 0.11247436248118275, 0.001788679550738791, 0.00080881256573514992, 0.99999807322199286,24.331729507290131
62.307178250051159, 0.54853469842013991, -0.0012320611436331644, 0.009493980017849013, 0.99995417213428284,97.394115088229285
62.212273657779676, 0.1422227037550792, 0.0015801721708586195, -0.0019143224435870427, 0.9999969192080006,-50.462124911994344
62.422876281980606, 0.34212215362316956, 0.0017480757404453367, -0.0057095127297226832, 0.99998217268889078,-72.977036344819595
62.403008137026205, 0.14892050494546993, -0.0011588169046706052, 0.0023265264211005934, 0.99999662220339192,116.47738425623456
62.362100369244374, 0.099969756003189511, 0.00093978902750269165, 0.0014700766652267403, 0.99999847783443274,57.410076016995561
62.357699268867655, 0.29987993436863797, -0.0041565588189722853, -0.0031806282981330547, 0.99998630321740589,-142.57652697331352
62.299199097172313, 0.12694093484420857, 0.00069731481618541882, 0.0021029382787649516, 0.99999754569830968,71.654958099428129
62.276976546873556, 0.38159565241135007, -0.0008246979841317868, 0.0066087938895142105, 0.99997782161234006,97.11305460135047
62.340893851948344, 0.32918919509602379, -0.0020065974561444496, 0.0053836075641748669, 0.99998349503191486,110.44161052242978
62.422945828121058, 0.01212856846872748, -0.00015901358898703707, 0.00013973032057361799, 0.99999997759505788,138.69319427478948
62.313177848062018, 0.051603203735279116, -0.00070607739883897372, 0.00055912195655550786, 0.9999995944185901,141.62533137689061
62.29788583563186, 0.083082484498254228, 0.00020872568468746064, 0.0014349615131035371, 0.99999894865896966,81.723950375140362
62.359115993785316, 0.26111967580869666, 0.0045492887902034047, 0.00027148666537403509, 0.9999896150793236,3.4151742709884894
62.35721643138568, 0.26981947997596878, -0.0022467762069047306, 0.0041386903983463216, 0.9999889115577546,118.49626480889118
62.431322942727292, 0.16951124097859696, -0.0027128010673248058, -0.0011805000202659451, 0.99999562355545901,-156.48329582833091
62.438219754405281, 0.11280895964268536, -6.6252331169523867e-05, 0.0019677715000635298, 0.99999806174109762,91.928346651152395
62.530149893930876, 0.2141868664757606, 0.00058912268242775371, -0.0036915447055984444, 0.99999301269166463,-80.932794984475294
62.363380540913397, 0.25459078432677951, 0.0039088980935524757, -0.0021129625714704798, 0.99999012790370367,-28.39352627758598
62.440724481526011, 0.33524050037661768, 0.0041681394136401173, -0.0041062166669860092, 0.99998288265275437,-44.571223939072198
62.419941382227165, 0.18070044288335638, -0.00052957504913168202, 0.0031090325343117449, 0.99999502672111718,99.66666328628196
62.461642546351158, 0.12497180931344352, 7.386609524449621e-05, 0.0021799167044310331, 0.99999762125065172,88.059285095909388
62.451021098439035, 0.22920002864469552, -0.0032937433185135233, -0.0022701389483408504, 0.99999199883004397,-145.42431476106057
62.387546920938803, 0.11411364271278902, -0.0017894838492084173, 0.00087432661610999823, 0.99999801664829413,153.96025802389883
62.351338007359637, 0.20103979472588207, 0.0032545006179776734, -0.001311448501461725, 0.99999384414533066,-21.947689280793156
62.315892098930391, 0.25592458112547101, -0.0031518323943577377, -0.0031650381018945169, 0.99999002419342731,-134.88022071917774
62.387928550280073, 0.4968983061379102, 0.0047450001881629653, -0.0072591695898494915, 0.99996239400793474,-56.829118777402797
62.498981515066752, 0.26948059180340594, -0.00049646709243081788, 0.0046770300587055157, 0.9999889393939595,96.05926102798162
62.416826861159471, 0.12708744921847401, 0.0021770987465726138, 0.00042447127748352877, 0.99999754002956542,11.032612283884641
62.522709044126117, 0.16393948547346274, 0.0011690222305455662, -0.0026115722546379552, 0.99999590653031334,-65.885202976306687
62.347449556180791, 0.17320882552513908, 0.0020232653639706511, -0.0022461716725482709, 0.99999543054460216,-47.988685632409151
62.194345003639128, 0.13909945255641931, 0.0023375844249222217, 0.00065545836039369615, 0.99999705303235464,15.663489295053601
62.458690221261342, 0.19985436696817677, 0.00092802141694477277, 0.0033623927809965817, 0.99999391652701353,74.570478968866539
62.360542719062337, 0.05630122213277345, 0.00075234414461396648, -0.00063210971061893972, 0.99999951720768432,-40.036537892632275
62.369199905988737, 0.1674589877256748, 0.0028752924735720802, 0.00052431545060375767, 0.99999572888412869,10.334452742047057
62.483288683141645, 0.36805109101142847, 0.0048249160649588389, 0.0042407053863898567, 0.99997936808855814,41.312819156247876
62.445150987556005, 0.50391431589436619, 0.0012020415536687971, 0.0087123184499970155, 0.9999613245537694,82.144476618242862
62.387447056364493, 0.12826960266482093, -0.0022063544758685158, -0.0003793279214201935, 0.99999749405198746,-170.24478169370565
62.330648834654795, 0.29009270661089182, 0.0010110214043054732, -0.0049610808827475232, 0.99998718267395559,-78.481391192027431
62.382477407007528, 0.27393382047207931, -0.0018742670143916088, -0.0043983360900487168, 0.99998857081608583,-113.08035335999016
62.419889825621674, 0.097489257333048376, 0.0013358058302685312, -0.001053921844029764, 0.99999855243471747,-38.272674444872671
62.31956465643929, 0.56038192791491026, 0.0019709585251106347, 0.0095796995025625616, 0.99995217119616941,78.37401204224301
62.475476037099604, 0.12232267971690286, -0.0015176597541143326, 0.00150154688300718, 0.99999772103031748,135.30577262729511
62.306897094979078, 0.30290107248820569, -0.0051837799989569522, 0.0010375578977147612, 0.9999860258516271,168.68154538140615
62.354411024100287, 0.11348010761020821, -0.00013500989042788652, -0.0019759933083523997, 0.9999980386094639,-93.908663677149548
62.387040033895964, 0.46521962670795053, 0.0061859063345124643, 0.0052593962821970838, 0.99996703611347482,40.371934305029384
62.490521488899446, 0.2008378885429748, 0.0023676992361382778, 0.002584754307984354, 0.99999385650387596,47.509541121209509
62.333638079528946, 0.32926115756295998, -0.0056098420350299098, 0.001246502982167007, 0.99998348781500257,167.47244375261047
62.382302343384772, 0.016168319764130246, -0.00013804775196901248, -0.00024611835788182577, 0.99999996018428527,-119.28806071709147
62.428966192270607, 1.1622841272993949, -0.010231519347812596, -0.017514810270769128, 0.99979425255050069,-120.29192908757211
62.302611648188666, 0.24115486522010349, 0.00058338426305563288, 0.0041683075744018598, 0.99999114239815479,82.032800047807953
62.293518075289718, 0.40483664807697672, 0.0024133786496048069, 0.0066407339666271414, 0.99997503781638375,70.027819456104581
62.429700310204346, 0.1636329234654027, -0.0028533515202161098, 0.00012131702902976765, 0.99999592182532471,177.56539993144401
62.404936889133111, 0.49091863446019235, 0.0057896052225713474, -0.0063159963474098413, 0.99996329365707548,-47.489839303368996
62.407206110006577, 0.29744352271607466, -0.0020384610108598422, 0.004774384224654365, 0.9999865248752019,113.1204414449543
62.349522139929064, 0.40128490351292523, 0.0039457300055561291, -0.0057864346500039916, 0.99997547389361741,-55.710191871781802
62.40160770424599, 0.58450897810489011, 0.0061099464418469104, -0.008169315314366021, 0.99994796406701703,-53.206665970396237
62.26142852689955, 0.19847603149680199, 0.0024294153971397038, -0.0024693331384516388, 0.9999940001493407,-45.466867704980963
62.372922948727229, 0.3218792686944611, 0.0041291204516199775, -0.0038092394223684647, 0.99998421990515396,-42.692480183229307
62.418173737359943, 0.30960078545791175, -0.0054035241487817506, 5.3296831384878025e-06, 0.99998540084261633,179.94348720528626
62.343318027143049, 0.74409363929319583, 0.0066552925053653287, -0.011151535975422974, 0.99991567160788952,-59.171035876637781
62.382888739473508, 0.13594696613739374, 0.0017957288375368512, -0.0015508571371555477, 0.99999718509607916,-40.815091437821167
62.483234215958291, 0.23031722556939399, 0.00059316464003081098, -0.003975778132123256, 0.99999192063933884,-81.514370128263792
62.243317093278669, 0.36151107719674008, -0.0059149385189613312, 0.0021962475942754411, 0.99998009480130223,159.62977533683491
62.426555516565529, 0.30412652742095952, -0.0025679496867559437, 0.0046454635888347768, 0.99998591255199754,118.93322629105573
62.42981536853339, 0.19426251701346361, -0.00058205896430985038, 0.003340178559796497, 0.99999425219075677,99.885092167075115
62.34051577788432, 0.25689235230337187, -0.003767966726560251, -0.0024300446021737611, 0.99998994860447443,-147.18114048006834
62.434174924765458, 0.46014037020548015, -0.0067148587947863572, 0.0044051873155748445, 0.99996775197807286,146.73369388030105
62.380974579979608, 0.12084243225298599, -0.00096673011357344758, -0.0018744924675177784, 0.99999777585296501,-117.28147013783304
62.539975535093348, 0.22483873101686333, 0.0038428856409724009, -0.00079454974758446035, 0.99999230043068277,-11.68179069266108
62.238701609640401, 2.4503691598075221, 0.0065151619399084135, -0.042254644202291233, 0.99908563081861734,-81.2347014551071
62.357984047947348, 0.11084241641628977, 0.0019259808471068912, 0.00018203104406380204, 0.99999812872948701,5.3991818285465021
62.402137704402215, 0.41416309287673575, -0.001284003857533823, -0.007113492477535851, 0.99997387443816055,-100.23186416514591
62.335581816498994, 0.18606062447720934, 0.00059024688428584247, 0.0031932721066014547, 0.99999472729703376,79.527603244063982
62.329347059818573, 0.11991584428371209, 0.00038359968559167619, 0.002057470635647075, 0.99999780983053388,79.438896047641563
62.370455887721057, 0.18125807957877926, -0.0031327723378598701, 0.00044017552731650774, 0.99999499597897212,172.00191746638257
62.322000395283311, 0.27825015641995615, -0.0035110929491938381, 0.0033550679488124494, 0.99998820780315256,136.30175157885793
62.267992590742075, 0.30334419285004793, -0.0049502175122634381, -0.0018775725902101987, 0.99998598493566393,-159.22871793500263
62.213174083926909, 0.39654127406558148, 0.0064928182063064815, -0.0023962695295318926, 0.99997605031524717,-20.257319842352832
62.511208521914064, 0.19859397756541311, 0.0030849039136876966, -0.001580284515703883, 0.99999399301630454,-27.124419243035646
62.555356071369197, 0.2446211984361838, -0.0010040802954708718, 0.0041496837778166413, 0.99999088593211916,103.60216701350149
62.427158879146667, 0.11929665081537427, -0.00051298397319806625, -0.0020179351175219963, 0.99999783239030315,-104.26316871752027
62.374979384372566, 0.26970410005884826, 0.0019010117851020678, -0.0043062690951118348, 0.99998892103896475,-66.180835626223612
62.35883943809673, 0.82350947613487058, 0.0010976224585272883, -0.014330482994635867, 0.99989671090672128,-85.620064983759889
62.413965002410819, 0.19997789245169847, 0.0018263718380745592, 0.0029742763228607595, 0.99999390900458207,58.44775030926828
62.31050843735845, 0.18044206096141588, -0.0022555435744357707, -0.0021978698168490835, 0.99999504093342984,-135.74196529521436
62.324737224877609, 0.16121447470595324, 0.0017137835299372603, -0.0022315833861915298, 0.99999604148296661,-52.476908418527657
62.403575323449125, 0.22336206648220289, 0.00057208499607648512, 0.0038561887264944128, 0.99999240123476085,81.561432413235892
62.45772388235801, 0.11932689709189913, -0.0011274116636172881, 0.0017511014241616259, 0.99999783129102005,122.77465060748456
62.252782981949487, 0.62660620846949777, 0.0066471088160577601, -0.0086841660776336635, 0.99994019881387086,-52.568524537576209
62.506910154178847, 0.19851098958210492, -0.0003669295025352377, -0.0034451785844540955, 0.99999399803561884,-96.079381839877684
62.419883659615373, 0.12048843403676616, -0.00047096644839007037, -0.002049501433670844, 0.99999778886479451,-102.9416421342741
62.423341491382288, 0.11658152079441272, 0.0011457919177652643, -0.0016814538281568273, 0.99999792993480985,-55.728335838055635
62.396879880800633, 0.36717880389487217, 0.0055889530128941343, -0.003135545570165568, 0.99997946576827113,-29.293539605467611
62.47875987230708, 0.077286535641150414, 0.0012467312890528338, -0.00051497900757760113, 0.99999909022844347,-22.443726176933186
62.35259419685709, 0.3114577340667179, -0.0054019810069316715, 0.00060663269655479677, 0.99998522518983846,173.59263179944315
62.344781788514823, 0.49867226628831046, -0.0086989680414074674, -0.00027655642526414271, 0.99996212501852189,-178.17907358089619
62.419050480288021, 0.33779927631894857, -0.004851306812854104, 0.00335019565900641, 0.99998262035460084,145.37197580930373
62.277887198530323, 0.3912585106383385, -0.0045008713932060415, 0.0051354890718784641, 0.9999766841825336,131.2321371993032
62.351490657379095, 0.20567388170469739, 0.0013744877321754025, 0.0033161086724709725, 0.99999355708261761,67.486572839902536
62.394061081390312, 0.22706910490105348, 0.00062876681077623587, -0.0039128965615599478, 0.99999214691556271,-80.871130534748175
62.432077111211804, 0.55754789665885252, -0.0051803093781105074, -0.0082373947640425622, 0.99995265374028985,-122.16484933514863
62.329420697199403, 0.21277153752667358, -0.0036941938375440867, -0.00037871522417435893, 0.99999310472956238,-174.14669464546688
62.298314635696556, 0.29070629839668183, -0.00051209970422551971, 0.0050478507718146751, 0.99998712839540005,95.792784151109657
62.382974122417465, 0.31403953291639136, -0.0045071882896151171, -0.0031187457613866274, 0.99998497922648699,-145.31873020591712
62.401482799011852, 0.30427538725921877, 0.0044699746995909475, 0.0028673352407022784, 0.99998589875797872,32.678777599429012
62.285707636967004, 0.24501252437637747, 0.0035903955290606201, -0.0023228169471966598, 0.99999085674888766,-32.900966491328326
62.317465636869848, 0.32402045728761381, 0.0039204797809879429, -0.0040756660611740766, 0.99998400926437048,-46.111835998473261
62.297301635677549, 0.3353962152927028, -0.0040781822559248886, -0.0041993619609987879, 0.99998286674752968,-134.16127422120042
62.412820972985315, 0.3130280989047699, 0.0051544312582021178, -0.0018110670510872906, 0.99998507582590501,-19.359495454293747
62.265433276121449, 0.28844141591253875, 0.00018963905270199041, -0.0050306580309769471, 0.99998732817811486,-87.841162151471877
62.47624939158009, 0.047840684176386677, 0.00031777309579853944, 0.00077214470696122957, 0.99999965140634473,67.63057816563871
62.322226098090184, 0.064707652403871121, -0.00092363872369225148, 0.0006498834950679997, 0.99999936227127217,144.86931264290058
62.481428979853533, 0.39685671473809342, 0.0046637914015005746, 0.0051209452101630215, 0.99997601219725141,47.67497749036437
62.299471021828403, 0.37334811741702101, -0.0040549940700953324, -0.0051006552374635522, 0.99997876994426249,-128.48451468649145
62.353751217988879, 0.4766504772900253, -0.00048987296119010573, 0.0083045884300355349, 0.99996539631903747,93.375864604132232
62.36709677523789, 0.86521326955225242, -0.015098076127359274, 0.00025600350108350947, 0.99988598477999469,179.02858386982948
62.34663261816425, 0.53909798760241923, 0.0041243357746717771, -0.0084567830291575816, 0.99995573535792848,-64.001712592295888
62.196663166506163, 0.030943663673520097, -0.00049060554769279668, -0.00022578859978865181, 0.99999985416284176,-155.28696318944313
62.463050204644986, 0.027286738852923442, 0.00024886208361815833, -0.00040604858792937001, 0.9999998865960974,-58.496390348519277
62.253574598964043, 0.3300986440294732, 0.0052583666015740323, -0.0023541209714327584, 0.99998340370984906,-24.11761081792373
62.282520851663087, 0.10471552432211079, 0.0017063677612960623, -0.00065462908364202787, 0.99999832988351844,-20.988757447465073
62.512204941406353, 0.14364113005136742, -0.0021684977128365876, -0.0012580568169754942, 0.99999685745041955,-149.87977957085448
62.348094317731253, 0.14742803101258251, -0.00023326809761877078, 0.0025625062756674047, 0.99999668956831156,95.201369512658488
62.471741929824361, 0.23058456845605851, -0.0038201693809480739, -0.0012658973654684532, 0.99999190187209064,-161.66624645953598
62.201016945927385, 0.048148538787627308, 0.00042725946558038776, -0.00072362849540051567, 0.99999964690551246,-59.44068317784393
62.415536388963346, 0.15155907473372815, 0.0020348605316563022, -0.0016900991322509476, 0.99999650144764995,-39.712088586662809
62.361180863242261, 0.065591303470221934, 0.00097530029890882295, 0.0005994327596933499, 0.99999934473463192,31.57544654790183
62.399330845757348, 0.53830552096530804, 0.0089049620650082199, -0.002994813257929605, 0.99995586539815384,-18.588222888281646
62.314850723175319, 0.33061363817677003, 0.0057664080772567633, -0.000210927661469485, 0.99998335188512422,-2.094870656939849
62.382950769847064, 0.56068720650613957, 0.0039832473899458461, 0.0089383055120132796, 0.99995211907111048,65.980437175338039
62.399298729595699, 0.11411991192348195, -0.00043785992003044915, -0.0019430424667484423, 0.99999801643036423,-102.69933740227412
62.407014543631583, 0.019870179203522569, 8.0740011715192079e-05, -0.00033727039660345128, 0.99999993986486324,-76.537181404916879
62.458363658324743, 0.34797955754188431, -0.00095489207784333285, -0.005997814739248368, 0.99998155702966507,-99.045951254314261
62.562730019613312, 0.94948341840298234, 0.0149144005588892, -0.0072217613916531554, 0.99986269398271432,-25.836914950435798
62.30630249350753, 0.16669928563226116, 0.00070949446366956321, 0.0028216132160909617, 0.99999576754927544,75.885594789858985
62.462599849232568, 0.13232331222793114, -0.0021800071380516542, -0.00076239465192857276, 0.99999733315808037,-160.72418722355295
62.398043170241372, 0.28121177220404253, 0.0035448737913451006, -0.0033945309632292713, 0.99998795544213581,-43.7588759442149
62.442399481075746, 0.27458820602713785, -0.0020732601370646664, -0.0043207833551971832, 0.99998851614586126,-115.63329007459321
62.367433581306251, 0.098198904898249229, -0.0016274940355236517, 0.00053730220469374917, 0.99999853128367422,161.72983467185441
62.448383498722002, 0.061849776840489264, 0.00078244306709754526, -0.00074368294117159439, 0.99999941735909526,-43.545130416088149
62.351460620355489, 0.11166704836996212, -0.0014595643966105216, -0.0012915505887873028, 0.99999810078262086,-138.4947797261168
62.48508782694698, 0.53487861664439751, -0.0067844552175793365, 0.0064123472649408632, 0.99995642553561026,136.61513121384806
62.446637135572303, 0.45120403084983374, -0.0078609269187449541, 0.00046915563900330835, 0.99996899237974601,176.58452614550768
62.414740035675223, 0.48976324696580292, 0.0072036326649654418, 0.0046015084104104736, 0.99996346623103038,32.569467936367367
62.311321292453968, 0.40149824528532668, -0.003528752852535403, 0.0060540634123313853, 0.99997544780834757,120.2367737675899
62.320652405519205, 0.52743517074873081, 0.0083964146988355307, -0.0037734194690907654, 0.99995762986524361,-24.199551969501851
62.457864444817616, 0.31056088001834631, -0.0049607657530006833, 0.0021840958455834449, 0.99998531015634495,156.23735739805215
62.34846569269164, 0.29374340270765054, -0.0018191165173782236, 0.0047931780410249225, 0.9999868580433261,110.78285557232429
62.449801564019403, 0.36079767780098959, 0.005611449250211187, -0.0028573895303316463, 0.99998017328464284,-26.985515285937257
62.416431013000476, 0.17693910643454264, 0.00035291552812758277, 0.0030679332059231684, 0.99999523160686821,83.437901257300325
62.299039410225667, 0.16103894260821827, -0.0020249750401052, -0.0019491699877299058, 0.99999605009842196,-136.09275904546217
62.463603283297701, 0.065777664129121657, 0.0009732575728461382, 0.00060889871319671184, 0.99999934100581001,32.031314919218737
62.385140669716399, 0.21324863708295466, 0.0013904170807595912, -0.0034524118846670344, 0.99999307377227376,-68.063485911244143
62.313358310494571, 0.27372840088557931, -0.0041680680883127994, -0.0023347754728887714, 0.99998858795083367,-150.74429525729229
62.410794961269779, 0.33282452358785186, -0.0056282047003895176, 0.0014373805861256604, 0.99998312848212656,165.67353224516384
62.419475233079233, 0.19258730881366998, -0.0033098893639851622, -0.00058550047805870067, 0.99999435089483801,-169.9684796169939
62.526257417983722, 0.20654871927325361, -0.0035625835152368543, -0.00055103948894640498, 0.99999350215597826,-171.20750110658895
62.360093789988355, 0.17933514034878342, 0.0031003704288701459, -0.00042953491783196383, 0.99999510158948179,-7.88772426449873
62.449436225494125, 0.56762058006113902, -0.0022860457699124736, -0.0096393164538875441, 0.99995092758246862,-103.34169491284736
62.401503575571105, 0.30607124066066871, -0.0019788289496354321, -0.0049618951936918248, 0.99998573181424699,-111.74236400013791
62.335436243125628, 0.2057822295887867, 0.0031344911854313787, -0.0017533790552866357, 0.99999355029264902,-29.221879111562867
62.358512070353648, 0.48844101502311393, 0.0051847588614153811, 0.0067668679464762821, 0.99996366322669139,52.540746083302295
62.399699598121849, 0.23250258296986928, -0.002563905314619168, 0.0031453362972687932, 0.9999917665906628,129.1850275137862
62.342422048867185, 0.15669608674468288, 1.5724906377909637e-05, -0.002734814021542646, 0.99999626026550459,-89.67055864395526
62.432521042749123, 0.47750615776150884, -0.00093698590750996896, 0.0082811180580414905, 0.99996527196754093,96.455406475489042
62.406757905844941, 0.32348191350183658, 0.0012802931465909838, -0.0054987129974832377, 0.99998406237541104,-76.893055797553131
62.335383661696277, 0.1998053329855439, -0.0018068805574767419, -0.0029826367704203255, 0.99999391951178718,-121.20746984355654
62.383984201970542, 0.2055829139816478, 0.001758885436181287, -0.0031274141559827248, 0.99999356278064089,-60.646213341578807
62.418955406577268, 0.67392246834563585, 0.0036413095578406991, 0.011184052626712937, 0.99993082652328846,71.965760298874926
62.465351439460832, 0.35078114072598843, 0.0053197414754730674, -0.0030302254822537193, 0.99998125886646549,-29.666658253064149
62.328479199207827, 0.54415347297582528, 0.0059167977344753335, -0.007428790292341913, 0.99995490127273334,-51.463781247979263
62.448922912136503, 0.039449533801350356, -0.00011009777146034331, 0.00067966466233982889, 0.99999976296718573,99.201323911649766
62.407984600966572, 0.62031071596451115, 0.0038359784988705303, 0.010123883661931619, 0.99994139440697016,69.248109025501819
62.411105662204065, 0.24455990329744393, -0.0042432133010120157, -0.00046266609020482351, 0.99999089049899414,-173.77723884948392
62.257515461182976, 0.28261517339585973, 0.0013213846762204187, -0.0047522568929942097, 0.99998783492448573,-74.461190235372712
62.361327987299369, 0.32354449953484665, -0.0051802711894780688, 0.0022476923138542073, 0.99998405620773045,156.54423271602118
62.35399017269112, 0.26366603485901696, -0.0022101939351829416, -0.004036313746665408, 0.99998941155099608,-118.70411403758291
62.293648609502995, 0.26625135242167097, 0.0039811202245767247, -0.0023968289479512463, 0.99998920288808701,-31.049996032509608
62.250674887023166, 0.49494043788349346, -0.0057572704779570577, -0.006439945862384687, 0.99996268977093994,-131.79651074970388
62.280372136517165, 0.090381616108399995, -0.001100195288297492, -0.0011304592739850659, 0.99999875581530473,-134.22269799246061
62.327282541753945, 0.090488919085026195, -0.001108431691742708, -0.0011250151182507103, 0.99999875285930639,-134.57458450143278
62.402621374428051, 0.17527987253203051, 0.00214193862725876, -0.0021842254874216891, 0.99999532061802021,-45.560029946375245
62.36040750187864, 0.32117914203032794, 0.0055552583365413542, 0.00074960176548021537, 0.99998428847757781,7.6848203759935094
62.283477565144636, 0.31917688221717139, 0.0017545807323537002, -0.0052871244141078164, 0.99998448376056492,-71.641101646305799
