55.747665524046369, 4.109593933170272, -2.8810281172900315e-05, -0.00010697614812846955
34.438526507584015, 9.3189140343071113, 0.00014359208933229536, -0.00018275585375252307
42.202403107931744, 9.7588629541501675, 0.00046797305565985655, -0.00082964185632933545
36.772543921055082, 10.047736052286274, -6.9770942484347325e-05, -0.00053044902958914049
27.008921003299481, 5.4608693896866463, 0.00026915365045170677, 0.00022045367414738921
35.143929819915691, 9.3953498006125855, 7.0288690603258094e-05, 4.4985540154102094e-05
37.358247737823923, 9.7764371335529194, 0.0001840466218377138, -3.8727470384870185e-05
45.782002204712342, 9.3093868954671759, -0.00064366181872855426, -0.00021528472466851624
49.18977436195334, 7.5152962819474478, -0.0004000298132425487, 0.00044429996285953174
31.306766194309329, 8.8139897931564501, 0.00034191954279615789, -0.00048950343691574801
26.03452517553216, 2.5958851714510507, 0.00012583854161096099, 3.5615964492746076e-05
33.839326494269748, 9.2764251520043821, 0.00027979764955528242, 6.6694888178065771e-05
32.421190768659571, 9.7363308105217712, -9.3700983230331233e-05, -0.00082369744969904512
37.515571423470433, 8.1437877103660643, -0.000876057638302505, -0.00026850287724587994
27.669126429645285, 8.0915747007557037, -0.00068022416079015289, -0.00014105258112824231
52.999579430962768, 6.4576824556430594, -2.916746807144748e-05, 2.1340061338473548e-05
32.854662714776808, 10.055580571764779, -0.0004277787773370661, 0.00075012345662539147
52.676318819539304, 5.9592235090225234, -7.677107317955889e-05, -0.00021901017666169792
52.021645351331038, 6.4672911447089367, 0.00020130101321888083, -0.00011474321840301065
46.441946606584445, 9.0586126902933515, 9.023708778353654e-05, -0.00032979083547210908
50.9464438045202, 7.1052628454503299, 8.7954650033895016e-05, 0.00028111634679175198
33.042707017669301, 8.7186985936829409, -0.00032683184365340519, 1.9947272481197999e-05
35.790053859245447, 9.8372640820512611, 0.00022282871107125326, 2.7749208059938482e-06
27.767569464288233, 5.9787262322920718, 0.00024723746841306542, 0.00016509167825163538
36.246896324445927, 10.246122929544157, -0.00059609388894521866, 0.00017168075175267181
47.07949300847887, 8.2574537111835902, 0.00032114132063184003, 0.00079701711884270284
57.079863987065188, 1.716008452041522, 4.6808528935636308e-05, -3.8397350840590512e-05
45.242158314357454, 8.2936370979030958, -2.2153979649372192e-05, 0.00091132834071248219
49.451725004285059, 7.7633627785653445, 9.4156116697524092e-05, 0.000382780573103573
49.33798291596716, 7.5218482610399366, 0.00010650108247849364, 0.00056337856363658674
34.598109203533895, 10.126955973702369, 0.00076304592499788488, -0.00046482993600028161
43.989331865743445, 9.5725890958028081, 6.3950920446889244e-06, 6.8217540836686174e-05
35.446464156313453, 10.086068664575199, 0.00038942407152740073, 0.00081369912143662755
55.14081597193131, 4.0762923188330706, 6.3543528166134443e-05, -0.00019785296027837785
45.296885973901858, 8.8127679854953254, 0.00068779791142911228, -5.5247865799939997e-05
39.149653022082283, 10.059854637891135, 0.0008050444189665909, 0.00020308080631661123
32.119215257557904, 7.8746807080717183, 5.8849747287256135e-05, -7.8266169475173748e-05
25.905599811059293, 1.4903340612361822, 4.3271027969559455e-05, 4.6548741860176916e-05
43.135429411341725, 9.5880009504243713, -0.00022618070217194614, 0.00028560624095976103
41.117284623095202, 10.245027466577167, -1.0379825819629678e-05, 4.5601014735195356e-05
27.48717295021298, 7.2593676355265462, -0.0003706478905960948, -0.00023507918539499172
30.71483265816342, 7.4562371264239573, -0.00016831856859626757, -0.00021384646462535537
28.338526443262008, 4.7203301000433964, 7.6898332259837368e-05, 8.3959506805996313e-05
33.491274001933903, 8.7821584053228641, -1.6558200199095192e-06, -0.00030385031298665378
57.531958387258733, 0.94211427703093154, -7.7667916057309503e-06, -1.5787261738865604e-05
47.991515871181953, 7.7213882240064473, 0.0002229061611634143, -0.00060909543800637404
41.739618064063883, 10.179486038802798, -0.00025177587840512607, -0.00065973815812538853
29.643159164465171, 7.9117078594502157, 7.0183770578871778e-05, -0.00058102348764481576
42.736781850411582, 9.5687934404661039, 0.00060507873117889379, -5.4203402801747241e-05
27.734618679367848, 7.7644297783910616, -0.00059869393864450259, 0.00028749385820432747
48.754709816406098, 8.2434158438819072, -1.0924526073441358e-05, 0.00012960012194576805
25.092877844532286, 3.2764640765126449, -7.5394296696930943e-05, -0.00028120689567580007
39.715594629692426, 10.861656425663625, 0.00053307449443408712, -0.000894219741172255
49.848897375921723, 7.3794376529161925, 0.00025868697923550702, -0.00027323092380646526
53.287903329596524, 4.867278268414668, 0.00024708753201554306, -0.00035941042360271595
50.205759849896708, 6.4754370723344561, 3.0041191687741725e-05, 0.00059256426504630019
42.533578416400488, 9.5681300061701116, 0.00053792133774152031, 0.00069720975567793934
42.222189946882104, 9.9943223213200163, -0.00067659678115325743, 0.00044391800414808971
40.927878995188017, 10.01385106222593, 9.4408495926220169e-05, 0.00053632335799573213
47.559806229221458, 7.8922672643718537, -0.00037674679797001034, 0.00069714064914277334
55.894457540172787, 0.86931571207215885, -9.6280040258594113e-05, 5.1458648688775575e-05
28.53793661256675, 8.6770339988349399, -0.00076641909437201677, -0.00049191224190769272
42.627722513740729, 9.8666665676324552, -0.00012160633040498775, -0.00013255818942938265
24.747901494124648, 1.8820132350335821, 1.9935448116402097e-05, -7.096862652381677e-05
32.350430324002701, 8.4607503306839806, 3.2926376399480997e-05, -0.00013865828738360452
43.345203885962405, 10.163807045547133, 0.00012643535387756976, 7.4915750620947177e-05
53.332104910333179, 5.719179246107772, -5.3281420679418113e-05, 0.00014798815160887801
34.476253086000305, 10.088576037457431, -0.00079173474296367116, -0.00031616838779888114
56.370244747907364, 0.46456938252752766, 4.4201505034849518e-05, -5.2044613413982584e-05
30.935650458109802, 8.2769375576300686, 0.0001061723712311194, -0.00048396877868492929
32.645109764275297, 9.4254169614891037, -0.00050860052886548949, 0.00014797704858823262
31.347253314697497, 9.2408584954361324, -6.1093466499089025e-05, 0.0007118651030413915
27.4776039612813, 4.8560035719513133, -0.00019659760795981781, -0.00019151182826254885
44.335335850897039, 8.8408993845543584, -0.00091043364431991436, -2.3487406473011293e-05
49.554211919881112, 8.389821121338862, 4.760064913259281e-05, 1.9178049520635905e-05
55.409143958454649, 2.7900234238587998, -0.00013778787764699387, 0.00017249231171293525
46.803349569560986, 8.5441400515731054, -8.8033717993468298e-05, 0.00037368240017904476
31.187169219203398, 9.4751489176302481, -0.00029193614834468334, -0.00013325575012659277
42.616678310572958, 9.5413712911361479, -0.00010118031385069426, -4.7927906150942561e-05
46.478306493929423, 8.8123775602449914, -0.00026904016884712211, 0.00072056578548210931
47.735057358349657, 8.7332136316956159, 0.0004981458251360055, -0.00012602006441101286
47.185893142410208, 8.6181665363689746, 0.0004924787366920372, -0.00041042015635812159
24.249507653443754, 5.1599997188132205, 8.5452513633426801e-05, 0.00038945827633110906
37.725585944748623, 9.6245675934182131, -1.3293954499496542e-06, -5.1722120952183237e-05
25.476744383964075, 3.3929530070193259, -4.0479705589944338e-05, -0.00022724463942089607
36.88174857833922, 9.6536315960747796, 0.00026898882315287963, -0.00014645320027219987
44.389384684787352, 9.3117194336935487, 0.00044765260277595956, -0.00014538971208117847
57.602251012063817, 0.22237880819900796, 9.4291994557211457e-07, 1.0914602646923153e-05
51.18684569452433, 7.284020629507105, -7.4250572506238796e-06, 6.4827392546056988e-05
41.455390898070071, 10.092592281158961, -0.00057197905036233704, 0.00043507840130766108
46.102703087876328, 8.2944834319672864, -0.0006601199321162694, -0.00010108488587857922
52.483314292622204, 6.2944606820911924, 0.00029813776958433432, -1.7001937634610483e-05
31.177391790096969, 8.2635603678270879, -0.00048325099564011328, -0.00045776090200383743
45.923349246053014, 8.8219832832479472, 0.00045358158855098626, 0.00064550194450412816
41.533374086299325, 9.5685416221037869, 0.00030872884773610823, -6.370226704980807e-05
32.899013341175795, 9.3196161321040556, 0.00023497243787378832, 0.00022672462432682988
24.718661616478148, 3.0525755861533428, -0.0001161393013885221, 0.00024718931366361205
51.913872969055859, 6.9635820836527325, 2.522943283029537e-05, 0.00010552185094865499
29.558515493226334, 7.4548917272995041, -0.00014778130806218984, 0.00038341956502171434
38.519453590578493, 9.6681240139424176, -0.00025645213894744502, 0.00022644752803839866
53.192413488147707, 5.0221602932338412, 0.00018716330890513404, 0.00043388661378142925
46.384903825802262, 8.4275318362827374, -0.00074529762310165178, 0.0003192143887586917
28.510149505071663, 4.2754851685726027, -2.623473386969396e-05, 7.3690682015930785e-05
54.839988510633098, 4.4172829500777837, -4.5275292905265942e-05, 0.00012349841779855109
29.986102814062541, 5.4501669838051523, -8.2422351963747746e-06, -2.554827158245203e-05
33.876351038517313, 9.3042068040266912, -0.00042382397114008641, -0.00043429697766377359
33.278626354541132, 10.47650164183489, -0.00080734591160297323, 0.00040118991461254232
53.440165255489525, 4.7906890659474595, -0.0003954471606724461, 8.0142834156866146e-05
35.076455973133015, 9.7943821932803008, 0.0007681290732555635, 0.00036871282689772053
40.381342862543583, 9.7367039575505085, -9.756287688465202e-05, -0.00017661386426963998
39.320357612144242, 10.917179003379548, 0.00066223054930269673, 0.00036191504589777612
32.332363812122864, 9.0724130700171628, 0.00011226258237143624, -0.00038423396065057319
51.911394933320366, 6.9890643568935245, 0.00015721323763026078, 0.00012479392998957393
34.248159882120852, 8.7313465991056169, -7.0880399479701704e-05, 2.931294615446907e-05
38.929861570743149, 10.247172531429353, 0.00087612464892913345, 0.00016743105005872643
42.050879365565478, 9.6675660066664779, -1.5103920170255248e-06, -0.00031532407052058879
34.564376186575423, 9.4696747285498617, 6.198497083753689e-05, -0.0004298799189162019
27.953227982840104, 2.132875579158227, 2.0714362201533559e-05, -2.0413872659590117e-05
46.396323919884132, 8.884447429897298, 0.00030689959361116252, 0.00017137905254867921
45.366690389332881, 9.2627932343594335, -7.6047247460112188e-05, -0.00028161821775310968
34.008919361639649, 8.9034970900157688, 0.00018658372362979686, -0.00013724790034336468
38.608073835435498, 9.8912573779120514, -0.00087427104015044214, -0.00019128144169049634
26.80470230852443, 2.7635493801255668, 5.1830286806101956e-05, 0.00012918792996322075
33.371543886050326, 8.5676004251648301, 4.5256005884702863e-05, -0.00029960631754652548
31.338059179701805, 6.8412356543468329, -1.2124555375576843e-05, 2.3784467003042409e-05
35.487862584585379, 10.65748170980579, -0.00012788319070987774, -0.0010744091201061023
41.320296383644987, 9.4359809166695285, -0.0001995802662166735, 0.00065960757303032175
45.284139157127981, 9.4070133526802984, 4.4319759923161629e-05, 3.2227740210762769e-05
54.790959777916669, 3.0017589341417046, -0.00027277000318210668, 4.3524572853420889e-06
46.377022404180927, 8.9199176902898909, -0.00021389722871622147, -9.3885357422757976e-05
29.700408396984528, 6.5231663949562666, -3.9196730268930432e-05, -0.00016578437126140268
29.512672056829985, 6.2122067642879921, -0.00074997829069524586, -5.4577650616226702e-05
26.648216965522042, 2.8919856329327773, 6.4143494770297553e-05, 8.8233492230029679e-05
39.9916351039384, 10.018850562036951, 2.2014050387268474e-07, 0.00032850669715834072
45.835363970055226, 8.9252275333670887, 9.3065271342764722e-05, 0.00055242662955762951
54.862161838339802, 4.6252827414972639, 0.00010746387296383248, -1.0580547166609512e-05
35.614329955558816, 9.9666308642383967, -0.00035862670671164322, 0.00014559442157052675
49.274956444345115, 7.9395724466162685, 0.00050219789763149573, -0.00024186289426865543
38.625577928404383, 9.9846455821732594, -5.3582207225766477e-05, -5.874731680987932e-05
37.703067491573947, 10.275604037885188, 0.00028446010806104839, 0.00056179681937647979
40.706952702548179, 10.396818973919908, 0.0011066631406047469, -9.0446412746264434e-05
52.402319127818529, 5.8522876337491958, -0.00035260124421685217, 0.00032427475332515203
27.437048423545104, 6.6174537445733801, 0.00058459955572691879, -0.00021154816345653448
28.066420543851127, 7.2475265985136126, -0.00019332433847252776, 0.00054122769974758336
31.414510956504714, 8.5768055248376562, 0.00035426796960796706, -0.00053356108090694639
47.872081063759687, 8.6637279037709725, -0.0002859548082672681, -6.6691049927702356e-06
32.239498450918418, 9.579370531268756, -0.00028349023309449581, 0.00046830781249406747
32.657016836448619, 9.5078201424999662, -0.00035459184590523775, -0.00046169207990347943
29.503695409739681, 8.083655140602767, -0.00051190487299125761, 0.00034865344427028656
41.782674670474947, 9.7623656540494625, 0.00035352291186244297, 0.0001268157634253041
51.462418493398523, 5.8972173705609059, -0.00058369317699637365, 0.00019186350480052849
47.81812399547151, 8.4596376495782284, 0.00017593681483348093, -0.00054105355689055873
48.503163499708897, 8.1411236342485083, -0.00060917807099280304, 7.5652104156168906e-05
36.347116034891961, 9.9580690658471553, 0.00026549526670681037, -0.00011762091074500342
27.931555092451291, 4.9509832233335258, -0.00017752857038872883, -6.3752572673359345e-05
42.337548501188685, 9.7994637151262545, -5.5333907125751902e-05, -0.00024432750177287577
42.551332645905937, 9.8757340338722077, 0.00032891855414129669, 0.00015843982736258252
29.206920827355429, 6.0509793454638565, 1.9032286299566889e-05, 0.00016402766818172189
55.435943913819862, 3.2270313612761656, 8.3723263299078461e-05, -0.00018453869058319646
56.421686170042825, 3.3729648959361622, -1.1000810420110453e-05, 2.3586557451533021e-05
42.622935638087398, 9.5150036937009279, 2.4060260807809787e-05, 0.00080184422805469884
54.565008609276617, 4.9725701946638736, -2.1366160305900897e-05, 0.00019339894982258862
43.621754711765668, 9.3073114726531561, 0.00032509031354755125, 0.00019744576460494802
53.439734378958782, 4.6577297395877553, -0.0003983708511611858, -0.00012612726699308296
48.618546308302435, 7.9954114152222964, -0.00074495796593422711, -0.00013900508826158144
34.68001755505221, 10.142894066736371, 0.00078122737857293668, -0.00071237903777706692
42.981239377636548, 9.5994510845075762, 0.00015968924455871336, 0.00067060618477146031
45.665309484705325, 8.6990937598863667, -0.0001059080016961411, 0.00011960443518873111
39.813091900364761, 10.032248903751631, -1.306924101231925e-05, -0.00030994017502145754
42.781009967208242, 9.7561669723338245, 0.0003009422587198929, 0.0010078126231353346
27.177375046645995, 5.4747051523914445, -0.00036519333712250606, 9.4020129382797022e-05
44.787407774491683, 9.2311557042179508, -0.00022801547824511761, 0.00063096984941657006
29.339296971061565, 7.3595938115421395, 6.0556814521919368e-05, 0.00045261625725799608
32.29347359921627, 9.587489924196527, 0.00098470899259547233, 3.8559761865401795e-05
41.956783204991829, 9.7579508078675588, 0.00084479851002294945, 0.00042591472221506499
32.789447149976347, 8.4406311183742613, -9.7152945669289534e-05, 3.7509415768049759e-05
32.215823601227228, 8.1643516353161694, -0.00024064333209890135, 0.00054235346367906008
31.5363652975077, 9.4484872432504545, 0.00022254138096866198, -0.00098630543958260625
36.233115377628287, 9.9754048927479797, 2.3374918535624213e-05, -0.00023226872146383607
27.498734362682882, 8.3465006139463735, 0.00036968852718852234, -0.00067152947895149297
33.288883532096833, 9.763249291362607, -0.00075714025123264038, 0.00026320736097694371
33.874210749637385, 9.6254295567734687, -0.00023301441293266455, -0.00098275290663919442
33.289684138787443, 9.1141529591529213, -0.00036629049311657781, 0.00010184994685754492
36.479584861004525, 10.144114193062743, -0.00031018191834315687, 0.00017745916310480485
49.165716924646496, 7.1460434870120695, 0.00040111299634276477, 0.00029075955293748272
46.266150121438216, 8.9727426389402076, -0.0004176883468804407, 0.0004290895413134169
36.480985381076763, 10.054794450662881, 0.0002838442585790771, 0.00055099414707257392
34.910006528168203, 9.6886858673868392, 0.00082493502261129267, 0.00046916584188502411
36.319157261873507, 10.405761287151407, -0.00078791198052855546, -0.00010235274323113821
27.246530006400793, 4.3289013060030745, 0.00018911191245597265, -2.0847333747390983e-05
51.788173521367391, 6.2197403110707947, -0.00026500841557525737, -0.00010187268270594231
34.324550563239917, 8.9762629258391904, 0.00044306536753071693, 0.00039608529296931766
25.940996086768433, 6.231993555746044, -0.00045732827060849932, -0.00024552196748044191
34.891016416692516, 9.6303809178621584, 0.00019347646815139362, -0.00052952160959312048
27.559176250574506, 4.6797054403428326, -0.00014451449150607008, 0.00012179171693600977
43.373330771985366, 8.636826951304986, 0.00066391303260891603, 0.00059403306328159415
52.328441143700381, 5.7287496021866628, -5.1896692951719273e-05, -0.00051345284834554818
55.153988212462025, 3.926783513475149, 0.00013820985567367892, 2.1773368019018288e-05
53.565088802313767, 5.3238379367440487, 0.00013754908113974428, 0.00026269150995267081
31.994534206181552, 8.7159876035505413, -0.00082120089564901818, -0.00015063429385730713
37.735799479859175, 10.394728831299201, -0.00052589299309654535, 0.00089887331920269391
44.572703603740877, 9.4033005954206565, 0.00032632568460258488, -0.00042766204437160523
34.745578486762973, 9.4799290113869166, 1.2861027310157273e-05, -0.00041556181796776156
35.374453595197586, 9.5139289531830435, 0.00028522585417703575, -5.724350454409927e-05
38.420130610434633, 9.3965675357353362, 0.00015103115994498988, 0.00029091642468327222
40.04305143366129, 9.7597511017891101, -0.00072478651862008649, -4.9422531643579553e-06
37.121806904588858, 9.6990930844373207, 0.00026242618310413842, -0.00065321636363192305
25.646940940785477, 6.7964686058743187, 0.00062527549190488727, -0.00030643909464044195
39.221674025139528, 10.345209657023146, -0.00055122676428147712, -0.00058831047294770301
34.118616276863882, 9.4852726759592461, 0.00071002828523967295, -0.00015211873827141676
54.852968601401592, 3.7893816945370262, -0.00013993180508758296, 0.00018719772545460603
28.039452625801761, 6.1755332654299977, 0.00028744748236908714, -2.3226412458825484e-05
49.28422330372868, 8.3959511873039823, -2.5843313885809095e-05, 6.046730180864649e-05
54.518513256512072, 4.4390917544440676, 0.00029783455126103478, 4.1336054863289867e-05
41.152123282217246, 9.7718802186779197, 0.00068636879690381575, 0.00049382307210776172
52.074182682592827, 6.7741490235282225, 5.0182699310159593e-05, 0.00026050615737294733
41.175738840285582, 9.7030663755269497, 0.00098371698202400545, 0.00016331013164843188
57.114229172796769, 1.5073066924652561, 1.190188661213705e-05, -4.7326870159855019e-05
49.895620502665302, 7.4196347650985883, 0.00068625470228408675, -6.5240674571363319e-05
34.294427967793531, 9.2671804811620451, 0.00021748309802120089, -0.00059713450873273891
39.84324970664256, 10.045198468404575, 6.3602844669285761e-05, 6.6856228306579125e-05
39.876438659204659, 10.360979548448507, -0.00031868769101501561, -5.4227536417034538e-05
31.545043946127024, 10.513676926502406, 0.00086229893290391379, -0.00063562001554049255
51.877558310237106, 6.2528110196500286, -0.00050337752094985514, -0.00041444863175674147
43.489235306265464, 9.6381974371771015, 0.00034879690752034713, -9.2590650320861513e-05
32.82816275509451, 8.9282094272566042, -9.0747845202358626e-05, -0.00024256651835947318
50.29087091372449, 7.2236207256220695, -3.5985704560754176e-05, 0.00020680814227752931
33.597568870157104, 8.9187990073228196, -0.00018842234860707939, 0.00019383445961935675
26.453992638334658, 4.2045454899122516, -0.00025593873866188566, -5.5063457652625438e-06
27.775245175660572, 4.2938672752311327, 0.00010256699602377068, -6.5002514493998497e-05
40.164651730760042, 10.184942175764146, -0.00029018975098093065, -0.00022385345879355549
31.150643599355853, 8.6184840010971726, -5.8393477222571669e-05, -3.0495694825662276e-05
45.551729961401342, 9.2334506075561045, 0.00070579966589421163, 2.3623701176270008e-06
48.595130322044234, 8.3148499114570935, -0.00011166476720241297, -0.00011965272592236196
57.061702082751452, 0.39770052610084933, -8.0262028502304238e-06, -1.2754065061462022e-05
42.281395788489064, 9.3728495079961238, 0.0001308522878222646, 0.00057470946537101003
41.242218555843685, 9.7584859438674023, 0.0006227751615038242, 0.00037477815887870862
32.508315347962544, 8.1957687914589545, -3.9441496312654993e-05, 2.9077111803908968e-05
31.038519148706616, 6.9400329740370674, -2.0791417329809898e-05, -1.3224313046363955e-05
34.582774134342841, 9.5941144987661602, 0.00055241040698063488, -0.00029353942504493723
34.782482025404164, 9.6810775671361053, -0.00014433562012342721, 2.5952212113624849e-06
34.119487684575155, 9.6268748719935626, -0.00090550017743428672, -5.2284916585797892e-05
44.068253385221674, 9.8754178848773488, -5.7977497280833188e-05, 2.0970938824743082e-05
55.033908905836768, 3.4371170339240802, 0.00015911890885041515, -0.000293617968889418
39.57266933709937, 9.6139554571566652, 3.9926804406005019e-05, -0.00013741337819643998
29.02505969651401, 6.6328286546435438, -8.6340797609078343e-05, -0.00020496424869298721
54.014569897327462, 5.5217315876553084, 6.9984461308967018e-05, -0.00011452331187830118
31.523619500384175, 9.4961192709381397, -7.7616556363380141e-05, -0.00091136049925070453
50.549302094311479, 7.3805521080883993, -0.00011309177228481455, -0.00020792273123799372
52.762014973787764, 5.5447026181125967, 0.00033811064270633788, -0.00011879804000898219
35.096696348317479, 9.211432488871365, -5.4516513333592252e-05, -0.00013146740664497531
47.723193608536931, 8.1243709830720459, 0.00048671647393071118, 9.5869590446197875e-05
34.928666240171971, 10.244601722117464, -7.4844920802666771e-05, -0.0009769973536645645
34.483844731469915, 11.011625654824446, -0.0001358493469512971, 0.00089412201975311116
44.667577488443968, 8.9178073759265128, -0.00095287410143158127, -8.2361543055408713e-05
54.3919487845262, 3.796786838629413, -0.00018922639038659216, 0.00032460768853465039
36.497477429035527, 9.8473895014617518, 0.00054472513196437619, -0.00036339092135571986
42.796278002502511, 9.9459366563778406, -5.7351383632181198e-05, -2.4276940846916098e-05
50.426653357033828, 7.2544345994001072, -0.0003320652451330433, -0.00022134615763680821
52.174633869821641, 6.4638651317408868, -0.0003446919911409124, 2.3122291489726172e-05
38.51694342630681, 10.206145517088252, -0.00010459428996254735, 0.00011755779421130756
28.202862193213956, 8.1963553150962021, -0.00041080182358356335, 0.00065802958261896465
53.960661710534936, 5.8687952384904261, 0.00013397706782284846, 1.707559355716053e-05
27.38891281619869, 5.6175041582185106, 0.00014557083713129062, 0.00028106696475357402
38.627142678203526, 10.547124417595569, 0.00019435156409036713, 0.00030384804965508517
36.057933918157545, 9.7871204420178906, -0.00053709293474544487, 0.00025192730057478396
34.85230214790294, 9.896977342162856, -0.00014156359368056335, -0.00067167499150162259
26.15953192038161, 5.0823837402311884, -0.00022754955867565173, -0.00034890986142477987
48.537806905340553, 8.079151593046527, -8.7151906756496528e-05, -0.00055180625542658251
35.313234893120175, 9.1912858099128538, 6.4525562682504423e-06, 9.2209394377638942e-05
31.14441570819541, 8.1624827649428102, -2.1137766663031346e-05, 0.0003095303427112747
31.339191110462561, 7.7762845175437016, 7.746215527806593e-05, 0.00020259750713079561
27.829579613364846, 3.0087303329593205, 7.814016167269393e-05, 5.8643380794985951e-05
48.515532015059947, 8.5393463956770095, -2.9132988871330058e-06, 0.00015891040003165307
32.824036500962336, 9.6934015411717898, 0.00018873986880544636, 0.00083564792296543305
51.220187658079212, 7.4580350801832882, -3.4803108432807809e-05, 4.4633749456223092e-05
24.795160827848157, 2.1299807041978083, -3.2679677227953312e-05, -0.00020912007648291503
45.412683966037477, 9.0307120061730899, 0.00059541009054359562, 0.00035193662977917484
40.469014742390122, 10.006863019236865, 0.00016814425727819981, 0.00022882445120342462
43.226083604271416, 8.9438231647991611, -0.00083002699615076863, 0.0004869206741079098
37.087261035287234, 10.260820644288893, 0.00010916033471655473, 0.00097997724331760992
43.397865598277924, 8.947942707780415, 0.00012450845538327415, -0.00055659183357441842
34.902311585228468, 9.9569510289064382, -0.00080625342228038508, -8.8028077320339359e-05
36.754982241228895, 9.9776015864099428, -0.00027318027690236365, -0.00063816243030001226
31.290089262546093, 8.7613806677603829, 7.8466771830490434e-05, -0.00053979231955079065
45.430798891245146, 9.07042965907889, -0.00050044988311877443, 0.00031453761207308833
44.209830613853761, 9.9254883684399573, 0.00010451696783922425, 0.00010747896107773612
45.725338192527424, 7.9713949368330148, 3.7760711196511653e-05, 0.00081046649008285822
52.42380679242509, 5.5653213348663657, 7.2533923073134495e-05, -0.00051334791563466926
38.370458350216452, 10.245448792691823, -0.00060600556674887034, 0.00064468204285759252
47.005380181624545, 8.6510580259637404, -7.0614552172408485e-06, 0.00062302458864930401
32.408951894840634, 8.2455900266827484, -0.00041885786390012127, 4.6429352040965293e-05
43.788600654613035, 9.3060544185347531, 0.00055172686237613122, -0.0005654724557773098
50.604491788737903, 6.6807903088133909, 0.00044342307948688824, 0.00054624434077653306
41.979785045902688, 9.9654381905552185, 6.9585658821077912e-05, -0.00014765526039710455
29.366346173665907, 7.2144276017816482, 3.1867685768431401e-06, 0.00043455434389070072
35.02712012532696, 9.2415017842877649, 1.5244457100137887e-05, 0.00022191458636281107
31.213940703673298, 8.2984369058384253, -0.00023048806657200482, 0.00024877367808097037
43.047009893876421, 9.7667761254296881, -5.5173134935311184e-05, -0.00025366270310889639
31.00856679131028, 8.9028410347120914, -0.00075422420057526609, 3.4446865496135835e-05
29.257476533268182, 8.5581929297442318, 0.00054513123605308281, -0.00034490398129964487
54.009448329634928, 4.854654802980634, 0.00025400172429777807, -0.0001413886080207963
43.28493579434577, 9.5823457399008181, -0.00096828616236813245, -4.4670275130207697e-05
45.52417154157844, 8.5112843989176206, -0.00028356822940851534, -0.00081139271455307109
31.31300151306408, 7.979618061133376, 4.2883498024489435e-05, 0.00029689047240489657
49.257581121947858, 8.2850783690739878, 0.00025835452974207819, -0.00028108344626500098
49.0071317655527, 8.1184427407301492, 0.0004198068456706353, 6.3344223206728351e-05
48.864136504760047, 7.9453770654581541, 0.00021840548233059738, -0.00057295519971904446
55.955458184239326, 3.283476411337332, 8.9272442701665726e-05, 6.1515821093202866e-05
33.619970059401425, 9.4819339967399241, 6.9035261095673896e-05, -0.0010228974357296694
25.871201201115475, 3.8294207680118357, -0.00023454750186367983, 1.2749490406518687e-05
53.497122413128849, 6.3614482171932289, 0.00012571960353948246, -4.3103287758405243e-06
27.617620848559007, 2.0185629475320286, -3.7089234604031315e-06, -3.8113808947433175e-05
42.090915862848838, 9.697907715706533, -0.00011628731235736077, 0.0005982249884000381
55.196331661751472, 3.4920962009433558, -0.00020420907950102711, 0.00020099151433365385
45.168639637326919, 9.3256488465202239, -5.7996427174085545e-05, -0.00017391272193737725
35.615246525069672, 9.8487817672330742, -0.00027073769275842848, -0.00010138119111585397
48.234478767968696, 7.966214021479523, 0.00014416064589898366, -0.00058249284520252157
50.877316574004567, 6.3704721664410844, -0.00065582231616192349, -0.00010853805000787471
31.101553839884602, 9.0275431369167194, -2.3578809802510212e-05, -0.00065247615479529467
38.133120911967531, 10.09731430366978, 0.00034556153241515204, -0.00011590992309668201
54.332031066802209, 4.2521203720360887, -8.083513520176292e-05, -0.00029460822332947831
37.28845150176393, 9.1880414898846592, -0.00012382043476039789, 0.00056693624564151438
26.078448230439552, 7.917757336193846, 0.00037814363290039816, 0.00048749230196907183
45.662450594261372, 8.9423759562701104, -2.5045205160739751e-05, 1.9571282913574759e-05
34.199721215818307, 9.1334890455667885, 9.8956616456319767e-05, 4.4401173639386138e-05
36.564410995619177, 10.262924792186283, -0.00017485426488889487, 1.2318383129423581e-05
39.184240563087116, 10.065772170782358, 0.00047139496661391037, 0.0003351963640192226
32.893562003508706, 9.342333898487329, -7.0315920879427895e-05, -0.0005498195937430608
46.613514292910814, 8.5696321320529822, -0.00021917888345265548, -0.00084366837045227216
47.043665205530914, 8.1991674849716585, 0.0007912242688026997, 0.00016235993437667095
40.972144382701082, 9.4088025977349172, 0.00042548471650989553, -0.00039561264550783414
36.462316184861287, 10.556839759260772, 0.00097168409672041174, -0.00015412207611973801
34.778103527914979, 9.4236388211726148, 0.00037775929117189635, 0.0005998660767271123
48.93912093891835, 7.8585455308937506, -0.00011021801911588582, -2.9174001971818632e-05
32.977385873544613, 8.9942701855812217, 0.00031978275556823001, 0.00025345828634518923
42.180605102967384, 9.8487854223257738, -6.632710828145767e-05, -2.2837132168939203e-05
56.042445287153434, 4.0275558132669316, -3.453810554003701e-05, 1.5187066030301575e-05
38.291158373271422, 10.092355512547448, -6.2480492361969241e-05, 0.00023742316808682154
51.959075166016049, 6.818679412606703, -0.0001732826865744749, 0.00031014107399063973
54.467097624079535, 5.6514422006420917, 4.7909961805798625e-05, 7.9842974675627682e-05
35.079142635688029, 9.5749193116302447, 0.00030650320513551455, -0.00041030944207547907
54.296912566957538, 4.2957527729064884, 0.00020676654766118975, -0.00018336654583418619
33.01165840902609, 8.8654651476224142, -0.0001868343278267205, 0.0001639704361132279
31.099936660304582, 7.5642650501420707, 4.1006190967625699e-05, -0.00013357674480336164
41.153440861395083, 9.4602820723127934, 0.00060443353538276376, -0.0007344767279961399
52.938093669799677, 5.1529715271835341, 0.00052481172368353023, -5.9122108732090273e-06
37.14434391434694, 9.2397520458096292, 0.00097510734372714333, -0.00012322873828281552
50.784432824441815, 7.0471271655476109, -0.00060720407617250295, -0.0001061563723766885
55.862893401356608, 2.7668252507080613, 0.00016517621273519809, -3.4990123867297525e-05
28.623709462227819, 5.0390556127740549, 0.00010627989540177572, 3.6757981761804781e-05
39.360504823855237, 10.357773591381326, 0.00025770242817882162, 0.00077079718121828814
32.000899903926523, 8.4327100371020922, 0.00030360065950875458, -0.00033170962787268897
37.627790435115912, 9.6282407185606953, -3.1916482597275548e-05, -7.8040341891832829e-05
49.794434432711, 7.8168919955338136, 0.00035236111405150574, 0.00013539440973374801
43.289486121162952, 9.4799530459097081, 0.00054311489167796099, -0.0005830642813899825
48.683014912792572, 8.6590363790418081, -3.3153877481982542e-05, 8.2038612666165376e-05
45.381436713218619, 8.9760662239593394, -0.00054247090315153509, 0.00073731848796034524
37.551870618054231, 9.7056412399647005, -5.9458453361824758e-05, 0.00042684156132291763
50.428023421316432, 7.014463426451834, -0.00050403716010008449, -1.1655431111063963e-06
46.458658998849835, 8.6409126770899451, -0.00061836128103555865, 0.00048249097182124958
34.894574693428638, 9.6334017004471502, 8.8859107047057959e-06, -0.00029563252248292676
47.7220428583624, 8.4704679323976926, 3.8034981092561381e-05, -5.3680627773269289e-05
50.148612792989049, 7.6833067426284796, 6.1466172965598655e-05, -8.4720422561770048e-06
39.017580630768357, 10.164324463013276, -0.00033964698117799311, 6.5912682746041698e-05
27.750804731060551, 4.122647937962113, 0.00013652946990793695, -8.053915124114829e-05
47.219674688251075, 8.6759967847241253, 0.00043435526005985986, 0.00016740730540205941
45.624405777444913, 8.8108464929074231, -0.00045007691019996758, 0.0007161916414039751
37.641362613618291, 10.21284187448645, -0.00027894867903035278, 0.00067704820323037337
32.287366136807698, 9.2098388457032367, 0.00031752899471110317, 0.00017174027132176094
45.135686408614916, 9.3811914909115313, -0.00032362554619692039, 0.00016792959391373605
33.748329638647611, 9.9122109902142537, -0.00038406691067413779, -0.00018723668554506475
32.538060539646047, 8.6029936473452331, 0.00037101894664522546, -0.00044744608515200697
32.595500345833891, 9.5729014682315903, 0.00041473713164502651, 0.00074144709459376338
56.417071529739644, 2.3590916337080321, 5.8269236968799605e-05, 6.8359431706807916e-05
53.07278020265818, 4.9141150477976581, 0.00041498167914733855, 0.00020871704160203594
54.566618542969721, 3.5791038141367237, 0.00012352117115453908, 0.00016281504340048326
52.715778641080185, 4.8975871150792898, 0.00048508518180769244, 0.0001997553269928512
53.370733047631838, 5.1101068111935071, 0.00024265755003806245, -0.00026008294427825077
51.267403489183494, 7.5119860722500222, -8.5236749741880296e-05, 0.0003191619571045756
33.597824941182679, 9.9977567798067426, -0.00042340478253384263, 0.00053508797663610755
45.121351800470059, 9.1431851847649064, 0.00033095217511824198, -4.933305267796803e-05
31.344562499510605, 7.4100127554118727, -3.7541941483218411e-05, 3.6229347527386224e-05
46.344082020754314, 8.4810506261345449, -0.00032919715328297896, -0.00039378349768137569
35.602951115698438, 10.382624419164628, 0.00011179795950898672, 0.00026196273859431773
31.662256911309679, 9.0378964096771774, -0.00036975787001987859, 0.00057084793624519409
53.326391092729928, 4.7868631584845982, 0.00028083563575071369, -0.00040069441961736922
41.589860109543913, 9.7494429237209346, -0.00058344848048524369, -0.00077067415093141564
53.64769412953234, 5.2828634267259762, 0.00014112949734511741, 1.8598914557503717e-05
34.742225177636939, 9.8614670658362744, 0.000189382626040632, 0.00084278022968400348
50.920344436758654, 6.8323223393238717, -0.00027021854444843465, -0.00034520578291284161
32.320576220433757, 10.044200042327169, -0.0010907262585328275, 0.0001020959936300712
51.28996107801364, 6.7592443775733582, 8.7306163564057718e-05, 0.00023946855147114301
31.919758188066695, 7.2427679022152569, 3.2422313806335276e-05, 4.4905228469658941e-05
49.95422562223677, 7.1172775752974591, -0.00015525892899811167, -0.00063739771769901203
44.113804938641238, 9.2346813904453224, 0.00030637083802256696, -0.00072278405648494983
36.088857181125718, 9.8341309145162707, 0.00039239174550649689, -4.0639390516998752e-05
36.821737234166598, 9.4396783578312426, 0.00050550186130216652, 5.7093729701086187e-05
49.157727148866869, 8.2853064053989005, 0.00026979175031176689, 0.00042895064775513793
42.354153846098718, 10.78582038937977, -0.00021781169960021954, -0.00049950758714329086
49.497513553598552, 8.0688879534829123, -0.00027397596100194884, 0.00025244988093372594
48.64096133346974, 7.9430451965662296, 0.00043758766021830166, -0.00019848619927196075
51.216879585744493, 6.5213459573390669, -0.00051370283992977948, 1.8096022912770203e-05
53.06837523516446, 5.3544165134729731, -0.00022162913754416981, -0.00028174247342278836
36.393270160874337, 9.8649975237050995, -7.5968367728028232e-05, -0.00010868020593168568
29.070814421934596, 8.1994264857544028, -0.00025910040057783534, -0.00062661331202976502
39.232966354425727, 9.6177142785597116, -0.00080741168963559175, -0.00030094939923549238
31.777677166392522, 8.9047751732180735, -0.0001927849970331782, 0.0002450273990746037
37.464215695494062, 10.514155165071889, -0.00051154232435796695, -0.00037898459428946027
47.358051276702561, 8.8678423534815813, 0.00057205104194753731, -0.00065567969399359083
52.587854072284706, 6.4035263928891206, 7.0959855211483292e-05, 0.00016930379517686464
54.591104763920569, 4.6074637318701361, -0.00017559369939479518, -0.00015925058043305827
50.924173735744581, 6.9639358975290113, 0.00047864805479209179, 0.00020353369298022411
53.792616391819429, 5.1837507969331211, 0.00017597987636551132, -9.3378118481838286e-05
36.48290481230655, 9.7744934596288271, 0.00060236530017852472, 0.00042078726529019611
46.212634540198103, 8.9672452591536658, -0.00049446786073871452, -0.00039181629125890547
38.0957108084975, 10.20828819684874, 0.00021117306107404265, 7.502747418177971e-05
39.577439403286633, 11.295931122049753, 0.00031855818577972904, 1.5503701912600255e-05
53.380455290964079, 4.994880043018977, -0.00031852236858375717, 0.00014734672139274919
34.592608815602482, 9.8087955106509863, -0.00049270453819780333, 0.00013876932324219493
37.468296913169411, 9.9227885064022399, 0.00055226959949172079, 0.00064759307676621862
33.192775660475242, 9.221011431357784, -0.00024542388552049594, 0.0004319761389754538
50.503080665914631, 6.893997107975232, 0.0005788346112536128, -0.00037277260379989843
35.724628386663611, 9.6285099527639186, -0.00013950671792914933, 0.00041731201542459691
56.365696926468601, 2.1765066452989013, -1.2095565489240612e-05, -9.0536879663447161e-05
53.395115087181289, 4.7518179300489463, 0.00025516441307880022, 0.00029837963582371831
53.868367713221609, 5.1616291333628226, -0.00021898139109936701, -0.00019075120804336196
38.176146548449026, 9.8904578339335636, -0.00052039493154748648, 0.00014955592072615211
41.967245409305818, 9.6644439401458033, -0.00043924954067825668, 9.5064316906906773e-05
44.150592288044542, 9.8711401768025411, -7.6420934793071458e-05, 1.5425568117740123e-05
54.738771476198224, 3.7843249249589981, -0.00011612585403547246, 2.5751634198846919e-05
28.552773266327609, 5.325801324155865, -0.00014783427035469131, -3.2463391014603689e-05
33.093248140950337, 9.9466990720958872, -0.00038800694761502587, 0.00083602726684328243
44.972358759747749, 9.6272528194567606, -0.00062167077117563751, 9.7994680327013201e-05
44.021832107949088, 9.328411454515507, -0.00063082224671171861, -0.00021861991713493335
40.260340986379191, 10.151150323919184, 0.00014657378774085588, -0.00019235535588824537
49.29570904414134, 7.1270050031072065, 0.0001608850988461458, 0.00061310558138574518
44.039549236294469, 9.6667260394437768, 0.00011806831588965347, -0.00024098917442189437
41.668560568723507, 9.7036818080029263, 0.00020813642142355544, 0.00042031455359667862
25.514017164414057, 4.1890713528462831, 0.00026312554789320998, 0.00029547674046256586
35.379449607494095, 9.849271118196377, -3.1813115066720958e-05, -0.00089743373935266156
33.258851114425198, 8.6617962294105411, -0.00025176945516864057, 0.00023841925363146684
46.689682909039668, 9.5536093867728695, -0.00030623628422504306, 2.1945526330969955e-05
27.213445383774086, 4.2381486677742544, -1.563180788559455e-05, -0.00016181807748514267
41.672223964605415, 10.131486422590925, -0.00018900519486022532, -0.00011229692517470876
49.383380612914245, 7.2245857352611571, 0.00034550748118945471, -0.00058063138740077191
46.445493543282922, 9.0543813274270395, -0.00030158998687167867, 0.0001287201964438012
36.938345998116674, 10.421569654541003, -0.00015264808713279687, -0.00033750114848441664
29.489591758253397, 4.9865284717894642, -1.9953110646141016e-05, -7.4918803556078183e-06
40.545942507151025, 9.6108904042538388, -0.00046875446516449106, -0.00059502228043662722
32.197324936236029, 8.3704541676037394, 0.00033182737534907016, -0.00020183606051078358
44.147361943488121, 9.1594341309070835, 3.9634290257566199e-05, 0.00051934711078882514
29.293512420812764, 7.8869539257039918, 0.00013665477045853483, 0.00056232137526715889
45.639359163630573, 9.0303880714339471, 4.2495486332883964e-05, 3.631060125262139e-05
26.79401232602509, 6.1003412886088553, -0.00026325958348124239, 0.0004258815516102228
45.436289092933208, 8.8733485436886284, -0.00049385620738202191, -0.00029821699490173388
43.810465926374221, 10.123009763631503, -0.00023254485425689632, -0.00020835732194694111
27.568234010854351, 5.5948707525400154, -0.00029161335956036485, -1.2539167648660319e-05
54.60387129548851, 3.1413121469004146, 0.00019593759452022087, -0.00026721504844361084
48.8528825931499, 7.9004881282403137, -0.00016120078628557947, -0.00030572387937041182
26.363312933187331, 1.2213121161274245, 5.4526088178490957e-05, -2.062973263757836e-05
28.351687550515543, 3.3768401065073759, -3.1344649805337288e-05, -4.9506190671120247e-06
40.852329889791335, 10.028401214222541, 5.4417766080732045e-05, 0.00019986449993809205
53.568291592779595, 5.8751187351293721, -3.8711865213928676e-05, -3.5276415671366406e-05
42.382392579243806, 9.6809280991715081, -0.0004690815346959243, -8.8578834197400262e-05
29.863324944446443, 7.7377430396328561, 0.00019622747879045787, -0.00026270500245263056
32.4498314394435, 8.5495622638607749, 8.7227356226878409e-05, -0.0001588187148282886
40.415894092783468, 9.7332875402008003, -0.00034954581182293455, -0.00045493551006753639
45.118058438449914, 10.192939026952159, 0.00031228230750862765, 0.00061568205931106256
30.889853181557914, 9.4739333603284184, 5.2671926567816638e-05, -0.00090547800404315126
44.860333539213705, 8.4143625392900674, 0.00073627247535190134, 0.00047847358870437999
30.01375305218961, 8.0770142122301092, 0.00040270956976613435, -5.3551590710538247e-05
37.470163975261293, 9.9253360683740137, 0.00060891503458697664, -0.00065000832592566459
24.370269740746313, 4.5303116772011229, 0.00025221518086579253, -0.0004648483104494897
39.500703394781787, 10.214007279213954, 0.00021574664915967968, -0.00017839374530892127
28.551836896417797, 7.7852855811143193, 0.0003960245894369176, -0.00039121027021455409
47.893504353218177, 8.146235096027155, -0.00054505977725034706, -0.00041839117900008575
55.268072951793535, 4.2510942558527205, 3.9335314685092832e-05, 0.00011133726443907098
42.663638120648564, 9.7654327984669287, 1.215939974907779e-05, 3.8072046254066499e-05
34.404258017812992, 9.1567428364707428, 0.00043922619044259, -2.6253319063039055e-05
52.501017493528792, 5.2209087809687409, -0.00012630573474541317, 0.00045654085544527556
48.321618773697068, 8.240103416013655, 3.0299793521429225e-05, 1.8392330148922116e-05
41.031889165576843, 9.8973142387952606, -0.00017150085978434606, 0.00070987490655256369
55.209337905042098, 3.8934084405961689, -0.00011493632729393491, -4.232022435344133e-05
49.979883099859684, 7.1424078411907175, 0.00027561353622432711, -0.00036011007303561295
50.576677104195312, 7.9975365171740025, -0.00019799853404220226, -8.6658481860276936e-05
43.533683247661223, 9.2766738759681999, -0.00032226929338522635, -0.00059834820883899933
52.494875627137318, 6.5814855541081565, -2.4871137142536231e-06, -0.00014798482392618302
28.843334247206581, 7.6292063692129863, -0.00020305409642894012, 0.00056752770532632953
53.639698110668753, 4.4276342476273358, 6.9604256429179627e-05, 0.00039491402785278926
51.918470595206763, 6.5218800979753784, -0.00024056816159132843, 0.00034570540178608809
50.800400261834028, 7.2711930809645287, 0.00021164944665260263, 7.3618649399954207e-05
34.073567570293903, 8.8232326582554421, 0.00026675645792527376, -0.00011399812930980118
36.007105096510173, 9.4754194243453771, -1.752693677705978e-06, -0.00016553286615826225
43.594422687222576, 9.6152477350394872, -0.00083302223694432711, -8.2480383350797866e-05
36.692863531931252, 9.7245867345366577, -1.4059713118906791e-05, 0.00033635856300855897
41.860821678811163, 9.5904385721229346, -0.00055089654893948159, 0.0004837668264871894
37.655368831220343, 10.772814668068296, 0.00057856321653752851, -0.00029740576486466156
48.963077856487871, 7.5166112749987954, 0.00043690936723061102, 0.00060491344790522127
51.27190765402932, 6.3832471531818191, 0.00038165620125123504, 0.00054199842760758066
36.246483867295048, 9.6494453625683363, 0.00020314139764337583, 4.8309174418842489e-06
32.21473202675525, 8.4689944530333374, 9.8695592165141063e-05, -0.00012633933277861515
44.476003134872613, 9.5033860638993737, 0.00019213248448413648, 0.00032100242815663821
40.651216929677361, 9.6440679729954439, 0.00062878569655452996, -3.8511892260596657e-05
24.790114227676082, 5.6792264851585763, -0.00041790772182778572, 0.00036070513999365681
49.54341522742083, 8.2475304610331257, 5.2054579556870092e-05, -8.3947682677652839e-05
50.437885306989465, 7.1426184232551018, -0.00015131133270437436, -0.0003339214245489156
42.821220055716729, 9.9493223775675883, -5.855722886654094e-06, -0.00090588516354730942
30.7975802830425, 8.5343066012404059, -0.00048136800922443022, -2.6190359601624189e-05
25.753233936962992, 4.2954500688653132, 5.1078001369872607e-05, 0.00034903481307786048
41.892862113776381, 10.032761206454836, 0.00037391811386393184, -3.3611464829435855e-05
42.443098419471369, 8.4037030911184729, -0.00054525583597754546, 0.00063945954462132633
29.115275846024485, 7.2264557959642959, 0.0003245917128318633, 0.00030911957991615324
38.131109124986892, 9.1742147502404681, -0.00093312180738459101, -0.0002772449865598882
53.378863310001769, 4.910474059523751, -0.00034767834957280091, 0.00031848330273320043
38.080781643642382, 9.5444451184391088, 0.00073505261022446941, -0.00015516597859009434
38.314934551078991, 9.8603055600412723, -0.00045454290876681879, 5.0870546677288364e-05
47.152597117455912, 8.2575546942658526, -0.00023199350312373844, 0.00078780503184777478
29.390266105144789, 7.1405958733286266, 0.0002649788871033892, 0.0001712840141825033
40.776848714961361, 10.116580480908457, 0.00018866407899942317, -0.00018943170943063831
47.677340910913578, 8.2161882934684396, 0.00019642612521293093, 0.00035170778519602022
33.535135197456476, 9.2470871406725657, 0.0001240016897095465, -0.00054545561536859541
39.742256278316212, 9.828118749877861, 7.9749967380272389e-05, 0.00057345474698792121
37.712392419617679, 10.195263073394958, -0.00016632050639491636, 0.00066126746926506994
54.845269163419964, 5.3798700851261101, -5.1027928199164019e-05, 5.5569320962179353e-06
30.931199647768914, 9.3795000573106631, 0.0010111612078176344, -7.184283867525493e-05
55.448870831367344, 3.1924400897192915, -0.00011251048593413735, -0.00012649264619771946
51.979380966554217, 5.9220980518086357, -7.9287048675233279e-05, -0.00042345022022497678
50.470146078494487, 6.7116642769440951, -0.00042613585005477018, 0.00020805911797052961
47.354520429493078, 8.9835043481677346, -0.00072474479341535548, -2.1899012642992019e-05
43.328964842263048, 10.023345228276415, 2.3540570043784043e-06, 0.00072138791566907874
41.623217779775779, 9.843646206406456, -0.00019052598004016592, 7.989814625617125e-05
29.73663705063689, 6.6029019827122726, 0.00028207161992331245, 7.3422318588616564e-05
49.938979142212176, 7.3138318571743053, 0.000635265574380628, -4.6518827205210774e-05
45.394468783474238, 9.0376240736601172, 0.00045428783297459094, 0.00053094338479331058
36.748186380752081, 9.7569518207427777, 4.6698527173970892e-05, 5.7211185352094111e-05
46.709118288753849, 8.6940031142037721, -8.5370825799388605e-05, 0.00033923633328232532
54.906248154837293, 3.2873673965177601, 0.00023617246908670566, -0.00021415347173768957
24.218096140533625, 1.998674472958704, -0.00016001196271946233, -1.3482965223132223e-05
25.41233255766878, 4.4777446686512965, 0.00053886971997117326, -6.2845476582075696e-05
51.632082023105404, 6.4807093048283742, 6.6873304059109984e-05, -0.00041899446817503212
43.921610868530273, 9.680598809877516, -0.00038381055401757894, -0.0004301119462119256
48.781937522679144, 7.7318703309359993, 0.00054808685833504056, -0.00043867322658006937
46.349152274885974, 9.561264261463128, -1.7502919427601402e-05, 5.7303598361931092e-05
39.65454384254808, 10.213262644281983, -0.00067756186711696051, 0.00024316977491412961
38.187271182091429, 10.780546032287894, -0.00057760662439808427, 0.00024636934168728098
53.023800916400006, 5.1025317470170233, -0.00017912059117549924, -0.0003548878525654474
39.19428695419424, 9.4302557785950416, -0.00080893350959515325, 0.00062703056932564922
47.895679399367168, 7.7023210480039266, -0.00048212680730673756, 0.00053713471693699576
52.633098259803084, 5.8485589193102259, -0.00040061208254985796, 0.00034143443670491198
36.79097536773731, 9.3368490348973232, -0.00083726532805144713, -0.00029658232704054876
39.722329792257185, 9.8600821232952622, -0.00024080684487334889, 0.00048771937906677749
29.378213816854299, 7.9298680544728253, -0.00048566259295757533, -0.00026965811274548627
42.160690452167493, 9.5031108568336613, 0.00055316620178965607, 0.00057976813328919818
37.904637859627762, 9.5398560532539562, -0.00032222126222834579, 0.00045170378111376587
52.341535734399876, 5.9156179955524921, -0.00016456627628367719, 0.00046394365523826406
56.714558826436239, 2.4484911571589456, 8.774949540236989e-06, 2.5580837107862821e-05
29.813428602128667, 9.2545333803431582, -0.00065484214019950586, -0.00017850169054933911
51.225269922612377, 6.4938444565920159, 0.00034448662464718941, -0.0005760183813272987
45.489773279185819, 9.2656698913828297, -7.813583324178759e-05, -0.00013540068449810776
38.847879815932053, 10.118461490787729, -0.00036604797772464944, -0.00015471156807036546
43.886345213630101, 9.480212700150668, -0.00053151574562369005, -0.00064760544986796936
41.274005039936142, 10.290290558939981, 0.0008090441458947458, 0.00045340313553907905
23.89852764608003, 3.1519157785406224, -0.00027786096718763857, 0.000179759255933559
36.710214536508346, 9.7621689742273396, 0.00078768924854673164, -0.00037238594023972904
28.498949225225033, 7.8579126191584097, 0.00043850880149669887, -0.00073697817065458584
39.727663628769236, 10.03390807868513, 0.00057903269682913058, 6.4423046540120746e-05
42.05046137199097, 9.6881542225190902, -9.0265691022528617e-05, 0.00033402860818756557
47.181234668338242, 8.1952769007720914, 0.00047546927706658702, -0.00071200613560553673
48.727827420184688, 8.3127931483098614, 6.6273602568154181e-05, -0.0002223497648997165
29.172338820507104, 8.2035181584506649, 0.00044100161531912991, -0.00060572207148374281
44.427849488952269, 8.8349421438449856, -0.00074146690628606874, -0.00059473947545097346
35.549563303082181, 10.413465740597834, 0.00053480536078030468, -0.00075995900320935882
24.805258222889918, 4.3521835436497671, 0.00021255472193533589, 0.00034585524161255315
39.296430611332234, 9.4544929559137465, -0.00069931243600500315, -2.6925076485066846e-05
39.929642141093645, 10.238402717469224, -0.0001857100410307804, -0.0003176437268837041
55.071619064703505, 3.2770581525257936, 0.00029577314654117984, -4.4967884316016998e-05
55.856571647983898, 2.4994924120061115, 0.0001278171774364956, 9.0816036882879108e-05
32.43712082419303, 9.6413927458383615, -0.00037109138502630016, -0.0007460352598563768
43.250229383413405, 8.7084823296711882, -0.00014145255086864765, -0.00098238288713230746
35.956962553542787, 9.8651813087783964, 0.00036911342043734283, -0.00013735207424227789
29.749226121339149, 8.7116073736596373, 0.00057252420118442267, 0.00057782528958851139
31.551498173053943, 9.2121824077815138, 0.00039188771234723561, 0.00087127792739160942
54.828865462842828, 3.8946234046238559, 8.8093905908651817e-05, -0.00025842129498630833
54.812682683998943, 4.5881903957360919, -0.00014099256305568549, -2.9829047806829037e-05
45.365526057972772, 8.7530826698924979, 0.00084978055913696596, 0.00027720885862461572
49.68587661914902, 7.8103764795065436, 0.0002448204653880054, 0.000439033705948018
53.948900048245754, 5.5839739301665841, 8.5175554457786579e-05, -0.00021397177520950938
34.87544899787342, 9.459721153284967, -0.00067670169591768007, 8.5208989610622755e-06
43.591140252815649, 9.753793515297188, 0.00065333735186238627, -0.00022437271877954524
28.270761010532414, 7.2968015460936542, 0.00044298476747712894, 0.00038458996744554312
48.204377507755218, 8.0282433796787451, -0.00028098000280202663, 0.0001322619597741436
32.169791598521044, 8.9156253523168516, -0.00052857958563498262, 3.0615730490199597e-05
26.549539231646936, 3.4010552308625255, -0.00018580780200884, -5.5714530759398314e-05
46.149790656766072, 9.0665227806819981, -0.00052196506406460518, 0.00013761469401708421
40.601524810670782, 10.103361760965738, 0.00016259598218901252, -0.0003800429711956194
29.754335623274727, 7.2997740290009183, -0.00012670845906154668, -0.00025165604679368612
46.734664043753277, 8.9527671295076132, 6.49160121422597e-06, 0.00036002131527984794
54.323842435118962, 4.3059892357341356, -3.2084183253130362e-05, 0.00034666778244213739
27.817753739475151, 6.434136954515461, -0.00044648250062559989, -0.00029411206062466053
54.569074973992187, 5.1405451856460731, -2.4866018998059462e-05, -7.4758962718945773e-05
29.498164537081983, 8.0245153222576846, 0.00059840197424463715, -0.00028650305189933879
25.029256179406236, 4.8078448729766778, 0.00041592574528140775, 0.00014800101632863051
48.254023112221233, 7.905223435314582, -0.00049549021031576167, -0.00044274154962882598
42.530576818167496, 9.3615220551445866, 0.0004961818117061649, 0.00035907730285813171
37.332362496490035, 9.3378235791626523, -0.00030625800190622383, 7.356475027293383e-05
51.860118912144195, 6.6473692507317326, 0.00022378119301712192, 0.00034478355662240147
32.020659972979225, 8.0029558555860181, -3.8020867987071641e-05, -6.4824085117617491e-05
55.261585516918466, 4.0622312089709167, 0.00019663104401305059, 4.2174192996029022e-05
55.363804543773853, 3.6951289487041934, 3.071128395005919e-05, 0.0001158724744901748
29.559296239298622, 8.0697326696078324, -0.00013681056227566118, -0.00051832553997231147
41.012844452776434, 10.011423067467799, 0.00037990986291807391, -0.00081475965481586936
34.26809672777069, 9.4179072873938345, -0.00020006537329235436, -0.00024487021254175455
40.488176621685525, 9.4220406915655062, 0.00082048124453373025, -0.00055037708559913998
28.630945668509984, 4.7622977578417744, -6.1959142922229709e-05, 0.00012170879955094472
49.72540142660106, 7.0734894469784351, -7.1255531705650247e-05, -0.00051856037140194918
40.191521828640397, 10.430334009055947, 0.0002937744779865039, 0.00031016322578964546
52.714975154965309, 6.6651659647043955, -3.2605964337138446e-05, -1.6378410558348455e-05
35.51862313813163, 9.4952600491098806, 0.00012621487770432416, 0.00030140685791209585
49.21993942621522, 7.9136671659371585, 0.00015012433984583229, -0.00051586634918499214
51.859850318804568, 6.5644990462214396, 0.00014565370842831892, 0.00036415664327261023
34.72115347859198, 10.26875096092383, -0.00046904330880692316, 0.00065711859846962774
29.422977785436917, 6.3009947485051203, -0.00016797739921916888, 0.00013165711172604541
51.248447442108848, 7.1679536026845803, -4.0673358464710879e-05, -3.0128451783427845e-05
32.018532803632034, 9.6412358371167777, 0.00064131909278498239, 0.00078394280070225302
48.481975879649134, 7.5214323884372272, 0.00059376952210097244, -0.0005892503637165091
40.087694194637656, 9.8037853008548446, -0.00064466057995001328, 0.00034596892746530003
28.660682586413785, 7.8281809623061713, -0.00057431674383354593, 0.00058416059384956633
27.629447411178027, 6.186898854243803, 0.00021250075325533597, -0.00039172655130192751
38.806070681832956, 10.381322513940406, -0.00058704609034492688, -0.00065826636953341799
56.004940375757201, 3.1940855391285483, 0.00010395045654913154, -3.8242696351304477e-05
35.109035692773574, 9.6010109410092834, -0.00079721850338001208, 0.00027955142085448202
54.828168430644901, 4.1571375722314787, -0.00019303447336455553, 0.00012494031243218671
31.812364399415532, 7.8483553573929017, 5.3965796055732959e-05, -0.00019670044229260097
50.222231309613115, 7.4477496344442731, -0.00032887526982625326, -0.00016721531475224178
45.850592859386907, 9.0236359979446235, -1.6844764798535849e-05, -0.00048648339345416954
28.233797635861386, 5.441574850024244, 0.00010731212700620577, 0.00020703508082476986
40.526195119607493, 9.9003420763004559, 0.00014531849739748368, 0.00010549517361505036
29.561412698768983, 8.1948001753246871, 5.7115268298992911e-05, 0.00048496685882932236
45.616131843969676, 9.2607103712492993, -9.6924670008661923e-05, 9.0653807276270558e-05
32.314740013895126, 9.0761012716783451, 0.00038792313964383819, -0.00011939832217988636
28.737832119941846, 7.5262486061532563, -0.00054458090070333973, 0.0001506078522337037
38.60347472737547, 9.3821305798827304, 0.00041950557292367565, 0.00065396502538809501
24.6259240640101, 3.2084910240497906, 0.00016042902435608788, -0.00032799801038071687
35.327957693093722, 9.6215629553732764, -0.00044435479424411605, -0.00024249228931390123
52.820684579036168, 6.0656526485987987, -0.00039776220646348673, -0.00015006369745049913
36.790163221246345, 9.7301393298887398, -0.00019041846054014577, 0.00073717656760615975
26.355566733730541, 3.3519347189841797, -7.8184908612444394e-05, -0.00014536358423069358
38.859899625229964, 9.5858246648445835, 0.00012066755709961915, 0.0010130338572056151
37.810561163391327, 10.150094231359727, -0.00028814583556007861, 0.0010618213569162155
52.016014270010785, 6.2880753262113105, -0.00023059407064954734, 0.00031836970816225099
25.402642886207349, 3.2812177803914198, 4.7615693337241397e-05, 0.00019024740840304307
52.595452292166534, 5.7295113628972452, -2.6149322183167731e-05, 0.00045047973019299379
27.548163232105885, 4.5283721823920597, -0.0001006562278520553, -0.00013458273217894901
48.567491048005046, 8.4038022250580813, -0.00012760398141534001, 8.3863697967842532e-05
41.811495516791808, 9.9198571346722524, 0.00020539130852621423, 0.0007150400013257209
29.808444227381774, 8.9705035974095857, 8.1054559142861935e-05, -0.00099573284135785517
53.891042018038483, 4.5922989288891838, 6.1335381860872778e-05, 0.00035113675018648053
35.569425467380015, 9.5615289036835378, -0.00028105998644891654, 0.00026549364607573404
41.560239876464244, 10.109072780933202, 8.000762504881759e-07, 0.00028479457689417544
46.758991244928957, 9.7236416725567221, -4.3560993828105372e-05, 7.2525767935787715e-05
41.752542530455344, 9.6847209551611328, -0.00033245285033709675, 0.00014125509765995734
52.156275475399497, 6.2742074871471099, 0.00027091677090435577, -0.00019035535460813505
43.613769587571056, 9.0988058007972068, -0.00033877457928835147, -0.00028628475849563467
38.545115874222439, 10.27860871078857, 0.00029705129615870189, 6.1472264659202672e-05
32.588360484675867, 9.2805939252955998, 0.00095881574957085646, 0.00014144376733277913
49.596170457118362, 6.7916170936645486, -0.00052774169292368672, 0.00043926148144074104
45.690901166988155, 8.6824776130539298, -0.00056085090560287329, 0.00010890547792220565
29.031076714244243, 8.6398576955727631, 0.00078752886345581391, 0.00012866649743633015
30.504422986518584, 6.4907043708006791, 4.2714291812467539e-05, 3.0844187160386634e-05
38.264309081717336, 9.7157203575456972, -5.4451641475834396e-05, -4.4915046062858669e-06
39.372901374327178, 9.859191902675601, 6.8415406659778878e-05, -0.00026507755158257194
52.063588116905485, 6.2381380048329458, -4.8388874822357701e-05, 0.00041242457252545878
52.310913471068162, 6.4211080972276786, 0.00010249200330773432, 0.00014294629517991404
39.405593097805436, 9.813317246507367, 0.00016779103163279383, -0.00011382797920587111
34.816758002311289, 9.6827713555074926, -0.00029883137460115429, -0.0010069345500334662
42.724116066709684, 9.9207899292501853, -0.00013380719762580502, 0.00033352591156077233
47.0743951554105, 8.5364487991007554, -0.00084228481451166005, 0.00011286345406333581
42.137792077393776, 9.9089947650365211, -0.00034446159247706823, -0.00020454649020711183
48.017404072081462, 7.3182864993261694, -0.00080789028314107506, -5.133322226833574e-05
39.346508718147206, 10.952993769676796, 0.00011491600138399452, 0.00017424590145908482
56.292736617632052, 0.5280226707079797, 3.8077288232468893e-05, 2.1624122927071688e-05
38.508015158458591, 9.9406629041387404, -0.00021479720449947895, -0.00013009069244163723
57.437990781612989, 0.97061659152233948, -7.7516726174795586e-06, -2.4899813333483557e-05
28.945433949641242, 8.0657831434401519, -0.00039174005966719557, 0.00047243749986316554
28.04940224081129, 6.2864006322267532, 0.00036898951970677969, 0.00027215429821624557
55.443051359513802, 1.807084524454619, -5.134936470220689e-05, -0.00016121048936529707
52.549509997694194, 5.7410298246780771, 0.00058635198746986709, -0.00010431479936810658
30.838593146095093, 9.5353039896826584, -0.00063329227244494804, 0.00080079779495710927
46.518084155184447, 8.9481763559848595, -0.00024508396466637651, 0.00017864723488017243
50.805891816574288, 6.3346065015123809, 0.00020348852046749008, 0.00040610161048686838
45.987834242544913, 9.4949399946309274, -2.8214817870084582e-05, 6.1892028122735826e-05
46.608361197300944, 9.0106487779102338, -0.0003299933963712371, -0.00014610556862711338
42.269558725150937, 9.9504212743198615, -2.2375473754006116e-05, 0.00076048113527016977
55.474479060482693, 2.7410273579972486, 0.00020432071021297016, 8.2239675773218833e-05
43.680670236669975, 9.2312019605810036, -0.00043608972667892658, -0.00032834533247455913
39.458560430856366, 9.5977682955229273, 0.00084598717968169561, 0.00018950968813906532
29.226732526376654, 5.7822464763933521, -2.1014211503268782e-05, -0.00011799673343061798
55.751534189684321, 3.6099346997335533, 0.00012549544553985774, -0.00015151428546564393
46.161939892232134, 9.162453476702872, -0.00062226402312481205, -0.00028359506760064403
46.669901401078199, 8.8408109975911362, -0.00056333780650145179, 5.9760698270332157e-05
41.115795347174384, 9.2119245886293335, -0.00016304826441530256, -0.0009299911631253931
40.598610333450573, 9.6985070790478076, 0.00037367428438673882, 0.00062143878233038904
50.433273885714243, 7.7691811895037342, -2.6867501873178614e-05, -4.8380849120364551e-05
27.679834276774539, 2.0996835345204699, 1.4568470862832112e-05, 2.6470766032236727e-05
36.059133610625487, 10.015401117628448, 0.00025663473782338192, 5.5993876198699713e-05
34.856701134325014, 9.5407516068116482, -2.0134550813298178e-05, -0.00041815244546595826
51.89657247080428, 7.1775277797813244, 0.00014668877053376821, 4.1474824047290748e-05
39.476060999674537, 9.6007665745117734, -0.0003550472589920479, -0.00071646883825164979
39.658966166963225, 9.3608568772076506, -0.00036799065853342382, -0.00033061284796685725
26.662756320752592, 6.5937947592944672, -0.00034282935741429288, 0.0003939989642907937
35.30650451780896, 10.445375037369882, -0.00038024193288990424, 0.00073164844604710203
54.965694699033001, 3.1793596270989823, 8.0128668545667423e-05, -0.00029722033569422535
45.274294210688758, 9.1162848432275414, 0.00030556532356919373, -0.00047066496443945932
40.346581719818388, 9.9866464638825008, 0.00023677579782095632, -0.00021305660449683409
47.994083463647868, 7.7576866229075936, 0.00052860544008148213, 0.00049595552786681088
31.363810017979784, 9.3550798791949177, 0.00091254135770928201, -0.00050327751298975094
56.412066906910148, 2.1534196929923999, -6.9102919555215424e-05, -9.4061501192923907e-05
39.659743359643137, 9.8716402984452714, 0.0004491085356623839, 0.00045765224956446064
51.591033576159589, 6.3331842954279498, 0.0003921058887619499, 0.00022120046991180474
43.74107385269469, 9.5397862439841035, -0.00040274625076267717, -0.0001209100268874916
41.803002672329036, 9.7951324953851877, 0.00061376887296836274, -0.00030235017923569698
36.111552078576224, 9.904782625594116, -0.00036386788948630745, -0.00035078396735412055
26.929247447787851, 7.8496483619759667, 0.00020990438515148741, 0.00060180666870855704
41.424206085238893, 9.6347761238997585, 0.00012462682789365174, -0.00083994907075595122
33.895143229957327, 9.8286966165252387, -0.00050674074162540311, 0.00028947921406269334
28.508194652646253, 4.3574030636273715, -3.5509342916674088e-06, 9.6664526495472594e-05
46.366244685436726, 8.5964297930051181, 0.00016261423282535302, -0.00043354612091213635
30.910204662908772, 7.1697263841986736, 7.2353312185517241e-05, -0.00011767325584166851
42.415021274902728, 9.4928840842882156, 0.00053376398682065658, 0.00073663217760454465
51.787130682817264, 6.301404911030394, -9.206883941456165e-05, -0.00027219740716335567
49.369389656731236, 7.7465401099596249, 0.00044058059350630127, -0.00013208940026858531
38.149470837325964, 10.595560957036716, -0.00056208772749387033, -0.0006330446657337364
48.810818992178341, 8.4126536454884633, 4.639074793278372e-06, 5.6488190403445721e-05
38.864588367920568, 9.7076093207012946, 0.00071885976588773525, -0.00051437172285213266
49.665631158521592, 6.4730291071552832, -0.00013193568646079762, 0.00074015421401454288
48.36313436780636, 9.0160983018984027, 6.283011216225078e-05, 2.5809297234873107e-05
26.481784250304635, 8.0049453063229521, -0.00066811772755241217, 0.00040002795205184156
34.976795004522955, 9.6846946904621447, -0.00069622564119272779, -0.00018294712140177135
44.25339414517245, 9.5279962537652363, 0.00020157507315122876, -0.00039203181316549006
47.927786403398301, 8.4986823284893518, -0.00034244047714047021, 8.3996382348166786e-05
30.98181442770731, 7.5506029290344845, -0.00016785029419436571, -0.00014349401801835168
42.691728717617742, 9.1064852569180577, 7.9212656245919625e-05, 0.00086200034626861797
47.8899631171099, 8.3494121275064774, -0.0003996653087274762, -0.00025858297782237904
48.769469881081299, 7.6603695298481966, -0.00076345376489936345, -0.00027757392018360182
28.917015540617282, 6.7767597760082374, -0.00024992757579751155, 5.8994256240301118e-05
47.309266364286877, 8.5441260222941899, -0.00017971413195543639, 2.6847458269554852e-06
47.750060433205554, 9.0262294865107364, -0.00010891649303333017, 0.00027313623538822827
38.717278498283349, 10.267118177311358, -8.7975073746190981e-05, 0.00087080440669871223
44.098229467172189, 8.9642442800765458, 9.033500619121076e-05, -0.00092614804083223463
26.203158592111457, 7.1263340400158004, -0.00059554344868007001, 0.00046004865418001968
41.597329937009484, 9.8040492627630336, -0.00060017891347216893, 0.00032397618374522511
36.984227272168702, 10.346013570458142, 0.00066000763735977726, 0.00014835439696890256
28.718844441959327, 8.1557448322297663, 0.0005045550528585402, 0.00059385482674529527
32.889387088534768, 10.647724541473746, 0.00063229563488134677, 7.1544430854231339e-05
53.695558964658062, 5.5080042665746847, -0.00013191607729877872, -4.1759235684447494e-05
54.75110261532717, 4.54567469374512, 8.0398338026706803e-05, 0.0001412499324808004
40.482500757801411, 10.057189863041806, -0.00011547223910997555, -0.00027345489346964426
34.126855485462201, 9.2822365102190521, -0.00014955557677091109, -0.00010341318692554733
32.449420590825341, 9.7745243507899282, 0.00083845335288269362, -0.00048563599310550847
44.009420751220723, 8.1811233820825429, -0.00081674594489744622, -7.5651679911523072e-07
45.900836328523226, 9.8477709809084892, -1.6635800555692818e-05, 0.00036482113233444406
27.36129705252889, 6.653824793033559, -0.00016023102491731104, -0.00041253694969386995
52.719012008758341, 5.1910135180667742, 0.00039006800970564534, -0.00029478182871213736
42.826111220901844, 9.899230576301596, 0.00036352437831922171, 0.00034158297293064219
56.076834633493476, 3.3713036702219594, -0.00011198813210524009, -1.0279835944406718e-05
34.055678659719021, 9.3477606395193344, 0.00028596455373105861, -0.00051421829249335971
42.256726090835237, 10.164080774968809, 2.0339714465046387e-05, 0.00040038203637349012
38.938573966733635, 9.647482872381909, 0.00017836809904981353, 0.00079106211825890824
45.579435321253222, 8.8956613743151731, 0.00023235885055951827, -0.00019357707169672411
47.899377247862276, 8.3903474366108259, 0.00015554761978443199, 0.00054184968643283197
53.52953632080267, 5.7767037012096081, -4.0792568280788175e-05, 0.0002884341403486071
37.741761339047514, 9.7497647652707169, 0.00076941663395538795, -0.00047909369167543577
34.016296405139983, 8.7354853930628593, -7.4156928326431636e-05, -2.1649972179203408e-05
36.510776217630777, 9.7074008528087248, -0.00019080247722141357, 0.000113912505855523
53.797766011480434, 4.4001936545110514, 0.00012819946644842525, 0.00042894097997181327
33.226993080583789, 9.1039040270643046, 0.00066119388081073676, 0.00018767281439759274
51.271383199070357, 6.9399460503095121, 0.00036021307497840474, -0.00017910424715386595
34.086051489961037, 8.9465522626468221, -2.3647563308408771e-05, 3.2943440590479966e-05
38.509809987368577, 10.333023636270065, -0.00056807886181076486, 0.0003492773817884046
41.953142403921213, 9.2969297473267591, -0.00035403634071906766, 0.00070732054493731131
53.59811688502397, 5.6826872255280909, 3.9658521092343387e-05, 0.00033066367516337934
53.788009439130725, 4.7882073882310561, -0.00040660147043434348, 2.857850827996676e-05
31.936857841324709, 8.3855732771728864, 0.00013982432768657417, -0.00015527126257683287
56.052521396722938, 3.9745704728449436, 3.7190409078517278e-05, -7.625926382371906e-07
55.807282755943831, 2.2214720228277831, 0.00017090278523115864, 1.8113204645563839e-05
40.446395753349861, 9.8586241700426616, -0.0007320561483483949, -0.00018126169970865378
54.522110805034359, 4.9518831321814583, -7.0903921458121837e-05, 0.00011667616283141155
26.758223814920385, 4.1099732107733145, -6.8043097322626153e-05, -0.00018504830016255637
47.664147176260691, 8.4982967922341128, -0.00023215808520594361, -6.619542941920145e-05
52.763496382837012, 4.5147015587892998, 0.00038959727222749293, -0.00023843079874722792
32.92323695964572, 8.6536380767287593, 0.00019940367520276329, -0.00039862119634368913
30.955348021858029, 9.9066560258744367, -0.00090202457885791665, 0.00056514021696156189
31.113356157258345, 8.437465670696545, 0.00038715309518876556, 0.00020218267910773733
53.324409381521463, 4.7587537666221849, 0.00041094490962065712, -0.00018359611185873349
35.229595762376015, 9.4577389181981761, -0.00026194868526431412, 0.00033589877808345417
29.872218859159869, 6.1496257513054333, -5.2158249379207874e-05, 8.9949892896436587e-05
52.726600521641927, 5.5803851530992947, 0.00041631936304098921, -0.00040431793228198231
51.700314374545137, 6.3801651126939527, 0.00014272735006041871, 0.0003920713052726222
53.277968977618563, 5.2526283535641696, -1.7965175844996176e-06, -0.00036422840369306495
35.815815293100428, 10.424312754053844, -0.00073923662509072668, 0.000619039050520014
57.338804189480733, 1.2017516849992036, -2.0967737099758269e-05, -5.4861807341625684e-06
51.573290227970482, 5.8649888023619772, 0.00051880807282428756, -0.00027723241859077075
25.811422983824723, 5.815758973060567, -0.00064356222089328422, -0.00027802780886291374
45.954126542865389, 9.0882184744659931, -0.0004276771515669105, 9.1043774773384963e-05
53.468191211345676, 5.5136391753467695, -0.00022432246859911415, -9.0187224980066351e-05
42.264212574640844, 9.2006125746491474, -0.00082506364829467848, 0.00027782178105132695
46.978208177043399, 8.7282913777631759, 0.00066515887456048729, -0.00048587588802707574
43.740468223280438, 8.8766088073903138, -0.00078968694582244082, -0.00039903139206917671
34.114714646337546, 9.1662641855255043, 0.00022689664562994261, 0.00016835781237722433
52.121018175544663, 5.4547065370261905, 0.00042881990362362318, 0.00036251354368170823
41.490361438601859, 9.9603794750247836, 0.00068373096017003226, 0.00034634905423312957
36.157676332488322, 9.3275772722349064, -3.7974371369067882e-05, -0.00036171128691642938
41.416669237168257, 9.9813783574124919, 0.00077309430726758604, -0.00050089031031815641
56.983833119281748, 2.455593758178062, -1.5197355098926738e-05, 9.8122583886407587e-06
39.036905073233633, 9.6890964435292641, -0.00042319445793562779, 0.00026270999401288667
26.512525390784035, 5.4151449990295797, -0.0004057808569272928, -9.0489137276775498e-05
41.727154278537334, 9.7715406872328039, -0.00019874850301228355, -0.00039647453783419402
37.110839124055481, 10.28341161216254, -0.00072278013702167278, -8.9638717702564206e-05
28.881712591085275, 8.2812494090439852, -0.00084538576011083228, -0.00027369606582304502
27.47682464771362, 5.2152899545125813, 4.2417552043205993e-05, 0.0002782243375201661
35.42206081486372, 9.2340511641357121, 0.00012266943614990699, 1.4897555059102425e-05
42.398860367674331, 9.4820660503376555, 0.00050217115607070783, -0.0006646981205139323
36.858877550873466, 9.9626364185599705, -8.0467402822071164e-05, 0.0010848542723692076
39.71158297661227, 9.8617133358215483, 0.00041862662579187195, 0.00046501382865530709
34.692527628933625, 9.4696136775342161, -6.1421844578697364e-05, 1.9906606907517429e-05
26.723728495353534, 1.8281877177387182, -6.7853629352617671e-05, -2.5540914484741709e-06
54.1543185107952, 3.9341118042980767, 0.00035008600649894607, -0.0001817226198911354
32.71402969959842, 10.253474994821048, -0.00054504722500772209, -0.00086519617524908558
36.851805245878666, 9.675722913291164, 0.00069007307596433772, 0.00033230233499413712
46.175703390339919, 9.1368572880777776, 0.00039992848869636947, 5.3802356747213487e-05
56.860596416111925, 2.2016393188171031, 2.2155631619989919e-05, -8.7364159248034782e-06
43.848345307555022, 9.4687077116393095, 0.00031623573493010451, 0.00013947294005842717
53.208460507999476, 5.0393905715069183, -0.00027779639113189718, -0.00020073549910203234
38.548475316385726, 9.9330587622807354, 6.1205442849269172e-05, 0.00011575808294570122
43.75734885117528, 9.505746001193712, 5.0385818105061763e-05, -0.00062905408426310613
27.569605307575774, 1.688764262595889, -4.083254693870806e-05, 2.81734220913511e-06
42.229846030147911, 9.0775736056185448, 0.00051678482986485506, -0.00072664003018402235
48.698650205990205, 7.7744568325324748, -0.00053491624132654444, 0.00029656711041676842
44.34076904739274, 9.2665952217668135, 6.5653197876990201e-05, -0.0002591758848982816
46.135644954417941, 8.7254247836344501, 0.00023764552759299309, 0.00027954544633973429
32.982192279969837, 9.0627981740523857, -4.9242257640773611e-05, 0.00033882874037207723
28.834533486074854, 9.0328435515225802, -0.00087589360752691309, -0.00028596176601458347
49.199079462727447, 7.1114935589525814, -0.00022799671762565498, 0.00058700003253634348
37.036947490690068, 10.982186055458632, -2.4317383749461771e-05, 0.00052200236574997949
35.976314681521266, 9.9650643225325322, 0.00051967209817241648, 0.0008160291334072114
50.452243770142779, 6.8824562349392426, 0.00014061479821554954, -0.0002744529143144982
49.210020976994173, 7.4346433894203443, 0.00024168160772933641, -0.00057049355013983304
48.302800956513757, 8.4083423248375784, -0.00018958979200328578, 0.00034389667020080284
41.872782165411714, 9.9039790251653095, -0.00061259544049933477, -0.00038435503737674093
39.339971163194207, 9.9275376434245626, -0.00069374425749239735, -0.00057953012047229054
49.757010809581082, 7.5213409252982331, -0.00044280097974292495, -6.721839422986504e-05
48.588338126966271, 8.489664341884879, 1.713737917857781e-05, 0.00026943706439320656
51.052578952091189, 7.2494099408528632, 0.00023494523487237407, -0.0002020298881142937
37.288915241314932, 10.149853764180785, 0.00026890819825099461, -0.00015097688292224691
24.270531057954976, 4.1012380362677998, -0.00033729590016366815, -0.00033502364901235573
43.896774680526121, 9.6378924354097091, 0.00022974303224297196, -0.00011107203291954126
55.289677520440186, 3.2650231966610543, -0.00021340103194155248, 2.8631598143748054e-05
43.538585544704837, 9.653955756366841, -0.00018067598462552888, -0.00046264975582772602
44.509778218279159, 8.9027760141248056, -0.00046990407931413425, 0.00086581053951672758
46.722132108931007, 8.8478463722279557, -0.000676437642058263, -2.269211034316311e-05
29.677091220876303, 8.7481708560197813, 0.00029664484344495465, 0.00083449787847818117
26.779940465274461, 5.6682859329591491, 0.00041271069882975464, 6.2823939141931097e-05
37.540773659873722, 10.042715320935455, -0.00028996394579293623, -7.910374460886837e-05
46.230147517076503, 9.4546970964157868, -0.00012674545478533238, 0.00011288019995700026
35.905278758979442, 9.4905750998762581, 0.00011722732025853551, 0.000435820583837883
54.539446477468779, 4.9276472167873617, 8.8235811294639933e-05, -6.6800878862954089e-05
30.552784990844913, 9.5147193177956169, 2.191253946509639e-05, -0.0010305993883567978
28.674200541633201, 5.0216186462386778, -7.5772068349090567e-05, 0.00022800826236780462
38.649321218183765, 9.7230837188751771, 0.00021053015162249085, -0.00024785562124306025
42.698932385607506, 10.027116097844011, 0.00022256653870098315, -0.0001120629034980884
51.734867447029934, 6.7054426765987039, 0.00050352768851143681, -3.2887872279566217e-05
47.810614149315732, 7.7916482246953569, 0.00014421319224439434, 0.00023121998458412122
56.062294981107421, 4.1918630743991372, -3.0376628748907067e-05, 3.4448462350173981e-05
44.663209725583407, 9.8350836057214792, 0.0001819948458081343, -0.00017222570926114217
29.905209703182884, 7.1655443590262005, 0.00029862310793286114, 1.9770323337871403e-05
42.00951724512371, 9.5414634560026848, -0.0006036943789643832, -0.00068841054808615543
55.25220932549184, 4.9432994371124117, 2.3519456045360437e-05, 3.1707454877975117e-05
39.215330712166079, 9.7998458411271621, 1.6861958162243514e-05, 0.00016517117211191067
44.031685268929479, 9.3138331816490201, 2.4501268712241264e-06, -5.0842423724619491e-05
34.279123568368718, 8.9869339073236301, -8.3252390065116541e-05, -0.00016492485501111288
37.987343135001119, 9.9818449298533363, 0.00021559589822079094, 0.00044007883673665668
47.66716212885482, 8.8330670207864461, -0.00018984408445009077, 8.2920775742838373e-05
39.786096485287416, 9.3285928531099955, 0.00031949836673382873, -0.00095391005871979832
36.790965997926101, 9.7443510422968593, -0.00013174570994888024, -0.00036183653222514556
40.297335351863609, 10.646746512797277, -0.00041787564569070875, 0.00035048447619438679
35.509947799174164, 9.4568676551778896, 6.5967300185696667e-05, -0.00029375067077376971
36.23318732479521, 10.078104649786574, -0.00020525869137004075, -0.0011056161009682904
53.50652609863095, 4.9043905770032517, -0.00023824617296238149, -0.0002124589771342042
27.457923872307099, 4.656089738677986, 4.4013464943164441e-05, -0.00021749791404808861
31.956977354901561, 8.6828595562042157, 0.00040694454000361437, 0.00039342594405911781
33.049895364511393, 9.1257136074847853, 0.00051345186867618985, -0.00048173663858485505
56.006060679850073, 2.4107870175180901, 5.4304633088349926e-05, -0.00014070965587366317
41.251187759455227, 9.5366682452099685, 0.00025492053228217765, -0.0010099385872394937
37.202886640857358, 9.906723021243419, 0.00097768742892670132, 0.00013181800754190467
37.509910634145299, 10.007206805062683, 2.1945686460906447e-05, 0.0010582651645452586
39.452677550457871, 9.3477311833277668, 0.00017719175228601323, -0.00073852430635903824
37.175460278686316, 11.169407029059474, -0.0004865337002099396, -0.00094918390208238409
52.538940228209235, 5.5159545940597399, 0.00023816075943934367, -0.00049928738203148311
38.131819136912199, 9.7227499263426118, 0.00023598787562968988, -0.00038095711277696162
48.961925823189119, 7.9410867124819662, 2.5467862568933074e-05, 0.00021223952245251181
27.406791456039933, 5.5995471157175158, -0.00057874515553980898, -9.3448862183113089e-05
42.953725271000479, 10.326335141667863, 0.00027729599237001737, -0.00053249324398531523
32.788126081047004, 8.6042231433065055, 0.00027237489175884567, 0.00024216968429055191
40.765282338174451, 9.6317773958112127, 8.1839879810139849e-05, 0.00031952941956194181
27.718414091834177, 4.8885879104082921, 8.5841591313210616e-05, -0.00018799499147294517
35.680580994581689, 9.8666843901861352, -0.00080795392498289229, -0.00051295099259352883
32.050812276389941, 8.774848462288773, -0.00060863750692515407, 0.00067853060315778749
32.340273279142245, 8.6778584842352871, 0.00056848811948851047, -0.00011301185173401938
34.713139025144571, 9.2716178013768111, 0.00015502921653645147, 5.1569663260573519e-05
37.462477379072901, 9.9621547669084478, -0.00020466974934316612, 0.00041601528741156145
36.190325504494631, 9.4111747557691388, 0.00017049651123191158, -0.00025236666470243997
35.927600690649072, 9.828727460679902, 0.00019869507381744424, 0.00041274116758705588
38.182015926947862, 9.9078103205128016, 9.8822950188495414e-05, 0.0001576613182714811
55.994634984421594, 2.5484292890002602, -4.6696603195986074e-05, 9.5408418561685466e-05
41.976022571488059, 9.5372287473983395, 0.00077027825489605663, -7.9812782910374606e-05
54.855402367228692, 3.7110045248801864, 1.4277600531713669e-05, 0.00020456812518556913
31.490673168659924, 7.0760600800786309, 1.5100646372064806e-05, -3.3999722852218238e-05
51.213372767998727, 6.9638423630716604, 0.00015734610894778557, -0.00042339132928136754
41.549943171309863, 10.004130150527939, 0.00031598123164524997, 0.00022664468131943481
44.671285483279107, 9.3775462892407049, -0.00050858167244174175, 0.0001701505881570302
46.478416892879267, 8.9372641430815634, -0.00051548610241437462, -8.782134148046497e-05
43.981113429338052, 9.5003882249981135, -0.00038796028912701749, 0.00072839410749568764
46.810165729917706, 9.0436937975035381, 0.00012634465281684008, 4.6675657175829884e-05
29.727231285768276, 7.9991485036782075, 0.0006480327943607588, 0.00028374613368022604
29.053093184383659, 5.70981470108973, -7.4608259717839047e-05, 0.0001869475881900671
34.151557488363913, 9.8237149007731333, 0.00044418594371434299, -0.00030775441106595578
29.531896097550156, 6.4054264797434168, -2.4635636345602606e-05, -0.00015848407361378873
48.095075304555159, 8.0312925817862979, 0.00016258851210957149, 0.0004449375021440367
53.736353109196564, 5.7501538670746308, 8.6523799014466364e-05, 5.0850704390848326e-05
51.873903862062818, 7.0783632840318607, -0.0003027377260891083, -9.7212734037359586e-05
35.200356686786193, 9.3060962080220335, -3.4995026259033081e-05, 3.9969658112269294e-05
45.049463743141047, 9.5099406827165414, 8.6433349548847811e-05, -0.00028135605022996067
55.19317720412225, 4.5295301678445776, 5.3666552394038922e-05, 0.00013753718378281337
50.327129657513645, 6.8943096663034966, -0.00017537710865911477, -0.00036272986250585271
41.590223215602805, 9.9795150235145265, 0.00047215309171219584, -0.00025826280905455695
55.381470150485178, 4.7629238828874145, 6.327740029523752e-05, 8.3139955695378322e-05
31.235954753901964, 7.4971064003897077, 0.00069831898539075713, -8.6397726353459658e-05
32.114514518815774, 8.5052605841276065, 4.9715582481340207e-05, 0.00040590495042822317
40.191137168092347, 10.036948920294016, -0.00069092598658659107, 7.9119606023888583e-06
37.384704608019909, 9.6188034325945981, -0.00062727668838468418, -0.00058075507221831235
45.993875549399114, 8.9246738591837733, -8.6954573700453756e-05, -0.00024229130326196372
54.271392164742416, 4.2075929203600708, -0.00037244882221403568, 4.9140226428193117e-05
32.386081943843337, 9.3909909513298278, 0.00078024537397211125, -0.00061017061726459832
47.385387466225204, 8.1240853315934451, 0.00033928777106691211, -2.7503134407669931e-05
27.584314924749854, 3.9870671525774499, -0.00013051934640453752, 6.2074341355694026e-05
32.514526559571067, 9.0663357998253087, -0.00018613115182101035, -0.00093530313418576077
48.970256592029287, 7.9586376672360091, -0.00062261951265935912, 0.00049601570704729478
42.482759398260079, 9.8629733453442299, -0.000228612087989175, 2.1817140490252147e-05
46.18825464754844, 9.200596251563967, -0.00016105106787160311, -0.00013436465139543682
31.898201629764504, 10.015121016462027, -6.9398912423109712e-05, 0.00099751382802034478
29.681610957419121, 8.5450258375869357, -0.00049144726725258128, -0.00069015393111324216
47.250528585501407, 7.7669270324566257, 0.00054316036372467863, 0.00047284048576408079
42.640415952039049, 9.6800170087807533, 5.8325365061686753e-05, -1.3836071056848541e-06
31.664461858947647, 7.8794189700514252, -4.1467960482323444e-05, -0.00022882173787222411
50.779012289943566, 6.8232279933703133, -6.2986919678319336e-05, -0.00049747103588388124
45.343585586738271, 9.1601922781835743, 6.5587931551118898e-05, 9.3294987887991427e-05
47.151255057976741, 8.366860998521771, 0.0001682094947683102, 0.00052108354529609776
33.335522690103282, 9.1128557046618806, -0.00022495494225619785, 0.00035057769185984006
39.72653570508097, 10.187132057978463, -0.00019252842147741042, 0.00012376189562362494
44.5813808777419, 8.9984863542438056, 0.00050114057493931118, 0.00010324686010275418
28.503722383559658, 8.0809097523335289, 0.00059338319876643631, -1.2587660676223002e-05
49.76137614571762, 7.6747953911734701, -0.00036104735110395171, 7.7956325096959847e-05
29.942322295771941, 8.7768453688678765, -0.00029061658737937322, -0.00049369539042832091
26.733855283989421, 0.35761771398076425, 2.2469611776040889e-05, -1.3988112259736633e-05
53.718192721884321, 4.7785127074772697, 0.00033708035889612529, 8.578279857301254e-05
52.116137865786627, 6.3849442463850838, -0.00033212788904219998, 5.2456199411500666e-05
46.008558524409608, 8.6278686551181583, 0.00040936944629933189, -0.00018427675514142799
48.307083581696787, 7.8481129926408979, -0.00069075964764196978, -0.00025047921015334461
23.996854958876909, 3.0413894665415979, -8.4817785432894543e-05, 0.00023052335776761201
33.736314960568727, 9.9051077911939434, -0.00027291074479791216, -0.00072464732187045534
51.853552180077898, 7.0526881722295709, -5.1839990910340885e-05, -0.0001428470731685725
48.85837092242172, 7.317085470273816, 0.00032329141457939704, 0.00071081556565884426
32.161212008198568, 10.115403848547546, -0.00092209081766695333, -0.00017768216442015788
48.897756509027381, 7.2551040345034759, 0.00071055676345697797, -9.4272532964480621e-05
26.775117216326787, 7.5453265946727859, 1.2739178570664863e-05, -0.00079567221552223827
54.611612355493179, 3.977592432161162, -2.2276335604281949e-05, -0.00026247668164984772
33.203433400330297, 9.6557824553095699, 0.00020922827691027818, -0.00064862618000975083
30.799867669107332, 8.0420369813836601, -0.00028682891370007793, 0.00018076178851533404
28.864602572491663, 6.7244769313564028, -8.5933705756124635e-05, 0.00032117575830099506
42.20614826795201, 9.5862446041127409, 0.00083795426874217263, -0.00028326083149002665
30.911401876848323, 8.3990983822487735, 0.00053134735701237913, -0.00014996741375103396
28.862246670860916, 8.0715400510053854, 0.00079622279530948208, -0.00029531966709558412
43.096822384941575, 9.5846931043922599, 0.00046498805613441596, -0.00040042159309530386
38.864538368561824, 10.1780773647576, 0.00017637169943170497, 0.00040714443157713006
40.13867324823179, 10.434224058753381, 0.0010454866143772097, -0.00027784702631301845
40.914068602283677, 10.036885187016654, -8.7737925982734138e-05, 1.0168673733574238e-05
53.41718135337409, 4.8658425641753231, -0.00043269797039022185, -0.00019254163833327525
30.844736833755981, 8.2870634278266646, -0.00041610970462145126, -0.00023485983548283406
47.224001088024842, 8.9952337162212466, 0.00019304254849049801, 0.00032832531392656478
55.780436005730536, 3.4104912086727395, 0.00011711442028277727, 3.5047229803506131e-05
26.693241814575295, 2.6980317142319277, 8.3539849976691042e-05, -6.7427256798121725e-05
55.410574787535623, 3.8391545117910111, 6.9766845147059808e-05, 0.00018320917941924331
29.737793108401053, 5.8443880956572025, -3.2179741584305341e-05, 6.3370832100655575e-05
43.636117161393422, 9.3882213944158277, -3.1840888611418995e-06, -5.9588997321145481e-05
39.527759340985732, 9.8247741825266175, 0.00064701681171894384, -0.00068011974181566713
32.500116674300671, 9.9235099245320093, 0.0010741319040080655, -2.2776612739083898e-05
52.914263026164967, 5.4030313300747368, 0.00035394603202360052, 0.0001816164934097668
43.606040393911549, 9.7985234683640048, -0.00094989645403094022, -0.00034424217876334205
39.599763390304666, 9.3319735724727533, -0.00021508216275500946, 0.00076131002781222601
33.735227074207771, 9.5696660380738905, 0.00048461920473701726, -3.9012048696256107e-06
34.149885947533242, 9.9678908876993528, 0.00088589931032667885, 2.4443340350677633e-05
55.305240733056749, 3.3036809742269782, 0.00022291411043769599, 0.00016082460541746036
48.69258125702212, 8.1494447758790347, 0.00016700238909823508, -0.00019127257430518122
47.734135810566059, 8.997680398939897, 0.00049861706049698191, -0.0001469738920338513
44.561089978855357, 9.2596525241530117, 0.0003084852925428266, 8.274296193009431e-05
42.249054973728484, 9.5900071336902322, 6.4506848496056045e-05, 0.00041902188642283433
54.459547340306145, 3.6149478026402044, -1.0117903493927959e-05, -0.00038652089449897858
46.047166100971197, 8.9504926212779594, 0.00035198033055487986, -0.00071557971103866668
30.424202005925018, 8.8714648376438472, -0.00025503486955730969, 0.00026721074984456777
36.972689235883664, 10.615439585014146, 0.00057522072148501083, 0.00042564909097659388
39.640968144098899, 9.5125910265966613, -9.6515210627714726e-05, 0.00059086989126257367
56.554454485077969, 1.1513155689438797, -7.1697419533230125e-05, 2.8359162036926483e-05
26.769619251880869, 9.6015446774649718, 0.00015670363076560108, -0.00020488709295096442
29.353136245463293, 5.5792191963319739, 8.2451236040893049e-05, 6.4611130172967334e-06
32.013948477805975, 9.6685039603642426, 0.00031792856968968614, -0.00089323543906159343
39.210101641089217, 10.468813861008979, 0.00038066807815175332, -0.0005752561643050186
31.767953574034014, 7.5449977999200417, -0.00018693647376020702, 0.00014221963189956399
54.143185149113485, 5.0565424927650184, 0.00013475058524282582, 0.0002437014388568197
33.535575623519335, 10.01791142942257, -0.00065088759874082445, 0.00049851702529587507
26.665389407880024, 6.7629341325001651, -0.00028465781193433163, 0.00049902566387618487
51.986433387451086, 5.7286244767920795, 0.00025756572982344719, 0.00044924803581883555
51.601942292433094, 7.049355075635428, 9.6336510439523163e-05, 1.1783762861738864e-05
42.85888257525648, 9.955209529646595, 0.00037372964443048678, 0.00019161422639743701
43.791144123939318, 8.87484320237402, -0.00041242532283202664, -0.00056376794461456285
47.702888581877311, 8.0530775424714527, 0.00017904296730472961, -0.00080532431558591607
49.27684867751983, 7.4051352803594686, 0.00058822668339234582, 1.115763230104633e-05
39.809276036109956, 9.5281595217057742, -0.00017968334802908074, 0.00072899740280011921
47.710490943889646, 8.5032576721496422, -0.00020132976639923459, -0.00037806177141012259
44.311754420198675, 8.5926237242370824, 0.00050614759246358555, -0.00030465093647104096
43.962339253064812, 9.2567516391586633, 0.00030867469999373858, 0.00022016702449677761
27.6707200604232, 6.4753790235100128, 0.00035624698744364796, 0.00032448654347096471
55.435021841036608, 3.8431906260405571, -0.00018363519338628558, 5.6453484293606536e-05
32.115444078465849, 9.9103222003071973, 0.00056171249949637256, 0.00039638193099939385
27.750539641233605, 5.0414505352242358, -0.00019684750300636277, 0.00013968072023917921
46.184004881421828, 8.7990395173591107, 0.00064315031742963704, 6.4565293479512965e-05
25.45508261794707, 5.180821886983348, 0.00034948512279928741, 0.00030989648757181711
53.88634273440136, 4.654955998445331, -0.00041363308322089269, -8.3456533833557242e-05
40.628697703746305, 9.7890754000075759, 0.00022422064197438445, 0.00021437854656867423
34.282395251310341, 9.6550910041971942, 0.00066585773276840569, 0.00058109750961881615
53.730391033128164, 4.8247555737441834, -7.631851017887439e-05, 0.0001653202396644627
52.677148894435575, 5.9957372193342984, -9.2205960282561411e-05, 3.3702801411397453e-05
38.412329499489836, 10.149615956129187, 0.00061806212758881392, -0.00061950948265559493
49.236555400002132, 8.2127633386506478, -0.00044561110932281567, 1.0054033714292346e-06
32.195916763499312, 9.198053881619412, -0.00011083284345177262, -0.00043270342450551304
42.269721732968755, 9.8066520022658619, 3.0914389251307072e-05, 1.4356905260269594e-05
27.732541978821001, 6.4615155751007789, 0.0001621503191778157, 0.00031755842857916381
36.250690951074212, 10.630927075349565, -0.00049080696638894412, 0.00031040040890043408
35.747908078975783, 9.4692369675846049, -8.4317937519860301e-05, -0.00011676579715581745
27.157942795987047, 7.6412999153231294, 2.0989959174287558e-05, 8.9457009235524706e-05
27.241159724837523, 5.1661953247919623, -0.00010252675894388736, -0.00024795329641617278
32.707340959160284, 8.148465309868417, -1.855593244854994e-05, 3.4517929069119111e-05
40.541707970200129, 10.026716782461152, 0.00015270197639311709, 0.00036199708646962706
29.874821160293681, 7.3946827326417202, 9.291135363246327e-05, 0.00027492689272684394
34.770741008666086, 8.9874526186994075, 0.00013769737397263034, -0.00012377952560797072
27.762014012232932, 0.7825650172143821, -4.3206161702359984e-06, -3.1007353231348385e-06
53.996823739355492, 5.4522326046203231, 2.1104484093799707e-05, 7.1472625315304492e-06
52.180729458251498, 6.4581060635629024, -0.00012196491629229249, -0.00027321580847981705
33.615944710808115, 10.16361805173862, 0.00092212229670680923, -0.0003345871504659418
30.069193748207859, 8.9146144750997482, 0.0008087963624463985, -0.00032972041357293142
53.767430369662904, 5.6259978596415978, -1.1076080757673394e-06, 0.00022277959557544868
42.50267652943635, 9.5077583584080898, -0.00022900324827374906, -0.0006745079512554986
45.384878558824646, 9.0224977111564613, -1.6677342096970414e-05, 0.00014469325245158375
39.792033035786055, 9.4824737911317563, -0.00017390735646361468, -0.00059519969832602605
52.29277336786506, 5.7193727083386472, 0.00058372558131681727, 0.00010629690545660902
41.63903960390882, 9.887258284268734, -0.00017188211625809727, 0.00062235311747534268
33.712268387710061, 9.3045539540236, -0.00027558644456003643, 4.4710519121041906e-05
43.979841098649693, 8.3055844560590142, -0.00020127870334076076, -0.00098788636178692474
46.080802338787187, 8.4252982397637517, 0.00071555966030005167, 0.00020228730844969102
31.844444281089682, 9.678665590917813, -0.00093320301725542036, 5.7329327240262644e-05
51.698289883232881, 7.0599036104018005, -0.00024887189136890925, -0.0003171766460631572
26.901470369094319, 7.7037506663250168, -0.00059602489081903292, 0.00057119396315716373
53.497475962605257, 5.2108180856722637, 0.00023359957703953383, 0.00031238286301136354
30.532744535994564, 6.7916685966319905, -5.4827948336987852e-05, -9.2039907756935755e-06
45.952489512510184, 8.0891579287891577, -0.000637532814434155, 0.00012825289739655299
43.6059515829985, 9.862767867388051, 0.00018119342628957136, -5.8538222483255595e-05
32.588565082281633, 8.5199372887495706, -0.00020884529961830162, 3.1173000575065929e-05
46.011523160415074, 8.7590662123614607, -0.00066871418500687868, -9.0072093747247786e-05
26.595044568890099, 1.7003215857556877, 6.7884348665378025e-05, -2.0904007318813143e-05
27.604665265157337, 6.9569155670513299, 0.0001289546788228863, 0.00054513215160459795
27.011595774046985, 7.6043090486873259, -0.00070580627881699934, 0.00010586557210486589
55.941476487521015, 3.7449128463781181, -8.3870979243553549e-05, -3.4174333288159348e-05
34.275834546619322, 9.597392186439361, 6.7070841881226428e-05, -0.00041627770015590607
53.877484253589486, 3.7996144742640383, 0.00040770812884622509, 3.2101554351406687e-05
52.384652484521624, 6.4652591541465476, -0.00014142740031948412, -0.00030586195094341705
32.060367005030635, 8.2556595921723002, 0.00011699342840898734, 6.0052001969811806e-05
28.843121973409833, 6.8354602473800563, -0.00016883166223178824, 0.00015186102256182043
41.507502921374495, 10.535687600033164, 0.00023880191405421732, -0.00011033404458265959
42.388061050719337, 9.582375702306857, -0.00014506009136019206, -0.00097808184098111136
54.542014702451638, 5.3692950586839876, -4.3993992530985524e-05, 4.8686902004580078e-05
36.845006136363018, 9.8871000611136335, 0.00044167947314051098, -0.0008107204252789708
42.616572254627421, 9.1062654747053173, -0.00066949031307406116, 0.00034387485965557484
48.462181249113016, 7.5828067942327122, 0.00067578327433443787, -0.00020470558687749727
50.205464296701919, 7.4634129797892914, 0.0002630727495706705, -0.00016198640689514337
53.990804572997725, 5.073125632749746, 0.00028484467124049344, -0.00016142615675662688
56.051700676157139, 4.101420956487595, 3.4116832332010081e-05, 3.9127969003488186e-06
52.114471404711395, 7.061374110539548, 0.00010191121743489486, -3.7337452930846141e-05
43.272685485033215, 9.5290198306412375, 0.00072977209697910037, 0.00035048268225941834
48.070650882209456, 7.7324442451045012, -0.00016442440510198072, 0.00071254916836434019
25.726300286851803, 1.2384144225571474, 4.9194576945611427e-05, 8.8810589135596524e-06
44.893192166422523, 9.2483548637809552, -0.00039708441252767974, -0.0004035491077738227
48.294444723122716, 8.647223194239599, -4.4548917926269372e-05, 6.4615505910289536e-05
54.518554415849543, 3.4746143689847284, -0.00018386464541890612, -0.0002866768293557144
35.790470146204292, 9.8913430603690404, 0.00010038197528911681, 0.00030992964517768853
39.323582245190188, 9.5863393473171037, -0.00074190702267032524, 0.00053536363888455276
32.81674176450224, 8.551028148243633, 3.5687319619653232e-05, 0.00016285712610328233
40.63148390874818, 10.153914632083037, -0.0006674580778589928, 0.00053966524906753563
54.371700795826662, 3.8280042061245774, -0.00031047853887765028, 0.00010280041857490978
55.527003596417771, 3.2594166787762617, -0.00016366947755985393, -6.421659687076242e-05
32.418207986348207, 8.9817000097627915, 0.00030870443538756653, 8.5558361812595139e-05
31.941539458125476, 9.4787158800558728, 0.00015532456612467162, 0.00051832714912118704
29.488634847626031, 6.7976695934247955, -8.4256544989815105e-05, 0.00018564484229972498
37.513083157768136, 10.257556898801429, -0.00044394809877239873, 0.00012141604424510089
50.423396061268953, 7.3860791277038134, -0.0002379727555334785, 9.363458554857324e-06
44.240120790165896, 9.1488595541975801, -5.4688688513100051e-05, 0.00049600164534381467
39.504084111191546, 10.015708356901147, -0.00023532527429628093, -0.00015646769698513649
44.545018021450048, 9.0997420109884697, -0.00011776972654121959, 0.00025272781379252529
47.785260658140949, 8.9820803039754544, 0.00016468255747769035, -7.9936383176256026e-05
33.239186557527063, 9.4720921315376074, -0.00071140983980552827, -0.00068333143626950524
49.112585725943646, 7.8867076954540307, 0.00054374589383293095, -0.00023399575477444515
24.162049737998995, 2.6215933637716975, -5.311747111640326e-05, -0.00022124368977546603
48.126098582428099, 7.881480251076348, 0.00081510069279350759, 4.4074191191883796e-05
37.124538955781219, 9.9984838839803718, -0.00099309301575968719, -0.00017913650674892013
30.870351446315194, 9.0147021255449946, -0.00073025999263396485, 0.0001871266248386506
37.95457253066008, 10.200428181515274, 0.00019814595204806549, 1.5216334021409368e-05
27.291760120716717, 8.3319118269938564, 0.00038055151519609528, 0.00069471394605246262
35.513518831713661, 9.695383387874104, 9.4571574503656697e-05, -0.00021606456223139731
28.72401036648106, 8.8148190179052808, 0.00031555245839262993, -0.00067583423252965888
46.994962967545845, 8.8503782521635692, 0.00021738519387884644, 0.00041795242030732722
51.038938620991424, 6.8265175305098378, -0.00014940424168596064, -0.00059147865549639186
25.364815121051585, 4.2544190856916053, -0.00037323711202034694, 0.00012738054304715454
54.605723009016721, 3.1890439866344442, 0.00028429960880403682, 0.00023091569161102238
46.967445206338837, 8.7074238265167505, 0.00014194040687949482, 1.18862436385856e-05
38.072220425416582, 9.4582785238966345, -4.5408506652452431e-05, -8.7540244881999382e-05
44.829176220686598, 9.7192220875743818, -0.00013578123332467118, -0.00019664536459300519
35.101096588116718, 10.674207524442489, -0.00083384556789594224, -0.00074780538613951526
45.477943835134162, 9.3587737555624386, 0.00032551333172684276, 0.00019376326444795069
45.753091648365306, 10.438209333172933, -8.9423652359361261e-05, -0.0005895756123577234
41.581898201964755, 9.2361664729417008, -6.01460268596802e-05, 0.00078878710140971981
42.069516344887404, 9.7961247599913612, -0.00043089802464690738, 4.1019348477106385e-05
45.285157010984008, 9.1643608184588992, -0.00097716872745179178, -0.00012458407944453316
50.031851586587159, 7.323141646380499, 0.00038386109911719187, -0.00019842685155036961
55.379753333144272, 2.5719971975883333, 0.00024525746722293664, 4.2204764114854979e-05
55.240363347104122, 2.6538351789030923, 0.00019077797446844907, -0.00015685399199720984
41.542686973499841, 9.7665007170125193, 0.00033256810780786213, -0.00043397248981172896
30.193492399285713, 8.7572629307993832, 0.00047402650366689839, -0.00047715706993451394
46.164371068337346, 8.6189937505804544, 0.00075227375635219433, -0.00052618796576228591
34.370119196291014, 9.2464593226840446, 0.00010208715407129867, -2.1925287187593352e-05
53.646687925258171, 5.3321178581460122, -0.00016607854727245232, 0.00021540572977051079
49.383963824462306, 6.8786188636796863, -0.00032136672059194447, 0.00069528077332094596
34.404378937521017, 9.5401140763410215, 0.00034812316124238732, -2.4195720904715194e-05
26.577729791406096, 6.6551633004937134, -0.00043292833610931715, -0.00042866795683702756
46.998165175201194, 8.4192387920096223, 0.00040964443860895913, -8.7191899067342384e-05
55.981885922003158, 1.0546790737228049, 8.9258009270972682e-07, 9.8311361090989616e-05
36.248023466493294, 10.04143880540534, 0.00059974049863187936, 0.00048383941834926925
47.840386830907477, 8.0970910208889393, 0.00033698338257884497, -0.00039686244989187429
52.120020733415153, 6.6147388956861537, -0.0001799335705632969, -0.00019878621291857402
56.854063990955666, 2.612736655061056, 4.6134226246808095e-05, 4.4756758938530195e-05
54.356857362102879, 4.6707320495641307, -0.00024904827292511781, 7.6553651547161909e-05
39.407163359149379, 9.8612328471099335, -4.6222835745149293e-05, -8.6855536429280954e-06
54.216849830074658, 3.5212347647437956, 2.2388174210815458e-05, -0.00034326823807300584
48.727937134202328, 8.1648475966963172, 4.0075230667260939e-05, -9.4424833281286585e-05
40.471804072021733, 9.8189157419732513, 0.00043842302200143113, -0.00035279634278113052
32.418036844501941, 8.0984792932753837, 0.00010293232220692344, -7.5886026805110267e-05
44.790639483992102, 9.345347572697694, 4.8874552181401257e-05, 0.00066598603851296206
47.175630776012014, 8.2381684807695645, -0.0004677545186195018, -0.0002480457158490587
53.655875516137748, 6.1966220435826003, -5.9420340204957145e-05, 5.9391704238433939e-06
31.029255853251314, 8.8716295257433053, 0.00023355773258621249, -0.00031875004225832371
49.364830844668397, 7.4247560898404172, -0.00066135098289956448, -0.00017449371260079924
30.197610931851329, 8.2557840206130972, -0.00056279649397009319, 4.8996492266216535e-07
39.258861544167765, 10.027090834071062, -0.00059971039371442547, -0.00017707266103349567
37.897149553002869, 9.3508117396751871, 0.00021815701331640006, 1.8878112401613907e-05
52.842626958408232, 5.5399277220655154, 0.0001758612488288558, -0.00039916349619594741
25.685421138479093, 5.090335799471096, 0.00037788185459501812, 0.00025427164667747294
46.879689349738541, 8.071375749759051, -0.00045871522812656853, 0.00076675025269669881
47.759089778686963, 8.1760133100451906, 0.00047162734375331739, -0.00069144664179278783
49.745524385031608, 6.6104573294245883, -0.00024967087760033085, 0.00068773344311233973
30.735358162463744, 8.2485362023600999, -0.00045395358183290341, 0.00037762926931672559
45.690061427353108, 9.2051862941309519, 0.00092533209313456089, -0.00035391783730859923
46.876743609997227, 9.2701424388700815, -4.5313233824018115e-05, -3.3813310521587015e-06
52.987679657129895, 5.4608195224520468, 2.212609417422732e-05, 0.00041416902686999509
31.244328529033211, 9.1917599341087506, 0.0002775024524631473, -0.00070333297038008085
33.890253830189408, 8.7020678046702375, 0.00011706739256751944, -6.7597110462863069e-05
34.617446086122492, 9.7696520364047821, -0.00041831519508101167, -0.0007483952689501857
31.51332450980815, 7.4632191082294774, -0.00022389229975997943, 6.108924607560092e-05
38.672062965999764, 9.9500519661272353, 0.00092610671620712388, 0.00060706616172666284
55.045964192375685, 4.8338081080015947, -2.429916449451475e-06, 0.00018238412824753898
29.907808000347949, 5.9112592945439122, -4.2329673141600465e-05, 2.1128164256820952e-05
29.491451983226465, 8.3875196233399567, 0.00082294562639470331, 4.5005389989931747e-05
27.772101755808691, 6.7802532872240793, -0.00043597170977923284, -0.00026335972347303979
34.411193409823753, 10.475674750966906, 0.00065148499322546436, -0.00066922819220983183
37.537403691677881, 10.356369373559433, 0.00042146500364440909, -0.0009023086908739983
31.588609052944022, 8.7874410801177625, -0.00038450814710476499, -0.00014655638883789851
36.752503562761042, 9.4227940966239903, -0.00076801416337276174, -4.7778054520814894e-05
32.86503571986772, 9.4645604459427535, 0.00071222495351551656, -0.00033412137487052356
37.661520261608153, 11.151743284229459, 0.00010850443583452506, 6.9848665341316925e-05
39.137213502263258, 10.16200107314779, 0.00013818061378544926, 0.00079871364969152329
37.58173775782042, 9.7085831341532156, -6.5613307799136504e-05, 4.4699978100332634e-05
31.458875626064273, 8.5582529813192103, -0.00043453854251272338, -0.00016930257888837658
41.901902577700781, 9.7003431983041857, -0.00051546159236477967, 0.00017414009870364282
26.190360554973854, 5.9428518601073614, 0.00051544719618492262, -9.8745610881741497e-06
55.26905880194461, 3.9289812316620321, -3.6994164090498173e-05, 0.00012935222844646143
31.804677479870048, 9.3742565300388492, 0.00010791389179419298, -0.00086280056666496001
24.969189050207696, 3.8672186547436791, 0.00026444387537424721, 9.0199356703077552e-05
51.572758362901766, 5.6294544082535278, -6.1739703634756512e-05, 0.00040191294745879689
42.122886802035111, 9.8413816554040103, -1.9120657507491332e-06, 0.00068515892221028335
33.761226699897499, 9.3117981242311494, 0.00010573334903039038, -0.00026643318697695242
34.367205631248886, 10.070920528734925, -0.00023457731994011216, 0.00070889412377673382
40.618055292644911, 10.122478731897557, 9.5098983263943143e-05, 5.025553869264223e-05
48.734164300915211, 8.4698094807655391, 1.478308100504271e-05, -0.00013249498470625594
57.068836095499776, 0.42169789313522238, -1.409615837812344e-05, -1.0705181178821976e-05
30.108089570584639, 7.3669640760497961, -7.9396512511199817e-05, 0.00029856916880435379
44.939014847842074, 8.7932497499501459, 0.00039604493670443848, -0.00056717614492142877
42.57066167375919, 9.9531952479437411, -0.00026984333354163406, 0.000206769466906907
48.448743460605655, 7.8226979573828812, 0.00052701434573396372, 0.00024763523557979217
46.542135625134563, 8.5342043176929447, -0.00070452467992698753, -3.0007537795224976e-06
28.624781686975471, 6.5787680131793991, -0.00026162034401993559, 0.00012288565531366386
37.498811327387877, 9.9320133046820906, 6.7452090855563094e-05, 0.00033486827864510693
48.881536572813765, 8.6311272421005327, -8.1020420110393054e-05, 0.00026997978640817632
29.742336668585594, 7.8518162057247896, 0.00025589255132437057, -0.00018585798333763698
32.297058587778039, 8.0569524354401345, 0.00043705582502751782, 0.00052475176192607622
45.262416002844915, 9.4575851767780463, -0.00015984268543265624, 5.6514216665795441e-05
42.789003767338968, 9.5597819630417931, 0.00024849702343171564, -0.00092229273165972522
45.36020568140534, 9.001989245264177, -8.0435948815287323e-05, 0.00011599306430483679
52.814566001731421, 5.2004460199096494, 0.00043200833039942294, -0.000273778570026665
46.523106255990363, 8.7841904154175374, -0.00056785740679370479, 0.00037455952694949571
50.172543955753611, 7.9128374246472966, -0.0001209381788292622, -6.673146515813126e-05
33.29809734324536, 8.8161170342826924, -0.00010147339331644804, 6.4513828377553981e-05
46.104219265581136, 9.1264670402729067, -0.00021461076578083499, 1.1623536049129959e-05
26.588194012119587, 5.8311130981005563, -0.00016134782458525817, 0.00028398531783839075
53.036305642737716, 5.5006305807171607, 0.00018284925708320491, -0.00026411932541551983
43.25090675312147, 9.4881554282886764, 0.00021546784773738507, -0.0008499354287574665
36.614355658536873, 9.6722185612210207, -1.6075134197649115e-05, 0.00010759450105274889
35.360393427925487, 11.918021704459855, -0.00018044748292409804, -0.00075581529218333868
53.691138327960239, 6.4102941185401265, 6.9793417253465056e-05, 0.00054015188616633421
28.85663675517872, 9.2866589325043787, -0.00047414498157711702, 0.00037898620908967206
54.19877590470842, 5.0213066186911988, 0.00014066427926451671, 0.00032406570936393712
44.989248463223092, 9.693719113105022, -0.00055452912111628671, -0.00048284679242007746
35.646843028249883, 9.387592845784658, 0.00028313854406621851, 0.00017525191493651969
55.013607133537015, 3.0711684878347323, -0.00028771755802691623, -1.1846630133107008e-05
41.281238845759624, 9.9789392347537138, -0.00025741252145518756, -0.00071405970287521448
37.859880848841968, 10.123766371199043, 0.00039420395373520776, 0.00029797447661965591
32.522689470744496, 9.5206392261481305, -0.00053804752600162718, -0.00013356890221526301
54.015745528093184, 3.8074266293697452, 0.00018798138798482015, 0.00038458457326835433
38.382194173748616, 9.7153468468358799, 0.00028269389103408336, 0.00048541363529599964
46.109764893782462, 8.8398142451237103, 0.0001798368160899511, -0.00021583974218206399
56.082451413151475, 3.0807132473027372, -0.00010836437778390763, 5.2154609694085931e-05
48.174397615691639, 7.6484953239018028, 0.00063116292740623221, -0.00040619250628782188
51.520788579003671, 6.4794527559189588, -0.00017597882859462166, 0.00012567945396092125
24.526748896077518, 0.56228692556037441, -5.518933283952887e-06, -3.8492421468652496e-05
29.299253085215927, 6.9816683879389956, 0.00023536334797695388, 0.00021087008189828155
32.300571462009444, 9.0123399957655259, -0.00063473441105422513, 0.00023246503192651065
44.412213822820711, 9.8637091884156138, 2.1650364950866379e-06, -3.9151400255099265e-05
25.199288474781088, 1.7641271492104025, -3.4292419657539171e-05, -6.141091047602168e-05
52.923031123691452, 6.5982560940972004, -0.0001297776055361802, 0.00016140203906447344
55.920498664882246, 2.623164103083552, 1.7680160698215429e-05, -0.00016476610110517079
55.984805974353421, 1.8336155414143986, -8.371247067105801e-05, -0.00011091142839324642
55.686985565392582, 1.862177222368353, 0.00010151739929185357, 0.00014511595635187895
48.779757730682242, 7.1793557461338784, -0.00013835439505021298, -4.44748483283278e-05
43.067134389988652, 9.6491955609026281, 0.00015199732979637702, -6.6225263894374665e-05
36.501177601202627, 9.5875493665121354, 0.00011103729933806069, -1.2067066578957709e-05
30.659772239859372, 9.3329478023090235, 0.00022947853034725285, 0.00045896732364642228
27.835341079925378, 5.896623327003911, 0.00026809162936316638, -0.00030446075013918151
39.553399647107241, 10.046069492175521, 0.00042842874161799804, 0.00091831386249694672
36.711649947016511, 10.138831410543689, -5.9809599369029996e-05, -0.00036660149975025104
45.902981388004775, 8.8405220303901757, 0.00034139494646981812, -0.00067371826381992924
33.7233220831762, 8.7358452991296449, 1.3647067409704517e-05, 6.0351563810821258e-05
56.220056666493647, 3.2984362060402908, 0.0001150284587183883, 1.7900670517168354e-05
49.971196227261402, 7.0257048232344514, -0.00048325805711177942, -0.00034014706656107356
43.559448770036589, 10.44968498558265, -8.0387693897052639e-05, -0.00018685978100795213
35.441084459770266, 9.5851742550404602, 0.00095664294737474002, 0.00046820114245486568
46.806277029604423, 8.7179382588476848, 0.00025895892146083455, 0.00054400234211190567
31.262642271775835, 8.8599295709650079, -0.00065642859388220136, -0.00055170774276213556
26.27465326718221, 6.7241010667995358, 5.7432722853490357e-05, 0.00069621300502844066
34.244329202280738, 9.2026749230638529, 0.00017033987688374355, -4.1986152058973676e-05
26.969241634856459, 5.342631161698888, -0.00023622957619289702, 0.00026524201805636956
53.486562984835047, 5.6054488907665316, 0.0001840226286752982, 0.00011619170519571528
29.020641601158264, 6.2692051011638483, 2.9458355133177932e-05, 0.00016288690270335027
36.100075188639686, 9.2482100748432394, -0.00042880035856200866, -0.00036695402168056415
26.524120446651125, 5.905050777286581, -0.00034402797045474012, -0.00035509002757348073
29.433675503177966, 7.3256124409665793, 0.00024510438473758386, 0.000210282905800966
25.542096895918363, 1.728827680094982, -9.1234554280881427e-06, 6.3284773626806536e-05
29.015823928827292, 7.1671339162944347, 0.00012715993770517729, 0.00023987208338380512
49.776401395421217, 7.4341830022541258, 0.00016920276149418146, 0.00067415386039862077
36.314528233937203, 10.440718713302886, 0.00082538213330567969, 0.00073805785503575419
38.043452724273031, 9.8753494456183013, -3.8998366159415961e-05, -3.7716925543346699e-05
49.951103424549707, 7.6319397364531687, 0.00048975904890235708, 8.9794696312095942e-05
28.527487080264958, 6.5142931513990661, 0.00024445210978232341, -0.00022612878901011167
35.436642162562599, 10.044073439162361, -0.00046221527360571689, 0.0007415043796209417
53.540104198790125, 4.7355780033790049, 0.00016576871905968484, 0.00038578416640425086
39.806721959968939, 10.093508046969903, 0.00053892864460288706, 0.00062695869007802483
39.470636228977966, 9.832455145082946, -0.00013569546187143099, -0.00082986205392885466
31.107622694026318, 6.8916801958790659, 5.2939514634829751e-06, -4.943017608991555e-05
40.829201907750118, 9.9037598854614846, -0.00038336665908247095, -0.00086224985194601812
38.237912114606807, 10.593093186078368, 0.00067819046747514308, -0.00033746159082302597
43.043120947821969, 9.7010205279699679, 4.1704062108750598e-06, -7.6375100459354539e-05
47.727409914120159, 8.0188532966781843, 0.00068479771208434538, 0.0003696975884053778
39.636776576922962, 9.9469059816136127, -7.8267008391338935e-05, -0.00020919776655248397
56.328067821787286, 3.3307368803827808, -5.7406615770515773e-05, -2.3793241000913495e-05
45.606630953708034, 8.3576691214772332, -0.00076287489942011388, -0.00036089146282439649
50.362985938450265, 7.6923142761464351, 8.4422654444748894e-05, 0.00011660804848870221
35.328770132663287, 9.4520362629096777, -0.0010049112940424387, -9.9786810010192096e-05
55.853806844311208, 4.1781425024412071, 1.1860302757563406e-05, -1.1927731719124312e-05
31.639584220732235, 7.5114256984994858, -0.00012115704723161295, -0.0001009874636389592
27.000384307876438, 5.4829214248787963, 0.00029065515382190575, 9.094570895634398e-05
43.532054478495866, 9.7398433345480022, -0.00029097962200112722, -0.00047708217782370572
26.417921462541521, 7.2075478060583107, -0.00056393869293877108, -0.00046143232645923124
43.294183085253664, 9.9094255357900209, 5.0629273306151107e-05, -3.626670140479968e-05
34.475131234797459, 9.6587149805615145, -1.7427272357644929e-05, 0.0006192874595720184
30.022991353251705, 7.0958878531092431, -0.0001839799155749468, -6.1107455136060753e-05
41.516112707495807, 9.9539921227063726, 0.00084729161342805229, -0.0004954280713301265
55.34371572338361, 2.1890679659351866, -6.3307847232621294e-05, 0.00021975399228176155
42.39519069594914, 9.7892045607789253, 7.5166760961487133e-05, 0.00011294362342265377
32.030523865400404, 8.852876790770523, -0.00011487818748893171, -0.00042400203834570339
52.130557656004598, 7.0599440825032502, -9.6818180458535451e-05, -0.00011017742115679969
46.949200565447875, 8.8188351343735309, 8.5088805523927965e-05, -0.00063990165598220411
38.950529570448197, 10.173475859854355, -0.00015179266103015706, -0.0006184789285276391
44.735349169850963, 8.9324116790910661, -0.00087739016248715624, -0.00040345087642241183
35.369542504880229, 9.3380289069316653, -9.4728973931822236e-06, 4.4911010117273316e-05
27.78579525843563, 7.6558841644739752, 0.00052960035645108043, 0.00034400753471205546
55.783140997826109, 3.30266138156037, -1.1789782604779123e-05, -0.00017057322566212333
55.522711060567389, 3.3517449283605929, 0.00014455939488977964, 3.1824532271337641e-05
35.77077612676775, 9.9668896339716699, -0.00012521172039617887, 0.00054531886837427823
55.199317375185274, 3.7138968425737811, -0.00018520690919102823, 0.00014880528830291188
49.158666044905118, 7.9939124439704505, -7.8381522960300004e-05, -0.00028897807417577046
30.400837175122966, 9.8971762875349416, 0.00073927654017753809, 0.00070165674635163657
35.48512404218453, 9.9221356396774176, -0.0003839188619423168, -0.00064524390369908745
49.432946307301478, 7.0677587492761473, 0.00019278287710818777, -0.00026601125550673602
52.800445371503145, 6.2548059268322378, 0.00017315981748300735, 7.0787076041691917e-05
29.118479241028773, 7.4133914639143654, 0.00065525857394033583, 6.4465127391792834e-05
55.75575664467199, 3.5241351245979318, -0.00013362284979197097, -1.1010462294933532e-05
29.661971489451769, 6.4311749990190137, 0.00015818720268681149, 0.0001005690838975076
45.763027259017242, 8.5233869592648919, -2.6362435728812992e-05, 0.00061030242687330858
32.598880059028872, 9.0329579899726173, -0.00010691244719750221, 0.0005729984618695667
47.948936002917264, 7.2441355838081778, -0.0001913228862657235, -0.00074125529242356151
28.76543095593707, 8.194944655214595, 0.00070525201951041928, 0.00027859034064557593
32.898209569143845, 9.8407477751511347, -0.0004211793482140651, -0.00045950283536901575
43.834669301836627, 9.6888774919403975, -0.00019554418932136915, 0.00023041055445494166
54.104254252183949, 5.1224499962729055, -0.00020351043175953409, -7.144748004736046e-05
43.77982488585468, 9.0955790739984224, 0.00086383432171837098, -0.00032950613410809813
52.018269691554693, 6.3675102544816573, -8.008496323058999e-05, 0.00039528152227087573
33.512632050056489, 9.1504352498886199, 9.517792354412487e-05, -0.00041780933282389534
47.724531340969477, 8.4054273730871873, -0.00016497075451190197, -3.454581689534684e-05
42.567927988627488, 9.8516636096811823, 0.0003237988402741784, -0.0001526981081475717
51.43714666353236, 5.8827891191346486, -0.00022784217608554476, 0.00057042386425572549
28.850608626093742, 5.119684614416431, -8.0882355056528072e-05, -6.2394417383917507e-05
34.884035886284195, 10.019788547367744, -0.00012516341144652843, 0.00073060891438917266
31.387211939313787, 8.1138115901759065, -0.00053451760891756912, 3.2874655942635803e-05
44.339064663252223, 9.9061911582147868, 3.7319673308831269e-05, 0.00011340928311172315
37.902927062574456, 10.16708880138243, 0.0003657433259447307, 0.00013732412624887781
42.825722173112389, 9.5212430803356618, 6.9776010963994961e-05, -0.00047704933146880927
30.550520782538591, 9.5012011302291572, -0.00073881911187794911, 8.5341269985798158e-05
32.997269098466106, 8.4662453264809709, -4.4845981348729284e-05, -0.00015637060110097465
29.406605987943713, 8.3211993988430795, -0.00068597377406901558, 0.00013843155471866716
25.700503900988238, 1.9992677884738566, 5.2380723366000837e-05, 8.6463948166115503e-05
55.298884346435585, 3.9158884357108676, 4.5892184533993887e-05, 0.0001763015028039301
36.824657368083429, 9.9709671096283188, -0.00059083097371950832, 3.4116703333801224e-05
37.131941525481842, 10.487594116649273, 4.0450883099317414e-05, -0.00071125490004471457
34.32388879547608, 9.0598733450371043, 0.00022352157917195648, -0.00016847399344177964
47.289677361367865, 8.9156973824194097, -2.1374770831729713e-05, -0.00038186704813544201
52.525585916131391, 5.1981464778512363, -0.00017609868093333367, 0.00050125836493831143
28.602737111079552, 7.0402882001043503, -0.00039979297440392262, -8.3272644768969456e-05
50.536913598217822, 8.4985698825993392, -3.3267344291812879e-05, -5.4799378579017265e-05
46.50339554145885, 8.9934793076159494, 0.00023523656190220651, 0.00014393199477618002
49.263583113234951, 7.9251181899096181, -0.00033664865221389584, 0.0005137357733345447
40.377182236789388, 9.2000813223578959, -0.00061875720198244677, 0.00024723314415399112
44.043054158587005, 9.0337675320651414, -0.00056724606188451648, -0.00050635532525189811
48.846996420249603, 7.6126955085160581, 0.00047847848696656495, 0.00034225998516831745
44.658173355323548, 9.6112028463180845, 1.9750427870124565e-06, 0.00013231873526231219
30.233578845332726, 7.1722471709257176, -0.00020405738662715643, 7.4596766829795036e-06
54.881804177987242, 2.8827505496781347, -0.00029155881901295536, -8.7356283178375868e-06
29.670270725345638, 8.3697361494868616, -0.00011735412020707336, 0.00072334880371410109
43.395244891627108, 9.4893768049041185, 3.992573578866684e-05, 0.00054140357760670366
36.762799324116379, 9.8222802013378629, 0.00065369939594351928, -1.3529200689265062e-05
43.058853076734266, 10.055757301707697, 7.8811084408601123e-05, 0.00023628747907441817
46.553510956628436, 9.1651542603276255, -4.4898489644460641e-05, 5.8762356365128741e-06
49.316043361017577, 8.2599129328777199, 0.00014990849779764686, -0.00010665081437444447
34.619016734163381, 9.0546468127272686, 7.4182729491962065e-05, 4.1486701422476439e-05
36.182747078174287, 9.4432432442684426, 2.5718038094350923e-05, -8.6711508353098349e-05
42.832273261578031, 11.077439718236258, -0.00026180671503064749, 0.00038819097530658707
47.321238052769687, 7.9135620409233081, -0.00057140702029673425, 0.00035631617612637945
34.545173790714379, 8.8454015520764955, -4.6821291110156059e-05, 7.9262797196460295e-05
38.247409527819421, 10.010512521761859, 0.00026855676972905912, 0.00019094002791754627
54.893837694443036, 4.0178607227097602, -0.00013241792254499614, 7.1039871775028734e-05
52.118814474864514, 6.7808256458598484, -0.00010129339587528125, 0.00022393829770107361
31.11251212660865, 9.4360583976914523, 0.00067153718453850182, -0.0001737230006186214
35.495618904746976, 9.3253512441460789, -0.00012982409079310403, 0.0003606620068471442
51.214368456455908, 6.8433494189793063, -0.00022271317559303459, 0.00017202770907256607
41.695000052136002, 9.7696936404091375, -0.00034164800886426285, -0.00077936626842129971
26.47690849865025, 6.5478197587156712, 0.00031379237095608011, 0.00067830570229535168
30.160382192790408, 7.960353829115336, -0.00018557845493885624, -0.00082220894694772547
48.449057320161444, 7.7228949552333441, 0.00026754682400901729, 0.00073430797785820035
34.685556374116707, 9.5283466038020528, 9.2217310053183243e-05, 0.00081895872277370726
32.927711690161459, 8.2009307418536697, 9.0929752721295335e-06, -2.6086043392073874e-05
43.035101401723416, 9.4206449269196302, 0.00011103402299250949, -0.00076508840295556651
39.618883651269712, 10.70086186040656, 0.00053681134126580771, 0.00022995783694472198
55.107688671652738, 3.7457941175371983, -0.00017005486239185413, 5.6840306650430476e-05
33.061253024982939, 8.7892463545880357, 0.00039617143366272055, 0.00012286885014574676
43.82109834988816, 9.6801045487591573, 9.0465441515453276e-05, 3.3691618509302782e-05
34.932174159790399, 10.560594401123884, 0.00069893606702060612, -0.00085945634585278779
52.865553177337354, 5.1986658840001043, -0.00037059759623172959, 0.00033238241508443903
31.278710127531415, 7.2822402591694217, 0.00010900075867451422, 3.7158521538145982e-05
31.53249119574188, 7.4045088412877966, -9.3702992223443763e-06, -8.6972104121350221e-05
44.141639592802136, 9.2668665353449828, -0.00079847124525279727, -0.00019204001256957601
35.900668689949654, 9.9744101382356458, -0.00042917264474860131, -0.00084534326945259655
29.538054153219679, 7.1885475563358714, 2.9499517830245978e-05, 0.00032767641507216338
40.887838374354651, 9.8792374290713934, 0.00037982696183189656, -0.0003790256047415181
34.37734849298208, 9.3899071773652327, 7.9659207114308957e-05, -1.2627435012422249e-05
40.935563006197363, 9.8528796633738871, 0.00063930509616151111, 5.8015456874719493e-05
53.310174896163176, 5.7870872553788804, 0.00013636919867208704, 0.00010304739216626512
42.319905881989833, 9.003003232862298, -0.0006061452152296904, -0.00074754712822864948
27.946453474529346, 3.8893567723769578, 0.00013524998502419027, 4.6997353126363394e-05
35.508061072391065, 10.131475492559414, 0.00052385844824881522, 0.0009664992834519569
47.369098202938964, 7.0162256395392628, -0.00063564088586038725, -0.00038970358291638609
24.152865851657484, 4.5374137370887135, -0.00039176517518023748, 0.00014855633475734984
42.791431402805721, 9.4792719594689085, -0.00082104590835077422, -7.7368006285473995e-05
30.988083590011588, 8.9279593151271914, 7.3601322822358406e-05, -0.00077644892568234838
43.377739745751477, 9.2243508047520848, 0.00070121274240307369, 6.5770779381574065e-05
50.218636971682159, 7.662859988117507, -9.2032249383607924e-05, 3.8511454020933843e-05
50.450397270478433, 6.1713479685905934, -0.00065373247378820807, 6.7629704755967627e-05
54.363564029437867, 4.8693598104294775, 0.00018027544331011871, 8.0756917927735339e-05
35.362830427357338, 10.306868625509972, 1.4055094442173208e-05, 8.4315170330494116e-05
51.480455282424792, 6.920517393529086, -4.6740402178299063e-05, 0.00011668726716533375
42.097528054530457, 9.959795880637305, -7.2885013426988138e-06, -0.00078062245598350813
29.253092006871341, 8.6256997865968472, 0.00057070996300467739, 0.00061283144273130679
27.415466253774756, 6.9606417076225284, 0.00056771055348988318, 0.00011460723374305494
52.124473096742754, 6.0945323239999434, 0.00031254273881568801, -3.6211363891382362e-05
49.882988716992159, 7.0186224048042867, -0.00064492436387602421, 0.00020824672012707853
34.565741536215327, 10.157975971897248, 0.00081903767489782339, 3.1280289025783821e-05
50.254467476548612, 6.4188114466762007, 0.00042032885359521332, 0.00047369927825323974
42.429578649516131, 9.3587737121909935, -0.00013813753236597361, 0.0007281752169550896
40.592065649773808, 9.4854165113997002, -0.00046532874671163988, -9.0699974162550723e-05
51.572844608967351, 6.7732388913623982, -0.00043799105287927056, 0.00011462415899824628
36.853889508389408, 10.15772041497897, 0.00062743760123554226, 3.7337165188370651e-05
31.72310523861837, 7.6883205312136393, 0.00016101598100842269, -6.7439744453267169e-05
48.749822138026346, 8.5715008680894513, 0.00021009445442137905, 4.1870800334833167e-05
48.235264650968048, 8.039943030317044, -0.00051980703398217878, -0.00047127570901379538
27.457013741085991, 5.2661050535134777, 2.3948087130761649e-05, 0.00029277586324818658
26.550198926451561, 6.008189577586033, 8.0721697437906081e-05, 0.00046252100510086095
54.650032193943957, 3.3302345450205664, 9.6609818458049215e-05, -0.00028984406815532777
33.372404839120811, 9.4511730285342033, -0.00039270162136738232, -0.00069059339295972431
47.308761236136874, 8.2695257377497438, 0.00032039959422736552, -7.9075214095781669e-05
28.064082096065565, 2.8758798811738671, 5.5719365072171766e-05, 3.0060017867945334e-05
36.455560955052341, 9.2074766889497788, -0.00096530072160851523, 0.00014066458624244658
37.954203612922399, 10.438179963440408, 0.00018230983953286398, 5.2141642475907451e-05
27.888262111317331, 6.5339069429607033, -0.00032582434759793254, 5.8638411732915005e-05
30.944947111028341, 8.4498089066995039, 7.2352204463580169e-05, 0.00056655586294611197
55.436871504257461, 3.2428022275032422, 0.00015795838571160229, 0.00015710993920637329
30.413960175158763, 8.1822541952955756, -0.00030250848137136383, -0.00029434661543268622
31.233218052003835, 7.215188707500177, -3.5630398383120244e-05, -8.9370980483118164e-05
31.178677249185874, 7.863439089174495, 4.7252766270861597e-05, 0.00017911920626328116
30.819320095429564, 7.9095255607245392, -0.00052771071981610876, 6.4992253114445084e-05
26.951555065209401, 3.0066921080500868, 8.7673118791555937e-05, 4.5201357541072795e-05
38.651419405541844, 10.416439145109898, 8.4024395243599982e-05, -0.00025394132628683879
38.407635410834239, 10.180529644682558, -0.00027962114840628962, -0.00030541607677880085
44.802569378331256, 9.394466354442109, -0.00048253360625464663, 1.345723184381613e-05
44.232201357345467, 9.2395779047942792, -0.00033714665710194911, 0.0007607596200714271
50.47952827862391, 7.0793972253487638, -2.8241905052856674e-05, -0.00033670707841576515
50.93847539943004, 7.4342206896410774, 6.2681964445432688e-05, -0.00022455793957896862
53.474558181719111, 6.0285336946279084, 8.9370522872553014e-05, 3.0716486867408621e-05
45.426486766021284, 8.9260476128929369, -3.8288582421469355e-06, 0.00084123964099545086
55.817759408215537, 4.1851847296124607, 5.1034921976959992e-06, -4.2865441879691417e-05
26.26428721374516, 0.22362647326264537, -3.796011223049827e-06, 1.0546546661343954e-05
40.107578322098043, 9.8165233817774595, 0.00023423507066494924, -0.00035232270066513325
26.38716040022523, 6.6007179080619371, -0.00051863389990189747, 0.00037618460086415607
25.758334766341864, 4.8594160953171119, 0.00032290718117274054, 4.0914203384695467e-05
52.123308853584106, 6.3046644254641588, -1.9595034484428664e-05, -0.00022220549806342051
28.377009325063103, 8.0043186112454219, -0.00067342823741777566, -0.00034449975013871694
46.057929172824267, 9.0468366116942072, 7.6773447581114951e-06, -3.8471846783287198e-05
50.796211196485295, 7.0418888044254979, -0.00040711973955444649, -2.3092273586666215e-06
43.975682741404626, 9.2707156132165291, 5.2956938481088509e-05, -0.00029915733363284784
43.064397006399076, 9.4251444412916907, 0.00016711066570675848, -0.00046985394899781187
45.579268199363085, 9.0488407244303097, 0.00038138081331284861, -0.00022100380772512943
47.380877914724877, 8.4548819492571781, 0.00047494588820370107, 0.00065558471246723296
55.492529537433569, 4.4211112518586706, -8.4627942523564473e-05, -0.00018479531879591384
28.269902287845984, 0.9265004104237371, -1.736444135898092e-05, 1.9952168835782731e-05
30.635282528413178, 8.4740890964418227, -0.00046138814707020548, 0.0004152874528267954
28.69896750979651, 7.6770922388507339, -0.00061349072945821633, -0.00015054991854408637
25.637387900154089, 2.4157295014921929, -0.00015553312918954918, 9.1459337020424026e-05
51.746375163877858, 7.1354052983571767, -4.0306359875755982e-05, 8.8886674498354998e-06
32.850198727459095, 9.0493332498130972, -0.00041522342571145301, 6.5842057791543299e-08
37.990379855790259, 10.170028279672305, 0.00052078192796801753, 0.00029672363602640752
32.632685500975526, 8.2919068422984665, -0.00010588229284244498, 8.3613155222409511e-05
33.468653502753071, 9.8760158056323402, -0.00059304198071415083, 0.00034077077854669088
51.943183152984084, 6.9371638346973779, 2.2385637071197557e-05, 0.00030756203018977472
49.589725340237358, 7.6646157738850667, -0.00018910394298420532, 0.00026885084286915186
44.20182350805328, 9.517228315857599, 0.00024971190521373726, 0.000406443334512833
56.075091043678981, 1.3153228032864035, 0.00010036534615986227, 2.188654861145945e-05
28.815645578132319, 5.3082128103596604, 5.5659333231323486e-05, 0.00010544347395946396
55.221679077851604, 3.1997722726967992, -5.5737439254815421e-05, -0.0001848167857265447
56.285018479500067, 2.5105828574844051, -1.2224572832531326e-05, 0.00010761015462048687
30.322792896023536, 9.1925817423328624, -0.0006611807697113844, -0.0007466250326784847
26.896843449533719, 6.1542118168434703, -0.00039331765379235935, 0.00049340425824726073
46.08411134809036, 8.8540633130737785, -1.8384849818705632e-05, -0.00045439883331040913
27.707539400562073, 4.879508601357605, 0.00015500700215324837, 0.00019453632131862883
33.928167612761747, 10.344207323635969, -0.00076030286999744835, -0.00033082605599808805
34.442175561612487, 9.0552965005474757, -4.6081357627149359e-05, -7.0245216435789351e-05
33.666322948224405, 9.3350486413175719, 0.00041080179451078331, -0.00066045253244512039
54.100730089641402, 4.7913067030772467, 0.0002021375232716495, 0.00016158662240683608
49.499927879653043, 7.667063155621122, -0.00043160414101327363, 0.00049937362446639234
39.65516615137058, 9.2721336750504246, 7.7033671537773258e-05, 0.00099883698143017228
27.394976129320177, 3.498971864370505, -9.0576873862098603e-05, -8.2197729902834204e-05
37.922584893628709, 10.488805445176016, 0.00073282088532023218, -0.00056012565345509512
35.899702031548259, 10.355403483616303, 0.00023409880404027394, 0.00043039389295805076
51.683596406006629, 7.1295055947025157, 7.8369464312569087e-05, 0.000201994927389167
55.095630071535581, 4.6322653106310723, 0.00020467214900591582, -9.3387027438774426e-06
51.993119317395021, 6.5725368827789454, -0.00046241413933077578, -3.0264190769198768e-05
55.865664887371253, 4.362901589917775, 2.2628657636266533e-07, 3.6450280522816095e-05
35.566810904025147, 9.3571099471172765, 0.00046769971010738134, 4.2016073579067995e-05
43.355815938355242, 9.5994498355026288, 0.00023365714775497993, 0.00080656716507553419
44.735376810637803, 9.3816827383974353, 0.00013297540247063144, 0.00032465051560261822
41.514398909352153, 9.4268191692217496, -0.00082590852935951508, -3.6574721403699363e-05
52.423634435428582, 6.1677604553308827, 0.0002042410762211246, 0.00013179253168566258
29.395091933132598, 8.2970189742728451, -0.0002905898962746038, 0.00076139426262861903
55.574567350597924, 3.4480783605476764, -0.00020822013092222378, -4.9800055570367444e-05
35.653113580641666, 9.8055170316082911, -0.00043468064600253337, 5.8648265505867683e-05
48.558614367782312, 8.0911355923588708, -0.00036279563961424401, -2.8586870711539945e-05
56.575991306159395, 1.3163397734930538, -5.2017769557731342e-05, -3.0168394952844694e-05
38.252076799810006, 9.9266849846705281, -0.00010387941592649854, -4.0176932694600436e-05
43.475680854121123, 9.8458219153877327, 0.00012121836416548626, 0.00017785034323533839
35.112985617451393, 10.178197572603517, -0.00052769088005923321, 0.00072234209147910148
33.284419926933552, 8.9584436856749505, -0.00012375739945703486, 5.4102669684051626e-05
46.895013783934743, 9.0772219372842198, -5.6623816062893953e-05, 7.1008734667214876e-05
24.855521696906351, 4.3094916608727774, -0.00011907658865934787, -0.00030017913832257738
47.326684416634727, 9.1346635669895555, -0.00016333069450823705, -6.1025195638976147e-06
53.198605431359127, 6.0648751721101286, -6.0813346280019018e-05, 5.2828681007003952e-05
33.846556666071841, 9.3706040849361631, 0.00055776422723373669, -2.9051636904324961e-05
33.32690069301055, 8.8860970671686523, 6.2809484087619965e-06, 6.2758809769668594e-05
33.81797785935774, 8.7531674706232785, 5.3283253031057184e-09, -0.00013552122453666554
40.010712309133226, 9.9048385099437706, 0.00016816089764433418, 0.0005623384429406811
24.637276531762499, 4.5261701787888571, 0.00054507898293282514, 5.911014607542327e-05
37.49381463570537, 9.8278667392799086, -0.000153833380563412, 0.00014330910716103411
35.249924297672656, 9.9427047051630382, -0.00096039820460351003, -0.00031181897795582472
53.031737016370201, 4.8753955046490622, -0.00025354216172456277, -0.00045304165383312577
43.244994956331652, 9.2927496040177608, -0.00018993375690859641, -0.00040720421867061405
34.508199454693411, 10.127286537271972, -0.00041850189058649013, -5.4569310665847735e-05
42.716365601040046, 10.099632208984085, -0.00050255209265875737, -8.5952190334599691e-05
52.514821714515328, 6.2026467108225347, 0.00012073872109717818, 0.00016324326248090575
46.243723679917181, 9.3285966032451793, 0.00025260950336977966, 8.8609738146858041e-05
27.828608038114186, 6.9070739842997257, -0.00046453343633554093, -0.00027146595810801369
30.516958362201066, 6.7023221130775061, 3.189651313571554e-05, 4.6319713669186683e-05
41.110760880555759, 12.217341767074609, -0.00043395437349121534, -0.00032914603228109918
45.294191040068824, 8.5731250805109536, 5.60948750097062e-05, 0.00021040596254770405
44.261417725232207, 9.4498690222363866, 0.00043590343377501994, -6.4486023669484676e-06
31.52676767875754, 8.7998129713240374, 0.000424553191610548, 0.00090350973776219512
43.926431077101185, 9.5666356352847295, 0.00039552523526530006, 0.00020271329528368404
49.808913298637961, 7.7881508185743273, 7.0881831693056914e-05, -0.00042975149848013643
45.179743864276077, 8.979106999114352, -0.00046592623968247973, -8.1315290111808102e-05
44.019374173779049, 9.0351369678246645, -0.0009473604812941565, 0.00012159265872801336
51.236864959848717, 6.3856948867754273, 0.00065053543723965425, -4.8196455788449339e-05
46.213973023128055, 8.739967188311331, 0.00050686701663377632, -0.0002119630253531923
45.177582769819018, 9.0027117632764373, -0.00019831942379731435, -0.00081060763550696473
31.453206594050251, 7.8135941638813913, -0.00013242308872201937, 0.00010423052464248876
34.799449765311586, 11.264060498068304, 0.00042060360295555617, -0.0004932084917895123
36.426217555007817, 9.7688197832705939, -0.00011982959990765482, 0.00024819483782789596
25.654331511734338, 6.610536843719645, -0.00062431884534250922, 4.811891386996881e-05
29.468108754136932, 8.375159260027031, -0.00078831699233491591, -0.00031908016990650858
53.215793726613107, 5.2947199886733314, -1.6060689359932265e-07, -0.00047660806271668618
53.507746213927383, 5.3477399413963811, -0.00033423792292020514, -6.2942786378731861e-05
37.540052933814053, 10.15221585476689, -0.00024773378223172707, 0.00046716964066408913
38.529172244682456, 10.408425659520018, 0.00040479105118960208, 0.00055061130204246526
56.609648751627134, 2.8441591249937277, 4.3385265219073881e-05, -7.5793430496993547e-05
26.766492185719688, 6.2058669932354276, 0.0002654177905216489, 0.00039017586398144404
53.190044764631651, 4.9938473959627663, 9.5779111609110956e-05, -0.00040254165690168064
44.422187513543015, 9.4925080128232437, -6.1935749662089088e-05, 0.00016492077413292957
27.198537183665895, 3.3453674333511176, -0.00014077837933643809, -1.9584896381147779e-05
46.303928767044312, 9.3140783376551379, 0.00028916927062654676, 3.9643411036994581e-05
34.427270873787535, 8.7545862137273485, 8.1146200949403559e-05, -8.5914506464222209e-05
47.377315284374085, 8.2075593813698795, 0.00062268889764211823, 0.00017500874159852805
36.249264311260241, 10.128401569756337, -0.00011581694794681767, -0.00037312936692210136
34.182193513342447, 9.8640634268270624, -0.00030480249567645205, 0.00053636059465549048
28.932371648576723, 7.2331668705825392, -0.00042739946611808339, 0.00025849712099055037
28.682663798152721, 8.5849073465051067, 0.00011701915326173247, -0.00083894359780862853
49.690939256253458, 7.5003368137292776, 0.00010941574652732625, 0.00050541564339135793
44.430791449046012, 9.3216472924373388, 0.00020533926720255215, 0.00017589434694847256
46.079528739568254, 9.0526497930390555, -4.4527541355537461e-05, -9.9030790260778019e-05
40.700910427890435, 9.7086361746130621, 0.00053200501216103292, -0.000418336047627244
45.762057435999765, 9.1444933456809459, 0.00034653806658114334, -0.00061047748676117738
25.012291642589293, 3.2180726401618207, -0.00026991303423340424, 0.00027080545341603101
51.495350188943924, 6.2745387344864483, -0.00048159260419737473, 3.1366046964832716e-05
27.58836123097942, 7.547105367681624, 0.00035492275557479005, 0.00051934109845805745
35.356060204387283, 9.1084708858494672, 0.00071828981863311669, -0.00016359539289868393
43.352224957535491, 9.7107235886774657, -3.1639766317473548e-05, 0.0002145129453846221
35.432533572503203, 10.44122247874698, -0.00070998517770783076, 0.00039982401461578158
52.651247235490189, 6.2930526351503016, 0.00013705965838924823, -0.00014436047554325926
48.43318079878842, 8.6002954721656444, 0.00035977565668416408, 0.00026197313998685016
56.797086114486873, 2.4907380692326249, 3.0519544679397597e-05, -4.645102058627971e-05
30.919375060371166, 9.4694090875783186, 0.00050221928374239431, 0.00077748192353374872
54.183059236112932, 5.0045323708652534, -0.00025323857822278961, -0.00016433144004959421
42.803121433833603, 9.1189130405432692, -0.0007700263760030085, -0.00064111511172129123
54.979074553281727, 3.5578175881809373, -0.00019776742244137776, 0.0002240580875562256
37.101814722473932, 10.134148673570728, -0.0002602740626446525, -0.00022060279241659979
33.916178226528288, 9.4894214079434107, -0.00037531951747320262, -0.00053666510163946309
35.352360582204902, 9.5064313529346904, -5.3282619705890128e-05, 0.00014951348596626226
36.99596240657889, 9.3014170572923227, 0.00014262704993382017, -0.00092343939274231639
29.20045856212986, 5.2397918852065377, -3.1733826601108195e-05, -0.00012498165479609173
33.061796303443089, 9.7823129097687858, -0.00022487819125191597, -0.00085643975609708768
40.452174752931363, 9.736081975042044, 0.00037744468439683554, 0.00033803888962586048
36.551361287826481, 9.8470554784852062, 2.287183515350635e-05, -0.00030307063898954325
31.119378658707269, 8.625485719257739, 0.00039136221502335028, 0.00017901710294692522
47.387861930022829, 8.6532403502503215, 0.00055400606789729272, -2.9905951554477383e-06
29.641666448158624, 7.4662225055270577, -0.00029792099767516901, 0.00010389260103336879
45.996507939690431, 9.0324109080371233, 0.00042384519126399564, -0.00010066528761237756
52.267699033899035, 6.5981676371965827, 0.00010532805390063907, -0.00010655562290331255
53.842608672808375, 4.6511399950894612, 0.00017924068794835944, -0.00038499628380445392
28.801117930714195, 5.2447823734395103, -0.00010689507928072878, 8.7055367490859465e-05
27.274738591040048, 7.4280483635314569, 0.00050682575182367984, 0.00022166209828047484
47.33558415104293, 8.7329153142997047, -6.7995509352654796e-05, -0.00049538455576486314
48.964493849083986, 8.2569276711622219, 9.6265252577474155e-05, 0.00011563232522853499
34.976109361936558, 8.9736876741053635, -4.5562773622934988e-05, 4.8873045866015485e-05
35.690306107565284, 9.8301646480169111, 0.00043173559157666638, 0.0006829555934783182
45.28668911179269, 8.6090309101582783, -0.00088535337238693321, 0.00019681963016523777
34.169657441367079, 9.8598741916166279, 0.00061107439791383293, -0.00018561056814422712
50.503822871421463, 6.7106010590003082, -0.00022727920996368738, 0.00058043297133147822
30.518008465008627, 8.6024659104013548, 0.00082869059571688097, 0.00018791171456019996
47.365249556408799, 8.7306897575199081, -0.00016187528398532082, 1.9722883476239312e-06
40.378447240586731, 9.6388452665889517, 0.00097704441604549042, -0.00022340151821457113
38.760286183438247, 9.9733697850182388, -0.00011411596807366442, -0.00050155467407287649
44.392510774949599, 9.3635560856039, -0.0005503300661639629, -7.3629533716279948e-05
55.960122925420613, 1.0311955467923932, -7.6633561798437113e-05, 4.2481085150653186e-05
36.3534695156673, 9.5994965710937556, 0.00030141421375228764, 0.00049285809376898627
51.832092092965382, 6.0950761423053477, -0.00018804937860243982, 0.00029425125874531097
51.563673501289216, 7.0248121148440559, -0.00031834412371170221, 0.00015521789478147987
45.455198142030717, 8.1221618142608598, -0.00085041910520243708, 0.00011758123987719493
32.632689235232924, 9.7502096534401019, -7.2254755915099805e-06, -0.00060817170408426107
49.52406435782359, 7.8263167285997755, 0.00027507257021055332, -0.00048330866448633412
30.039075833012458, 8.4808306787300722, -0.00051771668492956737, 0.00078033688546367088
37.672962908611552, 9.5797111222563895, 6.5106260529613545e-05, 0.00010132985255418004
29.93836886630293, 8.3308314185611803, -0.00050209756158271183, 0.0007364992609338784
52.142441851628483, 5.9769342086086281, 0.00018842037301011752, 0.00041881422650915019
32.725408788266208, 8.4801137192071927, -0.00030800402671865139, 1.5090172883620741e-06
41.632760215864671, 9.5803911741540517, -0.00074709721888550527, 0.00055206669124277237
28.504074190654428, 3.0438831946939393, 9.3597541193692791e-06, -1.9973194021561631e-05
27.703647701694717, 2.3287556501263689, -2.6466530604578453e-05, 1.9887538337614166e-05
45.578397004144783, 8.8227480440508668, 0.00061643976337601581, -0.00019592827558007693
35.798773361721871, 10.558045960249633, -0.00096452116771145559, 0.00046789752126742326
26.352567942831293, 6.4672536371736378, -0.00050263404749725316, 6.3689593361343031e-05
36.183085779230147, 9.89368246171564, 0.00043620675684219516, -0.00015255086029847788
38.130940350208093, 10.177990723680901, -0.00089858385376599453, 0.00045763418754890582
54.012092276887458, 4.9465994382916865, -1.137136907999623e-05, 0.00022448781229974133
26.548478317113322, 7.9117263032905019, -0.00018516352026406026, -0.00072742051194204062
48.628435327238897, 8.4056366083052723, -0.0003857588064079332, 0.00012377367759957344
35.847917238907556, 10.501692689187424, 0.0008804624150256505, -0.00014854824345112292
32.61574160433927, 8.2844896561765591, -7.1096124850233001e-05, -0.00013083486907036805
38.056564666865199, 9.7776907508324999, -0.00030774723009153825, 6.9150277495759905e-05
29.617865328655725, 8.7705997533480247, 0.00052158020633158073, -0.00051045676139207185
34.145927855428262, 9.0579221634336324, 0.00019655632932137545, -0.00019317246443118784
37.657734824161757, 10.460943729978503, -9.4545436463204212e-05, -0.00066245466789723614
51.156666525103383, 7.6388394235206301, 3.8872797693713502e-05, 3.2555388663172835e-05
38.069605933968482, 9.5385174579003316, -5.3631710251146886e-05, -0.00017917141798311158
31.966346536906279, 7.3564264660646295, -5.9053021555490518e-05, 2.1990496935235133e-05
48.452753785556311, 8.1122524799049831, -0.00032801649899070025, 0.0004420572779564056
46.213464564840848, 8.3954746554272681, 0.00048607452954777956, -0.00050067921720416846
50.495273151918951, 6.947574263936569, -9.965051626771545e-05, -0.00046544070571156022
29.305029791489012, 8.1091597858383739, 0.00071727456529829814, 0.00049548100077281734
26.454755458646837, 7.0125122613655897, 7.9920770972273796e-05, 0.00070331214747478498
32.607044855559032, 8.5055377970831074, -7.9787717079023913e-05, 0.00025390459703877758
49.087406065810988, 8.5288328205090647, -5.5416975727418695e-06, 0.00012982549759533036
44.966436244588181, 9.0799346267169874, -0.00017266429896130645, 0.00073387091110310905
26.1207970505262, 6.1429753813167798, -0.00049100049042067684, -0.00036493202444811356
50.86638296367525, 8.4651564733429581, 0.00039644263661814464, 7.9272362091083445e-05
38.55921378161193, 10.031950769065986, 0.00013032327637149552, -3.3211464510168304e-05
37.33614363246248, 9.5913225171064873, 0.00040499013110318022, -8.8587475331110122e-05
36.101915245660905, 9.7358839444866199, -0.00076011234154815626, -0.00081162292357126527
54.360760897088696, 4.0631509235305696, 0.00030059505878300474, 7.5146261469648574e-05
55.381706802791115, 3.9410587134377359, -7.7324878942089795e-06, -4.0027951663858043e-05
41.347527673341617, 9.7881290111578494, 0.00045754926904658256, 0.00069022718608236563
56.015053727090866, 1.1049652050273446, 7.6813141577608982e-05, -5.5505464866160598e-05
50.35052984208324, 7.6868403902077906, 0.000371141262513587, -0.00017240214819858426
52.096024527454993, 5.9663749089387261, -0.00029296644907956854, -0.00017363082302917113
46.186139008304906, 9.0519349384796932, 0.00035383486684926552, 0.00030699677008684816
31.516970424658393, 8.4256391665216803, -0.00025599724799902723, 0.00012706157835011697
43.425091941068303, 9.3463152840851258, -0.00070245874167729823, -0.00060722792560988909
55.151140045703769, 4.0191298794381005, -0.00015715261656600217, 6.9935809031322784e-05
29.48997032235053, 7.6093211839308097, 0.00029037528528537128, -0.00028151492154062621
31.917627396911872, 7.9514303123547112, -0.00014483837237015676, 7.3219348956346869e-05
48.258905699707178, 8.0476959485133701, -0.00027902998769787762, -0.00062865702055949347
38.667863718680877, 9.859794943728577, -0.00061003581787871732, -0.00013665026122316432
40.564550390718956, 10.106511768752096, -0.00013118883999214395, 0.00036163099904897586
43.735364313711521, 9.5784396387963486, 1.9347820070911934e-06, 5.9412068586516674e-05
36.818141436003899, 10.616841902467009, 0.00072216839592840283, 0.00013949484653279391
33.636188628649691, 10.186192165964266, -0.00010232692444310203, -0.0010528534589314856
31.909431578720618, 9.2849634675645145, -0.00052113348214497576, -0.00018245765740147906
43.753802233318595, 9.218133014800209, 0.00014460833247701468, 0.00042243084205644883
55.504136825287347, 3.8135791570166218, 3.7686807578710567e-05, -2.076091667643545e-05
33.857030066670845, 9.8513530226159602, -0.00050452759609892397, -0.00065360263579128202
43.395493181964866, 9.8584640859374861, 0.00033635976971400737, 0.00050869377187358594
46.490715064387999, 8.4003998394476849, 0.00042946616898596014, 0.00057281830960772238
38.481405325813398, 9.9136584891895687, 0.00065157359309337684, -0.00040952980127881517
28.473757155075123, 3.1686333348359943, -1.5082326834468946e-05, -2.8322438915776934e-05
46.543858340690107, 8.8123584005356648, -0.00037872899785412176, -0.0002049791793053154
31.872798583113433, 8.7428385367943058, -0.0004740036010836494, 0.00049097290795253813
29.092398135434497, 7.1254728075312368, -0.00025884508676969544, -0.00015104804316195638
52.577737388694267, 6.4605962618326638, -3.1282435770986939e-05, -0.00028483359897944565
32.135500011951642, 7.4352524583697912, -3.2074654620584693e-05, -1.0129412045356417e-05
30.81248375518301, 8.084939575352033, 8.020460605308014e-06, -0.00028202340291987542
23.309660392209476, 3.8885348654617791, 0.00033754811227338087, 0.00011278954177605057
33.521744579742062, 9.9281649892749737, -0.00016813592358077249, 0.00094082037987191927
55.735991528267135, 2.4459509122108227, 2.1379701262146527e-05, -0.00015679716679233553
49.153859374005947, 7.6829739534899666, -6.9542706908326329e-05, -0.00041424996068435314
45.204495878716365, 9.7428829824099239, -0.00014346420597993764, -0.00027827953862444998
38.713022186998856, 10.002476360607574, 6.8193247462171486e-06, -9.0301953749247644e-05
48.601081266605391, 8.1529154154884544, 0.00026502382503255451, 3.469911084207286e-05
40.600848014600096, 9.9894194690569389, -0.00011749692631452957, -9.0544941859381075e-05
47.774167234058247, 8.8777059008757622, 5.808909501473722e-05, 0.00034175682384428909
41.147175130466998, 9.7997612648427292, 0.00087952485787284851, -0.00044945484292418039
42.293180494181968, 9.6754767628943874, 0.00021947594167659717, -7.1766453268532236e-05
36.436352169328806, 10.149277619028487, 0.00071032519071005868, -7.9561477631026804e-05
32.559316579388138, 8.4839733898770024, -0.00010206942084081801, -4.7856989071068406e-06
30.116874814262363, 7.9887983466055692, 0.00065954569485857616, 0.00020593188668409761
34.044243850865172, 10.524282539314481, 0.00015047239264989723, -0.0006376504305119358
27.294483004034142, 2.102707114315534, -5.2753918073411016e-05, -3.1143255947362503e-05
46.006645306391263, 8.8419943530747052, 0.00086690680798762318, 0.00022851739864760841
52.935330708656096, 5.3352417157346101, -0.00040928815973275123, 0.0003525469836992531
55.888313261927614, 4.1287946290039654, 2.2103946136772364e-05, -6.2400222512816846e-05
44.782716302406669, 9.2851811846355474, -0.00058411418793909175, -3.654473719226165e-05
28.29509605590583, 4.7129416793740795, -4.3355017861682925e-05, -0.00013417880566587463
29.155908898354582, 4.8532896908228125, 3.4413164278137809e-05, 4.1008114561784231e-05
39.481472372978807, 9.5360720545811937, -0.00086990574762457057, 0.00032649353768827673
27.502813700797862, 6.6299318590636558, 4.5528905061525943e-05, -0.00033064825764522558
50.638315524105899, 6.8896646116545339, 8.0549302720901505e-05, -3.2273620374028103e-05
27.247815104162083, 4.8258636466057903, 0.00016634343521193832, 0.0001933208453328478
37.719955678587773, 9.6128764049017015, 5.278186184427552e-05, 3.1792307304712855e-05
42.353783627955281, 9.7148417390536963, 0.00022634041248966263, -0.00013877379727263443
38.755186022337874, 9.475421898147939, -0.00035555844538573427, 0.00012595827408865196
55.30982919745469, 2.9953815734857532, -0.00020648974030926221, -2.5099460528074359e-05
42.357661109907802, 9.5602610178233345, -0.00027895676868661682, 9.1643163827282215e-05
47.174040444571801, 8.3021172815045734, -6.4755785364194711e-05, -0.00058322406204702011
51.677066730265039, 6.5836617290636346, 0.00012067060170460657, 0.00036319217907268358
57.331339954971995, 1.847261920447016, -3.27679061913496e-05, -5.6798400367995324e-06
40.074707131657469, 10.352185901659539, -2.6248970933060622e-05, -0.00015337639418854535
36.899757324258047, 10.338637163283954, -0.00032859919231720952, -8.0549416129136795e-05
39.320599349786107, 9.5353876680200198, -0.0004968669506172055, -4.5220654971014948e-05
35.292993197813061, 10.5145407312376, 0.00073322096961020379, -0.00085554996374608764
34.307587899213701, 8.5238949118354022, -5.5687246974141575e-05, -8.9006924100061617e-05
46.360408960477415, 8.6617545984250093, -0.00047551248376848733, -0.00084158474037483548
29.739847901501452, 7.9765354050175414, 0.00057930562709343394, 9.7125944355601872e-05
41.470487081211878, 10.393006851106074, -5.7757722337297787e-05, -5.3427458261403415e-05
33.081360204437466, 9.6094210125642583, -0.00038786810036416639, 0.00039458223901792544
53.268278948013588, 4.5870701704904899, 0.00020498044777262226, -0.00045785469517740858
38.345531872176039, 9.920170354690395, 0.00049479104006505735, -0.00058680668868805878
39.9236017920216, 9.9640552660320783, 1.0564008097293238e-05, -0.00018523388278050677
45.86781996257664, 9.0286712633416464, -1.1966524082357922e-05, -5.0879087648335149e-05
52.0424031113727, 6.6757394908260936, 2.5238058483882004e-05, 0.00015798382650920718
37.639927729515634, 11.309634373258252, 0.00032727179193735122, -0.00094158352538934429
31.900042074378955, 7.6206307216668474, 7.5764868126185943e-05, 1.1164519250634972e-05
42.774611636070802, 9.5494732471691801, 0.00010604531797760186, -0.00013356369511237191
54.56279810889643, 4.4818051790273632, -2.1926122339738437e-05, 0.00027655796342780799
44.745475814790034, 9.474230087697677, 5.4152572853306438e-07, -3.4862564412291724e-05
45.504255696980529, 9.0035185146282863, -8.2265537487013548e-06, -0.00030523399819380005
45.093400262944591, 8.4404052619263314, -0.00025211941575788784, -0.00077010597391939857
40.711480729408088, 9.8781646088816029, 0.00010979651681099732, 0.0006874267778781731
35.796491592216526, 10.503661582311516, 0.0004377245023235847, -0.00076396559675476487
31.866113022319283, 7.6972154965826105, 8.9563967554019919e-05, -2.9320514990938492e-05
33.614742515480543, 10.258558327710425, 0.00019627795016164643, -0.0008977348399205028
51.699475253320543, 6.7041598122534429, 2.6750099062713788e-05, -0.00012639916297248413
36.078107338442351, 9.9636458541459554, 0.00098332296367698762, -0.00036541094723667315
41.307760894176205, 9.4172337515358056, 0.00032450592378221424, -0.00046551235850673603
46.240198213971674, 9.1854518020142528, 0.00014847580233616356, 0.00049357437093444634
55.402899010429444, 3.5469864773379336, -0.0001432401067896796, -5.7464753434718631e-05
54.413878717711462, 4.2586991290083187, -0.00018945817364758965, -0.00025459916905528067
33.624644994204829, 10.309035854895892, 0.00049115935970988646, 0.00027217943598903909
38.523120919490488, 9.5432322466851982, 0.00020673165265147953, 0.00040664484260521054
32.720487246940962, 8.3815363733568251, -0.00013166290771967422, 7.2763343648787033e-05
50.975032073681177, 6.4160273085726809, 0.00041298384881475325, -0.00050291702751010527
29.261565648719404, 7.4716087715096311, 5.8174167354922118e-05, -0.00028629045620507212
24.615162167594661, 2.9459675630401279, -0.00021518663059449781, 9.3567644051829196e-05
37.676049865545544, 10.474038559817519, 0.00081136169843051289, 0.00051361743838454054
39.975238364544978, 9.7294936407092187, -0.00019290707477183787, 0.00043057245176613248
55.375622717634869, 2.8082905446967303, 6.1485730710017137e-06, -0.00024482856101513934
43.454961917722322, 9.4527917226752347, -7.6853562785334656e-05, 0.00013691050093387336
52.027357035344025, 6.8391606116612031, 5.5674633621298071e-05, 2.6551805285244395e-05
51.623070560558482, 5.9212816951073499, 0.00048278984180014897, -0.00030738906440640857
27.410669412408652, 8.1981670725634164, 0.0006211034567786516, 0.00055059277309147769
38.83544603856383, 9.5254057777729066, 0.00090455584840166416, 0.00044888027127215391
45.835159206931642, 9.1431132167154612, 0.00045544481237937086, -0.00021956709452796114
34.738765435328823, 9.5749859637331785, -0.00012199018055479647, -0.00038704349323437045
28.101495380599093, 4.5809541502571429, -0.00013485433532050702, 5.1337111417418308e-05
27.312749112640617, 6.0206744914425361, 0.00015263145892533593, 0.00032066617747677031
45.67011425136095, 9.1570050235335376, -4.0117151157597068e-05, -0.00037081822601204174
34.447489361172771, 8.9776306237571326, 5.5012719462559591e-05, -0.00010118839392083992
55.934008076853345, 2.6964349027648686, -5.821773138066623e-05, -0.00015963156618264862
48.597476732779093, 8.2141591985763167, -0.00038743080047459147, 0.0001278948974496719
37.86428362221617, 10.391283090171267, -0.00022354869794055489, 0.00012111634202436147
51.120069941483088, 6.2272873696845918, -5.9511762841485137e-05, -0.00058615994594499437
54.43003672899254, 3.718002208357968, 0.00025188138076163383, -0.00026647896534206849
55.254990631746495, 2.5595113857812044, -0.00012445537868714443, -0.00021443011202704697
39.188024777644372, 10.09563270737482, -4.01183804722737e-05, 0.00011348252960552878
42.073337784907132, 9.7174872620948847, -0.00043107492500652682, 0.00065960747739839056
43.812562937106236, 9.6458853150705028, 2.9971629260328362e-05, 8.3017669676610177e-07
48.565002296738427, 9.677831361193471, -0.00027078736459643777, 0.00031505905522302794
41.153037892437339, 9.360877766778847, 0.0002396244147828833, -0.00045132600786952751
57.569735983381548, 0.78105935622087375, -2.1003658009781423e-05, -2.843944037651395e-06
29.734299890504975, 6.6351501534214732, -0.00034709675213416292, 9.5588574977681888e-05
34.530063693990179, 9.9617385827190947, 0.0010482785901096464, -0.00019735487180472513
33.609030987790383, 10.05539910293828, -0.00055880688058706552, 0.0005285128934378341
48.925673257169088, 7.142929408758576, 0.00076920562849937431, 9.4885996755664792e-05
33.258043529849459, 10.862468206889641, -0.0002033677199717232, -0.00055212483383612122
35.750635306691287, 10.346786718921216, -0.00027489170092831906, 0.0006065631047351863
44.155308092986601, 9.5850663331182595, 0.00026639561864243112, -0.00024093955190035066
46.02083203673326, 9.1506218435039504, 8.1623764648006453e-05, 0.00027682649557438387
51.125755068091166, 6.7450838371730333, 0.00019902572628694484, -0.00031605615416862882
33.698860322884272, 9.4373244233598506, -0.00039490572297471306, -0.00012380367839755121
44.855051594860754, 9.6507698748899884, -0.00019204878843667405, -6.2575201194604708e-05
50.012149846727368, 7.8244349219810605, 0.00036685267598844597, -0.00019525694996020603
28.622198357825535, 6.3402773891144957, -0.00017359897690029131, -0.00019179940100488672
32.000208923999715, 9.4084603330368317, -0.00079897910238678591, 0.00031784265224651991
32.527550019696193, 9.598323181530203, -0.0006727136220339696, 0.00011211602089781147
44.783186010658461, 9.3137785811546525, 0.00038414435727082588, -0.00040137112984748344
34.178250978873919, 9.8565699907042852, -1.8669747998010258e-05, -0.00027235901071832723
34.360942908541709, 9.7902787761220917, -0.00048143950099664544, -0.00033250091670763846
36.695619726783185, 10.204779236174952, -0.00095490268760464367, -0.00038228985431648524
50.771497896389434, 7.1852889742631652, 0.00043465765067122618, -0.00019417293125445316
54.696055089532919, 4.2298415924372703, -0.00019616946178081207, 0.00026912802252656605
38.033165952047511, 9.5120370848450904, -0.00016761546503820407, -0.00015883268845573659
57.397763048223929, 1.4449255483803414, -1.3704822911614129e-05, -1.5083900469153905e-05
47.855696331037606, 8.1884747083107605, 0.0005854194024209851, -3.9162399394930487e-05
30.199141572033994, 8.1629996399821145, -0.00010802226199912462, 0.00056417452998557861
34.726301588597337, 9.7401795009253256, 0.0003104114423401489, -0.00058976588311809765
50.756541611333859, 7.6972046389039246, -2.8849912584277361e-06, -6.5886843801785835e-05
39.235157538574384, 9.9554540938958329, 0.00010852937632451965, -2.047859983611464e-05
49.992607962839195, 7.324730000097774, -6.9773844577857247e-05, 0.00073084462367664995
47.86428658006453, 8.2141387506877894, 0.00043543341819971194, 0.00037673149945646186
43.725606764618533, 9.2237469624464836, 0.00014354492991280131, -0.00069601636050180401
56.064857097318416, 3.0366166148848115, 7.0384052642344228e-05, 0.00013292538066316868
47.708768828080629, 8.5002609761362269, -2.3404766884816365e-06, 0.00041380919235480283
47.081355262916553, 8.501321094746519, 0.00017731108600129743, 0.00070872121825431495
56.173185565863591, 2.9356845925354542, 1.5759732095688012e-06, -3.1242856901186066e-05
44.309547298505166, 9.6202815821005885, -0.00020887164591579339, -6.3023508302413557e-05
53.286709182105788, 6.0173477499729202, 1.0094350111068763e-05, 0.00013724978672299126
35.778306997118335, 10.080075814949518, 0.00016196613676012646, -0.00041506608841187923
46.012634584589996, 8.6289160120194666, -0.00031999331894101615, 0.00055301968483713315
47.022644949928306, 8.9306362124300378, -6.8825733087134257e-05, 0.00016942097013140079
38.159151096708136, 10.244721462486696, 0.00015537984547384393, -0.00034065574914046866
45.205384516542907, 7.9764735819573973, -0.00065083264416002345, -0.00037888419499914347
32.579296909794685, 7.6657782430545307, -5.5883394001254989e-05, -3.6942765960449933e-05
50.310797286424979, 7.6203292210707838, -1.6166357574254596e-05, -0.00020177925750425595
31.478894659332468, 9.0668555016330838, -0.00058865815088107655, 0.0003446146306064241
42.264164592340855, 9.5828701737355928, -3.5438460056665976e-05, 0.00072269006164000235
56.088715772313932, 3.2059484763819368, -1.0087790493078444e-05, -7.4589327943097686e-05
32.42009846437432, 8.1689332335809457, 0.00016211842335726677, -5.7559728061816296e-05
47.975120822404818, 8.0605139151503646, -0.00031075389821373184, -0.00023888344548870523
54.610468814238978, 4.4958563445225455, -2.2320441867266334e-05, -0.00011767991898665996
48.57701919655937, 7.7258636656381237, 0.00026331791317968996, 0.00019744167523915931
35.352097243105135, 9.8105030502144643, 0.00036358486198258906, 0.00012046453854066987
46.44486228871984, 8.6859768903340875, 0.00035483904226915039, 0.00021800145122306841
39.295121030847675, 10.115192668355567, 0.00015785125557589538, -0.00037485498209786504
27.326959159533271, 6.0191634224836417, 0.00011376626376728012, 0.00031148487216197746
33.015613134879018, 9.1799538852777243, 0.0004073811545634971, -0.00020228502110296025
39.543261418849163, 9.203980581384597, -0.0004996447091325599, -0.0006624991356061514
31.569439947699006, 8.4763569253994042, -0.00029162605000188015, -9.4936490225054385e-05
41.71707264226395, 10.212799816595686, -0.00030083325285159797, 0.00071461128490307724
35.280551182273278, 9.7593558516306746, -3.643653359812064e-05, 0.00086048537114124482
37.290874572092441, 10.073970676363601, 0.00027605159844360292, 2.7014173702725233e-06
30.464467976752104, 6.8389124639323091, 2.1452622915268626e-05, 0.0001442701391789366
36.369053911255818, 9.9211379209312014, 0.00030408367200885744, -0.00066872198766219427
52.646373958816866, 6.2240152282729158, -0.0002947402226332096, 0.00025613106000974331
43.451568915016352, 9.3138455732205969, -0.0008786376548975118, 0.00014833446210932804
30.40701669079775, 7.7572714363158388, 0.00031701106415333566, 0.00013159949835482411
45.32909051988446, 9.5496489766069832, 9.8891168765077866e-05, -0.00047720709886343285
47.11131036326767, 8.7501910025309915, 8.7004099993847657e-05, -7.6334459581606595e-05
44.011851288416217, 8.7655050588798069, 0.00069182172509400905, -0.00051740222168989716
56.570494701376212, 1.5290461968570266, 2.4096861555660874e-05, 6.6670799021387815e-05
28.079040471780559, 6.3254155945524246, 0.00030499391464922738, -8.8655600703151051e-05
37.980613647733065, 9.6862221864685782, -0.00013916585210369881, -0.00026710035926594153
52.052497472275185, 6.2220936485961422, -0.00027206071619359626, 0.00043185867839884814
33.154892422023238, 8.9678945473640717, 0.00035224527114930456, 9.3375437332905031e-05
42.532509231242813, 9.4787592198163626, 0.00060779534780000771, -0.000244089487597429
30.56132013201136, 8.5027228316498569, -0.00020523184499226355, 0.00077975087791010709
40.855067630176684, 10.744907929838861, -0.00018350792053778065, -0.00083981470770226586
27.50379638217532, 6.8077279145970548, 0.00021834882551104986, -0.00050900502609061164
29.271493905721702, 5.0054602189852666, 5.9196175786071036e-05, 1.1842691267328531e-05
33.592987006331292, 9.3581279215500679, -0.00016150371601741025, 0.00045247712962679515
54.422738866030549, 3.5934505528360776, -0.00028039754494535365, -0.00025462469329131634
33.245424075529769, 8.8854057108794393, 0.00024565611027315581, 2.8397832162022263e-05
43.390455635405488, 9.1946389211588162, 0.00062285527527312522, -0.00045577805766814077
42.633675018803459, 10.105024861993391, 0.00048657417482031342, -0.00019882126659679213
27.011367694386234, 4.4889403510436967, -0.00024065033937193495, 0.00012562974778800099
27.852653655285032, 5.5799862305334846, 0.00023405637831688564, -6.9293015155192329e-05
36.270029224627066, 9.63002707734449, -0.00012628118815745642, 0.00026450853298104596
49.108666691884039, 8.5964226588798613, 4.0573584982984617e-08, 5.6646910203068501e-05
50.306674124456144, 6.7842476555430409, -6.0318401048633445e-05, 0.00049454374131448675
35.398690837636813, 9.7386957022221754, -0.0002324890125211394, 0.00047096601398031654
48.556337149487049, 8.5821579680989242, 5.095119161745747e-05, -5.5912748306144686e-05
50.197685245299056, 7.2513033617962837, 0.00028279846361181377, -0.00030363435605218123
55.433824725361653, 4.2349312518996598, 2.4851103204436427e-06, -0.00013468213653968649
49.25471551734946, 8.2900348124813714, 7.5011649947897413e-05, 3.5347518053556364e-05
29.811262471274965, 8.3360571278706033, 0.00035888020706988907, -0.00063610815403373079
29.811957749468345, 7.9346174341304465, 0.00070455261603504199, 0.00023212606435714793
36.875701615933124, 10.073117614020251, 0.00016714242565720933, -0.00014087778121242307
51.205301288400882, 6.1555446176274069, 0.00021042549204129386, 0.00050536667443182954
51.696356668416286, 5.9100939794741469, -0.00040296908265809189, -0.0003938567902911435
53.906978106481532, 4.6244401593215398, -0.00047872237821839844, -2.3147795713230831e-05
38.473254098696202, 10.429232585641392, -0.00014716921955504214, 0.0006771515232171781
42.441246096021757, 9.1826545328083835, 6.2607085216088071e-05, -0.00067764891527032371
42.567860845334366, 9.5822291749139374, 0.00061707655025083539, 7.6613759218588324e-06
47.521610208616821, 8.1894609006267007, -0.00043163518595530263, 0.00039080374120239889
52.843349657354125, 5.1204614884587842, -0.00015968865020358629, 0.00046452981838816093
48.010595662993417, 7.5214320190583672, 0.00025712276874369667, 7.0586839602615573e-05
46.797072220738137, 8.8023671065630413, -0.00021335612936829705, 2.5681709774117512e-05
52.60887000591373, 6.0627016678862624, -0.00028706777131338269, -0.00022748279956623079
45.064660167931649, 9.0835623747963705, -0.00023225656362664364, -0.00043619529846437583
55.586325847872907, 2.1737929737393147, 6.7052740180902729e-05, 0.00019198270687609625
28.961258522349567, 7.8962585786230557, -0.00059362362452711193, 0.00018803903578060234
50.784174571470992, 7.0696420484296718, -0.00039493176882706999, 0.0001913914539468447
26.955139960162416, 5.1396587498426589, 8.1175826101724416e-05, -0.00027730753732126205
30.505711485813357, 8.8141247053395322, -0.00039273241005172762, 0.00060650751904104631
27.668580647298029, 8.5857792125362593, -0.00024352607875701815, 0.00085282651311965343
28.893810957327833, 7.5833719314722812, -0.00053225798362807478, -0.00072054936858026919
35.323409524809527, 9.7809761501508401, -0.00084806585072494194, -6.4928639434222557e-05
48.800577016698341, 8.420828557376824, -3.4490570512899872e-05, -0.00016638638975865509
55.141719919046963, 4.8354268878442586, -5.7909945963079486e-05, 1.0051318341336516e-05
56.483127055450346, 2.4020611583603095, 4.6692399964351806e-05, -6.7783916699646433e-05
50.707605212083813, 6.6733268535659187, 8.7601492763758393e-06, 0.00071212600873473634
41.909359081820888, 9.4683423231244728, -0.00052994860090668252, -3.4239854022662676e-05
52.625136555877873, 6.2815102986289864, 0.00020922269281508624, 0.00015871019477477512
45.983768245400022, 8.5720143458761395, 2.0133713552187598e-05, 0.00066986371129318877
35.996116923546552, 9.62338465364118, -2.4252233039805068e-05, -4.6753076282420848e-05
29.842003876948766, 8.6797289398547619, -0.00038927396710736428, -0.00030160253743027779
29.474259485738962, 7.3036099406377257, -0.0004378506846681266, 1.68968366022041e-05
53.987632528905294, 5.4739003620712365, 2.4722085148053174e-05, 2.3269011731535862e-05
56.416313345639388, 2.6830547858076903, 9.7949235752488054e-05, 4.9110807960993698e-05
41.491675883745941, 10.014041314996739, 2.5317473015567292e-05, 6.5820881440651903e-05
30.892648786873227, 8.2562139678614379, -0.00018946929023156762, 0.00024107917930702818
34.812445726038646, 9.2836692541826302, -6.5609159004757198e-05, -0.00073293494080319877
33.005585731862006, 9.3602850678033942, -8.0377420833844111e-05, 0.00033506329895877253
48.224687691018879, 8.3817213193351634, 0.00014337518250466538, 2.9039297869196357e-05
27.572556255907937, 5.3864548586017849, -0.00022438770906175846, 6.1742031280306869e-05
33.95426069445071, 9.5082554068792149, -0.00040340469382719096, -0.00017403745943195725
37.600604441941748, 10.441276763976331, -0.00011707333229647875, 0.00096772233901029788
48.16516958985914, 8.5170371585100639, 0.00018776797521995818, 0.00024682350638862869
48.242063014771517, 7.9086887255475444, 0.00051314478511703323, -0.00010013876553571461
30.282451040143773, 7.5231192191086134, 0.00029408296907557394, -4.8280728559398864e-05
29.632031537168654, 8.3610736016514284, 0.00020590057210333928, 0.00054821189371893474
25.73080293026177, 2.2643324345185643, -0.00012790531248673515, 4.6001148721455983e-05
32.257837704561339, 9.5809542913779033, -5.282100533164531e-05, 0.00069113036560433173
31.073264150647191, 8.2910753958987158, 1.5869566904886827e-05, 0.00044017316923185274
50.090308165275786, 6.9152634675725055, -0.00023873974166553687, 0.0005622451183968577
31.710014169821488, 8.9838447757636377, 0.00063389000495055127, -0.00028923735963024396
38.026388304022049, 10.209513123341324, -0.00045115167543552842, -0.00066987965502378539
44.710562844123046, 9.4868224331563766, 0.00054816904837635266, -0.00081569111105982367
51.533170018050207, 6.3157502625835082, -0.00037707345058822636, 0.0002663044386152288
49.317810255467045, 7.0244153440753481, -0.00030834009482726609, -0.00053989548362020701
26.358210492082467, 6.4796343693944474, 8.9628578461282662e-05, 0.00068423218209221295
29.167209924700419, 8.8156209621268786, -0.00033376378589020962, 0.00062885405474085582
43.14996093590716, 9.8226308707931818, -8.7796100715923988e-05, -1.0843523408608045e-05
30.552562184838919, 7.5759366762475153, 0.00022102520920623314, -0.00056757418569113223
23.723178373811713, 3.1436704739130286, -0.00034032068394584274, 1.6099700795238486e-05
40.601558676600661, 9.553777406301613, -0.00053284733590647205, -0.0002931328453655608
40.520420479843757, 9.9549433774318565, -6.7516897507910231e-05, -0.00019075603061155253
44.817232191267742, 9.5191185205675186, -0.00048534818170112417, -3.1205468214901167e-05
28.56137655216639, 8.5031353273097068, -0.00019935856188849047, 0.00073582776572467105
51.929638945486062, 5.9342663318525251, 0.0002394751539126424, 0.00049090714412715656
32.122868864288421, 8.2227474180403064, -1.4630796975782451e-05, 0.00019231549368977087
53.189468311912954, 5.8898850717509212, 0.00013825882688583006, 0.00024466032562202593
30.533262348473457, 9.1853109231312331, 0.00042974763769839395, 0.00068234273071632095
49.746672401920826, 8.0126251874200065, -0.00027028495303345562, -4.2176215411332479e-05
39.31809854761002, 9.6472905174783214, -0.00022793278431006722, -9.1497902418179809e-05
54.002816349160156, 6.1306255248708021, -4.75063315518214e-05, -5.655535052721764e-05
37.887565686903912, 9.6396190903500294, -0.00026626410486486814, 0.00030097990288974061
33.510585022614222, 9.1918037231968253, -0.00039422382055421152, 0.00076058681642454185
35.715376153781769, 9.8953084132366751, -0.00037343837741147151, -0.00015915652685042145
33.264613543121357, 8.8688967908935794, -6.4537596993705307e-05, -2.7788326648935662e-05
38.563651441527931, 10.400689233260684, 0.0002551760986298207, -0.00063759956993640545
27.575334711352824, 3.5858143814276038, 8.839967023085525e-05, 1.5800583009537926e-05
47.780761784322145, 9.1487324935950358, -7.1681388520731057e-05, -6.667915050884969e-05
35.57420341205308, 10.376998835562192, 0.00035257314317492159, 0.00067578711211973566
36.096186709149244, 9.4890867744342451, -0.00022133560313420655, -0.0002567694074906821
30.817388825965971, 9.3665200180861827, -0.00023308591072195519, -0.00082242563632350376
41.105339082629946, 9.2453428287535786, -0.00058046501406694439, -0.00057512407317947246
48.98626363083094, 8.0741834067994915, -0.00023944550236710321, 0.0002214387652149704
47.423305047000639, 7.4251924088035421, -0.00026082247318031851, 0.00062370802727348365
42.08304160704332, 10.330881989505915, 0.00023123753620844811, 0.00012758541252892749
49.297629079013376, 7.5989810550240238, -0.00014967106009346231, -0.00053328328816816181
47.585276003119766, 8.8035979453111306, 0.00011849468022344245, 0.00020504104887298228
33.493959660970013, 10.30451684457071, -0.00066865862161784751, -0.00070219636714717018
29.654858140679583, 7.4695433916580178, 0.0002247967858457645, -0.00033024198261011925
48.014458366773304, 8.3311147748576087, 0.0001569582879068837, 0.0001108643148763315
39.997187954284577, 10.717271840401803, -0.00088441219921142253, -0.00040587656666255976
50.953764458759338, 6.8508354865887151, 0.00043471011531721556, -0.00027992348678205288
54.623879405387292, 4.6410823638516501, -2.166553189991936e-05, 0.00025317036499804681
56.340485664897585, 2.2377558789501459, -8.5020752556744347e-05, -8.4638833328463809e-05
50.685224191289983, 6.3026195256219619, -0.00042397778622930716, -0.00053759662638594127
54.412407866184957, 4.0730181963248109, -0.00018274128052882412, 0.00033751253803889609
31.001397366048121, 9.0663858780481448, -0.00062123952075769911, 0.00038916565074694951
48.254626103607755, 7.6714320149846795, 3.2491567678517107e-05, -0.00072020921860545468
32.029863488944997, 9.154807896371377, 0.00077503345050568956, 0.00056901819398489327
51.097273200137394, 6.5393279107612372, -0.00038648439134195503, 0.00020481511693740809
46.365146087170714, 8.8543018841265813, -0.00030214770109049133, -0.00018388477751777652
29.445394682327724, 8.4240945534756992, 0.00018016786104355307, -0.00057795484513677338
48.643473293268897, 7.5314159338790434, -1.7032574283784907e-05, 0.00083137109003761996
54.422279788049195, 5.1580061263413484, 9.5462740073200831e-05, 0.00010143719484363402
31.715698284153909, 7.5809976505080705, -3.2574260544455988e-05, 1.5431936901039953e-05
54.772514123229037, 4.9142322356434152, -6.9398265531463721e-05, 3.0315529095673029e-05
55.729759023634003, 3.3470457910114333, -5.7463398278001733e-05, -0.00016946842442278553
50.802280552070449, 7.4682877138250729, -5.5872631280061147e-05, -0.00013734813982265478
46.186092585535519, 8.2523999549994365, -5.1101865794079982e-05, 0.00040520327280021463
38.875664513776712, 10.232127486470327, -0.0006888895946187963, 0.00085172660282387916
49.425773905834042, 7.7389298414768239, 0.00015092564252613716, -0.00046452488241991325
31.333156200066448, 9.412151467531686, 0.00073911361021501026, -0.00057057456530826647
47.769091760499151, 8.7298613208964913, -0.0001456110808774465, -1.5351174473630523e-05
47.574154615456344, 7.8928095654724189, 0.00055004548814110174, -0.00013699309370189812
43.405332363618868, 9.6198805422625373, 0.00050154363356410484, -0.00070399845024837206
38.815247203009022, 9.7862305706552277, 0.00020098177950350171, -6.6385904457959234e-05
28.352034214863622, 7.2256613921612489, -0.00043146839803235947, -0.00046766167928692908
54.675692276499944, 2.6283658501889913, 4.8718236263396864e-05, -0.00030908949017899952
36.735432137036888, 9.9596140311584893, 0.00043604138826260986, -0.00020313909359905117
37.697439224760096, 9.7261521049300921, -0.00028106845221320946, -0.0004023505766897566
29.942004501778101, 8.6708426703293373, -0.00022709218157127283, 0.00069945854714002179
34.544176351808645, 9.8804244904820457, -0.00032773814345194937, 0.00043319103032788835
51.318845527492002, 7.3123947389144455, 0.00016030928733872004, -6.3117603653511562e-05
37.933014569617065, 9.8469670285592148, -5.6646757312106796e-05, -0.0009206506996735002
55.15317439266623, 3.4747358219372737, 0.00011188085806034568, 0.00025085087398989971
35.663859883908614, 9.7344186950828355, 5.4460606871752867e-05, 2.7021069632008761e-05
27.731061529445942, 7.9426622901913886, 0.00077894481436230258, -0.00036925010950368591
33.274354435601232, 8.870930203446747, -0.00076287981461239354, -0.0003773181777699231
54.458334434703019, 4.6357269011415729, 0.00012216329100291299, 0.00027544888903569784
47.971452652512589, 8.2290984699205652, -0.00010286649749866789, 0.000470087065460593
52.26030461937642, 6.31918031340079, 0.00024712656760819142, -0.00018194161694440818
49.388895563842603, 7.6207616652009529, -0.0001474399402507497, -0.00046955020324093157
38.77746957058821, 9.5390148688271825, -0.00091977242673469783, -6.9863920505226803e-05
48.819095224894554, 7.8455886011442439, -2.3309572969859089e-05, -0.00073608955658838442
48.895813276784367, 8.1986277961012473, -3.0553410654343948e-05, -6.5786809809030634e-05
34.119640986324669, 10.055172807544398, 0.00061818049201833739, -0.00084855455445541361
36.930927233159238, 10.145874406569648, -9.5083354842277588e-05, 0.00014973437063292688
45.985082426365459, 7.865418716201118, -0.0007561561297829973, 0.00041521648394684846
42.2539810350995, 9.5230713119334851, 0.00051831187816559106, -0.00021879050827303175
47.174516685929461, 8.4527252968258484, -6.5613450286381407e-05, -0.00066462885007993538
34.17991681060272, 11.319134291828879, 0.00031303553270421893, -0.00084592040699275114
32.579427223393715, 8.5178225893239539, 0.00026295649872340292, 0.00021181018929455813
48.484043017326407, 8.5569763322996071, -0.00022023681083297011, -9.7033987916006621e-06
37.321149450338432, 10.286184977008773, 0.00017662881870635183, 0.0003727676611494661
31.229411675433479, 9.7378684092476977, 0.00040160466112493292, 0.00030178152511235181
54.801968037062423, 4.3635407463869873, -9.0961392521105245e-05, 5.2680537835862412e-05
44.438406590908485, 9.5404664361928102, -0.00067204363820171293, 0.00033036553402468363
41.781933296957924, 9.8770540609725277, -0.00025311961534530151, -0.00010525620059508604
27.355021633096452, 4.8332078744848683, 0.00025714035200028043, -9.1156417414637949e-05
33.153801870381876, 9.8403654111450045, -0.000384666780221532, -0.00098482344176413516
27.140159180226426, 5.9919235773467934, 0.00021293213950694589, -0.00025416320649706322
43.58192948547584, 9.9128771666615894, -0.00034139285657446038, -3.37706680656139e-05
53.889961503797196, 4.5134208495813342, -0.00026540397888637375, 0.00034664903186549042
43.374091233310928, 9.763465704908274, 0.00070455302761368143, -0.00028230493289833366
24.638741880279284, 5.712828213991096, 0.00050609321055722042, -0.00018691466166770705
40.681674689609729, 9.7474576478317712, 0.00036748406764676943, -0.00065444847808816657
40.353974220114821, 10.111698641823494, -0.0001362850486901945, 0.00032155691215727552
51.032999525692915, 6.7921771692083528, -4.4131723360076233e-05, -0.00017366150112875365
44.400311467786253, 9.1774591002269403, -0.00038187667038908085, 0.00057982156005630646
43.096003774245744, 9.7002919321935721, 0.00011838670150795282, 0.0001302295854632207
44.581832442412988, 9.4104454841799203, -0.00028243433881655351, -0.00033965611877972155
52.029726097057107, 6.2584584599692858, -0.00033353636886601949, -0.00025636544204595647
27.335278832693657, 4.1089847663472741, 0.00014356069573306373, 4.8633091333813254e-05
39.77684169775366, 9.9599933956492759, 0.00024292265228836741, -4.5703446422570195e-05
43.914954196057636, 9.6319242926610791, 0.00056073243115857454, -8.0785032817442347e-05
54.363743736036987, 3.8391895497096478, 0.0001191713156351801, 0.000328217490780194
53.954652049568679, 4.1186027615810383, 0.00022798114056477297, 0.00030197882725493854
42.232678000206114, 9.334615645418884, 0.00012735456523131852, 0.00089142620925114469
50.612275705181695, 6.1024167227302772, -0.00037082508721749969, 0.00054814126302191873
56.080629886554476, 2.6768412241175854, -0.00010828765931369673, 0.0001269706569575821
34.580857579554561, 9.9163046286008552, -0.00074017591974251114, 0.00044948687237707756
49.653922679523617, 7.7646564365710757, 9.0882996944811984e-05, 0.00037743502218586672
37.37375031613265, 10.24457775025245, -0.00020307714464680269, -1.8239595882307157e-06
43.045913275668482, 9.7388753323943629, -0.00016104456524781172, 0.00016074327958448515
52.235978765272328, 5.9823656196636739, 0.00027954065177143462, 0.00038333047366218589
52.968395392935264, 5.909522145863944, 0.00030852392418940366, -6.3988534932461091e-05
41.347698278904069, 9.8574381254013144, -7.2540840474662123e-05, 0.00028502739554739657
56.738863694374082, 2.0163072867805241, -3.3002895950770897e-05, -2.1889038388859942e-05
38.741378153947757, 9.9833614985170218, 0.00030762506053964357, 0.00059668612210771481
30.382679629169029, 7.6215234702085182, -0.00013749418401559491, 0.00047609102997887788
33.894196776237344, 8.6755159916727642, -0.00052642195858188976, 0.00067147579026334558
37.76142196426742, 10.082836062545333, -6.0901656216723564e-05, -0.00030005806900445451
47.122716417017763, 8.42106322934454, -0.00090156924302905441, -3.6362079158746603e-05
53.339383652703589, 6.4064852742941536, -7.8703288538916754e-05, -4.703145578161505e-05
43.617423361610122, 6.5428148157210142, 0.00027702036696111064, 0.0001379091525154255
36.966441284616259, 9.7859660884672532, -9.7727833397006741e-05, 3.8928768603841763e-05
49.880804387813797, 6.8961188854741922, 0.00045190328527950361, 0.00065163960322032067
42.967689918158008, 9.6782373896510645, 0.00057314856456065256, 0.00020655700726179772
35.395976516497171, 9.7836953831882187, -0.0002268696544523009, -0.00024315261485595449
54.889429484596, 4.3442648167700089, -0.00012032800379510386, 7.5544451170988977e-05
34.808630331388073, 9.1556809587538499, -0.00014463690177238836, -0.0001473887028077572
40.460779616038984, 9.5432225886445252, -0.00031962362455152611, 0.00031181453614521687
39.356274777600888, 10.806439223998431, -0.00016489690232694839, -0.00030442661546118912
31.434342432869524, 7.5554057602044775, -0.00012998238910302484, 5.6439256612652893e-05
55.575335240305783, 3.1569043248190027, -1.3819987267534004e-05, 0.00018413642546236453
44.792046141535977, 8.9879633847280722, 0.00026729384293126287, 0.00045971636832053557
51.607100497721561, 6.6622515073873183, 0.00016369134386457694, -0.00026805338503653751
30.606162878125147, 9.2508471968812316, 0.00088584692329410656, 0.00038967313497457621
49.112912233867078, 7.3480125103129037, 1.7798076408944277e-05, 0.00039836477942285336
30.253150880846292, 8.9496351736540234, -0.00010091069733408313, -0.00071945888257483469
31.450632982151298, 7.7681360017179362, -1.1571299047334566e-06, 0.00049093749421600253
38.557052865036233, 9.790131494505367, 5.2794402653556713e-05, -8.7411857768334491e-05
47.638032347053716, 9.0316668762430243, 0.0001503057712072521, 0.00044478366769212032
39.629300370798333, 9.775500915196929, -0.00074712636580510591, 0.00048657314481423121
28.114163404936068, 5.5539559660165319, 0.00017483349858352402, -7.145099060613121e-05
41.369316706413045, 10.088262330984421, 0.00010833440565105585, 3.1822173414868217e-07
52.854109912529871, 5.3102982018249962, -0.0003691709978772351, -8.2752127956025776e-05
26.671371575109131, 7.9028424749783373, -0.00039413941782619042, -0.00037247739224714201
34.87024455586274, 9.5120337679188118, 7.7998022627796346e-05, 0.0001314860872330885
50.22390831059424, 7.5077405768234984, 0.00020485236821165398, 0.00012681763266800454
50.443984843679225, 6.4882296555545205, -0.00058284862063056502, -0.00016139414823288873
27.96915386758446, 4.6736891044389628, -0.00013747571429022589, 5.869696430091075e-05
30.657326957751796, 7.3536227794338291, 7.9260581575172633e-05, 0.00014287003074241476
40.909466153922878, 10.090000381769045, -0.00026202734424987916, 0.00023009654480795068
37.750232350550327, 10.583554948713111, 0.00064798180058388256, -0.000584028846496628
40.157377296803958, 10.308587087555255, -0.00026418289156201921, -0.00019605265127321854
54.050402983755944, 5.0018908661048194, 4.838062227583017e-05, 0.00018281772770226755
47.19256198879004, 7.9656442962643181, 0.00046582161393492194, 0.00022052571511094865
36.469832109673611, 9.9776379707374758, 0.00047187668596024914, 0.00012765835083913439
52.563031503211569, 6.9644856667161843, 0.00015935003752826714, 2.0253693609852826e-06
36.929645155140271, 10.359048610075579, 0.00040030103091270478, -0.00015432477633462599
32.917295218032898, 8.2023487407591915, -5.4984083370262748e-05, 2.953466799660926e-06
39.866105836516759, 9.7512904590076879, 0.00086882366379045512, -0.0004819261137882833
49.694623086877463, 6.8480120208517512, -0.00075989434207096736, 0.00012751484312413384
47.78398355479505, 8.1701816866797916, -0.00029936202877935082, -0.00067409247240358364
38.203812566247215, 10.769058260460671, 0.00065840524474625444, 0.00089409044593141479
29.888960621394954, 5.9401582308679064, -7.5542614616468277e-05, -3.1970775502708078e-06
42.038770162110154, 9.8478054588192432, 0.00069378089865945898, 0.00029268981646956595
31.361763074264399, 8.813939140200107, -2.86623600695193e-05, 0.00049664526702165434
40.667525821927072, 9.6887938023211895, -4.7946167403359205e-05, 4.8105551251331387e-05
40.048059885656819, 9.8905149707971489, -0.00032445782617138803, -0.00036334731429159435
43.866502292826674, 9.1312235751683044, 0.00017758125919803151, -0.00055128006901761673
46.312347023404968, 8.087252873745582, 0.00016840810767843129, 0.00085835624078717406
31.4376648663821, 9.6958638506586414, 0.00037642836659666513, 0.00086862668036085517
56.437205566248558, 2.5179102236275175, 2.2943842944915014e-05, 7.571493238107667e-05
39.242016025244659, 9.6967346663800562, 0.00054398005946564314, 6.7483845677209285e-06
45.346674583694401, 8.9505190043727811, 0.00025747756295560253, -0.00022229850932252351
27.373604636776236, 3.3549419965968497, -0.00010015988327939166, -4.2484097320207105e-05
50.939989768023871, 6.7270345313222739, 0.00028437210756546562, 0.00012805321901675305
51.870024001926105, 6.5756868444600682, 0.00050024027542676657, 3.6724334060353547e-05
27.746435249225495, 5.420376969652752, -0.00026234591184987879, 5.3128061072185832e-05
39.700252774928096, 9.9986611922584441, 0.00040846965893336253, 0.00074525512841028165
25.808589100495464, 6.8682241255584353, -0.00038962646439504023, -0.0002330238847579659
32.729246440123489, 10.072474254264838, -0.00043751931363098656, -0.00044516087795376427
57.400096979425292, 0.66429859938161806, 8.2902730705853582e-06, 5.2467921766019252e-06
32.50483483185333, 7.6780795793757175, -4.9531479137705168e-06, -5.2806812466648608e-05
26.270625378121984, 7.4693469658400495, 0.00058005935158760946, 0.00035998921036046165
47.089844163836936, 8.5384193258828081, 0.00031707589709348641, 0.00014471478039244372
52.971555592873983, 6.5883638045413653, 9.0469404546686532e-05, 0.00026419813795442967
48.888612696601847, 7.035046433326241, 0.00067932274155218305, 1.9894999668249567e-05
29.129455067766415, 8.5977505161603887, -0.00057053576725060869, 0.00022995673256937438
27.339136685662989, 6.4385551054915586, -0.00051924078434945412, 8.118172243448972e-05
52.185692542574309, 6.1530350037017891, -8.1595270377900713e-05, -0.00036447984867244934
53.240297502506053, 6.1090721387286555, -0.00011772385871399853, -4.0198254782438444e-05
42.58627163763726, 9.6516739626774068, 0.00059657107215355511, -0.00023730082493281533
53.929920136557556, 5.287939144979152, -0.00012558498391323876, -0.00020152494230569351
49.471268454343033, 6.83042271615611, -0.00024384931297551519, -0.00049689688714663039
49.004054171246494, 8.2304147313750331, -2.5556928322216076e-05, 7.1330270398360356e-05
28.339493433468615, 7.6739232089169684, 0.0001278819419610187, -0.00047942365108271604
54.571515769596992, 4.6891927406570346, -0.00017783051698287263, 0.0001833052218542325
30.961289100555085, 8.9266909946911621, 0.00051337391351032426, 5.8021946990527173e-05
35.536814506927854, 10.066306005824979, 0.00030550703890023774, -0.00057590211208010582
51.22769798449017, 8.0244274738529526, -7.2530054978944423e-05, 0.00010688130981162455
39.891719642030729, 9.4115747180844149, 0.00076973246977809259, -0.00061672852399873609
30.586332088814761, 6.5460238773500521, 3.7409223791351499e-05, -7.9095889483596384e-05
52.553503952563076, 6.3491311541623086, -0.00054857308689426024, 0.00026830401620589283
40.867033064150583, 10.012386031456712, 0.00088538882396437153, -0.00036751019937165822
45.775639270698385, 8.6448192115199554, -0.00067915826690575587, -5.4479780738516207e-05
52.515025621064034, 6.4701869872078985, 6.5117957408775042e-05, 0.00014140827218933543
34.011172566048337, 9.1349864313373352, 5.5852726194090355e-05, 0.00020139202236489019
35.994325001040529, 9.7823296274637386, 0.0008573246989519069, -0.00061677815933429436
45.190363681487369, 8.7281577791778098, -0.0007461575784402536, 0.00029190437035528632
28.221772743183177, 7.1342553350303017, -0.0005836545755557159, 0.00030925152353070482
37.651726075663426, 11.224434768011735, -0.0003691954934519598, -0.00032026268837610859
48.759526026692747, 8.0814571518912874, -0.0003241814082259384, -0.00018162350611724979
52.600976489851533, 6.1280486824591156, 0.00037599118537607462, -3.3327316759086505e-05
33.357629420713479, 9.8745159683594501, 0.00060724242120660207, 0.00051324569849252669
51.255318843603334, 5.7913406562542589, -0.00015713869652015777, -0.00051294561107758827
37.500229820994278, 9.834711691038402, 0.00085540740477629536, 0.00051263328687548644
35.970485231966599, 17.031742209982781, 0.00091620874801796556, 0.00089871689622590591
40.230905898854253, 9.4924107294503433, -0.00067708553467875018, 0.00024557711423662626
25.353039417265322, 6.3031412886963967, -0.0003893489473460906, 0.00055033470272969939
48.587324461652429, 7.4531831176029586, 0.00055414846765519232, -0.00057116765002445649
47.386226819201553, 8.6209963285933391, -0.00016899399988531621, 4.8470777519799279e-05
32.861609029927934, 8.8804947736218782, 9.3163946162270821e-05, -0.00098668123311439161
47.036329629759003, 8.7391192954108252, -0.00017203097800316683, 0.00072597049561310323
54.900126474268419, 5.0611582362541512, -1.9631463837152551e-05, 9.2425220756380383e-06
30.740841565052708, 8.8262279401170094, 0.00058198791090242875, 0.00041625039651767894
51.703619187577914, 7.4423354178381622, 3.5034396767253618e-05, -3.5568966467358369e-05
42.97324919651026, 11.239607486934503, 0.00017649669633640547, 0.00053620241622474418
41.823337254406454, 10.009774318388233, 0.00070539005176515181, 0.00018771118455036308
39.026766580054783, 9.8205607567543449, 0.00021967096767309643, 0.00070439625634267607
55.915631194943778, 2.055541879200725, -7.7262810648854921e-05, 0.0001404088326141116
38.434205703166086, 9.9909371868178827, 0.00059216571484532342, -1.3906632099566681e-05
44.876814597106581, 8.6968116607208135, -0.00054529868356635028, -0.00023599211757590002
38.120426662290036, 9.5914953704724812, 0.00070165165598446908, 0.00033219242970134821
40.531850192297547, 9.8970307764359848, -0.00012211849284835823, -0.00034703457684388573
23.739335324708492, 1.5016166008797347, 1.194808323544839e-05, 0.00013049581391441409
49.842208879984405, 7.8226883274956016, -9.4009165749245574e-05, -0.00027607630673103553
43.68563357697893, 9.3105756935726358, -0.0006736383250207737, -0.00018812878200475487
45.720844879825563, 8.4983155167897326, -0.00039170021757318823, 0.00058662573940514455
43.21239926991926, 9.161115895653781, -0.00049320833880136562, -1.7786348206053464e-05
35.242971279803498, 9.8018262168658516, -0.00065228779507540177, -0.00016115939971228315
43.683323426554999, 9.1796037142804163, -0.00025746192808066371, 0.00052946476637639507
52.348698786736243, 4.8411432025290067, -0.00031451307462731874, -0.00040973326954426735
31.574648636240617, 8.5653054848067818, -0.00048503573554627301, 9.0350932410719896e-05
41.296088452263078, 9.6812733441539685, -0.00028910508663658734, -0.0002609680168281864
33.456401252993793, 10.019579965126967, 0.0010603592774507172, 4.5484422596881561e-05
55.477684184777644, 3.2985752072171652, 8.3384413198965508e-05, -0.00016331714274527549
32.079648044405616, 9.0550472690976012, -0.00054102040886486614, 0.00031542965354099833
37.264602011638061, 10.120874200150906, -4.6675069828537032e-05, -3.007105023590962e-05
44.334413139085328, 9.0479705111745687, 0.00027146240086590643, 0.00070424292114565194
55.177434647118957, 3.1323404179935994, 0.00019234988643197442, -0.00016818509054566884
44.909559929527717, 9.0011530525988537, 0.00062965623113516106, 0.00027714591836153614
48.450713287246344, 7.6514777202334825, 0.00076070042221631378, -0.00027467382793130415
31.956533659178866, 8.6790182336861221, -0.00029667072340335975, -0.00013429161948924634
55.527145321577557, 4.5173849976651654, 1.0604831851783945e-05, 5.6869708599162061e-05
55.832103037936555, 0.17272037849164634, -2.0725323298239927e-05, -2.5385014165925494e-05
57.278276164004048, 1.2655479827633671, -2.3816283405244781e-05, -1.6601779776974497e-05
27.728528734926439, 3.4373066333906332, -3.53515389195608e-05, -6.7312215638142252e-05
35.384581991777381, 8.8925627641347162, 0.00055362029110895346, -0.00050653216723220223
40.363552629596235, 9.4141071530433926, 0.00030416994366003149, 0.00019342461453882264
55.143864907555809, 3.7797968886938671, -2.3416397586193302e-05, 0.00021797615911264603
36.682362286371443, 9.6336471879072541, -0.00037628128526421509, -0.00056231716588030917
56.201352609393624, 0.70793671105931755, -5.4542108063025414e-05, 1.3331058913418514e-05
31.412747657127838, 8.6836212475515193, -0.00025131421873523033, 0.00055463959858088072
41.464800674054956, 9.8405327971481658, 0.0001482253322971837, 0.0002552464440545068
28.39716656142739, 7.0068025729088781, -0.00046937139559518237, 5.7285889591247716e-05
46.187669056156324, 9.174666095224115, 1.5960784619689627e-05, 5.6656038475278642e-05
38.847621054746689, 10.062939214019336, 0.0005267786357649551, 0.00056065291016077262
43.753646329711877, 9.4955303073610775, -0.00042463050226364756, 0.00082572091680866626
37.382978916202823, 9.4387729674590251, -1.6938450783316839e-05, 4.8870195610106426e-05
40.244080809358479, 9.5116845127342504, 0.00075926540225552507, 0.00036681874027370901
30.949503238828836, 7.7023886278292446, -0.00012561555120761249, 5.6986321680214543e-05
29.413580440011341, 7.5737620185829213, -8.4925819071543816e-05, -0.00033616911544235412
55.485632035707312, 3.8120859939120812, -6.451058053455908e-06, -0.00017072985236846983
50.668159763728404, 7.5732119534364095, 8.1502553736177564e-05, -5.7166217610011055e-06
31.125256731621381, 7.1995578765293979, -6.4390498832741727e-05, -5.2179849237985262e-06
29.627133297143914, 8.0190763128034241, 0.00029324648607089831, 0.00083759905879220208
51.915492953018337, 6.5786433671072473, 6.4563139542662334e-06, -0.00014349762216956408
42.272107283583473, 9.4686846998809049, -0.0003748870218716067, -0.00070674756108246866
47.74571816400119, 8.3248238421944709, 0.00013357821317924821, 0.00062416276410474285
53.582347813776799, 4.5460070397942598, -6.8473583641939729e-05, -0.00043834537038000545
39.949201401060328, 10.398345854324123, -0.00097319534172029686, -0.00014825651163699689
54.509021153786158, 5.3244139988333021, -7.1533848138430521e-05, 5.9220543041669126e-05
40.019733420408166, 10.262160154173074, 0.00053684850472540441, -0.00087520060762694845
32.130102413125869, 8.6073257800383658, 0.00010983348941362786, 0.00035638050834451514
37.621017439304133, 10.186003591433906, 9.9841844547754398e-05, -0.00018826336340842508
53.964377705987566, 4.6165164598700041, -0.00036175044415142688, -4.0789192710909424e-05
51.409216555495128, 6.4056412188407821, -0.00052964641685087114, -0.00038652714934532051
27.967500773958843, 6.1858684721361428, -0.00029168503935353413, 0.00015666029428453571
37.557568971939105, 10.238502080885205, 0.000802911427378563, 0.00039377226792568394
52.863341105311804, 6.9049421932355388, -3.6847484595510382e-05, 4.9567880071153202e-05
44.565004627540006, 9.827328897062511, -6.6325154235821149e-05, 0.00012034224390125341
28.570410422759675, 4.2366865465175714, -7.2992937620410724e-05, 9.166687199282652e-06
28.337415472222826, 7.2452542817594701, -0.00027543147386296577, 0.00043864121848958789
37.684326517133826, 9.9404238135617859, 0.00034510712425957945, 0.00054536880511494353
34.395761028117242, 10.405119803080238, 0.00078572417688898741, 0.00066585392710674608
27.323666491800527, 0.93458203196501966, -2.2566377271867986e-05, 2.4965510841385491e-06
36.256627431641419, 9.3496482340983391, -0.00076519213809309614, 0.00058072235909104237
47.03390068081962, 8.8083007665500705, -1.1873322444024904e-05, -0.00049217460421070768
42.793800728066252, 9.8754574996702029, -0.00046559190603115137, 0.00038042575848463479
55.572518250222529, 2.823722346294864, 0.00018386365914868709, 0.00012160751569581895
49.768431022256252, 7.7816140641500349, 0.00040733966770434103, 0.00013236354400525174
26.343305713236813, 5.3993213685397059, -0.00045053425694836541, 6.3921437530825653e-06
29.873015427784566, 9.1623728878703403, 0.00058844250448243575, -0.00037241658735493415
35.448013087054868, 9.4224098275324355, 0.00022629295524675055, 3.2801766682787243e-05
52.610949145459273, 6.6415081045023943, 0.00020858060776764032, -1.8029101738088118e-05
44.509562617703381, 9.4040870515599231, 0.00032244233155863942, -0.00069809692356220766
32.300396486072891, 8.6888917005580204, -8.7419175326239141e-06, -0.00055276247308047881
53.631564269507948, 3.9769763641804516, 0.00040106848532444326, 0.00018229943334422435
36.716704897880696, 9.3934072909965938, 6.7697468693901045e-05, -6.8947102590869979e-05
43.198226459236082, 9.3774550608161071, 0.0002569523742282903, 0.00013528635635227441
50.537596408557519, 7.4618095017071022, 6.4016106656437254e-05, 2.9892821595741413e-05
24.397906853207189, 5.5338635329961487, -0.00047233230071324326, 0.0002408635129523144
38.253999528096614, 9.9004771199259025, 0.00034013827336159478, 8.2237182973881806e-05
43.629473965331314, 9.8278686076343966, -4.1519880236299154e-05, 3.9282626213420576e-05
40.089888770737232, 9.7464895465066217, 8.8852305193573873e-05, 3.8514340007028694e-05
49.827486683362352, 7.3068705864158332, -2.2858805585524341e-05, 0.00012575886164511305
27.552950585604655, 8.6740990950396828, -0.00056607714238616688, 0.00027090507228548846
42.763938189557969, 9.6765852457881358, -0.00019418387646473958, -0.00046539666727825357
30.196551316417924, 8.3496874908537251, -0.00058864077834314642, -0.00019944310594402902
48.093335423467451, 8.13262401287537, -0.00011290172676131038, 0.00037416338134592262
29.354461265988927, 7.8994968113458164, -0.0002577681357760341, -0.00039161749337374776
37.912480825223518, 9.4880381352403855, -0.00023824676102443762, -0.00057295033763329005
50.954698550191182, 7.0045549214761831, -0.00057117301938094532, -6.8908064898120892e-05
32.465883599428814, 9.1507573854359592, 0.00026862016275737405, -0.00065806491924833975
45.852720631717474, 9.606425712174655, -5.8685860329059653e-05, -0.00010109247628361812
45.004812001268739, 8.7175724411494731, 0.00063766121158869381, 0.000603132957207806
48.543840727562042, 8.242176751144866, 0.00016551288971592955, -0.00042610469497341975
29.931420840946465, 5.8651334778697937, -3.2373127381257326e-05, -2.431345874332478e-05
42.79121200900876, 9.5683078499964562, 5.0332586029186205e-07, 0.00098780620647869149
56.426086875316095, 1.8071428378962926, 8.1352590122385043e-05, 1.6285104513126856e-05
28.273072906191512, 3.4061429654100142, 4.9132209583746127e-05, -3.7090385281270625e-05
28.514335932908324, 4.1647852813269015, 6.0259033042391523e-05, 1.3756310497706811e-06
42.48670192550285, 9.3033778608419606, 0.00075965434202166892, 0.00063737171454533812
38.717105519309371, 10.366790297465789, -0.00072871309586546083, 0.00035884073693524533
47.419192361588237, 8.3300240539796313, 0.00038550967106780064, 6.5361292867207238e-05
35.780302353406341, 8.9300645812646877, 8.584064428219604e-05, 6.4066783497028935e-06
53.529626830502984, 5.3706752405124627, 0.00023533117304331248, 4.0610075687102879e-05
47.058217720546942, 10.786847303616623, -0.00011089563959510255, -0.00026746975022437053
47.871647955852211, 8.5855725937365435, 0.0003160002235081022, 5.1538482119690064e-05
43.343893989810979, 9.5410109615917555, -0.00018657768041023518, -0.00011645485626099392
48.642915850268686, 7.9873584027484004, -0.00069074058067718105, 0.00033193950941405961
35.507122978140266, 9.3161584847665804, 0.00018615581382976296, 2.6537535114743119e-05
34.711474091766121, 9.0946289212725535, -0.00011567145159321891, 5.9887059538152407e-05
37.565021206343786, 10.188463124933545, 0.00044708081365591476, -0.00071711856980883877
42.411242264508061, 9.5467561896264801, 6.6428112256027317e-05, -0.00047710097796053872
35.113311330865194, 9.4343754559414172, 6.8722408541326471e-05, 1.3707186340767121e-06
54.205845626857766, 5.0965079048027153, 0.00012202968431439689, 1.7644001256120678e-05
37.562799031042871, 10.04997209426166, -8.1984911376493174e-05, -3.9148165097271261e-05
31.803670346366921, 8.7308251309988325, 0.00083998520281034026, -0.00038386149727685282
29.241603055108332, 6.2825936706440082, 4.1596404323785213e-05, -0.0001600166364857042
30.567826366331257, 8.8444271937055312, -0.00077195649273987209, 6.331836002151708e-05
30.955834738141615, 8.3616719144901825, 0.00048314813209783113, -0.00014804228784740339
34.32455064010135, 9.7738436317046187, 0.00025096525812419099, 0.00090463354399219684
55.622749844068764, 1.4599564548287238, 9.9903576584291023e-05, -9.3649734766904503e-05
55.791439597963226, 3.2355228467564103, -1.8550218317574034e-05, 0.00010550795225677191
37.348127879044007, 9.8037058191899806, 0.00045308371711650871, 0.00054955474200214121
43.751994187849306, 9.8061333258129952, -0.00055467436875185165, -6.7365714213266114e-05
34.059692061243339, 8.8874936646578213, -0.00015811302166807359, -0.00013631215196125215
51.568377440564973, 6.9947965558807015, 0.00013395797425464677, 0.00012855227105302699
30.359260068981712, 7.7493382161816911, -0.00013219067885173431, 0.00032705868808883165
32.921304531378638, 8.8107771076736796, 0.00013141747723857553, 0.00025599587229677893
27.739443293134354, 2.1650539423892079, -5.3814084886852871e-06, 3.4971691512488738e-05
41.023377619388839, 10.062616409765896, 0.00016319089431215321, -0.0006272844056680304
46.663046647867823, 8.7814380162697496, -0.00036534433809261698, 0.00027188959123073233
25.659572123691692, 2.467882787585999, -2.6099493785471196e-05, -0.00015568816694218641
28.212405390237198, 7.2311358520050257, 0.00053685498953138632, -0.00038932581508814297
44.340373810654825, 8.9175538531744802, -0.00046296885871370021, 0.00072680278338123079
37.216844858570894, 10.304856818499907, -0.00033034188897760832, 0.00055667899910701664
44.531501647451897, 9.1077934703010062, -0.00033890184191652761, 0.00050749405655654779
50.923415691292867, 6.4530155771373678, -0.00046251665730291577, -0.00021536035445996886
36.476812788651515, 9.8867269774733568, 3.8152465403990679e-05, -0.00064774159810940214
39.245786737276724, 9.8390285372940216, 0.00047519584983031141, -0.00015723060808468925
35.077531394367412, 9.8380056538165075, -0.00030165155303644086, -0.00088647531219805925
25.938409092197293, 6.5037594457536487, 0.00044211123909511938, -0.00049529578947929062
26.054590622283037, 5.9725338334766329, 0.00045980057887295896, 0.00023394914642924674
40.189094648930975, 10.418379663301435, 0.00026944905921662835, 0.00051910320471694645
51.476706011245909, 6.5284096305968129, 0.00045536456488354964, 4.8522485017606394e-05
47.717713309862255, 9.0000389342870069, 3.6585097327467933e-05, -0.00011820619141341722
55.60680002138745, 3.9441575417315602, 4.9502220125335739e-05, -0.0001485524779645783
42.101445465682843, 9.6348507579937213, -0.00024011263567265425, 0.00025642165573107133
52.623011246288655, 5.6385081968157307, -0.00030701806076922477, 0.00046476982369945648
49.288952943265002, 8.014886036868603, -0.00068584656248345721, -0.00023256463103334121
35.73722077887723, 11.515036671086307, 0.00010349717925612972, 0.00055105599420704932
46.447942565510303, 8.9042017849001649, -0.00018481786688930149, 0.00050099422677322731
27.731988482104803, 4.7196501825980741, 0.00012080869325617978, 0.00014125088980084882
35.823260906124631, 9.9699181855625874, -0.00034183903207757939, -0.00047094253723024024
54.060746113728413, 3.9305317096759036, -2.0865903929230235e-05, 0.00039017292529594001
26.67001178901856, 6.3521524205526516, -0.00017623847399461897, 0.00053829181184824151
35.859316631857574, 9.4736088711691266, 0.00081972216320839997, 0.00051158023342839595
39.191776020755654, 11.141316492882375, 0.00016271431744107432, 0.00079765231782729534
43.847093658472417, 9.7394669933313818, -0.00053494850505517817, -4.1544222093068194e-05
42.053181602173304, 9.9545866236919327, 7.8930305059032849e-05, 4.6385069884372354e-07
49.387891445377498, 8.0598313615265891, 0.00023559165350440044, 3.9653094516228263e-06
38.60062027180598, 10.101261621573064, -0.0004317108602438065, 0.00062559149367019792
46.588479043748649, 8.7701857882325918, 0.00012878082229307209, 0.00056944366598404524
33.508321863246479, 10.456437124922184, -0.00052442603618038132, 0.00091742120460897773
25.985034180405506, 6.5993461288700823, 0.00019628740477018873, 0.00057695218058618027
38.778583649598424, 9.5994931591662684, -0.00078756052721542418, -0.00064966385518041301
53.159204908663952, 5.9782756452271881, -0.0001976237783437435, 0.00015644205623297069
30.575891983772149, 7.44988284142645, 0.00012447052739999385, 9.3068851159181464e-05
55.208397949073074, 4.4232716841077124, 7.8911801699709864e-06, 5.1531868812744789e-05
49.176298952569937, 7.3341289122082802, 0.00052637002615326485, -0.00023073676112730462
43.805573675901329, 9.531711136505395, -0.00014731743229268445, -0.00016357639604129283
33.838687826323614, 8.7850901890272493, 0.00030745303521056972, -9.2608450561964682e-05
32.160940522171749, 9.5007987096445952, -0.00012435854390678401, 0.00040778216755756405
54.226812439477435, 4.9306287604231409, 0.00034564194714206914, 0.00014210154119588292
44.035797584092499, 9.1662093401899511, -0.00021341502823758488, -0.00026412329486257284
30.390649773640273, 9.286655202545063, 0.00081764607131796932, -0.00039699254247845239
48.31853235864908, 8.0955613350037883, 0.00029263462178998122, -0.00036999199065297113
34.746491221595981, 9.627462279687915, 5.290826700989659e-05, 0.00028779492800950617
28.079279784612691, 4.0035220045591258, 0.00015694962218471364, 4.0219996955877521e-05
56.981352133306864, 1.3171124062887172, 3.2261634922792966e-05, -1.815621532555162e-05
43.201830696324123, 9.9592274194676609, -0.00022259094289159043, 0.00041202540875627443
54.397570531022488, 3.4268734401536785, -0.00024857655657806838, 0.00026227278291898222
36.489486699275325, 9.352837952216932, 9.2945217245124978e-05, -1.313751402186517e-06
46.00313883007022, 9.6410992591262588, -3.6722349198417007e-05, 0.00029901315018938425
53.521424657654677, 5.2842765037414123, 0.00028369777870891318, 0.00024018626236870156
47.649715199923001, 8.2253352581596921, -0.00013931296474316155, 0.00043433702623897944
56.963561289518857, 0.81212543369031143, 4.1021869231216023e-05, 6.3957173762671575e-06
44.240141745297883, 9.2270865034114653, -7.6121981487685286e-05, -5.4567325925285832e-05
52.103246653126611, 5.8737886515137854, 0.000586070301875152, 0.00022819083629315953
27.91518614660453, 1.4123157969898268, 2.6100088066873808e-05, 7.9909264751354893e-06
38.021648142647301, 9.8793434411372605, 0.000760664148157304, 0.00018967405920593841
41.203236855709982, 9.6399625180697708, -0.00089421861910263776, 0.00020167521451379712
49.25259178320799, 7.5321129177616521, -0.00046047422851181765, -0.00038937175999346406
30.832143079664302, 9.1291070558291114, 0.00054967390304652361, -0.00033666083510229322
48.719555840206581, 8.2165614324487439, -0.00018165458238639403, -0.00014999662802983799
53.719985198179195, 5.7211523834810087, 0.00022589102204975494, -0.00013648305891377649
47.974731100543977, 7.3998752702826218, -0.00075813768614711339, 0.00010170739864208873
30.628048728400518, 9.1611097707502971, 0.00034813338233425305, -0.00067114754240603434
37.823700625753474, 10.22717662905271, 0.00049180629230349176, -0.00090660132789147714
51.17298304270615, 7.0372684694486072, -0.00031688965336427078, -0.00022169501554921263
43.290301276311119, 9.27940623292222, 0.00026338984239695118, 0.00017231168719132083
35.129549558643753, 9.1966211641451814, 2.7073930148069051e-05, 0.00013660242220916546
49.652159839524501, 7.5085477731917845, -0.0005016655031665413, -0.00039910592034848126
38.684427381515285, 9.6926606833201223, 0.00024853312243374711, 0.00028509555642794795
27.4711447296465, 8.4887443042945794, -0.00048089411625567332, 0.00064259383068834711
29.317410191236892, 5.2228520246089118, -5.8917790776766881e-05, -3.4241816975587976e-05
36.84444592928164, 9.6713059940176311, 0.00073325378422443366, 0.0006244031458034425
38.930588938361353, 9.6829377733459179, -0.00098071616913305822, -0.00020066440951124198
40.415926341766387, 9.8993513915300806, -0.0010166875926587578, -0.00013720951878470325
44.488348004840205, 9.5746941972049076, 5.461990220614926e-05, -0.00023815298965646376
35.741714120518722, 9.5177202960373073, -0.00022625378671892391, -0.00029198498781732134
49.321766998551254, 7.3251370713732102, -0.00063734820526222739, 0.00043443989147573319
43.521534725074297, 9.645007183969053, 0.00062077856367559285, -0.00011328994031477833
35.668924362996144, 10.144872372639091, -0.00096005169416034082, -0.00022602576230427011
41.565285063857665, 9.9065945968044105, 3.6686025326562198e-05, 2.042214198492734e-05
40.301130204910656, 10.108742019600394, -0.00078526934626650061, -7.4456050437663818e-05
30.360909781994618, 6.6903121846837097, 1.0747223001244399e-05, -9.2781823314843728e-05
44.427727362731574, 9.0064264199395936, -2.1069000782076262e-06, 0.00063960711332277742
39.083256494692506, 10.109771089322454, 7.5851002572527358e-05, -0.0010770656663719501
34.020063022177887, 9.5639630395230704, -0.00026145744061260536, 0.00010320793912269168
34.040594538500642, 10.070823733431224, -0.00010539652861427779, -0.00097173950133135946
50.925414769483766, 6.9179998767807973, -0.0001011579758447533, 0.00032658570402738582
25.660654888993882, 5.8390863307982084, -0.00012564086339329888, 0.00040380739617885665
43.369003109601067, 9.5132194535077712, -7.3401183633174771e-05, -1.0630494810083415e-05
44.211075996900483, 9.5319888439541991, 4.5088164425400818e-05, -0.00012094798847138484
29.487695126079611, 8.729846147243796, 0.00079549084259889977, -8.9576935956419909e-05
52.40849241585282, 5.1772002244218482, -0.00045456784143397177, -0.00024940875352301184
33.00915756103057, 9.4129290111602142, -0.0005081022781955679, -2.822703236776751e-05
26.630721749370196, 6.503397236749076, 0.00010521613078459384, 0.00075226509255465015
46.506995974618491, 9.2760121565740885, 0.00021363731633168372, -6.9672676927548147e-05
34.623831849669209, 9.7810497085703343, -0.00051306087298739578, -0.00015621130845739316
33.689124512379024, 10.309069509907403, 0.00032806391021768212, -0.00061859312560245809
45.35972242391901, 8.9131336339398697, -0.00069101787989885174, 0.00033524893419696833
37.535680472737972, 9.821758952760808, 0.00048919535416704389, 0.00011865229316007497
30.587657952845902, 9.9818394701257596, 0.00091311155094221392, -0.00016166424092260682
28.428845804638556, 7.6323946046468532, 0.00016099210877867204, 0.00064508471614506684
36.689784180701878, 9.7725818989126871, 0.00074009739259758909, 0.00079876629911846862
46.034580188263874, 9.2593512489637195, -0.00015738806992204743, 6.9709242160914821e-05
44.228213776116213, 9.590586907843738, -0.00017854211865925339, -0.00036968932119535772
47.272663687144238, 8.6046158393409868, -0.00053699427797366985, 0.00028738821822043713
53.932396191478702, 5.1369588718229311, 0.00030602844741161862, -7.6040453165562838e-05
45.693182631372565, 9.0116185173579346, 4.8532935757125509e-05, -0.00024183075369321486
56.081279523904307, 2.3897436367232801, 0.0001400029437896778, 3.2126234859588446e-05
27.028799971116399, 1.6824291394009416, -2.6703392992489582e-05, 2.8411550541272763e-05
46.716156766648595, 9.3659671234718065, 0.00026322320720076922, -4.4277256581106801e-05
33.078908060008914, 8.9644119607421722, 3.0136983326590812e-05, 0.00034020825081061375
51.311528162630012, 6.9796429487554104, -0.00049826410836111164, 0.00025409688341704355
29.107096334058859, 7.9231344925415605, 0.00055884645823061187, 5.4106462542540605e-05
37.724117522203748, 9.8335633363724639, 0.00099773750099260445, 0.00034541688356212556
56.49235713258534, 3.3232982354662828, 1.7739976038922659e-05, 3.0686461551821635e-05
53.751278142431147, 5.683594082809619, -4.6566834430614741e-05, -5.5372179725721777e-05
54.66405963680171, 5.183822210166336, -7.9046219732289887e-05, -0.00012587272679598078
52.429728448730899, 6.2316485768453473, -0.00028274030254767985, -0.00033213172546496913
53.677212464687017, 4.2492945367946602, -0.00041203411195655485, -5.2267625734515383e-05
28.842537178879635, 8.1773578418801929, -0.00076596837364067537, -3.6843852688728822e-05
52.691464679119072, 6.1499806566182524, 7.5086189378857288e-05, -0.00023408502735506668
51.071596293948232, 7.4186364254838209, -5.0379657074671427e-05, 1.779182276894039e-05
57.543077147339133, 1.1306851338473383, -9.0182926354370023e-07, -9.9494093224155151e-06
53.362554066223545, 5.0492776312161478, 0.0001120570766362854, -0.00040163822497820664
37.28209575333937, 10.420070893605276, -0.00052435273073812372, 1.0671126778244752e-05
28.095466950230552, 7.6650487204227122, 0.00081547181700007958, -0.0001510005494472726
39.310509670594456, 10.199491352314302, 0.00057472442404630922, -0.00064130061859955095
47.32913762844116, 8.9569102118939661, 0.00011885699451653366, 9.0534380254031615e-05
56.096543054446364, 2.4260096609653719, -0.00011306987575596492, 8.4549974868044458e-06
49.003966997453794, 7.6666192867072382, -0.00010252453547341559, -0.00072685829591721796
47.523300159833774, 8.9160668127570766, -0.0001606343913455309, -0.00026482263908129923
39.596155286625631, 10.020616534769298, 0.0003165004186221762, 0.00063078158647870682
40.345745338741082, 9.897558379476445, -0.0010454734122563973, 2.4086068693117837e-05
52.745906411841062, 5.8959098034038684, -0.0001155011609563736, -0.00026691629270936501
44.676124675885077, 10.256178284134959, -0.0004148131090216553, 4.9979456544878295e-05
44.068840483256096, 9.566848198279839, 7.8553341127512256e-05, -3.2477802156190255e-05
53.682542055830389, 5.8995251073402333, -3.610217027884391e-05, -0.00010477043203665308
37.816205354090549, 10.217749626298991, -0.00037242283113515643, 0.00055068214439457999
24.273911442438468, 3.9379892784552299, -0.00038937977722051497, -4.1101578975448867e-05
48.001802272493144, 9.6099566541685277, 5.0965021622406574e-05, 9.9271025470346757e-05
33.232932772807644, 9.0492700287606951, 0.00079078616843741671, -0.00015964155392619769
33.06667162356149, 8.4970032059894844, -0.00010847120448607906, 0.00011215094488111506
41.192280250526849, 9.4787996618674146, 0.00068112773929166902, 0.0005709115068358243
50.849222940448243, 7.0667773094963469, -0.00024239511393359369, -9.6581236330828797e-05
42.398036349874886, 9.9903575830474729, -0.00037849889365790658, -0.00081482581757100713
28.273472850237599, 5.8544640335606104, -0.00020508752109887812, -0.0001270104006690852
43.556715252243109, 9.9733279693383139, 9.1567519454735247e-05, 0.00020131903683028165
46.942044984511952, 8.6328364966054085, 0.00036438741968306844, -0.00048566127213606864
50.456447902396228, 7.5441944576081124, 0.00016332691451815639, 0.00028062598914220977
32.963004292220496, 8.5623400516182659, -5.6286624190583839e-05, 3.9780817541504758e-05
46.123499632744782, 9.4508731743887022, -3.0900207807926376e-05, -7.3244126893443499e-05
39.92809125156586, 10.149088045543778, -0.00039638276747731708, 0.00061432215958724418
54.267065848116665, 5.7103500527797912, 5.1812516730942484e-05, -1.2140398778126201e-05
46.810566870141443, 8.7985279379108157, 0.00022212151573449519, -0.00021703886403094729
50.616657744787133, 7.3737193504170877, -0.00043531740075930921, -0.00025900425116124519
52.248246531909658, 6.6547137083572219, 0.00013348682136566183, -0.00011554156400286756
45.72202580804629, 8.9348334758479133, 0.00036968238978358044, -0.00060044276840370793
33.685496563080989, 8.9260436937301648, 0.0001575341382377137, 1.9070742146443044e-05
39.587049846205097, 9.368131918663849, -0.00016498429568332414, 0.00011404666366988046
49.622552710722168, 7.1659296238281982, 0.00030028266742502532, 0.00023628582035494565
51.676720328343059, 5.7793686590316744, -0.00019606060525017359, 0.00035956731275088328
52.076193324936185, 7.2637002853315975, 0.00016039580837585844, -2.4551153334142108e-05
39.336952949573401, 9.5591524406597888, -0.00049994876122039439, 0.00050355461255805823
31.740304783955388, 7.8625327559761029, -0.00013129211511800942, 8.4527409584452833e-05
34.827109837954019, 9.595545094720201, 0.00051113854776350563, -0.00017764453571223376
46.985150221656845, 8.7648602901352533, 0.00024228871846829046, -3.9659625002795599e-05
26.887887609810399, 1.8822209374453329, 9.2173933786380305e-06, -6.7607400301088411e-05
33.366717411827032, 8.2228278498300575, -2.7458382147992965e-05, 7.8600116220322425e-06
39.606657911203342, 10.069756109008454, -8.6966746254360953e-05, -0.00011204795046425955
25.209600705995243, 5.5715635919197029, 0.00015788580564572361, -0.00054042441005423001
48.101618879351648, 8.0882320648295138, -0.00056870471199428488, 0.00016613103207188155
32.009515364984004, 8.8776195187428186, -0.00032040686421046808, -0.00065956215618005558
35.14781319744116, 9.8585785497700247, -0.00069742102942092743, -0.00034934976976589132
42.675913355490621, 9.6337673975788185, -5.6201671901364292e-05, -0.00023858995689752854
46.866298641429466, 8.3741354488658626, -0.00029211698361785278, -0.00077581105352340798
53.288788326943447, 5.8413327834554938, -0.00015729017583462294, -7.5627613157454294e-05
52.905137135927852, 5.3082199364350098, -0.00043377279949028714, 0.00011954688277436466
40.18234501989658, 10.311139271492102, -7.6932587630482344e-06, -0.00027807558319038468
50.045871480329119, 7.9523680538947845, -0.00022827720537491725, -3.5034994230214647e-05
37.683216663890882, 10.348168331084651, 0.00083487611981731137, 0.00040792691960678793
53.50384343422445, 6.261387280705569, -3.0512046243290157e-05, -3.5366659897904014e-05
35.263123464339323, 9.6473244216105627, -0.00045438127118277324, 0.00013703527020715158
28.384261178759566, 8.0837563567352539, -7.5954218381140142e-05, 0.00092420372666080527
34.456577799607778, 8.9681587512850278, -5.7625857113481837e-07, -0.00013950783055694701
37.426745422106059, 10.355215979514512, -8.5977743479242235e-05, -0.0001666089593335021
25.75764233461928, 5.2081512800700267, 0.00025815917934597508, 0.00041073478140874636
52.498190978934467, 6.6054006462919119, -3.1555478569537906e-05, 2.5867015253655315e-05
42.363721573362284, 9.7547036825560927, -0.00014647089420922945, -0.00014206857466261884
31.057294742807965, 8.7861758974237105, -0.00065969035763931486, -0.00032865158267844549
42.806810070956537, 8.895031717535451, 0.00049275907755423555, -0.00037146281628272271
50.403111121185162, 7.2070326167188217, -0.00014000004788649874, -5.9872369627737494e-05
46.823862237058592, 8.9108295922087759, -0.000106002663436026, 0.00027907254488733729
33.660030572814044, 9.4040634815015363, -0.00070780428068792887, -0.00066345559314094952
31.074892079830366, 8.0142816208189682, -8.8294460849419883e-05, -0.00022357459350787895
42.694569091193017, 9.4889827377871363, -0.00045439828121509213, 0.0006922690305343716
29.028086724148057, 5.3610732603691016, 0.00010808279056074219, 3.7917316816931945e-05
32.093275198289, 9.2170423291241672, -0.00010317686356329176, -0.00063101619747712697
34.487961115149027, 9.2081463690236678, -2.7874485203182524e-05, 6.5610982972434342e-05
40.664898391347869, 9.73901570511436, 0.00063836096166719188, -0.00037015843449499997
47.881756248093446, 9.0982827033515665, -0.00028769126564743154, 0.00023119596681881613
36.480237898062896, 9.374115692206983, 6.268430852166683e-05, 0.00013335175011885755
52.775723943447872, 5.7651121567335455, 0.00033739762859512801, 0.00018641187976691732
51.400660157681479, 7.2234638983029011, -6.929401683415343e-06, -2.4714884561600156e-05
35.708323088666177, 10.637315489229564, -6.6857199715956149e-05, -0.00021160547586667117
30.62830831972953, 8.4467268281710837, -1.2271418291236649e-05, -0.00050254196276353059
44.382892748167713, 9.475204164397768, 0.00012423302410771297, -0.00039212001529969985
52.491889356816664, 5.5910174850465895, 0.00030979966625801152, 0.0003969918897597248
33.760497189783429, 10.800389212702449, 0.00031058322151037067, 0.001004460098868979
40.588629022672897, 10.218752658383996, 0.00015420272530091577, -7.4211142250406751e-05
48.187714551881385, 8.2730273621564923, -8.6320656112212466e-05, -0.00054680163985586585
39.449351660362581, 10.076388436489882, -0.00039407370453903626, 0.00067171741291285067
43.804605060130754, 9.5057032648818076, -0.00012314849489414108, -5.9005453712294238e-05
36.399039348546644, 9.6929401902869277, 0.00018637434922170472, -0.00010747845097309696
39.454075315269513, 9.6988510345226988, -4.25994215598146e-05, 0.00019580785468969092
46.415849298377594, 9.4389138013476526, 0.00014876868672991669, 0.00054443883592661868
34.886191346077858, 9.4498637518570341, -0.0009753727446592949, 0.00010159688750888409
51.826485740967271, 6.2568878415342626, -0.00015323365155789318, -0.00038007307142814094
37.387412527452298, 9.9063932867500899, 0.00095116434779960596, 0.00016963121449493001
31.994382190220549, 9.0137346313464644, 0.00046422613412971009, 0.00022699842201367819
51.846436896825956, 6.4254115057885377, 0.00032383226202053263, 5.1954844342699162e-05
40.351780056726795, 9.7432908561648492, -0.00053245261600494398, 0.00017830460112548211
49.534488735589292, 7.0862315446851678, -0.00018316899327088963, 0.00074333736411537885
45.406500828899865, 8.9724875111858005, -0.00030185175963687143, -0.00024273037119562757
31.810670729208187, 9.0205865725299148, 0.00042425913791561964, 0.00075952247993415871
47.999678752998427, 8.068252403494709, 0.00035748530216584638, 0.00054802477738025298
25.171460748144273, 4.8791952464205171, -2.316002990921711e-05, -0.00042896743104445202
30.522251648854915, 8.0768414894766192, -0.00088526325096685956, -0.00037178695479965853
51.971025365900729, 6.571274220873109, -3.9046961910237008e-05, 5.0939009675273577e-05
46.911591985275962, 8.9968420508494873, 0.00038074233607563417, -0.00024667061254920883
29.830488207640144, 6.7234384934113525, -0.00024747488503537639, -7.8478958121832961e-05
56.164276072909892, 2.9276612939795559, 7.8731593840221587e-05, 6.5656132971191752e-05
27.689970827476124, 2.0899245431219899, 2.8429469455520043e-05, 2.1165625509730158e-05
47.03907503730062, 8.4473181287305827, 7.3433235026451249e-05, 0.00026868649551106775
45.892511541362218, 8.7150081629283545, -0.00053440200595521864, 0.00061225525136419533
45.843527688452582, 9.7423668993342432, 0.00032515983684272711, -3.4237559960959638e-05
46.047825356338905, 9.0844290940545704, -0.00013574549259704781, -5.7984631187065002e-05
30.619941784577957, 7.7958830837244406, 0.00024243854590105059, -0.00023358903937519535
55.805158944589216, 3.7659693038105293, -0.00014443204206169999, 1.1474726515408711e-05
52.384271504593421, 5.6139674924316196, -0.0004440455142896108, 2.9871841194589126e-05
47.133584294159036, 8.0702207150677054, -0.00049218935844846782, 7.2276080251127558e-05
44.496819382532379, 9.5764658929231743, 0.00013835041424446103, 6.708931495568973e-06
51.193691135295772, 7.0057884946645395, 0.00025084931512179312, -0.00032769161860659451
47.601109076206413, 8.1034996801643135, 0.00017445105300398139, 0.00084191541927234118
37.621154077896868, 9.4228369401164791, 0.00015060814816526184, -4.8164812341040214e-05
52.359480912111387, 6.0002607583220673, -0.00018210659719257333, -0.00051554723285180738
57.490728957699837, 1.4299968433354153, -3.1775069939897847e-05, -1.9630140755564007e-05
36.940743838458701, 9.7880891209667258, -0.00068159469354833204, -0.00019224671824901528
56.423787039824113, 2.6850172959923402, 5.6575450909925459e-05, -1.480229248195986e-05
47.536101997633125, 8.5147935695092443, 0.00016593488828319989, 7.0968104590176352e-05
43.567963134172935, 9.3856657053108563, 0.00038104871871460643, -8.4231328538540442e-07
28.808213649907664, 7.7827245990411731, -0.00064583691941110302, 0.00047662513693735756
33.63985016727009, 9.3065171795217783, 0.00046992349157594338, -9.9831691466642882e-05
33.684744016785906, 8.9871726914016943, -0.00041517946925680307, -7.4067549422431292e-06
40.448386063759095, 9.2353427753239288, 0.0008243459459161311, 0.00048453753582134313
42.497383393796298, 9.7992319939389052, 0.00056138224330851811, -0.00029140572759047513
54.100749651393066, 5.7274201976424903, 2.7259266790881709e-05, 6.1745205615256564e-05
42.901038311179882, 8.9553989256269571, -0.00073040377476550308, -0.00022974029348440806
54.373855070234193, 4.516475250763575, -0.00015736252694706942, 0.00021510610731952738
25.586404130375243, 6.0738221753326265, 0.00053468133305106151, 0.0001331482758436086
27.599609999688088, 6.6414024610459377, -0.00016580164255417036, 0.00050611435156616192
29.705555478557834, 7.7827451939340859, -0.00064520438093037332, 0.000512933738769779
45.615314870556773, 9.2349495213936379, 0.00034342416380554069, 0.00026645025966057342
43.275052625469698, 9.8031132370887679, 0.00015362828278794719, -3.4290525242845066e-05
28.970372670307938, 5.24160204581956, -3.4990808756793505e-05, 8.3904424226838786e-05
30.853441664436367, 7.3216158329339383, -0.00027193012198724602, 0.00068288837815632536
52.06008801006012, 6.5561433169933716, -0.0002189109202251962, -1.8303236758863299e-05
33.982814816262888, 9.0854091824645131, 0.00010526179293985502, -0.00022150734400303316
49.174866622164487, 7.3424661086927943, 0.00061323247705734709, -0.00028595697341434872
32.830402485909381, 9.7102235016025826, 0.00062592012205825085, 0.00087488038850612015
55.774530751702521, 2.8729238994374779, -4.8775587480161814e-05, -0.0001655428655743982
50.256090633077818, 7.2997894659791713, -2.313667893035023e-05, -0.00028527767957749927
33.602572661218524, 9.8419286117097382, 0.00043588548967732555, 5.068705184834817e-05
28.484183691141553, 8.0184845216222307, 4.8556262340478782e-05, 0.00082396084108158469
41.062466814871215, 9.7497750212898833, 4.4333556784427981e-05, 2.8302250526753878e-07
31.783347933773776, 8.6441419046302208, 0.00052892696679132873, 0.00037880560056652356
48.049180183481575, 8.3965194783810002, -0.00038100522227054931, 0.00030355771617950929
50.723525280211952, 6.233865058259946, 0.00018148579351549076, 0.00063138619178604533
54.936927863497267, 3.5786381689927924, -6.8633533227480301e-06, -0.00028846312215019619
49.592002782194172, 7.7380810361832415, -0.00022247156269939974, -0.0002442436718771249
40.283630796926282, 9.4109305529993303, -0.00056116597625385106, -0.0004456493244389623
28.154752813598556, 4.9726162722928988, -6.3910422868571176e-05, -0.00011791434929966456
45.026815313286093, 8.9255959464295653, -0.00028413462528547093, -0.00041735534326781104
51.879396592713313, 6.7709179217678539, -0.00018446964052684037, -0.00019616902400060163
25.68484887467303, 3.6893371331662999, 0.00023048711344693531, -9.6769594527349143e-06
49.56504361364513, 7.7517830810596502, 0.0003619624760379923, 0.00012145709194746723
56.039063013165361, 1.1080674851208072, -4.011505332196098e-05, 0.00010388891944007974
32.970375349387382, 9.049387439150939, -0.0003407441019612736, 3.4121154215416947e-05
39.031192261618202, 10.32479215509878, 0.00018525466251899844, -0.00039583014977952511
29.404160107002948, 7.3651665302662552, -1.9026589637273557e-05, -0.00036800003232186724
33.340686835680017, 9.3817604641782868, -0.00024497839414733377, 0.0005745218030071698
28.988433447548676, 8.2845764305246394, -5.92665743567753e-05, -0.00078442704854920651
53.177464698414013, 5.6055623273022634, -0.00030708251239382846, -0.00015186420128233272
40.543059157227681, 10.089082836774651, 0.00016488490544488974, -3.3392246443962075e-05
39.465612020384704, 10.240187823388808, -0.00061198058263023359, -0.00054594021045929839
37.172162109178537, 10.341156186936036, 0.00073956286661845466, 0.00065753737229271524
42.722270842283919, 8.8924718328787975, -3.7176895598841377e-05, 0.00096500165692322681
28.29192394899508, 7.3135471557468712, 0.00034157691185618454, 0.00052335931971440582
37.97430505421994, 10.281079729550791, 0.00054644927524172488, -0.0003000312422994093
36.737999432222637, 9.8344726332123749, -0.00076593692104850845, 0.00027091702777820852
31.148916577943879, 8.8895605439733014, -0.00082673345156602975, -0.00053518278206691387
34.205504350596144, 7.872432628674022, -9.3103344606069557e-05, 0.00026223195602308527
27.586224894798388, 8.6607643386269384, -0.00063740200831851127, 0.00060075591004176722
33.680013276753137, 8.7452514251516167, -5.9698672974540844e-05, 2.4631833189349269e-05
44.289468071447196, 9.2279934997184476, -0.00037881926235100699, -0.00039338813569145432
31.73153968532262, 10.559456193875162, 0.00021490364550093418, -0.00015128459897924363
42.31768403533416, 10.273759300024416, 7.6320072348966568e-05, -0.00078260628189532938
43.127471359318314, 10.204127773535831, -0.00030748587483640718, -0.00014160799335761188
27.566133363913721, 7.4933971307916076, -0.00055101874801107508, -0.0002678197602921575
52.335320414529271, 5.1201794795224433, -0.00015907149338597614, -0.00052386586680997578
36.579581633859583, 10.454284573767788, 0.00056669192078061964, 0.00066433555967083198
55.960351370274395, 2.3692432375824519, 4.8271882353637311e-05, 0.00012315220665008031
50.816722112665587, 7.1355560607468584, 0.00046112963797247027, -0.00021763871819370468
56.172552219941174, 3.6885275903358705, 4.9330989732282544e-05, 4.1884498652025583e-05
55.312509165679479, 4.1548169242503894, 0.00010966830678306776, 0.00016414986930176137
32.095172068232685, 9.9534911302895779, -0.00036035016222314177, -0.00077051743873014886
47.324415578279442, 8.1279981222749011, -0.00059717520052855852, -0.00051046267364248939
28.088881812914334, 7.4535889150728751, 0.00019010678748194673, 0.0006492267578174784
54.261593688223961, 3.7420964764366178, 0.00034033262171651122, 5.5016392717019558e-05
36.540351039916295, 10.241134638852456, 0.00021427637692283873, 0.00046085692549906106
56.630161977172804, 1.6351926436915485, -2.2265829315122103e-05, 7.8923285888263234e-05
28.967301830625146, 6.3675313389621522, -0.00013568741689232148, 0.00020845401809772761
29.372952178789841, 5.3991692803135036, 5.6497342839113786e-05, 1.8886711555693753e-05
27.191509326428029, 7.7183480441675476, 0.00080649244448326596, 0.00025767075976024153
42.206371427293831, 10.18479513871225, 6.9471763712492782e-05, -1.9988546870994872e-05
31.075843921162981, 7.2177966783467236, -0.00011057820425729311, -4.2211992444400416e-05
42.874180392825892, 9.6753641121206702, 7.2918856455176008e-05, -4.1181942913928663e-05
37.179313880402567, 8.5944067024663067, -0.00086049482141962931, 0.00028280390032306863
54.789082848042888, 5.4086503397213708, -1.9462899747044635e-06, 0.00015269285704383383
43.40454397578516, 9.6991702981474468, 8.8066410831650356e-06, -0.00035409570195169698
52.822705854907291, 6.1491690497880951, 0.00032637254841483699, 3.627530344143823e-05
48.839141142283296, 7.7091910733403637, 0.00077075607364885204, 2.2506367880140387e-05
47.33478289052362, 8.8183044557667518, -2.788479794145713e-05, 5.0923421647809516e-05
51.811145274508469, 6.0197473872825062, -0.00013203184650900778, 0.00044838678941511428
37.448809652497872, 9.9800817622997382, -0.00033793671807820567, 0.00013242777211369138
48.016467048407321, 7.4060878114853361, 0.00060615266849720962, 0.00031395211617722728
47.518383916203646, 7.6891405496642848, 0.00039844504730535835, -0.00074308756260685772
29.558179832374634, 7.7154643093539024, 0.00024556077421946813, 0.00034371382498483847
37.17039954943553, 10.900739045346775, -0.00023745071099779587, 0.00066206875311096848
28.684505308515334, 6.7408042551987224, -0.00039872279029021094, 2.404713927583678e-05
39.868150491897843, 9.7090729379651961, 1.6117436803177821e-05, 0.00046046241141184575
51.119365299574007, 6.5239329260968377, -0.00044899129219708617, -0.00037161106013159024
38.565099984537696, 9.44206603006762, 0.00028245381001398379, -0.00028572911758698819
34.842054529535346, 9.5996452940984156, -0.00025508446997490072, 0.00016032393156861511
34.850051278262455, 9.6761916823553165, -0.00038517855601862883, -0.00064274135880385008
54.855018834664861, 3.4523662323960971, -3.8346152403688609e-05, 0.00029372020237679834
52.820359402007917, 5.7375036036816818, -0.00035485796401567039, -5.5048519441297069e-05
28.206906623617453, 4.3946753721231575, -5.6876382806115964e-05, -0.00010895440565981728
27.079321527867624, 0.80544480323934464, 1.8503956832294707e-05, 1.4263842940145946e-05
31.961495488723141, 8.5733865018763975, 1.4899411478505458e-05, 0.00045306777498381798
33.91224968101222, 9.8510585700134552, 0.0001975232200174131, 0.00077354248023478402
37.123130644378719, 9.6865289795214657, -0.00030931291629221063, 2.5793525858085671e-06
33.254862139939135, 9.3932562480515571, -0.00011690476413582833, 0.00079189614581641097
54.331632581106305, 4.986920412054447, 0.00018552045364304785, 1.8917368293276265e-06
57.172427688167097, 1.5328690640084959, -3.616289389722295e-06, 2.4951302891958394e-05
56.060338678366257, 0.67151106663563875, 9.4558446608691413e-06, 4.2000629956897584e-05
34.829448567171397, 9.7364906120164303, 0.00037945013987900934, 0.0009917628002968598
41.271588315446785, 9.7175998005824944, 2.7381828464661759e-05, -0.00038841196592012515
39.835224581622647, 10.137296104673242, -7.4471976736391947e-05, 0.00030112433637965471
36.459435192830711, 9.676758425908913, 0.00020039658982831524, 8.1374217778798356e-05
36.037142042071565, 10.60048653353093, -0.00067806530169982186, 0.000142608937457879
53.650666759165681, 5.9050936751098453, 0.00011416356633486392, 6.6626411922311347e-05
37.990113390454532, 9.9916009811543312, 0.00061205795716814937, 0.00060388579072700272
27.060753794202721, 6.7840429478325142, -0.00056152650010128961, 0.00015442450186809803
43.7388490453394, 9.21760404448729, -0.00017444444015799929, 0.00054652183015632889
50.743116375146208, 6.5243131435082642, 0.00045099622302797576, -0.00034165833468138964
28.251369648764971, 8.6038356872335662, -0.00083170681939160804, 0.00013401807387570204
43.664369191361622, 9.9172296891767058, 0.00025140999679764846, 0.00017488218050570233
32.496244530578871, 8.6175779416789471, 0.00013041740426590872, 0.00021557895883560598
38.848024332690443, 9.6895116363547373, 0.0004860675760784952, 9.7635673734231947e-05
31.185142031387151, 9.0057799619209362, 0.00025413756452074036, 0.00045532437187561299
38.189630005341037, 10.350954170867654, 0.0006577310094534937, 0.00058790401467209285
44.675017103108431, 9.7288540878345735, -0.00010029018333430305, -5.592482906194092e-05
52.501938922840154, 6.1921192888335561, -0.00018541149267372651, -5.015480424689746e-05
53.044619540508911, 5.3910327658115884, -0.00018332260538791558, -0.00038481550366024285
52.818424056834765, 6.6046572585220309, -2.5437304419822745e-05, 1.4585175881947446e-05
31.719178939494345, 8.3500180524710412, 0.00036048450923458403, 7.2935712759368269e-05
51.383483520585308, 7.7099868469815469, -9.4680996168354154e-05, -1.4262131636798087e-05
36.020987224984502, 9.7184040057585488, -0.00015869492754407531, -0.00036750835281256687
39.928056032088449, 10.003186743893817, 0.00066773375652673449, 0.00010768667515376887
47.592309192117249, 8.0733620246849824, -0.00020874127698229533, 0.00037835872604328634
48.735918408357989, 11.147841752790395, 0.0011076144043067179, -1.8903838842133743e-05
24.187263804547978, 5.9613294749870089, 4.2510481003152284e-06, 0.00047695543908258799
30.227486400247688, 7.4531100356616813, 0.00024743884965307451, -0.00011873203686185313
31.07878023636621, 7.2222879493425456, -5.3434636776743528e-05, -5.4519708994392178e-05
35.832017279577215, 10.220851099245357, -0.00075232175883931942, -0.00028349223882816372
54.255692304644995, 4.5588232370355222, -0.00029715892916057764, -0.00020763282094776202
51.003950444597827, 7.729713407123131, -4.498863944902779e-05, -6.6922520002666612e-05
46.65780825824875, 8.9389107712281906, 0.00027815661055302681, 0.00018712613336388159
40.85817575335696, 9.949749177070796, -3.1420987335512888e-05, 5.8782195630335228e-05
42.744009476433796, 9.139161184127703, 0.00099343923430684849, 0.00011138433760096154
41.137880538567856, 9.9969448642664904, 0.00013193858651725741, -0.00016786240145235461
45.400815843046971, 9.03404535660761, -0.00047963568032193183, -0.00012428889502559787
36.685335999998053, 10.320592352412477, 0.0010162695264801119, 0.00019357986117597055
55.428055697226341, 2.322284565169761, 0.00017286896162916222, -0.0001299904145758739
35.663828420422384, 9.2681890731039314, -8.1033020933925771e-05, 5.5435891526818421e-05
52.792169617885058, 5.4151911239767188, -0.00051144096969311589, 0.00014238942543572401
31.827957619906755, 9.5770214885685387, -0.00044871117304491539, 0.00069538769138211215
49.775185435579743, 7.8130618536956788, -0.00056879707388227943, -3.8864203240259474e-05
46.618829678980738, 8.1295569937707342, 0.00061116501393501893, 6.2232158977017812e-05
33.778816266612075, 8.8936428828230021, 9.7838316084100619e-05, 0.00037791875972445694
52.767232307136823, 5.5215941720908841, -3.5512208119342352e-05, -0.00036447084764778447
39.748782282671314, 9.8015457091542046, -5.1616010337707004e-05, 4.1692160769456762e-05
55.217970595512504, 4.741138306091349, 0.00012330426806055221, 1.0895860881237783e-05
32.323995604986322, 8.3943366269127981, -0.00018713805863430718, 9.5068014119968518e-09
48.06260191322378, 8.6102436214159894, -0.00012322338719151458, 0.0001160098200549767
40.328509448576817, 10.315335553390783, 0.0006572611397248502, 0.00034330723334892558
43.150801275643708, 9.9021896496842903, 2.8877050598707398e-05, -0.00013934257429625016
36.987691897399529, 10.293516094306332, 0.00022104110272828828, -0.00050644616939509552
26.366915772299979, 4.8201346409447803, 0.0001897040124366745, -0.0001784688523756413
56.734646885756725, 1.2554300859424992, 4.0063555560205132e-05, 1.7025567295200962e-05
50.600123331407787, 7.295442567404514, -5.1959251516828877e-05, -0.00018482786382901563
33.525541180717717, 8.8660394978582424, -0.00031189533129808014, 7.3643003804965416e-05
52.605669544120012, 6.3564164736207598, -4.0213439479835474e-05, 0.00016141408448018906
33.13697721649902, 8.6657030569696651, 0.00022583975878244207, -0.00015853614232271701
33.101984262323242, 10.19821530437601, -0.00035497844906348674, -0.00056283392933052041
38.004263518591557, 10.049909129834786, 0.00012533603793946741, -0.00011776248785290503
27.843871331383436, 7.6272143914542729, 0.0001068311608436127, 0.00049598182114239252
31.699178914464245, 8.3606896544822185, -0.00021758668753752038, -0.00013025627852416706
29.885377424229834, 7.1115533033377876, -0.00012966009839662998, -0.00038007045499753865
57.580374176984229, 1.4196710672489781, -1.135427319522754e-05, -1.3003431776954547e-05
40.706427216416273, 10.402728057241013, -0.00059576000105458868, -0.00071518278098102375
38.278333387456541, 9.7478827920715698, -0.00062883049478004, 0.00035948559251093506
49.561603477752215, 8.1313087420928127, -0.00020211848740483458, -3.8968736782210942e-05
56.012164038289498, 2.9612054083103008, -1.0479901409471811e-05, -0.00014413162015939962
52.141187873147231, 6.6005431969199968, 5.9848051760045143e-05, -2.8634268960182997e-05
45.916164637270683, 8.9978831772746322, -0.00032242546084524959, -0.00010936845232694157
31.232508563463178, 9.057287814951259, 0.00053568875539521815, 7.268135362446679e-05
35.946942526864255, 10.239715678015255, -0.00061688503088364987, -0.00015447047218100328
37.386546723132192, 9.4730145522866902, -0.00038180576710489651, 0.00016321198244693163
47.985103717615026, 7.9667668681933721, 0.00050780118186827901, 0.00037676216564141649
30.917459357246344, 9.2502896849443719, 0.00067309212935345701, 0.00029845019653769434
37.580103962685541, 9.4621251999690532, 1.5178831858966994e-05, 0.00017727939006335921
35.685654208383845, 9.6090720626735013, -0.00011764075970001473, 0.00050352398736844674
46.893931778537954, 8.918753157022735, -1.5055833804572425e-06, 0.00022820834261076306
47.344741461812816, 8.1855076953752111, -0.00077342587050406955, -0.00015163973648120191
39.834826198345723, 10.279264822477755, 9.7162147564052275e-05, -0.00012922723342523475
44.744169211817862, 9.0934967518575665, -0.00011535752778510338, -0.0007006321026965292
46.360187159279086, 8.9033731502200588, -0.00038999379708513676, 0.000194371804684028
53.486503026106085, 5.3400944490726294, 0.0002700458099160277, -9.2791678348333708e-05
26.50932059661195, 5.0450326094449869, -0.00037201450666363037, 0.00014725698295487525
46.096745781146893, 9.1883919104727116, -0.0001371731777475251, 0.00049341393425135797
44.274224520077802, 9.8683909736104027, -0.00047499743596969649, -3.6191600364525698e-05
46.299056609456564, 8.7435914808425075, -0.00054565811016066279, 0.00012412926179253178
42.65825532872816, 9.8738906934106119, 2.0381110296833472e-05, 0.00068180582033713639
37.155885124058578, 10.086189842327455, 0.00069255789415910755, 6.2578157990215158e-05
44.925071400871801, 9.3567557467206885, -7.1751530937336872e-05, 7.5079476875373354e-05
45.400695237186213, 8.4550116046368622, 0.00073322983282584947, 0.00022525163542643046
51.821135634084968, 6.3971315229448722, 0.00024411755859420704, 2.8856045702297777e-05
28.26870491851766, 3.4139813895306612, -3.0179268079541113e-05, 3.6550353094200641e-05
35.292497218642865, 9.4063343908810513, 0.00020649778538466438, -2.1044133538678786e-05
38.628438380114723, 10.123232149343913, -0.00012997130366964235, -0.00016840232824535459
55.22142469670333, 4.2413964333146508, -6.9465457967511082e-05, -6.0498080507450488e-05
30.501011354011414, 8.481043680532153, 0.00016587805659540564, -0.00067702123625080471
30.112974772197759, 5.9603354100777644, -9.5722137352686492e-06, 6.6215283202327666e-05
37.258446251260253, 9.7247792936252413, 0.00046544801253429319, -0.00040776117092396159
48.229290379694881, 7.8884062647711426, 0.00048383169247883214, 0.00021353159676978537
34.567262211242515, 8.5551222138474436, 7.8984334911593102e-05, 0.00015414898574097209
32.651172691501117, 9.1423580895919638, -0.00036274619948250511, 0.00023705517793846579
57.266056991772324, 1.6657729861608168, -4.6654676896627106e-05, 1.0238257636405876e-05
32.362444182219861, 9.0622824644557785, 3.1179934925562276e-05, -0.00027914019978729227
47.130027708762015, 8.6256451533514262, -0.00026542388990733243, 4.4313981002489942e-05
28.796952541914251, 7.8553148688241761, -2.721585875687354e-05, -0.00075632620560504491
25.59680163141957, 1.9882145197046415, 6.3813036681573815e-05, 8.1552948108581819e-05
46.019736459456645, 8.8841147263824354, -0.00028330554099202892, -0.00010458036569812591
39.179577904057616, 10.164876001141543, 0.00024514579542392171, 1.9922058603666394e-05
50.974733470302439, 6.7938093833295463, -0.00016568406643018078, -0.00045570792660510164
43.871077600775024, 9.3888806090835644, -0.00049052673882862569, -9.3238995160518042e-05
37.51464672782911, 9.8574398624632806, 0.00020676765645381072, -0.00062577236156459231
41.838253717988906, 9.9607855129866341, -0.00025594464531712962, 4.332096590429879e-05
56.657442993624635, 0.84043770212047075, 4.0639208885880708e-05, 3.0938005369274091e-05
49.22028718869673, 7.2864882290367925, -0.00066146650783139346, -0.00015317368729472194
27.902050390480735, 1.3953550476367729, -1.2617195282754029e-05, 1.3192924609353284e-05
25.513514021482731, 2.0718251432062464, -1.5777787766387151e-05, 0.00011271587640674292
47.292486353370094, 9.0224025454252246, 9.547997532837679e-06, -9.3834920443415059e-05
42.586428281124938, 9.7551349635862561, 0.00039172456746467966, 0.00067235046586448083
26.454458495563731, 8.082411163941206, 0.0003297969469934384, -0.00070535110778786794
41.115140825591375, 9.8001566361218835, -0.00055027389657657838, 0.00022446086738083963
48.777951847051298, 7.1215560995171323, -0.00040788294084062625, 0.00066784439767329556
25.562960813941817, 6.240039725064543, 0.00062054644857778714, 1.1088095857671135e-05
40.197654161097347, 9.9691300304471184, 0.0003560440723152963, -0.0003840770560795179
56.057756000930539, 3.6034130979122532, -3.712437606047835e-05, 2.6924581032042948e-06
30.466739630291439, 6.4118507865995324, -3.5632816135787925e-05, 1.2893430035531023e-05
26.897452814270217, 7.4219324019539208, 0.0005930168344696991, -0.00040372817162973853
44.646927895815196, 8.7701889920211897, -0.00077777185935687236, 0.00057929306472431265
50.113326916192193, 7.1482596826885683, -7.3651378192841007e-05, -0.00053370746184311574
55.419248928272751, 1.3212171070182419, 0.00012877720643777093, 0.00013676779821012564
36.31418049058923, 9.2164621670456643, -0.00016713460851151528, 0.00046972006954760067
31.217293922853685, 8.2545400235124671, -0.00012629720292635501, 0.0003297780582210465
45.488948892832987, 9.038707255190344, 0.00046272783207241039, 0.00043162002625441115
40.45423849301784, 9.7373425754343508, -0.00038946425440957789, -9.6971144817185239e-05
52.705532791840142, 4.9639882425533433, -0.00050270516937767648, -8.9890727556842716e-05
34.95966171568071, 9.4356105368210361, -8.5326989994153214e-05, -5.0118893529150515e-05
48.173001980236648, 8.2521376327131879, 0.00026581565086834493, -0.00036654756594643761
45.970856997083246, 8.316819920992824, 7.2679417828804826e-05, 0.00069814467925899632
46.572420100881821, 8.215315537398137, -0.00055555600163579167, -0.00060485476063507038
46.198832461719377, 8.4768482408086889, 0.00028677322415433055, -0.00068993034061072729
42.347705421094233, 9.7815448070492597, -7.9871980110324912e-05, -0.00022736923924177491
34.398516932619721, 9.90916411578511, 0.00047523831880572754, 0.00068912021478284569
30.391701786252035, 8.2886025889286437, -2.3641439536926993e-05, -0.00026733385854547351
34.187756226794413, 9.9163854940619149, -0.00089707679957593055, -4.2197462545825897e-05
31.144657462514516, 8.6460176037922576, 0.0005040738028398616, -0.00026496770628425315
44.546139841510872, 8.9960515324802586, 0.00066045107387692438, 0.00021306546830234015
39.20012790419176, 9.6755106008746594, 0.00015302470371174472, 0.00025406779916675444
45.877246345091294, 8.6942852583636192, -0.00090982401676148819, -0.00017902596255975938
29.228512346197643, 5.8072903128580204, -5.0979608701714407e-05, 0.00012473065748364504
54.484874519368205, 4.8139189315498818, -0.00014256720765773651, 0.00018977362446995775
57.235584129213542, 1.7566016063669208, 1.8126863661659258e-05, -6.4342219621930845e-06
30.827315431636716, 8.0333319674881256, 0.00031950624238659468, -0.00026592175948058873
47.429629015832873, 8.3470351336804161, 6.4493485236371223e-06, 5.5319445602261602e-05
45.022260724503134, 9.7025919361114195, -0.00040519541748304842, -0.00054902463293530763
48.860436283759419, 8.044995589031009, 3.238490429630603e-05, -0.00013973962582816479
54.077717341040803, 5.8358441511166497, -2.1409209339523687e-05, -2.2494531783104577e-05
26.660837131630412, 5.4591331430892751, 0.00046985364260823431, 3.835682539394408e-06
41.935210718456759, 10.009709343213817, -5.7750260537035686e-05, -0.00012827564911446467
53.503993498000526, 4.7604845899400754, 0.00024259949944337972, 0.00041369090048433188
25.406743932202641, 3.9745792044402668, -7.35657473146941e-05, -0.00029422723000207813
53.365748016665044, 4.526985310205526, -2.7671021140967344e-05, -0.0004113363585016646
36.624582755562535, 10.339331076314549, -0.00028735449941735423, 0.00020595688679339363
29.098035930670356, 7.8423653361437413, -0.00034590232708737659, -0.00025620350556746516
32.026801471824861, 8.8371211818887065, -0.00025949621636639269, -0.00011014785425215878
40.134206681934771, 9.9065801425129543, -0.0005992811491020442, 0.00037011015976663519
50.473581328531978, 7.5083033674845732, -0.00022321779296585539, -4.4005941843721425e-05
38.40643198485273, 9.9864510605480437, -7.5762476769487338e-06, 0.00030304644957526207
47.343900528147188, 8.0655833383693203, 0.00059252275059064287, -0.00033175253811204379
37.109625799871303, 9.1247000821413007, 0.00011107330608362428, -0.0010919434430224986
38.091223134174633, 10.141602404842562, -0.00025532918895563775, -0.0010681733979066238
30.603914415773371, 7.4731016008870457, 6.6028937601166592e-07, -0.00021768490255764616
39.401347000108856, 10.556923478462517, 0.00031993739681534839, 0.00091219264616016881
34.521507978007598, 9.2880142909452701, -0.00024391221221297117, 8.9153994197905796e-05
57.001612205576755, 2.1419347987700847, 2.8376858382063949e-05, 4.3772893593267633e-05
44.875953614543803, 9.4119987791002941, 7.5665606299086906e-05, 0.00034227732511024769
44.233974931588293, 9.3843628093629565, -2.2037235455437959e-05, 0.00040971076769641586
43.262431887733968, 9.7949235316404888, 0.00011485940905535908, 0.00055170838301805839
35.459021463736349, 8.8568154737221523, 3.2567878476616824e-05, 0.00019285626187963889
33.938462833379248, 9.302335957780997, -0.00041310940762793715, -0.00035355725611002935
55.843902600529951, 0.62099823425754264, -5.8205592237049972e-05, 3.2314514704586151e-05
49.399763282690778, 7.6150654229414307, 0.00053512862415626839, 0.00042846777335796098
37.86503522099521, 8.9179714468721656, -0.00033728299952713673, 0.00018144765116726963
46.612801294547587, 8.5563099579739514, 0.00017798679040296027, 0.00067478306993888246
53.285000218697505, 5.032729183622882, -0.00012820830996637423, 0.00043101174806800129
31.302250650940604, 9.1959213827286774, -0.00048547584872615421, -1.4199806150602477e-05
35.942595816033339, 9.8243302471095291, -0.00040674931181348511, 0.00010065273868475445
37.702953124762416, 10.035873785004705, 0.00016372054252239022, -0.00038809511444856134
43.127029690507889, 9.8188738570734841, -0.00046237727284426311, -0.00081668701681285815
41.897809870469985, 10.497909703539696, 0.00038534760832543687, 0.00010293437177932196
26.423272704700537, 4.3395984778331727, 0.00019088550310755436, -0.00021516562456506882
42.690918002769187, 9.3240830314011927, -0.00021113805860630862, 0.00053762569533019925
28.37723947868086, 7.2836640902622207, -0.00054033899849890825, -0.00016599846449236842
49.571927746153349, 7.2994093386454697, 0.00022381049413313517, -0.00061384648436788589
55.444490855625446, 4.0786788172555131, -8.4275549559094333e-05, -2.64323995792571e-05
45.964830829844487, 8.6039046233540581, 6.4118701659901878e-05, 0.00017706518261705669
45.1762865140822, 9.3714366216683072, 2.0169436301589329e-05, -5.439390298421225e-05
51.51280542594062, 7.1374661370332984, -0.00024101221471886032, 2.294888345283949e-05
51.731359341492528, 6.8303241234668217, -0.00025856864305602421, -1.0346348786644236e-07
52.246422098638917, 6.4814527568189844, 3.7228268611041372e-05, -0.00010448904599299402
35.75535369647104, 9.5566997520854464, 0.00038954465344063208, -0.00012801884757963376
56.892852082349911, 1.9686703628557596, 1.7961475548318253e-05, 1.7100108915642465e-05
34.438459481278585, 9.6486259243612214, -0.00097128209409611086, 0.00012616841393270237
54.115101672680844, 4.0942797698472182, 0.00037372366796995475, 5.2843417214294744e-05
28.772226031624236, 5.4782342834538733, 0.00010551119937287968, 8.3548472309096314e-05
26.876167360308841, 7.1537821081084303, -1.4203817504235967e-05, 0.00070077520682141107
33.330518878002096, 9.7962349594143383, -4.8807416059583713e-05, -0.00082803016536795587
35.908106989981775, 9.8982659206183534, 0.00032891146837268984, 0.00047730938514148346
39.988717225789131, 10.090487610321739, -8.4831978545475594e-05, -0.00098345165717828183
53.099788774834451, 5.1749609908953467, -0.00039671525574599579, 5.9757776610799829e-05
29.545687604852628, 8.4760579204339592, -0.00059374238833283157, 0.00019627513450189716
32.748033690011134, 8.9415982877636964, -0.00019489031088532841, -0.00016342662948373244
40.822260757057343, 9.6338341096928772, -0.00018544306967925044, 0.00013626399960352001
44.841022765799622, 9.6780675284469435, 0.00034930419009736969, -0.00012258609356250119
43.799019101288543, 9.8422484672517658, -0.00045193572441635014, 0.0003793437794627331
45.981426553658054, 8.6791690365169458, -0.00092537343426849958, 8.0346410454257001e-05
34.575204986012025, 9.081772872229914, 2.3371907101366728e-05, 0.00012078726071251738
53.320731363347875, 5.3013133188344908, -0.00029927969697856769, -0.00021528454606420248
44.251930702904701, 9.6265760908904348, -0.00077731517351382375, 0.00035305430312217531
29.421412471258723, 6.8900419141667797, -0.0001840604248952181, -0.00012887382602960751
27.262071868371049, 4.4957898182244884, 0.00021770482086560212, 0.0004441989501597415
55.951881003374631, 3.3318747890030496, -8.2734156648066247e-05, -0.00015018693007243491
38.084571822005927, 9.7375732380348037, 5.5093497345501645e-05, 0.0009180386584683451
50.850550301739041, 6.9107384332620025, 2.4204604124849505e-05, 0.00046429611327744933
27.238856470757426, 6.3079415297852481, -2.5884962987107968e-05, -0.00033369884169107453
36.611208999879395, 9.7401885269182493, -0.00068574035061365834, 0.00025898937438332523
49.07926093004324, 8.1917122253958645, -1.5239346431977105e-05, -0.00033945605420468384
26.503831089058835, 6.6343083359589894, -0.00014447316639067326, 0.00058918789160813825
28.091467686381463, 7.554178336045954, 0.00033335367690169322, -0.00028207821741071389
33.280822376785586, 12.847864177123927, 0.0001802172517917831, 0.00029399511344123559
55.138969386560895, 5.0846657474671657, -9.75720266355149e-05, 1.5625171532506779e-05
51.736589431069973, 6.7439347103136127, 8.7941001731900394e-05, 0.00040994588053404958
33.334734099973694, 9.2607571408499236, 0.00089654216220904053, 5.6019233441788205e-05
56.213111635649568, 2.9485300303568569, -9.2531294928804007e-05, -3.849078505416014e-05
55.305612466226812, 4.0044724471095758, 8.7346993498073089e-05, 0.00013108814187233462
28.156715901831841, 6.5029328922588903, 0.00027316991708979459, -0.00018975741588391718
33.808886706550048, 9.2694245600980611, -0.00026484737094608398, -0.00024844974384655833
34.639100819977287, 9.4623423475203534, -0.00047257253131174475, -0.00072178416100499184
42.504295221889407, 9.4514557659888929, -0.00026476116144599012, -0.00016148001154078846
28.596356868072601, 7.1532860216470455, 9.2226745015789167e-05, -0.0003845527995319634
54.869148133103145, 5.0268906030711857, -1.5851036940187794e-05, 5.1459705515518819e-05
46.795173489741885, 8.9587848956555138, -0.00031121037259053917, -0.00034978998038525115
50.269025728148364, 6.9296740648519419, 0.00043624552048196697, 4.193291396236646e-05
38.593420584971859, 10.240025903492347, -0.00020889450876059937, 0.00030081807602240414
40.716058361537826, 9.7854945907459587, -8.1696107316674358e-05, -0.0001327597048336262
35.354722487980325, 10.112540514028868, 0.00085602823844149896, -0.00044378273666790223
27.220851716555501, 6.1654219572250248, 0.00015210626091484718, 0.00032347254316912653
41.318443568534398, 9.2239096312082864, -0.00077256139346813129, 0.00066032220203245259
45.566456976657619, 9.3943855373550758, 2.33194606687075e-06, -0.0002542256283447764
32.969272605761056, 9.6071589087445712, 0.00086503744603277791, 0.00035533032112368109
46.56551513354011, 8.0512633389379697, 0.00035900244329460846, -0.00049868783638010834
44.173550959380229, 10.343442946357499, -0.00070826293807188057, -0.00025770026456226557
28.525112681481886, 6.5681440090254704, 0.00034210460752222727, -0.00024480382679771198
38.285352398328563, 9.6116222855669289, -7.2226417472389499e-05, 5.8702033142315987e-05
55.890519291270337, 3.0310371479910221, 9.2603320353516752e-05, -0.0001554391895041107
43.403047184475994, 9.9417630927582312, -0.00010507404306837469, -2.0494609817137871e-05
50.171440031524462, 7.0380952624180431, -0.00036256686965505395, 0.00016681610100270061
30.62298964405807, 8.5889554874115337, 0.00084450893420361963, 0.0003013375400613768
31.18422115598981, 8.9959535822278127, 0.00016102720151391873, -0.00065336541872277492
47.813211447932794, 8.3857131155579143, 0.00045843062934998436, 5.8924742415522925e-05
27.407680944408263, 4.9157867467768348, 0.00024092284230966353, 0.00015458918845464052
34.973472836565044, 10.218896305570871, -0.00037624322733937276, -0.00083648314687969879
48.837109614922994, 7.2726967899715076, 5.0104172688209591e-05, -0.00079159171450758224
40.623801544274507, 9.4233120384151796, -0.00067990827751876373, 0.0002815957536115867
28.808926146308462, 6.1659525227405991, 0.00023770715128245562, -9.5768943038987205e-07
27.114355676946793, 7.6578876944257566, -0.00068459311024085317, -0.00048967906912508524
31.120035421935238, 8.5502812511413957, -0.0003281720443729689, -0.0002667878464083207
36.023576822821489, 11.132542182328779, -0.00014437695156765357, -0.00072025154939238389
36.700181051969224, 9.4902751631827282, -0.00072269933488032154, 0.00021814174350175833
23.591899132440901, 2.3871658355299012, -0.00029355134699805363, 2.5961545397867969e-05
56.811817770215455, 0.9813783389049946, 3.9208305777980662e-05, -1.2263883194267826e-05
32.297704779539139, 9.4216701616918463, 0.00061844156856501046, 5.6112465942689355e-06
52.509077457131497, 6.4684390356071884, 9.9256583087689148e-05, 1.3686686531806252e-05
52.349749064206321, 5.7194736601523894, -0.00040070787676254699, -8.2486189534837385e-06
40.090651069754713, 9.7126153834672095, -0.00031258622964957117, 0.00010773092426791589
35.6385511118797, 9.984270348436926, 0.00032622623040943745, 0.00076434910022130922
26.267262264660449, 2.7023134980617116, -9.471167305667369e-05, -7.3553462120379065e-05
49.055306838392106, 7.9160235676818731, -7.8048183260630679e-05, 7.4594467225482205e-05
36.476360968450763, 10.039078045960272, -0.00020951548345720639, -0.00050622838229082124
34.784388606353069, 9.2476362044853886, -4.1808922559384806e-05, -3.0363127408224007e-05
36.104401371955191, 10.194326340491253, 2.3839016440301597e-06, 0.00052176443317685102
28.969684411298207, 7.6363884448530506, -6.7336368588635139e-05, -0.0005829571606205615
43.583292565744202, 8.9759069571214916, -0.00010434403130757666, 0.00072695817615326655
41.132115465909777, 10.11132659984758, -0.00048240849702194555, 0.00077078747229461151
47.10744547420488, 8.2030834491400579, 0.00044152707821668767, -0.0002879822664550852
27.025402577754733, 3.446730794875815, 0.00011886525415012225, -2.160434427523865e-05
42.097702993186907, 9.1943079972238486, -0.00075417179822082926, -0.00023427587722131546
52.779745539046786, 6.2990606118963122, -0.00012741400812043817, -3.6320225496123948e-05
48.612618195509285, 8.3380270098884548, 0.00011898861777508987, -0.00010436030839049821
47.381982460540087, 7.9680578044650732, -0.00064164852739076331, -0.0004787112576035651
25.421890240814772, 5.8281084341037754, 0.0001862622489041799, 0.00049175905944321818
53.729183109839418, 3.9478698771897891, 0.00040997669286742147, 0.00013522509991582216
30.676660772493193, 9.5531522662461779, -0.00070533457635301279, 0.00059358844761540214
56.216331074447623, 0.86577419541758061, 4.6603109640370385e-05, -5.5839146493382744e-05
37.091468180769645, 9.8924936859108268, -0.00073388785502414232, 3.237160438395676e-05
39.118618310341844, 10.202501320830635, 2.1676284671761343e-05, -0.00088588437251260234
27.382749916026729, 4.356447970015723, 0.00016934245003256848, -0.00015377848213100355
40.576483552612302, 9.7399280737986125, 0.0006120470898534115, 0.00080353725738918332
43.030463438267851, 9.3430696843674248, 0.0006254399951457529, 9.8317235875498008e-05
40.414307393594584, 10.00558494812063, 0.0001968895043893444, 0.00042737649513498909
45.578555979975292, 8.4241006658562601, -2.8508409443245898e-05, 0.00025982340483440033
32.647076019039837, 8.2624027821633703, 6.0595752240707528e-05, -4.2311133133970801e-06
29.224859393584815, 8.12832295941047, 0.00045445438383272333, 0.00032997570075110323
52.595336449210876, 6.0257591246788733, -0.00025384139584956221, -0.00024078807874873415
45.906123908074193, 9.2031271532551404, 0.0002480660049292609, 0.00014676314172203816
51.262941065464801, 6.9702628465350545, 0.0003439645909278353, -0.00013324261489683432
40.683374937636593, 9.8579139000192342, -0.00038772497149420869, -7.8966490161129661e-06
42.313343036908833, 9.2435937158303751, -0.00051816835642917779, 3.574581799039662e-05
53.059391469683881, 5.536167304566467, 0.00028555893660406486, -9.2854243368726134e-05
53.013206380165286, 5.5292221627557314, -0.0003077583625074758, -0.00013976653677267247
36.520260076852011, 9.856184719460126, -0.00034329413804997782, 0.00088966855398534309
29.849489042739449, 6.3654610816529633, -0.0001029442226204838, 2.1968257033287921e-05
41.479278376439616, 10.183707568300656, -0.00063865249363882412, -0.00054525347698220633
33.481725907650286, 9.8298937308921008, 0.00019073578218208086, 0.00098419822426452051
38.136592539646173, 9.6002032446380703, -0.0010174293089928561, 0.00022656289524830494
40.037332815943138, 9.4965477850268503, 0.00018516042806211987, -0.00094872975027111329
27.821525430608244, 6.3515460287374266, 0.0004570174522052408, -8.2117264506739184e-05
36.982170896103455, 9.8479468212360537, 0.0001821855345530412, -0.00032902309327228265
26.984980534028946, 7.3943649852457343, -0.0003295229543049924, -0.00071360539360142464
29.193645171589118, 6.6077802679403117, 7.3066577835834284e-05, -0.00025216227773837451
40.091509388472787, 9.789873011058857, -8.1203402400508234e-05, -0.00069548887511113923
54.357398228249437, 5.4151109291267474, 9.0154958750116113e-05, -0.00012064834252090305
40.769874599010379, 9.7208763442709376, -0.00069620347997350024, -0.00012130071941456912
43.538857559513765, 9.5492485437941124, 0.00082187603101033127, -0.00024078804651493887
48.96409451748967, 8.2676428426620632, 7.4118109246010063e-05, 8.0357109351354364e-05
33.141979145869001, 9.2294846892158429, -0.00042844142853659174, 3.4951383930434981e-05
27.198154546227642, 8.0979994273186389, 6.9148583463102129e-05, -0.00084124192494720721
54.484511607260394, 4.8155095807991763, 0.00014150971335394146, 8.4099943811432771e-05
53.44103632199986, 5.3640717365336581, 0.00016726336653699291, -0.00010731558868196262
30.430324598509603, 8.2285481910693772, -5.9488585957469398e-05, 0.00037751392716283457
27.876962826451301, 7.8498138040782939, 0.00061498313403320526, -0.00014819936868163219
51.799483347812767, 6.2039033057946282, -0.00040712726321322007, -0.00014409100286815539
51.490323241704964, 7.6145312836680841, -4.224223340973166e-05, -1.1963714874398358e-05
40.862057333435644, 10.074591166678125, -0.00034918033933140574, 0.00013049970337408135
44.046226588232358, 9.4636778127763961, 0.00022291380504610789, 0.00063801936795638225
54.811954880351806, 4.0364142410581225, -0.00024329945947749033, -9.4993291972138717e-05
29.340325790274118, 6.4705718285088567, -5.1398234692824804e-05, 0.00018195462581061675
54.352123136815486, 4.5823795154894409, 0.00020191936038156427, -9.62483270533531e-06
42.943981974244622, 9.9180683855214369, 0.00034123129497847388, -0.0002923197633632889
30.384863315728989, 9.3230816357985606, 0.00065462990441694801, -0.00020584882216585545
36.187052251954086, 9.5603054279362638, -0.00024083067313485781, 0.00022586735569798605
56.719590712540857, 3.2081335208986452, 4.0021198779224575e-05, 9.531227980355347e-06
38.603720050712553, 10.110170673032396, 0.00045538084153764227, -0.00099270004661135714
27.140029158960836, 5.3972792032999912, -0.00026930312831491417, 0.00022917500262974213
37.413221071710957, 9.7558261791854903, -0.00022091564075597426, 0.0009397789575802711
45.868431902665726, 9.1861763729084878, 0.00010203762714903264, -0.0003060910754195811
32.201945925970314, 9.2827108172638404, 0.00049857113377578847, 0.00019152678803431315
35.232577612462265, 9.3960507380850284, 0.00011811152853870801, -0.0001796308082748602
41.18133233588145, 10.163089637182802, -8.5049797018073479e-05, 0.0001993821173997364
47.735383888479546, 8.3573406334975537, 0.00023056368025122612, 0.0004820347382946297
42.748015950765669, 10.137233862385267, 0.00017657231692561488, 0.00010458331535744614
30.363643994782741, 9.6426323955141591, 0.00056443885619233101, -0.00078841912915963812
38.956497684808312, 10.106923352402179, -0.00052383671142153753, 0.00058380133724540988
50.571073345408728, 7.7784106690948933, 0.00011344107390049927, -8.9370180783815221e-06
43.385824181824987, 9.5728495431860043, 0.00012323909800965584, 0.00024989213921761962
30.7504412153949, 7.6766325297260707, 8.303172124291092e-05, 0.00023103574241455885
54.656846111528566, 4.3040813514676906, 0.00033163918935661979, -0.00017385806447938181
40.601671328654099, 9.3501657138365424, -0.00028421909295412519, 0.00014402290107282296
34.039176873760589, 9.9359253207530891, 0.00066537155971862691, -0.00038993079746699183
40.873375029715909, 9.2576834925355129, 3.389822052518029e-05, -0.00086799706857910324
48.581331446952412, 7.9954053769435509, -0.00025209751593329441, -0.0002181680221764591
34.326946387942201, 9.9321033517738169, 0.00037738056878638325, 0.00039947967319219513
38.192398993998346, 10.295544038919139, -0.00065586437513552988, -0.00023945608093510742
50.481716793190223, 6.7915678949463008, -0.00043063209311509546, -0.00029281860049494232
36.049436098691721, 9.5919054471320759, -0.00021715969647507059, -0.00014370637132164922
53.618604091959703, 4.3766849197042035, -0.00039800934739248696, 0.00022352097698475902
54.067127871411962, 5.2999005456753272, 9.9535976762850142e-05, -1.2693055777025631e-05
55.276884959344635, 3.232280194475488, 8.8583926146103861e-05, -0.00024982481684115033
45.768490724887826, 8.8030441199781482, 0.0002443369398201554, 0.00027022853774651584
40.294908929256941, 10.04937508440994, 0.00078580330414082967, -0.00073717740064876123
34.630225468317882, 9.1487644685108283, -5.4333434640413338e-05, 6.946274490162841e-05
34.094610415756392, 8.9093092883810563, 0.00011626609171691968, 9.9972486674715621e-05
48.793951500740057, 8.1066355572972739, -6.5688017346382819e-05, 0.00054205265122255722
50.704906881438298, 6.7073019388267987, -0.00010601851251017441, 0.00051714680835809976
37.511184526588359, 9.394685610364137, 0.00031545473449864876, 0.00016813540297845454
45.915807575254256, 9.5992587316603295, 1.1472792916224059e-05, -0.00031400891850102725
38.196773388885433, 10.116451316193551, -0.00048496528602942043, 0.00096759950057745295
40.282565615786048, 9.5374670889297715, -3.0951121267282202e-05, 7.4572655976094397e-05
29.716404554366093, 7.1097746529727592, -0.00035296960418016219, -9.9707582955380162e-05
32.156845063802564, 8.5500346750740981, 0.00041634906617780699, 0.00046330192523182459
43.883607290397336, 9.32070520964289, -3.4374880066289205e-05, 6.648184047769653e-05
51.189162296739632, 6.4253995621379394, -0.00056598658523877214, 0.00012786093316547026
25.737365508809308, 5.2680257911226134, 0.00050035439936412516, 0.00020619765993744814
38.56384314086818, 10.391695767746114, -0.00036599623309739474, 0.00089153427006771226
37.900258281077882, 10.263475890843521, -0.0001756040141689413, -0.0010588687833645973
53.282176866964484, 6.6299999668805301, -2.9381695613411909e-05, -2.8182786282117539e-05
51.732451650380277, 6.2333232979876012, 0.00027254844941506452, 0.00038348369134770299
31.809034233762247, 9.4293678713345557, -0.00083583409019683972, -0.00037672116278095972
35.219960457885364, 9.2034658960864828, -0.0010050700740721963, 8.9965751955774648e-05
43.70496763177055, 9.8860129419097582, -2.7509581348395876e-05, 0.00015210376019591138
48.858362285987432, 8.360898488546642, 1.3281653342853036e-05, -6.0195226535202396e-05
44.656102015970689, 9.8066304459921927, -6.3991217003765236e-05, 9.1302472243535768e-05
50.009115110365194, 7.7308062911077791, 0.00027153703519550555, 0.00020408615815326763
47.945553679939927, 7.8625461614148398, 0.00046764758621687275, 0.0002665100953588176
50.540327520053651, 6.9121833297632636, -0.00054201188375365946, 4.493514218405588e-05
37.832082701914942, 9.7754888543387661, 0.00078733971594095752, -0.0002506839558265424
43.236361097376623, 9.5287092932149111, 0.00059190727161679689, 7.1321795830175879e-05
48.991019785795878, 7.6160669212815479, -0.00011335473445955998, 0.0004283743379270148
36.284882914889742, 9.9431702878483534, -0.00022362052557049162, -0.00056169495672777725
39.79308945682115, 9.5489744445667064, -0.00070384669615811807, -0.00079811080705341345
29.590143457347391, 8.5944032203377461, -0.00080979909444813664, 3.677656537329257e-05
50.089298427147376, 8.0261114959812545, 5.0785396037300409e-05, 9.0865162631224166e-05
44.321051284823369, 9.7214124175406109, 0.00014057724498913433, 0.00025517586199864923
26.667398782399143, 3.2513697187984638, 0.00014662864783300143, -4.7746212584286434e-06
32.984906497172084, 9.3595336207950606, -0.00023911554950535989, 0.00068203722362088508
36.914643194895888, 9.6062748456633162, -0.00023068533730869837, -0.00048003643146992607
50.348996167380754, 7.0064212445268712, -0.00054832816175809796, 1.5808297736310854e-05
38.733881642880689, 10.796919651819474, -0.00029119525136480224, 0.00059153757464280952
48.343124123920539, 7.5403635070733781, 4.131167297561659e-05, -0.00082916051595362565
39.808533415393079, 9.9606479297124366, -0.00079466615789457033, -0.00033993106014051428
50.484622390049509, 6.7298763898150895, -0.00030483819012028381, -0.00054663425149986059
50.591248640646413, 7.6525149883262458, 0.00018563637781589371, -9.8105316362985678e-05
35.658632063953696, 9.8821231123701665, 0.00058282397062860234, -0.00029377849287086312
41.578504345948474, 9.4816307524225873, 0.00030662850743046752, 0.00045347355569434045
40.552780379885604, 9.9593963548221573, 7.4769213422039741e-05, -8.2070398262935128e-05
49.804541067680461, 7.7072240993093262, -0.0002642564697179704, 0.00010101399799858802
41.099294623078322, 10.367894595792379, 0.00011708903411094023, -0.00058902810962421987
45.321393148757664, 9.2315108564781507, 0.00034537652733084625, -0.00043764213583529941
34.549408497675017, 9.3518865105088729, -0.00029411754604825201, 0.00010097445563773769
31.702007872689137, 8.5156545940158672, -0.00027445345914063282, 0.00022164576195843707
32.339145966577647, 8.6123459595464524, -7.4121501766150037e-05, -0.0001622889933952143
41.186277886133183, 10.204397215710443, 0.00085371017628922468, 5.4422179332658798e-05
43.047756947372868, 9.7341077134626239, 3.1146938146397877e-05, -9.5576009438033059e-05
50.788891514738935, 6.7951873000116745, -0.00048256249975500438, -0.00033895200235129294
44.139635371014215, 9.8975868316846931, 0.00084307256472223333, 4.0595243981269995e-05
32.809513235290979, 9.4798793292039374, 6.4101507500097929e-06, 0.00069011312256898926
42.682223768087475, 9.7580156363452275, -0.00061019537584651147, 0.00011720912521517693
49.388869464499514, 8.0404858984605792, 0.00011229641240845615, 3.1482679095943034e-05
45.012362658974723, 8.5458855809056171, -0.00073442617693881434, -0.00013921359202031028
41.078435202811797, 9.4977018643293576, -0.00035261510381989444, 0.00053305945530980354
41.333248325494758, 9.9527287591095561, 0.00046922186469098383, -0.00024095582390267625
43.334194913434843, 9.549137286670895, -0.00054704007744774195, 0.00016298031259468247
38.023054196564082, 10.085372674037044, -9.68468787861473e-05, -9.1764904181510491e-05
50.658391322940552, 7.0846792938973948, 0.00036334416859670326, 0.00015391219578553983
52.08038825297043, 6.9740479080011619, 0.00021409335595821643, 5.7432751095394256e-05
24.970065501175206, 3.217199356315934, 3.4042317045902027e-05, -0.0002389263881497712
24.044981035423064, 4.1277742287025605, 0.00024418322442404015, -0.0003155892093113299
24.900156455170013, 5.486730732449443, -0.00031915415690291117, -0.0004703593835057236
41.875375587653323, 9.8845698914227516, 0.00022997116241883694, 5.4635953397847792e-05
47.299897850248584, 8.4844867902492282, -0.00038695232578262785, -0.00041498294481831277
27.898597723173435, 1.810131856850649, 3.312122405531621e-06, 1.359296204130137e-05
41.270132407129097, 9.1119710439944921, -0.00050639384047214669, -9.0849894702442949e-05
47.98088457110947, 8.4540717685397926, -9.7512929460669465e-05, 1.7153330599802271e-05
30.283980457071582, 8.8172858326065366, -0.00017680806206936414, -0.00074721169614684363
56.189019711062045, 3.5319583151700797, -6.4002837594287089e-05, -0.00010003436958945383
43.875256222323721, 9.5307830771947799, -0.00026861059460646846, 0.00059319257568251163
39.914602012841939, 9.6149038274614433, -0.00012387276663405143, 0.00024886283046604058
46.976128786211433, 8.498144224277894, 0.00043332265522142284, 0.00040453549397109529
33.536046001586058, 9.2073709657901937, 0.0001303310094951449, -0.00094663665784599582
28.631005757445745, 7.5338949265062736, -0.00047605773095777982, 0.00075936666961669177
28.650710327683417, 6.1958425456869772, 0.00034187596674820574, 0.00047156369593774112
35.560993838211495, 9.7765074717015281, -0.0004279337255391301, 0.00028108100765224681
50.213211286926963, 7.5490172389357264, 4.6123768353579151e-05, -3.3767440948769228e-05
39.651010446364829, 9.9252840421017279, -0.00022716405671949151, -0.0007514575502673719
52.337041713371747, 6.3347429834499458, -0.00024768177556486789, -8.0364122593579838e-05
39.720620097468448, 10.400689823890087, 0.0006447230470978491, 0.00090825300652146829
27.14705773306644, 7.0141204642177621, 0.00026271517584937055, -0.00042340091340767848
43.044774460589672, 10.26193337575887, 0.00035290405180977112, 2.728669537280739e-05
30.57894253704557, 6.9749482951080175, 3.1304636903022798e-05, 0.00018737298102063812
50.602340224148044, 6.6677725371023113, -0.00056314183620692832, -0.00043207196788327539
25.774608577112154, 2.4458843149321856, 0.00012349849570075341, 6.0491737295708502e-05
27.343956965151776, 3.1862458539235168, -9.7389842560305636e-05, 2.2041697473654296e-05
26.166079385379184, 6.4976159244419538, -0.00053717194848519904, -9.7706260710161321e-05
28.359994083959506, 5.1371001988757881, 8.7685961851978353e-05, 0.00013745004604043327
35.868083928812517, 9.9323420379552001, 0.00089708182098246537, 0.00027453581179568792
47.209003750814617, 8.2589165217287963, 0.000602560925068434, -0.00017610756397100225
38.833299452859748, 9.9848639363665246, -7.1687677478770383e-05, 0.00030964030554681167
39.699614784882513, 10.213210439863364, 0.00071577910293395915, 0.0001985697343776673
33.162314100577973, 8.6167171085611471, 4.1527193688902933e-05, 4.8060344034018698e-05
26.486023678413986, 6.8832078274526589, 0.00052678001800928191, 0.00051719171434671195
55.952398809396058, 0.89004965874876285, -3.4712267045223251e-05, -7.3259520026912195e-05
38.584423882485012, 9.9736367764295402, -4.989508967926149e-05, -8.0385593725799652e-06
28.957760065723832, 5.1496896887626313, -7.3822328198526555e-05, 2.6421679163916919e-05
45.770272071173636, 9.3379320278507141, -0.00011404042612868534, 1.4471355612623744e-05
32.149805226003288, 7.6608873073068988, -0.00039461698595436143, -0.00014248811679214206
43.912062376081565, 9.8139500105739312, 0.00032946372322897443, 0.00033265055252328725
29.436977963302873, 8.881566331613298, 0.00014512227361652901, -0.00082295575203196437
53.459030878117566, 4.6896242736855527, 0.00024449987146767902, -0.00033416236590365318
54.906782224813377, 3.0639591372756314, -0.00027262392031076661, -5.591069460243875e-05
28.97068267734528, 5.2610228278407254, -5.6850006806462233e-05, 9.5831318217429713e-05
55.026693266481317, 4.0940493654933885, -0.00019655949872991296, 1.339888939963069e-05
51.903316666419201, 6.4981000264727351, 3.0530439140733618e-05, -0.0002627291888376473
43.809794652148575, 9.1595633948771145, -0.00037684340141713946, 0.00062107838840464791
47.1715042743011, 9.4148607051507565, -0.00032924176327217515, -0.00030842501268676096
49.740529357038653, 8.2330981016208202, -0.00013722665243482931, -0.00025917964653879104
32.63234652023192, 9.2189795053667716, -0.00029512232768754061, -0.00042317362950268787
46.602062170834259, 8.1561566935811616, -0.00052586615643033976, 0.00059112367440150473
37.631819190878261, 9.8950788861554493, 3.8952509184294665e-05, -0.00021344522495475826
45.071915196541951, 9.4073506064778734, -0.00025228309226720962, 0.00053897959102389181
34.856614773572673, 10.431956291219985, -0.00011194501123889794, 0.00079669327925245852
43.028127328168431, 9.9045411107728576, -0.00012820550794562463, -0.0001564527440239218
30.231597968823866, 8.6859464580780958, -0.00018476952186364726, 0.00077318789118668179
33.629275029604024, 9.6408068367208521, -0.00043301249207574976, -0.00055236768604448284
27.255337064411041, 6.7510681154027834, 0.00023357793997032987, 0.000577717422625275
46.347523150938258, 8.8865476037356999, 0.00074817188125902642, -0.00036922857703732047
29.866986017439874, 9.1356484862147518, 0.00018469497817794175, 0.00085763353690677013
27.21451122560466, 4.6190990825368221, -0.00020923554813036946, -0.00010495033815134817
38.223225337128461, 9.6897419073341862, 6.8305285877560005e-05, -0.00016460507514441983
24.996711827938018, 1.1064263894867019, 4.5309014199306115e-05, 3.5812565104979726e-05
35.741157544324658, 9.680126078386218, -0.00013985869505859952, 0.00027109245866882234
32.248159628030997, 8.9933421211784523, 0.00055994394347866935, -0.00069881093014475116
46.490704584391466, 8.4373904362166812, 0.00048714627819995162, 0.00070927478132097653
52.192869670066109, 6.6370210602581619, -3.3623010048469811e-06, -0.0001237613466920632
29.685085000578354, 12.878484207541144, -0.00022061934584112667, 0.00084634878370044636
55.239398604914847, 3.3957742843974548, 6.3895895025798115e-05, -0.00019233397428712774
28.689064819563495, 4.6782778542118306, -0.00010015334158584352, -1.5820199506809162e-05
54.116702107618949, 4.7990450010606951, -0.00023302677517066654, 0.00015041024311527725
41.829232716720618, 10.23837932511656, 0.00023234324750144426, 0.00019432540118751609
55.10306616686421, 3.785969720706976, -0.00022607240953746095, 0.00014614094666918836
35.060458660308548, 9.841048478706437, -0.00032230629355833163, 0.00032928793307689298
54.611110708677224, 4.0832766068063648, 0.00025321132243870994, 0.00027400028437087807
52.015511720927087, 6.5492476933543422, 0.0001429259319329681, -0.00024191045712707642
55.52107542141507, 3.4856031237502854, -1.7855716792999419e-07, 0.00017703790134944957
49.631485433690784, 7.2649234764819113, -0.00073653322365180806, 2.0996046680387104e-06
31.777950706811737, 9.1682736705004242, 0.00076788369731679515, 0.00044336346011708175
27.940263527833167, 3.9920031803263911, 8.7393547036232395e-06, -0.00011769654099221098
55.040608772031995, 2.5381885847057504, 0.00010262461287975825, 0.00025396712579279742
32.995463944867176, 9.0498849194741702, 0.00064438211706452353, 1.0395493746434144e-05
44.527093362050579, 8.9769048292934563, 0.00026743858834254395, -0.00086701988449059048
31.404367868560101, 9.4387200593345018, -0.00089423177352135764, 0.00046375603631710493
54.524342564101126, 4.6577219407521078, 0.00027874788758571064, 0.00021797177076143131
32.69850383858725, 8.9783758873697117, 5.3852435340216322e-05, -0.00082710860093375979
51.335155802492793, 7.5610465680662688, -4.2672724336206792e-05, 4.5033564744119827e-06
37.128319679794814, 10.088504797894849, -0.00050484564138249949, 0.00021531557572828069
33.049042298151946, 8.7030598524993028, -0.00033487380422280041, 0.00011356812225123673
56.393640515867808, 3.3269272862876007, -2.4716137068535587e-05, 2.9198265876822407e-05
30.311947532362677, 8.6664316233058596, 0.00020794946476162735, 0.00047258658892235564
37.257979388154446, 9.944763467311029, 8.1349677922870452e-05, 0.00031469749901122482
42.584066902850253, 8.997696268698105, -0.0010007331301825977, -0.00016943377682713281
25.126984459005218, 5.692459734653859, 0.00043582110423930786, 0.00027116162450167305
48.750067660595498, 8.3321615891476952, 0.00024562077146233796, 0.00020277711603598303
37.253154737924177, 10.656432121625599, -0.00069127347726472856, -0.00065519522377513744
30.447541247842377, 9.0288224086828155, -0.0008462803580726923, 0.00022326369354495101
56.87763754757367, 2.2716535735212093, 2.2211279741921523e-05, 2.4851697843318853e-05
46.746352342778209, 8.0693021508681415, 0.00069584269951261256, -0.00020326351950290621
36.078212828529743, 9.6679094908717147, 0.0003527673696811476, 0.00034232794067167848
52.120038426402822, 6.2806695682427742, 9.7547503316296687e-05, -0.00043934047785374033
43.56696907620519, 9.3497911384282517, -0.00030494552049966137, -0.00089742129649099183
29.187022606446007, 5.2145627494314013, -5.067372695277505e-05, -5.9373493451936839e-05
31.816759462075144, 9.1906443494638097, 0.00048773336606307472, 0.00080961993508593688
53.976265617239669, 5.9402138860351172, 0.00011139952229265751, -5.3089924520827983e-05
43.623347130532927, 9.2827531030110695, 0.00041770927055680726, -0.00028206977953817026
47.209527594434903, 8.4859898404825067, 0.00050619249747008383, -0.0003184770473765003
49.52546935444947, 7.6469447021444266, -4.1254098220240787e-05, 3.028903467205711e-05
48.866554160045503, 7.19581404529323, -5.3480973766197684e-05, 0.00069040586078572433
29.702594720803319, 7.9922231948273428, 0.00016116969886620743, 0.00047343279801880835
35.494529154606525, 9.9922182719488362, 0.0005768478198917733, -0.0005971455965839657
51.582143018155655, 7.2399915766759735, 1.6904146573394504e-05, -5.4136467101071578e-05
36.339426612464464, 9.9984480836333489, -0.00046087851550351744, -0.00014921758817593278
39.230934709539191, 9.7104768591871462, 0.00019915095341984889, -0.00069102050842975683
34.907913351674885, 9.339578753291379, -0.00014000968041294747, -4.1349887941514282e-05
37.421513129034132, 9.754273960489579, 3.7993964980100614e-05, -0.00014124401364041985
27.151894094496942, 8.5124701382313219, -0.00067663565243308995, 0.00036176286729995902
40.132945382047453, 9.8239154333375094, 0.00047447717547520165, 0.00040809082230291099
40.102564314248703, 9.5694348059973144, 5.8082669290601514e-05, 0.00046465473946223146
52.711318605918478, 6.7593126440859104, 3.4006142749592833e-05, -2.6490198796957119e-05
53.691614412679421, 5.2762063033969646, 8.5924893447461779e-05, 0.00017391295668859751
50.38881206149879, 7.3685792641742962, -0.00030009547941847525, 0.00010275572376318856
35.275452468059342, 9.7103594775101385, 0.00081433558961519219, 0.00056845229197189577
56.275794597479297, 2.963349464595066, -8.9309062535056853e-05, 5.9791671815035213e-05
25.895255061615948, 1.4098832925942897, -8.7630341305132092e-05, -4.5123107670325077e-05
51.233209978625425, 7.4418577455031061, -8.1491645137701679e-05, -1.720078898744259e-06
38.212001108364831, 10.336137111790913, -0.00053642381422758136, -0.00072820462465654978
34.266767117091035, 9.1092151788684834, 0.00036246362852018559, -0.00013221693783617232
28.597102910458343, 7.059690075318354, -0.00014765494817378259, -0.00048452537567435922
29.691973423790937, 6.6821566295651067, 3.8448914920990161e-05, 0.00019471905022590451
34.132953563702401, 8.8364087422425222, 0.0007657608105483797, 0.00052426290453376706
42.663222564604112, 9.7242627076534873, -6.8700554598595228e-05, -0.0001831509953725978
39.616360723793491, 9.9802352927875333, -0.0002311833479741578, -0.00025945773033942267
53.727483648561233, 5.1059426064349855, 6.1820201704498089e-05, -0.00029677371686872271
30.84028775803224, 10.444962278557243, 0.00040351735122481669, 0.00058853909090006526
55.924030616613436, 2.4443219597453014, 0.00015088339467893709, 5.5935837206544202e-05
33.722567902938287, 10.098436108253516, -0.00020804598669323134, -0.0010607626657086016
37.354558913374319, 9.9314940668553717, -9.327628080142033e-05, 3.6050948552468887e-05
29.205058719489035, 6.6705238546074082, -0.00018982362113725474, 6.9740628735821009e-05
37.446007771168354, 9.9746488797934898, 0.00029371838248837625, -0.0005582587254858622
48.737140232278279, 7.3152299049101162, 0.00058879770644271418, -7.0113797556090247e-05
41.177319492794425, 9.8824385596931421, 0.00083155709426712961, 0.00049088844987713238
52.238184862176148, 5.0129579738409662, -0.00023524253078139416, -0.00050115182342997809
37.708268843074329, 10.256026509948843, -0.00084673663522565133, -1.4637141832031802e-05
36.391729080222703, 10.27368018321657, -0.00055421734920628983, 0.00068095795056424303
44.631443976428876, 9.1103754035175779, 0.0002153634994377324, 9.7921558930227486e-05
39.027300735758757, 10.653657057370273, -0.00042970005638816029, -0.00013049694593820406
49.450247138428146, 7.1274680736310838, -0.00046431569580761782, -0.00030848633832847002
29.959510691341077, 9.2667814327857894, -0.00043687425607745261, 0.00082316464416997911
48.433004875652081, 7.7322171081761653, -0.00019996037483185786, -0.00076852322582096654
44.439438749366218, 9.4637404062869361, -0.00067491968978787564, 4.0706061642725129e-06
40.06210989615527, 10.014229707082819, -0.00027459013905003929, 0.00059455367906865488
38.260284507616774, 10.146241278677397, 0.00013408584938095122, 4.3687236712475376e-05
43.775235398949079, 9.8043843774241246, -2.3976859718418003e-05, 9.729144612554921e-05
31.533368632646042, 7.1033481209731253, 3.7416648693586635e-05, -3.5931215018478939e-05
38.482067724763979, 9.5600253724230431, 0.00019584697838131019, -1.9738221933147071e-05
32.728502027120648, 9.1284477084199924, -0.00030133079757122769, 0.0001098854605759704
41.652522790537652, 10.064746583631592, -2.7442972929510115e-05, -0.00056905182050325822
53.357096768502466, 5.8457478436101766, 0.00015175718153269602, -5.7806102382957723e-06
56.594676444575704, 2.6101488159010144, -2.2771804693012886e-05, -4.4315738401249811e-05
31.489714894645086, 7.9268533353146626, 0.00016332211604501082, 0.00039126453207547287
29.793103539707054, 8.0279778267190203, -0.00032524889472525275, -0.0002525834453193534
51.822197615517538, 6.5990913313188164, 0.00044407980028103095, -1.3844890275750561e-05
44.659689711294853, 9.1831872491199071, 0.00014520359844318048, 0.00016927454617069289
51.126790917684922, 6.6689107819603635, 6.7908190725767442e-05, -0.00034925214771460073
51.376780270036313, 5.8478606438991765, -0.00054589716751289184, 8.7621167462901463e-05
51.930661112395057, 7.1223569317941324, -8.4076609297911129e-05, -2.8760463764898032e-05
56.258836869057305, 1.867842523132454, 0.000119714424430284, 4.2054741259137629e-05
31.683517880984926, 7.2277233154303779, 1.5221329814930494e-05, -9.2874262146382474e-05
41.100718085911787, 9.752519701690046, -0.00035069657982172021, -0.00059392277968563743
33.22601959947221, 8.7333842793079093, 4.6478863910153008e-05, -0.00018580492884224701
38.535238139168541, 10.096968673652182, -6.1371637102886797e-05, -0.00078126591008154307
32.525969049374588, 9.695067136960926, -0.0007415695413907086, -0.0004493076864384094
38.461862915082278, 10.221631065982372, 0.00042777963251021953, -0.00033288058481689692
46.284153104281387, 9.0939811622469566, 4.3508901893117295e-05, 8.4628722887594691e-05
54.873965876032024, 3.3634934276138351, 0.0002984675266250956, -5.0345935447004546e-05
51.67475948942937, 6.7499041015074015, 5.9026851288889933e-05, 0.00025665190904886976
28.333962725936047, 7.6005599374062509, 0.00013689909572801406, 0.00046850562371945963
46.773567418333705, 9.1289703545057215, 7.1202023069707901e-05, -1.0373963935554596e-06
44.138768407812833, 9.8157361734418043, 1.1567359951989254e-05, 0.00017660006861528303
53.188965867422212, 5.5444012012472239, 0.00021112478675261396, 0.00014527863032511858
28.425968011137012, 6.0660148554509874, 0.00040951456768130196, -0.00018894306289294943
41.89272551803937, 9.7691758805819404, 2.6730770836999184e-06, -6.0265543913216719e-05
48.617363332535845, 7.8840174999452, 0.00061698024894982109, 0.0001158183490107956
45.446810514042156, 8.7473764876981921, -0.00047633988246107833, 0.00023006403602346894
29.043048345932039, 3.8964950542349421, -5.6323039248192887e-05, -1.443036531692967e-05
51.552863080082851, 5.7696368911407516, -0.00038714526301250629, -0.00044684862630792031
54.172583722941738, 4.5138022201701515, -6.7835939844383705e-05, -0.00019189385874408162
46.129460508287721, 8.8874905913833935, -0.00043927536017395971, 0.00048692060963649673
49.339588949485204, 8.1244377871514715, 2.5040947371813807e-05, 3.9936129182367188e-05
55.578510475810674, 3.9507349034922878, -3.7764108990031762e-05, -4.6293757304796729e-07
42.604991420228068, 8.9879334937321236, 0.000323770237530599, -0.00018439074235838179
50.532023371483938, 7.0748249162160208, 0.00047095757735482067, 0.00025669661980956635
43.0401850881115, 9.354534905779607, 0.00063336256471461475, 0.00043794156033752986
51.835655731170306, 7.0551869390160551, -3.7794078813775904e-05, 8.1300140671361737e-06
46.737969174344876, 8.9728093232902584, -0.00013031770192579959, 0.00042884649353649941
49.685932414750049, 7.064594878083982, 0.00062787504834869057, -0.00022203797632901475
53.716260140695489, 4.9907716977933028, -4.6378338598718618e-05, -0.00031082838390101522
40.975154973688817, 10.237550408309479, -0.00078914029857916001, -0.00016701655027222831
51.766458692196167, 6.3889562913746891, 0.00019412854938436811, 0.00020527485875580318
42.123551644451659, 9.3216685584551442, -4.0715476434312303e-05, 0.00012661704787064965
30.749132110647484, 8.0426842773367451, -0.00015590421588628352, -0.00034036636710175989
39.744542423719111, 10.6110271149353, -0.00038039543768637684, -0.00099538943245086175
47.094616753113037, 8.3043601505878595, -0.00030533559182902427, -0.00020157370547446639
41.834437198513989, 9.0161670748714986, -0.00060710288810957101, 0.00051895855105593843
53.953487498062088, 4.7950102612644692, -5.4275886256777094e-06, -0.00031270772832534048
50.814038221302106, 7.107021238533453, 0.00013120671907882931, -0.00046195243037152115
27.158996148362071, 7.7384443920792867, -0.00071733235796329691, -0.00046520134423513816
34.365546933554889, 9.4557526863271288, 8.6664631232334465e-05, 0.00034666810446964274
33.565433178559125, 8.5255838420770793, -9.3905305673230735e-05, 8.7627283065680711e-05
44.437234085933476, 9.6023375710155676, -0.00015587016353715171, 0.00020638471561121549
43.832251920213693, 9.2927227449432088, -0.0003887540955077328, 0.00022696988871263795
29.919825688421913, 7.4587841951933882, -0.00016219812528291906, -0.00042113309376478573
54.687392533795084, 5.0237739027189354, -6.9522045458135875e-05, 0.00011723394146177243
28.245037493003675, 5.3035482979122488, -0.00018070347779007199, -6.6864554478505335e-05
54.074609764158701, 4.0391137692968595, 0.000108293781738613, 0.00041167075693326742
27.215299919359648, 6.3714613246911522, 0.0002399113238506548, 0.0004460678317109181
34.262540676278945, 10.039628411512069, -0.00083038799198312556, -0.00019900602205838493
51.554000285864063, 6.2708185268794452, 0.00036684125736713728, -0.00028267170621131861
48.643765076170389, 7.8053208451595912, -4.2059551121191894e-05, 0.00062026541129925707
41.505519432683286, 9.8292883459707028, -0.00079301097144947254, -0.0001739033395849265
50.629488928359713, 7.7316378518030566, 3.3161888613636501e-05, 0.00016702248081150954
32.215920998661012, 9.1212840120098324, 0.00032220834375031396, 7.2892993097396777e-05
50.895008941121858, 6.7550374346144411, -0.0005343078492533156, 0.0001814016422530312
54.206531294248521, 5.261651920070614, 0.00021213816621967985, -9.5267200800014902e-05
28.320459122349735, 7.6268366912476644, -0.00048782116489751648, -0.00037055627830668924
37.683887547606474, 9.6064951035838781, 8.5998610783218679e-05, 0.00087829155210751954
37.418304760179382, 9.5190557174120549, -0.00094725473706011554, -0.00048728717336426152
47.751269568638193, 8.3415038596380366, -0.00063111234727973174, 0.00028953980931829175
51.295909599708466, 6.5966681515264467, -5.9930759298773803e-05, 0.00060451144241274756
48.860128765537439, 7.9971977403308125, 2.3497451752586347e-05, 0.00032917960996290009
28.477497380235537, 5.7214827083726174, -0.0002724682850205524, -0.00012546548286306242
41.151132072776726, 10.217354567095889, -0.00026166476427563263, -7.9281278534054222e-05
24.342832131308228, 4.3209275086482561, -0.00044452199504452981, 3.729906595689302e-05
41.940380974521787, 10.205650264479065, 0.00015851214030078204, -0.00020160613365184277
35.969710175786147, 9.7458876670153671, 0.00033431254924064989, 9.0000305480615988e-05
41.701412582302943, 9.6153477924126491, 0.00036780506716453491, -0.00034020353583097878
40.361327996249919, 9.5625679962105945, -0.00059236922968256879, 0.00037638060716461649
38.577025868446789, 9.9284298839254284, -0.00015776870641823567, -0.00040333066028794805
52.586366070925095, 5.2799193667207707, -0.00011441669587921028, 0.00050184717458966958
31.577612606720084, 9.515837074257254, -0.00024930871235540649, 0.0008918073712921679
39.400652080045326, 10.05138851845588, -6.8708124981695058e-05, -4.3810242799485069e-05
31.954661023712362, 9.0505898980693757, -0.00039256313622189646, -0.00063934139764941522
55.112350739907825, 2.7059605702392879, 0.00027216984554171304, 5.229283451497292e-05
53.390341565403013, 4.8068653027700652, -0.0003847028061873126, 0.00032043104780035822
36.279397159930625, 9.3340835470150569, 0.00031957280724328492, -0.00096185341261291728
25.026651732992697, 3.7562111640989153, 0.00016624821135135238, 0.00030718322971981678
38.579279814797644, 10.49198550767988, -0.00071772885997075579, -0.00039549324777402928
40.013421552150696, 10.202490745512785, -0.00072646795611971677, -0.00040805788525878655
25.430468302927157, 5.4496675647135033, -1.2260482357965495e-05, 0.00045812255276373712
33.594261423414288, 10.225350663237391, -0.00062435220253573385, -0.00070678906500439053
54.658955215528621, 5.1590074912983024, -4.4790047113277177e-05, 2.3431221719662385e-05
49.827824915361518, 8.0283804186906202, 7.2445242576698544e-05, -2.1096788909407107e-05
43.835569805734487, 9.3629465664067304, 1.578553610828619e-06, -9.1069015948846632e-05
45.706786743268864, 7.7779514247998591, -0.00019188932485486406, 0.00062261511746154947
49.919514195620025, 7.2685361966423629, 0.00043637789400306629, 2.5449395536949436e-05
38.618835728404861, 9.8176529794566587, 0.00031263904241400246, -0.00032592190751850589
30.066991005520183, 8.6372202123688986, 0.00056204580384333223, -0.00038413994471305239
54.762876876509758, 5.216451461006268, -4.1880840994362873e-05, -9.5534264723895633e-05
37.224766464152879, 10.013667363965798, 0.00070609227450459382, 0.00039696670485839616
34.229525440286615, 9.6796564058275738, -0.00042364754110352183, 0.00038663875272258318
49.021011868591955, 8.5605830213995411, 5.1519248838668793e-05, 1.7996809398282459e-05
53.575866376319638, 5.3076680052138201, 0.00015497463494926493, -7.1615024237547446e-05
37.264140053911262, 9.5631985643189736, -0.00076665026693979678, 3.0453975849386254e-05
23.993445895929156, 1.0512550644046847, -4.0302891414625567e-05, -0.00013233929928330407
41.110965181664405, 10.070598356698586, 0.00074578643547572245, -0.00040986623030945792
55.071422061001769, 3.2237845037136381, 1.6617749280605155e-05, -0.00029413015073340582
47.674056796848923, 8.6091176617472378, -0.00013531467948589784, -0.0006274944066957342
43.379057501106175, 9.3214105607157922, -0.00086516057119743594, 0.00048735588392784506
37.839165469208531, 9.738110437249091, 0.00059488811078607803, 0.0005451809793248347
44.01372114858934, 8.1999907952930879, 0.00036204424618818974, 6.8644069006247308e-06
32.508376077151873, 7.6711526685471938, -8.0257340357935155e-05, 5.4364172244867847e-05
51.711531636502968, 5.3958819737464694, -0.0005718285350106016, 0.00014545161143752125
49.84595082217573, 7.4954804595771023, -0.00027909392531914266, -0.0002066761880503492
40.301316277344874, 9.6933045626014973, -0.00015606914045643419, -0.00061507280287255483
33.704329648028583, 9.7219504396240932, 0.00086865796667476357, -0.00054787225940735739
36.653391818832723, 9.3780439645156104, 0.0002962352225726869, -0.00093067229092859513
48.51269061937225, 8.3431927566209243, 0.00040292411155205853, -0.00020188894014795358
54.975721959201913, 2.9168685289970595, 0.00025812485327994256, 0.00016841112850607903
31.486034428406128, 7.5412911394034632, 0.0001239865270785401, -8.7940509007303054e-06
55.569570190859515, 3.9537312446788664, -7.7570291341946869e-05, -2.4692635315856405e-05
44.030544258301774, 9.4115000128858277, -0.00013870179309483847, -6.1381801919717249e-05
50.912432752672736, 6.7936998401567195, -0.00029534603900824568, 0.00043098606219894783
43.500923968061016, 9.7421471108435167, 2.1441484989274923e-05, -5.1596155043369126e-05
34.848372460141746, 10.011914456051235, 0.0001934909812276942, 0.00072116028194362056
36.793546435362735, 10.816000753439074, -0.00014961067278252923, 0.00013368625768413425
27.008361296871676, 0.79401124207437168, -4.6959318613647795e-06, 2.2643728484441586e-05
52.428952059981661, 6.2017128287203818, -0.00027751640718541619, 0.00022438958537705805
29.671127591752501, 8.1127169895419708, -0.00052837461177529033, -0.00024722163849838654
29.956548439623873, 7.1957489425499048, -1.9736218869398888e-05, 0.00023125787820822978
48.36097096830197, 8.5858457569411364, 3.0560589038199929e-05, -3.2068995584545074e-05
32.091265906686125, 8.8093940168410381, -9.5306131378272422e-05, -0.00096411283572774085
52.945386538668387, 6.6278317426060527, -0.00020682502068644184, -0.00040161649577296764
39.35889236190939, 10.114339515465726, 0.00049991315853395338, -0.00024193496353539279
50.745392303598159, 7.0210327247147992, 0.00012164577219113957, 0.00031011548280042043
35.661930427152676, 10.045816988144621, 1.3684601293150775e-05, -0.0010935837858014584
47.851439083036468, 8.3272031448250221, 0.0004684035135599721, 4.4650979354180653e-05
44.383531553494336, 9.5388731797172408, -0.00012817477545435215, -0.000332912381012673
50.036959651396053, 7.2201611028092447, 0.00020008125438430901, -0.00059792903937876769
38.176487577453649, 9.5676890211969301, -9.4498364736204266e-07, 0.00012553687173236572
31.105882363548325, 8.5748559347961688, 0.00053787840808829069, 0.000552348699195855
35.968261943338206, 9.8268132904897136, -0.00059890155982141664, -0.00071208946390095439
49.680053489510293, 7.1642632165873268, 8.2864742026620417e-05, 0.00067398203580544048
27.675515797413428, 6.0105472962765392, 0.00012450541513429013, -0.00032965931820246324
56.367212292169206, 2.4030444830867745, 9.1265177773823644e-05, 6.9780827964975954e-06
37.594473835715014, 9.6017342297763797, 0.00017463865743739648, 0.00078495387092831104
35.731401484923069, 10.332892464524349, 0.00023628866474565641, -0.00087549517516152722
47.881149121801215, 8.5426007286065726, -7.498976851577902e-05, -0.00031811477732251011
51.143374330777135, 6.8059265615121189, -0.00037869667607243814, -0.00010751460829237315
54.743429033610347, 5.2166986161484346, 2.6918608828916395e-05, -1.7595182193145316e-05
49.696456579197132, 7.1694908664370747, 1.4219778560139294e-05, 0.00026720776506690419
23.276646941988727, 2.0393757886159136, -4.0130617708385124e-05, 0.00012458227228179206
24.407319965950293, 3.5550809477789644, 0.00027422920142583577, 0.0001779235299938803
37.632235139773933, 9.5871991706997353, 0.00085647336793361506, 5.5678471587235779e-05
33.067497844218821, 10.004321075857243, -0.00087156036352097088, -0.00032636603985245513
50.617801312293196, 6.7914607713942008, -0.00051574845779696669, 4.488493270209847e-05
25.668078430359547, 4.5868157072405857, -0.00034824818835465235, 8.6367335421124884e-05
32.592862123092871, 8.6362974975320181, 0.00019776000510020225, 0.00027524586630037326
27.252051419364477, 1.4491450758633813, -3.0148346874055273e-05, -1.9386951062566297e-05
42.768429463212058, 9.1746952099600207, 0.0006287983725018736, 8.9807086628192835e-05
52.560199469449927, 6.1259053318144439, 0.00019429809468096739, -0.00022188631300508444
51.024555211884746, 6.9383351672058868, 0.00021943490153392234, 0.00021322709146050269
35.680774307869179, 9.9627114730524351, 0.00018221753471413162, 0.0010569154860535055
40.10931464666907, 10.183973519771868, 1.9363970858926426e-05, 0.00025371078189779801
33.037735209286119, 8.9838881476744117, 3.7808823104265784e-05, 0.00039134033354543406
39.519038233426215, 9.9130118703572432, 0.00028429105057778718, 0.00010569971820898482
52.852456975692746, 6.2809820834849486, -0.00019392679558717857, 3.9805861900193722e-05
52.651128135150387, 5.4595624337235122, 4.5607554257721027e-06, -0.00047741492993723681
26.080202795336024, 2.718670627994606, 4.022845223430425e-06, -0.00013386598988433441
43.406398647499621, 9.3474124157854099, 0.0002438767588631359, -0.00021816024039300963
32.199719843787939, 8.9550153898094518, 0.00038029186776864963, 0.0002176458861430895
33.938228129594918, 9.7460001309734814, -0.00072697052640504788, -0.00031417564336570444
36.302880580648093, 9.7167258541589128, -8.3494373387523439e-05, -5.8100535262846724e-05
47.753927775519074, 8.6736410497478698, -0.00028486515904833606, -5.3748060938268411e-06
37.123064749406488, 9.4094669715804713, 0.00013798704189467022, -0.00072557180368050327
46.432748812508855, 8.7231221864165285, 0.00033339632597028236, -0.00053252123160268819
29.463388667663697, 7.9328294149105805, -0.00047856608430909561, 3.563820167447056e-05
32.151378184899663, 9.1602753741180436, 0.00052059535477044219, -0.00022011455861242928
25.259614559278273, 5.1062015620361656, -0.00036613199257996571, 0.00043321551899318429
42.0446569738261, 9.346377514023164, 0.00028028070115831879, -0.00067328492916137979
31.295816778005051, 8.5354157106280883, 0.00018610512767353794, 8.2628922024109903e-05
33.56054406655322, 10.186945510694679, -0.00054309375332517039, -0.00060714208139836545
52.755779567866917, 6.3034352684110715, 0.00022704723474775861, -0.00016177686745584362
40.165864515812729, 9.7452686134045354, -0.00054875930925287017, -0.0001201768798091237
55.299371337333817, 1.2632815822649881, -0.00015248831911435091, 5.7316136713971617e-05
53.005050234131232, 5.656496261590541, 0.00030892135108529889, -0.00012518312241609989
24.514189258647093, 6.2467232518663192, -0.00049794061872477844, -0.00019696934028187556
32.229988287970798, 8.578236607260278, -8.6877940468195537e-05, -0.00024010478513045248
47.595078580960738, 9.1144074410524833, -0.00038959276845771957, -0.00013401097884598018
47.472327008520104, 8.2680116753175632, 2.5041622848330235e-06, 0.00042423974424858347
34.648393174777439, 9.9136135220210484, 0.00023744555441905618, 0.00071301206041692186
37.532375129013786, 10.120592721401369, 8.4075082380255772e-05, 0.00066691458571985251
47.842464972452305, 8.6178949703491874, -0.00029153392728319523, 0.00024298257934129357
56.672037089465633, 2.8992916049299082, 8.7564313830802027e-06, 6.2910935452527838e-06
26.548272743103038, 5.0486402893469711, -0.00033039701680063853, -8.0470391298632673e-06
38.430757595912844, 9.960367825262372, -0.00087504484143574352, -0.00017989798978876602
33.274856716215638, 8.8100522106581458, -0.0007893779885096105, -0.00036678156085665696
53.345228293940337, 6.130590331900744, -6.1444270429352494e-06, 4.5195054660650081e-05
36.980174152487173, 10.01880078734886, 0.00017697883874695386, 0.0010107416188129866
42.012740757319143, 9.6258098221582742, 0.00056414893986974192, -0.00081641457605916349
41.52703029653064, 9.981850303960595, -8.5833205028367818e-06, -0.00033069151214223924
49.610494468415759, 7.870830504378759, 7.8345534148276333e-05, -0.00012210652723203594
30.548593571421812, 9.0556721539323028, 0.00023948321778925622, -0.00077175346053701534
28.711907288926131, 7.8738360076216551, -0.00041959327402512801, -0.00036300711103245882
49.176687767915475, 7.8768236235600249, 0.00016559560844465462, -0.00020711083459923623
36.949652483996196, 9.2892812265108002, 0.00040563791097440624, 0.00083277987924388231
34.59858335337298, 9.166051235101218, -6.9543886564702275e-05, -7.5998549563421029e-05
42.807376605356772, 9.4750783834648438, 0.00054461126617641638, 0.00074455687006487871
52.182707720501682, 6.8508430736747794, -7.270460369254379e-05, -9.282164946759434e-05
52.959595693701424, 4.8071973674502493, 0.00043234367358400879, 0.00015538864651212938
33.391713686072805, 8.7224135352237493, 0.00028597404676815314, 0.00041654802287192092
34.266129103219953, 9.9857619085284082, 0.00061723212910129227, -0.00012711610752198855
55.711420657185521, 4.4370878265882032, -1.9714704169359048e-05, 0.00015925728829065521
51.627103472825162, 6.4460269520838551, -0.00028453484846533263, -0.00040368699975458998
49.629432849364719, 8.1767888819899817, -6.6870247054491396e-05, 0.00012854641204035669
39.76300298697398, 9.7318665077431437, 0.00075600434684120615, -0.0004383996634960436
53.461564630850219, 5.6847037297104919, -0.00014731509343312207, -7.7580399301460263e-05
36.987874286182361, 10.687482431833304, 0.00015130410984622128, 0.00079090675990424236
34.130457077266854, 8.7021237501324364, 7.7195525224592261e-05, -0.00038799671711749244
41.667886906543345, 9.5852600084338651, 0.00020254000969188992, 0.0008884529413339629
34.576893681365185, 9.4166389334629645, -6.6111238596555834e-05, 1.3737815397159658e-05
32.909896222368317, 10.3717669035507, 0.00062950519938938623, 0.00053527879826515616
28.070409418983658, 7.4952453893362581, -0.00045702196419976262, -0.0006661416740671481
37.991313553373487, 10.008587196214178, 2.4649850565755673e-05, 0.00063370432161226863
54.09684209961911, 4.3561685491752646, 0.00036936494632285819, -0.00014053551085238287
53.56312900673889, 5.0824243180827029, 8.523128452883128e-05, -0.00027234779971016402
36.200424923504819, 10.389515789922095, -0.00090199492064665606, 0.00030121933161098789
38.9511937227198, 9.5951555806089992, -0.00046714508452375554, 0.00021003541434083756
28.488592908282904, 6.7462718437173885, 0.00031399409781083674, -0.00045778080775342195
54.952996107899082, 4.9778209006229943, -1.416385817369373e-05, -1.7932065177004704e-05
27.754754273668201, 1.2114721927989933, -1.781929558039881e-06, 1.028121447175731e-05
51.328099180162596, 6.0963883421100702, -0.00051506695130066693, 0.00026126228946700972
38.02931716918544, 11.122795287062445, -0.00041335858718102788, -0.00083905406207763556
29.30129087371807, 8.2995868060763875, -0.00073392726270968571, 0.00051344364786198404
35.861590393218776, 9.6941214292906661, 0.0010587347776788933, -8.3605461465276673e-05
52.345500426693263, 6.5802622177093433, 0.00034412463466660298, 6.9764348459976522e-05
57.363895552465799, 1.5262553307864788, 2.9655757269601877e-05, 7.5828564492734304e-06
30.812865011307832, 6.9770191897417817, -1.0990446434499658e-05, -0.00011657279594089315
29.412533892874116, 8.4226852167630462, 0.00064300307054175935, -0.00030954384035312277
34.41500655900996, 9.6791704043827576, -2.7997664146253543e-05, -0.00047481191417426797
45.849804047707472, 8.7163146603601938, -0.00032512653341580872, -0.00057020302157576573
30.377298053006108, 8.1322633882125057, -2.0123913939523657e-05, -0.00075503248459922868
27.602579624820414, 5.1380226206891146, 9.6610524757388393e-05, -0.00022168955562716395
34.130480889911958, 9.7766824261739806, -0.00037050364584086321, -0.00055682959693466945
49.096111388557318, 7.0945956384036792, 0.0007603817944428665, -6.0752482747048123e-05
37.903481171222758, 9.877617566066764, 0.00022940833423590318, 0.00031258378660607803
54.715207284045725, 4.8884177795946888, -9.9238466780914351e-05, -0.00011030548622490295
47.923711319622456, 7.93630350401006, -0.00078181040924364675, -0.00026636477193166204
43.746092728352615, 9.8551891934768499, -0.00031133771324979252, 0.00065544523802918409
36.892854156090117, 10.159819138326769, -0.00078413950058598043, 3.5820277010774642e-05
46.687425874886024, 8.8416772412036284, -0.00031415727828488198, 0.00058766783572674621
28.531856988803327, 6.6800166009164581, 5.6689634436963359e-05, -0.00035489823772302695
49.299316955960514, 7.7635692333149979, -0.00056115854060796342, 0.00010296621594128257
35.33986459270335, 9.7882403778414471, 0.00059344208480904652, 0.00054604184150784717
37.296773559369299, 9.6264862395558328, -0.00020263015700139878, -0.00016292032986101978
36.043401223809347, 10.048769754856641, 0.00048565671575687022, -4.7340646708409335e-05
36.194671317228831, 9.5407993243303704, 5.8286226970900303e-05, -0.00021749700234884449
31.19261360842069, 7.3073310339661806, -7.8733591483762651e-05, 0.00013786446418307177
32.955070207136643, 10.162193867078431, -0.00074992131840487752, 0.00082897556865286505
37.702017832980175, 9.9060550633312641, 0.00033681040897863757, -0.000560227588027505
57.14302623039984, 1.234891127118473, -3.4853026294153283e-05, -9.5230386377510374e-06
47.547186114187163, 8.778742700896613, 0.00012824527900965403, 5.9068488303814448e-05
32.312689677614109, 9.1317094530490248, 0.00063177708339557325, 0.00039787179435751016
46.141841031753401, 8.5541272220453646, 9.7650449998986101e-05, 0.00075943923686185727
51.174740257063142, 6.7114868077260619, -0.00016069372268205613, 0.00014698683350778687
46.826062765070716, 8.494045798230097, -0.00048422078414033735, 6.1854958303283469e-05
30.603154904777242, 8.3008993975259031, -0.00054806481578350272, 2.6316368917805427e-05
40.609314131146107, 10.096748481653577, 0.00053854711472380338, -2.9756144058059994e-05
42.155088836931391, 10.157121372230005, 0.00030331292270049812, -0.00024756144062891414
54.042896674752349, 4.7241951741309052, 0.00029533312617390569, -6.1712951500476223e-05
52.105161175691705, 5.9528241605301941, 0.000295719723163592, -0.00022316050027946838
42.724270854202096, 9.8099499016908318, -0.00025419137358740788, 0.00016772561485415191
30.625010410034445, 6.4172134170150033, -1.3038701986974532e-05, -1.402079240056528e-05
31.23276966346938, 6.9603443206325837, 0.00061722788222950281, -0.00022021890795228757
53.634932404189911, 4.1358720479078048, 0.00035831381552563126, -7.1165078201380024e-05
33.566901151038479, 8.8313770751747391, 9.5485739779651977e-05, 3.8108483797403162e-05
41.225886669943804, 9.7018083845195111, 0.00017483454704436693, 0.00031156006812580421
50.519494123153287, 7.2805418842493292, -5.7142451812655054e-05, -0.000445808367929911
55.683635180354692, 4.2638456822361901, -4.8609203059033267e-05, 0.00015078648805804513
29.576763042902595, 9.2505943836415341, -7.8577876070397843e-06, -0.00071526937051778013
55.649168750745943, 3.8710982593599672, 6.9164085332421715e-05, -1.2946638268288953e-05
52.224453271188153, 6.1145109702753144, -0.00026937895753341895, 0.00010008763452962396
49.452536740217859, 7.497450831360819, 0.00030347812509057108, -0.0003663462341454665
48.885464810871845, 7.6068264704981958, 5.0520434208874203e-05, 0.00068681277654955445
33.413007545534228, 9.679770288155833, -1.7971283946041841e-05, 0.00064870933909344692
49.353284591516939, 7.6323065216745825, 0.00031656002112065467, -0.00021483330650467271
40.161837043556439, 8.0191958902390184, -0.00044806922817636094, 0.00065704583827130392
45.678611598243968, 8.9027335516007717, -0.00015410681193824178, 0.00029053675528436325
37.710337209758592, 9.6677019838746521, 0.00020294851149564428, -0.0001002197953712095
35.840761479319085, 9.7686187979691166, -0.00026889910005904147, -0.00037634049289270247
50.646218295390462, 6.8996345393077396, 0.00034458472890505328, 0.00015764017027612644
54.419578854729039, 4.133192973583788, 0.00032279448043493218, 0.00011892220042499725
35.394527401659815, 9.3867422880180627, -6.3774703225932296e-05, -8.4040826223418975e-05
48.619294214748287, 7.9902798559564836, -0.00010866806148737048, -0.00054951603030147541
44.111698086012716, 8.9820176524941839, -0.00019437928308013727, -0.00065513819252446598
33.967891374033762, 10.56034484342007, 0.00047997375478140054, 0.00099678677674834375
31.624172120880157, 7.9670921452834564, -9.7201142158176784e-05, -0.00026435868444254183
28.127998489908009, 5.3712590650261278, 0.00022041103695128749, 0.00021689683461322999
53.683241112010634, 6.0776996071181024, -4.2690035475945931e-05, 7.2929952055360512e-05
55.199465878659403, 2.9362435955865762, 0.00011321061894300951, 0.0002191452732575872
28.871445831396102, 8.2285940424409993, 0.00063619315903113143, -0.00049789459716213466
56.32547886790983, 3.5362755064850622, -3.930782925335886e-05, -2.3389117429380665e-05
28.952489729638344, 8.3419112994030193, -0.00070468153377495986, 0.00059671084047182221
37.165848398459907, 9.6652998080525823, -0.00084100534973348656, 5.9674243172682089e-05
29.193541275421833, 7.4716352473455956, -0.00038094661912242917, 0.00048054294463726401
51.075184612202129, 6.6083376494402311, 0.00016178110916461222, 0.00037936352402979874
27.652747711779512, 7.6461679957632454, -0.00020253005309858767, 0.00076350608912561699
31.273456513361889, 9.075256369238863, -0.00027729834394988641, 0.0004146529183837949
27.106546072225978, 7.1197828727204699, 0.00073719810059738014, 5.6911276537363766e-05
45.340666514113344, 8.461953501317403, 0.0005014400240790245, 0.00022985692927764213
40.404437912692792, 9.5594073304443299, -0.00037575418509438368, 0.0006809369606765118
50.886002571948723, 6.9715922077744823, 1.8167971743247745e-05, -0.00046575131326101189
40.645014916037354, 9.8656055930011135, 3.8018072622927135e-06, -0.00014172470507135642
40.135711475469904, 9.4290069664269041, -0.00043804461981780419, -0.00028939679494110581
42.036972184365716, 9.8061016727067845, -0.00030196319638609812, -8.8498891250227312e-05
26.36304104544956, 6.1630800713373715, 0.00012425988105350391, 0.00061808285920543233
37.866354436981887, 10.245657257187116, 0.000925601502922059, -0.00043359361141784216
35.286757231227853, 9.2380193648433302, 3.0634706515336678e-05, -8.3641539550359558e-05
44.784225164995462, 9.088172561896867, 0.00033868731618372509, 0.00010435283423203041
43.038725719230811, 10.175141894753786, 0.00032105077325259799, -0.00056797297019788376
38.491959189968448, 9.9572632734311988, 5.2857131917480349e-05, 8.663741340864986e-05
31.844796378855921, 9.6014969971250697, -0.00073023312339997009, -0.00013220303287615363
39.101762797691215, 9.9269841176231761, 0.00081519582556782494, 0.00061920155579862424
29.759244781138623, 5.6750584844634204, -6.0178854018799654e-05, 1.5677862000783679e-05
51.099340715700805, 7.6473449199960495, 0.00010255577532342842, -3.4372148716663986e-05
54.435786417933812, 4.092356030317216, 8.6373363028342042e-05, 0.00026195934261110147
45.233179296817369, 9.1935864905455915, -0.0003939920945322745, -0.00044824489833476854
31.961824886501343, 8.2743808847783917, 6.7064232748633416e-05, -0.00020648627630931226
27.734944366136535, 5.67999372457479, -4.4552450061903777e-05, -0.00029286570964913677
28.188840381096156, 6.062701674701688, 9.0714674906296186e-05, -0.00034818822903626845
40.70781854422426, 10.148345204484771, -0.00040573773665942425, 0.0005754709041943777
54.383483196924672, 4.5890495164023823, -0.00022023261375192908, -0.00025042271660129613
29.632787169993051, 8.8667825096574298, -0.00058170223857494194, -0.00073847892901844907
37.231688792170026, 9.8928996889437819, -3.5764373096772964e-05, -1.3146047015779086e-05
44.024368452998722, 9.8698799836659905, -8.3438380537164303e-05, 0.00068957009494254539
45.238203496058254, 8.4922107815641859, -0.0009094028521108101, -9.32856308013053e-05
52.091889487212633, 5.9464634397419136, -0.00045399241251071782, 0.00013911319250317465
38.300311214145722, 9.689331585492587, 0.00058153272221349046, -0.00033086572641429965
28.4575348986845, 2.3402902433313928, 5.808742845461009e-06, -9.238582214897777e-06
25.288263214154892, 3.4460753056937081, 5.8189479339375058e-05, 0.00022084697094792999
35.427378177529917, 9.4483357090323317, -4.7211431201524139e-05, -0.00022240826505781085
33.06180118270688, 8.5365613969592076, -0.00020303426950558969, 4.1392318132900563e-05
55.749396024526234, 2.6799210648072238, 6.8876410343187566e-05, -0.00015858061275761983
40.709183529200558, 9.2043888599453538, 0.00074660152564493074, -0.00031436230744757889
33.180543164656711, 8.5015149407062456, -2.0830918302848617e-05, -4.868099100703082e-05
26.57783908226293, 3.9921898153304909, 1.8938680177270742e-05, 0.00021104832274254317
37.948416188537479, 10.204191656070659, -3.4576599996592709e-05, 0.00024919271319255977
43.265020684717882, 9.7102633438565835, 0.00094691876011464618, 4.5044763776841094e-05
47.636188945132986, 8.1035699226228282, -6.8145225136132683e-05, 0.00069111815489038113
41.236140331945528, 9.4283291682363668, -0.00094995575865633767, 0.00023686567404688466
38.682559305780998, 10.20953826504409, 0.0003274600298103905, 0.00039926582893205434
32.099250906527537, 9.2085523074137328, -0.00044036071958620962, 0.00014767331167996371
37.218313899099236, 9.5359898399421645, 0.00016449666921262282, 0.00053469565813553149
27.866336715545678, 7.443264241303635, -0.00061011661175146368, -0.00019391195273488389
39.636645416136098, 9.7335175380187149, 0.00099989804159363775, 5.3009478513955368e-06
32.494159058065655, 9.2736137219090082, -0.00021813932864780044, 0.00059486229029019372
31.56957703096899, 8.7475238569462839, -0.00036879405533832277, 0.00037899150682096222
34.324254361950878, 9.4922670368146917, -0.00040146191654182224, 0.00029653585190236452
34.159600745811311, 10.099173222694491, 0.00018268851463544333, -0.00071407536836590505
35.262049492774892, 10.329415577810702, -0.00074121361618290527, 0.00068496032803640465
53.839727822968023, 5.1067123515745054, -0.0003626408097821444, -4.8493172057045814e-06
30.547944946990043, 7.6409614243300537, -0.00010387942793918641, -0.00041466540982868356
52.784686965620658, 5.2792206034870262, -0.00028429326528155911, 0.0004385604143710924
53.639079876364839, 4.2444707683224268, -0.00041505150334070548, -0.00011125830888581548
40.381641064867722, 9.9603455333355999, 0.00066598332233471804, -0.00049174676124946433
39.516248851684317, 9.7174527045242254, 7.8456422957955696e-05, -0.00018013140932330609
32.600914024294376, 8.3448516732019868, 6.1797024740491222e-05, -7.1448253260196612e-05
25.772240576679391, 2.3153134982222974, -5.8421409137084308e-05, 0.00012073164848780643
33.465652129612181, 10.006510570872269, 0.00095927282282425757, 0.00035940155285612283
34.242320312739025, 9.2820655279656599, -0.00047233147064175044, 0.00041376030192549567
48.086611061227572, 7.8736283258086281, -5.7344716097932512e-06, 0.00069218170904733088
29.894374748000772, 7.6736997945264482, -0.00019243083148515755, -0.00017625991106171734
32.182431101308438, 7.8905706651153267, -6.3119240273047962e-05, -5.5600082817386381e-05
30.44178840437857, 7.1238178755542876, -3.5278844811132654e-05, 0.00015762268982988972
36.164035553091992, 10.209973062908261, 0.00073933191874606423, 0.00025913971328002416
28.471672623304304, 5.0853868002619995, 0.00010841852545020936, 3.5030726152321868e-05
45.06659341686953, 9.5590276776029857, -0.00022534942363358246, 4.9167527022162326e-05
49.611223672255178, 7.2839436665114059, 0.00037141355864644547, -0.00030388209293388937
42.976674355917119, 10.447782686222643, -0.0005421561885647527, -0.00057544172457795275
51.526671112639221, 6.0960161648619851, 0.00059242817241013683, 0.00029559583143403317
52.873380910786075, 5.9725202216123403, -6.0365731825956398e-05, 0.00021048740876653311
54.738287276201149, 3.4168533257108669, 0.00033377371421566821, -7.373693124169995e-05
48.783158865958775, 7.6728099135601298, 0.0005964843935943625, 0.00024192521738673539
52.307681279982049, 6.8014561327021585, 0.00016139194729753717, -7.6442853694452841e-05
41.684147357352849, 9.5912751880379492, -0.00061616512050402777, -0.00050792422330416171
34.513438163592866, 10.54113311945536, 0.00027183965782147666, -0.00088223811224253821
30.326792119110124, 7.6185736169318767, -0.00017317621824358765, 0.00042108022232166824
47.572353117374227, 7.7348343214645388, -0.00065657000960078521, -0.00026364474030173961
40.568357861897681, 10.189833030813871, -0.00039913145863275037, 0.00075898249317725918
53.191779505080149, 4.9227677538611374, -0.00033421580741628001, 0.00029361483989807105
56.911216518999566, 2.1999617253079404, 3.2406548689077512e-05, 8.5205500182937493e-06
41.530559102044428, 9.8166464651420018, -5.0311997658900913e-05, 2.9686624570930808e-05
46.896112563317566, 8.2654884286044403, -6.664617372074093e-06, 0.00075171873399429293
47.033809793201264, 9.109956804115857, -0.0003575725495622649, -0.00052407369594759015
24.298417889417326, 6.8213267794415122, 0.00034394568601219601, -0.00047187244689701155
33.729401525370612, 9.1789407352662788, -7.0022289268275079e-05, -0.00058559013597871145
47.576998661604009, 9.048124287643537, -3.6364824115548249e-06, 0.00026921062499076051
31.916239462676661, 7.2459480510150849, -0.00016126733492179764, -1.4781783919284066e-05
26.400795267133031, 3.0678020022768675, -0.00015097719634824046, 5.4113780767019425e-05
38.55236552749615, 9.6518980831990611, 0.00040666500324812411, -0.00020798064848458927
30.040177256105821, 8.3532849292408748, 0.00073322476325247022, 7.7552455639034537e-05
52.672931315540275, 5.6982715663823846, -0.00026234706108454846, 0.000329084603178844
53.283318493014029, 5.3324390729463049, -0.00020594435471751088, 0.0001788906062148351
54.357943530574175, 4.5285579163280199, -0.00032701172064244626, 0.0001654109813294671
35.476869400625027, 9.857467526629442, 0.0004451527018091467, 4.1722018163817196e-05
31.40893711307265, 8.4648293274604356, -0.00020450687079291835, 4.9924971936670264e-05
56.155329014682188, 2.0879121471159854, -7.5911196457870153e-05, -7.1927925535346962e-05
50.161173748861827, 7.7955371403528853, 0.00019464574451898636, 9.2166723725256168e-05
50.107524152640508, 7.6262066048476136, 0.00024555748051483499, 4.0875050737804092e-05
50.397678328196449, 7.3239910236818995, 9.3613355045089462e-06, 0.00035275670108609697
51.3783421203348, 6.3345278877870896, 0.00062590878676713245, 0.0001062745527149854
56.141289875212202, 1.148590127564127, -2.0803576981865756e-06, 9.2584345295317763e-05
42.612350495534599, 9.1096549290275313, -0.00044368555496149774, -0.0003842052935168304
35.662649800122715, 9.5454028439871106, -0.00063586548798278829, 3.3351760107030304e-06
44.894052225618445, 9.2827070232304507, 0.00047183617252708284, 0.00023324699248983765
33.888204611801669, 9.6807814960590282, -0.00067919488816259429, 0.00020512339154088642
38.125987901521377, 9.9714537912026273, 0.00016449632016453603, 2.4862754480008333e-05
39.116405910127909, 9.3829812016501553, 0.00078730351408320682, 0.00024474040512903369
56.180436810690303, 0.67861394543563724, -1.423127543335106e-06, -5.5368842298049555e-05
31.163927710051112, 9.716819241586526, -0.00017336550845014427, -0.00073189168529665973
39.327547232258233, 10.146555105255716, 0.00063483345703853604, -0.00049546125864935984
53.703036107190087, 5.4521030389022274, -7.2586949266266977e-05, -0.00027998322116431302
56.133880626843009, 1.2899672601743606, 7.7841998114069018e-05, 4.8890204592220967e-05
27.493177670029013, 6.5331579525008063, 0.00051213454819185121, 0.00049645266867605982
25.968739479570978, 5.7295566616863445, 0.00023699017024600888, 0.00046917718684440441
55.309295671492109, 2.353108114616822, -3.8176826817021365e-05, 0.00024571609642667219
46.99410883264644, 8.7093819100353702, 0.00011599867748772194, -3.377685008714821e-06
54.234709234629513, 4.3983222300962748, -0.00014085872531810969, 0.00028960450113672077
45.750400289959146, 9.1054117729939197, 0.00015437751550352136, -0.00085015480772116534
34.453103649516805, 10.254322851524119, 0.0010237286751410323, -2.8203090797916861e-05
36.848246589267596, 9.5725469943826162, 0.00069884201866165087, 0.00027212960364670171
47.60260633135357, 7.9368627501647318, 0.00085413924447703894, -8.9326306409564677e-05
48.020563580633606, 8.4263442924123879, -0.00030909326805703119, 0.00037734048365873349
53.071507282680784, 5.5582058732434598, 0.00018021641875838541, -0.00017816728043605284
50.350539476715291, 7.9254769976015789, -1.096789482658168e-05, -7.2344891951792791e-05
49.480518897969532, 7.3339237986865333, -8.6356282250243507e-06, 0.00054311675014864661
49.574555591998127, 7.0165979898516833, -0.00064375684984106286, 0.00040610178469913658
24.757539655216373, 1.0460907029239062, 7.815994192664456e-05, -6.2429841531991601e-05
45.469815469329127, 8.7663804245405768, -0.00025956512065621675, 0.00083387397488012276
39.309436643421648, 9.9482424367169138, -0.00028411383776447802, -0.00072395239546821941
45.634715313082211, 8.8667171253293358, -4.6609467172743382e-05, 0.00016597879743974776
42.16436669134589, 9.4672209918835417, -0.00041537209882878528, -0.00052029155007110269
41.116680712889881, 10.199784836743506, -7.9742944520581102e-05, -0.00023427788659243932
36.95201382951447, 9.2460607136202348, -5.1037537782063525e-06, 3.150663663880765e-05
55.07170985942156, 4.4360166283283968, 0.00010013326618107665, 3.6479203817726606e-05
32.089196193064645, 8.9663629598813479, 1.8617603217987951e-06, -0.00038607246523632472
47.593362317777931, 8.679147813838016, 0.00034660980792549083, -0.0001046189811554705
56.270695849729982, 2.4862822053457077, -7.8051690934249608e-05, 6.5673810158094673e-06
44.499622830038597, 8.8513673142854472, 0.00021984773876549662, 0.00018012023614964953
31.90264890481874, 7.927856680204922, 0.00021334715153641627, 0.00010101590411134679
50.229268195869551, 7.5113159091799115, 0.00046683314345858653, 9.8629901631408512e-05
37.98252412651054, 9.602619610254246, -0.00026600616335291344, 0.00086620244875742407
30.81830718217233, 7.4379543002994071, 0.00030528576600454726, 8.9634829629674912e-05
45.50285225869888, 8.8966598026569788, 0.00064809485773184279, -7.6146974692442872e-05
40.108479156110192, 10.161160300024989, -6.0230042130641665e-05, -0.00028237163053917302
35.716198063075836, 10.098598546675106, 0.00032280614882055725, 0.00081540105091569331
51.008139813013933, 6.2993088416485969, -0.00040662851953524579, -0.00049971458120105056
56.090323932589023, 1.3561618456730991, 9.1778021711141444e-05, 4.0810852051322581e-05
49.268424118938846, 7.431887010577749, 0.00023690024469328832, 0.00061775749522736175
46.535879872992837, 8.9115533794839195, -0.00011810575635728169, -0.00026180071294321029
38.740940484139848, 9.9417054636190567, -5.4052983540092662e-05, -3.4333221646378997e-05
55.200199851051458, 3.3035770396827155, 2.622719302505953e-05, 0.00022552570597583467
45.531950109385143, 9.7481328282381217, -0.00011973056225783192, -7.6354035814588431e-05
42.716008454243401, 9.3285568257499882, 0.00059065289753327957, 2.1724049821149439e-06
46.808034963502571, 9.0837205987212482, -0.00028638632699073187, -6.8639656081355874e-05
45.176611157621927, 9.0706108307268085, -0.00047477095865738363, -0.00057717696511836152
35.046142469763261, 10.374406582587833, 0.00094312632229456633, 0.00038765991721402234
39.060880806420677, 10.211797558334744, 0.00020189636152114166, -0.0001928365042592765
30.16998941080309, 7.753315121556013, 0.00032945904263001312, -0.00016269822562595373
56.115777422433716, 2.6658617772968736, -4.7300364588533264e-05, 0.00016345300462973879
37.100469427490154, 10.124290630669197, 0.00099619521616124652, -0.00012159264152745411
35.57191045441467, 9.0891709643403296, -6.2738844950104724e-05, 9.3696356138314835e-06
55.727633517646986, 3.991833266424115, 5.2393307102412678e-05, 0.00015321808120838487
34.717337523031304, 10.016979775887688, -0.00068892663220614656, -0.00014760567616287594
45.405874049126311, 8.8755185371226624, -0.00066575662476668271, -0.00052697697446406333
30.102532824170705, 9.4233137373341123, 0.00090011382914201364, -0.00043229469768076457
43.058702807158355, 9.7025932234798589, 0.00092417373678944719, -7.980014867396126e-05
54.184854466373572, 5.4157719636290604, -2.7520576917754828e-05, -1.3000183160736641e-05
38.247954701760982, 9.8196879612666734, -6.0002587798763269e-05, 0.0010232717571977356
51.933584941181124, 6.1892443997838518, 0.00038404421111475241, -0.00037135418077044577
41.464595449942912, 9.4768332933498503, -0.00068039470283948655, 0.00066329063289475285
55.409208216206174, 2.2458476236102345, -0.00017222438308100305, -0.00015184410459766017
34.852854742609146, 9.8325687353522184, 0.000801994719224475, -0.00054329855325790835
32.2696797025853, 9.4246981366555804, -0.00028649819972824663, -0.00079997831232913382
44.466761597830008, 10.10586952414198, -0.000517831924442278, 0.00073158218334715011
56.691474227649358, 2.2478643671813803, 6.3001853027004273e-05, 1.0080368496924308e-05
48.566384315160441, 8.0434857771240882, -0.00016565965886787662, -0.00046529599100790493
31.023450274374689, 7.1484143622247149, 7.6894323891641656e-05, 0.00016172073630058424
26.680734081444015, 6.6039344096260217, -0.00054380860931643477, 0.00027597236790390226
41.325243362270278, 9.6086948411627766, -0.00013875078673004785, 0.00014938393170190018
24.58706442904256, 4.2330470723578131, 0.00046076919218406015, -0.0002206737814678012
56.700400426918236, 1.1963371595721466, 4.827825645819874e-05, 2.4405639072961709e-05
34.820438809991941, 9.6376985842928082, -0.0001997369847849341, 0.00028502821130519415
55.293977559156929, 3.8263519979174285, 6.7050736802747832e-05, -0.0001344921411284398
56.17471460106789, 2.1837398812799118, -5.2967087679731249e-05, 0.00011695735570981716
28.267006708606214, 4.8908089922741995, -0.00013222178306215355, -0.00016944358843231291
49.247744480804855, 6.8820683324150149, 0.00077871859664186023, 2.562946596929394e-05
35.876768867002582, 10.163596882235902, 0.00052535114888361309, 0.00019189124237903161
43.787451279001516, 9.3095400975271065, -0.00084572420109035938, -0.00014818436040961628
41.908954677482534, 9.6097304514964001, 0.00077513397385617334, -0.00021797793338387857
41.329439082578837, 11.334079670915497, 8.8003467863166142e-05, -0.00088161434864579883
38.87029561555434, 9.5833889047892598, 0.00015386472282794995, 1.5769557735297495e-05
41.864545568734975, 9.6932953049430743, 0.00030588013489553178, 0.0006516894613737349
42.828988996300502, 9.907203275603905, -5.1323033804389243e-05, -6.1865116273587429e-05
27.823535518354273, 3.4849546697460392, 4.4390771703972128e-05, 5.880504380086846e-05
30.54296013952608, 7.9664836989278927, -0.0003657548728221733, -0.00023210265217673792
48.727600883233585, 7.2864894446325943, 0.00071291677142636698, -0.00034295821566272534
54.214397054487428, 3.4205965604794462, 0.00028033020652771753, 0.00026344423817798129
54.818203432831389, 3.8093351163993101, -9.486575588688155e-05, -0.0002825610958457664
30.573646717616956, 8.5344744843272569, 0.00021616778703916151, 0.00040471578959122231
29.402894791156548, 9.1482111168963129, -0.00081813030940898685, -0.00043842194787321133
44.26015645700636, 9.2395777234743459, 0.00068654100570018656, 0.00015829058956447556
56.120628279808976, 2.4140956610121096, -2.5015754589263965e-05, 0.00012335531790248617
45.035863929459673, 9.3056578718425396, 0.00033213950592501918, 0.00026843687244575419
38.861368000789312, 10.215076313593887, 0.00044772407367401425, 0.00082585623668731474
52.244866939933232, 6.1952237219317352, 0.00027604171606013483, -3.4948201339130147e-05
42.654506828478766, 9.6621432464927341, -0.00021592121558722859, -0.00075761020075840028
34.628331129966377, 9.5711372633766931, 7.317424247379022e-05, 0.00019584898578118724
40.309475534324186, 9.6486669731885151, 0.00043677922264060228, 0.00036601211977211419
49.557171050326453, 7.1081889767826709, -0.00047664722893887965, 4.7012742400188058e-06
32.998625193276425, 9.2956038124645115, 0.00069860644021005043, -0.00030692090584865045
36.271103350000502, 9.1196778799865843, 0.0001309904633224191, -0.00092271055053388137
35.822276518542644, 9.7096697466969477, 0.00047973653869892952, -3.527748143868599e-05
50.356496175028369, 7.4998102225327994, 0.00011457635242954507, -0.00030845895930544824
25.866892664348118, 5.6053190702273472, 0.00039906502838276417, 9.5117172736398418e-05
51.615978310542637, 6.4275661025980746, -0.00033550801463289335, -0.00039653155105308981
40.207885705438841, 10.149368566248427, -0.00051962969156704633, -0.00070494958197794529
56.397545159423643, 2.2824596779640789, 3.7918327397600809e-05, -8.0684839843576819e-05
39.982611353390837, 9.1174099867098128, 0.00022425077300038742, -7.6289698065668286e-05
32.106310510540112, 9.6664901774900169, -0.0004336536709213205, -0.0003938683736890507
43.194769613469042, 9.7213215777800723, 0.00088231920658526019, -0.00047050861565745212
26.487988734377918, 1.1953589498792681, -5.5109732694096303e-05, 2.7835524367969639e-05
54.796034137534953, 3.4695018644954936, 0.00017173877238379836, 0.00016439899024770836
42.860454798026709, 9.4929059030380323, 0.00075364582438663442, 0.00037784164224800409
51.87962549140493, 5.8385825697501268, -0.00044799470575531926, -0.00042862252870280065
36.489260059003946, 9.768169134139491, -0.00020725941474844948, -0.00031031881905357921
56.429130129461868, 3.4043584945655772, 4.1275022798443675e-05, -3.6071774802165935e-05
40.416251696755644, 10.3777316889561, 0.0008798376169748929, -0.00021998001035011434
27.609756138631397, 7.1423204562080951, 0.00052438938583136393, 1.1010960283305401e-05
45.818097966239542, 9.4327792481397008, -6.1789634870656766e-05, -0.00069040814226113462
32.767642356415038, 8.171218519786585, 3.5623110429074902e-05, 4.2595751364048068e-05
28.444688639602717, 6.0465707726956612, 0.00027706049915530897, 3.7679121832432573e-05
43.905794772998135, 9.4158277818383684, -0.00040479813879116763, -0.00013804469864535135
32.052994514239437, 8.4548405693358148, 0.00025958688178456124, -2.0986505336321977e-05
52.713317797696739, 5.5081993403425278, 0.00032518746765111591, -0.00019987599175503584
42.196289596689496, 9.5238157557415217, 0.00062379694229590843, 5.1367374226342173e-05
38.173528735750715, 9.3814648712982276, -0.00010326297960918598, 8.6135762115739672e-05
29.659530651962935, 6.970502582650357, -0.00023125856940955323, 0.00022082760973416305
44.7927714561947, 9.3300545251015254, -0.00074008655144356338, -0.00060610517934241821
39.447602169740328, 9.9780132325722626, -0.00058958995281714035, -6.7013740533289112e-05
54.121011745301409, 5.4860892508266446, -4.9506741107384935e-06, -3.0499264923399936e-05
33.879563149169471, 9.3558627187396315, 0.00023816161905832253, 0.00021297500846934216
43.579259699197131, 10.026438865255317, -2.5512449725212585e-05, -9.47562940926394e-05
28.401411646004775, 7.9693529452231964, 0.00081629443175273509, -0.00020320192290374767
55.460222344813168, 4.365875094989156, 0.00013865736894482341, 5.4550552546529708e-05
28.709659834278067, 9.4954822318895111, 0.00025399393602717606, -0.0006947419499101343
57.159486503009397, 1.7389151913909147, -2.7340159399338251e-05, -1.0235841777661476e-05
47.996330239005047, 8.1267456657751751, 0.00043301972130235539, -0.00043393473389384275
27.286972693810174, 3.9075340733217439, -7.19347941965989e-05, 0.00012539612996967551
45.955858505273675, 8.829848204430796, -9.4247848197015561e-05, 0.00036408013997716606
53.26750504989279, 5.8286040592509876, 0.00013233912081189096, -0.0002665505204523326
42.50466402713699, 9.6080504923898804, 0.00068581875351750993, -0.00020242482640602877
47.348385766812548, 8.6659035232563273, -0.00010016163536997642, -5.1657163948057879e-05
25.26721014727352, 5.6668649916256637, -0.00037270685705069896, -0.00010006046411954126
34.96246235015537, 9.4707468564456327, -7.8759968959690651e-05, 0.00078970752539987243
50.629703272676245, 6.5483260594302832, 0.00050913347550226283, -0.00032523055226956539
37.692032683694521, 9.7657881093678789, 0.00032634419798148147, 0.00043816532892154177
44.745339889081208, 8.9196688177572447, -8.1771281956500465e-05, -0.00091580907646911583
38.444350935169624, 10.214279791156516, 0.00078150352538597714, 0.00027140294673313282
32.370053891856045, 9.1112383737590061, -0.00019772178733730469, 0.00033088005585932322
43.572514232678536, 9.3325429217033324, -0.00036543215414453097, -0.00062374952241297881
31.362283410725766, 8.8778264919664327, -0.00082597841674665541, -0.00045049613834380429
39.136415935153543, 9.9124698071341459, 7.9836416473549643e-05, 3.9806463967761642e-05
36.164608294493384, 10.362909974250831, 0.0004432307693019053, 0.00093351342909595936
33.430917424889302, 9.7628551847571714, -4.6279886391021653e-05, 0.00056439128055359058
39.630435819247666, 9.9658476134926683, 0.00095700514053382191, -0.00032801084125668118
25.260747766549528, 5.3886318255895951, -0.00044108587025289256, 0.00023434031503311346
35.469766701958363, 9.8767524863549898, 0.00040014694979025354, 0.00035972346621973897
38.221591185751898, 10.008002196340895, -0.00012813083696703697, 0.00013647698844057083
40.095111069918573, 10.028051573023744, 0.00019893869801930098, 0.00061943732693064426
53.011244401907696, 5.689601784202666, 8.6759899169989483e-05, 0.00016969219618567595
37.293275727969394, 9.9267389349178323, 0.00023751710509501312, -3.0100170568892161e-05
32.826159906514945, 9.0302933539038079, -0.00045204834095742021, 0.00024867942653959132
30.61470486891762, 8.9512596679869922, -0.00050060081612372982, 0.00076729146322789064
28.493272810898912, 6.9971595681765155, -0.00014343062989973478, -0.00047768461134471983
31.127878135131866, 7.1862696812476745, -6.083536856285425e-05, -2.3523744855700371e-05
39.06861831404369, 10.18289075254429, 0.00084200676403606723, -0.00062824338648312221
29.030900542675205, 8.2915767812582235, -0.00011980574899053932, 0.00066605020666107059
33.841796388820377, 9.3322150780839959, -0.00038652267424640712, 0.0007591689694400964
41.937256258577911, 9.9033490825191546, 0.00057939555096641574, 0.0005797310112263226
44.768243483017159, 8.560288452408102, 0.00032134171257211687, 0.00087581831288914395
33.955335666842039, 9.0493129683590148, -0.00013724387087701539, -0.00010784713760281094
25.984827625914303, 6.5818436948376302, -0.00057364122315021549, 0.00033882440711749493
25.989475949573247, 5.2710725776257004, -0.00041604192590966743, 4.5435162519571491e-05
42.086828249581281, 9.6554900979053233, -0.00013794501050422411, -0.00023776532645274751
25.972902390462526, 4.1948931007929611, -0.00024565300456789757, 6.6123082866322843e-05
49.416487351675407, 7.2284534787983219, -0.00054137600241649017, 3.5085529050208428e-05
29.788076433777423, 6.803092495160282, 0.00020291126047577079, -9.049889432190352e-05
47.030649871567306, 8.941437311607773, 0.00052200202911660521, 4.6263489996560011e-05
41.069557568135025, 9.9903736487252601, 5.1636912668661584e-05, 2.0375218968553007e-05
45.393379894983802, 9.142216590678153, -0.00070673714793822778, 0.00033887160899198762
52.002281950621892, 5.6127415080984733, -7.9059580717617727e-05, -0.00051739944201401413
42.885676760029654, 10.076456552485316, -0.00010082894014616187, 0.00016334767140745713
45.549028520445802, 9.3972553124865126, 0.00011761921222527776, -3.849368261523069e-05
40.847388696770111, 10.700844076029334, -0.00032144037405450095, 0.00052523635670052621
32.760237363569978, 9.1031126844187273, 4.2704210592026778e-05, 0.00041425237186082983
43.516278592187454, 9.4134028570765356, -9.160090230918038e-05, 0.00030286523093165334
33.429479454047538, 9.1560899651210566, 0.00049058963612919157, 0.0004645628376205941
50.792478821462389, 6.8861454664255177, -0.00046701896587527004, -0.00026290152209063641
27.612868352858126, 7.2601174576839558, 0.00069153767805788793, 0.00024256739719381932
35.814480239859236, 9.7303790393680547, 0.00059146304426777236, -0.00017362467215065424
43.778010365748784, 9.7805650479222326, -0.00016625278462761676, 7.699084645803617e-05
53.643670562860223, 6.0583206055420833, -4.4957893906145763e-05, -3.5721654891491845e-05
52.214079095081686, 6.8930161572658841, 0.00016425038600265948, -0.00017078122986155999
47.701576983507742, 8.4861163622668627, -0.00033924673524259903, -0.00019505018042259605
47.372944389594636, 8.5459974722526617, -7.430023896745813e-05, -0.00038105901673419378
34.68729998603321, 10.297072392946575, 0.00070500757302367832, 0.00049727432065340229
49.06005692762173, 7.8013416598562353, -0.00014404766389981214, -0.00056619555381415873
50.633145046476265, 7.3200053740575424, 2.5069100994057003e-05, -6.0971639808000625e-06
40.18773378774636, 9.8675322476127487, -0.00032120425727573805, -0.0010127340203574451
26.986462136761016, 6.0526613003254859, 0.00024222077281166478, 0.00036944010627557017
40.427658146977514, 10.159575954683556, 0.00066753900418235865, -0.00012523368441967313
55.404443940636313, 3.5584738363068436, -8.4867223220270839e-05, -0.00015308033960964457
44.689023726882283, 9.0654041114510768, 0.00059497949609405661, 8.0203675106894763e-05
34.76867072062533, 9.3019958550681139, -0.00025559320209405002, -0.00023413453337695498
54.510423339763719, 3.8311807653108252, 0.0001306557338824367, 0.00025437821160824979
30.800476284450948, 7.4584167555108412, -0.00022991654582404038, -8.3429742045684603e-06
49.868683785844041, 7.4483176245274931, -4.7818223098865657e-05, 0.0003062424139838295
53.002647308018808, 4.5528235040897007, 0.00015564988755665035, -0.00046769550989403424
50.194173533057381, 7.8430625366789064, -0.00029678733824728323, -3.6221146102240909e-06
46.507846125407504, 8.3771948793301139, 0.00038226182948744819, 0.00073312217744110814
42.467047216941054, 9.7248342496826368, -0.00062236541430592024, -0.00047427452257111589
52.88150726582198, 5.7513319436449937, 0.00041559166039821087, -0.00011650627274598594
41.425518047632124, 9.9144692385134316, 0.00025787314322834394, 4.2270347726141297e-05
52.95488658351254, 5.6282982371563106, 1.1350590352393398e-05, 7.458195345659518e-05
40.687179534123011, 9.465747936374564, 0.00055743433926194372, -0.00062300754040150433
44.565520881214638, 9.794633301747762, -3.1622630787340821e-05, 0.00033432259200214833
36.038398851282778, 9.6221120135618943, -3.4432490388215304e-05, -0.00018476577964749387
47.042004887384266, 7.9938339203767779, 0.00070959466539051972, 8.1721143261313496e-05
31.35731861926979, 8.0206188034433197, -0.00028708509812203867, -8.9191142124884595e-05
23.267500799963152, 1.4545603550845552, -8.472068335509815e-05, -0.00016671333814093878
29.143784024422608, 7.2792834744945099, 0.00029565809937148778, -0.00067348505139963372
40.227147813513042, 9.8968004994725245, -0.00033417579250504431, -2.3218748963774636e-05
55.408848050170128, 2.6708617872185094, 0.00016216348775226729, 0.00017760900913263214
45.871196992248422, 9.0371021284394271, 4.9152806468500399e-05, 0.00017807270562306978
46.997536041850076, 7.5102566556534995, -4.5545561615634923e-05, -0.00074458805584471462
36.766912674513257, 10.128640912772905, -0.00041371255265805436, 0.00021494908723222793
41.892864244738895, 9.8349017664842719, 2.414997850760628e-05, 9.2779605125582198e-05
54.886663317577643, 4.889771570568298, 0.0001052931843599404, 2.3281198236560681e-05
37.673916553998758, 9.9212340009957813, 0.00066665048501618853, 0.0005511131284515132
25.409541264260252, 4.6290583537227707, 0.0003499804989492599, 0.00010930464088637088
24.97345063755186, 5.8435217818424965, -0.00036683008174179726, -0.00045057846998491783
25.693840332212172, 6.7259834341269542, -0.0005179413416666899, -0.00044802630244407361
30.746658896694814, 8.4742996354964735, -0.00068023587524345731, -0.00030033988856402721
54.665535561184718, 4.538456624606046, 0.00017066318418720356, 0.00010792874079325401
30.722412659104076, 9.2846302050864686, 0.00062333999350184285, 0.00022486023905792622
38.708696460515277, 10.477554973031259, -0.0003188400472274454, 0.00025938589138084267
44.638824595706311, 8.2824542317322685, 0.00053595185449794029, -0.0003732425158052352
29.564780521772548, 8.4864782636823399, 8.3617874853512831e-05, -0.0005887238747887772
53.713456050968333, 5.2337536536553619, 0.00018288764851912942, -0.0001611667126794744
47.340604124596645, 8.190362816460631, -0.00084376269969589873, 5.266532363979511e-05
51.108404139212084, 7.2528817069765932, 2.0205842031894372e-05, -1.3558929575692162e-05
46.408639257533174, 8.5046743878402946, 8.5147894171429286e-05, 6.7235798314771889e-05
31.739113382149668, 8.9632088225785971, -0.00065771521580949225, 0.00017190397507245837
41.600900831453878, 9.0347102716860519, 0.00017282748493125606, -0.00030537497532930188
46.953795846163509, 7.977439289297144, 0.0004994501989792605, -0.0003924112806936233
25.478521234496075, 4.9468550573608496, -0.00032145403620958556, -0.00030568227665301695
55.780502245515287, 3.9420703142047571, -1.1531168999172977e-05, 2.3886565372113212e-05
39.998670419368992, 10.033395009304744, -0.00011917406859478721, -0.00049469293794486937
26.211238046846525, 7.1391644433794559, 0.00061314269974323558, -0.00027067680545600454
42.023179490592611, 10.024217459023326, 0.00076863460499234553, 0.00035775956909468064
55.55784053258737, 4.0739871642847856, 3.5780601691730842e-05, -0.00011939179777224099
39.508638337495007, 10.398240941308426, 3.5435867654531002e-05, 7.9387423483199534e-05
51.690116200773979, 7.0656230944137057, 0.00013676410508759368, -4.1572334836792022e-05
29.315047649993456, 8.3991553707069855, -0.00030437502485058417, 0.00078840444247025004
54.531616262481521, 4.4481577525377265, -0.00016614055045010353, -2.6067616178922542e-05
34.198095558752016, 9.6845409073077935, -0.00013384560221557648, 0.00063903578390086299
34.304864852390367, 9.891261329135828, -0.00036304040627598168, 0.00092355654200591039
42.011665080639915, 9.8091169176344639, 0.00037017623092570678, 0.0005801869206595202
51.646549487256372, 7.1147544001154408, 8.6095984980226933e-05, 2.2237773574161831e-05
54.948022280030095, 3.9089577333656207, -5.8385823841659691e-05, 0.00023542890655836894
55.909074723966228, 3.4187972549172052, 2.1844370885948573e-05, -9.1654193511123331e-05
55.723444347837187, 3.8277001261563459, 7.8499045118309528e-05, -0.00014095320479297783
44.317065169805311, 9.7639464727266674, 6.4831554932570331e-05, -6.3659294783581668e-05
36.471969845206374, 9.9864052916648696, -0.00035889390389038642, -0.00020069304775798813
39.345066349232226, 9.6392191533426779, 8.2212457057634475e-05, -0.00062193691347450244
50.986717133649705, 6.7685678775809448, 5.8167795113458175e-05, -0.00030043862157525951
47.363167679100094, 7.9497979056769514, -0.00019003168677395621, 0.00067496024434316642
29.31856122309372, 9.8746067758879601, 0.0010077595885861436, -0.00038550550306821238
49.489288251653839, 7.7080768074060115, -0.0002479814056501389, 0.00015689789786655809
50.924666940295147, 6.1976898838164107, 0.00060836894721054977, -0.00014099240610107472
40.713508388095313, 9.7998049047561491, -0.00091310167455098358, 0.00017206250111660528
24.447703069895216, 0.68038133832149672, -3.0946429155442609e-06, 4.5324824280488986e-05
51.234775838685152, 6.7455955491542632, 0.00040429645455802854, -2.6754988673423693e-05
45.478154165952795, 8.5904880724688919, -0.00068419368897494896, -3.3199218296540002e-05
31.118617652787719, 6.9884259279372047, -6.5702004508094001e-06, 9.7876228733725316e-05
52.055723971657841, 5.8567849977031106, -0.00022622968136028028, -0.00015650011584144148
46.256673463634527, 8.6534572623888089, -0.00019099853753497514, 0.00018093822679971788
33.224411695596459, 9.6700081817257342, -0.00072799527144545536, 7.8724487978164685e-05
34.593122502398565, 9.3004974609450528, -0.00015879133796397886, -8.6801228648969304e-05
53.96698043070576, 5.0136285758638435, 5.9217101579883792e-05, -0.00023531265721244001
33.592681089107103, 10.042935671710968, -0.00044146765105860586, -0.00068409068146104291
37.521363878540207, 10.322130370724787, -0.00012705112408939977, 0.00016541474947510382
31.834960537709524, 8.3373345298726775, 0.00028314096031161471, 8.7645862541962678e-05
43.240908119577298, 9.4201420884662355, -0.00042215573958579925, 2.8955633641543528e-05
51.75255128123915, 6.1570595784249891, -0.00031170961334079267, -0.00026414235672447633
56.045863175511066, 3.2435045610882414, -3.1968171232432106e-05, 0.00012551192079136411
23.872517686135925, 3.5711060667616237, 0.00023101562062978134, -0.00030791745210717955
39.738430187639054, 10.139042714811662, -0.00017735822030090666, 0.00024356225788548668
49.88920072906933, 7.5559103013063016, 0.00039338263891154841, -6.7114041160888386e-05
45.365077328289679, 9.2322109630030749, 0.00084449534543311994, -0.00012635856953911446
32.082317272723508, 9.1371529606573443, 0.00053832767108532827, 0.00038675889077456724
35.836841409611118, 9.4611079080988567, 0.00022812314802823745, -0.00023516957841743241
42.482669897774059, 10.020802468370681, -5.4599711962317819e-05, -0.00036177657468815033
55.212104058729963, 4.4044620162156241, 0.0001198489188590139, 0.00010060435945862531
43.395498914494588, 9.5413956820950023, -0.00061538162506891874, -0.00017410314980744943
37.589785402264496, 9.584222440848027, -8.4839845533274166e-05, 0.0004005563998597885
45.764531550546934, 8.9857800875609399, 0.00045488082876075025, 0.00079992321098432584
26.932613243662907, 6.838307683315378, 0.00025287275548976608, -0.00066111965617587009
44.542667005789326, 9.5455031202429232, 5.3138903316251435e-05, -3.7183266760541377e-05
41.581793879119786, 9.4315006406577755, -0.00060009037525035407, -0.00075662072226807017
27.226899718065866, 4.1821809950338391, 0.000118177650415462, 8.6617032834766049e-05
47.059127934901021, 8.3445785825211622, -0.00063902164094938887, 8.8000363346311058e-05
51.176429881228401, 5.8957522779594873, 0.00044592176106034794, -0.00045612439589252875
28.204799782565313, 4.9177951760579504, 0.00012135099727519817, -4.3889859938320814e-05
23.615550822247314, 3.0163997834370706, -0.00027849709856945371, 7.7907189179136384e-05
30.56927037918587, 8.6723734498908147, -0.00032526796322091087, -0.0004901102321564311
33.370386524063733, 9.0285815715872726, 5.7611069022817831e-05, -0.00024942735507867695
55.969393733939519, 0.55350163014243525, -3.6136359248047788e-05, -4.0932470882841556e-05
32.021291549987701, 9.296026464719418, -0.00051988333390330633, 0.00077474334273187439
38.17784577149132, 10.143557139300087, -0.00025006849449925626, 0.00076613743555764254
33.816105420258111, 9.5792256282059025, 0.00045733758487496518, -0.00032362149979137485
53.084347087337193, 5.9799464387467749, 0.00024824898453181698, -0.00010126862500923835
54.894549839226087, 3.2721579740494855, -0.00024691194845492082, -7.396338335158192e-05
41.91291707036595, 9.7150033634182726, -7.2483074509980668e-05, -4.1278800645378494e-05
56.671374498342722, 1.9213294379741015, -2.3073352960960265e-05, 5.7773427037771495e-05
27.532426127445046, 6.9757009214701196, 4.1073357726709452e-05, 0.0006021431183029193
32.50828837197291, 8.6004050370595877, 3.4123245979118854e-05, -0.0004505305805953308
36.201574044527213, 9.647710524877164, 0.00045824685027356379, -0.0004487499778965043
44.968727538448562, 9.3663548611321961, 0.00037146000697126075, 5.1728835351526365e-05
44.250200556754088, 9.2921855932517339, -0.00014408672231382068, 0.00060752294996718292
40.067025498027782, 9.7524732072546634, -0.0006955161749141825, 0.00028997663880886377
28.340479205210581, 5.9944704946664391, -0.00026996661091694508, -3.301585060323468e-05
51.914265947628905, 6.5023731140483392, 0.00026189431644052616, 0.00041045383691952546
44.185843254831759, 9.4078681048196575, -0.00041979599811582045, 0.00024827729927140918
39.97383747264449, 9.9192120383346172, -0.00057714293786364959, -1.3644174117028328e-05
26.855915718379922, 6.6525415839232078, 0.00021576366314021689, -0.0005172669565378736
41.072201336212075, 9.6191403143837739, -0.00017467495483721902, -0.00033286431229510529
30.889866637444012, 7.1533102710970216, -2.9598607836584227e-05, -0.00014465329539088519
38.978662269797852, 10.094994578616634, -0.0010612056594069923, -0.00013925886409613437
42.041498513306067, 9.1999439922441635, -6.8673396009864466e-05, 0.00070902373586266771
50.016166898514328, 7.0111916492143012, 0.00048710144536108431, 6.3349942915194769e-05
44.9038286929718, 9.6962251369632479, 5.2454911782005965e-05, -0.00051843773695634259
43.442642192779594, 8.7111843239854139, -8.3350085574748872e-05, -0.00088811126209703095
28.037864685283676, 4.0512895053870341, -0.00011297540672140674, 3.3728501770018978e-07
28.37918358496777, 2.300172311731397, -1.5896890936670578e-05, 3.3423941624770635e-06
41.870432184821702, 9.8448965030619835, 0.00054121877544477393, 0.00029801517072399261
53.510947987930265, 4.6204876970150535, 0.00037709538486638267, 3.0874684188310739e-05
50.082673236893427, 6.1330686150170779, -0.00028087807976057762, -0.00047293434419509072
36.180091440235458, 10.227009929448753, 0.00024581152979552881, -0.00034546810172835727
28.513519239823495, 5.9950778227088799, 5.5381060561088808e-05, -0.00023068550137869565
45.026829528640874, 9.1038691842937283, 0.00028867882944068969, 0.0002105767600264274
35.267058504090528, 9.9296100528704621, 0.00068794661852937978, 0.00070951993633520851
39.043177260183164, 10.167690985146134, -2.5324170230395515e-05, 0.00026682046749679954
32.807965809330071, 8.3906439744107875, -0.00012970395827591438, -0.00015315365064677978
53.188072083392072, 5.0977302338211814, 0.00044162072545763238, -0.00011212156051411065
31.998565307845166, 9.8674577302621138, 7.6775787731151924e-05, -0.0010146620228601553
35.210930181743485, 9.6382290191463991, -0.00023967518935650122, -0.00015488704519659111
30.632819249006651, 8.7712970814183127, 6.934397017702146e-05, -0.00081906769062397786
26.975582473396432, 4.4985349495022211, 8.3811367491694577e-06, 0.00033692410642071556
35.897194492307925, 9.6956431946297705, -0.00023149042400623894, 1.8965471880136555e-06
51.25183005754667, 6.7391867921850732, 0.00027973649407259733, 0.00030521170091954392
37.604704301215953, 9.7306460599739939, 5.0506183316488766e-05, -6.1249730134072874e-06
57.43580110235191, 1.6767488155356547, -6.1260693281214275e-06, 1.2363591230767391e-06
29.231585579019491, 7.8439410228169164, -0.0008544676943806537, -8.5172001951737942e-05
34.691105825088513, 9.6038578110376847, -9.902083098295146e-06, 0.00035901197653875173
47.810610082940855, 8.3511086872676028, -5.6386524213899508e-05, 0.00027662405495011146
43.138024609182132, 10.010215092226401, 4.8037073948452817e-05, -0.00012835730013318144
49.520585488409971, 7.9198249568928896, -4.0147913302170782e-05, 5.2649093009304513e-05
49.923521300936912, 8.0118585297325229, 8.2455130525806793e-05, -0.00016665593946426225
37.49485223447212, 10.21950409837909, -0.00023973556071008902, 0.00027872197659418654
55.795214474305006, 4.0185893403234765, -3.6825966782512391e-05, 9.660058970999533e-05
47.01241599562703, 8.7571613246996431, 0.00073471207661206695, 0.00031562974615765302
26.082764117776215, 4.8221342202526465, 0.00031637029909219953, 6.5224285611571704e-05
42.438690526647214, 9.4163207828300077, 0.00072500025470580848, -0.00054941347423538686
32.705220529792435, 9.9546592531938369, -0.00078217776745358257, -0.0004298316435378094
45.059518160365037, 9.6380223279469686, -0.00011598405837814839, 2.399841557962091e-05
38.546502195366081, 10.114074227161872, 0.00063501172094548451, 1.2497565297802989e-06
26.851288199207193, 5.6857669889165887, -0.00040144488404343209, 5.218516370421736e-05
32.484803079478951, 9.3779434589520161, -0.00042221137259879587, -0.00052460173496171527
43.593557359022668, 8.7432956523208691, 0.00050212663800907958, -0.00076164034602143108
35.386724435664632, 9.9099855010985003, -0.0005248947616767034, -0.00089096712202704168
54.540014705429158, 5.2309045516406538, 3.3829964828589667e-05, 2.4739049202513295e-05
36.157916160880326, 9.6800595036396526, 0.00050945700087578431, 0.00010161121372642752
51.100171274436924, 6.0926692264473692, 0.00016769887014926032, 0.00053653604302281188
32.256016207348324, 8.792692994547723, 0.00041788682812147381, 6.5094207191705657e-05
40.981041181422874, 9.8586390618799911, -0.00064255616595205154, -0.00059580686916415888
41.869992553936974, 10.146880140909079, 0.00023581683319087596, -0.00070254543221551701
47.499182038214279, 8.2407989952535274, -0.00024246377603630268, 0.00083027648513856638
46.277951395805829, 8.253108187034174, -0.00042060858704945982, 0.00047539268785942094
46.942631678006293, 8.627739374708618, -0.00057285181123388094, 0.00072594260514568805
27.218636958377498, 4.794922952225213, -0.00024865883908667386, 5.8823882627052862e-05
45.730963693667327, 8.9431865656243641, -0.00051351493364086716, 0.00031347459396554797
49.05167432221522, 8.2577700285677942, 2.8542366894487734e-05, 0.00026827997779194345
41.921100288069006, 10.221815843916367, 8.8369371828742987e-05, -0.00012232530481718821
49.551844993780207, 7.364396383836417, 0.00020849299492628357, -0.00026895699214465939
27.407338824255071, 8.2624870044294862, 0.00048344987986819908, -0.00074468938269076491
33.156415654786137, 9.3198878892757957, 0.00040326607558205862, -0.00041384527710976014
34.013174975645597, 9.7840374008582423, -0.00089882826633121756, -0.00012283368714229126
32.738489997227816, 9.3356846780120648, -0.00074426725452294217, -0.00013237314677175943
34.95177145368654, 10.161342624424428, -0.00024608423985306453, 0.00046224080037125017
27.415269294701186, 6.7166993019274033, 5.8474594753552061e-05, 0.00049042136296834787
41.332899439008465, 9.7373498148235083, 0.00092195274948073873, 0.00015295239110275265
29.359706407861186, 7.9791711861395278, 0.00056134355679059297, 0.00025942746518982688
36.919274929949502, 9.3028111642960614, -4.9995238246182594e-05, -0.00018415853286289936
34.592479085269844, 9.5927960939232939, 0.00049291583384182341, -0.00079251365984380796
52.044360429323817, 6.0475737772305118, -0.0002469203382579494, -0.00033846255052142298
47.891374533923084, 8.5461301601359025, 0.00010705295819994181, -0.00019961830372001329
55.008060557532261, 3.6255933442059036, -0.00021239478076349175, -0.00011132205577469229
54.087638492702112, 6.0162178888299973, -6.5067523356074467e-05, -0.00013254168348067176
49.572185136136177, 7.1534978783831242, -0.00075303900855063801, 2.5236714385918972e-05
33.513084783176048, 10.161297070708379, -0.00057157401067817572, -0.00016825916962505335
43.093722211428059, 9.4995686785947093, 0.00093602258311342626, 0.00041142663313833365
27.383771294075927, 4.1774491168293615, 7.2699174664492088e-05, 0.00014896284297916208
32.850077047912492, 9.5435772281314133, -0.00065487917181260009, 0.00016546696738232712
35.995164975744657, 9.9573606616870727, -0.00093541022105872874, 0.00051093080163795983
55.838074290724471, 2.35055591148934, -2.3791560724062278e-05, 0.00017372079894601314
45.834113102813355, 9.3303007066369634, 0.00030707179880943241, 7.0691844670319926e-05
23.914690730098876, 0.049706700171324149, -6.907177032837077e-05, -2.0947394459680527e-05
41.28816789612155, 9.4450407438504911, -0.0002754371759286426, -3.2320843065266201e-05
53.593278547683646, 5.5497934092361394, 0.0002425178032802339, 5.2063306922239144e-06
31.324363532960426, 8.0756379379613463, -0.00014597684841629018, 1.6868222463074839e-05
36.577056377793696, 9.8146760080921371, -0.00058018026133541166, -0.00028201781827237512
56.762927925548517, 2.3044634348846356, 6.2395974916201819e-05, -2.0592583118071399e-05
42.527600117334586, 10.084509581868794, 0.00019748891328895109, -0.00072122639265138845
48.945355446298514, 8.8908182379736189, 0.00029888830133497317, -0.00012970488602224206
52.870869871935028, 5.2008542301175105, -0.00035124963379257678, 0.00033618386307305995
39.628504279996001, 6.1174875639381439, -0.00011050066344294753, -0.00080403634376041775
42.14884869505471, 9.5111399744154443, 0.00029629876362827863, -0.00063531262625786378
38.618391668932723, 10.827173879976158, -0.00079273832321044438, 0.00020841434044005934
28.874178710914975, 6.4566152300446289, 0.00028387574405261341, 6.0561384350839443e-05
38.565348478663125, 10.219342121553829, 0.00047758053564226033, 0.00014734127189667181
56.321026072925584, 1.1596014984720877, 8.2738207991521677e-05, 5.3524439030839938e-06
54.233384052701325, 5.1699609505181945, -0.00015583754658206076, 1.6779336576566036e-05
28.769564917688708, 3.721960857909103, 2.5390520756623928e-05, 1.3321736264863332e-05
40.827452230356599, 9.4100505189382702, 0.00072773224889636037, 0.00038807821132064206
38.639456758353006, 10.30666599537158, 0.00010952603109382347, -0.0003750942134907467
35.399015090757473, 9.2734401659845531, -0.00027238216944817668, -5.3362181712992528e-05
48.611242373314241, 8.1215307952464073, -0.00024340201842565831, -0.00017145413186794015
35.759627089120187, 9.9307455872079888, -0.00047181343981128013, -0.00037291180351760865
38.917070856225386, 10.303716316251226, 0.00044599611264708561, 9.2097799807679053e-05
37.72939473781345, 9.8911299546313156, -6.7584486919956431e-05, 0.00034582067023275611
45.851482251422972, 9.1336131291656137, 0.00038589353137484636, 0.00013531199372643002
46.11198755510312, 6.1082624160154193, -0.00013386055348635418, -6.3632886875404472e-05
48.724091276251457, 8.1616699492267184, 4.2948428691734159e-05, 0.00044342717667787527
49.489095950084888, 7.6558023017413275, 0.00023386497334452333, 4.1059609213305954e-06
50.870014618894707, 7.0544603906573426, -0.00025879121440202112, 0.00037151620804679514
37.601372295315862, 9.7700382838776818, 0.00024988016817629701, -0.00093083047521708628
56.655201453096339, 2.3769911353201345, -2.6346340839955341e-05, 4.3341642966398707e-05
32.138318033997905, 8.6238591890221095, 0.00018131285013342184, 0.00025789884008990395
31.771226676177637, 8.262288365357545, -0.00042054994886829913, 9.8499112816955193e-05
55.64732080722311, 2.5949045595165838, -6.7836541806820308e-05, 0.00017679531018244187
47.490379893759489, 8.1464545919827458, -0.00076920121449977272, 0.0002649310091511733
30.772117303408976, 9.9394931843445296, 0.00096853235604484912, -0.00040457559601664853
26.718262772601015, 2.8879399607135765, 7.6590775687226619e-05, 6.9148556284909178e-05
39.858192751801752, 9.8469893786029168, 0.00044059566251731933, -0.00091569328985735283
23.535375774936515, 3.1897328245433512, -3.127029579722965e-05, 0.00028481082542067065
31.865333779180439, 9.260824572881365, -0.00020246349909875809, -0.00049906161929478502
55.318998257994664, 3.2370630287878477, -0.0001896471028331594, 4.4842041252040224e-05
46.658238420210623, 8.8290432346690402, -0.00012961686252879127, 0.00018277072615124386
24.279663053580837, 3.8022296342908035, 0.00015792436787147112, 0.00042299260810038132
39.243526933972333, 10.759664686436881, 0.00054619208319523589, -0.00075474101901851546
47.193054755762844, 8.5087505685386322, 8.6556977961476465e-05, 0.00028784514009463501
42.210647959402991, 9.5844734039970305, 0.00047471843420143366, 0.00046182886477272225
50.39368175935504, 7.0937454963863384, -0.00022495183764175371, 0.00052948941233825193
45.070902725733383, 9.7514412943662059, 0.00027093859360947936, -0.00023926359129038341
51.966510453211527, 6.5422882167935459, 0.00030572407756553993, 5.4136967981186158e-05
39.072430431886751, 9.7861224965745972, -0.00026250153642397165, 7.4551388896617205e-05
49.53163080481842, 8.1505436558269473, 1.2432132688229955e-05, 5.0917255610637752e-05
42.992266331370494, 9.6141135234107136, -0.00033189489429962378, -8.7408759690605264e-07
31.983669240634146, 8.5980122629264351, -0.00013926854740209415, 0.00025524782767483601
43.735576132929303, 9.8195169897406966, 0.00024906293672991768, 0.00024679282047831725
32.858871789800837, 9.3466113863160007, 6.3484375755748704e-05, -0.00031943411688523961
53.95487171357599, 4.9357360063361844, -0.00027954646689713595, 0.00012432904320246261
46.983237889755436, 9.2001637929427407, -0.00045217744337117664, 0.00016571444345227975
56.822557373964379, 2.3577742908929107, -3.6820899445170982e-05, 4.0855369680089357e-05
49.432077913336457, 7.4923274181695501, -0.00018231094448250876, -0.0004241905164703164
47.134599580871154, 8.3973151901084879, -0.00062259381909102608, 0.00026596975665952043
51.636148043441302, 6.2851708304807259, -0.0004282431441266869, -3.8270039984779103e-05
26.328472487508741, 5.8251528685082024, 0.00014954047798421564, -0.00058628266111845038
39.18884992673572, 10.273723682330408, 0.00017032234895363044, 0.00033349990476535428
49.152246569450064, 8.0254101465181034, 6.5042476550129739e-05, -0.00015813180279531722
57.504138833749515, 1.9702462850152405, -3.6299893210840746e-05, 1.5372112391064349e-05
42.668632479837164, 9.9077832874800578, 0.00025551974882510978, 5.8902862692847287e-05
47.451452793668274, 8.7770044600319306, -3.2301706779126146e-05, 6.0401768804820309e-05
24.795280293150391, 5.3989085455175312, 0.00052216903557393232, -9.3254606334726322e-05
29.731928934279853, 7.5977992485957637, 0.00030628851340742046, -0.00013136709884850099
27.565879579296112, 7.9717096814196067, 0.00073736098160326953, 0.00016026619715045606
49.768715876716705, 8.0286282424732232, -4.3780471245546807e-05, 0.00028802418968141555
32.867735620612912, 9.3134184749068396, 0.00043918536842203477, 0.00056313791564614811
34.529668631209532, 9.3200457022596197, 0.00015379131685829659, -0.00021088764097814016
52.833654462902956, 7.6001384851793645, 7.0305421174645261e-05, 0.00023134661112982232
46.451801633985902, 9.3479822462921724, -0.00029491067194414036, -9.8486133565024714e-05
54.937381952953963, 3.3225080859026894, 9.5271926905393696e-05, -0.00026279828310975169
43.211549661072603, 9.7479339571559684, -3.1132169679258592e-05, -1.2117694210914048e-05
29.599146243258385, 6.8833554434667201, -0.00025119239065175364, -0.00014978115115477011
40.721814174779546, 9.4118835317156613, 0.00025386895104110977, 0.00064265765008287667
38.962321522941053, 10.400568828104605, -0.00024661896489176874, 0.00030961075787537529
40.37941460172047, 10.11150171999734, 6.9569291612898824e-05, 5.9317570714143595e-05
44.980002604814622, 9.0488721989594865, 0.00014878242499101569, 0.00063204234718454422
44.182510151456341, 9.9444204612355875, 2.0593414882636968e-05, -8.4843071022898053e-05
48.250589835046299, 8.163623103439237, -0.00050572479453391472, -0.00018244260651498195
49.626162375392482, 7.999810691755874, 0.00027379226993684384, -8.2651315896686093e-05
31.751012293522617, 8.8338800634983539, -0.00022474469353190866, -0.00019808590911692795
35.615598318472209, 9.9115081827360214, 5.3251949684641883e-05, 0.0003017490391205444
47.624023153741142, 8.015186633624376, 0.00052127544686266446, 0.00056687463520349644
53.863473931062046, 3.9039827552826116, -0.00039026043880094477, -0.00011145523661913756
28.87121025199902, 6.6827294825476917, 0.00034510662146487145, -0.00053441102252475099
45.136080870707062, 9.2790940822912074, 0.0005088087684928229, -0.00013948396030671997
39.008835729447782, 10.454335730727061, -0.00039737920893336026, -0.00010301708658502523
52.30118892599787, 6.4723487039133127, 0.00011482502542354674, 5.3094543219230174e-05
56.912167287567065, 1.526675620527443, 4.4027246380759738e-05, -3.9379135515558524e-06
51.47726351030785, 7.6495979541128483, 0.00013190388930859836, 0.00025678270445924625
27.303972971001286, 6.6883677034543121, -0.00067839174541333325, -4.8969147449456099e-05
40.739843749047395, 10.116762692534115, -0.00014688819743618258, -0.00085972172305304976
28.465076309672625, 7.6629976612795909, -0.0003925839414546889, 0.00063945076605796962
49.988588854988102, 7.288405256518403, 0.00043515865608423988, 0.00042199802834120062
44.526378592913325, 9.2446664229957136, -4.4129104213398121e-05, -5.7256618095813574e-05
30.132007763782255, 7.026457565514618, 0.00014168185507809874, -0.000103474646011754
26.976699218209795, 6.2960943185698497, 0.00049992543502108027, 0.00011346927748905591
44.99865207604951, 7.8187739107224674, -0.00023458971507300097, 0.00053964084658837067
42.30720616895843, 9.5622502181247402, -0.00049119906641910611, 0.00013936365428371197
40.163068558300836, 9.9036544579581367, -0.0003598681070415771, 0.00040487196239503493
36.96690288579704, 9.8641323259164402, -0.0005049600145723707, -0.00031535918731987128
48.934789864211297, 7.9552803936991134, -0.00061108440214846949, -0.000233424924884438
55.536168300136943, 3.3478576073155306, -6.2634910209909895e-05, 0.00017854771573345859
30.333222330672189, 6.9046699321982956, 5.2219861639911868e-05, -0.00013678076069675955
29.455474288841128, 6.8962304865555462, 0.00017206239492278185, 0.00027010413336930054
55.29150101135366, 4.0228224373274797, 0.00013466692395549645, -6.0706669576901958e-05
41.654555556226178, 10.065951056318122, -0.00014953403413834224, -0.00012628491534152743
38.177887191891848, 10.702769401476292, -0.0003685452995006398, -0.00088989389198520174
48.040745430407952, 8.6351558537782704, -0.00033868708969712056, -2.375891284566322e-05
35.818142208960744, 10.211136312264891, 0.00022182950860338412, -0.0010849401847425246
27.583407849335568, 6.5489809614811128, -0.00051799043561563142, -0.00022304944012731696
27.399072362798801, 8.6820901639993107, 0.0003309563053579531, 0.00076391120923425886
54.560393885481204, 5.0955855356967366, -0.00010064187540043984, 0.00013951208930131304
43.271024694012013, 9.8536681160915851, -0.00015595290850131476, 9.6137934397872598e-05
29.737364471506378, 9.3462476995232766, -0.00083763160859270903, -0.00017566885826472342
24.17646389298659, 2.3238007447337643, 0.00024224040531040688, 1.8698979364991048e-05
28.693526332963796, 7.2860156654066737, 0.00041349645906133654, -0.00037191205522191435
37.207492177468396, 9.6552832081763231, 0.0006712825246168049, 0.0002905722127128789
57.088665488128179, 1.2534109420273378, 3.1411024361363052e-06, -4.3126804843356288e-05
30.17724768319032, 9.460900277897462, 0.0004742019241444039, -0.00078581597919586679
31.932388676830644, 9.1386522160827077, -0.00031480606076276824, -0.00039469910310564483
44.214312973133097, 9.4079696481859258, -0.00012033740748842208, -0.00013743454478935656
32.026639094317886, 8.4577368356821179, 1.8756670521272028e-05, -0.00022798548541702135
34.618514453666904, 9.6366735575961471, -1.177453027165222e-05, 0.0001142306350821441
40.739679986237419, 10.30192313865477, -0.00068011869863864169, 0.00029124313754421972
47.756146832945234, 8.4416304138216294, -0.00028313100655840708, 0.00049251216942417235
34.625693046310062, 9.9084354173081035, -0.00046677096769054524, 0.00019986534202134137
34.438221271689436, 10.420205059088346, -0.00030970340398386322, -0.0006185733673764669
31.395737448872428, 9.5783823328522555, -8.1110127488266798e-05, -0.0007601617251212343
27.498935340229874, 4.0217730276817028, -3.7599698438166213e-05, 0.00013410409804200902
28.379857019245865, 6.1436883870191288, 0.00012157215058116944, -0.00031258220604241869
37.155698895323141, 10.584380269077487, 0.00066803594153724518, 4.6249676076029982e-05
46.135888761567244, 8.5199272115910318, 0.0007360548004892724, 0.00022212824347817958
47.72034290223494, 8.3849775076033808, 0.00038307570296408459, -0.00015546667398833421
56.409493711223639, 3.2025380441075244, -3.9276676956969757e-05, -4.7450654233204519e-05
41.478677803705665, 9.9632902215210901, -0.00031012530259677789, 0.00076065691670330535
43.746159219526042, 9.3564879926706919, -0.00065840282443504355, 0.00033262005272118467
36.422207576175772, 9.9303347945921843, -0.00038016176953392287, 5.7175516661625504e-05
41.837064261734163, 9.4233219898627034, -0.00061663027666928076, 0.00046209195025351192
49.803408182818387, 8.0002264243696288, -0.00010616297653735718, -8.1589896611916962e-05
43.047911978734284, 9.2710766279914463, 0.00036428502802932588, 0.00084901277270075257
54.529710397487726, 5.103623482251014, 0.00010251471038579629, 5.0849975153335624e-05
45.536036303520838, 8.7444634271702935, -0.00071128744918596458, -0.00013007611311111061
44.896521647490033, 9.1699490999515341, 0.00022102151668112677, -0.00030167049135981701
44.508939370052097, 10.541639787134422, -0.00022997452425834364, 0.00030184962462312208
53.480770044382801, 4.8764564497293073, 0.00050253421581905459, 5.8014787881458972e-05
46.085908463171776, 9.1726600820466988, 0.00010998151466165752, -9.3307273502853093e-06
29.294595602329551, 7.0377278146382256, -0.00023368978767891396, 0.00023378676524965633
53.345816619711336, 5.5583266643234772, 0.00020812111405029636, -0.00014089877856752876
35.560348997903922, 10.217325822039827, 0.00095523334269594583, -0.00053440175589262887
49.146101981525128, 8.1083046129689791, -0.00014076529075537068, -0.0002069211358904032
30.629103271752996, 7.1456055718532845, -9.0244536737891503e-05, 0.00022919071243496979
37.80248361745398, 9.9522596969991675, -0.0001977376285982062, 0.00014105526237055617
30.898209440846472, 7.4073894846760995, -2.8110420593967278e-05, 9.766557761503235e-05
31.354287791550725, 8.9636152801662909, 0.00016988374441813617, -0.00069438946579317596
30.82105302206304, 6.6864628239309756, -9.8619912489630953e-06, -3.4887140496308977e-05
28.943362647067222, 5.094830727250625, -2.881980722217018e-05, -8.1700775375488391e-05
47.237187946296594, 8.1621000356985025, 0.00029256861192604005, 0.0004300839816862535
34.207471415401407, 9.8167588838076192, 0.00029887424774591804, 0.00045125186918859242
53.684120288647577, 5.446573242443141, 0.00013417843209092883, 0.00026368958501109399
35.206510867524194, 9.5978678386155547, 2.8767146399662444e-05, 8.9764616263563214e-05
56.829694048576833, 2.177539346472241, -9.9662931920763454e-05, 1.5688039626519943e-05
43.912158556018554, 9.0572643574487532, 0.00073378370170087439, 0.00053335112462330066
50.56915699333566, 7.1165075506627717, -0.00022486568096052135, 0.00018466709329896319
54.104951324685835, 5.4542348619215684, 3.6797672382665787e-05, -0.00012971846693157313
49.201000621559913, 7.2771542213009095, 2.4537149370013028e-05, -0.00062396791518539178
33.251571239296105, 9.5120462995846662, -0.00036294392020675797, -0.00049685819102414039
39.148293444970726, 10.008694816095989, -0.00014065619743778199, -3.8823737721370297e-05
51.376601003419623, 5.9838771773510793, 0.00030964061370124225, -0.00048282848570362004
32.179690050390697, 8.351684526777337, 0.00014592274049468658, 9.9247463957296349e-05
23.824558836513674, 2.0686221702645402, -0.00016745395548678911, -7.458867935898298e-05
51.156650533978997, 6.6475300072677426, -0.00061622139936644326, -0.00014028936173650757
30.32944780151173, 8.2723961048215386, 0.00061188214501254679, -0.00019293830107980822
52.314651331690449, 6.7392141253030049, 7.2539304027203762e-06, -9.99341035313216e-05
30.144876632119189, 7.5002233786843817, -0.00020805867977014643, -0.0001191482017029213
53.506591519189925, 4.442441100885727, 0.0001044107496018071, 0.00046993115280603517
28.067684045005347, 7.554844195379177, 0.00026419389031326297, -0.00077210156957581769
52.707697667834566, 5.3080061754723413, -0.00035557859693565147, 0.00037473584869200541
24.666925493198267, 3.0450768588892489, -0.00022024442883546245, 0.00017031216765800639
51.196565430860986, 6.3988496541394611, 0.00040214025705663417, -0.00040092021768870444
52.949527876757053, 5.8162039759451467, 3.6306793540490209e-05, 0.00028833162518571056
45.889211012195986, 9.1553835348976271, 0.00014516451039078707, -2.505625303476388e-05
30.775470066620766, 8.7387568563128397, 0.00026766279089665383, -0.00047193730590409054
31.176860534118237, 8.1066486907855246, 0.00021452270362726426, 6.246435614209241e-05
45.123116718093264, 8.7015700607408792, -0.00072207707955673588, -0.00042355133321755206
25.250701079403601, 5.717383404908972, 0.00049842998431200321, 0.00034805417613842528
48.879963649931668, 7.6759733204715639, -0.00037645717533608004, -1.7013043955491497e-05
35.343717798944233, 9.9994243215256571, -7.168345841989983e-05, -0.00078389897655328159
51.831194660339129, 5.9507167182479828, -0.00046330886394574107, -0.00029687869186206117
27.066604558788178, 4.7083504363878346, -0.00020327552337129459, -3.4410235805529058e-05
50.867563535538359, 6.6193192454726111, -0.0002952745055961827, -0.00063737299487626805
28.347150874725145, 7.9610333318726338, 0.00047000604311135761, -0.00026285255613712664
32.74842868724577, 8.6420133072831735, 0.00041184116500050201, -9.9613622847232133e-05
49.968462795652279, 7.7370581579929283, -7.1089703851529709e-05, -0.0002062951996996002
44.599509465166079, 8.7079994870470756, -0.00036851490310089427, 0.0008531427772057881
36.24357818851928, 9.853059937771075, -0.00064485506700682615, -0.00022841212762577285
31.227786831748261, 8.4308912770575244, -0.00085749973671532163, 0.00024298361122636629
50.928428830299772, 7.3792814962906332, 0.00026752696986549166, 0.00016596140228878614
33.673011522533862, 9.5350189796086422, 0.00013284186769327495, 7.8626985193068879e-05
31.007547816190126, 7.2518138467250397, -0.00010515475461798693, 7.5281276419210871e-05
34.941831445364052, 9.3191852065495553, 0.00025059632289019945, -0.00039393475308724559
37.99624087909902, 10.248109853302903, -0.00017534616207237229, -0.00018232485126011777
33.480904105659043, 9.883892567238906, 0.00011942970086854789, -0.0006358144843335551
37.286272528281579, 9.8043505882933069, -2.2436146608696103e-05, 0.00027213367687674121
37.363945050536849, 9.4858164599709198, 4.7743556899840872e-05, 0.00038383590261125089
31.602349160755434, 9.2859538438934219, 0.00058128196835478113, -0.00036181134660223939
36.045659707294682, 9.4921040942436825, -3.1946342924071838e-05, 0.00015810113187271621
40.765136807971466, 10.693315720522365, 2.5525721959812222e-05, -0.00021927210146296768
43.536295492402594, 9.6046838990022927, 0.00027081084353109075, -0.00078694303052127704
28.01521332489682, 4.1167807389053577, 0.00010834163926244345, -6.1008473530522334e-06
53.706379026854471, 5.5321629711326779, 8.9379044233163559e-05, -0.00021493529520062829
51.677960967190025, 7.0523958710452685, 4.3334924748837688e-05, 0.0001648499401260331
40.081819347706642, 9.4502398915626475, -0.00069863331325319264, 0.00023004231500407845
50.777009079812736, 6.9748482846185942, 0.00033984921757677878, 0.000270815220224398
28.438783628145273, 3.3637190203047429, 1.8243261433913222e-05, -1.9587302565049286e-05
56.310658203334768, 0.45098115949443379, -4.7093953784504963e-06, -3.2915295473229508e-05
55.97302873596815, 3.6678342357165721, 3.9229878547348296e-06, 4.0012515684784069e-05
54.978761389244887, 3.4967563450670398, 0.00020282777689390439, 0.00016932567841930672
48.496226179039184, 8.419633042436331, 0.00014454380951091952, -1.6527476619659758e-05
26.553069747741805, 5.5472675605931334, 0.00033697141034201859, -0.00015575470897775888
41.979282814958481, 9.563324361731155, -0.0010040204954543165, -0.00015248189236313791
33.6768087755393, 8.7212184550978495, -5.6101247762533462e-05, 4.2504977104104853e-05
39.126712749416747, 10.814292274784425, -0.00016878412312873117, 0.0001286534175749109
53.7354964945592, 4.755406823922641, -0.00024204345044662201, 0.00025903100334327662
56.624208993047297, 3.2602704674394474, -1.793990644610521e-05, 4.0496341048511189e-05
46.417006319338448, 8.981914747849487, 0.00035927375502709609, -0.00043903047784537853
41.214479225984618, 9.8245758109730339, 0.0004152297689705027, -0.00055526382972384775
32.239744402270794, 9.4826834064736154, -0.00074989393279464476, -0.00065523403060775991
41.077761275625384, 9.5575530158550599, 0.00045452315370627012, -0.00053418563330297946
49.442562953981287, 8.0206279434382299, -0.00019168671184940841, 3.3849017953594793e-06
56.46600290346241, 2.1199932894701345, -9.754742092573568e-05, 1.9474377127673587e-06
50.777033310282789, 7.4651699278114734, -0.00020484278389255582, -0.00017532112464011904
34.993034473164919, 9.9055706786988189, 7.3011889588678826e-05, -0.00033255826621648809
54.759944676451049, 3.9564062912827311, 0.00011854244532120204, -0.00029411120529046632
54.286239134008547, 4.3446357863049521, 0.00011533726063882732, -0.00029500920302649784
37.274456276560855, 9.5402739131425847, -0.0002505712384228702, -0.00037535300724426214
41.173756100075536, 10.84740847206208, 0.00052617012205312494, 0.00030304082053494731
52.27885697841365, 6.6675078662018086, -8.9599582800226909e-05, 9.4004729265152474e-05
51.864811744845142, 6.1112462366698894, -0.00022729857141383659, -0.00050570239052699422
49.94704397828685, 7.7492960021636303, 7.1793969183035105e-05, -8.4887091572333621e-05
36.220533556141696, 9.9540069739532537, -2.4497956027915913e-05, 0.00094876939964933676
27.634244236832252, 3.3767235237833599, 6.2335767838664943e-05, -7.169103420254538e-05
43.438611794175308, 10.108336077066326, -0.00016744080147348432, -2.4740319051663775e-05
47.440542993613704, 9.1875102788770135, 0.00066032552080604512, 0.00018016256281902171
50.998701760856001, 7.4467305338659902, 3.3722818939066856e-05, -1.3768717321327331e-05
36.7655116842475, 10.301350898174082, -0.00027323798577058675, -0.00030179021612864365
50.255654074310264, 7.231478745456994, 0.00020594853788357431, 0.00050916496945101317
41.633902036671614, 9.8697975334695585, -0.0002860781720458526, -0.00055945234796346912
55.667020658409022, 3.906451531237245, -0.00015199803737685926, 6.013490860770427e-05
50.078293332921753, 7.6962751487315932, -5.324405721324773e-05, 3.2651182569484171e-05
33.115249287121621, 9.4373482666526076, 0.00036436572350753363, -0.00018790845641657283
31.399930968524647, 9.2871338197803599, 0.0009350632521562878, 0.0001924246245486309
52.043235222158671, 6.2687696837772728, -0.00038806961817270546, 5.860938307547572e-05
52.8001728750504, 6.2122002334565778, -0.00019875841425962267, -7.5390725189083285e-05
48.029117575436608, 8.0393194326241044, 0.000460374390411979, 4.0655062794124002e-05
52.418382264585169, 6.1495826830731168, -0.00031381917733605763, -9.4392255734716905e-05
43.13217626365028, 9.6655676589315203, -9.6815619187932874e-05, -0.00032498377189015709
45.245428520692485, 8.6493272745232446, -0.0008396121235112571, 0.0003987154966977301
38.942625319582653, 10.242618012339353, 0.00020213196109549435, 0.00040399447607538318
47.664209736497497, 7.9508629050598492, 0.00013169373269614827, -0.00072290084650139931
31.980955725367462, 8.4471785523581673, -0.00017666382906512319, 0.00023396903844459792
38.477209088010625, 10.000172869323094, 0.00038377053649356709, -5.2682186574882573e-05
29.107807107723243, 6.1957801909325552, -0.00011204100183540248, -0.00019710039622449423
35.116283306689958, 9.527352928970279, 0.00012863866497014019, 0.00065316345567772896
44.795941883453345, 9.5094144088937558, 0.00016579972313398935, 6.2148558578717042e-05
28.131221331868453, 4.0406417370285617, -0.00011647971532219989, 5.8540313123980322e-05
36.711097002383966, 10.193907421636508, 0.00022196252344096784, -0.0010816774792200053
49.640249363688405, 8.1059945822079449, 3.7192463212254278e-05, 0.00011045838309780389
39.119100877970439, 10.177765163641414, -0.00023517366436878891, -0.00027036965495173414
38.809817832344564, 10.145272380049143, -0.00029325705920880979, -3.5875217697512196e-05
26.123627783266208, 2.4212665090795102, -4.1661406069353334e-05, 0.00011050291379428078
40.027960259336496, 10.068968443519179, 0.00021529797356981627, -6.7956205662783229e-05
48.359413092266607, 7.8953100968993226, -0.00031340294885835046, -0.00073788858648925996
47.540924013027364, 8.6499335215950008, -0.00027675207939929265, 0.00044716574480988767
51.776691435774268, 6.5911878341290882, -0.00025285811189045275, 0.00019354544611103068
46.617701291736296, 9.0250300775179255, 0.00072400510183957953, 9.3336248875705908e-05
54.371175119461292, 4.1134539216216268, -4.5959545731456266e-05, -0.00035158318897155925
40.35803595692694, 9.6198974640064492, 5.4220637181388008e-05, 3.7342413216815009e-05
56.355084416004772, 1.9408859837093655, -9.5124132062580482e-05, -4.48462764412878e-05
26.75449550533542, 5.2193256322009454, 0.00041731470143348926, 0.00012989824372097977
56.873578744472169, 1.7990592296060919, -3.1585815791386182e-05, 7.4056215816149399e-05
47.869618353716582, 8.3834516568489796, -0.00031406059820976624, -0.00053430481041200648
46.118254516905417, 8.8960871043976191, -0.00036250109423330724, 0.00011067030622967683
56.091890246716254, 3.4700149781829137, -5.3187349295426239e-05, 3.526236623292661e-05
24.833426326020202, 5.2986349105443464, 9.934836343871662e-05, -0.00048816654384517278
29.378213123799124, 6.3035182817056166, -0.00018395525030610093, -3.3649500803738332e-05
41.006415901004608, 9.4777658893233294, 0.00028065742173290085, 0.00051053840281945612
42.300097228435703, 9.6697616973570657, 0.00042236619348302482, 0.00015592310482009814
31.357507962449322, 9.0257218286764598, 0.0006934280945874137, -0.00013124832762425044
48.353027238687268, 8.1818431870586164, -0.00084683132380867685, -9.4826761569519432e-05
33.208123748073838, 9.4753608187349236, 0.00056026598431875411, 0.00021873139672179152
24.876574363283613, 4.5013611862013283, -8.3026589808135208e-05, -0.00043373826088236489
51.269243537208951, 6.6527337680718226, -0.0001993247449042228, -0.00042885021340795254
38.359483794032506, 10.192612020741254, -0.00031298833387650391, -0.00043619095697335243
43.072249625565753, 9.7983155454983351, 8.3022766392226529e-05, -1.7538687344797964e-05
30.45436234283083, 7.1749709030213404, -0.00019593631254190557, 6.8740117197769199e-05
53.594119401701469, 4.5906578655025081, -2.4373566169917232e-05, -0.00044465906555871728
35.761420985932801, 9.4507409756073812, 2.7120265963178304e-05, 8.6351730325815246e-05
40.57760235439077, 10.002582862285722, 0.00045006320510728088, -0.00043163437470332281
42.270753749407163, 9.6622033532336378, 0.00046080685898387249, 0.00023076463940429281
32.880436111565132, 9.690750192356262, -0.0009920435433758458, 0.00016420242889897882
52.024916467476451, 6.8207331702132494, -5.6511888734778331e-05, -0.00023047166836310046
50.411328890493174, 6.6141108906821984, -0.00055806907757089698, 0.0002588397879088481
33.519837164676169, 8.8351718494277875, 2.1047368014861813e-05, 0.00030923113322676548
44.554451969682965, 9.1813899306529869, -5.3898364415786987e-05, -0.00068569516172737981
30.611933743736984, 8.8301603389485326, -0.00022357861018380249, -0.00077396071179588197
50.710112720725192, 7.1797847850464169, -0.00018226832501706358, 8.3087567725489368e-05
49.397165350391475, 7.4108093798260501, 0.00016617988195193279, 0.00052769727748244971
45.747715394081553, 9.7706949466548778, -2.0239719082110589e-05, 0.00069835996188732127
33.727278156174521, 9.067993099287138, -0.00014397466345295021, 0.0001064867601554637
48.900762879167615, 8.40002221755406, -0.00017786731561473233, 4.0655223977454825e-05
38.138516352727379, 10.294843288184332, -0.00037122111997448394, -0.00045883039935660342
52.088473103084297, 5.9439074706376269, 0.00053403237141265957, 1.5357968019207462e-05
43.480744271275931, 8.1266460786826098, -0.00092775972117402458, 0.00019355371665557089
44.156376051741994, 9.4847886085144868, 0.0003558053032658283, 0.0004984233813623318
27.647615801475542, 7.5122103754210405, 0.00079268905163588693, -0.00013014645144196742
30.94700902597889, 8.2066926820416004, 0.00046215357157215905, -0.00022605149184486026
46.118608965510418, 9.3114876252782874, -0.0001991440215069049, 0.00039188453545673381
31.340357304148874, 9.4771794885410223, 0.00079081276300907368, 0.00047002545398170981
43.847618184252276, 9.7767970210173374, -0.00023803894686188595, 0.00061739385857186556
54.559050318400296, 5.3996352031984642, 0.00015376717942395773, -2.8946522487217746e-06
38.480931019359637, 10.385872239912176, -0.00080616294535462208, -0.00020028385267754022
44.145853452427843, 9.8044384960973829, 3.2712882873511787e-05, 8.1873050729816866e-05
28.368966362328603, 6.961880458155294, 0.00030155574236814364, 0.00057126998011097806
23.787774212087211, 3.5782892102623323, 0.00022287982028929473, 0.00024180048594951695
53.487330656788885, 5.9757755513117132, 7.0292423004000693e-05, -7.7956439814696622e-05
23.500670133513534, 2.3726455472187395, -0.00015232191266092415, 0.00013014380064335944
54.661168679364124, 4.8080875831277767, 4.6167295363609264e-06, 0.00012025183982025325
30.961508649405548, 8.6735199162763728, -0.00041399443523770064, 0.00013976111334351631
42.047629269023915, 9.7266303859588472, 5.1597364619390169e-05, 6.7404933892804215e-05
28.88338830539594, 8.1566526458600226, 0.00050098906167942044, -0.0003693954027169626
57.307175252005713, 1.0791867050958663, -2.4524998193301702e-05, -3.3976475242709433e-06
54.54532446801089, 3.4992601776953407, -0.00022608111669820277, 0.00028499306771906493
43.476654778351232, 9.9451254233598281, 0.00078185591204448846, 0.00035788119055454827
44.002222641065224, 9.4707763037846977, -9.6309448284866058e-05, -0.00011831197993946002
28.952984515478128, 4.2920732984881917, 8.4021495846517621e-06, -3.7540481047990853e-05
36.243771974542909, 9.5478758087026119, -0.00028213716657605917, 0.00026643986433976902
47.695910718180492, 7.8815492432601637, -0.00068339387096800911, -0.00048885949298859506
32.780136256388026, 8.3936986103292881, -0.00033708548750600626, -0.0001348277361091742
27.590968479934016, 8.4080457296930433, 0.00029508106149305218, -0.00081793035860813431
35.338843110952283, 9.6349923629100971, -0.00039331272857112036, 0.00016758135271200108
35.114788612104221, 9.6792131276972615, 0.00056411676442397109, 0.00091676803119752123
50.413647987147392, 7.4859587727074972, -5.9060622977550975e-05, 5.078132148159679e-05
47.148946080926152, 8.608236865727541, -0.00020044250632985343, -0.00070148271230504873
30.124055444342474, 7.9699883761217007, -0.00071600042332951766, -0.00022434557172470559
37.656352697709629, 10.434314626789256, -0.00030695839997605388, -0.00038429650736612395
26.838411433501285, 4.8146559022578987, -0.00022954828316293244, -0.00013066487656788922
39.214259969526616, 9.8880159205720854, -8.2513792008985184e-05, -0.00010916699361172808
32.492928897863791, 8.6100297112385658, -7.5050262480893515e-05, -0.00060063262190997657
44.388774692806351, 9.667289203462138, -9.443285669244064e-05, 0.00047674007183261334
54.984857146048988, 2.4471978786745296, 0.00028156769874387069, -1.9701991022693081e-05
52.146042708028915, 5.4183434516718822, -0.00022497710816384345, -0.00048959871879665409
27.386819781375848, 4.0800499774594359, 4.6206345688827882e-05, 0.00012578131258541485
55.668792336977269, 4.0370292760698678, 3.8894332402841916e-05, -4.4402029498837393e-05
56.461870412951598, 0.28808475725127147, -1.9051037567163425e-05, -1.3576344941326782e-05
30.172522646612421, 8.4064226122706938, 0.00030157299320670937, 0.00048061632684973419
27.478526314026421, 5.9535207087885054, 0.00043643159965755504, -0.00013031900124430622
52.053590626435152, 5.7271765862186639, 0.00045054989491978336, -5.0293661361962606e-05
55.816929781769346, 0.93865982292278882, 5.8576041394862957e-05, 8.5170339271631513e-05
32.166961107401093, 8.8049104883508065, -0.00058756595444454181, -0.00050692813716846129
41.659085469820674, 9.6883410189599122, -0.00032996967555168165, 0.00038876594539573512
49.198812503098402, 7.9395009370554499, -0.00012028522204830328, -0.00039547316935348325
40.202480365529539, 9.3674814196530338, 0.00028836124437401939, 0.00080806844613994107
34.141541549915999, 9.8250094949939921, -0.0008304295491532469, 0.0002672499935823851
43.372784743740567, 9.327536430179812, 0.00084408499961681211, -0.00038193752670057741
44.092614290660592, 9.0032076296248746, -0.00062842224470343352, 8.6723562339439367e-05
29.4191268238738, 4.9725506852160688, -2.2350002023616702e-05, -1.5354614554243072e-05
33.241553359643049, 9.8318164124194851, -0.00033117465599465025, 0.00062556632324991157
45.970964313441627, 9.5170300226661979, 0.00011668021982338194, -4.0420525187715829e-05
46.2267776320477, 8.8421171522093704, 0.00032910785766090256, -0.00040233094438192157
45.761279905666768, 9.5076898462149728, 0.0004164275607712037, -0.00067504623649006527
37.173680309612479, 10.290740667125631, 7.024983781853426e-05, -0.00040769559744467584
52.675612248664734, 6.0890584300863946, 0.00033878126234914184, -0.00014360686647416695
40.931450776322656, 10.229245284375807, -4.5391947960751061e-05, -0.00075689318702782836
34.993614207727603, 9.6559948603262953, 0.00076840765837836607, -0.00012905301182085602
48.910004400656746, 7.7723719339215425, 0.00072150870688494418, -0.00027753592613058024
40.241497719366393, 9.9112051520540305, 0.00011092583784025229, -6.7551463583395837e-05
46.161441364523512, 9.3942180888514297, 0.00071437389448652893, -0.00030105238286952829
46.520881015877684, 9.2829490507906325, 4.3956550175993838e-05, -0.0002109608785513404
36.969913205633127, 9.2143537645915998, 0.00051550576836943772, -0.00019831249403454772
31.030931409544177, 7.8818749226876408, -0.00043192882095182756, -7.3646078816294792e-05
38.7597629981342, 9.6970262036975399, 0.00037656865722745261, -0.00026706088142121386
28.7768041059952, 6.8153135439790224, -0.00048472354188177339, 1.1275294221075832e-05
43.039553972174829, 9.6129689275471559, 0.00050706265517658916, -0.00065627498357581626
43.152781228239505, 9.9759614979883686, -0.000272126303411529, -0.00018068733441940624
40.209897045938888, 10.586412081274384, -0.000494087426058296, -0.00023488589144585347
51.641922832703813, 6.7394543212680587, -0.0001428609937270548, -0.00032181510497252832
55.273051217606913, 4.1501525571936906, -0.00015091895217495975, -8.1343257123504424e-05
48.96530150246862, 8.0076352815944638, 0.00030251732023192564, 0.00040099996346606575
38.250922836763031, 10.577261357691464, 0.00051585607365099522, 0.00089120454087383979
56.594615997361537, 1.4200285538453385, -6.1291792447231688e-05, 3.9155372438881371e-05
45.94124130249827, 8.6707455819782329, -0.00066369076073085915, -2.8587629815989908e-05
41.165657526345356, 10.438249729959765, -6.0746582294858135e-05, -0.00040224339406192604
44.743307938257828, 9.7017215602284779, 0.00035930830357265147, 0.00027941508242728546
54.989329207132954, 4.0202545296863139, -0.0001392778486682268, -0.00019674964815655604
27.418445219913551, 4.4957828493383225, 0.0001762863417008031, -2.9047687857662768e-05
34.055671243342474, 9.7813597251803071, -0.0010782430671468469, 6.4188931114599488e-05
37.759278293758584, 9.92471520893994, -0.00094661345159029523, -0.00024078391497812951
28.649697282335477, 5.7627483920856006, 0.00013994743922082046, 5.1164489360159064e-05
50.030554225419749, 7.7752428400222486, -9.2200307696444938e-06, 0.00020613676690552359
53.009970095213085, 5.1318333412939667, -0.00045353679025702588, 0.00010266619036392949
34.272343216233018, 8.2552531169388903, -0.0004964754472824973, 0.00079931655723364128
26.425909540430116, 6.858924134793642, -0.00059034091875965859, -8.5465359783043645e-05
39.93705834335659, 9.732502969707717, -0.00059590887482669256, 0.00084372060981839972
49.083005709828015, 7.3480061431282984, 0.00067394856041665552, -0.00036560649501026545
37.23661135596177, 9.4576908052116107, -0.00036132989365405676, -0.00059774483512958668
46.429188439825069, 8.9453198974807187, -0.00020371133563078068, 9.0297154726277912e-05
51.359698521178622, 6.9036214182038398, -0.00016304679752555059, 0.00030038173477450845
41.875703618610913, 9.3542702266309075, 0.0007212643611421019, 0.00067389062483994445
33.845369671310927, 9.9068240905818126, -0.00069356191236489423, -0.00054541051246243238
30.068489483834014, 8.3955421248588653, 0.00031539748987837379, 0.00028098620505348368
46.903963312826285, 9.0483708553148343, 0.00032179905068649634, 0.00080912044585271974
43.550237386157278, 9.3478886062291426, 0.00074180656904847676, 0.00019096700633963656
36.607585021383755, 9.2804664384314428, -6.1181293616155758e-05, 0.00021836991496186335
50.983470083343526, 6.5245187472768764, -0.0005534944042373275, 0.00040465911130275334
30.328354866299335, 9.1875175720009885, -0.00097086893500222284, -0.00013235111400414221
40.636753062293756, 10.094363927588173, -4.7971297146578243e-05, -0.00074112589493171177
37.855203943952638, 10.232916534780257, -0.00038037955130646914, 0.00070292074697552928
30.148177838738619, 5.7597065231839268, -2.1925225927509446e-05, 3.3075781052514376e-05
41.247876199618482, 9.9699296617311219, 0.00017129111097876785, 0.00074047481539696823
40.863792489603711, 9.5173372756215855, 0.0005744314369969121, 0.00023155761362115993
31.546901048689129, 8.1379769930732078, -0.00024867641303095859, -0.00025027923672461176
48.308909262997965, 7.8769626336816225, 0.00058559824147479166, 0.00026043470391360393
37.33305764068578, 10.048118370486984, 0.00010606977149517934, -0.0003926820181965185
26.346890982432061, 5.8344195391995477, -0.0003321283727846076, -0.00040456753835944734
30.6825188429309, 7.9877641598043523, 0.00032810970196981212, -0.00023979211657796141
36.299871842978959, 9.8536412153782944, -0.00054071333209828069, -0.00039504302449916136
50.295007035371754, 7.1042542758736698, 0.00025448128047493693, -0.0004495383335173815
53.906246945964192, 5.2290833514785646, -3.7014619596433515e-05, 2.1268623557325448e-05
47.761726589080538, 8.270437519237829, -0.0001685935449624222, -0.00051305627618954868
24.675062180423254, 1.3775467796418686, 0.00015230404035201329, 3.3079122097917104e-05
42.538853912862038, 9.3129185219608654, -0.00030661206469829213, -0.00057075996402146747
54.823798825371895, 3.5826222357544744, -0.00026084059641071859, -0.00017348029875512345
44.622777797478371, 8.770236110448792, 0.00084638256392683461, 0.00015434059724823214
38.301782613971646, 9.3960120254940698, 6.5072754863747142e-05, -0.00040261109213061817
38.748738044002877, 9.4149514964313887, -0.00059895044839666431, -0.00033637744483132879
32.347847192764775, 8.470449960884153, 0.00010218200486396507, 0.00016102317902454006
25.17878026579508, 4.8749235519426248, -0.00015210954890893492, -0.00043756153624377193
39.658729516136503, 10.250638202691734, 0.00015030214663656625, 0.00030905242101117631
56.98833159543981, 2.2677091728319119, -3.1884255801649395e-05, -6.2337096845440511e-06
41.519728725953208, 10.070849272645198, 0.00029487728738467446, 0.00046745094275594466
28.483867262333039, 4.3978586179839061, -7.1862143928284842e-06, 7.5883135919890569e-05
53.066942368134001, 6.3496849645830462, -0.00013013389631345761, -4.6027776789375158e-05
51.299306923014925, 7.1621192131192641, -0.00012817324398382512, -2.6583530445400128e-05
42.217800944217295, 9.5463299386336526, 0.00049415729461425037, 0.00038836818080334196
27.57856036223999, 7.6421627788989772, 4.682658374585475e-05, -0.00080447184156621501
49.59757623769886, 8.0861238468363634, 0.00011979135512756504, 0.00047508483695088671
41.242918825982947, 10.171926259734136, 0.00048023374492115004, -0.00054886247003911939
45.225737513283974, 9.1922330750309644, 0.00014883142590512113, -0.00074667049514988914
38.826956712999049, 9.9648688522187161, 0.00024153945607970781, 0.00075689708736769226
26.898037226495493, 4.5049297944536777, -0.00024537427446093144, 3.415308952317011e-05
37.973127301190445, 10.363098580472089, 7.1468248650139514e-05, -0.00023743681830450149
29.563120639659139, 8.4198823583473228, 0.0008825245593715946, 0.00011133464154924445
46.936686471150139, 7.6700477891143874, 0.00044179592405925829, 0.00061912475398460238
30.462082175714261, 7.0856020349692637, 4.1026476449927312e-05, -0.00013227929657783075
42.741214653595186, 9.3628117598175447, -0.00074908262445246585, -0.00037276404327474992
31.406572352745517, 8.4294267214534315, -0.00020183130261623283, -0.00050054445162917797
33.953562945050834, 9.6133510756320533, 0.00094047503758170866, -0.00023920280481698781
28.371510760497003, 8.2413274458362888, 0.00039399567934031904, -0.00060551800727372349
35.123412735654597, 9.8570712978849944, 2.7280790253337696e-05, -0.0008867478161410289
48.094888651247174, 7.9948730645835795, 0.00060255906324207609, 0.00021471030804199689
31.485670052056804, 9.1828270418103219, 9.3198972308698871e-05, -0.0007855628498407561
46.190448622474676, 8.549919070633706, 0.00063983313693807516, 0.00053513302260197815
54.901155353254275, 3.8530560646751884, 8.6350559735180418e-05, -0.00024704929463418375
42.661604914601149, 9.7228519718520001, 0.00049718450214774343, -0.000207651543856049
37.995828114029713, 10.103188815968167, 0.00014188212266297341, -0.00057182124820708219
38.735117330633599, 10.473700031941892, -0.00099894765021135939, 0.00026645695400598905
52.652680189851068, 6.9507259600900904, 2.6798500886550312e-05, 8.5685043763005715e-05
38.466903849817669, 10.35277584677668, -0.00012136572591913238, 0.00021541711115862763
48.947076838384874, 7.8300588384066501, -8.4639260709720712e-05, -0.00040657525576841605
42.275491210103063, 9.6324990112189877, -0.00044882461646011403, -0.00011846023487002112
48.085076247414598, 8.3249307640560346, 0.00026189577460637703, -1.544006443828452e-05
40.534339329421556, 9.9995159626296655, 2.4085657112376171e-05, 3.4084873386070044e-05
53.925695168120797, 5.3232604297169628, -0.00011883645389442675, -6.6966145152494756e-05
35.011879670947977, 10.128754962094918, -0.00023327111791540206, -0.00084956275902341204
33.100492856338505, 10.414099314434567, -0.00045670470363322709, 0.00085807137249294119
48.672871216903793, 7.5426686764012816, 0.00019381571216646787, -0.000688961587195267
48.062998819052197, 9.3532507662697508, -0.00028860643882101323, 9.0983221263258847e-05
49.135661050088139, 7.6381089222755483, -0.00014150486388486168, 0.00039831282218415963
40.393524268780247, 10.296174189143182, -1.6990572248310093e-05, -0.00013632043500898456
47.296491376821145, 8.6648378358192328, -0.0004788651297413556, -3.5707623187700942e-05
50.579924193157424, 7.7742581283706675, 3.3088371518410233e-05, -1.9980406913020513e-05
34.119222362277846, 9.5337094469402501, 0.00048025788191853982, -0.00010302576503883671
53.808076882729836, 4.7085915677353354, -0.00023670082707801641, -0.00035901920941518075
41.691771967555312, 9.5471769528035377, -0.00038466635232837181, 0.0002838305632944264
50.995042755053348, 7.8410410054519506, -4.8262741571016894e-05, 4.3526889751293384e-05
41.508838332838614, 10.218978039018529, 0.00025720050165822588, 0.00012786036791419226
42.401085735706523, 9.4232953618239854, -0.00057867624437732141, 0.00058101622377882127
40.577827496154121, 9.7088792098590773, 0.00069774576436666788, 0.00055311732987578272
42.311389177764809, 8.8010964242813223, -0.00041285872345655345, -0.00064359174365504097
44.521193455402901, 9.6151807904813573, 0.00010352894080906084, -0.00063781970689672429
45.518900520499223, 8.6054880405360485, 0.00087120382993462371, -0.00024434144068924142
27.249974103644252, 6.0526331699565485, 0.00011179805320319267, -0.00038398645505887009
36.21764999598836, 9.4665933005295617, 9.5192384519858736e-06, -4.4932666976611869e-05
35.906204316143224, 9.3219591479630761, -0.00018169302836477651, 0.0002782201396211499
25.399601794370341, 6.0070492736257419, 0.00039465507667163572, -0.00040462298638141745
47.193938002088899, 8.3004412979060334, -0.00039569183513318292, 0.00063843372579055362
54.14627718817534, 4.6845613879505281, -0.00026860254800784359, 0.00012515500199302004
53.869284787372273, 5.0943862571145413, -0.00014075292004090293, -0.00015401613281999717
44.033612447914564, 8.9748438300484246, -1.9216745719423353e-05, 0.00076719177144257895
28.277289380390826, 7.5326891239826619, 0.00037094219826662585, 0.00045131746570737898
40.419597127736857, 9.5926651131538456, 0.00032875193734356931, -0.00093082139480934968
42.964069441611883, 9.6074068639607386, 0.00011792281528586012, -0.00041641597755988206
53.726208600017564, 4.7242713125416351, 0.00031723603071067189, 0.00011610856613711688
42.638102853436791, 9.729878849823395, 3.8161002183986617e-05, -1.4663582125005961e-05
37.706408152271507, 9.779184290541437, -0.00011107456786352874, 0.00038618885978967537
42.010960162180083, 9.5238884759615452, -0.0010235985238991941, -0.00018731834869413049
31.439152655867094, 7.4028723865296033, -3.3798968343535556e-05, 8.2808964282480468e-05
54.641131374117954, 4.045130123369808, 0.00031179572230182205, -1.0467478472939437e-05
48.801565931549575, 8.0398434670733767, -0.00020970870396938104, 0.00015445943485507241
44.048602019807454, 9.3249597455097621, -0.00021574398181087981, 6.3666490763063892e-05
49.670138218063073, 8.1562082410141077, 8.5978428470588317e-06, -0.000128792480557787
33.4517515895513, 9.1093827887219643, -2.2853192831344899e-05, -0.00026444268837907329
46.910065803158837, 8.8043534414816804, -5.0168142910355734e-05, 0.00048794055765834368
42.714231921947018, 10.287302467099112, -0.00013287999501185863, -1.2932507076314707e-05
30.356716402222208, 6.7551260068928372, -6.7665044418945176e-05, 0.00016123203400176942
54.382786535735057, 4.9825724854624447, 3.8720592415622423e-06, 0.00014819366496735946
51.560112774518096, 6.7582960927166393, 1.0757861432884278e-06, -0.00014297383043827992
48.679988368165027, 8.5284025786681283, 5.0111931127009719e-05, 6.2170886770413899e-06
30.574200151811752, 9.4641650084272904, 0.00037132292857341591, 0.00087352224275092304
35.650528759123624, 9.627436334107891, -0.00015096791431718417, 6.3653737404723297e-05
39.940479153267333, 10.425550557684502, 0.00038416582078896138, -0.0010462062156786093
28.636948106967434, 7.2130832482978384, 2.3588404387356051e-05, -0.00061599619607480727
33.531448147819887, 9.4561215163520096, 0.00015748865149769751, 0.00037778758586017643
39.899027651660582, 9.5471381339152082, 3.6783509482699928e-05, 0.0006397079478254415
35.325620321689151, 9.1754535955714527, 0.00011096402137345212, 9.2734285123141741e-05
38.223483416145491, 9.9872638937387084, 0.00052752103363292086, 0.00051878331840139855
56.036798881615198, 1.3404128087963261, -3.1360730000918795e-05, -0.00010186670945941861
46.069249719508427, 8.2636247496000408, -0.00012854312927586367, 0.00087294403223181147
52.153235228804881, 6.3604965087359142, 9.273454383179871e-05, 0.00039437983066683007
45.624845213986511, 9.141638357262396, -0.00067433409779761447, 0.00058384573114797023
44.153136443725977, 9.5059326487136708, 0.00046576458331573623, 0.00019831789058620073
48.534707623530203, 7.8519866140699639, -0.00042121675178327704, -0.00065319133546446232
46.04867692810388, 8.7127903516562561, 0.00068563367877907445, -0.00058057668980982815
44.572012219316328, 9.4522799348109476, -0.00055077120415485158, -0.00037953837555807727
45.83452967686344, 9.3984292164743906, 3.3884706634771052e-05, -3.9063861483148742e-05
42.09100410452924, 10.256492720655771, 0.00087846648589008874, 6.3349000535324978e-05
31.992556824513997, 9.9787693825591504, -0.00036307592241369954, -0.00087690699429615669
28.510657500524268, 3.4224027695012804, -1.4311925391125593e-05, -3.3023001919421767e-05
35.1305113150244, 9.8667344744417367, 0.00028850113963580442, 0.00076865313720559357
37.015632588630687, 9.8638076157478505, 4.2129067298580285e-05, 3.5587351952170983e-05
45.466400838338608, 8.5870679624605817, 0.00073133799894804178, 0.000516858487615723
30.734848735548745, 8.3112931251282003, 7.3878822268622481e-05, 0.00048502373983043791
52.090441928541104, 5.6590052696316295, 0.00047271092910762579, 3.2744863725812122e-05
33.693114041806076, 8.2449412191942262, -2.3285525243370781e-05, -6.9689201830489268e-05
39.54293002338801, 9.6127124721601014, -4.3425130971648808e-05, -8.2087893935980688e-05
51.976387612109754, 7.2494415221447754, -0.00014585947906555087, -3.8837250477825128e-05
55.013300671879684, 4.8928293255639446, -4.7398856242246562e-05, -0.00011163602125116137
38.659194805209019, 10.15015194927779, -0.00018762950700667352, -0.00033096833123452782
43.363279234600626, 9.9208572781558182, -0.00027582151427344912, -0.00019235391336486159
54.330570398568028, 5.7706782673603279, -0.00014125034481824104, -0.00015467936243647183
40.4527369408044, 9.6520361671449333, -0.00043220844924842162, -0.00078462402967331571
53.294364276302254, 5.7683497063501186, 5.3110785194803631e-05, -0.00022771361748222322
53.254422299365991, 5.3069016772758477, 0.00023272333031890732, 0.00021929898017674794
54.559825032778647, 4.4840489097790774, 0.00022787095423112798, 3.26150799649044e-05
37.103300402785408, 9.8474863861637001, 7.8170355946038803e-05, 2.9456251911772072e-05
34.71300198005563, 9.6329640900478122, -0.00019472215050953527, -0.00049364162106695097
53.911343274910571, 5.6886400757178208, 1.1115388117706333e-05, 6.3444121426463351e-05
53.807418668115169, 5.2823819731510042, 7.2626985772021254e-05, 0.00020012186289374844
39.958540378468214, 9.7810011050466947, -0.0006567738875824389, -0.00072096925682788916
33.654714638215637, 9.3638740062085688, 0.00065276205356951382, 0.000513539214233657
30.458028037241597, 7.5689556657828714, 0.00023981872644606781, 0.00012043681617141598
26.869217313089663, 7.2959188134831638, 0.00055966297583907745, 0.00035091211941088872
42.71988300386964, 10.630380988301638, -0.00015841313029192261, 0.000215914951626152
26.035141723354435, 5.2276728414006968, 0.0005728499898902395, -0.00010540588707958942
54.244578372771592, 4.6846412952885341, -0.00017682094715403367, 0.00030905348141673015
45.583881083376639, 9.4552375980735466, 8.4443784431405619e-05, -0.00010919593977946794
45.341092783528822, 9.4451974281916939, 0.00015007153381477845, 0.00040542996949703328
30.198503111121894, 8.059638175938181, -0.00036452733131762618, -4.6598334044697614e-05
52.870531126040937, 6.4972745394036915, 0.00028410030040802481, -0.00038314774543825384
41.867174297933296, 9.3171474089692889, -0.00084624604774978323, -0.00011888717725503205
32.596769051782559, 7.1180854564261029, -1.1828052693060582e-05, -1.5564771149280342e-05
48.226087004866137, 7.7959262200879902, -0.00051686958471555276, -0.00028607849041295958
54.796228239324371, 3.69540990947967, -0.00012872671465773264, 0.00025692207660833017
35.733833133922282, 10.237914774121716, 0.00010167860120609988, 0.00016443314646065631
32.822492283707739, 9.9587287612320274, 0.00016632336562873135, -0.00098970189668344814
34.755765835155159, 9.8547689789940911, 2.3824265124983444e-05, 0.00055422363329431766
31.678904036780171, 9.2940126846826416, -0.00079633054920480667, -0.00048151451989923016
41.873454431987589, 9.1740829700068574, 0.00017078625735477795, -0.00066242620026567517
53.53346476037818, 6.161690120894769, -0.00012012454904369475, 9.0949835984272257e-08
49.578464139407878, 7.5233450724517663, 0.00018159227305966684, -0.00014346407879824212
26.198000029583064, 4.7368089284183368, 0.00041850984927895772, -0.00020241626289678051
42.418077779696496, 9.8453803136832096, 0.00014308508362635675, 0.00034438021845236582
40.001092806263848, 10.0880888786212, -8.2435717599934938e-05, -0.00034008228408768097
35.817089658527721, 10.758256924822227, -0.0007620279875375272, -0.00077120924749018126
42.629131705978992, 9.6982572119837709, -0.00052835721500219738, -0.00030852116307731741
45.96118794208661, 9.1924951484450386, -0.00019694238738858163, -0.00034657600328671153
51.203064135880886, 6.6787940860371178, 0.00024342743763815063, 0.00031723096563460667
26.482015136105506, 5.5511268073463116, 0.0003882847795206965, -0.00031883701597452816
33.612607104060615, 8.8470079540463047, 2.4268563530074762e-05, 0.00011723288764074833
48.196669685053216, 8.2856069747332999, 2.0799360829082971e-05, 0.00010975103080200042
53.519332085298778, 5.3406261351397948, -4.8188142680977256e-05, -7.8952696586798604e-05
26.41829514473682, 4.1105507629247562, -0.00018810408760959625, 3.2959216306265604e-05
35.046552747076738, 9.3808105157956252, -0.00017185107429334415, 0.00023050171133538245
28.943590057699726, 6.924266953586379, -0.0003601993440406804, 3.0714117853157054e-05
49.971911753071275, 7.6442207627675378, -0.00023224696056745576, -0.00010397823127610672
32.310943772005146, 9.8650052875797876, 6.4462748876117335e-05, -0.0010138598581448549
38.566214691771279, 10.011337984551156, 0.0003207759787831366, 0.0010558312526748968
32.191509036056225, 8.6327220900206818, 0.00026952168348891976, 0.00045685290743220652
53.56927180598003, 6.4549105927202266, -4.4090278772544863e-05, -6.0741626599246942e-05
56.173552993744778, 2.805657675133332, -6.479148529860398e-05, -9.8387886320117822e-05
44.735152941428659, 8.4917661468511589, -0.00058522604860598566, 0.00032129422487335829
34.705999769070218, 9.5249364620215395, 0.00052058021795979386, -0.00070509519728742065
37.562148385941654, 10.116735872898046, -0.00014886670900375162, 0.00049631404068700886
30.791466006535494, 7.5229505469270821, 0.00024202370427026923, -3.0026419872904555e-05
47.294217330070389, 7.9603253236720279, -0.00082780397812917564, 3.3861195963985188e-06
53.470270296301571, 5.217553743765083, 0.00034396624968443504, -0.00023015592981156301
28.679999577012357, 8.1412506017438986, -5.2815419392476044e-05, 0.00077719867584710972
25.34053958726102, 3.3147962628714533, 0.00024308773549582477, -2.1254652766973762e-05
56.824057714748847, 1.7092877212213118, -8.5593499632120526e-05, 4.1541073108608076e-05
42.184658616941221, 9.9305770982013719, -0.00086203542376344906, 0.00036205619763634021
48.70881664242755, 8.4447253093031573, -0.00011669942201286359, 0.00013663508889078554
45.291352739434608, 9.2347531478894691, 8.3493318408642871e-05, 0.00015776162297681046
36.866505292250942, 9.9889158693479061, -9.4768634932237766e-05, -0.00064191825611825345
25.93442869657758, 3.0102403662522081, 5.2780015495917686e-05, 0.00020568494491457373
38.00604580228584, 9.9170314680581484, 9.8274648907860159e-05, -7.4915532772687974e-07
29.124743132803065, 7.549456748097775, -8.2456303109416647e-06, -0.00040053138795606677
33.58669635560986, 9.8880926987039661, 0.00072044206320662349, -0.00056908723828786017
30.339663690516105, 6.5440975753188013, 1.5019343273778461e-05, 6.983317125869312e-05
55.120514554101419, 4.6791291695904107, -5.3865759470968347e-05, 0.00010496242656589265
43.216026200515202, 9.3728928657686197, -0.00073565362566578021, 0.00019789212478283356
48.755086075744707, 6.7892917881556851, -0.00073683869233354376, -0.00016722486068879061
30.361693870110724, 8.211856236085513, 0.00045478553392943271, -0.00022572889644645341
39.474778625244042, 9.9849878055391006, 0.00023760697959749951, -0.00014268608502324945
50.49088631217591, 7.4669632081374901, 0.0002306899567518206, 0.00015546813111263781
46.898804879583594, 8.5240815828192691, -0.00054955528285121832, -0.00056697823259611977
25.365051576399754, 5.7643584334604085, 0.00025531232186591017, 0.0004995728851430397
39.963109979059197, 10.08066189965556, 8.6712937087477445e-05, 0.00069423265112346561
42.378477957743442, 9.9797352570414173, 8.5473343344694133e-05, 7.6795739650187343e-05
40.464303269623308, 9.5427780497746948, 0.00058533558448969024, 0.00029218408861613154
33.710730667285063, 11.542069212797188, -0.00040051105942935287, -0.001105900235311584
55.700887158795346, 3.6618244507473157, -4.4493901369986397e-05, 4.4017631666975811e-06
29.699041504479219, 7.1284350947263357, 0.00015391669386738988, 0.00031760012326893268
55.232799215654765, 3.3448342918970817, 0.00020186036255685777, 3.6426040474344342e-05
53.596658465183822, 4.7906770860244974, -0.00047833068903840734, -5.9140353266476882e-05
32.842555700692884, 8.4592325014155971, 0.00010239032056537032, 6.1506730347092744e-05
36.055738633665392, 9.6812540864373791, 0.00017225932932574324, -0.00072337208347735482
32.75447365015043, 11.211387491633772, -0.00062501952831143614, 0.00052265121113191778
46.427082110618791, 9.1633516232883672, -2.5554081669703531e-05, -2.7262721941752162e-05
54.628210944370458, 5.2411272919519236, 6.3666616359673881e-05, 5.2986514064381873e-05
43.70392593138947, 9.446201619769667, 3.9457259900177624e-05, 2.9543033863217601e-05
55.832344295044045, 1.5602990223256992, 6.1143149666330023e-05, 0.00013357492275121416
41.427991156039404, 9.6126470375027893, -0.00013919232648725821, -0.00018932218134716405
53.627337233670879, 5.7438416707655042, 0.00010995721205376362, 0.00033219037080188112
28.408237114306239, 6.8280846322727973, 0.00039459474007695898, 0.0002349073447363658
33.469687940061284, 9.0851611605637448, 0.00017664644336035291, 0.00010549399550519114
29.817492029871772, 7.1616908387528229, 0.00023382047939048782, -0.00020109432318965968
28.945877679089357, 7.5306493118344511, -9.5282929018146347e-05, 0.00051817013093509163
36.323310493134635, 10.058111821989071, -0.0010278909191111872, -0.00024048395674323772
52.774221892145505, 5.2408926647743126, 4.5330338605394796e-05, -0.00048296664216824597
49.638576769060265, 8.1708139053818289, 0.00016780246827514142, -5.8375980029323254e-05
55.026142146040272, 3.2886568502693647, 6.2586932618743717e-06, -0.00029922068600760456
39.324624358338205, 9.8176112191386107, 0.0010155631916369528, -0.00012172383432673521
45.906539228210804, 9.4988028651074394, 0.00012327027920751071, -0.00017396436191199276
56.658010085980528, 3.0336783923989667, 1.7237470809429004e-05, -1.3259871851781806e-05
36.1218941654612, 9.6145649737746659, 6.3454921814097052e-05, 0.00092135625899783774
23.52205138250277, 4.1379749667140082, -0.00031792480166265366, -0.00024824517013889713
57.290748458169844, 2.1001104718701251, -3.5638107395985578e-05, 3.533952480407257e-05
28.339968579833535, 3.7917951487481858, -6.2758134946139493e-05, 1.555809163055397e-05
39.40011042943545, 10.026971172820133, -0.00036747240965039556, 0.00089257919667065123
54.319738921981489, 4.3695667385983361, 0.00016037715747271831, -0.00019389357802831298
54.6172529941786, 4.240053446408762, 0.00013666231552729764, -0.00026413164283666473
52.458346799991908, 5.9277445332258907, 0.00012382457028454807, 0.00035426006248259588
51.423482115164965, 7.1507465464093309, 9.517527653948628e-05, 6.9430955973204017e-05
32.996448141274826, 8.3406362730319987, -2.8400257312188879e-06, 6.4795805466088228e-05
27.962868572507993, 6.6070011660771906, 0.00037326770689684628, 0.00048874260329536908
31.980261398095621, 9.3899782918549199, -0.00059074224500494375, 0.00059709142805771341
31.788307124889137, 8.7965030856135922, 0.00046770178752952494, 0.00015965845479603942
42.331934780602516, 9.5174827605705143, -1.1067663319512945e-05, 0.00092512337284749444
49.02975070688062, 7.5087590120790626, 1.1448644368859995e-05, -0.00072394273318251458
31.654778855475026, 8.8897056292419894, 0.00053278943602605943, -0.000303083822281043
46.995605630016122, 8.8486752470717196, -0.00013986630055380219, 0.00020211866741466476
25.50162992089961, 4.0223942762142064, 0.00027865427797913562, 0.00015321824531822008
24.853343388533784, 5.4767921862860334, 1.8211602716104794e-05, -0.00058145735591317194
35.385879249048138, 9.3253101047384863, -0.0003050472993886994, -7.2256245894599212e-06
45.04120605840999, 9.4007478885236591, 0.00017527353690228919, 0.0002704033871376208
27.663303177691727, 4.2047181979543398, -0.00015139534071840119, -0.00011605254246845356
53.354031944244127, 5.5016947374636382, 0.0001768247042700145, 9.1940784752077588e-05
27.456660238831272, 7.1227119207011889, -0.00034416621931816017, -0.00069707905908364648
50.558605699990515, 4.8981440201547928, -0.00024722158816614339, 0.000596407555153436
46.262635472348435, 9.1270335731715164, 9.4815295061750484e-05, -9.9304510752710779e-05
39.289603583887654, 10.185246809139468, 4.165315374755601e-05, 0.00040891814029822782
50.016996770984946, 7.7917936190275556, -0.00018808152955547536, 1.4299326863832418e-05
56.526005069344301, 2.3986520931384585, -5.7961619399433426e-05, 0.0001397451888810272
45.040610702700974, 9.3846166885325921, -0.000233978612428892, -0.00018878483449578131
37.270223406397307, 10.952166491382517, 0.00044509995616408098, -0.00019037734213865037
48.216151974178459, 7.9768742103789778, -0.00028150319335243113, 2.3268374157141161e-05
43.458493340463036, 9.897747106783001, -2.4407114396758612e-05, -0.00057928531178505147
30.931629669141596, 9.6089876835373182, 0.00030345030128700303, -0.00037522928526748513
41.395067311731751, 9.7128173747077824, 0.00033974636864761724, 0.00013459637805191102
52.998863739545143, 5.9261762460108089, 0.00024427349202823211, -0.00046574820542616814
30.673065224226232, 8.1178122796903445, -0.00018710675479290261, 0.00053516862557683917
50.310941529167451, 7.7139569513293376, 2.6868307430893823e-05, -8.0967380316335457e-05
38.226373261442269, 10.225705783804218, 0.00010711317508065367, 0.00038503594442048831
40.789857020650146, 9.5621108260350969, 0.00057049015148255707, -0.00074669521478042328
42.165136722426425, 9.9655846648332815, -0.00032092036127477082, 0.00036117697637815031
31.117755642256, 7.2285216797695258, 4.7521138344169834e-05, -8.7554255604186954e-05
43.417068326473085, 10.055385336696991, 0.0002143733146711334, -1.1267792744747581e-06
28.244213604346299, 2.9463459416496445, 2.4947192336421214e-05, -3.7611521944808598e-05
27.525903722895691, 5.4754849957426917, -0.00018658336299311312, -0.0004884094465730835
55.383245865974125, 3.604933219278601, -9.6353894131477182e-05, -0.00020447828328251381
45.276457412359413, 8.9578698856520163, 6.7892604894235998e-05, 2.1263814632844925e-05
45.145979732408065, 9.2848876152032904, 9.8398916786926162e-05, 2.2806593065531246e-05
41.776600370861395, 9.5712704954341525, 0.00052625762217517176, 0.00066761259545825426
31.729673880887709, 9.9545076983071539, 0.00060298722956122781, 0.00039283228706006037
29.202604590603858, 7.145929911411832, 0.00034113130092873852, 5.039664634592311e-05
27.666052855835332, 4.3717145995810416, -8.0982269605711909e-06, 0.00019625778056188011
53.9571698156482, 5.4906433992261592, -7.9629838053678326e-05, -2.673811529695495e-05
55.911884261823516, 2.8536345998915489, 8.3214141961374791e-05, -0.00012225178610489933
46.555636220286729, 9.4567864128513044, -1.2851782850640905e-05, 0.00055676271448401604
45.29771786238711, 8.9950674973951461, -0.00025985438263095221, 0.00062905741962004729
34.932006514856688, 10.098462120366879, -0.00067182650628720112, -3.5936638594474754e-05
46.67648120838507, 8.6053620991213933, -0.00040126817722527231, 0.00016984490589904528
45.181732358773061, 9.2069920355995443, -0.00012973672948547016, -0.000471033285099815
44.858795746020199, 9.9708131632266515, -0.00031415187744817064, -6.2859682064996404e-05
49.914453367407177, 7.9487460133746142, -0.00029818463145942723, -9.4542567750750958e-05
34.349066682332399, 10.086455370835115, -0.000237174792582904, -0.0005624759754918493
41.007437133776001, 9.6793209075067637, -0.00091284002089091676, -0.00021483185731141908
38.040101201494792, 9.966792878721801, -1.9443516105870589e-05, -0.00019962201145086672
28.644747363828678, 6.2143521995468003, 0.00023754167227796777, 0.00025425366385191004
29.589069433412657, 6.3578729801675422, 3.6230247623394321e-05, -0.00015370170755922642
42.429294150112625, 10.210960166644977, 0.00037193627764242767, 2.1574909473436574e-05
40.595190849683277, 10.304497101337935, -0.00018687460355231562, -0.00022018993140707243
41.325733464836645, 9.1394961500704994, 0.00068585853854313805, 0.00025574853576950361
30.83904232051254, 9.0108813597880939, -0.00058245903410570059, -0.00071041003966026766
41.1890712194255, 9.3003446865842694, -0.00070917577013564323, 0.00068136209933990482
46.189135756056096, 8.7741054710754618, -0.00054598934085914915, -0.00069143429484946981
30.300399772905706, 7.0480907785501916, 0.00021556903402204276, -3.2070111237256524e-05
53.321405846973128, 6.3406224170338206, -0.00024606708617880215, -5.7904236393683818e-06
55.308228344768033, 2.9586346192238588, -0.00013230471009373403, 0.00016200073527892844
24.641591221477189, 2.8373493349935788, 0.00016320615449919016, -9.8485034479999642e-05
48.049244952893247, 8.015475497649156, 0.00062203260683529134, -0.00056772672466920545
43.590199033343552, 9.5734359240049702, -0.00012218465810466807, -0.00042427139788310981
24.854881586576766, 2.1955301770820488, -0.00011926842599687411, -0.00012172869898517706
43.731676150594026, 9.7762367615187475, -2.2581489308347183e-05, -0.00025365307986899825
52.240273268382275, 6.20596758381408, 0.00027605263467333526, 0.00032634648499422521
55.382254887366976, 2.2003097473804818, -0.00021254465112274302, 6.7165848350722555e-05
33.276861434683738, 9.2425955224329748, 8.4815036538873252e-05, 0.00038080459244765034
53.082012278173494, 5.0166230227300277, -0.00050537131858123595, 1.024760195072816e-05
56.540101115784864, 2.6871355397478642, 7.6854941548103501e-05, -2.6924986393074444e-05
29.536422268016089, 9.1774865960064176, -0.00010466964461356237, -0.00087915004719276899
28.336672852518937, 8.265387301092165, 0.00064374786203138092, -0.00026536053125188766
52.23349116762752, 4.3282200951060457, 0.00033094811313585384, -0.00025409383620011468
32.803979829833708, 8.978959670580684, -9.2977758999067482e-05, 0.00020646667073096395
52.678885254376091, 4.1080813211674929, 1.3789699186462182e-05, 0.00041860063903415544
48.264172930820322, 7.3269863072000048, 0.00041315854505444456, -0.0004897440773410129
46.110952361529378, 9.08250528739309, -0.00055200512023574784, 6.022348816764393e-06
36.515835970999106, 9.9827543066869247, -0.00033879024892102279, -0.00070331408643944796
36.781517156613866, 10.011219056344864, 0.00043269556137791619, -1.4229172024074792e-05
46.663946250883733, 8.6985781026516769, 0.0003527750508154141, -0.00036480725449085632
35.888154014429787, 9.8861483842872993, -0.0002417601258561254, 0.00024492512774208514
45.791069809205787, 7.951982673768339, -0.00069085594302245883, -0.00054360756132822976
35.886664146931963, 10.082460971279763, -0.00028253523522402384, -0.0005323387728997179
37.115909102286686, 10.161042482821848, -0.00020323978187492681, -0.00083101647985930221
26.943941263472162, 3.4531884970040543, 0.00010159128314109723, -7.8409257143768505e-05
34.317233002470616, 9.7612867409930644, 0.00051823572392692852, 0.00034846023666511354
25.004371642572551, 3.6661108256860309, -0.00022553600997481354, -0.00016225705456748707
51.57445013893193, 6.737085099594549, 0.0002279664697412276, -0.00019419300302691604
36.680593596585879, 10.670853543890063, 0.00053218615669574322, 0.00012847111541184532
40.102547695216352, 9.5056450006958197, 0.00064313551522930191, -0.00082031410756533277
35.414531160770771, 9.5786524196689218, -0.00027058495652744599, -0.0002228237547507761
44.974981689868812, 9.3255818552121177, -0.00061870285079183027, 0.0005110720446503727
51.726675801398422, 5.8349685564618055, -0.00028727645904526354, 0.00051648967074167604
33.701191894239194, 10.366383697473319, -0.00087085828305550207, -0.0002144133659669279
31.576929773604164, 8.3549370706831869, -0.00035467366303701381, -0.00022569580274266399
37.286858627969494, 9.6398283925628725, 4.6159986653491991e-05, 4.7914379037108811e-05
50.195162545583322, 6.9262942768576732, 0.00060061584260267544, 0.00036794233836107436
42.66827773067282, 9.3071448327680315, -7.0561380427136168e-05, -5.3616806291601393e-05
44.638408457359617, 7.6895285773386819, -0.00084863290872485035, 0.00012541086665635145
26.54214589095816, 3.9042564440843077, -3.5535505875294424e-05, 0.0001917943356588367
43.205669883497144, 8.9259710521102775, -0.00086167773038236682, 0.0001418271255406281
25.512859286876594, 1.8220722007366623, -0.000101905396668385, -6.6883817832669577e-05
26.191448901638761, 3.5691149860093865, 0.00016393830807595684, -0.00019137046714538399
31.025126401093374, 7.8480826659828447, -0.00018794777378309819, 0.00011751358547260963
35.662673233414921, 10.04651273283441, 0.00029587889333316196, 0.00032368302385160522
36.903733002233018, 9.8126887348249134, -0.00011355817282058443, 0.00028098182193457175
26.104619315941676, 6.0733619190582644, 0.00039833879283876603, 0.00017033937957138329
35.930498040077779, 8.8742789993646962, -0.00014440277694951716, 0.00022324244803422082
47.825607082786625, 8.1871221876401687, -0.00040619504390559437, 1.2833942343913622e-05
23.839546777623987, 4.8210538581055324, 0.00044814083424536986, -0.00014441283539254834
40.283254226357741, 10.146429010789536, 0.00014188575426163965, 4.6115703934987003e-05
30.555964429965989, 7.6195330712686413, 0.00013013961214400425, 1.476961790706326e-05
50.24312006074323, 7.125283265239581, 0.00019615254747542535, 0.00054911198735837607
29.349195466065105, 4.9759777474554081, 3.0218057514404515e-05, 4.2609561981227241e-06
56.82699489824499, 2.3564590868270905, 1.6965998922603212e-05, -3.98424869948644e-05
47.271602631271342, 8.1501928448505243, -0.00016234413962478025, -0.00058258888900132003
40.639951077408909, 10.16416958634427, -0.00022217448502520097, -0.00044335221995443454
30.768644431204322, 7.891258049645665, -4.2522381893507564e-05, 0.0004243426886567979
41.70169218787165, 9.7584401158165903, 0.00019518074125314273, -0.00033474121668649513
26.80707057835771, 4.0688232056812863, -0.0001677097769662245, 6.2041931066065173e-05
56.959849358810978, 2.4788613685596039, 2.4393819601187403e-05, 6.2899330196075501e-05
48.942413124927718, 8.4454771780900693, -0.00016524145724300588, 0.0003056333171465881
35.270069270719716, 9.6899297896465626, 8.7299026387798053e-05, -0.00013578601708334477
28.365550758261008, 4.400050410614325, -0.00011112148575635622, 1.6155370200400874e-06
49.529766337943535, 8.3765406474219777, 0.00042815932584176856, 0.00017366136661922164
30.638760754336843, 8.0561219883858435, -0.0003020795393610347, -6.0464578750559368e-05
31.974095426280144, 7.8095710071240765, 0.00014158191833136004, -6.1868083321787591e-05
38.887535085423913, 9.9985171142342786, -4.6438591387748964e-05, -8.3938900941603637e-05
54.371120148162632, 5.0623523710433203, 1.2974227950785096e-06, 0.0002093958811621207
31.016650919187931, 9.4716060841634526, -0.00033489048654961534, -0.00073847374172090877
47.47652153468082, 8.1667264954780467, 0.00051527536598447649, -0.00050638803048516829
25.984005816937298, 6.7482554918152537, 0.0004000757533541705, 0.00033225890437034656
39.50152989158989, 9.770910283943234, 0.00025627676863647662, 0.00090844234869433965
57.310088128468429, 1.8418998300869307, 1.2175874461368308e-05, 1.9658695389466618e-05
56.455044683756569, 2.9360761107950268, 3.9493562049202382e-05, 5.127085061612602e-05
34.402567016703941, 10.109590289647882, 0.00015816585481387237, -0.00077312672986611433
29.017779136670875, 8.4760205078409445, 0.00017728732068801007, -0.00071416322274787372
28.211398386288131, 7.314729558364494, 0.00025287321542536475, -0.000350725276700549
51.518973197108508, 6.8139886547431008, 0.00014130466493272775, 0.00026645472156341834
24.723777804035837, 5.3198187789500553, 0.00043976715082756732, -0.00031050914427265555
45.245117373924423, 9.1380141482649098, -4.466596482598648e-05, -0.00026736665161534583
39.639620600817089, 10.56386608822309, 0.0001974637756266407, -0.00054604609683022278
51.545020521065297, 6.4841398862753685, -0.00041951183639810406, -0.00023273802671326338
25.849740073664922, 3.4787904138479915, 1.6331378796024925e-05, -0.0002236535381134211
49.519794242282529, 7.6272493716220451, 0.00037485785722438488, -0.00032619361243581599
42.699948400907793, 9.2692670460076414, -0.00060602334178360307, -0.00021240632817738259
43.873435858977174, 9.5100681340970787, 0.00025041076436301788, -7.8536482218821882e-06
28.543981991912187, 6.5552631294279475, -5.4973065469418105e-05, -0.0003983039432089817
57.007159184990869, 1.8834945121780664, -2.1465522888472408e-05, 4.291379849358843e-05
35.581076922694002, 10.343262648007803, 0.00082213194655310676, -0.00024189426755355633
27.984465337073757, 6.5752969002458661, 0.00012607657335326591, 0.00025580369644454394
38.543673740069607, 9.8910325050781225, -9.1002192334806604e-05, -0.00017208265843204903
55.807695519039846, 1.0902838895518663, -3.5321633158772546e-05, 0.00011234508063911753
39.551165626395253, 9.8894700080184368, -0.00047729460550916973, -0.00020214928250769678
45.941163625627567, 8.9803989496698211, 0.00067871111732739945, 0.00020311015818165413
44.691466433327882, 9.2698094858334361, -0.00022551449157004591, -0.00072957848169116508
50.451459822714426, 6.6578430219413027, 0.00066902037544088551, -0.00015512643072731786
34.926797110697883, 9.7405670640634323, -0.00025212279706495676, -0.00017451048620501761
47.565703717311123, 7.6959886592990383, 0.00043304996794704063, -0.00073744104402292954
53.517869672127226, 5.6335895776888041, -0.00028033756040748975, -0.00020334710868519197
48.060036299579671, 7.8096463622584649, -0.00036037405673967714, -0.00035566704204993493
53.085223116523579, 5.5350529455821507, 0.00033441468490760258, -2.0478319161994186e-05
36.39786068785552, 9.5973737465925666, 0.00010282809494113174, -0.00046292147766942635
49.744374272428651, 7.0684986998691759, 0.00061997838378046529, -0.00012919587343822271
31.846963655919804, 8.2969841365332346, -0.00014917049811380688, 0.00018722574976893716
27.660580821260805, 1.8624978445989107, -2.8199625029285485e-05, 2.7553442710248047e-05
24.633514181953966, 5.0808599386277766, 0.0002790919278976562, 0.0003808787590350532
34.819556227071935, 9.1515259537272478, 0.00068220208037563109, -4.4306747058804201e-05
49.340267626087225, 6.9801752882921058, -0.00018103468195871492, -0.00066110415399141937
49.718540285131994, 8.0628426588595943, 0.00022923289982772872, -0.00012907938387361791
38.999350705134098, 10.13211746061218, -3.4117002393589056e-05, 3.1156825916000248e-05
42.132450859698451, 9.9528597845139615, 9.3488759724160532e-05, 0.00023554950621082902
52.645920153678006, 5.9589713703267648, 0.00015225594168554206, 0.00024738682163761173
32.826647318536175, 8.5463958660433335, 8.3633576982608437e-05, -0.00011273655957503697
44.363126565198812, 9.1301412121764312, 0.00044938633640702482, 5.3909590673405568e-05
42.833758528612094, 10.15650561559085, -0.00010592039210850256, -7.543615329608515e-05
26.089372786743628, 6.4136582959153703, -0.0006190683148806906, 0.00025544631332607813
51.219454594745351, 7.2160048161931218, -0.00011747078513694088, 0.00010957991052979702
53.379278163992609, 6.132255236038171, 3.4927889821570464e-05, -0.00010365515719092694
52.49280071916602, 6.4522316617201554, 1.2191346161642879e-05, 0.00023827161343960656
43.711248128250141, 10.197732852024288, 2.7856892152402551e-05, -0.00035402612939440813
32.394542761169959, 8.473415682518004, -5.0321026956515031e-05, -0.00016511556862412068
44.628144507288958, 9.2245363067535919, 0.00028585774113191288, -4.5636330316576962e-05
47.467637776753371, 8.7350972324154128, 0.00014172270650267263, -0.00036377793186417146
48.413113987649851, 8.0651875209859476, 0.00056932033582484081, -0.00032125652603326292
49.642750440364559, 7.8045065039988089, 0.00031260728574357833, -7.6851264027745725e-05
38.565497696676722, 10.383943574393184, -8.5403319316666623e-05, -4.1057895093672965e-05
52.482441800108887, 6.1542781498183343, -0.00014628995015706625, -3.6022069287988726e-05
53.364787571877947, 5.6394457778588256, -0.00023419822688202518, -0.00024806878471423397
42.819743922555837, 9.6966030870561166, -0.00043762170509876449, -1.0249367596963316e-05
46.006585203652193, 9.1347926573467184, -0.00063323928575788899, -3.391067890743814e-05
55.495247041665884, 3.4514404663921567, -0.00016858954596613116, -0.0001176875436465902
31.185022370964603, 8.631804823964238, -0.00066864169973402895, 0.0003313319152211045
44.440935408024444, 9.3092031244189712, -0.00078030448392425841, 0.00055450473249887312
48.727064533134516, 7.5780753535497745, 0.0004925872485513355, 0.00023234519093638575
30.294505930303014, 9.3815651747919802, 0.00083822700428625959, 0.00053028617173628268
54.023621447769401, 4.3213345764909716, -0.00039539268043821722, -1.713331356483216e-05
29.518151476713861, 6.7029503638580197, -0.00022910902040090898, -0.00016276047836891224
38.278739740864808, 9.9927006661358178, -0.00092513700489444089, -0.00059134820425885961
27.530394958512098, 2.9276224753294859, 8.0856050308404794e-05, 2.1935329603194248e-05
29.84780084640677, 8.8225645091273908, 0.00055009095830743952, -0.0002359030428013109
51.138661347016345, 6.9002678299249398, -0.0005162398353863541, 1.6227868318511229e-05
55.977652334590644, 2.8031938485768162, 9.5022509348909769e-05, 0.00010606359115878271
27.543378953684613, 7.0970576478095593, -0.00032139588103784249, 0.0005954756459698227
42.798558722428979, 9.4863623949659015, -0.00096886177574888896, -0.00022163136253955309
47.019795763964588, 8.9099944926244472, -7.0087900490096181e-05, -0.00027957538215319066
44.676529850034598, 9.1620212108432959, 0.00023722375725294343, 0.0001513017420773501
48.208412027245842, 8.3408776814948453, -0.00020612381543915474, 0.00011328018912813402
53.972366401216696, 4.070791092937128, 0.00035463314777038445, 0.00012076686723035905
39.124025583034069, 10.046286501068948, -6.5885434963708386e-05, 5.0985652680935001e-05
27.167889919596625, 6.3691645189954027, -0.00030443383097892088, 0.0004334213605551236
51.57674798168663, 6.5159294293920684, 0.00017783533568676508, 3.2135581633347283e-05
32.556667846524732, 9.2018508914434811, 0.0003270730256617081, 0.00020865937863701685
41.888570248671456, 9.6543672712170743, -1.9852009830178401e-05, 2.1855607086019229e-05
51.936220781737546, 5.8513353652509092, -0.00037080714174148792, -0.0004976687793188532
34.911769845194669, 8.9320256962219648, 9.6367742529608283e-05, 0.00030036391568321669
53.731847549790984, 5.7682284814680234, 0.00013419794178744411, 0.00016558138217974926
55.440291844315595, 3.5410961902705576, -0.00022176026375208315, -2.3568094759609263e-05
23.499453914495874, 2.7051499667581003, 0.00029351274135622132, 1.3812008360968892e-05
47.204585756522604, 8.8538065828320391, -0.00010921662115866348, -0.00040848132146780022
26.548983316850482, 5.8019554559616102, -0.00031168564503521916, 0.00029924179616140807
48.486533115135842, 7.6257371881909268, -0.00075718964582006552, -2.4132192741275043e-05
43.420066044765314, 9.5986501263758424, -0.00079567412309710847, -0.0004606042855997179
56.134998422967961, 0.77799178051251761, 2.9534566924813412e-05, 4.6960016869471312e-05
49.973879411705035, 7.8475927087331581, 0.00033645072031793981, 3.001711533257787e-05
34.423634206079988, 9.7973744746202023, 0.00041780875036499468, 0.00051982811188694454
42.446788679829069, 9.357467346099984, -0.00057645471275549818, -0.00011283660416781437
52.154150955580675, 6.4099720325977909, 0.00040976798686266912, 6.6614253935805349e-05
56.528584882245823, 2.1083335137908836, 7.8035099251439648e-05, -3.4762907346730367e-05
52.721709144443295, 4.7016636343618208, -0.00018153221804366893, -0.00051285385450873825
34.591913410829292, 8.4733336422640431, -0.00037751077805533539, -0.00011440974886779488
56.74400620302152, 2.7015551307535439, -2.3193885444922345e-05, -8.0489099268546787e-05
52.458775059181107, 6.4242372934637109, 0.000167918519973963, 8.4701118189197457e-05
29.845382019254814, 8.579792053904379, -0.00084610437521819568, 0.00017974382872262972
47.05279909860208, 8.1344254059435919, 0.00066207743406315712, 0.00051342343365816953
45.46087038315833, 9.1114388588480235, -0.00028930573575087419, 0.00032785400973433691
48.742185617114664, 8.4300550995589187, -8.9601468041579003e-05, -4.1976126846307119e-05
42.928729371983977, 10.055926223160611, -0.00012346900149746081, 8.298670722743255e-05
34.222518689637631, 8.9289888113506741, 0.00016413915743374545, 8.1320538300643603e-05
31.485789659248219, 8.4965074697757181, -0.00032840394508113629, -0.00018653025883048652
26.248505339657594, 4.9498471038160661, 0.00023533237685766521, 0.00027671750654064016
46.457392577506496, 8.8048742438347389, 4.0191497562232913e-05, 0.00078128302275794561
54.581434924842853, 3.1891663251024562, 0.00017512539876898944, -0.0002853396020662255
54.674726761273853, 4.9609171353034087, 0.00020316398353243143, -5.7898951870136071e-05
47.552010946529741, 8.2240266456858535, 0.00057996555797754264, 0.00033826919982645479
38.034295729754866, 10.084007446475903, -0.00060713490185326606, 3.5362216182294543e-05
26.334919213081839, 6.5159871167184349, -0.00055254326762224539, 0.00039761002852046145
45.682490755270933, 9.3660670693359886, 4.5496612458578928e-05, 3.0770362125746698e-05
46.723194020840729, 8.6388560437955668, 1.5324523377236089e-05, 3.9879063132569379e-05
47.284544200494096, 8.8322696988499896, 0.00013693700603523634, 7.636016241028873e-05
41.663100769754799, 10.194003640549061, -0.00026315558693425917, -0.00075563026463169533
50.718558324463018, 7.4082032304495895, 0.00039204083291523848, 0.0001761770698362127
55.959151977931512, 3.040966818732334, -5.9231186312738006e-05, -0.00014324523971895469
39.75941865783048, 9.5401229391927576, -0.00020979004173724751, -0.00096964495079299954
49.937835319079667, 7.3478310825542712, 0.00016833247806534427, -0.00040554417353945763
49.592367892100448, 7.8689676504011521, 9.8061663851365143e-06, 0.00032519579179288811
55.549076118856888, 1.7069919330694525, 3.7877779350723785e-05, -0.0001629097968551221
32.990547356293121, 9.4196925660544686, -0.0002847038217842674, 0.00020327629215738112
29.066958586409804, 4.8027292482436108, 5.6866836435482455e-05, 4.3937834562925043e-05
55.192762167809356, 3.6869830835622843, 0.00019960140595375506, 4.4755361853788681e-05
32.879733389276197, 9.8265613620336296, -0.00044635834190679709, -1.7134659978601238e-05
35.620470615519935, 9.9615628871317021, 0.00092348843164241775, 0.00013313223217976215
37.517779347382024, 9.9875843319301367, -0.00020626040680130607, -0.00012563540029663934
52.92018602356994, 5.8467695105387687, 0.0002920346086108356, -0.00017038969191395247
33.390155956310146, 9.0469748894644013, -0.00028217184277455886, -0.00012663537318267462
30.845227430077106, 9.0816669932983558, -0.00058234354186145342, -0.00059812801309465683
41.544584525979239, 10.047030795531439, 5.5514891540442848e-05, -0.00017638201599030849
28.763919939931622, 4.4957629553740324, -4.9999557192511741e-05, -4.7560034146102346e-05
32.499386713914362, 9.4545145901373715, 0.00038227936423969729, 0.00043293579952961939
37.378211123221597, 9.9174987001106913, 0.00031635148428484962, -0.00040395449487559389
40.179426079232918, 9.8805421172881669, 0.00015109766128172441, -0.00016612152328251858
28.201454487254871, 3.8521072485996628, 6.0736111785494553e-05, 5.3803946288716289e-06
37.417147477648982, 10.302590328297981, 0.00038205821724576148, -0.00072538870290846471
29.19085873154178, 6.1140988860741672, -0.00015554901409098806, -0.00011782037595001566
46.280045897942315, 9.4098910578020565, -0.00025651778312963579, -0.00050888572209704919
29.231332376747257, 6.885328612125762, -4.5716755155002638e-05, -0.00030544401722341929
28.960243196349765, 6.4755667304147799, 0.00010935132779073712, 0.00017627103831937741
37.942262119726699, 10.020410918671011, 0.00057495380360769505, -0.00031836668644194983
27.769022298334704, 5.6824029796170601, 1.3393811205034359e-05, 0.00044193862928335368
53.462339209139309, 6.1438357411220927, -3.7038776712955373e-05, 8.2140411282259561e-05
52.287367753328226, 5.701711318164949, 0.00027895730458678904, -9.8542083221961514e-05
36.78550843073122, 9.5801506972718311, 0.00086686622023172662, 0.00042313868338533789
30.246229017587893, 5.2592675131876012, 4.4184073679541881e-05, 6.9834735501078156e-05
50.834637669290061, 7.0963506111075798, -3.539629360399773e-06, 0.0001250850934249874
33.728378463532025, 9.2283745584878822, 0.00023963640006663005, 0.00028969626305748908
47.098526725399395, 8.657905702547291, 0.00023372639946916472, -0.00036538806750075685
55.687409721942899, 1.3292577991716177, 6.6440183814920125e-06, -0.00014245732594548072
43.71523975001876, 9.4387322061965833, 0.00016940432474858529, 0.00046878698043511938
32.425916485347877, 9.1840840153126404, -6.2749062926877513e-05, 0.00034534969428649809
44.15080089705566, 9.219473312019236, -0.00030821078637920742, 0.00095816743301927398
48.855405976936986, 8.3408743582458165, -0.00020148406587168344, -6.0441355566376824e-05
54.893817167609882, 4.1065989671412231, -2.0867622910511714e-05, 9.6034220910218486e-05
43.32193654031483, 9.3162749910725235, -0.00020728049039705939, -0.00099189755145262211
34.135706515509135, 9.5691984791657969, 0.00073794841383134006, -0.0004171759687861734
33.13510654495277, 9.4563103861469529, 9.4326523987508701e-05, -0.00063537229507936962
49.828376814018576, 7.6696727888666931, -1.4579566494668048e-05, 0.00038372493676730077
40.381057638781051, 10.397229263423496, -0.00086108913117099528, -0.0003896890589499109
33.593541597059499, 9.9224120192201344, 0.00071465949786550357, -0.0004467933911709104
39.967119021225201, 9.8089762250719001, 0.00029735924719186721, -0.00069092971778762996
35.047273509815831, 9.9526873056540826, -0.00071217820942468782, 0.00021720372156056281
55.602638601207772, 4.111818484610863, 0.00011098296867676203, -1.810389437228346e-05
34.909016229399121, 10.570615078488823, -0.00077332275093500602, 0.00061774907546829796
26.460620907699234, 6.7790072636197207, 0.00060017435623832766, 0.00020676116112567505
52.836629164001039, 5.0775577357097639, -0.00030990266412659419, -0.00029684336923846552
45.224030054621828, 9.7906972610041318, 4.0512195587212592e-05, 0.0001781137818377733
57.080047633498658, 1.8602241965002178, -2.5652811876624463e-05, -7.6789149248416498e-06
29.468234936204254, 6.7564398445590603, 0.00011759287298668017, -0.00017627049672579474
35.334973256164339, 9.4841173608029834, 0.00019052915940271368, -8.4636423966253686e-05
33.21822810818631, 10.295199853813903, -0.00070975472040123448, 8.0644915703489945e-05
46.099267663379592, 9.1483940216146813, -7.9713140769124189e-06, -0.00014360443489209714
40.370744066317421, 9.8840122089693683, 0.00022950219677816662, 1.0954222745241989e-05
31.924455376135647, 8.8932430763069235, -0.00012657726845596333, -0.0006204466497183931
40.689430189228055, 10.199271067250505, -0.00107358268760537, 6.1055362486808206e-05
31.262886339100383, 8.7512626168235119, -0.00011207505597324645, 0.00067503737887707139
50.775617260425868, 6.4690890215810324, -0.00026351518657910967, 0.00033632754797721507
51.718374341182106, 6.624672789721334, 0.00033189531070345859, -8.7791828458471828e-05
50.790414769385428, 7.6779248949502996, -5.7733961851878192e-05, 3.7400893354929218e-05
54.956741488834737, 3.4010991163836914, 0.00026277738420694068, -0.00012776077245325548
28.703862671191352, 7.2145178243402981, -1.04027851955265e-06, 0.00042871759737095517
55.878876363126196, 2.4247235849931972, -7.3452581178424207e-05, -0.00011794902809626745
51.16129288169008, 7.3513746671957909, 5.1375326151724926e-05, 0.00020139638334474148
29.010505893639593, 7.6186887286303913, -0.00046450472048163954, 0.00044974505635156321
38.806496545483398, 9.7335971843666655, -0.00032642586641942777, -6.2284402299793578e-05
38.750138819409671, 10.024653426605036, 7.1226372835080584e-05, 1.9622464352006478e-05
47.437040021640748, 8.4152698807493191, -0.00029449185259776092, 0.00059886062793709761
52.003395679113581, 6.2592012234144079, -0.00042612096465273811, -2.9239798517332185e-05
55.660297565729778, 3.1116938948817365, -7.1048056015541184e-06, 0.00014426518333563051
32.880342370990704, 10.023868459248506, -0.0010092987995363684, 0.00033474770441206724
39.505926735129499, 10.082392837084551, -0.00020206015959834279, 0.00045480681484394241
52.920560199834789, 5.4344948424678963, -0.00035685180564709547, -7.9148162789880014e-05
27.59256087722293, 6.9222255323042639, -0.00055372129405599469, -0.00016836995734819304
38.831811731768319, 10.023353007222941, 0.00038247265533480462, -0.00090995786986450332
47.595196785350396, 8.9344371935582192, -7.6006285634961759e-06, -4.5661539554332577e-05
25.555761547054509, 4.3520123093240564, 0.00039122926331558189, -7.2070377675724129e-05
37.401927289644568, 9.9414692072947339, 0.00052748138470206578, -0.00018750497020424706
30.585460993467425, 8.6888766673411535, 0.00039473828790765952, -0.00039967731475376632
47.456599077965201, 8.0842256841218152, 0.00074153830792387534, 7.2634083316493593e-05
44.844064876432874, 7.8420314967509164, -0.00080384054818625149, -0.00034042604361089236
56.154498982803062, 1.1230059683755556, -0.00010180493140842004, -2.2683897776758638e-05
50.351493849470316, 7.7791625128508883, 8.7258132388863175e-05, -7.5197637388846217e-05
36.40363958987389, 10.034817956648951, -0.00028618246191830163, -0.00062051682776882808
36.941700709070183, 10.121084414534845, -0.00057334250582207066, 0.00036218733339604301
28.993515020895487, 6.0080179097326116, -6.0265362692995916e-05, -0.00012617815507082476
47.716752438551644, 8.2307581691097251, -0.00053440945313749011, -1.7807644658001694e-05
53.294309132757739, 5.2203250176370402, -0.0002884386783761619, -0.00028392134328409507
40.159029866113919, 9.9593971554926881, 0.0002715979391361568, 2.0649959869185398e-05
53.407878037890903, 4.2067162457127001, 0.00035371057457804825, -0.00031164787823178083
52.564230614027075, 6.170936703989387, 1.7857187132410782e-05, -0.00027509480068923419
25.806678710663061, 5.4566158435187697, -0.00024232644313895439, 0.00056887149217006098
41.969816907347365, 9.888011219988595, -0.00033579741631377581, 0.00023995951374506096
49.754578737733674, 7.8308839916613548, -1.7958449967159812e-05, -3.2657138392579598e-05
52.843642114912647, 6.0334618322044653, 0.00036446065104258344, -0.00017459819331653613
36.46782457616073, 9.4814830026866339, -4.9734603432698919e-05, 1.7725655214940735e-05
45.317770387017269, 8.6935917348096954, 0.00026465580463224672, -0.0001992294897525825
52.854264992192938, 6.6905556665230268, -6.3546296572785554e-05, 5.7276001890877901e-05
48.887058629412778, 7.6710284524204031, 0.00012214377105166361, -0.00031111997789878728
33.288410514013563, 8.8597063671214595, 0.00022486690941243704, 0.0002186051776375566
40.449051694762893, 9.8944735607034016, 0.00049960721860229913, 8.7546914508498353e-05
32.155588945818273, 7.6140833999046142, 2.9661151556533795e-05, 4.1406265643081099e-06
29.414068340232909, 5.2307677281655378, -0.00011063855901483465, 1.2078288719460588e-05
33.577035602495954, 8.721686257607999, -0.00010880724556223633, -4.6193302456525926e-05
38.338491655336043, 9.6336034898068128, -0.00095537940568175578, -0.00030695366923849481
54.873117815088499, 3.4203645811393644, -0.00011990553401338085, 0.00027399578206983985
29.818415784595913, 7.5213653851583349, -6.5497520761866748e-05, 0.00028217246588896664
46.985473225300993, 8.7838748595208553, -0.00027568562209272213, -0.00030972447775686764
54.347445571099875, 5.2403551010393468, 9.3263997400496021e-05, -3.3532944676662152e-06
30.201604115290131, 9.1398687905908531, 0.00066860444570875479, 0.00038146931795868044
47.71995269812205, 8.5104417559641181, 0.00016696397611432062, -0.00039844745074156009
35.488748811794188, 9.8653921023841722, -0.0006093637496140332, 0.00032512311322359957
35.320622575103712, 9.8740712658782819, -6.5593021866623956e-05, 0.00067559627588360404
47.060297880812257, 8.2743564884053544, -0.00065511988602467584, 1.2431488120425432e-05
37.44670883578415, 10.487124291849122, -0.0010215895226353339, 0.0002700866177185612
32.073853859730761, 8.4210551837425438, 0.00042936296318143275, 0.00028967168218948142
36.811237113337825, 9.2608543530441665, 0.00018569232324040224, 0.00011050284713102809
30.269188575620056, 8.0918794854078229, -0.000676977170764707, 0.00026107682316804849
29.309562874367575, 8.0837644325865803, 0.0002618438556400846, 0.00057357201105022698
35.192703503524214, 9.6913575952205075, -0.00079114918611030425, -0.00050717977974538888
39.367656867066465, 10.026040961507976, 0.00027653755569733801, 0.00016157478741573209
46.350879040794467, 8.6787117980711823, -0.00083778480376744979, 3.5845558522130529e-05
33.240604731600015, 9.0724131088275932, 0.00039907675300303341, -3.5893534559650197e-05
49.783889747374872, 7.04592961204954, -4.9962142802416722e-05, -0.00069101348067630234
54.086424837849705, 5.5553925055906896, -2.6640415669368015e-05, -0.00011240260575262272
35.466551968717766, 9.6256202450943285, -0.00021880260666764013, 0.00043520363179882907
55.782245704607909, 2.9400021905366533, -5.7314900152720585e-05, -0.00015153042630595772
50.942003308765464, 6.9171475773299207, 0.00027330686018529107, 0.00024948336577978764
51.463204281873786, 6.695375439866158, -0.00012874287292576978, 7.8586509560360252e-05
54.608117477700695, 4.4318516307703621, 5.2876292107433477e-05, 0.00018763958984819193
28.580143280369715, 4.8173236161880277, -5.7511104857820796e-05, -9.5211047177255883e-05
48.300049723944731, 8.0780174363965465, -0.00023512072332759412, -0.00033395471415843234
46.450851860685781, 8.1870888636240888, 0.00051153200313489987, -0.00073017336780841662
49.644912480082084, 7.054279171809676, 0.00035621141844564125, 0.00068850618336782177
55.44757682065007, 1.5166992830705792, -5.4660724286430577e-05, 0.00015866330638629085
34.682391328442755, 10.135193116243164, -0.00059885209309905676, 0.00060853566973859911
33.877167941647073, 9.5588927401505348, -0.00014406031288857879, 0.00074814311560499763
30.368085582871331, 8.5954107927399761, 0.00057913254122555103, -0.0002595903635187601
44.561591976416878, 9.6369452026070235, -3.7478113328731669e-05, 0.00018186395060859205
46.238888036499453, 9.0497585619411911, 5.5688069319140793e-05, -1.7278409754560302e-05
51.217282526517543, 7.2464858019283085, -0.00013075201031098965, -3.7209578905807293e-05
50.396851791638284, 7.6793634312551031, 4.633026453867553e-05, -0.00020818536422411883
34.907281794933624, 9.3405091374080573, 0.00023905086369084086, 0.00032582170166063835
44.480866476379575, 9.35178389485481, -0.00058024540021828382, 0.00037554415219008828
45.284604717977402, 8.9111096552246725, -0.00067594889055544352, -6.455113162784114e-05
27.499331879466009, 6.7343648355043175, -0.00036158512410407217, -0.00032386300430625612
29.81183229222453, 6.2930886901859946, -0.00011488789447592299, 7.5024209672661468e-05
26.912382950916761, 6.7168701973248259, -0.0003919979422549326, -0.00013763057916455594
41.931942773339287, 9.944939793147233, -0.00051576360251682097, 0.00028033559640510341
54.696657678249821, 3.3559065414608695, 0.00028913714205703548, 0.00013617662678286536
33.161484903925484, 8.6641191911935245, 0.00012169699152477938, 0.0001488552237421634
33.532382506751908, 8.9803754052062228, -7.4541690177644233e-05, -0.00019632904275599327
24.892755492452622, 4.7053029929724453, 0.00043118719598777476, -1.1501364728117561e-05
39.691567041003111, 10.03877058699908, -4.5648907711654146e-05, 1.3746030187524398e-05
30.798473831664001, 8.9587892486483529, 7.0974477362172118e-05, -0.00085360556690770352
53.392487246428232, 5.1707838738273102, -0.00014566662633970989, -0.00023062576957063387
23.268135619864569, 1.9817971402614099, -1.6808282891149422e-05, -0.00011075780108284055
40.200373787941217, 10.471709262177619, 0.0010540346250886728, -0.00012603712017568935
52.877892800736348, 6.3350905571970868, 0.00026375034935132444, -0.0003493579777246757
50.31634679401467, 7.0127581848853602, -0.00026894192576521842, 0.00051479792014180032
30.208351129729014, 8.8141258156946449, 0.00032636195765936972, -0.00047328788896542408
33.0232521661558, 8.709064777215378, -0.00037502250796916383, 0.00050459918313349491
37.736034263529767, 9.9834782822248176, -0.00015701337869655961, 0.00047633482654099106
50.777660057987283, 6.9246519186626738, -9.471938558876022e-05, 0.00060702089569841106
40.26557272255301, 10.210457646871443, 0.000607737636324681, -0.00035068512906377675
41.455621070713164, 9.6694113083095985, -0.00036136584637660069, -3.4936651385733708e-05
56.411403507291759, 0.45976481575633088, -1.1235545308337641e-05, -3.6500140398776365e-05
32.413508755178384, 8.5815845315891934, -0.00014672349735105197, 2.7129416229642181e-05
40.662566042851168, 10.268224719018683, 0.00050849129201378654, -6.7060551017565829e-05
55.519967742844116, 3.5801257738453547, 0.00010807758652873041, 5.7527632647819616e-05
43.420735867707407, 8.9493091105518463, -0.00068859755209549399, 0.00071361534577784268
28.280561550391454, 6.5278420653000087, -5.0260340290289704e-05, -0.00032409314393756051
30.650367035901521, 7.7312836440123682, -6.1007835932395381e-05, -0.00027417723667103668
41.758452934514388, 9.5057326730454186, -0.00035687780753073528, -0.00011303904841626766
36.624029600893536, 10.02977852498489, 4.2644033206880727e-05, -0.00038666070514597112
36.286007872303699, 9.7370375418482897, -0.0002317092876581852, 0.00040281889362814001
46.091354551973218, 9.2414588319961357, 0.0004023474018010724, 0.00045331036453745492
54.518126238436452, 3.9202973602714422, 0.00026865033857889577, -6.502982140884981e-05
34.005510988261037, 8.327372171709893, -0.00034649260901927902, -0.00088758433445361082
52.430494618235123, 5.5778674034191038, -0.00055675571877590287, 8.5243780660660244e-05
43.620644381406969, 9.0693247016602498, 0.00092337478617021327, 6.7274827859189167e-05
54.813539951016786, 4.9232155035793701, -2.0814611566238736e-05, -6.1719019039223319e-05
57.30264218405302, 1.0397175598307518, -1.8269343052597127e-05, -3.6495660022914855e-06
46.347147940650594, 8.582898825852471, 0.00010416257359792289, -0.00059406694968794696
54.401117020358051, 4.9180323868577727, 7.1614492204283972e-05, -0.00010610779872328165
47.795799895137613, 8.3312516994722401, -0.00041840200043853865, -0.00033373893193609257
30.771531229492002, 9.0253833444074871, 0.00037589543488739601, -0.00047541181462823061
35.662112778971718, 9.202322999588203, 0.00037095148131046572, -0.00085233556051709017
40.930344205749265, 9.6687874831413758, -0.00038387936092920097, 0.00036054772804040044
40.773647554997723, 10.014709640655418, 0.00076844373326057406, 5.1401169356727912e-05
35.994234365404353, 9.6277989729713678, 7.6648575942603846e-05, -0.0001220803216231431
47.873219334449459, 8.4684905389173935, -0.00048271015284332146, -0.00025122695091823902
27.126157578575121, 6.9353238322153521, -4.1988925293370378e-05, 0.00057035982108563296
50.451108881960486, 7.6215320453932138, 3.0851452381404018e-05, 8.0826920914032452e-05
28.384130205476151, 7.6950300158398992, -0.00061245039647037829, -0.00023988736291474005
51.104031270141569, 6.9535509314560118, 9.004462660473344e-05, 0.00045986031492347356
39.224969243722178, 10.235036088497239, 0.0001369175891961336, -0.00045180030972714885
38.536410459218814, 8.9920866480873762, 0.00099059061508107262, 0.00044376105285126008
37.123645640224233, 9.8149755006019177, -0.00018368853682467978, -0.00037216025245882908
43.953583236918803, 9.5851989569246072, 0.0007911709156713198, -0.00011752871787326037
49.96056457930144, 7.534766098473809, -0.00021819397960783435, 0.00034617974028852585
44.207706059753441, 8.9237431144952151, 0.00055492507549340716, 0.00067954604739673167
45.658290123029857, 8.9670405192694993, 0.00036302179124797235, -0.00071172868804216644
36.847923023913665, 9.9841256032446513, 1.1579887427918423e-05, -7.458662334005921e-05
48.217835919144527, 8.0961684939586736, 0.00034529010612387661, 2.4965016685587586e-05
30.330328665144261, 7.64854974636481, -0.0003109966103820991, 0.00020505087676117055
51.499798273633495, 6.7372484916424185, 0.00032658812615173939, -0.00028553930544752032
33.502372141302629, 9.6720320763261256, -0.00025710726453363904, 0.00074681989011227406
41.951076707730614, 9.5323860780610463, 0.00021889893850811484, -0.00029305075119845711
29.323680351320782, 8.9860927511299007, 0.00018175455420826333, 0.00020153296686090593
44.920829969199872, 9.3935977426964623, 0.00013983749070670771, -0.00050311078263731268
38.704639081055106, 9.7028850823487911, 0.00012708494062212307, -0.00011506715876699799
33.622164869120468, 8.5907085380517128, -1.7000188592533676e-05, 0.00022102970988898302
35.256346358043494, 9.4321379233399014, -4.5556982135900719e-05, -0.00014048572676659898
45.404375920408135, 9.5127298200880546, -0.00029714259011688827, -2.5500092373479667e-05
29.73494628391828, 8.0833120824949187, -0.00022901520633301494, -0.00031409279991751268
28.528913903451738, 8.3643581638955808, 0.00054604910203877549, 0.00042768884850270388
35.998018010205037, 9.8751496986209908, 0.00047026705013191459, -0.00038327749178082441
52.857204799219652, 5.33928832131752, -0.00018398044858470891, 0.00049569014089636079
39.82011644623109, 9.5968051316316032, -0.00062505949042246649, 0.00044957710678427136
37.297562339358265, 10.133068723999546, -3.7066636300302616e-05, 0.00085130808612641844
24.67088383676214, 3.3458202784449291, 7.3700094719139923e-05, -0.00027100677677978108
33.081185840194209, 9.0856448174174513, 2.8136691189789383e-05, 0.00036647133466217476
33.759381754452306, 9.7277671533699479, 0.00062403730433446911, -0.00023404493354572476
48.911408833219838, 8.4986286291822619, 0.00010600995167262152, -0.00032397976466024935
42.77697182594008, 9.6610406156524355, -0.0001353759320901624, -0.00057665687414136177
52.156552494259806, 6.8526333557199992, 9.6376450429462531e-06, -0.0001487244422746717
56.185636524331763, 3.3553679811929609, 9.748404999628469e-05, -1.0766940609683134e-05
50.405165028845609, 7.9191901523520789, 0.00010487896338863296, 4.6330142905757566e-05
30.9262788320301, 7.7018430062703649, 0.00022301779808126985, 0.00011513618295395365
31.067298130134215, 7.251923769346706, -2.1153028960597018e-05, -7.4896794854093212e-05
50.514212478573363, 7.6449585621379557, -0.00016030421690576901, 0.00022169035288196448
39.072663111085944, 9.9487169014705952, 2.2617438663559067e-05, -6.2795228580440774e-05
37.770188844862545, 10.246608498566081, 0.0009230715797403817, 0.00024482040643887938
43.281489903012435, 9.741532315810284, -8.2033958718289075e-05, 0.00010554549306916545
28.874188076435551, 7.9109440567299707, 0.00046039115658941303, 0.00023546826249050678
27.478966846394997, 5.2936222293890198, 0.00028355766125071866, 0.00035632680230809796
41.276357264218987, 9.4295272435874438, -0.00069777115890299289, -0.00064269628338831759
28.047389499570972, 6.3374689787261103, 0.00015690230136574919, -0.00028013821119037132
23.320471060655589, 2.6822492380184202, 0.00022048483714741949, 2.46057934317161e-05
31.987378541294888, 8.0728415660430741, -9.9110858121248164e-05, -0.00026739944612681819
36.764108022001757, 10.135974837619349, 0.00036464913911301271, 0.00038790666196805181
29.876415284062258, 5.429694622863213, -3.6652438269032544e-05, 7.0995449169372168e-06
47.071536278495763, 8.9500758781636325, -6.9979667388736616e-05, 3.9582405615001779e-05
56.367509529849094, 2.8201160819395574, -2.0037756713908343e-06, -9.2285957930323536e-06
28.782171369482189, 5.2636230303036564, 6.9625861927933512e-05, 5.6013147370172008e-05
29.15745261437683, 8.5217124962335209, -0.00048866040392369367, -0.00024338507474143135
33.875492390815175, 9.7106098340075562, 0.00019369892469453577, 0.00086552432114105819
49.479339297493603, 6.4499379538530102, 0.00034606941553565857, 0.00047500538992624106
45.567766146078597, 9.070289196936228, -0.00018809201072234868, -0.00024285887262758343
55.023396753192209, 2.0669866495743254, -0.00024306201093122812, -0.000187500223931454
27.16495601382994, 5.5604655911364311, 0.00030009396237623342, 6.4783135879176014e-05
39.133975168818381, 10.194408311716932, 5.8062071924982362e-05, 6.842331127526612e-05
34.418532130102278, 10.447952798869979, 0.00095515504491671072, -1.4118807704215048e-05
24.818364908674763, 3.8806145269303234, 0.0002061754809588044, -4.1401670581734261e-06
32.931376997844026, 8.9449709194139597, 0.00025863540490182258, -9.4732086923971222e-05
44.848352379509237, 8.5475612410864628, -0.00015830999576926872, 0.0009429884855650057
55.971397031691311, 3.5844053770933271, -1.7709393605744311e-05, 9.4485854056524559e-06
50.939952439946424, 6.7476358560712555, -0.00015554127981551449, -0.00064086820370253298
52.687653419562913, 5.8106390014481732, 0.00053869582870171029, 0.00017894623818484604
41.68270364450936, 9.7806141219606673, -3.8948900262506775e-05, -2.2519118778138105e-05
42.986854083419153, 9.4322978791943086, 0.00045238206968986334, 0.00023288081484728598
44.156925278651741, 9.327894500040296, 0.0001023489383103624, -0.00077727347602360192
45.217484167985241, 9.1855738454084541, -0.00058163967924027156, 0.00023864598806982385
50.768269744348039, 6.8442885115684859, 0.00055620297188653414, 0.00019034894258396703
34.522700799774135, 9.0787157992558853, 1.7902846140877873e-05, 0.00014565113152529812
25.289966541628559, 3.7471766929840191, -9.5875161674066983e-05, -0.000303376619723386
56.599387027164617, 1.0724755835815531, -3.6384329489570714e-05, 5.7683934108658259e-05
45.210598256877262, 9.3185943865194947, -0.0001955559440963788, -0.00016510514032624745
44.713381292107563, 9.2132544226198689, -4.2815621421732637e-05, -7.9035404613593991e-05
33.799788632968088, 10.447296117919455, 0.00063466325644825797, -0.00079201551722175238
46.22743991005985, 8.7046958452671461, -0.00063923625643546938, 0.00021836623071625407
38.061981673682617, 9.9759180714647808, -0.00026528203045900152, -0.00095754303901618442
51.28040695869975, 6.6958209577166699, 0.00033334599848633726, -0.00044089698311909425
31.724061114754491, 7.6533051870647757, 3.835077303848494e-05, 3.3222214846489715e-05
55.911515937593578, 2.6179427840298866, 5.7384693502756772e-06, 0.00016754648737950527
33.043833564638952, 8.5967546861290707, -0.00018122916807774528, -6.1958201183781255e-05
32.12374474234187, 9.1478072908933754, -0.00024129342511470446, 0.00035846514897301321
27.708187044562944, 6.4941462784770305, -0.00039042893785580003, -0.00010177779395799407
41.931864322399726, 9.877735741920894, -3.3129864494261259e-05, -0.00034280977659997044
41.956067914232094, 10.247865932438668, -0.00072036708380727847, 7.3312021711807311e-05
45.710784830096749, 8.85924612660801, 0.00070141885146816788, 0.00037475903003490984
44.929113142712616, 9.5875678655198975, -0.00010284931635450018, 6.5900092743216782e-05
54.077433182675875, 4.6972015520152377, 1.9451371359298029e-05, 0.00023245107982540163
49.645657982946872, 7.2106353394594827, 0.00044811619223788076, -8.4000508938322525e-05
44.996873905452219, 9.4107512587718745, 2.5000992360004715e-05, -0.00010632950403533679
26.863133092826686, 6.0324746581318456, -0.00011984927941076792, -0.00055409480602480244
30.445392660494168, 8.0219426752544862, 0.00046411929120940097, 0.00058242095610107781
43.749681976902558, 9.7259849431794887, -4.6128432168319695e-05, -9.9260735053369065e-05
47.369925125559995, 8.8172001491426215, -5.6314394253648693e-05, -6.082812474534919e-05
43.778214203137559, 9.3707818509645282, -0.00040181067064744302, 0.00077230093404152486
51.914648301920387, 6.9144665233974418, -0.00027162485986891564, 0.00027457379516266517
52.291638139303714, 5.6406156250443882, 0.00042145457610104559, 7.6438687405483611e-05
38.477702833757768, 9.8682088591446551, 3.2907529532743191e-05, -0.0009159366661578471
36.013949469720032, 9.6987145234086451, -0.00065836685409279266, -0.00056713340559725407
55.336588132635647, 3.758900816550061, 1.9281309589768798e-06, -0.00016501529196008986
48.397955809532306, 8.0121482578491285, 0.00081901429594518726, -2.6419409331625252e-05
39.189507584249434, 9.5462803632522366, -0.00049876028159827833, -0.00046604274067427219
33.438703782292585, 9.5438182931756277, 0.00057463440805444698, 4.6131479924061141e-05
49.568686956334894, 7.1844842492584213, 0.00037869877768786334, 0.0004632222218168983
26.638567242720878, 7.1870747771483581, -0.00040753593697494446, 0.00062694505248438192
28.322273987925563, 3.1952749395656186, 1.2935643520007526e-05, -4.0507831072014447e-05
43.872344435281043, 9.6657923254856186, -8.9790536405731051e-05, 7.657556464025353e-05
26.632627154663336, 6.1114188840094563, 0.0002847691977968982, -0.00037575311230535424
46.456823835027819, 8.4614136735943539, -0.00014256121403569309, -0.00074544322558454327
41.671739399571962, 9.3699972052918259, 0.00026582902036014893, 0.00033706034868384398
46.142023197770371, 9.5406487489863618, 4.7649167645022949e-06, 5.3087935845659093e-05
49.597912347755312, 7.5380782369650019, -0.0004866097771810613, 0.00055795659174797643
32.092614840480728, 8.6174130865738636, 0.00031916631365355703, -8.0652697369948842e-05
50.487361515400373, 7.3910526086859889, 1.0398768357599975e-05, -0.00011400958006216911
32.074568851545244, 8.7940318479842396, 0.00040982776296425935, 0.00026323389724367598
30.324963017095335, 7.3043273207574941, -7.5922919407016214e-05, -0.00042178824131966833
41.792776709229926, 9.3381055013848382, 0.00011673600870688717, -0.00097669874766119339
46.015432270282034, 9.432939203290541, -0.00014158427441028922, 0.00023233915377425429
52.660172969683664, 5.9473607080514288, 0.00019650107058481932, 0.00012534994127076388
37.287288079671313, 9.3534860567063216, 0.00038672619409591729, 0.00044009409671440404
53.235450347940045, 6.0129623115895257, -5.4918287199625334e-05, 8.2078115153055015e-05
51.505074367977542, 6.7144269003524917, -9.1742379192120049e-05, -8.931931738696807e-05
31.709335399209632, 8.7101035006162029, 4.69892236329322e-05, 0.00047286626468008911
34.465893449251148, 9.3996603311554772, -7.153089835749751e-05, 0.00012935472509739373
30.483169899272447, 6.3655372425730032, 7.1730986870758513e-05, 3.794863068717679e-05
55.186026149080078, 3.0038590796363325, -0.00019315668701969674, 5.0749025058284832e-05
49.086520218309218, 7.9931764983309677, -2.8134038191049355e-05, 5.4448153534508842e-06
43.531738755017507, 9.6878915561076955, -5.9916990257318135e-05, 0.00018338686726166061
51.666405970188066, 6.7524833285909125, -0.00031834852102624134, -0.00023447948156378064
48.5792914606278, 8.0953481310885955, 0.00012288094110535249, -0.00050261232398771203
28.789173038515575, 4.1706576747150068, -3.7902280860234975e-05, 4.9420256420731438e-06
27.383485068653108, 8.1297544130835124, 0.00049803002738211047, 0.00067063183780168402
44.293768817540084, 9.2294829165537031, 0.00031254040817932149, 0.00035331695947776244
39.482989183244989, 9.9292165578688074, -0.000155725409971959, -0.00061794963154081348
35.938836286582195, 9.8494712675906957, 0.00049204570441533865, 0.0006036516249692984
30.05532068692612, 8.0480490324713418, -1.8285717815962864e-05, 0.00044861620630881285
52.581262260488543, 6.0419007511718066, -0.00011994611294018657, -0.00017307339800572025
43.766840667068578, 9.4984045820616814, 4.9841229300450656e-05, -0.00056420189345379929
54.789054853241538, 3.3625545532238381, 0.00027958210397548237, -8.6453859710581567e-06
35.041040552808994, 9.6362594136864708, 0.0003276495502698759, -0.0005916561909429756
37.97648543458773, 9.7817420949970586, -7.3046750667931412e-05, 3.8744372804360706e-05
27.299372579325034, 5.9237194709674021, -0.00034484522641992711, -0.00010662907245648348
43.132569646940055, 9.7740892497135317, -0.00034291378170863166, 2.0323549718350892e-05
31.581477373702494, 9.3514533173442871, -0.00078065899410007997, 7.5287790479245279e-05
44.516816665249756, 9.2647062338678019, 0.00019476894700865721, 0.00040057749901420512
34.063343817677847, 9.9129230364303496, -0.00055727655044144112, -0.00049177633173438755
45.518610684207232, 9.2813093978589496, -0.00031356889915575746, -0.00064922289257754906
36.922931961356454, 10.642233310151157, -0.00043382347737592591, -0.00094241957181642863
40.482197889768621, 10.060847026355873, 0.00076553655725537697, -0.00046359372543674279
24.930001762192628, 5.8478411559350327, 0.00050118375711841743, 0.00037865557021168195
48.217182078174133, 7.939346735014376, 0.00028370550327142246, 0.00038374088158255108
38.419500493658397, 10.004380350057763, 0.00056080338964588068, 0.00032633155231446892
45.071203368898821, 8.6247144088623688, -0.00016916135021868172, -0.00089843869528399411
36.594277967129287, 9.7128602776885895, -0.00041962260530403929, 0.00074562054023077397
45.028505198142796, 9.2698422166416119, -0.00036659906624185028, 0.00083978318802792329
44.830710587750303, 9.2294071529705839, -0.00029729471377987194, -0.00017869726672499917
30.774669278615853, 8.8618751419834467, 1.271101061898348e-06, 0.00055065800393134092
35.749145762820966, 10.030000139767195, -0.00066939305281977829, -0.00086720731057217339
54.488988862416612, 3.6997994386516773, -5.6114601229520012e-05, -0.00022849539505666021
42.445262804058558, 9.618037676330621, -0.00042211021070589447, -0.00014384528812513692
47.184959690168668, 8.9523320277623757, 0.00017931023505495051, 2.1665080819567414e-06
44.465009502949741, 9.1570906925908133, 0.00016663280731006114, -0.00059423740869120887
51.217270221014303, 6.7440566824737598, -0.00023830191016318186, 0.00016389370835234436
56.665750623432629, 1.564141925086189, 4.124990176303976e-05, -7.1094681659945673e-05
42.835706923217124, 9.5248219695743988, 0.00043836656615038003, -0.0008154244347433414
29.943488651663969, 8.0555378475512125, -0.00013694097700602716, 0.0004577278527885859
32.670260277645134, 8.4861602544193264, -7.458875176930902e-05, 0.00011676082210986137
46.813621286147701, 8.5220016541801975, 0.00047517055170777974, 0.00024672545919642903
40.048158362190186, 9.858384617623333, 2.8987604067491912e-05, -0.00048665268888684732
54.631860162815578, 4.3289454811946504, -0.00016897124391527363, -0.00015658786444672904
52.246290854970709, 6.3751576855266361, 0.00039060608743135848, -0.00010664544147632576
49.590633409295783, 6.684750863788965, -0.00060572242255821883, 0.00044920195050562124
48.826329575119409, 7.5828889488837499, 0.00052851778090478013, 0.0005212017912033576
30.698206676671642, 8.4340572843906578, -0.00049339604312065386, -0.00034895337251777253
40.246145976619637, 9.9319713233222213, 0.00012700358131450455, 1.3633629337719607e-05
37.723247134274821, 10.135607078815845, -0.00063059360054446663, 4.3899827217791927e-05
33.061816105814856, 8.9287697773793528, 0.0004564897492012423, 0.00023253321996635068
46.759053638897043, 8.7437151281718091, 0.00051386327246876124, 0.0003078330662879753
51.389491172648327, 6.3037883561034445, 0.00013160805805400344, 0.00043424123013218661
55.319746782683453, 4.2893510178679319, -4.6433494480733284e-05, -0.00013670326779110823
39.834338622140784, 10.292696313000654, 0.00020653601215168594, 3.8066485750750039e-05
48.529796142161125, 7.4231990499747909, -0.00035752514558938254, 0.00065709284935679905
37.051253717852489, 9.5540599458127407, -5.94169253985232e-05, -1.6623784156414671e-05
54.895056637435502, 4.9003299790269255, -9.4662439783334288e-06, 0.00010091868118841698
46.86870943694079, 8.8549384790137609, 0.00024430299926757066, -0.00031693238009495087
42.912418063400736, 9.8380964230674177, -0.00082218619770590908, 0.00022717761579781466
47.775652329818811, 8.5144047995222945, -8.1184271407423683e-06, -3.1789338238603924e-05
28.671265313918827, 8.168879258544619, 0.00043203495137992724, 0.00048520702847843346
46.541995987945079, 8.9829813899850226, -0.00041913370631853407, 0.00069051515297670666
51.783149629083972, 5.7847985982613643, -0.00037100941026488402, 0.00043721171080416126
33.676724846366618, 8.8291330892278257, 1.487871737320973e-05, 9.2286117611732179e-05
48.871932498605084, 8.4493667057903199, -0.00011162886973612684, 0.00011115943972323567
50.270913520807852, 6.8935601386795131, -0.00045444521227374827, 0.00041981189915043458
35.172120840494713, 9.9379091689963559, 0.00076399140503997855, 5.2692763519648029e-05
54.281312189799266, 4.6180399482837551, -0.00017964053304518829, 0.00020698257551276066
57.485937169559961, 1.0725908296506041, -6.8412405960109319e-07, 1.992611679802044e-06
45.922695966449474, 8.7671823951404413, 0.00064175902107342707, -0.00028368275462696459
45.748628753537069, 9.2354165745610519, 0.00028656641415550799, 0.00078109475732016499
55.920716576414321, 3.0154071034480627, -0.00011353541460354082, -6.3365366588294687e-05
55.986048678394312, 4.4834243682980217, -1.7686949670392723e-05, 4.8047044778621589e-05
49.591677207612747, 7.8013265697791097, -2.3263789259206707e-05, -0.00019996424566382363
45.51228141618293, 7.5322194769531619, -0.00052741168389110508, 0.00072203270793570154
28.226166441056062, 4.2965010115483304, -9.4122964026704972e-05, -9.0948902127320936e-06
50.614704220758512, 8.9845719545068761, 0.00025129170751850949, 0.00020290600646053974
50.256460508731649, 6.9851804388267551, 0.00021365974783278175, -0.00059254282613225445
28.567232469817252, 6.5795040712170465, -0.00021310248278005398, -0.00023434888411343191
38.500378826732884, 9.4980904441896374, -0.00063687598137659464, -0.00028220625054963558
42.714799005080536, 9.9186830855110379, 0.0001346961876896175, 7.8937634882535087e-05
30.466874143087942, 8.6510037109835309, -0.00031838326820404501, 0.00041219285104939521
46.684114332771657, 8.9950379630638242, -0.00037268663422662245, -0.00034460447467731702
53.399005484385505, 5.0820153960707986, -0.00035293634833782444, 0.00010694595998743448
48.227697363850204, 8.0302099778671696, 0.00026416387706330852, 0.00038971010735698683
27.158122692967709, 6.1130120398991368, 0.00028844943364711629, 0.00027646995869924689
50.508875671158293, 7.4220645977859894, -6.9424939213490736e-06, -3.8295142853998005e-05
54.940267655287435, 4.2986412772800424, 4.3432972622170127e-05, 0.00012542368195810784
34.610494399455675, 10.109682178072141, 0.00027402288218111019, -4.1465756928627189e-05
55.640701562116568, 2.645751052166426, -0.00015810120082026299, -6.0089416075744402e-05
52.746982515267518, 6.7121946807818285, -0.00020377033853856568, -0.00012627637382393549
55.514163205490789, 4.0705239723709488, -2.6734083504992589e-05, 9.3890967901169692e-05
47.554847492014929, 8.9736192873242864, 0.00023940351308964449, -9.1322877156846985e-05
39.268902653527789, 9.7710272106936493, 0.00010236663235616198, -0.00043527669963753065
38.219078092032035, 10.359341609973931, -0.0001673927281171809, 0.00013476115428661756
51.065540894567803, 6.6402575017172456, 0.00046608078045876539, 9.8555686294288252e-05
34.454720333463584, 9.8333489521910824, -9.3878091906004452e-05, 0.00066976481831776803
53.300023418667159, 5.7691662199100717, -0.00018134677330629151, 0.0001716887475098957
42.586482009748529, 10.336780139540055, 0.00054543553097186363, 9.8950039899613608e-05
37.566640956851671, 9.8267039118837456, 9.2877684767769369e-05, 9.1217056121388018e-05
48.878949919046406, 7.4904838884784288, -0.00030172259190805993, -0.00042817161681695139
31.184015099397005, 7.4712982828135974, -6.9569037847916637e-06, 4.1681158879887785e-05
41.028416443561227, 10.335772913438932, 0.00076854163768619993, 0.0003429166998762948
50.470901394741652, 6.6425963209238006, -0.00040309492508221423, 0.0004380657830963399
25.775838770638543, 6.0396381255597786, 0.00056529362010241746, -0.0002846323605194087
45.70380569953479, 8.6757226852531897, 0.00054610094369089582, 0.00026779690381604088
41.012674139058213, 9.8856438492922187, 0.00021978435597211476, -0.00086677722632804886
55.497703988828356, 3.1347851016740313, -1.3913817637514683e-05, -0.00020422430134813517
40.61071881676591, 9.89061478332947, 0.00024515801979843892, 0.00026776695130971206
44.430917916770717, 9.6642979937854676, -0.00011899639913821167, -0.0001194965348737581
26.63492083002107, 4.1317943454852673, 0.00020118097847745338, -0.00015605707476806113
27.391741766054761, 2.4212346191619396, -2.6750132461369432e-05, 3.7476525434378968e-05
45.986819086242619, 8.5923238643656319, -4.7030289022835899e-05, -0.00011311958969521104
46.133714427347073, 9.1323253190183777, 7.2933663304680294e-05, 0.00015669351829234124
45.605927464587488, 8.8721428014914405, -0.00025365097684493384, 2.7687898076072267e-05
28.28606901371759, 7.8506660116281521, 0.00041780620087008939, -0.00066421936628642281
43.050645416124475, 9.49028027426737, 0.00012499519665574272, -0.00077713852313646907
39.562035961436614, 9.9279124151062739, -6.650923969603812e-05, -0.00050970391208414239
38.62228513448742, 9.9845458892916419, 0.00098925292935572642, 9.8013669430102333e-05
52.71858631543688, 5.989328494507518, 5.5459443968095774e-06, 0.00024409460263244469
46.785557648052901, 9.4272375674120266, -0.00010422937098127571, -0.00017370022836612453
46.796769391987219, 8.8640444365182329, 0.00034816503395875687, 9.0909724033869338e-05
44.935483656871895, 9.3861566411797188, -0.00030295835899974089, 0.0001225852359499701
31.398436894756653, 7.2416466321478987, 6.682292145197892e-05, 6.1616072331795285e-05
45.081899239873209, 9.1803379119837256, 0.00022022262522659874, -0.00043205702034605385
52.454495701644106, 6.4930482350750287, 4.2635690269367558e-05, 0.00035528010369096757
28.562645597608242, 7.8769785675675514, 0.00081947801984509963, -0.00035531409887202295
27.005379223156609, 7.0057344623036402, -0.00070346752135045927, -0.00010984692965459529
36.0868807047814, 9.793287938215375, 5.1095512097946565e-05, 0.00022251896474958382
29.019253986570344, 6.3109589792947496, 0.00019743699533382133, -0.00014202852987620256
29.583075865217431, 6.1210810378893727, -2.1777076938775602e-06, 0.00024625007257295502
33.795874787373435, 9.6057067182176716, 0.00035041954373338707, -0.00014968072150485889
54.596085022373401, 4.9577068911584101, -7.3028120028359071e-06, -0.00015356891457848887
31.248241888797178, 7.8650452911835771, 4.3963995567275049e-05, -0.00016419563480202045
51.508111852380345, 5.4966655740315353, -0.00019521880515571482, -0.00056371298060635866
49.554718287165215, 8.3310903246358095, -1.0833193368546589e-05, 3.9156579684699638e-05
27.351129333166149, 5.6024120424745965, 0.0001265139821621368, 0.00028267144722562553
31.937152639405035, 9.3309571660846391, -0.00065533555125546689, -0.0008286840668010392
25.014020984184562, 6.1456772521061893, -0.00046528612501028839, -0.00048899162609862524
34.109289091646502, 9.199070467582743, -0.0005214500270186638, -9.8267131057332697e-05
55.344409077665702, 4.5474593328770263, -2.9683413294259724e-05, -0.00010224971072169558
31.244513682429922, 10.360290263452615, -0.00046375911632882884, -0.00017388286044062474
38.776974690156379, 9.9492929722147494, 0.00010782168981531642, -0.00066497261700015626
38.599493487440093, 10.200775740399605, -0.00025233689274052742, 0.00050477339334217743
44.153706614930066, 9.6444633301063671, -0.00082636650166083563, -0.00045663322320978227
25.058137342377172, 4.6216929880008433, 3.365915692214019e-05, -0.00050323492914079943
37.110503466291533, 10.128657954216955, 0.00039999901820081331, -0.00043211471609330742
39.391003742549536, 10.408519936985003, 4.6368978824576426e-05, 0.00065987210774693641
42.021064705157414, 9.8773812592424051, -7.4541500437067426e-05, -0.00026537511388041761
47.737629032582426, 7.2173857569488975, 0.00051189373790673661, 4.5407076911274727e-05
50.365337183418454, 7.0676843509424581, -0.0004467446834918315, 0.00045918518626150272
47.382316653420183, 8.5924848321871714, -0.00052262763858961653, 4.7861601901852105e-05
41.738804937507808, 9.8360037342049171, 0.00053610534350173654, -0.00056924860695355703
41.70705466810395, 9.9387840893203876, -0.00080451139442575946, 0.00065744118857118778
39.508250893830692, 10.14228564855075, -0.00030224546569305305, 0.00014196389217623564
36.264842080205142, 9.6422961472889597, -0.00014150453552640155, -0.0007763049965649341
48.237972145949421, 8.0283091994722309, -5.921770608054955e-05, -0.00056860251086865508
37.922702827936376, 9.9024689066177505, -0.00059042093311232225, -0.00051506971826533116
50.185382263424493, 7.4054920130570334, 7.2627416634382438e-05, 2.3662241075085457e-05
57.087000831300806, 2.1208712398706382, -4.8051127000253621e-05, 6.1000407826580429e-06
28.482808602443267, 7.0963013786528295, -4.6892716353623885e-05, -0.00066529596633784003
32.294021669406234, 10.206156762779132, 0.00035997135166665944, 0.00068867609697175684
31.46776355149558, 8.7663311140624618, 0.00046016452018503236, 0.00020613602890148935
36.202761096144684, 10.222166345174056, -8.5975921733627916e-05, -0.00041722903937870177
56.462605423332903, 2.0496258460067538, -3.6908137722251912e-06, 9.6602506325756097e-05
45.897403102843811, 8.9943587458977614, -6.8348992108057034e-05, -0.00032923526058213214
36.33735476067514, 10.167047780686323, -0.00026220470200353808, 0.00035904469251663034
42.289780355113209, 10.311623043048568, 0.0010192947509521911, 0.0002165493248029572
55.242647182091304, 4.7414730197692085, 3.2592387153351487e-05, 7.7258207041950178e-05
31.035396382030385, 7.783004449606767, -6.2098558534973643e-05, 0.00022232760863172477
43.932241392131104, 9.7495601645522765, -0.00051802216051873668, -0.00037414099481881404
46.5135745690147, 8.7769050746932429, -0.00015788900642477215, 3.0184443560944868e-05
27.078008585113444, 6.1417108501231494, 0.00041198910346780456, -7.4713688096177599e-05
28.20017944708788, 2.3603117836915177, -1.3990133063662141e-05, 1.1822177111159617e-05
38.629430944169229, 9.573973651004728, -0.00021574893649550032, -0.00035753808703116734
37.131500297498164, 9.6923801218865595, 6.3314523865552321e-05, -0.000195107796429841
29.397551122070183, 8.1290152251989873, -0.00021441477764508172, 0.00061264462888578825
41.571359786923715, 10.296006697166463, -0.00013754693749409922, 0.00020167854946537186
39.047226220456885, 10.031416572905769, 5.1161471686033135e-05, 4.4500858579808585e-05
32.164046098581316, 7.5977310714748656, -2.6465950276754006e-05, -6.929521759780259e-05
55.38689633586641, 3.6513000156397828, -0.00017370216460639291, 4.6607952220847592e-05
36.716312830483588, 9.3543562759478682, -0.00060577041561947205, -0.0007082855241145686
30.335705763966814, 5.8450764706952345, -2.8547066937601308e-05, -3.0312789505200095e-05
37.229997928089652, 9.4592494283543438, -0.00058494390860851112, 0.00074637764137280469
54.329117300014808, 4.5278508126360482, -0.00010194831233195802, 0.00034197759418927312
50.70987855789808, 6.9655874004520157, 0.00012006725889221959, 0.00044993034436593992
43.909637914317301, 9.1351079993388211, 0.00012507768099171763, -0.00042975238711200954
49.131702500133414, 7.4224812036862149, -0.00066221783663908873, 0.00011309770668680921
49.97885777445704, 7.3302487732127375, -0.00040221316550372081, -0.00018604261996423187
36.804671670411572, 10.008281621438925, -0.00011312525009314042, -0.00076559459342855172
48.357950877152355, 8.3279243442320769, -0.00021807421901431635, -0.00023330263799492648
35.344415783929755, 9.5321760283357335, -0.00016316672640802858, 0.00020046779197182562
46.746637078098402, 9.10363237817492, 0.00013519980614532242, -0.00067730664188342762
43.695606214040133, 9.6425752063919745, 0.00027692467793218885, 4.7688200341026512e-05
52.934068375543212, 5.360437888321993, -0.00018952981048803001, 0.00033355311510610168
48.428012431594524, 8.1030353935223562, -0.00049210320598627949, -0.00048208977690525367
30.248882084349457, 8.1187919673511963, 0.00054368434214475752, -3.2924639636671427e-05
45.121880956769225, 9.4991132049839138, 0.00021944979392423395, 0.00018636000673186742
29.101091428046914, 7.3432542814516166, -0.00046110525164033239, 0.00017903796236915445
52.926298096747175, 5.3042579572248361, -5.9364384678487011e-05, 0.00044415362350240062
42.508491877082335, 9.4981546171495417, -0.00042981022587037425, -6.8283821978227464e-05
34.004398954647122, 9.1432812507228753, -0.0001257674533669592, -0.0006137507609094518
25.693001875119247, 5.3224414831513833, -1.601330253517773e-06, -0.00046578355816138603
42.807925445695702, 9.6134027311750945, -0.00048504193384286937, 0.00038371400696109842
44.057492203568017, 9.7886281389869207, 0.0003787496586630172, -6.7141261855946607e-05
49.587330759325411, 7.7107890827986516, -5.2972519509693098e-05, -0.00013723896949018692
39.902858496004839, 9.7122596285938787, 3.8287710323205838e-06, 0.00075221274904832926
47.32270519986605, 8.5837513257744753, -0.00016569380926746707, 0.00022506234441961698
54.74957822642606, 4.8424989191856707, -3.7658320133501045e-05, -0.00010505587347101453
45.336521950410152, 9.1228196166341657, 0.00090429422684565894, -0.0003283012085018657
29.923032140070109, 7.1227096597979838, -0.00020903118303512093, -8.3864673793594319e-05
52.961608494814598, 4.7698998670131756, 0.00018082956708463465, -0.00038107060062869116
36.979275364685925, 9.7141992862708744, 0.0010474051436179523, -7.5392683676887387e-05
49.727990349345717, 7.4006502449392908, 0.00024587774876901861, -0.00036868190658665947
28.342915288645962, 5.5178939321092235, -7.7682422204141825e-05, -0.00017871966175582877
32.291785447772831, 9.7362099307465613, -0.00027483056573789452, -0.00055280773365553833
47.899633808830792, 8.7983788067997786, 0.00014389134337155165, -1.1498417890856893e-05
26.574194569727613, 4.730553029128906, -0.00026329434578630006, -5.7906447138539639e-05
27.611785529566433, 3.6810002100126558, -0.00010936948177188965, -3.1734428323821193e-05
36.787463229280469, 10.183018151235869, -0.00019145206857163732, -1.0322749374889089e-05
52.833009809273939, 5.8118498383115176, 4.745642580766616e-05, 0.0002992932896055874
48.617207830043228, 8.3382445532027685, -0.00011455420502766621, 4.1829277756027287e-05
40.050817771275959, 10.310346479282858, -0.00065632600077150053, 0.00034999906555833717
49.217697836531826, 7.8169817369517896, -1.6182650340025344e-07, 0.00055274130535082583
51.463702612610319, 6.9009262124877857, 0.00025412053724978252, -1.2735175370561051e-05
31.742824509152673, 7.4467698061653786, -4.3733653666647275e-05, -4.5754521350509979e-07
36.526421670001376, 9.6591853218197965, -0.00012429240374250408, -0.00043244159140873952
50.454121105881136, 6.2881657375520836, -9.2418444318109251e-05, 0.00056685541027442024
55.968747021285751, 1.9730952479835069, 5.5720399786293712e-05, 0.00013919885469127131
56.605340417975547, 1.5164886911124817, -1.431339425994436e-05, -6.3159835016364318e-05
35.229770716433173, 10.009059865029869, -0.00059856468193103681, -0.00045953298681000699
31.729506356033074, 9.5305177362118965, 0.00056702884101102766, 0.00036826048787064961
49.710819675195324, 8.3824123896930711, 3.9460877415041493e-05, 0.00011638678758399414
55.458275959511447, 1.8186639791150181, 8.8658735229691721e-05, -0.00017451090943117634
26.814222897407326, 2.5767938969716866, -6.1984698683387779e-05, -6.3731537607685844e-05
30.90578184064476, 8.5559458267271502, -0.00022772788047405656, -0.00045019322821464265
55.857924371260154, 2.8114850659829718, -0.00012351868873735055, -0.00015263702197372352
35.118138451547551, 11.877000356379812, 0.00029720120519160056, -0.00031707612811276108
33.648816961784327, 8.3421401451969643, 4.951719261054171e-06, 3.1130855632153523e-05
55.716110100086908, 2.4522558002508914, -0.0001805153165159343, -8.022368415953265e-05
52.866750298632383, 5.5982485589025135, 0.0003273887508398745, -0.00029476464999331892
37.462062084284504, 10.041925803535054, -0.00066611068540735373, 0.00078819911563532614
40.284073632493438, 10.247753689901053, 0.00022477853963996555, 0.00032784376741451965
42.608506933364971, 8.9991024346668169, -0.00018439489400566068, -2.1084667053312191e-06
29.870313133705725, 7.511738631514584, 0.00032065087907354569, -0.00016031924874365468
30.093746717449413, 9.8626626361238028, 0.0007841547341254474, -0.00036476261092440262
37.535262581783293, 9.8644122133949423, -0.00013563356380535992, 8.0439987456440949e-05
53.578855112826723, 4.6922541775023152, 0.00033982436295152568, -9.8233822522743932e-05
33.003993428036459, 8.3462841727374926, -0.0001189640696634405, -9.586067683837603e-05
39.206027861343465, 9.6677927298389932, -0.00013756636750484894, -0.00036580413856146098
28.98387965387461, 8.1695998571438189, -0.00079435168229904105, -5.2671570012958063e-05
28.814762265209971, 6.0151131432594696, -6.357982087874754e-05, -0.00024502949061983351
34.860858554549516, 9.6834110856613265, 3.2268494001756791e-06, -0.00053555785113527129
47.22241145485507, 7.8631511158811911, -0.00071173818524187605, -0.00025021064214928931
43.302894823882021, 9.6961234103282017, 0.00016208756410387174, -0.0003279802199895915
28.123775143732832, 5.5967030922377461, 0.00015549988488364739, 0.00024010652831015078
51.669723316160898, 6.031284385461678, 0.00058260532546657875, -0.00021793882202764009
54.637821330658042, 3.3902272942673322, -3.6588875933790517e-05, 0.00026499763731410459
49.211881544673069, 8.1616752331328595, -9.0057921183935415e-05, -1.1173735680515393e-05
34.898774411320574, 9.8477651060104723, -6.0334048638572006e-05, -0.00034992163376825386
30.260290106261678, 7.0078224566665908, -0.00015350652300243403, -9.9630866088327405e-05
47.142183591798592, 9.1334282309627834, 1.1715386404493613e-05, 4.1997600590467541e-05
55.354506436172443, 3.6420177074965245, -0.00016573354171825456, -6.8486295821217926e-05
41.023225510115836, 10.021380996207098, 4.5586057150129505e-05, -3.791214972769192e-05
39.433415547665852, 9.6971615600405414, 0.00057938715224281189, 0.00057577395281903311
49.234275579974287, 8.2455048188493016, -0.0001625863904953706, 1.9379935127862625e-05
51.343215606477926, 7.418690322464184, -0.00012366450359418315, 6.82787953848399e-05
51.268107513348077, 6.5191880109422735, 6.1746762119148431e-05, -0.00058070195700984407
39.428800215950325, 10.010499843289637, 2.5866325874212437e-05, 0.0010643192195590393
47.479005187411502, 8.3577640119036456, 8.4962963165755489e-05, 9.6123083859310827e-05
47.079099924214077, 8.2416517197513226, 0.00051502957535454056, -6.4870693094177124e-05
32.919776052811464, 10.079271485860552, -0.00029100402408389084, 0.00063510176614079014
36.473262795681407, 9.9989843458133176, 0.00044103862215891476, -8.2125978600130147e-05
29.722169830177474, 7.7608650343182264, 0.00054351987144646589, 8.5487368138123382e-05
35.014434933828575, 9.3961775064789155, -0.00038242258151899934, 2.1262338261340258e-05
44.295148312277995, 8.9360433899177849, -0.0005518742906660373, 0.00049876819728933365
46.583813224125869, 9.1441638750755789, -7.8576016094995143e-05, -7.7538302940047199e-06
31.849221710212838, 9.6804803764899034, -0.00067309553956779633, -0.00023768540271649704
45.691268418024073, 9.1118934306769948, 0.00057334985243778671, -0.00040424837177473471
42.446330270023566, 9.8032872659931591, 0.0002131907995025294, -0.00036410209758670059
28.376767361846131, 3.5731840228112257, -2.137830048120219e-05, -4.7075209744336285e-05
47.040725878091692, 8.7065507450155639, 2.1418394279929412e-05, 0.00033166276344726091
49.563537393225957, 7.2318406512148181, -0.00019666414594228469, -0.00062308907355792381
31.198061476237314, 7.5967486524775474, -9.0433196544632897e-05, -0.00011531747088718187
27.684738973956691, 6.5429170214744801, 0.00043545715628627655, -1.9729562201551454e-05
51.122456019225034, 6.4434107814306758, -0.00032929615353610703, -0.00052346100376567714
28.541583118580174, 8.2764287785988948, 9.1604014813365675e-05, -0.00069094035999805168
31.065543191901785, 7.2705902082546077, -0.00012734654376312366, -9.0816064379028712e-05
32.443136165099062, 8.6258907743478233, 0.0003990913118228796, 0.00012705451370951669
29.768596572823313, 8.0572409802776477, -0.00067425673887530158, -0.0002533250717647448
50.705156634102465, 6.9119977582924736, -7.08017786697171e-05, -0.00042663561747129726
33.292775950383579, 8.7228477396712876, 6.383552004282971e-05, 0.00010005693772846801
40.486963872388756, 10.077373972687303, -0.00065674825937258512, -0.00023299464428394148
55.94239231233108, 3.6534829322397928, -4.8883562163708094e-05, -1.312867296474275e-05
55.944219850021391, 1.8543538912126325, 1.6602434840998595e-05, 0.00015169885489339622
42.223630538614877, 9.811029708811926, 0.00013603057061662709, -1.9745293013832508e-06
35.123064745725941, 9.9944578209907373, 0.0003200637859495918, 0.00075136968360469563
53.64778801104309, 6.334314385778768, 3.5760887531943332e-06, -6.5307810463839923e-05
39.406575104000339, 10.615760214674735, 0.00049353953299068238, 0.00016333834401201754
27.547371673526285, 7.7886991847806017, 0.00048016546208320352, -0.00054666460688923633
37.863157423993357, 9.6367265968449356, 0.00037598567746218494, 0.00027059139072234221
47.911928220144183, 8.2290575265591919, -0.00074262744494935464, -9.6955410901755922e-05
51.124049935917341, 6.988837132884222, -0.00041888793206894075, -0.00021636506723429243
50.049272525382015, 7.3471396932382591, 0.00066537750114697026, -0.00024712451272827443
36.560282013805235, 9.6968608742488023, -0.00018591289933143231, 0.00018756925594249764
37.834531712870458, 9.8560143261302802, 0.00050179044527153677, 0.00019916613578957752
32.909824047373178, 9.0811209121081458, -0.00020877144499507446, -0.00034963730313519991
23.99502630670974, 3.2027717659186226, -0.00023358453857230674, -0.00022583734581296594
25.062310325625017, 2.0611048911912451, -7.5821346520296606e-05, -0.0001608276436882871
46.194635917301589, 9.170599819731315, 0.00013438919276318885, -0.00035241928389669443
48.383364452661333, 8.2507445254996163, 0.00014450941117935269, 0.00027423067067264414
33.16165662243408, 8.2271548528458247, 7.9774406170915781e-06, -4.2502270041885772e-05
26.53568375754076, 3.3762596039321853, -0.0001038135051992808, -9.1763162056275756e-05
53.752353870355215, 4.1377314374740779, 0.00036247428891329883, -0.00027956086060824942
24.573268681258089, 2.0826263111221088, 0.00017179840867039581, 5.344186563910613e-05
29.209701667273031, 6.0865454812022337, -1.237712110316279e-05, -0.00019065667566819971
31.321292544447996, 9.2191931115900818, -0.00079526805118092442, 0.00012469331798468808
29.024226196521802, 7.5885679844326903, 0.00038198680352143403, -4.125164037029723e-06
50.769406335570388, 7.7709225099170069, 8.1748739053466846e-06, -3.5539825779312483e-05
35.65254495305016, 9.5963884657170908, 4.9324131815922439e-05, -0.00014537920208788219
31.317359625914886, 8.3709512561567294, 0.00039138341902542626, -0.00017076326426874216
40.349147887691345, 9.1370065383968502, 0.00032131427083747767, 0.00095454033877410765
41.954954764253117, 9.3663063001731306, -0.00068355712852450918, -0.00025402544154558179
54.121134412441627, 4.8845226527544945, -2.814848724021974e-06, 0.00027501163167018981
44.845883719107938, 9.3087994141312738, -0.00012356881915034945, 0.00018436801226915688
48.449717596955367, 8.1318837721406823, -0.00013775446959763012, 0.00078375292304447698
35.552955785023812, 8.5645502297283027, -0.00011425174598895223, -0.00033886464876328742
48.928000706569627, 7.1476058131715225, 0.000342865061444445, 0.0006348904809449483
46.116421394868375, 8.8450273196889739, 0.00041354338217968785, 0.00037548644440550563
24.17753528507285, 4.4779171672996325, 0.00021553364489536962, 0.00038294958587999257
54.700055145376012, 4.3937142922007162, -0.00027216091684984694, 1.7637698063905814e-05
28.885969855904232, 8.4185555884219561, 0.00042225098392177879, -0.00064763279567130487
29.862563420910138, 7.4600940599452654, -0.00038680221337853896, 0.00017206611868337491
47.559826418902517, 7.9269715976846937, -0.00024724749354633973, 0.00021811277503654822
36.504508906073433, 9.6792150681449627, -9.650482026264471e-05, -0.000655796809271863
52.549822578284797, 5.9193186241344486, 0.00012566406713569194, 0.00029617126201794837
30.704610485132743, 9.515584989930888, -0.00036717288792293421, -0.00057115685655982401
50.843674989971909, 6.8424435406146449, -0.00041383578422322828, -0.00024798572181174112
31.046995321147332, 9.7347356416726605, 0.00090790834144113331, 0.00013425863387956258
55.579058927450824, 2.8712800623064796, 0.00021666498334862417, 5.5231996419680185e-05
43.013552902008705, 9.3756988491495967, -0.00068222647727376161, 0.0005723383057530838
49.94008768869304, 8.2222725277750985, 0.00044393175259024289, 0.00010161089681131862
32.287793515431929, 8.5198724743815237, -0.00017161130739221447, -0.00010106674564207026
43.874699926046375, 9.5417574295298575, -6.2660230055662522e-05, -8.0680888738196555e-05
51.922754619066119, 6.4009290844756315, 8.723935874655782e-05, -0.00028544420063403834
31.340397213331499, 7.7423359965412493, 0.00013228156924771718, -1.9029299835007947e-05
51.920423489786231, 6.085849582278736, 0.00037952816213211201, 7.9342110149082604e-05
41.663538658434682, 9.6850440875553918, -0.00013538040531119842, -0.00077969723732809401
41.168945170741665, 10.004507654697131, -6.8317343752448534e-05, 7.3098586168000921e-05
29.399837868507461, 8.581126930068292, -0.0008470545460961804, -0.00044261615809932682
33.854060668117164, 9.568159119691682, 1.3159284950378879e-05, 0.0006457816994489804
31.340490190741267, 8.7001268631887978, -0.00014534803961953119, 0.00058940288443152166
52.44343570742295, 6.1022125477265075, 0.00048688880664402549, 0.00026082960497165054
50.316839647252685, 7.6977895768463318, -0.00015128945206735358, 0.00012023386246363763
26.654393142731262, 4.7579814548361625, -2.381539959747225e-05, -0.00026321948781850686
42.259699552004072, 9.5975852288956585, 0.00024759525910854487, -0.0003356792983942412
44.949435893071964, 9.0810212591723083, -0.00067951938598799467, -0.00071061232675341567
44.680927368987504, 9.1994531794499199, -0.00088641676281361642, 0.00040261713205633421
27.461088992656588, 7.147775938845486, -0.00038603391454950056, -0.00029596627541859862
51.87120985164799, 6.1961500803472331, -0.0003071535815614527, 0.00032428537719121414
44.62324513654076, 7.9470358964209007, -0.00015945811564584047, -0.00089253278854899208
29.355140240881415, 6.80495477325554, 6.0550946655577761e-05, 0.00027285331912478664
51.764394602546538, 6.3648084047144877, 0.00050092905755249641, -7.6022366811787106e-05
41.802579136504384, 9.9176038153091906, 0.00020147276722006012, 3.1391836536065778e-05
50.345225414750679, 7.5760517716293378, 0.00015968430079133558, -0.00013146099504696325
48.126911781602196, 8.5016906167168678, 6.2415273334459211e-05, 1.6521672824799618e-05
45.743919911784218, 8.2542983214743053, 0.00027867628624996687, 0.00075623105642051442
41.810483724358576, 9.7216975556838232, -0.00032874602638855918, 0.00028551726645409452
39.117166919249001, 10.165156048477634, 0.00053762034234189511, -0.00074064694141586277
31.792438078600483, 9.2464321622423267, -0.0002488955485740794, 0.00052975342406742657
28.19861153180225, 6.9261171808275765, 0.00050490186236367622, 0.00014300235858703586
48.340431585494152, 8.6972044832831834, -4.683420906375799e-05, -0.00033035865757793622
31.46297585734181, 7.4546172163186375, 1.971847162368908e-05, 4.151186432199416e-05
50.957787736792447, 7.0292147393103654, 5.6951479803804595e-05, -0.00034637063606938892
25.032427515318787, 0.88986143135759688, -1.4608630793946302e-06, -7.2667261444170946e-05
37.56034469875361, 9.6557575162242077, 0.00017960630400416352, -4.5485782792936051e-05
53.928742511956564, 4.3669969272521048, 0.00022656031013089885, 0.00031463656040295812
50.122282076451739, 7.2719041294588429, -0.00070500147067320605, 0.00025208523223330164
46.349532452681451, 9.0491088550784795, 0.00046788965599754554, 0.00023656078060679559
32.787866575746264, 8.4719014920115239, 1.2739623515963918e-05, 0.00011352994124073431
42.283045255271723, 9.9762407705726535, -0.00057471068927714055, -0.00034769037050781676
31.886322552915626, 8.2462540479592477, 0.00032024529921633783, -0.00031273036653567822
44.736633674394298, 9.4522847799175, 7.4284356513703578e-05, 6.2802723036746875e-05
47.900782755975825, 8.5613291891377585, 5.3451421052613211e-06, -0.00035943386712024544
36.94584975156021, 10.376224279601846, -0.0007884659660574785, 4.7145050192908115e-05
54.702314594924182, 7.8939094992590126, -0.00011238674242998994, -0.0002156583359415648
28.840878725320245, 6.3772536332394614, -9.6840828863071529e-06, -0.00028254145987146809
26.453862928957221, 5.1406410404515315, -0.00034473737348233454, 4.28869917518192e-05
43.011982408042201, 9.7603876588485274, 0.00016935188692196161, -0.00042975846058941137
30.128816973865408, 9.8353316259848551, -0.00071820657127167362, -0.00068812868772732733
29.282767915647131, 9.0771195047235924, -0.00044436918070631343, 0.00077423601898323282
45.623763067843967, 9.2303855130182892, -0.00017711689504666916, 4.5955598420987706e-05
37.353460049975411, 10.065472811874109, 0.00031105647762758547, -3.8505625073233358e-05
55.001230328868708, 4.5048533923139873, -0.00015744865218529918, 8.7099653997666678e-05
47.505398208157992, 8.8238820718864641, 0.00016290595636480842, 0.00074127065544781032
44.95223155803734, 9.2402840451132384, -0.00017377762660923893, 0.00014064940575456638
47.391145087154563, 8.0195674344985548, -0.00045410973941278443, -2.3184930033324821e-06
38.069835292835471, 9.8136543066146515, 3.4349857897972238e-05, 7.2547077993780605e-05
29.630563630058322, 5.6609738498200395, -4.7546580966539757e-05, 0.00016042278892991759
38.181911280491093, 9.331189425210578, 7.3147613225514987e-05, -0.00025007901574975919
52.158958040975079, 5.3404579213684213, -0.0005453066466950125, -0.00019611280272566463
37.020621938147002, 10.420570900878978, 0.00045888580204408937, 8.4036830339064846e-05
54.05861045868896, 5.4402112536125875, 8.289612043465174e-05, 4.0962893376548401e-06
33.152889286345982, 8.3631799256475876, -0.00010010198050421591, -7.8293270109027271e-05
49.771959279784618, 7.2786442709895143, -0.00021160399745048111, 6.5565217624301893e-05
42.45594220454344, 9.6886839322868337, -0.00028495847335219742, -0.00051547650352135629
48.372962525761245, 7.690947455210333, 0.00032379403309311486, -0.00067000707475320517
37.862337083796376, 10.15867836314971, 0.00089123507388794078, -0.00036814400903873731
43.089742034532186, 9.7600577680739136, 6.7814824180413233e-05, -3.4107536685959892e-05
40.952512999516998, 9.3820695650386661, -0.00029772010435426819, -0.0010068184607711585
39.810298952219107, 10.554959717662248, -0.00084095719375459465, -9.5605048723416008e-06
25.495471874976566, 5.2652356158278293, 0.00022116066326888977, 0.00048928401381003231
53.008316877994432, 6.0304686944476957, 8.9466748531311018e-05, -0.00032831733620233535
51.330505832645137, 5.7963893957290571, 0.00018802812156789697, 0.00047312191725573752
47.138100242888918, 8.8623374266834798, 0.00022304324150597808, 0.00018609332644036521
26.336501832164338, 2.3815240301632716, 1.6920705384855924e-05, 0.00011609866546704556
24.951850340134754, 1.4781846192134911, -3.8060929242153268e-05, -9.6639234373025132e-05
49.910908189723621, 7.2951151060498507, -0.00021282713344070276, -0.00039494968429971364
27.633549932522584, 4.1872749538084815, -0.00011828358305435894, -0.00025319051742569081
31.372765220779669, 9.1476870612113306, -0.00075780852166579759, 0.00029806206150858862
40.593951892211145, 10.066405783306161, 0.00062641159881689223, 0.00079793991758791939
45.785049104668254, 7.6874972042854903, -0.00061946903802115772, -0.00038268556479865415
39.301253029885679, 9.6733008952452355, 0.00047238797858400512, -0.00014926808631693362
41.153006431161096, 9.4168566612139148, 0.00069820012533942325, 4.957718135181991e-05
26.995967690009, 4.3889773272348727, -0.00013621721311625156, 0.00013866603931794399
29.121250095568545, 6.8554661710537399, -0.00015953486362130435, 0.00015685670788856738
40.528055545751691, 10.196754169120853, 0.00034442936310767738, 0.00011272435006074669
28.653199893223022, 5.1201772890438582, 1.849547916512114e-05, 0.00014144787759140108
49.26921987809402, 7.4721188318113372, 0.00037791674237749911, 0.00031346845642336478
36.727328669538906, 10.367128860113509, -0.00070101109464488229, 0.00042230048044508982
38.4226690671386, 9.9526522489155536, -0.00015040671170144887, 7.4744120224622807e-05
48.783157375160755, 7.6528962298927841, -0.0001906695340519752, -0.00028572539357158691
50.686549101113869, 6.9842826112158507, 0.00030360285322410447, 7.0567569805660369e-05
49.644513411074591, 6.9148439409916644, -0.00049754091673198902, 0.00045535436137492032
38.928490359253772, 10.208396984977087, -0.00048729506879772913, 9.2181946576433681e-05
52.893255816590106, 6.0312918845153174, -6.3781413433834305e-05, 0.00030438780370239547
27.650737967457331, 2.0339399866717249, -2.9679585159912958e-05, 6.4114090821927651e-06
52.660101482419876, 6.6329924906391478, 7.8570125126691404e-08, -8.4454590330909903e-05
51.168055440763965, 7.426881647464981, 8.2437494380898724e-05, 5.6295600747454443e-05
44.344293363306285, 9.5548527812246942, 0.00059142049742083472, -0.00010952639450970941
55.8830217617163, 2.0489587210911915, 0.0001253177573935756, 0.00012186503541346734
32.837403156240725, 8.30625150049908, -4.2893250317722981e-05, -2.0284762278194729e-05
26.027116285459055, 4.2142972817325228, -9.5887494669497989e-05, 0.00030266678094553263
40.880947409926399, 10.010982025711611, -0.00019242852250836274, 0.00015960808178989191
41.635164730455529, 6.5249020176000299, -0.00084061507987820124, -0.00023791167788780938
36.398191905433698, 10.574763236259884, -0.00019077130999474844, -0.00099062308571499212
40.511827952396189, 9.9962123269959999, 0.00022827908758986132, -0.00028317791496594596
32.757271122508776, 9.6629516237194526, 0.0010070408010862668, -0.00016919803722346209
49.168442730753902, 7.4277325994626997, 0.0002852605420508298, -0.0001825153509107119
48.347941951422555, 8.0817919497370898, -1.3136561510289736e-05, -0.00053379793308180911
32.17704348314426, 8.7363896124156835, -0.00022695098746909197, -0.00020094482024513434
31.002733595205971, 8.21074380997063, -0.00029811653228889473, 0.00036711175217120855
26.922799421454069, 6.0857926309876067, 0.00022113359398468819, -0.00048599705839261285
47.059161314667932, 9.168636769265559, -0.00010177147992699365, -0.00013488378218852901
45.08073536605982, 9.4746644694603575, 2.8819113115135896e-05, -0.00010067831327172921
53.49179439325308, 4.9646918989028137, 0.00043671452182245471, -7.5237571639979206e-05
26.70169404047197, 5.3671905381813385, -1.1783123753904289e-05, 0.00032534528665841364
27.198878895001382, 6.1088867767864601, -0.0003459599246544098, 0.00018327441460295861
28.711641642733539, 7.0287954564783455, 0.00029483021346419748, 0.00029635070452564731
50.930030729705415, 7.6143325142512062, 0.00024573690673176875, -1.0051801522143591e-05
38.979487381229198, 10.159695380421999, 0.00027519210229566446, 0.00040606301533278389
31.724002516066061, 7.7709237011876393, 1.8279884668388549e-05, 0.00013803445891302283
34.427239507460342, 9.3003997338601998, 0.00015314514328017929, -4.3583470528981418e-05
50.50403314271027, 7.700644163333151, 0.00010587728667514702, -4.0649531232905515e-05
33.273235134454772, 8.5940945608473616, 2.7009661922330043e-05, -8.5088784609820131e-05
56.310400903314225, 2.0518208714522976, 7.8896795589656666e-05, 2.5677525778092944e-05
36.956384102273347, 10.315337272783136, -3.0051192004652717e-05, 0.00070929276262810133
25.806165538725615, 5.0769924437482317, 0.00054929415951229647, 1.323420405518827e-07
41.237938067150843, 9.8903918653783176, 0.00055266714643662754, 0.00036087375733661822
28.065450594341485, 5.9312429075505646, -0.00011812079412922391, -0.0002884179883113669
51.386682733586866, 6.5194140551277773, -0.00044338630219490862, -0.00024008029078857881
28.588714746794054, 6.9813256152254519, -4.8134841915032777e-05, 0.00026930252497546459
44.627863693063809, 9.4148892198324923, 0.00021117110200001167, -0.00010234275760213408
33.133191125948741, 9.5994720820970389, 0.0006604358581604661, -3.1546920371946637e-05
34.11126761717118, 9.3981827318118505, 0.00027619744745971587, -0.00034269668469690087
55.324510642735802, 3.9092683808034483, -8.6141391567840382e-05, -8.6138707682535708e-05
34.569818949000727, 9.8897405875662852, 0.00073846992397313905, -0.00049040376195570528
54.302053416220119, 4.9248856645763093, 2.5944982402450328e-05, 0.00021970929454244177
33.785575700785927, 9.8748506916882501, -0.00067704656910033819, 0.00038948086215442071
44.712484403211199, 8.8208024535963272, 0.00067332838238980087, 0.00066089104902553356
53.936742488077925, 5.7328608529282024, 4.1203167572866843e-05, 4.5967900431049352e-05
29.578250312140003, 8.6194722708353435, -0.00087087170497523948, 0.00010358403708682674
52.697326461803478, 6.5039362570773491, 1.0510078911833935e-05, 1.8689631088113795e-05
48.558751218182614, 8.3486073236985359, 3.5018324928330697e-05, -8.9936348146124113e-05
54.32104040873714, 4.8875350521342291, -0.0002446986116520889, 0.00023648516487020409
46.381329003413462, 7.9563281079110784, 0.00014033614010022625, -0.00079674120244987133
39.806313742420947, 9.6523292075860248, 4.0088401269417968e-05, 0.00014599208872452022
24.311733374546037, 3.4402088767742511, -0.00032012563050099916, 9.0630831280634339e-05
43.915124836160253, 9.4242610357712575, -4.8058008252645515e-05, -0.00036347927493691535
39.363115114915871, 9.7241364913774238, 9.9450286803940072e-05, 0.00019344055442206993
27.52369091037124, 0.65619394835806544, 6.8869042733856141e-06, -3.3792609449889226e-06
52.419550000147218, 5.933445310855026, -0.0003122463456580507, 0.00015737989502252617
41.751713281209618, 9.518853781417107, 0.00035173573120371969, -0.00076649758761251105
34.373810127962244, 8.8188133488856124, -1.1290317409464488e-05, -3.6863230676211045e-05
57.172621641974999, 1.4798015740898023, -3.9654179313342131e-06, 3.2288899698584852e-05
56.164463703928334, 2.2197677601162127, 5.6972034968900926e-05, 0.0001178101057009576
30.755883885795932, 7.0730681592711511, 0.00011419615187265358, -4.0839280647150755e-05
31.643919527574798, 8.2592130666405197, 0.0005890444778686967, 0.00080425508017582445
45.820724378282662, 8.4570045537848184, 6.4494269037278373e-05, -1.0183998433746413e-05
28.094830074836089, 6.0133730222783512, 0.00020475644392576879, -0.00010546623945843801
30.879048079523219, 8.1802299306320467, -3.182790625882568e-05, 0.00029013592361155021
51.053201957374647, 6.4357200281861626, -0.00050481395997189354, 0.0004047401679129605
28.837750953291529, 6.7984557200247391, -0.00017810672906062012, 0.00043469706566973045
28.178542569171231, 6.0309141355779152, 4.2682062393753483e-05, 0.00023705394682682141
47.562518146331513, 8.4883681621784532, -0.00019134985038186635, 0.00080962669424596283
39.430925674925085, 10.384270910685661, -0.00017002127339645653, 0.0011086148409361807
26.79198995833902, 3.7657436286894126, 0.00021128623280551324, 9.2480014283450381e-05
31.47217242821424, 8.2138842269982781, 0.00037070174555928431, -1.5120455717654643e-05
49.832791054741392, 7.7839790021824768, 3.2416706489641396e-05, -7.5642882256220505e-05
54.839227589968957, 3.4511887991102546, 0.00029655875921274182, -7.8009023740493815e-05
45.71939762915148, 8.9733677653516608, -0.00061939873434130213, -0.00014607584184898886
27.535161903349003, 4.3453982327707532, 0.00011098066837247412, -3.5156158395315168e-05
30.86321989689365, 8.1545363410441691, 0.00065679932482779271, 0.0002172296988383755
37.507105151230974, 9.9964630597445527, 0.00073306679621079759, 5.5052629755189735e-05
35.028455329522195, 9.895230014071144, -0.00034085221318982592, 0.00021130888512154063
34.063711080054667, 9.4808439291522859, -0.00055395595807083498, 1.7749059681029632e-05
32.372506895049462, 8.4058490454618688, -0.00026338174717524429, -6.7943883994427433e-05
41.990878479968075, 9.8473861792931601, 4.6819506558393776e-05, 0.00011890322363177234
46.82473884503068, 8.4865964235686455, -0.00041660175786009532, -0.00043847728946511328
28.558828560243128, 8.3228631444731782, -0.00040909685665877209, -0.00070593113997360587
49.983825496338291, 7.3490809353842019, -0.00012776554776616799, -0.0002115981171180374
28.757661543623875, 8.4638324198731691, -0.00078995503715920752, 0.00038174530186042843
55.39044382620073, 2.7246277608271452, 0.00022552848444812738, 7.2495238684698121e-05
40.927429295258619, 9.6508627762553498, 0.00047915548788533992, 4.8629278148071197e-05
43.723292995105339, 9.7911566918980224, 4.6986520415534085e-05, -5.0963990435850217e-05
30.333392340063355, 8.658707370101224, -8.1717839022314452e-05, -0.00027185574948796387
25.117090872694327, 4.2448141844183489, -0.00037759119955575499, -8.7770038182877888e-05
50.054478982013393, 8.4687746523147709, -3.1915500589044177e-05, -0.00015434370903550404
44.834153774055046, 8.7895988111604755, 0.00043388275634675038, -0.00030544217763771954
51.884570803635981, 5.622226021471997, 0.00049396314488436919, 1.7999588795523227e-05
38.503936776865494, 9.9075596402780839, 8.8017798324160773e-05, 0.00012315839909742045
35.319661508173162, 9.5641699254697148, -7.3439760926475542e-05, -3.1134653200918333e-05
53.236858819098948, 5.7029547363277224, -4.4248208016825272e-06, -0.00024834638232169057
45.144938770183813, 8.6561490583863652, 0.00038810763858571426, -0.00012499496695175634
39.893305847151623, 9.8212939629457026, 0.00053257044810369413, 0.00092746160946133923
45.877468304977924, 9.3022902073344937, 8.7254466289521496e-05, -7.439057137479009e-05
33.648641589374328, 8.6836156410841063, 6.5918527964969379e-05, 5.9290871823165747e-05
51.272564674637664, 6.7247554804723011, 0.00017203607330311778, -0.00039611195452668761
35.717858848105053, 9.5513921455932689, 0.00039201669382574785, -0.00028980817110220929
55.922746631848156, 1.9104026973097026, -4.9123886526442971e-05, 0.00013658032249857263
34.699617520853202, 8.9787338634752292, -0.00020319927706801248, 4.0292302862657682e-05
27.003803280625732, 4.5783653926387222, -0.00018275159589120323, -0.00015012380619788555
28.97233832930668, 4.3545798667564695, -4.0383508135982953e-05, -2.4365637201479121e-06
40.343745932018173, 9.543105391551526, 2.1126061773540595e-05, -6.616442274009074e-06
53.280902153642586, 5.8528022494351157, 2.485357770303598e-05, 6.4578565804256899e-05
28.869810206946266, 8.1656969356053306, 0.00040248032738882312, 0.0005584407280023407
43.155782815050706, 9.568886774055823, 5.0428431020862948e-05, 4.8648063615075622e-05
49.000055170020417, 8.0224442618427361, -0.00025311208332704687, -0.00021200787931488298
53.609522977872885, 4.776334031246134, 0.00044695449302883646, -1.8756518436078533e-05
53.855255361019488, 4.7503920829390136, -0.00041682856245758919, 1.5834852859974437e-05
53.118711874843761, 5.1361219406615577, 0.00027428538517838423, -0.00021973055754584951
56.566335762670704, 1.3467327472967796, 5.7684457726004321e-05, -4.6529317052781403e-05
33.165551742529551, 9.3083589633142374, -0.00020849410926237331, -0.0003929064383652215
44.356236800132415, 9.0985349307902066, -3.6687046032557862e-05, 0.00038535338098361261
49.154368539221387, 7.9377211152411169, 3.0172005313283608e-05, 0.00014819489974658565
45.05129228553799, 9.1249942351301776, 0.00050280827927616381, -0.00053178384396965781
43.080258938614456, 9.5345176753126069, 5.3624064253758855e-05, -0.00047010446259417775
40.412322285737588, 10.24101286363085, 0.00014169854106516519, -0.00061201473145883483
53.558764754145571, 4.7057050205703179, -9.6036759379202274e-05, -0.00038857758091343522
28.537578766263803, 5.2424540097005208, -0.00015579316340900287, 0.00012924010764826769
50.353095023138621, 7.4920897840969056, -0.00017253143222186552, 0.00041584633197967426
27.073515571812074, 5.4350339951392987, -0.00020393518770369783, -0.00019130829431389021
45.753835793999848, 9.6034491082585234, 0.00012506046802298302, -0.0001677219353718293
32.746874791311974, 9.7539792279781352, -0.000174846723873895, 0.00075429787433490734
32.268652137897867, 8.1403159909487819, -9.2038593773987405e-05, 0.00024402274677055622
32.107226675392596, 8.6451695179616781, -0.0002829313903480932, -6.7806080842357894e-05
38.546969826598861, 9.8241563910458183, 3.335946529269692e-05, -3.604408862070019e-05
44.917743873601424, 9.0974672701155903, -0.0001943029833897003, -5.4576811287206747e-05
52.335541779635157, 6.7369908516030375, 8.1018950750405422e-05, 4.1963610610720086e-05
38.570452697437823, 10.344244665889706, 0.00063747400559136327, -0.00091657183907314053
32.860116155574339, 9.4473450746870729, 0.00063349553787298647, 7.8059310437985044e-05
50.355846390007002, 6.7413868900248977, 0.00033770455941241567, 0.00042790173448851228
38.849607593967761, 10.030173051306626, -8.5036888628440936e-05, 0.000273269536490153
47.985753610900545, 8.0291854500593267, -0.00079204010240393693, 0.00017425286640387685
56.201787054062123, 2.9920253167561559, -2.7625130885475205e-05, -6.8769211686186733e-05
42.918659010483815, 10.791198749503517, 5.6557093334257878e-05, 5.2296501924172935e-05
50.864907175414935, 5.801236124552914, 0.00057043634365112222, 0.00034478788767741843
39.957911838187499, 9.7676542880839037, 0.00075435820838812241, -0.00070081714640951207
43.827287878652754, 9.1843316742062235, 0.00019806511924635472, 0.0009054950459084928
46.352908090093479, 8.3174071716436533, -0.0006581356481299603, -0.00026308793566355402
36.27790103949323, 9.5552568796710649, -0.00084684618269873836, -9.9965928246783755e-05
30.569034406758256, 9.7561916354646314, -0.00051319133439197404, 0.00073483715752107519
45.764648324859081, 9.6342851136981107, -4.7756660325992455e-05, -0.00012514533358079367
31.652705866185688, 9.1908694011190182, -0.00059056082094338289, -0.00085352312302665974
33.315048899196974, 8.8600143424263962, -0.00013983918570345373, -9.8276589993706199e-05
28.761484218388915, 4.7654089528573156, 7.1046444103609245e-05, -5.2402395035697009e-06
30.998880760170401, 9.4371655080100449, -0.00090059343675864172, -0.00046532896371613222
35.613414512744953, 10.215665715591422, 0.00026023021118551907, -0.00060794972734119594
38.447310032948629, 9.860909697953204, -2.796173958164196e-05, 0.00012189241693703697
25.59399560156529, 2.7387988577884883, -0.00013209242847898479, -3.1995189718878873e-05
41.378021093354356, 10.138178505995745, 0.00022181457870989527, -9.5672675328637604e-05
32.580098584382263, 8.840410137502742, -0.00023874694483027705, -0.00012698130274175581
51.656630171555143, 5.5413181698573544, 0.00043022251079888308, 0.00039412091446140588
43.465423961370789, 9.6674386849830327, 0.00040139472579541169, -0.00010332514023445016
48.633356080866186, 8.6272246072010788, -9.9963172500419051e-05, 0.00014434417127959229
33.670061488233614, 8.6551742265248492, -0.00013061311081990085, 7.3968683392332789e-05
29.003274758268731, 8.8347285421594055, 0.00034184817219525736, -0.00050278920204597133
41.670800857943789, 9.7520711437588528, 0.00088989674674530084, -0.00017584890329586629
40.31503781363363, 9.9131090224621055, -0.00015445017905371089, 0.00015761205796935868
45.810648658742736, 9.0797397421502932, 0.00038894539259095077, 0.00038725656306549581
33.029941300378376, 8.8627886345593687, -0.00027940056190877278, 0.00022038063994092274
57.321683082437239, 0.6424245647205481, -2.3929569347388785e-05, 2.357101750915542e-05
37.112428790002383, 10.354926837732291, 0.00060118225596957162, -0.00080119732684721923
39.005979765662801, 9.83992374105887, -0.00021457208123069874, -0.00025011204257503251
35.910297000417451, 9.91910206578412, -0.00040485943599999764, -0.00032633009706328905
29.644998143900214, 7.1929054986615508, -0.00031546188033732502, 0.00010746881309070321
45.50669425784762, 9.1772633809632413, 0.00048635695968997941, 0.00065431795071511955
33.342640802315856, 9.8263945115922908, -0.0010417242053802934, -0.00024249803114068496
48.25167661719189, 7.6117928699196584, -0.00054026157217695327, 0.00055557625475183454
48.903411737430432, 8.3957598776347204, -0.00031935898200719469, -9.6756795736774385e-05
39.479049381940385, 9.2104007600371691, 8.5756514470214541e-05, 0.00067087444841955747
40.652392179041172, 10.497427916337664, -0.00088724019843985371, 0.00055335293173348692
53.847798545828844, 6.0082485552123535, 2.9467348458809598e-05, 1.5754622468733454e-05
48.877029278819506, 8.1651463412708196, -0.00036900160140055863, 0.00012546337934006899
26.487489270011086, 7.556734651477826, -0.00059928939207839951, -0.00036482090324045245
37.983299972656823, 9.2705821533200137, -0.00014865304697270329, -8.1476514182976013e-05
29.716072103379265, 8.8110578251553004, 0.00084433356236796812, -0.00020393177597076496
37.72535885024525, 10.806217893929823, -0.0001754152416537888, 0.00065010022591194738
49.533305459073453, 7.7227499394900256, -0.00026957481893313562, 0.0005739290929613831
36.171631123326925, 9.758385833395824, 4.0715821612001591e-06, 0.00012162649879137661
34.967174148262266, 11.059523772020937, 0.00041602288956264674, 0.0010214104519357566
36.742137103690759, 10.088046192532939, -7.6708268367787463e-05, 0.00039350079745032823
29.509301999027379, 5.5808863455200646, 2.4449788901284857e-05, 5.0921469586378729e-05
55.462728523468229, 3.1252755315655958, 0.00017711166360863742, 0.0001285066771605869
48.125716554505225, 7.9169961625771235, -0.00028805553286665299, -0.00035924635194837693
35.284302569544806, 9.8314142798916961, 0.00036780109317810234, 0.00078603177223859877
28.522512061672142, 6.2959330216494402, 0.00015654725206653468, 0.00029585037529934472
43.37415983149954, 8.7697488345957915, 7.2564681284367305e-05, 0.00096602548175224717
29.396210594253208, 6.4270074711750214, -0.00010210173776619874, -0.0001723999773875772
54.97364966142527, 3.4242431248930201, -2.1184458758735531e-05, -0.00028358008103359484
27.00792965633806, 7.0666614470065321, 8.0615298208563949e-05, 0.00061265515919980463
34.749010468500089, 10.099975986321724, -0.00021971867313383035, -0.0010584589878447897
30.853053785846953, 7.9493038588938507, 2.8651541877653999e-05, 0.00016453724223207736
52.121039283078979, 6.969758941885047, 5.1509625858607118e-05, 0.00011532388754292671
40.933353845092128, 9.5184545582971225, -0.00037535027426762883, 0.0003961900537497201
55.506801164467468, 0.63736708001526587, -4.2270973028843154e-05, -0.00013334371692462458
26.008733702557105, 3.8372770889093739, -2.8752527836191048e-05, 4.8052251332195541e-05
55.180520492202994, 2.591563513410339, -0.00014752311465471399, -0.00021605959978378484
56.617989360814235, 2.8586178954287087, 6.2472138750809501e-05, 6.5567849212464242e-05
47.952220436016823, 8.2700000960768314, 0.00027979060984538592, 0.00015836223914378417
26.261308656469815, 6.0704465404711554, -0.00040800768742223052, -0.00030457602801116552
24.971316990480876, 2.3198871296031029, 6.876870851250484e-05, 0.00011896109459771199
34.261783082474238, 10.184547319263523, 8.9246660528210923e-05, -0.00065117623425110425
38.989037111508097, 9.9080714885454579, 5.3022940195359394e-05, -2.424462889871441e-05
44.977314645875971, 8.6038537932587129, 0.00030278866412054189, -0.00070488881480498442
36.489509473162059, 9.6750191616191188, 0.00020482308478166354, -0.00025806027208147758
44.740913567352592, 9.5479895271567532, -0.00016719815152192171, 4.3729500466540498e-05
52.158777965504719, 6.9277740221396531, 7.0077601118028875e-05, -6.3226320207429308e-06
39.057635067612622, 10.037521615425947, 0.00022341471273150241, -0.00028940409837942575
50.189708819913079, 7.0771219886131833, 0.00023663079528574881, -0.00016784541610763177
42.637089166440688, 9.5424852883294591, 0.00050186895691051213, -0.00018588408933199323
33.319150468697472, 8.8247036335050275, -0.00021456078863029711, -0.00013657111929062893
55.765978813755069, 0.56893861506319132, 2.4447756119361955e-05, 5.3867152911465199e-05
37.859329514783262, 9.208722042931516, -8.1325648302065113e-06, -0.0007205655406187293
31.249107646059691, 7.5563200228582286, 8.8558659698658888e-05, -0.0001605063109291728
49.190401801600011, 7.4185850913609999, -0.00018650946043871427, -0.00067352745634567646
33.055856755078516, 8.0515920690936102, -5.9475149014103827e-05, -0.00010113825388137594
32.285189205573715, 9.1652576553446465, 0.00014045849021678244, -0.00067833485069255866
38.159641403106278, 9.8637531129085758, 0.00026508188856000375, 0.00012874775587498047
42.199190332378329, 9.6467088489797526, -0.00039023114497849486, 7.141869713056073e-05
52.283853686839883, 5.7257132175094414, -3.7689859261677779e-05, -0.00039716665897463025
33.704604482883973, 9.5244210804971168, -0.00077840710944374308, -0.00058918982157521731
30.863371067891187, 8.6182617578794236, -8.2796060584234716e-05, 0.00075965410506024893
44.834295678206651, 9.6714367109732748, 6.6571459836060014e-05, 7.6708970993952179e-05
39.754581475487846, 9.525499569660651, 0.00043684865826357027, 0.00066076423414483968
49.314032829660007, 7.073401955292689, 0.00058380576976735734, -0.00032713238820205817
33.298432037652745, 9.301919547989506, -0.00057682048515788134, -0.00049172469108721797
37.170832157346027, 10.30151122821645, -0.00080880268225687931, 0.00056527481155933617
33.726948969724212, 9.3106208223315914, -0.00017158771881824333, 0.00026196709056782011
47.604195677305277, 8.1467027330960118, 0.00010943377990109643, 8.2776627295082382e-05
55.991352109863364, 3.5066227922637072, -9.6515713638717761e-05, 6.147112281650246e-05
28.484317268345336, 2.5151564959137498, -1.0003243689609797e-05, 1.1968784971855501e-06
45.204269883166958, 9.1054129604067739, 9.7355191111260933e-06, 0.00029511711104297182
54.938900450509486, 4.2460623590312085, -1.159543653254548e-05, 0.00027911770420487096
44.466866262341924, 9.5712290844871593, -0.00038339759186281917, 0.00053544714286014286
47.342065818270136, 7.6379897679150019, 0.00030076086284478229, 0.00048932274519252188
39.471457961047207, 9.9380351476622337, -0.00013009209975920442, -0.00011700155960386477
39.393366984396444, 9.932001058159404, 6.3280130006318621e-05, 0.001028722931650586
27.304838195163647, 7.0223060737424188, -4.980125964954267e-05, -0.00064179839911027603
37.091452500913164, 9.3426213592659781, -0.00056908665144036769, -3.5768585376172096e-05
53.327657526824275, 5.292689587562335, 0.00034296178140752714, 0.00025547706356702745
32.666012277755186, 10.076037166566682, 0.00031960829043024852, -0.00067961143056168472
50.694988552092973, 6.4622902613937336, -0.0001594163135329331, 8.3363253343465897e-05
30.02006280038184, 9.9700584783270472, -0.0010188476328555681, 6.7903261064683059e-05
42.484841176301927, 9.2626492211006646, 0.0006130563761683899, 0.0004800471872045136
23.263147377118504, 2.0902236773879728, -0.000134896703517396, 0.00014979632539240993
36.958660198790398, 10.122919701568911, 0.00023663540652764202, -0.00086045586809832899
40.596357169560967, 9.8926518408318866, -0.00036437117423334493, -0.00063625098384225808
42.043490197310028, 9.5952335138855016, -4.5084713904631257e-05, -0.00048693839575116997
26.864424247979333, 4.0876883278947478, -7.2132010852685104e-05, -0.00018977311937311725
56.307916068641305, 1.5056886740013009, 4.4310678262161097e-05, -9.5410093534600132e-05
42.874308766159096, 9.1348747630815179, -0.00020929975167990346, 0.0008883989077882919
31.705687466109644, 9.3315801495214021, 0.00082436563932259473, -0.00031928058668092635
30.021481138506257, 8.2968595476235212, 0.00057355673491828543, 0.00069375331321020275
56.421919682979208, 3.4958180442826436, -4.6888860607817211e-05, 8.4795489584658832e-06
47.126119228546862, 9.0768554047160066, -0.00016664162280249551, -0.00013935508561154563
41.722698081103317, 9.8851897381395712, -0.00034131623707440745, 0.00034325604956137693
24.62560497550114, 6.0560581601838832, 6.9622337656102763e-05, 0.00043357696706944484
23.032839790002679, 1.8386212208257078, -4.9785552941500088e-05, 0.00016519103799841669
35.058002079294226, 9.5956734223148334, 0.00082906697404490923, -0.00032274448020929157
50.861672417284531, 6.4095814770532735, -0.00057782154649696179, 0.00020152068727917661
27.355521718463951, 6.6417988039664433, -0.00016768232105216524, -0.0005521234974307631
44.502564049251198, 8.747900481810202, 0.00077633971575309657, -0.00046951974416069195
28.099264501682526, 8.5654314069413644, -0.00022840367596742997, 0.00069678080091621966
28.021163893402132, 5.2839574051859257, -0.00018098855418982344, -0.00016554907400645626
50.101086617653294, 7.1240529095791612, -0.00051895539697785779, -0.00040277014116635144
41.622806347182198, 9.8188262860085729, -0.00017301673961074145, 0.00021879209403324206
24.17493145950781, 3.8505507687378486, -0.00017557281399934423, 0.00037448734605129581
37.255536593389664, 10.173232883937967, -0.00020973450456086734, -0.00064971043934149804
47.120457290675105, 9.0419961051316822, -0.0001066680107367694, 4.0001808272993551e-05
40.692671673045893, 9.7577449922371784, -0.00074108277838802917, -2.3135583163636922e-05
36.025901644193588, 9.5237888102373862, 3.3217131501216292e-05, -8.3499283996434694e-05
30.78028819522936, 8.7216838353595705, 0.00049170079593923431, -0.00021179176658256996
47.561219486464367, 8.393292965217892, 9.681912148827114e-05, -1.7051978578274298e-05
38.876101437544499, 10.440131133155248, -0.00067346197077923443, -0.00091778289338364843
55.805732233532254, 3.1459747863250787, 0.00015349806185280062, -5.8151071714287326e-05
44.22907270238025, 9.9594947880280476, -0.00010662547157150769, 0.0003488263646624542
51.166082045355267, 6.70291775222901, -0.00057752381474344635, -0.00019132205951707062
29.286577877158212, 8.0210045743913785, 4.2944137345063925e-05, 0.00081553120002264502
42.7449049851759, 9.6636573904643388, 0.00015716443143786739, -9.2387431730620094e-05
46.698351968910103, 8.2038673657607166, -0.00010319166339955189, 0.00086446788219431787
30.207989046380522, 8.5497053678032771, -0.00040871291913062029, -0.000293348858692162
26.463932549260335, 5.2771889163981269, 0.00021634129712931125, -0.00033516592971052423
26.448265793171942, 7.105138799886892, 0.00025773428110012497, -0.00056863354869312308
54.831981210245985, 5.1155043027887226, -2.5739640701668337e-05, 1.5855962162057933e-05
34.065774994466359, 9.3533584690652081, 0.00038862022697159587, -0.00026045008794335064
43.889329596755701, 9.3169523692265912, -0.00021829009648279525, 0.00062172950425345497
56.802070736473709, 2.8918387019051175, -9.0820573255905759e-06, 1.2959727951870247e-05
55.6702117757143, 2.1005610547427498, 0.00015566489906669519, 0.00010808750440203275
40.672550041912537, 9.6143600225336669, 0.00038576298488129522, -0.0008027126515741382
55.487803749328954, 4.1636111181163837, 2.7306522160945615e-05, -9.013158628817935e-05
50.303055274516616, 6.7709202282298975, -0.0004207124380666659, 0.0003078975347492681
44.000883124430651, 9.6606069943657573, 0.00021932434185475351, 0.00063004993603853459
35.964085258232977, 10.46578148022247, -0.00023975071972932358, -0.00073139895612879936
49.073496560931012, 8.3809976841878964, 0.00014395738155230985, 2.4356428825855856e-05
53.777106761529353, 5.8819668798801947, 4.3543043651242133e-05, 2.368208799947084e-05
42.038274343477489, 9.4944462749689791, -0.00052229610308243603, -0.00079331933760926076
39.090365981307251, 9.9194639725759206, -0.00048183708086623085, 0.00043887106171073062
27.992061345610512, 7.2858964923347491, -1.1340814254825754e-05, -0.00046331614134236183
48.906530114822935, 7.9264987515747487, 0.00031189586319640153, 0.0004047442010090015
30.781225609405059, 8.0816803486490123, 0.00041867351225791691, 4.7983357613616072e-05
38.585196662481806, 10.162001867370977, -0.0004390382746130086, 0.0009173978074891319
37.908327618644606, 10.21450235607564, 0.00070254091787596998, 0.0006796388343018251
39.584019322171358, 10.165592012865329, -0.00048259378987060601, -0.00034627255482571061
53.448208737856433, 4.4654930980035665, -0.00025818174944612816, -0.00018125698417815344
50.516885598126407, 6.9594524850017878, -0.00056899153647915052, -0.00027761855498497208
40.817267614715533, 10.583358205461638, -2.8257006397511356e-05, -0.00036170407111778274
55.549424287721465, 2.6640269904483471, -3.1778868965543327e-05, 0.00020496743226273902
26.248704831089182, 4.2780012707409387, 1.1251803063707072e-05, -0.00031040932431736663
45.922163275800266, 9.261451846667148, 0.00037487263810983136, -3.5127822263941991e-05
26.400525147864698, 5.0029986416190342, 7.1704695339832577e-05, 0.00034227473545044696
46.717035864104588, 8.7877227556382032, 6.8421059263858724e-06, -0.00015403423583914801
52.68205573901411, 5.0202256121428901, 0.00045788626378563674, 0.00032323584826600107
47.308910339917674, 8.1612055159150234, -0.00056776644416688528, -1.5202929409108532e-05
37.387231235080144, 10.326224283282349, 0.00066917352867135779, -0.00053997305387713617
49.714424322995193, 7.5779792782751585, 8.1992194389866153e-05, -0.00072393909968603422
35.968881400568563, 9.8428280728033979, -0.0001660833286561354, -7.205270365504342e-05
38.873226082736799, 10.212730327367929, -2.572740144281164e-05, 0.00019464934178280404
34.323316073379772, 9.8120393683027007, 0.00050060875186820066, 0.00010864795634986744
28.890316793564022, 8.6366513068263497, 0.00080406760969581781, 0.00046419102891112661
33.18219899218257, 8.9245412692521668, -0.00016670196300518515, -0.00011818543328906505
45.282398931784321, 10.800534680847054, 8.6782092226985242e-05, -0.0010708389914552414
47.07164186331164, 9.0651144432562134, -0.00019110838446737496, 0.00027386631615097063
37.859743587817597, 10.062241146947697, -0.00046601536880907791, -0.0009527046644245261
32.450578449716325, 9.1217622425230918, -3.6707380501155614e-05, -0.0005179799136848177
38.925820439585088, 9.4857768876480879, 1.0885623374721392e-05, -3.7688574660898812e-05
48.056388257573531, 7.9327583050691173, -4.6474827757224617e-05, -0.00060436259082493097
33.860182559919004, 10.119157356838357, 0.00073509664309147132, -0.00016965158709573863
50.893449592388627, 6.7581743352060641, 0.00038416238150870062, -0.00052079002738621258
38.907956535906585, 10.063147147026505, -3.8277799192211717e-05, 0.00058334774263449547
44.334421948979298, 9.2593639892828001, 0.00041142174202117912, 0.00020296259928916189
36.131339611039635, 9.4696461243242087, -0.00016430839407541488, -0.00026329856342915703
35.523065638260903, 10.000965171531139, -0.00031852622450484767, 0.00036053647514772038
26.695792792141713, 4.2168949475328237, 0.0001950749760609053, -9.8211973042027241e-05
51.348332250318215, 7.2202605549902543, -0.00013829471473794479, 0.00021377775975768332
38.971121754964621, 9.8080884666791324, -4.619108658966978e-05, -0.00083320091474260987
32.826560794915004, 9.493690930471935, -0.00037843596658874583, 0.00060538738228964567
46.972702796874501, 8.384966453274826, -0.00065566325766538243, 0.00027199749620039425
46.56740688884868, 8.3657402221844492, 0.00040525430081623961, 0.00026131029711235794
31.47579260932277, 8.6192543203284764, 0.00069329108022255837, -1.8510899794843558e-05
28.993098674862679, 8.3691304558818107, -0.00065707347238989271, -0.00031117816105634405
51.386855120790585, 7.0661332963982231, 0.00026078244883915994, -0.00011352726936949551
48.027692090287516, 8.3176407753704282, -0.00019118106220633642, 0.00040054947757944701
49.604514356031807, 7.5673459842095161, -0.00060308314402443715, -0.00018685315755808836
27.841217655984703, 8.4084040132278002, 0.00038925081435707283, -0.00069259564397924163
41.203260178068909, 10.221438754310551, -0.00010561459753442096, -0.00037289563160957447
53.113775968549056, 5.1145716842773199, 0.00020730075361819541, 0.00025888049260179097
29.97010820890543, 8.6520937119575656, -0.00031387212438326045, 0.00062028448789685294
40.276036708168107, 9.7854352075416564, -0.0003429418123255588, 0.00019605900780448774
56.187682564734978, 3.2246975384207563, 9.5559413107952968e-05, 7.7569133890195686e-05
43.258729267441076, 9.2404354524922834, 0.00037363441305755688, 0.00037558434960304084
50.142777870302133, 7.73550993548014, -3.2268309455304219e-05, -2.3278898691477237e-05
24.61972130370188, 2.9304036984183468, -0.00023396574032085764, -3.7905553983953522e-05
31.441069000961161, 8.2821934757226501, -0.00038922771113393914, -0.00027525488800688922
28.169684274345229, 7.0775155428826437, 0.00051466719969429323, -0.00019335226260303677
53.391119789821417, 5.2832766230043671, 0.00029689422950767807, -0.00017167970225345211
32.581086410119262, 9.9901320838873193, 0.00061795075790524749, 0.00074804643883785119
56.859565409236417, 1.5717722516482224, -3.1396519585291122e-05, -4.1715977897301062e-05
54.572608364092837, 5.3135917469213716, -4.8465210161960687e-05, -7.4263365419003735e-05
26.128971596019632, 4.1500096175965115, -0.00030666435852947217, 5.1727887188069376e-05
41.612048728448876, 9.7067710008489012, 0.00017192923242170504, 0.00099150695395893037
53.479380433328927, 6.0478601186209131, 3.1310202105614061e-05, -1.4648407097317609e-05
37.681223938186655, 10.372090497807299, -0.00047382733460117816, -0.00059136299371741771
38.156965650654399, 10.383116429339116, -0.00084276492660925512, -5.2925997910034556e-06
51.78770562121548, 8.0366629512408227, -7.8627249834553468e-05, -8.9837757626877779e-05
43.349994936174149, 9.4471385846398395, -1.3424845025068286e-05, -0.00013059008138602653
52.400379913854849, 5.3128739346786089, 0.00029563496153710072, 0.0004420885285666852
36.780094022802984, 10.1057799840738, -0.00016064745356234803, 0.00029721549026476773
35.129816909906921, 10.066050537887564, 0.00024144830011690261, -0.00076499768106145073
51.082206572432121, 7.4874443615005681, 0.00019801786178243441, -0.00017114453991457664
25.574912006970237, 4.0358674364527962, -0.00029535112712116539, 3.245492338098948e-05
45.990355720795385, 8.8721928659541796, 1.6195335750317671e-05, -3.3336969827518492e-05
33.859595068401319, 9.3169182939368849, -0.00030903884815214496, -0.00015683952921126781
51.98651264559723, 6.0094888842839689, -0.00036141126060256813, -0.00040598776799218234
39.436243981717062, 10.119237143657307, 0.00013524292627061321, 2.7423750646662628e-05
27.653068295839063, 2.8400966144224702, 3.4473026664945886e-05, 6.901003811510579e-05
42.401334118316356, 9.6684598072757684, -0.00036294276584570255, -0.00048379893388228055
49.472256819613989, 7.3783205445822828, -0.00027341788351031772, -0.00024583771753590509
27.098486362154521, 3.0271327315846102, -9.1023435322427071e-05, -5.0482786790161399e-05
54.049912832461104, 5.1679608657860152, -0.00021433156798327045, 0.00020894059092335191
34.579970433632219, 8.9042134136203845, 0.00050029614099669046, 0.00070212768654274971
48.916512152766792, 7.8291587609627884, -0.00011916186221714983, -0.00063669294996152753
36.895102509456464, 8.7083833961773518, 0.0001583970679004275, -3.0546569569411738e-05
45.22855158320484, 9.6429110957305024, 7.2727495908102407e-05, 4.419096793105601e-07
49.274858783132942, 7.1258525712106895, 0.0005163063224861539, 0.00040484802329250478
50.514909334974881, 7.6153567501551125, 0.00017871420481947305, 0.000360055868182273
44.236575335730357, 9.9795872377406596, 8.5359175979233133e-05, -0.00010619392523437839
35.258548495499483, 9.9390235370183753, -0.00060022269003788954, 0.00022131278897645943
28.739103649283539, 6.3895136646038342, 0.00018032821400911764, 0.00023562421929061746
42.1865625557272, 8.9558830910009384, 0.00028232019249923147, -0.00087917432003059202
38.591849070104679, 10.124275571533261, -0.00055554747998578797, 0.00027240758302910021
47.233522426051884, 8.7717901369186162, 1.3707746574200387e-05, -0.00018640179743605696
25.745192869406534, 5.2027889625218853, 0.00041129777719639559, 0.00023436547571936442
29.47753977111773, 9.2762813865475593, 0.00074620589727545847, 0.00060845556938093101
32.854484413889033, 9.2881428228250957, -0.00016910424789593346, -0.00047703594850043824
26.930309305772411, 3.9068951544956114, -0.00021486192143134599, -9.3192668398615845e-05
26.835872429416234, 7.1693628880227518, -0.00057025427389019434, -0.00049642825844406968
37.164019834818582, 10.160042006328618, -0.0007478317018166854, -9.0495497413953326e-06
30.129952111173914, 9.1968147982714878, -0.00052213635259618638, 0.00027782987150555658
52.971786467947219, 6.4229635657135322, 6.4030224941511688e-05, 2.0226593114077138e-05
49.854558062569879, 7.7532164860089914, -0.00025780744137477937, 6.595965789194605e-05
42.179409188793265, 9.7357428759140934, -0.00035883812882071467, -8.0970230699301072e-05
25.75459598641638, 5.50230831078414, -0.00056322233961514335, 0.00022700319956454621
37.579784823067797, 10.092137418292939, -3.8566015860475856e-06, 0.00069734876475925904
48.010898615818611, 7.8820976354682122, 2.954052248743178e-05, -0.00010969542850885272
40.372206192447088, 10.180456971912635, 0.0001802760874376156, 0.00018455177091107421
43.026502570924563, 9.3595928758548155, -0.00048179518607356539, 0.00015489624089136327
55.7978131935457, 0.57596604285841158, -7.7357954403627823e-05, 1.1874389746051742e-05
51.449201948683417, 6.4134898288971369, 0.00030494873822010823, -0.00028772361363465891
43.674245427811698, 9.8561776215550783, -0.00013902468782699836, -6.4693113474903206e-05
39.562405408204498, 9.7321704900510078, -3.8410549072624681e-05, 3.373955123177821e-05
48.775437732960647, 7.6387198769429281, 0.00081786350101266826, -8.5345342891480323e-05
44.852180799306751, 8.950836179592951, -0.00055661585830239378, 0.00047489064929938433
52.519410185328709, 5.9420778684160425, 0.00028670476734547252, 0.00011873546902896799
42.229638570448486, 9.8959423520842105, 0.00014241417844806752, 0.00020938764801056562
28.804458835193056, 7.5819924032813777, 2.6546120114199335e-06, 0.00056496302267767292
46.533758416335608, 9.4032252812316717, -9.8454698896574826e-05, 4.8408642948039083e-05
40.029483856455442, 9.8423230105271653, 2.2507782448483934e-05, -0.00011986135806312659
54.416752218973699, 5.2484005767609281, -0.00010001696876988551, -9.0103872125615125e-06
35.675635283389774, 9.5152457052227657, -2.661680390119629e-05, 0.00024698372872792879
51.733566889588943, 6.917878002552019, 0.00028623319946182487, -4.3993824160622828e-05
35.495933575794524, 9.3684810106209326, 0.00033618365883720017, -0.00021664202324763097
50.171519214974509, 6.9761139167490738, 3.7486124662030847e-05, -0.00048681169522436747
35.275883675988396, 10.065195078422141, 0.0005107188424883592, -0.00095424653175021185
53.665308444528016, 5.5194742841767388, -0.00014892874839042523, 0.00013807679908551455
54.232186657349203, 4.3263637939974222, 0.00022042512613715398, 0.00022655570601612566
53.994557881457141, 5.8320178734993604, -4.3769433143442697e-05, -2.4882991700077726e-05
39.093311090050484, 10.386561359447454, -0.00077675938998847556, 0.00040091976964299312
33.775557173514287, 9.8083904173466241, 0.00043623382277687713, -0.00010919890928168728
50.396069472105154, 7.9472222964371646, -4.1862618553367001e-05, 3.1687605856996147e-05
26.631509746820115, 5.5989349448447445, -5.4389183755218843e-05, 0.00037138221953896894
52.967373631283735, 5.2400554747183472, 0.00037412652670709598, -0.00015593794055546889
31.643416756523735, 7.8859857409128713, -7.085172302427526e-05, 0.00018537668361337707
50.060145882004775, 7.2864100082263183, 0.00064467738415387209, -5.0598847990157151e-05
54.092701479854043, 4.1155556410472274, -0.00035666547688413362, 0.00021964653978778784
51.172417242364638, 7.1449809492930365, -0.00026720573846561268, 0.00011404393413582851
46.652879181572814, 8.7806629502434621, -0.0001900144838549878, 0.00022610047679602212
41.296264951281749, 9.8341304626735724, 0.00031650348862241362, -0.00068013693366728652
37.636199307208102, 9.8187865597665258, -0.00045053315106158818, 0.00035243293055949189
51.371408265194482, 7.0470643522714456, -2.6067440454473644e-05, 0.00013725458125840036
40.172931881113207, 9.4438157363349262, 0.00011883592978120431, -0.00017296777399858265
40.288442267410765, 9.7975396572663591, -0.000676448311115118, -0.0003064605831495943
46.681552969703695, 7.9650907301475229, 0.00064053148369879755, -0.00028868010590053138
42.231345915526433, 10.258250221986129, 0.00016738198120555737, 0.00011371730307454304
54.616627533357189, 4.7500811050329821, -0.00018896152816626183, 0.0001197753523807087
48.482567068510818, 7.8397274430443362, -0.00031153551103127702, 0.00029402861290884114
40.265323741428972, 9.9977106587089626, 1.4875096219444896e-05, 9.8365418887034526e-05
45.487948319823758, 8.9431877670891691, -5.2366710738625532e-05, 0.00030856055105700058
32.032494771927446, 8.4603228786385749, 0.00016976232871804736, -0.0003649140982960675
39.803169157074883, 9.8604578738896329, 8.3916838095353317e-07, -0.00049822786648946998
47.621263036342377, 8.5594878467617637, -0.00019652470023228617, 0.00032831535150749269
42.098965346541988, 10.096093761887113, 1.2981133179632387e-05, 0.00025405415757393988
44.766056143871786, 9.1562308173258327, 2.4721801709908376e-05, 4.3759430769575435e-06
38.549486226992208, 9.9654516154598873, -0.00042184832418463276, 0.00026995947233052827
50.604465455246867, 7.6739314319781258, 0.00025241568957660299, 0.00023399260461901027
25.771783745362871, 2.0610931929895751, -0.0001013595978479819, 6.015585920686349e-05
46.40290863912908, 8.811296249185343, -2.6094678302905397e-06, 0.00044707570643182472
54.962844499787153, 4.6999325595387882, -7.2032755931691339e-05, -1.7404747922075257e-05
45.630130748482593, 8.3761400690924503, -0.00086482727447120291, -0.00016610624354652576
47.666751078022777, 8.4709436215820286, 0.00086380336413686759, -8.1294564977020447e-05
35.419528702265374, 9.7981220241061084, -0.00031374169694384262, -0.00041155091341778309
41.092721288344904, 11.236605046247782, -0.00025388118465336223, 0.00038091093665530961
31.674965217128104, 8.4942282486631644, -4.1726874151424104e-05, -0.00065388972245136701
51.604796982542524, 6.5658193775671867, 0.00032466817558993437, 2.9241268184286044e-05
56.419362991945462, 3.5873870021830068, -2.2474666898919011e-05, -3.9205461496644476e-05
55.720219502963872, 2.5407287606993432, 0.00013999071544759992, 0.00012304234995441095
39.745514239575513, 13.621965171575669, 0.0011805681940623655, 0.00025272388535109062
54.733079419722898, 5.3141193394096211, -2.3806590327286751e-05, -2.9759701713316662e-05
49.999745030477477, 7.1401107192752526, -0.0001748285088039779, 0.00025799481251572175
44.282564274149351, 9.4714583765859643, 0.00013992568051485866, -8.8311215145582856e-05
35.276464864625964, 10.13083267734231, -0.00045821553250109144, -0.00080982233447021051
53.482731414661188, 4.9645991183998275, -0.00050771651533840657, -1.3249221441598195e-05
53.197926340617911, 5.5354227103746219, 2.3698617373334408e-06, -0.00025961429691408189
27.277610835142458, 4.4384331091139879, 4.5096452876674811e-05, 0.00013989323053998279
31.371224502875585, 10.247526869296605, 0.00091155046553225815, -2.3010855534011658e-05
47.577041878607794, 8.0295105615384799, -0.00032505241657940036, -0.00075679288816769266
52.152531594671935, 6.8867543219361647, 6.959372115077024e-05, -5.4057995707588389e-05
27.436286057797606, 4.6343411506987007, 0.00019049150685733975, -1.0977775234405106e-05
43.889401214420516, 9.0775392704504103, 0.00061174182455845728, 0.0002551112373278596
50.916752943448884, 7.677351051332435, -0.00012946581692257423, -3.6213087885166809e-05
43.323483624071791, 9.2465315734978137, 0.00056878068004801493, -0.00025572135708749156
41.3906117618031, 9.9996973309182913, 0.0001770109338515351, 0.00051567988828971176
42.250278037320413, 9.565258762842447, -0.00043516014297021913, 0.00056590786256613347
32.473652660831057, 8.8277557577824268, 0.00021449269930931731, -8.7810790161774689e-05
28.337906857591335, 6.9714960654447466, 0.00029073939057573607, -0.00045715067541529907
43.40315088242081, 9.4212031293018352, 0.00018833742043820957, -0.00040433121059814977
46.388266698624257, 8.4801052631922289, -0.00015278851634858414, -0.00013501823679169247
42.888690990893835, 9.8789553839853568, 4.3434522409657143e-05, -0.00080059118535465623
47.813211196398669, 8.7057572595885038, 0.00052425781970165777, 0.00028933533664423494
47.380439770585497, 8.6836540530623552, 0.00022848284934366158, 2.9626176125101635e-05
43.031462582691397, 9.2688809238686289, -0.00081715826171567096, -0.00022299330169619946
35.14279760865552, 10.183690942425015, -0.00051894192258652256, 0.00040982677216334272
49.037774202099371, 8.3732031398435183, -8.0022766655091801e-05, 3.3919910273560411e-05
46.619088253333643, 8.2295631105291207, -0.00020539847739943138, -0.00042607930267327701
32.078100268006033, 9.2506251524019572, -1.2531187425643394e-05, 0.00062429942872176754
29.315753687653682, 6.6619375975609536, -7.2807146484222495e-06, 0.00019731375837022378
34.288338835420184, 9.613982920859101, 0.00049732404682473934, -0.00057331181505628891
55.992817236036416, 4.0914782605349611, 4.3379859240022468e-05, -9.916227598010601e-06
36.460194562262224, 9.9054632400752389, 0.00092369137361328899, 0.00042668126924100302
38.801082035305505, 10.197514197216217, 0.00023908365361567177, -0.00095717563183836624
28.958201166218018, 6.109194267962395, -0.00023921536721595874, -3.8060620721673651e-05
50.462266825016997, 7.3607197852970607, 0.00028941750036499026, 0.00034534618634653473
47.590269026486169, 9.2732458321742968, 6.4450508415162761e-05, 0.00044204433416523628
31.725086510258254, 9.9993440953790529, -0.00079513651157990355, 0.00064127027456544741
43.34257377864553, 9.484747581696201, -0.00035090868695018238, 0.00072148578715172424
54.117390795189742, 4.9980440353828213, -0.00032666141555391843, -0.0001448097780455954
35.650050562374602, 10.200372609689252, 0.0004319496675714366, -0.00058505740056003831
41.672510198849643, 9.9728210207073218, -4.0803035984265659e-05, -0.0010277366324095533
49.408426128916638, 7.632285436827801, -0.00036788308464617646, 0.00016066591986082981
44.378645678773573, 9.7820740728680473, 0.00032767148802845925, -0.00011109467652333992
48.195082829616972, 8.326592503675986, -0.00011112464486043564, 0.00044339170930344607
33.974207031295592, 8.9950692988554319, 0.00042538607855708318, 8.3468158216588019e-05
28.668687563624509, 4.4537215512774369, -7.1649640360764324e-05, -1.7763671216448751e-06
28.804463940144732, 4.1232116594512318, -9.8306551056616113e-06, -5.7481747109129507e-05
34.636927076115157, 9.0361607708610947, 0.00029980866340095541, -0.0002222068778444656
51.376522856864945, 6.339927044137645, -0.00020929187740280301, 0.00040200057928335762
34.755792327312811, 9.854308956778155, -0.00045843718584658656, -0.00084725709283679145
55.322069222553139, 4.5142376241440747, 1.3322142034984455e-06, -4.5298850404269023e-05
30.047006719978057, 7.9169229891747062, 0.00015113392287433949, 0.00038802058431493898
52.961087325700653, 6.670872045973244, 6.4181362479691053e-05, -1.9261586796784029e-05
34.566598509669447, 9.5825836715363142, -0.0005326223080307841, -3.1262312618099511e-05
55.548737913288058, 3.2538610625800022, 7.0294982399784489e-05, -0.00016987757849474047
39.729469444674756, 9.9738736713386125, 1.9794111993324296e-05, -0.00010202728626219843
45.783930791592148, 8.2177441364409862, -0.00049440957929766682, -0.00023533106013411961
48.857926418698845, 8.2278895641335232, 0.00033755733197943292, -6.3427749652746659e-05
39.618496757911487, 9.7369284673037484, -1.2669270581026842e-05, -7.0846048960900498e-05
54.756357380553787, 4.864625400090949, -9.5770521607710298e-05, 7.4914396331604994e-05
24.395335837084044, 3.1689283727273168, -1.401441142974825e-05, -0.00023041900771510142
44.677636429741739, 8.4450871065774269, -8.3763413152100901e-05, 0.00065021632388503024
26.018326099177436, 6.1356129105675423, 0.00055498455867166894, 5.6808640289225613e-05
52.241429789484521, 6.0417262423650362, -0.00030489671754324588, -1.6439352724286895e-05
41.706334340308324, 9.3537307751480352, -0.00028035573938665041, 0.0002002580732821282
55.403189669094068, 4.72993116544776, 4.6186759093786216e-05, -3.2894730250862506e-05
49.860050893339526, 7.2130808192283977, -0.00054062240456331464, -0.00026410114509238303
38.528487809374312, 10.473847559440022, 0.00042866066935848859, 0.00021383678356331809
54.522030833030215, 5.6120781836263403, 2.6360079997423391e-05, 4.6840468481821084e-05
50.870545061306146, 4.7990500963619978, 0.00065407132935244906, -6.6708643245485711e-05
41.468849316539014, 9.5777674688540078, 0.00013030321089862115, 0.00051473324251376262
52.730420710264319, 5.9603526269307174, 0.00021187293150284474, -0.00026317075490937158
49.453139637851351, 7.0249092931837485, -0.00063575604341613008, 0.00025879193719564522
40.651048546008887, 10.386081924261239, 0.00018036289281553661, 0.0010612608331087142
41.438144091559337, 9.8432477757407604, -0.00038250259686315537, -0.00049254698043383878
47.982750563456371, 8.3837848982903882, -9.6231812392058797e-05, -0.00030750371875243337
46.377211406777242, 9.0796315157469358, 0.00035021629861988889, -0.00026180063547375843
51.251903052528526, 6.2883421366619423, 0.00032270146009106177, 0.00031467871654826011
41.987882960842832, 9.9760854161297026, -0.00014631413259640622, 0.00044546474133216174
47.358201365852722, 8.5487492154621503, -0.00016585444078295902, -0.00014672879387183266
56.196059672935753, 2.7882226621263135, -1.7344180524673493e-05, 0.00013023868687776977
51.842415719588978, 6.2501928610705759, -0.000382615949191481, -0.00026663592674517679
34.216574988486663, 9.4455177621775626, 0.00036476387392306075, -1.055221764224457e-05
40.177434840305651, 9.3181330441480661, -8.4950265917531353e-05, -0.00012648671009920994
52.951886133911586, 5.3954502322018127, -0.00015203055639917946, -0.00031359698809556568
35.62576242700851, 8.9748333669076139, -3.8093051079925408e-05, 2.0685369328033298e-05
39.479422302848597, 10.004441620662373, 0.00012971995350783775, -4.2366958678276752e-05
35.064853653248385, 10.296124421109468, -0.00016789952863466306, -0.00061970736545439347
35.996108743052311, 10.410560584471025, -0.00084479171457637876, -0.00021162573880496643
31.93045856573535, 7.8024888105581729, 1.2320271563327163e-05, -0.00013974469764478837
41.314919560418446, 9.9310617956739531, -0.00015116625056503958, 0.0007650803516456937
55.621401429149849, 2.6193812014434412, -6.5274136032879933e-05, 6.3868087601068956e-05
46.132663851112092, 9.2213131221587936, 2.7482432957271182e-05, -0.00033658750992455452
28.51343737683667, 8.0079277502160746, -0.00046711812904051225, -0.00049900122892321979
47.290722324662696, 9.0322674903228908, -0.00011110894741002177, -0.00061623739106050695
54.219200588247226, 5.0689477494522448, -0.00017222416772511533, -0.00012430317576533274
31.297592220910531, 9.3318816090087093, -0.0007471339122346475, -0.00024235157829935035
34.17080459720377, 9.3762957537875291, 0.00051154372659319505, -0.00013596116544768884
54.033952068958634, 5.0654838293644886, 0.0002229801495166639, -0.00016699698280038056
46.59572700330358, 8.5325625273168217, 0.00015515290771818163, -0.00082618569733733708
39.05349899337881, 10.056935990936763, 2.9721653523949975e-05, -0.00021591862510307187
36.445422120321879, 9.09201759684702, -0.0004110515847931976, -0.00046352900945812158
51.12932943556018, 6.4708214746891777, 0.00049318429105949977, 0.00012051772929609796
33.94514614374723, 9.9457417872561038, 0.00013277561691518814, 0.0010703157608607779
46.403825339344401, 8.6313776387319567, -0.00036994184405500518, 9.3182745234212668e-05
55.25575800639664, 3.2981834717657668, 0.00014654039779546716, 0.00021855335172960409
26.515042248062706, 5.0044152538333231, -0.00010966503342718154, -0.00034338793720106617
50.955419957920832, 6.072637195782824, -0.00063482092596912486, -0.00021340105722617939
38.783891361986427, 9.6066452049887694, 5.0852436316680574e-05, 0.00066763594054516223
31.24449701476961, 8.9014572907183815, 0.00028735925327347625, -0.00072638210059967499
54.546448871873658, 4.5062743265098542, 0.00017107988633472502, 0.00028149869578280478
30.265578714277876, 8.171895508592538, -0.00031554803521389356, 6.5500920002278955e-05
52.487790869781087, 6.0811107272251368, -0.00040083618893686551, 5.9987940637786675e-06
45.791468114034025, 8.9108341151638122, 0.00037012670713138055, -0.00016301864049746417
30.659371955502213, 8.092701089597913, 0.00031147135707232279, -0.00017888156015130859
47.773085159399642, 8.0512806869728593, 9.663676872647435e-05, -0.00017693222372825113
35.922332186693097, 9.5290223512646026, 0.00018803678843564591, -0.00098731573766961496
48.694910006278235, 8.2122916489258948, 3.2002837406891622e-05, -0.00026027662583399778
49.719899971606047, 8.1963485541097452, 3.3394234863867523e-05, -2.5269811770821907e-05
53.422272037869362, 4.7886504235842065, -0.00018517502979816791, -0.00025850696524937742
29.32791188338005, 8.7229658255635041, 0.00023476088591739712, 0.00089356590269804264
41.656732386488834, 9.9404931567292909, -4.6726175777184088e-05, 0.0001332037553025603
56.117633937361411, 2.1549929654524713, -0.00011613357541724584, 4.0513597410782312e-05
49.526964200893389, 8.1132922499191569, -3.8589895081531361e-05, -0.00018083637321226892
48.088882255584529, 8.1482780718161045, 0.00013003661766560566, 0.00029542919376861275
46.106899704187057, 8.5003220907387149, -0.00022979165327248778, 0.00010821206903376013
34.168405022560833, 9.116296745328123, -0.00013449398095022379, -0.00063394163261549369
33.323829434818116, 9.6108744853517969, -0.00024852635124524339, 0.00050994026512453383
52.463980091554845, 7.0491728607615984, 7.8278238393593018e-05, 0.00014472501093323937
44.075104322543957, 9.6847096392912295, 0.00050375006256552521, -0.00023360085206386704
46.51218077258455, 8.3982769745336618, -0.00043147456786091128, -0.00046258331043068411
55.393565521927705, 2.2982031143815256, 0.00021491424580752873, 7.5570292283443308e-05
42.309145221435941, 9.7044602582762387, -0.00026743781358350242, -0.00040953366099195205
41.273756404676632, 9.9474830251054644, -3.961262756557029e-05, -0.00025088941935300194
41.390652742985459, 9.5909952193211172, 0.00037997123891428955, 0.00022852396905269218
39.127748025585944, 9.6227940499784523, 0.00072816874412884672, -0.00026975792600883669
30.146110756980598, 6.306518245730774, 8.5710060116198631e-05, 6.0437868335174798e-05
44.516069596787617, 9.6036101608093176, -0.00027520465457011526, -0.00061534882259484146
31.692745083796659, 7.9488084315886489, 0.00013346268806635559, -9.0784077937385919e-05
38.017463120898149, 9.9745375069063016, -0.00022748901911204635, -0.00020346566759361139
27.250201623949241, 5.6727586005261674, 3.2097133301039438e-05, 0.0002981497861285126
26.448631890056433, 5.3084351979390281, -0.00033010697204076265, 0.000131848422965584
41.536081541886084, 10.171107286867265, -0.00099596824858043127, -0.00013481114748556866
43.546055232038903, 9.3981501326045134, 0.00034781394667934981, -0.00061620194265565745
49.745716322398962, 8.190323416529294, 0.00012126879356218754, 0.00015158163431249239
26.091620013552969, 4.8193860729610529, -0.00012029554067289925, -0.00044107069162200598
52.65198539644615, 4.9400958431367012, -0.00048391479682609908, 9.3381441477312775e-05
29.956208234051456, 8.5308078982512843, -0.00037658962914366412, -0.00044603606714064951
27.534350632168891, 7.8104485723084309, 0.00067866851984914908, 0.00041412478725772026
36.914851370497608, 9.5682631585725773, 0.00044973990365622813, -0.0002309186611426471
51.601479606549844, 6.9224557047636708, -0.00014614806774988624, 0.00021826019505896154
37.791302689043555, 9.3945340762543381, -6.7536371179763019e-06, -0.00033711899264219486
47.06612706306008, 8.0271155279212323, -0.00065745551735785224, 0.00048425855008692637
32.347728259552689, 9.1906238560952076, -0.00051125835751042524, -0.00041151574632932082
35.615118406448715, 9.7050706517443484, -0.0002119493468886821, -0.00043167293100201384
51.850323798116051, 5.9919947588673734, -0.00028604879781321405, 0.00054065531222658434
26.435831143823453, 5.9118079567984605, -9.6957336235587794e-05, 0.00035353437665423625
30.144704160860197, 6.2566613747668622, 3.6680080375506219e-05, 3.5262128100603478e-05
56.120383608676889, 2.2047303998692374, 8.620278462718145e-05, -0.00011761933589282709
36.113818490973237, 9.5548740403656875, -6.5196884328493535e-05, -5.2793471472041368e-05
36.988287536975882, 9.3780841177168401, -0.0003516368299832282, 0.00035742304944153154
51.212168636451274, 6.5605687133649049, 0.00028279913818707769, -0.00020035405678853262
27.313548849249354, 8.5148027263967858, 0.00073735641218110575, -8.0937163993682201e-05
51.293363619699164, 6.6298587788224381, -0.00046219201365595451, -0.00046255699926599621
47.683845970185807, 8.7471689773911638, -0.000250917838706952, -8.0970030079386307e-05
27.301521096542082, 6.9701281723447215, -6.0740278291540011e-05, -0.00070548701373797417
54.971641899381403, 4.2863153610338296, 3.9569526553804987e-05, 0.00022704382368060155
35.538109739951871, 10.013592512512256, 0.00037986102561333274, 7.2611501107489596e-05
55.095394551503944, 3.4596283249664017, 3.0478787680193347e-05, 0.00020765406709971547
42.381792967907167, 9.3532550742384561, 0.00040979947904790385, -0.00053357420605934394
26.815734731948865, 6.3631397754691532, -8.6103548365802716e-06, 0.00060081521068782047
38.892656259753004, 10.332448153581669, -0.00071803482968961691, 0.00011868656327688798
39.060220166944717, 9.8516322677910289, -8.3313318152899106e-05, -0.0008258871893388691
45.234446730728962, 9.3495309700069349, -0.00011614546234393674, -0.00010391301317808736
32.469114582893248, 9.485309818567309, -0.00043426654216678634, -0.00030066655167743507
51.786456745717658, 6.8759061037004328, -5.9422537212802761e-05, -3.3803973961716082e-05
39.92854845416278, 9.8737964203960527, -0.00072841262532091311, 0.00081677434206470429
53.226800602716494, 6.3977771741034761, -9.5864118765909788e-05, -6.9682383965777455e-05
30.559182263540787, 8.5866933647726551, -0.00038370501485363067, 0.00036203517781459912
37.709467608514721, 9.7994273911713083, 6.4503044348062754e-05, -4.5347821294979268e-05
50.516145547177437, 7.7601146458944799, 0.00036450581119074586, 0.00010403677565680776
43.357714586849454, 10.675423535647015, 0.00011159565738416349, -4.8119133983108419e-05
32.483390169993157, 9.2073713947957785, 0.00065423149810831622, 0.00015287779768679376
27.194827626921935, 2.6241782213358391, 7.1224493460881973e-05, -4.4511030965775613e-05
31.239448005830937, 8.421697461187124, 0.00047355001264403409, 0.00017152577358334295
55.726190299317039, 3.3261114129543388, -0.00015093187185801979, 2.8208373644926761e-05
51.084619394638935, 6.2113913068700644, -0.00061565683491278595, 0.00013084578684730331
55.118313672877761, 3.6005591398319647, -0.00014521731487318669, -0.00026103300912756245
26.945246973867945, 5.0227575233141346, -0.00012695996331006228, 0.00026353243417147641
35.067806616224196, 9.9014504918456279, 0.00038225246896282043, 0.00046455546022514647
33.115285709494252, 9.0186707954526426, 0.00085057580667585958, 0.00027721963561133786
53.126866583334504, 5.816940757043592, -9.1256942524239057e-06, -0.00030226010809245138
55.168808923141775, 3.4220875177960628, -0.00029089948430053084, -5.5542562084724459e-05
35.575934559234156, 10.009539353160051, -0.00010724937529713427, 0.000949971907963909
28.657566535564683, 8.4589617983977679, 0.00073019038897924034, 0.00050449579388937371
36.495059557387286, 9.5275924295137298, 0.00062401565546914652, 0.00023982219828003716
31.034555703750339, 8.0037630290093613, 0.00023319876190455063, 0.0004761877677137593
33.23668709259578, 9.8007281811535165, 0.00057805458391024832, 0.00087067179729741955
23.860139641710354, 2.9611556539664523, -0.00027954412275098077, 9.9112215859308885e-05
39.962760764137734, 9.7469387535621177, -6.9526741534239934e-05, -0.0006077842077061884
43.558686541409166, 9.5674168897897491, -0.00052648844430502233, 0.00071129412138521743
53.621352269006728, 5.126547239493787, -0.00020410249535191588, 0.00010063277114124035
53.129331275477895, 4.686458685579713, -0.00043160550060456583, -0.00017204058602883441
38.044733525523327, 10.139412784461348, 0.00056667971511157645, -0.00044836763698962069
34.339590934512877, 8.4508717738466821, -0.0005605717174038059, -6.7770113319155861e-06
53.101347059383855, 5.8672751884579126, -2.1845142380810824e-06, 0.00027279345454211056
30.031497511134454, 7.6694811460730259, -0.00031894491601463582, 8.4217652240748563e-05
44.858983120057133, 8.8633626653123194, -0.00070261736783708219, 0.00059597301167100907
54.735427151929926, 4.9898365589164069, -1.1613909138477153e-05, -1.7920261402960436e-05
30.675393568313854, 8.8810012647314753, -0.00088862676598369596, 0.00026960072115326427
38.740650649648039, 10.117702173928272, 1.3562016166568583e-06, -0.00075657523493479883
48.433248102209838, 8.504116172569157, 7.8856629628200751e-05, -7.5044130188339244e-05
49.928687019143013, 6.7448450697541702, 0.00035592050427266369, 0.00064338243728823976
24.675425587175752, 3.8338919567235119, 0.00024985719554829845, -0.00015608221782006197
47.88334703569916, 8.7741520072053056, 0.00010898536481541906, -8.3840303465632713e-06
53.269149723819858, 4.7489142233585815, -0.00025129838266391201, 0.00038433176897728464
32.707987620847554, 9.4711833304340249, -0.00012541559248167722, -0.00058089964489261962
52.165724485882876, 6.4803954315188665, 0.00019472161454870521, -4.3623191143982558e-05
55.178063340930073, 4.1307196427061195, -0.00014956933906004591, -3.4960514309433919e-05
44.41756418897301, 9.4578843920794675, 8.2439100905932645e-05, 0.00030129680671492164
32.793060776100347, 9.4440257218989814, 0.00078470257353753081, -0.00011381907881851827
45.078566219870595, 9.1151434065878565, 0.00043383803377742295, 0.00057092180521805614
28.701072556191317, 6.5165341508322969, 0.00021878006733243877, 0.00052530815831741836
48.754962328492077, 8.2085554643206518, 0.00045086819711984149, 0.00015933251329102734
31.546125169271228, 7.6300040778250615, -8.7585639175016662e-05, -6.6208683760280411e-05
40.64826049558603, 9.8332485563703163, -0.00013471597540804404, -0.00032865112658397367
42.806717931668501, 9.4301439311590158, 0.00054471277188051419, 0.00010627617992753729
27.046855264159582, 7.7754653500991839, -0.00072453857816334158, 0.00025360917263176925
39.806715469301572, 10.193715478612067, 4.8172745548196901e-06, -0.00026344127551792407
27.487367518344321, 7.417350288609172, 0.00023358044798974916, 0.00053128501116106344
49.07117896029321, 7.5882814643769789, -4.6425418863723088e-05, -0.00063105158612165434
30.181773188252098, 8.0264171385215572, -0.00041982683783586095, -0.00029342701985299622
24.175801713232509, 1.6360548551778502, -5.4239383067456419e-06, 0.00016894810542463366
33.661763697553347, 9.3142737494693559, 0.00054450338791672533, -0.00052756324433585059
31.348936265460967, 9.0142418157482673, -0.00063040482613831194, 0.00046425426050729498
30.138874287184525, 6.4818338146263006, -0.00014533658470891692, 5.8415428260190574e-06
25.716255854474564, 6.0836878073737077, -0.00057976849255487594, -0.00034445980375505207
47.783157939521992, 7.7175851051386015, 0.00062547688963771747, 0.00048080850423098601
39.930712071778458, 9.9310767844445547, -7.0713485773847727e-05, 0.00010626952227062124
49.809012146616006, 7.498473140568235, 0.00045402886602029718, 4.0556339562999679e-06
38.429487932483049, 9.8817582516337517, -0.00033960894897696697, 7.241937345174121e-05
31.795995835378559, 10.130368292947466, 0.0006859656288916798, -0.0007940510771914989
46.786499950529731, 8.6659197718492766, 0.00038514119416969544, 0.00037697049193869287
35.933196594983343, 9.5819776281981284, -7.1130091310087372e-05, -0.00011471818576994463
30.368527701768844, 5.6560672040602258, -2.1639075008920981e-05, 3.7112930662841781e-05
38.303583991443205, 10.973787047185231, -0.00036940959194188409, -0.00017718886627112005
47.857234985880829, 8.2372159416118258, -0.00043687012219782034, 0.00050550153117118516
50.097942301835815, 7.4540912765656797, 0.00059619342891745837, -0.0001525106473672588
30.155147526948912, 6.4622128217586523, 2.3018607521641222e-05, 9.6881163126409756e-05
47.34431570428324, 8.341549834655769, 3.4841510459221293e-05, -0.00076630779462295308
50.807582657488169, 7.3031840126944729, 0.00019886857868983422, 0.00023368885156473465
47.223504214766294, 8.536874448391, 9.3571770923095397e-05, -0.00046688808033746204
42.137634646761384, 9.9116852468024153, -0.00016993117688746801, 8.4936873900872309e-05
41.198176933458868, 9.9266795215035106, -0.00031469316461890857, 3.4049027221691845e-05
27.409218423671931, 6.1467977195314836, -0.00033606847239559689, -0.00012453402180854288
40.264355594801714, 9.6458193620187274, -0.00071599849659886535, 0.00081517540570749778
46.972623137490459, 8.511152284344675, -0.00072164827009716715, 1.0690878041745861e-05
31.266566180603899, 9.2773941746576511, 0.00032152979940464315, -0.00092975411669186188
33.087647170854254, 8.8642729915595613, -0.0002286907531320825, 7.4843652959884406e-05
37.924934823419143, 9.328535941171749, -6.0836558199579981e-05, 9.477113883334985e-05
28.953261680030366, 8.6016755735432149, 0.00052762323935191845, 0.00059142856164695037
48.53238101659749, 8.3539467717345861, 0.00034857675514999513, 0.00043623727320452413
53.856235431103315, 4.4853752463168552, 0.00030851874965766822, -0.00027827088975768165
32.312198411788572, 9.402115017780222, 0.00087685010325922234, -0.00030620650817163411
40.718530573851766, 10.190064205355688, -0.00027045118291759839, 0.0003867637618139492
41.158899445269938, 10.213218489491814, -6.7511867305128755e-05, -9.1140175991772924e-05
32.429235789394724, 9.9755886752579688, -0.00042954050222063678, -0.00097605732363720721
54.683401516013049, 4.6356814722754303, -0.0001811641968523152, -9.8211288523971694e-05
46.816417766790529, 8.5697155941399288, 3.8339671108213144e-05, 0.0007864556433468229
55.923382926469664, 3.6884501085655317, -4.9990092516579529e-05, -4.0690010099206971e-05
31.930263997784273, 9.9505721363717932, -0.00091562962252772777, 0.00027761601374191283
53.498479887956655, 4.6215797685105304, -5.5090071168539982e-06, 2.2280115181029431e-05
49.565712897974059, 7.9589332766428091, -4.9344036441705109e-05, -0.00021155217973756486
41.349677280484315, 9.8333445736810177, 0.00020432249992361252, 0.00068401126868557736
25.679155767969203, 5.6459571931453247, -3.5482516717836762e-05, 0.00048266096944183355
54.02981381116517, 4.8624888737919028, -7.049135802101717e-05, -0.00022667441604409263
42.57013784912948, 9.9263222978866406, -3.6697457990176834e-05, 9.0651470976971192e-05
35.250132497650029, 9.6173456087722808, 0.00016938433593103309, -0.00020766159660567864
23.780757677825338, 3.9995438687961937, 0.00033007340076439444, 7.5268972398356943e-05
37.649989930236117, 10.074057705121513, -0.00022100775578571581, -0.00031993377672342326
38.078743742382287, 10.228193815133588, 0.00053489559188434467, 0.00013948904189421771
29.595902902259247, 8.7785788963862501, -0.00066436118210698848, 0.00023668411101365573
47.380553504798321, 8.5966324508887766, -0.00031887925793201314, 8.0362380630932156e-05
55.737392169853329, 3.2553738397009688, -0.00012820890534224734, -5.223098126617163e-05
42.426023690031052, 9.3578180854762287, -0.00025330547288669145, -0.00075568423238321994
39.912787946392505, 9.9777590144254464, 0.00010654734233327191, -0.0001679302676652231
30.910579280592792, 9.1447676153911992, 0.00018402162536879254, -0.00093495473154628838
29.761683432970209, 8.5262959137833718, -0.00020253846815010279, -0.00077159590689828892
39.954447579099977, 9.758178054336609, -0.0002939667018449997, 0.00038913637272050788
34.524469103675713, 9.2776190467714024, -4.3969688696065917e-06, 0.00014678421307708938
49.673777705230115, 7.5772741235050054, -0.00043581555038404995, -5.4052804527130283e-05
31.026719987571379, 10.007216476519059, 0.00048501558212135681, 0.00092233322890586172
42.386684183496492, 10.216853409155625, -0.00033963847421218267, -0.00036213028774074681
41.146182272444449, 9.8048922656113451, -6.5994921285708372e-05, 3.1533582931418452e-05
50.073428732358046, 7.5358145935020202, -3.8685622454626165e-05, -0.00026001903388534869
26.086245869227142, 3.3878768896597222, -0.00010020615921253489, 0.00017106308318270269
35.795830304539138, 9.2412079849738387, -0.00012212291111870973, -0.00067522507951864178
31.700283225027206, 7.9037069638413104, 7.6687484452280791e-06, 0.00016982929730161649
48.895310323020823, 8.3003859447592667, -3.2319747997306719e-05, 6.5048853540755061e-05
40.424284447142185, 10.001336299118373, -0.00056110128518199449, -0.00010044415520476841
26.785167816199287, 4.843801733738867, -4.1599539646950457e-05, 0.0002615763813566069
47.348240483334322, 8.7285366358853302, 0.00024493671098404558, -0.0002195830339518273
47.927650045285482, 7.8665022421195641, 0.00026270601552218735, -0.00050820779891263418
51.589105387293138, 6.2507792564569549, -0.00015931969239090071, -0.00034913059511846011
49.547547611859265, 8.8614982743117956, 0.00018435942372918384, 0.00011040062953253453
27.827866302546411, 3.9091492881104961, -9.0700270089555033e-05, -4.4506130920173916e-05
46.074375140869051, 9.0079917225146016, 9.3588369244967798e-05, 1.5055832459490676e-05
46.397087621607518, 8.1215470192679629, -0.0007092073309215431, -0.00040201641609600899
46.200861985397154, 9.4182168026241566, -0.00025153009965877242, 0.00029754489957401539
37.736121870786242, 9.6336816297784811, -0.00017694672874846599, 4.3367813451297112e-05
46.64220445662064, 8.7582923002223279, -7.8242075404195977e-05, -0.00081279301568092837
48.311249760123452, 8.1137669863604227, 0.00043968461232208797, -5.9294082554544315e-05
50.803497656840712, 7.2901264523752127, 6.0617274418644356e-05, -0.00014455375323870709
27.045511213816308, 6.1920682963694578, -0.0004001851761013715, -0.0004044252632382298
51.787252054030205, 6.7084801693008771, 0.00020906585602356139, 0.00038203690599360445
41.045022224342077, 9.9973725387293175, 7.2650156650154807e-05, -1.8697833093436336e-05
24.97542756324329, 3.0436327565824395, -0.00017496575915458296, -0.00019177458370914758
52.861542836742935, 5.4989769249889653, 1.5963633567806294e-05, -0.00039480684369099677
24.784384549376107, 3.9052682049468723, -0.00029434720210049582, 0.00016527565454318099
40.058404681339162, 10.08291678254961, -7.5813137635498133e-05, 0.00016820862986564452
35.549780175282933, 9.1541661912295087, 0.00029287824652750273, 0.00089654735311928873
56.11510024890913, 3.1105790768701054, -1.9231154231254212e-05, -0.0001362481594175575
47.832708655980156, 8.591057287069658, 5.2565727019854269e-06, 0.00062456040231652246
44.351419271866014, 9.8949702802383772, -9.7133902294692121e-05, 0.00018754737776321972
37.238043828684035, 9.645759741195171, -0.00026952021129913876, -0.00045639218227296058
47.371822573781735, 7.8410095777106728, 0.00022752656449338235, -0.00080738230845837076
48.775717375285403, 7.8217144136376051, -0.00039940894072409229, -0.00044202903423119956
42.872985245868165, 9.8490109712060239, 6.3639492488301867e-05, -0.00046274885270607163
48.847283240500168, 8.2030875847584106, 0.00016671362297651342, -0.0001689838574379972
49.21603218413302, 8.251424637944746, 2.1266384581876479e-05, 0.00032396421586384919
28.920978599707251, 6.0503320817803337, -9.7732587912660441e-05, -9.5312493864942714e-05
24.127962581519036, 2.5653646021417544, 0.0002009644806743523, 0.00016721945878510881
51.796676918000081, 6.5074916924357575, 0.00024790076937601034, -0.00016648217781548987
31.181374795262844, 8.2281985176778569, 0.00016702652721969756, 0.00022895445786711875
52.224455817160603, 6.2760363341504579, 0.00028811664961745894, 0.00011914477222545224
30.373243619979888, 6.4334359235853853, -8.3779755554270826e-05, 0.0001220399822893745
36.939864427369287, 9.7599094252683223, 6.5601822201041271e-05, 0.0002423394226325459
42.675776905946805, 9.3306339771882776, 0.00046284667922076057, 0.00086347713005535372
33.117562734243741, 9.6348650435548731, -0.00014279657493874645, -0.0009632996421326599
39.947216369680866, 9.9772064198424069, -0.00013682172499895548, 0.0002373166829535626
28.258281952324392, 3.9718140153257182, 3.745548425752091e-05, -7.0086113662447041e-05
51.342093794738574, 5.8551133821029655, -0.00056349287060010315, -0.00021455411811427413
23.982958357476019, 0.99021052130320697, -3.1352013810956692e-05, 7.2360814830202367e-05
27.248259872518346, 4.6940095069086194, -0.00016334340737342773, 0.00017510672568785582
52.969583316425414, 6.15483146939106, -0.0001622100140393, -0.0001134250344139842
30.095155541723617, 8.129711025615233, -0.00038868717091520888, 0.00026320766828103755
26.62981888585615, 4.1089603233522736, -6.5987370501858946e-05, -0.00022029174800064627
49.399559411418586, 7.3212783942012774, -0.00069071790218092023, 4.7125539119535629e-05
31.443798217936351, 7.5877609247046696, -0.00011757503342037809, -0.00016873803382650343
36.67416619959581, 10.091078092673174, 0.00021017394991713247, 0.00098248036242738952
53.138558843729378, 5.7309206509785975, 0.00026028851633860974, 2.3115904211856575e-05
50.486673247394229, 7.4609232038774627, -1.3079015223554628e-05, 2.5997403912891186e-05
41.412802314256979, 10.353768349587725, 6.1685358810063899e-05, -8.1901835240367159e-05
37.656117807894859, 10.898759179660788, -0.00032930292737807739, 0.001092866349684959
47.587269849637977, 8.4753786181654132, -0.00013651321995440113, 0.00032732255258276883
28.674361113863192, 7.1644217189539301, 0.00035818950146531363, -0.00014561920318937
25.84768017321186, 6.1552506311338169, -0.00057069957938449668, -6.3014580078656486e-05
31.535409526302175, 7.6742110996354791, 7.1438326154029893e-05, -0.00012069210464748213
45.228820193982337, 9.012047149300896, 0.00039444802645489295, 0.00071978381457128942
27.243332772550136, 7.1331238021009966, -0.0005159142422947637, -0.00019740071949096247
55.375461544930182, 2.8046974369225759, -0.00023664479484172658, 2.394822289692588e-05
31.005018191817356, 8.1905867765039648, -8.1974805874556606e-05, -0.00035450661558604171
31.878131834981946, 9.0444069730364731, 0.00078217063419632556, 0.00014759843343072556
30.441051652274389, 8.1563667798224575, -0.00034478592495958507, 0.00014108589470984454
38.09029897230262, 10.391287006046307, -0.00046772733542701974, -0.00048923994485785714
47.167290046855626, 8.7880010999800167, -0.00022547865987114236, -0.00030984766894595828
51.701996390194189, 5.711189386839262, 0.00048011632996103657, 0.0003776714895380955
28.998952994904851, 4.7911373675134472, 2.7620514089448047e-05, -5.8555193787311018e-05
29.796105551892186, 9.0615831825301267, -0.00018647630877970247, -0.00077000701355004505
40.405735209449567, 9.8356572957771942, -0.00045454102002810009, 0.00045334867223327215
37.14604310126483, 10.209091130153729, -0.00030644869999055924, 0.00084631019195250594
27.016627777446878, 2.4439432269049397, 6.7371520584740317e-05, 4.3597384418347607e-05
27.292305709584479, 4.4121892128174016, 4.7974490947650723e-05, -0.00013879024933654364
35.833464942612039, 10.447138676984972, -5.4654847207813109e-05, 8.7080399549931484e-05
56.571598671281706, 1.9133533838977081, 8.8177941406338375e-05, 1.059454699736648e-05
32.121920263094317, 8.6041048740010773, 2.6665756376765653e-05, 0.00075330277122543136
29.98909726039086, 5.5892167520453695, 3.3104596996247563e-05, 1.1578030094347819e-05
28.735906507327968, 7.6604855411997121, -0.00019314706347850976, -0.00083681758895870386
51.300036649873469, 6.7491947679155002, -5.6408785728097073e-05, 0.00016857386018699486
42.041429113441971, 9.1426841255664115, -0.00089428785591757196, 0.00033276979393652298
38.588687202601008, 9.8279197977614565, 0.00019453211054643401, 4.3567948299852324e-05
51.839287484139248, 7.2936758441819602, -6.5138341894365153e-05, 0.00011963469204682952
27.920894549875666, 2.6398968528587434, 1.4865523553097408e-05, -3.3843154970338436e-05
35.680716036006544, 10.382023236143398, 0.00078573841457469816, 0.00042171644299249575
32.888904637602053, 8.9557228555917003, -6.3762875437497332e-05, -0.0002288231014554479
50.410721537133334, 7.1988813163721179, 0.0003160456713963904, 9.9559961574101322e-05
34.546289482253947, 9.5704865841951818, -0.00085649958129058081, 0.0003001856872815018
29.288277427557716, 8.2022963670997253, 0.00025929472859091972, -0.00089415919152323765
27.058399056145191, 8.2124555726858581, -0.00073334446055541014, 9.49746738259507e-05
41.523093193459886, 10.007630085561491, -0.00024481210739168486, 0.00031132217361943399
51.2420765743434, 7.1001142719052277, 0.00010221932770248719, 0.00015846962630143284
28.808915521379731, 5.9681012939398865, 0.00014084873488639163, 9.9946764966870333e-05
45.831418410981222, 9.0616058198256191, 0.0003037799811836711, 3.1801650545337464e-05
55.83736390408432, 1.4930144483570631, 4.9191375117835242e-05, -0.00013580441494745051
48.634806100713583, 7.5412516570312791, 0.00031809099559585444, 0.00054362163186578484
51.412832513431553, 6.7185983023481191, 1.9348847791664872e-05, -0.00035844283471128549
44.991195319214754, 9.4293816279680716, 6.0091687413532168e-05, 0.00016284268316130924
45.386353394123965, 9.6431950844821408, -0.00028657728467689007, 0.00015384837897659449
42.340179992556308, 9.502408878695773, 5.2785032715827982e-05, 0.00068318312022818219
42.644974209947286, 10.169356047890956, -0.00013333589841639412, 0.00065568759469584385
40.680137971143601, 9.8073812222563674, 2.0278617477194419e-07, -4.5948655068743445e-05
40.818429613619088, 10.006568021971818, 0.00069333595147233864, -0.00017073496586215962
52.083687925476823, 6.0068272197328865, -0.00014459888190967464, 0.0003718554798861679
48.844063722103932, 7.7421057287994142, 0.00066088361481948809, -0.00047354813475237442
32.431703733084049, 8.7445780567129372, -0.00034719212579011939, 0.0001349599598829109
38.147732391583894, 10.107911676995037, -0.00061963503382250111, 6.2296957949782447e-05
43.255887494571624, 9.4501804093025257, 0.00099812764840715644, 0.00017106328881229889
40.894602424845019, 9.6855396986316773, -5.6124810085640895e-05, -0.00012237192270502496
25.101744307159837, 4.8307675355363537, 0.00036685320593320077, 5.2341784102836492e-05
33.792492915207404, 9.7120692703962668, 0.00028307306729327989, -0.00039834322607138465
48.06126062955552, 8.0142287627443842, 0.00032779180070660363, 0.00052827364473831526
36.419643916398208, 9.2360187106976408, -0.00068689043090751681, -0.00021166146369505827
31.068703285939129, 8.7873723707001083, 0.00051600118969744914, -0.00033018677744722753
45.745823045600602, 9.3312341391314888, -0.00015783965289568246, 0.00029170767213518767
25.612313161446952, 3.1332686924856881, -0.00012090931595806427, -0.00015164344798121798
52.487185900596245, 6.8011680784494235, 0.00010607858127385438, -7.1509667080348895e-05
38.99430390896876, 9.4079978701597682, -0.00044178069675344678, -0.00033680793505348289
54.704368453443379, 4.6817674293953804, -0.00024053966945348116, 1.4456334322268534e-05
42.854519198318258, 9.4178341468804891, 8.5460715537683682e-05, -4.4321821580557375e-05
24.366510596028856, 2.6964707123648357, 0.00013201444472213701, -0.00023094174643640346
53.367255936265401, 6.2072154950120755, -0.00010695942649276495, 0.00010667174331658399
29.543406141555966, 8.8996005725044203, 0.00072810112768172065, -0.00027441461997257431
33.334889137364456, 8.5940792618245041, 0.00014616519218548074, -1.0045719078010126e-05
50.737523062337139, 6.6179842610209763, -0.00010371799347328036, -0.00052890543013438295
28.647257427437378, 7.9804793714621365, -0.0005100145669596133, -0.00060664514403315959
41.086375374100662, 9.8388801925120486, 0.00055607057423977735, 0.00039584967678120973
44.306917223384168, 9.4991031938097557, -0.00011028758659759723, 3.9106539689661201e-05
52.730558294556623, 5.549173331799377, 0.00053077535080107887, -0.00011768208497764397
34.373929836519075, 10.168291614947405, 0.00097711014635665618, 0.00047591747291325333
55.606286628909849, 4.9224758509714981, -0.00018724595248156882, -0.00013374848373507442
31.799591787024617, 7.9660020038933546, 6.5623547124342649e-05, -7.244774506069274e-05
43.043762588406004, 9.6056078015065651, -0.00010827064099586986, -0.00053185913421186534
40.660374957588601, 9.9229476523875313, 0.00010283471677574364, 0.00046416975597532114
55.7647036470945, 1.9972731564566586, -0.00015046810851729924, -6.4456307604786553e-05
34.023814144109558, 10.852622451344185, 0.00089520385516184727, 0.00012857904449590794
51.223624717133532, 6.5587349723429682, -5.1458234407980637e-05, -0.00047268055144382805
28.706011258602526, 9.0410037769681502, 0.00053769047454335303, -0.00072332672992417594
28.636127711367969, 5.195911785909062, -3.2962008249360837e-05, -0.00013564238766253789
56.894920161441412, 1.619988947387585, -3.9739022431115979e-05, -1.9589394230473128e-05
56.24258342882505, 3.001970627879909, 1.2476204045338199e-06, 3.2981393013192785e-05
39.22336614435752, 9.9547237104389765, 0.00015762351490363318, 1.0399504361275605e-05
48.470743207465134, 8.7121480051193636, -7.0218318720463092e-05, 6.0067216839762162e-05
26.430412563304316, 5.1728762005162707, -0.00028105598424290934, -0.00018785650176994571
32.154225219426337, 9.5190103983817895, 0.00015701620097196981, -0.00086729575132919214
56.238231250597934, 2.0254105645719456, 1.5310784473119125e-05, -0.0001281566681512809
40.569948270079941, 9.7172845505063723, 0.00070198553845070408, 0.00073971021104478004
30.012558858704825, 14.575685627757602, -5.8896734037085543e-05, 0.00076960190775894122
38.89839552889854, 10.371555966389517, -8.1935917466477364e-05, -0.00037712177785570824
46.336076863878667, 9.0813694017858353, -0.00021358719545568752, -6.384022029959817e-05
36.983933253647983, 10.030562125856598, -0.00020214034031314424, 0.00026272168773604703
47.980528677523914, 8.5805970139241037, 0.00025969386753067097, 0.00011300095653113146
47.401034595471977, 8.7941500970732029, 1.3168571434302453e-05, 5.2814614983160059e-05
38.793053557242814, 9.8013543187286185, -0.00079309947688841083, -0.00030691497978129997
47.526976709363339, 8.1137684920256614, -0.00014362036132949569, -0.00044020931334927817
45.863361566127757, 9.3224804597412341, -0.00050889177097707507, 1.6739062168713123e-05
39.880135726345515, 10.108490177171694, -0.00058504478513293323, -8.5294215256377203e-05
34.750413954257013, 10.030121833126476, -0.00066421928202282986, -0.00058285062539475171
48.662533079798642, 7.5772453824105162, -0.00065557764060425266, 0.00049466696600905199
35.42705023566451, 10.413678653015122, -0.00041602244299315236, 0.00032119196012707254
46.475691997417783, 8.8118406920762027, -0.0001854769745623903, 0.00047752777319325633
37.883827611986028, 9.6912873591880864, -0.00011258321382995205, 1.0562030165278088e-05
30.326283239295449, 8.6375753944720497, -0.00018448647409928531, -0.0006935781245510776
40.721055459614611, 10.540222989094584, 0.00044258153722682059, -0.00041337888718118854
37.366266915161518, 9.4506012677278157, -9.1822535157902628e-05, -0.00072384380972735716
33.373847411584123, 8.2188861923737608, 0.00031845619485494257, 0.00020894834927947113
32.641677721579207, 8.2764368450581269, 0.00034611234590608658, 0.00022579849396643645
34.040686167529699, 10.242180453154621, -0.00020199306717323863, -0.00087023434636532011
36.914042374593684, 10.135990998427957, 0.0010574644925562457, 6.5254370248970908e-06
38.152659005403009, 9.8105590533993361, -4.4225146143389854e-05, 8.1136054989574828e-05
38.941421595252329, 10.10188250242768, 0.00015828615545707868, -0.00058798415685180005
30.300116093968104, 6.8483029224699159, 4.5359725583508353e-05, -0.00021543151791537175
25.561035474701328, 3.9153612902340358, 0.00018059482295666005, 0.00018318758528098564
40.242368766266786, 9.8389705972156634, -0.00034200453392477741, 0.00047942423932225152
33.853015024096045, 9.2543093947096402, 0.00063729222401595891, -0.00084708613511553783
27.817547862174099, 7.9732801558064352, -0.00076146241278190032, -0.00011895571404095495
42.838159909129068, 9.8766827495554086, -0.00054840288834580493, 0.00010251766634222362
43.257734990192617, 9.5377647623619755, -7.0764312360192713e-05, -0.00088042803937146469
33.902275484370918, 9.5951944792942836, 0.00029979899874024469, 0.00046863698755988188
44.291304550830709, 9.6907780408100717, 0.00035581828564595978, -5.1764302441462466e-05
39.171154500902261, 9.9068752777077638, 0.00062794107326556866, 0.0001640998952125272
45.459182212585922, 10.678837655419301, -0.00021203641632209179, 0.00011447499873095364
50.675988041330619, 6.456144518676119, -0.00059585476204041942, -0.00034943823503913386
32.759664287539287, 8.5518300758777741, 0.00012238129696057234, -6.2546227093487468e-05
48.7568268628185, 7.3756278353239235, -0.00064473071354113898, 0.00040124611823180544
40.070240654294984, 9.8192014642553165, 0.00045703243012307557, 0.00027120741337086584
35.315767464969149, 9.1969751772420612, -9.711548111810672e-05, 1.539574660668671e-05
49.968624938337229, 8.3262166222132024, 1.2355929323205823e-05, 0.00018455140623574085
47.69275084609378, 8.5778077488254212, 2.5429820050317277e-05, 0.00050959457869910983
38.153911892260943, 10.595727662674058, 0.00079827256556449112, -0.00027197966613351786
48.446757865656799, 7.5794325983020805, -0.00057224252114553584, 0.00052843453915091287
31.507694497121953, 7.8584603256289425, 0.00014982205217308405, -0.00021229691802936398
37.618062743887904, 9.9720023360803349, -1.7897260736535371e-05, -0.00043431386756326198
26.931138898084654, 4.0485714452695669, -8.9271746903198964e-05, -0.00015480856753486571
53.208109057177268, 5.2721462982031797, -0.00015140761471293238, 0.00031736535787765753
40.562464899250926, 9.2128805919983954, -0.00028126650733151947, -0.00060553819797388249
33.424843569449827, 8.5128768462141089, 4.1526453107241182e-05, -6.3081469351585295e-05
49.689048791579154, 7.7754607378046359, -0.00020134018061940555, -0.00010721255382383035
35.323713950237753, 9.3416498242714514, -0.00015966586988709494, 2.8077616752645105e-05
43.046988154728282, 8.9708411193749669, -0.00044473042599313411, -0.00012937320488014365
26.161908488189027, 5.2749880186480409, -0.00039037771247291407, 1.4297826524989549e-05
28.850059874984353, 8.5920476298737576, 0.00070843939967242867, 3.1625186401880465e-05
39.5666919341149, 10.066596582787009, -7.3756762148937619e-05, -2.3173594099219594e-05
46.880121921829065, 8.5904212351404734, 0.00049959696489660006, 0.00056501835815220389
54.398542260920308, 4.1294124905384599, 0.00025664997079150601, -0.0001068312729105558
50.788742617071115, 6.6375846524975195, 0.00041248894756657292, -0.0004321890115377055
54.504258505593242, 4.048780432338547, 4.9704053137800967e-05, -0.00031461808068785463
37.154456404051544, 10.092450914502868, 0.00034089967293589969, 0.00092940808203955912
44.765496545989137, 8.7669983399374907, 0.00038664099641953211, -0.00066128872831853743
32.697723641826876, 8.5089691250533548, -2.0348841049090218e-05, -8.7917133277101234e-05
29.972346608711003, 8.8023114188145577, -0.00060579790701944906, 0.0001321291716495214
32.990001038199871, 9.8239347773496064, 0.0010170548555713493, -7.7705196353562406e-06
30.4534717094329, 7.1773637172217084, -0.0001481079602169323, -0.00022634131380535753
28.000670689703352, 6.6229269514367388, -0.00019350674099316781, -0.00029271475887078746
32.760384107018304, 8.9399312972233709, 0.00016580126570135299, 0.0001806825433246826
31.574482292542879, 9.631812878811342, -0.00063047112128492239, -0.00076779395200677377
56.089631890833381, 2.4546489042003556, 9.3663099863797283e-06, 0.0001394808091024357
39.803650219673941, 10.389194494646061, 0.00040313229832464944, 0.00025578608706479958
38.891867888476703, 10.064092720010464, 4.5976603056149175e-05, -8.8163278564524044e-05
51.167253810197074, 6.7336670845075757, 6.7073363639190143e-05, -0.00046060103150076162
33.759640517077578, 9.1242350625214446, -1.0048434403929199e-05, 0.00047611944298917101
39.312346420478953, 9.8286728476607852, -0.00061295307182781535, 9.9119018936282336e-05
45.321384970931824, 8.3999749640261996, -0.00057953845748724849, 0.00034345120011173658
46.213103428896972, 8.8646380795841271, 0.00032328345637056769, 9.701239034113768e-05
34.572275183137506, 9.0832333919182329, 3.5967441379584828e-05, 2.4409798871517777e-06
50.531657632841707, 7.301527949332467, 0.00040848429735698872, 0.00031030534596206697
55.995915635253297, 2.1916426304815668, -0.00012835724617243883, 6.0444728903395737e-05
49.009354220796247, 7.6750806095113653, 0.00056891797127296576, 0.00019933754935342202
40.190982214174959, 9.8901801077640101, -9.1748758642206283e-05, -0.00019711522119185293
52.118172061764447, 6.4197760257583409, -5.8618730887461556e-05, 0.0001285339361317731
45.561771657252692, 9.6877303456616914, 8.6648400396653768e-05, -3.9999957761821262e-05
54.724644212705037, 3.9865771888422237, 0.00019367135786699173, -7.4391518679828606e-05
41.808526351384991, 9.9267170990725635, -7.6529020847657895e-05, -0.00012271612837756838
32.674935241188308, 8.5697044847513943, 3.8200494448754848e-05, 0.00017290091427840174
53.266760493787345, 5.0993933824968956, 0.00044278493261711374, -0.00017715166003924276
56.805554063512105, 1.4052364434888263, -2.3524036729438346e-05, 4.6624355985163418e-05
53.327925325729495, 4.7408165849945227, 0.00011716779182482298, -0.00045206405334285088
34.821926947601753, 9.6285664563586586, -0.0002558264811010485, 0.00021800748291902111
40.343863716585751, 10.452711999251036, -0.00036501443338802993, 0.00034287673164062812
28.528303754333724, 7.9416407581039898, 0.0006697221305260794, -6.3986042783682867e-05
46.280148319123676, 9.0798759734184422, -0.00027915177185890047, -3.3776184936863779e-05
31.467931757550378, 9.3163815568213568, -0.00021624594421479961, 0.00093473982522094818
48.465304842436232, 8.8844779337489665, -6.603501763455167e-05, -0.00044942600886302002
28.048825681303502, 4.3134463057113699, -8.7234047975740729e-05, -5.2502368039235528e-05
33.37635130741274, 9.9739616086631404, 0.00063310174284542478, 0.00071884836307857471
41.867886873498797, 9.9281168303321117, -0.00026947062650907434, -0.0002308273041701517
38.420869073230989, 10.318814235070754, -0.00011123139574493787, 0.0010308959897007649
39.435912536881574, 9.7281070736856794, 0.00031821756328330832, 0.00015986974516710666
46.575175139535432, 8.6028982692052232, -0.00023207589756695161, -0.00068854805957544037
35.688088638533806, 9.6663055752586011, -1.4650205628843285e-05, 0.00065401434006360658
55.623920225749899, 3.6561021461273748, -1.3651231642342249e-05, 0.00012528919314679229
44.58880831855538, 9.6119944736020955, -0.00014047021161076576, -7.506814946786714e-05
38.467902240316761, 9.4946258730973216, -0.00044025749474169433, -9.4260567012013888e-05
32.975841836427911, 9.1292711424585367, 0.00077928518746433605, -9.1550255052254886e-05
45.978466914075796, 8.5414151111472236, -0.00028991288011128731, -0.00037365577615021444
32.264278474484584, 10.676319023919767, -0.00022692350903448353, 0.0010144642137699239
53.059823701816207, 5.1016439691684905, 0.00032115261999318223, 0.00026661451734594503
49.793923667974497, 8.0190686864206615, -0.00073459104777413842, -0.00026918829272302416
48.688344919998208, 8.3581391971105869, 2.8009010332941072e-05, 4.8124301375503013e-05
29.285596711293167, 7.3697693310244334, -4.4498129806673683e-05, -0.00034735037918967918
56.282085186945281, 2.377533875540776, 4.0129907535858378e-06, 0.00011166607408701832
29.044949861440994, 6.2072424697271611, 0.00015134481767296323, 0.00019947484895233204
43.97901446687608, 9.7214502106838818, 1.8830531436565575e-05, 0.0002076938253843232
51.000980455625246, 7.5132682174171128, -0.0001027843618516186, -3.6685520289262342e-05
40.635935973608859, 9.9552131456087807, -9.5712709461716745e-05, 0.00027462450720643154
56.470687184147863, 3.0173384209119058, -7.1478627993244492e-05, -3.6962745653880088e-05
44.804312510932313, 9.2991303824587774, 0.00068431555116671189, -0.00032472820039401441
28.560469071743771, 7.0731840082036106, 0.0001438932517462946, -0.0004233665169884714
35.153285164149935, 9.3265212161018649, 0.00015107573676900713, 0.00017075090815341288
28.853525704103646, 6.480742447867593, -0.00025834250188004794, -0.00011676457079201936
33.76085173491429, 8.7634363486465929, 6.7704925386580082e-05, 0.00020778898515820567
40.781855646602892, 10.174362108955531, -0.000207965335418961, -0.00028877785829500174
45.022149958362377, 9.560708271985817, 2.4118449133142236e-05, 0.0003240965047497502
48.721067730236257, 8.0557886961319145, -0.00029632490457880714, 0.0007806867486651693
45.130557596644159, 9.1022452684456923, -0.00015446549601457713, -0.0005355686111047839
34.637202250776184, 9.5350145555064358, -0.00063631992181667127, 0.00018488350548867018
25.835524407703151, 4.5080588678038929, 0.00036301796366504835, -5.6921782693500696e-05
48.508002890038917, 8.0849912973146143, -3.4015269040591175e-05, -0.00072792125726174259
40.927276900858423, 10.009902503055084, -0.00049728170327045622, -0.00033478271876619814
31.777337426653073, 9.3774753807519033, -0.00035803458272394968, 0.00087776606277235533
39.518967879350349, 10.01820533238762, 0.00036946640208866807, 0.00064270469079403842
32.967811921506247, 9.7780699733201235, 0.00065355156184531901, 0.0006078326027033796
47.441288856964682, 8.6220572179700099, -0.00025499392235342933, -0.00044256095685875981
53.770331628453548, 4.8494114956335874, -0.00026015700537274403, -0.00016708699094771025
36.288999530786988, 9.7389458673674305, -0.00011164000283811514, 2.3073406303210959e-05
45.623141895281904, 9.1412759536231984, 0.00065464055045665666, -0.00017469755910924889
49.79663074216014, 7.5688966746194097, 0.00033354220841779299, -6.7029064748289248e-05
54.06042742752097, 4.0248234268269121, -6.6031126742825916e-05, -0.00038681942606446338
44.165644996122005, 9.4730219616455447, -0.00022837535115403259, 0.00022236708995697525
34.825127826893869, 9.8731265467320064, -0.00010945242864203667, -0.00030707490460086997
27.701175546851601, 9.8209207962151037, -0.00010123086405117389, -0.00026792428949233988
45.309341745729313, 9.1283730752246726, 0.00069100725117460726, 9.775866026237591e-05
45.612283291254947, 9.5540849750694896, 7.563783739731537e-05, -3.8840683629426486e-05
43.254906023298922, 9.9254255427275453, -0.00026283346263281094, -0.00031504673229029641
43.419750377036124, 9.0945084822976128, 0.00083450269582609389, -0.00042206157852325144
27.803103351970197, 8.0645299523123004, -0.00018495981081172495, -0.00076425705837653371
46.558747545766636, 8.5646747102451801, -0.00069217431513435724, 3.8329583159091971e-05
28.689312015921885, 6.1482746399653099, 4.8479212403579928e-05, -0.00024566767720145391
49.963855591848244, 7.8050247076357211, 9.7895234364041531e-05, -1.9007129075484235e-05
51.023023740981614, 7.107217939135781, 0.00043198038608807627, 0.0005034574912513262
43.025822640498163, 10.10444167898839, 0.00015409929373655593, 5.5952723041598466e-05
53.812952110981357, 5.4003348955259547, -5.1967726511295818e-05, 0.00021502155311572745
32.848258712667793, 8.4434699248982774, -3.0753887675511379e-05, -0.00013705815036901093
41.691443398039944, 9.9703876372140119, 0.0002689311770681031, -0.00073459183754656914
53.425951357697052, 5.4262308445859988, 0.00021590397899485156, 4.608771184061593e-07
33.618535539675221, 11.723956229390119, 0.00064975846858265158, 0.00018103314121174169
36.789264540281941, 10.052497000674487, -0.00054363287363959659, 0.00047069631267299513
26.15052805157449, 3.2291502951319462, -0.00010732577127228995, 0.00011194273106057053
41.4957426007282, 9.3614884624834627, 0.00071712131372855489, -0.00029650472012395732
32.913667215181974, 10.067991191124364, 0.00086423275360648759, -0.00050659059275875041
38.166333984527505, 9.7568309332093399, -0.00098611813647280118, -0.00015743133580123109
45.785643496926362, 8.208848645224025, -0.00022425497486317747, 0.00075649143134856817
51.052478699081668, 7.5075628291995091, 0.00027509249191954606, -9.341552357883742e-06
28.819413053401753, 7.8761075154366305, 0.00041224580880632491, -0.00043841615853250506
44.651507656768899, 9.0485918498237137, -0.00039722972500907592, -0.00040639064080669077
38.537068342771256, 9.4518325456923069, -0.00013421573583143303, 0.00020004279632141841
47.894007366716082, 7.7172768571083008, 0.00071963739974684182, 3.3165868455141153e-05
56.348917791185521, 2.3740359570119289, 0.00010212232797872946, 5.5650847878076238e-05
31.065328120774705, 7.8882644421066042, 0.00042569126500829148, 5.4705149217014049e-05
31.18227532497697, 10.032473006469354, -0.00084389411740731671, 0.00020413353654735234
31.41414709222224, 7.673371820523311, 0.00014238505783632053, -8.7094811689285395e-05
32.607683059541721, 8.8713587403508161, 0.00050562843463768114, -0.00058480509114247799
37.374416190101769, 10.064089510185958, -4.5691137960735277e-05, 0.0010524755144856988
48.687735970434737, 8.1199651551226264, 0.00014457842550768006, 0.00022797387863924041
48.445014163626503, 7.4445115092034104, 0.00069059997311172539, -0.00032100206450778169
29.88978099422712, 7.8943739323776843, -0.00017852733719604454, 0.00024843661039829614
39.525032619352203, 10.182077498905555, -0.00017581233666561397, -0.00019115242190435386
27.047040476518294, 2.8378521589013586, -8.8197968625782552e-05, 3.3817184592426012e-05
28.860415651549715, 4.5766842191748722, -4.8341989878556419e-05, 5.1641812914876123e-05
28.075486846334762, 1.3474066980244868, -3.7617130326752366e-06, 2.246546647138852e-05
45.767865595633836, 9.1341554614153644, -2.8332803200333095e-07, 4.1385712181572333e-05
25.497871682372299, 3.7631238667563847, 0.00016006745481925201, -0.00017476505444241451
56.309442356045622, 0.44638121444959489, -3.3750520437059836e-06, 3.7342001193093444e-05
54.035626676821053, 4.8752496067257525, -0.00015080273452018235, -0.00020692783196751165
37.657515082066851, 9.5660102293002574, -3.7388242078484213e-05, 1.7161237755030373e-06
47.543490712225505, 7.8602254204435695, -0.00046899179308142197, -0.00018342290306615596
38.206064255681653, 9.8212519493908506, 0.00014110659870246781, 0.00018791330092752354
40.277831093446139, 10.229256602020147, 0.0006715574124042152, -0.00043795315898465469
53.957584882299763, 4.868595611540468, -0.00025008091764059309, -0.00010602265522563252
31.323612498793434, 8.3635540869701668, 0.00012149472661673024, 0.00037112840698392342
29.31157233861116, 7.8902773575772329, -0.00047275441852924293, 0.00047166884312193133
28.219954900838058, 5.5468040308608808, 0.0001613004717051786, 4.658766484764093e-05
29.478461708254958, 6.745598714092873, -8.8948549043690452e-05, 0.00017951226135998181
53.978797940333941, 4.185284101800443, 0.0002044493199323992, 0.00033868641117903986
53.520122279020981, 4.7567809430265333, -0.00037401754908834915, 0.00023138022276831537
48.603543175009086, 8.3689566586727686, -0.00032187486414044734, -4.1212296047578123e-06
44.264515396002778, 9.0962652052498107, -0.00042037033666714521, -0.00089660259010636398
35.019424774698521, 9.3672782203681919, -0.00018360880254919982, 0.00032172713084223402
24.875302320311675, 4.3627909816035144, 0.0002619241161842485, -0.00042662769945408223
38.226015983143462, 9.9296909244199902, 0.00053814711430156571, 0.00028922209893355222
53.253223077021048, 6.3781414053396457, -3.009155925755887e-05, -7.1994974802223359e-05
28.660417275375842, 3.8990412595332318, 5.8339539514514415e-05, 1.7982533034527841e-05
42.638178564352145, 9.684265931194906, 1.7851913276582366e-05, 0.0002692069960997266
34.623359119856858, 9.599142555940178, -0.00019531200377282944, 0.0010279768274206985
38.252362928166342, 10.055497377125464, -0.00041517533789188455, 0.00014091091627099054
37.445529245160785, 9.5319169352158664, 0.00016005171755750975, 0.00046012121278516072
28.192296579040104, 7.2473130971828077, -0.00040179902258315458, 0.00055588830360259016
29.353079486165996, 6.9571278433208672, -0.00012000983965254162, 0.00024514402550051081
26.673349100016356, 2.6015435328860677, -7.1652001127838638e-05, -4.0769189655804227e-05
53.499416882329321, 4.8691823778272063, -0.0002284914925292981, 5.5760110798761355e-05
55.364199290554275, 2.6714817877597339, 0.00014447803129655535, -0.0001580159848797132
41.5238469992508, 9.8113845109546318, -0.00043767934030927952, 7.7796293694926545e-05
52.01886593321413, 6.3391894392662653, 0.0003515783637314986, 3.6345020391612978e-05
26.738246201972977, 4.6900268411434922, 0.0002180094006984368, -0.00013920684699900921
39.575464839415012, 9.9648390275910348, -0.00074446962225553095, 1.7627941267915593e-05
25.196918993037691, 6.1926805680774235, -0.00050001787482484208, 0.0004076166015899948
40.523777921339857, 10.502296420688969, -0.00094701598868128587, -1.2885872915656314e-05
46.887711582380568, 9.2274585359080792, 4.1199602473021799e-05, -0.00016882237997506259
41.34306205951389, 10.469259482880281, 4.405054370131265e-05, -3.1641433628784949e-05
42.372706865866967, 9.5357764491622721, 0.00018973096049527201, 8.4618839523191574e-05
55.030851079397287, 5.0564781457126227, 3.5975213452542134e-05, 4.4344691629505296e-05
37.848952527881401, 9.9851330298716707, -0.00010285193957969615, 0.00018138361767982425
25.943925975427884, 2.0358316388365298, 3.700530077532226e-05, -0.00013255982239962768
54.421251667839627, 4.0347438261345872, -0.00038834085914480753, -7.7206466231886667e-05
49.89190972275653, 7.3899882966521764, 0.00015543126497910662, 0.00040685173042720387
49.667423622140248, 7.5297190870525386, 0.00029888115694367006, -0.00065331119015741516
29.848976341581441, 6.6075346929119601, -0.00014522220464208521, 3.726133016568963e-05
27.795365079867839, 6.1279792669165829, -0.00020912254735220486, 0.00024027223828437371
53.018961849049049, 6.0623463190477658, 7.980307336719287e-07, -0.00018648877180580379
43.326284018254306, 10.03292746701892, 0.00032010443705891199, -0.00033616727704812783
31.07566678025972, 8.5688406066844962, 0.00049502727204092417, -0.00021606882462019532
38.053712169802203, 9.6972607306701981, -2.957709619311511e-05, 0.00010853527050662768
50.60144974299493, 7.7037764940956377, 0.00016896123628342051, -0.00021774156675136578
29.482237316651805, 5.8328775641827848, -1.3302405213900963e-06, -7.5540785612604293e-05
30.030553380445305, 8.165833327792738, 0.00067102811519635132, 0.0001015772708171225
46.495445291185895, 8.9563803736298837, -0.00022521902047514041, -0.00022476693516802258
50.664709769343197, 6.4636407568046259, 6.1873898509850732e-05, 0.00033799182762472705
44.857330914372064, 9.1653643369129263, 0.0006012738337988411, 0.00019099479762036241
33.466982772518548, 9.9234470838485791, 0.00085997220384394397, -0.00012398757670234968
43.168432167219038, 9.617144028799407, -8.1514836544568364e-05, -0.00012834029525838719
38.076003813037808, 10.221925023320276, 4.8477392422545078e-05, -0.00043635555780370479
25.967830602970597, 3.5734324733887433, 0.0001133534962762096, 0.00019184806758742643
31.765613885382397, 7.6938953699108046, 4.6194538241372078e-05, 2.5915018002417264e-05
47.572918685150164, 9.357113782225154, -7.0873420835778305e-05, -0.00023456705302229676
48.337740277127843, 8.8691944360933519, -0.00033968267650039564, -1.3030859652697867e-05
47.904592206113293, 8.4087375941395095, -0.00017227861422582173, -7.4443724522602522e-05
32.519993230089717, 8.139302876976128, -5.2204675919829107e-06, 7.4464394581134663e-05
31.995359173211405, 8.497808253002562, 2.8849547762020229e-05, -0.00025462949750263949
33.958400291581526, 9.8523727308839657, -0.00012065301588372138, -0.00050286896125582587
40.763486010481664, 10.011177810538053, -0.00017790510801989694, 0.00014977990109002148
39.883997957240709, 9.7904567292900992, 0.00059592180851232633, 0.00014176188561391905
45.559076448012711, 9.4579419335781925, -0.00025633187681524237, -0.00069363147451462345
49.376473377048015, 7.5847811107488328, 0.00043381900544803536, -0.00021240025028003564
54.17638597765739, 5.0734550427141096, 7.5347641549828462e-05, 1.7369933178037081e-05
42.924239434493032, 9.6613290253202155, -0.00051750659775907113, 2.1401006160492439e-05
33.977952934855828, 9.0647556694700526, -0.00027845247350654685, 0.00012362685790534474
53.040799297021834, 6.1140805797612563, -0.00016975922027467847, -2.6546637545882896e-06
43.670806892002531, 9.768607969456129, 0.00017290993725616085, 0.00035941992503975138
45.144184048485116, 9.6399599142773553, 0.00034893928626651238, 0.00072079570227787722
26.896939205044053, 2.8408395027018836, -9.2703673019869442e-06, -0.00013968627019711715
42.677335478999673, 10.070585076697657, -0.00033294855649582719, 0.0002926984979061893
35.414575135851194, 9.4976758075353942, 2.3771050329313006e-05, 4.9286268260322249e-05
47.067777326438964, 7.5479297712875768, 4.158440550979746e-05, -0.00080531493368594107
38.506258864913562, 9.5330988697501535, 0.00052112372446777382, -0.00092023162088195271
48.75140037073654, 8.0299908273934086, 0.00023907061060911926, 4.2453390620929554e-06
49.816407443030144, 6.4489513766912605, 0.0001698752981587675, 0.0006721797850298267
37.345268120790955, 10.023133559252029, 0.00023412305439931861, -3.2636189540555679e-05
51.952917960991428, 6.7697713442853802, -4.8071732319715571e-05, -0.00022373227308203724
35.271262307312213, 10.273252851468531, 0.00077000127936665251, -0.00066189649223767481
32.048466345797458, 8.4241406676270056, 0.0001983218381230111, -0.00011161324186789196
56.206607977077624, 3.7857894096463589, -1.3192059968709467e-05, 2.7600716303752715e-05
41.275839634629101, 10.116101889890951, 0.00020596475123228089, 0.00046209440529300773
49.557489852900716, 7.4060806098632472, -0.00018156315610304687, -0.00048418422206783192
27.809461446662418, 6.8213008457464275, -0.00046933664976353849, 0.00032821383553307263
51.827306124944201, 6.5138996990235514, 0.00029575472944692454, 9.211836592683331e-05
41.25409979914442, 9.6804411571902271, -0.00018831435588377693, -0.00047101546564514839
26.965632241255062, 2.1320122871481852, 5.5283226803313617e-05, 7.6941193874798127e-06
34.700405333451656, 9.3483566006444114, 1.0600610276967498e-06, -0.00013699086357226359
35.91311595151673, 10.301948213839214, 0.00070371291326075435, -0.00016264009981387272
47.001192043877623, 8.9900721648914903, 0.00028386377187638321, 0.00021849035448364299
40.328399538457425, 10.212809473496643, 0.00069004659648160297, -4.3661118892502703e-05
35.798928913742962, 10.20804122316772, 0.0003166297493806667, -0.00058162158510156588
30.450277533357028, 8.7039141814279279, -0.00056765559672095859, 0.00056095311051635106
45.84023903375288, 9.4021237176425156, 0.00018538092039729643, 5.2715316904583629e-05
31.456298295796255, 8.1793856327066266, 0.00019551998441189565, 0.00031306111981534531
49.905335166217718, 7.3239228950054924, 5.7175506509404406e-05, 0.00051107874812731963
52.24953681573767, 5.8702693405613102, -0.00051261962362031605, 0.00014518537911084958
44.695406302518393, 8.8562951870330924, -0.00036714739587369289, 0.00016780333927768717
32.896639215160157, 8.1893890120691744, 3.6007292503734862e-06, -7.2664835990063031e-05
55.075298353832977, 3.8765200992671831, -0.00015407907593181672, 5.9169451320328009e-05
24.906144566011225, 2.6472540921549248, -0.00025798778311406605, -1.4033491981855223e-05
44.128103497846084, 9.7628089957235566, 0.0002955341780235806, -0.00037416134603760728
52.515596911114116, 6.0725290300892683, -0.00031942084603232867, 2.4337735409821687e-05
52.414750824781969, 5.6049356167293833, 4.4057971675348715e-06, 0.00039222324537493557
31.337865060078727, 8.9841439018651368, -0.0004670302294593298, -2.7534967386916047e-05
36.012821525590262, 10.343612204840467, -0.0007322616606053804, -0.00047388792265672547
47.090167021513295, 7.8793953626530193, 0.00037260180495780079, -0.00078982536557824332
33.563927470517221, 9.0098783802632365, 0.00015074457254993855, 0.00015191345520789584
48.923618124655142, 8.2869769018086146, -0.0001029854472069351, 0.00010455156233647606
42.594018360421401, 9.8531414323299469, -0.00066147373187621468, -0.00017255406802122849
32.701746519082839, 8.5471840398339438, 0.00021354754143992479, -0.00033988988878661018
53.893129987485395, 5.0141083272394775, 1.9789946549221283e-05, 0.00025343640281389899
31.981002950307349, 9.1906890575160674, -0.00088764928847561873, 0.00030514399654985958
33.671817590085702, 10.230089756667581, 0.0006798094195936906, 0.00050051598369729592
44.869024945699444, 9.0430190592265181, 0.00090181122849010095, 2.2499137757455311e-05
35.039739308689036, 9.0186811887362541, 0.00023960263835653763, -0.00026177978101478048
41.567994987937354, 9.7689306628487333, 0.00014448322929782538, 0.00010954385075491949
54.60450996570529, 5.0073982545636548, 4.5819544802587459e-05, 5.4212344308619907e-05
36.373827943302118, 9.696507956156502, 0.00027798879041762031, -0.0001318931539149292
33.076596171738416, 9.5114887814348243, 0.00063492506941337581, -0.0001062687160958074
39.820674187234054, 10.480348415228443, -0.00070921617232978307, -0.00051338355797003775
45.865675380460189, 8.4951515023082571, 0.00077016663818469289, -8.6013318255307312e-05
34.439040648196062, 10.082576804634551, 0.00054257400143230771, -0.00096349795756726626
45.081539176949043, 9.3405428504139749, 0.00010264812342094723, -0.00055496042703235789
53.372772508036988, 5.9849412268843984, 3.7664028557990049e-05, 5.8136530167430973e-05
31.989421431227338, 9.8382055801908024, -0.00053926280090652707, -0.00079214284677878665
52.894452762113048, 5.8229314360204345, 0.00039303658827351484, 5.4548917964159581e-05
51.929703510109022, 5.7717956930524643, 0.00022367349028378926, -0.00037915965823824392
54.655500402720939, 2.911559354800441, -0.00028746585240472296, -0.00014780238523881694
33.938097761689249, 10.512463998353494, 2.5167716001552229e-05, 0.00070933857188757745
49.72987271563639, 7.2663929345172269, -0.00034835528830903963, 0.00036157561188634367
44.637156955113291, 9.6663113354913293, -9.3346726240538258e-05, -0.0001050923391403092
34.340497303163474, 9.5966319024587392, 0.0009268951106212324, -0.00013788110170025761
45.179769193811715, 9.2001054357680729, -0.00032526702499792529, 3.2818483004435564e-05
51.344027302139281, 5.8981292459708934, -0.00012763283488599595, 0.00056448867220372143
28.094564500647436, 1.4395103707769392, 7.7988993917282688e-06, -2.0691334297676899e-06
48.523424273799826, 8.4653026317264981, 0.00021577977891825022, 8.3701826365684693e-05
54.569938003291647, 4.2249502819133777, -0.00029013435416007247, 0.00016430814273471424
53.969624622219705, 5.0733171029247472, -0.00014765708989480502, 0.00012796666890344444
39.548801208564974, 9.7699783173077748, -1.4247523946432951e-06, 9.0258856570132155e-05
34.908918550617528, 9.7014718728104494, -1.5643673451992228e-06, -0.00070817974504218829
33.972997831300283, 9.0946596952164782, 0.0001873905031595371, 8.2371038140873355e-05
49.777790227440839, 7.7859861495087026, 1.056276927063176e-06, -0.00041213911839784107
52.148882274747379, 6.3623374828940831, 0.00010146539795106483, -0.00015327522954904454
34.212323898870551, 8.8449299289167236, 0.00023552012596619534, -8.9493178678931926e-05
38.525461217096094, 10.411088266729937, 0.00088716430246693146, 0.00041097354342810511
29.0680065536413, 8.3506349349432547, -0.00067321737976953108, -0.00045750177337865763
32.065191391477178, 9.8043459322854627, 0.00067524897502106674, -0.00057726154802107798
33.446674480121416, 10.169032483434023, -0.0010870625501688659, -5.0289073762338183e-05
30.240230843691233, 7.7070688415399502, 8.928286467582396e-05, 0.00024852242253191667
44.948648346990232, 9.4510759564651199, 4.919762584266122e-05, 0.00010031739890377158
37.483031821393133, 10.513583180004678, 0.00094763625353362353, -0.00037630635566657093
38.496491127307223, 9.2052786893631779, -0.00084717126179398175, 0.00032974575566976011
51.789286818080484, 6.2336660339524812, 3.2468470817902312e-05, -0.00025266595828946965
42.520430476950388, 9.477223972965918, 8.2383221011330412e-05, -8.1985204349380254e-05
55.092500332185132, 4.6700321697154052, 6.2293700836520241e-05, -5.8512515402133812e-05
50.066006783438411, 7.9269411315040665, 0.00028308955336587448, 7.3464446267253837e-05
37.677249625059133, 9.7375659216664427, -4.8085280414600751e-05, 4.4504930413806606e-05
30.813139237058149, 6.975999673128964, 5.0172931045320918e-05, -6.7054298186172516e-05
53.349180431440949, 5.8478779800932505, 9.4990186635970998e-05, 0.00011467004301857619
52.6357510378323, 5.382176209815829, -1.2949749052914416e-05, -0.0005614719768612822
50.383667730725826, 7.3267662873641832, -0.00021318707998944686, 0.00025934766742033888
38.988267448558702, 9.6411370083510217, 0.00097584677360376833, 0.00035730304458762553
38.42458881230079, 9.7997093995779885, 0.00074165792112965547, -4.1790063719446411e-05
26.736905411756386, 5.8213467929548841, -0.00020307495226336847, -0.00035903826689697712
34.554527325776156, 9.260660102486856, 4.896785419328126e-05, 8.9270996356308077e-05
51.138010374370531, 7.2565275923877905, 0.00013119090381883214, 6.7906589238954311e-05
52.826004413579653, 4.843558895554712, 0.0003755298271583114, -0.00032106454899885037
38.674336375496473, 10.426291054778817, 0.00015542278415194317, 0.000199565956854423
40.911715912556168, 9.6697140649493978, -0.00065579489377898801, 0.00062791895270905942
55.978131412991836, 1.9402707218127326, -2.5408021583541113e-06, 0.00010467496460290591
38.249881411291213, 10.129029686033975, 0.00061372459342601997, -0.00026218187845569577
40.024001618009713, 9.7585591436776049, 0.00051550314648091274, -0.00038060374626536377
45.67591250727434, 8.6013134278426762, -6.6679205947861564e-05, -0.00058548440604800939
41.031560738285762, 9.7132188417586267, 0.0008923792898491886, 0.00058390697387857005
34.555537707627501, 9.1820524885781687, -2.9659796246324966e-05, -9.2413248239691279e-05
47.531710691154657, 8.8013159105717733, -0.00035533709401846646, 0.00067150227993136892
47.681194241098346, 8.5794594846714745, 0.00050956200796918789, -0.00017316543233688602
30.210402394690785, 7.7830245611914792, -0.00026301499705342675, -5.5095687104919308e-05
53.694168412754038, 4.5337303510415374, 1.4054557583962955e-05, -0.00047148942938189073
56.125249308306891, 3.3596507502137691, 6.2782435796349429e-05, -1.4089934834230824e-05
34.909468067175318, 9.9509359172037328, 0.00059850689680044907, 7.1254308062536329e-05
34.353261217457472, 9.1237154980518831, 0.00022101633542912733, 0.00014243836700569349
48.625258273647297, 7.8116940769248089, -0.0003245597632830349, 0.00039944564212362479
40.900628685071183, 9.6830335231515043, -0.0003747764408966097, 0.00035008445208630661
48.471829117887559, 7.89120445221912, -0.00044221613931679182, -0.0006620773336146414
46.045206905876917, 10.028555614277924, 0.00013529916255147271, 8.172054072609271e-05
37.933792678178584, 9.7524307220124395, 0.00025521900175692902, 0.00050847446729138676
47.706852674042182, 8.6322159132907323, 0.00029640669073694072, -0.00031856496580098559
39.51446587091484, 10.081021800756199, 0.00083648495725534039, -0.00060746415578627987
39.796356560539081, 9.4748198005299376, 0.00092915239948359533, 8.5340979145755272e-05
23.824222143586908, 3.884929180376969, -0.00011256018720700941, 0.00040811407685722941
32.113147235764579, 8.0607704369128079, -5.7269927901455918e-05, -4.3073168374778732e-05
50.312149227798244, 7.1324180675293691, 0.00063426037334352026, -0.00011387313122198636
34.182211515498707, 10.069862168699103, 0.0010526433005074722, 0.00031046850127828006
51.291483101019843, 7.0372372016328697, 0.0002714255009154807, -0.00028058887436542367
56.744833956608829, 1.3561667046756396, 6.1588224733636832e-05, -4.989859051122991e-06
47.705283672447479, 8.5713346416394618, 8.2697408811643905e-05, -0.00019400442729307593
32.106390639224955, 9.4452737792531227, 0.00057238456433248027, 0.00033401407209825439
25.717268242541305, 4.6484034073716227, 2.8635023180971885e-05, -0.00045568057168712974
38.801595230198267, 10.068047393808436, 0.00013982198823224619, -0.00074706025063589617
35.591537214021088, 9.0335852455854351, -0.00046612493808856852, 0.00078049933106800193
41.244228001881325, 9.7483802831179727, -0.00047874489916791544, -0.00040904403446080293
31.035552156525206, 7.3110850009136188, 0.0001553219916980021, 4.5434976757212322e-05
41.442082912981505, 10.512084210233713, -0.00011112827539034219, -0.00066993364819077151
31.451526449272045, 9.2654648652449225, -0.0001788406902431905, 0.00084715948101052481
43.558661793588804, 9.2393690072376202, -0.00039396634830378131, 0.00017068377100259207
37.695160107354376, 9.62053531521987, 5.6286821984208776e-05, 0.00076855205073563567
36.278203657747923, 9.9013190427940465, -0.00041352816018989951, -7.5079402032302337e-05
32.597432159426738, 8.950031930514724, 0.00039420999430510312, -0.00035445537015616792
30.380659713663789, 8.0023189490453088, -0.00020070925363609586, 0.00028686161658704023
27.606192732929042, 3.9361967970007377, 1.4201718430157899e-05, 0.00012175586391231772
29.648785093798054, 9.1579637962208515, 0.00088202476007410502, 9.2141392571970859e-06
28.6739921926774, 5.4481353422947292, 0.00011358653513340545, 0.00015933177849797439
52.614325071670102, 5.6444671196206118, 0.00012169332031168888, 0.00040921456216536279
30.602714412650183, 7.0378805051909366, 2.1282194891124134e-05, 8.0377655634737683e-05
49.357738144093425, 7.2645602025045228, 0.00043460486798337631, 0.00026210981336110319
28.643413436873157, 5.4498281622876146, -0.00010452428727245695, 0.0001441879727013144
34.41062940814637, 9.214843418581518, 0.000152216259764342, -0.00054664940463981684
41.556863549430844, 9.2627369271991267, -0.00078420792176694194, -6.8168148895229888e-05
30.279316979969941, 7.9480563973840717, -0.00029982702222831371, -0.00027321497358093888
32.809775466777928, 9.8928240156890492, -0.00096760427258237957, 0.00019956045041329495
40.949392838130038, 9.8258546376876197, 0.00021346392330392667, 4.2274054337165601e-05
45.640571515551741, 9.0463405518361295, 0.0001899814332929297, -0.00066005984838897762
40.548611389285391, 9.5082277076397279, -0.00042647940079837637, -0.00014395266502013397
29.783811400165639, 8.0494024240550974, 7.0314933620802309e-05, 0.00039932498984171928
43.134574973626883, 9.3643074426140416, 0.00058389052187733214, 0.00021162323899771572
28.495384664247329, 5.4221984464915476, 8.4122351864605979e-05, 9.4889222259216503e-05
40.004898682235272, 9.674296812839744, 8.2320373499529642e-05, 0.0006307741425102811
54.919944142656696, 4.5463994728433885, 8.3884080271762556e-05, -0.00020234727439504452
41.663305197687244, 9.4340878044686267, 0.00016863003954090973, 0.00065128611973121089
38.259716713948755, 10.169207468756433, -0.00089095370655375853, 0.00018407316203454245
29.563042031433667, 5.585693448282135, 6.4693830824979424e-05, 2.4078396717062788e-05
52.157692359229749, 6.2004909685871441, -0.0001803143803675718, -0.00027449108537139965
30.728367630842509, 7.721859154954509, -0.00020374131779262412, -2.5318770974985307e-05
40.771746827143325, 10.018065700794914, -0.00053139303369906948, -0.00040635686788119743
30.443197061613596, 8.609416330681837, 0.00028573171095649626, 0.00086765743471534963
39.379776506998383, 10.0920316436842, -0.00018546724011544769, 0.00066017223544528924
33.593053102702221, 8.9760266477616728, 0.00095921497436407478, -0.00023507202523211768
28.730823838578267, 7.3630178408714473, 0.00027809971120433498, -0.00026164365867367007
41.321265088631186, 10.117373900796261, -0.00026530184488007949, -5.1720107962956323e-05
34.657317164665109, 10.892481356771063, -0.00039722809671519435, 0.0010850517260837301
52.124767714698244, 5.6468184950087528, -9.1348493495331019e-05, -0.0005182078074510661
49.292399639307369, 7.5540009812283468, 0.00055231093519983302, -0.00053882290951730359
45.802148669454475, 8.8194411725867834, -0.00012712762223475595, 0.00079112905560360398
54.17498755900818, 4.1622512859709984, 0.00019934983755520862, 0.00023635246181955173
46.805103433083708, 8.856044055346759, 0.00021091467822355705, -7.4465452567147196e-05
37.696637122668257, 10.111853760219391, 0.00047911067744241525, 0.00077030798271468255
27.862305951279446, 7.8988825979615083, -0.00064858859086551382, 0.00059167736839480336
39.308006047697852, 9.2987116179951013, -0.00025781928030386389, 0.00086327063604915699
35.078808535538904, 10.114060178934306, -0.00036147007535755388, 0.00063152424944364798
48.986679912104435, 8.3181209992221685, -3.055971028296343e-05, -0.00012880708314158445
49.497770486775508, 7.3695285670004376, 0.00033233261107293587, -8.2837123999366459e-05
38.653863589691426, 9.9290311275382859, 0.00046595007069676634, 0.00095317023810421271
36.561481645683386, 9.6672648973155741, 0.00037621877978582342, -0.00058049864675068874
26.821770596303779, 6.7535591348743855, 0.00048049198651465891, -0.00042419083801562772
49.030911035889822, 8.4772712917115065, -0.00023623391797921638, -0.00023696136736119059
39.943855209705525, 10.61853900607392, 0.00017155942192210834, 0.00019177915566451627
39.810483196017891, 9.6259158950549431, -3.106988097892599e-05, -3.7752071959634879e-05
54.324786879773171, 5.6411208737754928, -0.00012772347821086289, 5.7391106412572411e-05
56.150454310036544, 2.5025628321292488, 1.1299187574495248e-06, 0.00014281118663945759
35.772818884942232, 10.047240291388581, -0.00043395583619199225, -0.00093567182763795492
30.137657143089644, 7.8512942605613638, 0.00028275910827819278, 0.00025860135715580429
54.549516841987305, 3.8781473291858215, 2.4795944783638279e-05, -0.00025496162396244232
53.708011648719967, 4.7655573737694459, 7.43482291378019e-05, -0.00034703657319844097
47.064116375336958, 7.7658866784830449, 0.000468230174300731, -0.00045898491936142548
42.325798987794975, 9.3822697316910801, -0.00062671488962954918, 0.00054033545650250829
43.051220483214124, 9.7757646791357793, -0.00053266303955913879, 0.00021931358688047161
54.246450930278016, 3.9917096172618458, -0.00035254446799116935, 2.8675943489780429e-05
40.058677664598662, 9.8936462987069991, 8.5016810350072865e-05, -0.0010754830498350488
53.15105910643512, 5.4740247521797905, -0.00012254610153543906, 0.00015761365575509633
31.495151724992336, 9.1807221301061386, 0.0004110684861522967, -0.00077721852222215309
40.324236563246636, 9.8144643472635558, -0.00033083896269730313, -0.00055771059961673799
49.892342315467921, 6.8496884936795626, 0.00065256214432685481, 0.00031208135568682995
32.118200208343204, 8.7015138811183004, 8.3218938708379042e-05, -2.5683653022515573e-05
44.279709338686359, 9.5120339169283934, -0.00020947985876553377, 0.00036402921358613856
32.512238977245701, 9.3598054066872347, 0.00028649909555051293, -0.00087623318821436838
34.353143015541775, 9.1495542687376386, 2.6951480714491009e-06, -0.00015435042787091322
26.714603969689097, 5.865458807849425, 0.00032398810575890434, 0.00017528954272247066
53.16135097393213, 5.1922863826830401, 0.00035464333413144731, 0.00028094784939289275
32.453415443621253, 7.7333637532259782, -5.3516705771930658e-05, 8.2380087259647222e-06
47.315808887279076, 8.9067979303060785, -0.00015977495261949932, 1.426270920812647e-06
53.776277809139479, 6.047336193614921, -9.8480151393766344e-05, -2.6074853122305128e-05
38.036109624391173, 9.6014898634634189, 0.0001116553572224829, 9.054363014557708e-05
46.6926200972459, 9.1065387135400933, 7.1386669375668877e-05, -7.0143978148063939e-05
33.218030278901281, 8.5487749086685199, -4.8838014974236263e-05, 5.7417974028899281e-05
23.275255565128742, 1.1859296652684204, 6.1721933037757896e-05, -6.2602269391160849e-05
31.041267735478282, 8.1445330430892238, 0.00034265073348123761, 0.00027712883000181459
50.040737708769477, 8.5481924759024022, -0.00020874762890074906, 2.7059301809263273e-05
32.453073153318542, 8.2353742736402218, 3.0123273129036884e-05, -0.00024068025604523943
32.193001913102719, 9.4734378729895266, 0.00073590267278324489, -0.00062167499024770134
46.727150814163977, 9.0981645307480452, -2.6173651686602182e-05, -1.7126409341736565e-05
29.866046224167484, 6.7402759358413089, -0.00018802262744257352, 5.1358492522216789e-05
56.47284520324493, 3.2847028880215396, -1.2888068314038783e-05, -3.0685435297404433e-05
46.762735619959386, 8.3987317937386958, -0.00035641518088888943, -0.00040791872628186023
26.707316944642152, 4.0049096061360379, 0.00021519203253600553, -1.3561525388713164e-05
53.689574408323665, 4.8909640133673777, -0.00030475143123443686, 0.00018977763745718618
41.070747874385738, 9.9867409318264766, 0.00028263084279262814, 0.00038280943763308164
25.223248101145924, 4.7746997961842998, 0.00029585572065803643, 0.00026247098466458213
34.624416132286406, 9.3469651756863144, -6.1701139196968077e-05, 0.00040655840706316384
50.052863853532209, 7.7815450196296183, 0.00033714251540119619, -0.00067278926577877683
37.203382825526766, 9.8352320535993911, 0.0004123378271083668, 1.7480829194958568e-05
36.423967033042828, 10.04165925156801, 0.00043902552219344474, 0.00010635571953581547
50.510718173043031, 6.7402689962467699, 0.00016586154265114147, 0.00054682539638162893
56.909254921283633, 2.713519127278837, -3.9900153546903271e-06, -1.5121254715678948e-05
33.804038002044926, 10.493944693829681, -0.0010680217010960154, 0.00013959686668764038
25.061927973056125, 4.4062303887037011, -5.2520742921282007e-05, -0.00029159800646202418
46.500769807345414, 9.9203642972361319, 1.960296317604866e-05, 8.3313244529296748e-05
38.282405389416766, 9.6376928683951615, -0.00034025837462052158, -0.00010429419194125387
35.909639230453017, 9.6595748023239398, -0.00010028569491458942, -0.00013744702144267149
42.208898410235214, 9.3904464214570247, 0.00044084924750495863, 0.00016190656587621735
51.857367930234233, 7.5535431481422046, -0.00011314335243893798, 8.7311315248089086e-05
30.51032235472972, 9.2903283370590035, -0.00024991579214787894, 0.00087285318255499471
39.977215853998835, 10.11101319481476, -0.0001585777705657254, -0.00013042109334381906
32.037280175736122, 8.6371369339088702, 0.00034122265622248344, 9.7610609139995412e-05
35.140477454136629, 9.3432728029741643, -0.00013248453407749877, -0.00022072374057022814
50.722262088593659, 6.3264157655549438, 0.00060471974686019281, -0.00016964889703873065
45.457553114296289, 8.5028834731909075, 0.0002098097164180249, -0.00082558118471297715
52.914117791249126, 5.3042743982330611, -0.00036233924698491721, 0.00027659507911827641
31.818512023848001, 9.5132199521255316, -0.00039945896679384485, -0.00069169778997016644
44.992991024123796, 9.3646330171593171, 5.9437409186612625e-06, -0.00015999192549736677
50.420172403572671, 7.1233754799309059, -1.8891197632513032e-05, 0.00054017548737199524
28.189613638218301, 3.4886647237502726, -2.435047386759006e-05, -6.9926153021078469e-05
34.83176645864522, 10.285848651298544, -6.9822011024990054e-05, 8.5256061228989487e-05
31.517386944245139, 8.1874147486596573, 0.0002166786477222773, 0.00012360739325770751
35.658194570880617, 10.230387180472739, 0.00028547099165394474, -0.0005290123820361663
35.424920746528436, 9.5052737801966067, 0.00046392125032733124, -0.0002095466561503474
32.965208288380893, 8.6168282686643121, 0.00012096754122207659, -3.0029614496458526e-05
33.075155406263242, 9.1922104710699148, -0.00041515376647871039, 0.00024948429473149177
56.886004592230542, 1.8791076602430834, -4.514119045008438e-05, -3.4143463134625073e-07
43.103224071650644, 9.8156533572691114, 0.00011127477446505593, 0.00010117554294325449
28.994116360759389, 6.6308957315781383, 0.00021767024210952757, -0.00021346794927315155
40.713208498960014, 9.5653763655383717, -0.00015513026092957451, 0.00035536693716963733
44.115048689932884, 9.0199317012195088, -0.00094214807068902296, 0.00012949786618834697
37.722152390168425, 9.703565339538974, 0.00021327350282143929, -0.00034592864846538692
39.250771168658211, 10.062485169594868, -0.0006498161987144428, 0.00029880884986972848
51.440720339582477, 6.1437728049235059, -0.00052313000324356884, 5.0232013316718384e-05
46.604226302916366, 8.2966639533780757, -0.00043220749924212615, 0.00044310009718849535
33.630152057315236, 9.3722902268342807, 0.00017086083961870797, -0.00075809263035012109
48.55326392538813, 8.0327996411409686, 0.00019356378478289972, -0.00057670012483779253
42.599061979569342, 9.5761292234469355, -0.000555848634487967, 0.00018649857758663366
41.846057295251136, 9.6896399281484822, 8.2027516562256829e-05, 0.00011118213807744136
45.134062606310842, 8.9029435657257903, 0.00044540011178967982, -0.00067383519653448532
42.9914424165638, 9.6618236117914478, 0.00029634309965953, 0.00022412756725732766
54.785178289839052, 4.6805624144130604, 0.00020594394421062829, 8.5604953037564044e-05
37.925261551054128, 9.5374158664021902, -0.00030356859842933445, 0.00095996034014166683
39.944977587413703, 9.7394252175287512, 0.00024848871975936978, 0.00038710557306011445
44.17707873489578, 9.5845631224521739, -3.9207014489256026e-05, -2.2908197714374425e-05
29.707846045827047, 9.105528209505346, 0.00087993592197178807, -0.00034571656634639495
34.707350640154061, 9.1976505107761124, 0.00015122276247430603, -8.0348310786543118e-07
28.885761203067492, 7.2747304105695978, 0.00028219166659968349, -0.00010297080065612107
29.475650330316231, 8.4047053262368205, 0.00048260961818578349, 0.00055210529563428452
35.83948771838007, 10.003582281912095, 0.00041997172906941914, 0.00056323085992271643
28.917360696112052, 6.9630943482587728, 0.00012134649984400881, -0.00015753915847027176
48.903817634766774, 7.4436443981334337, -0.00027189563910213859, -0.00069568395672701261
43.31323662389012, 9.5974837278242138, 4.7339458775244013e-05, 0.00028356852223723565
29.439514457307475, 6.6419261937299767, -0.00032258703452484744, 5.3257127373462752e-05
46.673066524946151, 9.444245824068723, -0.00033887975752970308, -0.00015821857214443384
36.03234088833765, 9.7160994820387554, 8.2103577875927038e-05, -0.00055620609291729263
45.612689466451371, 9.3601244638681873, -0.00020958616574843876, 0.00014661017833498429
48.641423094096204, 7.663611289430488, -0.00032353322774364966, 0.00024275697073782609
33.269130496090511, 9.1710749296186993, 3.5622319903509938e-05, -0.00040592825309731059
34.029142565293697, 9.1746681067590732, -1.1452978841355817e-05, -0.00015090631759532078
49.905440749109474, 6.8874915919826822, 0.00047172506871017648, -0.0004112155904878383
51.007739862220021, 7.3641052164097935, 9.6402807220703952e-05, -2.8274863357772597e-05
53.705623162530621, 5.204140895729644, -8.062960552666252e-05, 0.00013104579977883424
47.334727149788272, 8.9207578954929403, 0.00014210383106759298, -0.00052383661391992343
30.339567935198428, 6.7850710255569009, -6.9374933665290999e-05, -2.0798796138282449e-05
30.623909782055485, 8.4396629976781448, -0.00016498300357827456, 0.00090725485889355038
50.164410690441493, 7.2955579504573267, -0.00039748459695917966, -0.00019968208702586188
50.013953978407109, 7.7085217681907929, 7.1031092665059143e-05, 0.00015204343935017726
29.786613268563297, 8.6146885554899892, 0.00035459554770172862, -0.00049891525165574849
54.593253982073399, 4.784641466830343, -8.2846515671556399e-05, -0.00025116239462370527
43.379048868157689, 9.8496257032793118, 0.00051923492426304114, 0.000482878660645411
52.143874625767801, 5.7653220046929547, 6.2915872861107316e-05, -0.00035626840453922349
35.236026387427351, 9.900988190750569, -0.00069549995106211223, 0.0005333724245311116
35.770568821871365, 9.2962632465937034, 0.00021746981975046114, 0.00020263118471711144
40.458083147296939, 10.380194035387589, -0.00019181299190869377, 0.00042303035770816508
50.721711167516858, 6.8112883359966867, 2.6222041784573947e-05, 0.00045800134733109252
27.361855955032098, 7.3121386472119436, 0.00072219057352792399, 0.00014591991109243988
36.18322840443976, 10.337420534115195, 0.00089677104003976175, 3.0160845607637774e-05
54.303687158078183, 5.4588070763254688, -8.190938215881824e-05, -5.3345933387608169e-05
27.765550954804922, 6.5055042091793469, -2.5366064155010508e-05, 0.00019897748060183825
28.013353424220831, 7.4948419610905139, 0.00057119501489825595, 0.00054090872688299823
31.424829686491801, 9.7653023882479513, -0.00082920686827218113, 0.00063332805466617854
56.306623955840926, 1.5119895520306732, 6.6627667901871042e-05, -7.9164246757716626e-05
49.020679183062079, 7.2025663209755866, 0.00054572054002051406, 0.00033590258044723277
43.382050716529086, 9.5437343494998821, -3.9500015972580075e-05, 6.7510861872019468e-05
25.085963802948534, 4.4752792502721004, -0.00012896371778741903, -0.00037461398458803695
35.599189719767473, 10.973691323873688, -4.0533290521287271e-05, 0.00087588095758278205
49.683045370344956, 8.0185029325417414, -0.00016310843296378906, 1.4216865494951643e-05
32.118241018776487, 10.715204472030631, 0.00035134435513012292, 0.0010505125410438933
43.462400932631908, 9.0518982916677899, -0.00054070862479683275, -0.00083816774334954599
52.358555511634243, 6.0947178781036841, -0.0002605030168685179, 0.00027188316720573277
44.073863367010794, 9.5557618842074667, 0.00064506550368526267, -0.0003198357417700869
31.85535469092331, 8.606610182922525, -0.00013761134006382293, -0.00020296725305981567
25.268184914227039, 2.5237228553069939, 0.00013807074857389854, 6.908761065906483e-05
57.414236967509908, 1.5949280279378324, -5.6696802936254979e-06, -3.2586239409310799e-05
28.041392086046081, 5.160721762779267, -0.00015994761811454394, -2.5819872439904195e-06
48.299987406913644, 7.6841698088777362, 0.0002940909988494174, 0.00045704309714206606
28.980531749142521, 7.1253445970799936, -0.00020195385155435242, -0.00044914705720763766
39.310419839242819, 9.9423838608385466, -0.00018475483609566568, -0.00013523761615047655
46.88853698387738, 8.4794648532126171, 0.00039233255588295296, -0.00051739757277633662
23.973595119287626, 4.7706201429715938, 0.00035002880831921143, 0.00031691232924316846
38.600632069621447, 10.100793727823124, 1.3385768438051084e-05, -7.2796035421766701e-05
38.536360722403558, 9.7571937496302894, -0.00017335151290033372, 0.00014054300565225975
46.918927769719588, 8.1239629266906253, 0.00047533034823422758, -0.00071848593438877408
42.717436238492517, 9.4706944521747651, 9.875905306701974e-05, -0.00085874903341983224
42.48406734715185, 10.069419839775575, 7.0248609570057498e-05, -0.00039911946866009502
45.447688877144763, 8.9353594348472498, -0.0005279684372971428, 0.00027417486823557542
41.830384450146695, 9.6949461053173511, 0.00032269235069860933, 0.00011264697453042
50.068713849592463, 7.5298146813474363, -0.0002647522051535699, 0.00054159656357745129
38.726479890135387, 9.8768063028286779, -0.00074719834203412685, -0.00049468524322655231
39.900040613608262, 9.6591504980396721, -0.0001754259668973073, -0.00092254965373570798
32.511327585632287, 8.9173502945523424, 0.00031138775220373782, -0.00032669215373095137
34.387442558025363, 9.7361330173924063, 0.00025647363419895904, 0.00050830645433402248
50.746772436326012, 7.0710751115182049, 0.0001582901635131871, 0.00027729035828862058
54.828061871294828, 4.1445732735752756, -0.00021624841391091836, 0.00010101967151994431
38.45521010783915, 9.8565385216367645, -0.00015978073866147678, 0.00014498105810695195
52.246415965293245, 5.9958497633557108, 0.00023528225610207145, 0.0004624699869059224
52.150499438928271, 6.9499527502116631, 4.4488089070279145e-05, -7.636981874282919e-05
37.404800045406247, 10.130923580296239, 0.00013906289330607984, -0.00024196725348281289
43.6605513950377, 9.0747508176653984, -0.0007094811028608484, 0.00031335530797759018
41.752752511204648, 10.022731897656719, -0.00016350698303790276, -0.0001711147519212603
37.05527968195949, 10.139227450474666, -5.3028870470040965e-05, 0.00045711939367177874
43.073932389603044, 9.7811339052377413, 0.00038898712785594153, 0.00010700403644653133
33.531742946843138, 8.3594849417939141, 0.00012496386792949202, -0.00011558911120240723
37.711062545538553, 10.294536783016005, -0.00051286317373714068, 4.1975364449266234e-05
42.985409446095851, 9.0362384626465353, 2.6795381651821064e-05, -0.00022513114677695907
33.513704933540986, 9.7472705697466484, -0.00050195964527834991, 0.0006249313070216155
26.129386339542297, 5.7946357834455027, 0.00039506968530441256, -0.00027648619133756493
46.66710787960367, 8.3648883810948256, 0.00069121599404740387, -0.00034619436885258663
41.857632327960275, 9.9195374162075911, -0.00010460452395378948, -0.00018086702087834457
55.6254021110012, 2.2378226615108314, -0.00018551489935571917, -9.0008521407151128e-06
56.551759658310083, 1.8718277362345181, -6.263527552734306e-05, 7.6765713997858763e-05
36.726650111533175, 10.173976135759261, -3.4039504308862828e-05, -0.00024951864110869869
32.768827372450644, 9.077753693652129, -0.00025069051914625601, 9.9812844405630351e-05
33.795724341719783, 9.6245004802944489, 0.00046258316797793346, -0.00053854597247347184
26.317284526692312, 6.9073910367673506, 0.0006617547295854813, -0.00014827761848201472
40.888663963226577, 9.2895569417382582, 0.00016423454247445674, 0.00038471712001656171
43.940044570814734, 9.2592107189892427, -0.00020898426441183764, -0.00091796820641873011
28.265735315835254, 6.7998906462129156, 0.00044382797269649853, -1.3526447851694776e-05
28.174048216883005, 7.0385126947521117, 0.00038585392743334748, 0.00034184791907022931
45.497433317996268, 8.8936008705636311, -0.00033724559399327635, -0.00026788508033989184
25.569097456699655, 5.8137442430139821, -3.1477867239191827e-05, -0.00051083699854349732
49.003551956040766, 8.7619086427336228, -7.9128940753474679e-05, -3.3195133136170535e-05
28.482852884057724, 8.5888939115083645, -0.00049247309296351785, 0.00063479761242754367
44.216431199652384, 7.3706972308669743, 0.00031870550040936018, -3.8898919125996435e-05
50.324219244782604, 8.0682435118841109, 9.335936731136661e-05, -0.00022745002146406899
55.842931410666402, 3.050590432746783, -0.00016759846255937281, -4.6961436592979197e-05
54.647487167765007, 4.1522691810408219, 0.00021635939795873731, -0.00017599189944257976
46.527289990873122, 8.507647684676817, 0.00036012613877374038, -0.00030780938008222929
44.22911510741357, 9.0133410498502737, -0.0005664557176548882, 0.00029735436134219992
51.521954730073503, 6.2627432059967463, 0.00057920527733194133, 0.00018436349721593585
34.647084299238244, 9.4169772851801152, 0.00012010575933993027, -0.00015530636521877958
48.091827602156329, 8.0584788048799378, -4.1648494648446374e-05, 0.000784342384978593
39.956667330869834, 9.3720654273828181, -0.00079460651870523079, 0.00047746345936378639
35.033663027874212, 10.307074716241752, -0.00023288600486062849, -0.0010747621970311119
40.349335716927385, 10.221056739346158, -0.00021049264754047589, -0.00029284948147866545
26.529422602082814, 5.9903237614391776, -0.00022863281329985974, -0.00029930251092483292
30.418978339065735, 9.8868296689530286, 0.0008029254343198003, 0.00032794987327769773
39.325650957534883, 9.5254255489485722, -4.3450509405950496e-06, 0.00039726058038861551
31.443191111496258, 8.8167261440565898, 0.00016373134693373643, -0.00020923008030262431
39.063421212567576, 9.9269540368034548, -0.0009582612373610867, 5.4741443864096584e-05
31.44278936199208, 8.7885772853408106, 0.00034118936834914241, 0.00058229867209538897
35.41757403970702, 8.5947394982161995, 0.0005716845201167288, 0.00060128670135682844
30.141518641898152, 9.0661075549094257, -0.0008069227083570661, -0.00025731028460363993
32.925003677704261, 9.5680983249804772, -0.00048494731765129291, -0.00021287427599258027
42.960702081119038, 9.5716944319608341, -1.1672567456798926e-05, 0.00028541409205058759
26.327713430616868, 4.7311360290381845, 0.00017583265724051183, 9.1595294435069296e-05
49.572528825909764, 7.4567555533897369, -0.00017899801443322847, -0.00024048838900048237
44.430532458873429, 9.2176966181823534, 0.00021138391466966346, 0.00049638537235181606
35.56357589125777, 10.02453340073777, 0.00027261629514116096, 0.0010113859890566884
44.479575225901591, 8.627912228230505, -0.00027892622399250524, -0.00018302985857329931
29.218132389309357, 6.2808775740378771, -0.00013846999921988742, -0.0002247664770522214
34.082262121338083, 9.5995658031732951, -0.00043605545179927147, -0.00033786714075049882
40.866978221441414, 9.9897474248301741, -0.00049546450822867685, 0.0005961854970741485
32.433554202410761, 9.535276827444596, 0.00065286053694278787, 0.0003848708879193794
27.333683566751365, 6.3090641325947869, 0.00034530118572964993, -0.00045165273998672124
36.796891166718197, 9.5850368776430965, -0.00029641308922766148, -0.0010527673699287584
32.460076157749903, 7.8564580354663027, -3.3578306240611418e-05, 1.4245139454708081e-05
36.478881971393889, 9.6838290678160135, 0.00014610181738938962, 3.260445339560104e-05
49.136480829910617, 7.0793497519140107, -0.0006241026636926685, 0.00012225035237547907
46.764077385922349, 8.643215386084913, 0.00034791388721562897, 5.3518938701433673e-05
49.580097668977629, 7.9233991705177447, 0.0003194758285664849, 2.324942944646816e-05
47.154401048202232, 8.0305986443991149, 0.0003415250656520087, 0.00071288406617329417
46.949424888497383, 8.5594502547092262, -0.00053840407760693968, -0.00056929537121253526
38.662838088953016, 9.9696493230608123, 0.0001321764726555668, 0.00031140443788476462
49.361827750700371, 7.8737651270085722, 0.00026323589323341942, -0.00014292001360890236
31.665070580441427, 8.5877741266329721, 0.00070961300607309775, -0.000191619774062296
54.206712508626957, 3.8538033567830277, -4.569308644902317e-05, 0.00033358911779680288
49.684577818061619, 7.1435383700765271, -0.00049416165566756171, 0.00057537650390770837
56.20231937062465, 2.1301407015897369, -5.6970516056512436e-05, -0.00013235197367043514
44.405503619543765, 8.7017095209351893, -5.1390166938837117e-05, 0.00033514112007909679
40.96077706210535, 10.322642022089639, -0.00044479970711277768, -0.00024760296382357751
35.813597167987588, 9.702044324327451, 0.00039882827133952599, 0.00028052495629467364
44.712456840247313, 9.4344125419619669, 0.00031303605654448973, -0.00020181448073075539
56.751847387488375, 2.5995176223990328, -1.9478676424679011e-05, 1.9033331237213885e-05
53.785513198875137, 4.7345958025657504, 0.00025144360066658116, -0.00030631562475366919
30.204891152590797, 9.087925549276175, -0.0005635093322120811, -0.00064330769222408185
53.20570273044423, 6.1691875203354902, 3.5539872771174125e-05, 4.9705156840462288e-05
48.68780944427521, 7.8350390541664723, 0.00043990580624684569, 0.00031490927476819408
47.650950884246093, 8.3732344893597759, -0.00039641638737849801, -0.00022360649281806004
46.877641037875556, 8.8945572269459134, -7.7937533595098956e-05, 0.00015955966487788472
50.112922678125621, 7.4124016244019089, 0.00011633990363916336, 0.00059007359873956757
45.566452182404888, 8.4002789584479967, 0.00026633924276188062, -0.00092407548479620742
45.879744143154447, 8.7455811615064611, 0.00043335942283610665, -5.687644490038017e-05
33.10079773046688, 8.4936203781438415, -0.00010185766972734986, 4.6394247815600475e-05
27.175124815054581, 2.6271847243092843, 4.3036218013336523e-05, 9.7048312523066328e-05
31.90678928708946, 8.3510153438966199, -0.00014041498196925339, -0.00019271962927709449
45.31562051242377, 9.3853010453148169, 0.00035002014644815036, -0.00021737146528778432
28.190055497135177, 7.8441611696984248, -0.00075803592861623155, -0.00037250526498950541
39.941263043449617, 9.8234800503255357, 0.00042788237488843066, -0.00031883080631879177
53.544664689881181, 4.9868614755539964, 0.00032964365572570666, -0.0002443601005507659
37.369071392878993, 10.012083212289253, -2.3390117745848443e-05, 0.00047568661170128892
33.360248497274547, 8.2363827000540599, -3.8258395748526491e-05, 5.3438809932000596e-06
44.011737479568716, 8.8759022547737416, 9.1716861617453482e-06, -0.00098676333327001584
37.557750649733748, 9.4824131784230605, -0.00043198543536703574, -4.2358284854289052e-05
45.208926420168801, 8.2126487055333328, 0.00081521744088342821, -0.00030829420321518142
55.617910795885692, 2.4701024311093995, -9.7947107955919082e-05, -0.00015984553090909461
47.515185248150665, 7.9455793635177807, -0.00042214462788191644, -0.00069131291504317006
31.49971536831454, 7.376515447848683, 2.2966937034041051e-05, 2.8345402030895259e-05
42.426090812756016, 9.9539281035842393, -1.5377178346203306e-05, -0.0008314233998954133
44.089522784217721, 8.467666456492891, 0.00086163079156486493, 0.00038005991378531215
45.910324403415196, 8.7586099839477747, -0.00084598258112892895, -0.00023602985442224223
36.489376920470995, 10.015033546334218, -0.00034295710377100428, 0.0008655902523387603
40.46447323825678, 10.005886779096338, -7.7011655383097779e-05, -0.00037359635457029708
40.934745976661368, 10.170792330166192, 3.6755869116697444e-05, 5.2447073679421723e-05
44.470995351729648, 8.7028561942328313, 0.00073023621760663702, 0.0005581468874636897
34.438907648758907, 9.3891007406282778, -0.00024770175931541178, -0.00022634389864297115
35.594244226884413, 9.550130358011403, 5.7419695508713881e-05, 6.4445489784908271e-06
25.095176899730134, 4.6407041906843585, 0.00019838495948094889, -0.00030630937583466097
57.138357838640125, 2.0001857268626808, -2.2197701311211698e-05, -1.3307142169375413e-05
26.437609677659879, 6.0174734953426325, -0.00029095037571334379, 0.00039386228175515179
38.563138397442259, 10.087749663798423, 0.00092920655092665165, 0.00034888449314503337
29.741572774849249, 6.9114164293136229, -0.00050631218977216952, -0.00011976417339856672
41.218234209957402, 10.144839485439384, -0.00062957614294231604, -0.00030665784483470442
29.716958236115904, 8.1074926857103495, -0.00019916125164926935, 0.0006168965069885357
47.094141814845671, 8.7859246036351131, 0.00025183258983312745, 5.2240660371605937e-05
29.310150235281085, 5.7087160998007791, 9.9982419773091547e-06, -8.4995972055821925e-05
34.634749446737004, 9.5185503573826544, -0.00027937829837467837, 8.7055317797738577e-05
29.170265176978319, 7.0783831343668808, -0.00022048877906693463, 0.00036436583882164562
46.145609390174215, 9.1681003147934597, 0.00019337144501495174, -0.00053130322484362419
48.86456709792872, 8.2705644397036426, 3.7270336688875375e-05, -0.00031704424694171403
43.636928101543056, 9.3315547707676973, -0.00086062802717885227, -0.00020579262777242031
37.56029342631885, 9.9115658312786437, 0.00030942033456745743, 0.00029343937647427541
32.155811336650963, 9.3350227765096818, 0.00014916622049753031, 0.00066198668633840379
27.828216432763661, 3.875195277055222, -5.0162937446991268e-05, 8.0675566446231591e-05
48.201111636769795, 7.960060739868573, -0.0002725435554138772, -0.00030392755282080574
37.982247984691718, 9.7477857116164373, -0.00076618521730967227, 0.00019280490172940331
25.212847696231588, 2.1302403924769746, -0.0001005262866033687, -0.00011741520314271894
57.439221201007321, 0.63593715278934881, 2.6175980228421435e-05, 1.4476622378590834e-05
44.82485572245718, 8.7517275788577589, 0.00048322581832021947, -4.5337643682237014e-06
44.368361593473075, 9.5766994135061605, -0.00059525176868842702, -3.8189152457591348e-05
44.129287926945658, 9.3840957175575248, 5.7229725483718426e-05, -9.791090077735713e-07
26.29903810545499, 4.7273387124534052, 0.00027490156427548921, 4.7478389868328229e-05
54.730732536208144, 3.4020617781574538, 0.00033227054587492882, -0.00010935339637944032
38.481792732180189, 10.102233799536585, -3.0069440421655532e-05, -5.631731978624458e-05
47.18769382688965, 8.928821931624304, 4.4869587277658299e-06, -6.1976352529345346e-05
36.274062435340994, 9.8515824523838251, -0.00015829905256843434, 0.0002004671757898979
38.140738833615075, 9.6537473210866338, 0.00029361463118792044, -0.00035406865024103872
41.411054224196505, 9.9353931060145193, -0.00038156488063870175, 7.0963562986416456e-05
46.493924146437273, 8.4414120305929146, -0.00061029991779621741, 0.00027023996925654376
33.626886367148032, 9.9809376710647761, 0.00012684547403680289, 0.00038968543405123324
28.51347140513499, 7.0083006845558424, 8.4591418158197606e-05, 0.00032206075849810578
44.521069390263008, 8.7338295332127487, -0.00086815845894192912, -0.00035944488971779661
30.007565639643161, 8.8865772770155331, 0.00021586963238298155, 0.00090695903487879683
28.682881439122028, 8.2823969170572553, -0.0006849006146730321, -0.00041679491662205333
55.918888037265802, 3.4290114499976907, -0.00010032467063313229, 1.7045392446478157e-05
29.7229065313836, 6.7165578074886279, 0.0002176282636193968, -7.2666873560882971e-05
47.577434988630095, 8.4992654362012381, -6.2959647282552595e-05, 8.6922360493906484e-06
29.506732554754141, 8.2486385837810712, 0.0004375075104164442, 0.00039963854092479292
37.785781861138858, 9.3474544157776105, 3.8684063926876802e-06, 5.3698639093279545e-05
35.264093226993396, 10.297479779570789, 0.00042332997228166085, 0.00078979886589184128
51.813021478577753, 7.2777018584676183, -0.0001007047249297514, -1.4522534915702938e-05
48.38528867052424, 8.7381897781754105, -0.00021254121589728224, -0.00027630553613890223
49.009774545612224, 8.1270673054015266, 0.00018413817160264456, 0.00031976715761843815
35.767007755608532, 10.313976344746136, -0.00030125370531021504, -0.00087814487630843313
52.995433978392391, 6.1732648173461264, -0.00024544430736951638, -6.0978762226697685e-05
42.970949945064042, 9.7698705814859519, 0.0005774022485226588, -0.00048846321547523115
39.490706050184841, 9.8729219797486856, 0.00066149500350299749, -0.00066544476195076491
49.507473163947687, 8.1050996258542778, 0.00018326564684554479, 0.00016343757808895884
39.141437459927324, 9.838423418951729, -0.00047753989992550057, -0.00088297640640598162
51.188819623879411, 6.7140188078730212, 0.00038512235728380362, 0.00031286942223051695
25.572884443012679, 5.7285184784569614, -0.000585221092690108, 0.00018848223802458208
40.43720617248006, 9.9509546844700392, -0.00033679731644214105, -0.00033058724869833409
55.497323127816145, 3.9885272174586577, 6.8049632743661244e-05, -6.2844111640152021e-05
31.541668415360512, 8.9528798566102346, 6.4339031402447586e-05, 0.00039756640665613132
36.511890807017245, 9.4446886726004458, -0.00026398668720901053, -0.00042751755881925084
44.55951272517909, 9.3811774175386606, 0.00087871589764549967, 0.00045686408381047047
44.81856856617852, 8.2795758488739786, -0.00094681289382846253, 2.915090528001042e-05
55.46075871720199, 4.202744225173884, 4.35649193006438e-05, 0.0001105508159715793
26.862765287939688, 5.6412489279886051, -0.00046679254846393746, 0.00012141701754840418
31.779684357203585, 9.1381377244664552, 0.0005759296548524974, -0.00028310642715203134
53.312671294580987, 6.3088103064773078, -8.2961159236124321e-05, 9.4851894697385152e-05
38.019161636765318, 10.074487051757625, -0.00025132702506260924, -9.883353408436943e-05
40.043465290101942, 10.021176406814346, 0.00033403304571896921, -0.00058406437803898404
27.167811400780064, 4.709413123962956, 7.4859317889620737e-05, -0.00014121698540125812
26.352481254276732, 6.2754076570312085, 0.00050927561194690613, -0.00030387408882510969
51.245212640885157, 6.9315883851660338, -3.2851340335177546e-06, -6.8351293600644649e-06
27.131374632552529, 4.9134500919463058, -0.00016884586022846191, 0.00017208279863960161
32.094822167194529, 9.4591073152045837, 0.00015778387679132589, -0.00083780225941384101
39.867662903631718, 9.9197513720606079, 0.00021923381192982233, 0.00019711599436170597
46.573477384382493, 7.8602158846827681, 0.00036153256308989233, 0.00031140694235480407
25.810164677786808, 6.9125214413843192, -0.00049513929912875401, -0.00050296962437792233
50.124343583731317, 6.7809596950308295, 0.00023360928183956619, -0.00062522014681425813
48.038572822891233, 7.4837337711292484, 0.00051464238783231102, 0.00066250006126562799
26.062026547050891, 3.3213931449220864, 0.00016638183976427264, -4.7740699778307607e-05
44.267811809411072, 9.2432378784514491, -0.00024251000197127141, -0.00016230116632030993
49.699544767053418, 8.1688437956254152, -7.399976349721816e-05, -6.1105390595344417e-05
38.775415969457427, 10.177496385327824, 0.00030144508531145892, -0.00017508143587053923
31.009086741969572, 8.9246558742624114, 0.00043022738598039981, -0.00031436877782583974
49.679986977951572, 7.8516321324487732, -0.00037060173836355679, -6.6095990309612834e-05
26.761014384881534, 6.717325072678598, 0.00052703601781214958, 0.00014239889665593447
34.355395154967113, 10.314700802271155, 0.00051514641519753962, 0.00063850656514540427
54.203858264559358, 4.8053562271838617, 0.00024560943660988061, 0.00014957667475242747
26.739256176434587, 6.4680127338240636, 0.00024365205324248658, -0.00060049082398772199
56.214588186437304, 1.8585407309015929, 0.00010594899867220129, 6.6947289462501719e-05
56.254744788140933, 2.8664228831328784, -2.9173508298818749e-05, 8.4218802398810223e-05
30.693103390259285, 8.7484865306889574, -0.00062763463446381272, 0.00052960767760543343
54.937837229246121, 4.9280050139112044, -7.7242702799632174e-05, -5.4024978053023292e-05
55.604012339204409, 1.6893418915015024, -0.00016817873510180677, -7.7478208106980168e-05
42.385882342719633, 9.8708906700327805, 0.00026656993443815129, 0.00020855018077055421
48.718133422914235, 8.3169741891432967, 7.3145861584068622e-05, 4.1363521651028855e-05
27.342712008110244, 5.2206023855844865, 0.00019930038415987889, -0.0002433737731446798
35.400745053177879, 10.244363347158226, -0.00053865397410869447, -0.00079891428585670708
48.77924775149895, 7.33334467463935, 7.6612663377833274e-05, -0.00014452342080770563
29.0553994896779, 7.5425516274553788, 0.00049080172720618515, 9.9364441842250957e-05
51.043634803020339, 6.6933190058378829, -0.0004804145511543822, -0.0002956331625965017
50.184507891645907, 7.656380831871699, -6.8014419086232775e-05, 0.00040630585870161853
34.592287995366867, 10.01309551770087, -0.00065267124027892139, -7.3119392197709194e-05
34.745353768606279, 9.0702170382002603, 9.6462095529396079e-05, -6.8206750105764941e-05
27.477511564126424, 6.5340396458763985, 0.00033233597050413621, 0.00033109851817740977
47.257046860807385, 8.304742828252305, 0.00037425951273926787, 0.00037102410165679086
36.042294587979697, 9.7196752771490118, 0.00051959858058132295, 0.00038756232575802997
25.215842951008614, 6.0560885608171207, -0.00020072420780058829, -0.00060731405706382607
50.710413937849232, 7.722685113743661, 9.1921927881165352e-05, -0.00021128821345112913
40.972926948419079, 9.3256986300148359, 0.00035043320913554426, 0.00070979074768745976
55.572696458880898, 2.7657372144144219, 9.9612681245033537e-05, -0.0001662760920373694
36.270743914384973, 9.7961471586953763, 0.00067127087527121072, 0.00076246043454735195
49.71698828502317, 7.5424120192103006, 4.2259296665051557e-05, 0.00016410984326248305
36.211045590682993, 10.016436162455747, -0.00063751093232682847, 0.00079584865347782181
33.729819190010026, 9.0550966954659735, -0.00060489218682833112, -0.00049606637922347367
29.010497399591809, 8.6802572013079615, -0.00041141352904942982, 0.00046037912402779126
35.102479165852074, 9.6018486638471394, 0.00054480774480919459, 0.00077441733042521378
29.36306158783356, 5.3489184029995878, 1.4877337318644637e-05, -7.2216256030224868e-05
42.121694579182048, 9.4654722281854564, -0.00071310528154091939, 0.00040821009571491673
39.241255996428549, 9.101294501871056, -6.7038211926667923e-05, -0.00065129521073900402
30.894299782144302, 6.7892330418142715, 6.8578138612897601e-05, -1.1289654242581124e-05
27.061991022346785, 3.3679098637742437, -8.5935871982124022e-05, -9.5817519867410995e-05
51.601831169379558, 6.3200955378705395, 0.00030202641079738482, -0.00021030926146277037
26.446946655774944, 4.4295662228122401, -0.00020141675885307911, 0.00012714305532836198
51.655646532395465, 6.3187236943745955, -0.00010612331708228999, 0.00034894049443015313
30.693714308731284, 7.9718604585393624, 3.180732702297792e-05, 0.00051278729996269434
29.193032614449272, 8.144592667636509, 0.00032169552062503602, 0.00078688037101935619
35.9284908773054, 9.5447130420364648, -5.218338530263083e-05, 1.72360874148618e-05
45.427447194780925, 9.6134420769618067, -0.00029949394549025522, -0.00057294084282807391
47.122351778876769, 8.6544959655063689, 5.1538075103997728e-05, 0.00050811042739340895
50.120605202249209, 7.3758692831742376, 4.0580276681622005e-05, -0.00069354172178364348
43.908520026852713, 9.4183522063378362, 0.00027015984954585425, -0.00076226103636738813
54.509562788711456, 4.6211218465999293, -0.00017897680950861738, 0.00014754420763622668
50.990230563832185, 6.5678155106123839, 0.00062319338791635807, -2.6981419227569595e-05
32.759905502404401, 8.6842724470554611, -0.00061675819311368132, 0.00026717734270279074
33.169284126446179, 9.6165818287452112, 0.0004810034610558385, -0.00074200353491828347
38.08290286963431, 10.11943617743554, 0.00017291276300902432, -0.00051519815258050576
47.251274205930343, 8.9257278165457485, 0.00026297479213639084, 5.0584479446282543e-05
34.693291781182261, 9.6879185291155903, -0.00022900500865089419, -0.00025834591715292142
39.976465993034381, 9.6119274565250059, -9.181987191002043e-05, -0.00075922284477611347
46.16965604028757, 9.1093114259131838, 5.628543016904613e-05, 7.9793993625162536e-05
56.178749041856967, 1.4893236091640742, -0.00010731978905527264, -5.2161436477509291e-05
37.614962893718051, 10.617041288050258, -0.00034126367867052387, -0.00032319831747256345
43.650789436476636, 8.7607950347405694, 0.00061465782727068219, -0.00017828593468998449
31.578132083340257, 9.0845176965777696, 0.00081292079989570313, -0.00022298737139535413
41.871431821662483, 9.9281007238079688, -0.00039912562971773901, 0.0009046106872247049
27.545020180541083, 5.5753048083039243, 0.00012428281628873339, -0.00027125135954789007
43.741981075992811, 9.5817346313429574, -0.0003239995456169487, -0.00037630718897404723
33.20527203102305, 9.5535418719121541, -0.00035953861537219565, -0.00021794425007143231
24.144684329800945, 1.5660670679886031, 1.6943353526073687e-05, -0.00014322532827534687
30.616587524019511, 8.2423097046703386, 6.1926677717929441e-05, -0.0006434448160049875
27.403947756106458, 4.4662912481611672, 0.00013556761732763314, -0.00010286371346642255
31.454810509419826, 8.0834987950689534, -0.00020928381057345509, -7.0664880263132825e-05
37.95970574153975, 10.147244867739838, -0.00022291791501755261, -0.00022035830042268104
37.05678924258104, 10.15206935466075, -0.00091631916709466262, 2.6492412680409891e-05
27.932262727214781, 7.8784910769470269, 0.00051491153950237068, 0.00066642588712307444
46.467714924455237, 9.3396029240049128, 0.00019878708482920753, 0.00079808681151616171
56.969190361249645, 1.1411764011682215, 2.2836849838484632e-05, -4.4851920022008198e-05
43.032406389958666, 9.7629069656418856, -0.00069453883539357373, -0.00038868651850085224
36.312988942983438, 9.9075113275037783, 0.00070152780170165783, -7.5140242072327423e-05
24.595989808190662, 8.3771324746118427, -0.00034919112829229692, -0.00035635305990504908
46.296510904324187, 8.6388973101973185, -6.0757319138325095e-05, 0.00086948119176791109
52.930998801385172, 5.0473345688565399, -0.00037679925811555956, 0.00022480034393810588
30.25687988034251, 8.5237008830666738, -0.00029621296883336186, -0.00073505504458608003
37.432221548243966, 9.6433275042934117, 8.6041132287053434e-05, 1.9249449061369654e-05
36.218348456712476, 9.6071528303450275, -0.00023084562774043922, 0.00011274513392895119
47.500818120245526, 8.562521062009635, 0.0004041493564504949, -0.00013149588902004638
43.195709740036271, 10.391630713694001, 0.00097242394111573692, -2.636233393672551e-05
24.458440791329473, 4.0912229949618437, 3.1648041281197318e-05, -0.00039385420375942206
51.930112945638356, 6.7751567676370383, 0.00020570688680534048, -2.1483178841665389e-05
27.972364737156553, 7.3158201749134815, -0.00022931619205541278, 0.0005254922376065923
39.328221691792635, 9.6552874271945281, 0.00059983600790620994, 0.00012481279593994194
27.464029818474806, 7.1848065280300455, 0.00026864093362428281, -0.00071424643439418618
31.413731579863843, 9.7553322442811119, 0.00017924925226135702, 0.00096464263040327302
29.173201805895353, 6.3081044410037315, 0.00013926266303254987, 5.2309012013037263e-05
34.785097601600825, 9.6464633012590841, 3.1541022710405173e-05, 0.00024228134151718094
44.39557503244712, 9.467547581591953, -0.00043084680283949397, -0.00066805613842452693
55.138969095797151, 1.7454436510285798, 5.4154010643492127e-05, -0.00018514023519044221
39.344431229472981, 9.9058743340301589, 0.00025257789262617689, -0.000231337471787008
31.312687127373547, 7.1510171486636125, -3.0858661487333301e-05, 1.1867749145979033e-05
47.009008070170729, 8.5284382486072108, 0.00063090057454503014, -2.4442541814719735e-05
35.795688201846787, 10.023943146023887, 3.6880010037625e-05, 0.00010711446525709812
51.39419098707755, 7.3162007288714053, 2.0656500754078282e-05, -0.00014271794392277449
36.383888241650737, 9.4192001502492992, -6.7023660495196986e-05, -5.186625244325122e-05
37.418708969895619, 10.142577557448298, -7.1000012218607861e-06, -0.00041779280033634098
26.292690510478042, 6.6118980453341676, -0.00072483500373083894, 0.00014014324639334615
33.54235370394742, 10.668869593077682, 0.00061385606929336193, 0.00091021124489807162
43.951213819285378, 9.6450946595636449, 0.00021436397370368858, -0.00012982633301722619
41.706641234954759, 10.133254887490995, -0.00038467483109908072, -0.00039938104456080917
25.15186476723105, 6.1074159205209959, 0.00023982198673120857, -0.00054584650140599388
29.362871220927708, 6.8426954411271774, 0.00018587795637365769, 0.00011525754444784493
52.242443474213601, 7.446575470463431, 0.00023175006335356222, 4.7342742805969723e-05
28.845079833608221, 7.4409259044890659, -4.8312800053011817e-05, 0.00043965536905710883
54.89817012696976, 3.1470999297186033, -0.00027445427777898925, 8.4391339805676543e-05
50.931983720120883, 7.5841435958895342, -0.00014414875477942039, -6.1923342778167609e-05
49.074329160055044, 8.8564247272725627, 0.00016501327046429461, -1.4240050351383489e-05
33.039925190571104, 9.2316685645589942, 0.00043220596314876968, -4.3836824890496416e-05
36.580365302540827, 10.02318990330272, 3.5166184436699171e-05, 0.00025152458660974628
36.143463375908887, 10.051381780592223, 0.0010495171905125613, -0.00031589104326270727
45.937000595904045, 9.2532640047635475, -0.00015727892679632575, 5.8852014576921388e-05
44.929490880315768, 9.207237113432825, -0.00056335093437469329, 0.00035805088768342238
29.105085175475182, 7.3292901353855644, -0.00043681965048248653, -0.0001266360787448013
32.515820237225697, 8.3131513127939716, 2.5871710247262154e-05, -0.00010257207064349659
49.026660821330282, 8.4927805101864546, -9.8912396149546304e-05, 0.00014968394399079087
27.745024479965714, 8.2850400142690983, 0.00060949064229206976, 0.0005949842696659763
42.697300718167781, 10.08166547039079, -0.00066220237965110079, -0.00021290550565427672
35.659186591445518, 10.916387530696761, -0.00046709130764363029, 0.00052995676822668208
53.872433622857521, 5.8044029901740428, -4.2756629941156333e-06, 7.3007064434127265e-05
30.610720790354339, 6.3884292034487853, -4.2957376944398e-05, -2.4247594701052817e-05
36.965108585428297, 10.366644761389603, 0.00085535854233185658, 0.00013458194214262554
36.368971042712317, 9.7850161676965488, 0.0003151280244098722, 2.3584950852998681e-06
35.899239049947475, 9.8484918042094645, -0.00035329947046451723, 0.00013153934917241512
37.212246640630212, 12.46647715014395, -0.00035515643244841098, -0.00086977128664080005
38.352535803312463, 10.781959166681959, 0.00038620495923782401, -0.00018744045284069911
31.075414866462602, 7.7192758800346555, 0.00014079304518760505, 0.00021378778743851774
45.367223456742593, 9.3683280356667158, -0.00015339774302592892, 0.00016606521369238008
53.841661863019226, 4.7761643112442655, 0.00035677253385850183, -0.00023980232497136157
33.823340176051978, 9.9896078896263063, 0.00045122621075577919, 0.00029923943423449284
38.740277057356963, 9.8672992556959436, 0.00048680782762604296, -0.00030077003735339339
35.075052312886818, 9.9539713942471195, -0.0005232668798739764, 0.00044800879674843265
45.006866425712268, 9.0760038768650819, 0.00038913617000824148, -0.00019964852969036614
36.374234092526031, 9.4365066766016437, -0.00041375290592151752, 0.00027950828669849809
50.473946179424338, 6.9679448676612186, -0.00047103221377335088, 0.0002012482886643168
47.170546352545713, 8.5192322309579165, 0.00014923001997870988, -0.00042368624365999642
26.072455410969535, 6.1891865033337004, 0.00063726754862613309, -0.00025568209628904517
43.143236219973218, 9.4732700398318563, -8.5011796827590011e-05, -1.5366774018316778e-05
35.160375935610617, 9.1886359847451899, 0.00030903883842059969, 0.00011888723296389571
55.5562569912558, 2.9543500142111032, 0.00014056853178575802, 2.9984449097996258e-05
49.706711914747288, 7.9508749722101699, -5.071249219458189e-05, -0.00014750574300051276
26.3981080039479, 3.5254403361601274, -0.00023365943775318631, -5.7334859741072839e-05
39.844807371352104, 10.210524189972331, 3.1900145518017479e-05, -7.4667370087006947e-05
53.71080928198009, 7.4576974059204479, 0.00054498853979219948, 0.00014157852680153429
42.25351103911553, 10.072061800710276, -5.7475783802855249e-05, 0.00022819083066038672
43.101156144223566, 9.5612117460350703, -0.00031108186600566789, 0.00012452477321950903
49.071457965370804, 7.7467402989853777, -6.2637491634373705e-05, 0.00035865843206967131
41.551408395727371, 9.571604278524326, -0.00052094132461362388, -2.5372108376864605e-05
45.083928508365773, 8.5146918028672172, -0.0007420425079717668, 0.00021268395474906184
56.392300895046972, 1.9856471072525368, 5.8760149123151239e-05, 8.9597187223617201e-05
28.068311322006277, 6.5489795919346445, 0.00032933504882525703, -0.00029376200201096955
56.225266369912795, 3.4029562719500124, -1.8444200585957788e-05, 3.6085012528939316e-05
47.906196908640723, 8.0974000683206224, 0.00020870134311841518, 0.00063372397299779214
41.068232407164615, 9.9321976057336947, -0.0001941226478077689, 5.8597211402848894e-06
51.328964735564846, 6.9473606290320955, -0.00028863912015823247, 0.00013341051904655943
27.371378241184772, 4.8005036241928334, -0.00013329154240195216, 0.00014088390863542643
31.670169263665969, 9.5108377490859848, -0.00092810228874335647, 0.00023870517410133805
30.958358957167903, 7.5793432450470215, 0.00036049889529566828, 0.00014782790620997092
46.080051307507659, 8.7976148225401882, 9.6615483397620986e-05, -0.00050922276762861891
27.924646047729269, 4.4085409589698408, 6.5401176094510724e-05, -7.9327193172575166e-05
26.067296115886631, 6.0108703588065628, 0.00065950038957314396, -4.638573446829743e-05
44.436940618812478, 9.3162545780973662, 3.8212377053314636e-05, -0.00075537374980913432
27.454132445662726, 2.7734543733461248, 6.6192368566953859e-05, 1.8675634269404596e-05
29.476237363423571, 7.2589857486710416, 0.00039773474725651324, -2.9795741223253222e-05
48.203934973086639, 7.8370580074078351, 5.5525449885604032e-05, 0.00014552389189218242
52.704566474382879, 5.6549574274166643, -0.00022845057722641206, 0.00037986941474208271
27.506399523498978, 1.204590452657021, -2.0475235838805705e-05, -2.1475474088326475e-05
45.592731544192915, 9.203838097205475, -0.00018987181889475494, 4.3885528155248754e-05
47.04144117848805, 9.0117866583486332, 0.00017625733028444072, -0.00023952049492436008
55.404728565968597, 4.9360134219229348, 5.0275026979406524e-05, 3.6295075077605188e-05
31.87931552337772, 8.4877864184108684, 0.00058830955228572493, 0.00012274167309980804
34.310425777024626, 9.3906768048463221, -0.00057798124039707885, 4.4456335900704559e-05
49.057502430532978, 8.0527554338402449, -0.00051236129259791261, 0.00043452607730998265
47.232839298800833, 8.9202568923448542, 0.00041162764385148821, 0.00012744848063223448
52.208054924893077, 5.7120248852465725, 0.00035577865934009322, -0.00041087592347897759
49.125643508541017, 8.0317706005577225, -0.00015388511612434783, 0.00064358137466626725
40.975936068871832, 10.275870086082998, 0.00012151202023920759, -3.3559447504307517e-05
49.322451780288894, 7.7115051464904729, 0.00026578286340715106, 0.00062483962839600285
51.07077147091605, 6.4049144245552165, 0.00019879125401086505, -0.00042746890880494332
55.15337294063923, 3.1821558206630183, -0.00020472909771178957, -0.00010797749248946255
43.838028163043433, 9.0883869599165212, 0.00077516238461300098, -0.00056266570305030163
55.255049024457563, 3.0624818648337802, -0.0002326510556624536, -5.9426994169794072e-05
37.790874424246056, 10.209981956249605, 0.00014783546798087085, -0.00088595355531677345
52.454221149274233, 6.3577610098098543, -5.2050776771023769e-05, 0.00010844484038986961
54.50840666685491, 5.379322568706181, -4.7217584244306531e-05, -4.1679452306268094e-05
26.425973148324431, 6.6610766324399773, -0.00021680660003811839, -0.00055477772011372733
51.741503214913642, 5.8413390788512256, -0.00010078773927891374, -0.0004507710482153462
38.674917662583212, 10.301131997409778, -0.00034341303256861619, -0.00099699506351641791
30.760891310409114, 9.412350041487608, -0.0007454324184447131, 0.00045211565810107212
57.087647433237692, 1.5758565845578636, 1.6402092731822136e-05, -4.2559194138436504e-05
53.573770445686989, 5.463681162551806, 0.00022966075772067233, -7.0701684960289039e-06
47.205931969418408, 8.6999292355400932, 5.204607231115634e-05, -0.00011472669251736348
36.684234521749033, 9.8079698853384709, 0.00059832442150508844, -0.00037624725239660998
44.120669592416341, 8.9359053683035548, -0.00047028366474528746, -0.00025239073830400746
48.167124107607592, 8.2432001420583276, -0.00051798671524219437, 0.00029691701857267639
32.897947605324191, 9.2432131117122029, -0.00049119094742809666, 0.00057276021387882596
23.687787295320927, 3.3855645098193996, -0.00014811301886859187, 0.00033813285613421793
31.817153805064489, 9.4959855573114496, 0.00080039645857830476, 4.1345466807512517e-05
56.423563652389554, 3.5575104990769963, -4.4246680072708945e-05, -3.661241788341174e-05
44.443867500801304, 9.115288497926036, 0.00094594645280924163, 0.00012354039187160973
25.488386780693819, 5.8511382568485759, 9.7555676803944293e-05, -0.00054635472754895433
46.781269729913056, 8.9633184078843904, 0.00029294331968413105, -0.00018087859696041183
37.067616843871107, 10.003571858242049, -0.00047367803195049856, 0.00099762411949789694
39.672523863000443, 9.8034007323904699, 0.00043235315092213217, -0.00035925913976074531
40.526798717651886, 9.8214046285979091, 0.00037331874439806471, 0.00070475984043559352
34.496643530156241, 9.6532511564873058, 0.00027438482941810025, 0.0003949985182788135
46.595683022587473, 8.6112757093362102, -1.2411570766247513e-05, 0.0008772614621117826
32.928446676459188, 9.459486270429883, -0.00069361359864428859, 7.2319721758525284e-05
31.220558330188467, 8.9838505649187024, 0.00020142209506915975, -0.00071618761571069854
27.913559581094209, 6.2411805575666923, -0.00040360903417097852, -6.3825065444099392e-05
51.284063469737539, 10.933117724655007, 3.2069725597434127e-05, -0.00055458949355332817
28.576826263212769, 5.8544757595570163, 7.7428672141207144e-05, -0.00023924296842278895
38.799863783857219, 9.8715928175208472, 0.00030611895272684129, 0.00036539801207701475
29.550440951490362, 8.0734270458418287, -0.00043986991928778176, 9.8666469296715902e-05
37.82402134465697, 10.085083339383013, 0.00046612586377239081, -0.00030429810361078271
47.82066220699668, 8.0494194453804866, -0.00040281310073648531, 8.9827801462561118e-05
56.123467458317421, 3.5824071586872974, 6.5450548250206991e-06, -1.5416907458837724e-05
29.204164062443354, 5.351595129211919, -7.2662642220609947e-05, 7.4188628701541418e-05
26.609234089138049, 6.441263325265461, 0.00045956549076970531, 0.00020568039430752752
39.420384139202753, 10.021974022713717, -0.00029657563574268071, -4.5997554548228938e-05
50.128609004618944, 6.9274789224149096, -0.00074837188649929439, 0.00010171706300593999
54.941286312910897, 4.3913043962893061, 5.5279947302355296e-05, 0.00013435860419863394
32.312225244364988, 9.6792234230918801, -0.00013839084282201924, 0.00048977014463289469
27.414977175933444, 7.5729622404572625, -0.00032939980985126669, -0.00063279483109669038
38.210572133047798, 9.5326485655864541, -0.00070138001357977243, -0.0004689927484738286
54.709709425002323, 3.2892223351530463, -0.00030042869277777508, 0.00015079773853186697
47.260430328291079, 8.1353795293848581, -1.5711204813427488e-05, -0.00067565453874826814
44.940792194043127, 9.1324578285344042, 7.0230371817235472e-05, -0.0003684704575150923
39.872315724564075, 9.8168378352857157, -0.00098025081486674678, 0.00038396287685910221
39.278951455467201, 9.6017260697984987, -8.7544924330783179e-05, 1.7447117268291981e-05
41.913787238814372, 9.4859920069061587, -0.00081055684182731265, 1.764768036933352e-05
55.599187479114967, 2.674076464718687, -4.5881066140680887e-05, -0.00015865861898014955
45.935855605258453, 7.4432858213567545, 0.00055065859982732104, -0.00061283162778622675
37.827342969043052, 10.931478728265118, -0.00053245744915880733, 0.00038869500730074155
32.516079949896849, 8.75830192074406, 0.00027942737023261584, 0.00034397627883394488
45.803715012022899, 9.0919915509930576, -0.00010100286869411968, 0.00058783458654047263
46.320513163636065, 10.066477424717457, 0.00017431853135560328, -0.00014637568790300731
35.400359723556107, 9.0574387753463981, 0.00016560446932708788, -6.0866116859358924e-05
49.688693335483165, 7.2305634208552352, 0.00072845545796029613, -0.00028719351699295857
33.079121980711989, 9.815866411195687, 0.00052125999355983222, -5.5935142212712607e-05
38.217145273550045, 9.9513706299527804, 2.2157961938472905e-05, 4.9934845629883784e-05
40.888230739000051, 9.5953948202405694, 0.00047013911569604894, 0.00070533990663859995
42.648418977894551, 9.6868866039103132, 0.0002146052006591004, 0.00015251210690026885
50.041473262438174, 5.7483000647962763, 0.00011463609551516523, -0.00060553620374504454
41.196527232483, 9.9956058054222421, 0.00023137984348460747, 0.0008532510923799434
32.193283583699156, 7.8183733717244301, 4.3902734547938182e-05, -3.191068365749563e-05
41.327981875796006, 9.9001256301872385, 0.00035637919591940433, -0.00058447277017272784
35.865005677605545, 9.7010324585887542, 0.00014040727999996977, -0.00022052555374478273
47.609414808577753, 8.1834401706405426, 0.0004092908348519703, -0.0004111202310024979
51.192304762582218, 6.149726664245831, 0.00038323562779586634, 0.00049499563920519878
45.958133583620224, 9.2698222512040793, 0.00017628099528136482, -0.00017793277268553397
29.740647270430422, 8.3826765381876598, -7.8567725131155203e-05, 0.00083111515415840056
39.483916240582182, 10.027314273585855, -0.00017457986303199402, -0.00054684157100828238
45.232207019731973, 9.3795915647011956, -0.00028605465146597703, 0.00040107771556562597
48.551586737507748, 8.1547410108289, -0.00034021301465843014, -0.00035462398460617273
38.546877606577908, 9.6229041527754422, -6.5628325156499032e-05, 4.9732204751823289e-05
40.5749451219733, 10.337821325516899, -0.00052505210739049453, -0.00030023132881132499
35.824048270520251, 10.164803775672398, 9.5335623821833147e-05, 7.290680319323242e-05
44.471021860027236, 8.511481163764623, -0.0004025182168107114, -9.8736217692921738e-05
34.78823928083505, 10.629128220760663, -0.00091601084921486095, -0.00023409139608720491
43.188186436130806, 9.861440985861373, -2.4389419653578555e-06, 7.4115055948828257e-05
46.852163269863198, 8.5549861740746831, 0.00045179976442133804, 0.00074463363336562923
33.005827461553565, 9.6828117052789207, 0.00053673019024215213, 0.00064994461427690285
31.197339677831671, 8.1529918317580208, 0.00066824460333468399, -0.00045110003529824074
37.85088724981054, 9.9125422014043636, -6.0973309823959439e-06, -8.8189074816156761e-05
43.921061111525184, 9.4429886233732336, -0.00060097871633830069, -0.00015737033865139983
38.100610145991908, 10.090029134917531, -0.00035555876117204208, 0.00013862526583021062
35.731587528495751, 9.7806981190834872, 0.00074797195626942058, 0.00038774107502528084
49.044684242680113, 8.4828859129320797, 0.0003235898173003776, -9.8159289851918389e-07
48.314901897141389, 8.5723840567249425, -6.3445630827352282e-05, -0.00012409967486901594
25.787345746451479, 6.036807944607399, -0.0005841406403745195, 6.5064306026442291e-05
52.845395294457163, 6.3229107459097031, -2.3224933643217334e-05, -1.9471249760011335e-05
30.743933273103995, 6.8029151993596466, 2.0619753321138878e-05, 6.2617496666751604e-05
55.194834108093168, 4.5599563586474359, 8.0215443809723615e-06, -6.0462050174911384e-05
49.061613301059147, 8.0902647551149816, 0.00015311102487953991, -2.1624032595321087e-05
56.472769279165696, 3.3053453936466903, 2.3436577001842127e-06, 4.8218533017484936e-07
39.179538954300114, 10.640525235923942, 0.00045069736161337202, -0.00096228243928715002
39.208765440515137, 10.180545082854758, -0.0002621099902246802, 0.00054311403956153138
41.957959464905812, 9.7214101655624798, 0.00019706854636213533, -0.0009459387092175688
50.292360113685994, 7.0010784879521823, -0.00040428553251391854, 3.7015596676067511e-06
29.126147698212151, 8.7432882236812688, 0.00069050769722863695, 0.00037278354817627001
51.441446915165336, 7.3930414671395983, -0.00021744455053102272, -6.5700434945614882e-05
35.417778417649593, 10.361389945914896, -0.00045133902778530345, -0.00027334101460233228
30.275231191186641, 9.7134546831158985, -0.00020503175584059023, -0.00097497812437929022
42.677531887285006, 9.8670297992809832, 5.7885450246739501e-05, 3.3965482000198676e-05
52.852909352853999, 5.3330697879824456, 0.0002449637235579146, 0.00040395621205632879
54.415207730757487, 4.3469178203154124, -0.00023704262370723308, -0.00019221853508658018
41.939193314831421, 9.5625858069262915, -8.9992401575967956e-05, -6.1152634304023426e-06
50.371141505895892, 7.4596625038530719, 7.179289069395733e-05, 0.00045449253345982636
54.73374706861113, 4.9434806944717584, -9.7845678826332083e-05, -9.5073094858056146e-05
45.071628768177511, 7.9694714864789358, 0.00083646274510184812, 0.00026098678293489075
25.829553613442624, 6.1675124822924614, 0.00053968618022762682, 0.00019327755574158445
31.13198575880886, 6.9674168585754934, 3.7853465728414992e-05, 2.5020070399772056e-05
39.632592507270409, 9.700785247865408, 0.00083829544384029803, -1.8541132617999343e-05
46.830046315147314, 8.4286605724408048, -0.00065756149013400616, 0.00026953789164507557
53.812397135194423, 4.7075957158608208, 5.238649186550395e-05, 0.00039988772574204277
47.458632657584786, 7.7894269100484568, -0.00050024312072046535, -0.00060103681912901342
51.85779323708536, 5.8521439931782089, 0.0005392359506173549, 8.2521925078814283e-05
52.03165472848265, 6.8268654258791885, 1.8346231804584753e-07, -6.0644197575399255e-05
42.083147461371851, 9.6231727830321052, 0.00011433219354780219, -0.00027400077051279619
43.913161809474026, 9.5478610530487309, 0.00018857773404148482, 8.5694760169987256e-05
41.237758927709706, 10.057529109291586, 2.8433938104650276e-05, -0.00021096193368141356
32.832397568642314, 9.1173899564482408, 0.00056699782424294697, -0.00020738506391191236
28.180969148719726, 7.1469256641989105, -0.00038268418982896748, -0.00029892725844022527
26.539747308657148, 5.2690586847739898, -0.00011871683865623469, 0.0003846609540397304
38.417456294883586, 10.032625965402417, 0.00024433136881994093, 0.00025139312153709613
47.462001967339106, 8.3079100488645938, 0.00049637091922335227, 0.00065226672900895572
38.560167654687937, 10.191951008462157, -9.7778730927789632e-05, 8.419678549978317e-05
41.351186521131481, 10.032825661838768, 0.00016091290077625879, -0.00039211475392944393
28.346751279379419, 6.2449638813396984, -5.8508479982438231e-05, 0.00034707846028551615
34.536324661782977, 8.1696440856043004, 0.00011255786021598791, -0.00021868996927698468
45.038937567913294, 9.4244261020147224, 4.3467323573325803e-05, -1.1614214699483807e-05
31.466372350090158, 7.9655147926450667, 0.00035614386361431218, 6.7463948456319262e-05
53.77058734783634, 4.1816095126966566, -0.00034337014965675001, 0.00029005696653065994
28.017978721461422, 7.9111110987270523, 0.00070462373366344286, -6.9709331532018574e-05
35.584861951211259, 10.402647711928115, 0.00072902491792516783, 0.0001786857410714695
35.218770136654236, 9.7536696739611486, 0.00018975466731702443, -0.00010574922369957252
39.553008505271976, 10.032766932072015, -0.00094115418341561845, -0.00029974904038319026
41.847956747335331, 10.277786288611082, -0.0004869204468372881, 0.00012805636490904911
50.842293581457497, 6.7665640970523802, -0.00061146122140997878, 2.0257496979177049e-05
35.116773286590302, 9.6150517367393338, 0.0008729360699181656, -0.00050661469007717873
49.638945029092078, 8.0911718619981521, 0.00031192501446247289, 9.3533137491873288e-05
30.330834033691666, 8.6014953499361724, -0.00015311453988495907, -0.00036212339909890887
49.248276689018695, 7.6435485287185223, 2.1174053284562666e-05, -0.00043854510355613809
49.268821848435735, 7.7628237025861138, -0.00011595435762086677, -0.00022339506387589284
28.420745199262534, 7.4260540771248378, -1.423031549659122e-06, 0.00047964193752186998
36.299440818033432, 10.327034201063308, -0.00079127831521321162, -0.00049794423597079136
50.175086642558419, 6.9818542592306727, -0.00031008452774474815, 0.00033797680953352841
52.718583430978683, 6.2293005473733105, 0.00022867661713399937, -5.5594915488145338e-05
54.40035406819112, 4.7879431270707196, -0.00018873155117356548, -3.5595665218925816e-05
25.73560764189827, 3.9091865194333932, 0.00015242760654972338, 0.00030321018263696051
40.257982305308822, 10.272347863359387, 0.00055464791898567317, -0.00042184899509276693
34.916819846606202, 9.3861022092145276, 0.0004630311032336904, -7.7134936946235749e-05
32.373904078843751, 9.9713082497670129, 0.0006379499045162494, 0.00052683844597801186
24.741105108564412, 5.5109105277051036, -0.00036316514532228197, 0.00038097251742500121
25.862755744056795, 4.8866785458874373, 0.00010967950821080283, -0.00037698738006253425
25.26152967085002, 4.1341951771022369, 0.00017064515156722983, -0.00024205201293167616
25.87248805548078, 3.8621737997309253, 0.00030779620004029194, 0.00017249765140946917
55.416201920544388, 4.5423785581211087, 8.0202518008178522e-05, 1.3940595244011896e-06
46.117975261411281, 9.3754939558008381, -4.0059010065483505e-05, -0.00012662873040718495
42.672875122265943, 9.6193582305302172, 0.00032266063146164958, -0.00062137459264551573
35.076983590925806, 9.1795402712479, 4.6766904361374815e-05, -1.260472395292904e-05
47.347621116150044, 9.2919975720187811, 0.00023820478147990333, -0.00013744806581626753
56.064315842893741, 4.1609192830628956, 5.0613609884406484e-05, 1.6816407235420891e-05
45.884204473857146, 9.1924409631758817, -0.00011169739700553886, -0.00028714250548216052
48.137192481425608, 8.5630737262795034, -0.00061985411954533281, -0.00023689711940834047
43.645584907561073, 9.503213427276247, 0.00056421335118013493, -0.00055450245194159668
49.03890748370673, 7.485323554326734, 0.00036837993978624362, -0.00059954115173268391
54.202005227495349, 4.458910687463832, 0.00026685833919825181, -6.0393526651839302e-05
34.828697855708441, 9.7129042254500852, -0.00042184864630810757, -0.00018467991121467404
34.314977747244249, 9.2144114296497026, -0.00014856604757679094, 5.1962537484793565e-05
48.800297881913899, 7.3351364855076397, -0.00055747124449669939, 0.0004794078675985974
45.446928580236467, 8.9338283915915344, -0.00019855116456488645, 0.00092384095697706963
28.362531573327573, 8.7938814836492227, 0.0005978461335740718, -0.00027681669151719061
25.991251734347241, 5.0501388080248191, 0.00034268217179712825, 0.00033190684282957754
47.813060750712914, 7.8990027887585805, -0.00064095525202606876, -0.00026053609956587737
52.532969797101444, 6.5662038452682276, -5.8315326730201359e-06, 5.7831342173692012e-05
35.131643190709532, 10.205888007301395, -0.0010835996222224597, 2.4290806891499142e-05
45.667245919595508, 8.6234915361949547, -0.00071408141482232112, -0.00020236913084340207
38.766284204515649, 10.004895821520352, 0.00046644218367165912, 0.00015796754691193085
48.403603142726553, 7.5871963975405663, -4.8256498219668368e-05, 0.00067083190961672232
27.396766290639082, 3.1883572126231758, -2.1387845360092414e-05, 9.9474641571904439e-05
27.260515579302115, 8.1457989244390703, 9.0227868824618846e-05, -0.00063770593297698725
46.429801478091747, 8.9985721217108399, -0.00034608122944279591, 0.00014820118609816592
43.553460092072648, 9.2467831795419659, 0.00025091823863847512, -0.00042455970151538352
43.74774114145842, 9.3823783115502781, 1.0593647509836202e-05, -0.00097448013878350314
54.923010682602751, 3.6500929694862903, -0.00022899245289827202, 0.00010210292187457453
29.470634735224653, 8.3732299286170448, -0.00010092200649898265, 0.0008479338460981729
29.609055007863276, 8.5310706823879698, -0.00064835152326795775, 0.00017603217663472265
36.86469733307927, 9.6092117931969003, -0.00021250394605066894, 0.00028302803351844122
38.195048771508695, 9.7930864925523036, -4.0215662985911491e-05, 0.00077199887347890225
51.936051768988555, 6.6722385561446629, -3.4304384652539687e-05, 0.00010635921433619657
42.104341734127011, 10.413710354573547, 7.3800131960152188e-05, -0.00014530039755676153
34.606988137601313, 10.386060250534545, 0.00054581488701278141, -0.00075505844490977555
42.336649134739638, 9.7189776924180205, 0.00012234015938746858, -1.8417004800569102e-05
53.192300540362496, 6.3644456897280035, 0.00014014943601146186, 4.9676073699488491e-05
39.726213952846742, 10.081266835421122, 5.5776292872383351e-05, 0.00014145672253376899
51.55570394155346, 6.4715461242467756, -0.00031225295479372971, 0.00027992013797975091
25.284446820845794, 3.9814807003893113, -0.00014493679186285767, 0.00025032567708023766
48.149687240346985, 8.4160317383978924, -0.00029105257338564829, -0.00061440625825050959
43.0600593741095, 9.6666066243055369, -0.0003216207127432912, -0.00012909976875283063
31.8486011269102, 8.8425305703600419, 1.5673883114588988e-05, -0.00077879159135738822
35.243123226917305, 9.8260738259610552, 0.00037892366684452933, 0.00031401735492427512
32.42459034015679, 8.0973426878354147, -1.6962235130088761e-05, 6.3120933144637331e-05
31.707039002262693, 8.1349561383541449, 0.00018123726928141563, -0.00011122035090136554
32.873071992544631, 9.1705607700525942, -0.00055791636126177753, -0.00046686607252162762
47.105982218660685, 7.6829311811484065, 0.00054749043584405267, -0.00012995620439664447
45.28171339234045, 9.1814547661318766, 0.00016258803194231771, -2.6323589242329109e-05
50.85960807511303, 6.8019171318726768, 0.00046358361640155626, 0.00034876246042417531
47.712905251014462, 8.4950858216988578, 7.9407326466451034e-05, 0.00041247249610858189
49.746635883279694, 6.969692589408929, -0.00067676849192453866, -5.2367739361927099e-05
32.214219639720142, 9.2445159811204682, 0.00048779481256025096, -0.00013994621372666834
48.529123720233393, 7.9250088830703378, 0.0002704118559660962, 0.00056992612641638669
39.629598606947006, 10.016720538262973, -0.00050408522672051046, 0.00040756750298277653
53.078499338772275, 6.2851624973152154, -3.8113456629622426e-05, -8.7091127859225889e-05
43.152809964671398, 9.6795975526437665, 0.00026236558113846138, -0.00094964736457363698
54.009182844460078, 4.9095014021729524, -0.00032504822793594891, -0.00024563768302062009
42.882271069572255, 9.7978215533059441, 0.00023790877326919425, 0.00032478080426970974
29.139758894609802, 8.9925277639296013, -0.00091635673102752606, -0.00035360798390298131
27.979115669231469, 7.9380245014158533, -0.00068412320877132859, 0.00049736774466661469
38.503325751295876, 10.058301152944336, -0.00037217516113367588, -0.00026669594420117033
55.623389639095215, 4.2506590540777633, 3.9897338445759951e-05, 0.00013570507526716277
55.424116851571767, 2.9811909064917441, -0.00013128415814252133, -0.00017968922349685397
29.656414692315074, 6.9815237937809869, 0.00013348461907656178, -0.00018543822368926821
39.060908315127243, 9.1058323722454126, 0.00015797952775989128, -0.00051538380589063212
53.225998789070779, 6.0602891209258676, -0.00012050902571399732, -5.4239222996669972e-05
39.335799000353298, 10.165804754291415, -0.00046513979468419404, -0.00042835727405300759
43.396234878463041, 9.246093966570486, 0.00055764407128767047, 0.00047695939382642319
51.958175766139803, 6.5187190705346358, -0.00018125183009379806, -0.00020399362622855607
53.608434231730534, 5.9302615526167273, -0.00010279962169476329, 0.00012436000230101342
37.145890029548568, 10.147461875609819, 0.00043527357614196467, 0.00056602195625006036
32.155695895994285, 9.2585810276625242, -6.103624691408708e-05, -0.00071969133065641355
44.218759326355439, 8.974601321685471, -0.0007975746988766587, 0.00052028724276278831
42.375477670514151, 9.9763748047587359, 0.00038069504866986362, 1.8465871112963613e-05
47.137240461070576, 8.9699202816871324, -3.8595458654987449e-05, 4.8184459125403127e-05
49.06741799290473, 7.9699181584023453, 1.4542643747768393e-05, -0.00014274672686584442
43.357423039285457, 9.2967986887931993, 0.00038432366292612984, 0.00075173066195839775
41.977702655686542, 9.8129801431101811, -2.351210072043923e-05, -0.00045041032150309698
51.219211926115165, 6.5207350810384792, -0.00053503068473187258, 0.00019177606360248808
31.768224166420957, 8.68788447173287, 0.00046497265744175785, -0.00028685122308275124
38.186448489322437, 9.8729198528738564, -0.00087318873490705893, 2.4863673060235329e-06
29.496245541317446, 8.2281401618721262, -0.00011349598637870708, 0.00055291248495518324
53.816490235731933, 4.8446382192830146, -0.00027113349776354946, -0.00017380751200849859
29.673764597985489, 6.0434868173950802, 0.00019813385009547792, 3.78312215287657e-05
35.382216689511466, 9.3355774431709069, 1.0877189818444045e-05, 0.00014262275587939905
54.009361679468924, 5.7764356057595183, 0.00012354936924038811, -2.4905648798286215e-06
30.91783316726082, 8.9505134522979084, -0.00041431254094851093, -0.00089435970062829513
50.616273739468333, 7.030515667107915, 9.7432034844615947e-05, -0.00047944044642194323
30.791792127716342, 6.8362409491328915, 3.6605182708655659e-05, -3.8535356947376959e-05
40.915810782656713, 10.103538377383542, 6.0597304686436084e-05, -0.00054561714684589545
50.803007592322345, 6.728711275582981, -0.00030168977080034261, -0.0003431157899106194
34.693062875643271, 9.8161656895055245, -0.00066219402042732548, 0.00066103261595397357
41.229515321626458, 9.5034573749918057, -0.00071709239857842668, -8.3984575825276581e-05
27.356223362250251, 7.5218183225571904, -0.0006587850596374193, 0.00040518112052467928
50.443287925725663, 7.0723919911107505, 0.00043832102451450949, -0.00017558788561871272
29.714667777559761, 5.5115299202396111, 2.2682888133982967e-05, 4.954476623182723e-06
31.741657237170145, 8.9155849673311121, 0.0003229892527445926, -4.5310555141621608e-05
35.08269076892293, 7.7642166728178994, 0.00031577006158832851, 0.00037273515778479642
56.730264753131308, 1.3778282974010427, -5.3259891559746378e-05, 5.9623404000247364e-06
52.288460920714279, 6.1756038994099782, -0.00015711821809231432, -0.00023322120162403955
47.2462690899847, 8.7883082565070083, 2.8835184879423319e-05, 9.9319415284419648e-05
39.295699580716018, 9.8479668347192426, -4.1861572209440682e-07, 0.00017868007846182242
45.030518561493068, 9.5473925681860319, 0.00015850941096376818, -0.00031390575786629295
40.426624722331489, 10.272131470083579, -0.00051763012317403677, 3.8656925956123568e-05
56.390412358160013, 2.9060054310790795, -1.8219148437926223e-06, -7.3000561217927923e-05
47.243033480174638, 8.2287408066269112, 0.00045680923598502457, 0.0007707561849646631
47.193037772480956, 8.4307132201587454, -0.00041945215159211685, -0.00060174562751858993
34.234667492846881, 9.2368482862885504, 3.0280106438174174e-05, 3.6036036356694123e-05
32.240600196230126, 9.1541601427191903, -0.00041506913511758249, -0.00034707360060382209
34.209718245776237, 9.8202577840441396, -0.00039616892832804618, 0.00080336478074077421
46.938170426258829, 8.5406619761994431, -0.0003889889190576498, 0.00023497363119787731
46.985711000443928, 8.4557836554856891, 0.00017929487334033875, 9.5260242583883122e-05
43.241110971845757, 9.1014101527015612, 0.00076009536162737661, -0.00018181239431688158
33.862626558746555, 8.6699825634542407, -5.816071744909054e-05, 8.0648620224454428e-05
53.78975352633357, 4.271221574782345, -0.00015519031438981793, 0.00035079761880147639
41.596587718195053, 9.8651955017257684, 2.9721000807221412e-05, 6.7704003746311273e-05
36.318389666302764, 10.22771357278801, 0.00029795447705868456, 0.00024930622670745573
36.777613338229408, 11.86408636756877, -0.00044053640224184015, 0.00095203982544230816
51.415206816385826, 7.488692168897523, -2.111963416754208e-06, 0.00029728919134834831
39.652342048830135, 9.6267170531460255, -7.2150711707514719e-05, -0.00020048505420882984
31.515114648802509, 9.1602484282703465, 0.00061907614307980872, 0.00033761799583505972
26.424347211194071, 4.6955162748741257, -0.00030458302737514727, 9.559743634526308e-06
42.440854767979403, 9.8030134451349724, -7.9847227631069684e-05, -0.00017482067542593611
55.884456735884591, 3.2280319776764088, -0.00010194555394476822, -5.981359467584169e-05
33.370394124686023, 9.5883724013405427, -0.00054891384570096536, -0.00091718234514277027
53.791040419049871, 4.689990443120795, 0.00027395396922455935, -0.00021204622063066185
44.358407839552008, 9.3164040741036853, 6.7055658690203131e-05, 0.00013865142367032145
52.458284466662981, 6.6414826362358612, 0.0003496286150682543, -1.4575790850959205e-05
28.578195196128391, 7.3027606430616627, 0.00012979228535872904, -0.00033183982331851791
38.338512632588781, 9.0924315463721825, -0.00063445385180811449, -0.00011492564983162181
51.123718652981474, 7.137283658539987, 1.872960465319004e-06, 0.00021292776078709442
35.580141405426509, 9.9047894711017221, 0.00080015854664533352, 0.00042785527891351727
40.800528306333234, 10.13271356617895, -1.117339835574327e-05, 5.1220401981850002e-05
48.831548367986549, 7.448897290216606, 6.8299545470743807e-06, 0.00060534364359738821
33.379386446988669, 9.7671928790691265, -0.00062565853405631129, -4.0832376293482178e-05
36.220568752922382, 9.5398992901751516, 2.556607722578826e-05, -3.6336343655461956e-05
41.595253743539892, 9.786785368155277, 3.3325509683185729e-05, -6.6930515569434379e-05
49.086978780868073, 7.9213633498598561, -0.00010846667922893189, -0.00034101063234115729
33.929925763698549, 9.5782648326931543, -0.00019397866113194233, -0.00052117160549534642
46.445965919080272, 8.7952821690897185, -1.50015054986693e-05, -0.00046371721614757856
45.053807850551394, 9.3362219362860746, 0.00022193724140270996, 0.00029649973610740407
45.534772673285381, 8.9604540265071275, -0.00014603921664863411, 0.00073175376281066806
28.662496992220021, 6.1648487852675382, 7.5124800623837051e-05, 0.00036066095315157363
32.303092416672293, 8.7021036583315237, -0.00013131563751394871, -0.00024325322756875775
54.782798619181527, 4.922171058397482, -8.8345673350446197e-05, 7.0234442992105189e-05
49.8162856196859, 7.5406561813169324, -0.00032537008780309055, 0.00020630365190911298
36.555853372638389, 10.365712198864436, 0.00012770346561097966, 0.00016005903137237366
51.811313047846916, 7.0612354902143064, 0.0001050078877335428, -0.00025150341146529671
46.326596208334166, 8.2250562783338435, -0.00028123841847829169, 0.00085093317319276634
26.8195029408569, 3.9096993136230656, -5.5853535725331584e-05, 0.00022016480308692843
33.695468821977101, 9.0144888015917584, -0.00016761496063410049, 3.749098550075199e-05
26.838783910849827, 6.6835954326644949, -0.00040144153937516611, -0.00019748550610889073
38.505451983023335, 9.880983931378065, -9.2172763178619338e-05, 6.4482469636988963e-05
36.8896294709863, 9.3806270302236925, 8.7078485581284108e-05, 6.0887721392159789e-05
49.027595988636264, 7.3120960237767463, -0.00066088841228253905, 0.00023861943796317706
29.791892089197706, 6.7965462826697918, 0.00023643744253784907, -0.00018376143643617418
42.596353685925692, 9.7977886737958677, -0.00018157942954046119, -5.8413236745517584e-05
31.293438395926646, 8.0291650509013657, 0.00013315627219823387, 0.00032450252290222646
41.061962171374063, 9.566327372197307, 0.00058777609719443699, -0.0005026802075729646
54.51526785935507, 4.4747839878561297, 0.00014422079932476463, -0.00011293551851825741
32.508382809396224, 8.8960633186797011, -8.4405056881960746e-05, -0.00034643269963929792
49.616556073904768, 6.9937389104069529, -0.00019151855171143338, 0.00067834152540863257
42.628694451289341, 9.7640349838322749, -0.00046402220933993717, 0.00015780835517686657
40.791071588774138, 10.049468433961907, 0.00027943628465364976, 0.0001958678864804366
55.533942208700267, 2.121408219733858, -0.00015323350887263656, -0.00014584749351545122
45.772208547968525, 8.224692886192873, -6.764242697500677e-05, 0.00090880080464832884
29.340565021055966, 6.1051503614241645, -0.0001544490365460383, 3.7139257030472415e-06
38.538819369275593, 9.5193792121444218, 3.2796953897958394e-05, 3.2207220302588934e-05
48.524726366768256, 7.4897280010509855, 5.1410048377386858e-05, -0.00056108893582594544
51.429022815877104, 6.9390737073730833, -0.00034899755316425418, -2.1683087232330692e-05
40.103619163027673, 10.018362796320309, -0.00013002823172469303, 0.00016553923656462439
36.024416338330838, 10.377486762062439, 0.00049559730558721533, 0.0010324946016779649
55.710769595916226, 2.3372769123742247, -0.00014485204274185777, 0.00013310745283277847
51.034039549707813, 5.9563169158539768, -0.00061014479417383766, -1.9972812634018062e-05
41.685021480133692, 10.193123551969324, -0.00041171226490061908, -0.00024162087140071136
42.948056160630976, 9.4012409760834679, 0.00063169381223896848, 0.00041651262610981342
41.763888719712376, 9.7760386241837072, -0.0010117194030843811, -0.00024043732916974092
42.721268421561042, 10.042915807225002, -4.2988315466749968e-05, -0.00079964478410771709
37.844378013912994, 9.7523349043137237, -0.00067791219483083216, -0.00020400063093444152
50.056269471013913, 7.3225694862223367, 0.0005189468721890566, -3.5477783723762705e-05
32.87055162142326, 8.5274408264075721, 0.00027516531862502031, -0.00021923607050446036
52.739462081410579, 4.9365084885065711, -0.00053644584002426985, 5.4859447132393534e-05
46.549602274915834, 9.3023747483662458, 8.7262006404320304e-05, 0.00016820175698021748
37.584457443156843, 10.030297195175805, -9.8511294497489619e-05, -0.00029910802963858452
38.166618972180821, 10.068528478550501, 0.0008982559586938688, 0.00048979692082236944
37.892995141663754, 10.904532613332144, -0.00067966337725315596, -0.00094395252852296928
36.367626745741411, 9.7204092921197418, -0.00013406995517417308, -0.00010945975710596524
29.507879537534311, 7.9851382639867667, -0.00045865423897266009, 0.00040058981517855419
34.030114510329, 9.1566231325100524, 0.00039297483379717544, 0.00095445382917613906
47.285375032912825, 7.5700487711702431, -0.00058695537763367336, 0.00058777321916520084
52.754858371572269, 5.7487196740335991, -0.00012881726379387453, 0.00042710518399717351
37.314276326970251, 9.8310520795176846, 4.0102425167645282e-05, -0.00087246308662615728
29.412355541577053, 8.1540119295185374, -0.0004630628751800353, 0.00015329169247235469
30.407939625348799, 6.7486647561796573, -7.7303977393409346e-05, -0.00026020363272242662
29.109108414573246, 7.31466706944272, -9.7639712929680248e-05, 0.00040821347322760997
27.173283167501207, 6.5118547965178895, 0.0004695999285361429, 0.0002770009023022511
32.135752122204856, 7.7062005235345454, -6.4102213729296374e-06, 6.290057350630741e-05
36.395693683480289, 9.6781205644135451, -0.00010428400136005156, -0.00032380012762596829
54.67909223305179, 4.5743695572683132, -3.1248635583786241e-05, -8.1533409261393648e-05
49.247094373152251, 8.2734749489390111, -0.00010019158647043826, 0.00014782022616992264
48.837863951934828, 7.5119452026428011, -0.00076012953418078566, -7.2680232702643398e-05
31.106886374239444, 8.8628978789336355, 9.6613642148174917e-05, -0.00048977690425173939
34.145745889400757, 9.0077091486906014, -0.00022807713775115332, 0.00013005107286935129
38.409402258633897, 9.9549294386981337, -0.0001702428211079915, -0.0005222232196526918
44.436011185027574, 9.1357908714599407, 0.00067822100196596527, 0.00049946947698664549
48.72334274332232, 8.2132076427919873, -0.00034323900583474009, 0.00042399988133301161
49.007679411465269, 7.8024807694473539, -0.00062053223326105232, 0.00011262298925081132
45.035614700655039, 8.9730000404090564, 0.00049204447614395485, -0.00013535051681928638
39.789840363174434, 9.6269051511380308, 0.00072454361370368826, -4.6180736781821664e-05
46.963677486925867, 8.6155044630232425, 0.00018688359940582063, 2.1866888891916318e-05
43.16117130158748, 9.3007445671138012, 9.5178949905208259e-05, 5.4051930916920242e-06
39.730465367806964, 9.8661976387723556, 0.00057365768771956618, -0.00044632918692167066
31.038625244216103, 8.2175534294084223, -0.00034824880232780912, -1.5596502035630652e-05
27.668000189738784, 2.9885899046557793, -3.7472021853851224e-05, 8.4605832514201274e-05
31.571332965568864, 9.1879327384745331, 0.00067437339960128482, 9.7330085854870703e-05
40.938562748143411, 9.8773648338539797, -0.0005397389453484948, 0.00034035279670438317
56.41580164403323, 1.3812569245499486, 2.9136856740615843e-05, -3.5127950792044764e-05
50.172850059806692, 6.9273159168517422, -0.00017551554240666584, -0.00048617731243345841
47.699124846329056, 8.6946361375992716, -8.5917396357435934e-06, -0.00023381407326934225
24.280339179656767, 4.2209455679064174, -0.00014601823133376146, 0.00045021313917357857
38.789273377977779, 9.6344837864965207, 3.9672331873251573e-05, 1.2951107999189592e-05
49.922087144669071, 7.8957201932734646, 6.5379736926283774e-05, 0.00012419969082206231
56.706389464206815, 0.62937277139345538, -3.7015762677278127e-05, -6.7734360181483564e-06
48.591443531306886, 7.6421706237671962, 0.00044092242037340764, -9.8209808991871934e-06
52.428194325274667, 5.8254681093974385, -3.6593554537176541e-05, 0.00020008845926424478
35.458705133108616, 9.7424706587761012, -0.00016112921228586785, -0.00019670552328621282
51.479306871125004, 6.1903214860780613, -1.5475360956830439e-06, -0.00057486423378372905
36.559255207411042, 10.054139904196736, -0.00032273286970507212, 0.0002219149432001035
48.806844738208852, 7.8879665163646653, 0.00030226998232367171, 0.00039573316072378519
36.646526563000911, 10.126096559841825, 0.00054621483051989293, -0.00086262742990930307
42.48936778569918, 10.895443863931627, 0.00034710897234932719, 0.00079771631244244807
52.020986920620139, 7.3206769386336337, -4.561182578112792e-05, -7.9536130646924261e-05
43.798851090831903, 9.249007525815589, -8.3455952709367146e-05, -0.0003584431498119762
43.510557711383015, 9.5119171992692788, -0.00016721344410137654, -0.00069867823031755539
24.228696540919458, 4.1461667405322489, 0.00030629057630103545, 0.00020776442436982616
36.201955287914835, 9.5100469763376623, -5.1595093678083509e-05, 2.1910478685104628e-05
42.697906132096378, 9.5965005615199104, 6.797940001907023e-05, -0.00017863209828999083
45.384721373894919, 9.2433088447115956, 0.00029407396630694353, -0.0004433221228081745
45.572374508096644, 8.925758663908022, 0.00081342793093456601, 0.00046480563948356429
40.666791133906521, 9.4742055879378455, 0.00037357865081505929, -0.00050695516807831452
50.968715714457169, 5.8681201617122802, -0.00049477069326194628, 0.00041249673043397474
36.285575234241037, 9.6538332721798987, -9.8575361788557524e-05, 7.2632092935072891e-05
27.451488123987588, 5.1702306359726959, -0.00028771724822271137, -3.635584314698747e-05
47.427351537956802, 8.2469738857420385, -0.00081516121513470162, -0.00025314475908152964
39.384746052757656, 9.8939895575102206, -7.6847598958143586e-05, -0.00029808425354150035
48.088058469216733, 8.7624249352304133, -4.2262799396099679e-05, 0.0001265178263446632
38.256097592635157, 9.8284520124206889, 0.00010064982244411381, 4.5908273125288334e-07
40.400087629860927, 9.9920123002939825, -0.0001680725386731044, -0.00020650505042138479
45.956666052498086, 8.8826887573488573, 0.00035339284769610944, -0.00018013207261903817
27.608315280584609, 6.8814988324103297, -0.00049450604717673, 8.7438118593634193e-05
40.388021065698808, 9.8554934290104228, -5.0084244731527954e-05, 0.00028657627985876629
31.572476761880459, 9.466745949760984, -0.00011145797262952569, 0.00019028565032906282
39.568737120846315, 10.033914998605946, -0.00040677978848352632, -0.00096935035560864529
49.060744800941983, 7.0816665055425974, 0.00075127612171483552, 0.00024129963374129723
33.413236316459532, 9.480053735929209, -0.00037953982067249424, -0.00049817475688880412
47.142702136809376, 8.8858482183165197, -0.00027517815528803303, -0.00024366601905271339
51.965334242821974, 6.693311017983353, 0.00028817540955071506, -0.00014778189516804119
35.731553938249611, 10.577262500082693, 0.00077748051641916989, -0.00061336624062577523
38.58557411538321, 9.9303198955975578, -0.00016049124443128103, -0.00040589995407592372
28.316155338346608, 7.4916925982852716, -0.00032186874233473009, 0.00033011015640431647
42.112848321859317, 9.9220551204092633, 0.00082163150466283319, 0.00011640721446925828
43.582691012298035, 9.5220212669364717, -0.00049074037361119746, 0.00010024313079642172
46.561211008284687, 8.469475780381325, -0.00022034738632487533, 0.00064126728034989819
41.201972751534392, 10.086257417792849, -0.00031155236500860005, 0.00024027176743211684
44.816221335724798, 9.707513557779377, 0.00015379410389311545, 2.2128878486866838e-05
42.375888211925613, 9.8158363688391983, 2.5666240923571455e-05, 0.00039412113319993599
56.882419753216368, 1.9274897538105993, 1.3384228805375353e-05, -3.7031453496337804e-05
46.935092189394432, 8.7660382305599036, -0.00044746108365954751, 5.7218000582931239e-05
30.49691594831582, 8.9646246344193603, -0.00051843051679815717, -0.00053399490106785226
51.899844913436922, 6.0605085825729743, 8.4086155534270312e-05, 0.00032529775119318762
40.49196960385035, 10.204326094384543, -0.00015667795473481896, -0.00017435402615329892
43.58642149205059, 9.4588222403180833, -0.00017256664347729139, -0.00080998500051974803
38.549840047297351, 10.618504401143468, 4.5524203780570482e-05, 0.0002071298283732455
45.334367010059317, 8.6952926608662953, -0.00066596358916197614, 9.1114570793041809e-07
55.765612852325738, 3.4648105958595923, 5.3609385240692761e-05, -0.00012314324977936447
50.064533622385817, 7.8336821173396016, 8.8449444815396871e-05, -0.00024793812080849196
52.175301827879778, 6.0098234800021917, -0.00015093391657455547, -0.00044006397150825782
26.617777631198923, 1.5837729209977298, 5.639695920402611e-05, -1.8030804442649424e-05
50.020689213509328, 7.7452434789296207, -0.000257113447802292, 1.1868696508824678e-06
25.87597988674694, 1.5184804172285531, -1.0915781684491397e-05, 4.8412459789305855e-05
56.154885092369149, 3.2061642321669899, -2.6188817540111693e-05, -6.2391332370427709e-05
31.778733990276969, 8.385797878207379, -0.00031798330531590714, -0.00012945204827078524
34.636402247293674, 9.3142750670324368, 0.00019172235941995814, -0.00018579311131543036
37.280271704936247, 10.31771583639228, 0.00028842181207127066, -0.00098285430229036962
55.066514184476446, 2.9056270944950677, -0.00013464027627510189, -0.0002119868060044876
30.660126802604985, 8.465155743380345, 0.00029909393218944755, 0.00022189389152681559
27.86321222043777, 5.2224068377786743, 7.152754495435937e-05, 0.00022606393076402979
28.634872229928114, 8.7346934648041188, 0.00013137696907714665, 0.00086379217686141868
33.731682463382818, 8.9666890446654257, -1.1135412177119393e-05, 0.00016434788511292487
41.039538321428488, 9.8481253313339305, -0.00012834561840222573, 0.00019182616033156633
45.16933249107359, 9.050217334387856, -0.00095194205848671482, 2.9024696017656919e-05
54.730569756035969, 4.0850173827843985, -4.9121058484626877e-05, -0.00028299854042009709
39.341173775870097, 9.8009904768747163, -0.00061656164313015802, -0.00012959998788450856
36.653036201929041, 9.9765145002575277, -0.0002136672474457598, -0.00042614826124769448
43.71534772270671, 9.7727409437590627, 0.00025026036880680951, 5.4568111599950225e-05
37.897882061795976, 9.7267846361605717, 0.00047083491740908495, 0.00027120888309197525
43.520500533677229, 8.989666043181062, 0.00046114633454411572, 0.00053331641597261382
50.595289973683428, 7.407627635193669, -0.00029120741635624314, 0.0001897769535195439
45.282052258699018, 8.4773534165155358, 0.00080897441167928242, 0.00044045271789742649
29.313172482494121, 9.0193692354594557, -0.00082568956553162012, -0.00049169237715828969
48.235475129165614, 8.461724712318949, -0.00017829395267390859, 0.00048148242805158944
27.301283292523358, 3.714335893988693, 7.8711797693738821e-05, 8.8870239745996813e-05
33.946323599654342, 8.6350406798006567, 0.00013833787607665844, -7.1927555307535338e-05
47.314362796609721, 8.6355015597579161, 8.8992576835308121e-05, 9.3110363255432131e-05
42.494445305019582, 9.6257787296201833, 2.4948189723120504e-06, 9.7681721107823643e-05
50.507308016986777, 6.9959683092427749, -9.5033759743319807e-05, 0.00034262094774007177
40.583351475999159, 10.068712990871402, -0.00082208599290362256, -5.2713038691263391e-05
56.300309125556801, 3.6274077695324745, -1.9899785972145149e-05, -4.1442621727047179e-05
46.336628177045839, 7.6544492853591839, -0.00046569303197564272, -0.00062169748777091941
48.642363223013007, 7.9111705754730277, 0.00037409669329423976, 0.00037197674732675077
54.052334591092304, 4.6563245988592108, 0.00025962465689312569, -6.6582274844643159e-05
33.650984033227019, 8.9116722013556213, 0.00037162758563262933, -0.00017983726347188886
39.853870704833177, 9.5416855538006793, 0.0001939627806211543, -0.00025580799790269585
44.540608177333937, 9.3956533560423008, -0.0006102790051469184, 0.00016078709887244269
35.330694861709425, 9.8108232448120702, 0.00032840241968832022, -0.00043589715750862445
38.302200260198816, 9.7848652976201436, 6.0926476539012074e-05, -3.759840552120276e-05
49.936129841259749, 6.7527756544036466, -0.00041233975921542963, -0.00057773362098404292
31.555051684257467, 8.148932443234175, -7.9611166092695648e-05, -0.00027847389204132801
57.664179192584385, 1.0288698720997429, 1.2385234873381185e-05, -3.071780063797648e-05
29.050797382082507, 8.1998307607082133, -0.00068477954127203235, -4.420209959524917e-05
54.483000846893376, 5.7230513913243275, -6.5408172990553625e-05, -0.00014103407793415143
53.644193008329417, 5.8433527955570748, 0.00021548191718847708, 4.0567754473397087e-05
47.868106590535177, 8.6453490261659027, -0.00027421918187128824, -0.0001191616636950098
55.884423548797272, 2.3725377202744609, -5.9310256190225209e-05, 0.00017346406366846334
37.293670910344304, 10.179200384077939, 0.00037175251141919311, -0.00030826217760137161
24.830169365578151, 0.35809164908078356, -4.06728295392153e-05, -4.7349274954719966e-05
46.493867157312032, 8.2480713143642816, -0.00021767045180878415, 0.00077824597913167678
51.885343534333437, 5.9117605266696245, -0.00039814521840064466, -0.00025571149275346189
48.856297431268302, 8.2715274733403863, 0.00011645087701443518, -0.00019951373462115721
55.026596382601127, 4.3701540557701204, -0.00015324759493802223, -2.3026907469860862e-05
55.05693981545339, 4.2839681878593447, 0.00013821574332172597, -0.00012174641140477316
43.602504899014171, 9.2853267162579343, 0.0004008768370734926, -0.00015635648860525312
41.985266721847346, 9.8582152279505397, 8.2003646716082292e-05, 0.00018071445069316836
50.991216868685967, 7.2376062774093128, -1.3436347871497369e-05, -6.4017783990575646e-05
34.789956900402572, 9.9707089140101708, -0.00066703899490753288, -0.00051870010860516867
41.490163074006546, 10.143578266900443, -0.00012086214368367928, -5.4083705998955054e-05
33.928689349841108, 9.7988105611902956, -0.00041837690122173882, -0.00028563943171171859
36.196061898033641, 9.826217263718604, 0.00081407701547887585, 9.4075793499071947e-05
36.138397923859557, 10.461019248285675, -0.00077767775621953323, -0.00056287521890634087
43.340092831171084, 9.8409024014599229, 5.9255438620983766e-05, -4.934459724316668e-05
31.011377993097422, 7.9788769242850597, 0.00034664294373279068, -2.3695699913371617e-05
50.58283596060825, 7.3843822147510831, 8.1344434073581643e-05, -0.00024966835858963692
31.484834641020221, 8.9352148640708648, 0.00019981815656722294, 0.0009125876585635421
48.874345834385444, 8.1785283916751226, -0.00026345237934890641, -1.7770644344504728e-05
50.709973096792126, 7.5767529089179586, 0.0001116316806735061, -0.00015602415834334372
47.896161357735856, 8.4577746099484923, 0.00035140912427721391, 0.00033290212161343855
30.603070768268257, 6.4349981740171174, 3.0276473882664645e-05, 1.0096249015576017e-05
29.853475736999897, 5.3640644568161511, -2.7457692373299435e-05, -2.8039488404414087e-05
42.673574115669972, 9.6475640831537142, -3.8661416281388945e-05, -0.00038195613421394858
53.47945144347073, 5.5929283276085346, 2.9852271790441754e-05, 9.7096616903395087e-05
35.499598702545363, 10.383195754545278, -0.00092322600515848863, 0.00052114586348623215
27.706368861956349, 6.0502170612008275, -0.00020952658672904699, 0.00023892756111302846
36.736147401136932, 9.573216613813436, 7.4337473850958925e-06, -4.8608134228631099e-05
33.863942883239162, 9.1937973907999222, 0.00058524516899789724, -0.00073956831635054745
34.685327689096951, 9.7235708692756653, 0.00010271041108172179, -0.00039648851856517714
41.719230359588153, 9.107870857959492, 0.00066281487025066977, 0.00053420524964685489
53.862321225389614, 4.7035226624337758, -0.00024477234974485675, -0.00017911714164519404
43.200663817755583, 9.6328282686179012, -9.4978172132686046e-05, -2.3157963374792834e-05
51.325775789067244, 6.8137694365702668, -3.0167826776521497e-05, 0.00044061511393924421
47.677031325826007, 8.5875936647610551, -0.00014520088564116176, -0.00018414898806080806
32.118484136767876, 7.9078810606055088, 0.00019244059693245986, 0.00028401751950587432
43.967407738028399, 9.4504322029929586, -0.00047813076679504522, -0.00033100987033255288
43.728860899689508, 9.8896195277192973, -0.00021455484121665842, 0.00038167951036686412
49.215645305864641, 7.6856319760050127, 0.00039487352164411577, -0.00022180876729229124
54.493260611199361, 3.4370709835641891, 0.0003251338795335775, 9.6773272561062174e-06
48.761081473597955, 7.8634947318400643, 0.00054284032986872755, -0.00036212927848089377
30.385025019668543, 7.3085085303937118, -0.00043092389508838866, 3.1881394811821977e-05
38.50013018367946, 9.3846876191265931, 4.8225962520628745e-05, 0.00014971241356889059
28.281786141322517, 7.5429032777480636, -0.00049833243207209694, -3.5171410792744851e-05
26.542431349873198, 4.1541847922539992, 0.00022867072244992816, 8.9752329931077986e-05
36.328024190985964, 9.7521467752065529, -0.00055325086943826013, -0.00057167359073995096
35.748435580814672, 10.316917776632859, -0.00089606289673243634, -3.8601895605544938e-05
27.301600213835492, 5.4089846004035609, 0.00021478336765198952, -0.00019586129797239185
35.140946004438611, 10.023300471538599, 0.00015199823765392283, 0.00066985168317837667
46.203856176530202, 8.3279359271284168, -0.00055432128178059331, 0.0005447636486837329
43.892371336638917, 9.1946923505827431, -0.00043500428151095621, 0.00068221706469066617
37.338116066468288, 9.9763795096090977, 0.00079831268248689016, 0.00071284974075765594
39.669884089753005, 10.321016963972774, -0.00010417532317453333, -0.00021551187781388797
41.198295585246122, 9.8054494656515256, -0.00049954582111705846, 0.00050865666524780391
54.447976217148756, 5.0036722174621637, -4.2363861467642583e-05, -0.00021270268223389394
47.12841656196116, 8.5527874263023751, -8.2471568765646482e-05, -0.00032504559065266414
35.771390786214106, 9.8904357155446245, -0.0007668195675371558, 0.00011322298917844958
37.40251363472327, 9.6391548127805375, -0.00045476825320644987, -0.00093004335980696219
52.785815513401104, 4.8694795178985943, -0.00026247972512220689, 0.00038203991475612754
52.652665326291832, 5.0762873905422712, 0.00054114701928784602, 9.8608977020332912e-05
51.766710391691696, 6.4104614772497204, -0.00058091089998869817, -0.0002183393497187627
32.781189371328047, 8.6812461860409851, 0.0002691102039973137, -9.6070644277612767e-05
49.151603899129157, 7.9848695213095509, 0.00017878308606098666, 0.000397884704793284
45.848318673752225, 8.110556524328608, -9.1007523436215695e-05, 0.00063263332374314163
52.250192097387902, 6.7423375654948892, 9.584305986337833e-05, 0.00010174030902875113
27.250494380039473, 5.2878866323002853, 0.00029253537917498532, 0.00010139625352358628
39.962872867923551, 10.294405150003316, 0.00017509940451972334, -0.00080307020062074866
37.645581885657492, 9.8154683142581938, -9.2458532254128292e-05, -5.408416793757675e-07
50.856694260216301, 7.6127512794255754, 3.7667656277823735e-05, -9.6692041615122828e-06
24.512841277912052, 3.9384251890428525, -0.00020338521848162336, -0.0001296390710566238
47.617148238535862, 9.0964218025377388, -9.2158102853854673e-05, 0.00013995686188931738
52.915257430682985, 5.6097386894669237, -0.0004637361119031106, -0.00012795568712865364
38.797055103472275, 9.5562317058573498, 1.6079275951235095e-05, 0.00011784572994159738
26.619730202761986, 7.0375431335505061, -0.00072209684742053498, -0.00016492176483333024
36.980927062522369, 10.049593941923721, 0.00065585138749051856, -2.568457198954052e-05
52.23288385870147, 7.1895591755470534, -6.4842150216320218e-05, -6.9085847509087398e-05
34.837817808611632, 8.8501282859744226, -7.9460674300614221e-05, -7.5354434142353168e-05
44.820937644032469, 9.5188052659397737, -0.00049093616760007822, -5.5179262342623111e-05
48.399932519349292, 7.776386741654207, -2.3191456538857884e-06, -0.00076697094671387446
47.104793053702345, 8.3701144406304309, -0.00053162096116196318, -0.00023506501336499852
52.898962561105016, 4.8430331419287764, -0.00015659713650615942, -0.00050962268219611735
28.689430089796176, 3.1455968438897708, 2.3704988059360555e-05, -1.6603932507177616e-06
45.465947352785136, 9.294141350074888, 0.00019058872501044385, -7.1092904209314888e-05
34.09248703794249, 9.8920674721560342, 0.00038616752977894974, -0.000242806773250007
50.507405309760635, 6.6918176142420096, 0.00016319298462528502, -0.00021142701904491835
35.132874402609772, 9.1267118216103604, 3.519283212488313e-05, 2.7222409829604262e-05
33.780940817187037, 10.053056393029902, -0.00059400527577070021, -0.00073087272232459774
36.755587621946745, 10.018762157529114, -0.00096245757366062183, -0.00011751386976553749
30.376552019191237, 6.4365548878073913, -0.00017530379967167729, -0.00016579253018857715
40.784217701668496, 10.017711744293056, -0.00010402711239831595, -0.00063782862524461488
42.180146922156304, 9.2243626761269617, 0.00064442167572675466, 0.00034750245359744289
52.455894963529424, 5.7803876692410103, 0.00025044456342456704, -0.00035432601281394893
37.41572643983897, 9.813396923381104, 0.00031780727404116972, -0.0001403644859170374
35.699001629340877, 9.5998051922244905, 0.00014759158587014372, 0.00034418540868443856
31.538783893118993, 9.2683801467256099, 0.00012356276645657257, -0.00075699150708878192
49.547085631051544, 7.0120654941141396, -0.00059854953086947867, -0.00033212161231116754
42.754650805917372, 9.9448362151973591, 0.00020111431623688616, 0.00045338345484599948
37.642722102492797, 9.6536050814507934, 1.1994550677486335e-05, 0.0002329867822859736
53.523519839999388, 4.4455922188427373, -0.00042661189333945756, 0.00014930038996599328
48.551336613291781, 8.1354703647467463, -0.00039954405710420439, 0.00045414750760220507
39.714125532194274, 10.169627817869261, 6.682934818746178e-05, -1.4115448785006344e-05
39.909444678323666, 9.7103720422872151, -3.0486742070531856e-05, 0.00090253071835203955
41.578311703930439, 9.5894884693234896, -0.0010684348246262909, -5.2196499339409332e-05
41.743484322039528, 8.3578659594947009, -0.00022316002446216116, 0.00038771696296838014
41.238414846753528, 9.6238053614889996, -0.00018786955395013117, -0.00056935958851014477
38.267430299131462, 9.6058349955333426, 0.00010778360274881315, -9.9287281979070058e-05
43.155425616971698, 9.6174371662306548, 0.0003450502669880924, 0.00047355200176094265
36.540989865508834, 9.8107075630922207, -3.5823993672856494e-05, -0.00014232177174864827
55.600180243531241, 2.3663713511534534, -0.00018586051473664457, 7.4440521094789645e-05
41.908963939973418, 9.7086422827613799, -2.6990112474863554e-05, 0.00011647956762066623
53.324861345542068, 5.2687158864175103, 0.00031788757595559869, -7.1717239044734261e-05
30.442671776182639, 9.2343837603992043, -0.00055562713056406124, 0.00076483362540282363
46.001252133196587, 8.508001215359446, -0.00055019029516689623, -0.00041012680889832758
38.657399919207784, 10.000042475128344, -0.00025552563962524246, 0.00024588688649776382
29.785156044758345, 7.4954564546149678, 0.00026694176415303239, -8.2216870856705474e-05
51.886864859145774, 6.5083580605270575, -0.00010267849016316137, -6.8186205696902627e-05
25.577575438985786, 5.3997349675325559, 0.0005885652243360005, -0.0001500308582485313
51.367072793297524, 7.5133515109160429, -0.00017657774091885155, -6.6970963908109164e-05
29.307877406994027, 9.6788297663406357, 0.00058487412667870115, 0.00072218358466826307
39.107337807382898, 9.7889626882423091, -0.00049405791708573884, 1.0391829541162871e-05
38.884500089536814, 9.7936838445152077, 0.00024970907574716058, -0.00021784579805647619
43.517774002723478, 10.504049643780039, 0.0001973213859892361, -0.00032881897702910794
42.774452307926644, 9.8110805919565571, -0.00042176078000860146, -0.00011881192790151215
45.552446563818357, 8.9957762536106678, 0.00015225445656160932, 0.0002945328477714325
46.169058273460941, 8.209856130522045, 0.00010166815293259861, 0.00083370629225428092
35.648228496474573, 9.5167248059528013, -2.3174980778844873e-05, 6.9173193982306506e-05
40.397284172372792, 9.6636329056185932, 6.2114107337403096e-06, 3.5961989134845032e-05
56.934190519250336, 1.5198265566708224, -8.1823144723346682e-06, -5.3173811604215983e-05
30.28511762573655, 8.887687784950236, 0.00068172313008385338, 0.00045873147071064075
52.252188809437335, 6.3740718092895641, -0.00020350462284428293, -0.00027490031055301154
54.062437709564179, 3.9407643553116269, 0.00021480726118385294, -0.00028582721787511563
55.453150249110848, 1.5365827338528013, 0.00015837812547759894, 0.00010230086350814252
50.292943430254539, 6.812071657429895, 0.00050513556172697416, 0.00044593621155280481
41.348341681915819, 9.6661887480574933, -0.00054860087225735055, 0.00046885492366316466
43.419825870305829, 9.5782124027579236, -0.0008062163176904537, 0.00063902292421085503
48.769905114366495, 8.4165148769908189, 3.575459311156072e-06, -0.00026007425964180562
41.603209931866623, 9.7292009045081418, -4.1293458876510052e-05, 1.7320347964339986e-05
28.886356827856101, 7.0948232346673095, -0.00017332221419306539, -0.00061290234347923347
44.247044186344063, 9.4484540104750856, 0.00033574784971312848, -0.00025525489702983529
45.342912575272464, 9.0113497030787073, -8.8021250847371171e-05, -0.00058847230295859131
37.832026267875143, 9.9419395311674545, 2.9102461076375543e-05, 9.3894370249128671e-05
28.512559794819857, 7.3858615835156014, 0.00030374556471991142, -0.00033837456878221074
53.256708609008093, 5.3422405252034624, 1.7359115809848888e-05, -0.00027334482671737155
49.430568048331601, 7.118359204169411, -0.00034618147876072029, -0.00056827183524298022
50.609092783283558, 6.9673835918300151, 0.00018170732161215436, 0.00048089704119700874
32.081370092441382, 9.586616393154122, -0.00063980888411342305, -0.00046823344632715999
34.105362531861211, 9.0199586285496647, -5.3809567743107002e-05, -0.00040331027628610314
41.480777370079053, 10.596645960078382, 0.00021351851929306073, -0.00049635211293218165
48.227266740163664, 8.8197414383599373, 0.00033393762379974864, 0.00013976598715383941
32.317876129636929, 9.0842490703248355, -0.00035480894938971883, 0.00052469487339092027
48.938904012867823, 7.7288250693208171, 0.00067455889478772722, -4.4144799688027138e-05
44.575777476812988, 9.2104258274063984, 0.0005128620282075138, -0.00022701201558119542
33.669607013118295, 9.6893059768816538, -0.00080325140850632463, 0.00010319187852873612
48.146866585759412, 7.7936626887624705, -0.00053145401223378375, -0.00053538310196490295
52.776934826588565, 5.5283775604941647, -8.918629550549587e-05, 0.0003006981759732759
26.361515821295793, 6.2716831163517694, 0.00050643228253584023, -0.00020463423001755709
28.347205872709356, 6.5750423102648412, -0.00038723327761872256, -9.1000774167950994e-06
42.266728895531692, 9.7214481011840554, 0.00040456067011040986, 9.8669289589505736e-05
56.233290229427254, 1.619184769742801, -6.2472092520612558e-05, -9.6605320890464022e-05
30.797730614171694, 8.5952741395452339, -0.00076851154927693214, 0.00037716046619316179
41.895246899640952, 9.4822513704799345, 0.00018778965628630072, -0.00010499811221071414
33.205627514715289, 9.2783245732379385, -5.3277837528752255e-05, 0.00033797260456765491
37.881351883881045, 10.057248650506347, -0.00066079529826408231, -0.00028843281942084729
50.732848997470413, 7.5866111875810827, -8.0007213021121828e-05, -3.192023690373577e-06
48.467261144598346, 7.7228405407629186, 0.00035334554728255128, 4.7269846157812238e-05
36.681798741286109, 10.757189809853584, 0.00078416022089785882, 0.00049165371294604518
28.659332067722261, 3.3934773821741908, 1.4781221215525496e-05, -1.4456705879945428e-06
37.892207380643711, 10.197789488338099, 0.00018253648978483288, 0.00022174753338048255
51.907533677480714, 6.3342397288627863, -0.0005221624676448308, -0.00012547277906773449
50.508023058802536, 7.7126642253921398, 5.6965512118412375e-05, 3.2952588473256079e-05
43.258872560346745, 9.5916187072305537, -0.00015916055245343262, 0.00095644009177785162
42.209102292098059, 9.758878608318696, 0.00041825457701220832, 0.00066518605256829131
54.26027989571562, 3.8638438969316526, 0.0003004217404205777, -0.00016621756612560955
42.564020758775065, 10.142563569479956, 0.00013429611380786429, -0.00026295045065583927
49.990801029276334, 6.9902110679912894, 0.00044349141945606955, -0.00039109378057898271
34.668950528826727, 9.0532643824201724, -0.00011126106237683715, 1.8770466369846155e-05
35.507673712550769, 9.520905471483271, -0.00078205872027588578, -0.00068349360236981253
49.752728871096487, 7.3183063001997111, 0.00074405302589093084, 0.00020968142614371239
29.829852963754849, 9.5008511428793092, 0.00097830724681537791, -0.00018151125266344573
32.122534116043042, 9.376878559866622, -0.0003613849700187761, 0.0006024783695846599
39.687728930619052, 9.657437678059102, -0.00016693156337585778, 0.00091413042892168786
27.351789277488521, 7.7499388038557635, -0.00062611509070983938, 0.00041344288052727032
45.086217386725899, 8.7749355954168404, -0.00047699650486084913, -0.00063533165805579187
37.840846691961239, 10.140748919357119, -0.0001320856050867431, 0.00062210246025952648
42.473504610625753, 10.536035657047275, 0.00049712783965066138, -0.00017533082064892654
34.834769146570572, 9.0745773952276014, 2.478497098767079e-05, 0.00048914727281106725
44.787135792225179, 8.9961897840438052, -0.00017646207221140963, 0.00046813521838721538
51.512805379820549, 6.3769929671992784, -0.00034737286753267957, 0.00015647568798900794
52.304293578374434, 6.6457062360703754, -0.00037963837901710818, -5.8128020244428566e-05
41.607955366082784, 9.9567811961899508, 0.00020272020548883963, -0.00013170013982168638
44.20500617055923, 9.3906308846324844, -3.3085412545795328e-05, 0.00084248302821781707
46.812055273884937, 8.5467349108755375, -0.00045958229951822152, 0.00012913232030292162
34.303999603613647, 9.6922101585881908, -0.00013199035346611964, -0.0003460937050713822
37.805150842269974, 9.7843682994135772, 0.00042423347018318664, 0.00057694874457422235
30.293716671875625, 9.4816322907403094, 0.00071583004817345132, -8.3249234482466703e-05
35.162822902015058, 9.6357765709042358, 0.00070615603894330712, -0.00011256271347266929
27.525413292043684, 8.0204553303555812, 0.00064964683289123518, 0.00024345524286361613
31.509436307630008, 9.8791600378323068, -5.016372272068198e-05, 0.00084815251414186203
28.154347047270914, 3.6428233405372676, 6.0365822169978253e-05, 1.7592837540831966e-06
30.545045161302788, 9.7539616584904127, -0.00039837381733567244, 0.00019247086976522214
46.613533989051312, 9.0934986823987352, 0.00011993050144455841, -1.8881358184331221e-06
50.635461012086978, 6.5603344567207769, -0.00044728182004847655, -1.7329244941382796e-05
30.997864497741606, 9.134556666920794, 0.00038073092383983918, 0.00064314173385317654
40.208968619976744, 10.423599033417622, 0.00049053548426077358, 0.00087384723036584974
32.730094262496088, 8.4637614062919493, 0.00023352044462918511, 8.9000797259422321e-05
36.083829603934554, 10.0802638207686, 0.00062783545030881355, 0.00051137972908058926
34.986108744092256, 9.2488691373235419, 6.0730223878813887e-05, 2.0336141396045452e-05
27.073187775748931, 6.4221746929469372, -0.00015791832467216402, 0.00034843048515075333
48.139403782451517, 8.5930856975719188, 0.00011731123003004046, -0.00015023284691888247
37.437480072189011, 9.7654534649337119, 0.00028795614599159665, 0.00011981968328673595
40.580100088308882, 9.9826234135437293, 8.9496806784802727e-05, -0.00057164307090153436
29.67006963175821, 7.2241512157822187, 0.00040220879923876272, -1.7249768114950222e-05
34.114412377102767, 10.69328384947376, -0.00011931953629142986, -0.00083951071528387306
34.275063463047118, 10.058510368322063, 0.00050661589693098074, 0.00067282447421884088
42.444380946592155, 9.7825052013740148, -0.00038932947686527139, 0.00050905203810354947
47.626300517166641, 8.8106253967014325, -0.00014831901721563053, 5.0845143409358902e-06
38.589618032068714, 10.635180789404773, 0.00028173665989645415, 1.198919218158509e-05
35.180067566263311, 9.2382838849867461, -0.00079163453876322006, 0.00013668951639331966
34.627026560584795, 9.9369405479517301, 0.00089380972720904935, -0.00047265479003526765
33.402954696581212, 8.5069258404478223, -0.00010531659092027225, 1.7645200365018283e-05
51.504691827175975, 6.8479676626208779, -0.0002526176797728989, 1.4782509418136629e-05
55.702404099096398, 1.5007664671592973, 0.00013007159658568645, -6.651187095097108e-05
42.541538503076602, 8.9304713777499796, -4.8695815381051307e-05, 0.00071955836557886061
53.019751527363518, 5.7515960455899977, -0.00025188388067799125, -0.00015675427769875947
26.980609822312083, 5.7114548206895668, 0.00035003449239321143, 0.00022912604815436896
27.882671303720699, 3.6441379825127007, -6.7506098811256121e-05, -5.3523621800666053e-05
55.96128328207238, 1.9624352096490081, -1.6844659173714293e-05, -0.00014762749777772689
46.77407490121238, 8.7288732678050351, -1.731264032220107e-06, -0.00020830362527930247
32.767418741992749, 8.3063938454135204, 3.6305363410470227e-05, 0.00018010998044942834
28.520848494421294, 4.3205773231567681, -6.4569663266033647e-05, -2.4160369630558585e-05
34.958183590950213, 9.5248422611035473, 0.00066665713492445092, 0.00055391208831228819
39.164744237098745, 9.7620269484468505, -3.2359319006570366e-06, -4.0374473827016289e-05
25.076819005283436, 5.9705836949881341, 0.00057594300111531019, -2.6759799836153746e-05
49.902278552204727, 7.8012301284645362, -0.00013941255465249367, 5.0377192586001185e-05
38.722273598119244, 10.425380236139468, -0.0010580388050109109, 0.00019402256761745076
40.992734491830291, 10.228088348228214, -0.00036098974396950718, -0.00072257838579172136
52.472131018521857, 5.8187688799545656, 0.00017034890998217746, 0.0004713936140975441
52.200177516446068, 5.9555464273810816, 0.00058844759366261947, 0.00013177076680660657
38.907307608440554, 9.7400039323311258, -0.00019832748120731283, -0.00089314061224175204
36.803483422613262, 9.982736360534215, 0.00044853277992238305, 0.00080764096968119372
25.198103550917253, 4.6616149174006605, 0.0001203700186262086, 0.00027667001284356353
39.120497844565968, 9.9233049871819521, 0.00011763294810419986, -4.3988642426241124e-05
54.252831698125689, 5.4549806878307328, 1.6964566277730042e-05, -3.6702287480815448e-05
32.018245068234684, 8.2386427670128413, 0.00015420928736651544, 8.7012003271323309e-06
46.169696591117663, 8.6658846510846193, -0.00077623437200318888, 0.00024429737763996388
43.213631083541742, 9.2546431075910043, -0.00029101240640878835, 4.7805455405909652e-05
35.903731215743697, 10.46839596561764, 0.00012156077900796754, -0.00068705038320062805
27.995038371106066, 2.159895680936422, -1.7922790575653057e-05, -2.253839816450137e-05
44.847907873652083, 9.4330795732275394, -0.00022745558491818547, 0.00032761157825492133
39.19265938842198, 10.074035076713379, 0.00010778163958802897, -0.00038501867654632899
53.203131442440593, 6.2828707076005346, 1.7902743665273892e-05, 1.1012209788107279e-07
32.88305725061749, 8.674650543104784, 0.00053559625413177221, -0.00059267918323760644
49.054272876147778, 8.1374157539670282, -4.5418134393782132e-05, -2.6156030757434389e-05
46.745310651023033, 8.9245888927765975, 0.00030052565262221343, 0.00032702915382313452
55.734937391040319, 2.9054218672417202, 0.0001253614366879647, 0.00014239198395693038
53.805914284773998, 5.0686537923637447, 0.00022075577996137535, 0.00022880824562414266
51.092321291210176, 6.4443601749300887, -1.2459891930118322e-05, 0.00061437641557832818
30.419673374833408, 9.2141963024950382, 0.0008003894891385312, -0.00042204869108580567
38.855834444166859, 9.8406398196101819, -9.1151259894520207e-05, -0.0001390768804347097
31.273240813653437, 9.1125635723724194, -0.00052513184006572832, 0.00066803755384247591
44.564965193759377, 9.51590346247818, 0.00055201131385721456, -0.00048436992172655447
50.022196088709613, 7.7474745230397133, -9.5119588667559124e-05, -0.00010327264625083922
27.717421552674949, 6.9945801849501077, -0.00051851528274304273, -0.00027765831454649396
39.346047395435107, 9.9995805458231608, -0.00042575273685335025, 0.00040349276787354652
50.882371894477657, 12.900742856812828, 0.00023574046413988559, 0.00027907269377005329
31.170872428564934, 9.4700790489741031, 0.0005928235302196487, 0.00028263999656739203
45.068346842745079, 9.1075763566059464, -0.00073858355031844447, 0.00011995962938136948
54.04505342655829, 3.7490122432084143, -0.00026958012155110832, -0.00029242531879418573
26.731077203318424, 8.0254007827431622, -0.00014365903740076044, 0.00078649864769795316
35.947954821790695, 10.053636740943199, 0.00070034935036952469, 0.00046673094954250723
49.619270477474089, 8.0768240798611188, -9.1648238544375456e-05, 6.1025858982867575e-05
53.069669146444092, 6.210700449478467, -3.7636918405538465e-05, 6.6987989273573623e-05
41.149756620172177, 10.140628343977813, -0.00033975377842028834, -0.00024265442384853737
36.734386641159759, 10.030382406877413, -0.00044621032970503552, 0.00019977964773315756
29.850451982135507, 6.4808838838922593, -7.7034912331618531e-05, -6.257697884190253e-05
42.241440253429388, 9.9597184288212599, 0.0002600275469940634, 0.00046491719316775102
52.472433391501781, 5.2285813073595859, -0.00016459453405624097, -0.00040107865666106263
45.831524966125507, 9.9377870208726176, -0.00030155374668873881, 0.0002639801055464696
38.375040834045073, 9.7189603202358334, -0.00064138422037135902, 6.9614891959564763e-05
29.233990593377921, 8.8701379794520037, 7.8529472035983238e-05, -0.00084942126274938654
28.460686017569966, 7.4335916689156845, -0.00026321342638378992, 0.00077490074690708688
48.410613396552051, 8.1591549263601983, -9.7046202078556896e-05, 0.00046916306737691658
27.131610399163591, 2.4549763270559706, -6.9620782441792944e-05, -5.1143381927369987e-05
29.972079228233895, 7.3915322401902719, 2.4373718382298342e-05, 0.00029411708385670862
41.690585185564395, 9.739562796136374, -0.00048692339870200327, -0.00047678828032601426
56.423146994977778, 2.7587326191975405, 6.1316004494479056e-05, 5.2154003931128347e-05
41.362299576836079, 10.471816540976867, -0.00076676202580067273, 0.00018749728559128924
29.669052233559007, 5.1599746814252256, -3.9769777671820683e-05, 1.1108621917888839e-05
30.878227233260692, 8.951642172139719, -0.00075352053653281691, -3.1642997520809646e-05
35.620407884349632, 9.3879600498710936, 6.494711129766111e-05, 0.00053954604139036066
32.472244758374821, 9.0899721122384314, 0.00037698127967830642, -2.4929946961449574e-05
51.25060159595921, 6.5063716481332818, 0.00031202456876155846, -0.0005586423537541638
28.835791345999571, 6.1491601984866513, -0.0001870775990057517, 0.00011410810581835954
27.33537477192715, 4.9994504174208432, -0.00024289745517283283, 5.589705803961429e-05
48.989310768105689, 8.0823590292255947, -8.9684910222046041e-05, -0.00013964338443432685
50.111434528822386, 7.1599526666541307, 0.00048245134697043199, 0.00047194889708110924
35.904445293743194, 8.6534048523401186, -5.0244720643008777e-05, -1.4889981429690303e-05
24.305040145245624, 3.1849430045476832, 2.3306093573175819e-05, 0.00033757890127544869
46.285748737989941, 8.9667945118703241, 0.00068039933064287705, -0.00050831295045735499
31.711931403645949, 8.6075409762177824, 2.2416493717990424e-05, -0.00028495925430393722
45.249520422353079, 8.8877254693840815, 0.00055715553995428738, -4.4089045487924426e-05
46.156560824774651, 8.8336203919298573, -0.00031397513200999113, -0.0003364661224951251
35.898676007656178, 9.3956368246204445, -0.00011774362950574759, -0.00021944247252017281
53.011271068211698, 6.1665773168780413, -5.6430221566909121e-05, 0.00016600067261947951
29.214865782036686, 7.5852465177295585, -0.00031617594730585054, 0.00016680019679708637
48.171839009955228, 7.2713584596784706, -0.0007666945196894686, -0.00025417012764324305
50.745551627975388, 6.5400356510688464, -0.00061768249025604294, -6.5832035610085074e-05
34.525933795125198, 9.4211471414082517, -0.00061419643921682449, 4.7174219491515444e-05
52.110088895229147, 6.5745048278372655, -0.00017402228148606563, 3.0498532848171126e-05
27.740169759837858, 5.4156401449622642, -0.00014221410718786575, 0.00022795133474253098
31.408326259498594, 7.3227406452384658, -5.5583933951472091e-06, -0.00011315974866052084
52.283323877616553, 6.1122043681118434, -8.3962652122276501e-05, 0.00034202710313231926
29.764836312385839, 8.1773886801012559, 6.9351667198475715e-05, -0.00053377839902344596
46.243523289312193, 8.7541140153738439, 0.00037452331118257166, 0.00035246865017002284
57.340590595127445, 1.7530046259236765, -1.2838383035641003e-05, 1.6442496573854335e-05
38.934065085564818, 9.8607925067582567, 0.00063933373277321771, -0.00027301682862708085
33.093897500666486, 9.4152558625498699, -0.00018429420422826331, 0.00071568073791104878
34.440307833518759, 10.484002668650822, 0.0001717083581601272, 0.00087752177754812075
44.150628441533783, 9.4429549113341107, 0.00028046104556280068, 8.5249000936147586e-05
55.054858767793142, 3.6646103253282041, 0.0002047124666679463, -0.00019045553050830316
35.111221470466639, 9.9943472009087539, 0.00023753859872213632, -9.1108165252077331e-05
42.052368091925523, 10.130662720695623, 0.00022146657149132464, 0.000446793515571753
53.802459139728896, 5.6583607742041968, -0.00013406114969958778, 0.00018694683123226266
26.332409455191492, 5.9063439192998519, -7.4609276410989614e-05, -0.00065839169046854468
37.466480314478332, 10.269686903966001, -0.00014774037597828561, 0.00096588102777394084
42.278812280818904, 9.6681901737175657, 0.00034667635770948343, -0.00023399839415439946
49.279324779897784, 8.7974051920002001, 4.3717960789869392e-05, -8.3747678831362944e-05
46.805109025816009, 9.1111542506453294, 0.00017759124423361397, 0.00016565200585948441
30.145819652540663, 8.8740669956172411, 0.00077147114245925547, -6.6644817369095543e-06
46.75009475135856, 8.3004992608096035, -0.00057689806520416862, -0.00066540673051322392
24.179680587270973, 3.3560128479857121, 0.00010031898736574861, 0.00027039330296314937
27.64559834343439, 1.8250532754248008, -2.270251498972924e-05, -6.5447182906756437e-06
49.177180636094711, 8.0023170771312611, -9.7578752083746863e-05, 0.00020988693703009127
23.672067569327197, 3.7240490837950242, -0.00041396074906165325, -0.00019752332171980142
49.622766026382727, 6.8711756598410503, 4.9403699121869257e-05, -0.00067445088295207262
43.797092103409838, 8.7512752313832305, 0.00016760631774784864, -0.00082954969665859047
37.516852566508454, 10.084465742244856, 0.00034565694302128824, 0.0004102034826330385
49.739214809961503, 8.2361129228753747, -0.00018005580085064793, 0.00011601554574272082
34.242220773002231, 9.4134261988657997, -8.2790700345721885e-05, -0.00045708279858053491
29.282009496014396, 7.9228738494422464, 0.00066418898524598898, -9.2816886183818249e-05
46.522452322234635, 8.0974746141977896, -0.000299348820836852, 0.00082247985996051576
32.859229028810013, 8.6919782539876511, -4.8807910482399966e-05, 5.7751080977359228e-05
52.121750944892526, 6.0721680665926394, 2.6305482392253773e-05, 0.0002011666997587038
54.365395860450242, 4.3882254682014423, 0.00016696787125140556, -0.00023125776153398511
48.490924642988766, 7.9157095392964649, -0.00024633853303275603, 0.00035399751605438227
50.30763602408544, 6.9842988767885279, -0.00055600117016392741, 5.6728942621655193e-05
47.216502266852643, 8.2615064722507778, -0.00053323660839019128, -0.00028594088670883894
50.927526420953853, 7.4134043661523803, -0.0001717907783925604, 0.00024565659197243187
43.904943730800255, 9.5598447126770676, 6.1744680184421235e-05, -3.0278773537420341e-06
56.154314561301014, 3.95362825741427, -1.1708681423802937e-05, -2.9691733012293842e-05
31.958878096450697, 8.4734823952106844, 0.00049156400827921726, -0.00010172125208548816
51.023821602926091, 6.5177622756989653, 0.00015554089781506659, -0.00060570884963068259
45.745094950695496, 8.7433318567489877, 0.00029564629880110717, 6.1441791493647489e-05
52.592532338670615, 5.5544228408226886, -8.0174770208208852e-05, -0.00050521762601602436
48.323424671337392, 8.1101874752072032, 0.00021539956034072419, -0.00031757542762449902
37.514631231407712, 9.9852160502637535, -0.00032309104479283504, -3.7296272956296559e-05
51.975408748215045, 6.030717607119505, -0.00043202473908337494, 4.506207409058354e-06
37.810484278414265, 9.9587024929834431, -8.5617647393446743e-05, -0.00030564107090802673
26.656896728294221, 3.4985801282632951, 0.00023022486230573892, -0.00012437104081481945
44.212331994461103, 9.3928842974147315, -0.00072776093987340343, 0.0006108958288585588
33.21653158146691, 9.9828765107703408, 0.00010813851082695863, 0.00054391755566456687
41.58220946360774, 10.260290501331799, -0.00015211798747338093, -0.00020052454475014714
45.11570240091006, 9.372223857759149, -8.8220556887617067e-05, -0.00032604755253346087
48.579854382325749, 7.4801442858972189, -6.9483168500234868e-05, 0.00071616597193561754
31.125692186592829, 9.363819294426003, -0.00077200228284782268, 0.00035823600371053606
52.838268870595606, 5.8979939840316264, 0.00040311266435391364, 2.2610314469077242e-05
39.817091773482083, 9.7074371135402409, 0.00094147754618684751, -0.00040523891817837999
41.717925311369527, 9.7970402211583654, -0.0005039670944016998, -0.00085567089521776927
41.451672845130886, 9.967598822559399, -0.00013638542907965382, -0.0003127128517512226
41.373978838518283, 9.9101765297963151, 0.00075972683091084963, -0.00043925727369494515
53.360178627881666, 5.2115614706311311, 8.5477057472646713e-05, 0.00031809276136725919
26.252303938859551, 5.3366653647789759, 7.5252649907046017e-05, -0.00050740187078608624
54.973885366589045, 4.6942968760883828, 0.00010297467496469296, 1.4610610064432395e-05
32.872949985383002, 8.9702488488629548, -0.00023001940107142787, 0.00035035699996890929
55.343405047742394, 2.9298641416376814, -0.00014570413965878624, -0.00021699319336912316
43.383750088606085, 9.8117061072936451, 0.00050984044044448732, -0.00051496349625342931
40.713464888422209, 9.6965196012204284, 0.00024515864814951853, -0.00028382590272718768
56.157433306635575, 2.0196925157271952, 4.6682522611177754e-05, -0.00011338524177154408
49.90530979085262, 7.0017074709899481, 9.1614728344253081e-05, -0.00049058136548680133
47.186646729299795, 7.6033927311383458, 7.7411685675938752e-05, 0.00083081433676568655
34.353197047101929, 9.9460628966083, -0.00065323485831923463, 0.00077078060960239297
41.285836843783919, 10.032236493501513, -0.00030003427440498232, -0.00081679502947571466
53.58598805342907, 5.6969269874440531, -0.00024122055981351821, 3.7286947939142284e-05
48.322885697254236, 8.1643629487119913, -0.00028943555542298657, 0.00079407087066250956
34.98387138814757, 9.821471063504621, 0.001043395895534887, -0.0001801812302036742
34.869938873544299, 9.0554388228287621, 5.7949782841994554e-05, -3.0823851848186417e-05
38.321057076217983, 9.9142301135375437, -0.00021205427662332875, 3.7211515776282666e-05
52.372100988518035, 6.3505004284052866, -0.00016223686110466225, 0.00021360931546454584
35.880508757929263, 9.624052227330111, 0.00052692642417173587, -0.00011424651448595226
31.219816456382404, 7.1232087218041995, -2.1657207661404812e-05, 5.692000081190787e-05
38.691526083444543, 11.04028255600174, 0.00031304598624214635, 0.00050060445964213184
29.299056516259125, 5.9572946505765545, -9.7263741257446693e-05, 0.00010682837326299708
32.25321191914859, 9.5506848368101291, 0.00037503328008478879, -0.00033471327458606373
52.69957715893279, 6.1738847853260594, 0.00024265485366126266, -2.9984748270123824e-05
48.413404592000767, 7.2831228564730282, 0.00027899691821609593, -0.00064066799691670255
39.033501580664513, 8.5751033607743228, -3.3370755035513936e-05, -4.6071395313933734e-07
55.232481045547232, 4.0156165215573001, -6.2970264767118794e-05, 0.00021710182306631829
37.511707349043363, 9.6387358451537484, -0.00053344267117350422, -0.00055900740946076373
47.739039794806587, 8.7387531096589282, -0.00018088079017682002, -6.2316843350008539e-05
37.621090868516603, 9.5771174758277713, -0.00052156109432488441, 0.00022358118883938606
45.9624413052398, 8.8291361815984342, 0.00013743309362044084, 0.00088489543065271002
34.074093058667387, 9.2767184656096546, -0.00070078933578656723, -0.00039564127344406092
55.777709361797804, 4.3480891299346744, 6.6896127086678927e-05, 1.6520483829542939e-05
33.132970798834002, 10.285834238604782, -0.00090697508976340794, -9.6181881207737466e-06
54.171114194829642, 5.2150011894034431, 2.6413771340257792e-05, -0.00022351832065822572
42.649570680287411, 9.6080505798439226, -0.00095000774290238913, 0.00034176444079062789
30.662234035818202, 9.3712118841497816, 5.3027861284962559e-05, 0.00091146921429992799
51.10702227314065, 6.5137736453676744, 0.00050874639888953959, 7.0835698672464266e-05
32.343486934332304, 8.2293314361042, 6.9496391019765192e-05, 0.00023787773122372271
51.740469371513193, 5.7731141625766682, -0.00027270515588353241, 0.00053633248714569546
29.620247693278841, 8.5158952760137616, 0.00049917144056148841, 0.00082642432769049949
40.863361794353757, 9.3883334456569969, -0.00016670566491782884, -0.00050227539945412738
36.155821086232073, 10.399024971663017, -0.00027347271245783451, 0.0010036749461074799
27.692996693648819, 7.8108239411229521, 0.00077092373572217542, 0.00012265797137812169
23.88306017873877, 3.2307112848017971, 0.00035738945778531064, -0.00010675012575862895
54.251213702578596, 4.5023633175633595, 0.00024528492959678818, -4.1451255475004873e-05
49.251513836490588, 7.9307157248014395, -0.00020687778281991163, -6.5212307120665351e-05
43.690824873938219, 9.3158407361750069, 0.00010780785206140549, 0.00010546537677936921
52.216200689222397, 6.2323378108488505, 0.00023980263859692776, -0.00018779174146128192
32.689091374825814, 9.5217550185351278, -0.00029531567056708904, -0.00033161224354072687
27.330323604232561, 7.0964561987078163, -0.00044491266947860943, 0.00014931822971146039
54.605101057601289, 2.9432839549745804, 0.00015540011691997631, 0.000278875951070966
30.320696152596305, 7.4645215509430303, 0.00011731068155959016, -0.0003960434743189918
29.267434514479937, 5.3180852718996343, -3.7474223427614003e-05, -7.8999482617665945e-05
48.69838985804779, 7.4455866467584277, -0.00019359564206146985, -0.00067609405960262299
29.786070745631029, 6.8695492711644821, 0.00019890321027368372, 8.3903338182200172e-06
28.95130336531696, 5.4420343575896455, 0.00010461783637730721, 6.7451156454492511e-05
27.892714166769423, 6.4631307553946833, -0.00024327218330907798, -0.00036816328488134916
56.292017184696157, 2.1348371635317016, -8.338651633837473e-05, -6.2954331039209304e-05
56.80136231670911, 0.7371881614262189, -3.3901304764044289e-05, -2.1205576001870296e-05
48.487088319144952, 7.6635160205357256, 0.00035980774862748121, 0.00037664081236710341
52.129231443177211, 6.493396451152611, 5.9928377832363493e-05, -0.00025408186113368505
26.734965415243686, 5.6721573932875282, -0.00026834936066429517, 0.00022446861682596635
47.770347627796539, 7.8134679985838531, -0.00066537701087887602, 0.00012540880560687673
48.228959962125629, 7.7702807505116365, -0.00066163090912266861, 0.00034820063582292432
26.959318812323186, 2.6336416794590454, 5.4313265676990776e-05, 6.8344593265365553e-05
43.902498399739443, 9.4907679928761439, 0.00068380905450281368, -0.00016118770485140562
26.635789221661202, 7.6948176559475199, 0.00036325748341214335, -0.00072985675765772798
38.329370358500277, 9.9514488951417306, 0.00052462850092902772, -0.00096399342903074475
39.451582816020384, 10.004692808894807, -5.4771126360804403e-05, 2.2446932278821621e-05
43.530769045567375, 9.7981719411932691, 0.00010350616728688262, -5.3373628580312833e-05
38.832051432632205, 9.9315045182276904, -0.00047697885568359633, -0.00075259710141641718
45.813160097921916, 8.8331689631700634, -0.00038358005360437133, 0.00026419720886123601
35.783060183151527, 10.224270218539024, -0.00046579790822658546, 0.00067915475660079228
44.392153729651902, 9.399442233725912, -5.2159119172657453e-05, 0.00029501336682116405
43.398913016010951, 9.2602507463778885, -2.9848074624622036e-05, 4.7123764288946112e-05
44.594100733424554, 8.5440061423920586, 0.00075997862132838763, 0.00010053461425887958
40.875267541500286, 9.9864574455052129, -0.00034659499499150231, -0.00063832371329047431
36.690648701919706, 9.2431570365054245, 9.7998473334334082e-05, 4.7366285349598734e-05
27.038014206376101, 6.9810651343269736, -0.00046972038956180005, -0.00060694147594076841
29.328198465264329, 5.3534057508360542, -4.0649461607792927e-05, 4.7194588709892707e-05
47.330081922118161, 8.2411210472073329, -0.00017076297792030626, 0.00016571488052482365
42.812308685217637, 9.3879348903393218, -0.00014461462108618462, -0.00025107976942442156
52.819114128613776, 6.4853852749765979, 0.00017060226088356001, 4.2206205028685309e-05
54.70627696894276, 4.8625861866954629, 0.00011469562729516297, 2.7034399816508587e-05
55.709912252831586, 3.7922422283685884, -2.5362531138050549e-05, 2.7411779535191618e-05
31.681184390575609, 8.8309135582685734, 0.00010122291539743423, 0.00028270187584061586
35.68266635485373, 10.031095255113669, 0.00067516666815880329, 0.0001171706093768013
30.466500582340394, 8.6790950739134001, 0.00053372015866590627, -0.00019642956520577758
40.254928644114933, 9.2336881919973912, 0.00082820236616172876, -0.00046310084434320265
25.604196642790843, 5.6917578809123821, 0.00036586938588647637, -0.00035278186834841193
37.058648497714337, 10.512844542083439, 0.00092614118839912465, 0.00034048104143772137
29.643726943191517, 7.6546625866021474, 0.00022676738534277107, 0.00013010625075997982
49.526498447823336, 7.5531312774148551, 0.00058203232650709069, 5.9921425685619435e-05
47.320743577473216, 8.8267576127273468, -7.235707081445769e-05, 0.00018350050988881887
54.458491456595027, 3.8188933528586722, -0.00035137107090670868, -0.00014416779037965759
43.260853199470986, 8.9978065275149675, 0.00029706592355162927, -0.00066774981521880536
36.955212374122468, 9.9631218754529005, -0.00066150194119897433, -0.00018742547708412808
40.968294573376326, 9.4723027080525064, -2.484055816755446e-05, -0.00041604292895510759
34.706289919424108, 9.4309747451288608, 0.00012319018672899096, 0.00018989221392384093
33.670233768332025, 9.3378295995313501, -0.00039789385617702822, 0.0001025473949688469
39.038251074428295, 9.9729821262354754, 0.00015373622258034111, -3.3298821219042982e-06
40.082334438979451, 10.114778462929642, -0.00025302819392486388, 0.00010544237531255929
26.073421922683515, 4.2226786397039424, -0.00017010126474375443, -0.00042515789917172092
39.077610628088848, 10.003483386772556, 4.472228904821609e-05, -0.00024588618802125407
45.5988214293589, 8.1238638450356007, 0.00062731210022770188, -0.00013088858020922557
41.580010886526459, 9.8919631724156165, -5.9618378534277075e-05, -2.8034053791057427e-05
55.314304134206111, 2.6581340030909435, 0.00023990600638458469, 8.3376398304044406e-05
52.107142035039445, 6.1665076749253069, 0.00019453915365094147, -0.00039347251662797718
28.81958166255199, 5.3824040459432521, -1.825803050875844e-05, -6.7544831947780417e-05
52.879106582860921, 7.057535241992861, 0.00054505179555719365, -0.00013989824111075247
30.301258678642579, 7.4937128746265005, -0.00016612730726298173, -0.00031095938605724306
55.138632026299078, 4.5720102494922337, 5.0797655041458827e-05, -7.1629494065254638e-05
32.331015304943151, 9.2921232665883675, 2.8823892810489125e-05, -0.00066157117568752899
46.989126391549675, 8.5912985587323636, 0.00083141986747351676, -0.00030945618061462352
31.544674566840314, 8.1714512761712257, 0.00032694331932183856, -0.00013713144760276797
32.235695497765121, 9.0953244267773741, 0.00058903789346175341, -0.00047786492522543559
48.837068957978381, 7.4818099466280081, -0.00055103768561352905, -0.00057971613545125143
44.593075375052891, 9.3055132308781854, 0.00038947035410266971, 0.00012507880651038125
50.499545118524786, 7.7729683101539164, -9.6846226690824668e-05, 9.8597152187090937e-05
50.667959955742269, 6.3945928605718771, -0.00022624731000360493, -0.00064862969636343107
46.544740566384839, 8.6615518357464509, 0.00012695036112940882, -0.00069766257672241965
40.238046641114465, 9.5820042867132713, 0.00063068101458149651, 0.0004345844105350252
55.681030754158854, 2.8847391103805169, -0.00018396110332592316, -8.103461509886355e-05
37.152292317704855, 9.8644148072140272, 0.00038698964556153334, -0.0002476745404658989
32.4642993076368, 8.8593213008250817, 0.00017884993601902904, 0.00027547943893781136
52.470144864247153, 7.2353996630904911, 0.0002896232226091893, -0.00027070457952272481
44.789490509526878, 9.7002869978669821, 4.226678762751632e-05, -5.9367514195263695e-05
38.39555882232915, 10.651333710342453, -0.0003876870402561612, -0.0003171950966863089
32.770807151963041, 8.3392326736736351, 7.1835317941582153e-05, 4.9609529017545812e-05
42.844870422188094, 8.6066509448079742, -0.00010169859406217634, 0.00081481329725048752
52.261614152123293, 6.3255206829046591, 2.6192040760188789e-06, -0.00016706708982002093
33.216615575540118, 8.8921135784631815, 0.00017178520028792401, 0.00029765090374116518
44.573527494956963, 8.8521954498891535, 0.00082184016335066254, -0.00049100299668434566
27.473853858282688, 7.80501924940015, 0.00029101899341213379, -0.00061990402306818138
37.275299472334609, 10.44495846980565, -0.00070402364453939464, -0.00045531787759362332
33.968096863902019, 8.9010386077827217, -7.782284507443386e-06, 0.0001830212114077006
35.749547559582517, 10.060759873723915, -0.00025402500292512196, -0.00019111744280558878
33.033126579090414, 7.4481146862835761, -0.00019037113104265513, -0.00010881626863955638
38.251917607508588, 9.8630771255176697, -0.0004548685757731312, -0.00043102640555500488
37.026661285292846, 9.887923487289239, -0.00088500600791227232, -0.0002083521056925634
28.879179504838945, 8.112408333496882, 0.00073322913606209828, -0.00051667929722929665
44.715299618271033, 9.2752541340909165, 0.00039108486277852211, -0.0004755265321127911
35.708401316067501, 9.6028112856814083, 0.00033472875394675627, -0.0001292153418858275
38.954018513543765, 9.7266436101871641, 0.00056950482085954914, -0.00034158161969607812
48.167984251568441, 8.4501216091378257, -1.9539292460259502e-06, 5.6349295579940913e-05
36.445246307450617, 10.399411859418088, -1.6280902610529206e-05, -0.00056123067802042097
33.899795427375693, 8.2499626802044297, -0.00037300896034190607, -2.7570826174181102e-05
50.199515907035796, 6.8658160311839369, -0.00037517010615952987, 0.00038580307262914884
56.153370392505501, 2.8508071740656815, -0.00012956852588822391, -3.4485202567666931e-05
34.689382647402944, 10.068671154804118, -0.00051352102464349272, 0.0003956576339793123
37.411140578473841, 10.364125714499933, 0.00060251206379952505, -0.00031357454583699643
45.394070049989601, 9.1778586180418724, 0.00039680744368476075, 0.000271499476956112
35.07853130064283, 9.9757590332401627, 0.00071202501861499087, -0.00063763288765470404
39.938764134165638, 10.247708214767929, 0.00010318205935218671, 0.00040009602096213628
36.587149401634747, 9.7676072610631959, -4.0476904237815521e-05, 0.00013878700027084571
33.952304783679359, 9.4993266249384405, 0.00025671697486732016, -0.00029115702716907033
41.111506336334237, 9.8850396614623133, 0.00053979317977596343, 0.00041384947987272591
25.94245759822158, 4.5635148690826206, -0.00026561656233711859, -0.00018763065755600229
43.15960407785672, 10.092538928741984, -9.51686217548245e-05, 0.00014499416165326861
50.176592014443848, 8.1469343193754717, 4.1597527510121157e-05, 0.00012738112146126282
45.624558906439887, 8.6906548263532457, -0.0001389046362915495, -0.00059339469283576762
51.393655693895063, 6.8242401425352144, 9.2304590995670319e-05, 9.8164043124626555e-05
33.70893862486021, 8.928709890245333, 0.00030042580797818018, -3.7485117569181317e-05
33.534432707060603, 10.202896135596907, 0.0008321237499131827, -0.00060048189554388703
48.648262148881045, 8.6011554978670048, -5.1826946854312724e-06, 7.6299473832455852e-05
48.970372102976036, 7.1888365156092018, 0.00071311817401924606, 2.5643723285855428e-05
46.900657653518962, 8.3150347004093135, -0.00011622963253478711, -0.00084127323801528394
35.966867233873877, 10.438699924949105, 0.00036323572008433705, -0.00014131703124891116
29.240276761994942, 7.7774332561010082, 0.00047284474471574213, -0.00016139959608885574
45.893114103003889, 8.7098582787958865, -0.00038548861428810619, 0.00054204281251289763
33.442843518035644, 8.7097567969210044, -0.00027957350525648208, -2.9579827488739076e-05
31.547364031775782, 9.8025277368679244, 0.00072750735311034095, 0.00059794777873707215
54.764757055509172, 4.191294494820804, -0.00022820860803999819, 0.00018320234801626607
23.799366156275383, 2.3240305246692858, -0.00021510604783921239, -0.00011394545465348638
36.785684069097613, 9.404897077764705, -0.00040966562254116681, 1.7311661146606877e-05
54.563905323940354, 5.3260303676808736, 2.029349267982266e-05, -6.0454067146680524e-05
45.453975395542024, 9.4915799548840756, 0.00019464780366443456, -0.0001900226039298212
34.855842746516487, 9.3688859296796032, -0.0004363980967037585, 0.00052489653812355067
40.606630774962355, 10.401031793032681, 0.00058488832730082662, 0.000476467294690432
49.701665997045787, 7.662728449451591, 0.0002279424046000713, 3.6210816437656299e-05
48.045497371539895, 8.4402805553534819, -8.1663271456056995e-06, -5.3538236035882871e-05
36.418390083967239, 10.043243824253388, -0.00026849088747854299, -0.00036308163060635334
50.565890149094237, 7.3720862501829441, 0.00028268652992802403, -0.00013141770928515716
43.41228101174891, 9.5576344465281231, 0.00031360467408109112, -0.00050277636016473953
45.806908834857367, 9.4350536534364657, -2.8545254108526161e-05, -0.00011131761850065434
55.908334982297973, 3.1145155189727562, -0.00017541191332466001, -8.1814502741150752e-05
33.410115666296164, 9.8701030427935503, 0.00028902876808584838, 0.0003264929542954659
48.895311309717748, 7.4427928932941629, 0.00064101432443889011, -0.00039005239014409688
33.563800849013788, 9.5897290087362492, 0.0001621463145240551, -0.00084272282661867332
44.787453329787667, 9.3047655536995801, 9.3406487184043768e-06, 0.00014513439412329847
35.351585852331404, 10.008822044897938, -0.00013811105966253853, 0.00069831223746458432
51.979980305978025, 5.688208605401881, -0.00048801120053016609, -0.0003174183386771166
29.700267588428492, 6.1806974765965688, -7.3113899773431302e-05, 0.00014420104132490189
33.724191867074566, 9.6988973974641368, 0.00038019377926999394, -0.00016965618408481316
41.636713567684467, 10.037198026503111, -0.00012667484776112572, -8.9591737556208507e-05
26.043855881118432, 8.1099100617732045, 0.00037114558410545901, -0.00064964774689777642
31.46565223412108, 8.6222943232365861, -0.0004874334265827914, 0.00025340664643648444
47.088748755221651, 8.8628821952117409, 1.1236523038380921e-07, -2.9080355807051722e-05
50.361302877214023, 7.2618929968760328, -0.00015530007346155079, -0.00029380381725478146
40.080084116347543, 9.4376327337220314, 7.9082787047587353e-05, 1.3194407781478011e-05
37.481555257028987, 10.020744310625888, 0.00045986990207924053, 0.00077213924807708158
29.683374568212333, 5.8512479910874218, 8.4444166225389945e-05, 2.6864991129189157e-05
55.747423035715713, 1.4596084421813573, 0.00012217915763788371, 2.9228780578427837e-06
50.438765087893898, 7.0060626573990215, 0.00022152164490818818, -0.00019212497227280627
32.088139266031234, 8.2281681526645691, 0.00017524908456133779, -4.1039892889269559e-05
46.276377398952235, 9.1773887710432138, 8.5669722003493189e-05, 7.1560466038755017e-05
39.838725087406445, 9.678176799909604, -0.00063156730311925775, 0.0005963868952405931
30.820737425328229, 6.6261147056490373, 6.2673853755677633e-05, 4.5741290519883861e-05
52.207061284386668, 5.7323406509138923, 0.0001133275745541235, -0.00053162559963942674
42.286671952487545, 10.077545361910966, 5.535445173472249e-05, 0.00027879005113375278
55.898433543923616, 3.7138826526199775, 4.5524714347317918e-05, -9.8085430492865453e-06
30.714917131552873, 9.3904212666144335, -0.00078593748032875963, -0.00046986636743451699
46.985739367102106, 8.4058899342277815, 5.6248840729286266e-05, 0.00030339483080577901
40.895387531451732, 10.702422164086904, -0.0009649507779501532, 0.00030131864553246295
51.418608747226386, 6.7148780206652843, -0.00032205290672958337, 5.3085637701672092e-05
26.583086544420933, 1.5172266477832048, 4.534735604490914e-06, -6.4295424456925493e-05
48.253308750997107, 8.450167149758709, 0.00027222067855323285, 9.3810824374790069e-05
39.73079413118159, 10.132429919382075, -0.00038836063837036615, 0.00020073256757752994
34.884623642380326, 9.0882417713621635, -0.00031204432909930205, 0.00033460629073685656
30.257837273324974, 8.5074038662432621, -0.00046478477905689732, -0.00040339142660742393
56.184318545646789, 0.39767223638236526, -3.1226225637465725e-05, -2.9665830988317916e-05
50.523163738689455, 7.1311270012627359, 3.6445236652144063e-05, 9.628351072747725e-05
46.986399189089646, 7.456295700603282, 0.00072406064814408886, 0.00022232653323679932
45.133842456963528, 9.4482807891428102, -0.00056810610400931502, 0.00040236563067488614
40.058923411415947, 9.4389406852261661, -9.4648466906914586e-05, 0.00013967821299880432
26.343362138846864, 3.3244242943111457, -0.00018422049749019381, 6.1224364730059938e-05
49.019365739687032, 7.6807945367524031, 0.00067559035058356316, -0.00041761773453716981
57.483661395751341, 0.75091962163066273, 4.300378527765208e-06, 1.3371106166732148e-05
55.263920123086372, 2.6648915615594451, 0.00021791066414476314, -9.7386170283193015e-05
31.316961553363118, 8.8771505754569997, -0.00040041048078067148, -0.00019303187541262927
38.260588916839048, 11.127082313362338, -5.2542215672724484e-05, -0.00071576267340899848
46.20748014917374, 8.4482591105601461, -0.00063424222311085816, -0.00034756822066730434
54.244380616263484, 3.8259355558462986, 0.00037537471186065467, -2.0035675649201372e-05
27.904414559807844, 6.1838879135661058, -8.1205411119894658e-05, 0.00039783080395097584
56.967635623185473, 1.0484484406742234, 3.2885452209476499e-06, 4.6626804942773742e-05
38.860990727897715, 9.9768462405268998, 0.00062280714853161286, -0.0006746965925745861
42.961205779551733, 9.6340484956083206, 0.00010307907902888644, 1.3254552363489511e-05
53.28618103990717, 5.5084229424762405, 9.0382314345775744e-05, 0.00029989299182788074
45.772613958974645, 9.3582976160130862, 0.00024592807594081589, -6.3242725370781265e-06
23.72028844609218, 3.1732962184376192, -0.00032489138789847143, 4.1777114131827866e-05
46.204945610372789, 8.9285880157643636, 0.00064846364236955095, 0.00021841865169333727
44.745552980332441, 9.7039010763559883, -1.9539803717454952e-05, 0.00014535888200229707
55.455109082252783, 3.5710768755370048, -0.0001709188651723134, 0.00019596948296627368
38.683453953928257, 10.521236471306107, -0.00096881892022301604, -0.00020052539687329942
41.769984284061103, 9.8741867742270379, -0.0001255035823353129, 0.00018737260438354359
42.055708361519791, 9.0761688373989262, -0.00046491691574735431, -0.00066296081113494478
42.231355742600257, 9.4295016707068235, 0.00086053144836899741, 0.00046993283435337366
33.046968805768394, 9.7834515125253763, -0.00029798976434169293, -0.00072498438107997066
38.195084293280757, 8.8248987249868751, 0.0005821255374140917, 0.00025266365938102491
43.063579104010664, 9.4038122537849222, 0.00031431844864048599, -0.00038156660455280887
51.146523108974947, 7.283091649283163, -8.6287163444558759e-05, -0.000330701307097727
39.215390509033874, 9.5770703749163246, 0.00082599917168007771, 0.00057391408354969301
55.947833363431606, 4.1986199742772055, -2.0027801781205688e-05, 2.1363446305661637e-06
38.928401974668958, 9.5154969361527613, 0.00074250519842289245, -0.00044414314369072764
34.176215740895579, 9.0662905584905999, -0.00029952582127831887, -5.796879855586725e-05
46.331388347581509, 8.5217432659137877, -1.4027216199320053e-05, -0.00082843130961424193
54.099512830433198, 4.9407575343807952, -0.00021610567848681826, -8.3525464514635372e-05
56.515912788478779, 1.0532405935528983, -6.2352367483163937e-05, 3.6962189037800553e-05
46.45044722413882, 9.0677328699772684, -0.00044750956414412341, -0.00013051601487976982
52.027346608112786, 6.3974285147807528, -0.0002923099289767101, -0.00021017186614910523
35.923192876824643, 9.925091716504145, -0.00072174054417288645, -0.00055467387733192184
52.213335054378163, 6.3672633978061448, 0.00020091762180157586, 5.0102777847914086e-05
45.593294410294988, 9.1460836230205445, -0.00040456498621052389, -0.00043742510296007126
53.338763900303945, 5.1518812008940857, 0.00036123516517756862, 0.00027569687949042924
33.548439215360801, 8.8804199978369613, 7.3788075114670024e-05, -2.8633215111493046e-05
56.300424458854955, 3.3730928056338034, 7.160658861483773e-05, -6.8581657949461774e-06
56.369293312278941, 2.8639518877964067, 2.4514576839784536e-06, -3.2898452586762625e-06
40.849246618421091, 9.543600069719373, 0.00019126616808036283, 0.00044344400849673969
42.225513137137284, 10.044895071416507, -2.2468075121107901e-05, 0.00046035007046191847
34.586611095409523, 10.260515456805678, 0.00042435045469855169, -0.00018652220147646916
53.212005392054117, 4.9598525117651713, -1.631932328042931e-05, 0.00043799643653927669
41.568400861402957, 10.482752149597474, 0.00017642268491836668, 0.00095400406381219527
30.37599480965644, 8.2233032298191837, -0.00033826843506688109, -0.000785117730722432
36.148723012056941, 9.7478985797791093, 0.000140925165642591, -0.00068146181266514401
24.437875588787954, 1.8795408946011436, -1.8584945597314856e-05, -0.0001662040722739131
48.401533546193619, 7.74315570537697, -0.00034279141145999374, -0.00031914293356029853
46.530886677361231, 8.7801318305071412, 0.00065458832406948555, -0.00020541269883314714
40.945707481054924, 10.306408998104427, 0.00028556783472580098, -0.00030477034826272345
53.345921425114774, 6.0011122551382341, 8.2988808087628604e-05, 0.00036858205875312715
38.567906627193686, 9.9260150234771878, -0.00012509518685049448, 0.00043438652097349187
46.482505870045635, 8.5077149586729384, -0.0002730794477319776, -4.7110812090849578e-05
29.725583612296859, 7.9846194866856663, -0.00047525294436702383, 0.00042097557937861743
30.66546423934404, 7.3274497399738223, 1.4180348293845643e-05, -0.0001038820354827311
39.279694648398369, 9.583922060194924, -3.022980257782578e-05, 0.00023590662457315668
45.991848310002318, 9.2594646510491607, -4.5877593153346388e-05, 0.00031841556609292867
55.174144348908477, 3.2603810497686481, -0.00025746976706377298, 0.00012046929577116745
54.921725997535731, 3.0098898714581659, 0.00020288320835236471, -0.00022665380571960985
24.724516004257111, 3.7520771128973425, 0.00035241851301082481, 3.1836457940608142e-06
46.565482866434337, 8.2687164008523641, -0.00052097035113356401, -0.00034656458438098067
40.136738102714233, 9.8143024623796506, -0.00042881911746494797, -0.00071380378804687076
45.225979902713867, 9.5288709170141885, 0.00046421560285040943, 0.00040691561188425945
29.944525170971854, 8.0445532418938619, -0.00057639913110356692, -7.3329628048044508e-05
47.072485920666992, 8.5575390978388679, 0.00059587447180472293, 6.1347330910071419e-05
31.917580656883615, 9.6952453702967727, 0.00015150004004387598, -0.00063509577594069745
45.608943269973963, 8.1656700699700906, 0.00059051871703880393, 0.00063808661566510424
38.759716841009613, 9.8077400111362323, 0.00054438399071696328, 7.9147608682432483e-06
44.645364080791929, 9.5619613235228069, -5.2066690497836229e-05, -4.9867961177615483e-06
36.009129791314614, 9.5563411903264814, 0.00019186149971998863, -0.00013655881218118445
35.317580063664792, 9.1754701408792148, -0.00013028123859366985, 4.3804166570717142e-05
53.663373607422088, 5.1887076651828785, -0.00017913669404180362, -0.00015378063682832747
43.950692718077846, 9.5575921261862522, -6.8881289601761578e-05, 0.00011498763564710674
53.247714706220982, 6.3935062451566544, 5.8772607041832883e-05, 1.9257802355464938e-05
31.004864625908937, 7.1824530355924727, 3.4689291472308609e-05, 3.8830047753495784e-05
53.36805957279087, 5.2186444634215636, 0.00033970929865459329, 8.8690358333345709e-05
52.100606044553459, 5.9488398939402165, -0.00014722834132810094, -0.00032311770254170904
56.566653157986025, 2.9747045027082022, 7.1629721832115078e-05, 5.8599758576756034e-06
32.614481924953246, 8.6556820207212137, 0.00035972353426256198, 0.00017858696961422723
49.357265525284696, 8.0602986594226085, -0.00023201967929836477, -7.2297620802904582e-05
42.403340387150365, 9.1330369939762281, -0.00073979215564925734, -0.00048565955312192721
50.700999831996299, 7.7799987608970582, 4.222246389307735e-05, -0.00011726661267908239
33.978349517082606, 9.3075318452420746, 0.00010947945810530402, 0.00027908355128623082
39.096649093505057, 9.459512643201343, 0.00087158684247044772, 0.00038400600867588184
34.856150784970225, 9.4064912132542879, 5.4571258473476322e-05, 0.00020529090224149536
55.066589449319878, 3.3875394682954187, 0.00011977182759470825, -0.00017572613489717659
39.755499654454773, 9.301823179476413, -4.0666017208075757e-05, -0.0003510403441826804
44.251344717030427, 9.6599391131919159, -0.00041070483587681342, -0.0002881040648431382
40.921498348660201, 9.8320939898618818, -0.00048861525811748428, 0.00014657895651699405
34.029641131339325, 9.4353308548279209, -0.00015315850793267696, -0.00044588635810422368
32.867038898618894, 9.3587828205553514, -0.00021876705409822861, -0.00046986486520485482
35.131020630363096, 9.0244059095614872, -8.2064529650687802e-05, 4.2986447398578076e-05
49.890844617371009, 7.0518672856198075, 0.00055389195687578286, -0.00021453344261104291
48.272519409990601, 7.8455859640947709, 0.00038101960113908888, 0.00048629752949209509
33.025193662081087, 8.4230836218576357, -4.7842219486773205e-05, 4.8115663986616294e-06
54.520747584677096, 4.9295286776220495, -1.3977106195462287e-05, 3.7426928303604874e-05
47.17165052413209, 8.7729445766013985, 0.000337144408513759, 0.0003236924401502268
35.288129808291153, 9.5876966641008146, -0.00023602012730094597, 0.00031831756034347418
55.27673426669886, 4.5345636659955781, -2.3651031806660968e-05, -7.9840844196843217e-05
31.093944856466063, 8.4917435188070272, -0.00060789190938353077, -0.00036629589443071476
43.263515123612784, 8.8300112892639913, 0.00085753635065694022, 0.00031118930065000193
26.218863734384435, 6.9833589749885627, 0.00074599345810026283, -0.00010674035689537904
52.316940474517992, 6.9533733453158355, -4.1397421185366271e-05, 0.00018888188499510664
50.881234028534891, 7.123362909889515, -0.00038104699408702229, -0.00016602649319732724
43.50568396756357, 9.1765923444271849, -0.00046154741367911422, -0.00025682332338364456
52.967844545453204, 5.7634535188853508, -0.00023183080610385455, -0.00021578155720928434
40.857047958356944, 9.8882186115227473, 2.8733255790968699e-05, 8.5460936820232485e-05
53.160835514970536, 5.6119096865511935, 0.00015458636303351684, -0.00034227041685502683
52.941422039753384, 5.2049891094155889, 5.8836741366123457e-05, -0.00047265209433138705
30.204722010278875, 7.3857182989145072, -3.5682087103580562e-05, -0.0002303784191599109
39.014256507216473, 10.114058271699438, 0.00086438589839828194, 0.00018285972819025308
40.774151380417223, 9.7381197739885152, 0.00054706633033430778, -0.00040321200400378918
33.047639208931983, 8.5979104655128644, -3.6452885054720046e-05, 0.00074835203952571525
50.001386407060714, 7.0423172934495142, -4.0102705138236019e-05, 0.00070427909390816134
30.80728777375306, 7.7370325215987377, -0.0002872374769164791, -0.0003013675885224443
35.051667600932596, 10.274619546663073, 0.00010090618122941421, 0.0009061927557717348
53.455441196076158, 5.1829704583507175, 0.00029373120853350403, -0.0002637813396772517
51.27016663625588, 6.9130567204205775, -0.00028757064934240256, 0.00022270592304609305
51.550649034643264, 6.8405686662632084, 8.5476490205053964e-05, -0.00028166969296830754
50.502426899265075, 7.2527949512136543, -0.00053960271224356819, 9.3055752955261979e-05
35.460849097420144, 9.4135385903643112, -0.0002860805988215405, -0.00053845864620568121
50.212406136111525, 7.4442680742370237, 8.956353068345761e-05, -0.00028862335277417533
51.75326095287199, 6.5878976169909089, -0.00010231923203683432, -0.00028628842833906733
30.24128739796468, 6.285585470106497, 5.5291988305214247e-05, -4.0176791352149509e-05
35.562142284502514, 9.4272837839205277, 0.00010986044417841681, -0.00031254992703463516
48.400349726270392, 8.1783394017472322, 0.00031906058348997321, 0.00012154349756345021
40.310554497307315, 9.8100173040834626, -0.00010606228028344779, -0.00052552383242605817
32.551749440769868, 9.5657459770181745, 0.00066046263020766178, -0.00080316934950692574
50.265605331589711, 6.1673446525326323, 0.00024680887035514857, -0.00045987700337485788
34.103664630370595, 9.581665868781565, 0.00087214019439739833, -0.00031848688020051104
51.340428921067932, 6.4907450915900569, -0.00035155631044388072, 0.00036977956302629029
50.769155653177577, 7.169613077945856, -0.00018586401913627397, 8.1836550432014333e-05
47.785120270527962, 8.723514486347808, -0.0001740801267261534, 0.00015744058489380606
49.761744554468898, 7.1622444857116534, -5.079351232488932e-05, 0.00042508271754560938
24.7441479119483, 5.3811578897362038, 0.00039474232201375524, -0.0004349280110972401
41.959157185543098, 10.049806876844315, 0.00051307842953432264, 0.0002167963229325892
41.976564637681093, 10.408772333301302, 0.00028589953767119933, 0.0006539907656667414
54.313395614804683, 5.4954943445663123, 8.5082612799788035e-06, 8.445222809658666e-05
45.443947531882216, 9.467294993231631, -0.00032665439993656532, -0.00063237460299504365
31.009187768300382, 7.8316566863784054, -0.0002327236536683545, 6.8649459838451157e-05
39.236185160669038, 10.343229000990258, 0.00068254901008321005, 0.00086454491521039355
34.916868073534651, 9.0163225521394139, -7.6205091376838923e-05, -7.2580707986489407e-05
38.712285036756583, 10.631771312990905, -2.0193266010732397e-06, 0.00074793575581281948
51.365703161160084, 6.0712939542612894, -0.00047042714894238771, -9.7847830503696088e-05
57.350368037935553, 1.6835215854138674, -1.2369772437220289e-05, -2.1855301902495184e-05
40.482029649789844, 10.200859739929591, -4.5959080627424508e-05, -0.00034643905645688667
45.15358797144863, 8.7337404593410977, -0.00079437267494985361, -0.00022423594426403042
48.809860928305049, 8.1755176374766094, -8.9206869110678214e-05, 0.00023391680658590825
55.785733241795903, 2.9627170646332783, 3.8225414278809751e-05, -0.000170931661560109
25.65978085309558, 5.6306224246776893, -0.00014335370600512354, -0.00055141463922653668
51.026858578574675, 7.444661833974485, 7.7388740465601359e-06, -9.4169918089064312e-05
44.021965439361985, 9.0248225606389099, -0.000888471628040284, -0.00027573645375224894
29.614359747308249, 8.5754645062051154, 9.2549959329394187e-05, -0.00065373465482566754
41.391701610719153, 10.303744539353028, -0.00032527121714150033, -0.00027332982626697032
41.686678312720964, 10.849284781051097, -0.00030130506527482523, -0.00013520070089334592
33.144210076860013, 8.6912379983428742, -5.1427603738092539e-06, 8.0866944987495774e-05
31.257119706915212, 8.4454369383125272, -0.00045136265813796271, -6.8739216408162258e-05
35.779054387318773, 10.105145690425505, -0.00059975895230045479, -0.00048316493831252432
47.247787193999066, 9.1215406398856391, 0.00011200877938055792, 5.043993798321805e-05
35.646133905561264, 9.4679719154833553, -0.00028013343315407214, -0.00041215900896286392
36.475048218389077, 10.55275329411311, 0.00046991140100181172, -0.00082337583984828521
50.803249645913873, 6.7587172722672824, 0.00034962992006465197, 0.00016211284453913991
26.242101248251195, 6.8263747394475871, 0.00059906760691052108, 1.1064314497405607e-05
34.089288395274053, 10.175274067237055, -0.00045096095160759397, -0.00077114929836360102
53.951653101038524, 5.6046577749175892, 0.00012073708655131606, -4.2310031732272801e-05
34.682746079462447, 9.1806986914554187, -0.00018736466771696172, -9.7713506268409266e-05
41.989090257390586, 9.6134127474212363, -0.00051604034152069752, -0.00010026069895830872
52.913847630295393, 5.2339448967643705, -0.00023026580503780023, -0.00032141572549255614
32.63411054531641, 9.9443648491873411, 0.00095614805465727489, 0.00048821848600307048
35.674371378414996, 9.6561561980174915, -0.0004261169815231454, 0.00087256144748323785
51.765531952518764, 5.666470674760995, -0.00057493805281992681, 3.9830261798018739e-05
41.170382596797822, 9.9995562214128846, -3.4939625041173128e-05, 0.00061643754159781657
38.296518888083121, 9.4523436529285281, -1.6774713355656954e-05, -3.0204612722776851e-05
28.654880978336738, 6.8480272865453546, 9.5716796186982043e-05, -0.0004113033826606669
32.769277036662615, 8.6027690388456932, -9.4031251119211141e-05, -7.5537689784712319e-05
35.99591899924436, 9.4418638686020611, -0.0003398116963855088, -0.00076592054002239801
29.096547941794626, 6.8715392513696774, 0.00010960175360346627, 0.00052185249018496407
32.764048871041872, 8.896217596671395, 0.00064535782891392995, 0.00065349580290727867
54.671069436208278, 4.952786665741387, 3.5309861895384751e-05, -3.2299967074064882e-06
40.562787025577286, 9.1837783786082152, 0.00070843324301851087, 8.9644152903917837e-05
51.549105748705685, 6.9053300544355531, 0.0001009735379893374, -0.00016495938753453412
44.581617975369717, 9.4044328163617514, -0.00019580714885147508, -1.2560262026007747e-05
42.094016416966362, 9.5711234125448357, 0.00010985702896927121, 0.00081155359941703263
47.763377945196694, 8.0530065751623727, 0.00029041418389327313, -0.00079419751875837562
55.638559002898646, 2.9341344288635431, 2.5277683667472558e-05, -0.0001641840630788928
52.971494251452263, 5.2383501925591371, -0.00020203193284169568, -0.00051002783668325417
52.708643096341191, 6.6353092654272041, 5.9580290034072919e-05, 0.00019238279200830153
35.058768421305153, 9.8324449769584827, -0.0002108692346098575, -0.00085764576159112575
49.056733864387219, 8.0818226526968857, 0.00038731782855727675, -0.00017685832995409099
30.863630615850614, 8.6256583776469391, 0.00028236547066797467, -0.00043120218796355959
32.866365801406388, 9.1250517317446853, 0.00033981792467536066, 0.00078686915204473037
46.992056429739002, 8.1475806981265695, -0.00026428797613529161, -7.3854963093484874e-05
34.343152071275959, 9.1996521470494201, -0.00020039642602806264, -3.9994330227473761e-05
44.347115634112306, 8.7555939027723895, -0.00041954271307843822, 0.00061565520640734347
34.442739587111163, 10.633420256801948, -0.00061508154442264473, -0.00011144704550641844
55.738314951916415, 3.6093113431019415, -1.0340985693264636e-05, 0.00020974496453186528
41.848019398546043, 8.7954632359038829, -0.00083720338108889971, 0.00025264983376925196
47.888497434414923, 8.4789730337857421, 8.4557910495715536e-05, -3.3129895039939253e-05
41.659204618161695, 9.5616320640804293, 0.00025250754861782474, -0.0004282731924930056
28.757821541501805, 7.6889543924559138, -0.00054110097872612205, 0.00044050560949914234
54.98643301892794, 4.7698202442889208, -4.6305124354282403e-05, -0.00010806326951891966
40.247322282388524, 10.664513203940936, 0.00050961263288130043, 0.00053938656758638782
56.118550932460835, 2.0889548813211425, -3.4193699617073621e-05, 0.0001412051940798761
44.197950953092935, 8.9627096019019366, -0.0006022615278505753, -6.3543907236982979e-05
34.388453184171738, 8.3649759269874657, 0.00011109992577366227, 1.4803641674561068e-05
52.056468735019529, 6.7556741118563037, -2.9843527052468475e-06, 0.00017959059713730153
38.560991677871307, 10.06901959125284, -2.36673761239971e-05, 0.00035645758581646827
55.609820987735624, 2.5822426156930192, -0.00017735834768148185, 6.8239151433287568e-06
42.690878269552115, 9.4787546531774911, 0.0001917719392865208, 0.00034336624200880672
36.272573779549006, 10.45622246030714, -0.00066000983767570607, -0.00066245523074922067
28.722484530580903, 7.0795341290646254, -0.00014641098173904358, 0.00031170404280896383
24.962673845065812, 1.6770859329884709, -0.00012394141995527422, -9.8671696674023241e-06
36.178718460288039, 10.229514907327172, -0.00051952063092525701, -0.0001544813410789051
56.271681217230118, 1.959235324726134, 5.6677697057927878e-05, 8.2066655343124002e-05
26.296861901984432, 7.9058168141375544, 0.00071782206290673528, 0.00022329308819710319
28.449342682915898, 8.7318252760455728, -0.00048602923856092039, -0.00077411954428449386
40.464920429246796, 9.5872095343793067, 0.00020295155665240125, 0.00033866858176345022
48.594932730814342, 8.3089763881055703, 6.7489410210135015e-05, 1.5492073377494466e-05
52.79773653626291, 5.8695975041769879, -0.00019571218779481546, 0.00033040931353540081
48.732639734865934, 7.6672784676715962, 0.00062415103302950392, -0.00012328651323539953
52.131620675421246, 6.3759315150904534, -0.00018231344950981422, -0.00033351180360459621
40.635566860311961, 10.241179332074218, 0.00023500355353824246, 0.00019884744336567879
31.962473096475978, 7.5829808658049318, 1.3363283173799206e-05, -4.5641335172046766e-05
38.138406938580069, 9.6792456357017826, 7.2060309940490933e-07, 0.0002823040279306575
43.605169105626878, 9.6930542293149848, 9.0389548283036233e-05, -0.00012364596068174466
31.579828853998464, 7.7734861517149687, -0.00014806997563574648, -2.7327169084334602e-05
47.337591101558466, 8.2229487985208642, -0.00057706059367695136, -1.0473152333377721e-05
38.743749897856176, 8.9250981014985182, -0.0001877184510116239, -0.00041308906846521874
41.190653049628047, 9.9569637019039838, -0.00016322469241431451, 1.2629893688550755e-05
51.334232896016644, 6.8772575577468356, -0.00014906803549725621, -0.0002330225947897446
25.953876613419904, 7.1406572676147588, -0.00015415246658561171, 0.00065435760206266822
25.165599470588663, 3.1654474692782735, 0.00023093939113351093, 6.1546007554022603e-05
31.557955752583499, 8.0407702688999354, 0.00017961785906136092, -0.00015029039096451418
44.071830202869243, 9.3749743001091073, -0.00019032561712109777, 0.00029802235604094542
52.569912967240548, 6.1545873147035346, -0.00016825998765506424, 7.4905315828159973e-05
38.159348264626409, 9.2387163567327235, 0.00025058330798136656, -0.00049529904364700934
37.787730319814301, 10.74903554322424, 0.00033062089934978605, -0.00025405836755707227
39.868583933789942, 10.245596761059586, 0.0009205883228302459, 0.000427134859891891
44.399238691260969, 9.1491921422882267, 0.0005260338746061815, 0.00020911938602235242
31.630979118782058, 9.3493025898175475, 0.00017741434255080901, 0.00033678936736556342
37.752793220205149, 9.9924683807073631, 0.00014313107116688679, 5.6751181234663005e-05
52.801081262724942, 5.3873230286685612, -0.00029175252831886098, -0.00041802277749605093
26.548802050579624, 5.1519345281675992, 0.00036329360299018593, -2.8616603804148087e-05
51.320612601029573, 6.9345555898163154, -0.00048910864002671146, 0.00016102861203131299
53.10879997352999, 5.5770929029341199, -0.00029526870997112259, -0.00018822838584905375
31.961049166585966, 8.5643144978625685, -0.00013852646298143876, -0.00019822905267365029
51.07569033605585, 6.3677578247033422, -0.00053320598169845585, 0.00020570452959530109
32.737881717405251, 10.85400850079191, -0.00020439406189694671, 0.00026946393733889601
38.366744427341033, 10.572024974639708, -0.00092495799062173396, 0.0006591858561819596
33.288158125700164, 8.9554758790413054, -5.1377883956271143e-05, -0.00021577556929553587
31.591039681933641, 8.4490909063829047, 0.00018076514854046259, -0.00048101706117892882
52.271265125603811, 6.237909487232371, -0.00025084669432887905, -0.00025319893736597211
48.458502410060589, 7.6441617556137853, -0.00053903993199608908, 2.9288454191469751e-05
55.950792691939611, 2.6713065835779317, 7.5680258765473398e-05, -0.00015498720202297066
35.444326501495269, 10.014852766752249, 0.00029798187332536976, -2.5966447894083348e-05
51.008873353395948, 6.6415021384516484, 0.0003017430023089976, -0.00046643965673730242
36.640558662071427, 10.292410501039084, 9.9686903910819127e-07, 0.00069306031864070758
48.230464700254657, 8.1099788761632183, 0.00065653872850229529, 0.00038274800266713423
43.269604167404495, 9.7237034244284324, -0.00015533545944983393, -8.1336656654666943e-05
41.881409257959632, 9.2685668996424351, 0.00088148163944334911, 0.00036008450680149171
46.110386019291006, 8.8010167351069146, 0.00030219439226894762, 0.0003576727241660848
54.41714512767556, 4.3012465450190458, -0.00015851403316476741, 0.00016525000434072234
34.07560413000968, 8.7080588536088381, 3.9477449722478002e-05, -1.8526426878503932e-05
31.751777724750273, 8.3260179018472016, 2.8406125149126731e-05, 0.00033585110970236706
30.017818038233852, 7.435751734056347, -0.00017453329735147083, -0.00039284810057049134
51.992242112207336, 6.3172019714198164, 0.00045352790723616961, 9.2421485967110278e-05
33.903381825391861, 9.4994686786537397, -0.00029509544738278614, 0.00035653529535569596
52.917600202128412, 4.8867094821107706, 0.00028205719945148143, -0.00039963252322354546
29.765783206833174, 7.7580915074394117, -0.00028378707197718194, 0.00018717928749511289
27.164885192423917, 6.9635702240949584, -0.00032308325976769731, 0.00041309938235741401
42.61370372466687, 9.7311713124768797, 0.0004748729374923891, 0.00035086956503611964
37.904320597267478, 9.5503386202267784, -7.5527644879080905e-05, -0.00020585239426302611
55.094292475853152, 4.3630777008291837, -6.9276620606972339e-05, -8.6333680045349773e-05
45.491204126997047, 8.9445138706147613, 0.00083620378006374091, 5.8003494379390378e-05
26.663775582702243, 0.64945713632393398, 1.9920074055537299e-05, 1.4315008834927264e-05
45.583650724513092, 8.6880543583475429, 0.00012959688235411818, -0.0008571658077391952
32.770658282495418, 9.1585947189140935, -0.00049129878309900723, -0.00013192087660921455
51.087961150370354, 7.0475136214022367, -4.0156254354017618e-05, -0.00010840131170781483
37.524459513646555, 10.187911820231548, 0.00086854427017572658, -0.00059346439186876675
46.484951883774301, 8.6997280034561388, -0.00026620129735471673, -0.0001236020169586792
54.411282969065866, 3.2938831457796014, -0.00036782114899478542, -9.3212236939966157e-05
28.48971421901043, 7.0361965966943272, -0.00016032621774463054, -0.00029685440701819724
49.848322767984605, 7.3749407237587192, 0.00036522672072357551, 6.8858789332856303e-05
32.242740327271335, 9.1415227228247158, -0.000254288060942249, 1.7983549972372379e-05
36.514527384229282, 9.8968152729433427, 0.000967066472096937, 0.00017000319516082693
47.731469829982004, 8.4120123205885218, -0.00055772080150147082, 0.00010560889190222168
44.473594599430044, 9.188505934151145, 1.0385453051649013e-07, -0.00020426973650601341
28.569261299874402, 6.841697746953546, -0.00034636115949395922, -0.00015614337377018464
37.945999656190779, 8.4083547356205219, -0.00028537622128468502, -0.00090121772372525556
53.661124997294735, 6.163559797704246, 2.6826987488560469e-05, -6.1565848776576364e-05
51.579615034629647, 6.0084254358333897, -0.00062135986001164289, -5.3764051109263193e-05
36.284669433724957, 10.261746526103488, -0.00025033657843458521, 0.00014165855354033373
39.703070090491195, 9.5615184577176784, 0.00012535039182592011, 0.00037305012031474768
28.773765458460225, 7.9212223875373668, -0.00023306907904605987, 0.00056317145059025099
46.049274294471317, 8.7660781020217886, 2.9800139497635529e-05, 0.00085995475468394805
36.15699976821503, 9.3329801062055431, 0.00016751837955650772, -6.6695254769636727e-05
52.547261554803569, 6.127414312646815, -1.9099951893651041e-05, 0.00051445758013446365
47.160993379747808, 8.1705872106498543, -0.00024093065474410362, 0.00052558032328982058
41.916110691118185, 9.8424352339015595, 0.00055406879764528284, 0.00024046623813194287
54.786451960934436, 3.0272661470053732, -8.1055851656779519e-06, -0.00018056632569695433
52.634089326359614, 6.3003432297177593, 0.00018693175521883491, 1.8088187197357235e-05
26.627694294323849, 5.6765221998480877, -0.00044217242099178604, 7.9819427155410587e-05
27.734809951140392, 7.7600579225307884, 0.00032763679995585743, 0.00071610155600574613
35.852202518478052, 10.479889459302049, -0.00036629632098963158, -0.00037366069644290763
41.116726950185701, 10.314944975419884, 0.00095037779460265112, 0.00020852437260371492
43.32192352322317, 9.7438620894944457, -1.051217735847593e-05, 7.3153140785648936e-05
54.210189561603215, 5.3100128561674182, 0.00010302499093451585, 0.00014685300600818317
56.483229639484897, 3.1619421243342174, -5.0301705699446687e-06, 4.7312323251711982e-05
38.00086705366612, 9.8629987557704588, 0.00023507312214385889, 0.00025463877152817236
28.615038292979516, 4.3542266116632042, 4.7046723331147891e-05, -4.6081557717428943e-05
44.696647612141099, 8.9116988554331069, 0.00051343057506702183, -0.00041538959522132118
49.795549261537261, 8.2930677210689829, 5.0877782948184362e-05, 3.2532992454362223e-06
35.392031896576995, 9.4260223738099835, 0.00080827419725250892, 0.00037154438041440551
35.542911501136729, 9.5153877224761843, 0.00013084949229626831, -2.7442331460613005e-05
51.631971782078601, 6.6963632966104036, 9.8472101440330259e-05, 0.00023667336411080771
30.684287782833518, 6.1888764835834431, 3.0356788296411764e-05, -5.7448843490443537e-06
39.12227919678979, 9.6363106211423197, -5.0909152138382245e-05, -0.00050660711380721697
36.427780543710981, 9.6648939875132136, 4.1039346695152606e-05, 4.2200828540280996e-05
38.945741129353287, 9.9411373408742225, -5.791768949821513e-05, 4.4202809042131853e-05
47.178780249059706, 8.9525781514342206, -0.00040774567009686926, -0.0006389051054859501
38.510287563233874, 9.7866570387694836, -0.00017238885453781306, 0.00018291147490154142
54.460293078406394, 4.9758275554073403, -1.7581464015509508e-05, 6.8518525407789796e-05
29.61471435379033, 6.8149704302579561, -0.00015102747008622036, -0.00013578215491237132
30.199224721472312, 5.9769419748604342, 3.9872524018488887e-05, -4.0348342040582537e-06
57.079123368739559, 1.5891939660337671, -4.2192714544643981e-06, -2.2541703593924178e-06
53.823766260475509, 5.6061902465473192, 4.4385012078174425e-06, 0.00018924306103653609
24.613871598337827, 3.4363841033800626, -0.000279179757426744, 5.4835879019551015e-05
47.947396223101855, 9.3437988518852695, -8.0803092961088133e-05, 0.00018600308398366051
53.006100894852821, 6.0845378051639498, 0.00016604258510007465, -7.4755984639467154e-05
52.338617874958508, 6.6957063471995006, 0.00019258716284734033, 0.00013658777518641788
29.426745915640531, 7.8895164542398399, 0.00037722677888651717, 0.00025884959498852737
50.295701354718148, 7.6907097730117213, -2.6024134576199204e-06, -6.8489648924988818e-05
28.800190596944887, 8.3312752751627652, 0.00025689338243255357, 0.00084905640843424307
39.118315566378875, 9.8869534734633469, -0.00022771960251081701, -0.00038244961982128402
38.669820917150048, 10.293216239989027, 0.00048008820916169571, 0.00029235440802780348
24.620416373382586, 1.0197051846791589, -3.0059978443266029e-05, 1.8477764905218313e-05
31.983314045992127, 7.2753059234048374, 6.0140533377730258e-05, 3.6906840563555387e-05
47.413519590069541, 8.5537115204454857, 7.9282356878037082e-05, -0.00040824520295140552
55.791810281318014, 2.2353770964469617, -0.00011622152136359974, 0.00014936615144878391
43.665584549725615, 9.0507388990738811, -0.00073931487460546046, -0.00048568482642124942
48.397591133305681, 8.4396461955868638, 9.7948161881694076e-05, 1.5494851436857225e-05
44.677414477496299, 9.2693681375388852, 0.00019098442173916307, 0.00017499108355763739
54.111967043371465, 5.2448595612630777, -3.043384640722105e-05, 0.0002044025331786734
41.127048082105851, 9.1472817289416373, 0.0001157107031816089, -2.9058522690490135e-05
47.331367266111968, 8.9391221004112289, 0.00029438804378958581, -0.00042921091865795203
55.531711371683151, 1.3799683047178783, -0.00016394644182097506, 9.1888268609942731e-06
51.468751941211828, 6.2822948702206158, -9.7385930763464312e-05, -0.00054841233513033881
28.452939781118406, 6.7714175411418118, 0.00014637104601007274, 0.00039020290440445489
46.313183001548566, 8.9962146428150174, -8.2550472069826901e-05, 6.1355338490422064e-05
55.185064012552814, 4.0607336149617392, 0.00015834020148341373, 0.00021239390968952969
52.555963182973215, 6.2438227423128989, 0.0003282819574969611, -0.00016660812059029898
28.705896629134372, 8.6259307579772404, 0.00085826940470403791, 0.00019688281459649589
24.673366700559306, 2.8907620681158495, -0.00021553593810119695, 4.019942762660764e-05
48.47573033503862, 7.2678973939044358, -0.00011043824365177346, -0.00034530975913171856
53.717494487748503, 5.3657583774737256, -6.7542619668264087e-05, -3.5868217247284977e-05
40.765062031809585, 9.4420033496819755, 0.00020536928020931349, -0.00016469438254429697
52.124195328419866, 5.9381015147804117, -0.00021447831249321323, -0.00047831904100162213
26.507294066397129, 1.841013065347362, 6.0648249602813644e-05, -4.2548417326498411e-05
54.179049756871969, 4.7830542587797016, 9.2541767773500708e-05, -0.00013046134116507857
41.338139836959677, 9.9628191579838212, 6.5210852475088642e-05, -1.3612446859674388e-05
47.545020093325562, 7.7291856777896308, 0.00048597577172039547, -0.00055011733412313295
35.973169214633849, 9.9400566880624428, 0.00048713310938580586, -2.6101870323593623e-05
40.931362962858067, 10.074358950070154, -7.2018899896262814e-05, 0.00035301819792584046
48.031812905506563, 8.1241228777083627, 1.1698746213356338e-05, 0.00069407772557817976
29.787172553871887, 5.8449446377950824, -4.4989972937524822e-05, 3.552948965617954e-05
49.082556305259004, 8.0426054160287563, -0.0001395044919903435, -0.00018701088925065929
55.796325672034669, 4.2250609709963012, 3.0614253348691508e-05, -2.9010155426653674e-06
42.310763484675604, 9.6488785163385256, -0.00048959632653355976, -0.00070097086480128026
41.541371941409643, 8.5778277141574275, 6.4467259703080213e-05, -0.00093267636107275602
33.663356765360483, 10.047008005848811, -0.00061335387344061093, -5.5828923244661787e-05
48.720981001148544, 8.4185065680681248, 0.00021224218664108328, 2.6556135785399517e-05
36.247998615852275, 9.8874661990385206, 0.0001407477130179564, -2.0478547986799762e-05
28.500284696157181, 5.8922879226039466, 0.00021525409118266939, 0.00014232529404836769
49.135674507530432, 7.266723336395807, 2.9200909950843745e-05, 0.00040757921860644646
35.879152603627851, 9.3249902531726399, -7.1063433426971052e-05, -0.00027179717766835973
42.361842302103959, 9.9150040813750664, 0.00024547832688203873, -0.00017650619562814622
39.745313193899122, 10.038954751863347, -0.00047743998076259101, -0.00057127095065395467
34.065630202405856, 9.392345323670737, 9.1854662379043628e-05, 8.6057101496939955e-05
51.995956845009907, 6.1016234758056012, -0.00045268768197906882, 0.00021468619424962619
56.8882272948062, 2.6222909109738404, 4.8741982417627093e-05, -3.8084119702757633e-06
48.377384236519148, 7.7091700473193097, 0.00054512592097205636, 0.00052548391295411453
41.70572032913816, 10.009032942231089, -6.6299495226553e-05, 0.0004636473716987431
44.224276729736289, 9.5271927363949782, 0.00061842743901048579, 9.0729586001481503e-05
51.230985071707401, 7.32371466966047, -0.00010166651411511243, 2.5403864074939974e-06
40.55048600809382, 10.279247826431622, -0.00017619130899472742, -8.9144685903308244e-05
43.656135814718866, 9.4588877761455645, -0.00012124277446033159, 0.00067270194883291463
37.402253133437938, 10.352752930993972, -0.00022680525067241095, 0.00046560472582905208
43.064665577345622, 9.7703273450163479, 4.2698233723985732e-05, -2.5816154560451235e-05
49.686427954853812, 7.440579337031453, 0.00013828562933303648, 0.00034155252742784734
29.017502810154923, 7.140718546893309, 0.0003648183875535409, -6.7964177121212013e-05
33.617489002272265, 9.4168278652501449, 0.00024975287402126119, -0.00060700005431964254
43.765612922692291, 9.9285177156681481, -0.00071194946491735507, 0.0004731018563524234
39.569997506703139, 9.5686039314026328, -0.00040841973329430384, 0.00075153489591555137
38.586643376148444, 10.415081809451999, 0.00013141588826324013, -0.00079232117387807147
28.964509059331267, 4.6856000350816114, 3.1799584782479329e-05, 5.5196503136158528e-05
36.427393655885247, 9.5013002065978114, -0.00023212127430574894, 0.00066640741314279248
35.904148909979497, 9.5919419803297057, -0.00031959077968038679, 0.000144247866781389
28.62759099504299, 3.7460651441420709, -1.8926117790100029e-05, -3.307724310965862e-05
52.097955989241711, 6.7452115002700674, -5.146519349250374e-06, -5.6888548550429806e-05
32.343494703523355, 8.414038560368061, 0.0002416259243403605, -8.0492763882361812e-05
38.959619540810642, 10.15869928352136, 0.00029143198168767677, -0.00038586595030238853
31.376263193362846, 9.6034262851936507, 0.0002092781353318272, -0.00074864840677561567
29.589789209071476, 8.7729787439314215, 0.00040849017309733764, -1.8218649831556838e-05
44.496449454973643, 9.7882105333192762, 0.00014046289475332622, -6.5866992807150858e-05
37.139887631187193, 10.297563323777993, 0.00093600318790612895, -0.00014499500378023321
32.350950843543508, 8.3493412841666057, 9.9507676807367293e-05, 0.00029200671493841818
40.799730530341101, 10.239854213364891, -0.00075658233435367734, 0.00017901673420303853
55.546584464646621, 4.234495293874935, -4.5605086236657228e-05, 3.6464874733495627e-05
41.306477825134991, 9.7045192552291404, -0.00065589070683957907, -0.00058469333439381728
54.43275671368751, 5.2691666498222762, 4.7899234428234098e-05, -0.00010216129824139405
44.785315775268295, 9.701547530268499, 0.00063775481670630548, -6.8170341136378226e-05
48.673883300309747, 8.2797266119249304, 0.00010160092142388232, 7.1770249049378626e-05
33.275526171067582, 9.6746173079158222, 0.00016929018826862389, -0.00083444092517032142
30.695515118815052, 8.4099358058165024, 0.00022603788356402525, 0.00033460018195531231
25.238328109874459, 4.0334606770981152, -0.00016871625304601835, -0.00015961605385228514
27.856227959048127, 6.9576394240172119, 0.00021786874439725515, -0.00034942296538120841
40.78615556430411, 10.070538744516297, -0.00096254294058914979, -0.00046957530736554053
47.611054155805199, 9.1727865168455853, 0.00043710401395477511, 0.00020878326001762772
49.055435013836259, 7.2110354411322497, -0.00047769255909619408, 0.00032186833809657266
53.66079249294485, 5.9160060916426556, 3.0048203973494641e-05, 0.00013804891705354233
33.228860484509653, 8.574549829273435, 6.2098065645816939e-06, 5.6500709600705301e-05
50.491222441519071, 7.5590718722842904, -0.0001242574530555016, 2.867292273680603e-05
42.179272850624223, 10.075782373947687, -7.3191220298219985e-05, -1.7304355943896765e-05
47.073279061061662, 8.8025276106271413, 0.00012421197149306936, 3.2898408624895581e-05
36.823663447085174, 9.6366699639336435, 0.00028272068622664347, 7.9765268482342444e-05
53.589302169313072, 5.6330142260858596, 5.6082669036796649e-05, 0.00010627569032946111
49.256592192737884, 7.8676273977629005, -0.00014249005867825865, 0.00036466060912913618
43.757439361720081, 9.4492767335269612, -0.0007952002773987095, 0.00026393610163415871
50.216276255791925, 6.6598265940839543, 0.00063254179099974414, -7.9403165712995462e-05
49.313202600846473, 8.3338285492724005, -0.00032408924997262334, -0.00015557246402025596
35.68886750535885, 9.8556662015961631, -0.00058509873726851039, 0.00030493608575819331
45.282654927094988, 9.0843657802635338, 0.00013657483522918929, 0.00085216925625003167
27.223986153677163, 5.6124281845529174, -0.00028969417948951956, -0.00011246310360858217
53.810750678265059, 5.8173593343976018, 4.540906974554848e-05, -1.2896242171109416e-05
47.389004720623483, 8.9927505716508644, -0.00012195778481840922, 0.00016026540905493298
31.284512626527938, 6.4429840862960841, -4.8095171684599073e-05, -5.4480347274809339e-05
29.882945674906978, 7.3563801441469119, -0.00029178296101981275, -9.0487985084026699e-06
40.438325521487833, 10.044940120664107, 0.00019465324769322298, -0.00016744175065644954
41.20126848039056, 9.7832895387237411, -0.00031949074682348654, 0.0004159576598034655
40.342908722694496, 10.117766157375604, -0.00032865147008925047, -0.00084379612695166951
30.219165628463443, 7.3882419248454756, -0.00018747608475434927, -0.00060549872007880908
43.483076471018592, 9.6306788422930456, 0.00016646100248846296, 0.00028378545844768888
35.468826844539684, 10.387139004763304, -0.00049591575213787031, 0.00098631672244097282
55.787420501409763, 2.0333841378874458, 0.00011895984073082667, 0.00014214227602436607
33.829002200334202, 9.6380804164823655, 7.355843709638177e-05, -0.00084356350812564104
27.685773938200441, 8.246796690163066, -0.00038241346694286801, 0.00060186797466674528
35.003493273011252, 8.8580832303523636, -0.00012024749834112617, -0.00012278304515022983
38.979519658778521, 9.5575757018778322, -0.000430850471232135, -0.00013338731504852574
48.377064018258203, 7.7435394249447933, 0.00068915687562457297, 0.00029671508187088254
49.538895789269681, 7.4808673468955869, -0.00039121636846462015, 0.00021397256725898278
30.360389279555768, 8.6545499722195149, -0.00064807149786224488, 0.0001999958557666411
56.700931876677629, 1.7903575729123573, -6.8397276770663153e-05, -4.9234480737312185e-05
55.59768325003251, 3.0724546058050688, 1.158898101701288e-05, 0.00017909282262141681
55.085200869320495, 4.0378082154872512, 0.00018623533687719943, 0.00014793647636646007
27.676608948522528, 2.763627622546744, 4.0401684971489673e-05, -5.2916757397122328e-05
52.066548145829991, 6.7402255346593192, 0.00015119383311979726, 0.00016179930774989982
34.359987025330732, 9.2768831259192446, -0.00024645696421894502, 0.00060516438163587681
47.2168611840887, 8.4973990757438322, -0.00023348476921094562, -0.00056097060190807063
47.431820950270946, 7.1294778004380071, -0.00022975707183430321, -0.00074278808972574623
44.337518636482933, 9.5009569004520831, 7.0624331730653091e-06, -0.00021826940741487313
34.372526321415506, 9.9728997793731775, -0.0010697912721671357, 8.4849161086429254e-06
47.310335662871594, 8.0830386764737252, 0.0006087283246322061, -0.00033734364478247599
47.440404559568236, 8.2020052281706288, -0.00030176015646629249, 1.2291388683657846e-06
48.705325930372922, 7.2570345386394592, -0.0005543060894729943, 0.0003251094454698623
33.198921093764085, 9.2333136093550401, 0.00013842449264234207, -0.00026609811273861465
53.449673574854017, 5.049145756910792, -0.0003585047740361796, 3.2373973498180014e-05
52.293662636431478, 6.5915987056397078, -0.0001498462834116294, 1.7430141831015998e-05
42.867577213254812, 9.3891493141044151, 0.0001671612353813198, -0.0010071009457359595
31.452156685619443, 7.5149143260904276, 0.00017640956284128417, -0.00012545356852233555
48.14391149638243, 8.7801753237322568, 0.00014286990961810849, -4.9119973639780685e-05
39.235006733178125, 9.8556529504026695, -8.9439681082461746e-05, -2.6391356867744145e-05
38.442209417332606, 9.7088794954754185, -0.00040536568374059006, 0.0001634704409699817
31.849773069328872, 7.5602386464386315, -0.0001383707453557025, 1.3458141276449034e-05
43.675251962353926, 9.0369835483989895, 0.0010066314608637361, -8.7019657365801579e-05
42.296330033398498, 9.2322378791233977, 6.7929835450115318e-05, -0.00028113585560368058
39.537331292643643, 9.5224327576909555, 0.00035696487108525073, 0.00093577953163601676
53.530334464758774, 5.6316307477257554, 0.00033703682694389105, 5.4280445678434345e-05
33.992174281721411, 9.7458702846635319, 0.00058283369559399944, 0.00055249198403286334
45.392370836433564, 9.2187542860603333, -0.00023153595655298317, 0.00028209281769270099
29.73106584590159, 7.5080670955400874, 0.00035228482204855441, -0.00023551711492358527
49.691661728240028, 7.9681713461307231, -0.00015063758866335899, 0.0003127180474390255
56.007099834401942, 1.8435038926855445, -1.1023522269460355e-05, 0.00015821369986108202
51.132143415972784, 7.3970535668325939, 8.9173846088756235e-05, 7.2476576088700793e-05
42.991769741042219, 9.875559072809212, -9.4064309305673345e-05, 0.00017204128947597057
37.117496775610306, 10.141732376744816, 7.2507637447616314e-05, 0.00011463888252041614
44.085778810690044, 9.2324411346676509, -0.0003567393169012591, 0.00069731153606883238
36.358180587342865, 9.9013382261997336, -0.00062705653309586917, -0.00059685332661510004
34.536703821023835, 10.49129738010978, 8.8846105464749614e-05, -0.00079306452610069318
53.148619095293107, 6.0004813330407174, -1.9026622859150725e-05, 9.0155350939189255e-05
48.18831402397339, 8.8172360682157471, -0.00022809225959982037, 0.00026090974072304419
30.226782523310234, 8.864725557188585, 0.00028462972671427947, -0.00084355817718780588
49.409331153182599, 7.6717486169696159, 0.00036805181944850102, 0.00045967558328593864
53.728384097854203, 4.5639700498462501, -0.00042726252184291158, 1.0915753994746733e-05
43.694285588387487, 9.4203728058347664, -0.00020905409212767674, -0.00049931291819288784
41.113201871502959, 10.115295466389391, 0.00042706632484362881, -0.00022033428313217906
42.140875138013044, 10.019594592336377, -2.7795929578814047e-05, 6.119727615805327e-05
36.72588166195014, 10.40660415221169, -0.00022298555749552162, 0.00040065067997352612
40.827956544677008, 9.6560948976865735, -0.00013087165940993954, 0.0009070632299482944
39.624900053814763, 9.5741134056588297, 0.00024011444434222709, 2.6534086648940407e-05
27.150849068899674, 3.5479420489079714, -0.00016782807729699483, 2.5767013580086605e-05
47.656454761938051, 8.1899209931563828, 0.00060958102400048356, 0.00045257974227124224
54.193439013103564, 5.0320421181762134, -7.9690882922279662e-06, 0.00018271762038513367
49.71551060587133, 7.2894476482183821, 3.8101521097481747e-05, 0.00044413309264629427
53.62139497539237, 4.4286917205916856, 0.00024721292633803576, -0.00035081059921551565
38.981087264314091, 9.6866410575589157, 0.00014338131370455039, -6.9892973279175638e-05
55.063378628388605, 4.8920984465775508, -9.2722130977150181e-06, 7.0038484111021896e-05
42.535560583312993, 9.6831006115159273, 3.0862711050480665e-05, 2.6735158218728592e-05
33.90155878101509, 9.3997026728013431, -0.00010374289657195535, 0.00035793194618045373
31.536481523480539, 8.6845127882980666, 0.00053180603569617248, 9.470598566510632e-05
28.011866479795209, 5.0733283860179368, 0.00016027512043236979, -6.3422072333474094e-05
36.479621780536775, 9.448646497576819, 0.00089256608505444658, 0.00036709333187778266
44.527823943273191, 9.4068887189944661, -0.00043344137889070669, -0.00029466037573537627
33.860438504285803, 10.435505484229582, 0.00024100514054179963, -0.00040401930185844491
28.541553184887732, 8.381827718485372, -0.00015599390562292775, 0.00076514745719252341
37.910642122384893, 9.8969382644569546, -0.00043150489243028975, 0.00081606695262955093
28.274309768818949, 6.4721861362320201, 0.00011581652386406235, -0.00026199720578888775
45.211660206863449, 9.6657665385263218, -6.4201337436103518e-05, -3.8769906969883739e-05
54.077942135330488, 5.0719350184428826, -0.00022770732205918621, -0.00011373167112335529
45.297102890879479, 8.8738243487983404, 0.00017412411416034887, 0.000199093532904273
31.06170943962498, 5.3950127337919547, 0.00010942026891035425, -0.0003312831949086112
37.444154823021648, 9.8260955870959403, 0.00014470187756944114, -1.3835961428505921e-05
36.402563431013654, 10.328916930298192, -0.00034685671200792743, 0.00068737419522272734
40.024646332830322, 9.8887733082792764, 8.8196534257478054e-05, 4.657434460869134e-05
44.188332042431774, 9.1380805288215718, -0.00093547677461575281, 0.00024997146910303412
26.184235590799979, 5.8363737452772995, -9.4485215986023867e-05, -0.00039296937524708792
29.575714941685071, 6.8600885862044789, 6.1569062541175573e-05, -0.00025413067764512532
43.450591216124366, 9.5879856806556116, 0.00035513036768269283, -0.00039523487436083417
39.152224660976252, 10.319562158326585, -3.6445661986845895e-05, -0.00019166660539243473
51.590529868524136, 6.4847545882562372, 0.00010824756447866751, -0.00055850898896744644
41.63439677038339, 9.4701819889479353, 0.00019637662738890727, 0.00023430895203428167
51.569035863893923, 7.0815502759295228, 8.0364232153396975e-05, -0.00055388270946318233
24.397486635066805, 2.0991136592067141, 5.889366269779507e-05, 0.00016654402689126409
27.371130670318205, 7.292318040019576, -0.00025844447522997607, -0.00071769625699274055
46.627002904774777, 8.3001944439195263, 1.4554865247901981e-05, -0.0002712165670687733
31.099891182114959, 7.6718233901946951, -0.00016206912321713374, -1.2173173190108034e-05
49.076567654343073, 8.1186129187641338, 1.3360894131403802e-05, 0.00015707678635197626
42.1246887326093, 9.9011751710996361, -0.00013371304972926724, 9.7606757260324596e-05
52.088023146642314, 6.6907487873566982, -0.00010355266597399259, 7.8904228118758735e-05
43.054883829108455, 9.8772409265622745, 5.4559622185680361e-05, -9.5425158695519401e-05
36.921268387141446, 10.367974425928278, 2.8633142887256252e-05, 0.00032927599073811603
50.698064177908414, 7.4203831582667963, -0.00016048375359015033, -3.940278562500445e-05
41.763823014729063, 9.8622997600526716, -0.00052122189033626065, -0.00030457087669066271
49.815173636549439, 6.7603726007065115, 0.00021360930723244071, 0.00071375634603908461
40.31784813109568, 9.568259155725487, 0.00060696618400910549, 3.0133002959519688e-06
55.900308487563606, 3.2099875441081491, -0.00012171854095199327, 6.8517131808342579e-06
23.365553572614768, 1.1964520303121795, -2.5968037998680922e-05, 8.6597538461167633e-05
38.414231952660479, 9.5385905153081278, 0.00024946103834650227, -0.00021702805081365834
51.396924636055644, 7.0799884710144347, 0.00034838517214703024, 2.7142340658245406e-05
25.502695724611556, 5.1348846895674285, -8.7898510550198165e-05, -0.00038858669932951499
27.535903027684768, 6.2247747063905399, -0.00028901074792115201, 0.00025417921337038461
35.529501520284583, 9.2395608915285745, 9.4233760433320063e-05, 3.1244832396164625e-05
34.595503885681659, 9.3173229633036527, -0.0004425138495083762, -0.00015160809748327928
37.162057727913279, 9.9237295028476495, 0.00077298806907096906, 0.00017833147629597805
32.955494779412597, 8.9703684929126393, -0.00026605502450549422, -0.000159884375463141
53.735733425214804, 4.7569825972367532, 0.00033497191688524588, -0.00017823885937700865
24.961589320712854, 4.8732711130627244, -0.00043224516644165223, -0.00021510699960273566
53.201335349152025, 5.7739289726204337, -0.0003727638265779611, 0.00032445216710395532
33.764730601832511, 8.6463034352094361, 6.5259583657983048e-05, 3.4977521035054343e-05
54.467244905542444, 5.0380360227775123, -3.1513459676644427e-05, -5.074225322252747e-05
49.700374015905439, 7.9263287510097289, -3.598064790207115e-05, 0.00040500128560466334
31.888878833351463, 9.4176883857114415, -0.00074232379826711596, 0.00037794692907487415
49.697376152707356, 6.2959972083985152, 1.9140067574195669e-05, -0.00059959175080875231
29.241996275832729, 5.5887716822381677, 8.8369243951836752e-05, -8.2247773176936863e-05
50.192024236327406, 7.5473546449902322, -5.5930208315230878e-05, 0.00012643843984620819
37.682669669007112, 10.228775652649075, 0.0002445079053273344, -0.00087695180548316937
50.311524693354706, 8.0762177464587932, -0.00012772435434364119, -7.9717575009289582e-05
49.029635861547199, 8.5983437433103553, 0.00023227239679676794, 3.6741108457264782e-05
36.904910845683247, 9.7998615187443363, 0.00047517041887484087, -4.3061860482641412e-05
38.291638170216494, 9.5444378832992811, 0.00051352347126050241, -0.00024023519630037281
27.904609760284995, 4.0542460266143934, 5.8892126554871269e-05, 8.0183049526663642e-05
39.446790672770099, 9.8523000060468551, -4.2233033059197334e-05, -0.00013840140211210503
29.314951613761117, 7.0146043195721619, -0.00011230602047134636, -0.00016287367462805214
55.491422302309758, 2.7655704335717677, -0.0001226696341301052, 0.00019334755549099325
28.974776765003536, 7.5934950809304143, 0.00060236915354848659, 0.00024353147053072746
33.026116316319388, 9.5087379706104489, 0.00050159674013029449, 0.00075315771209228874
52.444644786389354, 6.7634183697789139, -5.3523329112431009e-05, -6.4431911147009018e-05
27.852967776540464, 6.4037131703285457, -0.00032501330908362125, -0.00026291432533500779
36.578347526346562, 9.6391712575321442, -4.8433451044396198e-05, 0.0001669106676269813
29.845634512068262, 6.1213808913329073, 0.00020369433232638923, -7.1469187581568269e-05
42.337610769037447, 9.7878067488066627, 7.2037585512498852e-05, 0.00022768812566805629
35.084818524333087, 9.6829952268823618, 1.2838536217856075e-05, 0.00026858541721320751
26.475161646960292, 3.0549166201250539, -8.7003161717075e-05, -0.00013604070905341701
49.011400505393127, 8.0494996144492692, 0.00010324784190979341, 0.00018320473542871786
53.71230749026666, 5.3622950434100689, -0.00026229216263096145, 0.00024619710101566299
53.31230986750149, 5.265891182450722, -0.00028081669445649852, 0.00031592911586087228
53.651716058262245, 6.0372349734832831, 6.8702216246126617e-05, 0.0001545095119498601
50.628965824839121, 6.8115912620155443, -0.00017568148918427234, 0.0004989188987512904
42.226751654829556, 10.045050264076366, -0.00013851457586994205, -9.5426616670117684e-05
45.560087151957909, 9.0517208306747676, 0.00051405129282846955, -0.00017987582968042001
54.684933923681129, 3.8320275307226574, -0.00025890875586478067, 6.2415523407675645e-05
33.269340453809725, 9.6511835289145562, -0.0008847429742988483, -0.00015512582695857658
28.663479278207308, 6.6389513424424766, 0.00023359005080613205, -0.00030835579456606655
48.305341359498847, 8.0159949521208205, -0.00026906755478159941, 0.00042358830670072143
48.740063690110659, 8.4726532775163665, -0.00029712476796373211, 0.00030300575214564689
47.409566080406464, 9.144874512346389, 0.00022887601151578898, 0.00057351862537588711
35.020901660066848, 10.545163218029074, -0.00073124620664145846, 0.0004473050808614491
49.444936876752784, 6.9482214456390894, -0.000664190678396126, -0.00029763834352886527
50.732052910575511, 6.9549442035397613, 0.00059820673764025833, 0.00025123066020427511
54.893322226712002, 4.3182898607205402, 0.00020883149414846028, 8.0034059060440091e-05
49.341057373700536, 8.1585780094965124, 0.00023064494183991626, -0.00016821118676618453
49.866396802166278, 7.3673621678557684, -0.00050731666480776782, 0.00037133598729756199
46.293969249509111, 8.7811830660720869, 0.00034282814173856288, 1.260517035600258e-05
41.653725186771048, 9.9692757050093803, 2.7752398936624462e-05, -6.1645297099470388e-05
46.572479505751318, 9.1067711328403149, -0.00016376104554663136, -0.0004241869628519477
41.828518932477962, 10.239161309529498, -0.00035303833521624551, -0.00029003543389316045
24.491963776974544, 4.2080918754895595, -0.00026701780873182249, 0.00024378479284210572
27.366862102296295, 4.8744754823461767, 0.0001745306319031963, -7.5035543916229767e-05
39.944542650793721, 9.9040740789382316, -0.00084913126103392769, -0.00018984864020601407
31.659041101960661, 7.5442891266214156, -0.00032395731264227848, -4.3945360497502984e-05
56.610989466839072, 2.0638644160729718, 7.2044458083139079e-05, 1.6859984375135243e-05
29.16466608495838, 4.5286989877537867, -2.5616026690781523e-05, 3.8561080225050465e-05
37.161495817542097, 9.749101243292726, 5.8576237791381607e-05, -0.00059002235690986857
56.664594326301483, 2.1734619258311771, -6.8752535824216087e-05, 3.600557481326779e-05
29.576843061639252, 8.1472171432677793, 0.00055270624276806393, -0.00027140171416176493
55.061521032365299, 4.0957595646840987, -0.00022049593713802362, 0.00010599391162042749
45.570226486537088, 9.438649816946187, 8.6904392911100079e-05, -0.00048737937373502863
55.5279388913345, 3.5760404770378815, -0.00018267694425418187, 0.00013115074281241866
44.325342421562084, 9.5963080081817402, -0.00049489008155751324, -0.00038604857751178384
45.731932852736172, 9.179285060434708, -9.7547833925186602e-05, 0.00011223997031122494
49.643347130248564, 7.8133730193864013, -6.1369951254667418e-05, 4.3250742378398424e-06
56.672267095606642, 2.4713502059715293, 2.7164217238713383e-05, -5.1815428663491989e-05
29.721071192433726, 6.9817101926228879, 3.1964624160510231e-05, 0.00015041249371064357
35.723663966778432, 9.8924646091070905, -0.00019399414896582434, -0.00044528596778982123
37.306599564080031, 10.188102406261104, 0.00040156810758627533, -0.00032017322406995837
39.216982960655827, 10.191416263838359, -0.0004503486040167858, -0.00080982751264183637
26.585671882135056, 3.6398127127940789, 0.00016159442968388641, -0.00010294926731574417
38.71117535362545, 9.9545728806352809, 0.00039953628404294181, -0.0003547148060771929
38.327001231026976, 9.6752252854409733, 4.7402117415545038e-05, -3.2702302239049468e-05
54.204433489620548, 4.2658549909874894, -5.2902876299952011e-05, 0.00036499560240506221
42.633443266194867, 9.5894224412075175, 0.00018921150597113527, -0.00026807931189186575
43.378937029155978, 9.9058562866177411, -0.00011604875755577105, -6.1307890532218091e-05
33.831445543913709, 9.9584244336257193, 0.00043873770086273848, 0.001017262531691588
35.11929132567407, 9.9150762050252172, -0.00023996761821682637, -0.00015649491101985403
50.715818226629871, 7.1676118302061962, 0.00016587095762220447, -0.00029673075484953177
29.216919267784597, 4.9112544824768225, -3.0986551496981096e-05, -3.0011751220076109e-05
28.306212603550055, 6.8129471015610257, -0.000263927434957929, 0.00032004620329976715
41.09680121474225, 9.6181369538589845, -0.00086439498915977546, 0.0006163148178612263
56.143620472645019, 1.3057120135114013, -1.5198047091345134e-05, -0.00011636922059622787
54.51263687102572, 3.9007716122189442, 0.00023067081098257427, -0.00014236436737858401
55.169656186825733, 4.109975191424188, 0.00018791536187375081, -2.3119632617536711e-05
23.524394683160171, 0.5675984008120486, 6.4559448843816214e-06, 5.7569726414511934e-05
45.274367430480893, 9.0110601566360931, 0.00063699750149966519, 0.00015244080036212599
32.254392685449631, 9.1220939232821632, -0.0009112544532203907, 4.2639050729235607e-05
39.96405621695191, 9.7373302301600919, -4.3549110463122545e-06, -0.0002780036804828069
42.216968733453221, 9.9849992822692446, 0.00021599832467210161, -0.0005088159442442052
43.330350702376251, 9.5245600351783661, -0.00090545142648375341, 0.00022318619009964992
35.914317066131815, 9.4022849990308082, -9.4988638760007174e-05, 0.00015084462126991528
51.315395734164284, 7.2153445563735721, -7.0461180927704745e-05, -0.00030490592021603598
41.653509579811157, 9.5978412625755904, -3.5364874078998331e-05, -6.1458677946746789e-05
54.808906982624066, 3.5960019348258765, -9.9452584082571055e-05, 0.00028694794317618485
36.782541977447991, 9.8504982356529958, -0.00022836322736261288, -0.00040729548527954198
45.683158841302067, 8.6910095611606089, -0.00014214155365684398, 0.0003863954859241046
25.393547252348018, 5.082502747103157, 0.00013356193529818748, -0.00043687754442495419
31.645793939309602, 9.5558659179142964, -0.00060271884402883274, -0.0002551228134500998
25.816263840727796, 6.2092509587383189, -0.00020686095439905342, -0.00046206349751184094
44.915103802031638, 9.313689463225522, -8.6636230970064555e-05, 0.00038135647842225972
55.912099204237293, 3.6741669972037103, 1.68598622181229e-05, 1.6476107534657112e-05
37.909969746587954, 10.017182287380184, -0.00010059845136707638, 7.7533835001991343e-05
52.527543948159952, 5.6103555738402102, -0.00043771348193786326, 0.00035289527051936097
56.039208376852059, 1.558679355826259, 3.4329185542423103e-05, 0.00012426091413209105
34.377483083299609, 9.4534838969018651, -0.00090573617011766765, -0.00020521708699521241
36.394853457938062, 9.8289167111004065, 3.6454145259061514e-05, -0.00018194579221115085
34.258898006222708, 10.152418469172131, -0.00072724321598709759, -0.00068818571677530557
31.08186961668375, 7.9572262388603905, 9.8927366314587479e-05, 0.0003037335556873079
36.914580474282239, 9.7058818587876114, -0.00019039188621673911, 0.00054709237313676725
29.94471898435668, 9.0437033913782869, -0.0002329593205105189, 0.00090020203593586226
32.811189860355199, 8.4139521492840714, 0.00020781601200954903, -7.4558019371531153e-05
46.649555757026867, 8.4617959453126907, -0.00023068838955362414, -0.00078009605041591014
26.751178979464601, 2.8404707350783283, 9.5894102916686146e-05, -7.5172845419610326e-05
54.03060627206397, 4.7438943426606865, 0.00025861202589007814, 0.00011146003005791801
29.024333000435323, 8.8320308781738959, 0.0002664878122324763, 0.00074053271822041805
44.108980521190297, 9.6171056277331388, -4.0454130599400166e-05, 0.00016600056601791209
28.763765732553818, 6.779693546264534, 0.0001777365010343754, 0.00024788886537494508
38.872449883337502, 10.218545228216856, -0.00076115664471208442, -0.00054410557663536903
48.025559689608855, 7.3408472708939057, -0.00058685003558530075, 0.00043489745653090597
40.37641262797888, 9.8197704606367804, -0.0001673637274038638, 0.00045212143254150732
55.492527268036326, 3.0607611790402505, -0.00019647718181581438, 0.00013696715012734097
40.077385150128968, 9.9718576743781231, -0.00069724579352576136, -0.00034955905903896625
26.065186306031201, 6.4086603221820884, 0.00029692839973165691, 0.00046831831479937809
36.805620258081362, 9.7008005450864836, -3.4354812778654198e-05, -0.00066253239091828577
54.416060918189778, 4.3639677716858447, -0.00015111285260397189, 0.00020936666308092681
31.462221922427336, 8.9581607528132832, -8.4494597368289784e-05, -0.00049959589790099491
28.112969355339548, 2.4624464334028437, -2.2457115881406649e-05, 1.3782904672887262e-05
37.896286230276765, 10.015211374148409, -0.00045429023240522195, -0.00054433541168790681
57.323477644483816, 0.89062501633803537, 1.5161472459515286e-06, 1.2007529611451898e-05
55.397581860222857, 3.7159344057842039, 0.00020461169280282137, -4.9099538519627727e-05
39.506745356180822, 10.168304179655172, 0.00025100088300847464, -0.00031898211126147778
43.774996788761342, 9.1340458312821369, 0.00095735887018045575, -0.00012563710125731067
38.25729489635507, 10.022120346776354, 0.00045997623145144494, 0.00079912623411197649
39.507488064899015, 10.147284636790959, -8.452614905076603e-05, -0.00081759225186224375
28.37939566606881, 4.9778281129458612, -9.7197840603918393e-05, 4.8881960714064104e-05
40.458337108460974, 9.8078939342215783, -0.00017065106328920958, 0.00014768404138492078
42.465702306013128, 9.7309005481267299, -8.7937162194396675e-05, -0.00026525268669854281
39.814258382226491, 10.235669852374125, -0.00018138451145068235, 0.00012981904245532047
40.280775699320436, 9.982860114839875, 4.445711303724473e-05, -0.00096149712558779305
40.692680691940524, 9.546229072161788, 0.00026408750037065076, -0.00021354485493333409
39.306571671387445, 9.6600493582459492, 0.00052807250783853564, -0.00037040742769539685
43.882894639622258, 9.7061911851158928, 0.00022576850232689216, -3.9011556934420602e-05
38.071643348580572, 10.042844869916587, -0.00059081939636140585, 0.00017028620637366738
37.14121131058053, 7.9798117154289416, 0.00084932237355583927, -0.00014209619400956376
30.002891118475691, 7.7340313456306848, -0.00029783642170944286, 0.00052295916373910282
49.416294330944346, 7.3873253285391076, 0.00045269885261651528, -0.00042930391198574736
46.4287669248776, 8.6188465431670487, -0.00016794820366625865, 4.75381534187242e-06
39.146468805382192, 10.911123279081041, 0.00088805253745794215, 0.00065881392380807611
48.258344539902048, 8.3936904311495866, 0.00028920950757477693, 0.00012676367816111025
27.852867059054148, 3.9733911752697151, -8.9016331789962031e-05, -5.1089134458783183e-05
36.034700649925604, 9.6579759443657824, 0.00062627898653985032, 0.0003459019229291383
44.543723532300874, 8.6974809692220667, -0.00066610118326073037, 0.00063463616758529249
53.116309380348916, 5.2272789003877387, -0.00039584796434656723, -4.568340675261747e-06
26.539904887076798, 6.8280256363122618, -0.00067324968544336852, -0.00020822685636398598
25.923295801171239, 6.1923696879724712, 0.00045766616472750103, 0.00033294336810662113
47.872165016915481, 8.4908455341231868, 0.00022021568523355363, -0.00056489123453396526
55.471031282302796, 1.9893639639282601, 0.00013079188393120829, -0.00015730958261132624
55.779435251379581, 2.2551484375925357, -0.00017573773405942509, -7.0378752194785133e-05
30.404610720085294, 7.5841204318610886, -0.00022122387793918751, 0.00012442385883876678
39.452076141966735, 10.179983821599256, 3.0988113731307123e-05, -9.1696625082526888e-05
33.619671646296339, 9.338459643086237, -0.00029437422537344888, -0.000135628804951826
28.555161546429364, 9.2682062232689439, -0.00074606020496357898, 0.00048599087275721182
28.181496396509345, 5.7161880501866831, -0.00024879020720805901, -0.00010513238095522248
42.748917356696744, 9.5946806355856893, 6.4045135832659357e-05, -1.7603159320803492e-05
37.113688166496701, 9.7967763205055167, -3.3174844981007218e-06, -4.1852146395215549e-05
30.052391024605416, 10.13512145394361, -0.0008187857863298627, 0.00065850393111250021
33.383870275275889, 8.7232207800858586, 4.1467789400000887e-05, -3.2893209762985788e-05
28.399423522489617, 7.4930922177340351, -0.00062672483165405774, -0.00015288427189540823
26.463218120163933, 4.721932355742549, -0.00027075931229050327, 6.0085430378131155e-05
29.903870233100015, 7.9847207330527086, 0.00051355233167728939, -0.00013928241021480636
30.911295095639886, 9.2748115429289832, -0.00096568809229270031, 0.0002706328666305704
45.491375955635235, 8.7677984628450929, 0.0004052635303167573, 0.00065194006009859271
50.252638104973222, 7.527515359476924, 7.0248170575210067e-05, 9.2714664553780854e-05
49.813502127519563, 7.7301047704927495, -0.0004607644169120786, -3.4728431228814922e-05
48.072923775282192, 8.5206365227658321, 4.2575421041958302e-05, -4.0775831462373759e-05
51.327784229656579, 7.421530417504492, 8.0861524115375907e-05, -2.4581671085140214e-05
50.832044583454305, 7.298639705593204, -0.00010956431266240647, -9.4482654884724853e-05
47.32538225686811, 8.4566729979993216, 0.00036570384713133946, 0.00039936855399822922
56.459660136225516, 3.1845105697560165, 2.3422448505532698e-05, 2.9558908404070973e-05
33.456237597022614, 9.329326969249836, -0.00024171432112159684, 2.3246879446056944e-05
40.067527426414792, 10.196667063583288, 3.7096374562463055e-05, -0.00083109667047577454
39.094194495993733, 9.3835924703930118, 0.0003404455522778808, 0.00097493246749187092
45.210506822667412, 8.9948085394478543, -0.0001532351531007725, 0.00052210051182527428
51.882407334314884, 6.7401724734554378, 7.5093130720232525e-05, -0.00031614778028576923
54.473675786737005, 3.4244776909812709, -0.00030655670356498875, -0.00014680523215298712
29.327348623585021, 9.3485432737475751, -0.00024966614009704383, 0.00081069954474720862
52.406561758253552, 5.3506415325843069, 0.00026063937088534583, -0.00043476536539770958
55.027843619033526, 4.6723561716582829, -0.00013076721661765193, -5.7162344876657728e-05
50.176959552925943, 7.2365772369804562, -0.00035427250703153789, -0.00021972229807349001
44.274424529743058, 9.9819348880842824, -0.00036412685939381093, 0.00013142127738094978
39.707667526435607, 9.6142945967137905, -0.00035898984075918063, -4.338565381019696e-05
37.302463934982747, 10.530620169928667, 0.00036055091803823382, -0.0010450445702097023
56.903042787305708, 1.326840036989674, 2.6416963615624271e-05, -3.9123481835415857e-05
29.509436487977226, 8.3574719891009135, -0.00094780166612338558, -5.8825233591259129e-06
39.507986409559891, 9.2652812845241677, -0.00066633919009738386, 0.00046714223673033741
53.524910276018836, 4.6775708320034548, 0.00026699393540867802, -0.0003626737002378461
56.563155173784494, 3.2587785798667093, -3.4212744980387855e-05, -1.9515597069232023e-05
28.207631245682503, 2.7254232290664087, 3.3552111794990312e-05, -9.3654603226201715e-06
37.7161102845348, 10.18256459920018, -0.00066860798756385685, 0.0002612091628099323
30.777171713150299, 8.4981391567869817, -0.00038644658873794976, 0.00039565074087980108
38.805014159704264, 10.162767370372251, 0.00085061146395447177, 0.00041327316084617343
44.739313154062408, 9.4795980678266201, 0.00011101726330683652, 0.00026379461519443931
31.791669065107367, 8.8847192370756876, -0.00031662043038936145, -0.00076613970405683919
39.115667267932793, 10.13039012074244, 0.00068151887457726943, 0.00049100264607031144
41.160988402379246, 9.4123851070645728, -0.00081002650916350046, -0.00020173704349327952
47.436758056827756, 8.2749796231154793, 0.00052973969375053065, -0.00015956017182646367
39.529834565771033, 9.7236255815909338, -0.00066897133875529549, -0.00046785894802193323
53.640468499085891, 5.8195830326979339, -5.4813984779972831e-05, -0.00021504837819430784
45.429841937089193, 8.2146303634846376, -0.00047566683853238109, 0.00032660535455832486
55.153697548563031, 4.0312546576130464, 0.000135449385389354, -6.8618523929682936e-05
42.648631361476838, 8.7651151808109713, 0.00092529738639680675, -8.4942195126778871e-05
43.564140890717873, 9.6402830073238412, 0.00068788842042570868, 0.00047040804342324169
56.286668738700271, 0.08129302439625305, -1.6613954440585893e-05, -2.4831886326159134e-05
45.853513435314184, 9.1281565431243514, -0.00032521820363286068, -9.967326842520942e-05
29.621055657447169, 8.4519436409205948, 0.00082343327251690633, -0.00011020049780803085
49.989841067826973, 7.4832025387583476, 2.0368040080539536e-05, 0.0002031934383915122
45.393915574773615, 9.1897122571859988, 8.8230320521098649e-05, 0.00047112123378060134
47.894133987910116, 8.0032812925493815, -0.00046527618846829727, -0.00022100136150739777
35.011615574955805, 10.436316200747045, 0.00037786668468852628, 0.0010498726543365876
28.530417378180648, 7.6608692000120229, 0.00012393642987074146, 0.00071797026593329726
27.474926097275642, 7.7716012459290846, -0.00079870729193113883, -5.1731316583957066e-06
54.305241600364262, 5.4522489996836434, 1.7606783469761629e-05, -2.3426694593325327e-05
26.352977338250717, 5.6731717013991725, 0.00038978584774535224, -2.2237336088846133e-05
29.132418682902937, 5.1092803303399208, -6.9285033774660286e-05, 1.7813826237189693e-05
42.123803222064417, 9.8939267639673698, 1.9197523333215924e-05, -8.3624297927637609e-05
54.537087263746521, 3.4120038115623608, -0.00017068240171227305, 0.00031356792839663886
35.835829087477407, 10.057315700283839, -0.00022068560074574095, 0.00083354786874627069
52.090937752368177, 6.5403164011206485, -4.6831078003156471e-05, -6.5683135509980449e-05
44.464868717663364, 9.4689884821528789, -0.00059519266361856616, -0.00060674772502776161
40.797127376783685, 9.7127806402301697, -0.00030132601108463129, 0.00018207883041948276
52.47327233866681, 6.2371313985542365, -0.00028724615318642991, 6.1552587970625471e-05
46.356869305024588, 8.2921518159495093, 0.00052948629108031807, 4.1369323720352584e-05
40.407426987031577, 10.263137483352919, -3.6689796235416922e-05, -0.0009971474846898168
28.469504247302922, 4.5645080820635826, 7.911599538532762e-05, -7.2015962341959465e-05
54.992079923330344, 4.0017171412547885, 0.00017017019566016231, 6.4630042391746983e-05
47.888113702321682, 8.525966136539882, 0.00025515537561938354, -0.00025665039418121597
41.069414663589924, 9.757447773532375, 0.00012270283027704867, 0.0010439408746409796
33.808265803923419, 9.7425508817815363, -0.00075953603542334774, 0.00028745934422525632
48.920049826845577, 7.9169000165152488, 1.3042339677939949e-05, -3.9480103122544847e-05
27.131953031127061, 6.6281367777793028, -0.00033597261990036132, 0.0004945504841653935
38.788169284200961, 9.8140561454075677, 0.00057791672862033902, -2.2559078753122491e-05
25.761866661733531, 4.5484474123973389, -8.7305583331787257e-05, -0.0003716976995562263
39.301758391629491, 9.869618034986015, 1.3760730972676105e-05, -4.0343863180212281e-05
54.467966471383441, 4.9323802559978702, 9.9538904688339997e-05, -0.00014906340548575116
35.733556148298746, 8.2165811459395641, -0.00026930906097005883, 0.00077514320887027042
44.918180622351358, 9.2434833397070921, -0.00029117074242535572, -0.00043759341396838454
44.130097159991486, 9.2421090838518243, 1.475916881168294e-05, -2.000542045199243e-06
51.957751177108584, 5.7041556087531911, -0.00047410123823333372, -1.4572557408782761e-05
27.807148956255897, 5.1744758528527592, -0.00015210959402126752, 0.0001505993819086888
42.803444443868436, 9.3993591196093735, -0.00068110363048941552, 0.00021406576327477421
40.979753860792471, 9.2352482256837991, 0.00033461138595968111, -0.0005208324652982956
35.705561577964559, 9.7867211690290485, -0.00014278211916355483, -0.00044563589629650452
55.468062751083075, 1.6236478272408592, 0.00018753808692096964, -2.9252568160543539e-06
33.161191538007245, 9.6792701981180329, 0.00081754514266487691, 0.00012061585870782395
54.4185948026212, 4.9801348555061118, -0.00010655352968577447, 0.00016025649696373587
52.779952141254718, 6.6867545504868531, 7.860743254746234e-05, 0.00014253534594351928
40.744657726279854, 10.054323015234129, -0.00046166847986832876, 0.0001331001017431906
48.732045595211794, 7.3120969657330903, -0.00033646684906550112, 0.00038476987536754465
40.333159984724219, 10.071326770836661, 5.4879781814369016e-05, 0.00076579665733507354
40.276374627349526, 10.004537243355315, -0.00015593072097535587, 5.9798559800155062e-05
34.675271538105186, 9.0718120681264107, -3.7277204329257496e-05, -4.2066407125398512e-05
46.456693751208462, 8.4698412019956795, 0.00020360198701764861, -0.00049762862232646669
36.60021949635307, 9.2827173076020628, 0.00035074079809642444, 0.00095031519255075569
55.2506790272421, 2.9049039468750188, 1.1457600647183669e-05, 0.00025812571526285892
46.58651795338092, 9.6891022185920015, -0.00051018797428762286, 0.00025434999084322855
32.946458902222027, 9.2409298680959271, -0.00032069887007534078, 0.00033548096347092618
25.469239725160087, 4.4607201986557339, -0.00022657810193540628, -0.00031697938324156435
43.245935661974968, 8.9491707088454362, -8.2751857562126895e-05, -0.00061836387562700171
45.459770779074219, 8.3341105078517028, -0.00038656313911106531, -0.00086487843943670916
39.191112624690312, 10.12903949488361, 7.483209552529761e-05, -0.00014463770198728601
43.480200019691637, 9.2374058137496196, 0.00073654274286883868, 0.0003187239722505621
39.708760126205249, 10.290761762691492, 1.2977840888536766e-05, 0.00030614268851111821
53.432976594318887, 5.0979867759307442, 0.00027805041478909772, -0.00028669191365402927
55.753900170645814, 2.9298884480883989, -0.00017122882582005993, 6.296969616819804e-05
44.19182089866554, 9.496184316829968, -5.9948555214977444e-05, -0.00011378939334424165
29.973401340194222, 8.0769836403850963, -0.00037265854104706462, -4.7950199132321764e-05
46.823942683469411, 9.2022197913340129, 5.1461365158329688e-05, -2.3962363702163203e-05
34.30546176550385, 9.5954588723216947, 0.0002255401591817415, -5.2118572994758105e-05
42.095665946151286, 9.7044340242080214, 0.00087980052092999231, 0.0001256993018259821
36.637907783579365, 9.4129495988020349, 9.5702844652006188e-05, -0.00020813089951963554
39.440175939476376, 9.3488417061283808, -0.00024390455596004905, 0.00013431595845889973
47.113232225208989, 8.4024568114296105, 0.0001573103134996054, -0.00021350499635708732
44.243734673642649, 8.7546102602350153, -0.00062478591288359152, -0.00050330947498837357
32.259942032291605, 7.8345293205708089, 6.1549670234261323e-05, -2.0478065060999641e-05
53.946490995673614, 5.648489919793426, -3.9394251143025487e-05, -6.2313705458270384e-05
55.845971406791598, 2.1433598188793521, 9.8400257683071055e-05, -0.00015747531623699985
47.035942798803113, 8.6574223324036428, 0.00023555907959902926, 2.7343947213124043e-05
50.123423244202179, 6.4214681026424794, -0.0007150484138766938, 0.00020087469832519121
32.313718984930354, 8.0068922090053221, -6.7145658238729846e-06, 6.4048603447255646e-05
34.362809796670341, 9.6247190755484997, 0.00038780833278598574, 0.00016577445323869477
53.928333009973855, 4.5155266728465469, 0.00018682683557032668, 0.00031339184844391977
40.498426743151832, 9.9768019787174627, 1.063086646727456e-05, 5.6973446276984793e-05
35.288477838171644, 9.5811925330256038, 0.00036138646813902451, 0.00021334218023201095
50.589453874263626, 6.2989975043002167, 0.00051460017103690115, 0.00035268134297879487
35.605412719253941, 9.6414201015168288, -0.00042959610853691136, 0.00015551452501586657
51.011873348043309, 7.2076386379205175, 0.00014518618288599208, -5.0421513689375349e-05
30.722288435871505, 9.5559033893357466, -0.00085080667172349959, 0.00035049323352095231
33.641342178219219, 9.1779117554935663, 0.00022613761400886679, 1.98603539367874e-05
33.465075575742155, 9.2530662479453767, -0.00023178138314718626, 5.8651278266848689e-05
46.879160809934575, 8.9055915686073472, 5.4162576436925347e-05, 8.1768465423362567e-06
42.44456248282961, 9.0673765593394204, -0.00072414144115061504, 0.0006010383996695927
56.791110967082339, 3.0681316331845996, -4.286367178661951e-05, -1.6238540086142305e-05
32.547052615749621, 9.1375783575456282, -0.00041280973607882396, -0.00051031439291018854
52.701680819700869, 5.4670898287993106, -5.253037901215721e-05, -0.00046222954869980508
44.482141268036919, 9.7669967139656553, -0.00019126260183870502, 3.3297805423110804e-05
37.540173818985167, 9.4841159765882033, -1.6126476344423813e-05, -9.4725225251183291e-05
48.782356881643828, 7.7492803444284313, 0.00013886468867463567, -0.00032572913090472946
53.3425588060488, 6.0856134523223933, 0.00016237209498641634, -0.00014138010041750258
55.10009099580639, 2.9979918782132637, -5.1343801673782553e-05, -0.00026376906271772572
54.252607612428442, 5.1866400139314184, -0.00029069842140858656, 0.00014373095531690155
52.034978493640736, 6.563813412226744, 0.00037496456802578758, 0.00020241122135401194
43.626987187696152, 10.796491911779444, 0.00071308129779372356, -0.00013267382617656106
31.547737931953655, 9.1704354357237499, -0.00073444411825779755, 0.00031138684145412836
50.494570089355499, 7.6912535638965691, -8.2781136253811069e-05, -3.2466464575574019e-05
46.437612516413267, 8.5128230821558759, 0.00030999121277415281, 0.00056324302821344748
55.270318258086434, 3.5512344472996049, -6.856388096092941e-05, 0.00021556872279904508
28.634774283452266, 7.7832025670089822, -0.00056126352041573025, -0.00027735016221555467
49.805051128434272, 7.7395573201928638, 2.6901581607147746e-05, 0.00018439827560911339
44.998930557609988, 9.2972074755583929, 4.7457181460457031e-06, -5.428867758432468e-05
43.620645746547183, 9.7226766257901822, -0.00016262655479435016, -0.00081921959966648524
44.312354713784501, 9.5951596080744217, -0.00016257324865933079, -8.3889304330927615e-05
43.767813674101831, 9.3145886207031268, -0.00047987167390476732, -0.00042810468380345885
43.827652743522364, 9.1078478277549113, 0.00027258853572613548, -0.00018816021508972488
33.833531833965957, 8.9938579623401083, 0.00032334375069444462, -0.00023105682693361879
44.502318250355799, 9.3960062451258235, 0.00016631139893023166, -0.00058687807632772484
51.688214888901001, 6.9496298231900893, 1.7706922262941275e-05, 0.00022292949116211572
36.029011068055468, 9.387912822036796, -7.233688357932225e-05, 4.8351532423337011e-05
37.19393610070837, 10.096586294548677, -0.00043736634571739223, -7.9472684608230485e-05
56.022566581619593, 2.6787169016504633, -6.0046343227525991e-05, 0.00014025780584141865
49.068247941106485, 7.63512235820291, 0.00051094823755201062, 0.00029414796109591778
51.972507652308423, 5.8925547612465401, 0.00046770335844280168, 0.00032200867835133429
48.051152164936688, 7.8755960332660147, 0.00044081583251013825, 0.00020965714150728926
52.1416580272519, 6.063864811097238, 0.00032865598097950473, 0.00011091293970062599
39.996269799295028, 10.035256675017679, 4.9496985060741535e-05, 4.8193729319328418e-05
49.936520368755815, 7.4721553972679393, 1.8334055437439654e-05, 0.00040894086566085772
34.195325415522184, 9.8931091449781654, -0.00060372366835677901, 0.00087978257993814402
47.56426034696441, 8.3517454085722687, 0.00044626766153635773, 5.3121262223617559e-06
54.269252537558337, 4.3801003893340527, 0.00026143944517517101, 0.00032748014826754798
42.246248075713702, 8.701432513401377, 0.00027335343845876858, -0.00045810688287304443
41.50394959930653, 9.4692337126461723, -0.0005960314984522657, -0.00073207831659884029
35.66139294821938, 9.655049720291295, -0.00019972777056560681, -0.00011045744862301359
43.503296889676129, 9.6983807415299275, -0.00064378382910063882, 0.00013144750996833143
46.249444068466289, 9.0958390295543428, 0.00035903800545091912, 0.00013160799345682251
27.975362495753608, 7.2191091128812861, -0.00060009126310954259, -3.6234948430434496e-05
27.121940460784185, 3.3149535327439215, 0.00010038205812157318, -4.0606608979131815e-05
45.285832127761111, 8.6531570439897934, -0.00084443265215448937, -0.00032719043365292714
33.990974752136431, 10.03425282225826, 0.0008127662010742082, 0.00044066038171764301
52.288041625751141, 6.0496081299359643, -3.9047000138081137e-05, -0.00021641688610186428
40.265232232059198, 9.8718678098386636, 0.00035054808646791579, -0.0002398314668692645
49.660253461442757, 7.5737627312373919, -0.00016925728196510751, 0.00041842249536646855
35.985661440130855, 9.5490658513561328, -0.00061271581344951565, 0.00090558178903067449
39.78006595183377, 10.388048698318109, 0.00028930261249560595, -0.00027425252227026583
55.942547804086516, 3.2794722562372751, 0.00012313833848312208, -6.7910356242032273e-06
33.058463809622637, 9.6512203390415365, 0.00040408545894891819, 0.00017224404711192328
53.029661233692693, 4.3591427353808196, 0.00038842143992015696, -0.00032088434144445139
48.229585815268891, 7.877875860291379, -0.00023067848760259776, -0.00035812823680441715
43.295461153956218, 9.1187272354513862, -0.00044905824535587148, 0.00037865971589515359
30.385432068031996, 7.0116156512875873, -3.3165348422129948e-06, -0.00010588863401245633
51.321885184160742, 6.380963419189956, -4.008998121916398e-05, -0.00045111235563218341
33.079043725655289, 9.092888248966899, -0.00039013395287918016, 0.00051837093249752048
36.787987624810079, 10.17240963177575, -0.00038806643959120031, -0.00027979590532730358
25.334906304182496, 3.3418088071766801, 0.00028630016783221651, -0.00011214051410345663
55.963516220294757, 3.2416385449324805, -0.00012728623116291853, -5.5144839395581626e-05
46.17247479365885, 9.0830288187606598, -2.6248886187712652e-05, 7.4293980790957837e-05
34.737626398237765, 9.0898842667148205, -4.0610511537833474e-05, -0.000119656745525852
40.427826413550591, 9.7481731323517717, -0.00023217478146524142, 0.00023985958289633985
39.26797022641987, 10.190681911373366, 0.00036409788639997704, 0.00027051194823429525
46.593745485623963, 9.0742003720399342, -0.00014245777249248523, 9.5667706194941409e-05
45.662984115646559, 8.0793394083569083, 0.00074327332837271901, -5.677480972234768e-05
56.499964519111806, 3.5741070174046872, 3.2915869971534102e-05, -1.0832903136137694e-05
36.198419711617554, 10.197746263719186, 0.0003417087800145378, -0.00094017959007663108
31.565916310657517, 8.878973654596944, 0.00040789916983512917, -0.00017396544150361499
49.424675440647299, 7.39536172260153, 0.00043305057887329162, 0.00014352946025106384
30.677865320477768, 7.8179091097711773, 0.00012868176630927435, -0.00026674259062125057
50.779747941449614, 7.6058741839263124, 4.023619181434488e-06, 4.5492651918440235e-05
41.609958780142954, 10.095674255309898, -8.2175273671110627e-05, 0.00012063188664863986
51.306845717100309, 7.0278243348275993, -7.0725796509987589e-05, 0.00010740112634654156
27.532795433992298, 6.2884682349588106, -0.00036116972393593062, -0.00020208294941386856
32.182930385836912, 9.5363215073032404, 0.00083312319967613637, -0.00044031633762182097
42.124042236102461, 5.5130943800715295, 0.00011126321517407423, -0.00018200204098925166
32.917233714956076, 9.4586196504280711, 0.00054718425806257981, 0.00051352383341589771
41.301836854057612, 9.72979747367987, 0.00018137885337683447, -0.00084565469875498849
43.202612243234995, 9.9142368905941876, 0.00012476783831752433, 0.00047269751143837906
39.76158183868742, 9.8322017117463982, 0.00086499589059009594, 0.00022839103220823273
47.224858547947576, 8.5838442247423377, -0.0002350234209581177, 0.00057379950174838053
37.908558977514694, 10.347666861955474, -0.00024858837760993459, -7.3705906130973003e-05
28.43341709253588, 4.0700249235826833, 6.5222048675297957e-05, -2.3243299012394523e-05
33.632843302677124, 8.4442309200339807, -5.8389460173397468e-05, -5.148370251910823e-05
30.839722880319599, 8.2279955415070365, -0.00030016513787687932, -4.4019380743902748e-05
37.605012762095178, 10.10483988808493, -0.00051995417801945138, -0.00023305872164356556
40.923822868144313, 10.21395126888139, 0.00011017182175921909, -0.00051905400468818411
40.099795134243983, 9.7657511849997292, 0.00021491125490415971, -0.00047650166872285747
40.17618840651101, 10.132037793912019, 0.00051303404763623382, 0.00048307624511157826
46.651649772937809, 9.3966620841711315, -0.00022685148619523606, 7.7643671156236695e-05
55.944605854329268, 4.070933870490709, -4.209703058876656e-05, 5.2147867237303618e-05
30.96681803502613, 9.0632891040173948, -0.00035493722798558537, 0.0007318206597323987
45.578888727113274, 9.2263283101793672, -0.00033234824704628078, 0.00048900114622569678
53.341602444976694, 5.7049549759781373, -0.00015852374741114338, -0.00022950397910302586
31.812803524234553, 8.9044006290617244, 0.00014196127012020948, -0.00050463387198150295
36.326265239739449, 10.01584892194577, 0.00044384757063353438, 0.0001182761981977771
31.294221384538318, 8.8831589147264456, 2.773121581873561e-05, 0.00066149822965534959
50.485263976985728, 7.1615762000325649, 0.0004038012451314051, -7.8387182469554474e-05
36.865772805873661, 9.2086527753153362, -0.00032166993160307502, -0.0009905323462940244
40.852645094270443, 10.018105221789826, -0.00017546322225240474, -0.00037367349133919176
40.916745363186472, 10.123632300934208, 0.0004489322884008622, 0.00023759967251588601
37.271741908142182, 8.5090229963459496, 3.0758197935967326e-06, 3.3213950018952295e-05
50.574608458266596, 6.8828667800938819, 0.0004254985662368583, 0.00010508405359033827
35.693378326754427, 9.8257616813217563, 0.00060315479191070916, -0.00056301529939743787
35.453256705228462, 9.7149175807053236, 0.00016109627009317607, -0.00017716616829379825
54.913147894177762, 4.6800769400197382, -0.0001233604487336349, -7.800157861012458e-06
38.762745215504033, 9.9674721965011432, -0.00044007262541595341, -9.0556584669617711e-05
37.546865928051155, 9.363313271143987, -0.00058398226395311894, 0.00071780721701939583
51.086869291078834, 7.6325860916546295, 3.350424057509739e-05, -3.7559930676068462e-05
47.398547535925076, 8.3096860031773527, 0.00021808817778202753, 0.00028677962073670864
37.889232276017502, 9.5849590881950189, -7.5095111604616457e-05, 0.00033381721261349005
27.188596919446823, 7.3753380760647129, 0.0006691965788161705, 0.00035654796379691871
44.544787272688808, 8.9776354188210412, 0.00057869040791001488, -0.0006089180514325743
54.036117491352833, 4.856877478529829, -0.00029426633585043525, 2.2730151824275189e-05
36.186250371974168, 9.7691395506299354, -0.00011872509806234763, -5.6030992903050886e-05
51.17223734553064, 6.2754257756715877, 0.00039718365498992423, -0.00031191066286985822
47.882849154952034, 7.8857087092514275, 0.0005447786933718687, 7.0890860561681222e-05
33.753582743084998, 10.041687570770074, -0.00065622728785113302, 0.00044482701941504554
55.549260840179045, 1.3360325068895103, 0.00017495775876299528, -4.2933371006060574e-05
38.610095141794446, 10.018689637583805, 0.00029245018257711524, 0.00072697987354168614
54.185240471289376, 5.4292546186288568, 2.356125797631171e-05, -3.0123942312477037e-05
54.704116121697929, 5.2217519355924011, -8.0619934522465938e-06, 3.3728815959791771e-05
37.172070602548857, 10.104066205475327, -0.001084746972328271, -0.00010553769085913672
37.831175752234763, 10.042745526605108, -0.00026121220666224692, -0.00041207182876423478
32.465943127714858, 8.5512044309695963, -7.0941598380910425e-05, -0.00030312908409599218
54.61280713835766, 3.3534628611203465, 0.0002655913643462523, 0.00017376110718340582
39.28050626528389, 9.6626357781581333, -0.00068337329144188552, -0.00032371544944014008
52.468854296752006, 5.7895811401059918, -0.00048463535125385036, -0.00013603366518868246
37.077622225438894, 9.6126348371370831, -0.00074712605431898288, -0.00063394813367531556
29.079344689921541, 7.2867554269770052, -0.0001383897266895323, -0.00029725175325708708
32.786882934735885, 9.0185275553646189, 0.00021505059004917155, 0.00050681758310472489
53.148884196366687, 5.2832033052663769, -2.5832142817502724e-05, -0.00016494093961921357
39.824067635940168, 9.7993898219386821, -0.00049865633912652037, -0.00047779844479005264
39.086599668781901, 9.7497136248991687, -0.0001911065811718895, 0.00032647927803135989
36.55508912883429, 9.6553485914790009, 0.00015337252505652398, -0.00060560070957237826
48.008397409553453, 8.6745898318539982, -0.00023140849777954201, 0.00050891302231644974
39.014297091003826, 9.7902517490579744, -0.00035195827027624825, -0.00097733572190812938
36.08348503976557, 10.161836424790664, -0.0002639637003244938, -0.00045453776406334257
49.617526399547607, 8.0487369398348232, 6.760558070789914e-05, 1.528443556346828e-05
55.508598771420793, 2.9048657292464961, 0.00019802646937061715, -9.7453816475363586e-05
39.452735891585455, 9.8938767165680801, 0.00013133632583379212, -2.3131233688853918e-05
32.369531425953888, 7.8061538604280223, 2.0218642898671526e-05, 9.9026392077460095e-05
36.079737615488597, 10.015764381824992, 0.00037251006858121834, 0.00055961995755136494
28.882400652732553, 7.8106406933785273, -0.00022290187132890514, 0.00066983759432175832
34.791597476476774, 10.028395219579039, -0.0007569852675503398, 0.00016154447762288854
49.979805183458829, 7.2845582264915372, -0.00047840380348670189, 0.00037385571913613208
57.299093375970372, 1.9660616305416008, 1.1599107510124144e-05, -8.5703089627785313e-08
40.439034560335536, 9.9944647812623071, 9.1606990901720516e-05, -0.00032880493663643934
39.338894207682223, 10.873535541984571, 0.00019706126825436024, -0.00026326026637741771
54.247452552973641, 3.3146572370160348, 0.0002222948027116877, 0.00029266785284064964
34.981943508860439, 10.578470245152779, 0.00012338125661066288, -0.00059767543636921809
43.843794276726804, 9.00366006789198, 0.00059956486861441371, 0.00078897322139420949
31.032343270216092, 9.5368859062188172, -0.00055561033604945584, -0.00051681760694639964
48.859256791319751, 7.895236540054813, 0.00061255012433643287, 0.00031443485042565719
50.61653198131242, 6.6074464495777327, -0.00019698353522217899, 0.00069208350932398004
39.544624565269032, 9.8337349726699781, 0.00027263120118571599, -0.00062863365874119134
43.464322372373196, 9.562067980540311, 5.7396219550761425e-05, 0.00040610242760754988
52.460620792708212, 6.3615498602957938, -2.1155725511146796e-05, 0.00023608950278980194
42.003981285315049, 9.5742521890357288, -3.618261797831613e-05, -4.25488860158008e-05
26.009354968933629, 6.9375084735985508, -0.00053797436637757941, 0.0004700136071164304
32.514512804899852, 8.2043032731963397, -1.2838433533050284e-05, 0.0001131812270654812
39.800642760468854, 9.5025508618028738, -0.00026766340505226719, 7.8880748852996327e-05
46.512991206879889, 8.825495283101656, 0.00036860009793489968, 0.00016485374897870714
52.084102689080602, 6.2332492914174971, -0.0001017472610138644, -0.00043744142682793048
29.243503377177841, 7.1092887390750947, -0.00034540574093398736, 8.6178088299856956e-05
29.681510711649288, 6.7000386659104141, -5.5524307240996234e-05, 0.00026933246241350284
52.457617982761363, 6.4593931921543, -0.00040061896351134367, -4.7872301788585324e-05
31.899377072700521, 10.826402685455212, 0.00080669545640303327, 0.00068221976002138835
53.022590651871411, 6.2558310866751841, -6.6332620838296071e-05, 4.4670105133229885e-05
49.622569193177419, 7.4579202991805262, -0.00024118238485283753, -0.00043538106252303426
52.614205869524675, 5.2498209297705651, 0.00040207366448206342, 0.00031305966742599622
51.518964482070416, 6.4610810584316489, -0.00030333822253454098, 4.3452211996832188e-05
49.884711366297104, 7.8582726194567263, 0.00025434073714657385, -1.402839197552777e-06
37.001944504050677, 9.8517681147063918, -1.5529690617570621e-05, 0.00021621369203040586
53.453488102479781, 5.9939482164799456, 0.0001413201625517949, -0.00016746963788025483
34.32736151800578, 9.0074088864051092, -0.0001662568205952471, -3.8397542771859676e-05
48.587052349346287, 7.5681699406049034, -0.00055358238976563974, 0.00026518617522570639
53.547350608706651, 4.3916090577265976, -1.7615097162782519e-05, 0.00043040622520784997
30.665962234051118, 8.4896990735465359, 0.00032822658285880108, 0.00030935791482796264
37.645889755154606, 10.126695229814162, 0.00014012976149109391, -1.1877549320586865e-05
36.735678434668486, 9.0083871899934902, -0.00047731235339693045, -0.00059089078402157168
37.81584014291029, 9.8074529994845818, -0.00025990305600449143, 0.00021826276887657311
30.115147137723998, 6.3869080440457155, 1.1295205163724771e-05, -9.1255857937501674e-05
48.955753749668787, 7.139690360569932, -0.00066470028414156678, 0.00036626995830487281
47.075205846223959, 8.4591580749881992, -0.00045401936281318158, -0.00035081970711890861
27.996725912135524, 0.31881821720862624, 4.6036677588878784e-06, -6.3003643525203926e-06
35.136360996797407, 9.1281027904911323, 1.1886799252842845e-05, 3.4056186476353456e-05
47.909351886877992, 8.8139478508404778, 2.6392328557984754e-05, 6.683002445470933e-05
45.835734229378993, 8.7487497622661223, -0.00067379861641076648, 0.00028458507345929145
50.052118246426737, 7.6015797746416531, 7.0866502938716358e-05, 0.00018382574828943449
52.37687646282896, 5.972603718853513, -0.00010516595005056018, 0.00029544893160573057
45.182986510479324, 8.2197923489454325, -0.00056805961777301362, 0.00051557859021782735
49.415922755433485, 7.4112280787390388, -0.00040878413395402027, 0.00020416159821160551
24.781326907123717, 2.3274169285609969, 8.337825221019789e-05, 0.00023172420029657226
51.198603252519234, 7.3607868295931933, -0.00011175479874769315, -1.3681764540818055e-05
54.2935721232299, 4.1394953916681256, 9.288964955208322e-05, 0.00035755146975809072
50.314282735925516, 6.2682324157065432, -0.0003473982456587033, 0.00056453544395716022
27.673557727134213, 1.6247755799049461, -1.748571608632157e-05, 3.2110097179925303e-05
37.934445154633082, 10.998294112345212, -0.00011417357783031579, -0.00063391848704286082
56.078600070586674, 1.6098142893297165, 1.4446440522734327e-05, 0.00014786694807438617
33.819502530487149, 9.5968659560479175, 0.00057463600974619127, -0.00074716280230932867
39.784874962677506, 10.312184628901795, 0.00077808465076707007, -0.00033047749991566212
51.693093075289227, 6.8252546138029571, 0.0002077094734440991, -0.00028162597510713347
37.607493085097111, 9.8619298856371422, -0.00093298399964758386, 0.00017083474721021126
26.433304431290018, 6.4081607336663815, 0.00057266785503171786, 8.9100427295890508e-05
48.208778244840325, 8.1992669762828019, 0.00045762112832704752, 0.00011191483420215719
34.515868964112691, 9.7254369319253939, 2.0530084097333326e-05, 0.00035666441451493792
53.029129818036168, 6.2463104187368108, 0.00016738292072158322, -4.8297291370441082e-05
49.116805258570643, 7.3294726774339951, -0.00054715699895738538, -3.7820661357685603e-05
50.375481505484245, 7.2100055338360143, 0.00040569031557466042, 0.00026558956199988152
31.797698239445406, 8.3122937329516748, -0.0001406649130909558, -8.9032339043242223e-05
47.278974086202162, 8.3482160851990468, -0.00013284479586923769, -0.00018046412965896404
51.652417633399025, 5.9906847887142609, -0.0004804135963288401, -8.6777933469334544e-05
50.871393741512037, 7.2094630928406547, 0.00019209408019060678, 8.3192593131826978e-05
41.244873183504772, 10.038176503896917, 6.468220473280722e-05, -2.7190275919089777e-05
36.102371611142544, 10.020168240817291, 0.00098954266141495053, 0.00025636837884089196
32.991538716475922, 9.4851058656384897, 0.00050682956377207349, -0.00030162693813561329
40.346958845639492, 9.6820810098397221, 0.00012360101847379252, -0.00097991535172543571
48.014169387813659, 8.7797873500631223, 1.839483354182366e-07, -0.00040463712827935855
42.226356266772619, 10.024003361387292, -0.00024669507020187443, -0.0010253196259232176
56.906703538872328, 1.495774104278452, 5.3267772937157234e-05, -2.0811427377688243e-05
36.541574121847432, 10.213832462830359, -0.00042974281431283357, -0.00015254532442927646
46.328667583086428, 8.5599343320512933, 0.00064847157234301344, -1.1608754757688473e-05
51.165152465226036, 7.2396690988770871, 0.00014455697597235082, -7.2135538918243839e-05
40.862057334456217, 9.987977804227345, 0.00027450673732897819, -0.00044988436887351556
36.971335436303505, 9.6474188233025568, -0.0002006106650252641, 1.9033169495997962e-05
48.552179635970326, 8.2842854381000652, 0.00011585259209004939, -1.7300574109068462e-05
50.954828284535573, 6.6499836180318601, -0.00019444389832499586, 0.00063230803643402706
37.552086520180161, 9.998641518013228, 0.00037929743995096526, 0.00088950126392645904
27.750841832353188, 1.6566752602652977, -3.0709524166466496e-06, -1.4177750533832034e-05
55.157027060330975, 4.1544245718388577, 0.0001687727504119796, 0.00017273127880563041
55.345260179810708, 3.5785917997605696, -7.4152061985567924e-06, 9.0249050748762163e-05
40.055758596496865, 9.8750089666024294, -0.00017985753595992611, 0.00031820258015488508
29.927355305617564, 6.291410318142888, -9.1707926659286042e-05, 0.00011278857669595772
39.690252521670999, 10.085782464976461, 0.0001900634649491148, 7.3098101759675444e-05
52.675231486643725, 6.2414263580603508, 0.00012157812535371431, 0.00010706487658615736
49.536538960016273, 7.3632803793892183, -0.00011335789296410279, 0.00010402568440372897
51.189099474718525, 6.0260977294055564, -0.00061963728719879874, 1.6618004861025142e-05
35.978103232632819, 9.7017089087024431, 2.5917433903080088e-05, -6.15422919072912e-05
53.528623325461872, 5.833822431315375, 0.00010509303788370268, -0.00017883110783815589
28.837515162291414, 7.8868277473747268, -1.8402573485405463e-05, -0.00064158090850504994
52.00905729100721, 6.3081152076097631, -0.00027901267934124675, 0.00045636172662088295
51.036111840545864, 6.6426130504616285, 0.00039411976462997925, 4.67511682965585e-05
41.011394482486295, 9.6810324478840677, 0.00057717787315424921, -0.00090275749139636047
40.450370938014125, 9.9770540891155228, 0.00021999585035218088, 0.0010405050836007829
39.839566420603234, 9.5053355309011263, 0.00026531918479839471, 5.6442121813904632e-05
54.923596266075293, 4.4460494231836298, -0.00016467878204965024, -4.3095885269645574e-05
50.053508623885477, 7.197572943778006, -3.2584405325476245e-05, 0.00040888227875752027
54.354089376954121, 4.5647853559178939, 0.00031729323596910402, -5.0068399107058365e-05
29.432254366919619, 13.079423843253769, -0.00018478261939571219, 0.00072170563782350614
43.907346495863543, 8.8836129156802723, -0.00093366216701726182, 0.00018083683858575978
48.69831278520364, 7.810546977369869, 5.0762890486690828e-05, 0.00038041619300595921
36.922809204301842, 10.257656121408719, 0.00082168902376707545, 0.00016426914762620478
37.899465263605158, 9.6317689733959675, 1.3105277153831787e-06, -0.00018381538980557753
32.705747320945754, 9.2796800873875718, -0.00036619451852657489, -0.00034331061192330607
54.180080738096116, 5.5361277041753247, -9.5113156500721822e-06, 6.6102505214647866e-05
27.985397388910918, 8.1658367483679974, -0.00075304566516177021, -0.00034144895292827741
51.697286002361352, 5.7257824789745113, -0.00031155777243488717, -0.00034285591333812392
28.976347580516045, 4.5288192091757988, 4.7371505867718819e-05, -3.7809396686139994e-05
53.735802908072984, 4.6908241059360671, -0.00032862631134331191, 0.00023252416379066786
37.423896037671582, 10.354392165473696, -0.00058284121728989036, -0.00040652150629203875
36.193222787317296, 9.9942228600674934, 0.0004828317950911505, -0.00020289239290034139
55.568454019635318, 2.597805492129126, 0.00020870265061141986, -3.5569603186803941e-07
48.459058170413186, 7.324218888190952, -9.6899507976458432e-05, -0.00048389292968769958
46.828828373863509, 9.2797162527304948, -2.0273915059472708e-05, 0.00014613400496263441
56.273561846815603, 1.5111233093508181, -5.8046082456241989e-05, 6.5451465680092056e-05
34.448558092401996, 9.2930257738935076, -0.00064148854455021282, 0.0002373786831796837
38.589255327433456, 9.9840244910764344, 0.00031750244374779209, 0.00097258878821570346
35.744813398288926, 9.6602642216475765, -0.00019501585263908283, -0.00066967800051145063
32.588266097853968, 8.2898555545220454, -0.00033246091033739506, 0.00013155578377105782
38.789559025416459, 10.356620469396775, 0.00069209515465728047, 0.00080826440322555272
26.842618563238108, 5.4375534061646267, -0.00038816611552408087, -2.944518890296929e-05
47.197535198818194, 8.4622798465962301, 0.00056274217673804962, -0.00036467645115345978
47.023567985593004, 8.5187987783577732, -0.00028843168116229195, -0.00067127753393523193
42.796333030876937, 9.2407609779888862, -0.00037972815326129734, -0.00063827348679357579
28.247257135556584, 5.6935530919121984, -7.4931479944257451e-05, -0.00032178783490551904
29.844352290121261, 8.4893325551200061, 5.4481945052597772e-05, -0.00085257502431102287
39.020626386279133, 10.172934188700824, 0.00015198135209122635, 0.00019163911877614244
42.519944448096084, 9.9755373755991261, -0.00095365367847634384, -0.00025828668876062496
32.931457265628914, 9.8867291253576948, -0.00067986329325168536, -0.00076147242659985799
28.871775204571314, 5.2556808807658548, -0.00015218468563835111, 1.4838180350460515e-05
26.915568576237149, 8.4275321549175928, 0.00080364688235986387, 0.00031632907970076054
39.674523879411282, 9.9465630921450465, 0.00022392226729038407, 0.00010023790520159335
42.815928768461895, 9.9725403327473465, 0.00013287810966695784, -0.0001001956951827807
45.702861992470304, 9.1419669959589758, 0.0001028814217510396, 0.00038020450611353366
44.31664590133478, 9.4078923871252353, -0.00032333317071782657, 0.00015312921852879581
27.098480575303043, 6.8324868094100184, 0.00036244685962472312, -0.00051076109332977326
43.636013819609332, 9.119364190917441, -7.6881014400782404e-05, 0.00095682255411640095
49.837617112206807, 7.4983873546623769, 0.00031799586309665812, -0.00025574372769434766
49.961493127587964, 6.4241361653699176, 0.00047994329301125619, -0.00045869502696727955
41.486509593348529, 10.254996101959788, -0.00046821250451714293, 0.00010026625412582004
44.466832814044729, 9.2078714000857627, -0.00010243550910103741, -0.00075285851866535385
53.296633544704491, 5.7180386237145626, 0.00032191582323126629, 0.00015719224395784393
39.153398493252311, 9.3834837946724505, -0.00011227092741000159, 0.00039296141852827019
29.59007404035631, 5.3865823016451113, 3.2015686264930311e-05, -4.9869712268441079e-05
30.871345423892706, 7.8111956574426396, 6.7390994348524882e-05, -0.00041349678580118244
45.113038665635401, 8.9382832756154116, -0.00060913364079585018, -0.0001821873368104001
36.009377471701903, 9.7488666148967873, -0.00023165755938067654, 1.2302070795479351e-05
35.816493058327033, 10.081650848283116, -0.00056028623663014127, 0.0004899338941816312
45.813080969865823, 9.3613650959063861, 0.00026720567127846252, 0.00012367272580779726
30.496486085395823, 8.7546427677499121, -0.00070776435600476229, -0.00023221428770547691
31.306814619882392, 10.021302742074507, -0.00053649704857138491, -0.00087828630880397028
50.758775487817417, 7.0186652704450658, -0.00016479852319719403, 0.00037015917747924268
34.447285550679844, 9.6534029042076011, 0.00050924134296260408, 4.5608871667571606e-05
31.420627738480157, 8.8352557434854475, 0.00018226642532947479, -0.00059420963615810769
37.458072755962213, 10.003549786407218, 0.00028867746843834995, 0.00028991437916449993
31.457157472280695, 9.2114128430204918, -0.00034774012385980108, 0.0006708189528955795
46.927902370397113, 8.531642773862453, -0.00023356297590015464, -0.00048195036639317983
51.361832949502762, 7.2637323927884427, -0.00014621645629545046, 0.00010460570890128089
37.309670483491892, 9.928372209465218, 0.0008659243699615807, 0.00019910083280567421
28.599550809002164, 5.7635144752163976, -0.00012954062783920137, -5.1152981361812743e-06
35.604013157428895, 9.8122830704228168, 0.0005364686100994561, -0.00048911148183282914
47.707768818740455, 8.1644066612402764, 0.00017000821362782493, 0.00051855113995790889
46.007597340210502, 8.9860937185557379, -0.00071809229476461748, 0.00059578681662080511
48.65183999896999, 7.3241274384457071, 0.00050423488302323504, -0.00035135986663680543
41.59377145177492, 9.6527531931072943, 0.00029359917048031169, 0.00071968238273941809
54.482799968618401, 4.6997278201149841, 9.2929176387762067e-05, 0.00016617612434722076
51.966798614520691, 6.6130827165144357, 0.00026410873825210483, 0.00015919503184539478
37.610245544476001, 10.234613974899041, 1.8828821401703352e-05, -0.0001309562183189774
28.096886594871684, 6.7446407446791508, -5.3377615371038611e-05, 0.00041594845407792697
30.672140684969676, 8.8012747486567449, 0.00062207639809612957, -0.00057701708856493
40.891118850775605, 9.9129559136316221, -0.00029715752253897047, -0.00091617842516578541
39.593257840841673, 9.8208682749359379, -6.6505714862179408e-05, 0.00012673434307477525
39.734551363153486, 10.118671092863318, -9.3113987307355406e-05, 4.5077133149510042e-05
44.013525427454262, 9.3845559248634149, -0.00017580786539050231, -0.00024362023784709036
52.97113946131239, 6.5349149562384694, -0.00025624212087503801, 0.00016502261191259253
42.959997556329633, 10.04757567576976, -0.00012342294453172997, 8.7919679586396345e-07
36.618840188035151, 10.048506424997393, -7.2863490656294916e-06, 8.608014311517187e-05
28.620754485489464, 5.8676717780586207, 9.0914200605432203e-06, 0.00018478533926188841
29.988992060620241, 8.2512025110180911, 0.00025595910601793032, 0.0004414000724815551
31.919609412699195, 9.0574412680705745, 0.00073098959528042091, 8.322518783656781e-05
34.999157470791893, 9.1829590014389186, 0.00052528183312335508, 0.00016371698222873127
56.238431233803524, 2.4233335336571975, 9.7550366828232814e-05, -4.5573432904922358e-05
36.5313590062377, 10.047643502062206, 0.00019415997349060129, 0.00045411668013928068
47.33527875560393, 7.6401426584486174, -7.871252865520696e-05, 0.00054536428094525426
37.85224622342011, 11.07152355532928, -0.00074380385713356998, -0.00025055735487528963
48.254439784465383, 7.5838648629533552, -0.00051190142388623443, -0.00056245703461134248
40.190817661315961, 10.099890548313386, 0.00020195124979880338, -0.00051615992098974169
49.571425036183875, 7.58106070333735, 0.00050523552198186055, -0.00011289551476131781
45.456905698184038, 9.0638982074442147, 0.00015157287853312178, 1.9437440266404568e-06
35.185606741911641, 9.5141079976184013, -6.8175534697633653e-05, -0.00035445838016393439
29.629794229594989, 6.9677292459891236, -0.0001399982669759615, -0.00011429195487136014
57.113353494129719, 2.0445691897476101, 1.9298410062599084e-05, -5.4801205781550355e-05
45.099244355868457, 8.7699458987792962, 0.00034750258787691671, 0.00088165363587690488
28.688134159263143, 7.2893586185956396, -0.00081839072577852561, 9.6985613689351378e-05
26.079045745257194, 7.4055910317581164, 0.00077815225791263141, 6.2728187522343546e-05
40.938015785658223, 10.804767658565483, -8.4566034094595938e-05, 0.00047768523117715364
53.653540018767565, 5.4639683183849943, 0.00025533346641702127, 0.00031266512403520686
37.729105789527139, 9.7230166423633477, 3.5725866219909977e-05, 0.00014425365897326921
43.288798025279874, 9.2065387164305292, 0.00087291237929942248, 0.00051243362597975497
32.266590797198191, 8.7254301613622776, -0.00058573832309020372, -9.8863447102321886e-05
47.950256398657707, 8.2824467678673592, 0.00080341806868948907, -0.00034598101108475592
47.741959138223564, 8.6486420140701572, 0.00011172868587170824, 0.0003789630837959621
47.986731100038796, 8.4644633955453639, -0.00033500539509838525, -0.00063013990214809141
26.343141878009128, 5.9587957188365541, 7.3866075548436512e-05, -0.00043613354514140983
42.076271152202239, 9.9150037228932693, -5.0959655118383069e-05, 6.9930086140911518e-05
31.664648218321897, 9.0279730470077997, 0.00083288480661319701, 0.00048685268250064424
43.905535424578233, 9.4271773052406651, 0.00072472083088455559, 0.00025193927673759959
53.525644944300076, 5.8408397461608956, -1.9979167400145523e-05, 3.0310021854642898e-05
36.916323254203732, 10.192026731678922, -0.0008737563803687164, -3.9443722977166688e-05
49.349944224877177, 6.8562787752858299, 0.00068956596017626093, -0.00023708942835027293
47.388143333612263, 8.3847329601193401, 0.00045489624550267292, 0.00029829281449492948
