56.589581632407388,1.477042256424951,0.5185581430145737
55.86360223643419,0.81645552179901226,-1.3784816249102108
56.016649158184215,0.45364764008201353,-1.9523469069351551
57.156639126995586,0.82733745476794507,1.468510827524856
55.514224259933748,-1.4109997877032081,0.037873611848274751
56.072642058114482,1.0028390056373246,1.4978867772383011
55.167254470643748,-0.78711417203113709,1.52738254772261
56.566554215509193,1.604688637981017,0.58696438669719042
56.475601962405719,-1.5477846530545747,0.64618745324254578
56.096677265905456,-0.31432251692932262,1.2377117257253494
56.52654372621614,-1.0863470400133597,-1.6159183056004982
56.91868454647075,0.36059597680141653,-2.0495581242869809
56.834167188339912,-1.4270010646458364,0.82142493514857684
56.128109021304901,-0.19112527972575991,-1.5877285458241472
57.091122349082177,-0.93749070099040011,-1.4506860396880104
56.330856738319056,-1.8035628596840518,0.098052064744187692
56.422836878553959,-0.061825165547198899,-1.9460597416333427
56.065722380186116,0.64574055961209553,-1.795573140301179
57.150284886921526,-1.2045786982133531,1.005744470615924
56.68224281386258,-0.0064626551210052521,-1.859863240855532
55.302941756921605,-0.91078270257070437,-1.5067570557798944
56.806692420373771,-0.8554032561372622,-1.4921267610375131
56.780842207127314,-1.9003938766730442,0.76866241992235163
55.988149586031852,0.9916022773211266,-1.0428957757805342
56.967066275677972,-1.7352575043491105,0.10030958886554854
56.04538671492741,-1.422320197202172,1.2364034811029829
56.616637138930166,0.56606764706609569,1.7979338696865586
55.684265748685164,-0.89566355185142121,1.694768564956282
56.679001668827816,-1.346697887598407,-0.88794492810138603
56.431357424364442,-1.4312826040568298,0.99212977966881122
57.15710005133613,-0.11479268617275955,-2.3204086498406626
56.356774228115412,0.5265633967814376,-1.8154948915821962
55.396787688038273,-1.4853914038012674,0.62226734577678633
57.109495495879031,0.1472676783672818,2.1467818588279743
56.271089025275558,-1.5080887067189821,0.66101443408275706
55.115173070139718,0.16561093259879811,-1.626395797324516
55.530051677013766,-1.8938886945098108,0.35765732533869399
55.936951847033392,-1.7088573511746983,-0.16080643877886935
55.700537636312156,-0.22031751890989076,-1.8491646104340016
55.641039248497087,-1.3173585394505853,0.55216484694802337
56.801116246990283,0.089431003266028791,1.8376728260393205
55.833998670581011,-1.3228071466803399,-0.8670590068196331
55.802109809288936,-0.38097341399410972,1.4038761304579799
56.337238825700048,0.87979346591519436,1.5528088130975113
56.292592480811905,-0.7229995224128839,1.3950468103836151
56.390317785180841,-0.26955600482755504,-1.912079623970764
56.88023394311405,0.24360562498583443,1.8288907343069396
56.166413441793679,-1.235653926368864,0.92078598817541579
56.45058315301263,0.052938829337024922,1.6183456376942895
56.275699760863141,1.4209590522350253,-0.67547780328464446
56.284281894801431,1.3177841067103355,-1.437116311952509
55.181891975145845,-1.4146770606206684,-0.88880674762095224
55.428142961797015,0.35362331258320628,0.62843651381457022
56.299086225433584,-1.5279897761131807,-0.95830429256485672
56.304315800168162,-1.3095851808695294,1.0620867029809062
55.398330493855681,1.1505762248749432,-1.7452517965987104
57.065744253854895,0.99876995555280157,-1.7278361607786061
55.550740278422474,1.1909310478609161,1.9156488034634709
55.454859744693195,1.2207641417132571,0.46000589838880834
55.929042935086777,0.58362844801342439,1.7464977406632298
57.073153028147701,1.6944408836929723,0.78890741589602531
55.853729559845853,-0.33684097612615449,-2.0374774128019415
55.881859608523328,1.9355895815716819,-0.75205396172903483
56.895289002978231,1.4334863144089574,0.82188145833680792
55.683733069862754,0.072003689473667906,-1.7393755177386643
56.812156748054974,0.53422152426769243,1.6289170411569511
55.837510343417314,-1.4713021651338836,-0.79997790575693817
56.110089166026377,-1.5544603524222658,-0.42667399498933883
55.676519626864007,1.5777917271476243,-0.91902250177486156
56.60142127244481,1.1812381228264661,2.3415153845083294
56.873786498830619,-0.32507822793508045,-1.8459114421459808
56.135306004229143,-1.734395999840451,1.0656267464384659
56.200620784290052,-1.8982452047250522,-0.70640516670229514
56.059775860339329,1.3235042048978245,-0.23951689062546577
56.286062709322657,-0.82996140909779537,1.3589091156634825
57.279485524654355,0.66241681624443527,1.5500615006101017
55.822977637077194,-0.13259540785581259,-1.8016802629343041
56.706321758898859,-1.7900212018482851,0.33203291386934009
56.82198070991592,0.36620772212876684,1.6833582271068068
56.183642369978408,-1.2226956734945342,1.6535704473787656
56.603493962900913,-0.93233568381477749,-1.9356776304931458
56.867318380757538,-1.8155609595834314,0.030553417182056258
56.769831920198833,0.72135515830649266,-1.9745226401168681
55.456575326147323,1.3084044356345361,-1.3024799022476943
56.643756310866259,-1.0465031486199379,1.2797815140305178
56.734301187305562,0.92185445286383105,-1.0978019362268965
55.445528870407855,-0.17213873272848462,1.787440030239362
55.43781322057626,-1.3388774919224107,-0.45410088168384038
55.640243063117552,0.96583151072858608,-1.7441883878318949
57.08794165823992,1.3761802694854421,-1.0311150926202182
56.043622353018684,1.0163184162500982,-1.3700322445670501
56.690630004075288,-1.297203057816477,-0.76236724368062392
56.739893272051347,0.54469672857023244,1.3060356994728901
55.866025974506613,2.3307537582397608,-0.058632593232224445
55.565620404804356,2.0096280278448422,1.5277162593601965
56.074539214003522,-1.554132384462992,0.53727045439251597
55.76497992807392,-1.4991733008626051,-1.3755053718582981
55.885219382402724,0.70570501329265767,1.3922856349003039
55.940309315338631,-1.483168501452631,-0.14248799149639013
56.731132377263471,-0.24035559036164214,-1.5415987355496168
56.90001141671182,0.85645431649719495,-1.6259649767161259
55.521326455270781,-0.39634093406054188,2.0356326822411042
55.956070100270146,1.8662211296497531,0.30982418637362624
56.662135000699422,0.97955751428955062,-1.5697118891573527
56.927502761083232,1.2630907034468506,0.26508796641550475
56.066681546578536,0.89288942223250067,-1.013643050815668
56.390686235303036,-1.2004713945238623,-1.6071847078027848
56.032717604212223,1.0729752978714664,0.55677696604802718
57.022531996582941,1.357863053244764,-1.1878383148430729
55.522164335658424,-1.0424168194118124,-0.071500774919773552
55.569597629073243,-1.410660435158426,0.68843607893855618
55.83052656197907,0.18896431128701527,-1.6910829133906098
55.240854679467006,-1.1009299789138567,1.7476147183024477
56.540764306755591,0.71858250103514676,1.632837181420981
56.252000515417734,-1.169931764107121,-1.3188410645042656
56.083511461167888,-1.6790755781775755,0.7576561196525845
57.206461424434103,0.65127712489474276,1.5873075256711087
56.852228756414945,-1.5039460393625004,0.99830662101329903
56.603087645884521,-1.4476040826146903,-1.1468145041504529
57.09790952341028,1.4519327963738329,0.7680615861429847
56.751610096176954,0.53765151082951168,1.3772080532904603
56.097639927422605,1.9061972319156841,0.12159151236767907
56.606328095063731,1.8734635920552642,1.2220872601158854
56.278337924239452,-1.7602003733500817,-0.78684581777331575
55.586630146303733,1.3379651436523161,-0.62397124862095332
55.939332254637542,-0.85188860659984278,1.4389470617903044
56.088907385150954,1.9855669338503039,-0.32556274545772701
55.741437753274056,0.067787336480220922,-1.8028013865767225
55.464846775129026,0.21617064355875645,1.8014989491873832
56.524376925441317,-0.00085135784719440422,-1.8843576488476814
55.365331621069743,1.5070888569565544,-0.72487389485694509
57.010170393612562,1.1729741232781787,1.4356737138361659
56.068881217257072,1.6157381802375126,-0.55273310817735388
56.556031521694116,0.60133491290214913,1.6714195733039807
56.155598218914342,1.6671189945002824,0.65078554124102128
55.747515216698872,1.2179301592885303,3.0143161800215514
56.964869432108372,-1.4701661814710618,0.22761206534883635
56.695533105014533,0.79582243459151925,-1.475791588991145
56.295730204606151,1.6468903155739028,0.33702918661629305
56.621720941473434,2.3193485287092805,0.010777110245154212
55.738575228683167,0.31413369251538831,-1.7830946795861542
55.47771872047516,0.60537132225541346,1.5325609881331828
55.919498873663777,-0.5244452038018772,-1.7268783529251233
55.266571253558858,0.85127566795211029,-1.4452244002862751
56.920160478333742,-1.4036734915291511,-1.3086339455882277
56.770043006126315,1.8843897683235054,-0.54989171478646326
55.610421398957769,-1.4524650739903091,0.11109863134047461
56.250049457480266,1.7389770043613013,0.71857231119731779
55.898731130289626,0.86309966407653427,-1.6293533132053859
56.32156901819976,1.1370923310903269,0.12329643195609243
55.221658504526914,2.1750275808591648,1.4787511775510693
55.902138892661299,0.45692063621414086,1.8281369557832232
56.896362309164417,1.8110647176637009,0.038646608302833549
55.526371344278068,-1.6467160693004033,-0.64975038877125757
55.846986614299972,1.057750676198191,-1.4371020403459958
55.632087272681161,1.8678470285321744,0.087001213000846678
55.354698469663035,-1.6774752234177219,-0.23512999677542173
56.800021647860831,-0.2789199487724624,-1.7829267421322696
55.068596073085907,1.9146927743535047,-0.90771061036589962
56.56891762119097,-1.3875222829738956,0.80760485880665778
56.294655804666647,-1.0869034010738865,-2.0034254469763941
57.083380130567463,1.9372145927035034,-0.043477386332604277
56.801092401658956,-0.74539048208960157,-1.342168377413528
56.402586995602469,-0.0029600150324813074,-1.3208960992698688
55.420950908942018,-0.9958103727411467,-1.5875928468963751
56.777400791392829,1.1671216967859779,-1.4177445344083295
55.737413740029609,-1.0844183586329796,1.8493113049740471
55.983882855803152,0.24503637310744827,-1.4461873695831551
56.599010530279827,-1.2498708032628523,1.4318152747097237
55.112068662295961,-0.23499905062029575,2.0413706857394303
56.114647368403304,1.3698173858009997,0.82053987618821322
56.32931769862612,0.23221464097340197,-1.4800266656782353
55.274081612988454,0.16647221955042676,-1.7583293349024589
57.051738540306978,1.4897912409157223,-0.82707694311466629
55.369601462467379,-1.7441277280676921,0.53036938451011117
55.279699681824212,0.6401318097419143,-1.5642942467689591
56.975612282391531,-0.7956357230960438,-1.0566853990353269
55.965621280734247,1.5422895651267325,-1.2261573854632954
56.855484004069012,-1.3202410888312024,2.1706101679114163
55.628979185537347,2.1786736270683207,0.14181167698326333
55.588884285945788,-1.7257438834304224,0.39612165888564044
56.018978447064256,-1.1209710547625358,1.4964524640761425
57.092544558752877,0.92810625970966187,-1.3058809038691179
56.229282809404417,1.3358467388722854,0.31051112844082746
56.743765004594472,1.9061852693995793,0.40051602214878285
55.626938761236531,1.4639664150589871,-1.7251986626330456
55.734308212453954,-1.6589636206990277,0.47014336445499733
56.3715284893157,-0.99068563902263118,1.3599249441534274
56.795869938918678,1.0960258312354318,-1.2811534474955315
55.342719867290327,1.3630287278756454,0.88921730952313671
55.118017457912977,1.6869166725872038,-0.42057871785411394
57.043335269915779,-1.4931922640593971,-0.97510661474418825
55.366103792385985,0.13219796163338177,2.5114137944354606
55.145108908436811,-1.2477912689139818,1.0158060198170344
56.685079611909309,-0.2283725077624825,1.8646408997263657
56.161678473599352,-0.73852459462510467,-1.9397921838691383
55.8120069993942,-0.88567796673516441,-0.9656585523804746
56.859166675170854,2.2889702809989525,-0.64646406192577011
55.493056304868148,1.5469212113790001,-0.89563286535978515
55.729327439474034,-1.4528286263014922,-0.72939834479649068
55.800620200757514,1.8561190232019813,-1.3662486731066852
56.875420669276245,-1.7249678885689412,0.39842177398793466
56.036344317177125,1.208868763782724,-1.1437050986600337
55.468083828988448,-0.96506772727826695,1.7636548876815794
56.960530444361481,-2.00144252231261,-0.74094392415871768
57.011912469865528,2.1887572101515897,-0.15535615878869696
55.441910314730428,0.18656600021263758,-1.4374766428553185
55.665443274859541,1.5042060050438113,1.0917802610206579
56.633874786105835,0.23243364641115169,-1.2561182215951068
56.552513411781909,0.11462967556230895,1.6616229592462546
56.440713605729137,-1.2508313568614255,-1.2787021178435698
56.76021276859408,-1.0315523245948619,-0.86336010080821424
55.857549899530333,1.6622132589776957,-0.38118570227504661
56.970308317750487,-0.58726588799330914,-1.4477886177851835
56.015731802345961,0.50083910156447065,1.6579212888466965
57.200530728432355,0.48312195318869511,-2.0928454993457852
56.781104723810252,-0.58124790346331012,1.6416816717473524
55.290853476061528,-1.6333741284169707,0.77465682272533709
56.574806051216846,0.99872848483680732,1.5754035941092597
57.111325132869858,0.38670412769277046,-1.8645635100840843
55.75546306135189,0.37741407797762461,-1.6300959505561667
56.043869016485878,0.45420303211847879,-1.7096271495550439
55.753094387991418,1.0818447127163195,-0.81993673118469224
56.820854752812266,-1.926441922910463,1.0486134298600007
57.002906831896532,1.2186842449789872,-0.32897345038989567
56.195040088321456,0.34606288242959804,1.8617859419092382
56.869632137698943,0.86575785646098546,1.3579461127669479
55.437775923943676,1.0891581639336096,1.3330692637127888
55.630089818519721,-0.43676567401468919,-0.091915079224580115
55.612532821362521,-0.90709232257558015,1.9912875597216726
55.78919519491739,0.99122838103012589,-0.28334263765836493
55.827985683978085,-1.9698489407349693,-0.51674188248221975
55.65521362891598,-1.4251138767776772,0.60426749037206484
55.601826284443938,-0.48541970849982424,1.8726240636863791
55.631940917495541,1.9824661143241875,0.42290078093392031
56.548994717085662,1.5060241487246158,-0.94591034417875208
57.000660008871876,-2.1118418804721029,-0.25221901553907539
56.801813413532948,0.60905928071083315,-1.9853109812743959
57.208493412630268,-0.20740290583486096,-1.790345661555327
55.831552059379639,-0.86199817281677305,-0.79423625150345212
55.457837871157246,-1.0546307925537641,-1.6604205739617095
57.076836948574282,-0.76860971401602152,-1.4254701453346275
56.288689467199504,-1.6719556639382802,-0.40479905530998916
56.596884372401178,-1.1648834958275494,-0.87428581688189522
56.211459384011157,0.20769103337975151,-2.1596096784930148
55.294272721926539,-1.6550890556979658,0.7987719610563232
55.990774892013242,-1.1159300398536476,1.3194165254582733
55.477209139594656,-1.8407324350308782,0.56448171555615811
56.806915987400899,0.59173096829734118,-1.9495667538152168
55.581222312000449,1.4363175617898583,0.6300399900823862
56.760337149264728,-1.5758776212346606,-0.79404497047981304
56.294895216686577,0.46738672189720654,1.8453798390150673
55.612856871755604,1.4092605308666781,-1.0301275295737411
55.77211907159527,0.71875583828561473,1.4833266923868949
56.519544116938363,-0.67267272619009177,1.2062609793244721
55.112650717850471,-0.94915244343025096,1.257254706752261
56.686882252638192,1.8996064055380684,-0.49868308958014484
55.591974797698363,-1.7768677402930566,-1.2489923521096429
56.283709698924866,-1.1333559466275396,0.91738444767171412
55.993538136314932,0.61887220103657059,1.9703345022502414
57.13783276939796,1.4201797038913786,0.015749797599443543
56.688777695365125,-1.4081883526594381,1.2545022235108427
56.929805649032822,-1.4622119892674115,-1.2571659608270385
56.037120311048383,1.3237238941786611,1.1191816979256828
55.538626901577629,2.1564160802818488,0.40236362378901802
55.980069130737341,1.3331177244583849,-0.79462014132238823
55.864840162356529,2.2277166354276887,-0.8020379385909191
56.100110300616016,-1.6436075355844935,-0.39406380006892383
56.834979485882982,0.25594168187192379,1.4727618115571706
55.187064414622974,-1.9202637195811394,0.37962544258757824
56.77680868305864,-1.671197872008624,-0.3641714143617531
56.522312774213567,1.4392671006004532,-0.82621876191170596
56.378577903761993,1.2799009152920957,1.5094382508563222
55.664830721254937,1.7911209744342851,-0.38091114845877044
56.936218716633718,1.4645040037352965,-1.0321246840152736
56.684319160675088,-1.4879520513362667,-1.0542925583949454
57.085797850591518,1.2026213792032663,1.1511261839342564
57.173685616860837,-1.2990930259137363,-0.92623737206885404
56.605364051821645,1.3485341929786423,0.58617736216444127
56.302158157745531,-1.8577959003212012,-0.44892927824288009
56.522278770994561,0.84845664417001343,2.2766144385137532
55.588530310321168,-0.12703459367562292,-1.4654013732392783
55.507489103298035,-0.2197977590148234,2.16774149246422
55.413907505953041,1.7610970154660506,-1.0683997822966076
55.864974671714165,1.4013935933567088,0.88887637831339572
56.961890535577155,-1.8281566085441177,0.21032958487867065
56.955751203737648,-1.41930311877083,-1.1394880853769924
56.538527915831921,1.7604723699228539,-0.95470947634520498
55.277108672005461,1.7621187153240152,-1.6082690085385609
56.002622990047016,1.7649468880843795,-0.50399847406512577
56.312372325117366,1.8288409975709075,1.0448426417014336
56.809101464351038,-1.2345528507172832,-1.4452774380343705
53.730913537093627,6.3947707621693981,-9.3343693879369631
56.530819233675487,-1.4900386433633908,-0.46130138292498035
57.129797372932401,-0.87914433443166495,-1.3333588673583605
56.261858714830034,-0.082709555225104592,1.5480904675453429
55.467348684784426,1.7897736792704455,0.23445864737324199
55.309280750316404,1.2890969144442692,0.94015045439044265
56.433012895187467,-1.5927331566440632,1.2808075126417868
56.341891513180656,-1.4748038036334248,1.6305737224349135
55.246204698987022,-1.4699749593288665,-1.3459740262622217
55.271250534114593,0.80634920321478432,-0.96562198227290996
56.613582937334904,-1.5280859259602169,0.22802318913487243
56.739640233073189,-1.4025066775005288,-0.34024576820944691
55.848777233244881,-1.1522322974532719,1.4588483031137993
55.792275831505428,-1.2164218790209718,0.5163052118090139
56.387695755620847,0.41872762980836292,1.671435576208284
56.059617524800018,-0.58966435269263784,1.6249405208169925
56.254316048931436,0.86561990094385477,-1.3164600918932565
55.692074837216275,-1.2490576996475913,0.25015733531925283
56.699679603286619,-1.3449720790585449,-1.1000902823623988
56.245791349453249,-0.390595833007924,1.5918744340853757
55.482840748119273,0.97117217210873441,-1.737974024504304
55.537281506364877,-1.5900506970469335,0.30289607556488057
55.940281852944899,0.5654408895669123,1.5898665297290595
55.225491377826259,-0.4087533487370491,1.8951889555299064
55.399972565347255,-2.0708319318056683,-0.56342938120842123
56.980395765684484,-0.22983837717747882,-1.7318344458812065
56.995505410485173,-0.93951697316557081,-1.7455641450436774
56.511740147064529,-0.30213088785483927,-1.5658409385027419
57.259901856504719,-1.0513546778989917,1.3286636264141449
55.99454589702475,1.657012779615042,-0.37999752229379463
55.641565582234435,-0.49046749765127606,-1.4951058358732388
56.852184879620921,-0.57341839724600285,-1.4731738143704991
56.59814113413168,1.878896307964611,1.0141761520074457
56.002300493658659,-1.4422756792300044,-0.3166022238223643
57.115045472937979,-0.79243772756263953,-1.2684350174132739
56.312530654784226,-1.6583061493078384,0.59619662639867521
55.463109310111307,1.0299229719653411,0.11709709820484428
55.341380863033969,2.0306824123570228,-1.2179260126929081
56.057278281038265,-0.6064218106300221,0.26546856850970019
56.737243253285925,-1.5895663298643889,0.93035972117778398
55.457774691353663,-1.2326459131699448,1.3167639241250153
55.512280365410973,0.21925406671536865,2.1799784663473276
56.889633622220977,0.19798713148260844,-1.8384577235644555
56.617692290294045,-1.2095509614909945,-1.620350931615967
55.832420122386033,1.6555298334416639,-1.2679792947594668
55.143408758951388,-1.2264127207498843,-1.0850173576555153
56.353840234309097,-1.3745940935068801,-1.6364217115941515
56.744846318618059,-1.2703824606395293,-0.7720512535774432
56.457351645382587,1.5817684020811036,0.26158848269225476
56.355049162223828,1.4299698436812016,-1.189407577868274
56.258763647467745,0.8631066569115815,-1.3410112200082229
56.009094390836076,-1.7725341300222088,-0.26026750759684147
56.066110731584587,0.65113943841022381,-2.9743425303651865
55.987759953272239,0.41088777946674371,-1.7197687700622994
56.546594692863366,0.13062080049347108,-1.6377520782580881
55.815850404031721,1.5302655635812084,-0.45034187269330589
55.313297977069482,0.091605810461614937,-1.6326739578673806
55.621482879715259,-0.42889428009014158,-1.6479168105739341
55.22631549935867,1.4928910967125848,0.42520532539502293
56.879485755645149,0.51379196126387572,-1.3851168583526599
55.773961582619627,1.9728279428672424,-1.3257293673579447
56.142585497780125,-1.733572673102709,-1.4263026444430105
56.436025080686882,0.95905280406005033,-1.465026227973514
55.085992079148717,-0.37355373210599613,-0.95733440852458129
56.675342235401608,-1.9229804329210427,0.8194294146666149
55.894308795373796,1.0364562781385482,1.0719979746942745
55.404137245318019,0.7163337771707653,-1.3025910688730808
55.938462885215159,0.51186920983464046,1.4948809409858095
55.355302047066466,-1.5967785654203603,1.2108837493010183
57.063411129865415,1.4376534828642042,-1.4319060368429415
56.301101850901134,1.5304812760628892,-0.83207854648214408
56.068622143347632,0.6986250166300163,-1.6894648645534736
55.449685117114015,-1.0149665707936049,1.8277163530872771
56.269838178053654,-0.75427534744708657,-1.0083640099941691
55.713030538665748,0.59465643584847772,1.5232545259812156
56.241170832467596,1.838635626138136,-0.4340890081697521
55.643101865201238,-1.635568935229873,0.73640993854784409
55.421526857202203,-0.59356717830331607,-1.6158056053755414
55.630263046111978,0.38899480229975247,-0.90274523416712227
56.448235038504372,-1.4533585787728738,0.92145990164570812
57.016612128762951,1.0519862643218798,-1.2543204812429261
55.794641145822133,1.7652487904259324,3.2154101911420945
55.16145443674035,0.52001818077882922,1.6473996751090807
55.399036352111565,-1.5747877201508707,0.79129618178026684
55.662384913670245,1.5193589348720433,0.6742241958855173
57.082005820654274,0.050933513136062147,1.9124310430211009
57.112063354053561,-0.58386437808084757,1.513091158140804
56.701990147504908,-1.0671352566797148,-1.5450570438233906
55.370709544162551,0.63701249737341148,-1.7483781664126159
56.408625155553885,1.5625973150194767,0.27971819217433469
55.604328360206729,-1.1109183247429513,0.49824359638899629
56.778148872629885,-1.7882579071691023,0.46382220149150044
55.725105892934621,-1.468132846102651,-0.81994562401465876
55.463787116517494,0.86169253783601163,-1.3701776381253714
57.277479707707222,1.6218860274130362,-0.94403250460410992
56.68451731493262,-0.14857307780776083,-2.0037344207141001
55.621366527912443,-1.6916882211858144,-1.2291516513610496
55.518082222088502,-1.4987977316396086,-0.84987340611312645
56.469989521141279,1.0598981711543165,-1.2965074242585106
55.867105637560059,1.4690142696505444,-0.87362444764474878
56.531464454833809,-1.2082001469643622,-0.94948746961464414
55.942721270602988,0.58402880505792676,-0.75455288368508711
55.342032945007951,-0.79734408892547504,-1.9407825886773411
55.592348200901114,0.25160864941385641,1.9940586816822885
55.780237856981159,-1.8326528727051179,-0.11429506183685956
56.050106172255845,-0.0011540930895645267,2.0601967010618605
55.704157352933166,-1.6802424475428759,-0.53572211341031706
55.592792820579461,1.7064111968215545,0.34488575459875653
56.924910061991028,-1.9097392935046613,-0.054567486095534953
55.457088764344888,-0.5116474462825602,1.9838478076420527
55.534149628801131,-0.35710778689281258,-1.8655016088745515
56.840759605583813,1.6423803451162455,-0.84096673476460937
56.777315144378072,0.095010347622113439,-1.6663176953451975
55.407899470864962,0.30175150726547473,-1.7997143954933486
56.546442904768348,1.6766868845410146,0.98954994139888253
55.920175946809103,1.3511024995454808,-0.71581823739360884
57.123108995871519,-1.4986099989376176,-0.54348461020578498
56.892723774800828,-1.9692071918284451,-0.093361553168600231
57.250061591114374,0.29549435845521271,-1.6800840398113241
55.576345537534088,0.76971382072242656,1.7795312083359958
55.867363098907546,-0.69567838628582301,1.6938388078684434
57.007175479811238,-1.3489657706118203,-0.95442503460284045
56.209789542485545,-0.20774673957625955,1.8267022067267964
56.334359198904274,-1.7496997495222872,0.99218371891918766
55.818969839158171,-1.8131841757637635,0.26952822247721592
56.455582064108498,1.3620847498163604,0.64362511498916475
55.947435588838999,1.3391652253862301,0.99898703194231775
56.588814857257262,-1.1897493866900948,-0.86321828701556935
57.024687391662532,1.7361351184187845,-0.82391357198302817
56.04752866363922,-1.8339769470906171,0.047465741142913222
56.775908113832877,0.63988589649366501,1.5044388311874006
56.412354176424671,-2.2350550077583078,0.16978304832021213
55.218455687928795,0.76809987333382712,-1.0104288211711385
57.003094887231704,-1.1356658935705499,1.4658367434275139
56.743103632457824,0.75317260946439368,-1.628646725060295
55.394432976566542,-1.6937934021279903,-0.73399086251077938
55.903338385725952,-2.1004224050890428,-0.75162967157416438
55.372757541172831,0.37836745104963437,-1.6032224548243657
56.794044220345945,0.2142794915840833,1.6997262245845903
55.715475004809079,2.683375221447228,0.3417363137345063
55.355737360475807,0.95358430021616625,1.2313535269936899
55.314586201869304,-1.0402341760194904,-0.70128776616656219
56.800154282795518,1.6754398372765145,-0.12426142805178818
55.640651787367673,1.4346568010213994,-0.82868804898407178
57.054762785491327,0.90181109198124731,1.5341449994868228
56.136178830285957,1.9829665772307541,-1.0048028106295437
56.758967853780781,2.0033681286576455,0.044985729097455587
55.720220143311195,-0.4509506293725033,1.6916533046142672
55.885373338264365,-1.344047039115307,0.96750410080165483
56.307787736675081,-1.5545430276438283,1.2754267908404899
56.372790175385681,-1.5893240048284534,0.69466575281009557
55.657550859912845,0.41057400205794825,1.2824387651982514
56.815414777377335,1.2274754140168533,-1.2141541188370604
56.914168022507546,1.6489142223930919,0.23640927878779772
55.981948114945986,-1.7160148516757538,-0.07725121157712031
57.181620068219033,-1.1703505512958752,1.0724756905690029
56.20689554417072,-1.4680161831796323,0.54404421003607384
56.059051982834951,0.40504068923054715,1.9488048437840564
55.937222757856894,-0.25074193575996151,1.3902001907544874
57.11854905644779,1.0585044170637925,1.4922756244715205
56.790341046201895,-0.93872340059199766,-1.7831567396568513
55.420199756992552,-1.622867878353035,-0.42974704556946991
55.446970282139823,-1.5163859396429551,-0.12929375701194595
56.675625904003134,1.1663414193167374,1.0685513646644145
55.098201438473858,1.0736078031677951,-0.91181406479938687
56.587170099791592,1.6862567027562405,-0.35328960557350442
56.432689005207315,-0.38270261782647796,-1.292521994175506
56.659162072390203,-0.86469409290307309,1.4317766070885527
56.21833340544422,-0.75819680995005123,-1.4633973947941818
55.730812856094133,1.4433717058523505,-0.86486138819262626
56.717491578509673,1.4553885037986993,0.99699282650184418
57.09376026908707,0.20710559704145126,-1.4800717173119435
56.349522706488273,-0.8344401784171106,1.4979092219055672
55.543988551564873,1.4081145546351732,0.8892852436751616
56.52322036491254,2.0207574537760165,0.70790320581751176
56.852031082050232,1.72446972110612,0.38988363497780654
55.649223590742679,-0.16390639889957709,-1.7960486581053079
55.557709805473607,-0.094116011692856327,-1.5425006398582608
56.708260784472799,1.1603432835823408,0.76805192902696573
55.694870551811967,1.4456368053028725,-0.76102130380438382
56.021606914754493,-1.8700479599980016,0.60115803617431252
57.033256968332765,1.4168328065741507,-0.29933938403488392
56.407849842387364,0.20779891631724215,-1.5774475798490739
56.941338977347776,1.167629353160279,0.64919217897998649
55.840878075909615,-1.7065669786378774,0.26463023846231054
55.818518581984662,-1.6225678104811327,-0.7261445256419552
55.10577153894058,1.0785373003970455,1.202249359931165
56.538828625190241,-2.0278244267981864,0.20800050158206723
55.92259403226867,0.11160613321780302,-1.5592530427296212
56.438843982529725,0.99306167249253774,1.4161302737990757
55.882771290472093,-0.27297335386315047,1.5140371913695718
55.527411037763606,-1.5569127666152676,-0.6442841605023083
56.47056770767248,-1.5130076232006306,0.79182736463377235
56.337255595138856,-0.59719916702001186,1.8960630277959898
56.116523906033898,1.280970255212291,0.61404505192690362
56.859202616591311,1.5597551875737194,-0.29230684104663901
57.066636725825887,-0.89965140026399104,1.2291659176799981
55.737942959759515,0.4614187543836003,-2.1538916266840586
56.478004385026189,-1.1201506224636484,1.7852783616853882
56.155359225338238,0.053530403841157578,-1.6889009161162423
55.438574148111655,1.4314997373898273,0.78808162683971372
56.16830868772405,-0.98441051125565915,1.4652520017292348
55.918670358459387,-1.4220205430957047,0.21620409264413898
55.645153413800699,-1.4308934502646307,-0.97879621099766989
55.816067981710255,0.50885033678852187,1.7617094041677919
55.649743133144774,-1.9267428997614691,0.035279622528358125
55.988785840142327,-1.59602511394293,-0.056804128701548474
55.820041470956667,-0.24913884894636457,1.6158910944761828
56.485005748104676,0.62137768709720687,1.7679778317156341
55.287945310502593,0.32994751867565525,1.5892765493316268
56.78019409764665,-1.6370861159414634,-1.0364476974993786
55.272604318021195,-1.291860509306183,-1.4808372658035469
55.583740364681283,-0.16624584258803227,1.7389086012383868
57.267231072640591,0.66342217804980508,1.6295070853937137
55.253600097385089,0.64124568044188679,0.7850319400883301
56.920456763691661,1.6894758039682698,0.66068897307319685
55.602788098074278,-1.6923283242678331,1.9419078983172671
56.760412871248157,-1.313971697794952,1.057448513632576
55.31616791367297,-0.18092405938777328,-1.9477533053321965
55.342026946933011,1.8126834142547765,-0.0083407792277563602
56.549781404890517,-1.5159601687282407,-0.0859398114653106
56.762198866992009,-1.2685738172086869,-1.9047234608121095
57.132074788737143,1.6309811911365355,-1.1215335828035315
56.427098879092924,-0.79346334694216758,1.2345630343936183
56.61237458080673,1.0061007899199088,1.3049007479924903
57.081458694851385,-1.3547281655837702,-0.15730130856822039
55.613923154009647,-1.2885208977687814,-1.5647521931333144
56.009167673087923,0.31541476346287933,-1.7210599425844439
56.15422303772219,0.77231513621170123,1.7457119059115982
55.444740514811386,-2.1510625034435971,0.49827258110209721
56.692448528861128,1.8595236382534828,-0.18066681376977048
56.28747044280879,-1.8389874941443933,-0.64206941784126836
56.451645580667233,-1.7082196196343595,0.18013199773510219
56.167408532355374,1.7016170165884332,0.38630523885112156
55.67694472956029,-0.14142187958044877,1.7482209361736121
55.889770158257512,0.246217975262433,-2.3654151818423337
55.395097986908937,1.542212237794012,-0.2960422196462037
55.898318415237583,-1.5986127166365505,-1.7865836944453501
55.379716352692782,1.4908737377291357,-0.4283456761065379
56.788355409123,1.738043841161123,0.57727135315653788
56.611845490861363,-0.19910109216020336,1.8940652448810209
56.984707746593642,-1.1290112003983792,-1.3492495311287258
56.471628400556305,0.10951773451751352,1.4931366842333496
56.905719729570109,1.2130329133446414,-1.6870261154968664
55.523662178060171,0.81300796787699048,1.5402076994283107
55.891285506110115,1.4091653838937637,-0.63271321878616871
55.348033355724723,-2.0004831349908319,0.20821718139967435
55.067866869350951,1.5969565452919106,-0.90145475236582473
56.510378609585864,-0.2343571282282724,-1.8668155862367364
56.803239710958628,1.2405921692883084,0.29226740971566795
56.772205497051701,1.5332534210654314,0.058880821544106322
55.928122845128044,-1.2299062343276754,-1.2189896447237394
55.541797971829347,0.84074184169133304,-0.78566038374348035
55.80944869790877,1.2295653120879686,1.5232363007931635
55.906854030694163,-0.7356371996956016,2.0713667721170479
55.25350224938601,0.40003922168190237,-1.6556708666789879
56.288707336190072,1.3023234912892088,-0.59532359283318881
55.775387887376482,1.3749031814332462,-1.5466006629209723
55.423036888668946,1.5479752224079382,0.86138377090662865
56.174960894410432,-1.5803270702741516,-0.61815274775840612
56.173035855555263,-1.9574575677519321,-0.52771183767125518
55.690180977450595,1.4556658875862531,0.45809692081922027
56.790338685380917,0.4615007624881845,-1.3371016119364236
57.056955913052676,-1.3593169784221164,0.75215406790771688
57.035036195238362,-2.1193619834164048,0.48310386991284188
56.892501535958026,1.7077038431935438,-0.0088807362505263464
56.960511499094963,-0.7497996514740265,1.7957975038739675
55.209520328742471,1.2537778239760278,1.0755807518313736
56.261725627575309,-0.036077123056500557,1.7230129399811172
56.538768921281097,0.10035818081184843,1.9532887361578033
56.846208725229438,0.32800186972823708,-1.8659184800716948
56.830794079492954,-0.85990702096050486,-1.4924561974070631
55.320072710740305,-0.95730559076097099,-1.1626759434205982
55.482105697361739,1.0773389302437029,0.19643729450900391
55.95099729606391,-0.18947158613937715,1.7977394304685299
55.782052901434142,2.007282899383537,-0.98214535497497923
55.666254587572851,-0.69315434702145839,1.7651376252888411
55.382997050464702,0.50702895022167538,1.8023397542670878
57.051502198494553,1.1739251791419809,1.4413476617659984
56.558988390218261,-2.3016550260588877,-0.082661291537270351
56.701249757657258,0.55856601603643563,1.9252637125485161
55.923740525918518,-1.9198120596719201,-1.690668594150408
55.848688677238506,0.66961312094741343,-1.8477322907024085
56.223928977689006,-0.39152678155065407,1.748781156503852
57.02412868441202,1.1878597760571412,-0.79193716859333962
56.61294617807355,1.3700002147698287,-0.71634134865680188
55.628156242759339,0.6245833087202971,1.2928515033286598
55.321331356710544,0.25357684642405931,-1.8869245764597196
56.981746462239535,-1.2588063236658669,1.0406975102523737
56.561321644463945,1.2290327494441133,-1.4006062595668309
55.425358898081136,1.704035291205424,0.79466071790220949
56.742023689797385,0.88906747039271561,-1.4716350691217068
56.138947293772766,1.442288050294386,-1.6575973483896034
57.144744258062659,-0.077235796733846895,-1.8665261648166629
56.302083877153159,-0.74319749568358484,1.3593669374245583
56.501313725721332,-0.73106101875601004,1.1364491208946301
55.738836610230656,1.4412899455797976,0.51805159702887482
55.868923070588828,-1.16238462447396,1.7539411815652559
56.399524992426954,-0.69805136757924591,-0.31067519984030006
57.077997365114953,-1.3383522992036705,0.83351946312637326
55.421883551626109,1.0700745316147848,-1.7338045012262275
57.254710419394982,1.6911518508176122,0.64069568456330772
55.679085011368493,0.90742844004416456,-1.1411782885703989
55.289562698233269,-1.0739743424968242,1.7422754646813217
55.320372588269073,-0.25456965027258582,-2.0499346151947906
56.348398095252207,-0.90230359575689323,1.5054394201282624
56.122141928266416,-0.1784196199885581,-1.836181669400065
55.366041831811948,1.866693596637284,0.46259550362724289
57.057416419359939,1.3406309730671524,0.82622942423537449
56.163383355807319,0.37315458980410127,-1.9315318560714008
55.898524188303483,1.7603152156991784,0.76171797441554157
57.178923049666835,2.4010230972881867,1.8296950569987642
55.65904345944179,-0.95417895113518714,-1.1844641279555421
55.960343917504431,-1.5723334086237721,0.35914706473632552
56.796495130457814,-0.2878115858017703,-1.4930661883767933
55.898676411623811,1.5802667637205741,1.0311800887629321
57.09069409333037,1.1728518947178175,-1.8565659418787099
56.273415558637659,-2.0220209186709006,-0.72845730393712504
55.37240625399297,1.0136000873212558,-1.3303637042061049
55.863036297691139,-1.5207436882457435,0.84409804149926848
56.657011730094304,-0.75206847845190916,1.1920035868239631
56.266246662070053,-0.12095478886518075,2.0603176227438071
57.102559999191328,1.2099929264507825,1.1993069473666418
55.888052128795216,-0.88870958221802976,-1.2772652607411052
56.579397317436147,0.37712349477649426,-2.1061696031020229
56.097266262462874,-1.4091438301674275,0.8082857433139693
56.736871814267985,0.63793280735868962,0.8126554467826792
55.42759167903283,-0.9119754552906788,0.49982387418168539
56.097213927975012,-1.5399152688580042,-0.50156051642744748
55.626242211455825,-0.69190837801073635,1.9825771940262782
57.069707133047906,0.98280710403591187,-1.6537868269559375
56.863489919206607,-1.8863975176617263,0.090614868398743526
56.319504994132885,1.006233091551491,1.6313109738482292
55.433344886807838,1.6368940442675326,-0.78016945006561056
55.264015136940877,-1.8359825115747967,0.49225051397871744
55.421054320436561,1.604128334052817,-0.66449082768672041
55.868807988348856,1.4308192243933482,0.20979175366290231
57.092786578574113,-0.75076626052685558,-1.6426461934019914
55.901349082362771,1.0749671178355908,1.0453803493588885
55.475971459070081,-1.3873154269093571,1.3878996452735284
55.804951024351844,-1.665685030980363,-1.2895686998300324
57.080572325577009,1.1437024943675194,1.0188044860827337
55.249581188524594,1.321357843871791,-1.6632999960969208
56.487692460696145,-2.0801499609494067,-0.63514452494767759
57.080412147783022,-0.23115946525049366,1.4627123344676702
56.738754423943142,1.2224894138620914,-1.2264192076653022
56.82718171635323,0.77098443933509475,1.0601356013968826
55.307264771774598,0.93584340698297364,-1.2141279119300523
56.800333058976634,0.30043069780641468,1.7142483809396301
56.273711116054969,-1.9147636793644589,-0.012270507466664232
56.371051520375666,1.1307866518662637,1.1951568463241709
56.435318113460028,-1.7866683295952259,1.1645342369747216
55.744580600042084,1.3514160525560885,1.0119621777882133
57.094733862860458,1.3956138506981441,0.62413771180778743
55.446341335769354,1.6711201029455633,1.4470989784963735
55.317493166399672,-1.6394623819353655,0.24629361261147487
55.417223485482936,0.36933868471545578,-1.6928205011680932
55.432151366939671,0.33470699555421124,-1.4866437312741456
56.721939084664591,0.5722836722237542,-1.7016304977186587
57.246420896527816,-0.27444238716320302,1.9038551602502185
57.024549340153783,-0.1656436807566985,1.8670865665451852
55.284701763077571,1.7475873261467756,-0.10172254380894896
55.417847733570284,1.4369131425115942,-0.91631380732893997
56.968043824315124,1.4621760340860039,-0.98335081075682718
55.283732923825184,1.8923206074396555,-0.0092591447476875147
55.193785079497083,-1.0590692241911599,1.5037399693823834
55.608354592383485,1.8436047550855454,0.14595175693431292
55.747703620341483,-0.058055376535527579,0.88218876505818578
57.248307949805444,1.9022954698376742,-0.026000290073121428
56.559983706185413,0.38451452088430682,-2.0068967757911835
56.72640173126797,-1.4030938208084893,-0.19546220518773219
55.678828629021012,-1.7666974797642307,1.2949108422542814
57.065299201199736,1.3991904012297909,-1.1503148599311186
56.27310637571312,0.7585389847185231,1.5891941881267928
55.825050650393699,0.78911055196329616,1.3657135708156218
55.310559528155807,-1.5483918799928802,-0.41533174992223265
55.424877980020995,1.4343444131405936,-0.56583168095660863
55.394529524207428,-1.2822316546535697,1.1400621274303047
57.085843990397485,-0.41635598330487816,1.888248223891934
56.713718540249317,-1.7527474053381609,0.37059139892131976
57.161050366083153,-0.1547475144878156,1.6643217684375795
55.539915224296706,2.013506032054039,-0.041937573579659368
55.816140905327572,0.57832220181493099,1.0808333972850697
56.638175929748584,-2.0055692849613638,0.16861566133179501
56.720275505505086,1.5900007004315906,0.92328679825445292
55.301959314199415,-1.0266802688138401,1.7133471575912678
55.11063035427788,-1.2867036695691756,-1.6432365340832109
55.734589905757218,1.8234697391268382,-0.25127598995815426
55.315969337601551,1.7665082942028139,0.2951181661764779
56.974473923662394,1.4163113398470537,1.1235370434793788
56.239790154284989,1.0919039837899567,1.519071868164257
55.562754260156723,1.8140885859053306,-0.90452510253923535
57.020849299608159,0.6098361808070657,1.4794031565222101
55.839302545237636,-0.53545485199646436,-2.1694221103616225
55.608414848791021,-2.2629582942897324,0.40897281488430726
56.379405838098208,1.5234189151342292,0.80373550344407163
56.760735418428396,1.3809419974538668,1.3037045870068806
56.292831803600244,0.87941620409482879,1.2219381273189531
55.427436181386206,-1.6285348812600013,-0.36161976049012096
57.081664235063705,0.14364517040064928,-1.7730642748705163
56.582538464697492,-1.5822984561153288,-1.3735721478235137
56.134397595181078,0.51980893452942545,-1.9565657188065531
55.645893297808499,1.7333383374070006,1.0487259787808594
55.796348356845606,1.3332696514714029,1.6022454208802224
56.481272525739413,0.79622481038421766,-1.5642940901975679
56.709973602916321,-0.90135604614289166,-1.5862127501896994
56.503763578814116,0.42171288144763736,1.5996117994045049
56.306678122787183,0.20095971532723553,1.3916959908351976
56.61565808236054,-0.86339125959099761,-1.4456555713096562
55.241991624157158,-1.8996576007301964,0.34545615951642106
55.236700895241356,0.39880385172893446,-2.1418942755235606
55.752223974765535,1.224686104307652,0.74805429091920672
55.414688555644048,1.7951095463077817,-0.61897933293773344
56.019391900610188,0.73985772019028673,-1.5058785633587626
56.244677422516531,-0.50022358092844932,-1.4083652376777316
56.758516349966833,1.1334198767283414,1.2362346196974141
53.925474579956123,-2.4608833792856504,-7.4835679065322438
56.496104999700798,-1.2052035116774127,0.88979720289776287
56.088066958419091,0.83290254018881216,1.7649052303551571
57.003677221165596,1.0618324701898727,-1.1099792495130276
55.507948997239865,-0.4676358633545119,-1.5372051783243066
56.351395732855394,1.1797843081477954,-1.4322277918974453
55.959098290313449,-0.30011977981949356,1.6529406215253204
55.969973874479898,-1.2738718287213591,-0.92918998225573735
55.388555975170839,1.0028495626373242,-1.2678826542131338
55.705289560511794,-0.39562643359290184,1.5186972986635237
56.621817540604972,-0.59391032518632858,-1.2625011074780894
55.953454360678869,0.70059474866366844,1.5734017310459056
56.204815464154706,-1.5543315668984565,-0.089268352237302714
55.449017547762928,0.2720087350197094,1.2159761265242075
56.209298738866714,-1.002091729837103,-1.7414162387734637
55.807791412438696,-0.086651135318248487,1.7011518552745035
55.261087117960948,1.3025317166981252,-1.8987376413550641
55.686232609960783,-2.0789443452253216,0.43807269578602193
56.351595429760152,-1.4835088116413606,0.97238916612080506
56.74751712545676,1.6926164685576484,1.0282163877706132
55.264567841081913,0.58946186084977492,1.7771198529101433
56.181647206821637,1.8083214228336619,0.32632710628890205
55.581257054703329,-1.1829390403522198,-0.3600367572924093
56.228537182891309,1.5201429107629525,-0.16745349166442058
55.237902784001363,1.002583733362139,1.766014354730457
55.959981225601382,-1.5736945847439083,1.2321218525045352
55.901366001689915,-1.7927413818335629,-0.047642748102334528
55.823466341141874,0.24909334102209155,-2.1075849721178046
55.936390120808703,-0.52003015849732193,-1.5661644876110672
56.001044276022114,-0.49473053419819718,1.8995418704592615
56.032547222238222,-1.0707492300490207,-1.3852978499042505
56.624815954782044,-2.0098201286556394,1.0166315152531848
56.234248495794965,-1.976336846881193,-1.0259212648439238
55.293326818073268,-1.544296388671085,1.3896179052330584
55.326425834077668,0.71202680955133923,-2.0022185389419045
55.574756839242518,-1.7636813349524907,-0.3725429185155098
55.320606652021411,-1.3745290873817388,1.1934174274653053
55.814009811110076,-1.6779938819227007,-0.013747739221023422
56.490673519495239,-1.6973707793577653,0.1871406558714401
55.201699586679609,2.2116278140110581,-0.30103055600761564
56.326375194111968,1.4823401834569512,0.98766073180441394
57.054370513640094,-1.3320267770292384,0.62493859971273491
55.236416915660293,-1.3016655843188329,0.10569479563865394
56.905787053476075,-0.40976192650718474,1.7566359367197617
55.292260061623942,-0.43697847329342071,1.4988069801124295
55.342759740692522,-1.6086654120336945,0.22470747428226565
56.020863623651195,-1.7466411200599892,-0.15748635825421445
56.996913710254979,0.77381896051549914,1.2818992687191073
56.958097231033619,-1.7614726388652597,0.35304145905404938
56.849477549959119,1.0966108934296677,1.1636922587362721
56.076730622907625,-0.033795165091674101,-1.467717316150537
56.891130303016602,0.95778146014234478,1.601403371365111
56.29415289972831,1.3043570545716014,-1.4145835523093671
56.863328980401789,0.03255397402296311,2.192379325270398
55.41895967571071,-1.062055595769563,1.6005753184991571
56.920827007801989,0.025737834327512102,1.7847045624907181
56.513059962165514,-1.6508106062312649,0.7605996386123649
57.200419243812263,-0.75039960000989669,-1.908571354628567
55.418150824828068,-0.026914151074346145,-1.8657223631301871
55.512539672435352,-1.1622781123788795,0.80602216995697751
56.579301756900932,2.0204816774064787,-1.1857806908185127
56.631304356028849,1.2838630689421471,1.3803088484226571
56.765829293410945,-1.9378334959440509,-0.90280772359717354
55.595091486965757,-1.3500771175673807,-1.0212027733465274
56.756559497978792,0.44568585775241842,-1.9726109721202343
56.594525038868888,-0.98656358614045669,1.6710756572163106
56.608257609613815,-1.759795646199388,-0.30344090702269783
56.582857012398271,-1.5707373314089852,-0.036252629149131771
55.667250839930361,0.064657876645695528,-1.9112707189915079
56.768827799904784,0.18066843425435639,1.7775796748855406
57.134496296445242,-0.89950454664174051,-1.0989592706938183
56.805359878817477,-1.1605323857558656,-1.6094848192602642
55.464780036247376,1.3728081850145464,-0.93097221815497688
56.637283424032965,1.1215980214407928,-1.633169259573799
56.688909161254649,1.6080051593560332,-0.75514474129966891
56.458224804280263,0.044254000874629489,1.4903313755654009
56.686719122260889,-1.1437997162948015,1.3575557618080603
56.861357608141972,0.053306185336445121,1.8533215969753072
56.243225951779017,-0.32011331123162812,-1.7600097497171998
57.135722125092258,1.1370883028366472,-1.1004805686120933
56.281118656864358,1.5281013730806257,0.51855578912295208
55.502466735258551,-1.038558772035836,-0.82178292225478089
56.284566231016001,0.33633857369166542,1.5860583909585504
56.816227979510856,-1.5167664308752185,-0.79183051884708611
56.410685927516283,1.5512663393688138,0.82043944217768594
56.349817857212173,1.4958082270634234,0.19921070060320492
56.787382305001202,1.7649511474493369,-0.6237309890614392
56.104536099260578,-1.6725187367383398,-1.2412507797668688
56.055785759106193,0.19394523074674047,1.8135400481175059
56.025963453623369,-1.9552955062050197,0.050410787007855874
56.863458801519599,1.8179505677829331,0.76340203908087134
56.362899605522728,1.6031936696286513,0.16836163402093363
56.607455243151591,-0.29130231588252165,1.5281751032967246
56.889641453946965,1.0841913797539178,0.46703540387923204
56.126046996387551,0.97716541652941546,-1.4164757335466327
56.210970170575877,1.3500860288387102,0.75703643477841609
55.667482559183924,1.2278477406329524,0.63772382489921364
56.877245158682896,-1.8175354622519619,0.50016111903772498
56.171703887712212,1.6147434409330939,0.5145111305803598
55.717371485468774,1.2406191410034637,1.7174408255535125
55.673860810361646,-1.8516689517215246,-0.16764678936588881
57.007276478633926,-0.18518551881067638,-1.9630895337260756
55.725991093321035,-2.0452917929107599,0.67818244561235441
55.139953523483044,0.99431090296047808,1.2546570796548253
55.7946435534503,-1.734656302517734,-1.0313534721757689
56.781923302623113,0.54015915098398648,1.9238962055667457
56.113239174873591,-0.41154197494284189,1.6549901211402043
56.358395735856043,-1.103561298788033,-1.6289790230947558
56.572152353623416,-0.032954156737541221,1.4271837709510988
56.508217559667933,1.7857097828876449,-0.53179127862933762
55.678478187719762,1.3176107246843276,1.3340262907576614
55.534114003730288,-2.3264189934316688,-0.45570322406966807
55.874651392488353,1.5472349445185996,0.78068558548036793
55.999125729019674,-1.59964327687023,0.33350870575836888
56.92540713122694,1.8176420311529033,-0.69153371060314595
56.736655474872194,1.3541168342433823,0.039113522148823299
56.507032978565448,0.60966930682329923,1.6133741498616871
55.913618568944479,-2.1356986236030577,0.63587459857593787
55.696224223751351,-2.1064013648842752,-1.1850239889193455
55.321762069884855,0.6448416799575134,-1.7633437733960848
56.698781032562032,1.1106159212923972,1.5985709671784361
56.772407074929696,-1.6120280081127139,0.14650555344306124
55.319864026054333,-0.36263511863453229,2.0468080653588512
55.271105263529698,1.3844468769362992,-0.62384942620897987
56.497273618969174,2.0244360696704558,1.2105942020233045
55.750210741693913,1.8580853245663229,-0.25826442511068837
55.52164758850698,0.0096084612461839643,-1.3696696407324229
56.350009115700857,-1.2397219899003615,-1.2006346713488227
55.577404702449279,0.55719162696308744,-1.7235030712292112
56.443108271623274,-0.091589023155610919,-2.1098550055489969
56.916086164025756,-1.1962448171728559,-1.1610533680148378
55.620881310605512,-1.6143143409454779,-0.082863137562528527
56.466170039661243,1.7188236393303786,0.58338242594729062
56.690313115774622,-1.7150710133688003,-0.75789330152306944
56.609155280780293,-0.91929551503065332,1.5508941012002229
55.925452643645265,0.37465355921311611,1.6456525791126255
55.728127961006983,-1.9661162000541155,-0.29747854333751889
56.224980473339834,-0.55786210556349403,2.143772989438514
56.701713655695102,-1.7024120140234953,-0.49181972287071996
55.886993431960065,-1.40960474626431,-0.96035868638907762
56.128977844543705,0.70176216198463182,-1.801193997476878
56.366685009564883,-0.99802052400374242,1.2833339903187784
56.536938808164429,0.04150458613486354,-1.8677970076411898
56.288327392016505,0.86113389290969711,1.3881645471297379
56.73177390894022,-0.7945891527211868,-1.4611419326912853
55.612623472046046,-0.41792438652011221,-1.434490763026236
56.976727982638565,-0.15439634804035232,1.66462914292388
55.277889576337913,1.0921680644729663,-1.1327628951008015
55.986726887851148,0.1530151189199245,-1.8983918505125565
55.157976537809361,-1.8699513741126712,0.093521594622374069
57.061729986243108,-1.4784033668235477,-0.64491318003269571
55.306867345272039,0.1673256049640976,2.0032411375492836
56.478515427866348,1.1868465323491635,1.0161341506756822
55.474884141291277,0.37481990883887167,-1.8111930744895137
56.175741124167452,-0.55327814821145371,1.5897683080285809
56.391086039981658,-1.1420469056956868,-0.14173799486327068
56.926999431022587,0.16036828151155982,-1.765816445661669
56.712752248682058,-1.7514251319921776,-0.50097789181144037
56.965662365341444,1.5817045947796629,0.034864439864436783
57.034456809761558,-0.47031088605310589,2.0640502953417585
55.593584393486793,-1.0547760351717737,-1.2763522661415938
56.428455101835659,1.4865857781451299,0.9501994016143972
57.071446119603621,1.6567981200406077,1.1289504545431244
55.375250889289838,-1.4263305297774325,-0.45142344492734798
55.628795395375498,-0.24985354894311626,1.6296485130065481
56.147928474407792,1.1103856770888147,1.1888967635795269
55.704083958432186,-1.2927470784652266,1.3907668695534499
56.256244159866569,0.079431373365078856,1.8666979299833537
56.670226286374962,1.7162978648470308,0.10441732334373439
55.899393299912632,-1.5911583742763131,-0.23328090651986672
55.798578236013959,-1.2142274023528126,-0.64703409268216472
55.923277468038698,0.84126269366057194,1.9688494430938199
55.475485144532556,-1.1191200013607685,-1.5987240442087309
56.177526931560571,1.5994660986651663,-0.64491951908739076
56.604008829429567,0.9505035459952802,1.4126196201136183
57.042324402370525,1.4793796476106693,-0.96441582614507571
55.985166752992839,-1.0237576394396815,-1.3636383881749006
55.550910804469524,-1.2256903975483826,1.8371718118462443
56.490563371626756,-0.73199279016498264,1.8305591436252298
56.980976430158691,-1.6238488306777352,-1.0324958966290843
55.782170853193279,-1.8440612586799707,-0.53605385632222102
56.743302592036862,1.6950847711161263,-0.29508471534596398
56.073333143493102,-0.7951377095629325,-1.2381773439801329
56.152244862781046,0.030583637769814712,-1.7137002745433594
55.423361284869031,-0.97815469594973858,-1.6973180031270418
55.553788200219053,-1.2091810584599931,0.18060722469467227
56.981170284168343,1.3371968724462089,0.70873155126828602
56.939587728597374,0.076538176153371093,-1.6109181851276171
55.239906722620873,-0.59423332652921657,-1.3435004581345378
55.52919084561217,-1.3761297637732701,1.2715841363317277
57.048666518249476,1.9866209713531391,-0.22932641611676199
55.502104046648654,2.1243795851770448,0.13538701178559573
55.44186938619184,1.1353920270990774,0.94960531356617583
56.890856537812532,-0.20165837607232565,-1.4124698463149765
57.079045158962195,-1.6040767186940919,-2.3994919115276114
56.878030920943203,-0.96032583842835351,1.6162006013249564
55.397675934692998,1.4162607517501664,0.59717796832534398
55.401805424096707,2.1395328529890754,-0.29165229471841997
57.12498504845621,1.680564518121576,0.32985162905192877
55.95129581176402,0.56214193811293267,1.4776338917967908
55.154817647623716,0.32286772576734168,1.6953825540238816
55.825186805083767,-1.2360130466243837,0.88534052711699729
55.716418539681143,0.52199052251810263,-2.1150109296184327
55.368131232328892,1.7363186779358597,0.64381380561418067
55.920835474600786,-1.3760181799386577,0.69584715383650941
56.323277388982127,1.6400725731196004,-0.621317237056358
56.478339820710524,-0.36440747193970746,-1.9663631712651652
56.166765085365192,-0.48795658309169887,-1.4276965402771937
56.79594987574982,-1.2412550162874283,-1.6476343240081193
55.241198549523986,1.1074700924389853,-1.3553979860314791
55.986705126125642,1.0485110632892229,-1.4647727830181065
55.232552213323672,1.2916065236745891,1.0985977714567492
56.106296455474748,-1.6948972721724986,-1.2954088883318793
56.415393814794555,-1.3291511390851685,-0.4608939712984011
56.616972347934173,-1.4011695890333671,0.64485099071662089
55.232651028283314,0.89923677240015099,-1.6901351789302639
55.304846966103391,-1.559669320334085,-0.64258037965217796
56.94989007825717,-0.91107384023068005,-2.1109317042680846
55.49328026553173,0.81534779803495572,-1.5196873668900712
56.804563137690302,-0.99718445834312297,-0.80426464512441787
56.214481212127922,1.7463543213230135,-0.11279205526114182
56.507169588510905,-1.9785084789285292,0.48510520887898717
56.028375844850288,-1.4765222295584786,-0.21594942374480572
57.320036960069473,-1.3881283237822426,-1.0106569201257367
55.532487338739763,-0.87733707073122214,-1.4040786151830587
56.511603069946368,1.1880183318344759,-0.172815205332227
56.633262222034801,1.835762177863641,-0.7101314454634704
56.91465514255151,-1.7158319737079906,-0.60020985466231125
57.108253094395486,1.6455583197172667,-0.61272596569779059
56.733177190895269,-1.2904591054678121,-1.0619422836432202
56.09323574438401,1.2393124626392735,-0.9546322466977657
56.106468692295266,0.30092462087596344,1.7042416999361127
55.883542796164519,0.39061606206215232,-2.0453560124392229
55.495169761755541,1.9644931467569571,-0.14006112859492145
55.586250700329174,1.4707660306462098,-1.08154163484389
56.164838520082839,0.2544474814225513,-1.6172903858084335
56.970390851636964,-0.27587757854328138,1.8737470195873736
55.31928677957351,1.029389162259865,-1.4480540076128519
56.548367133697532,-1.4964971221402894,-1.0823409976188203
55.450405394979526,-0.9852919652995149,1.7729828984103382
56.352289079414511,-0.4852834081387975,1.5283281202584216
56.485824853599247,1.4236316391882515,1.4993527305153167
55.666731320263047,1.5450560701354683,1.0275709744755424
57.005318683309817,0.67129310383953833,-1.3968864583034004
55.56462936375803,0.45437591690409185,1.7448248893381222
56.950492984290705,-1.7306459332230062,-0.36657220272300911
56.095940421400492,-0.64975145057391048,-2.0643629822645031
56.56842468406056,0.22762379541476818,-1.9005108349185464
55.687189944293159,-1.5082415649674419,0.029210876710032745
55.882697736837471,1.7950975397020876,1.1575556905528586
56.504909499658631,-2.0966985872118657,0.67235940361115998
56.102645234709982,0.7993365237517992,-1.5759095772499274
56.812667122426056,0.53886507347960888,-1.8058305847302134
56.717828503617618,0.39901603629996163,-1.4630507744062911
56.403318242805923,1.4845468798965664,-0.39187622901452251
55.564326117738794,1.2688158644591463,1.0181471162206077
55.989198895677191,-2.9911634906325513,2.4348414519995965
56.548439922843798,-0.86329875866566574,-0.89300575337157195
55.152118610295545,1.5026220767648486,-1.2506341655198625
56.704090760612509,1.4464695239181966,0.26515918492909346
55.84389016182007,-1.6479020469002588,1.051438158194554
57.307359314210167,-1.6098726648620985,1.2451383624357379
56.672079870829627,1.7507253829211207,0.44005329528991549
55.984004727580007,-1.2011612843795847,-0.012885934858590936
56.283551514050906,-1.6206937544344093,-0.53598947751005488
55.358221736728282,-0.57519130446874123,-1.8052293331558671
55.602051518376427,0.070350555158496114,-1.8532864316232973
55.689576231405972,-0.75582238683275271,1.8432943996227229
56.542690461151466,-1.6005352200473113,-0.89484289387029214
55.604677311493063,1.4727314464867081,-1.0339307682865007
55.873492156390476,-0.77818283792816434,-1.9067685631765665
56.637741287041777,1.8953065056143457,-0.77926581037890319
56.270630560776084,-1.8803997661698142,-0.43434791900035669
56.798172695150903,-0.94589781246441706,1.722848392969313
56.34265814404111,-1.2584020320297746,1.423041590574007
55.546280816693589,-1.5333288660581694,0.40816753504898107
56.993371772028169,0.36487937210248816,1.5152555281330726
55.522963077658758,1.131093060705644,1.2203815654575845
55.216849424148066,0.15764166938479279,-2.2705325527891018
56.169105426379218,-0.78830774380532453,1.7818085136168269
56.53134351867196,-1.2034894301799546,-1.1293662805022175
56.001635387493963,-0.48570773484411911,-1.5901535480830618
56.213520548456884,-1.2901027568804404,1.067858362484486
56.03025230679598,1.2767335986766164,1.2698051440710367
56.466094137195547,1.8239745829409908,-0.46537183460621873
56.080106361461709,0.16005133711330286,1.7409662282334253
56.009556051456435,0.5329291315533341,1.4026548026099994
55.325043788429006,0.40507007409976548,-1.6299628921963174
55.76266223077748,-1.7957290013531781,0.48260651811466387
56.64794090583198,-0.33429286251615603,1.7310795867783575
56.867901849969584,-0.72250966654035609,1.3887936216051033
55.277233263855535,-1.4425352620328478,0.53132859325819892
57.064458945163182,0.5633380780315187,1.6461541454291657
56.035614880929138,0.35385550587314457,1.5060507113298534
56.585331670594769,-0.59188129469964845,-1.6454212633828456
55.462397496987492,-0.15498308511880274,2.2683093596067447
56.542858946557665,1.3580922816052186,-1.1437078872529214
56.71175211813933,-1.2322533640657112,0.95300573352523932
55.823423616390038,-0.30907270544873322,-1.7239993607969173
55.736395795349146,0.92075859401370219,1.3567428554914727
56.749799792653747,1.1955098101938346,-1.3860437750369563
56.663826351994025,-2.124296600668846,0.099145974631175485
55.38165536875276,1.4160489862521815,-0.067873399221102526
55.043831517522378,0.0060773106608773041,-1.5788781610236715
55.330489505232201,-0.83151135827884826,1.0917772762580908
57.079309631078438,1.3603128866012881,0.30178630815344043
56.941205483788195,0.91595476398558284,1.6661106254578313
55.602578356757832,0.96389689373707677,-2.4288247669495346
57.159859577813918,1.683434798610371,-1.038726998916556
56.398120184372594,-0.57096398597377862,-1.8189575483606277
57.116783510038218,-1.5884476033396755,-0.73167808688126179
56.022469701350239,1.1187326917809044,1.0876326252081574
55.252094899009151,1.5856301780085684,-2.9473530771916092
56.903968781684455,1.7949514136322613,0.91324170328343568
55.154571661066065,1.1422478789439314,-1.3452292700394157
56.354630279144651,-1.2215652008817193,-0.4904926497769399
55.552592486373157,0.32604515914772236,-0.89690964658577077
56.238516486988942,-1.7477947017313216,-0.48813909598457444
55.843285016793708,-1.8947164485000654,0.64895401693697963
55.723441046567928,0.53268445350996907,-2.1687287451039734
55.614188917387629,1.7036729750870139,-0.6810216594878028
55.132213205579525,0.98216393537349322,-1.6767671827172446
56.670140154710708,-1.1300636971490441,1.8617044826176079
57.158223509974917,0.521819639717223,1.3882821906412619
55.901688830076559,-1.0761995375724511,-0.85080250109727595
56.781488691786556,0.76762689592011635,-1.315859051057259
55.820638266172658,0.5489177141265249,1.5967736584601793
57.041687116950627,1.1011919736733771,-1.4045004290493424
55.644292329538189,1.5797151207640669,0.76980757127573407
56.600790039672916,1.4837903083124953,0.68549596656185907
57.128137392771208,1.4309717578566998,-0.96983274668472452
55.582085835182035,0.49718304745933284,-1.7638670877246587
57.183020865091841,1.0207828130730883,0.14331371816784919
55.307623521800977,0.38057939451897621,1.3225041289246302
56.703435049982744,-0.46399720665109329,-2.0149660396927342
56.529178918485407,-1.3608100801244989,1.1901534053113481
55.70709233783208,0.95224978998711662,-1.4056181760779796
55.923312428986293,-0.76555174448117325,1.1032180786164623
56.392196566105895,1.7223229569025591,-2.1088085725817418
56.255190436035825,1.4449126841825393,0.1042347512615122
56.005572290526999,-0.12443492719559263,1.8268993263252693
56.700193923307353,-1.5594753093928808,-0.39969498814036891
57.045847071076189,-1.0220938376305875,-1.4501683880948169
56.70703988749473,-1.7988372623167299,-0.19911268336631094
55.494093333209449,-1.9298319242618398,0.93547659686110674
55.602414950579131,2.2024937628225518,-0.30603476419182141
56.8047154046046,-0.4747314145893709,1.6803526441257182
56.576087414594618,-1.8001942638355541,-0.77904227646234381
56.405709594833176,1.1154253844504443,-1.7730749284750573
56.59999876350124,-1.8007915931347882,0.54718313157776977
56.430031460937279,-1.7811033923718074,0.25236319747716562
55.136556306506151,1.2379953039088056,0.78145692315411541
56.471471724579224,-1.0535426329766995,0.93202051805150177
56.50551651286348,-1.747979962044157,0.91168525147686441
55.904887016260211,-1.571809561788686,-0.074095391724776472
56.821446028533678,1.4019934146840549,1.0708307089985163
56.10821284251692,-1.5411355168071019,1.3188071208892993
56.223586364330295,-1.3767492667042165,-0.68150285243500586
55.480995209498772,-1.7856330726348173,0.41705985742703788
56.97297007452147,-1.9302047296470857,-0.31331741422825471
57.05550871459338,-0.76298180479230948,-1.4664994797751112
55.445518794471219,1.2745521702365867,-0.85948075725828366
56.632159325555889,0.51754331779811946,1.5897565568993257
55.653180705646314,-0.22233369476442419,1.8991643703353349
56.907119863318506,-1.5143297108591953,0.45581644865088633
56.221747279161136,0.22293006071646215,-1.7493637300368456
56.497868426929749,-0.18282759781082222,-1.6355110363691909
56.850091541743986,-0.17500871186853753,1.4538335201085175
56.26346357552017,0.55702784875559519,1.8622782147478925
56.148818737624694,1.6075253394329423,-0.28491685334399419
56.503302037297622,-0.56417489226939554,1.2207762533898268
56.309005197105293,1.4660733291840342,0.72236477014327238
56.331482729020323,-1.2651834488901668,-1.7932357304850519
55.419351687354521,1.8013983618651468,-1.8419167288957941
56.372705951019029,-1.0202683431103705,-1.2231425179165929
55.293549900630389,0.46466188430864913,-1.4319384047046753
56.891422437803662,1.4654473939149024,0.75970308190109503
55.524365418842422,1.8392451984020226,0.26413357372846391
56.060177706001788,-0.59581825695461299,-1.7650429755586956
55.662162832588955,-0.28921824522043649,-2.1359842475843016
56.55787972711915,-2.084710755321256,-0.41453391144611756
55.559491633209845,-0.7506630688470346,1.80165941362495
55.317516799500666,-0.9436811890852389,2.1403660986666035
56.458559094898732,-0.67482913158616209,-1.9766420893672563
56.101407430948015,-0.30111347947247979,-1.6529106822919928
56.643711244918642,1.5232345301812804,1.0799088805192925
55.757628319714975,-0.79389734044668792,-1.515068924252339
55.809686564034827,-0.7028158869215595,-1.6425101952234742
57.122950713240797,1.0742593409742556,-1.0364764599946967
56.781794207943115,-1.0565645141310498,-1.2175626896612759
56.404539348690236,1.2810881349167345,1.3514695416050893
55.53237943711067,2.1872484316759975,-0.41215687389889483
55.624396889014484,0.62778720617248118,-1.4829461758096529
56.185004759568024,-1.3028767039866564,0.84975180315550569
57.114522433493406,-1.0386858691562664,1.1185134687951044
56.425355546559345,-0.1052925925756231,-1.3886872606366061
56.699901344716345,-1.5981400037837425,-1.3697253401717977
55.758736679765789,1.5340437357151069,-1.2069915827609365
55.285588669337088,1.6555004079786069,0.86785220614305802
56.038803707990844,-0.95570185635252036,-1.0726461471074322
56.328680913530782,-1.7817052004157226,1.0590196324985606
56.483884051863733,0.22493606133708335,1.4767552095404657
57.113913202056445,1.6420338897650828,0.94984022771227894
55.821116264990621,-1.4013890431055096,-0.90912700806055058
56.982306723761077,1.9752310991668727,0.93231903557519402
55.544826065740125,0.36192715663186792,1.3451267195942602
57.172178145273833,-1.3968682120444074,-0.12392957563566351
55.476400410257639,-1.6381317780388527,-0.22492344041370951
56.149333641519441,-1.8219591241253859,-0.18609119474844407
56.23201857324073,1.4981095132319513,-0.049818531522627954
57.312912397971687,1.2928834831120346,0.72236208854190342
55.285057444912347,-0.51140267061750266,-1.6147066683118618
55.152321691559351,1.5808314985773104,-0.7031900583334606
56.695315909676758,-0.57302536367746948,2.0127129189710184
56.908091266104108,1.7232656444569794,0.31112936839235344
55.398594690111679,-0.096822252499064662,1.6680935967173991
56.389837257529742,1.6597808440826352,1.1830057210586373
56.266580888608438,-0.74061840593862804,1.6800772652104923
56.524584219668313,-1.3932647194002012,-0.38593943192986818
56.021915872539687,1.2800058427407979,-0.76524221094232503
56.857809929466789,1.8445307319170685,0.68526444085923366
56.07322781208692,-0.50842045775895572,1.7006515389099861
55.408885856391052,1.6833860273618391,-0.23263589097573636
56.168435444314589,1.3268831871240627,1.0297915955790005
56.653594450603883,1.5504440474822283,-1.6430767946228624
56.242477260224007,-1.8693958342406913,0.12429725409975791
56.086238719467936,0.84116192547607549,-2.3257306775005717
55.524253400536075,1.1235709984209974,1.3329700709670276
55.886942450505373,1.2750250431542136,1.7204229308385799
56.189706112834045,1.4475723096222923,0.25361593975866259
55.855670035243413,2.0590892655966591,0.13477112484456488
56.144841079140178,-0.60084078044898448,1.6299340318253277
55.459089797071783,1.7006376663489935,-0.33670981849375931
55.724661338833073,1.1875104189194534,-1.5024037426941546
56.715465365376744,-0.4810743272468786,-1.4050017669116139
56.241431679645657,-1.0046010181723068,-1.0305469549202473
55.305260250503522,-0.73480971505953707,-1.5512536686548146
55.827891254939274,-0.62527845714291341,1.398281615744579
56.596626287527236,-1.7349873405786331,-0.68135491518942914
57.010504299484211,-1.4068104712118974,0.93868070323077368
56.36890744963312,1.0017862674393281,0.42542562860095984
57.069339574976539,-2.1057457381333498,0.4353169848812436
55.396991035051883,1.5208621644288762,-0.51002455579965766
55.776155744514142,0.48015569311607686,1.9743529282407941
55.470662692434779,-1.001500193785922,0.210707755812679
56.661006433223143,1.6701776591193551,1.1044731302792903
56.742800903046572,0.1480635840299192,-2.0626084763597614
55.759602082924857,-0.10769592967388297,1.7392675661463333
56.667316396331586,1.0836426655893583,-1.6565383256535244
56.745156706151576,-0.73188049841237557,1.4991103361329923
56.922512320923381,1.3156647171556257,1.2327290144134089
57.263008366279841,-0.267046959243249,1.9429722315821898
56.222748914796199,-1.0755773109840239,-1.3711404207506983
55.567900150988287,-1.0276495457066086,-1.1995827252900617
56.19881856508912,-1.808640538862629,-0.70151076364821385
55.671051477950662,0.65859504045295547,-1.5422057197757371
56.316429363358473,-1.5822401267026751,-0.8211750137089705
55.317944499263874,-1.4429088752345374,-1.1036570287403729
55.6363149342261,1.3135663553302606,-0.88736182481286652
56.836709959193492,0.36940023249199661,1.4945660730382289
56.250807985076463,0.22899947162019815,1.6454520433406008
56.549726318408176,-2.2662104405466468,-0.35834215866589125
56.994615467535752,-0.49798807531650879,-1.840268167464336
56.748337813580783,-0.94526649612926672,-1.4104718983529434
56.214390361955694,-1.3475697961614557,1.9380627395595993
56.924413000739428,0.097284695684760489,2.083461264506719
56.688009030462588,0.92910966363331127,1.1724979494465659
56.869087592988599,0.90511168889353766,-1.4976261459013636
56.144216694675698,-0.1749875497269785,1.6661320313569787
56.35550724958447,0.92460960095777822,-1.8563526931958589
55.533842688984564,1.3065149910581899,-1.7192592891605885
56.332911639960365,-0.069172125499364731,1.7905342883562623
56.137560523058866,-1.4132761532429214,0.018962926083954012
55.095017711349605,0.17364967260990891,1.4823270369588204
56.593070440746835,1.4791361777249608,-1.3304745866236003
56.53689694411738,1.4667038597409863,-0.93107583725109577
56.220031843584302,-1.2823163732006586,-1.3511141033943419
55.932994121095263,-2.0935877607488291,0.30959536226366768
56.519009405189983,1.8072041600229585,-0.12768543216309952
56.114361144059615,-1.5457615128419693,-0.88043120219080473
56.52567432481888,1.0746552653069668,-1.3061183866685457
56.046092199972421,1.6177783507543548,1.4262706514633288
55.372252183609376,1.8086138046700526,-0.42762196591109114
55.88880513540883,1.0722345451386859,1.3395435191349228
55.254818138770048,-1.4821497083460438,-0.86671566206846684
56.638044646112967,-1.8845521052893424,-0.61432905999465826
56.532216178187234,0.49354568162975965,-1.9446552874137784
56.69488680169848,1.5646958258921289,-1.3116319610503762
57.044286830578677,-0.042290771488523927,-2.1363511195106377
55.561087108224875,0.19827585182069191,1.8252398660525375
56.550915377886412,1.1295570546604261,1.241464935440721
55.736911362484044,0.80122787452667488,1.4119095267102826
56.125051825677019,1.2129710751664673,1.4160591451783211
56.005238035565121,-0.91250157318396929,-1.5979709055999709
55.976721272374562,-1.9429638362722552,-0.36993319481993764
55.884988718955292,0.14875834362953305,1.7370138677145057
56.888930070706522,-0.85702834826636365,1.693367521100918
56.672674166118149,-0.3688537223825169,-1.6839504814778878
56.05144605461399,-0.63238923328606067,-1.3395352626871695
55.979170196119917,1.8328495455360321,1.2019927506152013
56.944017435768487,1.0945867429633047,1.2093716259345526
56.928473503686639,-1.6432072648154188,0.23867438481006742
56.78538097851898,0.17603629742074067,-1.761948090813543
56.96925060929199,0.90465206350816663,-2.5142532767036956
56.936015243612069,1.2074277109456277,0.81317782866558519
57.190688194397808,-1.7884471720744244,-0.30042801334822283
56.342153269010055,-1.4874141892037618,-1.3352742141679845
56.112259334228192,-2.0370379469420086,0.066146082711867324
55.396641870896858,-0.70418072722350267,1.2821116392855139
56.469617094027413,0.5593199963567641,1.564157102812245
56.363285735661854,-1.0652198379793507,-1.5782839484786146
57.039593908760651,-0.46467850366469921,1.3589867627302767
55.718938344453512,1.700089604452184,0.15905381251791711
55.657949733686429,-0.23594526758036807,1.7190731311732763
56.708872850728895,0.62806913646242735,-1.832237848150218
56.475331219180816,-1.5243156423734439,-0.52135207653195692
55.30964749257938,0.43586187545502503,1.8823430096823877
56.180239485754569,1.5277369083865808,0.92705576093357522
55.933732439351516,1.536386883773283,1.4292758859708394
56.202309531081283,-1.7441495064445691,-0.68990174497807988
56.596280218212641,-1.6673328044800391,-1.1216987817433355
56.574958618948081,1.2839812055410431,1.2148734938690173
55.776445013145747,0.353818735522901,-0.17193175542042505
56.444795600128785,-1.654548642033119,-1.0667470662889105
55.568810750221587,0.69080197191560122,1.379527670046425
55.388156356806292,0.56603163319313787,-2.0876988107307133
56.113333746183514,-0.14745340826580536,-1.3675572288952771
56.285940296849482,1.3378072841392756,1.429220839120545
55.6772072675342,-1.9027852841138662,-0.88298017254569272
56.257629254512217,-1.3357096336358356,-0.94354304966033264
56.072371385733476,0.89261859134975152,-1.1259181914647842
56.892451713004689,-0.27172722677595729,-1.8642643789013396
56.225564353376129,-0.30652405099197477,-2.0108769735465115
55.705060546219634,0.3902610873902046,2.1253832216530788
56.236250869250576,1.7984084745028164,-0.13999021448587481
56.463428698106647,-0.0070154016157765002,-1.5780262730601977
56.790458104398539,-0.46578296660038893,1.7998168246161117
56.55305918698869,-0.23943231477169846,-1.7749501403131231
55.232319440815729,-0.67559004396734013,1.3737400867887437
56.581332672321324,1.7670619038195365,0.49321251464646992
55.984841090503622,-0.58251687724705048,1.7622180742234854
55.832829308328968,-1.5278764761073829,0.48808018184306867
56.307115514533884,0.84054380581564903,-1.3329937551141029
56.941362282953044,-1.6656706360414795,0.48425006438042417
56.864431932000151,-0.01254678446526444,-1.6736268606273104
57.105418780273993,-1.4463211881004698,-0.57087478718988249
56.563270311808679,-0.28059717464853118,-1.7075462571497626
55.729841656999049,-1.9376242620786155,-0.28335765757662862
55.6623596982934,-0.91690775885297382,-1.8190233591832041
56.147632479312783,0.67455040380271891,1.8525771251961776
56.241367952996292,0.20183342131476562,-1.7106565923910075
57.064212957334234,-0.15721226832256813,1.3848524969240368
56.962686837563737,0.82397514398208416,1.5078776688389854
56.213031170960583,1.3083940146654207,-0.58003943645154421
56.502408348631405,-1.6075874608268439,0.55390783798674881
56.9829908421437,1.6256556111905429,-0.025305816295340431
55.453190406779321,1.0035193619340264,-1.4660929639420492
55.252120308120546,-1.4640615883051877,0.90299202847871218
56.578285208958008,0.34311088165315345,1.3640589433578107
55.989961811141363,-0.71871101734082243,1.6308564420394609
56.150422281357642,-1.2421145157916944,2.9150060490875633
55.387842001156329,-2.240345837051966,0.31284143085048288
55.818959096388973,1.7826409989111771,0.15744211809526493
55.841389281276371,1.4637622760176747,0.97515661626666861
55.365911414079413,1.6185754281849247,-0.25205514609333224
57.181518904049753,-0.28250318439790389,2.00115354010698
55.833425516678894,-1.2085634686971372,-1.5028500429736722
55.403626170398532,-1.0253502198522548,0.78941460373248551
56.504169657542157,0.96576254104508896,1.5257484685872698
55.392689669316624,0.81563861170154017,-1.8035423274242544
56.520161118551719,1.5475817360693234,-0.59216705731702479
55.491627623143529,-1.0618728425720496,0.96901017997901551
56.835040176558522,0.7364393503648482,-1.4764220747778476
55.450195970220534,-1.817918099915989,-0.56552622055453083
56.449611853176179,-1.8086794535449244,-1.0492532565039132
56.268390269314956,-1.3060244467367987,1.3327214115168406
55.726557248530305,-1.3154759250237185,1.1034899614193228
55.872020991318323,1.9354605182974978,0.43014225153842778
55.517271597306433,-1.6062789202531209,-0.91732460694309326
55.929576556184749,1.4902563593775546,1.5080253130074688
57.001186001347982,-1.7148746723629089,0.17402801914390903
56.513275121814928,1.1089489480254329,-1.2099341916515223
56.886343673054277,0.62568834218835689,1.7830594206115453
56.396000848228823,1.2497983010799492,1.3778547939377417
56.478597479165991,-0.22016208812074009,2.1065207051250807
55.207022431026978,1.5542828672074525,1.2760862295711428
56.491759061706283,1.223194692371242,-1.2793342235517
56.012694606768711,0.28430806895494765,1.5557818208192695
56.054801414209017,0.7601840843478217,1.5252521225014832
55.362188630671127,0.80798621548187677,-1.962181989970474
55.472405874996568,-0.009393081040102013,-2.2964245064377948
56.625252072890724,-0.53346929268568299,1.6414384948989085
55.239409800009426,-1.6789889484490483,0.85571834852638096
55.548802495353826,1.6156071833192012,-0.57082450199247192
55.100155985053384,-0.43971754748328168,1.3387809078256934
55.577837441468965,-0.91651973332204029,1.5489020849014499
56.899276977926945,-0.1460796800976428,-1.4953864134095756
56.011723796495332,0.071367043212012621,-1.7782188629852724
56.724476095798494,-0.90840996122528972,1.4605340345759945
56.217762471769021,-1.7830365402715902,1.4767556629393743
55.437707484776872,1.7342704291517763,0.44792365621978381
56.069302329442714,-0.67192217849813096,-1.9677343212257008
56.52283918707959,-1.024935021839984,0.84934262680154249
57.107403281785466,-0.8780416012949831,-1.7780643766951691
55.290911525177478,-1.1915677022255562,1.4346170325404635
56.267429358248677,1.2148496543055407,-1.2422808126000544
55.227552818648633,1.1670004933138236,-1.508996768019115
57.212938140350374,-0.78177729404101159,1.4512259628873192
57.154347206779846,1.8648151638334918,1.0685144468892172
55.525263923031751,-1.0106233538667917,1.2165827527650177
55.400371385255696,0.452211243261742,-1.5668994917952166
56.024922547969602,1.2312205844597939,1.3958663887460552
56.346790923989559,0.23821625408716926,-1.9675523545921927
56.47698329788043,-0.5603289175941284,1.6289093629295908
55.945632887680802,-1.7322629194697314,-0.67520766553443201
55.750293229605433,1.4152137765935484,1.5257410730634142
56.91662743644293,-1.6429637146792488,0.45878787217532691
55.488992334390183,0.86253460437588947,1.3703798628320989
56.912136037131006,1.2515971319152903,1.4351492257810767
56.49418426823739,-1.0243342006404674,-1.5297217632740892
56.517172296479494,0.078669838288944693,-1.9680947833033058
55.093594878726897,-1.5251360645180978,0.90937042858722361
56.534175790431135,0.22933557036727395,-2.4213501493795477
55.938486047349087,-1.9580444400700767,0.37656004059666875
56.714850944469958,0.83918187895904472,-1.4671034689117379
55.820177777207576,-1.2288512368846525,-0.71786259692120435
57.110856937086126,1.4610955807679087,-0.94382089195571695
57.005989269586102,1.3488215140272821,-1.0653162085970358
55.88248347948408,0.12353848512414373,-1.3455486414702447
57.261057931991722,1.148117814187088,-1.7155946064839607
55.407895455887378,-1.959095582543092,0.036651641395767633
55.881774037885698,-1.4189621181975396,-2.2079862547792546
56.953591031062409,1.6720165526421868,0.25665083707660086
55.976430759550325,0.53541806771330491,-2.1309550621690994
56.350987333715658,-2.0510299890935815,-0.12236081206633977
55.578709833810827,1.5049258566509833,-0.86306105571976488
55.736116900497322,0.92366898286643651,1.6323937701697455
56.578939273668261,1.1985643152484142,1.1462952282602581
56.127224433307084,-0.66765358021156118,1.5579590017749634
56.430932211127882,0.07586666266761978,-1.5675562321282182
56.199151889252938,-1.1040117419186655,-1.3576580912149954
55.928193406039689,-1.1520857683016845,1.2229880793708168
56.825126329784077,-1.1439468205461429,0.65566538159276777
55.647776449714094,1.3429980369574488,-1.0927233464277557
55.472252336140428,-0.84312549640424972,-1.5720522578598661
56.309163480344431,-1.6660342476596173,1.1257517225704903
56.582769951360788,-1.1274868017548618,-1.2951254384783295
55.092209855892506,-0.32515013739809145,-2.0723757145980257
56.387262677264481,0.40628855811749681,-1.6814043529920972
55.696922380312337,-1.3921873989887785,-1.0409700913391529
55.307603031663312,0.55098863583492919,-1.9546545615932522
56.132249550516725,1.5541360691777801,-1.0082682649798167
56.365004916206935,0.15231086600843802,1.7074771918816729
55.154711436747206,-0.79792846317744415,-1.4932670781208208
55.953557707554232,0.84281763907596596,-1.41595808744827
55.885803014667381,1.4713177532536634,-0.028533532374823582
55.90313144411806,1.9705195455689055,0.22520459532032014
55.279412006792562,-1.5233112438798362,-0.36756610173729104
55.759764719738612,0.75520253341305654,1.6105583680976252
56.120140595401985,0.012188464482164693,2.1224624859253423
55.690512039990665,-1.6505420876855821,-1.098629892789128
56.968702333538502,1.2717147362753931,1.2603948845317281
55.487278132987569,-1.0377427176368572,-1.3492701137991252
56.2692049246686,-1.3475336000080043,-0.16037978244872778
55.387528647900673,-2.0519546771117398,-1.1248090115064153
56.039465289345486,-0.58889934911224029,-1.6573680464972911
56.44036914375387,-0.084897455614258446,-1.6360166236818643
55.605808359135047,-1.9104746497899052,0.5761246397778953
56.735628434879722,1.4615378594164545,0.57188224210480121
55.904716347603078,1.4491897503700164,0.67462740944525046
55.707112552438289,-1.6546277422792106,1.0628799117185486
55.860966610462576,1.7872793611436246,1.0354965440096628
56.057379742905638,1.322235820175891,0.67191460211330167
56.000546040282408,-1.6365283931762982,-0.74721394511096173
56.572289350881007,0.89783282685698385,-1.0162651925048605
56.09540578309705,1.8886755050894728,0.73877183337854568
56.836279793109505,-0.30102275950988372,1.5719967415223188
55.404139907439173,-1.3256060231690348,0.3384723362945754
55.190161648888029,0.57865671979279054,1.7655718890048075
55.941296806781757,1.7389048296492318,1.0322225670742153
55.995994528322427,0.10860912865066083,-1.9809154103159652
56.18859306065329,-1.7073846843119145,-0.5389251167328627
56.092285098540792,1.9672081341327796,0.29961239280344087
56.286871810554302,1.1380841005951639,-0.4541891485491022
55.500391435126495,-1.609662226091668,-0.70215568864961619
56.151805767656171,1.455612848537762,1.4181673107219137
56.049761214640469,-1.3779602949056202,-0.8537159009844546
56.052080034188897,1.2083352147228403,-0.81334211539103562
55.539646667172939,-2.3685503159202788,0.15243850509995754
56.741481832564851,-2.0931971995212795,0.48371553803947104
55.572261532334906,-1.6698218071129811,-1.543995211612585
56.995177584022436,1.6969331585442757,-0.39707104030613777
56.955027736173157,1.8182297059492001,1.3419377734262168
56.476807173786014,1.7130923700357565,-0.01736411927354679
55.643200083018357,-0.17393289612583493,1.7375283504373165
55.234040503062509,1.5354127123531478,1.5075994147561613
56.477263874829106,-0.20960979879243244,1.9940937923984143
56.304435211244808,-0.66373539267481696,-1.5081847965842829
57.155074512410685,-1.3850026554977712,-0.1336102959685837
56.328756655466989,1.6634459222399998,0.23227358056962491
56.419112778585792,1.8434679501859812,-0.76420026186896006
56.040152277991602,1.5793797945790364,-1.3613224676775078
56.696645739062795,-1.3608814820155111,0.36924480760498279
55.708084671176934,-2.7498297752444159,0.24438549601003101
55.128295785278524,0.51332786221103344,2.0096777777399324
56.99639173837226,0.23491630900429575,-1.6349117419732064
55.26383895949305,-1.8499204231230835,0.63910623664641997
55.371861268062531,-0.079493485402673453,-2.1911239362110253
55.798278294627423,-1.7531352215609546,-0.44757389166624068
55.298353974578042,1.5357303755013434,-0.61698463954120475
55.807997182529867,2.0349264928015152,0.35743926346745042
56.095099450388439,0.50918290073035444,1.7000476044094719
57.066207085693115,-1.770660583787717,-0.32870687473796356
55.350506071647175,1.8293851990981802,-0.44069762760454434
56.110437768733178,0.77427805712355169,1.6814412497247753
56.045564435390339,-1.4048671751809454,-0.82528366082719784
55.797896134371939,-1.5754825402679711,-0.94299154790251538
56.267845801808228,1.6142269170699897,1.4000891736388645
55.520408896802202,-0.30175880825900153,1.4839617487024908
55.845566666649006,-2.8571866784849513,-0.34870357761781562
56.64505442038292,-0.58886414099699569,-1.736952374412702
55.219113226786355,-1.7697642624941912,1.0874081143433503
56.591468741130448,-1.0844046454239866,1.0588858680005253
56.084856250293228,-1.2830542622600116,-1.3614969469017402
55.987315083219237,1.4157744693016265,-0.64446883202736682
55.274163782249104,-1.5361969748630402,-0.75324376328285747
56.239833165968733,0.075535423503992158,1.5518440240057418
56.978301023737302,1.3873252419873707,-0.67363729349553136
56.421698003567023,-1.6475068895264595,0.78768524778284521
56.358476912067623,-0.24236768668410646,-1.9343539766332554
56.752272886705754,1.852764624569148,-0.33164987229183196
56.50009010438184,0.39648140730573705,1.7293006611258239
55.43778789273567,0.89858348069903771,-1.5072478996567782
56.150980020918809,-1.6820618650540915,-1.1212878567689506
56.942728807659442,-0.3845664002711518,1.8303263929439999
56.320122657383664,-0.13840172998980443,-1.0597063906677835
57.111973301935599,1.6664398032120624,-0.86709282085275907
55.88775999045771,-1.3646194558790208,-1.6047543616616722
55.742077128572149,1.6715541652851842,-0.55945519451569392
57.110906367209338,-2.0822322737392582,0.17009706183277853
56.98816392502389,-0.29483337809519589,1.1880999866722761
56.45474318576958,0.32836439991118915,-1.7580228459689973
55.394128612746663,0.32895378268449205,-1.7745005393213813
56.074653612332995,0.83113438666223793,1.1598766889748995
56.108493883041618,-0.73662203067873877,-1.7771208094138611
56.3979063017972,1.0982303886860316,-1.3009053538848245
56.783531321576689,-1.3760172850584496,1.2614092991012928
56.95023001151305,-1.5556843976785724,0.060761026551125134
56.481534786473105,-0.90628228599408722,1.2663468637278992
55.496648789123952,1.4716859436483727,-0.03795444202203431
55.390388985447743,-0.87742956247325032,1.1243603046987145
55.469751169714733,-1.8957813904272907,-0.3336647064839347
56.816064428579693,-1.7716788581972478,-0.33538205803367555
56.229239781235911,1.3815431419851056,-2.2057757367923418
56.623999776831411,0.89847595658846013,-1.1884801974972981
55.843080416952759,0.21310469065507137,1.8760028849022305
55.124148177152883,0.13297071241065217,2.3379387315628244
56.173422328815221,2.2930280902931379,1.1568752013484491
56.669699940018688,1.9176191216809941,-0.29525418485559463
55.597488439365172,-1.1748342525275479,0.84954450361644684
56.717591652558852,-0.076100237611031241,1.8250394681714301
55.856228027452744,0.099775037582607598,1.538454592884809
56.278957041705851,-1.3770162464060018,-1.1837695330999045
56.767330272488252,-0.89829554698202851,1.4530873378028835
57.167236956631228,1.6788298541340851,0.32215422410442363
56.917298934952818,1.2370347797124832,-1.4496835651226103
56.156928205394713,0.03221361072413291,1.6235325383289971
55.427733201432694,1.742935513507573,1.4272228026352947
56.450290042581727,-1.7295458467986256,-0.041687460316636935
55.241698014625968,2.0333880678625871,1.0198862260397477
56.607677295261169,1.3212597337554444,-0.69849173610708215
56.958423622502671,1.3744099398059961,-0.22586961724885019
56.311253992179758,1.362786835666882,0.62967743349115912
56.707644799638068,0.15932450616380492,-2.0243935196072105
56.618487611664854,1.5235085564165063,0.4327696106466874
55.393722377920604,-0.64690323852690146,-2.3669166602867855
55.352590762878471,1.1034818334910199,-1.3270309472046451
55.950309495061141,1.3699269364961604,0.84823022163704043
55.851462183865557,0.91867385229111054,1.5812146202330675
55.877766159918323,-1.5312993541839237,-0.71696069110012506
55.903864332213104,-1.428770513895778,-0.82122421565361381
55.637933925471799,1.0856262584661704,-1.8087080984192436
55.396497948968232,1.5511744068113336,-0.63633557333923485
55.293844043233577,-0.048208930109801644,2.4589305460020991
56.680411416806379,1.8968457779588819,0.39903869601314101
56.020122363736505,1.3602455670606048,-1.508517439994894
55.495927882822421,1.0748073579358151,-1.5527377561736218
55.79558825452262,1.4557151437246461,-0.3288190415203861
55.853831368143922,-0.84426851567160577,-1.7324249677857708
56.476922395858487,-1.714404333454038,-0.34307867063468706
57.02252741518064,-1.7411963516261852,0.43569380347052428
55.462444025909299,1.9534471037343291,0.28733489236955223
55.674508990376339,-0.7343070809195037,-1.140098063148415
55.804073440034152,-1.6797638158049253,-1.3394575216765727
55.789541598674276,0.83414365057956841,1.5825323666617241
56.430068609168458,2.3787542026016886,0.33341533987185074
56.815074410581374,1.7318023207852156,-0.31687105141956773
56.408452018694788,-1.3710184492554351,1.0079247556450397
55.896144214508496,1.8327803256175721,-0.060625135141192762
57.04912813271018,-1.6702575968644786,1.1280422826932042
55.837682762556852,-1.1857833505337805,0.84850220352203642
56.527099109523554,1.0964997937638279,1.129676712030937
56.590154276310983,0.063123004624186727,-1.8372894062662557
56.764127175155402,1.7604233471071806,0.61879067029482315
55.726929670266657,-1.358233157575669,0.8387705015854211
55.699258512759378,-1.6900356480451399,0.13098607101489207
56.173447504933712,-2.5431593274582949,0.48076574684706647
55.777605633866138,-0.34140027075907031,1.5886113915943283
56.827438139647185,0.5714327163083085,1.5547442934573881
55.308846834724015,0.73928775621494192,-1.2177462518733704
57.057974498012307,1.7750625220448322,-1.0045709990230152
55.835695598837269,-1.8609372387083742,-0.51586969043825337
56.272039811734778,0.57427100479465232,-1.5722444602434296
55.491205611907972,1.1822428663697231,1.2339599355015778
56.240242116861758,-2.0495475692114331,0.3776555277240522
55.610723125863345,-1.7144231082023305,-0.042245883181482431
56.01934007571878,1.7975295318904609,-0.19472943760767034
56.104821958869756,-0.96277775959633705,1.5034929563318618
56.821790930015389,1.6974176171234363,0.19643622743073522
57.061321976052014,1.6565581219714447,-1.1189990969351473
56.224187394219371,0.93440477304303005,-0.83387995137499904
56.717839144233352,-1.5112679378226765,0.19340737489793944
56.059332132371303,1.1580611718855571,-1.0489770110361905
55.298553880912173,-1.5808175587608073,1.0140673969861649
56.559824101371596,-0.95867332223166135,1.2835442148783114
57.137880817527993,0.74868852695483756,0.75152992674137786
55.511044981148011,1.8598596281648037,0.15981554092311825
55.747197654958541,1.627520639255289,-0.4848201650868858
56.616803761927883,-1.3764029979868917,0.83810299354454265
56.229244972091081,-1.3405099205962885,1.0140962350728442
55.734610960927029,0.45140970283507292,-1.316843350899451
55.991484519927056,-0.68295353630452926,1.3189909381974492
55.238043624128721,-0.62986531172623839,-0.87229469874575749
56.030673750121302,1.6554745322351849,-1.0686996353056109
57.04194857949426,-0.010142223982267251,-1.4753812527881871
56.685530289064445,-0.30697741376055304,2.0269737748678853
55.721089776218214,-1.0657488636735926,1.5838011229734013
55.56854312377444,-1.8470729799261507,0.79523155315540872
55.462902037159658,0.33874958577744091,1.6006341182055639
55.237701322859564,1.4873887921928168,1.0795363651458814
55.515370415114802,-1.0971828706371256,1.6503604099055706
56.247392864309617,-1.5459254876766142,0.059780101345657498
55.208211203460593,0.29238706480504606,-1.3590759065457652
56.07944932214432,1.392912426134252,-1.4530198913638246
55.478622046652454,-0.94238132056766089,1.7531705449460329
55.868441536549696,0.71072839875604277,1.6380176310095533
57.126037247721712,0.3395749099499426,1.6859796070870583
57.14604404208967,-1.1523544681709783,-1.6555157910014255
55.276161115414325,1.4007031101317302,-1.0696092444523724
56.245844989112499,1.7769654575390985,0.23797702282426228
56.688542913674723,1.1671824336204089,-0.37961758340350044
56.468366968842972,2.0926575461867563,-0.71762568445625208
55.771458195805913,1.5018720955987612,-0.34525564739415782
55.177751009575239,1.4989847867942023,0.64823646926643153
56.540050140930752,-1.6376603744003615,-0.33357583428787557
56.49162375052488,1.8690828009972376,-0.4328411872202152
55.294403611799339,1.7681429230128298,-0.41661848464874035
56.73424286894857,0.23911907466959298,1.6122754141606053
55.963537077239458,1.8189104839698782,1.0731025550308146
55.58682055602862,-0.061800623089797176,1.7060106557786539
55.391035382592072,0.53197678879972099,1.5633120973015313
55.483758015907249,0.77242117554873868,-1.2321474223232489
55.975180097408668,0.79618594286381716,1.4276455115459639
56.702354821192102,2.1180100143831315,0.051972130462951363
56.881452251198226,-1.8570962184009316,-0.80248582170930916
56.517066954034902,0.010496610423670656,-1.4192667893309974
56.519874946942316,-1.7370742686355387,-0.82247678114552258
56.40163857975903,-0.96765854216152503,1.4107556731568331
56.983432593025043,1.6445445183833067,0.62590308506133774
55.604232910549307,-1.7127324184090669,-0.80376927189117098
57.1706938029482,-0.15864088880115243,-1.7582274220012377
56.566330289492505,1.1666620308180775,0.9524882584670572
55.977610342996982,-1.5378050647713621,-0.1588603524284764
56.363920357769459,1.7755990207657022,-1.1444546820867629
55.555755478462302,0.78974465206352662,-1.2578012202097399
57.092419212926295,-1.3961980287226428,-0.7945364722565168
56.80407226402022,-1.4036392066223797,-1.113770961831053
55.344129751638029,-1.1689161333506328,-1.6122092763038858
55.778414200145882,1.4348770540972182,-1.7234447541351836
55.949748521033953,0.20928917449839554,-1.2052907721322998
56.726161931845631,-0.17948980205361051,1.6422002278775776
55.689432207075512,1.3228846415265172,-0.91958580601188999
56.618204696390535,1.1058014750502787,1.2299134592798442
56.926142237654069,1.5720636030376984,1.1690492263653225
56.345835922266758,-0.6743619465749634,1.7233218310340865
56.208930493375007,1.2546709035493284,0.95021793404809163
56.33735126153352,1.116711948744876,1.5827885640920478
55.183071206922023,2.453867364645264,0.38398304834240216
56.614449831049271,-0.37336891255396315,-1.6350048733966234
56.14461288020825,-0.15380431730883826,-2.1212337828359273
56.097584135009292,0.45068074576025519,-1.259068220514501
56.704852042976356,-1.8342663616467245,0.26745558617437593
55.649273939109605,-0.092839577573763127,-1.862494546967266
56.623407442522343,1.9966779654040074,-0.94792233988468722
56.562583297449301,-1.4642486176480281,-0.81034611480252416
55.678986721324087,-0.18074733556749431,2.2195338742250761
55.464798264137876,-1.6982779340553662,-1.6586121025117473
56.950865993829538,-0.7207183707234357,1.8166181728336166
56.615731658050983,-1.5584452939570137,-0.17360469503440215
55.292793686572764,1.344659668904499,1.2490958918096449
55.830605246743829,-1.4521773229049766,-0.10729971270220291
55.718867649853152,-0.56468666293234204,1.9281634511640942
55.217991858801874,-1.1287504114286842,1.8158079394246833
55.807844423525935,-1.6242117717642277,1.1018485001966747
56.951523160599855,1.5347971556533528,-0.90543148832152576
56.459306045736504,1.4322466938166314,-0.26193858580336277
56.076165319752931,-1.12996621892632,1.6277138288815722
55.302214841136539,2.0169778636942053,0.22809556176883911
55.868032607410328,1.8003569280998195,0.14896469922942163
56.94465690261508,0.24138120658053827,1.9343758453156767
55.894088203588112,-1.7101631822149621,-0.68470849092268093
55.522457480924288,-1.1959211477697775,-1.4665772070551018
55.635371732046096,1.5982466320692699,0.67455714267041866
57.245042985118538,0.6607069362885718,-1.3669184777573071
55.509134225573817,1.6107442722734737,0.83551986963590086
56.952888812474399,-1.7646356760182917,0.2332476719960814
57.131497232645501,0.97574687316893316,1.4616324049094074
55.955269505376961,-1.5020634071799526,0.19231178389766726
55.551429231366079,1.2512933437693321,-1.3420502108433843
56.143006706678584,1.7609130386946323,0.68857061996558999
56.113189957887322,-0.99570965167748182,1.2959903110790623
56.622054153880768,-0.26675766570298648,-1.7314996649427679
57.050097469352096,0.019441859302528917,1.3214069163999715
56.523652418134446,0.41533946383397402,-1.5525235624255083
56.643828024389464,1.9478365203137304,-0.50779287251624095
56.912577108437276,-0.65309779998259332,-1.7390812769791402
56.757787156020235,1.3619987277482197,-0.4408137756998714
56.538278168951528,-1.4312840631338659,1.154754616502975
56.935578374979286,-0.34927946075470123,1.6515972490743969
56.104751120659408,1.2869574545168954,-1.4829573725080902
56.445822198870154,0.45060330924559944,-1.9084872232380261
57.199913431790087,-0.9169621640578518,-1.7912764440187701
56.867383602562796,0.46269836416804438,-1.9947129777394259
55.879639855639816,-2.1666693570894786,-0.17042572425447852
55.271422658312993,-2.2045769144200458,-0.45712455249254236
55.999803332666822,-1.4419120727692556,1.5266894853183761
56.630494691247016,-1.6930928617419596,-0.20462702904420491
55.907756930901009,-1.911857936221584,0.29771207867495897
56.798616864082085,-1.9699419494145944,-0.48269544725644886
56.976598650915236,-0.58752033095521838,-1.7074413254764189
56.15480247132237,1.7205933213725448,0.6326311658269711
56.153486730576134,0.85192492706623602,1.5551107252480063
56.981959332807143,-1.3228436935364403,-1.7473716599250566
55.384571348133264,-0.61217775560917365,-2.1556240111582299
56.510181904252278,0.24554978901540109,-1.9116517753403468
56.130002143298839,1.9344045571047739,-0.032511088389669936
57.100922427384383,-0.36568037075962057,1.7557850832874435
56.887260700118624,1.5583360314314221,0.16419839020827823
55.843082367003433,0.43314245058340578,1.804650925182824
56.339121803223051,0.60672523329093808,1.2948627914204451
56.570811193168296,0.12972521407910567,-1.7023553735301555
55.63556481967894,1.3479161955606453,-0.28912517877612232
57.089782112340785,1.0863687992536992,1.1809150100271317
55.181843504936197,1.6120615263995943,0.93656283809525187
55.684588806380425,-1.5766611902939689,-0.94982259800528379
56.386193594994147,1.3784763165898617,-1.5728454420841764
56.965251836174971,0.35824807440162115,1.3964737687606443
56.518479249759388,-1.4430108075156038,1.3232145777279816
55.33763493913996,-2.0091278503329146,0.25640369447297801
57.021790136672735,1.3571286279353421,1.3742530761898084
56.990754696745732,1.4764912605866176,0.9173412701810435
55.694918975236277,1.4918064569065306,0.67109585083979084
55.958571568800082,-1.0035323015963473,1.0313291653848595
55.670267966678189,0.42812395000573827,1.6471776062631189
55.379897523692499,-1.5050147115111545,-0.17620973231119441
55.306694880661802,0.67929297682666057,-2.0104527133312713
56.88926529812111,-1.6445291199638497,-0.79765691567864327
55.333971797262386,0.35363489712366458,1.3336770963805509
55.723694612142161,-2.0274881584811628,0.1558382948459214
55.931364691634649,-0.36527043620297261,-1.3927075092761021
56.712344063855653,-1.8093532333606044,-0.25241928211039033
55.291450035884303,-0.32378527977630545,-1.7564070344306881
56.930219093705468,0.17888419834891356,-1.7139255914247373
55.975360459652578,-0.27394201022141423,-1.4215756784401188
55.55188925294317,-1.6428023490106032,1.0125858565753771
56.649870830549872,1.7517648312279692,0.4485612078290443
55.523171042062955,1.6150100638664098,-0.38964078346024
56.964878446436323,0.90304424575007725,-1.7061847263963053
56.259533441631731,-0.021877513791735012,-1.6893093364731555
56.470596578265209,1.329724645103187,1.1055658868784708
55.102828492659611,1.2713078053523785,1.6232008384623524
57.083714343681201,-0.41579936773486681,1.8417995171953381
56.489859107782351,-1.3840806044583789,1.2664078744431442
56.277458076684269,0.68285416300753998,1.6853744635391146
56.596973170552843,-1.1409036881274779,-1.8961066056730098
57.119848576830975,1.3429054227746264,0.627744567791507
56.309344196548899,1.839974565683655,0.22205164645768183
56.19325606504659,-1.0383458972804012,1.7067251419107234
55.381197750925153,-0.86545263158399166,0.66271171656318939
56.593036731270487,-0.61921485795655518,-2.4032381401845417
57.057567329794708,-1.4527371673091385,0.71916681989184272
56.265393602442863,1.1075966527659509,-1.4513177626547757
56.688547556480749,-0.23594547632978058,-1.6685017947748226
56.396446960865561,1.5614709426395961,-0.96876291791330227
56.728257049807034,-0.85789464073562627,2.2008819259380648
55.624549335528293,1.7524940170601715,-0.66078675744876636
55.409204992987426,-0.25412429711777956,-1.2678497505828199
56.785313716290183,-1.7820649061100498,-1.4140135434232635
56.160218497552229,1.7157854844069635,-0.70101934416942246
55.791157850974926,1.3889031889633707,0.78361607784206644
56.833333897265284,1.8221777384571738,1.1060895851471557
55.793310690813215,0.79931625801048756,-1.7542009148477031
55.97063781235736,1.5212079751853624,-0.025055101884151675
56.053185219026012,0.85406847139681485,1.5113670475053091
56.791842534392579,1.0952555695506687,-1.0300648333736966
56.379465946676994,-1.5520362111641846,0.92497497888938918
56.620075169194784,-0.17008930680553902,1.5745902757437538
56.660635135788333,0.82213228342974831,1.5237709820654801
56.957082703097186,0.45650113878894977,-1.2955501773645588
55.200171581754716,1.5629563414190084,-0.63059584010910086
55.994646240961607,1.6192512273711011,-0.13282508111995381
55.926425874500779,0.14061117462118353,-1.3991972241459218
56.499890944222834,1.5822241908129231,-1.2712523297456093
57.022958974788665,-0.96049665839433085,1.9796726687655779
56.436010908913424,-0.41389597563885555,1.8877196394347391
56.994422729370925,-0.41863655776489694,-1.9298848084143065
55.802377542439721,-0.38366596338727593,2.0883239182933506
56.80950863188167,-1.9415596748402668,-1.1323347012033487
56.358989978948863,-0.447056478891946,-1.3209811708459538
56.980279866518693,1.2204240882585984,-0.96563170327747716
56.129122297579364,-1.6864129467697968,-0.20082581713101808
56.298031583624692,2.3412733636919891,0.54657398291041381
57.338779598688113,1.2606044949045376,-1.1630762213383583
56.907193917860035,-2.2868655065179166,0.09234267549945456
56.536763430432359,1.5530406632059905,-0.85694845574868772
56.486076781701328,-0.51376337577617093,-1.6950885569868568
56.079409523160372,-0.64014665695182149,-1.5718876351796549
56.964196934376261,1.1702078410730659,-1.0944233030642259
56.847440474201633,-0.77855517328340795,0.96764468790779956
55.423391774934224,1.6102605199252766,-0.085899232616741414
55.377036635507565,0.83115157896338154,-1.4670743681179548
55.639919789565042,-1.5547038991454016,-0.91795961936399906
55.627845871842894,-1.6629884147644287,0.36467326805963468
55.626589618753421,-0.66705361130945295,1.4474920792518469
55.772969986031491,-0.22084130035843982,2.0544588087246622
56.562347399775568,1.0952090402685077,-1.2475024839324453
55.561538161281,-1.8582522402056996,1.3710650073425352
55.782608455948264,-1.5031220820526108,-1.1640941764770254
56.02791824200208,-0.26692684455563054,-1.8955858393619918
56.210214801258836,-0.98461381871973608,1.2819228899524271
55.717009632104272,-1.1730447207520485,-1.5430027824429788
55.822245020503487,0.40646565217844316,1.970408423682191
56.024095594192708,-2.2983537316230316,0.52536688912820606
56.823187241414189,-0.60626064279139424,-1.4878075694880777
56.756858632787775,-0.93677566978073756,-1.974362925461641
55.956588350102386,1.9186362074940766,0.52921282478261344
56.498388307006749,1.3201522800661678,0.76888270634817579
55.972567212678072,0.044945871394636287,1.8571717312896869
57.045855312142493,-1.3729773406861618,-0.86614260044978097
56.980929689231147,1.081619459359902,1.6217666571847238
55.224718923839099,0.24939270422344836,-1.7704457984991528
55.751554936825464,-0.33429100798705053,-1.6741409528724538
56.94060586500116,-1.3592838842522521,-1.4791691479571312
55.183785312769174,-0.29172979674936705,-2.1019351062698473
56.075916402838786,-0.62588527762037827,1.6727677360154858
57.049671186600925,-1.0563898319385852,1.482116476935619
56.298514426238583,-1.8058358772306409,-0.047664572588547699
55.797410935410369,-1.508034797255883,0.0009842315608202595
57.196205639824711,0.35423705330456223,-1.6127004612912859
56.718702711923989,-1.1714602580867506,1.1319983067762616
56.398522772195889,-1.7586122729187774,0.47155229451337366
55.541364509147172,-1.2939689156893945,1.0121339114605554
56.390488051574458,-1.5820633467758007,-0.66228742744812019
55.682928894646835,-0.054428051710585477,1.6671186636534963
55.566606000986674,1.1643159298233248,-1.0052784800100387
55.270402527362805,-0.94612485621416087,-1.4901224046462056
56.569173205027759,-0.85827542913409804,-1.8971437955593708
56.178853687422084,-1.3403438059100701,-0.83218370508024109
56.371747001008281,-1.7355258604732606,0.047506855185879361
55.177717247627982,-0.79631173321635929,1.6134749963021431
56.838599889481301,-1.8256222373180049,0.94834950328387035
55.615496902804757,0.26928999856250735,-1.8945009085426554
56.16346756341229,-0.58827708602663786,-1.2467600364147835
57.089682656674917,-0.72178481465865685,-1.811563336078535
55.707617561467153,-0.69461141940569493,1.6824516165102719
56.58377871310725,1.4175354713020867,-0.22209909216295734
56.552011652685088,-0.47116005112344395,1.7942520688387729
56.296533889049194,-0.87813248430788704,1.3598765488785498
55.294342360406375,1.2049534140233475,0.79273017036528459
57.12503943210865,0.76955900397484578,1.7357906332581481
55.282588507210541,-0.67111198698004948,-2.5824120233924117
56.580187038503098,-1.4603143971033412,-1.3295617700271791
56.245790812965645,1.3013815432757014,-0.99673829635880706
55.371284423336327,1.8047388367647705,1.159796511262144
55.615309661044364,-1.578880030908467,-0.40019069676214336
56.985376022037173,-2.0182898459129079,0.27277396671505549
57.07761168225877,1.456214691500441,0.89359697408709027
56.66625520660758,1.9646811748517425,0.15732969382016337
56.722522276433821,1.4874001405309849,0.87106370510426578
55.112770097134899,1.1594070293957324,-1.2145723123824343
55.877317516554399,-0.88732829456609996,1.381706780220711
56.042789367182486,1.9717073888277941,-0.29368255122318515
56.648284598359034,0.10438120373583985,1.7302122427581661
57.085524792864973,1.8916261407395507,0.35807542081301458
55.845384994476795,1.6657336559607918,-0.75898052658093007
56.987123390438768,1.7489532534380043,0.52119368691419754
55.504215750014602,-0.97155880072565648,1.007222554371999
56.457394260592565,-1.8214316446040093,-0.38488378366215936
56.017602602301778,0.33183303041581141,1.4883505021601453
56.545925857541548,0.63879192170179833,-1.847067184748638
55.471847672194983,1.161421465312743,1.0407420310052868
56.930393488318643,1.0237448626833487,1.6008503323628338
56.692433927763915,2.0736653285968245,0.38572873444604572
55.801887786910711,-1.2651671252186578,1.2052120290519295
55.305641467998718,0.77016041878534114,-2.2558228333914365
56.95533203272138,1.586375032050573,-1.006624281350587
55.359444012784849,1.2468506721703434,2.1363937817861145
56.484467018604931,0.070764010167739297,-2.0034728673752413
55.586247196229728,-0.21921943278553141,1.7801026323606313
56.965332665227798,1.6074257920366768,0.64692589121480748
57.054121272164203,-1.5743942093220247,-0.48640424580007963
55.713366881868851,-0.81939583668614036,2.0960552610380474
56.53785228630818,1.6953045465189593,-0.92454432870417613
56.28218811539756,-1.0499765018802956,1.4220611655649138
56.627226584522568,-1.8269793236047056,-0.0093303968301126396
55.614356424614527,0.9494536446403119,-1.6581423975911571
56.7039165843494,-1.3404725218351501,1.1238372692518055
55.857489634699341,-1.4522423007481318,0.18774069077942998
55.262621003904236,2.0641247658909583,-0.0069122390271949647
57.093862711374989,-1.4945790516329731,0.72504388563338296
55.484103961059148,0.42530898660768407,1.8615805788066435
56.256376148944767,-2.059472557037239,0.060109671709505812
56.715209788054558,-1.8395323869253679,0.31637654040772017
56.577556954448973,-1.3479110521040776,1.0273017610674526
55.39753604853216,-1.691821732710463,-0.31130205596660154
55.690498443040028,2.0685310280392879,-0.30940139311903425
55.367839546335148,1.871030895142958,-0.68457959871697227
55.967254592035154,-1.3685782828887192,1.0049126610607342
56.378252378801577,1.2576694460006801,-0.66152482947828828
55.55807752526502,1.0793184089441841,1.0128080935626762
56.177208253375184,-0.10390802367870849,-1.5891529454480131
56.801455277161388,-0.66968455031152985,1.171931834313493
56.807291362149137,-1.2689452326110064,1.6297105952548652
56.501046273287059,-1.5469619951944571,-0.3048174347897063
56.617407248408632,-0.98872918332792059,-1.2167469998602423
55.647162500500997,-2.178876366453582,0.74288128941463227
55.980594228096223,-0.92166917698699447,-0.47686290640409612
55.644112739966921,-1.9733365548153967,0.97326525892278215
56.025691720910729,1.4876569369203534,0.48200009400426297
55.361700885525664,1.1157346218316326,-1.880001065085221
55.570064898328084,-1.6821955494801915,1.5908123829556773
55.655652171430013,0.12907191728063686,-1.9882932801090458
57.027533919298513,1.5311281256730156,1.472668959326783
56.525328196658059,-0.44033105126721012,-2.0692645630262336
55.733939973627969,-0.50014734873469247,1.7806531289896959
56.044274400142321,1.2919530818601896,-1.1810386876075103
55.349525272623737,-1.7871833496301985,-0.43196931976029723
56.046202313538423,-2.0586436229534102,-0.23684836776395274
56.547655050482696,-0.64406458250709231,2.186355955379705
56.507139115620369,1.6592857250242272,0.56780435265425244
55.606093024128448,-1.1291563944331735,-1.0063016298039669
55.315690092594025,-1.587802240189921,0.75603433038004042
55.807603629019503,-0.75670782158314454,1.7391135519314636
56.756274299208101,1.7718863897921888,0.6320501710053642
55.336034400367161,2.2763324179558859,-0.28973102453024741
56.044168658399187,0.9654241431969266,1.4156458065886262
56.736476947059238,0.1894754615858758,1.9508488124412384
57.196683277508306,-3.3234485874191124,0.71175461593453904
56.797645323535733,0.61138599968514507,1.4661888869687401
57.167278988768047,0.92400266844240087,1.5973713182663321
57.136085833487648,2.0338963761377826,-0.4439950753455178
56.371113470021328,-1.0757402125040325,-1.5656558150281925
56.843637940607778,0.32037496547508015,-1.6072308692299737
56.746673205754952,-1.7131765479523515,0.74133733909208266
55.316028221533145,-1.2032298011662936,0.82063819187804521
55.544170707044145,-2.6766172123419776,-0.46297069898142501
55.521514561166008,-1.7925478480105217,-0.119763280390492
55.867027153725807,-0.60802176998112023,-2.0217564743441923
56.106696352132865,-1.9063458971182838,0.63376451132777678
55.60898469215843,-1.8993119608422011,0.22994171250247877
56.226708902816135,1.1661238695537133,0.97606246126008656
56.86057945690326,0.98094485194466274,1.1370815948721289
55.792218041744313,-1.7435862948567797,-1.6187371882549768
55.960863470659767,-0.81864676810587,-1.5445475230204357
55.132156362879861,0.72704260848846558,1.1333207531492788
57.055689711744478,-0.69810067603742976,0.97091320916550761
57.246895003234812,1.8459660073595872,0.25175455544109598
56.284519874273514,1.294376253707396,-1.1448173970137743
55.481734968423794,1.5924430408001962,-0.26417592919874777
55.132888092262974,-1.6574439729001715,-1.1333444547016449
56.777422689712957,1.3268962787459282,1.5625561560695835
55.985122513170182,-1.6626478174732016,-1.0776699162058314
56.582175185285287,-0.2363889152929739,1.9268101930190522
55.678019620667698,0.40643166367796996,1.4773826853493259
55.522131949643395,1.6426074506498067,0.56307308615846907
56.816443996424219,-0.70452002236406164,-1.6276004850115404
55.808149327373989,-1.5438160103309617,0.49218464361353953
55.816083749673034,-0.020781816001058852,1.644997584942649
56.056836161794457,1.7760185452287007,-0.35445233868130716
55.711868213525825,1.48325977171443,0.78131801372716725
55.345501008877747,0.43973670305565782,-1.7097969761799221
56.340796776574848,-1.7525067440695432,-0.52967293433559159
56.764144239371262,-0.4572413900120007,-1.4783128072052265
56.04089642073842,1.667528096038555,-0.81063050987346963
56.884928650524984,-1.5117507341364258,1.2085704943998916
55.461122873896997,2.0142348042716156,-0.31811352315408775
55.698686672736407,1.4805899233819984,1.1265802486880327
56.324646172898959,0.7771434609717629,1.5827655912238809
56.29031940230508,1.6527875419496196,-0.20198302835761212
56.077583094683256,-1.5513991256875821,-0.4693510959524726
56.31030125223964,2.0124743318912608,0.83541524289040259
55.789769824705978,0.25078030802212237,1.5952792282763744
55.385945151454337,-1.8583045173196722,-0.3785598962097384
55.805310373614908,1.1394214843460706,-1.6532494228077663
56.892692794443562,1.58392914787381,0.83035721020625763
55.195705931171858,-2.200270224939477,-0.01702129047257725
56.627941030494121,-1.4551093997004452,-0.5403209335570851
55.249550943811968,-1.8281407886449994,-0.0024719387134509432
55.744105596952565,-1.7699577654592689,-0.35577522216007096
56.00071491355294,-1.2706869130385221,-1.6075993436989313
55.942849508015016,-0.69570663681391187,1.5017599540248028
56.47908919045129,-1.2558248572633945,-0.14331933544835168
56.799873706384922,-1.418041040575869,-1.145398594191477
55.702458529075479,-0.95268472931221981,1.3296678635685557
56.339148920838142,-0.61167055539033444,1.1499499223716607
55.887381391938469,-0.87651843910651606,-1.5421949601855658
56.594546676166786,-2.2098196249145041,-0.35039931157763304
55.803798349922936,1.3588479949446717,0.60950972470817122
56.688900316473749,0.71775795855329316,-1.3205011715574206
56.076096198266363,1.3869124169732603,-1.0942709675773339
55.645861192936295,1.3305373276120191,1.3012139129317175
55.384174960697983,-1.574700549929412,-0.20454239357494547
56.901143746492373,0.98040187038019522,1.5792629638241167
57.053986359404036,-0.4914345699743693,1.840343939623063
56.012275155954825,0.29533841002788896,1.0393792018476422
56.822721716041578,-1.3546909141891719,0.60298650037848878
56.384576419198972,-2.0065834931075281,-0.58427259727462089
55.135579942361431,-1.2442822547417789,1.0330380186801142
55.698007353422376,-0.29653958525320595,1.2834264178910615
55.757341668556286,-0.81235256691165936,-1.5332491470068781
56.474346755303344,1.9369155870893411,2.6979019303693548
56.028731517569156,-1.860072221404842,-0.018517398729076949
56.621467507936067,-1.7345109533795249,-0.5300055555591564
55.290833351148926,1.2311159836698484,-1.4054044868438276
56.741327215979553,-1.1170773327858481,-1.4343173830900313
56.025522039910442,-1.1401078222540495,1.4596420879714935
56.619789445161629,-1.0024000778262827,1.0705902595690635
57.207974769264951,1.8219614039601386,0.9008845462634868
56.050758681090414,-0.87221720462102625,-1.2146737101454272
55.451603938489868,-1.8831629892338531,-0.2811850693213569
55.529154729519149,-0.747960123701782,-1.6768899572292753
56.793641541126377,-0.2428407711919022,1.5856330175053635
55.987981667334495,-0.26923746526449666,-1.9090680048295752
56.324873100098813,-0.86331787201504517,-1.308176208260047
56.230808592111053,1.3127404818762818,1.1966470954044581
55.378070940683692,1.5240726006651855,1.1779253350827623
56.784481444815768,-1.5198139422356542,0.74577323594984168
56.622916811422733,1.4957819559888665,0.37510235594976876
55.899032319961634,-1.5353498815034266,1.362107017913722
55.231994694045341,0.32130140149691838,1.6815059045904137
55.492557968491766,1.3412201147686353,0.082826001268004129
55.394570522822114,-1.9246003764441373,0.21166925327367386
57.179343100231328,1.0440492411988782,1.1972018455304765
55.419028455529947,1.2427516735684774,-0.89834632117720159
56.829528862050253,2.0053490989464917,0.026677741313798995
55.93662054323989,1.5232090885267073,-1.176141227698466
56.716148376213127,-0.5932625365135924,1.7154780235404559
55.795807073907049,-0.57815322855335305,-1.5830519913120544
55.40667769754392,-0.24446898278778045,1.6593088561649743
55.770790502888154,1.6817433329135307,-0.28904889894100422
55.463750386183506,1.4800896572509588,0.2215488234313843
55.324540914393069,0.48718889164403983,2.1073871101939208
56.823199073657101,-1.3813180106025578,-1.1931547385514938
55.611064576791449,1.1311717127195688,0.66485349848062303
55.219145403025124,-1.5414734724720753,0.80762265826102353
56.605640852088044,-0.51633315292554727,-1.7894622730736014
56.237358036415905,0.343612105410466,-1.6483986556407602
56.604782732541238,-0.25723969604462099,-2.3685450825803422
55.489050608298939,2.0488847479418419,1.9013233861073204
56.460748632689288,-1.6054625833613214,0.24317314791816474
56.923582472867579,-1.5180549214813068,-0.84941985853890334
56.802761915092617,1.4703804386000616,-0.88229665696488391
56.385913152421892,-2.0625608531311919,0.12632788073711851
55.955003744733659,-2.0155137831462779,1.4391406404817324
55.35470803588089,-0.34584837204638796,1.8204008091129811
56.825110299732444,1.4661169548870892,1.4400365188998412
56.923233212112464,0.52091445257222391,1.822363837990669
56.059672473035697,-0.74040697272711209,1.8395773820315353
56.386069614140091,-0.025951140815395457,1.8828543738985826
56.945746381409158,1.5421721459185405,0.1607792715512146
56.284108749736063,-2.1753685549735486,0.3216877123105884
56.276220040315636,1.1385603200598859,-0.74105813641945351
55.528432108730186,-0.21047499334499234,1.7947456809399727
56.303876911806825,-1.7498570515199368,-0.98803910427844166
56.443990739004647,-0.60214407195138209,1.3836542885072594
56.629344465775262,2.1644457216798876,0.60316831053941289
56.324099339402771,-1.0532328091474754,-0.74571311678366414
56.23979897811973,-1.9393582814931516,0.092243413727143217
55.569997976359652,2.0362511248280204,-0.95066943173367435
56.335970564698982,-1.820068916099244,0.3768171938849415
55.503306837474653,-0.69473199827447152,1.3368255793286001
55.614680185985762,-1.9847686059599625,0.091652540849022329
55.788736967079473,-1.8325898115901114,0.65626198081308196
55.120109079501717,0.56849103943500845,-3.4149939609978324
57.053141082826848,0.64359800493707431,-1.6530239684134289
55.772979309698336,-0.72080101553217935,1.6726712589530088
56.329779180190542,0.81818119211950113,1.3313064656087585
55.673705773159774,0.92299030534039783,1.4704634388711468
56.33502744798578,-1.4755033824110044,-0.66386270165966865
56.627618237242331,-1.6314978843993189,-0.15471190091055656
56.403766954429919,-0.44149867934755599,-1.8819455038252286
55.860427890433179,2.0842600404463232,0.90403044790646347
56.016031046660039,-1.3032958314784788,0.99471327205412197
57.255083853063674,-1.8862786579411763,0.098943745939407024
55.995548026193937,-0.59083787211994865,-1.5036823099691692
56.6815977092823,0.40196961103195195,1.7684552275724077
56.348983494860903,1.9786942775393781,1.5510328371941344
57.108962962437488,-0.75684962238250819,-1.2536134021089183
56.754335680415082,-1.6891458235223393,0.48236334180425128
55.598381087915257,-2.7556427600975999,2.9248597409507564
57.113438126202624,-0.53910890277368984,-1.3016818116436979
55.345801633463637,-0.60121321944041917,-1.180251364135062
56.965636393309758,0.45509098407467757,-1.8329557770396254
56.696849395743904,-1.0655884696354483,0.46506139847702938
56.578939701091805,-0.7335546237998839,1.6787051642845539
55.569715923493995,1.2910987686537223,-1.0551757092503322
56.221229708167328,1.0669118802057163,-1.4507175187318411
55.902036236737047,0.89010058202508613,1.5144895880416356
56.866987906893861,-1.685566423778821,-0.61493330848774463
57.247516340551172,1.6521677407324034,-0.86323236242666757
56.508959253903754,-1.414656075345601,0.66116957463552672
56.987803862375337,-0.209761465500683,-1.77194825262541
55.841192690876547,-1.1894477458824202,-1.120239659427539
55.851692523957155,-0.99101688887626549,1.4458712576507031
55.632485020858432,1.5836973425666667,0.62686100341840201
55.611062575092156,1.1472753806976848,-1.3805731592485544
57.177719259929368,1.2707880176155273,1.2597843392064798
56.093272508702391,0.093913119255461003,1.5720185529699142
57.07231586370019,1.1442085282003789,-0.21185463393810042
55.740553902744814,0.39840039211441935,-1.9240994940902487
55.847119275472139,-1.6367703140405336,0.64777091284057731
55.986014911866839,-1.6535233620616967,-1.0616790491196595
56.08640203098409,-1.3872841853161364,-0.92003287777232812
56.007726396783099,-0.024692880254467583,-1.6969987717265724
55.510154999105026,1.4770443600429968,0.50921880097671235
56.460687414128806,-0.32449228347406422,1.2032412411230666
56.85031271043669,0.14398482328480908,-1.6302194467071665
56.930207161110459,-0.51132567313587907,-2.0164897148763949
56.704902123536648,-0.94573243828610631,-1.5095024407464512
55.637688125152351,1.9337660710568794,0.33670412657965709
56.498798873928585,-1.681973793862048,-0.28226228275309184
56.696802161102575,-1.2683840187425686,0.33568094545375055
56.71298394808688,-0.75415303084010665,1.6383253123059125
55.704279141810567,1.5785329578619405,-0.32821774201323117
57.082983215333861,-1.0064558172680831,-1.5421442440934228
55.213866165911348,1.7398055899282532,-0.42651081269324032
55.817258658148376,0.77879893296383318,1.1756371795570071
56.025607073651358,1.1671650942322283,1.3671403343328585
56.784774578932023,-0.13174527941660941,-1.5814496288863003
57.084101354619314,-0.91548053911824401,1.9392617305385029
55.908682863499585,-1.9298049989060111,0.43263389065433244
55.669020077075942,1.5858610723387552,0.59099657766056435
56.276857420581166,-1.3903206009405962,0.90790958195817806
56.090986006471397,1.8252505514027189,-0.22912549886461522
57.169653093331853,1.4710483634404627,-0.92899352791378587
56.418239580971552,-1.0136074040976073,-1.481060906876448
56.089187315724971,0.20280017283212354,1.7318182329743548
55.618595945742307,1.6023962373182068,0.87544719042407038
55.410719191425535,1.1281280634463087,1.3919021258023994
56.312548376676361,-0.70201665812240766,-1.7574360228146424
55.851931115593693,0.37102672791820235,1.9729169905888784
55.357577510410351,0.6420858626339202,-1.835571798593816
56.156745046950405,1.3600690562255793,1.0188965984558238
57.101420210993922,0.034145729785185354,-1.8469133953180092
55.865949021204194,1.787724481168826,-1.0588589248662383
55.643094009732557,1.8001677920207122,-0.48642628033545432
56.579025330350916,-1.0886280910233481,-1.2478655236537617
55.516634457472207,-1.3349102044127914,1.371315297072865
55.887913622490416,-1.1428494060510188,-1.4244137410103168
56.238570871956838,1.5788901716131023,-1.0361813430560989
57.118911976048331,-0.75138399802877809,-1.3016601311471114
55.478802472457602,1.3778149745188868,-1.3936782508007068
57.072471811392511,-0.61014511839276964,-1.6779767743734513
55.772522368700891,-0.026160101397179492,-1.8236064345649892
56.798955165211048,0.16773310035670577,1.631308950321495
55.424789388715546,-1.0094578853437717,-1.7321193758839448
57.1731219159497,-1.5051076501365579,-0.44535994950320068
57.10012293069326,-1.7899075076243742,1.3525262645358687
56.938759625216392,1.645686489656663,0.70929800629641482
56.792435297955222,-1.9017141294175683,0.67939383547306209
56.841312608229629,-0.15465290692011965,1.429127126613507
55.671492959598083,1.5858167872915199,-0.58185457957155506
55.571667159567028,-0.86226444424847215,-1.2793803203491922
55.879706734342001,0.66754486571185767,1.3026801964800014
56.827194865189391,-2.3112733973727035,0.29895386325534462
55.876123001453799,0.19383673205295168,-1.5476644934126611
55.642016642693946,-1.5438930936136437,1.082418610377093
56.008236905264674,-0.69927744309364759,1.6638171263656825
55.851533860693607,-2.2279333976202014,-0.60448962019513297
55.565734572771532,0.52011853774120476,2.0337739024448789
56.591847742834652,0.65205554590018799,-1.3650411612739799
55.796563581480697,-0.87733227115767154,1.2055183832328431
55.487668600321392,2.0169030734159525,-1.3432673480662718
56.414802452406178,-2.0517040036272207,0.85203930594567368
55.387044581057928,0.18035812529165957,1.6833296876132213
56.6686843077836,-0.70782756741477437,-2.1716785061211543
55.619624560668115,1.7305528951760458,0.5557346463296976
55.28837993343943,-1.6271367798196403,0.24734260320272555
56.323103704641611,1.0439908818976003,-1.515237824683028
56.683059715229469,0.75797307132677605,1.3892215666928978
55.547856340891308,-0.22395603186067667,1.5266260050325278
55.906859235193963,-1.129953351324116,1.5793988600146387
56.530435555299533,1.9926610023937783,-0.95027523962392169
57.108098500584923,-1.9772763542432885,-0.60077450791544063
55.47150651691102,-1.2563135268081249,1.2753856663416256
56.876738110770781,1.3916000837069311,-0.5114180502445741
56.517292461266486,-1.6305798484258092,-0.84247730542435073
56.798447802096177,0.30119609104159922,1.922186748930961
56.64370966604438,0.19871514590145956,-2.1578542197789012
57.136432083555043,1.663885636091341,-0.88650603502489389
56.772641371720852,0.69876185065684038,-1.4829240042312903
55.946101003663436,-0.24846203288534158,1.6160737674718704
55.721498950609885,0.1618195225062472,-1.355927385721617
55.611896544318945,-1.1457319924028815,-1.170666487642998
55.856101866057948,-1.2501377269371892,0.52316887641504861
56.25283398883002,-1.2154166314351453,0.89924162352757941
56.105722048437094,-1.3324351935633831,-1.2210196240548197
55.638368463124515,1.4567672962774025,-0.48854243645871787
56.583043794833266,-1.7799419886325716,-1.0974984746317222
55.784322398405202,1.3884959212695054,0.18867165781833728
55.893733586657163,1.2824375013678047,-1.0438685461871717
55.738207550167353,0.44688208498910548,1.8170620506258273
55.408094596505734,-1.2893759729917251,-1.0160743507440169
57.007355069004035,1.4091841559538094,1.0643800526101026
56.715557903516192,-0.83403614757380784,-0.60000410362010193
55.983484717911821,0.69331537734225701,-1.5261189847540759
55.380655058314453,1.6556567709641745,0.090411965008850487
56.270721604166049,-0.34934488260756363,1.6110103527169031
55.913598626261148,1.2242874073470593,0.76620793515338093
57.046167481984455,0.38971994792282399,-2.1565643861563633
55.24975455178317,1.878562220455134,-1.1090924679614904
55.188969253221927,-0.9039834116036124,-1.2568954430108803
55.695648051964774,0.12658605680529855,1.9607144390521452
56.325624809489867,-1.4028542672809523,-1.290473193935894
57.101315433862958,-0.96451313237247116,1.9238559548774949
56.477516019117161,-1.7527397504189444,-0.79578134946159229
56.259809602696762,-0.57739319039561154,1.8569191458201328
57.000747973147369,0.8906927003601538,-1.8055094381570211
56.096173666246372,-1.3651028984489451,-0.60517822704825253
57.032304317956026,-1.6663384641784149,0.26683114536209035
55.765698577762869,1.870296305987418,-0.186405193286861
55.951762760043927,1.4723717601641015,0.44365843336694827
56.143770135370879,1.1146176929922318,-0.9076320598059201
55.60235367042543,-0.55692317217091192,-1.8946086406093128
56.184749431626592,1.1499891397284985,1.0154593743685041
56.044339037745594,0.76913627167445731,1.7359011657383967
55.290620578704242,1.7655251989994554,-0.90022137015015835
56.376863370533641,-1.3007115421642892,1.0925712619923433
56.240963675439673,1.8088935258241929,-1.178841007338314
56.367575228415376,0.12970170713384513,1.6888724760513447
56.788203631495634,0.65751346299812841,-1.3695881856907055
55.775414102083133,-0.81791551487605052,1.7219549323555867
57.025196120057778,0.5106893681281931,-1.634946654502434
55.565412666180521,-0.29780126037067689,1.649065894589921
55.793336822561336,-1.3479351588435489,-0.75765218021029812
55.663846508420235,-1.1472145041258224,0.97667556440479508
55.933953442465473,-0.42331377014552812,1.696166959583888
56.447587157403554,-0.35444429219463047,1.4041966857194492
56.523699399908189,-1.5053858870987811,0.48412419254140099
55.360572344191041,-0.85852357380044164,-1.8687558269700115
55.553207106953387,0.0076760503928982819,1.5624109711994061
55.528218067161745,2.5726456628010022,-0.20467735248896854
56.773365912098924,-0.98188663298604417,-1.6380301461666447
55.963878034081304,0.46999854446309286,2.1136354430265589
55.589621854149293,1.3902167668130376,0.58425292845992938
55.547350339710235,0.80451754065913705,0.87736123591741966
56.154656772381031,1.7835018584259936,1.0977980466392823
57.115887510686846,1.362949933547229,0.61746896857189448
55.923711687378194,-1.821888372906791,0.73261507747938992
56.081940632525509,-0.5262974599587299,1.6329292952073304
55.894473947855381,0.70836876556500339,-1.456171858418591
56.950649301475252,0.9441840101310095,-1.2921090967974787
55.542594237911018,-1.6219102512814096,-0.84978768882740696
57.050394422327201,-0.23379733248429557,-1.8019225972053432
56.493833568697859,-0.59026087946140859,1.7948738742282053
55.186365164498646,-0.89447794232664068,1.3379216283052648
56.406265840591118,0.33318881271528161,-1.9558709489938979
55.415582948971917,1.2432322062954033,-1.0092265643806306
56.073912881569129,1.5969812658759248,0.36509034688921743
56.077692347114109,1.5377510871084707,-0.36474900918418673
55.299252676368177,1.1346978754117796,1.8263103559468814
55.192640877155569,1.0510338112984126,1.5007145714707635
56.127205626366539,-0.71903487162664359,1.4538094536020902
55.959144692380519,-0.46198995213310795,-1.4859354937067364
57.229665007894951,-1.9118124954765883,-0.74876357089022083
56.035478710750517,-1.0017122844448691,-0.88773412664359475
56.982588085585576,1.7149536181632006,-1.4468438383526516
55.64177325619282,-0.91360306775478528,-0.53947542837418438
56.381830183733463,0.24274918337187959,-1.2900209676466901
56.496298976663688,-1.5021928442090966,0.59824979227056552
56.014520978138961,-1.4089030088772807,-0.69867922522292292
56.254933311463894,1.1406195615614223,0.95012803276861812
55.237761982423145,-1.2789212069241407,0.92787216713602416
56.501820756031528,-1.5153497872115276,1.223820017178286
56.833056659769845,1.7137323208281625,0.95430200454994329
56.919740164502926,-1.4968291729670853,0.36636174147954309
57.010456915042994,1.4578761723922888,0.89597928580586583
56.922811679525232,1.8513238222631641,-0.35210665839019778
56.162113367530409,-2.2754946047236806,0.31963343055035964
55.835641509874137,1.5090635120003559,-0.51304347922000071
55.841804020289992,1.4070144638838504,-0.84210878535336586
55.179254357386696,-0.36104530299630871,1.5970005612148319
55.295277151336357,2.00600711503761,-1.0459551250781425
55.7506673234206,-0.99855668576155954,1.8377688505919436
56.978589026468867,-1.9231053183552815,0.20846145747171813
56.547089436299068,2.0091827207268689,-0.5016212592918442
56.060267534793994,1.0287660065421205,-1.0181967701475112
55.503568877249712,1.2971068587058967,0.7946929511042371
56.978683755100441,1.9995420465151514,0.1924763802257474
56.199793926611498,1.3569532517801988,1.1302739105620434
55.941938343453167,1.9337252612354483,-0.30450562755805799
55.592691185641669,2.0393846916539622,0.87158672438594098
56.367727987351124,0.74739690738080866,-2.0033839731617467
55.498053284384213,1.8186681733252128,0.69376231002550193
55.541973098627778,0.95862263618473464,-1.2759665154369737
55.206482660410352,-1.776859419724016,-0.4581534001292118
56.455937868906119,0.3203713176043273,-1.6240290014298846
55.386640636566341,0.37013671717184987,-1.7219503381426799
56.453684735967521,0.23139416535262297,1.6833674972543577
55.347739699065627,-1.1174450347899534,-1.8788898951280004
57.125307955541544,0.12672834145748588,-2.1712951110111081
57.264749798393993,0.58254860865772295,-1.8207864930409898
56.393279852491304,-2.0109852742702632,-0.52556884428593176
55.255830399632302,-0.77629131131786366,1.2685524101040919
57.102980473790183,-0.72463470892444204,1.7646464668724176
56.601525331507887,0.46409524316887107,-1.8291657422683796
56.298576331939131,1.2393217824397063,0.70926017112419393
55.399313126150609,-1.7585132590324299,0.19178129142267064
56.431103064611811,-0.60782573667697093,1.5847192291106591
56.652059848877421,0.70426641761979047,2.2138423824805273
56.57576901983807,0.96773786190182531,1.276650607844527
55.587541136704715,-2.0472518934851851,-0.48357609344595137
56.500639446800101,-2.0474694762705115,0.10303737909437824
55.227979947252038,-1.4385434726627528,-0.34872270705845415
55.368527448289889,1.9485257936916625,-1.3019175388284772
56.10227454122753,-1.5420188256325205,-2.0024789034476491
55.226965342209517,-2.1320922372832274,0.16089096960361152
56.617935970100405,1.7260562989610346,-1.6318460137250135
55.612766024512204,-2.1525020833970463,0.95805406053333442
57.114572287344188,-0.07149062727296511,1.6558231699613355
56.816185955561096,1.2085862480816534,-1.1695036436251849
56.040997049423012,1.7489190338129279,1.6181191334042557
55.521343946711276,-1.2853240852786638,1.154959262326783
57.027081854508445,0.55845325295488357,1.4372304648998755
55.445874714372984,-0.17064600659244694,1.893880643129275
56.012467766355854,-1.4511020951545333,-1.4561689498242809
55.177080480719937,-1.5131181684189403,1.6202381911936474
55.862088480927454,-0.5236564428098508,-1.8796272288088514
56.91277024115751,-0.27314250275922847,1.3096609617411263
55.83401838747286,1.0997886586169527,-1.9224442901179204
56.805662972541306,-0.36986301529621768,1.9019752575426845
57.163869262356506,-1.9015596073238585,-0.65621925888084176
56.501283247067818,-1.6059242012138961,0.78641430842112359
56.90408961840911,-0.71434687579854816,-2.1821311068274762
55.619661987407952,1.5667672827843373,0.46069590110960285
56.675653463393338,-1.2548114950073592,1.0395207208615935
55.542723652116862,-0.69787546850724824,1.9165110763546447
55.954603888069414,-1.5985751433803115,0.30790012513053372
56.055348338111777,1.6978664275080633,-1.2825409882067909
56.943002381201261,1.3937750049042805,1.1435904976427662
55.304494256105045,1.4395805639452472,-0.86118834615441398
56.863252476585984,-1.6115918046690021,0.32938993109852072
56.595947835856315,-0.69583383097104856,-1.5646360257239771
56.149537603492483,0.85951883642118643,1.2649700368681371
56.871575491711617,1.2586153661817334,-1.4864400305637826
55.508352410046506,-0.98813827965415546,-1.7440468706175862
55.87427141929782,-0.83531769481455986,1.4092893451659696
56.325576697444006,-1.7319012772892284,0.23640315440081403
56.420005812823739,1.2579059139340625,-0.42847011106764121
55.572190619445493,1.2289330064712389,-1.5263544648101093
56.501684602277543,0.72035793929663783,1.5572131505889752
56.951585203076426,-0.61383924367879805,1.4755403500219886
56.470760375924179,-0.91414119065104993,-1.5305956859961025
55.312916347608997,-0.5553415555312079,1.269886810094214
56.434583051461431,0.77907651567653791,2.063539176393518
56.524268260756642,-0.26154304386227661,-1.7141381246671941
56.252844267302635,1.5197996335915256,0.98434436293651706
56.306070833270248,-0.5628117275267982,-2.1084579305002227
55.353278781273914,-0.0057056831563346176,1.7820563823489586
55.906296191751089,-1.3317578551014626,-1.4424886529943737
56.722662815331226,-0.58627841189631691,1.6199251711092097
55.308797936311244,-1.1814205060684249,-0.75301799681241677
56.307124468691278,0.80348729676985042,1.4093669662437669
56.718872089256081,-1.644099989388065,1.9776059220738205
55.355046353425188,1.1783099361156917,-1.6577511211865443
56.454267620276191,-1.5926902538729353,0.45927117581865445
56.849856412202406,-1.0737186619583521,-0.59883052238172596
55.571968019106194,1.0416422797897464,-1.8580737454936376
55.902362678513725,-1.8067220714953562,-0.79846173629077855
56.804611899060937,1.5165818245116103,1.4061522507791653
56.955535875006078,-0.78564220059171386,1.861101581780044
56.095186602055769,-1.4177552930689648,-1.0523538568422837
56.087438200937761,1.0800321022851689,1.547854485103517
55.950769220583496,1.6633100731360217,1.5176828677970358
56.259176718987291,-1.7082295722576313,-0.46559139981944286
56.85615410283863,1.435306290181033,0.86202059657402175
56.55469108041261,1.5967565306957463,0.19598276325206876
55.772324013513547,1.4169087436443408,-0.52346801880674343
56.017858242423294,1.9430253704292324,0.45958209017036522
55.834234134262822,1.4473221709470225,-0.8183626168456325
56.40450410727302,1.5622672651303866,-0.50033536407187496
55.532198057406319,-1.058794251314404,2.033776415546122
55.145921857980532,1.6865016965955453,1.1028766480786187
55.678905940993367,-1.575771834426174,-0.41948705681097259
55.321827177412466,0.54738910540431085,-1.4524882280714668
56.512403237067133,0.74337341860762107,1.2978890646715067
55.773431551214422,-0.14304266280027822,1.7161404221564616
57.058435150933612,1.1779710998038377,0.77595230513136304
56.27146442065191,-1.584074483670282,0.85690876230603774
55.568553327202011,1.2594070145180987,-1.4521430569952021
56.073149514084506,0.46436624267303184,-2.1635471671112625
57.035042761110851,1.752475444184018,0.5962739884239362
55.389506461912653,1.8904906096485454,-0.44741234101693123
55.246916588619818,0.72653883709919176,-1.4768068430925676
57.169471262306942,-1.3117231606812636,-1.2563543090697153
56.604564463111174,1.4148189828477571,0.18612915536708791
55.283979292714271,0.66758200513460919,-1.5509227709545232
56.646478884438885,1.5877130816363032,-0.83127764225744449
55.621590194888249,0.25352089975280989,-2.2888772945369071
55.636517068270528,1.2707050365545758,-0.62872491443036616
55.430703474486513,0.6691554931223358,1.3505736063099789
56.063978739818317,1.9257303671944952,0.079750072050023699
56.054373360360358,1.8249852812749352,0.87472374622987137
55.604756986794676,1.7716454408650182,1.0193900966357714
55.828776815643998,-1.1487235234743078,0.33074733565753256
56.441643764640844,1.5725501294632569,-1.2196510908168636
56.815853906741395,-0.14648492988224984,1.5357167802746918
55.88876912051655,-1.3282696033563468,1.2454641362826955
56.835079434902624,0.20213626303722643,-1.3980538896965549
56.550280853328921,-0.71170155777178468,-1.2353214010237936
56.372201013457371,1.659819178664629,-0.93429790552314784
57.12716721530321,-1.5869169743478724,0.29247363666206394
55.707588305371807,0.49874409967210892,-1.1758804384824431
55.396574407433235,1.8057548388591838,-0.71295489670964241
56.864948809700387,-1.6087556003669345,-0.70160062043950422
55.943764812271063,-1.7050643021041585,0.94910770325987581
56.856402406817629,-1.2758622065163836,1.2998908547043486
56.134393938487875,1.5305074493303097,-1.1156064747076391
55.454632107308242,-1.2252718503943314,-1.7457045398461288
55.260173483367488,-1.1122870361345325,-1.8078149894893751
55.437534274160605,1.4100884440443089,-1.2222118815332736
56.106300654799512,0.040548741605922388,2.0388964053540355
56.104131345332107,1.7555211043049495,0.0028276584960973215
55.222261880222653,-1.1076996623530706,-1.3366858886190325
55.731615361099294,0.89182336318884603,1.2543693206136999
56.02019058172143,1.2593248285694294,-0.77031613905718821
56.956591330677405,-0.13645661812337567,1.7528953308546236
56.877729689404966,1.7363167755581748,0.82349228158199539
55.676806637329754,1.1272365844441234,-1.1922657801778604
56.01310058022132,2.2288528698618779,0.30713365705319878
57.115848297355178,-1.9387664855494611,-0.5197999862017556
56.930782123131209,-1.8530782974025699,-0.73778060954500557
55.639333260739818,0.012966110830177426,-1.7375887028021162
56.163988561329134,-1.4902256018892188,-0.87131317070281322
57.125665146554873,0.31336367647603658,-1.44250689277699
55.820997788725357,1.0328073584535713,-1.533130792254894
55.248489976963221,1.2247495288867336,-1.8781458501817361
56.082524325918669,-1.6072476480048166,0.51861211984109667
55.438475977085368,-1.9065173075481436,0.44045102957077997
56.950451830060828,0.10609190981184524,-1.4428323168957053
57.278544192145709,0.60322653014987093,-1.2061884989496305
57.016045871522373,-0.61510090838684073,-1.217646329823173
55.334839292165441,1.068615605227005,-0.87443581601588038
55.924655318772444,-0.43823358244397853,1.662827907827231
55.244472383792115,1.2305553336499049,-0.40206436092605263
56.510486778965969,0.29315445984702299,1.8208918794703139
56.186559148549414,1.2408101431624541,0.86441532371091701
56.529647631977511,-1.4425459796961944,-0.98411403470097913
55.910660454491776,-0.52608437011434361,1.7507215969506482
56.820552045273232,-1.1961363269155809,-0.92166606956153241
55.940328674886828,-1.6149794504353643,-1.048520936190962
55.821968751724093,-1.6737642457015958,0.8510024941677099
57.075890604350853,0.6348717196697401,-1.949169127755302
56.096716892270088,1.5714699195702131,0.021415702759862862
57.178483002997446,1.1571237316988257,-1.4235895916888393
56.147215312146685,-0.11315847827982335,1.7717361129690439
55.389503012039832,-0.42562471798814017,-2.9311267412304502
56.420022320209597,0.2431460562062146,1.8473074720988207
56.915524327864738,-1.6841739517416456,-1.0639310806628557
55.538972446458487,-0.34743461481622795,1.7194843276346772
55.472401889797986,1.6616852418891952,1.1216914735791972
56.570634460864937,-1.4774432487053095,-0.65005059852639047
57.288154352126845,0.55719132570243779,-2.0031093239341495
55.095218955366995,1.3814179454504021,-0.85978933864459339
56.872524528278049,1.7639166320561463,-0.34266881782845071
55.757469027335581,-0.59814561615354001,-1.7673785325319125
56.169692751817337,0.098950227638064173,-1.9332588997491944
56.542180657282088,-1.5953254660158647,0.77175697375760399
55.479636152701076,0.79510164189442212,-1.7912326718796576
55.680637426453984,-1.8849446424680556,-0.87869546714620994
56.530088233663761,1.1402407960692655,1.2896516925646166
56.692897045665866,-0.70377073698918324,-1.933430696782426
55.666761751721893,1.9980420916674324,0.71737012940597555
55.851832580962053,1.2749374543186676,-1.635285574547807
55.865600747571591,-1.3592799142600154,-0.28249701161435253
56.340535967938081,0.8983754653276812,-1.8956684206537644
55.624457222621523,-1.3082371710998748,-0.45966864731606766
55.977562782872518,-1.700295967461678,-1.2067791835304726
56.181712334880039,1.7646554665767316,-0.37305858912636558
55.753278495381181,0.46216420128446933,1.6425460372562655
56.750027200527164,1.555598108697954,0.11034277065793335
56.744094906558267,-0.90685651594560257,0.81208172799302059
55.376850096930177,-1.6860317272902492,-0.12527118948149002
55.77032347292522,-0.74747891307100389,1.7227412323683164
55.42428543122675,-2.1177819688381221,0.32459563633538224
55.650058070770072,1.7621631323227418,-0.0012683854962301849
55.22599429892324,1.3067536704832194,-0.66504889896148534
57.046466509933353,-1.9348304954674187,0.34507726961928131
55.598265523070218,-0.73002292123747825,1.6476638343111079
56.008043782062948,1.1239759114411587,1.4675582425331761
57.036210365582086,1.8194581353088739,-0.70202912736773082
55.269394767536554,-0.016074387364419511,1.9169490040031145
56.695208761315051,1.3190787989217676,1.5680248735215447
56.66739738974033,-0.56268964583739201,-1.3113758019700699
55.830154486152082,-1.6325698718847685,0.07387360280346679
56.104381479112725,1.5971863955492973,-0.91494119044805089
55.494450636695731,1.3374537344364803,-1.5074467171710493
55.721887579946866,-0.46964084352824792,1.9697699380904914
56.553689346481057,-0.39979176748543221,2.0155483506189524
56.982928805492172,-1.0644467353073401,1.1617720976272718
55.853116343306532,-0.84209542340514776,1.4027300704044872
55.372594755721181,-1.8337458990624875,-1.3896349111588107
55.86168177657111,0.20512956999399351,-1.7792915234146081
56.99299338344732,2.1691359645809674,0.16049041729839586
56.104319758501084,-0.87931586602173351,1.7522749872333299
55.748971689753787,1.521064290757639,0.23886940058656844
56.996194189702521,-0.50596374208856276,-1.4047068631622841
57.026320136318255,1.6950829795533433,-0.75806123858849095
56.915981428308264,1.729628668591441,0.40596900575651507
56.760830652223802,-0.83127554171619467,1.3582143605489465
56.611726340284392,0.32780952805312347,1.7711092689153576
55.292580928611336,1.2322589479359471,-1.0938195599802136
56.045162837361019,0.30189811755509388,1.6566991964076041
56.492150050587419,-1.4306559560461414,-1.170059584441433
56.383459164416621,-0.28436714731465779,-1.3119862479119986
55.259156536281857,-0.89113032576459383,1.9190147746333084
56.263952737014883,0.91546178714521631,-1.4865187908481949
55.621951283705094,1.9825817645871058,-0.42576220912223534
56.325614560462874,0.13023692134756992,-1.7050133320964058
55.984300988433461,-0.71269664409515521,-1.8021440917657598
56.224632773867022,-0.0029814632230960305,-1.2540544845538397
55.678942261417106,-2.1081055848922667,-0.15897979427845885
55.366983472949251,1.5788861161811729,0.86316484511211355
55.997730249393172,-1.8472482915501374,0.71176787602153402
55.992831291649651,1.6487931143563941,-0.76291844169118705
55.516555330452171,0.86788460778378818,1.0128581446279989
55.915037223535137,-0.66911595359052656,-1.7857638363058168
55.392408910094424,-1.744558754557227,-0.46322878039258197
55.181399569831562,0.85692650164528028,1.3994807167704675
55.607742770508871,-1.92784300389654,0.48809659424574781
56.308122416244323,0.27925894160263087,-1.3774626158302319
55.318520960766335,1.1285878226291366,1.3852588516460154
55.432308670845444,0.83649553327351089,1.5228268851490794
56.279044319210996,-1.7062580768707569,0.82978999618193794
56.201903614329822,0.87263870842122904,1.4385192864961107
55.295788236822823,0.90429961579147577,-0.74997864922270974
57.123872502089355,-0.42903128194992585,1.5046222339868682
55.218498686557609,1.7146087801211605,0.75844166357021647
56.165400881588141,-0.083254230677734478,-2.0611586367352195
56.876323765905596,1.0303637222259769,1.5182218416672359
55.897405131739127,-0.73422688231171829,-0.75999630443458499
56.713202884964687,-0.73192470263801246,-1.3976801949269235
55.481822049380312,1.3513474989628174,0.95619642218230838
56.399799095231131,0.71411324621575845,1.721551977736429
55.648522305838107,0.62819132594973637,1.8245986475498062
55.570391309952633,1.4475550868326466,1.2558972021883592
56.792420592627828,0.53117187934207766,1.3856205606049594
56.024667175376898,-1.8876875507563649,-0.71162081597217064
55.25129951448541,-0.58077543623304262,0.76085999378625946
56.159461676173471,0.67369960545795682,1.7280022097077108
56.787006925474905,1.730571451158839,0.74585066911075171
55.400960051101123,1.7383147668452548,0.80907758957390652
57.035232095973043,-0.43510024881803955,-1.6530563914202627
56.649408998870818,-1.3622079598272718,-1.2665811950379415
57.157830565967558,1.659563123985647,1.0661718695379796
55.233352475108028,1.1623140342175537,-2.0320993460746695
56.008864226666134,0.23802153695790915,2.0000385016880777
56.759980023313034,1.2136210417454878,0.71033453067864016
56.122296193470227,1.1937462426432741,-0.54988304073315319
55.403099795868265,-0.89866506660226819,1.3865849064606377
56.378614715769864,-0.86066233155946015,-1.5284567949768662
56.283565440969973,0.041815064487999334,1.7147332846254912
55.301378493019811,2.1046927659830215,-0.15647224586832231
56.75878107228624,1.5731984683351823,-0.99066585903687276
56.403523461182829,-1.4538555151671486,-1.3875873602332118
56.085022440363552,-1.5093082104094699,-0.96451998026457098
55.795223856933724,-1.7976469596562181,-0.08971479636298213
55.896376853629675,1.7132358749387062,-0.61012372632304257
56.394848616453494,0.51555276695898389,-1.8647086352680662
55.607937752058362,1.3220953976046785,-0.5158621927368312
56.046105357329196,0.44407396048097242,-2.0907718614527542
55.139165749220595,-1.6990310321000022,-0.7109946205648402
56.216749599282274,1.3427117301342595,1.5272715964822885
56.656671361156839,2.08173465845196,-0.082349685647671658
55.527239714065054,0.97571805186935179,1.6949435238778996
55.626643928079702,-1.6451782391835892,-0.25688879588068797
56.405005860567741,1.4313781484905463,-0.9694702992048555
55.472551344719058,-0.41835090914363604,2.1204619579496482
55.281077882302036,1.2863259147240189,-0.77669971876223298
56.048500946435666,1.8773748639021091,0.33118635666334101
55.77331764137535,1.5432329772678905,-0.14540428381221968
55.874633258791043,0.013466168549163493,-2.0010648415404035
56.629040475708422,-0.079401009757268506,-1.6881825425083867
55.938888194992053,-1.657675616940363,1.6157514557446686
55.355151471382904,0.87326737430536172,-1.4365068275734996
56.831948862543889,1.929480074902179,-0.84029123832683483
56.841236820306818,-0.9474979461188151,-1.1142151871952901
55.252734004195709,-0.51973491246596137,1.5198936829684633
56.928296505370582,-0.1558592727404377,1.8075669547920412
56.772737054412914,-1.5952179920377458,-1.057180799689184
55.564255448851313,0.61643717868327197,-1.0055740187645699
56.109536715121521,-0.74040583505748836,2.0105622444251825
55.55554857702748,1.4713892119359613,-0.71340788540242839
55.914670788419798,-1.0433655831682798,0.53529219632909797
55.408328248942581,2.1282051755839655,-0.037557351261846977
55.951120937481022,-1.7126516886607805,-0.060750397640544622
57.075898972383818,-1.1100527675854734,1.1425962975330166
55.666900155018176,-0.79440590101938779,-1.2761068453072277
56.931703182583725,-1.6839873465259501,1.0877266594425747
56.558361231185579,1.2482464384342233,-1.4286559407942201
56.668690916619958,-1.2837573774408799,-0.86674828348573119
55.746394462753358,1.5877218307442345,-0.51554562051672781
56.647642686430352,-1.5836470636011564,-0.74961963161126755
55.221004246014225,-0.55604709819980791,-1.7078193316922867
56.677568078883752,0.61994835948459992,-2.036220193303421
57.19429953449994,1.7330798996367867,-0.82234088591579013
56.685180198331359,-2.0038720813607211,0.26254143076911696
56.53536190878642,-1.2905670502420192,1.4624049308459908
57.007197452787615,-0.34410108945427464,1.3969888796045169
56.124765025839551,-1.1310316884653828,1.3278469837551137
55.313956546643027,-1.5616541952226957,-0.65046523341676343
55.461755060374337,1.873861546130249,-0.1950187600777992
56.827051783178661,0.22256963975423735,1.5514504962754061
55.876352358230882,1.8993688356615948,1.2486917922543308
56.535196337734952,-1.6324197276053702,-0.80610348723604031
56.177215504168814,-1.7591670615425978,-0.54416804086763071
55.171970768902497,-1.8568230912377639,0.96146392622904997
55.314721069359244,0.91022893781271097,1.3201628743362548
56.312420454724688,-1.0391623895499251,-1.5320945459853454
56.890829184015729,-0.5548413621075402,1.6715088451581495
56.811975572345382,-0.55954166548329642,-1.5477257695915196
57.072733200568088,-0.04980705759355205,1.7930539520522961
55.540303742478464,-1.2156310405326818,1.2372252495596889
56.497632390096108,0.49039295021905549,-1.6980041269944381
55.942041361886133,-1.2596377948357882,1.5034803226685829
56.796101043559077,-0.034487747243173911,1.624156588586894
55.594169562251665,0.041174733035996988,-1.0357527085467888
55.942386953882021,-1.402586911293132,0.85110963348104052
57.105082799126272,-2.1855498006605973,-0.36633107353108302
55.911088532909893,-0.18162263851512189,-1.8807857863480322
55.939573433319055,0.44639321183596892,-1.2815722093376429
55.365474792882935,-1.0048011155839802,1.3446194052544298
55.462867530254861,1.8135558017146511,-0.81152133763026435
56.224316564238194,-0.66746049991003031,1.4293200472958119
56.82585603585531,-0.88575459284405511,-1.0565968156672929
56.49102608625865,0.21252498150491989,1.6723736656353541
56.801692293219212,0.9921230480542973,1.482193127534881
56.484664204474129,1.9461419152863564,-0.085015379541085415
56.071564735838137,-0.17173236319482596,-1.9542676899229621
55.516643009958713,-1.7307052789883357,-0.039630367508299479
56.99897955496678,-0.73831198879505866,-1.3489587511093142
56.612463190964348,-0.24806685458987832,1.8077893542188148
55.732517212245732,-0.14213440026829816,2.0090394063140371
56.835224874014244,-1.2378182921586045,-1.3652322813413573
56.917728669016455,0.3301986860829888,2.1685872932314352
55.28692726917992,-2.1702750153280368,0.14802977996741506
56.825194662609356,1.1840613171762591,1.3088765250490213
56.048372878509305,-1.5043404829426066,-0.597782041327376
56.881408508266873,0.9591660645459068,-1.4575002930309191
56.337489108592891,0.87824124178527796,-1.1453073908387661
55.993870715368608,0.82710299004314014,-1.5695050259541869
56.578528580902926,-0.36932318269917536,-1.8752486461957245
56.353687750854277,1.9235724213026932,0.95812964590317506
55.446333559772754,1.9425842286775981,-0.17277073994715975
55.813776500669341,0.98248385448784781,-1.8453608820412035
55.457576314988614,1.7141791818612004,-0.95261275716708393
56.727884335254146,1.8764682186428008,-0.49361536586648652
56.464433542708974,0.89388921788096287,1.4559526004906027
56.474543269390942,-1.0675993107562871,1.0862949052954622
55.613690105032653,-0.47419098224568174,-1.8154461800122568
56.377144014522621,0.076155505282472377,-1.5011498145952147
55.935620486033258,-1.6983402835096912,-0.13779710158918404
55.440168622928404,0.58401017574046876,-0.82074680495419894
55.422826489046038,1.8218333750667188,-0.2507296909063409
56.892616101265247,0.69482355329023804,-1.6745557846687229
57.137370129476423,-0.031182806190535949,-1.8348857935036949
55.898262746956682,1.8733514847565629,0.029979408142700576
55.779263679975173,0.22408205335008452,-1.7055884160013601
55.711730798354075,0.34570906971315751,1.7121580531052529
55.777864170326687,1.6518722355251187,0.27657883719833176
57.00517236693458,1.679096691201041,0.89536122468103174
56.852360868785638,-1.5194454964717525,0.66824222354346308
56.952633064910515,-0.066730967056160037,-1.8919015434628965
56.757965965646058,-1.2532652441831722,0.66563888901082768
56.047130698390774,1.6251161202701261,-0.57757545923976428
56.814650189553078,3.2859988480725701,-0.16721902203167113
56.672661462718196,-0.98084944676755137,-1.4004435350421063
55.460256832049765,1.8584330383155883,0.63697952801571012
56.320734669709566,-1.197270782063236,1.2266480458647231
55.694086327191144,2.926501382746316,0.55036428104681812
56.642080877646045,-1.9183778012247028,0.31416272500145015
56.523561118196042,-0.77807369446378383,-1.491026546895273
55.583273241715467,0.18790410203739438,2.0599776403663346
57.223208034070566,0.033722931005555103,-1.6947123843563627
56.204644592031173,1.7481910135132002,-0.18667707944321735
56.364284239455202,1.458280860764203,0.81659167419958623
56.026158722753763,0.26782163933293157,1.0025101954164477
56.42356103731823,-1.0349444062858066,-0.34688260294628609
56.530429206202619,1.1845518647442803,0.68809895678066546
55.999394760547936,2.0154729188433875,-0.37961818811274312
55.709874425848014,-1.4379874155916956,-1.1404199843593614
56.383438049112208,-0.53089467196127194,1.7680983515840729
55.635723434650501,-1.4158740130567862,-0.48827900379376082
55.434725041740904,-1.2672684794043012,-1.3423754096283211
56.29446098383503,-1.166575400285607,-0.8473483827791638
56.650781026291803,-1.7598373483804897,0.30486027236298979
55.920709436004145,1.5685586959298046,0.99541531846506681
57.013875000464978,1.2976958475711622,-1.0069351316668953
55.958722280692193,0.00622670058684435,-1.5162057235687008
56.06533426954924,0.34829173589867962,-1.329399306804725
55.780129860072194,1.2501456487530345,1.4728825435701061
55.65848422118485,1.6209024888626071,-0.39121902909480782
56.440633740264779,1.3273699154784084,-1.407234195266472
55.221349934934885,-0.67289552796624796,-0.84907154106352034
55.664676821802736,1.1452324637259008,-0.94217489628991447
56.843743558816627,-1.5141303447123722,-0.6792553599754223
56.439584904038853,-0.62983077535198451,-1.5350392721882797
56.482935265415158,-0.52052724117436289,-1.3443917618591814
56.460801259709982,1.1781680911380568,1.0308850198058126
57.075171513775395,-1.1280823036294794,-1.2768243035018452
56.894713081984698,1.2012721780303106,1.1290202074319262
56.625983313269693,-1.682701783007424,0.7165858033087027
55.753769681227809,1.7616021404903142,1.0608871135675746
56.054666045447348,-1.2851478749582665,-0.64531428529714741
56.335904196383567,-2.2091667131072428,-0.088703594957156282
56.923520400676082,-0.66039278627108289,-1.4885788719549449
57.113148921062383,-1.7687197477790346,-0.1051115702016263
55.436059628127616,-1.0823779920148142,0.96520926444391264
55.537489955080233,-0.45965139929921783,0.6645222583452729
55.818887151952701,-1.515986086086017,-0.7301997041145829
57.056110344569198,0.79330435566081148,1.8254046253793264
56.330538165069598,-0.79437616079993045,1.6371141957903168
56.007656349405039,-0.3445087546668234,1.9521591263010434
55.310649675712284,-2.2227276081738316,-0.85997760474865903
55.572158317307391,1.8676939622557398,-1.0995960557610385
55.241466472107909,0.45434905020573052,1.2478118323838994
55.447742102738943,0.066612574397749688,1.5300726551610684
56.628622241001025,0.95140752721826083,-1.5117833608297733
55.58836121596751,1.593164673681462,0.62882065458415493
56.060636740382492,-0.060497072864633447,-2.2734782171112462
57.012522178424959,-1.004034351023287,-1.6731240344248586
55.658940627015603,-0.89762741735585216,1.772579129502255
56.805272432907479,-0.95885253256305969,-1.5533001588553172
56.490900010643408,0.62898577261394928,-1.8435283096575108
56.008907366292803,-1.3689625992926224,-1.0139381867383932
56.858610284489352,0.86616788694488511,-1.6737229135286025
56.804405035661368,1.3551775339014835,-1.2596509308359969
56.951157244855715,0.0029387586307538928,-1.8703808536707234
55.867177550485671,-1.8474826241801743,0.60725867504387632
56.563154600474881,-0.084416076495622522,2.115238161873727
56.704614605983664,-1.453828838292573,0.62602317553548792
56.580102111328046,0.78439242506410478,1.4942091343735211
55.438539204200524,2.4836215153397396,-1.0049912777451939
55.980782250412695,-0.87764738695954769,1.533870705161658
55.712150105901614,0.12340135690931539,-1.6794989443793673
56.40401125109463,2.1190873879956746,0.62443460433489695
56.343544001460131,1.613086076159465,-0.87571387338854667
55.349672804940731,1.5445314245353943,-0.76926259399475772
55.334538042558876,-0.18917757772515223,1.6884384743307954
56.421255833783086,1.902772075773616,0.1771285388651111
56.708173504718559,-0.67502898241510434,1.6524621444280081
55.482541069240568,-0.88259187849359022,-1.4590281070718338
56.610734071707235,1.773145837891098,0.49427415796163804
56.733412462359155,-1.9907454423062865,-0.44190644754026537
55.48247160779578,-1.8827383411760781,-0.76360609927011924
55.984649723364569,0.76161072644766248,0.46481391668273098
56.892015794858111,1.3352104706952532,1.5538100537138084
57.049383256322109,-0.61645128355934165,-1.61964926118495
55.666391691069251,1.5996360966133598,-0.72587643469071361
55.378980268745742,-0.46244695840416566,1.595901878711135
56.985972118684245,1.7704121425925725,0.48192039790365448
55.377601234207404,-0.17795525528465353,-1.4703683862657004
56.412512363107787,1.1756952543073067,1.2796030117526163
57.127839253291235,-1.2775260264417259,1.1937647614938722
56.335196968813328,-0.019959246761473891,-1.9257950203205068
56.647049105824742,-1.8077209050616077,0.37493619053379057
55.778598843880538,0.51319808210718332,-1.7265230685254744
56.903555383760775,1.5442341010030622,0.23650282627335906
57.340654536905795,-1.5329786311874583,1.7487605228941845
56.037740763542956,1.2880279207257737,0.95937605511555846
56.201094631122103,-1.5318398264155206,0.54856592245030567
56.140855267098964,0.97071050311388429,-1.7626096696881746
56.328350966757291,-0.96425158935668598,-0.97907768115974125
55.773591988619557,-1.2829507541333163,1.3579811770968579
56.510062209507971,1.5230087717357796,-1.484769877522655
55.710267734075295,-0.95482591823847673,-1.8054209587772183
55.258777658352628,-1.9428553533880575,-0.93438745782061217
56.108204029532963,0.5481140827452553,1.7386271016314199
55.893052634665196,-1.9977206548473418,0.075411539011666903
56.51814796892365,1.4412162951844412,0.10963485011499156
55.83567998495073,1.6996598648509833,0.68209690476866525
56.88949014442548,-0.045533888815584206,-1.9010785540767869
56.583680719957954,1.5233137876982612,0.21435487555067984
55.826106376354517,-0.090226724558890303,-1.6737978165422704
56.889729839505534,0.64508958339381139,-1.7834568492731704
55.808436424675428,-0.076928312599741713,-2.2242782772115115
57.025061142673017,0.17148209859875188,1.5906473894987494
56.617813719197066,1.4366155236314901,-1.3189504061731694
56.243980648588206,-1.2546568814132899,0.87516570451486808
55.875990559545073,0.72229234107460638,1.2072930799764381
55.753375319369056,-0.64059377849404708,1.5586282075874947
56.32719960959443,1.3454970655379137,-0.2686907490101641
56.75625937877065,-1.6914061607236244,-0.87125162340287754
56.908860890256918,1.3457930403852263,0.016909536943867511
55.229494084001708,1.6330942558638655,0.63736302354805452
55.973358181109909,0.8913274670906145,-1.1940379839507067
55.57434510804152,0.77355536629228372,-1.4943881275848714
55.99013125336463,1.8123938218483608,-0.17581208315828148
56.719970248045627,1.0077813217088754,-1.5691254564898232
56.294183457697969,-1.6593075726897408,-0.37315453759291073
55.945914192987509,-1.1790670868087738,1.4763802454593251
57.105787751879703,-0.59032107540964385,1.8452979778728971
56.001356164705882,1.5453292591200212,0.81605084855611121
56.704769594637661,0.7858095949030367,-1.3041582322055858
55.993991680481862,1.2316032866838795,-1.0973701711986827
56.209505566368769,-1.4886286755340183,-1.0779699264884328
55.252728271313067,-0.68401188001884927,1.1628072395977347
56.05867189559784,-1.276309722366868,-1.021263085792891
55.15304006095355,-1.8947303729754925,-0.27077734013235688
55.264194021348281,1.489924872982564,0.54952318493482655
56.138129721481882,-0.19514436818718084,-1.4061995198991086
55.169862116331224,-1.8680652911801954,1.0602559946786478
55.604036151762941,0.93351264921395127,1.2835977230838256
55.893140873442761,-0.62108834400426671,1.6764577416643578
56.961413294511893,0.56336503889250045,1.7923070486190984
55.990392712688482,-1.8304012619968746,-0.2807606247957487
56.9300113295239,-0.35091710424319156,-1.939561674556771
55.926942936363368,-0.90537138421269148,1.3714991668588234
55.870570954897424,1.7845742187476872,-1.4095055320645249
55.540609690053259,0.32660316582157323,-1.4388245763404441
56.975511017597022,1.0557000314741189,-1.1692942661978707
56.628369178724874,-0.33639004615799423,-1.6591844555339543
56.387955439423521,-1.2682432123401597,-0.81796587432488266
56.698752723479913,0.70368754926907884,1.2899892597591576
55.187218974738002,1.0980342781982808,-0.058749983975330926
55.803646225374195,1.8145211933205181,-0.72823132236268262
56.786162398590804,0.29750881959730957,1.8853954771592785
55.557287412053974,1.3682844640717888,1.3297170969306031
56.036097107917499,-2.2045574419399268,0.60216052081020344
55.184831108651018,1.718335408403934,-0.082812827768871999
56.40780208783417,0.12852724969923499,1.9423499500422727
56.974572475662825,1.4395434763138968,-0.42039133166759191
56.906132511254789,0.59356271269377736,-1.4138282729738749
57.069292731614702,1.7896503598056779,-1.0861775824533748
56.926636528411592,1.2169514319497776,0.72650997653647265
56.757337556233672,-0.81803428547930357,1.4434303676698987
57.032706008680009,0.70299213134380223,1.2396996947964569
56.959722439178421,-1.3303683982006691,0.59854072901121724
55.997253607304685,-4.0599344237862001,-1.4650310875337278
55.378253571717465,-0.034458196920855846,1.777693157329556
56.374512102769096,-1.8850324405000445,0.25794572925343212
56.986748710288367,1.6544119061601095,0.36569945324534542
55.576200411410852,-1.9603472756704758,-1.4107324915658006
55.284822302018199,-2.4622374616128355,-0.11941207909501404
55.356292079371443,1.8661174086780423,0.096892248657553914
55.909932765706607,0.44547780084182748,1.6794757705014052
57.054125453512192,1.5238600112858791,-1.1619440412929631
55.594661296364798,2.073189548577187,0.65826483689926696
56.859832363662562,-0.68686357429104916,-1.1444130465933062
56.140747995352484,-0.27649928022536191,1.6091136635153678
55.164202202691484,-1.2393141317333773,1.2454844122801108
56.496350226846481,1.5170051708187675,-1.0319837356989185
56.293244061103714,1.0625090458294146,-1.1533412727229768
56.861527076362229,-0.16214475069316839,1.6141908064558406
57.065095121524308,1.4121153327873683,-0.42967903291229637
55.659180206585731,-1.7568109821292546,-0.19598558236135813
56.543604158567675,1.2342326972472271,1.2132109838909257
56.181239263603842,0.87394171069143678,-1.305997566690547
56.493933063828834,-1.7049712347459494,0.92013616423473332
56.657306214785109,0.83771196729384145,-1.8476885625661772
55.902259245905825,1.7439953840960138,-0.39701332363760855
55.829073592492705,-0.79844540391619889,-1.5108219255188957
55.301710579373584,0.016487335443314655,1.7297035845905568
56.303816114394785,0.96014241432725833,-0.99404392690330301
56.002001121688991,0.058270979802618479,-1.6239876134070836
55.47957180206933,1.582805853232639,-0.44203392698799349
56.063394241828377,-0.9929406335008969,-1.2637389573053439
55.990171157991405,0.9343946419790341,-1.2561853245309798
55.508056089723574,0.23278150005139339,-1.9520622006811268
56.852472220037846,0.42106513112041993,1.9600549609074367
56.980768515850784,-0.90820417348765781,-1.4267910707760012
55.889810712020669,1.6945905152327234,-0.15299594497579752
56.846602422997783,-1.8006677508897877,-0.064090860999468841
55.646553944296812,0.80918284235367743,-1.3676475780784609
56.042797963435014,1.5134187026670456,-1.252425838498376
55.286210940079606,1.0751818842012981,1.7691703562028116
55.263189687887518,0.32002221535501207,-1.8124047207132445
55.520813759493038,-1.1501252151181927,1.6799250549579594
56.893328860073808,0.83879258538062407,-1.00157352753826
56.64075612323812,1.8205120359203653,-1.3379321276194649
55.899473547424925,1.5303350091729628,0.22579831324293623
55.408920227835466,-1.7930685650242861,1.1595896323475456
55.954567856432227,-1.7762253363039249,-0.61390736601559637
55.857911375972577,-1.6393070472222535,-0.39676539806414018
56.590022202374264,-2.0703158175231966,-2.6065494537798699
57.009940696208744,-0.39536918618310324,1.6819021932160438
55.691936697061593,1.5636491050100509,-0.24057945599995401
56.353982984783848,-1.8077395428238083,-1.1903110621755668
55.45224785204028,-1.3369722255749805,-0.46655466533910966
55.713810625599187,1.5096243159681562,-1.6270499445321074
55.316461735937864,-1.4240581797008198,1.1104039224533659
55.367383268386575,-1.3347003757670177,-0.52065527588649407
56.828777666005749,-0.83579635260834184,1.5305458832155536
55.591426968800697,-1.751774813645089,-0.42545746089699055
55.730623744202092,-1.2321755942924502,-1.4044920724828314
56.832972161486879,0.32062353806496391,1.8006898283440944
55.547196039918582,0.46518253192401693,1.4369880991261257
55.813526362475713,0.65664892234538141,-1.3998120629657951
56.410561982497121,1.6756189391777916,-0.71402662369134473
56.611548172291599,-0.24201566521946394,1.8372927812698525
55.240000437973855,0.52201297280500747,1.6554559951737799
56.692655319371532,1.7537251523850048,-0.19364280074078216
55.634670778290221,0.47160418683229705,-2.0786207283992804
56.367648669108995,-1.8641723071958365,-0.58927891628939266
56.317458533414921,-1.8519668169189372,0.12365422293714239
55.485052134412129,-1.021265383300674,-0.21856399473064753
56.099170642044072,-1.3608875276708028,1.6120704748079697
55.464219446427535,1.0301074360716385,-1.2245621107720359
56.032829685015408,-1.7257202941513108,0.059557540170238746
56.614362822016908,0.98620455503462379,1.0934613656404033
56.881134968132152,0.96460938969072685,1.2202537333303098
57.055875456110407,1.4584091797033876,0.28072086152184683
56.289486059034765,0.6999958627415741,2.2122357336872631
56.496839577694672,-1.8687463293702113,0.064976122142444651
55.28346021371803,-0.46288259418615063,-1.3821135798501869
56.805253219887845,0.81276186763036939,1.571895845571772
55.475022518989633,0.78751482861943312,-1.4548998100319896
56.078084361797572,-0.18237857742320743,1.7185785390233828
56.225082378012225,-1.3991903777813104,-0.97596467037405077
56.57054842557347,-0.32299648426235467,1.6377329128840108
57.09254196306189,1.7634246241305243,-0.369141435326161
56.85020756527026,-0.83067597017202122,1.5659040290404129
56.289592425981688,0.42956816308423507,-1.2443655445826804
57.0186849879994,1.6854022924505732,-0.68559147867848602
56.014801562934849,2.0237652247640092,0.69340842609203357
55.474244438112088,1.2313269270560272,1.3269221718027568
56.981163700252637,1.4088037566363498,-0.74828395070130349
57.154618699059263,-1.5210307890141965,-0.66295125465196914
55.580145763958512,-1.6580462108415222,0.22652366440749244
55.856165288044657,-0.048920863291089488,-1.0349603955077764
56.757288151214112,0.52065697887123086,-1.6240667120331649
56.140523477393643,1.7396328385180126,0.71641283749615969
56.118703793767629,1.0231214675683524,1.3326615109617257
55.643711488702692,-1.6759301707818115,-0.15615193801476743
56.90025943654247,-0.97978006005986906,-1.8711099344846744
55.974310220036188,0.92514571539385559,-2.4559977936411732
56.119455095772977,-1.1266903696036337,-1.5747112161085544
55.82334303170316,1.8622206262110621,-0.58829795999134715
56.442460895389331,-1.3753794274888875,1.4513868941793384
56.855279752654518,0.15326907860628119,1.6426017170967182
55.640894023134109,-0.24205652377149681,-2.0344062398350715
55.297757488619943,-1.3140938207182831,1.1714647879796101
56.350285850327587,-0.91500822020830996,1.1464400802288144
56.872744807197449,-0.27421163698332612,1.8534735665279705
56.517768109625763,0.28729225027235505,-1.6515927533459094
55.721618918662763,-1.123133913603356,-1.3236040103790001
56.514415346701824,-0.34295356110577613,-1.4964155275026341
56.423684365411496,-1.0192479698384909,0.70332379924570232
55.838915669121953,-1.2287446172743262,-1.0517394362225911
56.730318079506311,2.0946597279835917,-0.70534778826404321
56.3563529145583,1.7840524072678965,-0.44112703118712859
56.076581665912755,-0.30747388100919415,1.6235847807550514
56.34719597878432,1.4684047319445905,0.5357719668558949
56.418687921488441,-0.47820587940929987,-1.7278987677701276
56.075150175225552,-1.6641836390106344,0.082573783850921262
56.693995051250027,-0.029164973295580685,1.6229278491109438
56.490667526281612,-1.3693239385163836,0.65401020677098032
55.374609307179036,1.1787562704278483,-0.95121935723640239
56.166191144345582,-1.654243485853756,1.3496903444459172
55.884998634446909,-1.7361589189511066,0.57587301180535866
55.763596530243213,-1.0050704669840653,1.8759549588952473
56.860616547652505,0.43467161881957428,-1.9254765225127504
56.366468620174174,-1.3804940787466333,0.47013394984010043
56.720984656757871,0.034587892302414887,-2.22951877960673
56.976354962894199,-1.398378958772247,1.0792932243569753
56.788680443590501,-0.74989868964298889,2.0529508407497365
56.978069330614218,-0.52833676315767242,1.5458518063416289
55.538797731195494,1.0517315636670568,1.5805929747532679
55.445175748890712,-0.8405917935092363,-1.2825822596924872
55.263731815637719,-1.1885651395016628,0.46674161766208044
56.28263836945947,0.13440220375485701,1.896854478722896
55.95708131370808,-1.6972390271726969,1.0097664115085427
55.986274660042234,-1.5426282391468109,0.57186175645568327
56.68125060251672,1.1857679587260683,1.1804939211102152
56.134913856907168,1.9562456648659006,-0.25537120044394235
56.978128937160079,0.215902841209587,1.6576929456032363
55.686002522536683,-0.68876211897700235,1.4695632441867923
55.576883845098045,-1.8335515528713551,0.19371599719016938
56.649555518413727,1.6549166261776935,0.36153472931962688
56.63368192093084,1.1302061840639466,-1.2223641636729004
56.813826421214237,0.56502762619638103,1.71263787189273
55.813585471700648,-0.25725420854135655,-1.6020213692457241
56.091983143600324,1.2548748275831683,-1.3190414153344268
57.173254432412129,1.5289045721259746,0.63518352745455442
56.744274805083116,0.83153951894331957,1.5897315777584347
55.814841227175329,-0.71785201704287138,-1.4643048452571619
55.503444524607183,0.62465711463940832,-1.2433630753654314
56.36004724668593,-1.1433319525741867,-0.98722119033049271
56.69243726631062,-1.4353974243891705,-0.88651681930828641
56.244546995191918,-1.3737240183101893,1.0474248812805786
57.094777060975424,0.70816792509339221,-1.5080449666955782
56.3039614584495,1.4444577217297638,-0.33899870379669195
55.546516128690399,-1.8859426059949163,1.0824553599707367
55.937669156443427,1.2750914442563352,1.5312122147746621
55.441627527535907,1.1078590355273072,1.7178023447840627
56.434961151850722,-1.4830737263974507,0.53859280397421549
55.720262532759385,-0.89669803407723725,-1.798560937544923
56.639843888989468,-0.32436371284642923,-1.8882668125824869
55.205606829717055,2.109659598636811,-0.32062091545521515
56.814302324392486,0.79978583683438897,-2.8783390374822537
56.558703661573034,-0.16164846699500124,1.5822330879009878
56.945108535835139,-0.4274085721225736,1.7474372808398009
56.772396968286394,0.037117442748534901,1.3558377013720748
55.96288262133227,1.9137211834561942,0.19898937831238964
56.057156612715403,-0.47878108132021929,-1.4894455558076325
56.27832505003451,0.13376060347784549,1.6201000087034112
55.855176536955952,1.9992728323946847,-0.12226862976117303
55.602820707064772,-0.59897307357923368,2.2180107920294816
56.458258057874396,-0.62323922434406032,1.3894816891797914
56.269230888521243,0.0048286017444122281,1.604177703121523
56.942861047491242,1.3487214440351067,-1.0909215082382053
56.475858377198144,-1.4054416937649723,0.92576194353994312
56.691292076989797,1.3192011534095665,-1.0551530171969201
57.122258348309309,0.62832996367801219,1.811987441310758
56.322948602251472,1.662975688122714,-1.1339044684753445
56.550108453850847,0.21754840462957489,-1.966620985814133
55.535341981411392,-0.21483903602813381,-1.9157744262283936
56.818192042456417,-1.252063512896807,1.2109300821990869
56.840805301754521,2.0197253425996382,0.15202762277242823
56.985454581519761,-0.13469251092696843,-1.8507315726385258
55.145778779834309,0.15354892754613567,-2.0682718937711067
55.512153623548116,2.1886488655942671,0.60118560235203711
55.599924124053864,-0.38543128620010841,0.89950359320397499
55.907484114960873,-0.45292593005878007,2.1078312902460272
57.009109895274506,1.6135014041380014,-0.4898001695855056
55.304594518905091,-0.65662100787011068,1.7017392265012801
56.788323128579741,1.7117787452574391,-0.1322060154978188
56.319039223233389,-1.412613750597614,-0.38824658724771294
56.246370568263337,1.635333077164614,0.46920738171942772
56.773968924044269,1.2711220451102465,-0.61307746686930331
56.225606517564707,0.071803716476540477,-1.2943294802587582
56.037727614877149,-1.144687966219085,-1.5781610084470155
56.926275505732981,1.3989506000836649,-1.3596842560763831
56.349254567906129,-0.1199627640843695,1.6310720323848666
56.258642234148475,1.4189504477678732,-0.78991588913110455
56.003570891037782,1.7205969659977394,1.0048901095721678
57.023466821345629,-0.15340197038283479,-1.6881881444837592
56.974074953872126,0.84435366894086405,1.5743246426238713
55.944091522727959,-1.1349598261876443,-1.1406957316011987
55.112255067182296,0.58841569481151734,-1.5550951554169672
56.139097617414812,-0.7656667318984699,1.0411327023563377
55.126782317937504,-0.15729966835780759,1.5686874592976994
56.409377709248311,-1.5222487827123889,0.34270753206562304
55.261338755964204,-1.5561401030831468,-0.44309440359688196
55.735938917168362,-1.2036299264058388,-0.38861410934293933
55.648498813639733,-2.3415934369520519,0.26235286338748653
55.473981291226451,0.44501404665743294,0.25069142299319647
56.481502160301325,-0.73852275225846264,1.6482290754163287
57.082288588533309,-1.4880075728048487,0.12897226350170582
56.246556304628996,1.4055163760914271,0.39284934758421358
57.103703504143596,1.0077447087296811,1.1342502119917539
56.732669089199817,0.57254602524783282,-1.5084585557225783
55.231647017732264,1.0526773409090784,-1.5928209498423196
56.323775253768709,1.9764151053258234,-1.2598804252906006
55.28741015034867,-1.0521992249706751,-1.4739929184627283
55.769751855466076,-1.3337431608514858,-0.95955345415905502
56.31432300428218,-1.5675457713174719,0.62700561032602131
56.490059028960474,-1.8781586368036012,0.36077796131638662
55.550763377280774,-1.5485693063101322,-1.8650355781574357
55.268947171286477,-1.2793061893927817,1.2688303110862131
56.605990411362349,1.5565823210784639,-1.188671536096342
56.60551461614272,0.1630577718377583,0.14549633413447988
56.448247365873335,0.14378952061011252,2.2353614265654138
55.377736677595202,2.6931995107368767,0.70782949796841022
56.076326167734159,-0.64549955860240305,1.0391015098707486
55.703123992916559,1.2952992648674408,-0.91819434085386775
56.328717108297106,1.6579510013072314,-1.1634331151527639
56.650097173518184,1.3915707742669281,-1.2116666470767632
56.458264471808057,-1.1421853878427624,2.0599587416831091
55.79348163946208,-1.0213738352556263,1.0479509494485058
57.017948103277007,-0.18280666470871243,1.7192142878613772
57.155087596768283,1.2200735647833636,1.4701943923012593
55.440784609372599,1.6897299828392767,-0.75640633799315915
56.152130978611197,-1.0429522185004039,1.4396509529932953
56.276492899048698,-0.82838049556818638,-1.6338580662510991
55.055398348852705,-0.15713290776356131,-1.9840519983319624
55.125600764996229,2.1658973974072353,0.31492716198174109
55.709043150267853,-0.709667644234381,1.9451006942124272
55.629773749747635,1.25490338962626,-0.72918899804318138
56.690795188273675,1.731550637325848,1.1205465745154455
55.247124031085534,1.5491317463285612,0.57064253812096843
55.368065730102693,-0.11658895234792029,1.5752773241686107
56.57190999191485,1.6373120033878661,0.14122178300254851
57.074318074964872,1.1128640786014083,1.1402492918956773
56.763620454096596,-0.87011239708512655,1.4377589882454949
55.876602333724414,1.8210939720019705,-0.56851405566775781
56.091374398767876,0.57149774847570056,1.828939169109121
56.935805070412023,-1.1130707400121125,-1.4331067429233548
55.31643547611413,1.1237979468130865,2.0945600738943444
56.808619146432868,0.38768700226166786,1.6823573490835639
55.071721132317762,1.1059785480570994,1.6908823938995463
56.320956484126619,-1.9917396887899401,-0.31549702641719302
56.532209995077707,-0.86094863794700982,-1.7133328256936591
55.619539481356014,-0.92742237107103287,1.542450514043106
56.883018537816206,-0.61531757295149125,-2.0266662784572151
57.133606895286221,-1.6950228471698525,-0.29928461457150818
56.745146396568707,0.023541472410933025,1.7501981942762346
56.310707645688346,-1.8276815582567683,1.9015844186447541
56.009624341983617,1.3429785224003432,-0.65758693199354656
55.948736358479259,-1.2963353390532488,1.2718508770330132
55.545638369015471,1.7629981908792014,1.9931423369309538
55.180332430374975,1.5200602219708004,-0.10074483577354713
55.288612485370948,1.7316455296105207,-0.28854775616826406
56.660987197322939,0.64469293996472021,1.5776613200198828
55.972732586324184,-1.6472589656298633,-0.2519264549073067
55.43269039228602,0.40653016585659435,-1.3032304630564915
56.612989654515367,-1.5387769086582708,0.19710070123810508
56.645469555014081,-0.81923540335375156,1.5697329133609013
55.729760448004541,1.3217962417578186,-0.93357505516051886
55.431458435402497,-1.2176489054607462,-0.0015297038488057242
56.329855071564559,-1.1455284498883056,-1.4321987655473474
56.896999104554183,1.2348252632722256,1.3800941398641942
56.612365397912392,-1.7052940077006422,-0.16878407951205437
56.86984732517827,0.803078360219877,-1.6996338783291538
55.52904167484153,1.5647977766292509,1.0608138194066679
55.617614553591245,0.80177862155182344,1.5723751272829245
55.227969227845875,1.8472449157321955,-1.0064623350316286
55.442886512023918,-1.8918890361257292,0.3116653190418362
56.075072334935093,-1.8079474219206804,0.9865921075494718
56.074539175303407,1.3453515943425416,0.97179144305276055
57.000707896213385,-1.1302213535690344,1.2963325460056494
56.885208182142456,1.3083517454308855,1.1322783450061658
56.790344558458926,1.6936265184819401,0.0071526693634526911
56.669928191807763,-1.2023369030201616,-1.6653588243076012
55.435711231796425,-2.3874083683998659,-0.85227306103432432
56.520883191602941,-1.5160420256129863,1.018651216555271
55.364930051559504,1.9491733611526914,-0.86522468351507265
56.77250613714866,1.0675132863229604,1.0357255260508478
55.924902224971547,-1.715737435330754,-0.55305377656525156
56.743125274653146,-1.4225441056880723,0.68358735052277642
55.78754034525371,1.5554741027148831,-0.17155579422464645
55.601020744595409,-1.2929513428057882,0.50621553642140316
56.836919720487025,-1.5513110618921047,-1.1987881746123763
55.961880043341885,-1.3539479312793363,0.56399489341111153
55.893648556928859,-3.1614806264552251,2.2149837065859219
55.27842357850998,-0.15718820512554688,-1.7931214603723427
55.807703256581242,-0.172080312109335,-1.2185930833414138
56.725237929694465,-2.9108418865835382,-0.44176207699742942
56.869096096937426,0.45711843267044078,-1.5445971468264339
55.721709300042626,-1.2180254789019278,-1.0985274774555305
56.446505357659689,1.7277688399391671,-0.9120221790312959
55.796218660223971,1.1102323543925625,-1.2999654765375273
55.548586258001855,1.321035776673765,1.3319412518342317
57.042747113081717,-1.8511320218976526,0.49736189342244141
55.683122171520509,-0.49326814689337939,-2.6491379217870179
55.670338002585702,-0.55414589794540448,-1.4972843597706254
56.414194527021401,-1.4021006830855147,-0.87849722752486858
54.97578457847893,-1.4163744870468336,0.46322857566567699
55.538898613548611,0.78405575022183693,1.064320912993828
56.90536327880492,-1.249382508209764,-0.21654886234869691
56.031502085887865,-0.34685677118496294,1.4903022484150048
57.136233524145759,-1.5795807880472401,0.2453392657220963
57.035151508513323,-0.57307619815074728,1.6019203440367296
56.761291571196153,0.79786209464668145,-1.8163701386396858
55.765813233822946,-0.012876088354107439,1.9016848527754033
56.05122077354654,-2.1392070045866607,0.38778784088259077
55.211249528983288,0.97822998838215958,-1.4637081581131797
56.470765956241443,0.512787083885622,1.9801118031655178
55.968856423490877,1.3421118364193969,0.69840138789063577
55.593014682052271,0.86699121694381853,1.4974531200809469
56.978048288033108,0.47655238454502508,1.4980640461344459
55.539120857867424,-0.9812291901030552,-1.2367633527626918
55.981017174941371,1.381830041061848,0.40916842378993351
56.456350079830969,1.5265316895611198,-0.12025655481119983
56.445631887852201,0.14584490219392865,2.021680825062707
55.558398986305761,-1.6389478487476645,0.16091286860356907
56.614606645459453,-1.2421499760333206,1.9200043106633113
55.927572464388284,-1.5409379007289599,-0.19469181130550894
57.013456062116369,-0.70107287849350608,-1.5370436449591747
56.24985221419503,-1.5958939698200834,0.10537335846224068
55.39913816903092,1.1869691277307441,-1.3062887875282094
56.828849190622165,0.55069437301866497,-1.6231937600804185
56.654319708443083,-1.5131124811280705,0.76278081160214528
55.213870340530768,1.2499838226018853,-0.48677450374112446
55.614693515139386,-1.4556178118822785,-0.29012469120539253
56.824880380194003,0.084051464159620462,-1.7172048659730668
55.586926320467875,-2.1986123951571428,-0.18050203539281937
56.002257188877451,-0.30227781515788688,1.5774570295794625
56.074924785162274,-1.4104019994308243,0.91076624256005212
55.845627629061518,1.7009247411579811,1.0679146007856664
55.914166278296847,-0.32049704809945745,-1.4279338886599484
57.195148231854127,-2.2032790709362495,0.11533326296601704
55.914760364897184,0.88023038921282637,-1.4578448268011945
55.303104081904181,1.2441675334590916,0.29210568863925984
55.506237610994972,1.2614624332151678,-0.27905598630310607
55.348647772888285,1.0951080917948026,-1.2202072080039592
55.99061059491649,2.0141546881006169,0.00036557810125991379
56.216477463646747,-1.1524828827291107,-0.77547064657047504
56.841707526763017,-0.55524121095770174,-1.433149270261997
55.144498059156163,0.67047122412128468,2.0228723431075557
55.516175565839852,1.0854477104976394,-1.0681821010727035
55.961754443096225,1.0440256007083182,-1.6639970628704688
55.450564284978121,-1.0553645493897201,1.0568208614645687
56.872573117816771,-0.82970886892519924,1.5288005277212264
55.984558207597949,1.3274474441409876,-1.6159402218872356
56.964079870709774,-1.8042954427298097,-0.0052660558752186948
56.950666108963162,1.6836934748326984,-0.90833042105578909
55.626461947331173,1.3016845606068184,-0.98903926580104828
55.894801899750618,-1.8300149900345197,1.5571439163976315
55.841201355683083,-1.4239594805749141,0.037951368365375333
56.679153346020684,0.28724221485443124,1.6220681580010292
57.007442892595051,2.1757258433673861,0.71369807900857019
56.911780559996792,-0.91563066833137152,-2.0922840677749117
55.926572506201957,-0.49401802362202302,-2.2575009851665544
55.120283047850471,1.6478967193158005,-0.64589702319830422
56.916540153679449,0.61034217533744128,1.8667820201503897
56.537674016472145,0.17395352025947508,-1.5863839921589402
55.878670716470204,-1.129696466150387,1.1533059349950137
55.133121809552343,0.16590928781039965,-1.6608191544298667
55.212825499301985,-1.5763065918383832,-0.11503261522807952
55.415451105932348,-1.1731381575809325,-1.609461795206115
56.101785997673353,1.3588087784229426,1.6042874080047405
57.164798671315637,0.77088281532647052,1.5509717232856863
56.500677857663298,-1.5181884540230448,0.64066785694435335
55.916106438396362,1.4966505751506998,-0.90884580430046069
56.216997092303913,-1.190953055726484,1.584058407292958
56.705655984938396,1.0218784360178446,-1.7804526524131057
56.894531535133829,1.4000271739285113,-0.16696247926761237
56.692760395370648,-0.44342897273531734,1.4035987128168372
56.148666083068072,1.0605395782942302,-1.5310199104952054
55.304215194715411,-1.1871439149658858,-1.0269638873075062
55.951129008889694,0.19059078288803014,1.5929743247829975
55.484953092697197,-1.4497474244436079,-1.1524310704037537
55.505384662926815,1.6753691411944716,-0.1128785818923999
55.962406735898206,-0.78729500583002832,-1.418518919117054
56.523731508625069,0.88426438023374576,-0.7909666913639718
56.935074421088963,1.5501728631939564,-0.25223471965507838
56.115873395118278,0.43077982932395881,1.7647040189777674
57.09720487351494,1.4500772443688441,-1.0261606021028484
56.401382201699718,-1.515470722856854,1.343390230470507
56.337467349164193,-0.53827530417932867,1.7710911729576415
56.890514129035253,-0.3030810501275597,1.3224802057706531
55.86823789687358,1.4277693532417177,0.94876611085754292
57.154475515431784,1.1687503657560341,-1.1566006878857034
56.011942546733259,-1.1071174732994591,0.72117937982634206
56.376097413955392,-1.2797472480847305,-1.468380718998183
56.713051231571761,1.6132056779949848,0.85626067271720152
55.584627377343061,1.7987918523773658,0.6732777181042704
56.363677115508253,-0.53173242717707025,-1.54533938918525
55.259297356749855,-1.3772109835427886,0.70881477508609148
55.468358526026215,1.4411167265147713,1.2068179296455461
55.503917098852419,0.65979166143148793,-1.6682188120413977
56.68271965788928,1.8037046012954203,-0.21505483493675043
56.62896601899692,0.51595276905217546,1.5791940373827567
56.60986332292984,1.4046401002806483,-0.92558104127337348
55.526474024315128,0.060042781702221548,2.0309967167853511
55.457724582722946,-0.39371184361297729,2.1168681301515249
55.375770374715387,-0.85999386566786817,1.3350819040108788
55.214562501808409,1.0762350034510446,1.0335590881938568
55.236803969793627,-0.63815169851961673,1.1811836112021339
57.087774398621512,-0.51613568479216698,1.2773123149292913
57.125116130471795,0.27098138276929667,1.5707449771911228
55.462522230252894,1.9578527091284863,1.0119900147101468
56.221527271690199,-0.08688555153065948,-2.0533714352636823
55.877009889006843,1.9640099489789231,0.70331813715469449
55.692604327161945,0.26803880846986128,1.6202588215099241
55.477265260296015,-0.03699247400279617,1.6031108454379579
55.23039655032963,2.1342015055355543,1.1915685785977661
55.424056567601603,2.3365774118615952,1.4056518961267435
54.95620275720664,-3.7758198668466232,-0.43141098954858048
56.563504597911638,-2.0812963973910859,0.070988625864102192
55.643087022780591,1.550857078647889,-0.82169568592339393
56.351520765849045,-1.7445072195013918,0.083333245527837399
55.637743718135859,1.1146457480791943,1.5974278605880596
55.685912592823861,-1.6296618677203232,0.95834192383290695
55.259049106964241,0.52118976480554391,-1.440599180668952
55.380297698082977,-0.23641579040258498,-1.7695351901555805
56.395552757357763,-1.2549647065618277,0.055486634567378623
56.652152071453017,1.2263468391937313,1.1586745197580097
55.765482190385207,1.7612448006778696,-1.0887711478224464
55.534112815672671,0.88707111899979585,-0.80415033512304934
55.530555266812932,1.8540995779848293,0.22420755421740182
56.047259806383337,1.0567778436250455,-1.4463573084365309
56.974263256392106,1.8614859344358132,0.025187025145825156
55.909898687965551,-1.0388103726526858,-0.20334649409155961
55.466795013197526,-0.056525723268152445,-1.6512462935866656
55.764133743099428,2.5341049063440964,0.15273025856286115
55.53839046353383,-1.7614804466689571,-0.19672176616774256
55.501420729378147,-1.9333894949331638,-1.0191475558622389
57.080980783291253,0.94104809319538074,-0.96566214272280726
56.605773419698352,1.3944628348862302,-1.1643967888421409
57.03607292711731,-0.67967478178257323,-1.6240887506397972
55.862525586387434,-1.6680076476416186,0.21467287993654385
55.935740510804635,1.1325932919117792,-0.18926668377300193
57.062018607887318,-1.9548478294184626,-0.24434603042863418
55.408568886898635,1.7976208233184803,0.31240268592913395
55.729901540683301,-0.83899544290803718,0.74410060884923035
55.727222324780826,0.38683286110602505,-1.7924928288203543
56.284780843175945,-1.6341729612684799,0.40451408967934727
55.325151716316853,-1.4177206893188565,1.3758404888038334
56.425829399697761,0.51865389846844523,-1.7058052053596393
55.924456378317366,-1.5398810082788013,0.95136491173943283
56.272417150289911,-0.35779832298401637,1.9704337925352011
56.430950163813492,-0.62617972203200845,-2.3145345228759902
56.953935531439477,1.5076112067243224,-0.39310401045553178
56.550064210670989,1.3690127914509602,-1.0518877538442162
55.769211014193559,0.63654177416571933,1.6401729606953044
56.242080233786389,0.87293203303799261,-1.02443121359587
55.851116065190588,-0.46857515238979097,2.2080895163993599
55.449482671330848,1.6682509670073302,0.40578889641068694
56.495720537580219,-1.8327228974928076,0.19846935459290291
56.885199352851423,1.0985365017592419,1.3790797574940319
56.282464438588029,1.1308498027106364,-0.48094858538224572
56.932778988695809,0.076512310059780347,-1.5658347403179103
56.55957059960997,-1.0653819965274385,-1.6010670190609366
55.9196891651412,-0.36677121801295309,1.7594210152953682
56.479912467507056,0.052713599194088238,1.817361297758463
55.154523864407636,-1.3757763854719813,-1.8683858712730408
55.618324394959956,1.5640511338715899,0.35236650925590857
56.260168377535251,1.2044563257985352,1.4107952186010437
55.789169410862833,-1.9244861319822324,0.27382891911007134
56.963330647320532,-0.2227970532898482,-1.4134478440683649
55.24716052634853,-1.4107962465355588,1.5374405668827777
56.444174532563615,1.3320019747699832,1.0009674097173868
56.997961652851622,1.667776158555307,0.041973810180434383
55.372656792719731,-1.5262605200579631,-0.43717449564852512
56.481160258855603,-0.089760947434694663,1.8320866471199484
55.462849740729858,0.91277956003299621,-1.6519563528089478
55.669942520749963,-0.53519391090761292,1.66446530986634
56.819330679543945,-1.743677207767327,0.66648929502417387
56.380701104316159,-0.58723912520753596,-1.6840851620999437
56.911601602116889,0.070791556460311045,-1.6878347584576794
55.42086623545039,0.64083404396023769,-0.39196682725610815
56.336231372812854,1.5009279287504727,1.2664576076773193
56.178972451192791,-0.28651734547029484,1.9728139671408773
56.863613754681644,-1.5948287486336143,0.54696733314847412
56.143552672743553,-0.76804269729938413,-1.3624227999662377
57.108973992648934,0.023399672043785288,-1.3096536625426614
55.235851590226368,-0.75483900305104257,-1.6051815940626544
56.645685842470073,-1.9931993404396697,0.097167713007169657
56.767412433196228,-1.6132134209955418,-0.82792994131844089
56.530952004226961,-0.26110860778509648,-1.960375406790748
55.605380698983858,-1.3635067885595551,1.1610979412194051
55.835157236687863,0.27166886422102288,-2.3078390513777229
55.350483420671885,1.4101454312205117,-0.94235669108164122
56.551900644592664,-1.5207404035378032,1.4055993757639225
57.084967460356474,0.50546090507667063,1.6299914416665457
56.244784921092986,-2.2122207151313371,-0.53030936402958806
56.955753933946369,-0.85732005217817531,-1.7335124268387392
56.715415526478672,-1.3347592043775074,0.77267057636286729
57.053467073166452,-1.3557823849824944,2.0079385883987144
56.54270342143689,2.0677716411255274,0.32229381555526226
56.923823617355211,-0.51777526831407406,1.591409422682033
56.445466169488995,-1.7654138017767476,-0.0079748614011810031
55.987448321131048,-1.1808430508557024,1.3219712688963401
55.890071261550787,-1.2474425974793188,0.98991458169447788
55.641034313148005,-1.3620113784372596,-1.5231865083081719
56.89657365352646,-1.4519594889766596,-0.82170628096628329
56.31203654534832,-2.3819277387999063,-1.4301761549956273
55.210895627558983,1.7811638564490719,0.36609981654214535
56.45032886998068,0.14676057539284265,1.8814953304209869
57.04731101632715,-1.3382623870961678,-1.4874287222852642
56.385607961723814,-1.7036451863264206,1.3574475483211892
56.339802845506952,1.3371926381087662,1.5436705990214277
56.124268765435609,-0.78883677328274004,-0.92240721386459168
56.432574826069725,1.6751030198016981,-0.076560208363990273
55.929301230114298,1.7851916535307244,0.03194089853048631
56.131223675437703,-0.24191882545870305,-1.7332245294599595
56.083579936726551,-1.0849933677564738,-1.0071806000694625
56.028439393507512,1.3339763309161998,1.3565851083175007
56.194285918031049,1.3998236199160781,0.87567819955950543
57.11030472356876,1.373679644965498,-0.3011567475932278
55.406106109043883,1.6435687571755995,-0.20585625701595597
56.941526691362476,1.7429643847748844,-0.0079346092304633346
55.768385779731929,-0.39833659976805552,-1.9843963411270522
55.710891819366637,1.6286263946314123,-0.70750826945284018
55.421385040481184,1.6433855552569383,0.77443267699395135
56.563977797186872,1.1721821630045157,-0.91918753969511435
55.282300807150257,1.6160110151646883,-0.93035045149156204
55.354932293306724,-1.4568793263897235,-0.67133492787102622
55.998164649448029,-1.8103875105293445,0.0050315891996429449
55.602399392771517,-1.3878298220297409,0.96746391855239011
55.352223293391951,-1.1465411823160994,-1.3988246904973218
56.787892687195637,-0.098854650505098354,-1.4530369181685516
56.725795610831234,0.0076492326722221865,1.8126641290961063
56.213608307073095,-1.4566952651429947,-0.85056508942622777
56.747853935051417,0.85099165852345093,1.611515039985584
56.837350151716173,-0.99040102697576948,1.5626489569208595
56.779137375566854,0.015379894431189667,1.419655840537307
55.957781521700731,1.6108100913799936,1.29801052156499
55.29457913674009,0.42663451828953924,-1.6556430571108416
55.492093662702231,-0.86607418341708131,-1.4674848763512018
55.953490663640963,-1.7185958059039799,-0.081127594104684786
57.14488731651057,2.1366726789419177,-0.22728306622617539
55.222441449181076,0.71455890364423957,2.2383481273567298
56.196412670832039,2.0032285945484847,0.40286172636848833
55.432357049691518,1.7131708006135795,-1.1603586491464943
55.596913069509455,-2.0105704374779485,-1.2236578667824112
55.556370729384014,-1.4295189768139378,1.0424901247868332
56.028684053609702,1.3190901358229028,0.90351101918284149
55.679904804783966,-1.0652708097207395,-1.2460897897442069
55.20403013230851,0.83873916348861277,-1.0954452255838862
56.896938751460944,0.76584105166261729,1.4971546855160851
55.539058956403444,0.95949437881315391,0.86241292213580001
55.996003549993254,-1.4927720599524936,0.52219516077697581
55.675932025856227,-2.0280657486081921,0.48581336174548445
57.182835430600292,1.5678639138444606,0.59071560463456307
55.958723726826612,1.9685870783802393,-0.020436726072249188
56.934114934969394,-1.209307690259332,1.4048862575646199
56.687453331135821,-0.24071458458539977,-1.5781756257676982
55.725555203810508,0.63482911475588588,-1.8345384482849676
55.442532481841418,-1.3846471841853376,0.87725734004329126
56.739045466615934,-0.064663914094299946,-1.8209369485723368
56.745372293685755,0.034735417417567006,2.2928855773989016
55.636151999222733,1.2295522427259691,0.89875322910490041
55.998413870577458,-1.8034472256926588,0.21381554589484544
55.892212155595921,0.40700299028828918,-2.020694116778571
56.121728848249134,-0.61347751689833441,-1.4558348872399476
56.640581819329434,-0.21880449665924556,-1.9805441695645616
57.050293883491079,-0.87329987749238525,1.7281484527487716
56.614769330691288,-1.4851222047323223,0.39535459530760608
56.158362831412944,-1.8378151407414878,-0.36306730055776804
56.671996577505695,1.6477363638136424,-0.62170495338151954
55.540207310009023,-1.5935077067830006,-0.83561981685652142
55.902527179271594,1.7656519698697444,-0.6433118131552461
56.895704244526151,-0.69929994053122213,1.1857392727459091
56.897865308203322,-1.8485283989944943,-0.2081030610278114
55.663945622792944,1.1652119410555677,-1.3880583342672275
56.550395102389245,-0.54998863986773971,-1.2368451888441527
56.791650159825707,1.6243273154486411,-0.64928668243428433
56.236828791082239,1.4604419583257717,-0.70978760752578784
56.496615894833553,0.83730564034828581,1.4480366002851854
55.945226848803578,-1.6426472433126413,0.56040554909931162
55.376706760411345,-1.3828777990873318,-1.1219900449723132
55.352600428518592,-1.8447311853160884,-0.17982715704550575
55.248575252190221,0.26483721741601945,-1.4263286529265922
55.326378381000708,0.15177000277066802,-1.7528162675298764
56.916407985371997,1.2377266436638761,1.461862241654968
55.266877612678229,2.2153779952369277,-0.35596451716705962
57.015246137689793,-0.036345313035786538,1.9564698713760726
56.293484639008788,-1.8380903052315107,-0.89153767685840613
56.576478749863455,-1.6093987749032808,0.59136648129624292
56.891669201548979,1.6823633230013084,0.55875867019993242
55.530700246424686,-0.41693966729610837,-1.6244628062095658
56.120859310742993,0.29587996474290013,-1.6239606580714356
57.111851113187534,1.471565302773056,0.64297536604795202
55.833613028278357,2.0841779025534493,0.24500595107868867
55.8496980455566,0.58865560284570906,-0.82019160360957344
56.959813235153433,0.045237432650904477,1.6965100449965476
55.652006352030121,-1.3163063357934848,-0.97162887341866444
55.629015403296698,-1.3728629263338377,-0.15691102134806581
56.841215160695171,-1.972808850146992,-0.69311268184797115
56.935907493597206,1.2288342247189163,-1.1753874512503435
55.929565886647715,-0.40777404095047981,-0.77766754530331128
56.326552744401432,1.4718160105936176,0.10204755508526259
56.652895186158382,1.2520168401988045,-1.4012895759483541
56.425856408834505,-0.33678688517784855,1.7661464802940925
56.978853571029155,-0.14534977087989151,-1.3963574376048165
56.620337460172003,-1.7482811975208328,-0.13762130066308137
56.643728106490485,1.7367105255666575,-0.44622873200645247
56.129687302443465,-0.23493050176958136,-1.5248168714266166
55.743642437559622,-0.057741151317379127,1.76839705016126
56.648692093816983,0.27858406164158245,-1.8736654909734165
56.482087563797478,1.6414311005121522,-0.06094969816315058
55.518419422685753,2.0744109360518124,0.38059559564223872
56.587823011951379,-1.6502908450403007,-0.87691348395381008
55.787877331855057,-0.43303394979614435,1.9734585000430687
56.288265478640589,-1.5856091067697919,-0.087036659532028576
56.893484579397047,1.7048970222964963,-0.44324796207525602
56.895461166654201,1.5993165074188593,-0.21560001887975666
56.558414453472061,-0.6455551199462336,-1.5536715120951818
56.637796287612971,1.7339961432875355,-0.60485928839784442
55.303957015053342,1.8707916424399138,0.093711355239646535
56.28373545527274,-0.80324550690777807,-0.74565060515992632
56.096071947663368,1.5337334605535744,1.502008989352311
56.360286065911751,-1.1319041066257867,-1.3924019794239464
55.807262797176648,-0.22576721727149188,-2.0679868372206736
55.43857033350767,-0.061027638147199949,1.6818649730275681
56.526063882276659,-0.85509262089338478,-0.86266843129126369
55.106311581830099,1.7932410922817983,-0.02313073198597514
55.54589620728327,0.51021018500011861,-1.6908209398391154
57.034150440629062,1.0656474097199022,-1.0512714161626433
55.160460029252484,-1.6996042239773166,-0.60731915320568153
56.921996138570002,1.4417689733455383,-0.99363209219402493
56.640484868950772,-1.6449634178176746,0.36715876953439436
55.546537360289634,1.6412800410151129,-0.13050104886669325
56.192204428813483,1.9162437887499293,0.16313519738912602
56.9641352662928,-1.0655206784348068,1.5491870178927436
57.107182363270461,0.021990623712091612,-1.7278526385469566
55.429576411616445,-1.54188654277717,0.017414050366805999
56.650043007314345,0.72515280894792267,-1.0205621178615081
55.679246256056132,2.5246508181994955,-0.32933500603888716
56.855485472640723,1.4395114059916951,0.85951651391538897
56.955501816715525,1.5218985513851375,-0.79629081562031911
57.149353842332474,1.2999206791576885,-1.6770235064009491
56.062009103055594,1.3029326740344152,-1.4309796029365618
56.82854040261752,0.47204480517535552,-2.0388806856406312
56.59073102124956,1.8167968260965563,-0.47530901897143807
56.374218703190756,-1.4723402570047699,1.5674716344387334
56.425832411834257,0.0089460046279499633,-1.772659749979083
56.940688275604195,0.26068685944146197,-1.856229340842092
56.884396663136663,0.10599360222738886,-1.5943450144525897
56.542545458749153,2.1052753993783173,-0.21898672906758856
55.978792888053448,-1.5609904701542998,-1.9014003082403219
56.741947741046083,0.69352069712005937,1.7801745298060041
56.390943579685427,0.66347657639074631,-1.4940073731156758
55.492964347301076,1.3281200311075445,-1.4115907628090834
56.902512654967857,0.9989851184113967,-1.3662175907660701
55.372122560014546,1.2705973524193546,-1.0486866822136236
55.934405976504422,1.4213854956477279,-1.0985995267204764
56.481592234034693,-0.2421723561098606,-1.9737009740030989
55.489149449046117,-0.34573026857666278,-1.5164966319920072
56.417182545517328,0.68530872150820044,-1.4174943624347893
56.356790452717192,1.2538616542893026,-1.4174835703860049
55.841851622459117,-0.97589070958175261,0.19146412299253143
55.651102075182408,-1.4496122110850997,0.68774826700149416
55.235448821620999,-0.54068290046891487,1.5068011191895865
56.029396953925627,1.3621324449679264,-0.92358818253740727
56.811667412546605,-0.098013027040285763,1.8402567399817178
55.41494889247587,-1.7708375647584911,-0.67603651803585385
55.623045256427055,1.3464326599063792,-1.0240162422673467
56.306469692607536,-1.0398553515439881,1.367909967275468
55.850361383159921,-0.63494809568531541,1.5755137590381347
56.58696748193357,0.41820431417116338,-1.8950694110771149
56.464205682613809,-1.4062986332046985,0.78803948661663303
55.485604520230275,-0.35625203270383743,1.368493646801465
56.332403442321855,0.63668085189615631,1.7391798929634761
56.159724087681738,-0.82960935605904618,-1.3639126443271468
55.644568136497789,-0.41923663483381213,-2.0441331978286152
56.606991290742997,1.6965804588552909,-0.90098095499796949
57.093154446052289,1.4634985321670708,-0.42718880395078246
56.12264831507656,-1.6660714276437021,-0.083488701168275919
57.198754794614125,-1.0235458017054873,-0.98639012304668772
56.256642140683127,-1.8500326571453545,0.10061842784960266
56.776134547547883,0.68413467910545356,-1.6254622880640546
55.361875458044544,1.7289241508137794,0.059741689052487772
56.604468887085282,1.6015568400149107,-0.82010121895232579
55.712500237749644,-1.4133651100250568,-0.97212999273059997
56.686906424299217,-0.24262848770809251,1.8097026103049894
56.568936116209834,-1.7651949561056377,0.59314698610395966
55.701879979180312,-1.6286864277090434,0.98585776749510723
56.24705975101125,-0.83322036401777821,-1.2808462455273588
56.249299198518138,-1.4983567148550425,0.30400778384851862
56.732817731887216,0.75158372463374956,1.0090417259799334
56.959054963334928,0.090402565655108333,1.9034402650289555
56.884918998727606,-0.85277189998671254,-1.8201046522200905
56.434466476013483,1.3863358164434596,-0.41735731902668616
56.318776234720417,0.032111775992225117,-1.598319819886632
57.212109337257885,-0.59360026569101476,1.1126875973852
55.240423534847665,-0.75910473168060577,1.7333049408737158
55.501640892737669,2.2879414044093926,0.4344752361502186
56.424315548253389,-1.5773949532445601,0.58537724124725143
55.50038071060311,-0.65138586983373659,1.7316164514781547
56.371551016703648,1.6147582996659662,-0.37683139270183069
56.647709595949628,1.5132544954055367,-0.15067127263467833
57.016341494919267,-0.7562888413996236,1.7192908687306259
56.556490424081971,-1.645670856121072,-0.3774258889651611
55.600033373264985,0.56889679965093209,1.9897699555847697
55.355724909662776,1.3452334116873053,1.380587676351428
55.249447944961425,1.0396774394380226,1.3438830644387274
56.901316398953533,0.61247339485899144,2.0465805530747092
55.168142637788108,-1.1723836473984088,-0.025949399947769614
56.33994114258838,1.6480257535318468,0.36338460003075485
55.529052492674708,-1.4005560878965848,-1.1288045889258422
56.807447271489679,-2.3473393337069921,0.21484681320010651
55.626759222094911,-0.16457960556883139,-1.6208709095554168
55.226640047933536,1.1822599721371401,0.36280086135650153
56.555872893720327,0.0027629416732708155,1.637186778556069
55.474425505392581,0.14436940409780538,1.3460176618532838
56.093719730583025,-0.30278380891226736,-0.034785357281955476
55.888741660018262,1.4714415230874867,-1.0590751988057812
55.654184305181374,1.3306988988953838,-0.04410075882142455
56.411886710295128,0.24438149406436677,-1.848574139689718
56.907287470346517,0.19164667671833754,-1.3536908272327373
55.532502729417153,-1.8429255199711343,0.15709235836031296
55.403505144447635,0.22114042062827785,-1.5708504941284687
56.551197808613303,1.3932127806598216,0.49618797564377104
56.35325987885404,1.7640154116627282,0.080736013628732228
56.455825562504131,-1.6707847207306528,-0.42180001267620731
55.638045407824912,0.97489376974164299,-1.8463393491426097
56.395374170828823,-1.0338552942126462,0.60702547148752184
56.615383292618851,-0.041393003164427379,-1.9660603385240545
55.645368446767613,-1.4392272834092694,-1.2892881618526413
56.783296980252622,1.6930600011744752,1.0015381507066288
56.494719248891897,1.8003145349512157,-0.56384342251434783
56.290034619259259,1.1397712004654024,0.83413904355200796
56.118628172811533,-0.691895128775317,-1.5024636771417932
55.907431635497439,-1.1803741410929058,-1.4547117978478201
56.563078697972578,0.073309792859485037,-1.283493978710611
56.592953938584579,0.1043574182882363,1.6381790992347733
55.870536030454112,1.5357937955193699,0.3043676118175711
56.44716953901932,0.95951429227089435,1.4170924365927546
55.866482404007257,0.31655772603065008,-1.9670792416644267
56.651990053023468,-1.102385738852897,1.1292386915147044
56.185028353940645,1.3064505977448155,-0.71245147404382114
56.452642688462618,1.8902146347164461,-0.10843367897654382
55.291100392769899,-1.9264153805820174,0.78215117321733973
56.393259305334944,-1.2192963820075435,-1.4332507003347359
55.628415346972325,0.03217218003687268,1.3294697899370158
56.425086854379636,-1.5535860074862242,0.61234012791373904
56.358880290811072,1.0497482157384255,1.4171235988345734
56.680519837692714,-0.28733797966904584,1.8659873418055348
55.37824722192282,1.1633874477097161,1.1825678261340256
57.090701932969395,1.7270000726416084,-0.10224278237388285
55.238513202511996,0.93706123737738856,1.010903516875389
56.068242335535018,-0.45601855481193426,-1.6983989091997636
56.797397160606629,-1.3004078569330781,0.44882413919948061
56.128401929948303,-1.5658780832591161,0.32780936057277404
56.626425612279995,0.27243120736870302,2.0348848611660522
56.07519070014493,-0.1398497972387073,1.6622890624696445
56.411325470823051,-1.8173789922129155,1.0281434820862105
55.946013085296563,-2.2002498352668995,-0.44654020487592572
55.880945239107888,1.3134157864939948,-1.1497776534395137
57.06355782430294,-0.42928605040670464,-1.6522208865032655
56.063053166361023,1.8298958968569567,-0.14179097663872478
55.528913026770695,0.17674098802026064,-1.4049206248387049
56.953056441337885,-0.094967646830270633,1.3847432555946975
56.637793039523267,1.0420820553810122,1.5512821557990299
55.758936864906509,1.0544075938753288,-1.1127845716516216
56.143286610864592,-1.1470137391079491,-1.2001836355468951
55.181774670184971,1.3815431172925876,0.034768433087918466
56.473758255079041,-1.2477518805324435,-1.4271233278332907
56.242917703893795,-1.6202187597703397,1.1505688254924302
55.237116236588179,0.33081088143451243,1.1828607927258239
56.313255773558538,-2.1973079541838625,0.36860111180890609
55.629053328927021,-1.6053102254005265,0.4974103689795038
57.008118588419755,1.1957046676548049,-0.98097173268099624
56.782236854800509,-1.52568930821972,-0.4752515058247872
55.74760587653865,1.4134105983528342,0.46994158106553729
56.720046139002555,2.0468516539082477,0.96518516172439472
55.760308795790102,1.5762416100507992,0.80488943690901937
55.792993136312951,0.37547441464197262,-2.0354771601388131
55.322625876763965,0.59564879254182101,-1.668456682635693
55.867317850639083,0.66826269835126328,1.7619838169603488
56.83187598451422,-1.7648923525945541,-0.0011823852476688485
56.799051828337277,-0.66711897139760101,-1.5559504677288694
56.574831010002192,2.1364448707249757,0.051166427029488815
56.3343596216272,0.87012294221327946,1.6210559917197438
55.902357533447471,-1.1691092215341343,-1.2508423663142789
55.851660764735414,1.8956216582298042,0.91828364954667596
55.592983344484686,-0.18807097425225275,-1.4374252696812566
55.855825320838321,1.4818596612576882,-0.17923938297347383
56.824019193856543,-0.48244307352726845,-1.8166162785639721
56.743455288382556,2.125635003599526,0.092322946466275646
56.205927588314054,-0.6200989739888465,-1.6647588468899288
56.007344262589932,1.9801151066293528,0.022770484127498582
56.014105604561657,-1.5242343700951808,1.003275926569968
56.48458208249879,-1.0321161153192051,1.1620646412415496
56.988550744065144,-1.094561966518292,-0.88363420801503845
55.576374569479903,-0.36520832520769991,1.9899121248225062
55.771463853859409,-0.74800787786150558,1.6937835501938929
55.812280475940099,2.451651979074768,0.48524735535215741
55.533120130027747,1.3032603938189444,-1.3462058820258134
56.698421916877088,-0.80278259818652764,-1.3057657437304533
55.337192820865937,0.30687583899132437,-2.0253649346010798
56.335540149167635,1.7555502285974092,1.0535807239668
56.101681358778308,-1.8317048685647517,-0.53139138395693597
56.567605423121115,-1.6925586526892851,-0.38206834856386529
56.378030994195228,-0.5243997555682387,-1.6319015413057418
56.247785567283749,-0.22952346633340817,1.951103889120182
56.063173638514236,-0.17324070426992205,1.2086361982862244
56.785731883664639,-1.4751783440636235,1.1473097789193232
56.070354012211396,1.3891355739101574,1.7884307500176144
57.13666690098075,0.41171695768090782,1.6701389790380219
56.916193200753973,1.7696430932528324,0.48941513223768085
56.780312179296253,1.1558909722167534,1.5867852632942012
56.156723336551764,-1.5444636965698939,0.65977393352578884
57.26413895820879,1.4750485686132964,-0.99198456090654885
56.198954794686813,0.86844224510636359,0.99019471817654781
55.414626524945767,1.702022251125076,0.86928749874207212
55.55646575580316,2.0464014133716333,0.34462583127309315
57.136218033703869,-1.6903363657739514,0.51001577102490592
56.54973665690634,-0.68565815130630603,-1.9878821690335666
55.770850211336239,0.99667407589636836,-1.7765300108992297
56.441080627589294,0.00076929666827721659,-1.8665819510111605
55.26259691840373,0.71890834402326698,-1.6974753587472744
56.818003137612784,-0.94424089239733267,-1.5857731753392079
56.080881597225591,-0.90281244155812246,2.0708629999428778
56.958985272934299,-1.6916217980436092,0.86552450999917618
56.986068030834645,-1.3098423389613036,-1.7978726014778832
56.933435270381494,-0.87484756576961076,-1.4118590417051464
56.829288696605431,1.3487742556502149,1.1086713334803784
56.112387471312559,0.7876672866442479,-1.5104522632619068
57.078206520847203,-1.3830426788315981,-0.4739727536580261
56.005961049266354,1.379776707309073,-1.513120051604673
56.644911523311883,0.9910844564002097,-1.2668254330982287
56.916435146867464,1.450781607085049,0.91943519644942295
56.525398833509541,-1.2377364250547729,-0.73864458964849189
57.080411944038353,1.8786764956564186,-0.80963050054281982
55.499905933599692,-2.0492121293397396,-0.41189544833151515
57.233245611321536,-1.2522673859885338,-1.4120916196815219
55.604910328153501,1.2018530269457033,-1.2601186616390576
55.80011178933519,-0.6689199663463371,-1.7525982800614643
55.317529351093967,-0.65504878757651297,2.552345448454183
55.274218645606098,-0.070044536224595944,-1.7433322196223693
56.72944314043842,-0.73127865253548552,1.1939035847234301
56.060215024365597,-2.1731841519300836,0.28879260463617001
55.613855811538791,1.8355626558576676,0.51650922270875188
57.007743297734045,-0.65578637895673786,-1.450567561810308
55.795158295490751,-0.13079761526924996,1.8786484330063824
56.314016439913139,0.83780690000603952,1.4235539697455266
56.774161410003458,1.3792989636228452,1.0298969495848909
55.578488413799313,-1.7705368869752329,0.47472471219132956
55.847289690252786,-0.44384337226373732,1.7491179802317987
55.378205877472958,-1.5198545013731259,0.37210532988666101
56.698308205636138,0.97601415955994586,-1.331616861117334
56.64238649717695,0.87282036168112742,-1.7011400191688564
56.010107570144079,0.88367083336067742,-1.2051109702297065
56.668669914693027,-1.7424820855720149,-0.42914651338628806
56.533611958738938,-1.9348907351634883,-0.088376123348074487
56.405053277391275,-0.71693374395332932,-1.7105327426562051
56.088372266877123,-0.31827143355714277,-2.0753998887036866
55.398064587726317,1.7743645279547791,-0.30044302675770079
55.258941224146078,-1.9696519801834196,0.5676799189372409
55.50325791735871,2.077248999854532,1.461004262129743
55.653710631404252,0.95704270829523919,1.0705881361845544
55.999841178065644,1.1838821086930889,-0.95637954146305271
57.007967409687353,2.0606827379883281,0.13957469110690962
56.483106632244301,1.3612983916827113,1.4628227473228119
55.145769301312825,2.2477868965104846,-1.1400485029951477
55.417299009175892,0.18826579002317853,1.8099070328499931
57.087075613226304,-1.5180726498619754,-0.62663951109322469
55.309800227495579,0.85751490993660406,-1.4096061121399315
56.678185492431048,-1.2086916142418045,-1.3502687489641791
55.931480229961522,-1.0811464976777974,-1.4612176200817271
57.058681688821267,1.5186408936595217,1.0001674858945078
55.367647116514334,1.2739039914450188,-1.8881782597519616
55.789415269955541,-0.48941317303868526,-2.4725662879644776
56.850586158449573,0.012190188631311742,1.2331615127972744
55.431770126453259,-1.1218954787261886,-1.2589550039529975
55.348433339346819,0.49256203014860506,1.5440364980803192
56.624293684153862,0.66933262699212615,1.5283696288403912
56.730302501325973,-1.1988992122707189,0.5089574588146889
55.816546843672867,-0.60367257132470786,1.3465114303652101
55.969659884152698,-0.72147371395782234,1.7801794468295993
55.354887359689876,-0.77093207733614033,0.8733256636665776
55.779694618671293,1.1049651991848204,-1.7320664875500187
55.265819105988356,1.7709366821780927,1.1477604348085042
56.712613366842795,-1.2900638937015325,1.0255699457208773
55.260664072600882,-1.4355889834918207,0.89185880712998056
56.460182327643111,0.32183915541401892,-1.4355963882290783
56.144040498285406,-1.6233358645968088,-0.95148786073913083
55.659877831941316,0.60391466146111161,-1.4406747001335789
55.512093777555293,-0.20737219718386718,-1.8139456893864654
56.406778689964568,-0.57887867406410387,-1.4555485131087065
55.430086601288636,-0.038326298534590145,2.0106501129728724
55.300064045419902,-1.5906331067416184,1.3057497055118914
56.009215183403839,-0.31801629002353038,1.5455636932383157
57.092383619574349,0.10300419259238049,1.6352282485429994
55.543554813975419,0.61326445118922535,-1.5080164634008255
55.563707835687403,-1.9478018148108172,-1.8262204944423552
56.792526509915227,-0.7532128514644586,1.5336374368278751
56.232710634707786,5.6350440234444266,1.3932588683384228
55.580467628313151,1.3916471349351263,0.28759383264422894
55.564592962755604,1.1482262311118328,1.4631922567637765
56.786752783903587,-1.8126318575970404,-0.63013716811500919
56.858348799350729,-2.6057717025502649,2.7604569017298028
55.977843139007419,-0.21694115611139775,-1.734659284550303
57.156165333574144,0.26536312555459601,2.1402915708258399
55.185136330639359,1.4536301506719715,0.28001260838136688
56.156637428283112,1.5594381111242264,0.94100843022041947
56.841964187978128,1.4029237211983967,0.54590522668574071
55.339940565848622,0.88300860618238519,-1.7989229883443414
56.558059941652907,-1.5449133259007357,1.0378362389728255
55.565665363521305,-1.720850527331296,-0.14046881886282384
55.877923915388187,-0.41210571003870344,1.2520039448411306
56.37457934695837,0.079561964213932232,1.8182232964814864
56.60735198721639,0.69742712340211088,-1.8135374755048872
57.186612456340427,-1.7500934721284316,-0.76014529739484049
55.597922890046547,1.2638051580208645,-1.7339798446300256
56.936033161901427,-0.81955087807104821,1.2411468091736217
57.065554128924624,1.583936657627014,0.65980127397541033
56.673375181376905,-1.286582181887399,-0.52556931605583868
56.794355415078648,-1.7019389811625611,0.55510078222095205
56.974614942443324,-1.7238834637636489,-0.15549082571213224
55.836816016059949,1.2283105696942929,1.1167565671042652
56.417202540493179,2.0362480332409483,0.37346419695756561
56.600606178878593,-0.6937164022950989,1.9005238334540999
55.623101333473819,-1.9744488593929623,-0.054230631504265957
55.216282517296897,1.931648818340971,0.37743416998032986
56.777936843141148,-1.2126959508123261,-1.6095725925923972
55.764357800778441,0.38824728699753697,1.7062728023957359
55.55941417352733,1.6965372972256614,0.32047393301495114
56.899915948217718,1.520353260222739,0.91515532790449539
57.033574280094683,-1.3480897686994366,1.259103788745138
55.891294343310648,0.35270859929789683,1.5142138548083259
56.378466718428697,-0.56740364156302847,-2.0123727072263424
55.320654475044272,-2.1606297587633674,0.43094650942671114
55.555309722308195,-1.3294384834140629,0.25911812656332067
56.019591601039942,-1.8018367417424501,-0.069474955994721699
55.857611806415001,1.5079363077653967,1.257070324053128
55.335313596116663,0.032015802354493597,2.2216702198186087
56.66503738843349,1.2118389655678479,-0.84419252954094659
55.377511546906867,1.5260843946221823,0.87254276248604223
56.99475220779189,-1.4121164937490454,1.0076862599053285
56.46215514306747,-0.65926389999890334,1.4789569226534363
57.024335500720632,0.26455268206194227,2.0335762799163968
55.658581998519907,-1.5705440634403598,0.28016967492531336
56.203489671814708,0.4807239318916055,-1.627572031972587
56.999871274552383,-1.3905781773368315,1.2254039599768634
56.722340721250021,1.3460068351743477,-0.4050490428286036
56.547996053607129,-1.5707932111539786,-0.42778221729910404
56.740835440683497,1.2647698806871288,-1.3223707442805734
55.405490573948832,-1.0702433091165586,-1.8062867114530863
55.598060216851998,1.8372884331444173,0.1117900428382661
55.807583398015822,0.70895564771098529,-1.4000652336907853
56.209440402375122,1.5619330885596276,-1.3003693617798424
55.935785682838116,2.0763265384169016,0.48163259413154041
56.211849872381869,1.1243474656467585,-0.63282813026867402
55.77937313639525,-1.0528337028882819,-1.4843681019367081
56.962240697370021,2.0239113423528057,-0.11319388623682712
55.158202955456858,-1.5757735076547625,-0.81328246564121154
56.543854020967771,-1.7855203495414653,0.93496924351068267
56.178800032867187,-1.4675301332907111,-1.1398608312098637
56.154303110615245,-1.7991615032380857,0.50557192850071231
55.884167741243239,0.45289758579118805,1.9007839875156629
56.015552643656122,2.2662981525430066,-0.16265965707657298
56.193749396687302,1.5641794290115436,0.17128161975366693
55.801301579365578,-1.2261929694927791,1.2993378949518641
55.609616176015471,-0.86824077048670489,1.2409675957979001
57.095268786072502,1.8306701277087816,0.025965903408059227
55.971450866027489,-1.1022675468684022,1.4947115631649706
55.952299913678665,1.9059134873571513,-0.091723921866253069
56.104109857351673,1.4189065825015299,1.5904214288848386
55.403017972107499,-1.0684102201611425,-1.0938507753342681
56.538215426131735,-0.70426656615324557,-1.2063441655964697
55.812555871878573,1.828597761387772,-0.7123104092665844
56.861243577212328,1.6152292476409658,0.010859200846153575
56.281854605211009,0.77373839549978018,-2.0813827758549599
56.494790535552546,-0.057608534279556312,-1.7486554742141771
56.28104645429422,-1.223679328817423,-1.2093170967926421
56.380041533895493,-0.14351904515598729,1.9259670428772044
56.778885446907665,1.1016003853928458,1.1044644245516497
56.675644154537629,-0.45888286465331357,1.2675713656038023
57.159611076935114,-1.7602255956712329,0.065182063988642944
55.420124438992417,-1.7620626742562471,0.89534005972750297
55.296793245936179,1.2374365164491359,-0.36267381900925288
55.794748621432255,-0.95216514519348061,-1.3170878438915521
56.608997423033998,1.4928104390579473,-0.73184772937380338
57.133933847868072,-1.7809918006511256,0.40443220663983759
56.65511835544492,0.81753578165249974,-1.3622487676909387
55.825415646232038,0.0093037604223830481,1.3610167253073995
57.02895577602461,-1.4174502557618471,0.036030911433586103
55.522478551592464,1.1746772435687636,-1.51390055519168
56.860630464492381,-1.5778543945202492,0.47421827426146962
56.708568967433898,-1.6442555819789662,0.95448817829758004
55.703777756207316,-0.65892846676052264,1.6229904599020186
56.173065308874605,-1.2535845412675073,1.2317572987974637
56.802899979760475,1.777878356859975,0.24358766094791409
56.903435937040683,1.3896285459553839,0.37551583717404657
55.899976508006453,1.0199272305253642,-1.6278430467002496
55.298033425608033,0.19614783013998391,-1.7240259282766812
55.212344408164121,1.646670679921606,1.0567467820442953
56.034635717000278,1.6358664047876086,-0.42002804211882594
56.688368007732208,0.38722210217798497,1.5764079888667555
56.601884555640389,-1.0507544974332366,-0.26896723496257607
56.558761514454325,0.1243264749431308,1.2857179688835754
57.218722274973004,-1.5293008176805394,0.050179252006421517
55.756672171965107,-0.0031914398334030362,1.3798838467220285
56.37769918003125,1.7114063569101856,-1.0090175498748475
56.190949421386222,-1.4769694042279098,1.3805615333762873
56.396074789956181,-0.92050913463974382,-1.690163440797158
55.417694406793963,-1.4336471080030038,0.69769229608334538
55.636320994378991,0.59485274526593579,-1.7619582664917519
56.591337004699042,-0.61660090724846162,-1.3842263552692633
55.571550376655111,0.30911928449292003,-1.442027508872189
56.929437056567338,0.17368413103575514,1.8419982429569295
55.01407759342942,-1.556464347355891,-1.1010102519812659
56.40287438060615,0.68201384237379636,-1.5605169635846317
56.765645846666892,-1.1091951004150329,1.7251525752110448
56.191775677371844,1.2655079957922868,-1.0317634341305713
56.223138849510597,-1.3090371795463096,-1.1420487788015838
55.55183950474855,-0.52658274319347942,1.8040267379312649
55.048562183084918,-0.84177452262021646,1.6066465362696918
56.106766854920437,-1.2167872703483538,-1.9335844549152241
55.428430737113779,1.8897586112892042,-0.42563544963676408
55.65400697386395,-1.4032366804479346,1.0111270575794258
56.608330176572807,0.95325322462999862,1.1661224608084537
55.201900362769749,-1.4592852883882512,-0.015852476661317592
56.295756121388699,-0.96392152680724785,-1.1287019034403611
55.672181581243905,0.67235641701077331,1.731587075910795
56.705103476032647,1.1181814465124975,1.9394720868625228
56.996917888535741,-0.23007206782319783,-1.7092436359337475
55.394758818315573,1.6359878885299084,1.3380130066601943
55.386851372532341,1.7430146544890546,0.8936890127219308
56.44585826230071,-0.83418116298593126,-1.270697765535763
56.544695264321938,1.2481677735173922,0.74740513153059163
56.323156464986312,-0.60659415700378594,1.8119773788141369
56.951746214720544,-0.99698452250120684,-1.6364805369184978
56.579561501563099,0.73720558296062233,-1.7317361786561132
55.288204131610215,1.1102362923541325,-1.8751509524139953
56.01025967836263,1.7128492572569305,-0.81752474323655544
55.625170220288197,-0.6234061133928791,1.7068196013161978
56.313786090434085,0.40849699442884529,1.8493221508833715
56.162401081745351,-1.1564471968274619,1.2591112337850439
56.92998632930027,1.5385491116952656,-0.071098299045818339
55.93347436442113,0.7749565197582623,1.6405687352855693
56.03819868757224,-0.77513050601295963,-1.0381795113840806
56.647983896295877,1.0158906003271564,-1.4826607710407218
56.123481200165564,-2.2313721167981742,0.26387289047543022
55.371004490763248,0.19918716813839105,-2.0084090143443549
55.346874899550322,-1.4947581101149889,-0.45306667661926037
55.347720596397345,1.5331161991556472,-1.0988409057657385
56.628019485538807,-1.7919883308955353,0.3826476666092834
55.845054676907267,-1.8760471430185088,-0.35976341218630242
55.447296561086212,0.033211588815222313,1.9372108077904138
57.110413695642151,-1.3318252355125901,-0.78061834241735983
56.604974236473367,-0.79638831274231436,-1.0687195861457714
56.866568782453882,0.072144288522274932,-1.805820270198722
55.862881690867212,-1.8952979732420507,-0.2266744804024575
56.919757569995525,-1.6523682931185597,0.15904840906873163
56.052570831625694,1.2655841282064406,1.4655487717328806
55.385003429791247,-1.4896816467797771,-0.74190522043461149
56.897061657453669,-0.93134041973123005,1.5575557264884523
57.073733049071762,-1.81428173095465,-0.23858802973134707
55.417508142011528,-1.035093897353454,-1.2265876786459666
55.91188988274358,-0.41550105759859263,1.9430079754039491
56.071620317918878,-0.69817512697674511,-1.2691965060650516
56.20906615594312,0.54151834522829956,-1.3289467955425343
55.743899624109197,1.8521002473094974,0.55059812343693826
56.345989000637452,1.3254215311533155,-0.80056011760456058
56.604389727168147,-0.71777338538788238,-1.8953630895047653
56.137431070608237,-1.5568161434358199,0.80546324029241112
56.991001081651532,-1.208498287416844,-1.1888877279838084
56.973469656070193,1.4424702985298117,1.224074156377186
56.273040407779298,0.20449065019468615,1.2965673658583714
55.978188214930469,-1.0903394246212441,-0.88623244070301677
55.520252893508513,-1.4062747978173806,-0.53794722090845082
55.942969068707633,-0.31918277187286337,-1.5954458553464586
55.180841418678447,-1.3349050140446594,-0.40592887935514504
56.777464490686306,2.1374055271228185,-0.27115548102920106
56.18461462636467,-1.23954243184346,1.5405381958980093
56.788883504988171,1.1902597684872707,-1.2719074683228462
55.790956196317296,-1.3255981004540074,-0.71619993996773812
55.674007857167418,-1.4565670336895733,0.52523563250877991
56.503266032715182,1.8392939506470363,0.6168514327499276
56.252345871331052,-0.82184125756189697,1.2082147880428549
56.836403182965121,1.5678278662265697,-0.26875258773521632
56.358668939495544,-1.2698882870381818,-1.2571678862631004
55.665476818562702,1.2592862286020894,-1.155744457802615
55.448960021283575,0.65030413413517807,-1.5669547656788059
56.71334337210952,0.3547660125424224,-1.4866461024078721
55.351568414360074,-1.1636993243006861,-0.50461783828967377
55.899038222654617,1.077589180991489,0.73879683256483564
55.41297447423733,1.4499418835324185,-0.25388163042950679
55.919291962317736,0.85625518158782288,-1.2808490774670711
55.933228800939247,-0.51321990322141275,1.5712658786951053
55.28280493505914,-0.86311516772682151,1.3264361214855713
55.585777546334072,-1.0313557195943841,-1.8029297694159909
55.443610557170643,0.80082283027623791,-1.8028338082087736
56.447820635711309,1.6702158837925609,0.47306404598672086
56.849537415621818,0.99501958868811802,1.6397287560068994
56.521206622678875,0.31952757669310317,1.7049935961607636
56.91260370059674,0.50548577196247635,1.5392680708920832
56.100045627779586,1.8003180648033861,0.49902482375910107
56.458436142680263,1.7992671520298866,0.85289023447748058
57.073820215474733,-1.0411216184615908,-1.1137154664314701
55.893230719935126,2.2215375712563397,0.3213045903643254
55.10061425102603,-0.88838833190096378,-0.43316356186996358
56.373724258731436,-0.15810927859609361,1.4887782875660018
56.962795871623776,-2.0961815814166713,0.75678096820706808
57.12223406480399,-1.2659745846603623,-1.3561208944362735
55.44937873451466,0.65461958373057871,1.5763684756009588
56.313565447951675,-1.0760665667720868,1.4151499372678116
57.010192635146439,-1.3978014090717976,0.4733668909813481
57.145324695056324,1.0890149144626444,-1.1242358026761177
55.297375424177119,2.3013371849525841,0.96106870471886963
56.304917487406037,-1.1941545669012565,-0.79341748949689783
56.31327530457331,1.9095551964115318,-0.33079622469804731
56.197602356400559,0.40991072822119506,-1.5118275713157827
56.767704684219346,0.9031672388749945,-1.890560303283519
57.027283613509098,2.0414617118025356,-0.84616021910061123
56.295487072460183,-2.2656780964237977,0.96045929305738997
57.22735591420566,-1.0739044485356399,-1.4972523571069793
56.153659974635623,-1.1815597243686495,1.1433835575824716
56.652221241296203,1.6613981651184584,-0.85439001667670367
56.04919946461257,0.18628105848140214,-1.7601384181467798
57.02836183703392,0.18516788408946472,1.9264852278159919
56.582282262954493,-1.3358773199982674,-1.0463070807139032
56.588246050583386,-1.6623373003271238,-0.38519071070167743
56.511046543370192,0.42301587310898991,1.8147428014857618
56.513864151267384,1.8605614599243046,1.0427423002082672
55.569029710865053,-1.6715551283132581,-0.71674161392787483
56.115644676911472,0.29688807671549605,-1.8442720326128268
55.951256009040442,-1.6053455844015054,0.34637763868604543
57.230684524905953,0.37001298446168773,-2.0131613104326438
57.05117639648001,-2.109833840691369,0.41652474420995439
56.430700726161653,1.2502478232146077,0.75698552538117803
56.385412139240074,1.0775749922059579,-0.061888082733932696
55.348487690072886,1.4637367281359144,1.1191442135689669
57.081832558612469,-1.3334898371873014,-0.52547071678551782
56.207326630527675,-0.73295204497626376,-1.3390223167646575
55.478063061260684,1.6996947924181527,0.11783230576735486
56.655815051469091,-0.01998863241665105,-1.6069258832059623
55.865801912820224,1.5962597172433075,0.6584518500163663
55.310417586587278,-2.1440209638628338,-0.02302187078885851
57.103288090661714,0.50166395795702512,-1.2101938003039887
56.68721342255985,-0.58119218875344714,-1.5980074720022241
56.354151397579741,-1.3219065815984603,-0.11696946304509363
56.343481412890419,1.6408653541204106,-0.41374264276623129
56.44187794282562,-0.34391945223844428,1.7004450746886595
55.598453600184321,-2.2216969926105357,-0.35183955486157653
56.751111500146585,0.71499396729383147,-1.83992271243599
57.116089297086702,0.38334551831756003,1.6846942212578391
57.060073445727568,-0.43015580441811829,1.8232289603701273
56.316931863682321,-1.6934356870538145,-0.18316736339614018
55.351068261602215,-0.64880687954951688,0.89753659291251997
56.829342915096504,-1.9569988301921961,-0.20002163057653538
55.756217675533826,-1.5659012555083571,0.885353615562811
56.777925215216996,1.0654917012880707,-1.0301357864712803
56.865089847343242,-1.7314734317043361,-0.10247077825326648
56.692615009420855,-1.8203570127058029,0.5333948984833996
56.70590125771708,1.9095014509449997,0.11742112877532269
56.925031061241917,-1.8610837492565209,1.3948068055364662
55.660447051289211,1.1021348971121319,-1.5532760384404647
55.537371656469951,-1.3771511627038671,-0.94631722455612066
55.317588286673377,1.9833802040810138,0.2295315529487485
56.904592827118741,-0.4627820147881051,1.9339771728688901
55.858778897808847,0.84788275546935055,-1.3947459613416284
56.885099229671241,1.7835282187381549,0.4909935540607806
56.735239436667499,-1.422749656869883,-0.49893899268081537
55.263714325256586,1.3848400006351298,0.93039524391941886
55.671154360441825,0.3481705281144557,1.5963137005886787
56.055855959311266,-1.7387461667094202,-0.77265158017037894
56.568248901317894,1.2509475369799099,-1.2688654250881612
55.905070589797191,1.6072577666492478,-1.2721644047512224
55.841850114905697,-1.6866959539774069,1.4167531497584795
56.683114469597427,-1.0546840410400538,1.3650465838828421
55.494078055740992,-0.34803922808787641,-1.4683626553653004
56.948146869612394,-1.2188126813103259,-1.6005169087034905
55.419915034610014,0.59660172405768597,-1.5024975681772603
55.776637613601864,0.42960930712414874,1.2933981467788562
56.323618346501327,1.7868719194571443,-1.2266643448859935
55.358940641109875,0.37214110337622863,-1.1324892284003902
55.399004135450312,-0.7522713893119547,0.022812700109248581
56.327209376227529,1.0335781259960053,-1.0495629122245353
56.727561489017617,1.5239600293710633,-0.38156888324904026
56.57477088041832,-2.0537116147481624,-0.29479566853216499
57.044304215683887,-1.735204667113436,0.041280401811084895
55.437934948953774,-1.1133714102613299,-1.283045911171359
57.156089194567528,-1.4307238466785868,-0.34439452517114799
55.364573350579477,1.731691252659266,0.5289791066146603
56.593161836089038,-1.8933563297235827,0.18713234994473946
55.302432531180933,-1.6818291574498594,-0.69135119853713378
56.323723162159503,1.0229814555293328,0.83266722389127623
56.685877268872154,-1.4579834958157856,0.21785768084985971
56.284803725551889,-0.27419666502460593,-1.8457925127567028
56.626749912089018,1.159495114714151,1.1554397680080286
56.109761681741013,-1.2353726769974487,1.2655031210260297
56.950784595392818,-0.27708331942565384,1.6108800933380283
55.496291029783485,-0.29030444313745546,-2.1195457375235538
55.609760632903814,-1.9883775204493854,-0.97775795138266375
56.329727036621804,-1.0673293569869806,0.00086529082755953393
56.528618960730952,0.85146693813325547,-2.0067696397335557
57.098411527850857,-2.0279214052002708,0.43221338308317486
56.379289618946821,1.5884405749930055,-0.44161927611529073
55.528645267071965,-1.1181500022893558,1.2810358365403101
56.72497655690298,-1.7947483433733982,0.32781193531704034
55.296802057160725,0.98961188840098291,1.2710796420648722
56.707139730089352,-1.724882715940423,-0.71040102216032031
55.90225574882713,-0.2223521617463009,1.2549026236441814
55.287380866224879,1.4588341101480709,-1.4228942675767482
56.439385681864579,0.99338667089293242,0.80276942975756826
56.539274831210555,-0.4574991696645852,1.8018372755834406
55.279188403072631,-2.4769304038755693,0.34342514789487644
56.487447687080312,0.77043440528972673,-1.6906442187422792
55.764687947528984,-0.19522712452791155,1.8013320235567161
56.450961455675902,-0.49000730643160573,1.7241091780784732
55.748442756524149,0.78673129691464205,1.2609581387460007
56.127841853409102,0.85060714940917093,1.0936501586012279
55.46093470263326,1.1402968596334488,-1.4172322209578398
56.853051219951631,0.48087320876284678,1.4306987146324903
57.022856553548365,-1.4059204158776699,1.4563013847330855
55.762947033698616,0.69349501809196312,-1.756488428662601
56.888731753570184,-0.24269934368636231,2.1942097888577501
55.159495087931724,-1.1038236417447369,3.6483403334761424
55.592350796975801,-1.266254469382764,0.74949993415888261
57.268433385542167,1.1501733670505576,-0.63866229485330672
56.086072710167727,0.49545540887554818,1.8654208388994011
55.578432711264632,1.0808370141989319,1.4799069756168339
56.70345418043388,0.1565582127974337,2.2099323919972003
56.931954453084678,-0.75602183016288527,1.4483803637083865
56.403446918853959,1.5186930972660833,-0.70249443487817731
56.999986665179094,-1.5202094688299608,-0.69242016063082445
55.192520190877076,-1.0362218638265082,1.0063022068542986
55.379448913233816,1.2322448595372315,1.6166566522126984
55.345500299537683,-0.31276047112688976,-2.0169742220486349
56.136258478931275,0.72789850163136194,-1.9207007224870132
56.735681823824912,2.0576879399967227,-0.7688720141796711
56.533773097260884,-1.1781472587131587,0.69922369136679874
55.477538946993803,-0.21903174408199472,-2.0364238409776609
55.352979042855047,-1.587381224448013,-1.0873908238260135
56.48917231472619,-1.2496885191877236,0.94698471041972776
55.181693754151695,-1.2214749299571559,0.35869894897697246
56.387428952673346,-0.67349512225191976,-1.8191270896997158
55.327061511034699,-1.4927718372903596,-0.55264309991462512
56.408697358582977,0.30628251953441094,-2.1497108378344252
56.697007310153396,1.672832569758508,-0.20894223165058518
55.568522606809346,1.5684844829889215,-0.88687549927240827
55.536392994421789,-1.6753901789273924,0.32096209441420648
56.853233879895235,1.0475056000387437,1.1801616942014219
56.297194413842881,1.144361543064087,1.3227566589160638
55.854754511235008,1.9494368198752692,-0.91039023767122218
57.154815893695471,0.17883335413293938,-2.0189993589953947
56.419000921215748,-1.1844495216422279,-1.401706140666672
56.334282391959682,-1.6704269766860631,-1.0073078108254234
56.810263551547955,1.3642220771890627,1.1321902943898317
56.413210711977314,-1.6287740216722935,1.0613217384465903
56.274094640856475,0.0054404727426712075,-1.6965343245211819
56.497442500723835,-1.1604951023414243,0.33947112187911943
55.732569447607595,1.8335342405554562,0.23677327910341142
56.29551512212597,1.0537032070113785,1.1144479913232184
55.777585796339579,-1.5200870190335285,-0.4961357057449246
56.467638160074863,1.386553802404906,-0.45312839604934996
56.664878815035642,-1.5168925700112672,-0.07791657550952058
55.574081854108684,-0.98028030965647839,-1.3494352782908943
55.514610201903459,1.0962961100924693,1.5770954323471662
55.275826307356652,-1.5301876071973772,-1.0017400413124407
55.189044484538357,-1.7807130066264174,-0.10123777487412111
56.440254033520006,-0.24056992355239948,-1.8327132451798862
55.736694659349254,-1.7037515069355817,0.67275850019168537
56.980457626339721,1.0411171326242006,-1.5064356899486311
56.277377828895034,0.7168017926240875,0.75404463263827914
56.834314477151374,1.3927718501399942,-0.70888503467041808
56.285871897362895,-0.57574120864341938,-1.5710680051982227
56.672822677824747,-1.3216808958645185,-0.19889170390477465
56.029588202417855,-0.084995423767640063,-1.915461207492597
55.542723024765515,-0.80690578657261358,0.25575082096086377
56.830630375349948,-0.066031551119337811,-1.9558684889669138
56.995882981468036,-1.7674612515156518,-0.82276524127249229
55.440807467988911,1.2823006710863982,1.3789996827025726
56.428952976205267,-1.4906469007972356,0.80390016802064934
56.01032462970101,1.8931249463736852,-0.028218051548234407
55.581881592618629,1.6070640372688265,-0.82573821746715748
56.516411295319507,1.7993820073805782,1.1176833170163947
56.883917196624346,1.5742356421154096,-1.12944656585123
55.272926004033998,-0.66880681960679988,-2.0771513194555395
56.629537662000295,-1.8649082222713875,-0.26743483464398399
56.007793009859661,1.0749021024368151,-1.3556169843878001
55.230230686656668,-0.78069844257885224,-1.0416189535573892
56.946779168005868,-1.5839286816918279,-1.0590699953463982
56.65832451614574,0.79039245876733721,-0.55137064345715636
57.118505267590209,-1.0084653368134031,1.0556846832830504
55.405574706476024,0.90841951505422125,-1.2864928039055783
56.244878078121424,-1.4961131252677158,-0.29784685935757993
56.678064221678888,0.73593268971154502,0.66747767091822163
57.073622053506995,1.4339318171095754,1.5024533472401145
57.002268508891042,3.3833623830915984,0.34783383045209704
56.793142951710543,-0.65442043647210069,-1.2969899437274985
55.937424185196654,-1.0443738883690337,-0.95010762564543805
55.206178618026037,1.132863883639653,-0.9987246375601877
55.156375938635875,1.7364435574736945,-0.046615337734441854
56.152769769315356,0.91232275805968055,1.1145003893703027
55.985162569193655,1.4375199464812585,0.83227273808219293
55.576056279967048,-1.5526578924115979,1.6299941351897693
55.850829944473851,-0.29773722415824327,-1.8638634832107548
57.119164962673317,1.2918267521860529,-1.616763838968367
55.451722199756908,-2.0312023191692803,0.021018658838033888
55.970267586924813,-0.11737765228131931,1.7516536431722862
56.752004552334419,1.9744647383750968,-0.033177020776959429
55.932557600921825,0.32430811166482498,1.3122324993789058
56.486458526602206,1.2633619606234943,1.0355816189507083
56.335787390871225,1.4407801546309806,1.3199181247603959
55.721630191795605,-1.3011378120771975,0.98433414150648735
56.809437229791321,-1.2991368995866457,1.0264045312493673
56.692878620805303,1.0564456532902347,-1.6124749140755308
56.821478095800522,0.9798933265137848,1.2880665467392876
57.08590576805296,-0.16477712306637418,1.491258420236085
56.295429842268753,1.8190304071808796,-0.26453231375995573
55.824885847996377,-0.22686676811984582,1.8291379382073716
55.891038374948103,1.0104210073288971,-1.5845738590135727
55.344649127333405,1.9495364198912573,-0.2058688999497835
55.616361886564448,-1.5603243055461877,-1.2322037856888235
56.415049836133115,-1.8090525889100439,0.11298796629413359
56.577344458093087,-1.9101275037735075,0.61520788823751638
55.609452450375997,0.93423322578459589,1.755117356331084
56.575041815123001,0.050239664620418949,1.9332659618233989
56.747581796109039,-0.68218371130821309,1.5979950310921391
55.348232789863744,-0.19377460520620066,-1.4147698305965122
55.8708341964319,-0.50318779863634799,-1.7842824822304728
55.307210350655325,0.17730572466405384,-1.711564757161381
56.403107782656463,1.8828340257395342,0.55638579216920159
56.464085991228366,-1.6436295627645181,-0.4437325699384711
55.390869416994335,-0.18457641604971312,-1.461275925982118
56.664303649902713,1.430809299073182,-0.94709929602408649
57.085935587247917,0.83149072196364771,1.885202494437404
56.859844806316303,0.73267499444512751,-1.941215413520514
56.67273331571856,0.78803244670753947,-1.8624125237660951
55.436708636250835,1.6812166849920076,-0.25034238434472467
56.723010360977,1.5520192567809017,-0.53281412825923413
55.635729130347364,-0.78491824175476577,1.280722263897508
55.878076870898816,1.2694210412606375,1.3350845299476084
56.867800307534232,0.39422666779685217,1.5927281866152871
56.287055319880423,1.7026888154235256,-0.37985465328901635
55.720296619913455,-1.3729149193555172,-0.74417183910866946
56.060907464564458,1.4276094586120176,-1.1752500627972333
57.033905541268609,-0.80856637424208377,1.6545693434431903
56.055878816038891,-1.1510882410658962,1.0468069985667208
56.112780430760083,1.4479946959339167,0.25748664639238605
55.071163321086352,1.3511682826303106,1.0229155793078133
55.270977911220776,-0.70664351847457396,-1.6192817888746371
56.063542314408451,0.84194137663087465,-1.5631954575920222
55.246425073953198,1.4903168071519892,1.2442278440508685
56.025706356752124,-1.2775614213736537,-1.5763510142334736
55.974169863111292,0.26225860707773058,2.0333959137443967
57.147470296348743,-1.2608341311924154,-1.2582982400195672
55.123584500304567,-0.06967425328024994,-2.4491751521475194
55.820112474629944,1.3662547901397073,0.014684977984182303
56.784009183732365,1.4015442693848981,-0.42427683311347225
56.572653744351747,1.4251048326257905,-1.3788959760819932
55.702562638446928,-0.81850361797455951,0.67173460874655766
56.41541937669794,1.1652087613129967,-0.69601773356358765
56.428410395250751,-1.8833242621232331,1.0421330238337052
57.104874392369894,-0.88634277909040482,1.5549576512648766
56.028130491339638,1.1195201116356643,-1.6994666660722773
55.917797831276772,1.3482311582699316,-1.6305704386663002
57.230340808182355,-0.33355777477648013,1.5149411182869625
56.234504618813105,-0.62723870603082899,-1.7885347129946636
56.012906748773922,-0.35426467081830293,1.7017978103221458
56.309015515141517,-1.4015596312780709,1.258764787667231
56.652893331056568,-0.046291592712369017,-1.5497432629764052
55.978538324435597,-1.8159818808185788,-0.6615988911719527
56.8463914192969,0.33819799571669501,-1.6977280449849119
55.394375758667444,1.1167725324027131,1.220833109529833
55.335988559997098,-1.7308910242701929,0.64495672263033732
56.157156045602498,1.8518815836827682,0.42202692839451594
56.341467445998759,0.27929353272231666,-1.8420164445478577
57.026104114437324,0.13634835287631983,-2.4587952378271805
55.758035247689875,2.6520319787770297,1.3204099636373381
55.283998466043151,1.8073356955402908,-0.13934094529226274
55.898528320926111,0.35626284767701838,-1.6146761270908538
55.824488015290193,1.9956479671955596,1.0076021709650753
56.076663966636005,-1.7032349184638327,0.31884227377764268
56.578126361006838,-0.63010393472881487,-1.78178889898051
55.941983027327367,-0.2873348893026233,-1.560729109268721
55.484517670604951,-1.6518770702738985,0.75215014665488444
56.367093146224157,1.1629146280044609,1.0419544691932765
55.363657560389697,-0.1424403799336306,-1.6288644249591202
56.920426668030125,-0.018606532895435301,-1.7677758522307636
55.861172776993506,1.6545375588886138,-0.072702946822311251
56.359941566702147,1.9451889660750048,0.29697555195114989
56.943749012847668,1.8597661786328337,0.66874442934746159
55.954545127573809,0.68550146927910705,1.2459383761886491
56.889852889234163,-0.19631567092423288,2.1693137751703926
55.432180957365574,-1.6402039277883795,0.1549741152634678
56.184313168499301,0.40742354102687928,0.96340619501538072
56.92302894124348,1.7502661156253483,-0.26443753828143207
55.335866359535501,1.1182998702918359,-0.29360711182628041
56.203800596131828,0.033026085819002578,1.4895066569608886
55.689139431362506,-1.0867925933785114,1.3171961506653713
56.295330662418039,1.9590274116379642,-0.42367406712177752
56.996818560394587,-0.45101763627492059,-0.89989494272080983
56.759408417632159,0.71339607911624581,1.4929482919270445
56.216192710939616,-0.26055903011300657,-2.2021534118095589
55.781149365522687,0.64339813353915642,-1.5238598284441622
55.537661205373318,-1.0858283996149287,-0.75725834170894779
56.833906904049257,1.0670452885645185,1.2141108543493162
56.88332800729701,0.5331659671403578,-1.5750570752769451
55.351259816855048,0.95857376282920803,-1.1757681031150631
56.446802708139813,2.0157533453072425,0.71429956909861569
55.97451114171303,-1.7792385849104442,-0.89029630649969349
56.728894878145837,-1.3231847434709731,-1.1251121729021245
55.285425153840364,1.5343051881996468,-0.62169708922714428
55.732704346452742,-2.0545524060711666,-0.60719044858117366
55.989271270315214,-1.0996895663186748,1.0009133135684791
57.069872844391561,-2.6393808715614111,-1.4961090048831629
56.041676712926709,-1.9674016666033118,0.35612183061158742
56.154318711224846,1.601906817198185,-0.42972868109146972
56.068246355563822,-1.5357470627538774,1.2180618139932342
56.100761513997341,-1.7879501149016424,0.11595784491821788
56.063425805423044,1.0167782182468346,-1.9226094299790559
55.897875379234151,-1.0364643728818663,2.1382096027112372
55.447140607357952,0.085003372830262519,2.0393677112700512
56.580806602122536,0.88788084277810719,1.2558494023849036
56.678329926554149,-0.4562246589317796,-1.9891871435652579
55.778051979380415,-1.6263750665625876,1.2769420929065707
56.265374206955606,-0.011448155402677556,1.8122045895219421
56.175015608135006,0.034128457436638962,1.7168597559066419
56.033117560934059,-1.9900226287047136,-0.65328376995857684
56.297152696374411,-1.2343290646270961,0.23471517179925538
56.320078491081226,1.2289338945933859,-0.60046398576003779
56.737179185590861,1.1101973836741899,1.0419033272097851
56.428963003812683,-1.6041391247137362,0.25853577766477542
56.385844096607528,-1.3332762191163459,-0.55805429091829273
56.501995306106188,1.5385616168552136,1.1328885274316225
55.797410858073945,1.4199394319034273,-0.78749911175843268
55.502511369532876,-0.46525270814355824,-1.10983636724174
56.282059550319573,1.2555807632256919,0.87072463217668028
56.295701972624336,-0.60995607053217105,2.0094783987905371
56.330994341263199,-0.044981368127427375,2.0192956483988937
55.41072696688029,1.6833177921234315,-0.61064829277415056
55.894116392232377,1.6159158893844667,0.28144310596102834
56.389965681637769,-1.5803212514864784,1.7280096871762567
57.034441878408565,2.0418987336081069,-0.51679533200747774
55.639634124788067,-0.64086070740084866,-1.2671660394665574
56.173332731183912,-0.23813263176658167,-1.8198255628541748
55.753883294270445,-0.21381932921087793,-1.8443811847593696
55.6620508753373,-0.96711864985658158,1.8076313818906733
56.154868672135578,1.3527519276408619,0.20196046684740765
56.120978042707847,0.5560147507138532,1.6738531595481121
55.216106773427867,-1.1057794091532367,0.97076374337499927
55.622041054161087,-0.85102863269525253,1.5107481453304012
56.256964551649141,-0.48826796821439677,-1.5356406944915681
57.10738444811885,1.0501034214833935,1.3424481246029045
55.614315237244909,-0.2755838356513205,1.7873547191022552
55.39559826375379,-1.1670715690793354,-1.4292308561365343
55.453376432361118,0.2509065269274961,1.2346888209886979
55.745870361541463,1.67027668572357,-0.22009894707462788
55.531830588068068,-0.75971668892565769,-2.2962186528704542
55.677769514330876,-0.59935129972120793,1.6727343601360924
55.252850484944318,1.5207753596467002,0.52613722489298698
55.387704338563161,-0.80407259062143022,1.7471104027680315
56.260398461127608,1.9815379067950936,0.22927381452321677
56.192781892042277,0.024411894575090454,1.566277387250637
56.736425721002881,0.10367569017115542,-1.8231909864696325
56.543403716745395,-1.5547140144962586,0.20234337581314918
55.438424025384904,-0.37719751662681184,1.699089728722865
55.764210099427714,-0.024886543005805426,1.7317305446013014
55.103311621179422,0.28691074055103305,-1.7083902418549699
56.34672352460283,-1.533015652956,1.176728045245405
55.307332750737054,1.7350458875710699,-0.87447544010441924
57.107704116602434,-0.027059627102035178,-2.5264733765965333
56.045729271857262,0.03668196916230447,1.9160810831050989
56.475743261586366,1.3666021233021297,0.69562257607450362
55.924376308093919,-1.2411091949185329,-1.6961484589306954
56.536301751589427,-1.4472063909638484,1.0710326167583506
56.064432491429734,-1.8747897004334175,-0.14603199612742226
55.280324814824596,0.89822223400006307,1.4604942833704559
55.747690204510654,-1.4365473627037497,-1.5612208519792383
56.907805195289626,-1.4331840648932719,-1.4241183142751039
55.772121620402245,-0.19667678392320564,1.6136470278576431
56.590091583528313,0.59849222274856528,-1.2551747830901736
56.137689712763766,-1.171971391384889,1.533798312904201
56.583657294958392,-2.0405141217251903,0.23086321499996407
57.113895648955747,1.0653910023866349,-1.2747843598563191
55.600639446528888,0.10905140484367025,-1.9508511055167301
56.739693144369376,1.5197433670272955,1.0732660302246346
56.119613874746882,1.7671725485777177,-2.4500602253854229
56.883520741494948,1.9309570909502658,0.12476973985617476
56.660671432531387,-1.9412987202943452,-1.109403920442124
55.635040161954542,1.2606679231486644,1.0008969441970541
56.389967428590246,-0.46183805774226544,1.8754704334141961
57.172148111499865,1.4685401441510681,-0.92002408420175819
56.69434426852677,0.91924291451479934,2.1675965522781828
56.860088067119243,1.2999274506498864,1.4561953951260795
55.578335807503692,0.10518129979675697,2.541263145106516
55.761931163540076,1.5080290133757426,-0.67747293420353549
56.82198876168313,1.7384934489065491,0.44729906446425671
56.764038087894555,-1.4138819215413851,-0.92767568007063794
55.967461333152166,-1.6857273387931462,-0.86270402227593435
56.400900723553853,1.8463825283993716,-0.28420128342196077
55.162339371922045,1.6899305848398734,1.4890959222173108
56.998856857363016,1.1479280539172019,1.1415554336692604
56.191311742826429,-0.23800636210809187,-1.069790477874133
56.002200799810232,-0.65648062754764014,1.7629575863143818
55.546128172464527,-2.0129080935261285,-0.53058133170690414
56.710534160628825,1.8732546811982393,-0.26116651656239981
56.675555833363347,1.8187662479906368,0.85225291743973397
55.937125952986079,-0.93472682390649631,0.29578279170794691
55.726064277537347,1.2813951956134708,-0.7298700723222884
55.234670595349996,0.24709050144328382,-1.7778397212241117
56.752515271107519,1.3541689963187407,-1.2106791822663365
56.878896279527908,-1.0308463879732706,-1.55656102210819
56.790707767208701,1.9762544886243194,-0.27929674792963072
55.630499958944796,1.2837119122675067,1.1711534168391988
56.444136457781241,1.4672470235919866,0.76658928336318966
56.618258390664508,0.82598662426931391,1.5443368146565815
55.816377394593232,-1.8509149838785133,-0.28024424521267416
56.588361251719249,0.35495439336417567,2.006362736263084
55.551293188585902,1.141362275734503,1.2197404926164253
56.046817397199241,-2.0532365094836926,0.058152857091447123
56.285728495067303,0.50197677599288804,1.765497105953775
55.206943604669227,0.73871039752120993,-1.8137721217065579
55.946005799863158,0.2681417266676574,-1.5479714647556913
56.690478479862776,0.74464135745322035,-1.4027189341519319
56.716590565406598,-1.5504737821424581,1.0919330024219278
55.422552773076546,-1.3914099261073336,-0.90685166747941781
55.415460599562721,0.76613767129892796,-1.6267196975612708
55.644900805647396,1.7917840887758274,-0.35055903031860652
56.481220530518932,-1.6853961788977432,0.4468868469544906
56.910571126843067,2.2034431876408438,-0.027969719940285603
55.583403040641144,-1.4395520743881258,-0.98963761321548616
57.124014031389137,1.6328250374924551,0.9456549340766397
55.347307748733904,2.0294819417846752,1.129464701774906
56.881302775470985,0.72858618925524143,0.95488703193085878
56.924801484155118,-1.7027146222551663,-0.80782861784088045
55.799425025628871,-1.9541664557716882,0.41749248772846009
56.248388589418965,0.83824660525259032,2.2344441480532513
56.420090353011751,1.7609531540545009,-0.77649048668190268
55.435993806825557,-0.45811766746637489,2.0869327964225848
55.327151350851096,0.98607528222930585,-0.40748315800988028
55.941605638600656,1.0958759868272472,-1.860175054318429
56.692222555473776,-2.116792567351359,0.50629551779157023
55.600046548881316,1.9437561900065814,-0.57341043580986373
56.152842479151012,-1.7143507288263919,0.55772298367272388
55.45399153845441,0.032246502899202216,-1.4343281329496065
56.946518587085002,-1.5663662719328295,-1.0576651252860374
56.433372655353303,1.1295225343167523,-1.3690219571279343
56.659524809380912,0.54149508934406565,-1.7441866100912786
56.362832469277627,-1.1085011411176497,-1.2930614025288549
55.172330899175101,0.51057929833318239,1.5613486020141552
56.698500558648028,-1.4489024973282878,0.92958233001453072
56.953803633429949,0.86454176833833796,1.4776950388577466
55.943993040295325,-0.57125026240602739,1.3382736032014482
56.488215455692519,1.0836922289533322,-1.4944541127194622
56.476036857550476,1.4394710820075007,-0.17938510614851047
57.08371808524511,-1.6009106013094685,0.65008429011775815
56.364331745602776,-1.4565302003120748,-1.0627815115402273
56.567911858695332,0.33683156052211222,1.4749469412756111
56.305924375247869,-0.73121636602673146,1.270451552134845
56.469114151832215,0.0056153205119040981,-1.6579605162953457
57.037171009131313,-0.50700846987332726,-2.0129112768665354
57.044936117552737,-1.1633179564433564,-1.3448332985821565
56.322415365213224,1.7621809795585179,-0.073321385744342327
56.907587479646615,-1.7963160807850453,-1.1012158019171234
55.921188661223027,-1.7651976352324965,0.61248975141731632
55.507214594911922,2.0775266658541232,0.51462072124371039
55.467033687908867,1.5388569190020893,-1.4117379622528268
56.447553617652609,-1.2488731345553177,-1.0885541621444788
57.206501258753427,1.4519159212233512,-0.37419998451842995
56.713925120031071,-1.2634704326533852,0.99278181296330459
56.333221426866899,1.1674698777799828,1.0049138448722601
55.715632116345915,0.43818704821190713,-1.4914341261172832
55.409001244779688,1.2508515005535445,1.1498301129537523
56.573428066299478,2.0499628045766656,0.14130257894852252
56.149791886227831,-1.863680490429404,1.3144198930537927
57.097823838507338,1.5328071435084638,-0.50259285598289094
56.972969129419532,0.65767904091547091,-1.6139304248120587
56.36133467497298,1.3618052464426802,1.2799961804845459
55.469611928411787,1.6381262004549086,0.37972661993590656
56.016460918625206,-0.72980873368356347,1.7595844403221872
56.143561475310896,0.089810609598145852,1.3134324482552167
57.02354594737541,1.7542402203079039,0.15722410039843343
56.46643498466851,-1.3069005139633851,1.1661575249337246
55.126500823133867,1.5832123310217072,0.94672969934140649
55.46767651773726,0.43081519935584661,-1.7112324604990328
55.387747325800554,-1.3975618010683231,1.8948689556937479
56.606092677294932,1.6263486051091756,-0.3284335160543228
55.757098634354506,0.48996672353533388,-1.4874827448407768
56.074809991849683,-0.18415128853910398,-1.8803629376981563
56.401619628809456,0.84758931730592613,1.0497918020921904
55.841429410186684,-1.1580034338451741,-1.7241593761644585
56.25047063747887,0.91784557780661724,1.5846130993971665
57.020369548685998,1.6107216018357169,0.61750979570317299
55.943235502802203,1.5217130697906549,0.13190251046647739
56.306170972778148,-0.27570458865246034,-1.6930515731515414
56.872912294608831,1.8386069992955716,-0.43235856547411383
57.177608477130391,-1.45935260149972,-0.54258688411242051
56.149947920463248,-1.7864801641535757,-0.64660393518393044
56.246389603861132,0.11160585785923791,1.7662985307455124
55.73537412597441,-0.5816629323894642,1.9450944279774149
56.713224943165805,1.1387713398088166,1.4275673665883863
56.15270247584742,1.3966269968042364,1.1923650917989681
56.990249408774069,1.3851305374382499,1.158389640434883
56.24252329275842,-1.9444625448834274,-0.85236450500437699
55.997775945480292,-0.56136940751281139,1.5728750392614255
55.846815853150844,-2.087419673849412,0.88748537027224661
56.167387199470092,-1.0434880501100994,-1.7958956085872464
56.282715144973295,-1.2845269165418918,-1.3784636802920949
55.759431740031651,0.24398672819324366,-1.6222751903746659
56.424609850722767,0.24787230102807942,2.5230892549912252
55.881644621756003,1.0546958687159245,-0.78611141875116708
56.757283872517775,-1.4594887028591403,-1.0113450792250551
55.632464928755098,0.13768707312541931,-1.8566247422505195
56.259862561690646,-1.4018501984312324,1.4043019992946053
55.439320748158281,1.820037987757432,1.0507633135061489
56.25907911909583,1.6065402955702566,1.1646186759718788
56.699282609537903,-0.082491410998745726,-1.3089984091753732
56.635944560820725,1.3265533643069545,1.3526208394041896
55.454512218690844,0.75971036371115963,-1.335363730062977
57.073805615338912,-0.87292064334425656,1.6210497193798095
55.232629277654723,-1.0678432641029476,-1.3187188182000669
56.911914145878427,0.60185206702869087,1.5334584827509876
56.849446694347677,1.5130013266030811,1.3239762990216761
56.113457851696822,3.2815430597364417,4.1215081875796828
56.547013922873212,-1.7916261453834734,0.7426275549498742
56.584219213621765,1.1391926589596784,-1.2968417209008898
55.428111708332594,0.39218767196032661,1.7301010024956025
56.065414467789594,-1.6526293442950726,-0.099850765559638635
55.943973117934895,1.1180639307400939,1.5555211669213542
56.416929281632243,-2.0095740471738539,0.23555936822847448
56.070378195254357,-1.6821395241023041,-0.83484964673231454
55.234718651770812,-0.30817423292196489,2.0477748104398317
55.148216074364981,-1.2315828098682564,0.97280670664019664
56.125689650681736,-0.97179980627890528,1.215610980247039
55.206468410458378,0.62542162646836708,1.6327198534472604
56.989343241892691,1.3101865687089724,1.3117152111747208
56.056199512564284,1.7423492423709286,0.70261737263547452
55.281073275830416,-0.40065117800261268,-1.6252858359984907
55.744313248709531,1.5332810411466868,-0.42296991307920512
55.731687534983145,-1.2718538840634288,-1.4931353789912833
55.435021858087055,1.6174693077400093,0.22524044129973977
56.185284093285809,-0.26637228910553384,-1.6012506844822532
55.965157465826977,1.6716734365291541,0.60581003690711388
56.4291126052576,-0.54077322795804905,1.3378015562741661
56.393369704480222,1.4923098832845878,-0.061603949160239868
55.959566493411536,1.8963909938137995,0.064860697116659663
56.515796809679642,1.8219746180338747,-0.052363208298912806
55.532699162003247,-1.2978683366926589,0.82608448206869545
56.705742153841264,1.9200984405479173,0.34925181806008632
55.745040045180453,1.3765459348303599,1.3720782405958498
56.818594254332069,-0.43092504318849567,-1.5064346149169159
55.800636574302629,-0.077161837121044352,-1.7988494441754033
55.507178265500222,1.852802616745566,0.47330288285148348
55.521332134342082,0.32768308416105518,-1.5571597940737743
55.240193773621385,2.2475378883831838,-0.36292746894570649
55.995936230569193,-0.92822935524197958,-1.1166636031496384
55.962140883742634,1.1619213032421314,0.10335049281991768
55.445308134398417,1.7319689738865895,-0.3912431373271904
55.829733933148162,1.5514274545217657,0.73878345640036192
55.309916339584348,-1.8739064641747403,-0.28361911332196477
56.573656109541254,-1.7025929876972066,-1.3738445838747944
55.560696604131728,1.4791554700141869,1.155661459423738
55.989246788508986,0.9861386302163333,-1.5371570449988887
56.237721969262999,-0.59855203840455729,1.7881004384918506
56.967741796557902,-1.38284771375159,0.62267571721122061
56.258462768289718,0.74002752844837516,-1.4593634227569006
56.62146667173954,1.1018822123868028,1.1029529613713784
55.406535096763122,1.7818797708281104,-1.2178122112037446
56.212277318215122,-0.63553736721953935,-1.841996725629002
56.793684517574533,-0.82986464869754195,1.4893785229645924
56.219783128286124,-1.9472104134152068,-0.9468427973195257
56.042110503972573,1.2064173938610219,0.98330760997121791
55.593145785150128,-1.6910490180490845,0.59003381562314272
55.227110558261558,-1.7704217053914515,0.033053059721757157
56.587089004278234,-1.6488605091753559,0.89873599978781016
56.493467856557267,-1.4092510457802845,-0.16126664813511096
57.039186301511535,-0.55366885360476503,1.3988547815829004
56.665106962324906,-0.69115734247381622,1.8332870715259049
56.266058604972791,1.444522378172612,-1.1741564126651614
56.874285176271165,1.3993820729210487,1.2190614600188558
55.514555581714191,-1.2734635583128089,-0.88979589578398566
56.617044119984243,-2.1543007587067184,-1.048575983521977
57.009531880454844,-0.75136507260120899,-1.816917217331119
56.328819033755757,-2.4043283498920829,-0.24105404856935414
56.422254795485244,-1.3754087130616011,-1.1384122713378235
56.603909904192633,-0.54229113392135719,-1.7016235888731788
55.397506632588055,1.2438211453589159,-1.7295327080024285
56.131360283928096,-1.7496912045433306,0.12091819440502735
56.469770094038836,-0.92728511684089554,-1.8349990938087037
56.195666454648006,-0.62449407485372499,-1.9561975022262228
56.021071812339315,-1.5497449157729331,0.48631203996814654
55.239055757621905,1.6618323952479916,0.18148896915715426
56.283077086407772,-1.6830210473199656,-0.059534554116080995
56.812515022672358,-0.94099988330053852,1.4079266298791908
55.200124334464022,-1.8628292662593517,-0.54070031534672047
55.764844303628436,-1.9769550973482104,0.73458346690783238
56.356051877676116,-1.9448777800855144,-0.90483010978405365
56.205710094400494,0.60411001703134026,1.63757603110983
57.024105762776749,1.2110198512906929,-0.85684176626049391
55.333321891666522,1.4190117794883497,-0.28279119609276759
55.825798496675993,-0.74757952278415318,-1.5749560620624112
56.53351609692708,-1.0326562637288779,0.24038206439941764
57.196911242880525,1.7127614170711192,-1.1100075676941159
55.311388125506298,1.3856248612627715,0.80466722001119784
55.658144922944011,1.4431759247728106,-0.47586541948221828
57.1157132377731,1.3121688624793217,-0.88915432495574709
55.77413356856119,-0.77655043838540883,1.7738762899420457
56.78706514028358,1.459066652696313,-0.12465305170482953
57.210788277849268,-0.73334124497621767,1.4565853340909802
56.275716090645872,-0.86846770018882347,1.5590660539359269
56.976567285452155,-0.81815418400119921,2.0394052640571361
55.421672667059283,1.8487515895206823,-1.2037015793435633
56.583615142478727,-1.5811275547735686,-0.62130072850939333
56.798990641580851,-1.8401009499389891,-0.87340426925632453
56.30014842102387,-0.94790698754701719,-1.3350467639347388
56.971021770574467,-1.3942153200015874,0.78031755317953788
55.988208188742796,-0.17339991298957405,-2.0728072052324649
57.033060043186957,-0.94199188285187185,1.0998352189531402
55.00836362446185,0.36580258057939419,2.0313679202092429
55.88245903710547,1.0055922341138914,1.5609751386560449
55.969509499473133,-0.90541004839266981,-0.85544979752045658
57.19313432631462,-1.8038651607850245,-0.1310918621315921
57.223881397449475,-1.4114946053228328,-0.58610722177806573
56.518935521525911,-0.36583750101358575,-1.8622806543900032
56.060140128515435,0.53441831807388618,-1.8158818025138912
56.313622404687571,-1.4668507358404039,-1.0428716912673812
56.391615605429593,1.8000624872952142,0.44812457282519824
56.654427459923944,-1.4841573114993056,-1.3290590627839551
55.572637662726635,-1.642608572109618,-0.48764713212720356
56.894767771846389,0.72491813775222613,1.4251423465815283
55.509104680777519,1.734290632126029,0.50355888903193646
56.160789555089558,-1.4107344124105705,0.73431888010933033
55.273373580602929,1.1877094167809259,-0.79966527207468474
55.444784413143672,1.4851294861805717,-0.51412196076725558
57.054217859877717,-1.6345222596297635,-1.1393806784869798
56.631554413687006,-0.84594595863712485,1.7398865977437148
56.43094655020537,-1.2793696323973385,0.9687181827477217
56.882202351455923,0.66366551258575646,1.993981937060245
55.498251993018314,-1.5036964171835998,-1.0248225343354254
56.624301831804722,0.70941962081915988,1.7094144054329838
56.199489866392909,0.21442613761003065,-1.9450929652424205
55.543708463058408,0.88661397664519759,1.3565306558616248
57.131654457059064,1.5967323131418742,-0.15997453263033165
56.524247859272997,1.462027756812575,-0.74309154188705651
56.67095687094335,-1.4213409328542559,1.4117772458564004
55.517362604050355,1.0779868449733019,0.435998053603316
56.521823002000993,0.068885734457874395,1.4027102476919739
56.136251399853343,-1.8579126502603867,-0.049920221306741848
55.176203481859183,-0.78857811379379483,1.4131239814737926
55.593203752199322,-1.4422145334448166,1.3261045725282137
56.4067669259558,-0.32712706349078702,1.3958125720887529
57.096678624141134,1.3469516958113241,1.2444970169643603
55.753017286705813,1.5386424144573547,-0.66952809255378221
56.430441773606638,1.1904897720186987,-0.92800847382907881
55.970419286630062,-1.5219336120124065,-0.82644282207786257
55.830657064957194,-1.39247494725142,0.66146301644430705
57.175131425555605,1.6062052813719843,-0.9262515118934449
56.379619989536579,-1.9922930544768533,-0.65590345893420754
56.999844445434974,0.33738464727836348,1.67172980171663
55.998154957916533,2.0137361679358761,-0.58198968181824795
55.941263361956878,-1.6271024038163049,-0.30288921660801743
56.873753879999391,1.6732031656670825,0.43454273639601965
56.573501972813737,-1.2289321094751828,1.0167629041147228
56.391014573301476,0.85518030475903328,-1.4490597548449722
56.317769124927359,1.7415666209140035,-1.6766824011694492
56.059389175162416,0.99422119954669874,1.4670758777410482
55.785423529996443,1.3389031101173008,-1.0149008028126403
56.716660141866313,1.5525420629226347,-0.93468985501685553
55.804420158654253,-0.80733970153182388,2.3178292572397043
55.964243373592652,-1.3730769203120061,1.5408652930592965
55.971104472509758,1.5327277822395249,1.5999280657932697
56.257300432346796,-1.5123266759699983,-0.58631069615514875
55.257485529424336,-1.6833361960691628,-0.81664190684787019
56.335904222858737,-0.18548242651202806,1.6422861657361287
55.385253302492679,1.2261170998954598,1.3812883410559391
55.755946037278051,0.12810616608655803,-1.2380248333030326
55.18476167151784,1.7678513411021597,0.3318620771378894
55.865091348980521,-1.0972697219197367,1.4128911779985591
56.572870810469901,1.8603548365643425,1.0611027880363801
56.104362825139191,-0.14818835390905929,2.1428681460476127
56.653989115834456,1.6642576740497133,0.22916734346087192
56.715689589018957,0.4558363133390485,-1.2351626874554766
56.214992033192203,-1.4978202295566565,-1.2026327735763624
56.422992613629496,1.0936221484210071,-1.7038325462073958
57.163276999972041,1.07014422692627,-1.787989983067074
56.761741561766804,0.5336546422352334,1.3679627261693539
56.411838223199382,-1.2608552081821172,-0.62514559492038146
56.160705730170591,0.092006051954341569,1.6275038128438102
55.683214769861053,-2.1852382919694273,-1.1608518746682259
55.983750005997976,0.09861220346986263,-1.9317843722361729
56.135957045966592,0.40758287156345968,1.865857863725342
56.782059557000117,1.5852692966785089,-1.5907521449751978
57.135560640929334,1.1093868581009918,1.6441228500959362
56.425870808773709,0.79279229995352729,-1.30929388436467
55.898691260457468,-0.94904516418738649,-1.7833516359678458
56.54501960578262,0.63835993973879268,1.7049980832051113
56.825775129670163,-1.6826530379433007,0.40652172997088853
55.940645810080966,1.2550203212465327,-1.1612311296745754
55.713712619125907,1.3598756372568928,-0.89501730173971672
56.842478943600796,-0.99855602531505339,-0.93230678292929192
55.430471336737703,-0.8133271258854714,1.6074144428355912
55.144136577205366,1.0773312418086456,3.7087580570778744
55.465788112412334,-1.3738756565430772,1.2312460255494788
55.556543040536745,-1.4977583114245763,-0.98800092211801027
56.350279367019475,-0.27173900829728648,1.9739335054979117
56.621806123446291,-1.6407081959298542,-1.2007918007300664
56.126833152129535,-1.5725722785823102,-0.042079455553310427
56.755941771168459,1.3016459235842359,1.260334682410009
55.4462126435958,-1.5794938374483918,1.0268589939337114
56.478267965514284,0.1260056920040824,1.9255168055101999
55.339168691300095,-0.076927531099286503,1.9822481785192445
56.292518482601082,-1.2049570363819135,1.4382464221199878
56.970276549072778,0.95819330745018783,1.1892498043110089
55.250337109596195,-1.3605959409416364,-2.8528164389000938
55.941229235658206,-0.30478450366250481,1.7665206773063611
56.484404277065451,-1.3546398513950442,-1.539898440692854
56.700277791657051,0.87954783401698955,1.6515933807937988
56.033268762915348,0.63165629407567092,1.5001868526424542
55.585101767174081,-1.1198835267253897,-1.5508905405579969
55.397861174668193,1.6290759744871537,-0.66858529126994504
56.331145344799801,-1.7216185089889364,-1.0184393172040227
55.660498390299978,0.60586803976088643,1.6248069959750178
55.741819279002165,-1.3126462815661257,1.012095914505827
56.846065287422157,1.0513541170429554,1.8079704644648502
56.72421033261589,0.31057518234480602,-1.4082759229616515
55.348790503981455,-2.1235385093879473,-0.43542152882108298
56.569539869097987,-1.9853895749313966,0.23671278925863071
55.802322900350568,1.7411017047775432,-1.4624206405476687
55.56678628010085,-0.91775855032619358,1.7381429391225354
56.362132732496129,-1.0760132067309802,0.98087968441553508
55.693863850940637,0.2616498769049263,-1.8344444244689755
55.123224899626493,0.37950328678262119,-1.9273378393952039
56.190527833571565,1.6684619574049684,0.71434240580076502
55.240615761806502,-0.81276793113614298,1.5677838576851035
57.109215938075607,1.481532310066584,-1.1911534621658366
55.953488921515564,0.8045275093484795,-1.5750680277415885
57.139517616589224,-1.3632365323106943,1.3364511711890503
55.087566405388912,-1.5001129365376888,0.27046575331345774
55.63678105880544,1.648805382278989,-0.71676320448091646
55.904066850482835,1.8636960220758907,0.59374086592527475
55.393302909729755,1.9014332693264075,1.1071983140756418
55.135552670782161,1.0047600825758716,0.99615196015048391
57.254659733449309,-0.8805445978305525,1.273792601695769
55.510032020652666,-1.2221270013620429,-1.2265612131792984
56.848541011074211,0.97504834020923048,-1.1268916176662316
56.252647965499776,-1.8976049790729255,-0.35039876193057512
56.509454874224751,0.039930759304714923,-1.1441157453487885
55.193538539970021,-2.1986907778822675,0.28949959406799392
56.18899592409764,0.16963332098938175,-1.7216630031737463
55.833848684985682,-0.20542003649974835,-1.6885812604491677
56.125235747489143,1.7211060209647038,-0.88972878105443887
56.262921538708852,-0.99407097657415899,1.6067042470978012
56.735083103246438,1.5716915916373333,0.64508438286877479
56.827407337515467,-0.73551179779091425,-2.0521185333058432
56.735502611538415,1.7527112220092291,0.14378002300261461
56.911463437496081,0.97373613384627145,1.5114291613958817
56.378882932717296,-0.68615964488943393,-1.7297163841737293
56.138560014751285,0.57127111400619845,1.8994985345664266
55.474575693755284,-0.24743807416838309,1.6415869609333764
55.680992771084668,0.63332590629695595,2.0826170782044149
55.656224681451548,0.64431601144958806,-1.790005420916722
56.27917094628782,-0.80183036386343653,-1.3066546011400504
55.433200930143812,-1.4232371593126609,-1.2673151546872765
56.973468846238333,-1.7224933997765548,-1.6146901078431832
56.332857415234784,-1.7728035054445721,0.70658298379594187
55.53965949428995,-1.8363350159852985,0.20914731886615451
55.637148562539039,-1.568401692728058,1.0022053734928746
55.262258553532753,-1.3808108090105244,-1.9407928964941588
56.896756471901398,-0.82307697383844591,1.8706945974970954
56.314950625290557,-0.52964463812630846,-1.6549512578729455
55.388496003116245,1.8235469007689153,-0.65899985182697185
56.114367197959837,0.83763534262102834,1.7238290426755849
55.732524008741386,-0.79855473858092318,-1.7886664431996582
56.410130078202677,1.7178667103151182,1.4986364625862123
55.405776839383101,0.95724879479072145,-1.7916387186602469
56.825131085120674,0.29281277412590229,-1.4485932468633165
55.966617061889075,-2.1351570295958511,-0.56853897737602455
56.86930704864784,-0.80985037845250218,-0.67341836945750122
56.450095308304491,1.3869947491140844,1.7250062300062985
55.771566756191127,-0.53021068435898511,1.7460329290456083
55.46611334728707,1.0841178817327577,-1.5419267542632193
56.90460173512632,1.8008299668084633,0.74034600615098778
56.292092763750574,-0.045769463807551813,-1.8792353564667796
55.341868536783466,-0.91893441039350843,1.6453749598725018
56.644972874001397,1.7987895047068405,0.95037620613274276
55.987839373066329,-0.21783460620176176,2.2059986055625869
55.55246998189412,-1.5797340338707475,-0.096498507205601339
56.462868719138669,1.5759817954579407,1.0702379564945541
56.536569398695839,0.73276433847318745,1.8485989010772939
56.845414155622144,1.5089286470455476,0.86549909184282192
56.048267711883518,2.0166263276435128,-0.69537950197201259
55.462230633507168,1.6039593752155055,0.22164920706517974
57.005793965326106,0.27512623715812951,1.9674285134611149
55.992392947163907,-1.2213406638236732,-1.0138018313848516
56.406347413873611,-1.4656274233108992,-1.0812105106470737
55.554394779053084,-1.0016370942210868,1.4085364463953827
56.008470694088217,1.2493391358530845,-1.1836339682907961
56.265312964424687,1.0726442142793675,1.5752885200936415
56.335160970200072,0.68008007683840466,1.3904703008154884
56.567148216901636,1.3398445264159053,-1.0231892920210925
57.076277177705933,-1.3008993390344321,-0.98940231935003664
55.768164832347772,-0.54499337164681838,-2.1102211959197539
55.172097423393886,-1.3335167836654085,1.6008952081181782
56.462755035550117,0.93693373974037886,-1.5796692377901504
56.235314826293141,-1.2046707480971439,-1.1499972230656208
56.776260902934801,-0.60729452643522974,1.2753801782968299
56.406723164124948,-1.1120867607525327,1.3902877874676629
56.529385447748531,-0.061389116467895639,1.8508335043570665
56.554420826731516,-1.2093468008030013,-1.3056535680149395
55.499490588069463,1.6536342450409804,0.54389842475893024
56.821511504213085,1.0668634940259401,-1.3250510078759372
55.37325357283342,1.414833521568037,0.78958187554973325
56.216799945394705,0.63963556797132837,-1.8280290286850156
56.246383327980666,0.42780437451754599,1.1246736590567366
55.399097148732089,-2.4204491245918778,0.10951646592364407
56.742440946531431,-1.7161472345544506,-0.4620464482564135
55.920520654813359,-1.0318778626536487,-1.2022099117878817
56.040468391996157,-1.5279255375324132,-1.3511808888058257
55.712307764104551,-1.6262854922968257,0.88401282827364969
55.147790273418309,0.68586743819991303,1.3877246265205163
55.812277871893237,-1.1240305089849696,1.5436313966715562
56.631673434832933,-1.8293187615148843,1.2481445201791626
55.702856261025907,-1.4851925355347588,0.34085351547523113
56.917940322609866,-1.0691460605282712,-1.7118315489203073
55.8802637248127,0.55484428596200353,1.2408800613762252
56.833312863848946,-2.3292417576826794,0.043383495564555424
57.180859454842569,-1.4550392415277438,-0.86029832938598683
55.644451108147187,-1.0254888534467521,1.695061658878406
55.254222009087982,-1.7542839285102103,-0.99970189008511945
56.268397628201043,-0.1675525061961827,-1.7864486339311672
57.112254945902713,-0.56816155074375529,-1.7515859656336059
56.285617295978888,-0.94646561467498225,-1.6584388323263979
56.880115455164372,0.72494693291675172,1.3715469667781472
55.989478458370868,-1.5950897089151348,0.71723537744359911
55.60707823667861,1.2462783249362528,-1.334610333148387
55.809997410791269,2.0636194124560565,0.27744661845387147
55.944165494194237,1.0789053809646658,-1.7006129361642912
56.585883098073516,-0.77383069182461994,1.8419008097263907
55.569856069504397,1.0181763179871903,-0.2483420846494879
56.002278256945864,-0.41425921768253055,1.5698154316050121
55.830600215400636,1.7283095622624551,-0.58498837160693606
55.680269350052967,1.2110606812371167,-1.4659835397855401
56.699234035818513,1.2483310468869948,-0.92540265485724738
56.716816524155632,1.6243479675065458,-0.65995089187233902
56.993559721975849,0.10702864841216526,1.866378503328312
56.561769540995542,0.57053630993727389,-1.6875012401250804
57.083106332310933,1.3002216341506738,-0.93533016486178167
55.457546341201343,2.0320717446113878,-0.66398714061306174
55.544292237532154,-0.45212729418302561,-1.8489150801763403
56.425634276582841,-1.4947907755861152,0.57305701964048072
55.78455736388316,-1.3955150516309389,1.0948556125657076
55.642778651509168,-0.088281074795158745,1.8282454020828831
56.940565913806488,-1.2113176528358962,1.0631435250275463
56.52553797786635,-0.76297016729176137,-1.4500299875001872
56.614738014165376,-1.4722604004329263,0.47892705258907725
55.261392814335387,-0.63017308853779941,1.7962956378482187
56.803283346828273,-1.0648963602869923,-1.3417356814452264
56.488552567436741,2.0540543899987131,-0.051903489858983749
56.16743284753661,-1.8921647463228692,-0.28937380062586548
56.047737084567714,-0.9375826745300273,-1.6283818566519137
56.493389635402281,-0.96660178560266796,-1.8096807954829559
57.143148545662129,-1.464318224121993,-0.057409701997644252
56.537072795683727,-0.22752110977628476,2.052339934233824
55.828231260814228,-1.9508035366587981,0.70173950578113586
55.324690284627721,0.41429614173735918,-1.4620638614191106
56.65043955164132,-0.51684069018071432,1.7296050483706071
56.809550251472885,-0.37702653941765707,1.6553036655843347
55.78970266782882,1.3642689684005191,-1.7682235167209079
56.368087847764293,1.1370176127488603,1.6211641149088292
56.362288590857169,1.58540860893236,-0.68262680593976777
55.347867756609972,-1.8614791692247117,0.61064845677758794
55.358776217501521,-1.3785869418731456,-1.6014082906015616
55.636461338161695,1.1054729475701071,0.66150092672885308
56.453183105474061,1.7646730603836183,0.624888340069368
55.492823485348666,-1.1987601087360629,0.73882993380564488
55.931454701862592,-0.66939440676603634,1.7953316166186899
56.834429863685664,1.8112490338883873,-0.62869980559670657
56.331533295781092,-1.1614267675443732,-1.4397993314428057
55.417376626742225,-0.68705491110882599,1.6246572819583496
55.79995393104717,0.82786576148207569,-2.0321137638019229
56.643305493559872,-1.1348322056663211,1.3004040112377118
56.839030451297383,-1.6940540884481201,0.35543424757582437
56.296690329679699,-0.020769400073779105,-1.9485504590556608
56.643223141309143,1.9310503210133696,-1.1226760109199954
57.1335724105829,-0.55035144992809193,-1.3972985684958272
55.795167828295995,-0.48970553966045821,-1.2001886090604947
56.158992933788291,0.26276923333068347,1.7558298048778167
56.100019614561546,-0.90711317136563385,-1.3989253583573902
55.628284481100629,2.114722314188723,0.25975309460134416
57.041267753179028,-1.3909937196616882,-1.2338706286991483
56.123813511735129,0.8288702291949559,1.4797408778815972
55.201180093419609,1.4352802158270606,0.25214179589554198
56.816775939640316,-1.0584896863349365,1.1018568047364385
55.461602743729486,-0.69286124432740159,1.7591701895789695
56.574772091017657,1.2565220295164585,-0.95197379565506068
55.951063568617251,1.1367884773551786,-1.3938469321436606
55.431849047427789,1.0302888304083142,1.1979160643391422
55.26652257885997,2.2742287077750896,-0.35303094204145974
55.703001234700054,-2.1264084812903805,0.55173497140131966
55.652178349168516,-1.7947146786572337,0.96551111652614729
55.566243553365879,-0.93440749085669883,0.98207429587518724
55.88777024065886,1.2502352397762928,-0.89942477285733136
56.46948766363888,1.4002445502777299,-0.026141990477724725
55.889249560488899,-1.8204704337447548,-0.38134421211828706
55.941241798260606,-1.806443710153363,-0.81986859358249997
55.551307684340031,1.5184204666235894,-0.48197801602468782
56.024951736843093,-1.7735137800098417,0.70082236511851803
56.957212986590413,-0.58089709479272023,1.688105315690027
55.424156099923096,-0.12631021199157136,-1.3959974427826392
55.512440918329311,-2.1154111216377887,0.59362966572702047
55.591277423163376,1.1198863202194118,0.92276090044105519
57.155871754083584,0.054228506094689724,-1.4017779517999065
56.147686247393096,0.23758362695303645,-1.4748634488206649
56.253910681599706,0.0026419472481340987,-1.5866506172744823
56.756698774042079,-0.66945597404052881,1.5528977584547727
56.574017011809602,1.455970378726825,-0.39617127691621556
56.57972403047507,-1.3142319850473496,-0.79448473886192494
56.067715857384648,-1.2584481862555166,1.7930614008065704
55.233607831568449,-1.6339716189086488,0.094196554846075073
56.024586888116765,-1.3282562284159936,0.98580751040048609
56.786549262212645,-1.5113421066217398,0.26238602469579109
55.418690764408723,-0.047996227761651064,-1.5975891998848109
56.750327794527486,-2.2501135719427636,0.93509516083796729
55.641704773303196,-1.455512562261708,-1.3456840332953739
55.737086400162383,1.0173638967217762,1.2985995405473076
55.539521510244384,1.1021566208629427,1.0856894726287574
55.670471419728187,-0.79747542518398729,-2.2446312339968446
55.936300162606379,0.50055283048483667,-1.1692856164043968
56.30710636799644,-0.15985833495205501,-0.36676672637051966
56.201001385946121,-1.2665320227413586,-0.13171501130929722
56.450521186917932,-1.721054063468237,0.64007787553431383
57.305416327705196,-1.419322531693938,1.0391597556824321
56.402213365590086,-1.1803761537393471,2.1638281759671187
56.843585992064853,-0.33284562161450093,1.3925538073953607
56.83960419998666,-1.5499884452134096,-0.96935035042471507
56.231846162482377,1.454263918960196,-1.1082548779207717
57.008034988702668,-1.3704530799278807,-1.0091400138462703
57.015872739522671,-1.6012597670647521,-0.081280344764837725
56.966336416458859,-1.1001917916728925,-1.4169223219146099
55.837200317804843,1.4116517043295396,1.2807000942974265
56.107743668894415,0.93064605847185089,-1.0469067993676111
56.517128558934033,-1.8778338775398276,-0.76591240564819862
56.284781363347619,-0.11216731944712308,1.716399795372338
55.618888300974923,1.379581389226499,-1.0944552097712841
55.475831995268912,-1.4972938461948173,0.78590540910945483
55.535833859180208,-1.4776623458499376,-1.0854291393942901
55.361035130188604,-0.47742351323633608,-1.5278387193915788
56.316235439900055,1.7951364349574881,0.2694771837440979
56.547921872794134,1.334762865032959,-0.89463867503074945
56.697599774940393,-0.4427594440953786,-2.8382521312757025
55.672566054440829,-0.92876607201238681,2.0284811239748262
56.408355020171705,0.40589511413891988,1.574299293784744
55.798709697810807,-1.4062562703395249,1.1730390826189756
55.935853055082575,-0.77674810317907439,-1.4678906796760716
56.564342039534175,1.8250321484464673,-0.80607990983146838
55.769365029834866,-1.1164750607522431,1.173554766742859
55.381226244798142,1.8382420241628981,0.18625022244929798
55.792595872916692,-0.07528212274803095,1.7547021977157962
55.451657708215976,-0.79154825937734596,1.7597738732999038
55.928723166552174,0.92590470451770246,1.2697758347164063
55.687793901428684,-1.8357579952512937,0.31138058570909388
56.103427081372089,0.52063233764044259,2.2305574200750926
56.846375648813954,1.6253519479204008,0.51562188556943522
55.531321571832827,-1.1606958880548877,-1.4564054141701546
55.425603935814429,-1.8661818336166551,-0.71055380814551883
56.949280678276942,-1.7905353169707474,-0.3186489937325851
55.713848347553593,0.50401445042214799,-1.7910254074013114
55.309883718312697,-1.2405962625114786,-1.6109182202979373
55.904738770884286,0.30364058962771484,1.8460918955738077
55.76967841873752,-0.11426564271837411,1.8371781914456446
56.406275595257377,-1.8913132423431975,-0.44432565246270989
55.553909992097303,0.58062590804614578,-1.6032399347394442
55.616554308053963,-1.61569248718193,-0.19565124639101159
55.674399057829639,-0.45269439718877719,1.5103549451162044
55.79498446757453,1.8527856221406498,-0.047826553560758017
55.96343084922011,-0.62824926656721969,-1.1870723817168529
56.803168573258624,0.4112195790491634,-1.5965926367152665
55.875873797526552,1.7977988304599151,0.23657709457866952
57.179590831321597,1.0428277071070986,1.6940067514539776
55.813048704231718,-1.0504215168335602,-1.6253784279363293
55.684515531217293,0.84494062441910123,1.9343798028931656
55.1869250618211,-0.8328396959497032,1.7156166094378573
55.75503888727836,1.5323632179245013,0.050952774600746334
55.524571526435828,1.4131198998049197,0.93675794878508434
56.55141649175755,-1.1312368915363213,-1.6666092974657001
55.792506505296231,-0.12838422530479443,1.5687682001504928
55.320636001253632,0.89971990743777597,1.856785180004854
55.55504812330858,1.0592266151329053,0.91925509933351424
57.173885564304463,0.69717363247332498,-1.4448097431379798
55.807442296752612,1.5648409465374045,-0.39648559539314726
56.426395378631632,1.2294804586295816,0.96070526326729755
56.418878412688997,1.5742374458430219,0.64219164063037093
56.467761927327246,-1.6863089120875603,0.41867481948967167
55.7231048376606,2.0721341395739294,0.49346029148898779
56.086850574860598,1.4520457156849904,-0.43325686387339657
57.021831366704383,0.6651445305677296,-1.5698926069551233
55.262589446847237,1.6279482844768038,1.131614662954703
56.966588358107714,1.2928356889329629,1.1881526255540102
56.879131801949143,-1.0182380422503339,-1.3779283085083553
55.944095161133312,0.8450894543783416,-1.3866528668916183
55.75571490908235,-1.7778216384498893,-0.68197541572573017
56.82781125119218,-0.34523693635704361,1.476027412137491
56.804630656224951,-0.46520993943479855,1.7360071009643467
56.568389999402385,1.0084362545054861,1.7542271734850736
56.946240277464277,1.8767454002035784,-0.11372264698518843
56.30314981450757,-1.2862165722350025,-1.5928735424739815
57.129185597618559,2.0511375917516737,-0.16880356908899072
55.885665852855041,1.4986597762654832,0.9561993556153493
56.878678904141822,-0.74952894172055762,-1.44434726509414
56.9604652418993,-0.17986530415271376,1.5306064560265016
56.5283143636372,0.57155190221900154,1.7173679143298692
55.504644281139853,1.2956553920809721,1.1494196120782552
56.078009357405797,1.6204369334371267,2.0346382237242411
55.413174734492522,-1.7119407952030721,-0.86027580918268509
57.033336446727446,-1.2816798760319021,0.38171154872335622
56.869423199355133,1.3094491366410108,1.0690612414156002
56.977802531710438,-1.3219117131720077,-1.3553604439627522
55.61677981102806,-0.42966823955737088,1.8912692889975671
56.887543257078413,1.1718326760335871,1.1922868610302328
57.100307702942935,-0.92693356180980979,1.9680734328272746
56.810906767416419,-0.41266064283661691,-2.2197882443889019
56.89186435478905,0.56451697772250597,1.693553044438231
55.689892424560661,0.25055170933987114,1.5505971281037123
55.74007091312982,-1.1275263457307738,-0.096147209347463972
56.870498177550047,1.1628590483829695,1.4314206365938646
55.864249822943833,-0.36426156918022434,-1.4647452093098299
55.564082214030151,1.1321855040581135,-1.3469346767959836
56.595486040538312,-1.8411225835813629,-0.42438291516490756
55.372314449290499,-1.80291745501389,-0.71728470370784492
55.388945731873555,-0.039032398836620304,1.7929099252490022
56.771810692447552,0.1088892469886362,-1.7418251623048171
56.338724685035849,-0.11571618167528956,-1.8702631247485597
55.371659190011329,0.90431087885174444,-1.1046167009579386
56.861605931235658,-1.2880608286837638,1.2066015777446053
56.837206942682499,0.2640428443423723,1.9259604919454609
56.863551111023597,-1.1814145751716854,0.54982346100779178
55.335383465790997,-1.0394507391216548,-1.2683710343353183
56.266493740885913,0.59773008768806235,-1.7685529234994131
56.943852119420839,-1.5828940862104128,0.31177606813618164
56.925377860026671,0.027219713877710459,2.0160884445087008
55.26824112622478,1.7822424494194917,0.90630413143507893
55.617051282769928,0.62555834108841846,1.5671617279658634
55.12589946648518,1.7839245782427839,-0.97125868457284081
56.291598372245588,-1.7087458696880231,0.28483682666293231
55.556132365982833,0.10727172296511969,-2.006533878652907
56.39048672543052,1.158299909677887,1.8753504151391525
56.269676952445749,1.1870506375820731,-1.7188529023291939
56.825100293205423,-1.6836802367583321,1.1198462270604304
55.460131217201365,1.4968314079497411,-1.3128306174869393
56.643429782823389,-2.0236863153802389,-0.030186202194432334
56.987471957229488,-0.11593870556745543,-1.917735708618328
56.510846856992451,-1.5832854420044984,0.37892838956072189
56.076750017767182,0.24863815561410796,1.9831247149466553
55.789525048921639,-0.3434589214518956,-1.4897893004689629
55.655771324648626,1.1952975223001949,-0.8931277702177628
56.744238497770588,1.130196208532313,1.2543898175170711
55.907123828515815,-1.3373799408978013,-1.5572854930855098
56.036179722393143,1.5044620040683407,0.95058807154504388
56.57781613103441,-1.4662311413295095,-0.59504575129805104
55.645222629085261,-0.55913250664272107,-1.1734118720629836
56.481402943332725,-0.20358938707886809,2.0089924681717841
57.007638397303722,-2.3095280446220126,0.45345827155330953
56.961830561454406,-1.0731298298294709,-1.1978609131397153
56.449668332150409,1.0115096825241408,0.68105944137830587
56.145886469759809,-2.106759844652307,-0.24920898024288568
56.778988459605294,1.210917222528743,1.5942084870739017
56.101896900704503,-0.86622154461240752,-1.9861180947080901
55.949689008859885,-1.6943334809214314,-0.72640675861340442
55.67672634059209,1.8923673778541685,0.59956032790179759
55.758835418329049,-1.2710133546318103,1.3146495413706554
55.457017890938381,-1.8542178129511988,-0.21941356239210666
55.364123963747524,-0.12638445386823857,-1.7310261194277334
56.088169033245279,1.8720313651051963,-0.70975446834504397
56.525304683587819,-1.6113565329179451,0.65147272505282694
56.154584888536682,-0.4034179805967088,-1.9485352234693105
56.136388073594631,-0.80097714770872064,-1.7390768120080495
56.950101280393341,1.5427992139284019,-0.7857546499960314
56.241814463118544,0.67913397047079382,1.6945338284741549
56.160126510563366,-1.78192941899128,-0.70278029161663491
55.634803966299955,-1.1415840647752764,-0.99431056963528675
55.449882973244229,-1.1871512606214305,-1.1208566985352193
56.972555672053062,1.6013075062927455,-0.34846190374360742
55.85989499426951,-1.2548035903883694,-1.1491554273967872
56.742114734161476,1.9457197938467503,-0.42225725521768231
55.937910588342504,0.92527688878625991,1.6058041811086963
56.348943160811551,0.38992860009299873,-1.8329124004473845
56.874739757948909,-1.6544551502674703,-0.73493042940095543
55.331110798317162,2.4653732555082399,0.039594685993272857
56.68997810185035,-0.86211331400509428,1.2382189486730093
55.549823081947942,1.769384730920152,-0.58283142159609735
55.57678442477102,0.074943105755535783,1.5359227927746149
55.20107438607554,0.83446149932533631,1.0829810600541028
56.622660097583633,-0.83161850565990303,-1.6501359636791693
56.88631007948738,0.61595923772080075,1.7754585235308327
55.890993844050868,-0.35760899739895829,-1.4557016692996609
56.754662658712263,-1.2880319724723543,-0.85796795891665811
57.109826850457154,-0.18711317387409049,1.4942479390129371
55.412205322690582,-1.7436152242116962,0.63414518015998955
56.74033465692515,-1.3970549273692494,1.0638860021385546
56.542789576189108,0.39652083674139149,1.5037628841329012
55.225230231799372,-1.9745053943380668,-0.52718830217111468
56.035801207707891,-1.6360629090464223,-0.65146146913923797
56.098377765625862,-0.37771715932471067,1.8833491029767557
56.362515128127896,0.94905989857963902,1.4196056966346975
56.938825338531991,1.2418286371690006,1.3961684549228786
56.884227075899346,1.3064052392044694,-0.24793731277559722
55.449727089211194,-1.126498781151771,0.45021260731842105
56.626882371851792,0.86744828214232361,-1.5472167170442768
55.662422596403516,-1.4532598512042063,1.0082005556283005
56.858568471278346,0.72176079719445796,-1.213712201268718
56.580488178404323,-0.028553325210766565,-1.6262968231964396
56.702060485605919,1.1077719570813469,-1.256867662893324
56.984523074380959,-0.87358922790141758,1.4165691410284265
56.340432948796767,1.2228247295348917,0.92983300754838327
56.24066225339493,0.51442402693611222,-2.1007149433061856
56.600098677394968,1.3011610375079785,1.4792588683004915
56.130439811431501,-2.0049725559454794,0.37267855286256801
55.954759121629287,1.8976536750989992,0.26401147480315745
55.924563392335415,-0.39514170324355841,-2.1853291873566807
56.765818739789893,-0.57026162340967435,-1.4733719422349985
56.301396767450306,0.3129792247799762,1.9748311715864217
56.154734298277155,1.7883519361060589,0.47043850778632934
56.193772070313443,1.5163385551718607,1.4303083593472756
56.1459337201387,-1.6666582047453897,-0.16382690794261076
55.789078713087505,1.9601377012644152,0.068039055008076291
55.727959727632978,-0.8168729747578809,1.4511405844296006
55.822257872402496,-1.9284616614209771,1.0042100576016615
55.557969946202498,-1.8086736844147382,-0.074811704564481288
55.341247822754369,-1.2926810063696885,-1.5773373520828977
55.701066455372455,2.2019472521820638,-0.022509163077641892
55.983066742006002,1.9970147610758382,0.36570929577203404
56.459477200682279,1.9639745230932555,0.58260404230331464
56.718528610703743,0.46744244632487264,1.5646049227224541
56.521077399678411,1.7856118754720014,-0.33864134466483792
56.959482388388572,-1.1472843068318315,-1.212113777280925
55.613061662829729,-1.0049010814249717,-1.5618991139925795
55.854072729556194,1.4052207306521589,-0.55642802651991941
56.654673127784172,1.406373061669947,1.3110969997746647
55.331545978700809,-1.1709855662840387,-1.9408648055190436
55.283352436761234,0.57645827675858718,-1.3838173894981778
56.829899905423716,1.111761758166349,1.2714116899494941
56.629413831838605,1.2308627605128388,-1.1609002579489627
56.019016975871949,0.72888931904202481,1.7335423175518141
55.350396850392222,-1.3828064963298927,1.5196135149817556
56.089262603901759,-1.1046095171007255,1.0758480426864307
56.45238030876358,1.6563089103380968,-0.96913889479327897
55.78354456063397,-1.3298701518376292,1.4598816721786951
56.590475800691046,-0.34938055508574534,1.7929048037784028
56.338044704579296,0.87006137397937222,0.89729292196851984
55.12632358453147,-0.6992073190426783,-0.64167325309366774
56.627172500090815,0.71231074920619064,1.9040912500357656
56.414471611852839,-1.3456229889613827,1.4621778641667269
56.505365380831044,0.98451742193800951,1.1893453399477161
56.939472032707585,-0.046532418714618384,1.7893027817066915
56.44848845563947,-1.2299923575774598,-0.6136209475262725
57.096657819464312,-2.0686574518445422,-0.056161043586721283
56.468215420019966,1.4102833341608176,-1.5181722883396582
56.142367089788827,1.7414056853216435,-0.25480599466582182
56.619902208499013,-0.015498673864861374,-1.3953680611247672
56.404669356285808,0.68537331857974071,1.4061457301451301
56.347544389810885,0.57623404523742527,-1.6439987891461043
55.450356073558922,1.3956065256054353,-1.2441554591435253
55.681014744937336,1.0082210407128791,1.2681032837238533
56.617674082778656,-1.1246032037946538,1.4897752976674568
56.488139923862967,1.6406548816821573,0.79452873327489482
55.741897152088548,-0.95400357350376763,-1.5604523951129199
57.012682142927581,2.1701343336564909,2.0778499961170955
56.001247874688964,0.94547685679143834,-1.1033369880400863
56.548475057919525,-1.2243139247906123,-1.3654182420316296
55.578529605119193,-0.97119874638119963,-0.91756395119870182
55.190527444704095,-1.6358434017100154,0.30747468015441293
56.333583433747485,1.1425464020288976,-1.5025814201976651
56.581346309666912,0.30754297463026381,1.8140541201311551
56.369405130023608,0.35707817657098784,-1.7480779675128304
55.498950180955596,0.83073140104719867,-1.6086425825705923
56.484533618432195,1.4924422999056544,-0.19505153779988629
56.014667921053153,-1.4829336822838473,1.0179177505308221
56.633990219077674,1.5106667396111146,-1.2778425645792502
57.050213820408473,-1.3427405876139096,-0.98945882534595009
56.972027807302091,1.9099646193400392,-0.12374650443366679
56.35444058039598,-1.9964085882974871,-0.25097083024126188
55.238143645549854,-1.3550381468884862,-1.2604971962146745
55.830158273334426,1.4798315546637939,0.68350026392306285
55.690434837478904,-1.4313503704006811,-0.45078938451182904
55.752172959467991,-1.5737634463795096,0.28200450866781462
56.942736558065057,-0.75801097648003835,-1.6345275264136525
55.391884895392074,1.202175082800548,-2.2508176333745342
56.593408804800546,0.60387369555391501,1.3501836434020347
56.267035798866623,-1.2067122091667322,-1.1953039202218954
55.722648062154363,-0.4147684636842443,-1.846621650376209
56.983417948529002,1.2251078882720474,1.3768267929226958
56.59723502781415,1.9690533758893463,-0.10560907119282754
56.751139573273591,0.63034158048028188,1.4472676310840069
56.233070170261357,-1.1676633126121896,0.95993512392440461
56.241742210631557,1.0791151304766566,-1.1416137800406398
55.945314210937369,-0.77155063951534386,-1.5665576144595372
57.020955515426081,-1.9892947754964425,-0.37208424572846183
55.400489985506979,0.95576342532778957,-1.9088247067579533
55.81051160550745,-1.1916216954259817,1.2272990376705331
55.673424723188454,-0.97869711316513552,-1.5750139283782991
56.817668519617428,-0.036393418789192729,-1.6853305688996012
56.880612918087998,1.4649957496174009,-1.6894006271780988
56.277417403387446,1.2197751135223667,1.3083235896740721
57.232238395334619,1.729675932263961,0.74895392336113875
55.975020696966276,-2.1966746849206946,-0.45414797241740473
56.229207665417924,-1.5471625168732419,-0.95392331848957546
56.072803706876115,-0.59505840709336955,1.705644742209707
56.429152753752561,-0.60603589450600259,1.5878162721464117
55.666260538491549,1.5821981286856943,-0.52412732856822686
56.617109470039388,1.2608049594802491,1.6088939703264087
55.977688325331073,0.98746490750620852,-1.4670330028738943
55.463494180496149,-0.67866269130609957,1.542088006364249
56.86238997320136,1.4479779253594858,1.579226500770684
55.793843304593437,-1.3810752940847482,-0.91258842568652709
56.200759603140853,0.011002894271452516,-1.9261829425505264
55.891130251028642,-0.08449800787362885,-2.3140118985760196
56.70336889677089,-0.52029698150845205,-1.6451548247900289
56.851326561896826,1.0857020398223065,1.1327111614356664
56.657602973176573,1.316695301588561,1.3129445546131986
55.978460319358447,-1.8749053952586172,0.16659390612914282
56.780575390221379,-0.71477038147359007,1.4951010521565544
56.45218969204371,-2.1062365926992412,0.60820111672676747
55.906237206486992,-0.95062505863897528,-1.26865269366728
56.235542733214274,0.54223483669719197,1.3081754895810676
55.611334829267967,1.4084155403350269,-0.74856189689425423
55.246990567128364,1.7678243676435457,-0.83316699481224366
55.9314631685533,1.8635514309490504,-1.0359432550803904
55.488212761188528,-0.51416193229544771,-1.8309330932760313
56.666941064918035,-1.5834719947081461,0.29265903261575299
55.157384063664267,-1.5091354715675553,1.3771068975460368
55.381741185017056,1.6610899476459582,0.43169819218487149
55.905991267694404,-1.3494052009850797,1.5862678381721618
55.915254467126424,1.800721037000476,1.2455659008778674
55.577128258052078,1.5224425922878289,1.1304494733527881
55.621041869590925,-0.73640725062967294,-1.5695269820160513
56.587644671861817,-1.530889689662748,0.89948261649611994
56.084649095244409,-1.0248584335874982,-1.342291070273691
56.187763129600675,1.0886972902237662,-1.0579446891440736
56.350274161473479,0.24598561374861821,1.4913613729535637
55.668690070993883,0.94598718901623602,1.291952790949578
56.182807276840805,-1.2420087995400395,1.3950485005554736
56.062055494878003,0.11920801365605212,1.5117074959658456
56.07233117464839,1.0916863082233996,1.5651855727490358
56.865851732678536,-0.44370350311371271,1.5666725879243899
55.550328310827794,-0.18872358528810204,1.628772973627979
57.021096709091495,-1.7651467587892939,-0.53287864888954584
56.583434707067241,-1.1099902452535175,1.5396264693214721
56.936181384622238,0.93157606985714858,-1.6170105247320852
57.09184396305421,-0.1848530834604441,-2.0270800531015447
56.861259704851349,-0.57965671677958019,-1.2025435107236333
56.419444515941834,1.5479727284549714,-0.91894232757777405
56.401693109145228,-0.30840436330968357,1.6715585073110504
56.527270307323548,-1.3627776539296845,1.1439774879445552
55.786316675903457,1.7930884550649435,-0.60454903492670542
56.414546417355993,-2.2223956444365474,-0.60640802637157387
57.026841066869814,-1.8098463663098281,0.07168505684622821
55.483102402005784,1.6348367862775159,-0.73300673383798498
56.862880409386563,-2.011009534724868,0.13382557345375728
55.715809906702646,-1.2680277652152376,2.493108274836493
56.868470016517719,0.84412696940278187,0.14321237831610309
56.038783045387085,-1.8134432561619582,-0.14333182741175318
55.989015758770911,0.73791301224323036,1.9013958677739589
56.459659206768123,-0.93718989850694667,1.1443716927465926
56.521904503113078,1.7957380268127709,-0.75091179813141096
56.633394345228098,0.63741925755493256,-1.6433905665849045
55.970782098110462,0.79374995497957257,1.738677224623137
55.551095091409515,2.2664693935952283,-0.087384640343028466
55.152805064544175,1.5316383295723948,1.7783673321452311
55.367120041725038,0.98495127840833352,1.7574878799649027
56.391439906038656,0.81615705781655024,-1.652652772017424
55.557872963000634,-0.18472343434590749,-2.2811817731753874
55.791874247468733,-1.2489664869264696,1.4864869920827852
56.242549673379521,-0.94011339766575541,-1.4988449274888045
56.431837439129723,-1.3586301900772706,-1.0284138838089227
55.44552368010109,-0.62179426224541456,-1.8365616676137204
56.131170535516489,-1.9276086390010561,1.1822031174482592
56.087773425620732,-0.34494530563364667,-1.5593704161680704
55.677837315236438,-0.89682146632610438,1.581231260592207
55.298902698670389,2.1884598797588586,0.79800180153092681
55.58832845611024,-0.052614688280365515,-1.6615781926011766
56.281342402699075,-0.27957932058381163,-2.0082614507861267
55.41738125396234,0.52720955863024521,1.5946515366935745
56.241803107863895,-0.71217266949279656,1.8939216101229204
56.662994812280239,1.6275131795669764,0.60984037418580139
57.15600127178287,-2.0138502000957019,-0.47681493728667723
56.589394430199178,-1.0568659049719955,1.1977666836313292
55.49962136768508,1.0315615690333746,1.2532613644698043
56.93452310909791,-1.739198686553421,0.39915395388777281
55.349409180616576,-1.7903480798013478,0.26028635864366256
55.793661265815643,-1.7214422949439161,-0.56926838283960413
55.37003722623308,-0.92469117178591254,1.7749817157943972
56.129931167279842,-1.8764939358573549,-0.01346101687385699
55.660751902955816,-0.33440444293892208,-1.6868627656580637
55.187382849466317,-1.2579786270156064,-0.74900034221888911
55.781854020130162,-1.5068393515403755,-0.45821779111188915
56.469395438780381,-0.050682182775245402,-1.532812657121229
55.594085542735229,-0.37478624894745544,-1.5412148486217911
55.936060419962729,-0.56785822996999635,-1.8842355684392422
55.750333111781693,-2.1026078987210828,0.90930439198331769
56.642810754071185,1.3060504166323645,-0.92597844368501148
55.861424657526442,1.0978864214387134,-1.5473941475588127
56.600191757425755,-0.88989993004724832,1.4152923096120802
56.231993200454802,-1.9073348853761438,-0.19788439275999223
56.971057831337681,1.3378692350709442,-1.1748021181776547
55.23351121256453,-0.82599943963501221,-1.0892262321925403
56.325994354468214,1.3669526946167967,1.4405715396531655
56.50277666945648,-0.41673570189197551,0.71523820195986654
56.133400659062147,1.6240991144801955,0.56516743874835962
56.128725951885016,1.1376635788553586,-0.872476775230835
56.945794811106801,1.8564653010115382,1.0208696533872434
56.189216297091519,1.0302980480005421,1.320577890639248
56.938698449059459,0.6923770682636492,1.5581770316049723
55.483111935081638,-1.8150268834356353,-0.31066190210456607
56.250952392595451,1.6213684823121364,0.056012434475158357
55.766176529609993,-0.92452872985360046,-1.3275301441320217
55.969065452398425,1.3982188684575141,0.07252621027522127
55.665572697212397,-0.65099362601808841,1.3570176792515238
56.964012724040685,-0.4318627260004908,-1.7678805125591932
55.790989575841834,-1.7109451958932071,0.089653795426646157
55.932887178027784,1.7345477525238342,0.47109633027621128
55.636120989085235,0.50596612582529832,1.6652939478556659
56.066342041533204,0.27597561834317691,1.7013547542101108
55.489156921505106,0.65569785810193504,1.5075574626173849
56.418267494777133,-1.038839172061456,-1.7161896073885146
55.903920244563182,1.8219602890745672,-0.51251751454547412
55.395205473648041,-1.6464257214523905,-0.38838768835137077
55.886443510529531,-1.9151426544728165,-0.02385298578078443
55.907516848491248,0.47408078110212137,-1.7642477214945678
56.224698083520657,1.4381364510249763,-1.1463799589471557
55.805207370377993,0.90680059027673054,-2.0747724212139262
56.456011726749423,-0.99246390960346165,1.4616177326122299
55.429549357246785,-1.8953090878649892,-0.13535670516978321
55.211751213757935,-1.0675767629822968,-1.7722368504372592
55.880126593625981,0.15243797358659106,1.1871518337983002
55.350959505575197,1.6806358004349595,0.64360951597219218
56.632786182124448,0.46735730252222535,0.87689797393268099
56.886287113010837,-2.1473029139638373,-0.60629808294448539
56.670927862438759,1.888785130033217,-0.11809209850409728
56.521398982573416,-1.7009156827098326,0.43525626555016511
57.001354149713521,1.5531909079139656,-0.74156194099322836
56.628178303769936,0.614652891378767,-1.7882475094908294
56.797098907578395,1.6892490009575285,0.65176208480394016
55.926738001457501,-0.31887542084915788,2.0149765708352367
55.653452390922467,2.0578328509299775,0.37762500178545338
55.822640465309554,-0.88539843399259477,-1.4157300233504553
55.392693517813456,-2.2458115791866673,0.81446784406035544
56.401323019325169,2.0269780834981423,0.051733710105052365
55.471240337366993,-1.5360505829410276,1.1075374534474116
55.601310011555583,-1.7662728589579677,0.40375365442342626
56.73344646652658,1.2228716017694807,-0.98533132606802853
56.110986632434596,0.84916099648701404,-1.9006601432348873
56.724287029208661,1.1977366556584286,-1.1731175839137593
56.438059451664557,-1.4719882518972853,0.71834191330500974
56.141495589013253,-2.1318447600231347,-0.82483308091316832
57.160404425184311,-0.57527930631279367,1.3371325291089688
56.376861756708607,0.10910772247283949,1.4946438636991553
57.014091308851889,-0.65600677203822766,-1.495449083380991
56.645473065957233,-0.12979254665025472,1.8284802414600134
55.116790180828737,-0.2980886946735104,1.7735862628197032
55.234728512449145,1.2715171701605799,-1.4625293411697982
56.903218538523426,0.67154106552875459,-1.4775797138506426
56.984183220263972,-1.7716445921471056,-0.22835234875898841
55.365042595058085,0.05492820797721356,-1.6652260062761026
56.646479210093908,-1.3612178897708922,-0.53854995601370959
55.935814034045592,1.8093296736106517,0.34255341417432694
57.068424251286928,0.34652439058246687,-1.9107874797481472
56.475726476024512,0.42241932817807148,1.0684524054542606
55.69010963808158,-1.9089176567981112,-0.27906561074895037
56.197497926390625,0.0063825624906852108,-1.9057339152304953
55.358197884474897,1.3830459342477734,-0.60669485113430699
56.061645259214458,0.38239770060615291,-1.7423130681483423
56.573117787129988,0.52919721560733557,-1.3762106008741768
56.438520222655526,1.7757424561588595,-0.016590939396392702
56.77932039364039,-0.50560458158680066,-1.7922950360038319
55.287803833436101,1.1152104339492839,-1.1623203007936052
56.57478468272442,0.81830956753303874,-1.4298675478484388
57.135445007939673,0.24717147938983255,1.6205956599846572
56.273128111143848,-1.3818994365800161,0.95134376439851531
55.614386594247506,-1.2998826469286331,-0.93521546097189945
55.892032571959732,1.3485298004411024,-0.65767672923756271
55.227716800015287,1.3176042590946588,0.780641499436175
56.683150573714535,1.2097813146049687,-1.1565002792528292
56.814941038437517,-1.2120682188098746,0.53492233785612409
56.257567890655231,-0.48138194179662785,0.89549083977057808
56.554174647362331,1.1737205458901179,0.68409432028925832
56.251240006828148,0.63893071344600616,1.5416965969071557
55.322651333478845,1.5604144223248069,1.5012116250261287
56.504108941147571,-1.989309286265974,-0.90694232129719976
56.008983886058203,-1.3792094413157263,-0.57794940732152955
56.801459030899004,-0.011833246511306173,-1.6862417719057752
56.064478323515182,1.9811509384838675,-0.14822509452213817
57.049737437056869,-1.4820057244267637,-0.91795007811902096
55.548681691242052,-2.3274553609900432,-0.70061138844590776
56.610741614363789,0.47001023331359532,-1.2593897255519788
55.700334704518241,-1.2844428236574783,0.60135857778414392
56.457094863264892,1.8276064300745751,-0.15290674460891562
55.859239361123848,-1.0306893813130813,1.0897396209135271
56.998840147848647,-0.23898239785589181,1.4450610775597279
55.176026005266507,-1.9792794534781859,-0.72916040537520932
55.465315455412551,-1.556557334401534,1.1883160187135928
56.011714027449379,-1.0385080078316715,-1.0910894394386474
55.762987830702663,1.3665712004125632,-0.44900456503290015
55.788565240194743,-1.1975730412720602,1.655082766823109
55.739590154921878,-1.8210137890778304,1.3374052901864115
55.820529170107704,-1.4177658016029744,1.0474056219964289
56.140806742744978,-0.64082166216276093,-1.6055726871710787
56.69026438984514,2.1084509993813176,-0.79555164930000066
56.953084829609693,-1.7237846427948058,0.34109961670406863
56.264125805807197,1.9605708639343178,-0.89803512445034728
56.333448228269027,-0.2253311380782422,-2.0873344234934335
55.477295914797182,0.61595669578322687,1.4820232369002377
56.249404492006875,1.6232564103025409,0.72640713197407158
56.79944345857357,-1.6846174762278958,0.81860559196338456
55.755337870397625,-2.08086981312095,0.16055500789352764
55.777970682738214,0.2680865639799217,1.3892567411005108
56.352621567013308,0.74943577480320867,1.1355895752172667
56.930793900769743,1.9164869365542949,-0.010217469459016132
55.671739055724188,-1.2549323523565383,1.2597498059069456
56.820628447137047,0.45379322261209648,-1.7311765543413236
56.787179776620206,0.37857077202242717,1.6757626614427221
56.284493865555348,-1.8061439167755664,-0.06487740948403832
56.496801927186382,-2.1192854806245025,-0.014618953725191952
55.443342379220972,0.13489331917240782,1.5100072954444956
55.749845009692969,1.6344687929247756,-0.5156890386776628
55.395115682885127,-1.2732985356069388,1.221161321232797
55.567666781157627,-0.32201747967932232,-1.8151572595730787
56.392918482178509,-1.4219965072398828,-0.54899208580592895
56.264590709960309,1.377079121298642,0.61586125274699954
55.414808613036179,-0.73187604488067315,0.2835366610753563
55.543249516049627,1.1617844627466243,-0.76275009502523283
56.91104662545483,0.20939779736948982,2.0729550517382291
56.174963927488555,0.31791290343321116,-1.8483304599859653
55.266463265721448,-2.143223574633033,-0.412645801670602
55.262633327387427,-1.5931191719383586,-1.6048908991751025
56.655158206109682,-1.4200435764758146,-0.8280849217005295
56.220498520744805,-1.2393242343852582,0.62482110705730165
55.350001243176081,1.5763022220951595,0.64736697924708353
55.46373773038377,0.16429491645429023,-1.6832348111786721
55.41428491658948,0.46605102024755068,-1.6050461397969416
56.944166201175605,-1.6081616035738431,0.62265280135597678
56.95340320713742,-1.7891444112342549,0.21559116600798495
55.538732163971204,0.71506725568067764,1.2783553623322408
56.134852821058317,-0.87964300139809504,-1.4441384162841024
57.054024577956717,-0.64871129458993226,1.4900347313640079
55.982825631265158,-0.026818200942303156,1.6983055194877572
55.883471739145961,-1.8988568777614832,0.76237880294185956
55.620123736669242,0.56908063174314227,-1.3782292231726452
56.343802311901094,-1.3369906986162237,0.94701413175760862
56.574176445995626,1.047930097924578,-0.9770203646510609
56.946053284087597,0.96619659409689496,-1.1159499990858268
57.121136768476759,0.63071563643762141,1.4898864819264055
55.772330132246864,0.53755635386565126,1.5089256680772722
56.724883898165274,-1.2306306621912417,0.45673721093386704
55.439921427383297,-0.83527642020984327,-1.7592463865007679
55.584654775735878,0.66553568919245887,-1.1891080444106537
56.342064502887226,1.8316312157143808,-0.70959548508850201
55.804655811444434,-1.5918534542144376,-0.040526288484431315
56.604364330318489,1.8033684952263165,-0.95845437307856063
56.055070172951559,1.198624003417208,1.3040986547490681
56.196612471769406,1.2519402943171756,-1.3033500433857739
55.34086116224907,0.61241789395329349,2.1020431184892177
55.321133768943575,-0.29954540454083622,1.6172590417035315
55.608142592938165,0.49240159337311518,-1.6498089917011469
57.004436195874277,1.38889501555882,-1.1916241239637737
55.625112350733993,-1.5953248991932658,-0.95138177618146158
55.548157382478301,1.7254565008771168,0.39865538916321452
55.749808296638996,0.21351719297057578,1.7977198802050685
56.788354163644293,1.7599642965137849,-0.13839154003707463
56.65406247512081,0.91731630201804992,-1.0214141301846624
55.5519488209409,-0.59879891396620499,-1.2955563016913163
57.090704110704998,1.5576690288977901,-0.81205165085455211
56.523290178148777,-0.66530517822104451,-1.9809138262633463
56.856903937738082,-0.94275772948431391,-1.4269949392559884
56.723455213505368,-1.0198371431989368,1.7752041495320079
55.832226505290365,0.64426731789924074,1.1048288907910211
55.919076578389294,2.1633269957892831,-1.6699053764367322
55.817305109884295,-1.7293845155600391,0.041005308741176534
56.459815024238345,-1.161046020500365,1.7163397733880443
56.407887432891464,0.69180522227464669,-1.6295550128164258
56.673637443790305,1.409194786590888,-0.53158122554095544
56.439864725517147,1.3958791020864754,-2.2317889105132562
56.583037767622635,0.073130538115115939,-1.7962491935896641
55.903802976819541,-1.3849079760714267,1.4261988803690064
56.031290472885473,-1.0601151427322535,-1.3260977361562276
55.624392436193283,0.30504151870871876,1.6149230837016528
55.986515949649004,-0.65896130887420457,1.5376810732816046
56.874742356334387,-0.29170461895741057,1.7702945677327013
56.545695416070572,-1.2566559044890175,-0.97573325928006893
56.028168092095044,-0.53315490963893719,-1.5566887318048321
56.978959385328508,-1.5752773468151609,0.095405168327945544
55.477636180719308,-1.2942728077228436,-1.0024836466852962
56.108468937515667,-2.0861144305936832,0.90759115953607994
55.747062271610879,-0.75238854774712915,2.1679464941224271
56.738939765106316,-2.4749514748786723,0.32154097821020156
57.250294573013768,1.8018605375091457,-0.63243387013176811
55.818491278804075,-0.49703090236958236,-1.634608915188434
55.753156840618018,1.2307034899842197,1.2852353277849955
55.796311337601253,-0.58033242726548029,-1.2097099836860228
56.982570199128617,0.33042806161030552,-1.8724340278332823
56.687818166429345,-1.3668387870008241,1.2021860397971076
55.947620104396769,-0.2941052472078835,1.7002397831349743
56.373014075371216,-0.17543012009126477,1.776507027332825
56.608795806408963,1.6541004030251742,-0.49053020792183449
55.285526834532625,-1.7289999191468524,0.10672536542918454
55.583962938766547,-0.88690676342856289,-1.4970677912741253
55.510049043393884,0.49686689851864924,-1.8111356382163433
56.625281239311441,-1.3158091188731418,-0.34835569793400623
56.374270756303574,2.3779285821987672,0.076135100273180809
56.545259704248799,-0.6202301330089387,1.503378215696922
55.915488454848308,1.1195230177968893,-1.4324598181656403
56.283858264548094,1.7934195810530182,0.33744128559699688
56.158626218125413,2.2585099693171178,-0.07375345989242052
55.492599244174073,-1.5084985430483422,-0.6991661690479678
55.850085154650657,1.3961040918717607,-0.19598207780171084
55.964784507550952,0.14750095211957265,1.4991844795533957
56.03508680665955,-2.0349054879266397,0.069549358414627324
55.826676295792147,0.83621328308677412,1.6800351419182826
57.094516074513777,-1.7643693256854027,0.61668911419095462
55.510688077921003,0.28185817838002597,1.6567387892041101
55.181613232700315,1.3343938755833811,1.9856890735142854
55.453405847703152,0.94046538286225012,-1.4659206608624575
57.018247292048613,1.2275487311010258,-1.2270202338537279
56.866331361727212,-1.1951920443573365,-1.8287025010965088
56.225212571890054,-1.4588919403291905,0.95213953837673637
56.039080080690901,-0.22194627733593231,1.4279960677763286
56.228571036087004,-1.1091565032749102,-1.0437780603145006
55.871434615304814,0.48263677062771443,-1.7496640213515569
55.17665429979597,-1.4172316984799411,0.08219365716778404
56.982974327785101,1.7669718324130277,0.08830983289760054
55.806574376550373,-1.2456264125163037,1.9147475427236038
55.40407335279393,-0.14127113476747458,-1.6954413818153709
56.726508536253199,-0.043817981201126392,-1.7027693832504252
56.768295981126435,1.313012099303394,1.3960363904433628
56.921670541640459,-1.5717910916115103,1.4724384818357954
55.64604887900817,0.32105796943339227,1.6046399767091977
55.396081912348684,-0.18258235686728772,2.1044503202196414
56.485935480981894,-1.7045678273280318,0.088302451175827565
56.005320112074685,1.7335199283046765,-0.16664008670135685
55.558196728537162,1.5415309499658847,0.58954188974305066
56.855777569717048,-0.37120711924146627,1.750129583935073
56.02347106905583,-0.27688770774230542,1.4949940054294562
55.273457663773748,-2.3678694336851218,0.52139162504767345
56.261264515312156,1.1924240124626257,-0.52456516175209711
56.446971787335443,-1.1860340294264722,-0.70689164434573715
55.505346124013563,-1.8300423858734278,-0.18094653640183217
56.995980616728744,0.68825674896151445,-1.9179027997994655
55.863561255210122,-0.19496282765013748,-1.9096852737472814
55.286043636593597,0.096417435471913365,1.9080953835653998
56.438147566041664,-1.054316413610243,1.080533045525236
56.149851744058822,1.5346062731982393,1.1373625716227365
55.881400192156455,-0.32610391576928438,1.3892270304805661
56.546808615212129,-1.0597108524610497,-1.4963284651782147
57.134033808495651,0.73196855566300645,-1.9462692345860091
56.425591044146955,0.254839176704518,-1.7408039767456815
55.49819223803415,-1.7380820723540693,0.85448144853317853
56.211785826942361,-1.6001524572584913,-0.6902567681398919
56.862224956968049,-1.7374097052535786,0.11203626162899877
55.388543504082016,-1.4615596063743952,-0.6760156495176084
56.520012609161391,-0.8971352063733683,-1.5006792067859407
55.761653606548855,-1.1306739297061548,1.194419872844124
55.549298223452233,-1.5097077341016527,-0.59905866342955505
55.849552794464749,-0.5905838714116961,-2.0004230028841201
55.678102659363091,-1.88669807646982,-0.39034308964018005
55.587803282846593,1.3539734788383953,0.50987992549874639
55.496433222883752,0.44922149683647533,2.066060652015719
56.661171301992219,0.68631445902153476,1.7382725690468015
55.712878814833914,1.3161565078258295,1.1733398143184579
56.046571463899994,-0.90543850438906803,1.454205870373954
55.67716437654407,1.0581446655348636,-1.3226171947843222
56.422507035259287,1.3829947540532974,0.19509827975721913
56.240326236478396,-0.97118771297140072,0.28140517591683639
56.664636889595755,-1.4075362914678502,-1.3826996946439507
55.628529880712001,0.82029356466015979,1.5506345230344316
55.793083623539957,1.4841990659966997,-1.2230480597379687
55.783677359577304,-0.90334984659408457,-1.5246219835862733
56.224441717283099,-0.21714056946931698,1.3388661183507911
56.102731014801591,1.5996884786938312,-1.3013107435341906
56.610442177951903,-0.97865236769739905,-1.0195526984905057
55.482195467844122,1.6254969297585,1.3417001801734048
56.360880824241143,-1.0873559506615069,-1.2934934611516329
55.798815876418935,0.62659280006752172,-1.0180284308791934
56.729004464030794,-0.68966825888475503,1.6069587153427933
55.972818608341761,-0.31784055595589572,-1.4391288028022924
55.964123291840302,1.6037855641066425,-0.71648313201494829
55.615392183083038,1.0285020292370552,1.3091660915381467
55.554216395786923,-0.32169338172739592,2.0552719369896648
55.889762467186209,0.82574384778120702,-1.829821775655788
55.735996466682998,-1.3022514311545181,-1.5110338727954811
55.727273500110357,-1.5315021133079179,0.60218572127221581
56.846641958969585,-1.7073059276562135,-0.33991960142692329
55.591090776608624,0.51291362872648349,-1.8600972055163201
56.343504803905226,1.0211571475580128,-1.2625147120776843
55.968558245100247,0.71065751842008629,-1.4230520928708628
56.84554518996277,-0.55036868316639787,2.0518843542265035
56.317333540829821,-0.24963044558892941,-1.5111943340707095
56.198488568789315,0.62012217710360296,-1.2073883778116181
57.181424683773827,0.79630801791563566,1.8405909054976441
56.958231622136388,0.1603758909893995,-1.547844631221506
57.09044798951895,-0.061857667048672321,2.0281815113314079
55.889961840133068,-0.80049376633892255,-1.4705530337182102
56.011226071787469,-2.1060787897223503,-0.6834006325988532
56.175719367197956,1.7087329007366316,0.17860224183109083
56.563131824789984,1.7612586996655952,-0.19988583305261096
55.325366400589196,1.504807168212009,-0.59080615495577904
55.62342522146438,1.4081197769542135,-0.13183643392134622
55.467952343352778,0.44729280909739388,1.7019487197181478
56.083420090987516,1.875104677166582,0.39087020075377649
57.120311629550976,1.6267686716444192,-0.51291199766736995
55.351015753807197,0.19131694580866632,-1.7817840475957245
56.96154771330783,0.96103131769085792,1.5907485840368747
56.603098741124249,-0.57994269978735902,-1.8097711670198591
57.006804241518623,2.1438058726488318,-0.13308004069017551
55.993969896813404,0.63196870675089967,1.8058617446809186
56.822924319226814,-0.45812144060195337,1.5079239435383696
56.142112194190773,1.7267897981545912,-0.15826090963816924
55.337722510339944,0.062046575152564537,1.0917615347697567
56.167250529747498,-1.5663281453129936,0.79559422292163207
55.770113402742709,-1.2429352337115478,-1.2785049073224684
56.145794745645894,-1.4992001687789176,-0.72470912605499382
55.311791409256976,1.0073280559361573,-1.4176297482243518
55.624679069235818,0.73872481656836964,-2.5403669180696258
56.77821288713114,-1.2926545405942371,-1.0911660748413543
55.332240337505013,1.18468588941397,-1.0906444183969692
55.721830952047661,-1.713994049926161,-0.45404089574681289
55.331526445061513,-1.1035514926439409,-1.2646949612265719
56.424114344825931,-0.88868094110033891,1.561236443452972
56.41267130970931,1.4195631856044422,-0.84881882321625024
55.339328201961258,1.0520738300750974,1.8229866951090967
55.945192502692649,-1.0591979219024354,1.6777691594759172
55.719147627365189,-1.2010813600927714,1.7768970816313721
56.404952545955737,0.42515681257394916,-2.1676775695655808
56.247089515093492,-1.1718316486984957,1.3432852991780286
55.638816593946167,-0.1596283207657975,2.2031327426354537
55.31717878241755,-2.258892186991047,0.46883641090458206
56.32246118670556,-2.0269915802560252,-0.89831068892234966
56.156684385271099,-1.1316829087468303,1.5168059673333185
55.773290095598981,0.38845267554297591,-1.6233798216628221
56.399383625972341,1.7744558520878397,0.3147742026352639
57.093150105728157,-1.5478321024581203,0.60207383260719405
56.931776515180218,0.80622607944712255,-1.7538726635063764
56.811792546472716,0.76752582987058704,-1.5495740344408151
56.873196707969974,-0.40815153544939392,-1.6317597473279861
56.261658327541738,-0.058913072661117276,1.2589553183775537
55.2961441150943,-1.2081988731743731,-0.55687003045424655
55.706813240973993,-0.59583294003553222,-1.6655148288225927
55.749328910494214,-0.5760038113600896,1.8963397737094718
55.840499775737989,0.30856794172478819,-1.4385624635289413
56.462888412958776,-1.5282652121047184,0.35345220800636096
55.525523197769111,2.6239725512823582,0.0087388293606464208
55.799060662424743,1.5863754222241127,0.28484317051531666
56.314388736649768,1.3461916057196666,0.73071944429613167
56.260037370371776,-1.3919217265626891,-1.0130898067884646
56.087677029411438,-0.73251537089922791,-2.1653439565780723
56.198763354271186,-1.7075346200195778,0.42951895728088624
56.512813179628843,1.1819711948648961,1.1468466084318427
55.526359337648536,1.4298081262723406,-1.6908983910147297
55.4393347697916,-0.80963899000831119,-1.3559739280186529
56.519289470678487,-1.6370829168542085,0.38610884533880302
55.729933398197709,0.89323065324460449,0.80581800509432666
56.346137247145755,-1.4658524167366562,-0.86112485644552006
56.167666505064808,-1.5197185688922248,0.92965951898840904
55.484607258899509,1.4721244645479896,-1.5832927313561855
55.707770336298701,0.69410171444506841,-1.3584520034958345
56.766765852712588,-1.6304987285988486,-0.10638561249006968
55.481260018187292,1.5769516499829526,-0.80699972055032332
55.118995843404868,-1.0236815008016455,1.6329260565039079
55.926260360370392,1.9055358183130018,0.12348970025360936
55.958794806955012,1.4947745354103235,-1.252784617546276
56.679286768475841,1.6686044922756402,-0.94206388150449294
55.561393885965359,0.78176150825261803,-1.140907967859708
56.02883300729151,-1.7890156752805781,0.78163755630953147
55.739425956010017,-1.6083462761234426,0.43784619735661862
56.07202722218824,2.0190676347018401,0.2649318616438554
55.501002280211182,-1.3431293849019814,-0.16792014785830317
55.831419098245917,-2.1118966812376505,0.68506552558296863
55.402514162235079,-1.7777167186282077,-1.3112813580637177
57.053214885692093,0.36622498599613451,-1.4969163362868307
55.715045008882846,1.3587761954230586,0.67473386992235318
57.00081056766706,0.50865794056802061,1.8638982135336595
56.967669471724442,0.72211367786077896,1.5795092791406089
54.975069712311537,0.19078420808175803,-1.3230575297449001
55.337267956564482,0.57024342003986761,-1.4756861417047042
56.54697891610234,0.11088208194999112,1.7682790643678625
55.665198625885473,-0.073438049114989704,1.7998994259051775
55.844329480251034,1.1630208405615576,-0.38028617412287447
56.307921910096411,-0.017953514105772943,-1.9017591915887837
55.793281590876099,0.84220972794052018,-1.0718035066353917
55.587803062684493,-0.40326380250597293,1.6751761672596392
56.826369403635475,0.82194921600311321,-1.9098384205131362
57.069031544836861,1.8258544408044162,-0.1279289902538315
57.104397253738846,-0.13566477861794254,-1.9254885100591996
57.135581871702492,-1.5217112375737087,0.05725228019500464
56.776887521302157,0.13192045767598787,-1.8354113113633956
55.394463614918543,0.81925436175945521,-0.72644474083602451
55.778609111662256,-1.3941848139898105,1.1574613849499238
55.787547952114011,1.7193997000953578,-0.51539684151689924
55.826442087008424,-0.47675454192858235,1.7617768312261912
56.611648485471207,0.56645681226015809,-1.6006565873896208
56.967456080445309,-1.2690261477678006,1.2532319670125389
57.085524900326362,0.91845848566569666,1.2842911768862919
57.19132244206012,1.7861209559071316,1.0230833161875525
55.772173896257385,-1.570453886963455,-0.94087756492548236
56.150239439080821,-1.4070523626769447,0.85658962875331324
55.89328636376618,0.37289875105745507,1.6313612653901823
56.133086508709617,1.6282086745420548,-0.78239127380314277
55.333529504242954,-0.27675003658781877,1.8764767066345269
56.352275600109913,-1.9815490481934794,0.19158535241148195
55.428461093412629,0.42374207391959939,1.6927195360372536
56.5025413360054,1.57649841063518,-1.0929536789582723
55.329750310170894,-2.6081029346111664,-0.34669239124314727
55.857229764400991,1.7552691495721382,0.26555396196996112
56.868869093672636,0.29615128230675763,-2.066405799385747
57.139702713131854,2.067200740301117,-0.95722352103975872
56.903978088917086,0.43651371445529935,1.7508302869962844
56.457522209647536,1.7031163767269699,-0.3808093215099182
55.844209345570306,-1.748311671931235,-0.42326857591811989
57.155781076030607,-1.7342235646208117,0.66838754470545236
56.792521874452603,-1.0161274714070467,-1.3374825980474265
56.265395778515241,-0.84880900635278833,-1.8422944898221487
55.478674837657891,-2.0659341668284816,-0.76300761568077768
55.836702223050906,1.1957116949931601,-1.5430430642781443
56.559981529987319,1.396819577585688,-1.1122613404057791
56.867026563629089,0.12798075133770428,1.9706802256057618
56.443448002405098,-1.069849712019747,-1.2579990594044101
56.3829665328415,1.697636512427467,-0.91132545247924379
56.743344522479205,-0.70575163988534095,-1.4901596393790328
56.56764035805206,-0.047459004786564472,1.4586814708416194
56.21853538262696,-1.580017603235812,1.0744366262100566
55.718769902523718,1.4404454261014756,1.5759326304052792
55.192909968594904,-1.2533198033454824,-1.3032052125295843
55.511645470783172,-1.4524904471250446,0.88465041104456699
55.92057077042697,-1.7989109805151773,-0.041013889298153514
56.438840140606011,-0.085597154228636674,1.8688132590183211
55.733205848707271,0.65043104070300317,-1.2157901952116896
56.882640666044097,0.83388976005376436,1.5486718819211713
55.529012886656169,0.63597805011325836,-1.3230939792462642
56.188155016258669,0.94325584017440878,1.4208575809784187
57.065402647841751,-1.9715772467546733,0.16957869641814288
56.030032671543886,-1.236356295695419,2.2258082137381385
56.043844590591405,-2.2742181491788838,-0.58098932836095307
56.729474906995904,0.6367532829229916,-1.3218567511760315
55.689960102699686,-0.20696839590311092,1.4964647124603325
56.163921398693887,-1.393585437806117,1.4372302781604054
56.052976891967234,-0.35842829432185741,1.6082798533928755
56.60077958545132,-1.9635650669656575,0.2696776906389371
56.315893613945057,0.40757433300207691,1.798731150150304
55.553719765150753,-1.2979771137544143,1.3958812636771336
55.317101607470711,-0.23857301296657221,1.5593139063141039
57.182945925254892,-0.74465763643557692,-1.5679000552017965
55.500684916640196,1.6547026426733888,0.37486446278627678
55.757398672421054,0.74081448506763004,-1.9840396848332813
56.561193491846446,0.0036196630514256228,-1.2972174498110829
55.697924148388601,-0.3667087897347448,-1.5697391792079491
56.577585598473654,0.62110766403272155,-1.0102538328570714
55.155472500563469,-1.8518552119267753,-0.81306963529619036
55.527971132653278,-1.5479277454030487,-0.083931691093960453
56.497644050090734,0.69181050603788385,1.3375425323868171
55.357468931764167,1.5048348624183747,1.2925497530986036
57.255809509401281,1.903508064388983,0.57841347877987526
55.687363360608522,1.4011589258408799,-0.53813256585955704
56.524662192002147,-1.0774141604638865,1.9900077614541782
55.881817673601198,-2.0004900291048178,0.71148963567165113
56.569090208130817,-1.2767167803270072,1.4276146630891393
56.877332317086832,1.6924231722805529,-0.96550461633242779
55.187132533886761,-1.5111417563843905,-0.81759670154848962
56.597598998980381,0.50639352507006341,1.7062939297267044
56.733582210492742,-0.27941049334272311,1.7726742202325629
56.817766294063837,-0.71073242596000696,-1.4194454012275837
57.062581373050882,-1.4450617459228565,-0.60450944349188684
55.419422654834108,-1.1899593548571623,-1.6118107914452338
56.376048651421527,0.96587479554774425,-1.6259888819128288
55.654620789821827,-1.5159776010769819,1.2628858387403668
56.360816265506045,-1.6762915682987924,0.082483336458968465
56.351350037282657,-1.9734594439013859,0.53706708821434579
56.956139454358713,-0.06609033181527639,-1.8742515363861547
56.153001427983646,1.2230789703881122,0.31082548124990261
56.499185809726626,0.48327974411303926,1.7609628153503305
55.949093965841001,-1.3419339767844438,1.1601637622157384
56.383404408986983,0.65651462526437943,1.2859581121965133
55.939249527212489,0.11381314275741895,2.312025442148649
55.214866714559392,0.86483544325442119,-0.98278719146358695
55.424026117684136,0.18895368200982818,1.6714309499531059
56.216238364551593,-1.3417961114161612,-1.2485784314167647
56.039489604394149,1.921980685047179,-0.90851403149368948
55.955116775844537,-0.73925240558873262,1.4857417285277881
56.937009515474472,0.6077429741279915,-1.0834744208017564
57.038214170168175,1.5192025345514395,-1.2400700286974797
56.250811894980792,-0.12663387207100238,-1.9256573322792863
56.699601352500217,1.7375807900961269,0.50180383651200089
55.667984209586116,-1.3831996658888643,0.48440183564485084
56.301624060555326,0.51094802307891296,-2.0740936884140835
56.323215688383968,1.781289109435388,0.29194094192405684
54.930529272591265,3.4517227405997946,-4.7176941203152198
55.861767093279958,0.24481317916107334,-2.1919472543622609
56.374556878361588,2.2051083373418514,0.74572214742028053
56.205779721881591,-1.1103964115736935,-0.51844862554926374
56.744576643114556,-1.1223125378492358,1.7075025781911508
55.703034046130711,-1.0444344182876539,-1.4603712023887805
56.929999566953931,-1.7266492840899457,0.10006229304408318
55.502694967143512,-2.0902198905379086,-1.9295673719976976
56.022631555641361,-2.1508663229300624,-0.56379253765080894
56.571957411489763,1.3065649373790849,-1.3993831728622019
55.809970014253089,0.096686135455009536,-2.0740600324967007
55.800760790404411,-0.71813426358910581,-1.823788495444822
55.817637085989993,-0.70106973005978024,-1.7070078875015702
54.911489703587613,-3.2760042036609147,0.34197135451669852
56.363586807424262,-0.68250819806392382,1.7599647702904799
55.681759086372175,0.48070143754185679,-1.6590584752348054
56.159195123296534,-0.75911293488987452,1.2490952879130941
56.343485017184186,-1.0449514784724794,0.78118602590619113
56.589479246929955,-2.032504316909741,0.69382545790473649
56.649684978390532,-0.0064109712943587948,2.1654270489453311
55.370278278686222,-0.12478482918548632,1.766178483098557
56.306938766186406,0.93730796098124591,1.6134268046119868
55.642396467352313,-0.1135262155123902,2.1466308726884251
56.511330424901971,0.83185762953061104,1.0834893115620168
55.281978826396049,2.1121981047039418,0.65464599686630198
55.434091780490981,-1.0205875105251327,1.7994403355534432
56.460412808977495,0.75362175152999811,1.5545309945189936
55.454111552487916,-1.1990933808949165,-1.5620278366093319
55.25946116001883,-1.7617864334057174,0.90611144206921057
55.597671368534478,-1.0830059613583083,-1.3367972682230314
55.955008949111999,1.8786050718550831,-0.24941094613970749
56.460659685185192,-0.49975868529295758,1.8699783066589939
55.682751644410949,-0.39616501093907786,1.6401647417745686
57.033412695880223,-1.5653818608668804,-0.1579049134362743
56.727250419147794,1.5208003207693297,-0.71371136986168537
56.059369089351861,-1.0632248535000515,-1.3898302922461838
55.968346211665789,1.8419659904677719,-0.38599089880866927
55.830586244150311,0.1010638261495992,1.7228172909617157
55.929383877952198,1.9151729618602182,0.64108706414265126
56.408675496704497,-1.3604896519668737,-0.14043418040946337
55.565985849033424,-1.4921947625412668,-0.65829314013599471
55.89465943105678,1.6038056649166055,0.37907716386851159
55.240824202615869,1.381164857230605,-0.60786751341903189
55.975957875600614,1.410160198407362,-0.93697594987674504
55.651283661089536,1.096482899729663,0.90683800144015303
57.177205302270224,-1.1873293678914811,-1.2473332366379324
56.570324071415818,-1.0266189445451088,-1.4793479511569569
55.518037620545584,1.9883390572135002,-0.45144855108361204
56.416026648722394,-1.3160823879676931,-1.1877842408121142
55.934898420291731,-0.3028264773459341,1.7621301529723752
56.469594820947052,-0.10893639046432885,1.7910105978651805
57.061015221390562,0.68930870519227305,-1.3641084165082897
55.833408258699876,0.65543152739889687,1.861201473650496
56.917985208283085,1.9091620992297806,0.21381281956773579
55.312637237021981,1.7205894404977704,-0.43054144609075007
55.281768554873061,1.7625339251525296,1.2881290322886623
55.985095276506833,0.44327493164364107,1.5045973942599562
55.9655760107402,0.46160097828739283,1.9213333444958474
55.508331582680057,-1.7150582168637827,-0.28921080696760132
57.091435708148182,1.4035266641523387,-1.1870665353900516
56.383594261165563,1.3337873894441861,0.82786172250130452
56.749193252950825,0.57344070943107839,-1.65839711389023
56.484815913398208,-0.723779872450805,-1.8132653597129738
55.785429455268151,1.2520354858322296,-0.13840063720258172
55.750400047242096,1.6217971685398669,0.011550317758866779
55.650540539234633,-1.1461164267643771,0.77617370808299657
56.668028828407614,-0.14043818185240545,-1.8089432303111268
56.699942414865248,-0.08951885485399344,-1.7193204608516675
56.275146657453057,-0.86162219174225252,-1.6229413138295883
56.01352148532964,-1.8718496016492401,-0.38407515451731916
56.36611112857311,-0.33948667293081297,-1.9358280972229089
56.102917987932464,1.9676512032303284,-0.33345941149182706
56.030681001533694,-1.0327456041491265,-1.5895330897639059
55.836234577216999,1.3226710809181694,1.2122775025007326
55.692523005883039,-0.10985393855291317,-1.6175942978218727
55.381989901816873,-1.477940132473196,-0.30089441431995034
56.292387645333442,1.0750353328917341,-1.441299129401358
56.453666543040789,1.2439039296327994,-1.4347972737842327
55.745120566703527,-1.3181676356442558,-1.4003583269035209
55.773557201857848,-0.75090126958578118,1.5903595605417229
56.749624217485739,1.7053370048915208,0.22483270828459367
56.40126021903864,0.71669521323467289,-2.1760525307384744
55.413095323232021,-1.6540113560441354,-0.30318295895039227
57.033426110224156,-1.7090846085819935,0.45975276836700107
56.476338852705929,0.56124423861028561,1.3093533863221647
56.213101512538344,-0.90922784784417121,1.8787567842806656
55.32602088935861,0.84872786838840675,1.1717812559242351
56.189046965586186,0.076535615164665116,1.7280305053343237
56.184946244516965,-0.65873518949794274,1.6317446886250258
55.44603797020843,-0.70562544395051041,-1.6992031886523511
56.409941276886528,1.5785165573597562,-0.16405836353015901
56.043467265128534,0.47637669111593106,1.469021562455191
55.895922455116917,-0.1549474055908015,-1.6903479032033679
55.525781500043919,-0.021929648970563053,-1.7186357451431964
55.741751357014124,2.5397042042454769,-0.72385029631226361
56.19284063833981,-0.27795157057512743,-1.8721694659555992
55.564675721663939,1.506726637389145,0.29869110357614026
57.08775861169191,-2.0977147784446979,-1.3108964501990152
55.848004999851987,-2.1930561712273855,0.66176542197806876
55.255620017835717,-1.1791430457897623,-1.5915354936559287
55.323716709812366,-1.2952232572072131,-1.2438523089989051
55.193200171060205,-0.88971733123499896,1.4597368220960099
56.585044885179101,1.9441804041054984,-0.022623850410210377
56.193891767057572,-1.4846115845769428,0.91789744604813117
55.419250052428779,0.61610612916794583,1.7081184736204382
55.692364687077891,0.15372091399946011,2.2941712451898355
56.80743704605301,0.92651331314360208,-1.7405059231730322
56.366657723380122,-1.754638991212901,0.13672923143638191
55.86809318654354,0.54273346197081096,1.6884019066678793
55.341457313478692,1.0645298341699518,-1.7029452744329499
56.977914649369964,-1.9610040717574366,0.28155372634497056
56.738627271696821,-0.64791739594587405,-2.0367534571362551
55.657173732698702,-0.13114601060804448,-1.997972638506013
56.630478494078396,-1.2043791989982275,-0.34349317571672705
56.448183255290843,-0.70714784600221348,-1.2702629258372171
57.104260959025837,1.0255068878860107,1.4958931447235089
55.657567748558684,0.45676954810286269,-1.8519158638320448
56.611688664398301,-1.7163077741478137,-0.56748718792314379
56.447402224319802,1.840174758562731,-1.1536718857300547
56.135474709235702,0.30192536568778622,-1.9096798931460752
55.496854172915683,0.36143909817746844,-1.4804657928741529
57.188161663333851,-0.75066581385239861,-1.2965159389990013
56.346951995335331,0.97803845675078727,-1.4419440831112342
56.331490596952179,1.5535762817288707,0.59368984489966614
56.505848049458216,1.9758580255745011,0.84068326281888905
56.913544189593559,0.76163947578345526,-1.4607791982692775
57.164917459573367,1.3023168999616384,1.3856511958717961
57.165672253595105,-0.74002468039185387,1.6654122662068009
56.444814005574607,-1.53789426632021,-1.6666254778878054
56.485154024026031,2.0243639154525921,-0.11485307395020916
55.423736095847516,1.7013204742372934,0.24831815051085493
56.224179120790822,0.74581439972116947,1.8811568843524153
55.646683675212785,1.8164156008744543,0.41446532913704343
55.973752126949712,-1.6100282358858529,-1.0240780545963875
57.286999543657132,-1.486544147027774,-0.98225105724772221
56.092143199459244,-0.31597119884573538,1.7195004803209677
56.23804149272096,-1.7241203257413609,0.53612073410863603
55.614212868945351,-1.4356066289842313,-1.0706223607706209
56.768975129869091,0.31216416949560677,-2.3123195811575603
55.098760256275661,-1.8277816011789112,-0.73375922629855017
55.865558115293794,-1.0334305025928419,-1.3225254909519262
56.801190183419727,-0.84794316938315528,-1.7232597288154445
56.444808999262115,-1.6405694382006935,1.1871084764129087
56.399337050568448,1.973879694248958,-1.2538831201179848
55.147099761275207,0.88115089461161422,1.7689888786955337
56.199124914096743,-1.7958106495400332,1.2000721787430382
55.902522415237939,1.575690107932282,0.41632993359904563
56.637078691475764,-1.300146287715098,1.5850930279388797
57.007979635100448,-1.6347141673138714,0.12388104486229969
55.614798378594038,-1.5689670623726557,-0.37785421107413031
56.452493271526066,-1.2179622158277283,-1.2483065082279377
56.781358077415007,-1.7286962807191102,0.64580656229456879
56.08919381274125,-1.3293093448524989,-0.88368877928414691
55.760037550146414,1.6721414073114884,1.3660180340256862
56.53238918792411,-1.3320128931590094,1.6422965599413133
56.836790520584458,1.0546025252113564,1.4473641988363983
56.248569006815551,2.0642750349442984,0.018907572324803456
55.82478761935068,1.4956328746522811,0.89691825997226216
56.226995518072158,1.6629846281787466,-0.12891781837997976
56.411993408117148,-1.107336970286092,1.1638803670765603
56.19329826392655,1.8275861458337077,0.61442771457199163
56.577677420899242,-0.11536481712677692,1.6697481848566997
55.990223740024007,1.945263484848234,1.046315653071882
57.103725383636345,1.5112093590628044,0.8520988507364109
55.526050058145358,1.6531180174187476,-0.56884147553672082
55.245341782071797,0.15024579229264884,1.6769573917457226
56.01994768529142,-0.88720089568188731,-1.4672128412237009
55.586957860728873,1.8230150311221094,0.39746813920534796
56.199116293417887,0.63614317280532151,1.4232105274124107
56.660785756187529,-0.38590987589615167,-1.7386263179179111
56.788162527917727,-0.40368480951790137,-1.8350902327013681
55.627761960426227,0.36857533646742002,-2.0912371595512211
56.729144886156298,1.56639940125637,0.91826366644060109
55.776503921865704,0.89108194919429096,-1.6446488529020773
55.666649359695477,1.0846684563696931,-1.6090303100056265
55.30775665601405,-0.031908109278480944,-1.1808334982102859
55.556206013851302,-0.46015466526544091,-1.5284798850456365
56.829580160420186,0.55822522665958374,1.7934498574349877
55.413528480493326,0.81609763589043594,-1.6117463362716726
56.036855730962934,0.095762544034964411,1.907248027409707
55.588382593417762,0.80285464401806184,-1.498262913630662
55.704792657118155,0.5057791024510212,-1.9530862045280859
55.72616675456765,0.13712122299594828,2.0573015783242514
56.9875121111032,-1.76444427240866,-0.29096101427094129
55.365495822383686,0.98503539975751564,-1.8266862578496093
55.370267434913117,1.8891638565070548,0.86019107300812192
57.145490583365905,0.043279373163635122,-1.6121660850470239
56.929020503969156,-1.3665622298787796,1.5473280261078641
56.133943068315915,1.6634765955286583,-0.43067931614221455
55.480238431899188,-1.7486447989463256,-0.90883192756337927
56.66845246024603,-0.72270370526349115,2.1653478039305032
56.824462895676163,-0.30581725493398793,-1.8589854100875314
56.381423174318513,-1.5635060937680434,0.45206915812035531
56.507342687382511,-2.1186853817133882,0.017952428571239989
56.332494553099593,-1.2168379798896702,1.3988053730364378
56.82416808878753,0.32426909208100468,-1.6392716476374594
56.485012176185741,1.226171281263956,-0.74590843878030577
56.548035800311396,1.9059026856438741,0.64849906555349635
56.812194258700693,0.70633801134370522,-1.7501946419901555
57.054351955253054,-0.4556965432593485,1.6551594676508581
56.555067528300434,1.3449815153360254,-0.88914355155636382
56.516161326057457,-1.283429947257215,-1.398288486709111
56.157687047586791,0.016790191643702271,2.0331439584952755
56.388064165144698,0.16667857179702852,-1.5614054672380224
57.116635131884053,1.2911745672792596,-0.70906995079172253
56.828708361165241,-0.79354700272072876,1.3517106252348023
55.607976305470636,0.0021692737358005761,-2.1792333397648034
56.690468443348294,1.6588986436642368,0.39819811761674195
57.00804760760937,0.35243007199723519,1.1058257245555085
55.19242463234508,-1.7322797966674004,-0.2467094489226648
55.995973582538802,0.98239336149677969,-1.7738110036376826
57.025916987671273,0.68096082381467482,1.8229151408015813
55.687776808366912,-0.34671468777256764,1.4737802259789696
56.624232100478153,-0.91269197215585385,1.209234801401319
55.306033945366146,-1.5143833707272263,1.0036777135985446
56.507086945447476,-1.2208325200918562,1.7928117478611174
55.794482428786225,-0.14208709068072783,1.5034687692307176
56.338789107452648,-1.3074233349761748,-1.0804245458789368
55.646805210638647,1.5545107794533286,0.20002937745305158
57.1162922148457,-0.67316271516464321,1.6294723327414449
55.990600059824445,1.9305058084271798,-0.48949962184943102
56.302377584780331,1.4758133785033836,-0.84451714984871229
56.966016549979145,0.80225733447039071,-1.7146462220412768
57.121647476836507,1.3273477281141406,0.80768526569901689
56.304973408944001,0.045622237467855702,-1.1925956402857232
55.775823864609741,-1.7870401265114744,-0.64065671894845921
56.665879275795781,2.0650868264707523,2.6546352249461123
56.020572885042263,-1.4832528547641333,-0.30509664655528645
57.142422747195049,-0.4334273121166069,1.6135492194227381
56.338949053329337,-1.5922257447558816,-0.30861346898759162
55.54827452023374,0.091745657542431427,1.5563286570324759
55.336098287109785,1.177497279261366,0.90490036589076217
55.272702349748464,-0.41497234633814828,-2.0539848545231156
55.292655270247053,0.55295637328340719,1.4739370961556717
56.789199288073512,0.44217758425065073,1.5045861237782852
55.403070044527908,-0.63326056360377547,1.9161769814383589
57.094244133589292,-1.4485053523561264,0.38565163895483479
55.510732096441743,-1.4262800852832433,0.31176279295290066
56.670953304311354,1.6685251432563517,0.32254724684777381
56.588561830159577,-1.0256858288335666,1.3456807321132771
55.413497019586231,1.7917155617318725,0.65334560797063801
55.483593348038674,0.91200534813367429,-2.1448552859363907
55.745246006214927,-0.95960182435388419,0.9504364021775471
56.332397327398901,0.27554498495129326,-1.5286905067969847
56.778845256665022,1.2888831016306879,2.270522546240016
55.588398492312791,-1.2085797820193942,0.87037706955631977
56.321689861919879,-1.4608995507234337,-2.3889451962045958
56.923134144070481,-1.2434056798187514,1.7836531203392887
55.592384565075868,-0.23570761041024701,-1.2903353727642013
56.647955510347977,-1.4539631100904091,-1.3480901996930377
55.63196693657612,-1.4730584959135455,0.41192980401414181
55.978676657383573,0.40188574684761813,-1.5775622389767261
56.909418639211779,-0.75784262004774383,-1.2844928882393793
57.026306345210529,1.0019849482259553,0.11839796271674276
55.450848075787192,-0.32100351736463578,-1.6847800542159812
55.622560020218991,-0.87325112233045532,1.6879716280903097
56.203834503107245,-1.6455008605045534,0.57268426054710286
56.91695601770995,-1.4316141354372773,0.53830003149991656
55.589376912226221,0.13729237930542842,1.6318090180875757
56.473348816104952,1.011606030833587,-1.2972547807311772
57.034752897380173,0.59215655926172894,1.6021902949542506
56.640692444118095,-1.2238138872860118,1.2197138141272872
56.137771606980507,-1.1846137846295695,0.22996516344603224
57.049419301888904,1.8186490059849825,-0.75740029050661795
55.962987452749083,-1.9383841876385002,-0.40995871279034701
56.892961249985738,1.7825924444004237,-0.38072278848401209
56.223476667738517,1.5704732339774394,-0.58295900798667366
57.243176647027447,1.1430081002878587,1.1630314676601687
55.682121146331227,2.2077857508543248,0.34276509379044051
56.421394285507809,-1.7657346556230802,0.68384423976910269
55.221679813370017,-1.2724117355903886,-0.14175234453805091
56.498437557481388,-0.95602115149672617,1.3477047546067089
56.018410431358333,-1.7699436620859088,-1.0835422093795237
55.838836427787598,1.2323131793503244,1.583817295373136
57.074291632752306,1.513899802158255,0.76522583408420297
56.528125902890217,-1.1377651517936189,-1.0727169596587216
55.226923860090437,1.7139983198460778,-0.80850906056305183
57.193799067097942,0.40723483032997854,-1.7826930206379927
56.861830481165271,0.65895084344032451,-1.3345843123805035
56.49499522514121,-1.8190300538811661,0.23778314773859577
55.358069000523351,1.9135153013925676,0.56806567835296917
55.170702494019139,1.1957857707387589,1.5599710857678282
55.818182121355591,-0.51638389129769735,1.7487121441213447
56.987867740876816,1.4229155350141023,-1.4110507371969865
56.59058302778017,1.2962366947032771,0.64804027917265405
56.063707001928883,1.310154942106764,0.76256729513157551
55.806759054469829,-1.2386347710333783,1.709707646149099
56.110591891016512,-1.840118957314123,-0.79525060004067016
55.619169317764431,1.4962513385445964,-0.73344816789842404
55.293085679311027,-0.70752356434580022,1.4572702813946352
56.507631674558112,-0.83038774188210751,-1.8078055382257419
56.792066430829976,0.53110791786561196,-1.8422469437129141
55.683315596394969,-0.37150880808247932,2.4517533037838279
56.522163076122013,-0.60131037900098983,1.3929995119476826
55.288441981443768,-0.44158363909332032,-2.512152734767116
56.717672648479876,-1.8859185817699105,0.54669699745327915
56.988105507793911,-1.6421725889479533,0.15166932982282672
56.820081602373385,0.91800915155125629,1.6284843327563991
57.153678250024832,-1.2465613131948228,-1.424989091244514
55.858829423356838,1.05313645748353,-0.92796120424991158
56.563513884419869,-1.275335925336061,0.69563823281538839
56.50129856748697,1.2995405164200222,-0.03316723771620838
55.748581350552314,0.2001428210407577,-1.8875140798440897
55.29155941353266,-1.3975632502614816,-0.29694932789468226
55.672807404781452,1.5192391957099285,0.78275941897704737
55.170193848698631,-0.18777666176451885,-2.2539344257465381
55.9165679650987,-1.5263206369213274,0.37610796476672326
55.682512903470609,0.46447830805763052,-1.7957938471953925
56.431671821845413,1.0623912898483614,-0.98666862849373538
55.798474832539007,-0.18506305246024682,-1.6887696367835257
55.531478878636804,-0.59960380148461145,-1.7770234820253978
56.333435855262195,-1.6947258089306791,-1.6875078485360155
56.807387337005828,-1.3846153543826731,-0.18614354804374594
56.561754920791884,-0.5754812929340648,1.6541091662764338
55.963905521524197,1.1711788397024754,0.76353088831601201
56.115828857670138,-1.6353446302180343,-0.75921192018705708
56.27701769169127,0.8857969895843828,-1.1455127420317381
56.526507009597843,-0.3059829933259206,1.4543179536366877
55.459930163253034,2.1943870082094694,-0.62272050990616634
56.810650335180902,-1.7685391135860546,0.17949005735899395
56.861033467975659,1.4784323536181141,-1.2363772386310599
57.236616430415665,-1.5497177053967641,0.39111080689251354
56.892934574355749,-0.5924034475609401,-1.7321825568122458
55.463665727971822,-1.9508112399309487,-0.85733080121150407
56.014241008824818,1.4194293888464324,0.12976831821042589
55.964421076407454,-1.2146422813570872,-1.4632189697606954
56.076791835510257,-1.2630867531118031,-0.90599399215396448
55.718375576679037,-0.98883319384639135,-1.6109682728540766
56.971812258208736,-2.4207769802286689,0.058890192076375643
56.844248563964861,-1.3457578437255227,-0.7353119259997023
55.322518421892447,1.5755543451819676,-1.146980263564652
55.849853205935098,-1.6055948891689402,-0.65343433006945895
56.814969165818603,-0.41739349886683569,1.7430648027385751
55.77529957608786,1.2063960477455427,1.3016931787911437
56.41911659131609,1.6775038249418954,-0.41068847215830989
55.927039971282703,-0.13661136440795654,1.6758894327544176
55.155729884852171,1.6501699774637009,0.60459248806119348
56.358865818546839,1.1826212714147428,-1.0751339594056319
55.845231710763109,1.3497846501704691,-0.77070879059905451
56.880505193547791,-1.4112980625074483,0.6273792821001849
55.608330643821603,-0.61030840878318293,-1.6529214178619294
56.265933923439576,-1.8233711749172132,-0.095232489706223708
55.356393313372479,0.79972790227847645,-1.5351491179655294
55.306193064281622,-1.1534966948098251,-1.4909345470378366
56.463103921781254,-0.33988093437921502,-1.9305732559214712
55.844584782739979,-0.17166023250816012,-1.6561102801459637
56.412701091059702,-0.85819679542781868,-1.4688445918344606
57.130837359557049,-0.82193672674575424,-1.4525393305226957
56.472468829700226,-1.1208363820700014,-1.5239125460461989
56.767717881775098,-1.6837181698231778,0.36335781903699305
56.451122449719897,-1.5068147224094086,-1.5977665572440749
55.527385932283998,-0.93982245663748532,1.5136183941845569
56.240803554469117,-1.1105579931796408,1.02850209839268
55.868795355936989,1.5942599448195771,-0.6517580678856566
56.59157630605322,-0.32578705043707973,-1.8673429254071339
56.010874211666625,1.3072929313278818,-1.5460350341392164
55.792391773695691,-2.3778200596277341,-0.21973600338479687
56.671710763886942,-0.29235339272739314,1.7909032464958414
55.563702791089788,-1.6412145964944058,-0.7954188026028054
55.830198965361809,-0.086498533135088554,1.8388732646720156
56.777060357156721,1.4719728905132183,0.71890423693277949
56.259744983869396,-0.97442570558834374,-1.4564388040657332
56.379352485182608,1.8145629797944429,2.2255599862119158
55.688003348759402,-1.6069224634245514,-0.68881154341540585
55.212395670687926,-1.1786589898158986,1.0929851194136837
55.523503219647623,-0.068298747091140005,-1.9723237882697553
56.396411931070659,-1.9131175707866885,0.13373459444802516
55.422249318259034,-1.6146484288229113,0.55314697234354471
56.726849507474171,-1.3814134349922527,-1.1739531733210609
56.699188214404828,-0.59799694953749793,-1.4004251838283652
55.337446882317494,-1.3731786680773332,-0.96243079456890035
56.865164562193137,-0.96764397077296593,-1.2870747197632793
56.730790825029523,-1.0706802586179227,0.98196205673092696
55.532225091715382,-0.70476096539095079,1.3954575142806513
55.30125941903411,1.5889692910860524,0.6006382258201699
55.821817276482008,-0.76876517841534198,1.5234523361493233
55.303944968191232,-1.6341369551763201,1.2518778322473019
56.399638673904818,1.7006639028447816,1.3170747310948026
56.677203641731204,-0.98883505757102752,1.7952795742257881
56.551221645530106,-1.5217885566791969,-0.0099113039552966384
56.686637011251371,-1.1364418287118596,0.28663105842615116
57.009758703546417,0.79491173495464595,-1.5597594861831663
56.425248907605777,-0.48018018399594681,-1.5367360283960054
55.950098470905367,-0.908704473737592,1.4633517895497612
56.190678275595559,-0.28153491598092628,1.9878840208639763
56.83906978612729,-0.46221524608125364,1.7760303154583659
56.894992557301052,0.14890116578801943,1.6709069816208006
56.945163838431263,-0.530830990272116,1.8163296015215753
56.5361725331597,-1.1657340030860075,-1.1032705365884401
56.032124006094087,-0.94512845878241147,-0.98370337765502402
55.292129713381719,-0.061468159812235301,2.2795499185008454
57.061325755659141,1.7193178143598842,0.37373649870044834
57.05616773707569,-1.6805361889265982,-0.71013619514252135
55.121981485672777,1.7609951905147236,0.77139925648348351
56.307257294757918,0.48532612071378106,2.0739470334293415
56.450766772871447,1.7716075477375459,1.0577577236305571
56.050578373908984,0.89274378999842852,1.634728088430015
57.15890612600208,1.3599350828807124,-1.1944536809496706
55.353354858928213,-0.67678813160515539,2.0649927041825324
57.007356699943209,1.0034448364863777,-1.680741244519145
56.227166161795125,1.7292254446558442,0.78812477297207639
56.334362266248561,1.6236504505090428,0.90782249986020369
56.773888708028451,0.63200909829121998,1.4743673103999291
56.722999707959396,-0.94301022147600033,1.6446248314710179
55.343144233887841,-0.6587112332702324,1.9482364735881679
55.458587672748195,-1.539199012712773,-1.1194200777041441
57.087998745567106,1.1747129781422536,1.3731949899003166
56.726693740202307,1.7892171870031655,-0.74235460732963898
55.523565597347954,1.6080143916167626,-0.65972147591216512
55.281273905217354,1.1725025576666799,2.4067722069343542
56.245296699346632,-1.5250791646046025,-0.4292456660177465
57.051375063841242,1.4878525496080834,1.4389792447888374
55.847031769849053,1.6575739029608545,0.0080944991708428015
55.478770643099949,-0.6925540028358812,2.4654029555937322
55.983156112192404,0.94881861583860405,-1.6332263538629699
56.331351528293318,-0.5201068844546286,-1.79652365082998
55.450948535097616,1.3861197607589846,-0.9042691295283094
55.495425623907813,-1.3798523812692896,2.2792654465796174
55.734489204203967,0.57939172648989046,1.5640446414786746
56.552909024817424,1.6816253398102374,0.79555020823103895
56.033678627754028,0.18819431732398539,-1.6340389745827706
57.099326919465227,-1.4480611944331518,0.85061289055467448
56.975975068466468,-0.054188495514671475,1.7163183386368279
56.235288574022121,1.7244420375338272,0.78387875594142442
57.228896269910777,-0.16718243747909983,-1.6614412075807348
56.860547981665718,-1.9262809156028227,1.0595251097837002
55.391842133028632,0.10417608096641588,1.7413715195702819
55.294632039683563,-0.036614076135755173,-1.8562677810873971
55.673534529762861,-1.4096046536973998,-0.86727580523541536
55.277640508525955,-2.2051589878273936,-0.53626213588764071
55.857785349289038,-0.16871899437302354,1.2673171771130793
56.199744026630043,-0.50541795932319789,-1.4780856900437289
55.222246372354647,-1.5515934009631216,-1.103302466796992
56.763726686301503,-1.8360679296264169,0.53327672838629525
55.908804444304934,-0.033902261024225576,-1.568703942425395
56.10088730006035,-1.337399629601109,1.2841654805477238
57.211922562408986,-0.7149904898267293,-1.1520749031015334
55.83594726297688,-1.3786628575430884,-0.66170093100749428
56.325954722155444,1.4433648722570767,-1.2881313595102648
55.198384468028735,-1.4888162884002956,0.17769409618141874
55.980467484539915,0.93513454446761823,1.3126114105765809
56.109313155585298,-1.4189668441746848,-0.97978291083224023
56.135461528537824,-0.59318808930745193,-1.5037828370581459
55.43209775224728,-1.9112630464417264,0.82238874512574689
56.899932531527057,-0.16651734784466732,-1.5059653559171216
55.50708483303444,-0.76663906386174596,1.6465117344929219
56.820405643882147,-1.2932207598587044,1.6398962358067657
56.667769094055132,1.7626838917569483,-0.75442817066032852
55.828379188702542,-1.7235560703554289,0.75838219860902578
55.851754251090661,1.6521867239481332,-0.42830497138871604
56.197513667421653,1.7282908196288793,-0.088790339813466276
56.532039297244523,-0.195116621215286,1.9378637135917594
55.356412075642474,-1.4632040600377143,1.1809257011014245
55.602332340087848,1.5928643528419753,0.65781781525584926
55.636211614069708,0.40814774817654681,1.5013019855667971
55.745566792292351,0.91552216246138352,0.84987014397845961
55.605987127500129,0.45767067118115773,-1.5923723282383229
55.612503525259143,1.1803263948496869,1.2147014410948358
57.110806936909263,-1.327557967723813,1.2325400705962553
55.432434582125168,-0.069336816367573051,-1.8795347602546044
55.65319061150776,-1.9176355263234341,0.57432597926192419
56.272190389404749,-1.124650985215248,-1.4926060043655924
56.938657164569406,-1.1816115447641278,0.90465276218317103
55.644809645102306,-1.4434269286803536,-0.73979748913914867
56.796702313992078,-1.195086519551789,1.5218724517780531
55.29329294794934,-0.41233961668972829,-1.2456591037071545
55.242079484941691,-1.5380366560605616,1.433749766329464
55.835817902788044,1.615621135548134,-0.4324852433784826
55.673927550322261,-1.0757317968039013,-1.1747017614375375
56.910013070879863,1.0974233892009524,-1.3597866995416481
55.398930614365028,1.4930133912087384,0.44563572427558107
56.080354298850807,-0.89687672549198838,-1.4001709634808119
56.981703779330402,1.0347492041930282,1.3612989090708336
56.748059327814012,0.78734002708640505,-1.6610364684529395
56.608796190929773,-0.74731349443081674,1.2363832247510897
55.889912688908055,0.11250527456079179,1.6072354534418696
55.535294018119252,-0.16537634895746889,1.9222908979025113
55.409119071965989,1.4491110637907525,-0.082864879272518663
56.860108398182504,1.5812110837050879,0.33469671801514561
56.14181485896755,-1.4494013062185638,0.58492254232136465
56.264207481412186,0.074030830698843697,-1.4289690157427226
55.725924560120021,1.444231553922223,0.61636284527012197
57.082249106091339,0.27066966604817067,2.0174624454031616
55.267734419459934,1.4592496902617469,-1.648662543316368
55.271570547002909,-1.212939568675087,1.366426774658126
56.808839151239731,0.93934797918882085,1.1008134547984809
55.637141290869685,1.0342283163019934,1.6205708525244669
55.494971278475909,-1.2779182155295208,0.91596202729467258
55.249747880703723,-0.57996770980016088,1.5776379589159746
55.298164541623187,1.1926705106533315,4.143957974312074
55.952772234657466,0.71390627658229144,-1.4267672368704827
56.605079401055072,0.9064518693182213,1.4558001667101093
57.200595335536192,0.74465946171896469,1.969132570083052
56.03328319567597,-1.4988801732175925,0.72409993073826018
56.188496944576144,1.4061588950365873,0.92728186883997588
55.685870027601084,-0.011554309002430809,1.54154504406195
55.356012480295185,-1.8752395274171445,0.26311285424110448
55.354140447779912,1.6153664762215598,-2.0197121053557296
55.499995960819227,1.5821049616091778,-0.51320794774555467
56.974528615428916,-0.61722062854064108,-1.3583078609438146
55.489066745352375,-1.348239611433915,-1.2346842869581378
55.764157504996895,0.90065910523727066,1.6112293773340964
55.132585787867036,0.11105894786444419,-1.5447303452515382
55.390208382233716,-1.4745211280246082,-1.0267830617433205
56.088416881905331,1.3052174428645098,-0.90974447768253763
56.188130495503671,1.2486579916119376,1.067219379535129
56.661909667608214,-2.2032145523903996,0.49695336965434939
55.313803525399337,0.23014591524309602,-1.6638528391358163
56.477259631695453,0.049172953727316858,-1.7420990137850076
55.245177121191652,-0.78762824193647196,2.1748592900470292
56.592435372479052,0.20885813767510242,-1.7679401756882402
56.143454798891206,0.96329744307115051,1.2646566630382257
56.261063988638746,0.12608534586246503,1.6271808783750024
56.190898260698233,-2.0676337461751162,-0.73206657792293395
55.364295001828623,-1.3348790617978381,-0.05585357888204643
56.660099882818265,-0.086618194344976959,-1.9406456680861293
56.140653649343477,-1.7605575843224526,1.460579627458009
55.238881122164535,-0.62710993020072225,-1.6594922742006162
56.539593350255949,-0.80689669581197021,-1.6768511590495003
56.565532958576355,1.4348255845600861,-1.1363059789895247
56.12665651485667,-1.7770354430027739,-0.99903768789919689
56.892550449562528,1.2144543122204523,-0.89910479217515382
57.007094853367391,0.049814753260896238,1.5391887703848455
55.228350770507241,0.0044085714731634069,2.4316140824213872
56.956238117827432,-0.48039463322612513,-0.96917326130510184
55.578400381835287,-1.4748975915451079,1.3466949399686006
56.010717733712497,-0.71482914803593245,-1.5211027283305276
56.150250193575552,0.81451058212282001,1.7983386687024032
56.971853988548041,-1.7968641617826016,-0.68671020268695837
55.471618253418903,-1.1385195805918427,-1.0204076495466377
55.453492290022588,1.0143710912637465,-1.7661303903935996
56.769660984717575,-0.77488695173504296,1.7071062671093495
56.029297269866547,-1.1420294829885775,-1.798842011969382
57.090347735924503,1.754491698979509,-0.62897279226507252
57.079819468764747,1.4832493584528759,0.97545927470577409
55.546891951740143,-0.8032207523333954,-1.6667149360218461
57.220457538349216,-0.44602000385157042,1.80208760791351
56.772651671330642,-1.184582550790332,0.66334634604526954
55.882569285632975,-1.7839752130852056,-0.097682973529809508
55.897484270734218,1.4125447939434912,1.4821119023549427
55.366301920575374,0.40879387141806567,1.6377219488223929
57.120267707972729,0.66583742678638802,1.5690707710591032
55.954155883718656,2.0914757434771576,-0.59039497720791745
56.520117081090071,1.0524838583810034,-1.1641427919444491
55.242148351963124,-0.62277147874994476,1.655100556141903
55.494119795752638,0.59850554742818651,1.8592439622943633
55.938153799008902,-2.0415620691238234,0.75883077047014758
55.326806196104386,1.8623717289661152,-0.072632957268016454
55.668312117022943,-1.9939387703156393,-0.87382762827670879
56.403940700166125,-1.8743354058376336,-0.68420265247387646
56.010138806290392,-1.053828837376287,1.3958704224972442
56.760966635420708,-1.7986804325121972,0.33302892795682859
56.534042035972377,0.23155949681289495,-1.4121472349956035
56.091528990411405,0.11089567365599588,-1.52293516993775
55.502800183616735,1.2493569811278724,1.6827793907928796
55.9059302720514,1.4438677273051512,0.45460378662235001
56.31895880877542,1.6028870129483423,0.1799491071924284
57.069987446668399,0.54557790394419259,1.5159584648921383
57.076223514625958,0.42005635390442242,-1.8137097949158885
55.951484127371295,-1.1373419421652533,1.0152513787743851
55.502805158543552,1.6346382171669618,0.18684378568160789
56.922945416116164,0.65636756912928762,1.300355598967988
57.009140553086418,1.6612117828995048,0.30106516857883614
56.401604985034211,1.0349470369343101,-1.3009198405591358
56.867645938740601,0.89901368515751301,-1.1987137076925678
56.6891870011398,1.1539032536886187,1.024409674472363
56.897175617567761,0.22363625493634756,1.7204692249962259
56.802199441626691,0.88908576668573425,1.3999347754478522
55.455019657774436,1.7440193676752989,0.7033824073339866
55.592499294762398,0.76964790197688782,1.8623914067878602
55.410604611892936,-0.45178263733376189,-0.29563291818025189
55.785656420282109,-0.78426325622480586,-1.5978330277567927
55.195197835616554,0.33031476269915927,-1.4854255973688346
56.994122446084383,-1.2657485906358095,0.67949513440622145
55.529980949886031,0.76679265065949076,-1.2063579321914162
56.334710472611853,0.22012446324465487,-1.6105851409152878
56.587558498465043,-0.16634559336785201,-1.8064988111355944
56.111683841990725,1.9854148825011244,-1.1364836405663379
55.356546621393356,-1.3416447421137816,-1.1128989437094361
57.029445870343331,0.57231562638614042,1.9328084921186757
56.354369916292811,0.35429237245270512,-1.8559203599235332
55.994557418592962,-0.067853990535258063,1.6103577316896855
56.578487838991968,0.097439697938149231,1.6187090939033142
56.88136609321721,1.3315066617303464,-0.016435390070899919
55.447296430888976,0.49212335529540441,-1.8627525196664199
56.425305655814768,-1.7734601233153524,-0.46448245567339397
55.629683472004764,0.75356807929410907,1.3354701690326385
56.680061377601639,1.4769776435238815,-0.44532113547619345
56.836228653600813,1.177073771137793,0.08371213140986522
56.416203049703931,-1.075601041451544,-1.4339406558577519
55.420814089539491,-0.75754354092193144,1.4530446670211929
55.423340527397151,0.22395959128599627,-1.6618679156892984
55.784620439747009,0.58879234351865584,1.4989256726249076
55.295075292208658,-0.016836832803077531,1.6740864508529325
55.113421945083957,0.78793730342310908,1.4147699167346952
55.458504127817584,1.1206739505475831,-0.88643930219043154
56.186367127624258,-0.69913889735775181,1.2405130860308713
56.556209110401397,-0.48875742572326514,2.0676417377601628
56.399109953034632,-1.3582376346443317,-1.1677158317179981
56.104845071993914,1.894587493226791,0.87446267601095051
56.703307481285137,-0.55499338550110588,-1.5863931200301833
56.039120288077982,1.2685365586562729,-1.6580311264190954
56.968197362172901,1.5151086117748489,0.30498658931380757
56.441752882141856,-0.17950848993114157,-1.2013906763980753
56.40950335571096,-1.272182917184955,-0.45174252335305776
56.037494752682704,-1.716890759248322,-0.078934723929502598
56.319682875335083,1.9108981624580605,-0.1732303727444727
56.991604051648345,-1.9496383491565203,-0.53358328347776851
56.227237403307129,-0.68017799653003541,-1.502652187623017
56.801776617162062,-1.2927903195070716,-0.60625545433419858
56.060516945540364,1.7200880946855119,0.23265287911278745
56.896864719059806,0.30131179847747025,1.5790251299633371
57.076434071003057,-1.7395400152491869,-0.51628765282650813
55.402109461583898,-0.30219445788812327,-2.0272075367802875
56.121781060162199,-1.3942055666535986,-1.1662295666765143
56.714724703888301,-1.444454965085139,0.97345574569706483
57.027089929427298,-1.0665596834432927,-1.4991457882014199
55.619179132320475,-1.6813635252986459,-1.1022022193898933
56.108496875027129,-1.4897826388798461,0.51296701320883931
56.880064469047625,1.2275351204375993,-1.4201165718807447
57.064094874075735,0.10003498560314319,-1.8805974792560516
56.463496660563166,-0.28896227710943839,-1.6170292788901961
56.460096503051183,-1.7317862837217382,-0.0084328242688489312
55.222115315870717,-0.87528993795321597,-1.4859664244100299
55.705365099459719,-0.5579655150330034,-1.7463983742019933
56.59453892431894,0.65122920969590903,1.451978785929176
56.986472943714269,1.5982177524832295,0.15113138991785879
55.441027605620057,-1.6301123800260009,-0.74208861052686281
55.293518864222797,-0.89276476013157069,-0.1580071575236297
55.663879350730824,1.0368108224398265,1.5911015441815159
56.94667762535552,1.4007653689569333,-0.81129198527006097
56.313161707734423,-1.7716255755417063,-1.040611605982924
56.817459877452769,-2.1688898883579992,0.03808409433998055
56.431063350080173,1.2948717573757629,1.2917138507431525
57.084495368044458,-1.5401038620490988,1.1587727451868868
56.568920946548879,1.6225979915658353,-0.84021869876145583
56.133954982715956,-0.89756604676317342,1.3114764605647005
55.202460717000783,-1.4152001500415061,1.2929988190363779
55.211123301130392,-1.621241146237097,-0.51177060841590449
55.621678165975453,-1.3547653719559627,-1.1340024245024642
56.265400682948425,1.0675365481724501,-1.6664366894328693
56.922766751211448,0.61385812127948081,1.3912516616052222
56.503424934426164,0.82690597463785243,-1.4106256760879154
56.858134596629938,1.1782470672116154,-1.9939912021819011
56.160387202649297,-1.6679376643341493,-0.049249872037683599
56.515525854657092,-1.9181981205830962,-0.23580364452132691
55.492500737005692,1.6825508902812307,-0.11997230144373391
56.845921976461632,-1.4189546173516574,-0.78029511403933538
55.725869788377715,1.5926371337243024,-1.1054562834013841
56.743447587834893,-0.12468885905186805,-1.9775787650709977
57.138247539408027,-0.39210132711685319,1.6637761413829475
56.899328008108981,0.37610010631349838,-1.6504993402149186
55.983565999777966,2.3979853770075823,0.20090898217684822
55.329546762960192,1.3536623678169237,-0.68916144774901789
55.742126587536085,-1.8342109786195686,0.57694263778833366
55.300430483677914,1.6603096257202226,0.75377006209810382
55.377054632079762,1.3808956259472689,-1.8104198982757436
56.011575242201268,-0.020796470288910459,1.4083613546134874
56.930889258122498,2.2523722316423291,-0.73010535617610595
55.257321680905299,-0.41526911866365385,2.4881141857188753
57.125239971573038,2.1708418378927221,-0.95733331616440864
56.254603104814123,0.46362423167528422,2.080666587782912
56.135621428668202,-1.0113515151632633,1.2716391094117194
55.330891356562333,-1.6185547304166794,1.0157440452434541
56.580627346936033,-1.0157547908880997,-1.0482229190989567
57.059270323041261,-1.6745958724425942,0.59863351942727894
55.349612264942948,0.5540094488333791,-1.1202663650116156
56.859573405434858,0.98131018503248857,-1.6791949109225577
56.946391505367274,1.4607244882228807,0.71188931145667367
55.638063651807016,0.9981943107013318,-1.152647915629269
55.250666544586572,-0.39836104494712721,-1.5201263031775751
55.368740470834815,-1.0987981545771657,1.8712735365913484
56.04177819358376,-0.96631947159248066,1.2997586596534776
56.610101221176762,-0.22186721973951998,1.307929889434172
55.90348669577925,-1.1469892207022099,-1.1031346956772414
55.609315869198994,-0.89118474188477925,-1.5013261083675529
55.397500073912539,0.95923361520090233,-1.9592672720513007
56.372997043287178,-1.147355944779346,-1.0203303854070556
56.451665035613907,-2.0021537009222268,0.62346712858476316
56.166622416429199,0.081891801451641877,1.6075486861266368
56.224862744165932,0.80635868370437003,-1.3018153677707447
56.999749872685129,-1.4092278932559297,0.51193007079714747
56.079217565866045,0.39603551247672386,1.9604466149204136
57.226227221802645,-0.7020435934882655,-1.7143671841196082
55.417536725954498,1.3287867169712668,0.98893026562438258
57.036665780441695,-1.1283001641743819,-1.788593377362556
56.88154151545428,-2.0155574062090782,-0.062992985077804861
56.601087427402092,1.2441097580771086,-1.1231961623827516
55.527077126237366,-0.42524229493047694,1.5375494415629198
55.650616319989474,-1.189054077583872,-0.99186912119826998
55.709106948187838,0.82995443408602809,-1.6596042679881085
56.730961324385682,0.94719285467587877,1.6642805799623612
57.030666684293294,-0.21394266791378691,-2.1996314821879182
56.343396604228296,1.3907917462971164,-1.2874600936964897
55.787207104760348,1.3441764060947095,0.14768744838879766
55.842857197145356,-1.5564488305191291,1.5389070898481876
56.263483894315314,0.050862010732865323,1.6781447747203158
55.684585312472116,1.4686580692345659,-0.11038198516229535
56.247900169495267,1.5170358117491693,1.1498938790837081
55.907434832935756,-0.62768490994786463,-1.8386507266792642
57.024794649340208,-0.18596093591730667,-1.7233827479968988
55.730580947078387,1.0069543757308059,1.4385921148114578
55.645213324625395,1.4675390852691408,-1.009664357806721
55.831772858478686,-0.61354413040570488,-0.91855795504699456
55.381580230629012,2.2212539289298077,0.3594181400610485
56.048029346346084,1.8505546530634633,-0.7380851017183
56.759159240074425,1.2636973621249934,1.6130359815977247
56.529709622105727,0.13301334652325644,1.4248151644897658
56.371634579247392,-1.4489227754062868,-0.35970942511240966
55.620455768396056,1.1990516199402288,0.020823993916449075
55.618734495461212,1.032429282613142,1.3226871078710001
56.164772006408533,0.82069603360784948,1.9062933022239552
57.144244374450857,0.6455370471148375,1.993482438692818
55.825786784330603,1.2869219863191281,1.1065356853221764
55.476737518124303,0.29946959121836036,-1.6440893731908917
57.073696567852764,-1.4163093793585668,1.4814670390625861
56.277783979811609,-1.4272846446343093,-0.75509928378370728
57.207151485607604,1.5691802831138353,1.3216978749266222
55.879716959373638,-2.229071654616201,-0.35266513250603726
55.649697671348427,0.012451237702008705,2.0211140484551851
55.173350840737889,1.5389600979182345,-0.94915489931005537
55.873709277169972,-0.80078548547929151,2.1116143004371337
55.512875285117694,-0.065118827476641689,-1.465868970969862
57.011764910338712,0.23641179731285286,-1.2658632616983641
56.226779126320615,1.7311541435579694,0.44451387164551032
56.685956680092723,1.7414396185020669,-0.11081576545234215
55.93236225420015,-0.25652335981750174,-1.6985220019189009
56.994584210247204,-1.9014491713216619,0.55512287434261098
56.181970079077153,-0.4659857377105,1.6543716420774637
56.958539434028545,1.8922890335294389,0.23391056105951705
57.240035248826558,-1.5371231389872595,-0.11491062402867558
56.665118278021673,-0.46981130564551005,-1.5760901194746999
55.559551279868792,-1.4678452512457156,-0.67362240755881275
55.53025701019083,1.5341898268374912,-1.289888129692764
56.090660953993421,0.62395494844407184,1.7060337343123719
56.651239032185849,-1.576896676595684,-1.2344828501070841
55.685539744023529,-2.3416787021709005,0.27098996828907262
56.817654582043978,0.71993038962220179,-1.9391976965087399
56.061856131678411,-0.96153689870006809,1.8186772322406135
55.925241461301226,0.85699651447950664,-1.776899187563501
56.36618515969726,0.20310279370280326,2.0967627212249536
56.09874176302484,-1.1774997706541914,1.0314942659452297
56.929724521831993,-1.1955489509241537,0.92368640079304165
56.7704760909252,-0.55100209106091469,1.6116636640554693
55.873918984635267,0.57828247192738247,1.4059201475936272
56.991167977471704,1.3068462237498402,-1.3387611827389496
56.121759007881842,1.0482042263776625,-0.75604165886049957
56.658579126567517,1.3031025613857901,-0.52997329980538521
56.575228321319507,-0.033370967623092496,1.5823615251333289
55.65925882474469,1.1896652560505672,-1.8990030675005005
55.265553303053188,-0.31692701571861598,1.3332857729932091
56.403589415574118,1.4181268045532416,1.0856525531346153
56.002630223792949,0.99997841471091109,-1.039400124119553
55.342130806939544,-0.45005864992791644,1.518827760055488
55.212747510968043,-1.6910053188746026,-0.7022603081070421
55.600473492130298,1.4923784097670378,1.4643274381707871
56.899129465873791,1.4642258124967049,-0.68083653105191511
56.533464317892722,1.4717800571074398,-0.80059310148221885
56.989441370354534,-1.5778135631826729,-1.33508332012766
55.840954131587011,0.2962712917419858,2.0339472620586636
55.840305120913158,1.4546273364682192,-0.7488161270644601
55.873026377109284,-1.5737758656382403,0.95592245999291059
56.556240203564599,0.73513227154943017,-1.6759636796324717
56.202787596623075,-0.49420593058566542,1.5593072201030105
55.441535164369185,-0.48926657413451802,1.8139735758878084
55.254099968026821,0.063967687093774539,-1.9529627467539694
56.096938602800208,-0.023807197537034246,2.0240968018210412
56.808883258395213,-0.004124550896131722,-1.6584348448281068
56.069591970448471,-1.6966585010754549,0.19052472432065157
56.229459408366324,-0.74026330186991529,-1.2367354678793607
56.182202289944698,-0.48507737384252014,-2.2721837084930141
56.816167215050456,0.44835400540543113,1.428641982395862
55.346501749760222,1.2403001271347582,-1.1965031492595561
56.619117110972915,2.007061063247261,0.67443844165771027
56.21131651599925,-0.082347405959802986,1.6950478906753799
56.321447520445432,1.2625451492434496,0.40292876513971004
55.380171630837836,-1.0595735840645633,-1.5221585991986029
56.809708839332245,-1.419727632987474,0.79515820451307062
56.60898140732661,1.7966482596471391,0.084499470164505555
55.911584242843858,0.54259104316650641,-1.5192714181305593
55.768259671946922,1.8424265876764467,-0.74770139435274119
56.841700198760002,-1.6531011702007536,-0.25081637806196666
57.136968896831135,-1.6072252354552159,-1.3767245733813034
56.309526531803456,1.161613553424544,0.32360815100463231
56.758605247036421,-1.0160223773731951,-0.63761572120409693
56.846547155322646,-1.2873098932953402,1.0803005103701844
56.094006129056318,0.0010677611475856219,1.9452869259849164
55.694315372553774,2.0158507740780074,-0.33885569054086856
55.364588306388576,-1.3821491679889701,0.41586550018591428
55.794628407347545,-0.07223179111887805,-1.7071592795049721
56.934950502624645,-1.0347650176641821,-1.08858431835773
57.070308105129286,-1.2092051593584836,1.4009353649595166
56.010373943558911,1.5860560984855805,-0.54288982215410153
55.656721978476554,0.39022924462133896,1.7970413601988207
55.913795218292961,0.88956850262489229,1.6278734401249819
56.806674623367975,0.8776352651630398,-1.508298916766506
56.03966769374712,1.4102739186274214,1.2745081895272754
56.883329473348972,1.8903143437358176,0.69608006490075791
56.235720665851105,2.1595396510863454,0.10485396673394448
55.232917564880246,1.8225730174852981,0.66807495812173934
56.85881127590298,-1.6569602775769683,-0.59537776560095956
55.467312550040248,0.5689081317746002,-1.1665751474415238
56.074941046161179,-1.4660216868883704,0.70627525523612189
55.399830350295595,-1.2823230278671853,-1.3275561851593021
56.571458284737993,-1.2655432406083373,-1.0729993806473443
55.57683230099174,1.1358154352575351,-0.9883863021171837
55.868051558943918,0.13234272340070824,-1.7094873449467585
55.989969524905163,1.2054319171731021,-1.5992984671591757
57.092217430381268,-1.051111688860477,1.2930990110799345
57.023520337334425,1.3728431595832988,0.88118064983940447
56.232681260653202,-0.55064351647277243,1.4662877690695342
55.340426900906699,-0.35738685995476099,1.7102187303435423
55.745580287558376,-0.76162767161888179,-0.86119345038467743
56.086663610538757,1.0725547539626115,1.389421118618569
56.842759180728585,-1.8408467277604637,1.0200053585017024
55.253277077755463,-0.68720622112694718,1.7815812760672831
56.81351569989851,-1.6420841814136959,1.1471885092349052
57.059481549568339,-0.75181121091296854,1.2565668316403431
56.615741295806266,1.409735474629529,1.1285241417261964
56.052918507921504,0.36450844189198056,-2.0025287056600325
56.546973061624612,1.1535213902207957,1.2025418130496597
56.076889309417709,0.85349080741625383,1.2917653636336173
55.744810434681362,0.038831909668847003,-1.560344829511735
55.925518051283483,-1.7030982603541525,-1.5967756193462754
55.184542977711153,-1.1323826202815974,1.1895652904499554
55.293447284951313,-1.6796277315428831,0.28808452314672717
55.625766554202755,-0.21083841146288945,-1.2084347295458306
56.369633722892623,1.5011214546795524,-0.9815704991827956
56.036877118582844,-0.93166537299997232,1.1120279776836368
55.928803465163632,-0.92412111890409621,1.4578037771674042
55.389154287693898,1.8119287554447523,0.53070316679225482
55.791709918469415,-1.0191502541303317,1.2184789148424391
56.998037405004233,-1.9395914478354837,0.067500173566697935
56.909736664396284,-1.663200949328371,0.78828949256098468
55.599391012866249,1.776602170253873,0.48260008047844521
56.067515968321764,-2.0090117163684114,-0.02489636349870258
55.529609007438665,0.70671353314676133,-1.3142290203776428
56.72749183648321,1.7002513855690686,0.67994085718455033
55.680332680747632,-0.94900195972988466,0.055788225565301948
56.330781590192757,-1.0645664327699251,-1.3254068615143746
55.553970552951618,-1.5268553068368671,1.3073316444647611
55.954004471274239,-0.81469081714551828,1.730909399268344
56.278507153753907,1.1594596177995888,-1.3867240091693447
56.709859571408323,1.8250293552445371,-0.35106321724138551
56.167435929766775,-1.2645493872339768,1.2947348735187114
56.826481186941052,-1.7120079018462659,-0.55038771132498476
55.851281018755799,0.54648940779380772,-1.7079927507532271
55.360487412073681,-0.092741132263624473,1.9124154545797347
56.665694883068959,-0.31839431505816262,1.9110333520796838
56.921102255988146,0.2177129505235777,1.8858301725065332
55.66778210461797,0.71193068760155054,-1.4671311507950135
56.437973290834677,-0.15957557168046616,-1.6878331613229165
56.134326166408151,1.9769427530742241,0.15350737165275696
57.00087791969888,-1.4062069509318245,1.5548094674673929
56.27139024358258,-0.4679865341487574,-1.5889816646894783
56.338030935194205,-2.0937230394380624,-0.45422559306248911
55.214417534632815,-0.7802146065128146,-1.1819065442771737
56.274593069529729,-1.1950888753745266,-1.7747096004480016
55.552441115309414,-1.4810217092543927,0.95505025715497671
57.238091640521766,-0.61871084224720019,-1.966009963490537
57.085644584819406,1.8828343613360521,0.058103059297273364
56.204956025180842,0.87233168744079892,-1.6989899686367222
56.90958601136343,1.4170020675817667,-0.8599421076651006
55.767443592165506,-0.85078432218872979,-1.9119930387501354
55.972900730174104,0.61828478897111461,1.6376510377887685
56.192143624009418,-0.34287457970639595,-1.931218168680235
55.65891196455059,-1.6504758786432154,-1.758919068318231
55.378856755397209,-0.51463063851252999,1.7540591280972175
56.800814133175109,1.7994189181661286,-0.053312254653081412
56.8438515290091,0.57399196419569065,-1.1853510967514027
55.601481838969612,0.82330656981941697,1.6965118094790639
56.290633513230532,-0.23855550576173412,-1.7272657489233552
55.613565365169379,0.71124677296731686,1.888501724053226
55.699558326283942,-0.26503218074882257,1.781933421716607
55.983709373139682,1.3160576998496023,1.1367103032368233
55.693195577284079,-1.3533636874657231,-1.0288388543168205
56.018646456637974,-1.8795600958853977,0.58452196505862164
56.422401814540315,-0.67678587440862081,1.1357223298809269
57.023963415294517,0.87684804559642793,-1.5218280589636353
55.888118373738763,-0.84753742954604427,-1.4218045053883286
55.81713948238832,-0.77731632961080543,-2.0098218770061358
56.878084271823347,0.82960496222534963,-1.5371042769223717
55.419972530664516,1.0846914334112392,-1.4775451365560377
57.096347185737116,1.8391449503653234,-0.027442438141418442
56.253993307458572,0.16808194767934612,1.5715992730671409
57.133822309106492,-1.7608532405541752,-0.13888575387089794
57.111096070367481,1.1975688221099146,1.4701125984567838
55.579344356661267,-0.13515729902556126,1.7523024634135151
56.286366258153869,-0.3876239016653466,-2.8292309743603283
56.754846165577383,-1.1923548992181192,-0.10775350005230584
55.969906477015577,1.5919076069586575,-0.5882480282840109
56.401134193009156,1.5454208021871199,-1.4315468987467346
55.840525160151522,-0.031510394031086561,-1.8651892662640301
55.75558150275743,-1.5090664655497579,-0.34772842668566578
56.677449169150258,-0.9809886414877742,-1.1585835720453459
56.97358050554903,0.94189852004199992,1.5481033587461384
56.527785431886606,-0.64073890134446765,-1.3675727146170154
55.587828149582158,0.22218430969660594,-1.990339976388436
56.573422697722684,1.5694557252393917,-0.97608214933061299
56.766977725153261,1.4853162316158035,1.4008708656507922
55.583952034871295,-1.6010246796349163,-0.16045850755985683
55.253066935088981,1.5109005857690267,0.46191766060789285
55.805484889500057,1.8954379110573001,0.42879263525619304
56.71753805421659,0.87950449545711196,-0.9316020408619119
57.148404239070985,0.61224507789467963,-1.6610738552379949
56.189796995590847,1.8014119450300319,-0.034447005560788058
55.284096491334132,-0.54091520989992081,1.5262602224448707
55.184486670159302,-0.3042963955620519,-1.5462290265091798
56.209109172766667,1.541705992440604,0.530870632454708
56.95939315118094,0.89337937677052803,1.4071578573953132
55.859827756975733,-1.1707004053281891,1.1313498556797299
56.745107548890864,1.4423325633185615,0.51943456819187683
56.027054562223469,1.1575146000442613,-1.3003109669974962
55.777669719530884,-0.496301789161611,-2.1599312865928604
55.749569897304028,0.57005715126962897,-1.1879718294184736
56.928393528560427,-1.0197284150223902,-0.87683420270227064
55.725746206633566,-1.5533536977280822,0.74505794496531486
56.41529124292056,1.6321291099690474,0.60381840666060804
57.029470689693952,1.5030858155362572,-1.2690238628537511
55.346078327302422,0.79010029014250771,-1.4413498160272786
56.343766890299499,1.9531303127822763,0.93914166592139936
57.262191072015462,-1.6463801604322614,-0.53155094193244989
55.544453011525597,-1.6286593140172767,0.99339767873546914
56.627041436666531,-0.8269194639792089,-1.4902232945403231
57.030894373248692,-1.2977804843259488,0.88555670827462507
55.624007364252819,1.3408388454727478,1.0270849260015991
56.460700753085739,1.508606237143699,-1.366500610190706
56.185931721038578,1.9929701116347442,-0.053431890006919447
56.173413581788481,-0.47479871826274572,1.6627567874304374
55.919349506276433,0.7709159412557115,-1.5829753897069325
56.60402374295407,-1.462613843623759,-0.79168583577328044
55.510597882409741,-1.4013278544616419,0.90731440940909358
55.547032493328587,-1.4858393156776299,1.14622637117035
56.709274020533627,0.11936629562448728,-2.0940678187003576
56.995208796160256,-0.73987975446842214,-1.4093785894748005
56.738951267082236,-1.655193436482379,-1.4993155278813706
56.865580945015246,1.8911329138132542,-0.80479603183481974
55.449314082306579,-1.0217985663892437,-1.3681264832036335
56.652857427513744,-0.066714731681828746,-1.8599073510030151
55.761622698881339,1.0825551859446676,1.3913793969607193
55.951578127383804,0.15189029818967351,1.6493015730441609
56.346806174299282,-0.67919779788456525,1.7827258180684411
56.787198663009036,1.723657796472001,1.2202381337805459
56.166357264364358,0.60899827876364254,-1.554866913260408
55.984309540659375,-0.52607070504636788,-1.5983340276397269
55.525093746498086,1.1522387951626176,1.7900337066473058
55.742466902904454,1.4982934085596651,-0.43562014011904115
55.455956566787584,1.0597132257274469,1.7793833293156245
56.380789545371528,1.3360154127581332,0.67605529002172349
56.30521313824795,-0.49433350922971869,-1.6583946156039726
56.932031658653003,-0.9865185176098602,-1.4639316461920695
56.439168907817752,0.62219765003742278,-1.1193465015831707
56.372038375756802,1.893514959018856,-0.30044482037599379
56.426606170370469,0.74412047993914321,-1.4132335165970678
57.014625418969167,-0.4898656591244554,-1.6121239731896242
56.43196501470149,-1.2458663679354411,-1.1727536429430891
57.040338258630719,1.5998951893512678,0.9229892523581732
56.506514277170446,-1.4831611999283851,-0.75144931403221982
56.848029652057754,-1.8592793827899159,0.16886551782003831
55.448031783825733,-0.057873417283478522,1.556461492235492
56.612561753959298,1.7681620756854097,-0.043497882763564803
55.175790864857952,-1.4255720820062172,-0.93805765350540216
56.403727303406427,-1.894255930957117,-0.27349140098964381
55.769552518204002,-2.0107404645553708,0.92027319746678637
55.162170751049246,2.439162194840204,-0.42874531309206104
56.846320671175917,-1.2107965302548045,-1.4940791244980409
55.695892571567242,0.95931235171362095,0.795751451612139
55.590942303767648,-0.066331073366204418,1.8543905538683214
55.942668815013896,-1.9980785280609767,0.2731863260079857
56.38665139414497,1.2034361712763193,1.0682003474165864
56.038100699222873,0.72006120309882315,1.3572678880375404
55.891866939451816,-1.6797733552877721,0.41332705741251818
56.804056755622447,1.8224082030319855,-0.27761957757748185
57.053808450212706,1.2585241165853798,0.99003587325666798
56.261657341123488,-1.5979336430179907,0.04097965766202262
56.33474663655214,0.82248259496009823,1.5168706970783232
56.129077498243333,-0.54871961004030034,-2.1093617879789779
56.399744209082883,-1.8432210057883018,-0.69641387607337024
55.755053288841587,-1.8837866418696272,-0.022748596163405858
56.018520130426175,-2.0633632297173015,-0.035166806499346545
55.97286833644425,-0.76357590703789413,-1.0875035948547196
56.760235516726958,0.7378611286004525,-1.2237339280337756
55.708324563285309,1.229912680993378,0.86784597960711241
56.169768859245465,-1.568119699052513,1.267645876447411
56.879181084561729,1.4820458913005117,-1.4450231964105809
55.698206923680623,-1.0887518170587054,1.204369484849777
56.174790345999909,0.44320865033968943,-1.6228553727692046
56.3570353510259,1.0771036632056146,-1.7483065250231433
56.145945355400826,1.9452023950718664,0.64558620529095689
56.262552918063143,0.1333094683997996,-1.5472758814349294
56.605580499537801,-0.95462043057480916,1.7774675802147399
56.005848721003893,1.3632777087552816,0.57387801713484854
55.628233396041331,1.1029408005493113,-1.3247184994529888
55.079811433894101,1.732145154529088,-0.6512381495838101
56.145823922102991,1.439282575430433,0.89419794973110345
55.757268789893828,-0.52392665696914931,1.2668743310854296
57.124894010021336,-1.4671404116898077,-0.85775073785078704
56.774640365270024,1.1224846117329332,-1.4547377072509033
56.15918983601162,1.6694078732534383,-0.51743610328452339
56.922739640494925,-1.1607651964603827,1.20753366486518
55.417769698575711,-0.53356975001807527,1.9538672474460124
56.653544964553838,-1.2740071445543157,-0.4911993725175291
56.215962568685711,-1.570549717259816,-0.37556602120787203
55.451684033334416,-2.1339038661990268,0.42642312881239081
55.324774977489895,1.623574810839336,-0.49835629395637987
56.916319361494743,-1.3740728433148703,-0.89450178895082688
56.205033011541367,-1.2876428853230304,0.11199287569362304
57.101476835787352,-2.0164413385421978,0.2808893591426998
56.061467740171885,1.1496673560032444,1.1687883501344762
56.367716549561862,1.3038684782171137,1.2891079593389141
55.510584096925761,-1.709405950170608,-0.83125604784565021
56.733388393909067,2.0188569643612766,-0.52629243080082722
56.027513134219873,1.206878634664339,0.13566325160217074
55.553719536303127,0.95197537278784583,-1.7210441758626303
56.939498045200054,-0.67498558990130986,-1.7595319782370422
56.170505143248334,1.4397597010449226,-0.05785119750395739
57.045892468765231,-1.6111745644928306,1.1091488884398484
55.790938683484129,1.51954248688447,-0.40771769195047686
56.251816834593278,-0.66948419520320246,-1.5524782068439305
56.086500065955136,0.51776353883609583,-1.5172860726025343
55.745840914893186,-2.3069258223501636,0.21349692950511756
56.772242017362565,1.6225953685403016,-0.90048088167838602
56.163285659688036,1.3034630386066206,-1.5681072387120301
55.728653480780977,-1.9445530758195895,-1.085894960608365
56.705999526479687,-1.5980691513598901,-0.97859828080271138
56.937136848907691,-1.3062138267840362,0.29501557348159946
55.658120166988084,-1.3419315316446976,-1.0712063013881949
55.986514358540077,-1.5952890128518364,-0.1804698632742632
55.205740987925338,1.3325887322294501,-1.1019152274390922
56.488302232216277,0.34360011898729997,-1.6497448444100002
57.036354846346121,-0.07787336922619767,1.7750298100191242
55.463945221778893,-1.6577912114205364,-1.0891288716740606
55.557391893193397,0.54272825825313953,-0.72904920641861948
56.573318072952461,1.0496720691857915,-1.3026174446859049
57.068444312317794,1.6646430957556553,-0.92452300771396156
56.176706349940041,0.35523269139203933,-1.6293068894703875
55.181132294705193,1.1588215520702714,-0.52123805170349624
55.150475630449343,-1.6358423658748502,0.73433124818725293
56.192868823226597,1.6479064050406911,1.6764915471201776
56.645853425761374,0.8752347389963413,0.50903035698924548
56.581791434785586,0.6811429994887751,1.0234080244699948
57.074375282284493,-1.192065413457613,1.1895906338423596
56.555712326741691,-0.41466883103391355,1.1059987230812742
56.131310929976266,1.4323037407585173,-0.21166908015944486
56.915850617755439,1.3338832062239319,0.95714370795063664
55.671466853964851,0.84777262040568291,1.1115388246423159
56.187553375086665,0.21469626831161887,2.3705983424058759
55.453748633060535,1.2985506096053667,-0.87056856984358744
55.379136306562508,-1.1916019098245625,-0.91160547921175483
56.20982571185224,-1.331631373527203,0.222686836576692
55.755887221918208,-0.27250198560845723,1.4386665819661366
55.709150303429936,0.38556573978763237,1.9921558944216862
55.745416361917364,-1.871671358710268,0.511308528743463
56.80976841683627,-1.7152968725504485,0.67460284055702058
55.399742943373603,1.187950335232046,-1.2786772524194119
56.364884987690431,-1.3281206994407158,-1.4272394205297356
55.224884050348564,-1.2575961166731056,1.104914133813633
55.262955464017992,0.82884057825563362,-1.4162842304273757
56.055497807031578,0.89008559203055837,-1.5170468383775759
56.141122189679571,1.5529596192189326,-0.43864004161531128
56.290265793547391,-0.67818963094338247,1.2005985651044144
56.359331751371172,1.1271860819849557,-1.4076024801110272
56.510204194300719,1.636229898355636,-1.3484097910178814
56.683272669304827,0.47675457533089055,-2.1232869720149394
55.685534912865187,-1.6931570725351319,-1.1130497289168437
56.510778106480899,1.585149945487244,-0.43083061700497549
55.455837012408061,1.9670062782822477,-0.2796221719224084
55.309550893063978,-1.3474810567004782,1.077556049540848
56.982390346556848,1.834759994802017,0.21934297881376469
56.779874483461349,0.96734884510269514,-1.5129810858737571
55.411872617510141,-0.0018050400926763628,1.8243656516037134
56.795797155833604,-1.3625899618724195,1.2136233088015651
56.080988325037154,1.2022373277999594,-1.8648039697461929
57.03036296237903,-1.7316251669596927,-1.1266520310026578
55.911658433937887,0.57040761092724468,-1.9203460107194534
55.558332412957945,-1.2001266935299211,1.0724493184108113
55.272377002472112,1.562621702554821,1.352305108122992
55.653494319313481,2.3746612135029381,-1.2385263577811607
55.825811031672941,0.32213079958060153,1.9743397759721866
56.525588734293763,0.98789832556271351,1.8923336016523273
56.851778027942295,-1.1452854113225599,-0.4502190813380163
56.021417861971479,-1.5321813127213728,1.1981523241494336
56.375191566154363,1.548390599827443,0.8049711399755699
55.341566313370414,0.86967659958577259,1.8155372162062697
57.067414306405269,-0.90800701466135558,-1.3028101686304006
55.859081661169832,1.944889387373846,0.2583722829827334
56.793873691199167,1.3009691348389674,0.66112264706470425
56.312039913746162,-0.3112679724072735,-2.0886158234060752
55.872875310247068,-1.2298706670521058,-1.0562501853842887
55.190685754954963,-1.2744584962249286,-1.0851813303154125
56.552028705329391,-0.32175224210133829,1.7510488349398541
56.820947150943404,-1.5733528875435823,0.67345741049127228
56.725515439133702,-1.8152832706123829,1.1790280772547499
56.193884713874702,0.48900381596829062,-1.7024942623039521
56.69301546842253,-0.7744824368113189,-1.3972789975805582
55.488506328600408,-0.65152237490701426,-1.6318134235337933
56.882965935332976,-1.7361706499780845,-0.51162679377888842
56.632216701300607,-1.9450384944740116,-0.20573502860084936
55.843417880373636,1.5752870248121669,-0.5845929163772049
56.749371508755992,-1.2484536774661203,-1.0027139157003431
56.948599497172566,-0.57883334417713217,-1.5343853559182767
55.652207608565199,0.78016962244855903,1.6844286497117489
56.301757593882293,-1.3709300500192021,0.61444741594715369
55.804372991743428,1.4906150244647376,0.75403383786030631
55.140293772706343,0.8805126834443473,-1.8249964256534543
57.160910622135184,-0.10831405519548165,-2.0027035985324204
55.281936535603528,0.69725708108864726,-1.7640588855677362
55.590600200645156,-1.0638911012071299,-1.3332930354762795
55.569048142665508,-1.3136070945189731,-0.98511369232354995
56.210116896332231,0.99059729552861431,-1.2206489750662854
55.94521227332406,1.9916773259241061,-0.62217465755904455
55.833355924249304,-2.5268819055720022,-1.005762672713389
56.665218648885563,0.8931929120012968,-1.2492614399040594
55.655076282849713,0.37347269437695474,-1.6021191336312275
55.48162106265395,1.9579324050221178,-0.18660572481504556
56.157564861569099,1.7819053864448735,-0.36851097116861781
56.840038998833165,-1.2525362550625116,-1.4135842280845159
56.219197936089088,-1.5795360841394486,-0.23664493672052919
55.563986223430213,1.7474738711464899,0.31194973330449577
55.401620765915091,1.7643841999197729,0.54843513842712133
56.241246958499083,-1.947650170724466,0.95722575508856766
55.188025061839028,-1.045790411575422,1.1400686086008907
56.172393059296489,-0.97702194404844478,-1.6788522234677383
55.854158686260675,-0.8654554017017646,-1.2660309366068672
56.213513335456319,-0.87661972978649227,0.9474831242751468
56.386820644050893,0.37271706975445956,1.9189633328183315
55.785897000220082,1.6585659865440099,0.61730047413329725
55.530247333495559,-2.2837151915476621,0.36702088820924827
57.017741664096178,-2.0532351512986242,0.6605694815165698
56.343948701852348,-1.3346264926280096,1.1006604602420607
56.574692670419992,1.9271277832448095,-0.093764809818783462
56.483695294275392,-1.6503906888190121,-1.1942536124280805
56.424132256089898,-1.6446979109943287,-0.019987957960109135
56.927506799462144,-1.5487922103485099,1.3278799200582234
55.362620858042568,1.969369002773679,0.083496097347589837
55.866542762369079,-0.98384606018845511,-1.625156411052523
55.433386776458853,-1.1366934042452714,-1.4723149787986312
56.414141067886668,-0.22729767369338727,1.6213261830750003
57.089039882401451,0.37241451160003736,-2.0754563604775496
56.709308486657271,-0.95819276896594585,-1.1450776818652162
55.416218400111433,-1.372475000761876,-0.21883924242566008
56.639541360536484,-0.56369956305322699,-1.8105649307680898
56.534332504555373,0.16911908383673235,-1.7443012784302556
56.554387533695618,-1.1931830385982007,-1.0456863414114015
55.868083299359682,1.4488611962541011,1.4924206710815491
56.640004696046624,0.69434987900080702,1.6809233822317855
55.442695358443856,0.66299906928038232,-2.2058292074233004
55.214920571413316,-0.47808123125198249,1.7928134734238839
55.274007520179474,1.6982862590372687,-0.78447745295042726
55.837842104899465,1.5608165624793457,0.55273791513480264
56.168539460108278,-1.5672276046532958,-0.16637399268622249
56.056675189531177,1.6756843190976083,-1.0999969346593597
56.357323560114743,0.2647417867716052,2.3398625475678174
56.373793995541092,-0.53013449997182072,1.6744976970024459
55.874089708171269,-0.79272669165616416,-1.6628696641213592
56.559502575938289,-0.20335810536671831,1.6291912200166772
55.649539484977254,1.7102034427279593,0.79951282078095665
55.972361575684864,1.6820838480833806,-0.70360738898966702
56.409357365271958,-2.1706475476069,1.1976106454997295
56.465457638647578,-1.6161137521065452,-0.62534116992015754
55.322464073066591,0.8024417140547021,1.4100328526967254
55.433486343615535,0.49277173017898207,1.7103816979232991
56.787267682031469,-1.310398040950282,-1.2190236328606914
56.938101036738168,-1.7629409062832642,-0.95139889599767347
56.686222912879366,0.12088045008900632,-1.8899906922702896
55.029975549200302,-1.6593652909403571,-0.87032894830051533
56.962706273752069,-1.2206285790956077,-0.91295223389176938
55.898877666792131,1.7297729346975308,-0.64577194396509507
55.303674715886729,-1.566555475012033,0.70826623513865661
57.233439908106142,-0.53426184015351963,1.5340548757297041
55.800414844626538,0.25895319732884553,1.8648464448379647
56.349841525540739,1.8830834017961702,0.68320992835166572
55.458111643421645,1.0700220592112877,-1.4117404182979425
56.587938464482278,0.21571598662574065,1.1208537528203184
55.549614612911583,-2.1994219946191582,-0.87675110194843686
56.832356475514267,1.7194056166168743,-1.5152954811877279
56.283436106294545,-1.382414291302462,0.27531912872933673
56.568608312997036,-1.8591538761277486,-0.014046134959044648
55.883614688991955,0.53763272367879367,-1.1012998049756473
55.455185427088388,1.3597781610306667,-1.0157884100095276
55.831706055665023,0.014371005734762304,1.8722479668272025
56.678137236369651,1.3663874655687795,0.89420187525053862
56.975343854777556,1.0998476906786154,-1.2167880655657579
55.184007255899346,1.4554612358967869,-1.1988123850539707
56.349679709746461,-0.29549527836107092,-1.6784949614320288
56.677309967175873,-1.2836528552413151,-0.81450788172313948
55.479426014477063,1.4550074215265489,-0.62156391399717925
55.585322267102178,0.053807785936681368,-1.9696051970068524
56.291193276481174,-1.9295326933407795,-0.84452555001758367
56.712726472375451,-1.7346825258256944,-0.60555071792705206
56.869549037687868,1.7320839903167724,0.095545951514898614
56.50601796129353,-1.3000201369164681,0.69573993515361698
55.544696710491344,-0.79567202443436658,1.7789578901828256
55.986219931880981,0.81310427541971131,-1.7608770203442992
56.262562474798408,-0.03189898474863638,1.4600383078369659
56.81097243727929,1.775997515985539,-0.98418160947635258
55.51368104017223,1.9190351482655812,-0.28245872930419919
56.536273852844005,-0.79094267137831098,-2.2969302248339565
56.132545721980229,-1.6792162218844118,-0.45040024959813751
55.281216826097811,-1.5356506658310631,0.85498767530751185
56.245159819001145,-1.2197951708886825,-1.4835097179084742
55.997450958748161,-1.2768010558036043,-0.86813179575413946
56.451948145205535,-0.91082621501603567,-1.1315672812367594
55.745904526638952,0.55221917976025381,-1.6085585766239168
56.154798810160315,0.95178154131164949,1.9469166274579213
56.783274154728375,-0.71946476187348163,1.9031219591903192
55.242728152871962,1.5890674138670167,-0.097680008716348951
56.228557411273577,1.6245634627808585,1.4701107897678509
56.266861089214508,-1.4914514709506275,-0.92612999615006941
55.403358916630253,0.80727731398128133,2.2767174889017268
55.435695455283629,-0.65632486118433153,1.5025016331819505
56.136165605726156,-0.92735463010805708,-0.0373459714193893
56.732038323444499,-1.1244819677458546,-1.3123376893702208
56.870853079497209,0.69586799260763244,1.0948966351593887
55.937792464014478,1.3981123556201456,0.40847847757239303
56.760797065806329,-1.4735885726801841,0.11643883222756299
56.375507090550727,1.5241337813657783,0.99076035743452062
55.461403630958905,-0.72707230698889036,-1.8648316405622949
56.227594252867831,2.156051263260744,0.323350294576841
56.810819710626681,-1.5605722996830635,0.87538568399482741
56.204528741915226,1.8476848226006115,-0.33910754351646866
56.207506056297461,1.6930190669360861,-1.1325922140163012
55.193578066995002,0.11870499425903126,1.8394230117778649
57.173596404592203,1.6935045153071073,-1.0171785028579454
55.648830938917357,1.1007948127239264,1.3509890900452253
56.554910146578237,0.95388377996069962,0.25063602027229481
56.582180328616722,-1.8170842862669516,-0.51422533786071889
55.58992753566401,1.9458694627278752,0.5592600175234127
55.631434248666295,-1.2292235430141853,-0.76778150458744188
56.379977727738947,-1.1845106566938306,-0.9776785181180907
55.947901265605147,-1.3728090310986716,-1.2248972704239027
56.624538695322329,0.72443330430021158,1.7224677983100223
56.56620528471565,-1.5668718209604635,-1.7223144011933063
56.263910100540222,0.68498957220200796,1.4884918366395314
56.528556644581599,-1.5420557043747269,0.94735970038793949
55.736524878734478,-1.3852492181756517,1.24293722601194
57.068036531270096,-0.44087187862581484,-1.2830571760637428
55.664548646737543,0.59673684825812001,1.7891601160592341
56.123293286662047,0.15865236639981775,-1.665988434136068
57.022233693538844,-0.68222746417342994,-1.5463421231440702
56.125160827409736,1.7174079733022256,-0.52056410619742577
55.504829461659817,0.60640320494740796,-1.4585263488506146
57.220732949858487,-0.92033444387584495,-1.2451445927040226
55.571346245334759,1.5046865670643164,1.5349377140940743
56.913748595772596,-0.95540953601200485,0.83190121408219064
55.740623396511651,0.47946346246627797,1.8126153127557667
55.565480922666445,-0.50984230509646289,1.9683396332314527
55.326171193316249,0.4184420951112181,-1.4838691247799085
55.956396142736111,-1.6451693950786035,0.96462041575322321
55.511649420125011,-1.3587357399010287,-1.5105767591852761
56.825828988947094,1.3145271591528578,0.66116744275393768
56.311080040987477,-0.98439001531106807,-0.9630814449011621
56.46753081861641,-1.1571531381585438,1.298587208402137
57.253130734924447,1.4857166855762509,1.271324197539176
56.960064112260341,1.5415534090860215,-1.3157273612311826
56.40720563159001,-1.1304982088882984,-1.4646488799142792
56.824524247811539,-0.4194431472389526,1.819954262313104
56.728923388558542,-1.1346753148506969,-0.72524397418258113
56.768425080965066,1.8856213406403517,0.099273303325247308
55.802483203364133,-0.62788483339077672,-1.343796098806664
56.022933138888561,-0.34628645258267315,1.6069142823127223
56.636831856823576,1.252381853560796,-1.0465793933209908
56.551591923734499,1.6977014985588768,-0.71095611141514981
55.252406383214407,1.9748033643889549,-0.85456171964395167
56.473247706420082,1.0209326247863713,-1.8058166519282326
55.93514739527793,-1.1703057634583056,-1.1151895515199333
55.34041747034582,-0.19848785549949524,-1.2372960658516339
56.955092790648507,0.48348987501446961,1.5797956510104545
56.116930998410581,1.44966912246226,-0.92015056397590078
56.758983356502256,1.2250930773793764,-1.0190285932141567
55.818384239345264,1.0154507633948417,-1.1602272827664024
57.082897371195301,1.3197483990540844,1.3376965213168648
57.06978701151197,2.1341856282683018,-0.10448608947846844
55.975763811300148,-1.7798506997078807,1.4334919402816924
56.583915677199357,-0.83710688311561865,1.7176707605744146
55.424754517097576,1.5298226140668842,0.90002086831856554
57.168796802691226,1.7161829736062657,-0.37399219766418557
56.676379634874188,-1.6966392425037793,0.788014821182078
56.148616914257651,1.5289269275445618,-0.81827413371781754
56.678895939848374,0.41138292978759822,-1.8547257550247978
56.721604460449306,1.0901873288985333,1.4436642752295841
56.313534205876806,-1.5649221155569699,-0.49341498112805793
55.241593485899394,2.4078481787930661,-0.56617173404623999
56.840169680809126,-0.076122974523488318,-1.8529833292780922
55.544294085217253,-0.036219138256966286,-1.7659455419943881
55.945984772744083,-1.4883725194983854,0.27946512676965113
55.410220143123503,-1.2689028292500693,0.88789123518699176
56.365853872636563,-0.57040418018021077,1.5549620392348364
57.02961066235396,-0.54601067378589263,1.6851489995272533
56.714380938866803,-1.6497824486711434,-0.13744266621399709
55.524846217242654,0.69541275619532883,-1.0954618084210164
55.802136273302338,1.4691460320883536,0.57564979570625208
55.670369061221109,1.4590082950576608,1.4803380939725679
55.945477461313267,1.4662101353873276,-1.278324528686662
55.225691124073293,0.39572622574143473,2.149032604448736
56.023902932747525,-0.81087268961217418,2.1171553910235974
55.751540854365658,-0.77347543796638807,1.4192061883078031
56.277187147031398,-0.085130380402055339,1.3870934977513107
56.747595084546859,0.62256670010833159,1.5601617541167356
56.582645763187941,1.3633189270978874,-0.84933995355550995
57.04715835677797,-1.629980313679164,-0.9306893604238704
55.731702903611826,1.7694367854012893,0.45027922354726491
55.430552548844133,0.24178481866627541,-2.0268278756338929
56.487426051146095,-0.74399838317935707,-1.373769430011617
56.925474982238342,-0.040542283847665235,-1.750115131220028
55.527855033239454,1.1371794164365348,0.87170124086242762
56.178112654997697,-1.9393496639310919,-1.0264808122852422
57.027781978933383,1.7345722087262665,-0.89870156432131088
56.793613884919786,-0.17310819300866306,-1.4764287522107591
56.683865989790924,-1.9948024018532022,0.55137275320767465
56.0537204309245,-0.7791764460553493,1.4999040986176351
56.614215566928742,0.86732421035219787,1.0378429958971864
55.754695853390054,0.87765738076699462,-1.320061590588657
56.090762226375958,0.59646572444623136,-1.7421462420005838
56.827554132219909,-0.99617732984090623,-1.6691527393145944
57.011070914863161,-1.642224775800073,0.61650652352843349
55.759667467728057,0.91672539070687564,1.2627098751611141
55.744603417871339,0.65184066144414488,1.6128374674690624
55.221711893277629,1.6870879095035145,1.2024981407902873
55.28453122082265,0.49910408942541762,1.9240110482968944
56.418424288720999,1.8318479263392504,-1.0257303438963477
56.442722530135335,-1.28633396250517,-1.369190073300999
55.982893226826654,-0.83432658480685729,1.2217437563417886
56.376030964205754,2.0322822357292645,0.52369787808547696
55.229017777575997,0.37295936960317516,1.8204354572772885
55.794224252484348,-1.9257990559603084,-1.0141727320960294
56.736425102557,0.0062423626199113536,1.723913109287585
55.403439246508519,0.6858717862644107,2.1591191980437165
56.223335314766899,-1.4918919524762915,-1.264786861668032
56.01330951173717,0.17265245462506484,2.4203517205327936
56.169368846751922,-2.4216613287723741,-1.4683328568328582
55.36277083731288,-1.7261367698523047,-1.5574856177912544
56.945940210455547,-0.54044845998573809,-1.5015877431611964
56.625451519368092,-0.63984429301130119,1.6898455923275713
56.346236802424635,-0.67174513671540503,-1.3929822368333373
56.628754720326292,-1.1382248782310609,-1.2897618168803615
55.949962120889595,0.90791711648911433,1.2583141476761466
56.035071469236641,-1.1317867055385029,1.6179582052119066
55.40154731901589,-0.84655808184843306,-1.6653679880136631
55.847645169218431,1.0169593972279718,0.78756144113570059
56.4198147958897,-0.16669751997134125,1.7238370687999056
56.871102274966809,1.8712221785753018,-0.011027445437056738
55.880776335676323,1.476271150023194,0.35279810605476453
56.828397305390723,-0.27020791533313715,1.4473443925352718
56.312347531260819,-0.16166557497053566,1.7026021873285977
56.52883113575065,1.1220598582909553,-1.2782624754838141
55.306794079596088,-1.2366837668258486,-0.69811867615182865
55.391792943186068,-2.3354848095952625,0.82240584729348964
56.709532942509753,-1.6212746106120579,0.59650314160086659
56.183465120623495,1.8281906734896713,-0.4036748800576993
56.132361282218298,-1.1567220071621926,1.2455726518578325
55.826419046643615,-1.6446767949182826,-0.93639386780368483
56.087481077496207,-1.6091551389516074,0.57824560448423845
56.928528162609979,1.3237300141600028,-0.70326136246060045
56.599613997025827,1.2404858791318503,-1.2981923875978341
56.87287492869806,1.3656791226604577,-0.32108186114368886
55.416860342285297,0.057330748165648343,1.4428597902021847
56.702817939590872,0.60570398900939282,-1.1279172430169562
55.69220106668056,0.64867396524038634,1.423544634180324
55.529272525738264,0.1785650337399125,1.6079111619076185
55.730652008292509,1.8975906923048858,-0.85029797158286868
55.502769504107192,-1.6789142580974483,-0.53478033148416992
56.076702725370644,0.051165422734205636,2.0403775928671242
56.53575996690585,-1.4703295672514687,-0.50650101620396715
56.67712898966758,0.79070190803208296,1.9634251895487711
56.616111853645194,0.50402163179204362,1.4515184716704024
56.209912489742017,-1.9333644184449168,0.21149278859083512
57.155965517215357,0.086596770873876711,-1.3753708075979305
56.877350165053258,-0.23498549306321312,-1.9516025616137183
56.112915489093204,-1.0303231239456001,-1.290792511275026
55.881176953275251,-0.27283235147183377,-1.8144093210605989
56.835000860411363,1.0352312865951812,-1.8170416927417075
56.463757236233654,0.020426013221927903,2.0015887312042655
56.404053419586489,1.9012026729742819,-0.5711364673005912
56.910627749661913,-1.8317963782803046,-0.81611954530449848
57.139869816716043,-1.9330693240495198,0.065769839525317689
56.237819355002479,-1.7702176562499459,0.90814950831839547
55.155551570863871,-0.22333267416930155,-3.003695820225595
56.386736421589355,1.3185613229096855,-0.3356369280860641
55.542270595792914,-0.13909113759981812,1.6383417874253678
55.829585866224477,-0.52947279449262818,-1.5628767077460763
55.620234158011947,-0.8723904183484118,-1.6147126012043449
56.768920720348085,-1.2809269034836626,1.0691494930686534
57.22910162880045,1.4927820076468501,-0.87112101388869645
56.099841258710107,1.8992206372619891,-0.22368060967642786
55.74243800093118,1.5889724250660804,1.2097608249531384
55.86428854979679,0.74014605584205162,-1.8224809333334775
56.794227440009301,-1.5240859475213273,-0.57464280286684233
56.597496151546586,-0.70055487949428319,1.6581176356823455
55.620408231670332,-1.3516744822733662,-0.67540722690109567
56.706370466199502,0.41688748782642981,-1.8754788160668556
55.8040013906312,-1.9586713483642466,0.31766910166961354
56.363020745386528,0.20398473927314212,-1.6464097698398168
55.40407778930782,-1.4439403491388019,-1.2791759011514685
56.666499341693864,-0.77615583044245207,1.7584897149159802
57.022376589540464,1.3142665068813788,-1.0015801527784831
55.480329426184873,-1.410912173073674,0.91633040599957916
55.290473034052113,0.55074747270818492,-1.7919472573050981
55.782483366778663,-1.6331005275218033,-0.36754105097599704
55.987707440506291,1.543795367826287,0.7863255037242507
56.915299179437802,0.18611114776738422,1.9572425529915995
56.966218052313288,-1.9282406763940712,0.73858929461840472
55.463186920958869,1.9385245167614404,-0.33657579212117411
56.950052704191052,-2.1050365404293925,0.077196866364695027
55.665318238714363,0.16986810831837643,1.7798788286288125
55.424630856650381,-0.96071836169470359,-0.7690935362658391
57.143370354719437,-0.92704644534163472,1.8457553408516498
55.582431965553333,-1.2665892602009157,-1.2788026096085736
57.009131615842257,-0.63458713461231153,1.4114371076477965
57.004062618264356,1.6426169370579142,0.036675973410893112
56.000987297408628,0.63296817405067318,0.9584357576393755
56.425623648497584,1.1702823706987631,0.9221445668373861
55.267612821969443,-1.4668998985864388,-0.84958959839684389
55.637321702578703,0.65452636204932224,-1.445029970896655
57.044946563672021,-0.1207300438034928,-2.0754700100907102
55.575132665203746,-1.9267219809646783,0.18803032804556138
57.053750268291481,0.4604706219346042,1.5179791350167962
56.783389791862263,1.1550948183510501,-2.0776594987843393
55.424107728606714,-0.3283597002038664,-1.3556434722602462
55.566623067323995,1.2864076455374145,-0.45173243027027815
56.612513271384849,-1.0315717707851784,-1.6184345740817208
57.040647557581607,0.60694278657583822,1.0578757361372857
55.284754027565562,-0.40051446883286634,2.2769652008853956
55.734192269575971,-0.23867219685950727,-1.601111780586814
56.640916879055887,-1.2338785296812147,1.0282378695915912
57.006809000612598,0.66577227101919123,-1.8771179306620136
56.246087491729178,0.47426394109203751,2.1643138968124749
56.555119485101692,-0.21871855086824282,-1.7665711190722218
56.916027668966585,1.3903452179792788,0.67483178156064016
56.482800683631943,-1.6763211781184519,-0.71058814791833713
56.603628799926952,0.39156243130950485,-2.0169857786399543
56.798828767789935,-0.65600735673441624,-0.92347810429416122
55.331640103156438,0.49031394259673333,1.2230532197107873
56.682807559548785,-1.2102045747154548,1.2227456043668254
55.404646289890714,0.45181596873677804,-1.9275941190756827
55.98181102323354,1.5338524844509394,0.83535187495220908
56.218452918693359,-0.33138595048774033,1.7392554516286236
55.352935475431295,-1.2091281136468848,-1.8713046879309954
55.557460860424285,-1.3875009818531205,-1.0124448982664636
56.843275906460413,1.4223927335731139,-1.9933054184374344
56.875218194111717,-0.87511757834680159,-1.5638893070394759
55.887135696595109,-0.46351484257738873,-1.7644881843149944
55.955863878920596,0.99002679280365147,1.3467090521177758
56.217556074564378,-1.8138254361550048,-0.11256408337654709
55.262018135010145,1.3158691088248708,-0.32225134712424036
57.068576493209555,1.3754384421900154,-0.47063478280232202
55.166167909476755,1.4762940449000603,0.85978571622204292
57.044592647147752,2.3282716385932578,-0.3608912195690096
55.860773841236025,-1.6201048457943621,0.60326298537483003
55.830060741328658,0.94231971127321346,-0.85245145841597436
56.623413864811631,0.94331715414126038,1.4276104546027399
56.492820294238491,-1.670313954118704,0.35153243391860328
56.971067144245083,1.7156351042728191,-0.0035324442235376949
56.640352048477865,0.92074019342745939,-0.34318989378632492
57.034011651586212,-1.4856102723542894,-1.2263235176927347
55.246605530455739,-0.73681002971153831,1.2475570197939645
57.162117153186294,-0.18924645382717262,-1.505712187552112
55.862929618927907,-0.72940443889971351,0.8907013404240145
55.263730485457792,-0.65832079668577526,2.1015480407968283
56.596162337294331,1.6670947292810501,0.032748461235642401
57.010436017624407,-0.19604844351761347,1.4269944456205117
55.859964127858724,-0.0025422076024501044,1.9437556542547594
55.74175771438923,1.2407866704353552,-2.0884341367053492
56.964861066248076,-0.17297242622788064,1.8778104623672656
56.747902357301236,-2.4292803604233431,0.63889208980205237
56.715077579082362,-1.5161101509991397,1.2018222924835322
55.277858918568207,-1.6208421744198807,-0.43648557059403759
55.299013751302155,-1.0362100618026935,-1.8245605032169141
56.374873700949308,-1.9172372234083641,-0.16236646081661635
57.005628250008577,-1.4788511151204524,0.7934063613990614
56.457026696101913,1.4549795830019123,0.58728172976797033
55.412323695491281,-0.66545961661150632,1.7749572073330651
55.963418536432222,-1.0363858155224743,1.637954181092544
56.910611726367179,0.24899914380276578,-1.7635221141080368
55.685445799188116,0.20345895572955394,-2.5656261526325275
56.550852301874954,2.1120578331292972,0.1068423229934939
55.785628391412899,1.6184364727775473,0.45492721289847132
55.727491235969531,-0.21066367812576672,1.4025156563399355
55.390594240656398,1.5469483336040628,-0.93275966983671199
56.719058974511761,-0.4611597781950359,-1.8180428809653841
57.120940912671777,-1.4419063225545232,0.9160333486802974
55.460128498432169,-1.5289351480833178,1.0082552645644252
56.489747734190914,0.96550389177718732,-1.4439834808563297
57.132383561944152,0.85262159647167923,1.5808851508354911
56.70839776263248,-0.60012876102967549,-1.3327869603373756
55.809759569270376,-0.29072682279030748,1.4703246045255352
56.329083466937348,0.15333593636648399,-1.6933434597998154
56.135111637902327,1.1444755956239698,1.0739431323109878
55.993266386057172,-1.9350856050255845,1.2154992763963608
56.594086220606791,-1.6416631013615868,-0.092012335650352758
55.734163046202205,1.6365408448406928,0.45198349124630449
56.883066784821459,-1.9611571507094514,0.34671615848737775
56.245889123525465,0.98939022110714769,0.38297222788631169
56.925129523357356,-0.38108449080411377,1.2994892146316324
55.518121616303993,-0.28472250842983871,-1.4418426216387226
56.780584142124624,-1.6671945145182492,-0.88945168903181382
55.778375697953734,-1.2666079559072636,-0.70153193470942332
56.884015361693159,-0.17280878780045489,-1.7702705834315866
55.79452701599763,-1.7941498122067518,0.37123913115990131
56.980973335994982,1.6896867591422102,0.77152205477497182
55.966189904989605,-1.7733609030018362,-0.45865446387811393
55.75434815523856,1.5892133603405489,0.10983845787212383
56.989901225701054,-1.0893906535713167,-1.0468009241178431
55.452098080967616,-1.6791304799902038,-1.1063995211734754
56.74593583679497,2.014172805422684,-0.65062492058054411
56.131651677674093,-0.49803712552328167,-3.0539489873548016
56.139849257936106,1.5741297951571944,3.1154391502072261
57.048728055790768,-0.41650915022326879,-1.5944244909948004
55.372824032033918,-0.2798045940754641,1.8558554254064716
56.555798321909215,-0.5590649962226053,1.8148644408586454
56.410277949742522,-1.2673782287678115,0.81945755501895645
56.725715275501443,1.3350269122029326,-0.91426964632823826
55.511422191112047,-0.5051967804375963,-1.9412222279181575
56.145443323243626,-0.73275403190122057,-1.5972487334264955
56.032416196545491,1.2985809703976379,1.2824180023764411
56.377972639503511,0.5358302518062279,1.6109786876208654
56.950371214099818,1.0613196600024457,-1.1136326444012035
56.402437787834103,1.8066851724735786,1.0816940406200282
56.692996930318046,-1.0973703698938984,1.335986457880759
56.186660938816885,-1.7061855896520717,-0.93982562983257933
55.189593711058606,1.7715338726636776,-0.32929124166950319
56.680241507792232,1.4694079025109952,-0.033680892375156438
57.032231543198371,2.3772132614085315,-0.25883471374851413
55.399352329447055,0.39022116131175744,-1.7465769027716429
55.803425344926836,2.1265564959495262,0.07072436537430149
56.26720104955993,-1.7249909277186746,-0.1259557151231982
56.828946787171105,-1.622238899742956,0.76856433787346456
56.507016744474221,-1.2979020443611538,-0.55645763554134697
55.753071969971892,-2.074917845992017,-0.92897294666195451
56.989934604759355,1.5308729752444468,0.90989143621689506
56.473454090708692,-1.636251471754395,-0.45842797926017315
55.608210311848318,-1.547453083414595,-0.69133115683357238
56.742766824635694,-0.12388942493078149,1.6177929772369164
57.073959518118912,-1.8053057655309404,-0.34830154009685105
55.765020947569511,-0.1411987858352439,2.0214860418538834
55.410633799661035,-1.4342352982508091,-1.4898085448918019
56.177193694241012,1.8576084416161067,0.47751737752411239
55.756366458505219,-1.9750464682228959,1.660603267094118
57.014367771247876,-1.5796097205892443,1.132285598091332
57.091147736599147,1.8341366696257815,0.21821415936895436
55.151835930061537,-1.4174950728740872,-0.6276173233965352
55.919387389953819,-0.57104791691308776,-1.8341662495776911
56.299442541082293,-1.4623161072596074,1.1349659355734449
55.783607005207934,0.34431668166045998,-1.9387879611503842
56.620849502966635,1.1373587476037295,1.3085202546793975
56.169563855023867,1.0727595295278161,1.1301568320003537
55.668539113940589,-1.5142423108507437,-1.1427908827549076
55.288598301323354,-0.37271658092496063,-1.4739415890489116
57.018869485467398,-1.6377008057581712,-0.23909568572034326
57.03402568489647,-1.0006271874670318,1.1888399732226342
55.987483444064132,1.3902368519203256,-0.79187655470896501
55.224316310270972,0.53490715728343141,-1.7406395543086681
56.911807661208648,1.0205429214916375,1.4004697530913319
56.17358860353378,0.79967693100248061,-1.2052957377623204
56.644808630197403,1.2409347913767719,1.0327396938109921
55.501211875357498,0.52540639543970447,1.4494367213926371
56.870387271145098,-1.2854715174945992,0.85436259400408965
55.238595567623989,-1.5404566529210371,-1.2449325406770066
55.279820992614333,-0.19097716516858132,-2.0672956155840385
56.529497282909439,-1.5567869329907214,-0.37173779268069579
56.634732828555627,-1.297410234307895,-1.4720986608402213
56.745777302374208,-0.75257092486428345,1.6457374408669005
55.715268909982719,0.72934687632676753,-1.6886631097316993
56.160004983440018,-1.0126508342869009,1.2401187508857026
55.792624217771134,-1.1554884891888517,-1.4154303777064781
57.009800942141503,-1.6772787722355114,-0.68536005502939712
56.299157223267947,1.6006448652004523,0.71918124326834809
55.96709828612731,1.4628736041831576,-0.78147720693834322
57.05728052032925,1.5902234904783734,-0.60782954434343472
56.345170624767526,1.5112208386460446,0.75501633132651413
55.7084360448222,0.095468539711416098,-1.9227506467665547
56.099685377304667,-1.7708292869959907,1.3553028387126949
56.317887430129666,-0.95318886535229774,1.3834369166037912
55.293037264186403,-1.4473388132500253,-0.24894204134769887
56.152192452930898,1.8852631975868792,-0.44051121331017512
56.838731063930055,-2.0753048755415979,-0.59467246507439986
56.711690077661117,-1.1681499149489953,-0.567460118989638
55.556445812216978,-2.0978585716009275,1.0833374295102745
56.564932646585312,-0.12694834093916049,1.8460036446144599
55.812060183510837,-1.5355226323632964,1.078485869889001
56.794484413011254,-1.4787054930910333,0.74136174529331689
55.979259094824286,0.26824840197073585,-1.8220770279298806
56.575883541975458,1.6770447531198065,0.92190933691436139
56.769221541873499,-1.0106253662438618,1.5781947428772891
54.970811512785993,-1.0253377491729738,1.518859251858327
55.318698111661753,1.8287546877882626,0.049873518025267238
55.440624638040489,1.5252345784957309,-0.87855948857527177
55.819520546638969,0.46640175979858001,-1.6041505828431524
55.446877310377772,-1.3832765055428982,-1.2787442270993441
56.898554829213509,1.5799576446354953,-0.38850813443808518
56.897582438999308,-1.4134249847565619,-0.28484999654663862
57.121763666291002,1.2188807114397149,-0.87255177816911023
55.764200219414256,1.0855968297637917,0.89894250347203142
55.211067901508073,1.6243648176403904,0.6262887992095606
55.762426227599853,0.022610810185317558,-1.4428313639060644
56.453625710258748,-1.8477537262421608,-0.10937553224813672
56.949112027810699,-1.4807197797892862,1.0837351851036778
56.365768817566035,1.7891102946485899,-0.39744940630471465
57.221872352872012,-1.6395701168619456,0.79208004085097061
55.701908942822264,-1.1165561082516005,-1.5381242733842098
56.441490861654799,0.84611609441563052,-1.4393478844570582
55.565041580607179,2.1264253444771826,0.88312805245294312
56.290763773517703,-0.30822660312894545,1.6197834614152289
55.67641747339453,-0.4831038980977434,1.6290627667253912
56.454977114705542,-1.0266645434741501,1.9898352584276773
55.230852663210541,-1.8890027393606947,0.031311663374110468
55.516269116731081,0.42364132890077416,1.2392790212873981
56.895115484067311,-0.45692889237542261,-2.0711358184949828
56.662891065595126,-0.27650579303408918,-1.51681541972625
56.671560877370965,1.1638779370487302,1.0068047778454652
57.109309499501293,-0.1562451223129406,1.8755712142019465
55.864652125219308,1.7609834052007385,-0.030076984727546052
56.519035340760261,-1.7746200705435553,-1.1489206730658275
55.434826626718483,0.99805461631480119,1.7785517959026786
56.367294277943692,1.61158658889425,0.097903600765636936
56.290592282834901,1.628328354598835,-0.53098225255315801
56.983424287397916,-1.0098859705292662,-1.3382801336177386
55.601390517638116,-0.49157581828380348,1.3695914196728902
56.030339641311521,-1.4922662597066547,0.5837734269205781
55.522029291462538,0.69352141560373026,1.2786660991309242
56.200941134123454,1.6967069825397711,-0.89804490249535873
56.947576554592331,1.3052573110993371,-0.78042193488575129
55.39758201755977,-0.9634612698658731,1.0266210320684517
55.828336065563811,-0.18282425083273862,1.6915763917817723
55.339116111996162,0.98158637623582434,1.140713816136147
56.546924177650027,-1.9485112475684931,0.31912249434523082
56.019135125374333,-1.9981560451011116,0.14106970580291617
56.16583979268632,-1.7938976334012617,-0.30946997784373464
56.648448474313568,-1.336149162442918,-1.5175158530362289
56.647687163030234,1.8946090506562216,-0.37964402698213695
55.619644338704639,-0.59373098493448695,1.6283350710083826
56.176667208319742,1.6057329207715321,0.60196313917057387
57.059239918252942,-0.74629183664415788,1.5491149816862386
56.411636867920009,0.92065096165334048,-2.3751372299710121
55.142147699524294,0.63291017599648858,-1.722429259191091
56.888780122719666,-1.3485248934887544,0.25464280127042732
55.280328901333135,1.196087543349126,-0.58505500046940984
56.527449096927917,1.3602932254291948,-1.9137699441146521
56.594742994955851,1.4744029586169882,0.94722444100152936
55.303254400331703,0.035069965697393304,-2.2825596655371245
56.287891202613899,1.2889166628499478,1.1702950724001566
56.556110989623278,2.0582046437477306,0.3895917741758142
56.762671713089738,1.8704246992550335,0.24202645804971051
55.613473126677661,1.1108292455203865,1.2460391640511703
56.058784538265868,-1.6168929760582404,0.37327835284996663
55.952564575635776,0.74296248229833972,-1.5753238516966452
55.933228544962105,-0.58101316636218125,-1.6521793340393041
55.905146536834046,-0.26207159315025419,0.78420575431301331
56.974974109490461,0.13485060910457805,-2.4169886168627732
55.993588278732368,-0.087266007193250561,-1.5724004181914366
57.196890301450843,-1.6995032994048094,-0.48264275982146326
56.266831173185672,-1.4002488629870777,1.5264810020457891
55.781083116188199,-0.31684039119570434,-1.6283035633993133
55.381290622947624,1.2000169305017714,-1.744379892984963
56.228528657721725,-1.6309336844060052,0.78376057587979553
56.232802243734376,-1.84972954448073,1.404828389495141
56.135871948952122,0.34826965117827419,-1.616403974077941
55.681695648542387,2.1510483923016084,0.15059208470843818
57.057954248009601,2.0946428605775185,-0.60621684149232624
56.946196876583862,-1.284518424947851,0.73495080914641842
56.988777296049896,0.27432723624525029,1.5584686930164224
56.337270781080612,-1.2930291271198808,1.0718279581988002
56.310729813848845,1.4698772147189019,0.2853113457734211
56.744920691056542,1.7338888224169977,0.69121570450102732
55.122351904890117,-0.28135110685447956,-1.6974897445404888
55.530136021393737,-0.90329577747473433,-1.3395454296500462
55.41275076685961,-0.73839294404210809,1.2174969818533798
57.009269302686477,0.80825176414552991,-1.4305849088511835
56.441900808098744,-0.78012332329579115,1.527336927984984
55.336356346829056,-0.24662861940295197,1.717421195468533
56.223374059793137,-1.468199995837121,0.690128208446668
55.501417253436671,-2.3651280613666299,-0.26910934855587532
56.550219811720631,0.77255184869109894,1.6096571350864515
55.417621127668951,-0.20301908700015914,1.930529468592298
55.61088308826254,1.457404788814745,-1.4993943928998077
56.756405285729215,-0.90295687679341818,-1.3553527977244026
55.13997521902369,-1.619277795283067,1.3471430633774581
56.239771881864769,1.7676355860389092,-0.17765762512535407
56.670282371166081,1.7922125235874002,-0.5495050002122559
56.795329138035463,0.83572581514289423,-1.4374586199431663
55.359647756627282,-0.34029265123994085,1.7118918313537033
56.213274688573399,-0.58654096162057068,1.8101110179991731
56.442432092284783,1.3472073568858847,-1.0333811227211962
55.284316393287,-1.5964066974785349,-0.00922452296571496
55.54325753471052,2.2943161937158885,-0.90340440493046037
55.676376277143071,-1.8248271643711618,-1.2450384900320131
55.915478052136663,-1.177340314420986,0.9127282519239136
56.748034300036181,0.97401503867839001,-2.0264999282220191
56.287371233909674,0.01421656731336342,1.6021737487845469
54.987503080674188,-0.41023868663147839,1.5980381357447202
55.940255075196248,-2.1329330543678102,-0.41315106806081542
55.781145061771817,-1.4964628611498993,-0.44371183384008417
56.230878491752748,1.578414868444725,0.7737304714075941
56.505832653743774,0.82286130437085236,2.0607394459476009
55.335783208478674,-0.98086020379543459,0.73113101777101386
56.744651707236812,-1.4538388966889109,0.91014086489691426
56.560372176376475,-0.5482739395004006,-1.8810079907578801
56.72210306347035,-0.79164771030313585,-1.6579020002661633
56.297902431366225,-1.4832149424029237,0.4694227127519976
55.541262246255691,-0.085442671611213758,2.3066024747385394
56.979847393306571,-0.22308269229304345,-1.9922772168876837
57.009197159553473,1.484353658598581,1.202307145945583
55.4699131730465,1.368677889696027,-1.4249876432528352
56.960257788586127,0.4043125763587711,-1.9292271730159551
55.901018810969084,-1.3768713131466013,-0.45581422352760426
55.559526960016804,1.7961845353499639,-0.59428446957275349
55.559784969877356,-1.693568647466811,-0.45268187844152624
56.705428296565984,1.5373107326789799,-0.3443785269211172
55.962406098443708,2.618242885429205,-0.094495022481785401
56.829353398716329,-1.5081829634165032,-0.83941629205244639
56.21508023978091,1.0051800456998456,-1.6135991286220557
56.707495728742913,-1.0122814807103582,1.3577757278213993
57.133018668627919,0.54025813858665095,1.4956019097807249
56.705896543724435,1.8169852691148951,-0.26467809149076521
56.287156816371954,-1.4521228007772804,0.77042651373028515
56.669167915710659,1.1541528269057901,-1.2127917308928964
56.832369012996821,-0.77855271077247679,1.4040616303753435
55.608641593491392,-0.63453446476583142,1.4251045173201415
56.523446523667857,0.55107882517905715,-1.4430622559677313
56.282043784022108,0.9151604072664683,1.826898727625601
56.696471041361896,-2.0282275369342222,1.336387157425559
56.154300633425791,1.5113576507920479,0.028905642152739913
55.553416987780629,1.862938892387586,-0.65601493388977472
56.742044430500528,-2.0367591754974597,-0.1692306872714904
56.600513291002386,1.6182699307944923,0.3151655631589303
56.589383344512903,-0.025606465739321214,1.8672393637260749
57.267478577739858,-1.8856633618826155,-0.86352387651813711
55.467880700983841,-0.7180392551654915,1.769999236107537
55.49880380749417,1.1712159453207884,1.2677474120995864
55.961699044776893,0.21123961899095586,-1.6590435626032458
56.614930719673929,-1.8699066663764516,-0.39812592864983032
56.92309895556415,1.9260831502525144,0.40889662173047625
56.505190361507779,-0.46827856186880135,-2.2093387163814624
56.487623298254483,-1.5609005650707504,0.83248617477176667
56.714632958110087,1.6064614827011219,-0.32782949472433154
55.854658444581233,0.63044462830888248,1.1220096303917177
55.649249095648322,0.83317666519685252,2.2181797417532234
56.367457913942317,0.98360329562076776,1.4099231129017329
56.625275969684999,1.7618808635886378,-0.27532616682826982
55.824772121956578,-1.2880868363920694,0.92992511352798768
56.22867264014792,1.80185619398549,-0.034287455650369822
55.231966056859889,1.5727907748955272,-1.0370058862132998
56.63615160934782,0.24054093656718628,1.7773942737140862
56.258908698928515,1.9546554948363384,0.23319685597317921
55.816348177659627,-1.083526027398102,-1.4366811502759145
55.980443838759086,0.63470500862871926,1.4365790085111885
56.076532299994,1.261745328632738,1.2184044841932249
56.644623309707484,-1.5362009035036441,-1.4623727087673581
55.376122380704992,-0.80327615336450287,1.5432857931135922
55.428734944574266,0.36026621787945234,-1.8470503867358998
56.187115439583053,1.163022325892106,-0.88632670427950511
55.912228666910266,-0.57280359352899746,1.6507453862987393
55.911384484384833,-1.4252195869177224,0.37706124485372811
55.319033341604275,-1.4441479566150908,-1.6532499715063991
57.067510811164802,-1.4766450938036015,0.78189100236409492
56.206977944911891,1.3279897097352578,0.77427804642735909
56.531566711507509,0.71851549638316436,-1.7864195146280011
56.153275252820883,1.7615237194376259,-0.52602542142012054
56.86703891478831,-1.2247630159788638,1.3833651211908349
55.666460896385694,-0.64317390830095778,1.3183535437138332
56.550803174238347,0.3957821503266743,1.7168487470073635
55.940444345391825,-0.79779256045789138,-1.281545761284941
55.962165161967647,1.3153539386778781,1.4111402963078994
56.162175413282739,-0.0025555919998139238,-1.1464664600438117
56.698125222217541,1.2670721311644308,-1.2319375767363159
56.804990286574863,0.74275420688376326,2.0274646076368414
56.68505629650388,-1.0441367525967835,-0.75896920006859625
55.538811586366371,-0.49624563318447695,2.3048407529910975
56.921545145572985,1.2226103617073758,-0.6153271488882166
57.055566098182759,0.19134400311217056,-1.8808263179157527
56.261503322706282,0.028582739675479717,-1.7248075529884173
56.538636330178974,-1.4121171558463397,-0.94267256157712798
56.748270741701774,1.6296080545311555,-0.86724362111789188
56.847583294087563,-1.5844314094588323,0.066365772000333181
56.895640566486463,1.2295868889908443,1.0920553248922873
56.375429019664502,-1.4130760961472488,-1.2886588255390843
55.582714575670842,-0.29221174074800116,-1.5707497470289187
56.518050713486709,1.5890448722273118,1.0088525151991943
55.327567598859829,1.4966637326003727,0.9157282505253358
56.44964851469657,-1.0595301330392517,1.104002272018626
56.224537686015154,-0.7346025146991878,-1.9474117549291172
56.982563018743363,0.30236143185255199,-1.7051452725610254
56.090882250080206,0.4706571045940201,-2.0370772125833496
56.593155686568551,0.63267213873120032,-1.5053980847515083
56.028417298476612,-1.3781474650807835,-0.7299252968837564
56.843878446542035,-1.9006224134873442,0.63004331411572856
57.080179409416118,0.62008129480463958,1.9757502411968975
57.018637252538539,1.5928616056929583,-0.91213464837793179
55.776343312426363,-1.8031978254298242,0.65217035790407818
56.784271789799753,-0.96529365436241776,1.4289491713941651
56.597822884244202,-1.4549468238724645,-0.55253724975893992
55.39770797594997,-0.45766542904286606,2.0059399722621998
56.649494554182098,2.0664549565868722,0.45258230091984375
55.47123483924301,1.8251974469045067,1.163330947701434
56.085530436756578,0.8934387008600938,1.1979122596012022
56.178910593819104,1.2058883091060193,1.4876004190034731
56.193020795772696,-0.75915064401076648,-1.1833505055426938
56.921973300706028,1.0265777547950392,-1.3512075145074669
56.030519255728358,-1.7612896147702666,-0.739053087013543
56.584914778881206,0.53477376563249712,-1.6589310807900111
57.076257045237,-1.7763805219882103,-0.96511368836825195
57.068303100702288,-0.98781608098836826,-0.71293931415551892
56.148905648760291,0.83636828941324726,0.62301738320997235
55.660484432870064,1.8513584432237318,0.7310887349671944
55.095002839061863,0.56361167285234381,1.7089763073240674
55.870993948008746,0.992251056746558,-1.1612912278236598
55.443297125358882,-0.050953401318506175,1.5093195813703646
55.790215113480976,0.10626024839815111,-1.3810970171343364
55.918568302536251,-0.90444009210110998,-1.6975397600625139
55.765647862309635,-0.7927650796028276,-1.5601927745631843
56.893715255318334,-0.1795418989752009,-1.3695282612455582
56.076506668522683,0.41251216273457142,1.8988083705819816
56.313674503855786,2.4386307571196606,-0.19358070134910449
57.136029648431695,1.4857155935006807,-0.28324675052731374
56.634103187612041,-0.12604017579794796,-1.4477341268089288
55.799394566542787,1.1245751057418194,1.2681907563655785
57.050217873117653,1.7381513714574499,0.51738319879835015
56.717008676338438,-1.7937170307169874,0.88262884820879151
55.664705189252594,-0.91753637475388239,1.1462961465564547
55.397732756268525,1.6382789419338426,1.541426748981036
56.229623124526555,-1.9364675466862888,0.41789736701753105
56.079459599990095,0.086955680729678644,1.6171275296792287
56.948992820502326,-1.5090222550360337,0.74420057514984739
55.408303265918541,1.4768879177386625,0.88945263220387327
56.277982486820363,-2.0050057411477593,1.1680193219107917
56.217999903700772,1.2893306042503616,1.1247649379844231
56.068810556971108,1.0265237556117959,1.6234896295021051
57.123799145329606,1.6335247981046763,0.13503940303551046
56.931458449708273,1.3573708868236065,1.3067965101323282
56.655718464130864,-1.3942216070592874,-1.0804452742577435
56.79026270539832,-2.0936696047821171,0.15188358534875651
55.831233599560363,1.1736777589750536,1.438681052272976
55.461706244350296,-0.064624246435218857,1.855972603902458
56.054864266508091,1.3929009949656188,-0.11206088730132463
55.711122489251316,-1.6207896070510444,0.18105127146806546
55.537044239278899,-1.3760769391627143,0.59654449874142257
56.147502582143247,0.71327317147537295,-1.8301241706555065
56.162558691183783,1.2028515231883958,1.0122661224125451
56.518073807837013,-0.76928713122006487,1.6849654399128042
56.713961770436235,-0.22958802057298827,1.6547101995839399
56.418351343473894,-1.2711470732596564,-1.4389702409166227
55.933657166660986,-2.2045480070186465,0.17485060137365005
55.440218335319635,0.61367694694944164,1.834360411458287
55.444816085957086,1.3842824485162497,-0.88557605207736023
55.47032714819786,1.7151866993986671,0.82831391714531588
55.692070805677375,-0.89725890582696266,-0.61238517437721052
55.677154546048882,-1.4023425194122998,0.62972839797093683
55.355511871812546,-0.45388243469810002,1.8869613641414533
56.646668947120098,-1.6712676341829895,1.287281681799755
57.093222243418467,-1.8386320393663931,0.39378545945095811
55.770983419115879,1.0547115817511412,1.7745177713071572
56.211553376197259,1.6456902837417158,-0.88025342440029852
55.854473100219877,1.7189950249262047,0.1131604435482215
56.136274648249255,-1.6950093591498934,-1.2411513972747819
56.702750949819297,-0.87898586154980241,1.1555399786204501
56.910873687454988,1.4427460345644159,1.0470107124240691
55.166173656061083,-0.64121732719099844,-1.4947483573049472
56.095391642121093,-1.3116541042873002,-1.0004015326531033
56.385079801684377,1.0524122059166028,-0.85812824579127656
56.592633056129273,-1.244233231083802,1.1296647297097249
55.966685579156525,-0.47079448815451103,-1.3312165312345767
55.57772028434195,-1.9309513921578052,-0.026256318577086615
56.27534263078487,2.004659914155309,0.37100505728053412
57.029839452544309,-1.5652481390032058,-0.32743177212415048
56.988049547261546,-1.7808729715211111,0.13885069473608322
55.923959604739274,-0.20287242229196786,-2.0323845004934378
56.583609273633478,1.6009649590594104,0.89042298665206887
56.606405514913568,0.98875307174678162,0.90104256260381044
56.182792961501114,-0.68993145014308965,-1.231999885992459
55.757662120076546,-0.93026625451500566,0.26173906299047589
56.605716406838326,0.67596729727401794,-1.8065892330373539
56.217687359393643,-1.154037974261233,-1.566829564613341
55.558186166428015,-1.863753751875346,-0.20379247102861009
55.498328001182614,1.7770038169628088,-0.22704091117244912
57.047389383565744,-1.115535219056824,1.2160956866847346
56.32720999178818,1.7633949929913526,-0.61693624576026529
55.475934313609088,-0.6883502507701893,-1.7003698466830743
56.42252419449548,1.7400542375716261,0.69784716317728224
55.614259076341462,1.8561185392964188,0.83279408452583248
55.895681023701144,-1.3431325837961647,0.5207503958016314
55.724655766667567,-1.3484326891721037,0.089782889099978211
57.018235587806529,0.48235872022334353,1.8917947429634681
56.156951750070583,-0.57816533953968052,-1.7793888881785334
56.705990525586806,-0.9375753517113804,-1.8922829071488656
56.023434909933911,1.7039108301170751,-0.5501427203933078
56.761464834390019,-1.6465047881139043,-0.22616231988342397
56.036017829908147,1.5705797082578599,1.269387915969687
56.534011150430111,1.4123454899929748,-1.0269472371536015
55.951386371021997,-1.9109444079687732,0.092638079866472253
55.616182073813675,1.3935144704762579,-1.1684646705645676
56.988050805497465,-1.7060776404943001,-0.81300738308241738
55.613575401680137,1.7735180816184721,0.76814253460431015
55.887725035167158,-0.25579283826969007,-1.8725165167950486
56.41284444842082,1.2131858541484184,-1.2328907277898324
56.740990930152286,1.3818050606919023,-0.99755607902440568
56.298283482982058,1.2071195143228524,-1.0120271413597162
55.443376106592375,1.3949346377979996,-1.5504587536032575
55.852322311456774,-0.71161514263379522,1.3397723468112162
55.507714424138378,-0.18113967730847388,1.3280699647564216
57.100547334099225,1.4105306686147194,-0.43249333642580223
57.060841422890846,0.94951394809694278,-1.3442321317877635
56.353634465947898,-1.4743642640465302,-0.70726950389895427
57.139617784469195,1.70768749387747,0.042761844398858731
55.859625942418205,0.3586246602764489,1.1744451772011313
56.787910343615209,-1.0437133988589595,-1.0579286619546839
57.007692664188284,-1.1855217583600572,1.0960212397927906
57.074649448218253,-0.75991541283742148,1.6071556686997395
56.661726321353342,0.011070593914025042,-1.7214143219861007
55.330491638200407,-1.7611594311073326,-0.95747716045172049
56.721157029047582,-0.60962282894651598,1.4613006233842403
55.751681735004986,-1.7332585892014494,0.28503821039795418
55.692659186211138,1.0794471009818842,1.3367225509184162
57.078616391403308,0.47355721821551638,-1.9171909112786982
56.494463229287689,0.87542200362355771,-1.7115944668466787
55.59072245857417,-1.8927585453680404,0.086002093582229919
56.523590511284212,-1.9023770866601741,-0.094545597285298918
56.1939294610508,0.5497535748800535,-1.7917262482003586
55.706861201509831,-0.02392299107412291,-1.9603979646158542
55.88111904627474,-0.45194051610370306,1.7305187028935807
55.543758249449183,-0.40074413790504199,1.5810171582567976
55.113959454653269,1.5670277911130834,-1.0820716458391466
56.181356391785457,-1.8820315114286676,1.110704055225769
55.717513028452991,1.3878941823095197,0.77839127044145417
56.29408949669471,1.7369330964929637,-0.27353792730273363
56.382735602270962,-1.4426033458834921,0.009187140452360288
56.652890420346694,-0.8448576375575626,-1.2453241342172594
57.150254315904071,-1.7307671103534505,1.228285873268907
56.22119168530179,-2.2000706921520186,-1.6999419731457188
56.477937786610909,1.7386498393688721,-0.19859344731652634
56.478802676328932,1.737455116329246,0.28893527717556999
56.419379379817016,-1.7459047892872661,0.99921489035940525
57.017696880142978,1.8552086122689129,1.587430650468691
56.099257765825747,1.6442633815899244,-1.1807563139939681
55.929831823207849,-1.6610045037638508,0.84410253756080611
56.860986215663168,-0.8800543336677662,1.806891366816151
56.82744576609538,1.8121760693990105,0.76703083405395567
55.9791594232778,1.6408430937563214,-1.0459091648874796
55.707132785997238,-0.62098200654627023,0.80927154742436347
55.813874687797934,0.3096151801085662,1.5763228243414271
55.87341994772293,0.32318187008903215,1.8012470804095551
55.997638859018288,1.2405681984370769,0.91606208884195062
55.883656133933634,0.014824414924941336,-1.9535323312665589
55.489292084029188,-0.65473775637134779,-1.7967575496114903
55.586469542052001,-1.8186631604762815,-0.77642458389588975
55.8049465369822,-1.1872790233488302,1.5671702610269855
56.044295024685248,0.57648013291742295,-1.1157165389819612
56.347894188864345,-1.7157368968742162,1.0559490509291865
56.836718066796024,0.66358831261099249,-1.7941730825934532
55.871325307339575,-1.9200930795812146,0.35749859185265642
56.972386978740197,1.682142751646196,0.096523196844608278
56.446449822231067,1.1066332874588782,1.7125739166806149
55.321305631128048,-1.6097668554166604,0.40828169879416526
57.016175753311039,0.10410212227440718,-1.587865518385273
57.038700165555198,-0.54121876316983097,1.6951286162883112
56.554255941876214,1.7445735959489796,-0.56894443019500218
56.437801874694024,0.29610498703664717,-1.6018900735337189
56.675538969582817,-0.56282979342629635,-1.3205945786464199
57.151791429462286,0.014410490981808247,-1.8278809599605172
57.007651229901754,0.60542021415487124,-1.4323807108404611
55.991718540466309,1.1261342099313325,-1.4385656183175233
56.332026825551146,-1.1910927982358568,-0.88716907538576584
56.061419238349416,-1.0982322039441923,-0.15897635256569059
56.859871139082976,-1.2751484589945608,-0.1979242306673081
57.065462880914652,-1.7363831651526596,-0.42948315786545271
56.426174725751046,1.6602809857394469,0.81054230866531918
57.318080885567419,-0.83021001834373043,-1.3622071422437003
57.19292285453993,0.77337924245834133,-1.5429185969131813
56.616861097556999,-1.4369198764891089,0.62811487078674721
55.56215066414542,0.092504169710741505,-2.0512942337910349
57.058204116515441,-1.1796416469251358,-1.7624733571209419
55.947053737118004,0.58974210716282238,1.8717384821233574
55.375577486538759,-0.0046948429678256628,1.9290130231613705
56.224107274689956,1.6303535068498298,-0.13101064336291149
55.428249286517726,-0.62646496141405494,-1.7893452703573447
56.740389079593186,0.64820448027516242,-1.3937986216291856
56.009663471623156,-0.26436597592223121,1.5635404852719896
56.164779120466299,-0.92993122319616095,0.81091848788757903
56.058322323375144,-1.9950784334571774,0.49575150753447483
55.341713197620713,-1.3325064376657678,-0.63892015688985959
55.554990030764152,1.3473074127353721,0.92360542753108932
55.840863701020901,-1.8632830567516068,-0.050781130642441955
56.884566820104034,1.2394690153888039,1.737534733902081
55.647443025392576,0.12758907571152206,1.3049595975635846
55.990352416086665,-1.2076870501110459,-0.14638608066117709
55.400118460042542,-0.35814685475239627,-1.7902973908572202
55.448313324664589,1.7965805833873889,-1.1066775051862661
55.815518857949087,0.79455458621329111,-1.5285256919063444
55.473323243234724,1.3127783581111554,-1.1027984867683918
55.637389659639574,-0.37915035867303748,-1.2117384870957337
55.624631452931318,-1.1211926075480219,-1.0579216310156934
56.42851196455058,1.2482796813589305,-1.1963095939355743
56.851859400986008,-1.4867083868432656,0.51458898839717426
56.857368062569819,-0.34472453191557179,1.7292554554259598
57.032959309343724,-1.1092036182052678,1.5790733654161533
56.121781291497655,0.85352768222535202,-1.1876641463785216
55.637926301080988,-1.422903713748779,-0.71138119963839086
56.210576829422678,0.9279658160165849,1.4074511726491088
56.895828394205928,-1.5125670506401725,0.74195530915581731
56.745349641870739,-0.24480517800600846,-1.1492523842078424
55.48327613288928,0.46325021134700389,-1.4099716320480726
56.242799462005443,2.0694825170913647,0.57776897378149517
55.624629888189041,-0.82750239534211356,-1.1526325563699491
55.303205735897826,-0.72669803122570864,2.120465404929412
55.553642523839684,-1.6164212447791821,0.62494410117158672
55.990316221779743,1.7179405620514303,0.091045952542193123
57.053414301034607,1.2064373713346355,-0.1397968407060341
55.916058844780004,-1.6076157881147883,0.074048972971530222
57.117087942200783,-0.75560840216741887,-1.7777551373923257
56.922779730385656,-1.4321985313570809,-0.22832420062335165
56.952454262627271,-1.0927991858795081,1.5468523427760303
56.830714733820962,-1.5813304774735168,-0.2524060010402715
56.47412752373171,-0.13743913975612218,2.0855717034844856
55.715088016239832,1.4897251431740326,0.10437452410334382
56.229941377772633,1.2677029675334841,-1.8276043555924879
55.396435470475559,1.011473094281228,-1.5235355866320501
56.424998528265505,0.22779094336042546,0.82376664760230245
56.687446473926606,-0.31216942586511032,-2.1668249732568468
56.817024779069911,1.5333614289422006,-1.1670828331268799
56.272008920367036,0.6790273106344491,-1.3066798965137869
55.759913095833497,-0.34620782217247348,1.7424089636637992
55.788219359389593,1.4339308676639833,1.0050397772175201
56.410854225068071,0.89485570833939332,-1.7149566893962385
56.449113541113348,-1.7286318593922023,-0.46244887182209649
56.794319060590283,-1.2248462670141935,1.5356264861369278
56.848392474232412,1.2127980107499847,1.415600712053847
56.47071054184368,1.798788699775498,0.28299632225558063
56.115811666355597,1.1892516859419289,1.3226327863074834
55.393012714550714,1.8452957758115569,-0.43205691665412826
55.964772404062295,-0.039757892028679208,-1.6915013948809072
56.289174605553413,1.9367863340801608,0.0016211356630297176
56.501953089857842,-1.553205844178112,-0.25652969577667112
55.721744189908087,-0.45629961003418479,-1.6905094691184339
56.932520361914982,1.7773130466359579,0.84061716156027255
55.519791723701708,-1.5772741810198947,0.39429843215671517
55.688467764404649,1.0951984107752435,-1.2223970048558379
55.774731000265973,-1.3952693326578745,1.8086266090820649
55.800788744218913,-1.0736784529348034,-1.4898575643457814
55.810175152129403,-1.0406111480303188,-0.65957148650909458
56.69694234391114,-1.5844282745678075,-0.85202336323156436
55.620297659275231,1.6378881668538892,-0.86191038933536746
56.390897368424127,0.87897139109407485,1.6864425454775167
56.060395920972823,1.9750189615605032,0.9271285833615962
55.948521543665784,1.1223921233314145,-1.5018077127926082
56.272355085907314,1.1594798746722392,-0.97615376433036138
55.482007899963158,1.4430592171094687,-1.5602702861533111
55.154395062369161,2.1190732302494806,-0.66509338651584515
55.525906292516765,-0.51447975301841364,1.7525563503296129
55.669631880760676,-0.014625645094495595,2.0531302601429391
56.542878515540735,-1.0003813375027313,1.4023224699153547
56.995323214186051,0.5781747594160711,-1.7217435258909108
55.201385946408593,-0.78311997216897444,-1.6989074779825633
56.069872100665265,0.25321754948893299,-1.8080271949234497
55.662067583263521,-0.46694510520672322,1.9553125724083946
56.165928015960326,-1.0056739981293856,-0.72276709399768646
55.76736648427422,0.33965480911868856,-1.604441331031877
55.157348336973804,0.86267965147821335,1.4197348567569001
56.290294847511632,-1.2406936113909197,-0.98976352554126301
56.809509886431158,0.075970273513040851,1.6240595940315765
55.843235961312608,-0.0031874235705201788,1.630814343057581
56.101534309334852,1.8579036083107034,-0.35219010741786883
55.167287788610068,1.8784938690203006,0.094527411607273154
55.216493226473112,1.5592147650459232,0.65161995003849116
56.663824480846593,1.3671442943730452,-1.3671435409041512
56.380988112469083,-0.89735649207315604,-1.3296501080616374
57.03702876695256,0.92751070946650815,-1.4425157940854481
55.953089012679982,-1.5787460060969094,-1.163988043189556
56.374550429381159,-0.50802988166703278,1.5440083704712104
56.198849903185248,-1.9929504779435521,0.38633989458918788
56.048001054729028,-0.071140005970893636,2.0028129917273967
55.862244289699781,-1.7250866621845802,0.88225862401684141
56.8973274296564,1.2872182584391378,1.0376925781378359
55.146216539467225,-1.8131934668355931,0.24301113528051577
57.07342320843167,-1.4301114917181419,1.2306412468369441
56.645586846921077,1.0783757971027723,-0.68575587830683193
55.48182267599033,-1.5670634960799499,0.35819365967357386
57.038665325333511,1.2611667121232109,1.7929074064647961
56.254938534840043,-0.87423686460098904,-1.5935259744311099
55.34791999755415,-0.83108557169476616,1.3836308903824011
56.622659387760351,-0.054313297048087364,3.5496452707028792
56.135268802013336,-1.7132335718482707,1.0439354972434489
56.284482894088598,0.43602117350755271,-1.8203016177123641
56.274242365891034,-1.0261382777533248,1.0317490925468982
56.532472962238018,1.5024321039030746,-0.19827394044738758
55.901432177899558,0.48090467028426964,2.0976671796473392
55.68821566396084,-1.3291796981637185,-1.3714062431131921
56.119065723910452,-1.9034887522363277,-0.23465031468701725
56.225273277129489,-0.4215820674687944,1.7692795841841356
56.688962374451201,0.52812081062835714,-1.623664116120038
55.698913643346565,-1.1743995913315708,1.3391776164396436
55.347341908340901,-0.98919568005688907,-1.8400389515016184
56.696324718963886,-0.70889015879442674,-1.5651570727672102
55.884414649881847,0.38068830913840307,-1.7482497798207217
56.823855635291224,-1.1975986546989155,1.3311175628235954
55.999952735574723,-1.4686485779038305,-1.6279208356335064
56.149334453920837,1.68304287491132,-0.80748638150005725
56.832129379958182,1.1188472758186871,-1.6453295181181924
55.465533615349457,-1.4457640394584939,-1.3322811232360134
56.327651681904278,0.60895559075609507,1.3421063890187654
56.972724926242506,0.71170638278446008,-0.97675998967038191
56.340661671114646,-2.4112544590526785,-0.17366641085900222
55.781648667176533,0.56537842041137176,1.5678758182884893
55.574815326733081,-0.47518350501578199,1.8048460636600454
56.617797609740144,0.22064732668328382,1.7457674382031971
56.870125138622335,1.4663669473922079,0.86615764228672043
56.855814576607919,0.013409438823460577,-1.6354822146335972
55.508776515278015,-1.2296978076463707,-1.5592944072926735
55.805659717150462,1.3019790699249634,0.36475016352990886
55.365908194199356,0.96725924274071995,-1.4009689474630753
55.272752083715659,-1.40821922637026,1.2665284055170849
56.768623585522199,2.06569573822371,-0.13522860018457653
55.551427488355777,0.11834469461935818,1.7154166960294368
56.677397347312365,-1.7548396114637532,0.70365972278822264
56.740869792158811,-1.7820394353004605,0.094507939750390901
55.57240809140535,0.25310460188589007,1.6919819804508565
55.469267993182456,-0.57722942062345162,-1.178596247127933
55.488154046427603,-1.2192684743734572,0.026981736691511722
56.165530408459603,-0.62723901763865597,1.6251454504671934
55.766117632901285,1.5899531509121563,-1.0098465140627579
56.683579143940818,0.47371317409232644,-1.7793086719262514
56.153257658172798,-1.3057079601521513,0.48416966578173265
56.183089365102902,0.60176773596944522,-1.4484043263600683
55.799274223688876,2.0126106890893669,-0.31737132625852055
56.755577172753775,1.3279228987334761,-0.76704816090435113
55.585797558786894,-1.0779948601699514,-1.236119312517914
55.790083311380883,-1.8461481222464466,0.94409840395172917
56.728706780514493,0.054600537518985463,-1.7370286736630094
56.375501739910028,-0.27861512346404932,-1.8923025814953096
56.080346223172299,-1.5506880085956423,-0.3286991559657555
56.590361475809161,-0.92816157389267628,1.3301486368948578
56.191500285103018,-0.56644264475003192,1.5932306874032112
56.526533471241628,0.68559851762809587,1.6468960472718195
56.132098859919452,-1.4683961866202568,0.10100675445318713
56.484414383861811,1.651416309055582,-0.47504889007851847
56.365839861355717,-1.7859921116292194,0.82132635923956832
55.11231253236928,-1.6609157969897024,0.55419327176467137
56.121088949032938,1.164987910264792,1.1899666232129009
56.030406901209595,-0.37341601345753594,1.5831329793630624
56.18594186337689,1.1254644439352159,-1.0127316999782074
55.827651670572514,0.23383648682871203,2.0148180099236308
55.822213687199024,-1.4522575099972184,-0.51818210682687127
55.687582861143426,-0.68831993350211451,0.96019592483401728
56.098690831585095,-1.0302630691879355,-1.4419168574344807
56.181088609463714,0.63221297711206492,1.6447895289966454
55.890151762464662,1.5896313689922321,0.35809071906894052
56.185860182820818,-1.2619709549637648,-1.5589693953189521
56.737344048376421,1.7662513076224235,-0.04393109654933159
57.217751371161469,1.9592595389641347,-0.1196647274911492
56.734988453969684,0.43490824413905105,-1.7971269428116721
56.805048164486458,0.78654434177101862,1.7811540099906846
55.8580444953053,-0.32141151765944259,-1.6926852479469174
55.996513207105892,-0.20330005211236954,-1.8251815364468509
56.760880717530512,1.5916004316432975,0.35089560673165104
56.365749774346597,1.0247006892462014,1.8888096239561982
56.408237786689973,0.44798756445464405,-1.6389299016730496
56.874913434379643,-1.1850690206471399,0.70564579673888528
56.302462993118837,1.4650691220903167,-0.065623278355468731
55.51340351732896,1.4833555211133789,-0.047213369159331775
55.666799872106736,1.2281117047407386,-0.60164471096025995
55.431339603281586,-0.072730425008472738,-1.6100711986224423
56.464884787842479,0.27656580287694132,-1.5946844136235847
56.357547382388745,0.17322001751059132,-1.5574037239550045
55.803733119438839,-0.36132222566030864,1.9046965258668054
57.087782092130468,-1.34561369116809,-1.2524228089896581
56.181886723440407,-0.79148613577061588,1.0387675114842208
56.392710388049686,0.34769346460309314,-1.997712969546027
55.372204322930173,0.85826115212502896,1.2627253947408754
55.651178164237137,-1.8619179308919949,0.040273101551588843
55.916386410712349,1.0350646548538536,-0.60491917521184002
55.6472564408393,0.88968123557423195,-1.376250051326678
55.814036810055732,-0.55818109903078006,-1.5946147933888328
56.682553591444702,-1.2592841410860289,1.0982366856201342
56.967282116673232,0.86210467590210049,1.4406619438923094
55.579070019812264,1.6565431364787437,-1.0421384096080337
57.001240202892582,-1.4719632332712873,0.96227904987444091
56.212932917739572,-0.37261898137330324,1.5043111889963756
56.693861827803524,1.0269168818375607,-1.6766878004519399
55.559236953801133,-1.5974461685543764,1.7108581488814716
57.272784029050456,-1.5374804911997748,0.82823089599613486
57.334936032873962,1.3851419995509533,-0.98616461327715277
55.879857428695061,1.9023834907954464,-0.020528226562894093
56.553104713667864,-1.9119917242387945,-0.6459691627789802
57.113299221999725,-0.23049268234477946,-1.5053208614550371
56.263081988146105,1.4989247348584955,-0.060429430401237459
55.944502710003022,0.6683315158150821,1.3002313819542672
56.563660256839221,1.5826315484907323,0.43101599796524376
55.505958469814139,1.9306393644262207,0.75608484243945684
56.705751668115902,1.9396593552154568,-0.1318547239028833
56.867303800420487,0.47237535362535582,-1.4777456846083243
55.687245072337056,-0.52508036709353434,1.6975169007693811
56.640880121551582,-1.1992524114364098,1.2085997236497745
55.654826187128059,-1.0903265386263739,-1.4356374337429498
57.031163900352851,0.85832004357461766,-1.6342281163537393
55.359449637948117,-1.6303441653734485,-0.35312609776810788
56.599074884318142,-0.98613799338405816,-1.3855746718712108
56.793040128890965,0.011973131574652232,1.7616601972602579
56.845141875594187,-1.6540866298452486,-0.2492793693467347
55.237841709739527,-0.7488285426011454,1.9510975292757329
55.407655907059045,-0.8018053067271802,-1.6952974259300637
56.174601010714042,0.16915690500310127,1.5571185099696399
57.056551822210267,2.010615202593844,-0.28791896192416822
55.391339428173445,-0.59001771890954835,1.3530223246975985
55.252327055893581,1.4812126996375052,-0.44804336788837529
56.111409130353223,0.98722455484029048,0.64423408237485513
56.692321177817661,-0.28278418655409948,-1.6260273378264085
55.781162931061047,1.1461160969731352,1.2429411479652857
56.341902002503502,0.70877784918963194,1.4382561307158341
56.515013064857136,-0.12627639530553531,1.3714375697919226
56.867579568009596,-1.0952018797406045,1.6067165060744022
56.577754812117981,-1.8998787022832102,-0.75355714900396553
56.233821804424601,-1.2007288825610989,0.68371428770012121
56.362442484131641,1.8363516612614548,-1.1065770721993924
56.325759493043776,-0.67033609896184521,-1.491732221685296
56.607632596402503,-1.4472798872523864,-0.70563175111506393
56.74173327292629,1.5812968471498323,-0.05847391260114862
56.260339215188701,0.89754592575141223,1.4967629570802898
56.822883121689593,1.5410379050950695,-1.4817901829239077
56.875887732367239,-1.4598142439212236,-1.2662031000086165
57.015784475400835,1.21038282007165,-1.0694580806256486
55.459102592767849,1.5885995282972254,-0.40029755972653996
55.434670520199262,-0.94579118923858496,-1.3677175553859613
55.498055618305138,-1.6022904889124245,0.66273129669123954
55.466840051702697,0.60551932329565161,-1.7338734678802599
55.575994375434696,1.7371916272978829,-0.030248985730270149
55.818724974152708,1.5815882530390255,-1.1541981870325664
56.354790362353022,-0.63212368329484203,1.4690844514088
55.962985351874643,1.0971174067893033,-1.5764048943843927
56.539414254433105,1.0289389552287278,-1.4067626307494965
55.912539287943837,0.42960340486499221,-0.34409069014950466
56.233110995618297,1.5033209494990807,0.78930950732835126
57.193071921669052,-0.89550952119819549,-1.7933459981225355
56.62642876477247,0.071400889098453491,1.5930350880807362
56.705852391937363,-1.0474591033921232,-1.2344917327425782
56.343805324265816,1.2275694644957507,-1.4963784941686595
56.65008283502187,-1.2223498471268344,1.006605521259879
55.700099832767428,0.2349763689444693,-2.202939209301622
57.101395539386068,1.5727997822390236,-0.48445125367243097
55.638694741537158,-1.4815179108073542,-1.0631396719939312
56.010109200084315,1.8353648178982429,-0.43147864609262288
55.753855683147968,0.070413108901192581,1.4783398990626815
55.955894746702889,1.8603290490676154,-0.18092586110594625
55.281719289638239,-0.06522008383757022,0.85435840324007728
55.600080146708741,-1.8142559015468624,0.077900631726023434
56.808248206078623,-1.1543832334539315,-0.26648443978611769
55.801875641874013,-0.61462118688374601,-1.430662924439317
56.830234552265608,-1.3745289727492611,-0.44572913979248452
55.580421668615109,1.7514667105737156,-0.28785556404874041
56.431633292206726,-1.3074094159130387,-0.86045593140368759
55.347516658087358,-1.2563002572648474,1.0608023947257319
56.7863733329742,-1.3364256316506289,0.91135187672448825
55.255689554862322,-1.0240624217613794,1.1874666731554604
56.470546012436358,-0.51603609679731344,0.93696150539148992
55.648115830848482,-0.50067064547842133,1.608089892355568
56.713595205423964,1.5365536577007479,1.1576176407017027
56.744527254635777,-1.5799327681481297,-0.53357775805973162
56.678739418440884,1.6933035575470785,0.5614064225370885
55.647286799741245,1.9721939929651493,-0.10699796619159102
55.549335697752007,0.25639324127315571,1.8848660183986328
55.948786854523313,1.7856682595993254,-0.61333501302026738
56.83070500550712,0.72072393954887926,-1.8361310141605411
56.615518231353491,1.1631014756216345,0.43311689461075675
56.477296897697798,0.68357925002305042,1.3481584667159028
55.590771571370198,-0.32674363340120682,-1.2257640694827694
56.738221769609801,-1.2906098317802321,0.30880819523214798
57.184551043717697,-1.7059428292328367,0.83762218754179174
56.285160931367351,0.10408746039106184,1.7984914791134945
56.82337325413539,0.76089823085733532,1.8962675135592024
56.624590239495639,-1.4914654043011712,0.98458842294698445
55.375419621654125,1.0864865688583418,-1.5666994973303188
56.369557377393363,1.5471693792639996,-0.38406149355515051
56.558735791672405,-0.70677441894934079,-1.8549974496059867
56.971761127798473,-1.7477626129546149,0.03074084018583537
57.097402959094431,0.24114570608914287,-2.1454082302117312
56.733962261574881,-2.2937375490371861,0.017999220656325279
56.239607577096898,0.80034174869980268,1.7767054512953098
56.394638235584544,-1.0833783303134197,-1.3973967256901247
55.180309221416529,1.2729786576949385,-1.639908439406832
55.61061960062306,-1.7644333626109856,0.22268343431351145
55.601989656502298,-1.1458993313515142,-1.5688893614825254
56.966948100333298,1.1573601549912751,-1.2290874381444734
55.406241063159946,-0.51746573371388371,-1.7844354485357241
55.144813125257379,0.0038003119009328771,2.355995995106221
56.150153992432976,-0.19967384362835752,-1.2953263913928961
56.227609077279759,-0.32628590523700557,-1.6623283320792011
55.441299068021259,-1.5715955185443753,0.71062607876200112
56.450884414531103,0.42448996885607837,1.8155295624999255
56.655818234706722,-1.4835412403380444,-0.90011066195758338
56.580856633121542,0.34653053371646775,-1.7797462188610667
55.443299470650942,0.6272572084997412,1.5419593454639364
55.533079552605656,1.5968335100232418,0.37205029658384803
55.509192972644193,-1.7256293553907791,0.93110506037550744
56.664718394236168,1.7028726660975544,-0.94425166957976236
55.980774168434046,-1.0811910570226635,1.4424680917486943
55.578117671407377,1.5864902697525729,-1.3758510552874259
55.575595777715314,-0.36319587847413087,-1.9166848394167988
56.249742030489031,-1.6205142086810442,0.89960870592160769
56.102735448214084,-0.49404684713053154,-1.4251895900433151
57.097017503433825,-1.0516999521082588,-1.4260053655652691
55.909436734326512,-0.97253917673774526,1.1598139801527942
56.164689172949835,-2.1892146050976429,-0.36194814631802619
56.508690690030711,-0.46067404104180765,1.6428195257708853
55.724294389485621,-1.2343335348042508,-1.2312070741827172
56.356465612008485,0.083390304590827205,-1.9774936707024457
56.267154618958195,1.7628188756805352,1.1791223072809187
56.327558204092298,1.2794769285890728,-1.528436190045765
56.86712837927778,-1.2962696616298686,1.0035191690312117
55.500591349030273,1.5339494719849405,0.2110035415821101
55.279617929814734,0.57138642456891398,1.7514354815813766
56.409383719570272,-0.45732387017750109,-1.5115487939523438
55.776519806284213,-0.43510093841044506,1.8359052947209002
55.466002942532704,0.13157978667993314,2.244840829174767
55.360542579319869,-1.9186157368869214,-0.088048807124070622
56.591136973517337,-0.0090904356510081007,-1.492029401196078
55.982432318162324,-1.3608025027798916,0.61755556634120989
56.860651062653012,-1.5445711819986534,1.2703213415158108
55.247930651007238,1.6817407588941937,0.35284503484401308
56.924816858352017,-1.6879631828343462,0.94870217975630711
56.04191888401769,1.024388463628207,1.2766136998883499
57.239489104245528,1.4501318446867577,-0.56909059040382637
55.691534868362517,1.3833462397380489,0.70644653042504335
56.826645884231887,1.6865861795465444,0.64713892272278961
56.826347864643914,1.9589388434267934,-0.53476637942300465
55.694059084011066,1.6072752078595522,0.52252061577960252
56.220751041691237,-0.024146467273035505,-1.988507466256195
55.693680482740575,-0.35974516430276871,-1.8336964586277458
56.565552915332809,2.1455649432720501,0.58477834993146083
56.36179131665083,1.3432864521330037,-0.95657082723603382
55.355810328108383,0.82850738134144741,1.6384480341654688
57.065965931208062,1.7946352902356235,0.24172488027792807
56.33164702295737,1.2446805466533057,1.520342064601949
56.490560613125425,-0.92205029493469748,1.5938707932902063
56.92586475438587,1.3355754504566926,-1.1523158337501811
55.259955822817936,-0.64358066241113099,-1.2029818819594331
56.750747695630054,1.5591509061018776,-0.71261272777336604
55.828487545255534,-0.29348807132569033,-1.7997297174157885
55.804033505257117,0.78882973949676005,-1.1850613333987092
55.630986283691946,-0.76669220130592308,-1.5828889425687851
55.826746396855675,0.40902830353230557,-1.7495912788637993
57.046198836387532,1.1188857364543163,1.0315645022935005
55.810074391537739,-0.16819042912882554,1.7592799740544116
56.693243278688563,-1.1898359611041669,-1.439534252846367
56.557252164419339,-0.070931069627759524,-1.5189109372330982
55.477314237414582,-1.6660473476645354,-0.19789266085265647
55.675638113050184,-0.99966278939036834,0.71163101441772036
55.839437797714915,0.26844631048731976,1.4106218469339853
55.180840169296829,0.31802002175259081,1.8142677522443758
56.351445891631919,-0.48440893122807605,-1.7958157726354567
56.959036642483248,-0.099891079943864827,1.4364151507320311
56.426327237699688,0.75401367626115778,-1.0213671708655696
55.658631392202118,-0.58704538062381861,-2.0507943333221768
56.885851222976612,0.34460371852107557,1.70703064404925
56.426598918585938,0.87939554727607372,-1.3182877043580674
56.950993212824841,1.414065684132396,1.2949641300795283
56.100414397266945,-0.37907339147594105,-1.2530438656069045
56.017279574773475,-0.6668411928287844,1.9531091079669627
56.078638662985099,1.1692838582902303,0.69957136301014067
55.361414224965131,1.9286916306499158,-0.97137985116483783
55.34737320704135,-1.4482904975845312,0.32893976126809576
55.531034396233395,-1.784895064563339,0.92126198821088534
55.468462810104988,-0.98841396095060929,1.5006832536901895
56.460792284282405,0.72931920495540914,-1.6443315690354607
56.091712110472315,-1.710183107723499,0.74136868143557666
56.614369517861533,-1.9656499404186112,-0.05363100299506153
55.276993656139425,-1.4499417979395655,-0.32681322020787679
56.691828145847907,1.1583064919276089,-1.4737755682247449
57.17298250269797,1.2824559138731872,0.39793978557783699
55.286981617719341,-1.3722253302912359,0.80182224471197827
56.61429717860846,0.094752501665240046,-1.6244366388802902
55.860783993332859,1.8100825067771431,-0.19543248546612957
56.56733046659172,-1.5776635993117933,-1.413733192615475
55.320094002314562,1.0210562046520155,0.87511435059920351
55.437475927704959,1.7890133279979332,-1.7905280961159911
56.669145641970722,-0.070114407588217312,-2.1764224152449665
55.273314223990731,-0.56149910092265876,1.9108332585128938
57.279493557002439,-1.5027835117502129,0.72111507075565973
56.946544780533991,1.7104026420297609,-0.73652742253476322
55.3566251855082,-1.59510629959475,-0.2602687174383147
55.456037260954631,-1.0500546544386771,1.3989180300991881
57.121689261547871,-1.4382403239259354,1.2831239026643122
56.36799069681399,-0.5394970153597336,-1.2723449311058139
55.650864853715106,1.2333866939272136,-1.4745103849255736
56.963788550283851,1.2235993853668157,0.1521460360371574
55.496450304377838,1.3956239065446578,1.2150998301561529
56.318514720386588,-0.34900156799014614,-1.9634468796217466
55.129514534161139,-0.31968936411075588,-1.8239709039644516
57.011944993322999,-1.5884081055246499,0.99132926809985089
56.896680858748084,-2.2392223015001465,0.0054372614923216007
56.442179111085267,-0.10736636525562873,-1.5872169420947806
55.664535121146628,-0.7381392837193147,1.543585009595031
57.232116234498235,-1.7349807934028509,0.48392773100338987
57.030602561659691,-1.3601905814839774,-0.79769419541610542
55.867212801228064,0.037533297121946543,-1.5271175492151738
55.416482325373316,1.139204265420702,1.4000227704518253
56.254590007801106,0.9120024290486286,-1.4297425873461154
56.503925434711434,0.22045052430370338,1.7131929083882445
56.973642083252933,1.3169617941412144,1.0205168572205139
55.661392350926498,-1.8240165282434135,-0.0089000997060702646
57.09406281384193,0.64602566721670607,1.6581440110590244
56.202938371282507,-0.59393371230416636,1.5730353651343625
56.788234242802005,-1.6818085973264447,0.20447788137049369
56.277953717943966,0.73619502024228622,-1.63284155875999
55.616049559487521,-2.111682582951647,1.0279872415054565
55.631238195432346,-1.2713216458867542,-1.4743734508036705
55.128764442685885,0.91597578131623458,-1.6849115996427073
55.784508564620168,-0.80271195593702871,-1.7563738508708948
55.985844868725742,-1.5499642398068167,-0.65703621175494675
56.820591905187953,1.3484018618403815,-0.77665725166979149
56.475160166856888,1.1652129336558035,-1.7189077591315731
55.323238854005375,-1.5196380345278027,-1.1788190606729934
56.113538903060039,-1.2071358736141609,0.8644786333681922
56.969100739309546,2.0476797588872171,0.33202168709670449
56.276636727743274,0.88657043334058261,1.6680643015115373
55.84240491325918,1.8098118134253705,-0.039484782053344027
57.113284342032749,1.4563878031754547,-1.3233446839350091
55.689106007105224,-1.3074520906773592,1.5334833481470269
55.82815660470694,-1.6421424438538148,0.53115029800027691
56.302733232759024,-1.5977229624159146,1.0782117445476174
56.731673365614689,-1.6831445277568418,-1.0263350399399251
56.224142560972062,-1.9333030987736068,-1.3767250780074445
56.788219392611509,1.7418234107565749,0.76859842518114796
56.319891626036579,1.3430499842273798,1.2586439835920522
55.891437404240534,-1.315043640759026,-1.2869404382038241
55.224545291064615,-0.56732712654516237,1.3287937552746654
56.803906837429572,0.15286623347340009,-1.8277439409432896
56.309727879274575,1.5438736002961675,0.757813248851401
56.658628746737421,1.5149341051119558,-0.51281493365005748
56.267999623806958,1.3974109914010429,0.56136309556007036
55.801871649885811,1.1653366370501201,1.5694655296544611
55.238155335272616,-1.9358467161163675,0.94741576388268001
56.841125839623473,-1.6294196871676787,-0.65858485445236514
56.394531763854495,-1.0487494700485276,1.1006254027536855
57.121195327059219,-1.167335079402281,-1.4890791138358153
55.714640273187051,-1.5169478435477717,-0.11920658188914945
56.070289008018349,1.7286409567694587,0.045647900727084641
55.579491124994753,-0.035194151204572158,1.6376778494062876
55.799976089560886,-0.55733094805523831,2.0541749102943268
56.357005142182025,-1.911677972954489,0.046794477795325563
56.664010445636841,-0.23137547996393484,-1.4968472354465228
56.957541791346586,0.64148760267249194,-1.7791948753560778
56.124544611682317,2.1266742338418685,-0.17350927902154503
55.427615492496606,-0.91048052911193544,-0.64661504308127926
56.587925199068344,1.300781472717921,0.83316831908146527
55.81643735477023,-1.5879250784978733,-0.13792288695608357
55.659479007257474,-1.9097304979951761,-1.4133297132522855
55.417777324570693,-1.9913380152731621,-0.21345474254259753
57.024666776270223,-0.58910828831829065,-1.2267518722982707
56.574234226223766,0.61808214386030813,-1.6648463209502649
55.930071881398554,1.6019759058026433,1.2356173384473412
56.917850905114605,1.7214652174569982,0.94839115362468929
57.210213349546038,1.0860966181451985,-0.2067428371033036
56.155339532918731,1.3956529515650753,0.58567400072892772
56.67792259898836,1.7200894246574008,1.4245234684325945
56.718496018379099,1.3775649714071501,-1.3988640431103554
55.727555516274961,-1.1596822174632384,1.2923425791863856
56.323605335284356,-2.1791512749305193,1.3838996834014921
56.395842679788707,-1.0195003973168371,1.298636816306757
56.13772607028779,-0.85750631850346226,0.99226262131189491
55.824179890863732,1.8963866035398276,-0.031314846714179473
57.071704006851277,1.602092630959739,-0.99087790759790761
56.165584912211969,1.6006506189031235,-0.73405466699068056
56.062946998443067,0.069834061574042039,1.6176172602882426
57.20526982703791,-0.97396038110145278,1.232931544149936
55.323882342049053,-1.6396545238364411,0.24629435393934415
55.751833502220734,1.6668205415370612,-0.23769175315051047
56.080053043564021,-0.85377128896466181,1.4606208537701468
56.335022819850565,0.38864254835271744,1.4667978450241228
56.4156175235033,1.7648678696102,0.2801262191412881
56.504361852740971,2.1254337893432012,0.21007316970069037
57.079799560108945,-1.4721053443974905,0.56364758954269023
55.377490000415648,0.023227068623922081,-2.0058216173708985
55.534386243164143,-0.72096072511480169,0.96285935715628868
55.701201143526845,0.97570880669122229,1.2612608861172385
55.336874239683596,-1.6206843459307023,0.73641367118948164
56.812914209750922,1.3036349450302946,0.627217139383205
55.574906443843638,-0.014059245749839858,1.6146693483906609
56.645940589043555,0.97553901122430431,-1.267605900468638
56.050866440906809,-1.5894214629054062,-0.10325130047094075
57.057850018854722,-1.7164066482952156,0.83829092709109931
57.070790873867942,-1.2896550940486016,1.0407202441800198
56.315790593454146,1.7317292675069256,0.37124103669530895
55.781627254080071,-1.2078046464238821,-1.5717610357813532
55.340516022082923,-1.3468096644252145,2.031163458296092
55.192518785776407,1.0358481134226256,1.6507243184843763
56.68008915972581,1.1662711988957888,1.6281084046218672
56.531290707909093,1.6116128878177112,-0.3421645552025695
55.799470401916089,0.39649670242491603,1.5983004090209423
55.561730369133073,-0.79698082677327853,1.4854388936921403
55.752545915550144,-0.41166935550466571,-1.7586401735813328
56.117976539345385,1.1045857515198692,-0.91306534343911994
55.202022937969389,-1.8038800290141082,-0.48390328586316039
55.589676266746785,-0.77359777413246056,1.6880081944320628
55.156140965289701,1.1527743693133459,-1.5194159834656871
56.03577746778798,0.23846082093885002,1.8121447554632439
55.877289001158886,-0.39155463228338494,1.509407196423689
56.622650882840155,-1.768339647412539,-0.62128080584154022
56.558360212344773,-2.8854774413859388,0.81795516058262652
56.901614830155879,1.4465867616836956,-1.0447771524107015
56.363251426466185,-1.3833951270446234,0.728653576063227
56.513034673607308,-0.12440515640370893,-1.7727084632113224
55.578631998854284,-1.0184180344400604,1.1069023768933792
56.730357061455692,-1.4586734180605925,-0.13663912728349822
55.326517326854706,-0.27567716551888272,-1.4465822927470997
55.35986004875457,1.3331261987923433,0.068196416610533203
56.865142637124507,-0.034744251216336099,-1.6040359606251211
55.452060919248538,2.2378668037228806,0.53727521566026248
55.534276795863363,0.42688186239006976,1.4259235228978637
55.484737125947305,0.30415743057286959,-1.7936847645080705
56.062102552084305,-0.41549781798179014,-1.464452243125077
55.904813329233761,-1.0272603976176575,-1.3687865979277585
55.343348158126346,0.99198977657830145,1.7166750734419514
55.435089075161173,0.85526642403677566,-1.7290909926186857
56.103273247089497,1.2205489982096582,1.4439284448210625
57.027343920167667,0.50123623292680053,2.1058927007534862
57.082080098183035,1.2463955478210085,-1.1816408685278472
56.116328408806105,-0.9885055742854485,-1.5511343255200711
55.68917198643512,1.1061724320097233,1.3857465604015433
56.169734849439834,-2.2674232078980845,-0.56223775663355058
57.10926580171752,-0.46468844244639462,1.7209777547484955
56.912209048944177,-1.5082223603448011,-0.52221357952677128
56.070564509181089,-0.97004062021808246,-1.5961922322707127
56.940741089076653,-1.8894721731162956,0.25847874482331618
56.972153374885629,2.1492597559794873,0.50808059795563854
56.642427168636537,-0.30544298459853603,1.8675421648178294
55.469848093319783,0.59696624774496199,1.4762575659266099
56.582923970647236,0.67739888110009039,1.5478279714964982
56.628507917238458,-1.4289240913615235,-1.3808729002321585
55.663395612807776,-1.3136050482160195,-0.75954564061620333
56.400090302420452,0.67957813861445515,1.3564573823440866
56.060763856039664,1.2067808418887249,-1.5503750397739104
57.214651176527752,-0.015050688696267241,-1.6511781743129899
56.890014567125661,-1.3791131450906013,-1.4191064481215541
56.461222444970879,1.2610738604319129,0.68596497852315197
55.395346628231238,-1.280647375111537,-1.1324574480966514
55.985936260046998,-1.5366368254035663,-1.0524816610152876
56.562253171258412,-1.7882475090508141,-0.25227193722029073
56.238501942518376,1.2196290026452574,-1.8025700186760705
55.154079498520176,1.338379087321879,-1.3011897869071303
56.999783517608186,-0.44664239615544304,1.6708947229228974
56.804471515846949,-1.5535460649883877,-0.18163342322490747
56.913350811815704,-0.60567616660565193,1.5730938548887343
55.300867340842281,0.64811784977214337,-1.2586942101587026
55.624307106434536,1.4972977881665845,0.58248272362702058
56.471211143950725,1.441557958985658,-1.2247819804802147
55.799732929668735,-1.1521056373497076,-0.80947917273705794
56.327595100599623,1.5767570899451246,-0.99688510019411958
55.772293172928677,-0.27021634189901245,1.6512569412232838
56.4155332994101,-1.4542914020893936,0.72860453907264455
56.20182420549326,1.8314057746324364,-0.13365627115159276
56.035773508690184,-1.0668416219943968,1.3671945869073758
57.031119801292363,1.6427979312172547,-1.6414963915726324
55.064139673802352,-0.82804882968723226,1.5580269631460832
56.872527756555776,1.8325279143661386,-1.0562444452846393
56.3678004276236,-1.8010273274499518,0.51648730522367603
56.502367403190348,-1.5995832909825347,-0.15411124785427607
55.422246554209757,-1.5862830779234955,0.92298854918902051
56.073937713556013,-1.1698409136953833,-1.5344468086227687
55.388332368673787,1.586824844447591,-1.6055906956638453
57.018158074156005,-1.7688871796441563,-0.14632381623690022
56.874691856452742,-0.24582347794368395,-1.4097310189085461
57.021458176164536,1.0806697165420023,-1.3009540520887568
56.559347581287476,-0.01826358234476878,1.213641120458121
56.776352041523353,-1.7985284100736385,0.0059376738607635066
56.360850091804878,1.1559754310857122,1.2253840964912137
55.578359429272609,1.7983831465715729,0.43225118715441879
56.358126417991542,-1.8020945531950807,-0.46144202207782142
57.155018673891718,0.22563955149863982,-1.7614410177365616
56.43031988796595,-0.062535991807862276,-1.6728939699578016
55.406943994623099,1.3136551173790059,-1.018318382345806
55.470468964856607,-1.2778830847965175,1.2834652865827294
56.896884446266149,1.602771072477857,-0.30045338665676813
55.119820049403394,-1.2533190903712998,-0.86617842528878486
55.798448421250228,-0.34590922275902386,1.600563037661866
56.509806853128609,1.5037910342813678,-0.3353093034214093
55.850060627727878,-1.9107936677767385,0.098303900123142093
56.197877068043148,-1.0779757285352896,1.5584978108691532
56.582352872807995,-1.171285893628992,1.4620871723145374
56.959938012085566,-0.52083738234941823,-1.4765905938495214
56.274267929668376,-0.5925016545722992,-1.8653241126439382
55.393076694086041,1.7124195357887002,0.85229763498217292
56.356421513021679,1.830342627285811,-0.7877020574241369
55.536083755331525,0.50649601172390524,1.7609688237438212
55.626207781492042,1.2644865100317642,-1.0971544413085996
55.87330761553622,0.82142821621031414,1.5649101127469054
56.295824422940903,-0.19508700628946221,1.8153084396445973
56.189592797501717,-0.39511612125985468,1.3380232522712263
55.63873613765351,-0.069216847193894482,-1.5454123508975828
56.567704683697734,1.5012916883102254,-0.52572239258513032
55.920376090011949,0.099233110150117612,1.4779017452759826
56.910688405123118,1.5604167659331625,0.8101982713045448
57.104378420928555,-1.2982189934396846,0.59822019956602335
57.110897081675894,1.6323391987400591,-1.0072838899125707
55.547719868745553,1.1482681402401491,-1.0199860800743479
55.711538805753584,1.7356131649254671,0.88379576233195056
56.065314384183388,0.88143208950331042,2.0099747168588733
55.483157165868036,1.7632897631534246,1.7701089235022907
55.44665447840822,0.22150478108099325,-1.656994486938334
55.886441247124985,-0.39574032683674887,2.0040500125414105
56.292470830443548,1.5506163539791606,-0.56978176534881109
56.584054258109191,-1.9452145418367812,-1.0964968092962877
56.349916544465898,1.5676474577731159,0.25264221689838889
56.457718383161129,0.96968681465953155,-0.86991426903598013
57.062583469358643,-0.0352210043446229,1.5477132724364253
56.282668222087118,-0.17357356915448752,1.6254445928781256
55.573289458840307,1.6535588447459133,0.65348609298259053
56.460489061647927,1.7382397298757781,0.40269595749614273
55.685705976622422,-0.5859184321887061,-1.9602251446792032
55.884510544172272,1.5829558038117819,0.48481398481050059
56.557231402204742,1.4223066550618808,0.40963318067595789
55.225500402349155,-0.60876638948890227,1.6254485616132519
55.662658239909604,0.92312903735511387,1.1882199368864335
55.523709481122289,-1.7634950672518115,-1.2488817379180563
55.913555690329851,-2.1084605899801354,-0.61261696020425305
56.872125340897945,-1.5953259177315049,1.2230209179827609
55.851639606566664,0.48217478652549117,1.7329163967314953
55.55357943141103,1.4312779790856993,-1.4199915273352492
56.515707253584345,1.5123902991269393,0.93356552986455643
55.89539348477507,-0.92048110166671016,1.3011913940304241
56.771174861647381,-1.9050023256048862,0.28837279405842192
55.276000346601641,-1.7804043517756287,-0.71380234383198116
56.068110853439244,-2.1336099939028781,-0.49677072871635986
57.031820442385673,1.0381854853008654,-1.7713953094621913
56.382538807061856,-0.77878331657500377,1.5808158756447397
56.483666014875212,0.99997780187235696,1.7025688337945979
55.361060298165683,1.7624753030927434,-0.42294304097651886
56.513760864830367,-0.1653611439262071,-1.5507726696936885
56.916593138874063,0.55628831857658745,-1.8435773829647293
55.209086442696332,-1.9461830299578806,0.77491449671389845
55.736663593215283,0.39945560003909408,-1.5965555139690333
56.665765063835813,-1.538209174830403,0.86985684593853896
56.19598250905667,0.13886514927122232,1.7838378913348725
56.236118907290852,0.52130192449715773,2.2306180878580477
56.016157595547398,-0.56678317034138426,-1.7673251933900818
55.433160676292893,1.7832566465305637,-0.29736240951483045
55.278780839158024,1.5729518379732219,-1.5549046070961106
55.423223066766518,-2.1800311665983152,0.99697801707758282
55.882742010047274,2.0279413734279794,-0.91289911927377498
55.9798647991053,0.99740295964124559,-1.4950638054285159
55.77208906754128,1.5520369400961642,0.75489913643955131
55.755638665352755,-1.7270639251049664,0.05203960321662756
56.786262709857724,-1.0321608788196661,-1.2429425790855497
55.375162697676551,1.0282026066239911,1.4378508241202823
55.638194321694598,-1.6921709858577212,-0.8328863586448948
56.436603603370578,0.17347128134363793,1.8027021077250025
56.447018737178624,0.29702638132118092,-2.2181346074317094
55.587568813223157,0.47892946944915676,-1.5887781114551687
55.885385232984618,-1.7033550149791947,0.54866595546456409
56.115161377725819,-1.461034272574381,-0.70476831796952033
56.368040833827621,0.86442064572824029,-1.160721155972632
55.850630423086777,-1.0213866325578456,-1.0178876221730415
56.987214412871815,0.60609602458134204,-1.5290007295762951
55.443770070566636,-0.93109408713952824,-1.2948230849091156
55.315808480462778,1.6881163456140715,0.26528201070147728
55.986916705725477,-0.0031343469418619227,1.8768597162421825
56.913035897568548,0.073985759436031251,1.8664254355022212
56.215386143818371,0.73579770218806873,1.4057031501271475
55.999716650476998,-0.51661286045035248,1.0019510642201437
56.084488926647147,-1.0951122000805156,-1.1773421521437366
55.820850784765874,1.8515163499300313,-0.58139360845998478
57.143094191473367,1.7524177339695286,0.56852121453429916
56.702971244872018,0.76295952275756684,-1.4459352436429647
56.874003847104824,-1.312433436438228,-1.5145032599318582
56.985660700314369,-1.8517775372024763,-0.59233521277720624
56.394754674348917,-0.058339541398041685,-0.054793748456353847
56.815636182177037,-0.57536516081577616,1.2901761878568929
55.74836467860888,2.224261704027382,-0.27261176278956895
57.015855540350117,0.56594733262200569,-1.4357109387723412
56.320515889731226,0.71693242848420224,1.8734343903241653
56.897397345050379,1.0099634035603953,1.6353272561556371
55.144479704868765,-0.42399929546389187,0.98603223223937675
56.055334900649363,-1.4603688696166925,-0.61745638056614383
56.132257472005129,1.1636319306822065,0.88478877154509139
57.058895327173936,-0.83633720547607593,1.2425085102830171
56.46113049987936,0.11697647636247829,1.6653706116741556
56.416988187764531,1.9561153916149017,-0.29297211945583984
55.979037950938931,1.3782687021601672,1.0010142959014545
56.614031866492766,0.46094514725793301,1.685647708477513
56.343130133914435,0.66043629767435053,1.5881665021745914
56.144184401115133,0.53559990810291103,1.5757660164393961
55.75269400439921,1.5016966654730306,0.6602053694077139
55.561769588864038,1.7820885912516387,-1.1215994824038866
56.110898508336369,1.169507227167945,1.189990742844921
56.073461170603679,-0.67463651159868321,1.8949438621545949
56.301591417159344,0.57084972861533878,-1.4617869655742646
55.993262336930471,0.33639233551416947,1.4629846327961147
55.370330179403339,1.7665694907822092,-0.65174577568738712
56.757575427882074,0.25774481485260931,-1.297704977927493
55.396785122070916,-1.2313802963115421,0.87194558287720747
57.002422864586897,0.85489826153378168,1.8070129115784503
55.546247477010937,1.4094341685271814,0.14126551616431604
56.102754874395465,-1.3806490785634766,-1.5402037662607111
56.167737203763927,0.53889784056976942,1.6177174424501233
56.706430221720481,-1.0067592337407005,-0.92311371060659497
56.974117718755359,0.99141385643984303,-1.3358271963941146
55.365132925055228,-1.8372518888932372,-0.3711183281969096
56.191468248686533,0.80403822374653899,1.634932299976475
56.50459165218647,-1.0328613643962627,-0.30746679425654888
56.940942212143931,1.5881028965862471,-0.16504666995447889
55.499980763337234,1.0214132370043421,1.4456650166710288
56.103659251279282,-1.4781373529948196,-1.5919818565288157
55.779668592892911,-1.566307662147238,-0.28202748464470212
56.16798443455847,-0.28577057526831695,1.205485871619109
56.168331704177682,-1.2679570220657825,-1.1933597499128634
56.966951749865522,-0.24138663878665273,1.7217398416851448
56.968761406608373,-1.3185133609635975,1.3266852544877836
55.357481985351122,-1.1821227596961723,2.0411785130090783
57.05648171712528,1.4599827995056847,-0.89602897620615807
55.347494962128479,0.46322775644927006,1.9900496836730479
56.932583665499763,1.7790363666182862,0.28522983112056383
55.189302122867936,0.096027721502876237,1.927069441365395
55.763476425611707,1.3826564135299522,-1.2666585806102646
55.094419329036526,1.3567369785374519,1.0651017789340482
55.21498207290194,1.1299788247989546,1.5280485132978847
55.710837992860682,-0.96720772720135328,1.428694078703483
56.345171990275219,-0.44189424562558161,1.7133660592302142
56.405350901208301,-1.6594237499597819,-0.25682356443274562
56.522092620597867,-1.9253370906497878,-0.41487179599969315
55.708300748327609,-2.1726790068740685,0.012693536945782569
56.209165298188054,-2.0651765665292259,-0.6732707032667411
56.903781228001662,-0.41154282406036335,1.5826096547539574
56.801251904300642,1.6344805274839971,-0.2412087785056104
55.940943900066323,-0.53188319357650315,-1.3784991031569376
57.082778564530571,1.3382754282557379,0.79402587013130255
56.39186366475159,1.0710178538491901,-0.75365437051074435
55.651370742100482,0.45495288006736928,-2.1056185824248543
55.791190905528026,1.859694793445666,0.88425462507931141
56.317769754542361,-1.2552515922440386,1.3023084159454705
55.452640817488188,-1.2591700585582599,-1.2570366853616617
55.973177267619086,-0.0028642056197380862,0.49760629340649093
56.566875548204621,-1.4812095788528399,0.49844397702975873
57.079381112218293,-0.98136358348066111,-1.4771149580872402
55.957982037694471,0.42425672707670942,-1.6612711668652138
56.365596967683878,1.253426043797365,-0.077827502773542001
55.993063332878627,-1.7272540000852226,1.1629481784181261
55.739335234498576,-1.1004514736316977,1.8380320563800303
55.807770950131385,0.9052884747558777,-0.77539109600366685
56.284155917952063,0.31084644660036381,-1.1805087500646407
56.233420153802903,1.4231772437367323,-0.094422193581112202
56.748351471121666,0.31384966251103052,-1.9650265204315267
55.466112036938576,1.2778734382993127,1.0447404560469167
56.677613721420393,-1.4452999947153153,-1.1016250720572032
56.906524963356674,-0.88835618594144139,-1.460035987057225
56.112271388902457,-0.58058168717878744,-1.6562219332445614
55.91521800152524,-1.5413658119416245,-0.79214863020215365
56.594582191181608,1.5136384437226171,0.018721106299596925
55.833997423027029,-1.1670021184020061,1.5814673642786012
56.955070398467072,-1.2212479814442303,-1.5668753029448768
55.51052583712697,1.3381587985479098,1.0582071895323661
55.852998088929283,-1.1956197101529566,-0.86797607847123304
56.038768667468396,-0.084626180547089661,-1.8784351015669714
56.880282273606802,-1.8830126388391459,-0.19568834454108358
55.972203183666743,1.471421178523646,-1.9147648308835739
56.461631440971153,-1.6666833340260361,-0.34254386661949299
56.157671650879657,-1.525658342514298,0.71318937356361434
56.354391305727496,1.5648859480264601,1.1557722497071934
55.981643705300897,1.7579359556113383,0.062330355629995074
56.054964536353836,-1.4738737973329454,-0.023921427499147305
57.031570908193018,-1.6705921098946741,0.62284627034354623
56.570849114979104,-0.12306846477969031,-2.1608212022564208
55.197803243965382,-1.3883828321907432,-1.1511352311189025
56.963980621440136,-1.8770558929280103,-0.22976920804257894
56.387484845383369,1.7304915641923424,-0.41020575722666458
55.809986250112502,-2.1855250035124145,-0.80516224184155027
55.377473185079552,1.6023540061019736,-1.0712028574336929
55.565777617723903,0.023958869629418102,1.9961039974639401
56.900014413567327,-1.5281470672748376,-1.3630602149935236
55.343270688132804,-1.9119714553044473,-0.31028245293669715
56.538069229376092,0.68251836587720816,1.2773235595973642
55.286275826388319,-1.5388419190185145,-0.46630921605368714
56.007968870566295,-1.1049630379042308,1.6180407261338441
57.118385630400553,-0.82740662148348265,1.7489979840345482
55.487087815919871,1.5574577320748306,-0.32460642045472338
55.504958745171628,-1.4994711884191572,1.0088362403312132
55.499411833619945,-1.8346097015800094,-0.52794027804198651
56.946882995286835,-1.2262012585050799,1.1204889394161712
56.897374276797912,-1.83221768841513,-0.32661943191402826
55.373242980572563,-1.7942343281116935,1.1700403768258822
56.905042765187474,-1.0831649774493342,-1.0268074563254823
55.937199803838062,-0.49315680757182412,-1.8009349140918443
56.405124412243417,-0.19168101715187194,1.9480884651563257
57.034340469179618,-0.4701253050575428,1.7891150306222732
56.755683065759797,1.5923361967055678,0.11331820055636718
56.657078296538472,-0.85268472078760504,1.3934743864900276
56.518117591347099,1.2681519207406031,0.75426753688282933
56.197499897919236,0.24356181210696182,-1.5230811457150022
56.178193949364605,-1.1929576832556645,-1.0417155145452111
56.330139992393512,1.7841569421142951,0.13618474118838389
56.955464850309021,1.6047823932061642,0.89248932656580982
56.11767115517528,-1.0261140190282971,1.1113199119246402
55.335901612238644,-0.83185288967707227,1.3052407533898367
55.626432399270541,0.22573294682061262,1.6747586238324603
55.332210647731742,0.42121881516550036,-2.2243441865796099
56.217599532679714,1.5785260827684018,1.2183134248782823
55.466562858284973,-1.8901273195466388,-0.52472567968939154
55.757162808593996,1.6176119471022594,-0.33288851279970616
56.001457916543806,1.7887878037206835,0.68833921184483737
56.791974412339314,0.38361400537253487,1.7190594314892749
56.494484642097916,1.4718501769617067,1.6559227773944434
57.199267572624386,2.0839296884081522,0.25925822725664649
55.531645278062101,1.7238742018272362,1.0219253216858915
56.045202656982475,1.1495891812817123,-1.5527271105309264
56.200368421280793,-0.59225913267523944,-1.2769164358559622
57.059032731540839,1.0964277871829229,1.2606381723769315
56.911122623242434,1.5513025239355493,1.3797320069515948
55.719930772084652,-0.16901174542622779,-2.1961315509996417
56.504289947922594,-1.1742689682778749,1.8043161921597073
56.569637365880638,1.3663233185596602,0.63324852838465218
55.780944694779791,0.86665021374084861,1.3528254976515879
55.665174000952106,-1.0560696201431377,-1.7106244736791694
55.398277028013979,-2.0018791600598447,0.13547354552236535
56.385522537892115,-2.2410647369119352,1.0785751508187644
56.072195666337684,0.51721071835301258,-0.6346498781945713
56.607927072147646,1.3881966678727704,0.51536691482356334
56.40631602827635,-1.5412373954051133,0.62444973994237785
55.257288492059288,-1.4069790868587597,-0.97594023097158955
57.012045109887922,0.1128060149021488,-1.5411075136466343
55.994923761317729,1.8618148783396693,-0.75399222620949868
55.211163946998752,-1.2271674145197191,1.1478599053688596
55.990949437480694,-1.4560030265356851,1.0169109342427451
55.622973282171628,1.1844335931672507,-1.8322847676368801
56.88576011620507,2.0418021108026232,0.66757254713781933
55.168670935640208,0.61022378209384964,-1.7215746195336312
56.397147314703503,0.61440993533426869,1.4747135912769596
55.825394082830101,-1.6618758111587917,0.1556284987124095
56.384290729998121,-0.10201717363088628,1.4902349690177443
57.057119601157616,0.04635414863241509,1.9259034811610349
55.438259321829591,-0.51302126970305917,1.2489488687685186
56.048558173489162,1.2276055217239394,-0.9599070260206265
56.114114645412954,0.36858000216210246,1.7735191749109853
55.71750652773045,-0.65969400357460461,2.5677971901664853
55.448429873912055,0.010356308789022143,1.6864258278789335
55.846768419943487,1.7282525818778167,-1.0528096280840384
56.612757492067445,-1.7305864320131057,0.12973031311236569
57.001861939807597,0.44473253922487882,-1.3285905658473751
55.480719276811392,0.15649726840761563,-1.4112639065864898
55.27237328104691,0.54910390613478643,2.231049526234631
55.801231191839207,-0.69496776848227049,1.7897648620836564
56.408527885332838,1.4442930571255377,0.95053039969424302
55.817040913785128,0.72668874988124377,-1.6091403593931293
56.843033602007509,-0.33477385467213566,-1.7023907591695648
56.19369626566462,1.8535482816495101,-1.0042161415405804
55.49130651749077,0.85591380413376272,-1.6089960939281707
56.937476978903277,0.98514093939050085,1.1900661652318605
55.642050038525056,2.0383750235629754,0.49455127409430788
56.805101890885986,0.60824855311931081,2.0223809759274047
56.646677691446833,0.46196110197151946,2.1301476038195379
55.73667016915914,0.4835042039587617,-1.8584162063868652
56.073930406954283,0.83510131090982309,-1.3574275892795655
56.523832983892198,-0.63817830363397066,1.663643354523799
56.374113394196634,-1.2414843640212647,-0.47436165623985665
56.84359544690664,-0.98027493209988392,-1.8588921113162906
56.539186160848978,1.938454506780442,-0.15162644130425734
56.743804147120244,-0.8254451465027387,1.5016864629909072
55.486326647678681,-0.13019421020668151,-1.9512612911597345
56.413203368772926,1.4124423222610663,0.89899786172611329
56.498583253684245,1.3960315730178638,-0.40948487624413371
56.584158681945574,2.1391762488457582,-1.0216088960376191
57.051373289938489,0.81126589721875564,-1.211254688410379
56.380987894973998,-1.9412486963678863,-0.29503033718327787
57.130133327711889,1.0989801795704652,1.7262684962502155
57.047774985550667,1.4822684613375232,1.1122702336883379
56.146772258824832,-1.4300342504514414,0.39323882878669814
56.318664030750334,0.11860528899468512,1.7883017678286135
56.928675563563658,-1.6199901061670507,-0.31265862114907728
57.038796409791232,-1.8310008224877274,0.1713212450982648
56.679490212901882,-1.7619136272685556,-0.59864703885570381
56.972094662694374,1.2391533653125519,-1.3344949396007195
56.85476238635588,-1.3007739809784369,-0.86888188239670316
56.851770646154606,0.859254372427385,-1.6933528118128944
56.480857364774188,-0.60109856772430348,1.3857674368890249
55.193034918820281,-0.17497957251544874,1.5466673618814335
55.405647383822576,0.41968109316477198,-2.0994802827805197
55.305579986073148,-1.5224887266849934,-1.0797449969687283
55.722017786856469,-1.4709988001429768,-0.92104751991214739
56.068946219895551,-0.46982394415652212,1.9816334312986563
55.850445780502099,-1.3466345883281281,0.89711862761328987
56.3511239393601,1.8185771619415392,-0.30886598240883245
55.139710315826335,-0.36413459614512861,1.9050964064484064
55.60989364891455,-1.9255076094587138,-0.22792220504504132
55.723420385457409,0.42589225900981059,-1.9370611356469398
56.635033884371737,-0.3099620278656669,-1.8887909865460442
56.189102145029722,0.78518556101220682,-1.3843640588341493
55.806985934255799,0.79002648831376521,-1.3697646855445578
55.240941323394324,1.2278400370131164,-1.0963018545551364
56.451019051147064,1.2020986951297139,-0.11866330712477319
55.83806280322765,-1.3704476723452494,1.3394592102023695
55.797596582552593,-0.020266358167793441,1.8252354456402249
56.610769980596409,-0.86048428245326802,-2.0407822566423341
56.60728020908995,-0.87860593156985289,-0.78452928494434937
56.649856403428608,-0.56186723051179066,2.196098905930282
55.888186160891649,-2.0289756020624203,-1.0099702654496798
55.938460151577708,-0.093953738084835661,1.4122886543165845
55.907400671837372,0.53975476088224816,1.7636870054453466
55.177298400886471,2.4286747010982781,-0.45536342260720869
56.668597231478756,1.381446850129106,-0.88259974234331451
55.441163531433418,-0.49885054432760478,1.2683560637414877
55.299698546233905,0.57225329426941296,-1.9453948926509441
55.272475184155212,0.18453154942923003,-1.3381827074280781
55.863314046017038,-2.3810872626197077,-0.012789175311296901
56.578266823976143,-1.3934434170011765,0.51308791330094805
55.8164786208024,0.84639753166952003,0.83351305800127107
56.48175925549188,1.9322082507904617,0.77879279805385448
56.371915259270189,-0.27837997362335815,1.6620238249106098
57.045797268428437,0.78357458871294539,-1.4581371912884371
55.921703363760869,-0.1774630093335178,1.5599292830539626
56.148463121517352,0.37368105860809037,1.8005217878280864
56.684962160110246,-1.3493322790164435,-0.041663577539481814
55.486150032079507,-0.31449757757544594,-1.5147017306678321
56.261050058994378,0.8885603088464793,1.771481652442553
56.88673071870631,-0.9276222565367247,1.4920667803215655
57.069788627637465,-0.64476889267890414,1.5452956737520651
56.960626386600033,-1.3668094011210938,-0.61401960316322801
55.977904452092275,1.0710210064450607,-1.4166892422060058
56.401179105888055,0.93004582952438253,-0.52247689740892556
57.076624709785939,1.0172362815847433,-1.4126099741901632
55.279379830848711,1.8350662894861993,0.86573815264378207
55.151341236548632,0.6796381324728874,-1.4848171751171126
57.198987620751467,-1.5698801325693197,0.027474363832914191
56.899180897726467,1.0207586196487644,-1.4636177333063367
55.579282898010639,-1.7014151299837741,-0.83929328968665029
56.935613880853985,1.5756660211760412,0.37254766124724475
57.150336626931988,-1.6393430393298103,0.25622298323968873
56.302907220713521,-1.4936003936581375,-1.1995462136423578
57.268472109308419,1.9033000538937177,0.34935131399843
55.574215006925769,-1.6954167687065624,0.37408822922923551
56.255010422540195,1.8337630285039002,0.4307854860803173
56.526196658426812,-0.86517071855351713,-1.3638173485463592
56.277623101715299,-1.3570644456529062,-0.81773141380704495
55.446395884981804,-1.8809420659246583,0.38871876479069734
55.512728815467128,0.16894427479812335,-1.7612849354746944
56.393436128157688,0.56366311642771461,1.9611234213121715
55.661494306630189,1.8451982497192501,0.18075885315537096
57.04210440059731,-0.74830167511807177,1.6556603584471645
57.116730344156011,-0.81588279617890391,1.1606655960378047
56.203955771691454,0.73584585222613696,1.0640239593729324
56.024899642220987,-1.4435307918078337,1.3784332053895361
55.44173788082162,1.7816202783621415,-0.26232995749977539
55.520321448621758,-1.0676710430276777,1.4528589776102481
57.004236000603072,-0.29412965956875126,1.7554857387306217
56.402993423273891,0.87387850762204777,1.1182527171738044
56.44644867903186,1.3268322324008099,1.6104745994933418
55.217043978037339,-1.6074521904404637,1.0516750474752292
56.337061798762562,-0.3119476829596976,1.8240033990368443
56.919890219525499,-1.1439718485399395,-0.71649190428938281
56.347769694049703,1.3486743760230144,-0.22272575008958798
55.304906213118215,1.2440270076718769,-0.74986379590954633
56.662668099778962,-0.067092187990796429,1.9861538926715006
56.585395741712041,1.1332040911746832,-0.97051902695201731
56.986748218865266,0.33239343305642177,-1.5673520360099449
55.891745836406848,-1.4512668966458753,0.82307092033529516
55.21400315069684,-0.33572183866792005,1.1067185272993862
55.481360926502184,-1.1671676442504892,1.3979829429030211
57.299341385636964,-1.3636307888614174,0.6106310053175491
56.085317689404768,-0.99054410080470856,1.2996744033968857
56.058047285041205,-1.3959534541015002,1.2343651890566139
56.000428730496246,1.1700280216654715,1.8257728468449181
56.066717484319838,-1.5366516368006331,1.5000779336207943
56.141726042856796,-1.0782311383283532,-1.3804709402511568
56.12900063973094,1.5279223248562233,0.99605551339939347
55.238595204006693,-0.84916981734722852,1.514606218154632
56.922103932676471,-1.8954276450164635,0.2139448970966851
55.777939315486954,-0.52069061800700855,-1.3194381713103536
56.806434387913789,-1.4772287547967125,-0.26546864975857976
56.427549903000639,-1.7059357589353006,-1.4166185902929465
55.65356048347946,-0.71082125299912668,-1.8989385676541095
55.950489164650421,1.5359219767993841,-0.72729439484808367
56.418951816586642,1.3853099219113427,1.4187325756075555
55.304994858494823,1.773810455420612,-1.3208724494168358
55.189118550449344,1.0266414058972086,-1.7325190231063752
55.336266000649623,-1.3490214411134256,-0.79359124237394918
55.267205035682125,0.75368292086815203,-0.012760647060696797
56.202869654991161,2.263201568282283,0.11285731272626186
55.497234887623833,2.0132536683590763,0.41592880005884497
56.19175523207435,-1.3146175069330244,0.99140598868948138
55.243197369477535,-1.7921792333809237,0.16491174078279167
55.924488075572739,0.23115300385185497,-1.7758492569811368
55.494368474317405,1.6345351014658234,-0.20934015525153987
56.005122412040386,0.99655978545946811,-1.5423375554185894
55.345439052505988,0.81149465463221315,-1.6199015772692642
56.605237206726351,0.17908134265394024,-2.0063398901626512
56.934882848611885,-0.70415887349062567,1.6989980523229486
55.33444243020638,-1.6008787494992966,0.26775879422812909
55.835131414662733,-1.7050990563810327,0.87176036548421909
56.861117774114106,-1.3670020606449595,-1.0649262298561792
56.838428588875303,0.7942249344695046,1.244969702136798
55.515278401309203,-0.75148589798289323,0.27679158120136538
55.907313307933308,-0.35087484424619653,2.0685919499808603
55.654731020515747,1.7854103821644456,0.52874048807634222
55.746330755460363,2.3004377834969252,-0.41768396742870489
55.363803803870596,1.0157507917909432,1.3798697143779199
55.656935104552979,1.4083862482009202,-0.53121357558746674
56.933914222738338,-0.28795685471598359,-1.3379410836061727
56.162888366832,1.3954837902064421,-1.5289275019964925
55.740034786747799,1.4319221379197242,1.0561392943814563
56.796041480862272,0.41782668116757282,1.8718390559181066
56.555786160115133,-1.5811786159511036,0.43819949462683599
56.338868537436468,-0.25778861372345263,1.5539691741215094
55.334534224476137,0.19234015676787178,-2.2073903007446849
55.348133232946182,-1.6719937052785248,-0.58552075372343215
56.833282011195863,-0.50660736016876928,1.5864827075288348
57.106804316214905,0.27659918632976316,1.8777527068076361
56.581057519977378,-1.4587937100665072,-0.31133221960469531
56.016769846156244,-0.73577554122290167,-1.6386440321982874
56.626526248986089,1.1278810626209115,0.38480840809521449
56.033573009176678,-1.2721099265229885,1.1234725516709143
55.455771083975769,1.7828160516201199,0.33465254788167415
56.8281929506445,1.5677171630350117,1.0230331667061865
55.474733859162619,-0.59287992341133311,-3.2776359408478997
55.677553130708347,-1.2143052409452444,-1.2363921897303261
55.974138759176917,0.48276151074825457,2.1469443306462952
56.607956974113108,-0.56443886550426836,-1.7259576242130794
55.774643149800333,-1.0641282247574875,-1.44410363263811
56.866158484290409,-2.0493157696113622,-0.72207038375038768
55.274834872899262,-1.2473963428576857,1.4034536006778586
56.96881293709113,1.2137092744585967,1.1550114223896437
56.644237171922136,0.33514848355668203,1.7187951674305153
55.355748085456831,-0.2214081896049106,1.7687442699660394
55.923977121018602,-0.8353274361975439,1.887247492961039
56.197829640737972,-0.79413044510974562,-1.6193206434584149
55.841522278223614,0.89707578145875289,-1.1730016244196546
55.394629301463212,-1.6864472929255954,1.2142686440941755
55.921879660752609,-0.97095566778924169,-1.5068372628949049
56.49028530098466,0.3810023585286762,-1.525045647587044
56.252618357689357,-1.5990683104182446,-1.0481527230613592
55.661440140571031,-1.970759161235337,-0.8421273863629446
55.494178422064259,1.3508459958775421,-0.60776267734246769
56.195910457203041,1.898697335421103,-0.29822624097783734
55.287998708795911,1.3298554956031372,-1.2050397233190371
56.340989418404881,-1.69820828682983,0.38763335011962147
56.934809346585254,0.3149735872640243,1.3950942416145591
56.171569160666557,-1.8287862645061168,0.092267023019422967
56.537955829319301,-0.67866581591648811,1.2887535551189817
56.181153384469432,-0.1574190865376999,-2.0645295898817544
56.939434225458697,-0.39282616640852897,1.6115951189372324
55.581865660434687,-1.5650081659108697,-0.60648517507081134
56.873118296429183,1.4862392283763504,0.27097088608560504
55.644792617853383,1.5039864996280485,0.90432745284258731
56.553416704598362,-1.5267593001648032,0.81443397467983902
55.607942846627431,-1.7599278486211258,0.94312457769361446
55.387332136535299,1.7228334117427131,0.45080092704818941
55.594206076213432,0.17216080103557557,-1.0423826088401014
55.871264894910574,1.9524651872001644,0.57507699361170472
55.386567252996187,-0.085606200560624707,-1.5287638903420622
56.31816012523241,-0.75422864510166399,-1.5837567875055827
56.096289669094418,0.077974436461084651,-1.6228953265842749
56.425273439459893,1.7878108750140302,-1.0200848408267986
56.268699976801834,-1.932353859106976,0.53008304923300409
56.733843052870775,-0.22523306752421585,-1.7186675994257536
56.033393502914173,1.2574072747336051,-1.7645080004189047
56.050771874046539,-0.8151534065918542,-1.4195306152043432
56.539013921410699,-1.588723170875981,0.96223143373593056
56.464807249590308,-0.025915485769726698,1.4867078670526235
55.228963456918116,1.8110668899655138,-0.79807254250299375
56.106419929825655,0.46812345373030689,1.601816082343011
56.081340388131075,0.36277008279273115,-1.7072562890899663
56.662208338616423,-1.3192683669744685,-0.076723093096703512
55.337997952934238,-0.47026538019385056,-1.9514416612680718
55.681653819167494,1.6470471894820535,-1.1728965248597587
55.716436426806041,-0.98617758243320219,0.86166151840961858
56.92261623358656,-1.0801543495352302,-1.2446826053003182
56.272048765968464,1.3521446364219607,-1.6653545184834921
55.621782331073284,-1.6699020429974145,1.3324950283086536
55.183012242039545,-1.8486304745234907,0.44635243696782445
56.725416217368227,-1.6163655279247398,-0.34606168510065322
56.755392546163826,1.6070986426865537,0.23201631146511784
56.782409852442626,1.5230536073481413,0.72939803458164076
57.080722618985483,1.4140014369922878,0.68935266310137155
56.577023999868715,-0.082399140117882075,1.9181577808775483
55.481422595531782,-1.489056487896407,0.89763252077590427
55.826971465977728,-0.80323330889866262,1.8389591427657075
56.804388837234093,0.63017409443826511,-1.3200574244801853
56.104058869177848,0.94960745446294892,-1.2763084051469202
55.767727025149348,-1.1440621892067457,0.55925930608603047
56.678704600601982,-1.0352031029427786,-1.8156317851148793
55.581030341138153,0.4037697232498022,-1.8588984665037236
56.604407621852118,-0.14569767976709735,1.1954887369767746
56.050894241575286,-1.4303147986415712,0.8604370428162581
56.022910067105244,-0.41423876587365055,-1.5341168855621232
57.20413578537773,-1.3164422224726873,1.9085614345952802
55.852536826834907,0.64443462828299292,1.5780598368114789
55.827629655892231,1.4859243777851991,-0.63172848471154575
56.392504663698801,0.56731414075897857,1.9853843848925552
55.550113014873638,-2.0784058070957494,0.61458585855387404
57.080589404049668,-1.1930156052536283,-0.75833187505231148
55.119677317408815,-0.22259814766113667,-1.4879920120805974
56.835117292679769,1.5516024602648071,-1.0273539538068874
55.563429186252776,-1.9106028635980052,-0.34067666897797505
55.244718549523689,1.4069431584927909,0.4116407230734157
55.985164086841543,-1.6269021140377475,-0.52996998527203054
55.486820385034434,-2.8451508447717488,-2.1616164522511543
56.15328583931462,0.41984899882068388,1.4731232472829803
55.377772059457016,0.019358301608198535,1.8260944039313665
56.920451929264132,1.7040644874985442,0.63573593398318062
56.117300521013199,3.4251456625314689,0.23612575797007945
55.497929117279618,-1.5877697785873963,0.95429123987479747
55.346804921430639,-0.33880919214985217,1.1581486193141097
55.557898750977174,1.7707482733472462,0.84912878200608155
56.210113540663727,1.8875686266880527,-0.61573702372910954
55.98954153282903,-1.3625103135612828,0.84380566194949003
55.677545847630711,1.0123677719456623,1.5969485092323734
55.793832181019553,-1.2268925334485328,-1.1938550883341337
56.799838335944514,1.6731702443813856,-0.48185957424360693
56.976016693374291,-1.5789339454941391,0.62813290985943604
55.979231920971586,-0.97161958544195692,1.4730199366779713
57.037510957008635,1.0014583793299017,-1.156883572611741
56.757059302699986,-1.7805656906147946,-0.45597344331526934
56.50333945955844,-0.08769239533182753,1.7120451792152795
57.142124607117182,-0.29098855441649746,1.8477661852669998
55.409559791304737,-1.1571315119518493,-1.8559753771464955
57.108786112989677,-1.5503421841374103,-0.73635162000011845
56.435189166400257,0.82250055311699521,-1.4743900136136618
56.493296876993355,1.4487850431025302,-0.34494264560078686
55.326543725216816,1.7755050429837087,0.32593353844306316
55.515145993651046,-1.5837871946344972,0.14576747076646082
55.354509626214856,-1.6284850162035143,-0.26179414658210098
56.372458046538952,0.58837409270720376,1.4494128560208355
55.505024104188358,-2.3493455542554247,-1.5296856853532146
57.03967675423177,1.3480705671858346,0.9427017522613591
56.639680841450414,-1.3308233148147264,1.1478726584623906
57.179989849179606,0.94994363811023508,1.387014510543821
56.197853327942887,-1.5302728406438406,-0.20943728657271563
56.160329228048703,-0.26809259010142134,-2.2521317658785671
55.457402829159548,1.2369905063943383,-1.5527976396696961
56.139389656761971,0.73007471325946838,1.8891644690841187
56.389129436807245,-0.22433577032500029,-1.6672114662467761
55.818938243639657,-0.93024181448911269,-0.86501983951133132
55.999444399536507,-1.816734377477403,-0.84995545118614979
56.800431144038761,0.10777016252597334,1.7214894200872477
55.306654801185829,1.6876156905956181,0.63367109830021373
55.298841672855808,-0.73962763459378578,1.2391904610955431
56.667039002954262,0.43526689755644221,-1.6549910838816566
55.636286145819014,1.5401832272115064,0.54606705268479483
55.565652987114021,1.074733907646664,-0.52151985657669842
56.236662211694622,0.53947268380810287,2.1205523672908599
55.418716326115387,-1.5249871447152346,0.84824525569268383
56.771537407736446,0.94643430080685531,-1.181765752059837
55.985966428025932,1.0539092067070195,-1.2333018173368968
55.093875864832341,-0.85076059447057228,-1.7834293985089313
55.417958666010499,-1.6615329689393963,0.33434863143627253
55.712126401671924,1.5507098610360843,-0.39109110731671781
56.765678354649943,0.21703130069791812,-1.8909034411159706
55.51739588620525,1.851662353490048,1.2977379494767121
55.286150255473878,-1.8479232550428586,0.84571788232003586
55.539560516183762,1.8281297120808813,-0.21311491558062107
56.954738354585672,1.190875461714022,1.4810262848753983
56.956410191503615,1.0277546795945318,-1.3151914522048522
55.795650680061534,1.7047731681300087,0.1555273125439198
56.049217885050467,-1.1798992665929253,-0.63381049062376671
55.857821905533214,-1.8078295202729531,-1.9458734300625218
55.489023160958979,-0.51179552979996223,1.5922642990248101
56.572861086567599,0.23460670881653728,-2.1504008390279474
55.269861079752928,1.9686975224382646,0.54821513018971757
55.774811292467653,1.3139799144767177,-1.0371476985632218
56.372678249992468,-1.6454130789395764,-0.78095016251183202
56.683579166377179,0.37810955676613323,-1.6153691801896537
55.256356570941023,-1.9690692622503052,-1.0013725879505728
55.546682802314997,-0.2863160402684769,-1.1521479934171761
56.615454360070181,-0.85954237902297548,-1.6235820754432073
56.17660835859116,0.19930304082735115,-1.6876453459746898
55.570495086423399,1.6276046917890925,-0.86083553904344412
56.286792612392219,-1.0595710044563362,1.6896775832159612
57.009294667544673,-1.6271292168342404,0.69201032412483876
55.851149669396989,0.19972507707836529,1.6576314414757376
56.08587463801603,-1.4614699560209865,0.06647873987422305
55.596152315813036,-1.6357326892478092,0.71323414382672945
55.24148439526266,-1.9161993068224468,-0.085563311934709438
55.429177659751332,2.2305733226189672,2.0363566769205619
55.63312402399248,1.5712868227133554,1.1097590553579266
55.766003330971529,1.5515278335811733,0.56396234322732708
56.770104138112501,1.6791373480525211,-0.46891359846586278
56.172039654256572,-2.1267802874695296,-0.99546080630489664
55.409093803654848,-1.7494953523316346,0.0074124703972668314
57.020309061090124,0.02060079159323908,1.9692561706980425
56.702786475130949,-0.68610244743498316,1.0544898792056607
56.984974620015592,1.9684530111240979,-1.4316140875451469
56.834628468036186,0.85124493096971043,-1.5497247307955277
55.666631043882482,0.20941273888007056,-2.0294942198271633
55.153796364561686,-2.1058006216743119,1.2756200776951294
55.540104532840182,0.5705914079909431,1.6041403020686844
55.223333368729023,0.81006443774905978,-1.8753518976277068
56.881128464597069,-1.2524829181549262,1.2203228682928802
55.897655889704438,2.0224864473465538,-1.1507095772806031
57.01146532219424,-0.99131338372418776,1.0886001706612161
56.233589833019408,-1.2025730926082505,-1.133999021749988
55.503823952062326,-0.95805579860960766,1.0573244313722665
55.825693643486616,1.3224628607830347,-0.61044447692844395
56.188930278653523,0.69271992277980521,1.6545150554155583
56.412132970989155,0.89618263221066197,-1.6523885415857582
55.251532515423285,1.9595609885635663,-0.061964546978133035
56.762502165380255,-0.30715929768693334,-1.3605145255889122
55.899047464796695,0.40980277797451276,1.896514258438738
56.504844111528463,-0.89443118122577858,-1.2843093943477994
55.372630434332471,-0.14929812701306197,1.55388035851427
56.006992642588514,2.0483221143918775,-0.26135290103735709
55.130715752268507,1.593922898081314,-0.2330805740212426
56.736631626060692,-1.4702378825607758,-0.95562703531467852
56.016136253898189,-1.3675925877361954,-0.51932355827599352
55.66344786887818,1.1372174694782129,1.3515793412578054
55.238779033879148,-1.7661002672160366,-0.88104474782963815
55.306438250041644,1.6219866706476251,-0.19613488127839784
55.886680695221152,1.7120975199323341,-0.032522069416988444
55.519139881069869,1.5503429882852362,-0.44664122785684185
56.628311143215797,1.9425339749254964,0.577128219598675
57.090449039498061,0.56900168590943212,-1.5593383691229297
56.348756374572453,-0.57793765033130795,1.7014037771025838
57.031314210892582,1.1694934891970918,-0.93886740472781072
56.981534195500458,-0.43857626231576741,-1.7875557716648272
55.473976571013843,-1.4182767696378178,1.0650622827246647
55.746871451522374,-1.0161892452451431,1.0575972611621818
56.823361736076187,-0.18040276613912157,-1.3371823769535973
57.020514287755638,-1.5404989253563302,0.24359804366017487
56.926637965883401,1.2452930319206792,-0.96113459313438365
55.263972372519511,-0.4242883972172648,1.9627920262674834
56.670030535283352,-0.98670076502774184,-1.308535587400967
56.035890520138807,-0.87941389519890079,-1.3409592377348907
55.48198286051484,1.1184165408439293,0.9998340566716537
56.007090207111879,-0.16745149173363078,-1.7685320729030585
55.592975553397046,-1.3597505460322858,-1.2903086496866614
56.865367281800189,-1.4827641755949417,1.133536935705111
55.885955316996174,1.3585110666889872,-0.00064401470835982657
56.804601368299906,-1.5976473857311784,-0.53836722604248843
56.898146563744653,-0.49087159043342876,1.640607784616112
56.171782737838399,1.764813122970458,0.013423452758914892
56.846320572939838,0.27713830613996537,2.0327166216447341
56.825618608002713,1.5359421268755815,1.20348686842079
57.140674290336165,0.83191594574967964,1.8516555420770227
56.698772948797284,-0.44516488685433891,-1.7372446369409944
56.266744901344872,0.061023612150710893,1.1569266506056379
55.379125210111965,1.2259396883776343,1.5749652379882402
55.823017918063847,1.3951651686569015,-0.14972499176445345
56.320062306388316,0.89457564816535773,1.608480192870918
56.929222933066292,0.74673210037286175,1.464963280247753
56.64459377334628,-0.10649492674698163,-1.0127619264914876
55.664737185652569,2.3389851612987349,1.1350910565486294
57.010751203055918,-1.0076548085978696,1.2869062183038942
55.641708263429067,-0.86189697999303061,1.5618450454211921
55.498777323233433,-1.5760681525406706,-0.79445991100549163
56.904732238042072,-1.9124330247679902,-1.0714966868942875
55.94717151081165,-0.5220993537679417,1.8971354975911772
57.076125840823131,1.7298008259978752,0.48128301323771366
55.985306081396182,1.6357565867297883,1.0838472963718195
56.054069634094141,-0.51046342470139161,-1.7638362854754124
56.894924985826258,-1.3205955621685161,-0.77563492584098215
55.633422510766039,-1.5217010701170532,-2.2228834536400957
55.306246164980728,1.8190872457842799,-0.35136380271515105
55.942053968573553,-0.73601834289329826,-1.7059971597712142
56.415452369659256,-1.403202532328476,-0.54259230006477255
55.210107110014178,-1.6320415228614618,-1.2107403519073034
55.996480052261489,-0.71675066399613296,1.4559765871793666
55.270892641472031,0.41420516576293076,1.3881346452508005
57.327345130188888,1.5585372390122854,0.20115654417455539
55.883651521968133,2.2579297288445468,-0.54152309742134375
56.292415106691159,-1.2988824850532803,-1.4070125729238423
56.792370235148674,0.37624666180656313,-1.7634312545009863
55.558178365414093,2.1043290459571011,-0.20507005074920026
55.549743921544618,1.4361279335456598,0.76162119845715193
55.685622390663902,1.5827431841690365,1.7469479245412798
55.248335813039844,1.3229394700424311,1.6259811953274761
56.313290515255716,-2.3473694652671639,0.46574004514374101
55.868525096606582,-1.0385791439894403,1.7895094869653783
56.219426802913866,0.60148329558283908,1.4259033852950276
56.67118221056694,-0.23353838785155814,1.7664816759567776
56.929545699952044,-0.22016224822272032,-2.237467224866541
56.28931261622246,-1.5308779477730712,-1.1212129385733518
55.885904108490159,-1.8136639979239828,-0.34510763886496898
55.700653996947239,0.43262750496830732,1.5912997617032489
56.188263891622597,1.5909014551702958,1.3051752499696936
56.156229108765089,1.2221038585355251,-1.5304128844945395
56.939834449620975,-1.1001143485284126,1.0617069905679708
56.679610572088734,-0.46277753654427761,-1.2809202266813251
55.21570641337324,-0.50858363812876506,1.7727028216557359
56.713016394894552,-1.4349889308577126,-1.1182229374983059
55.306404342605276,0.91099773599170242,-1.4683317633985524
55.452491754617469,-0.833283747921574,-1.9072777902032902
55.452398707342518,-1.7672929583282082,-0.26383155516209006
56.112963101901933,-0.078101937176121961,1.6763575014320762
56.099465217754904,1.4164011454473735,-1.0921680658498216
56.54160171277146,-1.2447408851252428,-1.881191629651723
55.366394529361422,0.98980401188228129,0.7379559623141928
55.252152631003987,-1.6637170714257687,-0.59781334446437373
56.594117605867133,1.3942941293212339,1.0845153456866992
55.800011059069817,1.4893575099972083,-0.72378155920914833
55.503187240486191,-0.53727956830716039,1.5358230013862491
56.959214601711764,0.5013623280415731,-1.866964274154735
56.043303633078352,-0.084965061414024046,-1.7898747113212004
56.914601160093696,-0.74317096247157977,-1.9010244133713283
57.099486830093618,1.7180393548676272,-0.32041079506411163
56.107719540838765,-1.6291776139426499,-1.4450244888996466
55.877315642485776,-1.4467557592145308,0.54763760564668418
55.334255288691182,0.84375695719497368,1.8912850500614453
55.513388955828752,0.42090480519877121,-1.7710032658606583
55.515162956297885,1.3865777205190173,1.1298327331600202
57.062810727298746,0.70520327489851919,-1.7083791630449801
56.160167850596139,1.5567765784960514,1.155590727449497
57.017990870418863,-1.5684275673715564,-0.18744226686987006
56.884769638607061,1.5796247075587013,0.58915483942723079
56.755436511126597,0.26923939986182144,-1.9123503299184617
56.70073658885628,-0.64245153722353476,-1.7705473269221295
56.079998081565122,-1.1464363356768219,1.0720019895550914
55.287474976131755,0.045422746177401795,2.3611325709942377
56.612263817334778,-1.8181026885553022,-0.94037789175702746
56.187285493439703,-0.21865282163712491,1.4215780778133855
55.800076328833178,-1.8229725747077377,0.83952145159820768
56.917324203599868,-0.32292800210293021,-1.6495566863061373
55.547220995767319,-1.8908842836368718,0.6210708594611658
55.474548395888661,2.204385817259118,0.40556270382676585
55.823285620946265,-1.8644329272863061,-0.2503896800969756
56.046682612882051,1.2333616299837045,-0.40126912494879685
56.977403055429598,-0.71101849783092619,-1.9924217765660699
56.141925476820049,-1.5318005162389685,0.3280040812347364
56.231139525235982,-1.8299236761905728,0.12361627703454491
56.651189414068284,-0.67588018552557294,-1.3446390101797261
56.060280548503016,-2.1190323073084198,0.53426610264854346
56.964442271638902,1.2251559015343256,-0.91400470753770124
55.890087346017346,-2.2231531452510231,0.30884585582577589
55.927272483102577,-1.4558261160271222,0.95629350595198681
55.880536154319408,1.8035832220612589,0.60837673589838137
56.201439191627749,0.36507296979943343,2.2296529902058806
55.959417648297077,0.24204971426871591,-1.744790713327653
56.700447669426254,1.3673363840818853,-0.71650435526312739
56.956871494622852,1.8771698052039456,0.24375137669610439
56.691767708106035,1.6125909339890609,0.21039466952783956
57.023836059695896,0.37485629240062318,-1.5622314567881419
55.914435136321551,-0.80785108070444167,0.77255413776101312
55.291745172487218,1.0769894906923179,1.1228321460502884
55.999560516114428,1.3883353258678484,0.9736732375479713
55.282753731469519,2.000715132513764,-0.31905889885886907
56.305428909161499,-1.5130130541255751,-0.90719183090475275
56.210682445533649,1.6740677891477982,-1.1542840461298476
55.716804729995069,-1.0542497333789242,1.2321804560945622
55.573943803201267,-0.047008276719372862,-1.8006115013189334
57.078656215547625,0.58132742573416851,1.5626944371584417
56.191350712467909,1.6308745929101853,-0.60372686947395915
56.802014391560533,-0.40086102784461691,-1.7771191628284992
55.375542594205371,-1.742891920089032,-0.35655307055278257
55.945177095345464,1.5064642229418581,1.3601591333378737
56.688546825193875,-1.0357675360606506,-0.97094874482942883
56.015512805208537,-1.687794090502349,0.72326977271117976
56.604709228523113,-1.5094910736740028,-0.82480300367683901
55.417176857494482,0.34747745092249094,-2.0751690943125101
56.628243797106549,-1.0344420180609164,1.622197927773402
56.852578739247996,-0.4779479044217278,-2.3967658640501281
55.575916500647331,-1.474540871194028,-0.81285926975772438
56.209705144001298,1.0838491725219077,1.440368458168825
55.555216383777676,-1.1107135745596,-1.5708620139333174
56.726389335097792,-1.5172838637529893,-0.046480328947602692
55.867347632851533,-0.79065138942312707,1.918164156950128
56.54484833144754,0.88838517917057835,-1.1085356272517457
56.697412935145927,1.2256447924873186,-1.1898424197211088
55.96699669962824,1.7210083792797353,-0.28561454624899479
56.984536568602906,0.21508338453903628,1.6290423819405158
56.21700562390501,1.4529827015255874,-0.54959560437938271
57.011164459719843,1.0431307578460516,-1.037826272192832
55.317086163921978,0.534818962419088,1.8202970327807435
55.429888712149165,1.6178673057280057,0.40551316173140334
56.181266184939169,1.2651466787217891,-0.37273434886090567
56.802389698647097,-0.28734391516867547,-1.6560754366719939
55.743508683384462,-1.4372278444777591,1.0939315466762458
56.678481852044179,-1.360183967196519,-0.72868333536336816
55.492890526246647,0.78459703340987763,1.2741836698620224
56.643914497445252,-1.7256422033740959,0.58561609711022145
56.89607279168019,1.8726076309618271,-0.33784171923642692
57.027024071799332,1.4398011823159573,0.43360681393747413
56.766117311824992,0.98308723308826729,-1.5696352303722314
56.027141950677752,-2.2178498142551559,-0.34090298091969312
55.534161376949953,0.53103003847542996,1.6562767861377334
55.810298922820586,-1.5090351542749365,-1.1508160406276298
56.118560770357725,-0.16107640977443186,1.61807810902699
55.610400934645043,-1.3604739621288793,-0.56888573850992741
56.889252014861654,-1.126094173181964,-0.92895498266607734
56.093376602521708,-0.33665984564400298,1.5902444961851916
55.631768818030899,-0.98456799404836759,1.6167493078790833
55.51734769952165,0.98717314481439489,-0.35405901210653934
56.63270780232348,1.2379507526599987,1.0351035759817426
55.719681039769007,1.7344115425420523,0.59064920450810354
55.597834252554506,-1.7313823514779885,-0.78479767314223892
56.308989421963361,-1.1188288188566415,1.6026138684331623
56.405041865870068,-1.0684136259126418,1.4605157501368726
55.646306630697104,1.4947904836283237,-1.5186615842867952
55.627677670931597,-1.4740432170115945,0.30612732945170157
55.802474222168527,0.80998934722080018,-1.1204638892093504
56.776438452863765,-0.53561869911626769,1.8945857956068703
57.137615546646877,-1.0981048430803939,1.3706301224288457
56.167413735327671,-1.6984843211787835,-0.44122515110703148
55.336915226216938,0.34242734275570541,-1.5523205597928755
55.426841064886048,-0.33294686182561967,1.6221262269890089
56.361669497089558,-1.662978901674478,-0.29926244996632034
55.974729415090287,1.7929794636269021,-0.1187832390428023
56.568911470072173,-1.2410092974726061,-1.1504932146638274
56.00598430490281,0.53411614905786975,1.7209785786321923
56.143684714208298,1.0820923176687005,-1.7292378447696706
55.672955406571774,-1.0123461929120405,1.1383408962897668
55.460568093122632,0.66478804209281095,-1.1834516544331808
57.044191129743794,3.0742509675404488,-0.98293818819732159
55.573362659465779,-0.8194646610390024,1.3686463161809763
56.510363958911228,-1.7747346349133877,-0.42840646510656311
55.646021907968645,-1.0873483413188951,1.415306208117979
55.755759741429955,-0.64460930707056519,-2.0479665478649043
55.664154816268969,-1.5656555885315888,-1.1903803903380485
56.629991661900938,1.7299863581432107,0.93574162649053816
55.515262013533622,-0.079400112219704666,1.6653944189851606
57.155097854384195,0.85150990813841487,1.7407946504934246
56.151544645383716,-2.2092708628291668,0.085989148072903712
56.056243690835664,1.5554227210343741,0.8912320372609156
57.077529100693859,-1.069112254557036,-0.53343809572101364
56.529081030337885,0.85031894942929442,-1.2817003444068689
56.632359894777025,-1.327223756514984,-1.1039771853939135
57.127441835155501,2.2010708343369143,-0.52881401241182047
55.791352095673624,0.25738609754491037,-1.3297956123822061
55.36241399296452,-1.0285269432458415,1.0143287914864136
57.172041028631448,-1.0459652490948121,-1.1081992710007456
56.400993009737768,1.6399157818663408,-0.82565614639083162
55.116736097661139,-0.77577376355020922,-1.8864396276521933
56.638717347467491,-0.37866759209594747,-1.569601031912623
56.512435392704496,1.9315367684058731,-0.3577309080464609
55.964386472148476,-0.66817725966025976,-1.474390998806933
55.517469201105904,1.2318084557314128,1.3534193267429633
55.918289828278176,0.74269381695705916,-1.7512478361051216
55.387369814050118,2.0219915985043864,0.784015369415619
56.464082693526201,1.8113069478131223,1.0678346856916905
56.403740055947274,-1.3640232289869605,1.0637924456356462
55.576672072605739,1.3115502822366685,1.2665305843767434
56.252571332292533,1.8603252218820128,-0.63549047525382951
56.231968296918872,-1.9244806137917831,-2.2412140048951543
55.684092008055373,2.0351053101741718,0.50657132543320726
55.940446807776709,-0.80806082852065186,1.6321722812911703
56.323633091272207,-0.087198891831042097,-1.8129650668439343
55.563403699337137,1.8281651412731403,-0.45006966968439305
56.032336089832079,1.8084886956806911,-0.52291534680081087
55.373115483542172,-0.39455448268725446,-2.3769046734891588
55.632484177327832,1.8011217729492881,-0.17770286747383171
56.78752632268862,-0.61927329143587539,-1.7650684659797824
56.461935764989668,0.3565427778698762,0.66524817542293369
55.389108055863872,0.70126037120240892,-1.9786298559636943
56.499925487650465,-1.3409215074902769,-1.0510679337800122
56.57610343204211,1.1602226245932497,-1.5349782138914212
57.04910029596607,-1.6713235743769654,1.2766447762209552
57.012319231703195,-0.6639731502233519,-1.4780710835759423
56.371373810891015,-0.58348586389670698,-1.9375633591256702
56.23290518353577,0.83648648548649851,-1.6497599020796572
56.158517069957085,-1.6497098472186651,-0.11894171274082044
55.943363853404307,-1.2248805748404312,-0.47047567138185897
55.260194578002675,-2.0596002300377134,0.02162454687576516
56.842528366464563,-1.1324094739442618,1.4040539097954252
56.980236161145058,0.16237586887422994,-1.807411461151428
55.827363197210971,0.76967643368936844,-1.3947250418121224
56.13064645573612,-1.0252731317709469,-1.6592762246118034
55.23628985125174,-0.90159555205883268,-1.851950085267448
55.624155319667238,-1.4989380208049967,0.84217692030850033
55.679922732751344,2.2616537234705141,-0.14904062696981926
55.170530656037833,-1.3134542214482272,-1.2052237830853887
56.718116352298907,-1.6434260025436229,0.81006790757731906
56.088810741805716,1.5465269688937031,0.23745228701515217
57.082944045216934,-1.7012372899122539,-0.017951213052572215
55.475358947203652,-1.1686309901325942,1.3277133873155313
56.915284373659134,-0.82949078785092933,-1.6964265670540233
55.784568371485996,-1.0749901099231001,1.1442105232437625
57.202787599982294,-1.4116829271540463,-0.74704740921773016
55.397155699592567,1.5304454974150981,1.2747864704256764
56.104597720873222,1.4976109752930982,1.0586192756579036
56.473400077776233,1.1515974413113488,1.6151195708003532
56.791007734712217,-1.7412550651012684,-1.1766974883046126
56.222338250145732,-0.067870351810191229,1.4161812750068845
56.572380742531607,0.54839326381991371,1.3052032400130551
56.497882460584563,-1.5371070974009584,-0.62821328630427242
56.949443999106705,-1.1716113377483073,-1.4340970499269465
56.75984848793852,-1.1235021506664078,0.67317927676967837
56.823529908480502,0.79384633997510057,1.5732644462352385
57.193277197404839,-1.1531377616388978,0.63789188541858544
56.620759691255834,-1.7734047504023014,-1.0556699470713304
55.723150793851936,1.797838240364207,-0.098407296124083846
56.112141170752608,1.3897965464632762,1.2884495279354871
55.741096797782937,-0.41841144156955967,-1.2729125734798994
56.558832393763403,-0.029271242457918095,-1.9241614087047472
55.750449824362917,1.7441088591095701,-0.88365365459651279
55.250034473601744,1.0547526429459753,0.88542093918684717
56.879339890046822,-1.2226813374530017,1.5623496445688005
56.181875051508044,1.3067325179719296,0.82293938720635951
56.971934734340088,-0.94922736072052338,-1.6007356680526805
56.336478620848958,-0.5416214581162947,1.7727113776568721
56.497416509155336,1.512393147892044,-0.40143038648287155
56.378932597179762,-1.4935094929116972,-0.49172021823142681
56.725621554014893,-1.3705458563274686,-0.52236232590024589
56.106042407535327,0.42158340671069061,-1.8912279264331417
55.373513111526016,-2.1093261145978515,-0.20006134477394225
56.701540725740976,-1.1658084177509214,0.77592445557876311
56.404009515707621,-1.7832189714029654,-0.37479572327197741
55.210180400049992,0.89013012594867091,-1.0630759312993798
55.913674350374961,-1.3921845857615256,-1.1296532533728867
55.60998973733566,0.50384009959241738,1.6169652096541332
55.483456111648309,0.89475256749647103,0.97965870625576046
55.584093863853951,1.5934136175818412,-0.33452455663886727
55.563408361495554,-0.41440332826795784,1.5199665102344295
56.461299871240492,-0.70902997202000762,-1.3338461254865488
56.87724017976501,1.8614585717827374,-0.49554126266445131
55.741959917877267,1.9071508167316182,-0.14778758858673766
57.036182037767773,0.12996423048748229,-1.9746781693388082
55.673599611588834,-1.1217742266470809,-0.63005688859867126
56.310037732309375,-0.81910725120766303,1.7248963798518138
56.808233939434103,1.6974100918851815,0.46983006854640258
56.861963223607006,-1.0739263200269504,-1.0501346316419959
56.512110847449186,-0.63270666627086369,-1.6361018863518406
56.300383678498363,-1.8724626265514102,-0.36410071392719962
56.526879773228025,0.69594359005840634,1.3025824386432978
55.440525706882383,2.0055934575429712,1.1001441271111789
56.609722163298713,-1.1608005048190528,-1.6181105527871606
56.301416833337775,1.1424230848030559,1.166557619325973
56.514029504853212,-1.6114504368201952,-1.0247839333960782
56.699622939009039,-1.686632785840932,1.4729469755618141
57.130093673344184,0.83108668393725849,1.6900825467480773
56.138172409615692,1.4791388246509616,0.43621346720695275
55.699770053449981,1.2647814847018806,1.1307584536340454
56.418109689202133,1.5463415614548861,-0.20039261302241473
57.028104596632474,-2.0423067699548278,0.46980679661572422
56.359120378646821,-1.1636844490376175,0.82403596593267536
56.859010332020141,-0.019160928661394124,1.8422930751297792
55.058330607979322,1.4138320370886106,-1.2938730827867919
55.804165332527987,1.9639074631856124,0.071832726238444014
56.047036280055792,0.93526442335669124,-1.3938890475021273
56.731134302546742,-0.62872457667322956,1.2512147154666697
55.755648946229144,1.5553647012813954,-0.87562425933222976
56.012169501926991,-1.3439884993737556,-2.0235185315601005
56.01325081718484,1.0811817580356453,-0.61672642950082557
55.321809062328335,1.479607280926218,-1.1498720781143206
56.226293588215796,-1.5609867069121415,-1.286891360561758
56.332156263270072,-1.0212625470602552,-1.4971504213473534
57.175284768131334,-1.1401653996590249,1.0989248961177673
56.607950013150564,1.8484901814099755,0.98297614598886462
56.473935654190669,0.81336250102386187,-1.4734041069036876
56.34468903057293,-1.2086292125864473,-1.3945283790851917
55.945583659103121,0.24206522274215136,1.965809308920212
56.154513588790373,-1.0747476579788517,1.734094091775604
55.118430406223517,-0.23398375044629988,-1.5780944520772102
55.108169502228648,1.6740277131459367,-0.37872905116091382
55.351430720184773,-0.79292503837246786,1.1690075171491114
56.600961039589635,0.04604073494671513,1.927698720124946
56.195218233581478,0.51955573462136029,1.6118163116417805
56.705007923739615,-1.7428450011574628,0.92278749591550024
56.860766956989806,1.582295275767243,0.94118224699553432
56.191888012889947,1.9100999620416947,0.033699337752601942
56.287172123045956,2.0503618827449031,0.43219979025561855
55.729702455985894,0.23975643503697339,1.9635749710293453
55.922529883662875,-0.57851312761439722,-0.99849899765035188
55.838298808476885,1.3986543899957871,-0.2192187800050435
56.589008357571188,0.61906049106792027,1.6668518479357948
55.290159110485895,1.0336376298858099,-1.5093396207899301
56.918360087081695,-0.4544749683272391,1.7098493938827168
56.075692778984681,1.3272655535769278,-0.3140677475705223
56.748660934182631,0.99654490342212831,-1.0361603682492433
56.675640404473818,1.607749567220687,-0.62732373965354793
56.009393974930553,0.53445487899619315,-1.0145772804513606
56.842286911942857,-0.44509282926125815,1.6492438587048803
56.206315197980572,1.5287246248376718,-0.26994350322835503
56.824467498481098,0.26544290079028937,-1.6580913190517863
56.792103790662772,2.6859230890851253,-0.25677946343707159
56.876218836321804,-1.2054442299794497,1.3545007718379707
55.962020304878294,-0.57625681085666824,-1.8516211196778274
56.604976843101952,1.6782318943371917,-0.062230074580290048
56.804666469670153,-2.8365855796391464,0.93645602781010451
55.785204710433746,-1.0281133256067998,-1.5109062146408203
55.927313459571103,0.43510272736418698,-1.4787194427499102
55.344909999367673,-0.29749458314835975,2.0444425503716399
57.014315908018752,-1.1066780253864004,0.88561448158285483
56.541264745124785,-0.97452580272459599,1.7951798108632697
56.792278149073525,1.4765501417175528,0.043548576839622599
56.95044820106925,0.35499790624859118,-1.3360715827314014
55.88758756558336,0.71799610981622319,-0.97254851167476553
57.00733464010937,1.019660990192228,1.2170893227123616
56.730271725183989,0.75662032435802051,1.5830633374414174
57.001854482163388,0.89696423158515881,1.2239871780943026
57.08425622075945,-1.5212935360154929,0.010989605996592154
55.814643113193604,1.8592176597325833,-5.1276955003121225
55.985303865450277,-0.43597584490339747,1.4354977552157087
56.160949633194029,-1.3708659225348094,0.48583241832375429
56.806726338735658,1.326168124636355,1.3809197410153091
56.365175764376126,-1.6123943179321398,1.0868218824488096
55.727573477661089,-2.1855954354758622,2.0468916308077096
55.126112595137137,-1.8389128168791906,0.52791724858251288
55.348152880384298,0.57972411335195739,1.7613164178238898
56.382688562176213,-0.11648026279189058,-1.8147904387144196
56.216043993958849,1.7433630928008352,0.025249869456717661
55.687257379667919,-1.6278771811337163,0.26549464570557874
56.400237542039442,1.1117636803196838,-1.7851449457560007
55.330337937894811,-1.342611930636898,-1.3912243041141619
56.493581064541004,-1.5962227812273369,0.99057409740240532
55.995871801583853,0.56212765560132338,1.9130873435952664
55.408249261127665,-1.7542548657529797,-0.76644066446257919
55.487026835737943,-0.54839677785114893,1.2678578520213903
56.039892206559529,0.72365571263796868,1.3573401626417103
56.295771845674409,-1.6047026036697694,-0.21598060572516709
56.035970188245997,-0.85858147146475061,-2.2397615928338803
56.212379575464865,1.9101639505709815,1.4457080827207389
55.38547779580076,-0.95387767006789792,1.9845134960711537
55.552612058258724,-1.6706526469526621,0.071346161596522351
56.880882647264634,-0.10170148271654059,-0.8807070160842293
55.9011728943835,0.13529840442850855,1.7839490122378805
56.971329122102325,0.56807020670578001,1.6012839857386054
55.957241235891878,0.43961377314263844,1.9568879041590883
55.965884136126306,-1.304306035456251,1.5360157614847081
56.903946603127672,-0.9762501566861076,-1.1118746095559353
55.3557169865622,0.26864027174767596,1.8431159197720806
56.59847540405994,1.4109962859328393,-0.020650027168461437
55.868263267377472,0.88480579850797036,0.68650619467344276
56.687636842017412,-1.0806516802374107,1.557700538651392
55.663496303602692,0.65583594056952221,-1.657283623823713
56.230044550709145,0.7758080228482368,-1.7190860162382584
56.956366808721945,-0.98812757320857725,1.652782504639515
56.519831898903874,-1.823317854328762,-0.386305332303292
55.825549549187919,1.2877462401664004,-0.6164557745401551
55.982709940189302,1.2031697470089333,1.6340427166515086
56.105734934551592,-2.0367839836367714,0.63982311782709633
55.956364290113385,0.62714193261109719,1.7502764214126101
56.751446576303742,-0.65777402246171846,1.562482926985451
55.329606211095864,0.99656629483995141,1.1726011874062088
55.397614264985464,0.31159344956973817,-2.0191854382888712
56.713875230684621,0.88334558920890716,-1.479629886520289
56.103336723097826,-0.61550483616160245,-1.6461531734904147
56.17853652747457,-0.25530467652215055,1.4924557061536921
56.346177764757265,1.5132457269707338,1.0536968183076556
57.063782656740656,1.2261691247645641,0.20834138375138636
56.511632250502927,1.0537541792242584,1.2745381220784948
55.927535449813327,-0.63974915023048384,-1.7985813771872441
55.585871485484539,-1.4840184255246742,-1.3087655685737887
57.16821882629808,1.0767583918003483,-1.4653416568416311
56.588467722801141,-0.218249825071547,0.94088371235427259
55.248932874141445,-1.1249424055095336,0.94674149181189637
57.077350204485889,-1.1538623490129662,1.4598494438044374
55.567875678179483,0.30802316015058118,1.5777664722177862
55.748083627306123,-1.3900343508274891,1.1228569340080308
55.433194778257118,-2.4386848440895807,0.13967385084139822
56.118951031935424,1.9040126892616889,0.35376012727119849
56.244658974573881,0.75847069618447982,-1.3313587412149877
55.382028225853318,0.22753842379462591,-1.742276511582179
55.511964770069163,1.6565470954136843,0.34826096265907996
55.255631852675222,-1.2490322880945619,1.1165954288506574
56.050420785518199,-1.6778417755199508,-1.0107591142486083
55.545847164917973,1.949314764547178,-1.0047715575207969
55.866412148916297,-1.5398018098729396,-0.5820375019577857
56.993149650420207,-0.8329304351956266,1.5877361885467751
56.812924482292189,-0.90877905689929961,1.4282388343674006
56.626418456302758,-1.1465654439036319,-1.9699721443622171
55.17166498287564,0.43794985133460929,1.8871348703087552
55.490467651726483,1.6943149729892384,1.3431390111370769
56.306461313347981,1.476542329759255,-0.64747964991258022
56.626088483162526,-2.1475131053501419,-0.029149370790883009
55.511584590344015,-1.7476917446587028,0.34350218826583462
56.648485403952662,-1.176456703510161,1.6947862513329217
55.876331790520815,-0.24336183053100433,-1.4708606410297196
56.203638492074887,1.7898605324168573,0.30546295605501583
55.595761851216309,1.5694251375664714,-0.66298831446589845
55.794739573529903,-1.2265680148464606,1.5927720842514377
56.925457489015393,1.3614013866623635,-2.0442644315352494
56.556817649291879,-0.87658956223490692,1.167693948791318
55.997809291929677,-1.76606578217145,-0.32591383051650658
56.121952315401018,0.56127751190589914,-1.3912730549491319
55.484945946958995,-2.5333484628886276,0.40092780640630088
56.397907470902915,1.5984764575292474,-1.1159665197657966
55.915546658811692,-1.5764281811310878,1.0330407643844162
57.093595028226702,-1.5713987891653018,-1.0831101755338517
55.910942412432973,-0.84032625181155296,-1.3469749680656853
55.759493229671989,0.32699183766950063,-1.5245125939388371
56.537573117687629,-1.2359597048491799,-1.1944984738862174
56.533165503614072,-0.50216385988614554,-1.5941813712021478
56.61368766040156,-0.46428349957849024,1.8912984596811449
56.397905828831789,1.680359233508498,-0.30890492076686954
55.618424754614352,1.5654509052592716,-1.4350480590770176
56.843275780952801,0.36871564920583866,1.7328646413123372
57.095280093602632,1.935383838320776,-0.95654866348233647
55.612573212426,-0.24411336071129897,-1.9416016939588419
55.377332047516951,1.1926214617884463,-0.73476398633190054
55.75079072813611,-0.74987855685852178,1.6770356645180682
56.426677533357768,0.35227383712313226,-1.8329306729826733
55.314939869056758,-0.74156304843553278,-1.6820651070158497
55.33567922275877,0.77357395408185403,1.606154565131537
55.806746776410449,1.7024659953952368,0.29348672702130624
55.808442114139645,-1.5874075294361183,0.019361300405864812
56.07497822075149,1.7755459371980489,-0.18062748292368169
55.437197840651173,-1.7964288962299801,-0.16585254283303402
55.463525360490685,2.1268197402675915,0.51406233678461988
55.822982640553505,-1.31026599982298,-1.2882163468615713
55.423787032338481,-1.5947019855148719,0.34396535785519949
56.082173063293546,1.0022058502994569,-2.0004204248103816
56.870876494553642,0.22947328532822739,-1.2848494713546745
55.691145959063888,-0.70545426011016832,2.8420639900279685
57.107822931394217,0.54960733945067841,1.7954155238975478
55.455719373883412,-1.2985443994495633,-1.2318932463330587
56.807499318781623,-1.4553199597853161,0.76223015149933138
55.656349874198803,0.14523285756154194,1.8558815028139797
56.246859176770762,-0.36018845082834228,-2.2572449938297439
56.682011332454799,0.3398001061570583,1.1783650077938146
56.63916324011327,0.53181784808630062,-1.5229775467035773
55.387689195535913,-0.75501921386662529,-1.8910538399095709
57.034591428516933,-1.2513597231327493,-1.0658174819105117
55.787825504740745,0.3501568170844564,1.80892196828686
55.702664278741935,0.49934853550523028,1.4695130610780693
55.295874145944161,-1.3121870189063252,-1.0850594639788771
56.967092772487781,-1.4220734598046356,1.0532233662692605
55.288286260188997,1.3416696006870326,0.4598486431558011
55.920520572187151,1.8591063278237696,0.67021799444314334
56.320065379610064,0.091137040160227584,-2.1071281302794498
55.522890551612882,-1.5907298467599993,-1.0117986802404852
56.930710407387217,-1.3082925148321332,0.71382493154844495
56.2927982276398,2.0576928298505863,-0.17319278594387283
56.98014858886836,-1.3184807052340588,-0.81111727065643324
57.245357604485285,-1.4646657286631055,1.3618836197068773
56.729081458301017,-0.82836884068180727,1.7712293331429456
56.025619291691243,-0.41261916613645822,1.7792476336383503
55.412449960580119,1.3642926692627335,-0.53204140953781709
56.478702224189497,1.3378733351556786,-0.97442293044700523
57.079858862221997,1.8745432236907487,-0.44720638295287796
55.727373701522829,0.14237230062847284,-1.7492528898965123
56.062024250254666,-1.5266397479840748,-0.79811151081559206
55.9973167258362,-0.17168209179354069,1.3245263258512334
55.687341526010975,0.84446960827140227,1.414761248910513
56.936259431045976,1.9709508320601095,0.39795309004822788
56.46833206060942,-1.9581153879273723,0.43663611158349086
57.129789463231205,0.32332581493629403,-1.1385534824126053
57.054937109010019,0.82247144497504765,1.7732030737197846
55.965386636097257,1.3117598823344268,-0.43297100465776783
56.218802241885001,-1.427239668793459,1.3497610495699621
55.841856308108753,0.57093909479556826,2.2129713738238155
56.495665813278244,-1.0273905842740194,1.7305759019748721
56.383299204562853,-0.51192858376820971,-1.1331522784033214
57.085521047709065,0.015578214314575276,1.6452804198543745
56.093305861532073,-0.42552177985674156,-1.5573856132100061
56.393622439213281,-1.593774556916606,-0.37083123809816765
56.500632981957175,-1.6491308083929519,-0.30607875307635085
56.260858338946882,0.61805923940938789,-1.5851562338700231
56.586261225840545,0.52673229305443281,-1.3836429462490054
55.396105528765922,1.6052420191132573,-1.5546229676709005
56.197637187636019,-1.6822641697381802,-0.018627258875942999
56.925808899801261,-0.43389108013209698,-1.5172614800879123
56.949881716883475,-1.5884322937173583,0.30805638775648153
57.046743995065661,-0.81023052219655367,-1.2552229716629311
55.333498477436827,0.90441199518349102,-1.8851874994911848
55.103416917989129,-1.426196499900682,0.62002448266148324
55.332848555197614,-0.85980105225384551,-1.7376145544942423
56.685227412375419,1.7458143155899826,0.26724948169207624
55.674489795422183,2.3193142806739577,-1.0656861964949611
56.017920032657948,-0.043475077768658742,-1.6537307358637696
56.411432539826237,1.4377470891757738,1.0099979193336188
56.096584800003868,1.8656768983989098,0.53366566005794458
56.608497524691799,-0.53056757276916244,1.6415809076389691
56.980348766134718,1.5487554545214395,-0.87316631797157196
55.450462569629359,1.284290664793748,-0.57329537889918636
55.38558946773535,0.61298281759687756,-1.9861382243908841
55.802137156258702,0.24639437137303458,-2.154242015802843
56.252946654622129,1.2750887013259915,-1.2855544896494679
56.42527920273195,-0.79476088285839741,-1.7242142406237655
55.270262160915195,1.7835938592893399,-0.52328033530493645
56.384636285458754,-0.82066168271381446,1.1532091749030673
56.556383532138604,0.82113712508297831,1.7376062283944484
56.15418137392669,0.6880221127056626,-1.4648482589921179
56.469077478179464,1.2851696812183382,1.0830296588062063
55.899979792679197,-1.2078997542089025,0.77906809913692321
56.205695273954625,-0.46072547958464155,-1.5653242233284257
56.154731972797812,-0.34316295175574851,-1.8123827102088355
56.401386630814109,1.2080923512654,-1.0163703532990969
55.795116177538823,-1.3896788839771526,-1.0455618726293492
55.945711178198501,-0.42246483976764115,-1.443943986529574
55.513066976965291,-1.5547418245888933,0.86972426121827473
55.935624044616866,1.215657819617822,1.6387758158044052
55.280396909860364,-0.71676974986859088,-1.4949251849734593
56.698849060184067,-0.82947530108462764,1.577503679691435
55.318690113295617,-0.94115843915807584,-2.2148874669071263
56.992015412338702,-1.7939337256843839,0.51111233438789072
55.2762252093626,-0.073142557389607371,1.4812015374378271
56.527558297021038,1.2360333654776285,0.59950926306439767
55.54142350588036,1.5535465248949056,-0.912430072529264
56.935982511457631,1.8155854924216586,0.69089023652830284
56.096456873281213,1.2945933212803045,-1.019222173214124
56.23518153610668,1.3470623141580418,1.1968775485275764
55.591392995381085,-0.20675015002739738,1.6288677960306661
57.031099321539102,0.97642626725621273,0.84292861646450101
55.318506783402135,0.33156122759509749,1.861722058119196
55.300941166228483,0.23863046112878655,-1.8659787563144221
56.929130524809757,-0.75141124136149873,-1.2468251408862252
57.083228390379979,-0.41764626372483787,1.5116499693038425
55.634901512499134,0.10354559420749679,1.846005149284893
57.127910509310368,1.3021768610706144,0.82325640248476173
56.485064234943863,-0.9607200378201487,-1.6076815629617756
56.014489084208755,1.3284937684040004,1.6563629841953222
55.301695702557204,-0.042785771918351909,2.2852291644414739
55.399821498135971,-0.7533020336204691,-1.8192587171426366
56.894693786056287,1.4578364705361426,-1.2314015546152439
56.411755877876253,-1.3433364768471419,-1.0657563803160668
56.27923204795642,-0.87562803573726211,-1.5862357075515163
55.842091125959705,1.893117499810099,-1.1850964356149731
56.141767122070007,0.32812828701734109,1.4014315867408906
57.192389106523002,-0.61981837729012967,-1.8622730807736239
55.635899268507742,-1.0205047302562844,-1.2621450136325858
55.761888479220772,-1.1131489646187591,-1.4048876054180839
55.476534184267834,1.7290060083387215,0.4518243385838252
55.672734759169501,-0.19059902244200103,-1.4653723679095643
56.094664458852648,0.81395494820157155,-0.69970658439122846
56.020555525065163,1.08580637725583,1.7787180179252275
55.822196444204707,0.19612486911763,2.0402203710029734
56.050143424033855,-1.9801591145967066,0.80492507576507311
55.644094416887917,0.42741417600293985,-1.7993619700872181
55.754089708486113,-1.9157304035224914,-0.43439839720081069
56.049377070325605,-1.8051499968598446,-0.20498495457820218
56.283886555073416,0.9116272580874506,-1.2866069216445857
56.827437247449744,-0.1598187884601949,1.7524886319219684
55.876222155941221,-1.4188090430860507,-0.92852522153035433
57.069596867962595,0.85798168098076821,-1.1119602160025941
56.95508546996367,1.8208405313488463,0.74521933929655959
55.760395926481181,0.22931417664043746,1.572912555621838
55.792636062596145,1.7696268044483403,0.96135734809504503
57.163357884150706,0.27451853377649299,1.6587059781946054
56.11542550826659,0.73837154345469158,1.4522064449610552
55.355123352593246,2.3349222239016467,0.61524020232819154
55.990264325317007,-2.1696962764835703,0.54206263755326689
55.495762573932204,1.647820494666884,-0.64537277056867592
55.359010880790954,-0.53327540335511869,1.9988260529007598
55.847801325417301,0.73308204527559406,1.5687223904766809
56.04473009361265,-0.73578893674484158,1.1244259869693247
55.80129298480739,-1.26129307656044,-0.7297360264010252
57.218422153706086,-1.4111572050778858,-0.54684237302384797
55.262974014680772,-1.1083525620216408,0.98683094755869571
56.020284224827869,0.097380459920473755,-1.937552705199387
56.434340782845517,-1.3869753352883312,0.76710153335946918
56.868379658122421,1.8311289592668358,-0.79618938729687727
56.60928320181867,0.27866657831884201,1.1426810241360805
56.683746337213321,-0.17636627974483071,-1.4552804983438588
56.450762725416396,1.5269296886315569,0.89156618386324116
56.353044792186537,-0.43089719554618133,2.0639524097797315
56.393246753104954,1.3677803810198228,-1.3497787520183913
56.039086808827257,-0.038575236338714861,-1.266197024290256
57.006738933089039,0.43944938916734894,2.0909777842518946
55.764235139927038,-1.8575518093224337,0.61196252639847293
56.311578196865156,0.50530267870321688,-1.837026257619766
56.230963952131688,2.5973695298010679,0.30139220869408545
55.497731207638274,1.3828919811912994,1.4400381507652813
56.167074488724964,-1.8758026953028997,0.18481174149084029
55.580242431977879,0.068221986748819741,-1.558492144060285
55.468109755846598,1.5923304514848058,1.2748269008160689
55.458011869714078,1.3036565580370401,1.30026402371619
56.006620728857953,-1.3123038326080252,-1.0375706498611212
57.164134333129844,-1.5092700351567541,-1.1032248051958138
56.09152523834117,1.117882851258996,1.7050927468810875
57.059062688485909,1.5142113327298434,1.2557605152805758
56.7052236467512,2.0789803907103921,-0.68843003225882404
57.083191624491711,-1.3769998901230447,1.2982784608191196
56.962673041149287,-1.4412329171866789,0.95342842463418565
56.531659990973111,-1.7675805980054797,0.39463211701693401
56.166915971648329,0.07885844630124797,1.7092624205023137
56.875206720402538,0.19962176351883262,1.9197777213643714
56.423557166057051,0.91802960937290645,-1.5388164848455093
56.601780289382035,-0.95739719050621541,-1.5153548342364345
57.004237734904862,0.77732623918919941,1.4125957396063742
56.775014019688115,0.12703810861725603,-1.5634081586066044
56.473089424484037,-1.1331238997584527,-0.54666027080007706
57.036285783744972,0.23127446991374584,-1.7457267246168717
55.552138045882003,0.42292000894991516,-1.098479146674179
56.013049091631359,1.5372771900187767,0.94634774153290524
55.701369015941616,-0.28221281365792206,-1.193231249809048
55.813388892094245,0.022262939590976739,1.7255499893664079
55.9903763613111,-0.23081127364865817,1.7893247062031645
55.903675633182871,-1.6960318286921108,-0.50379293304676165
55.439337658851123,0.071915374263295653,-1.7275173787083642
55.490134844176389,0.91167187307308684,1.6452459506720953
55.926273840489323,-0.77100637135425154,1.5001591194971777
55.830413763904403,-1.4934076503542324,0.030009863282721594
57.105186108725981,-0.34168061500905694,-1.5045016446510264
55.409345263334657,0.71850856804428043,1.7533501914407146
55.139934078356269,-0.25300231077712781,2.1532128429535002
55.355458593732173,1.080096926727196,0.91284182022311244
56.004979227472838,-1.0646849003365708,-1.0149244515212412
57.045930224426328,0.87381662024253126,-1.3204619526451902
56.920957412746908,-1.3549692206830839,-1.2526486351596364
56.354166649397101,-1.6774663727015462,0.33149263791335026
56.826775541251472,-0.26371901389666685,1.5207377013862033
55.040345400563268,-2.1704481232202917,-6.9626917410704481
56.781432101676721,-1.0546661208745411,-1.1239821347034107
56.586959311015974,1.8090003200574123,0.075980562597993573
56.468366346219462,-1.2454797921537115,0.72067025865277434
56.723475546988752,1.6652428710394001,-0.65174912946068309
55.555793277622875,-0.26262474535632074,-2.3630926825458158
55.795998862353095,0.95923508419435821,-1.1483274040996492
56.174351838052829,1.3770977261973851,-0.91408753086142047
55.63339432242811,1.0504450787059856,1.8232552061459564
56.263791238312891,-1.7569551141775872,0.099975135051196512
57.067950651911872,1.417348418104414,0.71834628035554593
56.703145792976592,1.5241906375297558,0.94302334491358997
56.87978505207753,1.4160180798825954,0.69372334795664903
55.994016989081004,-1.333633641336335,-0.97274050230844589
56.848510538592414,-2.1290560651074824,-0.18523724892507332
56.044706943091441,1.6310452134217308,-0.13757593359138007
56.058541682563728,-2.0729796872005464,0.41964441502615502
56.013176424859523,1.4642306200084378,1.7021630015735443
55.630304681712786,-0.67843602813238502,1.630518780355261
56.537292913319611,1.0450645426452227,-1.1864810366454928
56.625655868096018,0.58829004085015058,-1.4167506338230564
55.580955903308542,-0.71711238796796406,1.3961943352030719
56.179582582257616,0.10329332962960321,-1.9334537561261156
56.029436168684136,0.26878046996744842,-1.9137475389873615
56.715335160496934,-1.9507796793811949,-0.12673414290038398
55.900842133186288,-1.5445904087872429,-0.72631032875473001
55.511554682551122,-1.6898466779111418,-0.1200989971980542
55.944130497497518,0.95049724468956831,1.0568599295321248
55.752422278872892,-1.2797498390297866,1.3600038783887725
56.070061928514775,-1.3763766582428925,0.92518355271346342
56.361809477504202,-0.42770102065114929,1.2877222262275645
56.500657503672933,-1.7775148095194624,-0.49132458721683692
56.44882249620607,-0.14788263322852049,-1.6037602082277291
56.31775714065045,1.1099807580453698,0.96032338541001505
56.607064940959134,-1.473539638429739,-1.0655478738715281
56.825414752889039,1.3299020506845651,-1.0936120627350101
56.799106015324284,-1.4280689642726068,1.6141683176283939
57.175599484512084,1.2627330967650825,-1.1643232785965265
55.91113731981617,1.1031366995902361,-1.3389237132486906
55.70379969109603,0.094108224099706178,-1.6822522715343673
56.840114790366151,0.027506786060544536,-2.1102554255033268
55.515562033168756,-1.1405286126682028,-0.65131218989502671
55.362973750466104,-0.3635772823866546,1.6931540110808569
56.372237023863057,0.4945476778748808,-1.803936281741616
56.808791422775997,0.8085993672506594,-1.2020303615554786
57.079995358441685,-1.6507345655541179,0.36204617889925272
55.928218029514916,-1.6993955602601989,0.10371719163816431
56.810904749363651,-1.1841816307717397,1.1146684627036156
55.714763442729712,-1.5429690316884992,-0.10394829619433582
57.069674156878442,-1.3674442805481541,-0.9285577003284996
56.260203387769209,-1.3214876363168104,1.389153584092055
56.047016206342931,-1.6880941918570334,0.33515289238604035
56.190516953387288,-1.3661770884561479,1.2025657937805627
55.567618009145832,1.4477897042262262,0.048070487973343075
56.781284717221055,-1.8701242881053937,-0.54735814341191824
56.635688966371596,0.16223572648704276,-1.7418694494974465
56.186021473190998,-0.58742941448549069,-1.9135548411170691
55.243424751273047,-1.1510037774032715,1.9839151773140209
55.349874968010937,-0.22792096339679058,-1.888578492857107
55.392566397568608,1.6252601594489655,0.52183102220907651
55.394297073113464,-1.3183114209408218,-1.3359687612896214
55.991095310573975,1.9044419958564307,-0.4175407151809481
55.559383976058861,0.14357272440338187,-2.0504787552155643
55.531347912294301,0.61646556235243977,-1.6454338990540573
55.212619431482885,-1.055698368021954,0.9680801697265855
55.274409730404521,-0.28008867888436167,-1.7578010981557157
55.480425145942959,-0.026710904971597751,1.8871404091655064
56.015100059035539,1.3687548569103225,0.87486829653938225
56.940803651450636,1.1265184216658564,-0.86749566548534551
56.149577684569273,2.1255282923719858,-0.27543115919837119
55.792787916793721,1.2057859940708031,1.1777190501656016
55.775304327356132,-0.14593493351046688,1.5308075089421387
56.517795619822991,-1.2723427214005643,-0.89098824103200081
56.235803701355451,1.001170622634471,-1.0395064016606401
55.261045811292419,-0.20616750386325713,-1.6969893790399271
56.459577245882535,-1.1949487780623276,1.7820057093584556
55.773702597772228,-2.1783653587627727,-0.5480493612918762
57.032545409051579,0.78994776071281447,2.004189760991625
55.695662531765329,-1.4172445343230848,-0.99891699482650109
55.294510045135688,0.037137110546293504,2.0509646509566166
56.155982067435588,-0.56015128199984165,1.934409711945217
55.919246113321513,-1.1638413323565493,-1.5794438233877863
56.134466565520917,-1.8426917705592833,-0.50001979026524634
56.010247698259448,-0.48635305163284404,-1.8655867514278268
56.984820907023803,0.80580899674331408,-1.6819167850725367
55.627123406558894,-1.7362375169740143,3.1246503601300013
56.958652154132167,-0.28647310420805394,1.544664041011228
56.906492259818208,1.5402631436896035,1.1650531797054235
55.670153713575438,-0.38779670880801725,2.362739042567902
55.325313875723047,1.1907771134980789,-1.3338739254587539
56.694983340342866,-1.9570197598836143,0.14492674375155257
56.417934815887897,-1.6752583355712376,-1.4440849645842095
57.242805537485985,1.8848283422074572,-1.7887415558494884
55.746461086852719,1.6904277515053034,0.1867055402116066
55.315746353938586,1.236152263378764,-1.5355590842755182
56.007217230595309,-0.8937589293235032,-2.0183370885355445
55.722188742986219,1.2391148032339716,2.1669087192737067
57.053906971038828,1.0752961202723588,-1.4632609782657156
56.81742369979407,-1.9752999981115154,0.75633611733738781
55.815958954031743,-2.1543723952178722,-0.056071285665721393
55.761517825675114,0.090858338183229789,-2.2132102067429242
56.843586690056298,-1.6542409345237103,0.04066457093874503
56.44104170864798,-0.62689225759771972,1.346925696294879
56.683208016184643,0.27628593794319029,-2.0672438005858602
56.67308429677783,1.0598151420352759,-1.5683060172855268
55.711424005037699,-0.204379012585822,1.7234626952448657
55.569475112727396,1.9971091203122886,-1.2843883796221185
55.800155806703458,-1.2174685252305424,-1.0530149414805616
56.747946800668053,-1.3022457062103758,-0.75777961182401965
55.557804730511918,1.7964907374922001,1.1022538753879307
56.592801642015203,1.3804289905834899,-1.253000371778451
55.79886947976803,1.6398838387194663,0.30688980779740965
55.770482360683253,1.1202869323629721,-1.229964799562776
57.043027526843794,-1.445420401614032,-0.7770997526522323
55.39664990695367,-1.4192447828491639,-1.4412637255829692
57.051754021946564,0.47935295518982207,1.6823175388245299
56.473806738536254,1.493897688889664,-0.2630523018911981
56.059508327646306,1.333903116189407,0.63754449235748611
56.612006239924455,-1.2819862985067805,-0.94013362146799695
55.39125445269157,0.18749462993730726,2.2744444113712916
55.597384248804971,1.2846873292534942,-1.5225720482551319
55.839843793040885,0.44838987177126871,-1.982218564036327
56.841808656545808,1.048096235851963,1.0561249813807019
55.411717683020612,1.4679208781642199,1.387322690544853
55.95765887973667,1.0621863720646583,1.4577738979771728
57.055633698003291,1.4613987530749968,-1.1544888412534655
55.429647362865104,0.27905331988226301,1.8643673323581047
56.043279635572809,-0.77729623392173253,-1.5039841090479575
56.145443561084079,-1.2745085477676716,-1.4470794796967885
55.668482361229039,0.63864540124421598,1.8614421361282634
56.960186353340184,1.7174664823079138,0.66599822808415732
55.386062000346513,0.8885193133439736,-1.8093304804457488
56.531946461961972,0.18927840887007233,-1.5045480187960383
55.278720282767239,-0.38253271476861322,1.8883256317893833
57.042326486486338,0.84646364699553212,1.9676083095051955
56.774357580695067,0.7780861080725443,-1.5485955533005362
55.160722726453173,-1.1114358454970488,-1.1858403348607394
57.060701972635108,-1.2621232835814544,-1.0200587840736848
56.99685961823937,0.4385910726851116,1.9500662550535681
56.884916253139721,0.30215961008986814,1.4859743048103098
56.989121857922328,-1.8835228477797905,0.062956491386539262
55.659401871029644,2.0618952442756533,-0.072699014199045162
56.677608489056901,-1.1793783146396595,-0.69586209218852424
56.092563211708992,-0.86268560163491459,1.540372942071476
56.896793148353396,-0.3974209571218052,1.7438822031014929
57.097991769305288,2.2187489228014701,-0.48457593636854635
55.615139235196601,-1.3200518415400204,0.63271725166566828
56.283683217244899,-1.4172250846851862,-0.70820588769582005
56.890073695382604,0.90910734854396047,-1.6126624940795318
55.877757736558522,-1.9383524375028605,-0.83562790822197763
56.751726693017545,-0.9089237955864703,1.7508414967969166
56.395966110605301,-1.4240287564987193,-0.99309969694814371
55.694358001029933,-1.7088800982914876,0.96441200454254916
56.08208148210872,1.4314253543457325,-0.46210344810861742
56.635673639353783,0.72208302718015971,-1.0850138422952746
56.573651872139713,1.3732488598951909,1.6225983657053931
57.063729679303329,-1.5143273373523083,-0.25304693074682511
56.031347449866722,0.085845895900211799,2.1563295261513566
56.518974930589309,0.63041304081855398,1.2417683359824716
56.401711393266289,1.2645717309428701,1.4252301071496503
55.847861023143281,-0.24810538203116358,-1.5420633987180459
55.332654857744799,-0.98596631434637982,1.8627816903956413
56.627648746366994,0.50223626224187978,-1.690288074159171
56.169077991892919,-1.5485366871438848,-0.97618980781360654
56.7552492848328,-0.58212008386939562,-1.9634408392685356
56.983771460341707,-1.3614124061033246,-0.87087913840018549
56.385588385395053,-0.7946666320821929,-1.6226541844602265
56.245514795842155,-0.56577521264223207,-1.3743302862010882
57.116470279835731,1.9409559802332965,0.28561944353180857
55.827124596717951,-1.3913996460488975,0.96625271097095988
56.874514232965126,0.65772509395976275,1.7786702386582871
56.493634163470695,1.61566470316861,-0.045343911345559804
56.22249907101277,-0.88793238171079314,1.1759996665994328
56.478865940882869,1.2947651730530381,1.2463497911359238
56.413832341683424,0.96625441011572932,1.5460047028968242
55.574691202902287,0.026950434207759961,1.74026092410777
56.545872082657809,1.7481790282544876,0.33267301131676641
57.025360951175642,1.259694724891177,-1.3889192214812556
55.422329279930949,-1.3907672565083202,-0.46663318610956389
56.168133728038882,-1.1743202300525999,1.6716670137688148
56.936878024601647,0.67408419639778061,-1.5523970959294731
56.103973186405419,-1.3033418271570534,-1.0129315204818279
55.853276535796212,-1.8801376949182627,0.96950302051858706
56.795392000275164,0.32371431012502011,-1.9253936885403942
56.138586340523219,1.617342722801554,-0.94079243848621685
56.410451021396831,-1.4405856897716531,-0.60589512930667166
56.88580368129665,1.656317224841777,0.16727122675372338
55.480685846325407,-0.60379634898531309,0.79328568613505845
56.473937649813067,1.1193833194972773,1.2901441651283765
54.986297051980273,4.5764541770216089,3.324019729392234
56.168797686523497,1.8136715365438387,-0.19626923983367445
55.765303322354811,-0.10261044806150438,-1.900518300116774
57.016398818745692,0.1726414460515181,1.9907189706564248
56.239297971064175,1.6870701549712834,-1.2604704988462758
55.264017728182772,-1.8266399833653924,1.3754025616232388
57.115758129781085,-0.7400110423701709,1.2716514802639427
55.513246390448423,-1.1749942773909212,-1.3935883980802573
55.395267540756826,1.9468746635230105,0.59132650248471463
56.584278121551165,-1.7135281861755658,0.49364906859581803
55.997648066623327,0.87797335652306885,-1.687135905322859
55.360109282057444,-0.8906586503822036,1.7500400929585933
56.922180501076276,2.0244090501396381,0.68446808117644031
56.531841408848685,0.095568624575283895,1.7508214085285996
55.113471896794273,-1.2369140133422274,-0.74750348267622635
55.317365154412379,1.2415842772287105,0.61861859759878157
55.838340768995629,0.99890811645524036,-0.99820669757272118
56.315019746712359,1.7217715033748437,0.032885893729704178
55.917244731409646,-1.1660843559893135,0.66138488776748161
56.074838789382625,-0.70372998699348654,1.7709900418692717
56.354543939672823,0.71501357693875456,-2.0897735406120228
56.990456451458222,0.02456057833183518,-1.8403444958421475
56.962386306502026,1.417263418223343,0.89464444389433595
55.347430515743874,1.9100967815625618,-0.80572762088622585
55.427775826619445,-0.99751703547150816,1.2814017652311127
56.837105191850014,0.49831056400848683,-1.6289676438165903
56.182877092762709,1.9795662108429706,0.46171465733167716
56.135535638947694,-1.2592894884990975,1.0527010212910746
56.867845991239072,1.6320511024110562,0.55344406837725635
56.418134421557916,1.6812194009302313,0.70141074121737779
56.519073392533848,-0.21786716348615193,1.3014624663865362
56.546076426164461,-0.98294762839833349,-1.3989136572439291
55.465802722855791,-1.7018746888569647,0.37365010892039469
55.482871310753112,-1.3000095402476968,0.60243641391405656
56.855253412466048,-1.2080698806843619,1.3078050673928672
57.047582823063223,-0.31760037322654933,2.0420088825472185
56.932219559828212,-1.2581006829843862,-1.6572957287121486
56.402671652920205,0.75724039437565316,-1.6858488174609747
56.447879094433425,-1.7661376224696115,-0.078328483717245129
55.435326224732755,2.0556497256619961,0.63405160774360148
56.905992637642044,1.1983117941481256,-0.57235397996627868
55.992787060846581,-0.69863857550447406,1.6138987298827301
56.586128709097487,1.1817011194625497,-0.3839078956061443
55.445900847175587,0.41452455608308086,-1.6603519133012332
56.558867871868124,-1.4694163993237961,-0.47739450041390158
55.097045395148058,-0.80904132984374588,1.9182990753530385
55.195239288895557,1.5153731112305562,-0.14785038682607554
55.692295999211048,0.74241677276035611,1.546914165735177
56.407667013084193,-0.20439053805864055,1.7390597048205989
55.256889930346496,-0.48181642543511422,2.0163784472423543
56.298521140498465,-1.536696210434203,0.66229472577180348
56.704553622538434,0.1573131578592416,1.5257308129835305
56.435934965667428,1.239246284089033,1.1987622974470877
57.026076279654163,-1.3532542016634568,-1.0967712129911871
56.597884771482057,-1.1962840218108859,0.90838175681577915
55.495672545165569,-1.1778074748698328,-1.2216763746907986
55.313983316837835,1.4633645009692609,-0.54240862442452054
56.260952959686144,0.81033478799448677,-1.6167940865177315
55.47473355932803,1.3081596984796302,-1.229412154179045
55.626444849094447,-1.2916034213650691,-1.5243071862802791
57.145208845243815,-1.6296664566126426,0.056267249329932309
56.120332348939726,-0.65517268932744899,0.13638445744722644
55.805042315077472,1.587695651071481,-0.44922556545806808
56.209021532390906,1.5894918816074788,1.0682088709125073
56.267676127671983,-0.98756331528447572,1.5013494112983434
56.687044379456992,1.3669253334725753,1.243641387730027
56.803300581223304,-1.1840728658835824,-0.70630636980788053
56.763734806701201,-0.76950188312225476,-1.37992748214201
56.823064874172275,1.7379647064972084,0.25605138392553001
55.907948899127732,1.7033171409601193,-0.43695471940679276
56.561489659296647,-1.6402928146383691,-0.087371992769661969
56.07476672180016,1.177540972969894,1.3222560013254061
56.9503785044881,0.61904745105751091,-1.7357578286871764
55.179331936740148,1.3833776853270747,0.81944454328486449
56.511857746375384,1.1237283410678689,1.4873534291242874
55.376952181172662,1.1380555592449257,-1.2069828047888043
55.512281605459691,0.23337099623944149,-2.0113365496808102
55.423982657427942,1.5620034821098665,-0.1877882200630564
55.412305028248312,1.2041246342111858,-0.82112679180399961
55.395512629304982,-0.46359232897169211,-2.0314366332332279
56.284477961634167,-0.62647042086460569,1.5968897439901535
57.080658004310919,0.92679297382823511,1.6043925090894888
56.061667878722176,1.330142212468616,-0.90430578014818408
56.85102260323066,-0.1639541390709118,-1.7503332495532058
55.803240083089854,0.62920734471046125,-1.6486825519311694
56.309091907197008,1.1039636480690269,-0.72852145324826856
56.905185681373446,-1.5265363307529067,-0.9678189068851839
55.288915499807125,0.38880281729466115,-1.8104104323210566
56.878145157762134,0.31409268810193658,1.1975554159146784
55.54206159159753,1.8514283189261149,-0.038283882143676957
55.541523165287614,1.8161715681244028,0.81251763902026541
56.168793292430045,-0.74801479664263015,-1.8499267444654346
56.322146399754288,-1.3709939093429846,0.61896647620216283
56.080880065932362,1.4575848588427471,1.44513102140185
55.847678799642146,1.9032777599697832,-0.82030671935311161
55.573862662142275,-1.6369719302224082,1.1329615090655556
57.095467892133222,1.0814522534484485,1.1997617625275292
56.913693899308782,-1.4369220888817904,1.2840280890939064
55.448185584899136,1.9838930397194112,-0.85949064701821709
56.047249826955316,1.4753878875919577,0.60568244587762377
55.583702122030495,1.8375593647379247,-0.17887500707400236
56.991888448574848,1.4753714022424804,-1.2276780781628467
55.346640732838132,-1.2912523424472773,1.6512410890963216
55.337962113085098,1.3940980060034889,0.58647904290152209
56.181384182049342,-1.7763479196514473,0.2672411733636143
55.296810857527788,-1.388312085912021,-1.8502128524523511
55.192646798115099,-1.8303795512862688,1.3381179063350319
55.952393016912957,0.52864621180925209,1.6998778249051361
56.209521053965958,-1.3936061906580004,-1.5099974750842171
55.628069031273036,-0.41503628589010116,1.4457257318339065
55.434449996349308,2.0439808608017183,0.046376871023416998
55.86286741298597,1.595321593834264,0.10396100901759869
56.270696196072251,1.6207215687934824,-0.66791706035881016
55.875136899248901,0.08781050178790592,2.3502287221556721
56.012452017906313,-1.5866523415085769,-0.69055964759062505
55.32652460812114,-0.60243901708747538,1.8689583985629254
57.09687708438134,0.0022823702805735806,-1.5619852968878607
56.609000913297535,-1.6393097300138766,-1.172905349654819
56.678694282257283,-0.89362708589861006,-1.446230162679822
55.388362389387908,-1.5061121948161198,1.1288522068293583
56.349294384041663,-1.3213796530514799,-1.3002420531118268
56.318902971327802,-2.0502676568946048,-0.61685706244493188
55.967355634364125,-0.98105404158676079,-1.3033132610604139
56.558168833806782,0.091137981678899707,-2.2742392718118309
56.779696234971389,-2.0768032525169602,0.92988618207077889
56.144152490695895,0.16862939725618509,-1.4345270059284569
56.29025354256099,2.0051630732857202,0.075552336192088662
56.532156720586293,0.88612105833184351,-1.360682924360419
56.531830704931828,1.239494929226957,0.60750787566272502
56.154974679313945,-1.8441906497360399,0.39684507614629472
57.039935651441894,-0.71789082577162411,-1.5779432894731094
57.019095521671382,0.66181670209309584,-1.4497010247426148
56.106831397813025,-1.3739369749996049,1.4783815369952271
55.155340076836637,0.6217591722136,-1.826256689611357
56.673554066581666,-1.5637838331473617,-1.218754140304213
57.105469548493012,-1.6437338540778108,-1.5155435409017026
55.900491008679886,-1.7232985775812366,0.23667134352394148
55.76186974298983,0.38008537583153001,-1.9334789898299856
55.435403947757976,1.8332318103428924,-0.68247726467305125
55.165008822700827,-0.74927808728049894,1.5231603195741994
55.762816898825271,1.6393134638307618,0.95112301574549496
55.559415253350025,1.6049977506421105,0.44962807773375962
55.291010363670161,1.0158914464323836,1.2807507140659611
55.477710593914708,-0.35425804237569364,-1.8018819840258249
56.603004626848595,0.2005777021911738,-1.7203044199500415
55.863458966675886,1.4380992135175812,-1.1684380219217974
56.520777389650185,-1.7826912484186543,0.69030111125588722
55.518066996284411,1.6227611991620992,1.0870224109468165
57.01743143025832,-1.5615419576862832,-1.0853647663871195
56.306611369693641,1.7454664255231767,0.1357703990486149
56.14270464129833,1.8693872463051522,-0.75180621911842793
55.68143317321821,0.72530962478609917,-1.5709129956209484
56.267873242652932,1.2312292423194586,-1.0589541829900138
55.454799559948441,1.7148461432280895,0.95147588319616183
55.952902837736943,-1.6971521602461654,-0.092169481236189926
56.643057838449899,1.5549803155467408,-0.4091818889241412
56.406418008005375,0.88905406434451895,-1.0229185470216837
55.408110818744909,-1.8650715327097429,0.87075512287412449
56.790710978349367,0.64625950399083931,0.92795476555453826
55.296487256964305,1.3728334420896298,-0.92218165296709032
56.347162400822008,0.24232872741895939,-1.6649615095201353
56.720040660932995,-1.4818026562093283,0.47231629419533749
55.883119774988565,1.4088159284769064,-1.0854254397868686
55.436533860968083,-0.85184802733869824,1.7940843182744275
56.79034253704112,-1.7596508266291451,1.2631809049401939
55.940426892367896,-1.4282847031559796,0.75322402494353313
57.189286119990186,0.81096320374623898,-1.7120155902153851
57.176485118599288,-0.23592623515234815,-1.6800422272622466
55.237709996573138,-1.0676708151824268,-1.5529228905114534
55.501294672300148,-0.94843657993156816,0.90534211199765346
56.198920369290278,1.7146922413764547,0.040101786767977793
56.721574508955449,2.0250799040014069,-0.73735698301699226
55.533910869800856,-0.097515875566527882,-2.1005601876179774
57.077122020705509,-0.72666573766828391,-1.7427925197572416
56.719311372794252,2.0198903125183154,0.30869932300131447
56.258614493367659,1.229848930399515,-0.54870753318838827
55.182216796432002,-1.5572499118527678,-0.16358277832701509
56.40790122664486,-1.5484580708108959,0.41489607727299455
56.487624295297039,1.5120030083733083,-0.36151756355971604
56.892831882516923,1.2339361200484851,-1.4236821370550279
56.603687267765615,-1.9080263211408506,-0.018416878811761215
55.845408229626671,-0.17277048132984008,-1.395627752801305
56.642537640831712,-1.4200499066855528,-0.18762009778945185
55.793592478898717,1.0249464492068394,-1.6057807657856336
56.801543555429866,-1.5513838951952987,-1.2082189606331286
56.829432835693652,0.25513028624157247,1.5413990307064438
57.215449954618414,0.4680331412626676,-1.5722643196062889
56.128908976959259,-1.3605953483115438,-0.8392990326163301
56.473935855940731,1.4257677011640399,-1.1845375887546994
57.055763133534484,-0.81871635995847758,-1.5966001794453621
55.625069384842298,0.15430355037942334,1.2460188240013192
55.936867059807028,0.43377778982094195,1.8719388728171158
56.816133725918455,0.86458085728130507,0.89948575384137186
55.428313515577393,-0.54105509037239918,1.8626729693265729
56.975911354037969,1.3139217866519772,0.48194249725987132
56.172395726712537,1.6608331701391434,-0.068507929533657627
55.995750166408691,1.310424063275835,-1.0650143239466809
56.390898468593775,-0.70894791595061524,1.7114453090179671
56.446992810308032,-1.6045318061644227,1.1672155728786791
56.949292333594386,0.82502900811400126,-1.6787963986156333
55.645288046014748,-1.8792141906240747,-0.46635252068269978
55.73478358253498,-0.044693343172437242,2.0626909361937691
56.85163932044243,0.55445733364248784,1.530033876845196
55.718369234463395,-1.4551075566571947,-0.26168988620597666
57.011219922560713,1.1947161857861377,-1.409845206285852
56.232692718501731,0.047778543596789742,1.7722357035246057
56.655896603500395,-1.4712016241394503,0.63419276966369009
55.990831151493808,-1.6242667897046694,-0.32774850018127405
57.013987270277902,-0.26239098285360568,-1.5789093530490101
55.209741689609167,-0.72336524477654796,-1.6043632288841101
56.339811802140055,1.9398397792588535,-0.38830369249024732
56.729479883187501,1.6390950539621272,-0.64821271656682833
56.151474340219444,1.5721440742380213,0.58556007287290479
55.376352379256041,-0.10584374043500674,-1.9940756922264473
56.119560996404267,-1.8351797162258694,1.2503951399519535
56.846746969317536,0.29261584498240029,-1.3288507244203092
55.277686927410393,1.2170463747032825,0.23687222360119417
55.616687298355515,1.0704129036105137,1.2851811446877695
56.048852319718996,-1.2381839008182041,-1.2961613090421182
56.319315614847845,-0.40523839838394848,1.4110827854325951
55.935217758283962,-1.8575092876146282,0.1518805083476599
56.053804579828864,-1.5667547281900669,1.0651740863356398
55.524526593468941,-1.7964330604212251,0.087014732948420825
56.060232951459319,-1.6515153226756742,0.52730361684331983
56.07982543199288,1.4441164202098307,0.69531357639985791
56.471275354563389,-0.18153707786418768,-1.6584242295018812
56.791480104027954,-0.54635728150241747,1.7834858913416962
56.461046377711007,0.51637698824541545,0.75706374429723933
57.06733508037118,-0.70046743238560072,1.3592828976639117
56.608516263728546,-0.15279930359147689,-1.5215712659215535
55.470514408248626,1.5114433245727703,0.62428277941622812
55.334650883018213,-1.7413192961507891,-1.0806792924893849
56.791527650437715,-1.4295098658820586,1.4293785609062564
56.289051091209664,0.0031976139991674243,-1.7196379385435796
56.995046751176154,1.7721994359721247,-0.53588825877913171
56.9348344531763,-1.3779595911252971,0.76775546966993147
56.814082677954069,-1.1866129370948426,0.97538703111003899
56.025615956191629,-1.3738078191348289,0.86310645803603314
56.958649608339329,1.7053146820239438,-0.10576900006284914
56.116090343910194,1.6603729535242211,-0.82457878163713438
55.637416881809983,1.7731972745330691,-0.97224491712623129
56.216176873148576,0.82359990240397463,-1.1467904002625173
55.606138014706623,0.09531034418579655,1.526003715364683
55.590293975307837,1.5169402377613022,0.89192188155421193
55.902241451697456,0.81453974501860893,1.3369869206864387
57.101183142204441,0.82600905404143687,1.6423515855016311
55.266220717227689,0.55560562779227196,1.3757945872529387
55.790711400787508,-1.4657061740541921,-0.056955659483199028
57.014200393279772,-1.52307197179565,-1.131171653550811
55.064244519709739,0.47467567650044312,0.58881084795164185
56.298411090059801,1.027732703477259,-1.0580859590872593
55.519280230070343,0.38521241882144835,-1.2220769625448265
55.609140819454723,2.2041546371431342,-1.145572980988584
55.904858342001596,1.2107370971457707,-1.3434990338755977
55.943357702097252,1.5460403327348788,-0.040238015053939438
56.117297446561651,-1.251962324517752,-1.0176385040590743
56.224243623857127,0.9007635828384295,-0.19588160520969961
56.347807765527989,1.6709461480451153,0.31139499128745657
55.951101999468854,1.1580284496717628,-1.4253982794761577
55.430392560434534,1.108271224930186,-1.5403565019331558
56.477306718454074,2.1132250732227749,-0.63220829502830778
56.528499006275183,-1.1619298823076742,-1.2258369017592115
56.351418060092463,1.6193715273163387,-0.51586229000074968
55.193443597818344,-1.2625176829016369,1.3747000545292987
55.892907378704912,1.2070137278656186,-0.98658946223670485
55.285647040726424,-1.2994401185054556,-1.2517970480048382
56.532972648283796,0.77326571133864808,1.7417320418598423
57.187396358181246,-1.6435206409248244,0.38074877216799108
56.888075006358754,-0.21595144342311617,1.5692315170977851
56.489356953082115,1.5782112881690329,0.2075621003262666
55.459368283814712,0.80617342451352036,1.2319301674523238
57.073544911793519,1.6046016977647117,1.199739701596455
57.106834631100114,-1.364636575964584,1.2855423268886841
56.815652807331567,1.8833385426286462,-0.97885144185226358
55.80374502977665,2.0627151194712123,0.78378113810517425
56.807180071639664,-1.3094704719448138,1.0963343243132195
56.536654656245069,-1.2666172639662803,-1.3304924595942627
55.913019119607391,-1.0914462941449092,-2.4005873579737043
56.025150729152045,0.45382110718966673,-1.4454165367902234
55.328293531446299,1.5468311427446704,-0.61657560389213906
56.030418403123328,1.8757862853786853,0.93263641954514287
56.111891655833745,2.2250523206838349,0.95013494305093371
57.103323829686715,1.1790189472804171,-1.2349968571649703
55.48038816601246,-0.024299215365134328,1.8668820644969519
56.418082347732337,-0.90146133330991485,1.4276168566664804
55.439281182918464,0.34592854032540066,-1.0976111832599735
55.19673275433685,0.46056713823012102,2.0099985834259604
57.002928732847778,-0.12999111189432566,1.77712732269516
55.307875878365834,-2.0720713856462725,0.8356383085782968
57.064557994574649,-0.97429475387418973,1.5461276098887842
56.692821644540402,0.55005514622482254,1.9583981686439527
55.833853523896856,0.95019083136073723,1.3844598534659827
55.603645684312099,-1.1679154132019085,-1.2427714741189961
56.376112107531313,1.3676339913018583,0.73151664913199976
56.827859285345703,-1.8460833057925026,1.1217674434626503
56.537983824583527,-1.0743648638130183,0.11400072931684779
55.936002197420294,-1.6577731996322909,-0.56623501379669183
55.745451631988992,0.14356663520748847,1.942141152657098
57.14633439351168,1.7295011353067302,-0.28710240839794154
56.420616124094515,-0.24641064686175843,1.6524935375530936
55.928650920052952,-1.810453697987541,0.19592146859416343
57.008502979943366,-1.6272569499462313,-0.078063160111845845
56.892529665306427,-1.6871643607994218,0.23926592581422571
56.062906996811336,-0.82380249927576354,-0.7042411376922133
55.251910209193291,0.98950358368428992,-1.1029290199479278
55.434582350570395,-0.48492613972638665,2.0899889067084834
55.370761881662382,-1.4651873887066729,0.12344376966918764
56.807147600907335,0.42257784553069977,-1.7554949388449677
56.950269188512124,-1.6347429661984458,0.74626118005885056
55.752828529148424,0.96272917766823463,-1.428127138164081
56.421681905210455,1.7197651649582071,0.030093782124205316
55.486335009110846,-1.1342977857684664,-0.499611803357498
55.539890902196383,1.56213830465822,-0.61602389928315204
55.795684829130835,1.7372979227672867,0.23775589289210117
55.819024178397569,-1.3467122401883993,-1.1084126162493788
55.710163328752685,1.4075418306580336,1.3694913239778896
55.368383181937389,1.8016457509867465,-0.23039457490954734
56.311625433330562,0.14015698786983147,1.9575819929081564
56.087630298131195,-1.6031890143120222,-0.015076506169605328
56.311425446379673,1.8296816810825975,-0.44492341294676657
56.186319495131933,-1.3570319318271522,-0.7960875991420342
55.383707629223352,1.9758233705702601,-0.25788050570784854
55.695051412606766,1.704447775185711,0.55434271027336002
55.646533748115971,0.4797304755686943,1.7708832549719531
55.242651952009979,-1.3840515666509881,-0.11420315725328609
56.115657512830467,-1.0998138954479282,0.66653184972794943
56.720800918758982,0.40408025084506477,1.624317083767834
56.73964577134997,-1.9605689846344674,-0.26293039570715776
56.209398441697857,-0.74148555029649921,1.7667575357453214
55.589776054841657,1.6730767284725945,-0.40613910291785438
55.61075629048063,0.79656473878445755,-1.5824364795627774
56.179453874797865,-0.39249161709627706,-2.1261193993957654
56.695902400048183,1.7249123536554911,0.78039123523365506
55.842663882618368,-1.32185632443623,1.0329492364883304
55.330904995259033,1.0905140970604774,0.98196435894458267
56.457349384546269,-0.56956045357385088,1.6784117263983187
55.71863161181939,-0.27752776313983035,1.9420877058762753
55.978796517223202,2.0033088859771473,-1.3781568850593062
55.719325850385744,-0.5209868162253718,1.7897579579874832
55.391383915638848,0.8058149869673602,1.433156932451225
56.038228287012451,1.4945245124569333,-0.63199058067024494
55.763557258670595,-0.4981992039952266,1.3428504820844407
56.136140497310222,-1.5057799140132926,1.1471080271819865
56.118316788525583,0.11321133026714221,1.7582780993706077
55.437025417073201,-1.6912807224214514,-0.79339526831057583
55.798114378773832,1.7834874522593422,-0.090400347737597767
55.994609260796679,-0.8255575266702907,-1.1101721854720119
55.599505104550609,0.054804880291456144,-1.86900788067407
55.877765716243232,0.66536888624676027,1.3791358235794431
55.791473958277329,1.3136288957137652,-0.77082255577062231
56.730859440831615,-1.8537475961913055,-1.1770958005683998
56.97743606396466,-1.1414491461562954,-0.87841712224160262
56.228893839796868,-1.3947259599651503,0.61050341946457543
56.254726824049861,-0.34971382018168018,0.98126058478736655
56.988549195833713,-1.7306979901417894,-0.45772065725433803
56.12822737882896,-1.8719754132330524,-1.3805791532495082
56.542611798888032,1.2806981079495212,0.56248560653145385
55.972306946572871,-0.4351459479021913,-1.881504547290352
57.080730154379374,1.6815135031055053,-0.42804470760516461
56.516944235332396,-1.5940200159616731,-0.24597558127423311
56.314540653036183,-0.86124712336311604,-1.0467763033145276
55.663106016425644,-0.5363795054749817,-1.7856662914152623
55.776109156241894,1.1159218536982829,1.4051306357630304
55.354026650789478,1.430401055280528,0.32707178653284774
56.205565892412785,1.2542801105450792,-0.66146666153718459
55.406688119862729,0.91036911915819119,3.8262658497512967
55.330147172773295,1.7384068631177982,0.093292319869603443
55.99865559842771,1.5404539089186744,-0.26651266918354694
56.648227511910953,-1.7223884391107753,0.68903712437176823
56.386463117833181,0.76039035165655411,0.8799969663633912
57.073674224265616,0.48887366472051458,-1.8776638878674559
56.44640925413497,-0.53611495765498518,-1.8394725248458319
56.084799508570988,-1.9838297626972436,-0.1293030556223374
56.03017319320643,1.9174067953059946,-0.93853461361259127
56.261572378917172,1.3540813125483084,-1.6927799561006953
55.919286712670448,0.42692229716573959,1.5387342743008883
57.13950454014384,-0.5291311391623541,-1.3875329921074155
55.60141887031336,-1.2564736919214092,1.2986659519838497
56.816345510769303,-0.91920692310833463,-1.2989861953978892
56.679232854928046,-0.18364299300280626,1.7227078649160914
56.954518778136922,-0.080485820069674432,-1.7727073738630432
56.830457654777689,-1.3974411905907764,-0.24472246714803209
57.055476735852928,2.0074538010279768,0.65793101723689562
56.048443269236422,-1.7638877174197181,-0.74359194559440067
56.487771968439354,1.67396273580143,-0.56265847569671867
56.972450817840986,1.1354038213660804,1.7018757574478685
56.422948721876438,0.66136977777411021,-1.4277650182973314
55.704593233122182,-1.7035520560424562,0.67915522223004621
55.903614486505376,1.356700723418317,-1.0397954036266768
56.713635366285153,-1.7713494795716072,-0.064877399161168248
56.375907942432718,-0.13329582661921707,1.6078101029424057
55.781113828423095,1.4765949232817634,-0.42746410812372326
55.404992606181878,-1.7581943590066385,-0.16601212879079275
56.637738749401443,-1.4310167034620367,-0.26303982877765253
55.850567596359539,0.40322949776326861,-2.4231502428095819
55.985087990713076,1.6557551981240806,0.14534543774986319
55.84547331656443,-0.13759306681559103,-1.5110286205736221
56.643936944350671,1.2951601689884171,-1.3150572418193702
56.029775849697771,0.58628076877096169,1.0250548179900145
57.143902358606184,1.5105976984907337,0.86818954604659559
55.989480424832543,1.4828835815848116,-0.84284990568617058
56.656231298236492,0.90404258317384112,1.5938883844468219
56.102973405131465,-1.1083318323057469,-1.0556641308604193
55.486318887908716,1.0264572742085145,1.7357924026680205
56.526712061808936,1.2915618323468954,-0.82191847940492624
56.127742741050035,-0.51989252297750088,-1.5387177736321929
55.663420623606257,-0.96151952261636386,-1.0076470387659002
56.170470814216536,-0.14992968895891737,2.0580545914851194
56.146885272881555,-1.3604386644023392,0.85200243487186911
56.462307439021096,1.5097817605057016,0.81085373588514542
55.411198839049931,-1.3037999667660001,-1.1347077549765663
56.510906400504936,-1.8395174717965368,-0.0020909144098960153
56.1356329421155,-0.11511584987524802,-1.2764777409407049
56.371116287177422,1.4428182936035285,-0.3055405356408199
56.748032650143109,-0.037553596933593551,-2.2316035900589148
56.156923205985642,-0.82912653509345646,-1.6098197420471272
56.422934775634388,-1.3597547893937567,-1.5600058528918965
56.273132793768802,-0.35978717744594069,1.3362848860833045
55.922994772802738,0.79977562044566475,1.6936897207612582
56.699744121892685,-1.776527846265588,0.77708916403547001
56.703509250990351,-0.86199695579387425,1.2072936688912832
56.727608393878505,-0.010399937924193529,-2.0493814620221431
56.061186969476616,1.4065437139858665,1.1209140221194829
55.466994474695092,-1.5869924791011054,-0.22216953851970883
56.901194481374546,1.3986305459458963,1.5352316678310991
55.363656208679615,-1.5207276552928097,0.031295657296936688
55.897338481893733,0.060210798927702265,-1.9528246532775368
55.484516454165771,-0.69826262944898387,1.7431506360338296
55.395535618559123,1.9862585753686393,0.45890408736783228
56.434328945572119,0.52739385824685225,-1.5002963283753115
57.026077932506318,-1.1162625179266299,-0.8731177048130131
56.840813420698183,0.13854701097952934,-2.0187089791185362
55.342217357312677,1.3976315013536451,1.4786633304840764
56.693005957165653,0.1129829777135158,2.0257425069902846
56.16579203946268,1.9629716371286534,0.0097876125826088598
55.62945627510905,1.0132916506943295,-1.41752455951989
56.285994616630546,-1.9751171822667317,0.35796222468089395
55.913675427092805,0.11201910690369084,-1.5958490477452529
56.546909636634552,-1.73742125915811,1.1824076724962429
56.41676474330761,-1.3288770694804304,-1.3767299270346762
56.99357295586784,-1.7200897543366471,-1.1507373335884388
56.88411426579264,-0.71973508495820004,-1.4238700421069499
56.010021939108213,1.6048187971908359,-1.6168034323928262
56.091797094557258,-2.3372171718548245,-0.47705794019385311
55.9540725583078,-1.0435778417801238,1.5705221911607843
56.879050639572306,0.67394629617742918,1.5650052931265384
56.971634526613663,0.7614530366100577,1.6991426824845837
56.491024416301379,0.42992716496223043,2.0003485994963093
56.926137025772839,-1.8768465481006296,-0.281613660741524
56.799919069807288,1.3530640063035999,-0.90472747784884
56.576538355545821,-2.0391368865850961,0.68730305063042552
55.433959623504784,-0.10396101150393704,-1.5083494059604257
56.067753903723315,0.22829716034136197,-1.5878138024821362
55.745258461320539,0.1691364810751563,-2.0314576423400608
56.345554219103995,-1.3518533645522013,1.1290322929237295
57.053322070158821,1.3443329544294147,0.81778404864383525
55.494383001322703,-1.7082175749874167,-1.1209781080760222
55.92749664920278,-1.572761027895573,-1.2253418786547399
55.268884660653747,0.40162124325410131,-1.7595370402356403
55.695762080062487,1.8755447525905207,-0.27874132881611235
56.402650411388876,1.7095087505824222,-0.30525822785815665
56.384049912815378,-1.7173968193761837,0.65306798248369291
55.419163404219042,1.9050098789990879,0.23121497493345314
56.256993484188243,0.51651049308346952,-2.315089625477055
55.974329825404894,-1.5945621686301947,0.62062327106137816
57.072637864279756,0.50385254167651861,-1.7341817670010569
55.617123348507192,1.8391780161351876,-0.045054246833662936
56.875858728173704,-0.47071172021478064,-1.8038893663325459
55.765383111084738,1.8988149247103525,0.052893060495667353
55.814097859160469,-1.3806728068241112,0.061218495282399012
55.683954698535878,0.62036943772966113,-1.5590739075159095
55.433766145814779,1.5263298595315153,0.74647377971581874
56.283359733136443,-1.047074688639229,-1.8944837541425632
55.620245380710834,0.19171111584262415,-2.7069825156590501
55.342076445198217,1.311156054974191,0.84458477434538248
55.492557425301968,0.49099076410235237,-2.1095711350582191
56.567024873658667,1.6304298607175982,0.39109903589752976
55.312117923971677,-0.64628309015513796,-1.7323337039242421
56.875223488639101,-0.31222501518440821,1.8759689031814784
56.93897020970185,0.32748500970114874,-1.7184220712045604
56.070596543536936,-1.4675213138395578,0.7084614881536746
55.826427811309536,-1.5986480809425547,1.0124707976926555
57.109195023432946,-1.0115439512336617,1.7534487136855677
56.938137828048248,-1.0169434867681708,-1.6372787382859488
55.215700560534998,0.85703540446558479,2.6557249958896896
55.865144599159464,-1.5564672692237103,0.1475175781941172
57.235887835735127,1.4719098455761133,0.54426028961493822
55.916523390027805,-1.8378264005899965,-0.73017057321316059
56.358969761290112,-2.0080455975200096,-0.22425297091840998
57.07235283636696,1.0132391752204013,1.2900923375526765
56.193521633817895,-0.4886858455787863,-1.6300991253322286
56.785014989681741,-0.52726360572593511,-1.8264957420047714
55.866993953804162,1.5184252699859913,-1.2399803471305058
56.137994548627631,-1.88537879378634,-0.031094132287764063
55.991020431529343,-1.6446254463561691,-0.091403060899435853
56.208774131432328,1.4997636896075888,-0.61438645160949701
55.51109153847343,1.7005508659506476,0.019224816540126578
56.847585004205961,-1.0481525362835378,-0.9713800178754558
57.014712874264227,-0.64899915344616388,-1.9842105655346591
55.187185447191247,0.14697820685645233,-1.7423677570588203
57.018604268726875,1.3977667913672778,-0.68222904205139179
55.941140300616787,1.5193276885159968,-1.046270125030256
57.117242845997453,-1.4471126597730501,0.8033853588924057
56.192247349604088,-0.29489446925456814,1.3784154361447118
56.914943537270439,-1.2188487814619269,1.3895245343723577
56.977239630585004,-0.54919758010823738,-1.8800941249318479
55.861681852904439,-1.324899444572514,0.44034285238609772
56.445428128138595,-1.316964675729851,-0.89135281101629593
55.420346896218838,-1.9424601242704795,0.4420329769501965
55.823742958152444,1.7779868219808512,0.22185469879830186
56.256819457295784,1.8246807741014623,-0.66140895683858303
56.610426555730186,2.0461766779925914,0.30358528378816635
57.051339711940024,-1.9517120214925301,-0.27826386358918009
55.801942531801302,2.1063176757348221,-0.37837724421905489
56.09757772947335,-0.72349682640157764,-1.6505149580274538
56.637994578575828,1.9568066614673534,0.11882853628178677
56.50346273102997,1.1164296336978932,-1.7280969227957503
55.375546339653297,-1.6547397994022799,0.49957785668891858
55.836775767254387,2.1487251509589553,0.69286920833213039
56.123534344547927,0.29007425737700743,-1.6664752164335648
57.154608860212278,1.5299412602477551,-1.1755499015561943
56.490090750497949,1.5174822370778231,-0.85235810896517705
56.194637989169841,2.2725551768985417,-0.87153500851720989
55.952463921704251,-0.50437986643697519,1.5839799364836924
55.408512077293288,1.5179964537828199,-0.53622645917778355
56.037959010635312,1.8994203694713643,-1.3751894161212983
55.751174370656443,0.58083393712070841,-1.8590646577226864
55.699656771640051,1.4596421577035759,-0.75681748694295436
55.575625622640764,-0.51032336228883646,-1.4919389835947749
57.245700927265595,-1.3272865067890121,-1.1071084682863304
55.4646708756881,-1.5547336182953639,0.73959725216580918
56.006575340090627,-1.8653656858819683,-0.35319277478390404
55.59811080517585,-1.6526872181660996,-0.23589351703227587
55.248128065168778,1.4602034502293693,0.38692164004268381
56.386515414078858,1.1095849651492311,1.5348109366462688
56.48741099346789,1.0121207077433072,-1.363581439441109
56.724719266239916,1.194077227186749,1.2526774189475258
56.402008140648064,-1.3022505681397465,1.4693223560062332
55.090228568127934,-1.3778047359101593,-0.50276972010018262
55.655135251351702,-1.7768294927729182,1.104334297659709
55.10403774742673,-1.6567998937515518,-0.16678671854415728
56.077341467158242,-0.90495168858580932,-1.5780420083312661
56.715704504906469,-1.6753457331944643,-0.97153272998105555
56.180581040206683,-1.2450940785382063,-1.2494857028552826
56.686699194199861,-0.64484029973192514,-1.4571003760198151
55.519520255429448,-0.28243056620349194,-1.9352318395824102
55.485518712933612,-1.1965667342801019,0.88057479245822345
56.213874806271889,-0.6037793901844617,1.4905572444114703
55.451657147319601,0.98815990495530814,1.5782251272950751
56.388540190685099,-0.6003900778499246,-2.3055677547906721
55.21347096078123,0.99606481698001093,-1.5764301108164345
56.898364193533759,1.3338008503550991,1.7498635116869239
56.525485512292917,-1.2154384360555361,-1.2174614460912261
56.086999235319233,-1.416847430564206,-1.1997671541048227
56.774698647546778,1.8514281260448053,0.72351432064338517
56.226188537751575,1.2234787390543371,1.3523252224000544
56.53703989812341,1.8765667417527008,0.15351913277461243
56.919968601591727,1.1565806424418261,-1.3007023051637807
55.742155066406795,-1.3237609184997909,1.8588694654335769
55.963879561796034,-1.447134182432251,-0.23370145403107317
56.882041638484708,-1.1499184884996438,1.403562664044238
56.769961427535442,-0.67073606587645951,1.3229517056233073
56.361780496847814,0.33979718947845589,-1.744213540702563
55.950348879037776,-1.4695954443564285,0.53835790333702171
56.899567564668907,1.3964300615889025,-1.1608906310765736
56.270410828173745,2.03417708450554,-0.17836952026183164
57.123404311237458,-0.58571681269705211,1.3009650454790216
56.70574849202707,2.0337441511107825,0.71999730532306028
55.868905727219328,-1.2607098210208112,1.9876456997758647
56.28748650532097,0.059431011581289342,3.1302958831578165
56.175574973429207,-1.1992487068389346,1.2050734232001934
56.618763978173945,1.0111096857585624,0.16481330366863167
55.178075179120057,-1.7578875845041009,0.28051556286507057
55.402979001904981,1.8540484975765668,0.81895680797578696
55.473039959125373,1.4396135144294655,-1.0917689176722247
55.697103691762997,-1.8403491748632514,-0.3613012280325662
55.220257964616067,-0.83363817981939003,1.6244662843379363
56.363214343669213,-0.27568217802535699,2.0291161275049481
55.759288011791249,-0.42846473183949818,-1.3871573409823912
56.94101764675257,1.7422234015470555,0.26097054079331117
57.00357977964542,-0.98391250905505212,-1.4378020591656844
56.161916621705586,1.1743687653256787,-1.3049235556538499
55.801124630395861,1.4961310920477464,1.2215363659298824
56.786334621414696,-0.54597126811767094,-1.595887569007971
55.534577847759344,-0.81795223374205073,1.7170037580636393
56.898618277626163,0.9108972172716252,1.3209582126341564
56.547081173189419,0.95666630284133314,-1.8421155974101449
56.388681562073636,1.373981614081365,-1.4780870351587789
55.167358881381489,-1.3812948669636398,-1.2874183956774616
55.406584826164497,-1.4786879564333031,1.2227417778455498
56.373806593392935,1.3901510589162243,-0.10469045624337248
56.759757866835749,-1.3579807525032725,0.79703154918772567
56.177688973687054,-2.0576215959297612,0.64513796275948254
55.555853033471124,-2.1263558754755572,0.13523448314276473
56.567037839753787,0.89182695195432737,1.085985365188153
56.774276187257108,1.344405696610018,-1.5987593641900526
56.507898246844256,0.51479731210228474,1.4633302695291388
56.77010846869856,-0.58827140784798593,-1.796779177721936
55.868050452838013,-0.75283192247549124,1.4463304375571167
56.511565947667044,-1.6667677858452048,0.1471973391397067
55.649510475679051,-0.59431496233039405,-1.3342789935876378
56.097288085152137,1.741901678785599,1.3212092941644089
56.600129271122981,-0.17736455324776881,1.4869504630436807
55.293855399757902,-1.3239440094372275,-0.044899089828864695
55.857586162255892,-0.68891471309504426,1.1670536073649984
56.343454763748248,1.7322228105948883,-0.71627604830532809
56.102061805718655,0.064376820681528349,1.4561499548724472
57.318637825390503,1.1502412116312168,-0.70295550926397088
56.010637450695285,-1.891428429132147,0.45358565873272977
55.536407205838934,-0.47257654201365756,1.9797729967507456
56.254879651460897,-1.9566238586995317,0.79004531143109635
55.612335431996719,-1.6443784920168858,-0.79837214572256088
55.935129444030331,1.4800282997878353,1.3534776299529394
56.54423737804256,1.5647221346328568,-0.99506105978161175
56.884681781781474,-1.841669413189547,0.032549508961023529
55.676928656621754,0.49024413771916064,-1.1370892596838729
55.993703579263908,1.3981871084851276,-1.0968902912071132
56.020307833701885,-1.1417044701700509,1.8168321580578852
57.176259922664713,-1.7054370133887076,1.1486112015847305
56.524005807804606,1.5757298466378717,-0.20711151086421872
55.558582896647117,-1.4090230968837634,0.69629366112973046
57.048156990909817,-1.5815490832547983,-0.24720155883886144
56.492494353677877,-1.452286853486539,-0.37239439564371257
55.730232699348925,1.3883190072182883,-0.45370753267652536
56.33295336021925,-1.6618368842424285,0.20198594932666761
56.780677881373315,1.0850346443951955,-1.0219675009776064
56.037853791397986,1.5381373037936252,-0.27388098313074261
55.726636653936275,-0.78914225002984617,-1.8233341888955599
56.426606507682045,0.11903385281067942,-1.4043695825173681
56.60839952235726,-0.15387675451482741,1.7726278022804842
57.098274805037704,-0.19608766134381603,-1.8933458355948412
56.205736422452595,-1.7499491915415442,-0.10609000586841554
55.271035337401422,1.1421047447438584,1.5978135803224456
56.06824610283013,-1.6488356970537235,-1.1370369986185673
56.473975976523704,0.073230278175811778,1.6477517430925794
55.154645702324622,-2.117460454471618,0.6926812372629868
55.374956433569608,0.12406030884065007,-2.1656647529105735
56.525417508496595,-1.574707356191553,-0.79291058487034538
55.206741700140284,2.0643432409121409,0.49168639591192609
55.262055111800926,1.5352019345697694,0.24956766722446364
55.757787713281175,0.96096500284532305,-1.351156788965916
55.222749998740639,-0.42565915894819201,1.9363100042405694
56.046303227226204,-1.7583261318314722,0.21460422524932141
55.262411202835935,0.48283071306793601,-1.8782203216621352
55.558477558832941,-0.26631156080616725,1.5156933924819886
56.228970078323272,-1.4982350121335342,1.4473042692186919
56.926454283628431,0.99546136148130637,0.96139736289098054
55.411822774788348,0.056745722864218709,1.6027879369419393
56.132405078102963,0.31377662198392525,-1.6307565843089593
56.613852066538186,-1.8126907784062007,-0.11031652787976126
56.969587027788464,0.91925849806406112,-1.2742939890798253
55.156433696106454,-0.92696341424273754,-1.0893570100940899
56.667717451443686,1.1855664837418964,1.0965793929973697
56.299238983520837,0.70056594619431733,0.98346275167735442
56.7705517930208,1.0264183089245094,1.6435963286614965
55.704057492225857,-1.4960223834469126,0.24318615879590105
56.513503791676634,0.9454674108170309,1.5560182866328964
56.56117939926515,-1.7883035107934162,0.44621205450204532
56.945210981066666,-0.67488107848092793,1.8361279268371009
55.342380861582342,-0.71653517657023869,-2.1598764279374407
55.965700094014728,1.0123712589887501,-1.38290320609909
55.826642326738856,1.478383215930771,-0.92567879988019486
55.962786039560754,1.2225954947338535,-1.0399228936192648
56.244303599562208,-0.36003620257928071,-1.3602561856356581
55.586325547622593,-0.634987236835168,1.3723183516049511
55.950940157220685,-0.78776455802889367,1.5361096344433689
56.227305560632573,1.7543195552645914,-1.1650115379736623
56.777436578255909,-0.42695801820364548,-1.3320737163652288
55.666073121559727,-0.0065286536273789931,1.7470023557686956
57.148085044037686,-1.52441773554654,-1.2118559290832969
56.255242812646706,1.2757849518180417,1.4518522268534699
56.055316585770882,1.0796732356713299,1.0535240292580415
55.666155104082108,0.23148717193036361,-2.0470614048276468
56.046489829639839,0.75339987928273267,1.5833512753269621
55.637868161038092,-1.6175691832873049,0.42558183199431576
56.417446241479318,-0.89545480977930991,1.5770419827115498
56.993306063350204,1.8953914324327628,-0.59235147375092712
55.843974319390973,-0.12559303060708046,-1.6804387205511362
56.911023288798184,0.97100304910406887,1.7342075575632585
55.805392560471283,2.3324960938102359,0.39445179902912697
56.830459256945474,0.6236792153680103,1.4487985565330146
55.450002151200472,-1.3062091806137737,-0.95559903276236613
55.643972495024357,1.6813553712323541,-0.95258661156836943
56.529573943773293,1.3034759185366973,-1.425405668631984
55.641854424417424,-0.64679791338550907,1.8850426654556132
56.683085808736578,-0.89487204636389395,-1.2871561172352637
56.6320681022111,1.8354464797868317,-0.37542443379514595
55.52415445254293,1.5145952807115359,-0.15081777271239516
55.838967549442792,-1.8162178360021874,1.0085858692279694
55.987356247462209,0.84306623598810904,1.5466632321392706
56.811116677504373,-1.943575764749627,0.19298291532124603
56.954029556514499,-0.36003603455585131,-1.6195944913343501
56.260276303066647,-1.8104844871313732,0.57686019002553812
56.311790527424051,1.8464048749191366,-0.48844839902266529
56.11789288887681,-0.73203505803585356,1.6027065536261589
56.165910844431316,-1.5419903778822646,1.1572456934328241
56.283767720526072,1.0441710745627055,-0.54990719618789896
56.315288457445106,1.6719614648088044,0.064306571341970264
56.463095666773739,-1.450802353204157,-0.57095325572680566
56.580024601324837,-1.6465402119357784,-0.90636884546221486
56.13764668338073,-0.73570767048773167,1.2909664555394074
55.90511675956585,0.63795770283730469,1.4222014823900997
55.753318709044819,0.28055110357470736,1.5937271942657565
56.725608920029515,-1.0731696135631796,-1.6867173255466008
57.18304268356146,1.0808529510690179,-1.2266199968899716
55.75194303826953,2.120132698973197,0.63678259010255012
56.939275136160873,-0.05309493700315783,-1.8415564859463296
56.340668744217304,0.98982139705903638,-1.7959045954286184
55.147435857692635,-1.019434343359114,-1.6143064194960244
55.606553956659923,-1.9191518977344866,-0.36077797751361623
55.530803797133061,0.29736826579339137,-1.8106407932610051
55.723445028984926,-0.98844896476925093,1.1483193254157231
57.035454985570354,-1.40743201338283,0.66913612848080206
55.562877608579832,0.43030637705991759,2.0151356927663993
55.899220048860883,1.6971360153019732,0.18491333354042527
55.394469231537308,1.6306865450409231,0.99493041909448687
56.480924810451739,-1.5231060929962625,-0.30567387939673629
55.952132346423618,1.1010068188359547,-1.3129554181913767
55.592963952557689,1.4894137084394663,-0.38228003690586754
56.890407310257416,0.73902827019842121,-1.57797994489841
55.589103216652482,-1.0355685201400069,1.2446811844677106
56.131116496599155,1.9266465808321067,-0.23878363675850173
55.654447779041853,0.38795753158972074,-1.7586328159200177
56.916380398360594,1.010726816837842,1.3042705527257952
56.393904261020111,-0.6702263026034333,-1.5403812529979715
55.17046924909058,-0.93456282698588888,-1.4509719252118707
56.343871932400461,-0.24329178903534496,1.8314426851342791
56.774486461421063,-1.1230235138318501,1.6352549688297904
56.919832714262988,1.2843812159591286,-0.70935024770465838
55.690251179529042,-0.78631010612456809,0.98295859526127105
56.829182371647768,-1.5998482882504528,0.30453197538101551
55.526180540041317,-1.9785084991851536,0.76084797510933744
56.013348911619026,-1.9766059975299066,0.54180983973660957
56.967441702327619,1.9289414167297272,0.96973675950598981
55.853701307295296,0.93524153833542178,1.2690146860024036
56.821087473834581,1.4904792668125133,-0.17296055603392677
55.319925926590663,-0.31906524371612865,-1.9583969878726348
57.028765169798646,-1.2005118453604948,-0.622043119334454
56.67137412742877,1.3050456346924257,0.62409872083921092
56.806045954650607,0.020974179245412825,-1.5705309637916247
55.796474896279385,0.90839659622337465,1.5555199600064751
57.153974635969128,1.4293349663400334,-0.74801951856207338
56.504605757096776,-0.84788216682726425,1.8252866255746916
55.968086694450299,-1.182830396530171,1.4492812033973348
56.245743144756773,-1.7291336922417191,0.26841251609255717
55.462931214310295,-2.0337660507903408,0.16143177148733473
55.753204336270535,-1.4230500294912494,-1.0547632262148143
56.861267596976163,0.92457454214344703,-1.6719784830387021
56.025595128268485,0.38781910661505847,1.3332687879068332
55.61673325541345,1.386492486729008,-0.47977291849126175
57.003794579266767,-0.65120798717538642,1.5428784961264679
55.35353750428191,0.31402558290456989,-1.7153184657317031
55.589130781820124,-1.1921525500541819,-1.516107467596268
57.101886817222542,1.2423524078584745,1.0664095217553931
55.815405177226005,1.4711469109081194,0.6289467315720767
57.17353648921685,-1.113557474677576,0.99487141940625723
56.793595082721403,-1.7624829426494304,0.44471680849063183
56.261955951856862,-1.249056923428691,1.175801312545572
56.952935169583107,0.57000951705490721,-1.6088241729430901
55.311003126422676,-1.3582556679667597,-1.407368683305996
55.818407120500737,-1.5799105207091242,1.2141853451875739
56.983825070599856,-1.8741276916795948,0.26959234595152737
57.076837847957194,-0.19775683481566897,-1.6124919904188875
55.76870228356367,-1.7773113700770744,0.39506488456867167
56.153156942649893,0.33038257469446164,-1.4552241778062684
56.252859264937065,0.28464943178721963,-1.6930223017370598
55.202654289157856,0.42505034018578469,-1.7122696428704391
55.617031238329908,-0.46562604148195491,-2.1926849256141998
55.305363167250711,-0.34410257922844273,-1.6400539425799496
55.741541911527342,-1.5975220285360288,1.2422881037752256
56.014764655340635,-0.10676067822043574,1.7746640266778659
55.817408944141341,-0.50678274950026991,1.5457459435273349
55.566951854985554,1.3191264082816379,-1.3449234642813852
55.191856613199462,0.62703047358058284,-0.86434244846830566
56.695677298064126,-0.21546063859549222,1.3499368263374307
55.548425484226549,-1.0263486405146014,1.0747573289247982
56.128706383468995,1.3269557638554317,-1.2413937863641671
56.675079641063348,1.7246998050986844,1.2760627599147543
56.230776609073267,-1.5987556505505502,-0.12975043617990673
56.072664343767713,-0.026816543830135563,-1.5882788743032521
55.85714134901265,1.4302135099987823,0.70482579022280145
55.885631428486079,1.6385889246764787,0.78578956904653186
56.136016840011429,-0.37312375679899196,1.7186888967807143
56.360511195404356,-1.8054201356391109,-0.82350471869284048
55.371526697290975,-1.9876491611761713,-0.79422240824203805
55.327512265315569,-0.83275422425608325,-2.1049334289186361
56.023402970592194,-0.94390246478852102,1.7135203295494434
55.504670915606411,1.5415879378443664,0.9536984774928976
56.910552470208131,0.79992319144332846,1.7249826039871397
57.078433161285837,1.5540150636842198,-0.12060902037029121
55.576676129982822,1.5360177537523469,0.41857433357150159
55.83908153422508,-1.0273901554601426,-1.6988670639932846
56.27668198963309,-1.7020952025166054,0.35088315136968257
56.75224036124591,-2.0983451602234706,1.5186644634919926
55.686884217903135,-0.96483667645292504,1.3923557163750351
55.326500116504768,-1.1980879974070777,1.3552293051255579
56.233962377455128,-2.1492095599807612,-0.20607140237434746
56.37464621339246,-0.50571142670762492,-1.3977385440291155
56.579945099809969,0.55998936709726943,1.6702062987805868
56.300785076103715,0.15021262709275118,-1.1521680542760173
55.266818424039535,-2.1354975511409733,-0.099360352967781645
55.813224660570974,1.711036330803962,-1.6788743864367657
56.421256498914808,1.3461213542745425,-1.6553420540325647
55.861188292932809,-0.80661511513668216,-1.3420576552132848
55.83010759572042,1.661789866601777,-0.17799582550219406
56.122570918802417,1.5743132124451875,0.14936341596548172
56.299162518094661,-0.14229788532099094,-1.8978871925958223
56.035034239318115,-1.3304053458261991,1.0881681873449869
56.636375050420213,1.6080628984987742,-1.0970160310929897
56.670519705728751,1.1286421144555696,-0.83482984677520689
56.671516725589427,1.026515547975863,1.0947959150234141
55.872389938389766,1.6375525380589326,-0.20343777690257539
56.688435881287617,1.2452393200772256,1.4082459239976295
55.694425000776071,-0.42435483509381572,1.9825255414878349
56.786702943798041,-1.4193122683047412,1.1681748098791322
56.215893564035795,0.23765111260755289,-2.1606025671715594
56.575920667721945,0.14682313691805762,1.8128702719142336
56.425001827344161,1.8539340831279054,-0.54602579037061771
56.875909361300153,-2.0766762826823624,-0.17769202470136114
56.074142411303555,-0.97823642035860892,-1.4626088956684931
56.806277517560552,-0.074801246674924562,1.8774514232791844
56.532091350462565,-1.5501921849584552,-0.89204399560600178
55.295182024112897,-1.2926987512872896,0.40284194191391387
55.438763365630386,-0.95660908630047625,-1.3563159218162018
55.811028569823222,1.6513556943167262,-0.99738407737175516
56.804503500984367,1.8206921767382347,-0.94900123216560228
56.001732911054518,-1.3393442816092145,1.4298265488978554
55.785336861593876,1.8193702657337878,-0.25505719351990602
56.615350228120299,-0.54235758104903908,1.6911841646216499
56.969225224472844,0.79954579380915924,1.5403442270846539
55.950384065877017,-1.0544337795108716,0.54678313228486264
55.24333447499653,0.79064441787017248,1.7099072335260614
56.857312464372633,-1.6440150742693482,0.19683322898492411
56.984054986117492,0.42603646718865251,1.6472580307593565
56.405161593504886,1.5622901645111258,-0.72155005367435632
56.43208067391781,0.91835443871728561,0.71235753579299466
56.123381255211825,-0.56944049049637335,-1.7031252986399663
56.622551714756113,-0.24557087938381125,-1.7749484047198785
56.290186915919676,-0.31895081817072474,1.9567583392418195
56.529080742738145,-1.92647526055223,-0.58322546781958429
56.059363458476184,-1.1821208937700902,-0.43353297894550807
56.592458818499388,-1.4239661472966911,-0.17297864672456378
56.979468955928581,-0.40853678424160195,-1.9748990378309397
55.376998386657867,2.0489254256725737,0.71108170522745262
56.977092473847073,0.16944190239433915,1.7603935914925595
56.070680453428118,0.83504961035055958,-1.5825826366939779
55.601170282520123,0.87674377248948565,-1.2730704329941556
56.578978636966724,-0.79067371515457752,1.5331445842669724
55.525866086892201,0.59405162176178794,-0.75211716133781281
55.614378011896321,1.3302347755456163,-0.5621350142074667
56.826118187868552,1.1822409474413209,1.6101417511309803
56.502320221580348,-1.4899171629400756,0.34029498090817512
56.456827358087921,1.7018827874004796,-0.14153487805978657
55.837739366398935,0.79943470328006339,-0.61314507495751747
55.407625870589882,1.628319387129763,0.44978407616332877
55.65742775925758,1.0096545010308082,2.2648538733566324
55.677533658409651,0.65571830688843658,-1.397589848069968
56.433614894982867,1.1443504845127657,1.4068047992417341
56.897175195965637,1.6201732159127977,-0.66270478109228304
55.850217235553401,1.6667494413749109,0.62503549524479496
55.422416160079742,-0.53146007961302388,1.6395813152683223
55.505122583637068,0.28951267650076185,-2.2969909203006882
55.556660577157693,0.29547356270035946,1.6816794738806478
56.96577225964888,0.010355462913836759,1.9009830298252135
57.154959704530164,-1.2615170020163673,-1.3460380098186477
57.116635739277136,1.4656809344792245,-0.77645282000121529
55.560739445875086,0.56853997154117941,-1.721264919151029
55.728796562569244,0.6968035662980645,1.6938729853085657
56.743244182868509,-1.7426243070345033,-0.76512361392911721
56.502167771698979,-0.94841247191174993,1.4397519223990012
56.677611071303645,-1.1574842332938116,-1.3457624945474007
55.879657284471591,2.0055299644225157,1.1908095462916808
55.81453885372764,-0.49328865104015046,-1.5124299338225167
56.633820378941053,-1.7936246102764193,0.056008165030577879
56.443749162316927,-1.8452612279960499,-0.3515339264530451
56.080189315299535,1.6314165760333286,1.1291594687763791
55.87816961135848,-0.74689241571937381,-1.140203611151785
56.682208035476208,1.6468775425374431,0.61081330313733961
56.085873163417858,0.90759565162702915,1.2201476139470684
57.283263096024882,0.78073704845446712,-1.232652448022187
55.37718594323686,-0.20105356694129484,-2.024242313799328
54.903672329624989,2.939240618983987,3.1000641171610672
55.619495488107795,0.022852503345308851,-2.2402714807543589
55.94421030254756,-2.0890316055706788,1.0636887890796265
56.765591580635714,-1.3192765939460636,1.0355114880667124
56.822817083059661,1.2550794206739204,0.56929925656752645
55.364041729209518,-0.96882162097185964,-1.5696385151380772
56.504298399012086,-1.0136841137356181,-1.1907629812727678
57.107844531096916,2.2255629498142864,0.58691110134505242
56.836919127583016,1.5857970334304274,-0.72375821862487744
56.957994370367473,-0.37212648406579257,1.4638829344941087
55.479467651495973,-1.7632096850524024,-1.2594946762123931
55.380015959869432,0.81867911609387234,1.1830097018444272
56.716857457631583,2.064230791639218,0.78364010636282033
55.817185055432482,-1.9071614885665857,0.60006703245600634
55.452861988172138,-1.4045008648098256,-0.57002123414078509
56.797602470250588,-2.284122254595351,-0.29157775448332496
56.027782895029233,-1.07794711270799,-1.609525261022136
56.304722707680611,1.5808039604878104,0.59868045656224489
55.268195225009194,-1.5769579262021673,-0.64320787824892756
55.389561129242772,1.6134406001012214,0.55946163794238535
56.198172731548283,1.2542469595824939,1.21083322190836
56.711906188824685,-0.75915157441914949,-1.4323310652854175
56.905171939422509,1.9135605093409833,0.32030553314830712
57.056099287561445,0.4193808130957084,1.358896244924428
55.415035417966664,-0.13443700376436593,1.3542002646863525
56.641624252598071,1.8714832485984985,0.30418267944860783
55.868713353152494,0.61663405322872378,1.9199955981195429
55.430792349324783,-1.2930917276072742,-1.1720214172041861
56.130327787249293,2.3700478992961616,0.23424446047609138
56.138392216507917,-1.6342637557653559,0.20663060026960126
56.039849394361809,-0.00095472198542290664,-1.889636884636813
56.202095110038861,1.362626403800862,1.1318449041719305
56.350374482212054,-1.4718919586615939,0.7084367753624029
56.186043501776034,0.1473134694284029,-0.99577377081713081
55.898782180865815,-1.4813846295366846,0.61959001416529158
55.403784556791166,0.35223322917263222,1.5882482224780481
55.787951434041716,1.8792091783731832,-0.95882465804581751
55.715129524445764,2.039059451188268,0.69244641035231769
56.622818635452383,1.5365625550538753,0.35804784732745965
55.588374075115652,-1.2965347894073387,-0.96068120022175929
55.903379411877864,-0.68024166974156486,-1.4974925311999234
56.010709335743776,-1.1839353068012188,1.719141951648534
55.369057001692411,1.6275006379621546,1.0189035232162167
56.712868485234587,-0.33189611365952582,1.3918945122800426
55.231824271636334,-1.6253220223674565,0.8470961951605176
56.0264838328766,1.2870419586706079,-1.302711946770692
56.38905929248471,-1.3107264123136848,-1.3138012965962258
55.678035621976818,1.5088176619509139,-0.37292202343131575
55.279213660531525,-0.11710056368807467,-1.4977331932140536
55.450051004584012,-1.656007148817227,-0.52469734232187548
56.885348685324594,-1.3903444092204651,0.55812312548952181
57.074751401156405,-1.7246457661714181,-1.5463552262181408
56.686097786885156,0.29639237316049322,1.3311634427227463
56.521113330968802,-2.1779454835289527,-0.25200781130079741
56.330342940237621,0.57315482941807083,1.277319572274318
56.347864013195604,-1.4784745471365133,-0.47430749945189099
56.865265883174295,-0.25987929821159128,1.7201398251700342
55.481122650695752,1.5234943720306178,0.02222572653904975
55.681643678077457,-0.81917997549604327,-2.3404232426810618
56.343592971044423,1.3936737948282825,0.870813723177565
56.116394526699317,0.58126240731970025,1.3519728243506506
56.669446535135677,0.025211062714916653,-1.5882901564010339
55.921598829649923,1.1894927070397801,1.3337963685102494
56.885419750779462,-0.91938749598595393,1.5381686425064574
56.499573352651232,-0.83661133268321974,-1.4772076616144103
56.710764079727426,-0.41026180760719955,1.6834258468314482
56.397339804080822,-1.7472056417401103,0.55241686460832506
55.528475889092199,-0.65755614940025875,1.1725213947348014
55.855944298992405,-1.4663897824168231,1.2558819347803343
55.63442380418239,-0.28288111934278409,2.3091877894212307
57.085914101685297,0.74204545204996464,1.4804247197821643
57.028991564431173,0.11728371237882378,-2.0218740453122188
55.874740398791843,-1.2153175601717068,-1.0962993600439062
55.217320910374461,-1.6184464058368109,-1.2599321751197208
56.740258027312741,-1.7187910030692379,1.3181298126021415
56.150116508476003,0.79864570105906596,-0.75137637675772428
56.414753268019723,1.412505452691543,-0.85311079101111686
56.113950090570327,-1.2330237676769238,1.0598647594868666
55.482201944645574,-1.2865604538029558,-1.0450831790219075
55.551319860947387,-1.4163440104168528,1.0922080665614529
55.200574594197704,-1.0986386915090109,-1.2550846359669707
55.430505010275866,-1.918821617963558,-1.0554742891374165
56.823750859236142,-0.068666250660656541,-1.9343953363277151
56.520503048584636,1.6140073025613444,-0.12128534448013843
55.952129639330181,1.4789184851759571,0.69393213728147141
56.586182953272775,1.7296075779775946,1.5411299171901538
55.287361485346608,0.50982073707840236,-1.4903482713491039
56.401700198836409,-1.2448271217380942,1.0163353749760653
56.20312538635612,-0.43531748327021469,1.3985992771313844
55.394813171263998,-1.0134996111921142,1.2482588563849266
56.507101746338513,-1.4217648601678654,-1.3017073204169796
56.414643368945846,0.63118264799222934,-1.4221754211737334
56.113376924401294,-1.4097088383459901,-0.78467990929552589
56.943587430248407,-0.88071077239281692,1.4868279292387094
55.611452825403397,0.37701362144065581,-2.1583027642589592
55.655178857704179,-1.8056442552728125,1.1811071917569496
55.511724157583188,2.3118402866207584,-0.29631673633982797
55.651314608840906,1.7303741842256217,0.46282512418606231
56.834994775667887,0.70751830296123241,-1.6756784947143075
57.007826748531215,0.63307381783700367,-1.3409595303963868
57.079840401491602,-1.2074998072966614,1.1083806246501127
55.868199337463196,1.6831784103498515,-0.47667514368612024
56.895538797821708,-0.68264654779446443,-1.7333534152934711
55.983525030828453,2.3535591629289261,0.40593334776216849
55.719138211475524,-1.2157496306513236,1.2712627505711203
56.86200047511619,0.24217608902835064,1.8660971995285991
55.692172371713596,-0.61793891994121364,-2.1750396774065299
56.157275515564102,-1.8448761413798507,0.43528228528181284
56.123829832482642,-0.51394024001042571,-1.7929984521537805
55.23820659320198,-0.90232103715602741,-2.0028396602659817
57.188894581782968,-1.7357916332888179,-0.75681109959735182
57.018963451034146,0.35937274771390576,-1.1621572236660085
55.74518857500432,-1.2172896125910078,-0.25456893527970692
56.103381062095892,-0.47873178438008818,-1.6197401335831172
56.476229963203792,-1.2813420891577212,1.0338568430129063
56.85930307079898,1.4718167510139404,-1.059461344727497
56.638079387138049,1.2294493257688381,-1.1863431610209774
56.24627741455631,-0.26422897495439651,2.1166710941832796
55.984802526598578,0.64995159176507933,1.7027671259725876
55.320502784076574,-0.27478746219294303,2.131781487672479
55.751442512864585,0.52377941858734167,1.3969100540761872
55.118219600097113,0.41404771158036408,-1.9056475465003231
56.450398907762796,1.3913286138291385,1.3187966152309121
57.025585910675275,-0.74577913058564127,-2.228261928332111
56.965957442970264,-0.44147225424492137,-1.6942521277327538
56.273331615421014,-1.4172675426454078,1.6409491207473308
56.970736662014502,1.5091955097842449,-0.75095895243211541
56.54960342033543,0.88942167031968544,1.4448707672869219
56.499984076695142,-1.6103457188717176,0.40821603718221838
57.104531045268487,-1.940720361460154,0.11327476586997196
55.420596845086024,0.77177119943448702,-1.3333038325425468
56.519787690417211,0.28096004163356086,2.9841021111768913
56.571587801200039,1.9651596763685948,0.24296868581107656
55.983753522469755,1.1157632040018683,1.2216102444066701
55.266410632759872,-0.64608042074024907,1.7748149751012454
55.192341088631387,-0.59838181077057018,-1.8968642499509361
56.129923896997411,1.5566428525439777,-0.14548609126752016
56.685231539532907,0.21033408815380916,1.4037047817487973
57.023457468987019,-1.49337152896447,-0.57215015704012395
55.213520883614066,0.3606797918152081,-1.9194075190033613
57.05692481307134,-1.258693391508876,0.54546470009174886
55.498169323231039,0.94467622577019617,1.1203441656181514
56.400262326973277,-1.7944716346171499,0.22340687019273134
56.681232113296609,1.7222564383861887,-0.19806382722863516
56.128085562338441,-0.24594603321401859,-1.8374175802705421
56.919615417988865,1.4919690747573071,0.90929666251235775
55.432257354138791,0.57111129057356336,2.0914262970820361
56.276319979143871,1.2240070391354558,-1.304561292437926
55.362961474707355,0.63133784548631178,-2.2659057499501536
55.898883865617385,-1.9902551226782035,0.66898604661624517
56.84844740796057,-1.8736021571623598,0.13129254729245779
55.60747272447373,-0.86064708918788058,-1.6578833949102492
56.835703907603893,1.0969977133095712,1.4442119583013586
56.689953785465917,0.33328884003998099,1.6921830778338556
55.782764610300333,0.16579884148494264,2.047452941125647
55.890683035953387,1.7467793846399904,-1.3750037894731106
56.647010814661726,-1.3225867980999608,0.45674977746509249
57.09110775428389,-0.66789890109455641,-1.635857872200172
56.619026377982109,0.87028559070085931,-1.631081448393878
56.132791189746413,-0.55352436124182003,-1.6420759229262454
56.990507961463067,1.5263951122274977,-0.83550006811274136
57.211620750349354,-1.5316699372601286,0.91928850528281414
57.273361498419931,-0.46072907955991632,1.7337742364838469
57.086730107216837,-1.5194612150392413,-0.7871820470633194
55.493607498739507,-1.3611530284192292,1.0628700334400605
57.307504401250007,0.60557221047198118,2.1171286675087084
55.947274473224354,0.81305115171055931,1.7714569826405402
57.057055952745898,-1.5494351133081865,-0.22659593898302618
55.822292828205306,-1.340860430498007,1.3661035072461845
56.619700194394056,-1.9771285365481168,0.76106747388242435
56.131668417632802,1.3021205283473556,1.092744800107962
56.098351693656888,0.089309749745368788,-1.6645037843089376
55.499264546024271,1.6472557568261197,0.16822459470137938
55.411370719517599,1.8706749959140299,-1.3719632231442718
56.525779153555199,-1.1505563073760159,-1.5880786689351802
56.695242992350828,-1.5882360665873583,1.0042152919991973
55.751829023840479,1.3363373649085972,-1.1337477840691332
56.323516874715281,-0.79994832434895347,-1.2436016738162603
57.021166495125883,-1.5184870902621419,-1.1012923978777025
55.509173613825183,-0.14841839995935138,-1.7461051081988568
56.637334536131831,-1.4396502735917323,0.64942657664894909
56.328802603995591,1.7685990869322321,0.736862801436035
55.6843341227002,1.3771697536273413,-0.30493840664423078
55.326904001525506,-1.0039570269396998,-1.3066418552948242
56.752899428707288,-1.3784544341492815,0.85434321435895022
55.392004830886457,0.50135442235273475,-1.4332777885107346
55.78322448395771,-1.0932385163645906,-0.076693811202370801
56.897345294807209,-1.4604610142860674,1.2091396195793072
56.805820001933576,-0.33807634479761461,-1.5531288362744684
56.252841495015588,0.63974642326652464,-1.205677839595438
55.886569495564942,1.0910181342246263,-1.2186498979654168
55.388830171843544,2.5835888244200178,0.68142386407033895
55.973557342312006,0.96186149194938542,1.5743462303036881
55.952746786651232,2.2886927666770056,-0.67029991354535134
56.516849255856584,1.7933826830000694,0.46863387510992055
56.720871166426647,1.5792405048218234,1.3181062074430843
56.308669831760866,1.2698152945012888,0.64743179751048041
55.522781434027422,-0.01741989626012282,2.0286449699632008
56.306544443758085,-0.86219862955179849,1.6865315096388571
55.471892738137186,1.6019704795691518,-1.2313677212179499
55.418539729689044,-1.4941685762878874,-1.1530786209706245
56.605751973953559,1.5811415067048697,-0.89101668229327335
55.677044879437787,-1.431800182928012,-0.31592559268113063
55.766908563683749,1.005500693227338,1.2359817935787973
55.770395015030395,2.3774683539976169,0.83849987805240944
55.791119927749946,0.59486034460043491,1.6674812139069535
55.571267832679361,-1.7622923479658501,-0.50267049277484899
55.106245652299307,0.93800637214811466,1.4542053500959025
56.324970672760792,-1.1998733922332359,-1.2576072261758566
56.646830985366179,1.8523149600713349,-0.11134073166531251
56.316679943390852,-0.32839264560288334,-1.9387874695440184
56.651058945266918,1.5537125923002366,0.55306586493534093
56.211563310311597,-1.4456890166662035,1.550210758312685
55.102120710184465,-0.51483673675676911,2.0162519101499394
55.213284448280788,0.84820689498720225,2.1116069105392943
55.951792815734528,0.79440265445383851,-0.3645901309388071
56.085726577842678,0.027513190550293269,-1.3215173817076908
57.242727483418271,-0.47490944171672561,-1.6230529549716115
56.260239864831554,1.1154516876172029,1.6411630553160725
55.929524239720166,-1.0797414756717409,-1.2823177694302588
57.081996430332985,1.9791607089619412,-0.1181795679876094
55.349161607875843,1.559959108944025,-0.74800611318583687
56.032120989822886,-0.17168083424507208,1.5872132602078206
57.001953722567649,0.30345934697530108,-2.029226731942412
56.553636791883456,1.0725404429139469,-1.3970171710746986
56.327077835327664,1.5832300392706355,0.10267615436828982
55.488390794310995,-0.60706555605962342,1.3453452796246441
56.769399535205679,-0.96876223650584348,1.6574398437864966
55.433079049172889,1.4910028543547442,0.12147156746686484
56.487839079179103,-2.0596865250640879,-0.0013681235269537644
56.690553437086912,1.9604465708452863,-0.086141145447718726
57.234752925504779,1.2400700548532033,0.76109590556020268
56.320289028756605,-0.043951149557108056,-1.7788939023890895
57.00147545380112,1.6664555357127442,1.2366929715957768
55.572304560717022,-1.6591549495530109,1.2936305999669646
55.482406355793849,0.66886519664027722,1.3676549086475072
56.190887454176249,-0.83357794119436401,-1.619350228855174
56.848156459553252,-1.3747605487619139,-0.86357829341973757
56.531683360875562,-0.92304329313669031,-1.3731724150969384
56.130984921288629,1.4711267836344337,0.75030859353086476
56.336145546307783,2.0220141745620901,0.61628932184156004
55.682189425844335,1.7481645759147086,0.12988718311638592
55.575571624524493,1.9066948655756277,0.040301905537877512
56.839807196646049,0.59389939692233162,-1.2384958370879799
55.424187848397374,-1.7662866910611121,-0.47546999913536403
55.43379815768305,1.3878132142558635,-0.92398907607127934
55.944960094240251,-1.7196220041521775,-0.25780146720508562
56.022933098177681,-1.9603834366005581,0.14644841721061647
55.6317166865758,1.3649603233959702,0.49892079433124559
56.553451638363292,-0.75323889507441999,-1.5571255934092347
56.966675401316131,-0.34428252954056882,1.6890311323116554
56.500042693143435,0.76353015856977624,-1.217989698568416
56.428773824158107,-1.9531198999176391,-0.043387478632871256
56.421277455364773,-1.3312399139784481,1.3271930692306375
55.565416388322788,-0.93444153012322928,1.2483240629554269
55.774701066984164,1.5621174256422654,1.0408595941316245
56.909982472351864,-2.2626944518864205,-0.68300302509290867
56.12674714073998,-1.8054404659005518,0.42414762765409836
56.171770461531388,-1.4139070434237844,0.99681502555501311
55.289861004411527,2.015743615126119,0.78191766434999233
56.470600082614972,-1.8739119331731728,-1.2504511059503527
55.855887967970311,1.408868668666829,1.0594649270699079
55.490348474775907,1.6731656430540165,1.093294421251779
56.424666968092581,-1.8096716400320794,0.37097082984240126
55.794422535417652,-0.10080767727248498,-1.7500544963423756
55.958903531688073,-1.7784006849726666,0.50131967918193288
56.29712546245058,-2.0296890502771197,0.038604258784529659
56.777575222883371,-1.427676551156275,-0.20080183869196416
56.942824342871383,-1.1717130161946183,1.7407577214942127
55.674195495900939,-1.8723896409945966,0.13111006352889187
56.574358818034341,-0.95018800414149784,-0.94545053505369803
55.946483540931851,1.7358014151647141,-0.75742214746196002
55.927642811958975,1.257053620142367,-1.1273717991490237
56.995246279690264,0.62909277572074496,1.8009473175762876
55.400684320227128,-0.043349549078467546,1.6573283637758782
55.741034512720077,1.1085808152449093,-1.2685841037745833
57.071753573280375,-1.2380232479949798,0.94094682133497876
56.164620070482414,0.31091861604669901,-1.9770752180835247
56.300316199414596,-0.69865818296897431,1.5911131380421888
56.21790171210089,1.9538415335359436,0.15067148631014615
56.280548062912338,1.97760004592917,-0.31475666865305224
55.693624146685124,1.1436480734376369,-1.2748081309730444
55.203256764643726,-1.7680014429635638,1.7111931236559932
56.993266047482493,-1.4867383014011577,0.49793622089585338
55.894735900083369,-1.1355396568194556,1.4406030543837625
55.326126369880669,-1.3471570155633494,-1.1148980696262778
56.393537514726304,-2.0620167613912614,0.67432005294526542
56.744543810263082,1.9600581679991484,-0.61576292595630677
56.383487976026458,-0.75966866087549012,1.4243442748216428
56.76940894072974,-1.094789097902338,-1.1912075928146988
55.345826977650582,1.2305254510912467,-1.4557865613839418
56.980609965533468,1.8101378301125146,0.47660943816931772
57.216502401483019,-1.3034398189673126,-1.4395721922318654
55.417920091490885,0.61053210883740838,1.6026828446215202
55.445524924339921,-2.6110235658148873,0.54436797510742796
55.470348289063992,-0.57352381205162073,-1.7225083147271301
56.195482008938093,0.82025583222657716,1.6672542714749359
55.498514587309288,0.50775158039748081,-1.7182076951943401
56.842039176562345,1.0696394297158665,1.5312977600987476
55.494864822460244,-1.8485855990930116,0.43923417418288918
55.240742535588701,1.6775242349395494,0.73649707413281029
56.36960927608277,-1.1970659781798991,0.6449348107341506
56.708631207853372,-1.6690417785444316,-1.1801334261317236
56.12638059912625,1.7721754846502318,0.67189287147010668
56.645657911360978,-0.31184194324583875,1.9831955856408128
55.76937226208652,-1.8251367320936247,-0.63809476830176315
56.993456762336699,-1.637135348192708,0.045178382046027886
56.202097385981041,1.4409137707701232,-0.45557961462650687
57.057842719178858,-0.49162194726212743,1.6957944359454333
56.260920754437684,0.52838976438170748,-1.4501987578205116
56.496326010960011,2.1996469381152983,0.19330271928195655
57.191503606376081,-1.6832223555067387,0.65249903404093679
56.197588180811927,0.90956507369716755,1.2898704363232287
55.310714669102872,-2.1062382594786322,-0.26169426591903605
56.386225894467195,-1.517627041011405,1.3405865456447899
56.895435175633814,-1.2200764657339225,-1.0174826871490377
56.170707867698368,0.46504308291726815,1.7622286979623227
55.502204097298318,1.742433110051318,-0.97165729753309782
55.692733599717371,1.8706295924318812,-1.0588347357182015
55.249509975016778,1.5301257238985091,0.097903185469770129
56.092463390910041,-1.820025666869213,0.012473742745003586
56.420168229116364,-0.18289456479693272,1.7628993948575875
55.993015933925086,1.7635377974890056,0.13622017535658218
56.885881188119292,-1.3236559670849011,-0.8930977343475468
56.406353073303571,1.0454004550220426,-1.1981832940371084
55.749326527778777,1.9135841646779643,-0.43332870927198164
56.350605189399971,-1.4244458540551417,0.82472043812417795
56.29275093927793,-2.0329653686007338,-2.4027638785305587
56.240272743229944,0.7414419926128184,1.4776074949764377
55.278562405260082,-0.99633499706241724,1.4511921485859762
56.424862610511532,-1.783246154515906,-0.30182448988981064
56.11485575792117,0.5267804948858571,1.3240068282618689
56.804898960623184,-0.59353799029079302,2.1426662702163339
56.519048375723301,-1.4333221999274302,0.9083616338980145
56.377784680050354,1.4073710912870108,0.52677419972662909
55.295716314085837,0.065993702660197009,1.399353868744162
55.79730228808274,-1.6030746537589129,0.6239586903824037
56.068571976689455,0.84134939544096199,0.47464794917213821
56.872142126868106,1.6312730816799696,-0.13530970550334878
57.16769669557209,-1.6461691870741195,-0.82504689527586306
55.379663938322309,-0.80732941638490874,-1.3319818684639884
56.060745282454043,-1.8109134972344305,0.9531081315775235
56.042076292440449,0.8606040448944271,-1.5582569504401258
56.400792842213527,-0.42982462078512251,1.3217323790551687
56.411366717254218,1.2423366493771173,0.48592982359034398
55.41924785872925,1.6735397398255476,0.73992607870815452
56.178235737121554,-0.15854164300537985,-2.1617725178302161
55.232667382841555,-1.6296967491285772,0.2677070302766687
56.498373103825386,-1.4312166948322558,0.1870424167206286
55.214610067142686,-1.2068939723856698,-0.37260574592222084
56.020362426384054,-0.8211305059222832,1.2698569222785814
55.434403537591756,1.2859546764966048,0.74487543906056608
57.03088167306877,0.5941529624014481,1.6972041658748129
55.444231105887866,-0.88351973592180943,1.5761107620158805
55.858190247475278,-1.0496667915450841,-2.1093023469950802
57.085885543120483,-1.4080891283237185,-0.5395094524086822
55.861733762104038,-0.63386838735587647,1.7520493891975928
56.843651479425972,0.48688552889997316,-1.6863874495850744
55.625570511584819,0.89433481676895543,1.5683013108946422
56.350782761881796,-1.7898131029249194,0.42005086867355845
56.176073408431776,-1.8254286101400579,0.4671903202390203
56.70686654286397,-1.289118481133338,1.3741077324340847
56.754160573140979,0.053825218902162256,1.2278034543734728
56.540454246890079,1.8503436278448193,0.97795574012138409
55.950464011239198,1.3909043300809061,-1.893730353739697
57.070236283054903,1.4392644011554478,-0.22614671435068134
56.372534247621928,-1.8141456004876355,0.20712548944472906
55.939230639749752,-1.2882775868529002,-1.3943713676372027
55.51271973442077,-0.41483449782748494,-1.3803770357129292
55.533266357491677,0.792602956348054,1.656152601113122
56.865324887900307,-1.2946007001456308,1.1020163302569606
56.392637425659309,1.9376452760603533,-0.59069739200763416
56.795448023523242,-0.11725976035774685,1.3175042188998574
56.923631647599045,-0.090550840335500551,1.9369897098824922
55.91287887432258,-0.30877094938106042,-1.8323624766909494
56.780436974636508,1.2892219404028471,-1.570796626832335
56.884987358977014,0.056805320929838699,1.7646127904990137
55.952222240215974,1.9271093616949624,-0.74507008202179925
55.335303761295464,1.0228543307486906,-1.3713240860815539
55.199382774981572,1.4880257102990111,-0.76231569008516142
56.326314746265041,1.0194544546739197,1.211209820551854
55.740052749165734,-1.4326111540344058,-1.8441891467672016
55.135631585499333,0.74522968997038486,1.4389463023757938
55.215758879679434,-1.9293881937712516,0.17885656050109192
56.972891301293615,1.5387166461105377,0.8786822689105096
56.745792434944441,2.0618641596179912,0.066406208632736802
55.994375484951675,0.55129575634103656,-2.0274611037553654
57.162241528839289,-0.20926845106272718,-1.9764661468003961
57.075617638710227,-1.3020616571316814,-0.94440864934892133
57.134668941260131,1.7086714367322509,0.92106578278294815
55.223053760630656,1.9563426482202357,1.3474482613495538
55.977498116495809,-1.6348606420096621,0.72436577444655781
55.957800152152423,0.91726082598299052,1.3585537457043761
55.6620225461795,1.352327749652565,0.40233993813092706
56.557333649956988,-1.4033887598598391,1.1462540628726476
56.150994785234175,1.9776567753180954,0.075840531333021419
55.373031133144472,0.7373027865758458,-1.5188388166068123
56.202051919922106,0.30178441067255657,-1.8283223597067213
56.393334071060899,1.7654523353217144,0.45787367662262607
