54.910382477496192,-1.3171402820112881,-0.42979919585561593
56.40041416089943,1.5091554482294263,0.40049419730774416
55.787162397295063,0.47836072536375362,1.2493091128026208
55.343912179238423,-0.34520887135695999,1.8399321169407357
55.610847276100905,-0.30987827311217758,-1.0460673696244907
55.4465258941676,1.0944872232354863,-1.1136057275901075
55.559303183747708,0.26817152562770902,-1.5384085028363121
56.454407863388866,1.520891489757108,0.38037426567247773
55.640618942125933,0.66653272966435695,-1.0659759899318093
56.211446194919567,1.510401208020083,0.35530341975319185
56.422658483307934,0.35936065406784284,1.6180734859701476
56.908734225815515,0.94961351624742163,-1.1876701096586124
56.229170244854956,1.0857011658233222,1.2813171495525109
56.121983718751515,-1.4300242455270713,-0.10230791270610355
55.661365755054909,1.2360141700181742,1.2826927501683776
55.152850136327096,-0.48872561062258618,-1.2828228483263346
55.391736836869676,-0.29720193843395326,-1.1908259518969126
55.56973725400735,1.2420929724951033,0.72888356368720031
55.454751185071657,0.68578743725582858,1.4999370908901073
55.450154034821345,-1.25042484845083,0.66513365985609207
56.169252202914514,1.0558951470576325,0.52838108153211849
56.222130785988973,-1.416833451937177,-0.57184724927082675
55.141627125180769,-0.6333230692189078,1.1972282202671938
55.972546361205225,-1.0570085516452434,-0.98842674621864601
55.25808994957378,-1.2430619741952269,-0.9616978531209015
54.946054703650681,-1.0897167400965306,-0.46662508061040203
54.928532526880836,0.45998657590365938,-1.3684653792324974
55.08074642727653,1.2081977357298443,-0.48258221965745907
54.938162450616076,-0.94773298827310948,1.4596341680731015
55.12965827036021,0.6666375122870204,1.1477504505083851
56.42435768769473,-1.4667215051093951,-0.48975345367630535
56.603635550324221,-0.54692364066778276,1.6464583639524901
56.800421465928345,-1.2878208786339453,0.09258631014398791
55.706791480562181,-0.67252816926193737,-1.2288572913293292
56.580061789301801,1.4022649371013722,0.68309975820872804
56.099711114813758,1.1805361868582678,-0.74564699360773012
56.636127038425073,1.6320100500367847,0.30628370726990484
55.27716322769983,-0.093957972651656604,1.1778465864332051
56.164099805905956,-1.4836142384287858,-0.60218109429042721
55.295822285775238,-1.5494707773448877,-0.20581307649029473
55.269904343950856,-0.26669858428300974,-1.1693318508585131
55.298601943523188,0.58558071870950401,-1.3415635566176947
55.270125791549717,-1.0622456654752703,-0.85506202383498653
56.097027614270502,-0.80057053553302482,1.0020218095849225
56.219439153785238,-0.98308761608534556,-1.0935082307076163
55.786825596566324,-1.2010447141510248,0.34620219702833771
55.995429758198611,-0.77309406066274933,-1.3664571954571998
55.535172752619417,-1.3320206082687582,0.70711320638781805
54.777405163541452,-0.80285943733213561,-0.60174903575882077
55.696979737714493,0.33149320621071721,1.3496962207465135
56.192073711295208,0.71976621876321434,-1.1978051160005199
55.064644426531245,-1.0758736481810136,1.0014568791523497
56.46063274932667,0.84796675555523904,-1.0356619779509832
55.442794884074722,-0.57552764701029879,-1.1526181136557467
56.20880371854139,1.4182857944040328,-0.8753101625226456
56.668937736958071,0.56767722498924733,1.0037735314601153
55.914837333600914,-0.43766677363426332,0.98186075315191146
56.275811055512811,1.5891725673766028,0.11274454089592478
55.504210665455552,1.7051705978535847,-0.45318915018446781
55.194502724544201,0.17046087186500361,1.7200970306431524
56.389600332950593,-0.87843343397970353,-0.91345635061596897
55.95493062962354,-0.67408023668145833,1.2281562739680882
56.111423521051094,-1.3083530563971502,-0.11617855181354744
55.285505263398129,0.2597940647851672,1.428528529466391
56.78444015910199,-1.1604314775097198,0.9298157410453276
55.091859087686672,-1.2265999666708833,-0.44462659899124646
55.705275306182251,0.62785144192111297,-1.6428290689456988
56.574766434605408,0.95106708142426133,-1.129753152991382
56.213486343538634,0.31748325051822202,-1.7508497953016262
56.328314893289047,1.0911540232501842,-1.0058222840823772
54.986769204607931,-1.2993294731107896,0.69581921262800073
55.370966645180367,0.57936895093110108,-1.2658261923119116
55.267742351040262,0.57502949523711455,-0.95389862797060165
55.5350216037858,2.0181126470599215,-1.2434767563277829
55.404663988271359,-0.95177432258619599,1.1624118150690725
55.365530606737885,-1.214088956196929,1.0554008689678489
56.427804488176029,-1.2788768340014669,0.98892009334506847
55.579433456664354,-0.61259984344105145,-1.3752654166035858
56.22047167218691,-1.4951075539220084,0.37335996620835954
55.033133950293184,-0.68960237987684547,-0.94970228872589191
55.239593517437221,-0.67034651659835287,1.2816612395540159
56.363394363392779,1.4597335721388349,-0.0064293756244923747
55.804783806289159,-2.0153892707599295,0.77482937010690056
55.834749433312744,-0.67605379115144049,1.0038683835110003
56.731475729928469,0.072447813629409219,0.99251933091004652
55.274799058200628,1.6028331467325785,0.39926065094574487
56.163875936176304,-0.58680170338360893,1.1438128838207036
55.628194168021679,-1.4132803502781528,0.96369096785995323
56.24418216910211,0.24911980089695734,1.1768031220688959
55.917197051128248,-1.0440749965620091,0.58988565701730777
55.037751459269167,0.13447737870204513,-1.4321690737073163
55.805373386416832,0.75875076483674986,0.83479477854395479
56.64453641099054,-1.173156097890369,0.78358567204517149
55.490667298524592,-0.81629896914846467,-1.3550720823855502
56.010503075969744,0.77933164971756452,1.3857037442393285
55.813951835472665,-0.17343253221914892,-1.1857585580641687
55.044077988248027,1.2214482577458974,4.1541375738938653
55.95362053544531,-1.5106815518896533,-1.1800190985124639
56.262074015572949,-0.28928963717279338,-1.3015276435782615
56.245711241602898,-0.51720107911417357,-1.6499551636624288
56.505957194370886,-1.1248292113154454,-0.62572111283470189
56.581973320907927,0.85557358798362693,1.0679837906305374
56.575637463606242,1.4170616419670501,0.30473669380331841
54.923428161761784,-1.1967759343691444,-0.93115921303747407
56.294106304556905,0.042946349933829869,1.3354420370210895
55.913311163491713,0.072401043965469827,-1.3539120974522452
56.017510874319719,0.97286188581702282,0.85602392959174334
55.808117828782542,0.63561214370303865,1.1955044102002561
55.841534355901146,1.0401796978952935,-1.1674654870467835
55.343961438555766,-0.37110572202068703,1.3237528732040276
56.741348946391838,-1.4251358495963893,-0.15084550734020047
56.228584798383906,0.46772605278563067,-1.3490549373949268
55.703631068491163,-1.1836689963526945,-0.44273783729328176
56.653067236621368,1.3561243620341235,-0.025522427863568887
55.772423444575601,1.3300407560557961,-0.51589059589801067
55.421090121541027,0.25810694519356225,-1.9606003365143343
56.006324148683014,1.3567549211145298,0.67765454724509977
55.860522607988955,-0.12675853197602041,-1.1505750231419927
55.754209001924259,1.0919213879564009,0.93373869596301107
56.470266041935666,1.4572285931780498,0.66836287323633092
56.237578308906926,-0.94920043309877977,-1.0399663990734025
55.776501170343792,-0.32946301543984918,1.4262668879799962
56.117581661727833,-1.4089260523359646,-0.34675877703346653
55.255751977180594,0.10937671994606379,1.3250018733981834
55.582155642790205,0.70045912195526161,-1.1546273219489998
56.273017992035683,-1.2119228009941319,0.14375218748448335
55.636678982125332,-1.3682714449992546,-0.47481230554608189
55.177764690720139,-1.7938599979191918,-0.32593803768324053
54.858636762260154,0.47107772980826546,1.5029248395741424
56.418531890284648,-0.78259394865573095,-0.83426354456942586
55.247234110056041,1.3363937407562472,-0.16588403085413123
54.941526088350365,1.5366720716708828,-0.97323933135817065
55.197263457304878,1.3323150777537127,-0.72311241958204397
55.500949184078934,-1.1702265828023282,-0.77413507762875478
55.130183178416601,-1.0054702824169133,-1.4668718424923757
55.468147975414368,-1.2682670035351589,-0.33322936873002101
56.67068345465173,0.53831158779476251,-1.4119172622726299
56.504485392084099,0.37135962241659853,1.0586320061751189
55.028448345022667,0.31473659737419396,0.46976976396115294
55.215983193917097,-0.68889078541048276,-1.1822716204355068
54.796567183336933,1.1913351708712301,0.81227541439472484
55.24188453701283,-0.96629906384737152,0.56145621003721746
55.178143583304688,0.15481642810549168,1.1934443903647958
56.132041838552226,0.078704964361387131,-1.5141335892438745
55.412610184978227,-0.83074899101026012,-0.22861637442820743
55.387286435715176,-0.48645368033022474,1.4873398414592498
56.485062432497003,-0.090520683822252715,1.1550058545178552
54.895948277069046,-1.4738548636484508,-1.0024547677988986
56.736065508007222,-0.58007591312587969,-1.4068209044476352
55.255043972295482,0.94515146739171974,0.50340135147668863
55.542694638008811,0.90067465849841521,1.3551624005899352
55.348448970941774,-0.42352271747147924,-1.3729165990372971
55.358988513189828,-1.2675694293569106,-1.0193714633941839
55.669401623767463,0.93380969717173046,0.73925149305606275
55.336344276804631,1.4840735387979607,0.11789357430875781
54.952422915961051,-0.12900725451868925,0.76654555892971976
55.018490138572908,0.80004084568448719,1.3255218626106899
56.057416324223745,1.4140225746614306,0.43182399638649405
56.302668759001683,-0.37802614355150677,1.5037773081417496
55.126829532526038,-0.77215407458898755,1.1744512186256193
55.375898925841668,-1.3583776144010806,0.069755821628120968
55.154748870917985,-0.91013776376650235,0.8715891986393115
56.677026208894638,-0.43527396822746905,1.2104183796819366
54.921357510461092,0.41549108468901752,-1.3822811062354934
55.928297566008993,-1.4205025138193346,0.20678850017008593
56.372377642048171,-1.2589861076174778,0.50530658906176917
55.303490405676399,1.5623490968971347,-0.50098795958452047
55.093692725462496,0.97591065227403861,-0.91190092335698525
55.703652516362297,-1.2596157369680883,0.60858577639051881
55.619496540917609,-1.4216356786555187,0.8869614241886884
55.948589313233583,-1.4199499952965009,-0.26921506357724378
55.639047000179794,0.8647611739389639,-1.1297645841437782
55.013394062061948,1.0620306608086938,-0.95272164984992269
56.01038711099347,0.69545027165799123,-1.4995481409400424
55.056212133529826,-1.0653665639037098,1.1556972010730009
56.518774117627103,-0.92378981589327591,1.0395396663660095
55.295918062134568,0.82418250993166919,0.91337492569183998
56.573899432719116,0.88857749557566001,0.77961171259918394
55.088538988535646,1.5889999834435313,0.51017603426672309
55.410642376030182,0.91854936631956252,1.0257017120854612
56.239401345559301,1.3095246645198688,-0.8359142424766739
55.38253557686582,-1.2180393934246445,1.3441860888460644
55.80670410644862,0.96625718300603136,-0.94506693344282133
56.210669003827647,0.46829928055663878,-1.5366417927538938
55.543632797944205,0.63252507892139154,-1.3701419507195203
55.439069718578835,-1.1118819390635302,-0.28505531205419715
54.958895829141952,1.3861508055053979,0.67668318796356941
55.727454187965115,-1.1701689304116731,0.34110872925001767
55.536877999493164,0.92190600740066708,-0.95001307300123983
55.830559261788558,0.81683006589198337,1.1356880212813383
55.915023909299435,-0.12855213243893387,-1.2956490256354563
55.120075446165472,0.30905021962671486,1.1559960151126742
55.226759462855149,1.4870515538227314,0.39597436224769744
55.971477700889182,0.82850810578265843,0.97538963317543648
55.867283158231395,-0.98382386933641441,0.80421587703516684
55.507243563730945,-0.7222975851960084,-1.0638531811459802
55.577162407600909,0.83557137627347022,0.67223186014035274
54.996458803801495,-1.4376298943449115,0.76929023651790873
56.113394668831184,-0.11054980703446642,1.3101080669644702
55.155766916709084,-0.34115841706008265,-1.2212407181673717
56.215585510566846,1.6866525187249459,0.29660594186802569
56.149327069617478,-0.4272914365961652,1.6058761046598098
55.741862401584065,1.4442188299948269,-0.12668970011687905
56.725715038334386,-0.55570631264436654,-1.5117191720565055
55.667570926185391,-0.91504233499313536,-1.2747126319631386
55.889794155074064,-0.91859075938990087,-0.29682294978180634
56.601622860195391,-1.0492857999425413,-0.76365329221337963
55.174575450527172,-0.57000269102372747,1.4958383083726914
56.659456395806458,-0.42446229511903427,1.0545035540163918
55.989626016794546,1.3284760421331006,0.58014649241602878
55.065199268253146,0.17957376527294142,-0.90156167154407851
55.666109814863034,1.2624255904148496,-0.78775748695758196
56.830478287739957,-0.47533085664780861,-1.4231239471869483
55.670357817032617,1.2700463931372541,-0.43052252582901973
54.804368606495146,-1.2754666353098636,0.67680946390968943
56.68633839986304,1.1044019565991248,-0.3671678874406617
55.611281174682389,1.2314328198129045,-0.59281315803430934
55.543203404798504,-0.62847698973678623,-1.6123715506407486
55.744515705149396,-0.88913617797085709,-1.0928493166489035
56.345449143640941,-0.92978004467885,0.95609961228774087
55.828012296710327,-1.3447702598958975,-0.14476566788861694
56.4516223799099,-0.76023860111803843,1.2813948282831407
56.489339317315789,-1.3685069443293962,-0.88763265268405667
55.993620227379822,1.2695857811892979,0.82168954379940951
55.933130281979729,-1.148120336880097,0.84703674386338879
55.499939945795504,-0.61645268583409851,-1.1484028135709186
54.867085133692505,0.036259293815205332,1.461501564536569
55.261166851326855,1.1437730586510122,1.1244429193922378
55.050684481463904,0.65739204892289704,0.07716827421358266
56.623992149109569,0.54446837731763731,-0.90997197546865116
56.374509078021354,-1.5769715392364807,-0.25830856558347365
56.307915957539372,1.1188028323383254,-0.37164937170907891
55.576420061890175,0.21989125589766864,-1.3535418958824217
56.125511036190943,-0.72151270737371842,1.1857651624876897
56.821178747253448,0.91036013718785358,-1.2472617685132874
55.489443360687844,0.00049037596119433586,1.0425767423751713
55.183448729349657,1.0524013891451132,-0.87948894941839695
56.280707659041703,-0.65393068082770001,-1.148604117779328
55.746466789538097,-1.1173166761532525,0.5785418023352471
54.987558294107224,-0.85484577294415809,-1.3364590194099208
55.469551254471419,-1.213566248687417,1.3424239846530834
55.520404684410977,0.79870855083134085,1.4465649810073675
55.794758972172581,1.5439330285911823,0.094016302965410983
55.771959093045652,-0.46790456563291527,1.1651199694349041
55.24969187555169,0.32256324087230526,-1.4722125453993706
55.695336745415958,0.080951938699588805,1.8258232856786589
56.271123674426775,-1.3416492031838556,0.51711465907709953
55.027147414697055,-0.4576429425829513,-1.3227045976190432
54.982192597662369,-0.3556322548970145,-1.2921275869374678
56.000397590651907,1.3190871693164552,0.84220685279555685
56.470125996688118,1.060628571535295,0.35059772884084422
55.008289695042642,0.52870504924806438,1.4931409975911116
55.566394502674981,0.55724743769307283,-1.4707231075486891
55.050697882460561,1.3656087164818462,-0.11625255488811141
56.279200584839508,-1.348432525359442,-0.071836478950404237
55.000480903119289,1.2897416563631889,-0.74461340360219519
55.476581716479849,0.61374764557898165,0.7701269086273731
55.762855115531075,1.2483679442218472,0.51942993760120015
55.476280894435874,0.92449107703032096,1.1823346775082186
56.448428823415831,0.2099721357655554,-1.3952938828448547
55.991799524032231,-0.87451517621467145,1.0387684893318858
56.413224832381367,0.014759230144478885,-1.494713361364568
56.554233169109438,-0.25076265024604871,1.4544048025410459
55.773080188544412,0.63790685228951916,0.91840176322411049
56.658173266185145,0.96537254818324592,-1.3989833363816579
55.697149891355224,-1.5300337169381333,-0.052228794222627196
56.5451924858003,-1.5645200705634257,0.21439629414387615
56.725981361944328,-0.55505898365585637,-1.3177876426162121
55.139119195199015,-0.95614738960327994,1.1139833660553795
55.099427083188708,-0.44454937430847447,1.4274580436210924
55.786153518037317,-0.44900771938171108,-0.34658354644321943
56.140447261385901,-1.2637101051309148,-0.21353237839199174
56.038527601461958,-1.461843162058035,-0.59010875319105704
54.812035984795273,1.1750762789188984,-1.3884380298808117
56.178395186038493,-0.92752570364364673,1.2228720053890643
56.555196611370597,0.38755225622706507,1.7523057375988498
55.016257551965424,-1.5682456418276207,-0.31729795617243894
56.104144499401855,-0.27550503984128438,1.6330584247752284
56.363150902056823,-0.44915917068501482,-0.96706059254788668
56.313775379534157,-0.89770971197691474,1.8390148210017749
54.750464229730817,-0.34223332852350313,1.4514715613188602
54.901232352370315,-1.302746014417604,0.64826039985499673
55.501905297853988,-1.3834314187823726,0.8220374749998699
56.32041188837497,1.4434986141162758,-0.18754218839376791
54.981504310621034,1.2215849757457189,0.41863837747001209
55.434254781329408,-0.97719646117557846,1.0920043100938825
56.532188679103626,-1.22498453978544,0.43053388781673163
56.391051235775031,-0.94438958177645993,-0.98110840287150303
55.470609429684018,1.366618659417387,-0.27679798152141954
55.892677207002222,-0.86285923329898362,-0.77689764546397422
55.794175052715552,1.1276051946063625,1.6955126064284738
55.481042656586176,0.49750230768581172,-1.3044249475546079
55.193997802099219,-0.41519373059210346,1.4293746575371495
55.910523689105716,-1.3896776574678742,-0.083277404815774364
55.827739205147182,-1.0007626311690088,-1.190359278270954
56.215299464436548,-1.7972470232266369,-0.23302256507854543
54.805327164210091,0.51044596111673757,-1.5093181100661131
55.621050223682808,-1.0861519695540636,-0.25344414707951196
56.320836658680541,0.28128576968012742,-1.0260299787275451
56.430579743698651,-0.73703065474175478,-1.2719094789163583
56.003294555464691,1.2110500993931537,0.53470714685868448
56.159724493669735,0.46194637987113901,1.3141212317731115
56.682269450220083,1.074133535508899,-0.74940662302175443
56.63241556815796,1.2607896670650551,-0.61493391186021762
56.040455072571028,-0.652971799102534,-1.362117330227073
55.615289865981325,0.61646000590068672,1.3027021460401513
55.367038515701616,1.3434453047281938,0.53649645517587674
56.551970321301525,-0.63523993407569823,-1.2853741333787327
56.647102921241824,-1.3377581564029442,-0.36706752408082488
56.042625762881649,-1.0517713373980524,1.0970029850947423
55.859727407444261,1.3754685882928126,-0.42276113341874161
55.107597007630211,-1.4159047534936127,0.054367021341899725
54.75352807777854,-0.73664808503697399,1.1884220693482876
56.412956466917471,-1.5712873628765966,1.0477405377098816
55.728528208176705,-1.0582310661100787,1.1044055408599078
56.477428758114776,-1.2474768806171983,0.49744152857551655
54.857636820570541,-1.282001751098873,1.0074668026213045
56.07803308324003,0.38353749151904082,1.0393242581365192
55.001217761501408,1.4319810745274371,0.38962454688714138
55.447562736627056,-1.0826714193494846,0.53753127423702196
54.914484209293789,-0.21813939474750621,-1.1301502069210552
55.489920475096405,-1.4537326469032745,0.25481706961857986
56.032476557650192,-1.254382054713572,1.165168298042335
56.103548440100802,1.480638364811854,-0.23228413364866335
54.768653777898784,0.88333103007013269,1.1354674677713723
56.450076382640525,0.95810878810066924,-0.87271749751145522
55.216957954806198,0.18004730072797567,-1.5595046200409859
54.937771740735947,-1.0713614230796527,0.76142065800605663
55.187902731197596,0.41555481450342213,-1.628267760751521
55.981342086966393,-1.2153860720526313,-0.38434467083460605
55.440499821690423,0.21993437474686556,-1.4547990046200008
56.499690064455066,1.0880871771340417,0.33333974053646154
55.471956674032235,1.0840415431562509,0.8768689008073467
56.726687606984562,-1.1391262921844842,0.26536142825634201
55.891563008502445,-0.14357758508106819,0.92008542118710512
55.315535212056702,0.88335666913401067,-1.0560802276431793
55.069169359842739,0.72467540443307732,1.5607804056140173
56.341339246636636,-1.1502215597991756,1.1864979574146666
55.727441997234116,0.3225820474583162,-1.3151811646917311
55.521854039094542,-0.78358380351657064,-1.10792949141056
56.277504642492787,-0.18666876464211149,1.6779152083999638
56.520446352355648,0.93051479481184229,1.1651534321643162
56.200661967614245,-0.0057834446234180338,-1.3011347139825653
54.884789502039098,1.0031410281486883,-0.62904486705987694
55.645409465709079,0.0047614805929762031,2.2454059640646071
55.484180080121504,-1.2570483671387498,0.12738995145858872
54.932089922387362,-0.34604965308009022,1.6986773013972594
55.450786423340453,1.3722000804699206,0.11797228297725043
55.162767379563761,-1.2432044928236075,0.24124325305842664
55.913092374667599,0.76216372975275537,0.80498898631433013
55.085217540114741,-0.14494964561590826,-1.4892669629061417
56.041896843156536,1.3124951942584222,0.09983708588028388
55.395135454211868,1.0409613921305136,-1.0089157652822165
56.298589226614311,-1.3874197046333943,0.076571143380444545
55.379238087448236,0.84310795730439858,1.1565316167451054
55.328839205176145,-1.3696651158143565,0.41168848414473569
55.592155820032133,1.4145873960523603,0.59472432053500535
55.630143570899655,1.3074967977380085,-0.72736760647080212
56.497263144621073,-1.0176669056246452,-1.1741903209408322
55.648268090165971,-1.2397994990435603,0.39840909252894074
56.754748692888406,-1.3470741936728583,0.21373065945166472
55.886124684031444,-1.2390071992512519,-0.53434393608709618
56.23196319943392,1.1997007197857601,0.98284906409518447
56.447719826661611,-1.1185994276492484,-0.84209109772320268
54.991022307506888,-1.5128418198482187,-0.13241939564745389
55.698620218903748,1.085809319866172,1.0764052153565478
55.530800026332749,-0.89259241438492209,0.98646185103183903
55.421782487202378,-1.2962072180707667,0.89085359518757079
56.410042550693468,-1.5124605294929099,-0.5774051056716355
55.844797816724039,1.1553031802846763,-0.010362846194884914
56.162337915627248,-0.39174398701630275,1.3308191840681043
54.795036236354221,-0.47215331745725808,-1.8267574505745636
56.730508061670363,-1.4522921758875593,-0.0090241450120455823
56.011492572275017,-0.6462774029877536,-1.710049174480083
55.009176454633497,-0.97406370188438152,-0.80552795220183127
56.040201976451982,-0.83367836701869225,-0.37711734467290392
56.672477398422814,-1.2269565792640684,0.039981752653707139
56.071705142937887,0.15423669766136325,1.2607161760245633
54.849568749009144,-1.7491784876840182,0.18905294130231309
55.329573647099835,0.98158974019614531,1.2119322679841962
56.327986793271421,-1.2698694655442655,-0.067744869743665476
55.5291063496717,0.7576212181770382,-1.1739591239914569
54.926209977015269,0.41399881686318613,-1.3895410619812838
55.388516042705945,-1.3860744416522326,0.5356516756970926
54.989696098799335,-0.089799756600202077,1.2059593302493992
56.699260357890466,-0.78110401581900757,1.0781043694375205
56.229644167343217,1.1663096927459393,0.99865927974204116
56.790976225167917,0.84346843735899701,-1.0767308135897884
56.408891357222871,0.66540653445535758,1.2220570088843932
55.42958705922446,-1.2195976380238482,0.66689363177385796
55.717666586369248,1.336757933479094,0.23727970960565509
55.8740865538932,-1.36248123421509,0.22655115786162452
56.309007563734504,0.74013106137870011,-1.3445102425115836
56.830228068432838,-0.37569318229270521,1.4103056905550346
55.74665254924841,-1.802197084161931,0.79853349234106474
55.05243050751951,-0.65457390844845642,-0.85843155103281388
55.444833927143009,1.4623031184093624,0.5664830841681564
55.92652740870362,1.0695141071922412,1.0499762681741478
55.446364072571761,0.26001995498747371,1.5851180314845632
54.980453139115355,-1.1370762149542732,0.75862379480924891
56.028665311039738,-0.97757886011215089,-0.74258889755782087
56.688653980427965,0.79231951390713196,2.0271727588284358
55.720123271023553,1.6988130211062589,-0.22494665532653763
55.628663002048768,-1.1523697824646773,-1.1358909681267515
55.956202293570456,1.545790167996502,-0.063008157953893584
56.168944479239229,-0.35140048437327065,-1.2511951597673892
55.604546949300783,-1.2268280595265277,0.19613341046197438
55.710252763871729,-0.79770378649330609,-1.3415090926327111
55.265127852876802,-1.5537746076786896,0.35625873407707143
55.749687316688131,1.6197922014269632,-0.11229023964026204
55.990315690640628,-0.14171773272365337,-1.4260915645716623
56.683993497989952,1.1087481482710804,-0.93866923543751535
55.591237070164766,-0.18274759967451099,-1.2744656554411673
56.478375995904493,-0.63277241071770662,1.1362353631875763
56.462342560863114,0.13382140214308116,1.1129835227528089
55.716139071770428,-0.38050018985785533,1.178446199599311
54.760870795194677,1.2784497325968924,-0.42482758254886266
56.640497887944704,-1.3140809172183685,0.65410949854776557
56.147340562204469,0.032201010430135416,-1.3533950476290517
54.958898757833872,-1.8648886133037628,-0.2520019470898392
56.765545103309698,1.2840763282433729,-0.56457856332659895
55.333907173372992,-0.94244222957712231,-1.4170116809307134
55.09614840485996,-1.2714436456195211,0.63720868849658274
56.664230655680328,-0.44278187881664272,1.3041199882647923
55.682483722316476,1.265093692042176,-0.18637249612240753
55.225438235294213,-1.2047307725102179,-0.60957149754491979
56.239339303264728,-0.82127965139661241,-1.3571489353562765
56.055905113484563,-1.2272817381683891,-0.2649813570327389
56.230444471624189,-0.32518242081710941,-1.118558579084886
55.551828972623937,-1.4413323695410249,0.4745253154149997
56.312369212544901,0.41561705388244191,-1.3849443884447066
55.58543341574785,0.53570070073125542,-1.4885865647295637
55.51254994345809,-1.0312479481189727,0.26726301366899147
55.63913498631981,-1.2814260229220111,-0.42183421765882601
56.544682087289779,1.3232684209200749,-0.77745300528695704
56.160630374269275,-1.0429550192760941,-1.2219872965420262
55.696774092627678,-0.67156331200164932,-1.1723311740182147
56.662313760295525,1.2426715934016208,0.75073507909779058
55.520869156552564,-1.3868302086721036,-0.60203051836390797
56.203125883046575,-1.3393387632359928,-0.58473199909837958
54.93130192007176,-0.19754665701576185,-1.4744899212708518
56.326911406019981,-0.27305474523026241,1.2852403106781469
55.58399673279272,-1.4286814692829191,0.20159311977581262
55.780697301326349,-1.780778414142669,-2.9977172751815777
55.668503646011523,-1.7017956811736641,-0.5615895487405449
55.19096946650717,1.3662441365211309,0.30422082599070432
56.009806083777832,-0.13224431158275318,-1.1703483948018263
56.574119638685083,-0.31032614371178707,1.3716155590497696
56.756391043081955,-0.3609641411132401,-1.2994572897636671
55.420463485267661,0.046780186481284389,-1.3438151036603394
56.632588762207313,0.95163352480022767,-1.3636650827645376
56.230195813829667,0.66880573579432501,1.4777858411048477
56.242297731580379,1.3683470669391578,0.55078723264399454
55.639008775971782,-1.0737189224527222,0.73909465741845015
56.548123384371365,-0.88233950264701888,-0.87012837603822912
56.026698730297376,0.66275399649214717,-0.79216637615996133
54.941474530137441,-1.3958923449690663,0.064601688644507965
55.519035618453827,1.3861140410508315,-0.95533873421801319
55.669820693820114,0.849422551475571,1.2892486841300521
54.94852964649774,1.188618697036401,-0.67417054450870884
56.089044231380043,0.16038565421376258,-1.5685420654952926
55.276598803522418,1.2455720204690408,-0.1051947053279552
55.300949496632519,0.58996853122351334,-1.3633910810285155
55.52558870351718,0.50445392635938768,-1.5151015990993442
55.421282241929497,-1.3027657930935417,0.91453455759920665
55.380129010663168,0.94211632204250806,-1.078614789584694
55.382361123518848,-0.9630168537405378,1.2315119385994129
55.452385915907357,-0.12275994988914836,-1.3190668795186604
55.899658869934171,-0.49906696054454086,1.4474998411654483
56.691430302428621,-0.79870756461953119,-0.99752355551190242
56.675477086334034,1.19398467340244,-0.28152153214174497
55.125370510082185,1.0074050498563603,1.1835357253041112
55.733929820320867,-1.5399427051902888,0.15381782041116551
56.572196991242208,0.5150207687036007,-1.2017203528838922
55.67491732625772,1.3317955119046219,1.1231450421382414
55.97340562676164,1.5229023822256322,-0.48479231941142586
56.331745822723512,1.0956970781780935,-0.37823596307840679
55.036500076049613,0.75738819510974997,1.1815416064589714
56.393861697533026,-1.3409832998385491,-0.25541724195815535
56.541940136749467,0.83776641593051049,-1.0179018151741281
55.853410615772752,0.58548354290305482,1.1450946170517509
54.953066863482441,-1.5904170088561587,0.76920798581193017
55.748032325509683,-0.84411855491516308,1.0076806026039371
55.093261724394388,0.097559211902035758,-1.2624503241420402
56.068842357843792,-0.64998571671141459,-1.0694837284626764
56.561838632264042,1.3327424414403608,-0.53853276165590991
56.386001942474643,0.91012854448436686,1.0624425140870142
55.714687232190478,1.4631550203916324,0.77141993124561625
55.362928208611216,0.36099042256291108,1.3031452219232496
56.248728774428244,-1.349724163728542,-0.34166934380276975
55.29686355017558,0.69734210498934157,1.1484094138118726
55.125720772271123,-1.6298536764636771,0.10580460994252379
54.990318307754393,1.3859509619413874,0.58141770450922847
56.415550617784,-1.3776423788594114,0.66338870638948499
56.403448667704183,-1.3445559346626168,0.76611064959766284
56.7095942285547,1.4752438088109423,-0.61504086018679205
55.732210259901571,-1.394640730135573,-0.94797278821322428
56.258856273593693,0.37721657717270091,1.4221582380628075
56.646221416757193,-0.16073006262614786,-1.2180625771914377
56.497077459949445,1.1144809606651493,0.1943033465045032
55.822533485919969,-0.98776624330365992,-0.91127919094558041
55.183667669099208,0.72232853546999454,-1.8177908428371721
56.619485644974446,0.29535014985263469,1.2883638397502528
56.128737777737705,1.3348102787938776,-0.12977052083152721
56.404206419524769,-1.279715656240012,1.3083184178282614
55.425046596699183,0.71384006860838622,1.5526356267095258
56.455178982297568,-0.44316508602456506,-1.4026148147283044
55.453288748635039,-0.22136270070577663,-1.0593244100289001
55.625746093006406,-0.23111177139250152,1.4505672510809813
54.954848358155139,-1.2779640327340409,-0.68984902380011059
56.194667922013259,-0.73170082024938088,0.75095408127464325
55.276987579535565,-0.62761715161404275,-1.6547462023820498
55.946795912054846,1.2938688694038629,0.60445663104706304
55.549288956484126,0.97616084719167084,0.86591348440102855
56.007153809082396,0.2428633015916736,-1.4513736239630559
55.80079411292251,-1.0408691763312887,0.88597057680459435
56.697123720988131,0.9044808318440043,-0.74563333894678863
55.511085953586232,-0.80991205370309038,-1.2650411902115353
55.522427828030011,-0.14138125549667396,-1.2630679550016721
55.471176774137547,-0.56902349742156011,1.4433164815430426
56.720427497801566,-1.1452491834549092,0.82860390232459846
54.996564970784007,-0.427362380905559,0.97811137749785493
55.853417404204151,-1.2842114106302809,0.70390444063650182
56.482445375791819,-1.0019563579577617,0.99119468895922769
55.924506460998209,-0.97564091314081469,-1.0996013196101346
56.043954983119235,-0.64580104248676828,1.0000803812483723
54.869166373807012,-0.81898504104494674,-1.0582034856067721
55.621395261091131,-1.0389241156981481,-0.82610603738137522
56.257274638104136,1.447646255690336,0.081734856404267225
56.04329610241394,-0.33068729698718918,-1.1031245056329293
55.514969931950731,1.2654453252897584,0.49043439506909514
56.755610879909334,0.96232922890655959,0.55424426712985342
56.052407408067786,-1.4336654465704759,0.57977756301354999
55.27731617873954,1.2973975612739415,-0.32218466134144974
54.89483662790628,1.3599589755560113,-0.43209462128435805
56.45536782748102,-0.6693097243918521,-1.1645435515059046
56.083965098683997,-1.1851207786743481,-0.4167032688884611
56.231013494954077,-1.4148527017063364,-0.099349085850859609
56.760738431100805,-0.88053428054853422,1.0800410380630581
55.109251344740734,-0.72370043588090072,-0.79187058663528442
55.276984646807634,1.2771566194549693,-0.2619929826743978
55.639440874345539,-1.3191892746176008,-0.49075891834983992
55.348956226217254,-0.85023709043816253,1.1062747131335315
55.215322597023828,-1.4480129177114303,-0.061961016470904372
55.845812355358547,1.2024683066742616,-0.55897138890076881
55.371027157813025,-1.0417661822970703,0.59318515544805139
56.765233059930196,0.20856181988648498,1.4413159959892183
56.535354813439717,1.1152586871162753,-0.51516617038256318
54.955262717519211,1.4690109777663058,-0.13183164787767895
55.530550777591067,0.15634663730012674,-1.3491776099466695
56.405110410896235,-1.0434001684525414,1.0705743431746033
55.821336246380433,-0.32975756687043961,-1.348193170570398
55.839797191693656,1.2970712201026222,0.95346085957127624
55.044861876069874,-0.2130193706269046,1.5989330694831114
55.216015239695338,-0.82520070033638981,0.86570329855331929
55.195590433669032,1.3723590460069377,-0.17826140298792365
56.585787444562968,1.3191477968235243,-0.29523981291959139
55.255027029837379,1.222861006135467,-0.31017204518190283
55.646725491198026,0.85069527887239627,0.98233236871035612
55.769496436485468,0.48431815204285961,1.5448937272598595
55.521070210955251,-1.4764786300896737,-0.024279406144005443
55.529210196432388,0.92958551802832678,1.1115643829906312
56.625975734415505,-1.1148814988700551,-0.89160881728912222
56.515095720412809,0.79075852950147629,-1.2914554759353489
55.519071415120322,1.4677790105691657,-0.15986903593119797
56.017345201006698,1.5482385722838621,-0.18892064011645687
55.987433531100329,-0.74243610350120837,1.1421096713235619
55.468705923055481,0.61387375368165076,-1.4968212141593442
55.353500926454799,1.1174767793970695,0.20802204454319578
55.103228714950873,0.4776719532073832,1.2001126325102598
55.361837648281224,-0.23711650738195544,1.4130432063203309
55.397658131807276,-1.3909970501102404,0.52500350823171182
56.314961298068567,-0.43199391789820379,1.456416940591952
55.829798877134152,-1.2581232650397587,-0.31313107466066098
56.602035204679623,1.1433149241401506,0.34527630011755872
54.99556191354538,1.238757366075065,-0.79377486917713302
55.79231099709849,-0.8566488664682661,1.2551533028287256
54.959783260711092,1.0074817383420054,-1.2486786859283416
56.843731505069847,-0.44050039268285535,-1.1541508976023613
56.813571587786939,-0.93077047432187521,-1.1580343530989901
54.935405518394774,1.2046571854003467,0.16920477944477055
55.633811235613791,-0.32088690901130623,-1.5668118422784962
56.01774654406114,-1.0452639645792174,1.0155161812589282
56.820796210496823,0.042362810794329867,-0.84126336389424583
56.356250428424815,1.5226824459031543,0.090490090250390703
55.535828407046168,0.47083343096403613,1.0652563727626299
55.181298927312795,1.2676361224804313,-0.96979691413863445
55.38350950245998,0.35842013747040347,-1.1469659379558612
54.905020847047986,1.1996973867025333,-0.55850941883503791
55.749576899277315,-0.25052854644357231,1.7043818207973069
55.079076236839462,1.5133547480949703,-1.007239737903648
56.580009571257129,1.0063449790880266,-1.002829261424391
55.879583085213412,0.055869861012657028,1.2796180104708597
56.410457671235321,-0.60329108035748202,1.4079244816012864
55.293533910243845,-1.3943321551456374,-0.88594545475597597
56.036794553355598,-0.21839551978843683,1.163182696939691
56.552741268634435,-1.0185336624451204,-0.90914045705938473
56.646973926046236,-0.83411852968842992,-0.88315272992390625
56.537127906290912,-0.73093031529360897,1.0629157370994908
55.36396767484468,-0.12593931258333277,1.4651920293734431
55.240452963785039,0.97438514071098847,-1.3699443869206906
56.678634918583505,0.90428729694172794,-0.87767880494660699
56.447554144692852,0.77101002431488452,0.90513449074428254
56.618651868352686,-0.26640677701952148,1.6251527826085896
56.214911406520024,-1.307490721213717,-0.49327945143245755
54.885744192194572,-0.50610206801015645,-1.6520498389716203
55.170493450069621,-1.2379007316955661,-0.9097343561735044
56.11829050459059,-1.0392410529768885,0.36905348531231091
56.568042379987013,0.30845346915752409,-1.2507030362690124
56.436687881294276,0.16175998895406027,-1.2511040522702734
56.189420842672234,-0.91921652027112344,-1.1436363394755471
56.153064461561357,0.044479081797170805,1.5723673151644393
56.590342924463876,1.3789653725503201,-0.25001261304704986
56.248457268528547,-0.42399931929332374,1.4427579428774753
55.257720895945752,-0.050144050077677145,-1.3809063784436335
55.39525456214524,-0.53216386311547004,0.97174971784709596
55.589480737014746,-0.79052727721586391,-1.4444239733539679
55.926004414772585,-0.88634091787926816,0.80553226210576079
55.216372953840114,-0.67873958383986621,1.0257064856219222
55.341087637552512,-1.2186850620498684,0.49236707866890056
56.622888301276838,-0.12909174475506199,-1.5617283889778537
56.130406860416514,-1.3735886344155828,0.23269954387588698
55.63968548020695,0.80847571875156987,0.99110951702393446
56.224196882241024,-0.34329509996653451,-1.2162534960466758
55.390040412657044,-0.04402875610161968,-1.4924804200352455
55.234300617947596,0.26109494035494873,-1.6885035988884727
55.065058850543835,1.8473676237505912,0.57712817908432978
55.378278081506863,0.88864736440019243,1.1867850199659284
56.036151377947618,-0.73482826216953034,-1.3416747924501249
55.729951169325986,1.7362601185073252,0.013649199564696861
55.081628970488374,-0.0091368597513986835,-0.97410142953455736
54.866027872465203,1.1042225446983365,-0.38375161520609807
56.866393589147087,0.59613768428884895,1.1078833076370704
55.998412212355838,1.1897955910129536,-0.44532961626806405
56.123516951922639,-0.85104922099706748,0.98092030221213355
55.379625314866452,1.0310487895878431,0.58546986242845978
54.916083347726577,1.4085811727201774,-0.17092003715714832
56.563238881134659,0.78244883843159918,-1.1865813521162492
55.816304314248548,-0.86923062129765671,1.1125802065451031
55.138748324362837,-1.3333433159325885,0.92901945734294822
55.010104913230379,-1.4658779566085713,0.39890147216455862
55.644160891233923,1.5928397811583728,0.034749160762996043
56.005687676960086,1.2450131943727698,-0.30486514010203136
55.644360476837306,0.56968223812624985,1.6373181835267054
55.858763333017492,1.1284491842368574,-1.0245730188671955
55.992037054014752,1.0753723682333804,0.72248961796564426
55.242534528829843,0.28038695035365085,-1.312239769931258
56.048920335193202,-0.74708652323267921,1.1732402123603698
55.483423162336287,-1.3664000731634802,0.72570727141111668
56.347054630515025,0.49983847487781219,-1.5279136907316058
55.608757454202156,-0.72715942983822868,-0.89320033905680374
56.447115464111995,-0.16280418794964063,-1.4207988273525898
56.25536822163405,1.0119908974998206,-0.84898953851632719
55.015488829391458,-0.41493299199044076,1.8729640590825494
55.923667409213948,0.48134909242798646,1.0964791094025554
56.10333547351253,-1.0068738316189463,0.78687719735050876
54.935653394471586,1.2377471928879544,1.6402823681402663
56.4129020804085,-0.50185196017728728,1.2244857273608731
55.975080681983741,-0.58880182892072985,-1.1410470865867706
56.356892140814637,1.0676710907381863,-1.1597426578862133
56.66349890490801,-1.1987895637294643,-0.47954359874686886
55.062475522391267,0.84100998996818954,-1.1186403665532836
56.052160390858617,1.1901547434572057,0.73773659209989229
56.692585242994831,1.4390154165720532,-0.15152978612760143
56.132496311302539,1.3826337213463662,-0.26233460953387588
56.174099893854539,0.84242334057512913,-0.68530445968610421
55.245395855925011,1.0043796396171536,-0.93768047627366435
56.264388259759507,1.7498785697604935,0.53039846628618104
55.611094501547377,0.96945352148403263,0.80653828430860619
55.214569503221334,-1.6301246574668584,-0.019576292879381604
56.343030474377791,1.6588453429208336,1.5838548106475729
55.79204825684684,0.47732786884149292,-1.4960682793050006
56.468898860187828,-1.2296770535199038,-0.86761176616345426
55.635255522237934,-0.86189986377605887,-1.1263261679445178
56.480698665330053,-0.72383185727778454,1.1124491379915675
55.823865673794515,1.2979777600872022,-0.30192126073662817
55.140223203058014,-1.1080679879126047,-0.79060850812884964
55.022237143515412,1.326978468272735,-0.20013557916387831
55.82255691450198,1.0645253304596161,-0.4608021471034251
55.645182981777218,-1.3158088461176323,0.16695197437909071
55.44001695155648,0.86132428329075972,1.0757024190260558
55.347156298877316,-1.3939028647444394,-0.059995855546935907
55.513559874680858,1.0316211788034635,1.2285268400952551
55.464132527717517,0.7523312784645505,1.4711815709716578
56.323004547012907,-1.1752095962044085,1.644124863477425
55.128198570530898,-1.4591286648775659,0.31191601557412307
55.250568055150232,-1.5901207092552638,0.33241122207350166
56.544881294146791,1.5535226482424898,-0.43745456841223235
56.562080563231319,0.26941098431028426,1.1646406523986821
55.316425393399427,0.059028126098121594,1.4931534326669458
55.357788636327811,1.3073012306313747,0.68682992901752149
56.002879513553758,1.3424730034167272,-0.34110889745009559
55.278148828515242,0.54124568837327447,1.5195300240737588
55.231712530499848,-0.28242037823057803,-1.4357830857474805
56.493249281932648,-1.2063085562588551,0.24924613717314995
55.725033573961866,0.25920923236867927,-1.7759104928505145
54.921139610391918,1.1526758630656124,0.69912985755041979
54.758841892220815,-1.0984945212704427,0.98508005691735789
55.216770526948302,-1.0876515278160248,0.92420034228897574
55.585910896073386,1.196858306662355,1.1614683030343564
55.448101843558938,1.1932130937986878,-0.83447005372736716
56.771580063731122,-1.4754244597887065,0.27641962066131925
56.45259097378861,-0.78471667784453247,1.2652059975528414
55.093362236603767,-1.2950605778860034,0.95135470275193368
56.043994920702346,0.18855724249253247,1.0864464110916634
56.714890653478889,-0.87522992492033791,-0.78702081093616083
55.564198087486567,-0.10021613791096318,1.1367634259557702
56.314499887563301,0.45987203118717124,-1.668024398124146
55.743533927518087,0.34277558890685433,-2.1245422791217368
56.803718567538013,-0.085878116949560684,1.3975750674977341
56.437652704634033,1.0481087405957412,0.92608943178346015
55.226892821909424,-0.59532958707620409,0.85306580957027145
55.045713783947846,-0.93249082460530308,-1.030138769503709
55.582746649069705,-1.1687624092683795,1.2846447267894237
55.644532414758601,1.0794345545480817,1.0833162561317629
56.54155917537885,-0.53355924565721058,-1.3030856926235093
55.080726397110809,0.094572219393310425,1.4245314250526022
55.529778841761384,0.83688706474670682,-0.8877919709753832
55.246487674005706,-1.1615630165637656,0.22529537817605361
55.531229154603025,-0.25142490116676314,1.091199123702729
56.135940632840395,0.024012287322278114,-1.3619420155750039
56.256508029174462,0.54223612173853841,-1.6473150651648412
56.445278830132828,0.14846932777864688,1.6220768891469581
55.049272386711827,-1.5047938189384438,0.35765348424158266
56.039145232789913,0.67462699008420113,1.1278291354195245
55.880007188959127,-1.2896389528976839,0.78932785886517987
56.070408009443675,-0.50378144485962106,0.72138643109939271
56.260654636029194,-1.2706361375547526,0.89961784662845923
56.061108071180755,1.2284921401913202,1.0946699450000794
56.311418951242885,-1.2720710393710672,0.64514300812203296
55.498974804895241,-0.49993941586286877,-1.2299355565082448
56.594261491174862,0.62452150660783612,0.82397419367994296
55.091902106672961,0.42170259491303491,-1.0446496715807818
55.302246650216546,0.65764187021571829,0.64799401579605576
56.215112764558206,-1.0916278223319451,0.91895065765349526
56.565587202598252,0.81594434910669966,-0.82878524240785179
56.162695677697144,-0.49496975905594581,-1.224340749920052
56.39714436789162,-0.84739444097134298,1.3424089863019986
55.645182827029835,0.99758295573771893,0.81535011163424065
56.701036799439422,1.6529489922814873,0.18791766211972019
55.254535646133256,-0.96117709927835571,1.0999173505667761
56.698452535656472,1.6930413085688507,0.15508249484028241
56.236599759419732,0.47990764760503929,-1.3147391444722667
55.794027620884414,0.68140640325021384,1.1047665348140665
56.170191624583879,1.199473350275855,0.39430437439154886
55.776315062928134,0.048083701840988917,-1.6668842258462448
55.214335976246808,-1.3119682635791283,-0.064467814186096914
55.704651871183437,1.5011200073364031,-0.73144978022979246
55.259164649721498,-1.2314637884385267,0.24801757486321135
56.848811822586413,0.92656616183230955,-1.4039296591786956
55.897915673909147,1.497457136460262,-0.15301110928084238
55.959259846265176,-1.205896017570917,-0.21647557773764559
54.961848785613867,-0.84716978561458878,1.2588740385509998
56.534491569448434,-1.6340034800574836,-0.082465023992844985
56.201764191024004,1.4958807371209604,0.18568283060384749
55.940071362470789,1.4124755364089472,-0.43811628424991345
54.965990055267014,0.69998287957306549,-1.1623419283771508
55.803897812354649,-1.5958372554262972,-0.76334445719725064
56.078841787495101,1.1503902560970387,-0.88992569542362454
55.852245813902059,-0.79889379263693538,-1.3000924033225285
56.10323588763594,0.39083766009974175,-1.2247151707678758
56.071488584665076,-0.40997253894353369,-1.9304871303856601
56.417893113604244,1.1222380498943749,1.0611064503857739
56.461339277841482,0.27808439819455189,1.74045098286508
55.490209060262586,0.83147463557387769,-1.0769563760169629
55.399757229093431,-0.23246280626759416,1.282332056112943
55.041277265672818,1.2152080475375104,0.7202798856587812
56.492032898179588,-1.3991856592666649,-0.23942728415171063
55.333010396124742,1.4685822822213193,-0.21975975054750604
54.890939672794978,1.2534757259087199,-0.69291543672408507
55.922863676218135,-1.4676934258200101,1.0641250781972738
55.831145033705177,1.6251729235766388,-0.39589730788251953
54.753344580109463,-1.1702836119204143,1.0231394942509446
54.825342395450264,-0.93502233257906353,-1.2078659032901504
56.816376896152519,-1.2647967878863842,-1.015997101083681
56.793310344621155,0.27537777757766885,-1.4351162542453428
55.191779956875216,0.77228295901228339,1.4932714409498515
55.705445095218352,0.79930834258342798,1.0582840364258539
55.010683168631559,0.41513403230793755,-1.2333917031628263
55.989877907239986,-0.65653773488527223,1.3126540351834364
56.358563944795478,0.2441419523295395,-1.2981750816246007
56.402132464103175,1.5229187137723161,-0.36286196518808822
54.91545076264299,-0.75008919674478491,0.89100540755056368
55.927225695349769,-0.6045127184701341,-1.2565865597424182
56.03332583278609,-1.4679283424946301,-0.7766055833054839
55.421676836914436,-1.2180134161597798,-1.4752163568296635
56.023846841527316,-0.43404756990920745,-1.4844011540473447
55.109008019105559,-0.69609203038950573,-1.4008322994956339
55.120445130998263,0.64195753691562296,1.4463614956486683
55.016473326446054,1.0111865943042604,-0.99928305322433852
55.962257630749953,-0.86499732662413475,-1.0083301278312216
56.361222566788086,-1.1600548180484138,0.67113545741198966
56.666684082151249,-0.92794704382835991,1.1549796459677331
56.343018740550647,-0.99450819075172314,1.3224071090397527
55.585647866186605,0.69553682382053017,1.079884275658763
55.276265156582703,-1.1810327788813382,1.0336661135274272
55.527570121327351,-0.95241243572723244,1.3894646291785948
55.359516779746706,1.7133749229455839,-0.30735930895048641
55.723886292578122,1.2183678400715414,-0.28233778628833583
56.636850479215042,-1.2037961217273037,0.61526433841755956
56.472917933067286,-1.390427463141426,0.23837535375007063
55.426397874679289,-1.1387626638044883,-0.89237980929884375
56.659613915759749,0.27261748546290693,1.3521628039003974
55.855630123203859,0.48355895124841308,0.93857981125513446
55.314088140451815,-0.44832028358646747,-1.3303471908289681
55.124396868049587,1.519912632307832,-0.95305124971900212
54.966607888588278,0.76626511589314694,-1.3442031668260599
55.40022491437869,1.5156530945134223,-1.4091343768831779
55.872220716770521,-1.090926658087509,-0.89380235164110688
56.074469841329723,1.2115797992709456,0.113481451322925
55.164273514336216,-1.4905020041915207,0.67880545724332564
54.817292142703515,0.26689509286793123,-1.355025507968814
56.460846188846141,0.28550027998378086,1.6652238408863858
55.396311481826054,-0.39736694276717244,0.8447409515073061
54.854486602148953,-1.3323923086457832,0.42977588772074082
55.978496437373472,0.38617476862784805,1.1514700785681611
56.07371075663999,0.52936066890719369,1.1886148115238668
55.778745364558475,0.14984057406498266,-1.2128156053076173
55.501292232754672,-0.06947841249104178,-1.5403669804772362
56.635785873222076,0.97076238056110453,0.87597044502273902
55.493597853382155,-0.27124352067961671,1.5517625809430975
55.692311245369368,-0.75869417314213983,-1.4926525283412821
55.259896372545299,-0.53843152931579297,-1.1557364904735403
56.152544089763019,0.53477771855880019,1.029094706105824
55.350628239511799,1.1228140264894637,-0.64002323377732895
55.626656313352633,-1.1441782346912572,-0.65017978345349992
55.786241366047925,-0.30883684177948312,1.3865207468384708
56.250724820216924,1.411019299589348,-0.44438664383586662
56.029450214675094,1.1022429124345965,0.48921181434225597
55.495893246779254,1.3178441570979385,-0.44846047928154192
55.688488109773111,-0.97597795832828516,-0.91738884898038497
56.460164024420678,-1.518466599167867,-0.33380949629511153
55.939963009058587,-0.81144221800386063,-0.96442335506517929
55.486942191839155,-0.16372567913827665,-1.4461916138304942
56.165924743826288,1.1162367478662412,-0.48842095126836782
55.260701923509885,-1.1473956746168676,0.90132987705951539
56.157370244449353,-0.88572324234253463,1.2158128790662979
55.838130520994895,-0.8241783427883651,-1.3905523849800592
55.406927346874433,-1.0857271385163971,1.2034672947126408
56.04081982089474,-0.3730737302197375,-1.202605908475243
56.147103776757078,1.4113954157169395,-0.37229683814118775
56.60021968320644,-0.41238297625861459,1.2980776348814305
56.558801500684311,-1.5519862572475678,0.58134928356403492
56.662560446154409,-1.1957639123480506,-1.0602470865693518
55.216688221151834,-1.3256076496104956,0.38211099548320948
55.249235550810241,-0.12459847836026157,1.1069396394253945
55.008736375791415,1.0967314658154097,-1.077035768002069
56.236650800911377,0.094142862487923612,1.632686419322706
54.692383271614197,1.2777726197592736,0.56744248642058026
56.201947582895663,-1.1485454403412361,-0.49210791970272527
55.326516138049215,1.1166146903886331,-0.21881215588226602
55.455911910463371,-0.78823862374021414,-1.3509313835501393
54.991312340827932,1.3750313610787659,0.87900096426319407
55.812597431805507,-1.6464217101140517,0.21739110123615693
55.21995846912732,1.1311840541978768,0.24172105633016031
56.640530104788851,-1.3933906503717293,0.38789205616781797
56.259588579195658,-0.39088920780166819,1.6831384363474124
55.601686912070697,0.08986925355662298,0.8166613577423647
55.615908609690187,0.87464538586991114,0.051461906810653255
55.774709557860668,-0.79734471656277528,-1.1770498387099706
55.489263368551001,0.59987006943897703,1.3679453087934805
55.987074761782033,0.13352326197886635,-1.2921402499680754
55.275200161515102,-1.6404607962007944,0.0026081831678864023
55.344544457532677,-0.45235280111919279,-1.2270754513497739
56.544998719146939,0.23370591581758382,1.4207289674395505
56.538277699130923,-1.5158652940997912,-0.40926223983362142
55.898939355512603,1.2419754277660431,-0.55805390946987743
54.81238030955631,-0.11529355337255623,1.2320241981799258
55.35595412593382,-0.56628375993128754,-1.5801728120614249
56.346216734950033,-0.64409602014427336,-1.1053153656999783
56.82061553421515,-0.52465535050075307,-1.1655530802220926
56.048218208334049,0.28411670137918404,-1.4328536665309515
56.615378182975789,-1.1182032375613982,1.1174316001177158
54.859867366901568,-1.1143418310433397,0.55364871573331897
55.316071361535158,1.0046094650538884,-0.51227453304306914
55.57331710842211,-0.58212963706656162,-1.3958141576614271
55.819064181196282,-0.33462098131610191,1.5400705589579025
55.672412718069168,-0.90972841694749029,-1.2512284007662724
56.07811282809071,-0.91202594769336642,-1.1185246401152513
56.73748649358852,-0.24297816568270109,1.318646942456535
55.984582737574556,-1.0133399682466153,-1.0218428847215895
55.154422611652649,-0.017943137452662249,-1.1783203493142089
56.72230525293029,-1.5149797876142652,0.12346789631783128
55.22815742229178,-1.0425862548287004,-0.7900609985505983
55.080536550074676,-0.35332160354546671,-1.1096260349457359
56.627601099760227,-1.2816087939940706,0.60900465069251508
54.952258707357323,-0.41187475206340857,-1.2755804905246431
55.196258227009466,1.4275797139628934,-1.2806134979424206
55.37325727479778,1.3804204246362628,-0.37040842980559135
56.504907854881701,-1.0060076913298683,-0.86631081748038019
54.725089982367535,1.1836159349451238,0.38084310688998696
56.758613817886264,-0.6639960675398765,1.3002324931030531
55.096573346692821,0.41941734599289177,1.2937334056732475
56.497248746380421,-0.12376547564867232,-1.3213347273463785
55.208127990808826,-0.74818196311096319,1.3928823485550441
55.281915720188046,-0.13800014312302608,1.5267787490184408
55.675380931916841,-0.0356621233410978,1.2779763975775902
55.805547735794114,1.3906123747137897,0.86331186997627674
55.677128429243233,-1.1641817231586133,1.0570946295457382
55.464036691533195,-0.69921836259878367,-1.1491415390220612
55.888416024681845,-1.1548590466655388,0.82142630956027718
55.770103997817898,-0.97998541516683391,0.79457200396963368
55.550705196172444,0.2312656711059925,1.4521034571025615
55.147203914640848,0.18797746232837628,-1.1550383639735713
55.402039990394051,-1.2160264798546978,1.1883368796788523
55.935115308176563,1.0528036890614298,-0.32858497694206207
55.613596073718568,-0.27001663465632036,1.4670295129288395
55.381605250649123,-1.4795029559563966,0.014709559579317617
55.803079436262706,-0.027105788038344441,-1.4166907358133798
55.481065779945723,-1.1809749869973345,-1.3500316404536834
55.931765937965523,1.2962492811540114,-0.52070463760039398
55.095962780658681,0.83750701801756589,1.0102053754176914
55.814973821952449,0.90364119270552667,1.1480969305423414
55.649392326913521,0.086855103386148769,-1.2111576196614275
55.241631561619343,-1.322138947137856,0.76036722251479549
55.256054572260673,-0.3972143106098216,1.683893941007329
55.813599446115191,-1.2964662016469344,0.38107780035675687
55.686382166046471,-1.3224172964036063,0.30256295464473293
55.311914642780309,-1.2814132129536209,0.061404588510446841
55.098646419747503,-1.2396631666873426,0.23679059928033486
56.144727184032568,0.030658482958795408,-1.6440399813856759
56.189991800811576,0.99385401769122828,1.3827479354448995
56.595413594219664,-1.2832326171645059,-1.0767917175096147
56.401045778418393,-1.3104041829513433,-0.17173374864463481
54.9837658905818,-1.0629076878280055,1.0836349550876381
55.980142069319797,-0.53266882754606482,1.6120120667836357
56.355530325976822,0.44849983481201044,-1.7750573127042952
55.608450107789736,1.2678768221052836,0.27460933796560349
55.607233520584337,0.85828178242880238,-1.2520573844445249
56.685416852059284,-0.69577193741865462,1.5197986220949655
56.62695466907747,0.94668736438904233,-1.2022543549834597
56.131603790396682,-0.51664464286450118,-1.2881779292681059
55.952586891115118,1.1818051898368662,-0.43720936258406029
56.514547293250949,0.95688941268655314,0.55696938650089811
55.153522100826784,-0.35908244035059655,-0.98757558389682143
54.894888027226088,1.3030819038422434,0.50120674534192777
56.091681650311237,1.0520963394531191,0.69764640436775061
56.048495714064657,-0.026734263135398357,-1.2633488642700121
55.929590425585708,0.90145534355505652,1.1882593855737582
55.023805924326957,1.6265465389629352,0.026754096032890303
55.241453784481081,1.0695526016757326,-0.70149297697554613
55.383385433937825,-0.80307832854018968,1.0167479784148055
55.492707884307777,1.1932194746103726,-0.22356666204331949
54.895154652938707,0.77086982354004308,-0.064746103671910415
56.283298037893708,-0.86278193601068165,1.2326384730289581
54.885080035154509,-1.0255490861152019,0.93339400374896664
55.886085802702453,-1.0518474932569917,0.88955072391647938
56.322835172237596,0.94424807624133678,-0.85143585167076585
55.658046157454301,1.2773266719435405,0.93040694000971813
56.069451856513162,-0.96845593505711214,1.0992172719823901
56.601757488814656,0.47645541203201458,-0.94243919737672166
55.312159952330873,1.6191074719432657,0.32164689613568415
55.640729335191246,-1.0976442246317282,0.30739427083533805
56.292697860746742,-1.2267611904021156,0.56953368287314565
54.854768063855445,-0.47936075600069628,1.6428506384147408
55.363465618347924,0.76082874722930494,-0.83731862875672991
54.836966735365067,-0.64113158700840422,1.5565932675107204
55.287735494171088,1.1756581736315284,-0.23346133201517055
55.627637813315786,-0.18499437430076512,-1.5210085832284563
55.698335141345204,-0.88920053921066833,0.88209622890847272
55.950885316660823,-1.4439737886080213,-0.4903379088754975
55.628303694208192,-1.3378444780947709,-1.1452626875293881
56.012060495528772,0.92473339928820841,-0.8741271397351118
56.605415580152474,-1.2277354611426119,-0.15861803592149282
55.209149047283077,-0.98697965817824718,0.91372161401275176
56.824650505416919,-1.5839331855467691,0.28193388828523835
56.511649367243059,1.377180698196367,-0.43439952185574621
56.599525242590985,1.2624624248050595,-0.013956682192445681
56.784953043058465,0.60694113666047655,1.2601297502991482
55.475489294565996,-0.56774634234614707,-1.7663577703008218
54.747983204182184,-1.1350180451782022,-1.4445853840360978
55.869667717926106,-1.1904458190299423,0.2149612812029375
56.570736732013039,0.24204042096412332,-1.3565172861928667
55.003004600921059,-0.7088275054514952,1.1393448827873391
55.752772409952044,0.80626363323258365,1.0072962319247913
55.846834551023527,0.58921922063171239,-1.1957853468261019
55.894729121544394,-1.4188560902967116,0.44274776764708418
55.477418154125353,-1.06761099626583,-0.64484276179694588
55.265498390830182,1.4741532156528339,-0.091422112414998688
54.898285381301356,1.1191399767077268,1.56407632460895
55.078875964461339,-0.77640445515956302,-1.1057829990472554
55.085241430349356,-0.063821205536820677,1.3089285025514188
55.387185700733404,-0.73333315883756833,1.0950716030698346
56.427616948168506,1.2000295186060648,-0.7677367510005233
55.119751903311126,-1.4170337942827718,-0.32439331406990168
54.970828456023582,1.223218940763078,0.44316117647956726
55.378797870540602,0.96930404664424841,1.7775453778717372
56.111119446245695,-0.2971516801960567,-1.415237097207759
56.805294274937246,0.030917233710680458,-1.6396696115334848
56.654354587293874,-0.44127525860620154,1.1559491425267141
55.086873696764385,0.76766205834417367,0.82881281649512928
56.287292540042181,-0.92385581923299442,-0.92481445620145231
56.594180997192453,-1.3348340749110108,-0.63765513588089151
55.49782628558382,0.15912842100468752,1.0428173422721001
55.257615561985894,-0.24301890924702557,-1.3874034489905929
56.812532684712252,-1.5451590878222239,-0.27054861655852752
56.769821887534007,1.1163863872568807,0.63218352521965182
55.736143285727863,-1.4756006549417227,-1.1541582949996083
56.258707760593943,-1.4232025137645827,0.80006027313531214
56.072913150738231,1.1125561406419424,-0.62476219765618213
55.901759457503189,-1.4691375124460702,-0.26777963508422192
56.088927715472387,-0.69382141805635345,-1.3084080451596405
55.905175537478108,1.5228147399417276,0.096912643068013268
56.378786787372064,1.1833971781641579,1.347880856169196
55.703942028690911,1.1987134650231774,0.10845441733826516
55.063296072872213,-0.78763227555672355,-0.88069901716776178
55.346171241598697,-0.50488699379874991,1.1455927277073992
56.442162929981642,0.4281532629208446,-0.8860379963668269
55.053543809607056,0.2104480078860585,-1.8289916382465816
55.69258133865435,-1.4897706100507153,-0.29853239354769284
56.431384532987082,-0.1153710909654648,-1.4874407351100349
56.358882294267076,1.0811867520108103,1.1369426656117667
56.691939814341346,-1.375915784473982,-0.4092452199757653
56.226089907992929,0.91894222302833284,-0.73588092623943835
56.597045659022093,-1.3985507793196053,-0.19334815634464231
55.361923891226859,-0.39674595308214855,1.156003195199804
55.26249579560325,1.3986614829052795,0.24980691296620883
56.607602392174961,-0.77292603243609059,1.2905905690863457
55.241572396043452,0.96889736765829504,-0.99164138412565017
55.873391035279894,-0.11473100318407682,1.4035597598116498
56.396595508990416,1.4938826861794494,-0.52325939451496462
56.262767478732734,-1.2636640721710863,0.37191536467073599
56.107098842642408,0.60723338724327325,1.085438446298701
55.97855763443922,1.186447963059811,-0.31515083104370134
56.572118770171777,1.1929797771216772,0.63125562808687341
56.53663115316143,-1.2063955833690776,-1.00984713758895
55.549454638792355,1.075994094544624,-1.0166902415186825
55.613587448718143,1.23681496668271,-1.2114885535141582
55.330100224303393,1.2027954430049654,-0.94393504369816084
54.964996806321878,1.3470073188792469,-0.38303183602064445
56.161258498289563,0.49080363982016784,1.1991757817389463
55.407563150673958,0.71848702191515779,1.3729832862128279
55.345237071013393,1.4278579743008826,-0.070415365313102177
54.988551102847339,1.2931410250537789,0.3319834145081732
55.959503363552926,-0.6326333432447464,1.4820032529526501
54.927441504154828,-0.31512288223631552,-1.3989236849285502
56.492640286135966,-0.69952793676294212,0.96551422664928765
55.391339488157797,1.1752790468379199,-1.3184757878496078
55.44761571568602,-1.2284241741624649,-0.91419485178983317
55.914730126580679,1.3907254380841314,0.16834825666668637
55.870090264273436,0.30965299564060045,-1.1205798305464061
55.300869422734557,-0.6409149414466524,-1.3114112057223144
55.424880347692458,0.24087646033217866,1.4012393256478801
55.471431957733913,-2.3188811151698019,3.0259759849719412
56.342948148278047,1.0680673932920406,0.68662749055534034
56.202988853262596,-0.80235502697727523,-0.82699936941684604
56.307911046583925,1.0969254491015497,0.99691547483249876
56.726216392160801,-0.99699542253308104,1.2890035400019708
56.635175748197092,0.70998712702450273,-1.2998505325793674
55.772479039358423,-0.63419687309357164,-1.1818051513556642
56.798435477347319,1.0765084722556777,1.0023321424917526
56.092221057442735,-1.0212315716878662,1.0925271937221008
55.822416293996611,-1.2253317789162144,0.83028424761965658
55.847412594639216,-0.5182571931058173,-1.2646609435757805
55.539946236484532,-1.082342519539818,-0.87218341858717108
55.26045052435223,-1.355911129441427,-0.8051866414891542
55.518338995285994,1.0654110019189948,-0.80448950409455544
56.142101871681795,-0.93350031318483928,-1.201545503882012
55.981543916594035,-0.6892112170473278,-1.2091960231201644
56.764451180289569,-1.5115128341390798,0.19841974004670834
54.845222787685266,0.99932902769884324,-0.94280191343807485
55.091616945910516,0.58946253203271759,-1.3901479407122488
56.290939678903612,0.11849924198047038,-1.2498809390891266
55.100625973191605,-1.2113489116677585,-0.79415919939473889
55.041533835881793,1.2278409414516298,-0.10619151939057697
55.177330934498698,-0.78947384406853538,-1.1960065046515755
55.838786067883838,1.3056181610205255,-0.14377697670189996
56.383614396694611,0.81012666974317127,-0.82233200412996876
55.464914391502461,-1.0700229624574475,-1.2458377077785381
55.9453546860721,0.51760021003056667,-0.98512047483258702
54.752057911476129,1.3830301698651208,0.41853997360727407
55.316695236917312,0.48666363970265264,0.48630610461062546
56.791046586969621,-0.54670925941931336,1.3395509086838628
56.073921786023774,1.3211043587176001,0.013505674496367782
56.702929578869295,-1.4633473447951753,2.7499799702555663
55.278419586857915,-1.384922866676717,0.15792774906318821
56.738750686556742,1.301464581521278,1.1136782215729266
55.048340959421466,-0.99536428874032001,-1.1094659942011296
54.995390743218991,-0.045082074895222972,-1.2693878795749896
55.530986483436976,-1.9811997840893087,0.85147692827006205
54.958195972964596,-1.4533591716574246,0.62382894554431723
56.478643630756572,-0.94674679918435456,-0.82240081725241199
56.695736697385854,-0.70106044419282654,1.2039378952831421
56.035851625816676,-1.1810165656128879,0.94306615757491519
54.896688809221793,1.2025334522269733,0.50020322095579339
54.901863168189607,1.3482813053911835,1.0276994661489205
54.883792096234181,-0.89877189926229062,1.0325423893832146
56.410604576530204,-0.066395983612172763,1.3598759553770934
55.574029137401141,-0.8192599499511295,0.99251016796903169
56.075704131717721,-0.87566046352728477,0.42529523226705196
56.213773137529103,-1.514346002455822,0.28448390718101951
56.647565841402191,1.0767932485823015,1.1784743984109689
56.701778633479165,-0.32090208879876714,1.3217135819639136
56.738520074058776,0.94699497505435748,-0.93330791465173157
55.530172931848647,-0.6162568639008863,-0.9422938444751866
55.121384339638546,0.94065607595908851,-0.9456190401762592
55.915030464063861,-0.01608527645674869,-1.3166767015861811
55.138110123709673,1.2565908254065785,0.39897053488181
55.047420450991275,1.3052664248697552,-0.41165729141676033
55.660580245945411,0.24238095782018559,1.3695134234740367
55.26010040475667,-0.62743950786524205,-1.3915145005820031
55.990494341234935,-1.2246662548703275,-0.47422953428893155
56.635093934843603,-0.31640753849575165,-1.3624041682119661
56.29632978054466,-0.40310499361778251,-1.4598332057287684
55.498077415437379,1.304919147451608,-0.45086763199449414
55.221527242480143,-0.84027313191258202,-0.73094766562419977
55.204121291429821,1.460686510250865,-0.41900860156670577
55.396008235907786,1.3422693187159465,0.72369126333348499
54.863040325229122,-0.1055946344214465,-1.2416278554460516
54.911836332530193,1.2788835372009317,0.35312474645321251
56.062106699252475,-1.0229365474225967,0.80444578173661774
55.575975710816707,1.0268385479336433,0.27623353626641844
55.323414706573971,-0.76661828856403225,1.1628685888459158
55.313327462856499,-0.47228977921803023,-1.2171929210363406
56.597643188906311,-1.2755711116761965,-0.14745196433944299
55.777136409444203,1.3075824063464918,0.38184139652590116
55.274703853562819,-1.3446830688908935,0.46198086934229277
56.238024669477966,1.1860742320316855,-0.96184291228139807
55.213493456913056,0.91762272739620165,-0.70007878793796663
56.624783513898741,-0.056085511402026382,1.3649569083556321
56.360664209466421,-1.5296077808363064,-1.5688957575465818
55.097101791335142,-1.0614656160307521,1.317570965477272
56.802773945375549,-1.2487675463040018,-0.7336865801685668
55.46241872251435,-0.026609506418345807,-1.4114292971157183
54.979962314118012,0.4892334861133194,-1.2650995685760023
55.290027369377484,1.0756186836182113,-0.87120133858414894
56.009213143252232,-0.56318260743729565,-1.223100671565343
56.527626166862824,0.26615301671100111,-1.2213675161053503
56.785738560097627,1.0711309682547872,-0.071919239854130332
56.261062113639753,1.3360715995614691,0.59895694637242702
56.623164774611119,-1.0020305997265493,0.89646771640894163
55.753468883805532,1.4948245925935451,-0.85067856884741166
55.066368373236024,-1.3054960456513542,0.058466511683017967
55.989894861666073,0.88197958359802742,-1.263578629915761
55.82495181194902,-0.31983168493995717,-0.57032281617308289
56.546855679648047,1.0085777228246677,0.59209803088426505
55.300679172804969,1.6860899686358382,0.074872222858974491
56.168546133875765,-0.15653667229624546,1.1253768606642716
55.622867567831442,-0.44701467771833742,1.1286770555124588
56.404507632608109,-1.0376908870027264,-1.0309048811869193
55.321906486635932,-1.3246632145227628,0.22288968684665653
55.681901458695386,-1.1376645388088775,0.83136879461134239
55.66201947273499,-0.75601826733114541,-1.0498396359689228
55.987588301877537,0.55578192567481588,-1.2150829669113832
55.302732120539687,-0.22757657886685517,1.4637223418038898
56.583168651310686,1.1720532894291666,0.57063260780607594
55.698379662032423,1.2423122489871903,0.60736199690670001
56.560366132060764,-1.2430133913396637,1.0197059298104141
55.497448232998202,-0.357212347751315,-1.459997953991357
55.329652160267187,-1.160827139862147,0.2122639623532955
55.551114793968246,1.1613090141043747,-0.48951964132158221
55.792774411387001,0.97169575884733139,1.154883098451946
55.515713979861708,-0.046797152677495991,1.4770889713967892
55.129351176818652,-0.26785611740560816,0.765207626774837
55.210922945395779,1.1277991461262209,-1.1750025464525089
56.510343944262928,1.2647788933069948,1.0630694253161082
55.681417502319164,0.21945721221228207,1.2335336519724434
56.148981593270989,-1.1095297081132345,1.4915328064126971
56.541616534660122,0.83141756772926212,-1.2331294258484096
56.497133806437837,0.095904677390904539,-1.1947818802641805
56.61136051968203,-0.75389612349940216,1.1035568478577917
56.229590238297142,1.3572846322004215,0.36204251439022445
55.4320102720785,0.73086556192481933,1.1833393905957903
56.031977612996293,1.4036178889192561,0.74080375283261268
55.056893562742566,-0.25854906059272775,1.67139987764813
56.274209262947174,0.37539800436159831,1.3074454463543446
56.626773508531066,0.78379014227461563,-1.3827079472469361
55.875370884540146,-1.1764699471742968,-0.25324213137905294
56.562014623735394,0.62118111794829345,-1.3639043291804329
55.196043408052745,0.71157924121475091,-0.95772402153756053
55.332123302147991,-0.85205564432565573,-1.2364850729762897
55.323484978567258,-1.1284277758274597,0.40150658350899754
56.688064858640139,-0.021738003290132576,1.4608845785501665
56.223900995715518,1.0996004059367455,-0.87120606175578863
56.326442439602076,1.3274439223875001,0.14449929232839615
56.075344944321571,-1.603497561427548,-0.83827227791761971
55.599501400340657,-1.3013420410595704,-0.31050658691477284
56.03118050694264,0.30541929592798883,1.2728954457382256
55.711273838101718,-1.1357986128771043,0.32582402305515301
55.66628090879329,1.018967798363396,-0.25703923577682813
55.267280216058829,0.90844660650739284,-0.78072663113441942
56.228674391895915,0.99911186360011706,-1.1206113995025773
55.835782608577738,0.76925174139195407,1.1629256450045178
55.37039746046495,0.61146402978853664,0.60525746330792052
56.088026962643241,1.3993891846636213,0.44108704036620316
56.131262923064213,0.84704314021363858,-1.2546868195125715
55.694687997050437,1.3031309720456892,0.63986894834792485
55.032440883710848,0.94848918098692581,-1.0061330738580996
55.504854250086566,-1.0768684896447258,0.9134830606137827
54.987660817678119,0.53002527412270239,1.7785258631261556
55.410516320436372,1.5033936450705776,0.80601196929362473
56.871290558481917,-1.4142049865221289,0.42262190787977955
55.272793454684773,-0.94621286255251869,-0.98447513924368391
56.74182242211328,-0.68746822568490407,0.98277867754315162
56.650096404569751,-1.064157119432309,-0.055321169008237761
56.202108949215862,-0.76842051662661781,-1.321596057054486
56.192722487472096,-0.53382122006085164,-1.5431201994691517
56.031899988445524,0.25171489733541696,0.99599272753003643
56.836370409260944,0.21743882529567141,-1.6020932470319447
56.349666550250809,-1.4343120729704542,0.71214435849585322
56.045560722419943,-1.3641467878292983,-0.062649298056455874
56.241232633970505,0.12893401071336819,-1.194263242489098
54.83226080020912,-1.4572110674513363,-0.26385508387288903
55.198384060927026,-0.26540804559454978,1.6688476404451209
56.378387970156929,0.016063837172106459,-1.5382462986526668
54.96379985903998,1.0004844700254834,-1.1085581805457854
55.300364086400393,1.0944259708497743,-0.79177627316722354
54.95895012351771,1.5246734189110136,-0.53596205343624104
55.04521439339451,0.16744592754781454,-1.8122701905370167
56.775578274989726,0.8065098933110767,-1.1011106159475745
55.699757771516524,0.030045298293159849,1.4807602640278679
55.418184774921201,0.024237157456059821,1.5766975070917653
55.20907773859804,-0.97461601378206097,-0.94417369911008198
54.792802891749631,1.4054033287559173,0.40996858770092093
16.445243712666038,-43.585239441872879,-42.300383128684736
39.934902998118055,7.0905333349733581,6.4253873188151536
56.670783067828921,0.99293642849904484,-1.0239915425595418
56.696920614126434,0.25653741080939491,-1.391673573274387
55.935433301719392,-0.71471671625512523,-1.2758165779698982
56.165274947569351,0.48062231019965163,-1.9256666983892199
56.667030482595237,-0.38907480788008192,-1.251076558854308
56.205576517659487,0.42427644731404979,1.2663776979216761
55.927912091468251,0.038501679466760516,1.3463399268400562
55.269748113126312,0.77009361214718974,1.4404736622867098
55.584339239140704,-1.4576114511449534,0.574987244949549
55.999262367914099,0.96523615013064445,-0.69092190085002481
54.789012144315109,0.49802213926397987,-1.132326827549448
55.697646773469792,1.7054226225479046,0.14137292244146424
55.148986839978996,0.82218390236080863,-0.8484140825789408
54.927919564074067,-0.071921540334335274,1.5113662044002394
56.54361544461554,1.2831182462812589,-0.49835666093994591
56.731672020977022,0.99091003557898871,1.4504786519368644
54.834024139811198,-0.93040946028994831,-0.96569017507704724
55.60099624805391,-0.098817156791385294,1.3131610513595462
55.032503779793863,-1.3652821460263262,0.39887756250379103
55.599807547002499,-1.0356493982978154,-0.94690655687814529
56.40165228908544,-0.46986877816072908,-1.0616840083861003
56.690084275110706,-0.55820987657487453,-1.5101695896382255
55.438631235394503,1.1675293418247652,-0.43431761828609405
56.678718120075011,-0.59002248581066197,0.88193315441285658
55.683851483115916,1.2289311712795592,-2.7181597463532157
55.037475503214758,0.96354505886182573,1.0833742600441267
54.934269290972395,-0.010128288755416727,-1.0729134949435821
55.397461253293258,-0.81674125445726564,-1.3545661087293357
55.600882400905732,-0.95229166137127341,-1.0404771917379636
56.532897358793562,-0.79453257740844585,-1.1350314641477122
56.813191824575,1.2145658813798641,-0.64057324906362867
55.293571639682064,1.5156690879711705,0.24866329037236595
55.406443891761064,-0.73260099652045052,0.55589360509725816
56.704284376007351,-1.5305338967717936,-0.73057223469768773
55.255733697350017,0.64256393730793515,-0.78826400418079612
56.034242974014838,-1.3385316619523893,-0.41342904453191159
54.986452138710838,0.98523450352105968,1.4149056561570883
56.742261783439268,-1.4309244298080417,0.48255620780494479
55.629800971353845,-0.8020198003961625,1.2133216745015842
54.977362841367864,-1.6098727845208256,0.82363809801493548
55.285735557417631,-1.272889183257949,0.35262891515549483
56.038170631805322,0.35953726367268513,1.0141786305452778
56.599699288602991,1.4166678334360339,-0.44498248142485802
56.032009304087765,-0.40625365115822826,-1.3948615546809544
54.708560222640671,-0.76506727551043219,1.6782587505704165
55.305957927486858,-1.7509788264606438,-0.017258946387807624
56.405735837596886,-0.094622113883368025,1.6010940729873384
54.851636894969054,-1.2959463816703001,-0.49535936934926889
56.060973227136614,-1.4032427911633683,-0.23041517077419071
56.137836456315092,-0.92213040672062663,-0.85272951934917895
55.101852368521968,-0.9333612562282888,0.75059038823843605
56.123431534839632,0.39519783633355404,-1.3509116634693359
54.933195327914753,1.5868871211387146,0.35778715466267602
56.243653528007478,-1.4286987530732251,-0.5392486839314321
56.326586888571342,0.038145491662688803,-1.2891757299385478
56.624728978193566,-1.0715180233357375,0.7802033672833586
55.676223060362261,0.51014621545305983,1.0880447809359488
55.617141652208012,-1.2759478716569934,1.4304397033907923
56.211368646591467,-0.26424102280307105,-1.397791654717321
55.881416038513784,-0.70608360196395292,1.2690919520321837
56.792296431195183,-0.076513534683033707,-1.6033775453387837
54.924724653654245,-1.646964044299829,0.092639977606442839
55.954308472275429,-0.73764424939817708,1.3702433495334938
55.197382488582136,0.35220877896555131,1.6498671665883446
55.11216958986239,-1.1471341725619357,-1.0855388095946774
55.403145376452251,1.3453167790034695,-0.30322466800107295
54.737476589924789,-0.59141242899475077,-1.34394416400391
55.479718561910573,1.3584775879593247,0.11028074475562215
56.529894213884646,0.83296853476527322,-1.7557648403302646
55.875396609908371,-0.7164954311574977,0.70925703914955462
55.314210206219769,-0.85777223604478026,0.7097285310506084
55.728333272952788,-0.60415956419753869,-1.2982448360295049
56.549774333862914,1.2219491235130486,-0.50825486553146737
54.818742152386008,-1.1784201035531592,-1.0194896493810637
56.234008345210427,-1.4979936101933622,0.60509102208442211
55.862749478190267,2.0276535006576069,-0.99489745279675834
55.076828189340532,-0.44123468802099119,1.667316624449044
54.97604963400147,-0.26195034291505115,-1.1572321860317976
56.244607882836476,-0.91162359158925077,-1.5278122376579459
55.112815898267073,0.8760346619656344,1.1194286740958694
55.408548577531761,-1.3537244022083967,0.75510233703503427
54.790047893380475,1.1143970180192742,1.1098732846564356
55.497345208881093,0.81724868675427265,-1.1518935550682703
55.336860059047481,-1.4803934753789918,-0.8065465603720301
55.317618614008182,1.0613667840386125,0.8809771597325442
54.953215751429532,-1.3209582314755868,-1.0649943210271655
55.622621435712674,-1.1323952289172161,1.2122430397612334
56.82329287515644,-0.42575832100816074,-1.3296484529760029
55.717831271209512,-0.559856389843149,1.2573469980502943
55.402827693916286,1.4312373418329978,0.66799177189997871
55.400786581171289,1.2135294403894219,-2.009991942836368
56.276914331796014,-0.66173455959891914,1.0254883856998225
55.02449047970115,-0.72205444836627231,0.59559106310210352
55.482435658241542,1.9112530011645013,-1.4279875351126838
55.841114958489527,1.3929657053005347,0.1924888699775221
55.991752749226535,0.88153912452195038,0.73423957071655943
55.999754680965516,1.4772236284331097,0.049141525028066617
56.227438251953728,1.1226534910133095,-1.1291109058533135
56.038372656059501,-0.52803108464445636,-1.4503737253114017
55.811952520573442,1.5598347249576474,-0.03974347008962513
56.790775631965481,0.052005820593125009,-1.3281382582117887
56.095588452063268,-0.80886178812514153,0.84796646018326016
55.89136307519891,0.96606323683397821,1.1409926931703873
56.219734052151345,-1.2720596677172993,-0.24308603035025225
55.867810511935062,1.978024544434309,-0.47477105354692234
55.143243743626705,0.18014635892036662,1.5888338098859367
55.643137173789718,-1.2081206079958511,-0.43830161593222366
54.963162973986613,0.93153106810768926,-0.79585390555040469
55.013648694455313,-1.3505503689305163,0.73445983120293257
56.647296779373207,1.1950808131602639,-0.95014457647165851
56.632265771840217,-1.2933296545240285,0.57781923627501319
56.791084713588127,-0.77402706218722717,1.2233702095793024
55.924433930879708,1.3607738567523717,-0.0032270172068786934
55.080240643475413,-1.3113529406973443,0.27695099846748128
55.226328652886494,0.02153410173326115,-1.7207851745716702
56.463928101169046,-1.1909838425942589,0.45756956513717578
56.262067392151479,1.0941435530323089,0.91380739314876036
55.808158433408025,-0.6410395717223033,1.4706006556971252
55.46520997802341,1.2917306101289268,0.22078788165409333
55.836672076648789,-0.77479219949210276,1.0718360320868576
55.541574363083228,1.2291535206209767,0.89999976984226948
54.933201098373743,-1.1950907640332222,-0.47216203556132824
56.334450372413855,-0.43567246423851202,-1.4710579460562041
55.186791509348964,-1.1730419529742497,-0.93682967796019723
55.678405499937028,1.2147550517158312,-0.96072305974395478
55.685174506266868,1.4204387203977666,0.87144544745511965
55.290529144523383,-1.4000121077094942,-0.91269731947206056
56.158075971933251,-0.32387631919026383,-1.1132093749551286
55.4492076848015,-1.3409349338978389,-0.26071805463300363
56.305890746020673,-1.1785501962838287,0.52786881348229531
56.834981089769116,-0.84544470368012781,-0.93773148395191819
56.44126003547531,0.84718736161494246,0.95494334692172511
56.767994713160576,1.3784967592667949,0.24509423172571762
55.042526715042392,1.2847710247769186,-0.43202161158636321
55.080200704459472,-1.576254026707623,0.54499673678372362
55.515216867849254,-0.077163706146393826,-1.5910221437247773
55.885567154829907,1.2780378502066547,-0.54403757062504665
55.953167390682687,-0.21446342985823638,1.1390079608767534
56.160443856751911,0.99900418574051042,-0.47773775001386626
55.479026271522606,0.30171927334228443,-1.2139351457367022
56.795610803290536,-1.3120965147558814,-0.73340312414042363
55.641895363896637,-1.1705834014007244,-1.0301806826528612
55.020878308180031,1.4479385434647054,0.81346756252131902
56.083526831694897,-0.62266225832105115,-1.4872140789548298
56.123443932452211,0.91885322793083679,-1.1425775213460492
55.954764827520997,-1.2494280791049956,-0.73501823637794961
56.012521256939671,-0.0026207541773979001,-1.4213867420324557
54.826730799948855,-1.2358853247952539,-0.35708402315211901
55.654888224483038,0.013154015412080465,1.3155849922594978
55.365104538024326,1.0694431296411473,-0.77316475222229608
55.995887709114619,-0.38719902173269705,-1.1536977059726077
55.249206235708129,-1.082976833630285,1.1162792265057766
55.124651348203784,1.4521398107680259,-0.4523621623217482
54.643950392928922,0.74755840857240052,-1.071763060183186
56.186971178421722,-0.69381246976961264,1.2284423965468625
55.672828984873476,0.24576134463655294,1.273757274460465
55.493579403857886,1.602099872622045,0.27022641080610993
55.762455082191813,-0.040435492847445735,1.6905984837532131
55.448925350953637,0.54712048035477867,-0.9317012557857155
56.588390713243065,0.40863270629128068,-1.4125239062600132
55.046130115130964,1.0167047821177613,1.0256422895937336
55.970133270761259,0.4041618595781285,-1.3419468531286776
55.066970475362091,-0.73200930104775885,1.2612253130114985
54.923234098058572,1.1040858920840029,-1.3111903769468627
56.241825119286467,0.9448592505177541,-1.0449992032140105
56.17721482131801,-1.6738456986940577,-0.86710551129355617
56.476994160063128,-0.98392936434508005,0.89316506294869857
55.892731182987497,0.96141616387281381,-0.83703633521744558
55.240592828526651,0.44027520817869431,1.3898519958740561
56.143136695862694,-0.54998481663909093,1.3835931013228118
55.814502076688328,-0.24256089833170996,-1.5866478933880261
55.960673631899454,1.906229315168712,-0.13079441922820512
55.939588635567894,0.44592912066340401,-1.2842396420642428
55.066889966393845,-1.1336951735634562,-1.3354373190122748
56.503971086909651,1.347079709405252,-0.15912645821142726
55.1352393365962,-1.168014023616514,1.3408492870809041
55.493420062656973,1.4337001210332847,-0.1351694777292653
56.054254172781285,-1.0135694013529828,0.78277966251307218
56.552453686585118,1.2688025925483035,0.95849967951429371
55.848493498115033,0.39286217747235097,-1.4295395300684883
56.090277286866097,0.84896046164853833,-0.9340524350651036
55.736510561072656,-0.97274981366775315,0.75718461057679309
55.376384951035782,-0.11452379014853988,0.28748588747217096
56.691297193572808,-0.47433798018045481,-1.2229228538747234
56.735181546337955,1.0314529284420446,1.3425360983132242
55.816792531609579,-0.47344148686621956,-1.199055595992665
56.116129728427595,2.0647611303204316,0.43897442500999573
56.000274907599014,0.068096351317976103,-1.3921294980379937
55.886884974948288,-0.2967416099846536,-1.6434104929171767
55.275909413911307,0.0048456537827472178,-1.3838689935568231
55.415950422893999,0.47873041110813008,0.95840419088926398
55.39166775646774,-0.71840677218550242,-0.99738255920433128
56.435656899152477,-0.83813521498628885,0.83373810966373818
55.238129264913667,-0.067313182548137673,1.6907452485467522
55.825721054586168,1.6063706369078243,0.40499091637793017
55.515679576266812,-1.2190319161315135,0.81923174153495171
54.928510030057794,0.39234779513738,1.3492796534825513
55.380058418666579,1.5330776332517317,0.15916750424191412
56.351713817088516,1.2561964451896457,-1.2973767255961139
55.822608339238862,0.67773692839576949,1.1315644785981789
56.457798378703266,-1.0265198046332571,-1.0074758933902952
55.82040377655116,-1.0409522623883183,-1.0328768135592663
56.494972405398116,-1.1391464797702562,-1.1359677305846416
56.20004785172118,-0.90114032393220767,-1.1314290579153945
55.816206154090082,-0.72962479951073256,1.4420223885876575
56.297506943830612,1.3143601395930264,-0.22778077322914786
55.366999612471076,-1.1442121520901554,-0.49418387832207028
55.898165339908552,1.3550367002381558,0.054880549633678881
56.299717474542994,-0.87531114011283551,0.76543587845706063
55.988898484361123,-0.077044317944304219,1.2062997620840199
56.576537583796735,-0.68272444776430374,-1.3565611539978391
55.632709388795107,-0.064899750870872269,1.4333607589830404
56.536467247842737,-1.2632020536844362,-0.84331786627828087
54.930634104351505,1.1722321368641391,-0.9828130243097154
55.862088301101316,-0.36978736110704491,1.4594136058566549
56.3527627493756,-0.28278279430082387,1.3990073398440561
54.976679076478575,-0.37693215462361607,1.6943474313394051
56.43268040406786,1.0706029691075059,-1.1802706484703578
55.578221743344386,-1.3448125985827433,0.29645726040019893
55.562523970281468,-1.1014414963890069,-1.009317069422051
56.257037189818575,1.3196884434013483,-0.56347366732494142
55.366465460281454,0.90376073261920253,-0.56769787121547033
55.119737591578691,0.50419563727965566,0.97588333019860263
56.305849480736775,-0.7649750298058634,1.5102022739338257
56.555693335860951,1.1330597694708062,0.94451292312504798
55.586495088664961,-0.48257104623815072,-1.5895189971651937
56.854455274097674,0.86001843174913362,-0.84076765186042812
55.291076394023008,-0.78318028934571859,1.5264542086228414
56.664200143621741,-0.014516982678092033,-1.5088442771916886
55.772107272411048,0.97846454128115612,0.22908871051977647
56.023092542078047,1.7982581837446576,0.20451138065303309
55.939713740923196,0.8786709908793332,0.74949518282947958
56.422719796386765,0.52774538159010542,1.4598846366464744
54.970986895194493,1.2210945890315674,0.52427309530405064
56.690639047196555,0.0060908507825510197,-1.5527908108836221
56.02048630418129,-0.37957722444572389,1.6025075403032614
56.030071247292206,-0.85700886153178679,-0.065972902204097808
55.010400759063479,-1.210175623492961,0.82105612356688917
55.959035762127805,-0.60119993872140842,-1.4263026518210555
56.629999664389594,1.3065043740676106,-0.73426285110743517
55.199481113948075,-1.1133644648150873,0.93653478306973992
56.678058434528097,0.48776818797138272,-0.96427048576220509
55.125460324507834,-1.4483441392214311,0.18554313596984265
54.850215579839279,-0.81275655809937919,-1.3627543265709026
55.430588124388336,-0.79691580332136169,1.1068519093840963
55.130601847506369,0.5304392857444028,-1.7943383787533889
55.611930735558339,-0.18335148500244289,-1.3233366987838242
55.053158026701844,-0.38361635657568893,0.98430646957827705
56.381139813195681,0.92776422880301856,-1.223900795106577
55.629337317702991,1.3306924494941972,0.42843881815047791
56.368975336283562,0.3914939353864994,1.3163316087542831
56.644439227511185,1.0039131666805914,-0.65872412273954772
55.670481564195569,0.76320454663532611,-1.2880286583603067
56.291190116625977,1.2606157754055245,-0.30265635945995045
55.813394998717136,1.1685673924817306,-1.0927968545323967
55.690654977033773,0.92319200354344344,-0.83933993418150488
56.180521396638234,-0.92426859105616022,-1.0302410016290111
54.910401786641906,0.95745045134842655,1.3651950807080186
56.047611926968941,-1.0499541544546822,1.0518842884331689
55.330054091085763,-1.170161020040736,-0.86219229884816317
55.078174844148762,0.63236813856029084,-1.1010420113417971
55.669963895922876,-1.0496257877199902,-1.1071572506969085
55.4548961993451,1.3508170481604396,-1.3571176985363844
55.560236015973175,-0.44823450258864156,-1.3661483499317228
55.179403497233203,-1.5197494507755227,-0.76506484877930314
55.921752368002259,-1.2639229500333573,-0.28732801597190105
56.249700414179664,1.2413847650428094,-0.99169393519418769
56.536971571687239,-0.2211299815827534,-1.3302646553597139
56.650408123771314,1.597476824091201,-0.78662908393872555
55.930722676671991,-1.3066348626122641,0.83475674828864221
55.240399019252479,0.67599187942416916,1.2425066828477587
55.002683769697789,-1.086277353241984,-0.64577418487966665
54.914147334202667,-0.72296420213285695,0.77682924299947154
56.061344800722082,-0.70726305271189438,1.258898246146914
55.136385022622619,-1.6105040514097388,0.33165223916503644
56.552201554341707,-1.0661058154879517,-1.1505122233192431
54.976986467497568,0.56499748612847456,1.2815132350297371
55.843436075818829,-0.94122244897326501,1.4479138459890022
56.038478330191069,-1.1899676865850886,-0.60578318022199584
55.328286145436465,1.4025143765720847,-0.46842170115268639
55.693384192859831,-0.97864137239264848,0.36925747257266373
55.60529207382173,-1.0541266101104161,0.96361685258077945
55.003494340528341,1.0933462734742738,-1.5133126569360851
55.995295153275549,-1.0675204885313858,-1.587028425468292
55.765384918649517,0.75223331885218891,0.98750734708421262
55.583039278663662,1.2433805696881814,-0.61381783076964502
55.666134607237048,-0.47645674923169612,0.76799086975512565
55.327639988765185,-0.96672796877796263,0.81802138661614143
55.88922814770082,-1.3733006560462262,0.20370369688094495
56.187041346987634,1.1483444564584289,-0.73217025784692791
56.483195785126895,-0.37088535250631682,-1.2752618713552233
55.49960779453572,1.4272254592869709,0.0017306980202377144
55.753038992690364,0.11132607015356713,0.92476542837151343
55.21170575486569,-1.1959766609310829,0.047298457619526932
56.632758240316143,0.87678221060349459,-1.0792703911609038
55.237818399913635,-0.12558226664738276,-1.4229622441264456
55.173011124309305,1.6524798896128849,0.21316951756841851
56.842685911513897,0.011472814084877644,-1.4003204582745179
56.046069507046091,-0.16717066058423777,-1.6472845721091565
56.71822107603073,1.1969392080117442,-0.74978903515038986
56.410793116884335,0.99983701975536732,-1.0329855800018179
55.568347291394403,1.4825366430023754,0.84599812720009082
55.756409860341876,1.0456551546624651,-0.77473609734862969
56.146963538021382,0.41268308235369672,1.6522091504813838
56.22687576083311,-0.87416511644597705,1.4410165033042108
55.219022445038718,0.73050824843107565,1.7055629775689776
56.538892770623654,-0.91658448416733596,0.63258229635855423
55.936855556883323,-1.2406107517586422,-0.37499320033073935
56.038751015383653,-0.96375965118836959,0.58343907586465249
56.244348204402648,-0.020115438815036114,1.2017892787729163
55.549962270751465,-1.3666313271228563,0.7180788398896244
55.219783641825849,0.35118691652298567,-1.320639426397479
55.334076308404754,-1.322616349481641,-0.25335266600141382
55.000773750987925,1.350524513203998,0.08617991954336085
54.928826854439606,-1.8756385503492348,-0.34091590679040767
56.508544420056552,-0.8404915284859622,-1.1476488675393919
55.264688658118232,-1.7659967655136692,-0.54673590281144735
55.989307891834251,-1.4408829846518383,0.51834397894219453
55.405210049800175,0.76235961251828288,-1.0675789279134913
55.403188933521392,0.89869174354224135,-0.062318358699815009
55.75216284240058,1.0228157192904459,1.0248123225262609
55.486931722716363,-0.018761212399497351,1.3420196505957576
55.206123447214452,1.3354669155343526,-1.0699459036821561
55.984056646754929,-0.80219107560662484,1.0345595292597811
55.991020898136007,0.98810811102119944,-1.1001481490230145
56.24396437755928,0.9705904569885816,-1.1189858038192926
56.40912188828257,-1.3091614040881201,-0.43274025037632369
55.208976075076876,0.8299989842856369,-0.91165234038126342
56.334643159485658,-1.0009985841675828,1.0495432604941191
54.800574604708267,1.4079824739024649,0.44762410591469848
55.335868780137794,-0.23393372870139292,1.1990243869874786
55.963505164217878,1.1371088215635483,-0.78838284511923917
56.132109404402641,-0.75034333830069544,-1.2428333528585673
55.265917173142256,0.83515213324553006,-0.9374586897152879
55.302625483859885,-0.98343717995041013,-1.776268494246001
55.591600182905211,-0.6788866554293731,0.91620441289019416
55.45867686289526,-0.78110816121925586,1.4028016080229462
55.664290160443144,1.1947944259687571,0.13068825017854666
55.343206304482877,-0.89076377671180329,0.76448671265145496
55.500186525330562,1.2343474038429583,1.0087082335331334
55.784245351014953,-1.3135907010369017,-0.56648002357174676
56.810506836928944,0.73792543549053369,1.2191144541153025
56.29323208483796,-0.16816109616689626,-1.0362190663276278
56.208441907727462,0.66121361729385697,-1.7065153310427765
55.05530666204578,-0.50713572558840259,1.0479275486226745
56.617067358216573,0.98348308649210547,-1.252904683789599
55.155601031998337,0.55406611229135949,-0.95617374989296122
55.479502500917803,-0.17863389815461936,-1.5415809843123973
56.647561718987461,0.32592267433354477,1.3137538337214134
56.655265229294436,-0.59037757942671598,1.3170149663990409
56.126501949211338,-1.431810268912453,-0.51180731826230241
55.878699194068531,-0.69303991008207488,1.5950886150937451
56.208134667701152,0.01236809953294765,1.408555738903257
55.215467338147505,1.0629307911153423,-0.56654284893847984
55.671494160065002,-1.2355994190657345,-0.97469051380926186
56.714298710474544,0.062059612314040252,1.2475250883572695
56.123268189168321,0.4250625383807809,1.6520162780993897
56.383208894247382,-0.92543597853912574,1.2032715635517113
55.904465313465465,-1.1312948708878867,0.0018917314659172078
55.9117385583477,-0.36644847980991724,1.1769424540583204
56.055116625408886,-1.2675086950168861,-0.21102145280377735
55.786889336196182,0.99999696808852823,0.23994527615099889
55.826038352424625,0.42879192958579654,-1.3353227048402041
55.689705016464593,-1.3449285567519631,-0.35890023392246445
56.297591048652805,-0.66956547022757917,-1.0685973484385838
55.173517630398372,-0.20452293736509614,1.3103095325771565
55.997393996212558,-1.1905907603574688,0.46312527887026173
55.02481394130939,0.10396099255749433,-1.5108678269927451
56.247402885222662,-0.88783005076319188,0.9031015459850168
56.372388290051163,0.5871849760366068,1.3340563858507957
55.275534217877905,1.0561536055098166,0.57784578712424572
54.905254099020276,0.99437499960907061,1.6123606560364112
55.041024334182808,0.87576036915830235,1.0854989800487025
55.411707647694811,0.6917991398618083,1.2203587562322078
56.314458127173999,1.2773888288255351,-0.56190694855798295
56.582581252247891,0.80232446047597916,1.2193383622238561
54.960906862601938,1.7493961181978024,0.15989617918498247
55.710032887618318,0.91377874519449676,1.3236831313314308
55.596191945143595,0.48601139198221111,-1.1885333790985451
56.384436481882148,1.1578765278291274,-0.57346315978977458
55.806371475629106,-1.3381533198426101,0.31617878650635484
56.452355949993589,-0.76221889154139688,-1.0446074614436291
56.651911027404495,0.3465882595340895,1.5233946180188795
55.457581328946837,0.03261561373010443,-1.349760368649588
56.266361198963232,1.5335388215222199,0.25779203512857635
55.180352916853089,0.43321032721768415,1.2979938553462775
56.347300243882827,-0.76538017682355874,-1.0304414521604761
55.259022422176251,-0.79632316574060802,-0.87704996138923452
56.399268402045436,-1.3060277414328023,-0.63330116460222308
55.12727911047039,-1.200349805138047,0.81417752504144281
56.482633817253827,-1.2164751103969214,-0.91340503954846752
55.037320144695542,0.69605986067844172,1.1682397599669136
56.058103389814114,-0.23678068896355259,-1.6060850685155725
55.16386426850228,-1.6134849967796094,-0.63212574615293904
55.803260322110248,-1.5017673127363955,0.64627915334584973
55.290720275667375,0.10844343200213333,-1.2460969198950886
54.954001618805229,1.1068831397161152,0.84995519819615073
56.341362035638468,0.69345553655913095,1.3086213221947669
56.605686664401645,-0.87694317602847527,-0.82119754765269104
55.415562540510663,0.20657736529660281,-0.88406159869477419
54.986169452983503,0.86823662768217413,1.084371380815538
54.78143006519673,0.84821857102667875,-1.0607134509041729
55.581541811828153,-0.66878064915632018,1.4027180910691259
56.465795699388337,0.72891861361117494,-1.382873625652518
56.404642295671394,0.30476646870314278,1.2021424859931549
55.706121901003584,-1.4606474991586065,0.78737131711397312
55.579092258569254,-0.089018390537194611,1.0710824732018487
55.379360130072641,-0.92366910156991167,1.2930197144355509
55.304383054392922,-0.98092499857904591,-1.2473024816252618
54.987779326833277,0.21155588881208606,1.2746754286974553
56.363830783606332,0.3332045934122575,-1.2938712816439526
56.136248111219487,0.74072764209472508,1.038525917755506
54.784315626122847,0.62295324314373623,1.2442510739590096
55.07043642912538,-0.076512873790488309,1.4315214448740399
55.330911791843619,1.3946683655959498,-0.25071408081877894
56.770134575637485,-0.64916508534030004,1.4121503177853836
55.56871835717623,-1.0007317699226468,1.0683167924275752
56.65081526620213,2.1251850213751919,0.037700338145208477
54.95398611759682,1.0391068558546415,-0.30121745748650286
56.718559982583983,1.0902999391945314,-0.21926306264845774
55.97506506577362,-0.89424901422005321,-1.0738612253351072
56.687062062923211,0.50089631558342396,-0.92241824686548524
55.470959248789441,1.2591902147663481,1.0096778373731647
56.346617347790286,-1.385575035970561,0.066770171396093911
55.802056091857608,1.2739776222292361,-0.78725661772164157
55.883608225640451,0.69357341814131468,-1.3504757781333836
56.145751660860498,-1.4084896542915939,-0.56149195432827115
55.145004268062074,-0.21694952848044385,-1.3451319050533346
56.554499162613197,0.23321096533460048,-1.7209564010558218
55.776004492826317,-1.2742331918014884,0.0068178476108748118
55.75543222444864,-1.2705240152057229,-0.035398140893468918
56.509834975128989,-1.3744838617290493,0.19443312336456114
55.523238787623626,1.0931120551286806,-1.1328329805528909
56.115053616178081,0.1522694648663647,1.4120914585736606
55.577949460857106,-0.1446343386878301,1.1750796920454862
55.31111783159168,0.75819823782627538,-0.46849933909908192
55.943697789602034,1.4945574964795603,-0.84003127178600723
55.413877560786233,-0.061830217286035646,-1.7872341510210756
55.78476948564348,-0.75743890884392473,-0.97604132547980338
56.734543876269214,0.75223350853758864,-0.45625330691525301
56.732340870756701,0.28786436604420101,-1.4539747877956999
56.591437417860114,0.26385787819614176,1.1116859481334789
55.803512229635309,0.17254152305405562,1.1179965725972254
55.366378316570049,-1.1438814739292602,0.93742891420412766
56.485982733158828,-0.57543125233377146,-0.86710522828022463
55.031938398850222,0.96428437410320156,0.78383661233142143
55.6900582151547,-0.63077664786439591,-1.2271712895875415
56.69602099830044,-0.12023139099651781,1.192109289229446
55.706223292793204,1.0692218403577773,-0.93960139689235533
55.654493642007289,-1.2594407031211212,0.26034972769043396
55.863197353453295,0.11089731204489148,-1.598489861892926
56.053679727701478,0.15827505624423263,-1.1916392350630909
56.276517238885774,1.1120685485052717,-0.56754019643253473
56.673870418219138,1.2175520102051498,-0.78240864176400748
55.363010978811552,1.4067154282500096,-0.44757137326596169
55.667569282101013,0.21795342549829044,1.2734434223508799
55.811645120547198,0.8035855630051465,0.9652727652294083
56.624502757344686,0.9971364265418291,1.0940423744823717
55.601184610403365,-1.282087721184489,-0.084119164141959538
55.716072066429341,0.88343565176247929,1.1816431295554402
56.092143123732527,-1.2631207034875358,-0.4890278119747265
56.245093124643056,0.094036953434219958,1.0922971112449484
55.25583547481245,0.28869110432324691,1.3352256832429601
55.548729211926762,2.0111977638972838,0.55151632216641233
55.662248808725394,-1.1863390446174917,-0.76450795398051385
55.053544903551646,-1.2860189215061189,0.39553871050913314
56.296334399600305,1.0430791473683476,0.86832805265814161
56.678821160071045,-0.52364114678653095,1.2091343532219012
54.961671105448595,0.94947592385343149,0.72491280556174553
55.896829757410664,1.1952603141515266,0.66439244614503146
55.264705028166865,1.1384043917695061,-0.79608545572314826
55.688064587209823,-1.482038467508511,0.47456503564224162
54.8442285082116,-1.1468655619883557,-0.97574920265184784
54.996404566831913,-1.4505087661487031,0.36833092974977594
55.88723758803561,-1.4495974607510398,0.3684593328873958
55.089739944020302,-1.0577167979342834,-1.0830976644505641
55.341381027703342,-1.0066646820007279,1.1093882410523339
56.375807574170715,0.11643055629206328,-1.3685378822290875
55.681846210104531,-1.1917851560020218,0.37968782505883547
55.359428324920771,1.4146201199944708,-0.40164526322578126
54.989874059348949,0.76857084385628605,1.3715174738513656
56.472688782302889,1.0256785546209015,-0.92749948916304648
55.35111907798067,-0.19059561372462636,1.3215243329486253
56.035582813124861,0.60828797422647729,1.4567599503704121
55.118371199317586,-1.3667323953527171,-1.2359895426434686
56.335443122031428,1.4244643579685887,0.37782351797502661
56.219531388087518,-1.0537354795991558,0.20729193948705438
55.019922032672334,-1.0757276724958518,-0.96364607741728292
55.75030866984369,-1.0532180428047699,-1.3316790391905511
54.894844829322174,1.4260168722218345,-0.71816242871011948
56.294290518134815,1.0588417487406447,0.98092806869175109
55.383923168612711,0.85945127072390248,0.89373950368984068
56.028648586976487,0.17309491693999762,-1.6866478509172349
56.540753603670389,-0.26328051878024539,1.2998494987511231
56.109426753622387,-1.2966868287386781,-0.36801314412475694
56.311741246807514,-1.5355059101194835,-0.72125752673038346
56.61614967846387,0.38562476741329349,1.5006647946689096
56.213764227759867,-1.166960165518746,0.14754179185286023
55.156506267415054,0.72006844171700257,1.3790247615695916
55.765124087144962,0.94176540104320339,-0.090167552050644847
56.360581800640588,1.3356851539498149,0.89453393973315409
56.593465482719864,-1.2432753851153127,-0.67426126429967626
56.667356759610129,-1.2175141980110535,-1.0008374369906694
55.147792024717049,-0.14877637989167075,-1.6248836818059793
56.563586331500098,0.47920278593230337,1.2014319085450387
55.368379374800021,0.5119804206116475,-1.0535812740007651
55.98406421389803,-0.44880016402324624,-1.9987023079348702
55.943930615161342,1.3467799071229254,-0.88933572357854351
55.36237872770154,0.50831175577726462,1.5178968853448926
55.206099775157064,-0.82053701007331736,1.2303536325131312
55.960108817177243,1.0853214201257217,0.94106633773173642
54.968224755838499,1.7787420481183793,-0.83479990112660218
55.628317743152394,-0.6654044216514905,-1.4092167089113157
55.443645147671795,-0.92442556954958721,-0.90937077275000233
56.47222997175863,0.89155730832431401,-1.0394080590988442
55.038129808130371,1.2024839927594348,-0.51507448120967547
56.364614115678798,0.060502975484761551,1.1478560699804352
56.275553580596416,0.82128158024082643,-1.430459522199742
55.864008817344406,1.2750682667353108,0.61904816345736513
55.769082172900333,1.1251385056525418,-1.0317235422737412
55.624115277537761,1.3386969764492771,-0.048629079151239298
56.207654955864363,-0.25516781646201842,-1.4440038445483179
55.007039908954177,-0.54581307886084973,1.4430556079235599
56.654937123571642,-0.047741724156159793,1.4210422767959712
55.348632773510083,-0.31856527910004284,1.4435027568569003
55.008456745243464,0.76159276256738251,1.2298223352751771
55.557370424091452,0.93041287684102003,-0.37745250544019254
54.867991765280721,-0.70358491616962193,1.3744734619318266
56.227506390932859,-1.1999474707433526,1.6194186559358006
55.956845654339993,-0.56600884919072447,1.2432575046827428
56.421368583534033,1.5889337877052776,-0.54922521130563329
56.603862079365499,-0.5641248059342997,-1.2477605490045038
55.440346859254092,-0.87193808351484681,1.2219746858641014
56.696595044252206,0.39133243713760824,-0.99438549194703063
56.698820662246135,1.5387545627222372,-0.74125411896429938
56.125116491402331,-0.66569940154369145,1.3594357023313244
55.765107574614376,-0.32397733887876357,1.4657044685421696
56.783847383635461,-1.5035261036557539,0.65844684630916206
56.251822982562416,-0.17996958290096404,1.3137163902145592
56.509164403080533,1.3577953848385678,0.7034432259313641
55.226204623610144,0.13209730113798204,1.0899414323169996
55.239831679997351,-0.013982353135121984,-1.3485885534298612
55.832701907074423,1.7402529797083055,-0.60215609074348397
56.293671071234741,1.4289733368125073,-0.42704479419511288
55.340079021341687,0.42273818439779881,-0.88545882048479019
55.096705478597869,0.94578898671630884,0.78795728635884976
55.033049269480337,0.99785877856870819,1.1566713950900871
55.951601537230538,1.237096407986559,-0.6625518268320022
54.972854498197243,0.78654287536426604,-1.054477903804468
55.153438866515366,-0.28844369615908722,-1.4430357694691944
55.55599160224105,0.47301285275707017,-1.505947154348626
56.729415489331359,1.238884107751667,-0.62397426643864062
56.809108696639882,1.106019350965465,-0.40418435354023813
56.29687988464952,1.3718392612225501,0.62251110149183841
56.027484696301791,0.83360320021047574,-0.59065753765808204
56.705527151327402,0.55021739168069306,1.2612526320053148
55.535327228073875,0.40473400645776142,-1.382020351402601
55.743716178725577,-1.7138146330140094,-0.4322989948882513
55.76787017197411,0.084843863586847104,1.0511956577691759
56.331315222881564,-0.27373750108825101,1.4371143309619707
55.171367020057104,0.15945799943715847,1.5181689755409857
55.812307873311724,0.18241276825487465,-1.3495523324070582
55.760576238070172,-1.2696006041595103,0.91909750044468619
56.026586883993978,0.69962638967196555,1.2865599897445608
56.508773808163028,-0.071725169383868831,1.3404551735724639
54.933342163199299,1.3455506910491277,0.45673346982184121
56.123047611425648,-1.5676286732734943,-1.1875296457270195
55.170515801550415,0.12219647557550518,-1.291894364264067
55.868938297482082,0.23788339870670394,-1.3139591863125477
55.502893263016787,1.3181040935647306,0.88959324693312192
55.253471875267934,0.41970612158318105,0.95666915254238571
54.971395106843374,-1.8280004017980234,-0.41876381256776996
56.247126622784542,-1.0343992978336782,-1.0245636063963581
56.522504278392589,1.1765663768433356,0.24095336780081933
55.225794206570733,-1.3136279727583666,0.85234142714323569
56.049904562338483,0.23890614048975548,-1.4181368464498068
56.692759673757386,-1.4677122821924085,-0.94115754625486503
55.660220244819016,1.0918888693065607,-0.69347695641971296
55.295366375383111,-0.80713430275462417,0.92282016069396866
55.670757173648234,-1.477910409883006,-0.64137527013986695
56.772803981091549,-1.2494273973297532,0.30021448782017779
54.87569640154981,-1.3202593031768213,-0.51022651957709253
56.257068847036578,1.2476980629260683,0.94001201808493595
55.188393291254442,-0.80266817834707482,1.2687786346288141
56.780980958324186,0.45844058738122173,1.4708469805257349
55.180954354821104,0.6043894619993736,-1.1183294458255928
56.49474500537908,0.15228439202653354,1.5206602253425141
56.452635289953427,-0.76817545770788265,1.3148231420092702
55.86985916388101,0.87571114898559654,1.4165670536382511
55.110260116826126,-1.5347105628652036,-1.4008812011151635
56.336163495607536,0.93854157466256261,0.65893276513595833
56.083800287482937,0.1162715422201903,1.2880176188488914
55.693135459276434,-0.30382247704294701,-1.2040772183713497
56.560466076401205,0.9488871921638159,0.30526400651125196
55.115182718212729,0.51345251407131443,1.5467233413299077
55.12993083746246,0.97086814219571638,-0.55238639166665227
56.506456462524795,1.3668258034164826,-0.87396234446916887
55.937869577654595,1.4615098973501432,0.17580825855095503
55.893733189178505,1.4758308349411327,-0.0015386967836060173
56.280488807441863,0.24701948840971977,1.4098169925259998
56.669818405263982,-1.181129154936656,0.65277346853415164
55.356983431284881,0.24701633372665302,1.9072078980454767
54.928268125266072,-0.48452136270212209,-1.6828026568585226
55.705773193176036,1.4173167699673954,-0.106002828140611
55.728067258249766,1.2369098039415989,-0.60487897299785987
55.512654472961195,-1.2944658224407735,-0.089362801568717398
56.485300298765281,-0.64230707153504485,-1.3262478601992003
56.376732909033002,1.0143278860684972,-1.010357300198913
55.035141267199101,1.2546112438308519,-0.52899913338788207
55.317435318489963,0.47343393765030667,-1.5364786164944066
56.066869909517422,-0.31916662288222225,-1.3001931754100764
55.176819668890481,-0.87565666158543742,-1.423613250530007
54.87322395731259,-1.4305939924919358,-0.51186624064665398
55.945501568324595,1.2057353554245172,1.0212006124556199
56.339348286056861,1.0979060610273101,0.3988207113945243
56.368358296562832,1.4589664887110745,0.13089513641944933
56.440977392043948,-1.1465476560354746,0.004188122771783662
55.957998270389503,0.98524430722650103,1.1772045927668862
56.257412361838185,-0.91593352970414532,1.0727836530620225
55.452182970095073,-0.43304293613360684,1.58387236180271
56.290035304033331,-1.0259808208984069,1.1494639111053542
56.153062730822157,-1.6689231326078324,-0.58936644371526115
56.468632819490558,1.2586075656189077,0.74338547301642066
56.692134045117733,-1.4080105116110366,0.39928280820584455
55.425447208552129,-1.1532736143615656,-0.53129648057055379
55.256438477212718,1.7484610216748786,0.04838675920149401
56.760046128448572,-0.26221405642432877,-1.5241327834771481
55.118600148522773,-1.2628512742768312,-0.9437478248982093
55.744725863836919,-0.9608213194666928,0.82293900645135665
56.138448494702729,-0.091089327966342656,1.116931820460666
55.638541771439066,0.37534568181222877,1.3212837767303069
56.366687028728876,1.0384110280263106,0.99396684271729763
56.689806531505759,1.302625554140151,0.43474257992904269
55.157476443177046,-1.3346667935784355,0.12674026170147701
55.264827022480233,1.3812502919023366,0.61348065092424209
56.837539345799918,-1.1187765922324644,0.72494250002540739
56.687221606350214,1.6338218025734446,-1.1749584177685826
55.680737826181485,0.77399322260790393,1.6190049764809009
56.313298799694685,0.62468783787815274,-1.0467632104898168
56.156561417432428,0.53860608649807373,0.83553271194121448
56.373688346635731,1.3786059291550687,0.15826761163804032
56.18784377717413,-1.0331392927970759,1.0894450180582169
55.756505331176392,-0.70111828520387265,1.0793286867322598
56.493544777304251,-1.2076385288431482,-0.46857300732338819
56.020201433112184,0.70321715119169248,0.86067018373483717
56.646278055427821,0.92199567599954668,-0.94176088243836542
55.962851272693058,-0.34038090068682825,1.3843238975116448
55.974819688097298,-1.0342573527211485,0.86535186148331678
54.866518356860411,0.55987941045775047,-1.0456269141629255
55.555734028787704,-0.53528316724338376,1.1721203858969391
55.151593643573321,0.27324304875667599,1.5157470301328098
55.771148604106777,-0.27856975164391851,-1.1454725071517722
56.553605132790445,-1.5174993361361062,-0.12284888816370163
56.074327607333963,-1.0205473697397152,-1.0217206934521128
56.454000549366576,1.2789360779151078,0.44336445904783028
55.778148636005049,-1.0666418955976833,-0.6223877830262784
56.079555857457926,0.30526093960022987,1.5167082294025926
56.106083107887279,1.293633003852467,0.9029000964421019
56.693472933967229,1.3126695941215683,-0.2671849901909793
56.038390305724441,-1.3990068758788077,-0.95801008512828312
55.360552881874689,-0.62709680021582659,1.4043308117424917
56.713941764202609,1.1505880993214983,-0.69792528005022358
54.856332151430045,-0.53905374618534485,-1.4915961695230504
55.099323106595982,0.97108886433036712,-0.79809823599837038
55.382804521547641,-1.4663690875634092,-0.97542421519711331
56.763544789871659,0.71196241287396278,-0.91621312072768413
55.362277735196052,-1.3018555071569973,0.79205492983138137
55.490714348647558,-1.2123007163446651,-0.28084658657431005
56.154615748780856,1.4569542426412789,0.77287808811102354
55.352502055652899,-1.2719874405004563,-1.1275068269059472
56.646012763183528,-1.4917305359717106,-0.72861497770917305
56.542549830263717,-1.2166281777597212,0.89853457046401797
55.958513107110193,0.45524535871719607,-0.94768166275131727
55.362205338331073,0.053227845017730341,-1.3003162140001199
55.17336013923827,-1.3770857730605091,-0.11020276580677592
55.476047717318721,0.79913151756110579,-1.1916576426736283
55.158729977124914,-0.37011580071722566,1.1772675035114015
56.055344465301225,1.1449811409705872,-0.80788390638336161
55.675934658451602,-1.4060371169615737,-0.30456513079209108
55.837370889463756,0.84719848268067222,1.1779361541958588
56.748417764394446,1.5098123519500839,-0.77556658162077718
55.872200573777562,0.76600068737081439,1.4477215152596539
56.263603219062382,0.45791822537562638,1.0197171375063931
55.283996213317003,-0.59955966081463907,-1.364564076302841
55.955244253741228,1.3932377515282384,0.78970349039002641
55.764846810781783,1.2410302445933286,0.0017478996967611152
55.146720531240192,1.4686269785218025,-0.87391909998054573
55.357896067719651,-0.95439814049796123,0.4728508417342554
56.584866694412078,1.2838126340419436,0.35398127076299646
55.602932906271761,1.0921571560706429,-0.8901601767807179
55.435122591645218,0.24781335881523853,-1.1982139834822514
55.839250797523952,0.59339636556495845,1.3524576682094316
54.981875852448489,0.91821281644492769,1.4354525087435417
54.97309963304,-0.85920527154818438,1.1566892658526453
55.528740801860678,0.87996210064879055,-1.0854684561510446
55.314628295797107,1.3449240677773464,-0.79607050164995319
55.083922755932448,1.0200608451191,1.3884973116997847
56.166545316631506,-0.64216322025508354,1.4511064502926323
56.414292300638564,-1.3786811979974862,-0.32298418432793463
55.662969883275842,-1.0689835285529683,1.0323712130180422
55.698640441718361,1.1253805783923079,-0.98796682204613673
56.142704599812987,-0.13985475032081363,0.85128424892683296
56.507327987642824,-0.73604364781753184,1.1943502666223742
55.544299966855725,0.030188963819629339,1.1226405775567088
54.947864633233642,1.1162493329356704,1.1841834804594586
56.436496447598664,0.54241134713112615,1.1095106499306924
56.840948055220274,0.3943820549371459,-1.4250948746449783
56.563689560601802,-0.78110752303023612,1.1130551043182353
56.128940971910581,1.1545094313633975,0.73503631816749915
56.087073343225427,-0.3485006414872282,-1.2650115042965082
55.565704797480095,0.89856639042733977,-1.025604125690897
56.654427730331093,1.1397742185249868,0.33456521235622549
54.798934079018416,0.97635293176290572,-0.17474405609478608
54.979597609299397,-0.99049666803806702,1.1531545548250235
56.440265181189503,-1.3566489953473051,-0.16789057242467875
55.154039332071321,-0.59993160673150625,1.525534079139736
55.546717849350443,-1.1183485660634305,-0.37244185426649362
55.800110441643128,-0.13032943589793228,-1.1666000897694198
56.054023934198646,1.2243111617086913,0.79814537999021917
55.645825438628925,-1.3870761103891631,0.41360384649260118
55.056776580545424,-0.65869909637860347,-1.3586754516770336
54.975760514020656,0.83889195710044373,-0.96614097918375053
56.025420087171817,0.40898529691180274,1.1574662704070835
55.929168016047832,1.4963425273509923,0.70584257277014384
56.390278299762905,1.1873274648474419,-0.82959969045539128
56.482117140811738,0.16890723649463907,1.2682076553492965
55.839460147402747,1.2731668279294992,1.0799607579933177
55.400223855745764,1.24624649610073,-0.024525720770272614
55.495527973407675,-0.27974276450400171,1.5607239179472157
54.863736272737192,-1.388602822538993,-0.71141711827623033
55.235620472071822,-1.6423626045182567,0.82804495028374736
56.538993604592385,-1.5258892835942504,0.076239322453446806
55.958507742595962,-1.5209162492674548,-0.065422180030511826
56.144578723248699,0.96807371259995945,-0.98169481532201608
55.700177161369318,0.22776095322593279,-1.3692920787226852
56.286673047834896,0.0018385008700168024,-1.3840936955700189
56.056400052187556,-0.81889330838665453,-1.1013756301865343
56.418055564373411,0.79656766959255565,-0.86658910406295553
56.349997495803443,0.58879926720357245,-1.0311391815529618
56.565552447914243,0.54288031201463616,-1.287260635702731
56.183027754805337,1.2893809082207959,-0.59185470446716804
55.305989479484175,0.65426303501332406,1.260911410353122
55.849797296061176,1.5578561151037127,0.40179935674544104
55.143825765232485,-0.56113996166286539,-1.1882491366830457
55.380229461393995,0.66657061944288343,-1.4981967774247027
56.556034755092817,1.0277725237093365,-1.1056825148377887
56.166741740548524,-1.3445428814652218,0.30975093222287542
55.576362640616075,0.55177684831220575,-0.99804042139780536
56.4711749781127,1.3660889708168928,0.082791211961005431
56.679874596784593,-0.75035444115235927,-1.1022543867328904
55.232161720721443,-1.0264421802821446,1.0830960268455083
56.654061126339933,-0.73416198654983722,-1.0544828099448627
56.462227877467775,-0.24811852106521198,-1.2737520611093742
55.9686660728863,-0.070193944727295648,1.651603573917076
55.725115345889243,0.58078003140264656,-0.54688530808913827
56.097849657558875,-1.1461769743188146,-0.80002024961846308
55.725393649898308,1.2790139779421339,0.35851523580910938
56.271589982058245,-1.0471452430135226,-0.55754603203201325
55.233055203509927,1.3714920519282159,0.59829399496807389
56.491790814761806,-1.4151761043346296,0.060355195932794412
56.219401572662044,1.2241222386085417,1.2390995113785943
55.050948752027217,1.1429393276107012,-2.1167726926245019
55.300984468877417,1.5863069537497378,-0.16593106622776216
55.60843579779241,1.4944896198616655,0.10120198564508799
56.42047199158494,-0.86854261702834579,-0.98325087899339836
55.762315879766255,0.36325706774539668,1.7358017716006977
54.963257123737215,1.7876840735294508,-0.2935495288074455
54.999730888486354,1.5145904677750954,-0.30300199909015507
56.229411171443935,-0.75800916985972933,1.5608285145779459
55.586374810127793,0.84078625348360592,0.91185051724152
56.790855893975127,-0.91778419376153586,-1.3539967460213846
56.424165957838881,-0.40750260090836221,1.4331531915034865
55.244234284071496,-1.7763668165230546,0.08455185972114744
55.76493213587716,0.87507056309194375,1.1873440874179149
55.636180321015175,0.71745716495644329,-0.95784793434887661
56.414609095461032,-0.51529212967787208,-1.7134372936321975
55.931018819528184,-0.51587441220764674,-1.4032061810043248
55.934173202847326,-1.5744337765947498,0.14810990722932402
55.567295666941433,0.76823127612408049,1.0230380584760312
56.289068832001561,1.4325059506653157,-0.14270010400302396
54.930687552380228,-0.45969782225015532,-1.4544634190050727
56.05949265643212,-0.073386546189454158,1.5509891434250591
55.235304315032259,-1.2720029311169054,0.44913963795552914
56.555163686775174,1.3334810256543259,0.48922472153634078
55.646866986661443,-0.93234981052812838,0.3548353277302278
56.656644237924958,-0.31756591237738385,-1.3342038435410644
55.388995718612811,0.45855520527973359,-1.259810673672314
55.561795331533581,-1.4885200596714552,0.3290776358767209
55.397995473479369,1.4535621528424445,0.66334962326942359
55.001410860001421,-0.18303314336536711,-1.4998195785600836
56.559857633320853,-0.15571321685371914,-1.2668559527816055
55.633301051302226,-1.0888817215592967,0.91485996623757415
55.804818390599152,-1.596464169075789,0.0065635005815801398
55.943965030501325,0.54779224117596903,-1.2481014560764923
55.174990809330097,-0.91709938267719382,-0.58953865302385022
55.388814278337037,1.0737218976814962,0.84688149137843194
55.765168378130625,0.28823967325292082,-1.3416726066514084
55.828948236325665,-0.77132792137449724,1.1791592151972434
55.696945849847488,0.66146830091778819,-1.3392819087121801
55.966778157462485,0.83680364171894395,1.034181460794984
56.683748992845437,-1.3614031563355817,0.067053673010565695
55.521681557621754,1.477706627845272,-0.32585482231706797
56.267158861298363,0.4419500918909221,-1.7777538373282198
56.187272951989222,-1.4262119527389905,-0.012379339155762758
55.904935309725566,-1.0499880721273649,0.76359793490635663
55.852246304299634,-1.372982221466988,-0.64848467756674033
55.040115542314602,0.77193468319912628,-1.3844968244055904
56.160726825062348,1.3551950664898564,-0.80627982913869289
56.253407316225449,-0.41682956049288278,-1.5542496119402351
56.347757816724204,-1.5640745272399768,-0.42269541675994315
55.304224257333452,-0.99660473079217082,1.1346525692949934
56.732595449737737,0.62962837668599625,1.3542462207526604
56.695986183870133,0.46186481308264854,-1.4389586159687422
54.867650733939492,-1.5152942607386166,0.20308497318248231
56.440266141923196,-0.18086014973326198,1.3584079490309349
55.987702076631329,0.67579258203005577,-1.4494165875398413
55.412649085649555,-1.2922460943503751,0.72170721373468161
56.518250515963516,-0.12660187599773884,-1.3007910446957265
55.734597015074911,0.61211437316227946,-1.6015470197042023
55.95058899688398,1.4491345203390411,-0.35034914531363875
56.140835965390785,-0.1008054589778874,-1.3260409085107032
55.333603802514773,1.2032081360020319,-0.95484670689059403
56.007233188994483,0.88238665125401938,1.5122747913862638
56.191438779618863,-0.90856333909285969,-0.12999218850400063
54.891546047020071,0.29399240505053231,-1.4985778189551615
55.092682468677005,-1.2476717270754936,0.076621914598123467
55.550540768558072,-0.91589571046437857,1.0399363541257436
55.264751385478363,-0.57294963867137738,-1.1308035096774769
55.685035422437238,1.3242315754257765,0.47824243979814968
55.822626895476581,-0.20837710764809464,1.2905906495841153
55.60042082846838,-1.3463020708583311,0.1324327740352009
56.71060536634954,1.1968382322191355,0.94435984168723219
56.642678416020168,-0.74503860485184126,0.93767898806645433
56.472348192925324,0.4360530854251829,1.3881357195098465
56.395184432527863,0.77688763819290485,1.1656439482100214
56.675024655912445,1.171395791983582,-0.53807502812425589
56.519988349003263,-1.3998667841599248,-0.765603448047118
56.520886862658138,0.54700502598770973,1.2626225534408047
56.727708106318907,0.67382207040948205,-1.4456929574977184
55.437412287109105,-0.089621553665229822,1.2220837176903294
55.624780054359746,-1.5757434304274351,0.02232469975270733
55.311557762833679,-1.0646024739376576,-1.2829047552205524
55.396197432656592,0.89376735935510687,1.2648781983913209
55.864250752041812,0.065648250983883327,1.282435302806634
56.480040546073937,-1.3296408376471163,0.35086175124309216
54.967666760918952,1.1230102178486594,0.59574657045156565
55.868807217600491,-0.58663249932946837,1.2664016067332469
56.353237614266604,1.2626248981685659,0.95810838598296821
56.19432314822366,1.2929011349659734,-0.45415275426407353
55.973047599695661,-0.19920950487601383,1.3964312968043018
56.335475973967249,-1.3744527744811212,0.18290402096046429
56.329048133854265,-1.5446677065011325,0.011941826649902542
55.057649466207117,6.7644684221572602,11.928572092514992
55.034667755558949,-0.067178130581405274,1.5289349460130048
55.308601485695327,1.2819831174068101,-0.20670799837718168
56.366916444850403,-1.1219718787718491,-0.84126006392107533
55.802279087900985,0.88892871283610519,0.92966947225250995
55.510837440760973,0.39864663988563998,1.1957817442295939
55.654786144632652,-0.59991765348923143,0.72787364551549405
54.876230261117421,-0.78355632818509446,1.086370975144159
55.85154903884596,1.5802288549580705,0.0046117490255661699
56.739219326505491,1.0856991053283047,-0.018664691697183256
56.351762250770342,-0.50058048109272768,1.4618618224381055
55.219807835857324,1.2922791592150278,-1.1398875037108216
55.879093336557425,-1.3772074694597201,0.18316393242020426
55.365911053323387,-0.78585599055932565,-1.4525411345397561
54.736306854825365,-0.78698153962667827,-1.1229707504576427
56.773830772968033,1.1847604662231088,-0.52183679848654718
55.91850034373288,0.027603337584879196,-1.2633149087394073
56.678294742293268,1.0770398334420266,0.93988229716317107
55.829861042043277,0.19807798609709054,-1.1053329729955155
55.729383571120643,-1.5083175312438366,-0.11792431475036666
56.391989610496779,0.97523473239216463,-1.1115987330420749
55.935784356631054,-1.295299130935275,-0.46723279176620247
56.295068299529731,-0.37489526612469709,1.2500804828222465
56.178728012904905,1.2160550918523327,0.64009132184794337
56.135972668720648,1.4368763283064392,-0.10378188322416312
56.014139595050963,-0.33936465067283905,1.3728703617502627
56.292234501093517,1.3116425986360838,0.55782382916084294
55.900371776317719,-0.56379999470890085,-1.33627582918657
56.194880529444731,-1.4832701999339002,0.44965357560247066
55.164852007951161,-1.244609468880286,0.47238277978811022
55.399747245094936,-0.69071722649369527,-1.228060729882601
56.675118457749726,-1.3088822053162184,-0.45460698530810184
56.701494548343106,0.97148127394106354,-0.51667688935250755
54.914464329848208,1.1985348032191561,-1.3058568501670336
55.163382297948296,-0.18519892387390399,-1.5157799702486707
55.501415097296153,-1.3252314294947902,-1.0187844160886805
56.744040535250974,0.78734023456126745,1.3510675970273212
54.867264655044195,-1.5736444319404641,0.0489036599815331
55.85993789862011,0.25408614033811044,1.6532744093763501
55.519867673480029,-1.2432206414139821,0.18985264578308378
55.610925741990748,0.78785573640723816,1.2825700651721312
56.57835901629025,-1.2669749433399704,-0.33906852683808386
56.829785204891387,0.12334600254605232,1.3881987304002548
54.966292310062869,1.6219551018684391,-0.66202074584007264
55.184687548704559,-1.1536598237043771,-0.033709738633094885
56.695598173962871,1.8348944964102079,0.20135121469839531
55.61385192750393,1.2137952749012775,-0.34717780948006133
56.175706009828737,-1.2286575110597893,-0.18014344811909752
55.526015929380549,1.202769513987165,-0.77739581587137874
56.217749079037745,0.16012337483572295,-1.0775278728912832
55.142504012179515,-0.70887258153374921,-1.1013134645794753
56.568036134528512,0.55768873806745867,-1.3187514565433858
55.264033772764577,-0.46496596932165085,-1.4388711470411912
55.131740986181043,1.4334672991962456,0.47561713632127495
55.227590626484989,-1.1962805926416631,1.2337015563875853
56.188325200506355,-0.44351886134354218,-1.1446133414115311
55.0038992505417,1.0406188481927334,-1.1484309637694656
56.647113875976167,0.7601156969344165,-1.0783663483693207
56.082936762514059,-1.0765365142353169,-0.24598260508162464
56.529349519520231,1.372985679150672,0.4970934503771649
55.633467658728947,-1.2763949106376329,0.96097279087314824
56.755746623151232,-0.40070760872639172,1.2499497556258949
56.098172562613151,0.65422237423805019,1.1407364798353239
55.196904800498508,-0.33821478019120027,1.2491448227335487
55.707968400468062,-0.099373230446785324,1.1513868891359593
56.630113716784159,-1.4528908506588298,-0.81844537611531065
56.310464557816822,0.84481031698558495,-0.98273873309046045
55.656934684961513,0.30990654421403696,1.4406146927032153
55.394505477399051,1.384560553972493,0.24087685928192099
56.649466799281235,0.41075024237289387,-1.5541697905103118
56.727818793579821,-0.70115213706529012,-1.2946697578627859
56.710392922865516,-0.33415211232602593,-1.3155945589681757
56.546276461457531,-0.47097027934603231,-1.182239645362533
55.445059115255845,0.73546510222592798,-1.1116302018896043
56.231780126602494,-0.4199338764250195,1.2406345712337146
55.665271070555178,1.0998052234596343,1.1000392176661531
56.064772722592487,-0.41361394485871611,1.3073697070715571
54.990284445336975,0.044281381465206715,1.2135070821036908
56.580752662349497,0.47006527246189245,1.3067548166599863
55.922273217176851,0.55782936636092662,-1.0771271887923657
55.602501299668035,-0.18413446304605843,1.5666074221069397
55.786226832114963,0.11759918700764649,1.5758679871487118
55.853319398723961,0.14312842402265186,-1.1253858438384499
56.542540453233983,0.78813413552432354,-1.094356768126364
55.370586447937626,-0.41812304160725255,-1.3132311778055339
56.386771149774603,-1.189689661337882,-0.35131120768414836
56.062448236354854,1.2363765822924135,-0.23361999033539793
55.323733121760995,-0.55372243176584002,-0.99037987932003058
56.282296152185808,0.42157501357243249,-1.2973554477276099
54.951719105422455,-1.330363196677014,0.3625672335706463
55.892031556504392,-1.1071693664976148,-0.9078023690571374
54.85245089275594,-1.4521353535291683,-0.19660926202873188
54.920459765209799,-1.5604573165751547,0.26916118768978353
56.0239734696843,1.0791092895661127,-0.57959674647364112
56.221156270138749,1.2388175298304382,0.43557861335012482
55.482545022573156,-1.2339343464869397,-0.87412444650480259
55.972279984500837,-1.3927583128191678,-0.61739164285038906
56.654718455207757,-1.5549864883941786,-0.65899549768248766
56.624867067186429,1.1725906477244905,0.33160358984192934
56.738470648467789,1.1964551235426353,0.55228798623960529
54.956018649291885,1.5711856888395805,-0.55924464576058341
54.970620135882122,-0.72635131562552058,1.5519242862539546
55.41762038007181,-1.5596542793983041,-0.20286514115263973
55.682380254290514,-1.0538366393740517,-0.4895214680543043
55.094596979648173,-1.8171599172309534,0.028866109975514812
55.34999930768614,-0.56605411394299621,1.0893230063142774
56.746086230405709,1.6493269355486477,0.11465877234513577
56.446170926626763,-0.60147298159778961,1.4894618640518584
55.070811758828796,-0.63307230053349961,-1.4365665046298057
55.049852275246586,0.67778069017296949,-1.2475420725680084
56.173900235149766,1.4919966413225834,0.15876798219853952
55.262595231852515,-0.80397217316391345,-0.72534232741801563
55.169288240816797,0.41612516415055362,-1.2264898817881043
55.84794439732331,1.0440776268803755,-0.50244706817055174
56.551055267223745,1.2417075961054231,-0.66876329152479697
55.61927361483788,-1.4812570665617908,0.3110752902583907
56.133896301332946,1.3679911743977662,-0.2529193090050717
56.581623902511943,-0.039215391960021426,1.3230595694874279
56.202822104080504,-1.1669409753598312,-0.5103942867359087
55.236798361624587,0.96654085585879757,1.2742476045086362
56.760128524056825,0.14868096377558909,1.3322679744310404
55.741820478043564,-1.1980168599934828,1.0830822646056555
56.872750562808747,0.75936040016434969,-1.3935967891787087
55.894865347758902,1.7246550801518952,1.9190294471248999
54.80127169366046,0.37989884546243824,1.2002498927787504
56.548241591213781,-0.39960437476756772,1.1292403095014858
56.707630476392076,-0.43255622877107813,-1.4526649367477229
55.479010237620052,-0.64542287853904412,-1.352617776043834
55.618881464278637,-1.4091786066867362,-0.58787821777203852
54.809220789049959,-0.75983530947099365,-0.93295919404443373
55.820342752684354,-0.83838232778015132,1.4899059819730458
55.496250709822725,1.4933218845780265,-0.94083835263458138
56.216433520949487,0.5022067847013667,-1.5267899565483622
56.136068565404187,0.99997690359308122,-1.036076560366548
56.366553979936363,-0.81939698724315224,1.0882423804891008
54.917848828538951,-1.3936465954255139,0.76383476460706656
56.418624538344297,1.318793466146466,0.69976627542873759
54.958495732104637,-0.64722252386509305,-1.5189444143095472
56.314217361759511,1.3147097295068217,0.57798338708115449
54.916392364623142,-0.81127487104999663,1.3204970361102992
55.589867700622726,1.8130583872070221,0.38873971043871264
55.75845424438473,-1.2121926939040837,-0.88127739903174551
55.870444858359122,-1.2767029165799102,-1.2288465686297771
55.604405845526635,1.4520778003629173,0.23833177172725439
55.426936645617474,0.10871222480638611,1.3029557889885082
56.836514856877656,-0.78402673163831971,1.0963790515947098
56.389406990213843,-1.5090567889710491,0.23875240303418044
55.175886510761501,-0.65810754911543545,1.3550745106517916
55.986036857254597,0.042550461538598885,-1.1863800824109696
56.681735216802295,-0.81298801664375053,-1.4799809454226946
56.885183289045685,1.483164411570258,-0.056531283367257684
55.61463447480606,-1.1487066348817321,-0.80528030497998149
55.364157782786471,0.34794893752836781,-1.7730054356296261
55.038138387877872,-1.3731818270816392,0.25358850474158368
55.691395373989046,-1.41447350638194,0.6071984724360131
56.527845120134472,-0.9174751063173554,0.82890341383914867
55.602059269454756,-1.2826715668496214,-0.93075122498815022
55.112858478644512,1.3519699909445932,-0.48868190541387951
55.740434825142074,0.087574540812451335,1.6978261737730815
56.721202926685962,0.1330785573890734,1.2575691034453516
55.642418939666051,-1.061574636687749,-0.4513656043946207
54.915789847369822,-1.178811071258173,0.19883350629175131
55.626918624377751,0.93103403608255975,1.1678574529063308
55.932097814664019,-0.93702976866247967,-1.0403656558860435
55.445251344773766,-0.054018814805445355,-1.7798836402909404
55.738385166136382,-0.38157250766459694,1.2644286275826944
55.679874604484851,-0.17879847277679109,2.0298349457722598
55.646209040528802,-0.2744536801631518,-1.2777904106142066
56.229397838815913,-1.3266350066869677,-0.35605062189186409
55.244610680073613,-0.75699550706758789,-0.97157644731663551
55.870999791154979,-1.0874776290401238,-1.0611062206788711
55.32270581925345,0.89168693612474592,1.0350900389004845
55.835930616201274,-1.541861495183193,-0.19960008657579656
55.732658091255871,1.687512446167879,0.20161805423948587
55.931728351186734,-0.55918379402731322,1.2604807271770502
55.826320307107892,1.3912461537487588,-0.16421522438369188
56.432209089689579,1.2669396076430375,-0.21414551564777953
56.827007378230746,-1.4332906106007899,-0.43213371303332598
55.871717888005563,-1.1648057588097229,0.68186668158488217
54.937451565567919,-1.1506573196850702,-0.47270718329045491
55.596221792506576,0.97867574978849603,-0.46850610682453331
55.956245756890929,-1.698301091905839,0.63389916751610043
56.194717959915117,1.5100002955517413,0.82196823500108951
55.396379683668137,-0.51182140517637231,1.0874477761105943
56.735157965965882,1.0750308780206048,0.81847170085971277
56.056350589788082,-0.24094424702452105,-1.268844470689922
56.329278569627917,1.6110280682275055,-0.7357836985293964
55.034413493155618,-0.5977501007117294,1.0876794002466983
55.564939125411499,-0.50158355241496755,1.4646987572273185
56.473933165188967,-0.34623495632858931,-1.6988300022324352
56.754802141095524,0.052269662902990774,-1.3382804796023853
56.908772616147871,0.98104544341297817,-0.42120841853525681
55.381652215678336,0.059940215578982992,1.4065301496802372
56.19053615850396,1.4461262089996034,-0.45796598519034176
54.906003785300612,1.3920044526349733,-1.2884519940846422
55.134883666712533,-1.5107019326618942,0.391149306746708
56.226838391600424,0.84380705859494043,-0.93029294493334946
54.996146790202218,0.78672168397602937,-1.1617189136879795
55.946228373043915,-1.140013481068848,-0.65945907096167966
55.081769302220664,0.47543515239395684,-2.5076883266706544
54.794800942895947,-0.65319532421159343,1.3219096685403779
56.079393959270071,1.1328451771127257,-1.0605229516059804
55.830032997867299,-0.58976566313249823,0.57465374750223897
55.810722371463442,0.44142232859173813,1.1674327628097485
55.016443681316424,-0.67007891057783198,-1.8230561494051565
55.408622119790529,-0.99024971409015783,0.97908897117335125
56.693371519805638,0.67382764489501179,-0.92453180448419847
55.882876165312979,-2.2521969121526637,0.25661148063443684
56.74764282911805,-1.5185095905320629,-0.19362275968463033
56.00218069327083,-0.88575255973743572,-1.359633084442561
55.830333569990884,-1.2843954964511801,1.1778814998867824
54.90542285474632,1.5533939183432355,-0.85856081880340374
55.509469695890559,1.0458698450123949,-1.0568338662707231
55.418975634891495,-0.35909812286469273,1.5936800157168678
55.773313829904865,0.92417782367585555,1.0446780076304187
55.593385707706901,0.93071187589117244,1.2320480677777321
56.428668022740439,0.6198759180323643,-1.1683060945456989
56.380612500200925,-0.9887613495022991,0.82346304155271188
55.051512656105416,0.1876875107160709,-1.5147634088392181
55.082060154219484,0.087552738388011794,1.3478446822839445
56.30037809058539,1.0507817932904582,-0.66298226775682989
54.942523445572292,0.11960177821338769,1.0800883368709522
56.126705285724029,-1.2669279789657435,-0.42216154363209019
55.613318901624467,-0.46833165727630716,-1.4943442375691776
56.643054027218291,0.82908004215067554,1.0602925653705635
55.312737280283393,-1.3686609034196235,-0.16823585559994081
55.555962697622114,1.1535872072846129,0.56308418194579068
56.413410577381143,1.0009316594890045,0.14496100385081312
55.369744340383726,-1.6802906497644137,0.079749892485268217
55.448211611916435,-0.08166213120430936,-1.6012935410980436
55.659603950181342,-1.40606854729928,-0.18328984785240335
56.264893371318195,1.6855301352759455,-0.077698979511083274
54.765915362018703,-0.54610012796625529,1.0904274480977396
55.556934837146351,0.65359636577447222,-1.2735958482443701
55.094361971361685,-0.26913394845316357,-1.1229496789581388
56.802886860636228,0.35017425891008419,-1.2064702397214344
55.165286511593337,-0.79462881750012748,1.1359781653683807
55.368995610188882,-0.67220511663312321,1.1414757860614404
55.230686791670202,1.588026005282146,0.040524028802734563
56.10802516701095,1.2991053198834015,-0.6520466809885721
55.556567992914147,0.78195678038891625,-0.67396872502743066
54.884227330661943,-0.42557133325794333,0.99529949992359668
56.520409548010676,-0.65009824141652528,-1.1296537976800793
55.983053319656925,-1.3182795903411333,-0.42186589091295146
56.731772438240931,0.60645304943514822,-1.102468921237679
54.880480367386717,1.7451719817716311,0.6712291058336991
55.808508316716072,-1.2429514510250022,-0.14327963743533456
55.296453914466241,-1.8643634670856863,1.6795203032116779
56.395483376496095,-0.60350251298198532,1.2665767013969476
55.610343190969509,-1.450756437747966,-1.1627823305158662
55.061907370538293,-0.36611933764698112,1.3579483917291864
54.900956809719169,1.0417002142503644,0.3674884521809243
55.624791418705051,1.0443538007609272,1.1179842184817872
56.409324225160475,-1.2379224614872275,-0.74987355054386728
56.6781734646693,0.32003470648870225,-1.3990606352567041
56.584708631735161,1.2334369361978965,1.2446491337603196
56.349621958181217,-0.46722750066039387,-1.5734860719879824
56.50069475593515,-0.94597237491843,1.0649088090173959
55.067505207712138,-0.82030121299192915,-1.118218838981575
55.260381898630783,-0.058283285710048455,1.7234812581668737
55.224047004689801,-1.0293275487227698,-1.2088029274834975
55.937020376294939,-1.4868646902350808,0.1915039471480578
55.746303324261632,-1.1169665813181238,-1.4281166845846713
55.510532791540577,0.81388718823193951,-0.77664102895804954
56.396260844440263,-0.76517783650448401,1.3005796742153493
56.697942246912596,-1.4161269388364424,0.3706989719636733
54.884614941812181,-0.06302616030219392,-1.5644414342998805
56.002497798715879,-1.1234135964782315,0.64756082961723782
55.599635429119886,-0.81646425969310954,0.8066517449386611
56.203032608334766,0.85912405815334592,1.4080920690039169
56.021921969848414,1.4544719758473383,-0.81932866604643007
56.658365649025107,0.73935246294016943,1.1738000624892153
55.032666279009732,-0.21026847608630922,-1.6367779037908572
54.92122654988097,-0.34432462540659503,-1.5758918990900779
56.744585361590929,-0.58999685603506391,1.0674790822195397
55.871959026304047,-0.92908114757807159,-0.96856823703283135
55.220644003929394,0.11407007214553658,-1.480333193852255
55.117780875329977,1.2233085704267461,-0.64366223006772028
55.034378512616293,0.82427629570957051,1.0144692571806808
56.44437813536873,1.1848840194420593,0.88868232601977248
54.822490147975607,0.3147606129459406,1.2289759325944796
55.257792012465053,-1.2045700407381983,-1.1750706885455182
56.088604378140964,1.734506008547178,0.57523148493121956
56.01667341240271,5.2063358380236995,-7.3469895088831514
55.215761340276714,1.407779176212387,-0.073173512439233104
55.894369297148742,0.94860390494277635,1.5626794813179488
56.714659951994321,-0.29097003096196949,1.5433825801233021
56.685052379726365,1.0130268286265363,0.6812097080801266
55.609537439617426,-0.94565080595248119,0.9363541538398088
55.65364966553016,-1.3430889234721468,-0.13392600395762438
56.312223062574965,1.0883123970390072,-0.95985053796771957
56.336766136249871,-0.52311454489853504,-1.2304449928053012
56.047280186050763,1.5970661247445812,0.020131591886530808
56.257316150944973,-0.73083565619294022,0.69988868977693275
55.75039663593288,1.1438380851764542,0.65342096840873987
56.670586563036025,0.41814658391090792,1.3149017407222394
55.38211354404384,-0.12819881780069695,1.296227600576773
55.370246549902383,-1.1931380517482062,-1.1863705690297162
54.91417332580663,0.69947164742075718,-0.73861788579777987
55.296428488872444,-0.78008114215518554,-1.207912266748179
55.576701440073741,0.12595287732302143,1.5044470618227528
55.645432784143964,1.0736746698003354,-1.2461679266930457
55.949908132034949,-1.0004988991203418,-1.1188756068041363
55.716408938726381,-1.4434518275609975,-0.1054073620542946
55.341447527275783,-1.2134439287267467,0.57945909967814069
56.476961952541856,-1.2610720316680624,0.73834476228935708
55.003176699607749,-1.0290527944785062,0.80699352919105427
56.01788761012206,-1.4688290130326251,0.1810336373412236
56.228550833777881,-1.1723839908380602,-0.77222223989077154
55.238555541219007,1.0818685309130118,1.0458048229093917
56.308080085500862,-0.77553515317288257,1.0706960959461844
55.811976173885888,0.24830084985964368,-1.2141516267837975
56.557729648660306,-1.3473268559292126,-0.91485832432280878
56.34249478986527,-0.75087080849031218,1.3893048855675978
55.494634955719441,-0.93577181654536823,-0.85602847822269557
55.040700359444791,1.1219294379882605,0.84234813789796459
55.934429696257233,-1.1675770256878222,-0.71757365857947308
54.930328895184019,1.3692672399807044,0.11615845743089019
56.651209930394202,-1.1609748768384065,-1.0331379190619301
16.571015712950722,-34.004563793285406,-49.527579398037673
38.669658583610378,4.5380759329481277,8.3243673130440232
54.864210987172918,1.3108004929206407,-0.12188275292595431
55.458533698824219,0.99730241260100605,-1.4368717616679496
55.571378191716015,0.35849813961822469,-1.4028677402476064
55.258624808252264,-0.056215755486336512,-1.4041369847350138
56.039789342354084,-0.75969871444374815,-1.0361860162883383
55.938039409985869,1.4993702115179237,-0.1821585629044068
55.001636339220141,1.0762390095617411,-0.64635634468954384
55.815181856501788,-1.2439334132240978,-0.1490966338441552
56.587222992806311,0.36068139742996891,1.373751726033356
55.659108330624285,-1.2830270928599288,0.0021344890934436264
56.251690332253325,-1.5347863101997201,0.041977638325741001
54.902288366679862,0.82759928803494498,1.0936827090615908
56.497247814493285,-1.1987189968670509,-0.12282151755944028
56.656372713579145,0.97544356824559608,1.4648434469375522
55.823847728523916,1.1065343231099627,-0.80275136802238212
55.853239261841395,1.327544866698656,-1.1588196590295969
56.129681767331718,0.80429433013603258,1.1416247366350192
55.25872785534596,-1.2747277693654815,-0.49742853515973445
56.517463320913343,0.94609416450793693,1.1008294025446481
56.012772215788026,-0.016792252280634117,1.473853533361047
56.259498462102677,-1.253123931460862,-0.78979161256734209
56.298658955730033,0.8040131726022407,1.0203861217626851
56.537736318893593,-0.6271587637241629,-1.2396682216332953
56.556106370234232,1.0216457450850842,0.91075081408466374
55.784303613197771,0.65028258733276512,-1.3238962503340701
56.574961510815825,-0.70635949320119984,1.3987794668611468
56.326383232241085,1.0273767243289773,-1.0038899121572573
54.842989609850058,1.0127054880935984,-0.24561395776660691
56.140245114275629,1.1303369180701608,-1.202475314638118
56.045993120327331,0.52413246370813138,1.7869807034964711
55.930734136075898,1.1464604972194066,0.17033294645252139
55.613023259319078,0.65352661243034282,2.3401259100412863
55.512653576824242,1.1968704226029623,0.40845477008692727
56.319653290972362,-1.4312306213557759,0.92574777509530559
56.659155620397058,1.1273342758306468,0.60399782994566387
55.809009164781173,0.92331486767680127,0.89566907152768827
56.540836133180775,0.93869726705241052,1.4148467893220458
55.179950270625426,1.4811596270580605,-0.22994226149289093
55.978784039894862,1.0580279522326934,0.50370330290066367
54.971110221010001,-0.26053173436864679,-1.4105356875393931
56.216248266173587,-0.37359279947522206,-1.1851401236472476
56.795117873924013,-0.13841930383704254,1.4758252621706376
55.762249457654043,-0.73540233577964587,1.0841398367737007
56.124409660237227,-1.5980429533649982,-0.11622605791837756
56.043565682733529,-1.0866775394579269,-0.87103402974467981
55.324177497006112,0.17536046451895654,-1.6917068912109361
55.667441568238182,-0.57702329850052536,-1.2314270612760514
56.058289619044395,0.77155474931766643,-1.231824581271836
55.179648243036887,-0.45678795903702551,1.6107905119392922
54.918901453657668,1.6879152534197337,0.53048176453263662
56.25818794140929,-1.5833992996751312,1.25204686222147
56.405205405027672,-0.92586557459985419,-0.90667675323212693
55.068703141696261,0.84268242825338635,1.373054857938008
55.194848936100279,-0.91894790398644122,-1.3492201588477257
56.522079002833671,-0.93510426732112462,1.2393762340510788
56.437595675491536,0.92627521559840598,-1.1625482726525223
56.11969757318743,0.53640403562229744,-1.7790693339562718
56.543441194608235,-1.1247969132457341,-1.4255815758505248
56.035933537621041,-0.20487303438599577,1.033681581026261
55.218918477484117,-0.14485181069768377,-1.2311105931840263
56.171863985573367,1.2850977960921215,-0.68859249709432646
55.392553047488889,1.2189736227628774,-0.5617852316748243
56.7148115447213,-1.6685550539450622,0.50756538250952166
55.260088978561562,-0.20416314275055117,-1.4788555051989241
56.545097350013577,-0.43812874385699974,-1.2976399043371425
55.552498952179029,-1.3101241726695503,-0.46693578327112439
55.353865723387742,1.3624418031343535,-0.46364451499396436
55.929396179111251,-1.2450316890825845,0.47866716945911308
55.736872693112787,-0.88902957661869519,-0.62568420855142792
54.837045871146735,0.3671621005053774,-1.4991871405399797
55.414311544044402,-0.67781685395056979,-1.51207996382059
55.701954664799487,-1.5994618625521202,-0.03641623659036216
55.798983208982072,-0.534192292443609,1.1085764396737898
55.696166339071681,-1.25770676241775,1.0237345088096976
56.701346001848826,1.0817870102196572,0.7348471242444039
56.43197901455239,0.31572811162534536,-1.4041371017563538
55.754218597909485,1.472431868479261,-0.17844808672728113
56.239044803356194,0.85605430226733559,1.0305810667285009
54.976471430395733,-0.5940085430923715,-1.2724776735435592
56.566564789283163,-0.87556857452292836,1.2568622813443386
55.310166679932777,0.75426416520784412,0.93185429710866219
55.111371427199828,1.3035374072152124,0.74642057114496396
56.802205953871983,-0.34704705383551909,-1.4251569794993244
55.136270190828121,0.43605146642943343,-1.0011950509640883
55.667430417288564,1.1033542097954698,-0.79573812885835959
55.057643758897193,-1.2439886323604887,-0.1642558797986515
55.111981624815641,-0.16111833700854358,-1.2811645909587355
55.668441888596405,1.2924135142433932,-0.14662653639990478
55.697611529823405,1.3044083603885124,0.61394045677986242
55.915311344184232,-1.3445095472954367,0.82885973245375877
56.277769222103217,-1.0535947782054877,1.2247317349861018
56.056301916362585,0.44317323664698299,1.3245290281757709
55.026722723843911,0.11647343598976365,1.2278303570456519
56.534989290902409,-1.2823857758222381,-0.22821960788220863
55.35005775372872,-0.25204661073672957,1.4624873204655464
54.834655831865646,1.3122988145706891,1.1180681115422946
55.220553129354649,-0.64459254055706261,1.133457166359024
56.673181541731395,1.4548588853444906,-1.0225430129564173
55.018242074793406,1.5928929150433344,-0.37696312583391123
55.572810049354295,-1.1446815711475031,-0.89653012150738065
56.144330760565353,-0.67990074929426236,1.2437238331456568
55.759395805901022,1.3556760163524115,0.32529588340300686
56.274969683014945,1.3438476192616298,-0.64007133952042239
56.48617909801294,-0.19954985320336774,1.0594164172187095
56.671589583650999,1.2187568913384166,0.73058714852170659
56.697094637153491,1.0038923553361678,0.56040182262683125
55.722069492408671,-1.2934984012492694,0.049500359971882547
55.356130381730175,-1.5336049724121121,0.061595468935049143
55.817585485028282,-1.6098765768756056,0.54104842094989292
56.660573688412754,-0.91793891479135792,1.3548725717305561
55.392405319169882,-0.58836853385100996,1.272699057360718
56.416308885760969,1.0136186430712961,0.67886076564408349
55.077147829351958,-0.13159376640034665,1.3940215513882135
55.370331257566242,-1.3145780250352459,0.5231719651793959
56.441612796254184,0.13025387331474103,1.3138516307195158
55.38257770215607,-0.90201567558024798,-1.045495100512486
56.621990782777253,-1.0142704176745789,-0.82422017790289714
56.102316518161473,-1.8749675053425592,0.27951058620071617
55.632188753783971,-0.93534514141365999,-1.0910417366564491
56.418013676630807,0.5692708292608788,1.2430904097425171
54.98093279279319,1.1602446328364862,-0.49480904218142591
56.155431744924549,0.27517925660932102,-1.7649682422704793
55.70938189565922,0.10054707018422374,0.59279928086847844
56.0990900337491,-0.0056655024458498893,1.2964595034968365
55.390511256710731,-0.51573010517646345,-1.0107387122893201
54.92468646488026,-0.31188144678119206,-0.90217235494549908
56.453192121621306,1.4311132469287413,0.44914819704114933
56.486250838399762,1.5370639632554177,-0.071982019833063571
54.956019828747436,-0.55196059148077203,-1.206113543924167
54.768808580357764,0.92764003171163389,-1.1073488686368615
56.762303692932328,-1.0667560811346404,0.93482231305940888
55.502950137724291,0.36582758444638086,-1.226842139898592
55.997249414217336,-0.97066666193131346,-0.6567925919923111
55.374048181845424,0.58916191880321356,-1.2121099871430865
55.941945110894459,1.1018045234899265,-0.11262154774103859
56.356382120024747,1.1204574601438109,-1.0505880233224829
55.422278261123068,-0.42875111426298668,1.2985878316332866
55.996619766192815,1.2580970873963748,0.84677907577005818
55.117561231143604,0.090513819518314109,0.85269171942219979
55.861108381253537,0.20299706397144499,-1.5525373541568599
55.88228913821473,-0.28272824239506872,-1.4813624714452018
56.446706432642934,1.3587711865740739,0.062985694238589129
55.985621482312659,-0.16023883547403989,-1.4111118277234129
56.456893177868039,0.34252983279603161,1.2714533815039688
55.962087478380866,-1.0210645117050754,-1.3700666191651345
55.196575025825588,1.4377179181385111,0.27447127667372845
56.430097176278657,-1.3468255204395876,0.76836555158033637
55.402938545175736,-0.57721997478047116,-1.3070651210593218
55.317220797146348,1.1564075181958426,-0.93554749841798446
56.559402934083415,-1.2527800175992325,-0.50302896709113154
56.216785974527916,0.38897212189375868,1.5974335241667068
56.273671584462342,1.0450889919698114,0.048161213852162633
55.059181664708724,0.8921222589421175,-0.94018687743189477
56.488130888484719,1.3171455472812725,-0.66010666190517353
55.390909898126793,1.057038582136685,1.1164694922129013
56.767266287058057,-1.1137662167004165,1.1389153859744525
55.171633498748271,-1.5688080134685014,-0.39060237663750058
55.966201226496253,-0.30791258945608529,-1.4994566005405399
55.918982149701478,-0.23565392408849639,1.4922436373181303
55.109880750470865,-0.9602169296442119,-0.71977443401296826
55.574203365727556,0.19022556286004907,1.4737456807765008
55.6305262674773,1.0827731598204304,0.73467060602110024
56.233831736957136,-0.040037756925635271,-1.6541397538038327
54.997566846201629,-0.84934128164319989,1.2670869033676757
55.832411018198222,-1.662009605071386,0.5951253661497854
55.526004985198753,-1.2304720113277954,0.90149846162336233
56.565514481950224,-1.4945067966845842,0.13825552672242525
56.088712276017937,-1.3740394204746484,-0.76882514973098881
55.805931755935582,1.2030686246626636,-0.59637538556484948
56.104938998470118,-1.1209899592384975,-1.0959772480403578
56.010772355255142,-1.7300399828344957,-0.6488176630888649
55.351129685717055,-1.2659576718210586,0.33245478086289693
56.260161405706704,-0.52011409941534137,1.4195958844182637
55.96595724506583,0.4575163054626698,1.3387299753137067
56.211022192388391,1.2202926859705292,0.46101153702905917
56.210290813118291,0.28100703928276116,1.1224745100930933
54.984919088316701,0.56824636163513775,-1.6324775861949685
55.459248633222757,0.74853506901551614,-0.54141051134802776
56.461431705154205,-0.49127595889927128,0.90779845872750564
56.230938273854129,1.045496208206969,-0.8326313617066099
55.330132378676517,1.6111116134409369,0.35373150048737029
54.841688914014668,1.4932949387559695,0.088628958314554293
55.194009385182611,0.86827769151580703,1.042994444445642
55.619735857723434,1.5622983519438467,0.30482381582981705
55.286210046104152,-1.6217215804166716,-0.7044750294965233
56.232086266869366,-0.32309555135277568,1.613516747411283
56.028756298181079,-0.13617807405358351,1.7320863075013899
56.61553317184871,-0.054129553802951695,1.5248172903071884
56.196891519650741,0.36233901736111712,-1.1099021278173689
55.027617971674438,-1.151207458356005,0.60543250660084635
55.983492730716158,-0.80248986431900793,1.1978967766169564
56.824378057147733,-1.3337221133819812,0.16916356936433663
55.211725460965127,-1.0772791388746874,-0.71738129041411514
55.609606104104429,-0.20266240435409516,-1.3720026537937484
55.750221250380527,-0.80879631699683463,-1.2083521056887372
56.329174790904645,1.2043504230563162,0.89084261150337263
54.864554252639181,-1.3778067989930429,-0.53986424235026209
56.366081554528975,0.19445589151562212,1.4619574032597706
56.497881779969049,-1.2544314458635364,-0.81561091452931234
55.273378718773472,1.414707637308948,-0.15022073724052915
56.456515570257856,-0.1747999855963942,-1.1864437850381468
55.811491583288905,1.7598579721846019,-0.0320927236871381
56.705493734318893,0.79796249058495428,-0.10431642861625631
56.7666560884063,0.64188599097054722,-1.1164268686287777
55.187997378080773,1.2849778985018372,0.54086144381977075
56.775504185705238,1.4470936639908143,0.5483400514156157
55.242262227647949,0.22078634999581251,-1.2463747348613265
55.085260762401099,-0.29617749893765277,-1.590148807622352
54.946220901265704,-1.1988570597975268,-0.75850272799041862
55.236265080296498,0.21397562030396944,-1.3964811411484279
54.982094475552088,1.1276177166539847,-0.7378885122342782
56.015188947289147,1.3187104516224819,-0.59391415934804381
56.448458960216236,-0.40588860328114074,-1.5727925367728774
56.526359473173592,-0.94604275054851517,1.3709436341774293
55.415648659273906,-0.22541238437713779,-1.3859658783897686
55.169069209074472,-0.24877075179292085,-1.2132930467831831
55.251212385761534,0.79352243819505686,-1.398138252762325
56.767267013250702,-1.0915465553858732,-0.74764488993587686
55.79859035365142,1.2223632982660724,0.19751195274140962
56.066893171237162,-1.0143653457709112,-0.97392134838682098
55.532572569780882,1.209290687635318,2.5659683975158254
55.443673476577857,-1.0253155505309275,0.73846902984263818
55.039575230927291,0.75008151082881924,1.2016502745662299
56.37449442808731,-0.76795070272373556,-1.1766334716950679
56.750203969791947,0.1488040905793209,-1.4819928247368148
55.312522607503077,0.21415604850652442,-1.4987420669771474
55.519100797134719,-1.1082447732595779,0.40615925947360698
55.789339089393955,1.2988246278986013,-0.56553655699383099
56.283856836568596,1.0347576004680801,-0.93651947303477245
56.415156324295019,0.85202445879451316,-1.2200789861057666
55.17280097713865,-1.4643516417337148,-0.089069164888654795
56.215006143665818,0.76939159591664041,-1.2204962174133773
55.784325481387874,1.4195280204296143,-0.13221318016957981
55.383210684378447,-0.70641352874765706,-1.0142958778433704
55.006342902951474,0.55334988227847737,1.1349860942773939
56.81747170816962,-1.1857148296615501,-1.1139750242801412
55.599078863345206,0.95955730510442394,1.1536942316604304
55.697575695762445,0.60740848177947315,-1.0953551249501416
55.071793419078588,-1.1659474456907839,-0.34861739620081716
56.039700021290194,0.79461873887482493,1.1794401439162163
55.804714817317155,-0.30409557470672011,1.3866105656248535
56.561396046555004,1.1510924726444944,-0.62632732877183495
56.113483776075988,-1.0140974434974426,0.79106077210307568
56.602438349630937,0.87990688591519939,1.5189237926897787
54.923704059992367,-0.82904779367763404,1.5417321375911341
56.307257561251014,1.0295776442226912,0.48696465877065198
54.894957321294974,1.0778044798692135,1.0491023360364637
56.041728850516641,-1.1420322152080655,0.65008452197388367
56.219341619141318,-1.3020950533829334,-0.62881322245835136
55.149960844544324,0.84895547827405504,-1.3037434346832477
55.874717934240564,-1.3134061662413059,0.6043054595064401
56.423816863901898,0.61968979570232352,1.2269166798323086
56.915496585235779,-1.2530490350603276,-1.1091152452790005
54.936584841799181,-0.95046442420409105,1.071087405171439
55.001712129853409,1.1261294036229781,1.1041539695501164
55.385431480736727,-1.2626335782344109,0.74593144165851633
56.467500344382252,-1.2242223767828424,-0.5691846742035952
55.038167458449223,0.60277810058503845,1.081737944973937
56.176971035313372,-1.1563522785071689,-0.72797527724754607
56.101503394496255,1.2683633207490126,-0.31457690901770607
55.531388338348094,0.78823604728549512,0.90031391715446363
56.546969701203821,-0.49549897883710442,1.1034846756004169
55.296664685257838,-0.18101541936061702,1.366970671734451
55.028280618742968,1.3541732606801165,0.033897100289624539
55.523791913316437,-1.5979453121345548,0.19470871830614103
54.87918691309261,1.2189060570990817,-0.35648472574658191
56.108959150221438,1.031047277712104,0.44943065501669188
56.534302505270887,1.9178351485211702,0.27836907790139714
55.945171631358335,1.0763513900382027,-0.94102045714012195
55.355731574023054,-0.13015579399300323,1.6655295713370077
56.122637650613179,-1.0093668557419788,1.1237854406386705
55.553301423284161,-0.6070464841608183,1.3609242694880053
56.095459504123603,1.2363457124557393,1.1097136425110046
56.382163506678147,1.5620024722219314,-0.17135951138140595
56.687193338227864,0.81625000245722479,0.90161960067600522
56.402246371366175,-1.1827642186081817,-0.67074106708297709
56.024502577261629,1.0448928177287908,-0.86483134120791627
56.234563328847464,-0.54778943870724706,-1.2954969210638885
55.104018292406636,1.3411560174375166,0.2566826116771837
55.485494720465944,1.0514155568841694,0.45530693917022025
56.407050384917547,0.11957207443323513,1.4238510426727733
55.533692701151637,1.2257919184087036,-0.72171616130714955
55.676409814026343,-1.6168893172798253,0.023315975145499358
55.904803627342183,1.6116293605664109,0.56262296337229167
56.414325820005509,1.1236488225166208,0.67162142236937517
56.829878636112973,-0.28672946662021509,1.2279708313172017
55.497639603354841,0.91655810224920276,1.0301274381269605
55.263814511990461,0.56929978260391068,-1.081370717477343
56.703784211409292,1.4316316918240031,0.48886399407537229
55.889732184593285,-1.3947651692212788,0.17738073718590319
55.823738082245775,1.4635933039859887,0.22409074664726228
56.411614771664439,0.37036558500410482,1.3515545058020513
55.069975048100837,-0.95523612798383373,1.1683358435493623
55.864409374815438,1.2204280049682668,0.83782986539985149
55.917652904085692,1.0244822999673968,-0.73270293387793684
55.329816366031757,1.1975762538411057,0.19963496470454056
54.923529611861539,-1.2379552309795474,-0.87256576483803816
55.490755689750074,-0.34056524445996439,-0.94578500102219021
55.335306062092485,-1.0856987866181527,-0.4951285827380143
56.444073393124363,0.96598050195401453,1.2666788210718327
55.334640445645633,-0.71606011483729881,1.0989853824840219
55.939021341834398,-0.23454974796936284,1.2029778842281067
55.530595208605703,-0.16964784637505845,-1.2775716668629324
56.562384161520804,0.53512407267505602,1.0886511043213174
54.895727074906006,1.298483865328667,-0.73527732547475488
56.608915443964605,0.54281896928983353,-1.0293034588353294
56.416424641447797,1.4180102648396375,0.32265258863839336
56.087020954835957,1.0831918667921325,-0.63057756731279901
56.115956371772128,-0.35583052141010285,1.3662848172261994
55.252799892571623,-0.37582463371126729,1.5173857640346256
56.342659708772452,-0.29842167010472453,-1.4426702724345286
55.176994134985293,-1.3725280805423532,-0.60612273928857463
55.752635668333319,-0.74936764198049854,-1.3375078692852345
55.803551504561732,-1.3805625225188651,-0.51375127207739935
56.663116495180752,0.92338652798768261,-0.12781291430027061
56.743575311011099,0.38256801386529582,1.0802237954813074
55.548199870785908,-1.3760133719435275,0.42897205740362537
55.886007568466866,1.4191972113171314,0.25626611741099098
56.587513551795908,0.37896202953998953,-1.5415365792151807
56.199466102722042,-1.5303384189445279,-0.030759230720130985
56.016001845773197,-1.3277360814806625,0.1994924328646891
56.141616083498036,-0.40723824703266731,-1.337790343820064
55.057774782776271,-0.84857474797458832,1.2497980614968147
55.506554868895506,-0.60557040187039091,1.3296374601379566
55.684587043766811,-1.1974508310994483,0.04120620254511994
55.889963650547855,1.4866701289725035,0.67709355481062838
55.163549147516555,1.3722994798821435,1.129365922265873
55.527562568664081,1.2302848553600561,0.96141784744777148
56.682864933339985,-1.1016599741893964,0.43610704773315517
56.470847871603382,0.22298811415879302,1.3365899761505535
56.13198352039953,-1.3078989573128499,0.41497451453398532
55.784205716082965,0.62808063422846661,-1.1636942511146873
56.455718774900937,-0.92385269030863881,-0.80541055456201749
56.015759877768282,0.66813839239326966,1.0942227526733266
56.031063712863144,0.14888355465151143,-1.3309955654590375
55.5902948795745,1.0233102700297829,-0.76162991070130925
55.191526103479688,-1.1589421015427239,0.85307286170761076
56.101626993299483,0.32812873743287035,1.8955996309706509
55.377933787190692,0.72533985759337261,-1.3237515088474336
56.701933684555442,0.16170495346829614,-1.6576314931565344
55.96611093916264,-0.67591762123515098,1.2573300822999314
56.673266669318586,-1.4932518243893111,-0.39835795317482925
55.168361652861691,-1.4620139057289474,0.099416557433368163
56.274464283600821,-0.10711958150248979,-1.419469589037228
55.396521128735493,1.3115581380315611,0.93674290032154905
56.500851641414833,-0.20849354720113658,1.3135581279938773
55.628120497350359,-0.78901176114605853,-1.3357267945950895
55.350293150984918,-0.45121218269831742,0.98802471449921137
56.620726540390798,1.434959555405348,0.91734563811819902
56.561264119693995,-0.45156088581365939,-1.1829692505100762
56.07998019584398,-1.0271793265672895,0.72955136957840649
55.354920532832253,1.0694041491342012,-1.0373928886754924
55.674009438061539,0.2549959142008702,1.3002391247752694
56.480389780855319,1.1235401080210892,-0.8520699793915858
55.997369689206153,0.017004715050927495,1.1583396492850138
55.147625465887771,-0.021430535492096822,1.0045484652591603
55.05130357265169,-0.25622509592649334,-0.82705823339194062
56.075766069167599,1.3902930744980893,0.067153472901483199
56.175389766403832,-0.40570213328183996,-1.4918767938304658
55.288881059412404,1.026435018167847,-0.79642506681844794
56.24163381330937,1.2552066778362736,-0.99710638205487501
56.071289940352699,1.1857294358817698,-0.90735280643236327
55.968890436449229,-1.4018482647895292,-0.58317362008086315
55.985076242567828,-0.94962127039105504,-0.80188013969237781
56.59965248700621,-1.5752301345188959,0.40542912888937721
56.321904025832467,-0.060817036994056772,1.5604250034736513
55.665175797836895,1.2670868509174871,0.53473513503117054
56.217215177871672,-0.64864650527681289,1.3431835709207864
56.245989898826657,-1.1743213849973009,-0.88031507980141743
55.908714501463436,1.1558449096116861,-0.36465663554123656
55.656031006587369,1.1030431919252657,-0.30391454770070531
56.09545951112171,1.3933847521453626,0.29738300976427368
55.749390007543113,0.97348277572035624,0.75361130905426577
55.059226541258667,0.9154852155110641,0.42147953545999256
56.45273858259241,-0.85845969932325006,-1.180475737838683
56.034090707343211,-1.3142935228367238,0.38471948139585993
54.853792099712756,1.3476443006942751,-0.75414266741714964
56.39121126801534,1.5525627223168272,0.53459729051157634
56.377550476760739,1.4397151971534921,0.18186883785341479
56.050153298301339,-0.38407863972501399,-1.7787968497127788
55.860051878541995,-0.96747992310827213,1.0073547225087158
56.904825087733528,1.0814849489810496,0.8558452322574831
55.647444036785714,-1.9250021211453938,0.32184317794217887
55.740354796072786,-0.552492673979597,1.1537653025159196
55.196514207407084,-1.3800401371016626,-0.85106508520566015
55.175125149417376,-0.55257633513614213,1.4874167364976658
56.76894724413264,1.0497304872481688,0.7527463040252661
55.013968514773538,1.5142617608440554,-0.29961380295927742
56.94125961973991,1.2952167817937366,0.62832298689437827
56.013763403525481,0.225713695461526,1.3855423680970553
55.176939218401401,-1.2369827858237465,-0.45817628980770142
56.256802780199223,-0.68074011622449382,1.2070947704755912
55.502859776727433,1.4988006716914697,-0.19521426850297471
55.283564434009747,-0.76695323983206709,-1.1600829208426557
56.666593896744907,-0.23328469913821778,1.2720563018123037
55.747103990838141,1.1956580595739845,-0.38616263329038691
55.352322593312564,-1.5209746969308373,-0.104991947254493
55.315819673638885,0.39571533714477125,-1.4344318687875488
56.424662224119288,0.0090123046909829866,1.2202812871622537
54.941971373548085,-1.3471821340913008,0.27471977209376924
56.509354551901858,0.80859929260081109,-1.2508553015362702
55.05138099847202,0.05076919781222812,-1.6168610753550892
55.275102045829691,0.81404752178336248,1.4059979706188666
56.318250227928282,0.88019378255896008,-0.88163396059563226
54.924071748392485,0.35658537964333492,1.4612277530880384
55.900321526361061,-1.3096554134343403,-0.24055299817400594
56.608002699346486,1.337610768029547,-0.29756560397402915
55.473849342174162,1.3984958653839823,-0.73218167449977156
56.409227044420788,-1.2810182863664308,1.0696792601187417
55.862794923787291,-1.2436855699950111,-0.74580560650225092
55.352707172357498,-0.50547718308884237,1.407626110912763
55.073791544179301,-0.17975280105080674,1.3374730248635998
55.54594980436309,0.06002195111104696,-1.779215731851824
56.576517713471212,1.3125170307638152,0.65666348709619837
56.714307295095082,1.0156097010832197,0.57872849382390257
56.133100798981978,-0.077858510544413645,1.4638961002063799
55.951038255193737,-0.58833819691197475,1.3591045665659447
56.106504941103097,1.2982365420567401,0.35178130418552239
55.850330662822572,0.95833427691720185,1.6019913821743519
55.961938379827586,1.1895060434195732,-0.75796601364374372
55.641822378713854,0.032885494366378012,1.4469146879923147
56.060338264242496,-0.62208195902705277,-1.4255385572590489
55.775928521303776,-1.3651622906957079,0.57104421554773388
55.915619392122295,0.99351868459050852,-0.79367686696184159
55.860312854562522,1.5583940894620292,-0.12559044215539011
55.517910785576568,-1.4053057601536774,0.68552852362172723
55.406874434067973,1.4990051682484962,0.0097877040141404678
56.587054243929991,1.3357158645886527,-0.16309817229320409
55.245386060628213,-1.3450635495167049,0.71335189816174971
55.498248803855816,-0.2154035732444228,1.6195956236569444
56.462776151576357,0.29195983646795548,-1.2862709884526444
55.530455543607061,-0.035159549682901997,-1.4067781960973991
56.28555697175689,0.014067936135422775,0.97821729130766721
56.532284077460666,0.77677947562766336,1.4533731201473663
56.464511386497996,-0.96178064495816307,1.4570834803900068
55.628224271179171,1.3443360948292633,0.32015658416128079
55.154252532619708,-0.62309488169725824,1.3084117312910222
55.66879322154972,0.95718890178172467,-1.033282547992264
56.190908609410762,0.072674639646502753,-1.2403333991397334
55.033490079220776,0.64178196228916851,-1.1483178371829443
56.471660805839967,-1.5350142739344481,-0.0042457966527168645
56.350049104706301,0.36356241053222238,-1.1983913160442636
55.771924183138566,0.41142038701963191,1.2037135205643434
55.649671361168117,-0.66799854353360355,1.4437596984676246
55.672303582625879,1.0194841686202558,-0.48983560003756571
55.682276935245227,1.2513039408430275,-0.48007970696990299
56.285971773948752,1.3652990936338381,-0.26483214687352269
56.053892483313824,-0.57247127064555103,-0.96396211108894836
54.977442631631355,-1.9546138714645769,1.0177182928724751
55.478136734822847,1.2101535451668481,0.82495683373463657
55.512062604952717,-1.0849271238515754,-0.14376557921950259
55.384841663314774,-1.4811909203133407,-0.47099378309951684
56.400176100240124,-0.31965985689444282,-1.1262875120007922
56.219842672211641,1.011694867110529,0.98311506978866814
55.325285971779763,-1.0899124053577007,0.89079021453803808
55.57605746948385,1.2801674457010221,0.87836778273533134
56.123279789224931,-0.75634331940474986,0.5754105739337193
55.839893694285919,-1.3966421542978826,-0.79701038386405487
56.371807839659283,-0.93649118941998888,-1.080786339084215
55.870421299832913,-1.3002037116730771,-0.66718313719690259
55.932054311688894,-1.3711928240186022,-0.96230249545879987
56.606275775939991,-1.1665419040305232,1.0653671609531263
54.86312771551713,1.3172894921049094,-0.68557798730877495
54.982580057701988,1.4566265629081352,0.19142033437481554
56.02939709537317,-1.5810010266974197,1.0658527325184175
56.438020286277386,0.67583632089707446,0.86730811343399106
56.114911043839861,-1.2305476902888999,-0.96113983590351615
55.384332616746143,0.1904323226437131,-1.2552574809516672
54.937896816135186,0.1022640978495061,-1.6002678940987047
56.118003275336655,1.0801704649537347,-0.56114243031747446
56.498242341748536,-0.61838587658210253,1.3359023899489375
55.660071196783193,-0.080152488621829832,1.1099584363714528
55.368574805290031,0.74213208801968011,-1.2379757019038575
55.713576659722079,1.538755462488713,1.1741902504710839
55.186727097457855,1.453656009504972,-0.71903629700115157
55.04953199451019,-0.45603535946176005,-1.4151541509713097
56.358079575082918,0.93901297691256813,1.008043790327392
55.892074176241977,-1.4542711150239671,-0.27649401237300009
55.882923468658817,1.4340826613107285,-0.28425595614785309
55.084119170069513,1.4061673719552303,0.92077548027978562
55.731354206866691,0.32664130307721706,1.5856345847998654
56.432932045054471,-1.0318635263439218,0.67716517315398983
55.346044134953701,0.86680633744827518,-1.4898481534785568
54.855449210881694,0.9893489293588823,-0.55918325778078992
55.084183163474236,1.2014645241508739,-0.68408455100657195
55.456815774830567,-0.98535176143630665,-0.67004095747818315
56.279904781790258,-0.6386675409092013,-1.1281754940028117
56.013392677566401,1.3155458901568291,-0.68780150992895073
55.460184578201833,0.4913233392750414,1.2114248369720442
56.461089294969575,1.5060971355774999,0.45076580946096606
55.744938194172683,-1.1603049382161008,0.9779558909435192
56.67657778888006,-0.31033683031769577,1.569267801404882
55.635015283148306,0.75863465564715427,0.90723659587432781
54.772666865223108,-0.91557076262549097,-1.5228496760966268
56.274583973239089,-1.0608476726023051,-0.62247222491955179
55.432218499919358,0.178529463923328,1.2009409832280569
56.576645250720034,1.3207021025047478,0.027458722351495567
55.255992905875246,-0.63210567692624398,1.5294091010144391
55.223948107164475,0.98588590326852943,0.77215319267829818
55.9457909308613,-1.209297521383359,-0.44466174657730079
55.329983462746682,1.1328452139583847,0.74708717839662464
56.126057790315691,0.37498494836729607,0.53570970960432307
55.026268978661854,-1.6867789619071081,0.68161508645522051
56.195178346727275,0.49773679997796294,1.1577760371107002
56.712217234874117,-1.2982788484739434,0.44542918115464403
56.740331807812524,-0.31064594674266371,1.3921806162812862
55.457688162106876,0.71711934820551326,1.1491062261270917
56.525014007329489,1.1595250490251616,-0.80539397014153824
55.344143263223273,-1.281741477690878,0.031379301500569362
54.890986688530461,0.036991214789166942,-1.8961037906024918
56.546312966718425,1.0537170328036065,-0.83016526411529845
56.850893659625456,-1.0123006820513871,-1.1893420491349902
55.070142181374585,1.3428000488206697,-0.64639433375351829
56.510125840229492,-0.5652588641457007,-1.128914529814111
56.504615693570642,-1.0632129939138348,-1.1639143267211352
55.255817897722594,-1.0193165902675141,1.0999365068031064
55.563358480842027,0.60386452346784691,-1.5132383577966404
55.750868523654937,1.3783695266336309,-0.39756547883495036
55.878211799837572,-0.1161138673195081,-1.0464931072973478
55.886473475849741,1.2453374223340601,-0.65279818655168476
56.731392084044217,1.4413718543584306,0.53037878399941396
54.972289976356173,1.4400434096805053,0.37968760951291014
56.240463981086698,1.5124926502695377,0.40810412409744373
55.761617599520513,-1.5050677048990788,-0.078241137216181811
55.964381274651643,0.0069979166681542184,1.370745939831246
56.473028095685954,-1.5030497872240558,0.27733284694404065
55.173244752995068,-0.30719112089417649,-0.94401256532793876
55.112532759004871,-0.88452700905895731,-1.3828806135700866
56.560602513062634,1.4486073306500948,-0.032299376903254046
55.025437272422955,0.4206203344491094,-1.0768244837538048
55.07880175829019,-1.2487539446345686,-0.77245536500397771
56.666802453827898,-0.41651427828523291,-1.0874356518087533
55.108520339434094,1.2671236965373358,-0.92813021482015878
55.672772008304094,0.73412295315215914,-0.92130046601961224
55.718974824251731,1.2380142466713131,-0.45775587567785642
55.006299899491225,-0.1206603459151056,1.3213194685674412
56.308480377739329,0.9808655945213316,-1.3622897220812997
56.221524846337864,-0.26930256636664496,-1.1193648326957586
55.074838639916535,1.2244670260625923,-1.2331641240534399
54.859741660741356,0.35614306281575703,1.8187939312227679
56.247105947534017,-0.59552235401229681,-1.3863321140894012
55.861874534910314,0.094030759220249546,-1.0860189019914219
55.977519160333749,-1.0007407599418874,-0.71936267619536109
55.764413770761678,-0.23025764584120384,1.5941649770086201
55.052018463350549,1.3086629331653978,0.42714538727871171
55.381463620314832,-1.0230812278222414,-0.037242365750672662
55.175492912329489,-0.12567163810643053,-1.6873280268279569
55.977743004933181,1.5429602150270707,0.65877355541346716
55.669887227727813,-0.78937351697037317,-1.2046913245365769
55.838606422193507,0.81599614645027163,-0.98558529777135162
56.93133107430652,1.8484554257793702,-0.29479735453185335
55.151590761225393,-1.1149418223903773,-0.71461334053528647
56.637405941886733,-0.83086777161979863,-0.98130464608016865
55.348263062115677,1.2696989687520415,-0.057919066321298424
55.782307892969897,0.042935609237777568,1.5871285670350082
55.426750005398446,1.7014262950706818,1.3192900328756896
56.606676206413702,-1.1460042500982035,0.69430647505736998
55.757846083208818,-1.0005741472952034,-1.0541175682429631
56.78595235777447,-1.0972182781818762,-0.74166563833260291
55.608880265206146,-1.048434715063989,-0.81009561887856152
55.500309158351733,1.1524984117627743,0.38620025902066407
55.780179692404062,-0.80355328441995799,0.87218843623408615
55.11618083333714,0.94277669398710373,1.112567276569427
55.719491070018769,0.24551799166294944,-1.4425871737805565
54.982220249289036,0.15900835483225087,-1.7331534691312216
56.261620635642188,0.015645846407922524,1.5998610125244803
56.743777752367791,-1.0514203779674978,0.67686823560895781
55.210356621108183,-1.3889962518790346,0.45733651799871317
55.963460652679089,-0.045112580806576437,1.3342115194455526
55.823574549849852,-0.58623688951561348,-1.5803675076834418
55.972238830699979,-0.33171333026275301,1.4677332144257944
56.482996583397544,-0.10227707604851152,1.3680255499373395
56.336615862128248,-0.86490382019435941,-1.40821557628132
55.345784455764118,0.13714735419066879,1.3615727273347364
56.183560579893616,1.0948753999030412,0.89352882436476144
55.927747035162326,1.4007283937460993,0.42097021721202654
56.647410492355235,-1.0586082546233746,-0.88771713939785901
56.112491144223597,1.3232058748427666,-0.16640344473058225
55.690239104242252,1.2637718641430129,-0.007654635809500045
55.293590490163886,-1.1557133186021065,-0.95991827542239372
55.140011427419772,-0.52322636491423014,-1.7748065041557928
55.724229873864047,-0.24839183480684565,1.3888183808411751
55.796449200758545,1.1780828767500759,-0.78332698583177729
55.738025828489214,-0.19634943454516199,-1.1249594869560573
55.965583271674376,0.62080295605527969,1.5212849190369897
56.319961117650216,1.1093212768306224,0.58809998148992115
55.688954590453335,-1.4578798567360325,0.088354780596834867
56.623744883545008,-0.033883955243689153,1.6125805814394594
54.748163505839294,-0.089793269216984203,1.7101511379816863
55.671505485454169,-0.36040001112739134,-1.2381052504788363
56.442033864881388,-0.61205587313154319,-1.4038735603691668
56.02110103316825,-1.4625284496628814,-0.21147458861603546
54.762551342603324,2.4707184401645197,0.14005047391771147
56.018547665633577,-0.91254101674598576,1.0744588828225803
56.100706879127117,-0.015984686136214944,-1.3058127902975687
56.63428689364747,1.1365377300932247,-0.73368027621832255
56.508616488287181,0.17650577190083463,-1.0801377330797646
56.678706687817879,-1.0875999047805547,-0.74350708813653499
56.506799829618409,-1.3375850613261515,0.80527780680093375
56.017783554895942,1.5429602256615755,0.74093378442608326
55.039939063581528,-1.0044040012231403,1.4376068336600405
54.988305896011546,0.65340237147694302,-1.4253615349687958
55.210272771988024,-0.4465983195667072,1.0723514432009615
56.083191895064978,0.31966993422380763,-1.3733212596020339
54.992373323210558,0.44086643487772076,-1.279253751107557
56.623970824636736,-1.5378681658702276,-0.54088135632785139
55.432708256742494,1.5444802153544996,0.44185239066809673
56.048177023123785,0.73858824848333071,1.0602210166472108
54.837705509525136,0.77786161815254884,-1.2172553267142223
56.027649967599572,-1.1837820782530379,0.57908776452183541
56.029744217866714,1.5194173322600661,-0.0010460951928215061
55.678428494681143,-0.98071573678431889,-0.72983735967287533
55.589744797771118,1.3564251797981826,0.3101645177973103
55.055003446905097,-1.0173761856971306,-1.119497813138566
55.060009340289433,0.72414545666330499,-1.8060930568400231
55.09520565420253,1.3459848612256655,-0.37119678681076412
55.872983205499764,1.4940397615356831,-0.036170514936097062
55.06704637290072,1.1041796377426443,-1.1289270874546349
55.977276602642299,0.25022394535285614,1.3680949855373417
55.782349445604552,0.59275238582388867,1.4142986647540412
55.086077424335237,1.6781683925474029,0.65564222834373309
55.906049131661781,-1.4201001508410283,-0.45764398353922781
54.850580104963512,-1.1149381610605205,-0.83525881286973658
54.773633864193584,-0.98192198429170485,0.34315276892930829
56.549757461004006,-1.0958887258855934,0.20895764098206937
55.597649755349387,-1.4950504775130675,-0.31599873390330296
56.485109568884738,-0.90110590459329454,0.8737832228763619
55.850571698871839,0.52175924742730329,1.6361361606047087
55.738697434739272,-0.73378833267263965,-1.2885160208218824
55.529503046844304,-0.27836365828212212,1.4819756913775488
55.350455872653242,1.3389929568552841,-0.29236204295524032
56.603731030262196,-0.2420918157022304,-0.94069924892840762
55.867357092889748,-0.44324273013003224,-1.3941267906014398
56.393720078157671,-1.2197044745228836,-0.6393247424526618
55.241452758626586,-0.68674441531942076,0.21839375343792702
54.915043696839184,-1.3329004473220671,1.0378097427982707
55.977917828662704,-0.76503159360762252,0.73564081330889142
56.438215626006453,-1.3975035136885776,-0.13994828373432364
55.174445359721844,0.19894537229954787,-1.365424522126742
56.438876304712302,1.2955636423898349,-0.80700502184253431
55.196148871188065,-1.4598174799256427,0.16016684127731773
55.229162035257069,-0.75133914450571493,1.2787841066536372
56.648543751484034,-0.68292815213255598,0.99128709280823391
54.950655768599852,-0.39347750665018777,1.1970232755763137
56.285347535605915,0.51615730168267826,-1.3850427107498202
56.542465134535803,-0.29342172087735119,1.3984855192550785
55.295459608793145,1.3067989519591188,-0.60241265912539621
56.405967302139011,-0.18468321225445264,1.2962338410137106
55.271143162447771,-0.88905822195297368,-0.75089549725998594
56.404992280956719,-0.71939428260672256,1.5085939309208318
56.554617678544545,-0.34576320871840016,1.3099576737519227
55.965591610892417,1.4377090898677876,-0.48339622178490704
56.209726281199863,-0.75477522453333046,1.1048248153639744
56.452442600621566,1.1708913786180268,-0.77443864551329866
55.588528994150238,0.17395332724756224,1.318046014963002
56.274170815024512,1.1566779083877978,-0.5846303419661163
56.503509662112258,0.28757153061912494,-1.6313078237753744
54.805013153423381,-1.4728378884390614,0.11685525191195142
55.486449996054787,-1.1530980862454054,-0.28960075811239877
54.883966659345823,0.77555166268449427,1.1879545290328664
55.972735980894463,-0.29144644710956863,1.2829046690571153
55.46112334133359,1.4338616260057764,-0.22891111156957214
56.71506215175512,0.48032199197998998,-1.3342616920425814
55.913401317233479,-1.0399393347326855,-0.96934864847042124
55.434751224640046,0.60553669809565103,0.022542526008829337
55.270161627773696,1.2568033381625303,-0.3432441338085222
56.087813522040989,-1.5839833723214669,0.57990068345688173
56.565015395391214,-0.84889099866187145,-1.3158735396387142
55.047020361422355,-0.66396509601494136,1.4577117975917764
54.879763755642166,1.2532176428126029,0.088104593726956323
56.648412000238004,-1.3827963357644757,-0.96539616031948128
54.923054896154476,-1.072115891542919,0.85290496674344629
56.551084577781793,0.37948442266505589,-1.0695396059242848
55.806948370644463,-0.69586949175656432,-0.97613890995980968
54.992001335658713,0.094792700265076191,1.242816559213862
55.627674552247548,-1.2033415924479944,0.66419928980663334
55.746636490693483,0.67025395467461379,-1.42662646123603
56.056648029176806,0.8445906562320582,-1.2524467130878392
55.561766729173101,0.43033218736277784,-1.457989278134344
56.116515692613113,1.4645764814901077,0.73671644854218177
56.767678369624072,1.2063739196689398,-0.79205079744153994
55.195825199361458,-1.0441607717381178,1.0211514048945018
55.570326185221731,-0.52098647106603868,-1.6326564136480792
55.817778210937888,1.3650595606156246,0.68321038859170646
56.692101139293527,0.29436471764108185,-1.5851021487736185
56.180182645876421,-0.061862616924558973,1.5034419723608248
55.668543835547013,-0.20536844902061224,-1.3402427973527578
56.23605335743612,0.12721977682685182,1.4869496221916232
55.630285979398245,-0.8433489317288011,-1.2718894234391263
56.173811930642223,-0.10668371749326776,-1.2565815728044909
55.648874327868114,1.1288196848148064,1.001480595868864
56.607776637498276,-1.6404508686793404,0.25318251321810309
56.077622793095195,-0.83328716048050822,-1.2415353990498104
55.490828274028914,-0.50260865205130478,-1.353370951010711
56.294729051372599,0.6812340873040813,1.2215500282064116
54.874584159851857,-0.021556941049565445,-1.3264599570747651
55.689755718950835,1.4957243280097905,-0.44541966962573071
55.496993288781795,1.3984406952449731,1.1899477897638078
55.394981322569045,-1.0024303737375131,-1.0384586509332068
56.057118260778537,1.6400859230622351,-0.508183108636724
56.404158817221379,0.44772332753192778,1.316673215657266
56.651158435588357,-0.57742410660691901,1.1508116680717069
55.088781414761826,0.1705028861238741,1.5230623463447057
55.845723026952712,1.4393431872341196,0.23332140935778417
55.904659826939977,-0.45579888438570354,0.84989539955909843
54.957414265411074,-0.75155229251930233,1.1181874980898323
56.606028767540302,-1.3734896098106706,-0.64042451406931744
56.257023991514878,0.50559123127531125,-1.1236480739773673
56.182834403941342,-0.61250559706966157,1.2422525530645478
55.145667031175918,-0.36544467680242798,-1.5303683792047511
55.961185056751987,0.46433201539018676,1.3788038885653475
55.126392129944236,1.4762214374306637,0.52418471894043717
55.287492505815813,-0.75110554727334555,-1.2374628896450208
56.564018149774334,0.21085350355333105,-1.2983718097272048
55.135296301357315,-1.343139777672673,-0.58917000656222529
55.993692068768475,1.2683024655427986,-0.82458815555629172
56.295144584804909,-0.64064984622801169,1.2550454417127288
56.602904955986375,1.2115417681762959,-0.5419745633322971
55.948329235821085,1.3451437591348612,0.49441343339417593
56.87483263798628,-1.1306406145460219,0.55705357644720854
55.007326706624582,-1.0273495677003139,2.2664309541193113
55.310463708369447,1.3382094322865326,0.034234967974561346
56.35954710935215,-0.56559231002250332,1.4319570781154258
56.374195887527442,-0.50472104692815412,-1.2213361683214203
56.358185447790383,0.4027753149559663,-1.6265519378227868
56.49835916791988,-1.3262031558094767,-0.38886827467160034
55.555592075719666,1.5454059704857774,0.1903202510361475
55.141375382280273,-0.090996136571891914,-1.5133822094932805
54.86568893872424,1.4588858115097161,0.18642191957663004
56.243923437189181,-1.0924647594143579,1.3221002218009106
55.253483297917029,-0.94633421905398729,-1.4932799042647815
55.764342661087298,0.47909792998001338,-1.1249763592511057
55.949870143734991,1.3498258475762337,0.78127300872125061
56.596662101075488,-0.14887482342564748,1.4831147046341835
55.387199571187615,-1.388471114610067,0.78685004781476053
56.666354001986377,-1.1856430139982925,0.36273848640839323
55.247137524977013,-1.2981337037198954,0.74118864412957364
55.068652905862443,-1.4835740188565352,0.11020975846342661
54.995673380901472,-0.6717607326036199,1.3489460917351022
56.471698471807237,-0.95471176664500323,-1.0078491690761444
55.574162778492116,0.57017828908172907,1.482248518003483
56.221973582541473,-0.52097292937417872,-1.0399024614919137
56.062157481992209,-1.126272662554324,-0.9505200555722263
56.30229959807648,-0.90760331061534738,0.1966285816228584
55.54336948753101,1.1997817334592573,1.1055720982917545
54.790317298013498,-0.01995482653676562,-1.2140738431543923
55.180663813318212,1.5196444235748165,0.10233758882928093
56.536006302153503,0.78586497227749696,1.3309907448265792
56.413893959012611,0.7362948908569702,1.4587245224156893
54.835647851686609,-0.97570250961677829,-0.67092333792232783
56.324032838440118,1.0142553274620334,1.0584202029584455
55.744116532560838,-1.5810539162640604,-0.22475470097040909
56.063975659751549,-0.94598589616914219,-0.99808202653411149
56.721017386222172,0.91681452461965041,1.1989613710761509
55.651450234890589,-1.2347368317944261,0.2976037699581085
56.097577568156133,-0.31990359114252381,0.61743351914364741
56.087954962518339,-0.20498389910131121,-1.2076006294901294
55.424581331466335,0.091076629046226987,-1.3268312576186019
56.007689713977882,-0.69079939121780232,1.2599612522192249
56.759842530814169,-1.3670372572095173,0.58562584970505094
55.899080389686254,0.076722779514733067,1.4731289075809448
55.285286071419613,0.086449497608285922,-1.1268942262250792
55.326880012957005,-1.1957020765074378,-0.5319427997510302
54.948578663498033,-1.1984101952087511,0.96197232676156974
55.353390267334547,-0.66823165884028046,1.5550185905374494
55.940258576688244,-1.5217916051822211,0.13143531189564636
56.752933279265861,0.25295653825958508,-1.5283590910599574
56.027873590414785,-0.75171207130098272,1.3338558453709652
56.279978532111791,1.0697687438820607,-0.54312879949193593
56.657722991833644,0.86561180396820858,-1.2480520628542271
55.932184341292682,1.383021027245348,-1.0168058835856182
56.247817699835245,0.68923361267673156,1.188453893738928
55.77028763771731,1.0091058494179062,-0.59276417325759923
54.873031393010272,-0.99886629099334845,0.84443402788126054
55.825286758830138,0.42808989672547487,1.5225514056047675
55.183677091162636,-0.030583772736896133,1.5148363654308279
55.705174237173892,1.0645437828874682,0.24173530312362582
56.087566110703612,0.65834185159466452,1.0587228317776249
55.638688174094497,-0.17597873072027051,-1.1808150740860286
56.779891833112202,-1.1550480999609003,-0.59234986530506739
55.241975781856596,0.022033688268260656,1.5105965449316392
55.02463333176452,-0.49368489138007526,-1.3261520034296894
55.320575976399425,-0.45205186319523716,1.5623069891607491
56.249391489280185,-1.0550510995000866,-0.86460864340531385
54.922744637124701,1.5212243889461887,0.066678161120458379
54.857369184302563,0.4451193482305561,1.1209281182753634
55.510252329286686,-1.1898668938849719,0.2752831683273706
55.76146801717011,1.32818314635137,-0.05671520382570764
56.522706155369555,-0.54906951206660737,-1.0772141437661442
55.022886629963971,-0.64461899595759031,-1.2122659489437009
55.468501878864899,-0.33121040972235044,1.3780469223052423
55.44564737298748,-1.1073240089357157,0.67857419285726595
55.257554009283588,-0.5850337402169179,1.3670794281708336
56.567145614184575,0.60339015673043306,1.2434450381937643
55.164960182853932,-0.56341902228743912,1.1161348489607226
55.977967083281541,-1.3351618571561015,-0.38603037032415793
56.043209183321828,-0.58388439454548602,1.6431835485793054
55.455646782087612,-1.3755153049778712,-0.98351546949502244
56.058143460962505,0.99819512802115529,-0.66355720836671861
56.361473031834159,-0.69336724801864691,1.3007548269584039
55.852430274953264,1.073849039865366,1.0990227498791931
56.658381363368115,1.4587060299171803,-0.53112485052889791
54.92374803057924,-1.2932458480972036,0.87913033690937348
56.283203133454577,1.3359258170940316,-0.46105100775191876
55.99635014586557,-0.34635325289332358,-1.2429166224399624
56.228088551075416,1.2704752669467083,-0.61587657433427245
55.228281743051006,0.90734544375551229,0.25629298132262474
54.960187860265464,1.4452782608844761,-0.66020853855444805
55.979706161463838,1.1043014957699533,0.72931089975797558
54.945256220249419,1.0367441102276012,-0.51382327276118922
56.144199400464629,-0.22207760238454854,-1.1723033606672526
54.93623305196936,0.90204439159521077,-1.8774749087142257
55.524128019575599,-0.48973867696694084,1.6211254089996281
55.589961874223164,-0.26410858857057018,-1.4704176421561941
55.804063984767666,0.66735079325635782,-1.354567548832452
55.743047738279756,-1.0559265306224919,0.88986632453272396
55.827175817502443,-1.2959209117807824,-0.77816740935687079
56.216040097041464,1.188888928639003,0.7968299014496466
55.013172905281074,0.09989323571427064,1.2719210433959625
56.285342094553542,1.2601661756115736,-0.0046095014303772401
54.941360591898864,-1.0864287092674334,0.41326750540644014
55.483787710837888,1.6603154166464831,-0.44863689561275333
56.268843641139945,1.2928138098081403,-1.0623807922797759
56.85508899683974,-0.87828501332484843,-1.0607122318071109
56.459108506966345,-1.0491979943085628,-0.98760646083341663
55.814140161157191,1.5479292642569824,-0.38604757027771797
55.596174704786279,-1.3818554524357765,0.31626311004438212
56.479979541330778,-0.65076043230603564,-1.140561203169409
55.289056673883131,0.23688468006861535,-1.3030022836113229
56.634481157565865,0.65907694436883624,1.2660034110424188
55.659384760484443,-0.20015975335972763,-1.1798562373845709
56.706830958691306,0.77036279011863407,1.1544942028891461
55.118276967324782,0.085503880644672334,-1.6099736263742213
55.066965186281145,0.48106849361316445,-0.8762954935879731
56.282051949040302,0.81796566373745583,1.1487989705267072
55.895198888238141,0.63538879791685898,-1.1507789469709939
56.328143801544641,1.0787530119472035,-1.0588042945948275
56.532304832768887,0.59320327607803103,-1.1769691507562434
56.536220417721417,0.91477781145355186,0.58858369138961408
56.484270692209535,-1.6184762634016665,0.28605680203590761
56.752839607036968,1.249013945411751,0.60599848017933489
55.814312280093127,-1.4075899386211461,1.1922277045459044
55.120724393692079,-0.87678444274350142,-1.1516652231246969
56.58867543117146,-1.3931895790707929,0.027108314514797682
55.602743804244703,-0.3770523965577513,-1.240738332691864
56.197769603637305,0.91111410795742753,0.95939672808052667
55.971864433148902,1.4041600319536305,0.30405915547792678
55.715291457090828,-0.70573382058385981,-1.1532799492049355
56.499306196017862,0.64492390373128639,-1.4212171084282117
55.711324218681689,-0.7648807925054707,1.1173092355604213
56.066170877459726,0.98047378071697644,-0.54726247961673291
56.24503188140212,0.5980051824960827,1.045392532948312
56.00420304249041,-1.6423977784617356,0.02859446422640731
56.306559170176421,1.2710422630312348,-0.44818290192173166
55.935962393176474,1.1439229747121835,0.45227112140615267
55.79560101269778,-0.50082305500449831,-1.5178308829064182
55.38754299298057,-1.0780207150259145,-0.99877088418463678
55.065421431435922,-1.0826398466924056,-1.7157821215041253
55.160034921937594,-0.53940241062521477,1.1025996552409414
55.603023934975184,-1.0874233484661497,0.87914518112415518
55.140439067300726,0.16206557923940981,1.5739431804504203
55.508858342201734,-0.77253555941067364,1.2603933092063793
56.754074397277925,-1.172970518458579,-0.74797865357724314
54.920811223690201,0.12293171822436785,1.5146746495954757
56.016564900862484,1.4220151841729534,0.57724140333426754
55.479961648372935,0.12893107532354128,1.6368761663032227
56.229437762213493,-0.62616626349644056,1.6164721984773556
55.885685615720469,-0.67601632189257577,1.2186363507669138
56.196170330543929,1.3553062808690717,0.058661209049845821
55.898187462921868,-1.056797455096445,0.41801579669320305
55.395669899012447,0.29284943614293724,-1.3442156173316862
55.233273647991936,-0.10928208869087397,1.3933432080213
55.97614388945977,-1.3113815577823698,-0.72303299541445454
56.119223463412013,0.06184751971749352,-1.3121751070936416
55.643950651541957,-1.6946267671137447,0.45909220994973976
55.470754854494743,1.305828415765893,0.13283395360741426
55.003236762665452,-0.86460609278989742,1.2005210079071376
56.100468765594727,0.68367482118947998,1.4557874887285851
56.019584295353006,0.23645099259126703,1.5525377744618014
56.219595618346879,0.5280567664669501,-0.94759751222153044
55.843653067583993,-1.1191667986707972,-0.1318112181700668
54.972901643653621,-0.79098005582571629,1.1554965679920572
55.049323011633518,-0.98481765596761117,1.0152060887032299
55.903324460738808,-1.340254757810138,0.10246946688829922
55.041223968066042,-0.529339049119254,-0.76974696776982143
55.854705556686888,-0.048273147453362503,-1.155011275011024
56.751164511358773,-0.5783515951469943,-1.2746646353510616
55.098579575448653,-0.14220180177554589,-1.217736121917846
55.007563345741652,1.4349653977342147,-0.63543280603209273
55.314055116869014,-1.0991548561022924,-0.8778181912079448
56.330838459228247,-1.1991784053689094,0.56329329314336862
54.978581872255162,-0.62020476804308378,-1.2204300489383273
55.838609461164651,1.2230495473354281,-0.38591082749634542
55.825619651823139,1.0061040661255989,0.54029883385182853
55.845621217822838,-0.24818700904054655,-1.1416624213175819
56.495506718484279,1.4529243380890302,-0.57417006720797226
56.011814354773193,0.99098210848653134,0.8612228383112972
56.366552792482949,-0.52642218407546282,1.2816564264483572
56.587658510902756,-0.061283500205643528,-1.5343833186118063
56.756379109953677,-1.1916329321958123,-0.73031339590738542
56.161922847263448,1.2144429891618431,0.73305828975413589
55.251081190902205,-0.30053462988294832,1.4753726365448254
55.048318037502945,0.42895876692092194,1.7684907299614665
54.892669458713584,-0.51601473194995118,1.4658001518108159
55.110629702614489,-0.462275524864601,1.1996908455857245
54.958420138589268,-1.3838410936838683,0.64519337736936921
56.398511465166955,-0.78563807237396854,1.236570395554188
55.180937548469032,-1.1984333202845965,-0.1796941971565236
56.240634109591056,1.5390984844409683,-0.26912163734929451
56.470599649350653,-0.58585268915788336,-1.2407417716958284
56.809418610198627,-0.05428409346589845,-1.603700503638444
55.814389116055736,0.098363949025677688,-1.410154554878648
56.40154701626404,-0.20732708556229701,-1.1337012648074594
55.493340957874238,-0.40542284602466727,1.1335799783836689
56.468537746723186,-1.2361118763107715,1.082299047348541
55.757273776921942,-1.0312183173928267,-0.41632779160659239
54.908882058067753,1.924802386954759,-0.64380517513623636
56.208137543032777,1.4742078451251623,0.35144808538302635
55.765078639428388,-1.5189932553682226,0.32281891137564656
55.958095705880766,-0.43155641271198086,1.2630846211223394
55.574493331232254,1.3588101568482052,0.22929964452715973
54.820117112195987,-0.96188780943501073,0.9413117959804258
54.753134989526785,-1.0890713975219322,-1.1998236998226994
56.737916418292265,-0.39149670241811552,-1.3413484857273654
55.857331963655476,1.460323731233603,-0.6107305876891489
55.451249543312208,1.0203802730276406,1.5227593941229904
56.598394970129405,-1.2203792555366126,-0.61527724484341606
56.34180204009801,-0.59644703282112821,-1.2712146990769706
56.099090465532811,-1.1491901555293871,-1.1484469618606674
56.41886004411424,1.1415354592289058,0.5768422347886133
55.389778289266367,1.6416060815659415,0.33945848024090503
55.303548970915166,0.84225840206486646,-0.76159511779204148
56.291714716878516,1.3023603569324509,-0.39776281707335348
55.401877615881354,-0.94360554291621568,1.1652933332597373
55.633109962745444,-1.141505793070805,0.93064090908725772
56.038907748330303,1.2835006514517027,0.35007696580885589
55.029350509524185,1.7781881568728575,-0.61429507955495277
55.308100132892079,0.58771070813956516,1.0806456344471864
54.922646757661987,-0.98067430859421101,-2.128004936054519
55.103441024881903,-1.2101315269761959,-1.1524046591739896
55.060215754749855,0.24884805766383136,-1.4949658282975531
56.33939724909375,-1.157747805612807,0.42629257419768141
55.341504373460083,-0.39546317116409452,1.3106667959616587
56.613785108551212,0.21120142467800201,-1.1226422525393529
55.402924918914621,0.83507426656258343,-1.0065575498870059
55.445175600004362,1.4566322493571073,0.36942644258690782
54.884729689356277,-0.42372012886289889,-1.7890273833013801
56.653168797572398,0.19234130655239587,1.4336441937832496
55.931750367458683,1.2267590408763474,1.3041588433360642
56.326822748925807,1.4348034180749467,0.58017740175402532
56.007413518848402,0.79772781683681615,-1.3358919918492409
55.139532327873482,1.2616166604471097,1.1073377839961718
56.536244509499689,-1.2009094966792833,-0.55704442609405869
56.205461356906667,-0.8201317854112069,-0.69257646308984289
56.374358395549223,0.54614525616279341,-1.4021793813499133
55.534455994146562,-1.2251022377693592,1.052622056242867
56.784693433600971,0.63800598195417879,1.1596135806690924
56.703116632850126,1.3911684653176057,0.48902656888832391
55.253847432664116,-0.72809527676951158,-1.3684860761954991
56.637403895014444,-1.003464155306492,0.73910656490277682
55.013592759038602,-1.1091472240640425,0.6120629613896531
55.189539460510055,-0.91555452305359242,-1.4453754567439767
56.361712367693173,0.48673980577296577,1.618078258691394
55.443816183354983,-0.37719308166537413,-1.5074821932100038
56.104247026752915,1.5912115410554513,-0.46807011690231454
55.842150122009471,-0.049371975265595454,-1.3636466957960873
56.369392169925895,-1.126503565800421,0.43910294235219849
56.457288662627526,-1.3410777530316829,0.060787754131619277
56.663858977543967,1.3775651390918704,0.65821592734681389
56.567992060830655,-0.51774994933998342,-1.0998305941525668
55.641462492140967,0.70965078283208594,0.94854142572921096
55.606674349794595,1.2210553263979018,0.70399023727885301
56.096767219503832,0.88473015221502604,-0.98579198382540945
56.680575300320449,-1.5981218547447906,0.10579928651475057
56.390821176857408,-1.2641872539177705,0.25988042987223892
56.772501141279022,-1.0252920850372178,0.71853724429391297
56.57698862466507,1.1007411862333767,0.71014722505612726
55.056750575730959,-0.23155808944205564,-1.1237366651213665
56.177856924393254,1.2480644553449436,-0.60180142547828874
56.12271606312563,-1.4432482776288835,-0.38436397522974364
56.394444682561137,-0.41522210986874841,-1.4885355358872052
55.857270268489856,-0.55918608736617936,1.5293016138237783
56.004339937774475,1.3747650651545706,0.34160603742932266
55.158686886561433,1.1152331504396249,0.70244980614740204
55.790643016816432,1.1084180955861891,1.0545409069862612
55.917066736423081,-1.1062949613524755,0.49437897712251655
56.353179522906409,-1.0838568872689518,0.26937246075263077
54.903389004166904,0.12234165777574788,1.0716531976532626
55.077157246262729,0.98331380117034639,1.1518657640885859
56.5341462696327,-1.5371964181414119,0.3410407147259219
54.97123378549756,1.6407567176021531,-0.49130366079266491
56.128455465419542,-0.6976517341122519,-1.4187315525072874
56.297739642630134,0.85556770862703202,-1.1362837075914793
55.558138915116295,1.4223497028390819,0.66861254186632968
55.880197896091232,1.1809440147343617,0.29685786022407978
56.484394959074265,-0.07886195151508997,1.3889472495795181
56.689348440739124,-0.39225942333695019,-1.1825063798425621
56.534869468378318,0.67681328534101548,-0.98597139718515769
56.265539342926701,-1.3301425670581855,0.97030245210093147
55.27466736296379,-0.24195446153040148,-0.96711315655346419
56.440585521343174,-0.96413718393797732,1.2302891864306364
55.647039066677657,1.0541748014490719,-0.50429138815727115
55.643270141368099,-0.44425318179291379,1.1705007832329009
56.391192926890476,-2.4376501054044373,2.6568845425746073
55.736237719880691,0.85032937574881062,-1.2921238259874177
56.223286099791864,1.4741715597677503,-0.44654680543382363
56.035966345462612,-1.6170821699858198,0.032403936240944502
55.018722377274209,-1.1665634637163969,1.1707533422922405
56.203355360307192,1.4471410627087569,-0.6809993807736876
54.990454518346063,-1.3086405661310001,0.90409169624024055
55.50482407956823,0.20100139697634875,1.3917574242121618
54.970069927453984,-1.240900291208292,0.31002551173696147
55.404222502837264,-0.58050048373085683,1.293629975655826
54.906669691903538,-0.17671801718252814,-1.4752859140132688
55.369605331210906,1.2833637464635224,-0.46459654572525083
55.260487488425461,1.4172288458360514,-0.32301233465973717
56.17803469015081,-1.0214866658341668,-0.63338945937868341
55.557083821525943,-0.67096713405712693,1.3785970973209827
56.522073460932425,-0.59886731745102795,1.2979127472093825
56.782323494651628,0.5517477181778444,1.2493545455090191
55.83084433198691,-1.4881376970883422,0.70842221240978109
56.058421347509118,-1.5215095897972393,0.19699064383860665
56.731188469764213,-1.2455083732768835,-0.14352428173772097
55.999278077484661,-1.2972920685780522,0.66509451236765571
56.23822049066677,-0.87871053073971517,1.1494046263725419
56.17739166386913,-0.69449636506233592,-0.74259059315058851
55.043745684928147,-0.62146782731827499,-1.1827496884605844
56.40603676496611,-1.4297529183338449,-0.29309495373750505
56.521339887123922,0.56673015693073059,1.2702328583208637
55.580081361269471,-0.79294325747916405,1.2340564876007105
54.796931697786135,-1.577289053886082,-0.27641775891368797
55.058562895941655,1.2633571006416748,1.2227057162968296
54.825695608215284,1.2950135248073877,-0.19233001396689497
55.905926443161341,-0.46839896379043128,-1.2952374652288383
56.694293111909204,-1.034836344494598,0.8412004487105571
55.774982432281021,-1.0025024193142684,0.70351087238111409
56.40748450960028,0.40836708524417847,1.4040361555763636
56.437486732356547,-1.3600305195744242,-0.62129536436265298
55.046362928753823,-0.84411175946225259,-1.1679929097224955
55.199266435470854,-1.163049739621093,0.88198762474297221
56.175174190210846,1.0165293638836608,-0.98824991764929804
55.911109232659911,-1.4611437195772889,0.39178562535248485
55.164153414427368,-0.51039923327443404,1.1757367380236015
55.543263363243128,0.20854317040342524,1.131787681364399
56.017263863398369,0.86075352713712316,-1.0034878571309793
56.540192442083793,-0.67934225999955822,-0.72968593327926656
56.701416556409818,1.4202932658834322,0.94394868340059568
55.197590204172158,0.89611073130732544,-1.0401440375363544
56.127807830144739,-1.1370482958968804,0.008821858385216319
56.189258130296977,-1.2940189750845279,0.4536560214728716
54.848215821097853,0.45663042926786623,-1.5172666213848376
55.623258775944777,1.2175628862873178,0.89314056243212081
55.945370660897687,1.2138154323855093,-0.47911090838166737
54.938799636011204,0.33368088361516868,-1.1944613998663369
55.533249534747313,-1.089270265144006,-1.1524899848231396
56.754242155237833,0.41682325655365465,-1.6083793957497055
55.698522397901222,0.89058117038230444,1.0926366530584177
56.352707010487066,-0.30980317950241493,-1.2841456083332172
56.720318806844162,1.4115969225270055,-0.14428853921693011
56.40105673521591,1.3657956601917525,0.22475482381178868
56.60548552513454,0.6134957580144903,1.3497302445133921
55.84241388076655,-0.30413929178769233,1.594099429051179
55.64649764270402,-1.5456191773571097,0.79873805904762896
55.506628227117446,1.2393769200251301,0.57035952153832592
55.298322922467968,1.0196907394326695,-0.84415102113500395
54.924971096409379,1.0925337902862104,1.2906027860289191
56.001791993833081,-1.2343741310979954,-0.74145052197852501
55.712565268937091,1.1938944097268251,-0.12873647700048513
55.899186865855114,1.4058703988501153,-0.18158656103825363
56.509518629723978,1.2823719147195245,0.92624400805742479
55.759166989717251,-0.55648965264836503,-1.38710950764631
55.347600465968299,-0.42643462142883837,-1.3970171947744852
55.782400137475719,0.49499556500078312,-1.1366499415747229
56.230525940909253,1.4341610060649808,0.71915804289196394
55.102536285239189,-2.3188379817928713,-0.344257181432361
54.966842648767283,1.85669459879589,0.3675023406889763
56.183367858294382,1.1042494505314238,-0.95332258626485356
54.928817487565091,-0.79401421668325867,-1.2097115735292396
55.421893435945428,-1.2188125219360215,0.62415391491709238
54.873967729595222,1.4996415527909241,0.59563692471978658
54.864331763547433,1.6470651252676547,-0.21205303634755759
55.752514401976768,1.1235128436036543,-0.57123113586637198
56.511015025891425,1.5194083450323017,-0.57232964778629491
56.827311868674769,1.6834018102475152,-0.44704554955402814
55.190094470212088,-0.90413004380025319,-1.1201716903842838
55.706435737002835,0.051334841443559154,1.4679162170938593
56.418183764724951,-1.2276902395447211,0.55396008455630497
55.584660460153628,0.35261536181068132,-1.3745101845422909
55.039846500039523,0.95409112602636137,0.7440133220420232
54.902700915539462,1.4697103801289095,0.45936870746807373
56.33033213642706,-1.3279864488856832,-0.75995285529028467
55.178942125047783,1.0088725591089807,0.55966763864054092
54.862795683641188,1.0321604349258211,-0.96986319894097983
56.765480693589446,-0.95855296742020946,-1.0416477724252098
54.879273448433217,-0.23681092639882279,-1.3687201881850437
56.39149655835962,0.70395928636928862,1.0172181138700944
55.204814461024391,-0.14783801060430524,-1.6140724993714268
55.448491831892369,0.72717076713053419,1.2668048194280948
56.287257722990937,-1.1666882619917711,0.75052061006440485
56.283444861250025,-0.93372676387683351,-1.1012620030278726
55.195779118602019,0.78226674508223992,-1.2659257181480013
56.459981622621754,-0.42467012284995437,-1.0428199743048761
55.050577406577318,-1.3396278842225842,0.054601832130013052
56.761107808407907,0.97068947374107761,0.99525537605281633
54.881080317599597,-1.5361450839653066,-0.62655081965098958
54.954366359068118,0.51863705403541449,-1.7344175373201394
55.828069284799007,-0.59915422025689646,0.76092878156660138
55.193143174022786,-0.62249579305776603,1.2556714709773646
56.43155647521791,1.0443418256302242,0.17912757570778742
54.90957218508769,0.5400444439376636,1.8908014851449648
56.408714289224491,1.2320844828329987,-0.95552566330827038
54.922483688029494,-2.0002315394806223,-1.4040025702007874
56.553473986501182,-1.3836391525698031,0.077818362533575478
56.287411055541533,-0.25982609950537056,1.3038384646249037
55.284489316616479,-1.2369955651513118,-0.039871209195393845
55.744946595064633,-0.89876699048672382,-1.1360543744009088
56.572848523258777,-0.78267823125880931,-1.3161596528096955
56.162021305602103,0.6124345813430655,-1.467627597834221
56.092695483098439,1.4210684581521122,0.50972426610499744
55.153296797569155,0.38759926968027397,-1.438555676279021
56.169452044221927,-0.43495865060236666,-1.4139865463741685
56.435529842479909,1.4466199373844191,-0.21189013253334185
56.102743565802555,1.3589297150187434,-1.2213389764391054
54.949038270809893,-0.94496624660627404,1.1573614594650836
19.984123040061604,3.4326364661507158,-44.736834249948799
35.269711552469495,-0.32885520427548764,9.7219381159779523
55.31037263466672,0.70612416407737766,1.6148922669607135
55.372072426826122,1.210807561254285,-0.7604953895880332
55.367629184691786,1.0926082285515615,0.58046394060080286
55.311004828346405,0.18410642993160509,-1.5373110347779184
54.76227208094857,-0.71443261042203732,1.325267444365098
56.230465458501939,0.94959060823975117,-1.2205388326360287
55.861022667504834,1.4782954569154838,-0.65747649297418098
55.698303417138241,-1.3448436213009671,-0.38619593450287892
55.604006446231544,-8.2019973251384393,2.9701059278424387
56.212670410362954,1.6254894711201824,-0.43600735628920023
54.819999693788702,0.94098977719451238,-0.64530390795017512
56.43134349272966,-1.2979854451083039,0.14225005175075262
55.56610065849128,1.3323186309090882,0.75767804388360682
56.417113507335429,-1.7860184062861193,-0.14104894713051452
55.868273667456769,0.68841923825927287,-1.2235720544753421
55.546780737222157,-0.2118446079665921,1.3723143027149851
55.541198631230976,1.1089971069279654,0.42394703465785016
54.981196380940816,-1.2893563509651251,-0.25670771557861966
55.236782816829653,-0.98045989407491885,1.0902237308085139
55.806172388412094,1.1175472528406694,-0.23095306892097406
56.506972264509521,-0.9982884989842481,0.42568586561648653
56.030387333489557,0.78577552619673741,1.1593563812076699
56.37896212432927,1.1894557864022726,0.56529191104588938
56.246371254453706,-1.2624495681551378,0.6675000830251836
55.285676805291914,-0.43493370435793632,1.2463242279206499
56.545221965963933,0.31782448645146966,-1.2910669633833771
56.421803610935704,1.0443115344318776,-1.1458071216446755
56.672811479681549,0.61403188472055437,-1.1864445566137529
55.925327502328116,1.3088740933881491,0.46262379811659299
55.808710609516112,-1.3847497539385869,-0.51427328498155112
55.936422886817276,-0.56303783459846735,-1.735429837445335
55.962564575757732,1.0648560407314962,-1.0198661700834117
55.534967198793879,1.256752141263388,-0.53648890025534612
56.139332588734561,1.2726980667626939,0.45820244695652973
56.247545296184988,0.1989954276223013,-1.1845743470158963
55.293526353512519,-0.084572491068607328,1.3849816897326785
56.895253310805366,-1.3406422332136303,0.58412485389329649
55.323426224655712,1.4685905360552223,-0.22192263924855288
55.035741217983826,-0.92405561819947335,-1.724876954442812
55.610511042359278,-0.97914382225784291,-1.2397505355030511
56.605240877861526,-1.335445841583828,0.48241751745849304
54.886293100728146,1.3515749927649372,1.0498315965111538
56.100361048592298,1.2690299402693808,-0.073270488363006536
55.43471022685155,-1.6213148076775472,-0.9262214321343627
55.877877178190815,0.084347519937243084,1.2101888774913403
54.837503410236977,1.0661312383032489,0.95161920431347524
55.252716276542522,1.2489730631575167,-0.2622846175589329
55.957885503053696,-1.2539112637633607,0.49954196140317358
55.879607747144675,-1.298920176226023,-0.75608623896086902
55.27768511005435,-1.5200553260585319,0.25941649213200957
56.539515898765565,0.71527520009923373,-1.2405051451639186
55.218448942341986,-1.695313479452877,-0.0046353785705151238
56.720301047842753,-0.6803894445790597,1.0264957543453122
56.636994972578705,-0.090490765284281779,-1.3457068993221126
55.172154542289519,1.7207314896364025,1.4163142875910619
56.471284617245011,-0.4204319034181726,1.2164150887948313
54.906831800636454,-0.044770659964630706,1.3558988009573301
55.50450634582738,-0.15886078557340805,-1.3417535258015472
55.096026666783182,0.94133999913405852,-0.79867360243386698
55.255863150081282,1.5765005939154642,-0.05781764016668
55.969559715313437,0.39558678070710418,1.526203713446608
56.688401803696692,-1.1074163600049296,0.77752198988884824
55.347608033077677,-0.99607973550178419,-0.65566796953805895
55.572852724737096,-0.63536221278698124,-0.69211621005148694
56.149901204422676,0.29338032299885369,-0.89494474077811148
55.59511727341615,-0.71818542051412271,-1.2987336511102483
55.324560737887602,-0.95971673116342127,1.1122329858386271
56.514597072676231,-0.72050494211587124,-1.3452783414407561
54.971215175965682,-0.67805041824230328,-1.0396782549635519
55.265903711833651,-1.4495836741916532,-0.19374171776412993
55.245773544823777,-1.3564275576195874,-0.092986664845450928
55.189801730017408,0.78447660636939964,-1.1244754514841422
56.073833953419822,-1.5657344011375982,-0.82237180738546789
55.753815242095605,1.0237476112398227,1.2984174845534124
54.849173290880692,0.2435341549105472,-1.3000447008479157
56.000208701788992,1.4227385148819036,-0.58983394998824867
54.887126241832128,1.0963495824819711,-1.2628456316724421
55.207918694778826,1.0391333514493666,-0.85357924011642849
54.751670425334986,-1.012574826295036,-0.88412017993632064
55.395513244684878,-1.5614742955601861,0.32992083563247437
55.392959616322713,0.97121387749737242,-1.0674683100290889
55.549018893649432,0.9241748430251232,-0.83817117815690734
55.294385563166017,-0.64721902149337596,-1.3698084164779303
56.176015721247438,0.75389399750487218,1.3428282618137197
55.552917158820492,1.4225254360870614,0.57318666978706356
55.44537536780151,1.4571371364399865,0.013957153854269565
55.284234475565903,-1.7297553293978258,0.48550526475011585
55.294363355059787,0.12326604773880098,-1.0573876318769866
55.896173675017458,1.4795209479318341,-0.20349074051775179
56.51232502477901,1.0266893557610499,0.4616825994025166
55.087636659335665,-0.40263704473589651,1.4957227490965044
55.246337312655982,0.93829795616311584,-1.1588591602472
56.544533558707649,0.13684859199197907,1.3051144530174545
54.817146506360494,-1.3432310612368303,0.064944484444995274
56.432371684043105,-1.5539099054362486,-0.57466001683466961
55.317309374518231,1.7266053311230589,0.44181587009164774
54.847780479672885,1.3637534778712146,-0.55198396302811559
54.862790981124498,-0.95799198924187612,1.2673353022252349
54.689382074876455,-0.20072381406845377,1.562478996409326
56.290777961571713,-1.1359735925887235,1.0349802102917762
56.045579959340934,1.0173630249525645,0.82802753772314019
56.581245444215369,1.2587740560784861,0.44975358274020144
56.395516304754679,-0.75331218576079562,-1.3872654279050745
55.597495889033354,1.2373645240062758,-1.1711531833470612
55.2222687419059,0.97346809330363737,0.98112598049205679
55.241618927138326,0.26896670267406431,-1.4728675793053121
55.799176573629474,1.2418775346017179,-0.80034614266466364
56.618843143440962,0.92671674426773265,-0.67623059934054686
56.357046747071387,1.7027179530769472,-0.47210270064025756
56.601759360818363,0.58581188505603787,-1.4987148307809004
55.444472645871954,-0.9485942148748292,-1.4125188686255621
55.20338852063216,1.1444642007277859,-0.23818887367151451
55.97432882843767,-1.1935734814996184,0.82651838740421879
56.350950116014509,1.3783374362153096,0.41855066804775909
56.298728874438119,-1.1533676882087807,1.1715865805948111
56.348629292963786,1.6810374962438992,-0.11344784224817582
56.799037267442749,-1.2122365336166083,-0.66619970604450085
55.792332960460051,1.4827033345628868,-0.23134290258954088
55.612549916985458,-0.72678009140602762,-1.2424518069383086
55.308193051526089,1.2183846679502406,-2.1021358701982469
55.698886025664372,-1.077847489730279,0.72689807484644642
56.517715812598617,-0.98225134465597175,-0.88622311369429652
54.956637298386603,-0.76068528324578,1.3126414450249433
56.117211607955092,-0.45502469532807821,1.2402934036057156
55.569071941856969,0.23296974747322144,-1.3062538151150909
55.183622753458287,0.68015104990044695,-1.3632281158671677
54.748805271249481,-1.7519008869832693,0.034704619793955643
56.237143718663354,0.76181555531819434,1.2764771869859637
55.281262539697465,-0.86302891443624496,1.0467134092172052
55.064541913873711,-0.17173275874782315,1.1542485007804062
55.963163566844578,-1.1876041112380322,-0.31976855796746972
55.342292049044232,1.0186645805224035,1.1329553779755372
56.116224708232892,-0.59897405764454947,0.99264852181868324
55.245755589417001,-0.60294973911584804,-1.0994994014746702
56.338083632426226,1.0906408241496659,0.65162607109695236
55.861915081011404,-0.78152395597828017,1.0702600953412187
56.54379863546869,-0.47800253531629094,1.3189058032167396
56.035422409632368,1.260283850275062,-0.99665748891013151
56.327006551829427,0.67408820289707183,-1.6160672071851065
56.825210612620907,-1.3209729793098188,-0.33634162112126115
54.947057308348249,-0.60672412502270345,-1.1405581617630296
54.880089421799667,1.0797758953664698,-0.83326558174123899
55.348823369948491,0.56221798375773335,1.2122949893128958
54.981377594531651,-0.48546478997996712,1.2456864624894763
56.697575291342282,0.15106812468114494,-1.1218984741955629
55.50257405960663,1.267985288518811,0.62727791751810469
55.022602326941161,0.94685611330983577,1.0587832363131067
55.003933368903688,0.88116860540888398,-0.85937945848768993
56.088995799935446,1.297929379182728,0.34633872355342388
56.370936561599422,-0.61709228865832788,1.4172198524689938
55.153720584875337,0.55690609340653208,-1.3876644939081133
55.913652871533174,2.1872999237538222,-0.92990421163528258
56.177916544191405,1.4047737102471005,-0.3440487228341218
55.422859827131902,1.7293439697181185,0.055548455551784726
55.016905140970273,1.3269339485367735,-0.7999408183007124
56.454970549353291,1.0005479967146782,-1.0464783939296209
54.83546266811414,-0.81453730936031332,1.2072710438673571
56.625815336419656,1.2456153786163948,-0.43944825558521683
56.84798655695927,-0.14398131500927094,-1.4202704812256497
54.979054536499369,-0.17325309946501188,1.269061565723566
56.246952567091093,-0.39251043659815427,1.9964055675005523
56.134969279376342,1.3138033437396446,-0.36084034722529623
56.007209170179117,-0.028707750156665629,-1.2667022619453974
56.755360167125666,-0.78477734929702991,-1.2590337847210373
55.241589693873649,-1.7407837628318017,-0.45679790911218643
56.260874078429886,0.46148345199308793,-1.0253788456549382
55.424774388909519,0.9625813023093881,-1.261422211031451
56.130233653059825,-1.1445421596506768,-1.0873905878029442
55.605059777445881,0.49003335363477568,1.2058032743746863
56.592963461884985,-1.156286832101189,-0.59947553303746537
56.012921610257159,1.1959461309814017,1.6912550749283117
55.309769613618776,1.1893369153568891,0.80800848397688496
55.092613338909075,-0.35540922585269419,-1.3241371093799259
56.382442256455626,-1.5135631299289485,0.14028259578186703
55.955541254555406,1.0960676938468414,0.9025012037933754
55.744327577442419,1.563152389880601,-0.76028529870530637
55.408163263666665,0.49585519185030075,-1.3414291989106881
56.130862452707206,-1.3525799247312988,0.7806103099070828
55.298308091029845,1.1618855718642702,-1.682820257088298
55.118472700223869,-0.39218392486742715,1.4455112210207786
56.845640387568913,1.2221306400375784,0.56778739483906837
55.722959158333531,1.1791765669797707,0.7133851163105579
55.641493718463636,-1.6526930584416848,-0.0065972046735207649
55.861159377856772,-0.88897112687039592,0.72126139352290553
54.958758280398399,-0.043995091657491409,2.2054263809899912
56.192895596974509,-1.0151230731935643,-1.1480946255444264
54.783852571787989,1.0538093796110115,-0.30702637461291593
54.836338463468493,0.82653944278718028,-1.0795662098496963
56.449798474535392,0.55905693662971334,-1.137127872154454
56.210512749949267,-0.7757583038533481,-1.1854850853781322
56.141037344078846,-0.20196300363257183,1.3910700229208972
55.777795827955302,-1.3429411091147048,0.33572530766935021
55.161644830964491,1.3018767087153873,-0.2632856029757672
55.634217663717322,0.27401288536755924,-1.0690479893961788
56.853327742165838,0.49746085625778413,-1.1392974904036099
55.334408257019248,2.0027917095177825,-0.17229511153352436
56.582239426183484,-0.47687613197883749,-1.4403272636511868
55.84473498579765,1.5113215230662265,0.58674124210109524
55.6160299545041,0.53826537260103979,1.1535351268980678
54.900812999604348,-0.20598415836503495,-1.7130682365910181
55.795688467923902,-1.3195156651563427,0.44617718252730548
54.887371901899705,-1.2195850851989825,0.57624876290316707
55.302735536115406,0.42581538852535727,-0.94370108689113874
55.961539315854196,-1.0591707893570228,1.4790239520981634
55.691988251848137,1.3685307938949292,0.75054083375866854
55.720675985282767,-0.41270834815735652,1.8248399334064092
56.408215411732122,1.1995627921279128,1.0132277925606907
55.446288167783798,-0.72309985880042138,1.2183439047264388
56.865665846952055,-1.3443749548403179,-0.94865484761266405
56.165144003590456,-0.49703234025556098,1.1478123960114102
56.273609241329481,0.648859607044595,-1.2364590384298479
55.877922164983957,-0.05938387076225695,-1.5629506136200866
55.675372180897043,0.90032875093610287,-1.267880562077665
56.082746550618779,-1.2245802335467455,-1.0328551757968989
56.401589830045872,0.92385112492365262,1.0497561946542704
55.776363755320872,-1.1629909960890594,0.86825449568257196
55.539713443049536,0.0096581391398988491,1.3293651144960454
55.567372220341724,-1.6038280052847369,-0.7850592739715716
56.559077549650958,1.6070107668422793,-0.37010855044424162
55.475047002599588,-1.5397166366343156,0.32030647747461238
55.627470541313443,1.5108408665163977,-0.51132261799870193
55.122156431581708,-0.69172678467359339,-1.0956415224494049
55.880045948956848,-1.1245969078802609,-0.29202301463201275
55.933743466523609,0.2008908714487557,-1.4650032332767313
55.336062722735782,-1.2754724143312088,-0.53905530162171178
55.211246207202556,-1.4583068536164929,0.57282748112839732
55.149339869953039,-1.1712805461537064,-1.1720522133260989
55.636541249905143,0.63308324704387908,-1.0335696302283703
56.549402532446258,1.3579399789988844,-0.66671943748321005
56.183308113854352,1.1134972386878783,0.3324492435619319
55.850994815565997,0.98787770534537955,1.6802291167382939
56.244662887656673,0.73130617024184752,-1.1600575858785447
55.882888060839221,0.99071503229552604,-0.31908254127669655
55.807905613689485,-0.65873860040559795,1.405115051957035
54.911831381561164,-0.067836330374807852,1.4065022998458976
56.816918829885054,1.5282156658922335,0.2644873631938871
56.349937582975279,-0.45864647304388512,-1.211728655225784
56.512352087603226,0.50021628298271414,-1.3101795277621611
55.524559773203592,1.3556136595084349,-0.23376344518848624
55.642427161760743,-0.31704582856238889,1.6002842752511623
55.915886945390533,1.1333538793988933,1.1539442619121332
55.636046036062091,-1.1958018935906904,0.60474243005028439
56.457646860764392,-1.2125200303300272,0.15846266310712609
56.367255604471296,1.179160478629703,-0.86069265137014617
56.26910165367353,0.31059192745450342,-1.1296316184158901
55.933730541289187,-0.97409206212491439,0.73022863122619897
56.12198754323822,-0.79005138367974503,1.1650754380398052
54.958738385583096,0.38963450878076289,-1.5267790741288481
55.103031471286727,-1.3392390713148485,0.66731172623141244
56.704623284505359,1.083270397985169,-0.60495498633494649
55.798842720214317,0.86633745734384837,-1.381836997202202
55.816565416911054,0.069640231772142625,-1.1277218382782359
54.92794870670464,1.0408601830481343,0.85272936512654829
56.514000532428824,-1.2958852931538365,-0.58507125105559865
56.613338059065576,-1.2016890997051419,0.4898950972167383
54.861275272013643,0.18174485520848355,1.2148920106473156
56.718446131068518,-0.03095384079039511,-1.1411669764148615
56.222041332175948,-1.6102302854700918,-0.16969081355998913
56.582778042511322,0.95623086597194606,1.4255768428020061
55.483706415581153,1.3818411278079692,0.46442601802645911
55.390945462348633,-1.1005232595276651,-0.82572733948060595
55.747465750881808,1.4915292103330922,-0.085491797033615619
56.128603560102519,-1.3077174388102824,1.1421505089485575
56.506310544862288,-1.1731381817165243,-0.56092135066536175
56.494391748999703,1.3646246016085297,-0.013411278524829619
55.009853630327129,-0.71646630910100262,0.57106210530187473
55.000974261601286,1.0611977325293005,-1.2763004202478923
54.901037387958745,0.89183391061551254,-0.74294878545566689
54.946133126624972,-1.3387045870650265,-0.057524091023366156
55.494245390661675,-1.3651760557353954,-0.68780125723254026
55.586388295617304,-0.26395507214341224,1.0722669125852158
54.953525933102149,0.82358058576748838,1.1095377101600257
56.015091589199173,1.4198645372801642,-0.51160018054713396
56.828212822368144,0.22824808241838221,1.3871350562133606
56.216729253006022,0.42121008790606157,-1.2336947774954725
55.990605047550581,0.71107392177152107,1.2701756599941738
55.811734660757928,1.7509386223893109,0.28151604758769205
55.672145120108276,0.39127146551929609,1.1505309164226958
55.950325012380198,0.32008936165495006,1.242640421521451
55.918760967057608,0.71229731091202009,1.3541852846534654
56.662140566857794,0.064509278622169083,-1.4131705392619498
55.839337889671654,0.85313460691915632,-0.55550655836557961
56.668592083864631,0.27660558083600745,1.6682454453927842
55.475266444544545,0.19233635912872879,1.4223183762151763
55.565881437489843,0.28916995279359137,1.3797458655331953
55.470179131102867,-1.523829330137596,1.2292229875189395
55.805850206608987,1.7616569131396085,-0.18824049465909196
56.177702181573906,-0.42554671221185231,-1.2849595561173432
54.997811615156991,0.57476874385529964,-1.4824364079293746
56.642485253738542,-0.26917014609441581,-1.4424918955950463
56.036836272914655,-1.3200915812066645,0.76755177681227138
55.414943684073137,0.31360034305252815,1.4211202085126908
56.04942247087083,-1.1349773825940683,-0.90974867724314556
55.278961651060399,0.2027890579999595,-1.2735213569340273
55.91156328693485,-0.66214590840686804,-1.1679131365678692
55.691828786287367,-0.61797518786242922,1.3110250038413664
55.747414731920735,-0.90701114568375618,0.26411816439841596
55.907593258330778,-0.010592838686555642,-1.4959353188553697
55.845477442723421,-0.54265366524807446,-1.3467487046077276
55.708168687961916,-0.76134791420461301,-1.2629763626840189
55.357322133976794,-0.56949648335704972,1.4029983397997268
55.452891289923194,1.5449612703792683,0.099775574475293352
56.675117070955203,-0.8957777881512734,2.22358955595978
55.849536012804236,0.57023643523141387,1.6006182039377319
56.198614192514775,-1.489644502343902,-0.42016055443756006
56.499383728238229,1.4710373856586572,-0.29311596201374523
54.794563684563876,-1.325617747895258,-0.21239221432417849
56.569338653891158,0.37509584300820403,-1.6843035452223345
55.881908676280112,1.0757831947171355,-0.79728216938519458
55.477629339658911,-0.57072264972633002,1.1795059361481861
55.92549483653967,-1.0919612424682945,1.0044502331434202
56.470049407840108,1.0066313216775389,0.90661531101942905
55.800217590656985,0.27566064080877145,1.2159773700283774
55.44699960426783,-1.3081483494110262,0.80715296119914037
54.939484245685911,-1.921156529546449,-0.46297210071607869
56.410464798551182,-1.638484785535413,-0.089088068606633819
55.922482891177275,-0.10987466207981519,1.4817154434410973
55.332981810830482,1.1328578440288188,0.73141190949669233
55.07119738108252,-1.0823611209152686,1.2794705992796973
55.9731625946118,-1.1529802942040732,-0.0076421627971136347
55.455767495048804,1.3012258062833624,1.0414613675970805
55.814217094573046,-0.81304053873625803,-0.92816809705377223
55.125269026708693,-1.4284854444039443,-0.27764918273491773
55.41879293612174,-1.421886751491501,-0.14069578778920952
55.754881553273137,-0.090827944338350286,-1.3109210009757373
55.441386925940208,-1.6203697996798483,-0.70312312503265639
55.281697003851434,-0.6335971187884174,1.0636928474782961
55.254370009532408,1.4245491091959039,0.041420745817438216
55.694913796347983,0.88782958056697503,-1.017759897197327
56.762080628697788,0.96764278547360594,-1.2975654803713752
56.149001802892656,-1.4687429807913084,-0.68480029712891854
55.169300573440132,-0.53531725496340221,-1.5083771035317426
56.174120053774658,-0.58540090825280444,-1.1110147614257249
55.333945434960867,0.066072553607746928,1.4890529926887415
56.374126443954481,1.5720042114473725,-0.63429439037037028
56.246280263062772,0.78926425625555108,-0.98386806646789926
56.469763774780837,-0.74735252692338094,1.1968216938892273
55.982189444308496,0.028579635447971697,1.4501523265065852
55.437313372721,1.536981879754582,0.033479054141439556
55.458533189180088,-0.73713265181450049,0.83599070217978932
55.927254082349961,0.53130545462155987,1.3601842326032649
55.174263661142497,-1.4774840919714418,0.38870720710290213
56.538075858027455,-0.74053437433023594,1.045580863496731
56.156693535552513,-1.4962419704340755,-0.27447940778687491
56.426115879537136,-0.036970191088357543,-1.1969030091216792
55.648425312240761,-0.73994419476943663,-1.4066438160596901
56.054787682434458,-1.3662985971925048,0.033678651539114132
55.456641976666624,-1.0405633712167635,0.7332662128407651
56.41532912759714,-0.87025103768267953,-1.0631967167998702
56.624596857844487,0.25835838503627501,1.3676151140711199
55.421926314864308,0.82787511411013581,-1.4822396788315089
55.319081549902762,0.3613507709248881,1.2840676952769108
55.239751255923863,0.18967807667368813,1.3488476027507119
56.617822632748421,-0.041276504988465794,-1.3190540584858306
55.164043863362458,1.1021442577851144,-1.3211609665779258
56.410383154106775,0.81539827757925909,-1.2786742647007598
55.33498003773046,1.4437173637544096,-0.73942844061237623
56.133887484758418,0.1721081073726676,-1.3452459838025668
55.060914525433468,-0.079299011210415798,1.1973664605197356
55.715903169586468,-0.4666815863593074,1.4272353410758465
55.894464394792777,0.86069918332796647,-1.0873734742412946
55.643467952365121,0.53548752763454621,-0.46900162798034489
56.748099598746791,-1.0126570281106146,-1.1649869812700397
56.317401607369916,1.4108850898385716,0.45688150006991807
55.50685661106845,0.2640020322687367,-1.7383750094428514
55.887660160353619,-1.1130190825485602,-1.0607873971270181
55.828400796400722,1.2687877968338965,0.54658578018298143
56.121376102898161,0.85097636192843285,0.81324884622883842
55.03711308609698,-0.88243972852500374,1.4059734454047859
56.813385481422735,-1.1135749313164249,1.2744892432379857
55.087288541147231,-1.0150766463655638,-1.2350394727593426
56.176760499511083,-1.1525616145635655,-0.99228050186065242
56.018440634655619,1.5481385724964103,0.62509992489032118
55.882784512629883,1.3055304900352767,0.97156537199868609
56.594310606189062,1.2328115117838585,-0.88089695533234402
55.582472774913683,-0.69193560063389636,1.2082919484892978
56.579693792587683,-1.008451504597113,1.0353040180924438
55.028847942818103,-0.5968475528914936,0.94092300843644472
56.334263396617317,0.55670239405987076,-1.3891072333680961
55.323850231005217,0.093881679330595949,1.2408092828868185
55.558221069905876,-1.0447191099667825,0.75741602326945923
55.675560716925887,-1.8723913797501284,0.73622470442999532
55.676270807601284,0.078960348896073937,1.2727960583800813
56.056071251346644,-1.2208894013625067,1.0488452745170675
55.404211566287927,-0.72627576596529508,-1.047259456930179
56.650310247571163,-0.99543921960405213,1.4588171002354466
56.658651937466431,-1.5425573760122719,0.14642071830575454
55.495057151790419,-0.090185530104434669,1.3922121576046884
56.737434035674653,-1.0512398453969771,0.59097510549296484
55.357751476971146,-1.2321697300608199,-0.32796121325191663
55.876728022069209,-1.1723938226987864,-0.72278298099125027
55.630577583000807,-0.89367989223276556,-0.87599827449735712
55.539839327769251,-1.5079449017616728,0.030254420338957901
56.004578257245775,0.47165401942547686,-1.1694680071796324
55.980842429378789,0.92736194238094016,-0.33009199492464703
55.439612687785058,-0.011431985379557681,-1.3538572020214836
55.544407562610182,-1.0832341989589147,1.1547506969430239
54.971724068086814,0.10957719699612102,-1.5518918746681492
54.853430602211503,-1.1540618458084981,0.91242275298705844
55.214120070844551,-1.3147582757732685,1.0271730484991868
56.568683368152861,-0.41990804334459542,1.043777650917314
56.458384851120407,0.35342089299006746,-1.2269232671160926
55.023346006093178,0.23799800302213589,-1.2313959393109124
56.217348327627121,-0.63633688049532811,1.4655237590214409
55.802764961417772,1.2984737678724076,0.68996987187631753
55.573249218567469,-0.61870093924614922,-1.3510685298698235
55.747203311968725,0.9413459175471891,-1.1303706732922834
56.464046570685099,1.589117997774256,-0.35997132621297395
54.955989417033926,0.58361160279146607,-1.4982295627638627
56.493866314459552,1.5156787398716547,0.62535570174117228
55.489159528888457,-0.72752464621929724,-1.135683517592351
55.402282165057997,-0.081790792885778049,-1.7102820161709167
54.862963820812872,1.2657948960341587,-0.28453611803611439
56.069035170100932,0.072584031770040136,-1.5725740183790593
56.015136027343267,1.4143299196984822,-0.042731923460036292
55.196336828910674,-1.4401476191561933,-0.021680773434806996
56.704617254462782,-0.81842128854299268,1.0246440193637685
55.271824582152668,-0.95617183433341324,-1.1207606677116453
56.254316870561404,-0.30570594465989925,1.2959639543284633
55.537686762602753,1.244425106538195,-0.3960243813877693
55.869920611523007,-0.67135714720237738,-1.3703595296486275
55.54805260942797,-1.3251017648127561,1.1031874012700718
56.229058148038902,-0.84787906182604211,1.1251557630749414
55.030099514180279,1.4291145334320297,-0.71417594434393827
55.767690004284105,0.44823463489026333,-1.3586286108085621
56.573058687393861,-0.50443695942448352,-1.4928679750925418
55.595808703952521,-0.55821588768245489,1.3318919704408523
55.314063133551429,1.1174124838618544,-1.0219530846185987
56.01717684530162,-1.1043241820735552,-0.78450237969765135
54.63296370312603,1.2812707350281134,0.69477036947114024
56.516884436918588,-1.1752135619763828,0.8633368009602066
55.695778624521083,-1.4813531960941984,0.77128045443750715
55.076131536276733,-1.5748497934559693,0.46543142201547494
54.87276777707136,-1.0124245694614624,0.90649467094978065
55.199357730983117,0.13514896900373993,1.5846671383780075
56.707688257301406,0.97805194106582449,0.33947278638178546
56.051841949558977,-0.22699058103427497,-1.6544728121018919
56.513257684486732,-1.1641566920585014,0.78409650718800161
55.929785983235263,1.3860328682306016,0.25780424271987135
55.950052695558533,0.72671087311454019,-1.4030851553264212
55.578077059016103,-1.1064314760238709,-0.88922354097164114
55.604907467431119,-1.6361210617271802,0.6030852573614417
56.353513558305117,-0.84818748162210755,1.146913507848506
56.544181267025081,1.2891794311233702,0.38154574234670346
54.894427675418484,1.4997518830308731,0.31514775188053168
55.878619382649141,0.52812288319993506,-1.3000588443184731
55.591244513112343,-1.4663065004015796,0.16255078047748986
56.193672337397018,-0.58353588032631165,0.88922299310591879
55.63380958365719,-0.99293630296420565,-0.75992718626993228
55.504059097604411,0.66768324595071982,1.2575580134923006
55.580667973902528,-1.2417934241891868,0.63084574848882191
56.3584097965091,1.2003927580622609,-0.64518360633170968
55.414882315755598,-0.082031494888142154,-1.7844175948474892
55.857453794889963,0.45800000973146321,-0.73850675703016866
56.651747136470462,1.3255873433559049,0.56261405711389367
56.155026567735895,-1.0451448011364806,0.84288409007613219
56.675523192129234,0.49332954844568033,1.218062288050628
56.744295623888533,1.1900913763835401,-0.42038259806239919
55.067182716195418,-0.99607054804292705,-0.65468601743670374
56.111405913964695,0.88446950440730621,1.001141803473196
55.515236863062135,-0.87689633704445535,1.1471330485162479
56.14826838363529,0.80190942430686951,-0.4057114190631213
55.122381896507989,-0.82438970838595205,-1.629511272854359
54.935452677581658,-0.061603139049026645,1.4107488586031043
55.5418861345888,-1.4437269733830196,1.0459376365969917
55.994579322251347,-1.0085257807998826,1.2712906496292617
55.721910778023776,-0.79058871609548598,-1.0892286764140298
55.063836533521481,0.47322732395479084,1.2537524761826728
56.734718911399206,-0.49007380070085882,-0.82985439044156195
54.844803951191054,-1.1197316210930139,0.20968722996355765
56.326148165345181,0.0084681389676223798,1.3577918540266547
55.821002148692365,-0.45827626095948298,-1.4802895339835225
55.542418129056571,-1.0976973189963386,-0.99425122117841958
56.553667938494179,-0.45859760892011953,-1.3543707659111084
55.086390611338722,-1.5802749277933514,-0.3360596679747142
56.371661537111628,-0.30390241621684522,-1.4352224577332438
55.6336838803904,-1.4979469336096147,-0.39710475115560834
55.873759692044729,-1.4312020898649491,0.34091255866841835
55.06273303730211,1.2846951922796837,-0.58652966601693335
55.816521257200719,0.050374638563000534,-1.3114464229267335
56.602489661671839,-0.63553824564461325,1.4381230510498679
55.008845668806586,0.30172223824898303,-1.2032728270594213
55.521682752535284,-0.3959527215862863,-1.4131910720972165
55.488262623848193,1.5701093846378458,0.89369554327284606
55.195581221348611,0.4925238390002537,-0.85235012199271931
55.819842121003674,0.89589755759176959,0.89383405317627818
56.229109715877975,0.6211815232781237,-1.1319593294432102
56.402438550139792,1.6633100588216596,0.60841372653469417
55.633393131633198,-0.4432445423143162,1.3689626032479638
55.480354977299136,-1.0273569279611976,-1.3054903759521896
55.646675573724636,-0.85958687039488813,1.0683420927719216
55.941812957262144,1.2569978532255861,0.5987485535688758
56.517291746966386,-0.2506817301636492,-1.2894658886558554
55.500873422558918,0.96950005453273624,-0.78106365127291366
56.711931778940652,-0.78392032483025365,0.98218998530176749
55.013367557870573,1.0092273036913526,0.96878455024734156
56.511005122837268,-1.3410662529186177,0.54824375692144989
56.604784118596697,1.3257840942024683,-0.6771594964851958
56.072540573723643,-0.7686606203928974,-1.0406840496536851
55.14604449338453,0.80311153525641299,1.2401424651056143
56.128351045174199,-1.0322868942179073,-1.1859522043696187
55.197797275632972,1.3081686347152572,-0.2662276439868233
54.810928456186616,0.09392806497258234,1.4312582381891006
56.290222031975667,1.2037677630888961,0.97705724258127602
55.992847675921674,-1.4301449795493086,0.54047784800407594
55.096125537569307,1.0788020679672805,-0.92637396479373291
56.613775295350969,0.32258136601719467,1.2640375280659395
56.425390619008532,-1.4011310783481938,-0.34547186257779239
55.127436667969157,1.3185221455184193,-0.048915349579023812
55.461305188189321,-0.2091762377129282,-1.2693039908385944
55.062246399704804,1.0860576864736899,-0.75919976920086274
56.432491788879084,1.2423930114764206,-0.61293447110423349
56.359437905560995,1.1096969091122111,0.71924148977700231
55.09455157525602,0.51059726640543124,1.2465003548609652
56.294681416687816,1.120955628309994,-0.98305270382137078
56.771048178988181,0.886917036591647,0.98358632253905975
56.544715837753543,-0.78856188613695244,1.1316393990700746
54.978190681536702,-1.0254633025144853,-0.83533655122767447
54.967564122831547,0.80988341297139632,0.38406371745076989
55.163761338218229,0.79131173616338724,-0.97180961367134377
55.846236067601815,1.0156950149527506,-0.9589957578421836
55.44998769534007,-0.042572028822533796,1.4221034908886512
56.031948540068228,0.79899736430274637,-0.79148640350999189
56.595414847056624,0.61696365253425789,-1.1508667092169798
56.578192940434477,-1.209893959613932,0.35089872037895486
55.798251152106289,-1.4423293824305947,-0.17137268883748388
56.410527892057111,0.41660318111620498,1.1000497179776874
56.541077282046146,-1.3879814531153076,-0.57783337147123992
54.938599880698369,1.5810028304001926,0.069243902953634653
56.674667234589172,-0.6602013063877672,-1.1586017623906437
56.58793654215593,-1.7455492339723211,0.51820719625512368
54.977162522665459,-1.3139072431325625,-0.70179809707485075
55.139002205369195,-1.2394357068527042,1.1387894207486111
55.87856267489046,-1.5660227475181008,0.53900302526542465
56.330767781880986,1.3802177048901225,-0.033917749743025638
56.659004665494862,-0.10603505391921852,1.4331738876087381
55.629726947589099,0.73395773108049134,-1.1001050800724637
55.385056369414023,-0.35839960812960764,1.3464733403550126
55.948897153648062,0.46360316817839242,-1.2102034561055099
55.569497105073737,-0.98684366266135348,-1.0138616271051666
56.273774315044044,-0.95140263674674219,1.178314682627976
56.626894222266166,0.96482535826787941,0.58640004680007896
56.546435537067012,1.0232438861066595,-0.9501745830977647
56.142681121980239,-0.50849811896743946,1.2982233584388918
56.232029470084726,-1.1001794756946517,1.3019300732413772
56.287704502817952,-0.88952578434477014,-1.0624864052679694
55.019732014988769,-1.6154818324723006,0.37920831024906304
55.760892346872211,-1.3463663843600493,-0.83376930372924718
54.99610839534737,-1.0535142166094826,0.79337487222026026
56.669477867017349,0.60742336191392432,-1.0272628965691222
55.872436868563057,-1.1616781209803277,0.99143088447523153
55.664919942464529,0.46765945565773948,1.2718173827415606
56.849416866681722,0.35554020988828883,-1.0992368794898268
54.701666323733377,0.98113521931977232,-0.58651345749521167
56.034253737662425,-1.3365523051756121,0.2558018178645825
55.193078030217563,-1.3957444754561847,-0.47573624194313469
56.211340657045845,-0.06128851878604951,1.5437124483028593
55.753775800231651,1.648490365163249,-0.1588518493912566
55.652687000774407,-1.3467019362805281,-0.72664963547258687
55.167810571675673,-1.2937277437142027,-0.8441188289980246
55.200736564894981,-1.3183444686174803,-0.19322207612062908
54.986176421177809,-1.2887462182718821,-0.72584753644836331
55.339854887695161,0.63594893523221119,-1.0009056581270657
55.065476516303804,-1.4816084955920807,-0.91833822614597393
55.915226734972705,-1.2233201237107676,0.95598180407240996
56.28934402039652,-1.148131592858026,-0.77604940120466048
56.58574937998381,-1.3695653889965758,-0.23222606260187423
56.64064068571215,-1.2358251344116389,-0.61383174903255033
55.313728788656128,0.56212718097033387,1.3055540373378218
56.661010467596959,-1.718039561459751,-0.93739460944673292
55.223255893688766,1.2901797497976195,-0.21221895001697716
55.200566356975251,-0.52789859109062554,-1.2333411953138087
56.557292450913714,-1.3539532259050022,-0.2498430129652516
56.158103384862571,0.27323236161735126,1.2956668043503021
54.868096903178269,0.037683966978898684,-1.5771663354185157
55.031788423683643,1.5571391370978589,-0.043839776454400695
55.150147201778061,-0.09492183741477403,1.3201045805777663
55.66356313356571,1.2497401867148543,-0.87820172797917817
55.276131872090801,1.1881170227393405,-0.15406806797792477
56.047797685250686,-0.64775266921832042,0.86551913446556017
56.161696702291046,1.102143833211205,-0.55471779131679966
55.312163074921159,1.4250878240020275,-0.01449066990944857
56.403020755146507,0.52657711466721091,1.0905924730725622
55.531429406919258,1.4350982528990259,-0.038677476093382901
55.492107470004591,0.54794061911184322,-1.5696613806459043
55.363377780005301,-0.67859405369235204,1.2046682807712177
54.978178498311443,1.2037741571233762,-1.0431501846542137
56.082323147619114,-0.69564663348752032,1.4736497140729861
56.506907490740467,0.69876656176593732,-1.487074361450649
56.808221724254309,-0.87346454634136272,-1.131871496010129
55.101103439279036,-0.30152068054835945,0.99731147092020789
55.909618501981782,0.75176505561163631,1.2241445729492431
55.532718784105278,-0.19796987491489484,1.2557856493034865
54.890307273740163,-0.037239202055927755,1.8108883029083982
55.589242264700729,-1.1068227323027091,1.0407424756551125
55.425722387706237,0.18644210808775505,1.1570921876970635
55.992169819807117,0.78395955547669605,-1.0752942213407057
55.53272513831547,0.16851504226893116,1.5856878802747261
55.01548108806049,0.32252940303502814,1.1134449743507393
56.328748179988729,-1.132541958024323,0.39917406344745493
55.22082227709668,1.8351249826670051,-0.75896279357342511
56.070085958287876,0.12452944652653114,1.3418539948074446
55.501302490665864,-0.6072290670360857,-1.0766874912689259
55.071047707864025,-0.72797311913140572,1.176439195482359
55.328025796311721,0.20389589523835555,-1.3867474094953507
55.044401354801799,1.0093050008544682,-0.96847424578368013
56.216057234629886,1.2898585189875773,0.65234363839000442
55.897353981761206,1.4137064119694283,-0.29713780708848586
54.903554592280081,0.78969463058726197,1.2851219724137906
55.717034500176382,-0.91152812004999362,-1.0543214869904787
56.363377848585024,-1.2353055629574636,1.0601362558326484
56.798672932717821,-1.1167772351577308,0.70971547496032683
56.509812656830015,1.2127757518249156,0.57164341058732582
55.166612537305276,-1.1357852034798657,-1.1087015497463415
55.483835495880456,1.3220544507386705,0.38144846000016802
55.752334643365664,-0.34611013101043409,-1.5188164673339668
55.200451081996697,-0.18843214779585413,-1.4053787606959365
56.40478624797246,0.19563304979414256,-1.1675806355688116
56.168964543586242,-1.5571537826279227,-0.0015357934097297325
56.358994642459642,-1.4268505906762226,0.31200758290790714
56.133831008771544,0.32506111736707222,1.3229545536349052
55.652922895431622,-1.4159494586693562,0.4133401885637159
55.769035207098682,-0.089885257082784692,-1.1642605425724817
55.744494055114167,1.5556724799981556,-0.12278272340927827
56.577709686467969,1.2933006918384888,0.033900027862909042
55.095418047107515,0.31774834484491027,1.166345964540934
55.113931558400864,-0.10630491120683275,-1.1867121802067107
56.453768605555354,-1.5906966479048543,0.21866262695555186
55.414221792409961,1.3547493193805482,-0.47933116951346572
54.965378590289482,1.0940626055931348,1.034187747018755
54.748409622040441,-1.1708410462274002,-1.2240625335228348
55.947838981559251,-0.52403003301323081,1.096431287216761
55.624527701555067,0.87120733685799134,1.2415210937990964
56.793226804229946,-1.2378194273554581,0.28061019830159478
55.144543686889151,-0.36225457313945125,1.486796224369056
55.747681529154022,0.14622378128915856,1.2446998128882014
56.301146495706767,0.79714076823801816,-1.303230744168117
55.625324745683756,0.95940416389367156,1.1247956911122223
55.372205892933067,-1.3721122213557699,0.42972237887304876
56.003607174496935,1.3993574235562147,0.60261680578245602
55.895239351430732,0.92823471622383447,1.0158941729074642
56.457311785537762,0.13013551683369748,1.2792547294859162
55.145185658383696,-1.308908400521587,-0.57190284757819465
54.771163829246312,1.0074397801950463,-1.0778822009041225
56.564660129606239,1.0190945209135254,0.49432487587498952
56.062497807085101,0.76435259428014224,1.0557256849780583
54.801151255744784,0.8635124047803604,1.2596477406751923
55.875246423057142,1.3507398046565471,-0.63510262145879626
56.169310526063406,-0.027215546294780263,1.1343778262727469
55.116055788265221,0.58153395184675427,-1.1931481647096593
56.041145705015893,-0.50034580900786096,-1.2970947551691494
55.36944938093221,0.74912042961115821,0.80829825586127357
56.718192350089787,-1.0790020238001485,0.88043746830447867
56.312856541991607,1.1893147636191399,-0.52361278393425104
55.538237578947104,-0.64790572393005108,1.0083660715369576
55.723019969156347,-1.2313185490956076,-0.82194723094648681
54.825077509252552,-0.10975322067736486,1.3841544896874252
56.423574848089963,-0.98217164782989463,0.93047152714865766
56.430666223703781,-1.2950368809846391,1.1476589865759541
54.942398013448518,1.4142780698807533,-0.20501965737967995
55.585481119568911,1.2668725859383514,0.47056207997781396
56.526029777660597,-1.0490453498728454,-1.1593732587008658
55.386238243529313,-1.1678641433497643,-0.85013367593025047
55.305066193326311,0.034504758612746732,1.4112018612581865
56.670209779488047,1.057478579287831,1.0304707242507778
55.12229533054569,0.77058664235269569,1.1732206927499891
55.416927287056758,-1.1118695866373307,-0.20186096131209239
55.033104921074923,-0.28875599726520412,1.4599767442018863
56.437982198822532,0.9170284549167691,-0.89575766098191856
54.85565734545871,0.90161304356212635,-1.2557633107775621
56.55332268307108,-0.64826288535623522,-0.7905860047358495
55.489622812170239,-1.2026401172269436,0.0016550217923304239
55.805328916100464,1.4061003370848697,-0.6972840567355052
56.65547165851445,0.18753792465677305,-1.516499119314237
56.017344545857434,1.1269676662562489,1.1378893509440695
54.959022702703237,1.3630406102442776,-0.65715993265152706
55.121042507714854,0.085547997128718717,1.5512865208912341
55.288115647660447,-1.4421416825827735,-0.46433267513875953
55.100932806219383,-0.86901508162593244,-0.5630118543593472
55.745033597919608,1.5067593185719335,0.19613666277816794
55.722600606591676,1.6023054067022,-0.25560964706993422
56.471203040994652,0.8954771531063882,-1.2568814534596224
56.263063583295427,0.7027278974812049,0.9211838728305598
56.505627967112638,-0.88528451576341893,1.2007016657863436
55.604282037938781,-0.44074498853855021,-0.970200878893273
54.970710520019495,-1.1724092052392376,-0.92801631961391695
55.301861865804376,1.436555021045496,-0.67993433308211326
56.637672578040267,-0.62809878596070945,-1.1413697035922501
55.724262441121816,-1.4360256174166426,0.57304497684923439
55.641475322810741,-0.92595785676942011,-0.3663005605612506
56.474217159750857,1.1370730901891217,-0.77201850882625145
55.576599519037451,-0.89448412847233338,1.7514718674450942
56.73120201683269,0.48813974012152278,-1.4479227263027101
55.396995845177905,-1.3564910099459278,-0.39849225711241465
56.722629720963575,0.10021261837979439,-1.3999929297837925
55.856752550841087,-0.94636899638598204,-0.81628381546528439
55.957825842069433,0.50520810662951221,-1.1556972867703763
56.433690483587561,0.56014218912638447,1.3936626207526068
55.629984826797809,1.2686753966309308,0.34871728006745162
55.350091818705096,-0.23297980600439663,-1.3750636005425216
55.04904751410092,-0.4285791079903381,1.007679664620184
55.970050136959259,-0.71326363750260269,-1.1080800740291479
55.89477078948314,-1.2430769468596414,0.85213758440829412
55.284258094353952,-1.3588370418717717,-0.54979570330521554
55.678240541531892,-1.2467294798891235,0.26701894039172386
56.318094887761738,-1.1619054592876379,1.1098146425538045
55.574319117584558,-1.1399853717934061,-0.68539384215211485
55.010458235078993,0.92216263149501643,0.88164127982592033
56.205700229550722,0.4161672261526283,-1.0955131894119183
55.513097362399762,-0.76205926097678667,1.0335247212795444
55.186660773475815,-1.2213055512965334,0.52711369097454253
55.727306469077256,-0.038940570282713284,1.7431428343862609
54.959198941588198,1.0109237793199159,1.0710180137816168
54.991479778935364,-1.275288937191414,2.4403161638526036
55.385824895535542,1.2912195291241859,0.67338487567819638
55.591337796355475,0.026083580318879453,1.2813208406629586
55.36504569232067,-1.6118696771885013,0.4222083753021687
56.273780523555615,1.2690921462905715,-0.82260001439829034
55.0717130285759,1.3120130256529579,0.17213009002932969
55.067584926598471,-1.2804436431586228,0.56065691120071415
55.383803403199302,1.4741395209738075,0.051783097928604846
56.663475269688462,-0.81654920380321017,-1.3812707386410576
56.431439009185901,1.8900771136250687,-0.068971478529130187
55.115164434553904,-0.84840524698058883,1.2090349443751818
56.323465065525674,-1.3493843283951019,0.22497725192238471
55.604623298745999,-1.4542558110225963,0.70332874105320087
55.701558754705545,1.3601764878865064,-0.47576815221773505
56.570258313688747,-1.3616867371200576,0.3993695796163429
56.055884918435808,1.2838435395212839,0.67441297755625629
55.980635291325619,1.4511767015069461,-0.17769081576008181
55.055117255946378,1.1234941100446105,-0.57931072374992121
55.296328603925687,-1.2611680997261023,-1.1378581088531838
56.752457062240445,-0.6870858113455629,-1.0113022018569169
56.046158595719376,0.18050668915293291,1.432200259351172
56.053126261072066,-1.3995320055677194,-0.41556006589333194
56.234283640893082,-1.0456994986881183,1.0021930744330216
56.002836659432191,1.0891207512947823,0.44517377906222155
55.522465601034519,1.2905920335738601,0.11242066167105534
56.229246222678775,-0.59545245878465602,1.2847891318494529
56.38026988432587,-0.31586599963755585,1.0987183667208342
56.209878316237834,-0.61486135995849678,-0.29116256033725207
56.092538613884962,1.4273188924078912,-0.81792509410652059
56.207005467205811,-0.93133318077240368,-0.73981255895871423
54.930137725178021,-0.051347815631749096,1.1168325329263054
56.257939961367697,-0.71524546830196423,-0.98499410857782821
55.842089135978085,-0.19567497809701798,-1.8853079942966655
55.021618423067956,-0.30557049035532241,1.2356052861837958
54.956778625145972,-1.1368454855779024,0.47691967259529056
55.609496089320103,-0.94786618221010965,-1.3471694551847357
55.151909986883169,0.84545747042502817,1.4928396776879198
55.674288018356194,-0.51099918181566484,-1.6149681814817716
55.577849850010161,-0.11382344823496685,-1.5838699385904991
55.242881826893978,0.2186793302665935,-1.6261406104173735
55.682576419485606,-1.4850325058691016,0.58466683573375555
54.963971317842045,1.3372472194076634,-0.29894318347364074
55.086689632031458,0.35048657520199311,0.22895433034413828
55.061582001244325,1.0595982057215789,-0.33663611142478167
56.056838991772828,0.56118661556261973,1.4712965772828774
55.811355613573873,-1.5124045552232068,0.19409783018764989
55.381405390568567,-0.30193977365521346,1.4866923757838908
55.739502412964157,-1.6314090491263269,-0.058314810838242852
55.375817521146033,1.3033316633050753,-1.1378394436339401
55.789650003031042,-0.77348832159439374,0.85129900805409264
56.317677525314984,1.0373729854869231,0.95442020682744821
56.014115960179197,-1.238607349899761,0.57734807329624305
55.589768723586097,-0.54776638425923563,-1.2834667944495426
55.338178635336668,-1.1628965263732327,1.0757153341569472
55.813044756372513,-0.42609387781398922,1.0426242498787586
55.515640006483139,-4.8245909737530415,-0.14545271296015894
55.618969892122543,-1.3903331222202904,1.0806708865440151
55.062367208739246,-0.079834626438031145,1.8402889668177609
56.777621325575559,-1.3431092492449852,0.0077496563799537834
56.335661542896759,0.70613218551972201,1.0649127330390615
55.807843661816463,-0.32942464407258509,-1.5443321608578995
56.431309868496179,0.29505853927211356,-1.6662627640720544
55.607532366552945,-1.3702133474129397,0.28237131521630177
55.797757838887982,-0.29647228052549462,-1.5186736739049798
56.401751766781096,0.48177564562947972,0.97736259397485847
56.38822181786233,0.68187381661766477,-1.184522077372681
55.165106180810803,-0.423905153621357,1.1111881213612302
55.122106680982277,0.73289716634315749,-1.3211447904452407
56.633012259210176,0.14647581374391402,1.3046271300014811
56.231124454337277,1.2353781788886282,-0.86923931772418395
55.065965103664631,-0.048701141916930514,-1.3257528142718082
56.722681555459353,0.023756462065349534,1.3254419556502306
56.650476447912553,-0.83763506389335662,1.1990395378153849
56.396421790038701,0.12492206648704512,-1.3850643554610795
55.578197862228805,-0.83347864319372766,1.0047917818280743
55.736778843550915,1.3557759740611084,-0.66015769337284325
55.108898410084265,-1.1121665554868159,-0.38878991031046001
55.422874342777291,1.1360384846749914,-0.35439703301342251
55.638118077492088,0.30696304414679293,-1.5510204925876461
56.822597747071576,1.1279893797144189,-0.80373068128344916
54.97587717262649,-0.94130212834518734,-0.767687146147355
55.17084698645926,-1.2189048559766846,1.0878339893517042
56.654768016058838,-0.57439754235551888,-1.1866106226103401
56.542988722513314,-1.3784784283598519,-0.24232119476696684
55.62116819405118,-0.87114801520851204,-0.79095727280458228
55.769899886675397,-0.9713542208539695,1.2114270790736534
55.718157137060956,0.17601919959182832,-1.5314175224721003
56.411526917665476,-1.004255473636037,-0.94290785794972065
56.807200315365051,-1.3433476035059051,0.48476313408667654
55.184602122657353,-1.1194159422110126,-0.93188830423502678
55.002871209088603,0.83896057471142338,-1.4200972495040332
55.869405398799458,-0.85075611024823949,-0.59853051719244377
54.849924131931772,0.15719735696999232,-1.4630219352461658
55.040439561691016,1.5214926661680854,0.029617203174878304
55.869490351985235,-0.5431951952310442,-0.82719772564223926
55.221013330215527,1.3092933440502321,-0.21763006378989594
55.129862013515371,-1.6377120106136636,0.30338826967352212
55.555126552112768,1.0307582173271683,0.49711175392576096
55.713718019419659,-1.0827072880668109,-0.65845309645821326
56.608561492510979,0.22526029882136989,-1.1994680932207111
55.209261647978721,0.27539726968731193,1.2393108193086222
56.769480641302842,-1.2161096162185181,0.6013310233471979
55.819306433042442,0.62052692911060936,-1.2720379431174875
54.841520905011869,1.1232546027672041,0.95089433855161254
56.169080779597977,0.24083321518996897,-1.5127492443109802
55.899456610290734,-0.19630731996883299,1.5837407172825306
55.181512240542155,-0.55052270181215224,-0.83596573265029495
55.827534495452554,-0.45939333498385798,1.4117287668981808
56.405321607521948,-0.34195517210823689,-1.3262845840111286
55.552241050790599,-0.44101043870405016,-1.5606730120238377
55.41670791949015,0.54849990103392032,0.88695612559018577
55.262175495744351,-0.28722702429087299,-1.378726135928561
55.832300872996107,1.0862317093205709,-0.93226477271099917
56.284134398441914,0.81882061572472231,-1.3669527182269372
56.705705929105143,-0.96029991693709271,-0.91274925147649499
54.835609600357245,-1.6714026329061629,-0.6573702695122764
56.090697561844372,1.026100400914371,1.2250612769931597
56.453554797891933,-1.3262727708635846,-0.28995994666517433
55.940646028570214,-1.3886817226846448,-0.16783393337476293
56.119118827501524,1.1111490014636571,1.0887315329753315
56.069561405347791,-1.6497723363504242,0.37212988303995848
55.906876350648368,0.62086229429934725,-0.95869226634511839
55.629451447254333,0.2308046418678571,1.3867926573378671
56.296592332722561,0.098284215838882652,-1.4200499981311752
56.021219653116454,0.78670079646399893,1.2583176857358882
56.692306656324575,-0.71879335169960479,0.74179014527794052
54.912213167437912,0.34861480242029991,1.145524883387796
55.540101587348822,0.5238546587209657,1.2331651461211097
55.082105803956146,1.4802897239307715,-0.31787730002623271
55.789469423175142,1.2292998478540487,0.80689469438536698
55.823557710877076,1.0720673880174605,-0.51666824227556163
56.30680446560109,-1.3409901912223645,0.30993616570259624
55.30861778447364,1.5362725707104865,-0.38287220155631579
55.157859511465865,-1.3858785627525483,0.52164412828776319
56.391693524067641,-1.2572631351898094,0.96143522318455765
55.610505136080477,0.87326420993417919,1.185806502565717
56.162125684720749,-0.76085416131039452,-1.017531509161459
55.742905345348333,-1.2514715629130719,0.64243305330390466
55.197598432043819,0.62261803201703037,1.6289489340841539
55.993621745663518,0.83512784574463061,-1.0078267230752196
55.720813756040343,-1.611322670661077,-0.070349635812478703
55.866005886929678,1.2661669236379602,-1.0532653572149355
55.165460637215503,1.0711554949745699,-1.2967953931003788
56.417247191037234,-1.1661170293460705,0.7335521369739888
55.772421975234494,-0.6262686391780361,1.0653273676400481
56.554076222694988,0.017046374275169311,-1.5623948847396703
56.529063290444071,0.8757902161332678,-1.0544368295213276
55.875273816811983,-0.92243055264265861,0.52676654011867963
55.826084937291327,1.0457959959410237,1.1786564080696382
55.907474700618501,-1.0017655479631082,-1.163797708987037
56.717329849476528,-0.88686327653571029,-1.2008223579088761
56.300890916941732,-0.11826031774561163,-1.3520342135869734
56.400079744856335,1.1323218398801527,-0.50457298600743161
56.30509704100362,1.023625329390448,0.65642520022689721
55.905425379016023,-1.3973285776632614,0.21722510917306109
55.96297040692366,0.70205677552025159,1.3452897482094972
55.937296097165763,-0.37325201358854854,1.5922178833497502
56.223008429792891,-1.3408092992398069,0.40193618269611775
55.718608685716333,0.75671559004383426,-1.5454228819220042
55.56446701513952,1.2981653679276446,-0.53641772001472254
56.652176515846222,1.0232779588743761,0.96963465089376288
56.066683345393919,0.24667944483696375,1.2930047736468839
55.985777564196773,0.57312064992429446,1.4936038192120462
55.936024161201949,1.6042109497039307,0.82125961025825345
55.522821941135852,-1.4295734196572456,0.17908062820596066
56.832588352850415,-0.88830398832049617,-1.1696509356274691
55.058967753859697,-0.77233134808165316,-1.2342948817015196
55.487681756523862,0.36459927797015068,1.4013337725345465
55.434595640530048,-1.4284653356608443,-0.6650479274382467
55.257081762239395,-0.81895433851884325,-1.1725409049525688
55.406507277729048,0.56732927628474972,-1.3657916951022042
56.20625803622432,0.83105551040147418,-1.3718103559393828
56.825705598058612,-1.523300526753842,-0.43921102090987912
55.223515079536007,0.11283593986305286,1.3236189842219686
56.29822469943344,-1.0920052337793327,0.9352863995473305
55.213320559265817,0.40314135930079159,-1.6822799220376781
56.220913361661381,1.4178051500223308,0.76952953240418576
55.741883310721327,1.4664264841004091,0.1573577468932858
56.324248791254526,1.0067107092537704,0.9485738165471691
55.893488958851052,0.58454807839967982,-1.131876664285258
56.418263055026173,0.93714431845724822,-1.1249121466846006
54.965756423970099,0.89890305862915865,-1.2257839154946877
56.09615065123549,-0.65567077355466952,1.1785207700675231
56.796835186614409,-0.74650937366035564,1.3630641053989121
56.382971017368774,1.1458391375534633,-0.67838988463895455
55.634945947361246,-1.0608176157571616,1.0481622121681038
55.623446271821969,-0.45097937070209643,1.2408053260341372
56.539171977431927,-1.3448004382721634,-0.018163401494455996
55.62180430096339,-0.54699685084135796,-1.4935571796466889
56.571653321708467,1.3054491107005686,0.092280876378755178
56.658334730133376,1.5192955334350116,-0.073520979517542093
54.88406660123777,-0.64887968894014691,-1.6333050112184326
54.852450207232692,1.4690369751221255,-0.071157233997968541
55.612909290606538,-1.4646233441122782,-0.49075780951356096
55.038541891240556,-1.0609463315295387,0.92928226764630806
55.275809289078296,0.25096330053461352,1.4165666503825949
55.868381461397291,-0.47756048016542418,1.2820078012881755
56.490017292754139,0.9299632581238797,-1.1415141418799462
56.563895770691495,-1.1921684481276149,-0.043321857988012337
55.846769633858159,1.1974936914314163,0.118985935714451
55.900403463620407,-0.31416891481418813,1.3206218821264242
56.76211732532164,-1.2486229203497219,0.71437577175522593
55.048390061918958,-1.5088846171082935,0.54424838787560936
55.583302049154348,-0.73480311398292153,1.4725507823455488
56.531330785202577,-0.15681515307107594,-1.2758065730889663
56.324530039144427,-0.88265099100282218,-1.0993062020797608
56.629782943201263,0.25294313773719573,1.3151674183496154
55.006712472842388,0.64351903263804233,-0.86769327935876761
56.793391945042693,0.49208234457525263,1.2304004619016651
54.838190695673063,-1.3891340834760351,0.39012890784542598
55.450415972334348,1.1166975561805086,-1.0960783679170158
56.133024917142123,0.52185131490766401,-1.4415879547501653
56.33186884280213,1.2944447248180595,-0.49145473185375643
55.393609691515117,1.4386448841110284,-0.2864586862498737
54.820542169181039,-0.70590559714503831,1.2597234559795307
55.45903809145846,0.15486681603783278,-1.0679226198148115
56.498864056696547,-0.99688942428853722,0.73611324536644407
55.410062243314179,0.12892226120911704,-1.3944649305441512
54.989416154603944,-0.59090292688847956,1.0895481296554965
55.586392118140559,1.1281005491609803,-1.8116716110857876
56.244893176484666,-0.43483953990555269,-1.3223621607301574
56.741489936896649,1.3281374093711187,1.141214461118113
55.91283345129326,0.22918350287838721,-1.3902613875057199
56.700624788876546,0.8112298041498841,-0.70376466332207588
55.774766109710029,0.27430367793313337,1.6859255704445504
55.280495111944973,0.44606332120087611,-1.0794901022198291
56.279046049154289,-0.58041986928033007,1.2125349759977515
56.151889595553662,1.2081281683137721,0.93158975525408494
55.077901809912952,1.1897455242363915,-0.57264256087299814
55.87776936865491,0.91288519276247626,-1.2579477970217934
55.124137061408561,1.0429248667931335,-1.263567949040405
55.546831069995051,0.080125338620121583,1.424504759953426
56.095590816538163,1.2369793980096218,-0.98100563343345581
56.583774751038774,-0.49102157730837959,-1.5712883155411117
56.10965948567766,0.8973869810793399,-0.59489479504592246
56.164531851494225,-1.2751620496478455,-0.10558273927162626
55.565816647021812,1.4039647318731479,-0.13041058476925452
56.112488312130225,1.1865413997006393,0.70454611603321227
55.105944887977358,1.0721459686321473,0.64252470690224595
55.977188917088185,0.73596066945397498,-1.2939010492450853
55.503389385751085,1.2882147617751785,0.49214900701133912
55.063708504000331,1.2409099137484687,-1.0518027315593208
55.415864823905906,1.4954095051352936,0.28056188927577158
55.181267081473941,0.7002494069080778,-1.0435705357285392
55.891151985352231,1.4395081756806118,-0.61710125644720104
56.644527436325866,-0.33496755021903862,1.2793658266615562
56.057085955350857,-0.47089043733631486,-1.1186075975019338
55.021037644836277,1.2559787590455791,-0.89403488480495719
55.082043976746974,-1.8228749406354663,0.88005742656494479
55.105041689600476,-0.64889763582978455,1.4448261902471324
56.279989538611609,1.2962612887950249,0.91519974377010183
56.634910909532977,-0.7616751991899382,-1.1035110785433306
56.611384578456928,-0.29489353476226199,1.5733973775963828
55.581418144380677,-0.7757971672090278,0.80965557758645623
56.24354180631866,-1.2995519091109056,-0.73663431416625968
55.293793877035348,-0.24579337607504959,-1.066871331042107
56.353255560696653,1.0210913101468919,1.3049992565644781
56.583566003399326,-0.25628259477482151,1.2229828418229107
55.027639678928921,0.71352363733750956,1.3451744316387986
56.490230183361142,-0.35903433820283309,-1.3546125119928631
55.872692195910922,-1.6147514982155919,0.074876841636450059
55.761379337844922,1.2134918970670601,-0.048925011926623144
55.694794854073173,-1.432586719443822,-0.36802371640462056
55.089131083249107,-0.73390806383593665,1.6831975360568494
55.72719884987535,-1.2917091193645587,-0.34423031335426518
55.201412697137442,-0.73014837232712271,-1.1362704258900631
55.148001856800235,1.3301398285605406,0.64999029726723856
56.332148205675338,-0.82651438713189262,-1.2251305678272546
55.167908256864976,-0.90917603756811438,-1.1894733053345685
55.158854795132768,0.54707687830819152,0.99327619414456281
55.958730151805284,1.3055233235172417,0.22047900684245494
56.34401033693031,-0.49866559435958552,-0.9941879280553606
56.639805865797527,0.087252847167018296,-1.5643109903097243
56.796605710986519,0.25200986982053508,-1.0288826526013335
56.34729734308312,0.2147729117869272,-1.4887740448892788
54.919707248823322,1.0660495975683708,-1.1725966753749073
56.369324240539626,-1.192070271804087,-0.90754421914773009
54.784719289631468,1.3672456308886975,0.72456729510584938
56.934145176957387,-0.36980299961976987,-1.4520242584286149
55.903432998644433,1.2967920952641767,0.27141014970129562
56.372408186634807,-0.66887616189955923,1.1958955921963117
53.075788793704994,-2.6190912528545938,3.8259198667481567
56.05385387631172,-0.30012053198716993,2.6611811629390187
55.564464539034141,-1.1101832460270016,-0.92095479843639427
55.899032795794476,0.75282621292087371,-1.0164805620582844
56.025793275091736,0.76664780661931908,1.0980153305975466
55.479804924038781,-1.3170775717843552,0.53544604837524379
55.096095679739449,-0.69086791857534147,1.3438838654049101
55.274279096191819,-0.59237547913681343,0.9184478271391503
54.89212901868536,-0.81509405311583438,1.3113763729443966
54.993694763486388,-1.2875479685622366,-0.69630127702792455
56.41568576060876,1.115111292367007,0.87185235065669864
56.31684923305626,-1.1877146245770498,-0.30181869310963227
56.0821504560069,-1.2828020197776004,0.88313792925119639
56.075510946436367,1.039729199793763,-0.53176268610132826
55.722802473475049,1.7449091697837682,-0.01269988160568402
55.33054230717233,-1.3316950272661712,-0.66198314669590586
54.773416986617711,-0.40735090975107174,-1.5470519121896096
56.018128221195354,1.0688463041845546,-0.61602778094751853
54.876535046555141,-0.85647436013467149,1.3586611230194208
55.110971414006102,-1.6169924621011478,0.30080897478742552
55.048375288691936,-1.6330599470669991,0.059459613748515702
55.786875813123785,0.83982385601042886,1.4869761784651894
55.786562348359908,-1.2126905212980092,0.78571679153051643
56.469084436319115,-1.0794079633096756,0.97153984491317424
55.909083809122201,0.090587319902264485,1.51424266764638
55.933733038065974,-0.67714283640896267,1.2031689707499689
54.959551557690183,0.91354713518428854,-1.1834598386075623
56.045566680546237,0.81369185245525255,-1.2590857976118743
55.197919557128451,-0.79932863864766601,-1.3404796914615942
56.763618874321629,1.2822315167715996,0.83851810376347147
55.166963334613961,0.76589321179543379,1.2601160846795245
55.457131874271596,1.5627884756871036,-0.021084343777257545
56.231601649709205,0.9385218857073534,1.2316654814052068
56.590447150779113,1.362105386299975,-0.56370524406774081
54.931231572304377,1.4731408610097496,0.16433696777842197
55.731599772092139,0.68593417984908944,1.1805976839890489
55.508384599537251,1.598802885781365,-0.17625580353448106
55.215408485493775,0.31399728657490483,1.574651146656767
55.175804132172701,1.1080688647721346,0.71406134103949703
54.983125697318016,0.48269540284494861,-1.2184724473390036
56.331739326921195,0.4851421620149588,1.5602712404556798
55.303062621772455,-0.41560012594853324,1.2913978478494548
55.056126245291992,0.9269240252240023,-1.435131901648631
56.029243604188771,0.5418092190537539,1.5377199922998215
56.250866248701897,0.16509808131953002,1.3677001332987464
55.493158575903912,0.70172581728814321,1.201765950998708
56.334729710598403,-0.33174918730205399,-0.89294448216376621
56.288200535864362,1.1629876769782745,0.91759109191442156
55.698631551981912,0.21440185049836979,-1.0202264241184387
55.242445884078023,-0.52836789490690483,1.1717688003231188
55.993181404042559,-1.0688441736562884,-0.75184362672801397
55.422618736082541,-1.3711381260364195,-0.57245396229819667
55.726092383140738,-0.74310738771597218,1.1567306373577586
54.915436707810258,0.084207211516167974,0.7552361955722261
55.737583364366856,-0.18118183658326564,-1.4381188856123335
55.827778305949735,-0.84892657589658849,-0.95544064877436252
54.867395830212942,-0.51780058791397998,-1.6514336914588283
55.055569112897743,0.097465889747112774,1.3674417996485155
56.526792911064369,-0.83038744888983618,0.9498872210472209
55.536603829617249,1.4570789995013662,-0.2576496889840072
55.203385963088564,1.0946947970385443,0.39085047124789007
56.491767179963254,0.13728882964003147,1.4987655684608954
56.006669603894949,-0.54111645718567614,1.1426869742319345
55.303887247726806,-0.96625926872101553,0.57244843494320075
56.177274535904949,-0.33206409286628213,-1.4605644453888409
56.397010755512468,1.7308654652987523,-0.043045146019144574
54.950363112907631,1.1059540337017588,0.1370305038229741
56.255298716989195,-0.89107010204311088,-1.1011412222523267
56.612854775328572,1.483920157339689,0.65231970249910709
56.30090561954686,-1.2930154849482127,0.36944467419201776
55.189784961296255,-0.89672754159813806,-1.2765064288794525
56.15114293896066,-1.2869027578006988,-0.42706693708998944
56.556747351089101,1.5840146707946157,-0.096497025775073589
56.145667777850541,-0.94960187012542541,0.94698193728062341
56.436571495097773,-0.14078257643896774,-1.4158318358048547
54.943231498604163,0.010625712903841353,1.5628770160549403
56.449761141200987,0.99990750162652575,-1.0496146456040492
56.270083105748277,0.62794224793973519,-1.2414009495033951
56.512315832453254,1.401281422974137,-1.0366183271441043
55.874108005632536,0.059908117875777198,-1.6001500978029284
56.077104527208476,0.72080633926572824,0.9626662851468254
55.540225958777206,-0.41526577590073349,1.0167918795104798
56.5543961181762,0.61376719048662343,-1.4167240187061103
56.330643994086799,0.72479530439079909,-1.1775624018208037
55.371155746491148,-0.2208404258715321,1.5946389812021557
55.268235880940537,-1.5034525854610341,-0.005425879119728424
56.030706436529208,-0.69615930785401392,1.2868439647065164
55.231888315828897,-1.0420404066108768,-0.68796466648625909
55.867003780645554,-1.238733514770453,0.45990102116963077
56.788788660739293,1.3899071303570518,-0.19026579879497268
55.23019447170941,0.56830656102121169,-1.0598296750088663
55.086397693027891,-0.22032210960433923,-1.3451566079922663
55.291269096674746,0.91148717398622303,0.58032334904494765
56.649545627247647,0.46592749499814279,1.6702349854050325
55.491470835391112,0.9557839031479517,-0.67554749462589692
56.146243700412654,0.77027343007042304,0.67670421814400139
55.460154753092901,1.4878303891501277,-0.55660279380425448
56.0419104168502,0.22881509705907646,-1.5764558637843002
56.513252352431756,-0.90036928510070779,-0.82322243577562271
56.629119119740707,-1.1548310847710304,-0.88025194505537796
55.060161549024947,-1.0142946824335208,-0.85885708629413327
55.644419925481387,0.74993668573873573,-1.5991802444399719
54.927868351980337,-0.17221509305456184,1.5294728606063055
56.443248177538777,-1.4331465984560006,0.27606471951053757
56.837453685179241,0.29702837339215216,1.3256921464877431
54.697101399043071,0.57248444937304432,1.2886826815646046
55.281955484016692,-0.59454109987167014,-1.1623605772858081
55.14492951309068,0.33772476753877484,1.5736535905160094
56.547707867492157,1.6359230673270175,0.30236705831202887
56.329464340276843,1.223356292925402,-0.20235036324245029
55.306144156137314,1.3106817618497337,-0.46010929453143989
55.198586006055237,-1.1794669738874632,-0.58652262445420023
56.388955731772285,0.77226308477605421,-0.61677400771072932
55.973982090004533,1.0608065756831724,-0.96604144481788745
55.125459275788799,1.1003663043133682,-0.98579442907159409
56.28858281596591,1.2208219660891932,-0.90720918023912089
56.337018864766137,0.20860365060945893,1.5588177149054427
55.958859011598825,-1.2960747635856238,-0.92438181566876065
55.732116914411208,-1.5236141479631069,-0.037167413567459923
55.779960911781274,-0.66078258300335335,-1.4553126027985226
55.402362801806582,1.187516003203734,0.27430078966507437
56.266754207430935,-1.328449937621496,-0.57852288704123678
55.570211945506102,1.3721095926652431,-0.47130155917603461
56.284449004743799,-0.57073958021714999,-1.3835256242869096
55.106053950918351,-1.2416469796224294,1.0864250083263967
56.211613355400225,0.55869935543216709,-1.3182271530180412
55.82353150105984,1.2203345581669038,-0.72041530342905069
56.395575013580782,-0.84803714162685817,1.1026274842179837
55.789725698633184,1.6779190690889625,0.45661925688118638
56.294807246396225,1.3913886568736635,-0.43210883530951294
55.113746628395887,-0.58510620043887929,-1.6681661761727677
55.073684137560669,-0.94852488227237464,0.76546389473532761
56.081558552845998,-1.0841171357399353,0.36670092148831385
56.102527911580736,0.93549465437866131,-1.1175743999521799
56.772503083778922,1.3854446617798297,1.0396307215509426
54.848465148682259,-0.92624305500708615,-1.0940687146231167
55.643649003987925,-0.60223035843567785,-1.4575519963217749
56.125302404275637,-1.3262465517919944,-0.053602210080855479
55.463618896222172,0.12771753325068744,1.2643952432301699
56.065782881673144,-0.42316563731270618,1.0696656904498043
55.006101121543388,-0.87677596824407322,1.1721229384103014
56.698748176331215,0.63123187228817301,0.74993560282693195
55.139218510475445,-0.36061737821832229,2.0450029175233237
55.787592254206416,-0.38933398528942559,-1.1086423654468296
55.510946315133999,1.1551789599855355,-0.1529661992749306
56.595642495948638,-1.1018043421862387,-1.0746466449116552
55.931494008184025,-1.2966788072326718,1.037506672979321
56.567817696763925,1.1584633717740134,-0.75958874207052585
56.697114535542767,-1.2981885255249805,0.037282296131287071
55.001919717611891,0.80029770118074339,0.46465237395347403
55.728203530598286,-0.69409683417833501,0.62352702147792083
56.402615459663672,1.3723890314776297,-0.41776985083091767
56.372334475347245,0.065356568522937225,1.3386021786371918
55.962370012853853,-0.26644848087157641,1.2689628853149122
55.611271097422609,-1.2535861433206625,-1.2314002145833056
56.63965362494482,-1.2714715584258345,0.17126955477788286
54.99187969248257,0.50073875617208508,-1.279753397580456
54.799004634499504,0.97767058953632702,-1.0996353517534636
55.978421344496738,-1.0420281273914229,-1.0141320805002465
56.547013498093023,-0.60108309030765605,-1.633148238363366
56.096085474945092,0.33831039202203605,1.557125483151715
56.084586084844709,1.1174442618218865,0.91884772542903825
55.753030696677243,0.44696187710096769,-1.2225942282700244
55.86064650861929,0.90992415612169675,-1.1037750652521319
55.421250660392921,-1.2576513450564764,0.36249002411016762
56.037558726691955,-1.1631663789786235,-1.2400550592559882
55.548387447336644,1.4177845686127395,0.20826420474985813
54.948497505538015,0.84870859895914197,1.0292990035882525
56.016523373050568,-0.78346319094062533,1.0412988895728583
56.148544107802991,-1.318461742154065,0.88008182818156921
55.34658199594795,0.68709801945329763,0.87244824395590048
55.277681902368172,-0.10946008241723819,-0.94515341336282621
54.865750408636018,1.3280794362938675,-0.073308996954796715
56.020368820099662,-0.3457076812669897,1.2850970307842078
55.577872171013659,-1.6141748352185843,-0.40923896565133516
55.556582111542141,0.79261652553115769,1.1443667733632192
55.131568408309469,1.0599983643195587,-1.1155568582012563
56.453837646431609,1.4288905019581166,0.022392134192720216
55.9322441756944,1.3549591806586483,-0.52858547154192681
56.071983119582505,-0.95510762203501121,-1.0089593335769034
55.795607915134383,-0.54554443246556206,-1.2190047507588513
56.321126368216881,-1.2715854048841655,0.37221353608862645
55.658871591456169,-1.573510816291964,0.78191888795050535
55.063410765106966,0.28535837738591657,1.569434113918184
55.106085738626859,0.67094315387924408,-0.75232923036538013
56.781001945193808,-0.1370877096872542,1.5898181759107681
55.600454519729077,0.027091515155060045,1.5434871934410872
56.76970430996726,0.58280532028117815,-1.2888956489709142
55.49626567572836,-1.4929935606152196,-0.49563022972402626
56.437672841274114,1.398804929403622,-0.3318202275739065
54.874541114153168,0.64162553656643495,-1.2306115460150033
54.891386976483403,-0.72476494934014457,1.4776943187396758
55.822027642386232,-0.85835814015725664,1.411613063471582
56.456067224199465,1.0541024416574918,-0.96603714968327947
55.71088469037042,0.84407103083041501,-0.55779623348085694
55.108432289702137,-0.42649338256639074,1.4481987281406077
55.556889098732213,0.31956128652053423,1.1702193720555201
56.000828326532577,-0.53425303082322073,1.363536176320862
55.862189133882495,-0.83808057728506713,1.1758294120866197
56.291532673153036,-1.1585600162758838,-0.91283469620645052
56.672229058544296,1.0923941475673873,-0.53145257507090238
56.288046314634897,-1.3642267288583894,0.12165183068456979
55.129525303766336,1.2711816691816662,-0.12384061998837081
56.168367118817514,-0.67522956844313442,-1.3502764162655032
55.985147822671564,1.3371929369922493,-0.22546423402139051
56.598889389420272,1.2033222423464949,-0.044469034878666297
55.220567324810098,-1.5018566240589908,0.70591935586600962
55.74504456751724,-1.0207032833805985,-0.33887112480566628
56.199147768518635,0.5582947153626987,1.1265744370461366
55.149230857771585,1.2423968044153932,-0.02680124389665493
55.383276017985267,-1.0586998758737949,1.0157066718828573
55.385065684991993,-1.2224478860390915,0.30188887070650811
55.610075871612445,0.63189733634018141,1.3630962664724968
55.927948966242944,-1.3552170506682071,0.72149343515609354
55.681271419284329,-0.99336172365325848,0.8918163435810913
55.320295896475599,-0.91869562981200881,1.3537993084556168
55.660750300034898,1.2351497946188212,-0.87743840569924025
56.490156952503156,0.19386328650962317,1.4749475554378184
56.672379046615816,-0.73982448851035587,-0.96593775693092199
55.554590165924289,-0.9366419784699358,-1.1897972565053379
56.262025736087701,-0.28369567533614182,1.4046108062958005
55.257414192625248,1.2312741769792577,0.97118415212472087
55.3383735323061,-1.4281410741067304,-0.70026392505630364
55.367594562850876,-1.2414531770620123,0.7897021776301888
56.311772158702944,1.3308146045586002,0.0053941816966766318
56.761028710395991,0.30382744421043884,2.1074510527510757
55.368036919589734,-0.47201371390689972,1.7345562203293552
56.630450616457559,0.51676167429165409,1.5003384794242509
55.339595132833381,0.85000111307160231,-1.2739002716291665
56.381911719018774,-0.26145065047764077,-1.1325060053153342
54.808556839690908,1.0167941537941121,1.1841988202009528
56.151889887178022,-0.47471956477541111,-1.3939135309393254
55.691724428294997,1.6350169462719104,0.086216182302860364
55.06664916699004,1.5636478346105245,0.64097694206818678
56.543347047861438,-1.2001238196051567,0.49643850622390912
55.792593007403937,-0.52743101426235217,1.3119559455223193
55.237743885055238,-1.5543616099337607,0.51219810403119381
55.572402278614803,1.412437478548858,0.33523529278791298
56.018462399934066,-1.4238986734739034,-0.64764838859490581
55.049858305292815,1.3570720509422827,-0.070908429535203446
56.217415387627128,0.93116120281294534,0.8853354525368643
55.103930265316741,-1.0387228820147336,-1.0317275546601705
56.81213889238829,1.2184128249324953,0.80348311917283932
54.908182662816735,-0.45611387938413878,1.3798363707435788
54.988209298128652,-0.72007268738383567,-1.1817836716430514
55.658326599396034,0.75157167854767148,-1.117128094482801
55.430535179480884,1.1753360681998377,-0.98847564376394648
55.181803994767847,-1.3340567280388924,-0.048939759361514276
55.918607402704623,0.16392565117558153,-1.2698927448892741
55.659377105271211,-0.81380931749672414,-1.3951892882907684
56.417693986982897,-0.12310281042190835,-1.2545027976566068
55.919019299248973,-0.93360753322120538,1.1133418614580159
56.520650502823422,0.58491295963962897,-0.18305348350461134
56.53344114783463,1.1341738703274928,-1.0309316822537224
56.534158149840032,0.93762471791193347,-1.0067389362984618
56.807615778242919,-0.45592310945772929,-1.2706561079067908
55.908831142281713,-1.1701476642085016,0.78715304462498814
55.151045556274248,0.8730892688627937,-1.2575683465488336
56.652352019101109,1.323894878895056,-0.15239851792474496
56.67023674739837,-1.1300440993288825,-0.43605503420929237
55.747675812193584,-1.2797424310358523,-0.0049626939338316325
55.71611049263052,1.1744645624384897,-0.12817268772383184
55.603106191249736,0.80223275858094145,-1.2415930159907742
55.154666054890654,1.2237911665279073,0.026375946354084502
55.139107256507053,0.44425511907108145,-1.3024853590417722
56.127317357556919,0.091153991650591265,1.2782374066240605
56.282438982996879,0.56114730420972814,-1.1196500517146144
56.779659181312368,-0.65084208388091302,-1.2170710663469482
55.925837002005025,1.0917322624576296,1.0820004882386667
55.561378234014697,-0.29141468807949072,-1.3477988809836032
55.075644442672598,0.039282684956549081,-1.2911549230374457
56.310447272989123,1.2576922179250976,0.072693856938450624
56.556911995021686,0.49660692568976894,-1.1616592055463175
56.17080272326691,-0.37315396284734209,1.5207449774126818
54.758643969411665,1.6625017919523835,0.14919677443445373
55.816183315034934,-1.3530443142723092,-0.65333912504178149
55.287128319607973,0.64556379117162099,-1.1937105343778838
55.592236740751581,1.25992487364854,-0.73660049703982189
55.914367326982287,-1.265616960484357,0.25613364936064187
54.961550534884246,0.10662496928677162,1.0317958496463389
56.179017337868352,0.43635300353135159,0.89766372022097007
56.329221390154309,-0.16449741330658213,-1.7051852046877662
56.716418041457459,-1.0600422453550276,0.92625696773896282
56.194254329377394,1.2118675310613138,-0.36287472661587589
55.376823469019342,-1.3040624028008312,0.36698593509972671
55.019946044584934,-0.8742073488830796,0.74445212117227721
55.143600307706876,1.3956421967762729,0.67529480137489473
56.424512291600763,0.83503458004916786,1.1849571728512334
55.877240286978207,-0.86866222175112973,1.0964074731115885
55.722476199308574,0.21327537052542467,-1.3567719676093688
55.471324745244608,-0.30972819082609687,-1.5742696981929172
56.689763338060928,1.2213270528309306,-0.89042325332109762
56.398929146864049,-0.086848214854629208,-1.4987647789755056
56.309461431607737,-0.58280952112330475,-1.0826919189563109
55.809379581709187,1.0332626826273563,-0.9456877073344554
54.957351419915845,-0.077907810030723501,1.2562638259787402
55.189229115504332,1.9371196945911411,-0.035797726266287341
55.655515685059328,1.4003401516012661,1.2275272096995768
55.181211531113036,-1.0476471135638639,1.0027414245195567
56.436937187893655,0.87203833548729304,-0.83414441855858756
56.498902126547662,-1.4627251498030016,1.0764130068261075
56.071097630708799,-0.53053549619741636,1.3371724570802357
56.375193625496152,0.27483533443481412,1.1281421687574393
56.452091504828232,0.92800892059995077,0.95121789690685499
56.51123782859009,-0.84119825760951883,1.1435056583638137
55.426692131451809,-0.1372590452618816,1.4961334206377754
56.675221494525204,0.1535764054149566,-1.3233693091059746
54.888379193820853,1.0893958048655334,-0.94197208931201892
56.17179153299319,1.1840927135999129,-1.0203443530870351
55.129950892550553,-1.3492848186966815,0.36516429672894007
56.353300685846357,-0.6049226864464462,1.6812569441312921
55.77611148398568,-0.95871020317280298,0.8265246454992814
55.637893553202765,1.0401850355331572,-0.7830845039886416
55.825558276865259,1.4091452858445914,-0.11612451573344212
56.524153149008292,1.3499950175887805,-0.47755493653445241
55.606085497446593,-1.4731467346127838,-3.2239799804959559
55.574846964071902,0.71973023291231286,-1.0831633224010861
55.284673450459366,-1.359532100497016,-0.54186981674212553
55.377864679464309,1.4096473058819741,-0.17635930890626031
56.35019198539527,1.2971680473537102,-0.84949208312062063
55.717228968630785,1.4849366600339362,-0.4616124328753517
56.356518226137432,-0.90365660062811548,-0.90441380028886098
55.78960421066364,1.2925994514499854,-0.58814931714628582
56.032250571286326,-1.1565977198956789,0.98875461083721294
56.822362138261774,-0.17502646341514663,-1.5929609204572517
56.169915887269525,1.1335790269699468,0.53931682552771132
56.524551896509543,-1.3404954486075848,-0.25901685748319092
54.799308895779852,1.1433502369911939,0.18415543776975798
55.45254338677411,-1.0338053635356463,0.98117638077989844
55.2983198797981,-0.78358000425405305,1.2194093696695734
55.760607433105562,-0.13442836828660532,1.7716501479180604
56.106553682170457,0.57787683578872917,-1.0438658098118552
55.89352798923894,1.6720147711444258,0.022199678577506512
56.347840974566559,1.2978358088697128,0.34141620479334378
56.800880238089334,-0.53374723748648967,1.4467456939551158
56.59037091254681,0.58655787449130403,-1.3466717391124443
54.919813023466013,-0.9107617381805968,-1.3873635896703063
56.073536508257178,-0.95119977300915826,-1.2840225940340924
55.657297210193342,0.054483815876616999,1.4240315260198166
55.611640079230355,0.93832316271647809,0.88604967748927033
56.529109794211699,1.1817603391110802,-0.01111071488810462
54.898565635240338,-1.5472319332371987,0.12943507920264624
54.955750198575636,1.4527773584970278,-0.31888882171863298
56.298087634377175,-0.73060787403621941,-1.3711298357196628
55.363178982241415,-0.13467722974505225,-1.1705216886569145
55.490286709220548,0.6468256195502885,1.3021822387082034
55.467765784429453,1.7220985564324311,0.010390976546382595
55.367647490357733,-0.95964726773378273,-1.5227028267818317
56.038042291656161,-0.81367233464931643,-1.1431176856475274
55.291584858112266,1.2699344676387387,0.81821624004581739
55.021043829708027,1.146110017487761,1.2708209445308074
56.42375803574636,-0.89845823518737933,0.83724343615151997
56.276075023256517,-1.5980122621430115,0.34405227336064398
56.425263787911234,-1.4360683841420478,-0.32034625061525346
56.559675490046345,1.3758618280267805,0.96580380014927081
56.20313660361122,-0.08513117149558086,0.95266714276371478
56.854951642990784,-1.1606122159257179,-0.8925368139145301
56.300310101213199,0.58419370262086223,1.1865794553211415
55.06926382208438,-0.9172096135742881,1.3715268496168553
56.267256280203497,0.77984640358766411,0.711652696039481
56.676972302926536,-1.1993431505955612,0.57092412936461501
55.073084146645158,-0.84680484330204686,1.0721796062690816
55.711127875311945,-0.23175934951511659,-0.80568316117839478
56.733203556135372,0.91285957510891991,0.55286285790168865
56.379288857671277,-1.2158823996649331,-0.73002878683504324
56.637022998413507,1.4227360704466423,0.64622600221867921
56.550976870514774,-1.0164561274684991,-1.0491156315613381
54.949914988530594,-1.0742089560778367,0.14191584536961915
56.53505592678443,0.88112742620117679,-1.05179855932065
56.22121823146243,-1.0405711173106211,-0.53488924203343569
55.659159808822366,0.76390695866271885,-1.0964146000045074
56.628138787891437,1.1532627690450235,0.99177668453881496
55.495949587526837,-0.79245286914458823,-0.69234831929163432
56.832982164972734,-0.36806271822901759,-1.1782759477293956
55.653373146496456,-1.4854150799511676,0.66737356491626443
55.634452465402305,1.4251728758726272,0.17792717731702318
55.363182456509755,1.031516386885045,-1.270052426354175
55.31796766253153,-0.62084163845615903,-1.208429736795974
55.031178322127083,-1.2792346766418177,-0.67294767920415943
56.328466549708502,1.040717764489232,1.1888472899135583
54.888100883383352,-1.5998792414332708,0.16205306499374428
55.911515157248417,-0.016848589860058393,1.5589783735336964
55.281666789853652,1.59752173198412,-0.13020334119754304
55.065330125059724,-1.6940532822689933,-0.65277929216426411
56.751544534170307,1.2588485967101943,0.42922203141397713
56.161618003333651,-0.99667523891894005,1.1368273156016835
55.989428275678335,0.93504464686024058,1.3947203708555405
55.933970735901497,-0.29923992969978963,1.2867926381421118
56.103018230044917,-0.68484178092873738,1.4449436971804264
55.179609440890758,-1.3750894888978022,0.5560594133171427
55.482762119892122,1.1099059430618397,1.385063290917123
56.262438658420422,0.95720707089795998,-0.71439475287859366
55.606978715129948,-1.0451912975026292,0.50374047539701072
55.014965023507109,-0.40490509965687638,1.2933342512549415
55.490390152139518,-1.064177295986074,1.1717431695353171
56.175781986186401,-1.4318579600672272,0.05516097843968297
54.877872263860802,0.49620985422309444,-1.2507801813437835
56.651108356366734,-0.06630275076099082,-0.97938613547348996
56.076757481316548,-0.13236566864585678,-1.5413306922728394
55.932130534418448,-0.13704497805010582,1.3856450024763847
56.523771840739371,-1.3108068051357422,0.93981726199264359
56.15600589716248,-1.7381128292792294,-0.43159671752988299
55.907130368286957,1.6660091041246921,-0.67932513818511409
56.464128028357045,1.5592368793352032,0.41913355139666769
56.534785082168412,1.2601375379640032,0.54203651922719465
55.426181461498309,1.0420440899726067,-1.988792774054956
56.294300351794853,-0.56078178013665503,-1.3775507798710931
55.903999363822308,1.0432210953004353,-1.1422514348029487
56.342543302943739,0.81646478845870618,-1.0244761738459349
55.432877746420772,-0.53130234023484235,-1.2012552288459915
55.913085870087897,0.67144874458443893,-1.3433279272983687
56.34802416298055,1.6422710162904577,0.21107379326652859
54.915009506909442,1.1261977372003076,-0.56699138119703318
56.171188147419109,0.90781034050164122,1.0897764135542574
55.191683208938862,1.4275378285074591,0.041081949659110294
56.831518367221406,-0.71625223751951039,0.86921774513163308
55.152479087084018,1.1041596013623809,-0.69195003696473267
55.676406700371061,0.4125678186759813,1.0914426345125929
56.030453563336799,-0.93374669338437954,0.98005138458849361
55.382672550266442,1.5743096353349106,0.30663217548669014
55.792134949851629,0.75471892401143992,0.82646517787297979
56.14751804507857,0.58452318597007347,-1.4756764108740816
55.41596385965822,-0.31441240783248547,-0.98401349920561243
56.569653996486451,-0.91716940912527811,1.083130334949117
55.121436873253238,-1.7532247048027538,-0.30917871304807332
56.361604361302362,-0.15536988439016622,-1.3289165430415306
56.796367454569896,1.4304856885440747,0.21175626734967062
55.799584092714973,0.36460786131863232,-1.29213316390976
55.786925976071572,-0.86422770914296843,-1.114672579308001
56.258973964016853,-1.0455581414182724,0.71890568186425707
55.04511955277696,-1.6296626750096763,-0.32087456766756906
55.085327551029764,0.55773741809704425,1.5049054889696358
56.080055709311431,-1.3612611025150114,-0.4014032504558433
56.008979895027686,0.18458742174184498,1.2260566364563497
55.180251405913033,-1.6736610273708168,-0.95700449337741766
56.599968664812202,-0.5222295925578726,-1.1410035182320617
55.072552144865767,0.82926428876020675,0.62666820480610541
56.337463547273913,-0.10245538889482425,1.3806504943791034
56.127916842233191,-1.029369294584866,-0.6934557806063647
55.017792618226316,1.6371556823743192,-0.33272017681057103
56.350086269210358,1.3435554113657848,-0.57605806244210944
55.914142797648907,-0.53769660916246087,1.3083833847845496
55.511162118784391,-1.0773869751499703,-0.63405347274269419
55.388537089579621,0.71201565332636751,1.085754335448341
54.889123005400144,-1.0451769749357025,-1.1851485890716495
56.100246546688425,0.069012566210269952,-1.318773092890682
56.507142988099787,-1.12359677042262,-1.0817835649352667
56.051597701701226,1.8025344951588762,0.29567739757619343
56.640430496383004,0.47257972924415315,1.1793684103830868
55.679047590530395,1.6029657774854367,-1.0245283206875682
56.534943583983043,-0.94588466360312229,1.3473351537520333
55.177631867840468,-0.84186075608186051,1.170564555635883
55.654744840789178,0.38873253131204671,1.3706742545427695
55.24575671967176,0.55821273174212105,0.96683372879845308
56.270012213528062,-0.60972683092001334,1.1859056893755042
55.48246508951275,1.4889540467444182,-0.39130138283704025
55.341298806266572,-1.0457382735045195,-1.0880945856031055
56.019888746729322,-0.90949541940574707,1.1151334973941649
56.581438075181389,1.3716490804023171,0.094624447552917906
55.642807845003659,1.591496262370697,0.14277480709847509
56.773356187912754,-1.4180891242016525,0.85245892153074854
55.201364507211395,-0.27655209505735279,1.41382442312853
55.656076809565697,1.3837014718352543,-0.80095812111873832
54.960513829878224,0.72903694214883186,-1.3214128200781818
55.799495364418554,0.87342231412463811,-1.3862704055212192
55.082921807197344,-0.55643228583442239,-1.2309824839518038
55.448417813340676,-0.89142878222492494,-1.0990982697266489
55.567887722088258,0.7869553639567809,-0.98958705628447463
56.260477041943211,-0.30550760446785657,-1.7910843597049222
55.060541034810136,-1.2140735052113651,-0.27378005547562717
55.469769703939491,-0.73799905030851687,-0.085831233792702022
56.305898834398896,1.3675327731958418,-0.30362027557231702
54.989446136828256,-0.6811461382736792,-0.9599543284637243
55.507294198788898,1.2332897914149799,-0.46904320343206651
54.848707646774955,0.080726585981046151,1.5560768737331101
56.574325553984252,1.3866982921639623,-0.28164117242696457
55.331859936791076,1.2022948947526861,-0.65499169174886829
56.70771980201345,0.39233375698874301,-1.4746487939570783
55.45002119420905,0.98922553187271245,0.56146051430602961
56.101063810904883,-1.6721685773228494,-0.11463290414938443
56.710728678329374,0.74502155132365833,1.4967326677390675
56.25689111018162,0.14055877737558567,1.6550983640652759
56.779890503245774,-0.98556931186192975,-1.0336654486364014
56.807597099099269,1.1355846959529119,0.73682013105709598
56.517785715045683,-0.38706450328758552,-1.369800959848583
54.721166500184751,-0.90570094696635006,-1.315029993210723
54.83103795020773,-0.25390358949270098,1.560101173956181
55.496663034873094,0.91177592603413005,0.59157975108363203
55.734020331447489,-0.97284970184867314,-0.9403409151087192
55.352616750453436,0.41313205037611533,1.5334627889184174
55.352523368347228,1.3411740945200052,0.27725997477915548
55.769343062102308,1.0334055005991669,1.1677242511203227
55.039916344876247,0.022239442185147482,-1.367572303576964
55.978336602730934,-0.9199226037724465,0.9234340723749116
56.566952438124943,-1.3756746771997097,0.46589857146698399
56.181986388103702,1.5264093509212875,0.63995148263992907
56.032896190764326,0.51317564808434302,1.4226204416777322
56.229296151347292,-1.3640272697876505,0.58742613849355951
56.590010494389155,0.17472189993059345,-1.4221143674798711
55.655196538882663,1.3035272661871704,0.047390331459326994
56.479999576027645,-1.0646381560346005,-0.56364502645423065
55.207831293992122,-1.2876597199205471,-1.4432305518424058
55.354989615290997,-1.4506813170293795,-0.14018881423652962
56.289183575548414,0.65404823053902061,-1.2688768907775394
56.542516226912845,-0.28550244624320548,-1.4437231812785052
56.360741844821206,0.39387079739544928,1.6414008474220825
55.727943765172931,-0.13621669656534391,1.0371648563956914
56.302866015623522,0.46228944886402157,-1.1990980041507315
55.985585724302375,-0.53517787576035158,-1.2465659844597548
56.056081713265897,-0.16118125523409357,1.4344545421691774
55.654847824100997,0.58825771942841942,-0.88616605336148313
55.372714680010255,-0.37590685867081008,-1.4683583923667058
55.847388176518365,0.91468794846863766,0.94445150012768775
55.776372685482052,-0.93774210618030718,1.2097870396320114
56.286197677281336,0.95357350532380858,1.0171450723910958
55.291737525490539,1.4052894579872095,0.45815289549918908
55.623932859497231,-0.52468994142868552,1.2493508941347053
55.401831018558354,-0.83922291868696919,-1.1142056239289064
56.856802659176644,0.83190973385404743,-0.43668849961314521
55.226041690726326,-1.3518824548549939,0.18207038844114379
55.400541209230752,-1.110157848420684,-0.71426737771784277
55.904700042136817,0.85704434198898227,0.92275662861418573
56.350080552112885,-0.83710703893248251,0.62396993388088706
55.785432985876376,1.0385494179863604,0.90361849330210475
56.560436564189459,1.1410393707574411,0.90448067265980459
56.83480529997496,1.251835202753707,0.85426067152721219
55.747314584237387,1.3397595504843294,0.29749537830541384
55.971251225198074,0.81288103840312387,-1.3909110926763437
56.76959777039081,-1.030124435400017,-1.0380252149058959
56.845342213188992,-1.0423699694654931,0.66256694533916594
55.710641115027613,-0.93169594620798413,1.6747876983057159
56.232480668360694,0.050354463599738615,1.6044305065824374
56.299937411250973,-0.99414210206784859,-1.2174713532199
55.385021087083416,-1.3169185143799971,0.061788432796394226
56.810682664552154,-1.4619251158061859,0.26807757966565121
56.316191112217005,0.93001121900724781,-0.78867276079575244
55.961947528050537,0.94167888997111737,-0.71547700404186387
56.646903541371266,-1.6643843201297905,-0.025206417049901345
55.018674883774516,-0.68839834993386295,-1.0961119587037449
55.140269257498936,-1.4551748974221816,-0.84221616154350143
56.191719953044867,-0.83078185775934521,1.8241234280915049
56.499715426415108,-1.0674009084000402,0.71094640235843687
56.239778978186109,1.3961434492816762,0.45691212533302467
56.80264789972253,1.0437835412524172,0.9059688043341162
55.552908094146524,0.064506169884295181,-1.6836058498499846
55.11611609083274,1.4364467224000774,-0.31510218193938988
55.492570581462239,0.57907132463656874,1.4914660291473814
56.457765259117473,1.2470659215291449,0.60103773948643746
56.20487499365187,-1.49912161338059,0.26318686499092808
56.689691130907754,1.5341101685725422,0.56537330672729791
54.945365517055592,1.0818782861126723,-1.0862664155723707
55.352663394373465,-1.0645478894807321,0.86188935232093244
56.209810052986242,1.0843418502142357,1.3696695860723715
55.641291363706195,-1.3276278745671604,0.40779836980114181
55.066898422812613,-0.58377745422459615,0.77900048707709402
56.107280992592493,-0.11968548745862048,-1.1879620601951464
55.634845230043794,0.2208577602127629,1.4550738459742287
55.549414669662397,0.41403193380538827,-1.3575751007837908
55.894964835763069,1.5458196444662071,-0.23126476233787199
56.822611689323629,1.3196039697123472,0.23931460955343462
55.81198808165199,1.6090079350640774,0.17679287127894217
55.694591556818331,0.55037711307134229,-1.534503304382032
56.033670120446708,-0.91517673456278914,1.0312144775389567
55.764844544869554,1.2756144094159003,0.70253134029453945
55.96404312859314,1.3167642761830705,0.7969806882269056
55.143584901372385,0.083688842596737589,-0.90897585252276791
56.643533964325741,-0.17631622559229126,1.0350300523582028
55.340263054314335,1.3404030639022675,0.3389979352975645
55.261586868440787,-0.74041727785598255,-1.2024939492014048
54.968631752666738,0.20478964358485924,-1.5612273657097557
56.285893832929688,-1.5318037257461099,0.5113726111121456
56.672223356650854,1.381142398017029,0.043654244739916602
54.941652282935884,-0.96486409747944302,1.127772750695099
55.503253109409442,0.48935878313597059,-1.1290862432792705
55.427970875622599,-0.64759898421370277,1.414943570719438
54.882002906468784,1.3790721857787474,-0.58063561944776687
54.940653741624594,1.1473648584525489,-1.2813854682478774
56.200085821038954,0.31933958302781607,-1.4482490947798308
55.180687896663677,1.5063874433370563,-0.461763082564774
56.410878220610897,1.4136759223277631,0.38924817033549747
54.767896774155254,1.6741837008235012,0.47000761284307918
56.17069410836406,1.5821791739449163,0.34111078594119215
56.471139853558576,1.1950982544023174,-0.55249701763298009
55.866350326970469,-0.49349163742777491,1.1304261674203147
55.416104703242318,1.5707216720523487,-0.40851823351180017
56.48472532576794,-1.5015188417259171,-0.51228633405761026
56.642449925967327,-0.80798993923127427,-1.2428667497121917
55.531562555710444,1.8245079285862555,0.2101368090642243
55.151872900641877,-1.5908905316198616,-1.3731251978438932
55.827532221407225,-1.2142922173032116,0.80340685504440312
55.653069028432313,-0.26869329521197471,1.2408722699380845
55.890399891936205,-0.67698490264816413,-1.2341650009888021
54.949522617981792,1.2760616415695261,-1.1269375267803552
56.557350991493266,0.12387294880133802,1.3954722161940831
55.241511014442139,-1.1603383563844092,1.1405562169971217
55.148438075691118,1.0137982639891758,0.67282947324374387
55.451926504374939,-1.248967059309793,1.0467311945816744
55.282670964058447,-0.75381919246218676,1.5428197186319159
56.866758763107818,-0.73803470942469984,-1.3370311094894305
56.107235538962776,-0.16344276896801568,1.3139367521665417
56.517147828205246,0.55543369070155035,0.97544682949885142
55.29698563482625,-0.84535645343205423,1.3412807111156488
54.843198135344856,-1.0761467507152014,0.96175271664468742
55.873426136693674,-1.1699671114733279,0.7421514663006592
55.736202461670565,0.51434362120992971,-1.3298596367168567
55.916809084353346,-1.114692767022009,0.72521612004349301
56.313299006477848,-1.0301835527145049,-0.7674832995725408
55.502206410908748,-0.96904696936947043,-1.2163606955524189
54.931790859784059,-1.4091327585132283,0.14532991144405508
55.177618979426342,-0.11169045585521016,-1.5570039973273662
55.681488307589319,-1.3487347039786579,0.0455306286012164
56.404799017053612,-0.78304543754441747,-1.0375877562157922
55.539622604363444,0.73976318770649985,-1.2621814080497056
56.203426135158665,-0.69122205909171464,0.99582882986609023
55.327801319021461,1.2787104108150902,0.33438914458672009
55.318591030138485,-0.59412663404289623,-1.3382332783413884
55.082544246624089,-0.86961993454202424,1.2618790741646078
55.038350770353908,-1.2127828441372479,-0.07541248639055316
54.831336863474746,-1.2039319175377057,1.0048341891107402
56.448715910059803,0.53232264695677356,-0.78302271816315361
55.894003754563578,1.6556519731676285,-0.20292409375925372
55.215108474590885,-1.4760512240019859,0.35004723186534853
56.674364449719093,-0.40410717083677011,1.1391879177729467
54.873585084388111,-1.0826058943506798,0.70196015236977316
55.933387082914507,-0.70438525532302765,-0.88695284127377894
56.574272507638064,-1.543453493514483,-0.30428446937007125
56.000057498488445,0.22575470184684343,-1.1756043771233156
56.957751256393983,-0.28423498743611619,1.3205623222469718
55.750876268136082,1.1551698584079839,-0.38012150882551543
56.013333653496879,1.3822647267086952,-0.041495593520011337
55.775639802066941,-1.5381131106631276,-0.18059685530298747
55.403728044311151,0.73486593441681314,-0.93758825517421118
56.457555044524334,-1.2671058292720814,0.45083964591367737
55.711395060297782,1.126459255831652,0.91325250942307834
56.424847516509658,-0.93651578645410438,0.76320402729905512
54.916110736112529,0.91615140216347624,-0.9091893813068016
56.574973532094063,-0.70578593399148248,1.0325705415307458
56.529087129321894,0.221503216422753,-1.3565403452497242
56.197752181688593,-1.2878045250441201,0.08815057552229516
55.396311068486291,-1.1414052477029601,0.9614635192311648
54.844638751025293,0.41567714314548621,1.4918721337629199
56.994479237996522,-1.5219400309338853,0.54976366177091374
55.271522482717792,1.1201516924597912,0.74247295541708658
55.159000150347211,0.74119944407785909,-1.1923651363681993
56.391158217692357,-1.0320672602524346,-0.64004161134219761
56.176462375363904,0.37381902736645178,1.1455954985810368
56.640264837984525,-0.72242263071391577,-1.1537955213189908
55.726920042390532,1.4404744993823662,0.22998561842777926
54.863091018057354,-1.1839464255735062,0.39053344611192514
55.836511112421114,1.5328120379094603,0.095784099270900383
54.964902034040747,0.82803033290197425,1.0781559620756012
56.648820852565756,0.81075976421840845,0.58429457076731828
54.936493805330038,1.3450419422528179,0.56044769626865387
56.59646095016749,-1.1416408433591332,0.44896050287887429
55.511544171292542,-0.35393666960845815,1.3516211956798632
56.008269424819574,-0.1716247171060199,1.7452802911241276
56.635883801139514,0.60169536281718616,-1.3506490014788981
55.601293716024479,0.075560010901123006,-1.6700165332127492
55.081469851647796,-1.0232975874270149,0.77888740593684946
55.496856506696012,1.3185265653832381,-1.2448950012057574
56.069330395566112,0.11672839011707274,1.2009557652317484
55.958526121268719,-0.043736746524840116,1.4976076489378327
55.029443394743765,0.66350930482825976,0.48975773773344405
55.604258810217353,1.315654253170935,0.82407319238640309
55.406132740368896,-0.38924403818343312,-1.2053531211679211
55.256720487752652,-0.35444005889919583,-1.6090907240914234
55.976757140030209,1.2249437880911449,0.98566460083257867
55.543245288805622,1.2062438775616595,-0.11427619847813224
55.718668001395898,0.75162811929976192,-1.2688070687315518
55.336977085881379,-0.35336208174299211,-1.2491983655276133
56.205502108539712,-0.62765586215167501,1.1320312413952809
55.17499000791733,-0.82001053585585804,-1.1081128814629706
56.643972627223839,0.31638383032500655,-1.1135729798828362
55.184502914029395,-0.14935441442039021,-1.593172289317349
56.644422394940065,1.3076613121369542,-0.70537675021348956
55.168524406656985,-0.85197333035802436,0.82690661214605898
56.591695297398566,0.45166486043772414,-1.3872206472577038
55.417451338256505,-0.43425560398678453,1.2015396771153615
56.126669265381977,0.98218150461936626,0.73591257321483949
55.021903209958971,1.2500744374975086,-0.42478139429684708
55.855880571569216,1.3969970113093473,-0.62030981688741738
55.552874887504188,-1.1966861962930635,0.80535325744055375
55.989215336008478,0.70062813977412031,1.2748225365873456
56.585222814835952,1.145257390905362,-0.42343155267334892
56.726728977315474,0.85047713133529779,-1.4381790152490759
56.951089062213072,0.60822019712213105,-1.079615499091219
55.843570519226098,-1.202436928749842,1.0441096280019593
56.103302397288509,-0.052671922320682948,1.5099272999563886
56.606021579905537,-0.94800355334647823,-1.4668638708837094
56.323534792683681,0.96840392444939605,0.67476707296481042
56.447159810900423,1.2135161776344661,-0.76177293783923461
56.275244511532428,-1.6439578272902688,0.19164850833422517
56.60927202905075,1.2146476597372373,0.74504518626009208
56.471203238207806,0.52407588687925255,-1.483787203797031
56.224283890428843,-1.1393851328657927,0.52966257459376287
55.305688540121643,0.57359350596422631,1.3446548016125635
55.383106702643516,-1.2908544732580189,0.57678715916513301
56.686036188623277,-1.8054571756830646,-0.42056363631688815
55.026024091851582,-1.324298323006933,0.34372740491154835
55.186476063611273,1.4362341604581508,0.49827966545233143
56.231765328318957,-1.2880957631378991,-0.34932591552965542
56.118508269754741,1.7064109585136802,-0.71826711756012973
56.122787859759065,-0.0099155628828873129,1.3452628666929114
54.99707727986727,1.005291418813359,-1.2807179690417108
56.211797802209063,1.7732307011852202,0.17993313767824501
56.281042319237223,-0.26209935532380746,1.4371602245723227
56.230670370902658,1.254787470837962,0.24884477504133645
56.44682553597633,1.1625252995874717,-1.0278068261692492
56.158513757711937,-1.148288818494309,-1.2928963853446074
56.622242124828546,-0.8667227859318718,1.0417645934638502
56.229030035422667,1.0161923701134536,0.97065177257793878
56.024369120698047,-0.15181112165190963,1.3251574199945857
55.863388072171716,1.2231454298077158,-1.0204854485805166
55.712170183150121,-0.35967446233989003,1.1893389485441215
55.749615268361538,1.1547020533350427,-0.47036401111620713
55.219711873024551,-0.11792128113103054,-1.0529980858931545
55.854827834918368,1.5230202933676729,0.60055491075509937
56.667102647623182,0.50746477684964408,-1.4334855977217227
56.188246855333311,-0.29268846497004941,-1.2491991124789832
56.473135529743899,1.2434161812548707,0.42460845166635575
55.141611908429098,-0.33400170673597196,-1.2942731808893573
55.725310764223877,0.41121956913523122,1.5577207698611848
55.327487730957827,-0.025319814214589294,2.1658346194573861
56.02929417503826,0.91849022914907641,-0.63434194280705769
55.988650178529703,1.2227238389124839,0.45914952227698047
56.472186110522237,1.7493667843350182,0.3621636269636917
56.171275824117807,-1.4954445783809089,0.049048471166939223
55.465947629461823,-0.21601187189592488,-1.4371152842368835
56.277966252357196,0.63205343297181149,1.4539450418903337
56.708439527412366,0.85225402803610251,-1.061104566814931
55.503592064441072,1.2245437373404131,-0.85511450985730386
56.451383635813229,1.3572634594365327,0.32042677543794401
54.983634807497069,0.064561040641932008,1.5445418873882124
55.613538287617239,-1.4795169736367562,-0.41779799043233218
55.210180653183102,0.90805396095875779,-0.93546720522785121
56.189397473283513,-1.6445966957755527,-0.10821761749637793
55.099502101489158,0.8613236719161057,-1.1841847003713246
55.12994379524509,-1.0395846105849698,-0.71889168442227602
55.450516563549776,-1.2699709226082343,0.23939558727836621
56.348000849232669,0.6407744701939363,-1.1728051989042279
55.111831012345462,1.2360601235968418,-0.31640766791754393
55.043965042601933,1.3191515818999511,0.45830528720562108
56.068322309474446,-1.3191922353335599,0.43219703694308176
56.746835641676881,-0.71558312366949106,-1.0143861096992093
54.881526764231126,1.7035682527695923,-0.56743089699627969
55.761251924773717,-1.0756431257286951,1.1124454325851705
56.568223440280264,-0.093889163312952231,1.5314181463675181
54.979434567660888,1.4314476588013216,-0.85296917581009768
56.037898620950102,0.55041576324578545,-1.9199930504681277
55.354356909772569,1.4765879949955465,-0.40658296287828272
55.202113703475803,-0.41426067701647917,-2.1009689711647139
55.691458744864526,0.80645397147557152,-1.2954173241558178
55.428084377977754,-1.8704809494596772,-0.8609313783674295
54.95100838473838,-0.23269793674823328,-1.4864497953593656
56.597918924336867,-1.3041701268119281,-0.8638445529101797
55.64088463753891,0.19919535017370676,-1.4917191787785247
55.755741369302847,1.4637997089456367,0.80699939722919278
55.595463203612312,-0.53927889693267572,1.5104379736571927
56.670447634832918,-1.3070510959093005,0.55221250178484904
56.759820324557587,-0.36549506440092966,-1.2489107420992733
55.095576522244649,0.21415040378364267,-1.2393259845136086
56.034448300576173,0.21147625787176727,1.331202970563991
56.111083335315456,0.97475703548379333,0.801936755152586
55.995610654987424,-1.0510506534758932,0.58887069099776279
55.110758768048086,-1.5299887227573794,0.33677048621752198
54.885380732306942,0.73522288920241674,-1.4680614554433404
55.41623187383933,0.77454941986238612,0.9831503108037235
55.488187906617924,1.1883338605071956,0.71153488984511892
54.926037417702958,-1.4578711342908999,0.1673593415758956
56.722776150557557,1.4357527549578022,-0.20424908263925101
54.877644977331933,-0.41348105701747945,1.5693110342168166
56.52523510723077,-0.47332702035981489,-1.3368522876117359
55.138134617991398,-1.1088948221696804,-0.23249614362543364
56.80732522201842,1.3822156050964727,0.12391949707569173
56.619913694122253,-0.99572066670264869,-1.386459935559327
55.695714217320834,1.0911916332163547,-1.0369737786442261
55.792724823617583,0.4454559324488615,1.3740664505094276
56.731537753684506,1.218200227167952,0.89984246234637688
55.066838332248935,-1.2358285085447938,0.99444005084801113
56.262878473239162,0.33652713869521611,1.2687958302718054
56.079995445433489,-0.1796286575653189,-1.3529805841757243
56.018277442713291,1.3813771344883745,0.40283818865253035
56.140952895777637,0.015479635338226607,-1.3701754162018156
55.980188437043765,-2.3612071286338843,0.28282217748924032
56.674780547409419,0.67383779767015417,-1.4296793337801497
55.307795372257488,1.3973984861219784,0.24886568193040096
56.53559592548639,-0.64658767101441872,1.2439444318089066
56.638653675815348,-0.10095308624273532,-1.4437908414493166
55.254071790552565,-1.0688827721351679,-0.9424160876620985
55.906758550389362,0.25532135781173487,-1.6123286977088556
55.597941008461902,-1.1728399918624814,1.1448347730029893
56.148172189837545,1.3210476588680427,-0.37348262467366455
55.643518248708368,-1.3705362227287048,1.0717354693448846
56.388665601425444,1.4393239110845022,0.52799449055622494
56.382506837844929,0.94345044581562088,-1.0744771115145226
55.475812905368066,1.1870973768675801,-0.78152203162066314
55.311641832062058,0.51465119935428438,-1.5398590185486274
56.130626484257903,0.79149443506975159,-0.99574124578901368
55.824383696329186,-0.86277720792460288,-1.1888309477300278
54.99304238288412,0.44321330802740427,-0.96439499294131048
55.491475580712091,0.61303972292733089,1.2366241875411224
55.450047154780918,-1.3857892658336461,0.15053092645278265
55.114514777442203,-1.4018632012552641,-0.19571577080525021
56.316463119774205,0.78263059398223733,-1.1159925636834929
55.358600440814804,-0.82232938827839497,1.2991324878347335
56.47038348632978,0.65029497113080892,1.30498553087035
54.870992966882753,-0.20947654195750343,-1.54311013481755
56.832842338381646,0.87605521446284906,1.1177035607979542
55.903410991601476,-0.39661242228421556,1.3324186539270266
55.375470617999135,-1.4446731839000215,0.58987693781851569
54.883419999385353,-1.9318554221883053,-0.81076845622708116
55.321348493915643,1.3286703331856822,-0.3458889030215811
56.797995805128309,-1.2298096632180464,-0.31895275477452489
55.251328372989256,-0.7886698458985304,-0.63909907115603171
54.953483299149198,0.31333672022297826,-1.9187890184767293
56.463149673416503,0.02024971450377136,1.5557555849198463
56.456643226150725,1.2249342276803015,-0.35569116392187322
56.274532160618691,1.4744592457627288,-0.46474297122028102
55.370668134548168,0.0045727798070433652,1.5310296792705851
55.818800586571811,-0.52134682281400913,-1.2684203439376167
55.343026114174123,1.8631844540482783,-0.23227062287103281
55.374045756471055,1.0201741920545482,-1.158474516518099
55.598803081680487,0.46562799131979671,1.4707196968835805
56.525622971324637,1.2534843908917577,0.61814316387607815
55.059450682028029,0.63094685116905957,1.3781774554535038
55.62551304249201,0.55123932415071297,-1.4493527898702372
55.324424888079157,0.80242007216464428,1.0929057041012045
54.779195017901216,1.4452208375393072,0.27294960356127107
55.902585044768962,-0.03248878311254335,1.3779055543303762
55.932038533346713,0.26194942904653717,-1.3902537613283221
55.126404832686923,-0.32551493519589125,1.7941393842150366
55.48039195243252,-1.210152107010791,-1.2943665038074046
55.473282983588199,-0.68148090631392944,-1.3404348351794375
56.18121316599656,-1.0820139090984402,0.64346003292476839
55.322962816310536,0.33853648393339858,-1.3961726860153258
55.227581878952151,-1.1568373872640265,-0.78751967009763091
56.014503590765905,-0.90854531081629752,1.195668706250373
56.109397383870885,1.0442688040462496,-0.62510518459731534
54.982240547400288,1.5014107102101157,-0.67058594803291205
56.142094853977525,-1.2798020853462702,0.48531366726796882
55.457259432141143,-0.0055315056523084641,1.2353403717905258
56.475147145897388,-1.3508242508515662,-0.79855282842108699
55.368148368411433,1.3773919856103161,-0.54304151240190923
56.060477383791323,-1.2490007304939235,0.12100791390096075
55.931706147233335,-0.50651483198439273,1.6444283671508653
56.643785485489403,-1.0301138783437385,0.59715423732569883
55.243426535159649,1.1501904139200896,-0.32357413517154154
56.450079077777403,-1.0953285195108489,0.87583615523855651
55.462373614833048,-1.3084189678274307,-0.8759036708656015
54.767606100374273,-1.2212212894807803,1.0189770749655418
55.471608658111258,0.00791356022323997,-1.2804385822953723
56.211084769766259,-0.85810678771491566,-1.3086219854939964
55.853153429336921,1.566717375382189,-0.092326796852817763
56.147992402961805,1.4349877385545524,-0.75082463014175715
56.154994264660587,-1.3181452846575921,0.26603830504258441
56.084359564196838,0.75962903255420078,-1.2102622167861481
55.76606933001954,-0.57842235984775536,1.1426511835775757
56.218002540322651,1.1641998433667133,0.57846631184914377
56.642441851946415,-1.5110660306666646,-0.13892853170559782
54.805981127203353,1.417374634940479,0.41434839099383564
56.42215282857579,1.344258935907199,-0.77599187186366747
55.648444393974245,-0.80825326018006349,-1.3682845602624087
56.048190079355123,1.0822471923934416,1.070721520568833
54.742976934893832,-1.6824608453135292,-0.43565844366593659
55.461901628311963,0.85047335251573142,-0.81517137252118421
55.195386263538893,-1.417754278973596,-0.18951115207002162
56.360596922034524,0.807719684031732,-1.0349752068703735
55.644680224099233,-0.61453600950200071,1.4552113311060633
56.149793585597166,-0.57198722031999905,-1.1471801427875801
56.340778295323403,1.3537782805290433,-0.51698773944777565
55.125000458218594,-0.11313791675407771,-1.5293659522106628
55.2539625718588,-1.1396966522035457,0.26405396635615791
55.364748995474692,-1.2150660190662597,0.66036526618240199
55.63948001102235,-1.1338371180423372,-0.78676710432713448
56.295447642023177,-1.1236437983623033,-0.6951290532068275
55.142162809149745,-0.43180701871094568,1.5170638894976665
55.368506265522363,-0.37503329068046887,1.285331742961489
55.102459158244308,-0.39962988409244177,-1.4203033055491183
55.942122335699914,1.0991881998433639,0.84864634901804303
55.857185107130363,1.5378010263543069,-0.19953457848914621
56.232324752387463,1.3177411261628647,0.33958188450546711
55.631923678513814,0.24527255130336043,-1.065022096159113
54.804787715395655,1.4305997806341175,0.91091974770374085
56.393913889590962,-1.4846034535876962,0.32017298520038451
56.666928405983889,-0.96336783555775984,0.89564440595880679
55.926753171471276,-0.27908664071557293,1.2884455627359446
54.911596192607881,-1.29897739937779,-0.27442684401029599
56.49594095374232,0.55827298866442177,-1.3768506851386508
55.700288102564848,-0.62508106490362059,-1.2727135542567607
55.644836268813684,0.55366555482360014,1.3279890047363805
55.740588708912483,1.0677838347478814,0.87364444419203435
56.646938015656183,-1.2643688408691036,-0.049623560123356066
55.127483833335859,1.5327955870532557,0.23173002478693688
55.209613561824327,-0.25034237638610435,1.5991599125704277
55.494459615049848,-1.4410597421192566,0.34458015059668312
55.332665562593427,-0.85916051821733042,0.9046739258759795
56.329390215504269,0.47817558655876491,-1.2300334269874775
56.354875675885353,-1.1298945256619977,0.82483486220815039
56.43150512371286,1.2170875486160944,0.34427069856696435
55.610873839289894,0.10325805058250956,-1.1443580206920649
56.477582786753992,-0.76248688053646996,1.2636149480231909
55.487916387294831,0.49326056048541911,1.2237022735686431
55.676537683353999,-0.44593475796921328,1.2524254894254869
55.150314861736767,0.99982452959472068,1.4567466803836777
55.547818397438981,0.52944082141193294,1.8022640623383257
56.785084403460857,1.34283582191282,0.047166567401174662
55.825947919584372,1.2829855476530971,0.28715840281595417
55.82118696659883,-0.98801621608867407,0.75150446934248383
56.183337055178875,-0.89475199333533117,1.2314672710910728
56.110868883331833,0.18782000946076055,-1.2235087011458143
55.434816355308826,0.039420493626266873,1.3658416807052067
55.03213653466981,-0.49048314006453164,-1.4530184549616827
55.217354370784065,-0.9231430264677648,-1.0030620301287438
56.625486743708713,-0.5964548304964632,-1.405577067265279
55.028099569234435,0.16178617727997421,-1.2487854791409401
55.118084921340404,1.4254387979988785,-0.01182725210188083
55.351819869990926,0.60374881821568049,1.4475354587092046
56.595543243890333,-1.6340730641657701,-0.40437091333548181
56.376365782365646,0.58354370567172842,-1.2436275929616043
55.678011355937713,-1.6054355151163653,-0.38222302781121864
55.869417845366122,1.423862832243066,-0.43500839664195651
56.405702519855836,-1.2245923391041833,0.83223505270251552
56.450708447175671,-1.1535671959121325,0.97782257650013138
55.031189991360328,-0.55858432872452923,1.2811385320215152
55.627997078652726,-0.91253252691625941,-0.87785169240002336
56.335191742552148,1.75958587575732,-0.23290545623947143
55.325930828954469,-0.79031190112785488,0.66680052481557561
55.999091234640183,1.0497198135658747,0.89776572728876691
55.531673794869285,-1.0518019387597242,-0.47299680926237486
55.966646864929018,-1.4718101190095647,1.309442121749683
55.132915844109128,0.55759134708128666,1.5202561335396303
55.083088087269523,-1.2978123574444596,-0.97592692710196516
56.611698298316554,0.49538571125826247,1.1803485428968128
56.360837755817521,-1.2912707295263728,-0.25671620433218412
56.492562313541747,1.5210106059660768,0.7546155408814027
55.192447470091288,-0.52444898775181192,-1.2820064319791784
55.851384317821619,1.5025090482937782,-0.14318857058665405
56.110680860261702,-1.1131603024458738,-1.1385887871233031
22.379267349883065,-17.889335754207348,34.798519050153232
33.465785761869419,3.81955965289414,-8.5368559876265078
55.131324231988181,-1.5747766718181651,-0.33900724956137601
55.619852428099158,0.57499102932832824,1.6364338395764526
54.944277880921533,1.261605717104844,-1.4010001175687801
56.97982490546265,1.514871332761305,0.025897304386781256
56.54034336869907,0.31840247086646561,-1.0844265497717693
55.792088272865307,-0.96735464983696995,0.92894447983022843
55.604214087669483,0.0038641535985446179,1.3364050734483699
56.152029675435223,1.0656566813167887,1.0298476549036377
56.114964766640576,1.3274360844541839,0.6291082581312899
55.173867045746825,-1.2326095345297294,0.76120360854942426
54.925081134908211,-1.4876785610203036,0.84922899485682302
54.865806397010154,-1.369133063544232,-0.31139185675500425
56.67208447569292,0.76561703363599121,-1.5458731627197337
55.342833332259978,0.92999315085576073,-1.109788071177831
55.5929550219766,0.60858019307231537,1.3663555016484719
54.849695835718421,0.79871650628880819,0.99663178135632002
55.122875669933961,-1.054253185196679,-0.42319862812204134
55.643537078817552,-0.94381329535216707,1.2656239779505722
55.583016725484576,-1.6327811421225458,-0.70404195722886387
54.984259529685161,0.81177143277271624,-0.83670006460256952
55.131812620010265,-0.25975843727993847,1.1708964875689023
56.313634440462124,1.3424683871061376,-0.79682907613093268
55.798970939343278,1.1581391936025314,-0.91640486461128978
56.371373879871555,0.76654288622166977,1.253318041008286
55.94392089546465,0.95657930654082346,-0.4018512361817429
55.635215016409596,1.3131728136814094,-1.0047488361533976
55.643658850224497,1.3227598655123876,0.53005116563746812
55.954261440789089,1.3004476020723574,0.41783072704433599
56.532145731204146,1.1334095125683397,-0.12010015580816853
54.776011319788097,-1.4874602988332779,0.69179938830332011
56.651467676962241,0.61636029539609583,1.2932703850718332
56.426935235037604,-0.40826426174037139,1.2144316107033744
55.289543835274593,-1.3983013865030418,-0.41043628419252837
56.492561886482655,-0.18335575885119826,-1.1472748620173892
56.264766305024608,-0.2827312993285111,-1.3261980428083393
54.973399129909374,0.46622328480402914,-1.4780423999530812
56.00223441228632,-0.69669484477350818,-1.2161871852492911
55.41578464861476,-1.2144045070230953,-0.7694448002424914
56.143446715088736,-1.30189335545253,-0.42193492931776838
56.373496208710051,0.98973485427305186,1.0377899228389318
55.935881354449158,0.11804261331279522,-1.4354727787003421
55.786263113293515,0.39619596714204774,1.2903587803062777
56.544507335594815,0.80660407444435434,-0.93075429772153695
56.226136407415659,1.2463823464091597,-0.79639231402444355
55.007821734505164,1.2520370021292522,0.60008900722635583
55.340016206727697,0.46420560952778556,-1.3590817448603842
55.295788858559163,0.90102646498201211,-1.3742666838157738
55.913263739845171,-1.5352189491446446,-0.10243527894198907
55.805172628534393,1.2506042110735927,0.37926516406990118
55.207580604697739,1.4044179538322159,-0.56239544843559397
56.467901128229514,-0.75628438171687473,1.1807002550779393
56.127694954894146,0.86945524889364956,-1.1260524916498011
55.257109222380457,-1.0806470580710901,0.46884966806895728
55.080877158314841,-1.2605826065335568,-0.40523262716769881
56.411405320615977,1.5209072709914599,0.88516111594426805
55.770722727341038,-0.795280211415472,0.79371742129187028
56.265963010608367,-0.67805678595476493,-0.99615056568620342
55.909809868701821,-0.57378179717931388,1.1388721175351657
55.690086727461903,1.4059141544752394,-0.93741956526059078
55.094144347370793,-0.71430392408385479,1.2732281025030998
56.53772053590226,1.3610366218931076,-0.57549695265259437
55.62712668132356,1.2838938637647614,1.1610686523912688
55.161502793450616,-1.3610829738865231,0.19013177611501425
56.265103894932487,-0.87629570041465199,0.99631168473624354
55.015458351164604,-0.92588584407926566,-0.90777344985389796
56.574589750438442,-1.1148533435187278,1.0403115205961981
55.529831565331591,0.50800712510854207,-1.1924223214359393
55.826407548185323,-0.35140176743787582,1.2765064923640614
55.481412691776647,-0.85395477368114781,-0.81366775142715408
56.040565238137056,1.056180860182949,1.1347837716608946
55.787475285542534,-1.1815080585575799,0.81520057622801345
56.328693129764623,0.82943604702800233,1.5137834248988229
56.397608021040384,1.0813555323924,-0.93005170552921379
55.37272594135522,1.3467340560373562,0.022023386020755001
55.996172798381764,1.2691689492687743,1.2451092675659219
55.404946574150138,1.3063233598713369,0.026148209772555955
55.065187101115683,0.093702134366492565,0.78954427070674049
54.763212031845661,-1.097405382769731,-1.0327687022443415
56.638668988620964,1.3579500611349,-0.23028383776984845
55.351926620240853,-1.7104372140320836,-0.24292749962389121
56.852425036142087,1.1494274944299168,-0.21729893072592524
55.894660792729496,1.2366341427167162,-1.0164071582448746
56.618984834100381,0.10233779153235996,1.5718385556662553
55.667687097077454,-1.4440709068689275,0.089938663006576297
56.573794834099637,-1.2358861677012025,0.15135561988878848
56.083925552762231,1.437256191471344,0.51957097872865754
54.95754504012595,1.2749595035470098,0.16984109280600965
55.081983031172605,0.19233606547084589,1.157592745794394
56.709862281485087,-1.393065080842129,-0.3109815776540768
54.913163626978594,-1.3214468179346797,-0.56601848791049703
56.449168300879073,-1.3452090415459967,-0.15225675568846059
55.070905260869843,0.30549827674889185,-1.4747539190795151
55.00154940267366,-1.1004687021783699,1.0529537929779764
55.537218832975505,1.6139376452611593,0.066819678644886596
55.988977446474472,0.49934534468343272,1.2153149924067013
55.630384558933251,-0.01086068202155893,-1.3981821592197736
55.197395208372008,-0.078957916281571866,1.6555471373334514
55.662810367307429,0.40844063628170563,1.0903437294509624
56.33243021355748,0.79684070230577553,-0.94165647336617964
56.529424879818656,-0.56754056671619035,0.8495355094528545
56.286648645393527,0.83781691565565652,1.2019805316848688
56.667495865656726,-1.5917312769223826,0.036038893625806395
55.42918024286535,-0.61243585885932061,-0.97162073764429235
56.485398908019789,-0.53438728209019193,1.0193714219603887
56.877394435549299,-1.3312641545970882,0.19638374802602651
55.242753051959298,-1.3835497213268291,0.94133295577760578
56.527522863740863,0.94833868965080848,-1.1685774792762869
56.347746328030986,-0.37168434043217413,0.55323461137631924
55.785241048969191,0.65437234421822899,1.2648650369645198
55.087807449438614,1.3455499368920283,-0.42078063758745504
55.177960460326162,0.46535617129941431,-1.5016909121508271
56.365718189381525,0.6569700163450809,-1.1367417829893036
55.36421710281779,-1.166311768746876,0.39274582580268208
56.618858396999855,1.4665983509093983,-0.12724471469853019
55.999523736428586,-1.3222495747536964,-0.44145922279032157
55.209277256188948,-0.34424266022021605,1.0713856996743678
54.892863770538121,1.5012912132600966,0.73748120056615107
56.04953051825526,-0.75017005728670105,-1.0102128146031293
55.694401967557354,-0.025324547386724572,-1.3522827621513027
56.579219758097082,-0.85022507912515022,1.2334989745651446
56.419846364540049,1.5530233663956057,0.046433076696028815
55.010222563164035,-0.019324126152117222,1.6312825353540494
55.50825889666686,-0.054562054936782692,-1.3478957918339813
55.199656859274612,-0.10683693474749079,-1.4529705210858048
55.480571344241397,1.2057578018044806,-1.1990039651923057
54.996130739717501,0.23058850539591888,-1.5204070796912716
56.652064090971308,-1.237231669318325,0.3476472190166302
55.641137362045868,-0.054852343195719057,1.4851499224333222
55.416904892204549,1.2689637593790826,-1.0028006675693915
54.905741338077164,0.91967248938196489,0.90715818564410755
55.125034197243288,-1.4441570351143369,0.92611640936738804
55.878178660781799,0.81802148575342559,-1.4515824123825232
55.47203979864323,0.20863827754652672,1.504995110508546
56.571300014817055,0.51489213059430394,-1.1661648547285552
56.2612877874963,1.4182917376770181,-0.1308501499566623
55.226383294791738,-0.88087286645011287,-0.89592237387424223
56.669522017684777,-0.8065739622208592,-1.2674549467217042
56.815979157225783,-0.70473594998817735,0.81455869001250958
56.377064072534623,1.1583798260969829,0.42907370268602385
55.975103130852943,1.371141695461126,-0.7649259458258838
55.132241465224453,1.4086751615515842,0.11524603297798565
55.033862179722867,1.0863910854182277,1.4694348505578969
56.118259139206316,1.3367008376061502,0.43733412352265227
56.530801795439672,1.4285245323095346,0.026432342918998666
54.690670122097949,-0.22286497423166243,1.201701961849037
55.924346803936189,0.64859962920518466,0.9651543157246667
56.571064734889937,-1.2103686267216267,-0.09441195420577779
56.634166639982254,0.40128162594731726,-1.4961179008573664
56.47448558394349,1.0298741447578774,-0.98155968228453194
55.437170258670037,0.32236019351368328,-1.4379805275920299
56.685426487310302,-1.4969788695862665,-0.028592654367170272
56.214475197278901,1.3769790877828914,-0.44300684842793919
55.82958780344385,-0.91384545137317819,-0.98803051585614743
55.32091205976063,1.3490480530935494,0.094420900004537595
55.528210252207714,1.4558039577470288,0.63617900711928377
55.814857827293324,-1.215921671763708,0.78119773463154774
55.709801127424804,-0.1770474212261465,-1.5374490390180686
56.100099724636294,1.3500457224119615,0.91286673982946764
56.311153761047549,-0.63643128192089171,1.4513505814957486
56.00893469550514,0.47951882082667446,1.2265192441036845
55.862854488887628,1.0808204376498096,-1.099917555500656
54.995916057944108,0.93818915393055835,-1.0179554095359218
55.709037211246375,1.2343334793612619,-0.3997184921516132
56.319360408653431,-0.49847056662138295,-0.9968194589621806
55.618622799976499,0.31908201769389982,1.5318015104853651
54.859300351998883,0.12552949302831773,-1.4981812282431293
56.179496111850185,1.2276956686991689,0.42743131760635611
55.718866092134441,-0.92797376824893441,-0.8315895925556136
55.949017181191408,-1.1766559009715873,0.76875180651347563
56.708115575772325,-1.3966662190351604,-0.27584657554431347
55.083196798403165,1.3153771324739127,-0.22714987818618754
55.860538068752255,1.3960144814378621,-1.067758280415039
55.333798641874026,1.2879995324342723,0.49192929866151769
56.014434768254048,0.8111118194064082,1.1084434717848244
55.269356816664285,0.8654332129449045,-1.2762826621898533
55.776708248896682,-1.0258727767665132,-0.98424033371287645
55.196224416995939,1.2635219211714235,-1.0388700136683739
56.599336187870698,0.073267336075316256,1.5619633308954466
56.224951010954591,0.76904209272619062,0.94927696969782638
55.446438856790522,-1.5866484201609492,0.25878914860720853
55.762458883386039,0.72280417296739619,-1.4368689021025809
56.446647935441085,1.1250936605052053,-0.99121994470309394
56.264787479486678,0.1018899999749561,1.29741622946857
56.760212741769685,-0.83213419321226345,-0.92801715255548822
55.553176163245112,-0.95859537883894663,1.2353670741385978
56.665707061971183,0.97345165335454986,-0.31335998891727784
56.184503884380725,1.0757611299929306,-0.47443064643009558
56.132953391976237,0.88213552600963763,-1.1962564183118953
55.406298338886707,0.31419754288571045,1.1586235185596203
56.374830929782554,-0.50072612926442328,1.2517944834819228
56.006620066698197,-0.34983968993833181,-1.5746275473624165
56.487658860513676,-0.31304064634148471,-1.7039399499576395
56.235591637398684,-1.1270120160868424,-1.1154391336113734
56.125067345340575,1.3336045209664722,0.55443669109206006
56.331290060319937,0.18006417217931711,-1.0822248122316582
55.594208037768851,1.2456679669405026,-1.3402848262514231
55.015125845251468,1.2287520499843483,0.81548366054964205
56.023805667198992,0.98924380441513671,0.71600910411366581
55.606559065656157,-1.0350221987195614,-0.30159247708296127
56.125115175768656,-1.5631908829071264,-1.0294976142027152
56.22041994132568,0.20129760894435875,-1.4313045852604853
55.078656391341312,-0.5957817162265957,1.3222496929584022
55.916932248229905,-1.1218323359851359,0.75981657201003516
56.699357623412077,-1.1490124397211694,-1.134338919027795
56.081916995172065,0.81732875330460442,-1.0564290166999732
56.184822054537939,0.0095538013710994261,1.2764527882281858
56.500474389426813,-0.98999653979102442,0.81392442996920966
55.727416699862296,-0.82436702414478991,-1.2039152609170714
55.830160125076503,-0.59299599821348714,1.4882369797874802
55.229152482671381,-0.73157512436994077,0.78422896522148644
55.752989640250178,-0.091788103400710294,1.6712831819854115
56.505241242299029,1.3618864549656424,-0.49868861468380055
55.939068593674378,0.26421507990555892,-1.3480152536595429
55.030653844092001,0.23425621551580308,-1.4729953745315563
56.022271572395198,1.5989395596696683,-0.17200677224253227
55.714875046757719,-0.076818923735942485,-1.3525926796445404
55.62234672792858,-1.2062456015321712,-0.77308505492636959
56.617775283224987,1.461706906070432,-0.49515202397459368
55.769439527120795,-1.3253358858408049,-0.8350358749666672
56.356819774727107,-0.55553892685967754,-1.3867132614115665
56.099157628210037,-0.14977580244115565,1.8013140368825786
56.061614182123577,1.579876612662394,-0.29779791838878811
55.380658860905186,1.2477892643409374,0.88696058242605291
56.173744213141667,-1.4797812994959099,0.57776441212963459
55.314791725254175,-0.7265295732411795,-0.83060867449606124
56.537138598790172,0.1497255048926279,1.4461764606976621
56.011723483612052,-0.16551478325017965,1.3039245476499579
54.926466169319468,-0.55766181243272994,1.5900181035609613
55.764097469531833,0.96924573506006551,-1.1901177039225526
55.760652413939056,0.31076992562351974,-1.5811265545424089
55.946684531905255,-0.98745957280497576,-0.91367683404535061
56.416641215525374,0.80218254110328979,1.0027108680883725
56.461144959805118,-0.89719438140090824,0.54538126151679223
56.20192416230794,-0.7684035286508214,-1.380042751935695
56.014149282263574,0.34770946833053551,1.2057254894572416
55.97378477792325,0.99021015418982117,1.1597316555811814
56.603881729900635,-0.80397496634249666,1.067395314945828
54.936090864367507,-1.6276411694442849,-0.37151598698761584
56.790341008137922,0.89070441612221407,1.0093889845741788
56.390979165216457,1.2180515684385864,0.85411315710233937
56.462020340798766,-0.68640338760993347,1.3833455236318746
55.369235465928782,-0.46800145687299327,1.0917892246758065
55.777241987704329,1.2939382256937075,-0.038638217667229212
54.974492214373029,0.2600033765206935,-1.2451784918244608
55.917276392746224,0.36507852696567317,1.2673220529272424
55.856731471336701,1.0642360213308619,0.65767183761429937
55.768496283504255,-0.92824101656309588,1.1351189150581069
55.030289864185661,-1.2967316570201612,0.80511213188219122
55.790151647048447,-1.3083235127070456,0.72549001844820349
55.514705005773877,1.4968495341775787,-0.0013457772923374219
56.248739513447219,-1.480757022076,-0.046281494089166514
56.16510874354146,-0.86179129130094256,-0.93728541581835012
56.368733842959863,0.30987595067970042,1.4417162691100363
55.962024180723418,0.96827283345637549,-0.084403311611320017
56.224493039252557,0.72914423309462484,-1.773880893490424
55.762785732735388,0.11221116546492227,-1.5665343227603847
55.486157874605333,1.293031566642693,0.29078613119836039
54.819208443829154,-1.4482812850454472,0.20888648803038906
55.647773260981701,1.3577772528826142,0.076584898054148531
55.019035954998522,-0.2332707413258949,1.1868235245303482
55.936501339442962,0.4730011416362051,-1.1198135408198242
54.979335674731765,0.92194544584212057,0.51108578128305016
55.618985195258389,-1.2759393541033723,-0.14365538688902235
55.613211135563702,1.4759790289752861,0.39571753625550621
56.0588730803169,-1.6998815901083209,0.44595186800841186
56.682577402201055,1.539916418933059,-0.26403167325205296
55.657586607017322,1.1263956978497365,-0.45343493831270348
54.994448720065904,-0.21993020307531763,1.2168163961577274
56.728203075922956,-0.68023966648125667,1.2425030943604845
54.941170035124479,-0.66825818032164774,1.4340571783089993
55.438237170458684,-1.4060134239815518,0.72130237092178728
55.539787835008553,0.74464215670016454,1.4539867631059484
55.499720126799453,1.7437356566560187,-0.11043097183266241
55.006630129473109,-1.1008239943949472,-0.9694369389949441
55.522829857107851,-0.84004354695448646,-0.96408374092919935
55.855818558851084,0.80373787472999303,-0.72360651495072204
55.330189039063221,0.66410092202389592,0.92414706107779343
55.390514531583115,-1.2005842627634218,-0.97752600499187348
56.040082859824459,-0.29840888942480154,1.5393786176706392
55.381976643573566,0.60258004720476466,0.96034391791981055
56.244807060650984,0.60928481893171504,-1.2936529796089946
56.404902194067006,-0.94774002981415051,0.79803270620583022
56.354596501624158,1.2642290537793757,-0.7098417570236607
55.27606787656385,-0.78599040438676648,1.223600184445139
55.941812412938773,1.1720436064804061,-0.64176736318880678
55.622429840704669,0.9051625334125899,-1.1718261036212931
55.852258881316665,0.0016601338983190366,-1.4635677144579999
56.490453950956059,0.34534743134292872,1.2810553897912758
54.922404572417534,1.040771191094759,-0.87593979149115941
55.801419398737679,-0.90881736554309056,-1.0938913419698679
55.964428419305776,1.2735745126478943,1.0675016687530889
55.550803027897032,0.81559175442423293,0.98382062421859873
56.72140601077151,-0.6072482569151858,-0.84970214738675198
54.993899286660927,0.0086519683958231671,-1.2952122327250271
56.05990479969325,-0.29170411950576675,1.478599072625892
55.799050102362756,-1.3477829861287234,0.2843489658698426
55.95028389639841,0.81674785391921567,1.2174787831541289
55.877051993022789,-1.2207965809210624,0.66231635164586322
55.022925929494704,-0.40651302765816405,1.4126012859592467
56.186754607175715,-1.3535712674987674,0.044087215051692254
55.508664733514273,-1.344598830805162,-0.024814187043016231
55.101616579126734,0.87255471985178068,1.0078391726297724
55.494432815480629,-1.2378078441080638,-0.43795643956213387
56.2096709168205,-0.65964209206664648,1.1017643051002384
56.200106667649614,-0.20804362350803771,1.4230996443938535
56.163034860905128,0.56099677262963854,1.4799729254533416
55.32638938938446,-1.0675208172492776,-0.76209241273491679
55.799959726822095,-1.5125057515024942,-0.42300017219260261
56.351265798552468,0.97720974850650766,0.97464372806293609
55.49271400869123,0.60725243730922041,0.93371530497874233
55.678463635982773,0.89570502572099897,-1.0358596603117514
55.474248701918974,-1.4126536825698375,0.13543476356711082
55.2737850589996,-1.4327553440319492,-0.253267451294581
54.950886531669674,1.2950137506051147,0.95462946749783029
56.430384687523869,0.57937839909372968,-1.3835606354372698
55.081945050531047,-0.82622643974070453,0.91814714745124737
55.108283419358393,-1.1771677908072233,0.63109679504089189
55.06023022667442,-1.2095525068222555,0.48820369508902994
54.845747228378784,-1.113597306786257,0.21992068761662195
55.042293950596836,-0.85800633818651562,-1.1519230740969184
56.401900600027659,1.1854000485986478,0.46662026829306513
55.122422749139204,-1.7128947783772497,-0.43874852224406929
55.963119270675136,-1.4213775614249615,0.083484599853781274
56.300154645792738,-1.0811452981399519,0.72601036568298216
56.392998719495139,-0.2580592110737841,1.7878128364136217
55.585912819255626,1.208269373087111,0.85005988009660027
54.932892296278105,0.12444981343355868,-1.0745610100831791
55.942027374049232,0.82704618837636579,1.1235953674816377
55.520323423073634,-1.502492377917914,0.34800126927183783
55.476991759124346,1.5606779082652256,0.28823151192951868
56.401599528262174,1.2136336278240614,0.48386438358920769
56.173463691974291,-0.53999423097259502,1.5816820523151676
56.268269563908191,-0.64921547231662247,-1.3839458962334594
55.961129996963187,-1.0596480801229535,0.8561573383224782
56.30883997939349,0.02435469362860105,1.195444112611459
55.945482264333371,-0.53755997331550853,-1.2736493109800033
56.088020905167596,-0.22111875917425242,-1.6547725775028876
55.629097123078964,0.32875619761235109,-1.5105022473128742
55.935296247266422,0.82958409404771427,1.3006920892125677
55.800533952850273,-0.74168810586609324,1.2665493008988351
55.088012252724347,-0.89697038164180154,-1.4033851961181565
56.14707594532635,1.0266584948648092,-0.95539888241364557
55.819524286073751,0.10109320283436704,1.3564439217170903
56.390629104205637,-0.4799243807361932,-1.4071264043254346
55.093806556115354,-0.9660418836712249,0.90729599249819026
56.219721019326471,-0.33260902084268151,1.5612284498603077
56.537109249243201,1.4186013980687662,0.032008082810602932
55.178675002010692,-0.19208933690262239,1.4963670057866734
56.791070969059554,1.5462074958710879,-0.30655986669559643
55.282418724341753,-0.3656389084151257,-1.3642594081858197
55.285792681813305,1.3218233241793911,-0.11485194322812152
56.254294714866582,-0.76762200775327594,-1.1073524352845019
55.479865942904127,1.1396742184514457,1.011989273198743
54.800920231996933,-1.2306461607677048,-0.32650531221967888
55.31261956944406,-1.4152985057786152,0.98997338601097684
55.11825320175727,-0.59335628540893137,-1.4896476895501438
55.23431829148894,1.7761217500746449,-0.10017287743922269
55.680356193989205,-1.5474212181540481,-0.079433198221137188
56.321808441045157,0.73848296553020487,0.97262414594606117
55.63270532550677,0.51223035287971841,-1.0682944519005164
56.247459068530624,-1.3195250126077169,-0.84539826419882635
56.172509757670198,-1.3196077062072209,-0.62813078940699263
55.884416720123454,-0.33122413470245704,1.291430645921843
55.551632788435263,0.47982644777030037,1.3531017089934401
55.631193609385413,1.0761429702212468,-0.9157943353237642
55.299110886899953,0.27428288674072948,-1.303610890416214
56.595709879580859,0.64212824935537516,-1.3049271194681733
56.660401608615388,0.74556002394832777,-1.347427133640213
54.967245844162456,-0.32874209544994026,-1.1112683726692518
55.932747125848834,-1.3640785683205094,0.0054387522358950099
55.052854064088322,-0.94823955287003758,1.2731901068662512
55.409051622586745,-0.048383116034762912,-1.1807610180106232
55.897876123582911,0.24386841313274465,1.2175399830798932
54.938783337882327,-0.78595688286627396,0.7354630342141355
55.800797321069943,-0.25263150242899701,1.1323265364644393
55.36338514960589,1.3637163556653236,0.052132124718681762
55.334498384183703,1.6014183057385818,-0.64907689004332902
55.684907982575353,-0.0078217920479534669,-1.3114159744939189
56.067994943951149,0.29568843321515481,1.2396158711990828
55.954723825161153,0.91096964077858589,-1.0882090620218072
55.759706441498786,-1.3569059488370878,0.73765602690957499
56.008215636555676,0.57857896232816386,1.2703466619088031
56.877209388349925,-0.85077464745057108,0.66825071126733582
56.685726901528042,-1.372926651469194,-0.46433902686743772
55.845667081957352,1.2327919279632182,-1.3023448103265634
56.594121047444581,-0.75737577877478668,1.3530335894190875
56.501590724190436,1.1078638528306115,-1.1380988768724329
55.594846113690515,-1.3044312710265984,-0.85889090461483464
55.563731385072742,-1.3470776694970203,-0.56746545494793454
56.177542634593472,1.0283760344037112,-1.0005290087377743
56.283818824074856,1.4946004139480833,-0.22740617930487894
54.990351265228405,-1.0964613692860619,0.77169866869131765
56.27657605399655,1.6727287739383123,0.24862247660271475
55.303677925343706,-0.19734578979366366,-1.3636605537806277
56.676071196385976,0.29350213081717691,-1.3036855530408387
55.483745533584873,-1.2541463730971565,0.80259667430829373
56.488110475731972,-0.54778185788879097,1.3552410247409705
55.905865598787599,1.0621158436572871,0.7904476934720458
55.519061697118033,-1.2565641685032156,-0.55853346090836498
56.003876464344756,-1.3407899824622322,-0.27914218297763305
56.389567517244309,-0.37112272162312315,1.1282912580343851
55.94899044145567,1.3031557818906851,0.87007448302190993
55.667256865784552,-2.0205769189140725,-0.82830299249519979
56.581443047311204,0.97947513348450388,-1.0782232336904614
55.327905871768117,-0.99076599203433069,-0.90926122792805708
55.698507079829625,-1.0157663824797327,-0.51853174292167681
55.866230762605156,-0.20467247730151494,-1.4637688056344205
56.724840695076693,-0.13502522396063327,-1.613607390756179
55.301015602142122,0.38149557624686198,-1.2469314334028885
56.608200887635931,-0.96310130756065793,0.8056143935908624
55.596441492380507,-0.0054937707865612799,1.3213561914081748
56.228211106053067,0.39514406133906865,-1.0494862379722394
55.627929037695893,-1.3017893639139642,-1.3129957869305151
55.777756557160593,-1.4384010709068624,0.30718091811641957
56.465913461847023,0.42293686315390627,-1.2966166294672912
56.167075725460414,-0.88131598292530466,-1.2062762817946659
55.581106037716438,1.4505586227761169,-0.30107738006399604
55.636960103276891,-1.219200706626643,0.85083623100956907
56.124859875620849,-0.41970432514193656,-1.2591927989172715
56.56156273650565,1.1668697341352354,-0.14945085017675377
55.411302971024092,0.81752078048658217,1.0916789357591532
55.932922996191088,0.52257621952069955,1.3286533016698083
56.716199017024138,-0.82304646793828007,-1.3096468016347522
56.104642611848988,-0.6377925230877477,1.4367238397725017
55.811236748737002,-1.1720603335327602,-0.83416183496694396
55.111654648488624,1.579722773229671,0.47736104904609683
55.372407497756129,-1.2097063411980733,0.17348635328007578
56.321593954127799,1.0568326690292253,0.19853791348750605
55.304646581744493,-1.253329537293931,-0.29583109171496741
55.208450879223946,-0.48042468351474782,1.5714676020362117
55.147753388755227,-1.2079756758694853,-0.97720644315098693
55.576698388270373,0.43942665533024317,1.1486669415824979
55.872965767761855,1.2708392202035648,0.8960331255736631
55.029637830477967,-1.6618434981914152,-0.26557975232257597
55.06566654174199,0.60570548074941488,1.6980644026132279
56.579910915248135,-1.0130288455243803,-0.93872952025501466
56.642157821809228,-0.54187191269881141,1.2872640495886685
55.73277398931981,-1.3961022587889131,-0.21217699794331771
56.723070320024902,-1.2717288900410866,-0.32808843797343545
55.25858304695231,1.4462345538587134,-0.32754649252462814
56.273989142465979,-0.62142611175127205,1.3576637227182715
55.633582277214138,1.428527303550186,0.0041368314303429719
56.477575787289823,1.5794186785649011,-0.44401169008508912
54.929467890660348,-0.96875363202898135,0.8117572518364421
56.05519491596187,0.57758675897739886,1.3477979923583887
54.995350203676729,1.3994916842103444,-0.76334576756756956
56.428186933705234,1.3877783793687817,0.483904314027294
55.114873452394136,-0.91023520548483972,1.2140343001849239
55.379885383974077,-0.67080802110008608,-1.3984099287214133
55.11391982022603,-1.0322952331165374,0.88065686006532184
55.653339385559661,0.69459125364411045,1.2495824495076626
56.000761685464703,-1.1578777514624838,0.036837527489940319
56.259279576817697,-1.2339424132396797,0.85482897989182161
56.621262567830321,0.59339187876491872,-1.3714677531381316
54.895963761826316,-0.78612073405406979,-1.24441000021611
56.42053453968667,-0.13868887147829584,-1.0190483163941206
55.937592771460665,-0.006604240433807188,1.5129609679334499
56.042651138693863,-0.89233067783566933,-1.9737557765849774
55.981462970468037,0.20679316627847891,1.6815466929984884
56.468608193641593,1.0707891848590247,-0.99451269887070071
56.575255362000057,0.051156364013691689,-1.2780614251516627
55.636282986731956,0.99105421052473042,-0.83339747501714834
55.808584107655385,1.7545603481193435,0.14319734409310292
56.494153210705342,-1.1547181477462456,-0.36995988282393716
56.503581386326658,0.11011061494364316,1.4539276064490205
56.573507407534066,1.5277459752516223,-0.69815087517435725
55.985742492263661,0.84679144492865366,0.89061766447428259
56.569325163215638,-0.94921576824722298,-1.2975829798003808
54.711532169230111,-0.60345181315948693,-1.1339819446751032
56.584660094513971,1.2804082491060049,-0.5412076577125372
56.522745836345408,0.067735516681891844,1.5463336614375331
55.249487133619091,1.5410754294070608,1.2237675773856722
54.878923718851468,1.2318384526297779,-0.98636490951933364
56.260460501241262,1.3441529968887129,0.9431055324968306
56.316755789532145,-0.39233125145987852,-1.0819785531398582
55.526903040747101,0.86003105627195953,-1.1412619531057806
55.138958613295259,1.0179444615001629,0.44065445432434391
54.986752202763768,-1.6789139355316087,0.54824272115730821
56.653675191721462,-0.47846963269713866,1.2158230744234901
55.639823004671207,-1.4657716369393199,0.43402428144631328
55.306934474441832,-0.49487018227397045,1.135458495415016
55.050293813625714,0.21335445001356937,1.101480778326414
55.94637564913549,-1.656001264434622,0.45954595265323811
54.942037518638223,0.87742781665021186,-1.2730958366708822
56.00853150246693,-0.51147551444744288,-1.076630735448076
56.321288638020363,0.43190652844155186,1.2682948382421129
54.827195847913238,-0.88537680803399221,0.78113340028884426
55.488422037162678,-1.0286053525515131,0.93237414611079639
56.80332690146593,0.26639237043631075,-1.466448407443375
55.805790278893312,-1.0378656962531305,-0.96968759641312285
55.847303415385561,1.4184258822826883,-0.18037661231735816
54.910301609382593,-0.49976827025420484,1.169567744571878
54.928981824263545,-1.366638557758912,-0.39536611731119653
55.528671226465505,-1.5951986640989431,-0.20917529222885722
55.75665927311946,-0.97691546748232472,0.7742424072681533
55.519589998834718,0.40144890054145804,1.4883831281087474
55.212632317321919,-0.59331099781289098,-1.3152876744930762
54.964858544910477,-0.37562048043571755,-1.3389178672606206
56.487192505406391,-0.81996997052356746,-1.2446829081850677
54.88939897834851,-0.70057801055097524,0.94576527494670126
55.804189414975347,-0.54372387339763173,1.0693329268497578
54.99466736808175,1.1818313746377418,-0.8762255897288278
55.93758047772782,0.55598583315745631,-0.97617861829598784
55.701262929430193,0.39820280246025663,-1.1298674770969837
54.994347448464026,1.0434371839183509,-0.83285997020883762
55.672199514526817,1.3304005184755145,0.26352227381024085
55.604121647344833,0.91146500965984534,-1.269259814328628
56.756292354168004,-0.11078844671043185,1.1620249610469064
54.863888736624013,1.2579091397054456,-1.4755615978180288
56.673308909185451,1.4463324584665882,0.26474406198225214
56.186662144725105,-0.83219494971391683,1.0740350869053263
56.025113305404233,-1.2297302840597157,1.1817280630545097
56.33061777228172,-0.59191795727061791,-1.0723770298217816
55.324170241145168,-1.2356321886916506,0.04768061760901024
56.615274851766365,0.3479085538839875,1.1605529389158182
56.175390346894474,-0.89937431993100536,0.77820326843430476
56.029211674580061,0.53931039461465091,1.2880232838914107
56.049045557007794,0.31596635471164086,-1.5161684717551649
55.100305598718116,0.66886202281657026,0.9035068367644461
54.929603753441754,0.28706148281562283,-1.548676338995453
55.385546104208359,0.37620819005787504,1.3632827203213154
56.293216688320832,0.97731398851653528,-0.5688451063094514
55.621546585835951,0.69245360755440888,-0.91776554910448593
56.390992603039123,1.0503302635104408,1.2910971624054488
55.211192570364354,0.99116070403188494,-0.84340335891646989
56.398979417757168,-1.4589476145429703,-0.77857534664284167
56.402368003488732,1.3267553166736459,-0.20435058901162603
55.886530274283132,-0.29973783399229842,-1.2275583028137673
55.871413965900182,0.477619465023089,1.3128456174657233
55.430064960182818,-0.61582622158877476,-0.85208904641400407
56.280935104558083,-0.17813597041090815,1.5722221170240658
56.774907271924853,-0.60600417494484238,-0.50343704958542923
55.360705395816439,-1.2841115658118221,-0.82689964486864731
55.173889518225081,0.39176167066141038,1.4331159639571858
56.006500865390784,0.96250432317398937,1.3182157875531768
55.256635803186903,-1.5131146904446646,-0.065046177839356081
54.967529386316485,1.1916747166249524,-0.28968156974538534
55.020686196322252,-1.1838392706096998,-0.57263145166425111
55.919861259838463,1.0380268406196507,-0.97187750790752792
56.579798733966228,-1.4609589406088048,-0.20296640240723107
55.056750342177438,1.3793822867900081,0.51487779495448605
55.718323802094318,0.56251992604771506,-1.2153351586183785
56.703764769649929,0.7879906699555651,-1.3501491162874573
56.621637338011304,1.2766519601942066,0.57638538673367568
55.940007851597265,-0.61129441907016557,1.2748058558914361
55.71469153547757,0.5145077233490648,-1.4473561961746872
55.780093061133222,1.0171002642131719,0.60436918194440592
56.85132482958366,-1.3694298466814041,0.83682144216390186
55.292841298214555,-1.2726289783532896,-0.23045996468054125
55.496613555720387,0.9347747522132116,0.56700100439286649
55.129243833323301,-1.4898927455926407,-0.58036034214806143
55.44007482651665,-1.4705727344128112,-0.28896436726132491
55.763579009079066,-0.91210456776265569,0.65803025883533384
55.533816775690298,1.3380598466805462,0.67300963603804875
54.870176756536239,0.68399787831352288,-1.4639662355766327
56.025970949398207,-0.46765084394163253,1.406838171529631
55.875298563298749,-1.2850522089857446,0.24779884781896774
54.95193140584859,0.24430577808435022,-1.1248874202304555
56.095195134617398,1.3325881911752568,0.23454988530295828
55.631828304832112,-0.5898136025696652,1.4595463477512378
56.212881829489604,-0.41170978227406868,0.88991332855692185
56.630479500653585,-1.4349461411155775,0.7012856090619185
56.531523480493085,-0.29955034534218128,-1.3371146713727955
56.255573232475847,-1.2166519820261195,-0.44875561331881081
56.796041068987059,-1.2266880262193733,-0.64992243117701465
56.363631740607204,-0.70073953157652658,-1.3946717085307423
55.310177025124432,1.0939264496129955,0.62666035035173395
56.542799037508438,-0.35817534357692399,-1.3674984823598553
56.374830148024195,0.16874416231789754,-1.2759137878978304
55.225677473450993,-0.52291091053442129,1.0792017285166475
55.632085105486134,1.2201628454522413,0.79315808020970369
55.420364501914342,-1.4116583573186516,-0.86280163747673833
55.442564867410688,0.39634464636572114,0.98156808390570616
56.577505639921334,-1.0511476937494761,-0.86441068494459783
55.31351124656603,-1.0462624335827078,-0.58902147966166407
56.73206562896592,-0.52901439905256675,-1.1741203261869075
56.341129306890785,-0.41662141449589279,1.2465648988731477
56.275855351374133,-1.3673314699419086,0.81417162621939154
55.239173737267016,1.4122775494014213,-0.85293037796099824
55.132921880015267,1.0517443005305618,0.82080667667105744
56.607975874964502,-0.029211791678388513,-1.5131830794935326
56.373352569532173,-0.0013071185467145451,1.4559576002139223
55.247838004353859,-1.5157068904849491,-0.35559321606451677
55.804789668022181,-1.355667304436849,0.50808733545289675
55.082000360659229,-0.66370707845351229,1.0105914317118281
56.284935855934528,1.7364695450277641,-0.18402273831538113
55.236263866251477,0.42134462459733868,-1.1707990354691014
56.176551737329149,-1.6868547501089113,-0.07058655871549406
56.589003671543253,-0.1384930734873463,-1.2800888520476561
55.69019567945012,-1.4534236134731078,-0.11449104069581222
56.119193043985092,0.92943894290743567,0.59160473698659954
55.247641609309056,-1.2354779787534398,-0.18567217357732618
55.781373729913163,-0.57027909366651885,1.2816195078505703
55.321790584529651,-1.2853427171228251,0.54513481962836496
55.79884075787794,1.407820667900497,-0.62360642572763403
56.158165471236039,-1.0133179996670694,-0.68285506988864242
56.025590096659322,-0.64009653497297447,-1.395359725529381
55.575731453451567,1.428626271851005,0.34332584426790808
56.007442355770053,1.1861733253136211,0.20309208973262052
55.990028615780439,1.327309954691412,0.41097787222837295
55.081375435839043,-0.20931954372972775,-1.4055426823425587
55.247942444260296,-1.3007664919649173,0.034230205728552759
56.33651419534791,0.16646503396533727,1.1846351551938492
56.60678840446537,-0.81743553116746293,-0.92860835643648965
56.671230466046929,1.104372713659489,0.63826643591288679
55.189994644467177,-0.85930021291597236,-1.5690819302578562
55.707272448700898,1.2959787469331019,-0.54577352487124708
55.593348797308643,-1.3097312617470269,-0.45427798823680215
56.693647535120874,0.83149499748177591,-1.1396110703315268
56.063085667623334,-0.59606392369914341,-1.235963090850243
55.970521405653081,0.57577559958828262,0.88823048167030849
55.47503926233744,1.1233740197289928,-0.24151019017766637
56.447007476091805,0.36273406560898785,1.5081232485689022
56.653662694639266,1.2840353972285443,-0.63058015730931483
55.151103212438663,0.90330151565900874,1.2729174882666139
56.216396440022855,1.5053436616007454,0.051881952027205198
56.182490666009507,0.24707307550171204,-1.4719252377153618
56.285412277591334,-1.5887099709727563,-0.14136188314556719
54.86049217751318,0.58627300052524822,1.2336599239663706
56.741764190798889,1.4763118213883881,0.45296340455234863
55.189397163164408,-0.33349406035307555,1.1422683719057942
56.566804721523468,-1.3291616887396895,0.3700869159542548
56.252775170780318,0.12617830904140273,-1.2754606154351296
55.628494790240637,-0.55556983659726189,-1.3017935254874529
55.269881976426568,-1.3458991083286527,-0.41223906877937827
55.981004790389484,-1.5045906022060489,-0.45529649509976833
56.32154842874202,-0.91992486280846397,-0.82212046371400604
55.821788237577472,1.4123347711579579,-0.22940704505526585
55.659874341469134,-1.4115828422949923,-0.78101512172097276
56.73302538822827,-0.47805176449244119,1.1460175501121179
55.73968252880308,1.3930318035739191,0.61851342487648153
56.364690221218666,-1.3617760884918444,-0.54514044761269276
55.91046564131392,-1.0827460478459716,0.93021067731479323
56.255487806666608,-0.8356935796501489,1.0855317455102924
55.405427675935066,-1.3094618241424452,-0.24117325274973148
55.334699227528951,-0.79558813166420128,-1.144361316645643
55.067387367736913,1.1386207833429842,-1.0658030449801965
56.463818148200133,1.2957502003233101,-0.83839729618126857
55.479079298530166,0.54279616388221275,-1.571138312681478
56.705274799601021,0.41117945863512095,1.2813808104333928
55.003574925434968,0.72957196623525367,1.3265308892387804
56.602578586731155,1.0023239585755341,-1.193515281343662
56.467770776958105,-0.18805458385443324,-1.6372861815370627
55.534644972932277,-0.51864402249724928,-1.3349575759013506
55.634600482172196,-0.86758995371518266,-1.0838810371573844
55.18556899283201,0.26009989897293867,1.3682930384084804
54.860305551829775,0.67108961537996148,1.0416935715263607
56.370445917804886,0.44382750713104224,1.2296485704267861
54.969926840460715,-1.1317282203213228,1.3674939919336138
56.319545807697189,1.0240921617168051,-1.0299456946439802
56.272092828698341,1.4006553992998694,-0.53778785170216969
56.74513551145504,1.2253609961201948,0.76724101019955915
54.950380410454926,1.3928828717842068,-0.40645454720815299
56.579297587994475,1.3549264552340232,-0.57902340554909237
56.62129309602836,-0.59614560505087633,-1.2986688255533785
55.340538491856414,1.1099198021044823,-0.24908518745864561
55.768777448835237,-1.5022827709860425,0.12723276318725643
55.535128754445992,1.3032429748153227,0.59211469451270149
56.757277705092633,-0.79586971543484542,-1.0597919907009046
54.903665791915415,-0.19453160691432816,-1.41676326787212
55.989553737367629,0.71464856531507381,-0.45811912718419479
55.020326600198061,-0.71038195895348311,-1.1659416430965612
55.35892222693677,1.6976830838518107,0.59756875383308627
55.029729446144472,-0.64366304831608823,-1.285413670470128
54.873097549540624,-1.2431767375357916,0.83436023762838119
55.938820835875319,-0.75136174129977484,1.2450871613910162
56.366949198598178,1.4052183762992267,0.55242225283703272
56.447643700637087,0.88829743564903529,-0.66519515151607267
56.697397154269943,1.0949041437031406,0.45861649183924247
54.776411676891605,0.18872510223156963,-1.5241175903687749
56.631267699691342,0.70779394678606955,-1.2172853882088019
55.595431037734109,-1.5225351993654248,-0.3185950437553926
55.714978161269812,1.6253461251113359,-0.11079616637297893
56.128356717054594,-0.78433497396053198,1.1815180777534384
55.829920150802771,1.0653450887202847,-0.54493658187251959
55.005442634290233,0.85562683691929597,0.96550918566972777
55.769904589708652,-1.0991559709319785,-0.95681398138203555
55.932394980264817,-1.5497246099099513,-0.22771140272523488
55.184891224225566,-0.13680625447182268,-1.4342433038869666
56.255573133490117,-1.0550653732105553,1.209387136944913
55.098059741815845,-0.94079258398589671,-0.97893947580487428
56.416351927014283,1.4818340651113799,0.18510765343011848
56.17881587366913,1.2976609486901272,-0.59462460231308611
55.867174954385796,-1.0344371239423329,0.54645380115611175
55.131296586092176,1.6024753090365857,0.61876280721407939
55.030535327860747,0.583352082826887,-0.68815838105890481
56.155452014428548,-1.4205299657255273,0.74401390675899237
55.018827119782664,-1.5541320219851051,0.22395448097627937
55.200051193128466,0.29865454098391153,-1.4708833072596972
56.286760079817235,0.47997019523204038,1.5561502499660511
56.348079150530623,0.30656518379838005,-1.2547014271734866
56.448751757111978,0.88778237140650962,0.75051660599443226
55.076349535366418,-0.25694513571733157,1.4669107214682302
56.700369993776185,0.65184173966378389,-1.1745598581785692
55.606014215079426,1.0544125333651944,0.81834313716352514
55.075214664857548,0.35600378104883634,1.2530399183181122
55.408215888312874,1.4012076739268262,0.74217447768051648
56.235629904157065,-0.56909477022990129,-0.88518350067672669
56.017819691999485,0.17154313328604931,1.3860086802242617
55.521726819634516,0.11985613238093216,1.5340385949304123
55.947683907511738,-1.2470410700476688,0.38898037086131737
56.724547208285557,-0.36219209349572751,-1.2184552291944006
55.880736204297101,-1.3979657302366046,-0.97837527768165844
55.573704167712435,0.65388579498070853,1.1762742565293902
56.312865952263955,1.3036130465475146,0.61534488997841374
56.550357295182067,1.2401319377447908,-0.23160593351567713
55.710894149842005,0.9955109791086979,-0.8223811709517953
55.389301544042183,0.79634133892757597,1.0572122641083352
56.366035925796169,0.76856963736723272,-1.053372471875557
56.836822811952402,-0.751116837728248,-1.2578600233024866
54.825926662658638,0.61871625175867373,-0.52136541440920692
56.190410016791148,1.0063031846254313,0.85475838629508705
55.044936544510371,-0.44539695564252241,-1.4187454923535983
56.365650763640851,0.97936247114871577,-0.88075544324038435
56.519347344609983,-0.90413501341164071,-0.84832815599500389
55.2106297925774,0.13324256797578229,-1.3897168283389503
55.696651498273084,1.2652208964889149,-0.41102427486738652
55.403606417430126,0.96360073123178169,1.3313240836627445
55.624163867008342,0.8208444190509645,-0.89215627429010691
55.925891771603752,0.56613139464133944,-1.2337896247258855
55.348661281707606,-0.99017654621445816,1.0067434718740396
56.263735716297475,0.62948395586126837,1.0775767334349589
56.168720552645773,-1.487039952262815,0.72234039399239192
56.715886669859842,-0.80666903477020502,-0.89861689770609865
55.812393863589627,-1.1861984862889161,-0.67116170605905701
55.636326639768058,-1.1040619993070535,-0.95625656526444092
56.502907430844544,-0.88347815577772748,-0.87305675348172695
56.545934735859689,0.6652238332613023,1.151135116683853
56.236206003463607,-1.1905688110434389,-0.85776413987385702
55.47414286823129,-0.23814856138543886,1.3037592085576135
56.196575438773415,-0.88034482127365787,-1.2097358692259148
55.636614339734365,1.1357308267158588,0.27434074869703029
55.603590441945848,-0.75005292500569409,-1.1170098129307977
56.535793986004556,-0.97776480636960061,-1.0667752341778114
56.627643454871581,-0.47941611234137893,-1.1783135055380956
56.279735687566841,-1.2085864632746079,-0.9109712268965906
56.342488130402707,0.58151016453535365,-0.98312284545119788
56.598119401420021,-1.0512917697928355,-0.51967454730496443
54.848849993255499,-1.2163089961494618,-0.39368521930685824
55.583333709961003,1.3168148170489622,-0.89060630503182148
55.586063098948472,-1.2208575511222153,-0.42494737554610013
55.19276116490223,0.33855139868811701,-1.5957679829187499
54.936318738751993,0.089543636111836161,1.8963279336284871
55.865916355575905,1.0129574469006895,0.51074970143664467
54.98558438298614,-0.85711969589509063,-1.0023823572861246
55.432706134337543,0.33692478139979931,-1.2608618856711851
56.599872939112196,0.79583677799062313,-1.0251360744482678
55.453021733606178,0.031573920344460209,-1.1617846099981122
55.418245718936674,0.72752052645125764,0.86409821767009454
56.550102011552255,-1.2949452964909163,0.56230470308252178
56.025921769802828,0.59002588909671649,1.4474025134178548
55.503776188009795,1.3977402435886714,-0.1441692880091221
56.222986634042165,-0.40299136304102973,1.5177359461765676
55.322057962340686,0.2356938871525191,1.6009740810500046
56.220870189255471,0.47533742050613925,-1.5524040429289727
56.770889578310353,-0.27824688325254576,-1.2964760056545654
56.281450943357733,1.2064800210460191,-0.32144490395674313
56.07253522506111,0.062000494930764934,-1.1737080063836069
55.025949333521652,-1.1978923855819765,0.74994722208519426
55.934128631668706,-0.50311667487312506,1.376710772185245
56.164133020293434,-1.3890448897490173,-0.11688917040262037
55.424195738775218,-1.4443580905765094,0.83650500480874357
56.45370904257679,-1.5169824966579153,-0.42191847025286
55.544825564691784,1.0393210770861776,-0.78528801839802043
55.694657774342886,0.53680863980139237,1.3524065323704573
55.194815646104374,-1.1273501106500436,-1.0045039868912014
56.178949295765385,-1.1419823091421311,0.45915964418672717
56.860148499173604,1.2724981446585504,0.26097261107866587
55.647380107812282,-0.38753306502225032,-1.254943252325269
56.802500105783047,-0.61968553583680697,-1.4126574745447433
55.518263079585083,-0.9515688350578968,-0.70129526639710948
55.688261763079637,0.5667246768746047,0.94296278618303897
54.880063808619823,-0.7991273555017433,-1.1487608654602401
56.727002384667166,1.0867375603123051,0.94924287480666358
55.400860161589101,-1.3866556863419743,0.68786023856636613
55.319548931788248,0.51044579841033155,-1.280636287725712
55.035334478121214,-0.63539065022962671,-1.2647909155049306
55.752588846717416,-0.91487607861908304,-0.93557125388455731
55.952496879789386,-0.15909361460077251,1.2724380348174908
56.388859013489089,0.88653479024993143,1.3197316798737904
55.299950170904317,1.3115334972675328,-0.5127572232280454
56.319872502336139,-0.98925110708263986,-0.8725364787618638
55.396240831185139,-1.3721174444116073,-0.26721663250798505
54.798395573332158,-0.073481111202267357,-0.61595038274350722
55.078676115783061,-0.15686664787911797,1.0867919174620615
55.680268676236565,-0.74469616874337452,-1.4381310608959137
55.936194056041295,1.2697910695550729,-0.20021942219332367
56.053118118120963,-1.3222466374798862,0.80210481438087844
56.225508233087673,0.83819759533401572,-1.0868538737905999
54.935456225589391,0.23388699561943627,1.5173499982238232
54.956782313060884,-0.42045042855516734,1.4970307241953957
55.802380975766056,-1.1795626552519631,0.9693861462486395
55.193030190485871,-0.43517673220499892,-1.6559787693201666
55.831972543236581,-0.88877738908318848,1.4173169397872762
55.219097579693283,-0.50411545517866629,-1.4354149720358318
55.114656912363706,-0.87592463652721519,1.5831777361567445
54.914971674401407,0.52301866532574448,-0.79239639894965386
55.247480213918813,-0.99755924942790219,-0.87213920941139256
55.42217938034171,1.3254926036303269,0.10425628214612777
56.577241554290389,-2.1435008028838602,-1.2463349248735094
55.160365666305232,-0.54826649084379597,1.2724506564548153
55.754368148119802,0.64886788256078431,0.92350364265909202
55.600509808160439,-0.14278166724626662,-1.2904949822759302
56.257807630341993,-1.1284838444105307,0.78985478163805001
56.28611971049223,0.66962514049442812,-1.2927928770977082
55.163961327680624,0.48742286870382689,-1.0761289618553598
55.29115432501753,-1.9009599998670457,0.11396021825931171
55.229408120894952,0.88442551741155839,-1.4956869561415702
56.175391812643603,-0.046670505535483395,1.5800089381172329
55.69943801496462,0.7461224204610204,-1.2722547356078431
56.143626581232461,-0.4189801597740222,-1.0707719810080172
55.500471106899901,-0.033955799583049125,-1.1837521914898712
55.715712824010851,-1.0713684104521588,-0.63705157025247794
56.215637960931844,-1.2255910761769546,0.54916420540883237
56.13305668373745,-0.36634176009812974,-0.81083155199567192
55.993973982291045,1.388125942506641,-0.60996541505928692
56.445705002584965,-0.58569512421827319,1.1135112068321087
54.942758678526737,-0.88797853256057946,-1.1241956766852619
55.543820497023617,-1.1944104808704339,0.84147983646428692
56.279280861300101,1.5386179130780349,-0.024968165560599477
55.642264340355851,1.1585701070000527,0.87998624621935273
55.786674183747913,-1.0691538000585004,-0.85612297266748394
56.551545709993356,-0.62079660502558331,1.2413107485213712
56.550027979196813,0.81940054329636081,-0.76732511038118967
55.287080659640168,-1.1274797758664854,1.3321253163882021
55.39419994341646,-0.67844045959550769,-1.2838249530876464
55.830158732896841,0.29953210947710968,-1.4018681607341925
55.723605280154509,1.5245491453061737,-0.41235740496054957
56.545203388750004,1.4799734150380564,-0.27398550481539286
56.087376536496606,1.1412082421567495,0.7708052887699276
56.119991830172658,-1.1671992104168969,0.10967417342334562
55.491142353514846,0.82887967004574958,1.2076705312234874
55.585304884157139,1.6617451732581481,0.36047357092426258
55.898996902276288,0.34670402432476433,1.7338289775362585
54.838657529374878,-1.3738366146529719,-0.6974632094184452
56.686311509791231,0.81035008045640344,-0.8727944849160475
56.326830353564425,-0.38739953618545669,-1.2147876104646584
56.541767619968198,0.73185606404183079,1.3454602907319499
56.547551923950408,-1.1052287196329009,-0.7447579243627368
56.20834950351793,0.88351834378887484,1.5751367833600214
56.01971250004015,-1.3868060394726247,-0.62877724482797936
56.683095712611355,-1.46416440787142,-0.87250535171640697
55.599211726648086,1.1929716832295867,-0.62687440393707805
56.58002732404114,-0.52991716308003034,-1.1115520225890565
56.323659730494718,-1.3767098421939707,0.82855775960706313
55.152976061105463,-1.3747179460249233,-0.79835981985701032
56.405641265847095,0.85003113214326365,-0.59366715735911046
56.126462743885227,1.0984830838591584,1.0462330501291404
55.586185724934367,0.93590440079723181,0.76358376340793932
56.113214022852688,-0.73733206760618364,1.2254613971168866
55.912011637480624,-0.9722975839908482,-1.2368671637429212
56.59411947087802,0.65966319353818881,-1.3467938120952863
56.481043742227442,0.57941886735326653,1.5149149515052811
56.485860801965345,-0.33573686992185409,-1.3435144521159432
56.068654409333966,-0.62575874380278607,1.0044021739459521
55.340313943454667,0.50629059761962636,1.7432544446146983
55.827429056438056,0.43973412463634409,-1.5128921595628742
55.727106127656448,1.3218964077721673,-0.90546762612750109
56.808074781410035,1.3374423370169284,1.0401633087659696
56.486036633661385,1.1699025923187165,0.53087732448757008
56.363750187393386,-0.86174471925117635,1.3135242835540029
55.820514587543194,1.3764243542155727,0.036409126698764588
55.399473636668482,-1.0285968579497828,1.0028919584464004
56.256354268570504,-1.2880711206122262,0.15915408536125647
56.09103867394353,0.3444918832835922,-1.0797240551944425
56.35494772445287,-1.2632781773420465,1.0561655456526362
55.037815391444099,-0.6069921571014526,1.1791528169574768
55.547423038686411,-1.0317812411355975,0.40500950673422298
56.422168539230526,-1.4327197571866004,0.10847095650104048
56.24115596938897,-1.3495344756594554,0.97064900601637116
56.074825469757187,0.79836764831099516,-0.39411239525944097
55.702550129992879,0.80428790900144065,1.0829599678760908
54.839539572722778,0.35442004291469448,1.3415149602575056
55.286231567423584,1.6467453363838003,-0.041958259077463596
54.950566971446499,0.12285352607414333,-1.244157436982664
56.591515691508121,-1.3240311398483786,-0.048732814796439664
56.738380474357982,0.4100055687214888,1.2981748894969722
56.353334544235665,0.24692327658269017,1.4901971933327718
55.933052367409786,1.0131151648754388,-0.75324013595107298
55.268341111112157,0.7399236109678321,1.3011059645510377
55.440203767077726,-2.000497168493419,-1.4332586267865728
56.073554257645085,-0.85881326426719939,1.0684215053669595
56.260528469878324,-0.16421925787378347,-1.4620889706142606
56.382631720852409,-1.1851320076257075,0.86136618913228091
55.978276755550219,1.5930890947711547,0.40918681783447708
56.811948675032404,1.1977406901725549,-0.56763059668559146
56.054449602695584,1.0937541522336174,1.0599047685862337
56.358378902481228,-0.35149019137239429,1.195626897525135
54.893970465249183,-1.1199288356850192,0.5807389849738176
55.429802956438827,1.4326355148195726,-0.072917492269562095
56.277923946290294,-0.74607294450198114,0.99401566627855631
56.407090778711435,1.1508837766848368,-0.44367830841030281
55.395046437182849,1.5027517431122059,-0.45468423564136112
56.832939680734334,-1.0723965961830251,-0.3019803621193427
55.16525477930638,-0.12537977112892223,-1.1508052782496463
56.38287272999105,-0.53037419305385625,1.3734945103013603
55.548182658538977,0.90533282909607937,-0.91433878587512118
56.23793112459591,0.23373742091044067,1.2139594135162628
56.63345776464049,-1.1851638218674774,0.69811634321590743
56.545347851613229,-1.1450150837432631,0.24384425815535507
55.619355264707345,-1.0895378036785235,-0.8172810691764838
55.923362864032534,-1.2542357219723943,-0.15547693897757731
56.699191584737065,1.2523293406157352,0.57553955734822226
55.915333407925068,-1.5107840134639303,0.44305507288648327
55.129769550571957,-1.450664885325722,0.58091000242821811
54.882159714224336,1.366854862407116,-0.13319771432071101
55.619514393926664,1.610228308219996,-0.051211513176580285
56.23423168341747,1.2665930960380289,0.0087409503993080822
56.514122446462387,-0.83423183064614304,-0.94899394405160653
56.660417849048315,-1.5299908193859701,0.067974929824431082
55.951328410029639,0.74509659442658072,-1.1248024606457538
55.286222410536276,-0.78111844849484946,-0.90694807179234205
55.287467379189863,-1.3908220584172939,-0.18841649960288431
56.119505575058099,-0.43065997393286409,-1.2663295905514178
56.466221320842273,-1.0376746232660705,0.89890898750397896
55.654839589204194,-1.1445120416888717,-0.10363522440062606
55.080490847235559,-0.73697558617614345,1.2055901691337458
56.488521214909767,0.81194046338512926,0.74121983004438363
56.270820881571048,1.2769357310757821,0.61432961067649317
56.323675738454234,-1.0020282114861276,1.1461154182162792
55.521031350546039,1.4358657953212213,0.53793886248569933
56.480215637288019,-0.38944926140373204,-1.3974070874871605
55.556599446366064,0.063044072307460217,1.5162511256835538
56.136598106745318,0.2191364021628395,1.2727415318868704
56.270476458111851,1.0574689558360331,0.08030824051738214
55.701693609116646,0.94326678766332794,-0.39428046111841181
56.047975348580621,-0.54284346480150103,1.3265822604659736
55.562619274275569,0.15873640349968093,1.2692841597808606
56.268254278504173,-1.2680616472439239,0.57010889538684395
55.675292387831981,-1.1720422006756035,-1.0858362443062304
55.063490006872257,0.43870461446699688,1.3193816248390051
55.19572470169139,1.5133203637177424,-0.59816710104929327
56.275107976167504,-0.70281327195568477,1.2618577361421943
55.004031617798546,0.68771149361801687,1.1157054368520067
56.695435085208658,-0.23605758963800669,-1.4051674000075425
56.411871521128859,1.3692346934510859,0.41098410375387201
56.161282503773471,-1.3109005415771902,0.45629465592872498
55.227911666172702,-0.52776088064634563,-1.2480466042937632
56.340840292029647,0.59564322540183845,1.4906463002762431
56.789040162493066,0.97748505600744806,0.88298839958697395
55.126275574709098,0.26834559806873021,-1.3766438539174868
55.67280403340299,0.16138395696536584,-0.44293652531051164
56.220990064715622,0.31259113180521575,-1.5681813556061253
56.735678957404069,1.379085769380336,-0.23704636877382068
54.895378352057541,-1.1529562717383279,-0.87739674124575306
55.165255700798092,-0.73553820394126912,1.5173804569916851
54.849825854095258,0.41707899449716868,-1.5748356390897105
56.059656040609873,1.1736789805269601,0.88662963588865384
55.243079184805538,-1.2585836994682695,0.8758794604493968
56.660973948491282,0.45597878431211697,1.0980418509259211
55.81819438372478,0.42630445641124209,-1.1833906471463549
56.083708601366951,1.3158770330639116,-0.76342662051171728
55.809022558623816,-1.0362910797485869,0.85778309051149004
55.852982741945262,1.2827791929790573,-0.17392324449596333
56.028273040868001,-0.050148469727977915,1.2615246854611717
55.207685071971639,0.93497516255828872,-1.1632264522739997
56.00326349589097,0.36733142359887555,1.3232420149006225
55.741893119726178,1.1381820226070058,0.84724841158620867
55.298116022674257,1.3834158100200391,0.37487312293259667
56.018612926429775,1.2047421200275883,-0.94299181883129402
56.341337582108636,0.20386440100388509,1.4086631772955309
55.842287587800101,-0.59968214683781451,0.87342168062344827
55.903618939282872,1.4339391658374472,-0.50846215633366321
56.822439905599282,-0.71464284718678883,-1.0726585416261096
55.287309180899705,1.2798763151970858,-0.90220054824222962
56.485026406084877,0.87205646943599147,-0.4201408342289541
56.63719172137241,0.12180981385753573,-1.2890189228280486
55.671878345583266,-0.87601935585102797,1.202836056369714
55.565791754784172,-1.606698753991558,0.36621967267536121
55.341418976453852,-0.51584202997627715,-1.3668195330694088
56.182888197334989,-0.27829337481458438,-1.3044815668952399
55.551140674172508,1.4418273530333927,0.49197884605676934
56.310161544254939,-1.4628701979783052,-0.8349110160011306
54.799592981438487,1.009032575482028,0.99866818993115658
55.628533013128433,0.26972492412386556,-1.1811866641152891
55.236943922715867,-0.54905882012921936,-1.4395455509003834
55.709553649027676,-1.4320447819564353,0.14076465562008475
56.224690212960695,0.76123602108143007,0.80603712424927798
56.405414319067567,0.66060453395842855,-1.0347342679282012
56.501333617069299,-1.474430369690555,-0.0022931561964759008
55.022835696524957,-0.58386462880317758,1.5946854662557608
55.97238433111157,0.40519821981328902,-1.1757984769754075
55.114151974266989,0.7976932499088939,1.2844801718230114
56.481777543401691,1.6356956605488042,-0.3569207901912112
55.879410008020876,-0.316666937418975,1.1307965831889284
55.418761459397182,0.3302200278509751,1.2221878361948177
56.118048618787071,1.5563238093334226,0.026678763458602789
55.205564506597085,-0.097845868308521433,-1.6464422035231776
56.074502621608836,-1.1956915461845379,0.55448089019670432
56.427212206264457,0.74167814074389782,1.2386748201385436
56.825234566578374,0.95809774229928735,1.3133326907596055
55.108852990285598,-1.0006792094571659,-1.0565427280584685
55.322720977863398,-1.5266521044477992,0.79819943100818824
55.744434253254241,-0.2641554621168738,-1.1774308350055966
56.019050144678943,-1.4149832100469133,-0.26037285716143871
56.847446908870914,-1.0249706751709775,0.97337810908570888
55.921800510127596,-0.91298779169124233,1.2322949948799524
56.077278410515696,0.91697510119493408,-1.0285874105358306
56.280859918983673,-1.346075023648085,-0.27495873599835513
55.580541084054225,1.2247847141418788,1.0994276349951968
56.391187849121373,-1.2637177891366189,0.98847051662379803
55.187575035266093,0.33825344881304387,1.3791157904048403
56.181730792539547,-0.46819972001249599,-1.1924314121126423
55.275891436614991,1.0235171416495616,-0.91985776734528768
55.856562335109395,1.0641263809273416,0.87704604984587187
56.491649985842457,0.9674437220997566,-1.0281481952820659
54.974847586113874,1.4419948725701175,0.21461001427830975
55.637747306217577,0.88906313333433762,-1.1065026297568961
55.216146223561601,1.1908034659778084,0.96982639796856562
56.55759764215906,0.32961652843316136,1.5981557991480555
55.750214211489194,0.58773373267662898,1.2606746488171676
55.034363442286725,1.4403900169108854,0.38051472475886589
54.980590037938576,1.303898347625682,-0.84953806640596241
15.719967531883754,-54.001716783451471,-0.081529147736547139
41.21901497391471,9.5271660220809107,-0.19256439183859972
56.154351422696529,-0.87517700408185373,-0.90998095261029344
55.877092009264864,0.96018844205888854,-0.33388484127174989
55.034327774239749,1.1715549267114107,-0.81627741344293303
55.732716148365206,-1.2494136748855866,0.70769704679895329
56.001907871905509,0.71063491949956137,-1.2216261237872506
55.089522336550978,0.92924012154205882,1.2547137190865294
56.72473700842415,0.034185165459343692,-1.3991806874745722
55.619207799404066,-0.88225285968341638,1.1901762939039795
55.232753370313191,-0.17072876133457907,-1.5463330039701575
56.346994677008624,-0.56367909157531837,1.6087731473540905
56.394788544557215,0.53624605143038961,1.4121777134252469
56.29008232210537,-0.47356046562450754,-1.2755283714395251
55.453236042588337,-0.54115592876773899,-1.3009134157489468
56.05936426870219,1.1473298640796656,0.42182249087737539
55.854475208920043,0.30762863364074067,-1.4137192669214074
54.793678620223233,1.0946592131243162,-1.0544571737672466
55.337680515143781,-0.61281324983449981,1.4723898560567426
56.643748103621121,-1.437259350216711,0.47510520195829509
55.756739703650432,0.53362178976472741,-1.2965337753511896
54.749205651135533,1.2264555907659875,-0.96842339757690421
55.615389533116186,1.1404973345296578,0.33637958480356822
55.530160385079199,0.1899010889015148,-1.1645201905516862
55.54079324938791,0.52921604720564641,1.5263186398127186
54.747050127578177,0.82282579800744537,1.2660027299688914
55.123061394632813,1.2352646789450603,-0.86083410919228431
56.262496002632112,-1.1023657519710743,0.18381662376721392
55.793024661662329,1.2037720536185841,-0.24949436823363155
56.792537464699933,-1.4465471725064394,-0.33337803315568915
55.987047175874629,-0.21332035064400004,-1.3288389010104686
56.073061089729492,1.5809429001172528,0.079107252349265508
55.30350875858511,-1.2142102558333236,0.06623173906260299
54.934220623468704,-1.1953610409221835,0.37861894762809528
54.951238940168103,0.80205460998892286,0.80839451556252895
55.334660182434973,0.65269114218137669,1.2495142058066468
55.984405576774222,-1.4109066495710907,-0.48599933000620965
55.577209675026992,-0.60061370228627664,1.3041976977788312
55.856854119742835,-1.0784100456062542,0.67497993696145175
55.150448282225767,0.60711101598438999,1.1441131582417874
56.139695182088488,-1.3216316181652372,0.73695198282605345
56.194775631639523,-1.3008598535702915,0.14098222944448641
55.780804609786955,0.97913969070897833,-0.76875448072263286
56.760635288322469,-1.5478575032219566,-0.20455750931158573
55.362468152414181,-1.4615463773272113,-0.11738606031721344
55.598345721856489,-1.2928239176620537,0.40858083922206084
56.194043455058058,0.32739614648717119,1.4018660968791861
54.835782776319334,-1.3251024382466028,0.71770918356368374
56.181787355771533,1.1985609407136097,-0.75716182297997148
56.705711560301502,0.95330315499567375,0.55808028806636301
55.175086064709745,1.2012617966223813,0.41653921117337239
54.906636518307096,1.4594201663739264,-0.41664326014151726
56.220440377904673,-1.3021068197538797,-0.77440013524574902
56.413373486349961,-1.5040716422327045,0.77416949473852414
56.292292635662008,0.77673579034263318,-1.4616432330816291
55.13732184985561,-1.4998683628484228,0.20139022104999074
56.405695432169146,-0.77886500671484127,1.2854734077210139
56.388425320849265,-0.84498585815204141,1.14359178507131
56.338593079841417,-0.97629068099061389,-1.0863785519335958
55.669297588693389,-1.6775739082401495,-0.69268873745647397
55.115728483255062,-0.77505900440283038,0.59995557875704397
56.378014439644978,-1.2159953670644246,-1.1987790526833915
56.145752195360686,1.0681838047490613,1.0655880560448159
56.698695762303814,0.9689200126906653,-1.0511317704192993
55.300671311930891,-1.3410346267564197,-0.65110792042818333
56.344601221064664,1.3077243488966159,-0.70539488899240455
56.194867830591356,-1.3225185775687496,0.52705350890061964
55.63641855013779,-1.3050866380305679,0.1705819111715603
56.344153010015162,0.42141750073141099,-1.2892886250343087
56.494104781761187,-1.1646595784443032,-1.1512605971758509
56.088952117420561,-1.1646733639767817,0.90493110254285891
56.379772966657164,-0.57482069340548048,-1.547988910345347
55.14350486559254,-0.94805739368351671,-0.24230303601054684
56.491073228646897,0.46248930158243867,-1.4535183340192563
55.751479046769013,0.85648265718055749,-0.64452358980931246
55.430981263094125,1.5940120078124442,0.80741420921156937
55.480698792493641,1.4957673090742589,0.12123352456284392
54.98009813262604,0.23362233875609181,1.1066424925833931
54.827598355182367,1.419673842876042,0.80367814562597406
56.599493973207252,-0.91969371319832194,-0.4628577384524068
55.171592680127397,-0.82708992407785975,-0.65148903647252276
56.026553414788197,0.75589876660626121,-1.5893123613095712
55.937153510523729,1.1739628435485816,-0.48135467985871461
56.620685532122394,1.4012422997308092,0.024067676395520959
56.444482946588408,0.44726178703392072,1.2218251146556496
55.522506992004438,0.70338776418245263,-1.384096705392257
55.766108423243857,1.2615083351235035,-0.29141273204837254
55.587093921778916,0.29726811006104037,-1.454247158420731
56.424624613932536,-1.0442703133180233,0.23430336262384266
55.67933087994286,0.21613500415074219,-1.4648121369624207
56.893528700691185,0.41543341939150724,0.96974979202157885
54.963730783363452,-0.92235704851044498,1.0985154734492946
56.164516005955292,0.16408934391559488,1.4149829649660433
55.553693504151632,-0.13462364305761471,-1.6282758725447444
55.982289024807166,1.1007692475714237,0.72123735946980416
55.226592823611732,-0.94465828567213994,-0.90290601069786425
55.659469857601536,-1.4604732282450708,-0.61115202747364894
55.239352699300063,-0.77778924170538599,1.1080796613983022
56.074477866395824,1.4950968361441523,-0.83928519627888942
55.656215446613224,-1.5538075750654459,-0.66864967462313674
55.088365461003463,0.73322771357616223,-1.1757009403279757
56.865938951647159,0.77168803079276205,-0.99097069758217204
55.441217518785557,1.230854471431488,-0.4138739803753862
55.188065352982917,1.3597461469225689,0.43863110145901019
56.085975178043157,-0.98326814959352637,-1.2016789432847319
55.378886926958536,1.341489168190676,-0.010082898590318223
55.071926364572114,1.1621881337805109,0.13009021270801283
54.826427324829652,1.2961063369381465,1.2811229559761081
56.525239707404793,1.1411687704056088,-1.0580668985025854
56.71940884582817,-0.14293322833526212,1.606015295412847
56.696064773378133,-1.5133422117147746,-0.14080742705130722
56.573544410035211,0.73158193994338272,1.2820471158471103
55.938259934028366,0.52730756727583894,1.2412638937322309
56.64295429038382,-1.0042979055675954,-0.2135988101770496
54.925099644955459,-0.012786451768942733,-1.5840371807357165
55.039812579533695,-1.5781647584819989,1.037431078488307
56.334576836076955,0.11664725698173721,1.3107859237106851
56.264615458899478,-1.116940680906447,-1.0667813864558229
56.636582122116046,-0.45911823363209447,-0.11996761899477741
56.029169265113985,-0.87476112378464399,1.0647479235528061
56.880913650800018,0.74809323245195325,-1.5347301865599885
54.982062872872802,-0.54645929978282703,-1.3442554928119441
55.214009468092293,0.92558405029014423,1.0967905145849406
56.514177082290217,1.5604765142758739,0.30204675961522526
56.634174759340127,-1.3422399361992656,0.49203847175028592
55.226633656570556,-1.3086874032261122,-0.22177562160366221
55.645916088995243,1.1802238631384134,0.72869872731699548
56.374675894484525,1.1153215902814384,1.0510834288466644
55.710297595196955,-1.4501277527174505,-0.59787990488303655
56.810413129412886,0.33258263193677062,1.5207143063860518
55.113971456939943,1.0801341939918636,0.65687791009242402
56.547128457126099,1.0668879877484037,-0.8591459808637687
55.229285711798958,1.0403018517147404,-1.1842713639650397
55.508941749496891,-0.38512722686111123,-1.4546766585163355
55.535441938666231,-1.2217041206858732,0.56186911084750557
56.276476187120458,1.2445845397738979,0.60972552200757146
55.735897247121358,-0.1859735101331528,-1.4811864108329609
55.873317564197272,1.2005919464099706,0.87365440018050522
55.704243564425916,0.97050729290223947,0.82932577082682923
55.913569286180689,-0.82954282634210352,0.43353115148076848
56.260677737152115,-1.1859777428443055,-0.66622588080406331
55.484948068107293,0.81448761598623987,-0.89629206011888174
56.171836150666522,1.3665034960002687,-0.19626371527472972
55.770720258653988,1.4797939208582676,-0.94674936543338051
56.49806215309745,-1.7097820567078643,0.37273489883316552
54.835140588314061,1.3329203837382113,0.018910213479313324
55.011460761667784,1.1690169817788441,0.051950686183927557
56.069851559974339,-1.2089982228411267,0.062044262140572112
56.5806830947731,-1.2972006995783001,0.67220070164102719
55.091812338848996,-1.0390689307409864,0.2890204648962712
56.579280120130157,-0.46360391431649223,-1.5814792394568193
56.410560054058308,0.98129571333652466,-0.93216283285000812
55.738401460132373,-0.30371087826093068,1.3785500319140895
56.19122047192122,1.27758524833205,-0.44099445351473021
55.9874406947322,1.4650795124914053,0.20168587918408906
55.640626122636789,-1.4846717128020397,-0.43838320335402947
56.13269661027163,1.4782874997384921,0.01765361686303548
56.182031383289733,-0.16462042021265377,1.3898293065902176
55.30205173991309,-1.4051834918740413,-0.75959244284465366
55.224793966128082,-0.1341715884005468,1.0633789271648937
55.032493499975203,0.069384905810607855,-1.2186754440496461
56.343737180508462,1.1438663782339775,-0.95561686639088839
55.493510154417358,-1.2722665382182614,-0.43662003490503526
55.676043877001646,-0.38312878994351002,-1.1127848807065264
55.045436792167337,-1.5285744680344431,0.62255657337704395
55.692779114476011,-0.28603512525925356,1.2968737478983221
55.608687997495984,0.13642955185582184,1.3560000603451221
55.031744817004373,-1.1257842565182588,0.086214921650229176
55.719634989714102,-0.39378349820765696,1.0362694942168096
55.683451722970496,1.4203154511178557,-0.2655999212087044
56.500282922179537,-0.63191874523326208,1.2043420884227383
55.724212518957387,-0.96676293058957374,-1.4065672334963719
56.494046216723788,-1.0905815774371066,0.62357957939586051
56.791429695436754,0.15909797864497072,1.3187144001081277
55.008699880050536,-1.4371681731197206,0.034822299539488628
55.132385222734804,-0.37467241431530585,1.3411275911094438
55.643428691743111,0.37442371039897016,-1.4031459433549023
54.8549477351104,-1.2108537429018269,-0.62204932707694105
55.300972901075347,-1.316674295094973,0.29654699921196753
56.547997603864907,-1.0480681098858549,-0.75310126054045057
55.92922720316102,-1.4685894024975463,0.48302013985274633
55.926793184651068,0.63209002975123951,-1.1365361569171675
55.449212210745436,1.0938011121454536,0.72548611435265398
55.075552803669765,1.0849075384304607,-0.76006869092669038
56.198879949931452,-1.6134096575868839,-0.14538124044400855
56.619755299552338,0.23609242876899753,1.3349409458693977
56.716041518232394,0.44429269230057217,1.2151636424071963
56.444808373211515,1.1284233356248294,1.0292981443906124
56.585423505878097,-1.4385660155032025,0.27413311632601411
56.339922493799023,-1.307869453284717,1.0673215905545228
55.081429533738095,-1.4083290506104227,-0.28148820575378997
56.163274390789077,-1.3042434557184701,-0.063636180643250523
56.534701782744634,0.71112842159798906,-1.2380573952246017
54.958630014704312,1.3313809639906418,1.0950610265734855
56.089207983148029,-1.6681824719196741,0.26900178328053015
54.951968612350058,-0.073529148131501215,-1.439002767784662
56.037649328015377,-0.97337914105512302,-0.63537638618510583
55.339498062485433,0.10047295804296133,1.3222017592258981
56.49520722503987,-0.71702911035398487,0.83971039149978366
54.959394937086572,1.1269564059650421,-0.62703973127354229
55.583158795567222,0.34427646287023883,1.4675566068052299
56.389351911344662,-0.64937405886615995,-0.96489747968032014
55.778149334152062,-0.53207949899436524,-1.1204540716619116
55.484174163124436,-1.3262395877283251,0.28751323517369404
55.192383342564057,-0.94086721708284204,0.45068195985822834
55.003821554369594,-1.2159220049569313,0.8467019195353277
56.295690634695994,-0.68509253117236601,1.3189237661228268
56.575392108830428,0.88839425619794099,-0.71580908427683476
55.23461447953931,-1.5424994955252977,-0.1068680814629618
55.326203077518571,1.2576025245566231,-0.6890621491962462
55.815763326279779,0.36215268285226088,1.0251321351591862
55.012043596542135,-0.29848840139872623,1.1613037985472023
54.921329882827585,1.1238289448988192,1.0034057168615915
55.837500942730195,-0.66578200723461223,-1.270681225357565
54.936741396078993,1.4122628068228604,-0.5873296815665523
55.876253789693031,-0.22428621818949135,1.601038601082337
56.397635888456129,1.2711880084030598,0.63249005436910188
55.848536715413879,-1.182033164276675,0.94070830466969224
55.789969224250484,-1.4545936129968844,0.71687226641144874
56.039213144651747,-1.5991578391556147,0.62401525965906701
55.771762732831746,1.3154902008124263,1.5042087935603148
56.751217087188515,1.232664498258019,1.2574048442366079
54.976955256037471,1.8226692082193718,-0.40787818172545104
56.237843197293181,0.045405716813501813,-1.0216503730508437
55.512791623542363,1.2270543898121724,-0.5314714397693987
55.164251493248877,-1.5391496428155362,-0.36162000802211069
55.6795099435437,0.47911828619239089,-1.1698099236452173
55.288141223745804,0.59576529891651597,1.3667299855368065
56.237558358347336,-1.4726479977704414,0.12475935495269821
55.033776511026517,-1.7098596346872523,0.8962549429636677
55.776789934339021,0.9244574520240173,-1.0724020248617823
56.485143239118955,-1.0039457917260366,1.086412407310557
55.672299000751629,-1.197668218781359,0.94963907667442349
55.014065857121139,-0.43196487083292723,-1.3914555094886907
56.32359923114111,0.2859519961584906,1.3723364788167194
56.396229606161704,1.3998104261686097,-0.61133683904303526
55.673217456427501,-1.2736578481735352,-0.73721519199475682
56.148609597132754,-1.210342124040992,-0.69232803358465722
55.266187586259569,-0.038543590889854429,-1.3387598708851918
55.163194039323891,1.1012231279065525,-0.88556762120328125
55.276641452468674,-1.2905504434845947,0.75725165882441337
56.237816822819326,0.11972199244184682,-1.0406955259818831
55.964055532362877,-0.72359945950785709,1.2100976611770564
56.227077070932431,-1.037964801674552,1.0742586178840272
55.960210392457967,-1.3102635139667744,0.90648406534480896
55.449725704786232,1.0192692778858858,0.17342629650980051
56.659700742942398,1.3659847894167452,0.70918082242670766
55.492944219234943,-1.4067210652183628,-0.2325185845541857
55.418584585674076,0.4329303289237042,-1.7114801924327876
55.435614289517801,-1.4456991639869912,-0.36214603929847633
56.35248322509932,0.64156150050640237,-0.82893527715403859
56.513371224416439,1.1049008002738925,-0.16560331794987565
54.829534051402938,1.6423475378160897,-0.15833101153011028
56.113172733838894,1.3327540665094753,-0.70074051319220088
55.663850519907065,-0.13950053007167096,1.6050003305718397
56.152735811965513,-1.238975652993086,0.31285085853027234
56.122238886098785,-1.4885896639576846,-0.14993757476422148
55.459510091812582,-1.0986596627440721,0.36666421280643702
55.040507287923745,-1.6200156763295284,0.37178933551542731
55.759345177017302,-0.69397933754978181,-0.53237635823541285
56.47797847630823,1.1555674196374188,-0.69839700447243969
55.262621359500315,0.04168922430766004,1.3725514231151401
55.0769193192125,-0.49510818203454587,1.257384375941742
54.721155478011646,-0.20736634310730268,1.4945472230361971
54.940525591276113,1.4260599174241946,-0.66127496639924954
55.48554271938923,-1.1799865536747205,-0.25545965930075604
56.518244757405057,-1.7759645332321812,-0.07967772859094327
55.163869824326085,1.3559068556855967,-0.047373361900054985
56.368922091033177,1.2797694813521314,-0.24853270998666191
56.105695233713227,-0.82238489500340572,-1.2459998014192131
56.4729120228833,-1.431186373775434,-0.030778165471734922
54.924308864137153,-1.0838717080036999,1.0560558703274698
56.814548822236652,-0.55951879280441918,1.2573250185880875
55.031763900051054,-0.16536925922186588,-1.3848273979402703
55.230718064914527,1.1674397043267535,0.96461611506405553
55.09493807682977,1.3420018469752681,-1.0626582838575769
55.498502047050252,-1.4061226911839355,-1.0126136934900447
55.140006318279454,-1.4520704927222046,-0.11063840031571952
56.738995790075869,-1.2622419857347067,0.2051332922495418
55.149199538228658,0.946724407618456,0.97347841762510012
55.30330147823728,-0.52705772997986899,1.476703866482256
55.496762619021872,-1.5680616684832716,-0.66611772253143153
56.279142011064586,1.2234893459431253,0.56363107258603595
55.249531216530499,-0.40651869648480343,1.5950792845853983
55.517824955042798,-1.1616837139460443,-0.80371204716071609
56.292420728736012,0.89518531214715624,-1.1047092580406221
55.559490250806547,0.086745856271524799,1.4171782544459754
55.474357235451933,-0.79774792561842267,1.0589566956661496
56.677767861624197,0.64636066370104572,-1.3088782718178229
56.019501893828689,2.9675380803278402,-0.016060647526945238
55.86007448142324,-0.97041825607790633,-0.99204334236115321
54.921275084730404,1.321217932892903,-0.14461340463361641
55.096987165563561,-0.83863783166358508,-1.1086637898426046
56.579557169386035,-0.20310794235934837,1.6197620370651169
55.735706446905304,-0.60311330336974689,-1.0086748957733069
56.626871638844854,0.88298251356508084,-1.29574429213413
55.619937992007969,1.0400794075000235,-0.65626233142515966
55.977940022078094,-0.24018441528104839,-1.5027195322350557
56.248768914742051,-0.30239168020097545,-1.5153154950310166
55.98796094020139,1.1167057480633036,-0.86107826329287085
54.815983200798996,1.3421886268395011,2.3618273058181125
55.425715824487185,-0.084021085234111739,1.4092553237519738
56.555598338425369,-1.3861535494875017,0.18811362517535887
55.185193832341511,-1.147166309923259,-0.53840982307938956
56.112842546135845,0.039892178552054854,-1.3757229031583611
56.402013451660423,-0.22745674494827964,-1.2592627039378093
56.580007802153197,-0.1987881071919641,1.5326020428543741
56.165894374658102,1.1911834379332582,-0.59669665666409211
56.063668276587599,1.4670315258512459,-0.34034433800962199
56.864799945742632,-1.1267992255041626,0.60090368279140549
55.688930253407335,-1.2085917900795273,1.1067635794645809
56.050854560847057,1.2518255098523756,-0.66782774869271322
55.05431489364058,-0.82433067644483116,-1.3376488111871367
56.32182344800853,0.51888275170381093,-1.4265867627170605
55.628758198603457,0.96188247305292884,-0.846669210715988
56.574159870009368,0.19176361705216174,1.3912578685407302
55.611642225381978,-0.71074335001241795,-0.97064665848591503
56.313598626008762,-0.64310971250362803,-0.97765989014925569
55.686343850976527,1.2841541278975386,-0.94310673793719335
56.497334901602031,-0.27499307782777738,1.2926603820664098
55.603663323383998,1.4788531299351602,0.58763717188042031
55.312863967779165,0.055228277424449468,-1.3989631542732088
54.892388732123699,-0.31570707192259023,1.4958505488544001
55.084701670957706,0.45847585290182885,-1.3900571433508873
56.099531715942909,-0.30845728573320413,1.2254722414588746
55.12598002564237,-1.1689324590437289,-0.98969304624080867
56.461288910256876,0.80321616270280993,-1.2244053503739307
56.4359440222307,-0.78471711695836655,-1.3798591208067483
55.628142081499348,-1.1362698271198841,1.060904158012272
55.199206724455777,0.39324644707373463,1.2390135570783709
56.507377219876268,-0.96945742104626198,-1.2256876981725633
55.546159638070208,-1.0211514753093198,1.5047347588244107
55.383206664180662,1.0162156898160275,-0.90495262279642474
55.349978647405017,-1.2323987412376234,-0.86566193285967208
56.273196020638785,-1.0047352908072427,-1.3673062239174605
55.389802786486243,-1.1636753824437653,-0.85209705061019614
56.244684961812503,1.3174317686025503,-0.11268047496335065
56.941880746073323,0.79264540209965195,-0.76351710467656941
56.610700855814969,0.2411200162138569,-1.254338868300813
56.398745883416844,1.3718680890644355,0.58697634594457271
55.511615702707637,1.3676359066121773,0.87362624770457575
56.023310820058576,1.1858039273034711,0.92792226389046062
55.734570674976133,-1.5198453688239526,-0.25250982686228218
56.014518300293922,0.96814353124869945,1.0850032549312538
56.570371128602751,-0.013081322585425111,-1.5653697951412187
55.50907345574749,-0.88349775873866254,-1.1424301168293522
55.520390135771969,0.77293678228428875,-1.1351928466492607
55.142945944503012,-1.0694077443871404,-0.38578241022366683
54.881557568423815,0.17690726751114699,-1.4954592580561112
56.168652796206416,-1.2280667442511397,-1.1793212086954494
54.790465491101187,1.6574768566729865,0.64892697186316939
55.327955152091199,-1.384355399183741,-0.64944311825920287
55.608786465825062,-1.0000627534266646,1.2866974582897326
56.343079541350747,-0.36602796997482934,1.1470610520888618
55.666310425646294,1.0003807869928292,-1.0433156222895483
56.597138304650151,1.2335996759030323,0.95760743590084518
55.041254018563407,-0.25749503129405343,1.1460414426870857
55.711057743971828,-0.93882299069870601,0.71888508804343088
55.141160608536588,1.310498502687605,0.67578287237843671
56.134108183890362,-1.2901864031274355,0.56651303485184645
55.29262642241229,1.3004461287662425,-0.019246070205795062
56.316211297248223,0.52488371474047857,1.3992406892960323
56.674928371230422,1.5277387865167331,0.0033013311646220458
55.200110763581804,0.93476282179942072,0.68359573675012386
56.151523415089578,1.2147305845870717,0.2125481892062511
56.656806957205639,0.79165252346632475,1.1902686687222477
54.949841708211785,-0.14583826586204163,1.3930510150702271
55.353873819172378,-0.15979040645808484,1.521431493237196
56.697773795336147,-0.72637389854235124,1.1405400513341422
55.579770615524204,1.1777104674964822,0.60849850821674056
56.151193629385745,-0.59539601913975593,-1.4990783307023721
56.582680304571227,1.1196345707539863,0.81084394165046192
55.531299563864074,0.42124997068991277,1.531602644331014
55.219603615394853,-1.3577651760186349,0.1599710754981396
55.191622832763677,-1.1133298430809804,0.59016528955299863
55.712799714751782,1.1747677178470035,-0.29830827984550962
55.8815045203566,0.92560359179189877,-1.0322459820450771
54.943577571979411,-0.49546304319356321,1.4261349170462838
55.941687180351529,1.0548574712348846,0.67283869956992937
55.729219703433621,-1.0922649985033233,-0.034802748024925757
55.584606114018236,0.16531346297145941,-1.0246990027029754
55.121902942162642,0.9428385891184512,0.84264684118150268
56.513745585613577,-0.29170632630647447,2.1088658604357988
55.097692481162689,1.6583230557534427,0.090442668144972163
55.744570977910676,-0.57761090707123619,-1.3738771749907308
56.420078656467112,1.2652785646543623,1.7922218537468011
55.946054681357211,1.2773335921476838,0.48062775550752618
55.127165461222013,-0.31555217285783893,1.5616241247943536
56.730638045855663,-0.75431651957707924,-1.3792171141567529
55.787186354714159,1.0483524243784972,-0.78415517131384893
55.116780006409826,-0.68643749750561223,1.4221768007802846
56.009702242785636,-0.48679896886276725,1.2519228331328283
55.23825803965515,0.28573982773669016,-1.4325281442793945
54.922793912174797,-0.64069519815629727,1.2685395807403952
55.455700692396995,0.031620882314994957,-1.4132078750084378
55.595587595850539,-1.1676047960978568,-0.54920691225427554
56.701854312790893,0.84142286544761691,-1.4191584777762716
55.497754324877725,-1.4449829342037743,-0.53851377470995099
54.857289817522073,-0.5335277843310855,-1.7870392596009712
55.999534495212458,-0.76003108700788491,1.3207115953432849
55.165938437407462,-0.16172029169497448,-1.4131024260275094
55.42718618798812,1.085955349689292,-0.52288662892809001
56.21340466951537,-1.1512468655556041,-0.50489126063077594
55.567828208790189,-1.1809423810540101,0.92556783101145612
56.553063281078778,-0.398541375656849,1.4654038899717807
56.649690496922382,0.96941291523018691,-0.85495725131901734
54.926161146534568,-1.5294949409392007,-0.97271003598614814
55.025669260924531,-0.31566610767653236,-1.3295034333659512
55.264065768480336,0.1198280562400392,-1.8120484009425413
56.34002015703534,-0.16178737029756038,1.4976288668811113
56.13156715695294,-1.3196050887785848,0.18327685071359934
56.63884784077316,1.3314987300047565,1.2012861252445497
54.987705969169618,0.083608958196489447,-1.6088047260559604
56.433799846721513,0.24310511489266673,1.6702600328241677
55.190879464391664,1.079249989896373,0.88065072420808099
55.114231305511545,-0.38351632573341904,1.4161556826309654
56.498123581669965,0.7211092928199454,-0.92548103315324148
54.776451798807081,-1.5902780965506453,0.94325937921823877
56.046541816842144,0.82952922139688967,-1.4244507907910475
55.329912481632206,1.3308516869823561,1.2588605249761651
56.181023710093406,1.4337518035501717,0.5263506170533212
55.585351457249459,0.41794638883825735,1.307963493778771
56.741525332118741,-1.520789127357024,0.42850460156199716
55.26689476727762,0.75228998694734284,1.2124528065417788
56.308909061583343,1.1577063127071088,0.66635788454315115
55.876851041829944,0.7024208043634339,1.1581687841976704
56.685864989709742,0.6214475323553772,-1.0088819088352148
55.348181827544749,-0.61061134731976252,1.251519100852281
56.486066538508638,0.37978831214408221,-1.2722254646554694
56.656914201438831,1.4999511790134197,0.091806181754293448
54.953768730078416,-1.1182165062364311,-0.47314681701626304
55.122519181429894,1.4751793826530055,-0.4688106876101894
54.979814681560768,-1.2204431927126476,-0.91706856808653858
56.470915270520443,0.84373994848980738,-1.2641722885003592
56.031634493301475,1.5033035703081079,-0.48745796998483026
55.448095629665289,1.2775383416060331,-0.61407096062195921
55.600081850207623,0.077481701998473887,-1.5881480773313106
54.931578145444561,-1.2811194479375969,0.26110231861026983
55.603783248277885,1.0831069863942155,-0.42417371412188021
55.829122619512944,-1.3534939518598883,0.51298785703965455
55.074947615795601,-0.89788838054197462,-0.88332364977031574
56.415137569646774,-1.0282085313459091,0.86235658288348782
56.064600949825561,1.219257235293711,0.0033507867790294275
54.940276542381191,-0.84063584717346473,-1.1074881012002578
55.971638060998593,0.069547039027447619,1.640402979606616
56.647970923501809,1.0229514514882359,0.90604884920931317
55.28605161338232,-1.5384884971764088,0.93963529469349538
55.324081639443442,1.1196270660326983,-0.89974550014443799
55.496856859014876,0.86222936945326067,1.2475232052985592
55.859029764845879,0.6845390292943424,-1.1258585443752134
55.54264308238028,0.55795060440898747,1.3179004038951407
55.079796045381201,1.3921332509290929,-0.80640574450356883
56.10585094425516,-1.144454355325023,0.86545190122123483
55.750765263785965,-1.128909632681137,0.47832007588727338
56.007479195974348,1.1426104138417883,0.48192147994723478
55.445717906522425,1.2119343295238754,-1.0054110455116494
54.977754847837573,0.88832445495250334,1.5123704832675544
56.138130142618294,-1.3849528425029449,-0.45380097351326565
54.842810786219083,-1.4258364531471273,-0.62630465925301404
55.375387605402366,1.2883741153799682,-0.62246317898849424
55.742002565098417,-0.98170433435742444,0.54247223729593563
55.910287914176024,-1.3271413118334343,0.45017896919250677
56.539200024147938,-1.2304163108213311,0.15104867978593645
56.624744039185778,-1.2120263830501974,0.89961169589619872
56.619337962024659,-0.89119657267756558,1.0785561886288668
55.691971616700201,-1.3012799481232369,0.3948346219011496
55.035446068651595,0.31760329245603802,1.0397559327375399
56.732913668236165,1.1107806983520281,1.1951725387219871
55.779478380703139,1.2070560690578782,-0.83282996048438995
55.462838572967449,-0.65434790949678545,1.1709376368561453
56.27533724995989,1.1712827575601916,-0.036870359628017983
56.193538556787885,-0.27330971470286414,-1.5871850896979918
56.485533368843925,-0.25081654488304533,-1.5065904435214399
56.444753990332124,0.5715294668511115,-1.115522236543022
56.23780650543101,1.2449027706007427,0.52700761783190786
55.351108452137332,-1.5546412683130251,-0.51093380267370325
56.133265272235562,0.41306891406993346,-0.94929615468746242
55.731008866054573,-1.3412108134757874,-0.80790196308203999
56.109154844956286,-1.4535397936194787,0.0069146469525933401
56.418403212296823,-1.3841756837408141,-0.50671596536969177
55.625167428104355,0.61558730794093086,-1.2249397058110723
55.041121202193111,-1.0708873848076912,0.65707663636826941
54.880804728442349,-1.3416934664460647,0.49073200969872077
55.39707173273279,-0.71098438265727248,0.98308704499280708
55.57716851751686,1.0725080015013042,-0.87530839249712722
55.997599930355371,-1.3175301219158313,-0.4378652010404005
55.745746969520248,-1.3689613414536868,-0.32499732446914897
55.100126824477847,-0.59240468415428327,-1.2857229647892754
56.374470633663897,0.99383093544608181,-0.80443350007629377
55.934778759707015,-1.0631472858619193,0.86430514433572492
54.951886626239983,0.62417118899638313,-1.2874246734118784
55.685485735889621,1.4208137008707746,0.35583824277777154
54.756985809593786,0.091687402486252109,-1.1480653356271526
55.129033124699809,1.1703616918590607,-0.45054022308298725
55.622780928799848,1.1720837830715869,0.14652756416772306
55.423145016069512,0.30007315964168602,-1.6255709307384185
56.831555050767157,0.093687128001398001,-1.5975125914914887
56.143826843436955,-1.2183755194372554,1.8293226758681214
56.268760152680812,-1.3890928840576717,0.82514437063222146
55.193031945217768,-1.0910591920357902,-1.4620999467574509
55.879995881066748,-1.002946713475517,0.88615507383764291
55.694397229309203,1.2852810157390162,-0.11667908754627666
55.245942398509662,-0.88325846059885138,0.97891912221628685
55.272231098947636,0.91573554344034847,1.0679758913761135
55.790596139367587,-1.4439414346185619,0.30740529590204341
55.753936381332288,1.4104623493651811,0.54981341234262848
55.0637794453731,0.31481768047057002,1.3869868437639696
56.667015405369263,-1.5245383139570585,-0.50062952475639666
56.583838404191866,-1.2793161689798564,-0.53112683145472384
56.255676026463277,0.15636716175916615,1.3855108245094814
55.07992264200967,-0.9332395319356338,1.2775396007125028
56.360299537271345,1.0624499488998582,0.88632484259964239
55.364788093473791,-1.0881452058349423,1.2036105067672331
55.959718371894091,1.2514133365933922,-0.40999425707706133
54.95773265200669,-0.90961793187613915,-1.025563431099906
54.664686694211852,1.2427861076998259,1.0070452779382679
55.68931342866793,0.077353510916865265,-1.574414559637344
55.037372624981643,-1.619278141932339,0.15862976197968015
55.650418677774013,-1.1450912945843055,0.63498472661860439
56.778141739934682,-0.46461209026272221,-1.6813347253822124
56.051703142880605,-0.97532256234683101,-1.246431543648951
54.97822292010089,-1.1652524195204212,0.11069202991594004
54.842424911319988,-0.82255338808747003,1.2513986360833975
54.883423194207623,0.16242402366274611,-1.4758873054669341
56.272124629418904,0.4249488906476705,-1.4684264284408917
54.95754017624779,-0.25908732110538912,1.526434473777607
55.358986318942847,1.0384969832687103,-0.9434466970687686
56.075884088012643,-0.31455272918692084,1.4125081023730377
55.138904076552002,-1.2744422220839065,0.78955188431001189
55.590712064365626,-0.21227680046229783,1.3693980667729864
55.016833574573781,-0.5456052171135809,-1.1558932219091465
56.329261078909553,-1.6813427566449008,-0.037728303890145379
56.282091047402204,-1.3711294302608472,0.34038425265882183
56.166320299751867,0.35122096957739019,1.3851724188283663
55.88789556865337,1.0235091313161169,-0.88926511265313402
55.019244624343507,-1.5297602451754333,0.55224949822559044
55.722282884413495,-0.79650111977347104,1.3262478961211581
54.941091597812907,1.4494691244457945,-0.091335081272757204
56.363210595111518,-0.33541896413334948,1.3143142036663678
56.730629727932239,0.67047657432177055,1.3724837137631456
56.581460992323343,1.6152964819028826,-0.38302864854826713
55.29390766769383,-0.92116105663723202,0.96069545342322837
54.741641803513176,-0.098360793915937939,1.5912016916222149
56.68970527183648,-0.72834546332992667,-1.1041331864958002
55.24881205343182,0.60205458667703604,-1.6874616400604467
55.210444866826421,-1.0671712899655696,0.88387750953804511
56.236051359913034,-1.2409380296239301,-0.5772890687949962
55.369297387175621,1.3294942907391061,-0.6367679270434814
56.623351211997495,-0.98697311506539864,1.0523114344818045
55.174520670357225,1.4403524792107447,0.066066882441677896
55.572895452525849,-0.81920187737783268,-1.3767075547915177
55.66808148742787,0.86530522480279237,1.0575143350419089
55.353420960388831,0.22962984848891188,0.93247005547310746
56.234249166333676,-0.14037114256414712,-0.77666140168789877
56.344774768714629,-0.2182670876939739,-1.1611006942997282
56.187239863566496,0.82203281111081761,1.3564963586605767
55.055125462838781,0.62992444780277357,0.92041055929718774
55.781801759253646,-0.90497058760978644,1.1226019345243485
55.039204818002169,0.3561272022049925,1.2778737225306283
55.591134634987981,-0.084849689961236069,1.7430158418078949
55.539050281853278,-0.9831562133914622,1.3616299205502744
56.235945507446878,1.3939053277434634,-0.68413985104815633
56.400515491239169,-0.52797447734556924,1.1969295005674143
55.124943645828999,-0.39297261193591859,1.3374304072926286
55.570754036418911,-1.061325458654979,0.48781119880458501
56.160752523379358,1.3771111714196365,0.0093038781125403085
56.685478386178083,0.65334959976171181,1.0091445335434703
55.156072493186109,1.2472134699838175,0.070793019657586984
56.220222239067901,-0.19045361628663282,1.0500091367762148
55.820464125542792,-0.85700844075856464,-0.99854097647882945
54.861103613263111,-0.60843753745996976,0.61005804249922735
55.609430152953045,-1.5993745367145853,0.11421593851228487
56.676333483916579,-1.3342048580067016,-0.065019321730226634
56.360909387487183,-0.21093034104120018,-1.2833716114572908
55.547490403418038,-0.47123646488294968,-1.2966196700519039
56.049384716384566,-1.495104276226447,-0.10208573950208474
56.008573758175238,0.44722263206913093,-1.4385699385898842
55.697176209795124,-1.1688242528945549,0.44671113705543802
56.247397972173594,0.49403887698065385,-1.6640019445818215
56.065500299998867,-1.5115099028755294,0.23832467565052248
55.283473506294577,-0.89555300124366122,-1.4454473210803043
56.803950418198966,0.85330623376657377,-1.2628014197309008
55.713540365741665,-0.4560319363365446,-1.4016752619479207
54.965735646019446,-0.61851841619598569,-1.2356137694723914
55.359197545595435,-0.10115832715117019,1.2436846963510539
55.557552059963733,0.95005056717733216,0.90140350479100828
56.753482736530756,-0.56391794009068674,1.5613539625236843
55.578119636416851,1.2735704595962407,0.89388969061187229
55.389934408886603,-1.2113214873397458,-0.51577589965042847
56.356915722434024,-0.69414250354435136,1.2048090030867842
56.413985423672131,-0.79835563689117217,-1.4544372295282002
55.598239740401482,0.31048330527734214,-1.2484985625813017
55.484236966224906,-1.3892967313179569,0.64307072548897648
56.665981766148725,-0.6600157940847623,1.3078095297440879
55.550437779993068,-1.0735640961621329,-0.90527343468943222
55.266767189638543,-0.84520362793279569,-1.3673249542534307
55.877931418420751,1.3164742061774013,-0.56696497727619566
55.957974570136706,-0.78428176061313737,0.94498983083060961
56.423598935470743,-1.507312440628944,-0.17848262127760228
55.873608160437634,1.2932479132243411,0.81707840344516403
56.228777100300732,0.44608394687904679,-1.3396667130307425
55.339183673970332,-1.3280538020560235,0.88300603642757047
56.578431333965327,1.2145151907026153,-0.47585380009349199
55.208187822149526,-0.089463656711458575,-1.7305501876267444
56.304750580581697,1.1517070873360804,0.72894764358737707
54.861057276548124,1.4767665743574099,0.28275862710872723
56.523800015438198,1.0793650424597636,0.99295352656680624
56.702519030514871,1.0864537098255704,-0.90081659750661303
55.506960103108661,0.084924265774733596,-1.6336111830257123
56.24536658045426,1.7262202941034319,-0.23980074581006128
55.655134475566925,-0.19949053767141542,-1.4841735216380005
55.105969702681278,0.12259009352832094,-1.6255314195980668
55.830479307073759,1.2120750224742833,0.0271860019054447
55.87768406006068,-0.95777111664296399,1.127266546339412
56.380804198628937,-1.5607179965331195,0.032909864633292513
56.64865924828684,0.93005381230238282,-0.52938942293990709
56.559240000048327,-0.47738104528627179,1.3685849160535415
55.721593914692079,-0.98938395199061313,0.90708400532408562
56.0731522919491,-0.67847940339162904,-1.0018620914697376
55.44889893665254,-0.42317432539109412,-1.1940362283678072
55.072472469195539,-0.78767297005726333,0.98736977526301684
56.051015901880632,0.97138951987402233,1.137987840253631
55.027671295762822,-0.62971387342608309,-1.0632556757776528
55.528918117224102,-1.053430793137353,1.8639208529746711
55.943676212140744,-1.0336281372192682,-1.1643878156246055
56.220415892890429,0.60013619687119524,-1.4838173735164999
55.973491560595072,1.0411657602215008,0.92307613583795933
55.726662081188465,-0.69382607149955855,1.4915660819837386
54.975687026833093,-0.4503603466483444,1.4447246459336138
54.995700534045575,0.84537675370809495,1.0743844189066443
56.81707823979977,0.26038301682824871,1.2524343478001458
55.298894072197328,1.0536588861126319,-1.2535999160334517
56.534915371979857,-0.96170928639643183,1.0443560150361104
55.591419417615803,0.12818075414193783,1.2883464587349125
56.649442233978007,0.051525612628119714,-1.3302941642142776
55.288418401899747,1.3617801353105772,0.83399138364148284
56.449456758989811,0.028196691154050157,1.2797308741169211
56.673341755439729,1.0749629277277608,-0.70658718862110292
55.402328778431666,0.84952437150243265,-1.3322810275873591
54.826145261077201,1.6871648188796493,0.048928045626797527
55.260022286862927,1.4269161081906561,-0.41690083918079329
55.005179175184203,-1.0356812169799661,-0.88253944024218367
56.852250065506034,-1.5845164001840757,-0.66405057682055002
56.463123188066213,-0.077046074371795226,-1.6028470485381139
56.220975251743411,-0.72472900115612315,-1.1555985855734268
55.826696648757412,1.0811934256970341,0.54058444913313697
55.714042342376466,0.33900773515063487,-1.2859684393140667
55.901993227328646,-0.33370153178285722,-1.5087986243690459
55.555564679712738,1.3319563687928073,0.32157427529730909
56.106466449097752,-0.93316026947843789,-0.61860630165234476
55.771274107514387,-1.470935538457417,0.67886009550492032
55.237684298651878,-0.96462386005703482,0.88057246819567203
55.315314865284378,-1.6726853592752646,-0.18911330165358897
55.601958733135589,1.4866536698086059,0.28487854247469491
55.726503822579858,1.0138172144688111,-0.43317367374077936
55.284730675613304,-0.060306753655380407,1.4282237742481834
56.696983255848984,-0.69787318028639145,1.0200051961540395
55.368771204949837,0.31839503034490901,1.1563256743635359
54.848816993480689,1.3656824781645169,-0.59398051924717921
56.657626468950234,1.7210738186763415,-0.17769150573028783
55.120985765380439,0.18221203891935353,1.6376239417334566
56.4601792961518,-0.0018995493240279368,-1.2917001168928532
55.07545106158544,-1.3873689683310779,1.1284381270297132
56.71252812686469,1.1308756497100543,0.8783206914595072
55.102448215982982,1.7613534726403151,-0.10979114838354403
56.250315938944361,1.0868100587854137,-0.68913835537763568
55.812040834814844,1.0245973171653526,-0.61853842494190725
55.704225805780567,1.1576075564291619,-0.56049514899484221
54.861167017508528,1.3894654101423347,1.1207020903684128
55.099113943701823,-0.95592795966899002,0.68988530613086163
55.663102384542555,-1.126683425643306,-0.03057093099328137
55.240919709713268,0.16644321395129621,-1.6752360824753549
56.274150763361014,-0.24538907697800563,1.7004898497914596
56.548340246168266,1.4338424488348878,0.11405256356697797
54.882658384986939,-0.95932406467734166,-1.0343605586973792
55.02238404396217,1.1069372412761465,-1.1502991584267184
56.089401109611281,-1.4823416300316832,-0.51248734148648611
56.113417941756602,-1.1953083673166911,-0.110107923974955
55.335212105659792,0.74700028566148369,1.2703784237901488
55.395403743653759,-0.22476946044014051,1.3859708652311626
55.700549196902692,-0.018459472861505788,1.5577922697867888
56.478053187888449,2.969173706286532,-0.3763792424148244
56.828979344376506,0.98675602714138799,0.87057293841202166
56.694493135367424,-0.19693548672631342,-1.4002930031820442
55.758492359151226,-1.3327834107011463,0.98924521009029698
56.322175858999181,1.2928520772955325,-0.28936452450322825
55.43836062946815,-1.1762693746055211,0.36688528372809487
56.29422693172291,-0.1620046892697963,1.2986297856183093
56.069492679757644,0.99662195548025312,-1.0709098867085742
56.090777713112345,-0.88380356105731939,-0.97555471955473172
55.534720891967112,-1.4254089047568728,0.47674162945522802
55.218926136325628,1.0540716379617563,1.0222786064487948
56.583482002475726,-1.1659575662022577,-0.59799587824183975
56.107818817378678,1.3283861140309285,-0.30170578774968226
55.577677771848393,-1.0248069746773523,0.33205218000351772
55.223293695282138,1.0731548997533888,-1.2664487714379904
55.686815067202033,-0.54347198349497139,1.3604236978138202
55.395855583582531,1.2686600277451792,-0.18399089152490516
56.229101755300952,0.88001442499108706,1.2051682352442099
56.641054678926494,0.94548558981203124,0.6495230083518726
55.339178026776516,1.5464705832878096,0.46949657055097366
56.611114271895183,-0.077769280070751803,-1.427416740015216
55.668189658255848,-0.40604859788308761,0.97223855823345573
55.117536032724168,0.15216324818243318,1.0127783744253693
56.622940590464864,1.410921931908302,0.0070984978170118762
55.563297932915503,0.26629594071944795,-1.8717650038972919
55.947627829149049,1.3478692534002095,0.43036458624399837
55.14720541047329,-1.4104910071418855,0.77507546164562602
55.145498019329374,1.2481323087513234,-0.19763776028428501
55.890389089887201,-0.20042412082612746,-1.1644306007730705
55.142460329341354,0.85371710380408306,0.59825620995577555
55.945175603843161,-1.3894893152986671,-0.5397953651925731
55.361375664195933,0.62980455662972057,-1.4474462681857545
56.202519079746921,0.61137231118554258,1.0732347903946378
56.442265508844443,-0.60674116956400204,-0.65648007373583595
54.970204937332568,-0.024388863284811296,-1.5232153524510696
55.264970930730506,-1.3936750716901256,0.079407101106949554
56.05797955210253,-0.92553640316709473,-0.85574660219982257
55.864095282398488,0.49519213291894598,1.362617462446762
56.467385109837153,-1.1304262504176166,-0.83010268699929202
56.062603776731265,0.74502312882579202,1.4595795759574715
55.051834369586331,-0.396694155770488,1.2600117782718576
56.191895917625381,0.40333901764730218,-1.2346935965554278
55.546739023824244,0.066589138732138203,1.5535259220158131
55.304771832411632,1.152223744509242,-1.2266718278822768
54.976879941742808,0.22433965224415156,1.497286849614984
55.279205686821889,-1.1206558427506259,-1.0896743419411958
55.006991413903386,-0.74857736257698781,-0.1155904019200258
55.950535437158734,-0.70242401267249499,-1.5228888755323988
56.151217158087313,-1.2990430045048651,-0.40503008069285928
55.427760805119398,-1.1935182266728606,1.0735965104474885
55.024705380592081,0.99140513194380431,-0.92863655637259479
54.979881053354227,-1.2635494027620411,-0.90319438940810259
54.906805384669674,1.2256022224679484,0.47577547857508884
55.204247618446288,0.78318496481910249,1.4389875534592727
54.986607726241147,-0.46951107966906613,-1.5166706798748348
55.406719255560375,-1.7200141224108529,0.27944562293742531
55.475321609598815,-1.2242993913788076,0.73107558293343222
55.523026917502342,-0.034431006558352045,1.5127758553803017
56.022436468849534,-1.3310709196171622,-0.16835885459090802
55.94295696328102,-0.17403174287635828,1.510757265555013
55.668063524722484,1.0899174316570668,0.94522381421667812
55.853540578404377,1.5454020673015902,-0.41738981338714526
55.468103137400888,-1.3979906221454343,0.5456429798524266
56.109728819678978,0.95347768685131318,-1.1465161566970357
55.451189511720763,1.3681771652038377,-0.8483561510842953
55.670859527640999,1.126332312261076,0.077613567806333619
55.636742189769471,-0.58453555382264366,1.4274294330049078
56.519565021770269,-0.19003318283106985,-1.0670655960546871
55.082689009106197,-0.32785278229274234,-1.8828371905983106
55.485952636674327,-0.57980524807658784,-1.5918163454563745
55.732984625530932,-0.93022801393116183,1.1525286090945082
55.599630501162899,-0.35117112395871752,1.5521038997852419
55.625170886066257,1.0416712132322639,-1.2785518796038737
55.486959302270428,-1.341311532248002,-0.25011448330693759
56.170065682321628,-1.3632053963491135,-0.3441713460409776
55.427885256923275,0.70845682222622608,1.0623063963785615
56.467231951989902,-1.9466802376246408,0.8632089027741785
56.790341607815847,0.45810541174039404,-1.3840266436867807
56.691788402877016,-0.68918348994794465,1.1255467419453911
55.7441269494511,1.347671557189398,-0.096372660908248906
56.72833961682683,0.333249305442888,1.4337749221615261
55.893357950051225,-0.46216709884472074,-0.85722437411274754
56.680365560307564,-1.4178603076852296,-0.71659848002984738
56.063385772599048,-0.083073511427289581,1.7008840359015513
56.654536179232991,-0.78491545450218414,-1.1369225860232963
55.499754137114124,-0.32188579794216343,1.2766501440059681
54.987847446086491,-1.1160338010670481,0.70469114486717743
55.925735335237469,1.3873091756796754,-0.30610598430388181
56.534301563913708,1.6671035697948853,0.65029352466382173
56.635728491100579,-1.1747551686035314,-0.76902433205554632
55.497164070405383,1.1759178007509563,0.60114558908809457
55.21619506090601,1.4051307069623158,-0.6448450779233208
55.637358319358675,1.5769017106178207,0.030784652990414371
55.204213438231577,-1.5126174634223339,-0.28745360313235085
56.82119899292627,-0.05428983922998297,1.2230678944507429
55.773815463737137,1.2990861993271761,-0.88531425390846497
55.40311482340018,-0.43944811400461786,-1.1832097371951298
56.189352047676081,0.37394954872003328,-1.2644327268446902
56.700006415755048,0.76392012265360998,-1.3687022254370482
56.227860051359379,-1.1165145245652854,-0.72688862243158381
56.818746880093656,-3.6701572412764212,-0.14191063077977578
55.127156563724775,0.011759780522725185,1.3055480251623257
55.679191784941622,-0.49037800124891873,-1.361171192395719
56.011761506159232,-1.0943309773913359,-0.034802707745272582
56.156614331421544,-0.91303763202308585,0.53720693644249828
55.505810091007788,-0.98322368468816546,1.0473941471130725
55.855061817704673,-1.1640942968051717,-0.96011445229431824
55.66355999037458,-2.1893159150929575,0.84602497724582515
56.341328621707589,0.65411929288542114,-1.697530452629169
56.255254572943983,-0.25949785737614078,1.1498104661288746
55.393732262934975,1.2075685867348978,0.33414706653134851
55.517484153360662,0.24048055562127815,1.6137557042120207
56.166157962784794,1.6032076269999203,0.27359122395126667
55.863191816859143,-1.1906885315916964,-0.40222613846712213
56.311682688974955,-1.1166171455932963,0.69840873521568436
56.073796307967712,1.0716868525475045,1.1856603584666947
56.410217995313445,-0.90644203055791428,-0.63640395457312138
55.37068607444494,1.371687129407209,0.88900837346354122
55.949655894109142,0.0009508758701054276,1.3936513288980819
55.166568635401681,1.344096704712282,0.070940872889349652
55.248093537877295,-0.71845328823703425,-1.3754336687946711
54.924361698449623,-1.4899003554333561,-0.046490182506480029
56.055484348409152,-1.0274095381377986,0.8554964779102
56.614224511784045,-1.0574752268704177,-1.0267515504798468
56.865442852641365,-0.86409639767262914,0.99587617748964596
56.534765596841169,1.4211833385442769,0.81729579412689402
56.725765811330902,-0.17985543392972125,1.4013202029674112
55.9593658895798,-1.2672254774528184,0.19269026431811767
56.035707784142595,-1.3365136117578862,-0.42904088139816937
56.465239541218843,0.1600963355209466,1.3048520785189399
55.835692615665749,1.0523736974394771,-0.29078447855179396
56.008916778230805,-1.2363319949622025,-0.5697346178178837
55.087597697355442,-1.3706329935438653,0.0033392701374723903
56.333687667066911,1.0823334450266771,0.62855275854766091
55.027495579581725,0.35076453736544239,-1.5094187305887785
56.693500072355448,1.6486481884453064,-0.07115312538512783
54.956766533211017,-0.13550070229983321,-1.323645696470243
55.158322233016705,1.0842335564293692,0.84867375903286213
56.567586787267764,1.1352762361615523,-0.17406884248547477
55.525049484101814,-1.3769003589097299,0.19768641938202444
54.806477267995007,-1.3804835215818116,-0.52158029892086355
55.946704111859546,-0.37249361141947801,-1.6662244655247569
56.222405463241891,-0.38569936367769025,0.98076604836396508
56.322972374067653,1.3469427395684188,-0.75524177054187924
56.242486312817661,1.3125707364419605,0.13384415664048971
56.149546938205852,-1.2342644070705997,-0.91990633015228296
56.794115057182616,1.3056234392555155,-0.39763062160903456
56.666668368342798,-1.220696768641149,0.76915927775550919
56.485457602208783,1.1280113558177327,0.99945007852238998
56.454801980492739,1.0851927506887644,-0.29348372781292287
55.617097295849149,-0.39625674986462084,-1.2914972783957517
56.673668212446515,1.3490583976822772,-0.17660477000146349
55.210212009592176,1.2951891158937652,0.80670032439151063
55.254464442099277,-1.6505770367364818,0.70341287119912788
56.031583168168815,-1.1776654519028464,0.45758804700963757
55.211720206457485,0.60629592661873932,1.4014681295636411
55.094644041851943,-0.44280250818889783,-0.93099540178435058
55.131361379854518,0.98712423753930578,-0.92008540892951229
56.1133279176304,-1.8179578733165711,-0.044527466152569473
56.104245595459673,-0.90055421328751828,-1.2006980602755395
55.737075950745819,-1.1734183215503158,0.7361414979534241
55.897731955860635,-0.10992671973963318,1.1541396015938958
55.707186243253936,-1.2732200422203337,0.79949938947567756
55.535347164744117,-0.097722436193984505,-1.1310193703489251
55.630904179820668,-1.0090720420443673,-0.88446144978289076
55.515920678240228,-1.6458504022632838,-0.36190836534314919
55.175356750671085,-1.303106232537288,-0.40056019518532687
55.476285159890367,1.3629913508366529,-0.49932516887482981
55.323936438504823,-0.74351283241736366,0.80548532828178776
55.765651791935404,-0.29878311111051836,1.1967019155332437
56.617908327075114,-0.18466173622041279,-1.4515155856034139
55.510451092185185,1.2214147923894523,0.8951044861699553
56.349087761163062,-1.2143158376294101,0.58955391169614901
55.204211683308372,-0.72730091589035017,-1.1825743055622082
55.076219453678974,1.4018157475854158,-0.10687050029899392
56.585485434543578,1.1314385699470975,0.34286595433415862
56.324475112159888,1.2398356344984409,-0.36941911747645728
55.692559356665697,1.1750884187067427,0.7381459079224395
56.239926955519877,1.1012826256795918,0.7600566598776719
56.286522587401436,-1.1392621901870372,-0.031956069382501361
55.7261963301913,-0.81636698248486639,1.3952157364505808
55.152929351260994,-1.5122906178560609,-0.12623309826839463
55.983355114557625,0.77020353416578602,-0.9141488830260166
55.536834073894759,-0.4428037541481224,1.1024344368491779
56.030827249537694,1.204549400533846,0.03029611818562453
55.690618216621118,-0.76595552679750745,1.4517843082925315
56.687635728348646,1.1740396437156544,-0.81878323295805666
55.226009692413648,0.76549230592118511,1.1039693159750159
55.461442941840886,-1.4864838993305161,0.040078562301943801
56.236740205465559,-1.1904243917644326,-0.90642837358770223
55.217208844755014,-1.4730024629171266,1.0871163764382938
56.186420559362503,1.2115743755353536,0.53612206826756892
55.101257077061341,1.4883184308706856,0.22590799175732582
55.892811732573499,0.48527851946828959,1.3465580104357826
55.411471547425521,1.0274236273666311,-1.2291485464107146
54.9773234927993,1.3207278667324225,1.0207837601084291
56.691960064246132,-0.82197201172837464,1.0802343381963604
55.847451859480252,1.5214274743914036,-0.20609570517722858
56.299149285935805,-1.178743940449916,0.93595321286249222
56.002580700178051,-1.1687703891745584,0.38913406109724008
56.869506348490994,-0.10233540438365436,-1.5064570632688394
55.791313654767166,-1.2032672846328099,0.47316369567915395
55.593713218201096,-0.62658420695137662,-1.5082073791084258
56.707872278787804,-0.27609789974773385,-0.96255555529054704
55.468038925111557,-1.1602901666144099,-0.39036907294343581
56.563546343069277,0.78490915119519256,-1.1978689020424858
55.11681461273038,0.0055574396527072779,-1.1635085139376784
55.342690822772788,0.01225007626410362,-1.2144765418134653
55.982603634911577,0.51603838496162957,1.1816589701355367
56.560786777317063,0.12155594903053894,-1.0966090471795356
56.609003631576719,-0.96080361028982575,0.57920696947067585
54.849218167031765,0.43368862602784575,1.4545246153723883
56.076623430376948,-0.72945017716574034,1.3019780418361948
56.33717991368983,1.1790272410450706,-0.028373677676991321
56.454920501340034,-0.032727978578658466,-1.4733527630327616
56.490789033059002,-0.1511063882045699,-1.2642835791817915
54.995403418748523,1.6118890321738124,0.071860514966853514
55.476283233289202,1.1997169204968725,-0.84517924917393261
56.426264239155564,1.2887188039476705,0.26508909682819826
56.626635998815402,-0.012533157213263656,-1.5308956366436628
56.342957642264238,-1.4950800504487503,-0.11786301175936331
56.734343980392296,-0.62410576329024159,1.4090480373687209
55.408823008446625,-1.1681769565904143,0.81919514851360598
54.966561365834309,0.14895680448661258,-1.1172548805259908
56.340636413446617,-1.1908756192096117,-0.3270355183555631
56.266717382267238,-0.56311454327100763,1.0543583410931701
56.539901980382837,1.080520520790613,-0.3578891186776223
56.696784632314596,-0.6670009047082508,1.3594862385630775
56.342177094240945,0.19462448002167712,1.4613932165661052
56.84265317001217,-1.1475499246165271,-1.0103208748753039
55.327011360674767,0.62253521633477438,0.94357190662445367
56.748062034022063,-0.44304166492297486,1.41096911222593
56.587910658675312,-0.70991667715488116,-1.2637380226562716
56.541223467050564,-0.59149858676092681,-1.1058554391010229
55.149550797408182,1.0409959838033971,1.1092794692561656
55.017179404311207,-1.8950114589446267,-0.28198804115349441
55.937914075090575,1.6236960273572831,0.12481368535391771
56.866103655624485,0.28599397657511599,1.3041428060101286
54.889376398181213,-1.0429553135590999,-0.6474536858431531
56.342841325491705,0.91709259511591312,1.0771625284318043
56.527847667521272,0.48809604609917612,1.2983276937774599
56.155434042566334,1.5293481261334207,-0.28821286042572047
56.337819965108714,-0.99525913315623582,-1.0289331518742548
55.968665356315093,-0.11307704784109761,-1.7386903415769797
55.733743987829179,-1.2223133078165103,-0.65444264725722723
55.287560873535412,0.76521355245040656,-1.4490299948182535
55.366558389091644,1.2331183210138401,0.18533296801456012
56.361358661127667,0.10120930877184262,1.3060826989002354
55.661477461967849,-0.42795281385398071,-1.4817989309112443
56.308629875713009,-0.64090682614963224,1.0367082804958414
56.714522843762161,0.27849626312914078,-1.3536827653106334
55.29036611101975,-0.067349496415374008,1.4567439839596941
55.561537918022857,1.3594860076754203,0.24838872762911343
55.709097605372193,0.087482248817518718,1.6944794905295859
55.617855758033166,-0.99700736310651339,-0.5968032672279151
55.570301577135389,-1.2671854905772046,0.24882106402989623
56.00679693371071,1.5086339537437607,0.81112119838662611
56.270803850810474,0.30003076642342696,1.4712452662924727
56.487979585840151,0.4822526683950879,-1.019205580884565
56.460396281070352,-0.62158585971005054,1.1622525269102684
55.164638456366895,1.4776546137810966,0.31856707361836067
56.529059112394101,1.2636827986124988,0.60878719592247266
56.162074435807682,0.38454138381210601,-1.2571737960013218
56.055750212845233,1.4141249164998138,-0.49420891822699875
55.746310136902949,-0.74220889839719384,1.1997245883161731
56.848235966284491,1.1223491474184919,-0.89911649723491438
55.243867151764256,0.7272650756224488,1.2617501696470941
56.721413354050711,-0.19655674530236975,-1.3478954150563378
56.020272087856114,-0.052230096494350953,-1.388116322119384
55.469921248208607,1.1298702198644763,-0.93208282355881222
55.593565501109779,-0.5360460270369567,1.4166797280915822
56.547250677594825,0.78069274486789231,-1.1212562881550692
54.882317811185843,-1.0804279791879723,-0.5134974937639567
56.063961975102551,-1.3618741461681683,-0.2495813697881091
54.968423498256328,-1.5534572955505042,-0.081649671674034002
56.806162044994345,0.10952317167179079,1.4988227968363497
54.849947298343004,1.022226824252995,1.03579043108406
55.013402166514396,-0.71008004727764273,-1.4489121099751863
55.229037215486962,0.35451610598940608,1.4257407911823377
56.495602546117432,-1.2493418831150451,0.63321961890085776
55.498749775351634,1.0598864156475623,-0.83354542488786743
56.585353925282206,-0.4532807976302286,-1.1198144152283203
56.661310880180636,-1.3759049982409375,0.93984389253839817
55.84343553483037,-0.87385059868462445,1.148667828864059
56.139750584513955,-0.59821841067119996,-1.088575237292315
56.744923210898236,-1.3030101495570907,-0.6833163762894422
56.356488800368034,-0.21828203976669291,1.2667303420921694
56.425951494143177,0.5934926282713362,1.3034173442581269
55.904886952245249,-1.3096740875747401,-0.91260917265459185
55.25510909905806,-1.1769006823225543,-0.74919102658726489
55.402039288317411,0.89557805769809551,0.57420268980026012
55.612444191848169,-0.48398926275787713,-1.2457190590592579
56.628452922706998,-1.0655791287529479,-0.81075198072809573
56.573612902365284,0.22375698088994375,1.3395713719383004
55.916774412364667,1.1766205055031023,-0.99060557991209852
55.292890298813255,-0.034113549999447129,1.2939429376846165
55.579936264916476,0.72376717170179405,-1.0257811425207353
55.714680507199098,0.76610450269206865,0.8640665691815963
56.745399122925811,-0.87791664224113664,0.71778719761829601
56.349315421961769,0.43862766805306247,-1.4613192662465602
56.103381633157838,1.4318040456669272,0.89363894469609806
56.622634087806205,-0.92933506216347694,-0.38282110520219148
56.571954834202742,-1.4453541596769484,-0.051995724665138854
54.898384031153071,1.0766169451026153,-1.0755765597472295
56.547367089662856,-1.1743961354063821,-0.70921506681823154
55.516772749706824,1.6211924526244037,0.41465829502865259
56.32316831468772,0.26696648434585202,-1.379570254599354
56.678136050612615,-1.5925059967454911,0.53431877162934549
56.40884414516831,0.49231354558802354,-1.4146906859911978
56.430046955829972,0.32859132612574554,1.26728162722835
56.123241679161744,-0.96772896026575406,-0.83735277006017705
55.663964676310918,0.8042139767757942,0.93038801273647109
56.090703244189349,1.2459466691952679,0.90704056475528805
54.983038573859972,-0.89458134223236596,0.92981309834443848
56.227550639044026,-0.51312745526555059,1.2719418506706155
55.517568551590969,0.41120686749722474,1.3427434356101733
56.108888194087086,-0.99470639714917808,-0.93328615009221261
55.884459477796618,0.201692372231142,1.657391011263369
55.164919036954423,-1.2241881459374089,-0.78822922436944975
55.145073629259478,1.1140061861828559,-1.0997202113230455
55.873927580146251,1.177374050257759,0.98267197441123688
55.485652563050657,-1.2198154104168106,-0.84564281236827998
55.775602086920131,-1.1274783389650922,0.58168705896094397
56.411768668075645,1.2799623001708627,-1.127760546108495
56.577673668099067,-0.9246892195030032,-0.69297042606615511
56.036782782624904,-0.57179372492154756,-1.6613579264111986
54.8854700289954,1.1129422396980027,0.078407095561881815
56.85056572751779,-0.49392755318666159,1.5870395075938766
56.288790779613997,0.45004979871566536,-1.6774915686886622
55.816190616844906,1.279266954827831,0.69168308635377573
56.849134307749843,1.6114753907171897,-0.092158019363020302
56.698525219707051,1.3404513835043002,0.82758444277146603
55.241864666990097,1.3517024355919802,0.41799273877165971
55.940710678470886,1.5117025003412197,0.56847215318541444
56.354596489750747,-0.97731906772743826,-1.4060081654571481
55.992964161164089,-1.5291127436929259,-0.46412838156471825
56.544838234202047,-1.0469402633938369,-1.2971347207164481
56.462301099961486,1.2717245014489889,0.6034949647650264
54.923178835936412,0.10908494800112613,1.8037095586444953
56.358312864663787,-0.23714493306977447,-1.3296938274769892
55.032829635442731,0.13766370633762348,-1.8168149829349489
54.933090516121048,-1.2528303661995961,1.1141299679035377
56.434663313583599,0.22624461741383725,-1.2424826369263902
56.354715248593408,1.4614223954502035,0.64141905078486439
54.870258021975978,1.1703875831080326,0.91739389001250649
56.607567113901979,-0.2371924256453222,-1.3880918779996299
55.523967528861668,-1.0746790150077166,1.0990281909287467
55.839190054504101,-0.16566205276761781,-1.6640298814433465
55.445732054988774,0.91061982023767085,0.98069083593922757
55.782896896172808,-0.090337649494271519,-1.4034159554438161
55.254159282704165,1.1431264341807117,0.76119750456366853
55.290863785161967,1.3409271357450734,-0.2045470854205618
55.921620627233722,0.92866795858572326,-0.74948995877806968
56.46489820089274,0.35271861046768194,1.2599693924720472
55.730427891199739,-0.6703365867034875,1.4028251573716326
56.139659647515302,-1.0346454119625641,0.64569832309650721
55.900914902912056,0.99961114803195228,1.0610375149302058
56.424971834901719,1.0631308796888848,0.8361173944001512
56.789751496438853,1.0653659141119267,0.67676985060080685
56.547044848885001,0.11748369900714722,-1.2944306415110425
55.513692919060745,1.2334172752108126,0.57663048714511822
56.631186745170837,-1.4159951336374121,0.47370124326083235
56.371848073498931,-0.9837823068025302,-1.1911194780177654
55.778620398881536,1.0403299918135323,-0.67600634767099088
56.50148953319929,-0.84701117789169433,0.97970872420155231
55.452329107033997,-1.3597133709474702,-0.83116838186046715
54.893178989762831,-1.2698431437126199,-0.68803827003703066
56.445281554556047,0.26039399454885898,1.3205902055350163
56.620211711977944,0.98163428255969432,-0.85878979181273596
56.491396916146584,1.4996383955652097,-0.17711213358175729
56.73087473831611,1.0630692891162108,-0.99512002398537502
56.91772525936419,1.1083103584535572,-0.81733727066430018
56.697406033679691,1.034813004988677,-0.76976780327725403
55.760221008984871,-0.6945975018848497,1.4410714344494371
55.014051772480684,-0.9752364313532037,0.39465742335691462
55.707621725219134,-1.3787590857968768,0.8546129610562585
56.015377025172548,1.0721024236791499,-1.2293787429328573
56.052942912809748,-0.038338928953612385,-1.2143019443785765
55.627012295803979,1.2894970391556273,-0.77771412052174771
56.359305215643758,0.26561321710792302,0.89452712877845098
55.237620945416595,0.83408122544018459,-1.2314707047160809
55.10843232859883,-0.88001028726752595,0.81821751779073304
55.351656968404399,1.0454932160601373,-0.5310517721936151
55.844089643853025,1.0729517552550776,0.67243827310818671
55.893043541957759,1.6319202659993874,0.361578401086738
56.024569926995568,1.0669324336062818,0.54309789059822489
55.384100265181623,-1.3667469985606722,0.14491656824012211
55.729845351825738,1.4725118441819958,0.12613316650705095
55.301303405095936,-1.1578618550242337,0.98033430430881241
56.323530627942674,-0.72776298644441828,0.47685071847859029
55.614703506826302,1.2944538040097453,-0.43894770281115608
55.78062434664443,-0.49804006406190859,1.4587238746167916
54.869598159608294,-0.39182108358522472,-1.2165903157572295
56.665853429005907,0.496124046195208,-1.6446261437593221
56.019397877680916,1.0286542391321063,0.79425022091769504
56.710395410310156,-0.96081431708521381,-1.2000189560944425
55.391671603249272,-1.5722855677388117,0.21600872028211027
56.451056828987873,1.5746902417916557,-0.32878776173041174
56.179106928156912,-1.3192060610837995,-0.45725170046643854
56.0919791143819,-1.4198373902060373,-0.24211755845568575
56.613011568573647,-1.0951276020156222,0.89998343739438802
56.396458580403888,-0.31155499448789625,1.2291070300964384
55.34058574922318,-1.2815076017491123,-0.054102050794007733
56.010416545148296,-1.3295730664528163,-0.016385909482270065
55.658890569142599,-1.1834628045051681,-0.72436455529073496
55.783072747353039,1.1617520903456957,-1.1624704506254058
55.327137286432446,-1.523056755371208,0.4049810525712319
56.569576936844619,-0.14854168475209428,-1.2938231647678327
56.644156289968741,1.3627821363457464,-0.79473849423017562
55.293053875850795,0.95628523903021934,1.0563815547049684
55.330644723326877,0.66541702248809664,-1.269699184180614
55.963115134101891,1.0320450575202769,-1.0072380228981164
54.892253698922801,0.25758408698143098,-1.3803966642110761
55.786679398920619,-0.50495872446901124,-1.2448761768626804
56.51794810055501,1.420257465485369,-0.0031895277570172659
54.989439861798481,-1.3641649502458169,-0.68315910500890176
56.655913109524022,1.6964680011267284,0.42022646475148823
56.142245866363837,-0.70671962494607377,-1.2640104705379414
56.272089387877365,0.51649912673361753,1.1264321530398453
55.611720951700114,0.95614591439643404,-1.2058534624791382
56.675209280310668,-1.2179278702846057,-0.61616605066648278
55.766140853352049,-0.75063312191908771,-1.2330545333923379
54.952000845998569,1.4689735180859023,-0.15641384040577602
56.336035468428911,0.25846400411505355,-1.3631059513863468
56.265339988215125,-0.81379564620179223,-1.1552153938283785
55.224052350732258,1.0855399167014552,-0.8553692269384543
55.454431250090131,1.1071844380091629,0.73822865694681805
56.497389863330049,-1.3072220368254219,-0.952293048630802
55.56105427447968,-1.2456850013431431,0.23172761928156385
56.287754030382843,1.5430286221553642,0.11541052681924376
55.428863171015884,0.91538918505125333,-1.1672367866932039
56.232113464604318,1.6755788162560092,-0.77332042038498816
55.324045521543965,-1.1966395063961657,-1.051706585252457
55.52637677442749,-1.3518124701411431,0.72338031928564295
56.138540591470928,0.87983023908659475,0.87972032781168408
56.424401346968658,-1.3291600437449214,0.75890744952381162
56.879353619758582,-1.0864617006989357,0.679739224244025
55.247085399972789,0.98880390480096803,1.2000495703488434
56.338505265132092,0.9263508948076955,0.85682771315183037
56.730794386200316,1.0630090630492752,-1.1742806322416734
55.117558764249523,0.082756392296314124,1.3782105042718424
56.080633222533727,1.4351406639705067,0.27296956662814775
56.717125214512478,1.0440502302184167,-0.13813329128049479
55.660385220446209,1.2592891622541367,-0.60500288186291895
55.689036437420043,1.3981825422253391,-0.71176890346307464
55.981762681099148,-0.70813989882685269,-1.5415144227303834
56.122959417975913,-1.2979895134901656,0.014351419547743726
56.306391484959313,-0.84177931777589798,-1.1610972168489315
56.018459891133197,0.26745616018760537,-1.5061453311774022
56.316942780075344,1.8341755044982708,0.42848587552260842
56.00951086371618,0.5301032949284662,1.4268839112579177
55.119982695102038,-0.018258394808590185,1.126981889787303
56.395346648167745,-0.66895914561272929,-1.1812495853600078
54.851341627379057,0.28718087704934708,1.6926281935746097
55.235131921755922,1.9975713780377686,0.8475402204590462
55.734475375560407,1.412049448862329,0.52835870922834938
56.216984813838067,1.7930810895210636,0.038152473946609172
55.325819927831745,-1.2593727180750376,0.0042321263537399125
55.02483196387319,-1.1084640683938665,-0.34031396513316525
56.858776961085894,-0.44867764700320539,1.3276060356308335
54.829111330835396,-1.2204390882122138,-0.19195631007552449
56.669237881647966,-1.2398831172499751,-0.028822476622791061
55.21400237418505,-1.3929882374759937,0.54652009287001679
56.792385495272242,1.1909690636716905,-0.85312549398158155
55.761515329063378,-0.9206634928985139,-0.75707361978410948
55.073410129280703,0.31316207974007126,-1.4531635951937822
55.518648665181146,1.408579737799285,0.45944928490700709
56.444897250991183,1.2756014930222541,0.22383768565103024
56.327119939672322,0.52565915117718898,1.3036082871615653
56.516313309292165,1.0114062535761221,-0.94647295173327706
56.395334774182501,-0.13086063170523771,1.7676015754594114
55.477144255711501,1.5832464301317635,-0.18620887188317967
56.014177639083051,1.0975920683642226,-0.019203805867119696
56.166555742834881,1.1898175226160328,0.91342165347408144
55.399355450999749,0.50603791644680107,1.3973672606929375
55.965084584937024,0.8338007517294882,-1.2574323869387711
56.874770450369191,-1.2042864381903919,0.87917340231805263
55.825936959498605,0.90093667209440276,-1.1413528437471521
54.881320676936419,-1.1840806373241926,-0.66735550875489436
56.474275976594967,1.3471833320790128,0.46258632880472972
55.95185283389452,1.334629714223792,0.093767386696294336
56.094129583777431,0.49226883239088021,-1.2317118850754398
54.838275127192418,-1.3139367092683931,-0.19079911197340879
55.286689276757542,-1.7824171020485613,-0.83518377178671654
55.365610916349667,-0.85295951780121404,0.79529175644002237
56.11978226457078,-1.4663463313913903,-0.83814528684449596
56.444911756984041,0.65338609304625817,1.2684503872323156
56.079052396900074,-0.51689273098252164,1.0810234166084838
55.86892164987993,-0.84610741629649477,1.3943086928270711
56.804081741692038,-1.1435746612609847,-0.78298561559386781
55.458698214864114,1.1478775639017964,-0.48900987193419987
55.089258807149776,1.4621310522515121,0.12794314028966625
55.628436593288505,0.16206447873524416,-1.3829581774401707
54.928021245565674,-0.68353962806873725,-1.5070883949641163
55.376765231216176,1.166473578951756,0.76674743149175273
55.888121114703424,-0.34479370351615674,1.2141721415131481
55.218777569626276,-0.94755826493866979,1.2933867876828951
54.938246050611085,0.043315780513814253,-1.5831949750603334
55.889423763627057,-0.72585966711565286,1.0981039561354677
56.788132485047512,0.70165855898252105,-1.1132687956761878
56.622561906930038,-1.4342760032039228,-0.048835452119581735
55.824756887262645,-1.2423500713479052,-0.46342043239817643
55.07619914011611,-1.7310468545239324,1.5421186775295648
56.507439258993927,-0.46816816250522925,-1.187965658815215
56.818108026205699,-0.58939272891098426,1.2156299286114629
55.510118411869009,1.1477316117274279,0.026597106235471849
55.972456933612982,1.1597515578307354,-0.79283308209788295
55.517875747674488,-0.46392079204163739,-1.4034132502537722
55.074264545895176,-0.014418465664005092,1.5028198549394598
55.829226660598721,-0.3464727372780696,-1.3172463526116052
55.366115179503211,1.0147630421841223,-0.98431854555140819
55.553798064710314,-0.78672153558425317,-1.2343655344272846
55.087273364501947,1.113458106962125,-0.47625310429133871
55.026401377721264,-1.3372487968908948,0.2149862365613405
55.925557708992116,0.3988254342414968,1.6646279496171241
56.604176182055362,0.99414480896750601,-0.7519186340133811
55.472190966897884,1.6152606641727332,0.26697937334366734
55.767253685292445,1.1741564410230827,0.34051522915502858
56.233662510135773,-0.8632154433354039,1.0909904488746403
54.93201802234325,0.93392364049352894,0.88939763050581577
54.887994432741785,0.66200563046103289,1.2544066070560604
56.321809715776098,1.0261724167557815,0.89491317174624097
56.246617287755626,-0.57023685399560819,-1.4720757108494902
55.904391250689983,1.2862538279201083,0.69607589588537389
56.117786959866422,1.4126056979150317,0.24375012493654152
55.913975612539808,0.23663276760732524,-1.106484436258242
54.929077695285727,-0.94822364077225274,-1.6635887582412094
56.784117680588665,1.0166932183071367,-1.1282465014557073
56.344168736357418,1.0665706309352017,-0.72031870288643163
55.211281791928847,-0.35683605310211974,1.2481955899103143
55.583621846465988,0.96642233485524398,0.89775401821646339
56.366039009425911,0.74229404644496977,-0.99430134461533581
56.442048912437187,-0.3537745700685434,1.2384010020773804
55.844312261668435,-1.3820050225100839,0.55563182066909655
55.440759879846155,0.63640919319801326,1.2539063223152624
55.682957625588209,-0.66367766745750634,-0.93462345143452574
56.780805428728534,-1.5270355831338722,-0.46714748157500341
56.089835911910576,0.43700949148322571,1.271688648791502
55.103030002271915,-1.3391081781577963,-0.42395717220315926
56.079124071918471,-1.3537708593433411,-0.91007463840440173
56.846737115815053,-1.258685180421838,-0.36474347826040721
56.295222109865122,-1.4261794293105925,-0.72319396935454627
55.762921499690783,-0.52592031918504756,-2.130047556770104
56.748562022765334,1.3273158002974423,0.30181410563759603
55.826925162316002,0.75786757872896204,1.0509519195518622
56.780726189394898,-1.4868929815745866,-0.081224387860781483
55.567615266965227,0.084805608751654424,1.6913747497443217
55.169844208758036,-0.68234991036756043,0.86704680685910296
56.669867466892377,-0.81270079035790743,1.0367134823220534
56.079433356050636,-0.99064696652680417,0.46455281379394603
55.197837810888629,-0.10940701258983865,1.262901861103372
55.110407018258414,-1.1464830704196225,0.68898532708745397
55.604435697680628,0.76631520980982593,1.2178314427119046
55.642768439483319,-1.3812624467674772,0.43465214482263792
55.576895582811147,0.76970245975637985,1.1287150447176388
56.746707689553311,1.3344018252263106,0.26375003367622363
55.61731317169334,1.2679223389501444,-0.71329246940084334
56.058636189186679,0.39560074110972465,-1.5777806806124721
56.296764329560467,-1.5181614180407037,0.21669382196366183
55.900660021946294,1.2687019290761523,-0.5509462154682917
55.131978578766905,1.4343691958518128,-0.88246232338274966
55.303108704288924,-1.3895026197340865,-0.55664550246111644
56.070861609257982,0.13229236808569836,1.3871345950381186
56.491691037421482,1.4093622936545436,-0.53349204576924081
55.105550578023134,0.555340061870225,-0.87270644065006131
55.915303201263313,-0.070437664971517197,-1.0196607915139493
56.448996744369495,1.4230890329680341,0.69160169543962624
56.57013114884672,0.58334693033151686,-1.468731041820716
55.378744100308289,0.062486484551137769,-1.1215406581641085
55.499423053158488,0.3595297427511,1.7078562653506975
56.290070537541304,0.80545066806047017,1.0348852037639182
55.770204667473166,1.152854835549151,0.73267126747541023
56.771322712435826,-0.4660235667857372,0.98152905634847576
56.881247777901507,-1.4567414230702245,-0.45093500129506603
56.092885344807748,1.3062320865344619,-0.47183130661835593
55.790397520436152,1.1234520898389175,0.72362151375425121
56.022718586853983,-1.3938065902163053,0.38052027655854881
55.643696175743187,-0.013476576916726843,1.3649790667969042
56.496955415839999,-1.0351144382621984,-0.38324407428425322
55.287041078914172,0.34453825331563059,0.96530264322110171
55.583634282945589,1.15193464439725,1.0762335683203761
55.349307695183541,-0.46386057850182782,-1.5755926151064423
56.043039094772972,-0.50700470233938688,1.3078070899953664
55.631555369237553,0.3479514718311934,-1.1356124952280275
56.192503587933558,1.1209884311424214,-1.1229382843111007
54.794849405506461,-0.45601447970056652,1.1536012062652725
55.212713345476018,1.3590633445771829,-0.98427418164515934
56.680199320209631,0.33494651127582908,0.97360513885025002
56.336764619552987,0.43164557214024946,-1.2170197064014012
56.614045801961701,-0.86965258973857018,-0.79253486800459005
56.013083112618233,-1.0667519585234855,0.82485106260068752
56.235788205446688,1.1652723764252613,-0.3747818207012571
56.623453738787859,-0.37960789043289128,1.3537379179172411
55.157225455888835,-0.93108176059926817,-0.84678189971587547
56.438554823829747,-1.1343580527710588,1.7440028961174601
55.96810248111727,-0.25127368317488463,-1.2744776320380835
56.385223540278091,1.138053431002662,-1.4609607358801948
55.833939376465757,1.2881744839636353,0.37356208702119148
55.781422357801183,1.3394957065170965,-0.049042967236064154
55.27507132876908,0.90257801076511712,-0.81965728615014066
55.890778921509792,-1.5252990380026454,-0.37085123451882251
56.440640877834205,-0.3755382676521018,-1.2833678759496925
55.940859759081015,1.2521999235708583,-0.56238254955601596
55.042540424000876,-0.52848462606055557,1.1757232119048382
55.608506865061969,-0.81158771432352705,-1.0078643338445086
56.501615965481449,-0.65076014564719487,-1.0051307833843204
55.863583694222108,1.3829401351635198,-0.58339209810792525
54.995556444829788,-0.45658211919066449,-1.3900966505727399
55.637386561130832,1.5340513402266163,0.45472257474812894
55.417380286993819,-1.4117661188528459,0.10056290468238116
56.457926454317736,1.3247832044383527,1.1550412326904331
56.658943525575054,1.1157240402223838,0.93635265484883601
56.219025451638608,-0.66081529820556029,1.2543070368146454
56.349096969331057,-1.6821215696337177,-0.28410615191891181
56.312960118598163,-1.0776842856658084,-0.1229768566538909
56.101187971685292,0.82137832526585297,-1.2569622587144522
55.619433047262987,1.2919172657705149,-0.074634349535870892
55.050540721889526,1.2826996312087309,1.286681758677751
56.013502537186753,-0.50278204883891997,-1.4602986916353777
55.752031700417383,-1.297725398695931,-0.5974235379295828
56.360930591437707,-1.407590086399731,0.12191072112046029
54.874192766295486,0.23694470651822541,2.0759797396817721
55.219775968421274,0.32421913836175298,1.4775509000372067
56.568529015583778,0.11554130773875736,1.3589236810184364
56.401412375701817,0.84196280146912084,1.0574635144005691
56.879862387582499,-1.0828077603329735,0.79866149705862077
55.363361855900258,0.33777419274331061,-1.3024674537204413
56.183838484463934,1.259258891454248,-0.47361308316262735
54.902752211662325,1.2446118139884652,-0.5469118771098973
56.860890165464227,-1.1456501890780502,0.63969352169630567
55.85482718266168,0.51895699622451474,1.4670606870690939
55.929062572548808,0.48610999003664807,1.0528721505832457
56.047540431295936,-1.4692077665117211,0.69741599742691307
56.608170115983853,0.5441522900215009,1.3762114439626054
56.523272663195556,-0.82848481325605405,-0.92092365087640926
56.417848666396644,1.2757447812293865,-0.41171256365998193
56.029902157339031,-0.0087488657102043343,-1.1772237346974113
56.369745956929592,1.132690890374622,0.89504366149538539
55.893210418352666,-0.31631881640066561,-1.3973919639420047
54.872363917061612,0.69624665718698253,-1.0475817313298055
56.008811042361735,-1.2338623718678021,0.74537642491545952
56.166349374274127,1.0434933262801809,-1.1351866602138481
55.71503609610275,-0.40204150946766559,1.4769366565525428
54.858990346905074,1.7322231291465309,0.74604106026981232
55.978521440044652,0.12023271348262883,1.2215106419294035
55.128933435597268,-0.94101509488514368,0.76913043581450058
55.787925485528781,-1.1802386577046784,0.53632733873946992
56.011241205996896,0.28728490913879634,-1.3955717414352955
55.097296565195052,-1.0734581742030669,-0.61757351126854931
55.227873782275005,-0.65260599041710632,-1.056978632352148
55.053139684113212,-0.96346041603599986,1.1864773913047728
55.984769927459446,-1.0836388471122387,-0.017877894293378573
56.586875425992858,0.73245815618825327,1.2823979919667419
55.388643736879153,-1.9555969328655536,-1.1610574022763724
55.806776083926955,1.0242698198495399,-0.975940975479344
55.630521278541949,1.617146420344644,-0.54500292032532727
56.123381775920492,0.28098089968689904,1.4739178067787879
55.972314257780035,0.28795969191554133,1.3713629574810107
56.302110807198787,0.68382947188873933,-1.0950915295426549
56.548782581034011,1.3998422182076062,-0.15710228843758026
56.378931567443793,1.1838681754049798,-0.69017406478032395
56.499903759313483,0.34647280714480883,1.3897284245310417
55.487724294732111,-1.2671000698299995,-0.1369127498296796
55.236921743144421,0.79495703702297149,0.90541968580368326
56.480930497251748,0.046054637479984895,-1.3542747406579883
55.333654547949024,0.88787958843894788,0.8931048762719983
55.903745664404184,-1.2260343058448453,0.3874648054119455
56.482020669304951,1.4473453213518208,0.012707491636183196
55.085068905232262,-1.5149461450086554,-0.23720755772959617
56.42971582866511,-0.92060597309995784,0.99982867214225013
55.188010072709631,-1.2682948214313403,0.20305431197831447
56.60869692769694,-0.19545340634386721,-1.1867185757031502
55.834035453308054,-0.87392089901998615,-1.3082801780402935
56.441121514604653,1.1133273978978315,0.54056105301737889
55.329408989511698,1.3686490447414488,-0.46672538957256787
55.144631692501498,-0.8677149359022307,1.270683775426958
56.646903798267914,-0.19125337676855098,-1.5153131245334006
55.721495201234838,-1.3161381709577551,-0.59009685797503619
55.465837437248162,-1.9842547928007346,-0.65257913680604474
56.136990152790112,-0.2076375987581057,1.0359275725924881
55.410524365830348,0.43345296244136433,1.4626117513285193
55.230994216821813,1.1531171652583292,-1.1336234174828641
54.995412005138327,-1.7529528103803045,-0.15565819662231978
55.653137528599885,-0.87174634392387562,-1.007544158165173
55.685641836346953,1.5211714507255958,-0.59191781334213711
55.502955125796277,0.24029867285795714,-0.85170952286012225
55.702893867801919,0.74836447663027483,1.1152546460281352
55.649560727693306,-1.2690969692903342,-0.74342849404342881
55.228994093833577,-0.5336348644361123,-0.098672190174447408
56.40056269540964,-0.09604484771532272,-1.4032061117323673
55.394449695647467,-1.1787472596665973,-0.72801552576719775
56.717619627415168,-0.25975441697817292,1.3819350723903507
55.030272634689737,1.0907620318690592,-0.3768282133724038
56.057263149801955,-0.95838396665046799,-1.1721998259589355
55.540196490647929,0.48155149302635375,1.1881671563760587
56.762248582242961,1.1615000145891252,0.16421144748754338
55.287279263089836,-1.339337487547658,-0.6119485157007496
56.68212373349666,0.30381086835032833,-1.4337663607552344
55.095632481086966,-1.1437523077372811,-0.64209141940970282
56.211722357166984,1.2923596163441442,0.90174395437370702
55.952133625687544,0.38267512580435131,-0.29249472404288096
56.305653759015733,-1.175436849068491,0.68753780360918604
54.815191998380236,0.96804375636610596,0.50346913639846058
55.508017407856009,1.2117646240073521,1.3441473047258943
55.902778061379927,1.5952096762466441,0.038842467254374249
55.714624796820559,1.1548194815126172,-0.91366430877316829
55.816538081103282,1.4261386135116423,0.54544805021706422
54.885827680596158,-1.3058907453805002,-0.93282113336590133
56.046206580888899,1.0171226704173424,-1.2019700451297053
56.137175436336626,0.32130223860851964,1.5320649109671765
55.998193173512377,-1.3203676641358184,-0.81746672444827306
56.110047039546728,-1.052410273884423,0.31223254187575056
55.596809595065388,1.1328331183069142,0.23187669528497074
55.101684360630536,-1.2560384845383721,1.0564910939161327
56.183900738321306,-1.3666610571747633,-0.50916122428747934
55.985074130584223,-1.1055584193210171,1.0284724896703119
55.815784647543651,0.96728739957729215,0.75754405167190109
55.740027751447649,0.86989575643474881,-1.0590392908629755
56.010111525873086,-0.38401403473123336,0.92001388105770687
55.149124706223439,-1.1416449118250778,-0.97576854892620146
54.999554597077932,0.14211794748244172,1.3583441458426113
55.45584993261032,1.4267736855965218,0.75233945784857503
56.159055447782187,-1.2613988805913356,0.60313988704495891
56.626417990921254,1.0977096393289272,-0.68057522206262133
56.112229756649796,1.0702968811088684,-0.81706496120391703
54.871211162736408,-1.3117673801760847,-0.53732499315808546
55.458502976702412,-1.3208845884713574,-0.63674047597884242
56.099041632474048,0.11251990170833216,-1.598655758615751
56.133161801110916,-0.108127301623171,1.8873657580375847
56.58394361734647,-1.6703806273409636,0.49365410855264547
56.846741011428435,-0.42281169667535384,1.2006486264440304
55.050222370742596,-1.3435647521298701,0.39935899605366509
56.381262726100601,0.6771380328541321,0.99933347208889667
55.974054458049267,-0.47232869718720089,-1.3680323343640259
56.144219613413107,0.24540718116968116,1.6625490404009386
55.257981045842357,0.37887775114479416,-1.1945638510952821
55.47766373501932,1.5625252399952714,0.17720386219985765
54.944536153851267,1.06648419690454,-0.17247545875541795
56.137045115281104,1.4263964731560794,0.40729894924934601
56.56985463595403,-0.31049190574188834,1.3797790233320466
56.018808271400438,1.4332293793441713,-0.43794946197465295
56.115023978190479,1.0250730335531624,1.1716964906295495
56.340133392410543,-0.34008062053900012,1.3235095297336268
55.950170693061914,-1.552410569412175,-0.71904999570468531
56.784975513504492,-0.18101997548936272,-1.3466180797941554
56.656000715741413,0.63011759912721688,1.5328350314812571
55.288309242211028,-1.0901760705270633,0.84600998952135942
55.733764595626539,1.6486350143898241,0.59072880771533975
55.284793431034217,1.2512976615505444,-0.17390045023980064
55.520155244081273,0.17867809631149154,1.6484098244968122
56.805060453296484,-0.78734780985617481,-0.94729310610840256
56.061892184705677,1.1253897347100621,1.1954585554987975
56.008725750926523,-1.102018414979411,0.62429311819830957
55.128849873851237,-0.81370424601682045,-0.93356565057393104
56.49834257393389,-0.31784111310598101,-1.3608680575707612
56.609056859968589,1.1097890459277857,0.81728337664845652
56.682113263334784,-1.0912170938405363,-0.0061238910516467375
55.487489547599921,0.66329831300346487,-1.3310511914830885
55.363535309466897,-1.3446030956386035,-1.1797953502837246
56.471815202591209,-1.6661014642604588,-0.45210914580882267
55.509451387642351,1.4799891950363881,0.050902891617007777
54.931485087365679,0.69676900536737973,0.84359043333597317
55.105654125595144,-0.12521414156179173,-1.2101326501377641
56.192139344673635,0.016720463781759551,1.1086381371272913
56.322266961521173,-0.97971282340051769,-1.2903717713532654
55.645641256503247,1.2950616765106946,-0.82694654067716111
55.159371350488627,-0.26868459798835059,-1.1695851577187477
55.801195293227494,-0.98044803622480536,1.0089937805999021
55.905548925688393,1.3696755087116927,-0.2341046463252632
55.533620764144104,-0.9373224115050931,-0.44214085265095887
55.5669583247603,0.66934518858422021,0.95225998110247934
56.619333806043343,-0.33313986065756307,1.2480196773791576
56.241298531791578,0.52011216688012918,1.2313799448217351
55.809220280148473,0.9045272723875879,-0.98344544729821159
56.339572445656898,-0.90287768609953278,-1.2779650562971823
55.697701098812402,-0.84430424109915092,0.93855698695677492
56.064435588548413,0.85222165954810192,0.9741234522210559
55.087481292832763,0.79932372549695041,1.4494737787209264
55.574591195225359,1.1773212924517149,1.1488394646236686
56.104107037741713,1.0160509781350064,-1.1277577147632851
54.969610480522377,0.43273049374595174,-1.3109090661722487
55.614883328514964,-0.74236560818064967,1.2306009239225038
56.589000458132737,-1.0156669331677972,0.23519315453610989
55.906883362020821,1.2716426724570045,-0.14812548526715602
56.074078191442922,-0.7226685080709726,1.0513693021647825
56.683864417643385,0.038007850149966965,1.6016345151855482
56.365566275063635,-0.25905990355338149,0.59657246607650705
56.50413395326008,-0.92087516433922534,1.3151163836184483
55.321280333214659,-1.0329557818881421,1.2048324791066038
56.347079189147657,0.16813419641820249,1.3340308592290144
56.544017494317835,1.1590682466086146,-1.4489505889727514
55.339052580656038,1.6079254519774893,0.11715382387754109
55.578754890109074,0.9532361789432775,-1.1589401704022251
55.20430403499202,1.0460417435193894,-1.0745496824408847
55.906384346445108,1.3905962628365502,0.60098512243219204
55.64548686130032,-0.30260673770187818,-1.0732849767859498
55.943265903839212,-0.4769758914485257,1.5202000457562332
56.322746961010679,1.1990997747173822,-0.75976196694753406
56.034247034158412,1.3455492090050589,0.78128474280306726
55.505980482814614,0.72193858488068618,-1.4435700373935689
56.148413144767929,1.4055195979031703,0.13304849160197044
56.723229222462145,-0.49509173290345121,1.33850960703136
55.612881805387588,-1.0093765918181961,1.2562121103853237
56.557744233065947,-1.3609362663924061,-0.7285338652902047
54.804436132770057,-1.0581465045991274,-0.79878277969918354
56.037251427109027,-0.32355344637343275,-1.4777681869473482
55.063458741365253,1.4357225600669932,0.12121636074957561
56.723901650920972,1.1564042563980468,0.28154700778857328
55.372671284118191,-1.2515594040340683,0.031278703639254446
55.924372030974553,-0.085097252309039487,1.4828543066838222
55.09853736475322,-1.4281812787973824,-0.79663633316101545
55.824870770123034,-1.309037530486006,0.72906104809997818
56.057635418666436,-0.90164743528272207,1.1500922269649207
54.802919320011021,0.055665953036060437,-1.9412954545090344
56.637633994997657,0.527712823194318,1.4590747555157213
55.451115141308271,-0.75295145645446859,0.80764245261700629
55.404021308305502,1.2762257870868787,-0.21472555444645899
55.281199529167012,1.132006762499761,1.2554658503726142
55.09436487113166,0.49989443984349308,-1.3054505942203629
56.778705917553928,-0.4404761882620315,-1.3071171004077884
55.829716845992927,-0.23481769792063678,1.6421043685424928
56.554993511878671,1.4965113931394809,-0.39607786727739142
56.351278798455169,-0.31498905137614885,1.3734749831669664
54.967209411366568,-0.50148838264179985,-1.0111211448150765
56.19622098833166,0.44263158352353393,1.4945506249253031
55.150423704316331,-1.2953325420352781,0.90599127454536632
55.420552501229345,-0.82056186156044886,1.1800200722136023
56.162858000582631,-1.517683922531226,-0.30834845943950734
55.099402980458109,-1.16329256997986,1.0176909446675764
56.637710746195239,1.4552014100492741,-0.6857659177681128
54.87702662041734,0.26737181568454715,1.1970366656663796
56.497600725452578,-0.46979517555194866,1.5946889193342597
56.6999951777223,0.30427858571731087,-1.387437682338259
54.819810695210968,1.6477718328807989,0.23457417940755743
54.963190374275605,1.0624733044887784,-1.069843664051962
56.098240463546659,0.99114010259553831,-0.57108309404981117
55.408404078358018,1.1964120049717131,1.0359748251178817
56.66090118958499,0.21337302134256184,1.1680431455114593
56.401898489095679,1.167624352906389,0.52270250290023079
54.80179473212447,-1.1812938646866691,1.0301268258988072
56.559811212856538,-1.0619279858445689,1.4709939311960869
54.964508705460112,-0.25698382474267994,-1.3357620517437085
56.825197663751638,-0.52563794296895494,1.0506304722969297
56.46373205370417,1.185798060030907,0.68926624248301949
55.768874536887743,-0.84258262587910404,0.9216490151455623
56.189329845107004,1.3522373434351744,0.89887646775401497
55.760347348990813,-1.4090045880338031,0.43977372786548063
55.087522039970203,1.250996107282017,-0.54289278197427859
56.779699273842034,-1.2757388595876389,0.47730332758503607
55.46999841517232,0.95988734149545862,0.50403531079918695
55.296273776258623,-1.3258834719453247,-0.91430214469174198
56.743660370202733,-0.36016044833569794,-1.2013446724662447
56.264956864997174,-0.12737655750927548,-1.5526346565412195
56.536352892699227,-0.051848040080703338,1.4852560256024634
56.62940353230465,-0.15998961029226394,-1.3107552492946664
56.604778478005599,0.020322899652632304,1.2786426380440332
56.555937885797583,0.71974797269470026,1.2996058929229422
54.853847734838759,1.3421272979909524,-0.34719006595980118
56.242695279675203,1.1679042270946882,-1.0522487493132633
55.378666123878212,-1.4332295101955219,0.52699117255453287
55.247268732507536,0.22298767562589902,1.4875676669055042
55.579768106298744,1.4899818898332164,-0.26256727557589332
56.285595265148892,-1.3135478118544859,0.2264932504653854
56.450039227261982,0.62258697740886704,1.1748947034464612
56.60311937789664,1.2303507780963332,0.9101479899150996
56.198060920489802,1.3093678932890509,-0.37977193915768909
54.891015279185403,-0.58337916371883158,-1.4648883252717806
55.726682809835559,-1.2157953602387976,-0.084364578527141007
56.207458164339094,1.6482046120003919,-0.17512415264527451
56.835893977153361,1.3170254477124417,-0.05677647550215173
55.475308910228023,-0.97420565898381783,-0.44677040483376973
56.325533757864598,-1.1045830606726805,-0.42038522543090273
56.401409118095117,-0.74432129973137406,1.4992841833673383
55.370010797682561,-0.39733728089042303,-1.4212707683129349
55.053791749755248,1.6144998533374757,-0.45456741275347357
56.251701627596411,0.98329402173117042,-1.0025642288370953
55.686071703888111,0.55310644296763567,-1.362746905683736
56.271617039361111,0.4266825342264326,1.4521413611084641
55.255861280091956,-0.38308903953334783,1.1795112750403793
56.357166721968902,-1.0224732385606581,-0.87807048826394063
56.40533675514461,-0.093754492720390312,-1.6340601930815879
55.493354187104217,0.93406605820477395,-1.5452300543926618
55.702627727132203,1.1220561909443472,-0.22299825901116233
56.294231362737499,-0.79839636986988149,1.1064196459853333
56.072509660475951,-0.63192781364351469,0.36902972314769011
56.339710192566884,1.3113581160043617,0.77304571939762956
55.380768740672117,-1.6565441497640625,0.31810011301967434
55.09803198690615,-0.68826198757781809,1.3355598407805882
55.16196356139222,1.5562536498879747,-0.16990007472027904
55.222395023774745,-1.4257203240627556,0.26242158635557855
56.06842182835419,0.20373989777496387,1.2751880802637849
56.643842018504735,0.57862878964744779,1.0953109488642379
56.611117185196768,1.2127331763001126,0.52845917113007435
55.565134902374403,-0.74268015237967178,1.2358620055138057
55.047323038973452,0.64800753035113001,1.4901025390057006
56.025392188396381,0.92585507986510662,1.4870476805387509
56.608661153550706,-0.41342903931713326,1.2300652023384093
56.226175573283932,0.6834570196835188,-0.91634802683920258
54.989564872191458,-0.91188675651097217,-0.13997915960209861
56.002224282280373,-1.5737028108983728,0.42343334810574651
56.122990709650395,1.5861032590456776,0.76324179187722729
56.578394819129613,-0.53294946609139715,1.4883868292792286
55.33743263183861,-0.57501695048258261,1.1143105626255727
56.138587250940297,-0.26842056346604698,1.3411243454468731
56.410813671385675,-0.062606727947378482,-1.4309877082566793
55.448986202352316,-1.4924300629112768,0.13464420397609431
55.093298517293398,0.29274835818349598,1.5287335560179016
55.570355183314902,1.7682896100385437,0.64678921819907276
56.126027310020334,0.27538154040855856,1.1821298861200209
55.829330354967922,-0.63700485328756207,-1.2948911740309299
56.222618333030702,1.7254074630973855,-1.6961999127926783
55.372185189782485,0.80001411879500539,1.1210075045995365
54.91833932189634,1.2511516007684143,-0.22379131340361036
55.237518879798095,-0.86097690004087257,1.0183460700386135
56.002722349519814,1.1589912573852494,0.86228230901767067
55.402770217475073,0.34504735437671208,1.3553448230186378
56.282774749665734,-1.0594730761739475,1.0744958995117184
54.897351837841086,1.3536824233639977,0.070697978441253181
56.478268020275159,-1.3183783197896948,-0.76510540026307083
55.374050620443626,0.014376013352548837,-0.16984504660072769
56.962446039002046,-1.5299135935798218,-0.57682407724180762
55.454898456750513,0.098268433350978124,-1.714531500548564
55.956141007161769,-1.1529715588899849,0.76624928833638739
56.453062529385868,-0.21149842372661656,-1.0810816129987837
55.812842293767794,-0.68406338981184933,0.83258484575669667
55.157929458457787,-1.3923828324925263,0.51166894172978961
56.446731103151791,-0.88341972285429626,0.92310267157810633
56.055218433695764,-0.65745080052918847,1.3565547939735241
56.693611489516066,0.7334518728536471,0.99124311642672203
56.092695216364859,1.3171238779661898,-0.23606453793420565
56.042074889133509,1.6991472617129459,-0.4623826385808697
56.433973914910496,0.78639076579875589,-1.0211486240585939
56.846801580717923,-0.63056640011926157,-1.1978724005833135
56.410706173154068,1.4860015476741002,0.29314770765578069
56.294678653869987,0.19548204760139154,-1.6413911200396716
55.399819852087802,1.6372519875198122,-0.40298740438776925
56.637633580107654,1.5164961410694278,0.32386834535321213
55.185417803453525,-1.4177734136182574,-0.24209527995677993
55.688638480674285,-0.75827795190456304,-1.3206597819849932
55.010629466752718,-1.1331484279539019,-0.20461123544664886
56.338336250414841,-1.3992417844400176,-0.10299554936839889
54.811074249165237,1.3005282729804672,0.52627252276248282
55.601723482140038,-0.80727289569325589,-1.6437414419351897
55.435988884408381,-0.8680043249222037,-1.4667637131503246
56.360718696228666,-1.0206085828336031,-0.94736741197253982
54.926085271131328,1.3976393647031415,-0.51417426604065131
55.314947263814979,1.1131586815065371,-1.1554203502669702
54.839330210163759,-0.18757842818029793,1.3323446063753943
55.252241384749432,-0.38281750491838107,1.2517051895611409
55.478849418737589,1.5382021352986082,-0.10160014682138327
56.47105312504069,-0.036913049432662867,1.3376597598835109
56.141333618110153,1.3989156577383388,0.59296903596119055
54.90749888828671,0.20998714084878389,1.6327602396336356
55.45220985084854,0.85884342024014493,1.2504010060498962
56.227938209314914,1.1313491581712829,0.47308111156886035
55.984348372552454,1.5603476257243567,0.17142472905385076
56.57376957819843,0.23193639161677718,-1.3790737976034888
55.313021713186238,0.71191066486772558,1.3404913230807509
56.337640282627234,1.6564259696377488,0.71384915405584526
55.996383346413616,-1.1394281193856135,0.72820649141230931
55.308665882561158,1.4311601527619666,0.45660351001920019
56.128660174480977,-1.5802330984518271,-0.22566430016115616
54.73034631417547,-1.3896752375606101,-0.82625775935086321
55.841937534206025,0.026432414141839479,-1.3243895703204647
55.945039679275965,-1.2002938000584231,-0.62759627193445944
56.549692453560574,-2.0606548349930178,0.34491043889011636
56.14649603674458,-1.1602799798094801,1.4192400900654287
55.381197872480556,1.3018991991159139,-0.52533304475418519
55.775379983917134,0.029369105818786465,1.5241016846297493
54.902462296728231,-1.326204116292008,0.6188334596941597
56.095471433295685,0.29599942537118729,-1.5049728038188952
55.128533645169682,1.3702781180981032,0.32971613007793266
55.837173426612395,1.2414630306828214,0.27088773607288391
55.875154807524872,0.036216579840699398,1.4781059706373858
56.000145427355932,1.1507590246115815,-0.11298468525334344
55.655463205852946,-0.8328193990106415,1.2055582698941945
55.603779978366731,-1.3415926817930059,0.38065012036525187
55.88016277707208,0.58388147366656384,1.227447901851157
56.270867747643031,-1.3621055633861445,-0.79371891074172751
55.140468292424821,1.4501311736642499,-0.48229892873515656
54.928068132514284,-1.4515246994196209,1.1343869716159434
55.769713817152237,-0.51144871266512471,-1.830849924769794
55.038905521236842,0.15668411017116893,-0.94848570463939186
56.461940887010861,-0.47202114996342204,1.369795928955307
54.954150012613745,1.0697927967919343,-1.3356149765451097
56.367319370398022,0.061097393132672158,1.1999166948158864
55.235607664520629,-1.0132232638373804,0.8138973123864941
54.975272779449931,-1.4619304841488272,0.17327826838220783
55.542989172635835,-0.86301880815393217,0.05446614995472767
56.497394092446299,0.34360210632895033,-1.6175481561331373
56.069740927243643,1.4406969091905182,0.33591407017572661
54.751866325208084,-0.84412751471128022,1.0465279339103288
55.242296738702137,-0.20922934066028243,0.95984702055277227
55.819274388992511,-0.16861848135173299,-1.4395219710422231
54.857256469617873,1.2591477741702104,0.84977144788367265
55.366179318108166,0.97801328789388786,0.66653828277280791
55.621842473987279,-1.0499499831479879,-1.1352943304948235
56.683319475007337,-1.1064859791590664,-0.86098933226217333
55.93183087070571,-0.71133462898957023,1.2877249986066097
56.465826942526107,0.70768281734993976,-1.3544304186674541
54.983213307416719,0.64854483075642699,0.92547452798407115
56.14112930030219,1.8068948893169878,0.42727140205525205
56.096907357149803,1.3274670583088892,-0.13097885287502134
55.469237574305374,-0.77090858485518632,-1.149657781870667
56.020298430893291,1.01101724133786,1.0505443635018334
56.33161697722165,0.84489619396002957,-1.2280212241415442
55.624747423593135,1.2257664792998451,1.4750380179890017
55.826026379080531,-0.48134899312958573,-1.4620162144653173
56.523363688549331,-0.83510272650696371,-1.0823363410387565
56.635045316971805,-1.255875263963959,0.050061959303079148
56.56309163511601,0.53720811299466853,-1.211623097115571
56.506285945643945,-0.55996204820503659,1.1611495048600615
55.464164150083242,0.41905917462265235,-0.86408937265398689
56.595829842407007,-0.060502775873261624,1.5253695249133838
56.655974847509754,0.31499879298693662,-1.1307102436363177
56.241873209087196,-1.3533600397919958,0.46273576824913987
56.197673150352891,0.79515797178744918,0.8377443604433209
56.589120943001468,0.82548477176923352,-0.9352707351212437
55.839997737500426,-0.15525417106165235,-1.560590020216351
55.77461234228852,-0.49632938856592634,-1.1517549473989093
55.423009074077044,1.2805651017115702,0.62442032790207669
55.196159061900829,-0.46285859023347309,-1.3092008818449088
55.449514336739966,0.23564828652236322,-1.4643531531317857
56.016680183782697,-1.3358523223521568,-0.7412605490790708
55.018220739491547,0.29233506615355714,-1.5284166885698285
55.371207620794557,1.4443249481643521,0.63875264407730048
56.351523474971543,1.5500879884819538,0.1654955736987582
55.444261308220852,-0.46355915182691376,-0.88757103870059495
56.659178718172292,0.10996124767599066,1.5443496312844127
56.448057730858984,0.34514309371542479,-1.2741019293778344
55.004773728433626,0.94013355347957173,-0.7509191815536076
56.627513966345319,0.75514117295096095,-1.232509548642555
55.626425135013832,-1.4019559117766089,-0.13607887639727595
55.679572671374537,0.51450928122734774,-1.2800811821760836
54.85899581332982,0.84775857376751174,0.89257930705221433
55.206732127940619,-0.45488346251833262,1.4448461368898873
56.187396613055142,-1.1137055550946744,-1.2631282765361422
56.650422409935196,-1.3604439982359666,-0.79590719360344153
55.365689058818255,1.0600647052042222,0.4493295283669394
55.508825521592996,-0.79108726309888622,-1.177488876661223
55.359808532087953,1.4514157884078924,-1.067715571046757
55.977485819069713,-1.2602330428695321,-0.49912575720561686
55.523126670335287,-0.65443168267373031,1.2235246875517971
54.858592216900689,0.18708187632907006,-1.2100474837258586
56.438245088118684,0.45047231949890476,1.702185407884107
55.582541029603632,1.3043469506451104,0.71094382239079823
56.040208639131393,0.65813986368430732,-1.2737449827044693
55.943174260727432,-1.652440244700214,-0.22980392293814808
55.887034983029984,-1.0574228753946566,-1.0513896973051196
55.534260985466361,-0.17042533854072214,-1.2768801991424816
56.374557448837038,-0.89006234618740854,0.79940458983284723
56.101232826759968,0.1285217409017802,-1.3271758709532597
55.466099674268918,0.15735512486265613,1.5220954737316787
54.938155360956024,-0.61494171551250931,-1.3882897875922122
56.755982451265574,-1.4221566928792666,0.8531782734554425
56.126249651028509,-1.2693006224746981,-0.76978309077751139
56.196390840659141,1.1008038603631591,-0.22041682758993661
56.306040146338908,1.4328275126258319,-0.57500780516865091
55.579801164179337,1.1377378017556663,-0.12599278373785802
54.892984718567298,-1.2634577643931373,0.61896892091457945
55.875279865209087,1.1595223457184038,0.3995171342178106
56.015212967739807,0.66032068897527518,1.1380854316877027
56.022425575953477,-0.69591251301668078,-1.4071706414742127
55.303046199717713,-1.557432895502747,0.57427804582243591
55.658343055302872,-1.4296323324772049,-0.037675031445961654
56.090842346149451,-1.1796086129292662,-0.18370058151835686
56.62035102936467,-0.94463480875625605,0.069593141000363165
56.276206680494859,0.53790153444107225,1.1301163058867156
55.93207304461982,1.294106370106215,-0.39945491881210027
55.562804086088391,-0.25661418420187476,-1.4870132657963497
56.72526773728886,-1.1748771751024731,-0.20162863518942098
55.500195172706462,1.4499280616127057,0.38651434612803431
56.775308070650929,-1.2377662139855936,-0.96634874169008977
56.230900795924256,-0.66867186529098011,1.2761419781628174
56.461770439268349,-1.4817609073670068,-0.32920368229229208
56.698164953326277,-0.88548306619671679,-1.3106332967476888
55.976047967074734,0.20484819148702624,1.3208244980307564
56.369172602934377,1.0265544983616788,0.93019087043118642
55.416833636603428,1.2460317164905153,1.0752318815899493
55.72293030211933,-0.82146940357099074,0.8985367061180578
55.698191135645935,-0.32765805238962564,1.3829784514223973
55.221633684156593,-1.0434572016794539,1.009706507558799
56.593015807616865,-1.1767430718105247,-0.86524181944056788
56.699532280912997,0.89906861449265207,0.9012250827740802
55.455645081245933,-1.1875154375340824,0.41056700897889414
56.381375511492223,0.05280864166360464,-0.97767873401693617
56.320202394739873,1.2897207681862604,-0.046430109460480276
55.308335688903632,1.4366052429752234,-0.41436263275401064
56.203665055695375,0.93715497133490266,1.048244957663564
55.305787257104548,1.0222556020168958,-0.84613883318556726
56.371975992989583,-1.011872305693388,-0.88753245125255631
56.197691933147979,1.118007970575515,1.3202713081285413
56.273538977617228,-1.1045738962718907,1.0478482286449382
56.578928893265214,1.4577126178646047,-0.47511879665353901
55.165954254874748,0.87019879566725267,-0.51417792000356355
56.437075485357049,1.2289257922054639,0.31758225194758583
56.301198542756651,0.53561645498058374,1.3075644638180786
54.979753112875805,-0.84613530695691475,0.95338952350558714
56.64035108001768,0.17971667283861156,1.1669466786125522
56.566242096788791,1.3055111163840336,1.7143180917965433
55.572324371447799,0.11532450286975554,1.8607498140274965
56.16504488166791,1.0631019264878492,-0.68048031558927136
56.394910512400649,1.1291710628484204,1.0845452494071137
55.500750148849839,0.37923912167330215,1.5877669494734763
55.864147624632423,1.0442521755543646,0.81566636122758529
56.604596671284703,-1.1918160681669774,-0.81801818563522011
55.899351291511337,1.4977889408821092,-0.0093442793497720885
55.109088410587844,1.3705978523691802,0.45216296799184391
54.784721827867699,-1.1385339887065429,-0.86001644533011301
56.838705104130526,-0.2203718072807607,1.3322968641063266
55.486870320730873,0.80517923170527372,-1.2248477764151333
56.800191425234964,1.4882651265123013,0.61618282867877949
55.450889874734969,1.24061083593178,0.095612790914340995
55.076489141182847,1.3500763532916884,0.42987416932988681
56.605583519835761,-1.2092666569780481,0.70058215176015826
55.213923475250027,1.1094803528261854,1.0405361969800049
56.082906520348857,0.93899847427709249,-1.0958559199134787
55.268597686066947,-1.0916402345949721,0.67074317156876684
55.541265977440688,-1.4704927851199505,0.22734407440485729
56.890299599287125,0.12471606919347275,1.4647284258884921
54.899452455215474,1.3495330521178299,-0.12406180915975752
55.197554816422702,-0.0037384710549884393,-1.5441960115549065
55.838785965326345,-1.0147892924160451,1.0053218370388346
55.229683478247857,-1.2669775209962271,-0.28678724827943514
55.576710618692367,-1.0464621024031964,-0.54215779772170281
55.767815500930816,0.92666208500837643,-1.3735973915329462
56.621229258665537,1.1909670453343901,0.42656206497778254
56.328584914046345,-0.45011239886696502,-0.87938759566020841
56.348470829187463,-0.53776860870023702,1.3723903064206957
54.898909200380565,1.296461933901587,0.72524349779081354
55.316950571400227,-1.0760321129801675,1.1763796361659007
55.688029105952673,1.3684717957588819,0.36364064199828849
56.308354481505624,1.0898227054128198,0.87844493708434435
54.847520271987584,0.84909384665346421,0.85876000876004599
55.535726400514335,0.16009535629392369,-1.4775085558761987
54.989151572101136,0.21095753772452794,-1.5254613589482313
56.707612096834112,-1.2320753205120591,-0.45549963243568908
55.94777850626663,-0.70541072955976225,-1.6051925428184679
55.660171184046284,1.0710452072034942,-0.66888414027876697
55.680393495490243,-1.6565316405886914,-0.20237622752948706
56.145572799316945,1.2677177187111841,-0.53100618948630629
55.25195047180847,-2.0116160380996195,-0.27137587925028267
56.708903292025397,-0.19131834432910619,1.394779554638756
56.709174423438725,-1.4016800136715486,-0.16068159310848126
56.632450054068606,1.2687372029677444,-0.62039932255174213
56.672556252331077,1.6441301660963552,0.28145884283958883
55.806044171358785,1.2866073799478808,-0.82485457481271118
55.554143385078078,-1.3242872156215306,0.64841638873241458
55.123113890021351,-0.18694371772075394,1.3716327677963658
56.363985527729845,-0.8779858266230125,1.0090050580273995
55.489101313688586,-1.2384186335721339,-0.57551628852186998
55.236714446281887,1.0082328934666345,0.94794441609840963
55.698054971427226,0.12430004025185638,1.7710138907853983
54.923353028126492,-1.276664879473123,0.33291528798472964
55.646783341860697,-0.20301392127592788,1.6749219748554312
55.730137494961269,1.2107548309435308,-0.83028032865376911
55.229629113287366,-1.142612345508538,1.0094960835828817
56.608034079550478,0.45007277232777954,1.4959136467464238
56.438679390017029,1.238599747648369,-0.75622171260293014
55.754549666151398,-1.3233438848051813,0.91554436192381072
56.832345640936744,-1.0555111415804019,-0.73544187575484354
55.920169109751633,1.9100391479056369,0.48907695714852867
56.388950825203565,-0.88398216488978021,0.90814049947514686
55.740420041681553,-0.73166327184908331,-1.1503666992196313
55.732477512715555,-1.5485710954617737,0.034474837651765337
55.389602757728284,-0.96499853656202605,-0.94514112215041113
55.56755060608549,0.1254476820789498,-1.3731106509582496
56.141659702850824,1.150881477793714,-1.0460699009957282
56.24921645856503,-1.3261275638565884,0.83358123856599953
56.628486845473425,-0.90519516571378544,0.85709343460952669
55.564322806862556,0.54534867010783761,-1.3181101522528802
55.300895421003155,1.3335495689205037,0.74025265694959053
55.63994073185934,0.72672791733092212,-1.2511825428438754
56.695008033320498,1.4018230596398045,0.26964544191090811
55.422725437753847,0.90643372209350581,-1.2086731206980428
54.907332723829597,-1.5112583865196865,-0.24273844454040946
55.45276076578115,0.041531755394160083,-1.3179429240982763
55.045182447226694,-0.74629199571217575,0.95915920094971197
54.87775699805389,-0.37966129698899737,1.2791847832259511
55.260273944340966,1.4077045220499589,-0.44111838543311083
56.349741747669285,1.261096831784158,0.21558152980286371
54.857133151311544,-0.71609413127403809,-1.0975732328797827
55.996519113687683,-1.259298738456273,0.56723427775053237
56.271939827528456,-0.45906708042085753,1.2762085279713391
55.483323445232301,-0.67369641619683995,1.0042438555263304
54.890239371039563,-0.97297000145767387,1.6515236311699808
56.680790094348744,0.71773278776018312,0.96490956776254444
55.283055423272287,0.14030735229510058,-1.7973954614960477
55.423712694689847,-1.4478141395406867,-0.70628467434334752
55.498469353144834,1.2862207625470179,-0.13041955353851353
55.164874882721975,0.37960080563992149,1.3116008814510087
56.230605043868493,-0.44508524098030511,1.4256652120371918
54.997394184747563,1.313233559801914,0.16727751520047665
55.290940356307061,-1.2217336778826815,-1.1736135960353493
56.46142884330952,1.4232005269935672,0.18062396759627389
55.311341914019629,-1.2707527188700112,-0.95137416023102772
56.891672108977225,0.81130047750509771,-1.2259175820211901
55.283153059861242,1.0873171937288035,0.66360942188830752
56.299957564763048,-0.97053046604010595,-1.1436313401390334
55.320443562503137,-0.81578964197065573,-0.98219020498968312
56.822594011557278,-0.27351272433418367,-1.3309949104861103
56.604691723588253,-0.73907904427798776,-1.5841033536415661
56.07024768057893,1.5100214200983721,-0.48453583977064685
56.254058227762918,-1.2612395568097166,0.62460802128194304
55.508502536551653,0.32288756619786863,1.1776192497439186
56.409864992174619,0.74602817903160401,0.86095072302277253
56.324061415281157,-0.39955164224862966,-1.4853062286217851
56.628675620452654,-0.12129577032268796,-1.4125180695785995
55.954813597740859,0.9908797790583902,-0.68322728286697998
55.372048065778777,0.24962413675074197,1.0262267187865066
56.669116835882342,0.20565508601446872,-0.82821694533526435
55.628762513043874,-1.8593659636633517,0.093992499058820761
56.357859508164005,-1.4031013716780192,-0.72020041851586658
55.492884227541012,0.53590312993505784,-1.1765066953504095
56.129238409111792,-0.26673467201749751,1.3904788356008817
54.858002442019981,1.2766091145494778,1.1313012007661256
55.193562424571795,-0.51346108694576897,1.3770272109717316
55.783091069105829,1.3296131263609132,-0.63176369447472325
56.474721429079722,1.333473359420555,0.36369548779573241
55.926785644391977,0.74812866073035877,1.0954170808020782
55.561248581608702,-0.18818835760219454,-1.5626067530192942
55.675468493282608,-0.77020533658898926,-1.0371341411538773
56.336564446541196,-1.5079482489614555,-0.19677697659072516
55.614393962442094,-1.47417450942702,-0.1421050738854362
55.06477979533436,0.24416353350590306,-1.4850670515714171
56.608222348556765,0.96132376209946957,0.81834024130147065
56.51233059781184,0.56027055232888157,1.4917535975867828
56.552006228750102,1.1091854487862234,0.65466095336538366
54.933725355392127,0.29077362240687799,1.5334087052949092
56.360838431280193,-1.5396062075583363,0.29851277150144545
55.061728138725442,0.38154980385477594,1.2062956386293302
56.228978460879681,0.88825695580709552,1.1771699974208385
54.949895674756995,-1.6678154259588622,-0.53520300197109971
55.548971765421847,-1.4073525219229908,-0.395262300624867
55.060939039709943,-1.432041159700258,-0.20160988711615033
55.51421456383077,1.418763887591777,-0.23081038308278587
55.516968711849529,-1.20517078366812,1.091869571228844
56.331751996548327,-1.6427681695200687,-0.29904193858841827
56.554197099835946,1.2031121859065079,0.16761626952857023
55.634881521554007,-1.2799330158812081,-1.0919643296511956
56.2560959042546,1.3551985787809273,-0.98496120870028891
55.278319415893286,1.2845173627013373,-0.49034047172251211
55.028899611523507,-1.3928312952564459,0.16587465867540446
55.271354738832514,-0.84281824251626281,-0.66732111026288299
55.656882393422393,-0.77000428780554242,1.6586966219056503
55.157914939786799,-1.1015154203034425,1.206843190664155
55.15321059718309,1.267218323587052,0.95053838302213167
55.894089056925466,-0.77526894838995142,-0.94457691272033473
55.598620644589296,-1.0398413655437837,0.5978187695675381
55.718252769748631,0.29822280710309335,-1.3383613458510089
55.746406731916835,1.2196290636710558,-0.85780449693000005
54.925173292486754,0.68774962222966673,1.3702291676684817
56.255786590883233,0.92914702282705841,0.70228281949237903
54.738788958127422,-0.036172429706495743,1.4945907730386745
55.16833580763879,-0.39334699868003453,-1.1395298295802823
55.187592328831244,1.0064043693711351,-1.0468531763559268
55.173738332350602,0.93232145957432355,-0.45725104438986852
56.267792118712435,-0.16702385924987151,1.3115367056823812
56.561415226799099,0.83236546814989298,-1.3067093051160976
55.944608447312397,-1.7525069337299952,0.89769592237498497
54.989235519882932,-0.77256163251680421,-0.33961447929358529
55.36848218474546,1.5678866027144069,-0.20034429526385325
56.274177010439502,0.57343459556638365,-1.2156680819550283
56.659579701774469,0.62087917830147099,-1.3808952532946319
56.415672167863313,0.90224906191507359,0.60221442253565038
54.905711593025906,-0.98877339047714652,-0.29134256315018231
55.210667024288242,1.6395959549326942,0.1270081761095698
54.786495020724779,-0.79465994463845746,1.1478181328411288
56.760652105763498,1.5529403134623898,0.6488561649761948
55.414442422193943,0.23735285576557313,1.1454065217026341
56.634347075242694,1.3269375451806487,0.45365460171222588
55.760489635489023,1.1323035642244785,0.61619621499883603
54.841480031783419,1.3845289735604438,0.67825410851436141
55.942911768759679,1.2187827014228008,0.56304876724512865
55.59055315467706,0.1124067314725213,-1.2694588753284297
55.176926784351267,-0.81887518066518883,-1.1370169271377542
56.46725955377503,-1.4411185024847644,-0.67395422402175298
56.55092533944795,1.1412124494244817,0.1705877217037606
56.038263025459607,-0.70440237402220984,-1.3555841900701837
55.410193854302477,-0.076738520179806882,1.3638366152732855
56.360293973176056,1.1778931064097229,-0.43517870774913925
56.620865953628069,1.5620703349775935,1.3536767514688437
56.094530554016444,-1.6559801813513437,-0.11056755988347006
55.237093137903429,1.1362577381797758,0.86332940982437822
56.093955058410856,-0.83370608612945907,1.2338883879870197
56.323512170405017,-0.95940197808535277,-1.0409952105562017
54.932943793220005,-0.075858947178030642,-3.6579551373196617
56.031068788512258,0.69489638247699193,-1.0794293365030712
55.889374440366019,1.2973366591794784,0.46450212830448318
55.768992154529428,1.4941513074479702,-0.26070264557924572
56.712844729117926,-0.89880441003498524,-0.75995500855484632
55.593584279641327,0.79046239184431599,1.2659189716237775
55.578383104001702,0.27796557501998526,1.5311258009952478
56.37036407972132,1.1065355574036224,-0.91952348187232347
55.874028237528783,-0.70392943966133881,1.3267994232140521
55.811501752231372,-0.47758891039328738,1.070781450744644
54.867612814687007,1.9874897935530842,-0.12621261107732748
55.544602358922837,0.80658689787634219,-1.0624929992623711
55.844423920197201,1.1845619747336225,-1.0033750549907776
54.859945434172239,0.16352109160786432,-1.5584180804086138
56.481941993861156,-0.29370443260094387,-1.3031143655747419
56.30087463833965,-0.87116092396866196,-1.2589775617577486
55.660999037299,-1.1338838994655993,0.51325344770547954
55.726204777526917,-0.7204216633605306,-0.84142327585929211
55.436018287779568,-0.35989043619364802,-1.3484300709119204
55.82296250985187,-0.10360204165296366,1.1620002233631783
55.683693980088933,-1.3709893765470054,-0.55774453248386635
55.418761274504142,-0.32149159770234159,-1.0876626878668358
55.185226216878966,0.77067992725665191,-1.2153911385858309
55.002485798859794,1.2523161487364227,0.94867541800294042
55.498274172603942,1.2875058691636987,-0.048841129229311449
56.44289019168847,0.98421674537333659,-1.1712353302993881
56.321091419462554,-0.22117551923526901,-1.4953135313282877
55.854286408353843,1.4343097856193108,-0.26700260647298701
55.131442758591014,-1.3877385065409644,-0.24701582533942121
56.794328752206141,-0.19631758964404947,-1.2622749096074164
56.446237969347649,0.52368406652240229,1.3175378582550246
55.805046304933917,-1.3536190628937572,0.83026773134837273
54.817431021913052,-0.55773701724398506,0.9229803987520232
55.629252585089233,0.66169160782854053,1.2041963164809739
55.55928200877144,-0.72985790248790428,-1.1685629894036962
55.848201446237901,-0.54061905504111507,1.2549036505827711
55.673226307648953,-0.24224492542829684,1.5995465109722888
55.855324347805521,0.087317134272542341,1.5024720113918066
56.701892826414486,-0.60582541220210218,-1.0118124769117645
55.875565969214605,1.4831586927185481,0.92305556929066845
56.102815846829458,-0.82950855795124234,-1.1201788778823718
56.883378908799507,-2.1784218731920082,-0.40475963680711363
56.051482553080085,-0.13194660059417507,-1.3213062689971542
56.338789933040282,1.0699731608728755,1.1683063392952981
56.311316031492801,-0.27787849579640356,-1.0603264692476864
55.113337819141663,1.149562862090407,-3.1071503974614636
56.277270574388581,-0.61862217077876003,1.3877783023592516
56.494726333634794,1.2781322916032856,0.36507216368840006
56.183802747278378,-0.37976429525633698,-1.303553071494767
56.375645898188445,-1.3807891852957495,0.43995205561365414
55.702377751860112,-0.76328500435061297,1.7107752419300537
55.371931956587609,-0.23837885931858779,-1.185873260190216
55.966287713287556,1.0096490666594333,1.0997800684707202
54.885631090117251,-0.50714289762709275,1.0916060061528943
56.066284384038966,-0.49536393419541275,-1.3326167967910556
56.073584753902047,-1.1551981913387568,-0.66979422192109561
54.852506512062412,-0.41872755397509925,1.5979167847671949
54.855909058438534,-0.38473369186854223,1.3395425060388286
55.439168456021775,-0.31155675602287125,-1.3808455503607133
55.11341080178002,1.4673490817784696,-0.25709893857456539
55.997123521766376,1.335040439667968,0.32705884221119236
55.287426785134777,-1.5371453377778903,0.55057884359782394
55.392548222003143,1.3485810132171987,0.25038844804631655
55.90508397179314,0.67159428788276399,-1.3522918302161369
56.423979172550695,-1.1289355274535646,0.95651943316811849
56.201952997596464,-0.5666432939404108,1.5668917898104715
54.918995369424778,0.38137002685664118,-1.1144221073068874
56.286068178304532,-1.0807999043593148,0.51311322621579813
55.471296661299192,-1.4005334329164076,-0.401603865420948
55.037365932752166,0.15984387485854926,-1.4195262780237177
56.2962058937526,-1.4686267240243607,0.40525923659338875
56.066161509114011,-1.1175150011237076,0.21675141310339621
55.330845590048021,1.4107416151098777,0.70614293761677216
56.20593753470412,1.6676450522402142,-0.051341173134511073
54.879155526446844,-1.5822852647836461,-0.11272145939624166
55.924930024176831,-0.41299254654280132,-0.69742165952296109
54.986607925218053,-0.19956973030908948,1.3906917981147329
55.901379610523335,-0.71373062935241649,-1.2187311042795281
55.701672253389773,-1.1771378842737568,-1.0081622616246391
55.03031723157838,1.2119073063591945,-0.84855513356893486
55.571583427186333,-1.6581926686156434,-0.61933517022918727
54.893846238839167,-1.1796667088075983,-0.85082128185646955
56.578215237015044,1.4907192897350667,0.67527359315216851
55.013818774616226,1.0667498944347227,1.0396264804762556
56.691653219726859,-1.1072508194653294,0.011190737235621353
55.445522283862594,-1.2515689215212265,0.042549342471525649
56.529230013343728,-1.3985407430129804,0.13988680951291724
55.913116484156781,0.62494436346580795,1.6319899896653356
55.5125096729424,1.4458898567636831,0.40075882886033098
55.017310937035802,1.3565591307049669,0.54878345231419978
56.317161289001419,-1.0793075698836876,-0.70500187744367615
55.10930048264489,0.29364263533348794,-1.5564506589191447
54.966436289591613,1.54095966852943,0.013305614608315607
56.513245468223346,-1.2923135029737134,0.72932565519641823
56.466376048385897,0.51434952198276251,0.70105244986116
54.810699658020432,-0.15534567309144656,1.6471764908186328
55.576928221421447,1.5261192291438588,-0.23724850764692879
55.494860494295665,0.011204665148730818,1.3923508966895801
55.27532627157931,-1.4072098616526099,-0.29085266282759736
55.987967504195908,-1.133922898731885,0.84928284649648988
54.963464608623887,-1.2642270239377693,0.2633280803798827
56.404594673069731,1.057938319250465,-0.98030311583270668
55.290468546853774,0.72519161871774995,0.8485320569365512
55.980372458236722,0.59078040581858537,-1.5665119449333007
56.698423106965535,2.2563052486977639,-1.8811031204431818
56.12355192082245,-1.1685334967903129,-0.84296796755489511
56.058395984159489,1.0766780339208561,-1.1371656751047685
55.747439044325539,-0.19028767094712881,1.3639180252794636
55.589500661182065,-0.84681559124378147,1.0856969365735483
55.958274525957535,-1.2021459418055591,-1.1859876052408502
55.82100970724953,0.74024115635954701,0.47729012933488907
56.073319324094854,1.2027262728887029,-0.14887423934619984
55.527899985312935,-1.8802749635097211,0.77852712765677834
56.690712461402093,1.2783235840742035,-2.0620674431514949
56.299517018551136,-0.52609284238946963,-1.2654476731372168
55.726036849332935,-0.69763363131097522,-1.3677728050338451
55.89196171111859,1.3409336007932022,0.69322116635189202
55.964768613964765,0.48895814233761037,1.2196240020202582
56.565819543846921,-1.1337456612319428,-0.46925468347056737
56.477090849191754,-0.6998345344002892,-1.1654141931928634
55.316816500903485,-0.23540222595764038,-1.1622375975862327
56.276665456361023,1.220231447348016,0.71282926189329521
56.536611173610694,0.8747960261124369,1.0362574500604638
55.371755811546471,0.39562373919959715,-1.4928503149331882
56.636071166621534,0.93602675945478409,0.94117059468090303
56.518235292073342,-0.45290620258774866,1.4371461623559068
56.293159295279473,-0.71455781259468065,1.244835533235773
55.607480486597758,1.2693835760239747,0.47027415577777404
55.017257183624707,0.51027603933703991,-1.2189042193234245
55.49221150986034,-0.12164739559249324,-1.0455814252303977
56.392688953767092,1.4601878628845044,0.40194888889106734
56.328471919665205,-0.77451828486160357,-0.96556070453857501
54.883195318888873,0.99415347962820499,-0.87525016562543678
56.233278489897927,-0.88627791875196971,1.2264486648218969
56.210229800088655,-0.32473913427164258,1.1431590015296287
55.81634460595243,1.0446424816166975,-0.4308775670518063
54.807917577009661,0.63251361064589517,0.90215905155961762
55.525688849216294,-0.76601625168399923,-0.94208154901209984
56.213511326344829,-0.27528947199554993,-1.2480875526102748
56.55476367399892,1.6804145508601487,-0.14701191929205923
56.480334222988269,-1.4928913069490775,0.30632140627655524
55.318057838819101,0.72151717009635885,0.95741378987348091
54.965315705851218,-0.93460927520893344,0.71924262605751743
56.427667085249539,0.45147529277590276,1.3684855355618788
55.857025725731091,-1.5098614558205219,-0.55565680042302312
56.210193204673622,-0.26571029533111301,-1.3960857646819311
55.504038839577056,0.96030744366409637,-1.0909452113554547
55.221190454979542,-0.66549650113393588,-1.1481218609621209
56.640415374900059,-0.11215746246150569,-1.5972914028632834
55.619556763332902,-1.4602524232945318,0.45793235504122354
56.094117470813742,-0.8302216963666198,-1.4245100464713945
56.090406732307592,1.3595031405341196,-0.47993893361233825
55.518245757609101,0.58243010470865619,-1.1532760881161557
55.489722866526257,-1.0767392255236412,0.17146335287636388
56.525701089649544,1.5519723407218322,-0.17804556016627091
56.291092217244923,0.37001226809816817,-1.7224453811270921
56.811277369632045,-1.0196145060764668,0.4430566300086376
55.809188055543324,0.87572082658488692,-0.28232612786891742
56.000214890422299,-1.0288934179918181,-1.0178373175566848
56.312575546464721,-0.8612058298155203,1.567990215659643
55.810652005449775,1.1620324244582787,-0.40911986295206487
56.735083417964219,-0.21871683868229594,1.392406252945914
55.82988821092875,-1.3098510473498539,-0.1734324271713312
55.052292622245105,0.73156150312930091,-1.4053731170423962
56.614439779712143,-0.77505691485596129,-1.2974017031116007
54.887935652935603,-1.4239739284750841,-0.75360030804972211
55.170101983531545,1.0536664556249165,0.91093929404463658
54.960794355087074,0.4801882685838566,-1.3190427334230312
56.612268063483839,0.1922279773239651,1.4347357674582819
55.177151672817921,-1.057541787672736,-1.4607494137122636
56.6359341870305,-1.0765676465566136,0.43514939077107079
56.304205373097204,-1.0280984199929655,1.1126268513983606
56.668127464959767,0.86228520464667879,-1.1354381789749057
56.321841306241396,-1.1058218523628258,1.092885799669717
55.734364887267908,0.11951420319142854,1.5078954135021796
55.446329378471425,0.96391864642566516,1.2202288457988504
55.37537738558526,-1.6138035946421234,0.14899297390366861
56.321525523970728,-1.3140215514634206,0.50582953583394352
56.087783789530214,0.86419780307501337,-0.91024906258732696
54.931722495571947,1.1769585461874661,0.78198930061872007
55.324539162280004,-1.2868427341947135,0.4893622708489756
55.15981255496547,1.5261955327603167,0.047669835524778589
55.74077854620959,0.94520235344281511,0.43399146373227032
55.915022603930417,0.77646127479547089,1.1142451784190808
55.426494552402943,0.96688156986906071,-1.7892017956660875
55.303565136510706,0.51139648379694536,1.3208471695819117
56.074500791775471,1.1971797146816363,-0.85940422445088949
55.689146256495249,0.06280504809576673,-1.4768165672298095
56.413022022339668,-1.5075216768457871,0.47667326034358909
55.304337411319224,0.89800664999000701,1.1561755877688218
56.118782503719068,-0.10776091543722104,1.5453012036756315
54.853811722035658,-1.7044058006718013,-0.34387268513245883
55.083087704017075,0.43397528370653859,-1.2670520448547293
55.222674549312067,0.58015158825526991,0.87207286291305286
56.535113672871248,1.3886589505298716,0.22654877637579518
55.238899132291571,-0.83942942554941113,-0.46361101396321053
56.535446242055031,-1.2512385014872616,0.14947390783323733
54.908560789735034,-0.34751379899591806,1.4111211078764594
55.299840782642931,-0.067173708839468396,-1.2523370454666563
56.423823057661956,-0.64771763322973042,0.98972861233030585
55.090491746366482,-0.17087334674341359,1.1586832714669526
54.96675575424301,-0.71856628141513612,-1.1436663097240467
55.716867451548779,1.0243266145890064,0.86683690416103498
56.237889291431316,-1.1357554610170681,0.90347974158353761
56.58658820053283,1.2996396214607175,1.0146618620249754
56.532433830351906,-0.94772929696303043,0.85998638654491077
56.697597259953021,-1.2501462502242675,0.46373041050781921
55.650411032343072,-0.97966331615380098,-0.96655481016069522
56.501586370453595,0.82247856355418125,0.67378883883474605
55.939305348528968,0.51108391738373815,-1.1391552885230514
55.717239643945263,-1.228201724304391,-0.41950128588611157
55.525663201451145,0.9749176410886834,0.97792937603290697
56.110847631142875,1.1095989544166445,0.81486860801978778
55.952653068498087,-0.25798879290570231,-1.284746547014965
55.563668671184629,0.12399711882223194,-1.1777093361907764
55.239049431143158,0.56952564998378064,1.2063360645789487
56.348546949168707,-0.54409860678377564,1.3383150647099036
55.104481699745264,-0.79593920083864855,1.270142270786496
55.152006102776618,1.2384841828246642,-1.0964959392329403
56.187192534141744,-1.0933763108848147,-0.9078487342468452
56.563413575272257,1.449055994353039,-0.17496813600422287
55.181947449911931,0.35461906621932104,0.94294477345763683
56.745291737323782,0.27538063849780392,1.0987715054385687
56.483671724768385,0.054215649439545495,-1.3692598002256096
56.157180392621299,-0.38113801597812913,1.4091493765720753
55.682995964212132,-0.73959268041287374,-1.3395659885481943
56.581800058212487,0.80833001104917857,-0.90934473736095811
55.466775892155773,-0.015872929847948747,-1.4478257940378876
55.169262548645143,-0.39967398417573785,-1.573714870745663
56.363687047553654,-0.51854910060635118,1.0373389371170478
55.673039763648816,-0.2556514507761703,-1.3946560839527991
54.900313952834622,1.4067553073968206,-0.38712700977338338
56.758098337051791,-0.56423202695799768,-1.2383049988883403
56.048478312075162,-0.34966581711873185,-1.4006851907980062
56.333279829454668,0.25207495049667783,1.8891330958219865
56.383488204426122,-0.73293193834797676,1.274324396976483
56.470387400973884,1.233470223023833,0.096009872586299963
55.682241518732283,0.9081792114457693,1.2514893335931847
55.18577603945257,1.4158666160450899,-0.10574533328978133
55.836636600042262,-1.7084124732917274,-0.27151072930543119
55.23676469599485,1.9084425369198681,-0.11728429441667898
55.394720836220479,-0.94108634182995121,0.86402397987967861
56.173945606690637,-0.75699530435061491,1.2305484394172723
55.765338273630441,0.49157614067178385,0.68409735422329221
55.279143348811466,-0.94598338402585014,1.1536359287192595
56.534432531947516,1.0667335185024318,-0.20025327378750213
56.189359657807536,-0.90010920339486677,0.93481932384959332
55.3138565113589,-0.49251186874534125,-1.386657033819912
55.39655239647513,0.87207129277188278,-0.45437377262238893
55.51328029075782,1.4139404801747408,0.59926404099649389
56.689062824124875,-0.3374317658627341,-1.5150663137713645
56.589998695681366,-0.42872813423527356,-1.462585159304606
56.356921588151558,1.380007113640074,-0.092455519132473421
55.892288936630123,-0.77152860470475837,0.61691656928515171
55.574938773531443,0.94938866949663403,1.0171653273474057
56.513704823691405,0.18623345610498693,-1.560823013655575
55.439268697962255,-0.91501016154356907,-0.81278399185759087
56.246321715560725,1.2867608393334886,0.16944006898972078
55.949785641584846,-0.56065756044834447,-1.5781901679234878
56.388831449569267,0.78303175463878849,-0.97138791884648978
56.662141364047521,-0.39447483766990704,-1.3592029839234578
56.402148468919599,-0.96424980200968924,-1.0472212968662178
55.697694530431434,-1.197618832074365,0.53545121635374893
55.853082718718291,-0.87869550550760323,0.96758974162885791
56.440942933987735,0.67306825849241825,-1.1088289543510523
55.569060062928401,0.37902366332725951,1.4499590009095844
56.529233632034035,-1.3799413860999685,-0.48166322384213733
54.965717823375535,2.2863453721697855,-0.83981722006937087
56.750774082680955,-1.1470826812837798,0.80981018256900694
55.431373507574911,0.78256294540309645,-1.037154901120884
55.513932901630916,-0.12750930729512211,1.4645570227374589
55.73863337141114,0.83892747743158547,1.4532335021991436
55.288199882662077,-1.2675288119553962,-1.1844795844030653
56.16125380747625,-1.1441487478299557,-0.73201318239482704
56.124736952184428,-0.60369633373403464,1.2746312503853483
54.74618035082937,-1.4679168660185358,0.51848953069926085
56.127511272396298,-0.77900674343253806,1.0330221567824776
56.204085056550333,0.79543853285619404,-1.0954246698880503
54.910917905623087,-1.0589797015066675,-0.63418232388690565
56.777148932268588,-0.22333178642243354,-1.4167014473483834
54.9123384646605,0.74915539693620614,1.372770399507341
56.255728414638895,1.2945564528370799,-0.63755781217971097
55.683366844465183,-0.25442244585669155,-1.4324549552029486
56.024792021872294,1.6911806295242968,-0.070961682554826044
55.936351502059878,1.4040169853127293,-0.011059778818624653
56.306726846537209,-1.1673054597353953,-0.94482340520267005
55.752084797904594,-0.1645841827829338,-1.5504353669336435
56.225405890732617,-0.28569070115186562,1.5928942682534066
55.138544152810169,0.53878687905877232,-1.3629615284344974
55.35734080970753,-0.64027068267102361,1.1249520886488107
54.975217585899095,-1.0862905408637857,1.3886857106962069
55.17835638702099,1.108172219022096,-0.71762170871377917
56.264086650930601,1.1448244424095548,-0.79110101276673994
55.640331738467417,-0.088433606904800302,1.4394779992957767
55.308942226297965,0.89960540642995135,-1.1281069450265935
55.689523454094271,-0.53493882033315909,0.97114580425547536
55.46476421528677,1.5438505775737716,1.123564425803188
56.409731126248609,0.99248329574158611,0.88052182929261003
56.262449306281724,-0.84835349010485428,1.1050756816556855
55.556861042487327,1.3737995183442693,-0.88390557891723753
56.553266426861832,-1.1850240001528902,-0.031849577852524104
56.134655263497542,-0.11603479807175822,-1.3138297355406641
54.86965736862016,0.058987781608506179,-1.5997819218960074
56.553354104121198,1.166429974849901,0.59677146348292365
56.084760315156245,0.67040705732362904,-1.3012198164220363
56.231372567504309,1.0293742931500061,-0.79214469739464555
56.587633003666561,0.6604567208824409,1.2067550642527669
55.944271396365899,0.13705300906027507,1.3591432525673786
54.870085063539349,-0.93364950885619402,1.307287256430915
54.895570024161806,1.1013438506835878,0.85765802597232099
56.110443114169627,-0.50647449195068228,-1.1245543749866347
55.471368945722553,1.2645652790008277,0.38303372560574234
56.359950467269307,1.3336990713413905,0.29366296559266036
55.194451393183002,0.54666011197791897,1.1605021107631235
56.14072138438258,0.98011725236582803,1.1559725173826743
55.853783342599428,-1.0804892561673394,0.9601396345762605
56.677229276784772,-1.4083809250154629,0.27233549163161619
55.153078389768694,0.71256358430386169,1.4117678949697861
56.241122376936332,-0.76665070553921544,-1.3174761140965732
56.633944898108062,-0.03764901298949571,-1.0602700075198555
56.357851053316864,1.1159437997604005,0.45399852745262287
55.380876733786565,-1.2180998937616503,-0.073250936930689861
56.29077916274224,-0.60935489248106456,1.0716747628413736
55.473031129335901,-0.6812429128049019,-1.3001298574870956
55.045941135206064,0.66775886833395548,-1.5293870558898106
55.832749036895891,1.3274175508939934,0.62661214034095103
56.06488840255281,-1.233544459052518,-0.32357236643623594
55.193655767283005,1.4788392874380358,0.15988788608458471
56.396011581997627,-0.23490966133484709,-1.4820346102289663
55.213856331357164,-0.58156395206306277,-1.2916643285420539
56.873849095383243,-1.2611713953513086,-0.53769116976458264
56.293122926939702,-1.6006297938446243,0.58571977636524297
56.309875251987485,-0.55869349757315123,1.3606975944595114
55.278852673871597,1.1554203007022366,-0.023711486938656726
56.500156770484061,0.71203084068112588,-1.1538223207389668
56.146855465943375,-0.068658656491384376,0.99711941772467549
55.900343318971395,1.6236390130254865,-0.56627760564010221
56.249483539021732,-0.39960448851336655,1.254424751473014
55.175007331716195,0.018949229843286425,-1.3584387101801496
54.826731244450968,-0.976852916715376,-1.4473940602861157
55.366549540692098,1.5236755035859255,0.76200003420377471
55.763015843476396,1.3264298985805469,0.62445689092835543
56.046499712495255,-1.3266936071399054,-0.83111034782374926
56.035382913746247,-1.7814822044069569,-0.16317652238875033
56.156144660855304,1.4476369287617359,0.52219588430831176
56.597845433723506,1.3220392368586766,-0.31423119926409188
55.302902463241004,-0.32932908269640793,-1.4712920484365573
54.992511725705356,0.75264406101285508,-0.80457439577673007
55.328812725989643,1.3837098344360992,0.3860020106405232
56.571908171607582,0.80446023041671033,-1.3578920761498405
56.498650571779812,0.89655807033736368,-1.1091071961432801
55.603008284603213,-1.5239188359663869,-0.093763230971712144
56.132590479397606,1.3664403228670712,0.45517815862946076
55.069023634503502,1.3058287799870236,-1.369539881141038
56.621870296138802,1.3670533829999865,0.49241460898068901
55.450524159573803,-0.94223858412579764,-1.1424272724014013
56.418239273474896,-0.98385567258321671,-0.96181157826565555
56.170557372154747,-0.96894055048451067,0.93875154229153623
55.045809725283881,-1.6893994356159114,-0.56645812377067928
55.139869160686317,-0.97299784802671918,-1.3118803429872024
55.63097964345031,0.68319888516042149,-1.3461419848450527
56.380353896813673,-1.2319406760077196,0.44180457893249786
55.521548222639879,-1.074527586807356,-0.3258103120959554
56.467696171089315,-1.2954886503689711,-0.076409616562646998
55.430803997071656,-0.26956737078372184,-1.5425524861874969
55.810587764298063,-1.0112263649999529,0.38520548101820901
56.662177657584436,1.1907356245705747,-0.40451092004807288
55.604728787641179,1.2178945423235608,-0.34571852399951492
55.280675913234973,-1.4562394682808417,-0.059670871473532117
56.037854836621115,-0.053045467224954228,1.5167319273812245
56.408166875856161,-1.4703253733374413,0.23654682947603736
56.700578980681435,1.1792985967264582,-1.0208530196356178
56.071631322500885,-1.2287014851541189,-0.67799954662077477
56.498227216032397,-1.0440839080894813,-0.79742429401441406
55.499548017182661,1.0911035114580876,-1.2062815749837072
55.675283060516513,-1.1730852481215206,0.80521714703465297
56.646954917012572,-0.35183439675341976,-1.4273086159958555
55.009793589045728,1.499868528133339,0.15917266559741836
56.436555630544682,0.53265705507412398,1.1752849068712807
56.338986133094281,1.4705415104311965,0.55689634002037636
55.450416997639692,-1.1913156349135674,-1.4510240922838638
54.953045477829626,0.52256586202455835,1.2058898635573583
55.308747913093313,1.0432894655521887,-1.0492491152029246
56.120580960455911,-1.5676859728733175,0.23355381565056055
55.320528645276831,1.5448231112778099,0.36323036429996491
54.972655779137519,1.0689480752644298,0.201527440738096
55.168807511862809,0.7113040010538797,-1.245652568972238
55.177396729857847,-0.88575670738060486,-0.98269290436861612
55.31470812094971,0.18119911493239391,1.5820593405188226
56.234986943286636,-1.6138392153696679,0.50769518681918846
54.819965720731723,-1.656353162007739,0.037011533598906514
54.793813653882289,-1.6100409374734352,0.23997992071728391
56.077624919108466,0.28695928055088549,1.5390784416679515
55.950220316653692,0.53772225628244508,-1.1488368290313478
55.955372514423026,0.20902366684324977,1.6308065890199626
55.312208601538593,1.5618901479309542,-0.13448315638971917
56.32840724007422,0.069039098646189193,1.3512663148621531
56.717732974251795,0.89212223780284861,0.39754953442574315
56.650484212306644,-1.060621733242052,0.88822923254997699
55.900800754520787,-0.45355349507149395,-1.1063479075142375
55.668396120877631,0.24399175959213654,-1.4170797798726076
56.176993621936518,1.3292285892762097,-0.56757324353850136
55.703594100362416,-1.3216843826111964,0.17205868505425503
56.601457954700358,0.59020626743713644,-1.2483556054221552
56.092188744030921,-1.217419819781274,-0.35174497158920864
54.753335253561353,-1.3322318898331134,-0.18215202269584463
55.213930486707461,1.1032866326214468,-1.0374983059863208
54.971682465816201,-0.74513177120244245,1.2221521645985747
56.501974423075822,0.54672603619811788,-1.2798034739437112
55.424377457251182,1.7939925182102623,-0.22826076038228063
55.94445554094176,-1.2866868543787353,0.46325327460815108
55.742232431784728,0.4440175662999164,2.0653210808285141
54.975819323313587,1.601980287811589,-0.67362918132539007
56.1546266050361,-0.49354286710515821,1.3025533315999007
55.346095244283823,0.89179235436875615,0.35753649529898346
55.372189080838957,-1.3111768928691407,-0.7224866213979696
55.597668910514692,0.66876233331101143,1.0997392264139234
56.461764290398058,1.2950810090100171,-0.78615995170224695
55.881038087778172,0.5531306760860496,1.1174069624269662
55.964596963861723,0.59945408749785389,-1.0089878559935079
56.083043088488601,1.4746105501445779,0.39302377661347271
55.657681962564581,1.0547053316621071,-1.1224043781154689
55.817695348979086,-0.936721816930284,1.2390866614258647
55.63427081583005,1.5248043188094347,-0.18481164811479323
55.246127223432524,0.16980340117381673,-1.5660220506336853
56.417755881495701,1.8814599934175038,-0.78935529257173898
55.980754329686029,0.83913430808333378,-1.4516020257043456
54.929693261120526,1.1754217715225834,-1.2337428783071624
55.048035914301998,-0.63030717693136096,-0.93178997936096597
56.715065704714782,-1.3862244508840555,0.51845809791941122
54.796974198028913,-1.2004107900301542,0.70605873048982559
56.402493277447178,1.331424992530327,-0.55708747402708902
55.975002055962776,-1.4947163142928082,-0.056740116351892973
55.858571751831271,0.52353758554398266,1.5153399508329568
55.026571505490132,-1.3650817982822545,0.010099808924132554
55.963317997445472,-1.1416962973263325,-0.86270417353130713
55.78260382499478,-0.72196634920710434,-1.3335114341737599
54.766205618093295,-1.1640343232014245,-0.30588654199834892
54.967350435887923,0.36806183993560176,-1.3573854816353363
56.586198785878274,0.80746762495896351,1.0241489131910779
55.089647155881735,-0.58634806250215221,-0.70564311605731589
55.129598818342821,0.50744873413317559,1.3727185395448156
55.648849324571593,-1.292857685396148,0.94068997439955426
55.106721522971377,0.14575637575606359,1.4699580093725821
56.396511138307233,0.21645740833067484,-0.99818796738631022
55.740706527206861,-0.31437023980826817,1.3537801423437006
56.050264607349078,-1.0817016849853287,-0.20616034818872184
56.673598841975128,1.3565075663907256,0.19464588305776456
55.251767852616304,0.50982762465834708,1.5101450015151658
56.454847367996514,-0.48292970002951496,1.3033388851653833
56.384297510741021,-1.4358064126756414,-0.24910490056380777
55.088694680015664,-1.2835943244088555,-1.1675814425502802
55.38088647931815,0.81819244101195021,0.55906021067198808
56.161648474207155,-0.96651053336624126,0.49773918988295623
55.140251980379688,1.2149294717018058,-1.0339563057363865
55.023963911227803,0.4081855698097992,1.2946760821247061
55.40432193751414,1.0195999040416304,-1.1322609057332214
54.956263151860533,0.79073241188092336,-0.89861752490541102
55.544899712787839,-0.83967979024759343,1.0844494672147689
55.870613282952256,1.0025214919436343,-1.710892005904084
55.949607017371136,0.96699086559451963,0.53063781910241481
56.049232368833458,1.1977156359459635,0.58122075001080042
55.251442463895962,0.45842275964492318,-1.558706771264883
55.850752766162579,-1.4558600317383801,0.6885141509745939
55.861956311611401,-0.74067452074433415,1.212040875540948
55.840851933815237,-0.77773201599861586,1.3404324019426572
55.898679973462933,-0.97173056289543158,0.093639056053880676
56.649612151891333,-0.99761527089004465,1.0934090906939404
55.52781640551013,-0.06560792736814805,1.3693229390927
55.041438090352884,-1.2641115825880873,0.86875212845866712
54.96771521107096,-1.1876636907922942,0.19702946787679607
55.178434127021326,0.99403074561631644,0.64318800338382254
56.211427893510781,-1.312189596927426,0.26001308945816981
55.971004640507715,-1.2189097565216731,0.21661713925941153
55.512908176854125,0.19478533618345573,-1.2146269970865888
55.948835446614368,-0.32739657600445715,-1.3944300685896638
56.160583578952028,1.3733448586736359,0.4741881182538018
55.419614743930119,1.3664059439425276,-0.84978101777518789
55.576233394927122,-0.4337295085880632,1.4531302468628613
55.427819586690454,-0.40511938686387416,1.0253996291141489
56.261308974989817,-0.85469471070971359,1.0607145476792872
55.003589935662838,0.91411001528581826,-0.76084118572658355
55.09336762377545,0.4789858250997332,-1.4356153104514708
55.563777038472857,-0.72868162967697325,1.0291885234607516
56.07245990871241,-1.0962191921241728,1.0437366364945164
55.466071898565644,-0.64043353191800489,-1.027267952856604
56.607504033274758,-1.2696661561989628,0.81119457496000824
56.419290306679279,0.34032837133512156,-2.2565719904909942
54.832784830236299,-0.3664691265499509,-1.8450240585415891
56.377222331826061,1.7819859046079511,0.77574658259525919
55.481943389896891,0.22295871394851527,-1.2774571964422423
55.946641017624017,1.2109963515816189,-1.2617862935637523
55.124623758155344,-1.2954565561917091,0.070039250592471569
55.658393195987657,0.86223794638165729,-0.95985543573809817
55.756395041662827,-0.71806986524652128,-1.1890352939127147
55.836556940791098,1.1553167549923558,0.95239228276979615
56.187248430939924,-0.73003304544591863,-1.3044417798133643
55.064455760784398,0.072193471386597138,1.4938539253888676
54.917813851935321,1.4227092032961537,-0.55476603226957066
55.923787283537173,1.366825132916371,-0.64557396547841917
55.663669709344546,1.3901768421382454,0.42004486265333107
55.269074411542015,-1.332322444577724,-0.9141112604850371
55.01965259640216,-1.3514709035779473,0.79470079347322753
55.605990926204925,-1.2840865063180373,-0.80422743453578782
56.743972035281452,-1.0797124979139399,0.86079166318301903
55.223054566735847,0.59425186711658295,1.1940034738722785
56.048559807073495,-1.1656418300775377,-0.8997971223082385
55.21706319251448,-0.11781981484332374,-2.156799729559598
55.817516682197926,0.84936501722987801,-1.1628374088093074
54.932167166130107,-0.56461765206098047,0.96986154965611071
55.68038679882617,-1.2911051031441505,0.76224477423918113
56.644518801210786,1.4812121210658966,-0.052032144327497781
56.605846325147184,-1.3775743810316863,0.46423645463626967
55.672435614759728,-1.3476402197256274,-0.43583890241741546
55.945044764393415,-0.39788312774074791,-1.2923072502646895
55.66592323411782,-0.69077731947992982,-1.2910174372670129
55.696427288403846,-0.39143930493335838,-1.4034437199042844
55.44804987987515,-0.60718279975593947,-1.3026420498071472
54.951934752264158,-1.0823366212812229,-0.78543145056093733
56.145159418460331,-0.11698413766824231,1.3225485817300058
55.156428511528482,-0.73396791525036031,-1.0304163491983811
56.583497953567026,-1.2847443173948834,-0.046038531037779322
55.241425761826505,-0.94012286732619099,-1.0243417535376522
56.844008940444041,-0.066852923328139385,1.3736262219780611
55.017797910404369,-0.37402808355282968,-1.284324123728328
55.956543766193015,-0.81942131247104499,-1.1290046151808446
56.251538690373032,-0.27225238452694539,1.4315002333599618
55.608094326637868,1.4634951962115119,-0.066342351173986
55.420972492851661,0.082022534833288321,-1.5883454165957003
55.965973669416108,-1.3044928955792767,0.55774774169210428
55.488413086061925,0.68735747889771892,1.152777914027546
56.419090765013721,0.27267474059272589,-1.5761439699541655
55.343692704776672,1.211820392505321,-1.082645654238622
56.233549446920584,1.1507965864522125,-0.50277309150806804
54.964326254082877,1.0905772092876309,1.135331205209956
55.646710687422136,-0.53648897275192153,-1.2387880364399662
54.878332671356624,0.0063347998803303125,-1.4908651008134328
55.126158229663055,-0.9625663827750619,0.32963674840747126
55.338165595790386,0.87084687509493885,1.5653254098357976
55.954249131864522,-1.3334168542192582,0.31391437833486563
56.281585426851706,0.36021276345374165,-1.4029744236039492
54.963551550704139,-0.44047167131337495,-1.1209187342348885
56.063136891258509,-0.92373393809653215,-1.1620236908452304
55.339994309143421,0.17450426006651476,1.7167264309899259
55.06415093065214,-0.7508402677818149,-1.4032439282562865
56.259704322819076,0.52904908488676516,1.000017811379202
56.283784169534265,1.3530824197713964,-0.46266638374513608
55.087540155725549,0.38131470968947473,-1.4987104604649146
56.751685911807456,0.13621329943275454,-1.5415831488698739
56.861153840616964,0.28410762680264318,-1.5641626544696932
55.752091869309403,0.51575866826610717,-1.1710360563816629
56.095506681483968,1.292082083182984,-0.50800275713687815
56.262490868883781,-0.46759468131440318,-1.172125385781517
55.585674439989809,-0.43804884464282579,-1.4746204203253337
55.610722852345134,-1.3830399589888069,-1.4036947220741292
56.645680781233501,0.96926719814275042,1.2504577806953057
56.394591401229988,0.66357971496050772,0.87005688982395746
56.714127760398974,-1.2355657893637157,0.62688813345150241
56.274759330085239,1.3469728110444075,0.21893401207241317
56.817542055824497,-1.4923380504439281,0.86026500146388041
55.090800181724617,1.382564073097174,0.84151628364151554
56.435066586552161,1.1885645506572933,-0.2079998817460734
56.646486294692295,-0.63401737916459966,1.2825857299767647
55.005231532654562,0.28534402018970034,-1.2657542369831676
55.817912142355304,1.18130243807156,-0.11273692117185599
56.378657238299319,1.2099099585922046,-0.10133013183814582
55.589893373487122,1.0503233464829551,0.38634669473782446
55.655140016709659,0.78363232734000021,1.0390745542775344
56.446250927858841,-1.1822840028569868,0.107875811617723
55.746553646586591,0.47377689062361955,-1.1474276513336323
56.101707007793124,-0.85519743272273807,-0.53418437132835084
56.151079368166506,1.2794661895029817,0.1438105007333659
54.936303350660857,0.39176053902885266,1.386742285848263
55.716831154814408,-0.015057343017359713,-1.4874736729845996
55.097553376377,1.1745617024743393,1.3467669682542709
55.795367560125797,1.2126244879738366,0.70873765045881332
55.573843621143055,-0.9775990660850985,0.88830246764024323
56.148053312296817,0.26670649244854849,1.5220935161798557
56.649799309530991,0.82903957302036735,-1.3149111253445502
55.770329052994654,-0.65648906362859727,-1.1304930990491029
56.037706625090614,-0.95616814725070276,-1.0073574591769614
55.140139724330069,0.50139176271507646,1.5672760554264129
54.904048563044633,-0.47290535697482772,1.2701301758521792
55.311713415552731,0.60265824420196479,-1.2883960809742199
56.531902055314227,1.2759957205755543,0.36162047612918818
56.325092976556796,1.1923157605334946,-1.0289930199523289
55.47820016517533,0.29677621611379262,1.5908023848204491
55.636547243150808,-0.99342546725312619,1.2072914105204173
55.617087886955318,-1.0483120053648887,-0.38832350532775783
56.276647990298429,1.0484677746515254,1.0036684259582676
55.468868151212199,0.58921858809957217,-1.4314413430396467
56.673273425551578,1.4437122749361495,0.20941754179688352
56.394662191848766,1.1835661043585,-0.38581498114392387
55.295343830230266,0.69916917876016249,1.1699824650607431
56.401832560108055,1.0666537872387791,-0.81504595912978584
54.939816581650817,0.4614227168790469,-1.2339606049464498
55.624330939922892,1.0720531818015897,0.57178068002572902
55.811546678429998,1.502616549562952,0.074134492580729405
55.63248441489911,1.1608692529495601,0.81285807988663172
55.64569401937397,1.5157681057410624,-0.33751184289420971
54.94371774325954,1.2462833633325814,-0.67069860279157778
56.233325866351187,-1.3136387165131607,-0.17808534138863141
54.932927680928856,1.5817315190670009,0.072823528441612481
55.556874776802061,1.381340639380672,0.6922386024821513
55.04639563666926,-1.2379891798191789,0.46538645842180548
56.135558407183161,-1.4967931827462679,0.35050734844154441
55.310704690646041,-0.31248342161156278,1.2079781188612746
55.652553681298969,1.2982449700320049,-0.062326527359148641
55.879644347394354,0.025225065922261276,-1.5943349624336447
56.348184273836218,-1.1184566452839955,-1.4686006835655154
55.03693955775816,-1.1720298949595707,1.1396312134487172
55.437325674219373,1.0851921503156448,0.98003737646642564
54.963187614559352,-1.8245746638315463,-0.34860765075363265
56.085920271341415,-0.97105826693068986,-1.21684523638131
55.674592668061194,-0.92381842695051997,-0.14267989949455867
56.170122248081327,-1.4473043033334019,-0.085260515544473975
56.330944187198256,-0.20881995789403854,-1.6464629211475819
55.583623888593436,0.90965074294191861,0.43061573799458391
55.464094005462528,0.12878711801054665,-1.1454227415125087
56.351276578924015,0.79089413938796937,1.9718427977189761
55.006845963880743,-1.4654226440697506,-0.14741983329074351
55.189753210991356,1.465511696044161,0.1832289320832943
55.926205665512526,-0.79295502340130031,-1.4368156644661665
55.98435345643648,1.7337654765994053,-0.52993949606329904
55.369640696961461,0.78581267065740312,-1.2236966059343148
56.271020290235761,1.2760884302055169,-0.56187014500141974
56.846889568358769,-0.25070799924382786,-1.35752063048204
56.18346712106009,0.99304639268952322,-1.2266780866835971
54.845829107968086,-0.32181969290892687,1.191863769359174
56.126857707190105,0.30919281362190448,-1.2903086275582367
56.160316833731613,1.1785042460208182,-0.11404754001942957
55.189110162583816,-0.46808720316514718,1.5720510497635176
56.07974592550503,1.2045785552575325,-0.10718740996581465
55.029253371320792,0.42046668368380413,1.232973483003355
55.843085162291906,-1.4183031091177634,0.56537185803210743
56.561866972216606,-1.3538015141587214,0.76313701130578715
55.004176545430774,0.7830892520982603,0.76248528893173917
56.412424269985962,-1.2574219910219804,-0.28465691598158621
56.159848885986491,0.48568224520142644,-1.3653785649672259
55.49613485570778,-1.6177546153895186,0.28176403615885781
56.558971533608592,0.73198067889129803,1.2603243815359622
55.435788988601445,-0.8074342039010638,-1.0109580146476782
55.235301898676738,0.041962719862256942,-1.4495050529282711
56.821212789148781,1.4988454229949064,0.52004654216676538
54.976535236319386,1.1920953355847688,1.1944175118792988
56.24419767120559,1.503612776859486,0.29577636288657738
54.807043291216594,1.2731794182918426,-0.6304402285262356
55.758975678330415,1.0011294620030697,-1.3711485166528934
55.480864075268187,1.6100933573213916,0.36109498470792872
55.813358909003192,-1.3123890808986767,0.49267767323507633
54.993342224770956,-0.41461328894998922,1.5165892915345089
56.022161581813101,0.97169938978277237,-0.7724241254178088
56.637793409035382,0.67732982342551207,1.3544563172452482
55.478865495771544,-0.93757326543248165,0.96334619523213783
56.404463590383074,0.48572919867211095,1.3127534538781882
56.002149187385385,1.2844171617414577,0.28476644474448126
55.113329152518368,-0.094300861538149983,-1.3682986870724207
55.657766181573514,1.0126596935131642,-0.84577274655329238
56.540963015984858,1.3097749738856601,0.71739122131005006
56.743159771453378,-0.29660649888240337,-1.1626260385776535
54.944662029857732,-0.2540284039566188,-0.7947909595032816
55.368436799504117,0.87084133697522448,0.74629384952998989
55.680161546046953,0.54937763518186333,-1.1356703398213615
55.205533908094075,-1.3550070227552113,-0.36153974870552791
56.682784029851689,1.1049458622821335,0.9431796222278318
55.838739118059479,0.03316044618461695,1.5515553483526632
55.59280077313916,1.5396550483932749,-0.12398485300398558
56.102216154684371,0.72907838555130766,1.4753323393919109
55.182494623854105,-0.03488324543137105,1.5685119246508183
56.361580856988866,-1.3092288148838414,0.27271061252861994
56.721233937767025,-1.6162641190303757,0.3442458730232808
55.607405176266901,-1.4560761648458702,-0.36949863640848563
55.324161598729042,-0.50799358646665571,-0.77237116668749117
56.474089238391279,1.6501820458144802,1.1993972853159443
56.475277088217034,0.24496360362157218,-1.3789998877977849
55.977471916266374,1.2357663637067076,0.33034773498898057
56.257588596767832,-1.359518732980838,0.2959623283670037
55.764934177074842,1.1627096714985938,1.3970777444364968
56.099202473419695,-1.0699047201731049,-0.47231174239426177
55.229800811344241,0.32908806837054161,1.3839901013624911
56.401789397048425,-1.3813113320437338,0.11310213426525237
55.553763279627965,-1.5808937561484098,-0.71822292317826864
55.363089028695832,-1.2951040352406153,0.018696420079462258
56.131670919985304,0.78925703372846567,-1.4136960882352392
56.470652021796653,1.4091867351814487,0.67899814034921646
55.132712644059033,0.9100030852202351,-1.0285911578004707
55.865197377079497,-1.9250852981645517,0.2577838423073624
56.138762970925733,1.1581789191504672,0.71999116077849223
56.783608450128369,1.2112867133353187,0.59044290476263961
56.085865942518815,1.0202159375585593,1.0393753317196985
55.667326064794885,0.76948332557708665,1.3605863601123553
54.756738024228547,-1.3733537008499894,0.2304160997349628
56.178532933576719,0.60102331537326059,1.3155415247195745
55.681600218826205,-1.2562683067752656,0.79720492369497309
56.712678036448928,-1.276735425492139,-0.83969703036461119
56.650791657728334,0.41629788136192558,1.5144414647183893
54.971973225277416,-0.6652429151400977,1.593335994519812
55.208815360662008,0.29118518470141685,1.3952303256396366
56.416689452847372,-0.97070320488136741,0.67374019656483342
55.337685764529809,0.86523343836174693,0.71370694788362665
55.363256628624818,0.39383992021817493,1.0923985354428256
55.730950906412076,0.14891401245894481,-1.6433692818650774
56.650030494070371,1.4403649663252209,0.36683742672605113
56.472097657855976,-0.23466463644752747,-1.0504889471507441
55.67831954948219,-1.0216383970470286,-1.1436183844195291
54.854160917103272,-0.95468867697573756,0.83740371261281399
55.735632951277516,-0.69386459840751114,-1.0802348624209388
55.262794985798834,-0.72824119492336337,-0.75941991308268686
56.287375506898762,-0.49196180635496317,-1.2239362795585014
55.284374903593175,-0.8129140898617867,1.3413475784450277
55.235527570674222,1.4480587733307246,0.21280687692395778
55.451754631549683,-0.43972124581912919,0.85671219306166024
54.811190279924851,1.2406590665408044,0.35258055235536689
56.394511713664578,-1.7909387249868363,-0.52346372087775006
55.778092230509557,-0.36961689104423828,-1.1808451046523174
56.537787391486546,-0.72583307470272973,1.126972402318676
56.420915399021304,1.3878745155407983,-0.0030584828335539168
56.312345173814094,-1.113786925768826,-0.58266200493777986
56.425383708289395,0.88706974617585244,-1.1994463983131027
55.712420165944465,0.27169184229094034,-1.5871856407002387
56.714334181888425,0.93721316097055596,-0.99688321998341756
56.682786709248631,1.2319750493414507,1.0264393110972942
56.022167395071655,-1.2377624453120921,1.0315130856034411
54.895715864999644,0.076700499520792401,1.8902131367402404
54.94388217274377,0.0084916996053017689,1.3510196825978233
55.974143497007937,0.19639992486649993,-1.1447162792930679
55.501980988679719,-0.70260254100222885,1.4081582435783238
56.608802072817596,0.31269641963110772,1.4384155665377185
55.373986431791472,1.1700977990291308,-0.1155311523860473
56.247169833556335,0.88014415460882356,1.1081088910127757
55.219360188535532,1.3933463240755999,-0.58809223583081771
55.291773344852814,-0.71194858220610158,-1.3678017458125042
55.954091089295254,-1.0249860915272677,0.75074026413532025
55.439893198374051,0.82366572906306534,1.1524892299255112
54.96120314565146,-0.66862815900552663,-1.0588383108498673
55.680394223079965,-0.27217023656323375,-1.5491564875312476
56.443997465387952,-0.9532865324042652,1.10365894964578
55.126562362028771,-0.67613060271318748,-0.97739284413839234
56.418889532173417,0.8134966546685467,-0.82758632876071503
56.300735143994871,0.27056386203974953,-1.6211282860607759
56.2042323747499,1.1791820271003992,-0.46986579318258176
56.340549733597207,-1.4748093083457461,0.37138094037187408
56.588802167558818,1.1876804660266769,-1.0253910096193375
55.077399655691238,-0.56593962695480415,1.1251807689064406
55.860274786708437,0.07093314380751016,-0.80161418741507018
55.662936078996431,-0.69977446572224744,-1.0695804888275158
56.811933343409329,1.5530437278355227,-0.16022743985392376
54.94800468697467,-1.0000267229866882,0.41184010045026292
56.757724387918493,-0.88150809352163473,1.0640078412464797
55.545298308633448,0.5724391945746824,-0.37544500061547881
55.25488905055726,1.6094717322981715,-0.50818561401417706
56.618542473520954,-1.2475709663066938,0.14481006435518418
56.146450741805999,0.71313032181425595,1.1983297402551145
55.994373664447785,0.24378243731509064,-1.1914789820762779
55.205634909126758,-1.600820001563253,0.66708998515482498
56.635242189695234,0.029439623611053772,1.3288348817135738
56.404894715765494,1.2308470828405456,-0.47934228133240941
55.70612017367565,-0.5908753427975677,-1.1915639096707513
54.90052737561664,-1.2442473481286223,0.24240779678302374
55.797287621469778,-1.4454718774602988,0.52383177947680193
54.967202796167257,0.95140143506888608,-1.1524772801719874
55.542333677837604,1.1162741217815937,-0.70434039233189194
55.265627814830907,-1.6313693710609505,0.16989758218302484
55.131317317741718,0.88269690681376844,-1.1060760539946843
56.06416923610734,-1.1278340353130045,-0.67028264384632008
55.987239921887202,-1.1123210324165007,1.170732829129927
54.960565718514076,1.1393434894519257,0.81354763748726122
56.45343978729418,-0.32870142967000548,1.4012302985287404
55.802622280427542,-1.3733961493935773,0.14694167927771024
54.942000066737016,1.9881933057971106,-3.1376261131483805
55.006034049371657,-0.38064452934312859,1.5021614103695871
56.453964214223078,0.61816377851644966,0.93688957188642386
55.618084411197003,-1.3151200385042827,0.21291962606513704
56.617375818142193,-1.4391434188729262,0.061683607969240814
56.654050017520568,-0.74061941932519315,1.3087616134152169
55.058918931188558,-0.13578056055303969,-1.298993798429708
54.92793419442107,-0.099594239466163956,-1.2736613911943764
55.925451965701313,0.50399728226844753,1.0106823030886141
56.887098907456206,-1.2567966302032736,0.037065859101337861
55.086830916860535,0.52219271023510905,-1.5289178324679029
55.589431279829697,1.372031934288533,0.89046311228397712
55.952621235610792,1.3503744524585146,1.0755640592165869
54.921719306117801,-0.60918494044131821,1.1205475496026018
55.105560894905281,-0.92558367098980754,1.0322740372411523
56.138804860044594,-1.0107013869738046,-0.50518123937628523
55.261996696733092,-0.59966514276423621,1.558977409101828
56.396105934969775,-1.2767909188894759,0.77909205350935073
56.464471174624514,-0.55715993094585159,-1.0277062825605787
55.024541863111757,1.6652291829452703,-0.079414578202525274
55.663189148629307,1.8832580330331889,0.53324511933701801
56.895002556273418,-1.0247575152050299,0.90891022584617398
56.160527670699508,-0.88023579465101498,-1.0485584798508152
56.699558250122202,-1.6857447388242706,-0.51953440778607307
56.804385134373398,-0.99418534060907271,-0.98788986042714966
56.516514578893172,0.1908332113749967,1.4514218088330866
55.400335665568257,-1.3305057309536779,-0.55530855350047348
55.356589614403994,0.5458289177575476,-1.1677813729206732
56.273214438429591,-0.86180926921270462,-0.91824309188734388
54.958639700805662,1.4091758928440978,0.74090630844144045
55.449911957840065,-1.3283952067661482,0.27524622923158099
55.686902762936612,-0.89151832869044045,1.4179058210618727
55.369272129984807,1.1470586263163114,-0.76850456774455689
55.236240801446783,0.47153156052795692,-1.4075366078293507
55.559141963315717,2.0365252085389063,-2.5761741950530896
56.429357624276797,0.59410217689621847,-1.4692192360877214
55.480225582486462,-1.0011155284136326,-1.246560120172608
55.259368746179327,0.39926833970624553,-1.1770375526787962
55.134593418916531,1.0281785697789807,-0.97270946346696885
55.609107388216174,-0.9512245726224785,-0.63853259684641883
56.136354562402389,0.10845189131024975,1.107002839966551
55.062175431986276,0.67185188740065938,1.1169729656029319
54.825499401680418,1.2633880844280267,0.38426414841357787
55.720909997650836,0.96850473770785717,-0.55398169913535267
55.386346089539558,1.089017886276259,0.61927302053702327
56.689798366228615,1.5104004478016646,0.21844410097553477
55.480687089165805,-1.248492767361967,-0.88400430613065573
55.492341826707282,-1.5629489335012385,0.53024669742657138
56.503137536595183,-0.73365006833644342,0.97775113159790961
56.788479297087761,0.91884510716899492,-0.98598321897669061
55.44049884168561,1.2307958769292011,-0.94868700940799844
55.503873205980717,-0.1167785051729891,1.4481938030159855
54.864606153780933,1.3333511017653608,0.24079766328368432
55.195038534632467,-0.43226112538251849,-1.2310960844363601
55.142246812012381,-0.93832906126395288,1.1270564530449787
56.603532051752225,0.53976228000230408,-1.5305273375581803
55.951238566370037,1.4815173138802122,0.26109844645276847
56.015797876181225,1.4840577400320945,-0.55851371394812366
55.000783187503089,1.2885144010571008,0.2642905692939172
56.601061711401783,-0.51902400073569355,1.616965491194841
55.511970945412685,0.27526410683406793,1.5131175288084147
54.897008141149378,1.341410275865156,1.0710221744350816
55.878557945235471,-1.0935471486509236,0.44996941052278511
55.420298529900613,0.8531472107215492,-1.4183891458772484
55.232255366768051,0.74203220568637807,-1.2242109176405851
54.978490509132619,0.55437301948149342,1.1861798238109933
55.010290399137759,0.052423725195315511,-1.2304336186920923
56.698305033020205,0.17261214241943693,-1.3452556932900837
56.174193968746465,1.3042299324630824,-0.88748618220866382
55.188195598242864,-0.04108674732051773,-1.4534640945899602
56.00397652621669,-0.6129475299831223,0.89211714780097306
54.924274111035395,0.97306577487040358,-1.2422175143731542
56.451626209743083,-1.6138132062875536,0.54608948728191331
55.597941256335403,-1.2814913091654214,-0.93853571865664953
55.493662899044203,1.3409827343650724,0.88129305048603046
56.754928254713803,-0.20870543801223285,-1.6506684804514291
56.489435308818642,-1.2883355953981879,0.917241992506863
55.672793752331984,0.91392850331564968,-1.3648509319207001
55.119530202660371,0.57407133523932474,0.69835794341254986
56.362203502291216,1.3750728271290982,-0.34260905799543706
55.357488516788436,1.3305314775395904,0.46688492587351121
55.222445535593764,0.78410562109687598,-1.2909664228268927
56.650742403955846,-1.301495541181716,0.96256168913541473
56.763673818393805,0.45928879344717899,-1.3083626938357522
56.171359678592935,-1.3014438215444857,-0.79245966798353984
56.080485058291266,-0.023623139602333858,1.4846336305199721
55.552701878987079,-0.64270969971757286,-1.2986091064162166
55.239415768247909,-0.97649513287329259,-0.74306827416865673
55.49030815779988,-1.2912419100353245,0.56706220379929706
56.692059920465901,-0.80463731351278844,0.74876003361601173
56.310901260358357,1.2581763663629923,0.85817683552112256
55.264634607028455,1.2663369192855152,-0.55891400000232128
56.322716726487357,-1.3150349996552237,-0.38111512976421386
56.896478036143293,-0.83908081968143,1.2714997245349819
56.697059534485206,-1.2926387029740065,0.22663245887037695
55.974417287362151,0.093954329162382305,-1.3205368416680185
56.195521106156512,1.2766778292144987,1.2589928677911246
54.86304115531965,-1.2536224442001203,0.27558328941465249
55.07670245940038,1.3668900739513448,-0.96296089455109923
55.719761563597757,-1.458949283819307,-0.35998995812283613
55.361506500227904,0.2450623584619892,-1.2084821642122339
55.320363233100515,-1.1058579932523913,-0.58853621756946228
55.639130203385498,-1.0501846217689843,-0.70228270679868288
56.633570968132986,-0.56562377560185539,-1.159498391951985
55.192296114291821,0.14558301126787324,1.5426602685292992
55.924566055089556,0.99788542277376857,0.67096592037954284
55.717551597052228,-0.9249209904261535,-1.2756062495130758
55.998353400826105,0.74854436022894211,-0.98822255919081714
56.427279839358853,1.316893015247923,0.076061308450955503
55.376287931510689,0.66111796732607198,0.7750217383184691
54.858674659108146,1.4705999197584787,0.40322370911023836
56.598020348288344,-1.3930280689328005,-0.93939133465719538
55.756970591953127,1.7539684897460359,-0.48450365844677912
55.918977574293876,0.20252720615581024,-1.8140974251765729
55.228350406168808,-0.77584763181470862,-1.0625342333652508
56.719548674151014,-1.2023353693954211,-1.2494180138731754
55.857002306173605,0.51113998763086121,0.95549486765538449
54.843854272301492,-0.80431553827993996,-1.269696464080375
55.616255532474874,-0.18993946744307449,1.4502585003578876
55.289033923799515,0.20071023162146903,1.5209789557435029
56.369227561976309,1.2999724559519519,0.3713360446696618
55.451307308836391,-1.2000690340476099,-0.49285643839454885
55.391278279188953,0.59509576276315101,1.3172126743435537
56.757633922291305,1.3563759135833753,-0.71772898575394395
56.403082010393021,-0.86973476869772637,-1.0196201357358701
55.440504537081161,1.0979008893071907,1.3446463182414674
56.458537595808188,1.4174616721037983,-0.23172925657751825
56.10631188820377,-0.14255768258626259,-0.46287669860187886
56.583100723904664,-1.1799928342619694,1.112404564440836
55.228442062887865,-0.24311032424475004,1.407825397967873
56.509592050902548,0.91152329809706589,1.0376741268354488
54.991325415692629,-1.1531125152927868,0.38134482769713091
56.325424961538204,0.85886991863423667,1.3668263428210758
56.206865047663257,1.4902275894902479,-0.39973050509727553
54.955919427604506,0.63712540388503713,-1.4199593758166549
55.208003461413988,-0.18330557081564341,-1.3675625174717276
55.486089819237598,-0.80371122308179743,-1.4735191682854216
55.475265556109768,-1.3860731166654623,0.5742240095313822
55.374642730810564,1.2978919470784906,-0.56298315022557155
55.250141183353996,1.180810818341655,1.093442294080833
55.323548795352956,-0.059783424603808012,-1.4380005189567651
54.886223363568547,-1.1397115613171893,-0.82576763587658852
55.968804492347424,0.58380465975535734,-0.96196376578430143
55.107317372407827,-1.1392003565457651,-0.64607716142955596
56.53348423486549,-1.382015219965812,0.13513026635513628
56.072058359115012,-0.54625686792143135,-1.6266343931599594
56.126989160694599,1.0611982101038078,-0.87742524475417538
55.458074641777515,0.93148832338699228,-0.98417917232285845
55.422542663359771,-1.1552962859615499,-0.507912154019731
55.319581010465555,0.5398179013271478,-1.3937311418383445
55.261808723168762,0.10292110817422362,-1.2123749937173185
55.630492026389575,-1.0601944122248355,-0.49781220143127974
55.376662071024455,-0.01380978040408878,1.117679093915577
56.101512402273435,-0.18611171453953057,-1.4798649395794969
56.454310756792594,1.2967095007906149,-1.05618730164726
56.094154927134994,-1.1512684011366183,-1.1611158471234382
55.116288446793078,0.78332402808357793,-0.71345833287374838
55.972859446714828,-1.1413735467329293,-0.65042518753119638
56.531856920034357,0.87617328721310295,0.95927288106343889
56.737395512514659,-1.0451414574288367,-0.43925874367732182
55.013737634825425,0.85904677760919557,0.99264497680833486
55.318935623366123,-0.95088030665253886,-0.90820122007063186
55.813396009759472,1.1858396700976299,0.85243952418687075
56.647641657829247,0.67108314373011424,1.0999174539136165
55.086555884554997,-0.67998998717455905,0.95399971481581203
55.749364606767188,0.058345601850085138,1.4240102228022915
56.474826309807028,1.1842906308322581,0.61419465865597522
55.732894891826881,1.149235280047316,0.77522247819013923
55.028716139946809,-0.21762072993251433,1.3884602197657931
56.59495323551775,0.5416460654252675,-1.3316481243319835
55.39784436528381,-0.89664731670370257,0.2687531182490499
55.013427373744989,0.48954128521415724,1.2658855352431326
55.00388878777953,1.4527594841786942,-0.17411595630073881
55.087502049849483,-0.4653570270425364,1.8826475017158255
56.640870035040557,0.5403230770824029,1.1055203949245593
55.185318053596681,-1.1436756041695664,-0.86716795429660898
55.64912336607243,-0.79969237103830093,3.3620633646302758
56.695001548001343,-0.43342511001633771,-1.2266007111049693
55.82165768149396,1.3251218507270239,0.31940381474435836
55.345213870826313,-0.10453561968475841,-1.2757416440631415
54.866935007168358,-1.2477661259155857,0.71669595356081284
56.461284120973076,1.1079947714295304,-0.84989046868421858
54.878039939481994,1.5244287310179276,0.10207009187293797
55.04841395114768,-1.0141961778121338,-0.91297071166985833
56.132164652711019,1.4678897980461885,0.85841073029652615
55.216223965530702,-1.0042176515957446,0.56575403987358452
55.878668463822422,-0.71878219913981389,1.1299524119534166
56.615650422456142,1.0262663189637884,-1.0223974019432727
55.270536918487473,1.3465595234809133,-0.57516938329303879
55.493229774096136,-0.34558304443581428,1.370121313586953
56.426036610881184,1.0522451615653254,-0.87962710544466516
55.507517658705659,-1.1219614062755823,1.3093293503930397
54.953820001832057,-1.1976019763347954,0.058084695467580674
55.444395802539695,-1.4139954226260056,0.31087088484698583
54.803014767845127,1.2455189102766391,-1.0651265475686662
55.25780744363535,-0.45385270201838379,1.4681910220078598
55.779784788879219,-1.5198530897806573,-0.69666087635490148
56.1191811521076,-0.15637616976242369,1.551413665698341
55.747786576681577,0.92852003241191949,-0.66062327827400691
54.860115357487871,0.11766715009082698,1.1624253636271136
55.807943500239148,0.95082053597685268,1.0769866519170628
55.943636260412227,-1.3855788077598068,0.77421434741969641
55.811684890712137,-0.86424094009062336,-0.43132272654254222
55.271461922513318,0.96288553374518593,-1.0562513301764305
56.577707431380603,1.4752442928718823,-0.74863379087740167
56.158902197150212,0.44059662610190226,1.358292144420608
55.812179015388743,1.0646200589546326,0.54279132385996742
54.880165508525309,1.3679807281933367,-0.70181049288818831
55.733686432666609,0.9733546508893004,0.5407622828233738
55.988048223246416,-1.3592308188279656,0.71755400490202537
56.248273157194745,-1.1333374249807469,-0.78603687449967818
56.330741399202154,0.88897273133391641,1.1988816254833174
54.95463329737435,-1.3799454829540099,-0.095083738460229703
55.635246551336941,-0.64213384007926511,1.026349857837151
55.221214983973312,1.4695123044008183,-0.6180920593779653
56.57063466475487,-1.1670230691977497,-0.88845775140363104
56.76695054515271,-1.0650907541278738,-0.65881604002813787
55.633268780272502,-0.42135406192980251,-1.3399255644487158
55.878078796862404,-0.67741353850112562,1.3692767584587058
56.435970581177038,-1.128911855072593,-0.86269335073431563
56.162356623967284,0.28994195841642489,-1.3704901297888878
56.615667958041513,1.1644686972019496,-0.75533920485647066
55.169951881552336,-0.59684621415873895,1.2222717749091405
56.621265612125768,-1.3901923905026945,-0.60672881587429239
56.501724455122982,-0.89778521680688328,1.2994679350409095
55.237659137227517,0.21208524640215723,1.5256701491768023
55.365647114556914,0.1430125279623746,2.0599261167081706
56.638707586739862,-0.9822087987977457,-1.376904808295544
56.754204650515888,-1.2254360210038633,-0.45882007559995175
55.347159894129611,-1.259921399303948,0.14728138885305658
54.937896971969735,1.3873925486872383,0.48091787018854237
55.233835385741756,1.0492346340696599,0.35798882099751184
55.504347124362035,1.1237652500401962,0.54226608192271541
56.543389006959366,1.67121507450449,0.11629188676842978
56.477580497294319,-1.3607647819772433,0.34737762791264293
56.26438623137792,-1.5251266745372007,-0.34912328025241546
55.079348952094222,-1.4421991404211569,0.57361774771893626
56.300883390097113,-0.93904795854520584,1.002086147072875
56.150781851650095,-1.5901395227918829,0.2670585934142421
55.923135140207755,0.76173752748185841,-1.0829384120892018
55.079188140254182,1.3319406542658725,0.92505262017767109
56.450950526868915,1.4822569136681463,-0.33864226453857377
56.524914647470943,0.55562221418918945,1.2711899429588007
55.796766207253931,1.2885409023220169,0.37582723397501971
56.093093190163884,0.92617165119191214,-0.87558310736277789
55.42208175281165,-1.1475587961493245,-0.96823893011244355
55.850788758856893,0.72690397840794441,1.2660791680911887
55.263371296875796,-1.5358134412161606,0.49543326616641442
56.128469233704521,-1.1724780489126772,0.50997170024472838
55.262058770269768,1.1191140138276037,0.30826616710100407
56.726700670066514,-0.13020807813281352,1.4509924449349485
56.480523805246406,0.23911586382788594,1.6000572213790194
55.243048219091627,0.18271905265507096,1.2938303341986575
54.998637848231155,0.12258457565439877,-1.4502883609827086
56.170572641895248,0.86026809297602225,1.2918297555291745
55.771187676872188,-1.2743737131158892,0.78460937631506023
55.148800139125264,-0.1516532223401767,1.6016000907755414
56.685267608586997,-0.78139919028937133,1.0969985840584184
55.390517754204993,-1.0126713435383015,-0.56138831540641321
55.475505484867597,1.2727808133704186,1.2365575835278169
56.428630456200757,-1.2004647813629896,1.1273395878612054
55.030003231513703,-1.644516284567304,0.66469905139478558
56.556788068580424,0.52865471897814453,-1.5861817023708524
56.547602554577026,1.2138859655717766,0.80464825284505859
56.093434342818178,-0.93116313438052434,-0.95209444441223068
56.327849429455732,-1.2286864904340375,-0.33557522573820547
55.933098432920708,-1.0208704515498201,-0.8860088032303991
56.614515953287551,1.1128784477222378,-0.79623849301554384
56.019659599016641,-1.3040683488307132,-0.79150420219543149
56.488961431399531,0.33352462960229184,1.7262181097963787
55.371068474400857,-0.52156285889762344,-1.1911516978351322
56.835595638853093,-1.3634782463106914,0.1620889180036158
55.554548061771179,0.23276646696945683,1.8374758970750376
55.300156993816842,-0.55791273386927442,-0.99585029433883476
56.058355667108728,1.2424232858582762,-0.08141441256786433
56.456992718836929,-1.3236569413363644,0.82920260036047855
55.795773026268385,-0.91975748983773131,-1.3732490497704946
55.083575943776104,-1.141696065152016,-0.61805658572669842
56.327486424149328,0.095185595232708378,1.4672874437939134
56.00445765075122,-0.65669173714686313,1.0727080059089864
56.588527088691563,1.2792874194235959,0.92050811640398311
55.537427557006595,1.244366840867662,-0.020841965911424846
56.522207143649766,0.34683688712436667,-1.4124559880945498
55.807796339702833,0.49657446828717028,1.4665708811242202
56.125090494469163,1.4777389167287778,-0.10466019649350965
56.701959540123312,0.77796314141276091,-1.0516679273894591
55.897054081771302,0.77868897959270011,1.2449557284968789
55.76916563287913,1.3357389609605255,0.2700193704137826
56.599866858893655,-0.25562287446537929,-1.5471906831807243
55.393986174966095,0.79371518391686602,1.341929796233799
55.6039334734972,-0.33663146883428968,1.5787623866985743
55.657672642903407,-0.1796509625255015,-1.2325879994894411
56.145930956349744,1.1214214936778626,0.59042961278576533
55.717891644964105,0.84906395118758116,1.4614100023433307
54.886911646302607,-1.2963435361452442,0.4051029400885931
56.651481708802407,1.1571906451160172,-1.3262530839010958
56.537618055832553,1.5549501400917491,-0.20734749597743191
55.290619313491234,-1.5444081711641933,-0.43966238875987418
54.875870966237215,-0.78756550541026049,-1.3346501929140966
55.969777022438691,-0.098275831403873054,-1.3138936940470234
55.904898956322356,1.3061781323413428,0.020285908905510606
54.916149400827905,0.37838257113745399,-1.6185170218070029
55.137760522048509,-0.77268071007913197,-1.3517119470091286
56.063253785655164,1.1234839238798806,1.0390680250576612
56.067056459984613,1.0004275409082553,0.66680974765823431
56.622782174908593,-1.2050633720242854,0.68867138777420656
54.996727596923371,0.47437949097721821,-1.4431380399292864
55.282625895261241,0.86346620229049231,-0.99727640862631506
54.908115459408506,1.0089096012751948,1.4589190509908665
55.159414440370654,-1.4569507721793482,1.3560590952931664
55.702541044260521,0.039033950112953818,-1.2614863821951026
54.967650617946823,-0.96791411424042295,-1.1091075276697899
55.99909842327542,-0.76348451462619693,-1.2678892507936181
55.688191177182979,0.79317459326194995,-1.3839290619488076
55.915282143750616,-0.32496568061380332,1.4760826293962375
55.075035409030122,-1.1704348530770858,-0.80880174174747832
56.047256762518188,0.838015621193958,1.0660543514007741
56.780067100871676,-0.46306186802067201,1.2919796095630027
54.909046896246977,0.078066487965775325,-1.4297345546733926
55.944118284224324,1.553477060225734,-0.24445512704670261
54.910934573035078,0.67433467107793144,-1.4452891449907967
55.635593065720556,-0.63627689969196,-0.8162582973376642
56.09041266429481,-0.3276499440769769,1.3775008518449607
56.24112929474439,0.89315161080900984,0.84806252765014334
55.395146804065206,-1.2746382675694587,0.83797750631324142
55.879811584952044,0.94042755070656536,1.3845782255640111
56.424603609544732,0.23805588117789173,-1.4861214741601665
55.971004592599165,1.5043386431573182,-0.6697224785772441
56.600716874254196,-0.53817276365120048,-1.2774733746608216
55.627913556373407,-1.7457046243083465,0.3253641159854363
55.938988692658604,-0.072302653703445463,-1.3491921326852034
55.748647664919019,-1.4912703087233556,0.2725816396153628
55.678336080749951,1.1252320511156979,-1.0337000865349515
54.937566300936602,0.27313080829811393,-0.92613126020552294
55.320986048874971,0.68484583266891896,1.216464910634377
55.169187389722133,-1.4365678622471347,-0.093828068893063707
55.969005082581049,0.61928915956884667,1.2845574290823039
55.000685888889748,0.72243762728928285,1.382493099804428
56.118036958433834,-0.082015041297187605,-1.4536703199752208
56.597924902999296,1.3490171924954866,-0.21365212879838605
55.476939227944115,-1.5204362597306931,-0.69813067384268035
55.535307837603952,1.1204354368363523,0.68116244356386701
55.423598349702793,0.32736564929342971,-1.3307646291217083
56.570510725622583,0.35180161771278029,1.5313939086670112
55.094682203584533,1.726190272938805,0.20973796484043222
56.175073737756712,0.908948316321738,0.78223953254227296
55.404482216361394,-0.50347498253256218,-1.6240460906955205
56.260409333157405,0.59042612687010065,-1.4260205546622784
56.603012496668775,-1.2672326196938557,0.21664174414612755
56.607621625835456,0.32238183558302613,-1.4736293336649189
55.782475690568688,1.3388068186489899,0.12603886722097057
56.074470453723862,-0.16091404603672954,1.7905660857167447
56.204001451901284,1.3580697778338437,-1.0794299365068456
55.131597374212696,-0.72425617921717844,-1.2257302000324215
55.12410260201969,-0.56317523198192432,1.643613942365509
56.38257986498094,1.1437287948343993,-0.93322869555529708
56.545824913505768,-1.3276173306757491,-0.244322644878188
56.363763737713604,-0.60764011674326956,-1.1726391075617126
54.888194079855957,-1.2623253389921214,0.49876870695222114
56.563543384261983,0.54315890276607381,0.94462355187293179
54.859688183121648,0.079770443112687384,-1.0125242428038226
56.773428680697236,-0.38352334566346974,1.360785156721577
55.14595914675813,-1.5469957997562251,0.19712993242835741
56.085306904370128,-1.3137848714244877,-0.20889501795105223
55.184059559983211,1.2078619046237562,1.0992600318546741
56.349729020189329,0.37748400888258865,-1.2562279080658161
56.370857727522704,-0.45413892700660513,-1.2690518170823677
55.212303389595839,1.5190999324519814,0.88054131364796007
56.60555238364622,1.0677649687157593,-1.1569228665510272
55.100522627336176,-0.54880556574500039,2.1812365367324524
56.508308804766919,1.4845393712621915,0.24018254226055211
55.103813758511379,0.19217522563399184,1.2169520406336647
56.597007492891542,1.2138982098449251,-0.065164188635672415
56.29973791860747,-0.41781913504534401,-1.5136908849589201
55.82810953617237,1.0216240786328388,0.74787434403808895
55.138265178341925,-1.3145982192765255,0.80171652831190554
55.262624982214405,-1.2699399681098982,-0.17254020698707284
55.953527130663282,-1.3280271674350372,-0.029169256052770837
55.096128343768306,-1.5452748936058796,1.1355510856308293
56.221097007160466,-1.4996732469845668,0.79802157978678889
56.716935187688733,-1.3688233836755941,0.15173697415844581
56.581769999097162,0.35145999264405142,0.87044339648971081
55.858994986814352,0.52167413576796096,-1.2877775576998727
55.443966476608011,0.97726983648403798,0.77314819761671671
55.140260412794255,-0.72465325492528476,-1.2269223171786852
56.737349741217052,-1.0092738257116944,1.0861411326385926
56.545270375942003,0.85554869684387769,-1.3319145570587747
56.760168960639525,0.40843674824506826,1.4495068013309844
56.707970904123066,0.3334303385975515,-1.3594304901471379
56.587311603825313,-1.13419743679619,0.48701176017420622
56.055908904326046,-0.30351166157707682,-1.3026831901143254
55.745176039364615,1.5326858260602203,-0.033781499156596478
55.448830085860429,0.099542507617707082,-1.2643641615299173
54.941023776482524,1.1892803631523476,0.13538352382197233
56.829255040254679,0.97524323699370219,1.2364037300372079
56.60913209383169,0.18356627209281412,1.2407459055592323
55.477816788167999,-1.3927203577985572,0.58985047786927358
55.160512636208587,1.3157595708043126,-0.48368283181061611
54.959008124863942,-0.85347266436608316,-1.438594552121448
55.536671033294169,1.3203948566941954,-0.78854535353941546
55.916935487528711,0.12627126935240843,1.0423866288310903
55.860583994398716,0.47035406037069982,-1.4108482244016209
55.645101745189884,0.64082398365986237,-1.4162586751375392
55.275048427549763,1.2007661208107112,0.90408736367895037
56.319524524321452,-1.4530647065000697,-0.82088824688440742
56.358371898342654,-0.45556897374719724,-1.129970022434537
55.413624848233873,1.1886933795536059,0.65218460215995677
55.314225822080118,-1.4650806688991818,0.22833989754081171
56.535084822595422,-0.33362740889681436,-1.603567098718701
54.809399378104814,1.050662128882377,0.66458059051080987
55.914817151735093,-0.96462311906063147,-1.3095519804982576
55.85939376410883,-1.0972649737076197,0.38870284204324929
56.657742489258247,1.0058723862473589,0.70290193153800262
55.727895490049278,-0.21001914703026772,-1.4043381909259329
54.79484510756776,-1.0708461679979597,0.30147066279021661
55.248251076185262,-1.5237542702884868,0.36410665235853606
55.96537088709281,1.0178088602930886,-0.92462077673090304
55.704236867097286,-1.8518194700300441,0.086011695781555222
56.063131444288736,1.6353883499005195,-0.11879224452323825
55.645055726185305,-1.3448248806197864,-0.31425428852414961
56.220356161850674,-1.5834789288261153,-1.0151465661062051
55.544345685865586,-1.4994878642571654,0.40475910302708051
56.124726433050981,-0.577721117714451,-1.4005423169043831
55.776347329246292,1.0189281416233018,0.62030122332373472
55.5853721454856,0.12521326104407876,1.5117771170885022
55.892023261047001,-0.7757383208923444,1.3053444936626082
56.180362816868538,1.0139204831341599,-0.31659649495176684
56.53926673722696,-0.26287705273392137,1.1898723611231705
56.640715705975438,-0.034232307096113954,-1.5745881330434439
56.635352951226693,-0.58856237822615021,1.3817976078483687
54.875800218913355,1.2363891278470325,0.98481195011349343
55.642519710574874,0.98551173380263624,-1.0616794613341192
55.0987029864839,-0.89547191685476291,-0.75403151870647256
56.284368321623951,1.3664717858263582,-0.71760252050735684
55.01413772683118,1.2793038461094237,0.76985731876713204
56.223530572487206,-0.1803477011943527,1.3141845836886354
56.659206312382707,-0.70298897963662188,-1.3459192871207797
55.385749669237406,-1.191016436857254,-0.80637868275329805
55.456229784112821,-1.3294474856690179,0.21489026147391302
55.348159780782247,-1.3365335806084124,-0.21410782532643879
55.038271328958146,-0.37258163608951139,-1.4058763943504577
54.999829909099219,-0.10086332045933769,-1.4020414031892123
56.807316915816585,-1.5882385448681819,0.89305975393054304
55.022510008528336,1.356307978750207,-0.2821141948215305
55.986751187723527,1.079424034193464,1.4696746903273088
55.878502528129694,-1.4662645965691519,-0.13958456104675696
55.066902898835032,1.1450170838228357,0.76622093972231131
55.32314782848119,0.47401661455684024,-1.3961848879039855
54.89777503030691,-1.4403794226694382,0.35944145692571328
55.403193024544784,1.3617121077371681,0.8121262877111225
56.889898682214714,-0.68680120415226653,1.1697359232167015
56.852424244794932,0.8407432854874819,-1.0125842957554114
56.361281821416689,-0.89215490270405629,-0.79522640701824188
55.735822009890178,1.6437108037414025,0.024315652222160537
55.120545692817231,0.23448938627778615,-2.0463241113722863
55.589210862517774,-1.3832409659756755,0.27671278917147779
55.174873950467891,0.42677398169004993,1.7753186752189001
56.235210877859643,0.082154772696659023,1.4409812003772917
55.085594596754241,-0.59255592461106932,-0.84878680763821468
56.071917741367606,0.10313349121372258,-1.4465852696322106
54.99578018113364,0.74550334765478354,-0.55158902889944861
55.292199887729801,1.3815152338239911,-0.4304052638919279
55.842895025639798,-0.68114227306058051,-1.3542048147802528
56.177215614548459,-0.26949909424827678,1.4031761053094349
55.160670278941915,-1.4677070204949687,-0.13292647836568708
56.006409274115711,-1.0273218957624424,-0.74029101655107576
56.069849702831348,-1.1894559876035848,1.0076973139952559
56.474922769784321,1.2606275507740485,-0.68494022636496266
56.783941416135619,-1.0972726696474386,-0.97363240169745857
55.349562141351448,1.5782617831531591,0.78711916291858663
56.161988529555309,0.96469365611151758,0.96995480483578012
55.232196210811473,-1.4269528804849569,0.089639197324820549
56.529943875484904,-0.94156781641019105,1.0494378237810436
55.245768372248897,0.67010142858088595,-1.4252406757945917
55.428816657214647,1.4005138454920152,-0.27862755600637684
56.689708956272653,-1.3360261188546927,-0.28975835293077357
54.838159709932171,-0.61624386851184232,-1.0230947349781312
56.602051383230823,1.3392466619419214,0.43945429668551789
55.71375478869173,0.0058615603250030141,1.8782810255931242
55.893677894480994,1.1555993208868947,-0.49030407067731474
54.961270717966293,1.2566893076071868,0.33011707558346626
54.903042526864681,1.0087687392260374,-1.0062807606306732
55.836682702100354,-1.4243948431999687,-0.50479649721076048
55.427750493396459,1.2107013100438564,0.88773197317896713
56.407229565188672,0.36838467319879964,1.3759430185846593
54.979125050050591,-1.5730604004172219,0.56733572735823656
56.734032796082644,1.2294381781462826,-0.97723031732502164
55.030679976451374,0.74639419601342316,-1.1472157194219479
56.535879089712132,0.53074724420029951,-1.4712768180143776
56.407366001361865,-0.51457812957575699,-1.0284367799439595
55.92042220160139,-0.60367154229183706,1.2500564156551395
55.828338171421102,-1.4258382433855341,0.23525370595199285
54.904085487191765,-0.72854738953624365,-1.4999115945827111
54.828347627599513,1.3376810076537498,0.69935008190856907
55.755803528974468,-0.96850749246921641,0.94032703595667877
56.895284265663953,0.38181027329817729,0.85155726884155714
54.949131075935398,1.4739329253808611,0.30318136398928047
56.086449952223354,1.310757246854265,-0.20436193677979836
55.322626880403149,-1.1509826845236588,-1.094413247957301
56.051385582199458,-0.99541848880933914,0.6372254918101965
55.514930259602039,1.3063427694274747,-1.0850537544587833
55.144708769839632,1.060233949974972,0.44625528947590026
55.712999934601079,-0.71387723660116797,-1.312196005206123
56.567603357298047,0.75116656868928322,-0.87956861069463743
56.483239277875107,-0.87429117621642394,-0.80515820751123224
55.969511480548476,-0.72568939984817116,-1.1999156335633288
55.823279657674718,-1.4132758278196789,-0.33628343505868113
55.319687498315147,0.31791023971666499,0.12317159965446826
56.352400536139783,1.1896995811888396,-0.7843499923019418
54.906847120874886,-1.0403243227720436,-1.2040543316413423
55.439595679824798,-1.1205211239838468,-0.61150916878590222
55.819436209654995,0.34811966687340051,1.3092295938290779
56.750403185266613,-1.3045899164573356,-0.28769732780259499
56.363061058886132,-1.3225984154704509,-0.4650279569261665
56.722444971409409,-1.3179708545750999,-0.072953538109985061
55.936892323215339,-1.9040297130867736,-0.52115949837350739
56.54602095833922,-1.4277922206156355,0.26080968416392686
56.44458700880466,-0.2259882228547988,1.4930246336008235
55.248974969250519,-0.40533757456906239,-1.5030531751618648
56.432621654230452,-1.1696801250911619,-0.87078678939095766
55.560140974849368,1.4052337846041634,-0.0023712686162881778
56.066062798213252,0.20309905522185429,1.3713522544903864
55.900533712086741,-1.0682039689631018,-0.40129533078290602
54.953620586065121,1.0965654690953246,1.1534027564213716
54.963369538895719,0.69881424739167342,1.5149129003476711
56.707359449296042,0.49345496193710336,-1.1762590292876234
56.486736615201679,1.2350339813377689,0.3136771243672235
56.39005375881716,-0.58813515721094922,-1.4616672248054721
55.066344422684089,-0.19036007721718029,1.5177953787064635
55.994857337731652,-0.60804213297440002,1.2715520693162694
55.829372739250118,1.6069521969419349,0.29951127949828821
55.1881870865816,-0.81364624909922345,0.52541362128266389
56.07499370394131,0.4763370696547416,-1.3841124036362569
56.227570381693326,0.67425060435656758,1.4144075684954234
55.758595898037498,-0.62490269825091072,-1.1935880532967318
56.483221681250328,0.49331447077524232,1.4410983712950707
55.44921762031715,1.158208844225298,1.55401665241313
56.758393752700542,-1.549744511820186,0.28350424120425477
55.984773006209863,1.3469809827102572,0.40052347360900653
55.005224338053537,-0.11368789033772238,-1.366435065582593
54.944308166201395,1.2601497040531267,0.35174360585621595
55.863866372589634,1.0195490365964106,-1.0052855022930003
56.158258974503568,-0.45732617720983337,1.2142903709163786
55.674536468328277,-0.83482883923282269,-1.3505209203551136
56.250959849556601,-1.1317670390976933,0.7993933917074546
55.903026288111519,-0.95528546423527427,0.91933705795084364
56.251622995301823,0.53972200788318636,0.98805451800587785
56.669160180904179,-1.1328692125915114,-0.35608837516836633
56.64569664310887,0.91207564005246566,-1.1613249300016739
56.256494078806078,1.4147170058905911,-0.03568065145944118
55.808237498720295,-1.1562433885232446,-0.66033824194384139
56.667162051859997,0.82116005442537077,0.62307221519170541
55.515853420687968,-0.13442566868843081,1.4300614783576797
56.168339532846886,-0.67115262959374145,-1.5491331585347334
56.26580484991328,0.050590634840968249,-1.3718815953329633
55.831553152225823,0.49916873054838806,1.4314617577096169
56.292398464020152,-1.1027487934607443,-0.3416370454324511
56.107207290811353,-1.3427045740773402,0.69602843433476858
55.541551890614102,-0.54466346437097335,1.2849085192604213
55.301455135066213,-1.3952321889954116,0.54988405294977538
56.113313072897284,0.16115667777339313,1.2955943626775022
55.507621150802024,-1.3758763999911836,-0.31436930585256634
56.52638592745371,0.27889059419573481,-1.4352449970869476
54.961623355520864,1.323711753702959,-0.3769012801947581
56.330793055969828,-1.4135833553571244,-0.073823717205566658
54.991170988196032,-0.69030289610261186,-1.2348378143557772
54.945122952340448,-0.19169856086710219,1.5399645866924923
55.547934057147671,-0.37970978981479175,-0.90497647145753335
55.297393721995135,1.0901566663923636,0.40329246059066054
56.219935246010515,1.7010320483300203,0.21673675626716893
54.789501251912867,0.0018706062270055397,-1.5125816524345634
55.347407236899429,0.50309100341540136,-1.3750731846090267
56.191158669963485,0.39485682156933372,-1.3951996293632429
56.721919165144051,-0.011988985580849827,1.3056190101914777
56.661281518735912,0.54600159453233321,1.3634959941223976
56.527299352897479,0.50865510992324947,1.2193563493173392
56.062109400343402,-1.5330143892013393,-0.15048148195324529
55.634972601750768,0.33988754476290151,-1.564211322493352
55.971737200890111,1.570263260247077,-0.15906242577254617
55.92947809993796,1.7752201101317389,-0.46504103843242789
55.960918566631861,-0.11929532422305132,1.7360428414359534
55.606903049256339,-0.32354614859745406,-1.3279217945819954
54.831848401203601,-1.669456458625671,0.36418752929820492
56.363288204401599,-1.4530152909997101,-0.42522006700134646
55.380487025759777,1.2836849091861493,0.59136471799404422
54.896144110455111,0.45113330305838306,-0.91275966526560615
56.045719836039446,0.11268634143506885,-1.3285170227368956
56.828803781816227,1.2857194449430045,0.98000477184581214
56.137794564562114,1.5001746148628734,0.09931251232200633
56.551859242794492,-0.82677404923692299,-1.3708082928035747
56.050751509278228,1.3289356328753568,0.23407975782874976
55.826339760532235,-0.024651316842342123,-1.1940766806166465
56.549249493145254,-1.4395107300447307,-0.21715068007176092
54.952542417820702,1.1186992256592418,-0.73963657762307455
56.65239149033733,-1.205784868375827,-0.74272823572703472
56.288164189379692,-0.72340837823915261,-1.0634599888682279
56.309932440301871,1.4757624613269953,-0.39067312792724568
56.266703801184377,0.28022729090035386,-1.3423809065360388
56.445145500917974,-0.40774782987018798,1.6355179496829719
56.824011121908768,0.24402059904638365,-1.2291425705700247
54.942358849421566,-0.22436411299920153,0.98236884848937334
56.354724069689475,-0.8577119908674149,0.98853054093601178
55.842430806239136,-0.36334056507402807,1.545519167373647
56.67269168229393,0.92142707614860286,0.73559276245252747
55.980099076979101,-0.21423784439269589,0.86332476279590042
56.123142692946175,-1.2023125417771432,-0.66399627386419169
55.446519179943202,0.97832885933771052,1.1428428694639996
56.656710050904188,-1.1680023436925877,-0.94151489198039084
56.274852843549354,-0.47784086824439764,1.53110890701742
55.81084100645586,0.94392031165239321,1.116253948073612
56.421579173189791,-0.93117349045171716,1.2333790314156667
56.332030754853577,-0.99897344933306187,-0.88176152862572399
55.630974112574769,0.35813386831780974,-1.4053774716498333
55.287788560573873,0.84099200162136556,-1.0451428666337774
56.131746598399396,-1.1307160523773492,-0.3103253395481998
55.270225914908529,0.35745109950233811,1.4204230570318914
56.536499456422867,-1.428156377168845,0.063065319734598002
55.194227036715198,-0.80651281923979212,1.6213344264289788
56.627248980593279,-1.3694805280022004,-0.52010021668054407
56.496853172142046,-1.3334782110582557,-0.048825743207666847
56.252382518467662,-0.48911065305489215,1.2085105212723917
55.992631943918866,1.4726748917535628,0.16500488056415419
56.781091587023006,-0.25453180968886752,1.0131582097753287
55.096119652184306,-0.5780864496255913,-1.5278634329815532
56.83822315196317,-0.53732197875370868,1.3440443194901912
56.163618563766398,-1.1837228136558728,0.98032711281035478
56.698000579625031,-0.98141308531339022,-1.0968735355800532
55.690030181745705,0.42479379518270183,1.3303450954652234
55.749039353975924,-1.5243162654018936,0.44023193670658178
54.697172361956952,1.2705512070168088,-0.73706794236967066
55.403362381466486,-1.2612353894423978,1.1314628363969428
55.516082016520457,-0.42728259211905711,1.3014069670390243
55.896953559583608,-1.4786229812892935,0.091460987279189013
56.394356712660617,-0.78944325072217647,-1.3243879701742132
56.181933414914454,1.0734361825130341,-0.7796656755007364
55.400279597218464,-0.44199220225447217,-1.3895472181635082
56.271707117012006,-0.99501050337771679,-1.156453117247795
56.086025837913354,0.67205573447893197,1.2757096712996876
55.205420732726978,1.3983395080749259,0.71320109541876731
55.651688123770178,-0.23974701292920034,1.4749743930152304
56.145215618594115,0.73004368486339399,-1.2072623135085672
55.170616899100743,1.0334624973823416,-0.66488099304601112
56.641388269966583,-0.38425079134727519,1.2697099601866757
54.821058531090834,0.064280738713898847,1.4339456840661904
56.421395893344801,0.16418387592175046,1.1474691482021198
56.578746781682433,0.25273116571508081,1.1148468094810506
55.379130067885136,1.3710374891608172,-0.99887611971465939
56.050140675814625,-0.091511966372503084,1.8665863635546212
56.584463690063892,-0.88273027947377569,-0.85293499556864716
55.090751785404848,0.89487709546092264,0.97946635365049961
55.297140124279572,1.0805759425941017,-0.22953601526162007
56.178510069348867,-1.0343573812635625,0.81195523923582991
56.357296937610087,-0.091402109478188276,1.5252357903517728
55.350674112016492,0.82400418259820118,-1.1696336775718503
55.570869227875583,-1.4192515744431677,-0.55169270249421198
55.359169504138904,-0.59090669559308873,-1.2486464407982649
56.223178752462154,0.76401670945854849,-0.78204423460054739
55.325347204980666,1.1275901772273118,-0.094976816153800867
56.190675368719923,-0.054813251922774101,-1.4451203832300057
54.938656190558198,0.20877156802124089,-0.83421472924660789
55.613990224601373,-0.90232270268679127,-1.2002563779662132
56.697796403330614,0.76033234287183016,-1.5875630945338741
56.711174286460754,1.319230473504277,0.63564040944992883
54.953708814555853,-0.738505337782978,-1.4010066199946773
56.102654232968781,-1.0878223072172319,0.61378365270227209
55.270860297203427,-0.90442632529459077,-0.91663751329725385
55.629658674896653,0.077106557078087584,1.4192678446033347
55.704068204038698,1.2843263472503097,-0.76196989799047021
56.66537753861212,-0.41629817126158719,-1.475472046118619
56.032403377062487,1.3793587616365965,-0.7323717220039343
56.426818952727082,-1.3747930506796711,-0.50638644475271843
56.566728728050215,-0.42468867657781489,-1.2710295857803566
56.4883555224284,-0.29189709422811971,1.684502389695429
55.703151306653652,-0.68507010344111885,-1.0029941553723456
55.409268312765526,1.3907652292455492,0.14018174328949204
55.259040883016596,0.45171370099153513,-1.184214382139807
55.2573991915595,1.4195744268867996,-0.85661813052185254
54.858856541179073,-1.4472262684486075,-0.78564964042688601
55.184038832385966,0.97397546016997405,-0.41953878628038965
55.843516924644234,-0.2032824377538385,-1.2924258520792278
56.525809384414714,-0.12259522929368816,1.5243635996156641
54.972428070592855,0.8014361846593332,1.2582834973353616
55.446991698546803,1.3478897690063731,0.61517754904276523
55.414719980910441,1.1963044146202171,0.18675713022928048
55.716528176062965,-0.86269594001305294,-0.91772235289866133
56.193597319351682,1.613937515713715,0.23424482703061902
56.789274214626055,-1.0640095621628716,-0.31048742335269108
55.359096028450182,-1.0547049538355373,0.43863199758103161
55.514943374643657,-1.3548018249818015,-0.72813331235266199
55.432993007752756,0.96918623333096954,-1.0205332678021182
55.981196959885757,1.5656806807946553,0.33613904913769982
55.730658559711564,-1.3613333247070234,0.77959634115119036
56.14996927234715,0.76694126629580717,0.90140274789265196
55.964051022513232,-0.39579237890218266,-1.0484498186531825
54.855873281957265,-1.6233079764858587,0.15548546068301225
55.577534201445147,1.2112207361077336,-0.1765285686678314
55.44580205512392,-0.45818644718601298,-1.4524964376056757
55.879205411994782,1.3636028369957056,0.16176717257393206
56.391101528587399,0.1296096173455743,-1.4669889614352649
55.317105010580789,-1.0020658398315367,-0.94550130789933118
55.869483450563806,-0.93334208696940668,0.78654331137439948
55.390679292227219,-1.4330519528564312,-0.92328455039255641
55.400735897850417,0.35774352027378636,1.4917481382525484
55.717420007472356,0.78160576627174982,0.52601225710913979
55.984587831206788,0.65705656572214355,-1.6683984170815167
56.513602698194063,-0.3229758285342717,1.2260373503881989
56.037362054795302,0.093408431768528422,1.2584252841813475
55.072935120776684,-1.2348425396972302,-0.44817252206873048
56.538120570997918,0.93907397750038923,1.0120459295876814
55.245146902517334,-1.2942199977391753,1.087488905633295
56.118788362864571,1.4645061986496541,-0.52052017408014839
56.048678974997856,-0.84111141405753087,-0.62212467374211755
55.982958729005652,0.18088720263666511,1.4693690596504392
55.145688103119404,0.74765916592360337,-1.0960705039710426
56.659384872423743,1.42064873610718,-0.045789719967701398
56.698838049471675,1.422981466158864,-0.504137495795969
56.25528285493268,1.0077869177159924,-1.2385998988616909
55.702366506543449,-1.5482565218570705,1.8166609217898504
55.79998274705018,-1.3330047734519175,-0.10396148265767116
56.082505498280753,0.70782195778009616,-0.93195338740985589
56.039762504897404,-1.3808054085528263,-0.19774847839102097
54.977115442743013,1.3360849888185569,-1.3649540551767336
55.481125059640114,1.1547707602849311,-0.97923198921799159
55.354465064009069,-0.89327041280054453,-1.5144343470871842
56.38131724820839,-1.0983395825500248,-0.91845218307103027
56.475261763314563,-1.3263650594652929,-0.72887149915423366
55.778235410955787,1.5595983189209845,-0.2923202758413499
55.88289438182607,-0.17229320742029372,-1.6153825380265476
55.64742919341446,-2.8634949206801763,0.7713713172637936
55.102365880333998,-1.3452700513611724,0.48542159377295574
56.157351236253859,-0.415999317322926,-1.587951145446576
56.779035805574438,-0.92684098592922637,-0.69020733582706495
56.221395846677424,0.71516819783000496,1.3851647817018116
55.403427920472417,-0.6841846181242025,1.2845761440411512
56.640606538852509,-0.89019263673532789,1.2556196832171664
55.77421607209569,0.081713384167740835,1.2906603883169854
55.128439452922237,-0.64076958746282298,-0.43711944851947299
55.371734798252831,0.71336972695392298,1.2011425713322743
55.085666972349649,0.75450350310604242,1.2664185908227039
56.016890064751941,0.13791131202611798,-1.646192026348601
55.840131063884115,-0.1472928968070859,-1.2289692209120684
56.099639617490297,-0.91022492420501333,1.1181268236377118
56.4210350925635,-1.223743075468485,-0.684509125563738
55.659687699158383,1.3136812693702951,-0.56655778248148769
55.93330863073475,-0.66268125066265959,-1.1491639806443608
55.681783471596383,1.1851702874478673,-0.56723147689793829
55.296745035024173,1.5174682503710526,-0.45621823898540492
56.397769907452172,1.3898792077041773,8.6312114259217914e-05
55.543550418109881,0.24491171247514984,-1.6758101482840355
56.348253738876295,-0.95912957353030193,-1.2239304022341762
55.348316844356042,1.3899166990629086,0.29359791318320561
55.091653025711977,1.4366142256535979,-0.069124992106338587
55.902721534470032,1.3929537194297723,0.48787748289490901
54.99188059268517,-1.0413856848665768,-0.50001682407597947
55.826891563542141,-0.27035452733579529,1.3279865848327685
55.600215548514953,-1.6255808679500865,-0.52171521001788379
55.777745724572448,0.84348313560097443,-1.1712110305813581
55.541239698368237,-1.1942457305912528,-0.76625132483157354
56.624236870786447,1.3806846338837646,0.56702485086472043
55.164009848096136,0.73824417997689229,0.83342667398456405
55.575606651347407,-0.90287771577014675,1.1847800601692933
56.299852050733847,1.332328901705139,0.82973561478983726
56.708937711007145,-0.26323117199125906,-1.2274325712314322
56.123084339440403,0.84257126173379604,1.1217828281200315
56.308917052272868,0.21490871775692208,-1.4577577537931927
55.425264597995387,1.464565915427845,-0.38006995704580454
56.472437439657256,0.93966118202815874,-0.48989314568225112
56.368927471291393,-1.7784022371129034,0.075268427155618781
56.389229922268719,-0.59437549971342163,-1.2323187194021998
55.757576829926627,-1.3640457772004033,-0.71212472328766929
56.401875446076104,1.5237090055665874,0.38676867650647362
55.854064821283508,-0.24194201998630183,3.0310430192020115
55.625853324643394,1.0639662571778954,1.1470650679156473
55.235861238993913,1.1818623614636852,0.96477990350132625
55.70224914625328,-0.26495880546889322,-1.2808415971844425
55.816611552356413,-1.2173665606718227,-0.32644499759861878
55.015352142670586,-0.18343353972856508,1.6437093484153598
55.269680041254013,1.7206019337754865,0.21524566801433948
55.172309767816181,-1.2667917256217165,0.41548606648920139
55.44779416320339,0.10251523755535483,-1.5923212317990163
56.483072474070369,-1.475940187037621,-0.2239482757975236
55.608183611175384,-0.28544873337875099,-1.3024378021114655
55.294643817163823,-1.3976410036397631,-0.96979142354486048
55.967348237996298,0.10890140765060023,1.4740215500115945
56.58269737205103,-1.4757578278420478,0.21537336457504369
56.667782216974928,-0.69893649247903555,0.89026459916898704
56.379188586472779,-0.41230925909863692,1.4087845565531545
55.011103800973295,0.25076352479113823,1.7683264134159207
55.460808511424673,-1.4203010119329678,-0.25743764079602494
55.382977361981133,0.52542776776941735,1.3754648907396787
54.892301730005236,-0.61310822633429107,-1.0200778692075951
56.344821736919478,-0.9825241810793921,-1.1654718926467487
54.96393441879939,0.9968931797037901,-1.3867578364803028
55.549528387958901,1.2415895882199235,0.047118094876158381
55.695205620407371,-0.34528519291583182,1.3648985792878439
55.942185734065674,0.21773709472895342,-1.6082322624840486
54.783952727199946,-0.68239270054985601,-1.4706285478151191
55.325679171973889,0.8889707062642962,0.4675693239793981
55.92725422279468,-1.3936386937805123,-0.48952649413445054
54.992133798840108,-1.2320096112807191,-0.10170536462973305
56.676174830147119,1.4509352438957099,0.54371143132813482
55.838038618678766,1.1785304827519232,-0.98209434231053494
55.696844396055788,-1.1211329312380705,0.11073012796225587
55.016488346907046,0.94748133035503579,1.217528993175365
55.369264159792465,-0.29100526724165171,1.1720596628978532
56.692176334358095,1.1535476915779936,-0.30319755525290754
