55.448352332807069	-1.7436695906482709	-0.35972803023126687
55.533480725751232	1.5204000237220106	1.0864549740779952
56.064921255402972	1.0918493407923213	-1.5739409697724847
56.968179044491244	-0.33984157033890888	-2.400897082770495
55.31917420003316	2.182341598767199	0.34960520645015969
56.989090486265994	-1.0172430619418984	1.546869928874447
56.939022441494664	-1.5477826603593381	-0.66850939479399096
56.545039531937583	0.1049023285877546	0.024870664088866193
57.145215711222122	0.87697490268135692	1.909530105315683
57.322866536382513	-0.094715943523782223	-1.8538363483357223
55.84057662132264	-1.2121560014460835	-1.0610929070667876
55.430765948331086	-0.72903255957181357	-1.5248676149659499
56.42963183619954	0.62033392591399616	-1.5790901244948334
55.778697443834687	0.3176042672356113	-1.9184822683598945
56.149437529360846	1.2598475155540987	-1.3202245896620008
56.009587570754974	0.91754964713989084	-2.0871062288858582
55.574781232754546	-0.54910341291808906	1.8493692334871299
55.501137584106438	-0.33402484163702834	-1.7749142959499231
55.562664213993941	-1.3148824822804626	-0.29073041585666015
55.423888385234669	1.9527146499939452	0.38407102120610437
55.843555324761368	-1.6931201511048495	1.0595966090623421
56.985219574297737	0.8592054128913279	1.9201743279260171
56.426773817516128	-0.017164053864693524	1.9933046483387744
55.471395996936316	-1.0667582280442174	1.1048703339451087
57.100319725478137	1.6985087006099606	0.50173451152113957
56.311825112283714	1.0893570706724789	1.4014163516963172
57.030074039478535	0.10567729583565073	-1.2857822922462465
55.744950867571426	1.4837530380512753	-0.75477775632941224
57.271362157556844	-0.59228309517619093	1.990437661786493
56.747327922751346	-1.8636787083101378	0.55204976139390471
57.09844289576963	1.5741117603985981	-0.94668602532768231
55.856548272103751	-1.6880385138105485	-0.87242060379686415
57.025297590696042	-1.7132504221066984	-0.78611158611897769
57.192865627064855	-1.69079134296407	0.82819146500772611
57.017042538292635	1.3523776434480606	0.78026841295007587
57.038379090024137	-1.33415705848809	-1.2576658965660013
55.745306489837169	-1.3162341495301693	1.2847388422953157
55.404068010451397	-0.37027371987199015	-1.1948066362782399
55.837952815998712	-1.8525516227699623	0.39399889564788293
56.440245338592668	-0.84996915729579381	1.8893554997754201
56.221732218685808	1.4547113422791871	-0.28779066303274548
55.943071764545103	0.13968492218473297	-1.5070128502026028
55.800749390289653	0.70390956661862847	2.1879963104856328
56.139823276106362	0.24704703420391949	-1.6105169912916277
56.000987350773222	-0.38206768857573675	-1.7496418397114073
55.745068590395313	0.061094585770165778	1.2991328103780766
55.875333928853678	-1.2255401863705462	0.17902883540938103
56.569720009100799	0.72826720647262322	-1.0122525848226269
55.853902888927742	2.0283170782423694	0.012005000852899017
56.649699415316768	-1.8288129016933921	0.6201591528198751
56.421419475393613	0.056781148798499159	1.7447090414762336
56.31093081293379	-1.8651227678554367	-0.97452648249186602
55.836225835170453	-1.392996877008243	1.4274044753504924
55.396544545712764	1.9425265572020134	0.051373383638384208
56.011898044813528	-0.83991063552271539	1.4976781970889754
55.505445153832497	-1.4793899187967761	-1.3514258462560609
56.212061296329288	1.8766046381074624	-0.63800411258030099
55.41780242956807	-1.0806247767477315	1.4743722571181348
57.08791490906156	1.9061012047838468	-0.99677569627064666
55.418966844523467	1.6307583436414064	-0.46328901234127629
55.585315530040113	2.1658491646362035	-0.70964180775668806
55.679398146306021	-0.59744251202140519	-1.5833126234491204
55.815774447809474	2.1234754174879895	0.21834730902141541
55.584506477501535	0.56454517651841041	-1.6710221299538475
57.066035263267132	-1.1894223765570748	1.14513194012053
57.024046904640002	-1.3917067312953639	-1.2927411007961966
56.669095410723962	1.3293843926325419	2.5587259242670308
55.821800271888783	-0.75990591154625431	-1.2638310228965641
57.138018663100283	0.24907015999936966	1.7284376612308627
56.518538881097214	-0.48053097353734886	1.8702231738289625
55.60368230905766	-1.1458903042366064	0.73045678167397687
55.883951293023934	1.1258542580207123	1.1769586554406937
55.482598625909802	-2.03642200324219	-0.011915026715847227
55.793391682563453	-1.4841584362657783	-0.58318997562835251
56.563747461166308	1.2478412995858461	-0.80898041138362287
57.1078007866654	-1.8574254978476945	0.190674622563518
56.815694910396296	1.8769481673073489	0.64796167572191221
56.815751767611346	-0.69100712618655602	1.7152512920373197
56.799662595520033	1.6441460888100377	0.04620732297044601
55.475090200459078	1.324340373151879	-1.1846454953603027
56.075089712212382	-1.8513599111248598	0.10755154703325427
57.018135498021699	1.419142166437338	0.21983401969529182
56.574173041742206	-1.6403770504231836	-0.40251848713476918
56.02641948849999	0.54837381591667211	-1.4080180137565519
56.500251563647417	0.37925188289018241	-1.5324947483137548
56.849883217505706	-0.4478244333812067	1.709041888618364
56.547915373265852	0.5562487661519081	1.864937663544737
56.46634051117411	1.7386596063444859	0.77956185347286255
57.013744529618187	-0.68361559330276811	1.2619022300106706
56.181778820441423	0.46861773256948119	2.0424362150120752
57.185922846224393	-1.0669831102782747	1.4968645106143055
57.072025671156545	-1.4691576536702002	1.5538115306505786
56.847347337383361	1.0238193013325425	1.4818054037531845
55.928971500187899	1.582497308277961	-1.0902507528989367
56.39208062209989	0.43632337953606681	-1.7824691642268142
56.187405631857345	-1.1383797809179179	-1.5814261852450497
55.406962187136315	-1.5994370182928943	-0.33992702920068057
56.939194366652565	-1.8557816596532768	-0.98592578407919129
55.625685668986826	1.6246076107177114	-0.80966293871887174
56.194796390896549	-1.6354593757727931	-0.27431301301307048
56.994901804060483	-0.12162855056607641	-1.7595594106062644
57.051188134486701	0.86538049583980414	1.3847669712926693
55.873751291103687	1.1969037957045707	-1.0417779550461368
57.123482610924761	-1.1695426482215203	-1.1154001283833952
56.294070641256944	0.15153278117750582	-2.3667798144881012
56.571649237824779	-1.7671310690839857	0.2328367221930277
55.749844575611633	1.4938484103167629	0.35384392747303961
55.766498254035142	1.604128867999298	-0.9073770087326668
55.29799953910701	1.6540379723582299	-0.36509351772905335
55.523898423806301	1.7055453550004744	-0.30256711108055651
55.535958378682238	-1.7885098267856903	-0.031440369414120532
56.026858487903546	-3.0117578246463466	0.13548155691896843
55.592269599225936	-0.9607625195756534	-0.67166717366026563
56.544021493174498	-0.42851260849277539	1.28475442287069
55.962549690224563	0.85403591132865919	-1.449848955397852
55.449204574105416	-0.89131330014635557	-1.0638875641432213
56.283959569340695	1.5560589194141683	-0.42875321557166812
57.113304764645335	-1.8285718239897126	0.81417469425478206
55.729351342013295	1.5182716246549457	0.77126281885934445
55.879797040816214	-1.2707176738940751	-0.90930917029030756
56.648835331341367	-0.78629118364151984	-1.9121438754673197
56.532410417272743	-0.73990078747381083	1.091907348716024
57.118619847557767	0.80188871309018517	1.4676834108933472
56.836364975314389	-1.5073516660017956	1.1098559073185157
56.02252002587754	1.0310979683327874	-1.8709985681465782
55.494313512238733	-0.90960152312335463	1.119866740307512
56.490528994080819	1.6629807870241147	1.0832072554103263
56.151587890824004	0.66236481580786255	1.3298164108888055
56.947129542108605	0.65773438896627789	1.6284365921965149
55.497347056651016	-0.75057056466227301	-1.4482131921432519
56.395424810267563	-2.3930332555857614	0.13446283628383177
56.567141632388697	1.4586931569875998	0.4340420092838333
55.898654225946295	1.632544894876865	-0.97403223195450706
57.075558945666195	-1.5203801641526837	0.84952908219822587
56.50393637737313	1.3510143020927352	-1.4591419219920427
56.905985219151624	0.36071317922393908	1.941530800953577
55.815699615104045	-0.75263940631197801	-1.6563816798932418
56.919218985604765	-1.5249723621694864	0.98186112751876786
56.006065211164518	-0.65569941156517164	-2.1012284295848929
56.043069654190404	-1.5840101882137159	1.0486917999621364
56.202345166412101	-1.0757647095625704	1.548311357700352
55.352448501197991	-0.44633508597216592	-1.5394668782105394
55.827249165467713	-1.5991230770503866	1.365372833369267
56.246814712537585	-1.1030579699814731	0.43125087042102983
55.441867080695729	2.0524705307779239	0.23852359209558743
56.934126732923836	-0.4846664658898357	1.6441841775130395
55.99331220372413	1.5641143576652201	-0.44059759927548864
55.455028655417273	-2.2732694572210783	-1.6043728401393604
55.712664089865925	-0.33488395720023956	2.9217734928913321
55.331890806202217	1.8539193580001361	0.80725238790050868
55.775813855176438	-1.0022658155545483	1.3421887065258975
56.47386694201704	1.6279663270930302	1.7847420987592759
56.680418983955356	0.15446277732787711	1.7684593635720911
56.924694889424025	-1.0360368395601951	-1.3606191165675947
56.772834600443637	-0.084854690419923162	1.6288626543338516
57.082210674146602	-1.0203047937463785	1.8927128948466223
57.073370272919128	-0.9022244670128492	1.2892144710333653
57.183071899224039	0.91611839653446236	-0.89359832702477504
56.37911071397555	0.83356328703560123	-1.2159325443225437
56.959887399031764	-1.046492561289748	1.7139750528335134
55.409459113124797	-0.30552991539650021	-1.8693009676338352
55.663989346662063	1.0016286460664061	1.8633692989563049
55.970455859954676	-1.0824681555286935	-1.5753035752005289
56.927910891503743	0.77763141612474285	-1.4486988185036669
55.423876857912006	0.37933679985840646	2.2143870381266741
56.92214359828845	1.5080590711195936	1.0906337443294949
55.864073621846387	1.0681423281083424	-1.5349521839607077
56.209429740663154	1.7006989153280894	-0.38268528389154027
56.041208413065959	1.2813880930597843	0.83809168693412506
55.734043967572056	0.65433979135696485	1.7363288624052511
56.508417060585138	0.29235711652800717	2.6104492449652414
55.616413357007168	1.005659061390153	-1.4249866969555764
56.392375706021397	0.42918165434196476	1.4063358512718649
56.270258064446743	1.0540663787416582	-1.4321733449995582
56.343111033512258	-0.92612058606170999	-1.3113282571419851
56.666656015052148	-1.6835368836334197	0.935171592964263
56.755468455754219	-1.0738266702662922	0.42126158214242476
56.680477934590378	-0.40388905503418587	-1.8260014284748323
55.96809984274509	0.68160328694913497	-0.90789996938991069
55.943149388311255	-0.99789595824276989	1.5083645246541053
56.247372282211728	0.96015054064922245	-1.4553627089451477
55.818257028300174	1.4924106256837506	-0.94762718713469252
55.50745720634184	0.61461599427763325	1.768230457770211
56.619122290258993	-0.23570201560499279	-0.41891168554472052
56.651627553280591	-0.81767743058163445	2.3430426107892193
55.740236803971662	1.405827861663757	0.12461523226037555
56.794155332623937	-1.1012735228826924	2.1789709516074027
55.736984202726212	0.63185149630263049	-1.8086538490114965
56.322754988178758	-1.7579198109730949	1.0287086987002352
56.247337576967901	-0.15722081701089685	1.7040960641124039
56.810437679265839	0.92845321654883617	-1.1197179644669941
56.937866137864219	-1.6852992966866081	0.19731453309497649
56.030138837210664	1.9417310937608596	-0.46845161609967639
54.555891691870606	2.0623643154648783	-3.122095060932339
55.63649853516538	1.4656573122905558	1.0492823590268283
56.891482038344513	-0.15967210079031582	1.6637708584952993
56.781232887728819	-0.12253668034486596	-1.7483201475066701
55.900155314112489	-0.79235515614084873	0.25618717752105113
55.962444701012977	1.5366202379105582	-1.1218785677768048
56.235935216138977	0.76668827675932638	1.2869921812655771
56.548319862555253	1.0156282560213157	2.1453808758243182
56.349805874411174	1.7653176966297341	0.67449225164150717
56.694656835373415	0.51824868822400827	-1.6762373556082837
57.152511687849078	-0.24455174695598261	-1.6735954352072862
57.200040396867635	2.5586653707292033	-1.19967419572547
56.576243550966723	-1.5827924533108853	0.2320602570508857
57.214356368488971	1.5466731822119826	-0.04128809510503343
56.895131494454397	-0.79015694116507151	1.5946144214757751
55.836812993157238	0.75278867447024755	-1.0754196836199352
56.293936133419543	-1.1866340338475301	-1.2793379054396445
56.506680494065911	1.8165502943326663	0.83357385118342664
55.468594425082394	1.7748908678017998	-0.15587423003660097
57.122894223087087	0.79039136571931534	-1.3963766507176567
55.476787874196994	3.359031990317269	-3.53190038848494
57.261277164882586	-0.31697023825949749	-1.843053850245042
57.025943229226755	-0.67790907622964081	-1.7695441601480577
56.097092460795416	-1.5583137169725072	-1.0832905073084662
56.053522286281193	1.2638093697059993	-1.1205771907963451
56.648594838067666	0.75124484918730783	1.3343188778531547
56.163933605264155	0.27564751430724588	-1.786791375188703
56.739546324267174	-2.0117289854027889	-0.51786531506457034
56.217877189404447	-2.0711069888119358	-1.0419149824367471
56.163388287393516	1.5851186773628225	0.77624492034818016
55.865862710082098	0.46917231684201599	-1.8417095355972084
55.483206505213509	-0.53528184790243261	-1.764535783280534
56.329077905104612	-1.8708263686062772	-0.35529270227464155
55.564917086508274	1.9179980304261981	-0.20453856068292003
56.932056876417882	1.4775046854450504	-0.610804310315191
56.703298068317842	-1.4280247517135023	-1.3203459864783023
57.198222516910704	-1.6313399412348837	-0.13394950931366029
55.302263652995883	-0.49135668723218889	1.5752191147842629
55.966579532170265	0.73785215143455507	-2.0551829810058417
56.440697885483566	-1.3429583519778439	-1.3130911420690623
56.834871235389407	-0.011193501014245016	1.6992996127458804
56.852658080752768	-1.6578411795297932	-0.50536888012005443
56.431571837445908	1.2981966960098068	-1.6616693296132357
56.975085024842024	0.57516941036601665	1.4781868925260375
55.98279294508184	-0.84597882977552341	-1.36219945542431
56.412741360573278	-0.77973474648250551	1.4131933418990199
57.054540770162831	0.31847075827923121	1.8224700243137266
56.073530103436219	1.6099530661650243	-0.11667579420503266
56.334850097790266	-1.2569629291157787	-1.1030406878175332
55.539787864374361	-1.9835292711549797	-0.15981309644301075
55.687920030417651	-0.77638041065633134	-1.6286266923322976
55.321844918642221	-1.5018476276967831	-1.9773592447679724
56.230920775273347	1.1189859923558194	-1.9100897300176904
57.215002519165608	-1.6534677864211766	0.13052787656922976
56.145323194065519	-0.61453746706026846	2.0073685792524332
56.716466689092286	-1.2119483536390592	1.1610428661332297
55.98249545956277	-1.1522131822450041	0.96643508895755137
56.939711000299809	1.806261067915083	-0.62141838129044435
56.183551240776751	2.0658256689638184	0.036057768194956576
56.354237976933923	-1.7334793350903865	-0.18645494075951768
55.678432349017179	1.508453818276319	-0.32505507076324103
56.269507516842133	0.068577900676000239	-1.0064080439867911
56.14661499428	-0.87651194678820432	-1.4651843396543194
55.895589293358441	2.0867751656692084	0.045670649570983823
55.682958963792849	1.4295873962021175	0.32525402187614677
57.171155483130796	-1.4400727145543162	0.77052366763894753
57.22009547132032	-2.0458678748737693	0.0085643388847238943
57.213419564494394	-1.4538754774478011	-1.0319863825339439
55.905531449294287	-0.57175499346301151	1.0538417542547698
56.755591122027937	-1.7989013110319396	0.44818979262641917
56.590074576225831	0.86288852377058811	1.5782762033203319
55.451890530366832	0.15362432621700484	-1.7418678017501728
55.766348142032911	-1.9605875644803274	0.59351343015252089
55.614519246795993	-0.4926523140766394	-1.9527077863412239
56.671801103576271	-0.43447594160707143	1.7304154711204569
56.107801980488432	1.1690907602692748	-0.35559406562440071
55.545473556979303	-0.91170581497903469	2.7025448298302854
56.604155603016856	-1.0575059018559632	-1.1888088809190531
55.328675030237122	-2.0345370384902046	0.36185517825148794
56.539903807005729	2.0017374838633284	0.46068008699564383
56.161361803764343	1.2564993386518524	1.3488502630990304
55.587083951519965	-1.2157965277599618	-0.56235096482411406
56.450491606494523	-1.5585570375329321	0.245975435536678
55.697454163764938	-0.10331290379409956	-1.8500797914436828
57.182020506187918	1.6702049649932584	1.1846603180073643
57.057311308045342	-1.6505940657964735	0.30904621837787466
55.197390058603602	-1.0293194411406841	-1.4900505254358962
56.874831764025693	1.6570875544186365	0.82097840389079746
56.949001627263122	0.4056980215416181	1.3518900625999675
55.377914124184201	1.2311928219995572	1.19341233082418
55.296599532231014	-0.37886471618908391	-1.1503734176644602
56.047075591679985	-1.2867938809420338	1.1119457506982391
56.588525251110255	-0.31281571074646769	-1.5479297222798327
56.823721622637429	-0.64876642459785316	-1.9406513871124298
55.289163145814904	-1.0370899414492019	1.7665592793825933
56.892965653593741	1.5431490705122566	-0.74486151884549545
56.254404999837718	0.9552181045971011	1.4793492283801455
57.176458951692773	1.5101036069378739	-1.1261943283154947
56.527045563906363	-1.5089980799478333	0.62008286650550082
56.12141445257511	-1.6653589341523733	0.71936770076814216
56.59787562786429	-0.78985167482414864	1.7513251857523902
55.599060412396213	1.6439890066101503	0.2137319123891056
56.203674655855615	-0.067979795235193596	-1.7135002830679882
57.09302985183416	-1.8680293150294125	1.2976666116422917
57.187632761697799	-1.7256312518577261	0.72154443204855512
56.176141430480037	-0.055802695769124645	1.8481556138148381
56.755353271547214	-0.97778973647571032	1.8338830814839779
57.08492681374554	-1.2234006181083341	-1.5501929209964636
56.543101078048011	0.056903007974114482	1.0824608454268803
56.91801901062032	1.7594036850885852	0.21766513477360969
55.591817032751429	1.5885816899627483	1.1788635578491671
56.111025483227223	1.9350654936976142	0.50113434179712291
56.372219747820594	-1.9285147274673482	-0.48781063867360352
56.720517298200733	-2.0337137258526234	1.1480393269107947
55.932005342070134	-1.5739057615549894	0.78296693549850571
55.535847118338054	1.6258837051719901	-0.37496406462385928
56.72209099261547	-1.8570189854651782	-0.20969423377061763
55.669689482229806	0.91309052653530387	1.5972362881756228
56.316862242227231	1.775032502309255	0.67597075064299716
56.443882247807956	-1.7929267305463599	0.96814831409441382
55.848258266586463	-0.41013000917665865	-1.4299952910016462
55.696836437076442	-0.53863272381966498	-2.1676981080216535
56.320518872527174	1.7150388562382348	-0.096055031718975573
55.569571409497669	-1.355261981169263	1.2271807059985524
56.38374266991967	2.3559129737012077	-0.28174313825799502
55.284747847592904	-0.44119556751546496	-0.26329603232587073
55.246177872469126	-0.86813859348995248	-1.0266372067563601
56.714222811582388	-1.1777566589570805	-1.4605279525716865
55.556209282988853	-1.4116927831291046	0.9783319129785345
55.46718211617177	1.6004781568185227	1.7699854175101422
56.076925155621041	1.9352609855981346	1.1696307284818679
56.645816216874337	-0.18586478202419229	-1.8146445307346244
56.994822154261705	-1.6441942137828816	-0.35918564271788556
55.301377598503578	0.084045709353011297	-1.92219444325162
56.01712488487923	-0.30947790141113163	-1.7336588289425414
55.784196142365921	0.24615762073011294	1.6592357071471024
55.792139342071991	-1.2974330208715872	1.0309438872346839
56.343885044946077	-1.8891907308044475	-0.019518547609018846
55.296020557884368	-0.71631332667293057	-1.6524566184882155
55.588080763751563	-0.58899285414077762	1.2714267287120282
56.169189515818367	1.6706042821913689	0.36198202795197953
56.432259295770336	0.065939985404488352	1.305863369241127
56.785948452693802	1.5679391512284586	-0.70602874711101127
56.91399543879055	0.75148949087673833	-1.7548718026787287
56.198711234738717	-1.1815814067563242	1.4483986574607157
55.903828054187755	1.8238663797751968	0.16921139586349632
56.930743601691958	1.4391667392626233	-1.0053893164636523
56.08647797880834	-1.1814566046976456	-1.5430069326785893
57.078162224043879	-0.2472652245011745	1.5919523863985381
56.474431296813911	0.35827952021358067	1.5817262179362106
55.616239614673127	-1.8780115640504023	-0.44936207659365485
55.753024994664621	-1.8174954054161543	-0.62660411655402959
56.290592549713537	-1.665817025885296	-0.65018272366179408
55.902758558127793	2.2738781254217066	0.2877085709950033
56.396420690410956	1.4131269065377055	1.4212000546778327
55.351925062042959	2.2349466105703937	0.35906956601258411
56.729105414931574	1.3963696490241448	-1.2033134014920801
56.560648068566131	2.2730913192223605	-0.27394145735261771
56.767384715773964	-0.48067307908977475	1.1471266180343755
55.768096401653729	-1.5795052874436164	1.0682428998987401
55.700967040925583	-1.4186714658024098	0.43172781011767386
56.982088361344381	-1.6611576562539041	-0.44182491670622687
56.82234887265826	-0.79928614457066871	1.6050360111871431
56.584045517465341	-1.4878494502171538	-0.2923579770723489
56.474552119941258	-1.2026149617935371	-1.0828268632929239
56.512734843758238	1.5970235806359701	0.50083317184975751
57.250676032186398	1.6140019975005102	-0.32100778729514229
56.465874606260016	-1.3727257200559306	0.87619982939321694
55.767860741019767	2.1802693214235118	-1.1517962249221416
55.61057911229036	0.20898203317847933	-1.7514496984646564
55.60263856172417	1.0198421660209911	-1.5262563286888713
55.391569569988654	1.6214047528165361	-0.01022039163017849
56.477293360093213	1.1115182922440681	2.0911120917579726
57.135398074708284	1.6522532645066419	-0.24439111538395591
56.847892445883787	-1.5672888232117057	-0.58264798020167341
57.156717429615682	1.1965708181199168	0.57989793912045273
55.941182132497701	-1.8475391465855253	0.78413721879955733
55.70506558807552	-0.42927536773145863	2.2574573537248539
56.909959491441001	-0.26740657627405462	-1.7297769909576333
57.268984074457869	0.71603934708580663	-1.7316064852200517
56.630049564378794	1.6118016751529809	0.45210443314131732
55.790482116973372	-0.82823584239712977	-1.4952692982766225
57.350585832313698	1.3075116855973312	1.5644328641021132
55.650187416874175	1.4489164995535486	1.27240339942513
57.000629052479837	-0.83952569164223878	-1.7706753889602582
55.355104008975424	-1.3974371236774594	0.018980034749412417
56.047717888124915	0.85970936997585501	-0.91328358194099424
57.214738316023563	1.8189301857687483	-0.29360197446516401
56.350336814307681	-0.22343315893546667	-0.47496539676064586
56.882815126873226	1.1318538910765923	0.48311416057785533
56.37659700144382	1.8600080941770758	-0.89728053573807354
56.89225091908397	-1.4154298785297867	0.97603735830301486
56.956595156092632	-2.0260961800908923	0.10663239394285422
56.750983150232059	1.1488206877631981	-1.36393737094559
56.370753590395616	1.9709089511811893	-0.071818885855923276
56.292500156897205	-1.9109116302276672	-0.17502501912922697
56.567498825953706	-0.3042709252420352	-1.831149935118173
56.032683964455202	0.53075372141112487	1.2966265627649494
55.588650973616168	-0.6381669620368462	-1.4301147933284331
55.893108249781029	0.76501152827184793	-1.3264251160076108
55.714211754422294	0.42727987491124814	-1.7648162811819552
56.791530362053791	0.8686997572640196	1.5126147707727584
55.531048443010285	-1.4650724980140233	0.50199899549728877
57.077599242556126	-0.70615725470447055	1.8284816313815424
56.562506536771785	1.151318181417313	1.4882646353464954
56.307072247437567	-0.84586378072867463	2.1149793329148561
56.335638418631149	-2.0277970495076505	0.53157865543862071
56.946027743169289	1.0917465270979598	-0.013694828018683901
55.761538935489789	1.5044786846334046	-0.75650349295733443
55.902793078110186	2.0444015486039926	-0.79007424915262681
56.730908640233366	1.0502412011776259	1.1329534938558268
55.856570980169849	-1.6143438270201111	0.39849982147040569
56.831524135752154	-1.0926836027958731	1.7523880082025072
55.325542768124002	-1.3425419914782872	-1.0354145527711429
56.180439666330557	1.600244572961079	0.82792355063789058
57.011906155356044	-1.618700532079461	0.11211997307614638
56.925841523851432	1.5307707702702213	0.8476815205186008
56.665916204432378	0.62026999290160834	1.5253065976598819
55.986142293436423	1.4536428703192703	-1.1931250517482506
55.89105450305702	-0.25402156623861361	1.8086442401318354
55.498079989915276	0.41823592850437352	-2.2906407780224955
55.267405035216029	-0.24486140794577987	-1.4092762325271779
56.830014151292943	-1.8163844646232599	-0.32277856247485187
56.6826753999499	1.2088590867926139	0.99370512824598012
56.768476920552089	-0.0023161549832230854	-1.8356364811990245
56.636743783282064	-1.2138753739895771	-1.5391544197055977
57.038990730577396	0.78060256496120417	-1.5043050412019239
56.307616624459818	-1.41260872965479	0.41049023799101153
55.636179087776711	2.4084497712344595	-0.028184891843237903
55.829320926061207	0.79790951768450191	-1.6250427777793457
56.152939226641848	0.5766456708071046	-1.0444701297929575
55.436419037877542	1.7676433310927804	0.42464134430592526
56.192396582890886	-1.4592140802343812	-1.8252488411699748
56.215340310981269	1.155043566111686	-1.9784135945862515
55.244270922650756	-1.0874206293309934	-1.2245103843092664
56.232333789376575	1.2645343474749995	1.2893245582671149
56.109775343027884	1.5831710526107037	-0.93410113883255652
55.693260048224126	1.1832678984859553	-2.0359974624202626
55.619255422677611	-1.5352258597233945	0.017117691012910493
56.455841479747413	-0.87304314212028067	2.5797805897071546
56.738461011702825	-1.4509306755762712	-0.82399080894290366
57.09346119177917	0.40004865628788433	-1.2160246276567839
57.13548602062798	1.5281336527553155	-0.31343893747263679
56.463529376500773	1.5751885243653336	1.2843258128494406
55.385443581318818	0.5252392160772511	1.6200577590226235
55.807093463810702	-0.63511763668218724	-1.2296888160404451
56.751586020268121	0.60977771622478616	-1.2833678405657665
55.222300949753532	-1.5299862569373279	0.089249280247235052
55.93049962548924	0.11290199958193757	-1.4306591172603393
56.240835687936865	-1.3629410154841473	-1.028716732530534
56.354740186064426	-0.19173280092157721	2.0507869909587697
56.57182401041257	-0.96129366660263915	1.4701357869026108
55.782560859661871	0.80541034120583799	-1.4354757816515831
55.737215097083002	1.0480825031803664	2.1662084087012716
55.422912588880209	-1.7563556225386086	-0.98740494231027054
56.393977167532896	1.4933879217421344	-0.13539962936851177
55.555588731822226	-1.0825526470140889	-1.6216273716058163
57.165193224939316	-1.6957128233201553	0.11766739200704181
55.701185209549585	1.320716936172982	-1.3615700477209209
56.438633585640389	1.5963884463477327	-0.62637189725347975
55.41840634585499	-1.9241040756392884	-0.089570139411804126
55.341025976616308	0.26956091561333523	-1.499313097558769
57.240820753693001	1.5150923661594262	0.56888925756893549
56.484925208088349	-1.8036159709903079	0.36483024899663619
56.829307859372513	1.92965652495102	-0.35584223237179802
55.746863987376464	0.12693465976870896	1.7336328102657599
56.678268187351911	-0.91827331372162757	-1.6904158088433088
55.428364026846971	0.52845500363988085	-1.3851507550094475
57.156940241965238	-0.022197703976711527	-1.442986907258756
56.311334965800505	-1.5769784261081787	0.15497889298932338
55.563957171502139	-0.69124987266302484	1.7498334369785449
56.177620298517873	0.26272468049019082	-1.8029455509217864
56.295594819984508	1.6211982272611987	0.26650614532580608
56.359201459516235	0.56091935585506403	-1.4998805752384676
55.809550990106096	-1.1791090018111643	-1.820705241111946
56.896830223022079	0.25383987583005946	-1.7677583324957784
55.361340585430185	-0.29204135055319436	-1.6123744797729835
55.477790781745163	-1.797567727211836	0.018669841679315541
56.261934125141153	1.273574056435768	-0.79590303650788141
56.493520692063896	-0.85902263984063487	-1.6680926814118811
55.540545426861904	-1.4414915239324761	-0.56134276866851651
56.822690505443894	1.4677751932972296	-0.31601138281795438
55.894359361325442	-1.7620424081823898	1.1502291818118169
56.768415690445167	-0.45020430934577388	1.6882230197946877
55.39972698355799	-0.82087347764393692	-1.062545310077309
56.098915157493096	-0.79617890273249958	1.5721553623568765
56.787179462384913	-0.98417608662350398	-1.1202043027548527
56.670031908178267	1.9573295449322077	0.2299981326072297
55.670530907641876	-1.687039258759409	0.31721176796980904
57.004718830805039	-0.79816954824250652	1.4930326580065267
55.773390165896956	-0.0036937411812298223	1.5201243821611623
55.286768908779237	1.5441710696681721	-1.1950191973969639
55.897641834527967	-0.29681035861241406	-1.8784456628635644
55.758728185569282	-1.3486526618192622	0.34599115106565226
55.448252134024372	-0.81584974053907922	-1.4451481316441868
55.769529151572627	-1.4427319072388378	0.81260470560967013
55.801387317959517	0.47188777612798932	-2.1498738232092203
55.871840880878381	-0.97123165683274881	-1.1232160644165152
55.377803025682283	-0.55955148614982664	1.8116008459713924
55.473901959719591	1.6647639504722542	-0.22321487534472637
55.452323590052082	-1.88036408127308	-0.37471150030306705
57.00695280886076	-1.5152879981171503	-0.11019847532442952
56.465929238536638	1.4063600905580342	-1.1395828602643698
55.889090037822022	0.84377284211138659	1.034099474538922
55.933339624325683	0.87152129835761138	1.2608005221097198
56.494539205038876	0.62461869498750766	-1.6541201221616955
57.03699847940161	-1.794770424002355	-0.11254631663408796
56.761361076384873	-0.086236574421545073	2.000701021987525
56.541131386764441	-1.7283891034318317	0.47128000155614458
55.622240396725772	1.6850393120421954	-0.097278492850798301
56.129991387785736	1.7571225255156366	1.1258324623380687
56.630666261322929	1.6321744017110873	0.54283775498036291
56.622159184683838	2.0195006228942334	-0.13426956002172816
56.33782138800867	0.78264646091472201	1.4653686553440637
57.111347079439923	0.30496976576085033	1.7038443762078876
56.059010878217478	-0.80060080786160359	1.4766668496129982
55.565720307253933	1.8239139457485785	-0.55009617376274611
55.861586790951776	-0.02423278680897463	1.3206725084432076
56.74480876849816	1.7854949368181741	0.051016797074045626
55.432094365331167	1.1011150051236038	-1.4008623892968988
56.099666596656412	0.63365052460552718	-1.5668322575929519
55.405675700221842	-1.5596427511994333	0.25130507552128539
56.788138663439561	-1.8055525593755659	-0.50366919793456877
57.048458938042607	1.9349618842972276	-0.23389066436804654
56.880661398130044	1.1003732665558716	-1.1098832228581548
55.566132211611816	1.2715167322918415	0.1611126553863573
55.788966760376319	-1.0540749608473403	-1.1790418642669354
55.72611143343952	1.6042294116764995	-1.3142361481180784
55.569249176738104	1.6210977632720032	0.17540330078585381
55.501786482373291	-1.3557877376692058	0.46546395144102576
56.760109913641394	0.22582274357420581	1.5087382677393115
56.822104867336584	-1.8931347230921618	-0.62057727290807774
56.690303801303209	0.87859375350688163	-1.7645525935240625
56.695039486119427	-1.0585190004322709	-1.4888076204061793
56.260959605137693	-1.2820160068055457	1.6817629427856036
57.113524078530808	1.41687862827452	-0.34452825641575763
55.4333638616869	-0.96309834202804279	2.0694689171932614
55.994598632703514	0.20370188144231124	1.7367228531454602
56.87078177539113	-1.1753215284161622	-0.61953782549637648
57.128196704170051	-1.5673889097925156	1.097631844875361
55.585074091338505	2.029784664478202	-0.028700728074586058
56.284890251654474	-1.1460635944417785	0.72067682699297009
55.958787272850934	-0.37401289026160101	1.835179717184807
57.038432239654924	-1.5698468269854375	1.3109847083410286
55.710995094130922	-1.8747037812201182	0.42049202295479104
56.262233254806397	-1.5633520660185225	1.2197230997376665
56.207320427766994	-0.98869616206282873	-1.5911537701237413
55.706693031224894	0.0039397522133287318	1.3327523744092564
55.469585288358246	-1.6085822056495516	0.9454851550649922
57.032125216202594	-1.5768303146421798	0.15571168057929721
55.487493114021106	-1.8066364625257725	-0.0027825985195179094
56.754306285195312	-0.011350914347981604	1.9955258377812524
57.159815534149864	-1.4518366923628032	-1.8064169284816729
56.184821520005741	0.48064007211041126	-1.2577890957055349
55.9179108616298	0.8759880916733116	-0.95040479426788216
56.889705589122414	0.29747306367050808	-1.5118332807637291
55.959225950042473	-2.1362638669514231	1.3795644589263509
55.755397843445465	-0.84606072966230528	-1.1585036930428942
57.094258421395807	-0.18313550152841515	-1.7408025327381393
55.648183002795029	1.3178271137535467	2.5127022516865227
56.000173857799133	-1.2122563920422138	-0.64427270869178732
56.909919359256783	1.4160795934768919	0.020640760327988249
55.735174466431026	-1.3308736101832876	1.3216839218674046
56.367977151823865	-1.7906532940741686	-0.66744795608876861
55.437949944701785	1.0005104885514682	1.78794112689568
56.953389344143424	-0.17700136506266034	-1.6514917042258952
57.214891273423504	-1.7199228875450197	0.62351832442882094
56.440790713240119	-2.1717031646981235	-0.041266994970466202
57.062841630792455	-1.0349239396543166	-1.752218708956282
56.107589634402068	2.0157380605556092	0.2421752189700091
55.590154714534698	-1.8058052690029198	0.20809871295056101
55.537472266408436	-1.925024910994356	0.097973785672520991
57.12844591918838	1.4997109944723155	-0.49562073858249089
55.696444130992006	-1.2854723840647786	-1.2255695529294841
56.516240116447356	0.7376841240396389	-1.4242276922650965
56.137735869824084	-1.8606869877715924	0.39648981904040281
56.39196110829014	1.6744823095939885	0.85526707196629626
57.24824010735697	0.45551782476638786	1.6208002362387
56.006866473658526	0.91586350031810804	1.6547239638383486
55.790861329582285	0.38547527900299966	-1.7262923949605362
57.191719958232646	1.8701428149379749	-0.15227520032317651
56.155260515448667	1.4850257662817814	-1.6051195341880184
57.076523173276492	-1.5577055517030869	-0.16241267533238027
55.679856749613016	1.5781693453186805	0.37225986043961401
56.063028336877849	0.74595268058637676	-1.653159752380329
55.454724131467493	0.62082327566241036	2.1871498839636874
55.575664144428636	0.83028855290433434	1.6930316909208827
57.15466827949421	-0.17632072169287522	1.4463626499497189
55.492094806570421	-2.3068394550226445	0.66826239622678363
56.201274229103362	-0.41400405897963571	1.6469052438729181
55.88814367555306	-0.31998404429855726	1.5920534220067493
57.098820739286502	-0.016104510925649254	-1.5828208903257734
55.657529295191665	1.7402959056084943	-1.4389030471341326
57.001392603129368	-1.0019879335943682	1.177164195465799
56.527739538050859	2.1094773090790122	-0.80545891628686506
57.084314680797981	-0.60493668205707285	1.4518870813099716
55.289909751145778	1.0583004665159752	-1.2736174975246934
56.962763944685612	0.3268242509262847	-1.96394491653532
55.7581856477779	0.14379030912911225	-1.6904471866402657
56.36370836884511	-1.5816796836183298	-1.1502767402025129
55.901097426361048	-1.7037842797184106	-0.27247628532905777
56.908911554578197	-0.76026756417332364	1.4800979735652715
55.863061386273721	0.44582583071032744	1.5586422342395132
56.954745075860579	1.6281861792306234	-0.54209663282160703
57.230707541895235	-1.3944173086192553	0.35227170111636119
55.365434573868669	1.8636266137657689	-0.32863684718487773
56.989852231042299	-1.3787453423679117	-0.71520601954649199
55.751073737501969	-1.1503444124293465	-0.34109090273196552
56.563038665312099	-1.1837581192240794	-1.0893054753412408
57.016423963392555	1.6365640935162911	-0.88610619725836604
55.843785066057144	1.2090117295198133	1.307665425920987
55.453497157977651	-0.80004241391635766	1.6453308863029368
57.05694651641592	-0.21570619215714326	-1.6337661174171596
56.187544630821527	-0.75622878291305784	-1.2262908071091556
56.868240590792595	0.72210970541075337	0.95863286234221479
56.921203022149818	-0.72798877728854516	-1.8226068960002419
56.557667071421243	-1.5658122749044812	-0.64334963056401184
56.296872063347365	-0.334559699838127	1.951878908053823
55.565372904799744	2.2293546247506444	-0.65947643500519293
56.63523032290901	1.2693226464972196	-0.44488934404613523
55.634992319547258	-0.63077226083037885	1.7736449571168951
55.490609035186239	-1.655753243878072	-0.23251296183809672
55.917216466306982	-1.8217593624078396	-0.54811461787652049
56.279834577864101	2.1127007029622447	0.55353905966705941
56.767158034126439	1.7445793276906179	-0.20714411838685551
56.269567220180747	-1.9517649346261687	-1.5884812083696225
56.825937403758807	-1.794322270121874	-1.3597601545643443
56.579407307296769	1.3186812498410305	0.10620804263831464
55.632757182011396	0.64783993907209236	1.8827372052465534
56.181855021155734	0.8099244327686127	-1.7539516834918021
55.90188366508432	-0.072705734515906756	2.0043218075936449
55.673063300685115	1.1751466695008499	-1.5188771646176598
55.958969084911281	-0.67158475597450284	-1.8234416887334615
55.302021547743912	1.9098583612217681	-0.87678844066286954
55.458654381743493	-1.8987947770154696	-0.59517984085417364
55.391966166828986	1.5733391569878008	-0.2182730928268253
55.63401436996584	-1.6207046986270406	-0.097071375194865819
56.420685796913162	0.51087712839041133	-1.8606141430189498
55.844555663242481	-0.29197701319921138	-1.6110687720682817
55.490730365858127	-1.3610259748737945	-1.4768558661135809
56.577537537806059	-1.2641598515345529	0.79042132307403079
56.517713941724118	-0.43708206826228019	-1.3313807761319187
56.878924045077355	-0.6094684783871912	1.7843032510129599
56.381905395131035	-0.44039035929352577	-1.8177767457336194
55.665153819795336	1.8837267641122297	1.2918980198614693
56.428842182590714	-1.6635855827274957	0.34705533349829099
55.763296230105993	0.55125047513848979	-1.4832932349687333
55.319013204010076	-1.393754751828576	1.1406863106467344
57.000401570333544	-0.58851267928448303	-2.1385629842181824
57.000789556455999	1.8579747188632085	-0.40740514495294039
57.207066344142447	-1.2676302154623973	1.92992488290214
56.592519269360416	-1.8258558659275725	0.84680764860571145
56.043688688387078	-0.53529626783372697	-1.7543682706937678
55.148787950199434	2.0332152827183956	0.39125159465354714
55.313917200352265	-1.4095342081364672	-0.68049703249143789
55.689631359324153	-0.97683769812821841	1.3393785474487836
57.176626193866362	2.1188466425805563	-0.4309901536797342
56.082363072271129	1.4187754089241944	-0.23302063615977173
57.008994656146747	-0.2190195736591522	1.5641890215985419
56.942158179840362	-2.1877786201049347	-0.02258515787924931
56.583423979298573	-0.46420417678211406	1.5181248143224517
55.193954287209813	-1.5746591782188522	0.11963048186551752
55.758942011189902	0.56930927748570126	1.8023571292965486
55.489686443228656	-0.75467816262464649	1.7900749232651736
56.951634352803211	-1.8928532244822043	0.74159214527304251
55.955657457122143	-1.8296888056457312	0.094021939638681745
56.709758367887808	1.272917766214809	1.2100491872469674
55.56940219866518	-1.3797022028715737	0.67039960964134082
55.31559883581253	1.0980680950912116	1.1480665107453591
55.734099410143209	-2.1571321986219183	-0.20326084661272123
55.82733651584639	-0.9137467610380694	-2.1340531551228268
56.526000816038533	1.6416238828786751	-0.28159916026987653
56.941894835981977	-1.3837097318391629	1.1460811244887836
57.06804789100044	-2.072467973904383	-0.070895481737299995
55.623491810567977	-1.359048859013815	-0.89361674167421146
55.630567178735561	1.275051370945999	1.8692418542102289
56.457264240105005	-1.5205037798649206	0.95694335799907604
55.655369218546703	-1.9321244806834617	-0.078354304201968844
56.738963427102597	1.6094827297190619	-0.4842773035127676
56.380181412216828	3.3602558592934564	1.3183617739437989
57.24132286020884	-0.82701375036129643	1.4813862010722334
55.52295424371988	1.571521529718757	-1.1733789798638821
55.214467693779099	-0.079017970521957873	1.7948621347493836
57.019943995763661	-1.7892185147729507	-0.65853511302876711
57.169519353095893	-0.19604395532233485	1.8021450849754297
55.558763861130039	-1.1474442523366659	0.8122305202782768
56.334763907014391	-0.83061682732446773	1.3606354381752135
55.434582920514892	-1.7046438449480819	0.16292916461813065
56.179367657555886	1.7871680372144618	-0.26573928238169858
55.539483640779054	-1.6895015761892114	0.016467293457583094
56.273226089077617	-1.6264547708571626	-1.0428645616702157
56.015708713737446	1.5691590208697606	0.32126246540723619
56.548516852452082	1.9960413131638723	-0.37250529155430989
57.022044021771038	0.33235453969025547	-2.1028742913591882
55.805229985501114	0.66831619554960087	-2.0613349319460967
56.997027803295325	-1.4208698783041938	1.2216780623160262
56.871056366595369	0.35185683523357009	-2.1034414766558855
56.59498633999555	0.58255327265117529	-1.7216319949462122
56.424904076746571	1.5440581122970558	1.0820275217365207
56.462506515081536	2.1526776332732909	-0.051385441944366922
56.880516451681615	-0.78549691479054351	1.8644322621405651
56.055439243795306	-0.89933484250007711	1.0746433486148506
56.799314745977462	-0.07370502116438099	-1.3937709377744698
55.515282914250236	-1.6641045389851259	-0.90983339680185316
56.479218907288164	0.0103860027395501	-1.6531365260537569
55.865371269446094	-0.015762322452244931	2.0766190873309718
56.572421710456148	1.2617504130348172	-0.49860635044685564
57.122193314368587	1.6282808673182543	-0.80523144842793293
57.113854144042826	2.3107776790892256	0.078329526491307921
55.409053134984546	-0.5746906124267136	1.2603137398158522
56.266570311838834	1.7279627493709886	0.85685303397530377
55.437012980229568	0.47987637256487287	-1.846581879693709
55.847426555125466	-1.4639118365850088	1.0252173231624917
56.506115543862165	0.60866099405434548	1.625857116144378
57.051914445084762	0.54539249202303564	-1.7540325506319725
56.777472477321197	-1.1862769758985769	1.1955809566314515
57.010497998610525	1.8946481636637231	0.042532775794452304
56.109889270525393	1.6146805272216442	0.57528503258308239
55.67205025642027	1.8667239221700356	0.41186210723269329
55.62015099670581	-1.171178428428626	-1.3477654521455296
56.77257903341566	1.560823841612045	-1.2071276717891473
55.828907095021862	-0.017010287180944314	-2.1614271264440887
56.694762483545155	-0.87183356247682509	1.6554035597984207
55.650945140892901	1.5703490603162673	1.1742587772902029
55.529356810894789	-1.6520163828329482	-0.71261480746423966
56.400457297982797	-0.40071420698925186	-1.5079145153999058
56.265347368146763	-1.7170375812428464	0.19418898359591097
55.314293378056874	-1.6083121562585339	0.9857172884146318
56.680596154006729	1.0498228995868222	-0.82856543825926843
56.181620601719239	2.2162001932454967	-0.14314202223112224
55.548228980158456	-0.30558573613858286	-1.9125653671674161
56.226953119506199	-1.129804254648882	-0.89019581428569794
56.589317008641153	1.9458398358607658	0.38375673054813769
56.501228270787287	0.16760175335812175	1.6742954605441822
56.776312824524204	-1.6740912075063989	0.74366667526021324
56.888950897211984	2.1400008572833751	-0.8502296277540663
56.105284327993061	1.7324980653573276	0.67672262097633473
55.97096633586181	-0.096335932210304454	-2.0785552219240016
56.17601842260806	-0.63072613550233048	-1.7020039769970183
55.842387089300857	-2.228550389920283	0.49015705462453568
55.350937373447152	-0.98199103952094069	1.6577306901538698
55.60917144045559	-1.8677812939505842	-0.78289597390293819
56.195611257385082	-1.058743878412207	1.352352058562885
55.784922656098544	1.1081132067025083	-0.66448400733699864
56.121490387198705	0.23003191011037438	-1.9366130809470747
55.435909493462503	1.4157403531136705	1.1101406413781714
57.105522861005355	-0.089153570532759352	1.8990294174616424
55.706794126615677	-0.95187955940436764	-1.6380915887511367
56.067216645132923	-0.30782301437938242	1.9100428263862859
55.370875684923107	0.94760309607118409	-1.4283185515441355
55.627949525794364	1.9957267034671511	-0.81627351214829225
57.103945495897634	-1.8662139594188312	-0.67109575667485089
55.470122087253131	-1.7552380054053269	0.85980077374560615
55.569358150826744	0.3349308666998545	1.5856257705623686
56.416366831262586	-1.3776602556733588	-1.3046263683499972
57.124531192657471	-1.6412227078150392	-0.55716534007289109
56.245957110193032	1.1959595798042411	-1.9901397726697139
56.265563942985338	-0.85184245010734738	0.67991632137470781
56.839413521081198	-0.63545768415556148	1.3746837749567098
57.047595406010394	-1.1456087897217195	1.6273083830650668
55.640317427917829	1.6772186862288365	1.1996909177456905
55.368129571625062	2.0389697249738101	0.024018540707334855
56.815908831072768	1.1815917758389483	-3.7895522200011236
56.99246035270599	-0.38529087168548393	1.7453362159448282
55.802656067519315	-0.68096505164701893	-1.1159121512104342
55.522300062069093	-1.9637276055271773	0.27595282794963055
56.047337868800668	-0.4590579223225007	-1.2993340063198449
56.061822631293161	1.2081555269673772	-0.79754549702151445
56.902361349138957	0.5332487450216401	1.1055697230592836
57.221941900502109	-0.55259457074597385	1.8339429952445556
57.02491318703003	0.82245770174863375	-1.2284131154356819
56.818004305070076	1.7054360209699937	-0.84338551155886621
55.481254782348827	1.0221337098812384	-1.554664179730709
56.082633660855812	-2.0012918114790361	1.1798641589170122
56.869140507027772	-1.8685105079272151	-0.725855096482108
55.682497078729789	0.75875085201205428	1.1314891633614097
55.528341674283716	1.8641005157098489	-0.58507368125326564
56.156118881986721	-1.429744254824584	0.15620086437064867
57.127539727256796	-1.4731721608613928	-0.37377737269944489
55.600803047620253	0.74825778525476561	1.2662858134797577
56.027768030393389	1.6885865011988623	1.2621424857595178
56.685714474345239	1.3283700550450646	-0.71840287535960234
56.68447339284068	1.6594798213402899	-0.56553178601146348
57.128590003427256	-1.4152718733714529	-0.48999157347512462
57.128666719696	0.38810688759005962	-2.1174777041305131
55.31769300431607	-1.0167179117345155	1.5154103140745436
56.882574590596491	-1.5631169700246907	-1.1538003017217944
55.657336571659869	0.16994239249988388	1.7212447716991537
56.339878049784943	0.36681938105099859	-2.1302164900237432
56.706078636520338	1.6642447512465517	-0.2165163046787287
55.751367416230984	-1.699501981699693	0.39827342426138429
56.871070368528791	1.7252991931582189	-0.51554302646848404
55.876563162712415	1.9947258286633029	-0.14147626365669949
56.501159362539212	0.9557933012661447	-1.5332015205599585
56.847203793532557	-1.1711096165154207	-0.87911912977769369
57.099026530517051	-0.63658728224537109	-1.5052743039418672
55.583939145869593	0.24328679257563907	1.4674702674172109
55.358187645326424	0.27372210508249412	1.8874435273869345
56.61484247895325	1.2586003530148295	1.0580686407156357
57.126718855467225	1.8079870522415582	0.79071159705060723
56.118828112342499	1.6702813329713744	0.98545794518853724
56.843615466093048	1.5663030679769558	-0.86260695158195111
55.742000464795552	1.5107539895700106	0.63813863955180183
56.01643890671221	1.6432994077473422	-0.074535607899987422
55.758411045349995	-1.2702238905689214	-1.345258371440248
56.596424797993954	0.14271187250363226	1.6465985792333659
55.682214673852855	-1.8944014358864452	-0.049869466742810203
55.763449292199823	1.5784266856227422	-1.8648467696654654
56.062061610924829	-1.9177960179033089	-0.66292026485981148
56.063844291647364	-0.047071769631099269	1.8324978335338002
55.928136906537901	-0.28942130135513378	-1.955957457268787
55.566523631036354	-0.97569721099402484	1.014572605222835
57.299490049498019	-1.5751065821697128	-1.2894656043314061
56.989365065193446	1.3927348613774337	0.72666764806853712
56.686476561037878	0.94051612478288404	0.94814808587707788
56.285631415407728	1.4866501331283666	-1.1769257419256047
55.983768594541225	-1.9899703010640144	-0.24247032503908389
55.727462462445303	1.1348947208461244	1.962732507177761
56.009713741887531	1.3210067025005854	0.93376423906683814
57.281656937650013	1.0709912319297563	-1.1627035675758743
57.089065362762582	0.4150560923956052	1.8880811966115658
56.001600170983622	1.2626442764043526	1.0480856400528038
56.971735078907436	-0.25212252314034167	1.5736755248301648
56.218152747011594	0.76207162996151412	-2.0163413637506693
56.376224252998533	-1.7674178850485296	-0.057845800076324637
55.370164275885777	-0.56065351561572518	2.0536435397169495
56.921422185416979	-1.2038172040431883	-0.8447830998811523
55.854584661167998	1.7420984061171385	0.45860512833056766
56.268454362156348	1.580807266690559	0.51947193368774858
55.660953203107901	1.630545767242062	-0.37702979421147792
56.824181400385527	-0.26566446869593058	-1.6017178438813087
55.893508829328304	-3.1521333677407264	0.7491486291884355
56.949033692323979	1.1541391642828693	1.1121079404740708
56.101123940112942	-1.8086208478061656	0.73237880637218178
56.305443501740783	-1.3391093432001002	0.94548680521353778
56.738106084064896	-1.2970984347009751	0.89648425274939614
55.657560008714754	-2.0193593923490001	-0.48549840188652316
56.463697951445546	-0.62949361418157512	-1.6355819084503571
55.604678678516954	0.062519427442272374	1.6193885554141429
55.894777507861455	1.7259406486381197	0.69374975210151735
57.136075766964659	-1.7841344313650831	-0.71592758362381792
55.519354660647771	-1.8489765813881427	-0.90260573883101325
55.848373452550462	-0.43547302743241023	1.6769337700487543
55.692366725939742	1.8650218674124002	-0.71075380116612075
55.857441697185543	-0.97991361951995104	-1.5156006285353634
55.969160930562992	1.840562334188145	-1.9592794112672665
57.217204580181317	-0.97641981881006823	-1.5000306911006756
57.277239836469342	-1.1097260509605529	1.5667727647310601
56.649091917228681	-1.3028378989226335	-0.55718727731432693
56.67062742685664	-1.9333207629126621	0.17863936621347457
56.701950879045341	-1.4352833765328024	-1.1397851136570472
55.312333207390729	1.4321320478361554	0.93042296223237519
55.548347619766034	1.1201722101322211	1.0106274412033778
55.736254810504889	0.57790570099738336	-1.3110848633716448
55.971306753553662	1.2543820457541341	-1.4932862533407791
55.630979264509065	0.040368549230581093	-1.9687667270547187
55.734884718179075	-0.19866978624471154	1.6207460570351619
57.088443647500547	1.6853478225274701	-0.13475946425337665
56.329460808775792	-1.6922707646990416	-0.044906241904378343
56.366198000637795	1.8293183108705346	-0.11925098919611651
56.338280850630476	1.3234432421760858	-1.474727037497692
56.400043720421458	-1.4978192930598113	-1.2675227757009739
56.496299581406724	0.59609172306724723	-1.4035936693183557
57.024767803989221	1.2377801620184516	0.74295208124725987
57.20274575379338	-0.82798689953549731	-1.6330128351008035
56.184788109708677	-1.3457089151349331	-1.2783231488136988
55.188903768053414	-1.8782742056722113	0.42524871206927078
55.648765974614527	-1.0791850936551493	-1.3666694533345936
56.913128967337805	-1.3850562827191069	-1.1631338586729048
56.187957327328967	1.1685647413932734	-1.0839843779915332
56.578160169287798	-1.5104716437755545	1.1414367497962239
56.651493654202987	1.3485660773768098	-0.19317931626345961
55.827561165485747	1.0132172844130221	-1.7730600213711891
56.049622094844274	1.1741406989844838	0.64624763277320463
57.181319095099752	1.234649502231449	-1.2644262665628736
56.22848394160458	1.7636992389413124	0.1150660746003062
56.589968853719895	1.3568688080640705	1.6088596885446609
56.48020737692331	1.6200598601389555	0.79054491146011197
57.141753973411056	1.6258946668142666	-0.64656098384578631
55.615090572019639	-0.84914686383837457	-2.0785558995575362
56.054385360823211	-0.14208184509532359	-1.9998641870807994
56.907739305252477	1.5899327141783604	0.63212446195585226
56.215024131429587	-0.7606665038416428	1.5968570196184118
55.719862124126841	1.5751881688829643	-1.2991120867866175
55.873058995377733	-2.0918085472653978	0.87770790716289471
55.352605942490641	0.46543293136383068	1.1347267083174968
57.019392117448973	1.6642223907176892	0.44366550627314627
55.269859763184257	-1.7125877992637619	0.25791641917973124
55.62314912998761	-1.6055189868991511	-0.23344164764471204
56.144023318724763	1.8276153126986128	0.88429799257811481
57.055307000048423	1.8500295379908005	-0.32358330771901733
57.122036996905962	0.86459270295502999	1.5366024199682176
56.109871370184855	-0.70047379696265955	-1.548881545176152
57.062571678055704	1.8027887641531135	-0.37453610569653367
56.039150440853163	-0.33959357354645275	1.2792255348040422
55.405444758204496	0.50293262425815388	-1.7857250929734199
56.746146249377567	-1.2897927742159887	0.5817382348413197
55.3032607434466	0.29149586683651674	-1.8685693997451207
56.340637626706659	-0.87444922193977392	-1.3800990807789097
56.067252306264741	1.8337282513635795	-1.4706240661325869
56.420752743865435	-0.17872607352874173	-2.025580445147614
56.493711324918095	0.082280010900151287	-1.1119980901081523
55.67925482684803	-2.3990710731665303	-1.0212105663340052
55.819907880328884	0.69708371207052788	1.5266586689980701
56.837009481007279	0.82387972839442103	-1.6161740278370516
56.431766137873225	-0.67353751938544026	1.6451901566734151
56.871584849572862	-0.78615989801291297	-1.3390899608030296
55.694899181040114	-0.87637422511286667	-1.5386610122206186
55.467475212969973	1.342255958412756	1.0387983837610648
55.817040952922909	-1.4239836999215343	1.1402659014852243
56.906243459300526	-1.7932306353589875	0.56213551372996651
55.413977325206076	1.5392725766459339	-0.78595426222137299
56.364609724063385	2.4438614271624273	0.71306409960951511
55.373968703133116	-0.68293418529117811	1.4928729137512557
56.274741173315469	-0.71665870592886838	-2.0758872638055559
55.419204251409695	1.8583137801886631	0.83346191785459989
55.839965960294521	1.1159167087737711	0.97070637843837493
56.970315470773947	1.4807409531010935	-0.623245257102918
56.055803254262138	0.63836759816570687	-1.3980826662820469
56.834661274657975	1.8342413475954404	0.78326155342254999
56.134359331848032	-0.40650988423654399	1.4050721373037385
55.647119456751014	-0.51458275855650015	-1.3866642240126403
57.011366472180946	1.9735479713598227	-0.011718242870492989
57.159019264504074	-0.97047786445546347	-1.5140241131979892
57.360032939982901	1.7959810529280926	0.28632984339509882
55.572201093535469	-0.18887356293214028	2.0478948976949343
56.531027089574543	-1.8423935678322381	0.50109453905278156
55.58432471152053	0.57954726733012285	-1.8153120846023101
57.288463203730906	1.5848336206251361	0.84468848290789467
55.485546444052559	0.91477370567090266	1.3299577092365573
56.823904807119668	1.6478250070841911	-0.79198511647692837
55.96910436302781	0.94776747178455745	-2.0216415457008012
56.150787867784558	-1.5257252155538821	1.2036673519284633
56.207120871344358	0.22388027501939514	2.0172803828032229
56.014763144156575	-1.6677512796568952	0.74150110848037032
55.63367116377367	1.7321265710022717	1.1850660731875915
56.450832272837758	0.45007176878799177	-1.8369020429353669
56.887325869114676	-1.5086299726966539	0.98012748825173157
56.201340326378812	0.53838855708770783	-1.624849143626359
57.040774766404439	-1.9638167459930973	-0.43281278768462983
55.858021461049816	-1.4022137769545071	-1.7276605658706488
57.076508434415295	1.297788386207879	0.98611935588569832
56.404814659255763	-1.9618712883563849	-0.29471823456468904
56.323632285541009	1.860822192657628	0.64140915715972224
55.288008641571608	0.94019543903303815	0.89684607878668277
56.866657538863386	-1.8339334249425667	-0.68773613131833167
56.022724444305197	-2.0294634112288792	-1.5580061601794355
56.725691083418788	0.39128405503206293	-1.4473637987095722
56.154293659509385	-1.1092430850527633	0.77502192272781578
55.576680678508701	-1.5626875249474177	0.91030115561045732
56.372498622316115	-1.4411005711129519	-1.2665764511504112
56.460756938861202	0.0085570251269961248	-1.9472220281692725
56.690681829695805	1.1196111192410447	1.4519233901624518
56.460759821241076	-1.6705516158786073	-0.17455394796815121
56.265730133950093	1.3507585947528691	0.36634991326774741
56.510419624230344	1.5761165146806735	0.29904522208929529
55.836621441717803	-0.64656371639352228	1.4260488386370234
55.540199717525219	-0.28617034002248559	1.9650768479995848
55.32287189789821	-0.90896298029157174	1.3507473943902182
55.714769767190909	1.4816757848973752	1.015399656522189
55.795524917376184	-0.51487850037135274	-1.4671605325797354
56.196331878857777	-1.1377737499940566	0.97739971234472434
55.687939039479552	-0.72250582405778896	-1.490898870050374
56.733381907553976	1.0584830038946358	-1.5467907500091649
55.818862994793996	1.2604540089953482	0.65168423603666692
55.669093398157003	1.5685828822544823	-0.379356306734069
56.596863866826595	1.37801635145489	1.7791672376785095
56.612441143624658	-1.1487824032515188	1.8865261152290165
55.501990269214311	1.3589684143766712	-1.3705608058348391
56.756194675442273	0.41988048274586426	-1.6774279346000738
55.269117293465818	-0.10547078452371758	1.5654864434579829
55.787550892322813	-1.3172647076098378	-0.42738223738634512
55.5885593927553	1.42857580165343	1.2367957500515034
56.310424706580612	-0.092810569883143193	-1.3158556234594214
56.623812976727322	-0.43477038705671617	1.8610689908836802
57.112010122397663	0.24818827197404	-1.6004361526322362
56.70145652418217	-1.2079761288371296	-1.8973661112814426
57.101373507234115	1.1026993043658964	0.98513323430625865
55.599920494960529	-0.97666623109545747	-1.7529076832427741
56.993787087024465	1.2571563285460905	-1.410987668103898
56.534022455301475	0.23471695946148752	2.020761421525616
55.46837174999051	1.2942022292846718	0.34237027788308072
55.752916489118348	-1.3230287885616696	1.5794598836284444
56.991420342295427	-1.4888377910274697	-0.55211621857428694
56.604478585967634	0.032764815095247438	-2.4448508212208413
56.787899914887973	-0.84586256170974983	-0.92773301897318827
56.262564522252532	-1.601989569144078	0.81078138214150297
55.822059385346044	-0.7850524430139576	-7.5764481948331746
55.46305876266252	0.66360627986806697	1.398084222263811
57.161909280192688	1.444370515906797	0.76455895274509367
56.311661810865502	1.5265028385591626	-0.74353868639595477
55.924428273139242	0.25732859328564373	-2.121495657262694
56.689305148579109	-0.5866080658473114	-1.6688561343038872
55.735091380289212	-1.9002856180052845	0.22384521707770569
56.698355709583652	-0.087018698446381451	1.8392269732230677
56.441948343344642	-0.91502613797976562	-2.1941752088241642
56.510116781922541	-1.4043447235493383	1.0103407866889176
56.887127305616517	0.35719437345937649	1.7020945540298287
56.619649620817057	-1.7841207746571577	-1.0788401511237908
55.510539955773794	1.3287563645903699	1.4432775838696075
56.37125110890041	1.6980691666190468	1.0214440808353387
55.442383844979872	2.079618223358358	0.57027580601919003
57.057913942650913	1.7409508830464646	-0.82620435893039268
55.929407536992521	2.5310054307691492	1.2551581432153587
55.847925291226368	1.3805762175579168	-1.5733799445932919
56.742109859955569	1.2291085310871033	-1.0168721725822307
56.464668662810084	1.33097587224529	-1.0536241097055681
57.036839997846542	-2.0246745236916066	-0.7438514365037775
56.673393318243811	1.0168497148329034	-1.7803121896245595
55.852044685872528	-1.6260606869069156	-1.143543643868155
56.590347145064214	-1.0023737319123582	-2.5748382039043434
57.167150895634499	-0.86303696075730629	1.0266884847878301
56.985325345815589	-1.4995978960774146	-0.80770942714901284
56.285873181664364	-1.1680124914674832	-1.6409786835170774
55.645938202400373	1.8851615865504214	-0.26381434030590345
56.250224321773409	1.4679995147469442	-0.25735010746368431
55.985197866968193	-1.2646811315076312	0.31359434674756426
56.669035787853154	-1.4165933416657968	0.59368138061868403
55.580083916459714	-1.4300430107443582	-0.86023216740568575
57.082809653874747	-1.6846079421639304	-0.28713343915116996
57.060550590009356	1.7106882375200798	0.44621955200090885
55.495127786101406	1.1815026466441148	-0.8438872928158524
56.787794481301717	-0.36585607603614045	-1.7253455328375868
57.191414657149679	0.4733126077618855	-1.3664808662178198
57.017587748159222	1.2330223917255483	1.8224211787297744
57.156662064674357	0.062596610464299568	1.9621569815680109
56.315261815782428	1.2150754288373697	-0.55498165120481102
56.732192103434961	-0.26197464974557227	1.8959939565078736
55.562461258322315	-0.29909371005630464	-1.922142198998803
55.526975317019527	-1.4410747383695699	1.048171288113682
56.639138873624809	0.4024752087035659	1.6386209477489782
56.214176060356913	-1.843892397519675	-0.71389881769188224
56.528644877994843	-1.8569311217585363	-1.1671058849776279
56.328727113113843	1.411309587006778	1.0354563809520212
56.32284158481113	1.6698910701233469	-0.19210363187837234
56.726768674902694	1.7712484041601069	-0.97549742248477966
56.703398473950429	1.9184698112097078	-0.059566457690169917
55.738303306347376	0.43096966079478227	1.8633161681014423
55.741665192770682	1.7317905186582401	-0.7385329885183457
56.412175745781184	1.8834883138887533	-0.38910741244486163
56.470402952025864	-0.92008180842148513	-1.1683574864268387
55.491323533434226	1.8094386687778092	-0.37722376670015129
56.21650857258102	2.1192386305599267	-0.35410715914044216
56.353347149978291	-1.4525445442193896	-0.39961056498815534
56.193742730055504	-1.6288881257691437	0.73381336434256772
56.606820850385745	-1.8846291343890951	1.2764233659217772
57.207683731315271	-0.13420107730877912	2.2012719534589449
57.013604874864086	1.4116330754403907	-0.80292895261398212
56.472164825630628	0.38042107713798923	1.5845858843606544
57.114090132726616	-0.3675355086818069	0.7902330404235729
56.081917177413111	1.0521293494074369	-0.39992315536064488
56.38475800962145	1.1917937754849692	1.8863128583723809
57.329360553071467	0.16451212880635499	1.6176887760876895
55.69999204639403	0.47050678812681884	-1.4826016597949023
56.191407880177707	1.2304380169269944	-0.90663191377751096
56.504032369378777	-0.62107778083029752	0.72497985995321534
56.974243392469795	-0.80042653420085719	2.0281907169720168
56.087816826577402	-1.5705634676738913	1.155839122687335
56.221608809055482	0.29691813802003725	1.9036799238384781
57.246344245152144	-1.7054111770798952	1.3783265451368498
57.000185792551022	1.8590931260582662	-0.26098429313418053
55.59602304277054	0.25104830091569197	-2.0912585643874535
55.545854396772867	-0.96788787688660238	-1.475598730795679
55.610404481421291	-1.5695480967596804	1.1113577035308322
56.012116121709361	-2.0245577102421635	0.14937417509015627
55.521083060956734	0.21205110750813636	2.0028047566163565
56.2165025367078	1.9081169012995041	-0.96876549178191484
55.471109250242364	-0.24326139119400508	-1.3965964565624627
55.906219555494665	1.6628879822824794	1.0937086830035292
55.497554144542114	-1.5731870805915171	-0.47519720700161905
56.019003199788003	-3.0895915865090426	-0.20736068212443995
56.532564479710651	0.067769377520516941	1.5931017830047913
55.5887524715369	0.11173466379297843	1.8836751215721828
56.128881729577515	0.50012241523775403	1.7617316394707287
56.063126406474289	1.6293209013857342	1.4398419681474297
56.370848511955714	0.18474896548491934	2.0813654392919361
57.062056510071834	0.19460928224808893	1.3148017009005031
55.326882258924165	-0.76172451839714084	1.2096529788620252
56.537947938805885	-0.88403075269981379	-1.401231366165006
56.008272469559635	1.7386016175483412	0.29285751121080278
56.980408176922936	-0.86437010515950763	-0.95240505848425938
56.962127899135254	-1.8117154989344832	0.07029190147344401
56.044902743148462	-1.3161497000863216	0.98998922912061638
55.508021407275869	1.8157826240589809	0.1494684504087293
56.230847955265332	1.6616960587646121	0.62091408981519702
57.064066671710393	0.16680236472753571	-1.8459230068994954
55.510233850001256	-1.8323360073413015	0.60455025188465517
55.084515916401806	-0.93810437005830327	-1.5430644053340923
55.766839482952157	-1.6599432085225376	-0.32783657462961296
57.057138224787273	1.4297600604437031	-1.1674253534483205
55.227502180380952	1.7693872919749938	0.17877390758057485
55.886099499927752	0.34820730774447844	-1.3823539595501659
56.691634514521546	1.7630768583562966	0.26807653933150105
55.474404086054349	-0.66378883311104675	2.0243587703870065
56.696008782074493	-0.64726255009665301	-1.6881859988296826
55.909100885920616	-0.63500526051183082	1.4200426495427145
57.150478697566932	0.15812177866771598	-1.6812842511444328
56.923894146282883	0.099091420891300422	1.4077829985965542
57.253150446013009	-1.442839497542685	0.40979734052137479
55.559694684821608	1.0302296262320723	-1.1665547859686081
56.137731454648936	1.6212521721250361	-1.3350083230991241
55.808200511873849	-1.3715575293156412	0.87693268375469602
55.848510702935862	-1.7560075783482099	-0.57391884459143727
56.718850659101506	-1.5731650183416792	-0.84911044918272638
55.522491080257836	0.69380648914689602	2.0815398115898232
55.70465343117079	-1.5194339606773415	-1.317831050913526
55.408640480587216	-1.6175720747345643	-0.22070927071811552
56.875936686797779	-1.5572291645573528	-0.60019311653712948
55.825023081918005	0.16335604773832427	1.7083167842432951
56.286510040431814	1.3668287623455846	0.16624383689144062
55.803169476698983	-1.64507055329987	0.075494371285077536
56.379750161258848	0.12482585010362127	1.87762726267575
56.702344261731923	1.4279726779291497	0.953870309835263
55.726421579792095	-1.1122439497454066	-1.5389343314805759
56.115510785234733	0.74717340428981405	-2.0802026969288421
55.85840523169616	0.14339208233675826	0.92107210100873382
56.053645476811766	-0.71407286999697461	1.5162335294493599
56.518832763631167	-1.4063281373641816	0.68015068181848559
56.072503520099986	2.029170365100927	0.48657078475785542
56.149567232177539	2.0119536546635288	-0.24070931535233275
56.214641153924752	1.0121483722034006	1.4478299818898752
56.620197494216008	-1.5274821773606782	0.92200601685337502
56.043213511675596	1.7747930185818159	-1.1041732970568829
56.775354991428948	1.2257537383613188	0.33867314195110287
55.715053781106235	1.4643479472352863	0.533241034221972
55.957043905550556	1.0168242281122424	-1.8815203312864384
57.061958792792389	-1.6411319040609442	0.28201530619045895
55.248616914505327	-0.84888806656524796	-0.67621981873327774
55.202758013460489	0.97745476830893119	1.0480546744901176
56.414321603704977	-0.77283233147962094	-1.5048698412089403
55.291244753821516	2.2709261937878988	0.091608519578795941
55.67238144479785	0.75725567572313135	1.6147052498253391
56.50997460212087	-1.853784901780031	-0.63510210016822055
55.854801559870502	0.95555672747845266	-1.4183046325031974
57.114489428438375	1.5954850832161998	-0.67233429370946551
56.660445298106673	1.4899270267126195	1.0916177372896518
56.797162224790974	-1.3270707548471081	0.99598384472548473
56.96569265730367	-1.4604943831558395	0.80093098066256618
55.284643963362647	0.9402434119961216	1.4721732919933039
56.358730895959368	1.15476451177947	-0.9604458748590321
57.092601799811952	-1.6985996810783879	-0.75745908111057969
56.060986064674687	0.36491020460417889	-1.8064355678944035
55.633400029465115	-1.8188865710262105	-1.094057153853998
56.458892192192948	0.9587685679675445	1.2935181573242087
55.771862983768436	0.91638975336280637	1.3524788337994527
55.3338039208571	-1.8512733808295363	0.20501460729829868
55.700007521454069	0.10966143942541071	1.6002450266438533
56.621674340609694	0.18029554284760635	1.8268499719894833
56.958543510589131	1.0122816906656062	1.1067416070541338
56.664841735413923	1.1750890864686387	0.98030022053444543
56.813914215361137	-0.60050230981205965	-1.5246667987630864
56.668796809868347	1.4926632907786708	-1.0272523778683798
56.277976788857053	-0.21864040379538463	1.2766795755399041
56.893133187026358	0.75362349958780517	1.5291255992272763
57.17506164559768	0.61695524531020429	1.7369272898618389
56.950380678681157	-1.8269141540853926	-0.55153149426989301
57.01209084924519	-0.84294294092148825	1.7528421415772544
56.695388105667305	0.81908642609015547	-1.1569583936407648
56.425700685124077	2.995450746510258	2.2132235783584413
55.487721294457472	-1.7067257542331291	-0.9860493798884099
56.986654141580296	0.99354665974404111	-1.1423615225412207
57.119094188067621	1.5818994643692734	-0.67233327536571053
56.488743298568011	0.085302422518190119	-1.3800501636541003
55.314992210757637	2.0499194864761257	-0.50762154181363839
56.045949768271221	-0.47695811722035591	1.7533086512651701
56.239462210103653	-1.6375990834433554	0.99366565123705086
56.336839433831202	-0.99470615532977325	-1.5577166576529358
55.351413445436116	0.76612416019611507	1.553459801790346
57.09457125515403	-1.613215557142293	-1.1115276652725588
55.46555821926156	0.073020401340078311	1.8519569582718023
56.433646777895817	0.74862037551150373	1.5719252360988387
55.937332355379908	-1.4929414943753543	-0.88814903955085622
57.056270418396167	-1.6257605638193999	0.42776033599523794
55.815986905935006	0.717177759315208	-1.8523261148735257
55.420336872162572	0.76212785994973387	-1.508739526968129
56.417196946392522	0.13513981695299845	-1.7164570637569094
55.410895074396223	-1.972954266420563	0.59731315638303828
57.373484920846835	1.3357156760761637	-0.4103051638026089
55.456573770875011	0.97143939563686543	1.0603491696660612
57.122160132906373	1.031168417474037	1.9502168720596271
57.061273734410904	-1.5308597169391895	1.2526929201176484
56.433274604899694	1.5831776540582416	1.3845638230806632
55.601318896781358	1.6242080677415425	0.36670962299883819
57.19993299512825	-0.99152614802227157	-1.3962328932287338
55.938010014935593	0.22194705828851183	-1.447175724884177
55.619468328694637	-3.3513016221459853	0.00973490171450863
56.53725293166098	0.85617140053515117	1.3419016577969958
55.58403624584998	-1.9371430675663579	-1.4925178225055871
56.424699824633784	-1.431850952251928	-0.77999558020154192
56.208166409710728	-0.81332461893431895	-1.6132594257073543
55.352393581488734	1.70880981930511	0.90220943970074008
56.323758405341188	0.9224978786505359	1.7176297871764514
55.899805673952436	1.5643493141751772	0.66947574178132818
56.992807262331382	0.47691133245960599	-1.7266792316667698
55.998973943191153	1.5581696654332611	1.473917245209265
56.275287069021402	1.8312423186490077	-0.57281976386026445
56.217279115763972	-1.8991705699491805	1.1753097961553569
55.836682992837332	-0.45351290007045247	-1.1660723790409269
56.48253019633971	0.65858856134038068	1.3244884430532324
55.789474116998576	1.5983479867514925	0.6035300048469191
56.88480536856153	1.96771198314037	-1.1606468525263591
55.333355927795914	-1.4068982968490882	1.5726888940795789
56.829066045620081	-1.3100491311994271	0.53053125353785657
55.268301708765406	-1.4600959563679969	1.5566133201410925
57.046410223739237	0.32093017306089161	1.668551585587488
55.899688732463275	-2.3004060467873617	-0.054657760016880365
56.640511021958062	-1.3811833211414501	-1.4453951089347818
55.649339636379779	-1.8404157286676091	0.91833932013447617
55.754583500940022	1.9380698624090553	0.065602712299525842
55.694778989091532	-1.6237054368503012	1.0237328968131145
56.656207994843243	1.8459586636578034	0.63511744385387292
55.236735635786907	-0.62218717822933134	-1.8831275543473933
56.131539799683758	1.7639688211702511	-0.73653522352043377
56.809983289700511	1.0292077246259888	1.5167922357274506
55.906363620226685	-1.6478567756892717	-0.91677361862886131
56.073413685717291	1.963890116520189	-1.0374765800010417
57.144827424772323	-0.55741851112450502	0.84213531804934261
56.925595446488124	1.5794693233097989	-0.018085507890795632
55.869800418276832	0.56507862751824345	-1.8686393124346752
55.622389722453114	0.29373648517350831	-1.485159065572228
57.022300228856835	-0.28171010191080242	-1.9128225234272045
55.764295153833238	-0.66765137387610962	-1.5272053315078393
56.0479185435101	0.87390381053203492	-1.5512086580080311
55.725757688140384	-1.3017548250527342	1.2731318237936091
56.111400574069741	1.5390668668508958	0.58113052559876976
55.467301195180333	-1.5342185345739243	0.63764421452969811
57.069480535172239	1.6098406793337865	-0.15345384641044105
55.83208495417194	1.8025214582234594	-0.2060324633867317
57.164011125791518	1.6467006325152527	-0.56278465664555488
56.050907655375248	-1.7445136108102384	-0.090279880490458417
55.351445427398168	-0.15323678616448044	-2.2749059316601485
57.0844259318106	0.8673765032170393	-1.5457215900458132
56.114312851347769	-1.9327311206098881	0.14016560432487249
55.580267060772172	1.527850934659682	-1.3405076918561687
55.350070464024981	-1.6780916138170245	0.89794309538344796
56.334703764289749	-1.4017246768275646	-1.3250382332285595
56.693678634958992	1.8912979938835612	0.2348957660228258
55.992029332507059	-0.70590143744489808	2.4485787254684923
55.345834661412226	-0.78036913781670603	1.7775293702037018
56.728436821844959	-0.44361434883326722	-1.7573488646504856
56.084709424698751	0.46895422641623774	-1.7125840917953616
55.320301713290789	1.3029462922684485	1.5392664748332165
55.829981645950319	-2.2474937540561664	0.21192262085245467
56.934548187758388	1.5549657211108103	-0.66105668576095289
56.271737138118645	-0.30562151890069644	-1.5616571373975985
56.995468145755929	0.27916366914043411	1.7618632857431946
56.016932544136807	1.6737494808503757	-0.73085171198307097
55.458874207622792	1.4570876339859242	0.98360535888966105
56.549143606092819	-2.1339715267575308	0.092460988718771661
56.323566344444146	1.3957250065215134	-1.743343312664166
55.908552072553519	1.2446152967267285	2.0313937482040805
55.924669333362608	-0.84988251432898965	1.4539077372823825
57.01814700665296	-1.6696451001208736	-0.96650889129005735
55.502121284010663	1.1706254654105317	-1.774760989766488
55.845375814845426	-0.38410624933494808	1.744264158777836
56.8766251056025	0.86011924349875224	-1.4741112253436788
56.365944251579407	-1.6184087159842264	-0.0066219037471770938
56.608375151243749	0.32732199927893851	2.0881276236575301
55.691088871079671	1.0600057902847932	1.5127584252997301
55.746277228523972	0.19507693353796624	-1.6961430284567158
56.288300621467044	-1.7602019963665032	0.24360420088409626
55.858167072622265	-1.7008872679629801	0.67277624461336794
56.695660783299552	-2.0601906221452775	0.35773372866541986
57.211117952845925	-1.2147743578264878	2.0676862436030401
56.280612815848244	-1.710390975819579	-0.0010260282983016701
56.459388215031581	0.37902556673049148	-1.252593577702219
56.751027103876652	-1.4755393188389503	1.4559199559314984
55.690604349919532	1.975574642451855	0.3329486794588285
55.735631413738332	0.51040760456566436	-2.0429543070435643
56.016959170417735	1.5505257446117706	-1.5489484714884636
57.208535521072157	1.7091486507975215	0.37566476639426344
56.028580689332735	0.7310505936692222	-1.8136003891651076
55.376860562766431	-2.0040169288985155	-0.70719225225394
55.769287761082758	0.61855702157074388	-1.4770373481525485
55.72498923427333	0.91529959848526665	-1.159500275384661
56.165411841935409	-1.4149639040960971	-1.1604406983000466
56.593110357760779	1.2751222656987669	1.3546382926291107
56.120651016637972	-0.36931489208250173	-1.8746184042536507
57.40865867089493	-0.51342393109657447	-2.0844256334845421
55.449401704878596	1.5810138043738962	1.11694041248442
56.603613109221207	0.3178016869681064	1.9652245303847855
56.172076000119283	-1.5625607153698502	0.86852081257001867
56.431162884947248	0.3006560191138441	-2.2563624795468162
56.255488210048917	1.9281692571169493	-0.080280084250422185
56.993958347725609	-1.5892813073411414	-0.24737698838628239
56.491840496718169	-1.2153359860411361	-0.82360291673621555
55.659599325044518	-1.677256953916209	0.78048524845067624
56.383988601347887	1.0410829216128883	-0.76738033379322002
55.843825154980152	0.38315122036495275	1.7050012248339439
55.584623765309914	1.3969693328501918	1.3771034333175005
56.763656729934731	-0.98278572985462398	1.4214625929305946
57.200275019988588	1.0350309314069381	1.1797804382490038
55.823022750866642	1.6412906762045854	-0.68752659301324981
55.853955197836861	-0.13562352424287494	-1.3228127825432641
57.143504706305471	-1.5433422186326546	0.42519350896899183
56.440592350581973	0.72578701653925615	-1.5566497322631387
56.515898447067187	0.3583113966595397	-1.5000722949672416
56.763828855939082	-0.83800201238481509	-1.713554760911111
55.523000563944677	-1.7819701797937688	-0.98725299760945096
57.047704941106048	0.91207976149855141	1.5301070662961826
57.193255971785071	-1.0679441345496172	-0.57015372993428548
55.838882013839253	-1.3351925886984801	-0.79298857268037481
57.245612264642297	-1.0936411021179857	-1.9804645984713012
57.020913248490452	0.58743931151354445	-1.7615979322545099
55.517323902469151	-0.23328830977702356	-1.77605077342998
56.591638502944797	-2.2077217827175817	0.94414007817126944
56.052878090147566	-1.0823048573293592	-1.2054790560113673
55.378289296285018	-0.087597887053796217	1.4540553416256812
56.304066386498398	1.5246713892848442	1.302883249863263
56.468935147266066	-0.84419027574204319	-1.1373826494829558
55.217894574617354	1.518931807381287	-1.1586665546214328
55.719267558968497	-1.0366566073347752	1.6323491420302578
55.704777305242331	0.54175729874946532	1.4274310332147846
55.964795398057205	2.1690836070248856	0.26213353868679745
55.992551855925065	-0.93900633823979851	-1.1709124380331464
56.050112583505879	-1.3702377671643626	-0.73598453802865138
56.207976751665413	1.5504622047597587	-0.017584666774571017
55.958624213791687	-0.053461841077781971	-2.2468160107306625
55.759729398475002	-2.2667795214015327	-0.17712248817451456
56.263573952829994	-0.88182387270865159	1.7567047442337103
55.596090751176654	-1.6139539959362557	0.6876081934095023
56.093480983661635	-1.5458184534209121	1.1095050399422381
56.727430030221271	0.24612888550298717	-1.9549722568153587
57.231558472822798	1.9989312796036385	-0.31370827658953282
56.668981707578389	1.2235109218386784	1.402424141564206
55.941561672716652	-1.1765135230778794	-1.5739342996710244
55.353695088405495	-1.6462528450666931	1.292312410353744
55.520414569787555	1.4028069849680305	0.23407337862654176
56.056313387071931	1.6189064687865733	-0.96008512189666162
57.35378913878678	-1.0473610698946929	1.6692210890401313
56.132640278882668	1.9392416535436603	-0.53136562069510407
56.977086577795369	-0.84694811258913483	2.1297326589106693
56.157546176394888	1.0641194488450889	-0.87099260298470027
55.990477019655344	-0.64501893869681404	1.7930444461698467
56.781896413693104	-0.93878423234349651	1.2060200304917785
56.398845363626307	-1.8988149087475212	0.093754584152305975
57.090793605636456	1.8490842359348059	-0.19238360575955427
56.691696435568232	0.038165441052440588	-1.9479252392221886
56.837433942932805	0.037204587414910777	-1.6759074227971804
57.395892951384297	-1.7911358421583492	0.011351986530945024
55.425250814791909	0.72275800007258484	-1.592208467918544
57.038098790458776	-1.571421717079472	-0.93494253076373324
57.043755560574709	0.86507301753619803	1.7475836645143932
57.2054627298808	1.355060172464414	-0.51197992267659354
55.539157096169696	2.3477209174062588	-0.039123668759890352
55.661922404723015	0.27217305821289034	-1.4682225792972061
56.508320667741501	1.8935946536254737	0.21301215133582349
55.51276898871469	-1.1009341678900597	-1.0239389710602398
55.566084582696881	-1.1741530675209315	-1.1663821176527847
55.376190178343002	1.1512063463033586	0.98886609850646556
56.537929776832343	1.0710155795282479	-1.1529707781112508
56.307726395902513	-0.86268368772178616	-1.6691236245712284
56.705244496004518	1.9630692212340402	0.72635292883747171
56.191146524705665	-2.2076285689534254	-1.6631140195301242
55.630148955587742	1.6413865001775114	-1.1817450023420319
55.544095656419643	-0.88341086572582062	0.71197684387827398
56.260310406679181	-0.062713775669421462	1.8852956621554584
55.211998537950507	-0.15211347789356022	-1.0522212267850641
56.859673430319361	-0.077268667286837386	1.5896309076333999
55.774148263040878	1.2000087978113603	0.98187209020914112
56.502648517548828	0.50739185157645472	-1.5182604659817187
56.569369242916402	0.52236489916437601	1.5260962827682543
56.874086602959785	1.9285259754973938	-0.48373977224916825
55.42620550094653	-2.4307579082879176	0.27470546133032736
55.746301022989179	-0.19725555308420473	-1.9358714357947429
56.747076980195942	-1.9230092421854916	-0.30205095921290415
55.766957871662079	1.5411843357458803	0.60328835683580651
55.631083042497821	-1.7619249507552617	-0.32675794737396857
55.560416535356815	1.6281164147193337	-1.5255069617101811
57.214925220205266	-0.22578638918092717	2.1028771503971497
57.29608020605292	-1.5281594822233195	0.89556744143752087
56.087660741062557	0.95319184625455522	-1.6990072455022829
55.978615523330603	-0.83160530732392834	-1.0125640988293847
56.351517246564903	1.4720257780312307	0.53767675130900427
55.460333451265328	-1.8714686622880974	0.67313850076960968
57.057866454350517	1.9719396303809977	0.026242327621628533
55.407182171778011	-1.1910693393884528	0.93228164032688898
56.907285148934079	-1.3595753647229643	1.2821264315399563
56.658286040968044	0.56310177289540964	-1.5302169914906456
56.209729870628671	-2.0978265595851529	0.021257802300994676
56.631189541869588	0.90242088812340027	-1.7043955340521055
56.26774253603314	-1.5898322899481805	0.59249218086445532
56.651070003610954	-1.0009397187278963	-1.0962074839023992
56.141640131306644	0.39545641764030881	2.3705349695261106
55.42804887336446	1.3531307577007523	-0.66935031653493049
56.664660282891859	-1.0271880722087121	-1.7587017678962071
55.963831778127776	1.1381546859860596	1.8469590282964843
55.402833367996671	-1.0543333655511511	1.6583362618801383
56.6973432615547	0.71649050061148312	2.2844613397322764
56.012025708283311	-1.435841505952655	-1.387655277785856
56.608562020711474	-1.9677894979279387	-0.20302837621122544
56.595230670893628	-1.7115653923317069	-0.62939938120294681
56.992250066619683	0.25603422426296324	1.7676162730463221
56.58285860284262	-0.93821435153034727	-1.5834089813739833
56.160048342309587	-2.4244709998941931	-0.10006049018562625
56.524007690010848	-1.2474780291836129	-1.0589864468062962
56.738403847017914	-1.1532911356732789	-1.3063579586133125
56.137013503161334	-1.3656110572336864	1.1078857337315737
55.330019431598949	-2.0795460539558825	-0.92364504210399545
56.783566762335063	-2.0328584896563848	-0.464087866954842
56.283735338242757	2.2045852458258461	-0.14519033392115563
57.175687873140269	1.6765354185983607	0.092360818447126389
56.212607742635925	0.068799777824579827	-1.8429661536572475
55.416955456287802	-1.7395654667193312	-0.68382846250552054
55.612138514598833	1.3669021452984313	1.4809751897721919
56.539592732456114	-0.85775174205843285	-1.5950470001972858
55.738276825629875	1.0546639084849019	1.3681391771377107
56.686071442366512	0.58595255830373427	1.3968523258546703
56.33073687642031	1.8083203634230101	-0.056086649108256212
56.799149868098333	-0.33869382513814816	1.4059173059825611
56.567889083721958	-1.48404515470329	-0.52573455176874584
55.60286960306118	0.72331529597594124	2.1217601407174467
56.826803905906729	-0.22977403811541802	-1.5479352721825812
56.489178049818506	-0.70451432406818348	-1.978749136933825
55.461813061131338	-1.3732775124916381	-1.2512444350773855
56.859998974472333	-0.043023497716869551	-1.6879804127135352
56.267554003900848	-1.3902690599341017	-0.13691957467566121
56.988637787294685	0.53348931009561096	-1.6528812506723807
56.148837142925444	0.89192068719903217	1.4227931209221722
55.455468235736411	-1.3643753159686816	-0.74261777718729771
56.896356520691093	1.9091187259411075	-0.85545072837904179
56.662426961031471	1.35998647679208	-1.6078542832093452
57.256820755745672	-1.5603518705636026	1.5924531398080468
56.905309408334226	0.59988046263702188	-1.6255055747908018
57.074715038535835	-1.3301645348238309	0.8583240192825945
56.513936481083434	2.0539029004287448	-0.96943303582258267
55.265923310481746	-1.3427623987421771	0.72884918312765523
56.18588641938566	0.05275964907746851	1.2959799985335461
55.444405247919867	1.1128094728450579	-1.6840047372271552
55.496179689994534	0.12712462524508425	-1.0604514444302751
56.856069123411707	1.6921386455003851	-0.2435430597398027
56.242953184669297	0.9720454670036579	-1.8671125414571292
56.614645983413325	-1.7008428524550763	-0.72250595226528735
56.339184092672355	-0.25463730716753158	1.5554315231536571
56.166404090641862	-0.83782839228203387	1.5516784003190349
55.705250452638161	1.403520317784027	-1.9113306141892075
57.343608651743658	-0.92014904549871335	1.3868119878492555
55.552928764274029	0.21388694047301154	-1.7518141314212332
55.765758335533398	1.2589415305987481	-1.265840361088381
56.311369693576559	1.438816335606999	-1.1167167818189101
56.665271070994081	1.9481490957345344	0.31954764806937597
55.901982922078133	-1.5024506954974621	1.5854452960306753
56.404290498001657	1.2229450088812566	-1.0022851695362271
56.781327215724978	1.5123221030522078	0.8204176857583132
56.534990106226893	-1.997389531215227	-0.51909211797345556
56.667031241516156	2.9920664580277498	0.8743231709364937
56.41305162603593	0.7519907687683578	1.9319874342593475
57.072237724592291	-0.67178972820903948	-2.1301575121696188
55.119094585049467	0.078208873680936944	-2.247035811540206
56.629898071660428	0.71307383262028745	-1.9439448362564671
55.461884628461334	-1.5085705025109726	-0.36918729679590245
57.145186092153551	0.59871657890838248	1.522587032948103
56.653042205280414	-1.8487603075973984	0.5017735377722955
56.828568282362163	2.0983518529329022	-0.46343459202698034
56.19838011092623	1.7427350141471132	-0.46607096334827197
56.522844602795786	1.3205334899593222	0.65747858985704843
56.818764232744201	1.7312049282627393	0.50104607960017866
55.73146415668603	-0.64412472670514331	-1.7213444915147149
55.779393839578411	1.8614242947838029	0.17926750750245699
56.795936572999594	-0.3115044458531131	-1.8022904150280961
56.533258797380697	-0.0043335585355494134	-1.3076104741945238
56.01285320486339	-1.192320314707878	-1.6748639755893786
56.568522607033408	-2.0223878484466198	0.16480196605489153
55.408013727045457	-1.3550341406229427	1.2053081705032649
55.933772327053603	-1.4873351487657585	0.1696509971656035
55.915742882019096	-0.65595715423161083	2.2006473137338829
56.378000605656922	0.48914317548599368	-1.6319259476410914
56.112180094651656	1.6251730400725812	-0.80530068729885507
55.848027793289219	1.3794551881704602	-1.2324086231557692
57.079893137349138	0.24263855802002865	-1.7903854306775824
56.011751642094644	-1.9697364926048935	-0.083856406945687745
56.753589667325961	0.5407347107895083	1.0248191306961956
56.916964121900811	1.6640598174181385	0.44409866326958375
55.714282548421998	1.5617118964683938	0.20694010110272934
56.842130999583972	0.020494291437828768	-2.2400814679682428
55.889850008314468	1.6272573897403702	0.40939510557827347
55.666926391485454	0.13980339013962845	1.7713646516038182
56.870724578656443	1.600915272257363	0.10848751423200582
56.455679682166462	1.3386343935648657	-1.2647909254639746
56.75749203243884	0.90712774236839655	-1.2777213812070964
56.555261628587523	-1.1221850902176955	-0.69674104494267319
55.583643670308128	-1.3580555192964616	1.1169950526738242
56.103946343994643	1.9748431661758674	-0.72183679948643997
55.979012950208642	0.22053011405397854	-0.7984960423822407
55.519033938245713	-0.91893073314157758	-0.80444475264334669
57.082010103670392	1.2335487045988256	-0.23532064988741563
57.105140663814566	-1.9230231518106744	-0.46184970029146238
56.378602406168582	-1.7770485209383742	0.49548380583300489
56.342857009386101	0.61607593156375862	1.3497987647555068
57.205376969955473	0.1835983349349887	2.0115721998731582
56.794028507063473	1.5210990914904181	0.6791929956607875
57.300202964125504	-1.2910209381452986	0.9129745092628363
56.701930079241933	-1.1643613847250851	1.4769278744001235
55.990535728216422	2.2665923593782513	-1.4676193687385124
55.92845376695243	1.1162736145559278	1.6099467153016367
55.29827233768556	-0.50110451535240053	-2.0348142292216274
56.357445072200491	-1.9073970720294084	1.7557912566481058
56.89801328122158	-0.6413070533311821	1.3319703769123854
56.933120313124753	-0.97433136181457802	-1.9605470667230833
56.204616989062899	1.3314040222945214	0.012936290994118643
56.776617620794056	1.774883974706438	0.4019559484330168
55.525893791443018	1.8248138939066711	0.36592544019072409
56.724990768273656	-1.3778036227418422	1.8537805317782501
56.552332881690816	-1.0560473446072736	-1.3404817150878987
56.726550638250757	-1.479153805644454	-1.0175089318158679
55.738655861372571	1.2997284361344594	0.76325846976800849
57.020991407804708	-1.7130920610561526	0.32585900357280606
56.865992787851368	-1.3008613259880974	0.75259683713166536
55.512622874805615	-1.9435480086341252	2.2500364323363042
57.18697087320416	-1.8058772822265401	0.015575169169441747
56.653989385891016	2.0844028893504234	-1.220188170541767
55.463749908268859	1.1172349918932185	1.4217763745409073
57.167327715321974	1.392801017918222	1.0553632070165611
55.416822284954229	1.5100748360010789	-1.1293442599972565
56.48040896807025	-0.3059726879146068	1.976922904158527
57.163695433516182	1.7364242857444288	-0.70668257114006872
56.543837810791281	1.8619217238345238	-0.39557115911369423
55.866423270666289	-1.621263052747713	1.1371809235543526
56.630937883375843	-0.33637221742946627	1.6136927653637516
55.284473345110435	-1.4099494905094614	1.2121991094573157
57.239649449303094	0.36134044893863487	1.3150674050635676
56.945310454259612	-0.93351860985551183	-1.7845421282140008
56.396796143330569	1.2037899385971074	-1.2843857752708649
55.740850468249363	0.083939073382984938	-1.8200275584933028
55.296375573014615	-0.70807002778229877	1.4362569729482459
56.634233188096786	-1.4224592695944351	-1.4598444683702037
56.932031395364305	-1.3937529653524185	1.0908462778778076
56.457184989874726	2.2104380862975073	0.20635492292882782
56.805102273962639	-1.6030724980832738	1.3751641672103241
56.252993635261497	1.6143172193193664	-0.34350977593328347
56.317599586740421	1.9830310977836454	0.18465878471785652
57.213548241822046	-1.9776217914883016	0.44803776774984094
55.909927262706034	-1.635870943183203	-0.64100935399547276
57.157621914283787	-1.8002933183917376	-0.084573195331653764
56.249392799355832	-1.3834181825409093	1.1122809037013863
56.443412133797693	1.9095366496065938	0.14572033704476925
56.243142235583043	1.6729687622768357	-0.038882465770699474
57.074863442156762	-1.7294492143100835	0.85005826519490679
57.047499870687268	1.578803650355364	1.4417090839113398
56.191457524180024	1.4139426796974306	-1.4028430532673619
56.194123696992015	-1.0321481977671774	-1.3512289975441139
56.928776523071321	-0.059503553980269991	-1.6542154917918122
57.029714723464139	1.7146698916539374	0.28434426348105446
57.002820198394041	-0.91032944936894167	-1.326110950109294
57.297698011360438	1.3556184419449726	0.86976497744296721
56.231084619164996	0.13847652816700062	1.2920156286048001
55.612833106953893	0.89582807116853291	-1.0462015703520062
56.147380362907185	0.14009434624888889	-2.1828042353203405
56.826831833619721	-1.2590397507573763	1.4776090434937423
55.972412272570772	1.078772681725835	1.6565611234052366
56.7798576665421	0.85916189549362432	-1.7196909419748934
56.794803313220442	-0.49928493306426991	-1.7056497318547887
55.938950817376629	-0.10127594504311949	1.1230159220093356
56.827043326874374	-1.6994868962877574	-1.2390128742033972
56.51004218247715	1.6643981778751737	-0.074251333165180136
56.715156059930003	-1.1060946593190788	1.4657430190037999
56.810593591882522	-1.4852231715584332	0.63730314314674152
55.916285002917085	1.9906660337250581	1.8678588872603636
55.901048770069586	-1.0353737290750822	1.6682733686815232
56.597924181282302	-0.84797113785633538	-1.0121551674743132
56.122743810557601	-0.4533462072344725	-0.41789873101432795
56.798217727783985	1.3386486948599445	-1.2462758066909634
56.447165552290642	-0.70051707577366074	-1.7069322118792289
56.088869930478928	-0.28329432154419021	-1.3784045787906101
55.445907912092004	-1.1383072248059585	-1.3775718494210136
56.69270036250574	-2.0016881297893994	-0.88102245023621661
56.917746843408999	1.7148074993215752	0.88148482041028897
57.231228013416143	1.7496383366858852	0.27490316296116757
57.153954842949624	1.5039149000211709	1.9171755845509801
55.916252667741915	1.9824021675403933	0.040148170968494226
56.017483685293264	2.0440675262127459	-0.64089787984445523
56.726124931534734	-0.22604025189373189	1.4981348378460626
55.294512971550517	-1.1963759381853758	-0.77281773614505356
57.225808974823011	1.6784219462607586	-0.36416726291035295
55.798491285193123	-1.4785566157306664	1.289234194633267
55.720213881337216	0.70638675450797372	1.288378150043255
55.776109608993522	-1.7839325387847293	-0.041049453406677247
56.854438416437532	1.2654254707869586	-0.56636174509831405
56.464726248889995	1.0088035937329667	-0.91651818479416214
56.580664043258224	-0.17471259282268051	1.8595053834969997
56.386529817726604	1.9046523110461453	0.13370210090240087
56.990555962389372	1.6682865755199381	0.21918326715547881
55.729554028219106	-0.83926903736773595	-1.5618571991105339
57.05546227977041	-1.6574913462855758	-1.1535372253145726
56.661101275246978	1.4617454177744984	-1.2892614206292305
56.636345056658897	-1.0338370308849236	-1.4506192039537731
57.1242815841211	-0.38920051718392856	1.7819319221848324
57.268648553773666	-0.2392347728887958	1.7222847735249764
56.553611381159229	-1.8237507210557296	-1.0200612141234728
56.958427175135469	2.0009104159355884	0.01041322049287329
56.10247206211664	0.44599935084472414	-1.3347204770472321
57.036607185212304	1.0922502331281752	-2.0241869590290995
56.810172602605959	2.0220848003830025	-0.30692073968494948
55.98241438436979	1.1075918160969882	-0.37625089991084881
55.331996456355924	1.335643218547359	0.21733338971010591
55.494873999525232	-1.5187097542891161	0.77998676671717537
55.881927606416923	0.38824168538355497	1.4354865418016665
55.930320312968398	-1.4010871138404868	-0.5247954718178045
56.742179146035106	-1.7915168480256061	-0.2860335607320878
56.966770523555788	-0.77923673411154692	-1.6472946653316745
56.71569319754424	0.98012357403227957	1.2035112644452535
57.090711139445602	-1.3396686640539202	0.96583760730384705
57.254624957416915	-0.56581432077841709	1.215119151458252
56.587174195423174	-1.8070575718254482	0.93169803223939662
57.042639075244345	0.65350940798058499	1.3208851553932959
56.393258388213155	0.59494462894582201	-2.0828524235376209
56.496534654285114	-0.32445312405746546	-1.9798467450544395
55.585324812160422	0.42990887722479526	2.0003565085307424
55.447783025472681	-0.10238049487905843	-2.0925530299476307
56.006367500250924	1.7844805513345314	-0.77607030620873374
56.946270001223745	0.32238179555723501	1.7110754278317513
57.126181176774573	0.8528845058724901	-1.8259801808283309
55.958538800623153	1.1273012285558852	1.6429340605915803
56.389665383233805	-0.23439230806517608	-1.6868103135397314
56.940966874545865	1.0527504347658152	1.5883213135756136
56.485656083105653	-1.2829827147531543	0.53039247686006896
55.461818957383777	1.7702696288470585	1.2429763145869441
56.243412808002212	-0.0062873085515870496	1.8720439193307985
55.702483748550613	-0.060675019502942421	-1.7112955920869022
56.838818056653309	-1.5227144931951571	1.1940250112417903
56.491261800630376	1.1282016560278463	-1.3357565056625447
55.461173928045042	-0.91272761938712743	1.8178833992267975
56.343960679580107	-1.766221334001965	-0.029961887122953265
55.331195189216771	-1.3748318191552145	0.90080681288879494
57.138673745598965	1.6268277166072056	-0.70242765832282172
56.490255117180766	-1.1372186537201585	-1.2226735022081547
55.735908269307338	1.3552608085900808	-0.34279663240374275
56.633311343696015	-0.10949456113880719	-1.929105575525051
56.722488657168832	1.6929151096662503	0.1351037100643496
57.130258594938581	-0.83424589774577262	1.7308201450162577
56.295251541874862	0.905738895825281	-1.6991508694636579
56.91035781311701	1.9657919513403466	-0.56113360401265155
56.935488333427323	1.2065744186171472	-1.9109979698268937
55.478804244042173	1.3857096748397124	1.6992643845279163
56.174119478738177	-0.35186173615327621	1.0214230158625583
55.827771347260359	1.2027200745179176	-1.602561053361047
57.217789648977259	-1.6950307170306897	-0.33989140803599383
55.460548145115368	-1.190365131965613	-1.2360106443683621
56.618330992255594	-0.96401880761961201	-1.4420404034448571
57.040148294859605	-1.9700014498041014	-0.62389347802554918
56.518341158571701	-0.66337268392139526	1.6471693256077966
56.339975971456283	-1.3814336481181337	-0.49397744946861522
56.751717333978526	0.49256772971288998	-1.4691269243379947
55.570538633940409	-1.6907795349912496	0.64663882792249827
57.023693374014798	-1.2391382404904134	1.368558169501106
55.479333359782544	-0.52099077464676613	-1.8327381491340109
56.478238892586752	-1.9037831736593833	-0.087261596409948322
55.874683939566658	1.5410352934296585	-0.80188569611220351
56.681002979637611	-1.2410657413645396	-1.3656934361909074
56.258297304234922	-1.2988301471121513	-1.2196212401985351
57.023218125100257	1.3843396123940654	0.666806404558415
56.896838246838783	1.7507612341339234	0.078273077226474905
55.621763017805257	-0.028996246755325313	2.0432266379593234
57.043617419509005	-0.49438518861759134	-2.2012954894206231
55.693955473722305	-0.32243963074435944	1.5075071853132294
56.777729611453282	1.0487859427227963	-1.2665405839309174
55.600858337596748	1.2953277215934349	-1.3155453791794154
55.709034925591766	2.0407611862280124	0.084427149184198358
55.708634568661296	1.7169789309317345	0.018110451998625023
55.502756770144209	1.9798873498871601	-0.54667564609780817
56.485386347520866	-1.482200090901219	-0.71827398791720165
56.123964479587819	-0.18421514946341117	-1.8527833098503517
55.20667776937853	0.082651822251485207	-1.7212684912811103
56.232522105520097	-1.9051435562206642	0.73829888684347988
55.329347012860389	-1.7075665198031944	-1.0549563359901801
55.46484252448915	-1.8102097903809009	-0.89927289741258543
55.821028408246299	0.14016714799283855	1.8556118422141312
56.326065922731161	-1.4979524496196031	1.178139008241196
55.834687782221437	1.622754468238407	0.24983165998285273
56.216402374694667	-0.14871703867021638	-1.8315182011123354
55.97114727883136	-1.9889560660206773	0.14055516499286735
57.197912809847104	-0.84035249209218776	1.4733050203610856
56.884942086753789	0.050613360989844675	1.744310486601498
55.418652894802811	5.3496514967067128	-2.457017573407041
55.820655221560202	-0.50047032068407704	1.9425405687441843
56.082466991800764	-1.9785328865918794	0.069051855072436566
57.013269420593403	-0.074768658328910456	-1.5392644739859653
56.310136589429909	-0.075333754012985463	-1.5549188185251051
56.11700594497399	1.1144431107249184	-0.91777580156986893
55.198761918882525	1.3677302827597388	0.19444086721102058
57.019021093643502	1.9071526043184082	0.31655846517562247
55.361784224483195	-2.2258633701003103	0.20489760366562937
55.514394092772626	-1.4867113650192807	0.57775591433774698
56.109449542300887	0.094870641144124815	1.7875934301265457
56.350071244528465	-0.13987274672081934	1.604523856901809
56.005355239110969	-1.5983700753570564	0.26001801910919936
55.581822433362561	0.051418971815113457	-1.7862802188012779
56.426632918066886	0.35039208291980767	-2.0661471861946916
55.917921869425342	-0.049249582452217354	2.2385015201961753
57.031464575416962	-1.4827358021494683	0.54679742505229001
55.699346691505916	0.23280002104084729	1.452783404833468
55.726931309648243	-1.427063874424912	1.4022346315684491
55.743782682694714	-1.2743858672523389	-0.55968285062936285
56.39032258349215	-1.7766307346890728	-0.67955495324514525
56.135592356619568	0.32965196100289113	1.6345681412113608
56.770105683588319	1.8827551407444032	-0.45960212632368286
56.788204906129351	-1.4490715693197334	1.007831158510061
56.132151165200177	-1.5623407408290397	-0.56841541188371503
55.814951782691594	-1.2959583559606458	1.3541599887921347
56.031884124108764	-1.6268601276596011	-0.89135453751757432
56.512609892147154	-1.8502244708316691	0.14999034402606229
56.21763636191325	0.94155341298822259	1.6270376560097377
55.398165764502984	1.1774858806427346	-1.264830011603433
56.966154426784641	1.5488882747124701	0.44540209055191471
56.398656193641145	-0.54898398370252677	2.0940415714878307
56.055105508002917	-0.66414445448894199	-1.3565027109626235
56.892205784885817	-2.0830194002458073	0.52078230317654572
57.064219383822341	1.4574121565316465	1.112995847953262
55.908667224157071	0.70065796252054435	-1.2075276757440039
55.301583537478336	-0.38203971227833033	1.5313758582831545
56.61245915205275	-1.5100038554824489	-0.086583525005129156
56.964458605865794	-1.3573622353260544	0.21236115407612716
56.457103872707151	-0.76277367038889421	-1.2702799107067622
55.989469377658523	1.6727402207405999	0.025271941912875462
55.791358845843206	0.35102028487455839	-2.0072149471955414
55.327167222933383	0.31274234660840505	1.5068489068974289
55.674500438672354	-0.62825991597357111	-1.2770894906067114
56.865710249602721	-0.34297361817584382	1.8121724104093209
55.980648153599127	-1.4384581215994152	-0.92078521896840948
55.716302949967556	-2.0239950831788609	-0.70231002607170046
56.001447269019529	1.3940441854812395	0.80619442609881165
56.25871417942691	0.1260425138373116	2.0197805574501109
55.139123015883293	1.6612114721941671	0.47459717436230531
56.37097116609884	-0.58849211693332515	1.8347598386117461
55.608983851572489	-0.30683360584026037	2.0108368410703474
57.085081663246847	-1.1996542034485809	0.60858202296043762
56.308920926936729	0.15552968897936079	1.9668346863738047
55.778851153277877	-0.503445054830992	1.8777857311822062
57.175166227095239	-1.1405763155707218	-1.5378139454696067
56.585903760876192	1.570208088457461	0.75637020175448499
56.657136910622938	0.018949394447359009	1.8939037210933314
56.735877583579118	1.0832476704373717	1.7568938002233823
55.735042099067321	2.1712539620505904	-0.19485815258908321
57.007228390916076	-0.47953742524943876	-1.6411317503180243
57.009946046033278	-1.6208775105303268	0.86248679690364716
55.431735686947007	1.1218584181928928	-1.5966946009278626
55.935724245908922	0.22360392151248179	1.2002278057050002
55.953691212358756	-1.6749055262683341	0.43096194538021282
56.431094629680892	-1.3708087860045277	0.96578827718238935
56.553196536493701	-1.0248354084871898	1.1571573551245629
55.831188292827285	0.83600245581760213	-1.5343242048437649
56.885520584573413	-1.9815364423325914	0.13926818966460444
55.659867334775782	0.74432691786165928	-1.5765692788817358
57.156471975898803	1.8342670483458496	-0.0097325819021440423
56.032067528964447	-0.9382836683790865	-2.2433818533860137
57.1001950123377	1.1315230309893245	-1.4294456943230895
55.879281257466623	-1.766357377546991	-0.28992851607008452
55.715249682218541	1.6177441696087362	-0.049148005583888946
55.664130025398165	-1.1332938251434903	-1.3840757668990613
56.179628661993846	-1.6198144368034015	0.34434689817289194
56.990598025104561	1.3784896517433169	0.56240948718098405
55.541657923949877	2.8100399418931961	3.0040729392818313
56.226307642520766	-1.329515511573012	-1.4617822999587975
55.991139970850313	1.2833759857588942	-0.65279258373424132
56.83420403629875	-1.8017363836550571	0.8208038370727494
55.948066532282787	0.48555398078530709	1.347689809711403
56.577832894026088	1.9216502755936646	-0.25643044709184515
56.223475324022957	0.7319508161160454	-1.5150949641935425
56.310040928727105	1.7862390043505731	-0.92890410419815406
56.284480725322034	-1.5689638829834478	-0.075100709791181483
55.560238202411988	-0.64173437916264087	-1.9949852384621136
56.965481098041202	-0.20717870645315542	2.0242293757566565
56.5239808074584	-1.2054826252520292	1.4308402694042663
55.424842424572113	1.3286882090004026	-1.3726375838018661
55.646227962344021	1.849602455587338	-1.1139665667938636
55.288864062890667	-1.9010059814395237	-0.12467799992765406
56.546082552616767	-2.1631258484712421	0.14450305529009011
56.865371162455475	-0.2715516588161459	-1.9806477743975461
55.486794665674765	1.8039521496020285	-0.065092306905708802
56.313033369862048	-1.3721471759179624	1.0998329237076354
56.717246520872934	1.2872753542880406	1.2034970846255126
56.568898954949987	-0.88373560300097753	1.3919662205483785
56.375022522266931	1.1423346573290207	-1.4217761781562333
55.742147097960256	2.3822599717199435	-0.25357891215502404
56.974270033359296	-0.31382290275817332	2.1230098087357803
56.669251596751003	-2.093692721013011	1.1667670378440584
55.6071161846778	-0.73257861199008567	-1.6249859261637616
55.872649585758957	-1.2091308326066912	-1.8557193396977432
55.473905978508078	-1.112822281883634	-1.1680453778457076
56.50712668597793	0.15107397665636979	-1.3350840579542829
56.779029489235796	-2.0316716596345428	-0.15998689151916251
56.368734153909891	0.50560069724796497	-2.0058538419947447
56.077560508129253	1.0272706660060511	-1.2913298634893178
56.379143171141912	0.39183611756840359	-1.6315135059261778
55.21800561934031	1.526967604205917	1.2459952531320686
55.29933685621328	-1.6824457738553402	-0.21535470198876608
55.745788856418095	0.17233196382450044	1.7703640348376664
55.461527454996073	-1.3156997808601294	0.17595193839864004
55.615520027371815	0.38008043030129557	-1.7146181488349155
55.289578035166215	2.1726008633211236	-0.30387135121982911
56.391508613990432	1.434148849117256	0.098820534169207719
55.344933690229645	0.96395737574592266	-2.0814155136387096
56.952463509755241	0.11044392682917721	-1.773104834598757
56.079349157865053	0.099339985000548262	-1.8086230030164061
57.055193496175946	-0.92329652367390547	1.6883457426476212
56.583663275430702	-0.32335705953270993	-1.3017762924909329
55.480203217105938	-2.555763854730793	-0.5489868687058943
57.167028441186645	0.21583817863755503	1.7639413605665843
55.573476606676188	-1.590403307795333	-0.1455123049378344
51.038239903257228	9.931911135961375	10.357364591821199
55.91171139986205	-1.8164427046023972	0.178117764394085
55.558348316815483	-0.69239487416243817	-1.8571690165359631
55.3540750535822	-1.975178317218242	0.78738486659022222
57.10328902418722	1.7754183281900577	0.67671577458829346
55.378120933180085	1.21287016404189	-1.5409470150261722
56.291698126444381	1.2882740859452519	-0.40050602852593381
55.640872155981	2.010491500845661	0.36040917796856192
56.507072621111412	-1.6513229795735411	-0.90023634747317705
56.528187006552493	-1.3295830873142576	-0.97705891895969577
55.991918603273284	-1.4835233235715057	1.114395193027492
57.081197564602675	-1.6220949166687471	1.7787733211285455
55.416932828602249	1.9459304709224412	0.76750260857890806
56.744434238848356	0.626989195906971	-1.8140264271687989
55.488187923089178	-2.1388066071567948	0.72058038086868414
56.651169237458909	-0.11832164851893759	-1.8998434560717481
55.897333626279071	1.4965821970384836	0.93805861833085791
55.802359125397942	-1.6569352750385484	0.024454166804132507
56.478835310934009	0.035810822862784988	2.1785891966227284
56.22104152556188	-0.14311612684160677	-1.5347447459692301
56.298403331462445	-2.0214465285525796	0.075600354135160905
56.401999347210662	1.0847979641782433	-1.5329234680927524
56.911214502612275	-1.4538559146669203	1.1085680053403668
56.427799303732897	-0.67860006455001964	1.7281786760653086
56.707591520534187	1.5545698131470127	-1.4670060912058802
56.265570355950111	1.3762255935640675	2.2960450454690537
56.463862078667532	-1.4677299686928384	-0.42581099566484282
55.768839167662918	1.9092999127878378	-0.64870465099240293
55.957762691980967	0.649084198071045	2.0734643636638737
55.630210740655407	-2.0732032881464719	1.3277686487131646
55.936500822679363	1.6075113793432936	-1.043416819143145
56.445974498576	-1.6422101249903973	-0.27197713756969105
55.340187789643323	-1.4480561987713751	0.74093105403619819
55.477769321029797	0.53166865065614322	-1.6274991740874714
56.404310371614272	1.3798244765930425	-0.72270660835526768
57.177918734383802	-0.097606316173770719	1.6876667741105893
56.491336725022414	-0.82999389026787962	1.8113927108495096
55.511460736149296	-1.5222608401034956	0.17697895821001838
56.318215913566213	-0.088965454559898696	1.8516913802162238
56.342602480029797	-0.82171104626937252	-1.7191975409631715
55.424321032373172	-0.001975830852011376	-1.9163500224055248
56.335077641054312	1.2932636764112555	-0.89776046658749176
56.804446777372384	1.8722813293306406	0.24483250121618294
55.696919046055456	-0.64366753066647586	1.4800905647469964
55.463549770874302	0.087266013490957792	2.436816362079302
56.502860377759333	-1.7548297045206522	0.21103718531170354
56.770637029605702	1.8955201140970181	-0.51710317266638062
55.447267359694223	0.66226336387935281	2.0034285828224978
56.888552686345768	-1.2357411288137841	-1.7483345739538161
55.587468567253914	-0.99781586909016562	1.3298660761663801
56.582408447689374	-0.85779314428419506	1.3138417579035278
55.531629568860581	1.3273529621995488	0.6061297322119823
56.392806024862452	1.5548165655855617	-1.0130574019446161
56.091372849859233	-0.40682889837966674	1.8834655846401338
55.438296649673198	1.6992084474607607	0.16601443442278291
56.662240213031446	1.8820058957036248	0.32344076998858928
55.916932469633799	-0.62208602076663766	1.3746763605174737
56.121225530640643	-0.29608147978347965	1.7650411449238379
55.62278673397649	-1.1218975656259469	2.1274684814324436
55.513209440639415	0.21377584465186963	-2.3519236704958488
56.662203106581202	-1.6303974480942602	0.21777863680448373
55.662364115625195	1.1894575415892312	0.69232043385746722
56.972553653205033	-0.18886816822825189	-1.8141825892240004
56.24141467937109	1.2052233413367064	1.8340788270546156
56.233384400318137	-0.11261171512916893	-1.6021109384941028
57.187403688956913	-0.50944953662487691	-1.6984028386007739
56.430568816593386	-1.1975227245210502	0.97411415199445428
55.31542511339881	-1.7618650489726346	0.069938642248750654
56.675428045708934	1.956063860607427	0.13638788773483854
55.395712720802251	-1.5201990867784738	-1.3159338109141632
56.479675295245009	-1.7396564457094998	0.63304992060543031
56.382545961317213	-0.98718603483002298	1.6596611104101211
55.429750734184381	-1.5520086629646306	-0.07528658369991667
56.027772238440427	-1.1406962206797013	-1.6699134978929244
57.28158486409756	-0.20109684651533513	1.702793250435177
56.109193152824673	0.000844782007579193	1.9736283811096127
57.061230827066296	-1.5101565644358503	-0.52465932530741333
55.367176994274921	0.3902828523652761	1.556213520176521
56.945171063344489	-0.56560214135504683	1.7867629624667396
56.017969867247039	0.96771700669519856	-1.1454094598325828
57.194727923795803	1.1940140198278357	-1.7028725987439697
55.940444950239332	1.2348065094879694	1.0588153658174464
56.42665130020572	1.1051765854386335	1.4470983644135427
56.78302135407413	-1.0243056409770772	-1.2735991786709611
55.404438371154797	1.3604316433759325	-1.3600341819152815
56.475252924200191	-0.97694140011789277	1.5403318752334125
55.625809109438038	-0.37453451076689503	-0.24356948827516861
55.281306502009571	-1.9234541885042737	0.32533775717850116
55.616750283847722	-1.1784448948054955	2.1961154805346643
55.547028868270203	0.30631374485184476	1.2063964272941103
55.588264928004278	-1.6570036390914489	-0.59919975967935801
56.050187036347744	1.5282741141549545	-0.83627668600802507
56.004878853345815	0.86950630277812846	0.57297646231535493
56.753361665025899	1.6893914875184	-1.184869805255458
57.16635581428649	-0.7197084930715083	-1.434553649887012
55.394392021934927	-1.3263015346814104	-0.49641279429895097
55.71046573514883	-0.56010019498171604	-1.5932873205727027
57.253356104517394	1.7055368605776895	-0.22725514716578588
56.709131429980189	-1.2465048844541045	-2.2974959611859189
55.936187136273112	-0.44786430829944429	-1.3847826383778112
56.013007582567795	-1.2274909949490029	-1.4276585139870583
55.298826638010951	-0.5793726758168527	1.4172783673230274
56.066509877640144	-1.3680358737478404	-1.5204939255839161
56.322712107284374	-0.83219861348358526	1.2613537089902951
55.615963475827506	0.96783371746705993	-1.4278200725678236
57.111029772457144	-0.88742041976431041	-1.2953580265248974
55.995792670091504	-1.7314585952775838	-1.378583308070801
56.418877758278661	0.3824127263103867	-1.4498652709145607
55.691248124735623	1.6552087968282312	0.62147701962499635
57.027044998206783	-0.44356656244775428	1.6058921505090262
56.093746789485415	1.4580177745658145	-0.34062345885305795
56.51006839321073	-0.50409221610132304	-1.8099742283862774
56.869127933881828	-1.1350397896829376	-1.3587846358567408
55.401040505203959	0.37518392736956457	-1.6803215176747381
55.80256671270822	-0.96165584737284993	-1.7842459960471486
56.774472529620795	-0.27635596897189268	-1.754612361767482
56.558152617771107	0.24615805957245029	-1.6019967186526123
56.454353150499124	1.6378541204083503	0.47476079787201969
55.363440905180909	0.79461672972790043	-1.8454650621522695
56.780563890718135	-0.54521571210612563	1.712002874280429
55.984295710269969	-1.3394393946691023	1.123870939407406
56.460221402109205	0.0079121622595399749	-2.2493198177403584
56.540286418022561	-0.16239625403128061	1.7715210104006962
55.274269928288781	0.3945195710768013	1.0775621777108935
56.377951010680668	-1.84855402151777	0.54962939812622325
55.577025557745962	1.9035242384158901	-0.12541018498032905
56.345921063329307	1.341951341112958	0.65877691112733672
56.065794897067001	1.6985441426545542	1.3286031563804312
55.796231465176497	-1.4704069555594987	-0.78742730798511051
56.879070962566345	1.0723431236835954	0.51856736534392445
56.871485423350542	-0.74638772316022195	-1.1254682425674492
56.672453349292248	0.76241146477163779	-1.8173151210212382
56.292736430660469	1.0983852020460549	-1.10911147431844
55.88901617447803	-0.72588026316177756	1.1679766089405828
55.501016733577892	1.7478966309101271	-0.82830268179032618
55.460496947662612	0.58107575983981108	1.6730279905193404
55.335153835582268	-0.19140189510738143	2.3547475601920227
55.254960923072915	-1.8330439741462694	-0.41293931852087956
56.596297246298988	-0.9922556108231273	-1.5864242016857368
56.350003046031759	-1.6359225803787474	-0.79483167935660837
56.208190493774637	-0.88424286399464735	-1.5119872411334054
55.799367510766913	0.46152778609363926	1.7425710316731378
55.96177520908239	1.7031178112777168	0.31967406962589734
57.220885383561914	-1.0296881254346719	1.4630783352575387
56.196383992570986	1.356300652201494	-0.88175542016536201
55.732838760480938	-0.96218581930288127	-1.597033208231825
56.524714506455787	-1.9680935441229286	0.42416242939670812
56.398526152094135	-0.32699360384519366	0.95571307740424993
55.979874066978901	2.3017939429087519	0.1995770772708419
56.224387621126063	-1.6192432376356558	0.35301535361222613
55.930439350926974	0.029190366307276148	1.7938683096581096
56.194935360164749	-1.0754977674627386	1.8364527361906391
56.977761902415068	0.25356449969725336	-1.7595863084750487
56.082216120705887	-1.8372153911735021	-0.097815200495381727
56.776106688297283	1.6124509152698803	-0.39171311325831909
55.307912467370734	-1.537917603869791	-1.2562415630297274
55.533169795452586	1.1118641502623046	1.6854940577183262
57.114873233742053	0.95126892546840236	-1.6720837550391139
56.665371159473722	1.0977025257193911	1.2057910648030474
57.184135379304493	-0.46882391460424588	-1.7310696521057589
55.703658726240157	0.56156518887804707	1.7234525147395205
56.037528583115261	0.076533502878419368	1.84611995457227
56.629967145685818	1.6408093699484232	0.58819463610793354
55.773987310137819	-1.2951916359505671	0.20597866256805902
55.244443670199672	-1.6323681690391292	-0.44135244943917895
56.123326565497102	-1.8650166403067496	-0.782875294930931
56.38225174926162	0.35719581019654001	-1.8829995381886286
56.087105975861107	1.1957388313509967	0.39826232564400943
56.952817121014938	-0.37097331810598627	1.5553227282911397
56.595007287881899	-1.868541072466372	0.16470606698774465
55.773097313537242	1.8617154931849917	0.97707697689618089
56.333248370601204	-1.5013473666313581	-1.127987860567625
56.006173125520704	1.5175410765348836	1.1822332936092834
56.405219616069189	1.6982877950375117	-0.75188862496564435
56.61096526052102	0.17565462697814416	-1.7488189796156453
56.090662322706955	-0.25314697364435668	1.5933458878855633
57.023831946541833	1.3849740483357291	0.83612831733189774
56.29405934000863	1.8072213611793728	0.64836740711232699
56.572243213587704	-1.2702361120947414	-1.4850103033708695
55.378310803338728	-0.16755573788454278	-2.0369245567791343
56.076779701063082	1.8903903926773531	-0.079835224747595551
56.57696111825593	-1.0804022793071646	2.3470291628445494
56.923461188167259	-0.89440837795490979	-1.7587592031783397
56.721130507413783	-0.97745138705548062	-0.062126082453464682
55.283624001644654	-1.3399036941637372	1.1771224617027543
56.815692305143507	1.6101694469614893	0.27498061089414638
55.190229839372769	0.17657545748449094	-1.9529575993591879
57.09213846890556	-0.81099385543782887	1.311599439569245
56.84999556666029	-1.33328564975766	1.5988314795967251
56.449395357751392	-0.7863861676218431	-1.8290571090192924
55.37369136721167	0.45816875292801734	1.6973331076531541
57.154489210053761	-1.6601433486577906	-0.94260418091404718
57.228758415083249	0.44223221818799863	-1.384817933426699
56.51721565020263	0.16351027483458855	1.5682414954664823
57.142412693949197	-0.36161856239072204	-1.6826564670948947
55.802285235656491	-1.850687102559142	-1.624555319137674
55.619241254737368	0.025979748650459957	1.825274018792735
56.208355970497266	-0.61800630327503003	-1.9820717039305893
57.151277829712335	-1.5541385674616892	-0.70869247198398788
57.156313996637166	-0.48044073223274103	1.4363551589010839
56.190691041787041	-0.038559014812668942	1.3873613157302194
56.573699226844091	2.1753189603956802	-0.46452484842894365
55.784645888511278	1.8705691048298361	0.18292196318258117
56.479005398513983	0.59312896101933676	-1.3730507689902776
55.991846434512993	-0.075366065222376322	1.2160381683538215
55.735314621513687	-1.6339419251094129	-0.050773877989782515
56.60792122065898	-0.85055292890631318	1.5129715132442108
56.727390757453755	0.72012056567279481	-1.7211876237171466
56.286234259693416	-1.0845894430855754	1.9869054291653381
55.385734731352223	-2.1348106502927258	-0.10294172472894145
56.37581777002481	1.8671176391835904	-0.93193788422060708
55.691500714757552	-1.645756763775758	0.83866883133134817
56.43973830760914	-0.4086038141355226	-1.803503250642891
55.508030216244748	-1.4829350791123543	0.27419582895171329
57.055633235628385	-1.5556257675628304	0.25603326148652633
55.465636804779095	1.5236189241866416	1.7263466377177008
55.856744785557375	-1.4626277392039175	-0.41694622407878146
56.503051408493313	-2.6094642880395886	0.11551326734813561
56.748272829392413	1.8394791539732906	0.24434910012641836
57.231860203380215	1.0660374968889439	-1.4166057053053385
56.467324108268997	0.35110962988438948	-1.6974384669387934
55.703767938048593	1.6197157601432572	-0.64790845135620878
55.971203561887087	0.16900589723514212	-1.6101590341828873
55.911501104462424	-1.2835752041255724	1.4638638983976955
57.25907408838868	-1.3528294759145656	0.7023519309792069
55.59675463081679	-0.10603340492748911	1.896604137058884
56.08165536936491	-0.99450512139950098	-1.6023517509849159
56.834526300329856	0.71838609371085194	1.2551460560602223
56.797885265108796	-1.5568088426843909	0.91593554032854951
55.771462190837532	1.781118551227209	-1.02971642389369
56.127057886540406	-1.4852588600564172	-0.79113261776934052
55.358335365401359	-1.4278917600208962	1.6355769733985908
56.426317728278903	1.2962522717583234	-0.3214205472924454
57.073353372364444	1.2770317688252637	1.4771837451737297
57.099434177831505	1.0460404017116101	1.7242890735133127
56.120409126189351	1.6024962425276075	-0.22214028239719188
56.636811385594768	-1.7360865829507874	0.49407385791133213
56.698901845996751	0.25538841205225071	2.3291522749655074
55.322013832620485	1.7231105288628288	0.87507182570473852
56.395866920863511	-1.5926242992788344	-0.37415171730621849
56.471143225335673	-1.9687364333274435	-0.63944738194610728
56.115073174275132	-0.53629465635621365	1.6766573292878795
56.502365509727383	-0.3805259727088508	-1.3366280548840554
55.651220677595617	1.4913569639377511	-1.1767664548082404
56.66305959526786	0.8892642419570731	1.2377585440700518
56.62476047111096	0.1022897612645795	-2.0575244603183065
55.717534967629668	1.4352431141607744	1.2327004395977748
56.168418319565639	-1.8872969288460495	0.52716768914403511
56.715719822574215	1.2645127344783031	-1.4778035245705272
55.890633795643758	1.5089906544025007	1.4276593099643184
56.602327372641476	-1.3963724614871607	1.5920655183115497
56.960565730653641	-1.7269056085477277	-0.24893081654300331
55.697808623153016	2.2250438274647819	0.76901361055011763
57.044639148775374	-2.1039373250962701	-0.42568195242858847
56.239960166148002	1.4166774381426237	1.5020339480420304
56.675046046365644	-1.523016382194593	0.74247185621770451
56.531784304610561	-1.2548643197838498	-1.1335748008037101
55.405571344501915	-2.1203531382021388	-0.25130878335464524
56.89050557053654	0.5444477591381639	-1.501652727264893
55.898088415890349	-0.58504848846565949	-1.9993051378053133
56.360184708728184	1.5516550957017874	0.42683509313353635
55.440688810977022	2.1117566531816223	0.58250903146536692
56.047260259755355	-0.39718379371166362	-1.8036508208474749
55.803068608846367	0.97691828003471193	-1.4635753775927414
55.854253974606259	1.7322953941841743	0.20946035218701914
55.391965187911715	-0.57381570771111601	-2.9314895791927955
57.345645767036395	-0.39757430663264171	-1.5968307142230607
55.620214015073941	-1.5564106307693364	-0.94697670247411336
55.590910429880566	-1.2116828331300726	-1.1139393683069836
56.170786828822919	1.5095169453917279	0.83555140084477664
57.234753613805651	0.50883081830622101	1.5812724218702821
55.742870518420787	-0.4348236403230949	-1.674976197638651
57.039977482965639	-0.024467178836369036	-1.5895612078097467
56.489339491597654	1.1697927400106722	1.0593346540146658
56.607968890786438	-1.4905259373157949	-1.067064946292914
56.733388446494011	-1.2230047699478255	-0.83803053990793441
55.57577958791132	-0.28198410462688611	2.3783626941467797
55.7173260249847	-1.4426491933890671	0.24153692144834363
55.444989226424894	-0.26094050372844918	2.2593175629217761
56.251990206949756	0.43862823087415659	-1.6728518555548333
57.253880406452794	0.050521496717035902	-1.9767020827377242
56.075787219675703	-1.9848963211339421	0.19418810036211351
56.563793050194448	-1.0993632524213577	-0.74958670590057175
56.216914024226412	0.96932067403820354	1.8922426897337614
57.067428201808255	1.6315033525509082	-0.64189557284487098
56.328534145150527	-1.3844903542830833	1.040127577265175
56.241366027620174	-0.21577423791025441	-1.5939407979092197
55.490027994565487	1.6992104946809581	-0.32650390359699233
55.425996074429129	0.64794820398493924	-1.3424468647943901
56.039319620862884	-0.96814588507138788	-0.94793603251839731
56.314800506915383	0.91900954096539089	1.2559645345921346
56.128755963753157	-0.70480796901858023	1.1914423716659113
55.908298461011164	-1.3592555438049889	0.83153885708587572
55.797488717308717	2.1006369484635274	-0.69066751288666817
55.600406747350654	-0.76135713882520573	1.4757880092481948
55.407695844823948	0.082575251532459995	-1.6622030175470326
57.006013981510236	0.8719940909921714	-2.00893056712354
56.74836884552164	-1.5386046016432287	-0.68377895161090418
55.787557856342104	-0.47344417687185236	-1.8116019932468568
55.669208172396992	1.2837955054349928	1.2496706102994095
55.332483831014166	1.1663529924573546	-1.1137320171366885
55.457059083933906	1.6830227038027312	0.20487951925017087
55.703935284954397	1.1548029779516462	-2.1787802442991899
55.30305477236562	-0.77685582883293769	-1.9245633138110472
57.103241561389765	-0.1606698061083919	-1.9508525072023026
55.876766007286108	-1.8170632089339334	-0.54782555902062224
56.273080919691878	-1.3303365095785549	-0.74402876762194992
56.157620260590207	-0.51944767481625398	1.8630773395045219
55.981264290178082	1.2118824790997929	0.43157496568883819
55.308177628536185	0.59129278003698349	1.5431545287799744
56.067817636348437	-1.0255555525002606	-0.17496155602627844
55.481031863386931	0.48952040868517155	1.007696508485477
57.28681520845111	-0.51129417617516382	-1.6399442131596194
55.643680214183171	0.91965571350305186	1.0152730880458467
55.820777521076892	0.71156372037558535	-1.1466636830323877
57.216368535552164	-1.2643946943921123	-1.3217425550263131
55.893441278342891	-1.7128354008659947	-0.027069904436842821
56.447878743003294	0.11212410328541772	-1.8144943018383206
55.950806469566302	-1.2057750091666923	2.1005155347873607
55.540274529934933	-1.9948318380399293	-0.31433447430378175
56.652339517659243	-0.18794561286535974	-1.8579356108084348
56.812865450106322	1.2969304741344883	1.1883652291328219
57.183300343774597	1.5984632904668219	-1.3705173833443429
56.840855320713501	-0.74404918580700385	1.4460234194969199
55.765752123093861	1.3095536924268547	-1.2748768227841556
55.840884660259235	-1.2019749678937259	1.4207563171516631
56.885863474987374	2.0282380219057004	0.47226888064819
55.346875227161114	-1.5177025189424629	-0.08399125954396286
57.173193030465335	-1.501604985969315	-0.96368382322656554
56.678588317516791	1.3474145058750466	1.0679399340517761
56.449441007153084	1.7902416465862105	-0.9431500115294732
55.535766920484079	1.3701401146315215	-0.39972649452269343
56.669701224248939	1.3629610673314572	-1.1515169660352627
57.132907469488352	1.4466028251832164	1.0828314901949372
56.422727860844311	1.6236379030921955	1.1781410058001398
57.007338906267506	0.60352691753306731	1.9958119806439341
55.684859110714278	-1.0802653770563597	1.433768417441335
56.068253483577557	0.048832230307674231	-1.8466970143058083
56.417516034609079	-0.66322345227294299	1.5746666401031537
56.416415525778014	0.63521526066570655	1.5095226132186488
56.711035670982739	1.8923592811532206	-0.61432662083681155
55.316126151868694	0.11376357390683209	-1.7860841182085487
57.224857223153364	-1.4262062293606661	1.202073185506255
55.304230094200399	0.76408943634520066	1.3442710365753203
56.407270638011695	0.0036552049639773988	2.1300224736708833
56.873457436740964	1.5897801542920706	0.37441756897422634
57.237984174802492	-1.2346868756397547	-1.254205215626109
56.319108429779959	0.34468136569062147	-1.7794951658504155
55.673256798413377	-0.97646699499609035	1.5378504817240464
56.352323927280217	-0.73651219210545493	-1.6937152466785548
55.694142389309825	-1.2122979789828021	-1.1555496014019981
56.512867230410514	-0.3703701759750988	1.7088581879938423
55.852429847938431	0.7697366840360893	1.5035483260341793
55.816646980270953	1.0473327324709369	1.3380272488670388
56.645330430156314	0.9878194538599071	1.2815429389392197
56.456762732370478	1.4787667684395744	1.0606784942807361
57.345484168392609	2.0906504650257522	1.2294296783363021
55.349704295520162	-1.6928382331144511	0.049141569994462245
56.854496831253272	2.1157695248686914	-0.018171854295431583
55.788115158855831	-2.0945819489461379	0.42522401497782431
55.844137079535805	-1.0334243036835116	-1.6403459110907277
56.847186112609819	-0.66579151039915385	1.6589747463598685
56.389344476614042	-0.97568015573951672	2.0914037134201089
55.376608014076645	1.0977838684225185	1.2853782033018528
55.710432031198614	1.2310099823488998	1.4262501464025097
55.477221576841373	1.4188790023901421	0.54224395185717633
55.798520190294894	-1.6879915745737131	-0.55388080850709187
56.321979233521475	1.0902433080233085	1.002592189213467
56.454763571429034	-1.6076302316042994	-0.27522528235012972
55.776518916334211	0.56550123478575143	1.9829824372763962
55.250248390210068	1.1662312854013679	-1.1343458050838737
55.524312500192302	1.8337185201175168	-0.6531424486617381
57.320000223461122	-2.2231276320800486	0.3173879138953733
55.602405892359492	0.31503538166826639	-2.0637100994995428
55.86214173100511	1.926902350954574	0.42849002061252328
55.990382366308062	0.93245173635737533	-2.1560650222750315
56.644153381720436	1.003159415301883	-1.2257443466367872
56.347474623155861	1.0065467900995473	1.3512360579773453
55.829811553711217	-0.33343688751641565	-1.5537553520696743
55.328644595904258	0.57143428790838158	1.7961108113107009
56.316627548856793	-0.8151227064515898	1.7659393762779347
56.253418519584201	1.1534748234961358	0.86089065938665676
56.531846266261788	0.8464701846419499	1.7871031103205088
55.847173594139257	-2.0038799880345173	0.89384617974042258
56.788505051077045	0.16659680263417476	1.8404831374050066
55.37718539752931	-1.4305643083922244	-0.20013989232425769
56.440077460042353	1.6688483317381246	0.61971351409349795
55.662619046129294	1.6320788437483555	0.19735487693720979
56.918657041442486	-1.2448458269172411	1.1861864026880593
57.053748001644969	-2.0344982292550582	-0.34807926633546166
56.636985966376116	-1.5198158146995964	-1.0703479829467895
57.03994314305627	0.76949876589832822	1.0566754558481812
56.299828013730412	0.064093419917388011	1.9354882596884686
56.891786218486729	-0.3362773994620879	-2.1336069444238044
55.49866277231682	-0.010711474587267202	-1.6701653838172896
55.749503648444964	1.5988668031631403	0.093828490932785572
56.80743743375524	0.41526323769372714	1.8775418762640588
56.731565066462743	1.014220665211631	-1.494985633361763
55.966933534859763	1.2260384413495737	1.2381821897410505
55.68599662599194	-1.1221358933878804	1.2873809553726721
56.030640287575203	0.52785834845341628	-1.3068729805657351
56.625849280597507	0.8992193912157469	-1.2504593502210819
56.940886469681722	2.1962134201712198	-0.070448428739674454
55.498569689269274	-0.069531343196816003	1.322519697869563
56.021893946061461	-1.4360285725303314	-0.19762963931598246
56.275856302596573	1.5730912863154787	0.17216307332066469
56.516706444213746	1.0718786752495275	-0.78060387506328655
57.079085426664761	-1.3022110263899001	1.1011698294085723
55.862742941423853	-0.053559392394368667	-1.7121688972663658
56.097130471863089	-0.093062250640241678	-1.7613745631357851
55.655303734863416	-0.4028921384469617	1.672494330691525
56.859233606792394	1.099491074882212	1.1998037716457428
55.605939810581674	1.3244864511471666	0.49095769545471851
56.66493893460472	-1.5404574607614483	-0.25094416656036372
56.018494711982235	1.7604789707765203	-0.58614575067219343
55.838394546721162	-1.4148667692321535	-0.99575708505374838
56.358754644170496	1.9185545114584206	0.50377796773820638
55.638750757091486	-0.89776526952549296	1.6376839694989664
56.958071807744965	1.7939535280571606	0.69389454292391406
55.849166698171075	-0.95631017308836241	1.5388459537034043
55.738304592248582	-0.31274112533917775	-2.1817967166140582
55.726699747959692	-2.3311525091589895	0.53148097561429386
55.674283931019694	-1.6989531749645221	0.47257709045986379
55.510930397245644	0.50523249340996812	-1.6953708282163886
57.16040537411979	-1.6994545035104447	0.64942012196970678
56.463111379445039	-1.003934013656727	1.2316540865936667
56.316273689550265	0.91601365079265207	-1.5701591437004041
56.132974443166248	1.2836745840707269	0.10080021585704241
56.131852893069279	-0.52485086555053029	1.8148426363476171
56.277670064531129	0.99087418812653083	1.312407286909725
55.399631351297998	1.4749910982914414	-1.1452205108476725
56.475129785103391	-0.28813265560561835	1.702112455596716
55.810198757879085	-0.49503422893620269	1.8563703172074661
56.244233180207125	0.83181464877586686	0.55299498069204378
55.70125414792156	-0.73296128354937917	1.3602771371382996
55.714168518104778	0.94417349757633884	-1.7149675966864362
56.492529341748259	-1.5389015711231993	0.71550815662240586
57.26252951964571	0.21828496101719488	2.0915304803381218
55.443479706880069	-1.7520053013015435	-0.10611154759296108
57.023782093254411	1.558999210467402	1.2122439614242742
56.128621149174691	1.5306877254476312	0.48881805778224263
56.150827389066947	-0.15475129812513908	-1.5526697462586661
56.166684680118522	1.8357775036019792	-0.94716162849965035
56.500889517505719	0.032658157727092817	-1.8693810090143272
56.284411519311909	-1.2559134624472015	-0.93041053784408112
56.174268732032367	-1.3645264939020754	-1.4690395772742808
55.678756701536109	2.2954585891134918	0.28111696848066248
57.022655304549893	-1.2381283885798031	-1.2884959463144541
56.437897486812865	2.0242779643649844	0.69339508617969348
55.646239346338383	0.86964503670540183	-1.3452847966747448
56.397998846861213	0.028926635565089918	1.5192818183065189
55.457364643986132	1.6325714872700399	1.7382546870685709
55.289454629134298	-1.3252905550207559	-1.144406659769593
55.665657034916727	0.67808407251817249	-1.7214892324526907
55.799671344143846	0.33813092220854518	-1.7259290894792463
57.263293951855019	1.3757873115375461	0.9293856200256968
57.071629916120997	-0.92429744195483654	1.3748730768391291
57.027540366975771	1.9027811784074977	0.40170526343834118
55.63248547990738	-0.32203462301729097	0.85246121145567522
56.431370267391294	0.8775153232675974	1.6240516537794079
55.186365746020087	-1.7641382447597145	1.2066270025641337
55.772446875826667	-1.6586163609971512	-0.998985559829484
56.473539158755273	-0.10585777873754806	-1.699975453083246
57.074267789569909	1.2994270084879966	-1.2785787743270505
56.888211192162792	-0.78598773493281915	1.3621812553059574
57.224252575129043	2.0077783228739019	0.60472242782027918
56.033862747868696	1.6717566953665461	0.75093692621885677
57.199827293930937	1.7137359002963239	0.012767092111359759
56.50026097417792	0.66967500336127239	1.9975074186648496
55.908870826531128	1.5258182973888321	-0.58546570158946032
56.56911787664334	0.23916852827768781	-1.5376148442885484
56.287815928618826	0.25246010813456443	-1.9738750543922898
55.903317515305318	-1.6924375508186364	0.86741780407438329
55.891609360196419	-1.2449731825950725	-1.28905066326478
56.505309052466622	0.49123055605906568	-1.6835898991110592
56.93756071194575	-1.4801643956554713	-0.31099714193086619
57.275984659345369	1.2881956265652532	1.3341199308198188
56.447877632914725	0.77590963642682376	1.4207457845103573
55.355066527454795	-1.6326688932102411	0.56965240758275271
56.789861739233935	0.95425911233896432	-1.4882937202456052
56.820299318377423	-1.7188915750859379	0.61838860588960176
57.12439105541295	2.0875165206050674	1.3851222458759049
56.307784496515964	2.0977285407850697	-0.56943759268811645
56.966034580240937	-1.3969961350217639	1.1560613925586936
55.367606232864802	1.7318535556758277	-1.0407798909979555
56.236153877641485	0.082588651424264789	1.7653467538027392
55.334442076593845	0.94264957378336833	1.4353995129708017
55.911767615251406	-1.728466274078581	-1.0181770327141941
55.759317561912056	1.6708652710375098	0.32922644778793875
56.326881773932122	-0.9214910825861018	-1.255263020552686
55.828457677413049	1.1367740229064913	1.1314343340223989
56.567066389112206	-1.1027483150640185	1.9521220196590821
57.138240287076997	1.3555602621353533	-1.3389279928158531
56.12129467767776	-0.00501841833998826	1.8824920632288005
55.847336643651388	-0.63449620939189277	2.0186086812468305
55.828559038189361	-1.4879262983716735	-1.2664978721860516
56.219648798073891	1.9062702684078399	-0.17626433715163603
56.251005977052152	1.6795029210808043	0.47005090824584161
56.169543920647278	-0.19200939103763456	-2.1383257443916697
56.528090288932567	0.028285104497266157	-1.7744138011230746
56.772769107608148	1.9239441377748536	0.27427425885654572
56.164943100050039	1.0364531574665468	-1.6475831882690541
56.46384824047496	1.7106432424589328	1.1119555841229092
56.47812127984362	-1.0449410168238547	1.2639558333461005
56.228561769634418	-0.46142984785993318	2.3014864759838409
57.219309952301636	1.8487665786100749	-0.38251788155306637
57.217357012960051	1.2778818891781156	1.0194327949040791
56.327538751028619	1.0790883825314681	1.8329045709495688
55.780622063581632	-0.57968356007614463	0.94184382884345097
56.299176873009152	-0.50303677946499148	-1.7819252361590343
56.040007396338261	-0.51963746513309406	1.571677214497972
55.688313384872572	-1.3402526829258603	1.2917119016717231
56.815185571599748	-0.21604204736980298	1.9652601192141192
55.830611420746855	0.8103267156202778	1.3491433701508235
56.43525674233787	-0.62260630370250258	1.9284377988585888
56.342516110039426	1.2255493232959835	-1.0646650838101157
56.226603501407176	1.1718948299071508	-1.3428524484193751
57.024088840260838	-1.667179013676602	-0.50391698399356122
56.336916489048946	-1.2724659961438125	-1.1628109320104385
56.94042388934394	1.9478581514523667	0.21346564654832756
56.369534457847656	1.6421314423071234	-0.47073427879363017
55.701637006921189	-1.0915721633628279	-1.5491273217215809
57.162735785136874	-1.7747007012836102	0.128815979292072
56.217681248429187	0.64213247045493149	1.7216046354997558
56.862232321136922	1.480093274115003	1.1110444562700368
56.218201644109378	0.84813364763682608	1.4194279885491741
55.578842235884771	1.5018064228960064	-0.76887674507928661
55.222881897667776	2.0946356030094875	-0.42057930187123449
57.025480120984426	-0.54311961641912354	-1.7582506404810123
56.655297841045467	0.41560928961968063	-1.8336568635384771
57.192456381640696	1.3758836486459594	-0.13204363813443434
57.235331137716955	-0.6537943116568975	1.9174269234225669
55.343507904562294	0.90086347310060133	1.4210474097433416
56.384982048691001	1.4564596069963105	-1.2739351328531916
55.471343823380984	-0.14848076445823202	2.2810355437148973
57.043320116666138	1.7571817786493713	1.1415562285033021
56.685547692621711	-1.2831854091119848	-0.80077981515062358
56.297287816239916	0.28386846501653318	1.6054635668835875
56.822265470415317	1.4985491902865233	0.96345054733849589
56.639502172324214	1.3377628469348402	-0.63150243109585136
55.441500765338048	1.686307124843957	-0.45099611104617943
56.689307114945017	1.9510514397135539	-0.51657793310366307
56.41566438322517	1.6688241302568338	0.92669642243366834
56.204149251630241	1.9703521362037344	0.023309898982980724
56.14876338974527	1.0589831882108265	-1.320878928817818
57.171886160326721	0.47422621638698448	1.7019604310089591
55.737493086873215	0.28182377884577325	2.383044530769979
57.057132950094136	0.11117188482475997	2.1607669080057335
55.668407764796207	0.6921733682396356	1.2352233476597798
56.837530607390846	-1.7384212985683876	-1.4370149199706721
55.637875883264876	0.43082018034662972	1.7709417263711005
57.054106573978984	1.8237393402330442	-0.32808937434306418
56.497925481669277	1.1744884341021697	1.1359465321705775
56.782079850133734	-1.6001007519742263	0.75346733643168451
56.903045670456912	-0.032802150636237988	-1.6934280479487573
56.088703107615359	1.159454937964647	1.7652309934108172
55.603349577868777	-1.1350407243959246	1.2395745207754696
56.92945533529528	0.9161447390835562	-1.0555196716296333
56.052709289611968	-1.5419573920985699	0.20347656474732148
56.409047288376854	-1.1694986195130779	-1.1711455437104983
55.75285508210289	0.91598893756968147	-1.0192160309833314
56.81236527591463	1.7080874483201054	0.57375547297199114
56.948618042563439	2.138543464867348	0.084598856373823597
55.845613868004065	0.24595235401749774	-2.2315377324265304
55.415795045002618	-1.8671763381051523	0.74997814718018085
56.732221033009438	-0.059909494331929908	1.8040000367926228
56.455785123386782	-0.56410359059536175	1.7068587853588446
56.384027805396912	-0.19247237617563293	-1.7971393425041866
55.404916826811487	1.8941529477614996	-0.5143156782951338
57.114372124042049	-0.49951903542027148	-1.8280456437126029
56.947330568991369	-1.1150150044090581	-1.3348914423052383
55.43117013345686	0.1416401839681462	-1.3211123167252481
57.188475849627409	-1.754605031485815	1.5319475571343462
57.068668481885219	1.5827380031425391	0.22243207694501402
55.790592650769405	-0.25655907303370284	-2.7159684406158737
55.830481595299887	1.6847401629930088	1.0819518208151924
56.49787371100134	-0.12220311864967003	-1.5141059515914483
57.166450462047102	1.9170269205765273	0.36222135174137365
56.499871921133959	-0.78066016087659829	1.9062368039975737
55.626867675837453	-1.3651377307599653	1.1666299099495641
55.313140841380836	1.0576237338677792	1.4603853566860954
56.526902332365907	-1.4120394255221733	1.0914837770507166
57.03362980988161	-0.37615388324711402	1.8592966477429373
55.847533696036578	-0.84958520779676838	-1.941398337473828
56.287476929422091	1.6557951456579576	0.88639581424703606
57.256817440304232	-0.88696719153657622	1.7007974807509181
55.939653655152348	1.7369968478531754	-0.27750446377004351
55.631362407997798	-1.1183856003004404	1.014830312855054
56.748586964809355	-1.8042750057054715	0.84304628764940504
56.197543734440117	2.0500111410564572	-0.89793074642374282
56.657074796609258	-1.0370396531332038	1.4506156656021423
55.416621980840787	1.8899378062163228	0.018077083003840196
55.811910001024941	-1.5347087541361382	-0.6102685077895712
56.438376050923615	-1.472362906700198	-1.678211142399487
55.311813577935844	-1.6546884920936504	0.89937421075137369
56.026553822267402	-1.0512117658018705	1.5150065647707678
56.197225341667554	1.2219392074570015	-0.49314441313418222
57.235879457675075	-1.9259834533212634	0.022109552468950609
56.35231735573435	1.5332200722194731	0.87201294642064009
56.140923041705257	0.66694165666653593	1.5145757792736958
56.835256824757884	-0.63719815521719536	1.9064793226834662
56.437830992042173	-0.67342331968746294	1.8622137033009345
55.951577124292491	-1.3628220916715081	-0.82898637236771133
57.226471635908545	1.2611985034607114	1.0791871966293016
55.398374682907573	1.693244607971736	0.1008029276730355
55.87396187080023	-1.7843533029598442	0.11697712293495136
55.916678933513111	0.5996946134794674	1.5539979925969518
55.465415523821896	-0.039542978711078931	1.712104695506798
56.997796099651822	1.3188248564671994	-0.86556568193549754
56.221297669824416	-1.2175658692504339	1.4322808490231536
55.415379677884992	-0.15704688980567605	1.5197823127161427
56.540114215925946	1.8768385789748374	0.62122773810242249
56.49927812944707	1.6355312808729263	-0.26866136000864366
55.845069984279171	-1.5733223687154689	-0.66755100235785092
55.423253295578469	-0.59733785883463542	-1.3083485087079962
57.184862334568066	-0.58212363445604354	1.5757769688866303
56.910768146702395	-0.32452049797914229	-1.8142995277071872
57.22251570401766	-1.4889280754538901	0.89224963232261345
55.707565740232099	0.53665044770258374	-2.05351884154349
55.76243308204905	0.033301839458050507	-1.585967914662908
56.746848568285991	0.75297671402898592	1.4018481959069293
57.241707380231226	-1.4802199509865634	1.0153544586053798
55.497789592793772	1.8620996161562102	-0.94986691739358531
56.590403208795522	1.0159591900603204	0.80764893085549061
57.11828432512592	1.2779479674613596	1.1170494958024162
56.124116263253249	-2.0568518191729277	0.56562430628969973
56.920780684535075	-1.532117077797444	-0.72165011894161013
56.732682183843693	-0.7968107883347284	-1.635074510684172
55.515528529221676	-1.7434840753362122	-0.17969704277248907
57.224221666863286	-1.1093858326651718	1.2621237917129342
55.547876934996729	0.28470099357310352	1.3218407820170932
57.135027216271581	1.241229032281765	0.356308186146787
57.114572902883111	1.2298614777695851	-1.067173670863369
57.126796987037338	0.259679132933194	1.7441672752920558
56.30105920521693	-0.47306613557564048	1.774995357711679
56.462908116329409	0.86239905562256314	0.47732659417829076
56.647593668992876	1.7673906769154311	0.48221842583274971
55.913655061534691	-1.5992421288585914	0.71480230527676303
57.373983322216603	-0.34500052518134278	-1.6092304371018507
55.970274015155965	0.1291030465967446	-2.2183188989562042
56.154858157439982	2.0143891063588533	-0.7584465179574259
56.783686083509913	-0.55155287950617082	-1.5393582449978866
56.507244711736469	1.6373541597470771	-0.32054475888284933
55.368490887872795	-1.6475148072408261	0.62540278270147331
55.882059688087985	1.4162429823725329	0.2204206662790103
55.557132719155376	1.0690999588564369	-1.2930214346916946
57.186742539084982	-1.7851545005084626	-0.30338167963407847
55.346792884266776	-0.33691726533705635	1.940554811743189
56.254386750687935	1.6579093687955662	1.2457099951174053
56.862820063152888	1.1583530499653907	-0.024169882090145901
55.492017319264747	0.78747326525558092	-1.4282151345168306
56.942531510534295	1.5536576244780309	-1.0701167290043234
55.567000978076372	-1.2055421428689213	-1.5273269404396146
56.928442713494022	0.39946142834018167	-2.1395460098110548
56.243676719397051	-1.5442377060052663	-1.452228261872115
56.839627697948622	0.25939502502827572	-1.7091417897702523
55.684352539561218	-1.5345472056962213	0.84066383864906002
55.852700009896189	-1.5073057883923626	-0.72249581175783206
55.900763984057932	-1.4236671380083945	-1.4235430513358354
55.644820030345549	-0.34810878480221558	-1.983384760096113
56.915308750640001	-0.085058318455336443	-1.8540476103722632
55.356367327780688	-1.8020400000818664	-0.35427065705976485
55.406583329210164	0.0069499432171999881	-1.6125450804634627
55.948371138878166	1.0566453738654888	1.2497929778712158
55.550278657687258	-1.2591494872294353	1.2971685028685165
56.215471652037571	-1.7115342229116752	-0.90475070473300179
57.053381417813078	1.774740136479718	-1.1361383588541309
56.597442361062846	2.1010925296844181	0.21196433928984235
57.258626949170697	0.40153318934240134	1.6043057369607705
55.429163837015842	0.94518586108053448	1.9338766544457326
56.176587352515774	-1.2898949866947411	0.46666406424418611
55.23223907249227	2.895608210615678	0.54865357316871688
56.288477611390903	1.6551777886582553	-0.97048460359343935
55.794443676813152	0.60883481460329658	1.7887199581873294
56.687266205661885	1.2256292974211502	1.7784838074651985
55.737056490540802	0.37808079668906786	1.4614750716436187
56.637856541456884	-0.81965974465301028	-1.5509147908753733
55.553486394161887	0.82724398627198614	-1.7755686133931601
57.196796349591104	-1.0801305476221843	1.2242736980063167
56.596247076511276	0.22885132796264818	1.8755045255270946
55.564929769828403	0.74926826799895097	-1.6607717907293265
57.138946737218909	-0.74662211110516197	1.6395165151383699
56.472982537440544	0.88082348738409366	-1.6507183786990192
56.135974997192328	-1.2221227373805308	-0.051593026935523999
56.787859140728131	1.9767500349624896	-0.86572179856983811
56.114894721015901	0.42385783009032324	-1.5200300776154332
55.970571634934331	1.585769147995115	-0.94960487684473371
56.690413641983596	0.55370076169379356	-1.8500337960041082
55.63479478288523	1.5603815994076506	-1.0110434585805557
55.980372416725672	1.1969996317570757	1.749881876185414
56.630240979305597	0.63303807742907814	2.0082981526075021
56.797213603961787	2.1519296770412182	0.18389186801601312
57.136973585360572	-2.0047866702149473	-0.42102052574738297
57.111840103361835	0.40453243277069167	-2.0805045016928969
55.821032067268526	1.4645742955827397	1.28415731064991
57.09326334386266	-1.8917502842515839	0.84221026825952394
55.375717621305434	-2.5009243168855377	-0.6938833962124078
56.70340527251949	0.92169653370617943	1.9242306173520862
57.177566639880027	-1.8495485135099885	-0.20908667902898606
56.850897443507804	-1.9751230087880118	-0.23253305141694097
55.906797244657021	-0.74130867630818265	2.0674844042422782
56.50544118801993	0.11315973505060878	-1.7496732464183691
56.948811225938918	-0.25449919173821456	-1.7502843455813475
55.616380101964523	0.88709965589620099	0.97941826844119428
56.873246495242775	0.061782559391587423	-1.7197506708725696
55.655684253041954	0.72682965617449247	-1.4702205168288283
55.362981921706137	1.3212809078568482	0.40705799430041589
56.33645632675438	1.8392525603898306	-1.2548483869533285
56.360981651587764	1.6649919561290911	1.5301424666592918
56.889683774848677	-0.68137754941513884	-1.9180871355028608
56.001637319279418	-1.8901637550831267	-0.64285313126481514
55.964373900235955	-0.38661893538097275	1.3434436980780344
55.978155383192998	1.1964726644318804	-1.3799668558064808
55.538774514398959	1.8163699592589218	-0.069396518550552663
56.268571155303903	-2.0999850412600525	0.51821725945188757
56.195816074811489	0.69127832146064327	-1.2626108769973388
56.816805894050511	-1.9667042329334052	0.071998946928431257
55.865863201588013	1.6267416581005949	-1.243560077129664
55.502833285856212	-0.13114506988844368	2.416374198209581
56.872183470567421	1.275209425245905	0.39849905259949364
56.658416698080025	1.4603559202838343	-1.6925392496426264
55.891230041565862	-0.08005853886156597	-2.0304374457222587
57.116267743923288	0.74607062657758072	-1.7996637055311244
56.626633613760688	-1.1479115841368457	-1.6833041848193484
55.946777797573716	-1.8385886894693431	-0.10487311662300439
55.63338637402375	-1.0888113424361514	1.8220304413835029
56.050453445824402	-0.011584311348273837	1.7336564240023455
56.118185335030972	0.89593318616343509	1.0549204073997926
55.820533381137601	-1.7841839280795593	0.40761035203561424
55.770307252184935	0.39730988055522648	1.7951386342037075
57.035611765879914	1.7636089782413729	0.51590912449337489
55.783355035945341	1.129688019714703	2.1156465451957569
56.767959324148713	-0.31961341582720543	1.5553242961366776
56.881145057742884	1.8894704622281866	0.56832257065627678
56.892421669061129	1.0016250960083963	-1.2708264758399579
57.109355507985605	0.071522012165919135	-1.5028823496165253
56.757686956483802	1.8135967834530748	1.3463111246334556
57.014394358590422	1.3478617579172607	1.5772433389219582
56.849030440427242	1.0613143195542767	-1.3476382215597318
55.982416346183335	-0.17541488083212062	-2.0590445650995051
56.311915051719559	0.30585463115810857	1.6195197030922337
56.885812167096034	-1.6700332414716927	-0.81091348378120676
56.180441252323618	-1.8397392594821658	0.99822365832180415
57.106871317806593	-0.99878908603819494	-1.2682504146665614
55.789149676301982	-0.44961516595921036	1.4812016252689206
56.562567441999079	-0.3028686088760203	2.0414779766556057
56.103953008689601	-0.75072274364892821	1.9512211780404825
56.683895286666804	-1.2889346872921674	-1.0231511375109617
56.773978945327734	0.81918121049086656	1.4693808801522164
55.399356807585249	-1.9797741892443146	1.0473872695946627
56.792005542561022	-1.6878310691428253	0.65735867387173053
57.077167220445446	1.7684300801233055	-0.41953100456792708
56.952672703786455	1.9921245506129823	0.82714280827726028
55.289416410288823	-0.37778612297044084	1.6509287559828087
56.500770746430483	-0.11285539456107074	2.0645894206665489
56.775271715740601	-0.20433639217939109	-2.001953030694982
55.379244529790512	2.1894942247985369	0.56163069356045592
56.400907919747709	1.682863429848106	-1.1540093373501306
57.147926536270838	1.4377553343701963	-1.1550619868785799
56.394841787762644	-0.16862947362943367	-1.7522181919990583
56.446465994000796	-1.9600379805445638	0.0016347253945117976
55.772747816353778	1.5397429872823687	1.3360302378616253
56.061144245487753	0.83796749213162092	-1.6899146283918414
55.787678337637644	-0.30632505649319275	0.78242512993214997
55.409559257526517	1.7487805991195782	0.82658330046796502
56.515861576051442	-1.5344853510244536	0.16731493636752412
55.714892274081436	1.7994918100966297	0.21749021986844341
56.197945943180414	0.060950381650690832	-1.5604895187966734
55.24844563657895	1.0082638651844746	1.5231502979185529
56.791392665555215	0.59053798856632045	-2.1648632056567707
55.600398261364539	1.0541710666033601	1.055664000618034
56.744456773896665	-1.3955587123942852	1.7456068466879255
57.020854187282531	-0.52509918028807434	-1.4825113804118744
57.181304916496529	0.8243251715106491	1.650421432549072
57.05065259317449	1.6017745081992236	0.002005040532609346
56.264989736759908	-1.4970531363485904	-1.4377173515207362
56.284530532324055	1.4731272885476545	-0.8318194064668476
56.632104771582149	0.79930576508283335	-1.5808397188106811
55.786215093062872	-0.80674494294673482	1.3677983506264726
55.990408257202816	1.2254941225645488	-0.69055335206514279
56.460441661145964	-1.9337820302155611	0.43352190503900806
55.608583903341206	1.3410549358636588	-1.2671841423389401
55.404797552871777	-1.7324787998564073	0.21098256278099109
56.306086712236301	-1.1378240385021532	1.1007633426859433
56.631473030871803	1.1887946828656222	-1.795871101807903
56.030565987500424	-0.87406592042165177	-1.5941742730873751
55.648284527007092	-1.8085257817834439	-0.046757215363614213
57.252454948758675	1.8415254702933386	0.22766643763764127
56.214224835891685	-0.69037146534694982	1.3203870249484919
56.08221262686866	-1.6959424506491734	0.65343808528338077
56.761649973883131	-1.4773157812616244	-1.5395017042724686
55.320562648884248	-1.1451301756086192	-1.6296113515807507
55.64297999717764	0.32987964973953809	1.7635752160574945
55.147966541683246	1.6439396931847845	1.0573952290707738
55.38349068619771	-0.72003121686094862	2.0753781372139071
56.426943262968372	1.9934188557190207	0.77478179837698147
55.645115024520713	1.7944375177772185	-1.0877608211042697
55.996463175468193	-1.1466992714250088	-1.5893772907545147
56.573249385480594	-1.5843612640207378	0.74556108714735858
57.314811354620957	-0.079709549957635364	-2.0521201659903823
55.751056738075711	0.4404860566144066	1.7658297892941126
55.698124282761221	0.23928321837774638	1.6473169993536954
56.030000608015271	1.3693015088342919	0.92322414274077202
57.019658248487765	-1.2547914599934835	-0.88256366300735556
55.823234285590111	1.0062103526442132	-1.5830511527159152
55.867967086608871	-2.1460242013893791	-0.19305554730424118
56.812623420869251	2.0368705378967817	0.14010131012177482
56.706984913081271	-1.80401252307628	0.36907556945292985
56.113868202453602	-0.91291556272343477	-1.5574941512295857
56.573767025618316	0.67893615983681099	-1.9447151501134179
55.529554500864172	0.47209170608881024	1.6878678443661774
56.743120388579719	-0.69999627398387387	-1.5754447067397963
55.51933703227769	2.00230684138287	0.64066890144353206
55.320735684001555	-0.19405984617440811	1.8204719580446715
56.305460085691763	-1.5361176570189456	0.89034267707095871
56.030369892210977	-0.66428542079545405	1.5134907507860669
57.019373430234481	-1.2412667018687584	-1.1364283059589444
57.162484675873593	1.3397712695114259	-1.5411476244715943
55.986669992077175	0.60160880686041196	0.64703421618922452
55.347357671735892	-1.4701475931644297	1.0706241739513891
55.785510944801032	-1.9362316858179565	0.26299174970695094
55.283211637984699	1.5449472468141474	0.08559365801212343
56.060436173417941	-0.88399229891790598	-1.5929502850405541
56.56380143117957	1.8042918545570437	-0.71384333180256176
56.484867809553869	0.88223030684399484	1.6180316754981288
55.39262135167975	-0.37335310786433706	-0.69618074618767056
57.119589050904068	-1.7425692036496176	0.89849140652917858
55.534737856070194	0.12125975728868817	-1.3053872707598293
56.446059830321978	1.3872568647098029	0.58395197970724311
57.309556100497595	1.7409226135789146	-0.024167549336276694
57.010938748460745	-1.418183013654821	-1.1879914818252939
56.152446730992864	-1.4998458023830414	0.23338103962611734
56.25163734250701	-0.77112796545807383	1.7662639052816127
55.872058790019182	0.7280176626114071	1.4526618257328094
55.622586412578507	0.22137885247743053	1.8082839340304966
56.055486845645575	-0.2808352701995005	2.0207293485285858
57.135947247244133	1.3797349120113438	1.50012659789925
56.400282814181324	-0.078675526724933859	1.6300108598808438
55.406191886651619	-2.2019133726188738	-0.73511959108627356
57.114962134372142	1.6913267011432684	-0.029430935690663337
57.115141525189074	1.4884963248980334	-0.092069698482207155
56.96869056366792	1.4006141279414059	-0.53436153238731587
56.086584620351765	0.18935514955146371	1.9597530868019029
55.656864769247846	-1.8337598071038315	-1.4091515123165708
55.886878747181093	1.8119314653668563	0.83599452245408878
55.965042838948669	1.1849218029316859	-0.83651314317630532
57.257953685034522	-0.38843575330611047	-1.8688815469878619
56.63454039229152	1.2794592957208257	-0.90662361407166359
56.935385197103052	1.385387087370437	-0.87092024398296131
56.690369317391493	1.2152554618035682	1.5747781779903607
56.193207584461028	0.72731323859129837	-1.5020888950396092
56.399429563418053	-0.47858614255938936	1.637117802707758
57.220151530112751	1.7737347897287903	-0.06760326834809649
56.418390183444394	-1.2754947957059293	-1.1761027554544603
56.844421343778485	-1.313606038055555	1.0304158755271915
55.85906535481773	1.572687867813586	-1.1744260679124352
56.265486445627594	1.7610209353274515	-0.68098418476698885
57.071702678959468	-1.0352531087847407	1.7585548970814433
56.40834041300446	-1.0079045444684347	-1.3873641904184431
57.20797189731254	-0.94001335731403823	-1.218503295120394
55.665076999016733	0.90706421033260654	-1.5228298087366905
56.378732009646292	0.89667089024963897	2.0542927825705188
55.624517479154292	-1.9458516768871899	0.4909686097984074
55.69374923459182	0.099157217258295904	-2.036727139162164
55.546637063717711	1.7108159832661238	0.14228834191681336
57.114981753573225	-1.4473102053003375	-1.3306184574968567
56.200521595890741	-0.90524824113244196	1.8550231137832514
55.418794556889175	1.4896344616831019	-0.52665670113083285
56.172020936130551	-0.20807584094134129	-1.833999053562845
55.875117381393153	-1.7247378682503529	-0.19363480174704983
55.784516226425282	-1.105470947810137	-1.6588392878160845
57.079592798624525	-1.1334094723527866	1.2981204466562495
57.156883242549895	1.1619402218515573	-1.2129019723106051
55.392287871115883	-1.4761202951490324	0.99778304773707027
56.987076152485322	1.3946928104774896	0.93756242688690039
56.43870161931261	0.64693875277481483	1.1105276024320705
56.54936293436419	1.2555589337253414	-1.2773296830932586
56.355902691392494	1.5093349713189093	0.70523420113790281
55.74829659665712	-0.90482905957692106	1.1551876357983453
56.03126000080826	1.4852703491038424	0.016904015409159551
56.803948574265661	0.55898806245162402	-1.669768060603475
55.587537187220121	1.6029244482224683	-1.2918833654055883
56.863012631970378	1.579669796124852	-0.25175369082744198
55.843263441942682	-2.3885055733931102	-0.041842318193002881
55.30097488819024	1.5626771957379531	0.25895316816037378
56.797584790937179	1.6880515584315214	-0.48222143940449569
55.721278204071453	-2.5157642851170894	1.2031194686905846
56.183462903051556	0.58013558428482159	1.3984602749253254
56.776052176742539	-1.3539215094691148	0.82464317482064353
57.075939800358697	1.5590717142775965	0.91043591755480313
55.867487998344622	1.4864934727907848	1.1332315015784968
56.210463055743155	-1.0298356331039333	-1.2145769728646398
56.234306110224331	1.6734771604243028	-0.89297104499933855
55.610924065110027	-0.27150602916302635	-1.7224126686800583
57.013859842327093	-1.142496554250273	1.4430151086700955
56.687231061824249	-1.5095490678380508	0.76823582068169038
56.536022040089549	-1.7485213965303559	0.76636227045250593
56.821971324885006	-0.65553453762903457	-1.7766853194119221
55.491390308155502	0.0029561951878159807	1.8842869043843868
56.689880540101818	-0.10078946933511018	1.7820433780706111
55.401093060814688	-1.7717172520759621	-0.12079684574628925
56.191382480825411	1.1968380972213688	-0.78572355126995685
56.575841792782469	-1.5101207832818737	0.76397589117392661
56.130569604407846	1.3532154271530423	1.4391765816317632
56.680760424558464	1.9938688349807423	-0.39671182273758865
55.712705603076628	1.8146797273738227	-0.089507084520329364
57.278784087549624	-2.3392862926994398	0.69884353053407733
55.429148968012392	-0.90614353540214265	1.3581538717537063
57.109459646247515	-0.47567304778356817	-1.3460065038249118
55.640616122312146	0.52284875595362379	2.2774264378086508
55.31092469247892	-1.2344402349347334	-1.23968680845428
55.812084611761854	1.3498594642530133	1.7346858541279806
56.600684367147643	0.74807594414780343	1.3289454896722388
55.835348562600494	-0.042276576166451384	-1.5420430410737274
57.060304395225614	0.42999549424803335	-1.7736990568605273
56.593588618469042	1.0216873312906505	-1.0127839772319887
55.413776718319774	-1.092082366088978	1.1695407082737386
55.465974402214947	-0.83168034541011426	-1.6937017817300555
57.054562517240804	-1.3068507129892177	-0.05531698085057199
56.46069971092161	-1.1432730117672423	1.4618980442954432
55.833308770113327	1.4411945537708348	0.85512339665725168
55.520927927118343	-1.4709683568446252	-1.0739837235445131
56.38028354362902	-0.55892717259284341	-1.7142041222162843
56.030533620535138	-2.2380373051524365	-0.19099746148974336
56.961967538307341	-0.77367114496438727	-1.6876546474577176
55.573017082192607	1.2274999038905285	-0.38604588200103052
55.343622941060403	0.70206423905835003	-1.2819290457059549
56.394772202469682	-1.7743712230218662	-0.1706674650690557
56.18144150455025	0.69140370571574483	1.6003288415471031
55.921913798922112	1.0382321558147802	1.7616384866655219
56.815706074133487	1.3867359813649018	-1.1557465629288664
57.023387751046201	1.4849514565455324	1.0724110546619057
55.485461256501658	1.1433252093269854	0.86949209935123206
56.496518980527512	-0.0062594729948849161	-1.5849348031404829
56.95912278165963	-0.93242460117608827	1.6983185153499245
56.353550142467334	1.6898746485040337	-0.6578627114434451
56.554487121916431	1.7733004681158948	-0.63460836849944902
55.333383194984158	-0.34299141702523311	-2.1901396892279843
57.079907652459113	1.7285136296981767	1.5919928924622773
57.078336787661435	-1.3384782971856031	1.2093275258901144
57.265975445152314	-1.3003088276395509	1.136227741058762
55.994492656780096	-1.8041109315893449	-0.20762239096047982
56.676224060489524	-1.2156099663804072	0.73441092758421922
55.915063556415838	1.50751118086354	1.3165686532226142
56.010240501139307	-0.48838777880970663	1.3682126877233651
56.730956251301755	1.1629086192286688	-1.1453221589401024
55.11803916817184	0.18522833237452799	1.6679254996352639
55.735214926821712	0.68374201606487195	-2.063955606749392
56.705307363955171	-0.82022897126530614	-1.8247846410882129
55.499473437094352	-0.059235701451796914	1.91771623862998
55.867001025057434	-1.7703000211702955	-0.84465107988336607
55.661246472587457	-0.78606817861413769	1.3187243058760298
56.885290330196206	-0.61360716848604391	1.401857195597763
56.635294471822668	1.3178339700849235	-1.2960640840403936
56.042719797089184	-1.5903733855372344	1.3356441886324109
55.697302644283539	-1.7689554409437056	1.2566524792088478
55.366854828470061	-0.17157501117683036	-1.5303215802233276
55.209407843881806	1.5245059394398761	-1.2538598963113237
55.520699430808584	-1.9930205098715248	-0.7477877526688973
57.056403746588096	2.0528026343540651	-0.018579510732835588
56.98845625083181	-0.48060504247170527	-1.8504491799540048
56.047524619607394	-1.8004508637338299	0.21112303318393885
56.438516917822078	-1.4329362984306553	-1.1824820197647559
56.50452522158308	-1.8225377915291796	0.46936046332713527
57.101660863734239	0.55301326339998991	1.7701963645619974
55.330450767290721	-1.1716634393216263	-0.41596531037347595
55.460521292958504	-0.2265379691826884	2.2226044371936116
56.485636789202893	-2.0750079017419782	0.19749062396117933
56.253187051612322	0.48514831646083234	-1.5350353735728632
55.565563138883356	1.54940632098713	0.30347282006742571
57.013784845059519	0.4582277355868481	1.7035704675862899
56.719901435874711	1.6520227467601671	0.68753586767644759
56.803297910678076	1.2364026366219285	-0.56189614022575329
56.981661393357747	1.660108763168483	-0.85706640775788145
55.627328788121496	-0.5820626525192909	1.5173995550802746
55.555832546264774	1.1174940983221902	-1.3640373034667237
55.68136419945624	-0.24948086367263453	-1.8028778931776905
56.72130211847518	1.5315816915525742	1.3849031782144481
56.973563942173108	-1.1913625858998398	1.3443641398390989
55.472523506017382	0.069134135371452715	-1.2740110845732489
57.025129138362495	1.0934051046879956	-1.3995527458730208
56.499287902388375	-1.7738187135494592	-0.2234193615199481
55.26184141484736	1.7622387347871475	-0.35681433737347201
56.535471511981953	1.3381424986780206	0.27013313281064461
56.500606521859687	0.76761709281730495	1.7657258463226444
56.047036465997394	0.6938899179573087	1.4918455322024347
56.531284551344697	-0.052988103137146289	-2.1746447569722211
55.81528915557697	0.462343977031203	1.2120237702288563
55.378517639576025	2.0941721524072321	-0.19361355613229919
56.179685760372777	2.0122716066916841	-0.71163822972318991
55.748028383460117	0.75311793269408389	1.5799221518206354
56.921182348948342	1.3565305884903904	1.0558083713698216
56.750777521192937	1.0450400313372481	1.827934303302186
56.501671813216198	-0.90853356289884679	-1.8586471842161643
55.318534520610356	1.8673731938167801	0.82249914161016224
57.103078136208914	0.95760208666357172	1.4249104109111017
55.584560814693631	-1.0500226269247732	1.2621143224596993
55.399489905523872	0.55841492631779654	1.6042775353060892
56.525850984759423	0.71283300735485222	-1.56621649007608
57.101916215023408	-2.061912115877127	-0.45481899815274962
56.541422720024308	0.55380027141046051	-1.4662014418953591
56.871433259441275	1.3619826244307558	-1.0581333807316609
55.671451169305584	0.36772633170734342	-2.1622468814198514
55.706396416661235	-1.0660342012887363	-0.83498305627124425
55.718879850613042	-0.63930316884289351	-1.770079368394867
56.915268664450238	-0.76849256708687719	1.9594123707277347
55.612418762406335	-1.4658006803173262	-1.1496196214732979
55.739645220177863	1.6782747898452333	0.71731764668134246
56.831287787917432	1.7180312017519745	-0.47373654526928288
56.139218176275847	-1.6468640907243741	0.91775710587683712
56.516389459418171	-1.0770307343186263	-1.396019625568929
57.084136156981728	-0.63766385308231799	-2.2105675833240377
56.134825715365935	0.39248742111836266	-2.1280655305283176
55.591426830355445	-2.0591064443021923	-0.26925506234077551
55.204814651949981	0.75293339936307324	-0.65298812074210411
55.827356668683684	1.7172680259504094	-1.1319154330725003
55.321653999982786	-1.294003594432668	0.92326410940283066
56.380072003103876	-1.3956770553536391	1.0936807612010944
55.479788097909037	0.77051004219617358	1.516518644123763
55.604952064623561	-1.8730277129113491	-0.026515929223060893
56.921696008119824	0.90319169673437727	1.3510705870633988
56.9721771520489	-1.3510499644027578	0.403297788179863
55.821454114691932	1.0338798471338877	-1.3778647959991515
56.34249499321821	-0.65848694349250247	1.6715096369314462
56.047919187487487	-0.81272617402433389	-1.4844973055265416
55.418141006542015	1.9950989904092891	0.12530340362291209
56.974652657057888	-0.90565650468370096	1.7020960578838074
55.962022443893552	1.8997401843399062	-0.67546659299670353
55.670598427979009	0.061993843521866647	1.9625850932970879
56.761475165632142	-1.9714140619930467	-0.01632408155661871
55.577712708793797	-0.39243031176509308	1.7774830305606788
56.216506528140691	-1.1290146682364302	0.73323266094623529
56.881191794085765	0.75439350833842267	-1.4335533944916128
56.114415019514944	1.0650707256674525	-1.2481972345099921
55.737510512380872	0.87837399088494539	-1.473199211013259
56.938092451213002	2.015545647483064	0.65392253414478974
55.626633257313024	0.3565233796920767	2.0540477560406871
56.048937608137656	-1.3096943075376819	0.89188012781566661
55.690520831441916	1.7030817743707987	0.79541061517925171
57.121966178969167	-1.6985370185173274	-0.42856702149934545
57.209824969389153	1.3181118185125587	-0.72629380925758624
56.244913171478814	1.4647972620801781	0.51923988220533912
56.118654483964583	-1.6722560677318945	-1.4067140729444145
55.720054252914125	-0.53974077895054495	1.9582663189648697
56.890625793372408	1.7774862251324095	-0.52354253926506633
55.706857457944366	1.8151773775601705	-0.29526782092690762
56.047823639012435	2.2591083154254545	-0.13618556272087196
55.781621859618475	-0.97441028037640698	-1.2518620597933359
56.128599235765506	-0.14141613021204125	1.9878935351651013
56.435321825324706	-0.063857349800151994	-2.0289709813669239
56.998778826005065	-1.4414139811589599	-0.93575655026190996
55.342229485075322	-1.4890860808701833	-1.0078371073304144
55.488290740480501	0.95936248894027309	-1.0716556095464191
56.81925572476819	0.11495573925082608	-1.889589614124715
56.334071680600829	-0.90811552338260482	-1.5057461335093631
57.057277508653257	-0.82940732629140057	1.900441061781702
56.89026346165771	1.6667972685279049	-0.72241689894887062
56.803633276113565	0.012796218454147698	1.6044301187003105
56.447898369442683	1.6855258600118237	0.17369221117346254
56.89416862945329	-0.25649555834468357	1.8696502073379657
57.052421151015054	1.2635380829249827	1.5453369291613068
55.966916206219949	0.45974298997769281	2.1172757325529905
56.579260019505185	-0.98285998369711847	-1.2231550727747937
56.059370707358632	0.85509085894362091	-1.6606090184990978
56.898355351740925	1.7149150729699969	-0.035494123510468975
57.168512749921227	0.045751680362946856	1.6800742939327962
56.059289879236637	0.75368290515870984	1.4065702258442689
55.706330732196854	1.8645003282600006	0.64019401497152784
56.243822776712058	-1.1920776218925206	-0.48048219519669016
55.674618616326519	-1.6334272119061368	-0.0042160933917317006
55.3399679773432	0.63897433448840446	1.1672303573071838
55.680189021239528	-1.0248183686698584	1.8436805816161299
55.86281348514612	-0.73841773609342054	2.488467340622023
57.162400349957977	1.7444655990316262	0.25505637112283758
56.918388076141554	1.0795464888396209	1.1702674758941862
55.924320073586969	0.72562917070813837	-1.22140368534959
56.94829863432367	-2.1295882994805968	0.14337447323669406
56.999824863363614	1.7691308738003158	0.40631032952562568
56.520119252449753	-1.3522258844527899	1.2095043949851412
55.473843828514312	-1.9118474467401307	0.018635605730687236
56.017263033843811	-0.96003104146845142	1.2788381347435986
55.905736887382837	1.2052309959257399	0.76378977907972179
57.269118365055441	1.460065314075758	-0.95763980817083838
56.208110420691824	0.68887895512883612	1.6457820231896179
56.85715836375897	1.9404633959086952	-0.34111761335508528
56.306219829947324	-1.7714618886770761	-0.80674024028130253
55.475544015155158	0.60117881095563364	-2.0613284129262146
55.481599775379479	0.0066171718741976915	1.5165144204312646
55.158300848569596	-1.9181507136850187	-0.13517819802546596
55.72483448622107	-1.9904588817940005	-0.64020053262279664
56.640587991439986	-1.7254736832935396	0.034649594164706345
56.45171603075589	-1.2414196000470006	1.3039828993439744
56.983638480675744	-1.4432640789043067	0.71023869418759145
55.246722958202128	-0.29211267690952236	-1.5517110638329155
55.817890781962305	-1.3848740710091199	-1.0361430335668445
55.601053940065626	0.80937913802333272	-1.8428040557097487
55.380718190820012	0.99511083891865226	-0.18333001748910244
55.384017888292007	1.7378129211991318	0.60627088634688708
56.436351908305177	-1.8205001018799711	0.38464750784608487
55.558454232842422	-0.75900435898939489	-1.9012677631357671
56.814665422226931	2.0033690803721615	0.38517639446142987
56.126363500345128	-1.6087258633736772	-1.0870474475393745
56.544428698145637	-1.7349037898062039	0.077303066707077275
55.392490397186613	-0.043922470443187589	-2.1275059430130061
56.759387628102125	0.99086210085746862	2.008380206033729
56.345747673408752	1.371206757929774	-1.4314322468476826
55.550336183666452	1.3005637043485809	-0.8643150424400361
56.516694898388039	0.83164573725507374	-1.6869515636238961
55.808846307789061	0.80843760378360197	1.3242069847319597
56.786572433066155	2.1965035124095262	-0.37597708894933185
56.326546601229644	-1.3959430243816462	1.2598779866569523
57.065985230815073	-1.2615249640774691	-1.3712639759138132
56.769127970042675	1.0161427369675107	0.6375339302561982
56.906076168141908	-0.51800991611384251	1.9021831481410834
56.429809060849891	-0.97166803744277908	-1.7185774729686589
56.220495968656522	-2.1285622775530704	-0.86788588098478536
57.152666914609647	-1.511590633768827	-0.73333510269654922
56.25437628673621	-1.7420549989710097	-1.4092816283915461
56.549706554516561	0.82424538029734595	-1.9961469077662859
56.161225034611846	-1.6906875866320488	1.0588323778379438
55.808355330949745	-0.45561501354864997	1.9630915990521129
56.166375248972123	1.0886741751771158	-1.0581099931238018
55.833914741329949	-1.0683772589534268	-1.1755634321802402
55.806858950585145	0.039916304215146393	-2.0066443386579649
56.439789630692538	0.18417822294118727	-1.8022909291111466
56.513314229213123	1.693118893496828	1.4624964915708636
56.795545567924819	1.8132511505738294	-0.57954873814091123
56.122952937881244	1.4363763581892293	-0.018036114919450168
56.795353964197972	-0.62695712406624016	-1.9413435131477308
56.977064292691168	1.506389589948284	-1.0900693454326753
56.104824419256026	0.47894727860903941	1.6726494830504639
56.13194216935279	-1.0863541790516948	-1.8093816036251258
56.614973303828059	-1.5432098972210841	1.7110507423220678
57.059288387823472	1.6185603800275439	0.27235723860495248
55.271202352821035	0.95715252841642628	1.380780403791076
55.26159406040513	1.9377708174946418	-0.22150637658287947
56.409616783132947	1.4288691194704066	0.82697945571892528
55.593816841257592	-1.8093721533181706	-0.92408356887896337
55.756825735425743	1.5572172635520658	-0.73167720360553656
55.495893455796697	1.7179092509413973	1.2610297327214419
55.691456579069893	-1.3387603091428384	-0.24095191882304173
55.302150091621272	-1.0734154213422793	1.2070463701009768
56.399814513826463	1.2220102368108265	1.5838224403951631
56.467136427134413	-0.76847054916531055	1.71675266681961
56.898144635372986	-1.3914802816766292	-1.282847626501213
56.239200854872145	1.2323792886721621	-0.89423143066927602
57.073553012574955	-0.67379250338823304	-1.7577381851912723
55.708738633739181	1.7722573971798929	-0.77723115962023182
56.012277263578468	1.6879565298358368	-0.85866681843242532
55.586566448871011	0.3888191185177452	-1.7845077568958345
56.570893629484353	0.57241543993347122	-1.9966584814107371
55.461894687248311	1.1010446329472316	1.7698196104368364
55.394991657092973	2.0029387503704346	-0.030715471452392049
55.549017278889821	1.6189292838544407	-0.59650238209273254
55.949156487045911	1.385222408402099	0.59606018035575936
57.036069954156268	0.5826265531189917	2.0157279335261111
56.595592024490458	-0.014394478553481554	-1.716375798838135
55.436973562705262	0.69105146609037527	1.7293327883449294
56.225121816937339	-1.7316450861100818	1.2742032178236429
56.468202732035174	-1.2024896960110492	0.86160178317882785
56.370709442634023	-1.6071094994279771	0.92982868211375214
57.184507418274656	1.5483639686082837	0.19313076671755544
56.815789877321322	1.7607809767848281	-0.056652737402434393
55.872327234369088	1.6750476328922952	0.76973089751410184
56.10825433057483	-0.66659426708670511	-1.3652032484567656
57.167689820959197	-1.3980739699242686	-0.10019827214605756
55.771349734681856	-1.3746727526695994	1.3235519298389198
56.328574124031633	-0.075430905122889413	-1.8082637713709413
56.66489399392858	1.4636726693260786	-1.4092253998566275
56.61075940078635	-0.8514732474897645	-1.4762389491521279
56.437986981401579	1.1069183980495283	1.9917408226298976
55.760864763959951	-0.37759873073199657	-1.5558215834991114
55.401965355369157	-0.75044298879159488	2.0307286803077216
56.919060419789105	-1.0249625652766623	-1.4328339889704818
56.338765672135089	0.36769547798791663	1.726638405935903
55.670624962128507	-1.5201315374433586	0.22963052834862549
56.737941470564778	1.4618322332752574	-0.63180262749122718
55.619047218511845	1.0632257580937063	-1.3344495706681556
56.736395370108326	-1.7105694674839205	0.089973635325967291
55.834685010415775	1.0417302889719207	-1.6085683194647746
56.195532545946662	-0.89518571513405321	-1.0116222875971019
55.716528740283906	1.7505795876618089	-1.8439527561110596
56.684967949119425	-1.3090811938024907	-0.94668139915277749
56.369171829190698	-0.59216497831917814	-1.800515897509241
56.686566361929458	1.7885833351286584	1.0892223759701289
55.685661438346678	-0.9415925005156115	1.1941019725689339
55.814369584505656	-1.9565010227374169	-0.009080061475601987
55.440593812355459	-0.027365171421426471	1.7097382401039138
55.80109370743785	1.6617727390372927	1.1158668524519197
57.113898777860697	1.6379977745907908	0.7354731922593456
57.028160509124348	-1.6288514917377819	-0.66483377466077875
56.491414757200175	2.0750488221081032	-0.28937263433908245
56.269949869524645	-1.8142011839071264	-0.10175241675203019
56.603329431310279	1.6176308350142599	-0.41495245036321188
56.553102346653155	0.44567019730909346	1.1023988713782624
56.482765166826624	-0.94546462974988565	1.7223483024102035
57.169387407397842	-1.0711775737833984	-1.3633811766479715
56.390070936895064	-2.1490142329588342	0.9590975623437229
56.831251581707747	-1.6074863372233645	0.45256888169739901
55.412855709029436	1.9942380207574919	0.18839340199905122
57.359625561379154	-0.85320906709721545	1.7520610466152551
55.12520288051676	1.379728352077199	0.10349153508908146
56.460257571304403	0.11149998277535525	-2.0451402107284951
56.822980169675397	-1.4728746533736514	0.67674760412992685
55.604652605920144	2.0287628296643589	-0.80571094032854751
55.373857099966827	1.675882566624213	-0.39789869068930056
56.007853504170697	2.5827835367120784	0.49970202872980901
57.144102038512443	-1.4629596913383605	1.1421819099359738
55.974407306066809	1.6755569969826924	-0.50801345759073846
55.776474783024057	-0.28888314275582871	2.1265139072220975
56.455484756752547	-1.7932817241105554	0.51285255622103609
55.905037997154587	1.5510662768198942	-1.4522166240448471
55.585181865177418	0.89167971205650332	1.213458663750413
57.087272239491064	0.31558694394477077	1.6581776161848745
57.209826538946047	-0.55546877709515763	-1.5681714797195181
56.510044563225449	0.7246271124374144	1.4534734837592478
57.094146895851196	1.5942801924780963	0.12167235224538854
56.638996671115557	-1.7390038887738073	0.52608065239050517
55.823073270922492	1.9943134407688474	-0.6383576107962825
56.361426588924587	-0.86998216139255391	-2.2531723613018508
56.32671431393284	2.2380487865923979	0.39812429361703794
56.564698789992399	0.84501897567282402	1.4424042926412155
57.176915858705435	1.1764938426319722	-1.3250464815274683
55.667450639696938	-1.7116127469943687	0.39862767533484444
55.67621615288337	-0.035234159836515136	-1.9621569841630795
56.322467042058641	0.63239832730027312	-1.4281526661890394
57.167179379897796	0.73063670732713959	1.1188991697266555
57.158543785679989	-1.3878080538529591	1.1606056145379584
55.530007081605959	-1.560986110238328	-0.90230269449786671
56.988241993873963	1.1706330281281829	-1.0687283304365303
55.575688588718059	-1.6620444659014688	0.76961324004823406
56.398500836202992	-1.3639991746768012	-1.5256080687839917
55.828877813225901	-1.2033169428724437	1.4136834353917498
55.560893622038428	0.74167741603270143	-1.7235464041950028
56.609431783894514	1.5150478102543532	-0.63639673317633749
55.617067898050301	0.16298498740835946	-1.7951678572285141
56.419711369273998	-0.60043970152336745	1.3429778486289172
56.195104028758408	1.7294390386192395	-0.14944810076572165
55.944508102162025	-1.5948053199458951	-0.89905758204625252
55.746670435719764	-1.0477075032695153	-1.6751703841088614
56.024994740741271	0.93658826922071414	-1.4925733120949678
56.495835202962063	1.6134839458190853	-0.84654908309901111
57.148814384198452	1.604894838378232	-1.2784272121663973
56.405158354934294	1.0037161135861985	1.5139054124611002
56.074813436357886	1.4995481451076891	0.83093016732298786
56.033162443792733	-2.0821828107785381	-0.40792957515778755
56.761970971638611	-0.99192356794378422	-1.3764108962912622
55.598717747521768	0.5893223003187994	1.7937095670457033
56.672442949631908	1.4305639391519893	0.83765482154076143
56.42309441995161	1.0873790304426474	1.3259552434150679
56.733143632317955	0.54806242799897253	1.913752186189156
55.960720116381871	0.86620765175178249	1.2658119128817169
55.670873903031087	1.0216322693342355	-1.8995559122792292
56.607385777538241	-0.78686968770861854	1.6362349425618772
56.972549677039915	0.44810229143172781	1.9657796196416835
55.205090519436801	1.3983425758941657	0.27147119956599969
55.312810677209825	1.6480248451882309	-0.43749445399101955
56.343415155289513	0.24362345659603252	-1.708425483135291
56.268948937859903	0.48951945678910358	-1.4849342015806735
57.080671821144222	1.2648212538296555	-2.4380956641027005
56.067481796507927	-0.62282031868686083	-1.551109268739213
55.566720186286418	0.47289525357939188	1.8284964103580654
56.059981889568355	1.721940219076185	-0.72338591867162294
56.582264935182394	-0.96113838975785137	1.5975021128701699
55.87147425341356	0.39885033234651301	2.1745416879055939
56.489419807235599	-0.018526498705175223	1.4562915378218755
57.00144285471243	-1.1671470429181603	-0.9999145526317792
56.024386677773911	1.0510385931597372	-1.4732856246399897
55.983710498725827	-1.1732132365373953	-1.3123816357256863
56.667906135397608	-0.79370076109840493	1.2559063392143142
56.283234594996337	-0.15432186859653171	1.7828472544845653
55.532127843056053	-0.50954821755463853	2.1015909930204195
56.96949881387971	1.1252430064089483	1.6026021843313425
55.892751841871288	-0.29605976300631431	1.7676961721611144
56.861649844993259	-1.6556986159589571	-0.63081466242524287
55.995328567178802	0.85682858296168574	-1.07041611430437
56.934874254106646	-1.1351422637798889	-1.2207324972415585
56.153072284663551	-0.44328156730369433	-1.6171559639865436
56.129733635664117	0.54132997884048539	1.6201598451371979
56.324852066768585	-1.4124192373072988	-0.93660445907722345
55.594119330413783	0.32159012639877743	-2.226644132801447
56.618771327088886	0.66433320184168798	1.8762507155418495
56.575035958896855	-1.8361242900084962	-0.092776482642015323
55.477370534039714	1.4189221592655952	-1.5714014230706426
55.368491863597797	1.8098673515641348	-1.2272535203792931
57.117945343790772	1.8101590324208148	0.50846681455652099
55.623294839549914	1.9459233327754812	0.52973391314107654
56.485387778610189	-0.0028286741272631729	-1.7308693700858491
55.395009692684248	1.7770142933157635	-0.28378042556789473
55.226194034664637	1.0706051788101021	-1.9219460265856083
57.003425122519118	0.88022679716851371	-0.49759651115856524
57.158404598301175	-0.17046103905631987	-1.282816969682149
55.581943648020314	-1.0120997752273999	-2.4225436360271599
57.183939737007819	1.9143325979687309	0.23653683679056667
55.345439864377703	1.9237993679199219	0.76071414384928748
56.524882589101473	-0.056276744275259825	1.692748666377355
56.988526083022414	-0.6561793441425734	1.7349306209173645
56.867906778428015	1.1601153156882809	1.6215326139094202
57.06342856823553	0.067852948348675418	-1.8100384119894606
56.119857191608929	-2.1354000247011595	0.97760851814937988
56.445757566638633	-1.9297486407750279	0.1673104610243854
56.138482419620395	-1.0468706719761001	1.3813421603220439
55.860997629044924	-0.186731373915166	-1.7091883201132365
56.732027468250948	1.8314715766067566	0.36767291054563439
56.330775899981695	-0.40710099744502298	-1.7663652004556409
55.372744580340836	0.52371019125324458	1.5985515506759627
56.2035669327568	-1.5569343707110974	0.058930621691594118
56.584798467246181	-1.0649346793482766	-1.1787835072123753
56.375519860665932	-1.4024214204893588	-1.4916820759732243
57.111484810874288	-1.1107828777185162	1.6555056617816262
56.096349794539158	0.71016805031352448	1.1783010515539454
56.891045547659289	1.534971063080635	0.6574715186546104
55.519132587603899	1.504536631953719	0.80985832032651861
56.881450464304251	1.723126647238485	0.13513120328977399
56.828430267755934	-1.6248282890480374	-0.77332396924237545
55.423782416642972	0.37196498346662149	-1.7153963568065842
56.028941929439789	1.0615162183537523	1.3909106708184564
55.591675173478222	1.9507117556045868	-0.87348978855227477
55.623254712207959	-0.0026226834372789064	-1.8532535570304269
57.125487124086419	1.6283269414945278	0.3125314109662109
55.976760016140553	-1.4483212613942293	-0.21890393750598411
56.239299976370305	-1.838182070671772	-0.77823663180165026
55.577231452101529	-1.1067668430755129	-1.8451989795255246
57.122060387330691	-0.18385838931289605	1.9170669814817776
55.948796043251285	-0.83329561273772823	-1.3398453956806577
57.11170151361339	1.4107050895008024	-0.82287806166729094
55.86444610889491	1.7357953781337263	0.75071232848370084
56.067548777938008	-0.17221405993900521	-1.571615971431894
57.091984029210266	1.0843101063166631	-0.278166741579427
55.482216710864122	-2.2522716132873057	0.47316132431646341
55.909255791329919	-0.032658271963091991	1.8378864517027775
57.244221834385151	0.434755520848848	-1.9303282026558359
56.304480944013171	0.65969272048149008	1.7854826467090139
56.544946199841952	-0.48873828407938724	1.3381830993162926
57.030674047917927	-1.9845130230146601	0.072679867965898384
56.251146129936842	-1.3944256189315978	-0.90724105719042469
55.89144541253922	2.0525179689372961	-0.46670051204611579
55.943429393797778	-1.8452625119430519	1.2491824483866081
56.652748267717072	0.34197971658660065	1.7583562506441675
57.129357792888179	-1.6103409308246135	0.36483672547396201
55.38792814178727	1.128397725497869	1.1732484336783908
56.44127011737833	-1.6230049895672818	0.50480523523965348
56.124047781744167	1.8000088176782729	0.47302010265737832
56.370055273900149	-1.2332407274256694	0.6891446680563188
56.419375610448597	1.6229145526870272	-0.7407844888062759
56.226936218740839	-0.74627973522503399	1.6883404006430474
56.386522383917935	1.2054729058255691	0.67552692985502716
57.050952148917723	0.44711813326547561	-1.9458987896699271
57.252747771866183	1.784224450601259	-0.21053160641035965
56.647845070379653	-1.7164304148441649	0.26535126396286002
55.539351240897986	-1.1097198321379451	-1.2245229729617988
57.212068636067784	-1.4864685106318092	0.66894494005906568
55.633696425593065	1.1495093828508853	-0.73817598102206738
56.410442343944844	1.149071403853577	-0.46526225334531046
56.453373067477031	1.6018816413807682	-0.84146151641755629
55.966000704315562	-0.49963119115553833	-1.7821979831839678
56.073061622451696	0.083542905888403268	-1.4872982569805986
57.32405424259926	-0.044681989411908894	-1.9834328661330125
57.184808429203471	1.0285215151140348	1.5193223475201678
55.776247510950689	2.1888141973941067	-1.099177145154518
56.322724694569608	-0.029442098463241126	1.5939173611864461
56.705775250005544	-0.98009259649771641	-1.5407052743605005
56.216448973527939	-0.14662528851700191	2.1575172577193511
55.785029843412971	1.3542701544163425	0.63751516121552121
56.760403795634119	0.64402253443475421	1.9543480095994681
55.503600311192749	-0.36021330524549899	-2.0757541267634751
56.979642588892681	1.5389215276663779	-1.3147447854391441
56.128187002120463	-0.29890539564909951	-2.1370143428988091
57.183106435511078	-0.32872163711852304	1.6611640215675667
55.69374334368753	-0.59176899757757762	1.2151263712073579
56.811324075898135	0.023099128423500825	1.7081171392999999
56.440021238929305	1.7357818049743399	-0.54790038440017197
55.783682334439483	-1.1405648462150835	-1.4171526807146764
55.554436193740706	1.8547633829481804	-1.2527543551440723
57.165838901673695	1.5114167654964745	0.68881165879845685
56.903380719223406	1.0655723953594114	1.3081747546567017
56.684717836497974	-0.3373435260727532	-1.7977908386470223
56.543504371112761	1.8728009552614491	-0.65524395918362754
56.435824523469876	1.2147946336188946	-1.0634129037965423
56.741532315741161	-1.5912293907894066	-0.68889886937070421
57.056558229460997	-1.5572259561389272	1.1631926501930756
56.870771527165232	0.52013361143362224	-1.9434898310335793
55.129607354137917	-0.45172696632966508	-1.6923705522241972
57.022548398738437	-1.2910795485309765	-1.484821548803932
56.578878709071837	-1.0973778807912484	1.1517968719841902
56.48384754280147	1.0553118285901961	-1.0604322121628253
56.124754923627599	1.5134132767406987	-1.2925820739789073
56.051532061929983	2.6654805081541926	-0.24797889200460319
56.425947219687579	0.86635080539939913	-1.4793908754090943
55.765135344236441	-0.1337232002919729	1.5773760980942639
55.29008238109013	0.74936067638386261	-1.0157353168336152
57.069865706840858	1.6394426475317625	-1.177675290827904
56.654026370711215	0.48707691885725873	-1.1649883039688673
57.167861715494162	0.14470362042384771	1.4065755411956127
57.157387746196555	0.33929427487919095	2.0392484501152008
55.898027363625992	-1.7173762333206333	-0.27473597428427371
55.726457211498513	-2.007658487207082	-0.16902316452486207
55.793739330629826	0.63120181657934704	-1.5617640742992427
55.778290809813761	-1.2952989202257637	1.9227852835788202
56.87068312847375	-0.93859668041641309	2.342773073612364
55.55422865329389	-0.237228653668136	1.873539136182101
55.238869709304034	0.63809729163302187	-1.6503323856528633
55.30847856981682	-1.0796738390470999	-1.3875900029201649
56.280438948367269	0.88046640895685002	1.8308046837921339
56.945037643568426	1.4822144323588244	-0.51902674712631836
55.913661324552081	-1.4067922370701786	1.4219500540330769
55.43304973738347	-0.20928687326236042	1.9943440123423255
55.314723288510358	-2.1078148642555461	1.2222686598701764
56.598762706827152	-1.3086816275670767	1.3948509090808368
56.251989145907928	-1.9760311982186129	-0.95694807439366625
57.215648200804928	-0.85017764052666223	1.4215086626975284
56.520156652756178	1.6381605520425535	0.33497039263135153
56.261555612983692	1.7654576994142515	-1.4800002216198807
55.751591137580363	0.026042680532337215	2.3581652267276447
56.756105248577633	0.69682536458125599	1.8599219102062312
57.197642249531825	1.2328057405242256	1.116733233854776
56.938592798035813	0.88752304138121541	-1.4255345847188339
56.004955689093336	-1.0564031581885354	-1.7254761872175985
55.773855193341866	-0.83071347777528504	-1.7356239073631765
55.91686538734487	-0.552816991680815	-1.3620170286057454
55.329363127297619	-1.6801153005196063	-0.38439240102941225
56.696109424350396	0.44615500531249674	1.7150511099635051
55.533723307953757	-0.67866449468038137	-1.1267400474907021
56.478221053168923	1.6120213182853875	0.053261120347063873
56.427532573293824	-0.79786135866873831	-1.4997494207781898
55.918002882120717	-0.15496049956071462	-2.690748436963931
57.128996116555996	0.051305263221771903	-1.856005885177997
55.904444796715893	1.5956520684368396	0.89217429793671355
56.26671364034209	1.1146682473355114	1.3957727855970661
55.50043624624297	-1.1648836112165362	-1.5883637309803083
55.766195289536647	1.7206531546718191	0.054971904879819587
55.269034261358321	0.59714160165647434	1.6956397782095485
56.235500419495708	1.8216347369688335	-0.44743086146766431
55.727515797661269	-1.1393165587335599	-1.6466386616007214
56.673086311521949	1.7412216092340973	1.1228011216450922
56.884014875767932	1.3936454625178833	-1.4488779002793453
56.601163209034098	0.30073211491100499	2.1869858123185284
56.882900786135266	-1.6218092770086729	-0.47033007227550294
55.387638858972693	-0.71315456407970279	-2.2409268612856699
56.435100585934791	1.3504275656197069	-1.0704438055880878
56.202965763476804	-1.9390031327064847	0.88761088871885663
56.621362435746661	0.86184842317739763	-1.0575529770635239
56.666137664024255	0.32906528836900045	2.1209925594839492
56.777292213021177	-1.1522113846887627	1.2727354189254201
55.483564921940044	1.7008095525877778	0.42662309950815291
55.551889256904673	0.72090626178872974	-1.9137131739442872
56.032358646234798	-0.42116598871146499	-1.2130708092035367
55.740729270608625	-1.5628783249540585	-0.87828601569082876
55.262130518805094	-0.5311727766929103	1.6849004911332133
56.65974919395358	1.4670871234390608	1.0062055788955941
56.021534955384098	-1.4148776709756312	1.0830962087370695
56.802619760541411	0.038709619402132502	1.8645076929604067
55.655072137139783	0.93578432120187938	1.3767512485865758
57.278997142836594	-1.1318907636390363	1.5140123525075413
55.497227221836695	1.6577867548599876	-0.55137308866777535
56.453097717188307	-1.0452232808307864	-1.1998044936596421
56.54273816777031	-0.61211731991263685	1.811863302036651
55.551291973923306	-1.5673341037366524	-0.98688294659426457
56.778778036493733	1.5050087628879283	0.28770501365620216
57.108998120473942	0.48410142262101324	2.0810071548996527
56.25096121678358	1.1578976234086775	0.69950089123234571
55.997281050672065	-1.3277326284487287	-1.8806175535209342
57.011730388354948	0.52252362963186738	-1.664135939498333
57.059653396248862	1.4959321953176363	-1.141507404151233
55.704926915039522	0.52806264276663406	-1.8235347606939423
56.27605287777245	0.4752592189700901	1.7367299723040759
55.437951510585997	0.98114909889181967	-1.6253658880904154
55.455837829500652	1.5359066701531301	-1.2498381322488001
57.222016943542066	-1.2158497076418493	1.1996524240966675
55.858839050541036	-0.87097319045953092	-1.406115655217165
56.913562662005084	-1.6286476332043789	0.80201500619825883
56.114559531509386	0.35556280311615418	1.6350495354599897
57.119697058529489	-1.8931945387618718	0.52003642550928109
56.680179911457323	-0.57847183799050406	-1.5736500460007787
55.841620223033509	-0.26646940433472949	-1.5082182647150622
56.1782147676184	0.46925877363159479	-1.6235629702386543
56.593611679907866	0.44670589305950481	1.8141379463554483
56.735115099546377	1.473586099360003	0.54303401482503066
57.275380962841218	1.4871355662186125	-0.96634282715572117
56.728536976570474	-1.2017061934085511	1.4427318572253818
56.479989593530071	-0.85328476960733202	-1.6431960680911666
57.12692961742431	-0.69693828212354036	-1.7065014556667781
57.298405391319548	-1.6225528597995458	-0.61029173990924257
56.605299158162516	0.098797262717723891	-1.7901980464636318
55.854266350809667	-0.3340572231091869	-1.4366826725443833
56.008358254699722	-1.7480858745365471	0.081916353532020453
57.20881063561886	0.37640765745465743	1.7183120666148322
55.864925924451953	0.46633013905138504	1.7879549418509679
57.12819598182341	1.0475915223348156	-1.4196924748014381
55.786813825963364	0.4269414236810456	-0.65727676779086386
55.841030107367345	-1.5972549797045568	-0.50542137803236264
55.672221827520282	-1.4554430590837819	1.6379275724351898
55.479443697183378	1.619825226217237	0.76689270912449026
56.888039999383764	1.6912459684620671	0.52395589928536579
55.676417808787832	-0.56284384102630458	1.5393211634036914
56.385159278338996	-1.8737993681267537	-0.57690703058555026
55.233638949900119	-0.23781691369589633	3.5552450548996908
56.319399684520739	-0.25956294594191248	1.8648751252496907
56.210158474906692	-0.54491269058252445	1.5808575871513582
55.469311578093723	-1.1379454580373665	-1.471619842131684
56.370244008041077	-1.5583756383657441	-0.81762461848045787
56.862323488882673	1.6157361526737082	0.40824409055025618
55.33804979414073	-0.51158786203740236	-2.2333688671428238
56.792740371414908	1.4492420612409631	0.63872739846236215
55.70804225831742	1.1967069085937878	0.84073265943165099
55.384002903826598	0.97896106839866603	-1.3114465388607088
57.115695809678655	-0.19805079981831764	-2.1702193618813643
56.538574802145334	1.7919636005787338	1.1294022456808401
56.836651040347185	-0.065409276769716335	1.8452937267115685
57.21305468992314	1.7898284213705424	1.4203196290627751
55.993185308562865	1.8505834651914719	-0.94596871535377602
55.310054616024331	0.39724282458887705	1.628121599186692
56.616495223719539	-1.6516859373444088	1.2129800055331561
56.277869275326708	-1.7284470142514443	-0.2173220270878907
56.364162849805751	-1.7213242619700566	1.1230275931135898
55.675661988821659	-1.057364282307441	1.6641126795358043
56.201542255654907	0.33158607907541826	-1.8503767086545819
56.516459345992288	1.9437501704283981	-1.035420833530116
56.254922543694015	-1.4260347619453053	-0.63428355631488986
56.229200029947073	0.72718873951631025	1.2599985851848667
56.977253391942739	-0.55587768902183887	1.6987631196574287
56.494881063648073	0.060726149503318116	-1.5009467036110515
56.844951590912821	1.1307324771978722	1.4440449808908378
56.533718185333747	0.49064581941613672	-1.6767449837797863
56.299352943431636	-0.95329825003294855	-1.4653354582263374
55.584115202781369	-0.89479836563135851	-2.0739968379022478
55.192952329531401	1.9198242707176858	0.45084627615240691
57.142116748414914	1.6382222310716739	-0.10130667926508968
56.246243696692524	1.4446880235596367	0.48866897653737162
55.599276358814855	0.85051248788591172	-1.5541829752406471
56.362601912792194	-1.1715573054848696	-0.75938337197818195
56.665862204001918	-1.7588367305854524	0.030166985755854796
56.282902429684853	1.9702838840792496	-0.416112822727077
56.837585088627449	-0.91472159843237644	1.8719598383871408
56.897729331501125	0.66717715964113267	1.658995050841596
56.242968474413821	0.61965107545249198	1.8428156991389426
55.489853855795687	-1.1065689678495574	0.91163785229908689
56.047809066719111	0.69827364385885649	-1.1878778753001773
57.09460663746323	-1.6793644669158765	0.39594846020218294
57.216918748269677	-1.3941968417585111	-1.1977623046579569
55.277742495708793	0.72455364378225551	-0.90572786704613883
56.089006152541771	0.36049163339106488	1.4503946723025758
56.007373654463933	-1.965129068964683	-1.0804255607097497
56.212587942055556	-0.7640807259549236	1.6931410941183485
55.312276252359503	2.1136518725146956	-0.40282578876489422
57.14679051044763	-1.5156803418829226	0.60564497245978843
56.435393919983973	0.61869086192255662	1.7962589390451325
56.226262003751529	-0.55085100585523816	-1.4144492970401492
56.723099527885672	-1.587261227128594	-1.0927904767535186
55.8619243394918	-0.54648134528324799	1.7665878225159755
56.312071256074873	-1.2956786675283078	1.5554601040459735
56.490585563902499	0.29973402676371186	1.4510277688975752
55.742259943543594	-1.1440916403019703	0.94731192311661272
55.450962148199778	1.5910004593075309	-0.33299747141084063
55.794195222492043	-1.8053668084293732	-0.13212334055201297
56.796332890433568	1.1520578290202235	1.4117916600098843
55.914643964560767	0.36658188991884089	1.4897988222433416
56.649091929275613	-1.6675695216060271	-0.31588709322460967
55.321240667631258	0.1315529692570897	1.7927835179623499
55.926085842045076	1.4562924509977775	1.2919461776945931
55.465686573357161	1.3682728640399027	-0.21103285844536601
56.184783900492675	1.6929134561860226	0.47081882178349965
56.459960956424908	-0.11440417746766307	1.6279101782742613
55.389132042613745	0.48838324124951804	-1.5600171132945901
56.673611046102614	1.402044847306301	0.59911666480140602
56.667912025298854	-1.6422357799146032	0.27337187179616251
56.234945474472639	-1.540275738674642	1.2105069207459536
55.235337027027029	-1.1173273702530899	0.41887736131543973
56.796315006191406	0.33212826653913285	1.7470385726100091
57.165382292639983	0.38368831097416894	2.1013840978668887
56.399046012166259	-0.08454584416337399	-1.7024654804172497
55.762731104367774	1.8943592384292847	0.45617939575737804
55.957112359458762	-1.8053793888818306	0.68065792635944733
55.573699405466208	-0.38677019568474225	-1.8334000652580664
55.520216252822969	-1.4343869531038085	-0.80557317789809402
57.022655541193501	-1.2897046026068641	-1.3951451698389201
56.247203604075651	1.4036779287159082	0.56581703827658258
56.694639460900873	0.38360971611436845	1.8046622732237314
55.715542987558116	1.6005504076160169	1.4335369077835567
55.469442373066251	-0.10289709788632172	2.5427895562650717
56.151928497005201	-1.1149933855579588	1.4737601771007798
55.585057427676929	1.9581300274545093	0.27002165211899792
56.846474392903403	-0.11654344411206924	1.738165374311867
55.720417628576193	1.128866016494533	-0.36032555581255105
55.560774940538991	-0.62212107151130636	1.5278376967174749
57.171301899318124	-0.17769141428229426	1.8283799901389868
55.824505343544367	-1.8274790766789044	-0.28972662802587329
56.665405247431039	-0.33659680689913207	-1.8919548658781689
56.227744727718417	-1.7402232592694369	0.18727901787303594
57.107969327610093	-2.0030255429825279	-0.32146608095702822
55.31318755235894	-0.70550973383739823	2.0346067503620544
56.504631480946763	1.4015277228373608	1.07063858807886
56.628633711255411	-1.8075266146405378	0.17459950435363353
55.25081501634795	2.2236293515249295	-0.21250124860164671
55.986664079142876	-2.0397871067335878	0.72989720275878667
57.343544830308986	-1.5233037075348403	1.058214146069228
56.476365934296062	0.16391171305175958	-3.1241177318776447
55.535187913395923	-1.6381107964901405	-0.58720491086286575
55.591927958827469	-1.5609816887388597	-0.13536381373412762
56.056029917192227	1.7987448884166783	0.26784716548966631
56.083581487536293	-1.9073956176001061	0.63529472881909699
55.519701575573201	0.48795806009739523	-1.8529184848425806
56.391561881241472	-0.60964212068970358	-1.7444258539441371
56.32546915815314	-1.4939677013618098	-1.7534359108478161
55.798243250814451	-0.79128144348819707	-1.1792632831610872
56.906005935924	1.6850948392378078	-0.31116092085662006
55.997762367720647	-1.7405881647228303	0.11879417787744664
56.131854019611218	0.32396438253475424	-1.7154733890371678
55.380305061854976	-0.55609471080917827	-1.6834229345776071
56.095450772279875	1.3843929003795064	-0.54789915679858048
56.120991578329019	0.65224565036550319	-1.6040684103530407
55.850715143081068	-0.42029659567922223	1.3412111491598793
55.363628126500771	1.3869543898995285	-1.4392570889792118
56.707342599565997	-1.6129112171675388	-0.47124739039554259
55.297103857948372	-0.41593699224474795	1.4625216003499899
55.741802605229395	-2.078424346221948	0.78697893189945278
56.777288893530589	-1.4029929047474619	0.8735491342335302
56.925004039580521	0.61474265606688927	1.7004337690567568
55.722867515313759	0.75644639509918865	1.3454164313055574
57.148188640848034	0.9343991028700368	-1.5128251493965645
57.239389334023578	-1.7430086418243658	-0.3919408675740142
55.34414941596976	-1.0964555048552571	0.73436938041638433
56.32029196787704	1.8164399311606507	-0.6959849328793617
56.470043376050327	1.2897311380612091	-1.7055197823834629
55.834286525808587	1.8084521014089197	-1.0862034002267256
56.254234358919916	-0.25154842257241838	-1.9903137381641025
55.353433021580507	-0.93812112735631858	-1.7470737766228994
55.723792397097675	-1.7006902564939188	1.8581494068999029
55.298384075006247	-1.1343988048603963	1.363069878757492
56.855226200311705	-1.3982106798765206	1.4777536830626998
56.000336508292655	-1.723352440981512	-0.22118848634670663
55.851849272569872	1.3592533271084415	1.0586016059769008
57.006562876346592	0.85889038110981897	0.78781336693503445
55.504977646217888	1.8501031333709905	-0.85730973387688603
56.916752345841722	1.4417117995834343	-0.70628987467210291
55.290535183789871	0.15922065918921596	2.1010262484958324
55.70529462741834	1.9132201343414679	0.35158139711776898
56.173365124669573	-1.8488923416614769	0.69927707354857294
56.021851587684303	-0.6143687124628231	1.5908355638802469
55.325114767619311	-1.3311798029689241	-0.60900902768267118
55.358412281895191	0.29750481109572496	2.3172995993965442
55.488136234179144	-1.3295341194044985	0.36283101783246591
55.412658429227321	2.0972682473973299	0.16007096219861427
55.610672185489925	0.67132105927336116	-1.7827307743654284
55.411578149664514	1.74586265870429	0.0076433267774059293
56.287564560222073	1.5968170740542826	0.67038618591679855
55.994738812871496	-1.6183754139130859	-1.0077907844712037
56.078510033878587	2.075695558846546	0.77586857178557422
56.503314117198904	-0.49973548830780595	1.5012401594413105
56.59076075655485	-0.6400097916242794	-1.4748913335575147
57.045606482807173	1.2346386805076222	0.83409714405590063
56.26556679523128	-1.0836755916185827	-0.45245680074192735
56.368229507414007	-1.0211642152618932	-1.1125779560968139
55.723700794460726	-1.2660811016745415	1.043507626894455
56.141387691864416	0.21167519862719167	-2.1531906480915741
56.320845394635462	1.8080321172014617	0.14222050160538166
57.022560928999241	-1.3793274688959469	0.42645874618629837
55.417174262372257	1.7869655494912833	-1.6116992411257676
55.741662826707923	1.5508298223554571	-1.1317622601296113
55.944349387710034	0.9184041916040705	1.9979461782459542
56.000600834124086	-0.036122821966405594	2.3856103793469563
57.10256354188472	1.5122484649489885	-0.63772814883466022
55.506942513237178	-1.711209520894915	-0.60562010106340569
56.662446176420914	1.2277845035443649	1.6117570560987895
56.341617400014208	-1.2740343199106556	1.3611095512434017
56.286762836319141	-1.6455322178458485	0.32974475414038162
56.554665153164315	0.4531212809524518	1.9799433129887059
55.947580359464737	0.23465864664179992	-1.6963233652243255
55.227203288707742	-1.276360851707748	-1.7101919919296666
56.136865477448481	1.3852638232541064	-0.25885168884933518
56.059602407759328	-1.788805690063912	1.2601736831284676
56.176383603869006	2.3897666060524965	0.63078961144370849
56.327817222280693	1.0125463996086099	-1.1196463390445963
55.656217118579292	-2.1376519796256934	0.51937491426361659
55.441360324725977	-1.9400193947978246	-0.42096513585369638
57.112407324100047	1.3071010033601029	-1.3866905531427955
56.158876681741283	0.4555378723951386	1.3790503695677081
56.206771636784751	1.0982608399025073	-1.5512077820961885
57.122039856296382	1.3978833659457244	1.3649148849714674
56.999307201516388	0.2120356066408858	-1.8648949416464515
56.636143501503554	-0.80334242158697033	-1.6115183072914978
56.244577087166469	1.7267453840858922	-0.44754384761673732
56.20854853542825	-0.54236141869049237	2.3338445185559675
56.046603376773533	-0.00012808491804241522	-1.7892199651108991
55.833878529964785	0.115766437361499	2.0945940286050377
57.022623826938698	-0.97878628431101833	1.9787819879665631
56.430243112886856	1.0007307324744865	-1.3790593697300684
56.080663314262544	-1.6721689646154316	-0.81909555383442589
56.720956132689906	-1.5797591555104324	0.90044359678182251
55.976489991941079	0.060798190812792828	-1.8294577140773245
55.937070104967546	1.0733961704833994	1.031177415008609
57.111493740388241	-0.81391549272617369	1.4521285674512119
57.234293866491065	1.4042132009025128	1.3684268079128785
56.603372271723337	-1.7770407564153752	0.016250347940884667
57.198584378781973	1.8556890446855288	-0.36763547593040619
57.099097302155585	1.236566892937714	0.51141886978836493
56.303645386044863	-0.91225463090903425	-1.5090948027020117
56.707992075352095	-1.4117718904981054	-0.94859963021549587
56.528080028335779	1.4253244743685092	0.034611386345204359
55.57433701965477	1.9490092430832446	-0.14329957556517406
56.198127334387536	2.1056928066316956	0.96590382370069017
57.217819099489788	-2.1426168086723085	-0.16199628776485403
55.897343746772719	1.4545260690329509	-0.62347373472226475
56.256656937761782	-1.6597298616448135	-0.69872704903138227
56.945421986234216	-0.87806400173696297	-1.7527062624130962
56.534976555160171	1.0801028441377012	1.2623038622284632
56.450429084731503	-1.746967019068792	1.4386283413924363
56.845489525774447	-2.0418670302539086	0.25027953909802036
55.239086180387275	1.8228475761723399	-0.26497323790121335
55.615599564628845	-1.5461056946596621	-0.73251967755371716
55.400700798172231	-1.506766226727756	0.4571896981577771
57.28819771161919	-0.80670436741680041	-1.4694577023371262
56.857337040098521	-1.2511621736832099	-1.1390768185866571
56.897420726699714	0.32868837306216514	1.741983100292152
57.085118736460785	1.5024548995372218	-1.2510231203639834
56.096133489694374	0.86284606216278525	-1.987863987028359
55.729882567749193	-0.90060035903550661	-0.72419735608294467
56.774682090163274	-0.29612790654694654	-1.8088141688260524
56.649891621883064	1.8576576249970396	-1.2003439879058322
56.585624334005104	-0.74823604600055349	1.3174576150133182
55.497070238946861	1.4671255745611604	1.0552296128114793
56.537247078522768	0.22060958935828798	-1.3259258784875005
55.874536780579014	-0.54494082193230098	-1.9724665938546784
56.526330128570216	1.7774485985268837	0.64978676518676937
55.661362646670398	0.74651867553287699	1.9103993508840404
55.454235768045528	0.45700859449720738	-1.6193215902173967
55.688568176818237	1.5297852596634407	-0.60830800093016446
56.034198094241454	-2.2076823271579569	0.24951017921824048
57.221380380127393	-1.3004743596160062	-0.94697486510383555
55.621227512514011	1.3011994793743011	1.3144669274833927
56.989326502138944	-0.41894238723402999	1.8830399878045674
56.947535207999465	-1.5584387083818867	0.88683626074439581
55.929074956875581	-0.68763386772612489	-2.2703190058609737
56.521205322147907	0.88838272373184368	-1.2823306054442936
56.532489400029014	0.46068672989759957	1.5734027165894657
55.673681517024356	-0.033467493836391263	1.6487846077975905
56.661948738012192	1.7388815045832868	-0.2433483157573707
56.980355858073438	0.3776621798350504	1.6399969648775703
55.715871259743572	-0.86661973525749481	1.5893550378604304
56.833200135513046	-1.4267777915620126	0.41778861405548712
56.550143331163284	0.19159554808827203	-1.4350217232953577
56.481106432290211	1.168200077145785	-1.4821786081882273
55.730188387527257	0.89815950070675088	1.8239026308883173
55.725752286208362	-0.31652149907745109	1.5822614290847776
56.2866202758809	0.45115905919684923	1.702109861552769
55.739345414011865	1.4336016994941356	-1.1833069109845216
55.532451775650514	0.630438133790865	-1.763013765964069
55.65902898096806	1.7043889712128855	-0.94660251133498785
56.291299857052515	0.65272343843000891	1.7373160614642811
57.117544361823619	-1.2426260387205039	1.2440521881167901
57.193608423415263	-0.3657271538221295	-1.7507265347575802
55.813206023858456	-0.21302678238112951	1.4293996191924976
55.760957585587725	1.8479654146102928	0.44121163671874375
56.722539222765839	-1.6893981829933669	0.53079454525928171
56.669729127608221	-0.61185481456766633	-1.4906276093430531
55.971512206217383	-0.79474030564373355	0.98940234233490632
57.00013970721664	-1.7208981439742472	-0.27580234284427829
55.393474033827815	-1.6177212474966591	-0.86657860347603188
56.897310568185056	-1.9236648431210033	0.55125159344932206
55.715259646958224	-1.0316123242510313	1.4250387278497851
56.228262278378864	-0.39066343307435342	1.0595331090773097
56.537860986441572	-1.3912301525193638	-0.54928442027301705
56.892343176433421	-1.0934822335313967	-1.5657936168603037
56.573469899026868	1.6257967385732173	-0.80930251057093461
57.18818896663312	-1.757984434001896	-1.0171799448034378
55.45388924758479	-1.1807813859005665	1.7943429031771416
55.292347190549791	0.46283143820079703	-0.59914996362222706
57.196788432075223	-0.63329167553344179	1.4776913312317643
57.004222960998135	-1.741751382044336	-0.019776807814075939
56.577172191272339	0.61082346947577104	1.282204803380727
55.854162817780171	1.2484060093209182	-2.002219370851531
55.473620289030492	0.74505481098357329	1.2417843409817921
56.245946825440861	1.0951854073178304	-1.4528205670855763
56.489961461611955	1.9305820279114705	0.88206247752553546
55.450172905015727	-1.5049705873111932	-0.72691206041892809
55.407807447798518	0.76962345031107671	-1.4580127423407319
56.036733700834482	-1.5676634498398281	-1.7821305549070485
55.548461173945029	-1.4148200980611432	0.73802922489169975
55.619256680828876	0.58102816834945092	1.997626145924887
55.577914768736257	-0.81242078022015418	1.4763615571884892
55.939894475583522	-0.82244080401740471	-1.6981985211204007
55.680600347707433	1.9024429434530119	0.20461931456248869
56.889498265268436	1.5602141226967743	-0.80068776805116637
56.233699388449381	-1.6277385198737082	-0.21915847866966093
55.641219570619249	1.9700610956185263	-0.44848858117104934
56.917370034279671	1.1367145116291546	1.365645120928048
56.16677043268141	-1.816286240814547	0.61633360719200847
55.69298919963591	0.43593377546956047	1.5902394562519566
56.995950774983882	-1.2415032898401075	-0.47841952848050107
55.878829229373252	-1.4430351044904173	0.59785879039959899
56.768436124194231	-1.1602617491710154	-0.67504530036081811
56.248662718037899	-1.1924984483815928	1.0505662721121825
56.66685798931168	-1.5160455751504451	-0.96259188375777005
56.246661019777534	-1.5690354596607048	-0.23432137694299504
55.65200093858806	1.5665330032948601	-0.88667298249608739
55.97424088777651	-1.3692939912678057	0.1498709752166982
56.44655491768124	-1.9086350539986592	0.004280551753253866
56.996361308323273	-1.4271284371085444	-1.2439134615231182
56.676411669434678	0.78809849026247691	-1.451853583779686
55.896385425025443	0.19674865136197858	-1.0999129452172278
56.711968349284561	-0.86490395734187453	1.6307795102518157
56.758732973653927	1.3878225874778001	2.0766422079525517
56.228252880224559	-0.96620543727140917	-1.3905718914239515
56.526949386768145	-1.0365297299282774	-1.2731596128731708
55.927000060273251	-1.8383589136511165	0.25967978998469043
55.500764197312812	1.8164989670400058	-0.053446279451282885
56.288762465324119	-1.3245789475377512	-0.25021187757741414
56.718104662477508	-1.2808003782103292	-1.1962131077199041
56.055023699180602	-1.3840717721368143	-1.2704242431817936
55.335421835859997	1.1598019669035995	-1.6818548065613801
56.068544303195402	0.22162292650698512	1.7820957788700007
57.183286835028397	0.95250789009895864	1.6962815739228956
57.006015489607918	-1.6246623734545718	0.67977804356253202
56.033330468887492	0.61542130521682703	1.6900097374969747
55.38219583247222	-1.4273911348037389	-0.62399434516134733
55.510238358354179	-1.4159020166609191	1.3842590155505872
56.211843730161831	1.0362417049531123	1.6721509013153868
56.913122864497183	0.47192694293564258	1.7541835748924957
55.350883687991093	0.55321174986831578	-1.7980207121717535
56.096618261033022	-1.1927877456163329	-1.1396152557673465
55.90835654073107	0.18507619939250289	-2.1192081500527213
55.645471574405811	0.42949283318655151	1.8119744571139065
56.99650751587037	-0.086545055375190028	2.0207017334822259
55.573070925286878	1.1993054369571519	-0.88910944513016588
56.627749670231196	-0.076871572262930704	-1.7618748261128483
56.249433758535126	0.50047063871568542	1.930004957360371
56.096641010632247	-1.1849314464937366	1.5862250467494157
56.256216731241288	-0.93142454031315536	0.08444824065615783
55.493215529691561	1.2831496066982222	1.464550971923934
57.041369066780547	0.69505033373893899	-1.484451074829259
55.901188226536902	-0.63069231760365529	2.0331776174279392
55.638075042798043	-1.5349925029736446	0.88510932955658195
55.504527873874501	0.59754648532617372	1.6801590820191372
55.256684995851629	-0.87690667218490292	-1.6383806078080481
55.830632301150423	0.72319742290011046	2.1109464240404407
57.143044640485094	1.4779400934620042	1.2042159714208476
55.720545611192229	2.6506425425236748	0.05162840251511143
55.904409460997044	-1.883508938940202	0.22013685486726831
56.642941401002396	1.8298452397507821	-0.70354162878269644
57.080250807081413	-1.6310945499220129	-0.46805850957981754
56.326834653389547	-1.2011775599767078	-1.1263075172592789
56.951818415939577	0.23111780767617501	1.5175940921554241
57.225645765101348	1.826547710854652	-0.49434887954071993
55.366325790259431	1.4383164624899019	1.365732776873904
57.071397755582254	0.17458893982386167	1.7416621934543937
56.033936352041806	-1.6189690125127731	0.22843361016569924
56.457750168354849	-0.081889986344152205	-1.8223396028813039
57.440383961719746	-1.6643896195071375	0.11879325703187765
56.230357756313921	1.7425473071253672	-0.062815528107928911
55.306406652944148	1.8491511345283078	0.87181036034713666
56.913934276671306	0.78781013519598786	-1.712096494773379
55.461536769472204	1.0125464035533911	1.4837473858751082
55.775199619223613	1.8129467840491496	0.43846370647876654
57.064582257581044	0.35937020764626026	1.573673085816671
56.779206791395964	-1.2351822480768215	1.1618004438807537
55.62255462787661	1.6802584912128786	-0.046843429474142266
56.499515336715021	1.1396408661248703	-1.1648467485499747
57.330100300105158	0.18989853478112811	1.6026709107069455
55.734607234928696	-1.0665350830703508	-1.431867972774779
55.928399806026754	0.02573542391084602	-1.3008870928713339
57.206444139909259	0.021217615062350509	1.801404697376173
56.497696121570513	1.9531161950350302	-0.29179547019945151
56.328757216966736	2.3094058422851469	0.066856280133136728
55.898671829761582	1.5601839443098968	-0.87528545821262915
56.73898499278669	0.62492746192162063	-1.6400184439165775
56.999452459658336	1.3753749195069109	-1.0045668592719967
56.393828384832858	0.11658593381742398	-1.8004721652912332
56.338084653590748	-0.85314087146667072	1.7126454509609261
57.136750344476027	-1.3027546104035543	0.97788282178299557
55.497651362802884	0.81405940214741423	2.0310720043845061
55.50475777480456	-1.2912696883754573	-1.243784369362382
55.557759349250539	1.6048789565061505	-0.33619862829478803
55.283344657453327	-0.78134031861767539	-1.2539785328670969
56.118412656614979	1.8289952110272059	-0.29762103371782567
55.966493276914839	1.7401477937907974	1.7117713842547944
56.542720536879926	-0.38819734985136628	1.9767883661766745
56.79739249284799	0.37245619744668174	1.6033153344580513
56.365261383489013	1.8167834146993294	7.5047164855042257e-05
56.410363855029338	-1.6469214659818667	1.0429402368898879
55.720793148549141	-0.4034561807810097	1.6062762202377703
57.068868041541009	-0.51148034930820307	-1.7234106852419651
56.127224039768983	0.91985386130929692	0.92920494071753523
55.40766169848375	1.8835777402716187	0.8939909302812804
55.939434830355069	-0.56008027878381128	1.6422271052346136
56.283596556366597	0.93476094065916426	1.3301879677101494
55.440555649816595	0.010942501854736792	1.4875863181034845
56.72095666570474	-0.74162440414947928	-1.3513373045922266
56.255208977299148	-1.153469337960092	1.5017070823882028
56.087092040238254	1.7142136695880887	1.2219919716760606
55.366752372887355	1.2590674448408543	-0.0079020057607080627
55.192899070998017	1.556568089960563	-0.68659012058733127
55.562101739857361	-0.89495678834434023	-0.41972061588975684
55.729380185403734	1.5799505234742184	-0.98383509301198346
56.288753592295045	0.35117663064474858	-1.471648128476007
55.700660927661474	-0.12539854208063644	-1.6150385374845206
55.933609688896375	0.70338352628296474	1.3596576336185642
57.122237727481512	1.3040382630398262	0.10502897005774536
55.503351543078189	-0.35350918973296813	2.0057464327977295
55.879065655375058	-1.3043122488161525	-1.052058999997173
55.551484056090686	0.0052140158922351605	1.6764766703498863
57.057328234683276	2.0517163106955874	0.37864978966623714
57.148898076787852	-0.35800144400289208	2.2490088852137284
55.893183170343761	-0.99535390681000069	-1.6232414100837962
57.231433465228641	-0.14697478047082432	1.7994614428658589
57.171485723973078	2.0319338442156569	0.24295925861777767
56.852025308615971	1.2815992484137799	-1.0291908248643
56.594223984548584	-1.5535063037080421	-0.80780635828842706
56.26803295285255	1.9453462439062701	0.090049086946118476
56.639967841646595	0.64150395921505843	-1.7383780014847143
57.06052027097293	1.5092155440355768	0.43028211654942666
56.208268361027052	-1.3799541390862811	1.2043074917551857
56.479593561744075	1.4297704861174021	-0.25878127289887792
55.273930027630506	-0.50457585704712382	-2.0226123171126269
56.232015609114853	0.50594040601796386	-2.0516769621462259
56.254791802598014	0.59908979459989387	1.6229123870321192
56.51079450996361	0.66228127653794289	-2.1356140211776262
55.95116041096891	0.15330066772320683	-1.9677642373073374
56.216671136860633	1.4370066148733123	0.61280472648265405
56.025464195665563	-0.50483238055287705	1.6030661090393445
55.977951426378745	0.019637565240320363	-1.7914941147003269
55.850041918127637	0.99392267457218109	-1.091106082696631
57.153494278612563	-0.7535671767198806	1.5141308860636413
55.646210701746647	-0.44919546359601986	-1.8630998831071666
57.016609311986976	-1.2309246391014841	1.5707931216088153
56.574295205694199	-0.27644862212516641	-1.4677885626793987
57.051203325549807	-2.1310547407031133	0.039662822453668679
55.566514185098129	1.569401090499295	1.1772627650911471
55.892833333492227	-0.0018811840352879591	-2.2476555884131701
56.354218445233727	-1.6915623695039581	1.398459545884785
57.012974161210316	-1.4002340686505499	-0.71528144111973213
56.633299693354481	-1.5855762101130977	1.5528222789794544
55.855402855042726	0.14385658090980821	1.6270148205060688
55.744402873210014	-0.43908093131123321	-1.7600181046010848
56.767092374751748	-0.99931958659423725	-1.2896950651138854
55.976154288751623	-2.0249119443692636	-0.28380053602315575
57.094661719911159	1.0370218828259823	1.1660384042077097
56.7793347133575	1.0974701316075772	-1.4621145295793152
56.013756458450636	-1.6760823650904968	-0.095878013597030839
55.651331971608933	-1.2187469329118694	0.9006328124064642
56.759268944646898	0.38234997234684714	1.6512106311153858
55.775822954088056	-0.36923491568065164	-1.4237214625978176
57.023750600274717	-0.92424429487699167	-1.5754031970081603
56.415621440361413	-1.5071599352066474	0.68127530534308256
55.436661055247605	-1.7276143083485485	0.58700880139917544
56.765038748603807	-0.82211976085535932	1.2816648936440349
55.864374558413395	-1.1654434615488174	-1.0513333234975755
56.003199520402234	-0.084809113991567917	-1.9010635227331094
56.861316995456285	-1.2218358341541349	1.3832166765635139
56.951384862207142	0.044918873607895878	-1.6809080319313929
56.750599922800916	1.5491220395914529	-1.073787903578642
55.724995171785253	-1.7432376072615199	-0.51714761592267577
55.952320820389012	-1.4981512178763083	1.6276793965134164
55.639206458642455	-0.27536815472050824	1.2707794785533513
56.950193582888062	-1.6571848006257959	0.082168889349453184
56.87931253707977	-1.1557600344026651	1.013624229485498
57.007047798798844	-1.45323180768517	1.3698665459661945
56.6585855834619	-0.07960620572867258	-1.9895839419763299
57.06237935051189	-0.88486619075929607	-1.6132896517555431
56.483606019083865	-0.58051994509527971	1.5789776126557125
56.144612155481106	0.1895670407307867	1.6567406010524532
57.012414848066996	-1.4600803150916521	-1.5849104339642131
56.981226611182443	1.974295207373586	-0.58732804188730392
55.824528729626465	-1.3103779533761004	-1.5256402061807262
55.751627293139975	0.49526182295847121	2.1696377835133656
56.948718570658123	0.72301578368329533	-1.4205484555251269
55.762597399158189	-2.1160210694562114	0.30018369634102032
56.424739138626762	-1.5487616998941913	1.1223659028167479
56.518886431555487	-0.25254347498995156	1.5347243720924408
56.628582829458544	1.3718492026079205	-0.91918505285703
56.290984284215305	-1.393237260681544	1.3735221860913096
56.813441454697518	1.1878641833858516	-1.6284893301014389
56.99693934250142	-2.1061061721349175	-0.15509824331489724
56.719797409280183	-1.9769552615483037	0.17924584160660989
55.932954515792453	2.095850312322848	0.81028715602820245
55.739305166185588	1.9540732371154685	0.18778398083817438
55.784168447684543	-1.7461092045005639	-0.64108808107406046
55.308999249710219	0.26165343506914862	1.599607846036619
55.51155954413683	-0.20355968878674546	1.9794228386556232
57.22509026718911	0.27889794437720333	1.7449233984051986
55.444855597588358	-1.3935361321301247	-1.4242068404382129
55.659474008790077	-1.4126317684840066	-1.2867070740591557
56.576969334745833	-0.72932349339357028	1.1321729353593639
56.28388412797203	1.7125393413949048	0.56547400353548583
55.904335673884624	-1.7618142076300041	1.0199700455369081
57.111459005404612	1.8141546664683121	-0.71757399699341851
55.670641136984734	0.051845917071211757	-2.0085464132512594
55.678601467903214	-1.2511946905786948	-1.5993285195695552
56.591786910899309	-1.2617617380750215	-0.94414731835540144
56.562519451698911	0.15783782421062917	2.0038439782579811
56.441801489084696	-1.7301380418679713	-0.62925493990435089
56.311676863864975	-1.4007479948927497	0.95815485556029123
56.762897171012035	1.8693495448873167	-0.94231410868217269
57.01828055416707	1.9682079589921295	0.54216253290604011
55.755065571991764	-1.0957618057009835	0.55876021885071681
55.457212388215304	-1.5475281639545058	-0.143513502702109
57.211127582844625	-1.5220030708051544	0.61233086980268159
56.454100315032228	-1.1393064310234065	-1.4256453285400001
57.266264804850188	0.92859339040132094	-1.0988633614509031
55.898058443027679	-1.6313367412776154	-0.0055551458608549273
56.626103549724967	1.2380567354905243	-0.43558554065244082
56.275477620318057	-0.97517948532879684	1.6889384471943323
56.644308299001665	-1.207714818580562	1.4318305580852793
56.14696861135296	-2.1310761385449966	0.79870659472750727
56.848530226854798	-0.17684712267463443	2.0512255424179693
56.676181168804057	-0.86263091827378313	1.2480230398699426
56.734413105471127	-1.4951758871735894	0.30493346585698916
56.482333728381505	-0.68618473593465545	1.6165530809940369
56.74558533300651	-0.12344327288229998	-1.9694076260082904
56.879287312017652	1.8306548505122191	-0.60919206408407822
55.909788551321725	0.91839510051543582	-1.0981271639906285
56.393473920181918	-1.3504481726024145	1.0010877291115197
55.485075429056359	0.9695149213355958	-1.1299993955143572
55.723499877105382	1.0765087128737085	1.0692417285105047
55.461616778527954	0.7174645551178408	2.02580256886763
56.580041088051217	0.92323608844644889	-1.3035586838901396
56.739407871631705	-1.2192730447646958	1.2925894704143088
56.448513827111981	0.14330651756380086	1.6549711000218865
55.974846831883006	-0.70277789857768391	2.2902297969728815
57.301934886446141	-0.99972665029781616	-1.7315235405203013
55.652095318272288	-1.2397385129870218	1.4243429690538065
56.136916317075475	-0.053725616765022244	-1.8222752625490262
55.885996872825821	0.49520331455758115	1.5262552741808166
55.49844245275596	-1.2121884833227601	1.551200422294726
55.224730807993204	2.6270085949950754	0.99302585838807467
56.203072132566028	0.75425748580866536	1.8452471882337662
57.07720607015046	-0.88115429222047914	-1.3661033905713647
55.354065917444913	-0.38254889829979183	1.9803635083410942
56.450351207607277	1.1720358343504385	1.3329327747412252
56.943186658622601	-1.6896885179055867	-1.2382681757119611
56.769900209653414	1.9464652668850253	-0.31939418033356065
56.414392382359857	1.6089829584646755	-0.5520452357842448
56.913882134712921	-0.52358150989103047	1.744462475069767
55.72282524904282	0.36630016904037843	2.3373393452720421
56.054466918470638	-1.8710895724325174	0.92668830825524617
55.786151829710839	-1.7153992732315717	0.081080852274413473
55.507476889571016	-1.3255736981531741	-0.19671634409419661
56.996745549956302	0.10497209496778323	2.0021182819841639
55.390338391949257	-0.066414508577505332	-1.2474955852474885
57.276988864995687	1.3868782411851563	1.7182444142711897
56.196999556847565	0.41699461552414691	1.4842874275027902
57.232484228642846	-1.5919513498954929	0.13896460677644279
56.087291903889458	-1.2170679930132795	-0.78520800265640456
55.33937787469138	-1.9656379717125259	0.086875401240419356
56.368242850477074	-1.1401893980045541	-1.6176950729099611
56.264357448183262	1.8529139647609159	0.22011109330511733
56.094785522643171	0.61621958499214102	-1.5907126953532311
55.322755787328269	1.0357525444990039	-0.99372324500688491
55.278649957474698	-0.62358161728143879	-1.113838658512907
56.364424985389142	0.52378494818722754	1.8798341523860751
56.309860994552295	-1.2516556414584519	-1.7107398832463387
56.49507245916633	-2.3047364090385436	-0.39189767885664045
55.922915004395527	1.2157950011639311	1.2834066824694861
56.502692375294423	-0.78096883884213186	1.3681288827180658
57.245815861768797	-1.4191900997629663	-1.0855016453263027
56.05876825169797	-1.9829872616505768	0.016901627565587926
56.310971186543604	-0.18033280695998946	1.8691052420277392
56.843205643895487	1.7112058470035871	-0.50925297133011393
57.040065446688004	-1.7407602178938932	-0.24380951332516229
57.128176473389459	-2.2886842474773914	-0.53968440599749468
56.807474928860941	0.28745748811198668	-1.7701023711561981
55.863981274135597	-1.2556884948368638	1.5221827728604171
55.483599901759192	-0.49145296255969567	-1.261487778768932
55.633407927312753	-1.0308881320771248	-1.6134547656416574
56.269825602167352	1.0508320722185811	-1.4466829129885475
55.672147829943817	1.0428864345880131	1.5442565911579673
57.129997959955723	-0.60263150280741895	1.3560980263200091
56.630096263155686	0.85557015479003407	-1.4910031896284175
57.214904610403813	0.96756042844133727	1.5242149106042324
56.985179229031026	-1.0083033198342508	1.2280777339605182
56.447696489946956	1.1565901923306263	-1.6465452774681004
55.764816404863375	-1.3354057617367627	-1.6412680094250778
56.023327988811047	-2.3176451525182578	0.013938111732329254
56.337096632632409	-0.91385029905074255	-1.0553856277544054
55.333949281002823	0.63042023696911786	-1.8476871227088034
56.958740999826993	1.9278454442976476	0.051963899196722577
55.810148172593472	-0.59506856349771964	-2.0739550536840987
55.511159862974601	1.8516062082691225	-0.54619947124703472
56.551605350180459	1.6153548904271589	-1.0382385908491563
55.71778670851635	1.6234362843405696	2.3576787765049292
55.682662572939705	0.5797913341864146	-1.5166886885913522
56.507717150052969	1.2918157726352741	-1.4127198890425599
55.271534800861588	-1.106263363860484	0.57068563236048142
56.845884839101274	-1.8476862910719392	1.0298028661256906
56.92932875414327	1.2538089685754161	0.9374434910711984
57.287546576398327	0.39866344723617564	-2.2735241308446015
55.34529783277992	1.5395467970467593	0.13974289428184244
55.455297098378246	1.2426327205136818	-0.20921262904996471
56.970904738079199	-1.1338004400048847	-1.3787048673793052
55.449011974691729	-1.7234920411821426	-0.20129371896287979
55.764197500258945	-1.2559223592578281	-1.370140073646209
56.983175508568436	-0.073242259489468609	-1.7101528161612516
57.027710732747686	-1.1694331924525034	1.412372584143657
56.995703068411807	0.48547576389114977	1.8723693005507973
56.969428264032352	-1.4988916578940641	-0.97651204605782882
56.362281274630746	-1.2851800521732835	-1.6645156573689064
55.966485853534429	-1.6639676009524722	-0.9764964344095175
56.931404311585631	-1.2658740289497341	-0.71413654666635684
56.628341077419421	-0.059345590170469982	-2.0072394244183704
55.994585710974782	1.7348210277117264	-0.12787604115277271
55.921043996530003	1.6201824857437999	-0.30876196898056135
56.246141320392034	-0.38284529442213616	1.9904069396389237
55.471863082313575	1.8858541134993769	1.0204860501529811
56.575542500627854	-1.2482666653564107	1.1728794009347026
55.515851304252593	0.17450769300597696	1.8680565131688995
56.082267088081466	-1.0566907015876794	-1.6557344464060817
56.544891430909829	-1.1048882746515083	1.0346722359491256
56.84097847475347	1.7635435556811585	0.065971533123718201
55.441316810539007	-1.6224595644494293	-0.94019977207075944
56.633990711303497	1.5670232628257956	-0.29146832016853097
57.088846543632286	-0.51432591390408733	-1.5505545440147486
57.127473739301621	-1.4464455969693688	-0.10820994167551329
56.621319404833557	-0.02711979375070761	-1.8162697808654102
56.809157029840492	-1.6314028397066611	-0.62482811297499308
55.692162190811011	-1.8101890990134666	-1.0402895036359916
57.315088123030421	2.2400233105939882	-0.021758638031594262
56.94902348254562	-0.24508307146488878	-2.0244307695004999
56.486314143246581	0.88719986387977301	1.4913088222517155
55.536207606674012	-0.25479060027745898	2.3199430471872433
56.010027263947393	1.413440636472086	-1.2497584794426424
56.546359027581161	-1.6549277624739913	-0.75955329169375219
55.479780797452641	0.57548178875570688	-2.0360557254086484
57.238326299203962	-1.6658796062094523	-0.31392217347109624
56.142498607858997	1.5078068094710957	0.49803637833787562
56.061110654926857	-1.885091474897568	-0.6853144423358164
55.674216860831869	-0.62461798420706527	-2.3924492108547719
55.523747070150442	-1.2632302158418647	1.4044068946728645
56.868472035080437	1.6660140911893337	-0.53473939202990906
56.428226701692957	1.3404883248256763	0.77761028800208287
56.118157321231791	0.80342356095983358	0.89423788242152513
56.403166902108474	-1.5841741318450526	-0.70350528181613226
56.835866019682136	-1.2434312362548159	-1.4879940773513016
56.234157992724384	-1.791067114650621	-0.36146065427529678
56.709596363623383	1.9497579040055395	-0.21689494433802167
56.469290201289027	0.78369792701634766	1.6294648682915447
56.973861437809461	-1.7369100991498754	0.062698069136244386
56.839368990969412	-0.7614014498769357	1.3644661129199454
56.582310838500476	-1.4962200813577937	-0.90168880348603397
56.983608047882747	-0.53733297550768655	1.8889253632749454
56.986186017190207	-1.745710518757531	-0.92264574242602515
55.746406392191155	1.3450768349594884	-0.26412405752075635
55.689753559955882	-1.2405991827424938	-1.1189540650717176
56.914763557931934	-1.7377197078703466	-1.0313250879998417
56.744928385256415	-1.645102939997948	0.67576904684200123
56.672689454048253	1.8526356215550039	0.51605636426193646
56.933722457549997	0.3268793658388961	-1.7299581816491361
56.339668219738421	-0.45999279760833439	-1.5444075110203734
55.703405677767833	0.82778846829761155	-1.6833092803843066
55.425552027690024	2.0063886924753027	-1.7847053033922022e-05
56.984415074723856	0.28015336361637233	-1.2523822343048616
55.881109530919346	1.8325582357292063	0.68434350290138357
55.964797810622024	1.6869326797314226	0.59764330462780013
57.031239541648404	-0.97377715953309441	-1.4849264955288091
56.087306048885104	-1.4269446231910088	1.5300087941154594
55.668620154504438	0.33449184009214511	-2.1422819561462543
56.139635832517151	1.8421210354766477	0.33975608391560885
55.752217600076463	1.7901386950849878	0.50818680820872875
56.924416567079405	-1.239939559501394	1.4451690766479408
56.131237552039408	-1.1358716525923673	-1.5808665288123531
56.436778307127547	1.1359333025140257	1.1934130651594412
55.449314461090864	1.7689683856166913	-1.066060970370557
55.898280530221044	0.077271593384662815	1.990556962415525
56.271572553688756	1.9646126754011937	0.0032911426683861927
56.089897932687798	0.71586481066382734	1.479723665360315
55.177505780186372	1.5329715821601331	1.1768371320719488
55.744436978895195	-1.0327931934378054	1.2452923893618488
56.929698253376586	-1.7176174417650156	0.96785255610399779
56.58006426297657	-0.64935256393548824	1.1354419867989758
56.362414015796084	0.22096835912667637	-1.5063646183293651
56.951866435313569	1.4866508527925857	0.8421024537905083
56.476621837431168	-0.4750506969484925	1.5491153132076529
56.198042510722573	-1.5212182158369321	0.63691974921440064
55.361350429552225	0.25565935500692505	-1.8176696143508726
56.606852466540651	2.4407421445737905	-1.3666952327570163
55.527737016412964	-0.37999271102295029	1.9225419173146976
56.783729601044385	-1.6457498599720644	0.78415616654339737
56.606442397215623	-1.8098260331597715	-0.65386970011537671
56.630677356883751	-1.2161490650977309	-1.225060436872955
55.361395942564172	-0.95595154029171425	-1.8152942085221055
55.888870802671995	0.26123186025632966	1.6273375439914348
55.270457323582427	1.1467244404034866	-1.4092536782266873
56.006085801628664	-2.2422982777330152	1.0042569732257678
56.082833268782814	-0.093278796410095066	-1.7710176701806186
56.09114574374388	0.94922263079891633	1.5858524609496156
56.9102301057898	0.092524210074263938	1.8665978492963911
55.8751132923977	1.2810744134416487	-1.0076997175665785
57.015190064256728	-0.99680895193637331	-1.8243813415369146
57.088603175594038	-1.423328940681216	-0.97320399476973241
55.56706787438965	-1.6063664446246293	0.48623797755098452
57.205973576685288	-0.16792975614920061	-1.9178733509245112
55.548528328502876	-0.13187547889445631	-1.386447220346515
56.075491122260601	-1.706427229826331	-0.058045548000033441
55.456925164894713	-1.0213000689646599	-1.2276572084592661
56.361165209674525	-1.8577199942964095	0.063773745480135174
55.864589271030248	-0.60159365752043636	1.3427331388708503
56.854411241529107	-0.78738278849416166	-1.5234417618772589
56.195882537735052	1.4791573289697084	-0.047059802947928255
55.427796672191498	1.9311847360993846	-0.51160161857422826
55.839780386916118	-1.4695291926618301	-0.85803303119870078
55.684613355172736	-1.2140043973853925	-0.55649107656515739
55.252869776160232	0.27392668725242808	-2.0465193147034508
55.300640311574988	0.80815891527269446	-1.0027771137724228
55.364343995738544	1.3355063129865981	0.17441250621734836
57.07936421319463	-0.48726939926042134	1.9135494443578043
56.714915089064327	0.38851821032232237	1.9772592687358777
56.640261434140015	-0.30169212668128065	1.6045567501026634
56.936672363002238	-1.5974557644828085	1.2541436580618153
57.045937646302818	-1.0311627882777334	-1.5934534114151035
55.641516465694224	1.3118173092324752	2.0388453337252601
56.030351264383853	-0.50739628330507791	-1.8627813834528095
56.217593432389194	-1.4358146114128414	-0.60333654044752216
56.685850747900531	0.69587150668222542	-1.6412345112027176
56.24012447888682	-1.3327515845072018	-0.74063682370368067
55.3680776674885	0.05633759268543323	-2.1202147127623103
55.390655842207153	0.91052680493846505	-1.5202975826693705
57.173477819407104	1.2791334711667941	1.1540092799560793
55.969520545167192	-1.7181267513798069	-0.1088383985541755
56.351739003487012	1.9188240405077048	-0.61310634430449817
56.406032524952316	1.5661938558307504	-0.99374807942090582
55.720267861706311	-1.7033585681874186	-1.3321740041138053
56.351241133896089	0.52247296973508228	1.7160140629044287
55.585854775059296	-1.6482330776978118	-1.2771721389181725
57.187700440530982	1.825227445333292	-0.11091749387114927
56.780575785905626	1.5912926115510231	0.48545920486209754
53.740346287050734	-6.8190211763728756	3.8265386296049373
55.221856103243425	1.122265699709212	1.3612199675707159
55.84693609385986	-0.69636990655988529	1.650850919303124
56.384422970165119	1.6084454409785709	0.23500197962619768
56.379256454657728	-1.9722773913678351	0.14663923477501981
57.112431235324564	0.37973167817757608	-1.9000132248726056
56.967513323017968	-1.9539579157701383	-1.6244071314642046
56.278366790173251	-0.36356785533819563	1.6893306019746595
56.296023624708724	-1.6633957657432294	-0.55263410670404567
55.839238679493256	-1.1196050786256104	1.8532298869091184
55.333975990802323	0.57907910756894476	1.5033594045364205
55.782527203188522	-1.6906932116234707	-0.16579048655877032
57.205579704259556	0.78809792318596705	1.5997458005174285
56.578454155505803	1.5810190654475262	-0.6954384088092368
55.469441427006466	1.0617858782662442	0.97088327878288161
56.634032568391952	1.1818547212083466	1.6741141253795651
56.297403327549425	1.6339900461125183	1.4999995998195108
57.026701120310683	0.98574523534742742	-1.5708156747805484
56.544157879860549	1.1514710068112302	1.2729142638004272
55.975257280749894	-0.011692180330412421	2.0373030371067782
57.240365319904747	-0.7136478243390747	-1.9645518125597337
55.913529862427772	1.6922370463975684	-0.97995829182947314
55.261734756117541	1.3813273812671401	-0.95570362156690603
57.133351208205795	1.6927562400228162	-0.38997745256056687
56.836162152518412	0.57232503459482187	1.8654694385468067
56.789843609519188	1.6252450388426145	0.60551746476435542
55.425288230402444	0.95039241352313852	1.6900348120235253
55.279868970414434	1.7317050677045158	0.10197861330595163
57.129914883300749	-1.5676038540857524	0.67081682232857476
55.532804989507426	-1.5284916595488223	-0.5303817461184227
55.943969738115094	1.1362370563100612	-1.269685111864113
56.417071273420419	-1.9864827783636421	-1.2922599578845773
56.305989131689429	0.6282894975829505	1.7030036006917311
56.896274322506976	-1.8538931196978958	0.6746290400960846
56.848565186588466	-0.10614823576540267	1.9479578277448428
55.582074313838199	0.038766084098724597	1.5179119997945734
56.394913825786148	-1.5203502106139091	0.8035862512464409
55.539969359480288	2.1852210362841284	-0.39759297145336303
56.929422913961524	-1.422592490069343	-1.7002943592650164
56.941731259393507	-2.0285177663468805	-0.74708103113793178
56.499311314945381	1.4211653717450417	0.252229621820451
56.27158490965757	-1.5422313560829322	-1.0692687265103789
56.968739772933993	1.1390628899715967	1.4060346848865937
55.938151378695942	-1.8274195805227829	0.26977625626758472
56.418446612275815	-0.64456115277574511	-1.5051849894304541
56.147830432002628	-0.71408670467997537	-1.350477833519486
56.648995335124084	0.39212451098876494	-1.7507945042305126
55.538829641189523	0.69434004356947421	0.00012763922935681783
56.21889822239298	-1.5260158262571379	-0.91216246743043294
55.880618006230435	1.3528723882175426	0.42144373827720311
56.673927712100102	0.34312365752733703	-1.8253000748657404
57.010479030357793	0.000692268692143955	-1.7600090582000205
56.588407889276297	-0.99143278563070592	1.0702135609878778
55.76466728929578	-0.40953156128914286	-1.6056788362927397
56.735508651576254	1.259056300112898	-1.4644409540532699
56.422767722818342	1.8000826808497816	0.18701583546608935
55.475178562010271	-2.0954803478623023	-1.0172971013826175
56.971878164645204	1.3853076542866534	1.0119100704976427
55.470251185491115	1.2000117741525247	1.0429487004109712
55.820629594149445	-1.9047049988447391	-0.013755372602852657
56.509104638085887	1.109495899303842	-0.13071352683129137
56.473369160490648	-2.0147855454103865	-0.58567186675873983
56.739346533081317	-2.0604266378220619	-0.9158369478351337
55.901648531044046	-0.84116071612579491	-1.3251783695959523
56.466300363575023	0.54919385975002255	1.5895496381189778
55.910149472870437	0.69260992530845766	-0.86899488671772918
55.975155606665439	-1.9453498810494325	-0.78098727601588502
55.346266300062503	0.93058827162071889	-1.5288114200760412
57.230972273790229	1.5836755689938395	-1.0164818830694746
56.066241686753905	-1.0286404562355518	-1.8439457694803163
55.836910449486226	1.558212715994685	-1.4176330473772678
56.015533640913496	1.8815730430958082	-0.038755574259244932
55.483752668503712	-0.77262628811629175	-1.2630937727949332
55.565984347512419	-0.39285782276124803	-1.4520058910675175
56.019137386280143	-1.7779942901084904	0.24709370011640633
56.532227482714916	0.013777708286774553	-1.7694634544548584
56.140858890084409	1.3640912277922788	-1.2631695755614429
55.557267023697918	1.5800729241435005	0.61709839020289226
55.991554049661964	-1.9122547277466801	-0.16289921997013532
56.365552607066007	-0.286356068765515	-1.4541977874920595
56.720385354349297	0.88138643290180263	-1.2753103350176955
56.052229329686178	-0.73554268086137564	-1.7657579431504338
55.997062536003305	-0.70957725290929197	-2.3206427949192818
56.637707538989901	-1.6308035665306413	-1.5228312943241995
56.453515784360732	-0.071675174882956424	1.8250604400170816
56.796539609562842	0.51317102458076425	-2.1980437605993788
55.410783996444451	-1.4703834338112276	-0.92887528237431782
55.545578096431647	-0.812255881703281	1.898003173965892
56.332647204870781	1.7020440258845098	-0.73281734954424449
55.995371331399163	1.6603989906602323	-1.2641336786587665
56.049623198510922	1.4737823381096091	0.70320968843906051
55.316415738897632	1.7979491942040027	0.84980728578033882
56.540811716069221	-1.1462314610730417	-1.6639193775145467
57.132370309786182	1.5037175521147723	0.41683142792100114
56.814387653600946	0.36692686981691186	-1.8342067743826886
56.485124303918788	0.43109710245010152	1.5392609547339982
55.624061021858346	1.8011418693951549	0.322017458342299
55.371869377613024	-0.77530079271817864	-1.4979565383949254
56.783403634214451	-0.7900515101346125	1.5606755398647119
56.547805265519152	1.1091039008071575	1.4353208949172127
56.747750572440275	-1.605053323329078	-0.72451149375204993
55.126965763137918	1.0080851524905461	1.6685306544261806
56.865245949597103	1.2770469127659991	1.5050621007230816
56.220981526032176	0.079512171071140378	1.4391645592121818
55.967281906452094	-1.9161391414258977	0.072488154479038835
56.871385382267874	0.099993319476542081	1.8357541038696883
56.664002057217495	2.0361905815388122	-0.30464554842973945
57.062563429189055	1.3536272980765469	-0.68636451956968636
56.17450113348881	-1.5943812008915779	0.15345277086585007
57.155997181840497	0.46498090527378116	-1.3575308137271651
56.904522711672399	-1.4516206116810502	1.4102107684270513
56.753277104016426	1.1497553980683775	1.8172293470431427
55.861719167061132	-1.7546596057093451	0.41265421400543384
57.106358870145492	-1.2581558780818296	1.0436473595040638
55.622989030810182	-1.7409519262338859	-0.28009951690278995
56.470936513384807	-0.71595090166905173	1.9661569320579368
57.127314399531691	1.5761189553222725	-0.41702161786890524
57.011496872871852	1.9124009508049482	0.45449109769708396
56.009623468876789	0.19182759132077384	1.446360856635645
57.031928557022162	1.3257757991372261	1.1888372499631006
56.436424481114742	1.4302544049421397	1.2701591130335632
55.341929329907025	1.084049746126275	-0.9430530640773177
56.572217968065772	-1.6145072700334371	-0.11390839660331936
56.398265160515749	0.09889051876332032	-1.2935173990739062
55.964182401519679	-0.15603242128186831	-1.6386371787637486
55.725803615819522	0.99094008104241371	1.0933958408078996
56.803447986694401	-0.33617534919029712	1.8288861618988765
56.749138848882851	-0.92410366273876954	1.1789781341761927
56.427111433747115	1.4637649416290668	-1.0210289403065245
56.92789870897824	-1.0700843381218195	-1.5046077959671953
56.430604878180283	1.3927840512074836	0.59022509142141721
56.171374011306803	1.5541469618735579	-0.056696183173277341
56.673032156565078	0.97032720029242714	2.4394042551545043
56.878116488689308	1.8306201223380891	0.71442313939871538
55.757146640026811	0.0012846024027593742	-1.4087890325146604
56.699480362624428	1.8953927444114504	-0.90803170576242365
56.205359464497477	1.9451745833456249	0.99353878768689341
55.914121564640006	-0.80906686510631098	-1.3362240216664287
55.677378847397101	-0.68840527986065725	2.1354980679952966
56.304272981089646	1.6499675129085454	0.4774846310213709
56.526473805883121	0.36899120463583701	1.7329441053322376
55.676966566324062	1.7470118858873489	-0.46089748314838647
56.670717040472184	0.26970421092508645	-1.5388363954458781
56.71713617324022	0.79422768125375787	-1.510351254001973
55.669719023838681	-1.3442422694803673	-1.6011569926582834
57.390853890627582	1.1944456472163381	-1.5440179733574924
56.349025616529175	-1.0642400968973935	-1.4531034078132363
55.499770625441954	0.90449220802650199	-1.6285915646741786
55.732678719981912	-1.626500503516833	-1.0455554082577982
56.362183715079667	1.203259454735724	1.5502296785615837
56.635325306714307	-0.43330641253759067	1.5356392859985359
55.831727084488953	0.62517760340268747	-1.741389014157348
55.471969174209832	0.77257202893295185	1.3672025582586809
56.560270039972288	-1.4631360222035872	1.0549661040243419
56.92965862611657	-0.42340675530667538	1.7213885018235322
56.926659157005652	-1.3512541043683781	-0.64197538275458366
55.804887947832398	0.93105079578408723	1.3302951724975527
56.439971881146285	-1.8324738040432242	-1.0332834204923873
56.416081221703323	0.27730089004431774	1.3413653686134244
55.962187910654016	0.17976312500633385	1.5498113381000416
56.943453037328617	-2.003608740007913	0.40487613900216463
56.108025620954052	-0.50998248808903623	2.2424337026910388
57.217205785513229	-1.5423778293747175	0.45245623256893192
56.173995585494758	-1.6113541199522476	0.20248641794070329
56.264495620052422	-1.0979845243208008	-0.55943405632077603
57.090420553100394	-1.3674297264637165	0.88622606633076761
56.968621044027515	-2.278591511391832	1.1244201901247768
56.042617769912326	-1.7272336133879409	0.65127942504259606
57.106316157089843	0.93507250323456659	0.98221842660696423
56.652863084247549	-1.8584033488714602	0.19569047063473569
57.285226255363753	-1.9704936265512993	0.38685567704239116
57.095118092794522	-1.0291656495187185	-1.8105495073502988
56.225464630801731	-1.5194679205427888	2.106511560643884
55.921168416144681	-0.97555768281345245	0.1611922294283592
56.395375644014671	1.1366531029324998	1.2197251464779757
56.072826476743927	0.15070386093305177	1.8212698014875099
55.954824206941211	1.6500436297013894	-0.079907152758191352
57.267865355105343	-1.9102547777668974	-0.32783211743207469
55.359084501354971	-0.90889679880399521	-2.1547268182795238
56.699531743940597	0.36073043634629265	1.6250097118083695
55.395444948038232	-0.34579619259829725	1.6320356728969323
55.557708505250275	-0.44529044766041348	-1.9463015226338141
56.201648848106153	-0.80809164670788292	-1.5407955050509441
56.303519915189085	1.598688544981979	1.3196923256996604
55.838837809850794	-0.36872817192264062	1.5898380726445456
55.8605682043234	1.3346548351427006	1.120037822225626
55.611302156565053	-1.6181336342231942	0.30282175187851307
56.131516762710596	-0.014392362534031306	-2.1947853010673648
57.333463714216336	-0.83147222475371441	-1.7860060649330296
56.034981139356276	-1.3621938918448415	1.0043309917109706
57.255751901081695	-0.31037140912983746	-1.5939287931926005
55.872844944932325	-1.6082849883537136	-0.41730169395328243
56.782513388014401	1.334598843005202	-1.2235958402194436
56.167721758911327	1.1955277151995607	-1.2205249385567161
56.529330927672483	1.2175388273534002	1.1047973545219221
55.694295053796324	-0.58012784152094465	1.7275833745540929
55.292551362971587	-1.150698041100118	-0.54917942001847575
55.454709816194914	-0.10343360725827347	-1.440123461325864
56.760740446374463	-0.84462710177241296	1.420080009062247
56.066408098160572	-1.1847417935635609	-1.5485143334588793
56.177917513434387	0.98546698052818738	-1.2367312336580054
56.192591246288877	0.042031421927758467	-2.4588782205362674
55.535270699396307	1.0628408733005987	1.5318134267004866
56.798980818908163	-1.1448281280465931	0.73943994472336183
56.225863417321094	1.4771103069904477	0.56615240260710231
55.314928838174779	1.7095545286772247	-0.53239509190102308
55.439087329287155	-1.2152074218641984	0.69323639086473532
55.69379542937299	1.5443421390915748	-1.0626334620336042
56.124828299158025	-0.9094463473237745	1.499676102437796
55.283827503855392	1.2320927211525634	1.5629334794505585
55.522820709482218	2.2565818904116473	0.93305560374650387
55.667159424916782	0.14864952619223387	-1.6340555700880137
55.51491238967251	-1.4508061734436442	-0.80175746481589716
56.820624136185032	1.4619392882787252	0.39792789398231687
56.251296221194693	1.8697407563867363	-0.13824876385414137
56.594537908638394	0.80182130308767818	1.8508262966860047
56.474106547379144	0.78015671095284822	1.1509611894219722
56.901062358957738	-0.3459495856192345	-1.7817287107058619
56.505597079946725	0.95420049301954468	1.6285637091428029
55.46322792808413	-1.6178232778355603	-0.22571262204561854
56.793090390580616	-0.83154787051923729	1.624936997619113
55.544268129887399	1.3551535051917685	1.2592066282597336
55.720033166503171	1.2496708507008503	1.1499554597483534
56.195855088578305	2.1011158869705748	-0.052802760375912521
56.421228720191706	1.8336402417955606	0.27126883379730171
55.888416027140075	1.712281631027095	0.067874997545333257
56.710650543720163	0.042153081542461508	-1.7140319707913745
56.908100854566364	-1.4984735581531039	0.93549206459718282
57.076304272274548	-0.3207185903564066	-1.6028499301613151
55.918596122386106	-1.3021736205858891	-0.27100970505744704
56.696534386035196	-0.062270154348954068	-1.5770193862763111
56.298503299457629	1.3922002909892641	0.89283031910873467
57.055429276717234	-0.19115571442034357	-2.085209931976499
57.043637038252136	1.9035674355144276	0.54218699116839963
55.505880422036981	-1.9822468443030563	1.2118228874467987
55.867987850170671	1.1534561830790284	-0.8264498221753378
56.724848675151222	-1.7618333946271598	0.44266019247124827
56.863159822712532	-1.6335338623124129	-0.60011996542697443
55.39738685205149	-0.061564100298725999	2.0522099912187985
55.874790714759634	-0.14433844877922994	1.729776749178848
56.089604712429264	1.5514938103330178	-0.55045834524997195
56.029289267915274	1.5650910198351529	0.098113180938340844
56.02316985514836	0.67873495136666984	-1.6086043528259473
57.004665487261668	-1.7591797206068656	-0.30603673075338772
56.134516514479614	2.6528021218023285	0.74327760058152759
57.054549736762681	1.626340586701678	-0.11548159930145406
56.060638415895461	-1.2613560497516216	-1.267625926523827
56.994172903767499	0.1331929834290877	-1.7710136031363823
57.016709268873115	1.0410001666545974	1.4973178327808585
57.072417115692353	-1.523156099713965	-0.42043960902288557
55.478184618869975	-2.1777090588650627	0.12789990949269373
55.768882738001665	-0.46997905260829137	-1.9522991377604448
56.558978344454914	1.2147883671684121	1.2854125656353297
56.946219737774562	-1.2443327145765044	1.8694753557730046
55.197926946243157	-1.6820969733320859	-0.26158206100940895
56.171077200941426	-1.7208281438901696	0.71088540226998342
56.434452101192413	-1.666212083086426	-0.7650647057190072
57.00075447499502	1.2373238319308042	1.5505124861644672
56.231966866304212	0.720853444608205	1.3050880707605506
55.287542802171814	-1.5421751522953566	0.15722602654713291
56.689784202556332	1.1138380840114255	2.4325857310725816
56.102837656950157	-1.6333356767754579	-0.88242887386327806
55.396230615520359	-1.0354654646615808	1.693372957619645
56.89703473405509	1.1153148905923862	-1.4943972450110437
55.811010649354209	0.90440390889693567	-1.9650235791688087
55.536531379039062	0.41591781609577194	0.93407852235743583
57.168481407785329	-0.56202779450036611	-2.2092727905437664
56.737141621824499	1.1439238087210504	1.8606553684746141
56.840251934305776	1.791297604837998	-1.1924138891306828
55.852818481521844	-1.6620663940785505	-0.71044289434089969
55.516104197288946	0.70213683925425985	-0.78464033977837688
56.260665022770844	-1.6927784806119694	-0.66338514206833965
56.042255064211027	-1.0845832108011371	-1.5410865923879151
56.845357175722654	-1.4296181025940959	0.61342960975417349
56.010744848836616	1.7036750338396713	-0.56441137514855111
56.533419252031791	-1.5895161630567667	-0.21387821452846473
56.471559485159496	-1.4057397203815103	-1.5508957958835401
57.177434309095055	-1.8355618681326318	0.18319449155405196
57.237407856699136	-1.2645732339339597	1.9253324257421294
55.750829241415531	1.3335664235307629	1.0540345652853118
55.265358392880557	-1.6067370996134918	0.53639304076191341
56.695020872603806	0.1692216626323578	1.8042835363609853
55.327486287499759	1.8341239457069558	0.46086544755905778
56.555787189191882	1.7325729982344833	0.57023277975818498
56.261825802856151	-1.9795498487792393	0.94451106233188298
55.325598571628852	-0.45910287372801806	1.9399202951422769
55.909488054879638	-1.113188605539728	-0.60839212533382669
55.507870346896865	-1.3549254485662801	0.84896907498544694
56.123083789788218	-1.334387201432524	-0.2240478825858444
56.876170786110528	-0.66389242783719293	1.2943139603929781
55.811992452066512	-1.7541093838276267	1.2662594732097017
55.619223318834003	1.5466224295340634	1.3208399962701318
55.787673363828794	2.013117148948766	0.17257232561254041
56.950153501486099	1.5768110740696861	-1.032324806906588
55.885831161116826	-0.71989980696724654	-1.6629792970878039
55.375584454593366	1.621755847700717	1.0940221439813382
56.051152511787407	-1.5807358251756869	1.3746233720539653
56.644354481167149	1.4671633995662341	-0.18005967456649533
55.689239842812363	1.6381463251447526	0.34293446796216798
56.268149034878725	-0.26814267359500382	-1.9324789410928978
56.453778010326488	1.4012898423005034	-0.80506121433383826
55.289369194037413	0.90946499808714254	1.387299317813093
57.158165221758999	-1.1547467819132524	1.2505532210060779
56.330011934136657	-1.2575284272167402	0.44663577288852718
56.282249752024008	-1.2697102840757479	0.74239980134337624
56.58647572901441	0.54897884859598922	-1.6995189051387949
56.320293859010086	-1.557308028489973	-0.99638303351810231
55.396901725403289	0.51149607372528005	-1.7174189859942113
56.971561192165055	-1.365457653568618	1.5121784097188362
57.01210325133755	2.0030448997564885	-0.59487576237506401
55.627431725324392	-0.67184185532355278	-1.952213089267741
55.685768010020936	-0.63889851343929638	-2.7685441244577511
56.747761509633648	1.4399694568654522	1.2194317480884505
55.89153109665515	-1.5667323808059435	-1.1274236769741226
55.82684522306338	-1.7627281022776979	-0.71841662073220769
55.27530636489729	-1.6457820071056382	-0.15932846512222029
56.421096724447914	-1.6475681718544566	0.86675402958067649
55.716312272264226	-0.87036442338869346	-1.6085663508420378
55.800173687796878	-2.1276579076342244	-0.68782306343886268
56.314680904702762	1.4579507411065267	-0.092153166573508416
56.695002914868759	-1.847582134016561	0.50753071775266145
55.550573120152869	-1.902579627407893	0.98813786224945599
56.907241775846558	-0.77315737249242844	-1.6427692931819327
56.684868381414645	-1.8575683981753333	-0.20436975615994812
56.921770644198624	1.7735067539426432	0.23530892274734452
56.350387899219065	-0.41671801470577724	-1.8633007558554471
55.470257898007752	-1.4986664964866296	-1.3911019642076863
55.534613042885752	0.59270641399581225	1.6132606290083822
56.939469853246621	0.24509332771144096	1.7537901431501184
56.78296834824836	1.4602731082596923	0.82637735183421523
55.697213579192841	-2.219383675558849	0.19175509620198941
56.408697619563938	-1.405922814839889	-1.6945553496364487
55.657263173534837	1.1705527855032332	1.4026371074938067
55.928095649217326	1.4148302075143644	3.0716397044467203
55.294738015642494	1.6756861582626703	0.37096644422320396
57.215743534750956	-0.53363144338087487	-1.861450495480522
57.151517702291898	-1.6452768475598343	-0.17886983491256125
56.948568905655527	-1.5162740357134181	0.59303677607699035
55.58844561321861	-1.1586615461980323	1.3938985597700499
57.080851146474039	0.47763291287772974	1.7743509295389657
55.963598176148686	-1.7859369947884642	-0.41743767516845681
55.913863038686337	1.4281574598236837	0.94162801011226893
55.818890382132551	0.035982212243879881	1.8010512427433314
55.875050313353	-1.6662218986666733	1.0159029563763753
56.995746394396392	-1.5427264925020885	-1.2343774821920492
56.969027873498348	0.74320362174304955	-2.3806780788771973
55.618676429420248	-1.6846402578074979	0.86673614411662092
56.583777998022356	-2.390738182637886	-1.3681734468330242
56.68924899730915	-0.55951330626888729	1.5914347626670478
56.28967201270288	1.5949741094674756	0.47360432976200656
55.651720455639925	1.8949940607003508	-0.14316306260511749
56.293706068000006	2.0571265773062075	-0.13137625014424073
55.890017522698315	-1.7703096666811184	1.2420059370122278
55.264848630392962	-0.68940087275128004	1.402999058342989
55.385739419100503	1.4039989687164283	1.5583128724376563
56.727467539204355	1.2454455471607144	-1.4440663531797184
57.136470843704188	-0.98393297833551285	-1.2686642373675787
55.285490146672721	1.3743280115531984	-0.99535197603670877
55.987969450135807	1.0359838226361555	1.0661382504147017
56.095259096337593	-1.3120188197794298	1.9678234861260202
56.908231006977772	-1.5773527541720356	-1.1571321087703674
55.610664270650979	1.0347656625402204	1.6451087270873106
55.874728199991949	1.5475623141419996	1.2069061223631603
55.46973468161508	-0.49425843217165655	1.5199856938686747
56.98513963407855	1.4624189240389052	0.039473653400062265
56.64988564590297	1.0667394582227925	0.91567679558215831
55.521350455784734	-0.58574074455711611	-1.9211099850023794
56.171060026361481	-1.5713802461746011	-0.15214897874321257
55.498057328406681	-1.7433356154379318	0.39784011016601767
56.322098428898222	-1.9299603623945103	-0.71181221561376806
55.605359419841029	-1.1440720368299557	1.1420003526479392
56.694187808276851	-0.25728015541284599	-1.9888661530786109
57.194212658164645	1.5378629846678402	-1.2242918317703126
56.969929938715872	0.46659233777131348	2.2609486286861373
56.538744430707936	-1.0220159387344985	-0.81358748901944622
56.385586944299206	0.48980706752942998	1.7034368898053691
56.199729319351455	0.46868200513381914	-2.1757044722079728
56.947122516133746	-1.8581264576680139	0.66021353266116123
55.181173387292475	-1.1457482239092971	-0.98807159451865723
56.791435607208228	-2.0425049245322047	0.06294514525474601
55.422156810284029	-1.7659843072718837	-0.13738221962134428
55.732225774864595	-1.0225810382637175	1.3734692251539793
56.058178754779441	2.0900493288922957	0.004492930190875077
55.640936209955235	1.6020326984950908	-1.3676549427911864
56.717042443374574	0.60204069428431539	-1.6557295016873868
55.439097670083441	-1.7510282885582562	0.68900637526006769
56.246361206640003	-1.7537008379901895	0.79020729562056746
56.971753661681937	-1.9105278599062643	-0.083017820571669468
56.882461405191982	-1.0307729445551055	1.0438837598306445
55.242544664351968	1.6872789157256725	0.15049751642431192
57.136955418160248	-0.36710672341924361	-1.6912335269287389
55.706841425961898	1.1894879745482612	1.069580480231096
56.298936707099756	0.33465263027899622	-1.423969206514704
55.678923540090501	-1.9992013523802279	-0.34043080119729574
55.5780623411177	1.3802981522118642	-0.52178399045949531
55.596437826051883	1.3302545689484775	0.52036268617917014
56.605405766528364	-0.98397774034213048	0.53293279648883951
55.796095129068014	2.0117680026216749	-0.54715233191796653
57.167190099914791	-1.2841291447762659	-1.3793574812406926
56.076606142727762	1.1423056254682808	-1.4724776818509793
56.16798906624976	1.8656592004244417	0.041627797877474587
56.904817509757983	-1.9023686123305983	-0.44360505992357541
57.041672279759467	-0.43433214152473959	1.6787487505070984
55.756025696302359	-1.5841079893921126	1.1163525666455945
56.114050414131924	0.78927921651552824	1.5213614090838998
55.191691145257188	1.9655266384504024	1.4291041230264667
56.884814742237147	-1.0230525403846327	1.6909147248416871
56.715314879820056	2.2010346545074033	0.18109644927253069
56.69396680700499	0.77619392305813284	-1.4215237841716561
56.202358498237231	0.45368451935130755	-1.6811702405933098
56.092543103012346	1.6219622357025458	-0.65992104091443304
56.753831334365252	-1.0215274611246741	-1.6670213684181581
56.764366326495555	0.32947396451634547	2.4141182882473133
56.201010311801411	1.7754050372866772	-0.64113308368829447
55.422530246621108	1.8032521260133776	-0.01270750257270232
56.854158134546644	0.13219018966853674	-1.947279721614432
55.504003401359427	-0.54416455494819516	1.8671257854718724
57.003866035642055	0.62086390849511419	1.9493955096014806
55.655404133354466	-0.075890181525521308	-1.8379895661318759
57.343395915740189	-0.94145352557316353	-1.6821949680449884
56.85443649872348	-1.0220198646969425	-0.32245851622426314
56.183273996161915	-0.72469872153801085	-1.565400298011155
56.142805262653042	-1.2039418978051173	-1.2407760155997949
56.781308124563076	0.029949923977771846	1.9685795016891667
56.018978661418672	1.5282857610344767	-0.39137422828328494
56.618513054700145	-1.6866138089626843	1.0546927629181608
55.74661158782208	1.78902591133222	0.20698667341095944
56.955923245306174	1.3518544848988132	-0.86505261292130031
55.656731025396724	0.083362495788841043	2.3245958131492168
56.351607366269519	1.7912641058277523	1.2095408366161582
56.817525427380282	-0.86362292056523859	-1.7040872812336831
55.967656107010278	-1.7253076621500212	0.32559368254920812
57.155014476613275	1.2562628505030753	1.4458379914253663
56.895591038596933	-1.5545010999822033	1.6720714784874589
56.45284211640859	-0.82986779898214647	1.6963630380845429
56.012082797258266	-1.3041017933140149	-1.9370213481839911
55.525607712403705	-1.8044989214127223	0.88112086190933658
55.40715120594718	-2.0005599586942382	-0.85652450158498783
56.728661049061799	1.6746885507601301	-0.87901130146313899
55.795784305490088	1.1746604862423908	1.1744815062448755
56.436636364306231	1.830662323898123	0.54029541758702238
56.703677589789571	0.49322201962877604	1.5709725697200905
56.826977801219797	1.9150691050395707	-0.72214432587678989
55.580783284898551	-1.3978540834426294	1.0603402072062857
55.883211607225476	0.87974272946566401	-1.4984445162399325
55.617432914141403	-0.74781402785808582	1.3369637881481393
57.180451103897951	1.348140017840129	-1.1622672980032709
56.597569591803605	-0.05005612421201034	-1.6223914248805018
55.307425121616561	-1.4443073605296533	-0.78534215986441214
55.667414460578222	1.7371366305717721	0.29137047657246329
55.764734059276634	-1.414198846638046	1.213274839556334
55.616303421081554	-0.0011248752350103038	-2.1630522660676972
56.472417492069425	0.8110730852049447	-1.5844947497148671
56.488191897609582	-0.69604023944253268	-1.1378021458241001
55.974514895728376	-1.0424898818360431	-1.8898189148577269
55.50254299406118	1.6824165215550442	0.1071715759281409
57.185161985114725	0.61163959622234798	-1.8598683627079173
55.5103365360075	-0.70414939319495506	1.3786790932267732
55.934413756524641	-1.3496751835214715	-1.1827217156650272
56.621461393540834	-0.84160481216853156	1.5233082492082681
55.738238326046194	1.0546016633375233	-1.5561801935364381
55.808772015614309	0.48706983081518929	1.4886945228743211
55.714248618969741	0.049973017159244688	-1.7319022952405312
56.671887929737004	-0.18828097791477788	-1.9058116098609648
57.096223223312784	0.48237616106072306	1.8980226135029723
55.908183430834242	-2.1079950641453999	-0.66910280825431379
56.42634392363599	-0.81743762441351275	1.2695775435500489
55.499235702341302	-0.19934277714677623	-1.7746075751405934
56.581232669911174	0.12574865024924037	-1.5785133905661017
55.933545032154946	0.75337849590826922	1.327175136908882
56.667908334067434	2.8612804483743171	-0.54281508463654737
56.503108441460768	-1.6126814983962359	0.56202181233047832
55.427651641281912	-0.20460491756080249	1.4620908177458847
56.962046890901064	-1.8679179018006715	-0.71693921771838243
56.555899040036913	-1.7409816155657669	-0.0014965515176151971
56.93871301710108	-1.2269320109113198	1.5915443766839854
57.097946831530884	0.56509963483111836	-1.7593205917240839
56.897219157170483	1.2603357042619934	1.1923088827007589
56.191933200537804	1.5502692507138158	0.74875450176901959
56.549608115631507	0.12673128934048847	-1.6137602104700193
55.733077229173539	-0.21816245547827762	-1.8617485939911507
55.552917361751156	1.4351554354765703	0.70575077874435366
55.573823940551343	-0.74367622576562553	-1.8056126815149514
55.726090411634317	-1.7555780159986514	0.88852462823088241
56.522143342687926	-1.194824992027081	1.614548560036666
56.828897384529526	-1.9273326064237715	1.0483180499801077
56.734165039724978	-0.046492179844398317	-2.1311921909570906
56.836925502783998	1.3509407262085553	-0.90969065293829354
55.946044062538213	-1.4993140028900316	0.88339539543624135
57.02857690469888	0.67468165629430532	1.6496505723716179
56.902317542530326	-1.4263033088093304	0.91642210134532587
55.92247441386214	0.48621920712935118	-1.9167410220158823
56.831026150295145	1.4764401583487563	-0.33462734298758323
55.514310499644871	1.6622593251364064	-0.11309714420670897
55.861141245122617	0.89393848373822704	1.4737381533703124
56.447259882205465	0.84061431284192067	1.5130168271948126
56.523536820879684	0.34054479436798996	-1.7496112486871183
55.957754996331211	0.8310170035213964	1.8527229662707416
55.493032865092431	1.4370817075495055	-1.719202299492312
56.520093062208723	0.50676945573590737	1.468036111308312
56.245530551065762	0.95039003567911617	1.7129108456309809
56.920129637375652	-0.81578819643844802	-0.96228974294571212
55.964021371707794	-0.18624699345986917	2.2391699093489095
55.800464416731259	-1.0259660606825172	-1.2305487457683397
56.91340728094486	-0.96404685709071614	1.2394714748840108
56.507575083097159	1.3533665869656795	1.5342285950345507
56.289090005245967	-0.29679128680804473	-1.6936251524243986
56.67737593627875	1.5889728164162285	0.33065937586285954
56.594883015065946	1.7919288023768518	0.5391054071114284
56.576837000506742	-0.35645833419340628	1.6356393574295167
55.871081893152997	-1.8939092920827267	-0.18932211188943773
55.744486297982142	-0.87424443998218182	2.4093429691845736
56.573618134166885	-1.2201930482305816	-1.1755508576203046
57.186655507369231	-0.72502729004208222	2.1746117291614864
56.868715868267685	1.9008127528656547	-0.10835406524855004
56.159914340077464	1.4174304881724777	0.47598957848318807
57.164191328613676	0.060816430408064635	-1.6181509493128676
56.516989237099729	-1.4746309966206208	0.67326285054382917
56.423156845257495	1.727692598592274	-0.69677050682541541
56.430479228458729	0.99415363247446242	-1.6727576311434116
56.51755417843669	-1.3487196692358141	0.25105506566971925
55.351925779065994	1.2020106934709078	-0.88525224882679721
55.907543338356021	0.8838969385647315	-1.4977909989729952
56.648284060037952	-1.3395311187044388	-0.67097312260110964
56.485245943655165	-1.7071851339831159	-0.88416805220470873
55.954540046261272	-1.7019226657341775	-1.0165945372358602
55.786297830424488	0.027640638459697053	1.8625716128283909
56.690256687343506	0.80928291734973778	1.6090138422557647
56.346593756769963	1.8997105142426918	0.67938166003473466
55.753222751399122	1.3908879884822447	-0.36086949804883284
55.824596977270289	-1.1703494251754167	1.6497278905209005
56.924078200967593	1.3563356321372635	-2.5834665544688562
55.534514443080596	-1.8073379722469036	-0.40723855501731548
55.854560567463167	-0.93299692958214442	-1.2215362329732427
56.168964362701217	-0.18831254494338495	-1.6292917763071353
55.278145843449188	1.9361820744751337	0.49010290780842508
56.933281454379525	-1.5757236089711351	0.51760850737876218
56.125595597311808	0.75966711990623148	1.7307255359364355
55.506346638676852	1.1250460596749294	-0.42366366292324692
56.127593424206182	0.52761831208672483	1.9635834086342909
56.547375558216203	0.056120043483670619	-0.42102615330777948
56.933528019763813	1.2907633359653583	1.5039069233412825
57.187451640031618	1.4887782481489844	1.4191844855171505
56.042731500578405	-1.9647558371335141	-0.17824603369240305
57.047030927680638	1.6498911594024446	-0.90040033898807803
57.283484018972686	2.1059435536414548	-0.55828058429087557
55.395035538462565	0.13558857851789968	-1.4092373982503212
56.895346121341554	1.079430875095122	1.6306258435239258
56.23324934365386	1.505182356415451	0.50213274556584619
56.459242916077791	-0.13319139084288731	-1.6876561784261175
55.737309019972855	-0.79277255382281364	-1.6577599723880094
55.805016616747736	-1.8406579522353494	1.3273681180767034
56.772618162300738	1.22600842463509	1.192209698530412
56.882749554713349	-0.29518138844086272	1.7344311895037816
56.512511757233568	-1.5052097359667773	0.21180146540303124
56.044770328084383	-1.3109856774138373	-1.1897798910367987
56.176787244763432	-0.75954786350998205	1.4508140652774599
56.303452400942717	1.4945421568926649	1.4002574816083595
55.587654512859615	-0.45196785235063758	-1.8263378861970057
56.010128329446708	-0.79391782121200116	1.3228600959696877
56.84734231818517	0.028395525463465958	1.8923631594907135
56.586058183910261	-1.6240209928280842	1.0958663547253169
56.369025716614679	2.0776537907932013	0.4536356529106913
56.587934487072964	-1.831732079168916	0.36367730888513
55.315938744417878	-3.5902648621032971	1.7067636567391014
56.866407403875002	1.0711189794443479	-1.2571372955278404
56.33323946867386	1.9363506669835822	-0.081053484464059064
56.533349253588135	1.5352695405566907	0.18955058642265454
55.895312717592567	0.90551549938590892	1.5534533118126812
56.786784210013963	1.7351999966009999	-0.61114608349543231
56.90338634338616	0.21979512727283307	1.762027042830147
55.740184263635427	-0.78667723657519684	1.7778933423599734
56.610289448351331	-0.66462281609637452	-1.8046711944125242
55.462576753828593	0.21826586158267977	-1.6894672612790571
56.211328684093559	-0.72716602978743727	1.8731375705121933
56.850308169235696	0.97044427885419615	1.6416228455031789
55.627885417709649	-1.1487361016866815	1.1202594344664669
56.644220543165986	-2.2093591552917684	0.75399522206997605
56.384553244954134	-0.79832092012009148	-1.1564285443426063
57.110808414622831	-1.2589416355557597	-1.4051289615561413
56.658014083648546	0.789990417793764	1.6125057385880799
56.014157462518064	1.4561689961851418	-0.27725534163924803
56.444504321285692	0.05519076561418431	-1.8626963971722599
57.109208039536483	-1.8844474339919219	0.24485372887379117
56.819890505563329	-1.5222040017157701	1.0829734315621
55.593749495785246	1.6097120949349637	1.6476003692913472
56.356150976960471	1.1708893042664774	2.4936510394533995
56.980414581439199	0.91248983801419814	1.2584093676223747
56.448963317680693	-1.3271883487882303	0.63487322082441811
56.906284657794203	0.48103765864679754	-1.6646522606665093
56.390544955164884	1.4616609236307851	0.16224387622647093
56.902088333470488	-0.73865818487455848	-1.8124371516469897
56.159358465926879	-0.66150121171379916	1.61872252926701
56.806339140746907	-1.6288966440571648	0.47592699689705936
57.078798513093432	-1.0154261921715564	-1.2019273728184596
55.982628565003601	1.3027883747879021	0.72187995761670021
56.21702934686293	1.4300368425130761	0.3800509152315158
56.994228859341355	-0.018933888304657892	1.4642227156652441
56.587933593132519	-2.1924156541725206	1.1084434448332399
56.977803651024082	-1.8945498090032162	-0.26963991955975442
55.569908067693532	1.2920166489541696	0.87891761633442733
55.477276151933197	-1.801985894445002	0.38901634978162225
56.982677873019284	0.8903778686103534	1.6477673149754919
56.431855697397701	1.3064511889752444	-1.2943341849041354
56.962666887140173	0.89628771958097331	-1.6885412205108197
57.346682020746876	0.22369645471883925	1.8347323904279704
56.011795172396127	0.76250234268762695	-0.63521372965835177
55.800572970224927	1.7110383667866396	-0.89397760427130113
55.98273763701367	-1.4350614862306621	0.24326881016235086
55.663054759637227	-0.82680015560634201	1.5434681101286092
56.194782860994792	1.4594888168525697	-0.19628070256633762
56.500702069620374	1.7438474992011817	0.92735056908201996
56.228797882123104	-0.21483443636062827	1.8704467874011208
57.318019693170527	-0.21108721579906406	-1.9704333746441536
55.910599278290825	0.2578225957246798	-2.0100210225194108
55.735261845864009	0.7967136151895482	-1.1461513096382814
56.766742690364801	-0.74111237522228834	-1.3235928517095978
56.882607035217013	1.4241414876903116	0.9272629405926166
55.545133578426189	1.814375915761526	-1.5821288885491498
56.785732591275789	1.1906718001903269	1.0622992773990607
56.338884414074528	0.23720462195404551	1.9162346681353379
56.612001482296378	1.2775014009647896	-1.5525284104228088
56.299041430425845	-0.31309376548363949	-1.4693882234740168
55.451986069747335	-1.0919601483708783	1.9220240582443924
56.03144899407949	-0.65624194685319348	-1.7688310129353373
55.953531224259557	-0.67346018464218727	1.812797291689298
55.719176879224328	1.5140169540990331	-1.358732030522777
56.963452963407391	-0.6386793264865378	-1.880548882125169
56.572620693803458	0.85587549319657796	1.5933372254134766
56.173127587203297	1.5445392499803108	0.65317225481935715
55.915341850657946	-0.31006181006000461	-1.2762569888272488
57.218074004497716	-0.11389549202104579	-1.7190892810519967
55.476830107836534	-0.69250467375124891	-1.7918941453023738
56.739168080001001	-1.0250228907000172	1.5441978942808243
57.047207930996414	0.80927009173952502	1.8276759315758784
56.706089125026189	-2.0892783601833544	0.20757490128044359
55.736063424783865	0.72133400265411562	-1.7894729750631262
56.042538095851725	0.022566077322813849	1.5882958802900056
56.802291950936592	-0.84436141955105515	1.6566069875932674
55.775016357959196	-0.42822057561470239	-1.9951412080922952
56.652148803215596	1.3153074990833336	-1.5254354495260647
56.50534841657938	-0.36028886374400415	-1.0143968542319453
56.355192622023466	0.16856993920009541	1.2394282074226526
56.924730956799166	0.2077065236171815	-1.8170660806145449
55.90557990500308	0.42254218635541357	1.4659241613187566
56.95435243439784	0.10576973007150967	-1.6673266564515941
56.585368162055488	-0.97317394036261651	-2.2159632993078526
56.142291472596575	0.97558149078458678	1.6834844191835099
57.117810474559462	-1.0202089416048201	1.4728055187271334
55.385127484184927	-1.2719679060865625	-0.59866175339667771
56.029927405894611	-1.8206139847468563	-0.51246763500069858
55.58405071815443	0.27682579764689924	-1.9115886367377963
56.219601457816466	-1.3470041291670796	-1.0304138528844899
56.466604361316634	0.42476825305906452	-1.2992150465584322
55.385797364216977	-0.67939990521168525	-1.899144128714978
55.847930883941935	0.02810144208043773	-1.3471260882520324
55.941488107076836	-1.4655038865273371	1.1110331802343962
55.652360195868752	-1.3277294977931038	0.23449056806451038
56.916722763715072	-1.4530632966914487	0.7509142773022135
55.933391596204821	-0.4530007475943259	-1.5619111983601306
55.914489840485842	0.83878035250845728	1.577060963308621
55.257627312652971	-2.3183039947041046	-0.050177592345875613
55.686600781515942	-1.6703416700959448	0.18333394420772195
56.623602364813266	0.74837215999271411	1.6596916366129038
55.79597219555572	1.516378444448887	0.88173624379577586
55.605853184024788	1.4951629977868459	0.25188218483379632
56.528135449653483	1.54869708781771	0.53730050179697875
56.5615057838775	-1.3055704377588035	0.83238897792719491
56.96911969635017	1.8379281901066749	-0.51562568671963072
55.681246686435941	-0.15677690416633486	-1.6776456843895851
57.000048087298048	-0.98309371396125411	1.9657396636235358
56.88078224839937	-1.0073091682645008	1.8434439842905856
56.806718811949303	0.27157923634584274	-1.7002263063503886
56.822197138230756	1.4615248487566361	0.38237473658755938
57.350503224937881	-1.5558919409326788	1.114050084567485
55.467204919108767	-0.57364606708399024	-1.4335061032217238
55.439682097456604	-0.11096944807222678	-1.8456844640917678
55.548443977172518	-1.5541861594481812	1.2722372977758905
56.657233593033986	1.3754701723937428	-1.4208270858605805
55.453009026727749	0.91309358173946309	-1.4549236385091935
56.040395397363326	-1.2313572496313439	-1.1748321679501845
57.270543226984998	0.68485167745726361	-1.3605560057115103
55.999266857723754	0.58877138704541521	1.2772455865788528
56.336496900713705	0.16688850140923095	1.6290399510591276
56.74344132758452	-1.6271485027991777	-1.0806657118700971
55.688904758806189	-0.40144774717893983	2.054686084389286
55.548414714189057	1.3228902028935652	0.70622092685967985
56.248437479401787	-0.79944749624163236	-1.7057589587623248
56.2526392547828	-1.398990075155677	1.4121592342548264
57.096398765980801	0.76823452675794512	1.8567322749629351
55.609839237652814	1.8974639193962062	0.14488384999804824
57.152472430151732	-0.6060984257610823	1.382562023824367
56.685988745089666	-0.35902908805601108	1.2638406716049535
56.526844252981157	0.63856980306306621	-1.3909745790979542
56.647807775348177	-2.0705784922301005	-0.27117636416377167
55.950896829524083	1.191318869598875	0.63194704535269308
56.285276652358817	0.79065999163958001	-1.6756599702009976
57.091746040165035	1.6782752634360856	-0.25347878756226599
55.482261625370924	-1.0455519347195634	2.0471685155693562
55.385475248430076	-2.0779957728168403	0.77350038140007271
57.287590578625711	0.14826643044119542	-1.5872206879516919
56.124788067289778	1.8927696008972634	-1.2850584694675298
56.917585782216264	1.0645710571550762	1.648454377555485
56.82961031811616	0.56205751393206127	1.7480098447934616
55.547382760482975	1.1398875994042537	-1.2344728199628447
55.985427822568106	1.7406407599450495	-0.52279605073800739
56.172983098357165	2.8812712290774591	-1.7559150776229524
55.765088588186892	-1.6557586501477872	0.89910732113380831
55.820749254962912	1.2220102973787816	-2.2831393801257915
55.869600313606696	0.33978684718890118	1.9837732105461681
56.188517534663632	-1.587360481807925	1.428867428665076
56.353273699209979	1.4850398392981028	0.69149961991058417
55.704514967442769	1.8296356295667298	-0.31449156816226814
55.565680045886943	1.1209425491003475	-1.2804026359158871
55.840978167057301	-1.3332200707578723	0.10366546597298332
55.595780692661847	1.3078724619109605	-0.58711420801577374
57.213884653220141	1.6895005628280395	0.62874317804065438
56.806847482119593	-1.367391987628221	1.4636412514198929
55.463218643909499	-0.66098361521487836	-0.55187537278068399
57.110275118780066	-0.97962871805175056	-0.054285355921809338
55.391141622528245	-0.73878198152228503	-1.7873506030434183
55.692058652018829	0.31639460217349974	-1.0504360924098468
56.446803323808346	-2.2088983857185136	0.71589001202032176
55.431223613062947	2.0184593462278779	-0.40639019702172907
57.084321296631856	0.055074899001337566	-1.5510048568967139
55.844192366948995	-1.5453230797930757	-0.3014586198760294
55.987471445066305	1.1125945175572587	1.3715994024202969
56.464534644320793	1.9901573231808167	0.64339719825685937
56.853300024682575	0.43922339984971875	1.546228382987787
56.21516891616325	0.63684789731452462	1.6240938618724985
56.596191669539287	-1.2898777676541848	-1.1054234543017716
57.001289037107803	0.85872702743002749	1.7905502735444672
55.870032176913398	-0.82318045270989748	1.5403570722177289
55.443277635553734	-1.2774337461390473	-0.71480107894084632
56.253608718977624	-0.2150172598740713	1.7862064732764393
57.062226156547268	1.6234978029404192	-0.29271834162401161
56.262106033268104	1.1430357838908805	0.5354849248785154
56.876192110530091	1.9351767512428979	-0.43898247635372845
56.961334610369939	0.10138110708058251	-1.706581283520217
55.284300614902783	1.8404840855526114	0.71793522016709499
55.897957258526837	1.9802040767419626	0.39877793005291268
55.453075658364412	1.4133293831666589	-1.5329258150438534
56.174641746199335	0.27713550479902194	-2.0276582143417143
56.672612814011984	-0.45961174504868557	-1.9720130125258739
57.142423498054249	-2.0220989861507119	-0.48317903152997471
57.070544303122347	1.8799954781583978	0.017336849788401526
56.625240846518459	1.0730930618911709	-1.2728150052218734
55.4729486346789	-1.6425266416412705	0.51952888633648786
56.741351756542478	-0.51234834462714085	-1.5864349768111072
56.279042791690216	1.6313354016803499	0.40905849442334485
56.420390918979649	1.2172537370943666	1.0558862291201194
56.192378941398417	1.1411254498156274	-1.1690921382149071
57.041709636837318	1.4040989750329829	0.81376527965887502
57.214914670945241	-1.4813040574145966	0.20676506755354479
56.712809498951131	-0.061711647578496252	2.2689092194537164
55.794589371748721	-1.2549290584056287	-1.4366199915104143
56.380460965655153	1.2605363248409924	-0.92442242637297023
56.654101765466265	-0.62518822548124431	1.7579542389941276
56.443686034404735	-0.17465234892794917	1.7703063339079983
55.817436001560161	0.21501280231276235	-1.440042758275812
56.552414514787138	-1.5952006378201815	0.46957820555375601
55.386901326481585	1.4899966444604305	-0.96960350268952011
55.369324050458879	-0.95529236627734704	-0.59028157826423966
55.550834024715968	0.38650789364215971	1.2609687565216676
57.023701062109787	-1.8436070681630001	-0.55634900686462674
56.73598679973059	1.0030372942573778	-1.4316694310333207
56.836230565378543	-1.1251528069925416	-1.5354454612151409
57.108295648426747	0.75302603292410575	-1.7878879014187032
56.401190438182844	0.58266630004360864	2.2726443390763964
56.262128626326557	-0.97674805145574672	1.6625457060543689
55.87342957088331	0.70479343186398447	-1.080822588396477
57.029188502281585	1.4415208869242968	-0.18856861714346609
56.824132965218233	1.8112352249713262	-0.12865142270695523
55.486778657693669	1.5680623250934318	1.7162763226177191
56.285508934050164	1.9487689864093929	0.0013809605764207066
57.001853288409272	0.69931248334059781	-1.812560180447002
55.929676170371749	1.4849348133880529	-0.6344654343081062
56.218538469460299	-1.7595935419962474	-1.4140630327387609
56.904773602689232	-1.1870819424719934	1.410759305271531
57.03046100481243	0.86345034419140054	1.3109945703240564
56.575247230282116	0.069793507902174021	-2.0151020438084584
55.781741123412651	1.7259838367677143	0.46383906933606145
55.353771903044979	1.2307437279631526	-1.3896133087307665
55.596027603789786	1.6997708611792921	0.55841240901504197
57.315152402718731	1.627198965397296	0.26178455679821327
55.703164484259894	-2.0145518599835084	0.37311790057238725
55.857958771898154	1.8038174629113279	0.35269517535694439
55.93517312178318	-1.1266713384632512	1.9103563476507714
56.269569445147631	2.1824217340786771	-0.688582623921833
55.401981124574981	0.98146247883707494	0.44710756613407043
55.348030725391538	-5.9814889191821985	1.486427301715834
55.485702129420865	-0.29179889786838065	1.6211525031084959
57.20476499564208	-0.26439068394969101	-1.2812854111544145
55.642285067902257	-0.91542212938806677	1.8417588909514109
56.426743748492015	1.5940606233162731	-0.015477834664927803
56.500231284809082	-0.47058005642097323	1.7356290059058257
57.108654067554589	0.9862189741894305	1.6487843673964724
56.278260422823863	1.7384214669017346	-0.75834412068097834
56.752370136904752	-0.13729577646650318	-1.8238094815635071
56.899332094592637	-1.2596767068778354	0.73498557905550288
55.491194543045474	1.9900593554288453	0.64538592604700618
55.531399091479464	0.58933624519723948	1.5798944053787212
56.168714140217887	-0.21614601660448657	1.5095827988266513
55.624941623294824	0.0071732393774831867	2.5218712528716742
55.85392936748849	0.26836106860011555	1.9202649430893002
55.707046187902726	-1.1114170039565263	0.85750456273578657
55.441089597755678	0.2618363675015758	1.7458344752567185
56.258076996274362	-1.6959210780629672	0.70135373802852696
56.084938720909257	-0.31156667616561484	1.6953452221689742
56.374340830938806	1.5521390911154225	-1.1792660220843845
57.109752313902547	-1.7728753044676018	-0.70386562332028657
55.56251171915568	-1.4215272082084349	-0.54271472665667642
55.11810892611831	0.63272984498324414	-1.2744585042348642
56.206686606008148	0.84878868730108659	-1.7909499910947129
55.81092375965337	0.93460992597733472	0.85101411204635369
56.42784948631018	0.91355922707814929	-1.2007260675964311
55.601159764217535	-0.31928830233838185	1.8119452092744486
55.561262699992575	1.8367891626101329	0.073941397030891989
56.609694219680257	-1.7486154858781815	-1.4543153939432398
56.259840941932843	-1.2547229257656005	0.68707420409071329
56.759203728075519	0.66715278435215131	1.4926821466419835
55.436429319808028	-1.8981808368704869	0.14644361982759599
55.473088759447023	-0.76946885089095185	1.0307882269039663
56.133820814661583	0.080729533389453351	-1.4231286228076505
55.350750695215169	0.7440832878370528	2.5296793642600695
55.877297803675944	1.2203939177182466	0.94481779393308774
55.683192550372233	0.95959664685408774	1.6351577362857472
55.571248274560411	-1.3939816368770521	-1.1486468456518948
55.290222520563979	1.7198463308054921	-0.92619772833002734
56.993620528402424	-0.5508166540121322	1.3712190094716399
56.229403449234859	1.7655401541981743	0.66808198995168633
56.078063051903698	-1.7047539386496009	0.50502795804329403
56.004610480515112	-1.7348353397538476	-0.91142826823835676
55.649756526082783	1.5520492267251396	0.81589301730702768
55.781775481485113	-0.67752232789792566	2.272693296292422
56.994914357784737	1.5672869240640428	1.3105015925451284
55.339660300197046	1.3444415588822896	-0.68158137730506918
56.626404174148966	-1.5290221667763149	-1.3551457104964983
57.145251055417383	-1.2609433417047942	1.4466316852447889
56.083877919421859	1.6628168776899923	0.86181049206464244
55.784901217224707	1.6543816219538861	-0.3483378485621258
55.837468274206081	-0.25709983178487023	1.5059226182822836
56.638865773740044	-0.0017943505067659379	1.6034964100659794
56.116028869807295	0.042684927231326233	1.5550071858546706
55.741840147592967	-0.38242729911513551	-1.9261554188382772
56.143803276287954	-1.1324567962594629	1.500053456832803
56.822353303017266	1.6701690167507006	-0.25349916961581509
55.877026251620372	-0.30552105443782757	-1.5157626588523188
57.137730035467939	0.84310051804359054	1.9055053081334543
55.989650305760193	0.064231371053267899	-1.4968490196957185
56.270924913526471	1.7521118380588292	-0.61649049812549528
56.667517549953708	-1.6756606578697752	-0.97965345291082806
56.337795013267176	-0.36496854157681013	-1.8611629468470705
55.628363330100292	1.3664327236352403	-1.2629950480331353
55.171461451843641	0.45008828940226747	2.2542678536062479
55.939409646437234	1.330892799433691	1.2019313741289355
56.077172838720465	-0.79624697721994242	1.1050454957025346
55.731939842345355	-0.016589499919514212	-1.479256704212617
56.106067862109576	-1.8612066856089411	0.66723074218014899
55.857240833307522	-1.6895893346845015	1.3596780287670913
56.343674709536437	1.7335017570882167	0.57952650172620812
56.044808280760307	-1.7763834498642717	-0.86385680325501646
55.456543784969917	1.1460099818660283	2.321113065892638
56.836605923274988	0.68475515731937175	1.5059632147507305
57.23527567168842	0.45207124217015027	1.6840086462381512
55.426030758799584	-1.7237514153757159	-1.2307560035350631
57.226096232427921	0.95347855585141172	-1.4791945109364704
56.977778510251973	-0.65488753726290894	1.319427423213523
56.067117860278849	-1.8307446702605301	-0.84751158222049616
55.634604358491401	1.5645992656419543	0.48354870666022243
56.586299398754633	1.3072331884465458	-1.2291344421732524
56.329014203801897	-1.2818285268000742	-0.39517986020791623
55.854817649833379	-1.5396065492464561	-0.58413769258730608
57.29155178737129	0.089910066359706692	1.3666541924878495
56.353957093206532	-1.3446309988247591	0.97329662744791579
55.914143309185505	-1.9478530530184066	0.72876162081399465
56.092804185682347	1.5501788160286667	0.73311814411674625
56.172788943020606	1.4288743315537007	-1.7829699901318641
57.193913445628006	-1.4497510688680462	-1.2350088637024215
56.973787835904155	0.010942391588857368	-1.5047537773292938
56.882377086761721	-1.4334437094478267	0.73386716520705686
56.886437907082048	1.0135827477434372	-1.6398682873385559
56.420813313987139	1.2299422433921432	-1.7862431907610032
55.425635120220356	-0.015072596994616168	1.3413650127097743
55.38516230165024	0.61944303771419051	0.69435108359351716
56.51392365435683	-1.8918515877980062	-0.66347161235356877
55.435688138980545	-0.84877746836953849	-1.503592647012832
55.97549537588732	-0.043630590876788028	1.6225259758297104
55.901316911477515	-0.5928561764908582	-1.3875272617143928
56.886740108837422	0.79051125335965333	-1.2957390200336254
57.313811923053542	1.3111754468803907	-1.3423847590412239
56.2898814903293	0.5348684677897928	1.2811420466108381
55.981751155645895	-1.621277206840722	-0.44850917498335735
55.98350907649025	1.7079407176977766	0.12713694271163489
55.652075844479882	-1.2272490436602466	1.0196603082004185
56.163931775812841	-1.7948254635531633	0.48407445873802168
55.508738822722208	-1.2972630746353595	-1.9190635809609333
56.337406900059051	-1.2731969438235711	-1.3252458945240508
56.109477967096673	0.16301732131387023	1.1704797624257699
57.381706521151543	1.101830572219648	0.84204575352111011
57.249453320956356	1.4851882396394243	0.40112979486299366
57.256482260886898	1.1303664230263104	1.8541423530471903
55.944134076200001	1.1291854805380894	1.168284906458138
55.167505618075282	-2.0124396006348277	0.93202745197621895
55.519971339058642	0.056783263008564219	-1.8321064729449013
56.679577542951385	-1.6640195641014353	1.0528889396033796
55.62613581379059	-0.54524869879733417	-1.7428040508828471
56.802976930974395	1.870092633815263	0.37474926613562265
55.658123595373688	1.6831952487003332	0.30538179039242042
56.13044990529631	-0.11094814386240737	1.6656637179450862
56.450739815536537	2.2802740049851664	-0.42613320357492818
56.283009442337054	-0.91491478934862325	2.1599389453155413
55.705704802711018	-1.853124163827939	1.0242413421027912
57.250333354923377	-0.95550277320831589	-1.6553468109877831
55.508721329088992	1.5560241385199085	-1.2973421562511909
55.376603853306293	1.9082873848737796	-0.56768391699012177
55.590939537150582	-0.84537559014156038	-1.438395602327746
56.034482015541961	1.7331363986127719	-1.3380863668161287
55.736892949790516	-0.63881356028456748	1.9228858194964769
57.129814802691016	-1.6261921021615011	1.8954562036901204
55.910517476656764	0.17565539041204697	1.7653458410838647
55.21865058738863	0.36297086968565279	-1.489320286468369
55.722035368351932	2.2290235295534839	0.29033966320401117
55.603792732935865	-1.5546983037780637	0.034281057186584217
56.609946575518755	-1.670413283903609	0.50375460336788258
56.18040413333901	0.27445279760623525	1.951746786824633
55.727790530539401	1.3792520168611115	-0.94122337327286232
55.453620325224044	-1.7006841244928745	1.1521355327224663
56.004336668332897	-0.054225609854451032	1.8095414344524383
55.878608436039599	1.6492482738652328	-0.55684686313803233
56.099346176250528	0.24301364179968044	1.2944451307981129
55.53966231133429	1.4178298580848165	1.1302121828195306
57.193549921352279	1.2945659378548739	-1.4323531353271211
56.889222185986107	-1.8619083111799981	-1.1598242874510907
57.196692706783978	0.92051544869629165	1.2932335343104309
56.288142235253574	-1.3237174982474935	1.497787518622143
55.210369859196533	1.1307675358581206	1.7047293993594179
55.211819765256614	-1.7104159586383174	0.98500785356259779
55.793243917161185	2.5224375450694425	0.53614832592148887
57.231994740071372	-0.14073953822125487	2.1041888153418142
55.249315898666758	0.6913878880310329	1.7913620572965163
56.235723209487809	0.19473029637782385	1.714636866589667
55.780302499017033	-1.5215674386156948	-1.0465902029723981
56.105792417787278	-1.4456171206665813	-1.4304836912316228
55.437851274520398	0.90738988262711751	-0.87832286791066083
56.389345627076075	1.1857188779655099	-1.306731038621088
56.787486929463611	0.30740656560687762	-1.6840683015133282
56.633619968051271	-0.65800000906462497	-2.4044937251326024
55.425439502629274	-1.8337293067647022	0.35617489156231186
57.235998862738171	-0.25313307878854574	-1.622486280993489
56.965963621940794	0.24041713132944673	1.8521577765856412
56.477376409060881	-2.1242425109328487	-0.52507600776064889
56.778508234300247	-0.44488281590154966	-1.8820946840110295
56.038299123682556	0.37579451767458527	2.0562550308696133
57.107730987420709	-1.6909082341838511	0.5351822412131596
55.493093850060411	1.9398021005293886	-1.0401203833911004
55.71703920025945	-0.29517046551522869	-1.8612895818687873
57.20163496309025	-1.5350276771562597	0.70476924449590195
56.287387357906326	1.0381807923674791	-1.0952340878160505
56.689411543831532	0.79379278578649681	-1.6284714296498524
55.537633060757251	0.48712534834272309	1.3128864220953216
56.14742451545267	0.90744312877240696	-0.57633845741631973
55.374977340406446	-0.43208650752470362	-1.4049127859809836
56.78660445647099	-1.3899332571998209	-0.92935210983654792
55.541687679331119	-0.31995933314564218	1.9128989482664098
55.870796851851303	-1.1678364294522303	1.4276288700645086
56.796420698061901	-0.96795322811735651	1.6118175693870234
56.822760658602029	-0.90738242011943104	-1.495487977934536
57.153941285676616	-1.9340332425811479	-0.25263799232787315
57.337333813724747	0.74214276215673913	-1.885407946637716
56.002973439700519	0.85462010482324902	-1.7270323782840147
56.334406282154944	-1.8857322314797953	1.2363718781291426
55.423154336177333	-1.651050790267814	0.83008848054080808
56.89917938797764	-0.16971843740887119	-1.6048859142893339
55.225115542628679	-1.9025643724684662	-1.037415999388182
57.232950515326273	1.0474847225193169	1.4420758893453265
56.141341903271325	1.6715784854791476	-0.92799517352299643
57.132405729513025	1.8452354089721983	-0.43422312692196718
57.07294658847529	-1.4519855548839833	-1.0874181590023906
55.355539235799824	-1.5330969092157243	-1.0411349414932705
55.883236494645715	-2.8824307264567608	-0.44829797958578749
56.254025604629462	-1.6095875163942595	0.72206164935751926
56.736829339278785	-1.267677319129455	1.5445472770100694
56.551072565922404	-1.7927273959027139	-2.7867198481250823
56.410225002977526	1.7663643381034213	-0.75494639757286286
57.053707429666545	-1.815792202078768	0.29627974303640531
56.608016577902731	1.3004827363702183	-1.1528388498290112
57.114149480607637	-0.21392914885724551	1.7078826028044176
56.656572864826757	-1.4993853389624952	-1.5808154780316792
57.119332492181037	0.87382361923971896	1.2755673313747469
56.090254443697546	0.28647372873023463	-1.9920801231389116
56.645610337229925	1.5022725998234197	-0.42660829075654988
56.053710447707054	1.230092783863951	-0.5088419110254202
56.281344568369505	-1.5807343651554622	0.79916316581713875
56.415908604919238	-1.2384570132800359	-1.2560828689203103
56.67852119366254	1.2000862092788844	1.942676663216496
56.865223333999246	0.05593169821880678	-2.0330912521993953
55.802345741246107	1.0729083835702511	0.66344825269792917
56.328396776574564	-1.8306747749362433	-0.32052180515251927
55.294965252820781	-2.3241392364910758	-0.46131030011179952
56.397929731848585	1.415789236515959	0.63682436473465731
56.70874424705594	-0.014558050066389992	-1.6846934111708078
55.929894566287714	-1.6195271522239316	0.31390748622346132
56.390087518814212	-1.2052559533692266	-1.3492575549733707
55.301585895386346	2.1749165350758095	0.34867057566450838
56.862111317421189	1.7851780706866363	-1.0316068432831913
55.368216431656037	1.0811961076725403	-1.2985308167574823
56.152572550021183	1.2802551236268678	1.3168479239334261
55.533589888896884	0.027843231325168017	2.263544683031657
56.146006949475215	0.17971818525289832	-0.92036574190064302
56.604656158414009	-1.6091651434837637	-0.37937165737784068
56.770684857734757	-1.1941179260093584	-0.87416077886376209
56.181269279727644	-0.08611349294521059	-1.4564631704621349
55.88193843266987	-0.34905279626157903	-1.9831984717869329
57.025253294871916	-1.3769045079627298	1.4795017866684825
56.762039714488232	1.7011326840619807	-8.6332842248876667e-05
55.638533542253974	1.3950457057693186	0.013585473023784919
56.942942850265155	-1.7910024435085987	0.43195354609512937
55.754390225772063	1.1791806469560282	0.027066751269704249
56.236784453340476	1.99656262940346	-0.17458353255415232
55.562751688155032	-0.35037609294869948	1.7224359945368211
56.206064699434435	1.6662846704091303	1.2616146932144754
55.211509634523651	1.5588185476196117	0.13333527754813401
55.580477978317241	-0.15655804310271404	-1.6231737715327286
56.846254807740877	1.0893013059274907	1.2130952107451645
55.353494981389581	1.5818482996854304	1.2324939103820018
56.246957414283301	0.7644287835114395	-1.1615820286293719
56.101319600529571	0.99185757465039093	1.6653761585363873
57.17415883951233	-1.8610393068420632	0.68882957460272187
56.341554621168221	1.0726178225321834	-1.2321726358733249
57.033545496446763	-1.749414631090769	0.75155003563356848
55.441607151846299	-1.9738331138083793	-0.18226148891515348
55.858490219723983	-2.1963534916589342	-0.1285543926699616
57.26759904226234	0.53549353309084724	-1.7481694638384915
56.702075518702728	1.9016333466066035	-0.050785250132261719
55.999775952487553	0.16909216726443224	-1.3790641439130031
56.277540270210991	0.64948132820754667	-1.7449640532989068
55.570922224665566	1.0668399385228386	1.8905864603323645
55.845535240424148	2.2212241476829035	0.74611711683035842
55.922531152251516	-1.4585454015611043	0.67582768208877309
55.490950305848415	0.63494499610782029	-2.1158575327015141
56.081338837233872	1.4863058903578727	-0.16651859717692941
55.531911262291452	-1.1531079956814942	1.6825169870818277
56.27957689500326	-0.966795905598264	1.261894350907055
56.838367635769821	1.5792639522319767	-1.4433590637441014
56.652237010536773	-1.8122204090275509	0.1150863520994673
56.037572218523103	-0.86102174585546598	1.7274276732259006
56.486028074370473	-0.79622896574002722	-1.7040474437106907
57.114401939053231	0.50553857049662865	1.610519148803633
55.684760642476121	1.8051801575333961	0.014492417857826852
55.745908100697385	-1.8795441791721317	-0.72881568940429042
55.475315658865618	0.34639896577505619	-1.7352873833749425
56.459123498988681	1.6176695808477122	-0.40437889923991666
56.601301530616404	-0.59737159270795182	1.8867540988355536
55.407101080855732	1.6949585732955919	0.049807604256681744
55.912484045772899	1.4280114682470508	0.71715738762848102
55.352634864379382	2.0483654595380734	0.6422275472509783
56.433188455190525	0.89738909844293924	-1.370520404303069
56.782533285969336	1.6292924115037077	-0.93704634980791002
56.69150885251053	0.79380378035356192	-1.4099031999621496
56.602801150773253	1.7573861404604976	0.45991636734561225
56.917571665777118	-1.3849255241659941	-1.1222916519572586
56.802761855482167	1.0990069565618517	-0.88640518242950883
56.729222203539194	-1.9470304495374879	0.17060829788928913
56.600242441874663	0.54347847745627287	2.9296099383511955
55.769584837249866	-1.5830896651839845	0.28036608249205014
55.366931097557867	0.86961309422321897	1.4447418374324694
55.805721909999086	1.8847736323514694	-0.091085568026099253
56.041058966359394	1.6781938618253638	0.55927998834403614
56.677536980743724	-0.46076495365154968	-1.9391048396048765
56.838147815689254	-1.2216687697742066	0.13850104064458224
55.728046581136937	-0.28497864001751544	-1.7321139326191095
55.423106116057738	-1.0155331324646666	-0.73529519676995014
55.83151098948845	0.27385160397194819	1.6807576334216523
56.855458214558112	-1.3374770788669819	0.70864690858868506
56.525616784786429	0.63732687507921437	-1.5104284586447512
55.76156382253231	0.14035839099029013	-1.6703306944447098
56.122079133571631	-0.67440145033552645	0.85906221046113485
56.859377159082314	1.5570437268366049	-0.87906781281134949
56.072326650398345	1.2905490961259818	1.4325131898416137
57.148238534584728	0.32822489344994016	2.1584502310704905
55.46181752175022	-1.9521720015897674	-1.0217984468100854
56.229859954881846	-0.19364857928684215	1.4461691615178627
55.337904227127709	1.7838175480214875	0.65340575163824055
56.115854653024442	0.47723877424895733	-1.9989952634373889
56.401439951295437	-1.5202436431664026	0.91913755286079479
56.77629205973539	-0.28065202051032218	-1.7355417822981125
56.90271293475147	-0.66280064157889151	1.434533587541994
56.156611222687381	1.6159773714077332	-0.14597301850403469
56.028670114631005	-2.1821475661750172	-0.821051507725861
56.415829763913202	0.87100026746254866	-1.4671583739093075
55.366602847735663	0.83081758134443384	-1.9543244277884293
56.645674103523675	1.3039521336099971	-1.0311554622196129
55.916790880494837	-0.8857234260275979	-1.3988458158174204
55.336844083985106	0.53078372490574	-1.1915747159237744
55.820094441505759	1.4389852705376924	2.0000779767843451
57.227076062317849	-0.4685911596199509	-1.982000998316227
56.609360131470588	0.69078542392758846	1.6930974500147675
56.026831365994219	3.3156885644966119	0.32595283808920661
55.728020495458289	1.872569905369099	0.40570864561364767
55.403683074862265	0.018096562946053382	1.5150014490138131
56.135101976457783	1.867159512673344	-0.36321777669232846
56.460726990915944	-1.5415495021135606	1.5259582835980074
55.452880903886978	0.074208538055450093	-1.8799395423558343
56.883140702212245	0.067745254340303374	2.1342628031177004
57.239078908783448	-1.1094213040532128	0.88451746976179879
56.71875231234791	-1.6882878734432185	-0.40039760869670926
56.367413580702674	-0.20818751448382208	-1.7295577445050565
56.445764161039982	-1.6789908943569716	-3.1275358491639884
55.788228238980949	1.7872609342923385	0.64958613345316762
56.795790190426473	0.66251196043227301	1.661781814601617
56.842908129860078	-1.2592916122525821	0.9733879212378318
56.160598464574129	-2.4593363598494022	0.10803657065473014
56.869981867559382	1.7422598130594624	1.3463992844180845
55.424428168789859	1.6576396427707147	-0.69846288496542286
56.210145223721526	1.0568942775772734	0.56259979637858981
56.36353035672213	1.6681350978391276	0.37221824498666684
55.7394622889312	2.1990760374593705	-0.44812080369506413
57.028417961503045	-0.18617037014901097	-1.94802862736206
56.273196170188434	-0.65636270428517429	2.1542180193362626
56.301926763531803	-0.29964829523827285	1.6870166948968635
56.557343506034535	-0.19291740636580904	-1.6187966792049509
55.616215590238916	-1.6296299901950999	0.67025734799878867
55.259705762526757	-1.7203399151149279	0.45725906282289736
56.839933837880025	-1.7087150520421972	0.15593578972052158
56.9576034567188	1.2406804658116406	-1.2915473453271518
57.101599687127987	0.33180879694165921	1.8857141392808039
56.36214359914181	1.1731511811673183	1.3999941538763481
56.507357033267255	1.6069401385139166	0.72372691325262761
56.585409766804105	-0.93994163825238608	1.44941340411355
56.262131887041704	0.80682629662642302	-2.0482242559374959
55.718253245605467	1.1687865266838222	-0.61327350738274411
55.847810938327484	-1.5054073687670999	0.55171367620223566
56.284228045748506	0.30408997397549004	1.8436896935172435
56.746896577815363	1.7043440385333348	1.0253465156136765
57.089525608470318	1.9779679408503437	0.52415349945755774
56.76737107634677	-0.36418088138290095	1.9507144745764555
55.37759021439318	0.92605209882859374	1.6209736495477705
57.039092641116703	-0.84574019725908389	-1.2401213922682259
56.288355182267992	-0.93952144185388375	-1.7652855320200593
55.589442853687032	1.6513528312456001	-0.83244700915907333
55.406802371695534	-2.1373811416609074	-0.23545837229661384
55.318776284984594	1.9060157434127962	0.263787308262034
55.41377188836109	-1.295017110658117	2.5620554842401488
56.230825487774453	1.9069672952921661	0.3477338703093602
55.796273753239134	1.3398229830423598	-0.6335604057414177
55.572516380879371	0.95817739895007692	1.3921465912066449
57.042383699000197	1.6688030506374452	-0.33749211661492773
55.699988477719849	-0.15184667630678195	1.4215329609803695
56.959418783721524	1.8278644612475776	-0.66507978112202548
56.799161009562823	-1.8499382666656765	-0.61911396272051644
57.087183498907287	1.3836725066385842	-0.93641686186777762
55.612449992585077	0.39003979086948465	1.7245109931671103
55.886088262994619	-1.4352819077742041	1.3789736177995398
56.641267127116166	-0.83540864722114783	1.3153583325596165
56.647638934684373	1.284200727736152	0.96417553439882397
56.163732717145329	0.725053346665121	1.0278968088431042
57.039856207966352	0.75528736263232998	-1.8573357929134038
55.377549186232962	-1.4298488936762994	1.4936226092576292
56.150256736606742	-1.9981992524343413	0.48546717414148127
56.565703576774673	1.0580541832717016	0.66850536094960211
55.867845147451597	-1.1546374356395981	1.6946744063109902
55.990158537623131	-0.61591861646335389	-1.5858977701732233
56.487108040974874	-0.30901953086751643	-2.4914783370323095
56.083336997676128	1.394086493170877	-1.2007582964900787
56.475273006831763	-1.9147739094422609	-1.2162216653879248
56.341751923938325	0.28919772299314672	-1.3209191863255041
55.895404351003513	1.5874023086643851	-1.2695246605112787
56.956680609682365	1.3971305061331969	-1.0853711335447742
55.504565644449499	-0.12092926161220306	2.0630901299453646
55.871557082913561	1.5070244416338885	0.65188854543847607
55.447754179886147	0.58101837516595645	1.4193145283988158
55.803767621925353	-1.0031212539211307	1.8512276575690301
56.274629584062993	-0.91557576156961706	-1.1249275087495332
56.210130068614575	0.11418399634093689	-1.6079490176604829
56.511294639156219	-1.3619971042378771	1.1694375283772618
56.157623012367253	-1.3199429786002455	-1.3820225844043956
57.203220222885747	0.24084707552641471	1.6586755741574579
55.441588595853133	0.89033951223196683	1.8011132090770867
55.70761351985211	-1.6513924143332852	-0.80098498078808977
57.17483658894696	0.57199956910993766	1.6969520451914772
55.623169036954415	-0.22403544344348922	1.7842086176875123
55.905206951578421	-0.29599777668940624	1.6577223869000137
56.924193916693959	-1.4406132018065041	1.3291517894335734
55.56926899896829	1.4962240036691146	1.184400922692193
56.955984923162561	1.5440713929076064	-0.74768103656757268
57.091835306299359	-1.9031591052689509	0.17658540547320178
55.717892585800932	0.86108218281713789	2.3217491213079735
55.734994919567292	0.47078847610101154	2.0039038944579319
56.954510331149031	-0.33310490758223649	1.8142226886989237
55.682147158175049	-2.0626885337888088	0.47354075465147444
56.254528930798301	0.67065584615612461	1.2008114521530586
56.848987388189464	1.5153134277198117	0.62759355693734287
57.072664665333278	1.3166521432573	-0.94094163920983465
56.827681899089754	-0.50297688755723524	-1.6759362681948273
55.53131865664195	0.93711519052220449	-1.4438433831499822
56.745097294004545	-1.6419727910474351	-0.95598242390020094
56.520444479846049	-1.361247953194259	0.76311618658183333
56.224411824705825	2.0462521584840578	-0.018421048855114787
56.099609018743529	1.3188128867379068	-0.98746993538338579
56.700263180123329	-1.7327591251255259	0.2575808151840609
57.169153212976056	-1.1659034211489616	1.4681345317805603
55.546963588839631	-1.3408870271368019	0.29260997555322843
57.029130151886413	0.77250882033063151	1.2498171129639366
57.107631597787766	-0.67252621376766231	1.703157746674631
56.450881564888725	0.71789130264420886	-1.7450221484460189
55.938845002766911	-1.6742201307709217	-0.86956557410071789
55.866640279076364	1.6147053696412639	0.14525755922361092
55.488422122611986	-1.6105125546525572	0.7784851972032556
56.069406117437786	-0.13661047308814658	1.7663776012105921
55.554748466170594	-1.3862853677301163	1.3575988072622398
55.560732845858624	0.65425106679173994	-1.1152185212178189
55.084027692628368	0.26889513530043652	1.7578662733707893
55.782132339636441	2.0575961055625958	0.48169879393666309
55.25830781230286	-1.9557251483693476	0.62589648370338036
56.961789469872819	1.4500811986685607	1.1758941311222972
55.80203313048851	-0.70592843754238666	-0.9804259046197632
55.220037012574053	-0.31662344510908236	1.6363766114442839
57.073194064079424	1.3455321977651049	0.91072762863446521
56.829596043895044	0.66626769346434855	-1.1590588576034098
57.017422648253458	-1.3407386224755768	0.59153681283398729
56.174411993499739	-1.4733606154064423	0.52700826383807065
57.087836582719071	-1.6589780551064424	0.13154337781811334
57.184882968341391	0.98604200287167354	-0.99190510618874028
55.532778544305742	1.3557615801064391	0.39421375482462923
56.844503148478935	1.3248869884878385	0.61746313249396934
56.111108714868678	1.5377080951011433	-1.049458498228496
55.501314195326508	0.39592360292061674	-2.020634101174041
56.341920171953902	-1.8469254255674803	-1.5420007368154631
56.200496522887626	-0.50040056884995776	1.8865360606742851
55.720904585280252	2.0696091546106157	0.21333922415859008
55.578684125907607	-1.0077122144826161	-1.5795883453380439
55.607036805595463	-0.32698982380696745	1.1896724839383253
56.181417473489674	1.757902234563347	-0.69838046580068525
55.522673430507162	2.0598551162650973	0.17747017214101751
56.825788649255557	-1.7277403303455037	1.228958946417944
56.300198977180969	-1.9384132867299453	-0.18360250876636816
55.885411971077033	-1.0840713983323664	1.7517411967509915
55.504714435920008	-0.18194064093967871	1.5550064626197337
56.484942319856792	-0.086877489191761734	1.6762172775960844
56.36959115527749	0.17603478900409561	1.8909180002610326
55.975315569082575	-0.2636737663026415	-1.9265208230935458
57.002841029638788	-1.2913509073296543	-1.1742679237120284
56.476671528668177	-1.0187936951555221	1.5036749238665765
56.933378123742067	-1.2603724855872764	1.2395439893397118
55.430399153854481	-1.055527475512313	-1.2235547738498742
56.436392964527748	1.0482697789328861	1.4332130154009857
55.931605820741808	0.11340990919870869	-1.7246486684294691
55.470222668183204	-0.25392982991789304	-1.5341434256875985
56.399621771048622	1.6404387469472113	-0.34046914978311282
56.956103189834174	1.4389984682193699	0.5487446172562952
56.35089054023743	2.0608897996653104	0.50377539098776403
55.334717687454756	-1.3669423928545141	-1.4275722876351036
55.759416711405621	1.8122485837704185	1.0943907935432207
57.20738426148948	-1.8514043715575463	0.94328676054330285
56.275024796137856	0.40076045849381936	1.770917096323654
55.586279984053135	-0.65157848248128392	1.7863920712812686
56.777275007981643	1.4853868973595241	1.0237806695922
56.961191612289575	-0.099755592170404694	1.7903728829289691
56.084802540274275	-1.2527013413595585	-1.7097257035072622
55.797763809732849	-1.0615459562558696	1.2628472874128585
56.446946087094091	-0.14572295915122249	2.5268646653561575
57.155201430107795	0.37946152596641597	1.757022842643972
56.676145774780984	0.14136649260763273	1.736328794020185
57.028965521433697	-1.0411911118679489	1.3277146299624869
56.197243758607961	-2.2584234094745561	0.053199244131710434
56.651433348761792	-0.22297317960944121	-1.6318600613315402
55.669385142899166	-1.8884674862388637	0.84356732090865572
57.092784368882135	0.4889273692317701	1.6432297494270529
57.242347416219289	1.2283569153063043	1.2392658393336446
56.594535433561319	-0.42209511868807054	1.6889865828010664
55.547398622048853	-2.1618068747712011	-0.4350102501036196
56.08341647275347	-1.5149103000355073	0.82118318040855731
55.560175249939896	-0.0046484168388368514	-1.8636158481788994
56.487626488278217	1.773994441014072	-1.3420381070960599
55.987347657357212	0.33409645516977732	-1.8188221587462627
56.160070700622548	-1.4757340310453249	-0.73783121127047158
56.584518682523786	-0.20414427616058753	-1.819232341250415
56.545092570228967	0.11517366682026063	2.6716485554567693
56.844305772907113	-2.2386430471100334	-0.47071342040154601
55.405313258023149	-0.37659648108107424	-1.1151950482542878
55.306979196314799	-1.4325269504173903	1.2567431335056034
57.147072389178255	-2.0564780749353715	0.22174439490061715
56.396058272302199	0.4576363484112268	1.8911547052389104
56.210510804667926	0.67252211883934443	-1.2097850331115334
56.046921484297485	1.1330874027903757	1.3561410366172151
57.113282191681897	2.0386221601611396	0.55199309803405905
55.314633349863563	1.6554824886351529	1.2223088218033646
56.335538217838597	-1.1153455110944623	1.1067375166344922
55.625774077730846	0.33167410779095224	-1.6161134449511303
55.576661823264331	-1.0888716272574153	1.5581006344361457
55.896852193104678	1.3978658662840158	0.54416474168857765
55.860064564055044	0.54226477854245547	1.5219112681622784
55.284147016404035	0.66247487303225727	-1.7503701503587228
55.761293230733962	-1.6329638143335763	1.2102655680346392
55.429770693273177	-2.3948480148785447	-0.57324046687400521
56.548957618226275	1.8573199211572329	-0.69432957525594396
56.108205254965817	1.6743089376480156	-0.69405985668301817
56.204668010552325	0.39332600594720379	1.2564349092759035
55.71867903702276	-1.709026786263923	-0.40112002137765468
56.561959433625873	-1.5303243198791021	-1.0985492371830947
56.236683162945887	1.7916099388827733	0.8528077710206815
56.781493707453087	1.9925704302798426	0.80104748748280208
55.381599720304187	0.30649576120626865	1.7440048287602725
56.849606547690797	2.0564486231025332	0.0068836572301958845
55.916698488330191	-0.9292607298970097	-1.7455148303820667
56.843928235673324	0.059396252458021333	1.5736636080119
56.413129071055032	-0.81442192087573062	1.3619138315215062
55.510614576337282	-0.6448254369485692	-1.5214320378552775
56.767380328581041	0.41484643220139694	1.5961566779286518
57.005749421292933	1.419405685791078	-0.48580049531343833
57.024030079840195	1.5568728254134836	0.94677853968866033
55.876668777452529	1.853498355443443	1.0300828927406702
55.338677915155216	0.0034431892006096562	1.3751576164048787
56.227658796573508	-0.96950447069975076	1.7559510723778453
55.716819699409676	-1.6453013857201217	1.1370894455923461
56.58058233244396	-0.5871475545742999	-1.4909067048411928
55.370912715483357	-1.344838771832616	-1.1602204361282584
56.137669050040707	-0.14439138737517374	-1.7025628249234876
57.145498317612919	-1.478482801633723	-0.9939795927908166
55.609334577715941	1.2870037039172144	1.2230152126165466
56.410075955452662	-0.035932014792493805	2.242423795055839
55.829886192408139	1.7779209194253829	0.2768044746138596
55.452032233726456	1.8130575161113729	0.85065810301074984
55.810803257596127	0.21648403998230395	-1.0479251547745769
55.531192155058157	0.53806206293314995	1.6702938685950337
55.495047822135426	0.23322054243743903	-1.4781431030347842
56.050458354654509	-0.28598084323912659	1.6413993224671606
55.589304111225921	1.3584686482177315	0.69811144862483443
55.369228285482656	-1.7912042707827063	-0.64235079856981114
56.623564100272432	0.63958915530497995	-1.932773068870594
55.371967792676394	1.4565667615008218	-1.1138210374140334
56.21193747140304	-1.0473434215740751	0.8845943244196538
56.266434639952031	-1.3982872821271113	-0.55232843690054301
55.463536049870328	-0.7838397737494911	-1.7112326495632595
56.544628499297517	1.2003157942174847	-1.4559515179668066
57.075143920960166	-1.2963686764748152	-1.642872829927742
55.447287290520336	-1.5385325963343819	0.65749970506491329
57.229361598090861	-1.0695236814628337	-1.5339451915373192
56.642925165590263	-1.4042229822209362	0.93540944661091907
55.983792408203719	1.5225533447816906	-0.64935815332458424
56.029595442782878	1.7964438168717132	0.61601974431377371
56.980445396533575	-0.86504411199670606	1.5922367794736965
56.052190736547253	0.87666372827704242	1.7328142497788832
55.561199203496912	1.3198771619524308	1.4037351231463469
57.0842683521617	-1.3838128573784636	-1.3699475348120931
55.748413555882919	0.67913114145407805	-1.3615427400111586
56.978648988854644	0.38543085287936035	-1.518923911126431
57.205664186231814	-1.3565261336878289	0.88284285852841393
57.068221221336074	-0.087988256674815871	-1.5965013932432914
55.76712839087066	-0.86201009835628706	2.1074916308453719
55.770070046920793	0.82852332038103538	-1.5769084680530612
56.745248798185017	0.93794713279819775	1.479603025874543
56.482659287077794	0.36494806802102475	1.8579916323932808
56.744035533615161	-1.1876369180536523	-1.3244157841703212
55.315164558271071	0.38354020080798579	-1.6633523615332875
56.206252974547951	-0.30346317792797611	1.9316701168769448
56.133632264917047	0.29020937406584613	-1.9035460474461221
56.516945124377592	-1.6720086957335107	-0.55815197722883736
56.244006104154451	-2.3044275537442895	-0.18105160755506955
55.377490489303803	1.3720256876406689	0.92284076084229427
55.943367553081814	-1.3724796850380774	-1.1346733357332508
55.346785354731736	0.85617222981222652	-1.8106420675765129
56.931238761962113	0.97050994540268731	1.4847832209460687
56.373971819248453	-0.26177279585290814	-1.5461346194640191
55.724084216511812	1.5733689621616282	-1.917134979613017
56.974567945998828	-0.80227892710148552	1.7535168788613196
55.421662895473105	-1.6914916526630435	0.6684280962742768
56.916166362399963	-0.63844686408560758	-1.2593283033296785
57.265099627690503	-0.63116078261174624	1.5381264967130965
55.383595699941573	0.13152969301859568	1.9114110442825163
55.769747101224866	1.136109333807501	-1.4769810524730898
56.287996373315522	0.65383726317801927	-1.3349780374533737
56.462092035845345	-0.20593319757969278	-2.1952057639437044
56.324277295668075	0.59587566241498691	1.5008864147102852
55.424933600243705	0.34077781383908912	-1.8651586726127158
55.784591295188989	1.9032037847139216	0.10207428889577051
56.898739215312609	1.4546340230148196	0.84932805628087904
56.75002017497345	-1.3169523631920916	1.1143567152984337
56.480986747975827	1.2643872338033149	1.5661731524300866
55.24119782440863	-1.5173424440851608	1.6028685612134361
55.810126147132443	-0.67847545213703908	-0.89701549755133947
55.743998797346642	-0.25881076817604248	2.2053323075071818
55.937748407407454	1.8102585293285649	0.85916211890022598
56.863125042884334	-1.3354924979526384	-1.1707082491295693
55.293082943533591	1.5602394651749212	-0.76015322564333399
56.857582475159241	-1.7938918610605203	-0.046412425398380593
55.202401866591586	2.588138559159773	-0.28795877734948883
55.359250743494883	0.32805437013593503	2.0556505373420264
55.87044299949212	0.76120540695008665	-1.9997382377724369
55.905549999851985	-1.6013466961488092	-0.097513043760720328
56.454671150003612	-1.1533103007352599	-1.3391584093816016
55.37034183043918	-1.0322680396781714	1.6872014125337176
57.078516798151959	0.32084815773146119	1.6163790778200942
55.625583282315091	-0.87674383496158637	-1.1927996220545998
55.619061218636517	-1.9735864666789269	-0.93707461534534242
56.639613018069113	0.61821512566693915	2.4712990846652074
56.190296002283098	1.5107318381934378	-1.0969786535405155
55.746334585990809	0.28248006331617509	-1.5162031659432502
56.673834148088595	0.020354957426783969	-1.7574413920109317
56.183195174759938	-0.21722288477695623	1.4963036996448607
55.962253204500527	0.75047972589410827	-1.599923219498345
56.886921177770866	-1.0519170422499575	-1.4767442868978304
56.04224751318327	1.1734208636750532	1.3507404026901517
57.000987681241256	-0.35522422219895633	1.6456157091914494
57.378373855580115	1.2131518737873244	1.0799372529497766
56.192286402816499	1.7447929848929014	-0.32964988065825407
56.536619396277985	-1.2523866055559976	-1.0985603900714931
56.044107090857246	1.1792868576016404	-1.9758376286274069
55.631922009763862	2.3320691370465894	0.04296541867564084
56.274569504397668	0.68882378161692459	-1.426010840093447
55.517647096194288	1.5766999537431567	-0.95930299990456303
55.570168045438741	-1.19012864884723	-1.4825685765277983
56.255408593088283	0.7920065252550027	1.5640166546742875
55.290999754692784	-1.4084457645329782	-0.89282651929402412
55.960384476059474	-0.94569461904415475	-1.9405107892920839
55.898924652841565	-0.86607306395392625	1.7164289161228856
56.469496894080855	-0.083037761123247317	-1.8618744589353431
55.736923064366472	-1.2593867226660844	-1.1872755294544934
56.42611665885498	0.82544197148659371	1.3813878304253151
56.522782721443789	-1.3673361809648663	0.67485901965923401
55.460877417478315	2.2419768548336085	0.4248735979439327
57.139229017351127	-0.010657295131036125	-1.1297009065337913
55.529567207509317	-0.83426402086893092	-0.81333289465605163
56.3710808726373	-1.5798936629456257	-0.14088043745159756
55.271080935010509	-0.48576728653313889	2.1398297139103777
56.249929424634985	0.17867067126939692	-1.6596868484573108
55.687840248339377	1.4698518165146195	-0.97875494072037406
56.181450692687086	-1.368572714617684	-1.3921789655399306
55.295820087076017	-0.4500187816096004	-1.9008789845390166
55.344781339672679	0.10864837627286897	-1.5195219793975827
57.089798513882826	1.3815527594870942	-0.57299022583679626
56.908652121144449	1.7155895336979792	0.63433085501327735
57.000995862616897	0.47769908378896814	1.5094881403979175
57.054072400788044	-0.28905911338503448	-1.7890250676202328
56.464730802708495	1.1841902032819169	1.0268883796913335
56.736779452553996	1.1084969026762934	1.2460316639481606
55.523905956193452	-1.3256277906407183	-0.63058441809768939
56.938862680532409	1.7719866435406184	0.86368525314577127
56.062191420782234	-1.214075869483304	-1.1641596419948397
56.203132296137674	0.42192642083931953	1.6232092081800618
55.970734359227571	-1.4512595125624648	0.19403596702746562
56.923549696813815	1.5122275521181245	0.65501568538648336
55.74580510918404	-1.2224727632676078	-1.6566907429381486
56.472732745206258	0.82179116658062146	1.7444456830464414
56.089067043878103	1.4122974003483735	1.3140825869355264
55.77556762314731	-1.4055632369080049	1.2279674762434161
55.910284717111246	1.3828190875573723	-0.46018988247214593
56.976739126861268	-1.9512846550933167	-0.08947605494116169
57.06819322632203	1.7292276196652674	-1.8399924140048589
56.049478193442845	-0.47021823145155983	-1.6410132972463107
56.029934176269691	1.6536458261649571	-0.30390042758561198
55.969385476583746	-1.0593032449103112	0.79843831057811343
56.865301796842978	-0.73296359734210936	1.5160609974523247
57.181882724151997	-1.8281820945988101	-0.073470713317161415
56.795451787414237	1.9135020693374216	-0.16029961155799236
57.027485377686595	0.85659568761756877	1.1928223496758723
55.398810726656393	-2.0400303470904104	-0.2609464238095896
55.870562329265596	1.8304804108308397	0.53880762868257837
56.366123761907375	-0.96634404285294295	1.159193225572184
56.999458255798771	1.4729634731078678	-0.71153772236455726
56.535653091176648	-1.4849963415698564	-0.86657401547037571
55.304514120500038	0.30246498892265378	-2.2903396049949643
56.090975502228645	1.7893454839559597	0.0095275677100020925
56.856041068352532	1.3717031103962933	-0.95674131705063015
55.495655288844638	0.88130557014435784	1.004861346328729
56.449160803666672	-1.4792742707300193	-0.30574230999911334
55.395087776319677	1.959994645857047	0.58740096943594711
55.918238814032286	1.4680049383697866	0.40184988423778889
56.031180347227881	-0.38970054786441671	-1.9490335465050772
57.023297375549724	0.58845026573974746	1.6255265321753209
55.624310342653573	2.0337131196508209	-0.072821481159423343
56.619343643846882	0.27037992123633825	1.8113115466710221
55.96088362384377	-1.0351922447961421	1.3666255866170507
57.202437578499122	-1.5618661228297843	0.18365924141745321
56.850143767783386	-1.7140765335607517	0.52319905168927072
56.248889910271743	1.9070102027312037	0.74087395201361517
56.512673042662151	2.0936890313380059	-0.33855879067367095
56.68242922069863	-0.64031241468037603	1.3620048621524348
55.765345567393169	1.0343646571765275	-1.3440558886401588
55.907121682472834	2.1554616767742516	-0.66681100666908433
56.12580881186377	-1.6393159340952461	-1.333952623222725
55.649891986273161	0.58938424630439723	-2.0263018330597355
56.647478430333827	0.13255662519528444	-1.8454705128048767
57.055377724770736	0.14243524232031843	1.7889326106486934
55.807532931397461	1.3852501519279801	-1.3574162147558035
55.635186565233717	-1.9830787393438047	0.32379252326243063
56.00946069720036	1.4432205285974014	0.32404135366451869
56.177551008226615	0.91265100871012228	1.4988823112888705
56.839887463713929	-0.99787727685289696	1.7832898382613873
55.864013756389738	-1.2514571135127852	1.815534168446016
56.751682527304148	1.461895176494969	-0.89969939907955798
56.783333168003303	-1.2999886441804334	0.27897661755301512
56.072967308517612	-0.39419912634043353	1.9409909651274186
55.652431887527904	0.27559094399781242	2.0692977242096631
56.468156090572201	-1.5643151703527556	-0.82517808137773285
57.0212636138194	0.41547339458980387	2.104197259876921
57.003444985814262	-1.0976341796048301	1.2642089146771505
56.488078602676708	-0.74846489130793048	2.0374172348394404
55.846756535098329	1.6733304884419626	1.0159799496022264
56.077877258477898	2.1139365169840336	0.15840899529541003
56.404934446938	-1.8059652596342008	0.74961555082004738
55.31076524808698	0.48920011286574205	1.9749706933847921
56.239797101555375	0.72987145768467121	1.5291090973448016
57.013922286703227	-1.0234889410357495	-1.133921698084652
55.73390567237189	1.220301103057956	-1.9764758582725399
56.334822499222682	-1.2321476677217111	-1.6308260015719991
55.960517094648701	-0.21171111713696275	-2.2662732382980866
56.123878798174303	2.2392411729183777	-0.40858757447393124
55.687408468889998	-1.5020177095728737	0.46081337912413844
55.767172143727528	0.44710450408852093	-2.3258218636526009
55.93511948312225	-0.87782782247824387	1.809874788738655
55.846803595120562	1.1638629115955565	-1.4361728777919609
57.169172017781982	-1.2310394933922988	1.0901189152082396
56.233269357204605	-0.16081454141582741	-1.4584035066498247
55.611624008419213	-1.8690760038567724	0.51941228712522181
56.109680615776561	-2.1228685936465919	0.045994752409247226
56.396916680846154	1.4358703077252128	1.3037970853152301
56.6723778354472	1.8298933763339071	-0.26476685611008643
56.282278276088412	-1.3673238780684356	-1.1619956059442966
55.530330371910935	-1.7258612172087673	0.31596556494563943
57.022384115791013	1.5544208205404695	-0.5322877167272474
55.307419176596611	0.85395981781339625	-1.483450355969945
55.84593839751706	1.3893765709589774	-0.60192302779304563
56.681279324673504	-1.3309838778503533	-0.36716253069351168
56.45436513680459	0.65466357794132324	-1.1314399277850511
56.334012927070845	-0.73646324378967198	2.0592378855764526
55.700860129300835	-1.1593669252267416	1.2870695248431909
55.567240111201258	0.96849538376358146	1.4609328420151488
57.019355954460792	-0.92716083286182138	-1.3426528942065514
55.521673249199132	-2.0207600325939858	-0.15924483237692472
55.731140181128858	1.6144463545966177	1.4962672731564484
56.002312299222226	1.5935688140042699	0.33988592265269663
56.854641167946056	-0.33464561325807507	-1.3882475826429237
56.44454857170706	-1.7994845409767062	-0.29167119808858188
56.184375339748797	-1.5357279653673435	-1.1870735014630902
57.071589395551058	1.0605557775501058	-1.3515692468549438
55.570723323076699	-1.6734769794940765	1.2591969257985878
55.286558045510461	-1.5681864580972837	1.3803218690978789
56.445477743566137	-1.1832706934473596	0.80908970465545282
56.498692831109963	-1.6462925064251457	1.1913093188952881
56.639031690100367	-1.1052471813807883	1.059624780505608
56.116244374484502	0.6730971724592224	-1.9098845044267907
55.355016051508962	-0.71570836568100971	-1.3252079549981519
55.336824131221583	1.3928565045368317	1.6325413672971081
56.158242738182622	-0.58717690314055981	-1.6182046154985839
56.161294477442468	-0.41823768355418567	1.6509329325891582
57.022505082660189	-0.71897961574053204	-1.3687812982878482
56.360980927686541	-1.7970801775757925	-1.4119477610663347
56.593502969806352	1.8788609582803812	-0.21424263753093553
56.826215766269932	1.5164643482320488	-0.89235456302381022
55.832283890674972	1.7756613063968958	-0.98686463107056865
56.472862661941946	-0.99512361733095667	1.5115355671973856
56.066720009197361	-1.7233267069271136	-1.0254037545457566
56.662466083166827	-1.4118899610562443	0.84048433362060881
56.988566896808919	1.1979792387296959	1.5626689573342105
55.813828745478112	-1.5788084814801275	-0.51078204330230337
55.262822334407261	1.4631820083760247	-0.93873196037233919
56.320763453279518	-1.6569707530044082	-0.22200365735152192
56.030712013151131	-1.615615648535669	-0.56815910317616236
55.813625637723327	0.10083033976281186	2.2649486801138474
56.945220027741065	0.60493504111631458	-1.296108080315916
57.175623352182157	-1.0097676157045588	1.4807325071361581
55.991457742096358	-1.0878517707593918	-1.3417607497401589
56.043353373938075	1.58643047718576	0.29727936324892063
55.699608660479107	1.3834998063199686	-1.502190715753158
57.274079750371612	1.8280863032573078	0.30739579052607507
55.492499580949193	2.4605751096689183	-0.057135175550514117
56.527036372214042	-1.6193627665844994	1.0736730576987914
56.201723712379348	-0.76341407483456181	-1.4620745122528305
55.448602012431145	1.4964524005926905	-1.168224859045581
55.475311644620575	1.8982555957425873	0.8603994786389797
56.806661004212785	-2.4238655202226296	-0.75067252567333431
57.15281304642955	1.2866166143361935	0.631557026862968
57.05676603106766	0.42105810417205602	1.871208491711382
56.044138759201992	0.28081112229273553	1.3621306220154314
56.465304069159494	1.6570930592733877	1.3660113787597485
56.149446010503581	-1.1552834597127455	1.3654229180124546
55.879211229563126	-1.6443805238649705	-0.79206747265326494
55.819870668798877	1.9501591613418678	1.2618052031077356
56.801116920791294	0.20930812143238184	-2.0960978568230288
56.470133245204529	-0.540041823358135	-1.6902060641429122
55.992867657456401	-1.460802130738758	0.18247561319981237
56.616917077337185	-1.5364246853863646	-1.1084789385806677
56.642113834655603	-1.1104212447898674	1.7715270726904095
56.846605414467106	-0.42213554376481172	1.5617057748513272
55.878137255661223	0.40839886732168063	-1.8593782764677609
55.770449377511639	-0.27913908583101182	1.4639898552676549
56.127758839614962	1.403084321906594	-1.5907830582727993
56.969584115061721	1.7288284415530868	-0.29847684239366495
56.567350921766291	1.6103336111868016	0.27668307628078032
56.013442622756557	-1.0554070167386886	-1.6608354521034336
55.423836630583558	-1.9391552026642656	0.87008714982569624
56.993786966838819	0.11374562011021394	2.0111757900125804
55.368015733902432	0.99508993943731294	0.88026617467269408
56.341600362324172	-1.2264174448135603	1.1934536090175087
57.099751070267509	0.33803865987535997	1.2262180671172542
55.642408668211516	1.6143965443473862	0.58206150570741821
55.630413857764886	1.311973612583295	0.96945679336980739
56.195098814864124	-1.9518182151367502	-0.26156714901483868
56.728079590248129	1.9081108853240467	-0.31169886637363287
56.217579108281662	-0.72726893922414559	2.6784201255248177
56.023683442619877	0.41723617843274236	1.7564288232969949
56.216142778530624	0.96305533710216984	-0.58528148124260881
55.963623475464274	1.3477602643921507	-0.60761617491527509
57.044464982128858	-1.617917374763105	0.7883264103582861
55.562816949008479	-1.2673930985422346	0.79817638034618343
56.558975799104545	0.82619962905540134	-1.7507503768291108
57.125491642152674	1.3415494473965313	1.333392160724
56.951036044116023	-0.052950806817856681	-1.7733290886760744
55.705352594819367	-1.7112462472468117	0.020183045263004094
56.328485313581943	-1.4460436505207519	-1.2114207236817462
55.448907994823486	-0.29510343288794316	-1.684416350167514
55.78600705898333	0.05464505456675893	1.835884656720528
55.866981778634347	-1.4518332587088481	1.3481105141048941
56.896198226673839	0.99043493565376084	0.88380506782404122
55.298915736157696	0.028808112922414458	1.8637868847527388
56.270538379972457	-0.66025246852820452	0.95468923515929427
55.306720773149905	1.4231823468465248	-1.1327222578397536
56.150600070114642	-0.70304229553135444	1.4348635615304945
56.243468127617426	0.63941969286000988	1.4284581806138976
55.491640442126297	1.9014727497255182	-0.83844618160963857
56.491054377560573	0.425532524643157	1.3074287726474028
56.3081730458618	0.10001425897127149	1.7124358377130482
57.236628636796702	-1.2924242948784068	0.3752104087730127
56.695803413257835	1.5330487745534762	-0.99221468117414691
56.37377825107211	0.74397253048834833	-1.5074381476564551
55.664412866623728	1.6776898934404889	-0.27586379105785452
55.754091065067328	2.1885624612903967	0.38759645142245147
56.583610019406613	-1.7994893351403676	-2.0425658384522993
55.681007626418314	-1.901859704434856	0.08801308856026259
56.508217186215084	-0.2311503474407044	1.7364224794994261
55.595882712109649	-2.3235575716616532	0.37457402096423736
56.06039322842301	1.7297913807773673	0.56699677459383935
56.021361067990753	1.8378031613828194	-0.39473659784667792
57.147861337396414	-1.8080804063373879	-1.908674428482098
56.586400001314722	0.089910105008231073	-1.8016438409924631
56.354824247674827	-2.1654628979816395	-0.24004293911664626
55.472581909486863	1.352334742509399	-1.2720170901224204
56.756635804384516	1.5439906744039755	1.2800014176554371
56.895215132356533	0.25641062720768532	1.5669868654851611
57.088503288099538	-0.088756641322198598	-1.3785549913348487
57.075408646139913	-0.78540436240786216	-1.54850764370895
55.327045621050722	1.4803336932792561	0.1103270536624928
55.715976280688047	1.6049679682582088	0.71067240153935263
56.137967018555997	1.3298990285752665	1.5041005910325798
56.996327934342993	-1.6766072127700211	-0.13009745116515603
56.709962243227316	-0.75355741850752556	1.3328929676650028
57.169225710907554	0.1087890104391185	1.4650300776566234
56.17080540588389	0.57443384806004416	-1.9307590870526978
56.963735395415476	-1.2787096976137629	-1.2768788444495123
55.459921319003818	-1.4493486419377388	0.22606588082309187
56.32584507331287	-1.6363960413832666	0.0014855600230752838
55.396279914022834	-1.6108572275176947	0.28103766990277224
55.939130586255033	1.2732487117151234	-1.0531355311393844
55.401955768648136	-1.0040528283881771	-1.8910726683425481
56.044597911628301	-1.5227203995996172	0.99856633208235368
57.227986324916174	1.8230359245976619	0.37583347624634639
57.082286445172464	-1.4125423932030674	-1.3494035537792599
55.255375922334423	1.836685404583996	-0.28786737088851361
55.857068830709764	1.2008350670669192	1.3375485531336757
56.010942253458552	0.24401340117586251	-1.7519858235334931
55.762404340344141	-1.3420508903580899	1.1120148464683282
57.037398070615019	-0.31508177538965865	1.7421709121825495
55.96929846196808	-1.1801947128628811	1.2958852881085561
56.875886519711116	-1.7930781904345243	0.26199679862705288
56.300566307998004	-0.44607295922689383	1.6426164275172623
55.913205996363843	-1.5625820874191494	-0.38080925201351401
57.126294443859997	-1.8598913578370095	-0.32467009298538457
56.192210168989568	-0.81993237265922359	1.8562557371528681
57.023371626102886	-1.8436836364877685	0.53088285851708306
56.018024094917912	-1.8480078127924791	0.60200906405595789
56.519327271528923	-1.135499943419753	-0.58220006424809367
55.296194356704191	-1.3651528350849316	-1.1940453189153217
57.059869549416284	-0.81446638348395828	-1.5830535779594155
56.667208732826602	0.75110338968470081	1.4934708391947897
57.154152479088069	-1.4469973052149059	0.24121716985223413
55.305225872910874	-2.0148945716951148	-1.7731124097637845
56.574967350633109	-0.36890425671658905	-0.24038013694412647
56.501912723144514	1.3802956592881774	-1.2632995646315159
55.372774887964873	-0.52101638017192065	-1.8830835778890964
56.907829802840922	-1.6851505810838496	0.38574787039986957
56.793930873201873	-0.84910931442896653	-1.6693096272372661
57.126603393976808	-0.52812889360182413	-2.3446663763862863
55.856126115004102	-2.299971595359493	0.66798493208639431
57.205048131502437	-1.2043068391555003	-1.162069767071731
55.860198161142975	-0.12131058851992448	-1.7791636718454065
56.894327002412496	0.3527146513095627	-1.8329647079454916
56.49003789234412	-1.7272642619404903	0.13429347806826389
56.287311212224999	-0.86938209629973195	-1.3715423726010432
55.495735341801492	-1.3402996168848769	-1.353955214456217
56.681274854839778	1.5850743484177852	-0.33144389765108806
55.475677696489036	2.1410182077469617	-1.0757424409349523
55.47835292949911	-0.29594093094378898	1.8199999012538175
56.081232901082146	-0.95014644832878492	-1.3284274568940249
55.431146738119303	-0.10244772426071433	1.8620247593096593
55.491802693896346	1.7968236118957803	-0.53835859308184231
55.435168599411718	-1.4810700214252102	-1.6788376880095039
56.401579139045047	-1.0138130624142236	1.3038793414363041
55.602884101843564	1.6868873173348184	0.41320661475603659
56.475103181971228	1.1532252942304797	-1.2158260845772513
57.018572484426699	0.02441687531056674	1.4830442503309029
55.615815374844516	0.92199012801545988	-1.0940419468280274
56.012435214883354	-1.3269192743816176	0.69520800203535982
56.582962717032117	2.0249161659194832	0.048873222893171572
56.266185090774187	1.1271928820855257	-2.122786893441583
55.794770031618988	1.3367522631100313	0.23258843138703847
55.531583686215519	-0.70552341223598036	1.4744472136324864
56.17258981959057	0.22324373576955731	-1.6715859670410964
55.951139048407299	2.0293343453616615	-0.89778204031299991
55.823782068730388	-0.47225847490629203	-1.6483043491309888
56.051634746613004	-1.5986894887543057	-0.471820667560306
55.458232671805938	-1.4545989403887538	-0.60359354309746516
56.651619194118133	-1.1553228093699834	-1.499911617398423
56.560505636650831	1.0596714751282428	1.4166289087911514
57.200309093084748	1.5246495897596313	-0.26328467920933984
57.018234366378955	-1.2418478552827932	0.67507832598063566
56.77060045962245	1.0293329940378992	-0.85930551241628661
55.593043747548244	-1.8265472918233401	-0.93874252163365923
56.186569084931897	1.1866155453750449	0.52752479704669986
57.096857373585081	0.48037818766507639	2.0899161746713752
56.784229954113258	-1.746505374047421	-0.4384058558657894
56.421279773426214	-0.53803541715501213	1.7646196298839552
56.342501205610652	0.7656441203557709	1.4040816795140059
55.932368832735911	-0.9935973485083115	1.0924952030144812
55.916755118990444	-1.2534103139091477	-1.5270844407271198
56.762181288287458	1.5227975071154631	-1.570408995599943
55.347784408421639	0.50907543673890276	1.1831658503960913
56.169408225766652	1.2109088273608033	-1.3382137228648634
56.462671140211803	0.89103739331025733	1.6110991493404108
56.402906241378233	0.53838361771934951	1.5705174266266857
56.419639458407154	2.9538797578458924	0.28630394327792502
56.284254877589412	-0.3722453647474987	-1.8701185785548959
56.437574476595429	-0.13614464594289841	1.5014961316911761
56.821921125606323	-1.3307901893201801	0.46794048822130707
57.177178152888253	-1.6031469523325499	0.84281515784492955
56.193997906933497	1.5073464944880377	-0.76893582318139797
56.055747850803037	0.029956013650437086	-1.6125983299253335
56.152241632290441	-0.088160269058145196	-1.6337919284052018
56.738817955941457	1.7040620676301448	1.3355891494366408
56.27156983210314	-1.5539064694525828	0.44575965783880767
56.816769097353458	0.33821358489830583	-1.6102679368867423
55.889701016257241	1.3219884347940003	0.45123767221340905
56.155792699384804	-1.2062481501169131	-0.81097157068450187
55.69670341037277	-1.4538526274979533	-0.082141675858105084
56.647335554555298	1.0723290644757912	-1.2617309074047238
56.148881515251993	-1.8954260548606809	0.29527051574337754
55.195080487111689	-1.3111645011848101	-0.62444823092513668
56.236425359720769	1.5571334712965765	-0.13198031737222315
55.812740624357481	-0.073853567680509033	-1.3213704790427747
56.964962524430661	1.3328260576168405	1.0621658688222746
57.060418812313671	-1.1466648779178499	1.2033957845890135
55.200853755278565	-1.7407989437166098	-0.47893126398451735
55.45588241937206	0.35810787639253783	-1.883727454003961
55.914981830035529	0.23074685752830285	1.9410710268214288
56.374300513862714	-1.5408425018104852	-0.84144201702937127
56.305828317757097	1.1411307808305964	1.38657985404143
55.384573180165148	1.5023306315221043	-0.75866057865066716
55.502036279753796	1.5412567691539958	-0.20316720444679862
55.583002191250962	-0.67721439684965701	1.5091335716961958
56.674911328766271	-1.477643020112988	-1.2659354114801917
55.634946277169739	-1.2001646026795967	-0.75767525068324337
56.487671978043274	-1.1263939846494453	1.2562936304437435
57.076772577978289	-0.083367444534875892	2.1059879042254579
55.654297181251437	-0.14107404211512162	1.4222673458074944
56.950492619181645	1.157637322270215	-1.9327386877753854
56.926026158931172	-1.3317213537712105	1.4708427602685135
57.07663374529433	1.313715768616097	0.81241724473401722
55.409079769990235	-0.73943691945328205	-1.7860748087708356
55.925250395154798	-2.2316709034070281	1.1003433837679719
56.555470705194992	0.95741854122023085	1.1341844729627659
55.617652563216339	-2.4129144025669915	0.3357270224036813
56.68083010829428	1.2557299806787294	1.8630600344611434
55.865698209744615	1.720301052634807	0.22879648782725254
55.855632677343166	-0.059921683373052252	-1.8657095249807649
57.122337926962558	-1.3143942895344454	1.6053198968305444
57.117250332543037	-0.60968544324996399	-1.8662274742169473
57.140154696676134	-1.5699429760177344	0.21537048076825843
56.065307422798369	-1.185801056410527	-1.5583639447968045
56.779405535575897	-1.7979199480226991	-0.76663694492354473
55.602852378358094	-1.5265245018241007	-0.3075581979840602
55.676401428664398	1.4750093101916073	-0.48977570323620395
56.935399403718463	1.2339479687553785	-0.70451283857160907
55.484872588202457	-1.503624054212167	1.0575890955002851
55.815823190210914	1.6708490834696066	-0.63271668409436899
56.011272898915976	1.4971292358410637	1.2745442823391568
56.117708904344013	0.51374562875508212	-1.4757206663297291
56.650095768221924	1.2350099612065424	-0.90357969553067508
55.399024662298466	0.74407439520856378	-1.0598210514397703
56.796631706511	1.552444053430005	1.0759369815484627
56.071761671574656	-2.0019237675759718	-0.73764908260144124
57.166863205575311	1.9770389428746087	-0.017572447888641676
56.280299448946906	1.6397734553682302	0.77874602292648598
55.886796973972309	1.5710199162648888	-0.12704723943652976
57.087042726269935	1.4259983544620085	-0.75162671606922138
55.306703201670921	-1.220028170390983	-1.2754396942071689
55.995334462854615	-0.36720733372609898	1.9388272038507581
55.819228720622924	-1.4253795318264262	1.4827375950286725
55.341045635990845	-1.3363787651037837	-0.19156656524499796
55.688635211698681	1.1051135785119817	1.5551319849673779
55.728355666233369	-1.4671633003249525	0.24247284430079408
57.111796571433345	2.1587363496285867	0.65048394958895073
55.903197913574225	-0.0069118914344321837	1.7283761605725041
55.420043834336262	-1.1732009586533247	1.399174869934684
56.553012903023884	1.586710032588692	-1.0108038579677974
55.554394342237003	1.5089031465758973	-0.27122170542414281
55.848657416486596	-1.476228878236727	-0.63574303417428601
56.140723081592633	1.7345509039921001	-0.8415237244647098
56.925077194917314	-1.3204066862836821	1.4764324624960445
56.221189029635816	-1.6650229882428089	0.26683738647653504
55.83985018153065	1.3892213176603065	0.4038900028547418
56.982742337954015	-0.54794907069152377	-1.9360184203361179
55.513394188435413	0.79840955910612144	1.6125876660954017
57.024872471375723	0.4821836347348552	1.5814992510912695
57.031793003014705	-0.69867830232150174	-1.8424158824086612
55.458622333458599	-1.4762934628065008	0.50342868927651463
56.282900404732267	1.3130624618935305	-1.2099268691146812
55.856408254539744	1.9457361135255502	0.11036671772430137
56.502595408856877	1.5974218682705479	-1.2247151523713506
55.409390109387495	-0.65930664522012472	1.6819813977683971
56.416195777153455	-0.1143506615898449	1.7381860735899139
55.537740348538058	-0.17431293319293487	-1.9064041057983969
56.082629837135634	0.87736274962280925	-0.67888349852675711
56.590880460415029	-0.50375098388466344	-1.6740201028335433
55.924631479102544	-0.71743239772135758	-1.2162530940886889
56.876033502043889	1.3910925605978135	0.14330492014364077
56.584947267226354	0.023739113657500106	-1.9629561874686445
56.227642554624758	-1.3009422690203425	1.4501246420283511
55.455232042857219	-1.8664218220529631	0.68673571680623358
56.685515126325868	-1.9071612459305922	-0.20223599779266641
55.227897516617887	1.6247950904016299	-0.62249828499868998
56.344729305294329	-1.8684524904903763	0.19918964976429882
56.581513194520795	1.0240812311963419	1.5931000678914184
56.393037685723307	1.890719695617614	0.53462465936907055
56.111392916390599	-1.0229485596288017	1.8642625607351229
57.149368388256477	-1.0854723440440732	1.094880291312712
55.409889834052244	1.1836089677458019	1.5836876006123326
56.917725535165168	1.7637176892664921	0.14956237532147015
55.881301400773516	1.6391488200439603	-0.57530514946135081
56.011070739782653	1.5731764462257465	1.1608187965715695
56.862553433308989	1.3461271024698447	-1.4140477092313335
56.099895467210544	0.34155301998365489	-1.0722235358016288
55.85452785511356	-1.3856623710154659	-1.0859802284114921
56.260841226271118	3.2200184581216766	0.97307172292209476
56.786692461709904	-1.8179745485628926	0.029017869346889741
56.456718849311244	-1.3331497038294682	-1.3026751774040697
56.83546293059775	0.3951889768716918	-1.7684749807194777
56.487119526831449	1.9721024944815304	-0.21686967706436425
56.944778117217886	-1.6380554766421671	-0.61963397656345631
57.03668508849573	-1.7878975247924502	0.86733311419222225
56.822554779326097	0.73641536576265143	1.8641945322872704
55.358329564890539	1.0268564029173346	1.3320169454772717
57.033909652380743	1.5609499502075923	-0.80013550444191694
56.785085103791872	1.0758576069143324	-1.7856814823610778
56.724930269881021	0.29617102961554237	-1.7734556360777785
56.631058259926441	-1.0786941020642156	-1.591629011212339
55.572794123501474	-1.027015749541023	1.2249095002193158
57.202702760579285	-1.7958101303566556	-0.75584582792512178
56.533372251152826	0.34741999292414411	-1.5188191397920496
55.315239877315364	-1.4693912216159322	0.035185268954915562
55.570466008365635	1.6623980827362832	-0.61525978234219902
56.164831610456915	-1.9907146460360088	0.57658106448531377
55.869083358865701	-1.4217627957536347	-0.34030242119780596
56.639394506218686	1.2936207278142373	0.76842008477787349
56.260910243689111	-1.2491238956257944	-1.2001707466687765
56.718820694353802	-1.4347636254588385	-0.91310400568659633
56.741701376622295	0.48639996944195257	1.898288519668609
56.048646053940658	0.63810822450538118	1.6623150758815866
55.871374040058456	-0.95611830111932139	-1.5141137951950703
55.891914754960325	-0.51997032843860946	1.3893781722225826
56.493731863002075	0.46287448690918698	-1.5070767821423603
57.325305874283437	-0.62133586198807267	1.7963692833285656
56.731024404694089	-1.3903271588831274	0.095587989626753481
55.829143083017371	-0.22319433648244133	2.4133055661351808
55.648348887453643	0.64699906949150066	-2.0073715958676503
56.404120434560433	1.8310395187293473	0.59675292194748364
55.504979125816348	-1.4772489381786855	-0.31776821555368612
56.519157982065202	1.8089519820075393	0.19223010909758337
56.946412828594397	-1.343196619731104	1.824180447607207
55.527717223392187	-0.34090349078184873	1.7508194339275611
56.540885306664478	-1.5699075511591467	0.81286300847938675
55.610821637138635	1.7852441046974385	0.73524149173023357
57.063296520686791	-0.43608626536149592	1.238547757042515
56.362119421430492	0.41079281018905212	1.7966498483186439
55.49442306285637	-1.2803808236087308	1.7797127130545882
56.779741602245124	0.89341582161378408	1.7114690173078564
57.029673126247395	0.091564098649877149	1.6546041076368252
56.278550596628669	0.87154965338328527	-1.2992104204397765
56.86854770981838	1.4623294311989632	0.71759908911350023
56.717175949002623	1.0574960787120378	1.3022103667108069
55.847736477683753	-1.0611897465900755	-0.93292970886765714
57.259953196203497	-1.5595002037238974	0.61637615992264794
55.933873160045984	1.5304871313506598	-0.3074291608910194
56.206974479332679	-0.71458125698902553	0.048654245513730245
56.897964518556748	0.84787800044671124	-1.3674352179391664
56.866869782861144	0.12868368659074952	-1.9831175663720282
56.506422564499275	2.095745037138752	-0.97870932262891752
56.206409370255145	1.8783890631151119	0.44529270996279541
55.443754343341446	-0.66105725134517968	-1.4641714162117905
56.976637533563654	1.2806357305257217	-0.76704854285028035
55.506500117329765	1.0514602772584045	-1.1500014708946991
57.033144328259318	-1.423021906093241	1.4999876451644052
56.525849349599945	1.5844445417333004	-0.11638072049671215
56.223670244409981	-0.79592185541725968	-2.103199815810898
56.743461562192557	1.4213878357471057	1.1934567469399089
56.285874394710973	1.3343775775576741	1.3339062275027098
55.887404539335265	-0.64146466176576689	-1.5373923021473024
55.442980249633344	1.5508677120827448	-0.81887792488204658
55.741075884254222	1.9474594366587568	0.054323888120532959
56.94804377686237	-0.18678382383292302	1.8443052823075572
55.796800963490043	0.61208233172506099	-1.723960434144387
56.928884493964446	-1.6284109011120058	0.3272396292296022
55.50496344111518	0.092965581914186149	1.8356417767095703
56.096667952892076	1.0719040774276878	-0.22438104350002622
56.970441728855697	-1.2410348723252269	-1.1798843323838586
55.583064711733279	0.18329708890988766	-0.76770731311602136
56.461852613623876	-0.57896742704254467	-1.9856758221348725
55.707189854819454	1.5183688647479221	-1.2626855842692384
56.424587990331432	-1.4784741363429019	0.28099352969633584
56.702909525252963	-0.82757796144223461	-1.9985635662279171
56.970066081657308	-1.2370104240459989	-1.4236420413650375
57.003443400603928	-1.5386147148879279	1.2032809762097945
57.149261253027959	0.45653287930073189	1.6838686139650336
55.758324244303218	1.4296822400355471	1.1145799805654686
55.315988348768308	-0.58131072546881657	-1.844982429770905
55.198937245515438	-1.1456571768188066	1.1487781992053159
56.631783582298134	1.4782029783884829	0.1527714303851293
56.165551208253412	1.4460757058364317	0.30884966928898433
56.104982447547862	1.6123832984799646	-1.5915194222781468
56.142608025636832	1.5042563315461657	-0.41673092659610267
56.843251470839625	1.2536539126390993	-1.3193473663756869
56.977184323885169	1.2576038452277896	-0.76848519227180145
56.236735933189507	-0.1828173477454621	2.0991909168417791
57.069223253978031	-0.99782896079767447	-1.2024811105621926
56.49438746393006	0.12719120677762513	-1.7213023751508785
56.129484237840913	1.6681562038124984	0.039542576359709168
56.815902007231408	-1.535170813554215	-1.1981648422183444
56.57977640377549	-1.3070255420124841	1.6419222680759846
55.826462161132639	0.31310001561610856	-1.9603719703533931
55.6830589622327	-0.53352577321579775	1.6102900487768936
56.038888478704628	1.4766069224410394	1.0286623458728399
57.113400698962018	1.4113342131518671	0.13074578745548746
55.633060797607371	-2.0264352359413014	0.88196012687784175
56.679436156935608	-1.8501806420033204	1.0551419662380042
55.634243304649118	0.56762574252100217	2.0675398901730282
55.192527116699573	0.67980078501147978	1.9036237178866802
55.372433549890417	-1.2391101015167019	-0.78516090566080443
55.656492337815948	-0.013079602876617535	-1.6029709463810216
55.819847467385188	1.6719604925999152	-0.70843515785905431
56.27285509426229	1.2819115404841903	-1.1842318361907438
56.715482079843945	0.046124069808157669	1.6452160090018288
56.349972906352171	-1.4107437506814804	0.25070078930385892
55.808847821459246	1.5711121648963271	-0.76687905912104126
55.949454554026076	1.8071258386895832	0.52852725553472713
55.480709797650519	2.0728807411482109	-0.39613931271452646
57.004531735484449	-1.0646467819882042	-1.1339195761532728
55.48071334250816	-1.5676232703815207	0.53999673505822376
55.997064745467043	-1.8685447523378103	0.33670398982737487
55.676734802131449	-1.7865566981285625	0.33139806572967995
57.274946639425139	1.8159035796282352	-0.78545824276243004
55.941971164094625	-0.34162387217868523	-2.09603097935869
56.567337227240387	0.11852340431764641	-1.8040385152096459
56.697282304479245	0.26014642303125973	-1.3019311071980055
57.099404847061564	1.726102468274662	0.76929978201125437
55.223070237281462	-0.58373524828538381	1.7765645840686959
56.829642915102305	-2.0136899880804977	-0.081831140313444822
55.410665473899215	-0.17654965182014798	1.526358384259306
56.720144094675078	1.3511703957923713	-0.65658029002040996
56.081915332344593	1.901243540401907	-0.49440212704113096
56.564270259366722	-0.44552421027701827	-1.3630314288521816
56.537368376848256	0.70506371102455079	1.5714109607344535
55.950348767821637	1.5557701078492758	-1.0756212047570166
55.611480307423506	0.28783987089804192	1.5200933575254238
56.293386016249791	-2.1601309136509204	-0.18303015399993119
57.057776718623956	0.47937348717587741	1.7343196084492378
57.132753861078555	-1.4168946156926963	0.086578244460128226
56.627662528894724	1.0686646063306058	-1.7967098774711929
55.50885054944569	-0.96820577145487174	-1.6526614551376619
56.830804591331862	0.9647619253685068	-2.0349593856397186
57.168753266934161	1.4894182092757797	-1.0022276972062623
56.910056622612757	-0.29750027656839784	2.1775050602173462
56.819773137343532	-0.14975600989343632	-1.8685975429553048
55.295198359566037	0.85905163439152576	-2.2001944362188737
57.062658819962287	1.5199731372276672	1.1572159585758746
56.299677854993064	-1.4894767892351974	-0.67942802189277862
55.672142456089169	0.98732930511130601	-1.9066971048756216
56.241462008207627	1.3556971569192655	1.1978960162152006
55.844025663811536	0.5745076918606884	-2.0059188378637356
56.872104726618581	-0.7113604955896945	1.8627336999153568
56.502638916973034	-0.46257306101326223	-1.6547372144451462
55.723544475970812	0.39370470192500517	1.7961113238232431
56.845022963980142	1.4040314202067044	1.0548677924548351
57.142074548638227	-1.0813474614679055	-1.5573730656299458
55.420996653548194	0.89112534287125678	1.6250212404536177
56.517018361640403	0.015332923956405212	1.880938135213398
57.000345114597117	-0.044771688959965646	1.8063922292205994
56.886208699446591	1.4272917546523689	1.361752341227856
55.819705262287727	-0.24606123589768986	-2.130108245141467
56.230134737349282	-0.1021687598179748	-1.823824119856932
56.861554169528794	-0.50678935106839784	-1.8609739058741006
56.346797849169285	0.23745200291014498	1.7979826778711809
55.942465631531064	-0.54348834577456606	1.7766804980354689
56.317692310786832	0.23425575108627211	-1.8979502557595389
55.472378372428729	-0.89197290149299802	-1.6103257530524859
56.649437873693145	-1.9036822014480628	-0.58173383103945142
56.226692408062704	1.379740595040023	1.0762738032352339
56.601181183469471	1.4511955699631669	-0.054355633558640641
55.962487343618854	-1.3955431320984548	1.1336832932037049
56.683305751492725	2.0494758535767277	-0.057012833206142595
55.526759689316648	-1.5659509089031116	-0.22926093024146177
55.993185679516223	1.7955287304886698	-0.059278025332905646
56.454087572979851	-0.51947104948143674	-1.9689232233683625
56.912516113866396	-1.1993420165167266	0.78216228512872077
57.216087433821542	1.1120448123560649	1.4872922998483384
55.174275698052078	-1.5038799879000999	0.1387029101622293
56.069181514635027	-0.87720868500764637	-1.6100671017523722
56.277472517842128	0.92056597397571549	-1.3336267027980291
56.915761445076726	0.75175905348705319	1.4877779197216368
56.510318806552149	-0.45743953696536505	-1.6508448265596121
55.688876515191396	-0.19102365961748322	1.7758000991246718
55.992402034064149	0.7340148744393733	-1.6811466880086563
56.108769224188208	-1.8898529190334434	-0.31527735413089147
55.807677845377313	1.2846908427052632	-0.39933954058065713
55.499283196784368	1.7525693063820191	0.098598803698943638
56.831858308901218	-0.78139321679171492	1.4319058192791911
55.451744346675255	2.2637224804787857	-0.38035558880972792
56.720687037620415	-1.4436694541457076	-0.50739117762422814
56.72591613198454	-1.9507014635244262	-1.3242383248340257
56.810047329605183	-1.5712515303281158	-1.0632945287802029
55.723350382987576	-1.5231844251311073	0.4174577342364178
56.531351679092438	-1.7001736746096954	-0.95531674866568284
55.481538550074269	0.1055808638582395	1.7561322089216767
56.505109452639566	1.6925346827800694	0.16654650607348356
56.568505299066217	-1.3552185819352818	-1.3744059767001284
56.976839349888998	1.1834736814033651	0.30449481388521221
56.785640134177775	-1.5482234172063445	0.37027021245141278
55.465436207547185	-1.5385771607381513	0.42781898964529586
56.904688182522364	1.5588064335592136	0.0066058690466407966
56.066658248249027	0.46166592218591568	-1.710179059536699
57.034129659323554	0.70348774532352665	1.6982568810962897
57.061089327848357	1.8024785049082435	1.1192071182024783
56.509391216555017	-0.24081286551349873	1.6238050552382344
55.328932638840676	1.4791750598986646	-0.41119845714656728
55.322393631019573	0.90737291743887594	1.2253693290672458
55.910809512300212	0.61166067792728696	-1.6739399062751077
56.461282578060626	-1.1533849160499272	1.7719582382749881
55.667270218557718	-1.9099629317458968	0.8973177223778892
56.479548372723826	-1.5940977912016425	0.53927046855848881
56.632127454120479	1.138863065632026	0.44128113647538819
57.094783703873205	-1.8204016013409285	0.41645958977098774
55.674124099917208	-0.19338675192161869	-1.429561478257942
56.505688518505011	0.8221950298946652	1.241459622606822
56.610484739530364	-1.6416321953942397	-0.21171404075510283
55.655748436118593	-0.77096174908227455	2.0827574163803542
56.098287327767743	-1.3578912764072293	1.6257692480800718
55.839460230748948	0.53274979954029589	1.3288067282317093
56.402682923990902	-1.1688936593704293	1.5370257670461014
57.16363790734183	-0.46331897629053703	1.743609633585018
56.109767193856861	-0.13133955012019113	-1.5816921971451512
56.051744444552256	-0.69525918122004404	-1.7401100788307164
56.191489864138561	1.7086372479783987	-1.1098982102895849
57.134568893455466	-1.4817749833189859	0.74936446872190132
57.191001280877202	1.4698185919849749	-1.344844072081496
56.547977107943424	-0.12060336136687831	1.8816775738367484
55.578603707062427	1.4157109620197132	0.16165324747092763
56.035152054684318	-1.2647038854060708	0.28998219097805517
55.763305151752043	-0.25087299099363281	-2.1389757461299697
57.150141426068338	1.3214862059850763	1.0508173741398332
55.493594140247396	-0.66799068150889085	2.2014360205391106
56.943262082248339	1.9762684054894581	-0.20390541417549649
55.418680670715993	-0.47593578899033612	1.5267856455018238
56.234517970348939	-1.1503030138923249	0.86086419240108802
57.067563796201426	-0.081447398613931535	1.4645571000648936
56.735365242402672	1.5881777603628255	0.5031793580021261
56.574775860686501	-1.7913892811252694	0.47013210000961536
56.353344485412606	-1.3850842585657837	1.1480578079688555
56.620887068501339	1.4244869818454946	-0.82760950604735606
56.004710745837819	-1.1938709824032585	2.2963795468113806
55.821737653800021	1.2810632454925719	1.0903484469200984
55.468438814796905	0.82127868173227681	1.8945598427188288
56.824127594811031	-1.470665193314679	0.0018863348742724816
55.323555697953665	0.97491603579037189	-1.4927874279546354
56.003511117012636	-1.8207229783265713	0.289796296270522
55.541202389052245	-1.1990472735846107	0.89230997631582953
55.447639502188515	-0.51768533128096383	-1.8343915380741105
56.942078419453345	0.069383455623108881	2.1461214336769139
56.990956003803262	-1.0129540292678281	1.539112775191315
56.202972272549978	0.21621568986594394	-1.7476954364590926
55.479240026954095	0.070511200390441828	1.7358654757561132
55.72130414684402	-1.7988238531688054	-0.26520260055350797
56.549110140698012	0.16747533603718084	2.08068600521166
56.85778331207073	-1.7108126461955477	-0.65501096004535531
56.30684000494017	1.8805359056486322	-0.0045819362099775744
56.440573944189389	0.63027365596297447	-1.9458240565743945
55.68843360458483	-1.7529239796252598	0.7734995648738906
56.650522936990328	-2.056705951452563	-0.0067057165933475131
56.731391400680543	-1.4272278674624752	-1.3350712426414992
57.069136804209812	0.14244557092650589	-1.4630274586358532
56.24427284810055	0.045436838323802485	1.8963550886586815
56.77419472500722	-1.8462304776017646	-0.41547282830768695
55.54554868350629	1.2528809707221675	-1.5490014703196637
56.951246911152964	1.4408857861711255	-1.408708572228172
57.104376550175296	-0.34553671118554175	1.8665807365542919
56.45372850404501	0.7565007210796455	-1.4734582282282112
55.833666238666304	-1.5788604987055725	0.13313717619069609
56.661158053246908	0.012582292366352299	1.5448326468245781
55.213121627486345	-0.61865977540846873	-1.6595189462064917
55.820968557172542	1.4236301163847518	0.8418453830755197
57.145433143662764	-1.3048727969035954	-0.16659620108671319
55.495117007031567	1.7552296173205999	-0.9827736985217943
56.639030360019767	-1.2113638336442032	-1.1909747569651294
55.675305322430177	-0.94184484671256674	-1.1550958978553727
56.209851086859864	-1.9518383073932262	-0.61330995276304778
55.374063069596126	0.016778154738233571	-1.9652056349368434
56.5469772057968	-2.064326520893438	-0.9889564144374926
56.881248388964188	1.6225347807423891	0.91281603080122919
55.613092149510521	-1.1012942543668716	-1.1922393837968637
55.489472972299886	-0.7219877474881643	-1.9926382017149895
56.139894743949554	-1.2260293154700557	-1.0819067887625864
56.510981488188683	0.07766108071957073	-2.0788369160760314
57.002036214181842	1.6211902960826279	0.18135308830046351
55.801580525595959	-1.4441554057233363	0.14286922464583346
55.31913197183524	-0.82085145848280994	1.8557872608067079
55.681949464103639	0.22462800327147078	-3.3917654160174857
57.010284452669033	-1.847489762653221	0.84578422880925441
56.964552831436045	-1.3486536715095858	0.69454191711620872
55.502904852710465	-1.5125992746744865	-1.0526216303614255
56.117611499946946	-2.0055814274282402	-0.21913011941005076
55.58787161784214	-1.5750800800893019	-0.84782225747111262
56.750975569258344	-0.41624442773735792	1.621448289537653
56.313744391192571	-1.1673897519531469	-0.77616630821588151
57.076134445863381	-1.4150438504715499	0.84822059633107971
56.382904624172255	1.7252119173059062	-0.1392829533956482
55.785095771362627	1.0372154731869865	-1.2421522700305747
56.479768210653837	0.86839820121405109	2.0490169439973411
55.643926114601172	-1.5576107411518552	0.95413790865670534
56.164091655942173	-0.079243128966099224	-1.8133083341301621
57.222983120182541	-1.5901738271549006	-0.23678940204920762
56.605197890859664	-1.5959188635353021	-0.54097704035589378
56.15812714822836	-0.60801043062514382	1.6636324468789376
56.621204964597318	-1.5756893928981508	0.78487984192091331
55.326871490187521	0.5367901259434259	-1.4720040311834486
57.24802307893092	2.3708808412636708	-0.80061064143265359
56.487844218267696	-1.0790116373006131	1.6249709391882017
56.470374635341926	1.1134429419489684	-0.73198672204438642
57.073770593573464	-0.030708334660871434	1.5982360731761629
55.552200447606232	1.5931387536219446	-0.17111359349912944
56.265593071732198	-0.93182674638221319	-1.621797305313694
55.589215596609527	-0.5736971521974823	2.1606821700097387
56.853421136088095	-0.26562792761024118	1.5016117371250572
55.475168604164537	-0.93275615361963882	-2.8000410000293416
57.293151603796595	-0.8421950973342216	1.5302061937075624
55.321083636361706	0.77150742301421837	-0.79087409487781035
55.347010234794347	-0.57081394418931075	1.9135731492833821
56.731466785297442	-1.2945187704628174	-1.0772896246899986
56.011874598616892	1.9621398989010281	0.61870629219187512
55.893603073757959	-0.36078041005607647	-2.0165624932587622
56.781980270835717	-0.14166334225309085	1.9092282512674437
56.896078183376126	-1.0781144343531384	1.5381374991382177
56.717260420562717	-1.6793614418428073	-0.87168704437935896
55.286019348704478	0.32514514960072338	-1.2351363176694568
56.050809377358462	0.66369740270651456	-1.5024581348564963
55.532987445131262	-1.6235586327045066	1.5192554022124791
55.577748158714726	1.3748334076823541	-1.1365192340056298
55.532752616755765	2.1435520703161361	-1.1031942816240403
56.799733380174636	1.042316459585781	-2.1833481077276748
55.303290928765009	-1.8366814471933981	-0.91375556891962573
55.707097804245649	-1.5886997071809683	-0.25542681965978198
55.576672377046492	1.254835963455067	1.3958267325522831
55.673048042595696	0.35972743203777968	-1.9277237684941142
55.955287415730311	0.06669709792790364	2.0177262825132836
57.168306627365141	0.49019807361753154	-1.1878817265456016
55.435040527737335	-0.84211861160992951	-0.98723965035775219
56.847676356163326	-0.41326238620831274	-1.7412974887327926
55.564100684929144	1.1457555918939184	1.4203423869207126
57.151302185055265	-0.42174812283426272	1.8149513497906045
55.354521976942713	-2.072579751158937	-0.61689401948386158
56.334480610125162	-1.5122631374266189	-1.4972916952908821
55.359207180457091	1.4009887555317777	-1.0537409205577601
55.792566327296235	1.4327704850867724	-0.20320880673214214
55.250159215551079	1.2043321774654627	-1.4932189657346457
55.425534434496136	-0.64903968541444812	1.9029121896686683
56.867671293084989	1.5238086061658296	-0.19116107504233815
55.906204176720564	0.20083939204115125	-1.8789235183615611
55.71519123630528	-1.4232841440422399	0.10542800798141362
56.063906193918676	1.8440484106923198	-0.51793134813726927
56.915766257134628	0.11367847044396595	1.7470229136145154
57.039473294349406	0.74398618604172373	2.7008462180698594
55.80186724424351	0.66851546308384768	-1.4120558331969095
56.840730379858513	-1.4865299883853687	0.43262133951054149
56.436443034263498	2.0065882107812811	0.15637105460923098
55.833484841281077	0.82583367292083854	1.2019511247844359
56.622823804151103	-0.38663502145328366	-1.6117772627433022
56.335742875960811	-0.42554940222926424	1.3191390566826877
57.000747179776106	-1.7817451584136743	0.25270872844871778
56.007552375568288	1.3441243924510073	1.262367975161466
56.248229596496472	1.0508321922809394	1.2125345191672297
57.118344203346133	-1.3957406559609415	-1.5648770302571677
55.766897464307334	-1.5267101679937827	0.80296022609656703
55.581152022520435	1.2834483315186214	-1.0444460401378945
56.568486941882867	-0.35768695357459546	-2.4646708180203736
55.239824135364891	-1.4363434108926629	1.4502823355948451
56.714507106328021	-1.3081292914430191	1.1109920273191314
56.149999381668522	1.5668138349531771	0.67322295540698984
56.266060284772934	-1.8702541707207923	0.062175498821418991
56.150950413936407	-1.4969256290305526	-1.5884906618433103
56.42368253892591	-1.5923453841186177	0.94195320704531105
55.768695729017729	-0.15233783799646688	-1.6424207113388747
56.206186334549358	-1.3854988554792127	-1.1879946994102129
57.007297736978202	-0.55595843958308799	1.4567938522508725
55.704844408978644	-0.62373003598123278	2.0597371181151494
56.822205730689198	0.21600037873830299	-1.9694143211630282
55.824375934790964	-0.10876791984493181	-1.6516743482786962
56.993029564287099	-0.60776770605923014	-0.45561317006278645
57.133247623260793	-0.78272164889227613	1.5782995625936611
55.884345389650221	-0.54318889560424866	-1.8446692970693566
57.04177459612135	2.328014044487245	1.0342181327575035
56.989024433248176	1.4795623043821438	-0.46337871051504664
56.819061849754078	0.32923500026386177	1.5471454926145101
55.500325736570304	1.6350572611726393	-0.88207839891623141
56.163345055204694	0.70917415991877752	1.371168266978676
56.146253808679667	1.3346613289094131	1.7229522710268277
56.929118101748209	1.7857626016681882	-0.6743058009754257
56.238809141185818	0.26057643636436667	-1.7255271226287812
56.162897454657198	-1.0900374598144367	1.6783175823752339
56.726147165007603	1.8962751846391455	0.0032149576871674953
56.261675742228775	2.0390104485378129	0.39816072364107508
56.731261714755668	-1.2321628436394618	1.6628835969594487
56.785096461064803	1.1207482736282297	-0.045767177038924647
56.731141586016342	-1.2710880016834776	0.084136987959788676
56.304513585419414	-0.69301332742603083	-1.6944462452076561
55.679093075676221	0.1577690179785104	1.8057319416963022
57.187170077928272	-1.3312626324836345	-0.61850320771428713
56.292093309578576	-1.7957585073658378	-1.2009025512081843
56.908520684185419	1.7410182507080094	-0.33264029821771157
55.933071283895195	-1.8196474109351066	-0.81112355357720223
55.854792324162339	0.18302097073334966	-1.7349172286056125
56.701366438316889	-1.8478978600313472	-1.0945115341887746
56.896760454646575	-0.29346196515525441	-2.0918120210553481
57.258567160526475	-1.2974195894483898	1.4689761005755828
56.073213495284826	-0.96617641979366098	1.0145010801056826
55.452273602075707	-0.24641941607223253	2.0810941697798002
56.337795237202066	-1.3733452099792132	-0.85255626578667487
56.039843758834486	1.1538502944130804	-1.4082322108872249
55.970055838598704	-1.2659461744670542	-1.0274391674287009
55.982675064438567	1.4546781830950446	-1.0502847594896805
56.335397484432093	1.8502381370541976	0.17111076480395787
55.658636527362262	-0.93634594912505942	1.4123138202296672
55.527542788314356	0.75121502922848404	1.5619167459583641
56.96548593751298	-1.4206443468241858	0.60628271713527238
55.625457558789975	2.1386660117051881	0.61593950229565253
57.12775044625586	0.28074761501078249	2.0780570236796567
55.374796896423781	1.5951886674182201	0.80044790169257962
55.461214365897789	2.1827322754866736	0.27476087947216332
57.01124441066839	-1.2641825130024811	-1.5989196138185455
57.102693584921447	1.4183517498904692	1.0453972562487825
56.468949484714159	-0.82007839167549557	-1.1437444960709924
56.779259430046892	-0.9246653196010346	-1.6383409219227127
56.831495423803773	0.93175204917577836	1.4446897887312327
55.883547300424404	0.98108788387116341	1.6234176624412435
55.987287620839886	-1.5857745956301899	-0.56857576347903183
55.604474547528149	-1.7579203733159039	-0.09882795556056935
56.983234376069774	1.5200862434767612	-0.56710479093562849
57.022313148438833	0.75144950085669049	1.5395953165302829
55.909762955364045	-1.0318295665619324	1.6884014665762554
56.814163678804547	0.4706381622842512	1.4033843249950977
57.017398735478928	-1.9730124410183993	0.51140156764318079
55.633772417462616	-0.24965993538866027	1.520498955980998
55.491273069701286	-2.1781412602046495	-0.8116535036965733
55.68023620658056	0.07604775293275387	1.3868481509099884
56.593688152695812	-1.8515190959949837	1.1510335698458198
55.734404706548425	1.3289146093194402	-1.6785659043161709
57.125585883197516	-1.2230889934523321	-1.2518711064579497
56.566889386306798	0.24856573792280054	-2.2323229361207315
55.281492068511312	0.55806016760435406	1.5476111301440831
56.574292921495349	1.1263484251517382	-0.72682708677647612
55.83980532666699	-2.3746306983592369	-2.1543729932052815
55.77574656308839	-0.422087114462944	1.9961344725345185
56.485235097616879	-1.7243414961357237	-0.71350411952047288
56.442035657208059	-0.25388801529937555	2.1462599302821799
56.741334302787671	-0.0020483589634169358	-1.4380852105505284
57.305977272929347	-1.845577031292823	-0.33467876140759184
56.825661945264144	-1.3625748310747148	0.80781801620469063
55.892959143164731	-2.4753704919609496	-0.51387753510966661
56.675662448974492	-1.8111007345328207	-0.63511681312980672
56.289482400093341	-1.0814844600154656	1.0159637012392215
55.828933302814889	-0.83219378714806369	1.2773580826207502
56.050551796440374	1.7417644193921766	0.043389406983836316
55.433977758652723	1.988072348746952	-1.0274577147829269
55.770793275825014	-1.20823219630055	-1.0980343606763712
55.292164717404404	0.88344528511927856	-1.474913219627076
56.80900900613198	1.8969357352608609	0.14045847610899129
56.515793702746585	1.4010259195852723	-1.1713951676912324
56.237868745875595	1.7463710131538865	-0.40682228117905234
56.161914506840127	-1.1540840948717561	0.95575127852975883
55.324961578597183	-0.79190730986804603	-0.91967494065593203
56.200139119534413	-1.1006066448999079	1.3332933276298324
55.73783687290463	1.1799662653719163	-1.3388829702770564
56.715133884142006	2.2951685806564526	-0.0062936785885826614
56.338345194329008	1.3974706973950652	-0.96008630637152825
57.114664327010829	-1.8032395298900552	-0.92941386344230015
56.287478089634114	-0.015186007843489273	1.7375014447258275
56.442699500977348	0.99668335512468065	-1.2240650594403306
56.22185406938835	-1.5741265060591152	-0.69633657162638052
55.577511462819018	0.76007545778507091	1.691907273318783
56.321739024667956	1.5181960976782938	-1.1910564432059669
56.163311296109882	-1.0642480277389534	-1.5581419189152148
55.748671996528046	-0.40931066229209517	-1.7753172646369615
56.086963626676322	0.00049610660061199358	-1.388471934185137
57.019153879850876	0.14811580143739961	-1.9138738818527175
56.426899243700724	0.3918045714661697	-1.4274460700431075
55.320973885346945	1.0067758789062222	1.8103419642025029
55.719286605205006	-1.2905132832240593	1.2069560333534317
56.448436143805765	-1.169643748116769	1.250731447643082
55.774325489721896	-1.475978160774692	1.000233195902372
56.064712772431925	0.23432427664308045	1.3852435217915047
56.362995229370618	2.0059738230932234	-0.24413159783603175
55.996476226205765	-1.2920425873236969	-1.2826495960560624
56.926370336456579	1.3649060553043595	-0.53616210288982502
56.634404898749722	1.7519597729625518	-0.14419028734693118
55.988132917221982	-1.8813935819093424	-1.2437091482935376
55.892883011596368	-0.65630230699440983	0.89771128818316248
55.557313392130922	0.80557884345793129	1.2719653562933204
55.706661080809475	-1.5241787514452751	-0.017835228162435518
55.630802850383823	0.36082062092409062	-1.7177021599993934
56.272119122822311	-0.91845970201859317	2.2229242798905404
56.194307134034432	0.97075960316656273	-1.477807972317134
56.024779572262709	1.2142697205635575	-2.8466592283158128
57.046358141629987	-0.16970995705980055	-1.5771383429284427
55.556075820341796	0.82898299821965671	1.8481272929908421
56.71355311249107	-1.2293059875320138	0.68521643164320523
56.297209167844819	0.9445457306560775	-0.86088790335190646
55.521244239599021	1.4548477427785589	0.76122086589088633
56.089247754339382	0.69917396971410772	2.3358818122183278
55.971833029491748	-1.4074667645013468	0.46498390967065939
56.751198428060633	2.2891352770275772	-0.38334457871423244
57.006821879455224	-1.6992633007901186	-0.81539986433903744
57.171245746155044	1.2746388881424446	1.0302142369735401
55.695165918815675	-1.6822380554375176	2.3588130413928852
55.58122208127029	-1.7047154973512675	0.80534410667977674
57.028009740704704	1.902221109256403	-0.12219456458838483
56.296496776946277	-1.5680575217423871	-0.27678662695052975
57.095845983569554	-1.849886526931442	-0.73848965460119609
56.784715029763802	2.1855540548602699	0.1519118861645436
56.214797036210101	0.50733566322784518	-1.4675827154939669
56.177545415423303	1.6022412711433545	-1.1869410097353703
56.468849679339016	1.4002683932751772	0.77644869546127004
56.476754990843482	0.96700635570053028	-1.7495208222079757
56.076387777777335	-0.73581745214308247	1.441823862756427
56.012926904355616	-1.0681514821966369	-1.8430488748185678
55.854700077517364	-0.94902220070501586	-1.4420385067558068
56.208624488458604	1.6286578611273828	-0.50352025868338113
56.062079683044097	0.91250569956114669	-1.6006758581485607
56.454151582087462	-0.85966502212676532	1.4452786755761753
57.08854018192109	1.8853085343830063	0.66422963926184819
56.422025281720593	-1.075386589599435	-1.6424803838591013
56.874125835942642	-0.049797766752831707	1.406827040823714
55.37198499977098	-0.50037463680122352	-1.4328208727332004
55.486508507644693	-0.056969451843249273	1.6748653809794696
56.129940371132641	0.29047670917308194	-1.3684417506404718
55.915015422235179	-1.6519458876657815	0.23834693550212105
56.741089954644906	-1.4122912500857761	-1.3606480759167021
57.299365269670382	0.55941958058453245	1.7192334154913123
55.851115513072294	-0.54822229706743275	-1.9855277253673875
55.291830328562739	-0.25982921958491717	-1.8285395237765603
56.888270512978821	1.5796787585743433	1.0534507456465123
55.616223802296076	1.4575354364306459	-1.3035012423282393
56.952550005922795	-1.6064446569979709	-0.82948154634321591
56.519752617233159	1.8016836593078762	-0.2791331097560748
56.307856486164589	1.8268044643709092	-0.58649459915851931
55.869650460811364	-1.8706152862834657	-0.58997125508451964
55.81519322044349	-1.3266311830075839	0.45862338662445035
57.045175875611555	-1.4168605285985727	-0.46342858990648389
55.839421403944627	-0.027477306537622176	1.5909953586744845
56.416622063931804	-0.72124258936554986	1.9877934773833483
55.447993001807859	-0.11398145231679255	-1.7760396792471569
57.111178103329657	1.0819846820842909	1.4865807947868364
56.968599324322021	0.35366331691508074	-1.2656439553455785
55.810621801574968	-1.4546321976994703	1.2100290060313583
55.957164431115793	0.60447770289828173	1.5814211498682111
56.546559042364677	-1.06055733165987	-0.9885817685417736
55.648056329029956	1.5573470820338331	-0.69059880341641522
57.145108958399987	0.80695003243068342	1.1335034584167778
55.734634914191801	-0.26650940556204145	1.5471940051399882
56.346115166359247	-0.23512825025395678	-1.5996093167571968
56.179623626836516	-1.3720193230082318	0.96011897279614522
55.318152242330733	-1.3288812840095849	-0.58673526201455928
56.169125900052457	-1.3825349320110596	-1.1883126217862052
56.996850436588467	-1.1930820796853703	-1.6537450570300476
56.301030625344794	-1.1363225320067203	-0.90512034445752965
55.520401467588222	1.4564673083389625	0.48521171507693123
55.339272751035523	1.3233243209473999	-1.960198624867554
56.098244737115984	-1.6551330434854119	0.42175502399486769
55.849877567250523	-0.53933661120394949	-4.4397968677214168
56.769362895841219	-0.85026695506057592	1.599218259615063
55.374496049194029	0.89353468082057552	-1.4263229170301734
55.566967053371265	-0.20891643459987794	-1.9636323634014872
56.270335940870318	-0.22577897108296904	0.052943375808454943
56.788796580970519	-1.961979246006621	-0.35446545101042848
55.515457964823263	-0.8421408929884624	1.8230945781432366
56.720403617507507	-1.4911062213882129	1.4529787704745321
55.624790448160702	-1.3501846101467359	-0.59252506165620489
55.348130678864827	0.52089580861512752	-2.0544325042102027
55.906615910084284	0.89773856942044838	1.3950044810950413
55.772008914229268	0.19841287153861478	1.7385386940154219
57.122277461923296	1.3394399067470986	1.0601894992272449
55.529971610484985	-1.7962398239819946	0.94392173077200059
55.357493724361625	1.2116404352536521	0.63662721950678325
55.488118525441379	-1.3531324318742683	-0.20958361172614162
55.537572244872464	-0.87761743879318199	1.6619096823088959
56.512985337090456	1.7191783566855989	-0.56432352765234595
56.682792210677718	-0.80285067427634427	-2.0187983528578246
56.726731255968488	-0.48739178500239999	1.4827710199616493
56.23411879308334	2.0519087592647343	0.48227523528312743
56.068175915371725	2.0070094818444226	1.1480860316142227
55.364749106577129	-0.23390718115784767	-2.4336292014978085
56.75172862192931	1.2345421369915912	1.858465911534571
55.98204647942385	0.033965994078168533	1.5513796750474813
56.866176458342039	-1.6683599715477397	0.68885758143754594
56.297367230635849	0.51775974963728566	1.6364547052153466
56.374522461434367	-0.91717231375209551	1.0783335676442753
56.286355696936354	1.3381073741714697	-1.5846766347809567
55.401244745522256	-0.10561468313608541	-1.55782362459438
55.566638761863082	-1.4264862332890513	-1.3450972854732417
55.529666017181015	0.98185071790791612	0.75043749369585744
57.032364056173314	-0.77326564239210638	1.6612730607904045
56.044337379014365	0.31951490052509929	-2.3755201244214188
56.687307219870604	-0.56196285703988269	-1.7981141670729246
55.904715595692714	1.3968457782924013	0.4227911081978124
56.20735576923483	1.2944547439441183	1.3332244501196073
55.560537675987824	0.48152721142116861	1.701732244752036
56.947154387605181	-2.1891886964599943	-0.59808202329403515
56.827271365461243	-0.87235971943250168	1.5413350055947799
55.526647168650335	-2.159691597531562	-0.30070770125425028
56.669847733120811	1.9049768251505264	0.30535214176647518
55.728407698226995	-1.6842433765211273	-1.3774957260057787
56.427700564262729	-0.24495716372896939	-1.7361545363332003
55.246926812408049	-2.137178208615309	-0.30526377836990887
55.942789280495433	-0.53832384770549313	1.5817552529030643
56.603356046707681	1.7026875622311632	-0.97529820304021897
56.419509316621628	-1.3721483548878786	-1.7181778079595966
55.696184533997979	1.493303523969322	2.0137688875922715
55.314457416676952	-1.2969389412475918	1.2595140822259883
55.907520263040318	1.3619629784502938	-1.8682465791244931
56.764781448996928	-0.91553129092410379	-1.3212880548389645
55.507195657987261	0.87621826407031878	1.448436140500494
56.780138575439466	-1.6613686655805227	-0.67935197020994975
55.438987406106762	-1.5539817655885644	-1.2150160941493615
55.781508835056151	1.7287197539022299	0.40970426909490926
56.50423906196184	1.3356871889911124	-0.63987380422796492
56.278072905747997	-0.80765724627697644	1.7274292379241196
56.532707850178475	-0.84798360168055331	1.7759044852431622
55.746711429879063	-1.6963576191353575	0.82081759530421117
56.215830102139506	0.10342896272377786	-1.4215389871254294
56.177619853550418	0.023101806969269157	-1.8052416034389569
55.967342117838385	1.5927643293456646	-0.43756358865361561
55.590284316347152	-1.5753949971868735	-0.39137969661368704
56.739302594109311	1.8970872078920975	0.78929891178199507
56.667039536831666	-0.44376432587220654	-1.957835522717009
56.751033914475187	-0.91940183577047474	1.7485291099534568
55.910181286273648	0.69942609597447059	-1.4088462747963071
57.072055542579349	1.5514278311386112	-0.39071934862664892
56.363598316672565	-1.1434631663184056	1.7151359344165962
55.781282431969245	-1.4710197312638047	1.1390396090916743
56.893190106027205	1.8537746362273766	-0.4654044030872091
56.431868782053414	-1.2072915282290029	-1.0240005989854306
55.787055299165509	-1.5312735440181391	-0.52813832719772413
57.183973326227502	-1.5288440797090503	0.45182052847780907
56.222827814618199	-0.82878578750646026	1.4388007319504963
56.882537898758599	-1.2359138694120406	1.2317124170738036
55.788665702597299	-1.2116463426040833	-1.2637693732438438
55.661672784194131	1.7353099912296099	0.4528128067217872
57.155090884278351	-1.7719867931812636	0.50780708546085485
55.277596935097783	-1.8039759538979303	-0.5583127389428596
56.921825696572157	1.8992719130002238	0.68024451320118251
56.40945843291145	-0.2705456297715132	-1.6725044397554383
57.007199658145893	-1.509341197941084	-1.4145980334085393
55.86746954885119	0.41861652033908459	-1.8869576823706662
57.010367405776663	1.2043209228162446	-1.8764431730329658
56.417379532590537	-1.6625065843840772	1.196832337051642
55.823337053051539	0.71670324220854953	1.3412210664156727
56.638051874125516	0.018018793377845451	-1.5135597195975929
55.575814320076738	-1.0816399079618777	2.0174241562066104
55.297103454324031	0.86257201021619001	-1.7715669833096457
55.456691428707273	2.6068633722379349	0.31137006606902667
56.642960238246886	1.6813743636218708	0.16992374656600978
57.07593177030234	1.4709234396754305	-0.6974303563711618
56.591687259253213	-0.55678268814565202	1.0700402265385833
56.353759933919193	-1.6579876902493065	-0.59148091292276006
55.938076711339505	1.5117630776131386	-0.3781804012002275
56.919274982960886	-0.14356394243939352	2.0292499723027384
55.974627197975579	2.0048026806452479	0.51250068987500352
56.001868924429267	-0.38977149300702291	-1.6562098464227148
56.435096488632425	-0.8311738368853816	-1.2906674811771224
56.558803684550185	-0.61503044376069749	-1.7468796680787912
56.906169000904114	-1.4013631840910246	-0.87176139336447089
56.194114857251023	0.84174743597981083	-0.97233349813830228
56.597052868279498	-1.6139832998599151	-0.18131031430366162
56.337961406139705	1.805323984265546	0.16380438327581445
56.919247609086298	1.7129265569247742	0.77723760110592433
55.424739032569917	1.482914973289579	-0.92247660487252614
56.510873247048778	2.1167835929272361	0.15310605963635898
55.509701934985635	0.95198967546057522	1.5389628261713786
56.635271977759267	-0.81733129263468951	1.3813971497765132
57.138742738913486	-1.8136583991609943	-0.042621062585915998
56.046954809935343	-0.16899274648734661	-0.14374095719064048
56.080348251856137	-1.3953317298125925	-0.80387407887981932
56.539455011599223	0.6907147937277931	2.10986156222316
56.405592114219417	-1.1255936568076657	-1.5314624782441097
56.893283408173829	-1.7038842948819739	-0.72645051867964539
57.152605910292806	-1.0412068243716437	1.6688558046966311
56.111098405417813	-2.0158992963109501	-0.22525075615310147
56.952968580242448	0.50852699586137373	1.4996992931129789
56.579555021024042	-1.6321885932684701	-1.2540503413062825
55.935853482609872	-3.291016697617045	-0.71563653397837335
56.096369025140113	-0.010261404628345508	-1.7135486480042355
55.688876984686033	0.40533976130220073	-1.3982919476509181
55.587448414031009	-0.6310626126393033	-1.6081352325352694
55.376315423656621	-1.4517824160784301	-0.72091889423591171
56.831103979162172	-1.7081723317074018	-0.11948974229343237
56.265132575851197	-0.45488462409659253	1.7857753853085772
55.383778766520614	1.9491759796345047	0.34261487843703864
56.868847207630772	-1.1676854547233726	1.2695675321979649
56.80137169718742	0.84220292955969356	1.9108556307658962
56.305548175156872	-1.5429157189611631	-1.550258349977728
57.151156183499289	-1.7751196555301409	0.34104905116118067
55.458050423892672	0.38947814335165221	0.92146652581798383
56.16696409058396	-1.1526158242112705	1.5845862912214372
56.311210145170449	-0.018367575333004475	1.999464802011256
56.008024163164627	1.0622886350295822	-1.1082996893292969
56.790424983849121	1.1446964437970202	-1.334544877452144
55.460022596329921	-1.5913879582142603	-0.39622005435278168
56.294688783866846	0.1123652904072709	-1.5149570955739802
56.251120393000313	-1.0842995053738538	1.7902237990597825
56.415189984964243	1.8454911779531176	0.29969935616393112
56.802876162369792	-0.19444615897840978	1.8589077366149764
55.879951377015331	1.1456917766270718	-1.1236325903573561
56.575333794342143	0.5038714469905653	1.6925562900089175
55.624759663053275	1.2729092906266644	-1.163434418542316
56.017935269313945	1.8225140971918004	0.88672888739992994
56.103067984540075	-0.093837649089158301	-1.9943929183675118
55.660686222809083	1.1839661855260473	-2.1353673446172867
55.33351121054713	1.0955488031777534	-1.1947044690512649
57.038533477482986	1.2594376729058914	-0.57300163454479791
55.861765623530736	-1.512303158590441	0.7144837832291655
57.338790966172063	0.31242770282552051	1.7780671082536017
56.651911347733382	0.75532918314907038	-2.0153635835808208
55.991361381145005	0.17719349220293593	1.5906750342479588
55.408972283284818	-0.76569754928036382	1.6693185392384216
55.485544527304448	1.4262802189776469	-0.80415778582871256
55.37342860449202	-0.0070608036199000124	1.6381142446966555
56.122649420203764	0.68169796479506495	-1.9566775349545367
56.11848774323898	0.42905175121626643	-2.1210557512192967
56.978343656925674	1.6277933896725865	-1.1161801971791294
56.461713612190053	-0.072870842374391093	-2.3265972923934837
56.144941955659455	0.28815872655697544	-1.5514275734912593
56.824677192166256	0.59194089406986328	-1.7601917234501019
56.10326331142101	-1.9693573139379168	0.21453463288371011
55.775697007870122	1.0353055298985749	-2.0561463363245105
56.605994795492975	-1.6845086401580585	0.16932121705583578
57.238679696583176	-1.5313235580726881	0.39872517528163709
56.755736534838334	-0.98673600252811922	-1.5862817638880433
55.702488646993601	-2.1577903873884514	0.5200226484088285
55.918746864443307	1.8567399642566649	-0.35974100936181336
55.98811525275697	-0.56551414789193755	1.4991114457399759
56.14705805904908	-0.028902004576958917	1.5758484778300992
57.344526359875644	1.3065011005685681	-0.86521630439161712
55.68089436520409	0.58449810045321571	-1.3779362570751017
56.328313977653586	1.7552079550058783	0.58024489899250076
56.92894237615117	1.723591115333774	-0.99237422667158137
56.361419139895595	1.5307959498375121	-0.8020412242377013
56.847207956778604	0.9693724253882382	-1.3035567569622921
56.039692106406065	0.27986930341097349	-1.8387276096259695
56.062556613873653	-0.44519059147532886	2.009528306601148
56.328227314844447	-1.5909846852997764	-0.38579438864158438
56.873867441145499	0.29728150225120054	1.833658111103488
56.728048727726893	1.8043331022207776	-1.1999323861649573
56.513211372297356	-1.8246477042939666	0.11037601658366744
55.505825148736818	1.1873085872858318	-1.1444860288882266
56.191160198519604	0.38418717220693865	1.6273448223538032
56.973844411876073	0.97057752199932312	1.504624300456515
55.932834106908544	-1.5341953147850407	1.0684930688529743
56.908684677493852	0.74049157810378052	-1.5211812835234733
56.734946421569433	1.2733544923834101	1.3401301682488433
55.72163237960406	-0.50218457916316128	1.5563315324317166
55.565767803762427	-1.9140982060583216	-1.9902859940604802
55.876254450794264	-0.09259368270941673	2.6394959454878704
56.39624657599218	0.07770394204319489	1.6902388525872878
56.855636136034782	-0.49014442400704683	1.9694983855820214
56.492180209705417	-1.8946687506894102	0.086163992094830485
56.43440815711191	1.8524092658342748	1.3532628146435688
56.832949816663181	1.4407124693268214	-0.76568825795558282
55.81047833066738	-0.65147675195714949	-1.8922966265389702
56.967392628144168	1.7540708363291797	0.17505722605440777
57.049332394848243	0.88744854901598536	-0.89561126505286959
55.817351047806604	-1.3574131628142032	-0.64140073409948484
56.412118340124067	-1.6880114388225047	0.17724963439013405
56.688273353147856	-0.95266032025004799	1.9644891041210439
56.621659120720658	1.2188469442885792	1.5895871552115572
55.429828098839955	0.10202781917942787	2.09093660097734
57.248477837648608	1.4159186020846981	-0.84761623996190394
55.597326324126549	-1.9614902368185538	-0.85689415915683642
56.465123588446666	-1.6286561008329379	0.45541351392890844
55.789860751163332	1.4471072484882246	0.85946509189537879
55.279452641681324	1.0277529558579312	1.0150095028749129
55.424268927507114	-1.2936936194769622	-1.1723488008332703
55.722617451817861	2.1183400390601328	0.4456655245235403
56.899055937285048	0.28279772478846793	1.817801865861197
55.383494893680805	-0.803823544717296	-1.0732717889316974
55.450343642097891	-1.6073706705137312	-1.0298285093678632
56.130260394992035	0.90794122541971145	1.0660596971504643
55.484527109683327	-0.42142030345365966	-1.7679884171649418
56.241467300083876	0.32395235949699563	1.4677064761181493
55.695820098713611	-0.13648453946591191	-1.6839455143872171
55.399047437561201	0.2066468838766968	0.80862083207645041
57.173305837669972	-1.9113148355791116	0.31223871639428896
56.915937655008946	-1.3682282694225882	-0.84861203880825276
56.488759946280751	-0.97777776508884517	-1.9064501228458051
57.011312928625792	1.7156700483921286	0.080761984417625485
55.682394191488434	-0.094658595979329449	-1.1932074344875789
57.060332037726525	-1.6606000968426247	0.69124289106787262
56.807891236859952	1.610308846132845	1.2176684613794229
55.503539363595067	-1.066682675311265	-1.6617736272256989
55.993187381454177	-1.0715997655426128	1.2729591359811161
55.701202483458147	-1.7218047037545148	-0.11104770876138936
56.982613592686633	2.1645236145100664	-0.76073839002194688
55.328760623015881	0.87220508432544097	-0.95191432170858448
55.369011119872518	-0.3614909288369863	1.6466442549862741
55.37046224572606	0.34256228983573028	2.0263359247262911
57.123722139653346	-1.8123559535379368	0.58346001735115471
55.638559517452315	-1.2293838190051019	-0.71442209644684918
55.900293246872664	-2.1634033183753392	1.7348366520566731
56.600897744974766	-1.4389114725565302	0.80115307385907941
55.405414593462233	-1.055578260432344	0.79032796641286396
56.585252664207687	0.5299470663943503	-1.9226076640877394
55.928171319168555	-0.93688316575729258	1.7659510708728194
55.626831908834575	0.96028032857056023	-1.5482023401504474
56.862527665022547	1.977935034370472	0.77504096216038965
55.467240564049931	-1.17334015494615	1.1477318059147363
55.386495025553877	-1.3352611357267332	0.92866341685287124
55.762855214874257	1.6629108009387394	-1.360704704633793
55.463017369649378	0.30106735100936322	-1.5593562025150769
56.260307399881611	0.47519673230619619	-1.5500977141403891
56.68255985159994	1.6789518807857624	-0.11594164293931848
56.965483279886705	1.6090033866480042	0.95660900185441733
55.262579229653575	-0.18616967122759426	-1.7112053219089145
56.18240588169926	-0.9881104543318574	-0.97150463572769485
55.827708976854019	-0.2862975952861016	-1.3489006543039914
56.032350979078053	1.0538615546836068	-0.12710245001094139
56.571432335578528	-1.1397851983314142	1.4899605101275279
56.470837411834729	-1.7635536908843206	0.72287127770753501
56.862091921118576	-0.9045643347435196	-1.6337446915336777
56.48302667219339	-1.8789304845897157	0.71867429081390566
56.066933137188464	-1.5273016081148645	-0.40588405176023934
55.692733887394134	-0.99159543609768241	-1.3856469416663217
55.822885802411754	-0.00085871577210465801	-1.8780908985792872
56.297629851413596	-0.79771405205904655	1.5581849353967363
56.719704958466082	-1.7148346290572449	0.1467008804247355
57.17182379459075	-1.5617242955744688	1.2007992289531948
56.319267655172283	-1.2962910929105029	0.93070965498882374
55.776955804697799	-1.8506711206617776	0.17725095196699261
56.833991233333471	1.465626157732572	0.37209215307801469
56.869659093621301	0.63065824531992121	1.7487611284345177
56.814160150981081	1.5865049294503191	-0.13569163827082353
57.229128697073655	1.5723023293551439	-1.1500276653373691
55.525347023551234	-1.861207325533532	0.5444078606654974
55.501154424634187	1.6932978712550075	-0.098324360779439984
57.184895876906346	-1.2901011076287499	-0.74502747360173016
57.041904287802488	-1.1484858758786625	-1.9630271417551881
57.07509339017529	-1.2432501703506575	1.047776009787333
55.482047865392659	-0.5094889831255982	1.551432579526937
56.99869223386127	1.5405276023633119	-0.41179036475209679
56.767024496711322	1.5011908220614683	-1.0837211387224777
56.590208297271161	0.58552414266853148	1.6608291248432343
56.238718559020263	-0.43208653534364727	1.8284419832590482
55.665410476018998	0.70949657778125141	-1.5474452792581996
55.942229729421534	-0.90694187700040874	-1.6060415536588895
55.127204189036327	-1.8532247471709007	-0.49361965608520397
55.645978916879933	-0.5020183318260284	-2.0356534839486113
56.358564544923269	-0.42990541447188269	2.0069502876243894
55.904454850103086	0.049409989037849919	2.2268464187661734
55.624321998371101	-1.8202984712299519	0.19326340164474065
55.703281653174976	1.3319572360881986	-0.92073973814488241
56.042756228142359	0.47924549843481595	-1.806506501285768
56.292059210934099	-0.29670800041983136	1.3502859635349638
56.629606093821977	1.7626842163606526	-0.68377922244393918
55.96635706708804	-0.73084886673736282	-1.4699937446137414
56.50538950201188	0.45777997686028099	-1.5020128364409071
56.289769483982255	-0.66435101709575783	-1.7982096592082615
57.016223012554505	-0.56166086370264934	1.3231485887740146
56.570510846754431	-1.857358583768435	-0.95283815442070563
55.912172412244658	-1.2878490271101064	1.8263464161335907
56.55676493024481	-0.44353993299327471	-1.4216309156560731
56.207335545824115	0.70925824324279407	-1.5543226313206722
56.414754959477854	0.75052974497238056	1.8998229340001649
57.334631314715075	0.19842673333805128	-1.8951385428339793
55.994059532222344	0.73062529251686148	0.51134320685343715
55.715805152131004	-1.6644548474627803	0.33356635972427939
57.127534582182804	-1.7627878606245124	-0.84222889939165546
56.925845728069092	-0.24584094098563269	1.5122538793269631
56.990249465143513	1.8008586328773579	1.0221400021268865
55.653158066508439	1.1001368826633786	-0.96661330324762318
55.365199037825619	-1.672920087198529	-1.2574087688682423
56.219909990178195	-0.33649497905062781	1.7622071924708469
55.418124260986467	-1.8802785123744039	0.33731195097467703
55.21970317358678	1.399569841305637	1.6545692821098061
57.087885867744703	-1.5752300711423584	-0.69994138069903467
57.12595099442737	-2.0068638255720677	-0.27913825937886338
55.946495735187739	0.87471662306285336	-1.8142723206526394
55.788450942953801	2.3090973342957204	0.56155274986901282
56.247354153893838	1.2778323184648082	1.2950502304127349
56.374812496835901	-1.096535436676833	-1.2953017296644971
55.699772581433919	-1.13016625211004	-1.7028710079618656
56.347923855647885	-0.28903445792108939	-1.4449774063497802
55.743617001423821	1.1130576212219803	1.011358148514284
55.676613431735078	1.2641046290794631	-1.115609147724713
56.137939783728505	-0.39987642002045126	1.3296991784448646
57.135247766792681	1.8243617779576269	0.20342009286399942
55.725124676411866	-1.5193155016140263	-0.7456521588123709
55.787163978085871	0.14709460853499015	1.8757301583268196
56.033415844354131	1.0361077504291838	1.882404015941491
57.177872481211061	1.3608093786807818	-0.43139642480422613
56.281405884020273	0.27123158747837134	-1.5774652728634491
55.896303713405906	0.18655163545234976	1.9150597819197568
55.905328768556629	1.5699776579092515	1.3359073408529969
57.011189042708686	-1.8509675187090553	-0.5704514782543163
55.988805403906269	1.323365227951715	1.0297492794455767
56.811650452241985	1.7658990155653698	-0.54431567499893019
56.765916740171697	1.7326998034034495	-0.05780378150005943
56.599202170688891	1.934263521081856	-0.24958070482615219
55.604226052256422	-1.8560252104020338	0.92127330026230847
55.326489277411554	-0.75792114750062878	-1.7216744604128098
56.30160409331689	1.8078846181467623	0.80968313312694085
56.822050195093432	1.5204390593222756	-0.62037340904809279
56.073925045369847	-0.09473896769757105	-1.8410638569963163
56.304049272883589	0.6571293431914137	1.8394610889798564
56.293105221283369	-0.35330640226073962	1.9730281429338616
56.450952963582004	-1.8065290070539304	0.28202931022846406
55.195477491313525	-1.8775479450780552	-0.40052785251519774
55.53018522498261	-0.84362952248159429	0.94340906518072498
56.631379543725437	-1.9295541970415604	0.12731413641491549
56.188523482447046	1.34718696190897	0.66131396555182975
55.1491510674268	-1.4084553046230421	0.57989034952715568
57.063057799496093	-1.6710486658059127	0.7332811761887934
56.204636394579715	-1.8676393991528639	1.2927091018716397
55.670983571984983	1.0936982071514816	-1.4215544422748392
55.996454722644927	-1.8245213363367314	-0.14651868556360956
56.880645223370294	-2.0595757574684623	0.89575412642831098
56.12616383874925	-0.94601021839710064	1.8652415785496297
55.342780061632624	1.0234634202194617	-1.884539944771902
55.568016068182196	-2.0139355954677907	0.27037859759595301
55.92670855492684	-0.68225278905567377	2.2782631426834712
56.552570354877794	-1.6521574316892162	-0.35542929394538247
57.290407110250925	-0.25931521991071615	-1.2825516823796652
56.609467993541557	-1.1619152852383026	1.5106516153502643
56.20340437166066	-1.6683761470169551	-0.24905565052696108
56.741458808324289	-1.5041684002507767	0.16258764541128798
56.643149461241507	1.3432041016330023	-1.6216834879366064
55.590812546040205	-1.4436815989052929	-0.99943664248283959
56.029594720253257	-1.5743821440770933	-0.5563324733224273
56.312453438553135	-1.1646414525769939	-1.666869330893348
56.311443467514579	1.3160327826575826	1.2516233968324848
56.938090203005522	2.2021017201023065	-0.95349020757242264
55.947157701526805	-0.44437020954535805	1.7215893074338284
56.874851750193777	0.87986868129558671	-1.4357097887817956
55.643645421511948	0.087002840495863709	1.8291693300827025
57.06973015038627	1.303795111413649	-1.1379422913378954
55.529573577891867	-1.2045927245117207	-0.7432859372343833
57.245851243276512	-1.9361283967944691	-0.4956472133321278
57.187199477527365	0.84048462187766981	-1.4227456210954967
55.654187733237691	0.014681140496804324	1.711906942333667
57.222001642560727	1.5947872404582502	0.8918655954913316
56.013909841975135	-1.1699537412823369	1.330772612750704
56.737117669171809	-1.676350612606563	-1.4362978201939656
57.158783110071134	0.68578554064118047	1.8342882725916796
56.848579508830589	-1.190591481881907	-0.78890071014248653
56.791302908140096	0.22824016131885008	-1.8308157512708931
57.071068306999074	0.34413232708577463	1.8205367165264126
56.130967620762988	0.25126688985627704	-1.8737232389068239
57.224916722702893	1.2218301980582003	-1.5998798645385057
56.378808832578386	0.81987972593919156	1.146501789278255
55.231617075754627	-0.98915762663454943	1.8154521498885319
56.202338100609133	-1.177294589144513	1.6446451365087282
56.274334026288031	-2.0875797628747996	0.16175038042379045
55.647953522556676	0.92259840548346495	1.5370864041984544
56.88613717929109	1.1794655201871633	1.9186838223254106
56.30245804666545	1.5383690722869696	0.40730985274076409
57.264534199501192	-1.8983177923324959	-0.70905839149997685
55.327166655730316	1.7527160452908506	0.27070542494569827
56.650010890961958	0.20159201964596776	1.5312620707343358
55.586553963559979	1.5157882889403476	1.3583229617264685
55.438137564754797	2.1232952756078087	-0.4113028734389082
56.855392531404497	-0.67596072854803213	1.1219051535631523
55.935155232696346	0.62823775980882723	1.2991908738447897
56.708152517722972	0.36502788000114222	1.8397262820094948
55.467446316993389	-1.9854420723864783	-1.4359967596996759
57.040722332648905	0.98362913631156679	-0.93975322310690745
56.42586814627964	1.3817712969075298	0.7183962932045731
56.644858755858358	-0.44867547592817431	-2.0372224083255062
55.45300827080986	0.30215581695617477	1.6104234130182307
56.808400890395049	0.84707163095772542	1.8358465146780316
55.440225635979637	-2.0495428165214893	0.77411283166944522
56.91002490435919	1.6491465206892857	0.55180477168268594
56.73887815091237	0.80703595856585131	-1.2666175010821579
56.073385120551649	3.4940916147909542	1.3983709499283827
56.449890770439836	1.6036498656719516	0.37276567476771155
56.387352974243591	1.2266935563941408	-0.86482846266519708
56.853746965148893	1.9534093940908694	0.25121235560647537
56.610307075776177	1.5381921233471934	0.37439509955604705
56.296185558602431	1.3405661361977499	1.4369619956663284
56.345798210844009	-1.82663313546429	-0.67230228523028035
55.949994234616675	1.7253963928097762	-1.4041326980610169
56.734379028888817	1.7286210919660627	-1.4437168345410774
56.02662416032647	-0.054164066488956747	-1.5182339806005172
56.708028440879723	-0.090793833036818358	1.5955168736243712
55.393762561316926	1.5337332307191927	-1.3026563506635789
55.568085087756359	-0.094323574265850973	2.218292658444065
55.780064297268382	-0.21528356614688732	1.6248326453750821
56.368972091030734	-1.2719345169017233	-1.4204477360331451
55.588211949723558	-0.84199568273508896	1.2187290642081621
55.489308489717125	1.4065589521776802	1.47836076904118
57.010424112362273	0.62191799218648547	2.6221361257480473
55.353895978472352	1.1458131955946409	-1.2937898846683249
55.522231403965669	0.48347978887866411	-1.5982287603912269
56.531132067536582	1.1583201173584035	-0.17985680375579546
55.500268337544959	-1.7119529725597724	-1.7112512502640269
55.705733657779469	1.4238965289589836	-0.83433795823398715
55.477540230710289	1.7256946022296402	0.11396734150255326
55.797946810394244	-0.74523964865090631	-1.68314823553641
56.089385180987392	-0.78469076041397201	1.6553180560869043
55.664308836378595	-1.1949283313172465	1.5777266055901882
55.930561360409634	-1.6954482054110027	0.25541078175719945
57.195104060959324	-2.1528429047521653	0.22708409252354536
56.709715252665809	1.3339344711361043	-1.2071845106313608
55.70651389561894	-1.475611935427446	-1.4792980439844468
56.825376979046347	-1.5935986286067403	-0.98713922734676607
55.635353652259042	1.7876759836213993	-0.57115323663245587
56.686814427393642	1.5502757076259845	0.99956594841923885
56.300276548670233	0.62503812356240418	-1.622987835469303
56.094841294941261	-0.16863504729521628	1.2817698155284174
56.433927099976238	-1.9364736895547532	0.7874381085717711
55.860351259447953	-1.5755546883053424	1.3755867853803896
56.27557243079471	-1.7633417806933593	-0.45351757362646072
55.640326276104432	-1.1449939453996489	-1.7208219164151592
56.508785417957149	-1.0246982843397059	-1.1963603769050311
57.183295262298849	-1.8979634823407012	0.66908992758320684
56.544064137356955	0.0011830052544603517	-1.8723156297317229
55.725824250455531	1.9131372406709766	-1.0336555467387847
56.987163166265645	1.2912756212258198	-1.1553836087923821
56.423434788347762	-1.6684141538250719	1.7509917963126771
55.799207022266657	-0.94451197210648463	-1.4293897059193659
56.669892978550216	-1.2531160724242345	1.9839832799529302
57.222028031615842	-1.1470071873554999	-1.8518947590849482
55.477214168768448	-1.3605232539104899	-0.31597576310956671
56.609310062073021	-0.66442454805166251	1.6679790403809835
55.643953461050138	-1.0653717048275091	-1.4883263493363754
56.146638018386	-0.7283476358174229	1.0998693247757356
55.618581783764149	-1.2347794441968349	0.83402302978779408
56.165332842129004	-0.45175597613913621	2.0381601958602595
57.164326745634455	-0.90698006312481461	1.6926027908443892
56.511603883843392	1.8237451048718498	0.48214753386439591
55.520648240620282	-1.8237444772928724	-0.4383786668593751
55.511491514812377	0.29544637962345183	-1.5139808526503409
56.493950334571281	-1.7250209605161182	0.0044758894143543306
56.422297860941207	0.89622433172565186	-1.2160232166611584
56.739048162114905	1.0539126220290227	-1.6910364940879781
56.989494937338996	1.1598108184856075	1.2833562151290154
56.548811658900043	0.28685208459396072	-1.7756360423987134
56.909727824721735	0.26056589399427932	-2.2185114608620999
55.781011843649694	0.3918044254831442	-1.7723254367893511
56.611522996048244	1.3890632053647216	1.0316886613139824
56.577661522253614	-0.048460252886344792	-1.5283693081338605
56.130878278732851	-0.31052937988695944	2.0957249197612664
56.508583777210873	0.23208731770579036	1.9616684698349123
56.807825204309673	0.88723868012840079	-1.792273087661105
55.920019728844125	-1.2925286663273696	1.0668968976051416
55.758205185423058	0.26182457597356468	1.7630800502083985
56.529769852016202	-0.47651561046555241	2.348998983369937
55.837695876154974	-1.994592942097682	0.066032774491680907
56.45145167018714	-0.41435379135740813	1.5835162636832931
55.59375400162709	-1.7130608343892382	-0.16777763634465051
56.0192697096453	-1.8713785198994306	0.63171367722612648
56.070004085789066	-1.2574712172722249	1.2692171398390721
57.274537490873499	0.88863676575086414	1.7164058199921051
55.625006026197923	-0.3362076231683388	-1.845443664891089
56.672734923643112	-1.8610989772684854	0.58876905723545359
57.024973643321196	-1.106887665177271	-1.7170542590063478
56.77473113874445	1.1794025591267467	1.2155870681522953
57.212984228938154	-1.3762868562195358	-1.1548297753545798
56.999118799415406	1.1349126976532686	2.02399109409658
56.486271786048817	1.7001269803698824	0.86760730524722085
56.205741066564485	-1.8899081641163407	-0.18456925360789594
56.419850010251515	0.67795149939719568	2.1927634875841919
56.835411934550173	0.83915918425436942	1.2795769210247461
57.168549632585986	-1.8055767419978463	0.3257348692029603
56.322147774279237	-1.4887252791405756	-0.81551220086537135
56.69324908952639	1.7132470967060394	-1.2666222936569569
56.380664707224348	-1.6211471829518904	0.8595559209890058
55.482944896325911	-0.56654296098106549	1.8612218644038607
56.993739160219	-1.0716695311633992	-1.4497428754635342
55.892038166290824	0.55016835678175402	-1.5163390852872398
56.94843449483664	0.26932761952917605	1.5761165083765483
56.304753958290327	-2.3667576816414457	0.12929427686019485
56.411152463826518	0.57854424553085271	-1.4063754535667083
55.524710503929782	-1.9801465452759759	-0.48771675306335993
56.666779524668399	1.2112823814248128	-1.3635561790781243
56.452746621867945	-0.91489227580720478	-1.4436198268798648
55.282368902193994	-2.2165477579548583	1.2471513949602049
57.164819529858669	-0.82896641873962218	1.3039768798719029
55.601477582981964	-0.92996473419880754	-1.1935581278427854
56.756389916652672	1.4817864103133966	1.706429690869177
55.730563376802174	-1.4069051259213261	1.0629467960204255
55.852688028764931	1.5976367543841139	-1.7219016633563682
56.068774326282508	1.4886369005201452	-0.73708545782970813
56.193601259331025	0.32082118432116935	-1.6912610142639057
56.59541232188441	1.6947843612232201	-0.55308569449550771
55.81117235326758	-0.69825490661896294	1.9261728189695173
56.954405922980911	1.3173803995458795	-1.0991279066148845
55.39931818107717	0.23135578081524336	-1.6646634606587198
56.515924682537218	-1.4180781120318047	-0.46125346875281503
56.464712795301253	-1.3849105525403742	-1.1592685190456002
57.182262752886146	-1.2809093442712685	0.91865709180295474
55.751533321527589	-2.7217177901366338	-0.55348322230281444
56.509773631031017	-0.18695487602761013	-1.6101694033807641
55.714846870506783	-0.10660320108326031	2.1195465991368643
56.043046244219916	-1.8106439614913441	-0.60302943186205715
57.359123039186514	1.2924813950165728	-1.8323744310842676
56.18631761273145	-1.7319565931456491	-0.39005111221795741
56.620862297757157	-0.900453538855713	-1.6409202458008099
56.677016175444557	-1.396422819295722	1.3486763738472098
55.619011302857395	0.45219993706702311	1.7594979472321632
57.005675790466398	1.6691086428610005	0.10014085054807516
56.152260355080131	0.25892056646627837	1.652748478731795
55.843469688763975	-1.0489888762322583	1.1580451186349738
55.778182721863523	1.3792962378073563	-1.7022532934066015
55.617869976040502	-0.45262926157420036	-1.6062750194433757
55.663426534479619	-2.8069059306128228	0.49641446027991892
55.79204272401094	1.9888387159376422	-0.021369044180126605
57.147474785229782	0.76854341920693792	-1.7811242063408019
55.562916270224179	-0.45215819182616412	2.5567842864330714
56.901799470867573	0.328319243448086	1.3510545314550253
56.059559623806862	0.37796458158675872	1.2464401946487165
56.106915328150968	1.8429096624711454	0.046768194710629388
56.127286948317362	1.3733151145314775	0.79144788216582573
56.991864214913655	-1.8943377045152903	-0.13657360171559974
55.886599007974873	-1.9634230723673887	-1.1632563783967136
55.6373534421434	-1.5622691520513186	-0.78985938146569457
56.456505171239243	-1.9598502747900037	0.27003785121182627
56.422798353786533	-1.2592983349741733	0.72359014183247183
57.022537717938206	-1.970901440043245	0.094812319845701612
56.108943370324127	-0.014440296915926595	1.8674584001036716
56.113029137988441	-1.5070763281250159	-1.1526232948534998
56.456288583653603	-1.315045417864696	1.0916370850624044
55.482491018614269	-1.9765869141118073	-0.37939601320988442
56.492500980695254	-0.58172636001102096	1.1052528070845362
56.277331453673689	1.5830029094257294	0.44253428319765881
56.976766862814131	1.9329238949963474	-0.52412139036421823
55.37834351163395	0.82109604449323703	-1.7331124817216528
56.458133315578969	-1.8910697149463545	-0.31932765028625404
55.543488184835859	-1.6394323645100659	0.51041745799584359
55.607127211102203	1.6328569832322033	0.32302671529938493
56.222549263693303	1.0353925354833973	-1.1342070519809986
56.443867067627103	0.3224623469917875	1.4713860714400533
56.921186504680705	-1.1598424988733549	1.4015225140489938
57.19348643841596	0.56403807002068684	-2.026655111169978
55.710118139307106	1.1605260648118407	-1.5064521699970703
55.47713556594119	1.8342915032612503	0.9060217104445708
57.111317034905461	-0.17927763300797553	-1.7624186954411072
56.604564440176347	-1.1505142884622701	-1.1236781488217318
56.026644350094067	-0.23760457108663119	-1.4912929365649488
57.116194173838998	-1.3265308616688347	-1.6096781756276826
56.024229824237409	0.91788179522647872	1.4146108355653551
56.606571045515878	-0.22322253719762247	1.7064398812409702
56.700829307194631	-1.5603890620609644	0.94361509906623919
56.564475129365555	-1.9483011507810115	-0.32141138854272411
56.046954547259027	-1.3078110753614207	0.74473493338751973
55.559062745410614	1.8573928424482382	0.66837502291764717
55.976781151384401	-1.1058764614114733	1.9652270152714211
57.151287421824811	0.0040576126678932784	1.6787726602723683
56.158372260814183	1.5004994379413146	0.79478247481081843
56.56661554990589	0.78824755730248852	-1.7655260870133795
56.346270107437967	-1.2271342724213181	0.52334178684098875
55.382838694356714	-0.56807538307637651	-1.714650189441066
56.413559752735843	-0.66105997913678538	-2.7446905676541204
56.955255153467576	1.5757784903454173	-0.76387298701330197
57.18687703666189	-1.3829391071662684	-1.4333088675736361
56.983242660238567	-0.83511516037847755	-1.2289243181815119
56.952996800248044	1.8194922854290663	-0.40924179103375669
55.313757210702654	1.7338668014444831	-0.098034509578456677
56.454193943890729	-1.335744227498818	1.050725570582751
56.833640703502667	1.5753725804251486	0.78001552378316463
57.095042041501713	-1.3629440336889267	0.92323400410816592
57.011728510178997	-1.8173262881877996	0.52934072545560096
56.349729373892359	-1.4104376792070012	-0.08964186583933384
56.032496607975325	1.1512865869484579	1.2030453717999856
57.030693270909424	0.178143022019429	1.3213548646445616
55.609039994820584	1.0178135917079463	0.89827027841462703
56.062187367301341	0.81799266119879055	1.7188486879967499
57.363150426285358	-0.23301950447552672	1.8509277497437961
56.629823849022692	-1.4983655931992552	0.052887566900642828
56.249481124989835	-1.6710014339179393	0.035720475001022711
56.163509762040746	-1.4631128632221297	-0.88822603103887088
56.681479715922386	1.2476394607740096	1.1065189004969851
55.38583501151389	1.7899525381243304	1.2583122919791458
56.959401618426618	0.30087744759256824	-1.6422922595181826
55.467563424095367	2.0554085724231452	-0.48322308236410572
56.953733866847443	-1.4829306217932536	-1.2850882624482474
55.912977141670041	0.13846038892379514	1.7139160882027342
55.2568835093901	-1.7186160374261095	-0.063970225789447721
55.374857198956576	0.2700394375882279	-1.4537685219594578
56.602448150741651	-0.48004737370452583	-1.8874272284785278
56.192995775627395	0.25912229236570394	2.3516783154803993
57.085056202726619	1.3457954577273588	-1.1852091173255699
55.41308420051201	-1.9126466513523896	-0.7232390662696182
56.858194930239556	-1.3448266051530051	-0.87939499840631696
57.063816674466288	-1.511078119444593	-0.43586154215812217
55.642298070351771	1.4017506708498817	-1.4618359142889792
56.43126766375125	0.2284605863073923	1.7943345541437308
56.411675577045067	1.3141360460116838	1.5550883112280627
56.443209593321612	1.6365628474191927	0.58587463982778432
57.111603007292189	-1.6552765896087476	-0.37193758106511882
55.71384961594363	0.93715396206668922	-1.3920285472262173
55.795721407788172	0.32630716417548361	-1.4852874195001811
56.673401297619215	-2.1386348197578178	-0.14006619779198132
56.43962360442729	-1.6285157509040169	-1.0741275861413215
55.4702619058667	-2.1678090565596566	1.4269398163229166
56.531362286055376	-1.8633949403355996	0.33502826438809447
56.194471114464875	0.79176255733187573	-2.3023488407831656
55.276986733822405	1.2598994882980303	-0.77681990610128604
55.725031794864357	-1.3800100688039574	-1.0293363680497609
55.730173803951601	0.15253569529886707	-1.7250988205199369
56.690458908634511	-0.9956780635358492	-1.4709129620171761
56.246899809220679	-0.60308368788091915	1.6089450473231428
55.313201450695956	1.6207850184385224	0.13538565771220848
56.862471216134693	1.6660451395740337	0.71300729675115593
56.844062864101396	1.3756957977738455	-0.33746689753218823
56.463762973855708	0.76151406254297427	1.513994923474469
55.617339532603864	1.7791703889310311	-0.15843635123876132
56.754879235333163	1.5448068564152488	1.1089861745403564
55.849873371258646	0.93569943831599156	-1.2013395553926054
55.721901604516169	1.0903047241046822	1.760724584305571
56.330306039428216	1.533383070386102	-1.2265111774998225
55.744528921922843	-1.5330895446228194	-0.90755239562125767
55.4503190062253	-1.4258499443824708	-1.4246356664524742
56.537615261599612	-0.61173087189592046	-1.8895107810287188
55.46732818118668	-1.9636642550542238	-0.064846947917177877
55.584702325729324	-1.0354112920116063	-1.6920060615067039
56.50828132628979	-1.0192668132402383	-1.5605063332937494
55.284548709192585	1.9339458012858484	-0.41930206089714811
55.768999922128494	-0.64258889525462692	1.4564410668366332
57.080165793836024	-0.84240945639338127	1.1674874091366167
56.458912020314727	-0.72900672517502751	-1.7566117556634981
55.494884247300313	1.2471159278826327	-1.1573539958086461
56.233709887364547	-1.5949277241878521	-1.7506159178460827
57.081028038767123	0.31941260643767738	-1.518784517237896
56.970380055265011	0.32936562666274694	1.6731443750080719
55.888447611600483	-0.37710285335835508	-1.708203319326991
56.106789751200616	-1.4074360441722746	1.563245012395563
55.893958041522424	1.2177251390969293	-0.034726067634932016
55.446037073162458	-1.3583416100897825	-1.0651676777245742
55.521222991607985	1.3878687367525659	-1.4257894663448516
55.995799055421223	0.43262417780404444	-1.6344735197959801
56.158675922952753	-2.4903430617442464	-0.76732551426062445
57.128950411681046	-1.3070643983111474	-0.54538275625154897
55.391603460416057	-1.4615584988900208	0.46493557377628247
57.258274189970187	-0.82929786463188127	-1.459597486645382
56.672887946310745	-0.86794022225572831	-1.4110314542781006
55.758883977786731	0.92829998628430188	1.6130105695626484
55.514611094433164	-0.087773546050881571	-1.0885141240682001
57.42170722481044	-1.3814922895600374	-0.61654369828112066
56.707820141206575	0.20470654353646961	1.2901739793588269
55.352984925835308	0.050368211114124768	-1.5362662250645869
57.264550753521327	-0.98709570070569741	1.2444881651032398
56.582275782172211	1.22683797037597	1.3437631733887891
57.227193448242573	1.5490134290723003	-0.89348190726515775
55.261531185274023	-2.1455457673557543	0.012471944965524555
56.656675352545875	1.6126768167195857	-0.64788212021515179
56.109379057825329	1.9549246056080374	0.65137041338002999
55.368158530949941	0.88672428750878596	-1.825227571451935
56.912479396822718	-1.2369465527100809	0.96018902613676071
57.117691977369013	-1.4613154352093178	-0.62128967805577118
55.901144597320361	-1.1365527558184019	-0.89658511186945078
56.324354166363193	-0.31877780658154264	-1.2945580868478617
55.617783241115077	-1.9436655262097828	0.2945641470971147
56.882511564057822	1.5233362582078183	-0.93534709662669413
57.157871427935042	1.2582252762099204	-1.169291874767505
55.200384697093504	2.0915491079075772	-0.86495999235307841
55.738216218544579	1.3160619809530809	-1.3666491183798866
55.837576924370829	0.31990389530809638	-1.8756953176822617
55.32912607567161	0.91686512332547065	-1.2132497085590517
55.790684568067725	-1.1069765352561067	0.51734913257796311
55.392113492000647	0.29109097727577099	1.488726074514247
55.273998877075059	1.1758563607892107	1.4351249563017074
56.037518078164979	2.0933279723709064	0.41374274425402841
55.320597490655892	-1.6162255400386041	0.72364110236395895
56.740568201540611	-0.93981354923509997	1.6575996536908884
55.481793970365274	-1.0828785873900726	1.2769971976866805
56.917207325801463	-0.29882203448253247	2.0349520597414319
55.864088865137461	-1.6028507650261279	-0.55927020574291608
57.117104550290883	0.86859857162891718	1.5409057642639541
56.476820900239517	-1.7171751863040754	1.6316795042462573
55.789631156860942	1.3181467949424019	-1.5682250122367385
56.740757551757625	-1.169173618136079	0.93217791512653758
55.56010132999662	0.94633780524104838	-0.87703812012737103
56.76088346654501	-0.86992374240991355	1.5804572598694786
55.411342592829868	1.8463487500416065	0.31012756731818142
55.524762425846738	1.642672000694916	-0.4859520793952809
55.877746952539923	-1.7048511414909924	-1.7514767754377845
57.08134027859434	0.6219233998390481	-1.5972842080901235
55.708271542559672	0.9614819409961094	-2.0976636817444181
55.560359305333037	-1.7730858206452145	-0.31672561971403773
56.802363099412496	1.5991868433722511	0.75675193751966119
55.392269966770101	-0.45544948212496744	1.3276203678274632
57.20903414536123	-1.2461779161172126	-0.87460326203102923
55.968247197740546	1.6759560692600408	-1.1815783874321162
56.416439668725047	-0.8493116652550412	-2.0979868827784487
56.540430521008375	-1.6873779233552733	-0.3862525932638971
56.448010689511364	-1.144128974540807	0.76855363688309797
55.506627313499756	1.2176016518320538	-0.85390565121304907
56.820280515117361	0.16419370706671144	-1.9911134563765909
56.046199347865588	1.4385156338097789	1.2761120299100508
57.1408171599277	-1.7567460596250914	0.074651249442377193
55.333088753698732	0.15432154252374222	-1.9943187787370464
56.383838554797748	1.9913446419863119	0.086802683484550322
56.563498396826745	-1.0464894259116875	-1.8764942863802796
56.478600178011881	-1.3766005177021077	-0.80016456560943661
57.146905371257198	-1.5322102388922556	-0.85048970348593467
56.5480898693516	0.87865057849250638	-1.8160369196167456
55.49271642092161	-1.1703075871876167	-1.2320474850581697
55.500447452321197	-0.38787656929264264	-1.4339048067335367
56.356601220407967	1.13870698478523	-1.3260423624947677
56.573411161707135	-1.2688857837116898	-1.4988628803247521
56.607106864783319	0.25209927869949961	-1.6413090417711111
57.029166441250787	-0.95067309425521507	-1.1997744973785847
56.242107869933918	1.9464404010088336	-0.17012348468333802
55.328867980880581	-1.1983717381509702	0.22126624493502009
55.778768667680417	1.8642223437353711	0.60080404425401668
55.722804166139461	-1.2849044414718556	1.4424210405151834
56.013617211881616	1.6956584430672517	-0.72872306051445135
55.384490611007614	0.88807961365692623	-1.6891481338363183
57.284412892263454	1.105040763052431	1.691921098395424
55.863855150859102	-1.6386716318551058	0.00032141128684128175
56.962424042301485	1.8149483087557945	-0.98445882854567468
55.67230336376867	1.8109732383090074	0.21970455002530886
56.246173232091706	-1.1967957347532414	0.99281189203119402
56.73310392551717	1.9035236342567161	0.70052797308290671
56.894597332338243	0.23312827366560013	1.630610232773402
55.909720431615547	-1.4329058531551346	-0.25717427918985497
57.361871918259837	1.5918971665203014	0.73373121180869905
55.739096077942072	0.18554022063509565	1.9245883697139221
57.228977895482721	-0.094841470841803471	1.8593956383902119
56.311355219492036	1.3014830066372207	1.3371938951914539
56.720077055952565	-0.28836706122044165	-1.834252329588314
56.273034975765661	-1.6240532897973694	-0.34785872944003449
55.44116502025291	-2.2159741061153393	1.7583277358710678
56.509237635408681	-1.5677473913812634	-0.62011544177935529
55.593425210741799	-0.52787724443368589	-1.7112753881045251
56.733036632426909	-0.33926272640322963	-1.984952662633753
56.549399871810273	1.2082028586678057	0.56451379186752182
56.234728158592119	-1.0886508905691969	-1.5589453170783967
56.829430270279452	0.84620047459952175	0.94370228208299511
56.428594763272343	2.5012159081666208	-0.80741619693295852
56.172814075991688	0.7260207078597205	-1.6756214948872707
55.38700319984185	-1.3786901251384751	-0.027653125620994114
56.780741193326186	1.5728147071645906	-0.57666520751198314
56.846457774050378	0.75785220181935309	-1.4836269103836277
57.260695760746259	0.024252048713363075	1.6156731852747876
57.081082947959537	1.333248211430037	-0.55385109473799032
56.251696171731361	2.1205196385167793	-0.88712207975196777
56.663114190285988	0.35528762756949367	-1.9179037214487866
57.165002371997858	1.338894701617021	1.731242778324539
57.007970332467465	-0.55668488319784482	-2.0566300615222426
56.468950357217352	-0.95101587890134898	-1.8351847605888845
56.717938520087806	1.1809214049453871	1.4706482669965832
55.38934212957713	1.3324903869446592	1.6877695299559172
56.366713812396512	-1.7677543669203724	0.81197285875770964
56.319005642606726	-0.88460219835982812	-1.7774110204332361
56.384788987124807	1.5472849926979775	0.23019847107717126
55.915663113863701	1.0124389299273169	1.3199344418123582
55.684318597753069	-1.1903228171139493	0.89095044373781496
57.265425882698402	-1.7725963129828568	0.3866722998728182
56.918804760848914	-0.9429287631002955	1.2717907445130232
56.425076313719863	-1.6489790116174343	-1.3333355618756997
56.304507571133279	-0.55092499959705021	1.7929398458103731
56.784622586223492	-0.71640468342711006	-1.3752538118122379
55.178763220384738	1.7087028189582869	-0.50295644787203708
55.42129032875043	1.4376277357059051	-1.2061929063950425
55.73292668274258	-1.2357223641684556	1.2457382584186845
56.944643937128298	0.1595783757778155	1.6050940361900232
56.551452757132132	-0.35469507116819443	1.5923294448412972
55.867092491138187	0.82648082407896828	-2.056103824143428
56.445989374752585	1.4845619365101093	-0.553857031815573
56.835473801559161	0.66093691868015902	-1.6653642758417349
55.817167984025822	-0.76878638783140829	-1.6996013963306207
57.291850381437456	-1.7834928154072045	0.1970490818255832
56.43133002849536	0.61254492058451659	-1.1657636141737358
56.589001704854041	0.51813271873272393	-1.7932123042444139
56.683870651674731	-1.342302513700115	0.76532742628207417
56.947628501856109	-1.1637212339163996	-1.5005588014219249
57.138328479021098	-0.0067719900883498867	-1.8735469481802247
55.692162708699989	1.3806415324839585	-1.2793587437451941
56.365066437530054	0.07136691305183121	-1.8580805316710236
56.002754839435021	-0.19567052311374969	-1.6181993806261956
56.086467883343531	-1.2317546690968011	-0.98694243180194052
55.76540459399223	0.16181834324458699	-1.3023580103609207
56.336036785985229	1.4999956769944751	0.54416756208225636
56.074813936126311	-2.057469651758876	-0.12841721513903601
55.672984482190984	-1.6089242600019626	-0.8858659763055966
56.383705080913728	1.8422598490179602	-0.77022792021673248
55.776734734551638	-0.85840884442419163	0.78605791044171369
55.515265702115649	1.7726668109454673	-0.077750260529110479
56.165472568745741	-1.1929684257985762	-1.4866977951362548
56.058173058008677	-1.6786149774086674	-0.85079061982397819
56.15657412262766	1.0042471655940155	-1.7216417995983844
56.588198168067208	-0.13412876465658685	1.7659797362633249
56.217904780261406	-1.749104985212558	0.43355685943850747
56.931598108020772	-0.51201451454447267	1.6495907671860537
56.784070934236084	0.092632683472540334	-1.8123565865200828
55.759907381022522	1.708199421036291	0.35815362334594641
55.742379404956829	1.6701537501731376	-0.3857609560127197
56.580395194248659	-0.43766328304189983	-1.7083165365590078
55.425172483738116	1.6605881882501605	-1.1027804894700319
56.885703302581867	-1.4140092346553281	0.60319458479935428
55.630877668278458	-2.1982509716278322	-0.89408049162106307
56.194180997272056	-0.1844533440772867	-2.4081416108709854
56.805181285701003	0.82889865120697359	1.8488124504330783
56.310356418644183	0.16551902656326892	-1.7749312711578646
55.550232905465613	1.1171250766409737	1.0873681739236085
56.001592254539005	-1.8816561375861962	-0.5979962946504066
56.273205453963243	0.96503156537114387	1.5132369974203612
56.216943920596094	-1.2976016375799073	1.2635900938587086
56.061730856369486	1.5590953187044252	0.61495904980853833
56.257637854866942	1.4235846537841665	-0.47575477576209785
55.746259342668345	0.41737171189947464	-1.4001704072650829
55.540479071629726	-1.7675825119241211	-0.98465326436431755
57.10146534916219	0.58233236730035731	1.7815168868575806
56.499790119755218	1.8447963322607901	-0.4244396856901006
55.43441566584282	1.5483826214416516	-0.70478043782789801
55.899692323202395	-1.0785064579312107	-1.383415009437797
56.157025366021742	-1.4793789637089143	-0.42076495238488304
56.81182974675886	-1.0539195677836288	-1.4907210223667575
55.889574388316873	-0.78019731773294143	-1.7758829959227307
56.658820174116698	-0.34829106380530928	-1.7327904008611874
56.020160914602307	2.0301091384047281	0.49051323346809877
55.939158692098154	2.2705408504093585	0.78687934160320616
56.417144610832644	-1.6485048124400683	-0.92568887592508275
56.752276092363147	-1.3444897434787086	1.3239736762051313
56.389248811646297	1.8097203536067474	-0.12018724340648428
55.602787277228487	-0.067983319562492914	-1.8829736831063035
56.926487828214704	-1.4742301481475717	1.2026054320677533
56.345527188893747	0.29661633138308829	1.2566356401733159
56.620078468623326	1.7036853186413334	-0.59273660511047943
56.831700744458786	-0.0072379799533381231	-1.8499048749484028
56.171981639217272	-0.72655108931162315	-1.8276190267110994
56.069686308592566	1.5678467124498376	-0.95735759076743976
55.620696400087212	1.7459933733509185	1.221686811061093
56.27232953777262	-1.2745156604933705	-0.93956782298656971
55.630983765515303	-0.71570663573341098	-1.3114709844723078
55.496941873421129	-1.5929554248586217	-0.73079055146353378
56.442891046446846	-0.18349636679505407	1.6416183307179957
56.738992809885254	-1.5148109648773935	1.2277075072405879
56.300178081322997	1.8792085494006516	-0.17144459356732963
57.066252325427691	-1.3784632196943054	1.2831267101586408
56.189224617624447	-1.1698844228554506	-1.3756686071923108
57.233155260531298	-1.154331641228691	0.21245732151017568
56.408597657153571	0.44898288892169885	2.0724075356271405
55.90694658707644	1.8162709618154718	0.59096606030632937
56.886146947587804	1.4529490911085527	-0.95380769397407272
56.496132106526694	-1.0496368628235195	1.2820743847183387
57.224133407040298	-0.62597154697306923	1.7260088339387214
55.784519071011097	-0.46475975398037228	1.5991292063880265
57.010016816912099	-0.047723099962611953	1.751352576093866
57.038058845970085	1.2182699437959679	-0.087626365854315366
56.205014195297899	1.7368507039018861	0.36261002986555979
57.139132859591513	-0.54073509452267032	1.9145775708017891
56.01276592625765	-1.7431913382516107	-0.30774194891189338
56.305724856627997	0.72409614653413723	-1.7391664567783822
55.82101342801969	-1.8698008535716015	-0.49166765177120508
55.329287730494222	-1.4894839036616108	1.2660826718719951
57.232678601773515	-0.85967505977482472	-1.5735880812908598
55.391229497427489	-1.4663988927502205	-0.84490380732635695
56.072842310253272	-1.4394717064483074	0.40665582630249425
57.080079372894467	1.51183264662893	-0.37554352579079192
56.057729450155037	-0.92374607800958186	1.3536752923945141
56.889036026627217	-1.8589938998235862	0.18533731044271659
55.544104792863031	0.55871392246160934	1.7544710027928445
57.180550089380347	1.6435659153265858	-0.60356378152340107
55.254186684556295	0.79778667130568559	-0.11705134669398089
56.072460750828455	1.3381056354092453	-0.37503941635786164
55.424642640433582	0.78750866400006603	1.8369510954079469
56.974625083569201	-0.8466923087290914	-1.596430795222082
55.671531615914233	0.53038010995732143	-1.6392809948385756
55.821687784123711	-2.1674731624842241	1.8658236943692379
56.214903095023907	-0.89184246458180139	-1.199090786710064
55.360070682310848	-0.57112090022225315	1.3821707418078577
56.890440231459458	-2.2056360693419417	1.6109768598299532
57.121983615955223	2.0043647464374459	-0.44107161222858615
57.268086689343896	1.0917427632592724	1.1419382178655362
56.943550740567325	0.22593314953429167	-1.3820965300641821
56.566253203485047	-0.9381869832262133	-1.0900437395117548
56.594845052945139	-1.8598833308335412	-0.080047660981173885
56.358479058343931	-2.0994460899509111	0.60831697810222407
55.691657675861762	-0.082252611982909535	-1.9769428068413075
57.141361627690017	-0.47358342090705541	-1.7864613167908205
57.154387299846555	-1.6644028767929981	-0.2994614190205791
56.69128704862726	-1.4841813619581623	-1.3755435983361264
57.065177026033709	-1.5804454871088649	1.1612405437808022
55.668976182785777	-1.169519420691415	1.2111286407426156
55.694328586382497	-1.8316925608654517	1.2959109047196602
56.610222518992849	0.34970747771096672	-2.1489583411313355
55.882361948252559	0.49666433621392619	-1.9155607022586905
56.696984373067004	-0.3435757060528799	1.7441161785349146
56.608231604114088	-0.57927477979111619	-1.6607515131905357
55.189161570945103	-0.61814166438429119	-1.6797366261382303
55.615451548038195	1.7277081521516473	-0.44733733778754181
56.632515554210407	-0.64425283355401253	2.0168536722926107
56.911759427910951	-0.60142763142083511	1.3748951899143964
55.544774857797329	-0.23386936890445489	-1.7386917434075784
55.999107571438451	-0.17915918375056972	2.0101565315094363
55.752900983257888	-0.33142923646602235	-1.8888385119912066
56.765116480086355	-0.27118543649238908	1.5983047021258228
57.012510243966631	0.49315253989256153	2.0808371018132408
56.730177535674052	1.3615784507507911	0.35869538640320758
55.486703027691554	0.33682944223784766	-1.6375192218576133
56.272870201470042	-1.3505073759400401	-1.40989225194065
56.604934831129746	1.9420649276849486	0.85700484594372517
56.106748140409337	0.34846126799649113	-1.3884182696843024
56.379458831601553	-0.057797602983858998	1.7409350757344371
56.029103365657789	-0.11548291963515404	-1.7632674867310856
56.126558176514955	-1.6015093925703234	1.4716941108394772
57.157590744944422	-1.2039621960628206	-0.88491953098101184
56.551492896666737	-0.51985097596163221	1.8568750940182079
55.689874844846116	-1.6998246945060309	1.6359109828291087
55.288490863668507	1.8985367401334892	0.12294049112430143
55.737697127315471	0.38998911156246513	-1.7473858761572023
56.871927037868396	0.73354458196050965	1.6415151398609444
55.373054112247608	1.7186142529896027	1.3022165630453604
57.187816526623962	-1.5107820930728502	-1.1356240477179296
55.611099245568226	0.99264782139097396	1.0870462683861108
56.614099781520522	1.0671911396438711	-1.3274897696194876
56.247170816882338	1.9177559508716846	-0.21252558011383846
56.632447286021936	0.04978816149474119	2.1514777349964374
55.247775543318603	0.93288880458475554	-1.643456372109892
55.715287541402432	-1.6978562711185852	0.33072832558234266
57.00994003996702	-0.52510612031846216	1.3901090596425729
56.861126468780043	1.9047128718291966	-0.16486138143942208
56.015251155375836	-0.71612220800636694	1.7298798633824179
55.281470237519251	-0.84176703599308889	1.3644317024416719
56.392391993552181	-1.1668667089645612	0.96109638254757002
55.555999917838847	1.7313448340405826	0.12951020738589269
55.728605394274304	1.8286077254031219	-1.0350504507425899
57.23160248107618	2.0191520208608984	0.27445585326159611
56.878209425009494	0.65859141529332976	-1.4280342549653973
56.576373574614486	-1.4883988296441237	0.55310592616813814
56.895926777122682	-0.40613015571638922	0.99468657276900163
56.639805377762777	-1.8200401915291313	0.043171768428202972
56.74483132789269	-1.7141781211268208	1.1408994018185534
55.655100685690286	1.6466275230933214	-0.73454813820944631
57.292210397462377	1.9565333730972216	-0.65789285101926975
55.873899414728228	1.4010803573390933	-1.1903203761141914
56.672922788220255	-1.3587328215174697	1.2423532879631298
55.634127314778844	-0.51225996308647292	-1.8522602252355689
56.806821398690076	1.434022023378694	0.85599614999933948
55.788196396356447	-0.27340330326845547	2.0576144328250021
56.180910767323105	-1.6756926953675895	-0.70678753437822772
55.341958033909066	1.283874896661547	0.83379558797800946
56.554534595450782	1.5593397053623692	-0.82990394449698224
56.425105941524585	2.1211039295350695	1.1701484496413601
55.356575396638519	0.76556603122979205	-2.3961693447405845
56.951330779197683	0.2780180251152306	-1.8641374528975112
56.357517780353831	1.6077537948030185	-0.48015052626397892
56.025203545339302	1.4788876271318614	0.94321867422247274
56.289919570256323	1.4342711708509837	-0.25718759696476018
56.585500608653611	1.3283550605874375	0.04301255822453285
55.204638536538425	1.9187243070482909	-0.13453961296686212
55.739987145750014	0.75583971916990833	1.4645816308659787
55.768351809147035	1.8838046710821199	-0.52653351531807802
56.93820421659975	0.33820192083917228	-1.7054582935225335
57.26782855398659	1.6879728343160205	-0.74450634586202979
55.84238313246049	-0.55070997906979569	-1.2579732398826564
56.173466338965099	1.2433462895593201	1.0935572990456535
57.041475566138267	0.83739611255682711	1.419530980536674
55.457060311095518	1.3365588749026671	-0.83288067633093787
57.044042893936791	0.22398282267644756	-1.8719736229048045
56.533696065536894	1.7458844633162249	-1.6724088697843116
57.094656111790954	-0.15132146327920254	-1.8442868024554857
55.533616964410506	-1.2521686944063712	-1.2740395148117543
57.085100049465318	1.5448675130049878	1.1167878579091435
55.807674609743721	0.98858157221669751	-1.2002601134664119
56.769433546646368	1.6837692042149601	-0.25934713337276366
56.64420487097366	-0.74236641021359795	1.6208312054826026
55.640800772040365	1.0822164420524425	-1.4309903888727999
55.467251304150516	1.4040188988832456	-0.28523829676738144
57.165960657579504	-1.3706936942044738	-0.12660914725904523
56.372679427055452	-1.2283066398026852	0.75551925387282381
55.531876680537884	-0.068343877601449443	2.1804461811849318
56.905305061408875	1.651627009449121	0.25385986489348494
56.22558404523059	-0.41388130190507588	-1.4627468111539321
56.403796931143276	-0.93332451689447338	-1.2701253394707619
57.351358592985598	-1.5969246481946928	-1.1958225764552293
57.185883331469221	1.3527311176333636	-1.0242863008432719
55.574130226918335	-1.3320643578215601	0.94923689652470145
55.54774792754025	-1.624635243915262	1.1299950513893189
55.873572340436013	0.51247854837800244	1.3994720535498411
56.965708987682682	-0.040949125508647828	-1.8059715201667619
56.970513817567543	-0.69101878503750713	0.86734285848987069
56.056394979231221	-1.8778556738472303	0.14928926712115548
55.765838463237394	1.6540428277396664	1.2201124502016338
56.453105156694726	-1.7469811374809789	0.5705752586440157
56.153261177373125	-1.8502413376202569	-0.43211374001014707
56.791558636261755	-1.2618138512975667	-1.2156530072240384
55.316088720686992	1.5645691426744539	1.8540395848173707
55.698913483807779	1.1567777701549813	-0.78013185076400271
56.153843298837309	-1.3061832352361848	-1.6088513811719196
56.369859705348986	0.75071948627014384	1.973100745794079
56.722651001666378	0.8903155801963395	-1.454574662574017
56.216881576096164	1.3473676489799031	-0.25981167005204847
56.531780791929421	-0.78459907556625264	1.3538422579593512
55.396180502857533	1.8618006880538402	-0.14654808665162039
57.229266759026928	1.9522864558296882	-0.29016312315788217
55.67530014183918	0.0028428013042915718	1.7365376259858472
56.730819760091926	-1.1226463469947243	-1.466142543485814
56.968403530919524	-0.083107000345945634	-1.7907860323096583
56.489264348656626	0.015455332800994662	1.297770409119992
55.748448618216216	0.70774435942634528	-1.664004618073341
57.034740359961233	0.99075471872611864	-1.5925805885233468
56.475198235579711	-1.1709887256958893	1.4609326683473463
56.736951680218063	-0.53406491755491314	1.719904472065475
55.248554343107429	-0.89982279283809019	-1.7677491683495727
55.279973002854724	-0.6289541499414919	-1.9826058080786466
56.053439387040832	-0.65905520306719478	1.4258397007801031
55.901681124918014	0.12449773629667395	-1.5780738896217608
56.188563054267007	-0.7186927933528714	1.4044560611042276
57.063859545190383	-0.47112567415419415	2.0450138321060645
55.912122155549262	1.6510170479981294	0.69724509643507693
56.048125690317363	1.8395835929584226	1.101364632740425
56.181844425555347	2.1395585149378959	-0.85004974043054071
57.04490078504157	-1.6647076979798199	0.4165093161936127
55.93266113855136	1.3804281873939686	-0.90806754046229643
56.793035303183963	0.34160616240342939	-1.8324318917866436
56.552147146760589	-1.7461893015762071	0.2425853984762095
56.487705610806117	-1.3522870619106739	-0.36645522550132659
55.438835282745977	0.79287991940060032	-1.8731950540652698
57.072087924061549	-0.74157704523102008	-1.3216194062135536
56.847233210385696	-0.92316444219842397	-2.0339347909713172
56.546694041138096	0.074346897008492827	-2.1009654318458146
56.827938858626368	-0.31097472180798008	1.4838286049495928
55.930942445997765	0.21934379309797286	1.5289681376834705
55.466203575495079	-1.3288297031349052	1.1386689701480059
56.184644417747386	0.77368536116287712	2.100640192332647
57.081586661774736	-0.69116235369281998	-1.604403065108079
56.925168220719243	-1.3941919792284787	-0.65226671029170002
55.679247513600174	-1.8733034862139879	-0.40684353700621634
55.328465404831299	-1.1940340448936053	-1.9624154247621499
55.496195419793757	-1.2061407165914264	0.1057452800328741
56.347448636155946	-0.90382374520976339	-2.0445033053958142
55.698977339039068	1.0984999960749671	-1.6870693680461573
56.853801598863406	1.4462010486383243	0.68182115239713914
56.59386689268316	-1.9336560464720376	-0.5393567496981102
55.928046998851578	1.2978011513346943	0.24519268336492547
56.080995951258139	-1.5980882615789818	-1.2058876949049342
56.274499226200284	0.81329670258124931	1.7125391229762172
56.227037842001124	-1.7062171821435994	-0.30328518396760756
55.578803911080371	1.2360315785802769	1.1530548845909308
56.915232025919615	-1.753197909351965	-1.2172204773419599
57.162972206424271	-1.6367265174261378	0.91835261124951773
56.769776103639316	-1.2181219706516484	-1.6352858742829846
57.134365565136427	1.4362801323562733	0.22678609074096301
55.992231140737744	0.63269167767282275	1.35571304198482
57.045206139129228	1.7660226456672472	-0.76257042122657748
56.572079326377803	0.26390514803918669	-1.5608348976145743
55.742267618163439	-1.7183903392280433	0.51032731360910044
57.115690839097972	-1.4097037415655835	-0.38557802490586435
56.223630487587712	0.61399102904782921	1.7481990670187231
56.917730420491054	1.2111558959543394	1.2780897475133635
56.518323523159452	1.6527740404999478	-0.52692325121314543
57.196724054094595	-0.1711449124250147	-1.8102156746628881
56.024730121822252	-1.5995246519233592	0.073857832214364649
55.756143922242856	-2.091584726909308	-0.10787676497224938
56.763924450781822	-1.3743294324917357	0.8107427469425309
56.794265300314869	-0.88104313906958642	1.3639890706559856
55.875639459902104	0.58736016057812634	2.2652328616704183
55.976161876903376	-1.287806693132225	-1.0829836256693071
55.465639646310343	-2.1737576326171122	-0.59695016931554556
55.858681422964381	-1.8621042625963549	0.6580584229078511
55.47045614247417	-1.371218684242304	0.77407847338510771
56.242778200281947	-1.4122853382848799	0.55998629063961625
56.770735800433854	-1.7941562372460653	1.0830820934235268
55.794318633551576	0.51008787660621013	-1.3652456037319032
57.054407940073332	0.30995858737344351	-1.9054559713850139
57.258797716851006	1.1850871531575549	-1.8198696523778544
56.376224596005791	-2.8831262987951205	0.11812885327999129
56.618936498715172	-0.58393609074615616	1.5248246669283185
55.509480926786125	1.9623220824844134	-0.18346359726293004
55.475026802982846	0.90468010228511841	1.5073504102649073
56.291069552163641	0.85901792425515489	-1.3627582287377089
56.212895196612429	1.703051113590401	0.88925411800090515
56.251153775750012	0.7302903166458351	-1.1272274155834239
56.95314352321148	-0.92248131371695463	-2.0516125584270064
56.858758195458414	0.65318527422853456	1.643269420098374
56.135745843517036	-1.4265814238109444	-1.3126381212630516
56.327862894704374	1.4665993971317455	1.4761674360248425
57.136810648652421	-1.3102025400652817	0.8471178220718355
55.334468385146877	1.4112777491564101	-0.2535429462746161
57.281736869671228	-1.8353494184506192	0.79994762538763864
55.936428966525625	-1.3184854808828936	-0.60073041701091001
55.652218852878292	0.075906912957771938	1.5092534865487637
55.322770771902874	-1.6683861120651524	0.40491245046673996
55.731031437836222	0.58761217374083219	-1.8880946279143185
56.223575317614554	-1.1575980293418588	1.2862667961108489
55.496168116098737	0.92186163009535027	1.4852786088927949
56.942422341151719	1.1329022499951604	1.5114081490785598
56.307501920140936	1.7464713208645479	-0.39265733271847214
56.448351276129294	1.0393361054836636	1.3553989708548533
57.062947645553621	1.3783522444542042	-1.0524099736259955
55.702486116661326	-2.7528691210596632	0.86797122815340366
56.964029191676964	-1.5718977150727322	0.65220258369726547
55.837445572217469	-1.7720854587116603	-0.78041359432970203
57.139990310286464	1.4864567945849589	0.81012595837956292
57.248144077658289	-1.663579923094036	1.1299090690822082
55.553080154060815	-1.5158880799512664	0.88185451704119699
55.529803063058814	-0.87701673108534872	1.5771915098375826
56.923087899992808	-0.081808942164586618	1.8241462281568603
55.332693598664129	-1.8168433519182539	0.77133400065877111
55.82690177302625	-2.1649294968148025	0.19512295127267945
57.130598318248886	1.607053129477972	0.50180505504619899
56.227417425123193	0.57557724873148175	-1.2173799107328307
56.374649766915475	-0.46943611634422638	-1.643430594839641
56.629147146430014	0.085179706755147494	1.6295976359346054
55.626058117255326	-0.53662575950019775	-1.3797515110157681
55.428831504179605	0.25383787242557526	-1.9046554890181318
55.272942940961684	0.09639503053396381	-1.3555361398167256
55.173900511531237	-1.8404649195778098	0.62471158485058742
56.650811232975848	-0.091976298111171848	-1.7764646004411579
55.82427968261868	-1.8938112868933719	0.91375572395343274
56.667127086507229	1.7317663764996969	-0.7463895359924434
56.424104755168749	-1.1286329184924233	1.4572485521180778
56.875034189688094	-1.9375519893057056	-0.3278155918573325
56.107958594695958	-0.67261738974936303	-1.4715824914456002
56.241975492200673	-1.2707073304132883	-1.1061568689208257
55.792836542618467	1.2480486095207943	-0.95862122277652007
56.186941342104603	0.21044566551921029	1.587489105122174
56.596917010391685	0.4759223283297061	-1.9092030073051078
56.19358654530263	-1.6861233823459021	0.54871146462543341
57.009114325997956	-0.87659550789080953	-1.6845272173311856
55.821684784958471	-1.72089027989907	-0.18469774430713257
56.322026272196915	0.88356711850069347	-1.7645143172482132
56.922238763594684	0.94108862395793991	1.2258353421129782
57.218326342359589	1.5379371682841967	0.20238386273610107
56.520548791951136	1.7780782843114131	-0.20753888074191279
56.544042284876006	0.34894222632507366	-0.44195960571965165
56.104300843146127	1.3376532784063009	-1.1391726983645662
55.867707531506554	1.6286302459062538	0.57101382073468587
57.069812377760378	-0.98869248510825691	-1.2286141179967669
55.819491154533992	-0.70473009632978878	1.7125721925381627
56.754096090755034	0.79986254576506755	1.7530364626667059
56.518453448169524	1.4403643893914699	-0.28244703160654999
55.911988141567797	2.1167584729920619	0.19958284447187385
56.412505967981637	-1.3164940478465783	1.177161138906909
55.849785841127556	0.74647098853767813	1.3598329923174797
55.761168627003208	0.54882852685121741	-1.7909456480404178
56.039070509046759	1.153377671813407	-1.0088802371695411
56.166360096910637	1.1098224055509061	-0.67519548832915932
56.347049785452988	1.6514227673774642	1.0362797762100431
56.375048225022041	1.7904599435969901	1.0284725125377847
55.829332850497494	0.59642925186041729	-0.18931686348287308
56.177315373032449	1.5757981152709359	1.4295930139952246
55.378025567391255	-0.82587611199484012	-1.340623316950635
55.468228203680148	-1.1073428080705934	-1.2479762396921483
55.56114359333062	0.24096328845461243	-1.8297487682559461
55.356019498883704	-1.2121007075382364	-1.6192007702115783
57.051064975262314	-2.1474364420861116	0.0286864855226397
56.524617048087265	-0.49477876209106025	-2.2671681249138378
57.016471556794073	1.4903505445242597	-1.0249696917794142
56.982159995032745	-0.74472254500535695	1.4778014370866577
56.614087175502888	0.56009048498555203	-1.6447726096224409
55.682262026584965	0.35158351344736505	1.7480072207056487
55.934472288531481	1.8966421986318185	-0.276933392843972
55.371726397227555	-1.4661762792796571	-0.50590361804950634
56.803357754629538	1.3032218774740416	0.17871696473903864
56.492889765559234	2.0798644797485197	1.4801093397708469
56.299694717223687	-1.5015131185940587	-0.92783848562948601
56.62404057782296	0.84397674763882935	-1.7890580345382876
55.41226233967641	1.6197462921545274	-0.34028678105971488
55.61339102143598	1.7434369081274066	0.67346380916371018
56.440143614140531	-0.92254833860540153	-1.0072928480259666
56.898543810350652	-1.6519974117612592	-0.51174897187902635
57.217981617708418	1.3596962133197266	-1.1204072335998763
56.052164423326694	-1.2909991143115487	-1.4718523169508144
55.841283918342029	0.29290641347594559	1.7685206640036835
56.666559161332707	-1.6280544084902833	0.63760767741866275
55.495948797063861	-0.97480604534338422	-1.3255417549318509
56.625634134152833	-1.7891626221609631	1.0226098593910893
56.843768599387694	-1.8312990807107856	0.07763576420820624
56.157115506111765	1.8436627408106188	-0.81654226020873844
56.25188834085926	0.9325335269538223	-1.8066516599856854
55.994477709213257	-1.0935226253965868	-0.95077481602122915
55.980815092133405	1.6813187746020146	0.71954840637235462
55.790770455968072	1.2512293261901186	-1.5503472567004692
56.058843747649185	-1.5707563755599954	0.11359148876912666
55.715089186863736	-1.4465716642617523	-1.3239039538387256
55.695000146101293	1.6074418268877881	-0.37713872876576354
57.006190524033123	0.85180521787637042	-1.3374595967086698
56.728077644622694	-1.6843867482897914	0.16145846231053015
55.849519040747708	-2.1421457009155556	1.4110963817021851
56.237573424725412	1.3207518639740847	0.46000572400649742
55.847790510081524	-1.216238895225477	1.4893864786209157
56.626330955558146	-1.676232691334721	-0.12986287408248323
55.502606248219791	1.7775503996237854	-1.0588849574920278
55.415321434675512	-0.16145452230961013	1.581220190668932
56.329007521254503	-1.5690622504966922	0.64110011846006831
56.628830775232018	-1.8085506466111041	0.32624859236272497
55.822205411196506	-1.1584527205199937	1.1964512364459983
56.63012919523063	-1.8213246786525583	0.046102813179083969
55.664033373891741	-0.2291617480565403	1.5013522885473329
57.138389159315373	1.3511993549933305	0.9292131161485474
56.455699336553046	1.5361300676886596	-0.57498753069287745
56.806607106966077	-1.8507730069938717	-0.062004189817662286
57.149905070107486	1.7002299164551209	-0.81830225079663688
56.694036897962384	-0.68805809136848362	-2.0444713948838955
55.397902958753782	-0.74299127192921477	-1.184363724395874
56.579470658341428	-1.5955108775787932	1.0071200650054144
56.797961937508681	1.6316486631804796	-0.096438927614274347
56.957979960207346	-0.56619541297991705	-1.1467817804866123
55.629919662178111	-1.8138930294169615	0.37597642128050623
55.830848948707434	-1.9382076695904911	-0.61004410328305803
55.193351720861379	-1.5012560852780765	0.44400603501648311
56.273794779875821	1.1028499610483269	1.056969168009682
56.065616662041691	-1.38562948955181	0.060017354149588843
56.81091718000922	-0.031050983159539951	-1.8154945091599077
55.948585477703311	-1.7781349831924234	0.2288476304624508
56.506026753621384	1.1517179248164262	1.5327224777594581
56.423477358043506	1.2265865512262142	-1.1420765988018253
55.355688077615625	0.26695626563851504	1.8059988478410114
56.432288324681842	1.7167947193715971	0.94949338866488076
55.494439840113621	1.7354513023672313	0.61340906811793372
55.85820799938967	1.5524384265899405	0.87802477116967403
55.675774823755972	0.2074504414969966	-1.6485023142562683
56.047661216598591	-0.083141221749892746	-1.7229657737934447
57.084551788560873	1.0331238995804031	1.4837704206272098
56.00990242192487	0.80903257920736138	1.8790423174589257
55.409831016091545	-0.60040058590845302	-1.3161154671012638
55.187671601688017	1.7276186597499819	0.27419020331588334
57.062782356071999	-1.4901589066129577	-0.72470477200622319
55.438455842269555	1.3306071454347195	0.31795822650561006
56.048746463161898	-2.1912483539580063	-1.8724659103933268
55.36715797437251	0.20783914434744588	1.5809882164099993
56.267177998290627	-1.5460632536708976	0.72712857851798496
55.698794104830505	1.5922050461980588	0.45074668730580725
56.122880248809984	-1.0177463590692299	-1.7825474101844647
57.104817998697762	-0.88608559275460008	1.118306207814642
56.655489327845146	1.5530194439735827	0.036292269571130124
55.501990368823776	0.44977712742273962	-1.6498345947164124
56.959818743080596	-1.8580855449090767	0.21383411500246086
55.562144713684205	-1.9573966154144031	-0.77272766129090364
55.588623727889953	-1.037124288858561	1.7989607072495517
55.502411934233315	-1.2139242960461643	-1.4400267949861261
55.201757359991902	0.74472850130816948	-2.1778382424813558
55.926425105471786	-0.30270021311888101	-1.921947502809761
56.237678136942804	-0.58149878245394104	-1.3178500742390318
56.829717670893565	-1.4490140346861384	-0.074717960602152883
56.530152783043057	-1.8845628736135729	-1.0716463442391122
57.224030890692312	-1.77176937644977	0.56102511214737838
55.414498311001815	1.3903675068770325	0.96283142887470019
55.834965635858858	-1.0444249329700286	-1.2914998711367682
55.719708905410698	1.2964355982614566	-1.4967235922424473
55.553809036710419	1.0764607047455159	-1.0901919801216768
56.858896403085907	1.5681358982008105	-0.26380899150704035
56.832386498000815	-0.2398670700782799	1.3611057132302817
55.87537951992072	1.5006216182740924	1.1797862110813595
56.630883670830478	-0.16587875804323779	1.7054431492479076
55.657917861529143	-1.6402418511683952	-0.74015247862920841
57.040433558566981	-0.27954431009333186	1.9682871423335839
55.576557972261213	1.9721983475092655	-1.0911647061149039
57.267718545906078	1.8662237065337335	-0.47110405155251045
56.539649508232856	-1.1466804449284835	1.4014446632434578
56.656261359917224	-1.3354484730163294	1.2542493764489397
57.02564215908798	0.44123765479479327	-0.9253839297761729
55.894067987410189	1.0301536814411465	0.99136494226780369
56.457041070918294	1.8027929482708713	-0.14868687195799718
56.604351062907035	1.1993713464940579	1.3229173195292452
56.57350047144655	-1.6011347207403852	-1.309536294513149
56.437148134378312	0.23867887689681602	1.9990333441158696
55.564086119773933	0.20917486767049454	-1.6685665394100559
56.654583766708619	-1.7533495664556018	-0.11360684960314074
56.003555966334595	1.7968263270081788	-0.20140232512586304
55.710944842151065	-0.46919523466073865	1.9688459386860102
56.88745712756301	0.15310492107048954	1.8074826629799998
56.906784302891595	-0.72513740510911828	1.2751902330165239
57.016505719158765	0.89182477051013875	1.4083080299339603
56.556214623787042	-1.4628368544204815	1.2681981632948567
55.928508363732931	-1.5996427089052558	0.56735860106468072
55.59146982017711	1.04010251869739	-1.4607042055571784
55.663441182892683	0.15021935437914199	-1.3348237548335156
55.371980105109905	1.0196112954847441	1.5945734867018986
55.518361451867158	-1.8236781719105026	0.11712494705352454
55.506451492406939	0.13983317957524974	1.9604412985505844
55.518678213451025	0.4784821934194356	1.7128992398447416
55.933286412689732	-1.3650138627895159	0.90954067247765646
56.981859924519689	0.21275304418877464	1.5371320982099783
55.764420183756783	1.7458231992103443	0.18371530214207887
56.059281741238912	-1.6645211790693513	-0.2111717996265281
57.040961936486632	1.9535506943409673	0.49098775495066999
57.202541589511043	-0.26902396881851665	1.4928382605369137
55.722022929544899	-0.37960364468628244	-1.2569840327353978
56.572338538900084	-1.8953798818413796	0.47179282086309737
57.302491918689945	0.48313666949186612	1.5792556563349298
57.314952966903007	1.3647214962178862	1.1678702993368519
55.781475182559134	-0.99114343199265709	0.57046583788310046
56.890959091934825	-1.3889867818285928	1.4043247946057011
57.0101229197411	0.42890254714449044	1.2163509227830485
56.878845941341304	-1.7478948179654581	1.421655363245947
55.831572662447897	-1.5801441625876675	-0.96949655029390291
57.137703113870856	0.84232817605327981	-1.5507823493824147
56.923065384994224	-1.3895237395708708	-1.3263898841900943
56.25499951712667	1.0675859286679155	1.7492837722555259
55.81011566599053	1.3585478637757828	-1.6830269684218071
55.967019222757017	1.3476942010298181	1.0656076381514246
56.509903428778138	-1.22616949071533	0.91557230676257606
56.459996117917797	-1.9931880701343372	-0.08101941729000886
56.091669395356249	-1.3374404749976738	-0.34359040712488348
56.763157370661396	1.3038429331013586	1.7265837458641848
55.859200336092137	1.4455614817619535	-1.8295629632436226
57.006225631645826	0.051954405775051588	-1.5839393421623278
55.702099326914038	-1.4003406082566148	1.3704390648826237
56.537474580439131	-1.7151467697714007	-0.71055461657353536
57.169433232499728	1.5331438122855372	-1.0190066014765695
57.173699035676869	0.020654881693070597	-2.0669009634609754
56.734528084260475	1.4493832165375899	0.19105707289458365
56.416933556319869	0.62295318803026234	2.0545802593560523
57.215261905120855	-0.80886572030492565	1.4325509243187724
55.649580833465969	-1.0135446283640033	-1.4181073811256726
55.98343212958369	1.581479259456644	-0.42587169073915709
55.91081298811595	-0.31197191629135779	1.454794506178783
56.083084808247108	1.0161528787355054	1.3654259976302414
56.278556826237804	0.83292028077507063	0.84299518496991344
55.593681533666462	-1.0413863855543033	1.4308684196037678
55.914025764273347	0.71315215041073132	1.7416234243536091
55.370273282706776	0.84505154979344144	1.4892383611194293
55.747357136806833	1.4230018185174877	0.57353125745008704
55.299522141422649	1.2194053527288971	0.92784907995517107
56.91492165476528	0.66231072789025702	1.8228517996972666
55.880897346741797	0.86436306434457089	-1.7085230155254429
56.977487198162549	1.2235694893614328	-0.88369135904383922
56.477476259019255	-1.6785746521416163	-0.62713282194298448
55.931358920020458	-1.7637454762520957	1.0712871291152972
56.041265610105206	-1.3935759943174082	-1.0023115305893324
56.665836165390374	1.2969601257924483	-0.58567341979764054
55.611692925963858	-1.8617554076866543	-0.32378525290578841
56.257144048270085	2.0206593287257948	-0.56160800205380446
56.578757904230002	-1.6737996316352635	-0.84867338239730361
57.028921652043039	-1.8433692204052956	-0.46353155813171915
55.661291855442997	1.89297527920681	0.17147334926469626
56.017389189863167	1.4489188467044307	-0.89391055126953889
57.177045724275487	1.0280396636012625	1.4396863133525575
56.316844209783547	0.47105350855277472	-1.7242513027706401
55.567118727207919	0.055287075099248566	1.3648026567124059
55.680799420326913	-0.47034839584526106	1.7395742790113631
57.051733090480205	-1.0588727942059428	-1.1203221402043437
56.07313424032403	-1.7682456430767426	-0.87285035078237516
56.624060811100996	-1.7090913437446036	-0.74679465576603576
55.438122518401848	-0.5504971246145306	1.5949230604692468
56.010922153126685	-1.229626518655641	1.7459293908963971
55.627953532787373	1.0884444896330761	-1.0873861418704969
57.224400453508835	-1.909303893819486	-1.0030399650633699
56.950939699182491	1.5440517017175168	0.26761810934338637
55.520075664396209	0.7789616669363123	1.8519831488969611
56.110504982964756	0.55663858203228855	1.3974710081707844
57.215452049314578	-0.99539166376799793	-1.5110231984606575
55.378036367361361	1.3231839296124064	-1.2832978015186312
56.52357421012124	-0.16196936854742822	2.014425979165948
57.208946071977287	1.211936767704481	1.3428564951057786
55.972220755339883	1.449173509834786	1.565650089062832
56.16679376414988	-1.2463996420402417	-1.7471298610796591
55.427278544298623	-1.8471444589435846	1.4629701537878328
55.662429861050924	-0.72600766920857451	1.5571830792504193
56.043831562822177	1.5911717647580668	0.78157481876018642
55.728230235401348	-0.49513083374787414	2.119608586091438
55.869325735038892	-0.082029869955330598	-2.0517910733999067
55.467213852600999	1.2984996941106759	-1.0184737653688991
56.635300362543099	-1.5337147674964025	1.4773896624884308
55.969152788295723	-1.8313131964756397	0.54588172140576741
56.990615692699095	-1.1819031255275718	-1.260524081270902
56.417646878272194	0.66026802754216174	1.9156164303544581
55.333564853432961	-1.426123402397576	0.53962655923164815
56.623839462784424	0.74754264687028815	-1.3711170474200796
55.954864396946142	-1.7649796119143748	1.6382614273726208
55.599857111289005	-1.84774879629842	0.39350312441292207
56.82386993948743	-0.80636520222898467	-1.6106482837589318
57.101642882617007	-0.83741641207421236	-1.7146202630794485
57.109305289454625	-1.1187770002334634	-0.3560295764159182
56.549977443240032	-0.050429663899697288	1.9919472228395654
55.551370098652768	-1.7728115819436052	0.59247458122010732
57.085451883904803	1.8529673682482506	0.15568482393711466
56.611282004359396	-0.93941038641686259	-1.6001230575178709
56.951620079759003	-0.59435039155341207	-1.7724162098960377
56.586937450760004	0.29699047782763632	1.6852438031569406
56.564046400009438	-1.1750596238337272	0.52493781420815933
55.451618763669572	-1.640734961420431	0.45981258495485516
55.483767482045074	-0.27097389663775551	2.707985920985799
57.123001840017004	0.57146386701108798	1.5221836568818754
56.72979931984576	1.646308353336684	-0.1754666536612795
57.185936184065739	1.6443675352528586	0.090509532282547961
55.56465696106131	2.3824505490990808	0.28391213085551942
56.786316065913724	-1.4635209498680275	-0.33371674289858627
56.052505799390147	-1.9812371310466694	-0.72149997546379219
56.448699816863169	-0.48891318691779517	1.5618165314063805
56.124479835258001	0.19804974442179848	1.2170199574890059
56.478478844593262	1.5530216000424701	-0.22365558455676729
56.670077442314501	-0.77228754682281275	1.2298424524202674
56.38691155305068	-1.5072119162940956	-1.2335580942947957
57.148511168553966	-1.3173346095408469	1.0007048761328563
55.545468758051335	-1.3892230291577496	-0.66689033403896658
56.944099589343821	-0.93038817254113715	1.198121255188523
55.634310605506201	0.73890885445644738	-1.6633748004848661
56.852557337670611	2.2394068297359442	0.1222169338864056
56.439819765267195	0.56825130484519459	-1.4474578151265791
56.011276833482107	1.834733648890035	-0.1947274082412544
55.55731789273915	0.072844306743840778	1.439924832677522
55.861373798387262	1.4401132407319976	1.0807641766047131
55.56016200946604	-0.21348881682983817	1.6585818190343371
56.84516596537425	-1.4847709076866404	-0.20131642980921832
57.016109946138378	-1.5457339406080204	-0.5170579245976159
55.831379386988516	0.31957920855292193	1.8686731773308278
55.699480354814064	1.5726373771801703	-0.39223063311652662
50.976228284409522	-6.9381792335201009	-3.1719111317249835
55.658976242972869	0.61061266123406011	1.6841352858922773
56.725119038726064	-1.8324267099325051	0.65648303001308006
55.988132542612234	-1.8357150766162751	-0.72888448477284051
57.283014427732184	-0.37475232690659938	1.9747046783636113
55.954738215240006	1.2237687785816116	-2.0759732440317031
56.881913875647413	1.148788587888468	1.0411233916051901
55.505624158273271	-0.64051022412310854	-1.8863939447990161
57.085922666574717	-1.3553416800304559	1.9701071785091817
57.162557887415687	1.2294138245712414	-1.4058119857635145
56.857665783025382	1.6634636857859209	-0.48688214162838023
56.92998472408275	-0.93991627282107781	1.5273441171614377
56.302791190469179	-0.12956986532943499	-1.8427942418401391
57.202069174090077	-1.4278043670568541	1.331308605396148
56.863565071523531	0.12604249376259397	1.7534549885718842
57.160386702040043	-0.4770902128668052	-1.7625810010174885
56.781190033449718	0.2080687257761337	1.8460203930910115
55.550258571101928	0.11652389486080268	1.5121657181906345
56.228610688279034	1.4737225111954437	0.11200075097037208
56.939492307075369	1.5017283951982834	-0.26003124183467619
55.707347025828966	1.1294465608720361	-0.82497123435387321
57.026521461475006	0.70000344200919618	-1.3758512439269379
56.174450046600924	1.8445224409063163	0.75498081035217102
55.628269433726338	-2.2547911125719757	0.18146438633141143
55.552879397418721	-1.7799645604020251	-0.60922086103443462
56.740423090852346	1.4193801159933968	1.5322496218478219
55.630637401019591	-1.3766541236813903	1.5771244115674319
56.852903312284994	1.4956689044791345	-1.0211417759406074
57.119508367677405	1.8535963254006265	-1.1096411059585078
56.482397519598123	0.00019410889916106095	1.901479518468701
56.106939506152315	-1.7284860739495069	0.91155872822142003
57.348327213292933	1.8690642524231444	0.14988222021456801
56.154040556153078	-0.031161083836613725	0.97635601468101041
55.609394750864674	-2.0482368856594726	-0.76300608960174554
56.46981174567896	-1.6790294570603039	0.92567243554018874
55.438287424860349	-1.5803434574649748	-0.87202658113753617
56.237588764309756	-2.2326842623515635	-0.16407113127292605
57.083172288472696	-1.6150880532152918	-0.72124290076234632
57.025623073702405	1.7426210656539756	0.028293777010768677
56.762595567390974	-1.3967729528217463	0.47302350801282439
56.443755844287836	1.9037974427432192	0.40944410119646468
55.348861775153331	-1.0215481663987462	0.97835121000151493
55.803445601299117	1.9471514064072297	0.58963336219926876
57.107107978760453	1.2058381328745718	-0.91278906236162227
56.172600102479649	1.8615498834624111	-0.08725284619947532
55.944349601959537	-0.28570064887539787	1.7680907628137643
55.253366184732428	0.18439262524485903	-1.4314803790654413
56.057224894362072	1.9641381838096696	0.31353376592065502
55.425313333016973	1.4650460101760141	1.1716887451992308
56.209592865650357	0.81822216041381268	-1.9618670859124618
56.237883598232095	1.2179895419665452	1.3461054028337269
56.552402940767379	3.2648182076570706	-2.3543731964048003
55.636041717622703	-0.617695797378774	1.2067831394980049
56.762767027194904	1.1498407640417001	1.4084945668315423
56.499525264064168	-0.11310274118094785	1.4119149165389904
56.259789864595639	-1.6165032873171867	1.2276564930248945
55.477143947382238	1.9413269219900928	1.1418912476745107
56.729115741858344	-1.0886666643255534	1.5938149654457792
56.732371537884383	1.8003881947953579	-0.10082370133383538
56.62505899922914	-1.0949651361695198	1.2543833508753917
56.597638844205804	-1.287537739664651	-1.5623953092033722
56.53661032702972	1.0039835751579065	-1.7964067765406131
55.840010180858208	-1.5438926819226864	0.36941922283925466
55.429151496507203	-0.059767442427315652	-2.3646288411828214
55.771031172309989	1.5319386874137613	1.8032357160407566
55.560066304929869	-1.3442658726589602	0.87859040388060305
56.755378236431952	-1.481246827171308	0.69858227236414605
56.170316208245382	0.76592059151429548	1.2682155481592559
56.042685385497677	3.7487640061395062	-1.3334957451317213
55.759470506134527	1.710273916546019	0.14957801948015911
55.423090193165294	-1.4142245008733603	-0.96697894388683181
55.670839553706145	-0.84173670596186545	-1.8548105099946097
56.144591158254997	-1.7387132570093937	0.80880504382177043
57.262293227912608	-0.89240489944239743	1.8670061516962377
56.512972989354139	-0.088663020627591127	-2.0054383008148551
56.155144448069372	-1.2151481309696397	1.1278034507163457
55.256031600491575	2.0808199518534876	-0.43404508930803981
56.964747715438442	-1.7113819048224219	-0.74354801679673244
56.238246140845867	-0.8729911125943175	1.2179924494666998
55.593083626630452	-0.5106746044521131	-2.0926592593921916
57.190051998312811	-1.5105040938451153	-0.83972385287058648
56.756730749573386	1.5190504307226489	-0.27680918189130144
55.634215689441817	1.1438022317012027	-0.76142197605674899
57.041410091689613	-1.8715045293520833	-0.42566445693476984
56.154158566388283	0.81474342290653678	1.6777149125969946
55.536785465385606	-1.3083440285953689	-1.3184572844834239
56.46130510476231	-0.46978738704984879	-1.9194326707345064
55.687736888611596	1.2830093828703448	0.87598256246744399
56.172421121174743	-1.2856401672729882	1.2699059642164843
56.490217325365457	0.44842853433418056	1.5836656136955538
56.632970059550509	1.507582848834168	0.84986126986544164
55.839692854318152	-1.1781215948461938	-1.041710518412402
56.397169718607849	-1.7339696028301546	-0.18095737833820771
56.579824352743628	-1.3165919021575994	1.2317342178445878
55.714723433229942	-0.24782806026553461	-1.9691505858807725
56.91916165324173	0.24395786573498304	-1.7689853190570153
56.39939379213881	-0.26332064123159399	-1.7938908382435756
55.450836763802769	1.8119648388437772	0.83364214474813192
56.782198996563267	-1.4631229630936031	1.4921883200153461
56.127812106722445	-1.614352486455469	-0.80327261250663418
56.547314857954724	0.75269244352479814	1.4262652779722154
56.942330269848902	0.87852723005382138	-1.868056264566502
56.001907931323601	-1.2614695697470666	-1.8339851433867824
56.513570052099176	1.7321362139324663	-0.3888646925885374
55.686963486775873	-1.3206674910437648	1.0713138126085409
56.422521270412936	-0.72447412755059748	-1.6676380828918913
55.508858390084235	0.60516625544784941	-1.7965729808018454
56.337132410007953	0.27316683640046396	-1.66564707525767
56.659343322102714	-0.83460923220591721	-1.6561537312534418
57.10825473965987	-0.89766895976137018	1.7139674761344845
56.730714685846181	1.4269548639601399	-1.1221089937937725
55.90521238678177	-1.6214715680300582	0.91805828091884312
57.010318941098149	-0.49292195079003431	1.1954474403869129
56.799336325394236	-1.5241944503928431	0.80588643923633785
55.923393438342892	0.029850214152457318	1.8673140233766057
56.15982848853703	-1.7460533216926808	1.1311627936836399
56.444834217989246	-1.8286135987165428	-0.64869383326346364
55.951791964576593	-1.8272203337852673	-0.44847120571339155
55.312391038556406	-0.9809842504031645	0.73341698438617242
56.435253649190471	1.3407741448216184	-0.12187140427041866
55.747833857354223	-1.5811627899189638	0.30393775075989471
56.942084566326194	-1.0334722124726254	1.1878646759530951
56.200393038155475	-1.595938680538495	1.4301638478317613
57.035147181243417	0.17571602920886983	-1.9578722882748896
55.426519016068099	-1.8905873269983646	-0.65711900843784887
56.915698288899044	0.4241500311744682	1.9447209603177416
56.163320750616172	0.43831694748781991	1.0046984363257578
57.039661571083855	-0.38157558138093672	-0.020623358765342867
55.700544436589972	1.3243947061091084	0.52067643591961565
56.957931183929581	0.76556108918535271	-1.570117865280505
56.15608258706429	1.0849010252048228	-1.5856146531253783
55.650257331803672	1.2861830526333837	-0.99584527743976547
55.734240835952541	-1.7160088037582146	0.34639146619206818
56.77750385254069	-0.40978631506652341	-1.4959980263887893
56.808213185832301	2.093443037868608	-0.44295183739395344
56.881945356849059	-0.68173938765846021	1.575252351516039
56.32986325878575	0.74816214614826126	1.4781980316385868
55.376039052391931	1.2883829644600076	-1.4065667091313558
56.010860945448826	1.8538335017718219	-0.057882518231932356
55.202139781042398	-1.6001913365201252	-0.80755506183243608
56.481575784843166	1.8916108174273822	-0.59430791205661915
56.07574551170331	-0.29153550284230784	-1.309522728346928
56.0025364751544	1.5484513410781828	-1.3641677329785256
57.11827675478326	0.96980288662562975	0.98320436009899326
55.359092975395569	1.0831114162577804	3.2524036583995066
56.543289130181648	-0.51335573020244574	2.0233021695696025
56.508869963945237	1.9933711965397456	0.26530176653555515
56.731560597862313	-1.3579350565517927	1.0455981782880368
55.866272570239332	-0.48542599922495006	1.8006216849092542
56.608719548981504	1.2699161054413877	-1.3420904861085929
56.651958132115972	1.2763008768568658	-1.5405759327492068
55.822461771576243	0.33230685180995717	2.0733166752110277
56.14775617600759	-0.56149223629409839	1.5281319421525268
55.656620009571682	1.0700605291493497	1.4245152825556977
55.476774021273819	-1.0650774776931093	1.2983135206880874
55.679637882618707	-0.15709644777597129	2.0411637843225336
57.186855058768828	0.70302396970120518	1.5732267779247684
57.091062925918635	0.8032635020946598	-0.47305194250917021
55.898161803972791	1.7802154309088609	-0.15164293271311224
55.543017546131161	-0.46651251021837087	-1.5036861296799466
56.0168058251489	1.177210516173621	-1.3679795508386696
57.071632537518852	-1.9760783514114963	-0.54415326448917478
56.615218095093155	-1.5363427555279259	1.1128489971249043
56.094582437481847	-1.1494889026977455	-0.78627510958955338
55.911882127956098	-1.7252290094292237	1.036137311115471
56.47085966319213	-1.1766318728251401	-1.2396543587856694
56.843780784014015	-1.6794792166079724	-0.13056014569655192
56.440214655051015	0.034848472438631872	-1.6116267572522101
56.925462217362778	-1.2681788954603166	-0.9529335179467745
57.289904414572931	0.67147495372781085	1.7600687022445713
55.51865775043315	2.0794589308633444	0.31002910884994206
56.66251106256373	0.96908499593784692	1.3950059121364693
56.59319011559144	1.6334613800692084	-0.07571342358995424
57.018195550752978	-0.61278823293953943	2.0397863475635991
55.581302585850793	-1.4522098656206426	0.48323531193575142
56.404957689187739	3.0158187215276606	1.0431485380738355
55.802146010502121	0.78791504916826971	1.7576750692156848
56.966316831570744	1.1107265008501626	1.145169333306632
55.965574936477189	-0.39224509837483412	1.4139466220854748
56.898237015736136	-1.4468762320868604	-1.2178809197186014
56.160996749704353	-0.47108665472435152	-1.7603706879417269
55.344634187479159	-1.7336315781497962	0.091038071029135262
56.803929406367175	1.5031268897236409	0.47645457208949987
56.10734789772976	-1.5373748923473813	0.3359236727931767
55.732460297187529	-1.8403245414736717	-0.20341035273235353
56.224604943128313	0.91688727451760232	1.0652773224016447
55.877421370614698	1.2749200786640285	-0.33984244116910856
56.523935379252393	-0.8859888917710963	-1.7136286658655855
55.293909915387708	-1.9588810560190266	1.3034481825383322
56.985926909978268	-1.3626443878460484	1.1871595480917305
56.383005574057265	1.731919861608787	1.1715715127194148
57.062123060166066	0.9484151467203491	-1.6790929752190875
55.748563125559919	1.5838097507524376	-0.50993231962516128
56.886183040987831	1.3005342854777127	-1.157841634176602
56.516109270630231	-0.82966343103935447	-2.0139218872286984
56.059340923392	-1.5721076934329303	0.41013749643181685
56.300777228583257	1.1476505739632668	-1.4184867300243142
55.306278964691302	1.5533142765905821	-0.23410003135539761
55.78904141499725	-0.86083083388938753	-1.6879547242073265
55.633905198116949	1.2820009055188537	-1.4699257334624545
56.114010748756442	0.19694652238497939	1.8392281838008562
56.72424686361795	1.8754981521242484	0.60521400325885755
56.45488231875153	0.89820796415880022	-1.2218505916371385
56.138138464993197	-2.1088813573545684	0.31310686360477052
56.311506511877283	-0.40871702425048773	-1.7416589394872697
56.633619433153761	1.4712379686035153	0.96123398658587866
56.043043484062508	-2.0434293026695158	0.049896158435219176
56.455699640615336	-1.1342499806782522	1.1436811794847259
56.695644586028536	-1.316059519419249	-0.21267376126489881
55.432566412512017	-0.57329588836131951	1.2407161557230078
56.925259146178249	1.2111321642738067	-1.3583027627524875
55.274832561202409	-1.4914564821293845	1.4210585935600859
57.27797831531479	1.2249630073233655	1.391143556167324
56.824118419299928	-1.1350484993388059	1.3158459803417024
56.955103394948217	-1.4587071025957579	-0.71093936866415175
57.039812422887316	0.93147537785674572	-1.8209571764568389
56.53346924116515	-1.3131988474678806	-0.25004992795569225
56.344764920716869	1.47167281028731	0.74299169981617019
56.306148574766787	1.3709455269407942	0.9439290877692762
55.752901902816149	2.1772591938034096	-0.61196271391758272
56.61147458087828	-1.6581903470991257	0.73001187524565658
55.679244422108461	-1.8557226825320563	-0.70823582059372514
56.440934366736528	-0.016624206799754761	1.745063046288269
55.99887875029011	0.69727479531461367	2.2655413553215533
56.875556339020726	1.3865893588459834	1.1863824867740411
57.065123932817585	1.8251053908259127	-0.92167440761200348
56.65151413880217	0.39918364520152355	-2.0714374044204504
57.042741651615657	1.8445324028002905	0.031178817568948268
55.846369398457689	0.75053654924681423	-1.7696626488488594
55.518563273197131	-1.9741370317900606	-0.66640859613883296
56.836117300595127	-1.6129707334163812	-1.1466526742973318
57.172177083384845	-0.49064707158014664	1.7004969456874941
56.057677974606278	0.72326742330639515	-1.3296568092623611
56.297177035917414	1.5870565559351131	-0.60094156193420167
56.364097334180698	-1.2147935987062131	-1.5114692577042126
55.51967344104083	0.3770481920152185	1.7970483407180149
56.564192339239007	-1.3682263727137183	0.27963941595724789
55.58158596353168	-1.6917171924155818	-1.0237916063689569
57.057343460798336	0.2254459408749126	1.5803964176169008
56.164885890782635	0.53994139006602115	1.8317085585291506
56.702267676186942	0.29555512320647909	-1.7795922917765847
56.000568186438684	-1.6803331929406493	0.84116314793215907
56.860952764025946	0.9546124135258276	-0.24268444042915607
57.159520090006666	-0.84614988076289743	1.7436581124357022
55.784650430055436	0.044427354808154247	1.7924324806355074
56.616134858279757	1.7778275592117778	-0.32167664429376636
55.71144826178547	-0.91250668171296379	1.5868770615527876
56.072830235671383	1.941736606277612	-0.49129442259188966
56.257020179253928	-0.34954554045718861	1.5472037977764723
57.220331766372979	1.4181149422960426	-1.2154971611704419
55.608202260347596	-0.93598140907006055	-1.2738562288881174
56.414799398389718	1.173845126549895	-0.85362595742923231
56.234100741726571	1.1096236758239546	2.6496341197744382
56.723130032557918	-1.2852554572493669	-1.166909489882703
56.340612921220092	-0.035007908809213853	-1.120490977280348
55.73060285145722	0.6040871579024425	1.4515544597849672
56.799651691993411	-0.34944973814278757	1.5953634853934076
57.151400224118909	-1.716708725420194	0.46322169080466785
57.091821546755796	-0.87994819220372356	1.2432644052710304
57.324156977610009	-1.4516598399188092	0.95071344909870603
56.480784911467076	1.4392681372545497	0.36433905266186167
57.057185263019242	1.7851610294116467	-0.38140599897484273
56.58480859931651	1.8384697840972271	0.11215995780774436
56.357250324964376	-1.5359544106871437	1.1618020245081964
55.887881736631108	0.92699801647492741	-1.480842052795305
56.752266307671455	-1.5530125060214921	-0.16361433439141754
57.208641920442318	0.41340904374334769	-1.5748623716431438
56.57763527183959	-1.6539948821805375	-0.27131833902250868
57.067655092623696	-1.4982117554955328	0.98295585181228584
56.502811326702748	1.6808178329756993	-0.72961269735254586
56.135039431637253	1.563015674513657	0.22787753070565303
57.197272106531827	-0.18808023704616561	1.6006533492930124
55.600033015540966	0.36460447808752317	-1.8717433997595869
56.570040289064259	-1.573568812573549	0.011184994085958574
56.873485179437843	0.52107158799987419	-1.865825667070107
55.295214221884436	1.6443046376910293	0.74829676813764168
55.2811824395786	-2.1091799087994705	-1.3651077324428873
56.5090985495628	-0.86287047467286515	1.0769501912790045
57.15365755969124	1.108682388269242	-1.4122861595880207
56.407589625526697	2.2440298577515727	0.96889984596460377
56.832065017928933	0.29212409163618974	-1.5335214043938614
56.960771439550101	0.68074028704573319	-1.3625684754815195
56.698836742533544	-1.387088229652863	1.2365096902961277
56.815656226074481	-1.1409133056452712	0.40203776096369337
56.307285349749506	1.535595985731057	0.29370450148667276
56.062124765048281	-1.7254740004722482	1.0819426452989025
56.132755703812506	1.959691131941824	-1.0523117723857855
55.737167218791114	1.4736815999985471	-0.95108271832492219
55.739610165616469	-1.55482305236024	-1.0732815338327182
56.561691585389809	-0.27993980283688291	1.9878980635002943
57.145939962670226	1.0031774826249673	1.2231427707495937
56.002880621414398	1.7604554305941762	-0.5005868434696038
57.029795828278225	1.608514584031886	0.78276656627964636
55.795644084423238	0.39702526197192806	-1.5891143334948497
57.107003726877302	0.97230626558135902	-0.86091293664569157
56.833120363073547	-0.6087181706277468	1.7120995731479616
56.586875722936107	0.34427891157218904	-1.810559561044303
57.156420386699295	-1.5445608190795137	0.23838797521361579
55.484790722123705	0.27595690953893204	1.8879316704973728
56.317742952085069	1.6365017372670261	0.17514207181188027
57.138903084004824	-0.65973673539894362	1.343888555404015
55.608294303007987	0.39935217764990949	-1.5297721534654722
56.989259213810278	1.5386121708246854	-0.6856479055346808
57.271368279889856	-1.853792674047501	0.43008492542328619
55.476732188976747	1.2433284049596391	1.4010716312114855
56.828834900172765	1.3610640086230807	1.6385828480320175
55.798628500414303	-0.31520027124734784	-1.0484564521433641
56.541059658318751	1.5383425903398491	0.72464440382625273
57.025552196360145	-2.2164187214469502	0.35115080455221159
55.497451571063074	0.92572974066882618	1.6003458221282059
57.241853386401907	-1.4033641665013792	-0.73045521232314936
56.32257330874625	0.47867940061083053	1.3786639298594923
56.019010284233858	-1.7014649351129598	-0.39351951643341138
55.620872995678042	1.5128446119773926	0.46655360136440233
56.069271283404788	1.8293914460068659	-0.04367607830218688
56.161607102384899	1.6573835150601364	1.3581961171141415
56.114699373591506	-0.44557531096934905	1.4251183981158815
57.272172986890183	1.1036600213164234	0.67009262022843019
56.312620803000421	-0.99595908625433172	-1.1128245572576045
55.926483510811416	-1.0621123863423241	-1.7353658302295192
56.538893280410541	-1.0538957569609819	-1.2425510925339924
55.500050928843052	-1.916385980889616	-0.21824846823586022
56.103273986505975	0.61034321967324223	-1.2588895593547551
56.572573632213434	-1.9470033224436218	-0.0039328071961652654
56.780578071008655	-1.5242621102983196	0.98289256731466523
55.630043946408307	0.040393679718483316	1.9390961284193571
56.19780413067739	-1.7811066477365671	-0.48739092555708269
57.166894747632256	-1.3978563383347629	1.4879991439380755
57.198264541908109	-2.1763170737411697	0.50046732751851053
56.808920787388914	-1.6909761201888667	-0.78680398224793635
55.494393622464045	1.3029192150880138	0.5344329708716038
55.724864811599836	1.2207888247737466	0.99037918892450116
56.857625539757862	1.3909350482576233	0.76310166231107512
56.302584102397986	0.56082517478049887	-1.6520471999326387
56.542088362765611	-0.22798907294396742	1.557555892270361
56.558763010850427	-1.5331232587211447	-0.96643117770680154
56.316305656160779	-1.7859224620992644	1.2102961437289308
56.65994030297653	1.2681221128058577	0.75382768762253904
55.960771044243735	1.8481532760604777	0.042961272066363375
56.466626981717837	-0.89526080482956716	1.2334595461775626
56.629109028637366	-2.1521065254046277	-0.92395855573133723
56.049804363829892	1.5069094965823182	-0.098449377934018437
56.491529450898518	1.4512046628672395	-1.4573159146925709
56.021017556868657	-1.3209029154779954	-1.5710097839276282
56.382660748985181	1.4041683206492193	1.2327699926367228
56.708504332983246	-2.0245845040490473	-1.0055307865778511
55.560432676735765	1.2325303758025805	-1.226107031682802
56.06240358462621	-1.7459355773231038	-0.67216251660282345
56.665551833664878	0.68004172041658484	-1.6970839749419733
57.109376213280775	-1.1314370918909562	-1.2371305027206503
55.474290464579056	1.5862564567366264	0.43091550890794234
56.299329707541709	0.031421360296246093	1.7729621835482139
57.147856265341623	1.4828703716377531	-1.3792945391334226
57.233217650386713	0.39319754536187229	-1.560351285312654
55.896113690306379	-1.6440050503381105	-0.82099744209750836
56.59478979236134	-2.0967957491357585	-0.72602747899978659
56.395379526775592	1.8388343057008489	-0.44174873227745864
56.483795359446553	-0.66631181538510698	-1.6295686953365018
56.351194713826253	1.6760872626132328	0.072957601003540762
55.45151299131372	-0.24670748429010408	-1.3185421072075791
56.414192896666279	-1.4229543317038156	-0.84322793583587963
57.335622590550685	1.609296355799017	0.23392666761991474
56.961261764604593	-1.7306309930804453	-0.58993223897473879
57.148419613970262	-0.83991553220506177	1.2434724673967117
56.042983476813312	-1.2435165084741377	-0.90857702881653579
56.671988548096252	1.6477335556687811	0.20127184609977086
56.218908939411136	1.0513424707494823	-1.1105875753532191
56.684201441985756	-1.5335943234527838	0.77188024013612166
56.655177093358972	0.43247144030424056	1.4214814752326355
55.957029313831818	1.8500499037047737	0.39133479288025996
56.804230766092459	0.87536002739599583	-1.3086578274288745
56.030519334584888	1.4451069398385907	-1.0083686182824245
56.99766485527995	-0.25111153653829593	-1.4533498435909074
56.377722026197517	1.2068626126298827	1.4774294440263327
56.034425205258927	0.84977387763863654	1.3156917940591375
57.089892706569032	-1.4569642491938564	0.38756659654550674
55.725280429265801	-0.51904769422989094	-1.7378958899584489
56.466612688476864	0.796857875274676	-1.6162425289471778
56.886460604521012	1.0737560586707489	-1.1369634667974267
57.184508341454318	1.4914999811843725	1.0133101922414134
55.185785319181932	0.34421139662971301	-1.6397363494740291
56.339558404091861	0.0605447272736689	1.6092946987237664
55.420271377549248	1.9244970834104593	0.16339963442438521
57.133646970507655	0.26008604633951204	-1.6880582713974666
56.753280124772594	-0.98095703118100808	1.6232659192762346
56.54836622522383	1.8381241043956307	0.45195218942804599
55.723229812963972	1.1718986204556348	-1.4030944250732733
55.693680723672529	-1.5301267414725186	0.73686210782915706
56.358606276734641	0.086659867971683624	1.9798914001220314
56.370853562839507	1.2801220447447017	-0.56635596920985321
56.961358887678671	0.75356336819422687	-1.4614290004349362
56.769015345554976	0.50538329179512909	-1.8433149583055832
56.313694967340481	-1.9323297687891476	0.38868469077927076
55.427412922108999	1.2667103574522638	1.5192088585061791
57.048613139986728	-0.81925257499070869	1.2961487518350154
56.550493653603638	-2.1749836463085375	-0.0036105164552098779
55.718042669516265	0.78913721104819545	-1.3384963336921305
56.492370370639563	-0.60674880627026373	-1.4900712314253903
56.580722490657514	0.42751194315411933	-1.5218686492315388
55.69560571564066	-1.9398116390618321	0.19610315351807095
56.074468417199284	0.37734268116284564	-1.2182570394987864
56.235338378779744	-0.079313069115973259	-1.740505793540617
56.248543442314649	-0.38649146166453491	1.5168102171360178
55.263519985279835	1.6883073270785625	0.56969791820651672
56.615419790948465	-0.072022840832485446	2.1229648857231438
56.343764944744265	-1.5264539559639996	-0.63432570773954633
55.459266356094119	-0.054765915819747435	-1.7592574879832528
56.415040460763016	-1.0151903974211647	-0.74333802627527545
55.581223931430458	1.2988166781811776	-1.0788238704238728
56.777399291954907	1.7342246393002985	0.083616130697979171
56.290514840900279	0.39271211283154006	-1.7971863261312702
56.442665738175556	-1.0931284935509731	-0.96477960573177501
56.402835000761492	-1.6608910191995194	-0.13682374524515628
56.509202112945616	0.10254378291071521	1.4295103491591179
56.684388840099778	-1.1761665181975656	1.3270234649677337
55.554835859276068	-0.30217121886469611	-1.7589802111121151
56.925929214063352	0.91622299178886857	-1.4298708374467854
56.366754306222269	-1.1485398362880452	-0.75111977723890866
56.79987200792479	0.43545896102034831	1.52635482074188
55.769693256935845	-1.5690908105546297	0.46158739268353455
56.383457693181668	1.4899049970670417	-0.98332420818189603
55.37411357387078	1.0641807865917579	-1.0089246752377075
55.887208701563331	-0.85028722448146177	1.1334876653621522
55.932940690239462	1.2521326698490716	-0.88771542443572193
55.40811621465911	1.9503240257033689	-0.28839672820078943
56.749134386475305	-0.68593966310315946	-1.6743088372809365
56.421382917464491	-1.848372428218207	0.49518480968601464
56.596141445117858	-1.7681573884470176	-0.36588661364989017
56.083055238260002	-1.5062779934498185	-1.0290462708170183
55.227094536611673	1.2594833578453895	1.1538349855545345
56.182521835890931	-1.8536513120523486	-0.24518217652675531
56.910045438534922	1.5824007646492455	0.81902716941551101
55.933369879130119	1.2318172871272086	0.65650526337775428
56.033298728701126	1.2366459106925245	1.3693723195325946
56.036176228240393	1.4392788295743937	-0.62877903648222
57.030037542258704	0.60027447976717663	-0.57692397248569849
56.265886698520944	-0.48724896766750031	1.7374262500618252
55.79739426882854	-0.2069926779816805	2.2069004098674219
55.895877079226288	0.27438167239468714	1.390255574956625
56.612147447614234	-2.0886985758184107	-1.1915047456609527
55.791184695137453	1.7403902659609214	-0.69277626922520519
56.146471544249842	-1.3468931388896304	-1.4820655118667792
56.193943363150133	-0.37768181576715631	1.9645921572778
57.113244098271821	-1.5558239355417711	1.0668766226793145
56.98114348172809	-0.1914900371468912	1.9934363802988562
56.105559504417819	-4.1293433659006356	-0.6695202458040509
56.669351662630866	-1.213144838907122	0.95642853553971541
55.794177710975326	-1.6960101287454801	0.40613477847890023
56.323625077321417	-1.803017058954008	0.6188913796469746
56.863866839502414	-1.798865576096959	-0.47325933588231744
55.915801304922972	-2.2230138733573823	0.30546532565222351
55.487666483656817	-0.95314030735544197	1.4524683887671985
57.210117265764815	-2.1179283995338762	0.26495536357059973
56.750602582287136	-1.1832641317543493	-1.1570736414059541
57.114792406607613	-1.1231439795962326	1.079125888559364
56.680266281499492	1.3317220451323877	0.75523720200626709
56.669044578927739	-1.1014304639418224	-1.5468952157522642
57.266830444448111	0.66643750276485736	1.2705800852926874
56.37961588805495	-1.5878450531218602	0.92142303056658081
55.855271463843287	2.0306399665427719	-0.19592860299454354
56.502148562832978	0.68601002298914271	1.4288391091853423
56.983167277231694	0.83935539961117922	-1.2290631651623076
55.420195608567759	-1.9181346137861981	-0.74787759539978971
56.300938965942038	0.37492237940060802	1.827709656235496
55.921425315087198	1.429394436405296	1.0499090678716643
55.94492679814546	-0.95995147365062972	-1.3795962690288437
55.755343488306977	1.409091405340509	-1.1764907284622566
57.243260622480264	1.0290241950352887	-1.5116156721733325
56.421126244547644	-0.065513415469427669	-1.3179296214455922
56.321867284118362	-0.2552566969136249	1.569206127784289
56.756103784104106	-1.8819938224237234	0.26224492357207563
57.202484923472028	0.75666735488866266	1.5311965103065479
56.3228642285207	-1.2461733202873333	-1.000712814082517
55.639917635896097	1.8883412454973592	-0.29613552573382596
56.726613785582622	1.8536495391342447	0.50119181522554168
57.369883137398766	1.1300599045694373	-1.3089468911803239
55.576162828572372	-1.0378483593841539	1.6586012587650882
55.507687358403935	0.97069388934505063	1.3148317049575042
56.599738047682372	0.51277514679711467	2.5730598623387269
56.897479055326478	-0.30339480069832203	-1.7928025892538175
56.721793514851861	0.147203761287861	1.720029193855976
56.961224317768718	-1.2483295184119616	-1.4287748290167042
55.234523995437812	-0.36006235945691212	1.7920055382598887
55.897280712838104	-0.77077704034817107	-1.4365174240751328
55.424632535230231	-0.67555264386712977	-1.6783422508049881
56.918196899467894	0.81841131641143594	1.0745570898437822
57.10932868558978	2.0077323387654613	0.81157892079046068
56.035779669084086	0.72562683979879017	-0.49160174431725812
56.523672395277316	-0.88620734018797731	1.0276747958165096
56.73218889610434	1.4793952509950548	-0.60104330630851954
56.11184964855596	-1.9892828550633423	-0.40732923520119796
56.84953367593171	-0.92086607483163141	1.192666348650014
55.58132238162748	-1.5710898171757643	-0.74629761849836218
56.689345352427686	0.26255874436778071	-1.8325758435554227
57.057734443176919	1.3525514299526171	-1.3403529820721189
56.777634736502485	0.073660683488892639	1.7000757717078401
56.587392341134631	0.84878141273940677	-1.3034161007669283
56.668257577522063	1.4470055392350061	0.95516013433028502
57.128655681252937	-0.36394290965020437	1.495017109379275
56.531376203681276	-1.8148924032070917	0.066886124328547264
57.088395650700789	1.5308019032529545	1.1147549497098885
57.215231095471182	-1.8265677275060221	-0.40395938078988192
55.498617160435671	2.1505083898300934	-0.9162326218795589
56.498186442304309	-1.3995581311194114	-0.64374234962089438
56.700336931264495	-0.59924842827386626	-1.6368163639624109
56.547982516462362	-1.4187230867540652	-0.80296828958649191
56.470282865760346	1.4959483538194351	-0.14679878351988956
56.317470113218029	-2.538222208622456	-0.035795972153518131
56.58993399775153	-1.6563413176312696	-1.2175289106410696
55.408689414956811	1.0542458379763879	-1.8862735029839421
56.463027044724697	-0.29854604492359404	-1.9653323457387264
55.5450655642382	1.7312078816765277	0.90207523608415086
56.612007957987437	1.681166560831179	-0.71541537205155592
56.722446513044346	-0.92654396056446431	1.5699034372717036
56.874081808044011	1.2009935093836264	1.2273153621371478
55.550007863522978	0.60312646160638728	2.2499938530964547
55.936793081718946	1.4605613818432601	-0.59789747541438976
56.393541053137653	1.2951003070199187	-0.3953103791226214
56.141391970427485	-1.5831181544574586	0.033443124101793641
56.510004746161236	-0.54541760895248936	-2.1348915718383128
56.308036907754477	0.46903529587204879	-1.0909347479089129
56.061050574727979	-1.6557916542154985	0.32523931909616111
56.984801064066566	-0.10737681677527069	1.7303798185109267
55.744107833139743	-0.83817271205303978	-1.5185940874613326
57.024331357593248	0.92593190847549967	1.7270169924203427
56.652728155390911	2.3049320049302033	0.15480306320225612
56.928513031813871	0.17332973101847748	1.9275083156411659
56.625823442043156	-1.8691473978824245	0.49794400802240063
56.777268596205488	-0.98574216452616747	1.4698828215089308
56.162418386205211	1.1337182534696797	-0.40564473996428124
57.152334729353115	0.88461489935016413	1.6062248954151725
55.704077246961333	-1.3556975345631357	-1.1573029812092126
56.25356471323493	2.0249784642910225	0.4121454468160759
56.835679516984214	0.78316522326941851	1.6869673845075441
56.943851816317434	1.3605201259300095	-0.79843425556670722
55.561172307226549	1.5518286830551284	-0.38172758297868975
56.550974592979372	-0.40906332588008609	-1.5643098490026126
56.9779935201461	1.4736854228485201	-0.96200971526073442
56.346514288749553	1.8326167089417986	1.0245084127544932
56.977780512717878	-1.4791354610056533	-0.30594629515446292
56.738027275117162	-0.8647027694203876	-1.5787331477358986
55.768669118392481	0.84875929804622563	1.68496797980707
56.005774162041902	1.9093789369543461	0.29431999524220392
56.489371363186088	-1.4480593879996939	-1.1856589105475384
55.652951092257013	1.0225367913044703	1.4420052806221482
55.742560359816224	-2.230704889754846	0.4419007876305141
56.332369198227475	-0.48817845924115932	1.2348931841734025
56.636819108830572	-0.46395504624732509	1.3592375580700524
56.56019090335942	-1.7555997556808958	-0.24404658035180546
55.211215741053735	-0.42637183738234535	-2.0132804534228677
57.134535733666155	1.4433344162267279	-0.69671661742131719
56.228397912160332	1.9143951249119413	0.63087069158420839
57.089758355972613	1.1386152466765072	-1.5643025121549938
56.383052172951125	1.3189602216328686	1.2112742667620773
56.708539639378905	-0.042013258432478107	-0.48429190742886324
56.30589236878135	1.3909481310365641	0.45444218026914962
56.348857648151473	2.3001407633571964	0.081275461054818657
56.937186973597314	-1.926250988305402	-0.088035031591167642
55.188982494756161	-1.1368328029095334	-0.58317322741622857
56.24873414416686	-1.6453126011432277	-0.91521120334144201
57.240718010815911	-1.0066800548974189	1.5071145594894308
55.593605151876751	-1.8372672990670285	0.4905701676762706
55.873086327007051	0.18110645404741166	2.2886325328925614
56.345466689378725	-0.53194652861756464	-2.0924904115531806
55.822790268326941	-1.0515236879272338	2.1411598339207751
55.687288395431807	-0.50118484303161071	1.4333293152091626
55.404113987457265	-1.6815921697766234	1.2742412467073985
56.423600373552155	0.67472602526551062	1.702846848046544
56.159402746507865	-0.37268332226659001	1.5777672317339848
56.689066064148001	-0.0070812985118284657	-1.7023171166698003
57.044605501978651	-1.4987015776881516	0.87906388401839386
55.426142530549406	0.51313985426160436	1.4865029660556339
56.065408073806303	0.10725656183561341	2.1488644780104393
56.73515313646061	-1.2258758480217908	1.1723234898989696
56.635568057593694	-0.80843048575757592	-1.9509927971681413
55.341450480161676	0.83135965186196237	1.7364932287942818
55.673850589707662	1.0032975602850269	0.76625719311555096
56.282365028106938	1.1591166550876935	-0.97284200736973492
55.966270786204937	0.11736054047642952	-1.7690605563147777
55.814867921139054	0.33029721812647878	1.3595954657272271
55.490460424269209	0.98876758568004486	-1.5055017306865268
57.0578889524771	-2.0036156657318611	-0.18500524570836721
55.37242694473467	0.045691865823973631	2.1498062061283592
56.778797898957357	0.85009923195900672	1.49969346172271
57.180037554486546	-1.2601496184949545	0.19697648439455051
56.29221054057264	-1.8626017495275446	0.45649264674960105
57.18647561658063	1.265970221886578	1.3387021670275217
55.434831172089012	-1.1917849536808685	-0.86959094396537207
56.907100437890684	-1.4217061738859282	-0.14905926940437969
56.926753041825187	-1.7714127101468244	-0.2574864593194694
56.570903396453012	-1.0191449521347791	-1.829305812541004
55.542224188016114	1.8218963388794303	-0.56306605820468558
55.230927579214367	-1.7154899452896173	-1.0267421334794338
56.254061771045478	-0.30449090856216032	1.6828004712936555
56.852520580785914	-0.26159941150851795	2.0384524853956809
55.637315045113247	-0.89706784895948855	1.5901613671102737
56.310233914081749	-1.8879677180414223	0.14917080511870484
56.696339157937118	1.7259553749715468	0.056646182293474595
55.728355529454753	-0.068274114721110571	-1.5808967860768386
56.038720924134701	0.98352581317900289	1.2698290497208469
56.998363918099734	-1.5314090107863663	-0.95876490602877518
56.767690801583747	-0.39218081179353764	-1.8953812443263192
56.203634893923699	1.935764080715245	-0.3917087130510058
57.199182391769185	1.4212164237887637	-0.97050117671321989
57.184263626650285	-0.44026828434846188	1.5973438329552576
55.367605166425776	1.201631587481828	1.1900790156615573
55.287332063266227	-2.1702183549484952	-0.79369829494752908
55.821764335297409	-1.749371008346994	-1.5257485901553764
56.43021643771403	-0.78627808746512717	-1.3770526547016511
55.904222338655913	-1.5250300960920151	1.0111605199328562
56.34331019483038	-1.1433249293626071	1.3200370179248777
56.927868513111363	0.36655260345619062	1.8766552456225012
56.099484279314943	-0.62552749517021511	2.0022072787370715
56.171761743021158	-0.66810621473732479	1.7674195937426191
56.86277506521882	-2.0545636395246594	-0.69933437848870705
55.677689983909993	1.3785979015781593	0.6345770159396098
56.682317975007535	1.4879518023931135	0.024959230018152062
56.017941848372629	-0.90986771232487862	1.5181319835752856
55.507185227578034	-1.436451228670474	1.3081110320052538
56.860686306635522	0.9409533072037195	1.4277410631016023
56.677892852705568	-0.58006924069220389	1.60862621583001
56.666546371829398	0.95492387409047308	1.7523812589421639
55.55497447726394	2.5648721179149465	0.31722911937004794
55.260331086032444	0.58679681969764652	-1.9271690389498846
55.672665777060885	-1.6524123664743759	-1.0513259731229287
57.041538610952159	-0.44416061196955725	1.6964082403188809
57.309952700932456	-1.9117774007205803	0.35875890834955948
55.946866086280401	-1.2690651423875712	-1.7034849005603061
57.060604287148116	-0.70831471257131118	1.8025984184910897
56.646294612638741	-1.876871581493271	0.39931165766204824
56.684860219201383	-1.3110142031318128	0.34834997135066487
55.936811608333002	-1.2868472575328016	1.4498510587110498
56.370691639730914	0.3796199772684849	1.9108017834416606
56.079936678734221	-1.5453347672848639	1.0507856634544397
56.759560559923095	1.2088139566317551	0.96698430963682347
56.447072713871421	0.15056983802852747	-2.0214688692415361
55.735056075374352	0.23247682484332213	2.4508730020902436
55.718874000315623	-1.4466799591397492	1.2799539364815884
55.85779099964158	-1.6046100752259089	0.52308658166839173
55.910115086543321	-0.87639198648260974	-2.3243986330926361
56.930787220825799	1.5185047159029144	-1.0102466277079221
55.605768294904394	-1.1166437398086992	1.716853259004681
56.263400210656677	-1.6410737467805074	0.37947378809555271
56.791921520604767	1.6608856754390082	0.14772939707498278
56.201196975944676	-0.27321949667848633	-2.6548079340567678
56.027048440652877	-1.7421076131462552	-0.56009562581969119
57.208323444349709	1.1757912309088985	1.3950637897418858
55.197583574870933	-0.1821390127583066	-1.5449734568843601
55.603150110021275	1.901642186996144	0.54176308857338795
56.005741349274054	-1.2355291000637605	1.1663757411179294
55.914608320221689	1.1902449549258516	-1.6929991470301695
56.869159888715778	-1.2749405120632968	-0.68996631633205552
57.324418801363535	1.3572923662490193	0.73536465890979352
56.438406414932608	1.1842995614867917	0.69127663300830344
56.549839966307268	0.5811166868394998	-1.0649408900937076
57.034912824074127	0.817921886831389	0.79456093947477457
55.565018919108851	-2.1235812252661628	-0.2460565814348942
56.266668998732371	-1.4865332719813564	0.074202892828886202
56.33487118308949	-1.8871837025388718	-0.16504881756190221
56.666211712077342	1.9658703327025813	0.46795313242011721
56.099275746868734	-1.9674879368470699	0.85183221389717778
56.429310865163757	2.0696061825061851	0.40938328399558938
55.591964809201983	-1.3326605934862354	0.064905526649013043
56.982090688791367	-1.744770652080565	0.29133418491150587
55.571547514099514	-0.22374030117490185	-1.6314187321295488
56.055846988702918	2.012797002756451	-1.4471748227976855
57.110654549129563	1.6654161812705022	0.0062057615261995403
56.751814388435648	1.5462669322171161	-0.018509298004819878
56.974427670127739	-0.25373614265321381	-1.5045024490616044
55.265548000448518	-1.6567775366753157	-0.899813115786255
56.161589593884933	0.0040385136991492555	-1.7355787171390611
56.234612097466979	-1.8897408630434276	-0.31604450215663604
56.940539715227551	1.2521993043519404	-0.90728467995583484
56.991981107093196	-1.6479087588593484	2.3701306150031067
57.098432254561502	-1.5284269982979009	0.71017431359304428
57.158545527996651	0.73452139076701806	-1.8494739214739568
56.417283450868943	1.8880518239864197	0.17105378610611485
56.077669853264126	1.3559388951670597	1.3487551904053641
56.871544889664847	1.7459402746894126	-0.089368185349944396
56.512712469235659	1.1323972814351095	1.4397477658713744
56.745701179354725	-1.6913646468505199	0.93427413911965829
56.164188254331492	1.8635579048200921	0.59138986030473795
55.273512620645754	1.6574602335803708	-0.36608025359429913
56.494403316871491	2.1478224148851512	-0.17692020140677187
55.916082035586982	0.88654337586432519	-1.501555288483118
57.063885166287619	-1.7265190648501043	0.34896069601876473
56.316984185917669	1.1196165432663769	-1.495619551333919
57.004820698151697	1.7765236213504145	0.50059290013403057
57.015458930056901	1.2802930010547935	0.10604047826693572
55.553284469788231	1.8799574906022896	-1.1194582907845558
57.039681380738386	1.604076398663062	-0.86611194407257985
56.544679126512818	-0.30146936788602202	1.8936514973414309
57.110707898947354	1.1118165875823245	-1.2203292552316907
56.782709045639528	-0.56558541612676017	1.45775537722728
56.251442784523526	0.2968460639311396	1.8349927383630862
56.907712712714968	1.8700583896173153	-0.31886543690168018
55.97209621686207	1.0442322825657002	-1.37096705196519
56.953711869819941	1.7210743475879697	-0.75836990973590679
56.050619531984857	-0.54601587181810007	-1.7133379484670261
55.847143304057788	1.0772111968227183	-1.1232948896040365
55.837428702690076	-2.0172684536529046	-0.34185476630975337
55.558817384071297	-0.033485412535328836	-1.6393090454036536
55.291875640499669	0.040435841094639269	-1.8767146052922201
57.04055676711647	-1.549177179035226	-0.43936110219182356
56.879844568192816	-0.84356235445961203	1.5996391214209158
56.562952862172324	-1.4984764989296719	0.59531329186393345
55.62267922707229	0.65838759385744927	-2.0853115672133096
56.761815368370669	-1.6811840954442743	-0.77737837915612706
55.654485889435804	0.27206078950388446	1.9771538823749637
55.724002650741205	1.0011723462204642	0.88560874955473856
56.13653160271857	-1.3962608678680994	1.3269415008327681
56.455210272039025	-1.6799165930303639	-0.92051328042367309
56.459741673270081	-0.96246852956893747	-1.1249186165222325
55.800259290853276	-0.54059609218096327	-1.8603781099937871
55.607847572362282	-0.55454623413017434	1.523746098692478
55.365732018456342	-0.78374883413064578	-1.6523135987715099
55.725972428501066	-0.34762692948330548	2.5999323842377238
57.015102770210056	-1.3743232309532576	1.4073005344136273
55.53485715981671	0.50411836806876853	1.6772607641283945
56.082827472268853	-0.17816380163498899	2.0317924712584472
56.003572103846011	0.57472231451651168	1.8153320600767575
55.58991815499401	1.2626016534613391	-0.51230221623818051
56.223367349382578	-0.36363672706526601	1.5436331548338627
55.714150639037051	-1.0427002354374553	-1.3633557987519269
55.961364001890161	2.0873565426760909	-0.36655154312298022
55.453385695952832	-1.4366919338651367	0.34018943008492192
56.391986443550394	1.1699651915276001	0.15935786003429411
56.321275041298087	-1.5050977446071019	0.61711681927032869
55.927611454717201	-0.72740120485261273	-1.3863441276636486
55.137339242836973	-2.1206719493375807	1.3118391936879392
55.334458030697718	-1.1089531223490168	0.71044894003253123
57.021986400075072	1.347599221003555	-0.9860408810502963
57.214906174775471	1.0890336109791998	1.6199882231541523
56.445562207879675	-1.5871114200340883	-0.62005922287385073
55.593229608619723	-0.39128729400913331	-1.9037998713133018
56.249927617276519	-0.57144942487715988	-1.9943417152321736
55.409939711583029	-1.8597636684474703	-0.32533255427791763
57.047585878951374	0.29693692375538533	1.6869431996537037
56.588762708675084	-0.66621296114714923	-1.4502783829801247
56.299379647624356	-1.7916912576959465	-0.88531249711308302
56.317794454819769	-1.7038442561338287	-0.82663136014632033
55.999635847556888	-1.7242131140586028	-0.73326610536244197
55.385354634371524	-0.59778814638917299	0.56288048251676503
57.034358008959835	-1.0684041255194012	0.13853125597415755
57.0611373992664	-0.87038699491249649	-1.393853933514221
55.17903054236465	-1.8549884102430085	-0.65560068389761483
55.664531155158429	-1.1224429322460523	-1.4748841173556686
55.951424435197147	1.6949835006790583	0.44164674444341429
56.605257704299298	-1.3457896372025964	0.89891574874008862
56.995709809021889	-0.71280782936871334	1.6755254790775507
57.126476361301897	-0.84472835754002806	1.6914510801249063
55.598304330880005	0.75339220851667388	-1.6885133968035455
56.910847485960367	-1.8009698378474666	-0.57450248246963986
57.142433706163459	-1.4810210307586515	-1.1568209326413639
55.915406090209153	-1.7768020903980897	0.88605155671101476
55.32043994422736	-1.7244600170586755	-0.26310726992404077
55.342250180613725	1.3575078872514037	-0.82584070678232746
57.128200226481994	-0.18875859881552154	-1.6932308299930721
57.222936344582578	-1.5637911623079384	-0.20369446673087266
55.982271731695043	-1.4083238674784244	-0.39804847296094192
55.789237705365757	-0.52462634061389313	-1.7347177056305649
56.758685147491057	-1.4268491662968843	0.77366672582014862
56.943946315661528	0.316227966058863	-1.9080152460198849
55.953140717648793	-1.850866946816502	0.47049821419525345
56.298200001656319	1.0931588845199325	-1.1550583395603131
55.900509615299079	-0.78398909444203391	-1.2571468375818076
56.698117898181785	-0.25472711986192259	-2.1618922956282787
56.161500396487945	-0.49715333931177996	-2.1574949155361431
56.699139810345272	-1.8536813270828312	-0.55448637056493322
56.787047974721467	0.041658680121109806	2.28545922982808
55.224444210188288	-1.8594353208317782	-0.5220330679418913
55.663223507622469	0.90478383621555403	1.4462187874522576
57.148814672303622	-1.3438668252850645	1.5863514375186156
55.938056060802921	-0.45371752651105796	1.6972361335440485
56.963386737913517	0.25222288835879725	1.9025319690381011
57.225355415089233	1.9172673298689809	0.1734406811403631
56.605052789405754	-1.3331037828860866	-0.80222999158956942
56.34881115079142	1.5009164191895201	0.48206422517747904
55.865588169612806	-1.8674539278275963	-0.32781084161998308
55.855609605445046	1.2013771172573979	-1.0768295796502316
56.041845410956007	-1.7750706168173622	-0.3015626380471616
55.622019898904533	1.9283883679918759	-0.05249681576854591
56.377588965912601	1.70072727573167	-0.36402659099796497
55.389600691553071	-0.98522988135777323	-1.3639047022716029
56.570556177824173	0.19752118067270749	1.8539927963939951
55.610350344194053	-1.2176596500900954	1.3073464991077006
55.653063334117242	1.4832947524069635	-0.78305305965390426
55.887309055752105	-1.456656032351159	0.56432184820943321
56.980836666335279	-0.3943640709031378	-1.6685228466826181
56.121244291732289	1.0018967718799288	1.0010474328316299
56.079496996671502	0.13954805250457483	1.8256773353856524
56.098562213551723	1.7243927670406394	0.8498054805690437
56.985489105188577	-1.8454838208013793	0.011229137229071725
57.180574750010337	1.0102224935129005	-0.25398173410882685
56.8944956646965	0.40964828547873694	1.4958589016465531
57.031284140936627	1.6958082760789137	-0.96794287059871387
57.096749674003661	0.67772932252988416	-1.5550508645024088
55.993384503010418	0.61270715800963826	2.1868950344584208
56.609604130378571	-1.5054869551289058	1.5697366158250872
57.082148107275408	-0.48246305415865937	1.5633214713530807
55.634229309008091	1.7856512459317093	0.51372013958064244
55.390188074242552	-1.4601325850467493	-0.45095062321706025
55.457246975274209	0.050086794155887251	-1.9135490463144214
56.329156359602855	0.30402766131892556	1.9518574562268667
56.956229720554958	1.5595845438229767	-0.58461322642850677
56.265352178790039	1.6565659422354015	1.2161634344460572
57.087392293449035	-1.7839645453101955	0.64497293251400811
57.196610783849849	-0.98730930268399397	1.7014819674991335
56.612768613132197	-1.84618264008376	0.44399333087148762
56.620399367749492	1.8708205786020506	0.50897088799443502
56.746808729225265	-0.014890582760145843	2.2256448595376095
55.879296141497917	0.93455728123465354	-1.384820514073585
56.568968815370475	-0.83644510570875685	1.828393043912246
56.801095851057994	-0.83360734685940674	1.2612134637133143
57.012122690438666	-0.018688646594982237	2.0378379595063141
56.711609694395129	0.63328101565121786	1.935252347108612
56.287080089121716	0.075292304886863962	2.1386513789716206
56.290428284410027	-1.6476508836749699	-1.3004600270166962
56.416247757847351	2.4614838260158796	-0.060473403035842671
55.503482354009243	1.6955090509457211	0.55217215421179777
56.990788075156232	-1.7674958307449464	1.1215121989379861
56.384896561982472	1.4355583020417664	-1.0981197885005505
56.418650821935891	-1.3003900093720868	1.6008897424640445
55.63980901599114	2.3593473544633699	0.3663540322184945
56.656224103227771	1.0380638691715713	1.9288148529369673
55.929195093591261	-0.050538010474588467	1.4685994705174354
56.228378688142641	0.88809835724387309	-1.6770319047384337
55.976982719901976	1.8437753068711482	0.38269894585429859
55.800355188177036	-1.6491298320030352	0.083155958493952561
56.041404867542148	1.2193082179458401	-1.5461299413862328
55.958673127004516	-1.8621688360924007	1.1176681949531757
55.744672164540475	1.6821335326295743	-1.9847901281386402
56.688180063173121	0.64792163203194797	-1.26235866554488
56.729972193343542	-2.0023472494519137	0.42456811281474172
56.206840675012174	-0.80345845757110068	-1.7672848679575273
57.120892253054208	0.61362209433172588	-0.027517258095446424
55.632814956155222	1.0383375847812515	1.3032739081543576
55.809462255460403	-0.54372044372022965	-1.3004798048696005
55.963801254007315	1.4067495768842708	0.80937745963950647
56.382817826042235	1.7453362703931117	-0.47006730050730205
57.064862182434979	-0.89880428799134515	1.7019866560384318
55.839907460112599	1.2252890131540284	-0.73892725566094308
56.882762390812523	0.37268852641509648	-1.16836817803348
56.966221164024098	-0.16538980456156938	1.6107908718461721
56.563136019424839	-0.19210600545886691	-1.6729368097926438
56.409073264220886	0.17155287738662672	-2.2463554246980624
57.187834551510036	-0.98390673258572581	-1.6466368938905747
56.743404678306568	-1.7215471286441162	0.51666388285874598
55.714359498399915	-1.6560664661200359	-1.6059999664355711
56.781401512209086	-1.2777894477036669	-0.48506886375995129
56.213916146900729	-0.42868619337953884	2.12988984938332
55.117821914285464	0.50600410781107319	-1.5980275590465851
55.777297171443422	-0.11858424730158482	1.7268735923638077
57.218132178974024	1.6248042265173985	-0.10782648190672937
55.678325833015826	-1.3227928354505623	1.6023734840654964
55.803317300581398	1.5871729264509729	-0.98098008097896039
55.99738443624237	-0.55940460264729241	2.1213317554164948
56.857088329962551	-0.93160535151177448	1.5052037186007516
56.097015058435652	-1.8398440462100674	-0.82516904864208596
57.199960542416193	1.0816236565528679	-1.5462802119758512
55.284084375346239	-0.93382915917699549	-2.198595679846187
55.92498441624015	1.5307189823241973	0.072364968982505384
55.536336224366295	1.761411338865736	-0.27135009776174279
57.137089717657666	-1.607490002528376	-0.089989162541294118
56.350927515368809	-1.844138749172946	-0.23672899588421814
56.240805247742408	0.72521357972566791	-0.75513610216332605
55.942251645397725	-0.79016417221954993	-1.9739716171252333
56.764777714804261	0.56182408615629953	1.8192403797257517
55.986530791789619	1.6441687799530416	1.1702604894710098
55.798833953718379	1.7878536851287197	0.48830355925898822
57.021249415459273	1.820369966533661	0.52923288999599627
55.722827824547473	-1.556773787609018	1.1537790378852677
57.068463907357469	1.5778830512447208	-1.3221022038606138
56.30608648083723	1.530765648967835	0.69561670705445544
56.297305847238313	1.1432116635497684	0.92260690497418263
55.531558434546227	-0.87947298395172158	-1.2704712169423757
55.803079151783443	1.166581786741226	-1.3451413890058901
55.878099909945632	-1.5970569807297426	0.73359210685786536
55.591905931932381	-1.189066652420689	1.0732022250975872
55.594417023079885	-0.11460081465361119	-1.0572234361734667
56.280605160147047	2.1528219094708034	-0.47822716739548388
57.146871368686455	-1.1836529419675879	1.261360446782011
56.880060320309923	1.798496376964682	-1.2254177012844822
56.995245848829555	-1.0077102412718839	-1.4362784251352902
56.749441613094874	0.41943585433262015	-1.7829461249010528
55.219116376854046	-1.8148099819214147	0.97055069796219495
56.515311861724676	-1.440807239320409	-1.8711886627658032
55.276428838179129	0.57494090801665887	-1.4225375861597773
56.09837429644859	-1.8168662928815267	0.58267638069908512
55.925556330247971	1.4594810185322542	-1.3803142638913406
55.825343705139794	0.099170827582732116	-1.821935916582553
55.845811326664986	-0.7880377492738716	-0.78827919241880184
56.132908719841097	0.96142583463695541	1.4827527800439291
56.377481536430238	0.9540761122283492	-1.4832176268902737
56.575063899844899	1.7446220158809778	-1.1973486173946302
56.654907748497777	-0.88328496384450328	-1.4758798385988516
56.134627911799285	0.60342807137246712	-1.6025173119715501
55.763185545794279	0.46068568837294077	1.8959645692714333
55.478401000925835	-0.48846535894289766	-1.6172479477303303
55.922847740447615	-1.8457917572176465	0.16476339003685156
56.874764500429812	0.84406227766702568	1.4827542961275251
56.325309581723921	-1.0258506194589829	2.1177951507093562
56.070371186520909	0.65724242098153296	2.1447910662966216
57.038692561784806	-1.9948441182559584	-0.4941463740156149
55.551768920868902	1.566416261354632	0.3014240769296529
57.226450252413429	-0.41766985000933649	1.9605335399955754
55.773559988026257	1.277784215900803	-0.97782495637969746
55.840309583592116	0.24184846454883843	1.9652203434900704
57.168307070999887	-0.60725695237019883	1.6660539415205697
56.393984078512936	-0.84925218047471529	-1.4036305660678707
55.58280161092911	-1.5351618864939125	-1.1574956380907149
55.864787875693075	1.5318332079850066	-0.87731858357230297
55.498754571370505	-1.3939496434904064	1.3469193994335762
57.061565603196101	-0.61987979290690665	1.9440280749344876
56.942413702114465	0.33784029102594926	-0.93014698013300712
55.577835178880285	1.4916618358786029	0.28892174307369667
55.730290713010767	-1.523961334174365	0.75263059298259294
56.86154360625644	-1.5858190838564823	-0.66933213473499198
56.643425099391209	-1.4108531974423029	0.24785682348856691
56.323551953510851	1.2013690497507667	-0.073859080615113232
56.487921380163449	0.26458556215821266	1.2682696680774912
56.088105375521693	-0.34590392464575803	2.0882534932785459
56.901567289287534	0.5382615086317496	-2.4026291382403455
55.637536683020294	-0.8772645866876202	-1.3980692637539622
55.523733025920286	-1.6445219985151136	-1.4216749030109508
57.099258980392577	-1.8207898478780755	0.059620487210875733
55.706446265398327	1.395236378305184	-1.3798307171332334
56.180801409046047	0.64798336568596082	-1.3762126896586437
55.667636807106526	-1.1033209157710395	-0.85870567300075984
55.556160309987952	-1.7876015079146879	0.45368457706362481
57.098483256327569	1.8209699280957858	-1.3261706189361337
57.067657699260231	-1.7250287235929966	0.049042542790602182
55.998341835017207	-0.61014919515132549	-1.4746723957618089
55.946337233406929	-1.4871757325322752	0.49285660919783053
55.477144785309697	0.52287134129210666	1.0925341153937966
56.566182072451447	-1.7918530009052589	-0.62967894646097899
56.89587411336143	-1.4714445714339346	-0.54164896807372709
55.928260911632151	0.44484132364591511	-1.8200742324450809
56.588689464323089	0.21490207647076884	-1.6301447869074279
55.98073571872883	0.91384427513595279	-1.5456726817249729
56.932699890059752	0.68846630331355807	1.3067177528392371
56.512353992901012	1.4377433235058792	0.17268926755881367
55.603487971855579	1.7118645923675158	1.5641339044878835
55.438036942045251	-0.31417390877112622	-1.8470085544522978
56.344823347573232	-0.21022659101040225	-2.0334005125129844
55.891257541948619	0.74078178025381558	-2.0410034663624992
55.999715570451357	1.020056625532431	1.6157742331212799
55.928602059363101	0.41630421471317303	1.8122908604955648
56.465620413802036	1.6102550058440031	0.35980474339248675
56.861246367734957	-1.0357635727071477	1.2858209995512258
56.81272116702366	-0.37843272051976917	1.950200232180221
56.841507900340204	1.6079165648348337	0.57626076187759001
56.246331931869001	-1.3659398427375751	-0.98124108652355391
55.813634765165951	-1.4533947073321281	-1.1545066146819936
56.633366749101754	1.0769825894910077	-0.6298413562743016
56.299397469660782	-0.7777765580490521	1.3415678697763385
56.911424391444896	1.2907119243862055	-1.4181356147040851
56.977000330247193	1.806772090506962	0.00097170081466885043
56.853196932217614	1.8416836720580185	0.018782190821810225
55.676839203352912	1.1232734559340503	1.9069276755355005
55.446737542942259	-1.1177831091551764	1.1898072262030615
56.519560198061626	-1.6138224089613211	0.12875185591173915
57.129063546330428	-1.6421260500763644	-0.052170287108739777
55.318030139374493	-1.9915584033834726	0.29451741015011745
55.990902450618123	-0.5680185194889612	1.6136029872771618
57.217416658955095	-2.0050021308123207	0.66893696879629549
56.264781788251206	1.8103084736958066	0.14254052728093616
55.822376753147203	-2.0861846827189492	-0.046789372542127977
55.981540814044209	-0.26988450574007539	1.7655707857598117
57.050018909504658	0.24787853658954553	1.858441457017439
55.693971092669933	-0.56524121512674264	-1.6842972281126745
55.900882500768219	-1.5988671022277554	-1.0093350896369522
56.819702959291263	-0.81461715559389059	-1.481177377658766
55.751740800580571	0.80867289333177905	2.0107245832954064
56.631749328484645	2.9320391124797944	-2.3440041550489066
56.458857282792863	-0.51316030773857269	-1.6599716153009072
56.698702131533601	-1.7854886689483174	-0.018923362607243796
55.48492232325497	0.25524452630026101	1.8733442495239392
55.615368554756131	1.3703990542140028	-1.8691123966036984
55.286906689132778	1.8929943106425635	0.52236103991956417
55.922426077964531	0.46307518026024852	1.3161767398591451
56.102803190231562	-0.96882032474133128	1.8344099947951709
55.735020045596052	0.27858356506077764	-1.4948497853293998
56.075189294669066	1.9568698766483545	-0.63520233665475745
56.229520521775015	1.811840350183973	1.0860834915613926
57.106433648790556	1.5402672546660388	1.0719543978771433
57.104746777860292	0.11943080137145175	-1.7734475035112698
55.948330687335805	-0.068966848972081107	-1.813951776219672
55.636587320837322	-1.3704688479308853	-0.67296080474337083
56.283110965363932	-0.15929515112995563	-1.9287526311473662
55.601143664416782	-0.1384362409387285	1.8601019990131908
55.644835388205301	-1.3817348470735842	-1.1731344936770267
56.600532637528005	1.6157293657702054	-1.0625146888894474
56.185795292707184	1.4984200732813777	-0.98941199127299828
56.008298564931984	-0.39240054350026393	1.263289926829114
55.435059821809389	0.6712272073191704	1.4865766116252204
56.280741410651252	-0.82793243203352707	1.5738282211817205
55.534341980584401	0.76987947288728387	-1.5520090507011035
56.534556095345771	-0.81892362079992087	1.5130919554541564
56.258033915276407	-1.3877150745621978	-1.0488569543507991
56.89027441183498	1.2973875388056157	1.6544057774351715
56.800870205151874	-1.9533945442664666	0.064235956826504778
56.737417919262931	-1.5275497074055104	1.1764823712299572
56.049975772759261	1.8452131701496119	0.45541760176652712
56.04666800966119	0.50290608380018653	-1.7616739684542917
55.885658623152388	-0.47840107788400765	-1.9176572436321633
56.392160316724727	2.0028118298086501	0.19260550817642078
56.616508346132512	0.070718263328618289	-1.5588192954754645
56.01659581502031	1.3471204936717009	-0.37635479589906529
56.182635496588375	1.9278746232335606	-0.013111341410803135
56.247763607477744	-0.76955786859523001	-1.7542639484288436
57.11167369082596	1.4139670810489084	-0.14206249300362211
55.447658559533167	-0.073585565360170621	1.9920929561763956
56.219127589812466	-0.09226581107357637	-1.2439300074706867
55.386654242290263	-1.9151892979022751	-0.093685657520602095
57.002898990169207	-0.53337801732212464	1.4484406775031813
56.351644521478647	0.54909796468293803	1.6443526449191948
56.738023874330565	-1.3451911745880167	-0.49966542559202726
56.955683499463483	-1.5617291707777852	-1.1674914435600185
55.961617424813426	0.2608480703703675	1.2462792611744657
56.919182048645062	-1.5409896912567707	-0.99190191880263689
56.647898940894315	1.4139925177246646	-0.087612402387163196
57.094871372369319	0.13730196033688166	-1.7595393074735926
56.182697743262516	0.15546470893225367	-1.9030544910107661
56.118216863604353	1.7844245416374169	0.48729422849327159
56.86737085359448	-0.61795381538252914	1.5949025105709296
56.686603480027692	1.9294269918613336	0.11810113737389193
56.196541798395344	-1.746199576036074	1.0974727399064657
56.293265124496543	2.250675435340479	0.85049713263928928
55.320303297337325	1.5204141915246427	1.2655763045393862
55.497827013968617	0.55683050430290371	1.447274023674701
56.950625777804035	-0.15941665951261552	-2.0750484048434199
55.788762189159861	1.6839060668124948	0.86104012066069835
57.134840762146005	1.5532780844428926	1.0168990977259658
56.455662614897896	-1.3735929948441437	-1.4618381091533628
55.936345320766605	-1.4849582289976118	-0.52164515592913752
56.629010977542755	-0.056519437652283268	1.8581068440972699
55.796816462914897	-0.16871483208368543	-1.7842910665097154
55.939126376437038	1.0530654161229074	1.5735376994931061
56.533171550617574	0.8558720837380478	-2.0119315970315497
56.938615047242138	1.6209651358756385	-1.0239279438065485
56.836230779330698	1.1096943519164113	1.4146837050083745
56.494300216260257	-1.0919064735139505	-1.2014296983312511
56.590119613794151	-0.17712103431272036	2.0775060769325644
56.080395131561026	1.3850268076791488	1.2567762565382186
56.487088898588148	-0.44957812581002232	1.2672565064017398
55.691053706126951	1.6458637692272799	1.2260412314292541
55.284383122266981	0.72189715900304807	1.4401537968082849
55.799958285814554	-0.8724909558177476	-1.8792921815296628
55.59893485060514	-1.2016782051922907	-1.2371407141526602
55.961136911188156	-1.2187999012129156	1.5583831149927492
56.964686845729695	-0.23679730861852002	1.9393024378035779
56.832087940369711	1.5226470446627862	-0.96198499962166706
57.068232171880766	0.92481738524521684	1.3794211497776503
56.733359673841449	-0.48021199187411645	-2.0073415158306545
55.381170323703415	-1.9265405949994194	0.74618327069505463
56.769146888308491	0.49107279973601481	1.7422696176977248
57.240234539670432	-1.3289297999171756	-0.77904868049178266
56.46714356198467	1.4934332888363149	0.33351542534639411
56.554133562769927	-1.2745058295548435	1.0138037403813107
56.234108581305435	-0.091806902874644603	-1.830942750394257
55.358245800589835	1.5308521438378313	1.1136879330741059
55.27777911772597	1.3897089192254031	1.5300987192775477
55.435933283661051	1.5308227479849086	-0.12444890068614234
57.006346659020835	1.4287534359988219	1.3717354032461049
55.97705154623543	0.67191518725259292	-1.3848873236330408
56.218276260869104	1.7823191576891322	0.6722833299204316
57.125974917511087	-1.2366409612368228	1.1055765762439596
56.271374253167252	1.034308123096275	1.5411938998135175
55.744575609844929	0.7100515639401791	1.5989317700867918
55.697593251884854	0.77005792586846478	1.4759537708047654
56.884303960025846	-1.425146513467469	-0.74331299515106297
57.079608426185175	1.001819722417334	-1.3621240360646389
56.780558963808566	-1.4753333403185565	-0.90578641938452698
56.578407820345802	-1.3397223365962816	-1.6253709454342717
56.297365012265992	-1.8259994605794987	0.2708024004392483
56.630057031912663	0.20168101899973831	-1.5706670698547449
57.019090288116224	0.12556602403084913	-1.5648543400860451
56.091236985292532	0.93569234983045502	-1.3060877442433481
55.177804548195347	1.3835302798277687	-0.21104616489404776
55.605014105982882	-1.5713049681410236	0.91971199508391455
55.648019581653017	0.077242346170400739	1.2363080349212041
56.672732017462039	2.1765220433711359	-1.2970025640125153
57.026301013920047	-1.5512832550769433	-0.49462744212000109
55.979340988586003	0.75176558444840014	-1.4856784607615925
56.400092718259828	-0.91273615189061008	2.6813991374118538
56.746204244609046	-1.4753749690301947	1.7558678718491836
55.527699398903898	0.54283853505907931	-1.4877453949516624
57.125441276022933	0.68152737398862184	-1.8424349783668679
56.922863436450164	0.63455251399383739	-1.8305915024671047
57.230949777596564	-0.49405254956630573	1.8905595596019045
55.385159771675383	-1.6477818708614844	-0.57276319160571421
57.089378939374974	-1.202780997123591	1.4093531161778503
56.644930818424406	0.82658810025397145	-1.3395271541057547
55.417036290182168	-2.2429682663529071	0.17789595801824026
56.125106990291471	0.72004461415808085	-1.0351336096241184
55.928106650690765	1.4471837979007915	1.0570047386424777
56.12310721611297	-1.3259103912932624	-1.4268155041371837
55.407233641055264	1.532213176442925	-0.058518224801394222
55.941509668082027	1.6889545769044869	-0.88229489772333247
55.37884017011681	2.0526873315918004	-0.72402593350378142
55.490113132451654	-1.0368037254060731	0.54717836481532012
57.044563948945594	1.7120290221312804	-0.34077975535439853
57.222289622287803	1.7663978210513702	-0.81430255900724013
56.411709776830378	-1.257889858783819	-1.0729607873555793
56.901802872225893	0.97756391386845642	1.2778887657487978
56.4004513988002	1.9823130923007981	-0.43653786635589548
55.426922613971996	-0.74820797900578517	1.7015886487425604
55.46268037828402	0.19737734025392337	-2.0827845116705843
55.548458757318095	-1.1611186883162818	-1.6255990868177044
57.180294136534719	1.2378565730568372	-1.3890375622523579
56.07102322170217	0.031857652160080886	1.4457129566078455
57.091263690387386	-1.0048511720731728	-1.5477930332332193
56.799846255428001	-1.8171511619526555	0.24050151275421972
56.301931840800094	1.180950547882613	-1.4874962393622073
55.181877554124277	-1.4323955634444219	0.36220391510202299
56.783629308137513	-1.7000741137966167	0.86672370312251568
55.838189077980523	1.6606899464570539	-0.27025720255570118
56.382001482506453	-1.3080192945425979	1.0060463553628074
57.182743743971542	-0.91945140321529817	-1.8370666428728615
55.555970801251085	-1.6467245751345509	-0.84636700901219697
56.682899561947828	-1.3462761654196218	-0.26102726729698922
55.901919460983429	-1.7516744255375976	-0.80548004445578181
56.593250738633792	1.6670639599642565	-0.11413633342818011
56.54574638903096	1.5842519574028753	-0.8649139622596419
55.602949662715943	-0.8710090346139957	-1.4787670761520788
57.185946814628664	1.5850165435386636	-1.0584295078848391
57.238690185629238	0.60597042403206569	-1.3890562396034478
56.312557433448013	-0.095653636525127886	1.619120632232822
56.978683923490074	-0.81547793480754405	-1.6020678354879752
56.530317596785949	1.0599895975286688	1.3374101683400252
55.937863881939741	0.78384004608314373	1.5214829707478603
55.939596208812432	-2.1230056644387001	-0.86923106580178544
56.27326363682571	-1.1448386528413261	1.7878305474851779
56.652546359274666	1.182975504440408	-1.3633725486475581
55.243693768852182	-1.5538718651827239	-0.2432144497003286
55.731131781653339	-1.2517836843506001	1.3671179803831817
56.685704781963366	1.5800180510598416	0.45604777332417412
55.481516821020456	1.1494076199568652	1.2425157502563462
57.167613393733269	1.667861905688669	0.33929362914195249
56.172695035399379	-0.18098629652623699	1.2022698745568405
56.3254048949875	-1.1287463151292985	-0.9640835310167134
57.080526171954517	-1.2523885819015248	-1.6422149263962429
56.007027192661042	-1.4027281366322413	-1.4884984151736973
57.182937131776526	-1.196051072084606	1.2169323343473848
55.641449940583641	-1.1792322133393456	0.82594090292026301
56.524796001511625	-1.595380893915465	-1.5588085137353562
56.356003588324469	-0.20343301224752591	1.7543612930847441
56.934694670367946	-0.90533369308056133	-1.4626301061440898
56.45003615586171	1.477377623050746	0.3379427710800289
56.489388038133832	-2.0297151555907367	0.53252358709982106
56.83462897508619	1.8052143771558533	-1.6704777333393779
56.955619424653065	1.3928000913474918	1.0868810982874724
56.820627399557267	0.75445810606783259	1.563855281230677
55.700773334065559	-0.62262156690294723	-1.8912526785295083
55.815364735049293	1.2047909111357817	0.47649255206359309
56.908128992143666	1.7209891696268544	-0.30713977398437975
56.014927818364235	-0.80014919282120844	1.7485927536784236
55.373760875538629	1.48543731014055	-0.18341165677554333
55.648911100662296	0.69099408838366005	1.6523451237238327
56.59912608710674	-2.1845503618149182	-1.6404872728123878
56.184276642263733	-1.4742789303169241	0.34719951171716196
55.439791265777586	-1.3918549593673948	-0.40630382467446796
56.890927685382053	0.26588938726852784	-1.8445243987850994
55.482995455432921	-1.3248158026222232	0.9561284457631718
55.754653786518112	-0.67477046402419949	-1.8199900112512546
56.51383463913195	-1.2927308321242801	0.024508666799980972
56.230251910161812	0.58798512794888436	-1.6304213233960714
56.653579216548742	-1.4513211894560436	-0.42106864723495235
56.24132409330435	1.4869308103047507	-0.41790468965046457
56.749772266910313	0.018660967976367411	2.1017901333465052
55.74854064485595	0.72254171604487205	1.5196043672792494
56.709210983749486	1.3169180764887163	-0.92549735035485792
57.219827250776412	-1.9880354474214934	0.83758365718594663
55.913112538514476	-1.4486531246812477	1.1697000416716066
56.330620974649953	-0.7654647676034726	1.5498765375312082
56.021287979861839	0.43280638833045165	-1.891027182689937
55.913173655915969	0.76179656338354895	1.8402568326216795
56.542604081939189	-1.1154435328008867	0.49348557331341508
55.46839968886286	-0.92691576589255498	-1.8773274582085171
56.699509031383933	0.69822813774778492	-1.6831553496233536
56.509379991622275	0.31612509177987985	1.321749925998398
56.513202604755826	-0.67918376583663664	-1.8908734576955677
57.160168039688763	1.327188971401376	-1.1108939335538242
55.944140228277668	-0.69447183697650727	1.6260454697744486
56.104257120868724	1.0446449951019929	-1.6275303793346192
56.264967803930872	1.1097039117272933	1.3364059981560563
56.341082161670698	1.1738672545944369	-1.4194732960015499
56.731882212336572	1.1470383079401216	1.1238017817899322
56.709602751525502	0.77494832033179106	1.2510943472444467
56.285142504192279	1.4415303318174477	1.2991268766404691
56.709322325210024	-1.6924442774776012	0.8259633519733377
56.319792934350964	1.3331383042246578	-1.2748581234107892
55.755400739386161	-2.4350799741234685	-0.29014138729698941
56.014388556174609	-1.1925517655370252	-1.1136919498525684
56.565388254437558	-0.093682059273123827	1.4444642903756937
55.94554013363809	1.1621534920203851	-1.4975225920139241
55.686651538760223	-0.22028907642577408	-1.2248256927481984
56.60777086294982	1.3039076556751614	0.9241122075055701
55.384400654040746	1.6671899548940048	-0.40085375099723225
55.550830686285416	2.0440663510585608	-0.48083452728448867
56.722607439542848	1.4051815299221042	-1.1588167992323597
56.39643318962986	-1.3840834151037817	1.1994712349337295
56.84105621121185	0.5787893839478413	1.7656057333693187
56.788009962912625	1.3780761713136342	-1.0698738716341978
56.47625313645495	1.5653777709371566	-1.2139542875069136
57.13667344706888	-0.63412774525745652	1.3180894054774805
56.888817883135516	-1.291733236311341	1.4535002249709803
56.949181234911777	-0.35931313777333174	-2.1573988887461422
56.504198203508224	0.83619261165326109	-1.7356144923738008
55.399277169634097	-0.11714266333843684	2.0530640676735357
56.317849747024809	-1.0058875424474381	-1.4418162799289926
56.782474665284631	-1.7975593174326354	-0.31853998603382172
56.257836292896712	-1.3144893511897942	-1.2623507913517482
56.839788883779349	-1.3250608985057553	-1.0925758134160812
55.7638899035111	-0.3202011955051835	-1.9981483644843183
55.653517074878074	-0.77645831884671657	1.5852596262476821
55.753909601801581	-0.51994126405914487	2.1909604397899094
57.039870529012383	1.0066358754105198	-1.5007660501089746
56.391717268299644	-1.4762817409738218	0.96540105644567131
56.68178201239197	-1.752160716905272	-0.88993174299626754
56.195306518746875	1.6710283455402024	-0.094003315394067075
56.674380902317466	-0.016010438174283163	1.7420895277599422
56.062174266071381	0.75316355958935466	1.7549275959520072
55.579609007817446	1.2919205176099884	1.0508103655686931
56.79973741775342	1.6037248884979602	0.6995349559957651
56.757777044865136	-0.4892095016128209	1.8585267341469918
55.785973875518465	-0.93788030588992566	-1.7974841899937586
56.71388467283289	1.8023015422026838	0.53748185495217282
55.805744574008934	1.4221238281019295	1.4715515145082563
57.084633777579675	-0.8324426409240161	1.4423954627970934
56.702995091926695	1.1547034524604125	-1.4355627581630517
56.858181571673917	-1.6760081099508959	-0.093558969311830151
56.092473453979913	1.7267152232083718	0.92974343257731129
56.029905916455611	0.23249246693212075	1.881022028731691
56.966757213000598	-1.5106725876750398	0.90542387704597826
56.712205118411951	0.2877530484166142	-1.6563018666109817
55.938865181984625	0.4836862046727598	1.3922488850952408
56.513024402762639	-0.78364613335831923	1.6658323207785548
55.28457490232784	0.64339182507804416	-1.4721099213112563
55.938750687522436	-1.7774405089477976	-0.24654768369000529
55.826328591529311	-1.7770692048440289	-0.63137858835359328
55.965279903090313	-1.4505867881184242	1.4789520942720755
56.242950034482597	-0.6860818705095888	1.9377094434676305
56.221378356869039	-1.7685037794494263	-0.25262910528974242
56.261390077564741	0.89916014096283592	1.4418850496622666
56.04572177613592	-0.20257666333379609	-1.7698817206431725
55.302691264275424	-0.72951516514692849	0.95345499166782455
56.960831981588868	-1.3506962932288831	-1.1500065098988528
56.635183127216919	-0.78060083847669293	-0.76896785074178375
56.957380547800746	0.95600360782052018	1.3598903417060135
57.149308725057764	-0.71110778817956433	1.4438520022686812
56.831344636509442	-1.7754157493310612	1.1348064017775457
56.670485535476779	1.5527567305287573	-0.69033006570267552
56.664562958309403	1.594134768484144	-0.52988907809981756
55.423789971740625	1.6906720208222443	1.4325442206396732
57.102374825356186	1.7617692068504498	-0.43504818281803714
55.912265523715853	0.89981627172360723	-1.4561976243483234
56.253807519095609	-1.1615335948162389	-0.9746809178233834
56.11859887836706	-2.0308282802078548	0.73947254369931992
56.297480570402008	-1.6922580272483763	-0.80204891006341805
56.761132260387818	0.24460804071537942	-1.4309887897904388
57.181634885863375	0.18379583944523439	-1.7986294756097889
56.050573142741001	-1.6779571715182267	0.49722347859706612
55.396682317517758	0.04507961657111384	-1.1057061052504404
56.447940317874433	-1.5013040479421953	-0.2539636606381605
55.931737688579005	-1.6481698693186455	0.045524575435083404
55.714553484420406	1.8408529327940708	-0.77229865813844734
56.735143747292803	-1.6553761541826166	-1.0954931607337675
56.711938882305695	-0.46596364330149481	1.7373751461533782
57.059474732614227	-1.8270206074962663	-0.70202143629579694
55.651609555476334	-2.1808758895466789	-0.27366608447661372
56.819381673797544	0.85177707956527404	-1.1629234873166785
56.718825392142143	0.31826625709775191	1.3377862502334112
56.184322254563838	0.9500836523950289	-1.6940621972829082
55.301042875809173	2.2169088214452071	1.4762156531636872
55.907813328453983	1.7688533001750681	-0.97413399993049599
57.32434406930988	1.7515868763190627	-0.31957957539299164
56.256448198031165	1.0916960153380342	1.4735213769694981
56.006099370740706	-1.9259562603932401	0.068445237336697703
56.322114515032879	-0.90731046319460917	0.72870474690611242
56.419307117153181	-1.4714465568021229	0.30537994750126424
57.043340061839494	0.08371047023907234	1.8349298509435854
56.587309696279675	1.1496001460269034	-1.4350170073586008
55.438177779554152	1.6474708864108114	1.0311061825804528
56.332706082845974	-2.078250474127628	-0.86553787755530731
56.087536431828589	-1.6493058540036802	0.46643604759383916
55.962240334075311	0.86950884377109705	-1.594220661364371
56.691418554304938	1.5602723003607348	-0.24761373909860249
55.2411122338304	-1.9107867604634756	-0.39439624487946939
55.37030607300774	0.83226542292038563	-0.88310892181204492
56.7174293119784	1.3615205646914883	1.9496273454903994
56.19196810318504	-0.90516106865967039	-1.8111357437983175
55.28896027203718	-0.42599867226671817	1.6110145405608776
55.774509071205337	-1.5378644020890972	1.1122914702647368
55.896562783301761	0.6302441739395338	-1.4796924302239163
57.22865027831763	-0.39731593326524761	-1.6579289094577472
56.53715041165254	-1.4765309083058311	-1.1576956501806372
55.604780376375999	-1.1466444984098498	-1.9113834129860228
55.868517072369038	0.22769271913455835	-1.7799273777914224
56.061409715764668	-0.58297490854475509	1.549139729502875
57.167242534788805	-2.5762200106096484	-1.025152762870748
57.128610270133699	1.6479042483935238	-0.44120986824366815
55.860154731061357	0.21788054205781693	-1.7355879686996432
56.240861443762981	2.0891882250624114	-0.022561452098910782
55.310651192262057	-1.7398993772155917	0.80118668604562315
55.355154386830392	-1.4306718443337949	0.36676275363047156
56.259228320988257	1.6823052561081011	1.1599384888036577
55.777786745647077	1.1488791611525171	1.4920188845595304
56.619197258755186	0.6967781682200429	1.4209601022569245
55.373637194684946	-1.1907332664048274	2.1203322682522869
55.334440047356523	2.3148280121647606	-0.90008727496026431
55.88159588412173	1.5640896403169453	1.2352546658819394
57.137498662581407	0.20200033632252873	1.4574870697716227
56.261147656051499	-2.2913054347798765	0.60824524712924233
56.56201282535956	1.6291202227128871	-0.72446211995424725
57.142793683977132	-0.10666012066887552	1.9425703841719906
56.421551857062674	1.8807700433323837	-0.20651106930837165
55.6730812503856	-0.95055012869027755	-1.537812470161543
56.940373065332928	-1.2480072354811704	-0.59878808063179534
55.610859993615897	0.38890768968893979	1.3493690025620311
56.368671272121055	-0.051137103763671539	1.4619611041528826
55.769909714778564	1.7245143262272666	-0.63611949608433849
55.966750508656055	-1.6225951009162121	-1.3926448110277672
55.926546699565499	-1.0087821311185048	1.6695454799982945
56.855761051940817	1.5574021540820104	-0.11674097283443938
57.198294515096734	0.95461079524888193	1.6054820705874477
56.572203463417829	1.7465143596927097	0.89321611287699387
56.577126263901413	0.61411978410882784	-1.5304346240669273
55.340470285455133	0.3803110742878637	2.926949725221093
56.738397498280115	1.7338830338868518	0.4193359543297861
56.256674763183533	-2.3017979989466526	0.86234817415906639
57.024515168417743	1.7402946543265192	1.247691458775098
55.670924689083705	-1.8324772063778922	-0.65267256496567916
56.91201383795206	0.18210457524646489	1.7228833622466266
56.580710379000379	1.5241136774015098	-0.25808738490104072
56.270323832718042	0.52629338665369152	-2.1191318966018202
55.329760235232257	0.057415066224724275	1.6288136082430189
56.743373936592917	1.2999562739956405	1.5832911101808993
56.706237989593603	1.9110110705379215	0.061149844575488194
55.875893107376861	-1.4601380862826294	1.3953897439485741
55.504775518161225	1.4684312051676407	-0.66016350776435329
56.527440288591784	-0.53377002378971294	2.0310613552378869
56.165103009731801	1.4936899197242379	-0.51465735604995522
56.490202628031469	0.098672602652370656	-1.9598756641812667
56.414988932200039	1.5849662368341917	-1.2208358892047608
56.187709571016576	0.75186841779023283	-1.6223794575245949
56.673950282779884	-0.11576426361999934	1.7658768578347479
56.143731260122962	0.67755357199482547	-1.5381515912557184
56.548385827805077	-0.27078908842129751	-1.3383479904497257
56.393403740685201	-1.218401277834336	1.3163625066317655
55.320788084890516	-0.43882026243695854	0.12475908492492331
56.987697303999489	1.4308852479556069	1.0153210995333746
55.489166959570355	1.9484726920039028	-1.8719392756503928
55.880582969823458	1.227308249693549	1.2679514441557074
55.524065402714953	-0.33047013702310057	-1.5083143530304635
57.055684304675786	-1.1591150745605419	-0.916855342038433
56.770551804684992	-1.6839083466169655	-0.7613398795356987
57.139710639034341	1.7673542911725746	0.11481145465971206
55.622282949924838	0.88506550116673643	-1.7189534698091467
56.453656074624078	0.52495609545316946	-2.0525814257019266
56.02259116186179	-2.206591395478565	0.40216614606703338
57.282594742272366	-1.7610310017295852	0.60431160242378201
55.458367295911614	-1.7518892147974614	0.10897631428043961
56.069104263733855	1.4999628007673964	1.1826851732780097
56.925890271227601	0.72132891541778088	1.2353874638522355
56.556306777625089	0.10989116225958807	1.439958565061263
55.439338973535321	1.2805657533081158	0.50228469365324291
55.883727776579669	-0.098535368873010787	1.2968238919163708
56.560874378884868	1.2799445616021639	0.9110834910796225
55.989080625235076	1.034678351801559	1.5309315106241888
56.168953534899934	1.3705558578881407	-1.0842575125545137
55.999081187351848	-1.3774358515010714	0.97701196558658809
56.835050078992225	-1.0876298186322777	1.2437585840441134
56.715313347943059	-1.6277751976155135	-0.029508721018126988
55.902445405460227	1.0658248921924045	1.412206620332962
56.108561611544992	0.30775193557866398	-1.1025664568060252
56.575728318104225	-1.4449167257982658	-0.67172511516876565
56.58929132734545	-0.39592029905708087	1.7813392794999998
55.71778185539231	2.4153879624411396	-0.18282342178574126
55.229999129676187	0.18861373916558993	-1.6725142155160686
55.860988593103741	-0.032579583011988371	-1.4457946929300864
55.31731300092261	-0.68320210370926271	1.6005783043136175
55.400763654999913	1.7889834174861003	0.8799073830214813
56.186246607295445	-0.055426236075388519	-2.0196308004886516
56.269424536302104	1.4065327763309223	0.3509325291888134
56.326532575133967	0.64146067616567926	-1.4636452619924185
55.486250957708123	1.5380491122337547	-0.49143215555201963
55.501897473729045	-1.60420300427628	0.5742148513943397
55.924621301555852	0.3363732121030818	-1.8659026368136082
56.244761950111489	-0.27457444904884715	1.7721773973065809
55.397719848530947	-2.1985158988243603	0.071421961407192078
55.97707019110041	-1.0170237304282161	-2.0696844448970748
56.559606977354782	-1.3512539298338782	-1.5010862169059209
57.048794570606397	1.2722788392001128	-1.187403045639656
56.870925397804818	1.1120980486767043	1.5693654907234953
56.119615472250388	1.0230236302514535	1.4145046226855829
55.900704903676989	1.8918800279887804	0.46119079759800796
56.392473360088573	-2.0658382083207401	0.88891947650110203
56.954007417829139	1.0081798403905744	1.1000851260507514
56.241515157160848	0.899912527641751	1.4214689037545676
55.612695373427549	0.97781365831223033	1.2884243409703102
56.160214794190253	-1.4857664269887663	1.0976344869091881
56.769026798094416	-1.7497552301427357	-1.0535038657565896
56.917981816877855	1.0423259359747798	-1.5563509489110525
56.034098472194621	0.83114905418245255	1.7117362308405535
55.549176937427198	0.08578471524888176	-1.8514067821486644
56.622101706879768	-0.76219432816294941	-1.3919894365300935
55.891631391451121	-0.81441034213325014	-1.1061874142497126
55.287101272528574	1.6525411921195599	-0.34784624001219916
56.302847117594943	-1.4514441021812092	0.011361213403110568
55.613401572028557	0.25181410781753255	1.7022081331859784
56.218022966245897	-1.0114164151659704	-0.61636932577939607
56.436538371821115	-2.8765761604671569	-0.62883515255796474
55.490774937012368	1.2837658123984483	-1.3538223673933196
56.05849581289386	-0.37691041191360813	2.0639568957505001
57.337086502182281	-0.79389876149585059	1.318046862575452
57.124921859925657	-1.1170941620914332	-1.0083059092500442
56.874589156861383	-2.2185150714029609	-0.68370922090831476
56.437794133912192	0.69589901783717556	-1.4794921538681427
55.405403493114086	-0.77272497725378808	-1.5891972143933946
56.681603753809505	0.45616148093341102	1.6860821663809527
56.91333734640579	-1.4221422826953638	-2.163312687365385
56.805184614744725	0.67802408121185398	-1.3464374597944082
55.448134829695988	1.4006815622047304	-1.2552274539963435
56.804218024992551	-1.4330507003800628	-1.1046196956887817
55.439365535733479	-1.525071229673632	-0.64399301667580811
56.569739416758615	0.79023219211558282	1.5466607035053082
57.177398028345529	-1.6795929595834049	-0.79019918987707805
56.080833734713835	1.3495554883434666	0.7757117906761376
55.539563059655123	-1.336596105587599	1.2339960660886957
55.584879775018749	0.89273801737590486	1.5287238749159073
56.99598065210207	1.2069172959077585	1.319373047409413
56.116481663917071	-0.058815620611052472	-1.3539646064961093
57.111720946593231	-1.9602097706193442	-0.99491856137719936
56.157753980145813	1.7422546822141856	0.080205651900130154
55.425362167292406	-0.53702324528113299	-2.0963068328147489
57.042711426153545	0.18619062604819694	-1.6771389778041861
56.266040816822425	0.97004722808360877	-1.3164037243322573
55.626038047604645	-0.97597723193968944	1.5323094522677063
56.379002949926409	1.4823016451593884	-0.67539979709087805
57.269084622986192	-0.099279991768333214	1.7806437698118858
56.405151477766879	1.5304595455569747	-1.359985651978892
55.608812397302515	-0.68546743665564813	-1.7552551122175997
55.832485468661702	-0.067763580629268003	1.9201083059164485
56.026253513916771	-1.6905414211563132	-1.4057453185772568
55.629741925973349	0.87708445861003825	0.93820413858857188
56.926482542336466	1.4160532421932859	-0.32982126032071024
56.094916122273247	0.96306155826010365	-1.5464815105277125
56.038804174049133	0.20890999919606262	-2.2214324282666831
56.93794297596029	-1.5643639001923872	-0.6934836602901453
55.95641472015226	1.6080025954946522	1.1116387810394643
56.166871641954259	0.89173500830458452	-1.8542711217297094
56.405332081572467	1.2133786978680872	-1.070918433505885
55.702503013748938	-1.9048650184891127	-0.085245755200827208
56.57328064990562	1.6917683420579448	-0.50276983910310913
56.791513120944316	0.57933433510070764	1.7497799064223012
56.576119919988045	-1.41779042549023	0.34401402942599268
56.481241497535628	1.7090642588488476	-0.72748256375473419
56.402106193567455	-0.064618933912037574	-2.0771957461717774
56.542049376585453	-1.8321515303739169	-0.21074572800842234
57.241875178554466	-0.55206636782518104	-1.6888660109850691
57.090309706203691	0.28311432754665927	1.5441110106333578
56.808454393223798	-1.7469169081577838	0.58041359492866185
56.58342777915427	-0.27614467198307446	-1.3023985655230876
55.738434824317565	0.0014930545368101271	1.6833895175985287
55.267335448083713	-0.64618360427539823	-1.5650847849602287
55.747266281278108	-1.7008445488682042	0.30544582245483254
56.219105490724097	0.29514220403866448	-1.6516335768555654
55.655647245379306	-0.12798830979436196	1.1600898173955123
55.958772875740443	-0.80555442454624993	-1.81170781402805
55.605698392970453	-1.8183671706937459	0.29776773658197581
57.008633659855818	0.44319272934891624	-1.5890377504825497
55.947588479567784	-0.26238825731233834	1.6744457183781254
56.034985543249348	1.2204227796792448	1.3302892346533794
56.15718229755857	-1.7942170257860652	-0.15508992681408346
56.67342435285115	-0.93487092271141514	1.804313165464112
56.841621390273382	1.3911743059799873	-1.2028192940045266
55.92496242141295	1.2369258389165465	-1.4602793656051218
55.39487640703549	-1.3320639425426668	0.68679552882560735
55.79481709042782	-0.74622675466365695	1.8679290938096065
57.069798878874458	-0.77368459083639807	1.8766902769156137
56.306002776881577	-1.5447200656719708	-0.8193166303966114
55.759520458449629	1.1475488507626839	-0.80941464076299385
56.012090694762904	-1.0681583626187814	-1.5096591718549024
56.748334502816107	-1.5444294785682988	-1.1696464622513243
56.843161196619917	1.3192589820471519	1.4699123576295814
56.32630165810739	0.32557521340240192	-1.7788942623290014
55.905735443873603	0.2327023588507319	-1.8456987535090283
56.237000276455902	0.012910678713859883	1.9301600479885741
56.873357252129246	-0.46351184082922969	1.3206864135874519
55.293817876097449	-0.59746117747215455	-1.7863557651630972
56.77300512599647	1.445343734784015	-1.3525635858667759
56.069910971168945	-0.77149071546383352	1.9897562084689102
56.837810507255334	0.22837976102026855	1.8202554867554794
55.982655092084151	1.9346965856084741	0.73828746172739512
55.845523150903873	1.0339115986423104	-1.443993923436921
56.717078784383766	-1.3451534132190284	-1.2003499782410885
56.059977150993994	-1.3172760034573738	1.0649745300299489
55.556135383294858	-1.1224968173124936	-1.195275321319661
56.15642751386887	-1.5109823421165303	-0.92672083589196841
57.190308187847407	-1.5014245344806405	1.3276638134252083
56.87094297860876	-0.21542404516423078	-1.7358516960442931
56.726570992933432	1.8122135365250682	-0.25656003683686207
55.583828826468007	-0.53415698803728651	-1.5812542740066116
55.851582782925057	1.7990474544530808	-0.75821966891912296
56.207163976523333	-1.7124839569497823	0.24055880254403439
55.916881717512354	0.6990875108437381	-1.5817311195664274
56.175679394872759	-0.74916436583607626	-1.4195429547263885
55.759311181630515	-0.76809927512733089	1.877749903883317
55.825662650620657	1.9654457016306777	0.154461723253567
55.9757459190646	1.2670478471971016	-1.6908527113469565
56.008876942788739	-0.82939698751116675	1.8207542239231449
56.166566922231247	-0.34081636600576148	1.5697916686924882
56.445096983594993	1.7532038074068692	0.29334361057450198
56.236702511940976	0.60647100406607057	2.1042076115389605
56.624176953059525	-0.85815904960598521	1.1662294618668518
56.215293443960178	-0.94759021822446698	-1.465153902882353
56.803920571984484	1.6915059328115605	0.43643209563544783
55.615306590229224	-0.65329513284142271	-1.7159421208493062
57.045600882968699	1.397630450869358	-1.1636799303530885
56.655981822760843	-0.76866629568004607	1.5308461451714921
56.963093891930392	-0.82869857680141135	1.601192424192128
56.535686112854364	-1.0908933165652417	-0.69865010978777231
57.163831343662025	0.38147400026443279	1.8245126570856007
56.018320916418176	-1.7099035349506335	-0.32097129613075281
56.608079504244863	-2.0315682136184079	-0.53190272373292635
55.859819976559812	-1.3536674474899073	-1.4942752778580282
56.276036712531699	1.6667802221520145	0.80811054476208843
57.246444376670894	-0.54848561753945801	-1.5772165908790698
57.06568022155804	0.6285106698217493	-1.6320029568413941
55.74361760734417	1.5971368678562765	-0.52149215946430072
56.33730126669839	1.4539350610101656	0.62740616568862306
55.363238183181664	1.8132308400568062	-0.3223376247368176
56.041176458969439	-1.3272532390085414	0.94749449817773146
57.032890822056153	1.4865336967078269	-1.9121971456426727
55.701974583756218	-1.0825786761128267	-1.1838626372133063
55.305074549995318	-1.1287416316160874	-1.6353775604472236
55.625342679152169	-0.10183489144370919	-1.3839635375644948
56.905772227346212	0.84104220351121939	-1.6849778688890615
55.699745149277824	-1.9649111553698955	-0.81232811652231229
57.02173129820563	-1.8612573568228263	-0.52832954886323058
56.921749723996761	-1.47868649720006	-1.3130222575691954
55.516477689980327	1.1295699301271007	-1.2196268251699454
56.149929278571285	1.3866401879840158	-1.0875657817178384
56.975815937937398	-1.3900824073946452	-1.5011256806038684
56.16038250094131	1.0430131343307782	-1.7520098120935956
56.508163025347692	0.59865615346896661	-0.72190807289170555
56.370035652533545	-0.78461721485034941	1.5853577497174494
56.963556256920931	0.41562647525824437	1.759913512232137
57.09101304724156	-2.068016603835527	-0.3847295190501418
56.844947476395291	0.67970657965278292	1.2845316123127755
55.889027906641971	-0.89535263018788347	-1.3369585845201464
56.190623181366547	-0.8494048500789485	-1.290973660200982
55.436292646939023	-1.6990906947489972	0.5652123954897037
55.817393918070444	-2.0337340776595223	0.32288122791630586
56.205762130732658	2.1595739810658765	0.49009160272850577
55.651460720162021	-0.7568970026127062	1.3522789938005164
56.934135901047839	1.0379110045800022	1.2501937835136887
56.003484706889743	-1.3566242696381308	-1.5526341559772947
56.380939783289001	1.6095890828037107	-1.3695749746166161
55.621456340275252	-0.22386938910491705	-2.0349625241708411
56.297323642908928	-1.3361080457513452	0.075112785572531787
56.717621333335927	-1.5817537781801159	1.2416930796212526
56.078625894210191	-2.0211393235940611	-0.34849349909636718
55.52684286317136	-1.272114064756847	-1.7837397425743431
55.255841886405626	-0.61075359857598632	-1.6432005878858522
56.621190584375775	0.52640461619491619	1.6764536348751324
55.482535832009312	0.35860701507025422	1.9871260719277632
55.847719988585887	1.0606485165928796	2.7048885248244989
56.371466609997739	-1.3176946371629825	1.0776755307219765
55.860259117651161	-1.3091328819539021	-1.139383978970921
56.974871721516358	-0.74452248528794829	1.6439229812932541
56.940765613599076	-1.0296956036540681	-1.5192647924141993
57.295680281912951	-0.50394185030991245	-1.6312945264447414
56.451859339040446	-2.0031083767908231	0.072464028102469172
56.124448196468066	-1.749894230270395	0.49928883970107774
56.400847939390673	-1.8151703300321707	1.1736455247011217
55.467776664511966	-0.90649152224794038	1.8398282123379852
56.80283603922539	-1.4321061754142135	-0.50485807844645136
57.184952208336988	1.2547816395137494	0.99697455835999327
55.577208280543204	-0.98352910944355432	-0.042309452943349535
56.480909910019612	-1.6455859794109	-0.97595111832079728
56.808822817438184	-0.15949002815392357	-1.7251830514238493
55.734301118568219	2.4465356859503471	0.08070635060064929
55.663367207602029	1.9620958839316112	0.34443426889209638
56.596595500398813	-0.75633067725628123	1.330796608746865
56.402703580883319	1.9703872792421664	-1.1226481622188356
57.071573507194323	1.0227967469985044	1.4641207331885457
56.62936677849121	1.3934238329251181	1.5172797853650843
55.831024344041261	-0.36740726165526444	1.8729249294959918
57.05064366686171	-1.2473152068689277	1.5262308168202448
55.491083600181028	1.2051222808209723	-1.7637257964662456
55.677535031848059	0.96911972225654042	-2.1352359131522198
56.745218102358045	-1.477860244991728	-0.79760085655823842
55.741268278497344	-0.95925592505741797	-1.4610574489360268
56.336310536921602	-0.96439917811322529	0.82393637655233365
55.71158104037211	-1.4740198357065182	1.0990552661288411
56.443595712895487	-1.2001920526315024	1.3231487067241174
56.591344176695955	0.91094275925377088	-1.8453467435740845
57.261664732503284	0.019545502541520186	2.108152765523081
56.065296069085917	-1.887722828975801	-0.24638480011117109
56.378265193594437	1.7575721359873977	-0.16824613418575435
56.382280514328635	-1.027934593298971	1.0603174237834863
56.571990823156966	-0.73700635872799836	1.7344731676740603
56.29128356519093	-2.239012740390006	0.21643524162930788
56.197728322511395	1.0328586360247149	0.53763563022858962
55.69853104588266	0.49773141074419786	-0.69979917339597775
55.978317601961059	1.4253053006848895	0.7332682201470998
57.197859794606103	0.93034992044125664	-1.3912890883134705
55.880612692355449	0.25461112545449865	1.6831246079451667
56.532564982972275	-1.9900209191917444	0.58756945940589789
57.150541104750559	-1.8865654404021026	-0.88822210433864002
55.941064570837611	1.4284508390720008	-0.80565002294211396
55.383232320304664	-1.3052880321553837	0.42900294801018612
56.804760575093148	-2.2582240761717309	0.31572775578863244
56.776587212507266	0.97845951359634631	1.4090188278651552
56.698129883319496	0.039472465409165318	-1.9292924672068288
55.431753193865575	-1.4268087518383801	0.21029764948863067
55.920095205420481	-0.42855968870852601	-1.9755692246053316
57.308280590966056	0.43549865615312133	1.7375874732280696
55.318665230232973	1.634241857881211	-0.96191117660330905
56.987981583044153	0.83746799022779661	-1.5237794367287631
55.706166162564102	1.1093368181500534	1.5261952149360687
57.069044808574311	-1.3162610470093454	1.1643969902199112
56.884299814683182	-1.7712699711453357	-0.10540048058265779
56.587181639325919	1.5478614933136676	1.0232253302206196
56.515590292219755	-1.0674502334076332	1.6804670208692587
56.880272809806826	1.6704730369302161	0.20415666955487274
55.263173347518908	0.10237808111497097	-1.8354881874031546
55.733036484127872	-1.4162095530189136	-1.2884676536615649
55.662956865754815	1.5163765829335734	0.90644051654767688
57.074127279703632	-1.8856338151362666	-0.83067922259699067
57.089151875332249	1.6989106450344391	-0.13174453707226899
56.41047142824101	-1.3991234818141918	1.3942734013483695
55.882706508422203	-1.5074857465122029	0.060177144752613418
55.652842147514903	1.0232763743108417	1.3916158051301186
55.596617374670103	0.067653958738449399	1.8478230193636731
56.192284666254345	0.07139108719087682	1.8399469234176911
56.443193372562391	0.94757046673237799	-1.3237277113980261
56.221448159499666	-1.6382628951177636	0.57990018952376798
56.681108686398751	-1.8374234171149397	-0.68531330327377071
56.484937151447461	1.4802581603462188	-1.0351251520413967
57.08093427250914	-0.21458522300199731	1.2626801426501162
56.543536584661716	1.2834374233677261	0.86227145139290617
57.023551954879373	1.6189778367203664	1.4100034279710514
56.89852832370979	-1.6060355857531203	-0.18023914645829253
56.631851391772273	1.6145542471569501	1.1923720392609931
57.156589213139412	1.7167540256819065	0.59609100141388993
55.383798166580732	-1.5240342251216252	-0.51041077104332355
56.929585403673443	-0.70496990341303301	1.7731028872704353
55.674407157922666	0.31810039846929467	-1.7982165002217338
55.324669979908698	1.5000707566574654	-0.52600591927135076
56.742367280534509	1.3052461452722288	-1.2121051589993936
56.149386707809107	-0.5266113733561254	1.976544051607523
57.232668231701147	1.3502032917603179	1.2162905731095812
56.97187641280393	-1.0489784387659213	-2.0455216278577004
56.304526489867932	-0.36490704919054467	-1.9244164730495736
55.384888106510623	-1.8076911557508792	0.62421652875867462
55.7692109699125	1.8492364221058972	-0.34760051816285381
55.533511594539902	1.5074701408359779	0.35766254196678698
56.965032855168182	0.053411974503737414	-1.7865721723428067
55.773842214665116	1.4594042856209963	-0.88174236115239402
55.680762530868599	-1.6715751997555905	1.4941299238080037
56.155588705209354	-2.1226023216067746	-2.0626031050626303
56.501583722507533	1.382417478029814	-1.3419497281354877
56.880194749520228	-1.2475661304067807	-1.2219692335338896
56.433124714381449	0.30079889165877266	1.8977006029861698
55.808931873711444	-1.1761022977325672	-0.40074298188697216
55.967465884672563	-1.9764126771998312	-0.63909628505894833
55.727330282508724	0.64093404739423343	1.3182743953429286
56.818747274617685	-0.76920459529505392	1.867642157004006
56.241015932523574	1.8268287073465541	-0.1679797489426598
56.423240273104177	0.028181566480619851	2.3318555485355801
56.186594426544808	1.4096377762408179	-0.77266755804509735
57.296360571953073	2.0714207252052805	0.40409424051952053
55.450437419110095	1.9993727036901954	-0.31388979077305179
56.630282845478973	-1.8819540560705659	-0.59693418463531789
56.58634659897384	1.8409358888598986	0.35720229119927188
55.410061306165609	1.5135049330778452	-1.7295570535477762
56.540217433386388	1.4208734613373815	-0.48764427278442052
56.324241105672535	-1.2905791566347995	0.28521389002831787
57.120698618091453	-2.1182732429007669	0.35243943106771342
56.281006473591297	1.3003276388831013	1.0990023542606184
55.613560456444901	-1.836458299625277	-0.79007675599117599
56.680894731540555	1.7506640281985297	-1.1249489570668938
55.963965535640611	0.26809919433121454	-2.0472867475616563
56.010239570899273	-1.8756290823659567	-0.0024052298098556483
56.243356979086983	-1.2634777415621594	0.87903796139457602
56.60541379859373	-1.7565512692087442	0.031264199920919077
56.422322067325005	1.3206986502363527	1.2207853848201831
57.184630657222357	0.78689998960828489	-1.2201876923207386
55.904874385187114	0.53474065058482834	1.6348603347066337
56.922090101706644	0.037072113974816918	-1.8494880485835343
56.789220417764668	1.243156451133802	1.9702757686893333
56.847840817347745	-0.21799120960297916	-1.8684894486486963
56.89107931719051	-1.424558495238671	1.2299024763185387
55.960546823523963	-1.243962100671608	-1.005283221041118
57.165851259727013	-2.4315294497431541	-0.54286848415850175
56.783948612975415	1.6055093762254957	-1.5269215325833314
57.067084961474414	1.9948750303277309	-0.33021575953898485
56.179887305265808	1.5279367532986403	0.99178881129599117
56.722711023839253	-0.81404687069840553	-1.2472826931192234
55.643196925998353	1.5845076094126498	-0.32352909820634002
57.274136924414272	-1.3891422336628922	1.0108991283036552
55.839011729032855	-0.45811281528857312	2.0506907710423068
55.239291943527228	-0.61061394524816359	-1.2879461801334526
56.984184183977078	0.55563279429702495	1.0647085426853071
55.624617034693024	-0.60933152401842428	1.5922291461477232
57.029032863981911	1.124317424676152	-1.1720973448451568
56.602825370488333	-1.6633129165572795	-0.43638465857288949
57.005400998318436	0.47204661158201217	2.1252676405233926
55.404320750049173	1.4182317895049137	-0.34071332526931947
56.306043970455981	1.2077311800856474	1.6161562804053777
56.312158608499587	1.3927172694904457	0.86919022872836005
55.654560641333788	1.0270715929957437	1.4697453686783009
55.562039134790503	1.7800144990285631	-0.72497224231610835
55.452042199243451	1.4624044024966547	1.0227888495975284
56.254168801640823	2.1869622115576783	0.26402088830549914
56.185915277524927	1.8733488785836798	0.65083865508839611
56.453905677136717	-2.3303624028167245	-0.79337087423575214
56.764096729562155	1.5806831202755736	-1.1185921298568222
55.985413695969179	2.0273404018243051	0.11565693245357914
55.142541422942074	-1.5848537283759037	-1.4905145676422311
56.712770295624402	-0.35867481866728401	-1.7470083091718083
56.003904935547332	-0.50590060129234904	1.5286806865657416
56.856168002943711	1.2564051098620272	0.25524591962811854
55.812916303729473	1.5656964769917479	1.0953881545527266
57.155950438549048	2.1990261519126739	-1.9304553383922081
55.601308353067935	1.1694645788919609	-0.30053244466249657
56.251902673929557	-1.5755186351656867	0.084289824021848897
57.238160836465568	1.4986435819126047	-1.0175252318355192
56.958518787458168	-0.64430987946916429	1.6233030995259365
55.821547948706659	1.4041432887634615	-0.72607747143427004
55.991532501649274	1.7870501479822747	-0.1838626006777285
56.645744005670039	1.2407920564754731	1.7398876687787117
56.119498540161587	0.78817541970358207	-1.2672929135521727
56.781879407649974	-1.1152205603557079	-0.84404625398426913
55.697204277337043	0.21163330721817256	1.2748335213193718
56.203281645908575	-0.70209269481634728	-2.4910716873801197
56.54569860209029	0.59751765250054634	1.7922601638172442
56.865533865996497	-0.97184470026728853	1.5455078754782936
56.384488272129232	0.23945361787990235	-1.5988033496613814
57.145394449041326	-1.5466002708017133	-0.46138555690632016
55.835313453016198	0.41828090814646596	-1.6299784959113639
57.170961496137629	1.4592900474857429	-0.060740909941662057
56.058604287780597	2.0586052460455728	0.76259482620398911
56.041015741175507	-1.6248118179963114	-0.12291970102682472
56.101559545326381	-1.1424290829812291	1.309201230955676
56.438895081268392	1.492692419864563	0.84488232943903407
56.018572850386832	-0.97895470520746153	1.290215625598101
55.638756142778156	-0.23821305219304409	-1.2514387485899454
56.936822730484337	-1.6447786241236391	-0.39486304186436455
56.250720925054353	0.9126555319587033	-1.5650669367389518
55.372280162561417	0.14921431626326156	-1.7175020593864607
56.26034884842101	1.1546549547424179	-0.83101206319796006
55.848202497384349	-0.52599907589477168	-1.6830818466122264
57.090046372536484	-1.1979443305789088	-1.1776382079088215
56.814945318286696	-1.487699337925982	0.97050592521471934
56.141779029517103	-1.1329766169287894	-1.7328874173147701
57.048010914543219	1.8495442764349563	0.44088516534463362
56.209927116174974	-1.3150791887220683	-0.47940391128719689
56.221687452519156	-0.37414493730225423	1.5473182760479038
55.733460326902701	-1.1805806572941817	1.2455393224711722
57.047170579456719	1.9309202611680194	-0.42547303697051475
56.151457476277876	0.36833626251178031	2.0432453490189761
55.676870449441644	0.27018967542102995	-1.7331704626937712
55.723235056297817	-1.5252438595243853	0.49342022802272584
56.65536487692308	-0.76092754279659647	-1.198631079838592
55.62945805236081	1.7084264168182153	-0.072403015639275162
55.303966646842497	1.3963084778660235	-0.47188802944240332
56.132079889771198	0.86226908984763895	-1.5878174123772222
56.722952124114059	-1.8506317682792506	-0.14314316219740725
56.778626480204103	0.31204912442425509	1.652778794557846
56.902773484261473	0.35907530861727344	-1.7680325659348053
56.451388596485948	-1.0509030133054513	1.7993603571099221
56.695981460775776	-1.2416214299790485	-1.4137276743010709
55.760721930060328	1.053419420252014	-1.2160670947754055
56.34351137861087	1.170881513970228	1.3504695639197681
55.454780599070659	1.9761300969621738	-0.22189156947601521
57.10680691281555	1.7172666858171814	-0.44187305923928771
55.435465100601462	-1.2466865914107734	-1.5048746387952541
56.767455279770751	-0.679977763834543	1.8367296025658941
55.438250772528932	1.4528496124679851	0.50050157205955803
55.77379134630926	-0.924543192329355	1.5654342328405539
55.891304781112972	-1.8846752910258182	-0.29525991899727494
57.170812822592843	1.5496794435673891	-1.048975723160148
57.030042611203399	-1.8451938566424901	-0.27315497215474371
56.136929159364641	1.5239177517823899	-0.69730720246166211
56.078484495490756	1.4683100976027499	-0.45036445566034727
57.111240347249229	1.8492843603801785	-1.3299752983371218
56.659659701146104	0.25526401857419206	0.94099692286284742
55.839501380734077	-1.914411307581479	-0.17738238560341127
55.504430879820767	1.1409360017634416	-1.4755215718247932
57.200554693394942	1.3124259049513827	1.3856379465870496
55.498348556645681	1.5960295560910858	-0.062081943431063914
56.633828980765607	0.70614522390450829	1.6213728369219487
57.02412529847939	-1.7479138400087402	-0.16976661145734676
57.116751858025196	-0.5040091452117812	1.8286103078459748
56.994202508379551	1.3377688310040243	1.3065882310035084
57.115508371804893	1.6077227971444279	1.4774567500458278
56.893194601262614	1.6236860668993169	0.82018168307545725
55.703723024192065	-0.2356427778167558	1.4756653421392065
55.956245549397771	1.9605055385784778	0.27951912242666338
56.401895789767138	-1.9788203275759053	-0.47497035407457555
56.703629916388181	-1.4754292576319796	-1.088252744663581
56.360145930121526	-0.93610323451511113	1.3729967144101349
55.269705344550552	1.2680255783400645	1.4684928901824497
56.32432131083096	1.4213341804483592	0.1496543687240168
56.001065012597628	-0.14240809434293394	1.5164817562139785
56.286988860099619	-1.6136469755106864	-0.44139274648785581
56.501957603720371	-2.2552971916451017	-0.1498769365731768
56.310438306548072	0.12439687053243477	-1.8468096754996732
55.438589616284915	-1.7640387133384117	0.18457453060816512
56.828632528662823	1.0714157983489718	1.0715497471505155
55.431638771587934	-1.506509488998629	1.2225430658401593
56.447905855218416	-1.0374969216255114	-0.83130248604651547
55.628162402977942	-0.66677742090737768	-1.8873102573813607
56.891127277046344	1.460909544454408	0.31508928136498981
55.46137474401948	0.10439835713969131	1.7737819729180391
56.589810901252065	-0.91237239490875022	-1.4511189567814926
56.055686181141105	-1.5941320819031743	-0.22433232815573143
56.853272517859011	0.24727929588667324	1.548899142531261
55.515505235982125	-0.90690951085640925	-1.1056317282816364
55.498474397667266	1.4719500258889229	0.6141107955382652
56.352491527651139	1.3902401379489699	-1.3654586440558945
55.841365437902972	-0.30401532287760408	1.5826527296033019
55.650981224972504	-0.069586284977290663	1.9190152561441354
55.549433554756561	1.5770718869135838	-1.5445220425936195
57.030145109726966	1.4750813693043592	1.0743458574545153
57.291838981942661	2.0687607924585705	0.56702998988958708
56.211076818586534	-1.7120274528555841	0.34523822776323054
55.697056773574239	-0.2583512155437116	-1.9487140109790564
55.98104389066161	-1.4732060510167171	-0.40889912207558382
56.830969089881521	0.33070094317025966	-2.1365730303160353
57.097859011052819	0.46729557576649061	-1.5937392251335842
56.64639054543904	-1.4540230866350359	-2.0129032256449229
56.624985985057336	-1.6230786231016601	-0.51738825770733643
56.235782635067544	-1.5646167411686078	-0.21504316386212979
55.435116087421349	-1.2545019539045856	0.040941901332732539
55.641157990673683	-0.79584059697883869	1.2420163043846075
55.724565852240076	1.4232960238538181	-0.078005743178687789
56.882765495592416	1.8004829611278765	0.30117610662744188
56.687487520586835	-0.80965543452358069	0.85531132833005652
55.38386840271906	1.3813675126797975	1.3223252482495123
56.314954427949651	1.5774117619355479	-0.59587024714461045
57.145646834488971	0.3253415349081939	2.0779109768765824
57.217912600054525	-0.036070453447638949	1.4497705900214579
56.949192232047444	1.2989264478015536	1.4629730962150671
55.731467825523737	-0.69545541535673072	-2.0631379020571674
55.769015646002451	-0.9178104209898662	1.6816405300178618
56.133704913002362	1.0310361783621287	1.1476031307571708
55.677191257258073	-1.4475462805891113	-0.015954763533930365
55.302232561736787	-0.07007788656835208	-1.9788210356552605
55.446982496434671	-1.9009028052772392	-0.65927232153928095
55.651079794957255	-1.6056843280439712	-1.1324302816813665
55.631934671788308	-0.17603661998129749	-1.6093960136500141
55.773990827331318	1.4834682285137393	-0.67273989346832341
55.22770868764978	2.0221353771703683	0.60642707373774751
56.413029206313958	0.73922244126050651	2.3300487389248135
57.004832097890166	1.1332926699422403	-1.6796531133239776
55.248816505403816	0.10780210660200835	1.5378288229907275
56.928410831710657	0.94931687200879922	-1.1418880730529348
57.001122693949981	1.3409567870428516	-1.5484502816559957
55.563140384482153	0.30201125265241413	-1.3614344033193944
55.998272525921699	1.9509281640565084	-0.57281241370199976
56.880221241346952	0.49761271801728874	1.7758691604078303
55.399587036552361	1.1598090043713749	0.7368010799294813
55.392019343418141	-1.8682421797511928	0.33463945036417808
56.22461387616832	-1.0771758517894039	0.72332251022839256
56.209895609373014	0.43229693165402483	1.5411345142496471
56.232222966838549	-0.3730518898363307	-0.76559412815039507
55.345155281769188	-1.5463612262273421	1.037206539412203
56.724008925593118	1.5605761118334618	-0.88708787072212181
55.993661734604302	-1.2759723615800376	-0.28333658790226462
55.704489572909374	-1.3203965759572964	1.230082929448105
57.080203219112846	-0.97750656577359996	1.8599975171076566
55.51927125823628	-1.3056183350843904	-1.0514651658565806
56.188188875302842	-1.0508793632574518	-1.5453422552799643
56.602268731720464	-0.0042649931553486115	1.7283568094122947
55.852371168853253	1.6771759339038044	-0.98799021224123296
56.610943884830057	0.47733992208767911	2.1502474071466735
55.399098694225778	1.0469170854849623	0.65883923353348206
55.329439671516866	1.6913685424863563	0.18164266898037998
55.455755164300435	-0.18514857088494399	-1.664204677090523
56.8295757441755	1.3820621765013914	-0.94708370310585999
56.912705086324614	0.45055039990837475	1.5317426928123985
56.989756446296234	-1.0225794739911047	1.6352575364958848
55.882896990065873	1.5494236362645417	-0.0010376586955471924
55.289261627717046	1.2970720636728237	-1.5069418911503003
56.959485755005595	1.5884794792780463	0.29820969884503828
55.741732293256874	1.5200142454248691	0.98642852714981044
55.371054440419613	1.3781839395242155	-0.32857587822357104
57.215947044201954	-1.9525088648851907	0.71243887559203112
56.099253936298197	1.7604634033827569	-0.45486684617791201
56.24070510712064	-1.6988190751861985	0.8779099226687378
56.289290004383879	1.4679505967854973	-0.84557623796441206
57.041154171658313	-1.1937551716857702	1.2030726231775082
56.466114688071691	-1.9781320813320029	0.3318586540327626
57.038745187539178	-1.9421437516302769	1.0127675142821626
55.516729211972688	1.7895115377913717	-0.000623971056219108
56.441836524801879	-1.8921734601779576	-0.63875280936762535
56.450680486711576	-1.6247183465006079	0.1406548336160694
57.175386432589747	1.184555325791379	-1.0061018517147888
56.024178264583902	1.3334199843269106	0.90834206839056897
55.567775291865594	-1.0682562291912125	0.77973124302922425
57.010966315067165	-1.5774775669168268	-1.4275759467739695
55.619227034763831	2.2835609048389687	0.40192618049641338
56.340295513270938	1.5593871214644597	0.41913402495074603
56.965678482064334	-1.4849152716942398	-0.55113659084874411
56.382828407709212	1.6916244188399332	0.17843040219836379
55.290598625635639	1.856981029037166	0.63940647951574425
57.110559573954617	-1.3896407519603928	-0.39532473292168574
55.475130567041191	1.3356418063906681	-0.6214621638559702
56.987074128819565	-0.063821182137665078	1.4040953535415206
55.748507428971187	1.4863570971383242	-1.2724567677982064
56.70259838833087	-1.1169981739344554	-1.6387550683055381
55.913190994987552	1.1239560493685772	1.6790296717313435
55.705834454245014	0.47567310885513986	1.5056715707815822
56.056250884158608	-0.23445059303683546	1.9486590518249327
56.842923718460241	-1.6563081480561033	-0.45688015943701998
56.382913976339459	1.51374153137693	0.39671828345969362
56.973366905394336	0.87508302217334044	-1.8836955156132384
55.808510054915445	1.5753484227829713	0.10967413427837046
55.529049039392703	-1.8120334478077444	-1.2276320186485807
55.504254574089259	0.6442809429404539	1.7336276631347005
56.651863464241927	-1.685378665606903	0.46817705574845836
55.296936936447281	-0.045884579635092071	1.8509426384266521
56.394093877272155	-1.1238284536232286	-1.9490052520537946
56.252169447440522	-1.1961091530225771	0.9976965667910932
56.899931082655399	-1.5719973985724101	0.32962569464652358
55.556752088990471	0.90380270107892446	-1.26985401095255
56.746348419227935	-1.0178142744400622	1.2619018539614257
56.888681796814197	-1.4634343071018554	1.3927167634807871
56.425895813729625	0.22841038634939292	-1.5315776798419332
55.840525902652765	-1.2201647859938671	-1.371188262098548
56.345343571794302	0.12559622861094114	1.6174846969415804
55.87930467213878	-1.0537591832675788	1.0024682220769365
56.250730072746762	-1.6130447524721199	0.37959098756660736
56.679813321039759	0.31282446114850998	-1.7527256926391233
55.824418812533864	0.72399467804868689	2.0937358713524894
55.851815656440593	1.565295187247433	-0.98158460216786803
55.81697222436069	-1.4590984831087408	-0.59836997601274333
55.545583069172828	1.5232974394522509	-1.0076809955339725
55.420053613303118	-1.6873046149096862	0.31964736416509665
55.599616859424621	-1.0967712025811636	-1.6819160454565714
56.831468165016055	1.7662613952186403	-0.74907041373326633
56.419091370102151	1.4922757546212426	-0.91671629867334825
55.481304425521088	-4.0466673682269221	-1.0441203477834018
56.402367654361228	-0.11630363532929774	1.6932996866935426
55.627770343990512	-0.14695519190015957	-1.4309461994272359
57.044136858685533	1.8563811790337739	0.19788438620870397
55.647192607807419	-0.59726827031195995	-1.6371294730202031
56.349370096927935	-0.21342709519211248	1.7679119951372237
56.515845594264405	-0.76657276182703005	1.9297562986042625
56.897989517340626	-0.82517854308299721	-1.2647595879314328
56.701875219934024	-1.7186691301790296	0.39878443438998457
57.358280199292714	-0.98163747401590051	2.4219452108709691
55.994764243592549	-0.74197428426863954	1.4660549642653433
55.885278413400926	-1.3679177945272827	0.79921913336491379
55.763232879122306	1.5597508692804112	-0.99281672284853917
56.293210252118925	-1.6589957186588145	1.2976464345779715
55.663041990117726	2.5444946053525013	0.14351358391982363
56.157948266087899	1.734235214234465	0.2340349778167915
55.789344879143236	1.2395629170676981	-0.66936351012867368
56.549099065963333	1.1428226241448174	1.3746365956670701
55.940114835639456	1.8842489178048352	0.21787116841316492
55.807138829025881	0.60977206539380102	1.9529019502174694
55.318922625915981	0.31593095058840448	-1.5802683789163861
56.126877090105722	-1.3287157322499783	-0.88403299653206402
55.254162786477238	-0.014630379365008252	1.7224305681271008
56.812284364277723	-0.42196685436228271	1.0502554794724175
55.672084924287418	-1.7199477133176464	-1.3122891192942032
55.63251140638539	1.7740204293702944	-0.40422873929080771
56.97990913886737	0.67745364849862499	-1.6393315239787221
56.92709966670381	0.48987834054776613	1.8620146992539759
55.517655023079378	0.66198647690736157	-1.8962470321967941
56.814729896760561	2.0472525252338087	0.22711453565086856
56.506386500611093	-1.6477621011502093	0.71500823733842389
56.830779050263494	1.514062658348392	0.49447553300208458
56.268345628951572	1.3471033999868094	1.5392135982123081
55.677439864524786	0.18673860446306337	-1.7688710227228741
55.990353867059774	-0.47469237346981108	1.9949961419006725
56.697444689338653	1.6872413364994967	0.75351172148285783
56.267936526781618	1.0355977201811448	1.4203365879816374
55.749589583013737	1.7518274239184795	0.098557026394215153
56.452811985262997	-1.3731068064040401	0.69673507036797411
55.856768248392143	1.6756567046832995	-0.52375498891702355
55.585617538948846	-1.7442479939470783	-0.84129843181934549
56.937494521653399	0.0030478302161721328	-1.858735703815604
56.077436856289502	1.3446089222083137	-0.93663447445271331
56.44002648588777	-1.5956095199842268	-0.68006755388021878
55.641760588743047	-0.96208834165666934	1.2592379940639291
56.22196111737231	-1.869627557302511	0.58653346496200032
56.52383043956538	1.4248192344619584	-1.0263174689146317
55.573203600964526	1.6851639175074686	-0.051990473133573654
55.693515192822119	1.5888190416445489	0.61103545905988088
56.600776964138802	1.7353257525188295	0.47389012037804623
55.965947408244276	0.97253797969763878	1.6872154764844727
55.930609087854037	0.97206930163404737	-1.9241530107114713
57.23732939598105	-1.1593343157344023	-1.3738946381375354
56.277076282040383	-1.4016852181157986	-0.66336807433510936
56.924531011675782	-0.90615255947871187	1.3593819098519981
56.556645745747083	1.1432756656379219	1.2917393301978755
56.492393932491701	0.96147630098414272	1.3599498708762501
56.313019129244935	1.775090852305713	-0.020269349609156124
55.425998967463002	0.63694163813555704	-1.7516482389791301
56.09282458300752	1.6304774326821629	-0.32094869183472885
56.737095078812068	1.9015004942487332	1.1058673542568425
57.036249918739649	-0.98708057717673559	1.6750153702883523
55.489335173980699	-1.1202058541600142	1.1759666911871645
56.400772734634785	-1.5734304848221323	-0.31837131145396214
56.514705849824985	1.742610554799308	-0.35504898519826178
55.717228549227833	2.3926895342804841	0.81932358690432339
56.001412626864898	-2.0873327805608781	1.3591522330250432
55.765230372453637	0.99506320226747147	1.3475977950394236
57.043302650776447	1.6739535107014776	0.72917803230068634
55.455545097729129	-0.61524277277704564	1.3370368515769595
55.254345628569595	-0.2966312156459982	-1.8270118240358193
56.133066892948939	-0.51170947043723092	-1.4238785960963452
56.357659954720695	1.5720288631401311	1.8996684247831652
55.666912112671589	0.68841778699200662	-1.6368219391337795
56.314901598009044	-0.96435390111001185	-1.3855765006911223
55.339465120171532	0.56480010361183786	-1.5059640749641636
55.821711907699907	0.25744772527786358	-2.0421449776071379
56.539013075280558	1.003303790982808	-1.5846415768310498
56.281703990212925	-1.2785777285667788	1.3081544101688156
56.228833437682447	-0.11582267579772682	-1.8107582556091157
57.277947902014468	-0.73073907801005467	1.1721891440143766
56.022417961695936	-0.70375864511798014	1.4393572461122941
56.680704635677884	-0.57714641012576184	1.7920466809946398
56.483915017678754	1.0873630815169355	-1.0110293198548967
55.626794442964936	1.3790527102970793	1.5043856072005781
55.806763308303239	0.53250179398062891	1.669986084501933
55.397193572476638	0.77410675629108161	1.3548390266544694
56.965382722302884	-1.8225218297974091	0.62983852919602412
56.268882895865957	-1.9090143118485436	0.14403592365959719
56.582904574812908	-1.3660934949821266	0.30492490197794575
56.7783126803347	2.0132092982260876	-0.28926404219244645
55.423623429972707	-1.6919583985555258	-0.40058317274754734
56.564371202297188	0.42748547790994973	-1.6254805929943368
56.343609381973074	1.592582292291886	0.059736427802853778
55.290331356551278	0.52261391567261695	-1.8434778829459377
55.905471545993777	0.96038938723862266	0.18857400529497456
55.720113304361099	1.6948958378585814	0.67155633339297482
56.281079929974652	1.7871804995930896	-0.14455601758814524
56.512130226792422	1.7348478538441812	-0.53048146598824097
55.89086996334774	-1.5978992447661131	0.72279719570946399
55.750074582723222	1.0657377148162779	1.6540316803312183
55.319397762456475	0.6007059234984099	1.4805148400989805
55.536398005937528	1.0971829179874564	1.4680390987768681
56.9916828646925	1.8894225542832188	-1.1465949259310806
55.656435889114704	1.4567641160211662	0.71104062776964372
56.69479076777516	1.7693513097798879	-1.5396345780781298
56.983608121421724	1.5706342427654232	-0.74552775027521223
55.520791520314745	1.7737879834120218	-1.2742613060780112
57.170505184512557	-1.6307786704115581	-0.84903552812392347
56.24078553455859	-0.71836376885050957	1.3249923655624396
56.569912646316546	-0.61270888679456637	1.6600851413457443
55.455863079512177	-1.0653949879495606	1.3762035662307401
56.895032871818231	0.21665286100047265	2.0633559471837004
55.712979270618504	1.9697478894631937	-1.1835651555570823
56.051590150260843	-1.7591863778215355	-0.23756845505950222
56.409213538756433	-0.86043976901119756	-1.3362347542468831
57.087653628421734	1.8018922327327076	0.50821325972413001
56.862542289654947	1.0564280832692383	-1.1672582567288505
55.639088984611853	4.3111976554229505	2.9046458072265029
56.093475755835961	1.7902361065705346	0.30967498816904976
55.381317489143314	1.1713271786100774	-1.184317185559528
55.504979442975554	-1.5202511922802078	-0.20930635204445508
55.721095676286893	1.4478930005633235	1.2572021599832117
56.722549423323649	-1.7613007020548874	-0.31485233740202434
56.604187683283882	1.855552782275055	-0.6023419928504089
56.706971662624326	-1.5526927737492677	1.0401873751607831
55.670563341232246	-1.6128145372280454	0.76336816170322175
55.281288704848059	-1.9857361804182108	0.55865059511392745
56.783346125026249	1.6096501306214859	-0.29925217285388883
55.863117418897453	1.965902470252477	-0.47469641422575187
57.195091397357579	1.4874737964551836	1.1065427638915621
57.184145180908004	1.6150290082679162	0.68608844440481564
57.214895081114811	1.4864237593487464	-1.0148451617129459
56.524356276607847	-0.69825288163751364	-1.4907145871904022
56.316930709477425	0.050066705548888757	-1.6541599222922792
57.272345468590601	1.9919152190036904	-0.4458067683746883
55.987579485853267	-0.69373056216604789	1.0254789103233608
55.332861893460482	0.22434505693979223	-1.703976250148256
55.851141222993533	-1.0193237060039302	-0.79960554638729242
55.418098379400014	1.4203372557101936	0.80512291524102519
56.031623416764049	2.254895105002467	-1.3881480332112233
55.415833386691538	1.024640287585632	-0.86626654524418356
55.296455792950063	0.42208920288741225	2.1085201760232026
56.18066855939005	1.1645785193815703	-0.82629857159653808
56.465365365457892	-1.799695038165958	-0.21911739677020853
56.591722472497139	1.66481091277049	-0.43305406761631038
56.007747224245072	-0.6716975548230526	-1.7589879768075711
56.623297895604161	-1.3040355497502059	0.84952864346772228
56.148473800279625	-1.8555952752553295	-0.2433611517282471
57.286220652430316	1.3560536633350651	-0.8093910931672208
57.179865823476362	0.79406835683549026	1.3910790399454016
56.578406388290297	1.422894405892255	1.1756527713225495
57.221643081795733	1.5804670861762882	-1.1654391144184002
55.278244231322873	-2.2062675720055793	0.49273036550242783
56.585206469441793	0.7375693017531596	1.6368403765438586
56.203563561712407	1.152629648823716	1.5823704340428424
55.817446006944898	1.7260273645726418	-0.30735364856482666
56.020613625837036	-1.2213269889123166	0.55481891197246125
55.480764194405296	-2.0751405203873388	0.20022227068755186
56.765310908463739	1.1365390989327644	-1.6216565544836661
57.121244926331102	-1.0985533289356557	1.2710045785545485
57.174770052642934	-0.2458184234307772	1.8071056097347122
55.960240507947866	1.6465246894539929	0.086162372488593722
56.547043075360051	-1.0662901789882397	0.99337864892979466
56.138432875663234	1.84344462308899	-0.71917644512854006
55.808912920976631	1.1012794869115057	-0.93636707690468568
55.926712012932391	1.355788745132704	0.28058071084066932
55.381933305572147	1.6619765971204965	-0.20447112046790997
55.691533014018482	1.8035284402567426	-0.76482177253235573
57.21621144426954	1.1163914316503645	-0.57590129794998024
56.62313167785814	1.9160715757151541	0.28918328962273648
56.405340017923976	-1.6969451128395978	-0.36020921814337303
56.026396486279609	-1.8067712024122751	-0.19417439922215773
55.963174259589024	1.0795176717674353	-1.1532175170358037
56.348946182108925	1.2587548577873275	1.4389844691022649
56.819078807906848	-0.86381331041560516	1.8093797591338636
56.264313739572778	0.16822384774461255	1.4179787957981391
55.392038183371348	1.4348240753222923	-0.028748973064070513
56.853917925341456	-1.330469476425489	1.1145997432824302
57.008878365602911	1.2421430737810346	-0.99529846527373533
56.14430743203981	-1.3471567161148921	-1.2812234269045486
56.574272034772576	0.14506807912457848	1.8729831780094064
55.414716935812777	-1.1469024042583573	1.552413242963349
56.004493883043018	1.6279987362485109	-0.34198247885243033
56.457090329867974	1.6485855575691766	-0.44888454413114698
55.336165560764996	-0.19108354023007335	-1.6624004570982795
56.487803587963235	0.34600958980793595	-2.156318015062376
56.541091141776363	0.27842412016997814	-1.6169148134140487
56.355199776808924	-0.77424092414839463	-1.6196184164568124
56.93117829611802	-0.96645029319741405	-0.89899614957170859
56.552377992411913	1.3857108677626846	-0.60135560054823989
56.841337394547381	-0.25205473984459292	1.8553661776902977
56.919286248587461	1.6837711863373654	0.54498459163851509
55.410572503004445	-0.44735760229076971	-1.7781473257671019
56.161162840746016	0.70374556528795296	-1.5046619153691687
56.558400411046854	-1.6869751462626297	-0.26820294291866892
56.736278441297735	1.5892476777192148	-0.77417553905707004
55.855907897048908	1.8677785246423348	-0.38016734852020662
57.084216082958406	-2.08116874021013	0.14306543572064739
55.992807926809448	-1.2241091323034927	-0.12702171984516755
55.597740181213574	1.6192259537190594	-0.98705598442312958
56.371395403561621	0.55978539695952467	2.0817443559713515
56.977554336640509	1.5862652089459091	-0.9046809046259856
55.597699550219993	-1.0205704744334603	-1.195586887264767
56.738020237352323	-0.92674751141584755	-1.7765394174854574
56.492472276023364	0.79739277381658114	1.6740040970782868
55.367374030259455	-1.3714745715426577	0.2597879324365992
57.212982329795558	-1.0846242596217954	1.5108851550313442
55.971906135793503	-1.0071205073891711	-1.8057061384217346
56.74257282003429	-1.9885517042695562	-0.39828927962332611
55.605130548728035	-0.83056767974945256	0.25661176379511363
55.452476829393369	-0.77830055872100345	0.18591446597973507
55.360981167060238	-1.388348798678922	1.4349843045246753
56.948455957631793	-1.8971402491864093	-0.23060928499997652
56.166154197262784	0.6241837003770575	1.6153067829230763
56.01327152140481	0.22763018546886579	-1.9410849260872343
56.109256730011793	-1.5309055465322878	-1.0356875785837927
55.702950036118679	-1.223894015800755	-1.2993932801979855
55.77960332615185	-1.7077430350147416	-0.91339991698229639
55.528152937315063	-1.0359482384269547	-1.5117094867899956
56.75820030693891	0.44560430727828676	1.5871762880005502
56.491878211547046	1.8395066607039854	0.59941405756478972
56.831923448874697	1.1537404192139848	1.3041698954096728
56.89397717142873	0.27258523484663955	-1.9866113314039708
56.233978521423602	-1.8553297998110181	-0.0047071104548972497
56.156196071760391	-0.65186896119673809	-1.7086329198276251
56.342555345185232	-0.89963878227339167	-1.8689179736251984
56.282103932361409	1.7871009796648967	-0.26420699579639595
56.838660700855385	0.89985655582196078	1.5482006466323417
55.877982002505568	-1.7102257686618798	-0.86204948668055248
57.322007709759554	0.095884892246536707	1.9626682417965755
55.397315061086843	1.5721590463029358	0.47212258432137638
55.554148926688775	-1.0835425365860487	1.1155414073796859
55.834220828607286	-0.23269453623638575	1.908010704391891
57.01323658413785	1.7591331197536435	0.12300377439987513
56.365930398194436	1.82123165504312	0.7438615026180645
56.935466756163834	0.44347840945858535	1.8287876327217634
56.429588815897219	1.2384287435847372	-1.6213598295440266
55.867671284125706	-1.6821904446931804	-0.87365979950631201
56.330821847650171	0.99647073072261316	-1.1673247152854258
57.304483739304921	1.8133854345937597	-0.10497416936778464
57.31684488687624	1.3576701976021042	-0.80967101466173397
56.007310287375262	-1.270678257640997	-0.78041688748802251
56.891494685821726	-1.9131575437206751	-0.80162658596357073
57.137568930409572	-1.4670166330963155	-1.0852056713400025
57.082935019477887	0.67012668798565134	-1.8941074331119325
57.170696098484697	0.34765290411584887	1.3452815029077034
55.927874004610864	-1.5588041107682	-0.95403376934363915
55.793651022823006	-0.73565784497373488	-1.258810531300625
55.415655416770406	1.0398703951423116	-1.5453120945294603
55.415247247118131	1.6965638709491311	-0.54359339196246781
57.17540445429681	-0.92566702037487969	-1.6938829601319334
57.219759990540368	0.42882285904003248	-1.6342073357741067
55.54103302651734	-0.84976054558663083	-1.6190366222841093
55.439389338454021	-1.3279519712781767	-0.56756244718458726
56.058260962436954	1.8025623290740038	0.03839499165871587
56.843311249261376	1.5869861478467384	-0.53020700874012061
56.784706349952828	0.58991520077471482	1.4676571064629373
55.939740489506768	-0.96226823770682179	-1.4848486849788172
56.399770337274795	1.3640284597619505	0.9577911951652669
56.337788623380654	-1.3558898389212461	0.8615570418728058
55.144022266425146	-0.84323313727586424	-1.3537314208083417
57.023905564580204	-0.57286368490260564	-1.3981564773853503
55.915284078844842	-2.1234443442424698	1.3074067731966879
55.85424787673972	1.5842057807497683	0.39000111525875802
57.08808193097699	1.1872652521030669	1.427365225710685
55.605848676688431	-1.8254285664249916	-0.28787632684764092
56.917257085591217	1.6838756027730226	-0.13401122314605371
56.711954782576726	1.5711970407040117	0.11834353163715167
56.146045095792367	-1.861713117455106	-0.66894439145818174
55.297580678684859	1.5896050760804561	1.7165081075831945
55.892042867693263	1.6022639431224808	-1.0701875531755005
56.781278810200092	-1.9463345028893744	0.055809122149661418
56.111528636372853	0.60550700572248362	-1.6093728515408403
56.434750923973141	-1.2495362076003851	-1.2260299578771754
56.532600747882853	-1.4033179093204586	1.4236678354124899
56.984129047832916	1.8208260244084191	-0.20685856907611225
56.721661815485312	0.40892433902194064	-2.3246564465574795
56.011656358434614	-1.9999494271259479	0.0016798409127211104
56.456111720752752	1.5650229462516383	-0.98940197078313774
56.060605844789386	-1.6389286851873592	-0.13032478157561678
56.200715480059216	-0.7616652605823746	-2.0964049928195347
57.014080800484791	1.250670304660721	-0.99429863449597111
56.634534367268579	-1.8080785288379138	-0.8181918059247717
56.890762150469627	-0.76875370735142223	1.3776256962319366
55.40660820615426	1.8510969919368758	-1.0749289618946691
55.754109309132012	1.7021736784286989	0.66865120199437944
55.824294184530608	-2.1825931868174182	0.087575351503077034
55.854727639314973	0.34285070492031289	-1.9708544465762183
55.770632644150901	-1.7060886109954054	-1.095477974367127
56.987073462461346	-1.2805732099959508	0.67820389889363097
56.368956002045195	1.0085790139054489	-1.362951613957383
55.551934729864215	-0.52421148390385708	-1.906070571452037
56.544223896021812	1.7445195736268952	-0.32080641429428691
56.39613572222239	-1.230571762787521	-0.8598193950679579
56.344887992471492	-1.6810278695173027	0.41477631062191866
55.606709684191948	-0.45754812859762806	1.4457359383268136
56.794683486161688	-0.55510768160688928	-1.7485960184526739
55.96748127367664	1.0828135809197972	-1.6523311507353913
55.262742297793828	-1.9922108945542281	1.0152363917181355
55.950241805014926	-0.23469706948267702	1.4532967031995958
55.517619132631815	-0.7209167270617054	-1.5618609257776739
56.249488487995535	-1.2265052950915167	-1.1476567977146759
56.495274667431438	-0.18411473599194397	-1.8609937821499325
56.779848511899289	0.23366346071360769	-1.425547568072232
56.067667144399742	1.053105292037064	2.0416882206430906
55.22828131239325	-1.7504341317311887	-0.20439156719818191
55.843034229550327	-1.848859580039669	0.34227957639330608
56.672271539217718	-1.4121549824742832	0.068688569616080442
55.835559934454565	-1.6510214081735826	-0.0059920440010107654
56.746628863782838	-1.2609514932024199	1.3421759886570206
56.038462308721499	-1.7814559497348494	-0.41311450575242725
56.914995196531095	0.39923719186377254	-1.6209077791884809
55.661776064040104	0.97787876216849567	-2.1334397623865478
56.898854544258533	1.4044958082612466	-1.153387571644295
56.371278314783197	-1.4314060132607977	0.92144356095495761
55.905566506326188	0.9637464398808423	-1.9206358266039638
56.240997981522838	1.7561207862348098	0.61571550778782003
55.37232451714997	1.8695550484337016	0.36844341104749401
56.688651606856126	2.0151250606993827	-0.060100986773359802
55.744613802214225	2.4138518471977708	-0.19113899448004457
55.626934566763069	0.23322883146003209	1.5666393106526211
55.406495917090467	-1.6257138910040656	0.22139414444081987
57.020850142561478	-1.7329797390954536	0.64529670815039142
56.039518096670335	1.9134653758324973	-0.86048138773778082
57.055095654216977	-1.2803024155960203	-1.350041076792609
55.502095140996566	-1.2104739208173256	-0.44990390772550687
57.129931988619099	-0.10602792648489892	-1.4261033128585157
56.231263764041508	-0.78032382245572651	1.5542873599759033
55.696496016383733	-1.473735818718475	-1.1590085339401524
55.426083255544093	-1.5369502983920051	-0.80591425505909786
55.938450281065492	-1.6965491285556638	-1.5713288514235986
56.073413698568629	1.9800345584473344	1.0666697731299994
57.12360243578042	0.69889011157402059	1.6119913755660051
55.540263560732477	-2.0213604889623449	0.25208702586811077
56.291401776446875	-1.4750013974835461	-0.3368018748050669
55.700066443329369	-0.60423161841637485	-1.3821001752818194
56.599920665432805	-1.411484446102836	-0.95948706547992746
57.131074405476085	-0.22969607833660977	1.8089387226317408
56.841435948947506	-1.3376344226630683	-1.1126815619238213
57.127794581327862	2.3253714068640887	0.72388683728061409
55.940066325107921	1.7448387446991176	-0.46648595052292557
56.705947997804628	0.12795109920837591	-1.7061397662200428
56.815031592746443	-1.1108646741524868	-1.8496357390910672
56.873584416736691	1.6126590165538597	-1.1728511498730636
55.579223922866653	-0.31447028600199073	-1.640160950472676
55.512642462029135	-0.87535886466890012	-1.4987397167647125
55.471260561748913	-1.6007612798707562	0.90753733384872548
56.841430266279652	1.6805655512612441	-0.59085559487719963
57.154404306173248	-0.61570213020917453	1.7472508354671616
55.365589007477688	1.4339805147040665	1.080362992073751
55.357395141421705	0.26205752642621577	-1.4662625731011523
55.798963788182839	-0.7774894662284122	1.2907803907548201
55.621540233721582	1.5746382332058875	-1.2717323154482556
57.160949713094205	0.2469147846976526	2.0263010661707757
56.485802529197144	1.3858686585899669	-0.64076737372160775
55.352895300981707	1.0397304828199156	0.28814365192216901
55.893555096638835	1.8124848174271329	-1.0617725723293763
55.433755223834886	-1.7832539390331004	1.411718216600957
56.894746602045885	-0.43400829067870467	1.5977243332423572
57.143170308799441	1.3039159499767103	-1.2356913762961386
56.003726707359476	2.2040084780380296	0.45611939551662578
55.676296845223831	1.6012313912500009	-0.26800984914112941
56.598861979662495	0.010947619756743063	1.6926902269645399
55.977999666965559	-1.3127365778343889	1.0962927407262684
57.156214585287813	0.4088442874635218	2.1496587944344583
56.763949634706684	1.0163098397899009	-1.1393914155183513
56.960511930652956	-0.19531852124330543	-1.6850499391056679
55.422581445601246	0.20644741995520594	2.0512927923409605
56.704392824850416	-1.3103065616596699	-1.1002430403761565
55.817868365779276	1.6285252456896409	-0.51488388354384962
56.841985493286046	2.0143614167711017	-0.75595170376091914
56.778527437020784	-0.30329295360494524	1.6366687596158498
55.560201342188513	2.1387420323251445	-0.69046250034682266
56.811158189283184	1.9106853594466644	-0.73889188813874507
55.361083444524269	0.4255636287896446	-1.8341965814617738
56.88791272444945	-0.31295527645259752	-1.6521408315172523
55.582574308213154	-1.2064473902607382	-1.7153687361568488
55.351002033921837	2.3036106509501471	1.0705845427864982
56.653162602917313	1.2796944268768737	-1.7523391518822802
56.848668316511933	-1.1325499435246453	-1.2526768846026306
57.354340215000505	-1.2946935442256824	0.94041630742687643
56.437477250632284	0.54754953102113524	-1.7914503227037091
56.04514185239433	-1.552858529901886	-0.16100014447000494
55.363160191467529	0.84341170075787497	1.6613709921514563
56.092482410287928	-0.94191550654637801	1.4712276171635754
55.983835006390997	-0.15264068223582572	1.9803336792346606
56.958928839818057	-0.99127623530029818	1.5497826465394553
55.240660910422534	-0.092030253551403013	-1.8181606314088288
56.273784047308062	-1.0929130965213003	1.6284518167743096
56.875278414740656	1.570256298143311	0.36918263478072988
55.775412636799743	1.3158575315395673	-0.63395600329753554
56.181183984442541	-0.4821043999257742	1.2066025285143516
55.905193994938379	-0.038796122725155334	1.5465903422528144
56.622140700960351	-0.56709253540132876	-1.656958781935282
56.232880662017791	0.60195971810165494	-1.7761529357846806
55.960803125106253	-1.6184762886658521	-1.2592708647355768
57.144683930811858	-1.4345606378306106	-0.40378848714368915
55.940289595081985	0.68222822348906709	-2.1638888882070102
56.903687786104676	-0.62602111776298619	-1.31617668544074
56.95431765304329	2.1809450656807945	0.30049976403878642
55.726109582565599	-1.5937623980986926	0.033382897015240311
56.375663615566779	-1.2314678654456226	1.2471852148428928
55.943827996052541	-0.75045180173540604	-1.4897502539620635
56.091118615447137	-0.49559136282425592	1.450005749779768
55.701264519122049	1.6969744489678371	-0.75112399018460818
55.785317980538402	1.3225573751777697	0.57527985264832138
55.84009046953804	1.4837676380811835	1.5347413519452111
55.763293464735717	0.98537725351404115	1.9388795109268979
55.848287882147481	-0.16302923478214329	2.0651688258100545
55.786034463532559	0.62188108442604917	-1.4149603512051918
56.554920662569955	1.6747678576685066	0.61911670050521606
56.987110449473242	-1.4797720668368035	-0.96529957900088215
56.938209780831919	0.96809690692527317	1.042970082995434
55.317819776444622	1.1010429333940914	-1.7441204344910797
55.742351637085633	1.8814863837711797	0.053595582911048156
56.449591197295078	-2.1958705565257439	-0.49983866848988251
57.058942506855765	1.2542970259883912	1.3398110197941144
56.941250550986787	0.4874522149253489	-1.8473796341970159
56.367786840519855	-0.29280656286209639	-1.7968010202596423
56.483587735604544	-1.7129117400949374	0.5887335115983684
56.294032448501298	-1.9277194021341275	-0.38757342566331066
56.603475407797177	-1.4329149210750549	-0.5757245799641082
55.663293660019022	-0.59770127512507887	-1.244126732791333
57.048874233892754	-1.7980676511924176	0.58895485842133233
55.915234373486165	-0.41470540450461396	-1.8677218183769393
56.082782793791438	1.0381111741809104	-1.7009018299128433
57.085549261759184	-1.0058043794780966	-1.6208694097527567
55.73387759606431	-1.2165659061129179	-0.88412642361268812
56.952730448372535	1.5568711025980031	-0.9991133823005004
57.133005007964989	1.5290507069422803	-0.079879371411460509
56.233100178146906	-1.3210026239291555	-1.5520642600304475
55.43700447599366	0.69264585519418753	1.803868246164493
55.927461279224772	-1.9263514105570059	-0.18503214391538347
55.511877120398928	1.655854584368387	-0.32286419764702606
56.102143797595822	-1.0125708368155313	-1.7953748378192833
55.565134054972575	-1.232956699528436	-0.70022428801780445
56.409998481525555	1.6770382961344295	-0.31208576953527178
56.914997119269508	-0.91699328860428642	-1.5259521017106348
56.998948123240133	0.48884752204728599	-1.8647940779143639
55.207405086059772	0.13779997012592674	-1.6382536779159138
56.120809033597148	-0.88668107949331809	1.6624459589482163
55.215502132221197	-0.996926935291369	-0.07621730564702861
57.153360097670223	-1.294866566365819	1.3453232866812082
55.981814850000667	-0.038834168596631378	-2.1359492507227205
55.838702219942164	-1.8298301536932784	0.67786970784332612
55.954615742051786	-1.6688208808597185	0.86788481169084353
55.46179461056358	-1.7048857779758033	0.053846255705798811
57.17081517534119	-1.2500850548014777	1.7500656997626116
55.558456753622004	-1.5351678646630627	-0.07175602847881167
56.666119388516805	0.94934458262854593	-1.50855638640673
55.895048368196079	-1.9004024507981727	-0.1808313246607611
55.972780466687851	-0.8089693721832335	1.3287997684487165
56.551714623554865	-1.796623685924265	0.79204993782314881
55.529334456440644	0.99424402524132827	-1.5655621392140111
55.536990944053485	1.9993984911297904	0.29507033831131629
57.118315526622979	1.7177665721380451	0.27225826460738078
56.672542294574427	0.22665335112890789	1.4381518802813154
55.359972638779475	1.9589853583874153	0.71072568183978002
56.98197501875169	-1.2195464814516939	1.7378012492195438
56.487884550608634	1.5921825737171877	0.92368208698209053
55.652019080170298	0.37028513739276098	-1.8594842813883496
55.77152287096748	0.85048622225879744	1.5670588070012903
56.249040510106603	1.5736826519694387	-0.29735562646972968
55.628326441873021	-1.6389288078663593	-0.80474564890171429
56.112766656903361	-1.324507267528376	1.9361248614866404
55.358960083148993	1.8013905931934719	0.37225533754577972
56.242012273361944	2.1719465940828497	0.93510493062489741
57.191037785919242	-0.86949203106389839	-1.8797885024836185
57.266346070720033	1.7804385877168309	0.28444004141648654
56.831518300523385	0.97439717801352266	1.625642020528044
55.397024170128368	-1.1451684060745859	-1.3929568149337725
55.574084562675296	-0.27224564474631607	-1.4361055395957978
55.76740609477968	0.81038596668537388	-1.5549491580609733
56.273052100493082	1.7328905243827912	1.1945306810294558
55.903047584833104	1.2438945332699063	-1.3230863763403538
55.961119196899901	1.61579745177479	0.52853505219177543
57.088290121485706	-0.36536833919662848	1.931958028668235
56.380886706881604	-1.4028115969966164	0.85500275433992567
56.579873678184484	-0.9012286322690406	-1.7136440252690819
56.288696803058336	1.6636387483922914	-0.51013158277048076
55.970249014149154	-1.6213848028585092	1.0205917695096993
56.143580473365468	1.7814548529189314	0.74856060425764648
56.999055949696228	1.3536985040829443	0.89132836713807817
56.82720962855349	0.5055078054911275	1.6812994131257384
56.306676335400461	-1.6887900792883599	-0.61996848543583172
56.669327556137389	-1.6247698825926165	0.014790900078486892
55.644517626243271	0.46417564971490199	1.8623484322303856
55.828080945689045	2.0445177297517554	0.30229670832799121
56.101491762543553	-0.58747898959746647	1.5918032724935014
56.98800086797597	-1.2846935850134287	-0.89195582246277971
56.962752293068284	-0.66925070182778357	1.5433091824098195
55.77181266094523	-1.6046759098570849	0.90034134874229577
56.764920922521092	1.7675438219333643	-0.77108633801868764
57.097714848406724	0.39474282640985142	-1.7393090902123842
56.102567617543215	1.1628866327608869	-1.1778193564885444
56.089999831365645	0.90847786739304426	-1.6221943542999651
56.525502271787182	-1.0391850868634105	1.7510706197338326
56.988175900146572	-0.75163776347025724	-1.2909752800877237
56.238644831277334	0.75623736119578389	-1.775290088032881
56.49684519770063	-0.60134012913970636	1.4441712257576005
55.709036084003749	-1.857786179553421	-0.010359962947058139
56.135954627890399	0.36703740560795911	-1.8147708399134479
55.463754217124119	0.76419443596425685	1.0057477023499648
56.562786403669001	-0.090438833467699389	1.5442941861873847
55.632434145904867	1.6302806092296618	-0.43955189172601172
56.799547874016909	-0.10141401736144326	-1.3323410511979343
56.57445760746895	-0.91395132794858114	-1.6142195528721932
56.821485024197635	-0.29172175691138091	1.2795979285260575
57.054918625853773	1.2754651606200504	1.6659930076613962
55.578597632245959	-1.6733792288075955	-0.8811235516112309
56.788108833403768	-1.4155109789735716	-0.48903713926756121
56.736894784804228	-0.85889827453854461	-1.5151239489996122
56.609624223074974	0.45937758658219191	1.5644968700831881
56.08172253063892	-1.5456630084289187	-1.27279012517474
55.998013291113395	-0.71341838015695724	-1.33538995025612
56.623899894986174	1.6946781053262403	0.38746813865485857
56.194711112906575	0.15455788377145405	-1.8789479041476189
57.354624935233851	0.44169699056531342	2.1339769316632475
56.689197275936863	-1.5753463699712007	0.88842962934240732
55.742288853765743	2.1403923639471953	-0.68209191304381001
55.844527548477096	-1.6941566242410013	-1.50595281036016
55.2498815279707	1.4182147017301585	1.5991140777606154
55.877488772389256	-0.37316832675998102	-1.5624009247468653
56.199512254284556	-1.5753754450034105	0.54337108705193138
56.266921535308619	0.72156638971883369	2.5178496889017281
55.277459076978502	-0.051723496515441357	-1.6200438607812242
56.47195561121238	1.6432200217573854	0.11229712290659058
55.550157086265159	-0.66079528019596345	1.9167853503118686
56.391712425806055	-0.3098353304474683	1.8866753321853704
56.9717537764176	1.3473210405310401	-1.2213390957169812
55.467563821424847	-1.0729847246749693	2.0318191441777418
55.491797820112218	-1.7437016745553626	-0.011999058363983475
56.554662533738913	-1.7700496723873764	0.63880108623268905
56.156711752366597	0.2266582805549206	1.5247642109034207
56.239926413052501	-1.5395798541916157	-1.2299888984809684
56.473360186923173	-0.83446431284924616	1.498963573883952
56.665411983111653	1.2521990066415267	-0.57015402998167375
56.783851540810268	1.9695219637022758	-0.37259749149430166
56.458683263121117	2.0953329833262551	0.013348392431688413
56.088201168107709	1.3134917458039741	1.3653588011379627
56.181086570714342	-0.27128428003105676	1.3301250826028934
56.313456295090674	1.0243640976379798	-1.6414265825646295
57.142612163755729	-1.5324086459572865	-0.86714132740728356
56.507583531454038	-2.28383543253043	-1.1384895241199415
57.376255635924842	-1.5397272138003693	-1.1706589312901565
55.767013440344854	2.1100035048221972	0.17018554165841526
55.963427502149202	-0.57074483161559886	-1.9317725945830346
56.603195118548705	1.5810325874971187	0.4781379686605598
56.484308383521999	-1.7278653681540284	-0.57573686405596514
56.078355798850659	-0.99785125164849608	-1.340551775165514
56.778053031799708	-2.0183902215390077	0.25883569921374311
55.814522372294853	-2.6581648413118137	-0.99693476410486059
56.00899762098976	0.5578367980820671	1.9223082798554081
56.556521678694203	-2.3595022298862656	0.71578341493787989
56.029224904019621	-1.9633890177196109	0.034237838767115829
56.295310443901833	1.2902992931138757	-1.2531872670712527
57.107099409952454	1.5950201906692247	-1.3634155237214001
57.181342511706212	-0.11458560916733787	1.8353463727785837
55.483083378208875	-0.56296302123302056	1.6738471503746166
56.373143415689938	-1.7295983216269017	0.24415704828122381
55.866753126632055	1.2144066904771369	-1.4106620855665286
56.336530897302737	1.0760961108556233	-1.4272263983916353
55.910925883455214	2.5219717978300258	-0.7591030622210091
56.368333462536214	-0.78779486878016336	-1.5295953123757566
56.989575802852052	1.2518520908629378	-0.98109081239983487
56.109166974911936	1.63605652056748	-0.93932316817067218
55.527678222927086	-1.5286348422790148	1.3361046521835498
55.53804839295659	0.57327334827229293	-1.7945006684611202
56.789686750329437	-0.75881264989317287	-1.0070464302796376
56.864299531761901	0.74643168866186149	-1.6710243035946155
56.217057771687095	1.2743219743345973	1.4463204140931558
56.166401347171281	1.8478421384437242	1.2382579968929797
56.914979764806276	-1.1351108332849611	1.6078193171325874
57.146385770515792	-0.5986134557628533	1.3314413329887314
56.467339999171884	-1.1412303602691618	-1.0676612769512162
56.429912681849906	1.3470887188196112	1.1643586685009342
55.649138459468396	0.0065446953813142767	-1.981542905180022
56.157502940414631	-0.50257842078778348	1.9128563025901404
55.95261329512072	-1.3859219044002731	0.88721250087923953
56.367175043767318	-1.4324232540886186	0.053472755974652099
56.652474185469721	-0.47126693261700492	-2.0677620094278399
55.380846507953635	1.2894123223700624	1.2453910524013752
55.31307431054033	-0.59342107982003234	-1.0626694379532411
57.173446635852081	-1.4494464395464415	-2.4772102366569331
56.43453963589149	-1.1805185287954638	1.3958495739031316
55.377903523336315	-1.1537514953616508	0.55395881834530869
55.919626676341579	1.0816392168985454	-1.5332114267237431
56.0627023977001	-1.8711561112611537	0.57450333355672156
55.790617710918752	0.97494824146310721	-1.7509235076097973
56.83792033516378	-0.056622310308745316	2.0020544677179015
56.579812104616245	-0.751532324573991	-2.1672054754392533
55.776503247372126	-0.49082544931100081	1.9421795267240272
55.672998779897952	-1.0428467864396003	-1.0553220536017576
55.538046936145975	-1.8709167962368378	0.61206242661562993
55.71648640698713	-1.9097406859323143	0.86614826449647553
56.531031413488002	1.2311099937678107	-0.96839400365228234
57.281530542411694	0.89790762395906865	1.5281186627143826
57.175616988260472	1.5425776922923555	0.61321548853024832
56.824225041146313	-1.0921791085042423	-0.78768261676061102
56.375430858322375	-0.78773087518844986	1.9545010089507122
56.445031410908015	-0.84624544650140809	-1.9861289538445341
56.209229675719847	1.7986462284840115	0.67828815650941254
57.210680408386352	-0.34354522683115812	-1.9385825977547837
55.912172320388827	1.1048733865019842	1.392895062494143
55.798125147046825	-1.5294731307117939	-1.6872962171836392
56.211506947200483	0.99165298876978558	-1.5499181040783352
56.841604362363093	-1.3669966398918403	1.1025981800650362
56.562938370092311	-1.7115395406950673	-1.0620441789294153
56.237969647889784	1.0089314784969232	1.4575813459309765
56.578552881952611	1.8372987559986016	0.22053624459060259
56.060701083255658	1.5077371501470336	0.55047557841961314
56.169852075955411	-0.88318258449498188	1.2407321273926217
55.769358734094126	-1.934481620626622	-0.51228072789081924
56.794565660157502	1.129499057571302	-1.7348454094338568
57.123914695385807	1.7993345475558291	0.044621843618383394
56.723001214340762	-1.5580157232254763	1.6044101185670394
56.853825016857598	1.5625958813720924	-0.20626067517851748
55.972724222236984	-1.0887931778795323	0.7355005472209859
56.954446881642639	-0.78081345455530149	-1.0954084995151563
55.904312843244725	1.1421894616383002	-2.0978686661995716
56.416454063315136	-1.6760847136218258	1.5681191130884415
55.799216226722393	1.6477058186270004	1.1683209496015516
56.147650037256255	-1.1712002302032525	0.37304921549030551
56.370587205791267	-1.5154439068559733	-0.29306000485870276
56.106913162188839	1.5336901748532308	-2.3180912565173517
55.264363022009093	-1.7637613020042497	0.78150873400572862
55.391025844312011	1.2941617536433405	0.83095320947877305
57.062227650797581	0.73350151553546472	-1.2394030899065436
57.085342467920093	1.4968202493002476	-0.12107136953604533
55.180795013958168	-0.77275678055509167	1.8008739704125298
56.396690111765267	-1.0502029500397425	-1.4897932360778672
55.411468353842061	-1.0499835370656974	-1.8515220305423865
55.762724348290071	-1.321214457362949	1.1867742581828651
56.141706479955261	0.0083509736092846534	1.4789179043349689
56.295528082581882	-1.1311797300594091	-1.4269072119340758
57.011286282536432	-0.66301272225626429	1.6167777501456946
56.216208405205428	-1.0349072119085321	-1.4835505613864817
55.788910267460025	-1.6023957836726652	0.92153811413496856
56.143725308520089	0.77745642054106823	-1.5134878809125318
56.135915867337999	0.96828693824635159	-1.7632879728958022
57.140290066231401	2.0013191176424829	0.35215207885508587
56.064121670073071	1.8690158909827428	0.89968437941442847
56.893284881530462	0.30934604809832705	-1.8281274517332724
56.501542496249705	-1.3634978767789527	-1.435545171686504
56.863716576763203	-1.1375514332951258	1.5232853040202572
55.842081107212316	1.2721612061960765	1.1709278328575494
55.663803984271411	-1.2112777767588505	-1.3184515473165463
55.42997611398868	-1.2797529926576787	0.95765685012305113
55.479051095840191	0.28162041043232772	-1.6451728562588945
56.874175637337984	1.3136526147325325	-1.5511021933410376
56.879859165970345	-1.5507962501983803	-0.93059804672514235
56.973481721390286	-1.7575424601701628	-0.46747194236953776
57.21266964970664	1.5205270372710697	1.2955110583390268
56.814834920834237	-0.49934412864667443	1.4868054119123701
56.998687303648246	0.97000382498356008	1.9882676728280624
55.484561972059495	-1.2678706817158256	0.57604579909968301
57.054736239528992	-1.6186870744127013	-0.87507697668974371
56.066335153254691	1.5749147067652243	-0.80081548603692243
55.94433074852391	1.4058638139134778	0.30548042887389748
56.189306933082435	1.0331072040042217	-1.196734616921618
55.728542256902777	-0.62267913831891741	1.7750755079721943
55.291034898351164	-0.42278288522519913	1.7174087250053032
56.685384810554503	-0.22953247318739034	1.8479901776871548
57.098042919587975	1.0106501537707357	-0.39037059099951182
57.003339240566078	-1.090616514736509	-1.3919042111216475
56.445338817630592	1.6434898621895715	-0.64672243104802563
55.4756005095837	-1.6860883348685631	-0.33989977971917096
56.610826874711641	-1.4140649141487147	0.026671531093413997
55.56256265432404	-1.1925001193860263	-1.3380082506673352
55.660878679484455	1.158874750089838	-1.8745809026232438
56.222407678321318	0.32076052288834789	2.1603164775973438
55.475916540469115	1.2074427248128565	-0.84230334769974058
56.883636070309933	1.2166712944305951	1.4814351987231049
55.639091431519681	-1.5427553150914721	0.7362842961556082
55.817802612705457	-0.79592975870709237	2.0753040878693243
56.827925639947722	1.5470605719967916	-0.42330282625336979
57.034280331607533	1.1668425478821616	-1.6407908736781101
56.35380781963849	-0.66279004812666975	-1.3575340107065075
55.522287591063488	0.15398618001062206	-1.9091993732477508
56.886742365815522	2.0740628521105187	-0.055639160835363605
56.965387190908125	-0.086666315539594793	1.9371846163833801
56.700422844866097	0.89668261671514837	1.3401685380720487
55.81385399660914	-1.7468847480069964	0.52544767045999963
55.968981392130218	1.4545670692258732	-1.21935195887912
56.417195260463757	-2.2617519457935797	-0.23545263760142759
56.523615557056118	1.3832653556023418	-1.3192635832676025
56.606464320956697	-1.3890626536163648	0.67276048203382521
55.923770546624141	0.022879538024979371	2.1023015478079676
57.047489701041847	0.88206039875650277	1.3547547194017406
56.236809203369212	0.58378502000524479	-1.3364626151294001
56.427104310697288	-0.16489022194697114	-1.784571056244189
57.262059471326758	-0.79140631250690263	1.5270661074539531
55.788192936207508	-1.8231371247091093	-0.94293632693218465
56.729367687518128	1.9110780756826218	-0.48109079563901402
56.254908391010758	0.40563593206154092	-1.5322476024673746
55.570748950504786	-0.3098192815946666	-2.0584886330249939
55.941210551855846	1.777162032818794	-0.64418109220288955
56.939179483218759	-1.6653128153755765	0.80066447949049535
55.978187495820826	-0.55475635010881652	1.7548567961719173
56.202940740382026	-1.7680813040195751	0.1859804147720158
56.797842964296642	-1.5286149286320041	0.043313801137523616
56.0520326685877	1.1892485164856941	-1.1649182402420502
57.163441559171972	-0.40082105505868237	-1.6171695293942574
56.785242852255827	-1.5900913214973087	0.42489953695724453
56.496594478554258	-2.012026600896526	0.13368808441896995
56.764446562689528	1.5445750389779109	-0.32764973935583119
56.169962671058002	1.7480126511499792	-0.28111568205713228
56.984413196907191	-0.92366199043274866	-1.357247715483282
56.151967266133774	0.63588186745787056	1.5767091051072957
55.824654254679579	2.2663048448190635	-0.13577667561421403
56.159008346784404	-0.83002351474964897	-1.7519236493918295
56.245127107166994	-0.025692094809677098	-1.6460292541509096
55.320346052357039	1.8313495128669526	0.25186872921085418
55.705276274555544	0.7428098127297984	1.7438871148319803
56.271413216450739	1.1651299215589046	-0.51639279055914566
55.688937887503258	0.63052717593041741	1.6122338732149157
56.941814627649457	1.5522503061101418	-0.27684068685035024
56.546097033498015	1.3883114701027446	-1.2160491190305447
55.508363578126712	-0.52660100811178312	1.6210248359454027
55.68416184267916	0.81992161762554239	-1.5675442002572859
55.563489734635553	-1.9554198842832813	-0.40667376735887323
56.716329757024717	-2.074117536453028	-0.14169941164409258
55.933583436649982	1.7389840621183257	0.24366626353198384
55.341357427783414	-1.9726098888215891	0.38926736853548105
56.966913338473063	1.1215307778567984	1.2863778071552689
56.777020604412371	1.5706527801110433	-0.91575128910475334
55.74897155699071	0.89531304898792607	-2.6390944343754952
56.557853023541377	-0.71166405269023969	-1.5257687020102126
55.432649832752325	-1.1787588933316691	1.5324534599707267
56.632587398564034	1.3384113496696286	-1.302572455258264
56.180595615793223	-2.3778975100189426	-0.15627580531116753
55.738416927991025	1.739324082399853	-0.11961180140556385
57.033697836803533	-1.8111248201769539	-0.87459512980864296
57.154472356495702	-1.2720289286779323	1.1403210369596697
56.771073968455717	-0.4730386103405339	-1.6639871791617893
55.388792678788384	1.2361987701948829	-1.1708470138332323
55.670513362672956	-2.0500849083412871	0.34709682646852652
55.932453113784355	-1.9940893854795469	-0.0097375681771531813
56.004382062634484	1.8455350086933275	-0.37371210567501106
55.814244768477757	-1.2816477120700143	-1.6417687485763073
55.410532708159785	-1.0257747309414527	-1.795538965281243
55.294141334823316	-0.18425761302945284	-1.5494436392774058
56.349465787453788	0.2283815154310021	-2.0085784921419121
56.94805967102203	-0.49338224082852372	1.77915009851276
56.311939711772062	-2.0427043029435441	0.49154415451853622
57.157465598423855	-1.0380589824706272	-1.4376072036333454
55.231367610088135	1.1022848370303522	-1.3944284625516652
57.141175297522857	-1.2252888445897854	-1.1258079424693865
55.95371718688596	-0.22592179326755832	1.7678059035545142
55.450521791040416	1.4897281793128163	0.72844036354419117
56.596013715564673	1.9379383761645921	0.32589972798370492
55.819906315622482	1.6653344547747468	0.58283097994402167
56.52411317303676	-1.4655167659820805	-0.064982456782410242
55.660189696884245	-0.26681052789941062	-1.9968364936743697
55.311649051647542	0.91292087884162565	-1.575847557167027
56.266117845227626	0.21268938304731216	-0.4081820183540385
56.613562262997718	1.3195230608887016	1.2144935076737491
56.730243824780842	-1.5448171709099008	0.10355073522007391
56.235010338466729	1.6717451698130108	-0.56305381076280392
57.192298236583113	0.40400856961957315	1.5736188563394324
56.846540832400152	1.0932136542588646	1.480723961510211
55.311960501453854	0.47277009864555031	1.9882569041782931
57.370869769339706	1.9011407485670642	0.11272090429690657
57.142910948415874	1.7011907954988776	0.18231283512709903
56.685441696442119	1.1384184383651961	-1.6268247063429073
56.766105867386344	-0.82515949408659883	2.2082445420924186
56.958751867118437	-0.91272374096599695	-1.2067387481101621
55.623896031164037	-1.6722827101582403	0.51913106439974477
55.721560298410928	-1.7707590157941713	-0.14416568519196482
56.159333293395534	-1.28596376988383	0.81956803694061697
55.85383387917225	-0.73110464984090595	1.1811526374006445
57.028018750791126	1.0359134897579871	1.6214899391037971
56.866326426049994	1.4243772647604906	1.4750197531024456
57.164298074827798	-1.5227545234654698	0.14874232744968541
55.841721007440441	1.784433450105003	0.55320873603053033
55.63556688632567	-0.22396061297611991	-1.8418544124126801
56.503967527868937	-1.6061518785151452	1.5351122921958058
55.383948265941036	-0.17139992660811934	2.002699845832689
56.501892485500228	-0.45823502919906267	1.8847287515236724
55.533356775377527	1.0653218023435704	1.5173947606166589
55.712940798718016	-1.0506793913726822	1.5754132025778858
56.929553784769325	1.481043010756572	-1.2399563473104933
56.104309550276867	0.26967793249891203	1.7531808114851237
56.412266858742669	-1.1046978657111479	-1.6821168822007657
56.810265980104198	-0.69231032738915699	-1.6470180365014655
55.877805512219183	1.8706694170628682	0.39520722306261524
56.537598706496368	1.2379452232497734	-1.6630945592362407
55.27322880089681	1.4843788031241529	0.043412874367072168
56.503244314521538	-1.17197675890315	0.14328814861014777
56.394979217767116	0.26680159792425723	1.4506650471056972
55.900841493297712	0.8221071919623727	-0.10702703937444621
56.74639869546192	-0.8063325752549324	-1.5394098999287991
56.116638374518296	-2.1770722249537906	0.53146323775550519
56.504163996638049	-1.550117379468422	0.88228399901920729
55.343282980759362	1.0531740398789566	1.2052224994227585
56.59220373829141	-0.15944437497383096	1.5363660970886583
56.399724333335101	-0.51844413152175028	1.7928453661509798
57.075218975387415	-1.4855899200225624	0.60514120073853361
56.206153586365936	0.61227842506265606	-1.5693144473375249
56.719887465783344	0.90561231260791664	1.2831718200932467
55.794733863001042	-1.3026823872206943	-1.1592346300108769
56.944369550550114	-0.12713178739644915	-1.9655466367801686
57.367857747374636	1.4894439671596948	1.0101275996696613
56.098745419063071	0.43853231808448884	-1.4432746219946078
56.371787330561951	0.86643022671265457	-1.0250861127801592
55.544127649345093	0.93250609483071101	-1.9732016675406063
55.663260025965592	-1.2312012865145083	0.92454210916479151
55.796494770188986	0.91585716195019407	1.7537488305920381
56.542979453393954	-1.5501029497228644	-0.36541206272448223
56.580604084747797	-1.778501326771418	0.7985192137320084
56.388703006350198	1.608495258716798	-0.57678466838278919
56.531052558298661	-1.6265136651703576	1.3442409075465753
55.986911116833383	-0.43360245862425278	1.5205329445949332
56.480719086013323	-1.5984345304147687	0.93557578244981854
56.118759930209691	-1.5080124047216013	1.6236734698320212
55.341895958958538	-1.6268000168444936	-0.18547448006245987
55.876883079819706	1.805318637780803	0.49547672385679309
56.057054598861946	2.0887725340576249	-0.33689475976724964
57.188177121374693	1.2383230842905333	-0.79134056538532016
57.1959012763487	-0.51202343062330868	-1.5105734090084644
55.381732476936264	-0.61374765565832956	1.5058530488118285
55.909286111552404	-1.7288311244411754	0.80516758652241738
55.719736683170737	1.2349691542449392	-0.80764454893066029
56.050510624179353	-1.6821190953165268	0.012027106192300571
55.504286087965248	0.87451337315327327	-1.7564898128405759
56.545333821824777	-1.7356817913663745	-1.2544638199471212
55.870253338250194	-1.2923458070782907	-1.2578762790137983
56.820239412525851	-1.0642103758237587	1.3520399398757439
56.61251065453903	1.0711072951706184	-1.5206018383846664
56.963645409325906	-1.1514433117253695	1.3428412682494835
55.449327979137131	-0.44319433779858125	1.5998720595111147
56.446108749477993	-0.24273922916935012	-1.415362904527367
56.807110265454959	0.9407362750527487	-1.4331159215283187
55.35954017090954	1.9254140942128901	0.11099678433213987
56.449762441946298	0.36674023102431053	1.7627010489564587
55.835233474594972	1.0828381794927917	1.4512377489805648
55.313153586687172	1.4329818170814321	0.79398220545167941
55.994996199846355	-0.78393154671865051	-0.81650829195900032
56.561102750258918	0.16255593876860508	-1.8739219468330908
56.204864032566547	-0.29027877739569047	2.0224803371028961
56.466305377791059	-0.61574960500570242	1.8569853912698489
55.865513111289708	-0.5397786177084789	-1.5760062925636489
56.3057758278389	0.9654080056224833	-1.858193859355032
56.090436631222637	-1.5624943242031391	-1.2851153495314382
56.437315045072154	1.7609951723484962	-0.24088015711528182
55.185372371472866	1.1792634571356648	-0.58315705741141544
56.778187779939678	-0.36216410369238761	-1.5739099247121864
56.563284109733608	0.40721963089796831	1.178231066021495
55.477093415844202	0.64015931563337147	0.85513386999447782
56.632023447247441	-0.17404712035026054	2.1209894291557432
56.476278085007721	-1.7815209783736301	0.19495905440583725
55.329524636756453	0.38269937167686063	-2.2797389457688491
56.721402597399276	-1.5024899397902218	0.77171582412896744
56.892513276164699	1.4133976876369336	0.39411904711470291
56.16847473485354	-0.41051721032590127	-1.9642838137984622
57.126031538620886	-1.5214304522855615	1.3107065218661473
56.466664778768134	-0.8904987906180345	1.4086455782101432
56.021222792804032	0.15225322876313463	1.4378538582066938
56.899050418850088	-0.70881529538828114	0.57796690343603485
57.036164012119073	-1.6564769155519699	-0.55090492452286799
56.91677324477417	1.4359406648731892	-0.30239626165241468
56.220495016247533	1.9191342564515224	0.32506239466000109
55.674923666202645	-0.1743520041549419	-1.8098696685698605
55.429180643949458	1.7560224403050895	-0.048484228812148228
55.576526992786192	1.8118155542266907	1.5349332166320659
55.648405784895317	-1.9826979489751071	0.10156328667619877
56.337334037024675	-1.7710200893548642	0.29288007280390393
56.49490768898783	0.61338368964064405	2.0318401603931253
56.801821413579788	1.6198712159918334	0.50086018027449486
57.137795707688056	-1.6941789245013519	0.98632387178875713
56.440597942145438	-0.3540128517498341	2.1272717711186133
56.742255963002194	-0.70865073330909489	1.4313638096472145
56.895787740401687	-0.024736600793295257	-1.5148164099018153
55.861244699258606	-1.7294195831141654	-0.43230918068019009
56.910454207497594	-0.23088401797530833	-1.7240559716249795
57.140872873492611	-1.259685501626935	1.3485169660533725
55.653621546582677	-1.88188277917344	0.257995254158843
55.489341618192242	-1.8877015137679902	-0.017428853727034479
56.994355729846134	-1.8441331639093677	0.17758810129550856
55.843177682496986	-1.3630685917564178	-0.97112654101428764
56.198010946427218	0.40635409705029846	1.3511662060788765
55.702787990489711	-0.54368799176639759	1.7334875047080793
56.135144917047093	1.7963614934870957	-0.67300297318599978
55.966207266475095	0.56181753668576151	1.8159286525829579
56.040972518263111	-1.5617108860451818	-0.029766626689730721
56.76834311309171	-1.8598284238586764	1.3950745818456618
56.207536796103547	1.333245860587253	0.8281370440659146
56.447916344164341	1.5975189675912109	-0.81507707554538367
56.968908294951696	1.3672510107023876	-0.68534695515252231
56.91350473759271	-1.7416587835441746	0.42684602422350731
56.28384100266868	-0.98942414430966519	1.6359850099722819
55.513475431540357	-1.345059434089221	-3.2352971039176142
57.321339551005984	-0.8267677630415643	-1.5202500307037541
56.158322598067627	0.79113437817262311	-1.2109755167041241
55.606392474116731	1.3834955675209148	-1.444449975458866
57.077581946588886	-0.93191674966158411	1.4135939668513213
56.174202109449396	-0.60939531521150703	1.7312692434603842
56.535843363306711	1.42999284559886	1.94249423015903
55.852549586462402	1.4956088188044272	-0.038547831930202552
56.782077767789772	-1.3173997489042963	0.72588077394632855
56.801931880430992	1.3671898420649722	-1.6928866384249108
56.629075871360286	-2.0811936000741333	-0.39009616969902788
55.924595537010113	-1.6973315417158492	0.64112659795554161
56.668398610356583	0.99338912655540945	-1.577788460574211
55.719427223547633	0.96546301373075383	-1.557443470221795
55.798177476655624	1.6023223463438341	-0.84356278443939281
56.446148603504476	-1.5990333122837452	-0.78775630560712884
55.657681405180575	0.64739241368265177	1.9508452028249117
56.449807564189619	-1.9684075685414708	0.11793420896183442
56.361473216888882	1.5054380390857833	-0.31604923997700635
56.96503628547822	-0.62515831267779665	1.3985667896776866
56.052758621846642	-1.0868506261885467	1.3207062316062452
55.437405194393044	1.2472253789187804	-1.8634759570702069
56.716063358653514	1.8922273771613842	-0.40279531045794342
56.809947640548764	-0.52845563269785645	1.4972034567237695
57.123359470479549	-1.8616958797430416	1.0010222215175693
56.285367419549431	1.8381740616130564	1.0215176058209197
56.147542242984755	-1.2948699198542151	1.6549120105117219
56.378282183875548	-0.96958406520157592	-1.6931073676129864
55.392375870935275	0.5071391129724423	-1.5478781626075262
57.16598233770199	1.936384125283082	-0.34181446109010161
55.940491565849101	1.6849908916559289	-1.2315743710193769
56.707125272261997	-0.84483760271372799	-1.6112897807165869
56.136538157250449	1.1702917111762821	1.5074870012438701
55.739176182924972	-1.0444292519667597	0.92199894902395385
57.090170066870478	1.3822867774305709	0.7338000135828967
57.165192970878032	-0.2656070261533226	1.8896297071889328
55.999905784509387	-1.7255773032293498	-0.72981734737220261
56.996535604590228	1.0983308287693858	-1.4282973604109688
56.525314996863173	-1.8446908365559216	0.79361867088453542
56.577318560612198	-0.49094508669175191	-1.8650103965091314
57.052372686578977	-1.6586704241887555	-0.22600955640298764
56.303442006479244	1.8358655811936169	-1.0350592800867962
55.960865957926501	1.8032973957857348	0.0029701119060458712
57.131381523555362	-1.6013155529025749	-0.34166550043155941
56.993191617121028	1.4221279170013621	0.99432394739020236
55.774007785730916	2.2804685515345735	0.67465796989558613
56.097264215702019	-1.7431323309957536	1.4350146427885662
56.48327110657447	-1.1832544997248107	-0.86426685487888766
56.702141402003427	-1.2477136690619692	-1.273924412194968
56.509463785885337	-0.58475747567404557	-2.147799008207893
55.983134735096293	-0.52617934879709216	-1.176551502146548
57.128234577101814	-1.02510322453952	-1.4764037290377348
57.175172045802611	-0.98074785734833181	1.6669868891597162
57.046065357773813	-1.7881429801002464	-0.093097604762174435
55.85624873425553	1.9991784091069551	-0.25930783883441266
55.86893947038817	-2.146646899828013	0.94224485236424549
56.580728435006932	-1.3773831888657739	-0.3073537634512819
55.78768790824045	1.8315118144505902	-0.25551324977187179
56.476624199965229	-1.5244715795753323	0.16469960119640278
57.397929502300848	-1.2311386154159714	-0.93958931785481348
56.420151865505417	0.90312633371480966	-1.4832610043680585
55.306401251015735	0.16135462429951872	2.092802785045611
55.730881384197239	1.5778413707974528	-0.39740888441972799
56.244916935881683	-1.4255992641872774	-0.99308070022880546
56.127343457504537	-0.98279359419123147	-1.8247837407492906
56.2265323030554	-1.3883841165580939	-0.23640995216228225
57.018062835160478	1.4626104608757358	-1.1804746914798612
56.31722137036256	-1.6044485474746137	-0.87702159190001383
56.50211529576967	-0.97878140816892911	-1.3110944170674648
55.776485191018701	-1.3597520336543352	-2.4129694902133942
56.992807767610792	1.3575072358744342	1.6207250292205511
55.992147455144178	-0.70120723864869716	-1.7854213488543718
56.019590279600649	-1.8069793562287613	1.4330481410937881
56.571554627973256	-1.5545311781823217	-1.4401853475356952
55.506811745081421	-1.2519037656484175	-1.362452829809464
55.72017366034293	0.45264808075327556	1.827248751906394
56.867825505350936	-1.1608658527991793	-1.4175834917167724
57.137741493179327	-0.41173040053625093	1.5779422790615591
56.204086708559842	1.5611249849645545	1.104266028538899
57.133228272292428	-1.8396552562949007	-0.10136252825803133
56.498204638637766	-1.5664168487128691	0.34539976728454547
56.262568096677391	2.4836954007364729	-1.3894573534192598
55.705805472171683	1.4614545308904729	-0.49514195487518681
55.813113505377885	-1.8493070841940569	-0.74432575824849101
55.310837066238989	1.2961731120426645	1.602824140652259
56.462154876864012	-1.6766129325276993	-0.079353802091498754
56.759022339159785	-0.13820117440548449	-2.1016367075877711
57.022549924584283	-1.5288942709582514	1.0594031197659577
57.176422819006618	-1.7323050688085044	0.51912622163900912
57.117639362206894	1.6574552914448597	-0.17777044097475767
57.213560711207087	-1.1090346037870484	1.267673413782487
56.974284476253779	-0.50218863342534481	1.6603543924388871
56.035094611526382	0.03814057658295171	1.6838955057378633
57.093668565806993	-1.2737557853954975	1.5078775296074789
55.99639088100357	-0.85110249456412401	-2.1773716528040925
56.092353017913624	1.6041102163810994	0.33470955270053782
55.907403458946767	-1.7069570414038993	-0.30456846610971283
55.287744367411648	1.4515595990029544	-0.77405274312874039
55.787553624191624	0.11735714885337109	-1.2721237915284653
57.214729047130604	0.71752211131349253	1.5843661355031879
56.096302441872261	1.7360070220057551	-0.78177719030731485
57.266483945491011	-0.52517152667597811	-1.5047002300020547
55.163702495488771	-0.18713190683417999	-1.8285602071833247
55.690957131760314	0.3600654001047161	1.9590103683632654
56.925279119153224	1.4595418149128372	-1.0398437006071048
56.591742023317273	1.6325457608651719	-1.0688921809047041
56.796656283335672	-1.9521984026795312	0.32710114250609468
56.354816495016713	-1.6606130186151042	0.71436427449620332
56.166532773614797	1.6886227147913337	-0.54762977448516725
55.91893854561458	-0.027233962924743661	1.737859547180143
56.949604989895853	-0.8397580181490607	1.3305538667388772
57.257314238723936	0.99003046948429052	-1.5295404396347214
56.569144705573109	-1.7467794151141014	0.14836763262937616
57.074183557537111	-0.66048179482386471	0.028268645659236757
55.881209999498978	-1.9285559741726221	0.60126055617389129
56.699841794044779	0.89279026412614682	1.2734627662500435
55.919539918198403	1.9941523536225207	-0.57142409394953109
56.945422391771658	-0.29489051360667101	-1.7264219362545423
56.083042733206341	0.22384121213996078	1.8465052906597814
56.888409726410693	1.532138441285672	1.1106347750788488
56.743845071419663	-1.451153488740007	0.86365153371427039
56.880367591656835	-1.6256349739576008	1.1223698513321827
55.124060778616531	1.1335884890308119	-1.3221030294003735
55.918652556969228	0.65122021569602895	-1.3141571944828463
56.595389729980774	-1.035430513032902	1.5448311119958305
56.655488224323058	0.95500365905522733	1.2127067561049472
56.092588612873364	0.61039113239716547	1.4918976289234878
56.903930965462195	0.85236166964882609	1.1427376101644036
56.491262224015493	-0.16746779087826483	-1.8015520737162123
56.273754734313741	1.551745262820208	0.40021167737511476
55.897027851506579	0.7745570230257014	-1.4214493048875616
56.010849962622189	-0.95799841036626432	-1.3062629369892023
57.171380930261272	0.79772146449098835	-1.5573671964270395
55.601145525482657	0.61227003687116077	-1.5312676936775573
56.029464418914941	-2.2956814190378867	-0.43172748859760585
56.772062207759475	1.5946083487512741	-0.65257799349440138
56.726773456311719	-0.50704484650296378	1.424596070079396
56.55913926493124	1.7201268911211769	-0.36557750457068244
56.063441606244567	0.086606484357634739	1.9475447815734312
56.048471774392624	-0.35719039218344062	1.1862423362640109
56.580681457707335	-0.73525529030374381	-1.1278403594560604
55.780293828661939	-1.8477854997901686	-0.68225533984284747
56.168720727876497	-1.1597926170048267	-1.7146758670673412
56.117039928643095	-0.32918054476781056	-1.6540211767605004
55.332904962738048	-1.365124309290791	-1.740777072414962
56.079221447211289	0.15695311678618895	-1.3525251270160881
56.877901976306795	1.2538276548534881	0.63019606836557218
56.590435839139417	0.40974633224181944	-1.8472313030582632
56.663487737815373	0.69057847059718747	0.95454126983729715
56.036775350946485	-0.19963971087670396	2.3032053308638814
56.899361156012333	-1.3550624702317513	-0.86624142855748487
56.335971295082061	1.6512871739291894	0.67832540701466293
55.519499430241098	1.7121833974436063	0.84905967845986619
56.330564441654303	-0.79457995876411047	-1.4335316773737949
56.823839311800747	-2.1569704200478421	-0.47609406161394829
55.40513067711094	-1.3885118279063604	2.0008638731854944
56.465775672524174	-1.4742200133489418	1.0487522996706873
56.590300001389025	-1.1372183590187634	1.1674575895399162
56.929940341932458	-1.8898624170036469	1.1169631885177345
56.328321004408934	-1.2232934811683143	1.6333459557471477
57.223165310552865	-0.11392094200961154	1.8554611638852532
57.075811608692135	-0.17868640685442436	-1.6201093233380166
56.883719583249103	-1.3342496441322613	-1.1596469344894469
55.791757546470528	-1.2911923886260477	0.71850279833015085
56.717442299361089	-1.0160440754112086	1.2205145747511748
56.846114623102714	-1.6287335181135214	0.033313271384514107
55.389277585479284	2.0294232136233612	0.072653663082036593
55.585943602359634	0.071011723858536019	1.3868745392394335
56.405565382042425	-1.7837707618637237	-0.072202012846479896
55.487992929977274	-1.607738705604282	1.0372022740787858
55.930792314602506	-1.4813545622620514	-1.3530806649391769
55.497930181778905	-0.5290135431239037	2.1721073369996695
55.305110643526511	0.29002629976272692	-1.9926006198304167
55.823579667730563	-1.5120120573267284	0.67602700455342746
56.875562116077724	1.0481929443111817	0.94699787846048833
55.622416933734101	1.2628373512755453	-1.093459363639266
57.220379912106729	-1.3228288435759494	-0.89354874515745908
56.687039423403384	-0.49602566440643953	-1.5878971548183602
56.615640346687449	1.1601241106195954	-0.87417654700241898
56.0664635208771	-1.6295254685384328	0.4580460583148192
56.600713140196589	0.025256415042783691	1.3537030678506139
56.852197576604027	0.9561482771873836	1.3858922176363631
56.295962789786181	1.5935106675337889	-0.57371075162226248
56.389957128535833	1.664564038167712	0.25880392286007448
56.351450078657436	2.0202922698653514	-0.11357128490185002
55.455033670664733	-0.8526133740521562	1.0631123279639199
56.392749388794506	-1.8373738418496224	0.49083217662712864
55.721126644497446	-1.0736970699757895	1.1598083352733999
56.749740710476146	0.078689386036337988	1.752585290501657
55.948677988990966	0.53274917469488625	-1.8097760175732798
56.530133915097089	0.55221217668963107	-1.7557922548812595
56.045217119919307	0.38566857180511971	1.2167206600947769
56.634069284418608	-1.9476540171234968	-1.2618818425594391
55.315258253170313	-1.1890285890284069	-1.5947064683706424
56.552805110438868	0.36035263719090888	-1.354278255701419
56.823327602583333	1.6149318244116433	-0.3524198246075797
56.585727900122535	-1.198232430084301	-0.96346880086799758
55.490771263599839	-0.88995084251789269	-1.2997985936310681
56.004181168173332	2.0957393120579391	0.56881965877363283
57.299317798767902	-1.7256919549104168	1.4229161345521981
56.729555656609151	-2.0078268166245934	-0.083022906035615587
55.479822320796721	-0.99241545587638724	-1.216408733993495
57.0846809329623	1.8255273751779533	-0.15663424498994916
55.809884607391986	0.11314564312679694	2.3022715936736553
56.374243763263422	1.5024433117618943	1.2189910455204076
56.518967379621891	1.6263264266549027	0.50729650319181585
55.745569391743885	0.19284934369986273	-1.2804985073738135
56.888503726983899	1.802155592839807	0.0022041185935971091
56.737833745738513	-0.70546437021911546	-1.922457546865463
56.669765042968081	-0.8230980908088813	-1.1469023861575054
56.645242361756907	-1.2784460324247302	-1.1510270080157434
56.482212377481005	-1.9670290624652533	-0.00077833250809094233
55.426802351502666	-2.3160960117541225	-0.63679936787688929
56.048280696686085	1.9101769248312002	0.4164243612053522
56.197424429454749	-1.1619311259900953	1.4939632423929932
55.383558442914257	1.2272969844711172	1.7155971941167389
56.564702743077511	0.84598777722609741	1.7302245555867704
55.562674515845558	-0.69884922109644387	-1.7345658550157976
56.826270617019489	-1.7341575125838764	-0.64413015123719386
57.060133110771531	2.0923392455637653	-0.46022964878669348
56.973133136573693	-0.35648458312337722	-1.7810618192737857
56.974481745699336	1.615975178703325	0.51960780261891237
56.750551288446609	-1.75563996016685	0.68089998582195899
56.381662341718389	-1.2600400110146632	-0.95813318155715665
56.909986878710399	-0.31433321116010998	1.8765443078828721
55.13978095949922	-1.0538725560800157	1.3743279740747687
56.423046103804076	0.16700727547291033	1.9965452460101865
55.637722495571531	-0.36818510133090271	-1.8454932617198383
56.613142957254631	1.1688994630674772	1.1199512252004842
55.670953514012936	1.3635812688697004	-1.8441113462075065
56.534728183269223	1.5207602840142704	-0.97201924875545309
56.836772332995295	1.3911275626527593	-0.57455546618285425
57.061436913896202	1.7417487915454077	0.49452947486141086
55.947318119810475	-0.87306564567309075	-1.7263728045956013
55.27542918365323	0.82930350008879861	-1.1453384910678448
56.082709416226415	1.4554297426344311	1.4211187951305519
56.783018972481329	1.155598319537632	1.0269961344613581
56.014362677932823	0.52557151458313256	-1.6257560064821812
57.039259637073698	1.6321379939299281	-0.49234046071067428
56.165023728229428	-1.8466952941175918	-0.54746418547880471
55.272345140329747	1.2828610344734426	1.6587518010357993
55.928230749911819	1.8549733801652248	-1.178934031301192
56.35678003513361	1.1005980619688207	1.4640572211241034
56.250364907163359	1.3124465060388333	1.4343242477405287
55.727521937127108	1.0920975402173281	0.86716088304721683
56.809726914238801	-2.394577423397823	0.30407419954560094
55.367556487696973	-1.9853553673939157	-0.65513751920680485
57.037876419913808	1.1309175389019583	-1.1058915684461086
56.352357378255306	-1.9229819848389664	-0.22494695837386261
55.670862325322425	-1.2436808549308513	-1.1992807891639079
56.638687427599379	-1.0625343589842386	-1.7307889530651457
55.650068766115304	-1.2290725179670206	2.3982399471159623
55.741782290814683	-1.9023600855748679	-0.16934496490455095
55.845277221075051	1.8758532118291862	-0.015587246748879988
55.342471018745805	-0.14692158783699652	-1.8785754381112536
56.808989066872726	-0.080327718487242628	-1.9371778056220352
57.053721907187239	-1.6337497309468347	0.5284345835548715
55.99495410097947	-1.3167319471039243	-1.5623222462197621
55.311091786797647	-1.6034381203332719	0.32487203110704116
56.782162826100254	1.6920761616804183	-0.69726940945668225
56.970803119836212	-1.4219626104418406	1.2580089035453048
55.87710116328148	1.3081618531742996	-1.1314917824465425
57.204843962843896	-1.9350317879889352	0.042338434972657824
55.902991703855612	-1.1806111804186763	0.85516667780220823
56.270790059432791	-1.666267308337503	0.22324697383403194
55.760184454030536	0.5817954460260456	2.1033698975468282
57.275458152396801	1.0294373020341345	1.4767431136687736
56.801364884020408	-1.6135054209900557	-1.153629909985918
56.306441617686666	-0.88665432354026541	1.3878580104289615
56.797526379178414	0.66228178553939721	-0.70670308577154028
56.162693008175928	-1.8209840046559871	-0.73636940778019178
56.189257615853535	1.1415782592208903	0.99412836999164123
55.517900316701208	1.5664386595669186	0.33192323770411103
56.069526984238287	1.6709766650219473	0.74436655508568406
55.502789974392044	-0.35008508853296999	1.9278792476182778
56.319117833841254	-0.88525241843420988	-1.431464939667106
56.872493620734922	0.49535069929367936	-1.8930651423992435
57.005663983874165	-0.66363869966296807	-1.1012008519760721
56.271096740359674	-1.5824865153379277	-1.0110305370988903
56.668372347019613	-1.3351786592670387	1.3339756606275344
55.251700382795597	2.2257117023201007	-0.8851455085329919
56.945936027843942	2.4028156881491332	0.49164493765522954
56.517155115217783	-2.0056821368610609	-0.14811606031648969
56.78329346365539	-0.2027047847256617	2.0249218191684744
56.688811520611459	0.055538995815289358	2.0472123751980393
57.091008978661073	-0.34602520077895793	-1.931699554467603
57.326464621912329	-2.0110426611073167	0.1164005373477762
55.263802233277247	-1.5978538947642731	0.8468698350304088
55.624874480588012	1.4838482756873037	-0.52313675436186502
56.313281695587207	0.21730726937560482	2.1084463517201635
55.652301248194789	-0.91976825108594795	-1.9059918326951772
56.323507579336358	-0.11335718801504596	2.0927819942077877
56.530507288682983	-1.3090924488609446	1.0763358594020571
55.761989219929269	-0.78748409420568966	1.5346291559565548
55.666834874334981	1.2179131888753676	2.0166781688198698
56.424183557213254	-0.20711388619370999	1.5034315433743242
55.846359114199153	1.2117245330306752	0.82934642704937833
55.928351542274946	1.6871599697619557	-0.096772523920925738
55.581463584727878	-1.3663415943868984	-0.34972346802181159
56.2733077943046	1.220615164049105	-1.3109584198813642
55.626929305692258	1.1674742737089387	-1.5963164424045599
56.801843447984524	-1.6193516554621283	-0.80302858406768407
56.05659276166493	-1.4634711812407737	-0.51405682925639129
56.028931722510443	0.12463397307946746	-2.0524259935969433
55.598757903579838	0.55235261430923366	-1.9064110121492155
56.856900615051863	1.2610207820969446	-1.7779001914464547
56.072795410721675	1.4202441897671472	-0.50155379494125518
55.952274287119593	-0.68343955209687079	1.8343997610448273
56.740422491587985	1.6856879882223126	0.90807274916086578
55.321212889802489	-0.91058533002295061	1.7847073086058727
55.478048556520918	-0.17971041866364304	1.7921746936437444
56.782188205534382	-1.3505327720769524	-0.80979024425219759
56.985016338942536	1.578468415560708	1.5354430755075161
57.049542401475868	-1.5762612047414977	-0.046673885903903978
56.480268185190262	0.7074957451952304	1.6800895331018231
56.603507302752277	-0.13968839818968259	1.9007121458682883
56.959155526784855	-0.10161951247683189	-1.6039146235293484
56.981946577847033	1.5925017215706243	-1.3831247982827584
55.708536673585741	1.8390922145810307	0.37867428133435471
57.058799874613662	-1.8216356128271161	-0.35848575372002295
