60.337097096396882,-1.7649406681940814,-3.8789969864024827
59.041867226229257,-2.407017082563665,-4.1643144773328604
59.691227635611369,3.7766410327547604,2.1891309013571414
60.733538714644475,0.35505531204920249,4.5470267440252732
59.517739603650298,-2.7574608079683185,-2.9811054578762679
60.206802243591909,-2.5483084222765813,3.4674676231398971
59.051668821262581,1.3948065843092459,-3.9579585694712498
59.482779597574961,0.59137628546940901,-4.1165957490786536
59.259057465517081,0.48817072757714808,-4.1661137272416067
59.703951342633992,3.8177944427464214,-2.1284894897321331
59.34543354826738,2.1857265882667258,3.5681475903493367
59.101836785989533,-2.6304777636055015,3.1605942030626064
59.617501396988835,1.6952527302919072,4.5105869079210761
60.636617935091024,-2.1614215440550368,3.4837468804155973
60.66335018028964,-1.8592277786582148,3.5314520029986318
59.935034885481905,1.6085690701467994,-4.1473626322963195
59.961234922093986,3.9464765532280603,0.33248067801406439
59.435137891713381,-4.150750920580677,-0.16064595854242214
59.22765138221903,-0.94568590453484169,-4.1601603556989986
59.318244075418519,0.20842590958509832,4.6761514363664247
60.410420230486785,-1.3360224944950727,3.522820377189559
60.631056714235143,2.0647026166691913,3.2103896636348583
59.80595771881994,-4.4952459011045454,-0.71076214804183391
60.3689593384928,-4.6111934312943674,-1.7515090294625895
59.081162087921648,2.5548342351128617,3.3700965384848169
59.55543003847702,-3.6287549031913611,-0.63126774671834696
59.701728018344461,-1.4774636551621694,-3.5583297749807308
60.312133657596419,-4.2677692391518516,1.7086917326627966
59.62339574572178,-3.4050609755802435,-2.7148043507107045
58.943306248955381,-1.7587759584162954,3.5571385750466606
58.972254815955729,-3.7920244864932702,1.9736962478465259
59.164894812058108,2.8875345169743976,2.7407795060408384
60.637305351554843,5.0455906909413315,-0.47200221486803479
60.346190236214198,4.2518037584080384,0.78399533526526821
59.084101392839735,1.7930097332059876,3.6767362535425425
59.542444743690439,3.8581916700154006,-1.3120048429635887
59.678024544577603,2.6713352840802802,3.3841431301140577
60.209082174757008,4.0673970267914932,-1.6200507620564779
59.786409298238219,2.5335455071962478,-3.8013635219846029
60.039426412752839,-2.4810317926220367,-2.8768364502214521
59.771960056680776,-1.102689475007276,-5.6208767878505457
59.304744080337514,4.606973751830453,-0.17815789214795968
59.335265855483058,-2.8414215424619118,3.5602791718708304
59.482253270416884,3.5432134888533495,-2.6361703624737847
60.612912091694149,3.2356138168852464,-2.9486146339529515
60.110166388065579,0.18267912842584225,4.3481695788091104
60.790610532876613,-4.2289282651053721,-0.28759423251152577
59.984824521679705,4.215288256735219,-0.090390295059887008
60.583243675297872,-2.4512480876549918,3.5983126944034556
59.84266632310915,4.4019904039163009,1.6814682394880887
59.696476916095612,-4.59740166725169,-0.286674022917555
58.971993292179306,-0.55070384977916431,-4.0452991530982452
60.637811473224978,-3.7423935731643936,-1.1764157889194853
59.949532719454531,3.4311278305570769,-2.7185640225957703
59.691083801217069,1.133489858524847,4.1280602522915792
59.444561192328834,1.7421431492249042,4.0325570250060894
59.541826379295209,-3.4610297022641276,2.063111453687354
59.549737733098219,2.0624599126465171,-3.326569856446894
58.949513096646335,-0.40505370387878897,-4.2018948692806992
59.175864081432394,-3.7327084132155286,2.3735663853755535
58.935634411217464,-1.9424422584255767,-4.0846380288221988
59.881724534931266,4.5544322541048112,0.34079809823948476
59.362890271553994,2.1050781291110172,-3.6256287238482852
60.623743527568301,-2.3313950588777206,-3.1369834662942297
60.068840085428924,2.1347207905091303,-3.4789230645361262
59.859274976807278,3.0568977702530948,3.0185896297968013
60.637005517144253,-2.9252311661831309,3.6432633434592478
59.137342377275068,-3.7768970864696199,-2.3865421266978228
59.030856404234747,3.3920268393486563,2.4264813348013474
59.792728005263861,2.9794366394585676,-3.2290107357377931
59.601441341495658,0.99551160752399293,3.856693401372524
60.678006251998632,-1.1177572635525244,-3.8640891019644288
60.303313860247648,1.4405862893908226,-4.2691470745006637
59.431349592097682,-3.7695430946340265,-2.0368055629856854
59.064898667158403,3.8320995925847332,1.3790374164197827
59.83534377734987,-3.7800884853801402,1.7569417479768701
58.923966246641882,3.4864995231854921,2.9535272287723773
59.760346157723859,0.027270432868056232,-4.4500358492914787
58.996393144192368,3.7596487398658822,1.531446740486442
60.411770192700672,4.1573681773292384,0.63161272868669938
59.492986513210276,4.8319084886156807,-1.0345092280518833
60.486749032249897,-3.3804774538345499,-2.5251405994721159
59.773890133410099,-4.4933355850897145,-1.3094009785413603
60.619006021827644,-2.9553120651810749,3.2657603788803731
59.240141032450211,4.2111425424316424,0.77645239141464284
60.599338076108843,4.5418111867971609,0.80379375805659281
59.827359761400636,3.320951060018869,2.4161702718905356
60.003924736243135,-1.1790024012477434,4.2409646346293206
60.750658300945538,-2.8341307417709705,4.2046152272937078
59.894651821303889,0.29645511954863885,4.2943720034144057
59.096696014945771,-1.7306424406116154,-3.9924301233676194
60.228238053288081,-0.25795645991538169,4.4551838501438645
58.787974982367892,-3.425371335489992,-1.6516018562727193
59.475554841425087,1.2817570360487818,-4.1078411089026661
59.758308028368539,-3.4729765923216225,-2.0835442151618011
59.089140019237291,2.9617450633650533,3.3102712287430363
60.16820158909151,1.4545634473962066,4.4571638417724131
59.380684389357199,-3.2187966649908866,2.2685119381827108
59.23695862195796,-0.25914615548514919,4.2026888516101764
60.090194274119952,-3.9802769023611035,1.8068904652504747
59.762230916806644,-4.1467684459622136,1.0352147626445021
59.66625492602715,2.7260068370103503,3.6677525260842265
60.358905957081149,2.954410471348488,-2.8305880848048415
59.416426531527136,-2.6899454095835611,3.3618091737234757
58.758916275668668,3.4921204918901432,-1.741920180897548
59.642315189355834,4.2226206068157675,0.61612870945896547
59.899567412513498,4.1959449487725351,-0.56393444393220205
59.37639450362478,0.42717148978282343,-4.5959854203150954
59.143052442195177,-1.8478899652221141,-4.8057289633323084
59.852706673091376,-4.1352772873071642,-0.68634912762122535
60.070516269642674,0.10300345299607182,4.41765917812869
59.633459551545833,-0.72848378398398927,4.5936386886159468
60.683263374372274,2.8556875098461587,-3.0343278088225483
59.39569849842956,-1.6612737111599916,-4.19407961954232
59.60893718204369,-4.4855933068975853,1.0223980766105771
60.150671824738524,1.5729772964166107,3.7535039856681549
59.130056893727179,2.517287949652629,-3.4814477029457533
59.811913875299688,4.2042555885780715,-1.8682723342091188
59.969285619584909,-2.5605069832009422,-3.7030959519735132
59.454360655838741,-2.4129910190811801,3.7664447060757835
59.959712814380168,3.3720957083321985,2.625639373264931
59.483275741559993,0.20064195137110749,-4.2631282221472331
60.669309896446414,0.44935683605574839,4.0227968301842658
60.266154184258539,1.7476349869570285,-4.1978778649728188
60.594942559352667,4.269425609937894,-0.33747945674225216
60.008675963884826,3.0461905329896823,3.1100900976506076
60.218892090320352,4.3946329987835879,-0.90666494097317663
59.096409514942053,-4.483233758255631,-0.57183022393235872
58.924996155110101,-3.3784501497618158,-2.5461736952376839
58.920809427084002,0.09269629171127633,-4.6908793689609709
59.103426289768706,4.3157892334544421,-0.77214902283353148
59.224588119874497,2.8440077857936839,3.3987309791059599
60.423576740754562,1.9716428338765435,-3.9741049495990239
59.804436426871767,3.3364725734484018,-3.0054780906290595
58.854199692682492,-2.0496101553254431,-3.5372645857513345
60.287218634877064,3.2282305116218275,-3.4792436897432499
60.595663917432887,-3.8969470724403181,1.6085668512813602
60.381875190626246,-3.245540479103012,2.9568787244909371
59.405491626314728,2.9534455330474763,3.232380534574387
59.439535934421926,-4.3673919815939053,0.54694867141618431
59.793285303578728,4.1478998448880695,-1.3770880392909919
59.327393920910836,2.4663014566524062,3.3643040093547389
60.579986657755654,-3.7912372391167177,-3.4554549213632524
59.54468161975614,-2.320728513558282,3.1858530556654059
59.071152707078291,-3.5427530996707826,2.6861753401127286
60.434063002070253,1.1196654659635694,-4.1785296107184751
59.330273377423829,-3.831246491206866,-2.7968487365232853
59.72464804527322,-3.3433172209399862,2.6703097287325903
60.554791463468604,-3.4830674435516995,2.695112991179593
59.031202921726397,3.8778062037330048,1.0646167391724721
60.374740986421394,4.1236368362046107,-1.8102268021342425
60.20516691687196,-2.4917015772426403,-3.73114374062231
60.428831531704084,-5.1713133126698265,-0.10641510249894238
59.224566135644558,1.6146603229146643,3.8224719798184874
59.52343615244444,4.5431716202960137,0.7648488029195083
60.065506214716912,2.156887613156798,3.4557511270711863
59.807558763737205,4.5284163391878876,0.10730227937956237
60.705537164502353,-1.4926685416592096,-4.2425177342604039
59.855107445657509,-0.0040920614874474471,-3.9306050030475097
59.293152964617271,3.4734311901270476,2.7160244296733103
59.832416361158742,-1.237541528931674,3.2187021875090007
60.133835306972749,1.2345125006399833,4.2379301831052043
59.809282667025258,-3.8548756144765042,2.6469496484174253
60.357520788215417,-3.1505533453072907,-3.0111235805860801
60.092631842154915,-3.5855237292743878,-2.4339529915893823
59.794038063758933,1.8247284861650497,-3.8328921103468776
60.43646594818005,-2.1911869771711867,3.5104206024419873
58.784459990233302,-1.9923817404956563,3.5125082436564075
60.618131309034382,-3.8500283696394382,-1.7345844621781767
60.462093948220968,3.2436317830112924,-3.0692600691031253
59.827450458633407,2.4935474796725621,2.9249000122852054
60.039084524904752,1.9696842011963296,3.7355233650498576
58.706182550113191,3.0293063686269224,-3.2854377765434069
59.063099747861209,-0.91064719723601928,-4.0342668867571589
60.554367663261672,-0.6190612374695027,-4.5165130697256179
59.774967923499666,1.6792066829241046,-4.0264566272142215
60.688347742395251,3.7565270062837515,-2.7408483223674658
59.522677653336849,-1.2700158749065302,-3.9824346279546869
60.49268608237216,4.2693578549920437,-1.4074840699316271
60.329731548606325,-3.1250653868793807,-2.275280066005664
60.764979447785343,1.4472247275297019,4.548107141435044
60.456419675129126,-2.4876947431728857,-3.4764573063018234
60.510580959874638,-2.8979500654123957,3.0951035448941955
59.045118962770459,2.4311181152919534,-3.4017621798717399
59.720603965722418,1.7784694237116689,-4.3521597052966028
59.837832047975013,-0.91308416314511254,4.5215832243172285
60.204123229395556,-4.2518999442224263,0.8058112124026946
59.126900947343593,4.2364085421753872,0.50941176304168079
59.02152596750269,-0.080981949355891314,-4.1399918626922529
59.248925147726865,1.4279372765344438,4.1009828761113205
59.546756777702804,-4.3602890100320879,-0.063263014456261563
60.652016338856498,2.848001429749965,3.2290682874801724
58.98404393350053,0.90565598553249482,-3.7662678731034704
59.784381168159371,5.0360918939637198,-0.50747913297917979
59.889757719316705,-3.0122842851398244,-3.0914841683444041
59.621960686293953,0.13767287012713197,-4.6496680206105356
58.712865822171416,3.0000295562458801,-2.9892512126618058
60.373019175807038,-0.60785816677020121,4.1086523999935558
60.279653169438248,4.1391117360082754,0.44145247991018377
60.841876012789506,4.5341741255412735,0.33178053437691452
60.492896678872732,-0.080837078389495248,-4.9190678595290054
59.354488371650568,-3.8498947559367704,0.88496531951132018
60.572920290105834,-3.2921975404755273,2.4459065140507326
58.824761734451961,-1.9021236921578988,3.08922264269478
60.179175816254549,4.2207848945443995,-0.060898956414913448
59.284864340585294,-0.77664577856994643,-4.1356512816697384
59.938890041958921,-1.5508287076770746,-3.5571631960104297
59.49538935105965,2.6930213640107175,-3.2989682309325064
58.770357879063049,3.9814325675921629,-1.6485191840540281
60.143291173360637,-4.3677729054922647,-1.6582051535062003
60.753872424984422,2.987871870635753,-2.9908818889010305
59.493854993360145,-1.2363377522129031,3.8285833970086056
59.993067995274089,1.9447731021675307,3.2698203523155862
59.159975326985808,0.95395953360037133,-3.7304906206757593
59.463019361457853,-0.88043147297932811,-4.466572043583942
59.85045313135074,-3.0116740077694781,-2.9010005058987844
59.612478877092592,-0.89938038265811782,-3.510376609507281
60.022976569424607,3.7592911783439256,1.3444255726862264
59.898754954192349,-4.432161750602531,-0.35739239773166337
59.595430136040719,-4.4374392183104252,0.43827494717636739
60.297960748760175,2.5795038734415914,-3.5809522984946676
59.590101218735427,3.6791572907900663,-3.1862450417091153
60.160615301520771,0.23921712294898304,4.3987395683766879
59.654604029303357,2.3970209228218562,-3.8967114761502035
59.357024650834681,4.2921741966482969,0.2871258749810886
60.158383662362723,4.1335034767151697,-0.52076257428887751
59.114684419567524,3.2298916781163998,-2.2012023916543844
60.411130434297434,4.027558962072515,0.1188152042475405
59.904004916482265,-1.0512730332566058,-4.3460005270765851
60.461136390361858,4.3478957931816016,-0.35199908840998162
59.479635122490585,4.3319308552072098,0.69404272038740711
59.441392058154591,4.2924735332146344,-1.0167291592359189
59.859444954002612,-4.0688462499778622,-2.4172313145334874
59.116718354648604,2.558819072108121,2.4448455382095853
60.298700873521319,-2.9927044679790966,-2.6533230901526692
59.238465274846313,-4.2371151340529289,-0.29644670571333936
59.068167882066277,2.7846707460987044,-2.7241469927466198
59.647105292513231,-2.1621144071876368,3.3252708288610164
60.625981360462823,0.70286635429487054,4.4908510299717097
59.809935892611733,-4.2846560668459404,-0.71498328122599175
58.888305853440563,3.3782001131606862,2.5085448206626868
60.277857353428416,-4.1818228777664785,-1.2880787991625513
59.274296894871981,2.0672295702329797,-3.3550015797844339
59.141748966525938,3.7028164099243117,1.8819401222925971
60.717311313640906,-2.431840782332559,-3.7712381884214854
59.293454217065523,0.041385671180006078,-4.3547291033733773
60.250070250516949,1.2552029977212724,3.7870660086337224
59.534300527118845,3.6266043841168059,-2.7159472062913936
59.075867867634166,-0.61302334905858524,-4.211444923575355
59.065509866375962,0.66486310649967384,4.5999493869364212
60.265375402754991,-1.4910409516333822,3.8098920881971088
59.433294530536017,3.917028564113485,-1.7531397605210748
60.84351918016192,-3.0463822791948076,3.1922828305921769
60.062761412870422,-0.8444958278430047,-4.2006895704416598
60.521706730273657,-4.4146881181857323,-0.10105956388675516
59.466023973461091,-4.1645490131004319,-0.8383333012438805
60.158054848801427,0.18602304034213496,-4.3672126813933447
59.916137182669232,4.1280445170113484,2.2909596506151346
59.789218930167614,-4.3156559035261939,-0.53219472258568656
59.932019426644274,3.8011674373658355,1.2337248798123981
59.972954185206184,-3.2546645834088967,2.4290669236781501
60.368165121091344,-0.86464198596942943,-4.2090778927146673
59.27260397516352,2.7276162284753775,-3.6764931596257742
60.317725078644685,2.4827930756242775,-3.3969427389605316
59.94730146874835,0.32471274663339139,-4.0989286111180201
59.257478253622502,-4.0235598854039525,-1.3167252792775848
59.542984563123191,1.5416660081044598,-3.7370081310911969
59.504535633031963,4.5122466515688968,0.55639292007139018
59.35161713196041,4.2279541713170072,2.3544987278243741
59.447767418834175,-2.4195179172770374,-3.5818740079033504
60.634860378090416,4.278075248949226,0.94687317677921756
60.47925953713716,4.0930383270487702,1.1250908237638788
59.961732178148161,-2.5800739763127374,3.3818023038400393
59.003308811214922,-4.2207904972196131,-1.0896794244075572
59.146117725785658,2.8515653275729358,-3.254910548489252
59.669736909019541,-4.0373051000241427,1.0717522464513742
60.102569968018734,-3.0090274867380868,2.8489456145616172
60.28403072433381,1.8863632499413752,-3.7524683783152577
59.111000505835392,-3.6769210730831232,-1.011982119880344
59.63989013091124,-4.2892301122949013,1.4418918822244231
59.948285280836302,2.5187475620807374,-3.4426481361339967
59.055352873363418,3.9365458773085065,-1.0203169992779977
59.241989056459737,-3.5048806072666374,2.5795352039031854
59.036572473797747,3.0072157574587837,-2.9190151726583555
59.045422536162384,-2.159012718645307,-3.629178259637194
59.957556836099783,0.53532473866586927,-4.1517847802898364
59.083598052125161,2.6960400641256297,2.9377213028513118
60.592770414476895,0.42501608068676394,-4.1599743435720038
60.621406027725392,0.48226832333364383,-4.5044969728341266
58.871751343985309,-3.3189777612702418,2.5221367642769796
60.671851563540137,0.63725293186017073,4.4938416784340545
59.216447530474888,3.7808424965416636,-2.1438429882818921
60.201725552186041,-3.4218610893335621,2.7163532343511982
59.973451338235776,-3.9769793069369026,-0.9743705732017498
60.369565280794589,-2.977999555100173,2.7644693244204062
59.133407013308648,-3.393814771102698,3.0297853554329381
60.175988415654437,1.7273310527311208,-3.549677186442294
59.390771339896382,-3.0809379838184219,3.0992943705918501
59.723203875771524,-0.79760946140555666,-3.6134336876218702
59.113756261401541,3.9502491391117887,2.0755416317653346
59.500956336026483,-1.9801792744565043,-3.7956396984125913
59.256917024223235,4.0359371877843744,-0.30674310917836001
60.024311198102325,-4.4679522866186163,-0.67462845091335322
59.980404302379,3.0890636753073579,2.445998694594929
59.172267204592188,-2.9846664322574514,2.6193244770229107
59.547070522732071,4.2741759216403574,0.34019139047500635
59.070250071988525,2.8330558839745184,3.3258634381995678
59.87250445275469,0.35990524134914931,4.2554899904739338
60.695954924259183,-2.4302801884988177,3.708813559807937
58.945953971161046,-1.0958955041251228,-4.0029887702011155
60.554078225263673,4.0266156699785975,-1.4718126935770683
60.68222632867527,-3.6366427628837772,-1.9298838223672075
60.698408611691995,4.73325254387378,0.31407751365001901
59.623902318008263,-2.0986847387530783,-3.6006698541804121
59.536165753393078,2.4975520128414828,-3.4444781223191585
59.366950456184618,0.39546346503939556,-4.2152600450338724
59.35025107229356,-3.3971244445971305,-2.9128327923503723
60.273391688661491,3.8439471748267371,-2.4600253093386217
59.151890131575136,0.49632712980573102,4.1615212917791897
60.615112581860672,4.1456689201614934,-1.1215120574966588
60.646682971117606,-3.0621356900548031,3.0962430173534266
59.600167212973915,4.3759903878367927,-1.2347611694893936
60.72009133603143,-0.60968988350346631,4.3383358508595498
59.116289538553879,0.025222207433262346,4.1173588476233896
60.593416821637057,2.3538723642108881,3.6189466960623355
59.723413853141537,2.3682250304856751,-3.7887607273731736
60.610051928468266,4.0793258132781522,-1.0316071013303325
60.452197589950174,-4.3009353147790872,1.1738408857610849
59.092582718127588,-3.6560294895092436,-1.8462311933263928
59.550055470608775,-2.7283331423005515,2.673926508850903
59.833066688375233,1.7457704023370086,4.0287064800241943
60.255029007045614,-4.2001494298885547,1.3864447873504993
60.165400620011489,3.643560400722778,-2.039220821827108
60.205132295341294,-2.8938278231703567,-2.8189337125499168
60.244800865529257,-0.031359211372133787,4.2531585245919459
60.1110850549885,0.73135082546384933,-4.0466496251606072
60.136305113821393,-1.3583315110751863,-3.7385901458972133
60.259685174498813,3.3710272716860072,-2.4669585892123576
59.22521896136805,4.3667925789258684,1.3541536777114549
60.761736098312284,2.8070648690199445,-3.4505338210277299
59.199312708837752,-4.0803730376238292,-0.24618072189859228
60.218561458505881,4.096056546142739,-1.8902533712772884
60.746566465526996,2.0941036801868336,5.6679447531855072
59.615303304211551,-1.2561413644585102,-3.847703414777496
59.437955966178514,-4.2329395348417016,-1.7420210558685945
60.287341086626796,-3.3054363552229509,-3.0037916321826272
59.933672015025557,-1.5511057942726363,4.5215923842881844
60.125308610374319,-3.7771492956009944,1.1972765182570866
59.123295584617779,-3.9049899787897138,2.7756568358968901
60.451658456460194,0.0020120699847352343,5.4077854827015406
60.411803144109115,-1.9135513735459371,3.7813170408465155
59.595241531132793,4.1375811307172237,-1.2494488660702059
60.090257747895627,2.2064950344387149,-3.9893593170588653
59.735894233476436,-3.7047674157029311,-2.1777017795068723
60.595445002569619,2.5586733554006575,-3.9007983771040546
59.084113145869736,-3.7073904007959109,2.8580141873475489
60.189543113737976,-4.0362236066793482,-0.88467058888207939
59.352456162514997,2.854683282263728,-2.1211441010349756
58.934944369222272,-4.4114219243629744,0.54013981962922608
60.062917312916511,2.5460531612170723,3.5239340227370235
59.897091349415433,1.238618051401313,-3.9917923826931747
59.317284237972743,-3.6552609971130217,1.9289300140485777
60.234251410523505,-3.5720886097067863,-1.4444526260361465
59.620517292862687,-4.1616588776719041,-1.1862465104468065
59.875011220195681,0.21817725439750851,-4.3735486765699969
60.150857201846478,1.8926971677183744,3.5631153346749103
59.218977213233217,0.88587740254029979,4.0944662029322032
60.287462753980435,-3.5403798933517789,-2.2468458592852265
60.269871130714122,3.3235397609610895,-3.0967051941497989
59.619090093992,-3.4208171529741516,2.5469382140938821
60.552892815683045,-2.7007325302204723,3.3858237673411375
59.359281227245305,-3.6826190762988689,2.6531190681173653
60.216631381346886,2.803365689397332,3.1921849099210684
59.275828831292834,4.2967107997270659,-0.91978454854566816
60.457510279716864,4.2509893602612774,-0.92679371173587266
59.54793954926312,1.435604419925365,4.7175301531010918
58.815393044655323,3.8601493214084046,2.2324032430109724
58.976740175884537,-3.6548529280184061,2.4407391155334754
59.669906005868668,-3.8052062309020491,-3.1487088862539667
59.814692871751525,-3.8651679611803567,2.1377761249196587
59.824570755057842,-4.1871385967990671,0.62796472319283281
59.562550101916322,2.4812326597925889,3.7011554022364357
60.55599070032639,1.5603067768669161,4.2239669220218738
59.646868767132744,-1.963880109699933,-3.6629855070643123
60.660193624861968,4.8621016889139712,-0.074885114073361708
59.904311112276872,4.2013194761197754,-1.7928958840728839
59.166705939515509,-3.2729285690351015,-2.8732325854183278
60.240197075746849,0.31726849117400691,4.6708804151404131
59.732336296286633,-2.2357017740296654,3.896040853489005
59.626159502499746,-2.5328900763244362,3.0308981289599619
59.090792156952546,-3.4668767259466815,-3.2379847604067278
60.029683675892272,-3.9639835226241686,-0.39318039400265853
59.15948481147764,-4.2388287987626647,0.87744318174833302
59.643135651124055,3.8006676597121376,1.8162026298896101
60.196190916441587,-3.5106840105260275,-2.1789613592740276
60.08419216492512,-4.107151136308838,1.6599908282158693
59.243677008777425,3.654239300075568,1.8320701285197285
59.504652207932125,-4.6315351621329901,-0.64540081493969947
59.110686648553681,3.0111858570666894,-3.3098244710436053
60.716382743254258,2.366418292459187,-3.8719441418367828
60.637785312667987,-2.5483879353615539,-3.1920873314588745
60.165797250190501,1.6722798214549732,4.245709112084997
60.23079110140192,-4.5197888559935988,0.19396647654423466
59.897225089047097,0.68808444713020178,3.9973085706119367
58.954271440284863,1.6287470379512745,-3.9303589648450195
59.068959514377177,4.4559987041502653,-0.12007095139266417
60.455760832463149,3.9280809117666706,2.0354055429081828
60.080294496060255,-1.5933548602974335,3.9363250778659351
59.987293482452579,-4.331934395729478,0.46958327217998769
59.496044054343635,2.0952059467594477,3.2486221828344304
59.645620400723494,3.5240169330063154,2.8293554869869553
59.938380058492626,0.23961633634882104,3.8760946082521262
60.741969732494852,-4.221165771909356,-1.1630832764527947
59.071242385983986,-4.1616970899053269,-1.2947533381568133
60.571959329927594,4.3181814910407663,0.41116582043012262
59.673617846621788,-3.6656468100478463,2.0610470495542028
59.060410218473457,4.0383192851039436,1.697661560097165
59.117278704080448,1.7078402561046544,-3.7223471303747426
60.848370944880244,-0.64498088036946333,4.1748816141361322
59.929167242292706,-4.1757028725956635,0.87001513460814717
60.131348208321121,-0.61915699160421134,4.1885587237309672
60.550713622294346,3.749613670229587,-1.9406453376751622
59.73093685325766,4.1026708012872684,1.7514404373374992
60.135316755334408,3.3139746910297623,-3.1143717361721803
59.063490306225034,2.112171035846647,-3.6111736782266095
59.740333607108411,-2.5489708258452599,-3.3789370450303999
60.554582207023998,2.8957764065104885,-3.2491815583921686
59.66724608443316,2.4316608117253868,3.6036394381992585
60.448830344274754,-0.52338057186690068,-4.189649475686255
59.209907377666568,-3.2819864403562202,-2.0387329545657691
59.264805362186202,-2.0066192609446567,3.6394537133613869
60.655916780281828,-2.9700569492974926,3.2779532639989046
59.750559880852997,-3.3870074644431285,-0.57155387864309226
59.472566115767542,2.8780801633477879,-3.3936367285197671
60.618230489678048,-2.2234113163058438,3.5985556273594841
60.52618858514127,-3.7473463578638255,-2.1911771963855604
60.050249461650679,-1.8195290379638926,-2.1456671001579188
59.292733749780759,1.819409626066306,4.160735625025306
60.645445709304894,-3.6673038938569835,2.6891506904040954
60.121494482037235,3.6556930739438269,-1.8469681851613489
59.271211031073186,3.1022704850590976,-2.7205328086253919
59.354214890159049,-1.8088919310159393,-1.7816807527261438
59.143673291754205,-3.9347797805503513,-0.3001810461167802
59.419192521740555,0.087965108135452358,-4.2101632393612984
60.04963969592837,2.9905677469686944,-2.7845769258171051
60.574703145048552,-1.4983508431892087,-4.1899135108381627
60.343615661637557,1.2918794376324529,-4.0579717197394727
60.366691991206345,-0.28323093422753642,4.1015018157427132
60.323002855270055,3.2460679247896729,-2.1790377931961684
59.12399636941889,3.774617813676961,0.57479681707204089
59.635565894997129,-3.6272379314349221,1.9897373895181558
60.536022679024896,-4.7685761454427524,0.37381600131220266
60.209603685010066,-3.3199059002971492,-2.8343944015109965
59.531738550147743,-4.2076015197176533,1.5923612629959487
60.056709578907487,-3.8147042163917249,-2.1716530386759114
60.44809494777401,-4.4387398727842227,-0.37059395068963918
60.194075909078869,-0.10303198463203957,-4.3999450344033795
59.984906729055751,4.4810940033331459,-1.1988692543920774
60.47913595128292,-4.2487888751023011,1.4724385096306802
59.758643555805989,1.1495110937256037,-4.1266096973144322
60.641344384123734,0.97810805334323569,-3.9658526113442658
60.566682218870213,-4.1619646449621186,-2.321315000534256
60.42493286441951,0.55721682839735243,4.303347663355404
59.440065017326447,2.3982845010487082,-3.749947302938617
59.92468330338319,4.0851311808721631,-0.00049944287697884166
59.769222670023524,-3.4467982730736013,-2.8553353594641622
58.995721273910988,0.71287897573879155,-4.1961833565233526
60.449309215175354,-4.3834660521369102,-1.5271246670007654
59.357178924123765,2.9696764632113117,2.9372480018783524
59.853686832445867,-0.37242214891032871,-4.3121409179717878
60.506135011522737,-0.7358579970760657,4.2114263401020207
60.664956564321535,3.6159735125526593,2.5054607543257719
59.434268240196495,4.5112040553635362,1.8056845516410653
60.683724766000879,-3.3505616877295412,-2.4179241310078385
59.895578161213734,0.086332508496185081,4.7281847942698016
60.233342175028859,1.4245501115729444,-4.1217980340938603
59.26366384994364,3.7353232889921202,-1.0360938882932431
59.35691346106325,4.5387360247506621,-0.32133899375813535
58.986233571592365,-3.635993194197741,2.7598474722979773
59.251433522784566,4.3444611836359215,0.83192319394722258
59.031974989099901,-0.30311793010274529,4.3508822963209743
59.565470217585563,-0.18850493307905078,-4.3788558562145834
59.080437184971736,1.7590841977075042,4.0615496140644058
60.235627323305835,-2.3009218843432193,-4.0198244377246581
59.433336506255102,2.4311770128888877,-3.3460566498319602
58.996483472327462,-4.3730093738194737,0.13971250725081011
59.72191794329364,-3.2854935030343881,-2.4347000232532015
60.555379638781559,-3.3443029631346066,-2.308165273161173
59.303390713541908,-3.6463403124113833,-2.1376028052245948
59.478262753576715,-4.186302750743871,-0.81004258124218387
60.076473065737694,-1.2434730430399021,3.9892434927553864
60.188554551777742,4.5771849978869428,-0.83074525351641137
60.619270590038326,-3.0774015389835947,-3.0288328883415327
60.311761276341066,-4.2284112655206023,0.9622213063577657
59.606317502369649,2.5445316765846533,3.5733156726555064
59.103718323323349,-3.1636296197622595,-3.4372602162361225
59.990262088214557,-4.2101408201026089,0.36392868038646159
59.772033487115095,3.6973714229291397,-2.2450502939599297
60.458420787836509,-2.6669107725826589,3.5174493369451909
58.925483923459346,-2.2480859521901384,3.4883074928908684
60.073328849681261,-0.80030658847974556,-4.4152000988662818
59.948020224364797,3.120447971863471,3.6318590093178718
59.514418390354543,-2.7338789363871419,2.9570309393946936
60.549380657361155,1.4301182428663048,-3.8002445393662656
60.045426401615863,-3.9765368485888475,0.78116369390213647
60.500784959846811,-3.9236440567386377,1.7819415450932512
59.412325373030889,-4.1780297090297047,0.43220338867885033
60.469922521280878,-0.88660203778206126,4.3090680439216911
59.565797167913431,0.86320646611604801,-4.5669838529131228
59.604240222626792,4.0335894870049245,-0.13351614103646808
59.722555881977797,-3.5241218083267669,-3.3071787427853296
59.088384193941749,2.5458767000260196,-3.1078281416545113
59.225589171691922,-1.6874881207146957,-3.6695588431123181
59.677585334648207,2.8026335459913403,3.1169312233401354
59.056394256771007,-3.1565804391566639,2.987959827959966
60.421267414243616,-3.5399558699046447,-2.7267932194216744
59.539644947636873,-4.3336912900578071,0.49781325875795102
58.778428489063401,3.668133452628394,0.061726016885725613
59.312279372816981,-3.2694188888606113,-2.4993343561141339
59.155643452926178,-1.0525726515383262,4.0530350146579455
59.258048392652846,3.6811366798984118,-1.9817856605534205
59.988906588010039,0.88279057875442213,4.761616566512167
60.141837836527806,-4.340167254047758,0.94943146333214634
60.46678800327922,-1.11352984341012,4.1364608063541386
60.341451012928346,1.539410404153039,-4.2009318790768022
60.619597703174307,3.9731488920900011,-2.2510008893587159
60.634426766918324,3.5871056379232309,2.6046101532194195
60.73366242783311,4.4744964697376792,-0.069544165299964752
59.833207707792425,-1.4664621121231729,-3.5346172419531037
60.442467713762056,3.822386051602741,-1.2624236411941958
58.884391522125981,2.541250626932301,3.2361034433727385
59.363762060084284,-2.7116265813436571,3.1858440547353513
59.579361474661063,1.5910185882404126,4.1579782575096704
60.506886160536226,0.80263498483071416,-4.1120887486984463
58.896741213183461,3.2693896430165665,-2.4094439562651089
60.439116901407061,0.56827793660630188,-4.5093154749206423
59.254648592591572,-4.1934153964473229,-0.7865955412918133
59.787272603948217,4.1819108942897687,-1.056187689113677
59.740427225474839,-4.0750716568391478,1.2703288665723471
59.286417309804328,2.1770036958923766,-3.8436878652132624
59.902397780119614,4.230116289632714,1.8406123670086181
59.123209236051537,-1.0339199991961054,4.3378006356865644
59.850646823592946,4.2611082809805794,-0.93826618203294765
59.745884320731975,-4.3875674710722414,0.6203674031427574
59.830720813970082,-0.24763156153661145,4.333370868656738
60.215788055224188,-4.5066275724081839,-0.0098215217213688828
60.350396725822492,3.6805547658441142,1.5048226384278061
60.21782991311504,4.0734981083243973,1.9139991947156758
59.682896341640422,0.025079524449194434,5.0667705837986956
59.55221538912091,-1.0443981063799981,-4.1571214308576385
59.895894562777777,2.184770243149972,-3.3057628430128414
59.59564505134022,4.4343426792300118,-0.59559328603053019
59.016910674708825,2.6276374755504293,-2.9775360598716736
60.336598805084044,-0.85134613080810062,-3.9840587233928524
60.120696578782692,3.4223600924837898,1.8322085170548108
59.360677948355658,-2.1064044790932366,-3.8995908880774279
60.315909385376429,-2.4675011458373004,-3.3212359820947972
59.315503140919887,0.84120151768006846,4.0576902619702668
59.882596204922891,3.918553353305573,-1.1796275432233629
59.547001771292948,1.7986159672759912,-3.3855146556209683
60.275042442104912,2.7850963762297001,-3.3861432581195903
60.549865137448784,1.0776829472260394,4.2870684632300691
59.565462911100305,3.3485643340779183,2.5109354432904301
59.10428887291355,-2.1493728957007714,3.0503312307928958
59.200442432776001,-4.1905925731774216,0.39845414578815647
60.29648491787313,-4.065823337465269,1.7220841958174935
60.317005776411676,-0.29133111087230201,-4.6896748854449815
59.307036847758077,1.7490557289919331,-4.30054562494953
59.331099085783471,-3.1741714283135294,-3.017951923551724
59.764233335191605,3.3563680561594778,-2.9128946950810346
60.043709671110065,-4.5940935610501503,1.2989108916004193
59.871145266021529,-0.018543978677846462,-4.0899728104941095
60.214125514251087,4.1498702853356821,1.3125977789664551
60.568387540035062,-3.4376274579885466,-2.1526867097682141
60.670805715149079,-1.4422775093305733,-4.1150899479887588
60.167720574012776,3.2571994821424788,2.4068410678029277
60.735522001848878,-3.5583301012009958,-2.4986379019579887
60.396992666860676,1.1700894526758432,4.1719990255034602
59.457004380645465,-2.1763920611334062,-3.810942798100931
59.778708398965321,-3.2198393568286123,-3.4406884160572595
60.163223071527909,1.2239366998043055,4.2272106431660585
59.059783506063759,0.04967780604223386,-4.1501153350988336
60.630272309274737,-4.1494994510384,1.2738862628329402
59.971731878860375,-4.6732782691354497,-0.44460155405866719
60.787768524671812,-3.1238098939779086,-3.0246733264305448
60.653431893085262,1.0353982456546376,-4.1138192452066979
59.668442064508156,3.8649504809279498,-2.4016223835717727
59.709757476790678,3.7639529871656907,1.306277533218648
60.170899288522889,3.6714307856007768,0.95106850669825549
59.376876099364452,2.3367378083517982,0.13065312856565839
60.25299761636829,-3.0559560666371124,2.9972749440069877
59.734723571084729,4.216139280549859,0.18406774391775907
59.677873774045928,-1.9298313069881119,-4.0985370800705549
59.468067622140957,-4.1229821936004178,0.89677007427499145
59.065333534014613,3.8261261025544884,-1.9678889545761358
59.907634799868973,1.8716059687500988,-3.8145494596461744
59.248835174567489,3.5173953509374489,2.3527939808800133
60.345181580795341,-2.689516717703015,-3.3304822155061364
60.199272952204083,-3.5223139803224037,2.5301348393934733
60.750841569829383,-3.2354322513662481,2.8676004163092763
58.894354866102674,3.3081939813642598,2.2310102791728244
59.572629997749765,1.7557078641851769,-4.296883431470139
59.979779520226145,-4.1651123428910619,1.5253292397566987
60.384449629393622,3.9142162047082207,0.85955787296754582
60.412287587300405,3.287799485707037,3.133686531479722
60.09028366340555,0.075901516763108579,-4.2485869140030275
60.505569052875778,-3.0529958057008075,2.8417015368412764
59.595714383004548,2.4433860530582936,3.7213636163819568
59.870595546761095,-3.6955197155424107,1.9490119838381759
60.543055809615375,1.247539513466998,-3.9274158798571208
59.664320145339438,-2.3284975678220698,3.4081823131641906
59.94464267632177,-3.431021822766176,2.1263405411796366
58.946613878358434,-4.6277005135701028,1.3128904140379869
59.323126828803041,3.2291887308622238,3.290479060631113
58.804644295248444,-2.4605618819389097,2.6711806462349723
59.851030310592719,-2.4071073135592731,-4.0110612404562387
60.687390324550343,-3.8065687567712856,1.7883510682194574
59.873956420200564,-4.3563691536614,0.06261365626786676
60.189572445799058,2.8134928885567931,-3.7820248054165271
59.748116380527108,0.68634005261589692,-4.0331209604588336
60.469859976116481,2.8398528078969778,-3.1780088861980467
59.874114847278037,0.34420889152678336,-4.8466362721848997
59.944694352935691,-1.1900511439592509,-3.9125125188748435
59.288410637058483,3.5864562001720555,-2.7645724052299445
59.808403243687998,-3.5981697802003207,1.2697832807687361
59.798074676510097,-2.0341893646457616,3.7274986810160948
59.414735455707728,1.3275748300462515,-3.9998398675754583
59.217938345530236,2.2420498644940965,-3.8076317571699061
60.631694518898769,0.1869842298704408,-4.1672508980372633
60.793211867997499,-3.3264245182165286,3.1860212789370008
60.760380126167313,2.552010958047223,3.2842551138221254
59.339121750905392,3.9245833888457655,2.0689350911211846
60.324414452717498,-0.40195716858191366,4.3280172719716088
60.102270146868776,-3.950132130283019,-1.4289075103888884
59.117244487759237,1.9886394549047757,-3.1445340490535205
59.362043350961955,3.0047503229729022,-2.9603123799697877
59.173714488508836,-3.8514016217085789,2.6895879402913505
60.178903349324983,4.1296508558458918,-0.44248365132130191
59.724777189960747,-0.4524329826516843,4.3400318588019156
59.132908193619357,-3.9667884852382391,1.2209865972467686
60.153325740863835,1.021162427108385,4.2797750388448925
59.06661865885431,4.0758126240891324,0.092601880653017693
59.963415730811946,1.5741339603647835,3.9132955975357158
59.761731754645702,-0.59316733123386989,-3.8956024078397427
59.146678054435043,-0.71762472239366759,4.4553038466693806
59.999792415498973,-4.3186348526603915,0.93219705952183685
59.211974270408454,-1.5185675608163869,3.776647056564463
60.690403378247474,-2.1201198065531486,4.2453979152614068
60.50021794135138,0.66600734948813256,-4.299705703986219
58.916263868787112,-3.6724040470992736,1.7272804484910635
60.454054400864109,4.4665416924769419,1.0846742061982617
60.474299487633672,-3.1666820243230265,2.5642178694386066
59.100500445651484,1.541380169764849,-3.910120827959783
58.893868350361053,0.021474369704551591,-4.2845972575972828
59.55998966108158,3.5415384460245516,-2.39845610362313
60.158580242419951,-3.1246036652530758,-2.7969272697115191
60.371047811286729,-2.0382005635557952,3.8312298075376994
58.897022016063737,-4.3441593103604426,0.66681521513629316
60.331025901314092,0.66838937254019615,-4.0079246499512546
59.833414863310239,-3.7608906816012304,2.2024925534128474
60.630815150514067,3.9263415518396769,-1.9619745877743366
59.965517865984296,4.3632546811216448,-0.80934621025610098
59.673383438352531,-3.1071095774362494,-2.9538059857348138
60.11280139193692,-1.8717520844924611,-3.9031048408587514
59.120601773200484,-3.7950516655111017,2.5243872336556117
59.713712987933683,1.340834457123897,3.919837131466918
60.617861266541361,3.5985066374781822,-1.7861821180598674
60.715129626525957,4.1897639541308642,-0.27794261592710678
59.756300359751009,-2.5431273792723204,-3.2867771660521292
60.322746936604624,-4.3316964741650672,0.056996209406635745
60.619736834429673,-3.3121208863156983,-3.3306379619545043
60.093037858917597,-4.4558695972239395,-0.5532984420862227
60.319512700690147,3.3719004359806126,2.9642375709715361
59.29158346230551,-0.4143752826957483,-4.0494738487836281
59.719969103031126,-1.8343074946518318,-3.7041520866785436
59.853677800126427,0.87321923597923745,-4.3955522758433387
60.255615566591111,2.7320616775483337,3.5624833798984938
59.44766270939823,0.86722729859387349,4.3791706022092436
59.011626915439393,1.8903262534402401,-3.8412506882965602
60.28540958444465,-1.9817573993342099,-3.7891199489526883
59.338176157970452,2.8003714140558289,3.4595673881577809
59.892002605652436,3.526045444710316,-2.0359537790114781
60.036883412780973,1.0766588790852107,-4.0215183697854933
59.352792876020835,-4.1150378526763607,-0.37296048766473566
59.320315761112134,3.4209458678169584,1.218728099567483
59.689976481564806,-1.2757080803067629,3.9208194792137347
59.210904910567933,4.187034090806331,-0.40345819162980456
59.898552237820923,3.7776563160282457,2.8238799717033989
59.032839360941097,-3.3976308533482129,2.6176905958165047
58.873442063784189,3.8711442877766298,2.2456562282073955
60.215622290061155,-3.2890441070900813,-1.313745706917024
59.118574041334881,4.3952712904519107,-0.45235658549407198
59.011271741791852,-0.48480030233632027,-4.0446817549369145
59.551068031922696,4.0547438575346462,1.6254939831638633
60.19612708533505,-0.98972535853257071,-4.3177044431247218
60.399246075354505,-4.3104691698542288,0.5186101126915823
58.977515818243823,3.839434096680848,0.79625737077351888
59.561231117349429,4.2837434359579758,-0.45913910917731682
59.399191561007576,-1.0357785601884064,4.2886396319526403
59.315263662675278,1.7052071675361788,-4.1786557621283107
59.656772609212084,0.05018408148932272,4.5624467844839121
59.015417658580979,-3.952733880198668,-0.14192854127564311
59.19307802223954,3.6274767568217734,0.59998002251396443
59.698323007103255,4.2336711776887075,0.58550987738124971
59.997412197712841,2.8519457977663691,-3.8332401507557576
60.32422486389509,3.9371522735211615,-1.6952634570085681
60.454873840829897,1.9483605812374956,4.0594627791412217
59.861740067878529,3.9368849552927103,1.3748408126680642
59.538105335979992,3.9756152671127776,-1.2253813095647841
60.425277894967067,4.435163993921444,-0.28507324602245171
59.654297521510344,4.2031584208744155,1.7189566408334449
60.655183218827773,-2.706854819404978,-3.1795872179782769
60.147341823944089,-4.747528700051844,-0.6353809236997231
59.25508382329879,2.5903694930937733,-3.5100640111932879
59.38657789261039,-2.0351440249935755,4.0582536887387883
59.861243317210437,3.3961883651373834,0.88384767411288356
59.439474664146793,0.17119162043960476,4.372075595617372
60.128225487871624,2.1439418848953791,-3.5227112293255187
58.981586996365678,0.40488846763181963,-3.8473524194580007
60.267001179369366,3.5478851669770903,2.1174982679583731
60.018471519433511,3.8043078669076134,2.0443738795860606
60.284474219988788,-2.8282250816739887,3.0845127626302342
59.467454668251115,-2.9251565324684736,3.6071448103598924
59.257077359243681,4.2786743085855816,-0.40444016798491494
60.580549264368926,2.7671460414808515,-3.3048596543167386
60.37750892303157,-0.015281580453069999,4.3792990799673719
60.100295576277645,-3.8355829124430167,0.49052708233489412
59.969417805330181,3.9723059157260572,1.9585019795245566
60.037025113021883,0.33956216523081961,-4.1642179601958853
60.76433256420237,-4.4250067732171043,0.035793328912675434
60.063935476962733,-4.2293650394142794,-0.55740542308595631
59.419793457528961,-3.9147688577044732,0.30772971080025646
59.197802106780003,-3.8776294142071284,1.4175281833351683
59.139215525306263,-0.24209877985389583,-4.45301997110505
58.961584711378173,3.7574849533809269,-1.2712149091632816
59.950601046029092,-3.7230784559080274,1.4277895958695452
60.720620002362992,-4.153548761219553,1.338794286319789
60.320009588719692,-3.3978554576292241,-2.5331428297299037
60.689907101699447,3.7072797300108356,1.6855938395671546
59.502981342042027,-2.3443053656587658,3.6816242037644322
59.226254577210042,-0.26480393045135775,-4.4124411658642844
60.539478844038641,-4.0666875250857197,1.0598935878393365
60.824262791220796,3.8157724465219713,-2.1469205312964568
60.151978015486222,4.0751271225236296,-1.5304641094695814
59.484494244823004,2.7634444604474373,3.4591883172162716
60.864587752195099,-2.4788516198576755,2.9802977923408895
59.200186083354303,3.1638057715489558,-2.0653850231276945
60.461114071383662,-2.1698347238649336,-4.5963929485186048
58.891113652451168,3.6352331966062925,2.4343959974859137
59.628535513116212,0.73118730894268869,-4.097447367655553
60.685994277360116,-2.0263570928522654,3.8535913298699276
59.938207223825962,0.62522456714428509,-5.0702666098006457
60.548379921614284,4.5943147063571512,-2.7045752935438512
59.802931110408984,-1.8934463160956916,-3.4881845934805926
60.452318441162873,-3.3913756310873642,2.8317660997420533
60.512126835462574,4.259513291980114,0.40925418907378364
60.314466717643732,-2.6283944662204295,3.6826234981509192
59.929632813869603,1.0316718448851812,4.469091008172124
59.839671789599102,-0.50352885552012872,3.3290454367858175
60.118266645193671,0.38257623591332451,-4.2448842310205253
59.54324740020251,4.3126493720961614,1.7383266936756603
59.214307806549208,-2.7867678823820174,-2.9619532735520884
59.700901710382965,5.0709394444473688,-0.77798601953522994
59.316648708476549,-1.0140069219293737,-3.9493580475672019
60.323418173047799,-4.5722383211939599,1.0669138726918581
59.142785568539821,-1.4619499638691429,-3.8143327354389962
60.572705111775036,0.46991510611469633,-4.2251228257873112
60.115471963516264,3.078835450432643,-2.9804020477190361
59.897365832022224,0.67405190818106064,4.6072555535437276
59.771699757277958,1.6516612419372685,-4.0453111585199846
60.554501693754226,-4.6057739442435093,2.1938155003635136
59.283901069751316,3.4120834671550968,-2.4541020925575601
59.436815134826467,0.6707368860299926,-4.0158395170546131
60.173623280044545,4.1666132388588233,-0.41450715226386353
59.40075916486348,-2.7812740019795146,2.9253621520380158
60.27199048930963,-4.189342577687678,-1.8318369239456045
58.924573779222548,-4.182756514051424,1.2031992878975422
59.815014514025428,3.4723233543089935,-2.6851061207553135
60.554321233019813,0.22270461339376091,-4.1076456761872491
60.466859833304284,3.0949983189546293,-2.7918751202192964
60.309678438871387,0.27510760658463318,-4.2124267184362223
59.445136892016507,-4.0434101966357865,1.1160514715522836
59.63743795795714,-3.9285385869945926,-1.8093840719188934
59.062542812062958,3.3687974920147479,2.5229880133108349
58.917761052183423,3.9400757000977364,0.88962553031607727
60.360223674647614,-4.0969655220887073,1.5540718220952516
60.198136236901746,-0.85058049256832224,3.9666309776575281
60.270671536985851,-3.9864193963923458,-2.2266908948765316
60.140983395225099,-4.232254172369097,0.8090074635115545
60.51287387216005,3.1651642674150304,-2.7887431955186202
59.815033059103712,-3.138542533647819,-2.781203308607008
59.174006263452021,-4.1748747537727926,1.2037306508491414
59.24382114730637,-3.2714975151716521,2.5125885378517192
59.748740094734963,-4.4982976940626012,-0.90929240282281942
58.958218120803558,4.4050566902450781,0.75879689229803837
59.749440209756912,-3.6677584686637772,1.9590125401004486
59.668472903396683,3.9900514388871717,1.7128012966168955
58.909297393057003,3.387572102212864,2.5834582407114062
59.891341561457843,-2.9596627552538632,-3.3788900567231903
59.757711186763252,-4.4545450361450039,0.33379416793556466
59.290196585149424,-3.0515656962912523,3.3676202710476963
59.211122180834955,2.2945002438065489,3.3325769954146622
60.065103445619933,0.76778664696529919,-4.3915209533210859
60.30197255311468,1.6664192635349744,-4.1296110111578468
60.641990580821982,3.8066029480810526,-1.7774615966613723
60.628540235800415,-0.18153529605957547,-4.330155719842713
60.057806285042339,-3.588997189989072,2.1857663468540807
58.911710188523877,3.9186966344098604,-2.2616346200719257
59.379653491009449,-3.8689841136323864,-1.9363834581663744
60.162334988656021,-3.0512152917369169,-3.1170651164451244
58.876219512894345,-2.7617738265690117,3.4907868307911301
59.530732436403788,1.3056092766442717,-3.9957821110281362
59.777854706378008,-4.4068447344717452,0.27895900428379561
59.854195963516737,-1.990839758903316,-3.7574188899560403
60.121294165767296,2.0456477449542088,3.5855099261568117
59.477661770671581,2.6881819675365834,3.3857202225985863
59.284918231991647,1.6950199419025949,4.12706997971482
58.875340557241678,-0.55810513916252713,4.2265673284261442
60.035365045062619,-3.99962571785395,1.8818770543415533
59.004386917553497,4.0199491618097403,1.6360174879275182
60.656645846590081,4.6170620469789458,-0.97365977853128449
59.187489539647515,-0.35558980452342309,3.9295479087532645
59.937353615614235,-0.60666584297606962,-4.5730927002275941
58.855224819960355,2.4501311868030538,-3.3116539837990961
58.969874837680088,3.8993089155674059,-1.0556865690435957
60.748716044105947,3.9097751585135314,-1.0725356841303344
60.049703058428875,4.0513516568080972,-0.22264861425898677
60.353860915833245,0.9519786282964362,4.5305686430840035
59.2496389049819,-4.2648569968227932,-0.24737528962575986
60.131713746727733,-1.9322890828104766,3.4945189596225736
58.956610021749412,0.38137317695749606,4.422818093586355
60.655792604552474,-4.2313161338580736,0.44393175342227659
59.819079833256829,-3.6038715246547146,-1.3736265707749269
59.100439351604166,-0.61335374290550704,4.3693810338264107
59.777035062976687,-1.5670173166658052,4.1187251293355551
59.770590636045981,1.0272406004087637,4.0387112353777121
59.896372061541776,-0.61725451302763146,4.2260805162910078
59.230829556458254,-3.3281301168994455,2.6585610989556852
60.467536436916568,2.2787042796636721,-3.6369284479432089
58.947362748953267,-1.9367560524109093,-4.2187620526510585
59.010990292154005,-0.5177017553608525,-4.1798349757668847
59.851126638791897,0.96356201682900233,-3.916651575176135
59.949386755513459,-3.1372016522511399,-3.2499144974350269
59.149083435103698,1.7629387740636162,4.0866272449830312
60.287585642081666,-3.8089096781261311,1.3259712922929445
59.273167830549298,4.5628284895642981,-0.20245936037417112
60.233949773749089,3.0509033762453561,-3.0300951566463401
58.94629300130255,-4.0407677177618186,1.20768194006482
59.666930392325092,2.1363223430847285,-3.8614456367135563
60.383858471617074,2.3311510873399826,-3.1047814105163987
60.112445412041964,0.77996146378796605,4.2244379071617217
59.202031900131324,1.7858210553983618,-4.2253684219748431
60.535423976088182,3.5731014757069834,-2.2027201059711223
59.481453586879724,4.0984797184397008,-2.8206290601709094
58.941087171297269,2.039426582020365,-3.8035404876401637
59.227481696200641,1.7373030516533672,-4.0100656142722118
59.363023513321998,-1.5734949317198352,4.1235597760674656
59.033901709853588,3.434157393920354,2.8907500748388895
59.445269643886874,-4.2423757122307268,-1.5265977996095375
59.464301138802455,1.0558491770187122,4.5861160776201526
59.417072001725039,2.8365796013203228,3.4344635521928253
59.022747318533177,4.3809949578079301,-1.3318409628635763
59.011505057990021,3.8972702065668083,-0.42565816786056271
59.098711445673658,-0.82912447239638598,-4.0797598623428177
60.49873087626343,4.2959029423815522,0.93231952878841318
59.926460201748483,2.8937171959673011,-3.024507683052581
59.462207192745417,-3.605819155480027,2.7768306256290884
59.576618755521181,-3.0902207654498595,-3.0149574090633182
60.065559383872397,-3.1048113686364012,3.2924318000210326
60.505989482103118,0.65524272813557571,4.1861447523350064
60.262158613476124,-1.1944551196945672,-3.9894884798991499
60.129761481529989,1.8051085047774693,-4.0397647724786454
59.035355906043279,-3.3612042776602622,3.2735112449955306
59.788652090634699,2.5293924690536773,2.9860172443328534
60.195392449950006,0.42861605596312807,4.213129497414478
60.101584594660011,3.6705655394009504,2.7480051508897998
59.705095577599081,0.61434606600689523,-4.0465556237392928
60.643250618786496,-1.2921569877873982,-4.0111938976433059
59.772675805855016,2.6624367817850687,-3.7543391769678789
59.092595595683441,-3.055667333929676,2.5674097390100163
59.407393561215827,4.0742294714508231,2.297001544198936
60.248469760849595,-1.2495155162080203,4.0673049066448437
59.078990981517627,2.5029181814802093,3.1118441935828725
59.627715603551678,2.4500916907219734,-3.5668314340446852
58.973076329349453,-4.1800636617428921,-0.87103534296547303
60.443856344638881,4.023753939347861,-1.6594116653244013
60.49304089869905,0.076040431875123951,3.7048340267665516
60.439479624468099,-0.33521116921110317,4.4160857698626659
59.340839974062007,-2.568153124431285,-3.6572647889700698
59.33702880293211,4.2060072891118336,-0.11662265977704002
59.36022388635952,-0.89513386577035881,-4.4928569027646938
59.151927594089528,-1.9018438447963522,-3.9526328888507982
58.978003886751338,-3.0396758666800916,-2.9631369942751582
60.27150231196434,2.1781772704909974,-3.6245377557714167
60.428311583005922,-3.9712075416253438,-2.1740948975686019
60.226795803911457,-4.503619666791427,0.30286409559748373
60.294720685504451,-4.7322023440780887,1.0317365850495055
59.755509977382026,0.83184110566605862,4.3652173511340013
60.59959873588322,1.9410526432880078,3.9783586169424763
59.095597982299552,3.293392782468537,2.5658695164651721
59.489543614715259,0.32596629902225055,-4.5128064513175632
60.449406775645905,3.3203013083109942,2.7862791417255055
60.623303906307683,0.9544202009617816,4.3622365220596855
59.251768749979206,4.6499642148488194,-1.6602525385716524
59.878985173705345,3.2198602267748853,-3.6041456426492098
59.603318528038663,-1.2497548643360976,4.1275990745016315
60.543975321699975,0.95795836513289934,4.790210787658312
59.300258583539986,-3.1106333165876685,-2.9005278282517519
59.865327846259824,4.1632410730070699,1.3704650285706961
59.726947968063776,3.2067196773849505,-2.847652706332068
59.346011645578258,-3.6284216622945871,-2.6039928777046617
58.890040372716236,-1.9150484097044114,3.5560815168259889
60.499728525281206,-2.5590477212551219,-3.4789942399502762
59.007980293234816,3.5996491208019386,-2.6892906433377268
60.229771373630776,1.7860664279921683,3.9155412518274448
60.691814380140777,2.1174687936618932,-4.2906242145783722
59.76772137229019,-2.8146703519227132,-2.6591258938445828
59.479213619088846,1.3635210849460437,3.9758266506095588
60.385934559245221,-1.9649923926118769,-3.8594724979944321
59.53747138374262,3.7204951748920081,2.1446361582872302
59.272889550263145,-5.2495264343475263,1.164091987030818
60.570236207585744,1.2560912059486631,-4.019780264728257
59.180083646895433,0.95359204464486691,-3.9514303630204437
59.65921887642255,3.9292696975335399,1.8309342569116993
60.455790184222344,-4.4649758751604161,0.30534955508275019
59.236734461410187,1.4165550920447718,3.7568590486329549
59.8030826523323,2.7877239207015285,-3.2505804665609053
59.05085394444847,-0.41432111026129476,-3.9591963004150328
60.442712787737321,1.7787545540758212,-3.654168187190582
60.664328187515906,4.1118713727979408,-1.6313100699688274
59.992142014455887,-4.901463634134914,0.026638103941941778
60.654389139284916,-3.6497553023982552,-2.3675109076635268
59.719105616564036,-2.1214140184740709,-3.4090833228848978
59.080857150794365,-4.4867453023707391,0.2668412525491749
59.02539080560873,0.25309379632348328,-4.277895689721082
60.695298516472974,-1.1295974956294632,-4.3752623205766739
59.231999542519013,-2.3041062066395299,-3.5580822317125853
60.125534867219194,4.7987898049866091,-0.60561055100132388
59.618225615193872,-3.888307282563559,-1.1801888198379833
59.858755942696256,4.0667550468417799,0.98643934295670477
60.814916641383967,1.8237338138218737,-4.0920122483308123
59.716245450258533,-1.9004756582245241,3.8133416859015719
59.467740021445259,1.056590708657551,3.7554444714551178
60.718726574055253,-4.336253895276986,0.9684754133855169
59.736863601166547,3.3365495988143765,-2.7625542024741851
60.620035062391608,-4.0173704289414314,0.45308782093685124
59.196217740675195,-4.2214228232582069,0.50141867311718369
59.515265839865613,-1.3828622128146073,4.0548958530045569
59.02231029311271,4.1856431901507003,-1.9168330958662685
59.251266374835112,-3.0788924952857157,-2.7383692074606678
60.617029676551446,4.3844736712957202,1.2419325667342347
58.980062531798161,-3.4093732268262946,2.8495546073136566
59.755963855164495,3.7953639207507202,-1.9459521173785668
59.399885690015424,-4.220437897124854,-1.9425597997719544
60.578804282327155,-1.976492753192487,-3.8343955889666796
59.257492598544466,3.8629781228391491,-1.642688445862944
60.556077982582529,0.61369158261458345,-4.2443041681793332
60.027191551654525,-1.8906475140843573,4.0123125364438623
60.574338307182664,-1.127353591531616,4.1573904131690327
59.094422702300847,-3.8180609632981786,-2.4359476607038775
60.544776877830635,0.73532717806288206,-4.3911393272749795
59.419317511855169,-0.70097519716689749,4.019337298633352
60.002843718180415,-1.0915972065874535,4.8745523634931711
59.567185646288202,-3.1959619064603433,2.4564807888014211
60.470298410558343,-4.2873534086211551,0.96848228151269244
59.462692519208872,2.7606438438183303,-3.7106743202548045
60.461329509463745,2.5517028227015222,3.9071065839258754
60.724711439873886,1.8249434206089614,-3.8692909960160597
58.994394692344315,-0.33625902644118566,-4.5309513473866661
60.547516543230671,-2.8809428906924914,-2.7342877512071917
59.388657091564014,-4.2933716639963269,1.315308534140164
60.09767936215443,-0.090627199306595865,-4.1860958303981848
60.544218939678998,-4.1973379859932454,1.5255311398066556
59.386106331040054,-0.44242320235858656,4.006383113375442
59.021230566410871,3.3854336109820911,2.5763187963517877
60.586304892952974,-1.4483369256633447,4.137963176843944
59.805185437575183,4.0227011650167022,1.1876793954736933
60.361265328089495,3.3143855757438607,-2.9390578176303537
60.409097872427473,-2.9817786463945946,2.065517408873216
60.257643319597278,3.4657899058976183,-2.0252539894251433
59.802099703165979,-3.9707236109325632,-1.76182066622276
59.210899422745619,2.5462237554579552,3.7121005009177379
60.180703764016322,-4.4060046909312787,-0.32017718176690491
59.254256472389471,-3.79696334775916,-2.1116140131707581
59.020408998290378,4.4320551428272532,-0.36445041891552932
59.374009314578402,-3.7445869041699131,-1.9836623266097024
59.872312619466747,1.8713313020500153,3.9166615202100155
60.225928191860497,-0.21932175724875921,3.9592131607536345
59.729156108015033,-4.318487062239873,0.080214459133069974
60.250421029170262,4.1194995107762109,-0.20279447220692851
60.093578729190369,0.13966025190224826,-4.1017237603227441
59.25348927515828,3.9693269964396145,1.5849910586522822
59.711183665697988,-3.3935393662181914,-2.5774318085799472
59.506332935186549,4.2243720862355891,-0.39091640320091542
59.370079413337344,2.8278086010884844,-3.1135093843446562
59.438811776668544,0.45372641629243726,4.1391478883973649
58.912058581589477,4.1028274936353366,0.99382289465797824
59.018573348227989,-0.34631438835032935,-4.0816739865134259
58.857175750406583,-3.9486695842184263,-2.0270030413425757
59.262174047933073,0.095166040563588072,4.7781076522634951
59.978196970902651,-1.7655840518522832,-3.9667371754325345
59.44036397834109,0.35913932999522935,4.2952486023255547
59.037464112777485,-1.7081107561611104,-4.3423875220519603
60.013483345990529,-0.99027206158860048,3.8075100741985533
59.976070096685184,1.2369898225730815,-3.7982274098284874
59.773157372298996,3.9344654319534782,-1.1784410227055797
59.835875960353306,-3.8395238462405548,1.0659521933130944
59.248763832564798,2.9101256981970969,3.2932304962449015
60.025680980532421,2.425736556728368,-3.6368213957683753
59.199132102153811,1.3064788785650221,-3.9780106375605757
59.011465784655009,1.7468512228916773,-3.6276592257634457
60.549880810460223,-4.1913478254436338,0.60581946309952528
60.49077416167664,-3.5859623454985052,-2.7156682443184921
60.708473607270747,-4.6744506228866811,-0.38504044479934246
60.031756730955401,4.0502877183231583,0.56548686554078553
59.751913333835347,-2.6696189050110064,-3.5068875656293987
58.851888938173126,3.322733257457227,2.2719939579821244
58.96206407668263,-2.3925378335051821,-3.5919380868550692
59.205295987681922,-3.9874270063220458,-1.2055808798337888
60.65327571016072,4.1271761593173633,-2.1327587928637946
59.558656773732643,-1.5974281892751232,-3.9336057032192224
60.637524743182006,-4.0355352097408659,-1.959688701627073
60.413363066258384,-3.1879373260134272,3.3071371063046922
60.110164265964237,-3.1392057178179673,2.5694870076699523
58.965827850645347,-3.2880440388775729,-2.6657206158431754
59.363863155279567,3.4777895154118652,-2.5250370178018007
59.070320335728425,1.5783486371381452,-4.2316391933047113
60.405031270056789,0.45320389606821865,-4.0998942056470602
59.448730223727324,3.1746026627025423,2.7536815581956717
60.287178545199637,4.0570661642830226,0.88999726993035322
59.266816518416903,3.3609406177606655,2.6481543885156178
59.003029784947593,-3.1816489727933286,-3.2296697379563004
59.286066302062636,-1.8571887087603904,4.2781074051112551
59.388999473887772,-3.1989279732812248,-1.7979910326339616
60.138126790883142,-3.6636701287862081,2.1358086561297958
60.441964179598514,1.3696668354162871,-3.6619774060975216
60.560005583629163,-0.41626613492899395,-4.5491510857355504
59.248061985183483,-3.8890595365977108,1.4147370230151488
59.217109155597363,3.3110091804555508,2.4816797761137139
59.956331272103611,2.2014863318614828,3.789573618541219
59.227253835433586,-1.076513621781886,-4.2674200537370881
60.186720269076957,3.2482532082342348,-2.8842920325974606
60.026963229005247,2.6489125968873899,3.2793776762690086
60.707378078858234,-3.9046802535483098,-2.5469226251793149
59.230277496816235,-4.082751378009549,-2.1749148597122252
58.744492984998828,-2.4807839159314904,-3.0743444722021454
60.556637488355641,2.3879502048886287,-3.3275516658393944
60.70987202111796,1.4077155735957376,-4.117364339335154
59.136437073660282,-0.51910052507366322,-4.4339545614129854
59.985452639100842,-3.1651130294021219,3.0427713608855544
59.15891172837587,-2.7650374653414773,3.4484808107806413
59.673341178642296,-3.9648005752055391,1.8033461673619573
59.30404492692346,-4.2967762544777672,-0.34408603259900483
59.73073381380641,2.0804408305077122,3.9988940447708905
59.670456454853259,-4.5263283043943616,-0.57962551336937473
60.037799996289664,-3.5977842405148448,-2.3567881536071793
60.559175515584947,2.459595638823215,-3.4753503018260536
59.513829625697788,-3.8842413879619939,-2.3756275995265499
60.352121790907184,4.2451118909538632,0.29544692732462347
60.401645923139363,1.1303949943204268,-4.2220157539275247
60.04118273673523,-4.4097737883288559,0.69237423344208016
59.981378588511184,3.7443431300710719,2.6533155039576495
60.05893844668087,-2.4571135736615917,-3.616233180130787
60.275810612721301,-1.1030929869150852,-4.3050629759919454
59.550959786411511,1.5509812140405601,4.114933309924246
60.317436093705865,0.55717391532284843,-4.0470127147036248
59.079753308786756,3.8892668859347128,1.7237520712054917
59.931610149610613,-1.1860830614431126,4.2999097344826396
59.35321066423144,-0.079550361860082006,-4.2739050364224065
59.981570821319067,4.0286376370570265,0.20249926081630362
60.581432015482129,-1.1934186195460652,-4.2428496781513063
60.664549735595614,3.9993696659861402,2.6203142860581869
58.925563513514128,1.1089270143203647,4.0685994141929314
59.855170894269357,-1.2336322506722497,3.7259047227749118
59.069870245756029,-1.9346550974387178,-3.8095172039078413
59.356426952291095,-3.1452518233422389,-2.5197524628851951
60.115364568053266,-2.7734991482205666,3.6035403835963584
60.593407711725085,-0.59382435861733551,3.9473136199957595
60.38578564467344,-3.5964098920425598,2.2202077055374727
60.558185538162761,-4.201693543400137,-0.74333883459754524
59.611773526017409,2.5601458846915781,-3.5614647994551265
59.226304549109386,-3.3698218023037181,2.0503126290339084
59.325284624134092,-3.612588191995278,-1.234346279971883
60.264906174454616,1.6996587987985099,3.5638538483604427
59.418313006574273,2.2507807637186708,-4.0655600052896439
60.218149297391136,3.4815477961877388,-2.1099509260110096
59.207292951343064,2.5948622663315777,-3.7924103682423738
59.169285822764991,-3.686808022793199,2.0261382751861463
59.821330700219931,-2.9536391956562822,-3.1923818450138999
59.863248035753649,2.8133553955455768,3.0933699516815247
58.874613087238103,-3.6263338392969811,-2.0081428369004861
60.130766781527974,0.051251278740786443,-4.1484199619233486
59.780103277137648,2.1836079261217729,-3.9012957142177669
59.133712033451779,-1.2768975620560594,-3.7784302501535105
59.746639172354385,-3.2505613576538974,2.7671593748609933
60.193265681166139,-0.60240919522203362,-4.1262626852343889
60.027669694885347,3.6522073521404708,-2.2139240932581967
60.238340542277548,-4.2798051123648717,0.42699992681874321
60.384771413053706,-1.1907085639152117,-3.8832182517613791
59.68467933196866,-3.987055347468174,0.67776723751622936
59.569021614618954,-0.81460565599722445,-4.1598297716019168
59.812230295608082,-3.7474592209694624,2.6250074315757641
59.303338121772548,-3.3356925606325269,-2.761573966932561
58.893822054058994,3.8203647854474161,1.4279738402158761
59.306396712896522,-4.5037055034375975,-1.7353914334669993
59.815389822475964,0.70315415295268768,-4.2582987482259327
59.256467424895447,-1.878257603530386,-4.0768349290377888
59.484823127372522,-2.5078590225880419,-3.4980513631587002
59.04815649191513,-3.4476010927751362,2.3117898338481377
60.7030357680799,-3.6581838017856949,-1.909853928048312
59.235179110901925,-0.43425949799718955,3.9364367870146908
59.398082824435996,3.7655858779814215,-1.6337495761885807
59.04854539955253,3.4595190642442555,-3.3336168659691903
59.369348145368569,3.3165109051024828,-2.3218504065831156
60.627651186569551,4.1327344590769117,-0.0085556926810802514
59.085916532631359,0.99739096855891884,-4.0081232466243515
59.114671265279341,-0.91007687512693736,4.035179481649581
59.83418860693736,-3.70807333370638,1.951703635991799
60.732253853419522,-4.3045757670557601,0.60850498596199365
59.807457427426677,-1.1340010097419881,-4.3878970588080151
59.779928815707713,-2.7955515918513498,-2.7072021976898073
60.350232113031275,-4.2229411352988642,-0.13870046756232232
60.669108482112371,-3.0908979380751429,3.4716097444342915
59.119210575692996,1.5614178973939887,-3.399559113689643
58.872089378879103,3.5390111147543761,-2.6468443047729471
60.119887791992284,-1.6898422546822705,1.6928192911048223
60.470544895763666,1.9462115997984539,-3.7772258570088919
59.453774256201484,0.77768395802379719,-4.042183173971547
59.117776797166655,2.4529352565277867,-3.8673011471512995
59.494602051184096,4.0065385157532747,1.9565709277471592
59.685667265676493,2.1175359170216783,-3.5964124886458633
60.556901362400367,-1.4475674889307661,-4.2789839061595325
60.693856776148863,-3.9588248011808465,1.8061296914199791
60.549869831418285,2.8453196243337118,-3.0477140641505289
60.359202021982448,1.1772833572718422,-4.244430189148801
59.105285148193545,-3.9826802885890853,2.5916615513660597
59.641948851657517,3.7262084734525995,-1.7989009047408639
60.346094836462136,-3.9391607708867347,-1.8684544756504704
59.235301749004947,-3.097672579833787,-2.812680768412064
59.215518633269191,2.9253400840878396,4.1800743396165672
59.675241694377398,-2.586139674221156,3.2937705182956418
60.690292178485038,-3.7454976878680091,2.0076757176579814
59.329277997898693,-1.0613733763725777,-4.0587186056640725
59.573582906857609,-1.7560598472914017,-3.8096613433507853
60.266301357085858,4.2511185007860073,1.0888059751422057
60.3508331057836,-0.30544707752062639,-4.2116627179520183
60.507455493829077,-2.1897855701957609,3.2323005033731609
60.629826656088852,-3.8117849617534101,-2.5006467999325976
58.768647996328596,0.20926185745075099,-3.7499312259091444
60.345280024695114,0.5584446645003952,4.3121818830115739
59.248084442530214,3.6143710682443126,1.6183917807572834
59.926470795494524,3.7920863242095533,-2.1701100794923343
60.274217300453685,4.0790886523629899,1.6486416752445034
59.277164778394706,-3.1888535544583183,1.8799546592886089
60.390657462654154,3.6053645178072502,2.7639890307462998
59.651189340444645,-0.88738464550230445,-4.3723875868722946
60.039894046928538,0.36334332917803797,-4.287647393481766
60.331495422305309,-3.8930385379855594,-1.5476090159068705
60.640476727962692,-1.1005399365510149,-4.04571858551353
59.312078185301225,4.0670468886488385,-0.7677465553460916
58.974873728502061,3.9176590955660262,-1.1661194910632442
60.262274003411719,2.6885504411095851,3.3189109520574616
60.636612869790433,2.8300456477637215,-3.8014186396455232
59.696328869852309,2.7477355288815253,-3.3016322065622039
60.402751985156783,2.2150271143374924,3.451020564489879
59.316869151802862,4.3881292587509426,1.3145132797516363
59.575909319167238,2.6573108852370493,-3.4818456481459084
59.176398231652136,1.7290865968897611,-3.6725241459179876
60.027587068810448,-1.7553484924546916,3.4886950815500475
59.349527192312017,-3.541397605897163,2.2153431273335844
59.151263958631844,1.3925037814733441,-4.3421409248964169
59.52666746713416,0.75177262467698358,-3.8727813999178196
59.569147528787596,-1.9024701156913475,-3.7509447010906718
59.513034349117277,-0.18957717009811165,4.2450298327208253
59.071474388057851,-1.8699978318100188,3.757859715188494
60.761897235994553,2.6145772738104371,-3.2781983162892936
60.587417028204698,-3.3418192138487983,-3.377293904606494
60.244535059928218,4.0271817877811635,0.30192160148602143
59.938695280944195,4.2290437733907158,1.0505596012737197
59.516706067819747,-3.9417914665073641,-2.5569994565852836
59.313493249450708,1.754469500731741,-3.2464454712265671
59.586392558352884,-1.1495784801373565,4.2410798689389351
60.783778968618442,2.3303742712811637,-3.6042890808758394
60.596086160176533,1.5039318181424122,4.1881774975174748
59.537469897476427,-2.0032079544934778,3.3773662296388856
60.500297476495867,4.1361115996200581,-1.5883223679638494
59.739864269669184,3.9744980155595102,-2.3056628011359481
60.085271430352527,2.9677767731001601,3.0591039436516074
58.946674425586288,-3.2912458232340804,-2.8999020658374168
60.453797018891287,-0.32885267931928963,-4.5500666136139616
59.481661024535669,-1.952923308953483,3.9720570882740667
59.912563851277056,-1.0493796393734851,-4.4293716841500537
59.064353098369097,-1.0870780762012282,-4.296475556333089
60.259631479233946,0.24328233574343328,4.3864601642639789
59.611204957002045,-4.2981061644674696,-2.0215438023773316
60.482266002252651,-1.9609045872285231,3.2892578635883871
59.643111538335937,-4.4244548059898694,0.0050459785309558761
59.883598074740739,-3.1953407469851873,2.6466377864271871
60.135274925198878,-2.0223404563992498,-3.5972646812259592
59.42129278824158,-4.2813765391285861,1.6684864180504926
60.026158831600796,3.7445582661620374,1.9290226982451535
59.194691996909619,1.4605355999360488,4.0605649393006935
59.423778733503703,4.6403232436380959,0.093216898635516146
60.710442428676956,-3.3625800932366539,-3.2085182542060404
59.246458284761758,0.52496851417288581,-3.9659535301827802
59.332387862456173,-0.12331483983259406,4.3107411720018884
59.208985872115974,3.2482077256676116,2.8748519836696489
59.302394803572433,2.4437267674310434,3.2781430892344714
59.40948580903958,-1.7523248406302532,-3.8190943115964364
60.758592222499267,-1.3898361125888372,-4.0760949636768453
60.779662215433994,1.9364578431219144,3.7851432616227734
60.049826225632593,-3.8468645209653025,1.2531563984983536
60.223715581859857,3.6296856146179999,2.0784362125773761
60.188988340198364,1.618702674543647,3.8583192906737565
58.957155351454553,-1.1824829548612505,4.0702478780769233
59.036345558539011,-0.92160451984686242,-4.3167310883572085
59.291381451762881,3.4211439947074251,2.1645683737955936
59.464743062644416,3.2765868839993924,-2.5286183577543859
59.059646838563353,4.0662663062311388,0.10780264173283659
59.184753741456198,-0.001293289982680525,4.0216355154286481
60.629274311908304,1.2927510193461522,4.1562323299500017
59.784410096994989,2.6922599240625376,3.0535148345142629
59.745755292244056,2.2939631788094252,1.3776944665293944
59.869560940784154,-2.0379002090177094,-3.586137998645671
59.784217013225977,-0.28090762432026328,-4.1483189044149338
59.842346006744386,0.9082607972668032,3.9375754220239552
60.488264374478447,0.030157765466076285,-4.1949478322641474
60.679765236896806,-4.1467544442336521,-0.94138719671336324
59.576862584236274,-3.1700497487437533,-2.1990456650417598
58.858182551737741,-4.0694831634117463,-0.49086489300691016
59.280367302334774,2.575935583380268,-3.154013587645732
60.499984195182911,2.2862664091975899,4.0802515004246471
59.780676435716742,3.9086021965050728,1.4734673174252693
60.100995927742154,-1.1689871739477777,-4.0991711066663763
60.274837933555297,-0.67184702180590716,-4.3035103641332748
59.379522544446012,3.1064608979609276,3.3517240594982955
59.567609568436019,1.8619934335730663,3.8981956721093733
60.668481953217984,-3.6480576004100618,2.3448377151794126
59.695075166378338,-1.8376513572217887,4.0288710661034788
60.106486267786096,-2.7147876933910262,3.5664002541919202
59.893001620934015,0.21890675499083626,4.2776408159266861
60.626908950109602,2.3474871191383389,-3.5026811125427719
59.178903662692882,3.76086181213768,3.6589796654664384
59.630996607799545,4.4141798303727704,0.80760288931257496
60.512188061076898,3.3544296939209373,3.0904198475841316
59.700240800020858,3.2447994085727747,-2.86116919182943
59.313676890597009,-0.55622667334184872,4.4486241085360856
59.36401437219925,3.0787583215372587,2.7524452269456492
58.845030730638861,2.2795641829069613,3.1456022455536607
60.584772470984895,-4.0421042959430418,1.7210313757333318
58.853067182813348,-4.0413901174877438,-0.93903137506959733
59.096906207572395,-2.862317330180796,2.7082851883265402
59.727365665850762,3.6654976005007565,-2.1756887719021782
60.566878770883086,-2.8822991905955675,-3.3602716090540228
60.598804511333832,1.895056100271076,-3.9185676257682762
59.815680750876012,-3.5248909643444386,-1.6934555197027039
60.523134040318148,2.9145904773494569,3.1649186050959242
59.576097090159259,-3.8571611092216962,-2.134203645351461
59.042333923074857,-2.1358893789296816,3.9249969063667929
60.321820472247289,-1.2921409476356316,4.3557242529638946
59.058933742238978,4.1399818055619377,2.3987865976541141
59.810339675800535,3.8010271091678702,-0.46731196428577587
59.618040567703112,1.4454569865265126,-4.5439611438829992
59.994311513743888,-4.1165498270913758,-0.9038965574004808
60.203136424601382,0.88158707937687208,4.8615426196194154
59.4491332940094,1.8942917773478081,-3.7696144877812876
59.391751358202029,3.9959057044198074,-0.12449121535520417
60.400241607063364,3.0969519996805319,-3.3404265548165641
59.968051894391579,2.6026233137131332,-3.3992377504713001
60.446775280527746,4.1690446944982797,-0.13743201447583758
59.372646208287193,-3.7405817802765067,-2.2452755963524376
59.031677189067643,1.712048925094763,3.8405502520968784
59.15041688676002,0.81391642958628219,-4.3090345659091831
60.460885378348408,2.6015511804575948,-3.2282464071625112
59.059720165566141,-2.9165022312409241,-3.2031063199339043
59.911084278127177,3.6279744470551565,3.0031303748636038
59.006071435039765,0.53402286538896793,4.239450206395067
59.989445114719871,4.4142793946982133,-3.0625286476473508
58.862539653066179,-2.1008775359482561,3.3740104326734501
59.524829190849047,-3.8629200313304333,2.1713174551880643
60.479796241521008,4.6013739283981927,0.084673759202103224
59.672660633850711,-1.0245580322004455,4.4955289145616186
60.286840633335267,1.3525723209797331,3.8514250536750345
59.651436847612366,4.2284465957428035,0.067676580243497209
59.247395164484665,1.3439812224392031,3.8900345887323082
60.49828523132139,3.5251955636874572,-2.1302236773681371
60.724777697852296,-0.98391898045577564,-4.1650885620801228
60.90952505000962,-0.68090434943262068,4.2945089733714426
59.254207621096974,2.233517256474606,-3.5081231649819204
59.974619654887888,-0.23876456223348963,3.889818696312505
59.273333721237748,-2.9895256501343876,3.363622393931569
60.795395143926527,2.8171970599031764,3.2257683110681517
58.924956814768024,-0.91315640860622371,4.0621332489501327
60.3481765346449,0.60688147565721984,-4.3222827136935944
59.462930912699633,0.038019726104272344,4.1491970575943
59.629769044338751,2.825954604811229,-2.9171623755250349
59.731406566106699,-1.0784318258826791,3.3231514697796309
59.554162440906907,4.1648272808346603,1.395168543121615
59.140728118084276,-1.9964185115864965,-3.253634328087839
60.001131413852775,4.146665331886112,1.0058843360893286
60.311593373963049,1.0364681174233781,-4.0733214585064026
59.854516993431822,-2.8239662666610892,2.9702202543109735
60.495322280384293,0.046983195669870394,4.2410478309816657
59.476378085911477,3.8002920648667868,1.5683208838038432
60.541075833901907,3.3421078832247302,2.3263880069229934
59.947126071634692,-4.3620256006463727,-1.030007120724546
59.84729043324856,-2.5031228304376665,3.3418504340332622
58.885584079905499,4.4840265622844617,1.8386327380762819
60.389200478360479,0.99513878633757591,4.0053470677945091
59.663925608461554,-0.10604334738860846,-4.5029980118710178
60.371312997160892,-4.2683267127834412,-1.0799877786449728
59.702798241069104,-3.7585220948568758,1.1182300644811849
59.305709713758162,-3.6584938200283186,-1.4374178016884176
59.828201689073957,1.2096553808308845,4.0659962743959328
60.104553630191326,-3.4253891561481784,2.8023262618648448
60.251863810978996,3.0923086240875359,-3.6405716558508021
60.065883200723661,3.9768376782195816,-0.70855308842131182
59.770831994980284,-4.0345560725638787,-0.52031303359863179
60.029104614571921,-3.7208731480478696,-2.0203016045266362
59.417261916632341,-3.6311051548025524,-2.2985067716423457
59.000159405447768,4.1326145690979095,-1.6408426753862837
58.995769302629654,0.62644092554221598,-4.5488351939218266
59.335489448460983,-3.8292870268600403,-1.7065334472477995
59.45919293592695,-3.7224369338731971,2.7802662277653347
59.609415158538638,-2.5216406317681566,-3.3663589465167938
59.16961171760704,4.1659218993431457,-1.611206918784611
60.318740061890587,3.8187167675077096,-2.7452928785030548
59.30317742470497,3.6251570486540938,1.7507533297301094
59.261758011665897,-4.2542880027053513,-1.9267652290122623
60.138466574688955,-1.2267042813094817,-3.7636891839097113
60.157536808695042,-1.7641078422867793,4.1479898430344226
59.139601724403583,4.3576486697257693,1.7408409245963998
60.145425795291658,-2.9695723562024021,-2.7509134895573224
58.954723047747073,-3.5060545936133853,3.0809796374104041
59.432635731421939,4.061518893079727,-1.4572984702500114
59.202893297733603,-4.528388009476549,-0.87744732707949769
59.859047853318813,-4.1088704976720249,1.0221579604272901
60.037763328967372,2.4068129869835859,3.4471308709892865
60.667762540776316,-2.3844980166883527,-3.344201943376341
60.211301973568531,-0.32484343341073868,4.0460545797299687
60.542242912327687,3.2554253221049412,-2.6789172684903861
59.205831365779162,1.9222245462860295,-3.6987983145395065
60.449386806283975,-0.32195499008755379,-4.3973058106531298
60.120437773517423,3.9136894830907449,0.95495241790185814
59.025020992393031,4.1481827372255422,1.4500986920307368
59.369083013208119,-5.1714099577754205,0.083017294330051436
60.471589249990096,-2.0762792446531608,-3.5302997170320802
60.176052029089185,1.5484506068507704,-5.3564084438435211
60.313325222184574,3.4928294599416296,2.8859519459627943
59.854401609472497,-4.5077406191141245,-0.16469929330084282
58.973918062865117,-4.0786347645015493,-3.2264455017456406
59.119536640178623,3.316547805436298,3.3412540210162627
60.750510513276978,-3.286096608990098,-2.8442901323826248
59.773018277946314,3.77563829568756,2.1567735689730294
59.481000624439019,3.1829913788603634,-3.4775043714569671
60.229531853757535,1.4264612931983662,3.7881916200007049
59.185179543009518,-1.7795856181036522,-4.432517587817701
60.272843460739892,-3.1587498261104567,-2.8314064538283512
60.085642413482262,4.2020790374567829,-3.1255657128248449
60.073601687514341,-4.1051796185077345,-1.8762163989022347
60.464772139154114,2.7481370490301704,-3.2609664334202839
60.151741618409353,-1.748127271319861,4.3351995627833695
58.962772752843811,-0.75094133766655646,4.3192211445825812
59.860206077028643,3.875460477709467,2.0635377519788527
59.003673604689055,4.3182717078599699,1.3605550650923837
60.608782172357365,-4.1573796652036288,0.8055922381517141
59.598736747783072,-3.2655232538165526,3.3599820193119605
59.406582430505345,-4.0289922961454945,-0.071207728090141878
60.114610090431945,-4.316278579534611,1.0782166268379461
60.009118956041348,-3.0086845925979788,-3.0825463143419491
60.527922351814986,-4.0156171318079084,-1.6874748137778164
60.106202472678568,-3.6923773214783426,2.0210860554379542
59.556495821030111,-4.607063490938029,0.85028410960486467
60.104756541188941,3.5843464764108117,-2.2165536742771401
60.630324271077804,-3.9977152161289982,1.2388562131162051
60.503691916321671,-1.3213970429932071,4.520784634092526
60.090862745518933,0.22975789667287447,4.608997413880255
59.253826246039658,2.1180844338223368,3.8800562205297524
59.840469916527887,3.3972977569099587,2.2434533084900279
59.568751380302928,-1.5981708785844697,3.6900978007931133
60.306241953976894,-2.9530314805904605,3.2055098164196791
58.99083190139978,1.0217197175900086,4.4671093602885561
60.657332264528947,-4.1303299953607366,-0.81624287540054985
60.563020369099739,4.2988365486134708,-0.22352415996719269
59.064798147246101,-3.7298286205691915,-1.0680664081361257
60.360873688185599,-2.9214212976359883,-3.3645510517038382
60.786216038324667,-0.8619062270928749,4.6268068754598604
60.530074289785027,4.1720841772811328,-1.3072820531863383
60.677310200478772,-3.8381506727985424,-1.5384344743821252
59.866254909069163,-2.9154501047360375,-2.992155752712629
60.20788407690592,0.52056334830988382,-4.5368478252081967
58.960911051944599,-2.3043634899876446,-3.4183725191955703
59.33183705844602,2.3351021435587254,3.3240959556224623
60.274236780114578,3.0240087016919914,2.9032388638970783
59.671923854060125,-1.0726328765469235,-4.1297575275012015
60.108332750583436,-2.7609977955979792,-3.597073147893016
59.94740786501329,2.5597459873493769,3.3995113651408841
59.881887392303717,-1.8902564376661422,-4.2966180012341342
60.251603596734149,4.1237554886691985,1.1844831678750616
60.183229993911567,-4.0257056023752771,2.2264642120664013
59.329407571139853,4.556552834362475,1.0306639197956815
59.192243287786901,2.5507436061206858,-3.9495074444865259
59.874796193574944,-3.9281000642174195,-1.7171008365766889
60.111799628753431,-4.1258473709329575,1.9353888358698292
59.138098699805468,-3.1271251481175932,-2.998773221479027
59.692964095283187,4.2127688282075493,0.89557732441990034
59.972315373725714,3.9729684378618488,1.9591132231702417
59.800775070429566,-0.84959530908753966,4.0491572109352374
60.067467163664276,2.7147736141858436,2.8428200855107928
60.752950889583978,-2.6833534515122568,-3.1216404177088481
60.516417897663707,3.446859434116976,2.8961329542190608
59.996346320142905,3.5453910445629067,2.2172732729754396
60.559005365127241,1.2122781757375671,3.4140206572368337
59.588756551989547,4.390200038569521,0.4345650964612624
59.902583835927423,0.12050936824132155,4.408650260304479
60.718579071403838,4.3477148611717595,0.034511019998512679
59.358456819611959,-2.3623166076905742,3.8996395560291006
59.713519604192427,2.9228419764796802,3.03667711801255
60.156609290868424,-4.0785745589808116,2.2913662783479953
60.509478356154531,-0.40228618638259783,4.5198008904810729
59.777337494750853,1.1715227938482298,-4.0703417109172033
59.875916860887592,1.8440172209405308,3.8580306929584602
60.786796837086598,3.7036541902463078,2.3916986159149918
60.564316318038351,2.6561005609983508,-3.2421806378545375
59.257710309192298,-2.9794367972927089,-3.2393694064070413
59.164082094299935,2.5482773105111427,3.7199856997390883
59.239204421270749,2.8279111003986519,-3.0543380905974193
59.564925267615934,-2.9854020283076821,3.1371423345176641
59.132883305224532,-4.0087690493867054,-0.61223125722087846
59.814811488383199,1.627660143700715,-3.8650073860799172
59.108117382531496,3.3500185336005677,-2.6014356000199808
59.608906045870647,-3.2670883921206793,2.8267439544878736
59.055352429492487,4.0648132390442866,-1.7000243660252665
59.549193899747863,3.6829312219541679,-0.61583126882126704
60.118996762320634,3.8850708623555938,1.4217434582382058
59.097652181755144,3.1619545828443512,2.3894527451076297
59.862768827131688,2.539559101713543,-3.4617996732681822
59.785609561969522,-0.63526185249261147,3.9573829089273067
59.791965674417533,-2.0843833763176693,-3.9237716457908189
60.538640876692718,1.9148497834856648,3.4956706442580412
58.725396570103889,-2.7688895494491774,2.8375391888008314
60.028799859096161,-3.8836691213828387,0.24963584902819677
59.623789718585982,-0.8896810921834265,3.9963928943128781
60.48658103532042,-2.6455184968544514,-3.0154531538759541
60.468719586642578,-3.2790494835660899,2.5893940729532883
59.783341775008154,-4.1672814243903451,-1.2173819303609423
59.133977520405971,-3.5527943498830745,3.082494845477282
59.798966736447682,2.3655055462303571,-3.6813005294182584
60.541339646409384,0.39359630642474103,4.4011774904030574
59.029165932919689,4.4987665910347419,-1.4460842251577566
58.771977178602015,-6.0586897587608473,0.68039285003357508
59.428891588579454,2.1323547456475231,-3.2967774811580148
60.562752277477237,-2.0927617598227695,-3.8464600081410092
58.88784508412602,4.123447318966293,2.5684476703632204
59.299566602165179,3.2559735809292842,-3.0584558974214531
60.27004691681698,4.1951234296803133,-1.0823494606375303
59.041001399970902,-2.2863667957766181,4.3316455141112984
60.264257739902142,-3.9258086569471149,-1.6506675912926048
59.537405446096585,-0.65775154404661051,4.5130713842502166
60.638628356570834,3.620019293096354,-2.620688970522207
60.420450201958005,-3.7050664849223507,-2.5300640429453254
60.756753878470917,2.0760985796786362,-4.0641200158011808
59.181649937244117,-0.050010698233508885,-4.2012049568580343
59.710632057674843,3.7452095029279335,-2.1408322946574931
59.439829532042751,-1.1375600488146715,-4.0956457962686068
59.474580821220655,-1.2456310814595228,-4.8003282341057272
60.35472085062181,-1.7804709355813513,3.790730462300635
59.192340862206002,-3.1716729905727923,-2.5338277395218025
59.19947062056719,-2.0277052727355498,4.2715809491437442
59.022993253218331,2.775775861378849,-2.8439444363813626
60.367950014769342,4.3891894559045328,-1.2477451226539908
59.357127115733263,-3.903847409582768,-0.19257436545047718
59.782582795206395,-4.2517214218184787,-2.0395015353562456
59.298689045116163,2.2476178718666242,-3.6753254158646413
59.962345835617853,1.5556402664597191,-3.5512936528073453
60.243667541460077,4.0966390216735133,0.84885426828627086
59.259360409712592,3.3509363063326685,2.7330342995926507
59.688879857352717,4.0442333624861373,-1.6965386549329631
59.531894647220589,-1.7944288894679417,3.6375761316465809
59.535715386681773,0.95483446798160476,-4.1737224749566773
60.073940645702528,0.54449024681559632,-4.1679313575517414
59.631002191685504,3.5112932650619735,2.7891891914612432
59.774873268303189,1.8171093937334188,3.7015695024007709
59.785584333093844,3.9902893855235155,1.3677465780619056
60.108636948947087,2.5638024107501778,-2.7959247434327756
59.720196799209852,2.4173501780078008,3.3170923463334536
60.408263999429899,-3.6590784657468656,2.6000445559382812
59.318370657084856,3.9442707791993548,-0.34030483556142266
59.568656901667502,-4.2248029050035116,-0.37796258976883185
60.625519768239819,-3.9309562033060188,-1.3659581325618544
58.888633748003691,-3.7606991506776195,-0.27729389192960574
58.98948783856828,2.6818117063381695,3.0316160718488043
60.028399040705658,-2.0724118359228494,3.8879663308363579
58.968283810707256,1.0846314021448411,-4.3798507441527121
59.340635568169681,2.9280998884566993,3.3643136556863884
59.913693945914254,-3.2886587650167418,-2.6589704306359705
59.41776062296222,2.2690104474902664,3.5692513035042173
60.660523787839502,-3.6340130461083513,2.6089479944197
59.67093346455809,4.7301877498142151,-3.4186795091328839
60.338996033300866,-3.1508295173164846,-2.6382629744560782
60.494774903499348,2.8672815729826939,3.2595841944586113
58.803880567271548,4.2227325933165698,-0.50709258418638836
59.801076908044649,3.2878118727005861,3.0074614662749402
60.575278737258031,3.6503543038722732,-2.1200669168802264
59.508869571706796,0.95287125709609233,4.1480752296942214
59.24557483232946,0.62742347814991628,4.1962231166795529
60.140158788563006,-3.3342364961551456,2.4323238889350653
59.32855570959137,-3.5253445120982012,2.4328474378339142
58.958450151097267,4.0977201710018267,-1.6725677305580653
59.401164892754686,0.86586301604471372,-4.0139368114337861
60.159875300205073,0.65856478058600298,4.23962813614287
60.596846312740063,-4.4409211390953498,-1.7033797457254418
60.209810848016311,-2.8814830404361329,-3.5666999215169595
60.336690082845131,3.9295799739418404,-0.59318006811461566
60.221428841973335,-3.3362838096035796,2.9617445986007138
59.961793112499819,-3.2204369713000967,2.6447033470614141
60.423045969292652,3.8681294457414288,-2.3314479687603837
60.723177594901252,3.5595812756873935,-2.9806264446238231
60.537020851139104,-1.1302313903747943,-4.4986531460334858
60.435015876760332,-1.1358294545287269,-4.124475362405815
60.43254464572869,-2.1176418072156311,-3.5038111144190522
60.000875044619576,1.6227628076785965,-3.8053937699755176
58.937050502259524,-0.28742642953739894,-4.5288773832657538
60.525384326458656,-3.274071824492482,-2.5828880356876667
60.665931633228155,-0.96217599206782034,-4.5366889385526346
59.990059765616202,3.3886466229198255,-0.27507234528611285
59.101749628129667,-2.3250297550788686,-3.4928410305904971
59.634021845844472,-1.4736287111971502,4.4844915717731304
59.742324470323993,2.2081431557456219,3.5612857922796555
59.925477153941934,1.5546763677333058,-4.1207153681393605
58.833370499906977,-3.3329325242715422,-2.2409643260224379
60.59267939349629,3.4751041766979851,-2.7748893089485471
59.134757994173256,-4.2117624946093617,1.2492213200107019
59.994519875279863,4.0453323083542774,0.50380476662501683
59.469372271257285,-2.8512023421598052,2.6606228944894976
60.60261501308127,1.8653447833517129,3.9856869454685167
59.279835550837127,0.77539931195360545,3.9327912807660361
58.931555127860349,-0.36612706261297107,-4.2789592616402752
59.902097401246152,3.4765193523205857,2.5299878138224576
59.088467653699588,3.9099599245342516,1.0604766240659953
60.859873118766743,4.0407722380645277,0.96361180523936751
59.21915436425612,-4.3925444104631159,0.64414520624759253
60.597599583304358,4.1910576653406659,1.471660635068041
60.678190101073525,-4.3323297623699508,-0.56294645778278563
59.94922560537529,-2.676348914780271,-2.3050319359008506
59.041415730213579,-1.6820143982021627,3.7895773544587517
60.697068030722228,3.8050687491061117,-2.2077601600118126
59.491125935161008,-0.83736834874487276,-3.8068162287955172
59.295292316127643,-4.2822337826443917,-1.3832033483967148
59.974587607120228,4.198556446521633,0.38478898914129783
59.30920499584623,-1.6699297826961066,-4.0502200585765813
59.93202548378251,4.2962511920344619,0.29611040459021704
59.825919971619015,-4.0450839358063737,1.3634893862202733
59.044218422114078,1.1681390350995886,4.2190409744310831
59.936633727594078,-3.4571526877104377,3.1233506000561841
59.416526867373634,-3.1365203759933271,-2.2718723145913078
60.455788412771852,-1.0864268797210961,3.8461055161657294
59.569948997941609,4.1991713700176936,2.0918584485150107
59.924733629078752,1.4763834210531248,-4.3863314722699345
59.764616663974259,-0.1592343661888849,-4.2186140553623543
59.395907131602129,1.0885946745448949,-3.8095597914503059
59.96758019954612,3.6866200596559615,1.585064157610244
59.229700492193025,-3.702992913627603,-2.2206968773059268
60.309618063297791,-0.61056788200493051,-4.2924445316300792
58.928287683446669,3.2860601848955966,1.9004791826447658
60.241751695001788,2.2384351155233069,4.0074191851795211
58.991635468376877,3.351402695778849,-2.2489665065379869
60.551522461317795,-3.2307156027292407,-2.3241055184195942
59.503058529681169,0.80652633497320603,4.1555996862629945
60.107175906400123,-3.6074564067699466,-2.7444326942486512
59.253497527092399,-4.6746109086526157,-0.90491009970068792
59.325668905352423,-2.7151326805547682,3.1991865261787509
59.324583638315069,-1.3032777640787834,3.864233513048414
60.167902515771473,-2.8815066700836933,-3.2521212036307587
58.890178034659144,4.12302140825732,1.5182986058644214
59.595726396393466,4.4168933121311929,-0.14090643116534907
60.3138476014989,0.65324430992724403,4.4383176643156093
59.391243218040515,3.8390720290772213,-1.0370070333840433
59.692789700936764,-0.35247323411039527,4.3937244652286527
60.616786217348505,-4.1608216184252447,-1.1975027771104878
60.48672119782394,4.0503843148669105,-1.2581648829571059
59.450648747598223,1.9685751236940967,-4.060019698314127
59.107979115756983,1.1359045720998395,4.1634649469059521
60.571875399245108,-2.4731781079205533,3.2341184384806825
59.387104767464486,-3.9737657950080907,-1.4941499414677379
59.422214883683772,-4.0116774069028045,0.61268662315573674
59.269834221172189,-3.9577348601641065,1.5489231220637814
59.703391195374962,3.6477512338557245,-3.0368300747978978
59.005363037723839,-4.0991606551928115,0.35252182121557829
60.603856199518965,1.9271050800415226,-3.8910136751809072
59.533929181377189,-2.4350510463835011,-3.4664443244551455
60.694460367765785,-3.5995436351260297,2.2724686624662742
59.648304487750515,0.42335209540013358,4.3843155509996556
59.008130440407179,-4.4985817346583161,1.0554009399736251
60.553084338073468,3.9834872642694186,-1.6582135106641811
59.65138865487333,1.7556793882800392,-3.8181180715821883
59.022721157939941,-2.7426918224304409,3.3821157232219061
59.047838556286855,0.59322915854473268,4.1809145586121588
60.002755797430147,-3.892156805361362,1.7664691542311459
60.168263582353141,1.6604936309549843,-3.7453533752199641
59.710596902844905,2.472441870391533,-3.5716528193304882
58.84303094532256,-3.9361696236016375,1.8518503028992435
60.221140071615771,3.8350757359370715,-1.2658395018970892
59.504084518449162,-2.198899767793741,3.9141229571598029
58.936797193506798,-0.25933462644363903,3.7730218495325816
59.50682903063727,0.55234529911341945,-4.2020155453533183
60.431693649445769,3.7242690554357534,2.1081910594894691
59.762401848800074,-4.1513573732538198,0.18819420358421662
60.539286489109251,3.3582391332954256,-2.1252103551740897
59.590329696029009,-2.2186641198189418,-3.8473409471919524
59.043270687870525,2.8607334660981292,2.63444043416014
60.061355904887513,-3.6588116539356292,-3.0908673358105738
59.912397435217066,-3.2373176575844704,-2.6405717902608239
59.56792737200464,3.991296636965679,-2.2035960518321911
59.447512567274678,3.4861045271159812,-1.951334395857466
60.579828140465622,0.60943962577577304,3.9445120208952491
59.104966535817582,1.9434864584948286,-3.8479799796903733
59.322466244558242,3.8113614108940257,-0.64699658666947724
60.404556110664387,-1.4304055740659458,4.3609577270553403
59.70647372422394,4.3088432671851011,0.048669738732000624
60.216620447307172,-3.2956612139058565,-2.0398092125965084
59.246901089270473,-3.9845668980344704,0.87366126213209194
59.253754150877981,-3.0663426815965655,2.4802173592577845
59.798621341839727,-3.6535091508472073,-2.140898100373323
59.298918081730335,2.2473799007177822,-3.8010555194080342
60.327648292387956,2.4982244389470454,3.409836604894672
60.759265659338496,4.2680467379775138,0.16490010213050615
59.766632950389891,-4.3327706691574353,0.4650807721907067
59.964254011520225,2.4396178338312566,3.3229305546751542
60.311064652600173,-2.7075899979350813,3.4092085227715652
59.361708641925205,3.6047403261495496,-2.61512036224017
59.286366737490738,4.1912932479432943,1.618169148688184
59.511697542209845,2.8758555709100637,-1.8814032404973489
60.730945860211385,3.6832031622997294,-1.8206722643972026
59.697587637137033,-1.0682465225452165,-4.0189107704683842
58.922631029002005,-3.6773368747241006,2.1172038346389241
59.32400023142803,2.4846359579035298,3.1814788420970883
59.256897125341659,-4.2612021263221678,-2.1715698907696566
59.714330111779589,2.8764781103928412,-3.470304267504392
60.150900782243156,1.6588462405686037,4.1623951365961531
59.721405401323295,3.1232630033354241,2.571865844528284
60.921150294603031,-2.3650939091716863,-3.6504027780882158
59.087234810469759,-1.5684299785082323,-3.9651423439223539
60.180764643687482,-3.1287777976416429,2.7893840997812194
59.826022846210599,-2.4769371136134617,3.4517945471186278
59.955201800527306,0.73545033374360103,-4.5243688984867632
59.847518291095511,2.8098986676103936,3.2247748806401857
60.532654310273017,-3.8578668745861067,1.6501947295598804
59.970616128150589,-2.850420176108551,-3.3246463228783423
59.288429074951701,2.2545995807617545,-3.9105774307754513
59.901147419578869,3.9503585197394573,0.45084577413758986
59.50692085931108,-3.5277499834612489,2.988676864468597
59.194348132161196,-4.0620176971785709,-0.78952165641635252
60.179725083367735,1.7688859953222116,-3.9796919539995907
60.764594174371318,2.0974222397885112,3.4757038894850392
59.413895937198482,-3.8986508193251139,-1.5630642188367647
59.367639526970052,3.7874978206195258,-2.4669592561428462
60.675441717633184,-3.5430020715440693,-2.7121811433686891
59.895877868468119,2.6850805179387183,-2.789866055870649
60.084442343270354,-4.3753749410558891,-0.12885979240779347
60.378265724730888,3.3055873265557238,2.4385009130006674
59.093889734626764,1.5845495964589555,-4.0946288044639942
60.584786097917139,3.5614308156259158,-2.8633620766470713
60.758651867456429,1.3588382886477517,-5.0069255933667378
59.518214235378096,3.3452316641252451,2.9395738024695586
60.730551668077638,-1.7000717090240407,-4.2733215833662488
60.621374228347854,4.6517067880710004,0.40225309870963644
59.04330674526453,4.3912456865679683,0.93252557557376869
60.129216138190031,-1.9308632288311256,-4.2123975627336101
59.75869797851832,-4.1460532431528376,1.4751836554305893
58.901174411758376,-3.4715870459385108,3.8225295781827837
59.977597234539928,-4.1027295806347857,1.196724053812513
59.857947439205795,1.0476582942923929,-4.1716224308853658
58.887420640836858,4.5244147986161938,0.72548943471072469
59.261862812304386,-3.6101519656817844,2.93621247140379
59.268197316545333,0.91683763381662053,4.2111369763467881
59.460968162597041,2.1019261578168997,3.873018508785028
59.523575990717831,2.9435914422311296,-3.9502507453139231
59.496378957458369,0.24550054741852523,4.1671409550211544
59.744307294661489,0.48437907538292552,4.1126467809658083
59.694401071446464,-4.5382764506542506,-0.24648966313463805
59.323668108982488,2.1912135916113527,-3.8430153095716002
59.687788587686228,-2.1143645217273717,-4.049501951229173
59.308530872932096,-0.97787274315530925,-4.2187466750394389
59.412225353220883,0.66377173649010623,4.740755145246796
60.196324106488348,1.7824033026771748,3.8362389420906902
60.710419754962182,3.2957982134434012,2.7978607350258047
60.191163032595192,4.1113726139945808,-0.022923409674090768
59.400075423371,3.3494910312264192,2.503691012547145
58.968486339683267,-4.2235480207809735,1.7726610707023216
58.998849409024601,4.4490394235045585,-1.1111166435924154
59.639751244868471,0.67057328742088496,-4.4137211576384754
60.915517836157406,0.94005225119392299,-3.9209900850829924
59.663691494397746,-4.2763313436402237,0.014329122413699874
60.495009818130576,-4.5577003809641861,-0.64723403622919418
59.756663073944082,-1.6552483747425137,4.0274928891795607
59.536951102165723,2.1298548944058617,-3.4641433447526015
60.283769876790203,-2.9764932230028083,-2.7607034933406616
59.948880119697577,-1.7162969559470469,3.5581778802762156
60.518306537881656,3.551427355631473,-2.0205024670895324
60.19618090111134,3.9768443067714516,2.3238365359410786
60.359533293371747,3.3052771068014937,-2.6148034327436758
60.91387882392403,3.1851380700882097,-2.8353563175400756
58.828017113354839,-0.48825725465032005,-4.1934416593293662
60.540984520526997,3.3098383244091312,-3.0050501983662192
60.646005290405078,0.77753037546861836,-4.2242691894041311
60.791791374863173,-3.5427383466417073,3.1181591834542202
59.252927860346794,0.90770681132002151,4.1223733010269248
59.073413672919244,-5.0849464505847006,-0.36190451289088343
59.819391287483114,-3.6641035052352322,2.0292621017523889
59.1024468537492,-3.1693858674493334,2.2339567390941819
59.089811806679116,-3.6094313554612363,-1.4289967360187308
59.052302125722967,-1.7876261516894467,3.7699371620075812
60.092944497466313,-1.0311803933353803,-4.4744911696429286
59.788023340338682,-3.1718621103830538,2.9409438905325804
60.081728574793246,-3.4007733780197258,0.98006178225812535
59.707355102823854,-3.9623113729098072,2.1863951508383592
59.313255270929673,-4.0675803895793337,0.42601895564110681
58.899778494907025,-4.1779056403492332,-0.20157848037810067
59.705268824784561,2.951092642125865,-2.6253275908369647
59.042782213164294,-0.22145677808925612,4.4843257734433122
60.458076823571652,4.0915070157188493,1.496235328899916
59.346414057751645,-3.1468726252784633,-2.9346097430635227
60.147467623312288,-2.8391398277120476,3.230454639939242
59.977302324416478,-3.530752621685842,1.812432721300244
60.443988880281331,-1.8129109721653327,3.43014465270377
59.097696700354099,3.7507744913910104,-1.3257906239983779
59.331210921215259,-4.1341295912858884,-1.1822062103074709
60.299779017781766,-1.8530427789802451,4.0187712339165813
59.284256325102504,1.5815406392269638,3.9830525868656013
59.26965451475489,3.9772521263460021,-0.16914237143126437
59.216659708167128,-3.6322845888905597,-1.6114589871793747
60.730937215618795,2.9563561754511287,-2.8647327842315886
60.80788624760725,-2.9931648297638009,3.2879604144781518
59.753999154973933,1.0246843507945849,3.9749431112205715
59.592024856993739,-1.3720751555325355,-3.3794767490077562
60.08540217553918,2.3594501621555106,-3.6945497375806169
59.0822367693969,-1.8225514266792073,4.0465642454658548
60.609091418027937,1.1960081844642041,-4.0954906173328212
58.983199374962176,-2.578678637355202,-3.4298367334936861
60.298963935449798,-3.8168743183820464,-2.4802480894155905
60.248217837498075,-3.9124737694654925,-2.3033215415748982
59.868497202521915,-4.0858076161526782,-1.0077542907167738
60.266902635843465,4.3111787236399657,0.0067472999192104413
59.729374753153671,-1.369782406706481,-4.2242298922636987
60.154741464819807,-0.18011601404591029,4.5081246290365984
59.725864500060204,-4.2401664740223275,1.4710031339953353
58.972725410901219,2.4800376040438286,3.2907967995879841
60.265889503559244,3.8004792654791535,-2.014836427505891
59.610456414192122,-2.9851644479981716,-2.8162932912734839
59.133056102937751,2.9097310035485497,3.0224267391437376
60.179184657514995,-4.1633017728369319,1.4240559404992383
59.54257982531373,0.3855689933823635,3.9163978266457407
60.07486688221536,0.42296594049774827,-4.5086436712683957
60.138164451501211,-0.097014037969028577,4.5094455772784432
60.451674234029994,3.1531156328653305,2.6202185200573616
60.063784823948758,4.3413450550923258,0.84282714521512203
59.689682598583914,0.96745184206965418,-3.9608774873335846
60.139743179892349,-3.3897577598106685,2.5742660402908886
60.265940197410366,4.1262943062622242,0.074934462230095311
59.658709430247683,-0.056520577157877644,4.2323631597388465
58.856348500390446,-2.6325541744387975,-3.0798632345970947
60.29353610034574,3.5444772341630419,-2.1605559805716434
59.857173428031565,2.6821969618968895,3.4630167813330188
60.635938705829616,4.2313546193568383,-0.089480308575681636
59.630156632669689,3.7032389170973894,-0.7899549320291126
59.14344649343721,0.13689252422487971,-4.4742081501183817
59.07753949151904,-0.51790931369327065,-4.404900017787706
60.200065446534438,-4.454014511582419,0.47287870424682338
59.340112593379096,-3.8870042353756524,2.1929020187476342
60.168675134530972,3.0116628764861648,2.997011850017107
59.930693193341824,-0.57681790329269467,4.0174487761131159
60.357935572959796,3.9415689026947724,1.5378949374238937
60.122365714044264,0.01062565860510839,4.2796657238005382
59.171258778556513,4.1102929958205179,1.6721613204281394
60.297128933382972,4.3429520266404085,-1.2647889254352376
59.986020916063502,-3.4427053290860781,2.2769695988055298
58.967192633212235,3.2410569989517284,-2.6548829398680445
60.314510500256127,-1.9729190410660871,-3.9257248223305048
59.963896934526268,2.302461005337646,3.692661669026005
60.627192668798159,4.212821543180965,-0.71953664883769552
59.646741103347054,4.1114572123306861,-2.3015229909228148
59.216855012097774,-1.9038540233142218,-3.6742983721658047
60.390912825018241,4.3505419232272331,1.6671248716947893
60.254081553062768,0.71512811124007314,3.991093121944266
60.729104878963454,3.8955145468808214,1.123045347305748
60.460281583180084,0.75790119465856665,4.4486110220054069
60.450868588947579,-3.808607366193157,-1.7078259653666257
60.046112760961719,3.5987463528588264,-2.6426783605734134
58.835222450204235,4.1258126799734116,-1.4410453699986694
59.762646841405228,1.8068080948003093,-4.0189896624072228
59.114401175191531,-3.3004724197059319,-2.3717433220979838
58.997273849848426,3.100137708820196,3.011946668072413
60.373386682532463,3.6868398184168267,2.0516969281349482
59.768856784717251,1.7903236038872761,4.1576655081603295
60.105560855347015,3.4512539516793201,2.3259379770700872
60.022470863241374,3.072304734937918,-3.1772874590066071
59.751722164150181,4.418075156822221,-0.44628850594753605
59.284212580643569,0.11281996785386418,3.7232784344587535
60.808666070158679,-3.8248364307942739,1.8821424966536875
59.210976843334144,-4.1794334240493232,-1.843689860799534
59.426747013458346,3.0039640131852172,3.0116629068371275
59.82478602777573,-0.06675141035953483,-4.4009099135783583
60.185156827549498,-3.974182414385723,-1.5315909765565936
59.563054409201371,3.9922347999326377,-0.31707545027936551
59.944416994545065,2.5606481197461166,-3.1280653442975677
60.459384294042437,-4.3254499247732516,-0.12467083504458019
59.973279757385626,0.92451726627215014,-4.2332643829160226
60.265646987482562,2.9264047246521052,3.9395531273394764
59.883164934653443,3.7844135168448347,-2.2674606596659279
60.490768153601955,-3.8982605516859223,-0.52596569610684174
58.749851946816996,4.3477916488480881,0.39929992856372376
60.288272624116388,-0.78044206571467023,-4.3354968827451135
59.014206036980482,-0.74520463425939643,4.297724058375695
60.678405213408176,4.3358287268599023,0.43917064216583135
60.276135736550437,-3.8455923587570804,2.1567820882754134
60.389988812333947,-3.4597053475621884,1.5260983685186811
59.74872188031965,4.3987912294922404,1.2066999222354673
60.041704172319861,-3.3676645363931832,2.5884424671779067
60.380596179956804,4.0691816387162989,-1.4841998223161157
59.430099767166183,2.1296508532821239,-3.635054076794884
59.312902199478032,2.0513260640693849,-4.194872673801628
60.265874653732162,-0.81451495325769585,-4.1423653013142019
60.077105000140861,3.2347165235445541,-3.0325948331703092
59.573525663866633,2.644913279416456,-3.3891599211997812
60.114733601657335,-1.0422416899309299,4.7705093040033493
59.129920810458621,3.8488520621105269,-0.6966917257374331
59.570011824777723,-3.5041649490468201,1.4355888571983022
59.476018489638385,-3.4111404371275218,2.8599691999970833
59.946002427912852,0.96958640938278151,-4.4217815567178329
59.709660529115155,-3.1570760204558077,2.7704408639451792
59.47945530593725,-0.58546176464707689,4.5383921644446517
60.67127386630797,2.7476173398420531,2.8718024299265217
59.695291293637979,1.425366138359625,3.9668469969662148
60.238455693760692,-3.009671376803035,-3.1084455772647526
60.377534277494796,-3.0669315365599576,-3.1893544027375396
59.279214449198584,-4.5546385894364096,-1.5217817591527643
60.408108944821265,3.1693153414708988,-4.3658832495431801
59.532168059688161,-2.3198493228348585,-3.3816990898626922
59.207916287436952,-4.4392051485206165,-0.56970906821381129
60.434910956914379,2.4865725813980339,3.207738593080411
59.942095440851816,-3.4018053593685007,-0.67304090828863772
60.295840330920996,-3.6854596966520639,-2.0366439237833309
60.051457572465942,2.3699754025337376,-3.521692395127626
59.281532726072015,-0.97651192122937147,-3.8750526101080194
59.67444066290841,4.2818006063280967,-0.34301887751753618
59.551382610981406,1.6120547850537497,-3.7476108262974805
59.085428122252686,4.3526145599639703,-0.50492842163472162
60.644362093866292,-3.3039638333121002,3.2598170861458233
60.594819367471189,3.5766192922106566,2.3569368574786611
59.869591693245759,0.22998587209587001,3.7382853059987919
59.922499929866902,-3.4720945306821416,2.3373141650577924
60.682197454508625,-4.0706031443321677,1.1550914510196593
60.239028072001091,0.62082295827967671,-3.9825164569818723
60.836330794956162,-2.8641266692439387,2.9755433134602911
60.229402759175606,1.368199565356055,3.9337155058474647
59.549334228050029,-1.6784096540047622,-3.926200303226675
59.563135679555259,3.995042501347863,-1.3253357717401737
59.026738598917781,1.3978050508767654,-3.863675011118834
59.992527642322266,-3.0610290901714854,-3.0391968635479385
60.528308042205879,-1.418017058273185,-4.1253379208969836
60.366563761311035,2.1200553647778042,-3.7240863449371231
59.614199252122511,-1.0684631615777871,-4.2018493221433335
60.292978793111459,-3.2987789884050875,2.6011791410292133
59.174964389257617,-1.5497960683935577,-3.8963190473699982
60.272910175591868,-2.7388590220074005,-3.1180635272976036
60.142547803247162,-4.0657407625240785,2.3527341774677555
60.316084698773686,-0.50879238201730836,-4.2932703799543726
59.289171183344529,-1.6185900776262365,3.5189673610193464
60.552777236262628,3.7857272124385335,-1.8426871135247644
60.34223021183373,3.2754815401321045,-2.9597746927141806
59.027718973701312,0.59255310889482582,-4.4893984536784597
60.692516626467423,1.3022799566065475,-4.1135451734496806
60.221620779140821,-1.4214626475896743,-4.0694045515739408
59.049715158590281,-4.0465869658133204,-2.383977656009824
60.670361607240494,-0.59855126296810712,-4.0663036129826633
59.108312117569184,-3.9430845881876562,1.0305286652285106
59.97118190449023,-2.3936708532153621,3.9521694118130637
60.68058705396475,3.5308630858898238,3.0974051641794929
60.127818425470252,4.0916300936856027,-2.0006859952072085
59.366763340153653,-0.42080515692654574,4.0780267095776068
60.134952597974568,3.8550396178462667,-1.9760724083245531
58.831764445345762,3.0860335412453606,2.6281444308553747
60.771234619130773,3.7010405324683835,2.0858815774869628
60.44112832023697,-3.2815573753048772,2.8542006459135858
59.900894597965582,4.0109966719769261,2.1724365487424984
59.487661782075399,-3.3590467634849581,2.396276209817489
58.938604666542702,-1.8060660810438738,4.0282703732447427
60.094381520523392,1.7534968778931297,3.53405340250342
60.409759870209854,2.1825305098673615,-3.6405405499787289
60.031031873657753,2.985859000081577,3.2399153955169693
60.230083351942639,3.9165531089736563,-1.9635426246496412
59.701359971930231,-3.4183441742213359,-3.2826300417686278
59.789554091404291,0.8411414297725488,-4.0775726412993905
60.721975341679915,1.1084307796365844,-3.7877150321192223
59.482018054148092,0.61153562662371685,4.709478349365293
60.705774100212686,-4.3727900230839554,1.0557942296043501
59.862415987154748,-0.20616976774059434,4.2936953539473102
59.911185700767945,3.4101671882179767,-3.0583391503696444
59.929207025873133,2.879172315802581,-3.5600746756093518
60.583617757310549,2.323611993972972,-3.5921072507701481
60.471405545249439,-3.6599130638448232,-1.9800010986164085
59.795344096349112,3.755691148234519,-0.6100861740031005
59.705239667184635,2.5950933607716959,-3.3198743452213346
60.49697286927961,-3.7554151015665211,2.8459525624054471
60.619407971864625,-2.4307842722324655,3.6186468201845976
60.560138533384304,4.1688310027485596,1.0523060629725258
60.856844543750526,4.2412063640290816,-1.0213601705333295
59.721680903418566,3.4394564303942476,2.2027360835700298
59.237711091210549,-1.1980954468734299,-3.797597862927236
59.696604017383081,-4.3545997726379015,-0.42054953997002625
60.316026644103772,2.4867246246458934,3.4405073985016408
59.702867600659161,0.90654545917139906,4.6291676997683755
60.272198916485273,-1.1984314251910786,-3.943191685701561
60.310112716039349,-4.0655198506277923,1.9226043076845025
59.534579765221494,2.7589476843757068,2.3653458004844925
60.316551217511588,-3.3535924707426483,2.4400170832993546
60.104416007180127,-4.2490684238420853,0.66322046620663444
60.194979790305254,-2.1597694413075255,3.1645133543901092
60.34357850514148,0.91772597612670892,3.972281563493516
58.223357883798251,-4.1427048064940601,-1.3095667430855393
59.562939938029622,-2.2981519415875473,3.3861053605718059
60.186349247063809,-3.1384742327373325,3.0808148245266778
59.673472223047391,-0.17629848508774473,5.2807536679005214
60.266384425394648,-1.3243986913487344,4.0061478124325562
60.039304022809247,2.6949642270299847,3.3872112329685424
59.904104261921049,3.4703835214585652,2.9333262390854595
59.015364275202863,-1.8223021619097239,-4.2063945422622906
60.221988216762576,4.0294791822345211,0.37365429573343328
60.462051526173909,2.398454897951408,-3.5935183186959159
60.79332616495897,4.5775450103994295,0.13885098894629627
60.54303457669613,-3.7296850967656843,-0.16761487417702542
59.489682638229482,-0.0031543671694313192,4.512767092480658
59.619547136158374,4.1135293214372695,-0.62196372317270221
60.188500891013874,0.11250363450328119,-4.8000839741163066
58.927446489876218,4.413026362470867,0.91217309131307789
60.753423272811283,-3.7007028479225288,-2.2914952343615509
59.437250177147661,3.1818704507053686,-2.8676399950407716
59.08749397849607,3.0044318862617274,3.1251299814130657
59.411882253383482,4.5139053883810609,-1.4814689335336702
60.492200713496338,2.8266029040761023,3.3259242758446339
58.992772364570776,-7.5287744161453922,-3.4764822729828415
60.159475835447999,1.1589080391748459,-4.3897021241217073
59.96720822871935,-3.0221811786339323,3.1197620267956636
60.574471792731252,2.2447735472748525,3.5861658211467233
59.417152506965941,1.1916159477244219,4.0179261500337446
60.573039673687838,2.845710396089852,3.3917403446547971
60.193156764076249,-2.8071828766697959,3.0869144626389908
60.125184723717588,3.8809405813376951,0.99510144404003231
60.627512196393802,-3.3667631595363394,2.7846492289734708
60.877120287434792,-0.66138126151957566,4.4308957985079847
60.034794967301302,0.52277164628963446,-4.442845182975443
60.572355802833776,3.0377050618917556,2.8096244748657484
59.58669007484766,-2.4641658024834956,3.4006250474888513
60.531766107160095,-4.127425348551502,-0.53853969910108679
60.366938615044404,1.9707433594775596,3.6589681382868413
59.413868344556903,-1.8881389062732314,-3.2764724292699916
59.009028622440113,-1.5468901109646906,-4.0273624171270574
59.079685870139976,4.6454016417069202,1.0780363113662128
59.461176050012817,-0.7532255896294292,-4.1001512869765131
59.629977137616272,-3.5516253742399115,2.3910992792947621
60.159331836315083,-3.391701419266663,-2.598353274305798
60.543940967724595,4.4937746447110793,0.06773108557660204
60.262159669312346,0.95377894602535163,4.3208008892205951
60.643747147072425,-3.1850395685883131,2.5948839682744627
60.718107216552653,-2.2218180890052834,-3.7985172052917311
60.245373141628178,3.5645650360667793,1.7072229934801189
60.644709462331981,1.2688656047586087,-4.3015923983982036
59.978969162032882,2.9896771871048231,-3.5906929138027541
60.029092689206827,-4.6498503031471632,-1.5409728683784583
59.05996090026035,-1.2252547104384437,4.1550991325067361
59.081321807699602,4.1545213755392405,1.0587312031462881
59.330725699348037,-3.5070577642142142,2.2316766540224191
60.405607769648526,-3.5119595209669594,-2.3357219545386561
60.632533516824566,-2.8203968306622977,-3.2337629613223582
59.42408606744759,4.0614926298047358,1.8776433201822409
59.977675701451922,2.9640904865100888,3.2073088802209622
60.333921003344528,0.0053284306573765901,-4.1426857300578002
60.061133094976682,4.4583949855045368,-0.93345987309552458
59.065216567681553,-2.7097422433034204,3.2594374816707585
59.82157845335766,3.256071534461987,2.9902645249004154
59.254367374521181,-2.7542889578656409,-3.1689316476261005
60.33929996860919,-0.37241982874924862,-4.784180046990719
60.110530744397757,3.8489650569032299,-1.9514759559855968
59.001082916507173,0.72159789317671097,4.3265265508331048
59.813264490831401,3.4833453843762117,-2.8247115312739739
59.155636426146991,-2.4128815632476783,-3.2240535205997989
60.660797222749785,2.3189138290698708,-3.3507855417772805
59.97988448826694,-4.3982634341913611,-0.13865310165647987
59.230312818756524,4.1659735479755469,3.9435067605929852
60.137320960458048,-4.2897622455038773,-1.6034641354840562
60.341383147130685,2.2997025875379258,-3.9913169470089795
60.630722289014834,-4.7803912032530738,-1.1601790552616895
59.925269027062953,-3.1579173552300008,-3.4608914754719584
60.315362535707543,-1.1587762156959476,-3.2800317713930003
60.421427349439568,0.35749638212136226,4.3254964771536279
59.127323868166563,-3.5951660264409608,-1.6808439441285541
59.786292326147304,-3.4052996573773973,1.3729577910248121
59.367122284502429,0.87623501316023156,3.9341729806702168
60.695811215094139,-3.1544549575377299,2.8955507764385464
58.960804903000188,-3.0348524377219888,-3.0423625181097278
60.086840872240309,2.7264983892277983,2.8959932516955216
60.571216062808269,4.0380464930545825,0.2712410147915435
60.132456124853654,4.0859631203557916,-1.6237450487726832
59.789727495972592,-3.9618574188426172,0.25030752684923013
60.280505044183329,0.47310466167233967,4.2245437820061422
59.160784722988147,4.1275069734306671,0.34605973607831664
60.605961123181416,2.912801238354263,3.5145262430909598
59.196491552158513,0.74054252458614866,-4.3239859866848747
60.131087626063426,-3.2823395003099161,1.7234111388755067
59.370857386931078,-4.65711610056937,1.402349659958904
60.23610564045363,3.9694890423480929,0.66987360844249411
59.932725433170724,-4.2603792037033505,-1.46550009186039
60.563406865016248,-4.003404251926491,1.5964203554901091
60.430711642895254,2.3106710284819805,-3.9984629956736448
59.247646360928236,-3.6654197314689454,2.4498851995347644
60.443434542470733,-3.3638002363769601,2.6775014680359464
59.255970101107231,-4.2334909094514659,-0.40269761613127236
60.182896806146715,3.2458445264640083,-2.9366850239583298
59.138668042986041,1.6966171100965832,3.8830282481941647
59.310335048227451,-3.6536102101646191,2.3557008084763593
59.377591037742114,2.4011955778793115,3.3574940879688318
59.056440956617955,3.5312889545087187,1.7595400678836524
60.113247226736945,-3.6070302534578471,-2.2066795940558053
59.629177900290024,2.8849307353554448,3.028577778390495
58.962940974954108,1.1216494405406714,4.4314738254060266
59.785627391774987,-1.6883186824579375,3.7700906411456954
58.950702800853477,-2.1480800205307324,-3.8817531235673632
59.064418554617276,-1.6828802752877194,-4.1728968027625157
59.302642230467931,-1.1713571627597323,-4.0736442188897755
59.838622206794305,4.0446000486398441,-1.4952811104020485
59.561620848437862,-2.8649917864109464,3.439543736815093
59.685650820373546,0.5401577631027471,3.9545509588605769
59.501213527236303,-4.4320772989608441,0.73656327611523675
60.725667448805041,2.1649754324446331,-3.5756910957520125
60.355420373505687,-4.4843503003247038,-0.62309247520240618
59.770587922955521,-2.6151046830561611,-3.1591981559795035
59.36555610425215,-0.59285093008254852,-4.08447634268712
59.677219293484384,3.9796515296161337,1.3907040864616884
60.485070186839224,1.7532258461466421,-3.4044275194543103
60.007040031545067,3.9769047402679023,2.3219771189002523
59.71057251982792,1.9776531615004465,-3.1726046542933224
58.770542957088161,-3.8634079372357886,0.45936993879067195
60.420159848504902,-4.118186386124953,-1.4633470175347312
58.979496642608133,1.7716630592160925,-3.3819740558562601
59.130172452429328,3.8864694515052802,-1.5132200354500482
59.612516264966352,3.7144884610175106,2.6163067227055041
59.941705878000725,-2.6675031431680627,-3.3103971871055982
59.807612037409484,-0.85263101691393806,-4.1146904349433342
59.276996619461016,3.9174096305732409,0.82929121772082515
60.056423380203427,3.2128116143242185,-3.5212737899128195
59.52291752719745,3.8765350132492604,-2.0485126441541741
60.555077082870845,-0.43911407926418272,-4.1094605321018403
59.282437891831854,-1.5642623264157791,-4.0701460551616178
59.466747416502244,2.2585959100108015,-3.6116203511802425
59.320883196378148,-4.2984717012354627,0.24776128263756148
59.908373576356645,4.4363048398422853,1.0256687963549329
59.624946524461627,4.15199303746029,-0.1113349692120305
60.477648003830467,4.3939653004300903,-0.194535423082905
60.359200733465329,-3.5340898321758938,2.4960997414274142
59.674838387595422,3.7658297384670791,-0.52051532845103721
59.359846558365568,3.2282125709451295,2.8515523751777083
59.678680920484197,4.4339283077053651,-0.55820767869093035
60.029327417684321,-3.5585575958530979,2.6769275004240529
59.729557808399107,2.8714627619600064,-3.2256299063056932
58.954155597057031,-4.559787395103398,-0.5400112324212234
60.454139566432985,0.17062897026525126,3.887560900214317
59.778299072501703,-1.518390671307543,-4.3382882297892067
59.461693193269738,-3.5533725808978138,-2.0189247298163382
60.405709352370003,-1.7896581322567719,-3.9312624704804624
60.571383982081869,3.4993715765775244,-2.6690822242665004
59.51931547228709,-3.7375362469005968,1.9075242857125301
58.811123157260674,-1.3614854602487174,3.9036090260582874
60.071363917731553,-3.4277263407620997,2.687063477819243
60.587477239640343,4.6417342225474139,-1.2791499193494404
59.883880274238457,-3.8308121836266467,1.1766625764186922
59.576158048918799,4.2614310876658266,1.3765479840863795
59.330396453022757,2.8309982269355496,-3.7023757565279385
59.039693252292537,-3.2621308876559167,-2.7370175608565797
59.221587529013391,-3.9744940318576529,-1.7838749415106396
60.336914385054307,-4.3185733122631733,1.2856351073964045
59.663481336439055,1.9706391223638211,3.5965661260214801
59.295015764087388,-4.6530301071359403,0.44592677390485658
59.56447529444781,-4.3817585990023025,-0.51634172157099589
59.908899330802619,-3.2233739675445263,2.6652854172275835
58.855473087562316,-0.19687320013282025,4.2740454288168879
59.870217643836313,-4.2196456136825979,-1.3146604196825833
59.254240083890437,-4.1631424466763045,-0.4924618637383717
60.547424892250113,-1.1055456898929419,4.3241648493140472
59.755833916869037,2.3897453858549951,-3.8070357284149132
59.389587159232107,1.5708928970430249,-4.0525056548203464
60.716161618657154,0.65019456176076673,4.0491105059040216
60.119446683617042,-3.6001186235191245,1.6483992502822593
60.277512065469097,2.379665159926291,3.253325383346612
60.24991466895677,1.6972012423953282,4.2990116270775873
59.355083763651564,2.9324796522501533,-3.0845044186562069
60.490308072776351,-3.8475761984770975,-2.372698475675671
60.521370246474113,1.8973164517790828,-3.7130886929519007
59.201152908668696,3.8253616685887537,1.4203515471284009
59.454430168896366,0.18259488209875688,-4.1970438537108858
59.421007937906971,-4.2344659585572488,-1.9786401695203621
60.020472929457888,0.57543004999622382,-4.5615841848171916
60.193754285514729,-1.2939954134573211,-4.1131849366963822
59.483724575669441,2.1709868445455327,3.298164917235018
60.385405306820743,3.3689710507247637,-2.5537818481473145
59.282636084754465,3.8255334358364621,2.313201750696483
60.665725111146564,1.3693052679351563,3.9760021627631472
59.651975268017559,-4.1589403904250579,-1.3540579137290132
60.522326575953564,-3.9671763188509699,-0.67344766993703919
59.425969145887727,-1.1885970299998581,-4.2786185362576665
59.323744302632676,1.4518025037542812,3.6011815353096663
59.332905279485715,-0.42784095449089399,4.3776706884921675
59.756200462936796,4.2843641393330492,1.5708727341627036
60.506704407774315,-2.395893928542232,3.2731730260428424
58.919887122436464,2.791362174892599,-2.9968361545651616
59.726396134474406,0.98959587721260156,4.0294464113733497
59.4573978271372,3.1839536212495814,3.1446016814607498
60.36648633995182,-2.6513024357805621,-3.7565878709428713
59.45816208221941,0.77737667928195309,4.2600909019544062
60.156203096357963,3.4194354116943089,3.0288122071764745
59.722890396975636,-2.0158091285956869,-3.8176274812152284
59.786133448748224,3.516110639340114,2.6802453325224689
59.963074321163674,-4.0269756088013402,-1.0638802317692342
59.090192822544275,4.2796060506549418,-1.306509542806422
60.488895498226555,3.3529097616394852,2.795716048107808
60.009866002306687,3.9104993008270421,0.32611117495402303
58.934212877589211,2.8767551884587386,3.2861497546736658
59.224678797957424,1.705284453802006,-4.0609144034130944
58.774324724384115,1.3266438147684236,-4.3415016291707138
59.963431001634397,-3.5478815095069907,2.8452099605652852
60.489441964678484,-1.8910008249329908,3.6663662348873363
59.068415430315895,4.1233357021772177,0.26796623594806851
59.78861496262892,4.1290132583257178,-0.47738216232305197
60.260863313558765,2.0762960871968033,3.7055335020768037
60.143654629871662,-1.5181782237466417,4.1764735206025154
60.018049976137462,2.7813510392602234,3.6999693311333668
59.100389488672427,-0.42532067002693541,-4.4402655211048616
60.443275426709455,2.2579806451598778,-3.5220506446749709
60.280362677591263,1.7220714440946274,-4.0743471398131037
59.199795674522981,-4.2215654344058207,2.2535229984806495
59.46419531483393,3.6004723366008,1.4243252623078204
59.01750937285837,4.5793506675359987,0.33553611810028067
60.044812597549324,4.23730257143212,0.43284718534091315
60.353757869739113,0.90242432021445729,-4.3768207393617731
59.860107329041249,-2.6736593489855029,-3.5274480153140133
59.656823539080747,0.78857661715142147,-4.2144652739561668
59.861527993379688,-2.9263483028090604,2.7139815132767033
58.739848979926208,-4.0150702689310078,-0.43157403356293905
58.887352426248206,-3.6904562606489186,2.4479798081109094
59.396668109367077,2.8294235440049618,-2.8600551108894088
58.908533738330078,-2.7509874123972025,2.900067868937644
59.307902479111164,3.3926769656554585,-2.5340852209981262
58.937972613001627,-2.6922483321936257,3.5109507043288306
59.973460676975456,4.1415351103614242,-1.1557482945111179
58.849229028240124,2.5643132043533887,-3.539577955326227
60.531421769612585,3.9682793031316086,1.8805475205731841
59.633251391842578,-4.0737215407411744,1.0516638183537097
60.558797647562606,-0.98449919342194658,4.1206285088271271
60.235088545014563,3.8298497886349634,2.0450106407604123
59.198983512570891,-3.9593321333048248,-1.4612261712535926
60.618543244319412,-3.4177265557836587,-2.7855835778381905
59.313790214821175,-1.175652863993607,-4.0123820684673168
53.203407201730833,4.6862040814167853,5.2046426190026081
59.593905438955808,-4.5162249260897962,-0.069696738141145187
58.950122429385296,-1.5214889514284773,3.5371525729820625
58.872072344820246,-0.18873467432149005,4.1854889181947055
60.650275679889482,-2.5045602202951915,-3.4164386803223059
58.949761867466364,-3.1115001491358174,-3.0371526653858494
59.852207306190358,0.42696690412809507,-4.457407698576934
59.273063751349603,-4.7343837888001961,-0.083126149844353112
60.123843110417624,4.1434985779866906,0.14750665527299742
60.08213628778693,-1.5633802785523874,4.0524345695101323
59.592750523113914,4.2454224095347328,-1.6535495401399793
60.665321673494674,0.26483903589083274,-3.9637777937570182
58.983639218789214,-2.0731069448806738,3.816988042600729
60.265152320631302,3.9569026653863069,-1.6446738143377757
58.997223239060993,2.2277548441946902,4.2453828448689563
60.163266350358342,-3.6980527412951236,-2.5567364763300824
59.344244100914601,-4.6494848266556845,-1.5239986053980084
59.37552576150842,3.7888551547000531,-2.1113428844680007
60.036725614686645,2.3587074133035162,4.0311984719892209
59.774673770585792,-0.88766963277157562,-4.1872459747059203
59.818135820317828,-1.4861189392482017,-4.0867256998224892
59.965606984057118,-3.8314172440801562,2.108569597297262
60.499884509480331,3.6470354161541092,2.3070161411025292
59.921838219820536,2.5073332114340738,-3.473012711124507
60.33620870553149,-0.043460475092674193,4.5919530397163557
59.839937418059925,3.6693967294199341,-3.1302885026473293
59.9878307813904,-0.8707766235060892,4.3535050299621725
59.454800586707591,4.2854448891007246,0.43018832543165597
59.712868105665407,0.3468850992503516,-4.2958309934055912
59.29498103384762,-0.92318567590475697,4.0358248880612901
59.576872445467316,-0.46961779173027501,3.8899165042140944
60.01216050905937,3.3271657459519499,-2.9315724259252902
59.12987492389879,3.1204838966967978,-2.7535640340823164
59.121398324838836,-1.9374739223380801,-3.7245034752690045
60.054951261720554,3.1840339052409399,-2.8297564661891448
60.622803293677308,1.2110156378832004,4.0580534684071665
59.894383441289932,2.5488325351364209,-3.6320571132206507
59.056243530777863,3.9909640401655113,0.88338930636956581
59.928967601439354,-1.101287188931569,-4.133619761734872
60.059554052066105,3.0927879941724643,-3.1864076685920577
59.225418365937365,-2.3916266865406035,3.9508176501865715
59.838816278743046,0.47898961287727287,-4.4507791892455
60.314360970271139,3.286562543588103,3.0618608827331397
59.114441735068056,0.79976713979098613,-4.3630409556125329
59.069846557222654,3.8996980589373043,-0.038594900876129649
60.143867151763303,2.0632473971570264,-3.409445915870037
60.29078115949914,-2.6120423788697678,3.4726694574332111
59.041933843444561,-4.5850430778866169,0.63975321419809483
60.418497795425743,-3.200470824161032,2.5749212375691588
59.197827711532433,4.0233296499115667,-0.7377308391204157
60.180627453175426,-3.9683709590025011,0.94150372423604534
59.084139778405664,-3.9595907174564928,-0.58837983050570519
59.866856663130221,-3.4693225888550936,-2.4900922849842426
59.673731375247641,-0.46021495220591763,-3.8579455883162233
59.072476447498886,1.2862894273033247,-3.9406682866525702
60.128172356686868,2.6175734145898426,-3.5170598736517906
59.354370642465987,-0.45812929383562717,-4.4136829442885306
59.738889747487413,4.5076262897476367,0.75701250601800185
59.272851781939693,-3.4166062810377928,-3.0846869922544022
59.075635133732618,2.5825434810789418,-3.5236892254735115
60.152730398229508,-2.3259803860511385,3.2909531438051394
59.279439977703134,3.2043263376871955,2.9046223251224985
60.512452601129326,3.8293073146189656,-1.7456641828967834
59.789153792615892,0.15928989575559704,-3.9026930223415244
59.684222746673868,-3.963486949180167,1.1385801052596083
60.701356066940285,3.636378269133778,-2.5025972510564336
59.897394547327899,-1.9949917729183506,-3.6808997197656281
59.039332610002852,3.068099321738659,-2.8845187817381501
60.267823171024986,-2.014320832288842,3.9529794801886471
58.959918457222372,-4.3744693155321963,-0.32341422976561995
60.06969637985484,4.2903154928648162,1.3260637654754068
59.918575334662101,4.2008748937664144,-0.99795931798934789
59.0362308935293,-3.8735881235383696,1.9370471680074393
59.57646480273371,-0.45395245882147062,3.7953965131344614
60.835895757407648,-4.0032650096814635,1.5335550455459306
59.733301274446752,3.074452937065701,-3.2535339432939696
60.635021669193122,1.3067319386286154,4.2156100498005777
59.027225944809693,-4.296505852016371,-0.81856535896751892
60.427530896654865,2.6003776173191517,3.1212622501520992
59.610083665318044,-2.9722932114291334,2.7748250128062253
60.703715826730914,-3.0906536208958637,2.5185081775093083
59.5214885544422,-3.934291552846561,0.083282280202416237
59.903370648104634,4.3843798292234304,0.044100913263957285
60.221375339771789,-1.5077115013571625,4.3372300588579327
59.135627396128186,2.8332877235609337,-3.0627307145574889
59.967652130399685,-3.9577632047454445,-1.8307449106140354
59.206388672739067,4.1855380530427508,-0.61438799944860778
58.959523841141042,-2.4619431941179322,3.3277677752606181
59.275751509956159,-0.73174908158528751,4.4968558623930726
59.305999395740784,1.348112135340481,4.0978377567402644
59.131779476785894,0.5595640130706323,4.1643308137505164
59.533729347777573,-3.4713972034304681,2.595562352178503
59.606309929173314,-2.4129572436635032,3.8675819544061674
60.306899365560803,-4.4674143259269838,-0.88297583725145912
60.654610262602617,-3.6074123213343801,2.3163504613038643
58.975005703153926,-1.5226864304417669,3.7135298297610202
59.312778591547925,-0.20073752115051599,-3.4343817270183195
60.693038826736306,3.7640347578159838,-1.8162846616524124
60.092449772113106,-2.2831380491898079,2.9413685306160549
59.417523751970691,-1.878996816856487,3.9567846925751979
59.457856290504964,-4.0484544331193799,-0.6139859580177226
58.91981187231341,1.2658441243143608,-4.0121500690107297
59.699529825438297,-3.7064227702653456,-2.345441619265543
59.765390642910752,3.5379190981993789,0.44587751818022342
59.138293425023527,-1.5994702929004816,-4.173813221610013
60.623346959744374,-3.8479930836179985,-2.2086036858812954
59.448502905251829,-1.4869294170086769,-4.14211480438951
59.928769704495025,-0.022851854862996266,-4.2011968224979244
59.353813104442807,1.128760521958724,-4.1175709054742136
60.489811109273056,3.6847873875940822,-2.4110682710778448
59.72944296995658,-2.3831462167175856,-3.7112239249163212
60.058572120137306,-3.7466217359744096,2.150330483887005
60.451438405362289,2.6275523950483759,-3.6489077391254212
58.892639155582827,0.43054590977283264,3.6174676106622519
59.242224115327517,-0.51619584680946307,3.8796556534049174
60.353951982406677,-3.5873223420832407,-2.1801176424182476
60.001829815434377,0.16329468294500474,4.4566341383808794
59.924688921242904,-4.1049282383245753,0.6035540408809309
59.045853535310812,-3.1158409618699747,-2.3493318353511818
60.323088188617128,2.9062229493240679,-2.8383029452495001
59.496326851211862,4.0988301700206513,1.4594002597531754
59.919926253288864,-3.2353826444192069,-2.7705628682892214
60.080862925183602,3.9421548473970889,-0.2152033169806786
58.994935312110705,1.6099738252082458,3.5737449405517596
59.983430597449875,3.7776988691137543,-2.4806136835308314
59.324946901188056,-3.9004143953167483,-0.91141245004370208
59.854845725727124,-4.102239796228818,-1.1735286801584037
59.573488269478098,0.34003626992602265,4.5432929969886819
59.266136954015614,-3.9817105911540653,0.73620374682215195
60.32125988727104,-1.9785547052527426,3.7067055724236289
60.371962476075602,-3.4117654205922778,-1.642989174947397
60.111138663632623,3.9292821977283117,1.6018721337013939
59.929845098472015,-2.8176975195216385,3.4620866142261137
59.538490086396628,1.3747940639356908,-3.9390383690179585
59.187758018469694,-3.803650391349922,-1.4263775741437317
58.92323768023936,3.3140705637834476,-2.145401073652168
58.843351985659346,-4.3702047110861226,0.63963945273122491
58.974337587311105,0.27261340517467336,-4.2418285873233499
60.115781584783676,3.4862748667890289,-2.2422770423305747
59.812147966900753,3.4774680466918695,-1.9946352227473731
59.890437652010029,-4.1717157273044219,-0.74211787365305015
59.505849114608829,-0.093101129301060695,-4.2688496893957781
59.516450891297914,4.1179181394671778,-0.6858166384597999
60.665349126545046,-4.1356944029747318,0.9545349120848492
59.708830229245052,-3.978311375050323,-0.0071473213302429501
59.365255993420405,-3.6446063791938048,2.7886323807673672
60.102493892936671,-1.3290212305740003,-4.2941979732311761
59.845590401151398,0.010761499971280715,4.5719942551209947
59.663571242778197,1.3680944372104078,-3.9396656193593134
59.846121012960964,1.97330189743956,3.6323447608943686
59.562345232116193,-0.77315142886635324,-4.3991042661461686
59.837404875091757,-0.93205413388928759,4.2298545139111363
60.555461000371942,-4.1477676734608995,-1.1356727515734424
59.651894504622319,-0.75643424287869721,-3.8529575731839243
60.304476587521123,-0.19746462338880924,-4.2094522192195676
58.970272414479375,3.4366760841842927,-2.6752882338187405
59.092380916329844,-3.6290558510173869,2.7524322058792992
60.701067744221653,1.6608700588418035,-4.3319317362976655
60.175601719841133,-1.6158941112676124,3.4582772110172555
60.813909766096025,4.2070896062458907,1.179330133332769
59.314331177723929,0.4847991324220946,-4.3869272675183444
59.51362040023627,1.94508153916085,3.2651391970582444
60.069745289423196,3.524009572578362,2.1735227417937
59.284064260005238,-2.3364918996183954,-3.6700478180296701
58.830817864954774,-2.7951721832520522,3.4543304423075001
59.70455705925054,1.4712380396010036,-3.8881318349575689
59.950130417910465,3.17800215376819,-3.3806677238566287
59.526164354085175,-0.53091909616977639,-4.2199882522189132
60.598986415251048,-3.0843653500862955,-3.505078120481508
60.207142260034068,3.8477221641391237,0.11648920089497015
59.238919730559282,3.4256653873157541,-3.4670113346488494
59.903749878466968,-4.6383485294117115,1.0541342858865592
59.566696921773413,-0.78726153762091056,-4.2212463299369052
59.990822710027516,2.1471444600923322,3.1735944605298942
60.165230700948754,-3.3529586549713417,-2.3172943738240046
59.562870414501539,-2.4607087154542993,-3.3066259584245925
60.49275790936197,1.6011369701316669,4.0499623874498969
59.755510167485689,4.1777892366550589,-0.77687161897836499
60.045644024721625,1.9205409680511856,3.5761793901626393
58.923427244959591,4.134361993394891,-1.8183258413461991
59.670230590992063,4.572080227543351,-2.4828515696595117
60.111658508247508,-0.60132223656391304,4.978368263812853
60.390429291829903,2.6397013139457055,3.4722484963047529
60.305034473458321,-1.7746204064056812,-3.8348265779623323
58.969031953182927,-2.8196632328809201,-3.2571240887247956
60.33380204585562,1.5254126188234434,-4.1229315888914648
58.792879771599679,1.9311498134948295,-4.134075174895548
60.669251737579742,0.70188494615491759,-4.381207112183727
60.387806427588316,-2.0107510219782698,4.3430452966509216
59.980994105344045,0.084232894389573015,-4.1929275104027894
59.013357307125339,1.6886387697759326,-4.0390143096806392
60.699084990445932,-3.1031496549836017,-2.9784306703729357
60.746001386854815,-2.2875894022125873,4.0043340739584492
60.122532808104459,-2.8568212428485538,-3.4009771538245572
60.660716852842413,3.25210374609832,2.652549198019889
59.437267054234972,-4.4713607287605752,2.0114728420886419
59.18708688762991,-2.61321578742213,-3.5787324801560914
59.699691327770189,3.9429384821543576,-2.6743550098955104
60.656084777111609,-0.80641090883454691,-4.1113900296991197
60.69330839076455,-1.4533642898822461,3.706904326160199
59.807548069810871,-4.019286154751966,-0.65508312009746805
60.041186276497832,-3.9869008827439356,0.4358698597309385
59.204304181413796,-4.3626048430960562,-0.73020404445720577
59.895859463295196,-1.1495840996241753,4.2781863838935275
59.592428829832045,3.3956814221288361,-2.7845041613762525
59.45359868982159,-2.8974884825443721,-2.9875068371212024
60.129382021829286,3.1403384064533624,2.3581343784657327
60.275645305905783,-3.9164396601815072,-1.5106631378228232
59.829134401647096,-4.3396272453511031,-0.84429549684587868
58.982246501336959,-3.8026583480704272,-1.609116449025713
59.920745926182626,1.1724692178912977,-4.001269319421251
59.109250345004277,-4.0363257980367058,-0.89501013735062129
59.913376215624766,3.5613982728339288,1.7010701780498509
59.079120813319896,1.7935801048833608,3.8037412679811609
60.409173043618921,-1.2488639147614491,3.6570560630172881
59.100026164602653,-2.0327006372396212,3.7285545754475971
59.513690999691235,-3.5269862080521119,1.726146269626706
60.113906705854077,-1.7932666209150911,-4.2237657698408952
60.206337508978592,-3.2888387403874999,-1.9287677368507321
60.798104538191126,3.4223360483707079,-2.7987991947637019
59.870396314664895,2.9307921747291537,2.9534907466213953
59.26341564262821,0.44288141507705575,-4.0013331576129811
59.740424252179629,-1.8133521933851131,-3.480794459749371
59.326569900254086,-4.2043263145683216,0.74117999959082748
60.810196701491961,3.2698096279446389,-2.9665829415829461
59.196144425641002,1.1423736396511643,4.2764352954815061
59.524655435053084,2.561289959365777,2.8797766829370275
60.45006220472235,3.2840708213188412,-3.1587235001968312
60.398752516963974,-4.4759326068770138,0.37869095164987271
59.175780670098746,-0.81178208569189059,-4.2812656690193469
59.835596312242821,-3.39788249158175,-2.7299183077794726
59.150992515234101,-4.4385408170472997,-0.18548404491345197
59.902032098168995,3.524580981162432,-2.0589563336662793
60.541676359037638,-2.7839968375477251,3.4961254266944182
60.517122037818943,4.1178773498539947,-0.90788211560114562
59.630251892278658,1.1457046059497515,-3.9274671230746785
60.232903005165838,-1.0117850052689628,4.3827710104277022
60.17004501870742,2.5997377172747789,3.7599257119246787
58.977435319360644,-2.5313080283780871,3.5990726047523731
60.068493570287878,2.5926270211433637,-3.5549425853954819
59.993839439283661,-3.718754857504277,-3.8624270101451867
59.743001259827764,-3.4551509329772285,-1.9110915558223265
59.976874886451753,4.4914567964006418,-0.4862271230184671
59.251218649166915,-3.8727621663663743,-1.3040790758794916
60.218403983121576,1.6151764448956309,-4.2490412388688252
60.14645586262349,-3.8292030314027294,-0.14471426036593116
59.218280128490825,0.19693932205533438,4.4224199091717535
59.63355921415048,-4.1909154793344507,0.5402829284952323
60.105440666148965,4.238915539911317,1.1067313648551376
59.429565794533772,1.6030579837712016,4.1739957066208273
60.199612869603975,-0.8941888721519613,4.3269700548167718
60.505479060686731,-2.3276028516583938,3.9224419439598117
59.352930457572178,2.4155548309901955,3.7296053983027369
60.515549279999902,2.9591504025069426,-2.919602875487215
59.770802515113594,1.2998063250377934,-4.0518598019020997
60.199421717410658,2.5200324929677937,-3.3869987266532831
60.022415781358283,1.2720415109356398,-4.3768960778447674
59.052923809640049,4.4724983012044,0.68677769564457303
60.455805821223699,0.61573149948269912,4.2972979713466977
59.468069043728953,3.0076020861442254,3.0651576995362189
60.13089642231963,4.0758533068356204,-0.82859870766704702
59.005976317194516,3.8467793907510508,-2.3757690453759102
59.467394600738508,-0.7166764668992025,4.1623944663044039
59.261349888608507,-2.5206944775374471,3.7648711523552323
59.348156868356106,2.6331025685394569,3.6675515719735956
59.058940392685166,4.9639664050636396,0.47423558778197322
60.758796922289875,3.524082349242911,-2.2383138877975624
59.224146027254619,0.72237854601140061,-3.7983595503775809
59.086103701172767,3.1212937073067772,2.9257744262729921
59.88468404182931,3.6282367864350715,1.3654328855051943
60.68512812595462,3.8189085464345291,-2.2691220983969234
59.27196355207596,-0.49711427367269545,4.4642688680622289
60.593174056362045,1.123048834914872,4.3439571615717902
60.063057658593642,-4.1551883857792191,0.44752902207220785
60.168896655196342,-1.5420378941475901,-4.3013384908292327
60.235916313778432,-3.9858830178009299,-1.079799040353248
59.171587685495126,2.3481029068018535,-3.4947814078683956
59.407557844822449,2.9123156397661765,-3.4560509340265799
59.119707213848038,-2.0394323857740928,-3.3884726043147348
59.813634252744045,3.0301769848154154,3.3639883741508627
60.742800582932716,-2.3761098345298879,-3.586183686137256
59.680387946468151,-4.3957373079585587,-0.59129732693322123
60.015605195533503,-1.6992075077653133,3.6586008593418105
59.739441798607935,-2.3241557803391961,-3.4028892620625739
60.547932182634931,3.8098237845744647,1.313378841604778
59.848863158805393,-2.9326474542445768,3.1693692745172721
59.831325687770445,1.5210403834147808,-3.9810180845045706
59.119901231957847,2.699671383166566,-3.2465156350989712
59.14487796805134,-1.1623803051055039,4.1212101341771454
59.483847195881445,-3.4780327938934028,-2.8870766333700169
59.850982485902001,-0.073809326451024074,-4.5825107551526703
59.604241371148909,-3.2229431316864443,2.0167048784125829
59.433621269329265,2.596865761426848,-3.4387902425451187
59.455707325400297,-2.6340398531093392,-3.1994231592710172
59.347855683819674,-1.6717893324272382,-3.9071306275888262
58.921373084003434,-3.1227993828890028,2.6885144303212294
60.469973710350324,3.6338863262218299,2.5852382135309862
60.236477917659847,-3.6071538444296189,1.4608404967324093
59.397968741194568,-2.3483890214830883,-3.7038376079709763
59.321648075920663,3.3095725481401583,-2.2763114347120834
58.994214139722324,-4.2891750204992389,-0.79721529388273038
58.977812830091331,3.9826554892651975,1.4831910385371956
59.44588917430098,-2.4773921568013333,-3.6115751160867502
59.039816561559107,-3.984440102703561,-1.2174997358445678
60.589691190232266,4.1650951943686749,-0.45743556361413756
59.309576488853196,-2.9636712352783174,-2.7461268478515137
59.908661470424938,-4.2277499985882159,0.44108071682484734
59.498627290066828,-2.9473214800807881,-3.6092520966003181
59.628684792611843,3.4142013311475901,2.6324787908286504
58.881961077808015,0.66577412946188708,-4.0336581099572477
59.577528237248217,-3.8516060995890831,1.1105934703298699
58.988361293315826,3.2668065730233886,-3.6619217662375467
60.800626666729578,-0.90376734688843463,4.3320713869741949
59.123580048643511,2.7739987905891916,-3.532158722911626
59.316684027657722,-2.254703678143692,3.3930697317291223
60.679162570332494,-3.5759067869702363,2.2151279644991999
59.487836128527505,-3.4376982468536723,2.6016772947238254
60.007901369216583,-1.0424335337701263,4.37094024227852
59.649766001385082,-0.091708840776825507,-4.2387252643176625
59.051810868983409,-3.057328586574048,2.2308216740667604
60.310895279863509,2.4015996654547189,3.4592847153796824
60.283408249115688,3.9354098991560411,-1.5275970819644451
60.68663353479095,-2.1302745276095973,-3.9970990562177522
60.341071629220238,2.8274855503780407,-3.6632508630565468
59.35281624933311,-1.3736519142079071,-4.2030446261391052
59.520084499165407,3.0524512257623484,-3.3924890788785262
60.337583174311185,-1.9588466056034273,-3.7896826511727313
59.034278677862183,2.6704431197088816,-3.1423296984338021
60.6431337139473,1.6417761965515645,-3.888758295724553
60.156378417938818,-1.3136094847715931,-4.0914525469477718
59.966176429375352,2.080624237328589,3.7790946895585242
59.242416063611508,3.4816811794260745,-3.0193907170004941
60.195307750713823,-1.2433924947317785,3.9528821341741507
60.62864967301509,3.3089583028392533,2.5709534687965077
59.879498415979661,-0.76717445691285602,-3.9543917804035718
60.443417522248815,-3.3662940807938759,-2.6435467260465297
59.277915694410019,0.7994192789159692,-4.4984184739822926
59.764176982770778,-4.205062286036843,1.7000203379612231
59.941057543752301,-0.2392690517164891,-4.1189728237544569
60.080148621035086,4.2707832145450668,-0.97983952616687697
60.16085387309959,-1.7120081772782525,4.2847253703052592
58.723638066867004,3.5274530045085633,-3.3234967574332694
60.722890376835593,-4.2702703582048116,-1.0195413777733568
58.876163279447944,-3.383896815958146,-2.9371524369350972
59.993212281470036,3.4586508885854546,2.7341032599236992
60.393796627303203,1.1323582726210695,4.1039312108864765
60.826417051635595,4.2765700592364926,-0.93606422082927299
59.750941704398159,1.5737561735618535,4.0857825716891716
59.282819877756879,-2.4663607769685538,-3.3710555148579964
59.898945575732682,0.90246745081138802,4.2263972154396967
59.40090837655579,2.0775343334344147,3.82800823902928
60.105102719814958,-0.15522765140164785,-4.6133177148706208
59.395506123305928,4.1887346375213834,-0.00087389459559319765
59.390095438886533,-3.8055484405464335,2.169242408921237
60.112144514591563,-2.26440133071692,-3.1975676023443054
60.117788580980601,-1.5252451695190583,-4.0303959231853925
60.89616802146724,-3.5148169531611471,2.2305989885684134
59.025914432227069,-1.5112947636735852,-3.9650722476820728
60.479451143561661,4.6159073221175655,1.2744624250195733
59.386752974910245,-1.2890297887683437,4.2442950444906327
59.475386427039936,-1.3300044905236708,-4.1295903812841823
60.442204596363162,4.3625302215803341,-0.50024632967457472
59.960504972440042,4.2665452350352684,0.36333887191457559
59.104243097560385,-1.6644292708182902,3.5739846876213446
59.250247141960493,-3.3369225200321999,2.8660719423504966
59.024483017551667,-3.7455158832804445,0.88116625808067939
59.350232280324562,-2.6973165644872008,3.6182367684548113
59.904618172803829,0.63752151688454084,-4.3352403511318673
60.048805046141382,-3.7990345067563376,2.0535628957894714
59.346571494515132,-1.481198927780552,-4.0339265521437362
58.782941891669843,4.532680305150385,-1.6958762275307486
59.023963194119709,4.1850381830249388,0.84266597288763712
60.686081765684385,-1.6167902714555791,-2.9497794337663246
59.320758706126206,0.79918267325198766,-4.1231395561554605
59.330137968083761,-3.2491841617877175,-2.4253810023463886
59.554886209772576,4.082264024015954,-2.2912684405654038
60.241608480318483,-0.72223908789388469,4.1750315699214102
59.933204715074872,0.23456886369445831,4.3146153503408682
59.233935567590514,2.3430671314014289,-4.1132924060005696
58.896596093626485,0.60163461568152354,4.4455990135223109
59.974914811830025,-3.8566800444543166,-2.3037391833530783
59.806266525968681,-4.100282802814478,0.8676921799552455
60.143103523923301,1.2924754337453352,-4.9226611827107574
59.369620527241558,3.6802521840689701,2.390636861987669
60.42112262223614,3.9889343919430109,1.292526990009454
58.908751335747041,-0.25217051145346558,4.1593818195945795
60.00080953792714,3.8823690458336877,2.014285144637983
59.10672758021034,1.9885192065248147,-3.9393648679773459
60.495372950099075,1.5325323594537634,-4.1975251156095323
60.575240065238056,1.5032286255523579,-4.095086490086719
60.141549897480907,-3.8887065882401042,-1.9694427667961585
60.606428910057403,3.1549647031399615,-2.6904806821694165
59.938947911555864,-4.7431844109417911,-1.0041730306647354
60.418182870860548,4.2270467607387276,0.94505084880725498
58.975288168355334,4.6855404328611661,0.34082512921292579
59.43706913609649,-3.9827106952671603,-1.683674655430107
60.27005263599964,-3.1393756278613174,2.2280728555232336
60.244068824206551,3.5580385006940616,-2.2864923365685708
59.502088892154198,4.3521288069834414,-0.11264643749740828
59.081544516098838,0.94232007780583837,-4.7363252524358321
59.521850400802293,-4.3032583784794722,-1.5325553735393183
60.10815089410449,-3.0358953889074409,3.4660897000976267
60.360075807922975,-3.5478032247288618,-1.1275836846698322
58.974858077446335,4.1774602834669974,1.8916067453069279
59.497629743973143,-3.2266778408741903,2.2144196476895135
59.836318566400379,0.35074912395239821,-3.9949330631364046
59.979313028015305,2.6112376025523503,3.0913208809304233
60.653806483416126,3.5621220645818394,-2.3617407405832149
59.577370254368361,-2.2273179180931684,-4.1327534121233294
59.533361175975372,4.6309506242296026,0.2304265024470005
59.217747317371547,2.9554602567294155,3.2272153261492029
60.412218797075262,3.0282057549216712,-2.8382831929633503
59.085723795241869,-0.48032704728521192,-4.1806710641589628
60.178107495573769,-4.1322246310606232,-1.2579662072253717
59.642894741754255,-0.69893372489379213,-4.6208599566897819
59.48186494362556,3.95221056696704,-0.50196186436117785
59.819536853774288,-3.4235457617557494,2.4625585614904124
59.352167135525811,-3.7941498625158676,2.3615694869881301
60.520637098744253,4.8544583770425893,-0.0074363017338895301
59.414771340125235,-3.9810570682594051,1.9472004915026335
59.289615643845863,-3.6653674239789358,2.9836440693143764
59.248706683253054,-0.20095815308632967,-3.9455793330281961
59.292572477612374,2.1454426650632823,-3.9596798226655121
59.112110911908715,3.2117509373884752,-0.16332839310371239
60.644463324617533,4.1138239730056529,-0.68496105184099831
59.813106108538513,-1.6534776993353122,3.4789497272046055
59.805788072957817,2.3927042997791661,3.9825718377059505
59.814008913171705,0.32233864585278754,4.1859617049758269
59.610871812021543,-4.5624343114393637,0.033914331533888224
59.735400230933912,-3.36604762567835,2.9686610755483693
58.890904849090894,-3.9826591152173236,0.83219965214475977
59.923736176202823,-1.0167319883736265,3.9651041580713478
59.376150659306631,-2.2682998402124421,3.320843366024278
59.751806068035897,4.5743664025752837,-0.2159849173910138
59.330951936147763,2.5037986835371906,-3.7531784824394445
59.135733673164587,-2.7433603310167474,-3.3712034657728847
60.083862276473724,2.1251854136348851,-3.8251959629927539
60.740188510235413,-3.091214822710934,3.109155452775008
58.860983620774491,-4.1491909222672589,-0.76854944228320043
60.624872658737473,3.7928022516540087,1.9181808561847655
59.637093596826553,3.379260062879399,2.5022698624208433
59.817907440249265,-0.13956062385346091,-4.0726641600494258
59.798793412771623,-0.034210070088206292,-4.2219661790744851
59.982752075706195,-3.7499245712844211,-1.7570649737182311
59.950888073985404,1.7355675800491539,-3.6443315298648149
59.656130145955316,3.3606413230506593,2.6941014892183652
59.248518268133317,-3.5146700361505885,2.0539354394001843
60.658971832328497,-4.1849900525902903,0.22133853681239163
60.000823016076261,-3.9600200978368587,1.1339516064500823
59.102227132375234,4.0332984096633648,-1.7810121325730417
59.949154471375614,2.2467079309178928,-3.5961322555115958
58.950141271936282,-1.0444390822296903,4.389170283585635
58.90863098339922,3.9040132754144428,-1.8866076460415087
59.397740048730419,2.1845578477011545,3.5829699974535356
59.358822444906323,4.1993303188973261,-0.54971225226886111
60.774408750049723,3.6409263455292646,-2.2979066413762443
60.601237508145772,1.6065358135031838,-4.2274449133876528
60.474558478734878,3.0073122501449774,2.8734319025387656
59.246157886573634,2.9031257433172244,2.8432937764208908
59.98710837139857,-0.096873270608037867,-4.0875815601173748
59.026178056812881,-4.2705666117102172,-0.7205524230614847
59.261135860703057,-3.9891784969776443,-1.4932727616088362
60.028300864614401,3.4727219289951763,3.7768404088809295
60.559945079484613,0.16304461004221429,-4.3360862421805182
60.418810527630789,-3.3052848107324415,2.4961417737172966
60.719023417110911,4.4580494113387967,0.62077025944297537
59.544118027127823,-3.572690790370999,-2.670235112254093
60.675479814310819,-1.5555094137585002,-3.9015662150735611
60.079918290453513,4.4368051879341888,0.16352958870921869
59.420952786105602,3.5167373956740211,-2.3735944891929002
60.068646235349036,1.6598629190369409,-2.8888538152371694
60.000726703091594,2.2187137476474481,-3.512175695941818
59.458758917989933,2.6912404261730769,3.3444773098786946
59.501191627526033,-1.5997745469598799,-3.8841160026646686
60.030914584060355,-3.5409846362161255,2.6730674040215199
60.544849524783572,4.1871866881747835,-0.63521295937812405
60.769393432481387,0.63677232891105584,-4.0261061875699893
59.881332221297043,-0.14093034636686694,4.2592143170880394
59.031887159680039,0.59523691344648333,4.0367161485376739
60.391785585777072,-0.85670505962020038,-4.4080305548283416
60.311260618741599,-2.0072626415652284,3.6742646626944708
60.701233183704282,3.5858521126043503,3.8020001840148625
59.766398467119018,-1.5568480462490679,4.1635044951870821
60.470768031898423,3.7433138892185278,1.9520631353374689
58.921085831382548,-4.004929801447898,-1.8168716392358999
59.813229301881229,-1.3909913298647794,4.0872842821582234
58.966539346509698,-2.8473314146369,-3.6189741289970749
59.516241732035176,1.6535256769613838,3.8490682103027187
59.353767660945138,3.1031917279169501,-2.8064412969816153
59.972595265450344,4.6328861183351089,-1.7572149339880243
59.218578048096347,-1.4769137733880335,-4.2305392518178975
60.145917226303425,-3.5736525405568496,2.863786391219008
60.715698172867427,3.500271907873,-2.6521979762546199
59.684806437462093,-3.469406910884492,2.0142522878249358
59.437305928316441,-3.3303740404106517,2.7137235773108297
59.345823860761087,-3.908927900077364,1.4839948892547479
59.921639000210305,-3.2862985230398909,2.8711508930051641
59.944778467769581,-4.1418714169646522,1.3753518189209621
59.754495723093598,-4.046954264875092,-1.2601748649981281
59.838278842364879,-0.52088014953045703,-4.0048707531338108
60.366718468922386,3.02164840608605,-2.5603477703099746
59.729619610677211,-1.9071336067243392,3.9822047290455842
59.957177931149673,3.9475072658662578,-1.7612305769910537
60.028114474471728,-2.7515893737239492,-2.9933097292053077
59.825763844127493,-3.9648412393062107,2.7224357829741956
60.71754954179481,-1.5633881101069744,-4.1547686031090079
60.649206915907023,4.442182646814234,-0.16583443304413972
59.913288474193436,-2.2750140172918498,4.1166321873879408
59.344469930902584,-3.2134925329087296,-2.817688844041955
60.005511727313767,1.3002084138929413,-4.1681147873150319
59.501354576243671,-0.90007894488399887,-4.209587298676519
59.122570999222084,3.1401267563643502,-2.3075741323831718
60.268342475620557,1.4010306828187331,-4.2668977039585814
59.462573656054886,-0.9242495596731285,-4.094474912824138
59.980630450204032,-4.1730318454409936,-0.41183569515391877
59.967646295943204,4.0083328201177642,-1.6306563393298845
59.862878882796501,-2.9199906852399562,-2.9512031500348455
60.557717876043505,2.4904364798589191,-3.6032919164910555
59.766951882845156,-3.2939214164257282,-3.0850386052871208
60.447458027045364,3.9534724961901277,-1.9642865134605585
59.686723595754721,-0.80456655637698427,-4.1494066932984985
59.111265107693654,-2.8609762854051035,-2.89950406160975
60.693346382218465,3.9942202474194306,-1.6003850407016389
59.841085044663288,4.2110498374550316,0.10318122237019429
60.361247225395019,0.52085516715782576,4.5075123544416744
59.858143003067894,-1.4826525963747754,4.1255407569324056
59.263812230268918,-4.3502736516086538,-0.4617489429652949
58.855887338169588,-1.6511179924159005,-3.7196192546762354
60.670273306773908,-0.85176790587672524,4.2023719953348513
60.187930864381286,0.95286523486596131,4.2907911518672455
60.734595200953791,-3.8788981765734385,2.0424265337382543
60.764929784707761,2.9311579874561837,-2.7927028834225092
58.903327381193982,-4.1749322936947086,1.6113712473594677
59.861756167005744,1.5173765886047936,-4.1184830002012189
59.175833617825162,-4.0543930984559724,-0.96075764918089679
60.656160894516312,4.1889042029217771,-1.6295056229981053
60.314162957168328,0.40049773253024951,4.2303552167737877
59.904197687146997,-3.9982107027901606,-2.271164837839696
60.382529253458294,2.5449843117850777,-3.5932576415734041
60.216869713369626,2.1817740198702209,4.0257220853104423
59.097615682382468,0.57191800146454197,-4.0679537426667984
60.259946079913448,1.5353608006219999,4.0647287686615003
59.918868822409912,-4.4033050092256598,-2.5999979545854996
59.818094610015692,-2.7341868829558167,-3.3366740131126598
59.792331015124141,1.4205843308362964,-4.5027203880938247
60.638225366989708,-3.7176996393296049,2.3851046709976109
59.246151167309336,4.3909302000084676,1.2093433810462724
60.552496740878603,-0.18643962945638462,-4.1416220467874627
59.344715261638854,-2.7702165153962168,3.4689460068087952
60.479673923634223,1.7080034309240266,-4.2255610086865403
59.276387947228443,-3.3095250042226043,-2.6948133652240434
60.578383901476798,0.35615297284728814,-4.4100053309166078
60.135879003870947,2.4138863536037909,3.5033010991900988
60.332017591019827,1.7275541714684328,3.947819209876672
60.463486449627077,4.510945689545748,-1.6972425308842671
59.633642138545682,-3.9046124244233602,-1.3966276218278046
59.122984955775053,4.2528710403573324,0.98500948023786927
60.393043335709557,-3.0165577610697021,-2.7651562072150253
59.756047158277177,4.0028086252569155,2.1961365958417947
60.086315494593521,-2.7150036074623789,3.4870722129097511
59.387039229946147,0.94225681395614436,3.9625876131788935
60.371206229227724,-3.9539556292865727,-0.77727883530140052
60.535556627406535,4.0971163421849548,2.6117788575215442
59.519598395729226,-0.67191136001352658,4.7692131972181633
59.103900529365454,3.9808598600057237,-0.47253821523619272
60.243053956545822,-4.4107274527028784,-0.75462907689106384
60.113916224262375,4.0441770438262514,1.8419146331213416
59.834733568846922,-1.4070711684292851,4.0013041631405288
59.110234043058178,2.5640561106030577,3.2594434547438444
60.570201185085885,-3.2890267464990051,-3.1756317697125107
60.476746691076748,3.850307734095634,-1.5693065843531477
58.952188285575978,1.1945046574247336,-4.5387684288699441
60.700411660150259,-4.6074983428772818,-0.20899033630385722
60.595022434011462,4.0028590156928265,0.10936480325323705
59.433877567037499,-2.3214119951787278,3.6188451312131491
59.386576196474188,4.0434602051210966,1.103830995049901
60.121593114066215,-3.6750299174133692,-1.6609899967284574
60.654086797383442,-1.7068074402360705,-4.0678846726891207
60.059150893363729,3.1366494175787158,3.1507389559028725
59.132880183550199,1.767886015480379,3.8740534124220498
58.893377289716447,-3.8487643158131424,-1.9472356060651279
59.988233255737356,3.2383661539663375,-2.0802844759148091
60.681756082055237,4.3655985450053718,0.69348370113963154
59.561119025384151,-4.7581761101460307,-0.67450754809386282
59.907486869669974,-3.4584670211973454,-1.9579358816050756
60.770307252977084,-0.34274251803778771,4.2167507487994955
59.575588450669073,4.036964754635064,-2.416899800528947
58.970725557298003,4.2634451089809877,0.89984940168438388
60.223436198606009,3.7132487533586622,2.3318661059840844
59.702287968411063,3.9179363603434272,0.95774432800678178
60.153482323017478,3.3512592184661587,-2.4856693389315305
59.117494386767191,3.5045772476351558,-2.925136074605601
59.321314654540913,-3.6581937714026096,-2.1020680514611052
60.07896880541184,-3.5660067545803082,2.6899933939182663
58.907560872014542,1.3392680163085244,4.2048249373406552
59.431027442834974,-0.032391577107877642,3.9145812794472525
59.707560527934419,3.4752327147008426,2.5350959819379053
60.755932571966127,-4.045894072809034,1.4945304932462724
59.895830320201945,-3.4839035937306368,0.31176194097537357
59.648888896813794,2.1190851049631458,-3.295452827154858
60.400487229715168,-4.0442009501585954,2.473866229075961
60.079055724056339,4.2333351928212579,0.69364831369612345
59.634209739416264,-0.0843692989179292,-4.2041255993769164
60.725785004769556,1.4594526861697632,4.0754414710308282
58.922875001215658,-3.7661635754438385,1.9098336085064869
59.253136681129135,-0.50798191557137429,-4.4564058035244569
59.590081119770979,-1.8910948766992106,-3.9640008884374471
59.167034109365467,-0.090865322553198541,3.9734681085391612
60.549846811939652,-1.0403569863953157,4.3388320428406466
59.785878072428737,2.6405971578674707,-3.6939498854201833
59.009501667429554,-4.2162405902082405,-0.549014176245051
60.034956362351757,3.8610503281674347,-1.7932617955052614
60.187342319831806,-0.74207104544972369,-4.0701823828889632
59.36328783956526,-1.0382711365915724,-4.0518922006957681
59.17608991944595,-1.5791153393924726,-3.5290114271433932
60.627894488952585,3.3030921302879048,-3.0222808111354897
60.416958588640014,2.7671713339765676,3.0905829609942574
60.803430006562593,4.1094607438528987,1.9281741253820943
59.306040082671025,-2.907271261931188,3.3392474574800106
59.35478956101786,4.0839019995764501,1.4148631431522762
60.216831454484705,-4.1134375434461266,0.82291091831504737
60.798122837865812,2.2689024121207866,3.5752628167051443
59.021963498060451,4.6666202557106589,0.20648477609551197
60.035652416970215,4.0669994472075697,-0.021840709815621608
60.611372681376935,-1.5602455959624659,4.0795184502892834
59.684958611870286,-3.7555506380080179,2.3277771376814775
60.370383553809603,-0.34256258980380266,-4.4629246203862847
60.202272117315786,-4.3145325531452814,-1.1690582115855774
59.086767867798557,0.67627049092716907,4.5055608651554424
60.713737118351354,2.3143232613571367,3.4283902221720206
59.139571890215585,-3.5292808112292957,-1.9179871627316527
60.647179620751871,1.1714221470737167,3.6061591495959471
60.673542366999101,-3.2276325553286682,3.1817415519368715
60.619542148600807,-4.1346201073071773,1.3453682644972706
59.833373693975254,0.76710082843446104,4.2037948351720082
60.175330875249074,-1.8251417961631338,-4.0238118007853396
60.19157932554721,-1.6336979853512839,3.9611881198888601
59.356221576433001,-3.5093924486459338,-2.2835865158295237
60.960990328281504,-3.6133245658565554,-2.7421497816064404
59.502262836414111,0.79499365827439894,-4.3238092659661893
59.755327600321444,-2.5220020965408017,2.9161337377663301
60.299119020776807,3.9421679866767283,-1.7298461047304956
60.094106239664107,-4.2834221945476925,-0.79375046733264731
58.886943226630599,-0.36085177224882981,4.4880083867594562
59.498959437887621,0.17647397692407174,4.3236974292123458
59.158024866032505,1.2150290250995115,4.1195155977587907
60.719193813119617,4.1357819298389167,0.95744030073527775
59.041292731088468,-1.5437711814657524,3.9330614001819137
59.902929051016827,3.3529395635045498,3.3215237417748265
60.496948547769925,-4.6644751411321552,0.7804176280328593
59.273823486878385,2.4440641122988591,-3.6658269541142907
60.448596423203114,-4.199719757661029,0.73865481739126437
59.201050831435339,4.5679083397716465,1.5468266666231469
60.337351508502941,4.4915425219630851,0.47097875178872417
59.834922082894629,-3.8692346574978314,0.42377848096352039
60.384464142864189,3.9027577238993372,-0.99182659789667216
59.120614492388704,4.016879268412926,2.2112975696545369
59.37810207739534,-3.3980607607902478,-2.7630455919812578
59.540777451840185,-0.28628106338768028,3.9766266504372867
59.23719266525665,1.4855619946816119,4.106941161616434
60.458964101626925,-1.2855228950426307,-3.9440701406684262
58.997823881085736,4.2493240299497659,2.4318355058778742
58.953903666875831,4.3111905095492613,-1.1949754853684418
59.551557321247714,-1.2000291068273041,4.281763840180421
59.292231402218476,-0.66043843660479895,-4.1845790305934978
59.729915242338663,-0.3445836832004775,-3.9606794400320298
60.620135033520995,0.97279732172821687,-4.397127252669077
60.12431750485576,-3.6852233698725749,-1.4718043818720299
60.753997620516863,-4.5921622131967146,-0.73085078192202102
59.097081529452346,3.1405538146331029,3.0893517275599467
59.723801895459196,-3.9329246326044749,2.3511346825478205
58.818911577381826,4.4484665154537346,0.07237102808270722
59.809369414465039,-2.0424060724046424,-3.5765648324407273
59.381431569471232,2.1223552790212716,-3.7406463244807284
60.188635041371938,-3.7520350491252366,-1.6715259655855328
59.355527886743161,0.69694486860751859,-4.184265656167649
60.209003862437939,2.2023863495209688,4.0866608377824267
59.07317819368189,-4.290391416358343,0.59667121832437608
60.66952521943923,-0.54141392254202181,-4.5002839599969926
60.073228564698262,2.4650437621666987,-3.5513004319406098
59.029330979300951,3.8013986333640553,0.24901455518554735
60.697970629852783,-1.080727135530458,4.0265777200948563
59.997416675224954,-1.915794637690168,4.02041120827207
59.604396107131876,-0.88345141258787996,4.4886964457054859
60.239574563503822,4.037761115810822,-0.86013434491833418
59.657754570388818,-3.6277189518557944,-2.1664248099248518
59.652263884857483,0.93868444476742985,-4.2578534339334331
60.149560112992802,-0.94871122424668319,4.3002607977884795
59.375992057002314,3.9050618065722809,1.9622657809300377
59.559615645682953,4.4896182202907031,-0.90112239467737232
60.079624671438339,-3.4668415957903687,2.0966014225308078
60.247819265918004,4.0122545856746159,1.3833123762594941
60.670470635455459,1.5130065010263647,4.0827817039931755
60.697790458499746,-4.1022396787580853,1.053687008564216
59.388225468553358,1.4595159039247181,3.870248929315661
60.567950862877204,4.0736196691126176,0.63363703996243304
58.953293284935434,-1.9175549125255142,-3.7729268900159205
60.416262258680696,-1.2657184642852883,4.197992000548175
60.544936302788294,2.2586289638236239,3.7185080534152934
60.393977783649348,-3.6882467090541837,2.382187878974082
59.582490165060889,-4.1155811884989895,1.8627363401480668
60.048620844046951,2.9182681169857831,-3.7347102156957157
60.488045776748237,4.2381722049825798,0.02211721058336975
59.316533207853013,-4.6720740396205933,0.43273872359811821
60.477421605085134,3.4577722424781694,-2.7317365758010572
59.147989113162659,-1.3826845642761179,-3.9464942374585208
58.852795624036169,-3.7295474628933367,-2.3053192246545775
59.802619333111529,2.4661541058044953,-3.202999929329589
59.93183145707075,4.7256119875710354,-0.47172446088251468
60.382573283848352,0.60924853196094209,4.341168392529358
59.381588477494539,3.0033792869806675,2.673403409152824
59.534391383824705,3.4739950068278018,-3.2975671746651325
59.642355883036636,-2.7061844968872029,2.7642594449102527
59.026938546114422,3.0474913231470695,-3.1766340795473207
59.773702752136131,3.0751411310316445,-3.0573711459220481
59.523515888334487,-3.6053049662840584,2.9092320665795763
60.280505607301755,-2.9343030083530834,3.1863115767054757
59.505164035832486,-2.7066868154555266,3.225432605777268
59.059633074772108,-0.84871573057117378,4.3322812685018741
60.352739752818749,1.6889019032656543,3.6475550830261345
60.170064032408789,4.0467837007718241,-1.0672380520334437
59.399764799838465,0.30152972018194529,4.2720723189068739
60.648196726125235,2.2285429775782442,3.3493048963269452
60.139451211504543,-2.4482358058271996,3.3544841884826786
59.569846213579339,4.0419424470671412,-1.5367760773726111
59.335093463760828,-2.9715023637304143,3.2972951924084084
59.731363752408647,0.47281948605214097,-4.3384849039607563
59.628898273475066,-0.28838393126076345,-4.051689841280858
59.307956016853204,-0.78508849716126661,4.2092472874298377
59.222094252359611,-0.36199288547430319,-4.1415874244579234
60.551347856802821,-1.1946472805716732,4.2542063323554338
59.262047028777218,-4.452468955937336,-0.53980899128373483
60.313000147401993,-3.9308559287617024,-1.8617049507640075
60.368514651576007,4.5763155686130839,-0.5112409495844934
60.447977704060122,-3.7618510819403115,2.2908676696037609
60.496683167494403,0.51546644910852035,-3.9018929051740132
60.147439112231574,3.5817730122351841,-0.80183053825347794
60.509781664775467,2.8712018202668124,3.3391790322766246
60.336343533515127,-2.1768759013719228,-3.514578540335564
59.583337088524445,2.1971679699678144,-3.4050220354448393
59.752486879843687,4.3752049317129158,0.44226867341309056
60.545764286109652,-0.43856063049874811,4.4888780441562206
59.664956482086929,0.37201478942671867,-3.7452747139484797
60.675055679083158,0.66209040681463449,-3.8813799394002007
59.549070542750357,3.2066929026354609,-2.9908464583936634
60.203712963138123,3.6609873651173919,-1.5935145098242014
59.479856342660653,-2.9845304368486749,3.3735612382964351
60.199909683160051,-0.48746909886916767,4.012055229705151
60.294285896590239,4.316950750489049,-1.4164931903899345
58.987940769983233,3.0797500792658661,-2.7233584097876524
60.239166184923761,0.77151753935308598,-3.9042849859579527
60.497336867499449,3.6383101490030074,-1.6154303335598446
60.523925309887218,1.7095173850466128,-4.1451168941364083
58.831148517891151,2.5151055446675228,2.4724759183854776
60.057248621065128,0.67654785239092341,4.2169132204832334
60.252947242215718,3.9832243423368623,-1.734942661498954
58.894933201907165,-3.722599651897148,-3.0562133504904496
59.915305117965353,-0.91899158960509819,-3.8692065273391703
60.737376106342516,-1.8551838186905434,-4.1220426949290099
59.991683149339885,4.1445351413127431,1.0810087503820525
59.90594800972724,3.0704660546537887,0.59517793561550103
59.27339539734232,3.9842025020597251,1.9616606422846798
59.74027509726583,1.0437441665044498,4.0078026191418594
59.398257915643804,-2.612960099258804,-3.6953111114542785
59.096228061906011,-4.2661682684921951,-0.4610505206168633
60.0160025766072,4.2061469994446146,1.7202574732106406
59.201617994369833,-3.428044829190962,-2.4937795269872418
59.64316037334568,2.8681652446661512,-3.4465377913795758
58.816771898654899,2.3885266815019741,4.0833135344276403
60.250876008166038,-1.6884802949891775,-4.2025580527380431
59.22444842866151,4.0659755470528731,2.0126986214438221
60.287048903397647,3.0482595678118778,-2.7258649608273009
60.52342922384323,2.0289619839016773,-3.8428135586937775
60.654977476052089,-4.2616398937758557,-1.1736584428430128
60.589206219398008,4.5093723654685736,0.20179516210101928
59.890946002747611,-3.1383016822316234,-2.9487769766711387
59.979880317302843,-4.1305180296085133,0.72908767363694171
60.117358973757028,3.3656732523885506,-1.6259355921450145
59.390604387588759,3.1212529826214164,-2.4276544813535845
59.628271363614544,1.3351054206534063,-4.3962096675944382
59.876512549255828,-3.4751260357660181,1.7392693481740265
59.185539384029347,-3.9973797970320604,-1.7657556257287335
58.994113542957365,4.1136439922141044,-1.0171244242600359
59.943661432557633,-1.9806918010779835,3.926904027792089
60.183204823581541,1.5265840768029448,3.7534160596913777
59.626577554846619,-3.1363009752558604,2.5967876894899811
59.192230656880525,4.2177033947501696,0.053451001472982547
60.723251956105159,2.5506418802562076,-3.4807266818536831
59.801842870133306,3.4800162482541701,-2.5019817370009538
59.566921739733999,-1.9870733014091309,-3.2701322448536141
60.363679247981899,-3.1353267169796015,-2.7208505555610785
58.922934583032649,-4.2659568160376846,1.3057601652961985
59.197807983006221,-3.6944902999736646,2.2927685392940269
58.887452262989946,3.3887421649374994,2.3475997013481518
59.061384834685846,4.6615992383145963,-0.58956589803041881
60.010174275937963,-3.9028285066263639,1.3507078958503076
59.335354190255785,4.1818909821502945,-1.3774118305631238
59.592232345932054,-4.1577234331894282,1.1930125747246119
60.066763765231457,2.5904226434499735,-2.9431529849386027
60.822482937405894,3.9929447724425171,-1.6553818252254773
59.275450549728632,-4.4138379449431095,0.62851633825971309
59.26686575693477,0.59246952644878892,4.0799431973582863
59.545493117857838,3.2731212966062846,-2.7019115940321434
60.630433985956394,3.4022840621122206,3.1061732071173505
59.369597607118969,-4.4176243152283545,-2.2002409176866631
59.35917717722252,-1.3677614264515214,4.4063804591998297
60.313238453537679,-4.2858049553248732,-0.11484778546770737
60.203253768468002,1.177110653718235,-4.3878400142800222
59.063423322233447,-4.6410399077552835,-3.4580985210789996
59.999314116517127,-3.0048534318464433,-3.6188174793087731
58.948480044283379,-3.7253259552389579,-1.6407710453868076
60.320555989577457,-1.835594486243127,-4.3471559177013237
59.027572687030215,3.5880487494739848,-2.464076500376883
59.037125522653689,-4.4793074106790858,0.17134504952537261
59.797434341529943,-4.2768914433926,-0.78995607215735586
59.769871896314854,-4.0971252191792384,1.1918326198293763
60.571564767953653,3.4158248981608059,2.9055246110851347
60.601981759446083,4.5487217572068888,-1.2005453674690194
59.538033489733969,-0.3629031112368214,4.5561649919856313
58.991749039699229,-3.4372584976496765,-1.9648160153689971
59.229397459530936,-1.9273468659322694,3.1649898139885866
58.848527609737026,1.8243531545311913,3.6680483014628442
59.435066821475459,-0.17238585198400197,-4.0292099223978139
60.180650858661437,3.8141961313986692,1.8608568427649483
60.072013831569436,-4.2231174938318983,1.5959279217943436
58.896842831060304,0.34528123746495482,3.950019600557293
60.677896645899132,-2.0478982737421561,-3.9571718061306447
59.034020522135322,-2.967928452173799,3.6269383102970978
59.911765960775256,-0.61791242603885321,-4.431655197058002
60.800881976609958,0.0055069107205037923,4.1033620547265741
60.503235345438092,0.10594702971786839,4.3255715831607215
59.630888033840804,-2.7251012503211514,3.2082424665866385
59.809222214346896,1.4614699430770803,-3.6048717907720489
59.261924124602942,2.6005312419793083,-2.8261318983502228
59.154682214146831,4.5247961822736373,0.75123645847512366
59.617189019853612,2.4354098272113802,3.9384037942211241
60.631590903905177,-1.3707213280854544,-3.8900144711333762
59.925082580332784,-0.83521421060392875,-4.2341087948809824
58.830940111243187,-2.3195627913876997,3.6064948528589222
60.62591052014205,0.18963717351042203,4.0256878596879311
60.674665248362196,-3.6814556771430564,-2.6163750701426167
60.438007672344646,3.8670987139027764,0.82330853767540435
59.484925472508358,3.323982732570252,3.1131490606375767
59.415070972305223,-4.4321297113741274,0.84079362277593506
59.441505187375398,-2.5852306976811477,3.351794047098394
59.546213491763943,3.5370443920998906,-1.9250289107051863
60.802195206720164,-4.117761141561199,-0.61354251773038193
60.262918566287269,2.031213885419211,3.9299214822398696
60.481334952362374,-3.398515052939691,3.1217238377532621
60.180015664706936,1.593307469794383,-3.7341907089295878
59.77168756638428,-1.6281346014602744,4.1651346372896176
59.898220750690101,-4.1648741151508482,0.60989867049040047
60.781859873837448,3.2845909580438599,3.1670594079020633
60.049916143232409,-4.1203061931463534,1.8242903461465521
60.364500927775829,0.61241489902751123,4.6807935401626235
59.487047105266328,3.1652793857830614,2.3908428616850972
59.911630270656119,-3.9043271509712434,-2.5107643663718409
60.576406067080477,4.1469469103066166,-0.76582807425955968
59.938606131091738,1.5485689952015158,-4.0508855059316273
60.672294922443093,-3.6757098720435684,2.3571960940943479
59.182537049604569,-4.2455378267677695,0.69340783087525026
59.950484191696155,-1.1448682616080583,-3.6389129551964192
59.231981266826892,4.2115729421163364,-0.70512128195381873
59.217056622969245,2.013845380349943,3.6530146115742252
59.210334763442816,4.0865971333070057,-1.3473668379718802
60.645193548015854,3.8329799918636702,0.27650511031510311
59.643934644529416,4.3940934525089999,-0.6539844538589229
58.945941958339361,4.4126844106886107,-1.1299720868738732
59.797635976050103,3.9186431641851955,3.0971630707303022
59.479863605518545,-5.3020735960788912,1.9688857017141737
59.295772212987728,-4.5308751844413608,-1.7097474553174143
60.603045666226649,-0.68657998205901027,-4.075811035753178
60.605798914129466,3.5594746380126985,-2.5266976864594333
58.958509916908064,3.5663334990301747,1.9922878104105008
60.487995841193829,-1.5999344796059116,3.7209051081298545
60.132105490254816,-4.7485441865619205,-0.80124328933902156
60.098539839326584,2.8754981355483551,-2.8718631030426764
59.93940658021252,-3.3970808203380498,-2.908932162639958
59.306943098515696,-3.9638356111088222,-0.094732753751243362
59.541501439984259,4.9049904196067935,-0.20996819613837103
60.378494860171287,3.5057370712701554,-2.4414123226308737
58.517231424067063,1.0448719710739898,4.65828911346693
60.372046202908081,-3.8389362580008424,2.0301658777973843
59.299882231719685,2.3126381250408898,3.6914089015431197
58.921957343131538,3.2489080705454958,-2.2999866086810781
60.406075417935085,3.5821731917776334,2.4852724515528992
59.269715969762146,0.93056136499295738,4.4100973336563065
59.778892554944221,4.1980942501209002,0.90852869974597805
60.246225980607427,0.40935916675771017,-4.378677831542686
60.537379609746694,4.2284942014830298,0.44390180784742134
59.492567024238937,-2.0869850815473678,-3.7991177220259731
59.897412912278263,3.2401820248738908,2.6007977749705047
59.92239742684378,3.4659811385154771,-2.5568189847760907
59.169146672466816,-0.077054290118562296,4.3132818390643042
60.624628218298234,-0.12304707475831397,4.3532608286572128
60.196396268326055,-2.0428475895859215,-4.1203926474198092
59.921128955872859,-0.64609339406105604,4.3936323148412058
60.415773763877837,-2.4328789420818242,-3.5628597111449474
58.995096709036879,3.7322228142249951,-1.8928544864053121
60.21857983738925,-0.62237090552784469,-4.3115455715880975
58.882548744874455,3.1930636208546037,-2.1340812947328915
59.706710287145704,-4.5888044705544822,-0.73423814526569342
60.071355989604776,2.75341295453627,-3.43416482233906
59.466983845049967,2.0914486516609125,-3.8177307198811299
60.165042894369975,-0.55659425937926454,-4.0515588190252174
59.113859306976103,3.8120373484199233,1.3872696327339331
60.835851524989806,-4.9226058591201394,0.74000833373296659
58.862866134933931,-3.0322997165464951,-3.3773539679815419
60.646483772102712,-0.0060008093215912234,-3.8858386896485313
59.240376713225324,-0.27343146101431476,4.0485546447578749
58.971858794295578,-1.0175597760157273,-4.6807977172312025
59.215287546535393,-4.2387491197770268,0.68649053995337406
60.240934859321861,-1.0679634845953412,-4.5686407674477518
59.51175160562439,-4.0277558130792066,-1.5704740426060326
60.587537004796701,-2.1598534429728837,-3.7323503621782268
60.122885441210364,3.3223289610594864,2.696914962775435
58.864345566016439,-4.3526665055841098,-1.3435025919181924
59.024600668018529,-2.1354263226257881,-3.5906673635836523
60.500596655951028,-1.3256829154535865,-3.5950796020322078
59.981030783703105,-4.2901114509546376,-0.055221063959969882
59.347642608286677,-4.1149488393543869,-1.0424643966065745
59.058894219299198,3.924696791536741,1.874148819025923
59.946999509063851,-4.3737507508592746,-1.7531954918681911
59.596509802910013,1.5833570398276835,3.4521559222433527
60.488265511380703,-3.9856755196189662,-1.8181981592358754
59.297395774446471,-2.8808483949970034,3.466726569883769
59.017173093038011,3.7275350609632167,-2.4887356786630961
59.961171849414875,4.0974904887083268,0.60437974235271852
59.714600175303829,-1.7018032455341925,-4.147725482608867
59.293061846810708,4.3744519781887474,-0.50679505065456065
60.260834290089598,1.5475540707518032,3.8773177193340502
60.599185722293342,-1.0947271381376897,-4.1480805558339737
59.100368316297988,1.1098020322553461,3.7391732553153401
60.000100734777618,-2.4422242904352287,3.8587422530062852
60.453037508556456,-0.55106789836534942,4.3625987810302105
59.890490446969167,3.8288818229237749,-1.2121445318769291
60.036104929933032,1.4550150166778382,-3.8657723577788823
59.006114776594998,-0.69239447109099139,-4.3706493596773823
60.588488738768845,3.6682376343414203,2.6754070215626959
60.644438431845501,-0.90413255638715573,4.0710714420011058
60.805054681939076,-2.8202494800544282,3.4287349070032977
59.440213899770882,-3.1406472122592639,2.9732935753381056
60.196465274151919,-1.7252401931504431,-4.0104074193959196
59.552299934643152,-3.0982593705799193,3.1357152982738734
59.552745875176868,-3.7185746461825984,1.971822924480489
60.305230733732579,-0.54312575587696776,-4.0018620557860221
58.799933985061777,3.2722129957532506,2.7361273472296817
59.476977726949492,-1.881996608899243,3.2931460615980446
60.235980482223312,-3.9985665543122137,1.0794285435950191
59.104872131252421,4.3655732313394546,-0.46340248364528391
59.354772052923096,-3.4104693883787878,2.9658009178453346
59.284087737002295,4.0595885558031153,0.48514817824451817
60.312312010359385,0.85144919104255534,-4.452166585432721
60.118076470708637,-2.7071261444059416,3.0454987222140377
59.566568939983007,4.1471138946692623,1.5941876873634786
59.384477413178466,-1.8122611839498732,4.7744977169815419
58.891702187177337,-3.8160358335533084,1.757236316009414
58.96658595658652,-0.32015116501814955,-3.8870111181775231
59.254515232366565,1.6399085866601466,-3.6517276649223569
60.633453976390641,3.6794705226323341,2.8172140978898441
60.416612933766075,1.9642828265389487,-3.7507472595848284
59.512758674502308,-2.5026156517104465,-3.3724775888462086
60.029489676755809,-3.6143547334352277,-3.0871882363568743
60.069077823383992,2.5418099031198489,-3.346628290745449
60.656755812970026,-3.9194508152916065,-1.6798342456823172
58.949034568389337,-3.4441666510434037,2.6863548705791862
59.041090361491314,3.1505759698745255,2.9279192204700695
60.020395558071399,4.0726295422186931,-0.88871538384554327
59.836752991478178,-3.3244311537911662,-2.2897940013139468
58.957872363654324,-1.8446064950316956,3.6720349091463929
60.529907002757767,-3.9941949135599444,0.664923644819985
60.24408241563664,3.9930414896841757,-1.4928368443313649
60.347240190217427,-0.52209194689138039,-3.8394301997845504
60.460501589742968,0.43841634885786673,4.2981584213789539
59.289883185566211,4.2060950670925523,0.87813540967146153
59.061325297240096,2.4431460951073953,3.2883679721781411
59.090722354531607,0.081825275343235554,4.6823459174122908
60.301651024479234,1.8827302400563477,4.4263499250348497
60.417555414561924,0.82526242382918258,-4.5118868323172698
58.861309960747839,-2.1070657738904224,-3.0670414031056836
60.441861812373787,-3.5483185466198695,2.6044389398310384
59.930635257297439,0.39347546471500122,4.0670572001809004
58.892204898277299,3.3143971018983023,3.078314428409394
60.17283225113183,-2.168242045833642,3.3978595245216829
60.026700256387173,2.7301386229095654,-3.4794986703498192
59.660415609556068,-1.7431081872318561,-3.6279483417675711
60.055618464820924,4.4358453110468092,-0.57802526500009932
59.366036300178045,2.0316690959660972,-3.7635851929341579
58.946147977868598,3.6277920116845732,-2.4157150950934465
59.774128859078822,0.7873821921639198,-4.3175749642847245
59.395334952855961,1.6890295276440341,-3.6832176407453443
60.414657584200569,-3.9984482616844281,-1.281949086907251
60.207915582286113,4.5644410551632228,-0.3574361929345265
60.061002370866724,-4.0754043825385553,-0.94291924821225481
58.871197775848692,3.8545020124131253,-2.3380999018209705
60.571526027533118,-0.096808876092440307,3.9264822686802292
59.254302907821511,4.1835789941571155,1.585464680829803
59.064346170169706,2.4571483161413239,3.5656908911488916
60.006312218980533,-3.8480485270826206,2.0682231362210497
60.682392645106731,-4.2367527046766895,-2.0714652112031642
60.096452609312557,-4.112560647215397,1.1023621099689962
60.385068854690068,-3.7288830388916758,1.9919824481360662
59.201965843812246,3.0919477650642158,2.9478183566906888
59.23513636804374,4.9324186711263165,-0.44709948139293204
59.222639146398208,-4.3289775978855802,0.6296511337217674
60.389632960382414,3.4404869818210972,2.5805374962225986
59.31100110342777,3.3140429720610936,2.6039319316785363
59.203334390482041,4.2364265942998678,-1.4194999540252309
60.328690577504148,-0.18641515253410115,-4.4267629965686197
59.562600519992415,-3.9541418434893361,0.13857383806942639
60.127765749418977,-4.2740710845707302,-0.50581084322707004
60.496126086294645,-4.2743433033618485,1.379565094363397
59.632017236003769,-2.1567662763686095,-4.0281626570557947
59.23002185424312,4.0404969602926686,0.98590665509562225
58.807622128091886,3.4477320980935358,-1.7884636208568947
59.43028666652944,3.7282962928700032,2.1092980090754803
58.949848728357644,-3.0489886803461816,-2.8648158654383122
59.918723138103971,-4.4777661405459579,-1.19184106790163
59.093189327643138,0.94898408915034416,-3.9666603686255706
59.175126321125276,-1.3294984616886636,-3.9602995389088873
60.402921102571938,-4.0618017766347254,-0.55605399757235219
60.537031829487475,-4.0599507363656615,1.1828475244888885
59.355762296698984,4.294908610705928,0.1554228535368809
59.843043863855428,3.9118912657162843,0.43736806492899655
59.630855200900591,-3.9468802469097621,2.0826215190431658
58.980006179861434,-2.0104254965032955,3.7829667440814791
60.472226139606612,-4.1277598668250688,1.8289091474954098
59.562129692590581,4.477275702042137,0.41233711315708216
59.268179431100165,-0.88454562090465549,2.0825292634003807
60.329835072789137,-4.2509153465842564,-1.7417177919695019
59.079064478412086,-3.4382037610918741,3.3222862121118908
59.835537908217297,-0.86812467733777898,4.3773608112652553
60.500559716914253,-4.8592568746899492,0.048151779499837823
59.652139244607085,3.7375515827387162,1.6183238091442771
59.233360864858383,-2.4826271797001698,-3.6721106610044392
60.512463028761331,2.571847123004575,-3.0784027944902492
59.087548362690747,1.6983307977155411,4.0754588336400133
59.694193279669562,-3.7660617139453363,-2.3610536927388743
59.202817646351647,-2.4967255623927782,3.4739707053670856
60.619646438831793,4.2413384251214898,-0.82463041719781172
60.819209192636542,0.72936469089743516,4.0995297490722162
59.702861038669802,-1.9394819348161298,4.0600577960621687
59.868416642703586,-4.5185676780624577,-0.69882168861203919
59.29738143308245,3.2843101696429895,2.9397129137240077
60.49324863297506,2.9451144918410561,3.0535671567099332
59.309503283932131,3.9612672380813536,-2.039503252022548
59.702255710536363,-1.9369878195888699,3.8092582129466295
59.35743812700926,-3.9285364878517282,-1.2723325571219135
59.720964345816938,2.991363955383362,-2.9084316851191323
60.088205219196539,-1.3912642321365021,-4.200596146575827
60.563534829570827,3.2494503677119875,-2.6284913512915673
58.831514727545205,-1.5756580247019245,3.8138239736609476
59.105639245059521,-0.197888941423636,-4.6246036378962678
60.368935123903867,4.6284486733011851,-0.51203484622516116
59.823070504521958,0.47287503278534493,-4.4589262804179803
60.540331744724561,3.3119306990350803,-2.6963355813145342
60.398217267846938,-3.6525254605051027,-2.2576740402292383
60.290934158285808,3.9139538195959163,-0.58836581830809975
60.102663788306437,1.0397695781006979,-4.0282882120739139
60.465831552776869,-4.0145441772670116,-1.2338490705058991
60.589424880010256,-0.28809964460685877,-4.2525691516580997
59.488448885442907,-2.6953880371962646,3.5932361431919748
60.128001404910187,-2.8970597852293034,3.0348065864276612
59.574654173800852,4.089319742267894,1.483644014002921
60.392710796474709,-2.9785262151901657,-3.2010714990929978
60.667595733744974,2.3876409825414013,3.4055557762262354
59.62445635065847,-3.2801077912778274,-2.9629257392760819
59.29350202487268,-1.3370757576781021,-3.8916269837758937
59.816028104006527,-3.8748140246737557,-1.3251342485831195
58.971189966348092,1.99502027264879,-3.8667132696421787
58.960116004756436,2.8002996517860006,-3.3986037895508359
59.275300790999054,-4.0513727954578496,-1.6498292679393314
59.500717866548925,-3.7719087930422552,2.6963767366209703
60.700041285853473,-2.9158284412334656,2.9677437131953992
60.465613677793058,-3.7802256848235407,-1.8348378872986069
59.330521028310542,4.4065610145895526,0.23802758312660122
60.434097460620244,1.4136694062275761,3.9407945368239026
60.490602002931858,-3.5122800364778657,2.5328393516173029
60.025530740781072,2.5773045030640316,-3.4099243970426558
58.995820638203654,-3.4916652927631651,1.0157307754333711
59.653839905766951,4.2963913278893262,-0.12599342966176402
59.389306923908514,3.1770551866320771,2.409410559819086
60.805570861806046,1.6619227505184868,4.1128795098882742
59.785786386551138,3.0415632196694817,-2.9676616475801803
60.470500892765145,3.2549140737802578,-2.8913433975251253
59.735125773461675,-3.3713540310081798,2.7106370225144731
59.088198314222872,3.5797253951698154,1.7866326906126337
59.020848352509667,2.8705129158773248,-3.0623286844827482
58.947040480370951,2.0193748915961636,-3.8110649690273193
59.26740573380804,-0.30047033401273937,3.9832851577719173
60.129163044952705,0.91603062401639013,4.0127794374369667
60.022060488806346,0.52647730626734679,4.4616932252645665
60.512984907355957,2.127490923854237,3.8977549415276429
59.024370711282522,-4.1056417034412567,1.2676077326500703
59.328591471060754,-3.9790338907330276,-1.0165928106788769
59.181805095833745,-3.8631141145077077,1.2908353821112952
58.945053364982002,-3.548634024865958,-2.454312887114364
59.042421654142089,-1.1470731180300511,-4.0885518375550349
59.88005623729407,4.0318646588136255,-2.5075605423067877
59.300779122258405,2.9910090897961625,-3.3454075218034216
60.32230415858762,-3.2934685691664609,2.0538157104141792
59.580458830686673,2.0789576317623979,-3.560272954655737
60.019040128873591,1.1773219767631047,-3.9239314999444632
59.104271193201335,1.3428115981605049,-2.9090657726307536
60.296447603493235,4.7017801957276291,0.3018146439706384
59.943780620522517,3.78551955190449,-2.1039872773161687
59.166059880046809,1.886478234350401,-3.2601602475616471
60.059665422467567,-4.7936808675482734,0.78418281758256037
59.563958412038588,2.6773465617650936,-3.4693384804028971
60.321937501681965,4.8882686386318124,-0.089991576934823014
59.93679438368212,-0.32444053281065816,4.417280087959802
60.530502825335596,2.3961430628081128,-4.0845722279057997
60.170076093054199,3.4966943502020253,1.7610258780068588
60.376354511600624,-0.55195051569698661,-4.4444560942898805
59.996237426466799,-1.1843393522831407,3.9582534378627909
59.803370069511999,3.087234953279014,2.8123954921032239
60.583976646534275,3.1087886499616673,-2.9748092794564607
59.91595861340538,-4.2054049153011848,-1.0374302874552188
60.009483761032492,3.9834288430196167,0.079006425030988689
59.74311511573174,1.5171122182052847,-4.0011137497471321
59.310448971243027,-3.9916395779332272,0.082704445109887392
59.765030278300173,-4.0036205287676943,-2.119691589858828
59.396333765573807,-2.7125843132704106,3.4959649128545816
59.461535208352458,-0.56739469588420177,-4.6314516578948473
59.953465557967334,-3.5700024719649774,2.2964501066822915
60.042788326336357,-3.4674269842378522,-0.91334839595395789
60.294367309513468,-0.92861832926504539,3.4899337681927713
59.680435614306816,-4.5170890118350995,0.34972117889924426
60.2470712847418,4.3884965796690505,0.062746937311800602
60.504557405057959,1.8059780567424373,3.4861067380051436
59.618679234193849,-4.1909208784031797,1.6356582455124851
59.776836772701934,-3.8535404047207522,-1.3728570192724141
60.086512893564972,2.5714773216776723,3.3420237325120739
60.591855795456048,2.8701035011378915,3.1183914570211688
58.908413446409689,2.7899451349460116,-3.2358430864097465
58.966129024279496,-3.4027229983709204,2.8944385694732118
59.841836791914432,-0.10290698375739803,-4.598499096597628
59.094078759050085,-3.723121149983069,2.2343703186395287
59.413101715992454,4.2621786030321198,-0.58548675302608877
59.109094426098963,-1.2109422109077395,4.1417849697448812
59.392141154690179,-1.7237500560020194,-3.7659131848754503
59.010628938169361,1.1468580624694014,-4.5756855676289172
59.870311660082372,3.5921463433020198,2.6659282068261434
60.120744791213781,3.9017055459644165,1.6351093031010846
60.362643146250157,-0.82560861230031435,-4.4681832556131678
59.890013947548702,3.2260417153560916,-2.5053386310159951
60.619191197309235,1.00276060905535,3.9975905015554689
59.342181292033409,3.8101902729755439,-2.3448946567422362
59.557954189537327,-4.5227467309305229,-1.1882797412850652
59.026818353233246,1.7017823106885701,-3.9973171147527391
60.121401816166546,3.2798834642164949,-2.7597312773646334
59.10051238692926,-1.5193337718273354,4.0738661821722806
59.032705045099185,-0.4243375092829576,4.0850197844705232
59.193230750799017,-3.3452711562758837,3.2308686134671452
59.820564602487224,-3.2727544376874618,-2.7901036196221858
60.491797109967848,-1.7382468838870941,-3.5797164110911188
60.11979324641073,-4.2583649189567003,-1.3004349165544795
59.037914897528388,-3.9445280046712075,-1.3087339251791348
59.774606167690408,-1.9305749874427605,-3.9985318126340199
60.022466538381806,0.37846279763156726,-5.1913183304739068
59.876210848729031,2.6413453165086018,3.4151197622604781
60.66462326555839,-4.3466940248964523,0.68135733618384164
60.465214821473765,4.4466874764148701,-0.32450843236789251
59.472181778777895,2.8299125577778241,3.2771471416129692
59.651085261359064,-0.31498337005604693,4.5098862512270639
60.712429846208494,-1.2699127834035973,4.0156887527886251
59.370881026612302,4.21446634400845,-2.8173958760978919
59.901568503172676,-1.661584162103694,4.1694569847810126
60.379454555691559,3.2785365142688048,-2.3034309568134019
60.078776067234969,-1.3024172109176413,-4.0543770988967376
60.074196952943105,-0.98518034538947097,4.4785649736850459
59.307125382167655,-2.5108517056715973,3.7126109060755903
58.921371071646959,-3.7006125698643277,2.6386958360861308
60.4682291102147,-4.3501570203686395,-0.92171306739611869
59.887267991403355,-2.4956339837729327,2.9530509515912406
59.214422736526124,1.9499410767800462,4.0844743842864677
60.303713882913804,3.7107567526327485,-2.6670952846661762
59.212714060134935,2.5585586890832652,-3.0839048645371157
60.225354178451425,-1.0391090681362094,-3.9841520744864343
59.362581765187088,2.3443100850456937,-3.9992330942953598
59.675916945079919,3.0827633579479432,3.4527097807003706
59.288593551442297,-2.1966287505742308,3.5010307183026317
60.191437802233054,4.1398101305436592,1.2314254625484951
59.943413506633462,-0.20334255523002759,4.1715783845033991
60.186644340586021,-3.2688810135828104,-2.8143892029414803
59.339585303152603,0.34121642593101709,-4.7489742945180167
59.449411415663313,-2.7123719232649455,3.3645985067962583
59.171338308625529,-0.99083878319472518,4.4622013039898487
59.49882029942151,-1.1864926352367946,5.055105219578123
60.717368394835681,3.4506052500712663,-2.648463590470552
60.551341844766391,-1.6288355985854672,4.2625559493459066
60.030330265918074,3.9294734473793769,2.620701323719314
59.921973918799182,-3.2115969717596005,2.565651081601291
60.09251645172246,-1.7605708625070333,4.1105981775703038
60.045087400931806,-3.777520035509867,1.4364141725100101
59.953066145138408,2.9797912673075602,-3.2098052486503521
60.671648014892583,4.5610783720258441,-0.88556783765521341
59.939267901265602,-0.24144699085178756,4.0469467351363875
60.293368940460084,4.0390811056618956,-0.49129932888282668
59.137860259194383,-3.6440287964433558,-3.00242938831444
60.850518102233998,-0.86969821252499935,4.3570917360183881
58.874190112723156,-1.3944863336610813,3.9453736175456235
59.897306460695376,2.2479975597684105,3.5182778173151616
60.239788446426097,-2.8484720635374909,3.831561156587
59.135289741325884,-4.0826150720609569,1.6681967980141259
59.079326820918006,4.3999789619385918,-0.097605577246442185
59.575859952896813,3.2506350435676876,3.3033549620429619
60.646916259098887,2.1892407104992122,-3.7965348750828167
59.495616091938857,-4.2203733842874129,1.3742539276375878
59.481061075247091,3.2822802083657696,2.3373238969913772
59.975010212428543,0.017072506833065278,4.7102327804788287
59.459350107036364,3.4865349259711715,-1.6430254633519672
59.190466295249728,-2.865524285654216,4.1675020163279877
60.579255939454406,-3.5845550790990428,-1.9101687930197255
60.684400283677668,-0.057251554406963528,-4.3324182632036203
60.109261832266768,-2.7734873372494886,3.474990309787132
60.584063556758672,-0.31098542356187275,4.3735044702490624
60.255294158832974,2.7709235544732174,3.494816316077257
59.284197460347762,-2.8404448898424328,-2.6317491984226682
59.874480950644447,-4.0286072236625081,-0.87459128638086447
59.947946824151444,2.4593947576016895,3.9876231266486384
60.137479072230356,-2.850314925183429,-3.5216691507702444
60.662212782371782,3.131429042458957,2.990137566358805
59.336717656255132,-3.7922237052906942,1.4056394685170117
59.249099605130276,-3.9401390837762786,0.56001028501707506
59.771831523586187,-4.3958468486418534,0.72486393738108013
60.757329185585476,0.52788063205386615,-4.6320465107426552
60.697039506286785,1.8996037062071314,-4.085387506444377
59.145482428487306,-2.8111090825283265,-3.3427605270614822
60.561042528838243,-4.259861192546464,-1.7209522895852909
59.261320899370077,4.1255881087947026,0.30451807031779754
59.994503420566588,2.4784980664475325,-3.4838554016246492
59.426968184241964,0.2453173671931459,4.0680560335633276
59.128559103495895,3.8034367897955406,-2.0147685974365577
60.068208796186589,3.3296787584961622,-2.5656622372652436
59.143789888602711,-3.6669317295926049,2.0436933986449506
59.944703021308435,3.9333829377376279,0.086207479326174299
59.813202212462947,-4.3881184338028314,0.78400279665536865
59.50482089386491,-4.9654328098864919,-0.70205607809444659
59.376601341177555,2.9867822454127202,-2.9401558700844768
59.573001658191004,-2.5629239678401681,3.8849850370437999
60.080086067137806,3.8841529618669997,-1.8411895733966375
60.684935123280091,1.9957180128004299,3.7733402763845212
59.8961277650995,-2.8696936534444095,-2.8492306404716921
59.662030500021451,0.95479671420478096,4.0798924027403789
59.541637969681759,1.8432524332775619,3.8065067476987693
60.210606755102617,-4.2225244157442079,-1.4348020980797118
59.219386698493956,-0.1138754465086206,4.2868527443862545
60.160574216636114,2.7731365658742226,3.2477200988677675
59.950193369642463,-3.1252999622278264,-3.1807078657458736
60.174774514490338,-1.9210889184610878,-3.4776581511542295
59.595354575540917,1.257075992255783,4.2160045125944734
59.190133488190526,-1.1065677874817736,4.4091857259549183
60.324981132152054,-3.9758436351122453,-1.5578814796696261
60.493664730081058,3.8695013182512996,0.38878119828604191
58.93582715158329,2.2404274751972895,-3.6414641981501821
59.046336358844975,1.9679484044963367,-4.3485446925466702
59.911118727949166,3.9433032501762226,-0.06274550542862431
59.755101667172902,3.6285379212167301,0.56083429754520042
60.405844790016033,-2.4823954505897432,0.39187285455083348
59.691608165745663,-3.6724968890751941,-0.31255624623417916
59.250631856612429,-0.096025489600435485,-3.8319714710219488
59.700092119637667,-1.1148777101631597,-4.0446642008488602
60.108641351499919,2.4605849857439575,3.5442630774404216
59.251104409076071,-0.64271026417036381,-3.9111559829419469
60.055986716163943,-3.3640837308028195,-2.6054733835804287
60.555680232532204,-3.1639557159303062,2.7973939661888028
59.64592982430699,-2.4750091225113264,-3.5266452872031571
59.602110653686807,4.3938757922437413,-0.71110179852218336
60.116610455152276,-3.9547293861025179,0.62243111435142817
59.808449883328507,-1.4895973310777963,4.0844946402280682
59.12227699112011,1.7555831117292637,3.849801172723093
60.449125419406862,1.5656772695934222,-4.2811026832601797
59.466821506596204,-2.3121244838849071,-3.6536840777448107
60.261078030745814,-2.722703020969734,-3.2388597751860084
59.580765206334839,-2.9932749403630918,3.2901376808797873
60.4755957087878,-4.2719060988975119,-0.40583082988443214
59.570063341657772,-4.5687767090724432,-0.30304847862647422
59.704887844073951,1.8582525274570703,-4.3896950101951857
59.9622529900956,-1.5601284227562586,-3.9645772387757474
59.124672103170397,2.7988353710247287,-3.5518253724620998
60.126389325369473,2.1064886803388192,3.3351046922673051
60.055650111332973,1.7657824865194309,-4.0996510561055244
59.101831563058099,1.9768830723580795,3.8586915365432599
59.038364572701035,-3.4604612371738157,-2.40971528299101
60.589576494325634,0.77294553003155753,-4.2133229913222943
59.197808964130942,3.2023521928511651,-2.7360754203574591
60.023822861218079,4.285162328979208,1.6038029549043995
59.022481893427774,-4.0456929692897674,-1.8649601099308721
58.826765944306743,-2.1967918682992313,3.4339184415910182
60.528625270710236,-2.724252578845515,-3.4040303403537027
60.696341223450389,0.75156282214517733,-4.2805894707716847
59.311145323924897,0.12705725721952998,-3.0486109880334507
60.693676886507326,3.7865263459966418,-2.1468259991881555
58.871925873925953,0.73779724844296424,-4.7455765748727927
60.043993537301233,4.7319071434343254,-0.4197945702970996
60.448088226148002,-4.1999538835580639,-0.36850286867526011
60.22668917314202,-3.8049101687747107,1.7146466788660291
60.573563069504317,3.9522516753555768,-2.2007961181966555
59.554591792072522,3.8408363590322474,-1.8600679823147401
59.861884213942773,4.1898148240262758,-0.84212371473949099
59.650682515514973,3.8033782849320303,2.4084917790189877
59.374754534193663,-3.5840982238225778,1.8927232317319396
60.281888433212693,-2.9661176131489171,-3.3710032290515848
59.79463131737748,-3.1786879789140485,2.5490999429174668
59.155643059793725,-3.8586399997350846,2.1027625313287936
59.887347884341892,-2.0562499440696058,-3.4696387426826281
60.035179578552892,-2.903085342136583,3.4593896524445911
59.912546439505576,-3.8710002330886799,1.1550910408369273
60.662341181715611,-2.6902859637578209,3.4797826522504551
59.682837889457986,-0.084340653169024948,-4.4517020915927921
60.47368598408287,2.0531980624382919,-3.376206774652069
59.102161717025687,-3.4234997204627025,-2.2084453484518494
60.515920563642332,4.1361213170753119,1.7036039107687997
60.291315094574955,-1.240140273558497,-4.3799696900775809
59.045731318765071,1.1119219636324691,-4.7576827691337629
59.680370555331358,-0.26783108844321901,-4.4433846579406291
59.25984890802475,-1.5180444460952276,-3.997488377254518
59.079988506650579,0.41080842907029297,3.9332270791961386
60.672571697002468,-4.1444609021628285,-1.4646583159620874
59.437472206417098,0.20691956621528954,-4.1789097397759072
59.765577129850975,-3.2991646578004006,-3.1170862201206226
59.322516793852884,-3.3128923181172554,-3.1036073559219277
60.712201649754036,-1.4350048056174576,4.0665107799355731
59.569915068326424,-1.9365064134061534,-4.2029882896017385
60.59057515069432,-0.0328896427488483,4.2343144089540194
59.54141312989362,-2.1896764068681889,3.6982880305427481
59.727681937478387,-1.3677224164966615,-3.9454561102315719
60.589358703395391,4.0608247801403277,0.68745539360200325
59.057749677910394,-0.010603887717309704,-4.1039686885341329
59.466250769108903,-4.3810573453616266,-0.27523359605471659
60.714863234041992,-2.5801451236307065,-3.4549515288125701
59.965542301105842,4.4667669640730265,0.18252323273114818
59.987224415348059,-2.2962095232715205,-3.4676605931195628
60.593660631401853,3.6432703086970517,-2.3852500482247487
59.704313664651202,-3.9326435878781085,-1.8141203165035928
59.535535962791656,2.2593138491081635,-3.7482051598655768
59.635496636731453,0.23180842442664359,4.0645418643235569
60.211954269344133,-4.3100421809249223,-0.74600085185053056
60.652670006011995,4.377566363124739,0.39486380121174547
59.004754071671265,4.3029134217200715,-1.0875125871556428
60.114388224698224,0.35438959045128676,3.7726394451252814
59.734747934066313,2.703549059328644,3.2941055176950576
59.95926554450444,2.5612765947029765,2.8154045080462544
60.00745414365251,3.2743206011658037,2.0393690753322291
59.65422009080114,4.3657053873282425,-0.60107128348947358
59.945073086750625,-4.0571899483009766,-1.7217920827033923
60.578785447645636,-0.91411765948111501,4.1156931889094857
60.742844837670226,1.8032813943515718,-3.9016417877161791
60.257915128412783,-2.9257909519472345,-3.1357509043373288
59.125360750604088,-3.9734543999371525,2.7601591071649603
60.772212572023271,2.0649506045641561,-3.8093097754481957
59.248060732934285,-0.53554257942165751,4.0488035142714427
59.899046040357568,2.3501440280101029,4.0918859478755572
59.945991905982616,3.730669215691262,0.20604643359034136
59.680603079828671,3.2436496160353747,-3.1916836623957674
59.622341546148796,3.9046223543609573,2.080569390658678
60.867490902988152,-4.6341421907809686,0.79946306763884645
60.706521644690547,-1.5404304759937495,4.1739839543644832
59.507776566988753,3.5645828437392826,2.217413188237912
59.925306237880449,3.3857266513461624,2.5421925659434188
60.311824646922361,-4.0440146120243083,-1.1704370627039116
59.770190757406901,0.69123042955617542,3.9241936081792503
59.381733662894575,-2.2879818911589385,-3.6269237742764795
60.204086843139855,1.4009625425504066,-3.8869678428437688
59.11275042682886,1.4312927396427795,4.0084348562873648
60.495973996996476,-2.5924354703010439,-3.6688093681166793
59.800006941222144,0.76508498550646009,-4.6183938975294465
60.706742714973409,3.320878669921794,2.7701668499273464
59.333031493391886,-2.988998602821896,3.1885585714349451
60.358862143076813,3.4193638854552471,-1.5096643633927527
59.965760611373689,-4.1345699894494876,1.8344689670387664
59.399043374418056,0.74753557255953096,-3.9514559030846832
59.063780315911906,2.9387880618390243,-1.7969214289958646
60.703750269328111,-2.2458717842965448,3.8609511638055274
60.429756618245186,4.0349495622155178,1.4675796832394383
60.145428618212271,2.5950401969730481,3.0842046672557606
60.065943486992225,4.5359484448314156,1.4817176895407629
59.981905591026319,1.0596980775593849,4.1157513715215579
60.294923621654995,-2.1340016795188066,3.680084982788622
60.622088782734942,-3.7851637135464662,-1.9063000646324941
60.431696313744091,2.9408627438021049,3.4098854133309309
58.604485234668672,-2.1558614980238544,-5.4024755434133143
60.528413894076266,0.24300889955012125,-4.2598421372072153
60.106978693315099,-3.7673254058623562,1.2421774387793123
60.016115296151582,-1.0680688286385158,4.0324741484442548
59.867226545576379,4.4969570815276034,0.35394684531884607
59.688054002411562,-4.0131415190551456,1.825699695372915
59.996262140571446,1.4447117508658627,-4.2888200560746359
59.363679435705841,3.936782454672445,-0.4692625542289775
58.765750324591615,3.3514463200857705,2.2824659024453027
60.587424103964338,0.9622782888960919,-4.3943281904249636
60.269341903564772,2.4269147257081496,-3.2641242176058274
60.768657734995884,2.0179215547521676,-4.043258017583117
60.670402610990131,-4.2756808872958487,-0.38412458294303037
59.502958488579011,2.893449287686594,3.084506113404323
59.252831518295842,2.0094754559767689,3.6175682546474985
59.331841042305349,-4.1248050122830016,1.3822105288358644
59.186387529913105,-2.895306158897816,-3.1153079872713363
60.447435419875617,-1.7660169540281438,4.8339101046851463
59.091747937948057,2.1777445111421021,4.0896594831351285
58.836265960313419,1.5976651436600091,-3.8285741218628422
58.758565862001866,4.0771433969021738,1.7849650169292151
59.98402394166957,3.6156378345989326,2.0911325873745765
60.458312221723993,-1.7354274666546827,4.1552716619994134
59.491936621636768,2.9329771111207279,2.849480569210495
58.948789660379781,-4.3199712465694002,0.86146653089252234
58.997218125018179,-3.8431095618525037,-2.0293501455776193
60.094011047798048,-3.5258004311668802,2.6597066435261256
59.765529908954029,2.999420152603574,-3.5349107674446398
60.745139770557039,-3.6775853595151808,-1.9905114602073388
60.114862143914323,3.9580601228933849,1.718550924140241
59.897407875680152,-2.159664039266346,-3.5027295073339664
59.325756545885639,4.3775695551476961,-1.5646108078823577
60.386462590751663,3.2228348859971305,2.8704400306221194
60.710796466292102,-1.1572672771926478,-4.1819315481676105
60.466449760464265,1.2481474507537091,-3.8865419745928467
59.59719340757507,2.9002680355336072,3.0771575804948554
59.37168172065028,-3.3283174033281848,-3.0333419936460828
59.42292682242185,4.2173229024693528,-1.0566218190143446
58.886758043472099,-0.51156873677652126,-4.3944763423677111
60.288189164137322,1.9144993783161959,3.8948907764451155
59.118436314852019,-2.9208764736533661,-2.9464200700737777
60.171563418874221,-3.657344733229948,2.9914420761317566
59.926887411164479,2.868051593500605,3.2114633049430883
59.294942660974932,-5.4210213455120426,-3.7307444191103269
60.621099462695753,-2.6856526080424796,3.289600058821665
59.516128944523132,3.6429500144254088,2.0687601799864792
59.734836707133987,-3.90669714202309,3.3343832381695813
59.050302084955042,-2.9805738708246401,-3.4064456035797153
59.297375939281558,3.2751572688495587,-1.8922470989214206
58.839999949272929,0.42421696116021401,4.565711970650999
59.802368089235117,-2.5034372837521555,3.7075055924162883
59.188735816169057,2.9037207146170991,3.2416952190397144
60.224414246336018,2.4847963477116246,-2.8356759200621986
60.416128207355868,3.6411746573702346,2.9106969760288197
60.144719357218044,4.1679218769732946,0.32646766090951784
60.41752799116157,2.4573114864316215,3.5446667036964237
59.031215386617063,-0.005019019563303577,-4.2741644990244971
59.903476066441456,-3.847726300613687,1.8297351918214797
59.667366339669066,-1.0103942387876423,3.8782591332837568
60.160592455706329,-2.0965824701214801,4.171185729292441
60.156310123154178,-1.9104650881757304,4.107105703951091
60.328519497697975,4.442082970157033,0.84094593599100553
58.99953879884356,4.0348658690169765,-1.738889364184276
59.281973188962752,3.7028926051962481,-1.6195264917529011
59.606190207278985,1.6074300503319896,-4.3670775612542174
59.348466031963497,4.0554007857930339,-1.6360547367911507
58.861542207918966,-3.8634513182836265,-1.897565946163269
60.201709232258537,-3.0178911005987912,2.7980484980855924
59.477965324483961,-4.2228209568581851,1.4014204356016084
60.328744498607648,-4.3323637506065014,-1.4017028794409276
59.17627297050938,-3.4186311366464035,-3.0831941085477168
60.820583940204905,-0.2672666133589035,-4.3967428360313345
59.250014640001005,-0.67856098677516963,4.1528149464457815
60.109647118930475,3.5589690430809449,2.2251167153454485
60.204100423467196,3.9948354090883367,-1.7390941211635365
58.932954244393777,3.2213265655501289,-2.8154356920535264
60.344444626609871,-1.9673196980076084,-3.9879053707266001
60.655161853175706,0.26734000632260069,4.4664999505794327
59.787981514418249,-5.1064549678419668,-0.0096684337828126139
59.483009816538015,-0.25776354298806586,4.5409496473859834
60.484189531772813,3.7851851736988884,-2.2685443303434902
60.67558091287426,-1.4354639356721941,-4.2934675986720219
59.14101636228208,-1.1321800984759618,4.0942842796703216
59.928966105946799,-1.5831706637391003,-3.7488341423925737
58.928878018651901,4.2756316752274586,-0.84924568395837219
59.078208030223976,-3.3556314418007291,-2.8851738072437683
60.729603533892195,4.2907207785552481,-1.061338887366515
59.450541006446429,-0.081795091386824448,-4.3953924613122277
60.495634837042644,1.3265691919094984,-4.1113175604654488
59.651584679814881,4.6680666571353227,-0.46729264711296531
60.571824650451546,2.0227795510341418,-3.6372382814146262
60.169673491656894,2.6871546058462266,3.3291235662500847
59.390510577876064,-2.1965791985452774,3.5133992406823591
59.821975190186102,-3.9167863600305322,1.3704889860965708
60.005770743033963,1.3405583649673849,4.1628090875781734
60.268728191091881,1.2892319822137639,-4.069600630055751
60.766318416935661,-2.2460633842406481,-3.5869086528354619
60.170288331901681,0.084075293301145354,-4.331889105528381
60.008788852693776,-1.1722517042851841,-4.1268820115423726
60.621472639038288,-3.6512051533397005,-1.2858139084153815
60.777013427879481,-1.3495334994768173,4.0339324698951717
60.217186528748357,-3.6440807488939404,-2.0837209401242811
59.511231073065041,-3.8618110350207049,1.5939816648363945
59.569547097371185,-2.3540974703682149,3.4302501477394154
60.720798754406133,3.7262166573661246,1.9605910446303365
59.374269651151849,2.0512172383887073,-3.8090242091999804
60.659635106584034,-3.7424000631929721,-1.9002930624568419
59.441199926838713,2.4111934577626903,3.7173812043868293
59.54465271826863,-4.0415700379726234,1.7094897982569948
59.333355404993455,-3.7086048127139488,-2.3799666123851457
59.189415340791228,-0.47012245205629749,4.2402631568612925
60.419623576216061,4.1125245938878905,1.0370864626175225
59.208816219781369,-0.071272852331925721,-4.3996775961612133
59.908013117008025,1.4079501240825076,-3.7318054171573558
59.140394367379784,0.014053236068784605,3.5580186959733187
59.800981307417437,4.6836782013269369,0.14544682993834099
59.771447360694737,0.194312307989851,4.1484881615463296
59.059042864963736,3.2589851444304512,-2.2495078575942076
59.898612549468197,-0.28320388885873543,4.1218291423647262
60.342222435997485,-3.2688405023021683,-2.7081601903444863
58.866876160640672,2.5873148720036121,-3.7632178948042632
60.290695587796293,4.2786858657946647,-0.53286156152577158
59.282864246753483,-0.2232103760225633,-3.873279311602368
59.048843013947547,-4.4259140025661736,0.75391419110011182
60.461745937059106,2.21704179091223,-3.3833115865414061
59.978931417960972,3.7557170263885515,2.4451412256587548
60.254278828497661,3.3203706354252178,-2.4471309757396269
60.686745873939017,-4.0507760147446721,-0.10304125388651969
59.534532436415773,-0.56035899712758896,-4.173457622939722
59.006206133943941,1.4397425375284822,-3.8942015755702268
60.216589232527745,-4.2983706816084997,1.4791032362043872
59.772355490459205,-3.9622213034088918,1.7918155866777794
59.826715620011555,-0.56090521179588115,-4.0774966476384789
59.079626498258932,-2.802098863982053,3.1960546707472779
59.696696960826522,-2.4105584248233018,-3.3528595792146536
60.069117603277235,-4.0744109115776563,-0.12058586282289001
59.879173508316434,1.523623798573192,-4.0887037159870632
59.996011743079123,1.4325597458636214,-4.5047946190692656
60.459230117362871,-1.0912821963343668,4.1989041022143052
59.873772598768376,-1.1116937318447091,-4.1953019911471339
60.362219201861357,-3.0886783697250579,2.5638067602491597
59.94140310935552,3.9061769991334248,2.736671431004067
59.771784002762736,-0.27326563090842132,-4.2175038107953169
59.146993086350328,-2.8489182525557335,-2.9653219975886156
58.982815756226358,-2.2571135000540332,-3.7024062447480994
60.62060129323951,3.9318448208884349,-0.7873099005801274
59.723940490239031,-1.9141801312757238,-3.9656043184757284
59.191657438423412,-4.339150104556988,-0.76157013155372755
59.843038856624034,4.5325723655060237,0.72812161018225019
60.13261444027399,4.2129102242908001,1.8044383013680527
59.856475915968623,1.9505565941783629,3.8519555410258053
60.257355217767874,3.6164497950428052,1.8249502262315191
60.427190603695564,1.6010701337640634,-3.3107037123319576
59.80606858915877,4.4458568155585381,0.59850905943884769
59.039407822068192,3.7836893841983179,-1.7920703782014751
59.544210049132282,-2.2665435401911389,3.911161138809558
60.631484200059937,-2.9436685053616922,2.9955872865415976
60.712188686437756,-4.6159694693353437,0.51838134087092991
58.92033729480243,4.234205602681941,-1.597250787278415
59.579399819159654,3.6315818582162156,-1.8978516683128919
59.585768659922529,2.5041373029639704,-3.2817978216981252
59.703860456057846,-4.2260003133774227,-1.1584853450971861
58.957878094482957,3.9619635232375794,-2.1997666853893838
60.675770509928974,-4.2595550716033346,-0.35830665479478985
60.020019692141823,3.0100870102591375,-2.8944929987833827
59.742289769224733,-0.55101523182433332,4.2659753442924515
60.197914568292532,-4.329883014867792,-1.4117702195784674
59.455779708144526,-4.0774488240900162,-1.9438832183631165
59.8561290709251,-3.7390060465477424,-1.6846443279733834
60.053042490280689,-1.3255753534504957,-4.4275134311549227
59.166768769924765,3.3720768074850827,3.0154001476313628
59.00844674435448,2.86700890798312,-3.0180977748177704
59.441306186917345,3.086158772215009,-2.9949511172850531
60.315055993430278,-2.1172656725608667,-3.6814139919743241
59.441063572119582,-2.1410425735524394,-4.0558826395061933
60.228052179915302,4.1673806732194354,-1.4623272863190886
58.913108958534082,2.2534455304664878,4.1035291486594998
59.557299037859771,3.6774451770125371,1.9842460251929512
59.043466325558882,3.906899077943859,-0.24084415547015858
59.718591411010117,-1.2583899553522198,4.2719502725519023
60.022973005144109,-4.2218400927104582,0.91853752340604389
59.064116250290205,-1.1928060796531037,-2.8774480540974068
60.154968255701156,-0.040181277009996796,-4.43503833107762
60.27191671192444,-0.54866416253427541,4.0820546312830741
59.76129024713768,-3.8263376974071015,-2.0508458645422403
58.867160499309065,2.5040542797968453,-3.7096737280240499
60.298107630938837,-3.7169406287153874,1.3047076161919695
60.651575612726681,-0.84651919754938743,4.4144240369687857
59.969277563410962,4.085695085352647,0.8011944007964259
59.431524824301164,-1.5746974079435225,-3.4658088285640769
59.472644228237314,-4.3575553499193447,1.5933671598314181
59.227888220124854,1.9230382463103082,3.9286466111437064
59.005296314271426,3.7404676265409944,-2.6673683774031991
60.647387131516247,0.78530031192887118,4.2238523170353499
59.81103773621318,-0.0044950681282176306,-4.3582149737021059
60.235362150657252,-0.52660083188371132,-4.1913134361857658
59.315041774193674,2.4226553075354729,3.6606076559149257
59.112504276628414,-3.8623745052786886,2.1578071314153839
59.587414900431149,0.39475062267550287,-4.2873314831944338
59.030427127386986,-4.0599983994667337,0.98678972193455217
60.360082634205902,-3.5665240870326067,-2.2831670178360421
59.110364109458509,3.5084548888199745,-2.3765002519073746
59.078338964616336,-3.3139962958856928,2.7759083885001163
60.728991982090506,3.1901311405136803,3.3174697749882864
59.574159884519808,-2.6961104116420298,3.6126338653737022
60.070714799530357,1.3981273448114577,3.8103842128730929
59.791656489165661,-2.0199011604892023,3.9292225661026943
60.580162088578064,-2.4532132310415822,3.8213909095634349
58.941316847865451,-4.5206210735442403,0.40163596993448847
60.073160771847668,2.8291965862592843,-3.1094906851884936
60.09501811394518,1.2673235589056937,-4.2674571473995719
58.88148106501756,-2.7682870511355135,-2.9927070259858497
59.403912702128004,-4.4393312788169821,-1.1876460266506226
60.864607041954244,-3.5998486678446855,-2.2512796350292406
59.987601437172415,-3.4712101760276397,1.671988828621215
59.08518819245279,0.41725817035066604,4.0023986859732208
59.160788977518685,-1.1327362076416789,-4.1047303217892797
59.539107238894914,0.090874191848897709,4.2796423500529688
59.687578394496988,2.0694189522341695,-3.7920701130057215
58.999716500979481,-2.2473750736779943,-3.259570910453391
59.926477064820418,-3.2144606736799033,-2.5534380410364599
59.915937150634207,-3.7481292312889365,1.4859635144083274
59.361563240021532,1.742439066904127,-3.786140372283112
60.43276078652903,-2.6554462862155566,-3.2668284046807923
59.718034740615622,-3.2729855882198828,2.5367039028244749
59.576145042484015,2.3454548206134613,3.5494291058053178
58.986354648125776,4.5012962373836487,-0.42828430237552828
59.747142201987408,0.42629398815319458,-4.3319723514413608
59.634457462033083,0.44729516345279891,4.4906900341191376
59.315877759530942,-3.218312067631679,0.013162272167967143
59.019502168136661,4.3208514000769798,-0.54107104657669303
60.316202951155134,1.7913268417572386,-3.9795210043544622
58.823746622350299,3.2803310656574047,-2.322442413611034
59.394438803684103,-0.13699735071189517,4.3053422699140746
60.318047561628177,3.4190595247196374,2.7760649319658426
60.560255189298701,-3.9802903307453357,2.6049824707922196
59.194876981576847,-3.719519412897093,2.0763162542885234
60.631961585506289,-1.8605109946951619,-3.6068776703007823
60.690132125709951,-3.8956432694449514,1.9956969224426411
58.910245044638579,3.9241055145182764,-1.7715227541518499
59.797401981250296,-0.78050315016577765,3.9990734054454995
59.939643866447135,0.32858786270521811,-4.355754336195214
59.564129587122025,3.3130621979935735,2.9912614377801754
59.798232998617813,3.8788729190489182,1.4243085636573627
58.978308782499241,-4.2364593079869577,0.15051494913208471
59.39171180069404,-0.64903954569888012,4.8736945344744544
58.802131414856326,0.46329893623115631,4.3686938755889209
60.355321827682594,2.3207266869103158,-3.6503775952681266
59.373266781763235,-0.3777819645320834,-6.2529573799962161
59.519667722268018,4.3933850630487905,-0.12013882938962499
60.539695739533471,4.0175533786284481,-0.12479918173971223
59.208708319038266,-3.8912470099038146,0.79210208332369936
60.502677169795192,-4.2404671259599933,-1.2846641811788904
58.894677539794365,-1.9345386219764926,4.8462593962664631
59.195725162977773,0.27289097267712464,-3.8746816997716391
59.645776852244381,3.9436555934313038,1.6560718521356359
59.634811918901057,4.3419032261393218,0.35099594909566462
58.969001465362602,0.79389789572899205,-3.0800991889477451
58.954686850320066,0.19599116993445595,4.2701023980918897
59.142982525161763,0.72222476440011019,3.909607015574609
58.876414607215018,3.2598399921211461,2.998539607562011
59.184826773209764,2.4900112707525981,3.531381816499092
59.116527352423311,-3.2767616233173542,3.1041072467620241
59.863392910781343,1.4797450060840402,-4.1894859144363163
59.600243529412275,3.2937922592065805,-2.7173897226959554
59.579648195461068,2.5582649019701438,3.6364666134097661
60.002014268586088,3.9826639653230713,1.2399324782892966
60.243908532955373,2.2504706287172991,3.8167308640047377
60.461162285185189,-1.1695962838634473,-4.5057288684558294
59.945014074079111,-3.9994148768591491,-1.1164829333093684
59.96459420685153,4.1885988307048443,1.294199321721649
59.255643946504883,-2.2779528499005988,-3.3202232798342837
59.807224280539863,3.4102899731421359,2.8094135707074392
60.007635547126476,-4.5826513900002528,0.52709654245609083
60.524958279747722,3.5293160030395354,-2.3945328891971194
59.015797747684822,4.4171725714472654,-0.77066815553292856
59.287056595947284,-1.2681837699082406,-4.2699473430988526
59.494729451211583,-1.683233140263223,3.5256623402813085
59.574708859578799,2.1629174703254685,-3.5124022497228347
60.674666963572946,-0.80896105466400003,-4.0685229742666573
59.174272396558059,4.4763050654934604,-0.094104653730346932
60.197226278985816,-0.61573944112754875,4.4127040247026041
60.029928420453032,2.6247701374605161,-3.4821697259159645
59.912089930719617,3.3299717089105085,2.733955095687381
59.997489156647035,0.94440980358590831,-3.3281638455203697
59.607562656785511,4.4157026023572765,0.23236624927799771
59.124514835941632,-2.7681921551624282,-3.4727910600913203
59.795597774986355,4.3511648923590815,-0.29271023231966647
59.54226555218515,2.0004054370337303,-3.4768753477358354
59.715535131410199,-4.3502701874694454,0.19962369378926348
59.974704560374029,0.40034818712753523,4.6515372119093996
59.191917026419283,-5.0975756649207966,0.25903322123201705
59.067150258075472,-2.4362448899239184,3.1759238246100865
60.606533713535036,-3.0624481968383619,-3.3024389471667361
59.640478698176203,-4.2396008012974118,1.2027178323460521
59.740071542054864,4.3784032435238549,-0.46836271027528881
60.652177090751763,-3.2641309376414975,2.6838694321750602
60.636807268712694,-1.9123201641696781,4.0096402376502009
60.100182887730519,-0.1106972111493128,4.47259862077905
59.780249949965047,-2.3988944469279754,-3.7107471145215616
59.732864657247347,-3.8452321171024431,0.97689244371320305
59.662549133787465,3.5594914920467589,2.8345423530414018
59.432455013263358,-0.85484402592572817,4.3269974422974968
60.604249780401794,0.17912015583915358,-4.1866273835805643
59.938695199899136,-2.8179089721918777,-3.5073269059858077
59.642691405867609,-3.1529554330564475,-2.7056675263224239
60.290819501153941,4.440156180273795,-0.18511981772127678
59.512680620190942,-1.5579614079607635,3.9652179198641946
59.482139204786371,3.7970494602519169,-1.0881118272784827
60.653427829662753,-0.38232743927585433,-4.2771658617113797
60.744111163759662,-3.8850362133606433,-1.6881839771565086
60.142964936223301,-3.3353343832758671,2.2903150461712412
60.680792559493348,-4.0154979999020481,0.087558417662265242
60.670903433638024,3.053028315199684,-3.0313603611982574
59.771709045779801,-4.1676618675107928,-1.0214104650716362
60.262267712042544,-2.9864139495198305,3.0050571826305448
60.003010528136095,4.2834494604637827,1.4833844286644811
59.199488838230295,3.7053533216495049,1.2469440147460356
59.664717660320029,3.3082960806078043,2.7303782429822672
60.615651107623769,-2.773130595414198,-3.4057606737054709
59.464063106765217,-4.3535650328524014,-1.3834279546391648
59.713389816163328,4.1582761320904922,1.3346893359354601
60.468442620374418,-4.5540826976468907,-0.00745592394614987
60.106450809583208,0.65497128076395905,-4.3797603323267209
59.962411959208261,-0.6599891175712026,4.4462227554686669
60.297665952148115,-0.21074118080854612,-4.4083216491267576
58.808442122336977,-4.1258394810717149,1.5746503166501218
59.026976426815907,-1.124028941236219,4.4844353498433396
59.108416517522699,3.3124242343302108,2.3463454475788432
60.804911164621593,-3.5865008763739614,3.2656792612622483
60.409382969282952,2.719963831763196,3.4943085500194049
60.390538198974554,-2.8776994803866911,2.7119406435173317
60.556454808823922,-3.5995177431456877,2.0630124058246149
59.671087729297554,-1.0755789638521431,3.7647566633248291
59.294657538309188,0.41651621612326062,-4.7689645984009355
60.373818299548354,2.1272666568071119,3.7158465682089257
60.177607712836185,-3.7862319732461778,-1.7098720846479463
60.134626846445173,2.9424464306732236,3.0160248860126631
59.075049945487038,-1.1248227386816878,4.117075676973843
60.09184097761171,-4.1595570152616812,-1.305716492538376
59.456835647274872,3.6379119662462021,2.1553578392841644
59.983731651693127,-4.3999472403624011,-2.0127705430343603
59.331473296876261,-3.7878655527110427,-2.2497396656787538
58.967961125758684,1.540276530367336,-4.2715278890826687
59.370782405943203,1.9124498260645566,-3.5227811623866354
59.43227841517627,4.3863966138518515,0.92882844668345732
60.775389929120784,-0.72461001668691805,-4.3195294723326256
59.138245702117388,-1.8656551773843317,-4.2780274249472905
60.50259992854599,-2.2337815999917843,3.7929329246441963
60.564210778232855,1.8016009488870339,3.74154689408982
59.402208030999844,-2.8446231127315089,3.0231166800075804
60.043416553340506,-4.4613604874105688,-1.1003112333826435
60.026213229610661,2.2998891761308933,3.4815569820403285
59.364048735562427,0.57604988968043636,3.942303158400124
60.264728022109253,-2.0377669028826437,3.8704238957690085
60.496096101876446,-4.0382300322846767,1.4010139218705753
59.261194852299639,2.1698657612558905,3.6382017932525446
60.404555894992654,-0.57850144825313055,4.0850631231705092
60.102463058436307,-1.3589212527670302,4.3536913366673877
60.052687321642566,-2.2123316672456705,-3.7822520233729628
59.300783692653177,2.2963052025250912,-3.9641124547812674
59.295757423143279,-4.0414707415613256,-0.72107319209817666
59.82733966973435,3.6309340888630706,-2.370050102965958
59.246958802525022,1.3022098258047914,-4.1790567551143161
59.190958537325571,-3.6203675989287714,-2.3771159876362371
59.311840371276737,0.38480010951610033,-4.7195101243545059
60.035117681040667,0.97498478246600495,4.1223937341027623
60.511071124433819,2.8666854570167626,-2.9592013441843283
60.723974882209049,3.920786610250766,-1.5529978840623682
59.390022336828771,-2.4689048603407917,3.126212390402086
59.474649882501268,3.0126087230734488,-3.1159765128557284
60.391459974047415,-4.1819641040583111,0.40224062990555443
60.154774865626159,4.0553681961162962,1.3485612410696999
59.618404338472338,-4.697581832722455,-3.3113849966148639
60.578902521512624,-2.3284827019818648,3.682242069405715
59.057273983468896,-3.6298740665041138,-1.9169783525424242
60.397510695026632,-0.011364903434613258,-3.9951595042396963
59.402698170828039,4.4159617280584964,0.39971534772063916
59.725741695986954,4.2482538465681161,-1.4539564672325314
60.097168067603306,1.2859509437430672,3.9394846794760316
60.337045590805694,1.3039541803627865,-4.3232839635472624
60.142418586625425,-4.1702591204225721,-0.54774097423346624
60.717546404238355,1.9566434760980904,-4.1295708592964573
59.067657059813229,1.0778240667152017,-3.9848212119375463
58.846356425527105,0.12835989675181961,-4.147724990542268
60.752279110501028,4.2755158522694616,-1.6891320839851756
60.512888112590211,-3.0645377327112886,2.9762199988437033
60.111181955551324,3.0953825359059963,-2.9267265723572558
59.390599309070225,-4.6604083888250862,1.1720897378006865
58.935391020905399,3.7125347441808509,-1.8003971002265964
59.823515346175917,-2.4493815868873905,3.938097939349714
60.027866233541722,-4.0797635164288302,-0.17794869625552304
58.831965623676197,3.9591290136113275,2.1718538553309514
58.81871705423606,4.1478574945480027,0.11957806188416892
59.71879409447034,-0.23356022754771485,-4.1575681939425673
58.984714386111747,-3.4598795512379246,2.2740581572495753
59.161985606886397,-3.0760754980602538,-3.2837949602487124
59.02299715768546,-4.4221010268122027,-1.1950316892993036
59.457352141968727,4.0192551470822169,2.1079532357113449
59.249508757355756,3.030143229501336,-2.8150582230895194
60.394516854687147,4.3417578356404682,0.2729772463253321
59.774723136799821,3.8617887061860201,-2.0872250029288661
59.136301863867978,1.8447363306157964,-3.7656123480808352
60.468957270930673,2.33254236783295,3.7842955582802871
59.447467103295189,-1.5763821287307498,4.0439448505446149
59.273612009689749,4.4439395002692921,0.21688520021525731
60.421432644705028,-3.3006574732971794,2.8227994541597607
59.507329172783088,1.1063256668791921,4.5685850055802604
60.352665119331469,-3.2727137955872974,2.5199232244332217
59.862381714129221,-2.2823630619201287,3.628609309408998
60.174804623960569,2.7759502533849201,3.0826361395679918
59.82312214065805,4.0975162557612448,1.5590015033707838
59.239456716383195,3.7682446044263433,-2.4679501538038027
59.279556199518744,3.0857722624149502,-3.3971191884589369
60.062481075926627,-4.2863957156906327,0.90581439354746829
60.450125431646185,-0.58188134984678497,4.2856836885021217
60.315912415235744,-3.0085651141790719,-3.4405099346550978
59.394774432196115,-3.0147336906680082,-3.6333867907588124
60.154891733198461,-4.2566570184240842,-0.93317887214749773
60.39020464100598,0.94814991026871032,4.6485211888087523
59.773098705276723,-1.8295527552571824,3.8062854205271179
60.01517563206616,-3.6999982714128681,-1.0444706131171719
59.658419355691194,-0.72481081247062173,-4.3570933705990624
59.094287456771404,-3.6765705664959181,-1.8288413699355814
59.713222533779529,-3.5086864632995964,-2.3451497008477986
60.287935504243642,1.2752176331402321,-3.7726520641204186
59.722463406207517,-3.125306737002834,-2.7799269221160476
59.111808889614863,-4.3697113059247563,-1.2575921513770378
59.781087419010099,2.3915296421839813,3.6817716393917084
60.641119743354409,-3.0766331211988751,-2.6463115091668805
60.49982172783541,2.8602037886943927,-3.1774372643117594
59.630558986585335,-4.4975763965821614,1.1528234085933673
59.061149396684755,1.5739339424466268,-3.7136401164470967
59.048975043167367,1.6740726755294442,-3.7352684282563313
59.82183371693889,-1.9856732336498366,-3.8904879286544385
60.403937035197657,1.8004734635061861,-3.9095935379246507
59.04835360693631,-3.149530817137189,3.0047032666876889
59.806968089098049,0.55755675174090735,4.23498941735137
59.516780653970109,-4.5719941968993103,-0.17432838972945036
59.153431487197274,0.4324692002081082,3.8310633521168254
60.534686611333484,-4.0602570152070925,-1.6271454316115803
59.205261955253263,-1.4320709752555221,4.0587741012142775
60.163317267884757,-3.868574492091335,-1.6038356600781762
59.940668663172623,-1.4061345774444582,3.8026444067665932
59.714592002732772,-3.6592315414654282,-1.1780695286694054
59.90432163376525,1.6144921160475032,4.2362913493072636
59.18797330992733,-3.8791851948805181,-2.161528569534314
60.490525098731645,-1.4243353898897801,3.843274690375361
59.415250436748288,2.9874692815649895,-2.6069115955690632
59.415071852305246,3.0226750668539686,3.0647847836187512
59.042803257577219,-2.7146854554047719,-3.2842563600523347
58.811735488515978,0.87098018502970376,-3.7567384594671793
59.261363414631191,3.6924601597982738,-2.1382002061742074
60.56046830941952,-0.11901825059782539,4.1727097804507896
59.277361489639091,-3.4450019423351921,-2.0102557882626209
59.369880740121374,-0.89742694944335,4.5361570752765727
60.144809365584841,-2.5177490414354873,-3.038035784765504
60.66560315521302,2.166397307334456,-3.8763891091794624
59.994761389984802,4.6152068255313781,-0.11189910107454183
60.446519902741208,1.9569888321473448,-4.1313929703761278
60.783649447279643,4.2901846645839363,0.82357915292224015
59.037595920098113,-4.0905633153426137,-1.0424390326450885
60.595741129494087,-0.75642108081332426,-4.2957693891455619
59.568796242103872,4.0298225155130787,1.256663359176043
60.003615362428526,3.2475794141739347,-2.9271387809682938
60.918499597375245,-4.1560095253342375,0.76903646147328297
59.788589045499172,3.9666972794528252,-2.0087069042981724
58.794015143282309,4.1318362464825622,0.39137289573479828
60.504919250397684,1.041445304856464,4.0762984622355001
59.014520348799614,-0.39143999737956159,-4.1587400824275553
59.267435868339177,-0.30607463553888076,4.108166514646677
60.53867563836522,-1.5873689299565021,4.0125940453493962
60.244800435481693,-2.4031597223000478,-3.2784212852114982
59.119895556145948,-2.8885084229573765,-1.8646541364994944
59.989447686735922,4.1027890787587333,-0.070398733317218562
60.856026657727526,3.4265379955446966,-2.3472492075299516
59.254490722793676,-2.8711817446006989,-3.1188830681235467
59.560831718906421,2.826141411445712,-3.2883378616586252
60.718451381590192,-2.6982253363163426,-3.3555399724440558
59.999295718550066,3.8357567952061475,-1.4973392475015914
59.921536163533666,4.1870094331777787,0.7684877498187147
59.448413230597879,-3.0915890134850259,-2.8264337789109693
60.224337495692403,-3.9327152583232619,-2.3385933256559586
60.525866581743628,3.8922749268668961,2.317033241005833
60.007627984549934,4.0463146666854222,-1.3159051775715032
59.864814152621875,2.635304731688032,3.3341419426915295
60.633055481776324,-2.6346624741730831,-2.5693042466831293
59.056945024782372,-0.33472950504306803,-4.1637124176758409
59.055537615586744,-1.6077153630020691,3.9059919292467087
59.00747210392533,-4.1103180042337062,0.017445014659412096
58.869930672432425,3.856313646551718,3.3930294052926162
59.527107820072708,-4.5492426068149241,0.066804740716134361
59.48855859347988,0.096096711406450597,-3.5256691735774668
60.03209282537378,3.3006642424568082,-2.2042365969118882
60.301393433132077,3.5245131070044549,2.8919249641968343
60.000729184626998,0.040767129220919206,-4.6335539802423016
60.031187259690945,-0.1779504319566701,-4.809121485959686
59.256994461146157,-1.8425555953227983,3.7832971456151898
60.616326326033779,1.3044708672154564,4.0343908335907974
59.718212187255951,3.5894765677828522,2.2538627440405934
58.88001574919997,2.0623927411909819,3.8695662217130922
59.582240763179058,-2.2053870498930683,-3.9642792210404108
59.916440952709287,4.1120395318095078,-0.058052874585360688
58.815229782913804,3.5723916255156962,2.1067665148397405
60.171076238489043,-4.4810690314187651,1.1015555692017864
59.802999091080395,-4.1469562621435987,0.47062300576629074
59.547290549604902,1.6891414121086317,3.6823911089276105
58.839236659438107,-2.4134157573772499,-3.0665809022096862
58.975826165287309,-2.8413865889332341,2.5012276203407766
59.21328690967988,4.741827938569223,0.1076524058466735
59.457499041999796,-3.6320057730201354,-2.6873089706951836
59.945519080842914,2.0796428507777609,3.8591888120142728
59.27196292038861,4.367296968874375,0.29906895104427422
59.370376409786175,2.924047399106394,2.4222088793153445
60.644936246509545,1.2934996239414516,-4.2440116000686814
59.113035949833616,-0.33731053722690391,-4.6468337669760498
59.470336402520303,0.43579086536919298,-4.1908991800430151
59.121899367220763,2.4691803252244124,-3.3795596945164128
60.602145102614394,0.64591296282747224,4.3692844034067519
60.642107136116451,-4.2759740780471116,-1.6062470803893136
59.464831000804516,0.40630428100073834,3.8714563955007133
60.751275730049464,-1.4051202516163483,4.1209236505721352
60.730384192390176,3.683279571587168,-2.112920422896976
60.335490016050393,4.2294409135521214,-0.090358040393138897
60.21261520899612,1.5729666754016574,4.3019441549924311
59.765920510938479,3.1645768901947915,3.1043779260554021
60.119932343830477,4.2943558296718667,0.031194193727110096
60.527783438961698,-3.8296363323243305,2.3636367469562636
59.787642328489063,-4.3360205242430707,0.79758887018001878
59.878630898639209,-0.099974102290602926,4.4120539883241721
58.818503611710277,3.4349611419930755,-1.7245890046074817
59.920650769251466,-0.51036924032033393,4.0601826957658256
59.727927454468379,0.45087632691251017,4.5363284388597895
60.134766264772942,3.1574063362937004,-3.2507507242481597
59.466328510083308,3.8913189102124037,1.1808746846428226
59.615701934918782,4.0329088859251865,0.12799394567850292
59.773418499901624,-4.4771128363528705,-0.26435625848851818
59.476420070105355,0.50078661056176355,-3.7066376226803466
59.367749199638723,-2.3645104288911711,-1.984550723720681
60.627280989630556,4.4486809818187956,-0.17381438406591698
59.235490575187569,-1.6617763710652413,3.9432850793888443
60.453250580223504,-0.97216346043973578,4.1212668415059595
60.217082306057911,-4.3213545140099869,-0.23494155374018097
60.510560591276679,-3.5199995447494818,-1.5307549677899903
59.178384137594847,1.3678368702664332,3.7681334080031959
59.47352083180899,-4.2086849720775898,0.12547675329027494
59.885205085429888,-4.3305947012985406,-1.6384982763974152
60.556790864387587,-3.8064594952719344,1.432911337486213
60.243072896703246,-2.9169949776459236,-3.3844603910878304
59.271347299093229,3.2448033358328456,-2.5345862006096982
59.382208095086973,3.4298610001560768,2.5821213254475786
60.417017041295672,-3.5204097374930226,2.019070397833663
59.551146375039252,-4.2731229807754323,0.18861207530844518
60.603734267844906,1.0111153176348548,3.9999734159856355
60.30370094536049,3.632466685101686,2.5172054900483247
59.489936123852473,3.7901012443958364,-0.79617131170633637
59.323748844687287,-2.8102337694078865,3.5159837533506844
60.310106284251972,4.4047481654096181,-0.14245169657155762
59.372781844436048,1.0634158872806081,4.1315749827926611
60.643971401478652,4.311259349737079,-0.59964423104527198
60.004604011353628,1.6817677250356333,3.9652529310127504
59.066189614628165,1.8807935858274576,-4.2866818580447905
60.328997093053523,3.8172685693704422,1.7608311323340942
59.528565929379141,-4.2381341746053733,1.4932122062518671
59.711205875620408,0.58485860709502702,4.2011136000510261
60.419424819752592,4.2067166382919909,-0.83343661277781156
60.550172067524635,-2.3128524588061601,-3.721188427715874
60.245365813289986,-4.0964953393867525,-1.0991934242566714
59.254925242303727,3.9058635942905831,-1.4009161695423269
59.622663537506909,-4.0556507371999038,1.2998697245958779
59.338769619490805,-3.8444787617442642,1.2911343759145288
60.426807575440421,3.4068105233816781,2.5802126449786833
60.377415678025287,0.84619070717854639,-4.3382672178912509
60.487808397907706,3.8179782836184306,0.34170856923396059
60.171040670972666,-4.5123942567695527,0.78405369128666591
60.613217330325902,4.0147961774994627,1.3822878744002218
60.120758307754286,2.5218106956630173,3.3787431469217717
59.571468823023508,0.25526218612690971,-4.3299756235173534
60.494033553217172,-2.9331935263768454,3.3932912927327008
60.445068305294697,-3.5907243556086912,2.953652934951255
59.253985227895342,-0.43732720198100988,4.1454390542413169
59.285005085895769,-0.83751081924126303,-3.996881634594347
60.532811693132523,1.3334692022603163,4.4801749017992067
59.344221656949294,-3.3455084490961791,2.4521175317642125
59.975243009593285,1.8106602443919289,4.2749422793348062
60.098632634460316,4.6799568765075303,0.18284114174588253
60.232434305368407,-2.2601161117595829,3.7758097606198064
59.969792868656853,-3.8077303609917914,2.3231197115611764
60.25923462776742,4.1858533052880507,0.38402869548995772
60.493516485672906,3.4084219283109243,-2.1202705148031109
60.225556109612128,3.5605852925364361,-2.1231851127950874
59.494780543069915,2.8386455082649635,-3.1236743527286679
59.355340408797453,3.9514977889772975,-0.67196113051285822
59.458349572384556,-3.8095928739778886,1.251998105223
58.978365902406722,0.89405518683788976,-4.0260326596351899
59.14192164509236,-3.0060743805972665,2.8996845100091146
60.659861178736683,3.8366188054099366,1.1551874554502697
58.960059018879136,-0.61616148771622992,4.4268839208400719
59.353313564253796,-4.9678536611823327,0.32393221853340792
60.18421416182143,-4.2838561693769801,1.5949151022710037
59.843564152215258,3.3752770573439363,-2.2726363495480064
59.588103711157736,-1.2759643522886097,-4.3666831481008392
60.602682455841546,0.71844460545312083,4.3484403254793706
59.369539736132722,-4.44553105884538,0.22184217906975076
59.336661034228619,3.4463481670380003,1.9379392565798792
60.117892754557623,-1.7350595181795607,3.7270937604968077
60.087882129401216,-4.2957530568207511,0.21274262695285356
59.976273246939087,-1.9857237159457539,3.3378077608699344
59.797623271139095,-3.6600307948317123,-2.1441861103100832
60.34631925834325,-3.7994005934385418,-0.48922174646511701
60.511152971171782,4.1217321709501009,-1.5543940189259469
59.389812832740468,3.4115200247799007,-2.4261554124224212
59.008382201773955,-3.7257753549689441,-0.23782362847775845
60.674551764954884,-1.5334734672212627,3.7648889093079427
60.050719910601835,4.5764771699012696,-0.70557496593145241
60.77320518081607,-1.4039308102125481,-3.7056078079983834
59.51932246096495,-3.8983008736253044,1.9474458717642396
60.176247754230786,4.005449215278154,-0.74504123728608995
59.835164545360691,-2.1793213547813228,2.8205451493111835
60.10163806719887,-0.30883875948926004,-4.4436432107275738
59.727626875111575,-4.3793275570060777,0.50551683611196663
60.292733062913435,4.1223807617344352,-1.0368603892478865
60.2449795293305,3.432839815323212,2.7916780287027625
60.293861553036592,0.56102342401357774,4.4681546575281166
60.021010646473485,-3.4724261959312717,2.3346192587254917
60.266499286779826,2.0144041339414929,-4.2110478080851212
60.443546202134499,-1.3869013138108688,4.1142888066143533
59.453866466757795,-1.9099082027484235,3.2745807468937982
59.951536623404699,3.79445778193285,-1.8253843961099792
59.134604107753866,-2.9347513660451434,2.7707986578952792
59.062640288808744,3.6493944501734035,1.5454711710330487
59.03719353698925,3.8777151957622413,-2.1748573778494098
60.114303022275294,-0.77281066786426389,-4.4557018454123281
60.238126972696946,-1.1492989558526119,-4.0638790207940927
59.949479451870786,3.925570016400036,-1.3420796193954034
59.649132874535574,-3.9219971261846354,2.6228999399956994
60.773054034470995,0.3352462098963207,-4.5338888262938877
59.145709810820563,-0.25095189017857517,4.2669226104801616
59.524186649883774,-0.59634890986657751,-4.4201207450032696
59.440131438043544,-3.9888350669996946,0.42228656786550056
59.083742746285381,-2.9751100606121397,2.7521085949158017
58.923562045014108,3.1204678380055664,-2.8751864856128426
59.735281950418724,3.1651148471858881,-3.4552031455442314
60.577767448089482,0.25883354555744048,4.6483047640185475
58.892814980429478,4.1883668816955826,2.6839012694912086
60.087308532831756,3.9749210097578187,0.56188373663484059
60.369175886903378,3.4695785578594638,2.0780355029893745
60.3047315391645,-1.3662673761027191,-4.3242924729058698
59.906171197825827,-3.4605967526789274,-2.9785810804251636
60.406156045102172,-1.7513461595136197,3.9620890378353062
59.279796021356681,4.0193065956426128,-1.7778097938012192
59.64371211461205,3.3761353796259952,-0.94806159798856326
59.257122072359756,4.3424057585652189,1.6156035518862186
59.221552658972755,2.2297146664889431,3.6172886249577867
60.576799751286941,-3.0694108531356195,3.4306546101435131
59.055505289479946,-3.7554542307937537,-2.0169897399165162
60.723171665185667,0.94563675049358342,-3.9239774356778998
59.803746278720169,3.7378544781595702,0.5396345407969696
60.731130580754019,-0.59599138791620832,-4.1111361420882782
59.488323305701655,3.9054119268094123,-1.819321659523393
58.996755864067687,-4.0201621056225463,-1.1720356051608196
60.019335783912844,1.4759105670996993,-4.1814427723226908
59.759425387772552,-0.25607612809629754,3.9664339423013177
59.70483465221897,4.2089674289583243,-0.47647628743691811
59.01044781883283,-3.1656879971648619,-2.7434953172478687
58.899019686863966,-4.0116078590253057,-1.5224178838407063
59.914535210274153,2.4622044946675645,-3.5022474276295363
59.86468232832695,4.3016181172710999,1.351988445403661
60.011677205641625,-2.1186162975143223,3.8923526344980415
59.439366334868673,-0.10889629979168929,3.7023346098022807
60.05418348155839,-3.6058347962203516,-2.3247734770402806
60.74240178457655,-0.85120878314390358,4.1821033486222055
59.579751069539945,-0.94444046133902204,4.0191904177356159
59.844035585269523,-3.8723610545150282,1.2983417678089824
60.455272489275671,4.1433409921952862,1.0253561375784226
60.560107248270512,-0.13371275508650862,-4.5502314465340117
60.597462512564178,1.7142737176292744,3.5033402049573623
60.364457774336792,-2.0114694119240051,3.7331545146496614
59.171466977253203,-3.4475745462893079,-2.6348251017083983
58.925627253854508,0.77072562225156982,4.1518877668208969
59.266514415247585,4.4286359606639145,-1.5297295648992895
59.779625531209163,-3.7483022096908183,1.5645392025267162
59.163212214271795,1.1271863301941729,-4.1796660347971208
60.597435498718248,-0.3371977407665207,-4.6031655488282617
60.03472179640805,3.3037711879820733,2.9520577822852898
60.66972707977768,-2.1714470996670685,-3.7813875283990876
60.492555166945507,2.18053561098422,3.5825512852800996
59.891722259496213,-4.0165627887258371,-1.8344763789725698
59.313105196280901,2.4935704133689911,3.1085683749621906
59.545555695299093,3.9948560399237323,-2.0545918790640241
59.896339518818174,2.524073555400832,3.4360095136131066
58.913475866407019,3.9314009284835607,-1.451281501677977
60.319043023214114,3.5673201358541147,2.4245179813831874
59.458427975139216,1.6995820864655653,3.6269228982118236
59.107667626525647,-1.0007514563507871,-3.9329199904157961
60.097933644048474,0.37485137317112244,-5.0860489223549052
59.408546988147307,-3.7969648963234648,-1.134988258387909
59.231139835030781,3.2582309624933701,-2.185633524694532
60.023018222226561,2.5110273867205875,-3.6803223168860324
59.04089447363684,-3.8961477852145174,2.0255223451042297
60.369406585956185,-2.4866675575364523,-3.3797238491765569
60.533293433537033,3.6727786313979625,1.9625795983833956
60.737463478999885,3.351370768281619,1.7930607169696928
59.009566933675309,1.4390605220335417,-4.246677506589327
59.093624221481925,-1.1228682518236255,4.1736369371048356
60.552711436413077,-4.3374477567471272,-1.0874601939110422
59.078416844248643,-3.8888369873147468,-1.4122994867700156
59.279827400897112,-3.9054278395153856,-1.9436241989097058
60.516303411013183,-4.3584358658251814,-1.850240540721066
60.499034501090193,-4.2941639684732893,0.82780831890637274
60.546427927739046,-3.1942075810099975,3.04100993332978
60.341272844761981,4.0122567193077865,-0.79203976422541056
59.984114314265874,-1.0662097490602316,-4.0641193719076218
59.62637530203331,-1.1909891084332767,3.8458499134005812
60.481108857327939,3.7720844007379313,0.5651503630733985
60.191948876670082,-0.76079202910902088,4.3026819961302047
59.533652868508618,2.9539297500375974,2.7933129980375004
59.432441992516743,-3.387866964601959,3.3485184116887883
59.833576776248456,-0.87856339210473644,-4.1949875893513928
59.10320909140146,-3.6825436711937631,2.2398171592848444
60.121927142804083,1.7784411424306186,-4.1794233127430793
59.056089683647151,4.2298033223288645,-0.44209303080538254
59.568558448206346,1.5635948763562129,-4.1421778785846293
60.079106023142529,4.1731369976492489,-2.0189680015390441
60.335752053553939,-2.4411246799657031,-3.3186437933977926
58.977038307767728,0.41732506753702464,-4.5827050718282409
60.147335957176885,-2.7904835437999265,3.2911521408678261
60.580012937921154,4.1772188175240599,1.1441085595103981
60.60585330475844,-3.7966156573595287,1.38095506666292
60.221785024378597,-1.9143442204871488,4.1688761833533139
60.249779611147765,-2.3135255391935301,-3.7226269791583158
59.291633192816519,0.94722049311756229,3.9582727208222885
60.785534637169512,1.1308172290080916,-4.1625662170267734
60.385447114638112,2.5496491789612494,-3.6690673968830816
59.935226846627394,2.5356946083032748,2.8603171565266359
59.210043057927386,-4.1203387218590564,-1.2559414045809112
59.587931262537801,-0.60718772005984989,4.5380645249308307
59.970238593582941,3.0854084761407905,2.7733553127726123
59.086884942572269,-2.8868687979357448,-3.0166045625470677
60.705720584066619,3.9168637413390828,-1.7915557059864726
59.621636587422906,-2.6869591535913986,3.0706794478081103
59.852803951067663,-3.4378779830010773,-3.1900260974913381
59.246200733841562,-4.2628018553995544,-1.0462192280207774
59.112568962929828,-1.4885363600847512,4.3529436905912666
60.372624296683654,4.3374829416572132,-0.89523422268593444
59.988439348580421,4.0365713243732229,1.2069069754795385
59.662902553218849,3.453334772894137,1.6693110453578208
60.013673783928709,-2.8657947412973921,-2.9562676475674756
60.213823715476828,2.8242713296117388,-5.0677640180581687
59.784098250043044,3.6285421261159305,-2.0090801946874204
60.20130512632791,-0.28387510896243229,-4.137244948223084
60.166685386871457,2.5005226069081736,2.8167991284335603
60.466969022695345,-3.3182681562505763,-2.6116693216030282
60.435592972554254,-1.3570799267969382,3.9686075422576104
60.123512273138701,1.8201212315221886,3.9724158677868582
60.409448921395168,4.1070891302857513,-1.2525646189300061
60.609802686268154,3.0395270612617815,-3.3136296744168416
59.311534201517958,-1.7837054180206515,3.5923309193017725
59.254229128357402,3.8599413148334283,1.3574564145467258
60.426769589535262,-2.4225263845063312,3.3762942721123035
60.311212279243804,3.8428238248606141,2.504146226859715
60.232005096466551,1.2460432204241458,4.0292527821113566
60.464508229935326,3.1561269801334597,2.9723996568280842
59.923958352659383,1.1260706667421869,-4.1635664792858078
59.335775831798905,-3.5376202297971253,3.0969144645261957
59.041461290634352,-3.9804106397357168,-1.7789264836694969
60.51748566263155,-1.4867109451061797,4.1861404379003488
59.419829239838428,1.6353979211710368,4.327997161492112
59.580822104926355,-0.72197000942027889,4.0907827116100464
60.488826735042579,4.4480298219972827,0.19813569197693942
59.599124876487849,-0.97214329767617014,4.1830159558726159
59.174055853728603,1.7535512869602634,4.0032905588241707
59.706084553344134,2.4269501928296036,3.4119632778033542
59.360621919370104,-3.4021860971726241,3.0293845839505829
60.459177203947185,-2.9038506335605221,3.2082919944776371
59.704622457918575,-4.2586669128176657,-0.46752470951214531
60.031504991308992,-4.0282539847902132,-1.8881707948816657
59.035835552434129,3.2827012201065271,-2.6977967206156594
59.473321723227698,3.7066387481749015,-1.5315979695788253
59.83384827749115,1.5925600280866397,-4.0578292968901959
59.47411446776627,3.273940823846456,3.0825786027804067
58.804888742502833,3.9917952618780772,-1.4981291351618078
59.351646655501256,-3.5054922830444974,-2.8175741517848136
60.450210674253242,-1.0949758240940703,4.2552703957515279
60.082577568345116,3.365925021586083,2.7055779342782382
59.799785318091658,1.3960049205410212,-3.8208692459686864
60.508936159134926,-3.5920285791430708,-2.8208788141739416
60.011157155387416,-1.2706209873500518,-3.8876852132559465
59.71726940528368,-4.0933472687892793,1.0830304225710918
58.916902703841288,4.3329393626248898,1.5589676253874338
60.208251990379416,4.921204393061652,-0.76030288559453341
59.159386614708318,-0.63821214766517431,-4.7689976600166295
60.229993419363701,-4.1120177415961816,1.5524660427031913
60.202129123121125,0.065162514001559174,4.2058633046898226
60.140858171212386,4.1228247102569053,0.42919187057643987
58.993788912704247,3.732159591982283,-1.2476075985505786
59.513144860230909,2.3177170427540346,-3.9285280809998704
58.750668551414186,-0.47825756463152519,-4.5492928989694557
59.581027366879418,-3.6562484949568597,-2.3572965326287583
59.642224341028545,-4.15629683788001,0.6418658184182584
59.500736558690967,-2.1791522518099162,-2.3319830608139345
60.496889067853601,-4.1732512095970771,1.0837238446285056
59.433869576157136,2.6372381175360737,2.8379013395967223
60.498459736859282,-1.5031545513804876,3.6526278095392906
60.590584606848019,3.940859721491575,-1.2367199298416143
59.398164532801147,-2.7819799739731139,-3.3744540208047589
60.64243837849456,-4.1207166574348832,1.6236980661010485
59.03077016037264,-3.5728712592513783,-2.0926446415747568
59.539729607423453,0.58340560698090749,-3.922661417107177
59.169789088581574,-3.9361485848864053,2.0285460297515994
59.854026011070786,4.1828367311244419,-1.4245377364121281
59.58784244014803,2.2468426915852024,3.2418453395356646
60.34111573380585,0.39615088606550547,4.2490703580684492
59.637326386024903,-1.8419705461775981,3.7112619991523332
59.106538762486352,0.98463193447476582,3.4894841572691742
59.495278514496292,0.34071126924510031,-4.3904556652747662
59.434769089179028,-0.5068636586600791,-4.2001596389574312
58.951478348420402,3.0943681702638219,-2.7567864551064116
58.947826745557258,4.3661879431850412,-0.55207159154544005
58.964656723185513,3.205949674841102,3.0836571660977015
60.618246970420536,-0.79326668203236361,-4.0171885178971438
60.26451347506881,-3.3716480612363866,3.036496810079254
60.21863539316081,4.017444247766897,-1.0238906859327237
60.461845278224985,-4.4481507355015184,-1.1995475291845525
60.585931683389155,2.0547958210185633,-3.9668074449457862
59.23492299371906,3.6655464221531036,-2.55919379762602
59.444561196613279,-4.11460705426357,0.0066460105326819497
59.713251872478175,-4.2910657795396387,-0.89863938968007995
60.284724516478363,2.9243717386510268,-3.490741486459338
59.78832993604442,0.24620861622480864,-3.9870884480121438
59.056341303575657,-3.2212894183722143,-3.286543163253119
58.923805378317276,-1.5843529767025566,3.865643061867206
60.626552085897195,3.9308319309875897,1.9035535302484787
59.564147902196325,-4.1793554726320234,1.3871002369494085
59.770230534796241,3.6049711075361923,-1.9440392781706282
59.904690814193657,4.5583848015973301,-0.20139803035452655
59.343287300945256,-1.6405078290706203,3.9039300695739114
59.835939114141688,4.004004736603096,1.1033873450515186
59.164458703265346,0.71787567091895699,-4.7151297786591559
60.605554441844504,-4.229022215053134,-1.066226486315194
60.292577332292225,2.708196003433565,2.9560388257737005
59.341305926375391,-0.16888770030037425,4.3821158277697085
59.025652366527581,3.9738437106197591,1.6949341483787956
59.327716824813976,-2.8433288706834743,3.1572590793647493
59.94544764800392,-4.2652667124053583,0.011174884673551549
59.860542496179939,3.2159682979451638,2.491819597201312
60.568148660840329,3.0353098936109428,-3.5055807366367757
60.575535281460972,4.0155711217759542,0.85721687061800422
59.825528619445613,1.4273607186052841,-4.2753772961319783
59.96579981204048,-1.580416630770356,-4.318996136028793
59.272852409951717,-3.2764897117460543,-2.4589241281826721
59.041620492281432,-1.0705048803522323,4.2263314867234962
59.286598974530733,3.0116306338340704,-2.736169018496887
60.751993404820709,-3.5864187233366076,2.2231684194784247
60.21887274532105,1.7560500113647735,-3.9995896470652661
58.985110688587277,3.9025369844434978,-0.19915733163925856
60.158938629284862,-3.9069288162570412,-1.3072506735210234
59.822514960963083,2.9975256557840813,-2.6171871052957076
60.663274737584281,0.7901260169134221,-4.068732824978869
60.094122341704484,4.4238546442720699,0.23781622121478094
59.556596517742776,-3.10498396231965,-3.2073444920435739
60.680402737623069,-1.3823484742023635,3.7103284297393415
59.544084346036051,-2.8651294096007769,3.0011865160513085
59.105088498719411,-1.1975498207560289,-4.2408477470800054
60.78186017916984,-3.7045472159426609,-2.3187206854098257
60.291710639393116,-1.6094874337896528,-3.8833321269028098
60.415723798406724,-2.1202191774430332,3.9360597986908092
58.922317808542765,-3.5966274504893128,0.89024624203263159
58.819032275644886,-3.963199311841934,-1.6675191349097664
60.601804983368517,4.412195928229016,-0.98632885093810085
58.992556246986183,-0.47013171348421151,3.9853256358857352
59.420471797205067,3.4964750793509847,-2.2849911350934988
60.032038967970038,0.39543619956612092,-4.8935891079558429
59.844304905985076,-3.8201686338072385,-0.55690410090027931
60.498112766936764,-2.7673258098811599,3.6391498736610379
60.412195018025727,4.2217228066530321,-1.4531619158061271
59.129847415574758,-2.6795154839192392,2.816242656585294
59.943057665997586,-3.744433328656227,-2.6237714192921677
59.081521579492076,-3.8416569006225507,0.44767456869525352
60.43502408544402,-1.2019196624663504,-4.413004098653353
60.378206903793618,1.7813072863516501,3.6678799050679571
60.000810467734141,3.5819338442061435,2.1111292511832902
59.902480609457754,3.3709662586622766,-0.85818166957793462
60.520868319393664,3.5988848251096641,-2.7323045757712676
59.484683285124838,-4.082938707910829,-0.60704001967597487
60.060632746806277,4.0190936265075647,-2.2092113358913195
59.711478363724325,-4.1307679066924372,1.0130468026810586
60.257511419572019,4.1453408238668485,0.68170040425372058
59.217119745855172,2.2192879661591887,-3.300811331930555
59.713062306549347,0.56775918460124364,5.0245750282869182
59.405605657968188,0.073853846734997244,4.1387759050881225
60.22566545191922,-3.7321322212039338,2.1888003461790828
60.643452129234873,4.6754376182221939,0.36313231388355333
60.121600668090736,-3.9873973041356949,0.6660634453358858
59.396153566260878,-3.7477157153394876,0.78866878927688067
60.29031947064734,2.6679523369157816,2.9642315823729204
59.906130528600713,-3.9014078387268345,1.9596257041674978
59.070870814820303,1.5101066872662445,-3.7106967459025832
60.537682208072702,2.5939332991842434,3.2455699550594819
59.045780126226404,-3.3789905096110964,-2.9936168401494054
59.318108958666656,0.15956680221895231,4.3226700377765788
59.960200038686288,3.1367856082206869,1.1966241824152923
60.095456544623161,-4.0869290063717276,1.7515341447498576
60.307136826782354,-2.7935707377133303,3.3477388748803283
59.495860288309245,-4.0124150402803629,1.5650804631951685
60.023381179085035,-2.8499882607722378,3.122205591023111
59.585241803688575,-2.5339345403146414,-2.8875742980085044
59.560721983684964,2.0293158724514675,-3.2879414171767705
58.925895450226761,3.2689799426155388,-2.9975173213282482
60.732243019087235,-1.4804309790924801,4.0391230711018125
59.614745150063719,-3.7298808398758068,1.5959311993365755
59.299660361125447,1.4134644263350034,4.0018054234188165
59.574461409341886,1.8896502249693297,-3.9694823397285197
58.82481234174525,3.4207346583317721,2.4120101473475346
59.301693215211792,-4.5022493885979928,0.78087308335887295
59.485916953906241,4.1411774643321682,0.82327071278894404
60.141617063926276,0.80138661358635721,4.5348442057798444
59.65975575434134,3.1112416552900339,-2.854280221044319
59.11284343392493,3.9502199815008723,0.69432885968937708
59.514738992212486,-2.1013970678186928,-3.8398175170823792
59.893452993046353,3.6822897109947195,-2.4182667371481004
60.21478050636199,-4.1454547997383493,0.091578190294851744
59.621658299667082,-2.5581789194419331,-3.5779223198072891
59.522925611515973,-1.9623213716875931,-3.6225385855680265
60.204709390266835,-4.0995340907006437,-1.0992038811266927
59.976846770750676,-4.0885120880908268,1.1294169170279849
60.399397389373753,3.378833096178119,2.2796492925495255
58.912546146828063,3.9100813909637053,-1.0611308501680277
59.276590515522344,-4.0162719941549678,-0.94979115142909487
59.798757920335341,2.6887479002910295,-3.2591515329529943
59.554087588466899,-0.25837670277705543,4.0192915368600994
59.630603146065361,4.2102546263995961,-0.087747924473357192
58.919268119921249,-4.307762681236361,-1.7231331827249539
60.045506655957475,-4.4776779276318637,-1.2244200007331518
60.688388066814554,-4.4232866308451646,1.2689527114989581
60.264507437476333,-2.6979594047616815,-3.2623305010255685
60.000186044854352,-4.2011694853568073,1.2463685559271747
59.205210038911801,1.0381312028120502,3.7987719644620341
58.987295223230696,2.7574672332109493,-3.0822469843289908
60.404973139164028,-3.3433016868333856,-3.2351099647001762
60.012922995277442,3.2628109707748423,-2.503300274349054
60.210185913504574,-3.174355692330423,-2.2630299187378173
58.731900246857897,1.4826276683036423,-4.4604045070614378
60.381177726283475,-1.4412435794587715,-4.0488788213035338
59.882554866485442,-3.8660309333071479,-2.0898854291938336
59.620349701814362,-2.9899277446304278,3.0892051202067385
60.375080650693789,-3.8431561035141208,2.5543343061673616
60.186062559749473,0.38898672479385926,-4.4971526701064439
60.561773915828226,-4.1971898266517682,-1.2814451968204501
59.61963053570026,-1.2846511036651647,3.6529291754708928
60.690801182852937,-0.57097059645948078,4.5145394614029222
60.378358075717578,0.47095912563286652,4.3291482641775039
60.306483462499038,-3.7332780688400948,-2.1798933254210846
59.418119311288081,4.2763810132474021,0.76716171252493903
60.559773871201926,0.24334841120654624,4.1565778097531902
59.206617934219324,-2.5162750636715514,-3.6934948616591128
60.081735402135855,-4.1242373872813234,1.7083410188075703
60.670511495465746,2.798836947312942,-3.0356040746824631
60.467861408614525,0.67996000812234558,-4.4371853292529764
59.692544606469859,-3.8541013150997299,-1.5647944220677663
60.559591855781832,-2.9359919437031214,3.3386756564469739
59.88893019658736,3.3973115473337714,-2.2802635027021485
58.751753602052695,-0.043973399672453596,-4.1903075518904149
60.023563065025193,0.96351076601132946,-3.9763849417521353
59.984335072282029,-4.2729768692081302,2.2084536549506133
59.418264929693436,3.9814082743702937,-1.6136489765264821
59.233598682536091,4.0572548873847492,-0.49442415793201788
60.308136966635139,-3.1539915701298549,-3.1397404863499463
60.224635932598567,-0.93813527414179121,4.1788138957968881
60.020902902411954,2.3978842350437435,-3.6215942250683257
60.450349305485936,4.2600122896784081,-0.44243303116487714
59.920388020387044,-0.4118876867539093,3.9719508645766677
59.788736675662712,2.9205940884367347,1.3001335014573994
60.128235336770132,-2.2849311981979472,-2.5146458177733395
60.172510380403438,-3.6877149954141042,5.1995710435022424
59.34794000165688,-3.4228493870952081,-2.1446232081719088
60.237625339453402,-4.079952694474497,-0.72626206545928407
59.706079731166987,-2.6733749230560453,2.8324821783459546
59.51410614047947,4.4689893021322149,0.37342641595397935
59.348118870777689,-3.814379116260771,2.6657999870477811
59.876246178795363,1.6561328145332561,4.4440907758202641
60.130631319342847,-2.6958439626096853,-3.0899198502227296
59.391363459269606,3.8854707670367317,1.9299719023792925
60.206867068173672,-1.74269426117364,4.2970050320621862
60.200529309620656,-3.6033922641084395,-2.7416247454962508
59.407847857667797,-1.3106746403564624,-3.9618176923165471
60.912483862959455,3.2504982165710223,-2.5810089010787185
60.007598145531603,-2.6248960191527724,-3.1771950193281202
59.171472741526173,-3.9037558348606618,-2.4914657673727634
59.409300296169974,3.7907830849898065,-1.816801033532758
60.042170790746781,1.2115927769443682,4.1717448116561799
60.198382582121269,0.89404748076838303,-4.4554810368423636
59.356433939938036,-4.404020953170428,0.087585716237037925
59.010419124102675,3.8697981632107501,-1.2737773703732669
60.175521930312094,-3.6872757261143425,-1.3053992641456795
60.392654368135972,4.0308527117289881,-1.2507557692287621
60.463096570834132,-2.9454050305979158,-2.6606940474811829
59.27898156478949,-3.7920098510463411,1.0307594180690365
59.895890567750527,3.7591237108877049,-2.265182363318849
59.956131092864489,0.8409641334724588,-4.2871178700583945
59.532588110716979,0.13288132236278116,4.0325870227051901
60.439367224268537,2.1562810179106773,-3.3841805755454146
59.80064361555069,-3.2978799234401643,2.7982901080789282
60.75309956336443,1.2505825689971717,4.6710510402516325
59.730330775977073,-0.92069975661351589,-3.9899265363466547
59.754717695787242,-3.640880937314106,2.0918449978089035
60.597794133945058,3.8521014521097836,-0.54808723356800959
60.532572921073488,2.4706660360457482,3.5616269374174481
59.732464932253507,-4.1254670616035174,0.75443713759199249
60.60515600983468,-0.20076571040047539,3.9503853127558628
60.114996831148581,4.1251894298515124,1.1038321096549331
60.791767869179495,3.9774246198516425,1.197595229881135
60.564689332528779,3.9185310063360932,-2.0727219750165911
59.724880341542736,-3.8263838792224911,2.4581836788439175
59.552929786821387,-1.4877181004647222,-4.0486406390042369
59.870462409409058,-4.2141807012969794,-1.5935055605376178
59.633386356900502,3.7333284374463065,-2.4293663974665849
59.529637409934836,-4.5863050370185645,1.0715986195196481
60.795063137903377,4.2613099041608278,0.34218968553675139
58.754967111339916,-3.8195912267733476,1.7516530610812
60.246994537644149,1.0479001045193672,-4.107083286334519
58.887574665115849,-0.57005606145125831,4.4379268807298509
59.120045082065985,3.2072900411813103,-2.7141741464124496
59.776774355398025,-2.2541394952379497,4.0087437719972314
59.714098245736359,1.8436715253005844,4.641490245728308
59.611646671547057,1.19325099428055,3.9817459811400018
59.461749238770359,-0.25609746917336607,-3.8655394693891734
59.171078701914773,1.0318607890919287,-4.1784736362885884
59.735883120337377,4.1838440167333868,-0.56256508475492673
60.850799281543146,1.807337067259752,3.8156661477523484
59.543349703451945,-1.2537435000757902,-3.618948950517348
60.74211459400945,1.9853708324719339,3.8910844561075817
59.236906285949921,2.8786017352778845,-3.0955837593616051
60.300123120794737,4.0017701498415637,-1.825680968496165
59.653800560993886,-3.7701563613219249,2.832603529682352
60.092093912297173,0.53795179826810458,-4.3827339878817035
59.365902661151104,-4.326744042792309,0.26831114036732973
58.988693614369744,-3.303369792951075,0.82636365294993197
58.94741712125002,2.6251446662058666,-2.9427604231397133
60.332683045036525,3.33004055079406,3.1512814897217618
59.617772650085008,4.5527903574846587,-0.11071792417552655
59.718160014431412,-2.2726852490873437,4.1390756818683991
59.742574417697718,-4.219412466079647,1.3483988051997196
59.072367809718315,-3.7135953221288416,-1.6040315113888846
60.34936044192775,3.9513228200986275,-1.9404957654800581
59.777207769673531,0.75040198362268351,4.2726159803301469
59.02151080212419,-0.7533254463652157,-4.7050567344834402
59.126089210245318,-4.0371674372290771,0.9206436526363363
59.364879747607745,4.436112081624846,-0.013623091971277687
59.712140477810145,-2.4341259017544052,3.6171169651061268
58.874446300314951,-2.7164270030649011,-3.4962386151372749
59.136879172949037,-0.54900884844881515,-4.0663078163440716
59.117686240792167,0.17971671735205341,4.2331041064655199
58.777999631351399,3.9808228596149666,-0.18351393640719985
60.393399518166483,-4.4396755181827858,0.26980699939989367
59.822494024805373,3.5409998288354281,-2.148361992143355
60.211870063665195,-0.6451120660105123,-3.9966408670843236
60.166580642132033,3.9312060044267092,1.0274110361342712
60.43204849537009,-4.0700948839293245,-1.4800981641273117
60.181073863118236,2.3351974109793399,3.4941997151624067
59.144212281224895,-4.5723267197783128,-0.37414795745479218
60.395544365205367,-1.7434487837227794,-4.1109252542739378
59.069803967467472,0.98016369580735696,4.3062807384415418
59.417594257901172,4.519652983953157,-0.39909841408033475
59.814392227196613,-4.0076421069208488,-1.2913972057029828
59.798890466269704,3.7550821943057389,-1.7557279874159528
59.320338011501235,-1.0390876001699445,-4.002857438356334
60.266661940246571,4.075116047136162,-0.64318623933666186
60.535917240190301,-1.4876085418216523,-4.1112059181180429
60.62904362896866,-2.0803450912223012,3.9099182624107689
59.484441085897132,2.5628810072070327,3.9125611476606657
60.23054416632877,0.0409468515805511,5.132030379810975
59.755384451518786,3.1014763287272835,2.3555215729815364
60.518846161770014,-1.6907716992306299,2.6715513604417818
60.476762623013222,1.3890248312470164,4.1108009276991657
59.012558193972907,0.077028504046656066,4.5352664296626859
59.434121133184391,-4.0604852998874525,1.9901355463739996
60.208473341205227,-0.32642571489506245,4.5724479943957981
60.357205031827284,0.26509019913654835,4.3731749927936985
58.928693800600129,3.0226492703442172,-4.0674078442573167
59.527718190296497,2.3444538750362827,4.2965298804741536
59.769439924072664,0.7049798725082097,-3.3025980178858272
59.744380772459316,-4.1257931800140915,0.99736237805461569
59.669212104245197,2.4205604103048124,-3.3911357022115145
60.525410147320052,-1.2591905693988752,4.453325622611648
59.804000723320115,4.5025853486533691,-2.6292841105059894
60.523334749717094,2.7297831351453268,3.1956382856002921
59.708266203840019,-4.3116874120081903,2.0438663764419225
60.478436346974327,-4.0599163845518378,-0.036662627751324492
60.576984352329021,3.7739497036564655,2.0023210856975004
60.457878676404434,3.868312054021374,-1.1420779035617521
59.037534499751558,-0.17675239246461649,4.430208560319385
59.316456009537077,1.8806407749360119,-3.807031127055077
60.047304657299492,2.5988189592591988,3.4497812700651185
60.397845114193665,0.84642665741352485,-4.0214233651374478
58.884373511447102,2.9570880642192128,3.5026678946993739
59.628659890740323,-0.44461544236953382,4.1698773772338251
59.974536015716794,1.8592300288326811,3.5548803006677048
60.577793174032898,3.1830849961356553,-3.4071841322556287
59.724632820286665,-2.493260365153612,-3.6542723287984393
58.780720801035891,-0.28102889634646971,4.2500924498591122
60.099449174620304,-2.6866099618348711,3.606780020728956
59.586063123106555,-0.3199585187442644,4.4180893508022754
58.758644431248932,-1.7891146715456649,-3.8172919951083171
60.418931030718383,3.4969375945005052,2.515757713261169
59.331585154702701,4.3578075712929607,-0.50744589046881561
59.128797437269199,-2.237140969957514,-3.5625737328945326
60.567947896485833,-3.8773348720839,1.8651774416029203
60.278817660840467,4.3421245045730936,-1.8150066737455162
60.290685146090048,4.0405857094668134,-0.50108413452691536
59.31103747390479,3.6933824075318724,-2.1612593098451423
59.21231236252639,-3.8896100356942744,1.1608498298980958
59.834736451098706,-2.5085390753121004,-3.2124281045942382
59.542470569741859,-3.2835142101892494,-2.2204902841642622
60.435046856122675,-3.5335398511813327,2.4341558547878788
59.497993463892854,-1.4367529789824525,-4.0964211682428511
60.140260397793192,-0.072988519795727583,4.6400373013214038
59.962044815958045,3.800410954161777,-2.6008570219755112
60.639461886706144,-3.8681386344156845,1.8288189709979761
60.649477823287363,2.7090919602258743,-2.7882095141507115
59.308005339689963,3.7941437667486841,-1.4295141139883092
59.051071357677024,-4.1684652657222001,-1.3883868853532151
60.182279940036054,3.9217693915884921,1.2913333366851862
58.9171535653769,-2.1541058133040618,-3.4342515308772184
60.203947207521651,1.3351217073314512,-4.0175545255114828
59.814410264680738,-1.0378312158261507,-4.2271145417406624
58.889514108662731,-1.4392247107323159,-4.2448349332009929
59.546834887361562,-2.9968059035828096,-2.7602299653957587
59.099195702453855,-3.8191898099613275,1.5623859194772649
59.770858097176315,3.9205004176712426,-1.7733263636361367
60.416037595734096,0.86655549085582451,4.1504277879626335
59.426615883539391,4.1633836932944304,1.204806836220516
59.046843050864318,-3.585953416308588,2.6956209730356422
59.249753683367047,-3.051898296943373,-4.0554742486131437
60.442876336155813,-0.37480419053184605,-4.3366502259520825
59.361064214146012,4.3814803160085285,0.72800435660710106
59.02152400351553,4.0206234917136028,-0.30885975272610816
59.346472661713342,-0.91627922427949238,-3.9786570730498516
60.217209007029972,-4.2798296750197871,0.45705068380944797
59.273621821034041,0.73833348587391912,-4.4384864303458462
59.847848061454421,2.2844745133195996,2.9992469859376052
60.124780821964407,2.2501990933825446,3.0707190284594881
58.936912491866593,3.9484079763156088,1.4771136141256767
60.622790219162262,-1.0875647360657501,-3.8755486864568729
59.824860891679258,-3.860091131679467,1.6961146761454269
59.831229560647159,4.4886230842436712,0.79084120537249158
60.174180738994721,-1.913040459895919,-3.8046882830027098
59.832142508326832,3.2195658833647758,3.0590409569013666
59.073650659165125,0.92032562125492645,4.2403725215246899
60.550104981038331,4.1033770935622371,-0.980426909544034
60.510389745097989,1.0187603642786474,-4.2565790650656012
59.020701089792105,-3.5095311495982116,2.8150757670219098
58.547444835817963,2.8759357099110119,6.4375221367502737
60.255771089652107,2.6899156171976437,3.2321600426208308
59.598660706160338,3.8604563262064446,-2.779084702725803
59.509874643076238,-3.5830667109378695,1.9926472419880601
58.963321579579592,4.1354657439469831,-1.3093704360773026
59.866421362646541,2.1701036681859645,3.6519849546155387
59.252306396309969,2.730133165696361,3.4173176057212311
59.170208347754105,-4.2956325563870665,-0.14419355411832621
59.746010694061319,-4.0482894641430409,-1.0306476207009809
60.108779351245893,2.4828212740869393,-1.4880675360349558
59.132989128398407,3.1114018221315547,2.7238139669564081
60.463827277490338,-2.0004743674138616,-3.7219254279295546
60.175329221131925,2.5678204139557357,3.645189307296933
60.456979393516683,-2.2149438723067369,3.7892407837078323
59.884365099508656,3.9447121551594404,-1.6853622980156839
59.044289006194504,4.1028882441017513,-2.0453060006200792
59.110191111416647,3.5389540955456784,2.5053577243691003
60.356183906856863,-3.3488821913746909,-2.8372689625450653
60.297757082055547,3.7544635668584792,1.4845059985186135
59.381540444608852,-1.7024171170476643,-3.7820295173311522
59.945684920145439,0.5899666442099657,4.0496907897638703
59.150995149871648,-0.52077019234083866,-3.9895363241040731
60.302445219676969,-2.792713598074239,3.3568354420890589
58.904476128005605,0.78698575343672328,3.86459422298043
60.700892264214559,-3.4149146315882732,-2.3548492665320118
60.675262620003345,-1.7666496719124183,-4.2906093852643998
60.520512148937463,-3.2931744240234013,2.3701618767569559
59.101708008574136,-3.4652858736249219,2.2305526202928254
60.624382638714138,-1.023757672799422,4.5439542037610989
59.492048218740607,3.6080329313554791,1.645259925559208
59.504691901781911,4.0991814996995801,0.68117838810586095
59.405376009728222,2.50944465741552,-3.6375932506424791
59.531577086216295,3.1059089971317713,-2.717356629147424
60.398492123808971,1.0905166171355523,4.0063571249963621
60.562776300475555,5.1928634626542882,-1.5042821793383376
59.292163029120005,-3.9575019976642007,-0.27575890267251985
60.298018898424964,-1.5824838093788078,-3.9814918230782004
60.259759251632367,1.3203699880070894,-4.2982556193972572
59.89975177829519,-1.3029029079196495,-3.9917520535368105
59.162963647059165,3.6256629205635247,-2.3155585641426608
59.77762327626462,-0.95021258451050139,-4.0568591270171064
59.40186433727385,-3.8172650744194061,-0.45695570982771222
58.838606606775102,-0.85894331334740981,-4.3714146335094757
58.966801702887992,-0.12685234210921381,3.9917377942370638
60.247456985192223,2.8480642673582182,-3.4109580578588323
60.670977596149626,3.9511264011459413,-1.7416577347285764
58.906669708280134,2.2558925744941876,-2.6897614428403402
59.649882356088831,-2.730250583733302,-3.4222387456385999
59.532690182906897,-1.0831633455411487,4.2642580820022662
60.476597594989492,3.9542588544776072,-0.40488395958598822
59.143341079214117,-2.8428650881395297,3.1513709532639651
59.414223052714199,-4.405950102378938,-0.94671281996640211
59.16195290595256,3.2499833846704904,-2.3671227475317078
60.468378948118819,1.7350068548215489,3.7634688418733879
60.192758198950749,-0.16848758422851123,4.022603678647684
58.960439692134265,-3.9664454321173879,-2.088772985912688
59.69849895988682,-3.9775963759641182,-0.39209155583999433
59.151983985767203,2.7512274189435386,-3.1483525955072351
59.732631102621248,1.5686608689831161,3.8714909642029109
59.236324158721033,1.7456456612101909,3.7282403414129281
60.237141291651454,2.4927401642005194,3.4133692973428449
60.695318654237767,-2.6123685637492517,3.4023373627506226
60.464777893305751,-3.9521462261317648,0.85150864844562024
60.231028649928966,1.0639725832169331,-4.2293977062552877
59.852461121235677,-4.1480606620485654,0.42413152776532048
59.520418374735321,-4.7500502171988268,-4.5034119026969677
60.479938525470985,-1.5004798052145667,4.0931902692476321
58.805286234526626,2.6087282017406208,-3.3722303070513853
60.427323194129286,-3.4264204048051949,-2.4568714486250869
59.147438655439046,2.8907065047276967,2.9259907212743497
59.351498688141199,1.3331356762005295,-3.8194890249541862
59.68098716307788,-3.4812835693005497,-1.5307030438311813
59.021219604593909,-2.174878662502866,-3.7955818187805912
60.268965721751151,0.87979435805807071,3.9537615728665236
59.028525701212317,-0.46705229093995027,-4.0808667156501821
59.888824228037947,3.8715896810407444,1.7190897333467532
60.489594779921362,0.24705917648530093,-4.538698913270335
60.45233694184963,1.7966607720133456,3.8983140050100151
58.851931509478696,-0.56612400665064033,-3.9555987760982743
60.641925262534848,-4.3282657563912066,1.4540294444366517
59.039637312716188,-4.5549658602879415,0.60267764234703491
59.781638425778041,3.4904424839761692,-2.0161633571148765
59.357424362954326,-0.48724726001799207,-3.8329742219917566
59.11578179386413,3.2471896191634779,-1.9635877351586875
59.248510563970875,3.3534626596546522,-2.484669121243837
60.120596938704928,4.2189332435931277,-1.1815588088915363
59.221548300681285,-2.231010212151662,3.0764844292364266
60.683468050118627,2.2372342108263084,3.537417069594305
59.632185605355289,-4.1203172290143231,0.93041852540745018
59.713999214373537,-2.5031530066834033,-3.4300735382778114
60.462211932064442,3.9053594330816974,-0.046252501709084619
60.588273262004961,2.4472829047217504,-3.4996453215132814
59.243505335390658,-4.533881516778373,0.90198752439014684
59.681508292296535,-0.99865121276842828,-4.1763387578668416
58.836119057420099,3.7952180395295065,2.2406631027978379
60.439443091783104,-4.1820007220882554,1.9256547904497019
60.150927751173285,-0.20972665426420342,4.6216195892709351
60.298073033085629,4.1000248859774731,-0.43449132483469055
59.764206264481793,4.0421675239296748,1.952845728572518
59.712546034169385,-3.6505719911655503,1.6521520902451134
60.331675659263198,-3.3365410204641757,-2.7973116488170842
60.382437106683589,0.89038073218589953,-4.0472227284975055
59.786643932076224,3.7189517031240249,-1.8672083980779459
58.89085568235673,4.3815447145875828,1.7997814276699649
60.391361332333496,2.0753324800705517,-3.8775465839218954
58.98465637278214,-3.1188788579031455,-2.8316449050136794
60.423951166843771,4.5568860859298113,0.40842320845985741
59.212262818962024,3.5912370969186846,-2.3652840276978768
60.818786489142155,3.6645938699782037,-2.5975761936215069
60.422907994420505,-4.4793878013808657,1.3753936680111276
59.623097957969591,4.0554801578881214,-1.1058590182901238
59.596572224326266,0.72397798064037289,-4.2032828903158066
60.342956437095239,-0.6670744211678431,-3.7990740100654343
59.668640558588045,-3.6907518303489422,3.1686159811499857
60.063862893680572,-4.0227078722935188,-1.2984182084976561
59.370032136480816,-1.6573236450480489,-4.3282244291190404
60.523040903417076,-2.8428713761805544,-3.35403496787539
59.188074966779901,-4.460462530364576,-0.33548171844803265
59.915471487874008,-3.7941054387376587,1.624128414187006
60.348159680818746,0.27715053202335299,-4.3318761356223705
59.535846878122541,2.6945849619999778,-3.5332479430604735
60.688402348062048,-4.0382493467304545,2.009915651480092
60.322456687117018,-1.2621152752877083,-3.5738133492988604
60.050132366377404,1.2768468363375254,-4.3764704069772451
59.585309807577246,-3.4829453350143558,-2.5347333203192437
59.114383593189068,-0.22439660164198344,-4.1988790496123274
58.881519045939164,4.1863672399498961,-0.49283084218681572
60.143328185598293,-3.8109148835321816,-1.5968609265637945
59.453143294829651,2.8711981887267268,-3.1479372292032899
59.947279047586107,2.6031599214179715,3.8475197484216044
60.199354757929541,2.6601358335236469,-3.2212439924008196
60.365219468534619,4.2053494455243845,0.50840133710049173
59.204272331873732,4.1272789576798674,1.3708682877705669
59.40713015780743,-2.5478873509448801,-3.136039834896128
59.298358975187298,-4.3001696855261589,-0.54925971465396317
60.71615935282248,1.9221172848169539,-3.9623302763875881
60.044417834583228,-4.5353474745677911,-0.34193719818269913
58.927042493048774,2.6674723543135719,-3.7140942274654769
59.326275727854942,3.1457410268461428,-1.8151050313914716
59.441226768959922,-4.0702326818586787,-1.8468579229068289
59.183387897326007,3.3207858388128653,-2.1405303457667877
60.083983331929296,4.112639110042414,-0.34342887280038142
60.103154988306109,-0.4939077732169686,4.2757181298403264
59.506922859689929,2.7363159336824157,2.4836989028880647
59.218201879333797,3.1415115833806038,-2.6859941154836569
60.668832959801691,2.3917817454467674,3.3334226107948641
59.03893619869153,-0.42941015975904734,4.1286070323197919
59.521859417806979,3.9540496000551988,1.2112646737097099
60.15273977232696,-0.7663036283268404,4.0948312403370508
59.199864953381699,-3.7874726318144285,-2.2013386907048669
59.330333709866515,-4.1156301458570645,1.3760690342084541
59.331073079132999,3.9241353298857859,-1.8303829058331023
60.291219298989454,3.5158173508313042,-2.9173969091281964
60.531398369305869,-1.0881303076202635,-4.114979601392843
59.416306980664558,-3.6028954561244602,-2.2584176214242859
59.983395305320919,-3.6623361463352322,1.8224339102954681
58.987156523602131,-3.5567211526535241,-0.81858900602933449
60.084247660615304,-1.747193926029817,-3.2717655771482943
59.489763848345348,-3.7228938916542411,-1.7946914813536017
60.184213390794405,-4.1672801783792455,0.24252819861942229
59.964467282360225,3.4435381178037447,-2.2318133719038071
59.054594393395661,3.1195937593250447,3.1703798362569051
60.316322104701683,-3.4071065926309614,2.4046028164585058
60.189313470765676,-0.87080838619004486,4.7808063477825886
60.447948952580205,3.5157156442411628,-1.8952390619416104
60.621512844683615,1.385401296724684,-3.9664126862617
60.449984877103965,-2.9436672433678046,-2.3128989274426095
59.740949507512902,4.3802882994933041,-0.13904647187946845
60.044834414987932,3.8759830462107225,1.2593793780121263
59.188108959092872,0.66171829333888943,3.9243005365299575
59.17562253005979,-3.5191822681727944,1.7295499100755449
59.053465756334063,-1.596068196234673,3.67084812621935
59.256227763115994,-3.256882916916791,3.0120808837171875
60.149165899445038,-2.6409165645790553,3.324140217387805
60.255930337741546,2.9744819472183979,-2.4654352343586297
60.184263650389695,-0.052203868522985211,4.4982753953033114
60.421980975408637,-3.8798462399684892,1.7439547011392817
59.575891597635042,2.3166963049275315,-3.6256461264596394
60.651748867632051,-0.22645563159917695,4.1895640148772451
60.445248895741081,-3.9109053341330515,-1.6329356104041794
59.410682839554561,-3.288875846379367,-2.276201325402587
60.364541725755302,3.9886526256650678,1.5786325825239169
58.983250218361725,1.7730327247881847,-4.05362096853686
59.40618854647996,-1.3784448988317326,3.8133735728911216
59.893805253670038,-2.4070111823903186,-3.4584622695148717
60.061808950553782,2.8902968074202096,2.8501859453178908
59.593607293087814,-3.0334202874735112,2.930437662352011
59.081296336226721,2.878703834812415,-3.6842470615206251
60.076232829024768,-2.5769286156780624,3.2765883694555731
59.817507838442502,-0.70293918717421844,4.2258727070287199
60.436880476522113,-3.4970277406767973,1.9987312530965431
59.63851261555655,0.2935206199906954,-4.0991540286616122
59.375536956460436,-2.0281863999547953,-3.4638288831042092
60.541058174818779,4.4400439156060489,-0.63800842401454128
60.122989601998214,-1.2443697516729844,4.1693477185472014
59.749394730134313,4.5876512303011268,-0.66957158338681833
60.23128654139942,-1.4232155470623564,-4.3831353522515526
60.065309050950752,-3.5463768501388842,2.2134409680858269
60.249786579221542,-3.9457546107800172,-2.8770276187125265
59.551632268846198,0.094552811524880723,4.432427029680408
59.294360133973967,3.7711561889429146,-1.652733465027818
60.209114119110346,0.73463121685895627,4.4275390497940545
60.719395863244159,2.7596623496908239,4.1167335940942777
60.382558999680725,-4.0158886241118061,-0.23962942066558107
59.643219227735983,4.1592742884145295,1.1748131598521161
60.760038805095554,3.2369485539027854,2.9725152106349682
60.08378827300043,2.9501582471299987,3.1101141834076445
59.965283901730963,3.2230691293418703,-2.749696625876112
59.895770712547559,0.2141634612521279,-4.3807068329387562
60.077344425830724,-0.16397328735781092,4.219172863418664
59.00109863786102,-0.74436148836162963,4.0708217147360948
59.525438849843681,4.0781571053939913,1.5031329542942062
60.161211026052158,2.5903852150333719,3.4417834422844051
60.035036383617083,3.6642174508516505,-2.293159369341065
59.470520305949528,3.9643178199165314,-0.77222987773343743
59.159475065574135,-4.2367843369989755,1.5803609105074765
60.135656115971422,-0.040588430198575103,4.6228002272365201
59.936442957264624,-2.8567088265318357,3.403486163995407
59.407659208326919,-4.7176368760672451,-1.3375387940415233
59.445386113988633,-4.1064636592500126,1.8139017996797344
60.32526461253893,-1.3570372906229435,3.3521436013147192
59.171641170245863,3.4745816845006154,3.0905085309986067
59.258346898723936,0.90536762855063724,4.2230366371546006
59.84194280389594,0.71921780924882006,4.6124800260742918
58.946553188463028,-3.1500055872742578,-2.5555684123617053
60.422051889519452,-0.23434397618949857,-4.3228421631241076
59.628455300188122,2.0978098797993536,3.9571675857591324
59.30969932642499,-3.0316436354757608,3.5602618165383912
59.734989349684767,0.98492409426934857,-3.7741144242112648
60.142613276276371,-0.35685659732352598,-3.0223761628493069
60.422924167998559,-3.6344140079237568,0.085421716376017545
60.734192860151246,4.3413721691651945,-0.42116657631766929
59.527422497049997,-2.4495921395093427,-3.2661488695032026
60.496223456538985,4.0837311743086131,0.56206181360341256
60.748868341356982,1.0270518846620333,-4.2932198279368698
59.011551747257364,4.0627808286018068,1.0891733877784231
60.407471522483704,-2.6045406731742493,3.5193812834723053
59.757254897253148,-3.6834611479657049,2.3204515624682767
59.954956754505389,-4.0814997521078134,-0.79481972501244791
59.231540972847462,2.8400285623922104,3.9252750190529992
59.394251153582616,-1.4479311921250548,-3.9022064576373423
60.338499109764157,3.5565431193767374,-2.1330288470973873
60.357210196872394,-2.1579885944454293,-3.7641007452912034
60.051160122701226,0.53549409118407565,-3.9994988429396199
59.725159928439126,1.1395716003177343,-4.3323878341458792
59.571033810589832,1.1651342402975902,4.00229671231188
59.83125627237888,-2.4286764803634102,3.7137395009579475
59.342290722636065,-0.28169708764844792,4.3031271035931118
59.506087199714081,1.515474419214929,-3.8996702986861633
60.233056865000016,-2.5274194851220648,-3.396952587998372
60.114577622398052,-0.24056150259775722,4.5216251084381192
59.957755869456058,2.1393606720023284,3.6990051347928636
60.034102903726186,3.67878295348513,-1.6735637784771924
59.161133008421295,2.1179116228701185,3.7803543336908207
60.353862640778608,2.7250275533264725,-3.2788980664986922
59.779117819773099,-3.7076838619747794,2.3594627379899329
60.061879519922599,-3.992161702821003,2.0365740574889548
59.433650540252096,-3.9873961446907562,1.2058930364701796
60.339463012381366,4.220546910493904,0.16816222838357817
60.346133965902915,-3.9579974254529988,2.1896811072100326
59.35538192521998,-2.3270540430323861,-2.9726246934314666
60.150014726564017,4.1827364957014286,1.76765927973323
59.143951718470021,0.83470911665238834,-4.284985020509108
59.75299813486005,-3.9843522086814644,1.5583123696255217
60.372263116039356,2.6304433604910398,3.4039527026969587
59.053618470250022,0.89636933575941424,-4.2133244409519586
60.134687053969209,3.5912086176625402,-1.8125339518678178
59.950964954296431,-1.4490540309582221,4.2740543525449777
60.629205986485474,-3.9946195225193546,1.3314977717541527
60.137528834347144,4.556939640660052,0.69165833702762369
59.583354550467703,-0.13851127311079442,-4.6113816813664448
60.046932171692291,4.374417161580328,-0.50518182899279207
60.656266148485805,3.7823264082354928,2.1560723968055813
60.226919952362628,-3.9486162611963547,-3.5643093429316934
59.163586902496768,3.8412410804124377,0.55299546262496535
60.108924031638487,-2.117373528308482,4.4200774573142443
60.443966728424151,-1.4581522211206848,3.811079703566679
59.964781369632,3.7531132100958726,0.57827160364928309
60.391439426352711,2.4326699087216035,3.8596982722566562
59.906114273181807,-2.8540418404104768,3.2234772375034049
60.50143650388263,1.1581103582188637,4.2185882356597233
59.708059100588031,-4.39365807041791,1.0297836149567252
60.29694258304847,-2.9395716675985986,3.2259916405821523
60.500449923885498,-2.1681005225432091,-3.8393083499872467
59.532656906075623,-4.2976726551483733,1.5332614002685012
59.830823507030296,1.1647183561197627,3.7209451239533884
60.512017362582249,-4.3619868883030808,-0.43955125561809016
60.140217067908694,0.74400140726127451,-4.4238473227614969
60.437249195407411,-4.3452360014705231,0.8517847765954133
58.986961527415978,-1.6310867495498471,3.8654863869108942
59.098872352422049,0.44613925289253775,-4.1721143203972408
60.457302484307846,3.3971797115327265,2.6408015453900884
60.115253491386419,1.6025423807072048,3.8007289707481067
60.538692381287682,0.85011752794498197,3.4186688810945189
60.853404703197867,-2.8385218538045551,-3.1214629677198351
59.625188680258553,4.0717758389940464,-1.5704834793789952
59.252216749278844,0.68020911979556586,-4.160971215669683
59.499645741721459,-4.390531706126878,0.13394810039249733
59.202070686784197,-2.6100321006776048,3.4727440835625507
59.735696114131329,-3.371173901665018,2.6156795526009353
60.075491675687374,1.0740441593228556,-4.1591696733602168
59.81794256429076,-0.068531743986587346,-4.2858008056635617
60.7849563968553,3.8780808007640108,0.86360086534715086
59.401753932348726,1.3135015950860849,-3.8506106838971244
59.22852498338932,-1.1014275141977776,3.8670720172120241
60.24657202136207,3.91978586004522,0.69048088854405532
60.511324868512695,-2.7256980422124371,-3.594354267179908
59.160642224119705,-1.6918520172092861,3.9784995888620833
60.307527170792405,-3.8663648202766221,2.1617141891296487
59.827009981737532,-2.5961984823794677,3.6658097977799264
60.252644325481654,-3.0330943186880743,-3.4277103218485667
59.920331444392602,3.0635292403499688,-3.3804837997143653
59.094262162584606,-3.1973707989199958,-2.485780946733271
59.470529293103482,-1.2777584327498888,3.7799015877319659
59.393558553251289,2.993535137687882,3.3202292464816696
59.345458053595181,1.9006975488666271,-3.8946100694748127
60.520093769477256,-2.7122208221082316,3.4482844103989962
60.173614366292867,4.0816794151577955,-1.2795609196432545
59.612334625332899,-3.2153193596883747,-2.8345922467848377
59.53124488176551,2.8827395392728912,-2.8876704777987099
60.642529833082662,-3.1869896083851619,-2.4854644790859082
58.936316036551489,-2.9158658059240645,-3.0414797518937213
60.266197734328657,4.0757171351551102,-1.7931305735766239
60.552638954628755,2.2785968351251373,4.0745792287691458
60.153418871498921,-2.2093275802071042,3.6217202231295205
59.386895593035533,2.3951705355710051,3.6924425382941837
59.757000971977106,-1.7319058520483572,-4.1231301093637152
60.422400752809743,-3.1134914927955157,3.3383890794937763
59.379742385918384,-1.6345957574195444,-3.8976359243227909
60.164003511596171,0.66355781868298269,-4.1422131822436175
59.941405407753372,3.194155172476115,-2.164815525613077
59.86441459464271,-3.6641319368056622,2.4199501682250304
60.418964631647718,2.3334679771887603,3.1939724059670636
59.431415549706976,3.6869044460103404,1.1462319869724422
60.468849333331519,1.6141871583810552,3.6202165788551364
60.063448445271931,-3.5426519272404282,2.7084390172868158
59.705800025647051,-2.8913759006275304,2.8781587349981228
60.646127845249815,-1.1693594925407398,4.5758955304315476
59.057494045163224,-0.6469239859654391,-4.5025456353198363
59.532092928916953,-2.3041861875438001,-3.6204002970874236
59.072189803371444,-3.4121611275351258,2.2334684365099622
59.635130389569142,-2.8571990759658838,-3.4930366136737994
60.071734972126613,2.6199072691020371,-3.161834920337192
59.002459536016218,3.0414107933122536,3.0535924255600091
59.584664654787112,-1.4503705377549361,3.8178365387786011
59.51477272025889,-2.4274391729602778,-3.7894164227066023
59.169892859580514,-4.0854626270943548,1.3858237898022858
60.457976165802435,-1.2389476245832667,-4.1061995902710064
59.478396115545728,-4.1515793558210214,2.8909044625657532
59.443220856505327,-4.0447342702164084,1.7553598943825923
58.832563076863892,-1.7022743128831721,3.8707313927993519
59.321762999831009,1.0567288964837753,4.3083038265884337
60.083501118500564,-1.0375340061184435,-4.3007730587508881
59.190467819961867,-0.99000224584677299,4.1262465664238483
59.262546288707092,-4.0595119779921163,1.2172781589672983
60.044393309033083,-3.9755213046168221,2.0711540451472037
60.027467193962948,4.2790578895206322,1.5619794554323414
60.531829711765496,2.6015952921844789,3.0456315327644168
59.325562867517867,-4.3550517845642345,0.015540251322672361
60.47552489817506,0.30818925091979504,-3.8831665616036144
60.336872648381316,-4.760490884035284,-0.29025115921660277
60.18721465225849,3.6910237374474821,1.4119236503449912
60.374911162350394,3.7227300463316531,1.9374802456695854
60.834754120138925,-2.5122166305963667,-3.3221063717842814
58.91766964350289,0.50870513396004235,-3.7366199168717711
59.070123979750761,4.2685088035190706,-1.2372155617907228
59.170246245625947,1.9314907952485587,3.8462823475773371
60.150741357184351,2.723721348011757,2.9310493404508611
59.240506193825063,2.1870960219261346,-3.5571800578790618
59.704710164804631,4.0634012743320307,0.25032247856018069
60.846624850335374,-4.3040634205219304,0.30177005442449001
59.553466284101525,-1.4613605991533061,-3.8986503329203881
59.862840548039969,-2.9065231470589254,-2.8391999573768687
60.288797294322357,2.7388371265600511,3.0214406200133457
59.226208103029343,3.8916080921852165,-1.249646626991503
59.294369637026733,-3.1597751977759052,-2.2421127723322991
59.581550965391166,-1.913614538124111,4.0559714291359059
59.598091363712491,3.2968125365068994,2.9213467610982922
60.657654850242452,3.0074476011497326,-2.6661676423406204
59.292455680449216,3.4248084367085765,2.0626617952753388
60.703832249941648,-1.2578473541858131,-4.2867587917899357
60.230327793066898,0.18571183740553415,-4.2939263967276107
60.13645435462135,4.8758307371300873,-0.66311293277243732
60.171466501205636,-4.5599600916087573,0.81705428265133606
59.611457336511123,-3.9214596719840662,-2.3217391705439856
59.866379233656232,3.3107529947170269,2.4718201899100891
60.571387894968233,-1.5518554800948277,4.0985212115046057
59.1852969784441,2.7980180984495426,-2.821518047748738
59.197864302297951,2.5620540168286841,3.3955771560961008
60.78746306427211,-3.9240606954807835,-1.1778669922129159
59.660714973466092,3.0608287006785608,-3.0668264240900314
60.363905758128389,4.2987102507991874,-0.92372239828384695
60.354066022061367,1.5202986104242027,4.2745039359959787
59.225814526265395,4.0164316030330571,1.0765395970867147
59.484985864026491,3.8442455485108722,-1.8863625128505861
59.700173766892874,-2.4843492339038078,3.3689577023922985
59.337370995589346,-4.3933624150187702,1.3582805660851109
59.242173705022324,1.0550885222545194,4.2010210392833587
59.375143921100126,-2.9901007842148331,3.0501069641656957
59.775019974252373,-3.1905667484132563,-2.7712421657084976
59.794109268188741,3.8178832531017779,2.3650012493844241
59.172022462652691,-3.6427925777050398,2.3317053723467684
59.23780305933515,4.1790325017591519,0.51160962174828239
59.466030475905015,3.359432472032498,2.7497943226917014
59.048541944456524,-3.9408121579076933,2.174153908966483
60.686328246163306,2.0269146367828887,-3.6915166051073891
60.257250983365545,1.9166520779939902,4.0096498398848039
59.056174551027169,3.9150010795386136,2.8947188417028507
60.675571263252415,3.1979642002813455,3.8578410442571647
59.116383663568264,1.7545466774452718,-4.1980080681201803
59.265678907939105,4.327303233429534,-0.22942770868834544
59.855729135003394,3.8687172198541742,0.84446981571925972
59.036655487323344,1.3987509623776451,-4.1490453674254786
60.50693630652593,-1.3235973273365038,-4.116575988311717
59.51559321246647,0.42885798728401975,-4.1246992989784168
59.525740051462215,-3.1519824800332903,2.9835839603351375
60.117287675558096,-4.0774177307633241,-0.78107089336882818
60.426646273965758,-3.8694810142587497,-2.361561472197617
59.67790976140278,-3.870007716193951,1.9243039746767401
60.063875729917982,-4.1491965140525551,1.8427552404339063
60.561030448151492,4.3150560372100912,1.7825210050888589
59.347879135545426,-2.5132979897167678,2.8559076487770567
58.90987215946155,-1.5947815927379749,-3.6566954911540761
59.862984533630616,-0.043462248832599089,4.4625806607708514
60.494796926955395,1.8743315239856577,3.7426993171812248
59.79990276574717,-0.044701659334224479,-4.2965273027272248
60.379480245442231,-2.1058019854511545,3.3333296549930695
60.4041382982222,-3.0630256719129871,2.6514165679605091
58.74634859714579,0.17486533354078765,4.2143192192878303
59.48447721972493,-2.1638147645051116,-3.6934112956708605
59.034665423884668,2.939118492899246,-3.0681689641954066
59.752844834156576,4.4167498728166379,1.0866278842377761
60.219001202218287,-4.0646504107074923,0.08812718167905044
60.663557931815056,-4.209611875345999,-1.7698698557299224
60.473604266643996,-4.0058667630706095,-0.93328841455881684
60.168304434542094,3.9519030113397373,2.2354677614403147
58.970388089634739,1.350944280565116,-4.8043651491670243
60.257301833524615,4.1277351164915945,-0.41567008083162266
59.78052095138009,0.61014306927051409,4.1587195665817687
60.130748722829289,3.7568048014398183,1.8139982162750492
59.73709163545351,4.0859444479100162,2.4063559085523094
60.631850061125427,-3.8907908244670866,0.7173373416898382
60.695890682665599,2.2034889733542364,3.4520090478382266
60.068154498968042,4.1725687307172024,-1.3403916771907962
59.288679660413969,-1.5125629422153282,3.5245217765027523
59.904530046419744,-2.75660271247629,-3.5975015414403311
60.111117488300827,-1.4244846413798358,4.1887041664784723
59.9547984239139,3.3818202711052101,2.9741657758397442
59.37513061594926,-0.2722262898740096,4.4192308818266017
60.145519123906809,-3.7581335855964251,-2.0875943364442833
58.871138030136457,-3.3616222312269088,-2.2579048032453608
58.853558117434986,4.2105422459540449,-0.14210971263027358
59.397569961728038,3.1623198321227832,-2.8876422875965875
60.544551294361483,-4.3790229759908446,0.084739629130205371
60.278957950314727,-1.1257531712230822,-4.1168698423130889
60.386759220839863,0.46386584777537693,-4.3868380850914566
60.591466053783776,1.3602295237659039,-3.6938941868487025
59.936446408802254,0.97486979055710365,4.5679146129462493
59.748322030609977,0.99532216254397476,3.6675916996701705
59.48972892142455,1.5319339797543918,3.8950880995424551
60.51426605752998,-0.8724365589580354,4.2506929560617355
60.332206074704544,3.3751472062700287,-2.7786552761281604
59.163689007210586,-0.69847525395388776,-4.027123032202903
59.821486898190614,1.8435516437049271,-3.4060387428620196
60.588808398002428,3.5413745678409358,-1.64887548285096
59.622062302825128,3.6816853747248262,-1.8896700503906718
59.90638025737212,-1.8934455282784628,3.9096947041195502
60.485073621665727,-0.99516368822484569,-4.0653775336934226
60.488223426840008,-3.3533314888964809,1.9073414979437284
60.099890040735772,-1.2800628724384175,3.9366141558834999
59.422562484073296,-2.0600122536035856,3.7783859776548963
58.975824827371561,0.65439588578106689,-4.2626743177677406
59.175232902370716,-0.12931538520411362,4.5618187473231675
60.812778756780254,-4.1833978830468501,1.1418282647260611
59.225556318844639,-1.5771477819577195,-4.4166411640684506
59.281193211160961,0.12407637499463468,4.2571493323178293
59.553797485256176,-2.0027636195751271,-3.6400335529624415
59.850514028674183,4.2690903921676782,-1.7119901010364735
59.055303008689719,2.9615445815174457,-2.815468454992029
58.447535254813019,-1.4359800941580534,0.57081191806154119
59.043981618303796,-3.8389631922197665,0.32502628009489498
60.728624518025164,-2.683904357404129,-3.2229161014938197
59.277809929531315,3.5113474509323055,2.5416185177491917
60.057278347276338,-4.2678934048312227,-2.1688941055758333
60.054287370220564,-2.1427933196351012,2.8335585857292287
60.629221009747596,-4.0576283237878039,1.4818001929435589
59.85069783060797,2.7306461046391259,-3.2434475901605602
60.231700212786258,-2.1178897228601659,4.0839745524855831
60.386615349311683,4.1768705021030792,-1.3212163222709548
59.130377306188592,0.51454671940258523,3.867039690180762
59.098515828065537,-1.7122465381460807,-4.2584816065169049
59.783716077053441,-3.871480187831815,-1.5899216282814659
59.262831386302977,-3.9476380440361529,0.41906663080658368
59.547224464951427,4.1063649991061855,-2.3467722014665613
59.313775612961365,-3.3196257508966327,3.0425075557343026
58.917060137678575,-3.8659439179257276,-1.2588787328105382
59.800234322608411,-1.9293079716770256,3.8494496252423875
59.751239225866051,-2.9318410437354259,-3.3616729467281199
59.939420454992181,-3.403115245482327,2.8485306436565874
60.728390816856063,-3.4889608244623846,2.8156247635556331
59.034777174008653,-3.8427029137657702,-2.0017490648319898
58.766003375741995,-4.0040997761192747,2.1241687451751621
59.773205777718367,-3.6702571927258107,-2.5249225585555002
59.379237758314254,-4.4368127355369333,-0.70718133125867377
60.121098245072908,4.3936176697078242,1.011160119581288
59.096130796231165,-0.91086124150865,-4.3815363606340467
59.053361669536855,-3.187624074085579,-2.742665100402335
60.178287116800412,2.778554811412191,-3.3742094443540767
59.760837794866916,0.78588799442819501,4.2763026942666249
60.357802298211759,-1.797025070044374,3.6761018463307629
58.835227508636855,3.4946288874004683,2.4770648793285619
58.924589445026626,-2.0240953523504346,-2.5721315373524254
59.831655742853002,-4.1030909495325449,1.5016020330193502
59.079872194359353,2.08001221185972,3.6552403333383454
59.408673249776889,-3.9588108091052918,-1.1094409481445466
59.243858339705795,-3.9613328772350429,0.71424137852300262
59.260011805094301,-2.7685277492485789,-3.1339807558572867
58.846230043946193,4.2737592502910049,-0.92161588733642985
60.525664860977813,3.7509355826390003,-0.00097701740694983641
59.894227458179166,-0.17330812495848857,4.3249888690943434
59.617090543166377,3.9030854120033225,-1.928329452733814
59.521985675783995,-3.5917834338985899,2.3449206905505835
59.234081312093444,4.3421933827670252,1.0521482023681124
59.409962545821195,0.94794883344824721,4.6704538724258926
60.51320687894529,-1.2241939374102377,4.3421880977098413
58.910570370432509,2.5727230734195632,-3.1810161660475251
60.164081205459617,-4.2345951895669938,-1.3487263208425915
60.674843247560169,3.8983124383512684,-1.7072812843732121
59.856094049530746,-2.0945174868279133,-3.6431373344854063
59.419552641990798,3.8878616000595239,-1.9322962741267484
59.406705214629383,2.4993122136617241,2.8986884563867354
60.222240745683735,1.8487222412470026,4.052781413544956
59.645002449226276,-3.7164218994830773,-2.645218481070239
59.415624993520034,2.4974229485620407,-3.6896769475350313
59.575351220952392,1.0005488676206462,-4.3076488162670366
60.286465677359232,1.3518711907507592,-3.9707993416380116
59.335620379592498,-3.8171270758212432,-2.3153536939498971
60.625719074038848,-2.5964406812777465,-3.2908994718467919
59.557553381724283,3.6239868536074131,-2.0141532032435903
59.897435776818725,4.4551639469317879,-0.51570929186575909
60.045587173433411,3.3379244195774049,3.9943916580114389
59.907132376568491,-0.73676100555727153,-3.9918351383326272
59.255799683994574,-1.1315893836666855,-3.8866457869480211
58.892526937835832,-1.9233084053605651,-3.6356801797126765
59.513223031869146,-0.3649383188484065,-4.374722939877504
59.779439179142777,-4.2292176481979311,-1.6859511601323407
59.387307043181345,-0.61550726076691631,3.8863249063666432
59.530164073854777,-1.8973814234119242,3.6180528641516769
59.459738765029208,-2.3926095218739523,3.7928278264342503
59.853839294055199,1.2811444345629435,4.2203058107946907
59.548527399219928,-4.1255307982028722,0.14947032035277188
59.075569530229622,4.0046895380902798,1.5170212518100565
60.39430412024948,3.66038712146158,-2.4514885619590339
60.739525242045978,-4.3906392571975097,0.17943025066216434
58.919851722590565,-1.0002808904959382,3.9342173139083267
60.80905049009624,-4.2130876185833763,-0.50540897611766211
60.541181177644006,-1.1792696487654899,-4.3320898674531554
59.648642442511452,-2.4594375367744297,-3.8798784527329579
59.258738260597369,-4.3560831628125376,0.31723736633722277
60.204471698538171,-1.0511744965826408,4.5149246505032279
59.963815990027697,1.096953067463964,-4.1301855867957169
59.530111956112037,0.9509723113971732,3.9944317980932147
60.79256659579017,-0.97954958947050685,-4.6131739343646778
59.989063285263327,4.0057707294115552,-0.02934290491046055
59.463948908436684,-4.2557771568888896,-0.58932484967126952
59.812953896302162,-1.9372600123983377,3.9284499225269038
59.671204487246357,4.0780090037754873,-0.034974194205434961
60.644168354831635,1.1923267306436949,3.9590395601009085
60.556778488122767,2.6427710807758218,3.7520028555380018
60.409502992979924,4.2376741280191483,-1.0339345269023645
60.488369274478295,-1.0387436151270601,-4.4169847904213642
60.08631778092797,-3.9489548382708208,-2.2671398081930878
58.913489547810066,-0.13478198282886403,4.4945276218125736
58.882776975317938,-2.1911981962591001,-3.5843827675565243
60.157076390121837,-3.4409043398234722,-2.196483321864684
59.121463326455121,3.9421589411920994,1.9281760254008371
59.588134585964148,-4.5593525654507454,-0.74659728863643837
59.609998940936883,3.838607517070848,1.128906225080172
60.415061631841048,2.2413540043117095,3.6875420187123691
60.774489104682772,2.7108563720619885,-3.3624297701367851
60.058884913936815,-2.9887009812864584,2.8998484361825181
59.456657866949669,1.4783751184822131,-4.1584426069054414
59.444555278002056,1.0077411902596878,-3.9923073865465648
59.181204780109979,2.3999582827801462,3.0679164241415751
59.733064378088642,2.6454958539269704,3.972263830483449
59.22273155153033,1.0445689126789619,-3.9709504769967334
59.858793835537284,-0.64021960250107091,-4.2501826169397177
59.651317609657845,-3.0722032138087276,3.2151938935606488
60.958574437861763,-3.5819934184152715,2.3594126484126305
60.717296869895804,-3.0162879571028887,-3.0042415647885385
60.767735030477894,4.2207135798739186,1.2751678571477671
59.646497131252545,-1.1194759042185984,4.2403097065664976
59.070244615093145,-3.2414081638597763,2.2299054234142104
58.913106976520652,3.3653408546842436,-2.6782359972845842
60.228557117794182,-2.9165915158897491,-3.1499262699184598
59.163853793123749,2.5212389459671742,-3.584027569005555
60.248101909166976,4.2402459448786329,-1.4582475935227412
59.348264127813117,-4.104458730336745,-0.23930013136352385
59.795761830729056,3.472583915605699,3.2144403876103147
60.03652648762813,-3.409717038705983,2.2061673171351281
59.869749747996458,-3.9192714828961033,2.6515458195548769
59.258608280299818,3.7753665423275118,1.9652312774586853
60.660745634545229,4.1103040625208687,1.3746496839052837
59.064268623865182,0.32450142442530183,4.3353998778069123
59.037278750063138,-3.7436636028106451,1.2650135260168538
59.115961621375519,-3.8340568263767389,1.6051589883922126
59.478555477672749,-2.9577578161290532,2.3026421586984638
59.420137296028528,1.7974076615658376,3.906967606507552
60.678790344945469,-2.0925251582371152,4.4041368696502099
59.497404108880801,-2.9386568897677616,2.6776052963185575
58.744016545192586,1.4678962024169682,-4.2518648736182172
59.444119445892589,0.76597731171911521,3.7322895666688201
59.084718005708119,3.6439345702143613,2.1170750624060273
60.192816402234115,-0.42316610667150267,-4.4364164533320061
59.666400078152982,2.2953295153592199,4.0785810475001369
59.25997354970994,-4.149447132010911,0.010920602471779244
59.196388227618364,-3.9692358477801837,-1.7270165771742738
59.536039305606316,-3.9376189393043823,-1.9588762958514536
59.565809532238518,1.9784988074702867,3.5470209428537611
59.723153700507808,-1.9744691082918719,3.2772885213927392
59.066590739431426,3.6798332672960057,-2.29086643265817
60.76265141732587,2.0115726608879294,-4.0852634142161852
60.421410032172979,1.4375034987749253,-3.9844904041540361
60.737206121948063,-3.1754783890943745,-3.0837779498372297
59.694840784217249,3.8387672275708025,-0.90647330619216815
58.796430733745645,-3.3993514194722456,-2.5074754602439127
58.818140446367288,-1.6781094336078524,3.8086172251079389
59.405854495159502,-4.0500651409691999,-1.5977831091961907
60.706075334661854,4.0242326640315591,-0.84618603682183957
58.990120272874684,0.086499565829847219,4.0879800182552231
59.788921792327059,1.6912789079894945,3.9006137424000804
59.526476579035737,-3.8153268965258662,-1.4240297539478834
59.795864302908541,-4.3059576601521892,0.80816816989090412
59.137166270526556,-1.0277904351544844,4.1672360531499573
59.959032121153044,-3.3161403625029959,-3.1991080493111457
60.240418589449455,-3.7614035010759594,0.8523990182874237
60.282354629311641,4.1797417223089228,-1.3035103837115214
58.84256638988176,1.1739702722109298,-3.4692254307783368
60.728682766755448,-4.2018335072365192,0.67894347706152625
60.447044760664078,-3.0822391231461324,-2.8412330866400231
60.010846999480691,-3.2150874335579118,2.6983198150883974
60.343882620807499,3.7320332560858631,-2.4643325961329303
59.557209965364507,3.8460574253678841,1.0782520444859414
60.693311873526298,3.3378650643790926,2.6675919552377509
58.996120872941923,1.2246441276731064,-4.057965268879749
59.395840164434127,2.3762891996952034,-4.5047756941011681
60.724253960088035,0.47193695746371545,-4.4358034302058336
59.738997389380707,-3.2366428836696794,2.5896298639576454
60.181469498525857,4.0048014259576199,-1.9903597539509879
59.171967279198284,3.2395890960470552,-2.5119162709824234
59.679680220816927,2.2676649335057641,3.3895955929230621
58.866370180117222,2.1822929151176949,-3.32155091143968
60.330214217358666,0.87096460674760379,-4.0869105218727375
59.144415011014104,-3.9612425104034572,-2.719635620925219
59.368445289378322,1.9690944835072015,-3.7458795162704588
60.326329738707194,1.2539512387118914,-4.2237993236658982
60.224157917288615,-1.1703934165310992,4.1183237354855615
60.637107635184357,4.2165362394817683,0.35907460046359907
60.795139299323402,1.0384476300366845,4.0271445597679874
59.58349125807662,4.3246548481561362,0.47345840348203055
59.863044460301104,-0.72271581035896248,-3.9404557130561582
59.054311893273578,3.44861877225873,-1.9835864249561761
60.395054422958275,1.5871749556624881,-3.8932403439440351
58.8712021870572,3.1151052098903023,-1.7163208653804158
60.803285399900297,2.8277155503046929,3.3489473582876492
59.635485129591515,-2.8876038336564158,-3.2170843583907205
60.678265064753461,3.7323054275836731,2.3474236733676355
60.596821965612271,-1.1728148844664252,-3.9370572623265772
58.866511517147472,4.3461250396594702,-0.049988488277520213
59.457790971905482,-2.348348319454542,-3.6995522757763299
59.844271800305584,4.1318422451468244,-0.9608790914521903
60.376221101454007,2.5438429362048609,-3.0581591647440822
59.992630207779264,2.1321862327030336,2.5446631528808585
60.005502916957475,3.7792773795175827,-2.3134403619205406
60.561619576856344,2.9218635009221354,3.1177241115479259
60.157036131512484,0.2777434244117658,-4.6140664740184878
60.623572919011949,3.3437921084343731,-3.1382254975014172
60.21409229888387,4.122953431400429,-0.27651498475265507
60.606606572237844,-4.4119408652674332,-0.51154555309271732
59.625348507468829,-3.2463092296812088,1.8185817107936946
60.098539948572679,3.967605345452839,1.6861039164445311
59.764626643076355,3.0930271413581276,3.5036683439505456
59.890196636581571,-1.9503565896807411,4.1378104709869348
59.894140081605116,1.9998946987048305,-3.7093887649986659
60.23352783210666,-3.2191383592722405,2.1119383021501936
60.411404354462775,-4.0793238692666121,-0.32205174887844235
59.463725623989845,0.16718124623661201,-4.435287046633241
59.959026827185561,3.6647071833336478,-2.5471262665754071
59.014306233241783,-4.1210931624229907,-1.5340646480010307
59.878144902646056,-4.1817310092009636,0.36404719722351037
60.299669575290068,0.04735837010024814,-4.2195243297055764
59.483405237103078,4.4733149434177788,0.085341755480028661
59.839798622853202,3.5864436197366141,-2.3246350153658231
59.04118890810976,-2.9951484686820606,-2.2605064237690335
60.444236670725651,-3.9232099329917327,1.5155077709865556
58.86672942146221,-4.4060556487839264,0.19142263428043196
59.571493521815292,4.3979867723184194,-0.37989886762747799
59.298289373562774,4.1278172248485223,-0.8865445518634657
59.759231324222085,1.626026924175922,4.8649976230270475
60.18491520433772,-4.2589583242285496,0.87526030109093145
60.320446892978659,2.2132785797204777,-3.7021499665291331
59.8300781582914,4.3391881951795837,-0.77919645923938452
59.36296069971263,4.1074122406485829,-1.2801343461775034
60.544636662719142,2.7296380837188585,-2.916475028382314
60.272800961688397,2.5981637436814267,3.6032613059857446
59.180684943909917,2.8920641409249317,-2.8289310488365333
60.492620790332495,-3.9634132752658622,2.1153900492918143
59.43363037740167,-3.8451069411511885,2.097119727943956
59.851865358095516,-0.73443769177863338,-4.1827864070824363
59.13713628794136,0.54812290121493845,-4.5738173825366033
59.853810826645848,3.8836541471785226,2.4745156509610422
58.818986603327147,-3.2663649665604666,-1.9613993396018461
59.19273194297373,-1.9426639904235792,-3.9036172709395154
60.228069921983909,-4.0626472243339062,0.97020915149671028
58.912745542047162,-3.6820740054360868,0.74635139301177167
59.727003925413975,-0.028914054320804111,-4.2916212189796701
59.671336724663476,0.56437893363304148,4.387623657259633
60.617013303405308,-0.64124853611544674,4.381338098366653
59.855742510794684,-1.2412022665837388,4.419249862678984
60.602693126664235,-4.4372308499416908,-1.2422025581885903
59.043966522966947,-3.1774552761970436,-3.0255440218315655
59.528691407196852,1.8421421263928812,-3.7112668120436303
60.754371577353226,1.9146730452477498,-4.057545928866519
60.223421492262055,2.2058575679288084,3.5604991626321798
59.487712610459788,-0.26551826669308531,-4.1996387543633746
59.740398788628426,-3.8036854215963474,-2.5614179096807064
59.211461484695157,-3.1807940499730214,-3.2286745527351894
59.47788821930201,3.8964977974666857,-1.5496412621334665
59.399502991812533,-2.0288371612515887,3.7051434667016507
59.029838038561323,2.92257465740198,2.8117135128710853
59.522337590979532,3.3081224328216496,-2.2043333917569536
59.108230588221076,-4.0898902157558581,0.2590563880067383
59.783596169444316,3.3940601060026729,2.6448268877499239
60.371840886247234,-2.2610717277654979,-3.4905292813001241
60.095229412055147,-1.8200175466638417,-3.7840619196262164
59.652833935185861,-4.0716431983618051,1.7405728264768272
60.142779902135359,-4.3179483072047971,-1.2960762915496977
60.63963540416227,3.55382451432975,2.5592991022858484
59.401830192904676,-4.1665917976381897,1.920621647116447
59.262880804175211,3.2715111818875888,1.8209963879319924
59.096384994628728,0.080059856960778691,4.5535588553921231
59.781701989874982,2.6296481929677848,3.6351909081435241
60.03048331792764,3.7781171822691109,2.3456706197265169
58.881506272380008,4.1778829088976321,0.057921192296213481
59.364242270288273,0.034510944819646935,4.4426391780510066
58.858087383385246,-1.3447842944205284,4.2896318024274827
59.903129656271815,-4.0559693512524309,-1.7496415073197236
60.235059531723167,4.2023209268268769,-1.6765801677677699
60.273923465227298,1.3244600226561065,3.9224915043511537
60.215902317449803,4.5611785205075615,0.18427420065674907
60.513348407630239,-0.33444371326875744,4.1380026588465935
60.351363973538767,3.7953882288693945,1.0813933412924228
60.228610713265695,-4.2083443280751371,-0.86695655729029086
60.079006774056054,-3.7975461597918803,1.7127736155873996
59.339397648840546,3.422066686707661,-3.0180328773234009
59.076039118766268,1.9084945579129364,4.0739519437475877
59.28615008300811,-2.7614977087957189,-3.2208020240851036
59.687058496684536,4.8651799660743817,-0.68045617711177564
60.235653591805061,3.5616018454573926,-2.1577723179956112
60.378751600085089,3.6831854758716212,3.0928329679777304
59.346201057579194,3.6513779267489297,-1.9289124377592337
58.867926917182075,2.8344929223470823,3.1606506114209565
59.313363221679452,-4.2217016849868809,0.2712250293650379
60.431882663144556,1.3179601887359496,-4.5124599295757015
60.089290702130192,3.8213179419901819,-2.1358429976386661
59.248975197956121,0.13616636016243472,-4.1317522339566723
59.697110025068987,3.7804084160834432,2.6744956302434217
60.345890834148349,-1.5100973121342391,4.3309183016863351
59.455608026487788,4.0278038510987457,-0.83159061140795842
60.597198081017737,3.8341199634761911,-0.90229333542571732
59.030446317723161,-4.4782216676716651,-1.1045299857004758
59.815732561497448,1.6410576521686104,-4.1501258247363282
59.040997733863094,4.344022646583487,0.10392571002879346
59.584995922886129,2.2773537409017517,3.1339814521523874
59.98512263191828,1.63886190933043,-3.865526792103104
60.274652083051826,3.5170863495934901,2.5528301104939528
60.462870680698828,0.5632135648895219,4.2372836852201301
59.740692288038183,-2.1756483331180334,-3.7462694286381688
59.504759998337164,-1.0408265213483376,-4.3178212987766376
60.00053087712422,-1.8911308394255386,3.9745474002775412
58.830542924896307,-1.5799803899345477,-4.0140284633269783
60.236207792382693,-0.12050498410041946,4.445307414673449
59.424795103293455,4.6365428879529595,-0.19929889882119187
59.121669192565655,3.8686949439281695,1.7138271431085805
59.493843071722502,-3.2925350739226706,-3.0720883581491436
60.755174940374083,-2.0600359615451791,-3.9860125113349874
60.173168473528257,4.062563909402952,2.5594785546041989
59.645810689125575,-4.3349033153191376,-0.81969214302448123
59.273303689927673,4.0595379516622678,0.78981997357468769
59.005128695656943,3.2734490775984244,2.7034170926719563
59.596702715064175,-0.16218858673060943,-4.2957849412746203
59.9802030250843,0.92305506298252438,4.2105620478285495
59.1653540812746,1.6924763655321193,-3.8361595857169424
60.314853786409465,-4.3003695273289395,0.40151093293001883
60.821571416362765,-1.0771932911949011,-4.32402000962845
60.126805012169918,1.0962370961464019,4.1221002322573126
59.94467487577014,4.1999741602606457,-1.1571758796639857
59.759063893010229,-2.1299279365130452,0.89605877344827889
59.465521981676311,1.5117291745878647,3.6695597011878585
60.426395004481975,0.44182017110882871,4.0848030858762687
60.330114998582218,-0.84639474111266921,4.1294333204441269
59.839449567724337,-1.9683533055973692,3.6697934944876605
60.4572396535888,-1.2244150124013651,4.6549474240467923
59.011299317950773,-4.032040514122345,2.360800493298207
59.724604166725584,3.009055478232562,2.4328402239886167
59.810453482865455,0.85750129245254281,-4.0586247921972154
59.386249618433062,-1.0059606183086878,3.5786125557900013
60.524641437724199,-2.0456526176673662,-3.9026214494005904
59.918464813612751,3.4320885582421403,3.8086653785893874
59.819798910253198,4.3424417939069171,-0.81245518523738314
60.106166497662997,-3.5883995947787599,-2.4170546929799919
59.100088750872956,3.77140062035991,-1.6242782477208961
58.960690001817454,-1.7353223980532018,-4.0814400630792154
60.383563046337059,-3.5929920666970441,2.9776408751683334
60.388823890973796,4.0481403246976795,1.4300568915245602
60.638138655966891,2.164767513944835,-3.4601295808776009
59.899342821298518,2.7747365457412214,-1.7150506094363176
60.110967406999592,0.31513989826224087,-4.2012352426336008
60.062467329742852,-3.6981328055458915,2.7013667626521851
59.760065501415987,-4.315205236230403,0.53750412965169936
59.286144929242163,4.2983286314352194,-1.5647012083646237
59.408099823267584,2.6704635778395724,3.7813561195986347
59.717420040251788,-2.254163041594174,3.6457666145430974
60.272365109678269,-3.690184829682551,-1.552077233969281
60.584227134595835,-2.3653191063806687,3.564324580509215
60.253355679001714,2.3136693315145744,-3.6913353719756477
58.888825100594175,0.52543381774705744,4.225657190577806
60.633944033027312,4.458460990131428,0.93489875585600968
59.735336769548674,2.0267188190609766,-3.9845739949438919
59.122905243157156,-1.657461430392442,3.8717939102212848
59.06064303513913,-4.4848784292735004,0.69862501139945066
58.999770510792082,-1.7350999238886997,-3.4336513314110051
58.859482085425974,0.95111886857372985,-4.2148379493844201
59.890810917079342,-4.4074326536380521,-0.54316924434401115
59.434563708516876,4.0030397792085708,-1.2240949742574168
59.332802222921927,2.1036183078019866,3.5840345951221919
60.565763327132821,4.1920452707850728,-0.41712784185358726
59.35098651400336,0.38495422996688744,-4.4171921168835127
60.530708795164841,4.3885244134813286,-0.58062921238978649
60.359692870756177,3.4013760224302363,-2.7490886658484652
60.57664128357834,2.9880699740531682,3.0017633531902481
59.475722806899043,-4.4087383435317671,-1.1830671374607
59.400843371612758,-1.8099535400036559,-3.8399544587035495
60.251319744515236,1.8341570100822013,-4.0283758331674395
60.223483838874856,-1.9022624023639041,-4.2406774714489863
59.843067780525431,2.982401101839018,-2.9261622691167566
60.598087450916537,3.9072854525501812,-2.0991804983083808
59.06097942569447,-3.4601867794903645,3.0514130599819738
59.70699477485153,-4.0094769737813101,0.43317548720571608
60.167777052456849,-3.9935001101206065,2.1550147647870692
59.48874673875779,-0.93761772760297979,3.92891703941046
59.404426211090914,-3.0914565226760562,-2.7954521185122201
60.009913817833485,3.4173321117660289,-2.3005603260760545
59.733053033863492,-2.3351948962174256,3.8255811423946486
59.997087321195131,3.8389979681525803,0.68292957137095711
59.795390484436567,3.0143348285817129,-2.9670368521582242
59.391174109149709,-1.5670418553142722,-4.0653179731207914
60.472940349494202,2.6622575760745408,-3.4042254418099156
58.94816549173261,-0.98679276763998802,-4.3196749573482274
59.300016383132991,-1.3091245655316337,3.9122067328830239
58.962369255724681,2.7959744957463317,3.403983758534026
59.378110919142358,2.8136688803923371,-3.7760041040523786
59.886943357219515,-2.6074667578378699,2.9587407374994048
59.825409380845663,-3.1303190667606926,-2.7865182588336594
60.057991532611425,0.33065783390136644,4.3629623204272772
59.75576282210406,0.9775029612411742,4.0054537620238619
60.672470844611212,3.6653637972887512,2.2057725173869627
58.878875641931359,-3.5427558209760752,2.0980535966090317
59.237815994894838,0.7044403689624873,4.4737480597154171
60.640947774230568,-4.386271134820535,-0.34781465354743407
59.242593499151532,-0.39920815294999595,-3.9695924582636071
59.389806209829537,1.0630586158075117,3.8074640523747663
60.496316928527143,0.64547529694354422,4.2594707727837013
59.188839990995007,1.8498546632900632,3.4181526745085105
60.481886070460753,3.1143772032147878,-2.580003884442835
60.592918765430419,4.1559035919773128,0.61224809454616724
59.242590696979043,-4.4214987947043829,-1.0098662975319201
59.248872773470971,-3.4817658107619143,-1.8677228516334732
60.534603467486839,-0.022572361977762617,4.4700448169606561
59.347488870363627,3.3870512271519875,2.4528426285896963
59.771001225791821,-0.5337478386046185,-4.2056831709269344
60.389297604734935,-3.3511184817469242,-2.6424711998558594
60.518084024340794,3.0123542742754958,3.0244462656287174
60.429464070316975,4.5921719740720315,-1.2724644976091433
59.056780748200708,-2.0196586448254572,-3.5142392486320269
60.190785058389842,-0.37983685666689765,3.8367106724304314
60.057131117866774,-3.2451148679185566,2.3889295095750582
59.717335489545704,-2.5999673056560222,3.5368644956784654
59.633972845923815,-3.3118929876619223,3.0982391343108873
60.160074073913407,0.025075182638870611,4.0047486544724737
60.723985304903138,-3.4013242201162375,2.5825701600108601
59.119882027758408,-3.3427348309022205,2.4497522139507018
60.526334246240189,-2.0719122702561452,-4.1417746737809304
60.653403305278353,-2.8067950175754475,3.3996985283562515
60.051992344936323,0.12840704295077301,4.4281503811301306
59.429143037288377,2.0098316647713159,-3.7564239266706938
59.328733789010577,2.4791608481426457,3.5589801580806801
59.075260363865816,0.85011430671294885,4.0330268745547304
59.59088743227823,-3.7905971283895168,2.3482492996705928
59.27342676806834,-0.29538171362910792,-4.260508715572457
59.140328855771251,-3.6894135928424943,-1.3468459551285925
58.762208443369794,-2.5846142413335871,-3.4615549987600329
59.319159834715244,-4.0173806388331972,1.062235617776254
58.832852494449156,-3.542099881814142,2.4077985042838388
60.559145756634912,-0.56829431156470356,-4.3049838418625379
59.305916851589082,-3.6506368235896995,-2.1286159691082305
58.872712729828642,-1.1847551999420465,4.1843646928988925
60.537688370134191,3.3408000507466111,2.2013832059237108
60.330946895557197,-4.208480203818155,0.17327431336159616
60.603975172043633,-2.8743766483267592,-3.6870991260465407
59.816693610689761,1.9580818122383707,-4.0336684327596695
60.450729907685982,0.32909144734429108,-4.1797437911844293
60.687030119451478,-4.5108180759478982,0.10398054002114344
59.180493311406167,-2.2056099038277548,4.1785158137140685
60.381731545950196,-3.5436679006623795,2.5006129299213566
59.679886166905938,3.622212414726496,2.5636310799860635
59.080192880009143,0.18062832570593587,-4.0877563173409799
59.993456861201004,-1.8494057978523291,-4.0587364737493958
59.843093094853408,4.3240521419403652,-1.6258541603657688
59.236378872649098,-1.2287426755047002,-3.860812428459262
59.176638164129372,-3.6451265913202264,-2.627159134024446
59.069387862693752,-0.62052844036940835,-4.444084576911159
59.761642707423682,-3.8644746503050165,-2.1791365597129189
59.048363410692083,-3.6094649474625222,-2.4655600557983632
60.326516701947114,2.6455041555125436,3.4631934982279309
59.882448763194752,-4.7131866821421147,-0.24913422855936856
59.361393981593544,4.2738731367895983,-0.084807772870352183
59.249288744624621,-1.9675086525937386,3.6040673154554517
60.191871936049388,-3.2790048463289296,-3.1062403741704654
59.7504740763017,-4.4279036802866703,-0.30956711207916549
59.596126543231286,1.1902724628739054,3.9250606363335123
60.521303520375035,-4.2617829241718157,1.2527707063452969
60.040752980100194,3.8929514567565717,-0.20772386575860055
60.396319242693856,3.8826278433717261,-1.5762245230347851
58.957837247913361,-3.6629582844030186,-1.5159151854687927
59.951223043620047,-0.1336993581324176,-4.0714027800494081
59.560063177472593,0.6379879281832157,4.3531639376395308
59.094816678061086,-1.6540292918537252,4.1492149648610024
59.976339716889058,3.2052892344276436,-2.5204295727801709
60.554845917776227,-1.3142545063592284,-4.3211587899513626
60.012246228558958,3.7132513189030623,2.1907970722588517
58.923956697594456,-3.9693804060384927,2.0900369091186581
59.353183616392393,2.9268497399071745,3.0627506742816895
60.691234994924329,2.0104531357500277,3.4374077365179407
59.790803038821544,4.2251634877838837,-0.60440354701294452
59.247957947575671,-3.5187477531246736,-2.6388957702957354
60.467343235859602,0.72619210622078234,-4.3804528759311712
60.457988609886137,-3.6781133519259024,2.5790382468178801
59.551188123637672,4.3825621219849324,1.2397577745938053
59.312554808199046,-2.548311543631038,3.0105743923513559
60.025575427699451,-1.4953925536447519,4.2459286260450213
60.678337515191679,-2.0918338216921675,3.7379158225669662
60.149158975016071,-4.4128917236709491,0.99791135046399404
60.522537390500879,-3.4503388676379312,2.3249557450574838
59.709060777239166,4.1360515058814471,0.55514817459359
60.241763530297952,-3.2800702782129076,3.2187082275948136
59.147500674646423,3.6911948593002104,-0.66675476205252249
60.558886070204913,3.4165190484221863,1.9817846778177737
60.817105299621993,-3.8356315925458313,1.1157603744448348
60.11876368709077,-0.13070809515669035,4.4963283450006788
59.162980891877794,-3.9087407134181849,0.32245401546571645
59.612979062730226,-0.95808528783725611,-4.8170577411207667
59.187073445687382,-0.77663450370036291,-4.0762007390087334
60.01406244691853,4.5183301921234049,-0.90056081062221793
59.558465499449227,4.6614941580452856,-0.60797971659377692
59.722772435945544,2.3271209700270816,3.7509786109627061
60.148515319724353,-2.8759835899362454,-2.9696316500765176
59.958911146200315,2.1890135123873731,-5.2140111807544223
60.335354365017423,-2.6717229303968146,-3.6471039320973526
59.120610684123889,4.068431703985584,-0.6830867286398703
58.823241587019098,-1.8202575552912277,3.7899333471315675
60.682335272061096,3.1615201282897023,-2.6786806509934111
60.121967331224191,4.231058743919025,2.2014521772646223
59.820536458707281,4.4706036226073058,-0.53859172139875122
59.476631202054023,-2.6686510882726027,3.2516835807163131
60.658420421718063,2.2308837893520708,4.0240587484915151
59.017154138731932,-2.7669629550469561,-2.8848407319837577
59.827248219771,-4.1715579214333323,0.9186943773147902
59.364820828457276,3.2357760718540627,-1.8735663957732003
59.200352313413404,3.9407546636472151,0.5293047975486922
59.518777455265457,3.2077212503704646,-2.5397447911762328
59.365659139808052,-0.85403078907770058,3.9648241676038833
58.976012453703945,1.9190051333223699,-3.6425544977190993
59.364487249043812,-3.2450403668668302,-2.8102975617005659
59.137092160306935,-3.6797175069203401,2.1816120763786726
59.985177570706874,-3.1035252940151299,-3.0909087432804268
59.835089658755464,1.1187887770367899,4.15601703635474
59.662302233587212,3.402175671217655,2.2740447765391334
59.180751485909944,-4.1875715062755461,1.4242450934869588
60.167206217314607,3.7459902171964137,-1.6776579772548275
59.632484690266843,-3.3265990850601121,2.2922302615351349
60.386051647580274,1.1968584279458123,-4.6843618948128647
58.877356495829119,3.5345381453129483,1.3205617999986263
60.406955230580415,4.4731752968625269,0.64708723626213471
59.568649315968841,1.0552208677267623,3.9906077794114974
60.382242214250944,3.9046323980268061,0.35489346542952704
59.930260479920626,4.0904939243581202,1.1688813584095386
58.982971645449155,4.197878831662444,-0.66784348698480411
60.309729198166117,3.6854967554782858,2.0558541596642588
60.488532894101418,0.80386034304005705,4.5535583974198079
60.505428869984172,-1.0838257256311916,4.1821059778148841
59.219642750553511,-1.0204644931835603,4.6377484532221898
58.889308501147262,-1.0701590143899076,-3.8059355767190248
59.818403209939333,-0.53932576066736027,3.9855337890830165
59.369508950910905,4.0258318613386503,-1.1491683714461245
60.106892916813749,-4.0438980145771035,1.1960936475357025
58.904969130512654,0.64697319385808127,4.5892712082512883
59.555011923675984,3.4602469725274614,-3.2033530970423092
60.656549839757808,1.0276374775698494,4.0610070836663326
59.23471975904426,-1.8833164146921073,-4.1196591430861034
60.172587314469482,-1.0572303971697814,4.6119184499467609
59.365689819288953,-4.3420548022602006,1.2037606596036752
59.083506685353974,0.39401865077141957,4.1975896350878683
59.417365672867746,1.4474710844133212,-4.044988835020332
59.144273084026551,3.9216612710895133,0.59612158489539946
59.042012027039902,2.2021143848571083,3.5129188474015147
59.781139728340683,3.9427008069069949,-1.490106129190468
58.99927141787537,-1.1064950977525505,3.8534919383672834
58.949373694096408,1.0036131346578785,4.0024960644128864
60.139497421639341,4.2187931397459462,-1.8843524371532117
58.998949289553465,3.0055629286160639,3.1096619096337426
59.789085826530815,-2.1955823988636398,3.1289475959289312
59.820796887294399,3.2111284975445864,2.8889982376922458
58.926933743292921,-4.0440168228427913,-0.13243077262990971
60.137181109181959,1.8251131510330805,-4.0879752451779856
60.616861737391901,-0.99584913840800227,-4.4499862187406816
58.978086566588686,-1.0162131223192121,3.9429981959924292
60.783054030573268,-4.2950277305474254,0.66597090357958522
60.05948450549505,-4.1348212326814924,0.71510513036839762
59.626859150175186,-3.9008047138226836,1.7607279747496696
59.526680332664952,-0.72916193685200292,3.5102537216943519
60.537757792143921,-0.14567311692789747,-3.9605220681061657
59.560458260952586,-2.7143557279118697,3.5363420865925961
59.158575040747003,3.8485051017893324,0.92868174393724012
60.61205219457301,0.40736668269748888,4.1675792191830574
59.331649111056954,-4.0693097787350601,-0.80246838127600928
60.640736562501409,4.3614458243260366,0.29392558578970734
60.722768577376918,1.123831015207353,3.8489540537668834
60.547847565596904,-4.1048579058526276,1.4766697180564052
59.16812484934696,-3.5809693009487882,-1.3004171239454754
59.28240211898067,2.7583358698012406,3.2503152766906158
60.372933919757372,-4.1346326227835126,-1.421898498107294
60.051819427270154,4.0448094343337022,-1.3761188370229784
60.326228287981266,2.4620926814134334,3.7357447758556903
59.002098683888519,4.0635089182173578,1.1335971431192196
59.877444937546755,-4.1863993598208458,-0.48164092954731563
59.60345125912189,2.5963628436050419,3.3311124423916021
59.97415788679546,4.2471962535340015,-2.8860041658298603
59.864555116463244,3.7376604593299847,2.4910102417942896
58.934322397837597,-2.1519348150135351,-5.1155950731256086
59.567183193056692,0.22236894100302265,-4.606406254774468
59.048111699322838,-0.27512000623428728,-4.3429265919143596
60.415983812693753,-3.7563455721708472,-2.1605787127650316
59.930980567059152,-0.2546258022569729,-4.3231698300707277
59.316582566502056,-0.77139660671487942,-4.1149760305152698
60.483525573218444,3.280097516673588,-2.2588490711575178
58.944334742855176,-3.6748241115596483,2.1383996837996806
60.539619474008134,-4.1944212190526082,0.65463894126741107
60.712887593177904,3.7493795380921351,2.2081254508370214
58.906653148237361,-3.6194657026117749,2.5362068745820805
59.427174783941503,-3.7517725926190386,-1.583142349574467
59.662529810886205,0.57263854428698846,4.4371506541975796
59.824736681875862,-3.5974575076917867,1.3879098189594394
60.018512554806641,-2.6692839920745546,-3.2164515512360849
59.096204830038324,-3.9349068773638018,-1.7848046579903707
59.307887945707627,-1.3561564476494403,3.4787166482157947
60.461215172918514,-4.1316089156582407,1.5329321957129483
60.233583332253744,-3.2326848658567986,2.7524345536750672
59.949909689189532,0.94128279776689661,-4.1195584620828871
58.950828721849092,-3.7358222050985708,-1.3028490164803201
59.440956904695554,3.2709633984680546,2.6896681691552704
59.414375594308098,4.228621025688228,0.079539946563286848
59.429631635275946,-0.87636814236684324,-4.3704837933157643
60.399537475939887,-4.3859155087143114,-0.48691572368089064
59.044997346547454,-3.081423519437164,-3.1206353684314814
60.344406338526227,-1.949218458691887,-3.799382708092141
58.830240172432632,3.3019185888465685,2.5707369015739756
59.073410763470598,-3.1831609898543589,2.1762610710664996
59.386619714851896,-4.0383571206973565,0.80984048149509735
59.438764210085964,-0.88547515847137936,4.2628783060740831
59.98222331174982,-4.314478794288628,0.53694988057417281
59.087493366922544,-4.5496778892927168,-0.046732729009387727
60.576736369801132,2.2838108554200121,3.4955168982743956
59.297203005179831,-4.0966821000638838,-1.7522105872335283
59.231490536852661,3.9323475596759279,2.216090597635509
60.149124452371701,-2.8046956301511772,-2.4302942145830464
59.583153446504575,0.70179141771369047,4.3385383702902844
59.164839301454315,3.3344396196066342,-3.2143070941545329
60.208348749472442,2.9514636028544183,-3.5322712596689012
59.73535786385294,0.56068994537701611,-4.7532516280817809
59.490624265497978,1.1321912634166866,4.4230272487495315
60.454310580084119,-4.2502872973042276,-0.83027721334597715
59.510640994303841,-3.6267896050858393,-1.5928966250297547
60.564202805812393,4.2682707873507351,-1.375400163108736
60.833599970833426,-4.1023567553428872,-0.82564672404845951
59.772520267007472,-4.3486590963854921,-0.53402903965845216
60.123273202719702,-3.4938801373880954,2.6568822195717394
59.698304832868118,0.73289872907371467,-4.510472016083189
59.195865391529182,-3.2461119469224218,-2.5431261040554558
59.882850177105595,-3.5276944955187228,2.782031492310038
58.935159304306531,-3.3925292806298493,2.4978681785182744
59.210478424666043,-3.7321704648358227,2.3558841279426685
59.81215394266728,4.1120811726752935,-1.5857291674295211
58.819523703895065,-3.7874232226659927,2.2140446045910562
59.575113381223638,-1.2226928496577434,-4.4427041193307382
59.463011476955145,3.6505499119254683,-2.0349761616512425
59.936900250960839,-0.53987609703133221,3.8514524792701295
59.232083070185794,1.7312727556747147,-3.5687686966686165
60.019974153477825,4.0254754508299264,0.39137388154904812
60.078989609919532,0.17129084500105618,4.0832258536315322
58.920165459982741,-1.7234192784211539,-3.9417502905605359
60.709049908947243,-3.9908177218317293,2.0980099609677954
59.031568154820384,3.7968993799626594,2.4870364132163876
59.96814549906734,-1.9142235751803058,-4.0891003929796748
58.939776021898915,-1.3726831883162112,4.1720483520131202
59.894689671276936,0.3469876886172143,-4.3549685899338595
59.377505285656326,-4.3561016199836979,2.1448416835046067
59.846942116427755,-3.5017312333160122,2.0896874657676672
58.896158957485049,3.3941892638067968,2.6883878193738857
58.985924325898637,-2.3335473349507465,3.611379032722196
60.516014231498168,-2.3010931191907167,-3.3808694836904607
60.433520513750771,4.6355211127436418,-1.1920950933835135
60.510686971077796,1.1617889052928767,3.7964720667638461
60.498669510865341,0.9268752317493375,-4.208893358007284
59.935547102842001,2.9976152454341358,3.2906224531247212
60.269100824107653,1.8986473768254026,-3.5839687437292005
59.30497323510555,1.0176507420792391,4.0964154510311053
60.477144529822617,-2.2915693369430556,-3.1247616539332315
59.593482718343282,3.534623042250717,2.3423404735198856
59.800198623987129,3.6414423150976396,2.3573017289100293
59.586673342093874,-1.8180496359710188,-3.721386494342239
60.536936049649022,-2.854735901600439,-3.2406841010851051
59.412496482042542,1.3353266964260877,4.1532610156679386
60.040217233811873,4.2142061446442991,0.40995019300302599
59.714498851045207,-3.8472585532743051,1.7441751108175909
59.223935631941735,3.9365254015155426,-0.4293019885211638
59.398812655177167,3.2525916788157225,-3.1310786030783708
60.475913765105311,-2.4944091083463551,-3.2693540739039713
60.598974523941415,4.7825297087111078,-2.7772949099055975
59.602753569073926,-2.1061743615479007,-4.263577788866205
59.550838153107833,-4.6578101531365634,0.16204429076366983
59.580577827712119,-0.14886194938293729,4.4466899432462821
60.29397363728264,3.6975735024043477,-0.97869636658662207
60.655530981836904,-3.2958730477344904,2.8711449015512436
60.28848243678928,0.13405995497339174,-4.296215412000473
60.60266255308499,0.37575741831911347,-4.6547050090302484
58.997454512378411,4.2476183574397846,-1.0070383954845923
59.631393217366082,-1.6192039302495491,3.143603665799279
59.97382493753593,-2.0326708549035195,3.7289044800662596
60.537691521654274,-4.144917860354532,-0.40522039556229295
60.187874460070525,-3.3581352580149084,2.8724281497507427
59.102139439890109,0.1601096213899445,4.4289638847106456
59.707239262778941,3.9261810513188036,2.2524373176664283
60.351152126871646,0.89990565102910214,-4.0673131223759231
58.858770721995306,-4.2427650829789423,-0.65601438652104638
60.030668476708918,-2.1778530702284056,-3.61448420140528
59.05854626501511,0.9394769278316647,3.9619604161146476
59.614792691423204,-2.7222576013894622,3.8480772424544689
59.561958031312187,3.1369715083951402,2.5067354191517039
60.602606130573641,-0.21464923646734732,-3.9058933002160336
59.109893404668917,1.3094182508415597,4.5763411782874535
60.207824456249099,-3.9670959485610902,0.55574690702683327
59.541286193613885,-0.15874070925606223,4.1333226073932803
60.666475784571439,4.1533806917940659,-1.8858331199789875
60.423886988358547,0.81341760225857673,-4.2458488370587526
59.8418891345082,-3.4037799654749166,-2.4156626924378415
60.103998865872676,4.2121594939323854,1.0839915243929097
60.285466957568232,4.3552928245715972,-1.344525746443282
59.378755404506521,-3.2825691628608284,3.0095863075216913
59.601636084117608,1.270076234259178,-4.0246353777803643
59.640643717108524,0.45879052186577313,-4.4554856049521065
59.261369696141138,3.406957875277008,1.6179484340289316
60.251182401952121,4.6740448038171118,0.62715749925535935
60.621498753365074,3.3922672884366425,2.6707032465939355
59.486890203816458,-3.689725659497014,-1.8941659141903828
59.233077596457491,-2.8167887232375262,3.3550229566323773
59.594843232886085,-4.1219976010775641,0.36989822417141427
59.649914010362366,0.47555437415423402,4.0737058488627582
60.496004334714215,0.32133663200389712,4.1624043033543412
59.288831165416205,-4.6400816370928641,1.1417186552771574
60.270189435698462,-0.15787166043063591,-4.5159082568543258
60.323157092034094,4.585093466766569,-1.0331818757890388
59.667534418514975,0.076478508635457257,4.5362639190492517
59.229425809644496,-2.8871245082677777,-3.8455171085258772
60.032544985223346,3.5653153158189017,2.8292180350958587
60.433630229212824,0.74253096085765891,-3.9857533207271998
60.527956527381008,3.4704947413005671,2.1792393442508957
59.989918657434337,-3.2579579437219661,-2.9374572044084548
59.415172305509387,2.2754514125544545,-3.4206461169653162
59.508262466221304,-4.2985908472860599,0.88809410959447765
59.988409938848733,0.48345353676268288,4.3543311311273625
58.9128076517772,2.3482553156117181,-3.3048602272255438
59.867866697181277,-0.78425408851646017,-4.1667573643463038
60.542792782715189,2.0667048069709311,4.3617491065673635
59.230325649565295,3.1633630946568245,3.1989836006998722
59.909805148256062,4.4226899256111789,0.097616391401456337
59.464874349426005,-3.5385531205729994,1.9637468511583023
59.678260777560851,-0.51296325130575005,-4.1482257289435989
59.291406841678352,3.8724103403528733,1.2810248723392637
59.357469422745716,4.6536714844465905,-1.2086207491471137
59.326947671478678,3.5771911783956809,-3.3240513229203477
59.382549653184675,3.8706421977015952,-1.9908473781690725
60.741450961153625,0.74947206250096965,3.8780326628590616
59.817843806610682,-3.2559618136817687,-2.3223451879778585
59.324240818585182,3.2292214151995831,-2.7980730614027118
59.689766317250474,3.160487894008734,-1.3278216879485378
60.05219542956317,3.3944753614508789,3.3947615028117046
60.204988510660314,3.3560117746516682,-2.629917337439406
59.766528777808318,3.9357740922385847,1.0209772870197544
59.152230233161418,0.058065329078706082,-4.264821897691732
60.462820242386627,2.5043172338849997,3.9449844670519481
58.867578007908868,-0.13207223917031258,-4.5871835334800233
59.420999177127392,0.91671428875869765,3.4412747856403469
60.179960099036109,4.4130476613361838,1.1788923964858311
59.976992823180503,0.69637642931058052,4.7051208322924767
59.872293591420622,4.301067335282668,-1.6689520764296435
59.407806419316728,-2.272020329983472,3.1399999683674729
59.170051032230994,4.1910035358265558,-0.95516055345372042
60.666226551523131,3.690956352115299,-1.9285303357703536
59.158688827921424,-2.5009563145524356,-3.7755141070578353
59.124845624161232,3.0344686107451788,-2.875424885186316
59.626223544301745,-4.2207011324425228,-1.0374910014837806
60.382650593749752,3.3262306881561328,-2.3548495294543201
59.92713402568657,-1.2314292224802905,-3.9419746183616615
59.73060183808856,2.5368557840002546,3.4494482537093125
60.599376982270911,-0.20659051393505906,-4.2358055248449347
59.019315973614631,-1.7916953456796727,-3.9489655795787151
58.722655098273414,3.9303093771141042,0.99258316903557242
60.055183586872161,4.112451546570318,-2.1814520667242516
59.910155228941868,3.5926119357345327,2.3990475465503236
60.227535679135158,3.4030745338874269,-2.877996928373098
59.73189611007281,3.8541091333686217,-1.4185391265146399
59.008412097123582,4.730987360284451,-1.5110057097916987
58.930432721383468,-3.0470922766166009,-2.8377491671040551
59.599115766397873,-1.3956764895332336,4.3853044526318596
59.7040844893559,-1.0123931540764011,-4.223471994540545
60.530357204321398,-3.8193284274572892,2.5460619621128715
60.092477860437249,3.9464496158499194,1.1164244051852223
60.092809942086056,-1.9138309516618732,3.9035790649457485
60.352281781807712,-4.0637745078414298,-1.7200313229770576
59.436504937186399,5.3929233669848067,-0.82773474302877403
59.876142086672317,2.2670275512549409,-3.5365955495795114
59.595384741012175,-2.8220426075102956,3.5205598381624976
60.203360176658755,-4.198895481542003,0.1364220104114004
60.435433168341952,-3.5424569341849095,-2.2765442756074261
59.28417992460512,4.4119219815928856,-1.2663800423147982
58.781490487702925,-1.8524265705971117,-4.0678620437928759
59.77873970106733,-1.7558353092134364,4.0688186362759469
59.657392827955519,2.6745366796115899,-3.3870844331608865
59.337707847168986,-3.2132810094682016,2.9007871972054891
60.498752946206437,3.3044780444676363,-1.7750652702075065
60.619364476945357,4.0375593071647939,-1.8379966439700699
59.434157211454185,-4.1364243122260467,-0.93999348507804559
59.485257162731436,2.6567498285442137,-3.6008404634067794
59.083283495668788,2.202410139006878,3.7036902708303869
60.682084699163845,0.16454905744708767,4.4653191221266049
58.880463292104018,-2.6542530588523183,3.3805125954872839
59.997552785702993,-3.651620194107875,2.2761801555541301
59.753262031887161,-2.8444199212447727,3.2347101594134835
59.132113943648555,-3.913619981386661,1.3520692867227744
59.061396208982039,1.847801104911589,-3.8410149836331691
60.298356408573326,-3.6671516564540378,-3.3933445263505124
60.677038395919901,-3.8038820741733201,2.5250237628897523
60.5717133785896,-4.1406970255696649,-0.28185029979419907
59.565120039993907,-3.4434147733994189,2.4506102464855952
59.894217114460808,-3.1984877944327419,-2.630730883393511
59.873388768396659,-3.2604151323169699,-2.6032136896819011
59.554488205254586,4.2408713832205205,1.0550666489928695
59.517709702706725,4.2335769492041075,1.1170138089470441
60.31860278363073,-2.8734940803904188,3.0753154910313336
59.943094654339632,1.7714359990268091,-4.0887285988300315
59.591666425464751,4.42811334917549,0.13742944541454258
60.21884059244875,3.9584884133433569,-1.161331283309277
60.201332055914165,3.7126887999927813,-1.7567390325168475
60.332032846462873,-1.7642416806076759,-4.0828439381691304
59.519114832272486,-3.735937068612722,-0.84606665976717366
59.379065806875907,2.8225452153959063,-2.8785714336599324
59.777437981177556,-1.7136050735527022,-3.5763235784346312
60.495604454149081,0.4351038227164794,-4.1714677706272747
60.205111623455814,-1.7357323018950732,4.4126691232210122
59.514948755114908,3.9218270350478139,-0.9187470598061499
58.953733908765457,2.6303011028556225,-2.9296617146935953
60.551056698487749,2.099329753363429,-3.6677548649693219
59.00032417701361,1.1782598474555435,-3.7131536729688115
59.935710653868583,2.8675935658051892,-3.2535256298174406
60.587974106406094,-3.1091480474775151,-3.027253495982436
59.393119222595196,-2.735153457753241,3.2959512620253029
59.186022356740565,-4.4594301644770633,0.32414200827512313
59.919506532153051,0.68558773966483877,-3.8970245557497156
60.326352449370596,3.7660141447817925,-2.4881121318667492
59.868938667747692,-0.064930217312509905,4.4028679699282876
59.771761472523764,4.0373080124289258,-1.3016479695919105
59.75398412345475,-2.8202105716983104,-2.4592748694745632
59.61227208946049,0.053799918345609793,4.0821257934757256
60.603624631149827,-4.2796549938369024,0.048027268150313281
59.184588194701213,1.7215898030904266,3.729641085981358
60.111132010534277,0.53869204484058819,-4.5424753589183098
60.538801182916245,-1.4877450514325172,3.9118409996043293
60.498653912583038,-4.4530245238649035,0.40550094953630778
59.226644839412209,0.32515973798268599,4.2793229879716019
59.957669884432562,3.4070474093408945,2.7737399056765475
59.071763135214979,-1.9636560997596433,-3.723263913112584
59.308003799800574,-2.0464230203682927,3.6730925752715327
59.473994118747278,3.3560124389640871,-2.7035041250796108
60.413555013786258,-0.056217536120375583,-4.2278676926771581
58.854294635507969,0.0036717717884917011,-4.3546689745362741
59.873126472551313,4.2855434801109062,-0.59639335105603164
59.089826902599498,4.2276529430797458,-0.61591280793957148
59.570666604779873,3.8091804428788358,-1.6505857478866497
59.72155573576169,-4.1817057643722171,1.4372979583989234
58.973808804582006,-1.1095057777400403,-4.0367317394586255
59.986921082476144,3.4538574123484329,2.2744959475136399
59.895761429065395,0.49464244961711268,4.1487102081807885
60.784404792061125,0.94964278418760883,4.4311861670740065
60.133857155735086,1.3209895270168561,-4.1831430783920966
59.886153238971481,-3.2335191560697667,2.8799187749313959
59.16148882228655,-3.6729749174202753,-3.0390696122450018
59.397463945630491,2.3781930187286839,-4.4530469970007207
60.118883549228762,-2.5079104174591977,3.274788795010811
59.309764588295849,1.5269744423993581,-3.9062154836768741
59.973214243033595,0.40078056102117499,-4.4555022847202546
59.174589660243846,-4.3797704618821776,1.6794641130871517
59.722845705044968,3.2739389225667073,-3.0648774184995551
59.642475758038344,-0.77903720640258045,4.4638282977780506
60.584710596208694,3.6369209609609028,0.60122987169229425
60.096651259496859,3.9423508236798379,-0.22919936927894147
59.830763089258951,0.99343385555627117,-4.2675060316750031
59.094793148182767,3.5060265424487369,2.2948219635342331
60.250637171283479,4.8797796678745078,-0.1553002817693864
60.499816602247996,1.3493502157221655,-4.7160350053994913
60.600786126649318,3.4687072182055263,2.7634626607080146
60.59762253423245,-4.1712894436648744,-0.18718501573526355
59.030993532134559,-2.932468098613914,-2.8943426090638504
59.387807508638744,-3.6166025293114354,3.1259477573609784
59.568212482139934,-2.4616040525169667,-3.0196755232152852
60.501834915823693,-4.3395756378995767,-0.041658977048058446
60.274194081381133,3.614897409022126,1.2677633317670061
60.712518324562829,-1.4784610511447764,-4.2609371718966544
59.724672311727979,4.2706642470642029,0.40363027647961403
60.546628829048174,1.7843460022418505,-3.8148500210241578
59.038770450052802,-4.1540728863662686,0.85139258215830105
59.975022155689295,3.7326555984661112,-2.3078298486460751
59.04057795226484,3.3550823699699399,2.606162391672731
59.529112667538158,-0.43402031664066454,4.2277851518695071
59.110460945262794,2.680601686580697,3.4932080356920436
59.694642915606771,-2.8188189516105289,3.3230620736347229
60.823670899848437,-4.1016304281306155,-1.0689762930429549
60.609182530569498,1.5480656660424867,-4.0621320416260449
58.790286974288748,-2.6486019228524391,2.1665670265173405
59.290948212079364,-4.6478035462913247,0.73702280389383301
59.649561256056593,4.0262491466544521,1.5518635107009564
59.350612114136908,0.37567341773200269,4.2950403112615003
60.560395240511959,-4.1822600632492319,0.51567129910469223
59.48476789444409,1.9331689396909042,3.5750117032313642
60.358918987941593,3.2633536646588346,2.4327629437350908
59.69693350822034,0.3449620828794811,-3.8687175460627423
59.434343735680585,2.3984981178055023,-3.5911418833494024
60.611396230985612,2.0155939756269294,3.5514764116618887
59.673520408057044,4.361731241466285,1.2947798075794916
60.625499412923006,-4.313069104192528,-0.64940217499729136
59.46207047237548,3.9467987048285531,0.12987095705476073
60.17141621237846,4.6976763432400421,0.80199288342587083
58.894519815772902,-3.2779317058941957,2.6193309600526304
60.612640809411467,-0.25905178363060544,-4.0538398875582038
60.270250987253391,-2.7507005764901518,3.4617588543815265
60.635283177345336,3.1625408249178517,-3.1108929535408483
58.860300838880022,-1.0828615756342737,-3.7298461124536093
60.270370582076488,-4.1789391475817244,0.4708452906010489
59.994357412577024,-3.0045735270736569,2.8148917767108244
58.857868134728953,0.083016741840399783,-4.2819697677361734
60.512303020148472,3.6687438516177711,2.1630340198404698
60.421192044763146,4.2619975400575241,-0.26515876497968
60.585789015802042,-1.260327278369068,3.8547357218072715
59.414941563501195,2.2737408749117507,4.3231852726759366
60.777279828573953,-3.9138325099966504,1.5069850776981104
59.493367912607646,2.2869842514921785,3.4553469208851615
60.522199693804183,-2.7456225321609025,-3.8739299105055247
59.948086466317669,4.0574576830435989,1.4461781534825382
59.828182917075914,-3.2058980625192253,-2.9317082475556169
59.095070604609255,-4.0395902363747975,-2.1444797546541734
60.145477212083776,2.6258516089249415,-3.3521824959339428
59.185737318452844,3.7484615080577868,-1.4273245136545363
58.989610605947014,-2.607406195333493,-3.0164237400309082
59.618439787170864,-2.2321505458716149,3.5200783252120242
58.960400461954606,-2.2556032823546395,3.5675183695110961
59.052720231975123,-3.7854759055202045,-1.5232873483286438
58.918811365312244,3.2901226578667102,2.444614821892733
60.133049473272216,4.4255209394744899,0.36445594543508525
59.305733131782205,4.1466180225524409,0.81756870751374611
59.908569319900472,-2.8920048900161923,3.1648835809923583
60.512421250770295,1.6481302790169428,3.5698322586228461
59.341437712000918,-4.1820853672718972,0.98009098177321208
59.616745208993123,4.4707623349498036,0.48433830536254568
60.121982535160676,-3.5181788656601598,-1.4884468877470085
59.79040419989618,3.7473724032635483,-3.0558420703042812
59.391510641148869,-3.5226092116034668,-2.2807911409176502
59.17529211273002,-4.1880235789071047,-1.130609687186638
59.726814455889233,2.5893269962590915,-3.4093149542961823
59.592218746138094,3.9060501398775953,2.1248375036942901
59.603829857897622,0.62580656807372137,4.7324357052526205
59.712464868881746,3.8735621355700904,-1.8300490978731621
58.985435987862019,4.2763615327984237,-0.092528634745552035
60.231257339932377,2.8146991585082453,-3.3198203736461673
60.203470063247259,4.2278275854564606,-0.83773522719850191
60.305891294938149,-3.0654763462829187,4.7920232791640016
60.507175707812131,0.11270883192807199,-4.3784795526904627
60.275420065230257,-4.4367682466276923,-0.16783462644403058
59.012040207446645,-2.7038278618558493,-3.5531135478116735
59.72649640336693,1.8223608159121938,-3.9548498209428553
60.558462468690898,-2.656484348367337,-2.2578838420555787
60.266048382355478,-3.2647399170223204,-3.3434640464150114
59.912066555913555,-3.2331335713142217,3.5637286962286225
59.862801118370768,-0.048453118355888586,-4.5193069710130382
59.477158932657588,-3.6476882612458774,-1.7767702921006181
59.425235973149995,-0.66600375897926389,-4.4979006587734194
60.30290025901904,-3.3441270014321098,-2.735790097173179
58.825273597415702,-1.7221769668621847,3.7228265384895902
59.789881897240633,-0.83240731091251996,3.5522287053067254
59.979046700998346,0.61622338713515534,-4.6396784647838087
59.86302660026594,-0.27128786515121983,4.0871541913335818
59.986523588434736,1.6744078957258528,-3.981506578340329
59.782251803266263,-3.1682302625274281,-2.7867643243373026
59.962634255628679,4.0002680890015112,1.7801923746146231
60.265337911938019,-3.2835314293913669,-2.9246631323253132
60.644952466260577,-2.5376505016900386,3.5375407920715727
59.740947121530411,4.1653516953681509,0.86351832045376098
59.584801873045485,0.37293487299982342,4.3542511598760845
59.674676487674077,-2.1290966124267929,4.242403068908053
60.282380304325791,4.514105706975676,0.054961175908059413
59.892112425819285,4.1796231084970117,0.36316874421575207
60.294210890131964,3.0973617062571348,2.9856755170759715
59.593839916717833,-3.5003537030087286,-1.6514566417379148
59.781055798150504,-2.7932583136860654,-3.3003356037092866
59.246120440624836,-2.1983373312270764,-3.7031106466578518
60.13946015065671,3.7855858162113631,-0.83548059511155315
59.784052090147142,-3.1355307933495813,2.9401010774750498
58.781328816320197,0.11691793319335676,-4.2332900552658339
59.614669842580724,-1.7022220743149663,3.9039116183268083
59.217164210777298,-3.791784583063686,-2.1853705615410046
60.547799600950697,2.5452370624931886,3.6494704166553125
60.569089569560063,-4.2302933841836756,-1.7750092916341389
59.002911230879661,3.0337667864255158,-3.3897604454497712
59.013897510007205,1.022703515002032,4.0691762974924117
59.6268060768599,-2.4405203022334412,3.3545448452385815
59.927442619767838,-1.7230380445057092,3.9755521673082215
59.914824259989032,0.58194393433634584,4.0744591913268762
58.991188752035697,3.3274010465138018,2.6660079201546885
59.169450040957543,-3.3494838572013874,3.1338622652472177
59.184906856164588,-0.63008889825114467,4.3016434244952126
60.119079145058308,2.8244777142842579,2.9868478820870052
59.144414578548435,3.6136362580896488,-2.0579830529280585
59.961885894182636,3.0536669400297445,3.3499968989999922
60.588290731073783,4.1203733615395066,1.0394869501416244
59.336878022589069,-4.1824648430043991,1.2459936545021282
60.541265529078053,4.2684549811383459,-1.0182946670165485
60.478011284401902,2.786715987523821,-1.9349585254008541
60.674745828608884,2.9246864382821771,-3.2600672426665507
59.125664793376302,-4.1720129452920727,-0.61759412864036456
58.850972780710045,-0.64833659742363137,4.7239434692245359
60.142953517546424,-0.59143458934755344,-4.0917480409054114
59.271153038139744,-2.8789775837041787,3.1395065802084203
60.191221694928615,3.1377023174086514,3.0415040349067528
59.37070524325172,-0.18282559298038117,4.1733592528990755
59.386690829096331,2.3471542350701187,3.2716463385445373
60.61875469258954,-3.5461036294607551,-2.4267804141859481
60.611017721706062,-3.8772579807455472,1.7038070337577835
60.614766343060559,4.2907715942879223,-1.6649083084435017
59.629583650336919,-4.138270841563557,-0.62610001011842642
60.29409001190934,4.2550345559320277,1.0514333093075927
59.141320769064713,2.090519841846338,3.7949074878281612
59.31852892336056,1.3308548128565483,3.9766328798604804
60.422544533129447,-4.3048421005525421,1.7218590394865794
59.022912501450143,3.3525183774546092,-0.5087630988055647
59.374551067303138,-2.0232176631557284,4.1259426869818308
59.55069957761404,2.7122283831998852,-3.2946711884624476
59.732376719021687,-2.4230884491082723,3.7657166343863597
60.276418863629999,-1.4658438594690288,4.004495372547753
58.881565976550789,-0.31146917640048072,4.386731099928399
60.434947279204216,3.5381112453677468,2.3466372934511299
59.677179437638351,-3.9924092861081411,-2.4635319847326391
60.640982643983179,-2.2678713567399726,-3.8179757747497924
59.915856854787187,-2.0782280465667911,-3.8346775806881381
59.516344479202068,-4.0765227254218495,-1.7175571593801124
60.63115250163299,-4.5935912362625073,0.33476048058026825
59.073891037708037,-1.8650799513009393,-4.0331835852754132
59.514516472817725,4.6970011533055835,0.82106204442188646
59.374535913304953,0.027183885094157232,-4.3668170858350175
59.001172855128289,0.59366280833840535,-4.002693133418223
59.209213130300462,1.1292675383136002,4.3567644041590476
59.18771242567842,-3.6493682992375205,-2.5133661699927363
60.593122861883323,-4.1112754548851314,0.55699217228077347
59.420455590253702,2.3343558187823064,-3.7878655540441897
59.05026854400478,2.2707344482879996,-3.2395153262296295
60.063477207606475,-2.2703903502773484,3.3668751559988612
59.128957150500248,-4.0503352779549981,-1.6630547686710571
59.524247117716961,-0.28813323892095088,-3.8150736820713109
59.652873317866231,-4.2027540837530823,-0.91829044148712136
60.324298531134758,3.4356993749429998,-2.6314011210074804
59.824060181243105,-2.1312831655640365,-2.6852598651202491
59.366280362036932,3.8699983688848159,-0.39017351635511327
60.470149439471378,-4.3756127441983823,-0.2021784386418766
59.158967317740121,1.3111513989880126,-3.8432735635693041
60.492597389514025,-4.1188186318661231,2.392872747765078
60.561233326359023,-3.7293424103290702,1.5062547182463402
58.992768942618852,4.3590823871031734,-0.55140641455222528
59.765660018400474,-1.0198146143666915,-4.1754135728071642
59.325726261909637,-3.628758851963676,1.5003344203200493
60.060640097640913,-4.0662948910985728,-1.5802179131456207
58.882593109638798,-4.3576203794578241,-0.37589465919961884
60.101023911342381,3.044771855949528,2.9070869422557983
58.98987250300685,-1.7012098600036958,-3.8676932450394936
59.583139793585687,-4.4557292682812157,0.40183602235196381
60.111483394895032,3.6483064270769421,-2.2711543653427491
59.583623750985979,4.4308104756137894,0.59996874436396996
60.4681745527758,-4.6603630711485309,0.0075367955633926205
60.114431409700707,0.082107781280825728,3.9536872659464875
59.823482274212196,3.3232817526354932,-2.754600054013622
59.088096659559135,-3.844771822591059,-1.9713663691394432
60.261049501446116,-4.0667913629504113,1.979731712399829
58.769275494769332,-4.1555719572963419,-1.0598983727668139
60.009449904945242,-4.5795707302488085,-0.22818536082643617
60.094328896671541,-1.2130833884615921,-3.9016645075884449
60.018447667202018,-0.70049233181508119,3.9799275943410763
59.664299259625238,-3.4137101482349759,3.1256075055889334
60.620503539779023,2.7960908181846515,-3.3497487900048046
59.077198662257565,0.88457507502602672,-3.6247171728212653
60.478245693230598,0.18899388617085075,-4.3641955553910865
59.387874305838309,-4.6048161299945924,1.0187617665254209
59.606545348180191,2.8446446659156157,3.5022578305892691
60.436820934250747,0.17360924189519278,-4.3817569506926457
59.660573823485095,2.8674981575141323,-2.9316814769297381
59.333938046324086,-3.6430833150499806,1.7779111016482745
59.767333152454917,-3.0273249518369036,2.7853933554755215
60.286481445737607,2.1683585050377787,3.5449820927733331
60.069070786314775,4.5107059602361392,0.40548327180110327
60.381303367231716,-4.0654360634631601,-0.76484672939852671
60.11826708450841,3.4017525639657187,-2.6109026151043571
60.543378960163764,-4.1327717378773059,1.1582960144014673
60.651524385087484,1.3154984770008227,4.2236575667015899
60.320828991834389,3.2237038878617423,2.9646238976090027
59.110856292281376,3.5725153320664784,2.6372595451789862
60.568112313840984,4.3497728918036973,-0.81382045835638916
60.357401646984606,4.397057439249739,-0.99011535672334172
60.283812290043663,0.2243556363277541,-4.6165500960679626
60.10486869184745,3.3171587694605029,-2.8241581583141659
59.044064433347948,3.0856130785619262,3.2117802828340953
60.684536365451606,-0.67939901327196994,4.4621066690315958
60.081405241008575,-2.4793485202797401,-3.2169273975430479
58.942554822760748,-3.3597429774494576,-2.0139650622886474
59.249703128216801,4.1030290224128132,1.1678245314396014
59.683681470100545,0.3147405705990603,-4.2097186740065
59.437702644590686,3.558628045422914,-2.2096564407120249
60.238303951599214,0.03454321438711476,4.5201016530950788
59.806754423491761,-4.2131040133343811,-0.43833111382261197
60.303879586749744,-4.0365271636248821,-0.43293425856846235
60.262335811539927,0.28774938055267762,4.2618361659801725
59.484599522238192,2.1606427650603108,-3.6818682199358181
59.308557914457197,-0.09904442950891626,3.7661970482737894
59.431618456218729,3.2723461111141181,2.8295442258202779
60.037449035522762,-3.1378927792578124,-2.9389398121686203
60.808706492739979,-1.3039932764969038,4.1599684748300225
60.228941271779682,-1.8184369916519076,-3.5758425129362013
59.483362543276364,-3.7765128262961287,2.1500509141969673
59.162561852031523,-1.0520340605064755,-3.9326202036360711
60.004016223616155,4.2525108276886439,1.0715714420030757
59.053355206626414,-0.70155068106524976,-4.2156559700587932
59.936497553274926,1.879405462479808,4.0784739453988079
60.432856387532738,-4.2800456941834559,-0.027374011772778466
59.374915418477897,-2.7459669683563805,-3.4703655189163602
60.048989840159194,-0.53237179696183345,5.4825371217888295
59.114167439006131,3.7111277940138656,-1.7323734685278505
60.581596008620778,3.9961038989944364,1.0728746766756971
59.989071755875536,-2.8781892841284895,-3.2874621732586355
58.901420736762525,2.9835438757100881,2.6932889666660045
60.398239236634538,4.6880784648448621,-0.11793100771981777
60.5710954653348,-1.7083643664010424,-3.7174765669762415
59.933530594507083,-4.2581821687990953,0.19495474625080184
60.389930215683478,2.161411763496667,3.5768733906164463
60.313455752486462,-3.4751395101076765,2.1524570772308218
59.588546128019715,-2.9061016793251331,3.5864103388381698
60.75556474700484,-1.0821584031581273,3.97559172307324
59.593326642968506,1.1349792741847466,4.3322296693589459
59.839056029543926,4.5752479114891624,-1.0218934098352366
60.470120376388607,4.121609175233873,0.60199360827427595
60.438515609506311,-4.0050702684458077,-1.6474909788190455
60.089970317245985,-3.6684772281068012,1.3828924160748959
59.793529577843906,3.6215009391204913,-2.4283854988262603
58.925546108332874,-0.74532451177952674,-3.7707562671515
60.359640707578031,-4.2174552337342543,-0.79123125764115165
59.029932749031154,3.9021133627378539,-3.1570049323292655
60.617616603781222,-4.4090243033565573,0.43868742977672592
59.977638605384172,-3.7414409846346173,1.9607779318891323
59.881234046333539,-3.5454190845208484,-2.2363507784944607
60.231452469988284,4.1786538742189272,0.056921628837316197
59.956268401707867,1.0354114313913938,-3.7754556893756441
59.475214233011457,-3.368477785946558,2.0785019749916285
59.054876126014925,-0.42104814652666017,3.8496445593184729
59.326972818111976,-3.2310551916400616,3.2620657118958434
60.471400443326104,4.1658867025207913,2.0146579182578224
59.43125890171347,2.4216820305158002,3.5636458641462361
60.480673434551697,-3.8103292043483195,-2.3070386434325374
59.018915462699056,-0.39160972837725821,4.2544573093647227
59.825752288845209,2.5020288180286325,3.6672631728466496
60.569335497061736,3.2977204437175662,-2.3821478583465505
59.325422905340716,-4.0103859953472849,2.0468733687544098
59.993693488824341,4.5111189835847725,-0.37899435382888147
59.267488257052591,2.91369716098222,-2.8813092461811149
60.117314102011306,4.3268641812147832,1.7546137850435162
60.169978068712645,0.52186493932591238,-4.0282680975623659
60.520982335077306,0.73044015885748625,-4.0906124422685268
60.424018111623681,4.0356732535811863,-0.50028235567163271
60.699542212802569,-3.4947625611762025,-2.4943525651071066
59.37908145607404,0.91085317897971585,-4.4368066509824828
58.924112745138757,-2.1506993750848777,3.1978339479381752
58.972838948509327,-3.4381818802565012,2.4914896899306176
60.030562564138776,1.6173149078177018,4.1074139993651908
59.74097905603432,-1.0418616488641925,4.0916063702483045
59.644552296809678,3.8652237315021778,2.0122503100050779
59.784058350944434,1.8774650842003111,3.3920162463102552
60.367217217185171,0.92992267701888065,4.0352040794928978
60.527515357448699,-4.2391838305447838,0.99056945286465214
59.702616688464616,-2.6807270141477724,-3.6964759312372979
60.553674134101634,-0.8190395355380744,-4.0846060736070999
59.910068886151635,3.3411963477952407,-0.83980058223769583
59.747104542283445,-1.9561314296584389,4.1017651030943441
60.256770499446141,2.4847108834079226,-3.6127755552528922
60.03736348460216,-2.3336175816253748,-3.6815076847399588
59.397358904173529,4.3298739466263827,1.6126003221990293
59.241584771431313,2.0545763407169759,-4.1798315837480358
59.549730380056502,-2.0123792226172377,3.4995792699066661
60.64421626401171,-4.2500610674998196,-1.8905528396081166
59.159087425906584,4.2270447420296238,0.30425358292436794
60.236560460583846,3.2893505113950199,-2.2267240448953753
59.26840640326229,-3.5476241448146073,2.2125205469856799
58.960749285288635,-2.7683134445878386,4.0153230496816645
59.053234721181525,3.3457635886512862,3.2239500211643293
59.191660790202398,-2.8637791372126316,-2.9143442854417709
59.471063382897718,0.60495469859113449,-4.156130529056604
59.911951456050538,0.82232195430892274,-3.9531434038763149
60.359428600959035,3.178881781049407,-3.0677522338394883
59.926003585901825,-0.036605407381379677,4.1449756778395583
59.221007370112758,2.4993630520563057,3.5403364978400083
59.572748109714865,2.2563943015785033,3.2330583744754757
59.125624106307484,-3.3289136976199347,-2.0456371040195362
60.514350442643718,-0.32551856354852882,-3.9259049970294622
59.109678525699316,3.9370712313966245,1.6997011631694585
59.702912545300293,0.69132943558358195,4.2180108719953004
59.230183977833029,1.8286646431446778,3.6470469828966983
60.765689385498241,1.9955817305909234,-3.9818048734622558
59.541112572456065,-0.36392787873355797,4.4370947899104216
60.097833777628381,-2.0592609085197795,3.9317597337065076
60.248616820388293,-0.68702656210135793,-4.0423771244412086
60.613830784118761,-0.091319207193297516,-4.0829072174992147
59.002092060186591,-3.4484168475833683,-2.1522216135182775
60.36582427065828,-3.3546241166860233,-2.6167101248804014
58.928826134755113,-4.8629609163807048,2.5966150901697231
60.113052433790152,5.0589811481948752,-2.8638925151051211
59.707723864897062,-4.0804576025237749,-0.27309880222787586
60.238126635846015,2.9314733652102434,3.9114505078643771
60.039809032138059,1.0125593192550839,-4.1911260471006386
59.499649029874689,-4.5849929504174467,-0.59837913391421205
59.318172417957413,0.87564527079973198,-4.3266382267739711
59.8680278628891,1.9006453946740207,-3.9228988973436723
60.566073158844347,-1.5698252854563046,-3.9876224029562204
60.640422215974603,1.798903768625185,4.2104779030019008
60.144311151227605,-3.3543790063423309,-2.6322254649534309
59.077400426980617,3.1072246369900767,-3.0705393656302848
60.256257415922285,-3.8493817105953441,-1.425992747518716
60.717112626068911,4.4022382593366132,-0.96624331694460563
60.520297486364761,-4.1054953265693772,-0.58348338767185637
60.334464863684211,-2.5387964726107244,-3.5413264857816142
58.7891646652171,-3.9152496390891081,1.1784845557315211
60.568392445863317,3.2036353090327934,-2.8130691259622917
59.909874957430468,1.3315685522541911,4.415795798089996
59.379390391358776,-2.6357062870847425,3.4351749938159855
59.779423584368757,1.4080870513186829,3.9077679102380682
59.33672023696883,-4.2897870083474752,-1.1696897506494128
60.424036536682571,2.1772960044263234,-3.8894985348814046
60.011098446573151,-0.94259915532410066,-4.3602421831959211
59.234478314655391,-3.9448113751116409,-2.1135981918937148
60.38666785564822,-1.2570279439850294,4.1369924126569986
60.610388504711885,2.1296807515747269,-3.5816866712177915
59.076049720791552,4.0991114113654037,1.5610196164481291
60.123216097115936,1.0458779180187665,4.3142122215890817
60.538881381993271,-3.3886585310223043,-2.4968231995740098
60.37131712206218,2.3744795381051795,3.7805107249849264
59.327904374502275,2.6587478233241435,-3.7003196578963888
59.845228883354039,3.9080441350924811,-1.1491881819619874
60.370413363682381,3.9204424651301371,-2.0800410835956034
59.945802719449723,3.8655054350652027,2.2189518617941535
59.490158567067077,-0.10447408342077888,-4.3373817720677232
59.817216137173695,-4.0711900939704346,0.58295338477225267
59.073369911838491,2.5045774195777244,-3.4369865330059586
60.157462758996367,-1.8108996548669865,-4.2223702006198316
59.806537781631377,-3.2326631158456518,3.0555422721530436
60.147428664635939,-0.30069919486120084,4.1253663122203053
59.564452389784201,0.80470061049669339,4.2566727265368192
60.203932172942686,-3.961951710436471,0.57017909792645516
59.09604570211696,-3.6083759770421846,2.2167509662753768
59.461567309421447,2.8105840266031432,-3.3512861840001418
60.075819359819519,-3.7682614340309963,2.4337498151924217
60.457619748211023,2.2299970817892443,-3.9674190797092912
60.675209613183803,-2.3900817515686428,-3.0892476559806341
58.851726141914462,3.9178452075043237,-1.6794428124840661
59.461310713679957,-4.2078200862794715,-0.45933829531135617
60.080609799719234,-3.8962378868973189,1.9167843961466973
60.42857320153702,-1.6815702373200303,3.7298699685057404
59.992518197119431,-3.9902737862181943,0.47924812822705765
59.191184682660705,2.7960638199169279,-3.3505548056705496
59.47376442937103,2.5954569556615996,3.2955616159208265
59.775940047712744,0.075655822590772928,4.1683668199198856
59.354377232569952,-3.2548653943887915,2.3770663786978283
59.27332207193335,-4.0314723383987605,1.5639553832948234
60.344809869601661,2.2366281006068225,-3.9162308489693367
59.205843344548825,1.9588428520521664,3.6150225374736151
60.272468014272079,-1.5028606473895314,4.4639707860922879
60.397865232755201,-5.3490922290572511,0.47008519419611267
60.286965788051674,4.4407962725500081,-1.700658297395534
59.220643054090097,-3.6470206661927413,-2.9774333692065618
60.027441938452291,0.23024577095427654,4.5300372936072106
59.039785057978037,-2.4648178800874918,3.9868463471787323
59.911742674432389,-1.8617834447696602,3.9305488205562158
60.100557441302506,-1.7709302730905316,3.9967921907443409
60.445312016211957,3.1567379984459696,2.3875476415667021
60.306339256700809,-3.4718360422539036,-2.4069075276521419
59.137055954379214,1.3755620981714989,-3.8774794979898486
60.389143096804567,-0.9889610858057275,3.9692417199365453
59.556946719473238,4.2648338299463955,-2.1762617807104552
60.567365452655096,4.4978668282572309,1.2299793488188597
60.575050975310965,-1.8819207370844899,-3.8346269359560456
59.924407516575606,-4.021120083498972,2.2759778256830061
58.882661993155097,4.2569065777514661,0.61371397687129436
58.951599586408754,-3.5855820813522241,-2.0436569510191842
59.289889667403621,4.2378025596992286,0.51324231896666839
59.91575897776945,-4.7622176624152628,0.29030608498659799
59.173798678386873,4.213651626039753,0.19287903801193362
60.020346867407945,0.33718496239909923,-4.0645634925764416
60.217632815010816,-1.0454989611751855,-4.290797131326312
60.658101162869599,3.9009664001969644,2.0041026511157591
59.21606661485859,-0.76679005824022739,4.421294664328026
60.000865520926396,4.7167006811713312,-1.1757362516970771
60.11627687638029,-0.1051343865243706,-4.0074391531008882
59.238235237995987,-3.0578552671755892,-3.1406058499312715
59.4466644771937,-1.535373909546816,-4.2932524251025628
59.317215566481103,3.3775694288583566,1.8891027702092673
59.985605315673254,3.1675220482899782,-2.7522784474675324
60.761769069939,-0.044389213445021558,-4.2374555034949379
59.728490974353441,4.0690412364954049,0.78625989001537278
59.537723300328743,0.77455701043060154,4.2194742806686216
59.685614838691414,1.9373523396016614,3.8132027123263246
60.662158841166146,0.99116166473639189,-4.0671822815836096
60.667796022253832,-1.5997190308362601,3.9053655649180241
60.091782970815387,3.3240110284451525,3.0433302887716729
59.25716028428581,-4.5326826248121899,-0.28853744798873715
59.635108131348836,0.16179819311691723,-4.5005881154163871
59.34761504931015,3.7661139587827934,-2.1673718389811549
60.70865939407242,4.3767356319870627,0.60088962571468607
59.082259282235924,3.5787426715961042,2.3487357367801134
60.457196604433925,4.3905989305951643,-0.77339665262474233
58.815639259165394,1.9216937879816325,3.8794023029893792
59.883526773713641,-2.8151710240378685,-2.8534885665543936
60.652542924846976,0.25433137816832618,-4.5538263357349695
60.33730147194651,-2.1622733429677128,3.418524813451568
60.105442818212985,2.3508238728635771,3.2545259307806811
59.957885177526506,-3.6903436103436182,1.730774747339334
60.222800228523248,3.7159931389760801,-2.0776409478793019
59.678562878471752,-3.5269391841681861,-1.5097986944617197
59.37687875638651,1.1647032093736296,-3.9048942328893741
59.068711715944517,-2.7394408385009448,2.9583638864407029
60.351765270567029,4.0104351916442553,-2.2441048953333098
59.017757303383128,3.5417149511118078,-2.462185196168714
59.587602661421499,-3.2176528490740548,3.5175826018725158
59.014158971795069,0.52772320208264667,3.777728287327669
58.953340603620887,-3.7741308902759494,-1.6915461604809432
60.457818254019458,-3.4404608622489428,-2.194148565757144
60.445366146375981,-3.96558500679477,-1.5162629142299009
59.679420064084539,-4.1927646726403482,1.090071613028724
59.038727356507962,-1.6349133124451698,3.6820306924104149
59.270399528767975,-3.9256759976408033,1.5504388573164194
60.110461733811675,-2.6747248274043653,3.5330111409243048
60.43787439504694,4.0627625932993476,-1.0375424086647962
59.930787400530974,-0.86519014088751889,-3.7677917852529008
60.092279339740784,4.3734582287567232,-1.2140735113090722
59.380884258592921,-4.1391916847449162,2.1963073077508293
60.244179607422744,3.5060668919402276,-2.3556795221300342
60.304995379902444,3.0781248622772948,-3.298707610554267
60.529185386040496,3.9636273336421644,-2.007637903641474
59.747820121672028,-2.7101714896217368,-2.9710775558945266
60.275892898147944,-0.60113889479391003,-4.2318050174831843
59.099391620977016,-4.1860105356527439,0.99225507591112871
60.415633122710616,-1.2236882745183431,3.911246441670905
60.653910813824545,-4.2291251683036393,0.65122601587261875
60.05936582466817,-2.6412435438655271,-3.3031375483312599
59.409151424863168,-2.2310754025904513,3.4126944476401788
60.22076545344931,0.53708232820281332,4.3519365244051365
58.847679461658679,3.9986964461885606,0.36126447536992184
59.348598322180557,-3.64884442740418,2.738183863071364
60.751682272874291,3.1880868822661514,4.0574575144264067
59.187100248621732,-0.24513128129737891,4.1052509437792954
60.219438193950857,-4.2073147045593124,-1.0452998906860018
59.393355085637417,4.1059476495293667,-0.52200215607487166
59.802802296759339,3.6795952436750037,-2.3271044955423159
59.018931541743825,-2.3864818596088435,3.4303372560307679
60.115995205853814,0.58474718502612011,-4.3952221623546457
60.436504973841934,2.194886873609267,3.6794439763666777
59.275699563633488,3.0843753010441284,-3.3352201216159014
59.122375888149016,-0.72986245632188496,-4.5524903301606825
59.599186146460681,3.323203973589437,-2.4248951080597982
59.959029317541258,3.6043308888775596,-2.3828585108137914
60.520678874017285,3.9134025186553125,1.4723481469371298
59.402205347868794,-0.79657320002639109,3.9962131867883337
58.975408097691641,-0.18186148858165249,-4.8214196909262528
59.398604998310056,-3.2600727818678124,-4.6148342401528542
60.471208354278382,3.9869292295996535,-0.9052543291467442
60.516875933780561,3.1225392287150036,-3.1674371446901377
59.099864324883647,3.9625418200357658,-1.5192792449646422
59.683732394526182,-2.6308103258613187,-3.9328287536322564
59.335245036436234,3.0723431149505971,2.4091259197970025
60.305288145053858,1.456091194342839,3.6314462495980471
59.802481618063311,-3.9926879127061521,1.4004313485987658
60.584969763207816,-2.1474723022593216,3.4935450489904745
60.056180897044847,2.8549684631122458,-3.478593427831429
59.302555649743979,-2.1864185565170278,3.6449348069709337
59.953399229603534,4.1461130946576796,1.6979564325086918
59.245248705725203,-4.1637981812858964,1.0980522146140166
59.778784657586009,-0.82821900997393116,-4.0796778454508003
60.694888203501705,4.039277030527809,1.8564075863533178
60.094136799377779,4.4337303109626776,-0.41940062801443773
59.668747566147687,1.0432115494731309,3.7115754326482655
60.097895371788631,-4.3154079841374742,0.79918000680123358
59.03991378109658,4.3155147699345822,-0.26140586317425435
60.663369941881172,-3.5590706904236713,-0.94025247800800738
60.04953129380862,1.3894806678272658,3.9152716339003284
60.151474145217662,1.8073211296056169,3.985234011852111
60.555789707455787,3.119097088000454,2.393344199770111
58.988448148198273,-0.34565640869314107,4.1997317184144958
59.695452874346365,-0.53948325322152835,-4.450807414003715
59.072230133104057,1.5984959661221474,-3.3890197477038373
60.407806785640453,3.1959616412064356,2.7542015274750216
59.106775160310825,-0.98966547111158532,4.0668529420382784
60.819191953252577,-1.2121833345391924,4.123134306493494
58.892761868867645,2.0046045183191414,-3.725940985596178
58.910690724212763,3.4715424573223004,3.0974321260697373
60.249135618958476,3.8475451260903455,2.3043581631309267
59.550311921858274,3.5674831191706238,-3.3836499294310936
59.29142161239551,-4.5580648024087944,-0.64617269756323803
60.33908789783731,2.1476184951307831,-3.7672748945919232
60.443173472860472,-4.5681775066816899,-0.46796754060463458
60.352034712318243,4.0837822436613811,-0.96101911607735735
59.009590543183528,-0.76923345808654442,-3.7765078551140836
59.627318261788488,2.4777584757842446,3.6153291284520139
59.179101188618141,-2.1678921515457348,3.7051938871818977
59.308989624633696,3.1696512569350421,-2.704403223767665
59.114580171883915,-3.8600662189306112,2.7261078208656806
60.405719941156072,-1.0823181314449866,4.0887660536077259
59.065858472550659,-1.4229631907744109,3.6966432929684725
59.389294393867111,-0.61354109579372773,4.2903072915270739
59.113030708186479,1.1478903662029827,-4.3931226367502347
59.325710113753551,-4.2896452640865288,-0.087772716241753881
59.367668870050927,-3.9223713809764127,2.4165039743314312
60.767258941533285,-4.6379017234611171,0.43234009825350356
59.133298798137147,1.3115220205303608,-3.8835937020054496
60.302749182647666,-3.8753417363650451,-0.9583973996087517
59.264370278780596,3.1856557442404294,-3.1778854714636928
60.740080889186352,2.1295030187864379,4.0365927041329206
58.986314111554911,2.1566490520063808,3.8130923449254386
59.859494602792807,-2.6394364315667764,3.5659318955556185
58.835597593452704,-0.82679829406740368,4.109948443228725
59.459461961135233,-1.7715908132503777,4.30128086139782
58.802032129249334,-4.2058981665248103,1.8671096230334658
58.956814425089235,0.60212524496736419,-4.0889020454382923
60.348178355746128,3.4851938287078976,-2.0269050748327215
59.522891371658503,-2.5584111190705592,3.4595759729369178
59.256188800528939,3.3219422510156535,2.4932476646319972
59.592447658757571,4.3870621714290747,0.9956489239441596
60.505350033545909,-4.5689402637180345,0.67596422699460412
60.471137317322594,-2.938229861276465,-1.2967248016506188
59.341352132929551,-2.1111691887044444,4.1321993881838042
60.452579652662877,-1.0618777525979488,3.7897471981407804
59.921347549857103,-4.2720070238818328,-0.32845365649542724
59.548336512922795,-0.91513914372086447,-4.6587722487373089
60.163454383606371,-4.1141691044474058,-0.10320918105782902
59.834442608254228,1.3228076500570938,-4.2831466851193891
60.435586005116654,2.9759829146526116,-3.0471397188017852
59.748609587468579,4.8049434976132996,-0.37135602372392446
59.776708306124867,2.5632118341375723,3.6156676531262311
60.664669244868243,-0.72773263895001439,-4.4733056234642676
59.419152927839157,2.9032314678562905,3.6619752099728848
59.200318565209713,2.4274820932963093,3.1180579623650635
60.056186110610795,-3.3899368226679512,2.2225674272932863
59.07228096496209,2.1503132799276874,3.2318515966462962
60.155661925987367,-1.9282337397223221,4.0558818961805958
59.646282594285765,3.8730544294244371,-2.2275733254646384
59.691588852824651,-1.8708885381912104,3.4150295011017127
59.725953686511573,-4.1485678431217652,-0.55465908305267264
59.898203684745049,-4.2128904342036755,1.208514964796618
59.433142269195976,0.25387918598526532,-4.1718385749244113
59.743592143862919,-1.2459977464340648,-4.2599161692372718
60.467633168350872,-0.77001727983584878,4.1919982535023239
59.397727223946809,0.6618571704446844,4.0619129891346288
60.296643903805709,-4.4151386601005864,-0.59142837391087555
59.294061506440279,1.4346753544545903,-3.941153785114905
60.592973596988777,3.7278103134176908,-3.6743343334465814
60.728869458485157,-0.88681320227517879,-4.2735171284196714
59.346520195159734,-4.1895669712966246,-0.16098685653872002
60.541099134535273,2.3090000460958158,4.0423515565796793
60.461951958946337,3.6951852505407952,2.0787474182111909
60.316413432492666,-1.722894255673739,-3.9933698720319488
59.132844297568049,2.326320370095472,3.8576770274569432
59.85970814937405,4.0573439203507426,3.3242015413297934
59.711871325990501,-0.64503774681206705,-4.091291581532178
60.43676709228739,-4.0238476462756836,-2.1321030740312912
59.734918638260083,-3.3502941177030801,-2.4898449007811609
59.924049942807834,1.1724910345796742,-4.060164755205113
60.22102885816571,3.9848410973858854,1.3643420167842937
59.8027390072914,-3.1482166451979503,3.1747483097522871
60.201509163089924,-3.4276319087012217,-2.1239271395859562
60.360183920937892,3.7742399109453024,1.9402435139592649
60.272523109032868,-1.2911424898593094,-3.9302690672395832
59.803560010814969,2.6280777928969647,3.4523489018958489
59.148394315239884,-3.4293307592059321,3.1140438849137273
60.758720943020322,-1.3759014596135986,4.1843097650490853
59.775892568078639,3.5813500261159561,2.2969726658429304
60.326244231094613,-3.3520969199897661,-2.6723752770226863
59.51058308255633,-4.7439194754437537,-0.178889667297294
59.442943729669913,3.7483503725570211,-1.9719719484147209
59.883870898600122,-5.5579916027824767,-5.4054264454016137
60.312163643644816,3.0276828867652834,-2.8264592905663797
60.770172710986856,0.99407232514647881,-4.066677696125911
59.570488065292139,-0.91051629046591787,-4.3543799218812875
59.20978990609219,-2.6796430831054776,3.016883052313367
59.961745975577962,-4.0814977447806902,0.4340926722180436
59.445604071112484,3.8916476746393771,-2.5651120813423458
59.576877672802588,-2.6844847894766084,-2.9339237938675438
59.475799897132916,3.9701037075470138,-2.2612620237359073
59.795427423586254,4.0950083625433837,-0.87482306528110254
59.138293479218902,-2.8705444527281569,3.1727429376291783
59.088096319840908,-4.2501238998861046,0.11723581125696912
60.506081163687519,4.5149039970661509,-0.3936208064642851
59.308067223883789,1.1736764742273389,-4.0830922104415501
60.523698477847695,-1.7311302729888967,-3.6222533922494482
58.97046023762163,-1.2074853681436428,-4.0992113037801623
59.06478239875004,-2.8032078341326914,-2.8403020333475055
60.607227117951034,3.3699288782970882,-2.4724385906339634
60.562796184904201,-0.18437059500024269,-4.0498792299158257
59.895289233740613,-2.8442245069616869,3.2924539473027825
60.325853646386228,-4.3085991318611443,-2.172765949255012
60.355331850120393,-3.0022839625190176,2.7162850394508835
59.48221304236764,1.8494337102811536,3.8572911736238114
59.536756446779208,-4.1604909610122229,0.56365270507033383
59.156503920890614,-3.216051595304688,-2.6948907395099777
60.530910039190367,3.8474130120700423,-1.1362302569912128
60.482677494904209,1.31804548101695,4.0810915886049095
59.501004936491718,-2.917172644776107,2.7107285253443303
60.336692948896058,0.14134337124433713,4.083200822216952
60.598946522296124,2.7796535822353259,2.7934400395983476
59.042250908595754,-4.6848259364695828,-1.3502718005304
59.089954019286296,-2.7097555228368,3.3443325893741416
59.323952287503253,0.25672038864073976,0.9630955695022021
60.06128887778091,4.4145997431438069,1.2816550644944253
59.341062961841189,-3.4857905394442135,2.1572249756553106
60.652561238270515,3.9694166390362016,1.802534667399726
59.894364663986813,-3.1151024903340434,2.4089270711229229
58.918696835634577,3.4445086940569163,2.9036665455532304
60.114179900905711,4.3699577361893347,-0.09227137417803867
59.460015069922257,2.2345260201653714,2.9982337485905495
59.44200209070187,-4.0278091157683527,1.4058830074409134
59.991919317128477,-4.3770265534657868,-1.1703639509777592
60.003502252590067,-2.4973521664786666,3.9286043025897919
60.289264266588212,-3.5550050952400265,-2.1443963689897849
60.771165896344861,-2.1638757936032551,3.1761814501639489
60.395091606151176,3.4981747428716901,3.451743573571938
59.317009913648768,3.5125515322693821,-1.9605093431742338
60.169139268717856,3.7310354400393009,-1.4919277404989564
59.823109175794592,-3.9452795676686465,1.8748353017975017
59.475463738488351,3.9830787046064331,-1.4202970384167131
59.623141555293294,-4.0036396094774354,-1.0511960368312363
59.048411165933395,3.4853873210646378,-2.859799208506089
59.260718864191546,-1.7483901565971656,-3.8198368580156763
58.759634244952537,-4.3498343501325216,-0.1915493229145834
60.420504610493602,1.1291399196520313,-4.4087727772093546
60.187011098559175,-1.6931451121556949,4.0613990963392217
59.852799170672895,-1.9394820769453742,3.1829248262510563
59.676058688141254,-2.1520152751624058,3.4185201678699579
58.966497589464069,-0.97597240848021183,-4.5377461950257851
59.71975405661609,-0.25690351621290913,4.1216548202532133
59.369072169813123,-4.002069017340296,1.5529788847024413
60.259962615320092,-3.0644102682081238,-2.9604344257777337
59.842942115945789,0.67386063042077682,-4.0644116589794788
60.588505580785849,-0.89820314889002062,3.97461678431364
59.903517975279676,0.20428064341923055,-4.4527812816758097
59.975768824773141,-4.2948388910454636,-1.1301906962898882
59.79233762025649,3.7315502364439066,1.9859095017565256
59.279609206867462,3.3328475862661255,-2.786736144650606
60.002675653097725,-2.5288280457318888,3.3983578496195372
59.734266817709297,1.25017033003505,3.6571741740095591
59.447640219719467,2.0505256847180893,3.5384844551366603
59.655929324154613,-2.7128753194961779,-3.3745728254976193
60.482075721322268,2.5649733183863135,-3.4448621460365163
60.007726663227878,-4.6078459708065527,-0.010529430898849036
58.986257108042288,3.7715749188971581,3.1490647635580191
59.424187024811765,-2.6654761459810361,3.5579565804100066
59.987089260222682,-3.8826335563943259,2.2442573932535828
59.280669647467491,-4.5547459277638831,0.67051920225851569
59.676699063869393,1.5568856113895881,4.212834096623788
59.803722825949237,4.6814283896932904,-0.80198854737401781
59.529816319544615,-3.1948919525073749,-3.2425053341889178
60.446017042464398,4.1398470973045187,0.6558867519866316
60.136193647390712,0.15678045778987232,4.2617881373197708
59.56803323704051,-2.7815821885810452,3.2260875030939244
59.524381332908739,-2.6527485240734707,3.1949303544283683
59.097628637023575,2.2408441166025392,-3.4728376608119822
59.26859908216057,-0.87793843193424548,-4.051710906269169
59.187580087200566,-4.3449037099713248,1.8726493548078174
59.817808085263323,-4.1743943624988784,0.51942632448961201
59.737773112085833,-0.34406745036688613,3.0867929312566229
59.660081826316436,-4.4620348905663496,-1.4355888905846368
60.60721211938462,-3.7948571536675089,-2.4315484083684491
59.188101954159784,2.920990429797492,2.7896913686220022
60.26833167555651,-0.29056574354648124,4.1475737715099861
59.86055449576326,2.9116218458193126,-2.9668733847070676
58.947298421160397,3.872390379963909,-2.5542952662878284
59.58582347847441,-0.10215359714735681,-3.4933260188420894
59.585271975289629,4.6646844780074534,0.84528316467356368
60.298005554881072,4.0637777102388473,-1.8225958702035348
60.588703713637017,-3.9601325333084638,2.4300996012386045
60.672254247846205,2.0302759632247001,-3.5849857661116853
59.452830159658959,-3.6045638135555973,-2.3949045159363629
59.215195228133069,1.5759886087653807,-3.7455419889228421
60.597632427115379,1.50462451721933,3.880610307491732
59.790255595390853,3.8695831201374959,1.661800994970924
60.630881976836946,2.1025589050705875,3.8318915366613484
60.353711238659102,4.5738993178257585,0.00097977064433065093
59.769220147285679,-1.2599124052982018,3.8528443949679954
59.713462873897257,0.53196579455082404,3.9281998806402876
60.144519923640864,-3.8706800825024676,1.7035039078861824
60.042851551851442,-1.7374158921595688,3.4705061384491853
59.650409455577424,-4.551555071699779,1.13454061518211
59.454991378771702,0.67019408666283609,-4.0463372898263072
59.405127281198673,4.0685597974023713,1.5402243818283055
59.777796535299416,-3.129214486081616,3.1974030947482013
59.535064760649917,-4.5189724759532313,1.2249673216711501
60.002502231517624,4.3496184811757708,0.34007997764061343
60.611472029290617,4.0294047424019794,0.81385002639684334
59.83486954688486,-1.4032623804646092,4.014263256584659
60.282476338776121,-1.8885802035283241,1.8152193161623658
58.990007799865197,4.129881000625117,-1.5741009973709315
59.157420099592038,-2.0601687432141653,-3.5383734617836868
59.720637677236653,2.4554224720097144,3.6098652803626154
59.452896591738501,-1.8924929233704835,4.5310673942186552
60.170479296204725,1.802583836749966,-3.0466781934207066
60.735158559862477,-3.9954912299864267,1.5947102489732308
59.448612406053194,1.2667624615537412,-4.0724104059074246
58.829702628837282,-1.0121105399990167,-4.1067999619872104
60.439074661580214,-3.3905146600778013,-2.3475219120748698
59.220102319567722,3.0810059088841331,2.3791867878041
60.434779341884223,3.5295636175944924,-2.1634228390848875
60.151147152410211,-4.6036267083400633,-0.81409583384070994
59.80741694072772,3.3151803659768064,2.8153798258857772
59.55668866603547,-0.30792671815744738,-4.479017031510919
59.179995776532571,4.6338378989139697,0.65000088184771854
60.601654861178623,-4.0230568365615289,1.7428952585201578
59.558104302989626,-4.3815702358736619,-0.92582752269487634
59.892043252630884,2.2249752290338591,-3.1608008109314638
59.024035552068639,-1.9516630688789638,4.4018910529304955
60.713732269147364,-0.25779635974726967,4.478424732018623
60.400947392901244,4.1979856364938017,-0.43046345395712698
59.438984954825564,1.8868913534152987,-3.6928905573144264
59.514488581145024,-1.3480126207434082,4.0677645849576223
60.141070468830804,-0.4914592547985932,4.1521459946189552
59.298039670405409,-4.0327051953291981,2.0180674377349952
60.647239877489262,0.95647033962432337,-4.58810633920878
59.329534573563585,-1.1334204954664486,3.932870393134726
59.933305027403563,4.1793385265020913,-0.13445784787423654
59.792819563762585,3.8854448458130877,-1.8670206027553211
58.785817932142471,3.3416393352505858,2.4840795767993979
59.704373194852522,-3.9455254287405865,0.67088749236678424
60.611405328816794,-3.8102263647429844,-2.7270045044945772
59.944433604223867,-2.5057225975669501,3.4510764011047055
59.062075328618931,3.3630306333265523,2.6820318734501183
59.009743040614396,0.48668924352668291,-4.3244472903034019
59.616504567039634,2.287013288587636,-3.5163617569051384
59.74233237709516,-4.4966364369968614,-0.080391593032589664
60.341944084674438,-3.9641620402249731,-1.9444638991750116
59.044021232107802,1.8656820368605225,4.0550639364518739
59.007030397970574,3.7097050081034464,-2.1382874977037529
59.686773028677507,-3.2219941849599527,1.4400929074224122
60.320044079152623,1.2614736547429977,4.0013082441398824
58.932578223517609,0.38887698021920936,-4.4137589003130966
60.204747639149119,-2.3088676276129769,-3.8452089830664011
59.280596051378659,3.9458477615532432,-1.5808837303023455
59.043431390877409,4.007509818776966,-0.94519902779320897
59.552926109784828,-0.66622477700341309,3.8742197844253456
59.452525296088659,3.7034366540379513,1.6102145344874168
60.61368412657604,-1.8317395658798801,4.1496198677373446
56.036276851817725,-7.6472989085681125,1.6182644767548704
58.908488110288332,-2.6539773310236399,3.3245588581891425
59.08027906478484,4.6593709510683921,-0.30329157447335436
59.202558752813474,-3.3168702912680557,-2.816501081983994
60.003019436054011,-2.9409565265124473,3.6660982285942398
60.266244429909783,3.6256511467781358,-2.6184521373533802
60.222389510077157,-2.8145201124991774,-3.3202040596003388
59.760847749846519,3.1330580531929422,-3.1903095761791223
59.663582484396137,-0.14608789173853057,4.1406223582854889
59.050064679501517,0.11234024704305515,4.0602413417116168
60.247172995118035,4.5477385492265903,0.92359661770272061
59.550647335031449,1.0005002522388025,-4.241959897403218
60.404800662766824,0.44946253435852873,-4.0844120226899978
59.89358715385427,-2.816162001983046,3.1369487548684898
59.99504956012111,3.173727316615977,3.1602474730243912
59.74180249450135,-1.1523647375952402,3.876592354516482
59.007602528569286,-0.94170761222737387,-4.3247040691927534
59.182058213705773,-4.1293064884482531,-1.4055238560470742
59.235039497381948,-3.3260288998941667,3.3968018127417761
60.512343947662572,-3.987343748937993,-1.6885801610023996
59.5423433390227,2.2617369263020208,-4.0689378330761832
60.172453171740841,-4.000103866361199,1.3242136887782237
59.448622870923565,2.4298859228493122,-3.5323835613161618
59.781695513420296,-3.6230543971991174,-2.1171650286022436
59.137095666839954,3.6377976081943526,-2.1764815638465089
60.462148468373869,-4.2937377632351028,-1.5054682573096307
60.36854142310191,4.2827439520690556,0.45757576337969236
59.188429782956391,-3.3284599885173343,2.5065947825928689
60.349880188319538,4.1721100566470737,-1.1705104517372344
59.323319608404539,4.141038327436279,0.061956851766311521
60.008995232908369,0.67824919046253884,4.0218358306473894
58.909003106382244,1.1658221038512369,-4.1107920532018332
59.546055259514581,2.1261694524268027,-3.7764510500249893
60.126561120450731,4.2799971147943818,0.35632198446226154
59.945809413582047,-3.8236262571871529,1.4488647960515983
59.376192079609595,3.927912710518811,2.4515830722720335
58.943748078847534,-1.7374089670446424,3.7255414816634498
59.279674128722704,-4.2955021048508115,0.24213022074129187
60.433818814486216,-3.5480525259929712,3.2583266706199652
59.15518320191466,1.8032570328439144,-3.3909606844591011
60.344790980834425,-3.0491739363749848,2.9674886589158884
58.938722728326717,-2.03821357061386,3.8689599186085477
59.346671343038857,-1.2081489547700146,3.9382826298319777
60.11217464199958,-4.0747305919594758,-2.0479805509126709
59.785746939684707,3.9652672980479133,2.0491153546215677
59.980860656847611,0.61953022748848396,4.4935616401443932
59.314170100587774,0.67103024683532853,-4.501910436192893
59.751872324935128,2.4015330266317521,-3.8215796579085102
59.804828629552262,-3.7031235919008423,-2.3134132159977487
59.438524149039345,1.7096200100171142,-3.8283068035338341
59.172558812207129,3.4246948938142765,-2.4717113571216074
60.305287397488456,-0.75459659130364221,4.3386321506259842
60.238926094795261,1.2667817934996952,3.9805325860937706
60.226357264954501,3.4142369556099297,2.8321878976819348
59.523233826146537,-2.3410426068330081,3.7363464956874681
60.618416393513847,2.8125989029626872,2.9491039474485361
59.876830373100915,3.1736874470810661,-2.5347872121151114
59.437705966730711,4.4431347156897925,0.49070772632967397
60.464803520293572,-4.2524055131341685,-0.48902693956642468
60.052100777355207,-0.59972480979532095,-4.2936788870556386
59.34408703496122,3.9854973850150057,0.47286603676640837
60.715126773941897,3.7315572295332635,-2.5742754865856203
59.638131023235417,3.4042048897614494,-3.0161410177172963
60.405842158540466,3.7584802226571239,1.2665321677183454
59.279974377311873,-0.23852780172417881,-4.1310509971412284
59.14191174378302,0.051660481752687448,-4.5462442103849314
60.597402475914741,4.4573222544639437,-0.41644662018041101
59.025411447653134,-3.8598119933210362,1.7011838151730312
60.491545834225079,3.2172450907589734,-2.9974426012423039
59.937423239301282,4.2149517325029224,0.28826407959725603
60.544057496242345,0.68567093209986152,-4.0293747173602013
59.590156095742131,4.3634180647514293,-0.26189185724790864
60.565359036335494,-4.1023534825299421,0.39502050856062981
59.992075023071699,-0.89330445569668948,4.6610250384066774
59.498603773872716,0.37517944347441051,3.8162127266255799
60.224007669210835,-2.3821964320184468,-3.6650006990587651
59.162654406095008,-3.3319208975787395,-2.8203914843866222
58.90805504845504,1.9281551756772264,-3.9070499602705451
58.771892206774091,-1.709028143201011,-4.0445244813014041
60.332706928221761,-4.5299866034564014,0.26649806133097692
60.507297909379332,-3.0484234870068962,-5.0913606012922061
60.18272565296764,-2.8408450520561663,-2.5907174273283866
59.792018019134723,2.2086044181268432,3.8908879985824032
59.465975353189044,-3.3847208059314702,-2.4803209369977455
60.535685845236813,-3.3684540735424067,-2.3842802162845262
59.368756033483585,4.3479829069025095,0.34396295712385877
59.630282349177982,-3.3795494109058017,2.8798835445957738
60.007360244236565,0.62086235420625391,3.9305446528291155
60.09825838084258,-1.2292344841921874,4.2543722519982667
60.428958965604217,-3.1194967017787754,2.1854212417208942
59.624120306481309,1.7796898968100188,3.5169225243817195
60.16709172271311,-3.9293098138300708,-2.2088818232627374
59.940479769054981,-0.62363056797737504,-4.1945496352760578
60.424879724331198,4.0208610081709892,-0.47576292914867363
58.821282888133943,3.7171465608772407,-2.5667663438668944
60.176296951106565,3.6218008854986379,-2.2303935794141254
59.075527430339747,-2.4929686723023825,-3.4368694033507814
60.210768533976704,3.585253565414749,2.6725986284974543
60.721990254311116,1.1595513475390953,4.531584404592798
59.676956042480938,-1.6062103487303936,4.2464282586349942
59.616058059710689,-0.10502968906930908,-4.2405271955713246
60.1164840868122,-3.6697051829761134,1.7669610684187105
59.929105248810941,-1.8970030685305526,-3.4782980745430607
60.446211724124616,-4.0091238671515432,1.7219271028360137
60.593650403076531,2.7740499354778199,-2.9073311986752852
59.763510346674678,-2.063829576756913,-3.960866927829886
60.421939281109175,2.4975486012013346,3.5206205510658002
59.99800339826821,3.4849064533041187,2.3069639563188353
59.509769711575188,3.7923242934838028,-1.1920145510860574
59.660870712025286,-2.0094948997720135,-3.7447540422345336
59.251045658405609,-3.2216207037670492,-2.5847173883321499
59.173977342305399,3.8967538841232181,1.1616821610643637
58.905060248123206,5.1513053825026587,0.22733060087478021
60.423233822134449,4.431373956260761,0.039763205874820934
59.685538706306382,1.2176398940591908,-3.9751593150567954
59.059410156546669,-3.967501721932631,0.87598271852156884
60.395440790073174,-1.2853308327478499,4.0215942521789012
60.304955077616526,1.6174904239603809,-3.6233835603248084
59.804511129401831,-1.1355544160341622,-4.4716659000600405
60.685811924774846,0.6687455243716387,-4.4505218740621491
59.225448550431551,2.7912113460938919,-2.8902683651601841
59.724252852000838,4.0987660550054148,-2.1460913304891158
59.823529420380915,-4.2575516474243118,-1.1222921790060039
59.564179868731735,-1.6633230834504691,-4.2243707911185968
60.256800759017501,4.6295544379794213,-1.949847191586181
59.200470207670186,3.2104177903808808,-2.2420393553447342
59.815369764708471,3.9741015227429886,0.86477965826084913
59.68418813236525,4.5206833894725031,-1.2289067402912173
59.962114359773651,3.9771836973346009,1.3319066167180511
60.283896089099045,-2.1627226243916446,-3.9529997212593302
59.432756020791395,-1.1729008217493408,4.1104824273008651
60.128605181742593,0.69851115904851435,-4.0761057779809367
59.30386520008782,4.1157394055561181,0.51253273920793363
59.453005329107114,-2.8942642398761467,3.0016407691753924
59.611508172061569,1.1679369674971121,4.2990824958829501
59.423553216616149,-3.0743356875616619,2.7997824724064908
59.011825611854945,4.1732082622754056,-1.7552246704581775
60.480570500637732,2.7382338195763798,-3.1531617138286538
59.235127277521343,2.8257401184553643,3.5321942819109928
60.824051584875654,-4.4615932781752727,-0.6292829482685881
60.171292185289623,-3.9959022839260272,-2.0783868237217229
59.485781310781668,4.2478793656104727,-1.2247549153336676
58.862333246139016,4.2640531371351358,0.6736802228510701
58.986516026434458,-1.1393242900651337,-4.2606671571399524
58.885844170116115,4.0054232142050905,-0.59348418106465917
59.780660158076422,-0.40015591603958467,-4.7584801020284084
59.648459022594245,1.8685361673165968,3.937634401857748
60.526708508662757,-2.5994228451878123,3.583510822911673
59.867707065506224,-1.0759492705896874,3.5738432541683123
59.626204424330012,-3.4008385344383587,-2.5187828904653338
60.298798779324898,0.78230666123171821,-4.3179455700346301
59.777790968068949,-3.9833811955995211,-2.0109713509748253
59.333215868404139,3.3327078056024497,2.068146139523106
60.136004976019819,-0.59459205721865283,-4.3230174618836124
60.700030396513519,-4.0373249777795914,1.3121616981822612
60.314366600977273,4.3430398530442789,1.1909583192316551
59.217650879731899,-0.95875174869554258,-4.5935753265011208
59.34241773558157,-2.4861838051551284,-4.5271539293553138
59.660897076386696,3.5405275956888418,-2.3499688641575651
59.551873941832646,0.92219420510941419,-4.3737018820693319
60.887655049569553,3.7310769417883534,2.5614061192662709
59.182051427340554,4.2339733443352809,-1.2316608407686533
59.854837105713749,-2.4974218027959108,-3.5485374782618551
60.455630320957177,-3.3509732516699811,-3.1250463543658094
59.871234713567937,0.62141524787098368,-4.264630277360383
60.373137520073264,3.6501011063657547,-2.534008235663046
59.661077577118668,-3.0607284065664113,-3.6029245980483697
59.774748861557967,4.059847312647646,-1.9253001475807137
59.820106923545858,3.953113547078833,0.96124337178847608
60.421378752272467,-4.1375683007221058,-0.37767276847464026
60.368203161666123,4.2649923887121339,-1.1631631483518805
60.148098852624834,2.6604158923521544,-2.5687492940059848
58.941091519712572,2.6639875313122876,4.0950439706461452
59.769144919505848,-3.1762219475085658,3.1508592853055659
60.541941480514048,-3.7318410686739401,2.1967051692214361
59.510146523379817,1.5580058810118329,3.8663710170272707
60.50670278835252,3.6714723986229294,2.2244755040949098
60.259532347680377,0.37726543783131439,4.2360037391780185
59.347890290772888,0.75091850008873706,4.40616316130264
59.089163165995281,3.6749925315766099,-2.3827855852299336
59.56339409018738,3.4783052102291849,2.8383843782640876
59.995032443266979,4.3275273362642332,0.17367543121819737
60.399411932880355,-3.6483696914437425,2.6506579960283339
60.074461094926441,3.6138339137670656,-1.7289337689808755
59.929959932298608,-4.0816535934637441,-1.1197917662323882
60.359434255044377,-2.6905887329036813,3.6568128301699749
59.352409422397521,-0.29623482717957911,4.559107577375018
60.523723012472701,-0.6691393112319387,4.2418327394026072
60.541266903245365,3.6416710605480658,1.4811634954374728
59.403554080040315,-3.9897376948724297,-1.5591162491850576
59.963605683630441,-3.4597789142814701,2.2699577726717637
60.176522797857579,-1.1553314559485937,4.0598083216868499
60.219541457821151,1.4367946669662683,-4.4297772689332522
59.040580687297556,3.887569104611329,1.449570881519229
60.759795759360294,-2.1512063208521615,-3.5463068718779414
59.141846719200508,4.0570786637957177,-1.8650876232072624
60.033378632309031,-4.2551102769242757,0.56086826222255115
59.482946703485084,-2.2647457691367623,3.7067960232500097
58.878375255766151,2.6330769593872496,-3.5390090393863947
58.937047158115512,-4.2170874659735516,0.49300324382620897
59.369017916788465,3.6074738613547477,-3.3146693296568848
60.411537515193338,3.9535394147375746,1.7286116593674912
58.875147217414565,2.8805109209633586,-3.1518452287097487
58.979421459547325,-0.44313059257471749,-4.4654171730896524
59.678317955278509,2.3907844503353903,3.4333171607242874
59.066596370744833,2.7527360695677578,-3.1515917387962458
59.78808164371646,0.47674554904789351,4.1807266519612325
59.190256320022982,-0.84631031486883124,4.0874444084701587
59.185360983895045,-4.2290725184892244,-0.52127590844945015
60.701094134957266,4.0376483821424882,-0.61641277899797753
60.433925619153541,-3.0205187714117292,2.958712011142369
59.932523852933862,1.1046844085687055,4.0034544152791867
60.550872705928029,-0.96111326179176337,4.1958735029116934
59.187539688954125,4.9872448396480555,0.26213547218711752
60.53655921782542,-4.507522127143571,0.37234807077680199
60.354776779106906,-2.9252558928496244,-2.4644424537273872
59.016063099883674,3.5187010254043734,-1.7991008420363557
59.61292508991729,-3.3960475652991517,-3.2074360485401412
59.413552438105128,-4.2413386860345641,-0.69809583253849328
60.442540667128249,-1.64834044699869,3.9837648213541761
59.057595929323213,4.3233186623302631,1.4495782519839993
58.926992781950759,-1.2301663104205303,-4.3351019877903632
58.921940286162545,-3.8091101592825374,0.58093583285060357
60.67891016083162,-3.7848397170669457,-2.7378285507459212
59.270156379020612,-1.5580905700418801,3.9099767418252926
59.380637672456146,0.1047110234501218,4.2488149541086431
60.047592304932742,0.61389702764106258,4.5267949283901672
59.004749084377714,-2.6436909531081727,-3.5696954039898525
60.174210261858562,-0.45173250730129638,-4.291946523962098
59.541376744329185,3.6073169440638795,1.8641584113640755
59.14841330989136,-2.6108596849351411,-3.0751232420230057
60.366035476463011,3.8018387986403805,2.168368953990734
58.922169104128507,-3.3963683950705992,-2.6919980208225831
59.117944757344112,-4.080082919744151,1.4033131676378083
59.293072624761209,-1.9237943187894573,4.0503497753864783
59.129183050252252,3.8831322558473338,0.97591549856184256
59.829396145471215,-3.3767476155403808,-2.8457987480448024
60.073229735600755,0.35763137805678141,4.3155019383703301
60.379471169480482,-0.54998390540164011,-4.3665729963482223
58.813485907803155,3.2374805935174367,-3.1191685796726816
59.632313412602343,-0.025695743660242854,-4.2201170432815927
59.405430268625999,4.1854023364296475,-0.18733611631587185
59.557356954920884,4.3729876369166529,-0.32828756775502299
60.117402104503967,3.3009180025521987,2.2103848021863257
60.011059516755374,-3.1398556691926198,3.4231840271632819
60.367850656948747,3.9963502862696836,-1.1720051926542545
60.025301344549604,-4.2896891421689718,-1.9875100463858337
59.608231081353573,2.7274610349356259,-3.5314169359252183
59.133263186610058,-1.9659119772490024,-2.649947259557873
59.448046517001863,-2.1106930015916103,-4.1111668264731422
59.780858432596631,3.1068297182617415,3.0429523613657952
60.226110908438869,-3.5087132874816112,-2.5078549975850297
60.652372868203827,-4.587103329948663,0.589244831028228
59.877155984039717,2.2255394021793697,-3.7419141734329417
59.374811035914917,2.5042190226984014,-3.9046276597762164
60.33996824169737,3.2864299421065026,2.0522083742915616
60.382316986062385,-2.1540704660822154,3.7433211896773702
60.342809621601496,4.1845203278712466,-0.063979777058385007
60.7188352555712,-3.8987711611119313,-1.6058755600711436
58.90583639653957,3.7686867141214089,-1.7450561951022612
59.133602409810884,3.5482886750183882,1.3663556633591676
60.687911366427386,1.282109176418279,-3.7421309009369224
60.574307389099431,-1.9146832123385138,-4.474204233295894
60.610846642141034,-1.8778752441242175,3.5826941094755091
59.351595677481981,2.9227365596599171,-2.9964499827311735
60.430734526416984,1.2899321141879494,-4.2701698504328807
60.305034597797714,2.2776346495522515,3.6263464669258014
60.031885582360239,-4.2780368406522555,1.2193580505296413
59.629473426092702,-3.392261863869491,2.2092436969799256
59.267148194613753,-3.6497029907635827,-2.147853561484609
59.560261917155835,-3.996106805081598,0.33278160182185607
58.769455963944303,-3.6696811769115705,-2.6025379441772984
58.955196163829143,-2.5546626923936993,2.9975525210538976
59.93539368283934,-4.1260611483038012,1.2890074274050878
59.364445331547159,-2.3126066857247425,3.4032818447799
59.225433640089541,-1.0002306226571758,4.237695953899479
59.096757607077954,-1.2483914476528926,4.1393476145567556
59.636608347610199,-3.6838660322918018,1.9283239919859672
59.921633958206975,3.0239888036845635,-3.54699696044116
60.240420499354734,4.2497354967476353,0.072623293074369585
59.582425247124192,4.2189320553972474,-0.22562184708212329
59.990593246060733,4.0920442594043331,1.2275116621931002
59.774232944230945,-3.3744251487351016,-2.8764673325474437
60.54076835086493,1.1194637184350682,4.1794749959520976
60.244121829583356,-4.583193378707322,1.3568813154579511
59.448461425936053,3.4898480546768198,2.6230411801573728
60.219710910142986,-3.2347541028208138,2.8084988833466911
59.757677825365001,1.6332463464135785,-3.9005847060753029
60.101163216980019,3.3495891958982855,2.3493317658258097
60.809878758154412,-2.4136928875260932,3.1585289378742551
59.656222648201364,-4.1490283222582836,-0.81628350121451299
59.299590689722287,2.2477934105943258,-3.4293300986825446
60.610951441302873,4.1045234317763057,-1.5631023189754145
60.429576454578935,-3.7283014064781526,1.7616221254881712
60.552521428276485,3.8576424825336475,2.1317749694599639
59.269978003373623,-3.3881707259739779,-2.956848105170113
59.08239743362747,-4.0535201660132776,-1.9197843923450397
59.897751124124859,-4.1608420847555214,1.0504239652691938
58.893048120679993,2.5273395838220427,3.9038176764675176
58.764632782223707,-3.830371158783886,-1.7346664932423279
60.71518008191989,3.1480994491944942,3.0096747425085959
60.577574276680068,-3.771494569623846,2.4945934065189554
59.489001262006035,4.3044303936779054,-1.1507002134369229
59.425925113966343,-4.3349311588770938,-1.0173520618386713
59.834174123295682,1.5444916454041788,4.1681902398805724
59.832441774533933,-1.320446588092866,4.0968467736953746
59.212656608562078,2.569480203680155,-2.8360008650919561
59.877179881557382,-3.8031787871896525,-0.77039621716697182
59.29877393291428,-3.8427012015729534,2.5167176064302867
59.326326451674745,1.0143726974608425,4.9230590690237968
59.762156806433197,-2.4226638500884832,-3.7828861663909681
60.610311193929135,3.9258125398597943,-1.0628761805183327
59.342870734020096,3.8678877754294918,3.0858403241503032
59.269853619446863,-3.7295551055645393,-2.3038524050120688
59.410849113392402,-2.7245702264802092,-3.5098721867361244
60.648959944081923,-0.31640018461942038,4.5724717310059955
59.877877007032573,-1.4027575378028967,-4.3104050555318913
59.459931373561346,-0.20626126288034255,-3.9505182800907779
59.398122350959603,-1.4489893832075209,-4.1266989366985456
60.511497408177952,-2.3699154844027768,-3.798931011822857
59.462099072337956,-4.2176493037345502,-1.8904992900456383
60.316683448642266,-3.5918732239952287,2.2733687760466457
60.30859718826413,-1.5451445415054235,4.1852114607426403
60.120716571104509,0.53436334996673829,-3.8497969451595511
59.140195948950542,3.3858068332876998,2.6609605712760489
58.951023558330313,-4.3703368886022389,0.65732630331051756
59.914032219866371,3.2808805435304613,3.5591048460056909
60.381061174019898,3.9344279747643029,0.48849371589438734
59.565053842515013,-3.9888297046206214,1.0267981618043447
59.998562891510119,-2.4050174592386879,-2.8545575439709001
59.882792393683346,-4.3928879303303399,-0.4815022986726073
59.842438566934213,2.8055336011874155,1.5650166383907262
58.909218522712628,3.7206764591907575,-2.3488100934458833
59.189647555252996,-4.6815191477155285,0.083093652552957878
60.147307869534025,3.715196191878523,1.4758377129802462
59.685793416358322,-4.4464710191796808,-0.60341968710473126
58.776254150634635,4.0612575187778024,-1.1151123556564189
60.564357093192285,-3.0972298165962515,3.2162771681555902
59.908692571566981,1.6498377716616845,-4.0089940385406422
59.030178228784003,-3.5414470617601723,1.9308765293291992
59.493160506204497,3.8673258360491753,0.30195149316764669
60.42990337803338,3.7087495951280474,-0.81155927872593003
59.745210688056524,3.2185408295232922,-2.6236921396764674
58.917060575030725,-3.0481090158937647,-3.4140223981488718
59.117354562234802,-4.3621968805903197,-0.26002809305083996
59.380896659685384,4.1508324929803715,-1.5708202556412476
60.064948737670967,-1.9512164614212677,-3.5778959815526155
60.834948788494721,-3.9983896126930327,1.8774510978170154
60.11555805983383,-1.8350172149028441,-4.1599355267372253
59.787865412727967,-2.6536144775494561,3.2361741850900545
60.325465086154743,-3.0664676225108756,-2.9200238373632454
60.113946216710765,3.210588973943227,2.727417364078323
58.972830138116919,-1.3144721598152855,3.9601419013775212
59.616824335189527,4.1414031900602088,0.35156250967725516
59.811812150912246,2.088494646704885,-4.1572131412715194
59.759637436341826,-2.5327645696036867,-3.8187736763593048
60.546062159855744,-4.0227844010955831,1.5881771076542475
59.692461893229144,1.1118591343805067,4.3893833496655921
60.483790505393863,4.2069731394480243,1.582103728006176
59.218311906567216,-3.0197810246474242,-3.4275838224192499
60.647650623214446,-0.30715916097510959,4.4450800864006501
59.169633018038191,-0.12369164757846537,4.4642522345593498
60.774696544639774,3.6701435176537882,-1.7120574157225232
60.798558588007111,4.4007720672989343,-0.60461809917343035
59.357100884482868,3.2111052510034437,-2.4206804222524516
60.687889780940715,3.9326747249329452,-0.72362279030858467
59.715324320804356,0.11123320067846698,4.3927323435983103
60.294379129561065,3.4619250019099441,-2.0671792295000722
60.698781094431602,3.7719299043655461,1.7704366768754265
60.3470510548078,-3.8762400511974109,-0.15461246978721527
60.328441434644155,3.7276803012612008,1.8905701885362047
60.622953744977217,4.2716774790819905,0.45362221007376147
59.872653470407997,-1.0460755579439507,4.3470074866498587
60.745995395113333,-1.0432203243390794,4.05658144309034
59.950006663009631,-4.555531032098135,0.83595540652534184
58.92817543620869,4.4920796614540981,-0.54573474672282285
59.618647443330019,-1.4668010624288368,-3.85224676843273
59.871132643320976,-4.4338812962064553,-1.5273574718994558
59.216386772214243,3.7189327139739921,-2.8812163985237627
60.393289841133523,2.3519809964975691,3.7580184881165608
59.922570618203096,-0.96017695274382753,-4.2659949944476852
60.713150675979456,0.059046794687194169,4.1248805370770221
58.79828714283407,-2.5248608238103118,-3.2649062835214488
60.172566663648041,2.9283890668019565,2.7695571303579696
59.219805382831616,-4.3764984142202756,0.27659596302092498
58.900537202291957,-1.1752484776220571,3.8626652706960822
60.417928496349994,-1.6933310360148439,-4.0611098830290686
59.49101525434704,4.01532562123103,2.0144650318481223
60.222632216511442,2.570852653255197,3.2784199854460105
58.96002494273278,1.5265354528818584,-3.8947397713203578
60.5832033108926,-0.71305417373789692,4.1658481630546698
60.059981825983556,0.75930516805452675,-4.6604814984830849
60.135407486284443,-3.5818806751140233,-1.6172669676761184
59.03562694234332,-1.8734777363260495,3.4052795845471286
60.317149109534334,-0.48286501862101272,-4.0740383816666572
58.963606610220495,0.54319934744749399,-3.9588234340072161
60.410069096131998,3.984326357904926,-1.3468272734690241
60.287261694703773,2.4919853636009983,3.3654327498056493
59.528169350114887,-1.376427764437641,4.5850320428839249
60.012668716375195,4.141385372978859,-1.2875229464468756
59.931261484946766,-3.5721339255642279,2.4610489221422456
60.450296579798305,2.2532258949238804,-3.3734313157565392
60.191223365375926,-3.0501000527063131,-3.0990361693016895
59.903920950393854,-0.02420443271094164,-4.5708790107063395
59.810308820707398,3.8060318766846648,-1.9780368889619508
59.47129097661135,-4.1924497684910484,0.59874691556711923
60.36446494569897,3.4730407564968155,-3.1368980469284109
59.5136775770778,-4.1474451318250214,1.7241130829775253
60.257697392476686,4.3199884978283842,0.089033616387690542
58.653588223827619,-4.5816985449945564,-1.7864775170372098
59.212342903872205,2.1377506813545208,4.0104378839825712
59.452123696701435,-1.5207986279320127,4.0817895428702959
59.794310654376403,0.74948335251492804,-4.1982435998884338
59.243208335207513,-2.7572132872918163,-3.6007221833484766
59.081350903378457,-2.9964337329926698,-3.3881805097520434
60.487717352953389,3.3108996484893929,-1.5922102033506229
58.943029816346062,-2.5669445538704903,3.1438274369844104
59.175556993939097,2.7456159731656742,2.9362670782094873
60.190448457414661,-4.0694423449582056,-0.25033957598861178
59.186665618917004,3.450934823176306,-2.4023195966300377
59.357932360906275,-0.93933233372635783,4.2675200953354455
58.895900545354301,-0.56832367631645719,-4.2042848412612956
59.467277914182894,4.3429047422695763,0.07684285469150029
59.650613773888836,3.5578136491641876,2.1524633025017899
59.135714749027528,-3.8922762222554583,0.78399133413880773
59.387017744972447,-4.4741031183269344,-1.0007210761257166
60.670870156361715,0.96434258927940175,4.269436109178268
60.29867207025957,2.0466843366183221,3.9481930923328918
59.471181671913321,-4.5632333232497455,0.34868239040764432
60.329941447520497,-0.88522175521167934,-3.9955499471020191
59.123027508046732,-2.4517273660271375,3.5143995591434289
60.208599733202732,-4.2561139293774053,0.17472148145138147
59.923264845505287,4.2733276315484261,0.44183649165417982
59.570125017230545,2.5364692433668039,3.5261742494785526
59.872187744620959,0.72160816410030915,-3.7355159811205207
59.403002589869388,-1.5875339320667636,-4.1492445076120372
59.894875682755227,0.61237429997691806,-3.8794605604148491
59.315652149043395,3.6234567934171555,2.1108726237016913
60.06997416045396,-0.43739561646454389,-3.8821842824291988
60.737033630624872,-4.6910696470954338,-0.66653015276809713
60.043825397774803,-1.9708698067245907,3.5087588471349886
58.980322297908849,4.9743419015196979,-3.9672031274419886
60.485526603512682,4.5169221362759284,0.98933581051091224
60.086438513930645,-2.6874151744729446,3.6575079305653446
59.211435525815503,-3.7969724036409649,-2.0823390087717399
60.153405564382517,4.2195837909393488,0.18011251719867172
60.634635819518714,-4.0475854304035437,0.77901754836461501
59.050322526725822,-1.8224584433972335,3.4941887561259222
60.131276791229816,-1.5946854015310137,-3.5051604511023182
59.334352303553928,4.5156671983423546,0.4073036981794757
59.702760578054885,4.0053906706100166,2.1116616589238602
59.213596265615038,0.64650308151982538,-3.9357184615881136
59.708746125334912,-0.77841639122472395,-3.7101631668111863
60.679853158187697,3.9022726198166406,-1.8511522911189668
59.947127445677154,1.4904105911126877,3.9627215046765123
59.136498788407835,-1.1850206526523124,-3.8048583011098871
59.070441202690731,3.451485254624147,2.4329798202410933
60.116794469539165,4.3814636875253354,-0.7002858280814932
60.030117294510198,-4.4296953597405668,-1.0632015256075136
60.304376029522885,-3.0860469004349276,-2.7719688786563559
60.510258372704456,1.8463765226025575,4.0816464097526728
60.105969869162941,2.9652302086852433,-3.0252734554296854
60.508526563778119,4.1099113155833376,0.074240098520565567
59.208400231149945,-3.9881851665934853,3.7107670693876718
60.043416600545001,5.2830372199380387,-4.1176302635704909
60.160883886583967,4.3317047137879223,0.29375585245969066
59.628970608937202,-2.8934152095141319,3.3979029385927588
60.069296848337295,3.1468817100780022,2.6824774363056894
60.331582193796613,-2.1777730437356135,-3.7608789781731491
59.658793510163171,-0.97641167367892534,3.6657726783094158
59.294741705798636,2.3389513630356302,3.6974302151125773
60.043937352119677,3.5025790742236889,-2.2634231161285228
59.336109800308698,-4.1462245824820929,0.97955166646468039
60.034426420720521,1.9009172017009077,-4.153475175475049
59.164926933390255,4.1554693451241231,-0.49721388962975838
59.631759579213387,3.9334707808195759,-1.8998015849267265
59.630868307348024,-4.656974909638639,-0.94148758195280369
60.733944815303524,4.2930994564929366,0.85069894448155114
59.154989849123794,1.620019051961753,3.9238770490974253
60.276213781522152,0.19596471564773632,4.4822047533431659
60.458246911497199,-2.5205915716795628,-3.7467135556332245
60.270373110217669,0.95746732552157787,-3.8790015178003188
60.736240621384653,-2.3016312474439924,3.5978733270243368
60.512991725927954,-4.2594471941605727,0.32103183059888957
59.990721342035663,4.2871024210173747,-0.4412570977564898
59.690101906857031,-2.9809791222019646,-3.4770581125705409
59.91008375980126,-3.2906936502020603,2.7751894624128965
60.425698796093691,4.0121191094916577,0.72977453119748248
60.709575095688706,4.3080946206747166,0.61000577131652112
59.746131048012828,-1.8309756826412062,-2.4714710073023549
60.085366469432373,-3.6961507939794762,1.7467145461585245
59.777249096422885,4.3451422056761517,0.98098448244485426
59.093571801053244,-1.1731780402876908,4.4234710713030374
60.479440821439248,-0.52657605186755152,4.2751728090692911
59.460444675181591,-1.9880395686735677,-3.922971914899406
60.533752816035481,3.8764385303724707,-2.2179245352776342
59.760236182753395,1.0215090808461527,-3.6702944966510471
60.011459869497315,-1.0496174390106201,4.3283230968825244
58.859348294649813,-3.8753551545603644,2.0668683931376624
60.082081939017797,4.1603052252985027,-0.59948105042431277
59.870539331797239,-3.4535049787060474,2.3899276916607675
58.846063234930739,-1.4575720633805085,4.2308122331309121
60.608923905557724,-2.4490738176196647,-3.5437506036514081
59.21053900776468,-0.67485712558644151,-3.949563166678272
60.42200553607799,1.1599660941468068,4.055047842672443
59.305763394248991,-2.04662047789959,3.5395079452377347
59.460564875090249,-0.53348493436126532,-4.467939507473071
59.599191439880833,3.4451106270503016,2.7695468026311301
59.753943489748501,-3.4317496379415666,-2.2500812668621935
60.211750831213841,-3.3449941710670674,2.4696210210464642
59.464918438099801,4.3226062485780483,-0.81407588928304253
60.424434283951307,2.3038526116133076,-3.5755756616189736
58.917355059893509,-1.9615139939130131,-3.3108824711819049
60.014392015485946,2.8968712076301815,-3.1165179750528531
60.048484612102762,1.8758257818043846,3.837409061351305
60.724737942280399,4.5046503132840048,0.69829264407050873
59.302647341459192,-4.3799184814038306,-0.50252571520049194
59.988816364256238,2.7072012888978998,3.8655286403572893
59.203201863262251,2.3684182563448184,3.3572202261614579
59.634208150855869,-2.4374766534355605,-3.5656691396780245
60.899612653538966,2.4673675730513058,-4.0397276387950285
59.791217034418231,2.7912965278779027,-3.6064097035828713
60.151580080992161,4.2096432827753407,-1.0777629587959388
60.214479066778338,-4.5216047570185713,-0.24824111152262474
59.375924729275354,-1.5958106865120536,-4.3372044796467728
60.568083696685399,4.0856901032244046,-0.2989627368855669
59.914844094539184,4.4113091324030824,0.35360547831324418
59.342833984046514,-2.8135181251440646,2.4614899078424326
59.465020176597463,-4.0750867250017828,-1.2114143526747698
59.167887193816505,-3.5580906102405168,2.679311346676549
59.04331620262824,1.5169001481158737,2.2319672949614828
59.497221004565318,2.9192174539376272,3.3669435760285693
60.675097261991887,1.237498749844784,-4.3479715313748102
58.996635550633037,-3.8446306639184797,-1.5616649299590926
60.261816905414676,2.0248813096957625,3.7145692824686853
59.562242948816923,-0.40951384944007374,-4.3892894651766134
59.670674400269952,-3.3221566095364059,-2.7470081692692694
59.864270972636106,-3.0057929134287638,-3.536143103650327
60.494322898307914,-2.1468166663155297,-3.9110417319417481
59.409852491369413,-4.6064098381552867,-0.15824771012600927
59.284893257754895,3.6927612134668277,-2.6616076604981767
59.901077242949363,3.6126139727250006,-2.0914593195728841
59.924881048004551,4.1389280091865963,-1.2565189779392545
60.523081949150722,1.0239282710693112,-4.3511621156638132
59.732552575188691,3.0338529017692273,-2.8016224661493396
59.757719030882392,4.0548989962437956,0.35646133505703492
60.018050986263631,0.89794335322855257,4.1420501606591351
58.962678894522263,-0.55541293622472454,3.9976492474609269
60.015648284375565,3.7777552466677635,1.2347322476484033
59.867688858092514,-3.6197612145536473,-2.2266260751750577
60.507814466564149,-3.8962503402523048,0.40567626856931133
58.87051974855207,-3.888529076405284,1.0318075428185933
60.067057495220745,2.5707840172489362,-4.0014673649765431
58.947933981046674,-1.4391669771297346,3.1269231122988779
59.263431223744789,3.5954099513629973,1.7469126806526472
59.678467111050161,2.0251841707230565,3.9703598195965064
60.037145540393887,1.395732468337274,-4.3215553312650528
60.506389705613664,-0.11470228290059961,4.2754235657742869
60.648457952155546,-1.6870936282490878,-4.2667270453589126
59.18913184913216,-3.0289127884200697,2.9016462958488334
59.219184580405773,-3.5437790403697154,-3.0681909514361374
60.644362548677691,4.322997512846336,-0.1843353106662336
60.161978657345998,2.1890461375984147,3.7832460608206828
59.706746633891107,-1.4585987344103819,4.0521286300552131
60.723469585124612,-4.3681903436273357,-1.3274590717672159
59.568694726733597,3.9087401199467897,-1.8116864047339889
60.134709645385776,-2.576000402390938,3.9451911132340061
60.273206247708949,-1.3256213883649399,4.3022197867327359
60.184956103475393,-2.8894759296036949,-3.1547101765207168
59.538373813825686,-3.6617102469048506,-1.816536165780396
59.207663136963674,-3.1532505503820429,-2.7726054803009546
59.381143025712745,0.78763379140643497,4.5001806447701016
60.6191749053622,1.5257651283111795,-4.0021789929562663
59.681295334677273,-2.8415943559390353,3.1398252727774039
60.018239769591084,-4.1008870705013356,0.17918952185963719
59.804542206187755,4.2180012032207834,0.48892189555348281
58.980169451785031,3.5479864451596499,-1.6688066608832106
59.912198233799252,3.3455950444786318,0.14150463182241169
60.460554507977271,-0.82527575248936746,-4.1028913273587664
60.662918767376802,-4.1804421333331758,1.8896182824467556
60.541263658581258,-3.4709110829972003,-2.4891898206565455
60.518517674527253,1.4033947864694973,4.2489437659222462
58.884420846752441,3.5807381959037774,2.1369505805161664
60.092762030094825,-3.0974189769192111,3.4485747635772959
60.310074890768625,2.9887489422737938,3.8822320887244883
60.637509773793305,-3.7668182536785295,1.8662910801749539
60.548888830605442,0.15485621668153832,-4.4786679003795236
59.83707780787033,3.9641675922314676,2.5198314559197792
59.490751577402818,-0.16926047242860895,-4.6673862399524104
60.509363062429451,3.8506967156173224,0.70555862514997392
59.187088299732203,-4.5325475479499309,1.7109117627895898
59.588060212760972,1.3227053697095676,3.8847925942256825
60.849363169222272,-3.6521596662360025,2.653406984344429
60.275006252402441,-2.614623234440312,3.0912168113362775
59.790378956802599,-0.065208153684256157,-4.2402247540347746
59.747447243980339,-3.2562579066263853,-2.5904585386158057
60.214741545902832,-1.4207786728004517,4.0918839189411367
58.960476424422424,2.1647722592924468,3.368858694851824
60.641878922700826,-3.9526155591825658,2.1887793414507541
59.258387141232461,1.3479807172451204,-3.5187782705625934
60.540044830609659,0.20216564263638481,-4.4568585860764571
59.547783353318863,-3.5238612066022572,2.2470704938058121
58.940485280521067,-0.89419853806660665,3.7401395449518566
58.9452034155929,2.6912282332931454,-3.1592953289108259
60.195789270637235,-3.7652765080487169,2.5562490603194559
59.784222566308202,2.1212643855888458,-3.3797289072429186
60.610545075687277,-3.6859300867570206,-1.7837219759703309
59.057250073265294,3.906304368566706,1.5498801608499302
60.459557510220307,2.6231299191112756,3.5408597392423329
60.501142266717217,3.8122227255726395,2.1167068068242103
59.339928091560211,-4.1825541834315079,1.2341245991236089
60.019606125305671,-3.1760572748604949,-3.0905135262178467
60.017306283019856,3.8114842629502905,1.6160271570640468
60.014079559057045,1.1565609491970292,-4.0384581407458562
60.619416579649496,3.321079039535106,1.9890517205099902
59.144514763249227,-3.5600321998900628,-3.3465791516570995
59.385278391181004,-4.1127280250547145,1.4867126794765464
60.318975495304691,-3.6202860901411138,2.7533280673405178
59.957570900317023,2.4836290929033122,-2.9226414342324003
58.987662465272408,-0.23114241691802279,-3.7108876834874311
59.978441617586071,2.6798686014587796,-3.3665716060213557
59.902397589084224,3.77182946589866,-2.9211932757414516
59.054384186596444,4.0182928593114848,1.5821998887223587
59.313350059811057,4.3777933277836887,-1.077301190868726
59.394344451382501,-2.22284296429507,-3.3503759532837432
60.282529748922258,-4.6244567135761869,1.4374749886876343
59.745398953860459,-0.70410080001886488,4.1863579563564945
58.901205235162905,1.4801815843869308,4.3567796598159516
60.381981301391484,-3.9677863864954173,-1.8809144477187645
60.40593693366106,-2.7561993521707415,3.2900896938256547
60.104307050271366,4.4474315506904585,-0.73928571915141039
59.147341161582659,-1.5407562448536916,4.1572717729557711
60.314132966438741,-3.0983773156993895,2.9422380572388751
59.436143153607865,-4.8006914009034762,-0.97238014271425877
59.441893932615166,0.040736737620471107,4.145552848365587
59.925266555265203,-3.9508892864216829,-2.5809897224764686
59.349827100056608,1.8849254326371949,-4.3498396185349941
59.148311289743091,-2.730783098961993,2.9486200008188233
60.064409601452255,-4.1351075992812127,1.1147892037837763
59.087990133286887,4.1567851679745003,1.7186404361958703
59.149408859956317,-3.1322022837504586,-3.0757012944066977
60.076048492121338,-3.8096994195951916,1.0823015486657921
59.075013980834257,2.5576346070137097,3.2125188492161758
59.163092568253099,1.75241612792906,-3.8297071441760755
60.546149849184992,-4.3688527966879906,-0.17639372525370739
60.007938474191235,-0.92501683919736899,-4.4191840345912388
59.153070556918586,3.0427862198646798,2.333073701011052
59.673788706733021,-0.11777003566023095,3.8876298447077544
60.618718880663245,2.4145413815814396,3.4964103287378738
60.548321226571197,3.6364434124704879,-1.343912490509013
59.315214543378715,-4.0334380585819449,-1.2682516013116703
59.587126981029009,0.1852146567489123,-4.1319603929423279
59.482332221338694,2.3685545500218632,2.6090426569354999
59.097351305426123,-1.3945523230624735,4.7665444175837877
59.069149945580421,3.726810821792133,0.092709225981615379
59.490029870867026,4.0219200167954847,-0.47518526777780762
59.697718179859045,3.9735993326026664,-1.8656565266049372
60.736025959379219,0.89206763274570899,4.3380616600412854
58.926679445074086,1.8565338629769621,-4.6913426981506214
60.741650859417007,-1.3004907070075307,4.212095034748276
60.353306833981975,-2.6519030818332543,-3.0145332414035524
59.299106245200726,-0.93569254913061395,-4.6980691065176448
59.081344388502366,-0.68449352101287064,-4.3946347242005457
60.92977074754608,-3.8248714025645882,1.9668806051294887
60.218332075637072,1.1131665322582693,-4.5702706718740602
58.896082618723895,4.4628395905938243,-0.12678812446155477
60.804985162144909,2.1731500501933838,3.799889515785059
60.21760706020725,4.2336667817732136,-0.9434885278775389
60.725728754770472,-2.4750801251430237,-3.8498402171268986
58.958742436788832,1.6601034273103668,3.8894081729980896
60.228561948460928,-4.2468907929515307,-0.1627170203668733
59.564137467712186,-1.0589334522234852,-3.095724961106785
58.916148063327903,1.7746675160515986,3.5678022809455241
60.438133263587432,-4.0187099141948712,1.0163600722379269
60.732577935486219,3.0363652488801778,3.7210535870134716
59.410854142047725,-2.4852358408478334,3.598292471565836
59.826381604201423,-3.4915786193063059,2.5378533980590885
59.275174810088416,-4.1187628297957959,-1.19217854884318
60.316978495904358,4.0811103021560013,1.2437870893684935
60.645140771929348,2.4748338383192112,-3.6165823834114059
58.727609541035378,2.2343155331626017,-3.7545218517435588
59.258553516872958,2.776107206643323,-3.5491064748040801
59.402343849934439,2.9221881519337631,3.4082793323760812
58.911395417667073,1.7043632178624935,-4.0054315049655518
59.468223623625363,0.53944386719166715,-4.1044926015718861
59.000907669998121,-0.10507392941627015,4.1489472637667406
58.8887794627625,-3.408412951689797,2.7929006224739314
59.577394663882124,-3.3349996873702055,-2.5036270059661554
58.998132118980969,-4.0685446962366578,-1.3884496743754575
60.362094782351704,-3.3320819948715044,3.2512139157189401
59.107292176452496,2.852167999115887,-3.2251400682328155
60.490424691628213,3.0887305051180851,3.6184640858553521
59.447430209763404,4.1461337824074773,1.8192155580476841
60.700444110381646,2.5769961935190739,3.2996402614488942
59.975917257754766,-3.3095020848651315,3.5357203556797141
59.286016027984836,-3.8761458840895147,0.37872418435553618
60.345746028481265,4.3299455800607314,-1.4176031362387072
59.180996441464586,0.85618635936225185,4.1598026535499235
60.264155706163976,-3.7113121581159492,2.0551787513260247
59.060224972941626,0.65629704410890521,3.9966744520284627
59.088029087858125,-2.9843434038483125,-3.1297707000696406
59.587448029715929,0.1812826532715397,4.182643088264971
60.576810771471635,-0.80699242570742458,4.3534844098540937
59.131118081257306,4.0655086361362711,-0.16629307226508294
59.171722367921873,-1.7129725555023259,4.2776512147993051
60.293113274568348,1.5381454551079079,-3.8289091462218128
59.185670908938413,-4.1301191609860366,-0.38378239114149326
60.733080041268487,-3.2519777539212078,-3.0280020707874149
59.575470593424868,-1.6250196808839077,-3.5814454400446842
59.969930257202428,4.3192714794359439,0.12575943339219936
60.210231988533849,3.7078830613605827,2.4890408312816965
59.932911047187673,-3.384348477214385,1.5462073977642239
59.188204782827334,2.9445144628506967,3.5683281393620416
60.276389944842848,0.76148673438829262,3.872993858829954
59.447037813511635,-4.0858412626642551,-1.7748011076670751
60.653934408679987,-3.8961190164783805,-1.9161569125679856
59.0890635090839,3.5843477190755255,0.83383302212256583
60.086360938218547,3.3968582718241689,-2.8989982628346511
60.081337780340867,-4.0688988713418448,-0.9242386850644837
60.13760160098105,4.20852557455708,1.5103055613285425
60.62041493736691,-4.2567822676598706,-0.28408250933219681
60.091525501908727,-4.1812503186699468,1.1802413295036709
59.053649528021239,3.8523535714767929,-0.64494613762042663
59.170744126775446,2.8575593909349379,-3.1536706090929592
59.829580863583587,4.0954388588593513,-0.51536667236925104
60.142875526253363,-1.9645066259335691,4.0337460322786738
60.08527340623916,4.1810699216730605,2.2418011228417374
60.551411423070718,4.3686872277139992,-0.21108363942484637
59.832656927334959,-0.77688396856978792,4.1002068279351489
59.019218382101563,1.7465698895222226,-3.9021277932644338
59.206989299227303,-4.4432565371277191,0.77678142535125239
59.279663714241678,0.93496026535627985,4.0953237050133433
59.564234194870018,1.3918546358358976,3.7698498385590202
58.876121144426662,0.65149612380236366,-4.1755836680974836
60.760082311167082,-1.377968217318706,4.1331868751766381
59.537477798719031,3.4683285881838937,2.3433393031237491
60.488657804440273,-2.480915687081358,-3.3214837771844472
59.37855593629444,1.0858924334212181,4.6726428886252389
59.833029653721418,2.2402827140686843,-3.6414064985868144
60.334672865096813,3.4461851308644151,-3.3218250630909076
60.465116936219829,4.0290477226318471,-2.4686437229257496
59.289782451475375,-0.74540783369071106,-5.1331426637026478
60.809674709139102,0.14522434872811979,-4.138727211078816
59.290554698886062,4.1762699999139254,-0.88857329581125277
60.752517425978191,-0.88822613364915537,-4.1863404034143983
59.765797782388155,-0.27425738073193262,-4.4738054330676205
60.18714394916659,3.2100949174818836,-3.0417448594476406
59.741729789622958,4.564977634330619,0.45410972724086923
59.027905633454225,-2.4268196233306316,-3.2255561919819584
60.089690141770724,1.5160602994721166,-3.8481676058064584
59.111328277279007,-3.6073525532609367,-2.8023625519847881
60.227411515587967,2.0538198955073503,-3.6129446788277062
59.918329253593384,3.3541901360246813,1.048857995391032
59.7850949995901,2.9939047315494127,3.1332621752567986
60.448790128080127,-4.1666802562108218,-1.5564313599843098
60.368949760317797,6.8255487959058616,-4.2443770886918983
59.68021341180971,-2.63470668851238,2.9202978141461435
58.790103703632859,-1.3431683749133154,4.153572043435152
60.355563837771058,-2.8516577766259581,3.0592986062331273
60.329643995489612,-4.1014662095814387,0.52682882504280348
60.806979934072409,-1.8982970746233232,-3.9542537262370052
60.564191791804888,-0.42223161954072136,-3.8395607391814339
59.644675533753315,4.1006261057603073,0.28981033418386348
60.222771571860704,2.4713294705015052,2.9802578322174491
60.736783520064726,-4.1581248455581488,0.95487883449189204
60.505288057868199,3.1787176735514993,-2.6726456434958679
59.897685352501405,0.89019310675772456,3.9980888265065904
60.227500678560133,-0.5836561426425485,4.2308540132741648
59.003103250145116,-4.4118866497090732,-0.046103382517377625
59.968777107119337,0.5583622591546874,-3.7680246640670632
59.904005255954878,-3.953656372310395,2.5996010673005885
60.008130896596889,-3.9024318392451649,-2.2110842518939737
59.621418452309406,0.61872903374735255,-4.5005989227501511
59.218524178704385,-4.8423389233096517,0.41527286029892391
60.775308010867853,-2.8201444735037398,-3.7916632979343059
60.399772735668364,-4.3689043699270318,-0.073006806108942071
59.928110078890008,1.2001446750380906,-4.377832741977735
59.841049359207794,-2.8495086144394204,3.1006509325007969
60.223413833181077,-3.9253195446798808,0.10268305220440754
58.802230702611816,4.457158825351331,0.5971935061973449
58.936017021527427,3.8369004139824421,-1.913759989512138
59.342718823361885,3.8168745648306257,0.83721905209055336
60.431507906022304,1.5368198557686479,3.9753069500844149
60.082264675454105,1.4205987839098477,3.9645438260965413
59.341223425431835,3.9831500130314454,0.81610433640215774
59.943950411533137,3.3629990910663663,2.4422642259523419
60.357144585978823,0.78495711678485969,3.6206827149994756
59.18674822736309,1.7129047082955005,-3.7952429559618923
60.738390461896898,-3.5175552683634184,-2.579831488197093
60.019321484948108,-4.3299925419968854,-0.52062162254814126
60.096690869986723,1.1177404489718659,4.039853399707507
60.208956077724508,-3.3214517126008585,2.4531477872059275
60.447182273823074,3.7619785070328016,-1.8503754834344674
60.604873350028726,2.4783715780036593,3.6762701235744788
59.314883241594345,3.1853237934878269,-2.0400475105548144
59.806869452050748,3.5872939208085377,-2.223527285109907
59.426093314210064,-4.3798529749725086,0.79946475933665773
59.717350669909962,4.189458976051748,2.3988211749904167
59.222191632032654,-4.1890262389678101,-1.2526294946158834
59.820658257808404,-0.011923264362725923,3.975651109201757
59.667981419596074,1.7473187680058744,-3.8210929566138088
59.293472408081755,-3.4478497035109776,2.5950728645104535
60.076804479186009,4.1385139624659537,0.49699985553995896
59.347676537766986,-0.47605767170200186,4.2982231430041908
59.097098936863254,-0.1407613680983332,4.1602258193419672
59.699166708453959,-3.749863963790617,-2.3859960248572145
59.729464646540805,-3.7951822552491743,-2.4115042996157157
59.804158007539129,-4.0317220363388593,-1.8028708411329597
60.153943908337816,1.4933005441018259,-3.7973217046695646
59.839288275764503,2.2392847850983131,-3.7748221234282489
60.386014400424934,-1.3692703480221566,3.9989439847732742
60.350279031264435,-4.1116445830641162,-0.83516652730692487
59.484143432180659,-4.0332332338820223,-0.35372582676623981
59.134838832205212,1.192903436755913,-4.0860810483866761
60.120220620526254,-3.3083780486886822,-2.5544793980075178
58.911227944200519,-3.613947222921591,1.6697581123864682
60.40342154439373,0.219289628765795,4.3248088964509037
59.207543800946937,1.2015537193992905,-3.9517418416616943
59.738965098102831,4.1200246609287783,-1.4780249136062074
60.340644535256537,3.0851035597066749,-2.9090950312604766
59.713091001544342,-3.1878529937637605,-0.74839155020720982
59.121984760966761,4.0445474200864817,-1.2591579775167183
59.662528729034413,-1.6637194929097274,4.069767300805692
59.847723281839492,4.1211739102469194,2.4936040828776491
59.803441548139098,2.9994666134322689,-2.8787875224364283
59.63015515874892,1.0154049063853556,-4.1717103631256061
59.866687424668008,1.6507605277078941,-4.068340915131337
59.281004164430307,-2.2584865594325363,3.734649798369889
59.24767323341343,-3.3069855870812845,3.0425989334742849
60.6356307953791,3.3501257353188048,2.8585084856842395
60.145183717874637,4.4473838446128786,-0.17823849225715721
59.136009539799268,3.8184045135805822,0.88056532320831582
59.725617721158756,4.0907896294115247,-2.0775746751731554
59.703746286041138,4.2181024440451704,-1.5667062566667311
60.346516900801674,2.8492014418128733,2.750363285032388
59.463350256297801,4.705589065656592,-0.1031678467339489
60.137993605948552,-3.020950570137686,2.7817699284795934
59.610353155328625,-0.63756631292205712,4.1842539739516447
59.482854428545217,-4.1373491848436297,0.041856361192141034
60.082471838403308,-0.71774677213718452,4.2191189714855621
60.326619047858038,1.0141715996603309,-4.0259117479624535
59.962362122188495,-2.8232084998454079,-3.3282043760195696
59.229262596486066,0.79890582329450455,3.9111096449424791
60.491510798395403,2.8356915594356713,3.2674736649724063
59.901682521430075,-0.93117369339279343,-4.3997224797110377
60.14002657040691,3.9216534907497302,2.0659442836118238
60.342850417060916,1.3094618577315484,-4.4068538480503552
59.67961824992512,-3.7299662136987148,1.8252484782983518
59.70626481362924,2.5474581247385935,-3.5972893114158491
59.227254138248725,0.55844998422131042,-4.06312947348738
59.826307514621014,2.241820350770662,-3.5423923358907601
59.323997284227872,2.6582833606814842,3.3573705756249494
58.858019370554771,-3.2153961169309087,2.9843358740733867
59.982268947183478,-3.4619686046388227,-3.0492361393147416
60.311524299233703,-2.7588823257160939,3.6163453250312472
59.90408967868332,-2.6771529959457294,3.0355746009630731
60.565680783609629,-3.9009105489678664,-2.4403784030351368
59.660852321925873,4.1487040042611323,-0.65995728633405359
60.812750801635154,2.7564559157880213,-3.9519525395581869
59.882124551680853,-3.9286785515454716,-1.8975596240994026
59.531417876778278,0.51027972467828064,-4.5031827625168308
60.398105684679912,-2.5966794622579039,3.5318322786897247
60.111748471191717,1.854435858314176,-4.0159524883673727
60.709347185825258,-2.0390205726514141,3.8899860569301277
59.264999245378739,3.948004698538059,0.54613436727861786
60.532428016454674,0.77456042638744549,4.161164143192619
60.572868784924054,3.4313287620938193,2.6043170416449635
59.6621915966331,3.4831818860516162,-0.28344005879165335
60.53489050765485,3.2168203676429528,-1.7215764758866927
59.503682823716858,0.16682094627479963,4.1105301036562993
59.886207755705911,1.7866016139840863,4.3990103960985785
59.476410857337918,1.8312216264640142,-3.9092209164722798
58.977486095687091,3.9628299170501258,1.3898678109707352
60.733964236068232,3.9050542763608318,2.460376037332308
59.101189451418648,0.24090766603166913,3.9851733336642181
59.737696575630672,3.8379849329645737,2.4186807708195075
60.505537356980177,2.4952692493397519,3.0077401730522122
59.521643285552464,-4.2521389841451001,-1.5436589120775548
60.363196946049428,-2.8086505283613672,3.3718275572462182
59.025889298078731,4.0984366872457381,-0.13205862652806741
60.683860970769537,-2.8126704889741143,3.3925252576180256
58.858221435547385,-3.4162283683949703,-2.4507806579703884
59.738149699773793,3.0469953009230828,3.1449505532684294
59.046109012573851,0.7167544676593125,-4.0026674598896363
60.480829577440026,-0.91525174683563615,-4.3424845520241346
59.389325703665371,3.7216208622569176,1.5942161713690652
59.441714159627097,3.518708911985585,-2.3052602075613362
59.70512229874339,-2.4731206930104674,-3.1260433500878362
59.054451403967917,-1.175068372691767,4.1980713078689114
60.357423211682523,3.838160793726539,-1.1655364845526233
60.714667346195093,1.3708399593744784,-4.1416351742386253
60.710934825488643,4.1468347618965513,-1.2347014715397826
60.464053609516704,-3.9223623088256248,2.2367818900541083
60.170155922880575,4.5955284548468898,0.79391846181820092
59.916389985130301,2.5638041179415292,-3.1367856816656294
59.922263936553314,-1.80958214534697,4.0609511997060679
59.130237098965907,-4.1693859222873551,0.52227292729016361
60.65843512193296,-0.0070384199535310889,4.4314869142026092
60.657516575175343,-4.0366411185056492,-1.258262293541188
60.316003593634697,-2.4109324022069827,-3.6510744768368739
60.499274204121946,-0.98439027909370969,-4.1506496430050026
59.376595895741033,4.4062709091080796,0.38762433494844151
59.299383312058993,1.322027145985013,4.0551251075470898
60.165195632121744,-3.0103305275619445,-3.188664896800518
59.401030053077555,1.3764033654913164,4.2169213353578643
60.160597197081024,4.5119982505870393,-0.89080880231303039
60.17587738873992,-4.2302301984473569,2.5515997540191422
58.898616328032887,3.4136489295724317,-1.2967911302130737
59.152228884854509,-1.9205993721966566,-3.5846521915359837
60.079226906376896,-0.32981817976271749,-4.1764696708516604
60.384239257288364,4.5787595002303068,-0.46703372525147069
59.141660724293594,-2.8772192994994827,2.7213491795990379
59.455938902476291,0.28183413051318346,-3.8860492140392293
59.302776027863288,3.4195675196675142,-2.8661259679816085
60.283359077988841,0.42898426808688833,3.9373500235832517
60.428656108593614,-0.66015909568911568,-3.869454724073822
60.267553609933572,3.2307643190824558,-3.2886252514636909
59.168044061229502,0.18681204897770592,4.262083223784451
59.926089480289868,-1.818013657647215,3.818671952093216
60.248344168661959,4.0487541490640435,-1.6580073107736621
59.654586208260739,1.402661195830087,4.0891973718286847
59.862463868916613,-4.4618373006570851,-0.19892101259582101
59.613284497667458,-3.5403134155927334,-1.3445755123120562
59.58674978374242,4.1774469765504065,-0.23389784114922541
60.64708048686078,3.3401830850096745,-3.0078334192846596
60.206465219270648,-4.1080349998069527,-0.50066208291001513
59.243903255908521,-4.2735559871209636,0.14869062657939985
58.840301686970399,-3.2081038920046474,2.7141416969917103
59.390950973140114,3.442653628318852,-1.2244267821903965
60.376622862666643,0.19550946160310201,-3.9940534677952741
58.758404822938388,-1.7318676242071849,-3.6997043932506624
60.674741832795618,-0.11653755618138809,-4.4615621877181271
59.297943548568895,1.5643540166820373,3.8447104004070836
60.136472033010108,-1.0136117052882174,-3.9912524435512573
59.706536409578113,4.4856091381130012,0.24500251256685251
60.047720957071377,4.0915758166389207,0.59720490185142761
58.886378652764634,-0.70424048076956325,-3.777635056336702
59.330330947711694,3.6629027332619639,-1.4117773522532475
60.55332487233337,2.4658803935496718,3.4534614528729843
60.336619208718815,3.0916235768458922,2.4956959854762157
59.64732316257065,-3.3665411740073545,2.4405367845173567
58.88259578479564,4.4690989615625236,0.3856548595456083
59.890482279902308,-0.12213077800216218,-4.3151222843871446
59.053204373498069,-1.6176850329836152,-4.0335088603530087
59.295275620181563,-4.6143421975777468,-0.16329575626381587
60.759994428200024,-3.0655052524288311,-2.9618091905223998
60.442274088921543,-0.092416530905948285,-3.9118207810629606
60.261440285682696,4.1762131586328648,-2.0451094738078037
60.45878035382416,4.8662588330140206,-0.54181070421293154
60.151972405725736,-1.6576003614548915,-3.9703156320139446
60.155714972291783,-2.2249580878785586,-3.1843826000015776
59.072483197885262,4.4616819161178141,-0.82876924802211116
60.753741221219755,1.3257320321995452,4.2787858813260744
59.558824307251051,-4.2258224097927162,-1.7051060826239715
60.241521204576365,1.24069644861538,-4.177381966238074
59.101532060802448,-3.418222923004278,-2.1836994865815278
60.330627174523066,-4.2483894711151242,1.8920467659617664
59.467497221919032,-4.2875967954743075,2.1073148393078882
59.726682348700081,2.7981627406727694,-4.2750656745987055
58.898019814277951,-4.0101439268066557,1.5726616621907357
60.090887341687136,-2.1336722511320283,3.3250374159364506
60.129884515129554,1.9894203666305899,4.3543452311229043
58.921170228636548,2.8890653356998137,-3.2969684238129067
60.569035233118626,3.2386375383156647,-3.0688738623921901
60.009870645625163,-4.2878196425514643,1.8779984859232626
59.543731852686527,-2.3479946988276783,-3.3297538654642045
59.751874795614341,-3.3119445022628256,-2.8707451716332453
60.128074156462866,2.5551715424159407,3.753990828431069
58.940153414419328,-4.3827334584307547,0.71300865558498638
59.369667128584794,0.40977425469089068,-4.156597888621933
59.380440042194294,-4.3464129595241676,0.51226739206477701
60.483188268381809,-1.3294125074755787,-4.1957704955120514
60.790181183402282,-3.3176039018456138,2.7305877394585334
59.423280763242502,0.92662741044077002,4.5996800789330656
59.788736450112786,2.5092938152911786,3.5795095995996133
60.510232908804177,3.9933888172836651,1.5865524788481566
58.898817391213385,3.5119296226352748,0.35515063068755115
60.579458238039571,1.9320153243358935,-3.6530234068875327
60.158066694823191,-4.2665308194734495,0.65325314016347014
60.546776874128426,2.0391532690434704,3.7495414013762836
59.160400242506746,-2.8122660609274712,-2.9785128792839597
60.562053394764945,1.5500805673452995,3.846964877561335
59.452721063700267,-4.552018965099661,0.16995529724709815
60.278987752604998,3.7942665893510359,2.284964434175611
60.160369218632468,-3.8018921904862388,1.6467441546791983
59.2069325950159,3.0278625691754675,3.2916153315865611
59.195332733307275,-4.2134178945836069,1.088146941274573
60.717738398593362,-4.4598263650545666,-0.65971707067694862
59.923455749841899,-0.75955548430219677,3.7773371787969041
58.979432557040418,-1.5930041216333424,4.6905824974292205
60.379799807650777,3.4408480958401095,2.4438779649222067
59.936450685419615,3.8780459380638814,2.2110153441752849
59.844884030259429,-3.8192643824110464,-2.273402179468472
60.845620736881948,-1.7680737621197196,4.1966945655440089
60.651752061674735,-3.3679824563987113,-2.7044926055537002
59.18475618630854,3.9432637991981059,1.0905451563120601
59.17565314455446,2.321784351634077,-3.5771819510326606
59.425473227468622,0.64137187738690338,-4.655052382886459
60.498417172956884,4.0818602555637833,1.149128139822698
60.640134502185283,-4.09331403464601,-3.023143356922513
59.560766278075249,-4.1855589642853808,-1.5275683449641502
59.229739799632419,1.1937382888577628,-4.0096651217412047
59.934551422221595,2.3403130604556242,-3.5926421332912444
59.810975175819792,3.2291991502247699,-3.9464803848034267
60.296728107192855,4.5371071061117005,-1.6428013551639014
58.979557171997435,4.2417813050000728,-2.6146828938975224
59.405425702781784,-3.2977957318697246,3.3592685633090582
59.680322946032263,4.4214065150225679,-1.5952453565724913
59.991685255564562,-2.4817952745055822,3.556572875037487
60.323066652548142,3.9952411590174957,0.84587444916090848
59.745473155721008,2.5823278598239923,3.7310882237413887
60.115128716011164,-3.7986935021987374,1.9645620664139631
59.077785209483714,3.5710312728428626,-2.851842838595489
60.714893476494609,-2.7650179080567252,-3.4774203218436104
59.105429947615875,3.7518743099816083,0.76010373236205087
60.245581932529838,4.162668778097343,0.60328110313807715
60.514108441974635,-2.8292223360220756,-2.7204996620631636
60.008789792847672,4.4130450419095117,0.4809402819569617
59.438216213683546,2.3703976470265502,3.5122579959366345
60.508867166895783,3.5925342237568705,2.7595768056780665
60.088331420428794,-2.0359095785900343,-3.8162306121613585
60.292877873841455,2.2763256657306714,-3.6028666068690129
59.036595244963372,-2.2249535673190928,-3.3889610986948817
58.854777337998023,4.0121166269935475,-1.6985906852019956
59.641575142013302,3.9179552516814846,2.1192968315046889
59.520793505867765,3.1401373373072117,-2.740965900785624
59.878480289235625,-4.307558944735665,-1.7803186792810968
60.579571812495523,4.6312013310030942,0.017064277539800436
59.470591213292771,2.876023681907073,3.2192584278068423
59.450227020451493,-1.9215674183413081,-3.8414832159635202
59.800450392276858,3.6439340048286932,2.3438533833172537
60.614685109351726,-3.8749003924854648,2.2145959790197107
59.491738356797946,0.012973557765542812,4.6069897607617047
60.349180263757916,4.1193154231160172,-1.3761793732047347
60.119465717103189,-0.58562012826748622,4.0719621071635155
60.017539360157258,-0.8328630548290773,-4.5951931514194913
59.058339571870846,-3.5131860852707217,1.9184074993171891
60.695124960682755,2.7768710312753515,-3.4642627989535102
60.361073511674917,-2.8514742243484421,-3.5856108974535839
60.036645696503768,3.7356910460999297,1.6890770748690538
60.339920831188664,4.4811081504994048,0.090699384768290411
59.654782136964528,3.46871972021578,-2.7301626399013008
58.978946473441511,2.4067060682224226,3.9788749060777993
59.565491500302826,-2.7825795923266816,-2.084011188847589
60.509534296237355,-2.8306925979667978,2.4680460343872701
60.484046847572209,4.361704758180764,0.29632572816251196
59.32327324187677,-4.193903244395246,1.1334725104990384
58.830018738077847,0.28518986007265307,4.4642491721625905
59.182831658632601,-0.72031013206960359,-3.9827055912114919
59.885684534404106,-2.8798837923767096,-3.4984096464827217
59.150575675344179,-3.127648539747621,-2.8339459549780677
60.352489844607277,3.7551983932448985,1.6267820895137701
60.125075065450979,-4.4604948404982236,-0.97283953946757351
59.549990383255071,0.910665292138364,-4.7006494731184674
59.610193880652837,-4.538908438628825,0.077643996247032054
59.926507488162791,-1.0298885873838655,3.7011445162577186
59.741385483859148,4.2851331503863026,2.538673283961955
59.142536699408211,-1.9302206868133229,-4.1064172447598555
60.500334926816116,3.8354897394677772,-1.7245723741252028
60.651577263384461,3.6669425392438111,1.4475130501702413
60.287112478106891,3.647220521397819,-1.9529478866712819
60.580059277356796,2.3181746293382663,-3.0779180627938545
59.404131100377022,-3.5396420504277719,2.3698413083238723
60.569437557441795,-4.0647821395658639,-0.094667399426592455
60.163772354234744,-0.66478266932951968,4.2745632010845043
59.392351315142967,-1.4699388601930754,-3.8115596659219131
60.626639202462677,-2.6802808977521919,2.9727107226791607
59.675585346086486,3.0113315643035357,3.537804468437777
60.429168200223117,-2.2351937519837839,-3.259186815121387
59.95319105898843,1.7671250772049851,-4.096446550941014
60.749896044542346,1.6873248546352244,4.0115280351962408
59.561022667877218,4.9662277674789497,-1.0262651742062763
59.325785829481006,-1.4997614093292815,-4.191433681674626
60.353304032291064,4.3464690744086187,0.73915184187257543
60.266551713877178,4.1294605563652009,-0.79133924148045676
59.491252234796413,-1.3520552051566554,4.0248006479714284
59.480286918714675,-3.5396912463365044,2.8211815551721631
59.055276117856344,0.10936217635630645,4.1995375375471307
59.445809703688099,4.3163543578398453,0.27001375559176843
58.938578794072491,1.5552379466463544,-4.0419043481433308
59.791016108588067,-1.8793982604889268,-4.1007271991945542
60.199695291078513,-0.56196313686396215,4.554125929629997
59.344158179306973,2.0123734549031167,-3.9695047388324745
60.561792070717452,3.8527083660844972,1.8728786948696685
60.704948766291352,-2.8084536294452391,2.6717624996059266
59.971712736952512,-3.9631182340285744,1.2257516144706673
60.088224232864221,-4.298057428312446,0.44674816347847957
58.9997068989545,0.36899720172108824,4.4423667624857908
59.0080573472829,-5.0452603555006839,-0.56069524505940571
59.936847981159922,-2.1642749617581405,4.0330535654537361
59.785797716789759,-3.0518248547760463,2.4430342529446003
59.854172054155583,2.6992507718095013,-3.4673015153107767
60.493017871648057,-4.2392173455335511,0.78455232628282889
60.386144882857231,-0.88340489860538851,4.0856271386421712
59.5426128377323,3.6573691542352642,2.130722188289258
59.843402146581234,4.2818087788614019,-1.0663555022674764
60.667328760896382,4.233746617992324,-1.9836378597255144
58.966300946403166,3.1725937029936486,-2.6872504832146067
60.783574247448058,3.3618258484436088,-2.3008377821286397
59.507411441884194,1.6341246611845579,-4.1825206917947222
59.224977435474976,-1.5844939064262591,3.9781974066245867
58.97958995331728,2.2993505783801647,3.5189655795249806
59.312002865847681,4.2866435294803775,-0.22880940463460891
59.772533424017631,4.4596803840568198,0.30901242555357467
59.230415691864373,-3.1273782474052316,3.0860038500341402
60.461247138381417,4.5230438249902578,0.9445265213326135
59.842742670646444,4.4439941515193135,-0.67470694260715436
59.945193416708804,3.6255603734995265,-1.953530373012077
60.565672091452782,0.42760114484020761,4.3242138381887916
59.175674436942103,4.4854053039643107,1.7363368704005582
60.437742550711491,-2.75164187994611,2.7556308897147903
59.333567390300161,-0.1449603467791343,-4.286673653425126
60.693649352839152,-2.6183074936146253,-3.6058281480056054
60.732914869791998,-2.7183635341528158,-3.152233687655011
58.970995405753257,4.1520006087963992,-1.513986799090614
59.05924507000929,3.3105870989789232,-2.8266507263161542
60.426813361086914,1.6342772893769832,3.8872639954211259
58.161065294197549,-0.78832575035801966,-0.80213393024627122
59.405993330382536,3.6054785630665798,-1.9784317702760437
60.645383219909945,-1.1794289130861699,-4.366565050206038
59.659564340446977,4.0237633788954472,0.8245903987611537
59.919481711146105,0.14841739425179834,3.9583771838687665
60.102013148658173,0.59416966104585367,4.1436923596681359
59.349654760889798,-0.58672550322453609,4.5290419496248111
59.063235988456007,4.2368574015396225,-1.1052992332465343
59.06443627697648,-3.2554793986732515,3.3244363615457351
58.857351964021916,3.0803085339850158,-1.9979259925645729
60.099502614553387,-2.5250052144881452,-3.679489327091956
59.327482187137662,-2.6631083995629421,3.267112678803342
60.190669450156655,2.8242852867084314,3.6535319567551854
59.98596322948115,3.2447489999428871,3.237474123502996
60.374609580705993,2.4769552148531173,3.4745783403285668
59.59954110093107,1.7070616054404923,-3.8234552739464767
59.753280989383001,0.40899405374460479,-4.082108904286712
59.430756375988395,-0.47276802981840294,-4.4814383217409821
59.848127893821996,-2.2652197099492128,-3.7704060188429471
60.175557960612501,3.7972251684854341,2.2107678626140763
59.774017662228431,4.1802805537663286,-2.4252065306070554
60.5040841317538,-3.9761114015355759,-1.0918645541814711
59.429215449775704,0.12505072634608719,-4.0616867340942449
59.65014490007966,-2.6703801809725514,3.23969972266495
60.443438723730665,-1.1336257215434016,-4.0083253271713559
60.703100960330929,3.5094699493777175,2.2561457676544121
60.105623722827424,3.8657893535141565,2.3696402783518193
60.12187621060707,-0.93968659118773157,-3.9103469733996046
59.657967875040171,0.42969003703222364,-3.9593783857290119
59.389851372380846,2.143262745002446,4.0986740722553821
60.591700490619935,4.3581082521708385,0.94399477177708191
59.360168719562921,1.4267410943043977,4.0341491839203316
60.263184104397588,4.2176833343999212,1.6287486726067339
60.150766717564622,0.94413986025463792,4.338754579538624
59.4782485907214,1.6363640607779428,3.5943363781675028
59.999248072526029,1.3508129115159975,3.7847938437999225
59.540121791348845,3.8584604734132206,2.140477032986448
59.239437659046658,-3.1906983632861623,-2.2293955603106554
59.715608955607237,-3.417780889038168,-1.7315749039425923
59.917261963907009,-4.510231885898464,0.077589593403078735
59.993718766491284,4.3621339881815864,-1.3449040873747691
59.864742054465822,-3.4382729361774014,2.6491607546320446
59.433547642997539,0.74121431963254725,3.99967251140589
59.767139798340907,5.198032721429291,-0.52570725050036338
58.850102187621246,-2.8965816537389961,-3.1459618116347015
59.032868596147431,1.566344406003185,-3.8817586731060745
59.144908777291128,-4.4455331481158993,-1.7536050711724553
58.863912909371564,0.35610562012968383,-4.3695327375300348
60.589305248215481,1.8585637196745286,3.7651913515266706
60.123501147023745,3.9864631246637399,2.0194046815577424
60.571413796065656,4.0765036356668745,-1.1067119672687551
60.508589800013993,4.2553376276937449,-0.71761025811843049
60.156255738485086,-4.4188052296248701,0.13082467420899851
59.217579812852165,4.4065509473944688,1.1043209617069294
59.580714047588657,-1.7529217235975842,-3.6092876970789303
59.075323342097484,4.0278281588105207,1.5951472304272658
60.297111905710608,1.5367495502114286,-3.722680599120519
59.891596543429941,-1.6373306003642301,3.5410122568553009
59.855776641909195,1.3875786873123552,4.0106538952824113
60.207250246389393,0.52011347125805618,-4.4578191566185588
59.140465611314767,-1.3572799116610479,4.0960417040722064
59.157045018529672,4.5257618419801666,-0.98324697820044782
59.95222251429243,0.16200643997940381,-4.3277379285741775
60.411246994791533,4.3842335759422015,0.82320346005118483
60.734926791218136,2.8063529470102981,-3.2588226491005723
59.658019177941767,0.63967729098365844,4.3086087205977952
59.432687326748798,-2.8258850257146624,3.8388560034276651
60.226187514548009,-4.0274328842001728,-0.544180607453981
59.020633846681065,-0.11331268300378566,4.179127592599599
60.086616740159819,-4.8830926049679544,-1.0659595328875808
60.269662413419425,2.2904233691115201,3.5579389107670703
59.745097703407353,1.6884666592489288,3.5345545609051303
59.747476754882868,-3.3324885370155028,2.8567996447918231
59.411943972970647,3.4085860597940485,-2.8894760743314278
59.539778589874736,-4.4276490828857078,0.037275994845694195
59.478560231295482,-1.2860360162649915,-3.9122288827701053
59.572106324076692,3.6456604256821201,1.5057162380087894
59.127229884137591,-2.7751133935281298,-3.1369663860743637
59.18553931902224,0.59425524580629108,4.0780379692473518
60.500264235412459,2.2957640904335563,3.3580074152729429
60.286348434517755,-1.5645131680534772,-4.0125377587305646
59.345689624107045,-2.2410204552617947,3.9605500835257987
59.84651360772186,-4.0232732344638924,1.8743476649861737
59.513978005680329,-0.020197465488086316,-3.8437993694728636
60.140507595798269,4.514652668931304,0.088756702609053467
59.166082602834223,-1.282512682365653,3.7511498528874294
59.008827538640567,3.8262299246508173,1.3083823681531115
59.832363359395629,1.2298418056296299,4.0246841646825668
60.229923476446203,-0.0071807324495171739,-4.3782778728435074
59.542079610520041,3.3674228520914471,-1.9003327860811983
60.248764840115285,-3.8426570855914046,1.0110019896421796
59.244914591788245,-3.9002647715540717,-1.4719999344976953
60.619615388471587,3.8502696122341944,1.7532672557788167
60.083627854846171,0.026174512772307895,4.3649506474139468
60.26542218867165,1.0777032445990946,-4.3630949354687791
60.687033944235154,0.25574987810511529,-4.1597079852226306
60.215453289605193,-4.3972749315873267,0.95206238113386787
59.071079136081572,-3.6077443479121549,-2.1878270140105793
60.188018932791358,0.49602051119680041,-4.3786652324793138
60.345246610015181,2.1228923714055479,3.2395780063124868
60.414191010748816,-3.8971135179599674,-0.46022963492755953
59.239831785744421,4.1471696021579199,-1.1258974472303254
59.336712373848918,2.263794422605192,-3.8656857345194284
58.766656329330424,-4.2687583342073108,0.68737083473925498
59.770151958033587,4.2319318364168419,1.7234565412979952
59.723158692325455,3.1000435036187328,-3.0293609827005379
60.336890346271105,3.1966096013427179,2.8243008634738542
59.554539500826706,3.8050646204996443,1.3421467766598298
59.902729896180176,4.7909676134596264,0.85338707218451637
59.889556092515058,-4.0654422468649845,-1.947666124642625
58.924861124148109,3.2657524494864978,-3.5035472739964382
59.959823001577462,-1.5394396948826352,3.7613227279716068
59.023174317847101,-3.753598157372894,0.93562886520579225
59.400056854260654,-3.7308800154120099,1.7086451000257077
59.185292121760043,-2.757823815996848,-3.3354277915010844
59.584633659655566,-4.4170360598507754,-0.24424076008121326
60.564332359850866,-1.0918497748422522,4.3216540862063786
59.487500759188833,4.171810455125744,2.1159879716157408
59.101553419719679,0.96626393258696275,4.3965521608898648
59.098709140334137,-3.6402176426918316,1.8660199643444524
60.56868535383655,3.2807670245113103,-2.4939774765491651
59.153730806141283,1.3811909033831422,3.8273077500998087
59.688022766808878,3.8374448822048426,-2.0842922454838497
59.083267756910949,2.6101331744359717,-3.3323405863566795
59.698981757178153,-2.8041944804870456,-2.6332049397285928
59.305930243214114,3.3309434773465161,-2.8964565006917766
59.621576373785921,-0.9908567331944923,-4.051488874252966
60.582106004227576,-4.0037328625243864,0.56708049738923716
59.982713103505155,3.1811829031839625,2.8078682835488222
59.184418412474123,-1.3834076882964743,-4.1914213974497567
60.476686170808129,3.3927963862559007,-2.9883190752267037
59.186379497614254,-4.0279837079330072,-1.6917572833043908
59.19368808356672,4.2194220836913638,-0.4503307137660062
59.127255132500075,-3.474389072621237,-2.1322335478308556
58.819372476966109,1.3571229651935204,-4.0660878572557495
59.433438329206155,-2.8830845775976153,-3.3633903384457633
59.796865163333194,3.9850718919300414,1.9560705150321744
60.358051467678109,4.4611507474183494,1.8495076879954004
60.022747354015195,-3.4580297590234483,2.5419254747305819
60.869191208690381,1.5223297457557918,4.2174857799398477
58.902522154191686,-4.2590976526148401,-1.9600267625607608
59.532301144867112,1.4395411871945076,-4.0630945163340098
59.387624138817607,-4.14980735201868,1.4868079914481953
59.210573044985011,-4.0275022731839893,0.47314327043941351
60.316389655636691,-3.3015507552694849,3.2271071228529844
60.302479106525034,3.5817059602543124,2.2451760037591737
59.501191188026894,3.4971366025801518,-2.3679244459786011
60.22702984685148,2.2439860511630862,3.5914923977895676
59.293849629980194,-1.5300106337975397,-3.5629852280302075
60.646644338139176,-4.0250644542285077,1.0106215937390541
59.190786845172568,-3.4843606470647854,-2.3674110319800907
60.743556549459477,-2.2829943858794772,3.2848336634861206
59.98030395788836,-3.9884782798340606,2.0039347973019601
60.15204227646629,4.0847137928646164,-0.58248975427929761
60.575778577556036,-2.9422598194047307,3.9827876910174833
59.316670222254174,2.8521990080577355,2.860703738396432
59.990732164302138,3.6674624103696094,-1.8863284373367266
60.170973450886699,-3.4096692637167938,-2.610303623432713
60.15833816591752,-3.9475654536701836,-1.7258924775621249
59.9874199438974,-1.9839576410845714,4.1683782426164582
59.192046783202443,-1.1581764867532418,-4.6862864994743072
60.227362892804841,-2.031541384858953,-3.5374040045735766
59.506223136131055,-3.2836874814296371,2.5635068648729153
59.201226308480145,0.85780586048457819,4.4723975999208392
60.427753940424452,4.0291889126616036,0.96162709156963566
60.390750487586466,-1.2263584027479795,-4.2360440019082981
60.579991658474363,-1.0514914604644554,-4.5480759057759323
60.160531278593133,1.242857584842572,-4.036998637177371
59.370885901128062,-4.3131151773238292,0.89820049600771457
58.988678576823276,3.7006712162367426,-2.0807710974521676
59.188361113077661,-4.2768671932127056,-0.022343903393644973
58.863603988110398,1.7940675680884772,4.2320355501626805
59.194028761501144,3.1695512036914262,-2.5693811025228679
59.07868248570297,1.3578530847762995,-4.7959942614649922
59.17041079074815,3.3565173803571096,3.0357896777087214
59.550945213876581,-1.1644215279406034,-3.7796865377962758
60.537080368901719,3.5260509887516425,-2.6948024587936046
59.33872427055492,0.28669026709812251,4.1690817275736913
59.591515392971544,-3.6597437610393921,2.3066362635316762
60.577180809124116,4.2940448305573833,0.90329179913593927
60.827759149055503,3.5134096787429048,2.9707590434497608
59.360023508834779,-4.5377643856432357,0.84143869054239939
60.160395757121741,-3.0585930182098897,3.0944144435143728
60.821523978872612,3.033893441416486,-3.273942601146496
60.800744384429784,2.9145094077510674,3.1740821497583802
59.196750555156861,-0.29042320275523614,4.6922506518045077
60.445788194537165,-3.1543715125847722,-3.1229922208374137
60.551844948613585,0.69550103982191591,-4.331188700556714
60.451092070051445,-1.2778490828681333,-4.197216020144074
59.352092171206891,-1.5301380951746457,-3.6586235126104785
60.664127854115868,3.3140170283941046,2.3954602454682297
60.461036171063391,2.1807817828476561,3.7776983739210994
59.773951224614706,-4.3266109688987706,-1.283716347964146
59.528734636173688,-3.088553755488967,3.3480343625514997
59.449660975157585,0.99519516592116364,4.2366556545995815
60.195089934385905,-4.3965361062628032,-0.010556623972198351
60.065010033109751,3.1909904381400698,-2.5006598291022804
59.550833252231854,4.4889953310456319,-1.2730629826578184
60.285837660405427,4.3142243843151347,1.6010228445850134
59.473324566576203,3.8972918796480429,2.0549734010321221
60.497799053191272,-0.20216232630793166,-4.2213180074147365
59.341457182198347,1.2725094175407261,-4.2750148271792758
60.065172964752186,-3.6540040810435452,2.619297002514732
60.692778513190454,4.512780906865256,0.28195874581434227
60.637380532612951,3.0523581059208977,-2.9017516375797956
60.334231316402722,-4.3895332300704215,-0.98803172845498621
59.963585020359204,3.5136164372620549,2.8232175112736906
60.805913141259573,0.45767071506476009,-3.9292772989830915
59.243581571817259,1.5137390341525589,4.1684455732338206
59.467525426956684,-0.20541032948934562,4.8999675458471099
59.611417140625008,4.0824146920049404,-2.172331735325487
59.588628335252238,3.9460956547993113,-1.7930869301906294
59.770003475926202,4.1225369983323423,-0.83881149550947665
58.975315503346394,3.7993188109383262,2.2042534825194422
59.435461396876441,-1.5619818649006993,-3.8010193622373203
58.920407775755102,-3.7784679086873956,-2.1452032542222512
59.130998541564402,2.6882384635330894,2.9563042817056231
58.937502651643626,-3.9407494884877403,0.51741668691279208
60.423138945281565,-4.0143007692485613,-0.030960503718097904
59.57567725748661,1.5695214553143391,3.6632071318857804
60.531570110234533,-2.0047752214843388,3.9719215186288834
60.032803906133644,2.7597005685601261,3.4317178728477438
59.394027718932627,4.2507094078529182,-0.92568471161269494
59.572196643724055,-4.0653311963200913,0.29173235308713069
60.257518614064168,-4.0803319839650509,-2.8233051417373058
59.177666918379742,2.493328287348493,3.7027428058485934
59.845164952059051,2.7992156594611113,3.617607235926088
60.096676660700993,0.68188976199804785,4.5880372668369755
60.545684691077533,-2.0343634471526126,-3.9501326832111019
59.365562756347664,-0.89721063366182241,-4.1298741303518529
59.523225193392669,-1.0329488486189864,-4.1991459016412973
60.7226435125555,4.0525720607486404,1.4923736790509767
59.903662920727449,0.57580283163776613,-3.9692327752839205
59.186317801316207,4.3954209090054315,1.1276573219335853
59.315453851453725,-2.9569171762407378,-3.5710108586081062
60.628214679555072,3.5825504858984867,2.7863130741518063
59.59599611887959,0.23061507835269177,-4.2478147837877023
60.206400637714196,-3.8061994142022697,-2.1513847401996133
59.124586012354946,1.9512268730084419,-3.8648765241889187
59.601778071434694,1.966431070195114,-3.6634514222221037
59.342626851500398,-1.900346399819659,-3.4448235438970598
60.69924805267798,-3.7196551983985708,-2.8376904108171099
60.529846863283041,2.9029876454130132,3.0585823111530703
59.073982210355489,-2.3741149592113397,3.5279584715239456
59.72523248652346,3.5112677042657197,1.8688693028230496
60.727202285648204,-3.9563863905561369,-1.6603473532651092
59.140427897480507,-2.7536418338096711,3.2655779996147265
60.185258827601068,-3.8501821352889483,2.0713237309173396
60.692014908579338,4.3768956484566974,1.1765626010419219
59.629405886371998,-4.4406614540446201,-0.97059404867201227
59.580428649262736,2.1452294489680308,3.451915647034443
58.984995430425691,-0.3027383871555227,3.7959394393363932
59.259031995117866,-3.0137204976820358,2.800566483570277
59.549448148801424,1.8982294097958448,-4.1005721605137628
59.391506420285026,2.1858522506867439,3.6220039427609345
59.379960315098558,-3.8969779425659605,1.1508256944045518
59.037146673411307,3.3329153605008468,-2.0452977159745704
60.167237121699138,-3.8890612435137744,-2.3464631567934155
59.641072082324648,2.3226662349518103,-3.4543075132187835
60.462153702615772,2.1291598979621917,-3.7434208980960411
59.953613125050737,4.1938665690353494,-0.6251795660040278
58.862385229432213,-0.24139758197715627,4.9650679981996175
60.047210762646372,-4.0540440032288467,1.342755033198936
59.570574991218528,3.3683254912222513,-2.2920530058736528
59.139908245950139,3.5789391862204236,2.1437819230849531
60.320556658533299,2.831218246581968,-3.0798301831297317
60.624331650725551,-1.1619141298316498,-4.3153878503452674
60.662275775654699,3.4643419851681743,3.2008059394961816
60.088718867039454,-2.1988526101107144,-3.440966864375246
59.120212500472533,3.5862251175847781,-1.2994597277955531
60.609021112180081,3.993582181616707,1.0697983607637263
60.090738060395545,-2.7601724560022105,3.2429346510380683
60.428295165502817,3.3856674787963477,2.2360235285896102
60.120251222130278,1.2770584689913866,3.9566228429766834
60.136143416023579,-4.1122690705507798,0.045280440637350608
59.034511397125257,0.25939738669150447,4.5806089842197073
59.237965284968119,-1.2075897912215805,4.0214968964587641
60.648326641649419,-2.1323230156275392,-3.792461036590006
60.288149714061241,-4.5914698446541919,-0.089288104331859727
60.732035741638434,-3.8592935953583924,-2.1847099054996626
59.098471427600828,0.85283030329911402,4.2060767826361518
60.279435714343961,1.0736705322808362,4.0962353988915048
59.573452165180989,-0.25798421692528856,4.2567804611336486
60.026746850709195,0.15473457945169999,4.6075653030758152
59.668598136364899,-4.5342605336707198,0.0081201860340029113
60.01531541140433,2.7604126482177893,2.88859907124926
60.167017325434024,-1.213271507233306,4.2042810397781629
59.911144240064516,-3.8550313718619624,-2.2611314893810106
60.674931924322948,-3.1182358601688507,2.6591259099552289
59.0642613367827,-1.3136960363443935,3.9073952248499504
60.464787999030172,-3.1890971117449176,2.7585767402590653
59.239534509400919,2.9280549997498335,-3.2744673115808083
60.389831678826141,2.3670331945766114,3.8268438395028244
59.93216978468007,3.9334187705692116,2.2570626095592226
59.581035875602133,3.4293815476464777,1.9950722238317018
59.107552041651935,-2.6207042470683701,-3.3682733363260779
59.288299712986586,-1.2415972295177016,-5.2591243094452453
59.111190108372512,-4.1866269149523303,-0.98981528521298423
60.421211242223492,2.5974506348300892,-3.3023518699634429
60.568802668377003,-2.6107536879326898,-3.1538759973789343
59.422280511235968,1.3242332074840781,4.1992510505999885
59.186051307792106,-1.3021194173292643,-4.0791681312549519
60.520181485065358,-1.8485857762027442,4.0500885291606261
59.103011606017155,1.8623411460579149,3.8873423974842436
60.330309707603902,-3.4056970404567362,3.3440961393201487
59.59863570912141,-2.327164838326472,3.7499389796238489
60.794731703638909,1.7827876096452466,-3.724615492413891
59.467317958526031,0.92459881001580624,-4.0110476473487537
60.395789547906453,1.9578569676482909,-3.9021412354277456
59.071905680719979,-0.63148466621261745,-3.9926784034473108
60.536105336514986,4.0381155774055895,-0.18949583021820013
60.707293531020063,-3.8783853006268232,-1.7036743681925191
60.289640221505302,1.8302088934906093,3.7826452112017179
60.450660382760532,4.3595753116381672,-1.3068729209622394
59.921062525074049,4.0315443924396499,-1.8011213864400457
60.693977163355413,4.2532466877686677,0.99498186920703691
60.383845091051576,-2.318608240753568,-3.7451713985704189
60.636152520165034,4.2247143081996219,0.52794763124696809
60.255053942461451,3.0936127869737264,2.5984943562876377
59.061413677881831,0.42969403355575353,-4.2104902985671462
59.785451070536347,1.1858021959318776,-4.1901320392911368
60.468727565168017,4.1079175292890886,1.2223606061420051
59.330607919864981,4.5094313701233526,1.1997273174843262
60.543812829815963,-3.7969640766284396,2.0468765488562304
59.622407673069716,3.5443554397218175,2.9007416896141054
59.289877039573817,-0.66017765882592905,3.2676595215599273
59.23280541809855,1.3934254937371926,3.9287475712041844
60.287736199682776,0.34640355677985257,-4.0754797350837197
59.29264634053861,2.0894653533795204,-3.4365627794668803
60.414712999170014,4.8744493801677624,0.33289171249524308
60.638911650051149,-3.8767809595130842,-1.5414661856729817
60.125106834044651,-0.99613883211049226,3.4920494007461182
59.71305603656986,-3.707018567606029,-2.2612399488052932
60.701290349066518,-3.2574445935190108,-2.7186792130641888
59.618173466617598,3.7127159601455633,0.50283577930061274
59.010007507484907,4.1218187699925704,-0.84745944873834234
60.185716261702723,3.9666838901916175,-1.2293824384265621
59.219480941446527,-3.8833970522391197,1.3473145387592345
59.686320656806323,2.8305857886357173,-2.7061224285766921
60.526326748734725,-4.1364343944533548,-1.2308287683806045
60.535204476425164,-4.2167205302904369,0.82195548273815722
60.303368973728602,0.53065761864403349,-4.1589175980438844
60.042229762367924,3.111619430270522,3.055338393722081
59.003437467758133,-0.35465200071818892,-4.07745193662935
59.376975129042791,1.2598777492616275,-3.9486360017214053
60.552643493712836,-0.23310905224218204,-4.0845548531061997
59.834195290457686,-2.6748800279977623,3.4443658260096415
59.447808324414268,-2.6349538988892713,3.0824426831482872
58.786549330135749,0.91010990563019667,4.3592397475618423
59.510849214754018,-1.032383312897134,4.4960191977083044
58.870775418908131,-2.9291530199332065,-3.382373744498258
59.735887178642592,4.5338978859419807,-0.3631249530339889
59.828902998207738,0.015580845200384639,4.3073882141962159
60.163326695675096,3.0544854186994854,2.8491260958641096
59.212901645556229,-0.23645434857759093,-4.2466252713418831
60.255191829886535,-4.0055989365092097,-1.8227319164585383
60.158283478974553,-2.9281092151374,3.1147700017053439
59.746080669338809,3.5859502297030184,1.2980857031116311
59.153054712763598,-1.3515653268599719,-4.3846354604079201
60.376596687492828,-4.0457669166882306,-1.4571812843643122
60.213599251877937,-1.6435187814279439,3.33766790024811
60.244521784431939,3.4727766684032946,2.5600439958360184
60.117411073135919,0.33510930410582107,-4.4052967597126056
60.003321125673587,1.2549592023488889,3.8367387125236725
59.431324948548863,-2.2269897003290602,-3.0349520921638935
59.006355336180981,-4.2236515310310621,0.49014592336736368
59.430581711800023,4.674060330686193,0.23608541668431213
59.238781320077862,0.53101018201145511,-4.1721178289936773
60.332670143246986,-4.3267540196745742,1.1474722505167472
59.678072620680886,2.3613236162084705,-1.5073967707362117
59.895769877240625,-1.6226161677235853,-3.7663537964402045
59.301466812681603,-4.1067337529071715,-0.45069337498138512
59.019600843584442,-0.70761752606940942,4.0931722502362478
59.203902451168027,2.8662500479422177,2.8604655579402909
59.729277130246551,3.0158298693025434,-3.3384272271819269
60.784758697219743,3.9338642994895903,1.4902850390672044
60.082096138612719,3.647142996079217,1.5556021902769066
59.719211359287641,-3.7129041597594195,-0.50605292374201516
58.655026161037107,-2.2894835690940627,2.9190910986588801
60.502178473429154,2.4435669941276701,-3.2246018834735635
59.802843857849197,3.7760099978804189,-2.3146837510642562
58.989589058225839,1.149879706183963,3.9752232517056711
60.738001933249357,-3.8040121428076037,1.8338406601723136
60.298061059325292,-4.2866143469672382,0.6277851891224977
59.224353403227219,3.4984691770546821,-1.8330800816687547
60.490867642816568,-2.3755791533277888,-3.8216555778153016
59.715264111617522,-2.0233251977747386,-3.0904401883503665
59.112004010349395,-4.4344304107483632,-0.41939218477387508
60.053232081415807,-4.0669181174753435,1.8226817344325088
59.378981814951203,1.0285936964251432,4.351769501671833
59.748402815335517,-4.0909099070088191,-0.3448543329272673
59.986920828732451,-0.71385134609940726,4.0090882573651001
60.255901797462016,0.32375725219711821,-4.3967735098581553
59.503380813669267,4.6819844805787127,-0.63768221405303771
59.930478943600754,1.172513420443497,-4.1277804789098935
60.098919157620152,-4.2194639933664249,0.92046456937405163
59.380382450912975,1.9668845678725402,3.8656103793031251
60.473662666241147,-4.2276409637951016,0.65977913889895712
59.945925016948266,-4.0572821459732529,1.5216614057188484
59.028500287532907,-0.87812716741286878,4.348017127058986
60.231443166029898,4.3733714448721575,-0.65752329546070853
59.601107233811149,-4.2886587383699935,0.98425467761386876
60.054845975174864,-0.33116611672981411,-4.0116509962506006
60.480987139662759,3.1578569619717705,-3.280143711417093
59.513232221128,-1.6410269463949454,-3.8415245852671172
59.999036639325517,-0.44803284689585426,-4.2106568990289901
59.22039611313344,4.2236038670967648,-0.12742775542238063
59.982996014639433,1.1569304807051164,-4.4619238182698631
59.212468448388627,2.8032318215003196,-3.9681145248548479
59.825011634937795,2.4821182907309205,-3.1961903792220427
60.078989611856485,0.63685494531643727,-4.0623684871364594
60.656784104445769,3.4953954136006917,-2.6049165683002662
60.225610866249738,2.433155081116217,3.5167064109534003
59.6825883365496,2.5934025521740072,-3.4395920911602005
60.54253086752319,4.1820261762910116,1.1290330955946486
60.361689235972854,-2.5341097319736492,-3.4072367671941257
59.470347475055689,-1.8136948547689882,-3.8202091062380399
59.885728606360274,3.5996410334452826,-2.5256679186780593
59.901798227353233,-2.8418886404546297,3.021938394888172
59.573929586518652,-1.6834027586373264,-3.7716386792246084
58.827576079229985,-3.6935127257137745,2.2127882035267663
60.003234309277694,1.8127060960502162,-3.8221019598208397
59.367574685988103,-3.8872813420080607,-0.39960748433906734
60.477410805096923,4.555426851152057,-1.1317514857951383
59.633935436258483,-3.8027398434777142,0.66327505685603605
60.453139286509817,-3.8734651910070097,-2.1469716855586407
59.157552119581318,3.6312827095385192,-2.8048981662783437
60.511462958960941,-1.4654788656467554,-3.943100638121408
59.727275246943442,3.8437125190993293,-2.2495750492624498
60.524585888893334,-3.2604534877409383,-0.080220615185132876
59.298666177030938,4.1690082978021925,0.99558214561526182
60.4096329140405,-3.5954099181073951,2.3469964598359137
59.612769572110388,-3.7683391139702782,2.5655435199477963
59.361097830625788,-3.7394881879941884,1.7927057469898522
59.443137766655532,-2.5443416637182197,-3.523369197197856
60.271864016115238,-3.6513828072852323,-2.4630174619855216
60.387150622991854,3.8505327081156322,-2.596715550699439
60.377627167507512,-3.6927115193319366,2.2596974507296896
59.825838712833857,-1.2066839026613732,-4.0014380188121219
58.959276796739147,4.298439644866237,0.5213678841941386
59.559557785638944,-3.6252318637921399,2.04689150113829
58.884018920324571,-2.1652283403147385,-3.6370161385041566
59.959334259423322,0.37856093895192089,4.0736704633341434
59.666484895217444,-2.321709351126394,3.5285857255692568
59.527848427378906,4.1014644458034937,-1.5987554669856852
60.529576972652798,-3.6343591537490765,1.6334808022908072
58.994418364944757,-2.5131529370091981,3.4044153343102894
60.058532159434883,-3.9451052307212646,0.73623968310933763
59.924322234169011,-2.622778379425001,3.1036014030624286
60.2111764246117,-3.4029302305976419,2.3686122551658171
59.692435327941475,0.63762559633107552,-4.3733466282906317
60.108266259110628,-4.0597571678657731,-1.7626432208207525
60.115133414621674,-1.8930448834782654,3.6069586637341615
59.20018909761189,-2.8029461386860532,1.7208729659455229
59.651107260169113,-4.2568966442564582,0.66274316286826374
59.372576563772391,1.4218121028549895,3.0508392112749152
59.013143827011142,2.7348663141484852,-3.2344756134320898
59.328099186933457,-1.9050318787853231,3.7403963061515264
60.681934991141858,1.9048805196788852,3.7617169287033247
60.627970072031445,-4.2383562722148298,-2.8933922679896291
59.471532789601874,3.6881651464484912,-1.4886636520253278
59.153070829275379,2.8182325377199233,2.9233775616168409
59.510848673407558,-3.5738672972803998,-2.1299095795524523
60.443293926777635,4.2357094624858265,0.25694956076680192
60.277520664355585,-3.7853896705686627,2.0830473438921775
59.692070846111122,3.8785669507062597,-1.2123398662158638
59.559454210086123,-2.2970528998950619,-3.6603545767470504
60.06801101007202,-4.5491014319248304,0.22441116239821385
60.262074130164088,-1.8144111062997674,-3.9654041623046465
59.972290359163431,1.4242297422128973,3.774414919361436
60.513518236000365,-0.19410454689236098,-4.0508124465802018
60.800883013899117,3.8842810490795348,2.4542446467881596
58.962176065059467,1.0532129621015711,3.9498985660274504
60.261140695983919,1.4604161214481688,-4.1444001577639451
60.120907298989138,2.7654946245966694,-3.296824226273269
60.545423444089913,3.5378634572315653,-1.6100912045697862
59.141872366116509,-3.4661204276091402,-2.2456853701760546
59.875887948475778,0.373862342252263,-3.738285306059892
59.48577894356206,3.8753203706928687,-0.45762556457131304
60.503209797757435,-4.2040551890132818,1.1935483679534209
59.447760151551066,-1.3360053819578921,3.9603879272132692
60.340795630442869,4.2313020810908837,-0.9594950432490803
59.66081967662938,0.71546648284632619,-4.4510124406202003
58.872387843530767,2.5322675940594981,3.1846376351256906
60.325017218659802,3.5399731474081846,2.1785799414253515
59.461052302712226,0.042901677086976245,-3.6131051096633766
59.201000167811443,-4.0608376052212263,0.01784385477955144
59.901324419119213,4.1144093329722073,-1.8678471267809873
59.451087494265266,2.6092182845782554,3.1701257248199495
60.043459865504971,0.70282987357052651,-4.3486563972901626
58.941921611670047,-2.7531756619464587,-3.5422645635430055
60.483427506225368,0.2181307058098666,-3.8412073361624426
59.896484042234555,0.56960505200666589,-3.86120130220564
60.587587019050424,-1.3867041666114477,-4.0330236530195913
59.259145936612803,-2.4829105781550425,-3.4581268813879107
60.480677614004335,3.9371629747630954,2.2728611286298759
60.014106365764142,3.9616414518640459,0.99641030608802961
59.752150078736953,-3.4935740180234305,-2.5071985975372302
59.823617946261898,-1.4220444662145804,-3.7687765362654884
58.995558137414825,-3.8067687018393346,-0.5276896033022721
59.294163592942702,-4.2474423002016461,-2.2344634357447708
59.222868940880232,4.2669598809124549,-0.79959450952928846
59.839374702298947,-3.1138859555359115,-2.8760315665922227
60.311997288842818,-2.599978878078685,-3.3515817188788124
59.961006093997341,4.4406607221700023,1.323668406817851
59.679089455927837,2.2472719866057691,3.7780314630256746
59.782491965855286,2.5166407822086572,3.510934563406324
60.07244498777127,2.5971819958164097,-3.3082535327685316
59.492180327003865,-2.4377860607326594,3.7051490763781851
60.001926067063728,-4.3131540370267043,-1.7791448345535636
60.179773176543769,-3.3321054550754035,1.0771202059381455
59.003835392205936,-3.4807861607083099,2.5546917668868558
60.455484505716989,-3.953846370160774,-0.97848643736169816
58.820530870933275,-3.5846917456031582,2.4522090361362259
60.741145664011817,-3.9878587939110082,0.95444401787780064
60.429866395371718,-4.2842063705240685,-0.32512880331730071
60.476801517607008,3.3009339097717763,-3.4428171212989795
60.597043253763097,4.629205026241678,-0.066241616549544247
60.103700901402163,3.9171724627956541,-1.780177200016146
59.81881833743455,3.6138257447731861,-2.5229723993001079
59.961853728723746,-2.9516525213436999,2.9334099515034824
59.34230581368216,-4.0423011815543477,0.1926371460747752
60.098038250965011,4.0450951437869067,1.1920984006526958
59.285862499832049,-3.0410720582365256,-2.7165709145068115
59.827956938636177,-2.520847578612504,3.2249672335952204
59.645587533280931,-0.45497911163120996,-4.1404195643665833
60.483918646798138,1.4341735663077437,-3.8751862886959456
60.522642638097281,4.7518250620989235,0.71188099495755042
60.178068298514326,-1.6095056634499212,3.8779640711692753
60.514032247454281,-1.560188427466773,3.764023787901027
59.454885112788389,-2.4462132458346466,3.0870312608710742
59.112301014068812,3.774320224262901,2.4512205215349132
60.3743981185156,-4.1156789938074496,-0.63789268702110757
60.599682244923869,3.4947051376142504,2.2679372379244827
59.664467781707472,-1.5187949283814528,-4.0403470947046047
59.862081261787878,4.5568838229993691,0.074073444200025609
59.849574127614268,-4.6290529260654241,0.38184237708850399
59.179438474066231,-2.4641302345804257,-3.2912651075419261
60.087700463308146,-3.780145134501768,-2.2016552682657453
59.09737282527518,-0.80553880261589972,3.6338945761788799
60.60517910230746,-2.3762373301584359,3.2890294611837216
59.55570577944561,-4.2376889796022112,-1.5660302019293113
60.18726191257646,-4.2998719782898194,0.86754559512615947
59.677685652229464,-3.9821196032488704,1.8855308070771886
60.480679422249253,0.45793121813128124,-4.0560229790071531
60.615175359947528,-3.2041048120803399,-2.8823723165186141
59.387066390074146,2.9372337320849744,3.352644698999443
60.046289170308697,2.0997620701667614,3.6491982884820438
59.314299218835245,2.1691076004323193,3.9369809325908509
59.668454085725848,-2.7328595125220576,-3.1820025984007372
59.872542885704696,3.4306114368910792,2.7023958374469053
60.73698202675498,3.8334922224974353,1.334679189061577
59.149519220272168,-3.6432482196343492,1.7689405185047775
59.978275174155797,3.9382081821449155,-0.86028383252847596
59.932251535058221,2.8472156603017336,3.7337169616882133
60.229049861257231,1.6370995631379905,-4.0614282832167365
59.847336159655299,-3.6758999317650645,-2.2093833998647154
59.320399483143504,4.2485194538789637,1.0795447763861645
60.335422579495244,0.13203232923665598,4.0483620240514817
60.743385442251103,-2.4793536192824286,-3.8400947849225306
60.480448804391067,-3.777081149412914,1.5877902407264819
60.837524651418249,-0.45077181813716011,4.4768022934804357
60.058050511436143,4.1363433212114975,-0.37528328536382893
60.609477648770209,-4.2235858262745625,-1.1353971998267995
60.029103636096508,1.1890653604070391,-3.7637382998044075
59.921106227430251,2.0990361705679219,-3.6650983467782261
59.409699410369313,-2.6672763167310749,-3.5380278186914316
60.292718438208802,2.8195743016728478,2.8902821341905383
60.767102610647456,-4.0829057004057434,-0.40131734923173723
60.116718350148609,-0.27580770867044363,4.2535822837495383
60.592898673316768,-3.2376872984058278,-2.9307732814521921
59.998182911821431,0.36257943698588091,4.2443400248325842
59.613194753997576,-0.33866016855749809,4.0933194077785284
60.7087948613894,3.0262728226988558,3.1009156136464195
59.036042822159864,-2.2240603097802647,3.6207007447534605
59.95006016997155,-3.9526604758388015,-0.57314693176611664
60.404703802818624,-2.3084122950102977,-3.6974091984395594
58.958577506067321,3.337102655306925,3.1319042086134372
58.973796938155708,-3.770612388073888,1.9961521333878063
60.044136168407036,-3.9645949524535764,-1.0800380205822873
60.690724764033916,-0.27111596030823565,4.348512191636468
59.82020014577666,-2.8500027421420189,3.1821576975119523
60.123535649132485,3.3713699327719331,-2.9882313183202016
60.426884289294762,-2.0990930802791823,3.9216899866501485
60.200019980563255,3.728714536291974,-1.6302346896026778
60.340353423811401,3.2404497860989743,2.9381233142231307
59.811467972832105,4.0691518247270322,-0.95641175375466314
59.67051487985642,4.227624589085198,0.35736025487135337
59.912239667086219,-3.0164372713869292,2.7575371357809217
59.29183454178181,-1.7402696849005264,4.305505149093122
59.310057864825133,-2.9768955748879313,-3.0807595913084058
60.181833606661677,3.2382630840886919,2.9680353697127226
60.53379986841297,3.5229884306779469,1.9909407520930975
59.54197805423663,4.1502095769130962,1.3657899583149538
60.560373795492673,-2.4675920699329996,3.9553952958642125
59.511844413257037,-2.960697880689509,-3.4779532366670529
60.637008006245587,0.011531697197223446,-4.0338445403789835
60.264843301569591,-3.7190761358219229,-1.5135899188219544
60.118300987527853,-0.19417311831687331,-4.4521045553524408
60.616577530490851,-3.9737861796489549,1.6231354854326587
59.145971491488645,-2.4152095404795206,-3.2423270130813795
59.891928197698221,3.9156405470413316,0.048052366482612081
60.7095635149063,3.3041314133119775,2.1452599516826729
59.159315080965037,3.3152918019165334,2.5698567123719807
60.403312660000488,-0.23229041973307984,4.4172511956495342
60.716357161453509,-2.6642470082474259,-3.3280014474021393
58.758216009911948,5.6329006404651798,-1.1376151694176557
60.394167810392489,4.0476547633099091,-1.3977687596546002
59.352843366498639,-1.3542772508156558,-4.3529534484154979
60.085905023639846,1.3272387739471092,-3.9299337004875508
60.515897299343287,0.80900153171068967,-4.21137729547414
59.008192229614657,4.5859463926402411,-0.42682220847594571
60.69787380630595,-0.18467492184280404,-4.0152545392273424
59.804017701021827,-2.1024316148555089,-3.8704959914591783
59.599993455203339,-1.1833447698060124,-4.2007937751650948
59.235795422578498,-2.7959330932569419,3.1912042700894481
59.738725029278463,3.7799159045547914,2.2886206837696159
59.732663606644437,0.5219568339491194,-3.9289568466075577
59.787066518824815,3.6078825803394046,-2.6880337669699799
60.733673374464082,-2.673662818832867,2.8676622719642326
59.786717608413511,2.2505572589472536,3.5858647705599949
59.598099197955541,0.33510910888310252,4.1305305633656388
60.037807194821823,-4.2745742591234848,1.4767131687283559
59.084204894144911,4.2850109877007316,1.4816517672474068
59.658196991333362,4.0528995976616029,0.15256727290468644
60.052148072855111,-3.5012355868962834,2.6795712489443488
60.424719355554728,-3.1928645916372256,-2.5669559731544096
59.110620535561061,-4.2409117408935098,-0.45676329777845942
59.800421100405345,-3.2039431289152889,2.9460906598364596
60.667567961486775,2.2958261720804507,4.0955225856348241
60.697049428934989,-3.5373644811436571,-2.7215613906086356
60.310194926626679,2.7601411947844006,-3.539622376042165
59.204124524431684,3.6781701367173842,2.0370255809173825
59.343318081731375,-1.3284910445620111,-4.1516157899109647
60.512800924038253,3.9931103295673913,1.2019766266771519
59.812712639938809,-3.2312244200656961,2.9197735321456051
60.083215498920389,4.2769412101277569,-0.12778979369051235
60.167654218383511,-4.1712120860674089,1.3679261684025212
59.954218629521527,-4.8126096077748919,-0.83345428152200984
60.21024741267437,2.0651210234646458,3.5637499221199649
59.34634746322677,-3.620424213978005,-1.6128711857598506
59.891421589277194,-3.301807231543465,-2.8630926900347022
60.174466086436865,3.8616180925743215,0.29103989723208018
59.573069713515004,-0.47033770868222396,3.6855749027847735
60.099947133633414,-3.6816765225544508,-2.3327380989984232
59.49221481646741,-3.6097499368618964,-2.4692763640418574
59.999549487389153,-4.1497339225084211,-0.51479922346158291
60.280705975747637,-1.6550092249814847,-4.1242591406904561
59.061902810067963,4.3420867864698405,-0.1488224055882828
59.656124493368971,1.6434563447513142,4.3117139318986037
60.312666595265924,3.5442775799140729,2.6891102553187443
60.649248230963849,-0.89814869563002875,4.1133906068391566
59.279183302659767,4.4029149771542659,0.27298116339773243
59.87329665280707,-2.135146977889713,3.9245669861609174
60.745565583827073,2.3697080757235645,-4.0846300545002663
60.771213267623246,-2.8561358915200188,3.1615476902865791
59.458195359736479,4.400315206888564,-1.3295661655043107
60.011325231086808,-3.176854300192431,2.9305251806299135
59.958677504800335,-3.5800540153142646,-3.0227395221611104
60.032571331944034,-2.8157845832774053,3.0344388124152828
60.050765343776071,-3.7883773407832075,-1.9362403064908662
59.17139944511429,2.4707101062023318,3.8443257257226451
59.947960708920959,0.98006118811596776,-4.092561706493548
60.793172215587909,0.55471925124588606,-4.118453030168105
60.432058202427747,3.7096493971888855,2.2526496834926788
60.616371257372307,-1.2515279141599045,3.8214066840291752
59.677218131895295,4.1275619527195779,-0.24928320076868105
60.284786578117668,-4.1611724708604871,-1.5466163076341719
59.730923940531881,0.84632286775163901,-3.7354200898248409
60.152270811896017,-0.30610570807548576,-4.1728704730320194
60.058204088339224,2.2982965981882502,3.6058885233509543
59.380665417661973,-3.5868507257947635,-1.9834700370800005
60.319595559612132,-0.0089402071073606607,4.4750321721939814
59.642008021114407,-3.9403842638662656,-3.1780303884985939
60.555394543657677,4.8357791819626721,1.3643746099118486
59.972970958311095,3.5314453399533723,-2.8051800885416283
59.581092401415724,-3.3906085716436807,-2.6795143231204563
60.544722338455145,-3.3982502335869489,-2.7786330002572583
59.301139025282971,-4.5722405833753612,-0.61545473320127264
60.043851011738433,2.2590230625027892,3.6683132957768767
60.457786308110087,-4.473815303272894,0.058060040450198171
60.616452106252176,2.120083233604015,-3.8571219963793029
58.817243652584928,3.9006912740613831,-1.6893372196695315
59.94767066019967,-3.2716792136044175,-2.4849289002322092
58.882006644491334,4.4840638397779307,-0.12310712989787252
60.687871819316946,3.6191612570346021,2.7311184455111337
60.191785353544716,-1.3024036782596111,-3.3659141485434683
60.152147051509054,2.6480544526072238,3.4717945936455967
59.317922568711616,3.2766535145648841,2.7545261525607341
59.353115824370754,3.6276249207910065,-2.3675715067223724
59.906115886754733,-3.3898914296289107,2.922021576339167
59.979631894361077,-4.6909290016605185,-0.037793014571984876
60.533315793607862,-3.5422531189711575,2.391024513283539
60.309157730792542,-3.5596332624560239,2.9003033593220922
59.696579069628669,4.3884336337948486,0.75646251209370519
58.831633736798331,-4.0882751377209816,-0.27771246880520284
60.597592601132526,1.6658855591556212,3.8793280103776455
60.070504218817511,-4.4801634280904432,-0.68161460357905923
59.171813787743183,-0.35598421203087155,4.3619118317588832
60.006295745554688,0.66402975732317693,-4.1462091617343377
60.170054030633771,2.3456923204829474,-3.7883025134453634
59.135885410349417,3.0718953796917488,-2.3261075799121564
59.600274696505998,3.5220833005923677,-2.0159341905028625
59.805194772568761,2.8524808444642051,3.1817979384391215
59.854530752757405,0.31602472489654515,4.1191199952611157
58.909181396561671,2.1716954813936695,-4.7039246844752043
60.209861425205979,4.0441209952131665,2.2159983279923687
60.080253256794037,3.983669940165778,-1.1159272521221455
59.117341297784648,-3.773323896091227,1.9886640861232086
59.697450906358725,4.0388541604794215,-1.2088729499844841
59.036932761074738,-4.3843873606375121,-0.47171148701001447
60.383259206539414,-4.0021472120298256,-1.944319325473632
59.881977561330402,-3.3547195520499842,-2.5312337794322719
59.921353479501697,-0.79500842008942341,-4.4515688259260804
59.975512258307539,0.90133074870222796,4.1911181447139469
60.039711261343463,-3.8244070478508259,-1.4690742857977694
60.090484756039075,-0.44397456360905468,-4.4385689451138468
59.141815254396484,-2.8542891739027043,2.7756009881549986
60.400666180948029,-1.7626775747005616,-4.3089339106037157
59.943949947507988,2.7157371841206897,3.1570176719895482
60.273055515326746,0.97480553102284473,-4.3414428293509122
59.370705890337447,0.97969925359605325,-4.0015814736206679
59.92837044475587,-4.1372037323122237,-1.4660244224361556
59.083075549506361,-4.5923776303946999,-0.18539545181172523
59.530572735440131,2.5821410564556033,2.9150079748549493
59.666672060094257,3.2562438096782023,-2.5501040935828221
58.970136527749872,-4.010776322722192,-1.6163168575356996
60.324280867921743,0.1718913527065461,-4.2999268694249242
60.011298402421914,4.2186600934098255,1.2535598223699289
60.246959883687097,-3.9137664104469838,1.251476253387932
59.611684545893112,0.32059140582091483,-4.3070004774668593
58.745105938063645,-3.0150405388554384,2.9187088944308446
59.779123931430171,4.5784300081013791,-0.31893894244714965
60.505646264500768,-1.961946360568648,3.8047817340027552
59.477543927879104,-3.4299261550327831,3.0471153308592882
59.595362512797365,-1.3097049157746101,-4.0676323471901066
59.619129116407365,-2.0510193649155353,-3.906990213979983
60.54653953083649,-1.4475728461057811,4.1612982287378042
59.791972179268498,-3.8283755262459747,1.6373363378574173
59.49596277882204,0.32843054475253192,-4.0673209813391216
59.397047088381022,2.8429604684684908,-3.3889021521191403
60.11837704985939,1.2304664567909707,3.6147849474649441
59.32740194332947,3.6997948938444578,2.4102174545695227
59.653635590664692,-3.7005174755027181,-1.6349590635084132
59.779607925770812,3.647584925089236,-1.2446305527245378
60.615479463601581,3.2176744791194407,-2.6714743820757851
60.421945870741126,-4.3165488106687588,-0.048597608203718265
60.129028662823607,-2.150064607522697,-3.9277176542059737
60.161799333400324,3.1570353494016752,-3.2447542333625314
59.426588544016361,-4.478533726397619,-0.79707947798412382
59.888611615688859,3.756985625198209,1.4001836024181167
60.380386484849197,-4.5858954201237028,-0.64892003813286481
59.254706362430809,2.7451274150126719,3.8521704449791256
59.200511730993604,-3.0389311850402518,3.2733236808275223
60.752631142933573,0.87635637378911257,-5.0263198590113616
60.330268855892989,2.4653758694675689,3.3605779978706805
60.700608180862012,-0.4041263321293731,-4.1739172789258561
60.206035311305314,-1.4341577650900346,-4.0381515479513697
60.129333977078012,-0.53849254837132199,-4.0667020648447814
60.848570763287334,-2.8099499943248754,-3.5552988312470299
59.976878204037327,-3.8213097463620729,-2.1599788747399753
59.355412802029178,4.1650632599143123,1.7413647705920319
60.076748792769656,-3.8922295030264675,-0.51403990832007318
60.446442748748169,-2.5656833805775965,-3.1375199381197025
59.065230687301927,-3.5422238265445545,-2.3173321728860552
59.853783288782772,0.84743086106519039,4.4931276892881256
59.399431374339834,-3.2645380696139261,2.4629721460956806
59.535308945231868,-0.52353801077325779,4.2727817866915112
59.326176321153504,3.5315896005002689,2.1870582462490575
60.751884052152697,-3.5752654370435906,-2.6346751851652055
59.966782454288577,2.2317088395188653,3.6315211427920149
59.844429332770517,-3.5021901261400044,2.3288302931087261
60.251178289138146,2.5108162277743578,-3.4576799308211692
60.758279184718646,-4.1654238075572865,1.2386079150432654
59.941827692828824,2.3586987177299679,3.7912064503216607
59.345299965975428,2.273120948788554,-3.9987289922723943
60.191467812015176,-4.1071727870186825,-0.62913652846262935
60.865787941438882,3.4070544583893239,-2.7422769748872979
59.232073187212222,-3.977647025271005,-0.60340591885036088
59.190039389957491,-3.2844761805776526,-2.8868794166347387
60.171760754538944,-4.2772211511659934,0.91474270303354133
60.335855955850391,-4.1364910176693428,-0.098394941877120431
60.275060656761255,-2.8730097841974032,3.2317064051466597
60.483133402882238,-2.8626123090274,3.2827047052234475
58.810677884024784,-4.0323987763051994,1.7926025295037917
59.44586471598118,-4.254736721424913,0.68948305422895062
59.060745937898524,4.6523060134498238,1.1625035341202774
60.481273654606404,-2.4176205224270926,-3.7907186730340903
60.495905576051953,-3.1467063767663879,-2.2344430088438987
59.66972071448297,-1.6443545614950197,-4.163939915784499
60.001544288552019,-2.9984284907436205,2.4263416850588255
60.165587430480016,-3.2575547742863753,2.5929162611927725
59.691337835354922,-1.7305150186184641,-4.2364137499967045
60.34297576971246,-3.9331733453465434,-1.2647259253974679
59.345376440276986,2.8061689901297959,-3.2805775936136201
60.281877834636887,-1.2436920377740766,4.1796324372439742
60.630146969538238,-4.2451423646816044,0.58739166101732254
60.26526969418537,-1.3781004740860037,-4.2928116092645965
60.131866206067997,2.3678904565252505,3.5911169598802557
60.115413310119692,2.2999562584633568,-3.3910070457690247
60.677534711065071,4.1199614340519446,-1.1585238661682078
60.100902538478948,-3.7894360951845529,-1.1507332569004061
60.723997488393543,-2.5742480040966922,-3.3747791603232842
60.816710534266029,0.53603206471827736,-4.2109694765404448
59.066979351421196,-3.9620235195146125,-1.7536333034331311
60.124192463160981,0.96684333639114839,-4.3305863103393278
60.180706334638032,-2.134558653346923,-3.9312435031876314
60.0092471000901,4.1816399541747673,0.71211651779116614
60.173426826234049,-3.8648296643635094,-2.5791826996547367
59.819869285594862,3.6706177377324694,-0.33580005043858396
60.092740513337858,-3.2722445301494232,2.2259219988026273
59.084589980031559,3.2992401995429335,2.5232131283392212
59.994820027719285,3.8936150444048052,1.5925745632772297
59.18090515806427,-0.57907601744772597,4.657731798000798
60.145401690224851,2.8445251167326777,-3.2846413931603964
60.311022533686725,3.3885651077956895,-1.9564718510500363
60.292136912197094,-4.1521126579498402,-0.93360705425279356
59.235161962366043,-2.2452228821982221,-3.6719061067399914
59.487366162450677,3.0567582738572732,3.2627183685072967
60.009990888409284,-2.9694324864934889,2.803225952359345
59.628202112519361,1.2583297442474914,3.3644644663020902
59.962184302815977,-4.0212862554888646,3.2423558697156571
59.918965083118565,-3.7813801876625721,1.4306635099442886
59.620853128780816,-3.714561860463486,0.8506149357207089
60.49648880989708,-4.556015284190913,0.085107852159594252
59.183753849561697,0.33070116870903837,-4.4457183024587508
60.569816871683699,3.3376114965005916,-2.2185228314464238
60.221592838093258,-3.2070921494033588,2.45509469633219
60.408148616849687,-3.8862438536260853,2.4062863031957926
60.374790905562215,-0.25067600137231377,4.5844798494380816
60.403249888602382,-3.240890271697034,-2.5064067567378983
59.703956952305404,-3.4008109777606013,2.3739294724553726
60.624105845454899,2.5938310082950009,3.3876744830728063
59.212118848417987,-3.478006942620008,2.6569004391749571
59.865266145233356,4.2004840431288448,-0.97719135551779401
60.346639648621554,-2.1488198384049522,-4.029152020229537
60.427495352285071,-0.99676199254528774,-4.183159354677648
59.227716063366337,3.4340532344518024,2.6953025050698054
60.152421420337724,3.6172380113190798,-1.8391521854992881
60.397495368336763,1.2851925379836253,-4.1217391148686824
59.899013080456015,4.6357940097660197,0.26379285147791398
60.496746701914965,3.5326174813142006,2.5016485640343205
60.238566803832576,4.3607784691479008,0.62186419800098991
58.78854191028293,-0.20424589940222401,8.019953822832635
59.406567634557987,3.1131241533866865,-3.0970963781582914
60.045318595249796,-4.4879210794978484,1.2394098703113543
59.038844323640241,1.596061418188049,4.1075447199064765
59.369132209460453,-4.1088174784757854,0.34045870989792365
59.991306447760984,4.0173707913165657,-1.5562364385878278
60.253267321114599,0.91412303831448405,-4.4887032140300835
60.029801285455157,-4.3299254538093281,0.84001301910036019
58.780812250608356,-1.4901994616850247,4.5145707183934149
60.655328235344761,-3.3295029552740463,-2.9797119012382742
59.813551195495265,4.4093172135927121,-1.2307007851145657
60.667585353650772,-2.1222104898640342,-4.1665707122722013
59.903485382737031,-0.9418268835270438,4.2160094788937803
60.154336724417348,2.3113404243351487,-2.232496664824533
59.924021824847983,-0.75880591124147934,4.4361387677227695
59.869382039380696,-2.5036069938876211,3.5935215496937611
60.382616904856029,-4.1933278099461146,1.1270489783152828
58.891548908152643,-2.0650794170419386,3.8249147610969416
59.728645813822325,3.8901520054575522,-1.506292215508106
60.687126852989437,-3.8913365600068457,2.2658509892631931
59.179626782891354,-0.13598958288433505,-4.2939219629875947
59.411966284917831,-3.5534649668661347,1.8799253921910566
59.863979666209751,-4.345397459315925,1.5220939138938021
59.423503093972798,2.252068223485622,3.4782848024232456
59.263956793698469,-3.3918603692276963,-2.6841561679780455
58.961959391598256,-4.2609474312492832,0.36823288378150526
59.910263433462418,0.25716781422215423,-4.3889548684934381
59.694254519897058,-3.7496808075966932,-1.695822144497158
60.312559173808168,0.19040190300992599,4.4948030747179875
60.536993164533072,2.5171427043357113,3.3567402387383658
59.015134093201439,1.9628323638333951,3.7690926421615343
59.593065940567364,-4.1286274360329607,1.1326823624654208
60.220427081128477,-3.6625831450454829,1.851582113159228
60.137707880368872,2.2612792729732338,-3.8841647206829921
58.93452759037158,3.2607931652784994,-2.0244464370463562
59.343377734989716,-2.4458326857563999,-2.9476413511065758
59.80831554141951,0.72021860215540112,-4.1991366047642513
59.564350522541126,-1.2226266530576262,-4.1508616121857198
59.519092408656526,3.287796608803768,-2.6540618554393092
59.155021736458735,-3.9995353022062177,-0.79481797229181428
60.502448545044189,-2.1783965040028539,-3.6970897565740075
59.040036496107568,2.1066141862426138,4.1292429547351945
60.348492903262326,-2.7091308528490914,-3.5464130370021221
60.750362401666884,2.8421837183568948,-3.2398350573174346
59.788890708922892,-3.7737859947371835,1.4038064884135257
60.666932072423442,2.0480931660102466,4.0359200197128908
59.231080907357622,-4.0113723282802169,-0.12307696955223764
60.468529346603638,3.5911141503317818,-1.9588704000078931
60.379599645837573,4.2903953471819358,-0.10161748706415685
60.077423521777085,0.29772602964497541,4.1982621328254206
59.115665073980871,-1.1640054710098227,-3.671088790695765
58.820252244241608,1.6866582055638928,4.3433215296395611
59.585048966204411,-2.9218726276247362,-2.8478190201455273
60.439848881743167,-3.0860389856946457,-3.4591568754546036
59.322514133671426,2.2680992212056772,3.2705224431515552
59.882871679709865,3.414234028114254,2.6890691579761636
60.241331836857086,-2.548436091558457,3.3522857040889007
59.227004163512412,-3.0381094597622216,-3.2452131381674683
59.590759638997113,-4.0594709776554563,1.1020744143614247
60.482317487705828,-4.4999333799030365,0.30231925952921002
60.290564475585619,-3.6064843743066186,0.66535799023985598
59.724116472909493,-4.1811463392240791,-0.2968546890499657
60.746657549998041,0.93433352402894254,-4.2836959237087537
60.743788763066028,-1.1345893790903709,-4.0863865542290787
58.877822867925786,0.4123196143716723,-3.5148695326481838
58.922231906642288,-2.2818065108391758,-3.7380244300517202
59.503689657777443,3.5251421324122125,2.3487444943465388
60.056333202804915,3.6144202692910947,2.261922434679406
59.437304041266984,-1.4633317502563701,-4.2239690514958559
59.879421776785868,4.1427074189691462,1.4789432361104944
60.507395639808784,2.3178347452179562,-3.4416048319178132
59.70149430780188,-3.2875823880643731,2.9193329059788709
59.582447696478191,-3.188272768325453,3.0484577529759567
60.488561937277197,3.8808574755049245,-1.7123132077182135
59.302057040787304,-3.6356429707965785,-2.7492192165330538
60.215415096093842,4.3677476733645531,0.74523979542647256
59.65005189222817,-2.7747523142500645,-3.2753605219110558
59.044135341481905,1.3871254733605693,-3.6808668072057102
60.394315045692451,-0.034492354104457904,4.432216574838181
60.170248638242931,-4.4243468173949543,-0.27475741525833614
60.194875499260519,2.2687470190145786,-3.8500655955980516
59.222465906941402,-1.2976735334688838,-4.3373147025268839
58.967818920866193,3.7248961905193214,-2.6214594827568396
59.393234160732419,-2.4767041441950259,-3.4364500194945831
60.52378624262542,-2.2927814909122088,-3.709621676668073
60.773231146219899,-2.5129361092832738,3.6313124247951682
59.464557258262268,4.3625317283370908,0.63326425291419863
60.66735107854042,4.127499813497443,1.5737693760897651
60.011599382420705,-3.4792844876308737,-2.8185251085087368
60.243724865834068,4.2350072852859153,0.94958551987615747
59.403794286358753,1.9726580581215332,-3.6160617474360515
59.930609724611116,1.7048785881878128,3.8055133925174069
59.734489527547559,-4.3520511781526032,0.17337649301548747
60.36072033469501,-1.3702429772851616,4.1846102883775478
60.075207633978195,3.1351551456241982,-2.9779349255553504
59.487495842821815,-2.2972037719382765,5.1305661741241364
59.379505416081116,4.1386944263615497,-0.020078822536903969
59.28010792541545,1.2351478226396495,4.1460125991185448
59.451652618563173,-3.8989204612003348,-0.027584244036300144
60.439966067148667,2.7307529532010197,3.6099866436350028
59.260179293185196,-1.9075856316551429,3.072029112197729
59.714895002594261,-0.68161148822265649,-3.9633988659875823
60.311123301301436,-0.97213931277524746,-4.0030549499132766
59.884064606362195,-4.5753160619172917,-1.3604663859500183
59.597033547449648,3.4759785184783083,2.4869455748228297
60.704505115585512,4.052515078751985,1.2834742799480487
58.839299415395999,-1.6336491282286905,3.468141402936479
59.203206191463941,-0.44228748024226555,4.4241431512868452
59.471950381523158,-1.7724562251934062,3.523500178075516
59.617942348315374,-3.8665980668928879,-2.2880877224279543
60.393107492216515,4.0788973909223145,-2.5349406406019166
60.851653776243843,-3.3910602098330358,-2.6162258734276254
59.884980348717434,0.96381666608649053,4.0895004895029485
60.158875967792468,-4.035090689216001,-0.14935343889116773
60.582022425872808,-3.0537039641874126,-3.5810046627623922
59.309277508894354,-0.85418462385893856,-4.5735573988614044
59.759704163178824,-3.764258811809261,-1.5650602563144145
59.878195715467122,-0.41404769160298266,4.2808569466600304
60.156240724723531,-3.8686772072950721,2.1345827532745512
59.717092865364684,-4.4071613348150738,1.2820351873229432
59.898139162606405,-2.2397358234737617,-3.6498076689388324
59.253628426166877,-3.9925492789531112,0.72651058924524303
60.541186535756943,3.4877452763745316,-2.7882993603187232
59.152633230708986,-4.3676497200910562,-1.0441217474780162
59.639737192486479,1.7015872064271895,-3.8822261247104941
60.633395389912891,-3.2154503670177257,3.2384689105945705
60.33327673885028,-1.2754020625004545,4.1405876177284657
60.471750458315128,3.0902563298627452,1.1247792390366658
58.861416747361396,3.2644870309177945,2.3489333482988886
59.582969529578158,-2.8354794248074389,-3.3075792037200955
59.725967235731538,-3.666227719596225,2.257173040591665
60.452423573874462,0.78379056115688051,-4.3459672312477213
60.583875451522196,-4.4781017877928866,2.8139321251316032
60.568210630904154,3.9556977663481003,1.6308412034455331
60.66053589889853,0.20423983225771883,4.1292526315143299
60.083729519539759,-3.8744976576798287,1.2929353990252532
59.689776265449701,-3.6280257154707689,0.12222173021887768
60.469868385492418,1.8139046231068154,-3.9138072467920293
60.049193607841651,4.1173927399501897,-1.0352889669646816
60.420870943044093,-2.7923839235482135,-2.9043761286546275
59.65754061881011,-3.2611702846593835,-2.6066137871224337
58.780496419762422,-3.0945016494063862,2.9758718099428489
60.102031889826868,-1.6472619880399868,-4.0809863264655117
59.554518594901701,-2.5775725709636572,3.1863809317400538
60.619541051170188,0.62366211664939164,4.4972000619319443
59.792333628749837,-3.9967527533802771,2.060080061623526
60.569329256795925,1.935672320392376,4.2448470028638434
60.593888658497598,-1.1485128258316908,-4.6513219643159802
59.286061996059352,1.4183325633923973,-3.7438267321363763
60.536045269610696,-3.7612825443027003,1.5994323067958864
60.048547747380141,1.2019068525432759,4.262788152650673
60.615923841136457,3.8973903820833296,0.46964510191101883
60.277717896384949,3.6447369716037676,1.8871456067133032
59.884444375583122,4.1360639574591707,0.19902831774218785
60.43507684802217,3.7836794740734638,1.7593916916423167
59.585026966027826,-0.13454729150373987,-3.9434575142589234
60.492529354886237,3.5531231645444761,0.76542353313697553
59.660385508416347,2.4088931512018541,3.3170062608552908
59.471050599037923,1.434885831016955,4.0937536682676354
59.434013414058633,-3.1959582379814315,-3.0859759565777121
59.094570483689651,3.4215513852164139,-2.9254865817539195
58.938389198129876,1.4465671195182161,-3.7454970471945002
60.614790851613257,4.290785193888297,0.50022624449088382
60.480288287215295,-2.2942840688994308,3.7009665149708755
60.051742783484549,1.4273652596048163,-4.2749863785740949
59.182039341176427,-2.9117599287697296,-1.4883613811714371
60.17776383961624,4.1587480926570022,0.69738374930434299
59.330165957352449,3.9461148482485719,-1.6648800575150695
59.28122989597626,-1.8214432974151493,-4.3848014603230396
59.788595342390913,-0.63214374511123228,4.3200078034984601
60.045197314443342,3.1389907563488855,-3.1916065906211877
59.9297400164807,2.8763024624921458,2.7713560568839348
59.542107692582434,1.6981677972778109,4.0794636582112789
59.212772043635951,-3.8319200494183741,-1.9981353671937916
58.846865772791524,2.728569634466937,-2.1854347598249215
59.239945862989771,-1.0463416327783448,4.5501720725044006
60.398736299274674,0.95636490986546752,-4.0408389952303416
58.954872294557532,-4.5033734786748729,-0.69214588502293772
59.570645171439899,-2.6631700207931832,-2.5823520571908527
59.521736562994086,-3.7935824785899834,-1.6746397892816125
59.020188144485118,-3.9839497405826707,1.5727881966391746
59.973289892540791,-4.5906220018920809,-0.83052102499177327
59.308043292938031,-2.8499974175225895,2.8526969843649157
59.621900958144188,1.7730832974607955,4.9532910847458114
59.248874634444412,-3.1682344965820546,-3.0632940662451187
59.850342920808842,-2.2885325969809478,-4.0030702305252426
59.837642523302598,4.2039907205493341,-1.3200699540384468
59.535058550159832,-4.2333404832350494,-0.69601675434676014
58.874730197521743,-3.7535537619526829,-2.2477285994781093
58.910583619649131,-1.7542226730843191,3.97374268325441
60.528122648611962,1.7208313050779644,-4.2507477697489318
60.720888417181655,-4.2858639513960428,0.72025696357315616
59.894609141294005,-1.298714048555393,-4.0798366963200019
59.180846323344475,-1.1044223384978102,4.1552630422535284
59.83466078256567,-1.6975233932980953,4.4361500110272729
58.908703899247769,-0.60499445837263943,4.2726186427917279
60.660846249958617,-3.8186945874606435,1.8349584189448389
60.080952157897954,3.6723962238837569,-2.5833627879136789
59.768293453942711,-0.27297142181770395,-4.5243224379896256
59.898399915564688,1.9787821150769818,3.813045037982751
59.604820333461291,-4.0843749487121785,0.3621437963751678
59.102865822072133,-2.6060181632181267,-2.910373041177396
60.443782940256085,-2.4500158364402336,-2.9186215383356591
60.591195967218852,0.94264695301357737,-3.9261379042213469
58.853137623592197,-3.9458471153220014,1.7056085442323019
59.252649745049361,1.7467671096245119,-3.4684332736849708
59.538602891354955,1.5798043970834428,3.8831419983395086
60.012837130562119,-1.3688784532115619,4.4764645059990338
60.548740478982744,-0.63529721032155284,-4.1968184875134931
60.714616638139084,-2.6390985698845131,-3.4008265036534135
59.115438591208459,-4.3367416895833211,0.84712797159196163
60.47197603812274,-1.7193118216433574,-3.9554625352676944
60.745124199617479,4.0087156123522751,-0.80336398983957102
59.499315730836479,-3.5789621167891128,2.2851578845059413
58.94777696314916,-3.7763154909796808,2.1148821272785105
59.066516281094366,-3.2146730493204347,-2.6096569100357541
60.66010013543476,-3.4569298269929649,-2.4917910977780551
60.730370329293336,3.5698646928943236,2.6548697544046895
59.618721018305735,-3.7963644933278897,-0.80938045255206659
59.35174194444123,-1.4038681899775916,4.5259260337618636
60.301974096446258,-4.1266964651420937,-0.16952412164990779
60.522383417988529,2.1938694624266337,3.5337741007433587
59.624862132498556,-1.3481857749418948,-3.5653415847315255
59.904602313796389,-4.4385936913293422,0.52862010844913032
59.350040905477748,-4.0500028431739636,-0.72636662049490319
60.181008233040203,3.1311587132059762,3.141906563710136
59.665977178741336,-1.4509376185297866,3.8864938984751825
60.199168163507537,1.5353198048356265,-3.8047674902558746
60.407932416049817,0.6815945961069515,4.591582551291979
58.872041395090022,-4.2410094294418705,-0.60187909788422278
59.308821145598436,-3.1174119848692907,-3.0845880019638625
60.651157381558164,1.2733896435857686,-3.8775584797428029
59.522899164602201,2.6710686624034925,-3.4528103771590377
60.545269688462788,2.4524945592449288,-3.4666288533367107
60.743017969967354,4.5174967287657966,0.25146989642161693
60.208777111185498,-3.2404133040080234,2.9415543386883964
59.799617896279635,-3.837446930852876,2.4260604286960441
59.449049011915839,4.3820358844782099,-0.49583059121706274
59.522047443671411,3.5521886489180723,2.2582197052030275
59.588825244478826,1.7761624381331136,-3.5499255501981808
59.266126792360446,-0.5733870770400652,-4.3075756717659317
60.069363981782132,0.5967678251983789,4.255863793318361
59.084849381714648,-0.63476840640954368,4.2855789031903084
60.10290646003849,0.18823823858290986,-4.4424468112222488
59.099851020499848,-3.2776632176674703,-2.7986549156826559
59.144760873428929,-1.0618499567160993,-3.3614586350129581
59.604742162259981,2.985866249595452,-3.1025777085325181
60.359967671337856,-3.9301533886845856,-1.1060000023902088
59.734127572157092,-1.9453507503533469,3.4855367192059323
59.669633392851921,-1.8611985386863368,-3.1881260525344866
59.545121064770051,3.2390369373105501,-2.6607442887991457
60.523825398399062,-4.3857951058731963,0.11277618954167401
60.686744219460493,-0.07476447028665309,-4.3433518349785931
60.533076256137463,1.9697738313394313,-3.9022267456658284
60.507783033793558,2.7596056633498107,3.1135389835373846
60.548314021013802,-2.407224294923584,3.5340283113418298
59.462085152825928,-3.9485653096258666,-0.61376731016749908
60.268167156884672,-1.9358864647683707,4.2051045869478765
60.618259958355893,-3.0933262252941915,-3.0823237077975527
59.22267965824426,0.5909674319437771,-4.0194582008873336
58.994565273229767,4.0134571726631476,-1.4925150106560379
59.132655742250499,1.6785630583069691,-4.0956324861394311
59.900938871270704,3.437951963527262,-2.1155487338783545
60.483387559799262,3.8607518433577277,-1.2724824459518829
59.807049533775512,-3.780594666371706,0.80398102426265872
60.553578503066156,-3.8327120789337399,2.1965565079235847
60.704764965688327,-3.2750047856201512,-2.5946741357391123
60.196142291081344,-4.1913695770390218,-0.29926615547898683
60.122371773601131,-3.0129876157239837,-2.5778618040585295
60.288521917395386,-4.4030331813078476,-0.07688535408799882
59.469388214968113,3.4919218599832269,-2.7272437202465389
60.202096302090048,-3.3054285945872381,-2.4714017183571406
60.332472642510965,-4.4053564602944011,-0.35480365630902783
60.564071896973537,3.0657770245270841,3.3459307969004453
60.175128561845327,-3.4933399361524833,-2.3374464356010169
59.812654559459446,-3.306026395306922,2.9853463978572048
59.859708476502185,-4.5622874060830805,0.11300768403594368
59.839188369136814,-2.8560218461265423,2.9646558866382851
59.076218898072128,-4.4128438151118736,-2.1923138084199607
60.591231935586592,-1.3480700674554278,4.1586707306330073
59.993376410598351,2.4529040617017244,3.6456043974327983
60.077745597042501,2.8831549208196092,-2.7163386875573683
59.314891344883151,-2.3820330061071657,-3.4630435394400707
60.187243311644202,-0.36420611071741898,-4.2951773900139161
59.466398674852556,-0.39105768803129232,4.3650447649680109
59.889395118511793,-0.83725275812323152,3.5575407421939969
59.507409684095165,-2.6204573451468582,3.7715752753692047
59.351614642818561,-4.4735989191640302,0.69172081453045764
59.623876586631212,-1.2143503345617748,3.9881106504499195
59.478055855401948,-0.40811419027615203,-4.3463553710186904
59.356895765780195,1.5444557533114303,-4.0371607648559111
60.348914930088029,4.2583085334825981,-0.14513403631134947
60.326903177198403,-0.095515640211380176,4.1649159330193264
59.76176488567701,1.0569939849057712,4.186078996415949
60.714624075491457,-4.3640296986300395,3.1014986424647799
59.173430452694568,-0.60571539967757837,-4.2871775554577205
59.456655285059639,-3.7287647054722397,1.2386273072223919
59.399317099176209,1.0755411741013843,-4.2068998065467067
59.976107202558474,-4.0080958588432951,-1.8160786315766453
60.669132225490209,-4.2826790096475946,1.1133973249273779
59.358128881608437,3.7613198930721401,1.8411473424359048
60.363744851173287,-1.3657801095323256,-4.3845828088668837
60.469791621450902,4.0513496121808172,1.9345085489065335
60.056988686994963,-3.5943906142256266,2.1683032705427934
59.962283956458116,-3.7633780365962863,-2.7511131834899807
60.65497960133365,-3.2859366284792757,-2.9343997864484508
60.246591045443566,3.5282009871112177,-2.938783390165367
59.404140992280702,3.7346488585453961,-2.0830919275635131
60.239487710101947,4.338125968975139,-1.1554969517381328
59.699613773586549,-4.2692579434378573,0.96872012855703804
58.750443521648435,-3.6504831969385871,2.3831376148820573
59.244733154556357,-2.9846678218682561,3.7567018771737923
60.795920258027358,3.973478881171506,-1.3843839234602495
59.098683914416512,-2.8726652409899862,3.0423046883018432
59.398345170437814,-3.7023990766135437,-2.5488476686023476
59.62190056969964,-2.010809562718566,3.7750235594278432
60.3749990341258,-3.9561635178676831,-1.7461658954004404
59.708647830764974,-1.2413900061374914,4.1039607246307357
60.667836823347891,0.5330504418991775,-4.4452670257283184
58.8787356906196,1.4199077780039915,4.2530296011739015
59.482568277503702,-2.5135034532292657,-4.2089128007686476
59.17507872013352,3.2271193871613972,-2.9181667737177093
60.651210995881684,-4.023937169648323,-1.8232421908549215
59.869422481323944,2.2084675985147175,4.0609163716364396
59.682937587200534,-4.4986440609096867,0.40943055045711707
59.561744178221538,4.2176704484409377,0.58780950453737735
60.30400751040974,4.0011102683849904,-1.6879521359778527
59.555852703913331,1.0276136579202588,-4.3485286716651901
59.342692642969354,4.597369764874716,0.6371548273287021
60.499506269279514,3.0642184918533282,-2.9810697814432054
59.447652296312029,-0.33187058544689657,4.0274873452833457
60.496106607633735,-0.18559820076692921,-4.3134156780919364
59.879240526452811,4.058865821350536,-0.26421021795404381
59.902293649768474,-2.5526952429965104,3.548433941102362
59.163267423327561,4.035339274204369,-0.32782787107455119
59.280756583946562,-3.4138807265808349,1.6450617336593907
59.478214855497789,-3.8373612716195282,1.5311436320113399
59.232907935434739,-3.4359493155275858,-2.4358914055493117
59.187794278462796,-2.2274915715905763,3.6399287207969762
59.858368304870197,-2.6524245074308488,3.2694570553553404
60.673792123470683,-4.1276582169033418,1.8358449365809764
60.453684318898304,4.5278098784679202,-1.2126577615819523
60.581479184092252,4.2611616112596096,0.037546883494230028
60.359625057254561,-4.4053485568610178,0.33835639315274924
58.953072825934058,1.3604283598796691,-3.5175876812925408
60.06216718609074,2.4808389604470138,-3.3415305455210809
58.852030290647868,1.4561857975999768,-3.4529366051094992
59.660340980664174,-4.3823811563479342,-0.16158537322127753
59.650127796215763,2.3187054410556498,-3.6439325290921549
59.396895670216175,0.83099624336776834,4.2564732187560477
59.3959372913015,3.4369221265076351,2.0725157555587614
59.741653842724325,-1.9322503883755566,3.8163662588065317
59.96519739555054,-1.4438344442837998,-3.8143823650411277
60.093193312616101,4.2773003621491794,1.2758370037243789
60.173523197571484,-3.6830352429332618,-2.4710375017059882
59.654806972590507,3.8809463018522767,-1.6575491921698406
59.372753562128132,-1.0134045835920158,5.1061964064656857
59.204286982826943,-1.2010570490082251,-3.9859616521193209
59.526074746104776,1.7404374472841508,3.6014599591822494
60.409271929825856,0.21123243516891349,-4.2402284864551874
59.989485570232439,-3.2487690220484176,2.3936455771659801
59.594761637177513,-1.8093775449561069,-3.4964728902728925
60.588576280444308,-0.98365353779328457,4.2794076822462568
59.233362110166574,3.780754642757524,-1.5387303691769059
60.70748883803109,4.0749754067372166,0.19427622949592696
59.266116810053489,-4.260972097357544,0.068417837859314379
59.26841166539058,0.57743288130380388,-4.253126594331432
60.7173171902798,3.8936124738117051,1.5180104989598149
59.896920797476248,-4.4753019420379179,0.9448043375913121
59.167895416267392,-1.6785144533566732,4.2696245979758665
59.218772284892978,-3.9167584817306005,1.2297496253984328
59.11941873384955,-2.3120084462207449,3.2296226132977055
60.599679264245367,-0.96963201172413727,-3.8192849752249871
60.443412748001784,-3.2521855757810632,-2.2944094348722572
59.078578960764162,-4.3781841646620849,1.206422408906705
59.456067318779979,-4.4129772801992022,-1.0159763794143619
60.407804383368493,-0.50763883665619314,-4.2024362493492466
60.130640895024811,-2.3611541279909756,-3.6620776838958911
59.906810359277344,1.6569336459501165,-3.5936198564850583
60.097564961200263,-4.0242183570902448,0.48297620591343443
59.794793210137904,2.9981020530244105,1.3243485256266263
60.364270776671646,-4.3123070285773695,-1.0002878213290578
59.059064910909903,-2.0674398978749164,-3.4933359328135127
59.046771692421231,4.1342945309364776,-1.1219391681179631
60.599678666129542,1.6226461233548271,-3.860788639816596
59.245451768597661,1.9992363750488431,-3.9510371198885412
59.845228338227606,-2.8842611440298116,-3.1255550612365277
58.992897890328727,-1.2905190206664952,4.0146513815949794
59.061022891100912,-4.2953996564661541,2.7638846362714218
60.489921089285637,-3.2236079154480333,-2.2560628345812992
60.556471076956292,4.1643534716165149,0.84623501054382722
59.5479119891313,-4.1528530362849168,0.99381737873459564
59.435777383617243,3.7889128850323668,-1.8704328517238005
59.170569784324201,1.079633809274487,-4.1054901729092173
59.993576773167575,3.4328355401802391,1.9387698532281428
60.438369986265506,4.1676415930091366,-2.3200131995387587
59.533642865413654,-0.90135373742874225,-4.3609095103730375
60.138773683868507,-0.38553930525943048,4.0692529053790372
59.505111450532851,-2.3578079429283982,3.2346942404733352
60.50209886914238,-0.13256232834380752,-4.6488250698012328
60.132742039580997,-3.8223608188777316,-2.6450152242379188
59.088104864252969,3.0043835004096109,-3.1587317947423439
58.989318344430195,-1.4911999697714502,-3.7462782688367051
59.966324094597162,-3.2700070583721632,2.5931207842569517
59.420141996420227,4.0980148072905997,1.762576768264428
59.925867895584069,3.609050274858109,-2.7341747313914135
59.691009970842074,3.3331322637555223,3.0066620685776781
60.061405432870387,0.32419569569253803,-3.8022280619862698
60.374208876492119,3.1007157822859819,-2.9969970804805834
60.341933652949955,-3.9450900285169257,-1.5673282633598187
60.324194396236848,-4.1285352052619579,-0.11529208604682636
59.763947241965106,3.8916418310732745,1.2225280539459642
59.360892257356483,-0.27221636603711308,4.3217689318649946
60.147991396394012,4.4556340281660871,0.39054081783251654
59.914697964827994,4.5030528590538808,1.8550438648455934
60.386855138206641,0.56906563084419726,4.6577924320114059
60.423961170353721,-4.3850883181566731,0.51648739342319117
60.333929595013231,-4.1056508594705496,-0.92872810001782757
59.044190783968261,3.2465976199810913,-2.1790829694390461
59.200895135123439,-3.0951200691862821,2.492472328369431
60.002170546446997,0.45096865395854158,-4.277807291032965
60.618854603894846,-2.187486360406711,3.2803567345880538
58.811474609130578,2.5660842944571729,-2.9057897911552608
59.574135408061757,0.73265008673454213,3.7953917454094728
60.725012658231712,-3.2168494505662029,3.4920654170919465
59.80380902195656,0.69412772424630842,-4.1863622773464906
59.410441421387041,-3.7070760169310351,-3.1315794803793122
59.493476675538865,-1.3021943111379497,-4.1784120540437479
60.569903877280289,-2.2514972623910494,-3.7145338486139763
59.331231735410505,-1.4439128033253674,-4.6329237927600992
59.454598223631422,2.148092339993517,3.1556393053558542
60.270989765798568,0.013039667865268032,3.9939881217843372
59.51633004655492,4.8448886182888922,-0.5955503844086476
60.195893445139028,5.8062398920793727,1.124814295116938
60.074586474843663,-1.4502356461071679,-4.4172414312675947
60.173681971769632,-0.23756953481848359,-3.9602663232295603
59.271689615978552,1.8366519511152064,-4.0232634753871785
59.344419808932464,-3.2914636419539152,-2.9793273738925907
58.924833223450378,-4.291278879502709,0.12031542833753069
59.402636400787941,2.281155446034747,-3.5904299361836687
59.656206478841113,-0.92807912246415791,-4.2733415077564771
59.264059444378006,3.2736756481094642,-2.3924406245142387
59.8044715934927,3.1673289196531438,3.0070913839739513
59.824704688606381,-1.8279580192085989,-4.1624962017141174
60.593660401536816,-3.9396542363318465,2.0551121905472796
60.67645218002496,-4.4200526722983193,0.84137059437935313
59.556292838530688,-3.2336593093212045,-2.6036588371026022
59.194498051717616,-1.7929453852408566,3.8405999062166587
59.746514530785042,-3.6125845275070683,2.3211891952501693
59.318296925131463,-4.1807937867479641,-0.13343151004072498
59.326957511937671,3.6576781882009408,2.4210037641738622
60.107381483931455,-0.20469080019462255,-4.8098899177691008
59.671261880696235,1.4830115576203258,-3.7728658799334429
59.739219280259647,3.6358005485040961,-2.9479465878070426
59.006873399603393,-4.200991133311847,0.37825789543647104
59.740174422712634,-2.9473490368981614,2.8804691528022448
59.124217026829477,-2.0459519977915495,-4.0278426600783241
60.097574232194106,2.7983110629621781,-3.451280454599154
59.88596758852119,-0.98175575632957646,4.0797989032886699
60.328008895941778,3.8701489525528636,1.997667891617998
60.376440960876529,2.4607095466651541,3.1461887341702024
60.230193791926808,-3.9085682995865834,-2.0652404558735391
59.587374332460669,0.84791753210967202,4.5049920921824169
59.512980631954278,-4.2617180390384304,-0.10147346044515536
59.580805671689063,-2.5040349622570535,-3.5842898697274403
60.120406586919941,-3.5676600774452365,-1.9862134133343627
60.084632702713627,2.463255515284231,-3.5477206407790987
59.666548050415962,1.5781880243093773,-3.7189411905871257
59.731155803712383,1.1244660020109951,3.9408824028914284
59.71481168741763,4.0390543795276539,1.2138683373737218
60.664064884747454,0.33074871815184648,4.1395122875547932
58.980609566332184,3.933147990630709,-0.89499407779097651
59.775413576796218,3.6166677913870124,2.3027672205451752
58.867439058511245,-4.3218264160058535,2.0242258642549391
60.570145517935529,-0.45015061783127908,4.0234192266828721
59.922017404267621,2.3468811502559941,-3.6711023716416591
60.227904484128445,-1.6316405478066551,3.7888402351469468
60.472389932494252,0.46420295222858016,-4.1650765874945233
59.378586873921968,2.5206234285291935,-3.58733558885472
60.4771659840141,4.0685295846515102,-0.53210793445737137
60.204631534672934,-4.1401818746524865,-0.97796406254474955
60.577826246323532,1.2453265350005764,4.2666409652876354
59.705170855742232,-0.82359419912660892,4.1703089816310817
59.745187022823906,-4.2880919612690036,-0.10868232538989786
60.370765821080482,-0.4920552501696272,-4.3745465488180599
60.252434937038409,1.5880259429653758,-3.7127455138270697
59.666929129830805,-3.1392247983173087,2.9614055114054367
59.874812358760884,4.1776572499802,1.5136206409070165
58.872333655943272,-1.2969394923479405,-3.010136858903711
59.053268058530861,-4.2980518031805319,-1.2500532938418467
60.435376554599991,-4.3383736136465805,1.1789197277900014
59.524249909763917,-3.599097505141533,-1.8967492158729342
60.632764120895068,2.0477535821816923,3.8109470706114803
59.989227606160817,3.4119809572986015,-1.9905152017350174
59.406685559767936,-4.2108618177646413,-2.3325762254829097
60.174124807445871,3.3660195231836707,-2.4537309663056535
59.292069385935136,-3.4960625512965833,-2.5935967711185643
59.513079854274316,-4.2727848145400262,0.64509961482558942
60.035203919125159,-4.5244814855610587,-1.6558745060996205
60.423589082055081,-2.4042633812354244,-3.7315100806448793
60.320953553039466,3.8516694234126851,1.8506319896897176
60.062823112117911,-2.5158090327507026,3.7144770710236501
60.210243210453157,2.6678455042300313,3.6159727746978541
59.613892261502286,3.7958991451755977,0.8678697638441718
59.908082838417094,-0.36133898320229069,-4.7769100441767307
59.278721015943709,-2.3173690793454718,-3.8747500333894491
58.916054106513251,3.6821246738905185,1.4577198909311555
59.389127239990849,-3.1763511419036941,2.5943299064972107
59.369845760257618,-3.9131829091791301,-1.0098436037839071
59.510028479862228,-4.2011834917452262,-0.54490989808406876
60.414899528593189,3.8063174967696329,1.3580844119228854
60.396086222626749,-1.5999518429006905,3.7115303636403683
60.545162753647524,1.8505262817457051,-3.7010611740238901
60.348795524042103,4.4329943716212838,-0.79651525023329228
59.092529532079602,-4.0931159686674627,0.1119263074620401
60.324931585718858,-0.95581147919932796,4.0666672465371212
60.671805874108948,-3.7860997868900368,3.3316082081277663
60.104839518013669,-3.732071613760457,-2.2590175996205391
60.108835353833754,4.1387491295365741,0.30029675463765859
59.783032250002869,-0.41097999284164755,-4.3566446777954564
58.923408238834298,3.2330135828199325,-2.8753370502726336
58.808231261704172,-1.8610637333333724,-3.9740782173358977
58.965201256384923,-1.1927805775501747,-3.7529551237139795
60.475960921142665,-2.4453700395957423,-3.3531506189193294
59.61997436758012,-4.2009532579910713,1.4450505435201715
59.685149820045936,2.5793762452919617,-3.6657816435870139
60.697713638508745,-4.2783858469543325,1.0387117891616626
59.898543781399852,2.5602578176259874,3.1311510690297237
59.299287859189697,-4.3610044163074857,-0.80099834664552227
59.309908287709646,-2.7387644996482474,3.3039662311997637
60.436989919718755,0.87536999625052281,4.2228929660352783
60.643254421684418,-0.03779087818343288,-4.4207997202156131
60.340050671125148,0.10480760372389331,4.2560184400179031
60.034133344647152,-4.0821941922885356,1.157812107725849
59.883064820311979,3.0503381006184935,3.228111412927714
60.110245767173794,-1.9658167509995479,-5.914093682105432
60.553463264132972,-4.1606709616159705,2.0583908876309382
59.781952869809622,4.2463847039436944,-1.298998945354344
58.923703550046,3.9013326445545755,1.8310677003816307
59.192935423637643,-2.5120769774444529,-3.7472173314306727
59.177338424434424,-0.89116493672688635,-4.8498391608104114
60.099756272243617,2.076930127331198,3.352986442031118
60.56595620153351,1.3232247161107118,4.3018260915071673
59.403258307297953,1.44398479122324,-3.8767277078870439
59.936728203034157,-2.5705510138794656,-3.4037392991209452
60.194315769062776,3.663980727531833,-1.7605893860754018
59.249319856039165,-2.7651174967396974,-3.5823519627213853
60.563974473466146,-1.0468620700657771,3.7351279116739109
60.399682562400919,-4.3664400121230242,0.90950467539004942
60.728075286925275,-3.5481875444702964,2.9381951536301485
58.938268680244093,1.7923022389754686,3.440098614440628
60.576694556478387,-3.0569876235140612,3.3445906557646783
60.198391693434075,3.5582176436827844,-1.9268032360417386
59.165662447682195,1.438836529694405,4.008710718653246
59.724836950282992,3.9924687154638883,1.1815825174601666
59.525715396089041,1.7182870203828489,-4.280999681061374
59.660424829672607,-2.5286966779119164,-3.6459261525582676
58.887788613669635,-3.6600200824224731,-2.4189466815362626
59.445511442548302,-2.0841285415115189,3.3410066760874386
58.907000495079174,-4.1577515921715262,1.0623070333832176
59.236178486346418,-4.2930970409985445,0.7944161600101326
60.540649964090356,-0.35457364611864156,-4.2906604855441897
60.762855296803103,-0.91380349633872238,-4.4142647474636023
59.918966128836189,-2.027120959794436,4.3496691788796618
60.392625493904696,3.64352122571671,2.4185336335849024
59.851654486592153,-1.0038209826953672,3.9160663403224412
59.024149362060314,-4.2441022276035891,0.28121177832641858
59.03138053742974,-2.0438436520878862,-3.6626119087413826
59.062933462231108,-1.102213045859967,-4.3018357996653922
60.736983989843814,4.1156671263561515,-1.7352052839632985
59.713440904966717,-3.8738983459021754,-2.4710805050809785
60.558832905768718,-1.6619317982438717,3.5595532773699428
60.364821750314036,-0.6907574531675984,-4.1201356392020374
59.849318151169776,4.4506594300729851,-0.63004075754554334
58.944996670151561,-1.4733730955745887,4.1165677411838901
60.278820321278573,1.6182196626224663,3.4566437774657195
59.498327016286886,-0.3100388601580612,-3.9568436277429822
59.877249569209816,2.6230677554977397,2.815167748635254
60.703660606447031,-2.6845213283406033,2.9109516033338778
59.34085104903712,-1.9808469907375648,3.9306582649270068
60.275228573476767,4.0249125845209806,-1.1097692082983821
59.48540181936346,-0.23632642332113363,-4.0207370086306975
60.125009829535855,-3.0302139384635947,-3.2784476855873783
60.016106127447905,-2.5396121889357754,-4.1646983936219018
59.084319923011314,2.9894162008168754,3.3914513135290343
60.69192948786565,-4.0549767340340059,-1.9612010412300145
60.773143826246859,-4.3721766103829776,1.8705599278856246
59.822327435045715,4.3134409206768751,-0.28669455462133492
60.490855386684345,-2.3754750476569328,-3.4094412219689381
60.029404848450376,-2.0308178552011222,3.8874902081573075
59.286075780410343,2.4681219371900052,-2.7903909203931043
59.469998557591168,0.17185619084900958,-4.0987486893344878
59.757670620656832,3.9162544327620332,0.8192308133419447
60.149331306332179,3.4583748378793358,-2.7999687256464711
58.927910144196836,-3.940286655683336,1.4523774718751254
59.39684917618429,0.16768376231960869,3.9712550727952896
60.165762045809977,-1.1181122729493997,-4.2429660645493099
59.025556866643839,0.93134065212270567,-4.3183354260591287
60.694181898131802,-3.2546891191599738,2.3798170450222829
59.664022028698852,-3.1431586061274102,2.338149915399117
59.861961134210617,-4.0173422308184241,1.1762999425517897
60.524798706936394,3.3343023453674681,2.4467286712620453
59.579339055902444,-3.7867677964788364,-1.9701701992195224
60.786056434685435,1.6891556121343212,4.1452228608127983
59.168243358693317,-2.96648590996706,2.8506632015898195
60.067704317765248,-4.4787610824893926,-1.354683424497602
59.800975881116273,4.0923685704435666,-1.153192454846268
60.3859019874103,4.2102619748511438,-0.45629562379248406
60.027970579304899,4.1841414766032887,-0.24827334660695252
60.092947279222273,-2.9187667013870509,3.4202500031550778
60.367546681743733,-0.79902506597823442,3.6022154177529941
60.489973941006667,-3.0410569903724727,-3.3471129441275753
60.319480746273364,-3.8974927698243911,1.7296671212410448
59.245668795584017,3.2266546246377152,2.6743000828738204
59.542613905386062,-1.8369369061863317,-4.1409509058342593
60.452495321200566,2.4023823608635229,3.3530672955961895
59.519472628914642,-2.7154794664469426,3.5275208364443102
58.867958740514773,2.0230232802407504,-3.5537364983970701
59.189503270361598,3.7832592962823628,2.1509196792002729
60.243713444860838,0.64643817250537661,-4.8461576261495392
59.672482928937214,-4.2363151281103137,0.65721509300472725
59.023759584350643,-1.5174964191405997,4.0554907374650693
60.482837092747488,2.4603147215930594,3.6101735634461494
59.060817626165509,3.3939004299464242,-2.6940702238770546
59.288035754940132,-4.1065697648731279,-0.68547090876730088
60.170677349069472,3.0798215465927532,2.6558668119729067
59.677301756041828,-4.1289422029122846,-0.40906944146547763
60.171569140716969,0.56025601596901653,-3.9843299639518377
59.755789949864514,-4.371994748291482,1.4209445728461185
60.305128127133607,0.97204972683076651,4.4445535234615017
59.30666086471701,4.2924103523411885,-1.6739984441828009
60.233932775057404,-3.92121649174489,2.2986581592558366
60.719577919137663,1.2785056885442991,4.1530998845344769
59.519172134892926,4.4884117401177459,0.78770854128055467
59.777213892567019,-2.2503817757979681,-3.6877502313858952
59.537021024550867,-2.3444003978059258,3.3571970722439195
59.351566029027559,-1.1134148877401215,4.3859175605150611
60.120968245082736,1.3545789470573082,-4.2900373027515712
59.086800871587243,-1.0181639502278099,4.6417385580632722
60.229306619633491,3.5292543219465755,-1.6855258478394095
60.111689477386015,-3.4665328181564656,2.1943956481197406
60.022838059069706,1.3963157391656646,3.9879093243232129
60.746074820696158,-4.2034620603722441,-0.34312760322543862
59.593429599684249,-3.7504474351811048,2.3511396854762441
59.664099481753603,2.1387587164265347,3.7052876295743702
59.891883624588402,-1.0113824612758839,3.9319695294913637
59.741974468000379,1.3807598720701029,4.1920763811355775
60.304904013684869,-3.4778444718572619,2.3446208214418252
60.171221379879832,-0.5401390075599044,4.2726401884070491
59.787152411919962,-2.9743337773766112,-3.116645009180135
60.278560918549701,-1.7471630394342095,-4.2111302419665124
59.738910923225191,-4.2563634536800032,1.5466288784012949
59.249366441176583,4.0682239164124745,0.37132807992095007
59.504377659717797,0.7083857699264251,4.4573739599808686
60.086354760090195,3.4468301637443366,3.1179031616838606
59.650742983673538,3.4730042746131256,-2.3042054613564535
59.167782588167945,-3.8962746381075202,2.1018510750297321
60.140476662113123,3.5533041811608053,-2.6165886538967693
58.867398421050801,-0.27507161877215464,4.6766247824431781
59.207147862718898,2.6883376990663046,3.4608872118081604
60.253266954505762,3.2053434444881095,2.492800036767937
60.039546739030747,-2.837100785466522,3.7702396854249831
60.303881982424095,-0.97362813145789051,4.2344694526953583
60.401927489365526,-4.0496433745139306,-0.97595846510331286
59.922611509843541,0.65422563478466556,-4.3367989924857682
60.718223172300981,3.6916929025153169,-2.5941222740159446
60.394508247256532,-4.3525464891330055,0.18583066834491233
60.444904318116102,0.15931061178171366,-4.5770654553102599
60.116780542465328,4.4176236518623195,-0.76393368749552604
59.101831534835966,4.0858135445934041,0.51030999792751797
59.927432864234383,-3.7020395117111491,0.7672633068555339
60.289628771440448,-4.1405889303728562,-0.73627693797398963
59.730502569739549,-2.7857632363304896,-3.5242905540092009
60.420466324474802,-1.3630200733061137,3.8847167488294918
59.304986192807462,-4.3745042581221769,1.1096686797984134
59.096898014041606,2.5312531197696955,3.2653623503473388
59.369523652354289,2.7229357588843035,2.9108209745569744
60.540757914710518,-3.2078938615702728,2.8341833645291468
60.005871818446565,-3.1046807503348601,3.0554867581001339
60.269126114131069,-3.7699005706411852,1.8777215755057761
59.803738493647558,-2.9627802008390907,-2.9617592732430564
60.210660307702526,-1.3788384294938469,-4.2038947104301165
59.673790882485626,0.82211172877881322,4.278989268088667
59.164197210371199,-1.1199329037309198,3.93358684394595
60.238417816990378,2.9319796174878583,3.2598320890546946
60.353555154085875,-4.2926056552166232,-0.27468813648290802
59.416463640165048,-1.6283209431277712,3.9860682517879278
60.089723338904236,0.0056427810796745494,-4.228605924974878
59.354831277563576,4.0555990798004364,1.8685063488228595
60.625386628995045,0.08215696269280609,4.46635848371983
60.278295054453395,-4.530015930648279,0.21427126551853401
60.445878155879925,4.3853644235086051,0.63107001988448586
59.721435164582573,-4.2930862499059081,-0.91670555546459487
59.688469940259218,-2.6327101657139123,-3.252027317534087
60.507612808482811,0.48254505603212622,-4.1393723666924647
60.255568053223158,2.2144926308727717,-3.474876351712584
59.503694219609507,3.2978876716033119,2.530390254105134
59.983504680273199,0.32330000498785788,-4.2180701937752749
59.0418774244689,3.8202451768186712,2.0223050412903119
59.477095874696481,-0.51208137187910852,-4.636199455848323
59.305832513641647,-4.0765609381000996,0.19472285996086333
59.469508136097389,-3.2301753833091222,-2.7901594403864327
59.739102459590271,-0.52785818239723126,-4.3959433640256584
59.812045585247148,3.7201754000773035,2.1608313234119652
59.909192351032047,-2.6259473633577466,3.3391570812611859
59.754368767749028,-1.3413468534938822,4.2178817037513987
59.076521678675078,-3.8158677165545738,-2.0435253587303293
60.492935148172272,3.5551905574927711,-2.2440026795408361
60.362917205296448,5.3487051655107356,-1.9486090389407553
60.575206371935138,4.0672636113345089,-2.1734894922341437
60.632837556594815,3.6101483595982256,-2.3665251863761223
60.352540981054553,2.3059481359842886,3.5781543906544613
60.231398690435739,-4.2500973845774652,0.90748466204332012
60.230628821315413,-2.2238846104678278,-3.5560281836703869
59.054392353758168,2.2688010686346152,3.7150064892802535
60.64759067257247,4.2787252494715418,0.51932269621657989
59.472865973934084,1.6214543414045239,-3.7415097229083858
59.753084467779004,0.97463321482407617,-4.0639004933953773
59.520719529458304,3.7615629987875434,2.4083081898095329
59.775418433989024,1.9683931299139279,3.6493626318164631
60.33495465949612,4.205486502198065,0.55626111205380635
60.740212013313879,-0.00053243402111095687,4.2408154451397522
59.628905274565277,1.847619564071697,-4.2097644981865461
59.071352074629985,-0.55120462129252978,4.1610892894158233
59.967991443287339,0.38153374334756018,4.2504452576053611
59.450078485380089,-1.7114901024201639,4.0099717155060279
59.448381222295488,-3.5857062674546896,-1.6075444348819963
60.361144673130397,1.700625149476142,-3.8361429834905696
60.203820839259123,1.2721253475787595,3.8959221233742887
60.539545030572924,1.9293491802971519,3.9768326275646229
59.309866648965333,-3.6126174031259044,-3.2064965437263497
60.346563195954509,1.2521345376831925,-3.7591168950878786
60.274009428890878,-4.1877468371113453,-0.40381850482557591
59.830737848470157,4.1637953934538592,-1.1803375194054324
59.00563815488816,3.9811110955732718,2.4253981053255997
59.387631802467347,-3.9553285827354605,-0.89513420097939367
60.766611277271252,-3.5140104803719781,2.6475975546101949
59.768674232794972,4.3243663769487908,-0.60178458710502203
59.5614632091795,2.7371537497208878,-2.9538189738483651
60.010159045308114,-2.0256434425774517,3.2987276967519352
59.950620365219841,4.1571169802835053,-1.5987632460251855
60.521632909534176,0.65577108417975638,-4.230332525886201
60.196881547396202,4.516334641736556,0.17022367531523408
59.001798053459446,-1.4452164824279479,-3.155946949534723
59.931496174006689,-3.2618780295160934,3.1128184548758475
59.539366426034938,-3.9731346747302734,-1.5277357059651047
59.358090680869175,4.7564024339904538,-0.060041399889337349
60.193178555839054,3.6774977441673937,-2.173676863971961
58.899137310715311,1.2859164696560408,-3.7215426334164632
58.991612241694149,0.95628219411975024,-4.3458199046089074
60.288472032001799,-4.274621032976869,0.17800169056713377
59.762187063347184,2.13466983117487,-3.8988642069311079
58.884442030673831,-1.1430195187657377,-4.4869162610694291
59.443075211995094,4.3714081971440484,0.47360565215116163
59.630658011366819,-1.4795446034739108,-4.1138304079931531
60.764302731108444,-4.2189527197485361,-0.753931549022963
60.192792391714107,2.0834570158578072,-3.8141995195822624
59.421533974101401,-2.7937401733573299,-3.0286044968634944
59.389791874705921,1.6526031564537003,-4.0474153091624325
59.688763697547451,1.5839047385848926,3.9343195024544459
60.510122981502249,3.3678697870433845,1.012352022426301
60.607127036592097,2.3929539655356415,-3.6696608987479378
59.526806931659166,-1.7143643442697327,-3.8723258401758578
59.755334205370602,-3.4251145409793797,-2.4212794096044106
58.992872298143055,3.4219302668112856,2.4376571227470536
59.030034286740083,3.7695363780042346,2.0293071433174656
59.884291397507667,3.3863985721269105,-2.7157660629964915
59.50344751082163,-3.5703051814253137,2.5719543824157882
60.158127198226651,-3.532947999261205,-2.5697189822850248
58.882690371218899,-2.4337556529091171,-3.2453489189554716
58.999049453457687,1.0477592872071242,4.313783361310449
59.634358097985903,4.096624298984322,1.1914603005648943
60.695448713100021,-1.7714327910417047,3.8324200239438597
59.861430318294282,0.2859849408653804,-4.0645042506683406
60.14418940754129,4.5793028004720755,0.61941351110196807
60.677367423904698,3.3784137572993171,-2.1625916690170368
59.917821705233358,-2.6367801529970385,3.6032846668361955
59.282604002158791,0.84102642843309072,-4.0735892606025565
60.452364580821197,-2.1013241845643189,3.1298763030008288
59.296788678068069,-3.8822216553694564,-2.227436550372683
59.892160993608861,-2.2898592939054754,3.3162429404490155
59.364404371901912,-4.2114071516529581,-1.1895278103179328
59.655131277194165,3.8842696902529048,0.69875928205931426
59.622700456200327,-0.95532884040988064,-4.0688367503514575
60.286274247537207,3.9212603301211457,1.9002788147688425
60.633656488554145,2.9259332255021557,3.4498102388989094
60.148361772463176,-1.7264127810637817,4.5134296887543792
60.140175038939503,-4.4301511657513446,0.62804969820520451
58.982177526663072,0.068755602440067398,-4.2424964692489651
60.228304535176896,4.0963377555552167,-1.4335966217724383
59.843625038979489,-1.4399468962600017,4.4862775540180291
60.526354334692442,-3.9475147714185903,0.9158898267132991
59.105121178279923,1.2769090757726096,-4.2595204191361553
60.50639281126567,3.0173369884996073,2.9565235822253797
60.237384479989821,3.0864697035779414,-2.6506834183825871
59.775920166887452,0.96762208237466862,-4.3085204889357263
58.868826614846306,-3.207913467762062,-3.6007893457847553
60.311306576650026,-2.3076986741809336,3.9787025513822396
60.129459343042683,-2.8077793766613923,2.8686937027252055
59.597581544594391,1.1565759404818583,-3.9266558668711822
59.053686598186438,-3.7136973509345181,-2.207333433338774
60.14483525373403,2.042837067758092,-3.5813422483410582
59.863564830753688,-4.0007119994850138,1.422288706969568
60.070090405532355,1.4886916033106536,-4.0757362443574143
59.975310388149133,3.7560229562493586,2.1840719155615638
59.760581552586928,4.5289583764435717,-0.98470255624854208
60.244742444571244,1.9651444650655661,-3.724188569099415
59.652642543241996,-0.019164647038689947,-4.2190818735526685
60.073299636451004,-3.5192231931634721,-1.4289334294546732
60.005683621661539,4.3788795062118737,0.25161241697794651
58.895259685829323,0.79726437595881139,-4.4591727994824266
60.446146286132482,-4.1922043597998524,0.62324908292734771
59.050193484194473,-3.7624772610350954,0.62995510343847327
59.597499449326307,0.20182055433281984,4.0204154887674495
59.007010630398788,-2.0786793543686803,-3.975158213401226
60.588300356910686,-2.0002322554262406,-3.9966609327727549
60.290278661132284,-3.2890032506370002,3.1919866715717577
60.71627441111626,0.50923728795710699,-4.2575351315995498
59.13646890088846,0.87120043215812215,-4.2975104831920579
60.028395360306256,3.9014137618154394,-1.4927843873566227
59.657706836636329,4.2988645694611636,0.36585678266494992
60.869262204435586,-2.8112123559577782,-3.1610348704113629
58.938704995186647,3.4101026416647415,1.4100441926378056
59.731632185857499,-4.1272014348583133,-0.73820512806874039
60.444803944105018,4.3308693756622159,-0.41213945602528712
60.100381002159061,0.68242062521455094,-4.3364733415866183
58.872568595515538,2.8589202311034896,-3.6868407453404144
59.347004101304535,1.5259897810396015,-3.9640138739486739
60.020445029508544,-3.92073695917956,-2.4918151446730223
59.575070730595108,-4.3819776367626355,0.28928410618625544
59.573472060095128,-1.0472379085991597,-4.2508651855724091
59.663155425620225,-3.8970935066182504,-2.1387591355045723
60.286523980392161,-4.075212073525055,1.4268743746695589
60.23615036978827,-2.9930844141746809,3.0755217720243544
59.547082653707854,-3.4593029860324349,2.9118938018055402
59.57298265862579,0.38869976979511045,4.4437034824120136
60.105848012318184,-0.12888778808193199,-6.0570095002961137
60.212525182885969,4.3949955096132189,1.3796427230973296
59.26677278767643,1.3597178873887485,4.1767199306917515
58.852255966482765,-0.26837900430535577,4.1634029395453398
59.229461602586341,4.5456970246014778,0.49040441102705035
59.001015265144396,-0.15802142816341824,-4.0216237293526822
59.042269589095362,2.7393562028733651,-2.8140470590985225
59.743398798330169,1.7457709936167776,-4.2862057717830666
59.737025033513021,-4.6588945319788948,1.13270016058663
59.950935127508558,-2.5922005706474867,3.8970516157279924
58.969344690548418,3.7468052343840856,-1.8380765204545486
59.164458172962817,2.5678219754914693,-2.7855433521196016
59.420692315073559,2.770205199332465,3.3908828410553715
59.744728984547187,3.4005945822623036,-2.9783259003477536
59.087720553363582,-4.1330858455986883,-1.5849469813314505
59.534140394539179,4.2268096130831427,-2.0395755649532732
60.148281678339892,4.0600057865388726,1.5374866133250888
60.518729760465149,1.5736612070054214,3.9555857619557839
60.506336931104933,-3.9906960407219798,-1.7071469231005476
59.638235406399332,-2.7915650910372611,-4.077996182771952
59.563047244552962,1.6095354516460068,4.223592128587482
60.027348523531529,-0.69936213681810289,4.4988153504886226
60.47549608892917,-0.71699949581249012,-4.4800479498759183
59.807079353708602,4.3965606892362183,0.23620030531127537
59.034935359458132,-4.0733376540143151,1.6884347505869519
59.728082951800928,0.97223229802540245,4.6228599372179842
60.117739628216931,3.3895070006649752,-4.4421385790979171
60.398631860135673,-3.8307427288503244,0.72412021474990429
59.638022285447597,-4.161814119608179,1.2275213476904285
59.090894735965897,-0.056808623767066947,-4.213469367023575
60.17707166966764,-1.6914408286100393,-3.6696207883134404
59.154526607551276,3.8417572263349,0.57680704411435124
58.767847091900244,3.9793697019410947,1.4869339367571432
59.889741333211582,0.26649898207792672,3.7862267161362824
59.931842473830578,1.4978730110935958,-4.2112964463087055
59.632597699408848,3.0828591218331418,-3.2782472340536488
59.978879768785021,2.1690175852214351,3.1921132228784366
59.051192323711682,4.0002549794051179,-0.66474637451489704
59.593104715340836,2.7387274926620973,3.0895915172842954
60.891445440452664,3.8887059146780527,-1.6594866604818221
60.575998745918518,1.4494917771620639,-4.0553953991371223
60.423060029157341,3.9876136233411148,0.0083043107079486481
60.135287004717185,-3.1630691950270893,-2.9304034498767701
59.065803132367648,-1.9411934288881321,-4.1709505242925253
60.240893324475493,-3.5748501364776026,1.9078593308737228
60.515197587031473,-4.2214110452499636,0.8209341031036369
60.285371697714268,4.0873266075989276,-1.2033002094372525
59.075722045745707,-3.7918665045339619,2.0503193339623489
60.38922808259273,-4.1065810521564599,-1.9602388748364017
59.234119481690129,-4.2623184055232324,-0.36926544572584491
60.030798089504607,0.90963587822199099,5.3461642833504692
60.63915629794986,3.0041082624316946,3.0545463434944469
59.519940273961801,2.1126232245774528,-1.7185445706432347
59.152786295391884,-2.7545187749867246,3.510461712842869
59.23931002146081,1.7801343761008748,-3.7160308009761125
60.564927652458778,1.6582166842428074,4.0134037191534153
59.636306904790935,3.7003900226998643,-1.1276077151194173
60.675423403603688,-2.8057889796201443,3.4973974767254958
59.638618055637316,4.5310661784297253,0.4126518438781191
58.850737637846755,4.0707173030978812,1.9835176320968608
60.554811202258925,2.5972987349980219,-3.658237283017757
59.767523859976009,2.3572677537987494,3.6787212373408344
59.29801902885913,3.906195767197628,2.0736163619652834
59.992952271410154,-3.2274146957844816,-2.8374084004105091
60.801480547943783,-3.4108800546131608,-2.7464331394690507
59.886052650979536,2.428029851514931,-3.6966024821455483
59.142067645973114,-1.9049767206472794,-3.8303135800884638
59.343509904203174,2.3613994712194013,3.8736189708095221
59.600863727635087,3.9247871909080141,-0.72426990351952603
59.38062772099083,-4.6895182897853793,-0.59913386762257692
60.539245196292278,-4.6422130653961702,-0.23194929745557397
59.7011325192355,2.4369842814063101,-3.7026753973775217
59.724111430179853,4.2338993078093115,-0.55210967523831966
60.513547113905787,0.029669240013116702,-4.729910492715427
59.589775046289176,-0.19567122182729696,-4.5612358054730393
59.730365934009917,1.5045820715439557,-3.6564359939886404
59.920814266221456,-1.9602943974004645,-3.841091704542142
59.305846138662794,-0.16677566827224663,4.0427866446441527
60.061950592107337,-1.7971884323995297,3.7793159845644069
60.360391324065347,3.7675465575943226,-1.4110015842251287
60.145833726625334,-0.37739608636080391,-4.3897478444907811
59.956072768409172,3.6550821241047058,2.452476936239143
59.853194630920619,4.4730080866437083,0.16586506063906625
60.075558945000239,-2.7396496712590404,-3.2899283154218062
60.72245135193846,-3.365131429561294,2.524673661778035
60.634918616635574,-1.9597811814326518,3.71909524533483
60.307427666688234,-4.1823624620923923,0.54397623320331534
60.068933414636632,3.8580696251636737,-1.6819123193312502
59.29540252149085,1.1092744696758714,4.2662990883262975
58.80440874050106,-4.2018264702981334,-0.6590479316414245
59.189706657949742,-0.44819217044748116,-4.4341099836053735
59.790802149375914,-1.5496314032892939,3.8147937516038724
59.386253887967712,-3.9693793063338778,-1.5216239430273417
59.583549083509922,-2.2993763365313269,-3.9366736810004705
59.108760994125817,2.5327948143433732,3.3243728961908237
60.516426740366086,3.9045914592215167,-1.2902478317494526
59.483432333924313,3.150770171935481,-2.8033743530233517
59.643602463995713,-4.026536441550304,-1.96123685646339
59.57965241865363,-3.8595447265184921,-2.1456299331418691
60.055634213254095,-3.8610115361496873,-1.431909360302885
60.270118312455246,-1.2023396031205222,4.0164362585109341
59.465103391856843,-4.178669665889009,-0.68858903817389661
58.991609615731342,1.2268380440248643,4.1949718842680861
59.31368243306008,-2.9378360593938213,2.5893588509912444
60.546534749874688,0.31899809161288362,-4.3260798803856941
59.882171666691271,4.3901530613341722,-0.3731644652858665
59.33143144563153,-4.0496428662936017,-1.4455468296535225
59.528505392172534,-0.77357475211427473,-4.054122416245721
60.219252040669396,-3.9531496455884922,-1.678868605674821
60.356365213201578,-3.2096544072234132,2.9826225924512717
59.932384143510873,0.77244547572190869,4.2711237308376884
59.402279351288954,-1.2184910142862522,-3.7457706210187034
59.690884695271727,-3.258864860938107,2.8493985820791372
60.408291430391529,-3.1261616104713035,-3.4708222827854409
58.936276169060598,4.0206323754736157,-0.35717498654425195
60.303677989123031,1.5188449042699412,3.9204023629394849
59.692630796787313,2.1548083754374283,-3.9312158586041082
60.395495994096621,3.2973086713537603,2.7030868643597872
59.486584963741606,-1.7291605062723725,3.4804407481941708
59.49958239586055,-1.4795728947619047,-4.6290045219328526
60.240329087056494,-3.9814969478031208,-1.8846146082242645
59.721004536401821,4.2048626147872392,-0.061782882861553354
59.123330263483297,-3.5630294420732751,0.37712504102142991
59.716230520205166,-2.3181501730148901,-3.2870614156252009
60.771728725382424,-2.5012701720661039,-3.6494318278248659
60.344558547115824,-3.9046168189052683,-1.6053671511367971
60.256035481032498,4.0566255406316287,1.160314268394985
59.271659849680681,-3.1223758147492497,-2.7914350852663916
59.372405738551933,3.3036665869115005,1.7963470414779632
59.764236832605775,-3.3052047982124022,3.0560011352195424
59.367998438948561,-3.9693531916645894,0.6982865785323209
59.806667475433485,-2.8531503652476387,-2.9984163680887939
59.367271687081214,-4.2132455547944261,1.5772850941689427
59.442336322526415,4.1500381634801862,-1.1679205664827181
59.426111631186352,-3.5202514101832434,0.90528431634033846
59.724892736770329,-4.2048336557529673,1.5333777573384109
59.657306751867701,-4.1588643637842067,-0.58858599921696741
60.089822819423844,-2.5457629325628317,-3.2439659178444225
59.797433135469319,-2.4153461434359049,3.6813578325214191
60.157217152336294,4.3227392380784782,1.6765695822055116
59.819517547110777,2.4051876764795352,-3.5516789000802471
60.468101960256007,4.4986605555758894,-0.75133555250483697
59.155146508291374,-1.3403412902820964,4.1312370619490402
60.564058373757142,-3.6426109073384594,2.0473678763697527
60.192385566490664,-3.7361197840113616,-2.3592439784125205
60.548252674846445,-0.039512186505856195,-4.3962138130099389
60.15652815587103,2.4656145054828396,-2.9802680377608661
60.644422103218254,-3.1664465063750957,2.8017093872173824
59.497800570382353,-0.65383612398211099,4.1984752212448084
60.087240242845041,2.6130494422387049,3.048759267756997
59.325894253769,4.5292144758972785,-0.15054640499647387
59.775355073245514,-1.6334389216508625,-3.4340005824305848
60.769549681643348,-2.1949967037153937,3.7293487626799799
60.593747292665221,3.9446601174864502,1.8669897972531617
59.409960599115486,1.3319653792823734,-4.1448078705335503
59.850662736880672,3.1947165786317497,-3.244127064570566
58.966764329422418,4.1266102529578257,1.0421261215906514
59.621930769109419,0.79171244846489131,4.2081534314313913
60.56695957682706,-3.520492558197478,-3.1787138107637527
59.256656819505658,2.1076589916662027,4.1093711492336853
59.030072463974818,2.2160697720614051,3.5671615542135826
59.035284718119051,-0.99535444114923821,-3.8572799477926165
60.438542608499979,1.887780893824186,-4.0233376735299808
59.197435162394569,2.9909270925855069,2.9877771487022664
60.553318946794271,-2.6972711996000212,-3.5396514104821946
60.380377497774958,-2.597446203094556,-3.4736907356881108
59.055600810723,3.1944423918391194,2.6851760738227504
59.672024044823175,-2.9626091103844345,2.8979327138700612
60.435324264945002,3.1429120804213757,2.5018061572109711
59.542117530205964,4.2214703666792204,-1.3719560491770342
60.079834870391402,2.4641774467813446,3.7777675362012273
59.84281778576571,-3.9866536365574232,-0.6905815291673093
60.517863639822679,-3.956035464314811,0.26886989161030667
60.574723835372254,4.0227219539416108,-0.0024058893705821306
60.416070476078538,-1.3313522817955346,-4.6306263520838895
59.464625062568253,0.47100147710094759,4.2629404911980266
59.759465813076218,-3.6490982602992821,-1.0125860620886027
59.01225917689306,-2.251586553002499,-3.5821803798067422
59.336987072269466,3.8422539406886371,-0.83211581955560054
59.823905574406034,-2.1121544173034157,-3.6360556229206091
59.291419350465262,4.0780112779668283,1.2576895386529838
60.426457103557532,1.6817386846883258,3.8104444028508686
59.652184173245359,-4.0574397079287525,2.0706000906960327
59.885651233395784,-1.656046348550952,3.4388680366651609
59.165821116324068,-3.1106034742178461,3.1878550275889372
59.776074886104311,-2.3043580105339871,3.4713239542791765
60.301572308708309,-2.1831527314669206,-3.8431024969496717
59.489777652084747,0.31981895262674814,4.0021925214108176
59.233223594122222,-4.3208247282165875,2.2329101843882104
59.008519914377111,4.2949756492562825,-0.21214094709077705
60.177331168578547,4.1604629007615959,1.8050418542404962
59.212690584297398,3.8749851894617104,-1.4370940856258483
59.46877216283491,-1.3199852544766155,-4.3827725477288473
59.805894852423982,-0.38592822030336055,-4.4647498901764697
59.410946876198942,-3.5963588750882916,-2.2262050695475626
60.447770910111629,3.6813235808602598,-0.33015823234214281
60.499890885465852,-3.7282443086995189,-2.5147655849403083
60.736623908581088,-2.88389930438623,3.0110407120276181
60.057493256049185,-4.2219685672184912,-1.0374328139837672
59.709788115738959,-3.708193265123739,2.7057190503811506
59.775286988405959,3.1474490544113447,-3.1214931017663972
59.151897701989476,4.6851676304677774,-0.12807518588483036
60.316395640639456,2.0042979921460864,4.0242961252390756
60.724694138689053,3.1511530889417303,2.7522628702241945
59.067726783060564,-2.251440696430445,3.6456960168120007
59.884220970360616,-4.4699235827784953,0.63224007801651483
60.380616792632132,4.0281485888285875,-1.2598961150011891
59.214846141465792,-4.3909529857180329,-0.44230895560161337
59.264544219596367,4.0426912318563364,-1.0254035517500466
60.136235986811592,-0.90504771325958733,4.1903379638888136
59.955944682575279,3.6113522375415048,-2.6865722898689017
60.553572968172617,2.1779128591050765,3.8128183047128434
60.19199588731562,-3.4522478662082086,-2.4937416875733991
59.393640689091718,2.0218860951674009,-4.0418881964055746
60.477938514987507,-1.6861665015211567,4.1589269102649968
59.111457414109999,1.4501946193640236,3.4602473176665911
59.09903055258345,-1.7146696397269303,3.6300015210543601
60.221056340910195,2.1794893517894502,-3.1542650373929599
59.261459299571641,-2.2654195756959878,-3.5756029551278239
59.941571718745585,3.8887005827985406,2.2042016968002689
59.431059004561085,-2.1216384180939349,3.5659561546572864
60.107330265252678,-4.0898575456372237,0.74233369450642273
60.208396201743284,-1.2126819782731841,-4.366918714780434
60.805206334749528,3.704279548285704,2.0252155159204555
59.623383077456587,-4.0917274698951962,1.9317208513634478
59.994388678134541,-2.9151598839713357,-2.8570292751827027
60.02146169768713,4.2399451043954786,-1.1690308977500488
60.030237250314123,-3.4389878958582458,-2.7778800252604814
59.852238225229961,0.24440328223486688,3.9013517832329137
59.85291172979445,4.000889737328853,-2.2831193168943411
59.43597042149112,0.86972148133257821,4.1267120943223405
59.5823326748054,-3.9126412362468868,-1.5593336469492685
60.723618565474581,-0.77188047921911129,4.1996141837729128
59.316378786385407,2.1054500357257337,3.711133315100541
60.168025787317951,0.34787979210280534,4.1706349153314788
60.700533330883275,-1.899315285500857,3.7023539660892091
59.544593890872321,3.9692456115229842,-1.8166293595694565
58.966474147043307,1.0108997154429378,3.2458944177661375
60.371427516360676,-3.6120512994103922,2.4453009892042994
60.333453436931975,-4.6013760419217791,-0.21581802479743073
60.145790493911328,4.3649626330797124,-0.74945233679975998
59.055199690105013,-1.7332527136060283,-4.0462912702965594
59.516045127329612,-0.88750039206102005,-4.2660838163468275
60.795285444969608,2.9851362303349869,3.3931396786554999
58.886187878782493,-4.1912803222527195,0.3660527630913431
60.498166543046374,3.944754093983089,1.122922065914701
59.235237751482401,-1.2162376408540105,-4.1987215520224188
60.618667679802407,-2.2434714049908591,-4.0384430361337422
60.444958301793484,-4.0040063086340352,-1.820585487683446
60.003013773614114,4.3894695328292457,-0.98125958312805717
60.142757715697527,-0.70894222790799355,4.6761704888934643
60.42197371217739,2.5458379819807826,-3.3327865361867519
58.951177809082502,2.8289796013520752,-3.0514325067711994
59.438198654549574,-0.26326803305850738,-4.0051302389996408
59.332613444675772,4.559358053681577,0.011256790404481576
60.603230213046828,1.5269120238257896,3.9631269349436677
60.568228530028961,2.7485858059927222,3.3661691540072161
59.884840131790256,4.4637502237436388,0.50829161080089791
59.343245427807403,2.3863436824726501,-3.8564899020669099
59.180935457870227,3.1441782336209458,1.084214921532668
59.201682310271757,-4.332776055719064,-0.75491802164800847
59.791742233403539,4.0360848692164346,-0.12425825591013719
59.982695898866893,-1.3204722889119151,-3.7676235403651774
59.766304158827126,4.2435926058916795,0.98920020771176531
60.260556788547291,3.0209054117792076,2.4759697103277403
60.010859914365504,0.83493727191938161,3.969807992021277
60.53503034060801,-4.1623859867062434,0.50646459894904139
60.103099067763097,2.0722904779476372,3.9569463519797585
60.54118075814759,-0.039313242329971493,-4.3031432601434583
60.40754146879523,-0.58620971160886348,4.1877070581387903
60.195751604452667,-3.1925736189412244,3.0852744127692571
60.631520567953558,1.6778739897088488,4.0489624973584064
59.009393387158632,3.3131345017674958,-2.3423003065893839
60.482366414871713,3.2192766525430212,-2.3733139575815283
59.307732273113295,3.2487069571072458,2.1620874471063405
58.805697568616942,3.9344658108289234,0.2981143189423589
60.435780450731357,-1.1687715196635393,-4.4189802100785007
59.798489870454411,0.92657387851702022,4.1888540189765635
60.698462671257133,4.1275576161382217,1.7510883865200819
60.395434492856225,-0.01841136150070833,4.1435574599737386
59.917433225412438,-3.3953782790217941,2.5907511148490743
58.853859278724464,4.0901406605332866,1.4048882991209701
59.382657979405465,2.3318312464258315,4.0211642027900512
59.039855523560455,2.9069097735119329,2.812148969087795
60.516845559038288,-3.5676341983511457,-2.2642880347870427
59.37232392050857,2.8880796199928804,-2.812547477212199
59.184273514336546,-1.9644404857167734,-3.4244090454179892
59.699566844971315,2.2357503206483167,-3.9108902367696747
60.133285541307337,4.0039669777209159,2.2838766183337462
60.315583960419453,-0.70456259526594722,4.46193175187629
59.932623557947089,-2.6400756359588105,3.3295913452019352
59.320779106994372,-3.8354700232178018,-0.94538100039414741
59.448120451849114,3.9023310992664801,-1.2256947193186543
59.345681800983442,3.4033013094323268,-1.0785656224698019
60.360484002407354,-0.56904516583841391,4.6123014519006453
59.862939495213936,4.4889572645106064,-0.98643321095643133
59.915153219159841,-3.9067171097629827,-1.2429492800436743
59.930379937512633,2.8992070669257886,3.3432449435213307
60.782490892935115,-3.9693569683261121,-1.3951485805371802
59.072774312697533,3.0839633707011163,-2.8110700110794595
60.23307704216473,-4.4116269634020027,-1.8242407335931052
60.132088500217357,-4.0428383701238078,1.2026233103787158
58.857191296534303,1.3392124302467123,-4.2938021521388423
60.116649550956403,3.9710972507260616,0.79329866028790164
59.881850834588647,3.0159290795822336,-3.6865784829005048
60.647363762085568,0.49155855946148796,4.2008965201195094
59.846349043489305,-2.24337334439682,-4.0112445072936866
59.135224810401894,-1.2051122047306435,-3.3208515881186194
60.200487349040984,0.63442334660885913,-4.2025304135092574
59.449680214063903,-4.1555944594577445,0.17259936142102358
59.52380065778155,0.28714138960667568,-4.3946705509379491
59.836103609205587,-0.2318424410128965,4.0376305999617168
60.159479928919055,4.1335873990998024,1.3475672775925382
59.964179924132914,0.38131944355289549,4.3200175696057155
60.695687711546135,-4.5006009664148978,1.0249584225880461
59.619093906116596,-3.3791243198142884,2.8954751176524054
60.432458556724512,-0.61223443907642583,4.1742234230745705
60.300918548520031,3.9207087345039597,1.9118578135143309
60.270242323662636,2.6958896695759558,-3.8184058613958158
60.478954263437096,1.094129273153152,4.1418428770356854
59.592375469952806,3.4298166869212814,-1.8224738855359472
60.72630566148981,-4.4465280693114702,-1.5833876954045027
60.4264207538452,3.4041544440262239,2.9374283305753979
60.629859704266302,4.1807738228660938,-1.0754062442670822
59.722013537986335,1.2274829833921992,-4.253399042694511
60.264575101545624,3.2620388011375279,-3.4164804959632469
59.276394758201512,3.8461517409886112,-2.1048049820466788
60.806164096733617,-3.9791992728347299,-0.23863532532275453
59.559062494770949,2.7672734570912048,-2.6351509630851528
58.861164723078566,4.2713601935616907,-0.50072600304948423
60.493696971927662,2.0621423685945484,-3.6988527533364675
59.445772745114063,2.3766877374894131,3.5708310733546251
60.549642572011741,-1.5337264086038713,4.0134659221571249
60.083717132952657,-2.8682131146555867,-3.5677232777389003
60.605999068459795,-2.400210034544922,3.821813994873771
59.022008815701739,2.6384291812984144,-3.2684423232857385
59.759524788080931,-0.21288636365850372,-4.1902617908731603
59.897794834706922,-2.6540648049953268,0.42073759460603805
58.988823531625961,-3.6151772558472195,-0.48465120404229328
59.061682874241193,-4.2173677746982063,-1.1393589134671334
58.951880049052193,2.6601694182178912,3.3422618876485246
59.766038107165102,-2.0640929046517167,-3.6905596135604077
59.822148724472697,4.0255956093314946,2.2824814717687865
60.049823838604212,-1.2336500462872471,4.1575876872814472
60.233484313292607,-2.8879615717445102,2.6488247966517338
59.482364512491216,3.8502611622576355,0.33330994597515223
58.881640865357497,1.120658296938478,4.5694437902901743
60.292960085805369,-4.1485284869752528,-1.8439411213353003
59.517326552199386,3.8726207603993932,2.1372695647842401
60.317725288678226,-4.0259236397073597,2.0850494177186154
59.336606044393527,-2.8427647946580028,2.8358213209358856
60.782131067222643,5.8382969648746545,0.25577681794978907
59.177130533121776,-2.582336136147549,3.4847773374098074
59.798680402968664,-1.6125002921364973,-3.806075168475807
60.737956768441897,1.9470227952434582,-3.848377500571889
60.447647094765472,-3.9385762187715527,-0.30836306782804246
59.357104382302374,3.0460224706062555,-2.6116214122712385
59.597106768451482,4.1796153728398391,1.535991329373954
60.145445675621339,4.1399647527625474,-0.61922212698741241
59.703051003801612,-4.1850297222959965,1.3940635688274863
60.449589767714265,-3.7639630450209478,1.7947127446841029
59.299831786240162,-1.8321614728440212,-3.8030920878709003
59.68504621485048,3.648716118212755,-1.3016709917993108
60.127118491152601,3.8338506491708713,-1.6470112925326261
60.344449678511054,-2.9290155251453562,3.0287613119950501
59.844059660628126,0.90937779195499402,3.8044548802816962
60.713066594658386,4.0402636810576693,-1.8880866213809657
59.499963701129261,-0.54180625495806556,4.4292228294275731
60.673180793756877,2.764873665850998,2.68757628279667
59.626088850754158,-3.9981420229441866,1.5539106073593012
59.52759306459869,-3.909762879606665,0.97646745290823556
59.59197171026522,-3.5737494431019359,2.6596379493647504
59.909203165814944,3.6298776851773162,1.2879275470051341
59.584695868656347,-4.7169239088283295,0.50686752624066511
59.270557351896393,-4.1930636701929282,0.96344530884040269
60.492569622237546,-1.8331878106094444,-3.8039644393551515
59.706358822346218,2.7788207975435015,3.2232249462706672
58.876059040735178,-2.7553697136581903,-3.7205730387309623
59.709540964971744,4.3449378526304114,0.66868456315300573
59.459875391737981,-2.0957416809797609,3.8093418898254101
60.65557477017785,-0.58568149370630196,4.282815588899167
60.326195377362126,3.7927467588840162,1.5433087950509234
59.5375710929926,4.4226558709964126,0.73673952015801203
60.555459288838037,-4.2676162623102156,0.42642745816075084
59.784520491415044,0.54288916744410975,-4.6345981211132417
59.822692913851057,2.7868750168930645,3.5273138151738737
59.467610211576869,3.043784875518877,2.2071814863371801
60.518750213543164,-0.84725681385260754,3.8302629891534603
59.686421905886732,-3.8186184888187484,1.7021147042197435
59.205695868105764,3.5484738824027056,1.1111715541145599
59.246114864109508,-4.1419839618421932,0.96359597725286772
60.211679686321055,0.93520333658959443,4.5628127907086888
59.310716663913048,2.1591096947675901,-3.6745206271057822
59.002597719898901,-1.716561365231327,3.3736941269585823
59.72209004306567,4.3701663299840341,0.52383526561400229
60.267397872570257,0.074302586995749972,-4.3427652478603198
60.297904848719611,0.2261647578483722,-4.5196454253406406
60.408647319551029,0.066135231444244602,-4.7473264599571543
60.118902547611469,-1.3251653578313933,-4.2690533702961906
60.065874602414567,-1.8936466909318519,-3.7963554550589853
59.156327672231392,-0.93176342467017559,3.0793705678231249
59.770195466024937,-2.6481387265245706,-3.424230435514001
58.899075809652395,3.8668974400356455,4.4395206901541995
60.64228235309907,-1.6552541100748146,-4.7565373647646618
59.074296407411993,-2.5087308434743574,3.5003344504733165
60.160006482072177,-1.5427508676706809,-4.1520566810688013
59.138124624354006,2.0360677176366777,3.5394238927187107
59.444636929082407,-1.2857330430226475,-4.4253803322056031
59.503683789659455,-0.79265211813662506,4.1780830758744703
60.729271726599869,4.2023858108830003,1.3455610481181677
60.577945051453767,-3.0862098367364661,3.0730543459790822
59.700893075312031,1.7438948382057897,-3.8677870696003693
59.64827960923332,-2.9071172830060816,-3.0768318696014911
60.638498954871579,4.4895163432273133,-0.062530837495581221
60.206642459909339,-1.6048544131595319,3.712812623057625
59.404087216873165,-0.1888295218247463,-4.3738502939851012
59.034021698890555,-3.967681989328609,1.4420392453334956
60.677465162313396,-2.7856386247776403,-3.2011822701016448
59.125279111904582,-4.2913107677872633,0.14229208892526612
60.050997389219908,3.1124020307782949,2.6183891135479067
60.562634101344386,-3.7837644297319879,-2.0734812849377904
60.64121021256598,4.2299907807865686,1.3636217798057886
60.519993717935648,4.6957871057206688,-0.71745343221870472
60.66585986956688,-2.9961657671157074,3.4318002007797506
60.466566831463048,-0.096688405205891809,4.122716691689031
59.284117490140133,3.9721308890591622,-1.5874728377242795
59.446877544165112,-3.9852298428417545,-1.1791064856546727
59.978312864504929,-4.1986151744771636,1.4371401666054908
60.282065840225755,-2.040699198563884,-3.2977571985638798
59.902920169724887,-4.0694972774786375,-1.0421068018774149
58.947306340710199,-2.9698832143460896,3.0936220146605784
59.779682682009621,3.3966830256641143,2.0569713959600171
59.728851476677015,3.5924182435383845,-1.8172665377149928
59.946002699862717,-3.1884799121087082,2.6302688238576017
59.909429253675292,2.2084909720262114,-3.0724202404086269
59.851190282376123,-0.3349355563579296,-4.5432670505374046
58.975659683168288,-5.1136712869998613,0.44811460426370325
60.350087134753181,-2.8817079648730797,-3.1469757394161575
58.964745010991408,-2.3290311439287494,3.5843947741029081
59.905566472403926,-2.9313952361016185,-2.2173492463853735
59.414391471413374,-4.0188258219076438,1.1291111914542171
60.370721967343535,1.8528780684942991,-4.0320937722739343
58.883071215422547,-0.59690541258709917,-10.175946153465198
60.222478671176688,-0.60691735160677962,-4.5294488753837321
59.646175226640764,-2.7269349399426588,-3.4266293589044787
60.340695286509025,4.4595085828639265,1.2104241903448145
59.067154510303148,-3.6916664061068989,1.6942957732897459
59.095935996804279,-0.6887981123321939,4.3221164940008352
59.924115415537543,-0.27593132705413487,3.7891386421865527
59.413741674980791,-3.3644168938375203,-3.2055094823952972
59.167766395112807,-0.81086729458408124,3.986158857869988
59.159745909501765,-1.7466814811629485,3.6852296175132433
60.504428325556731,-1.4136168480557008,-3.9187496887872881
60.83610566723636,0.50076415738414404,4.6291637033242452
59.844465177243272,-1.9872248989864525,-4.2039223869631366
59.298856311021751,1.7330224965158256,3.6083789406464466
59.499832002253221,2.3593497624528115,3.819631050650016
60.333444819412279,2.5573593554875313,-3.7417483364876936
60.688013564893659,-0.51348866697731022,-4.1866378620329554
60.030146548713695,3.3645113978037657,-0.88000698665184174
60.073684400872544,-4.3548719580513451,0.89817093108399715
59.822335261664719,-3.8173062650058305,-2.2879686781091486
58.949590238166358,-3.9896801328962797,-1.9240725955672136
59.254979631322648,4.5500731832355221,-1.0065001646035177
59.335000438297676,2.9105488488038902,2.9670648675654929
60.421448368459146,-2.2417091961923505,3.4502854076814997
60.294622239347206,1.8576757458052229,3.9854348138485736
59.203981827305519,2.7539297845076534,-3.7163129837773252
59.87408824657139,-2.6740878409551758,-3.5848245974798254
60.656809087333727,-0.094598205121665349,-3.8817404524811265
60.761661072421468,0.18376088462657955,-4.3003155935644353
60.371237853188354,3.7118108193281256,-1.1013989279621694
59.297683318395634,3.4347156718931724,-1.8950210070776077
59.287409309239116,4.0855465486877645,1.6257956057198188
59.760583044378293,-3.9138053617264172,2.0597731586356187
59.312281406537458,3.3567531963376958,2.5618983401019979
58.846871880804784,3.2491958297561156,-3.2197564802055747
59.139805774121236,3.6925018568409667,1.942338537038709
59.241824652596563,0.26170625361069311,4.0745998632246705
59.105065524636423,0.39169153361594261,4.0355715176434277
59.224037773219919,-1.1484611207878082,3.9566417176004109
58.854307142201037,4.2934144897336317,1.7591852232713983
59.969829243216658,4.3232702709088313,-1.5412466963200864
60.548766173746017,0.3868530858605313,-4.0717034962977507
58.809130461522251,0.51083205391388831,-4.5099384783213861
60.448751758558949,3.87840637412536,-1.7934307233484392
60.557604675948937,0.41323838582892281,4.2430021652564305
59.054433297233395,2.6827760087559076,-3.2434334071423172
59.433101644549438,-4.7106173268169593,-0.44277932457058133
60.481193728942031,2.283039427227179,3.62689466543307
58.992087995090458,0.94380500274808343,-4.1737621825647766
58.931405550948583,2.4183450311522701,-3.8142597334146999
59.896433626602317,0.14510486298473596,-4.4892719675483326
59.746386930746311,3.6290193394591745,-2.8338295509843081
59.815730735601548,-1.5649635281343437,3.628613854874235
59.116481348198924,-2.3382852471417839,-4.102305568063878
60.348421733321253,-0.13874581092846783,4.3824024371495112
59.498776835325749,3.54259798882123,-1.7291368313320408
59.233259852196788,-3.9178139851681557,0.68651881657014957
60.444650031184047,4.0024230199217925,-0.47372965782154297
58.999919573299934,-4.5364815485507322,0.70920308823080325
59.7295651538074,3.0136036090850635,3.4280482359788214
60.227493735385352,-3.6411403776077385,-2.6260455867461148
59.359620859010533,3.4574463618625635,2.5930462746616114
60.238242169897092,0.63308025286133462,4.5696939692759377
58.936849004122777,-1.2906638112083126,-4.2261157647376075
58.944342677760851,-4.302669982062846,-1.1485916577990298
59.018799756326125,-2.0087643505927368,-3.3739985798227381
60.335221972908442,-3.2060036704305053,3.2280083439387379
60.420346091792361,-0.4760735020022927,-4.3265691493294449
60.388021651888053,1.1410658500266022,-3.779138188165001
59.400377586614489,4.4923879816483865,-2.0880700564559285
59.143921588900845,3.738736265395934,-1.2255992937630653
60.545237859082974,-4.2516271838754554,1.6617437349182995
59.174247803251596,-1.0606395504273505,4.2479452569274319
59.011102486488603,-1.8880352361884505,3.8899925066560614
60.659329939103401,3.437150466368903,1.4391289927520006
59.834847597609595,-2.830107844005664,-3.3990277137902747
59.710432476401373,-3.2858852896721391,-2.6553065883159315
59.887448555917913,1.8933827326083801,3.115314290657091
60.495317180612815,-2.0268364268166081,-3.1922234543297359
60.046436730612761,-0.38496042075780074,-4.3203823427396335
60.5861869196657,-0.10313258415602571,4.2534864424289047
58.98945578721019,-3.3477294762894894,1.7320747737305775
60.097753781907841,-2.2450828612578473,3.5932963395059807
60.071576637875935,-1.8516923161183307,-4.039970747098427
60.822318955108223,0.66996714508836497,4.4464945579597313
59.511898894715394,-0.34536635608384286,4.3747336075725478
59.133317452275399,2.7621022382149851,3.2490586244321662
60.485367132467005,-3.43384070481744,2.8423824616146875
59.232999097899466,-0.54494422447498059,-4.1047561893926572
59.840437411420524,-0.30677806291501492,4.1219647663711365
60.527756587805136,4.3021139760700944,0.79521921793718542
59.947573469851704,4.7222637710688007,-1.0005898733395069
59.090775874028346,-0.83512681682768219,-4.4338014970106769
60.626837646887722,-3.6090461260505191,2.4030879704673263
58.939080283150041,2.2916053376476637,-3.0990680267725508
60.48569973311001,-1.5581987032947981,3.8371937873904329
59.462264095685441,3.984670917879495,2.8841796509116979
60.219538287853204,-3.7258097130881436,2.3664304916056818
59.579372508330749,-2.8813258433536415,-2.5079022016942494
59.216332913400329,-0.66924841124470535,4.0550899325524146
59.635811849180769,2.3787568313048757,-3.9559746635595858
60.256979764075872,-1.4392410509280904,4.1015872944227523
59.777641385902385,2.2218484076501617,3.9096720320199321
60.477920437040375,0.25526579845942238,4.0272075436143471
59.392209924815688,-4.0001577665990018,-1.1616509791574181
59.220774112749993,3.1304873117205982,-1.8179295480254241
59.060952790686379,0.62794395164949601,-3.90386875611699
60.11800334969346,1.3557306365351662,3.5634169006380207
58.893037736009326,4.2219969985015426,0.87933514094380438
59.874896899286185,4.2794818332424596,-0.6046656441187126
59.810759814982546,0.54946299802274623,4.5342995750602375
60.385013185903361,-4.1174576417107653,-0.77595727219682442
59.267036087310345,-3.0630465487489875,-2.8809064762777652
60.262995646637826,-2.8815263200440926,3.187758606961816
60.451081336743165,-2.778343287451027,-3.000173624489165
59.913012533836238,-3.4338619416073146,-2.88936395232479
59.405065324104712,-2.8156304911593022,3.8195980334166655
60.019242198155624,-3.9564058620215317,-1.3788597090487542
59.55400301766246,-4.3332857349766041,0.61491645494239733
59.857413086970837,-4.2215008072635563,1.2626299008342379
60.199778438280902,-3.8932423491051513,-1.4907672273215831
59.373730792827033,1.5478362536947521,4.0927275095777524
59.270649838920505,-1.3172775943045381,4.2185630513884611
59.399450002671585,1.0174133985874649,-4.2964990037945219
59.068045551179239,0.6785724642901787,-4.4114010470475264
59.016011988685172,-1.6635022531807442,4.0731180654688055
59.253196778352404,-4.1609460848895656,-1.0923396615379486
60.32669994391474,-4.0285536339940089,-1.3702557471120249
60.011164951098131,-3.9959038553097197,-0.18843308408737172
59.306004299917092,-2.2652176852356671,-3.4016769818209811
59.745480332277786,4.3714443202264786,0.041727636654329513
59.230745539995354,3.7823543807432594,1.600628060631061
60.610736768512893,1.0681883837771982,4.1231868073307476
59.286584843511207,3.1729164884029992,2.5994876494553978
59.94921346319223,0.14003849580856401,-4.2222244334093668
60.06365040187486,0.16759300188968743,-4.4963997788398347
60.456444739920535,1.1159997846432477,4.2784929418580608
60.26944247575863,-0.82813541326329798,-3.8578372390282665
60.81618201693842,-4.4043628098484096,-1.3600273441734263
59.535294003231051,-4.8370516233381418,1.0410110005466506
59.595630310247365,-3.423553966396383,-2.1200511394832007
59.37567483643457,1.5617152548780422,-4.3448299569154276
59.843752128843931,1.5543691349188853,-4.1804429150570153
59.207039479899237,1.0882624646571062,3.8998952276434915
59.613770287333878,-3.2202784373411641,-2.6581225497036276
59.326267139223702,4.107724169433248,1.0023586077461093
60.090025461303782,4.2000005240706209,-0.96000032897495668
59.461297471672793,0.28187337918994143,3.9728097139217433
59.316566313281776,-5.6853465834617287,-0.42590405117798147
58.944691051354454,-4.0517714153165887,-0.54148905178055395
59.714629081464686,-4.1790290372777523,-1.0770346750834134
58.935615444028834,-4.1159263784535449,2.3535045097268146
60.250164388283451,-1.6747240595198445,3.4943866327455178
59.24304659130285,0.20693409600520343,-4.3159756710946988
59.125229567284286,0.49242623162139476,4.2649721092205386
60.469221728843486,-3.2344407850301873,3.1268085562327501
60.484645937581291,-3.6458906908712869,2.1226282789706254
59.094102780054619,-4.5406831442347544,-0.81636488557790421
60.214084993509772,-3.1954828064057437,-2.3993125957870625
59.93881422122147,-1.5961455125696811,3.9681864527561403
60.326734541004079,1.9573997926539781,3.87662102144101
59.849635622413437,-1.7735708301955651,-3.328082608965766
59.221550143082148,-3.196614459658762,2.3802647585994818
59.63468914398829,-3.8157764567463541,-0.75824783181547484
60.169641506514175,-2.2045304967079873,-3.6244201756877961
59.909442260447676,-3.9829054586368424,1.8318184220422196
59.379889488253355,-0.38077727583710247,4.4172224358146108
60.005755854892051,-2.3907741388523638,-3.7752751843253645
59.496257624672467,0.6691661617735164,4.3873431009120223
59.145059365364489,0.64280824586201135,4.15036824204814
60.459597774950296,-0.28776904137073722,4.2821335200790145
59.706805738750205,-3.1207129493389871,3.1661640805499958
60.19393997133205,-1.8581156012298981,-3.9504830171619072
59.170449756019636,-3.8831755820347089,-0.97401324985393234
59.774123397269157,-4.1241224155280145,-0.89357611187651176
60.03989703225956,-4.1000928201547389,-0.13165113199087844
59.243141461381008,-3.0689301367208972,-2.1900898169131504
59.431343288299111,-0.27756609544524835,-3.8583634016681243
60.066869079525382,4.6037638095665203,0.70332056987241542
59.549088142343351,2.8225786471913881,-3.1363123719707438
59.504400291639904,-3.7046706412563055,-2.3580886680762183
60.747584506837178,-1.067018183239927,-4.106470947662582
59.90748945902385,1.5335765570170774,-4.3086264170993109
60.36648732520765,-3.7524737717387961,2.1772868054645556
60.065903138857301,3.2653282561983663,2.6732817266183759
60.008567052099039,2.0743598745472291,3.8691403980366164
59.929617853449095,-2.9463613985249157,-3.4941149580878395
59.096025032220489,2.0322376644683828,-3.5224203416471065
59.809010738190821,-1.165598037277624,3.823240251185954
60.597163284295355,0.58241720310020595,4.3329313759010999
60.560582866038033,-0.75524728862504964,-4.0425920089631253
59.218007157081054,-1.3255780532135999,4.4823066740157786
59.950828016240685,2.9534959058130426,-2.6837057804852105
60.074288559509974,-1.4719915677495063,-4.0949409127722252
59.235993304324367,-3.2160153777617717,-2.1977264521347473
59.499963221641259,-4.875806253680893,-0.29222814661949192
59.222054076674091,4.2595630382983281,-1.404117672044167
60.548154081196785,4.3197212471498814,-0.81902595103234288
59.009450768356594,3.6354925961593727,-1.531157353701244
58.9980808100877,3.9882256965328704,1.1974219836805218
59.600439412518043,0.66266065896929005,-3.7967777904898097
59.831571923063834,3.7252722439915598,2.8673553590692937
59.298254612678889,1.061548367130456,4.0988787117801806
59.891972770334334,-0.40608190930293675,-4.2136405149670919
58.892755228211783,2.1420178611107512,3.9629249137313756
59.514040034513719,-3.0852170192778487,2.6211747728678416
59.989656959034292,-3.3562711364439033,2.2598200704978684
59.768998535856909,-1.6087215428883754,-4.0169292566351302
59.820060254329569,-4.0454020706438065,-1.2586070697487504
60.810703147690326,3.7648970216688369,-2.9364683402789962
59.602661638205667,-2.7857453230466822,-3.0261835155605725
60.195764509416072,-3.7590600324849159,-2.5891004398438948
60.047068415908399,1.6815200463094144,-3.6959724870398309
59.169259625677441,-2.7460074733764848,-2.5433071064302371
59.522313150191493,0.042122686506319708,4.0758277241835517
59.055047431194517,3.0512700051173853,-2.2273730927272677
60.454660171551915,4.1434086707717679,0.73327656888059101
59.795284097231487,2.7087715910985479,-3.8639511421018353
60.067886579414299,3.0361569570983105,3.6956011653332443
60.300691140811679,3.213378686761327,-2.66433766995738
58.98368410831587,-1.3405256143263495,-3.8139838757973297
60.091439282751196,3.8673286527050763,0.68326306071112686
59.913041489696319,2.8093899761486014,-3.5696903011699859
58.884386877456819,2.0718176738579386,-4.159990494680768
59.435943073301964,3.1574375271232693,2.7819179452677751
59.325458355741397,4.2755731153152698,-1.6182719967694099
59.804881591209664,-2.4632075976462549,3.6690003237056463
59.990564341621003,-3.0502596681543195,3.2196264264266063
59.507124395681615,2.2497302658680347,-3.9026738681609863
59.353926984943918,-4.330811863729366,1.5119494959330988
58.997345560935784,-3.73205672266231,1.3632643979823218
59.21911355273982,0.75994379014726299,4.3508008916765588
60.553178134101628,1.3028983458620211,-4.3056033335638215
59.224852248682581,2.0715959125800443,-3.9143243221333393
60.185916935885693,2.0159811493764832,3.2005351427267597
60.429998679731391,3.7287820815175707,-2.1588178025406344
59.099255765896423,1.9639843481442592,-4.1244078428903359
60.687041700808564,-3.5244545393800339,-2.5432198567139324
59.830423910854613,-2.8049381771089168,3.1142235701449152
60.032747659727384,-0.78027471097249801,-4.199313026861959
59.127261428956132,-4.4251161782655641,0.33333281077644922
60.435528908849967,1.7156958447506854,4.3738511941870515
59.203801118304106,-3.6030782953115579,1.2433141153006477
59.467244941843376,0.58506177671138448,4.7001688101081811
60.039710676235032,3.6789128514145588,2.581163424192864
60.692888607652741,3.9161753082234112,-1.6455227189023169
60.504949196432918,1.0047612218867976,-3.9665274959620516
59.196601627518959,-3.6773788872832402,-0.6856128419298223
59.75867054454357,-2.8413101186598411,-3.3388365446706807
59.021237283647423,4.1544731627209268,1.0699297333649735
59.126424321679679,4.3861097600526771,-0.12444348883330589
59.436075289056255,-0.35790129823144867,4.0302641905423986
60.262232576058572,2.1349396776109502,-3.9761637342720419
60.186093154971068,3.9825773200135823,-0.73831145627776418
60.176738224075343,-0.29773362311151169,-4.4283964279872183
59.284021738987391,2.9642774646239549,-3.3478970048429675
59.027068999720726,-4.3062763338359495,1.0445413354427764
60.321605432011943,2.2593732976638585,-3.8459063831298814
59.43203135719461,-3.953019707048322,1.6368434806061507
60.677014857535163,1.3158129065757092,4.0308084665702566
60.722403320125963,-2.7849921416405974,3.7594492653427682
60.725163964271758,-0.41848588583889956,-4.3830126258280053
60.09461603272154,-1.8325326881440902,4.1084435138210074
60.023035130965006,-3.9191200024547888,-0.83423778729288089
60.752993624413378,-4.1568028557566086,-1.7453659449019776
59.477724424878815,3.9432683622156328,-2.2722307547983793
59.011648406801804,0.69096703601539544,4.1751855514386218
59.532685902489206,-0.86366080764231168,4.5537081249404121
58.787969590945949,3.8174465585981303,-2.7518311480373221
59.5492531282489,4.1562923677842978,1.7495543867139827
58.950517730521852,1.1677938260357212,4.3219306459331843
58.747806033156117,-1.6722743434506757,-0.69484387795183322
59.575224866101777,-2.9229549870616105,-3.3100418531997167
59.996510255006157,1.805284663890161,3.8111357799407739
59.989707435006785,-4.2470505142574719,-0.8280679439695342
59.621973776621189,-2.5195715270362626,3.2169141579817637
60.245180190295763,4.2090522056361657,1.6882976799851259
59.613798401012858,-1.407988813715348,4.0758928319742385
60.820933964692962,-3.2121749551305494,3.1348660235033052
60.600448286868904,3.8573229655212917,-1.053594283175092
60.064342801073465,4.2606874680029767,-0.17237971505729355
60.695346775155734,1.7390947979077538,-4.2138163205954973
58.964757106389158,0.77907294880342148,-4.072021570808948
60.12970860407021,4.0657547732083703,0.055894369669398411
59.818242598762232,1.0228447858481602,-4.2943163443959103
59.491393623199215,-1.1857353038612395,-4.066517079729536
59.516029944406682,-2.3676541224698453,-3.7948508672754406
58.931366908866835,3.7237878033427454,-1.6997026365169579
60.446972472756855,-0.38284844697717108,-5.0227542237773504
60.644432970305964,4.2778073904132743,0.74749750186281472
60.710195723166038,2.4851713433325417,-3.4798980652779723
59.575063101606013,-3.3805757754200121,2.5767905403211357
60.107360918513727,3.8511545041160709,1.3365915602334735
59.602875807482953,1.6931891803941552,-3.9215422970263236
59.326289182822123,-4.0243185940909187,1.1743001397332635
59.358863881283874,2.6527427821557286,3.2102966239879933
59.049412839000695,2.9340613576377281,3.2177145952458859
59.24797025329373,2.2404190196554121,3.320284634274794
60.733522865278339,3.1264563149019855,-2.0818787432759276
60.266444877470043,2.6057967740181431,3.7785717918620776
59.918841647799589,-3.8101109222030876,-1.8384812323341571
59.547998168520856,1.0347633449524882,3.6060740612598483
59.564424698384038,0.71802971117045999,4.2860887987927727
59.909063070034136,-0.4303007453213642,-4.4269812456084026
60.359100361058992,1.238220089348419,3.9683383710421101
59.867606373479155,-4.0458459837882161,-1.3417774515877272
58.887600271299434,-2.9957404194584973,-3.2763223581062713
60.422737082623073,1.4320172134288078,-4.1340299003651788
60.506324491431315,-2.0084374175267601,-3.6651122452710116
59.651283827178723,0.25460638509493067,4.4791273752683312
60.085686512396187,4.3106014570713684,0.87759421885028832
58.954529823415939,1.106048869880411,-4.1114956439006392
59.593254495443269,2.3861160701656678,-4.2619002925363603
60.042521797961626,0.97751401553288608,-4.2612106121034126
58.775853753536545,4.0925750539894841,-1.3981147464117449
60.040218927495744,3.8622030801604046,-1.0193647084964208
59.99363396684565,0.60613345923480144,-4.1613599388379869
59.874370889842446,3.8785768345697904,0.88784881994122788
60.477464475781851,-3.9133722693595523,-0.56297317806528824
60.051533298659095,0.97465023184694821,4.3832999328372253
60.347510608956767,2.778507944875884,-3.0544723764506241
60.497949406191395,1.7186393732954379,4.2022895497038366
58.955235676352288,0.71267691273029687,-4.5775234033379508
59.742229598279692,-2.7331030972821018,-3.7496961843114023
60.08354696172799,-4.1643666439546712,1.3616452659872853
60.294419779061535,1.4748638150572226,-4.2094743378731758
59.375550710966074,0.77957385888346808,4.5599933365720764
60.557647384191753,3.6204866248457135,-2.0313350466407174
59.580229965891775,-3.0478021157437887,-2.6583661150483273
59.182177891316535,0.56026491834009207,-3.9055289248594742
59.792885922862538,-2.9321162553413718,-2.9840183107629707
60.469769619221658,-4.318479942372198,0.44358533099480413
59.18121153626727,-3.9004691509010829,-1.2653684235341651
60.189195500481475,-3.7036872052193743,-2.082490690311003
60.023594014054702,4.3417156753280812,0.55637210680379912
58.978305894405104,3.0735862904172038,-2.7443163975503602
60.711075482467059,-4.2548726608302907,-0.30425421759596932
59.477727317349732,-1.3200632649776909,4.0902168289903944
60.198495247364065,2.7965481995418604,-3.1745876210330684
59.286252545650107,-3.8547573708241867,0.96576055077447109
58.943667019170661,-1.5303764147261412,-4.8585525227529365
58.919337132589547,-4.293865031162813,-0.58798581062778221
60.516401934161863,0.29333441265588922,3.9885192994080385
59.688127647763977,-3.088050974222813,2.8179695351891549
59.64504726586739,-3.3183316376738317,2.8842964292538493
59.75347118187959,-3.3124661791312513,2.4906585901568303
59.341603007990415,2.9217570021374519,-3.0598273472477442
59.442906248271143,-2.3950833945036232,3.6122871280872726
59.051718467286797,-4.6826939945226362,-1.6246988997142116
60.295274596236254,-0.43217109465744319,4.2594400124014653
59.997325263689689,-2.536618388457502,3.3276313552416052
60.412197501377349,-1.2778727429956853,4.3149684486751569
60.368415234333092,3.6554828532860908,-2.3555807377198694
59.742518214607067,0.45197292845996212,-4.2693954679960759
59.671268570194336,-1.4891549540946574,4.4199314617936789
59.820624960698822,-4.1391918269445993,-1.2399400630575521
59.88925000369732,-3.2469001004261262,-2.8126039939815413
60.335999096078481,-2.5834582895297489,-3.3371227926358014
59.511696359471394,-4.1228101442310274,-2.5974356262646174
60.836810641525801,4.1067622766228213,-1.173023941756989
58.877006388944302,4.1136919649333832,-0.84678475027866074
59.15455298790895,3.6705243675546853,2.18217790031213
59.50829177368891,-4.0176202582302238,-0.27354618635210942
60.528470551040627,2.4304964376995439,-3.7518773726754109
59.910500671389272,-1.4674205364709447,4.2857076513679457
60.434952534656482,3.8995375166546662,1.4132598415507522
60.081679755558653,-3.4600227788592863,2.1694050096627424
59.570616360052689,-3.263176278903678,1.6465130270959187
59.712228767308702,1.8949552666443394,-3.8624548971326567
60.846287529710828,4.1442281802870173,-0.90324249104282539
60.765997524595974,-1.0724636448421512,-4.2527231879389475
59.604616955824007,1.9572449000228593,-3.5301326723928357
60.551836047531651,-2.3354991116432209,-3.705565933577267
60.668153565025548,3.2667988061812379,2.6998570609704928
60.51594586193491,-2.2807894893750178,3.3773341713344127
60.767841279172579,-2.6507986081540791,-3.7489218622158846
59.466440413497715,-3.4414028249540465,-2.9147115611289829
59.469191211694636,-4.2732306333267198,-0.22100532642077642
58.957341750130212,-1.4805535583921392,-4.4456925879804219
59.217412682142665,0.11269728986444474,-4.0732063746168006
60.665709377384509,-4.3818694986002642,-0.41137205153430739
60.731935597365116,-4.2885727228472952,0.17271584748703586
59.102184058928906,-1.4991459617713419,4.0510238184679981
58.979531046953682,-4.3431792877086499,1.3682810337387361
59.590079099447806,-3.9278696757741551,-1.2775398049441529
60.333958171616239,0.86139656319185309,-4.0415871342970382
60.361694569214642,2.7953307241483492,3.2066578844462752
59.386854600687663,-2.4478217463434109,-3.1363849367778363
59.8654864943761,4.5559873039155114,0.59782989583924095
59.95155750750628,-4.0833206622422518,-0.19295126099727666
59.150086649936526,-2.8201664507566719,2.6364166050690536
60.581419900409379,2.1559249729346104,3.9962513527089545
59.498778478855066,1.8572122769770241,3.1396497757648212
59.39805439022112,0.50965182498821648,-4.2967763166815471
60.633870107596408,-4.2122589585047621,0.4732686123009609
59.158899027140791,4.3424211835778905,0.48330070405016801
60.338014783987084,-0.73417364639112359,3.7668937523483788
60.31577116644484,-3.5632959367662904,2.8309762529428788
59.812931240243586,0.60342562775825059,4.5242205065707921
58.806857827459226,4.1801717447752953,-0.61875310981413889
59.277689128628765,-2.5100070508186829,-3.3244608921686307
60.171442261352034,-0.99758311016541057,-3.9991806070727658
59.752405064459786,-1.0408422857690631,4.7006409365683961
60.06396310617567,4.2180166632915554,1.5894987855045579
60.034068720828984,-0.89939957606354448,-4.9369040853059873
60.524368904715658,-1.827260058821492,-4.0472341237023901
60.323970974715166,-3.0932710552200082,-3.2603445812990954
59.635601746495276,-3.2079493563217492,3.3197294830966562
59.984318990057758,-4.1141414501192815,1.7977865620897266
59.738339386249493,-4.1522698512844709,-1.3514110004969102
59.686741864381254,4.3237965881044902,0.057878574248100056
60.602812072092341,2.9784181288444027,3.7758541156271623
60.242891635192869,-2.5095035091336375,-3.674919457183516
60.395325041448039,1.4074660638308631,-4.8080754554061027
59.049103546428476,-3.1847694761986496,2.6906255413897884
59.237722698625952,-3.8295266138601671,1.1090753658804029
59.418668442674324,-1.8230910993822373,-3.9739932389290518
59.3451365836547,-3.2861773820885891,-5.7599195612923335
59.292391158293917,-2.2066939117740576,-3.7714990450087571
60.490662619275206,1.4864349151941931,4.1562529532640564
59.742014075908934,-1.4771736348588629,-4.1697079190199311
59.030867442413765,3.6583095641862795,-1.7647243511618673
59.998829496690576,-4.4646996964881511,-0.35751982747827021
59.90446817702415,0.26716067480669564,-4.5682446963308267
59.834987532643602,-3.7384652733521593,-2.2531190967953569
59.239395245288726,2.9736364063795286,-3.2305167874674239
60.33694589658888,3.8336125467603179,2.3704465796702849
59.591910755738901,-2.301068062421229,3.8731852186696609
58.705936331559556,2.2009420702317111,-3.1774753560007154
59.481089598174883,2.3688927854456772,3.1085891125449603
59.256928728683469,2.8258679839105638,-1.9179115974168661
59.899565944358407,-4.2327824555802733,-0.094468251391937139
59.986865004111095,-2.5855403713144112,-3.4276684275399334
60.278557931501304,-4.234747361098254,-0.37767195789699287
59.550507620001689,-3.3800501011789534,-1.2701972944308439
58.886850897918301,4.3082548960941924,0.94603196934292433
59.458198914299494,-2.9167152389020989,-2.8518164405061039
60.271805807364508,-4.6680152052656307,-0.89489796903906582
59.465225494457634,4.0827167534554709,1.3775415346338373
60.378968824902771,-3.9263729018877411,2.0353200053278293
59.607550304328591,-3.8268460365280625,1.2350284929023987
60.43248593642258,-0.02045140736443737,4.4912316595205679
59.431546694472232,-1.5693745123129679,-4.1701107933383534
60.391669161548201,-4.7164066072904633,-0.55974012542840734
59.919002592170237,3.3042057702095207,3.4166294603867891
59.329462843068171,-3.9719536255116537,0.81114565841311936
59.676459010255897,-2.7854929639158676,3.5454460585841945
58.873727236947886,3.9257540147782275,2.1612305157701126
60.156604933962335,3.1201598623747273,3.1654655711244244
59.339792723061272,-3.7321935840903095,-1.1340275661796273
59.129815714659436,-3.9718889751003563,-0.28166981105942018
59.030207046739669,0.74889615737185633,3.9289336980275724
60.532663059946593,-1.1753479082511522,4.2364820052434888
59.738796096491093,4.4481610345582752,-1.289370270050767
60.55776738392327,3.7064189075321243,2.1831427153233807
59.212476105106731,-2.405785102486564,-2.622270055466652
60.691641759993971,-1.5348208034353317,4.4509067059905734
59.75117760633205,1.3078997664215282,4.1100685298769228
59.284195507519065,3.3308322839987841,-3.1490603826603265
59.190468482032891,-4.3615801310706388,0.68385800036862177
59.486303364903918,-3.881645322035121,1.0910802512139073
59.638445307971317,-2.9688902203708589,2.4446343568450017
60.619223066364157,-1.6477121526891885,-3.9838791588324867
59.109709454665129,3.8434524221574007,2.4328384336859785
59.860321512826637,-3.7563210266321776,2.1195013621014098
59.28277254201636,4.0716155704071406,-0.69155938346041346
60.086928928440493,4.3820599351563505,0.20677332562523221
60.579471226123886,-1.010447355812655,-3.7543244197982468
60.337202333168655,0.70397623818590471,-4.4927793865257675
60.653220979682629,-0.78639908190969443,-3.2599605534294929
59.465062572317976,4.786523865643157,1.5958908317807581
60.211801647818262,-3.8435585599081121,-1.9085658729622652
60.300329247705257,1.8912591780291421,-4.1013936311143748
60.447910074490764,-3.6851233766580607,-2.5427940528111441
59.02305976815633,-0.037858787942109853,-4.1966261471849107
59.201329710641538,3.3828059186214445,-2.4141588928562041
59.077627639929368,-3.8630979528854259,-2.1080976180573421
60.388218368077993,-1.4520471894688216,4.1668635841495414
60.703836239074626,-4.1633209479102398,1.730270180083691
58.863713453518038,3.7477686592270523,-2.4330941222056763
58.844783381554585,3.4400727450005828,-1.9282217707244074
59.38220675592418,-4.3268884521591486,0.73774472854687678
59.260868331662941,3.6294475814718909,-0.76985763557628017
60.723180052008082,4.4086460470527635,1.0853026560270349
60.112554157828995,-0.84876744728302478,4.5484959329753192
58.970934631706776,-2.6895609756006476,3.3773654169359988
59.349207504360422,3.4842676329888378,-3.2828137799717978
59.079400839591095,-4.2184945599965156,-1.3801427460928155
60.444924389909588,4.1011349512582056,1.2988733894670199
60.645475995078364,4.6499615687846774,0.44682348085930501
59.410635409591627,4.5223516100590357,-0.11637077464416958
59.31421681038605,-4.2156265254931755,1.4809654172187636
60.18609991377383,3.7687955618308915,2.0549449804326869
59.681384207641621,-1.3635807113705691,-3.9286116859733413
60.59726349188302,3.959506164687554,-1.5316261045959418
60.255688274632227,-3.1741428906588678,-2.7455800414442146
60.504528140303918,2.9697796412332105,-2.7892050542461262
59.03193988848966,-1.3563518590705772,4.2805272731647044
60.249951449336308,-2.7069644266049133,3.6993940403512862
59.245146706820833,-3.7091800135831474,-2.4197852230383146
60.385669065997334,1.3637936761136693,-3.9912843498600368
60.293253659414795,2.5365567541367109,3.3717467085170734
59.178909587246075,1.2980626653832681,4.2644589093753256
60.504710634504875,-3.9903922392240609,-0.3163071205772362
58.9204980021144,4.1074128847514233,-0.37270355652027276
60.440449704001985,-4.0936534865958674,1.253560356308401
59.038143586837442,-0.82112142088011064,-3.990661075808589
58.009908902857923,1.8585374730467807,-5.3017047075305976
60.185452003022128,-4.5417520038793198,-1.0136544018700728
60.404625689180271,-0.23173505159593272,4.1507345468246317
60.839140933871803,-3.7274918516832143,-1.8902041179354316
60.027952987665714,-3.2635063890824774,-2.6450412524763602
59.49416225127176,-4.3075881618988578,0.0038598182280230684
58.93020581109792,3.3879246812779988,2.4161675293249387
59.63107970780073,-3.2358068640823654,2.8051112452056981
59.47016774983495,3.4497837963935862,-2.6979119797860949
60.466489979686152,2.0934689636096087,-3.6881703747947996
58.891237280147152,-1.0670643735160612,4.14501570979753
59.863208462957751,-2.9018552756823905,3.3262166725887186
60.348595334361434,-3.5795814741676684,-2.6086198314282565
59.368380510774422,1.9373277370981123,-3.7132194805209613
59.770064424931903,-3.8584686906365002,-2.1394122245954863
59.609849879607587,0.2956270650186742,-4.1689113587081534
60.149968002897211,-4.0754798569823274,1.7343299886374317
59.84832245857212,-0.12884038995899733,-4.0759070566523334
59.686766990118898,-4.0678510634078275,-0.66870885405732905
60.752334987765906,-0.80261335985133864,5.0345278821631521
59.591194908609985,3.4492691017734449,-2.9033162555285812
60.37030024584071,2.2127746990466792,-3.6268314949317042
60.448207692994949,-3.4313280280999683,-2.1361905755910318
59.211908974375859,4.6168858720627508,0.31067996808274673
59.938908830551242,-4.4639251688503014,0.63484531807335465
59.365563895230935,-3.3908736546738409,-2.4994281522573396
59.633507418619224,-1.6693553967299664,-3.9429819251186444
59.358615752650309,2.7051962150934581,-2.9447777377938777
59.259376918026113,-2.4918740467385776,3.7580607229829073
59.416956413793507,-0.86253239784038294,-4.0370614716842503
59.32571302327041,-1.766175129604608,4.4381053557288048
59.527385572663746,-2.183593718513829,3.5990651426180174
59.278255957488206,-4.1674113733337297,0.38384455231837883
60.187223628757963,-4.0936516694145366,1.020430828997505
60.602478741160731,2.8898080057971214,-2.9586461609495553
60.535619815222802,-4.1734652801119569,1.4574548308690274
58.931424778610982,2.0974863254165665,3.4814466004334665
59.295838358728666,3.9621082164494568,-1.7245873669849945
60.007258279858327,-3.9551045597625429,1.5811793785656951
60.590478097485509,4.0458336420896019,1.7289158697224263
60.492339892001858,-1.2339800050007612,-4.0562643986329228
59.943706147529291,-3.5585447692702554,2.0023662194347218
60.057717948621928,-2.9936060287356625,2.9991723138323731
59.89158122807352,3.938650430097999,2.3171795196259026
60.262227008326192,-1.7304088306963628,4.5472773033736944
59.211218518370224,-2.0093050441535962,3.8905504964037938
60.482004158106939,-3.2727356392149645,-2.8809513581558237
59.631060926703256,-3.3748089159418373,-2.4309019448532871
59.766535654376192,4.0500690659343954,-0.86907675418158947
60.631225899433964,4.0108730418186358,0.89779953642250254
59.283262952759884,-2.1304220173217927,-3.4949467658414091
60.444390617100545,-1.5237604892720478,-4.381467648812273
60.589190692402873,-4.3977315943321331,-1.2366998196185413
59.874981297845572,1.930000239850012,4.2282599775353882
59.019991562282925,4.9458954854073287,0.78394744734593558
59.455115464800819,0.83960922518812398,4.1136758070127701
59.090826780579555,0.9899019837216555,3.842100031503338
59.714204223706076,2.4302011324309563,-3.2943138963746463
59.193615429241525,-0.74015174237842152,4.2956622304711596
59.885636861214849,-3.4619933150221174,2.9227917680095707
60.33599805878282,-3.9039915064109292,-1.4054780178994088
60.446682766018654,-2.0394327728428228,-4.0301882835102312
58.792769569676175,-3.2119345886250845,-3.0385469324665024
59.647899494797727,-4.0157490793970467,0.92775470416037853
58.785000226010609,-1.7966260241548868,4.1349859516586358
60.626643306579375,3.5919220047744482,2.779824237396018
59.339288953684068,-3.3972837791880406,-2.229682661126001
59.388683023080098,0.67012032409621869,-3.9426292977769393
59.460185692064449,4.2336848749844185,0.58089952425134916
59.154726026103063,-4.5259594946855675,-0.16429757438196871
60.645131179970313,-2.1999850840982442,-3.3437592376210183
59.11430062810178,-1.4110256382450042,-3.6731744203189778
60.201687111947734,-4.1808229577607383,1.3612735356303065
59.361005157333395,3.965257573216042,1.3394388792151335
59.420908505740691,-3.453888338980065,2.4979300499646357
60.085666765582069,3.0028128892028261,-3.1154134913126583
59.041288707054456,-4.4295514751164902,-1.3300693161339097
58.933467310800687,4.0238276589096662,-0.042956834868208706
60.652448531211419,-4.0437391705670738,-1.1029370215598044
60.199042263843751,-1.5618134144914719,3.9709209705067021
58.817518350355236,3.4443897989466952,-2.6887824469060253
60.548054500227856,-2.2007989416403384,4.0417278189924479
59.957034278832431,-4.2393909303723873,-0.70206547623880078
59.223612124944822,1.348546566615298,-3.9717947786991479
59.452181324168912,4.4210391312354727,0.76277439984104833
59.840036630287337,4.2957228842152171,1.1990417439507539
59.206003339651438,2.5685187022215357,3.6763045909487304
59.613483508389855,1.8378890660711831,-3.4306005974950389
59.035861297740482,-2.645091898217979,3.165724078792775
59.76405104846895,-1.7184709116433274,4.1040303803543727
60.717902698749583,4.2656629304826277,-0.048225056538633924
60.741461438229344,-2.9642693242483249,3.2444719306101759
60.323195021199886,2.6835226592048897,-3.6199490988942036
58.885989171942427,3.7923890312633093,1.9001843180808453
59.059085986654722,1.1243389375361303,-3.9021793984289075
59.456106965487329,3.4658134517235997,2.5162859319684587
59.872333281946041,3.0790535635287921,2.3917070027947607
59.309674503967912,3.2434796699202111,-3.0335941604063761
59.589311604671316,-3.4738224255908561,-2.2556852082528245
60.624600302840847,-3.2238716657936326,3.1571913177740529
59.829660005210954,-0.50806957017321419,-4.4407495478374992
60.106460965235108,-3.3992312659442869,2.4096698442043012
59.75005949043836,3.3069129967817434,-2.5940735868526033
59.595463004906904,-3.2275562378120877,2.4309453581255402
59.749581790754327,-4.0493219977835828,0.80105986497863257
60.632973824009731,-1.5567352098537659,-4.2724320438739927
60.372904183511508,2.6766952139219127,-3.6168828340591777
59.886566976161795,-4.0353395513446095,1.3096088879664785
60.23218338575311,0.0886160549669682,4.2094281041194694
59.172579005331393,-4.0137257006826355,2.6945054730949911
59.28820315940127,-3.5695809663912805,-2.2774007415612476
59.589008997679379,3.8416925576814469,2.4288573282506394
60.46744355470782,-3.6203569522902788,-2.0039734589077018
60.543662318608838,2.2400055573714464,-3.302064291667735
59.357632180587771,-4.0496216866985533,1.8920252789118115
60.250128065375954,-2.3783607934589064,3.3994513226107901
60.585500607080363,4.202328715387611,-0.1552880791024599
59.596439060352118,-1.0583151681905352,4.4340674013568613
59.525988031811316,-0.92753486647621475,4.0991884610700975
60.024548139982826,3.6163869630421561,-1.852569152475116
60.495405819142498,2.2593928297505341,-3.4524113616953054
59.819839872119438,2.5342604552878556,-3.6057363873131689
59.946660883275491,3.9461505957868344,0.6359349987838423
59.338291598749116,-1.6687478999923784,-3.5650787137908933
59.887954243491265,-3.7482879504798499,2.1269465507783463
58.95408673659913,-2.8498300033520838,2.8056142569329117
60.185019016134362,2.2910051421857025,-3.7348024648675158
59.225576698311528,-4.0476062802380808,-1.5372592658711324
60.283418488204113,-3.0289220907694308,3.452502822333841
60.157901350845584,0.80694811259137067,-4.5169566036595423
60.313235142445734,4.3407096535214826,0.33611778978746748
60.483003764037839,1.4544384607503218,-4.3349465032932244
59.063742824826569,2.5398873794476713,-2.9661958678583402
60.358161928358506,0.8568057674332068,-4.2720778840981639
60.21143633492057,3.65017114498669,-2.0260594180050138
60.030690828528684,3.7549135713113495,1.8749400858931011
59.690229594771651,-3.9827090431180703,2.7307762792912729
59.562595823644386,-0.62424212428445625,-4.4005619881617539
60.14921260463553,4.091732965254951,0.51334373034230618
59.818683208055809,-2.9282083338294367,3.4522183226824166
60.837248089500839,-3.2848188431035439,2.8937697603597616
60.148457908615335,-1.7625452720968315,4.1747078061969294
59.347403570888716,-3.3192972372019556,2.9378061932566699
59.373850514931412,0.3251222052863878,3.420574396901666
58.846490886835525,2.5471035396516482,-2.8976193367862098
59.598357896402533,-3.9837000308854718,-0.034228884279027927
59.718765039198011,-4.424012124168188,-0.56667174077645932
59.838598804686264,0.57764593807655173,4.0764290011758213
58.907296781258516,-0.048337210186190686,-4.2756799489052799
59.972136971000737,-4.2502299759261106,0.67057963679850052
59.179225774177901,-4.3219443801340871,0.99809989302869984
59.861097070774761,-4.3343305298507255,-0.67836729310639154
60.400818451767542,-4.1801796173769565,-0.59143217677963356
59.101050385619118,4.241928948707625,2.2246375370378213
59.142610672406889,4.7399467584624215,-1.5602359955952299
60.10274632879176,-2.2268232285736467,-3.6933702757286704
59.646742918433034,2.4239924992533832,-3.4679871007333749
59.817921131457645,0.58750227094788721,4.0799403928433042
60.123367700036503,3.7688377305289866,-2.1644304417061146
60.171805750637176,-1.9740299797073915,3.9387950686923983
60.354236243385301,-4.1333993733967933,0.37743390305600694
59.957702612307408,0.62439039062209867,-4.3447035701767351
59.611872903159359,3.2712916643921099,-2.5746265022681727
59.725660731474612,-0.21652814411408536,-4.4243373893111304
59.883108103558975,1.6038147336745738,4.1983087023860222
60.648781793329071,2.5157432301945866,-3.1369923459103379
60.016161707526869,4.1567912799735476,-0.35896643249700105
60.769700353909016,2.7417173125068288,3.1728189763205075
59.406113049622476,-0.62808583396493767,-3.8071764642910289
59.441060680591733,0.051015899558027135,-3.1491476936813898
60.182519392555172,1.6910647564134256,-3.6912801803174546
59.998624627394065,-0.032325724129015909,-4.7435088801377878
59.624848911712753,2.5587578775220488,-2.8957182388663663
60.208030310133402,-4.3133565308607382,-1.9130435757927544
59.404793689861449,1.5363918885025907,3.9236480520483292
59.548948742111016,1.6696916758676901,-4.4815504024088444
60.146207632951935,0.91475468800710702,-4.0318159473594974
59.591639106100395,-4.0233556689941254,1.6481038865855302
59.749095280474698,1.5070287434760548,4.3245694708376359
60.550236771584181,-0.10582990634598738,-4.2932950048138077
60.714803953196053,1.4047581217455549,4.3192742058458338
58.996477383598268,0.75487360920570823,-4.0111353724007373
59.871122231541982,3.7974678874338332,-1.9611150600911691
59.473918059117871,1.2485172720298674,-4.397835878905739
59.846271496359606,-4.2862831030278299,-1.2938892504656572
59.321137735155922,-3.7716458584578971,2.0477213326196466
59.878704179001502,2.1007853979766988,-3.3840346437676012
60.459909424505049,-4.3049791598272762,0.10004041418740517
59.636220172785805,-0.74884415646695923,-4.5140596292669732
59.105063465417132,-3.9431472361983384,1.7361894095293156
59.037416195195846,3.6533673039951746,1.7818235626742245
60.280765377990051,-2.7688066255007646,-3.2505366657632129
60.324085107325004,-4.1535206592123775,-1.0511314956074269
59.666890534418187,2.9420430630917296,2.7209468239086338
59.722329998788652,-3.9105185490614032,-0.33061761381420895
60.462194574266448,-3.980273780086574,-1.1937942545824047
60.677405760943749,-4.0002289225016625,-0.38558496224481797
60.071315411312739,4.0168668067767292,0.9176583786463598
59.921680708860315,4.0773481220700036,-2.2832956695449655
59.335855924384269,0.7851924374243241,-4.2053605687399598
59.668706162176356,-3.7743391305612097,-2.5870202522280872
59.544876140891496,0.071740086352786211,4.1377621747571363
59.869160477181872,3.676417009140414,2.6235962753677931
60.152130334379166,-4.1985572112836014,-0.3029869336170295
59.034381210266716,-3.6365112234934438,2.4981796072430682
58.847350562080436,-1.2969267609035209,4.3809112875977618
60.784159513200315,2.9361853327210339,3.3755287801647107
60.032867773833189,-4.686899053992887,-0.12548417840958917
59.077773055988402,1.3012330183356091,-4.3107239643981066
59.444529881532674,1.82176702550811,3.8211121364052945
59.628638031072818,1.2771684080568384,-4.2614460652060497
59.267117412082513,-3.5076913348903611,-2.3841059874956398
60.272123752353885,3.7546180667170068,-1.5167636051867421
60.180950416935346,3.5031768726819044,-3.3787085991525934
59.452669962725039,-1.62536340154836,-4.0347850519023307
59.077218600457485,2.8526599599034443,3.5764040670174877
59.144107093169048,0.46289837122111582,-4.6031626343608201
59.175086017726414,-4.2233258485377272,1.0885594643217666
60.040789592903693,-1.9129106614903777,3.8232794609894905
60.804554527724562,-3.0221666321824685,3.1496031903145063
60.701369702078999,-2.7548637594181473,3.4452706732833263
60.270057332181956,-3.3238087125440963,2.913946286786945
59.825892905559279,-2.902181337487483,-2.8222202167289305
59.942155770462115,-2.5990744652454705,3.1698348624909909
59.77921139919777,-3.5843969285043329,-1.7915356922627479
60.706639430087719,3.8062429104733058,-2.056275999774932
59.509310790004243,-2.0175775465995636,3.8654137489812341
59.253675047483746,-0.45703800822692603,4.1125958384936849
59.783276792991678,2.9040829746771877,-3.3658351501521899
60.309940536562955,-2.5922877703901515,3.6249544016728636
60.098320173318797,-2.3415191493692999,3.6718826296681115
59.821229075850404,3.6654850031596702,-2.0934138236261619
60.179982539686996,4.4220949793962427,0.82335386459735005
59.664345087462387,4.2404056918643542,-1.4931271175246108
59.644446361329912,-3.7194907406061519,-2.9516928054416316
59.342345430887882,0.4999356859691137,-4.2784395139560996
60.423385449434427,1.4614287210391257,-4.7002185942079127
60.674578081543707,4.1762586424435053,-1.8938120109827254
60.373642213795847,2.8961149163652955,3.4927816075797966
60.363489741886589,3.9854363862419762,0.20836065392288522
59.561468163425673,3.122052070573349,2.340122548597805
60.409506577934948,1.1594368711756051,-3.0384682073599496
59.345967039599451,3.7513258413578328,2.1173741447823016
60.004561055923077,-3.1649510040891551,-2.6680735629991292
59.305603536363627,1.6134366114586385,3.7689624259487085
59.804849778934624,4.0209364243496575,2.2173871593343621
59.882183818026135,-2.9641430714740125,4.0663621381571486
59.593174100288309,4.6171370175899726,0.35708455992991678
59.015518575042499,-3.6057114763624005,1.9397120929790141
59.619012017897994,3.9439283307185162,-0.53431530791153758
60.572248706164693,-4.6080161004078297,0.60754663399635689
60.612027359774395,2.1724532702022161,-3.2051413371661961
58.773273784002676,2.7150876735888847,3.0277765135899704
59.896170056676532,3.6553082593200323,-2.6964934918061187
59.062765678472928,3.1808660047564268,3.3478577977728876
59.348439438797115,4.1932325115499074,-1.7116782158771273
59.68313097945677,3.8067691187549633,1.0728905923098389
59.849327238946515,0.7977092401721031,3.7449227434130115
60.499824500413645,1.6905426676329942,3.9280775835142125
59.749910074815183,3.6825135002652671,1.8436146748615618
59.289125099699227,3.8430359758121169,1.2449029231679347
59.618202384243659,-4.4423010521402135,0.24454305896329623
59.670504523822416,2.2456591990446881,-3.2874096506122208
60.667206793364088,-3.5973885084921191,2.6585480352466324
59.580441974480046,1.4488329410172982,-4.0307754840498839
60.543375898189666,4.3119176399259453,0.60504044257810818
60.024726559323518,0.22795182257589053,4.2135747061221869
60.352585708017649,4.3071336078795612,0.85678282294209673
59.404484474846669,0.94183402133820293,3.8783239833556453
59.286472294696281,3.6493902753753193,2.629300316624485
59.043970169329903,3.9947398306738879,-1.2641942324488051
59.070247537444992,0.69060039771810267,4.3539800720044664
60.45012527260721,-3.6870788151942286,2.1474400118513945
60.457094679596253,-4.2507927925647886,-1.1630919047246442
60.443884048413771,-0.033775321160958334,4.1286984426476456
60.748670404174689,0.26900293039294015,4.545459411164285
60.315381647398723,-2.06138785870982,-3.7059436988997807
60.503707143798231,-0.16242917902914983,-3.832930918291773
59.121350918202168,-1.7580540131916791,-3.6244372619394207
60.621291229711964,-0.95585519078224979,-4.5060950227876582
59.899787414389095,-4.2645443281702935,1.696002797879598
59.442344852629155,-3.8225193803664945,1.5886222195784709
59.707967568637876,0.63563523420436363,-3.8648693377890782
59.199128007052224,-2.3848236003556398,3.596363582192033
58.94172479218031,-4.3000144196324444,-1.6140255245794104
60.219398802388596,3.4378688159976591,-2.0948543680956209
60.514060844808569,3.9866442242867057,0.24652147460729323
60.520965675900968,3.4704423509219513,-2.0565825721641593
59.842342194207518,2.4849149362110685,3.8396142931941148
58.997574216248559,4.2498568321536627,-0.44848447774691114
60.133544802337859,-4.2852038956256298,-0.48467487424683525
59.105645405585229,-0.78116950099480309,-4.5920823885951494
59.322054403028552,1.2832900084131047,4.2225579194513498
59.701432283454444,-0.13106337981232263,-3.9690075987709426
59.190231773236818,2.9576152279972412,1.5817912118300173
60.371556423431677,4.1680621294465858,-0.44816389479776109
59.170255387893469,-2.0055495099073535,-3.6954178037843803
59.290577249978163,-2.0201943485584182,3.9312504456593556
60.362059144165059,-2.8807004072306657,-3.6543659897514211
60.530543617574253,0.71152723213253222,4.2753413745928359
60.145787797030302,-2.2120130483629534,3.6108886871111014
59.103929779732034,-4.2671642509440897,0.97075603007159073
60.470664914829349,-2.9286490428845893,-3.2590734920116544
60.496628099228303,-0.57110674197872213,4.3663347964873145
60.23841028714638,-0.8791934260367853,-4.0680642911021963
59.419586866338676,3.7744487083522169,2.2966737123720748
59.479979096405692,0.52644197610972399,-4.3279557358345793
59.959277701747773,-0.54311862638541863,-4.2519538301420923
60.062698340659914,-4.2122734486224775,-0.52626026704924567
60.1374828556689,1.4395920782841738,-4.1449321148867186
59.497678441932209,2.070274026176401,3.8216933627026157
60.541299388178032,0.15645488991415876,-4.3728915452698125
59.696223030825095,0.28882268738456113,-3.836792696602779
59.902095978464416,-2.4353984313073926,3.3533905872006837
60.830596645731227,-2.1212201819022187,-3.677147891984931
59.496211772852547,3.8356141709813958,1.3338877226207728
60.215158551837774,3.8901926996784035,-0.77679612909508666
59.752348493109807,-1.1737929507393956,-4.1181629462379616
59.230940492672495,4.3512211082196339,-1.3618737106431822
59.50988370344254,-4.081336548401147,1.1766427607984613
60.487778458058976,-4.3567086290110293,-1.4149708852213285
59.615539846781623,-3.1267206092964805,2.5199058218511627
59.733996047362979,0.21941840665571569,4.3522129519466866
60.348839415282214,3.3800520078776772,-2.9274609752645824
59.603925815657234,-3.2887021234077811,-3.0770218389995758
60.671774954108976,3.7676097886815754,1.5020745561168569
60.336559171800438,-1.2947214918442826,4.0016068349337166
59.902699865704967,3.557669760960279,-1.3406848665204436
60.382836617493489,3.9428365453815242,-0.9110109928891128
59.76990633765007,-3.5309461310328425,2.311872692947234
60.527708366820519,-2.6271416592157291,-2.7632847261134867
59.772990045158508,-0.98015751163058762,-3.8661931940046097
59.412317294433386,-1.4784677743037944,4.1067976271359994
59.654437143777699,4.0959710673397822,0.053492096242975573
59.793799017964851,3.7741825406197913,1.7636004929563742
58.814631572911416,1.1169472638638074,4.1329099535318994
59.26252249994949,-2.1382289885357304,-3.9154579077560903
59.784761602690573,-3.5135422148291973,2.8346216143181255
59.290889015516953,-2.868764975418554,3.0486025878269949
60.446179871428662,-1.9307903407728804,-4.0079322228521992
60.170992487188329,-2.3118987015778556,2.1880467655124241
59.167784510220081,4.0651657420858109,0.45914129678073773
59.388269028755637,-1.6065039146513278,4.0405967024193092
59.189022138265834,1.5910205122957677,-3.9002639316620398
60.229727424435673,-2.6606673289759035,3.2215560763313578
59.451864381184549,2.1782129904823782,-3.9368518788223508
58.967721684817377,-1.6164741061349979,-3.8225688868693726
60.488845565008681,-4.3009151489987838,1.0181729228870875
60.284877446247116,-2.8896358989503605,3.5297816626413807
59.323498065114336,-1.4591391972738543,4.0852406853680021
60.078645017102289,0.97743381157943643,4.1071902670650946
59.11804516102476,3.9463022821323932,0.70782942561893425
60.143492269121957,-3.5280266494237535,-1.9633547945693548
59.739070004983255,2.9487406475186329,2.4055907673475403
59.431794213781409,0.6492597230920889,3.8844875331113906
60.502083985595284,-0.41542124509963935,4.1173133666771324
60.727468122904064,-1.0932152996383162,-3.5092819196322584
60.415647436219537,-3.0211583165631621,3.2942079057671743
58.921243211246278,-3.899452477549961,-1.6866397057451274
59.369976776343414,2.7733867002945152,3.4477366949273907
59.480426846064141,-1.3955832696876995,-3.6424665081285066
59.57112750729933,0.99159140333640328,4.2325299637768552
59.512567671347874,3.9302945124513013,0.69442003085403592
59.114993688001107,4.4291510818655428,0.11811529673907763
58.836363492649625,-2.2905513900731505,-3.5241693980604989
59.838591632341029,4.1847881229413808,0.7867141163775937
60.419467344150149,-3.9909178622228905,1.3723579027924915
59.765343102149153,4.1212856677741003,0.31831207136028256
60.748195381538366,-4.2413314160319695,-1.9534020377575996
58.948178644472279,3.9777980289909496,-1.609168244600081
60.60063239327927,0.65639853237839274,-4.1520908955000264
59.648066627427013,-3.8787744677114291,0.67501593475662558
58.888621753827756,1.4192309352318389,4.1438825576401355
60.200628148424705,-1.014479391844503,-4.1791128103165986
59.475791771482996,-1.805586418938981,-3.7860491924982052
60.074117637982155,-3.7786849032075058,-2.5877808724966869
59.300531245056504,-4.3689699077892676,0.34027901898497065
59.025130329168093,4.1905000772606948,0.43030736855844814
59.946010005851157,-3.6322760270862271,2.5979158924563794
60.142629455447754,3.3870734329540904,2.5152709245692217
60.295946517514743,-0.82357176474739024,3.5741187438280826
59.853025151882072,1.5922878279066763,-4.0862662573600224
60.689018510841841,3.5708266274786422,2.8048069811256022
60.486908973037686,4.1080222497909427,1.4843070340755509
58.939531736226265,1.5208286020783097,-3.8868855319918811
60.858680481107911,-1.605066077190324,-3.9732645940668103
60.735948455837281,4.2040966547186667,0.50675561109373979
60.30581021123573,2.1196123684405896,-4.0461583526359659
60.245114649348018,1.5035333127058137,-3.2636946474458215
60.469412496313595,-3.7055573258346874,-1.7596741530887601
59.267706608185215,2.8223437899351786,-3.6121575849220697
59.376134423369933,2.446664470521132,4.1691062962087706
59.627278891784584,-3.6581519218058056,1.3638373012526002
59.366310591288752,1.0122586241605473,4.0631225934560335
60.498517333608532,-1.8420693718057883,-3.7370821107164427
60.504292818054537,-3.0288974765468866,3.6186338045236761
60.656983127317353,-4.22313162080777,-0.28656483015092149
59.296756448172658,3.6905105738641688,2.191224191859328
59.289546110400153,2.7864706650670685,-3.1321246230168898
59.970109985833936,-1.8161420780010329,4.1011377111595797
58.941019161338289,-0.89889294745463677,-4.0989422608206594
59.903355052577844,2.6079393915557025,3.6819273911088408
58.972983081615489,-3.1191039699887733,3.2346365949472133
59.260215244193851,-4.3396356540321763,0.093734283189841616
60.431609997998891,-3.9065889053038245,1.507341596983802
59.809568120920424,-3.8699789828695468,1.5836342166318556
59.938873919405083,1.9505368745050669,-4.0799056599178289
60.306242040555468,2.2116001079947747,-4.0395833851751748
59.396551989248096,4.1452870080343169,-2.5251413678816981
60.011803039712056,4.1274978400400766,-1.3668727095704245
58.913810534915889,-3.9080055851138433,-1.7755283741065604
60.204497344328153,2.027309436796036,3.8508568167976223
59.934165445860089,4.069781057029342,0.47439531222635056
59.43434617398583,3.4445221117399543,-0.98048280725455461
60.324483029258985,-1.2767139769056393,-4.0821614078428388
59.631520422805849,-1.8587380086337841,4.4995705243028121
60.085903000068953,2.3726138321176835,-3.3561987608690922
58.832597341220399,4.4265401779580422,1.1297558773520451
60.236097646143939,3.9022224747324308,-1.7466303478136966
60.108379288182519,-4.5204971330179182,1.1624611814528316
60.621020541643361,4.1382790274697525,0.14592986966672339
59.862053287324819,0.24945416674692036,-4.3086383610510506
60.269233168317982,-3.6403373685574403,-2.2489664371891589
59.381412015122926,3.7688990284079735,-1.9226996480808256
60.553536579348531,-0.44170890841591898,-4.7031892231526697
60.846563723303369,0.89875417195463503,4.3245747186407115
59.575372031514476,-1.096010075156129,-3.9236224352675002
59.758636882353443,0.89339583433285408,-3.7455480325413055
59.171451293871762,1.7664105194610347,4.012332198867977
59.27696061270629,4.1842785348817682,1.9036456417617678
59.564727152356824,1.179973747167012,-3.716210556818397
60.159260941455649,-1.3926398201948325,4.5414659374525295
60.219795699285228,2.7530472524955782,-3.3100304708412143
59.848391556953267,1.934170487545243,3.6014246816790036
60.061027840033049,3.9487670767379992,1.4840735790309199
59.565072723832444,-0.43363486186899186,-4.0816123475153434
59.928043887453356,-1.1786731585871522,3.6915535872510459
59.646199712395834,2.0979919185456666,-4.0894513327188697
58.974989107050504,-3.8781721562453733,-1.5417648925334511
59.366766517165871,-3.9697259131382303,0.046254174801866992
59.569286918001573,-3.2209427236726325,2.6383516481654299
60.7321888353883,-1.9320403243246724,4.1004311184383191
60.687735945365986,-0.93700199784346883,-4.2396864001663346
58.919525677659173,-2.7464310644040499,-3.2722185776259143
59.437737721522474,-3.8759505833229544,-1.7270233691172301
59.364303645489855,-2.4900506420135962,-3.4209542971079396
59.68344178928421,-1.5730157484105656,-4.6670841389787476
59.139000380258153,1.5970451707758557,3.4654216344415696
60.024279545569669,-3.3370587448655402,2.8363327789284476
59.42753498241715,0.20159462467815634,-4.3427792260204159
60.494363837296198,-3.846925280976023,-2.0309914283353492
60.174967714175118,-1.1126001251621167,-4.1437817669537464
60.533764951838421,-2.1960297352800722,-3.5165950798302235
59.092313133714242,3.0819360422141759,3.0569636127794633
59.928261955558973,3.6733880477063368,1.7184937543145453
60.253933524754643,-1.6708540070371869,3.681635457546391
58.978842825810936,3.751105121749144,0.15117209872030699
59.954527905978921,-0.48358217248824592,4.4445327708730309
59.389740668936042,-4.3600139113464813,0.67101356487858799
58.973430465995555,1.4231710845787628,-4.1826808815284391
59.658905031037342,-1.5201066724572818,3.8190727980460086
60.032758705734118,-3.8882643731569422,0.38807495883676357
59.69426626736567,0.67712463692077707,-4.3995947535485467
59.933652049785124,-3.0197532243725314,-3.5842194303219586
