59.096189897192083	1.3682699872440394	3.1230093882263095
57.704750912294749	0.75700555414115678	-3.2220712414084387
58.45724571114949	3.8233193525850866	-0.83863433362433448
59.566023561458181	3.3835402469936433	2.2061741905713479
58.287295498435228	3.7417267896334985	-0.32518607533195976
58.978722572373364	3.2375721811428635	2.1924890082295212
57.720569682137004	1.6669866601875927	3.3923605038774709
58.260197013148449	1.7737468885413823	2.9434621932563458
57.978132143434976	2.0608443974844519	-3.2406050187387185
58.509614116241174	-3.1767015591803793	2.5910290140132139
57.918272354203978	0.61656584128822722	-3.2778292550567052
57.72821489532496	-3.0790599930462674	-2.4343987637278479
58.334992785686701	-3.145711443841257	1.663206953960096
59.475353600018998	4.026882296063075	-0.15550174734826486
59.49014706993318	2.88121280190424	-2.420603732280763
58.729296140027991	2.4611581753963927	3.1667961696175491
58.625959241087926	4.3364875671352161	1.0458475193795194
58.232963665957968	-3.5954802825784524	0.19354695351241802
57.866135466626005	-0.23685774932743792	3.4651108547672322
57.995128366362238	3.5191221724463109	-0.48272086932611913
59.118248202118636	3.6696528380409088	1.4519201684638818
59.430992690885603	-2.0024983280352608	2.9087559070779849
58.436493985401903	-4.00267373740345	-0.56364441522994868
59.056671276171677	-3.4856615823653607	0.33613912293269288
57.938530776420549	2.9770429574762827	-2.2427244052558044
58.12429974402572	-1.4838524851265809	-3.6206275489096025
58.522145028700542	2.1882985525027365	-2.9505048699315517
59.077361695687479	1.1958559836443357	3.6575778049297476
58.363825585132957	1.2915332373626458	3.8694753622150801
57.631468403658474	-3.297918313975944	1.0885693184776619
57.758051317311121	-1.8456052802996443	3.0749807798655926
57.77965785596399	0.082170602759966613	3.6544596691778337
59.249743144522363	-2.4703414434609603	0.78109220407776558
59.060895371681823	2.3145906779850689	3.5144699450750458
57.72317852696915	1.1591257438885127	3.4819737763935987
58.196325832506481	-3.1712474364215315	-2.3010178840889823
58.326528876501108	2.7637671480789097	-2.9443167677286795
58.91620093507408	-0.50844549755300372	-3.0072193769729032
58.567497034013549	1.1345559533405685	3.6349345167998344
58.750685091977985	3.4568174660394702	-1.4659384717969299
58.529403818046042	3.4109895360271354	-1.549423245450833
58.014374541296846	1.9095968159393557	3.2334639959346352
58.118151643513542	1.9072151550462537	3.3284812106276846
58.287100131189206	2.6358517292101706	3.2700132127235797
59.360955870867592	-3.2948423787653307	1.1466378591712996
58.918623917865503	2.6570123822057288	2.3189228094759917
59.447448093797739	1.6797439220930706	3.2213847592551503
58.641566169301633	3.3027157774562088	0.76992421245131593
59.292637354486757	3.2926871296860374	-1.5379064549009265
58.5436856623149	3.1481661960973382	2.2214687293153963
58.364725854792354	-3.0459782011472667	-1.564688414523987
57.679593387950618	3.5495262256540236	-0.015756399265262275
59.331585876506786	-0.49784410214035824	3.8020683913170088
58.579105049406031	0.73732397397290794	-3.8586921607869709
58.574798792643257	1.4106744083260199	-3.6736543376177972
58.13728510943168	-0.32810561722129511	-3.730932467345899
58.267937276433472	3.4727757100230554	-1.3700891021262713
58.184900784510319	0.77953328518914033	3.519551631996467
57.689424094082071	3.7516799089299395	0.57650822366570598
57.846219854843106	-3.0882985345150331	2.5235785879564019
57.736685465533206	-3.2199083658558547	-2.5361107855562723
58.59393500514804	0.20718928643041568	-3.6878945873097972
57.922623453221284	1.4376974381865935	-3.5463813344123198
59.403971083071468	-2.0951109576380897	-2.980581378763941
58.844289439461811	3.2566630713214466	1.890252063376302
58.548731692520015	-3.578041278811535	1.1545019850459026
59.313205828644449	0.30083586175717042	-3.4267570408673644
57.783127243740019	2.5297842655846368	-3.8850440262217658
57.829388652060054	-3.6392000497469454	1.3133767251891288
58.553471275918355	3.5080431944810866	-1.6828680460303191
58.343445197178106	-2.1491054010935331	2.7516246946187488
59.387059971816157	-0.1892060254959024	3.9651827196324181
59.044375781451826	-3.979865157352164	0.98673084424026936
58.242740055932842	-4.1152011128048116	-0.077572348920363077
57.702472666676478	1.7112735227727831	4.3146480396947346
58.628350012913678	3.8471906739406179	0.26167800841162775
57.549551540823032	-3.2854193487055623	-2.4499625022703713
58.435537207459248	3.5362528104532371	0.70041992877221004
57.743105806372739	1.9654275781613906	2.785471332796706
59.083267671688738	-3.1480516586542882	1.8708207298663542
58.071462489870441	-1.7726582236869535	2.9777484195512995
59.26729386339683	-2.2184553262497699	-2.7856136650872361
58.552743581977573	-0.25410873508467302	-4.2898608607358595
59.342548731648478	3.5258731356999107	-1.5463180172935522
58.016310752426918	-2.8889861463898239	2.5528744739204918
59.270469859115558	-3.3738327547738374	-1.0554187558847645
58.686810634504894	-2.2299702454202452	2.3475798532174363
58.709663836261001	3.3732459754703465	-2.327769563240742
59.484553270601026	-2.0941796350965372	-3.1087293903423037
58.718650351034618	1.7951400848067316	3.2021522018105801
57.812201653468371	-2.4696470196105089	-3.3622437814250064
58.976041968989051	1.3047774959988683	-3.5911081514414755
57.666420893062124	-3.3173978119735823	1.5353761374633312
58.084973619345568	-3.4758664167204705	-1.9372618529092771
58.553446822337584	-3.8722349977863062	1.6586969365137849
57.794927010391746	-2.1881544184386525	3.4496097298295827
58.998791981992532	-1.582567021766762	-3.0785820634681231
58.160465164553855	3.8031586603647232	-0.27375618064270985
57.831669473882322	0.4918217355437341	-3.7924669504725093
58.838700357961315	-4.022571272716565	-1.2546593585640284
58.354245538801607	3.9768570142797812	1.0855083937594892
58.471803199258851	3.9222155356715742	-0.36582254258442137
59.169994613741125	2.7388330642894716	2.5297128959319344
58.004663450345177	2.3136596870211052	2.4782993465624101
57.630698391335734	2.5517948848098362	-2.1049811029412915
58.412833826349114	-3.7757307356165914	-1.0035660720909785
58.704014655576941	1.8713341880886207	3.1495369720358619
57.935752589707157	2.4229556890096147	2.2721696022240874
57.910117137890623	2.8970485402317556	2.3330775962514756
58.72047983428979	-2.667704729546815	-2.4223992103458771
58.848839413789229	-2.5756924838859412	3.1512307415833738
58.377647004482867	3.7594318831461191	-0.0039061892685878087
59.428206239422465	-3.6629080410625234	-0.49732142297257853
58.152107883265728	-2.0071017498259764	3.0181235038282677
58.228064760279082	4.0168395394396539	-0.15963226672753489
58.89336622117964	-3.0478773630146594	-2.1965202887929873
57.883395380958291	-3.9657905706120093	-0.012855351362439897
58.688361115283101	-2.0779904980259185	-3.044554830662344
58.670018155812507	-2.7633316796942551	-2.967281356230286
58.192164501546259	2.5662438792774469	2.469026915169827
58.677935546722601	-1.9240387604842277	3.4485428759898
58.189825647074308	-3.9859878238450173	0.2196574682449533
59.460710070822159	-2.5472817726552086	-2.7145196404058671
59.047719581486803	-1.5111826662117336	-3.6393538661592073
59.338802315008799	0.42657293939198293	3.3834230114967254
58.693397966541887	1.8617669443047689	3.2947581062272389
58.982083118994417	0.0054093961387891567	-4.2395018817619015
57.772099865692297	0.6972947934375423	-3.973237151405371
57.571976779167187	3.1657568168527348	-2.6070125741108496
57.718535776382069	-3.694394977170941	-0.25289842222873321
57.744547392940937	3.6265530726820501	-0.60400220917194281
58.086546587613043	-0.041436003542743752	3.9850298855706736
59.176522735935947	-3.1020306604339911	2.0911922728234611
58.372771043698492	0.067777835205924578	3.6594689059962353
57.771301677200924	2.653899283932089	-2.5670429733411555
59.076548795851451	3.4373312394301081	-0.43902267708551967
59.327655333388179	-1.6036163865292656	3.3914240516214949
59.063009822944615	-3.9314709865749609	-0.14635759125681028
58.300514980610181	-0.78059723853984908	-3.0707978478190525
58.121245255302135	1.4856713602038853	-3.5338196219585214
58.570442447285366	-3.3456012268163864	-1.058108309564983
58.032317606615926	-3.4746522746390736	1.4845180479320521
59.37893834668634	-3.1624331103730108	2.239863081179005
58.447541644436761	2.093793407915451	-3.3694893752581865
57.69210164578864	3.3693762557918738	1.1020693459759694
59.167607346802441	0.84895235183139872	-3.5157675638825103
58.028666685298937	3.28296057361255	1.4451615646759359
58.324981724463917	2.7937442947800459	-2.6236923019149971
59.328840881924869	2.9920953664175634	2.4742979903902449
57.757435677874128	0.12724127937923996	-3.7122878102997428
59.001287834191999	2.8671547292140622	2.9024919368082478
58.947803270898277	-3.6837340500443241	-1.9059926496060695
59.260136524443759	1.2907746390069865	-3.6916887591069107
57.87328761960805	-0.64303962473539311	-3.4011619591562732
58.301164784462145	3.2996034982186293	2.0962998338380361
58.727251116572504	-2.9064120401653759	-2.9830185256073416
58.505391068945066	-3.5538624492873323	1.1944251429577342
59.501241386256517	3.2559650235528008	1.7319181194418134
58.554457217191569	3.6733716066599542	0.28238331109075276
57.868577797764118	-0.48878440677232898	-3.7950465452791424
58.627521656093073	2.306154817396588	-3.0414152352174471
58.873900160662167	-0.92144321691706266	-3.7637089933367931
58.518828362655789	-2.78396240815708	-2.2865395516765594
59.069925655753586	-0.26480680227845022	-3.6608012781532318
58.920960328196898	-4.0033174752473402	0.099589818363903931
58.505079233854438	3.3434931157068992	1.7415824379147711
59.194143776345705	-1.803989948460663	3.1558465310525348
57.660574625546694	-3.4596194473196027	-1.1866262445218878
59.385818943921031	-3.2805864001896987	1.7832054974472844
59.168214932366048	1.5994774853878988	3.3434276613735814
58.448928535901139	-2.5027043111596132	2.3648404548385011
58.643334767381582	-1.526350774140222	3.2688916032048541
57.407019172259453	-1.3528134294915137	-3.4023233893729419
57.892858498471554	-3.3524548854933482	-0.017122339744383056
59.308089459343549	-0.43950564703143258	-3.9636670531004459
58.628019465787609	3.3504463280300647	-1.9526354296098192
59.364867946039787	-2.1486487265070977	-3.0866325532260412
58.221839457094489	3.3702032985715986	-1.81048700873505
59.116483142418282	-3.4928338544234139	1.1000315222079711
59.011437886160273	-3.4231443641874892	-0.74550635016047817
59.397185599251969	-1.4906860571532949	-2.7752513005016204
59.136520060875888	-1.4696276528292977	-3.5615859100722012
59.155268677595345	-3.3226927865007272	-1.4444727799643029
57.838358430349345	1.2085511816617189	-3.6719111101582049
58.376417441153372	-1.5628736502251535	3.1789796916397157
58.583156730570913	-3.4699877176057283	1.9712478828057169
58.855514430240881	-2.8650426284609041	2.4659215270834141
57.821639958778448	0.34695162888220388	-3.7423216376224575
57.66342287075387	-3.1265957463604153	1.6708947455503631
58.121642970307441	3.1227064357895999	2.3434432315241818
58.150969320490482	-0.70299995818069172	3.4044929705425711
59.378246731765799	2.7827492134406651	-2.5951397217996437
57.750784757167622	-2.7016661950859078	-2.7463818077095818
58.570561504949488	3.8509970956367998	0.70151100401536537
58.661875647602656	2.7435361808755792	2.6968267567548914
58.19831842368027	-1.0143217505676221	3.7461287125474985
57.52531435803099	2.9194827801953362	2.1086055676322735
59.165628942194658	0.40593482761044009	-3.8301940336679605
58.981320588417404	-3.9565734341856511	-0.77318011798204933
59.511047941870132	-0.65739103996640635	3.3547827480556407
59.172528298278571	-1.5896980283763213	3.2769509328754958
58.091198663749573	3.5941985430084076	-0.18544343144223546
59.38296634529717	3.9139056720159258	-0.28873844008688987
57.330042822538907	-4.5684364951757903	-3.0099391804909121
58.935169988304203	-1.510979149421154	3.280166969318659
57.947776970137355	3.3175618300980743	-2.4422743820362163
58.713727488373827	3.4829364824962004	1.9808400150588925
58.18689060583317	-3.7528889717638179	-0.387262078212534
57.513177554774252	1.5937860002031474	-3.8653288633050367
58.941310537753949	-3.1188234719705963	1.6006531445213157
59.534752636663896	2.4088085956299854	2.6822711383186597
58.169147831137096	2.6500052740920217	-2.1241497167918593
58.760635276310886	-2.8020800929459719	-2.5346900833219905
57.863505861175526	3.3991091208178537	0.8201362857193113
58.116623339187548	3.769135929738292	0.48800966055831535
58.650571002872034	-3.1445669793353019	-2.1838960968492107
58.446418210645682	5.3407332474722748	-0.45894477500787573
58.685274590265735	-1.6938709277266848	-3.2622330093694774
58.686241672563341	-3.6065748637030191	-0.9866467576788176
58.266877436556172	-0.15748638766677239	-3.8375649854333562
59.040647307538883	2.3953903489727715	-3.2502054521595527
58.287718762838949	2.3471284840318178	3.0376446540654891
58.892229326993345	-3.5416550949970396	1.4308869390718832
58.440349599881195	-0.2315470223551222	3.5098739651549851
58.047457004210692	2.9096539649797131	2.4770740319226903
58.944841776009802	-3.3476748080546814	-1.4674478692146038
57.816502775838934	-3.8080484835466444	1.2070552660401841
59.1463700322292	-2.60923033796012	-2.4055128340061329
58.794561872349966	2.742785496853315	2.4733655777246599
59.251142762067573	1.4685519657083979	-3.7023718204315994
58.157642418327612	-3.8131694602855095	0.055859798426472089
58.240677835049361	3.5839864731286135	-0.5395586440722564
58.586296865147297	2.6627838102780732	2.7289227571008818
57.862468995680267	-0.81068031582568523	3.6821115416435042
58.898885631823042	2.6585165873205865	2.9820576714172966
57.976186742968366	2.5884937849017802	2.8892493403788055
57.592608351551526	3.7269114842183204	-1.69499687796742
58.374064336463519	-3.5635219455203431	-1.4100955056475519
59.434135551959542	-3.541039685811135	0.85326420509934031
58.532819721806874	3.576702136266031	-0.69043873946569323
57.810449162820333	1.2432318064179595	3.5422142415692592
59.113138630374301	-3.1101955922854763	-2.3905818603730165
58.089886984008658	-3.2461608845363594	-0.90600988672586102
57.731457953960671	-3.8850093624945097	0.25883444982756726
59.551782984598709	0.11902850765423818	-4.0796461900606618
57.921467371554371	4.1115298111165623	-0.0054512162221050176
59.056580118152887	-1.745938261296007	-3.4633697973212061
58.113672426773043	-0.8900487581858495	3.5268267979759753
57.796891172456725	0.78773687875783582	4.0560298516389439
57.673909339025997	-1.3163380469563388	3.7513635146385806
59.064665140814327	1.5197477329607834	3.6580700252564351
58.145490766952612	-2.0816944794287693	-3.2740167229783981
59.566723990294605	-3.9854384570857486	0.55086128717621952
58.849782149158031	3.3473521034517573	-2.1051581784923266
59.2058849611144	3.7349413340327096	-0.31563365379049829
58.276334459643778	2.4001971658199417	-2.1281649988007012
58.922390516088846	0.39912890286743541	-4.0330277011066897
58.773367921848369	-0.27810476935829964	-3.8943978811170048
58.48600234903531	-2.3635529428209301	2.4295741450010353
58.671383741639133	3.7613462667267767	0.31661857907628771
58.701995805362927	-3.3696702101598457	1.3486692699527001
59.051738364992069	-3.0427654959588883	-2.5743663716440004
57.904163914233578	1.648049842026573	-3.0371731431091904
59.093781911034569	-0.8279275045067096	3.294380921126113
58.672562073034221	3.1632844825240829	-1.2252803613381169
57.850352903772183	-0.92255153684134883	-3.5826480729422605
58.353214265059364	-0.10879380232545781	-3.4637155821479046
58.300910827881452	-3.3654914962040499	1.0321563833585132
57.923422612845599	4.0879207515890617	-2.3022393838169553
58.176361676033082	2.3321084847386637	3.3941427755099496
59.400871904340896	-2.6195180390928483	-2.851816196807031
59.206459372060166	-3.3008420146316362	1.9296747501396816
58.803056827363349	1.5412696705046778	-3.6618809390643623
57.79476623455885	2.364740846923806	-3.7313392634067326
57.864916326594688	-0.76488896587901989	-3.7914387626684807
58.358479367447011	3.8528792441252304	-0.43640969471107355
58.824446871896306	3.2755543414500692	-1.7787712474540265
59.092986346303469	-3.7013078807508677	0.23379300698543726
57.820977755497452	-1.3086767593524515	-3.4402949720907583
58.407867292008447	-3.1369895023890031	1.9358060713519007
58.813665106403867	0.38995913601491944	-3.8182508667030715
57.680995665670345	-3.6745071184058311	0.46294193605744854
57.887869511022188	0.43895761341220962	3.8300580123586125
57.657396214702899	0.72432898578646288	3.9292194090720964
57.749641908595876	3.3329737830243111	1.7825257621187487
58.714938335368245	-0.47823686901430901	-3.9485392992944335
57.769881832582136	-0.35767616494751914	3.5186670680723569
59.386753194110753	1.2540944256807869	-3.3544228303712522
59.425705598933298	-2.8862729829487646	-2.2822687812812759
57.525540679869223	1.9722525606609624	2.6480455338814077
59.354688850251804	-0.16535925623801029	-3.6391567005669936
57.822229128501959	-3.7075595824026686	-1.0829233889081589
58.862114701933827	-3.7175467449481507	-0.060443451104627892
58.630093786073338	-1.1001884313977688	-3.0156089903450809
59.227380811274465	3.1977159210979877	-2.3613757600898166
57.953266519165297	-3.7411379878396138	2.101310970197821
58.911600458015357	-2.8504211748244979	2.8039646635696012
58.156080457977602	4.0887895031819896	-0.9919884480498663
58.517841427799176	-1.7780389411870223	-2.7137966029957057
57.753109271847663	-0.97938317558816157	-4.1780252320110121
58.199281295823319	1.8893838735357504	3.3007795681270857
58.106430005240064	-2.7742527287115868	-2.944732791825293
58.714741457125363	1.5804662858441354	-3.4595190483264653
58.457825445144273	-2.5885305710787376	2.467878362332256
57.794925351961268	3.6024556434067003	0.75218438440377144
58.230817039435699	3.7467111028457269	-0.47483116994830937
57.660458370788248	-3.3007946427105783	-0.060315521268626729
58.716214522777676	2.3128417947491964	2.5924671787854257
59.509481699931527	-1.9072406005750882	2.920244009067646
57.663562113232338	2.6013237719738913	-2.8537911544036136
59.32927052152678	0.40168351828126531	3.8612541213008291
59.44807258515911	-3.6678266860325377	0.43340491802335962
59.34877166137305	1.7641060119366441	-3.3231119586942928
58.43421643082818	3.5970874279918199	-0.60094374432313391
58.285742115905002	-0.20304509417349359	-4.1145255759445707
58.077789349101671	2.9182657663724094	-2.1138149443731988
57.981512752792305	-0.14899261352446494	-3.8131575358039207
59.0306222235671	2.8901071158869946	2.1752857977352247
57.982574398784891	-1.9949999870891564	-3.0035734608170879
59.368644628789333	3.4340640346959765	-0.99239852388839089
59.397300903081785	3.3038337208969391	-1.3607163716214179
58.307930929658852	-2.1960685124345796	-2.8779141476638634
59.474759542733572	-3.5505230111347412	-1.4450100329523485
57.895821539299284	-1.8175797647794476	3.0118681337608013
59.353135227498612	0.17611970240387481	3.5131730711739122
58.511883764178506	4.6310109735691283	2.3070463410411906
59.325411473157999	2.6892795957750533	2.8877539789417068
59.231556393575985	0.41388930292464909	-3.6400646324439143
57.779085548090293	3.6918109671818433	-1.7395072361994002
58.389575751325843	1.100146070863812	-3.869300084090451
58.675981364585297	0.17809040808948182	3.6526373743609515
58.968029920277701	-3.5312913873727956	1.4348222838748124
59.027376207979849	-2.7849867264355255	2.3773046772507676
59.008745693457868	-0.48509319800624362	3.9422101546384964
58.956969459602284	-3.7437911079888155	-0.21124368792554524
58.811506910176647	-1.0045108798232705	3.5502409220158877
58.869195397716858	-2.4859457014107673	2.7072411203818327
58.991747778335366	-0.19198818988744648	3.7820437321430127
57.891809260733098	-2.0800646584885221	3.4008163349804654
59.519202389026056	0.32333357235889087	-3.8153296300628146
57.864922817318025	-1.504540392343773	-3.0600166638722892
58.94730045151335	-3.5458158288063522	-0.70552863190128223
59.253396944194151	-1.138344077505256	4.3609975513643828
58.323269604949225	-2.9073421934952557	-2.1661589068910132
58.088133927096941	-2.0684333078276955	-3.2569056432560477
59.009930526070526	3.3164425078851307	1.1190751934050787
58.650435805440253	-1.4201357603454228	-3.4334338698825793
58.908332414888747	-0.79474635023302975	3.9783717390402997
57.871697628268876	-3.6075579045859145	0.77081271062485879
58.96689631753604	1.2017650741348544	4.8052064353059771
59.145330180029241	3.1961554521459203	-2.0539936078417229
58.373534560387476	2.6554334408115414	2.6889010773675537
58.792823884566722	2.2911956854627182	-2.7020423931438948
58.438972466547057	-3.6443019269118846	1.6631407883591218
59.3218185308342	3.5594552926273999	1.4003822715053575
57.754222456298308	0.4276383638559576	3.3182532223754202
58.992971975168111	3.5842679706607852	0.54014496504793497
58.043231652400031	-3.8428399135101001	1.6088114886505558
57.682143154148669	-3.4052412155268499	-0.80426313819722983
58.684856044159432	2.9319263493040779	2.7786657981495479
58.662819426291165	3.1044561202902075	2.7870041595219064
58.111880832546561	3.6738203442676021	-1.511040894800773
59.025451070407598	-2.9427755938378359	2.2788547160123875
58.282138354129131	-3.7449365145529891	-1.0468064848121983
58.484167019012148	-3.8081563460361507	-1.0060264296154457
58.689745264123786	-3.7031694360237832	-1.2968789765036155
57.93845568275691	0.67066967645011188	3.8673980488149824
58.930153541796109	-2.6011763160349872	2.6348451223434726
58.973510686666629	0.38801363058286259	-3.7613037153017466
58.395628460107815	-2.9249896805420832	-1.9341271243085785
59.376779337483704	-1.9226597319547596	-3.5063881594854349
58.174842491170601	0.91986787081643651	-3.8758962814716376
58.873755373108438	3.7233606785900637	0.24499860274327998
58.046264266930798	-0.97062958391723697	-3.4815964604464584
59.204052462696069	3.7279777987669536	0.70643835675967792
58.270418642742534	-2.7155354722634386	-2.0261721682653144
57.574849178659306	1.6094224927358862	3.4308017717502119
57.816126437176777	3.9664841555374619	0.14193650999241927
58.38168392072086	3.4598833550473902	-0.072415011470861906
58.51606855205543	-1.4013490003242308	3.6639160712191243
58.477729167290875	3.8076019202661797	0.22532791626446766
58.277162371096821	2.986721706138812	-2.3446570588551636
59.269263962935547	2.0667502842424335	3.0155748572572936
58.381140714761273	-2.8027180623477177	-2.3827481524006546
59.392491217570146	-3.4046025146341483	-0.71798780292433395
58.565929759998511	-2.0188071765050744	2.9379710863384334
57.866935215567246	-2.4750757404025414	-2.8150071402716375
58.899692552580156	-3.3121425256078307	1.3193312242449038
58.467181159791465	-3.3145129797215493	2.6721189029139052
58.34367250898093	3.6739765621618945	-0.6533724218463226
57.597389328406415	1.3422249436353852	-3.6671307318959081
58.691339796021595	-0.92311285987445291	-3.8064583625500386
57.806769345404319	-1.6520253064513273	-3.6952885895003806
58.435477561606106	-2.1279017514980927	-3.3838811944955642
58.950132034824755	1.9485008951577951	-3.5190829337064931
58.730263264760332	-3.4425822135282731	-1.1634454529848424
57.883328307297013	-1.7512344503925896	-3.2844784939481961
58.093787925309371	-3.7404598556943185	-0.16810469540118936
57.759311729302723	4.0070903693863604	0.13766359179144677
59.415798025929938	-3.6362709952435908	-0.37785386813688387
59.31813446173517	2.9972971826690276	2.5258459894561773
58.896939994585004	3.1761627989136669	-1.7425276889972074
58.982365359615507	3.387737229238156	-1.9991923983415767
58.637280962077277	-0.077343554095568867	-3.7211446889809738
57.693018961230749	-4.1432307964359794	1.6940445171736431
57.68875498493135	3.569138299994405	0.79635864058461769
59.165651082856179	-1.9403053139473809	-3.2131582653229711
58.815175636967282	-0.16976426107804701	-3.086275706283693
58.649322345980757	-3.3312059921425656	-1.2457483000728069
58.177045214676042	-1.9801060913079178	3.0815229658788326
58.429924787773203	0.92771230372898494	-3.9185460712242226
58.754802375920967	-2.01597424607044	2.8953512454227184
59.38904259280001	0.4280067207932865	-3.7772217957139049
57.69799660458203	2.7852413590468963	-2.4574200763201315
59.370428663653641	-1.8369775575457945	-3.3085598529205842
58.180124897003338	-2.7945066733945105	2.0022399916216584
57.876324123571514	0.86226398257750514	3.6382724298773286
57.794576630657346	-0.72051275741119281	-2.6609203704423479
59.583893028569207	0.22685763836634673	3.4947310652548529
58.650486534313281	3.9204379484023919	-0.18401012366484701
58.944150236971673	-3.5145911820702911	0.61137377897752743
59.306554034149599	-0.46626362463829513	-3.7573265454845131
58.647294572516373	3.7287765273269122	1.0793512662704667
58.928103613476246	-2.3326346607934862	2.8059175041819362
57.940075257599879	0.37481034791243739	3.9191942947583991
58.450215191782981	0.19061787715905321	-4.1877611292177956
59.312886115131988	-2.819007575526761	-2.4607700948543196
58.395492370690476	-2.7038684909661819	2.4764917003149067
59.243491955360319	-3.7837988389974146	-1.2118279701571166
57.940745678153732	3.2085826114177722	1.8034981936352603
58.145932114913386	-2.6221329329247576	2.7881123591482915
59.409307661108905	1.0338093672081061	-3.4810489139025229
58.556518473918935	-1.8896562587234542	-3.0628220537430697
58.312132394255379	-3.8744019015711748	0.18998432660188455
59.24910209936062	1.7524911029235402	-3.3069393079218532
59.217959389420393	-1.6905448735072897	3.2635898726357637
58.741789364934469	-0.4384958374163353	-2.3723244331184996
58.067838931274828	-3.1076104819175354	-1.0106775751808224
59.426688312287347	3.5615720406338522	-1.3864280091379431
58.712753448572229	-3.7404511603816268	0.59481622479388474
57.874420118840462	1.0142494166487304	3.3631403255050394
58.314488310988416	-2.9309486471962192	-1.3045031831239127
57.73728378679624	-3.6724760600113613	-0.7048228493265235
58.14716627771471	-0.053446970657626464	-3.3367089850084084
58.66252890410032	-3.6595339767231483	0.56786945385870269
59.340911567250558	2.6179708251661036	2.6165842578061747
59.01843378364952	1.8706897683309227	3.8417066289823518
59.007093508668405	1.8015446444367602	3.0795751261685127
59.098715418505755	-3.6280908667387313	0.8332505644320074
57.80995741932945	-1.8968680142542158	3.305185891430177
58.278211210809864	-3.753938589573893	-0.4815597649781021
59.304620591015563	3.5447436133246075	-1.1466879245580044
58.890385086650213	3.68846714598864	0.83580474809914485
58.261078765482253	-1.705095358471014	3.1327527595036151
58.746809324707492	3.4603903625437344	-0.82039573332092086
59.152984168698772	1.0990882346503807	-3.7056051296095771
58.718741979015576	-2.2011726176076793	3.1454566020858916
58.688078006714761	3.762169877297985	-0.99761608595902362
59.162767958320799	2.1234373443131287	2.5187197159733112
58.405714646494722	-3.5065689241623903	-0.95340067290023367
59.429023826637476	-0.1105187198223187	-3.4713607233459443
59.288705539954876	-2.6819698661338611	-3.0961194508961865
59.121303917982743	-2.7237379588063364	2.888950764668385
58.174544747587412	2.512928949535473	2.8079158758651634
58.59476279948553	2.3358522874239913	-3.0374654018886247
58.418911742958933	-1.2585289128311354	-2.7109230681863044
57.722741520867423	0.3920240858907954	4.0296363534613837
59.179729107249671	2.8895715365547976	-1.6730153809001327
58.00713570610386	-3.897884564260373	0.76922815648269582
58.50666886034076	2.7591477452808615	-2.4449539895303443
59.199689113915994	-3.3277736950270764	-1.5738157483627655
59.342713103203373	-3.5719052699793323	-0.44452429786685299
58.221926142908757	-3.6764845816758318	1.7854382860790881
59.42461751571615	3.4111491787265504	-2.0387107784336127
58.524668375501385	3.7446091330206142	-0.78340446428300414
58.830819847270405	0.92040831360341968	-3.8569585722361341
58.079933232127409	1.4994541958026677	3.3343167309009725
58.075701220020086	-1.2949548561007509	-3.5818618659648713
57.608648928292645	3.381646472846084	1.8203321513617032
57.86811844388756	-2.9642619353849664	-1.721838655721958
57.773110360847213	3.5015130286988558	-1.3183030790556418
58.231085004713677	2.7948055244162315	2.6918589206648607
57.756501542916865	-2.9312770912118369	-0.67198800027572625
58.885618384166463	-0.45694366928913399	3.1816300671123012
58.14117157838561	4.0496367702918388	-0.063640314989079697
57.702573689036214	0.28889842977328478	-3.6106499055398382
58.421188810748504	3.5544507025585657	1.6495201348426729
59.338607786526424	-3.4692979210315236	-1.1495457070979136
58.119902351790479	-3.6121379735861829	1.1132814361362546
58.210997085034833	-3.5308505501365772	-1.8549251991778961
58.849094184711774	0.00024454397832400992	-3.9577386947531719
58.851225610882771	-2.9419070532823928	1.4410456150190551
59.389627840979159	-2.0417824427187679	3.2097979518507667
58.958269817394715	2.3728426960911895	2.9039877756540307
58.183643525557123	-3.8164756003178177	-0.48054003337858842
57.62091849723862	-0.2458998521058165	3.7875814562522048
58.731663029405276	1.6876924005026903	3.0488028926467847
58.510097497213785	2.7133054077064731	2.7162764081434627
59.215066796666079	1.8097140592489125	3.3319998154456454
57.715840568763689	-1.683546052391004	-3.0429746121362742
58.71440733459216	-1.7388547551606668	2.8082189536890239
58.817673491478537	-3.4202581911362091	-1.4585400748541306
58.139939809779399	-3.2651195162863642	-2.1369058641241039
59.351227622995893	3.9042618909196571	0.79049039978622304
58.740624798534469	-0.77920790673580043	-3.4849944997256022
59.110151804012965	-1.5043534062240762	3.5402457189950876
58.009128859720683	2.9043547605557682	-2.2122975432602217
59.154418318183431	-1.9577866167928279	-3.2289217387268128
58.32213103103286	3.2114133143398402	2.2430705113516036
58.389137098256128	-1.8617713712497459	-3.5576798403463488
58.44048301338065	3.3373185293847758	-1.6132251924187893
57.833701274259013	-3.0890740581097904	-2.0576597564586221
58.064483671508349	-3.2243060225406079	1.7860389572405924
58.312821227823214	-2.4493011120512378	2.2328966973719391
57.725497455103216	-3.6387737444146424	1.0425615644418922
59.1372540340219	-0.48488247604249851	3.6920620303843843
58.328845822927349	0.76032407534219026	3.6383077739071314
57.620316221376356	1.5102378118278912	3.178170144010624
57.992370277972611	0.5223457704129173	-3.904647397198282
57.6659767616922	-3.5413742655779785	1.2680033039873768
58.220372012266218	3.9747132765146338	0.71213744810643298
58.708551357447242	2.9060657162355397	-1.8321395151558499
59.002408688264062	-3.045631951543804	2.1082830803531643
59.161822586563872	3.7705177720422065	-0.68474705880245845
59.048794982413504	0.23050888376645354	3.5633818257563692
59.337518217500957	-3.5269282154488653	-0.93734969703512938
59.391357089309764	-0.7091116206008421	-3.8449219529701568
59.42771520311284	-3.4404323777344654	-0.6227289940834746
58.651326359311803	3.666923914866385	1.1818772304756306
59.114298550455139	1.7588804810849601	3.5407249705267603
57.618288177874653	-0.47785296471957467	-4.1623347499121826
57.863678520734204	-1.249783367530835	-3.2626399884787274
58.087570273509712	2.5067131904878655	2.7187593439275948
59.263321705430315	1.562098915928126	3.5083232670306526
57.638998840120287	-1.7997614667785622	-2.6552424261290892
59.222906972759368	3.8659289655224338	-0.61106481555317127
58.181013587937407	3.9116541338815227	0.46500033946385444
58.53271241944644	-2.8426725931617103	-2.3771312219556533
58.239729784831709	-0.81426142063551332	3.5234873853749376
58.011956174584533	-2.8459767884354652	-3.0095730125229569
58.727554086707613	-0.54082419091955203	4.0944203670440427
57.701167746189988	2.3614928054660935	-2.7218917345607645
58.580332513708534	0.080282247825026951	3.8198472401387096
58.414605665219781	3.5362936552180884	-1.3050898894624778
58.478174219915523	3.2886142314607558	1.5510747226198323
58.899841388109117	3.0154425681718902	-2.136313659620698
59.026579225889655	-3.5466902107512843	-2.2240208130142074
58.963322013876713	-0.48476223089181619	3.7737294037943117
58.299390706407927	-3.9593256274974618	0.75780359436721201
58.163586605272961	-0.73232157394241992	-3.4594173752947466
58.576038961037916	3.3566679762071781	-1.7636303195260306
58.312430875733803	-3.888184839545636	0.41337573072748157
57.690684854831453	-3.6957573041236449	0.35008725389865125
58.900465704468388	-1.8473223045423328	2.9317676608079211
58.904218410754389	0.74428914979108696	3.8446299242884336
58.091859342929972	-3.931683130098329	0.95875879778404249
59.044709177687594	3.2799415404200816	-1.2469769763935497
57.972486257693198	4.0347593883478101	0.24553067502245834
58.703843277903545	-3.9794805697911197	0.017339597968220037
58.425400498492778	-3.6308905933262219	-0.15337230811296504
59.027340230401705	1.5482809588037625	-3.5786450054028647
59.204542667250102	-2.9440527354785995	2.1241807642459225
58.205299603627523	-3.1738720256461721	-2.4485278224465965
57.66127102513812	-2.8541014120432537	1.6108039683258157
57.894877797194553	3.4335702318293508	-0.21099486057641609
59.065579720657546	-3.601311452726184	-1.4932152985124614
59.091970577910956	0.30107584899010675	-3.4574289390421939
57.960860165008235	3.6695741615227644	1.7107334303810169
57.92046783651822	1.8821603956424979	-3.2314026083752339
58.499936490220406	2.0502381439244748	-3.3859682863409706
58.753260528177236	3.6781358871191143	0.66874701887326193
58.633094965730301	3.4154895549579356	-0.045301820530463173
59.014577679583596	1.1635839115625617	3.6948518925341078
59.361335658608752	-3.3886952328896314	0.5075736829176527
59.465505864844445	-1.3538036069101038	-3.4063728411352328
58.849218552554959	-1.8469070026237395	3.3779117581193447
59.503103618218923	-3.6119640025043553	1.7597342776991254
59.180828414285429	2.4668871532205143	2.7665187375715825
58.160929104036356	2.9304265555471578	-2.3945682550852099
58.579750266813924	-2.3486386436657161	-3.0034094719640585
58.82465216212421	2.8455063710955111	-2.6963554850288998
57.826933463315704	4.0530765284733867	-0.52802692849673616
59.378078084881146	1.4256654228774106	-3.2709860767469445
58.644909363089219	-3.1144345878687369	2.168086724650037
59.524816308648404	1.4669580113356029	3.7290397778364897
59.300670596070958	-0.68615854706683876	-3.6131852676297065
58.240658462110659	-3.0503121598785325	1.3259410052200904
58.28098671730563	1.0266721498891365	3.6179806645693127
58.90646055574841	-2.972279065157017	2.5344783435592007
58.421849476193827	-3.5483704875931723	-0.24579780639451226
58.955154685394483	-0.70421970432223924	3.6740467498809011
58.385531014903016	1.7961676899313739	2.8893108432656689
58.353978714991747	-2.4641755516910768	2.8242292568760621
58.295033622409747	2.3873811014669624	2.8918795238163244
57.83706804948639	3.1427912137092906	2.0235000962499528
58.617710437579959	3.651827129033395	-1.1131400012129291
57.876392978503368	-1.2949413123927129	3.4543802424888459
59.118917977733311	-3.3499101765331423	-1.3806801477205011
58.907435873755617	3.9635640790529583	-0.18647737728433703
59.486163180416398	0.030613490735489395	-3.4516329033247701
57.671854900274653	2.041423661950275	-2.9861404400705762
58.158864021808093	3.5705774864984776	-1.3150340807234298
58.72335220349666	0.75253717930446939	3.6524553485019235
59.108363009765661	-0.84173418246267317	4.152152360909076
59.135118093334214	-0.10223811975198237	-3.593107498036292
58.794227818002895	2.6748997219891826	2.1014087857338315
59.150827975776068	-1.2059974297157747	3.4055746488589729
58.371398754923717	1.0668519957558211	-3.610462263698452
58.679838095775516	-3.7168349013288857	0.72258702942747333
59.301993235993038	3.3917417279952504	1.1200682955999526
58.343477119406657	-3.9922283930171338	-1.0729853047613369
58.553489447752582	0.23441367493140886	3.4890239201886861
57.673510808924988	1.5526346976803944	3.1780838353516789
57.937825458996336	-1.2130099762715227	3.3797920435372188
57.535071621667385	3.4431884041551966	0.40240749734528281
58.442972718334353	3.5087393809725538	0.51946340393751367
59.45627396268619	2.1858244048356417	-3.0715578884967751
58.551105698873151	-3.4954187948110911	-1.7694201397575262
58.976178921586943	3.6841896751220582	-0.35322021935922743
58.308286684079071	-3.3432309030292222	1.5652481936929694
59.210409394893937	-3.397706789619205	-0.44837275243273911
58.444855407234556	0.40987120925382459	3.4527950963801168
58.719015301663617	0.45243595847652357	-4.2991976906341414
58.006134715179606	-3.7498372558633566	0.16575280451030824
58.589721276556212	3.7227851216602725	1.9651397725489648
58.321565205652291	2.4067825683241848	2.6592431510948451
58.236423675374283	1.5537355093287692	3.5682674929289746
58.046504804764382	3.5288568011317207	-1.6364551848797835
59.373067458215132	1.8984577004729544	-3.221849203961471
59.444638330492133	2.6058660715280912	-2.3817797902500439
59.454851387493953	-3.7901318464868092	-0.027351196945955721
58.064804737854054	-2.5357423980374669	-2.2192713267405759
58.960875624438181	3.289663435925589	-1.5551486077415824
58.736276432720416	-3.8633730156895738	0.4693901868566247
57.561382509647238	-4.7843711031935046	2.58853245993207
57.961719623460773	3.7014253065106364	0.21725222515851567
57.691547867788387	-0.51363310583389821	-3.6466180385344895
58.956140671101458	1.5106516020094385	-3.3763801177532256
58.30652329407738	0.2621211415357324	4.7652180009301093
57.762402340230523	-2.7841649035324845	2.9166447442489756
58.871174241829593	3.4243555883872956	-2.0231815853534547
57.790586179993774	-3.4674808175260914	-2.438938221581882
58.750891803938941	3.1756508961534151	-2.1430002167840336
58.297665474995775	2.7221155570014299	-2.3709485629780742
57.901545070508057	-0.79081601531464674	3.7493390261761874
58.768500651082554	-0.20581508013583064	3.856408263952972
57.982678960160783	0.89973885856402214	3.42010483947332
59.480920132889537	-0.6924264402291721	4.1421645432551504
59.363312813485003	-0.85929283656116318	-3.4900573923005624
57.592374002666425	3.8534994912624643	-0.33116519163939651
59.201768844861903	2.8112591027724005	2.5436471496004431
59.299655295676054	-0.26715423789560255	3.8827061404944088
57.573956987508481	3.4444063483663512	-1.7786149698723954
57.585354751817775	-3.3678443232738915	-1.508781059975151
58.221029382635216	3.5346902557348456	-1.2006520177569104
58.914029559016434	0.54829678889191824	3.539487668285386
59.064312391097921	2.2770706255743209	-3.1606136527313637
57.608111926369695	-0.77415909687200368	-4.0222748062096043
58.993235238038274	-2.8824772759076787	-2.3451728836042123
58.457409067039059	-1.5224400203986821	-3.4641490372403276
59.423880079412982	3.4282772467487956	-1.6003480904237388
58.700615946268265	-3.6193131877570521	1.3020505872346502
58.336413079580808	0.92527332876255652	3.668781665969238
58.825399640770314	0.69991188612010913	-3.7489897404695083
57.751306919794182	0.7953166085478881	3.8068989020155009
58.34890667018729	-0.69649345737427404	3.4005754926302449
59.304505045739837	-3.0526392792680226	-2.2608905198072464
59.387106064769313	3.6336686550014639	-0.06713168902728997
58.399410261770008	0.6495116291477091	-3.7185952538755784
59.082235566364581	-3.6538829400887085	1.1520537201584409
59.293388137185858	-3.7861439546892872	2.0625372469903227
58.766554135619486	-1.8263928185667573	3.1416677823348964
59.03163816348453	3.6750694698946957	0.4348377379442438
57.939056494182559	-0.57769659491738445	-4.0320493489127589
58.507888544159997	-3.2592696223924249	-1.7407650882480981
58.517787996655741	3.5564307787371483	-0.81564103173747549
59.000697000082063	2.5572939368467544	2.9291608001199272
58.300159977031676	-2.0012113117145374	-2.7504064488713258
57.751522379796981	-3.6331445346667404	2.1836651396712572
58.970124945229827	-1.0850341254931577	-3.4569486936162388
57.941727876115905	-1.8873385564918821	3.3347528877318249
58.516516259621177	-2.3708997231186122	-3.0286868816867689
58.705444060686794	3.2672941346198878	0.93089001498119517
58.04509077788444	2.2009360099693533	-3.0274612974383519
57.907098161066216	-2.1470274169596397	-3.2202742718286794
58.401378348249807	-2.9370752565070468	2.1179536959415795
57.884934946880612	-0.59503077976348284	3.9129448505830702
58.633752110094754	-0.53243562126084809	3.7888407040964416
57.674857590336408	1.7603843229002192	3.2422322869067646
57.559566731183097	-2.3825643254649176	-2.798393390168636
58.901178177488696	1.6538020216226808	-3.390015796585772
57.838063367003215	1.9560029528873588	-3.2291442922246958
57.694333579064995	3.0981468681792292	-2.5727708405856338
58.352354406712557	1.7179593319893898	-3.2332291986159811
58.965610345230658	-3.6912691227757133	-0.12599289719415602
59.231873275161362	3.9031667413450628	0.5577634848785612
57.727992488372749	-1.2431541744888863	3.365170796070164
58.272451890619799	-2.0163500567259116	-3.5733622452091511
58.114339535632745	2.7900498502651705	-2.5917309754074283
58.033654805513464	-0.28222917359399746	-4.302564907418728
58.402402817112304	-3.632951798622023	-1.2591542618806437
57.556832551160213	3.2274224524471085	1.9045965727382559
57.791861756555562	-0.62502040989408336	-3.8987117327785121
58.376582257652323	-3.9963022404836064	0.040573595877921406
58.740097921832493	-1.2239735200782549	-3.6771698966912325
59.033422192680817	-3.340590586698446	-1.9836890822269477
59.109581913690533	-3.5436627353852543	0.51338898074857731
58.513925925658413	-0.19511707982895085	4.0694439811230056
58.208477782095706	2.9149762368769441	-2.8910280266224135
59.15205360372719	3.5484356131875532	0.9782908759408534
58.252190793294993	2.8548300439786241	2.7062752705466488
59.38481046303162	-3.4256467094959588	0.79505696194724262
58.701910769670967	3.4158837398473132	0.59128143128150101
58.001175323114367	-1.2096453475122464	3.324915333750206
58.055211711092667	-3.4078434628183807	1.277491333285462
58.589606228984209	-2.0741212269179572	2.6884205849410319
58.196909570550268	2.6821646322054487	-2.883031107985714
58.661961986675536	3.6501648370983437	-0.37204160955778831
57.738423418037662	-1.9713889945606817	-2.8805050672493873
58.922225189361434	1.607229437461523	2.842638626171679
58.649139952165257	-1.6793499390035058	2.7336529029171763
59.006211277838013	-0.57181419603033068	-3.8067062188334093
58.110383187797886	2.7640534491439284	2.6339522393987735
57.980265606014768	-0.91105855222203513	-3.4451024876061385
59.286606272940425	2.6012733912755466	-3.0052088774468562
59.091526535421593	-2.3734972759522202	-2.6345635976547084
58.864453951290223	-3.4957153004643762	-1.1492664950659264
58.814501395363649	3.4492329309632388	1.1958521390122749
58.811107637237548	3.6678593287540298	0.54524793905307944
59.512271027942532	-3.6169349762055329	1.0481454034304776
58.750000005558249	-3.225093558744915	-1.5065426981049719
58.065829517563472	3.3926756581314081	1.3540836574515953
57.857537563709442	-3.4943625216740002	-1.134068507268589
57.958595648939507	1.9649714748535734	2.9387212269445477
57.690440611574161	-3.729433618319514	0.034755737089852037
58.791264808140561	3.599088076847857	-0.066415831507119064
59.421704338854063	-3.7916028962206814	0.55502900581052883
59.102877708829922	1.8078866026901237	3.1174950460001098
59.437122564658615	-0.089003931488845042	-3.6494561034708739
58.13572040247923	-2.0621120379980709	-3.2326561814528469
57.864649844054298	-2.9709521373030117	1.9963773509451133
59.311231217239552	3.6582824366605791	0.38756983283343555
59.517982065698341	0.93783226769644712	3.4755685324480119
58.920036338454409	0.62301169318302596	-4.0187801539334185
58.217363894360552	2.2882830922919748	2.7689276094761093
59.630799969826299	-1.9380573652884057	2.9785448219165711
57.820480519146997	3.0766799337149777	1.9011193146848064
59.240003006910555	-2.9130756400009639	2.6189528078913682
57.535560835172902	0.6891703222611496	-3.6458696180352468
58.279666944567737	3.4461337699339825	1.5822201534675289
59.482513484795	-3.0997026665705976	-1.956341967760588
58.523428137252942	-2.1187472534179128	-2.6462430116243185
59.237682469703017	1.1220403414561562	-4.9201008601580352
58.531511139372782	-0.096552541976921258	-4.0411712921696568
59.069099004531815	-2.9973163260261009	2.2855271921219495
59.216101681663098	-3.2707213471670618	-1.7624133350271869
58.937198431215805	-3.1131914281633599	-1.6078849670074522
58.64230548028852	3.4119105749160332	2.3708823843348448
58.637095552691804	-3.0058872496517526	1.4898963290949911
58.839378062976103	-3.8349732383628967	0.97639866188889712
58.260975827545558	3.5377162795538908	-1.6199691405372594
57.95554112430284	-0.51006576349276889	4.1072650431166222
58.412030889518519	-1.2228038956762333	-3.2291545708674123
58.091985470402619	4.0515720879677453	0.26475801928887177
59.11518929780479	-2.9024033393780648	2.2987171233851296
57.915846745680625	-3.0211545053775697	-1.2626369814415059
59.28094066709609	3.2186566300428918	1.5990737620625386
58.895874277583196	0.69225469739699963	4.0102008517279
58.686324669761937	-1.8627148934661186	3.7097157820833684
58.58398006629502	-1.1088486573326426	-3.9686638379279509
59.263606650616261	1.2999366374131678	3.7501305171936941
57.99629323827773	-3.6453133414133658	-0.035887729622693487
58.255180996360785	-0.10142883461402874	3.5740535129234474
59.061242758491169	-1.706941662337935	3.8903158060169165
58.214403385838907	2.5842350759216992	-2.4085747228886034
59.110688227746614	3.1346871152674782	-1.8045210626677908
57.687075502514482	2.9451946480991196	2.6363435498207917
58.527745211049506	-3.7460960245029322	1.0212916258438272
59.309593967490244	-2.2079207633369888	2.6787863879903071
59.196490196235288	3.1438896748104792	-1.7905510536801694
59.009336872559381	-1.458247086441218	-3.6619642306889939
58.244069455965104	3.4657372526575996	0.45411859487703893
58.214533275610115	0.83171973306312685	-3.8628806447258937
57.66360271084784	2.512391864385298	-0.093546453040899855
57.59662971371246	-3.9532863465361787	-0.061467104433145681
59.050832234150398	-2.4957900010962684	2.8088652343277314
59.060444308558836	0.88157083297433003	2.6895823958205436
59.057462554290865	2.4033539433061897	2.7947163858814403
58.91163767328603	1.8597070839716394	-3.4945867075917061
59.318904992900201	3.7138885696131685	-0.44034934734572129
58.598484148594963	-2.5265287415981055	-2.8927526072969316
57.859324328865611	-3.8436374151461794	-0.043627698194750465
57.975389505081004	-1.470220225670936	-3.5941043142827334
58.401148667266931	3.3780663116370291	-1.8448887389729585
57.664582012218524	3.680809329365037	2.2398475829263771
58.43375367218912	-3.0549397805341654	2.2165205177699372
58.461247119955374	0.29883848833237647	3.5754402891029464
57.665330464558878	-2.4651598663052527	1.9982455388996467
58.506816458346698	-3.6036567064073122	1.5026286955990562
58.339756850671023	0.80127536265429722	-3.5398439481798345
58.007490222329743	2.9993035356601578	1.9975762082808932
58.065699089148147	0.94330039043920366	-4.0386838014257718
58.74757303453211	0.61291380307587351	4.0493756503177742
59.057060326086507	0.1776378606330864	-3.2836990489042948
59.423649034041688	-1.2040270376092772	3.642139081737128
59.322834927827472	0.77360642887385878	-3.612357489096047
58.725745009172051	2.6869224467442923	-2.3825464329128683
57.688287719483903	-1.2603093066404549	-3.6433229348349632
58.052564794053815	-1.5736002104352218	-3.3035056969424939
58.899540310664193	3.9720023578383699	1.3524454975511044
57.59417213135562	-2.8646996467570793	1.4526167163704831
58.336252241404466	0.69679371972651327	-3.9160705095993356
58.453282213763032	0.90536036934478914	3.9087240393310796
58.558249099595486	-2.0210708835177345	-3.4620384454409829
58.839587124470754	3.1326062776565529	2.19631874192762
58.123396224003038	3.050418968589629	-2.3845099180095803
57.976209527624107	-1.4903686828565748	-3.1565870760841888
57.577869778604558	1.4096149968915086	-3.6554515315411775
58.725203253481496	1.411070561342707	3.2304254971541382
57.782294449636936	3.9182916039567965	-0.17049506231077582
59.439904533670692	-1.7256905987249604	-3.4318168544686589
58.100173209124918	-0.43472200715696402	-3.6574409435583881
58.544791802474002	3.4701227094471472	0.95211877172868475
57.53878459981167	1.0275595499830861	-3.3327106901501926
57.693406616666778	1.3590985806081211	-3.1439613711516263
59.512837023466808	-2.2362896716783447	-2.8422799579568765
58.788345818123922	1.8356717153979878	3.9064732189926592
59.061640355071631	-2.5521154470826719	2.9259965583168395
58.115712685430474	1.5482681137313028	3.4910400397626979
58.892495486458223	1.1686828643562144	-3.7060620470423489
57.771972142548002	1.9348148596371348	3.1923082139767631
59.324956791765672	-3.6210369342845365	-0.52134189381836038
58.621876874292127	-1.0897042347257349	3.7685751272492451
57.842271609838896	3.2977522472545577	-1.7838613822616107
58.47809672053593	1.4142820912654761	-3.4649030736128772
58.517653476834681	-1.074008087950832	3.8085915288688499
58.68488838255071	-0.57476826656750313	3.5321982790710464
57.927935828310453	-3.5594746124605781	0.95948246454158714
59.195045393674555	-2.3829460534192624	2.8654950692220913
57.611990729196499	0.22286189907977258	-4.3179658288065133
57.759026937767608	-3.2586848813970142	-1.6933967776765424
58.541977556203946	-3.9535381942661694	-0.29880006069125881
58.670857088079906	3.638776151882654	0.5715626253110605
57.732991434792872	1.1778987892861061	-3.4178002855507414
58.975009686943253	2.7710218624236642	2.2737782493012881
58.140145014466448	-3.3700561085630354	-0.408705247244803
58.997926680274084	3.4271426727148495	-1.2571238533487958
57.630759741430886	-2.4924233451272331	-2.8468261904003405
58.300122936573239	1.1712325683092359	3.6774345190020479
59.085065957903325	-1.9538918734713093	-2.9690853539843443
58.936750034865803	-2.3642289406202122	2.6171093841972053
57.949321962510112	2.8397240195255438	2.1609739950314952
59.224052124298417	-3.0765418374680298	2.1401239502688423
58.14139586398251	-0.31239202505705799	-3.5881674588552026
57.734725083873741	-3.3659272850909319	-1.5724878656207057
58.076656332972107	-2.4255023802362725	-2.7895768810173633
57.854251319487808	-3.6149004096742328	-0.95448945033602983
57.777610617527024	1.3480537236351502	-2.7823876061009303
58.051105607421484	-3.6069097948918105	0.19305525145775354
58.115766523298262	-3.1738972412504487	-1.9558654396503259
58.13684489574073	-3.1088560650679189	-2.1786180399257096
57.78826650329033	-3.8810347080751724	-0.50228128040633124
57.942609674513847	-4.282899234782187	-0.23465392097286342
57.693865332045476	0.19630292896264359	4.0665413728197137
59.182571934485082	-3.0753987623416479	1.503310634615858
58.706311987946684	0.36328098183918889	3.9828647813975144
58.183368646595255	1.7804889887763793	3.213287221755301
58.261119422410822	0.35744064685712917	-3.3324133907572957
58.796760388728792	-1.4661374843892683	-3.7144434927978254
59.278066289187571	1.3520999222273942	3.1700221061262628
58.973140977521382	0.76046602247480255	-3.7567925159794129
58.841324857810989	1.3651174001099833	-3.809648396884461
57.740110737511479	-2.0927911435099738	2.9285780711068625
58.537017045220118	-3.2709570331128934	1.6132789424947602
58.96818826537006	-3.6331560817161894	0.22718411182631226
58.814620830803428	3.3722771458700618	-1.3736911474368136
58.593048226625378	2.331438828935628	2.9251778172439713
59.444535087981833	3.5606338804176256	1.6496381949668868
58.427711462062824	0.50647730909801048	-3.3652645275427364
57.913398524140625	-1.5165932025160112	3.745233616930939
58.025970226810998	1.7715867624950048	-3.2394794826378677
58.975563716840909	-3.5438539075227276	-0.86476239842895042
57.577164010208584	2.9764296979687983	-2.2639648770251757
58.307262365184137	3.6938421928534027	0.35571589064191572
57.794825961073094	-3.7953205932124887	0.6511406058646797
59.093679154082956	2.71255936509688	-2.9306588975638368
59.227253545876529	4.1815279940742975	-0.17763200352941474
59.227220423812383	0.042878749268543341	3.8867069993651762
58.032756729479701	-0.25107889083911894	4.3875289448340737
57.978496379350133	-0.68176762173908423	3.8967769317922292
58.004254461313863	-3.7887469014854465	-1.3730564804230581
58.026393720037461	2.376036098109469	2.2516788490860886
57.751618428246296	4.1248967997781358	1.7297369840152725
59.01362382314062	-1.5429005555321826	3.4237911807445474
59.216832191883334	2.9219156855845454	-1.9771536606216462
58.963160777124102	2.2059238820456684	3.418303707762214
58.946212585542078	3.2232020562494288	-0.36998312971443342
58.373145012978512	-1.7884571248988455	3.6727354977152609
59.315844223222285	0.47127525543040305	-3.6694083707748737
57.9042595724367	1.8515619988416465	-3.0351626101052265
58.169775656413371	-3.7247026268453634	1.4216296905501447
59.151357715836248	1.6179498379184054	3.7538404721905061
59.37751048500985	1.9937159606890411	3.3593753130172828
58.005336910688968	0.97844072450167563	3.3501854343479196
58.653414917130064	0.13488529841636202	3.5515818565427364
58.363686121970076	3.920176926993812	0.53738023899970166
59.294633480365917	-3.5642003816387038	1.7540468760936692
57.968436099294159	-3.1888112286873991	2.2369695548958459
58.541274386501428	-2.9082418635444105	2.2748004379132341
58.58359034467977	3.5262815223104162	-2.5664860969169783
58.091062141841739	4.0147012172541032	0.73262873404202811
57.750970551525548	-1.1127309173815028	-3.5413603789565218
59.280395173074005	3.66745924437899	-1.5962296134732483
57.852653611677646	-1.4634799225982535	3.6984809178191447
58.990193093211808	0.92747166833962824	-3.6364101678588043
59.441658540707095	2.6418029829961989	-3.072409673022241
58.55618777935242	1.7985500674450989	-3.1663223623768419
58.138712325069818	-4.0114163799918447	0.66672863671936111
59.12111078877296	-3.4441344558332818	-1.2248254605382998
58.405787669031071	-1.1669390575763801	3.5126617970309524
58.028426619783609	2.8897099034326423	2.3569800374798309
59.298142576722952	3.3083833463638999	0.60023654756855926
58.040202040459661	-3.9267305071478753	-1.3007730447054004
58.344289492817403	-3.0968694515410764	1.1717453218520517
59.223445215515952	0.88844858638476354	-3.5202048849612608
57.984747201932663	1.5348760836650228	-3.6928657054023799
58.71948094590919	0.65082729893245594	3.5713201662539147
57.751560554767508	0.50784968380936968	-3.5786317593249395
59.157534376601603	2.4249927057223903	2.0031601723985659
59.421752050594115	-0.96696877811241833	-3.597162758838349
58.709036255788646	-2.5354295310929005	-3.0589924863609039
59.362947181050863	-3.9225394801677296	-0.514473820121081
58.410261813066235	1.5374677472267753	3.5550441942038642
57.775929597940554	2.4719082345174797	-3.1003804724208193
57.759139962251993	-1.1389297860401366	4.1139734156093182
59.42511040630297	2.3315596157839442	-2.9556880349008336
57.882056927400917	-1.8856029775327701	3.0118417891340603
58.795305337265823	2.8553457145961461	-3.0039065405083858
58.501910295590001	-3.6099693070367112	0.24889193632179571
58.60505394809946	-3.7122167652958939	-0.314981162884578
59.457395920931326	3.7390450511119298	-0.97766702847480436
58.408562155726358	0.18537220615446173	-3.5882062929643528
58.121313338822254	1.6630777684669538	-3.3134608528326792
59.408288011659835	-0.91825745526439861	3.7936833489657427
58.502678734690093	-3.3351851132411943	1.7545165614413938
59.320629255764722	-3.4121874874172917	-1.3353798427599659
57.74774711140735	2.3701412562533046	-2.7583486080925383
58.234815130102866	-3.4544337013314301	-2.1823816975838817
57.748231721777465	-0.87408361031063586	4.0294206167129261
57.878646095865236	1.0364660872602396	3.8497032395613697
59.458714513072501	-3.2485604874008271	1.7086414311292244
57.757528291189772	-2.8732678677615695	-2.9080766134940625
58.39964124815446	0.61417747012757629	-3.9831394093478436
58.180786110251148	3.0521483229972302	1.8071418110316244
59.342063788706241	-2.8826769802514134	2.4318219818046614
57.903057761127947	3.8143481145089297	-0.45971215786685793
59.297837018840724	4.7026549505832467	-1.0119992535701634
58.794055561589893	3.2145837744531982	2.1558895344201368
59.265512380184376	3.2627081604949977	1.5312093379100133
57.676583566725313	0.76993313455257995	3.566980708012268
59.235972095427492	-1.0184082197736404	3.399984784766664
58.057604233977308	-3.8733600612182904	1.3956768406682445
58.665700560341961	2.4278754604967188	2.7532478125841173
58.176640336432705	-3.4475065219254715	-0.72769318449001996
59.211057111090206	2.7865684469529506	-2.750999844791318
58.207260893555592	-2.601021992961142	2.9032599191312194
59.178970850729556	0.030315190571123578	3.9358541136193006
59.441284498184693	1.207271860671463	-3.6004534551785219
57.661584649660838	1.1356881981329572	-3.7546611786976163
59.318869951146958	3.6332338850133858	1.9195698015848965
58.096495237022651	0.48415134668688936	-3.5536936607546883
58.898907594189588	3.280071737229302	1.5692392282161383
59.280067753643692	-3.4329570258455684	-1.5545018292526092
58.251917375778682	4.140436180818214	-2.6265287761097569
57.6945182720265	2.4416798664959818	-3.5050523220572245
59.309153137923701	-1.6180222885476054	-3.3037505106267329
58.4833798638982	3.4912422786726425	0.93494875531038923
59.054937296390229	1.7295371083745161	-3.6525073472127945
59.121422436882973	-3.2365036045955642	0.61558809056620378
58.930151973483447	-2.1939931965110997	-3.1622404220451128
58.557374896510254	3.8668228379763789	0.067556997290271356
57.860067709579916	3.2087318986177058	1.9727530755742597
58.905698572261244	0.46809736150256182	3.5211401132451652
58.021243354008647	-3.1966576989928774	-1.5632681366451273
57.704781292539828	0.66890067082560001	-3.6124630763647381
58.027811314139861	-3.8674407733612584	-2.0382047557818757
58.57247862040294	-0.76098905649132864	-4.1332015781563465
59.110905716587901	3.6454212824342611	-1.9527860832582564
58.539710646169205	2.8778899790656611	1.4313315771901103
59.130808364144208	-2.4899298708603301	-3.4579703487361666
58.899166483693385	2.0736068273930099	-2.7085524987476646
57.978391958445371	0.82592408909242365	-3.7789655569475
58.531878382065607	1.561945101443645	2.7055496118887277
58.058041919596938	3.8105372016162939	0.46690299014429876
57.95379494943996	3.2603442259405218	1.3015303410744026
58.077174076573058	3.0113315137469518	-2.2039476987869158
57.727990616028144	2.6929081427962172	-2.5270594993413131
57.601250454174597	0.5848123221097693	-3.1043264368593868
57.78807435434436	3.115090846075478	0.86852292869063186
58.027614815930953	3.1356718938912098	2.7509840946126438
58.771900719140788	1.8904650445438194	-3.4660392348747142
58.211130766344631	1.2411630231201027	-3.2449162722251832
57.801586223816152	0.26412698033094367	-3.4616469254293341
58.813825744455173	-3.4337926590587413	0.22484425656580878
58.720329980731613	0.43039031396205013	-3.5318544543462376
58.439771866476462	3.0703429661553572	-1.7084852243714432
58.55989537291557	-3.3598168501625691	0.96167422460482377
57.83040580526437	3.4794072149904083	1.480925210541765
58.74272284405567	3.6035546586534513	0.74894455975348007
57.843765727349776	3.5577476610754561	-0.93515039283992096
57.65381257060119	-0.48528623278848837	3.9716451647332902
59.238321893632438	0.30951234564264052	3.5105887043164263
59.194735345721419	2.6291995000634296	-2.6221439961027158
59.486616913948495	-4.1280337840293146	1.0035929610041916
58.798283408564885	0.076076413258243811	3.7717887745930372
58.491845826721352	-3.8129376229990295	-1.2676488115262212
57.595953113661736	0.23569990881153399	-3.7238496581433638
57.525330932543156	-3.5510941611081566	-0.10889382119165979
57.854587771136273	-3.0757078717601805	-1.7477976635440644
59.382464893677906	-2.2614137219883736	2.9471292448685737
58.463067260105532	-2.2024484224691383	-2.9237314163575721
59.295401798869442	1.0528477560977212	3.3942696429752832
59.264203238312462	-4.0358434929327816	-1.1560738408365743
58.789016131963336	2.7709923968163599	2.4125413053681459
57.593978611754245	-2.9612948592957027	-1.9492325077533481
58.019963936797751	0.72171646456202321	-3.6626535556981841
57.820987017935067	-1.6859271268356211	3.4636542505252215
59.053626561005366	3.2884297917648384	0.55720366728788107
58.286221075317755	-3.2998700808288421	2.1942959062878846
58.934064825152589	-4.0602850428896042	0.17348797312349931
57.908223377877803	-2.876752018488332	2.1891893381652507
57.735598222546066	-2.8117762190470406	-2.2948334435641593
57.967081803904208	-2.0945274831200562	3.293085432007715
58.090599992711034	-1.1651369149803956	3.5004447636567968
58.780512704336523	-1.3416701101119315	-3.6803690644820199
59.2186345066903	2.8467349815610592	2.6500845647340348
59.301514076550582	1.0749265904466319	-3.550626524147944
57.879211905178671	-3.3533683105171019	1.8276259413795013
57.732528776475256	-0.031647149915591713	4.5237361178966236
58.477042450953611	2.4909459771861329	4.1114251326252003
57.982589801073608	-2.5273510433278199	-2.5769881208860395
58.989110126607386	-3.5405998212469609	-0.76042065998524655
58.847037069948946	2.8224145134228302	-2.4247498373635641
59.425930309458828	3.304521979984024	-0.95279897366965949
57.981036300953761	-3.6253092528031381	0.72708052863698736
57.450147363143934	1.5220943430718814	-3.2195897359905397
59.302845203356121	-2.7137843020927077	-2.7768247665313299
59.414103456161961	0.070165724498133741	-3.7904926886083472
57.643920697443995	-3.1949798228963	1.7281772054669979
58.640861770768687	-3.5472207645737108	-0.054294048749732489
57.734600360444816	1.6941397548034369	-2.915163460426359
58.444617392808063	1.748597815795448	-3.0033091823028637
57.801078995548899	1.0653124212299658	-3.6764958317267213
58.569193992709231	3.4526125476662184	1.5169747304955294
58.383070269973786	-2.7001587172798738	1.8259130669972419
58.749540783890851	3.8130125525299587	-1.7777344291766668
59.307241423143054	3.6752656356591791	-1.7204951550238976
58.084443305095306	-0.31774548378078271	4.0836020381830904
59.161664122607306	3.2083787594110449	0.042579131239063095
59.168748411617024	3.1503807103813877	1.9831229503075665
58.82680533902991	3.7410144919200059	1.3271421874180667
58.754173133060625	3.5711104864266021	-1.4817866756823159
58.804201651880071	3.6095430895182803	-1.2210780474021294
59.016831861240611	-0.19294031031144943	-3.8185723034426275
58.264683679008819	0.88206962803030409	-4.0020485179883538
59.0769560142719	0.33251026649612792	-3.4894209243078245
57.608778148184996	3.7316248668991179	-1.0959042812612227
58.737904991005436	-0.40462635650678008	-3.7632956738147527
58.080981044786768	-3.8837419764433991	0.18918148036871787
58.924055973553905	0.47078622437968576	-3.5391043782751317
59.420306454062342	-3.7555930584811046	-0.4847266144255829
59.376460190936676	-0.63588939170118475	3.4235056067595542
57.618508894828899	3.5400258902518145	1.9100908409375781
58.609054642597158	1.7854273537092396	-3.6319940741088503
57.693288335219037	2.2570273066991442	-3.1094186007070426
58.172078853063383	2.8086357273072591	-2.6943815596234897
58.748491697078585	1.7536283899496177	-3.2726521279663889
59.325969742154626	-3.7483168667574995	-1.1809897291050793
59.10370830919112	-3.6459050305006384	-0.82360094876595102
59.32774381776521	3.9444762315482942	0.048872774163836424
58.297954689594071	3.6456561332910944	1.8308169291883822
57.918366304673363	-2.7711936455657864	2.2830957645607981
58.129744424550658	-1.819071170004134	3.2869702364084383
59.011094916731338	-3.8089905528958199	-0.63642173940298419
58.205241588586929	2.029464146624075	-3.1862967932287529
58.995420061574997	1.5695234938466629	3.7754762559764083
58.026287338678237	-0.12342033592643009	3.5136490233444633
57.843372698663913	1.0928180705421433	3.2909210849144723
58.626678596267546	0.20952058099272319	3.833694856413115
58.598741888693958	-1.9009273959033912	-3.1859518906712543
57.552462948337926	-2.873197732014062	2.2446522736543741
58.841706720939648	0.31969174401114681	-4.43267600503283
58.440294536749761	2.1002847761972729	2.7247016005316751
57.976743989251254	-1.5154946891618157	-3.4209288938239446
58.494966821977421	-3.752459105241813	2.0176215490484712
58.968846721426196	-1.1356609438042067	-3.4080060636441765
58.807060733774719	-2.2045790704450545	2.3651138117517725
58.996347273066881	-3.7473844150144515	-0.21477111298544815
59.181609208370816	2.6338142872203161	-3.1273487758797596
58.35986049430204	1.4669066363573686	-2.9207094285757016
58.3668709164589	-1.5369968182666869	-3.5478542817184398
58.534429226228248	4.0155913462571817	0.19697994250234935
58.123950029836699	0.3034372634179866	-3.3728081294347727
57.613463043634638	-1.3939861227940973	4.1808877298995695
57.822624398963946	3.1552220328212393	-1.8785883975265427
58.55564741548524	-2.0894511092678232	3.0299602692445342
57.95800491363137	3.5355733871941992	-1.0781611905791662
58.349703427577374	-3.0615490389082081	2.2224898809357372
57.614867424810527	-3.1055298090770598	2.2037115164015293
59.350323494440218	2.9246880710272403	2.423056528854727
58.002907307655612	3.1822384788414881	1.8502511593899724
58.174928293044417	-3.6004930158194188	-1.7549639332420732
57.776444277282081	4.3289043346987395	0.26089516289471554
57.953525274166189	-1.5090157284938002	-2.9089512177204617
59.385501113905661	-3.8020507717035694	1.1618726781089703
57.917043412785958	-0.94342633704293488	4.2024772766057605
57.876252885762391	3.4611364499211423	-0.48841773229605856
58.643208840428912	3.9988539344847975	-1.0739380050093903
59.387326567951803	-3.4861039959592941	1.5527338454251343
58.427939222064467	3.6129187596789523	-0.92842528455289242
58.415919036603086	0.11279373476540559	-3.3701516388661461
59.17713250486603	-1.5347059607191695	3.2464005576366599
59.368692183459579	2.1334889855627144	2.9996182636433568
57.874787136080421	-1.9330637756601623	3.4833673201275213
57.664471659175	-1.6719427025044991	-3.0929492805542198
58.844617354894616	0.5411777389045479	1.54788761842455
59.234558897451883	2.5588952713801723	2.4299405104455971
58.114944313079974	3.3636852354643842	-1.6563119086270035
57.919776303612146	1.8979423611019348	2.9461089693341478
58.213498336346298	-2.3180839053087192	-2.444527688761776
58.44607135586228	0.83190200355854638	3.5554923275946115
59.292645492686532	-0.48459836509390869	3.4809899946707148
59.443690780640964	3.7661921199816586	-0.83542273047585291
59.345734058175147	-0.97547056321349712	3.8392126724120801
59.024713265519473	2.3404838614086234	3.0345274242327664
57.80145551404857	-3.245202730894722	-1.8624531924479117
58.301548400170326	-3.9969722562345336	0.60538913916515746
59.026802478615721	-0.57611202485561308	-4.015608807415223
58.000950819569688	0.18839122654333665	-3.8625565212538975
57.91628807400334	1.8480899363153265	-3.3873330605775709
58.505152386730806	-3.1994732398502093	1.4201705038205268
59.442418646644107	-0.04031527571002759	3.7740363178359861
57.866823998672366	0.022087143973089481	3.5744857467505486
58.273696806058155	4.0328295083818402	-0.50754936926992689
58.969288843827066	2.6134176285707427	-2.4718821476759554
58.936977626068483	3.2428565691504008	-0.86941168636849775
59.397663215612901	2.3525365162326977	-3.404501848491861
59.336542849168083	-3.20901327254201	1.6653298711739819
57.567250405376903	-3.706100232692751	0.59197732897303668
59.18459852105736	3.1106433135707543	1.553153293054663
57.852029303453833	-3.5456448667960032	1.2647304623074014
58.584610168556253	3.2468692524360203	1.4355247670258415
58.963851259736764	-0.86477779788087739	-3.3127164387956034
58.027571284566086	4.01697994471035	0.34405784072109175
59.096620488536068	-0.80920965397733624	3.9050209927356043
58.195938370900805	-2.8083347103695488	-2.6931652402477444
58.738266992078991	-4.0509284662591805	-0.42907792250821025
59.080429801939992	2.6073809974078892	2.6245229020688789
59.372940929363004	2.3187553486711088	2.7389360297223462
57.867331772665516	-3.2346973423629071	1.5318565583908239
57.590169655701736	1.2824521532141511	2.9640216993808601
58.979081910019289	-3.7504408759122958	-0.84902610605642803
59.402867261643706	-2.7630018951295101	2.1940064924046192
58.437823523575474	1.6204037008275376	-3.4074260522373252
59.095876272581407	0.55866942609217818	3.6303406150811681
58.20673598658091	3.1531545347347318	1.8225706369634564
58.419380437003824	-2.9176838427066474	1.9495297504796936
58.013240313699441	3.8239038774603307	-0.74203693593593789
58.733289717309049	-3.3228619986204295	2.2809922385900694
57.986354620948752	2.621724872629946	-2.4233939594452214
57.876448966459506	3.6177910164668892	0.70208581900733691
58.167182398426341	2.9043497928568498	2.2007822837436395
58.218254470039014	-0.68638822579403169	4.1871318857561448
58.234920915390006	-3.6911829798566584	-1.2280402537485668
57.85392257434313	3.1255885796994138	2.0695032339734172
59.599270846159378	-1.448526737833451	3.5953488933182531
59.23662164757652	-3.0438484386283506	1.4856957338776178
58.863771826551719	3.3275206444732639	1.3015301851964407
58.618707975953733	-0.93518621213860986	3.511086283641689
58.273666853995898	-3.6579154612319389	0.74940962276680345
58.049738577183398	-2.7718061314803588	2.8588797208729684
58.341480712160198	-2.3738188709090156	-3.1597711681091614
59.512730357807627	-3.3873924758720695	-1.9206557305749259
59.363521304056427	-3.5470044760728321	-1.4873533950538813
58.220931428932182	-1.4403128805367917	3.4044199490322717
59.310713947621139	0.30676630451447301	-3.4099146176524133
58.565427085106172	0.33711790075685483	-3.9605819833569957
58.732994601840737	0.41692660507171059	-3.5128986704957654
57.690387843023679	-2.3392350730935099	2.8563834543435918
59.184224806000543	-2.3649813482635653	2.684401954329132
58.032048420069366	-3.9354617279240429	1.0205230186982222
58.554389598039528	2.9365781373289868	2.0908635470017685
57.801279539229974	-2.7512219561033882	-2.4507015525058446
58.984405546030601	1.0691061868969121	3.6299383204995985
58.360857866431488	-3.2679617538243138	2.2824480592236545
59.248251923184867	-2.0749699956649996	-2.541155658409767
58.519384708789119	-3.0833948347789697	-2.4329363872496801
58.583096494312421	2.4782883965432054	-2.7598868281359099
58.923188529247668	-0.05247663368958444	-3.4498508732955249
58.019675748548281	-2.4650380219184056	-2.945039676062664
58.764249895935187	3.6561814796403187	-1.9056052317531109
57.921506095356278	1.6920923518625697	2.9921864330690275
58.115861568941398	-3.2532786572549672	1.4443425794712643
59.460436523202496	-1.4685515463819556	-4.1874548307319479
58.014973660152471	-2.0437725100057818	-2.7664402337325709
58.101644433811018	1.1099856052393045	-3.880660969949203
57.76189244157964	-3.1817821236709078	0.5254976051347755
58.062856354990522	1.8061752299246998	-3.0626308394016886
58.122654015194207	2.8824068075334615	-3.4684687107086507
59.48291704412933	-2.9034494144139438	2.6974052093524938
59.538676946021646	-3.9106146831544191	0.25107077040500636
58.816568233429614	-2.6920168879062194	1.9127653600328214
58.970476124137782	-3.323723203494974	0.99695529034186881
58.968411937499134	-2.9638252939848093	2.2175264989087409
57.708117385185012	3.2503092872057913	1.7492047096418275
57.77586707798568	1.4074168811076058	-3.1553010129628425
57.962007790003454	-1.8238763978528589	-3.1065541593955994
58.123415807263555	1.5901526869142992	3.2389442564388102
57.717000863737773	2.8695710137519201	-2.8022910578572171
58.006951473385698	-2.5399518470461171	-2.7991261814612174
59.408820203400609	3.1557092346621638	-2.0195964763256429
58.686649597000063	-3.4211841370593215	-1.0140866019149155
58.552807616832752	-3.6105458217133082	0.23722122656543304
58.629197322239158	-2.9561962913098871	-2.4945517081994875
58.572200451482487	-3.1485537588130645	-1.6949523403998579
58.699558093670589	2.4508596914482177	-2.8176903268521096
59.332413106934069	-2.4623826375337345	-1.8726885995428646
59.490011367017871	-2.8712280475692351	2.5724726301481335
58.359266978703275	-3.6039199495039722	0.64982568765381143
57.706471656946057	0.098215081210177246	3.8527222993812829
57.921717052943265	2.0108630872654278	-2.9562791314178773
59.199037975807393	-3.783133519241296	-0.92717948781690152
58.355603410420315	-3.4134238980449929	-1.7116694549742315
58.856992971324594	-0.29732905250705183	3.9192790493074212
58.890931855467265	3.3394442847774664	-0.20680289376853897
58.205153460144139	-2.3361443656803815	-3.0705192335764799
58.358227274311261	-0.98980401531551787	-3.8869248543569208
59.354415167420463	3.2254971387033269	1.8783123309130756
58.493343963951205	3.5108719145128129	1.4680076732500618
58.913104444730976	-2.7879142333966938	3.4389801100461459
58.718078217820278	0.56241054912039057	3.9598556649152865
59.35248991002053	3.7273138732455751	-0.94439390316934346
57.834953212147639	-2.2364445686689471	2.7557752597950249
58.225054888805005	3.451991476045615	0.070742020976515579
59.179631458976615	-3.7255974669084959	0.25280138459286505
58.509542071797789	0.57339510932607096	4.0153974428168624
57.930392860663254	1.1078984199442983	2.8254138429452604
58.198655593419261	3.753190400066821	-0.88430656352785153
57.707539666664651	3.3571831790579796	-2.341747800459073
59.236585981891771	2.5189388093522802	2.9036772230221288
57.61964802371191	1.5697519009936252	3.4551825900187025
57.816174662803299	-3.1024394303649929	2.0338262131130658
58.446457409117421	3.5906607022352226	0.2016448947236866
59.31727386472793	-3.5142776442956576	1.7270254961917586
59.382503165000578	-2.7884784411820749	2.3900733815537838
58.401458011335322	-1.3791266946802616	-2.9740403281357444
59.284707072630098	-3.2069004852557033	-2.1630380315149149
58.239696669946106	-3.5984918181921453	-0.91760786145255924
57.804012994930957	-1.1477094991202825	3.7830065008458127
59.118028086744722	-2.5029750340762402	-1.6923555577531628
57.770561788954723	-1.5307643253323127	-2.8771834806016661
58.687761774556883	-1.0496711012476785	-3.6935969022301824
58.304384095627171	-1.986128007188616	-3.4235795403449183
58.734082528266427	1.599994766831911	-3.4841141673271037
58.828212866359856	-2.5745946136917839	3.0260921624806829
58.137509383202698	-1.5788205680978309	-3.5778510433009063
58.152917430891293	-2.9583916559029726	2.53358914110306
59.110610414548617	-0.47990256692093269	-4.0168890465598208
58.741253600216339	-3.4000024103510675	1.4609008409536097
59.143174076607345	3.3770725547357729	2.0118543270362377
57.934751548140937	-3.8654331814180485	-0.88599655700494795
57.749101047157914	0.34469969786205201	3.5839376216862355
57.960340142851329	3.5331279565336411	0.94802469790068178
59.167249106041695	-2.9960870767260306	-2.1339286316813979
57.831215014112239	1.3898543738129665	-3.3500459534415459
58.442330613673775	-2.9645912206563967	-1.366684695750078
57.56207875121342	-0.54928075660561315	-3.8654056512304016
56.575886099763693	-0.61941032101161364	-9.5394420459065277
57.647263276005063	2.1081159928079076	-3.142011398766734
58.094613778807876	3.5011601577132692	1.1958358181004676
59.229154437963246	-3.7799631168501273	-0.70251592713751876
58.289634245126109	3.5479016432602877	0.28031522288401173
58.960314499711281	0.78341040920301286	3.6398210259178092
58.274016528761628	3.146960438919888	-2.2085267367107977
58.032228269399454	-1.2973890659034648	-3.1016895949858965
59.162828089300326	0.34550353866410682	-3.4106697884568935
59.459620540416232	2.5768940244528755	2.7341215549765168
59.586723365443305	-0.74312289278087995	-3.5574632070957741
57.937217943148077	-0.51466259841561846	3.9798519619960251
58.794559685719271	-1.9605963785223766	-3.0047757754129965
57.887140945378981	4.0334134309561023	0.34736012702154062
59.578752617557399	4.0198915211632702	-1.0236135350474624
57.732242227356515	2.8220767301258105	1.9802387219559099
59.136909508833654	2.898841197585778	2.3665898039070146
58.231891404265731	-2.2758633057094104	3.2454949783665201
58.371317124962196	-3.039724204841729	2.3342125532375708
58.470417415469285	-3.1320662098304002	-2.3494717160173177
58.238941486997426	0.92228503758275282	3.2543655177037816
57.912350345378101	-3.6635635450747621	0.90272692515969799
58.798523609979867	-3.5593652562260827	-0.43709442216432703
59.097455712423972	1.5392058946182241	3.4531637173731862
58.532848385049604	3.4457831912845025	-1.8440625742657191
59.196812326995541	-2.4829329067170964	-2.9919809967212143
58.099857682793498	-2.2560824511581776	-3.1418856695604305
59.289095014047696	3.1428679057403301	1.9515173089150191
58.799730607227666	3.2056327105227411	-2.0686337024188624
58.593926710094479	1.3306862993495723	4.1652543102598196
57.518041016944515	-0.99345791789006088	3.7716193934675242
59.108989407033178	-2.5597075745688942	-2.9286991195871384
58.394791151909473	3.6288590063368953	-0.56883962162100299
58.955330094874249	3.3044203346564291	-0.32946011187058771
58.373362713378206	3.8516405502248836	-1.1973508633148804
57.887135928111306	1.4980998112926716	3.2197953612812982
58.673869824010737	3.2486609409289713	-0.93581880016615393
58.75344257709456	2.6887120995778129	-2.5181915159874557
58.973802198434136	-2.884901913654617	1.7904737481844244
58.78866222081674	3.1263810050412935	-2.1779198000779521
58.570070927828212	3.7243314982472202	0.18604499489243576
58.756424089556248	1.8843307839249743	-3.0433580389641932
57.975389298429356	3.6382447298059124	1.4798896757370552
57.772374082046724	2.3875357140555269	2.9452590083234966
57.663975900776023	-2.785615069692482	2.459679003320022
57.91492834228869	-2.2606670582510002	-2.9771668943860141
58.153892728923367	0.66456518758882233	3.5162555813439891
58.481039461111699	-2.5683358046003697	-2.8075036544543743
57.949204039963661	3.0560906062715278	2.2578627169314696
59.047130471391753	-2.8834734434365528	-2.0888596380462277
58.078380192052869	-0.15490467910130618	3.387280915279693
57.838565297557061	2.5253580275547165	-2.7956197404927736
58.862548079326466	3.4840638292166988	2.1259026093117623
58.810355196795264	1.4204375372325437	-3.4953316995086046
57.684418499378829	2.7885320403152858	-0.47102982508710622
58.945327887444961	-2.4851208100647515	-2.583549848492503
57.641766544239466	-4.2592104044475532	1.0321676610239654
58.120220888023269	0.40308466249281999	3.9211641695093027
57.939541941259684	-3.1278173273495593	2.3630355509984251
58.617699489665064	3.1310056069709877	-1.7217386299589967
58.902060311258701	-3.477022030632261	-1.4800263322149692
59.376025010165115	-3.8214604301417348	0.12791541540179607
58.852156423817533	3.7289667132634126	0.8292697351451187
59.408585754633883	-2.3947012554890748	-3.2789482408201391
57.898592516451011	-2.7704486501438157	-2.4354164642870701
59.258620965439867	3.4388042104962966	-1.386175534413306
58.919095037747383	2.1472177635191683	2.9027918857009656
57.887164908234674	-1.0849306514339816	3.3745495173121629
58.110286906592641	2.1349725747456496	2.7911683379953045
59.293127794922185	2.5744857019947402	-2.9809801004561134
58.905402920689241	3.1449790375730675	-2.4598901990288944
58.917201841645984	-1.5618755262334942	-3.1079137868105606
58.584573373523376	-3.2695291882921866	-2.3757714602333775
57.870983718840968	3.2951479246445756	-5.3039383417668065
57.798454112811321	-2.8738131418318416	2.5728690133595609
59.466761545091977	3.3318132908904006	-1.1488804823222669
58.506642515348616	3.3362120865614622	-1.6779926465163966
58.210523039031223	-0.14297086924903005	3.5030858788760546
58.901968932949806	3.7623935908179718	-0.17731638090245072
57.90678047162897	-3.5455925205833414	1.5416374241635549
58.967844979372067	-2.2681851040492136	2.721135217574699
58.748919436549087	-2.716354790616105	-2.3768119065998734
58.836807172880164	-1.4702163286178109	-3.0445625739983999
59.223098107343027	3.7636747342214929	0.63259280593137457
58.850384523294125	3.5484967150581128	0.4736546432887998
57.760719611202298	1.9196025743677985	3.4343159178175542
58.73513340696995	1.4646724345325022	3.6160170141223
57.712377667361118	0.52279082240654362	-3.3254641206516586
59.369940784479674	3.9460588614250427	-0.95084539167212234
58.27832368474877	2.8068477636360396	2.1304859090884127
58.092843013158912	3.9060451795587179	-0.31603123010698003
58.835809177844361	2.6330065220799739	2.6478359296428038
58.683850842301219	-3.4875897212815516	-1.1542606077923505
59.222254138443425	2.7388335990240078	-2.7156779432432407
58.843986482822679	-3.3675101542010681	-1.4254491480437521
58.147320074046092	2.4199319861881605	-2.5985961213792392
58.924277194533516	-0.8262882785600425	3.4086846752945235
59.416433579440366	1.723635322496728	3.6156713961634241
59.174022932663135	-4.1347011028398271	-0.40090193164669757
58.748786020482108	3.3142945716589298	-0.92981177710517904
58.05848826443215	1.5240054936258161	3.632823719520462
58.683664206523588	3.3793192878084506	1.0812146800575535
58.284056212213621	3.0908900252542377	2.2289657911209435
59.026815546354165	3.761707527297057	-0.42430221608113805
57.93323245235807	2.2973157015403567	-2.8771214838756536
59.26575815767837	1.5533041311691094	-3.9941555455360214
59.356617700005103	-3.8982045173859259	0.68105989493309782
57.520367218087578	1.6716215272906394	-3.088425106093621
59.079526187696501	1.0787823150445486	-3.578067166920833
59.498170386184078	-3.6967823081907545	-0.19280222981920206
59.295844027763067	-0.50865587275579449	-3.679863646597155
59.436911843934205	3.55731573597703	1.9373583463265824
58.558514275077727	-0.97965684289661492	3.6866480764372804
58.933086708145353	2.4182311307912858	-2.9789328562244703
57.729851679276038	-2.8727279074534247	-2.2801667015380191
58.092684673452837	-0.59955838436157927	-3.6845034941252988
59.000117682777585	3.4584748106447694	-1.4606418892281736
58.461337090171952	3.5776937826560022	0.8018931548812952
58.750384307754004	3.4829592401700951	-0.21579160205743556
58.515715055727263	2.5964271363352589	1.9524133168545155
58.650075127847714	2.9236618926149109	2.6472750123856379
58.926533224051369	3.9003436916051664	-0.36817645636592045
58.834302260821438	3.8097815613452446	-0.7558589264094977
57.970698633281955	-2.1397359656295647	3.0611320812283123
57.969176372724569	-2.7324662519784892	2.5668401072455449
58.683700229511331	-3.567762213962717	0.91204712897837859
58.773321208032392	3.5176425970289671	-0.82343025959266003
57.8470460643724	1.7890470470105708	-3.4790689285401215
58.424052100897377	3.6921288520244073	1.4297409407284039
58.687444488386397	-3.4838399125793251	-0.28750060324433241
58.376571790584066	-2.3728428801215031	3.2931772592297732
58.812070468006027	-4.1169128435543128	-0.1048092840579093
59.493072133937268	-3.677037681444919	-0.13819230030150614
59.309749897243734	3.795730265530874	-0.084118300220471232
58.662376467826235	-0.72204920539507367	-3.647367264488377
59.408125919799815	4.311251665818558	-1.1583126173759926
58.25157962944531	0.85980802399028611	3.6635872504088836
58.609540587436996	0.95666044345263423	-3.5724464589952056
59.522602753518996	-2.5921075670610154	2.6521463631411351
57.926851873977924	1.3789707036253278	3.7623052529199379
58.392038042331549	3.5596267459170012	0.16148343376749166
58.768765874721041	0.94553244955492477	2.4759979504376322
59.220997635076678	-2.0914325398300293	3.4809913653327005
58.352144858301997	-2.8743501791475556	2.6332746722140814
58.514865124088388	-1.9938210729150543	3.2388078123710677
59.483415234777297	1.373998457284525	-3.0898164363770966
59.305516931119762	2.8528095876650705	2.8337023426505947
57.892961526256769	-2.8884554397697801	2.3923110806739225
57.972245305175505	-0.78310893415615412	3.8162974593181551
57.920000189424378	0.20103532736938801	-3.7808353180228789
58.265613322672586	2.8831705921365387	-1.716648410113583
57.781596249347814	-0.41179527388815956	3.7730234956547699
58.429949579963029	3.2699261308764735	-2.2162392862587685
57.723129843016643	-3.1641235145175393	-1.4961664733822753
58.25671951504242	-3.3839644039703454	-2.121462459857093
57.868250344514976	-3.3454093887973899	-2.2983671278801237
58.332820403213539	-2.4740107289878068	-2.8344771073731083
58.904465308541994	0.50156196309426948	3.6824321273992511
57.939742973412031	-1.2721284974242328	-2.9583077100353004
58.515265241836204	-0.025054704411902884	-3.4713441459039647
58.314192815829379	2.9059226959106099	-2.5534693731136593
58.625271088165228	-3.6244619620231506	-0.40074044855489244
59.307495089539749	0.87516541547572224	3.1508824971692015
57.401933527315329	-3.6974428399212709	-1.2008037065028103
58.838025833204945	3.5601194562720013	1.6052685299997489
58.278524276461951	2.933136936728014	-2.5410090672899361
59.244777312934517	-3.2447646858092218	0.66364818654706104
59.105240028335572	2.3722131098372308	2.7223953533123679
58.395166946632131	-2.6783055711546115	-3.1075387773995322
57.868480223429209	3.664497137095486	-0.0037931513727685676
58.491343230427916	3.0039637707327054	2.2286923149108229
59.348031023509478	-3.1737830121682524	2.5553200338029978
57.69164273177892	3.611833362468627	-0.38202060156964363
57.805547808865846	3.606112972308972	-1.0308897962755472
58.160347826150755	-0.40880685801785999	3.8255822463681914
59.294891260746041	0.25371082918891413	3.7722204736209246
57.407461130696134	0.32476475529564697	-3.6822597117939551
58.050531489667691	3.2556035414718645	-2.3342081252148001
59.003308867239632	3.0923333045402521	-1.7216866965095543
57.801511870951735	0.64688451186106022	3.9093186556047028
58.974262276161447	-3.7741453000302041	-0.063632015920958115
58.120228364303273	-2.8621437834649521	-2.9675418112467855
59.466947237173031	3.8876964519619404	0.7547476215226091
59.231514833740029	-1.6662067249990886	2.9719121522733118
59.513436620845624	1.0277772155068152	3.4539840640399917
57.903385362317316	1.9390606187034136	2.9672538883115842
58.422332950911219	3.8132903923868544	-0.22162320166448937
58.109281441648903	2.609748494219176	2.5719873167704792
58.169736781670167	3.4561506037526755	-0.65884199483538897
59.052002987579996	-2.609047705435084	3.0131666966964308
57.972310157389295	-1.4088309493965074	3.4330157242407426
58.073837338793254	3.6607994321917663	-1.1699706303983268
57.748515280903803	-0.16447564050735236	4.0063939071207662
59.10989025451606	3.3724750771991627	-1.4192782622441726
58.252697582375596	1.0339719919390395	-3.4787401227069519
58.528141456662553	-3.8457855331955741	-0.31262225999634558
58.053089795280897	-0.6208899257815631	-4.1083854671060447
58.698992501348435	-3.916719897504203	-1.0570961209655321
59.078520436718954	-1.3091511604316497	-3.5416871057380264
58.018665164299144	0.34534299472861973	-3.4543359875261004
58.529863128576068	-2.6344948000863018	-2.5948359768091547
58.218384292182151	-1.7859677249575456	2.8902803890356541
58.363790953910353	1.5678609369824295	3.6515706369499439
58.747119640963646	-3.2716868486173429	-0.68994834053732934
58.360727663719288	-3.2574105271277429	0.80071191176280698
58.530281877897593	-3.5832775934510432	-1.1888033585181823
58.507909135043242	-3.4623373998807865	1.1965157026985795
58.977636744261012	-3.472014677972683	1.4534635859919212
58.303102371918108	3.6273138332759576	0.8977579715533095
59.046952682945104	-2.5066859399610215	2.9297526767310971
58.160322142294632	-3.271656808223514	-2.4730714814372159
58.197237540498627	-1.0961699224961368	-3.5647715156177662
59.351236584471117	3.1034779536772352	2.2859286702022601
57.722918200099116	3.8741025442990025	-1.065758879028851
57.744867730341639	2.8819455732821697	-2.3671458819745173
58.763449715374428	-3.803753820282342	-0.48786834280249347
57.584115465155726	-0.12560391835793827	3.622434586198402
58.072239377858679	3.2936062665046872	-1.994782468962039
58.595541485376806	0.29383432064232329	3.8789716148012783
58.017954093699082	-2.1191590538353191	2.5733204994147965
59.469338066041139	-3.4304996531585696	1.717873209525546
58.913505455106446	3.5031992166965269	1.3586411557902127
59.077085300133746	-2.6267514343444365	-2.4141589135747119
59.22348644560104	3.1169280357718958	-1.8294489750037892
57.413770529064479	2.8644863128836286	-2.6899921981029089
58.452780965876549	-2.5809529056251148	-2.408338659345783
59.249398879493391	3.3417193348978533	2.0323070703860249
58.32975978067924	-4.2854438795451131	-0.31352192718915362
57.870715239828975	-4.1298285708334523	0.54636357453280637
58.785622834107713	3.8629994069659341	0.13638696872455561
57.877922506899573	-0.13296040699258072	-4.2143745286329333
57.668952357028957	3.2859188487872464	-1.9039603604037438
58.130380423428491	0.41056664261294401	3.4877579717046059
58.906093807179907	1.1096070435382375	-3.5410203329081948
59.342122266098308	-3.1160295539230978	-2.2074524524767565
58.890297602643187	3.784861982787449	0.2083201601119189
59.01712540598421	1.6526675868459666	3.2212980949000536
58.960662474073132	-2.6285000883273741	-2.0808923604914322
58.647732703654938	2.813743038882309	2.5714305910064539
59.131269001318124	1.1749763232850143	3.3675941077394556
59.362962671830331	-2.0604638978714904	2.8498402656075474
59.200142366478715	-3.2631023698935144	1.4763667579697675
59.185164010278022	3.1510661601502044	-2.0220726019103861
59.12136640412708	2.4942309585637283	-2.3401426440393518
58.687908994033535	-2.8379875950887103	2.8337956915514519
57.647554545683406	-2.320701380712769	2.8334076297919495
59.241050981316278	2.6419143858093159	2.9895160052319754
59.450233793711426	-3.7232817621501986	0.56220005866887135
58.628352975848784	-3.5495390074546882	-0.77558642719663484
57.744977858657684	0.23087618441391067	-3.5028224213715671
58.275796139437709	-0.38649644418904455	-3.4154550366746976
58.486847083893906	0.61262200055054472	-3.6745926763325221
58.728941581300873	-3.2784614646659715	-1.9845262527479033
57.639805601282589	0.46561395088023677	-3.6373287615170673
59.343183430671104	2.8382109266291669	-2.4118295722722367
57.776281600381999	2.2602979871162776	2.6540965832873411
58.634853488865467	2.5186707674005566	2.8737731227228052
58.141776815379131	-0.82456487619717866	-3.6781927295452479
59.296889127087269	-2.3700008855597727	-3.057982729554205
57.991291757966252	1.1662051104849018	3.2238495309056279
57.715367528064171	-3.6611866377697475	2.3309502297874434
58.665120227357164	1.5957411757741857	-3.0400696635799145
57.771928655116554	-3.5030165887017124	-1.6165111010628355
59.56091014903209	-2.0502644067868494	3.4005362205795553
57.800071974489313	3.4885050440844467	1.1666935486163237
59.29192520487932	-2.4344982739156662	3.0759818660173237
59.241118542669774	-2.2579210419695941	3.0353958818910929
58.57094177488667	-2.1994098209958421	-2.2032632553045768
57.835914530491976	2.4633461744618455	-3.3035301240964285
59.433174100329119	3.2268960848254431	-2.1130392757384575
58.120744778382281	-3.8267752367967938	1.4230940828238734
57.952341793426804	-1.5124888943251733	-3.7685411032029381
58.781626879464092	3.9822950592542758	0.58092730623509137
57.775716845164396	1.3870238128307482	-3.4507729578896362
58.704693190307893	-3.1053409539264227	2.737293422677249
58.514340479233013	2.3907595882945518	-2.8284468033491525
57.705560553044577	2.6056771257986413	2.9177682142412897
58.594566477883376	0.37347381494884696	-3.4329156825788578
58.248973744428184	-2.0545467600349325	3.2119266811808527
59.22142937456217	-3.2529582649411091	-2.4526551582818583
58.075190040170341	-2.2479320921508745	-2.8275981962981587
58.582436058337741	1.7634660022873541	-3.6411451297546553
58.335497481605323	0.22963776731890578	3.7862237988759433
58.182711318807137	-2.0191418759991016	2.7040814632626002
58.738927957045064	-3.7102662255521532	-0.36966314402057049
57.990606944257109	-2.5421818714925219	2.4495728316781502
59.058456262694747	3.5964014274703526	-1.894394863396377
57.568264870919961	4.0864803989190825	-0.23478086728980677
58.974053671957307	0.41745586788884426	4.2199938528027694
57.687412378374233	2.3645193087958778	-3.0447799440021797
59.232069475995125	-1.2074478162112627	3.4590518357798676
58.230155485125117	-3.2535573360353958	-2.2976812345671944
58.895041993346496	1.6859002850237506	3.4885375503290206
57.934605567463827	-0.71765831469603492	3.9632662511846553
57.994547255141882	1.8737997122889998	-3.6458522849709141
58.042661526075747	-3.7473425992448637	-0.32678804039875564
58.880082091407175	-3.7199531957307239	-1.1405395415238793
57.620030760202127	1.0809636471808681	-3.8055716049302553
58.319198429291028	1.26604460921664	3.3675962892572366
59.080036504860843	-1.3417692253429969	3.5855408389641874
58.155793240259193	0.12755998725784382	-3.7045313445407801
58.434036645006088	0.5669318608233026	3.6896467916443396
59.385998965087012	3.8883465697529993	-1.1366242847127732
59.192684693722555	3.5043848597062026	-1.4677528250216585
58.144188602544929	-2.4738653267950483	-3.049263346707392
57.688117443389345	-1.2858077362116418	-3.1135699778601724
59.334206572447926	3.1212909765530763	2.3219231890762915
58.048098266948557	2.9265879819459122	-1.8305440889672022
58.350868968988976	2.8042043222771285	-2.8615903343939668
57.950426537182771	-2.9588754147079714	3.0457714696829763
58.419325899171419	-3.5382043391300981	0.9506172028318336
57.76363045519588	3.9042328701901989	-0.2170147980385638
59.310531677046399	-2.8332397128565909	-2.5482157456684491
58.144758787675059	3.4569192132569837	-0.27764157351714852
59.381893574627291	2.6408212246838865	2.9612971382117634
58.362934731783263	-2.3503363594340301	-2.8013490043302545
57.563091240193437	0.93642770065402325	-3.9163307525015303
59.290987791096327	3.6042156765216307	-1.4831227255352057
58.449948979406543	-2.5299669137546692	2.5990350358206542
57.852826491830413	3.7372052685473656	-1.631397402395157
57.77619810936249	1.5349193535879011	3.4592243498246398
58.679787361168508	-1.693029816313415	-3.5896010244853294
59.016181799148569	3.5226635822149017	1.0245189311462235
58.376073600568475	-0.6056691374451838	3.6976098353552973
57.756821234780219	-3.1677027839441241	2.2639842985181162
58.770695064904054	3.2161580149593472	0.99244301596777507
58.135778812971473	1.8191226245394201	2.6936325719403671
57.620252034857366	-2.8987528390011246	2.7101920359542517
58.148113511484198	-1.2012299252108332	3.5597852152059875
59.125580250319636	-0.11917318759744032	-4.058504673735631
58.419462949829345	0.51005572222580298	3.8390817674980808
59.180706406899269	3.945852052943343	-0.90886856960792606
58.256300724099567	0.029473066133728409	-3.565124464063175
57.747615220712611	-3.426710874816274	1.0412836135515529
58.863377214012658	-0.18493390039399438	3.4061713927131625
58.53713523850363	-2.5161990057001171	2.4798654690204587
58.278104353007926	3.5868629774577867	2.6001131231675916
58.108817040850461	-3.6231093040436044	-1.1347180074167951
59.263178115349831	0.15860476975460105	-3.8947318793837291
57.96703820828008	1.6614917148030062	-3.468654393077121
58.159595377928348	-4.3531330183707055	0.68420088036808235
59.11504972586458	1.7599694563834614	3.4568329700005327
58.564599841188624	1.7359120908226444	-3.0596914654308143
58.979814124198704	2.4217873534312346	-2.7755110369948381
58.022499472513509	2.2208443666386302	2.8978303232878986
57.953931616550378	1.6223273136341643	-3.7716279590362811
58.506190001655924	4.0710726960696784	-0.3756865699758854
58.182231909218906	1.1177152611658607	-3.6429883202085596
59.04520401452713	-3.9214776250984946	0.8437428540739742
59.466259883621298	-3.2236050064045259	2.3031255400240593
58.484056331101392	-2.8293285746953085	2.6521418472855656
58.727493933227379	2.1483246111783578	2.8818208785141932
59.099474159289507	-3.1687157304236475	-1.6688514548878759
58.01712318071877	3.0922259727014381	2.3042252681289432
57.980342086978283	3.2431325699450881	-2.2116040955209741
58.181181629703033	-1.9779740575140079	-2.998651131687065
59.370703145885287	-1.2370799180608385	-3.478702162577695
58.232120191126256	1.1273948625218735	3.7151758598268829
57.666273489758048	-4.0642873412559677	-0.70082815449696534
58.10576928114444	3.0514532315738587	-1.0729011002506645
57.909700431853253	2.750018403419896	1.1948697798230266
58.557869973369407	-1.7936567475035265	-3.2250136858106289
58.966950187253083	-3.3374179085566538	1.5668177137148496
58.412736032402321	0.66614011114180327	3.6847493986866025
59.725432670974563	-3.502126281402949	-1.0122108758618713
57.781331766810155	-3.7737224589565574	0.20597885304662236
59.093526560128673	3.5439339116946393	1.5783863468690813
58.448494007138876	1.2808561559195313	-3.7170764554945017
58.731711027585057	0.68358167024693872	-4.035654130469351
58.604577792021793	-0.43686251676863092	-3.623274673210318
59.241948179229489	-1.1687622109584777	3.3623983674082409
58.641761924940319	-2.4712236645849335	2.8390727261760573
58.092344277684369	3.3973573678226994	1.0579396030778185
58.647559385939743	0.018113003762080672	3.8595703224756766
58.149295982796666	2.7655372145230128	-2.6315002956710889
57.896662334184015	3.1457758922890924	1.6946357338471958
58.92064125783493	-0.74658861980584745	3.5816933661909025
59.49567185479615	2.7542556304783044	2.2068363056208331
58.155876269851412	-0.57352464852555696	3.82240599663734
58.207164654233694	-1.5007413869408752	3.9212875203669242
59.33544341329123	-1.1982713640391176	3.2423872326056928
58.644596793541574	-3.5306557045845399	-1.4972276983665953
58.771114322925712	-0.7669603785438146	-3.6306748465947187
59.074295252268882	3.5632843758749515	-0.89081360117779385
58.019525483652956	-2.3953215042057829	-3.1681841168565286
59.294971663728575	-2.0716011911228231	2.9409827702909981
59.424376619236455	2.0168477808123466	2.9353585394408022
58.177804209342995	1.2243347985296431	3.2067967247203502
59.478636587372684	-2.7188479053796528	2.3020467077431159
59.377323503563645	-2.6509829809588497	-1.9820057743553712
57.838907763922691	-3.8256583519195151	-1.0650411735684351
58.811085725722116	-3.3758030307746067	-2.798667516144576
58.42391269745184	3.3677062959621504	-0.39081928477372058
57.569546124331964	3.7132563982601492	-0.25539724166488226
58.613234663183867	-3.08540979640141	1.7996037730460637
58.685996272034401	-2.7566668455338776	2.0896346475685568
57.469207246072138	2.5208439415738186	-1.9060652733647447
58.01303158179752	-3.3435250696245018	-1.3262421533647932
58.041796238322974	-2.3501909643187209	-3.3005378407255175
58.33095700777497	3.9414268397217027	0.71089197885800026
58.31049046284231	1.2179721707896944	3.6497744726289536
58.385772537283536	3.7012446153205523	-0.173477956302176
58.447101179275094	-2.2863823000339747	-3.6963433913122525
58.273627242960977	3.508762211097181	2.3572594991851212
58.084891814194748	3.1045449607581461	0.10155272051583349
58.561337859807558	2.3078830191515083	2.7471727977039992
57.934570351762886	-2.7729585264954215	-2.3771749950280991
58.360056157561822	-2.9620772133044255	-0.41686712870371972
58.923729979816805	-3.2204540983553738	0.99974922109603637
59.432260852838262	-3.51420322742845	0.020280490196957355
58.874682234772287	3.4898529876668229	-0.13058126389851973
58.22312395071323	0.11029249604201195	3.5923417885573068
57.520379493522377	2.5736320233328915	-2.3132530321218812
57.708163997811425	-4.1338579311269967	-0.060472675446474389
58.315250246540373	1.3959983135080622	3.2049231505567599
59.63721362423027	-2.7767970043237962	-1.9770443817663845
58.231432282378314	-0.99931377146084555	3.7783850617096233
59.209768409045815	-2.2864611933271459	3.4683163975035494
58.412076896221954	-0.1122563117603505	-3.4020681111524733
58.27948171673782	-1.7097578152843393	3.1153849683894603
58.996520824655029	-3.1801170530139005	-0.96197365333045359
58.738116427915614	-2.0973823125783877	-2.5175443361528327
59.331524236881066	-0.96336383688015736	3.4711845282178473
58.948719865994576	0.80443306933217473	3.5476207393990342
59.106676329679068	-1.6563616894339053	-3.5429830666598332
59.643069971315249	-3.2599877389605392	-2.0729951476440425
57.635540305337884	-2.1418569735913775	2.7636041710984109
59.277241756106314	-3.2924928752771421	1.4618215458612962
59.315173136575964	-1.4013449670584934	3.4879441135200806
59.516873917581329	-3.9364199665927777	1.651935285697212
57.836697273717178	0.45716961879089013	-3.7258550004013693
57.727873068993055	-2.1678570753833624	-2.9404744974891552
58.761988003116301	-2.4912391641031286	2.1745708678446185
57.825326277970312	-0.90996978654418237	-3.5774347294508666
57.660238425102804	3.7547815544445107	2.1073107264519586
57.883143986912998	-3.7223667082496603	-1.1604595749743927
58.772594592389162	-1.5583670592694852	-3.2295182416853359
58.574534185433087	-2.4662841300338849	2.8137764504654359
58.881066866980362	-2.6598217034264087	1.3667790715029795
58.343327732201658	-3.2314643358316286	1.8991017301754605
57.954931124128308	-1.1627971232397405	3.0329984811056026
57.838078784430166	3.2979505222687573	-2.7506384536509714
58.427640964569576	1.0482524856156241	3.8055914337372911
57.551779183973977	2.5683458269452388	-2.7376108048938002
59.090091195948247	-0.19040843914255806	-3.9082625885704112
57.874873492903284	-2.2732168426800263	3.2622650386075418
58.778376006135936	-3.7685170927761571	0.54999580869374232
58.766075362694806	-3.0136587996689324	-1.9831686093987533
59.123326721274601	-1.5690858306654658	3.1853414896831378
57.705431242671921	1.8877530116176984	-3.1299091552800138
58.08373970153707	0.71984323869631706	3.8787666611962273
59.0024267999557	-3.7254160221272978	-0.56229213013625523
57.969060282729117	-1.2381451177565306	-4.043922085660216
57.972712131858536	-3.5904718302018552	1.4894512282445094
57.718635013158419	1.0430314597723096	3.7365181062995183
59.454650681092403	3.960852191210579	0.83981787434754784
59.603343959016833	3.1659989576451424	1.9599259439280829
58.383685251596887	3.5543366916137864	-0.95673910667897233
58.396134780297125	1.4375410315407884	3.9982430516347569
58.809905225189304	3.2752942627434627	-1.8322182528670605
57.618773113800572	2.7532870563858474	-2.7921433496007784
59.335075288382065	-3.3852139210623244	-1.3106034102275423
57.816275368939955	3.7865350306234236	0.91899689888341085
59.089562480173946	-3.5311434727034654	1.4377652289520224
58.871710262995336	-3.7026119997473161	-1.5026676250196485
58.511964991857113	-3.9274240121691393	-0.7320249937691431
58.977661271167314	0.81633510184921898	-3.8244635462598797
58.330099867184792	3.2835358427360126	1.5952604112550195
58.936916475455391	-0.35260186972794783	3.758533258226163
58.277233148429382	0.89293714381896083	-3.0709965200719602
57.783917387712187	1.1845380067244791	2.914179197888255
58.921548882497518	-0.46153168344499229	-3.9268367121053025
58.142678513495518	-4.1381854941541274	1.4359878736864753
57.739105404002395	0.30727913042682409	-3.8118084574556006
58.901144117837553	-1.4326998222044656	-2.7740882884274245
58.23696641455399	2.4262132085020265	3.2270569924011365
58.777043501024245	3.2066374334899184	-1.9431752603141741
58.824223386191406	-3.8342818081577259	-0.038855541964340261
59.280909199078131	0.96005441772406463	-3.6501342812011921
58.84996336877839	-3.7748406363588645	1.8203379726377504
58.503045723966956	-0.17333565787197253	3.8969689544974289
58.881831464378713	0.74973133101369271	3.6497406890512254
59.040437566256216	-3.926671128938767	0.077117611239359701
58.351267537894451	-3.7278696917755783	-0.023823237613377953
57.664074137914959	-0.47405761175951466	-3.5519123915289725
59.050990582595766	3.6211890554432791	-0.20867126919031193
58.657185760819324	1.7038752598844724	-3.5426722465930442
59.340477167877147	1.3541272919991738	-3.746399742899126
58.364230106197091	3.204551435575421	1.757998827580038
57.879702168501169	-2.0824961163338367	-2.9824170060099928
57.910661970802323	-2.16096826979686	-3.2685504180276528
58.833648915651182	1.6490320393063869	3.4251016860257186
58.013819930688065	0.89497376461757239	3.74856900134571
58.974475371004431	-2.6151453760489667	2.4237326873154807
58.648881370592157	2.9038522419217654	-1.8688883180524896
59.049242246049175	-3.4176342763001708	1.7654815519600133
58.927931161263942	-3.1022247731091301	-2.2458629707612388
57.726851701352338	-2.7939525652532704	2.9671107947895665
59.028285130880462	-3.4598960755544566	-0.99857191541571855
58.668003237628596	2.6348725644415785	-2.9497139624883033
57.674558023274066	3.9295791198105112	-0.46084531322429562
59.092656193538673	3.8665691418156842	0.35379362038721512
58.565493383298502	0.93485696611156255	3.7751212216231878
59.351643676183514	2.771234393493585	2.0240733370782857
58.436802368492899	3.5775215774847471	1.3194908584790597
57.852977941239047	-1.9619537713268755	3.070722770957472
59.151862923242426	2.1769962783055208	-2.9656451820149101
58.997897796735195	2.2065543007544695	2.9733880478884056
59.482926518611002	-1.4076468596500358	-3.3349737715007173
59.193193454560088	2.8272962921352431	3.0598262888124226
59.17329242035769	2.5870366009904386	-2.2481715166915124
58.845511300912619	-3.2715153909743186	1.0915014175304902
57.615948866344596	1.1036263089502658	-3.4844082511937047
58.54406682615911	3.8766932911836824	-0.055719366591050076
57.867536215954253	-2.1744697811381428	-2.8669389225663466
57.886896823440068	-0.46317467435118181	-4.0797956790176828
59.130693670337159	-3.41264981921652	1.4707787773575516
58.48986956149075	-3.2044562033758406	-2.0120086057564031
58.831360026191675	0.60779417494695109	-3.5520168187337755
58.648676580262332	3.6394674102155662	1.0162225866851813
58.434150750699395	3.7626572496233956	1.6455466961288188
57.78047060873967	-2.5073111798488541	2.6043540727868755
59.626833073486722	-1.1402872278044749	-3.7168841863294109
57.87046195376746	1.1700929148265391	-3.4221115989596385
58.206453332805893	-3.8188141424768069	-1.1782799363656533
58.578762980851472	-2.197492173366868	3.7188962258242597
58.926061876054398	3.7877990384657831	0.83992340989292935
58.074221875348108	1.7419704368500022	-2.6013165283000377
58.788363549512361	-2.9215839988665429	2.6557487076741659
59.221755458279866	-3.8231627367382681	-0.98080915528750479
58.753170420943128	-1.7308656372891618	-3.5923166171361167
58.911858736833253	-2.4489625543733338	2.0224618419614804
58.567906330411184	2.0745321376224175	-2.8559717705989245
59.22979142158006	-2.9292389958970642	0.62783589770981518
57.497669049385522	-0.57557460860766896	3.4928518044666772
58.970146487718416	3.6412002801374377	-0.12782859350775219
57.770807817332283	3.4520050039664043	-1.7057309065339858
59.351782807933134	-1.4464024958657351	3.2705796036503356
58.920383140752065	-1.5046261579055318	-3.4809915451313764
59.161964182296138	3.8709807628292818	-1.8033488944489087
58.480586613418012	-1.1095911400285476	3.2362300265657402
58.84559034951247	-3.8420724061899274	-0.38380399099250401
59.022486196122024	-2.0462747990130623	3.01183843240337
58.063220086622223	-3.185392006331988	-1.9087250640072646
58.019720545476886	2.5764194386963641	-2.8695956762189754
59.078991636652546	3.5560107733759114	-1.0805930251693854
58.839390481299752	3.0115984894807588	2.43111408090813
58.29858911377719	-1.3311991428250403	-3.9829849707972227
58.784398198875685	-3.962295998329842	1.2547746754855802
57.672449456385671	-2.9366517367756475	-2.1869294153476848
58.388811506730299	3.84751194464237	-1.4923667123160167
58.063588481675197	-4.0368605410411993	-0.089470517403968108
58.510804698781193	2.9583525087656337	2.0253304027567021
58.445566626981169	1.8486278310145263	3.5830734750494564
58.198503402204963	-1.5437386687785914	-3.3766789865403859
59.338471936874683	1.1191056578557481	-3.5914115595681348
58.282765507579967	3.8381469990437473	-0.12086586557636177
58.923478473572423	-0.64013143385767479	-3.6524280393405504
59.092556980320886	2.5361327727059551	-3.7311250512437808
58.176609182145775	-3.6073025691789375	0.67893875734567743
59.035321537303659	-2.3446653272944387	-2.6054982735657539
58.174996534934955	-1.1077507412815917	3.0828746215571172
57.806622815850311	3.4294936869918713	2.1614487173670258
59.189082463442077	-2.9422614193327803	2.4818701267072893
58.794730343928926	2.964312230154508	2.7610208181791962
59.023213300858629	-1.9732104945351112	3.7439778923055256
58.796593705370356	3.4853916895768928	1.2031773725291894
57.898256795705578	-1.0343198348229194	-3.7283992498265661
58.344388863185003	-3.9688539037094026	-0.98264413017641483
58.314711255648788	-3.6417516713349438	1.2196318056025421
57.822839501756114	2.8999150031798462	-0.82243769406287826
59.358972436820778	-1.1559160818144547	4.1913439047220029
59.350171858549139	3.0466250294017674	-1.5796613273131224
58.603984962977165	1.8104217221111842	-2.2539718763779129
58.678866076754957	-1.2354019259005746	-3.7208093409141143
59.299816760218249	-1.3481660503329547	-2.2361619305528264
58.960499124240464	-2.2281731347038582	-3.2472881879255264
59.531561743584248	1.8844038310738314	-3.4743504256763988
58.849921368397411	4.0104693903267918	-0.53986251903365046
58.308831133071898	0.55926366098040037	-3.396700378738585
58.145498338267906	2.3016061536658254	-3.6258362812658644
57.667385469280148	-3.6986399960371337	-1.0394607131711018
58.723072448672681	-1.4475966516641789	4.2050682130029085
59.195200401827123	-2.2687265381903305	2.4384908290055782
59.182411230580179	-4.0923655968392341	-1.0128695828209986
58.47382900351392	-3.9741369986252786	0.049107631770513985
59.056809262548825	3.4762503556747504	-0.87758309614777974
57.836891791197175	1.1220415447730061	-3.2602303066283373
58.976993561837148	2.2483206301441783	3.0792538696370841
58.855032235071072	-1.5390405919439756	3.3974017723705088
59.056263208545808	3.7500007542394895	0.33067536530965974
58.060306468188408	3.1828686838755988	2.511211010657298
59.212147230121055	-2.1496581154242365	-3.0118362981768922
59.055766566335294	-2.065393374232293	-3.2746162946041837
57.790640275304291	-1.1928950976939947	-3.2960784591060692
59.392475313791159	3.7248146072912758	0.77743314209890313
58.881752954439676	2.4456718706107856	-2.836690666210774
57.672711445691469	1.2682220866589309	3.3701444621286525
59.317748111748763	1.2302667330976764	3.7936350759234081
57.795835560328939	0.77031090576073002	-3.7635064776823386
58.645864331035988	1.5452813311828919	-3.4424788009018967
59.423109826524218	3.8175363039588954	1.6074400124516279
58.830079536641016	-1.6802240143750609	3.2672935515906047
58.141021117628227	-2.122915222993067	-3.2637995695360571
58.955096356062867	2.1396044921866411	2.8908024058156467
57.749284943880895	3.0573982218085223	-2.6783191701876827
59.49613865135516	-0.62917272198524943	3.5084325645432326
59.30156016448305	3.1294256209468347	-2.1484542996732228
58.663743283448078	3.0356288090893542	3.3074160283321068
58.080076121261072	2.410107023756503	2.6469828098641708
57.484673599254847	-1.4001821589515515	-3.6300920049749754
58.935814462478604	1.7185318884113205	3.8025506052839124
59.180159362955202	-2.4810102273925758	-3.08262855806402
58.844024548873705	2.5450786779392449	3.2217853769596689
58.971230239102198	3.2111176314928915	-1.986137516828008
58.495841419162566	3.4578921345908462	1.2355068182594253
58.574748954186823	-2.8596385065259713	2.5051680368645144
59.439838912823618	2.4272242311838816	-2.3560912706978594
58.156797183239298	2.9078448631247635	-2.2043477571372994
59.311534626213998	3.3560502204775484	-0.83542708027184964
58.583066222922476	0.42588398050214626	3.7894099253721198
58.690474936032189	-2.8727511481211683	-2.5714456951662896
58.456080750447533	3.5165185588677876	-0.63506908534798556
59.250288533972402	1.0101840573062542	-3.4220995224587916
59.315499355853795	3.9757666983929303	0.65745689545837338
58.494997345264693	3.3686004289374361	-1.9043839425596427
58.294238202774892	-1.9251765767310463	-3.1078415976760101
59.197094237236755	-1.4207000640163219	-3.5395655138372244
59.309968210534223	-3.2378628613477862	1.6972908794795754
59.319887348181702	1.0571901544638971	3.9229767999974925
59.577306743506163	0.49448746310281233	-3.9976552829769498
58.562238767550731	-1.7776292112300232	2.9492919513788016
57.921994482429056	-3.4895759183915325	-0.74890475809825041
58.452892505461719	2.1135147672039634	3.1436240234845734
59.071182242014636	0.16144157589171099	3.8284392662268178
58.371803287409641	0.51719125033392888	3.9934764706157644
58.951920518321124	-3.1294425225063685	0.0038206528866522927
59.033891213974933	-3.835448351052348	0.34559693142769626
58.168345997381728	3.5522685871734474	-1.3802454068266137
59.085744654931958	-2.3581835994251232	-3.5013199031725173
58.801925969367801	1.8459539772740718	3.3056346292259913
58.922839688907096	-1.5679491925090794	-3.5878228796013678
59.027117653193379	3.5052413390715507	0.95002698675039532
58.22976289416431	-2.9572772394840885	-1.8612535148431151
58.247186621075066	0.76981865058120413	-3.6241988598797747
58.940779598390762	2.224041171040672	-3.1712226185284167
58.343135843016896	-3.4909186998823323	-1.2415646339166357
59.017079942706552	1.48812670368455	3.5127332982132096
58.736462108409199	-2.3340184349964179	2.7899722455044556
58.429962863796405	2.3788567521544013	-2.5552012208718842
57.634842572224251	-0.64531317958647116	-3.854028044394151
59.035964158514076	2.4836214980651605	-3.0858042005488358
59.159849961513551	-3.3630829683545693	1.7274898593564461
59.554875328273148	2.9943952553459638	-2.9135421222011613
59.312493229422451	-2.9843789645335033	1.4499497231576437
58.220972724159303	2.6801245995110943	-2.2316295072827956
58.188763781380288	-3.2457031006750441	-1.3652875613901509
59.041335677753061	-2.4437826685949067	2.488133947859489
57.519526895698363	-2.9164705129929049	-2.5090314752291873
59.445052659091552	2.2168686400705733	-2.9039475722793835
58.147177413764403	2.5017860172596142	2.8994583685454516
57.830369934888623	3.8152413312452507	0.022467152333059345
58.043947345526654	2.0356991926021344	-2.8804868671128179
59.187790498003125	3.5186364029563348	-0.5416713663775925
58.481697374283556	-0.92217376689609165	-1.9262750238536215
58.922230101561595	2.4320538832453904	-2.8527548757086363
58.628175556926877	2.1056665434636024	-3.4321405100581384
59.311891797257587	1.8690447810046533	-3.5651310375288898
58.086554614654645	-2.2591788283594396	-3.1105029045236772
59.360513907844293	2.1427726143607244	-3.1321360126902755
58.907711329866572	-4.0377913911044958	0.49243178747344341
58.990626033358893	3.0023813636426113	-2.6506419937738928
59.334959537614189	2.6954610324922479	-2.5552504989814353
59.50584126191265	-0.83357051069015287	3.8363138181126066
58.809081339859489	2.8482419293956283	2.6817265762205111
59.22076969323512	-3.6044348143017482	1.1367239633576807
58.305958867443813	3.1131904315111663	1.273320892132805
59.317302957323591	2.9916443629937892	-2.7904422525706991
59.125373224854862	-3.3987717264984822	-0.61096681605678249
58.129167732441225	1.6289839559600041	3.3945959107570172
57.703718315330022	-2.5976741825442877	2.4163193208791012
57.901487832667542	-0.66665455191927447	-3.6738590734892504
58.018289282586359	-1.924121447054544	2.4945170158246142
58.204889194099465	3.8277423277094464	-0.54482298137949625
59.072338232747157	0.61321488450852069	-3.7967736779049535
59.250590892627002	3.8173419191866906	-0.94337165157200953
58.975728573980305	3.4321704705302278	0.5844974616906512
59.441910914318463	-0.80223165866344637	-4.7014603460396263
59.473700996688983	3.1671911349633035	1.9906832843190281
58.870267954394166	-0.68266674935165073	-3.5923375925523828
59.352244432115242	2.0601428823119852	-3.5442031843638939
58.739570400177278	2.9312702057442741	2.0934054315087534
58.759405181021961	-2.6572991976270659	3.0106671013056214
57.850908175986149	1.8886887992971211	-2.5314601935645782
57.603560286776556	2.0988784018765525	-3.3471378120406392
58.254157125766568	-2.0446481680719764	3.2829817821257636
59.165908690421276	0.37594829145503655	4.0513083837204764
59.355246515191688	-3.4422105026768244	-0.38758098092333987
58.144036390872998	3.0143999021353154	-2.7758607211094164
58.619651503828905	0.36561545757993885	3.5451165962755011
59.267574656170524	2.8115814794402274	2.3434209740439509
58.709880562838933	2.2886105822249525	-2.883974091791996
57.70305300597591	-3.7313258589093325	-0.4286958847302319
58.418227298425577	-1.8093662900376875	1.6007940948891026
57.954486616653945	-3.5203507890479182	-1.7510841468285085
59.112050124565194	-0.50810255315432229	-3.9639196128146454
58.786196497954741	-3.2636245096421472	1.5792466556026075
57.713614974730127	-0.6910357673054297	4.0974917830194064
58.468393486630632	2.7589252536159381	2.4353528340712738
57.719202192034416	-2.4109422914368759	-2.2802172069512081
59.429357525380887	-3.6366397653978546	1.9481790830269285
58.770480316601422	2.3308000854712905	3.2062436546046937
58.090776446430908	-2.0830210326777543	-3.588949171617609
58.903165416269388	-3.0895388174829259	1.6700740856312735
58.995194975875798	2.6830023243630867	2.5161920649247747
59.393089862014264	2.509460747349364	-2.5322485203599485
58.465190996621033	3.5277565698374329	-0.16376026860840354
59.107281416061724	0.26665906857975402	3.8548175988332281
59.164210066062068	-3.4558726171604368	0.53135390511726643
57.832183967262907	-1.6633676164759625	-2.7544343151885746
58.432977541143373	-1.1949355536149493	2.5579034254651019
58.078843208788598	-1.829299718423266	-3.5982482559823827
59.444742689681554	-3.133648542694877	2.1890057888893066
57.709257499269917	-1.7026491078366854	2.8257012125334078
58.888123659280382	-3.4619374743747446	0.94244756676176156
59.320553329718066	3.9539765826036	0.18140691799873057
58.690780626775549	-2.105649058222693	2.9607683184209304
58.512607234178077	-1.2230991466788081	-3.5075472885313306
59.062406267172946	3.0392083122074025	2.3116517261001261
57.93363308875859	3.4668005116317393	1.7799852320277707
59.369543002593602	2.499570145035606	-2.0822177288738302
57.73909243933884	-1.3351881963143724	-4.741446453734814
58.721269464367325	0.66788130630420317	2.9214303440080602
58.036022129904318	3.6496307410144975	-0.3017981482682664
58.853355578073973	-3.5264771521441913	-0.78274748247647941
58.546805160582231	-0.45920491610579905	-3.5136353537881488
59.343217282506671	3.3445473804865871	-1.3754467814690015
59.101218082503756	-3.8432317661084912	-0.80744241031541863
57.820957057093914	-3.2852201162315655	2.1133795718547681
59.244229132960371	3.5256488340103438	-1.3522921385271762
57.861646505900438	0.47504900194311128	3.6802284519772375
58.939805216150951	3.9753223346823443	-0.25011137361987035
57.812883035012092	-2.5602727025381773	-2.5147783114357183
58.239791998233926	4.0805448852318076	-0.42983337296219321
58.061930581129445	-3.5265273376482935	0.33236659431409321
57.859800980567776	0.19237641120466503	3.1254901855848494
58.840809671025802	-3.4051032093669722	-1.5190200086312218
58.308542951808505	2.7399986503743206	1.9483357891497939
57.513952496023329	-3.413376422227056	-0.61123104679652807
58.464453356721428	0.38229382170009907	3.6890788280354436
57.584958655074956	2.2592027915411093	2.8481162377617069
57.63604038101635	-3.024518702323165	-1.5935562258937381
58.045380934962552	0.12073845147578158	3.6823714410583182
58.622361844584837	-3.7069216376058343	-0.1314741264971768
58.29406974472608	3.1122935097779436	-1.687037923737809
58.531642669347761	3.712413710720524	-1.0171938105599267
58.17283226719281	2.5036146537461765	2.9593203323087724
59.436932967943896	2.9296882800801685	-2.5697076115365811
59.086488686761996	3.3605262871953534	1.2479443966241122
58.501061358339236	-1.253547246661991	-3.7721518587002398
58.195911937615278	-1.2063684999852875	-3.4623684189430217
58.311589847700731	-0.65610042450735762	3.8408474854372958
59.295900879266121	2.3797477543884016	-2.7616701754788879
58.583791064248594	-3.5874031032677496	0.42041207224652571
58.355438305325464	-3.3856103406593014	-1.9581604644029889
57.622848378286328	0.052173146887852871	3.9386328063483638
59.218092311005222	-1.1435886833232214	3.4876937598411613
57.57576583031743	2.8636684386161471	1.8075167216614323
57.881672810349812	2.8437002489154253	-2.59214260955885
58.460205166888407	-3.5504935906447579	-0.0063822535233287571
58.583990321268452	-3.209909010804695	1.1425233990917614
58.346261160460571	-3.4020273873469571	-0.22003579355266337
58.097608778146601	3.2752985473718477	1.3202629327465443
58.761609396228735	0.54752534664755848	-4.1984013432688219
58.214263002941813	-3.7669399440831981	0.12268357442870047
59.251196441019403	3.3315549679707028	2.0832480270710216
58.016664176982488	-3.6645556171937264	1.3253370944192646
58.035778591742734	2.3539789799051349	2.6697691255845566
57.826057329249892	0.68046285399045969	-3.589311873530161
58.665476956125119	2.4519065226222372	-2.728123168213378
58.368176452799162	-3.5599460469261586	-0.17695796605336234
59.143715316318392	3.8153241956189983	0.1021213208918193
59.072340552923002	1.8607416259561458	3.529640666331463
58.36675497613458	3.159072700437545	1.9154236797459698
57.986836346262621	3.9082575263371173	-1.6704852113652358
58.287154987341133	-3.2577925783833765	-1.5657287948485092
58.799777653230819	0.88046232712493433	3.8681072473950224
58.598353043423216	-1.6370023935547244	-3.2609086547075745
57.715180255894587	1.3058220189560035	3.3689873978980152
59.237324542240813	0.90990229127089084	-3.5943102026979994
58.495224790233095	-3.509516666206975	0.71988993357249631
58.194055863775091	0.37152540861916655	3.6338878098370446
59.202662375589796	3.2193450530515562	1.8657142181581097
59.257955761485263	-2.458686872679245	2.8341965247009311
58.246322719097954	3.5143202128240012	-0.69352453728471919
57.497730564904685	2.7651435392490633	-2.6855154164663664
58.860407771564716	-3.20553052183172	-1.8460601065541777
59.235134738609361	-1.7537006322111657	3.1673220313201207
58.852334684333066	-3.4603585163940309	1.2067013999873399
58.190601203552134	3.8168155649740587	-0.44627706843936382
58.119193524811799	-0.79416481565436636	3.2124017947747969
57.549949447816594	-3.8902908240287939	1.7683610448516167
57.905536396584239	2.7925107907071927	-1.8796608918532918
59.044829126429292	-3.7347742391529226	0.19917850290744438
58.233329405867153	-3.185554401346161	1.3322828290581827
57.907904639317159	3.5994657076180543	-1.1601399765407547
58.272420377823224	-0.52164321679741843	3.4118954653568316
58.609014358402149	-1.4608612632539488	-3.1089412990991159
57.48179927737467	1.0513602702353537	-3.8164846807654134
58.583726638764865	-3.1157556361637893	1.2571661564314398
57.954477494430442	-2.360915574628546	3.6897783665896626
59.294520221226506	-1.5887155766616048	-3.1980228067172263
58.620689088878315	-0.48715701048113913	-3.9994649377537401
58.08379790608091	-2.5235582787488569	3.0657163875173832
59.383303479767143	0.88943975343144799	-3.5199866284837635
58.738757661353716	-2.7034175618848133	1.6529885338439907
58.994630517636658	-2.8935074009054125	2.0161532477659652
59.021000401833597	-2.0143449876254702	3.4771453670453347
58.140819760197381	3.9654475180859681	-0.33372660505171792
59.216320309776378	-2.7071547321998692	-2.6986091158091563
59.32508475822641	3.3884218805427837	2.371356094734566
57.98057493874046	-2.2666717546631139	-3.4528150712049781
58.142452728665603	1.7323882904337304	-3.6700367600018877
58.194026173667751	3.6556785834655656	1.0906549686434563
58.805605956060205	0.078889558290021922	3.6453687487301121
58.87728793646356	-0.013065885834006476	3.7292596193458616
58.222377169860636	-0.73230467123708387	-3.6008087504187074
59.181572790520867	-1.6971459360162933	-3.3947907296625246
57.883791340643953	2.3246018440334657	3.5082113644578428
59.288544332618727	-2.9470825792412372	-2.1044754498445757
58.309837658788368	-3.4581476045713053	1.5545282485072367
59.321155766792636	3.5269635795989069	-1.6402860224709603
58.203187289219571	-3.7348705362642174	1.0713112347496703
57.912829930692943	3.4952024562976334	-0.99195314995442563
57.826977699645653	-0.08343695775543207	3.9779179625548711
58.623026652880483	-3.4885772200384126	0.22227714886885208
59.273422555551932	2.8885527307751744	2.3918090911584766
57.735081398091346	2.8261271760048219	-2.2560644080158565
58.359608558771356	4.2079557074741194	-0.85958999011391257
58.165880444095805	2.1076145746492196	-3.1187825578149271
59.140409457951307	-1.3077574171639794	-3.6231877515492985
58.214456230886128	-1.2515144071037354	-3.8713951148273607
58.819775463709476	-4.0662064835076599	-0.26221638048463425
58.438506907020638	-0.96458055091613881	-3.4353619849620536
58.521401931230898	-2.846847904068412	1.9375502790252086
58.649309655045748	-3.6562289627287354	-0.50024205688031531
57.920070011657195	3.7340073025736666	0.2135346515069228
59.265246456044402	-2.297336792647795	3.5168348127260725
58.69659513070193	2.150368239613381	-2.6665133888366288
57.713650640708735	-3.3049238128694172	1.6500198128221368
57.883106659882785	1.0073901790361961	-3.6962504512988517
57.5181183110763	-0.61024263192985728	3.4167996007536439
58.831827638371614	3.3008554470552034	1.8142076947334838
59.189098513900269	2.8809451392689454	-2.4174094828820638
57.885062430147961	3.7021357401291413	-0.98345139741275744
58.503158982300015	2.3549744668880432	-2.8508937936831886
59.03802124484438	-4.1968911538315412	0.39035594314382643
58.770723531022952	-1.4189151230153665	-3.2742294455243259
58.695704895270204	3.5042976587836177	-1.4741630797736447
57.926746730947947	-2.0758736768608479	3.1374240224630907
59.20241304280173	-3.6118118485094977	-0.15074160356668767
59.091674423361802	-3.2232432664184394	-2.2933452304944519
57.965427134754194	-2.1775822135190519	-2.8181778992151547
58.190846044111602	-0.5072591222615721	-4.1634739806559367
57.746228469580259	-1.8868177365930481	2.8698964872884507
58.737330738568325	3.510183266550539	-0.55932218134426437
59.106946756664144	-0.20596909159730323	-3.9919005896187438
58.727602447123509	3.3976125257028476	1.7298892685385341
58.290591041902488	2.3170109491424387	2.961052364396886
58.649113844633284	1.6508848363889885	-3.2665720148234656
57.519283921271793	3.8096911317879978	-1.533592327662294
57.5897961336969	-1.8114267542127629	2.5685273711267578
58.015693811210824	-3.7146347512094833	0.43188137128018694
57.741134735811244	-2.9776832716564168	-2.4551870365570574
57.901622287424907	-2.4245297040435556	-2.6832458304106401
57.78253972921847	1.3972052957562908	-3.4983834037953065
58.675545167694082	-3.1436246492984412	-1.3162706395136861
57.63995603482207	-3.5716448761455033	-0.66530703055122076
59.238330774881085	-3.6880747249654529	0.40613998696172071
58.335507069224704	2.1740360120445938	3.3922700571071491
59.337005947552043	3.2987870286616912	1.5196116132731554
59.002622910044465	-3.7439082054313779	-0.61516639219597036
57.857109118430998	2.5786819252225897	-2.744964682309849
59.383854376434783	3.2326117132364063	2.0653154380676906
57.978376295810598	3.0190816104718574	-2.3221003781938401
53.152148121788478	11.2001302921558	6.7404505420860019
58.234282222146042	-0.60965207859970549	3.3511680753457758
57.63410825740106	3.0936207520329568	2.261469910936575
57.488887582194984	-3.6204931378131096	-1.4589011867206976
59.373410905172683	2.5485578364044175	-2.7046091481795775
57.622986490077864	1.8459282905722454	-3.2605996275488551
58.560805135040219	1.0073990196644349	2.941182275944827
57.910979107700307	2.6209057078084226	1.5014688086084116
58.926137557316565	0.96588839476517252	-3.7360290193960735
58.742205569460438	-3.084451343992463	2.3243343639772518
58.221003431571098	-3.3864157767639003	-1.0433844022157319
59.356111072976262	2.8973253378324553	2.5829150105011678
57.706647259647028	0.84518288105481554	3.1593669789464096
59.033022444574392	-3.6473115542809667	0.71259210816565732
57.653667343783937	3.3955361206525407	1.7482919164027375
58.854230952317586	-3.4999910071675582	-1.7815768315366982
58.240032389694605	3.8150302602387423	1.0640728856929729
58.07812670653523	-3.5348047313151785	-1.9824875619371083
58.736227799287093	3.5616281397199305	2.1130833293429596
58.503696690872097	-3.8414058468751633	-0.35226932527047361
58.564253013336511	-1.9450544264200667	3.2011673011203734
58.672081722742774	2.924606415964722	-2.0458246470245043
59.215541424887753	1.4776837228754682	-3.6646787803813363
58.693931586352221	-3.0510155073245202	-1.3418539469234745
59.076703857793774	-3.2519295309040137	1.8708018171390253
58.490278795382153	-2.5138693626584248	1.8741784892353859
58.766499406412464	-0.21829168273198951	3.8858077227850778
57.950778615392807	-2.7178486817764531	-2.2790039482531053
58.22716339050131	-3.8889141377797469	-0.69431618466014833
57.806884451132134	-0.32266234473862843	-3.7180623291702486
58.195807508584288	3.4736852511644205	-1.8239403674116419
58.698835757859143	-3.0131188086244221	1.8008969354249973
57.738266845965391	0.48477813995346974	4.2362179638186896
57.881440785293975	-0.69622990327591128	3.8597719904657422
58.769164369419713	-0.66202105618351648	-3.5240972048744394
59.383083700643581	-3.8199990820076302	0.52443251151645931
58.767900322796351	-3.4488873227082708	-0.75345204559208401
57.644191485574417	2.4253345303389997	-2.7071637776752024
58.686253915806581	-2.1352454872979991	2.8376192351950196
58.657080457438092	3.5154308203945748	-2.0398134504660255
57.781596074923343	1.246348799105127	-3.0457031629691875
58.520871701291433	3.2227073645294495	-1.0466317539406809
58.991116289933366	-3.6324013830210102	-0.41037695178736727
57.859734777761446	0.86959395795323358	-3.4372754387323559
57.65290007346416	-3.6375069444423915	0.89905335850070922
58.832183950103101	-3.8934120529006169	0.27902032036371638
58.986438542139034	1.2314659960781316	-3.4995162146279104
57.757572555560785	3.9282096935156288	0.091744354331436073
59.100888176038886	-3.8973705710744793	0.56753019431690754
57.680984831798966	-3.2169747746000104	2.0995368931617588
58.831705947089489	-3.206939442096278	2.270048558816391
57.90383160153435	2.322630894171267	-3.469052720393341
58.669656019316719	1.0604405323209085	3.5840200390454595
58.408083970065185	0.66323726030270169	3.7317698368741237
57.801008891154744	-3.7607399046859871	1.0273740488791265
58.798310025976384	1.0996206385519482	-3.4847220179830924
57.994627462240324	0.31944790751703245	3.4227756304837436
58.34533448744795	-1.7266760328681565	-4.2049077577769971
57.937310074526756	3.4517528906515058	0.50876111069687469
57.67440138397906	3.770223918334064	0.06852151879018438
58.91215006040121	-1.2722738782548821	3.6449151282621215
57.913147349973919	2.7462069109053489	-2.9876872758105981
59.188106173605732	-3.6373674213368967	-1.0634312719863941
58.503508049467769	3.3541081344826829	-1.4045847801507321
58.353912400536949	-0.40437120848449942	3.1787328387693288
59.404090448663162	3.2875208649206216	1.6826418483227801
58.638517378087833	-1.8233966083828792	-3.5200261838985796
57.575065317700044	-3.459767457851294	-0.32488500458093944
59.010607682867693	-0.56608986547597651	-3.4702424762924062
57.78931739971933	-1.7677707108019891	-3.3798233739130441
58.835872605413627	-1.4109937580871554	4.0389126279552059
58.739124051448222	-0.0999094972510359	-3.7459422594652683
57.719610528849508	-2.8235725080489771	-3.4736662409882668
58.361642619402325	3.622579547424706	0.24125705038468562
59.572855576710772	1.2098721803349957	-3.5912333642348071
58.232877691667142	-3.6600117846773776	-1.1426713822260952
59.269851269034184	2.6712835644479163	2.8690129651065219
57.577986005383629	2.340342948777689	2.5545315962277106
59.257893985346975	-2.0945777414490645	-3.5159361996934138
58.188945358825194	2.511864925378001	1.1177444003092447
59.446492475911334	-1.4880469975341035	-3.2901564420423073
58.160512111363154	-0.77466029291542127	-3.5297237082887158
58.756067049027813	-2.3398133945960948	-2.8120733726717457
58.944728177744345	1.9787492273395431	-2.967130398336959
57.783090204164296	2.31621763731893	2.9293971355891286
58.578352648624126	1.0029104312632959	3.5142281805498499
57.914869843109074	-2.1644013588735742	3.300370358118236
57.519018685496327	-3.3731443520847018	1.7211948413775344
57.888716257007097	1.6158570203969049	-3.544283968619077
57.855475751130641	2.6715523757555952	-2.6710851258863091
57.80604422454617	3.5075895458672139	-1.5284059125794751
58.407313264712236	-2.400400385978303	-3.3344685574451627
58.191467335580228	-1.6553776594671388	3.2728276192129191
58.988760624570517	-0.48545314181017379	3.1967271114771907
59.438678541365753	-3.6791456784218339	0.4373714998148942
57.685238578370928	2.9635977865385259	2.4276217577572554
58.01595580874497	2.5796485658332537	2.9063743130191906
59.514756052062424	-2.4431906716159051	-2.5274977771426004
58.927696512202537	-3.3935983468982709	1.828709200264711
58.277954556693622	0.14348529272079433	-3.3026461381786949
58.133573958446355	-3.016005585915436	2.3668296616658959
57.586979312694375	-3.7334156285719815	-0.66513497040156555
58.342406915907389	1.6515353981079388	-3.3759253989196285
58.476621947811523	3.4420363289099587	-1.2042415445024734
57.863336924759494	-1.983448257112072	-3.651784279827718
59.358291305920027	1.8966985426236433	3.5340035794569666
58.252466427912111	-4.1790306243968667	0.1313619522508537
58.673152201630316	-2.4363579713930026	3.0894258249598914
57.964381798667425	3.5469644672408296	-0.084092647137853249
59.294016872894922	-1.8522292941242104	-4.1452585459139071
58.4628132275814	-3.478027041785781	1.6587493081799465
58.757613740291099	-3.2520875978465198	1.2094892060475053
59.139430459249674	-2.0703548325853722	2.9413537293119072
57.635360631945524	4.0344022000812894	-1.7168721977689416
57.997499047462533	-1.3478547964265195	3.0855475315642904
59.072187029708125	2.9375208775718229	-2.2632496936652333
58.736659602872379	-3.8639223455417993	-0.12912731253419737
58.646183686964868	2.9058226739118771	-1.4841061577097223
57.607361507035648	0.30938782249062796	4.3403942417185633
59.04416284607511	0.4798810088659437	-3.6391914114481136
58.330876697900692	1.8712043461034176	-2.8424997616251471
58.738249517078714	-1.9917736515247177	2.9260149728044049
58.669919668981038	-0.13521863610596807	-3.4878790290269093
57.535009482766895	-0.77483157128357305	3.3738291282988953
58.707899697740629	-3.6034888227397364	0.50796942715402393
57.830863707118382	-0.81334117150307494	3.1878239726432356
58.547795548575642	3.5592752154508709	-0.46408746870941692
58.341913505632611	-2.2581427058659935	3.1079067309641184
58.134016695013102	-2.7847968295045549	3.1593425421773067
59.10194186165689	0.44798108961131106	3.4853271450794074
59.186475596278015	1.4923197228322866	3.569236694411198
58.984427287870808	-2.5526623805155171	-3.3246052939789301
58.528297655614011	-0.0014731261327851314	-3.6618584616952288
58.15370881908882	-0.65838410800892699	-3.4736452089238905
57.644764388003559	1.9176408652221284	3.8529758110506505
57.779736819445304	-0.59214322785231877	-3.696705297230245
57.6581057823485	0.17725750572580121	3.9528417143954968
57.702566045232736	4.1516644517428754	1.1699334285012559
58.835095870508937	-0.59667554449438009	3.9440200569580255
58.607631966655418	-2.2797677538970524	3.1472184582502924
58.554169939957106	-0.79374427621621779	-3.6023438724886936
57.957127490839468	3.4839135519655051	0.40663932288427607
58.136303197257881	0.50699631442867965	-3.6573468511257183
59.485293809604293	2.878159332712861	-2.5719100357941564
58.451379971570219	3.1224127791231648	2.3086868085918453
57.886008987111268	-3.9760123554310938	0.91597695909597321
58.878208206227384	-0.82414649674013762	-3.9887937432742175
58.696953357576511	-3.7448203340621653	-1.3342657852254489
58.287885498409423	-1.839084286045535	-3.6708147865709497
58.471146409121353	1.8246734797818203	2.99562132830797
58.242270880414807	0.44386776391604837	3.6109754998526054
58.517474086439215	4.0341328409493764	0.82353645493257366
59.332393933966962	-0.77775411771532832	-3.7270569960974629
58.346371725466994	-4.0142836567820357	0.65511092917125702
59.116715344379685	2.7673422633014031	2.0537147875469048
57.682848287329385	3.6372817375446282	0.036545681021145547
57.84710162128615	-2.3256709243742066	3.0183129694906419
59.365081060838321	-3.3503633721685961	-1.9456663110524781
58.862994018019549	-2.4420894244560349	2.1464329954467898
59.475497059620011	-1.8080873006934917	-3.3369158763062514
58.091289344099486	-1.0400845691430858	3.5359806798757045
58.270931126630096	-0.78780560053155035	3.6643859496764408
58.766654032528997	-3.401664257112988	0.69177169586745979
57.971790062474916	-1.9900986709838682	-3.2010951677933916
57.672242140062899	-1.3329252805739822	3.6808148439338759
58.341714145633773	3.3085997010254991	-2.2616042798659333
58.69824242184054	2.9398299382163047	-2.3485922665020089
58.238926564619135	1.1950184229000282	-3.6140572555073796
59.290004095839976	-0.97553816615821509	-3.9162169420767889
58.892379327987435	-3.4258993944179492	1.355754690972941
57.97312381393003	3.8038735724897998	-1.0835282386280676
58.457820842634931	2.6938206255168198	-2.3959160045935928
58.329467762598519	-0.84723689475085995	3.6139387733385031
58.722045845138744	-3.194017907800367	2.0364685919914769
58.947010604934135	-3.5139193608112773	0.54289917726805048
58.232156262754053	-2.6674102776888144	-3.2595901641488032
59.206056908147161	-2.9290255515174004	1.5430451898984163
58.436326901863801	-3.479367305210145	-1.3774916500941168
58.892866428367945	-3.0622490577450168	-2.4525080125825847
57.671116146228776	-0.98764471982148483	-3.0744302996049382
58.323282005439118	-0.86880477821359203	-3.1789400914534798
58.832704475125304	-1.6534869677859136	-2.8343377788059949
59.147573754368565	-3.0764500028836097	-2.4776698041587646
58.930890178394812	-1.1325649843761765	3.4190516303965741
57.642710161344894	0.13502980219463079	-3.2500308063755532
59.037519290369872	3.1563420666862538	-2.1684451610006561
57.466394689780778	3.7731054733711247	-0.74944474549348916
59.348222256054292	0.0913604461926463	3.3424330256315362
59.022464634006568	-3.8042774550816021	1.013709358337858
58.624650158820778	3.2026034230059879	2.273550810178639
57.687432633380219	-0.99802864269105973	3.4774248300910182
59.347452198406621	-2.6304128663553596	2.7788330525906875
59.491263431374321	-3.7748021829061913	-0.54337461770450246
58.896992752075278	0.89112470703088031	-3.2669173844408208
59.35759481124748	2.7940946552054848	-2.3066148010950034
58.264526913724985	-0.92689654581429548	3.6170805501592413
57.867802407512634	0.2372291833579023	3.6439685187321587
58.390690470929869	3.538096392969416	-1.4257775128197301
59.357089542287468	2.1271346321250704	-2.8844461220430939
59.443367043496522	3.2930765123392014	1.6918560873439439
58.543799012312071	-1.1346671445043026	-4.1910912388170987
58.848270457307365	-1.3834001730260579	-3.4337336629271302
58.024402480749742	1.2857404259475571	-3.6651864368025611
58.795830164891235	1.6651673911359561	-3.3786494716811339
58.257524242270215	-3.1061071531412594	-2.3742530647306208
58.029490349442561	1.6145281076727642	-3.2821944167074779
58.703508516521843	-3.9918977312631476	0.45084921540086942
58.93021229079401	2.0519094097643222	3.0410547780655608
58.526203254258938	-3.6330747804410826	-0.82357983011194347
57.699991444256156	3.3660673870480955	1.1472633222480997
58.623551939055673	0.38498640432589926	-3.5642781160597901
57.914901890072784	0.88171804530154307	3.5466544660990316
58.64185125119166	3.5307583806294716	0.80505629975152793
57.727809907900969	2.1130117165052584	2.9914248699832013
59.279071163652347	3.9043322008654751	-0.75265386787811728
57.676521943956473	-2.0529548376288296	-3.1081413244811422
58.133441185215794	-3.0599582346292116	-1.7294562965051685
58.722938283945638	1.3537976923925443	2.9212602006609028
58.963079104516915	-2.3520133456856471	2.9438328235085072
59.499746043394147	0.1758666184704516	3.3590955506025169
58.699436075035216	0.99938376714211252	-3.7458356045998591
58.039882270543245	1.5762783927764357	3.2509361559008991
58.279999836776391	2.9513723869455935	-1.8488447470525482
58.06978293011823	-2.5154370869704445	-3.2558272132585748
59.555503418950146	0.14113934102539538	3.9096181647088635
57.873070786216864	0.15646967884303595	-3.9667379341062814
58.30459577684762	4.1199278484327246	0.41137459078725691
59.142318471515068	-2.355269203056519	-2.8513680286336358
59.073415181903357	-2.8482061534571059	3.2913326366587197
57.98441268979898	3.7625841598951575	0.78132356377844325
58.446189857994646	3.5267591571583248	-0.6913192393530897
57.741266998537071	2.0189670647694569	3.2467113466258102
58.581065031878772	3.1858236204812966	1.7396801287840198
59.28655410359837	0.2314377335567247	3.8295743336547505
59.370790022114711	-2.0741816456242956	3.3653924586378432
58.325390850904782	-3.2907167652106319	0.14708483576127859
58.981744175828858	-2.9836028099726186	-2.0940450659754708
59.007365000532936	3.6661422929623191	1.3519430121163429
57.776539234438246	-3.28672380695857	-1.9289076378698267
58.637725365343222	3.640044759989419	0.10453817959983527
58.741456414984	-3.6913362285807843	1.1815081857889094
58.345101202963001	-3.4284241768086159	-1.6822588576857613
58.713189579095847	3.3444471146316452	-2.7008673455373051
57.992926338386134	1.3648028439555258	-3.5806601092818928
58.934174881307271	1.5750949980211881	3.286111276245455
58.860670410450048	1.6855348376465318	-4.1820192849050626
57.911416314361865	2.0563561065795293	3.9739617892523005
58.344525578554205	-3.1276885345506034	2.4879107847446615
58.84997506827068	-3.344484361912484	1.1675643591560474
58.286182162350983	-3.2557360349443192	-1.9047918407871538
58.854488269927714	3.3538767176320992	-1.8097463081683178
59.238722787151794	-3.2644304324657352	1.450742422017379
57.990794315058949	3.4894709843653779	1.8336595653524708
59.188974132138469	-3.7468731725172018	-1.6717346401019346
58.439022911804159	-0.97774855261843563	-3.6225687141160123
58.974354510068814	3.3470679924755826	-1.9213197656441141
58.778255267886344	3.8146173007712485	1.650130930077526
57.920726823568941	-0.90862566974543368	-3.5201425058925135
59.132049435881719	2.8093538846911543	2.4259023380477971
58.117124403438709	0.05396826364984815	3.5337920185862783
58.861184285381	1.5059101271479078	3.2738038712595601
57.650987129579434	-0.69236400295823908	3.2901414802412683
58.263133941382321	-1.4805058841135597	-3.473275426459713
58.077303321085004	-3.538116048656522	0.84032372165626534
57.984357690919722	2.9982552804784786	2.4927839571269468
57.788598516870515	0.062977222146260337	-3.6920587457274494
59.499626961043816	-3.7939537646865209	0.88632006024878374
57.861345391558167	0.31353077756694342	3.9331947407976569
57.878407937340569	3.0066975657855703	1.6399092631141572
58.42980377913527	0.75912126698009075	3.5567184130305991
59.427155800267521	-2.8430882240375737	-2.7523892169534308
57.953604616455578	-2.9336607303340827	-1.8527324167093202
59.299506846091191	-2.3565000332481976	3.1636198235748547
58.779915392668954	0.64649320290638501	-3.8942752904124469
58.931999954612373	3.6171231093673977	-1.8823299536768827
58.985004772233147	2.520154660610483	-2.6503275529999901
57.785197086430856	-0.73705254357410832	-3.5356652055693032
58.210075869414069	-2.2729480516363298	2.9039705900946955
57.829186584118119	3.2839538328763509	-1.8956910521709509
58.616937783327955	-3.1634327486042317	-0.98579154371030642
59.511094668829649	1.5659059237776178	-3.8051341163031536
58.419147784402853	2.3949210448415958	2.4795433718306743
58.897496254198103	-1.5597412934655317	3.2256314289667594
58.399448397915258	3.7820616968546941	0.68029635953814083
59.309208626356082	-2.2055636215309171	-3.4694883609744518
58.597279136489021	-3.0647603795758851	-2.4832831446480079
58.436278113682896	-3.3599417961626399	1.2262335840185834
57.856959376546008	-3.5261894045204909	-1.9345717954797581
57.697193516735304	2.9531180247249371	-1.7761933011741833
58.387158622039131	-3.1369413504435277	2.240995170337853
58.62699197235554	-0.27188677921059112	-3.4828020137409101
58.355157787937763	1.1359587563603877	3.762306364173488
58.173132596285797	-2.8879994059249503	2.265261155649223
58.184990558751863	-2.974823169698479	2.0906787904594246
58.02905274113283	3.3532495688734132	1.154049371097041
57.605534959630639	-4.2126290011387892	-0.43858621630753442
59.253379086038272	-3.9237189693430596	-0.39138356925340123
59.015525192754239	0.58982797081167693	3.3304843227721435
58.019228455265932	-3.122640276080122	2.2166523134922294
57.898348552758222	-3.1613826146708188	2.2503185710256997
57.709939264950179	3.3391172292553066	-1.3106363608874037
57.768067899497431	0.47720189349201808	3.7948959226910706
58.131287120539255	0.76005126433174652	-3.7840275560713428
57.548734314280722	-0.91734594418206816	3.2743817484298843
59.414409302422072	1.4999526250266524	-3.4655812132582335
58.357172486087158	-2.636106532636965	2.755806894394488
58.683699654672552	1.5720663542013755	-3.7781895037580751
58.291910531626435	2.0577785984909536	3.3808298942779382
58.352693225383142	3.3097077375532673	1.2855775880428295
57.49211164649018	-3.9280590648851987	-0.58880224123428759
58.39596058489122	-3.361904247324127	-0.7660396720435656
57.597674033989414	-2.7208328586069688	-2.226232549823147
59.536162672833619	3.7370828241202338	0.87335665048271227
57.797849266370697	-3.3778308896946183	-2.3167586147005541
58.130145186836764	2.663855490087764	2.6904717043053399
59.545268093231776	3.6319329217491823	1.6639892275561996
58.086960502903679	-0.60091185190153185	3.6572333738732423
58.857594724354129	-2.5642663230868603	-2.6321820946591181
58.22041232307204	0.4381968834470511	-3.4385649647880721
57.589757044972792	1.104379184997214	-3.6740693031261058
58.955113601775629	3.6448008708523623	0.96583213914547095
59.157631782339124	-3.135225285058385	2.880971317270911
59.430338611469374	3.9172697122697042	0.67929057653477309
59.051988466318733	3.8159218928590701	-0.81480529029048809
57.901582231027071	2.2737859780437963	3.8376531306743242
58.12295490608453	-0.71907282200705069	3.7926850328469257
59.144386798727368	1.9058610710637758	-3.1860923976998041
57.902800486901882	1.1268568451969863	-3.5041667745773548
59.420318556671504	2.9501456768922059	2.3189224382430904
58.971769059247798	3.2934982813853053	1.4684198759931673
58.726059142197471	1.2832774526883517	-3.7848726928659193
57.723567292198155	3.2475212463596486	-0.0017560799519755084
58.867279842432865	-0.47799190981510253	-3.711313198820902
59.392056238020572	-0.40082544764397343	3.7527035466293275
58.62977988841552	-2.8722885904243158	2.1156993743229169
59.303499170282763	-1.721212345367588	3.5666979812980792
57.959784683962162	-0.78979228104363086	3.7647342476129628
58.427390437438369	0.088569741752138761	-4.3140971190157398
58.687632450816359	3.9947721882558387	0.73835844383163018
58.747176980303671	3.3864196405871207	1.9714221215896857
58.972688319095262	1.0866732098780978	-3.797204214851964
57.644911894561389	-3.0385789894509081	-2.1082863444633624
59.427972850867562	0.12841722955987009	-3.7801027331341772
57.5781743210093	2.271540301744281	3.2190999466846559
58.698500640289282	2.9298707681486773	2.2469873720090612
59.131062643755705	-2.3054267415832932	2.9384256405570506
59.525221190115204	-3.6768526823786249	0.13197069531560718
58.52802194819909	3.2114886520361372	-1.6464748351439493
57.864532217474164	-2.0464106466539715	3.1745704997293056
58.630755209925987	1.0319711821958297	-3.8887450205627343
58.157253920841555	-3.4298046718778861	1.4706486479644609
58.819278951660124	-0.64295858239770054	-3.8122443012413463
58.154814688415662	2.3062954858974423	-3.2438785751185821
58.08467637650795	0.67827256410492243	-3.9202162659453115
58.837612625724788	1.4595292493638159	3.7313738711522086
58.721809713113529	0.27688156062272118	3.4922958569012978
59.616012101538857	0.18128475960734719	3.8343381906041243
57.749586660864892	4.0730223588499177	-0.66354208526221248
59.007875276032465	-0.68951695816843173	-3.289443997112258
58.272600949232718	1.186170493830939	-3.2664044405294757
58.151838701417311	-3.0621474797161126	1.7971276306054442
59.107436014373107	0.56138013451851088	3.8927742859974139
58.737362976170665	-1.0906123635458278	3.7444117920274405
57.718298559639884	-2.2907196639032459	2.3307654573470429
57.908157523351115	3.6408946768375707	-0.99222747569097824
57.812069816992668	1.5879896524800325	-3.5296693089130096
57.948095923268319	-2.9122274661884182	2.3021416765671989
58.518455543955675	2.5745539536696316	2.430875829477781
58.776153872873714	-3.7068910664244084	0.21239461956557962
58.057402267998491	-1.8189004534465869	2.8390394333802291
57.73199597875216	3.8366527267729853	-0.61321827155675412
57.671688898174288	-2.843574118472898	2.6972853333847584
59.521212384273561	-2.962262462092347	-1.7212081547858631
58.017756182342062	-2.9601496113642867	2.4338958870091161
58.067555861238596	-3.6427091461523391	-0.68908862594268283
58.247395808341132	3.0125352782240675	2.2631598340060521
58.986659829945729	-3.2522502897023644	2.4799617870423516
58.663285740417891	2.8118338223396377	2.3458414068758451
58.179695956227874	3.8777460675529576	1.6247110893156516
57.510899085105081	4.1025703928410042	-0.5383754465563193
58.54567797687892	-2.9256377064808872	-2.7711567129003618
58.486896219104715	-0.053161665180850241	-3.4667439778762787
58.875877881400655	3.6300009481289019	0.78639482010825812
58.157262279408343	-0.32753384653969864	-4.1134590906208253
59.12209208148083	-1.5661725351547473	-3.6585045349669674
57.578671817685915	-3.3068886402950004	-0.28399288108210236
58.742039193881233	-3.3851647535137115	0.7464175840410413
57.888623405987914	-2.9608357869383393	1.764572293245309
59.228478820668968	-3.4910864527905869	1.3354832483421302
59.334949095572732	-2.8928429543380338	-2.7693325855998046
58.909296918927382	-3.3793959564562321	2.0538298212471329
59.323813702384427	-3.5203299910041568	-2.3676061734070957
58.51598926526561	0.6089840663829762	-3.4973740370570559
59.205058980156295	-0.48795387883809727	3.425975947159797
57.847101239340461	2.1834323034307297	2.7062425085178248
58.125788003051532	-1.1546885102361126	-3.3943516838369971
59.035407313507747	0.57780076735766284	-3.950155975906366
59.024597900557396	-2.2773814445858083	2.8062354830541199
58.263092378208121	3.1506005530956758	2.3214020313595922
57.883589539601097	-0.1225145799938732	-4.0061146292177927
58.300331201198652	-3.0692891627047145	2.2412478030188923
58.876223636951003	-3.4438399803194488	1.5327027737634322
59.052577468399932	-3.348114489715655	0.40510443414016173
57.868413769847344	1.3352809062360467	-3.5665296030725919
58.253507513519558	3.9080282776951942	-0.84115510341305499
58.489025969327365	3.6890108614773078	-0.35033227835530656
58.699716970812077	-3.1189405822696346	-2.1223100957327836
59.323053027006971	2.4496510671040146	-3.0937746401631725
58.171649533028827	-3.1278561699125258	-1.5944667823434298
58.383030534340492	-3.1968932666925931	1.9751532164449346
57.999632149798082	-3.5674929958335619	-0.30799240940759831
59.134439679663046	-3.6066984147033638	0.22719070525364707
57.855709037476998	0.87018526331253399	3.4265511519516219
58.848596848835548	-2.5430485643337715	-2.54663482583139
58.223625747296495	-3.9973467370332387	0.16194068968781983
58.199489915536915	-1.1822974642498625	4.1364718982414201
58.653850174041224	3.5118617781082575	-0.33824787613351071
57.9640264338409	0.40994034301154381	-3.4967022481303927
59.194441439610202	-3.2954115033290239	1.5377816505272224
58.197842912208124	-3.2674455892378962	2.5785637913391306
57.960114111515196	1.8013972072654947	3.5435334223377115
57.922088930490801	-3.8974964416335127	-0.030554221835637895
57.91339946563987	3.3411235762254803	-1.3447818811686805
57.880825849476494	2.9032393391555305	2.6337209688916339
59.336524462068937	3.5768081839262647	0.12562423273834369
58.727161873578332	-4.2903927700580304	0.19275149173022904
58.600522514006357	4.2554889646900484	-0.29141144609759634
58.50100498224684	0.11222354529807468	3.8421845530774785
58.298032779361321	2.5761682250503322	2.2455000247603287
58.460343570548588	3.125078157907212	2.4990644142085752
57.65790187593646	-0.045211652175217235	-4.2981347247507546
58.699685713605348	-0.95284751301499115	3.676559349824744
57.94140062499504	3.3163570773875355	0.28991730218191564
58.438279641384142	3.5091606607206933	1.373883002140206
58.056630327844132	2.5322092300363872	3.2334012396176832
58.023401275319763	-3.7688111918063218	1.2189045103154257
58.769476273677128	3.6045080793122692	-0.32518758270964782
59.544417218561733	1.7527277006850295	3.6836572678240498
57.701938456804577	3.6457276109150514	2.2697632415684303
59.278831483150071	-3.9671574560404559	0.78759553428179974
58.274155861682978	-3.5330872895712404	-0.43731360005123993
58.458485951955836	0.85915581251070539	3.4055576603748552
58.537654584335648	-3.8117761268274815	-0.076550896223209375
58.683843856012217	-3.1381769070785137	2.3412965623105952
58.614717200575143	-3.0080680893514349	1.8934847136199602
58.450920745528414	0.69687999030075687	-3.7637688287115956
57.798480448032038	2.5431089665943274	2.483175010012598
59.290843650558728	-2.3433286892941094	2.5684082678799762
58.626046816571773	-2.9116437756780837	-1.9454268759037567
57.631912181184099	2.2707805950409328	-3.6255987201217659
58.674920758653421	2.6856225240753782	-2.8153777010680829
57.657966019430141	3.9409023073719478	-0.049777222096088494
57.572722780898822	2.7330205850904146	-2.5142060455795763
58.146121235173119	-2.7000675930361009	-2.922245314016144
58.143970889378863	3.3056766063590621	1.1583537357630926
59.491678190193305	-3.5917791099786411	1.4408355140868763
59.284251494518386	-2.1634730260926092	2.9604769088578737
59.106333987204529	-3.1482917815504354	0.9589095008803753
57.893971311889842	3.0921686447872672	-4.0344989239222002
58.66315986471303	3.4646254678846531	-0.69781838779263317
57.596685556259189	-3.1564091004258006	-1.5414658237238077
57.964635903740927	0.84846185092364701	-3.3774873369698741
58.688923696554035	-3.5268677770933747	0.59110353157122641
59.382790213910987	3.900450997808568	-0.91476757048780433
59.120159934471516	3.2612834733474325	-3.051915392094239
59.366954519365059	-1.5479657727444616	-3.5172889771635227
58.229958614761493	2.5486844894501992	1.9099128157777954
59.388985120453057	-0.23857418786068407	-3.710827225853091
58.802816106985816	0.5595241567921535	-3.710612201019365
58.233915723575343	-3.2631142244051992	-1.9635945922271469
58.699689490740326	-3.43547269256067	0.34437651067321473
58.598270440543303	3.4766966797536254	1.3966814730358601
58.107504666487166	3.3082104433195827	-0.88068334297877138
58.144948393839854	-2.7568929769270318	-2.7284866147271942
58.68997944395327	2.3933433421229569	-2.7174387379350393
59.129768924806662	-3.361202738337167	0.7220769708905671
59.459058253781201	3.4996606918307793	-1.2957988935617719
58.768042943155891	-3.8932052165892386	0.19489019966173649
57.587347591414947	0.47247694345629915	3.6485300348506979
59.001400696120236	-2.277377205191828	3.1091556054819041
59.038046352573303	-2.202515600030206	-3.0521347314843235
59.383369061648935	4.1434108258063649	0.3843141983962759
58.616030796025363	-1.7229892483797169	3.1800333946972636
59.205315138309324	-1.956585011628551	-3.3236853251226033
57.786075089581345	-1.6382306631229171	-3.1926624518041895
58.474233507337466	-3.0941074246557041	-2.1715717367669485
57.606115652026396	-1.1452618278106035	3.6533749532073245
58.363837524281294	3.5337132196605161	1.0487943199323826
58.029529007000754	-3.3301566633592135	2.390556045467723
58.533335572931449	-3.6926051745100628	1.2308953849828184
58.156790326599165	-1.0558895607913668	-3.5017685842898789
58.844889864772981	-1.915402893374867	3.6116398881882001
59.351342759676712	1.4202399834606656	3.2559033313865289
58.338549454460612	1.2938388310322948	-3.4093297509559375
58.094990055866333	-2.5033027296650494	2.9172571085038013
58.059566415693347	2.167035247074665	2.6018987427427294
58.588167842255878	-3.3010747241073775	1.4458219580775669
58.579041633227398	-1.1215472606044363	-3.6798290240999587
58.556565598370248	0.55715061090912865	3.3637237719012254
58.724077419214815	3.0958781309432735	2.3965137645875769
59.096500021201813	3.4429069284120213	2.0173666564450743
58.444443140917308	-2.64241285589828	2.6068986724289402
58.653997373996525	-3.671158480655607	-1.252612780797733
58.824822006218277	-1.2886170913025985	3.4847428437236148
58.43598493710504	3.5955609398594213	-0.66255427227547181
59.486425609177275	1.4306622115007253	-3.545211281340455
59.443712269805296	-0.78369844195678684	3.4603261867047634
58.597724284330198	2.3408086894171185	3.4959303699447477
58.11999116042044	-2.4658029921312687	3.0267973741167702
58.646676201783393	3.4393886943016247	1.5833091948145745
58.206723114825557	3.1175589229207286	0.7686520327153562
57.959699806171031	-3.0297116410064575	-1.7713744433762635
59.01541967342596	3.3628645560720245	-1.7965807715319837
58.059345239092714	-2.8018995540798159	2.1461657342733851
58.630174351882424	-1.5219720203798455	3.7697031863593984
58.459329777293483	1.9199738840566123	-2.9450980031676872
58.633437168808129	-3.7376401001247443	-0.15334470080689036
59.230074799578887	-3.1149438028740466	-2.0848514260123778
58.541041454476705	2.9885390678866601	2.3589865034869866
59.322027982015264	3.9726121193990962	-0.36644238831160891
58.364639445142814	-1.1044216525716304	3.7895942464904375
57.98679504309618	3.4634353892437417	1.5997679887115763
59.372703392759945	3.8658658135634636	-0.53537589858184154
58.592681400012886	1.4112693353127517	3.5162161670405214
59.086092516578084	2.9239212557959302	-2.3110288354746173
58.441581290080471	-2.613227934253187	-3.0463399341358617
58.015782724179843	1.0218715633384283	-3.7849766371489362
57.65772519027314	3.6260032969174039	1.2036349369947639
59.380733068890819	0.18955642269040118	3.8283034568117276
58.901052995739754	1.4857376980974044	-3.1818431383288455
59.424365363445816	2.1481095903460803	3.393553945866806
59.543950394038099	-3.2386634706901201	2.2454803467590803
57.678421564791861	3.299244415304639	0.96121929253760297
58.641537100392135	-0.021908084964840313	-3.5532916793492646
57.824058866149294	-2.4629148630025091	2.748782516040059
59.312207599392551	1.2979965795216946	3.6234226176913547
58.909512028383929	3.7540892844299374	1.0415963144035141
58.475641867778499	-1.0162707487233928	-3.7382611739752627
59.125153137841778	-1.6623540401197263	3.4345966343323058
58.997759066782642	0.48887547124842595	-3.9201268901067556
57.749473022930026	-2.3079891904711558	3.0332279164756666
58.966900878245802	-0.83890190866851366	-3.5079024547265139
58.692548159019005	-0.20502066912203165	-3.8090116717892544
58.537465840937756	1.369920000222552	-3.6591194285958277
58.449007610637075	0.24414888969190357	-4.251459994161447
59.375380502601722	1.0740270548874842	3.7427669346664381
58.035449705871805	3.7137428769301102	0.77944885337979519
59.305188714212491	-1.0329163809557462	3.596633023004161
58.016654538254556	3.6585994707257425	-1.7051048975659158
59.114641545804361	3.5471042396142494	0.044851723795289726
57.931725932968249	3.7386737969993438	0.70843940806951489
59.282506608657194	0.044076844110177933	3.6953011919992886
58.766424719748919	2.466726561028449	2.9425169335587875
59.036206849555747	-2.2893156187841246	2.68769730140508
59.127607637698581	-3.4582741877279766	-0.3699777132395029
58.2458542301069	0.55472552630380911	-3.8472361279554237
57.810453777682454	-2.5542212801354132	2.1330740858156099
59.156790580749437	3.706889540184819	-0.0097769588099426361
58.277489617434419	-3.2332997848788025	2.594891414084211
58.714653235293049	1.6997218609171842	3.3707334403589475
58.04289032865433	0.59574725197107603	3.4950447950631292
59.110968149258497	-3.1031987025799879	-1.7409830026612543
59.170645391731966	-3.198990877883324	-1.0380361863399259
58.296907641295675	-2.4279978883627713	2.6772897341704924
57.761865121844934	-3.3233819502380078	3.1410552057767225
59.032979729855697	3.5968767766100114	-1.8459780203010714
58.845014363796395	1.3601342229626623	3.4784675970091294
58.51579219807649	1.8107124850501426	3.0564319053729831
57.73865467316395	-3.7173971110655533	-0.93446093450096746
59.420107071002391	-2.8195334428451857	2.3500839833688119
59.247409290948205	-3.7502583875730191	-0.98298395825423335
57.605615797437473	2.2110693825823668	-2.909782848794674
59.424032764221195	3.4403763748111702	0.81662919260535094
59.337313735237132	1.3479060322753198	-3.1084610903714252
58.174912226883727	-1.2728691208906493	-3.6664179836794779
58.148822392875481	0.21944750783480454	3.3169881136178234
58.902734777223465	1.6391064209452793	3.4266876452808237
59.391967842995669	2.0918412982110524	3.174305801738849
58.832047373508608	1.0502677988416391	-3.3593036002115588
57.887956666111442	1.6175222468416881	-2.6709048727156417
57.543037927402487	-3.3281448346925107	-2.0753349640294925
58.789470455937781	-4.1359151851405969	-0.29692807658485432
59.345858977887488	-2.0219587246402053	2.7308510624886964
58.407398202295752	-1.3612882830348196	3.7238329927985676
58.601537049997162	-3.6960566426527839	-0.63354196022999443
59.534379766366619	1.7155504331515172	3.2503820792396287
58.218635823807247	3.8249726285413668	-0.28532109710479342
57.710637680445338	4.1925530714747481	-0.30741982526239708
58.972353070371334	3.5878409600117305	0.84017673873903831
58.39547993763842	-1.7316865222172124	-3.4646181558854328
58.932300171902924	-3.727696148359632	0.89161360482566632
57.722737769402137	0.052567996623298606	2.9979873036859788
58.163787200421545	-3.7126217245484563	-0.95613672062032029
58.672079678354777	1.578822789922093	3.5222046975152921
57.622436384901661	-1.0282943696086073	3.8560828971909902
58.332547989329775	3.7687844494242331	-0.2723721615777499
58.452608393400489	3.8760177301014256	-0.9229018732571328
59.528687627338329	2.2358491510085199	-3.1204078494727749
58.675672161030782	-3.8880982967491122	0.99165346960844947
58.410612965957306	-0.16162700011878164	-3.8783016247107134
59.045961092439711	2.7548524479827083	1.9528104060317151
58.654440952448638	4.0248402136937207	-1.0221759525645584
58.281839640147631	3.7547956864477956	1.0832108459783794
59.493906712136692	3.1636670794639716	1.9185675695950852
57.604815997615859	-2.6532189948696767	-2.8702841186673611
58.066591382430076	-0.067824183168955651	-3.7873271461025508
58.274845015666848	-0.13629435606349441	-3.8998883900096106
57.740251288507764	0.93466389292796292	-3.7047185854639877
59.317321109588121	2.0340988694682816	3.2282888968675092
58.465575137884102	1.3529926045209464	-3.744595540310045
57.738026856831304	3.4906963372569	-1.3812662852782045
58.830598679104547	-2.5860456583554177	2.8260681321573307
58.85336510801762	1.7227807099461647	-3.4585109247631971
57.977871392053387	-1.8686875789238893	-3.5336645246550504
57.83203839405158	0.23593282433482099	3.8838862428730723
59.415162344803676	3.5922586910384307	-0.91185234089754874
59.119704442541845	-0.60167272729693833	3.5777397814545973
59.51945181868863	-2.0829712638232172	3.3211396605473271
57.804565361394808	1.2470223151211624	3.0074945499869203
55.56965458324516	0.49242717315737428	2.1695783610566193
59.022812740747476	-2.7402014538802644	2.559825919079691
59.557364684074635	3.1156691823325189	-1.0233790210253775
57.660362405952725	-3.1850928499849265	0.44393210927359511
58.796136938977362	-2.0160495883663576	3.0616626729629792
59.330843042410976	3.2490264899328549	1.8346802316645614
58.369140566599107	1.8467545892149888	3.5391320002955773
59.134321817749125	2.6914604846603805	-2.4765330575452857
58.939131643778737	3.1719341749333521	1.6317509912573005
57.679680102277949	-2.3031479350330089	2.3736577687236329
59.469672531777718	0.030546721194201151	-3.9258887629638801
57.714078971377646	-3.5935076383473303	-1.659877326117581
59.315826815551674	2.652443248232689	1.3234914809807108
59.40565187513895	-4.1362299698776575	0.011195466321664059
59.328872047183097	-1.2631781176663033	3.587968361245562
58.537013314509728	-3.1380792729086275	-0.89467170966062837
58.838040909580563	1.6371095506569298	-3.3005676002444777
58.914039056913694	-2.9281094090287327	2.4878123127263829
58.205482277487192	-3.4402534577182338	1.0224771645162885
59.56779081969853	2.3639885381278787	2.7766546176221856
58.259537507253846	2.3071112759370691	-3.1091900649375135
58.443585403361844	3.7917817475595066	1.2100919391767793
59.18136327263614	2.2105554966462431	3.2250392720052394
58.701057349364852	3.3982590058438755	-1.9581599721093199
57.73716285553688	-3.0626209576899144	-2.4257950684630241
58.07742242978982	-3.5408448381298636	-1.5321366271285466
57.883793850285727	-3.0482394733287941	-2.0840075781590262
59.475952113024078	-3.7394863197315904	0.54737986896329049
57.645076354367887	-2.8972852176611923	-2.1654850827088112
58.493218004878841	4.1739637155281324	0.83581537433608999
58.979463717989589	2.1023047429808002	2.1664131939923541
57.808566138042195	-1.9301929058683049	3.1449896142092082
59.178086344482431	3.7070744113859107	0.351351404524546
57.809884500257482	-3.8687240297896359	0.45679129332106522
59.073768576774647	-1.8250390864939554	2.7775536215230567
58.481196959067212	-3.612469016808082	-0.68774112229440776
59.125482978930833	-1.661929398368891	3.6853174292575201
57.814068158400666	3.3642838841539038	2.1067687882753252
58.135435945501989	2.3376652546990249	2.8094640757300038
58.129452347975231	2.8654381893147689	-2.1071903371739906
57.998498456958835	2.2941405808091337	-2.8196449780090136
59.076010330870837	3.6024699543385426	-1.5200931790918413
57.647794541776513	-1.6259582383475277	-2.854060153395118
57.592177949942162	3.5017283830289476	1.1202587128871366
58.148909158891534	1.5374729103223566	-2.6968061621480652
57.904756557520031	-3.3765970913526111	-1.4762240721765385
58.450595990026606	-2.4515380840725784	-2.2596351835469468
59.283086192124529	-0.32257343611028361	3.6990708502137855
58.860683326435186	-3.5903033797076778	0.018724828627085809
59.511049772838668	2.4569648484702253	2.5300812836878879
57.745180751919541	1.8649498858682665	2.5710679795579945
58.448650270546906	-3.489746176798687	1.6694688926029246
57.621241169434711	-1.4163031100690557	4.087602438518342
58.400425859993724	-4.9041973333046869	-1.4193212249270315
58.029811289223538	2.9914669872853432	-2.2165129719169734
58.851423962686788	-3.7849012917082336	0.87455467127252029
57.96402887534385	-0.025772309396905033	-3.8738353240428189
58.914438196651112	1.8391984568676312	-3.2437065837214671
57.903387076821026	2.0594051492511616	3.0190115458229148
59.424373454973129	0.57504275832226126	-3.8175792667338508
58.815590171999347	3.3251258417114276	-1.7748293390073331
57.924021396595215	-2.4426563020740031	2.5819288539011254
59.446314856341807	-0.22988497659683452	-3.9307284843017745
58.681937448781603	-3.3223422404487373	2.0799010257918575
58.318260515111696	-3.3442513275842201	-1.2828462906694174
59.085910570506343	1.7346870565393735	3.4396466108445707
58.28324948299138	3.7422415811976348	0.81720045540177622
58.353710806357334	-3.8241395839508345	0.52777546720352242
58.921751937218509	-0.26648897175144132	3.6675044809873012
57.910105718655061	-3.4690207806246049	-0.66517157498107604
58.284808131108115	-0.71547039399329726	-3.3312986876866528
58.838382767867678	1.9205519010815182	-3.2650592952379527
58.979472555961898	-2.4245602973278033	3.0715438446732777
59.392608077616686	-3.1147760262052917	2.6870614089967364
59.399132098880187	-0.99722323045817007	-3.752713148449724
57.962355887313343	-3.55818694527371	1.1884591538540838
59.366959379852496	3.4418093476748433	-0.056658560925252476
57.702160311017408	-1.5958386270051461	3.4148087800286726
59.060322603445819	-3.3651228754268914	2.534040232698588
59.358729125276739	-3.5094976092672572	-1.5759964725925961
59.097590788495182	-3.9029050679039612	0.13378519945895936
58.212521669645533	3.0780524412641599	-1.9950770862669733
58.785455667597361	0.64872229319014962	3.5170959877081125
59.24013581057212	-2.592444606617049	2.7974078136824154
57.930280440479628	-0.74777558137417333	3.4450278994130645
59.233989963688018	3.7171108830640045	1.6290292617528264
57.89686961888691	-3.3506859979025352	-2.0659196877717689
57.645886526313198	0.83999851111749158	-3.4099073788018517
58.531509868730566	-1.9466561420464756	-2.9231186547415779
58.672621578512498	-0.2547812496371879	-3.449026749382027
59.143225248288495	2.0170296045447165	-3.2127702505423699
58.160588572845874	2.2491293298202222	2.4664622369836553
58.258871037938547	-2.582484770760018	2.2759745207429396
58.285039150329887	3.7366944450292592	-0.031126936100982674
57.674557261455263	-3.3166783019240955	2.2837696156385121
58.491724732464675	0.7269090887233729	3.8914929324371013
58.36878188987982	1.6781429407914625	-2.9941913206735791
58.980047292238581	3.1619479234945027	-1.6437798237229262
58.097161452913632	-3.5338562311565265	0.46797516890993252
57.791468461523699	3.8802422562087737	1.8976043161628491
59.077163542699964	-2.3325592975780762	2.9604360479942144
58.902594197392752	3.4478373553306034	-0.55951450586732154
58.202738589556446	-3.4695309085978221	1.3448214603492914
59.319630385616378	-3.0629328786471293	2.4766196497373643
58.882771868414636	-3.9455253582072709	-1.8119667114750857
58.207493888756893	3.8986926100239216	-0.72400173775155074
57.931366354098841	1.4852127805112503	3.6533770268161838
58.358054769455812	-0.094829982583101102	3.4339684247500641
58.270380119347621	1.2303633975093915	3.2010684108468341
58.120904358051071	-2.0041354998640841	-3.4967433924880855
58.102964412973201	-3.8777274604244676	2.0837572746501469
59.31650072051864	-3.307444709907255	1.8892895753526042
57.975261674002709	3.8499304487757993	-1.6435560511523954
59.14167117416563	-3.0552311786127087	2.0881226450355976
59.15762135681284	-3.2184821637366907	1.7822045576232075
59.162496659733506	-0.59755510575062709	3.9804780890897478
59.38058926788279	-2.873076948917741	2.8018443222946177
58.949841219300097	3.660334030351299	0.11110762655635641
59.228656839910521	3.6102073612226788	-1.220858620027566
59.043340430582212	2.6990551755436516	-2.8210308783467548
58.24085770716092	0.24446541149984072	3.5562836879368742
58.53395609544846	-3.129870236742526	1.5027226490880228
59.145408020221467	3.8267625870393212	-0.23729413100870414
58.411429211962258	-1.4670315924512227	4.0818352184093438
59.338903699295059	-3.3333487155030888	2.5161606011239175
58.140473052286694	1.3901014457547303	3.4470120368745896
58.923345927135109	-3.3878940270426052	-1.5181848138419225
58.205845798087026	1.9038956881262576	3.6959051416433097
58.904682491006625	3.9445356658363742	-1.3034923232393911
59.086218235548266	3.9564311927701739	0.10612589031874463
57.632810834767696	-1.1526494726610856	-3.7161634043719958
59.043770413454801	-2.079292480201909	-2.7280978491964034
59.310673369957421	3.8657037160386589	0.46148724237496658
59.146973637037455	-1.9610497637719626	-3.155233160234848
57.590889982360189	2.9812870679416723	-2.8505954550557058
58.743730710651441	-3.7588305022541579	-0.36486685268461633
59.072115730084917	3.229774582035521	-2.3038220675012604
57.74939539152404	3.7390452424741225	0.037849421702831169
58.571537874758711	-2.2304625876561537	-2.6603043835423072
59.410225355877593	2.1585961172925083	2.9632758445846661
58.738128541371523	2.75679476671898	2.6562655109751185
58.697654130924889	2.7611357184712597	-2.2530801663359403
57.943710549028012	-3.5138865086798248	0.21695102337915453
58.458806255585884	-3.9145764569111936	-0.19377891037901834
57.968757588151163	-3.0668104126787772	1.9587601511678367
57.864071769766142	3.797375373754738	1.0884959125551157
58.694294509674108	2.4283925766786494	-2.6419996000761574
58.073127173327414	3.6785323223958368	1.2309698285762032
58.439337363431726	-3.6977980902592957	0.38906565152896638
57.476946808425957	-0.57791615329027601	-3.7416242219494147
59.040906957855903	-2.6116523971195567	-2.9781383245841964
57.868986825641066	1.6914220064294412	3.4254764334606329
59.052400933220099	-1.5240615918955782	4.0719919501688286
59.320024935943707	4.7790367723732095	-0.60174448998214136
59.382371681219638	-1.7167421539767138	-3.3898898384733251
59.307389056804766	2.5832438701180789	2.5821225543407893
58.518467913905354	-3.9111728850219625	-1.3713949736787738
58.651342756237128	2.7377176921827275	-2.568890587919975
58.94638318281099	-0.11598909606024856	-3.960271813642168
57.984461941819212	0.73570275560870124	3.7816573365726311
58.288561292749471	1.1307457224445303	3.4953435063967331
58.661425211588366	-2.6887885181379398	-2.8623708068838414
57.83613264915585	-1.1035960095808539	-3.2404534352996741
57.62488034021338	3.9370875427754704	-0.32033906960734909
58.684603078156222	3.3554385436760414	1.9424905581820091
58.92364658821235	1.7374384418801945	3.3003024418145799
58.38752216720264	3.1064093494096388	1.0722519714021421
57.940874414636873	-3.0036940772068919	2.8877107354303027
59.464966176756008	3.3098937931415149	-1.9805142225594785
58.408041272441629	-0.55503558880930159	3.4334139293593986
58.431165187048663	3.4465954214591701	1.3605941358345355
59.121169558316062	-0.058341747214849284	-3.7812073584061214
57.758946592326836	-2.1518784641060988	-2.9083101453592306
57.981608297834406	0.9861470012906921	3.5275512336234174
57.491117974952267	1.3635734909617365	-3.7998826039900351
57.674294236586498	2.4192020094498305	-2.2874454709153831
58.661865852371491	-3.1169582568878926	-1.5796411097558711
58.016243948532811	3.7296488715980516	0.11306795800493563
58.224443693569768	-4.1264612194911834	-0.51782948841831777
58.765609620033487	1.1955121765197381	-3.4297836907821875
59.528882779978609	3.2149717502236816	1.5967074790710967
58.047116002091123	2.896173533264196	1.7126016698493685
57.868416635470076	-0.76454286457231946	-3.8984409422857542
58.270809610799191	2.024204832739835	-3.3961120871321477
59.283776675861176	-3.3399278375497241	1.1597511872881905
57.941638711953573	3.7380788981776827	0.10062579298679383
58.173382581592932	3.343608630015674	-2.0053151915143004
59.034525949955764	-0.2834192383340986	3.7218589977310801
58.873447550563775	1.0801586641306486	-3.6120644029453564
58.312169754280568	3.5185341429487806	-0.40050040140007881
58.794640385160946	1.7275147850802799	2.9946288311846252
57.88503526649977	1.9959601794520891	-3.6385457114530055
59.019744841604229	-2.0747761485549137	-2.8662308137546688
57.848242749821793	-2.7751794114233035	-2.5877315851489571
57.842655489893957	-1.118693510331509	-3.4978268049961536
58.583580539641282	3.4324828525905553	0.67462642087391678
58.415072976411359	-2.034077290459976	-3.0606498164658107
59.290932963228002	-2.5619165841258402	2.4767489507801885
59.435382000898947	3.0651343721166766	-2.6946982106392352
58.29513111342191	-3.8225358604538631	0.47618766096176385
57.660729244455766	-1.6322928834525605	-3.546178991668985
57.92146204114907	3.8402191839117839	-0.54447471388814772
57.420958699193115	3.3055236401716011	1.2014048291209587
58.268871091548384	-1.3560148072848963	3.4508691174877009
58.857677214804625	-0.49326793353634568	-3.7978603779584215
58.726023136195991	-2.8720482581423354	-2.7023417143268396
57.835326742912656	3.7151887324010597	-0.6870329553543959
59.348889328664292	-0.65576339527694516	3.6651243841594492
57.90559213965841	2.4297279135395367	-2.8785471091639003
58.641172877254469	-2.2093657262000996	-3.1343410566530503
59.588705822702408	-3.4296268052828012	-1.577226922436187
59.288842492092293	3.746436765684062	-0.58826653133298301
58.296677094413425	-1.8458173005705325	-3.4061437395833605
58.55710073857243	2.6439511766391384	2.403684866371532
58.163903402027394	3.1315348959032612	-1.5351043071924437
57.917889473002745	3.5552497011216224	-0.47631391953029378
58.343143740164429	2.9297623529756627	2.8549716687055953
59.403229766120148	3.6491029558512436	-1.3934932731651228
58.557265845880359	-2.5510612437909792	2.3586315966393849
57.574021717805643	0.058447186811888686	3.7591261963188347
59.426487312891076	-0.79335648272909365	-3.9726176348568187
59.347369255041173	-1.7709993189543196	-3.7738702824811776
59.171654212315275	0.88024795514277199	-3.6852510653762729
58.352969955482195	0.17778411126041008	4.0016846624750686
57.994928968482704	3.3706139941204678	-0.96761320110228721
58.154724408001741	-2.6045319729946219	2.8731584073908722
58.157090141655956	1.4523658741257368	-3.2989087117505718
59.573469544668484	3.5675977495680002	-1.6473258567986553
58.897291840698763	2.2385527665693492	2.4418128847415876
59.224978293154969	2.7961385053581052	2.6077379625691499
58.908015015267871	-2.2187920721899701	-1.9219742235060353
58.505605009082352	-3.0751161161236471	-2.5117644807995902
58.578947418404404	-3.5263888622453248	0.51301124058094538
59.519551383122653	-3.5479135298721314	-1.3204314092488907
58.815610012857995	-1.4029301491723445	3.656915626133451
59.106034816655573	1.9266745171363124	3.5556252241529682
58.1540412137457	3.6160397575978638	-1.6399495340742816
58.574526488580311	2.5713339507081878	-2.9295005598896298
59.32683798134979	-3.45950953870766	1.8515641893878909
58.808026929849056	-0.41063123823261038	-3.4238596475938019
59.383072513244215	-3.1735637700804507	2.244872220406168
58.022720969210283	-2.8639618629798078	-2.1032548383650003
58.582778833070783	-0.48293891221756746	3.8430433258462617
57.820447934327504	3.3734069639616275	-0.19848654219112816
58.040387053056179	1.8190223033766872	-3.2817128778571374
57.883808390991874	0.3314982068771235	-3.5816561713374626
59.406691765247785	-1.655495182435007	-3.4489935494853823
58.338860820013423	-1.9020162297091099	2.9998793500717573
57.705312593933947	2.0137979886123039	-3.536952355917022
58.458361228878466	-2.9706089994002149	-1.9127493539121725
58.24750093045774	-3.4038141634357353	1.303294913949465
58.020426209336264	-2.2880302739839089	3.4324107832351927
59.32687297609764	3.8273708792109837	-0.57681907175552316
59.29622925285517	-3.5322573150120573	-1.5037855094297097
57.5981786294847	4.585338983265677	1.3647502379311571
59.251168112872698	-3.7164096232408319	-0.25208576092665935
58.630781880692155	1.0370638202871054	3.2687441639707893
58.820049908556278	-1.8357667137859934	-3.4475801093844054
58.669244126979592	-1.8073660791818746	3.1259222964494708
58.111810527150872	4.0581752829401054	0.73392198161635236
58.314808060202012	0.88535568807717968	-3.6342584672820646
59.053316753256375	-2.6363519342378554	-2.3085483697547908
57.87406331332533	-4.0481933846419436	-0.66107287665065473
59.138555782638868	-3.7056550376506361	0.66640561057868641
58.036203289194141	-2.1074973248808924	-3.1814990351208463
57.513320264398573	1.5204490922102063	3.6393405185888765
59.078466709862624	-1.0385070077917564	-3.4629716834867432
57.972920246813786	-2.6965234414907076	3.5859932603403193
58.441083155355862	3.467643262876916	1.3305200245078668
58.944828118160991	-3.564389752707307	0.61280921544115874
59.358495966894722	3.4129686787943094	1.973238172958298
58.16748072636112	-3.5560153497791127	-0.63948902360623339
58.596018533545191	3.6172617257887567	0.72613011810236372
58.73776177658857	2.6943006371856577	-2.7741797146252911
57.746990567381481	-4.1746854529528648	1.08082079319559
59.316392675285343	3.3911401271554986	1.4921515237442873
58.919536825435891	-1.2110983234606745	-3.7268031349217012
58.795922200144616	-1.0901305136750878	-3.7493478117366807
59.015074356916095	1.2679423483564511	-3.4612447323923465
57.840389425574081	-3.760145399916166	-0.22387870379217781
58.977542216871058	-1.1626993672699175	-3.5733434190903757
57.595737399341836	3.2078256423818265	2.2828365188028612
58.451026745313676	-3.0809898345582485	-2.0898534452208715
58.836791426945389	2.544718325335352	2.7333211306400531
58.278314571761499	-0.97543755073032601	-3.5220949413720373
59.014374256963507	3.9394388460177363	0.4756529342809413
57.962644459856406	-2.3231206423308488	2.9979484324311678
59.483200386543309	-1.4110621659403273	-3.537917868215978
57.61976212076614	3.009669651606198	-2.4901562042725494
59.285572190657476	-2.4558770200180851	-2.5600320812578836
57.919326782766404	-3.5634135271353466	1.4235164760559209
57.677007167446945	2.2393079461019845	-3.268899465374782
57.961108019268856	3.0966167347254365	-1.5818919230649511
58.934816759474074	3.1961450327214678	1.3022399721875531
58.222678701972022	-1.6196111576052103	3.0463703514997396
59.329798862223768	0.51217922432252716	-3.4764618969736336
58.790496894829253	0.27848482094384192	-3.6341842296193514
57.525357875739701	1.8137967018723029	-3.4202738184570793
57.735382603425741	0.98807884078763564	-3.561785890110162
59.242535543500367	-2.1885104722510493	-2.74276345710624
58.746741092343086	-0.98600493343391082	-3.4929387364418045
58.048426375234591	3.5838386875411108	0.62016368813866762
57.796395270377793	-3.532439320381354	-0.48271083220333572
58.570218890875253	-1.5190543804378984	3.7337402292803268
58.408851371602026	-4.0490198185580422	-1.2735983879805004
59.162152818395754	1.9414681884698943	-2.9691610802798545
58.022084438308845	-3.3646152425736258	1.0035816453058146
57.486167756601162	-1.8394100652346197	-4.3556325745127698
58.647085441544839	-2.6810815197353097	2.1562265067330464
58.505258411027441	-1.6751348187130302	-3.6606621360008922
58.131577205726451	4.0588218279808315	-1.2142968126099292
59.032504777610541	0.67451426528568403	-3.8754802106447674
59.237528170983602	3.0243822507099858	-2.1001718787522092
57.730145129327269	3.0664687964112707	-2.1891751355854208
58.714432804295242	-0.5442998285239119	-3.6859164343841622
59.186387513142456	0.55304018545215639	3.7880947514206107
58.696822072316287	-3.0041967218785852	2.7299784863362446
58.754970871826053	-3.0950339338750315	2.2372630419673056
57.682018993331361	3.0663287918136013	2.3661588633157056
59.237547169017006	3.4774720803431722	-0.22806928229039114
59.333954884573416	-2.3437999027477594	-2.9233410855153439
59.428496483418144	-1.2981426529262263	-3.508077009729873
58.336018990211173	0.90920037194772796	-3.5123709663801961
58.967956651462949	1.1191152862720677	3.7611549867562104
58.356901846243858	-0.38900937222965287	-3.2657605598496664
58.337485887982979	3.5441972866535756	-0.34174621575595931
59.005623883279377	-0.71202100000025925	-3.3388410676696587
57.43874965352893	2.5733601540928173	-3.4160332755428771
58.207835689448487	3.7774438570801978	-1.3858077297837497
58.984786224514671	-0.30352275806284618	-4.0560348600335967
57.735410891629584	-0.51156527447190958	3.6289607645529167
58.125069220049802	2.9513823887163766	2.4442640869665224
57.985477638904896	-3.6097595763369346	0.13286188918248384
59.153854514527112	0.68070221211099446	3.5822921421010019
58.851755447224569	0.73260348996653046	4.0644877346163231
58.314352315666333	3.3775400014707109	1.2773646952255178
58.03990708703774	-3.2703238941873578	2.6511898980906503
57.544690434440632	-0.89739147528809859	-4.1211694477320426
57.401585377162618	0.4716182934163009	-3.9096563624911593
57.913737458339817	2.7817432555335819	-2.2926952140475652
59.332704847460356	3.9626117253763695	-0.862317461153989
59.177116621446537	-1.4425767396647851	3.4100057539956206
58.266236307577714	3.7240792889348691	0.83320422740530098
58.748294970853046	-3.1027327726414571	-1.5930125691506443
58.786580501311811	2.1940513954588372	-2.8372889160159707
59.361819038882345	3.3078895655664655	-1.3004893652610643
57.664304481446948	3.9859743235743448	0.89143128337525857
57.852415253273207	-2.5087670977089274	3.1268063784986344
58.839832227322205	1.532852311703109	3.5630403591989723
58.458259455644018	-0.45810409623245429	3.8538053577851228
57.741358277771603	2.787202584554914	-3.2679226095007383
59.267205522419616	2.6526790948470591	-2.9778887111132497
58.994482570359573	2.4463523281963173	-3.3235747330058838
59.119235274665684	2.9484856265501458	-1.9750490762369861
59.230056780996023	1.6701956613878564	-3.3452853202104791
57.88649579049131	-3.4431579190932453	-0.77979602848054408
57.846904407216854	-3.331342638737818	1.9182723672905642
57.891904930206245	3.6794488285201616	-1.1000155616718936
59.077219272661011	-2.0325124188122961	-2.9907293391108136
59.232676288235467	0.5238700854557462	-3.7551513627538093
57.534138685433966	-1.1453864223339403	3.9697862422271517
59.286286568716861	-1.8187247076545296	3.4309336679275333
58.688450042094694	0.43019071313316243	3.9216181481109924
57.612843748630326	-2.8983241492036722	-2.3821117702176102
58.818567270935525	3.6888960620644706	-0.44069855540822434
58.823587791596715	1.0152957175399424	-3.4196860664593944
58.370673865946422	-2.1071097781656887	-3.1519426862347113
58.773801959763311	-2.0295733575696069	-3.4530722589123921
57.911790224801926	2.4528379259559294	2.617997271227702
57.62016233083898	-3.7235003267023057	0.87894757651429367
58.438922289863591	2.0736521894019369	-2.5270111310129169
58.039865767698622	1.9420941458839658	2.9700899689278497
59.172815987767557	3.5316822719585832	1.3370861609319544
58.839406645271389	4.0247863474408776	0.08476033838254439
58.729280204039497	2.4762404944830156	-2.5565363469846178
57.607552017754848	2.6029344237670293	3.0785849694504419
59.310610095970475	-2.1043138155114174	2.6967678227129417
57.809193186530329	-2.5248628741253158	1.7452051681999592
57.768933009179236	2.8777587025303113	2.5606967356715793
58.713157209921341	-0.488076458495104	-3.3872541570537247
59.411900808744136	-1.7580331071472537	-3.8365172074180811
58.717387388616523	-3.3743648504619732	-1.5087898361573655
59.113077740501673	-0.26928980248642509	3.5637063262599051
58.007648182780969	3.7770957906871918	-0.42542333835406076
58.035081283336915	-0.7960218699051621	-4.2504235417739578
57.917771079625759	-1.1147060814268581	-3.8285233378062511
59.179428093257414	-0.092445730835161222	3.8407601087134684
57.944209375292544	3.0501637558894239	-2.8640806005990878
57.895696487320187	0.29867181067779169	-3.6967375663727595
59.095148409730285	-3.718771455060367	-0.50064464547997756
58.457073583925357	0.58496099732141982	-3.8392147264571466
58.746690359921914	3.6663225809558875	-1.3879734586723107
59.312876241776451	2.764419037663203	-2.7170806551708786
58.428041696615864	-2.2667705003352605	2.7670724814255969
57.907512446993898	-3.1155446541570364	-2.1102130277866578
57.574634297181838	-3.1684110140897461	-1.5671558763244871
58.150659198605965	0.84832615828509661	3.6317207471379467
57.656672191778362	-3.9442229305096235	1.1437663145001995
58.663267456028763	-3.6146920909156535	-0.91278271540482214
57.701465394760092	-2.0879642366897291	3.1445265539057816
57.762324561513964	-0.88818145442254715	3.542848056530588
59.140289112730414	0.69125811491446998	3.4952721223134922
59.258682977769418	-2.8881090356783887	-2.0965243098936219
58.062905117698641	-3.7041645099818021	-0.66336496344499263
58.479741916851317	-3.5820174287669642	0.95886525788852772
58.398333578940907	-4.2000068072278323	-0.22044124286726838
57.699993285826764	-3.7508064358396109	1.1189356213224682
59.217032488219239	-2.927641561266348	-2.2763926766166609
58.223086473986605	-0.15392096802310293	3.6979441112069913
58.092000157917127	2.129518393535486	-3.0016432968222047
59.043296710883972	3.2701242155697492	1.9399617213795708
57.81505559454466	0.13426941749085752	3.8272577828486551
58.537737251763332	-1.3909865882110128	3.7352339821545608
59.151551776652411	2.7695515716995489	-2.087967542385134
58.297665374428242	1.3715362330180267	-3.1628195816858571
57.965586548534489	-2.2206991902774629	-4.2316689498116693
59.228772097192312	-2.2899416355034039	2.831429540412961
57.762096133652314	3.7262030115642197	1.1087553482561543
58.325049807808107	-2.0408199298074194	2.6290466072551104
57.70107620957593	-1.1235148688714283	3.5565028509688892
59.330547676910186	-2.3670682701104107	-3.0175350235391201
59.502565820548917	-0.49313398050689078	-3.7760343225029875
58.472313316413604	-0.53086411037466374	3.9402604175333651
58.555469514161103	-3.7270582258514433	-1.4851880528435424
57.971181084157372	1.6973380009310055	3.3136716846798158
59.196893766429227	3.8128370140558765	-0.42517677780212332
58.013913926659235	-2.8763463952126251	-2.5472303936498619
58.369545714848087	2.1749356888423925	2.9935326553372028
58.086450909260869	-1.6030111351783993	-3.0519000960493199
58.432604129275369	2.1455862519303639	-2.9458994023353355
58.787654234911784	3.6268931585309536	0.99802609265918651
59.28850122720926	-3.6994578306904069	-0.086778485707743158
57.641816401124963	3.976427263737603	-0.4518047263457684
57.658422993213549	-0.91729682304458859	3.8153412594787546
59.050680503683168	3.8455841471830219	0.81847994472871044
58.579190184176774	-2.145564508176947	-3.253043916125633
59.308868506110663	-2.5038956969851136	-2.9524762364580459
59.149691651891999	-3.5776173978966765	0.44094501859548446
59.195134323358062	-3.8953873143682984	-1.0021243386895045
58.69915610080681	3.406553384736414	0.53012233183540669
59.167690793407452	-0.43321718745637022	-3.5539289215045744
59.263830492966434	-2.4790265034080488	2.4790685950022859
58.255184775096481	0.19416283144735064	-4.3430331914065343
58.837470755734721	-2.641423266699896	2.8896632773155031
58.298314599896543	-0.83791964574333389	-3.7395342505507871
59.093314563867807	-3.6327363791527216	0.80084846658221176
59.424503414305995	-3.4640621001698797	1.186796937085745
58.384364943312427	1.9272585475069794	2.7935717897779919
57.964829621575461	-3.4878595044980427	-1.8238074135813458
58.573957352560448	4.0211840050360594	1.3785745972695349
57.736175236853803	2.0933911473429632	2.3771299918335962
57.661406507923274	3.7249971973328679	2.1731652025034287
58.026478458085052	1.7177665969392744	3.2653824147085664
58.206928538130043	-3.6578029162300272	1.0942715579553501
59.427540781793617	-3.6197806507433934	-0.54513549186439147
59.134229629709644	3.3754703203113361	1.6582049640105856
58.22391486573013	-3.4553042970157195	0.72922593218069154
59.218084459526565	-0.89485413325602203	3.3892760507952402
59.206148071301989	-2.7816845235729915	2.6512898435255527
58.70358776798426	-1.6007411551891204	-1.7126152709147699
57.698625068729008	3.1217464771440948	-1.3328130189187568
58.407057655674684	1.6080838934851056	-3.3686154916484732
58.109159723123241	-3.6350977768053871	1.5158850951833167
59.557345489094885	0.52152419867834077	3.5908629756355035
58.542118358920021	-0.41721213157502046	3.9060278991669484
59.114541126635707	-1.6502809930225444	-3.2893592992323915
58.47798077867435	-2.9268359164442139	2.5311185402711964
57.762866916273559	0.049205419273603203	2.965145800204454
57.633453318275855	-2.7170184895062093	-2.7878995295976781
57.457252996112707	-0.50013341782018983	3.6914248953262523
57.917656389366456	2.5769202764784769	3.0955532671712205
58.859529678032189	3.0023975541451176	-1.4503725718925871
58.696980471641858	3.2648312674350772	-2.3268528482214035
59.304635442313867	3.4508239042443547	1.8039471238909626
57.838132795410431	-1.3245130199642658	3.4760526657383299
58.013211291968112	0.92088715584708603	3.9933255763130138
57.761761027645171	-0.5261803781121126	3.7979271218023904
57.609702198828145	1.7753853496933723	2.37295975451784
57.844696040287666	-1.8488367075336329	-3.8723040717094701
58.640081696503671	-3.3086016816854427	-1.2947978766687054
57.827762734044207	-2.7765278214513507	2.6069172626405974
59.057655312252081	-2.6348468426814109	-2.4609252015081049
58.308426624323062	3.5205891770410158	-2.2200931217560056
58.727866676407096	-1.2027491257276972	-3.2760212922196366
57.805477644983483	3.564866643081988	-1.7679722295939375
59.005831598222386	2.154250607945182	3.5582785104196168
58.58980797663304	-1.1460363774250473	3.1352960485017181
57.942807959654978	2.4600339660026131	-2.7721920338258252
58.662042740405305	-1.7528948403149687	3.3111095127410999
58.234247165511398	0.62633722148534821	-3.8127911993455621
59.094105973977662	1.8517018414519333	-3.4192624444359194
58.574495625735672	2.0709118497152637	-2.8830446601235744
59.268084082024551	-1.2242603011144313	3.2869350491907787
58.949617802779699	1.9920494240502047	-2.0531490679668716
59.164883391194493	-2.5269656397207081	-2.5485761501668929
58.808407873954955	1.7409874868476956	3.0279835012213039
58.427988114501879	2.1487864008139193	2.6224488001421453
59.412713692185854	2.2468776219372177	2.9189608835120802
58.522195377535333	-2.3869715876759559	2.6136895260679167
58.806605259360303	-3.5887428042497027	-0.24279897139239795
58.500605345931824	2.664287133338278	-2.8838799666933603
57.96097406794275	-2.9900453160999572	1.9265516768678304
58.512944898344408	3.3197338129415406	-0.33437418055024365
58.170985399266392	-0.55162085312482223	3.8516502494940936
58.215304655513563	-2.2587272499652244	2.86634874695718
58.595469382533722	3.4771613105232917	1.4664883428721855
58.87347009571689	4.579289115953026	0.38554284996035304
58.950524036971174	-2.4320430143673724	2.9366417402610554
58.472475427369098	1.3416922840214212	-3.4882185800056971
59.065100590790458	3.6129603181102863	-0.60977073610265375
59.205284880314196	-2.3389864329026615	-3.3266550863158275
58.262728657141835	-3.6454051089060804	-0.20099631479276892
58.481494860001938	-3.133373249083772	-1.915379113450973
58.883020042077817	-4.3953196879652303	0.240424462986779
59.37076026036668	3.5378966072652398	0.77108443543765459
57.542262365084341	-3.5992979134476606	-0.33344141057279736
57.767435457099957	0.76799012402500788	3.6939575057931391
58.616237720423065	0.55929162688335166	-3.3482297351280614
57.849615272375139	-2.0422947124195359	3.3249422728460014
58.079162876463478	1.1625379226625714	-3.6673337395639507
57.768517080952037	0.36844237207468417	3.8371466036701385
58.027811681522692	1.7134822715593656	3.1925772791177067
57.693274587833514	1.7932899556172934	-3.4485134499629053
58.652580331199083	2.8238804578611196	-2.1287216197976329
58.742055836615364	3.1304060720301008	0.24674082643843787
59.037822600087033	0.16609839330316831	3.7321170973704012
58.54471171317266	3.5856709313115447	-0.17535951357245538
59.360563294315789	1.6079164246460149	-3.3201913200920896
58.105343961030144	-3.6919612639978365	-1.195039046953092
58.290852398727864	-4.3980098926972335	-0.46706422978464801
57.741435897674947	0.64940228266694067	3.1947551910312679
58.778158858778987	-3.8225751575171683	-0.87032902774571708
57.733953400480893	3.360744556825249	1.1351296694178967
57.723557085605592	3.6484758948502045	2.2400835358949824
57.766800609449739	-3.3088118766828392	1.7424373745056005
58.317559408269688	-3.511890058003134	1.5254513756883705
59.167160301616775	-1.6286424577377736	-2.7821176495763238
58.816415342852878	-3.5582730630217285	-2.0653582441305085
57.664071306873964	0.75169068233624825	-3.7574355379731874
58.470961351546372	3.4869124034479695	-0.7181835551015463
58.597443083120602	0.096872850546118217	3.8899176805446687
58.545614544608299	2.7194415164310639	2.5545886919917224
59.505128118520481	-3.5580659829835422	-1.7232430301684458
59.135480660824967	0.45060984554902805	3.7428785538608937
58.195201793167641	3.4816986415175997	-0.74482000997249564
58.282656790621111	-1.28310741909445	3.9234850341243606
59.442515726085972	0.79617039436425041	-3.7546690954396431
58.123184959339468	-3.5422511804290702	-1.061441149273058
58.560330334762021	3.9245468189495352	0.41836194433453439
59.070170170253114	-2.9138161944897663	-3.104926818230096
58.781696680900467	-3.6124009014540683	-0.19734257231976865
58.749857603189611	2.1518523405410885	3.1504813032201127
58.128072214797704	-1.5717385114416631	3.5053625244802591
57.770798384264857	3.9238181384637567	0.91843646562086478
59.137959787228411	-2.1008507529411315	3.170760592656356
58.669752500325409	-3.379418042833739	-0.48073414775136902
57.944299366756539	-3.6161772392969942	-1.5704519673956483
58.997520114946333	-3.4698180654933939	1.418660785349088
57.846469462700966	-3.7112528974044312	0.763202991539914
59.056088184063007	-0.75190619438100503	-3.5604143547235143
58.074827415144235	2.5822563908905507	2.6955900923967859
58.53443280107011	2.7099680517688225	2.7701158556423384
58.104759616709096	-0.95118359556881737	3.7484699540977071
58.963266051117195	-0.9148301390100616	-3.476871547910287
58.68770982984563	-3.4226700568415866	1.7408555994926578
58.911401006066008	-0.30092674224916893	-3.63315919639959
57.943951469540409	-1.5164593231709738	3.3544153595493253
58.117842866626674	-3.6487166053016638	0.47229299508112083
57.786846291863171	-0.99340070047426032	3.7040941562553718
58.080898057051087	-3.0749990770463853	2.9110962786849104
59.350719320541252	-2.4485421480633263	-2.8171945970158117
59.237561161211389	-3.194553907255699	2.8017644849788761
58.764675258368634	-3.6670148159849214	0.083059664424739901
58.561486309762913	-2.8172377628475211	-2.0532648452804141
59.001784278767346	-3.822340054333389	-0.025777912813928893
58.723408914308429	-2.8114313204892114	2.8399529455410333
58.729201171174736	2.2641517702976488	-3.098221874473543
59.339247600251902	-1.5941889497814787	-3.4217541196358492
58.536677889254811	2.0364355384190977	-3.335677754008731
59.057326457653275	-1.9063177353348741	3.0136525475378204
57.614726080319969	-0.0028623600368739184	3.7437045227714258
59.627638396194968	-2.5937159347064123	2.94203949045865
57.568017290571319	3.2203460478333472	-1.6548864366254326
58.681944706126039	3.7525693571600249	-1.1156989252347773
59.007301031679354	3.1749176212635155	2.2528920103401719
57.668815701213006	-3.067449248964409	1.6745767550134807
57.736381235199374	3.2775376909421512	-2.3746859005160097
58.146646928094661	-3.4115298545321315	1.6508936530719114
59.454214063112694	3.1369298634934748	2.7826149921918475
58.227318631338832	0.96944188268498477	4.2602644294347582
58.096998326847469	4.1987417907682829	0.062489317125452193
58.785948059485584	2.7618644732136843	2.7284822033423084
58.199781772274186	-2.9426736540820171	1.7691136000040539
58.088313134159293	0.47551756270881357	3.3231375797917511
59.325365312386964	2.9457303989260599	-2.4329912053323115
59.446183654859595	2.4460463553420575	2.8368620254799053
58.784858225518576	-3.7468904998314447	-1.2525117881361751
59.352354709201542	3.6314603530763203	-0.28012251752349426
59.028441273548317	2.6860177794508613	2.7887898012824675
57.955793158345443	-3.1131430369858393	-1.3708357753193388
58.58517119940776	-1.7913299117041903	1.7700675843011946
58.490987507004313	-2.7436125337311439	1.9006606027393129
58.724356058364023	-3.0260589017641366	1.815008867871529
59.46373124822086	3.5353104790749934	1.3615258485527564
57.968012016897141	-3.2407604489816291	2.2105563048737547
57.943650889534659	-2.9540416467332058	-1.4874444517442855
58.472371443338552	3.0839064194431951	2.0433557778615605
59.399378920052875	1.5131378000235158	3.0399985929365925
59.415599699797696	-0.44136144571417191	3.3980222472696773
57.771750885607254	0.41389002379870621	3.6898358349230906
59.271896238804281	2.1525168442339586	2.7077063141934854
57.911437316086655	3.0317513400676277	-2.3368425960928247
58.757798008388377	-4.1115000514996938	-0.60245262018140744
58.188812620528481	2.6949170883879368	-2.6632832400022806
57.775019095365955	3.9212035468485893	1.0759471343295166
58.836079348044528	-3.0742171830390799	-1.5766531477853829
57.912712752963245	-2.229159959514365	3.2866325905767368
58.703359864341522	-2.1070567617698663	-2.8196008040876208
58.570787073838233	-3.7204082243613037	-0.40886605691072037
58.221662853958726	-4.0094803453263053	-0.76059920182725316
58.047586765105265	2.9891114802541612	2.5362845747899989
58.369135813168455	-3.5511647441005696	1.8734234030507912
58.746234387732727	-3.579398522888515	0.63711191721288973
59.409236723077264	-0.71112283577940927	3.4164451999988317
58.662871618895721	3.8873432452817136	-0.7106189376275287
58.333737029860714	-3.2128378617511602	-2.1683348936909228
58.181987171437406	0.72541246119692371	3.6290628642265199
59.035588891940805	3.5499062246624833	-1.3764094964965921
57.899985618594357	2.7832417042387898	2.5315796975902858
58.984869600582854	3.673299189327413	-1.2721094496470142
58.655641536999937	-3.586141252677673	0.2332269744346675
58.884390268323614	3.479060817672003	1.3134925960158494
58.307071371516614	1.1038831126513198	3.4292971451312164
57.953997853324189	-3.6147593170019059	1.0675263701377928
58.982958315756001	-3.6152890007746037	-1.4940944989175013
59.231060295817997	-1.4611312126345533	-3.4621709178042996
57.493001906571962	-0.25522725950235797	4.080177871654298
57.613954529745158	1.2950752646410151	2.8345527358670997
58.52423092899906	1.6380725541910712	3.3089092763030026
58.57167628925145	-3.7978368263287066	0.68072654505769148
59.422985069409464	5.3962674120176741	-1.1831383054953319
58.279641545881695	2.241182849859185	3.4224317824570925
57.659826223927517	1.918650865485354	-2.9999909158379556
58.442387259474508	-1.9381215165531336	-2.9752265958817934
58.791887501729676	-2.5469283709262616	-2.4520619370963646
57.956765403657705	-3.7428931946781656	0.68920107486077209
58.773340928976367	0.68439919199298016	3.5265368686235892
59.282138071154812	3.335420148226039	2.2851661450851242
58.35075234552334	2.2301994010396982	-3.2990669159496844
58.259809420704613	-2.8438998852969615	2.1140391529218534
58.95295745741322	-0.22289440029189245	3.924834714493338
58.535536220573654	-3.4970164777792152	0.59612153966984405
57.782250279656211	3.3486530850242708	2.3355017363585926
59.237248162301142	1.3720441642772618	-3.70759264844104
58.246563435003154	3.7938588723636499	1.1640720203612889
59.11214685033427	2.7983369902959323	3.0667733485746611
58.295363728838687	-1.3480265594408705	3.9125362464310136
59.214236421466303	1.7042596210835486	-2.8370232470163788
58.321699803977822	-1.5494150443255179	-3.1699986407392977
58.379710825764064	-3.5914010957491627	-0.46312326662724945
58.589340903845887	0.69682052051527898	3.311701214732707
57.859461077024676	2.3735052142811774	2.3825663056848709
58.77170871732686	-1.8638162704597419	4.0838315061676278
58.961401539940695	3.5129058185422291	-1.9940041960220183
57.775257343123101	0.32499314138253427	-3.5550329630941779
57.689650382896822	-1.379763966734177	-3.6512928990707141
59.414224596054737	-1.4765868703615463	3.4941585127620733
57.912848308763742	-2.4046755255134848	2.8781111283407728
58.806263278522955	2.0892942668986967	3.1686117713520026
57.695216263682397	-3.8709846508268071	0.14600416622177601
57.609251363462064	-1.8891906438066162	-3.0084481216208081
59.357411630375303	-3.140482230192946	3.0139090910267661
59.496269655697851	3.2546105416332187	-1.8616274600024278
57.9910720565817	-1.1291131072837863	3.4542762199511441
59.477562489201517	3.9817019281777082	-0.64801294087760852
57.679441984505686	3.2964255620635563	2.0933348297555616
58.703086087873757	-1.3006037207761696	3.7219783037879099
59.237724179803834	-0.46321133516731278	-3.6136380066210938
59.047735812939074	-3.4264083328625268	1.3390802927359333
59.310853604056007	-1.1667894455297496	-3.7508848158094494
58.369817588323947	-4.1104418826240154	0.96145186235208413
58.635426521310571	2.2167380002963313	-3.0663575583183671
58.306801925680546	0.13973169004660635	2.4565590798379944
58.073286304212104	-3.5448907427211327	-0.8522713942400113
59.053564019893038	-3.4901366836566323	0.40523537260099596
58.685445327746557	2.1092173151240905	2.6354186808820881
57.739207544250021	-0.40283680872346889	3.8659393000922297
58.49713324692447	-3.5931609019757698	-1.5389157737485026
58.755517319836578	3.5712107032967468	1.897477729087367
58.537486658488618	3.6742936631533047	-0.94478041212740649
59.289033471383696	-3.0113872620998312	1.979485784339301
58.415241293824785	3.2074282643195553	-2.1865247683557674
59.162102454417997	0.061594498465592902	-2.9820951556454673
57.799149966038293	2.2195214912522774	-2.7546388100126018
59.265593532885909	-0.73430867127531319	-3.4817589207307353
59.054634331851958	-2.7809639366204428	2.10467130704677
57.727094936132012	-2.6928160823254399	-1.904483504757007
58.405711708813428	0.82325611872290483	3.4412419901019704
57.865310282597619	-2.4265638989424678	-1.8157538879125208
57.924530648445661	1.8435864401359485	-3.1452901315878528
59.36413770041591	-0.0063770278884342944	3.4389247326904648
58.288481564922577	2.1186878782945491	-3.1241635539992463
58.511242239818216	-4.2501664730583766	-0.38329895337118602
58.018960360900756	3.4663400694254709	-0.56799231877066714
59.350323173208224	3.3353960722793579	-1.0835577850898106
58.226595565560572	2.5616612743568705	2.6464165045211745
59.384519975142794	-3.7245240037937717	0.42864238384829362
58.211308065305822	-2.2536956233543455	3.4368736800410944
58.423019394983413	3.4984720929846902	-1.1232720953778774
59.405319756440576	-4.0719989841833071	-0.18884416310679564
57.693590526008194	1.8789200723932638	-3.6196350115662179
58.011561499469593	3.942870079677133	-0.40484935628226471
59.467280739884849	-2.5283757728601408	-2.8144283195602648
58.62536001998658	-2.5218603430113546	2.7029077859137685
58.73153577290833	3.6792145744545959	-1.7511411548992368
59.373112639898658	2.6694345456576469	2.5707258771882144
58.456420045068782	-3.2062425423636896	-1.7089739299418827
58.196721473934204	-2.9636271743533507	-2.2546126926257406
58.42458836989794	-4.027725338212182	-0.97615299583278059
58.947793393103368	-2.5203162006296638	2.2410689673601083
59.366436824409035	2.2193142293852404	2.9163117619544017
57.732513556697604	2.313888967767662	2.9290521002142818
58.77580966518704	-3.2215994718252312	-0.61770759204261438
58.441059720172063	0.54943271017885664	-3.3998367400906417
58.726632789914099	3.4813498697953635	-2.4647020017014794
58.722808987962047	-3.4373613690729945	0.6102259475615861
58.277536686087117	0.67113464461111383	-3.557459255914603
58.630610525110065	-2.7558197225491079	-2.7786634092274087
59.263421196685968	-3.1588248721983949	1.6125263262461123
59.538169601539003	0.23417970124833021	3.8530078984264295
58.827437044128224	3.8857684030264705	-0.62226269473300366
57.758212873869468	-1.5171869692251916	3.622896657213269
59.538356912251487	3.3386222496606739	1.504129878299427
57.746966426226933	-0.37619352663815875	-4.0167081507163243
58.603141264164748	-0.45750213572710968	-2.344365121293583
58.639020207758591	-3.7256056742133397	0.92435937795967327
58.34379308331458	-3.3397558980994924	-1.055458555862568
58.307739892640562	3.643093249520502	0.64648177750110669
59.55290215918248	0.69915358879300682	3.222805313074121
59.438089683330077	-1.5657065071288154	3.7513895030463877
58.096511353918615	3.4243109078131151	1.2896451119775181
58.608461824866438	3.1711939792603863	-2.607919200418813
59.044178335766624	-3.8528967600489739	-0.1195820784219829
58.452139412712917	-3.6997266693226716	1.7359260544675887
58.03275846978714	-0.60807072897311376	3.2955962698341246
59.108296266657021	-3.3722699362674877	1.8608090523154335
57.859223993376737	3.9369098961881939	-1.0148562833060126
59.215933005908269	2.2201055655681654	2.9608826707797156
58.351347193221933	-0.46692494858333838	-3.9095629782479575
59.458514215022575	2.9605052562609813	2.8539179668193326
58.090415140516313	-3.1062708115493352	-2.5988178174618581
59.072637780898759	-1.1619732446143267	3.5676345302857091
58.709777811268609	3.764691791233834	0.47137898215030777
58.065222702670667	3.3465738497035544	-2.4357387020229639
57.878341014433339	2.6079953090869177	3.0839170282582309
59.487778320855639	-0.24851075760739549	-3.7144069582989037
59.150373696020608	-3.7265745006784758	-1.3416677114836788
58.934058581431934	-0.51590290659056104	3.5655960719155848
58.78781210647427	-2.9808188184165108	-1.5535616654719211
58.645016313583739	2.5462820720207073	3.1319311594548584
59.004422294428835	-3.1840256131166913	-2.5566061543521972
59.338574468323984	1.1051901509101243	4.0162648888711354
59.096012335318576	-2.8101290863834967	-1.9317582281346246
57.552151327878597	-3.435464975184654	1.3641125879485565
59.269364822317947	1.1731113506137225	3.6247813955571884
58.860861288824061	3.9692964730075184	-0.57187301897605747
58.765889920171198	-1.7886516211964667	-3.1124213937988525
58.593046426780241	3.3576264712377815	-1.9698956916936474
58.331156893099532	-2.9017871405725	-2.817681209990281
58.775184517894743	-2.601629610456663	-2.8348085137908887
58.08951645109903	1.1304093946501854	-3.2113519732682461
57.597502022058627	-1.8002178117593095	-3.009441463087748
59.378665133495232	0.2804501838040942	-3.8091685486993088
58.896698005567373	1.2623995547069309	-3.4211502190413325
59.472048590451628	-1.7306043530253119	-3.9817484017237303
59.367111502100833	-2.1554334868052174	-2.6831681327200472
58.178613066500063	-3.507321622352555	0.81045093826231185
57.939887919935103	-3.6304378816765563	0.19624584506665804
58.109584110583306	-4.0127260812561492	0.44760548523052418
57.960673546209655	3.4749084669309882	2.3223615275192371
59.085062625077207	-3.0159378188160733	-1.8649412710464228
57.719126050157328	0.97570263560886317	-3.4270454608684577
57.581586275038646	3.2878116655956471	1.4074476201784301
57.486944466422926	-3.7232556022865668	1.0882136491187417
58.549757362534706	-3.5756458056064067	-0.62413593430357217
59.155517875126044	-1.6526724612720785	-2.9773389678735973
58.145637264463247	0.69113618956727763	4.427045428321172
57.627784998445115	-3.7259208717146435	-1.4523116084412171
57.660727806549744	-0.77914229703687388	-3.4907283452802949
58.812819711519374	-3.92384627896879	1.4502020875269228
58.599045009694159	3.509984821478441	0.51745158336835462
59.447071886942254	-1.1241679558774811	3.4107437631632167
58.813858684624613	1.6299235354715205	3.5262030511879612
58.630146906918711	2.6045673297793543	-3.5743345093960954
58.052386202291125	-3.8698134672397164	1.202232175583251
59.05843622335847	3.3744870614460081	2.1019605653139641
59.482865671351085	1.8313830507886357	3.0445134902029523
59.203262538668255	-0.17898292572856084	3.9557598092768775
58.190465350975273	1.3911747911111612	-3.4402884743431126
58.062830995106204	0.92456985612142584	3.7347827156389255
58.128286599627252	-3.175786260328811	2.6189522321030507
57.689060038010275	-2.7865840637896131	-2.7372778044055983
59.015737724227918	3.4549837443417535	0.033780438672316407
57.764801244484595	0.56858983425854848	3.9331779287978348
58.749954392059379	3.2431715181690244	-2.1817167016429733
58.594293044281095	-3.6398616530277357	0.076363222174919268
58.06341360774848	-2.7455719071290812	-2.3322637041430307
59.323214821243347	-2.7628735281225407	-2.61499802397352
58.106798595880953	-1.4180462307387935	3.5488989187122106
58.514550613963578	-1.2129525734686122	-3.2914537667402008
57.919608830785563	-3.4533083617299463	1.3664351011949936
58.047671432764346	-0.61130112861356889	3.9610302826578727
57.598282214889501	3.2450347963272268	1.5749581601671094
58.447181705963914	-1.8716358540902431	3.3129153941349538
58.109487540869871	-0.92036379128806489	-3.5187443309400042
58.916446663881835	3.5077864168104553	-0.81452020759003918
59.25653813040627	0.36569202070041129	-3.7855496124807164
58.908721316302568	-3.6348664066761907	-1.1256450959014244
59.130520144492202	3.2044160746205654	-2.1697864831682443
57.732241556916499	-2.8838342993946484	2.8211962984463073
58.608749629152491	-1.3098674381030981	3.0541258687678967
58.468044780149334	2.1782818634089676	2.4539754989830933
58.849165287378575	2.7993436638970417	2.6602609416223353
58.955790906293259	-2.7533511028883138	-2.1388937314189458
59.030209012841482	-1.3601622979112298	-3.7163892017574489
57.684790692040501	3.8953271577765851	0.16052130400623579
58.000485347000385	2.5609083367834597	2.679889559075328
58.328928068889397	1.6710459219443723	-3.5579724221730653
57.99755378957461	-2.8066707847705339	-2.6204741633627679
57.567697448406527	-1.9532382906114167	3.3619437313403862
58.857483653544918	-2.5275149924261582	2.5541984706780587
58.314740233335343	3.5107525450641188	-1.455666433989935
59.080564160478431	-3.8669725326629809	0.20365930366984492
57.830790280782118	-2.6711873360152025	2.7409356322191512
59.565686574195702	0.8102011113905655	-3.7230382516498621
57.98506684172883	1.8542141283331552	3.5176029150919716
58.768930743591199	0.0505405388176954	3.4947020712205217
58.851865344310902	0.62117875478062023	-4.0712723555276416
57.648258971549573	2.8592330796447221	1.8450763439880962
59.068749165842007	3.1563776017255121	-1.9350685737973541
59.348545813400257	-1.3186284370310701	3.5348771766974743
58.488144202728321	3.058066743615516	2.5533889320039065
58.213178898436716	2.7781242878726427	-2.2572568659802834
59.169371478496288	-3.4360274156433164	-1.8346669382451748
59.336231187365165	1.6584097708128112	3.3023317246093682
57.996836523562614	-3.6806573034549506	-1.3834943849183192
58.625681670271319	-2.7243871898183127	2.0880711031319352
57.701151830130378	3.3163421237209501	2.2529542697961635
57.722352884969375	1.9308902472798608	2.4475493195853404
59.490527389677212	-3.4821285380266107	-1.4944243631457261
58.283438601441539	-3.405210427636653	-0.096842838526211866
59.148145348171198	-0.79048489609314054	3.6567265895719876
58.377698922012797	2.7851823794688566	-2.6817392144949812
59.304912565827756	-3.7969549078455795	0.082112056430230132
58.969830574901884	-3.7472740106549458	-1.1123441316961888
58.212480831726587	1.2637494481741327	3.7485118915385045
58.451107253656005	-0.12751508516780855	-3.6806265841117431
58.7830466702938	3.699181426415115	-0.90810853209594566
59.027279012208709	-4.0284831997416548	1.0464119689868208
59.54037282240035	-3.4335610870211433	1.7314811624769266
58.953381488335694	3.6537862756554675	-0.89448697024872026
58.751978249494435	0.25590787638379708	-3.5781773098522605
59.396098081634783	-1.9225712870206935	3.2499382304133162
59.509002285082552	0.85993167207912768	3.6399585095967075
58.923479504005876	2.7204085041313282	-2.2773493200377666
58.114705322640653	-3.3058696174260342	-0.072540696169604818
58.252571009154764	-0.19892002719270943	-3.7190001269829405
59.489713873803616	2.9774095398400782	1.9473067790692296
58.051821723156223	-3.1692395272044194	-1.449422623349899
59.402110581484983	-3.7238189491100728	-0.13135441713097987
58.14928119725176	3.3950777404034955	1.9116285846587209
58.186330573043023	-3.5171939298609369	-0.514953174391238
57.985020488068123	0.31642059247899396	-3.635098130353537
57.751568433145373	-3.2820306244037223	1.7111531706962109
59.162340148915781	-0.063248389242140671	-3.8875423174146775
57.938845603192384	-4.1073132048656786	0.70984244477309955
58.637054783415827	3.5349661038565978	0.87758418192229548
57.795629095733531	1.8135794294800989	-3.0403034505868387
58.494329891821522	2.6823798456756216	-2.6941940023597035
58.474480913377725	-3.6049093291706642	-0.57888711522217318
57.816085927974157	4.0147625482198013	-0.13322337962179745
58.642273003537071	0.89187239419857289	3.3381300841050354
59.171445765404606	3.76953264031782	-0.28536482778176159
57.518675067258229	3.5266302240509884	1.3719106409160526
59.071130329941774	-3.8276219418072821	-0.51344071715267536
57.96536057271706	-3.7242881651322639	1.2518080190334235
57.630324335531164	-2.5836014674930809	3.0335427421893284
59.372336173925028	3.8289951680531931	-1.322523796781838
58.658429038019776	-2.1640333061127945	-2.231023787490396
59.084092091703887	3.3700942267949601	1.7742133999260417
59.3949814789096	-2.3133428863355436	2.8980346983813541
58.219761936899054	1.4671014574934078	3.7412028190490534
57.638648568439478	-2.7128612901293323	2.3305656261739531
58.896822072962877	-0.39698957018221032	-4.0617449860415542
58.559619828892352	2.2994857773944144	2.9279731256485881
58.676797128108568	1.3215303943341512	-3.3483489787682155
57.778861451606829	-0.18376333343603232	3.9291793665341168
58.45082235157399	3.4973389920632605	1.0913114535379174
58.762946462021795	2.9006925085076825	2.5381299479010999
58.498188787573952	-3.2013204381893789	1.6058324727950108
58.52841590749825	-2.4839274477093913	-3.3749873494174181
59.21100986809364	-3.9406614614981867	-0.51071360649591246
58.827157370662356	-3.3679134614639583	1.0938701377159084
59.070414849626488	-2.1929980354014891	3.0499053988684866
58.596643934979852	2.1765051042152592	3.2422980410311801
58.530292399414286	0.25393637814376274	3.4756159905717809
57.903694168531672	1.8670450206115816	-3.3755825663296881
57.637264106986329	2.0484249621376391	-3.372876044451889
59.301570845055721	2.7150150554958357	-2.0620234825272292
58.368209897426283	-2.805493611167849	-2.3736798430369919
57.981464046458953	-3.5402282952533084	1.4859499192283563
58.657213199691988	-1.6414272499598803	3.1008618125167202
58.925228274739311	0.76683544850602636	3.9600796439610875
58.454232958879643	3.8902481766620451	-0.4789868087551743
59.064329538828503	-1.7163942902748661	3.367202937170688
59.166711234019068	2.7553950081092675	-2.4520869022499352
58.641903660784727	3.5514052747780993	0.61815791226356176
57.648406181012341	-3.1757692436667289	2.157013873495925
58.303462436902649	-2.1785246696697018	-2.8938969560843635
59.30913180552249	1.3180862277587377	-3.402631585965405
59.432564336896164	1.513335471867445	-3.1348565506617407
57.584192615109004	0.3577175839768571	3.954584145989839
58.308911793975838	3.2269130535267587	1.8502629167658211
58.300396954870109	-3.793908997975183	-1.4324126036309486
58.430414365142845	0.60502194839641121	-3.72723794988572
57.639092062084408	2.9928551868006901	2.0087848525382208
59.415290368962751	3.7114751611139938	-0.7575877401399479
58.65971792201394	3.7177540604560138	-0.73808622823023828
58.595193138058619	-3.5044335915354257	-1.189025387421117
58.987163349386826	1.0673390792073207	-3.5783074851387862
58.198106660005585	-3.3130738438522287	1.9912548426527565
58.535514309907306	0.84124449686263314	3.2512008432768198
58.784169067512622	-2.500449799731828	-2.9934965840517878
57.858314906785857	-3.5632740176213455	0.06338230492983854
57.665103563190016	3.1431635306237218	-0.57652146493060807
58.08331924894739	-3.7257560123277074	0.72192412396229055
59.085113394392003	3.5348646186048041	0.97312765622149555
58.20411285499776	3.1146765693576159	1.9254488058345742
58.991614096223003	2.4050253893038223	2.4273863907038677
57.60589660716704	-2.5260584800406591	3.1341992749673002
58.293418629474388	-2.9071710369845225	2.5658397168076599
57.821562604936688	-3.2996242807077061	-1.7188895325528877
58.45732806955921	3.1818990893174193	-3.1376247740607108
58.700548381597542	-0.79110160432926191	3.3131122887079552
57.676399245227991	-3.3797724981557611	-1.683030919424199
58.970043566483959	1.8173409088090224	3.2005282032323037
58.92076705640298	2.4389757389655879	3.2995595262252886
58.381543894425256	-0.010748629913221818	-3.3924520114184866
57.569209346469123	1.8777679212941487	2.8216201365631046
59.151258406334122	2.6260015007459918	2.9194352794657807
59.369046567779606	-0.87496129025484304	-3.456029008563787
58.718450880265152	3.7728729608546083	-0.68718066783387022
58.057458775378571	2.2445491438792931	3.3171722615234023
58.201973583637766	2.6771501157672946	-2.602648019045946
57.898165353400685	-3.5242387056246565	0.75347131882449492
57.59515403874677	3.1398123101161235	-2.0309291116847481
59.32542238148141	-2.8716794166396209	-2.3316392015492804
58.614575584116174	-2.7607141300769711	-3.1342412646121138
58.979983717958426	-3.5484362757878944	0.34319295576508047
57.947543011301292	2.0504532543137985	-3.5934677447534691
57.721387514144809	-0.13299943245104223	3.9231046407132606
58.228873805224019	3.4997264361712896	1.6341969908319145
57.803424779206232	3.3916293256705181	-0.79666362476592312
59.103477398993611	-3.4410100991192922	0.92717068122970947
57.988705862759886	-1.4339719149164283	3.6007855308328294
57.684318703360098	-2.8838300827420396	-2.3238200309520125
59.502117235858456	0.43992440373305497	-3.7569978501067474
58.184572632831937	-2.4215369896919725	3.5902512474775587
58.897625337499996	-1.5486917393015158	3.1132774217998072
58.462895805383752	1.8396994827568924	3.0332280983393449
59.326383904909505	0.26008440532269966	-3.6882633506498608
57.703944015911127	1.4031793488620345	3.454684937701503
58.734952937762536	3.32747458709356	-1.4532232868332635
58.817510419075539	3.4703883773240762	-1.3536278034093558
57.661761485267448	3.1465396360440305	2.0192209741518083
58.029013440864631	-2.7898366999896775	1.3599147577722455
59.605609068937518	2.8056766021760664	1.97353215107656
58.727854446982768	1.9351963299572184	-3.9302097443695496
57.837910066122006	-3.7918369618250987	0.86225989509388801
57.863536597675079	2.2687246581310636	2.6005706968816744
58.196009970722486	2.5156343533442458	2.2814439148396763
58.39271642451321	1.5294358137508894	3.4022804602276517
57.724738039076776	-1.6456972526630154	-3.9539792378130851
58.653430582735659	0.81833801525670047	-3.7280598671461949
58.612772532228021	-3.5761700593894892	1.306077630929986
58.059179409070111	-1.2203362631823951	3.7576511629571527
59.17766207988651	0.27358568356559138	-3.7674926853959643
58.375479657909175	-3.1445449141558623	-2.2460969498151964
58.273806984634959	1.174516242089354	3.3484310006625639
57.841764874044408	3.3067391594895255	-1.788857847468825
58.471761546528803	3.8468581228957204	0.10390446574296211
58.482138180950784	2.8493849551453105	-2.5809838397907998
58.136121517962067	1.6873432257426877	3.1932567508248586
57.713519598392352	-2.1450980992519235	3.5234773872028873
59.002023782531012	-2.7675656853403812	2.6950683197302276
57.628655282287113	-0.023659050376252367	3.7985113830709527
58.135443336919366	1.1768106507836515	3.4949344767024151
59.065029747278913	-3.937016821469526	-0.077471045447288014
59.227630116460809	-3.8958891218926208	0.68703031569393325
58.006896802121794	-1.3153120702343093	3.228906696600391
59.39647551005406	-2.8473917264234498	2.5746137148835562
59.493295268540578	-3.6139239781342565	-0.40527608714948948
57.723747888184739	-2.9341828449853806	2.6511888438212634
58.565621098950082	2.1915702104751102	2.9783846187231169
58.748582206611381	-3.5247954969468016	0.66742863222638205
58.185585189394956	-0.86392097304154336	4.1504748890790006
58.509894951263021	3.3949644666288474	1.7748054458219011
57.618625328976023	1.7732424346197195	-3.0206743916133116
58.02409355286472	-4.0950098486104434	-0.65960643857522061
57.556010356250113	-3.7837972067618675	-1.2021106756476081
58.99012013838805	0.97000765131255751	-3.6759488998304066
58.298548851609908	2.1211554441336378	-3.2193258953537169
58.144535602528975	-2.1467363933004533	-2.8429637224660418
59.262200193889278	3.5052020992476551	0.26277089706721463
57.807485578342764	1.5991833499641075	3.4213892495566722
59.243664807817275	-1.3931885745097694	3.5226848068292118
57.414187862571652	-2.5652706546573745	-2.435158453511364
57.902205019773099	-3.6822155446796643	-0.96803955138149811
58.320957815003624	1.8955139276074395	3.2275842932132468
58.405781985664859	3.9247297189246972	-1.138514819421234
57.706525349172779	2.4311809818714671	-2.5857436205863578
57.790195838511856	3.8600722722750316	1.0185056436865769
57.873884724080689	-3.5575900852150601	1.457824429531265
57.761527399904203	2.2898596102605815	2.245101681880084
58.001413705807622	-2.001143548657125	-3.3409712534340001
57.796375336903317	-3.5806994495831073	-1.383927627622249
58.612665150697303	-0.89022493988922102	-3.9139332160111406
58.256668657431106	0.97254069695586776	3.663813709282
58.386432102624042	-1.5665266471504731	3.3745857927136349
58.716370277458701	-3.423636453311623	1.6425412677070237
58.986245020414664	0.48451316338604505	-3.5585552396336992
59.222919943252101	0.36876339002548697	-3.9482161114816328
58.523932923920789	2.6693539609150765	-2.2875098184703413
58.68467095683021	1.0439207049072285	3.6124020965285411
58.079694382051763	-2.0037953780611	-2.2823986324166015
58.471550110197228	-3.6124082089410159	0.84893386497240009
58.742753066672442	3.8205138247503432	0.49435103839472111
59.228677511183527	-2.5746764131384623	2.4141238024354315
57.849848673615334	0.80320629238159114	-3.8582819919871425
57.89902839462448	-3.7211098770288542	1.8614824297722197
58.280433408654773	2.8890281581027883	3.8029190584542705
58.246219429760224	2.8880105818369244	2.4835753382941168
59.307255516160531	-1.4550365480492899	3.6560113384200124
57.86924073748893	2.5435247907754399	-3.184380108151962
58.916548277487976	-2.8011516935438956	2.6229032666995749
58.706599625427955	-2.2041791790449419	-2.8452966476699908
58.566141586150472	-2.6149342123042434	-2.5582357040060866
58.738337274420104	2.2799366034375916	3.6648268138839595
58.394230039359314	0.38000699767501955	-3.4070296454863147
57.603966463192833	-3.8576903628225332	0.33460732408184257
58.551903420376576	3.1307990776887449	-2.0244791638031892
58.335829642457774	-1.0016317226689657	-3.5163726326152367
58.413803463334986	-2.7193359057728816	-2.3201282296068393
58.533472397783655	4.4379956107186613	0.92413626021020723
58.082147874877037	3.4855988571914698	-0.058083029569209542
57.611581796362955	-1.5907278397328124	3.1958301836654432
59.376414332040014	-3.733557269829713	0.31261761915783948
58.374139262436138	3.2717021773696122	-0.81336401351136145
58.296084562401788	2.6404321893849461	2.9860421040486678
59.384190334601364	2.8787862969256195	2.6019497179526079
59.347113914177797	-1.310328340989896	-3.5710277446260972
58.893633876169282	-3.7006415135003752	1.974245477952705
58.613582149341781	-3.086491832746586	-2.4978312411959034
58.48776874393787	-1.6907429446893716	4.031855199893176
58.381277900100152	-1.5107654904090415	3.5758090927694419
58.168763939818938	0.45814239555643216	-3.4476113988267225
59.275780810722729	2.7123844319585495	-2.1535441318618425
58.711623066021247	-0.63130743467195083	-3.2670130813905351
58.336688409534105	-2.1912818273223973	3.0176488500119643
59.045913362877336	-3.6516512468062654	-0.30474227117136976
58.310608613993381	-1.7180844887863818	3.0139100661713347
58.139201851395875	2.9148322707255749	-1.4660131990464205
59.331080132878512	3.3180194995485648	1.2404447787242385
59.446159451610363	3.7702798933232753	0.88660256211722632
58.817742928850713	-3.4603944733353376	-1.227995083339166
59.379758086376519	-0.92599940942408376	3.4044973845718043
59.40597596353664	-3.6354223716200087	1.7085219021570308
58.59550252310521	-3.4480044102494483	-1.5191997182415773
58.955824878167249	-0.44378492453288254	3.8670835672648618
58.769749718627594	3.1848586151868759	1.6720084688519894
57.919186015947751	4.1037447488985519	1.6123431716993084
58.53898317152202	-2.3169007548747658	2.2656038679462203
59.503559935084901	-3.9251464086313521	1.8181906212213341
58.164993472874656	2.9729088268681521	2.5302425251958134
58.450547415628577	2.6450953990879662	2.4212805771936461
59.246226646102436	-3.5427067853892877	-1.4851240159474963
58.902799038724069	-1.2907426409253813	3.6882572976050643
58.664889442549104	3.1311340722661027	-0.81873229165015904
59.08499082503387	0.77766804935871547	-3.688129951336069
57.587325190936326	-0.39157649737690881	3.6640364822287181
57.856984786848457	-3.5458569318000941	-0.38014960011688942
57.614128011171985	1.3251286053885043	3.1400331653850566
59.50266103060725	1.8713763886500088	-2.8552121638168675
59.020091343482889	0.4189687366808314	-3.5713147099030031
59.196563604414052	3.8971348603031157	-0.21752268273504177
59.267121283585844	-1.5923439638812038	-3.3007908065093852
58.344484658889584	-1.1627109198460261	-4.0142072685192991
57.987615538420144	1.9342462943803762	3.0489348774052214
59.052574116410199	-1.7932445919401068	-3.4325052858151324
58.9592122340648	3.3990922610702405	-1.719059531611822
58.832300243743497	-3.5215443064487064	-0.17096663072107771
57.784418475598599	-2.8874607977377851	2.5132463196279433
58.78976487322096	0.42564428356776007	3.7150890396845409
58.209356789325938	-0.92466446284659443	3.2148222167792007
58.728126269859423	-3.3251103847654053	1.9604654139472417
58.005491276734439	3.6041121794387538	-1.3459295931267843
57.551072201094797	-0.73475194183509329	3.235031553005447
58.044294278138608	0.54600476442144064	4.3001780658521138
58.260028003907181	-0.40110853784161588	-4.1740621957416097
59.513626266981369	0.93518863112129902	3.722391687944973
57.937981565009579	2.5417285678710813	2.92058851723574
59.34025017788219	3.2131682356762314	1.9338469549642021
59.282668152760031	1.9023144907136309	-3.1904815247564922
58.162563440949732	-3.5311323962905932	1.4825843119099686
58.677720698859311	-0.14898554476472581	3.8812641335280644
58.787198836492045	-2.8327014857457784	-1.8044743606872315
57.938199867568535	2.541645308003087	2.5106734658986012
58.929700715448874	-0.350649015278373	-3.8183599644915289
59.228439433837835	3.5208785866102512	1.0802441912533096
57.943545746631841	3.2602075595358393	-0.91809737067302977
59.101320546818123	-3.3940772453226176	-1.1469108137056521
58.885260323024426	3.6389583323907502	-0.42532206472803091
58.741884614673012	-3.3062928348388145	1.4254814335548633
58.020220444444512	2.4325536312721634	-2.9700816400801093
57.935854718028565	-0.58581048622860099	-3.2963695590607727
58.543208681773507	2.0868391049495965	3.0010265075126683
57.981981545568942	0.1443415454656676	3.6750467092866539
57.800057134036429	3.1123019913878807	-1.6348710827415247
58.082113598822794	-3.0786489054054949	-1.6584160938113863
58.652329570998788	-0.58203319613903826	3.6473085521903106
59.298581628017224	1.6325790220710448	-3.4428432056238054
59.455639334665634	-3.824118693284225	-1.3264930258481507
57.958486477795333	-1.0370069395690802	3.4475826693653633
58.160735161325647	3.7706824718118237	0.12407435683173523
59.027942304815049	3.6206238499279761	0.36917145792251282
58.887673538816884	-3.5685058623655208	-1.2887330789212066
58.189976610533357	3.0802890287767419	2.2664960444937439
59.320859393461433	3.1800886237136665	1.9936718788505416
57.741352625037784	-0.28547425178952346	4.0538346980750308
59.170058305891914	-3.4750561561825708	-1.8220192021814212
57.955959024360041	-3.438534245052645	2.2123355482664597
58.444592271424533	-3.3876155199276363	-0.32487986244877448
58.806290479424497	-2.658883053333267	-2.497173259890118
59.123254980828513	-1.5216836499899449	3.5345330507544808
58.926556101105561	-3.0885534468612463	-1.1819160231192842
59.446172358325207	3.6376022380472168	-0.14162634526405801
57.675028569117032	-3.8019861864938851	1.4128780329137471
57.693130070325466	-3.3828644087732842	1.654618706308592
59.499390266329264	0.92119403406426303	-3.9304607455554281
59.25741610408128	-0.86170707811845915	-3.6997862280510443
58.892747608262269	1.4897654906467299	-3.2675100471967187
58.03648910597753	-3.0823811050426717	-2.0618334603285375
57.653683755298914	-2.3997060027307016	-2.9659350116775727
58.616507352981856	3.5733481295451868	-0.22886142495799289
58.803819331428336	3.0428884448610511	-2.5855338383913344
57.508493453864531	0.88686696434121959	3.6609817765051114
57.669031053304856	-3.1117952365385242	-1.4115471509585664
58.441719398247429	0.38674206081194118	-3.8773928003418874
57.777879796652122	3.8879809176155868	0.40351307906108491
57.945524874643816	3.8186470146704057	0.62041012434214415
57.852544843395073	0.77683374146540218	-3.8373619111142019
58.178762173303028	3.6482583870352872	1.9526770493296235
58.092033118109761	-1.3665736342811772	3.4163132304993051
59.170117159976492	2.9479641163915797	2.2101840804756829
58.607887851290457	1.9078395348898145	-3.1456745157933899
57.917353476894462	-2.4001702302615127	-3.2489821097688254
59.11391402613036	-3.3013015756971589	-1.8180126193884714
58.313306483570628	3.2382129794883654	1.2512082133818172
57.977610432280791	-3.6764902301096032	-1.2023213267819202
59.226968424101813	3.6355909046233537	1.5204952010175659
58.138673563056471	1.5994674889226645	3.6643356403341345
59.07677156033472	-1.5956496174604482	3.2907400855916169
58.646228385199301	-1.8303759984013681	-3.2346073921068346
58.843803984562925	-0.28663342259529245	-3.6334608980431553
58.514331582519958	1.747047981138433	3.4088208849709947
58.070747851124501	2.0956667751922682	-3.2321050786402066
58.149494614094159	-2.5348373294868995	2.664252779497966
58.755651681104467	-3.3632784392015043	2.1676280614898178
59.209620280935063	1.8180046810429571	3.0643924028359457
58.971830792251353	1.6620335593152031	3.1994402212846098
58.200293059083798	-0.32074170314001443	3.7038740719154384
59.06976422012827	2.1504588312563091	3.5593680319541514
59.057803282857215	3.7644455040970879	-1.4342782040019408
58.435001083000735	-3.7595149320419141	-1.0616460863854771
58.796556713817523	-0.89686551033233608	3.3782626526025563
58.222348351895178	-2.2733661983313289	2.9992073769236423
57.875867925081501	2.317755780176352	3.3268976859282438
58.582265510762625	0.54746992729833555	-3.7096043409586676
59.043532639308978	-3.8366315959870496	0.48815438056467703
58.495746240866929	-0.58576040145495889	-3.6217966168808475
57.499654927735975	-2.1883679424744176	0.46886828575869843
58.293692572201408	-3.3495247040340539	-0.17676734374605918
59.409707974443322	1.223893968549292	-3.5816075881157339
59.219685906822093	-0.13401393065704828	3.7885180883703944
58.359450862574541	-4.1263484574323011	-1.626356949131234
57.621472666055155	2.856984039881453	-4.0466895081693481
57.856042082003228	-0.090887139331237168	-3.637506994620646
58.469185295293748	-2.2190338489008692	3.190322364773686
59.155226657972911	1.4073117507897746	3.3920918147803505
57.736174836243997	-3.4880152413243612	-2.2271196854675921
58.462258784431313	-0.009803711875222533	3.8046219738610501
58.35175169790886	-2.0933480553272621	3.0038632286291325
57.959730900422855	3.106080401650678	-2.1870673502520139
59.285225941689355	-2.6231804674126096	-2.58645854800129
57.948521068814962	-2.1520909689315015	3.1650463124910315
58.906360897658992	-3.0396567409872248	-1.891505430549461
58.577853127838615	-3.436807776740781	-1.7060165317739369
58.319189537185643	2.7086999821972695	-2.5564424108182506
58.61058223530263	-3.6928246634797741	0.96263714645365139
57.780449896557919	1.3885440360407926	3.3172456237197649
59.292338412184215	-3.7438190424598501	-0.91341416828494038
58.224324014472813	-4.2465789561391052	-0.15883180979227121
58.115291801226263	3.613554609146064	1.8147903880907337
57.728718590004974	2.8585987540267928	-2.4641238643329846
57.581325407072001	2.0428589989269046	-2.7285724961381921
58.059133935641626	-0.41010593841096477	3.5792690870117818
59.309645021999607	3.7109848942124475	-0.82334709334522982
58.026618139323844	3.7359704169094408	1.1072803723610414
58.196462870882932	2.4840894375946982	-2.8558319027207606
58.88711747919794	-1.1305996769645903	3.7297134291692609
59.359174034661777	2.2027642479878167	-3.3841406939099996
58.539007884042825	-3.3917900586706309	-1.3305357588408762
59.178623126468302	3.9244079872737414	-0.56362667862030102
59.535259518963713	2.7555376555091606	-2.7400680455289077
57.79459454674307	3.1616182669455992	-2.146047985825561
59.394831460438361	-3.0029923691836151	1.8973643825991293
58.318984473659313	-2.574943572371112	-2.499659038638939
58.784142493426849	3.270113347198087	2.756502714545142
59.658150934025315	1.1610984351949494	3.3262029030246163
58.56727149006484	-0.4428149011198424	-4.1909068334113533
57.676489984461348	3.7839044010126042	-1.2767041683326803
59.215601696201894	-3.1958669289095205	-2.0348578351034048
57.682277331763778	-3.3327866768168191	1.3475448701088186
58.073572232637872	2.9277723778711073	1.7330771003052323
59.247305973908269	3.1755759374888246	1.9006620062105004
58.931029300330678	0.6434849192166141	-3.5408753398269814
57.983949069748697	2.5331078347244809	-2.8865892364041037
58.725464564378335	-3.7045507043340056	0.92203464229916443
59.654596393163153	0.41658950131840494	3.4289937244221615
58.006486867720646	-2.6700558789772217	-3.0159883436447608
58.238813736844577	-3.3791446109994898	1.3311439249317989
59.48624187852112	2.6373221887461344	3.0309078951471626
58.791044493242723	-1.6200826749257231	3.236485684043692
58.653032040566885	3.7620442006262049	-1.0793104057900929
58.147835210379064	3.6522875621593869	-1.6125530929339813
58.934086984041464	2.9496630216837465	1.9167167835824175
59.233488517778135	3.9001270295990231	-0.13482966010806349
58.807810522336283	-3.1858649157736916	2.3318649936472706
58.593777290379393	-1.1155306041729103	3.4190948415514439
59.360551399661801	-2.0228895897873018	3.5174746517600846
57.706201599587551	3.6200910144613041	-0.97242944085114513
57.669970237547716	2.1190549594176753	-3.296464872045453
57.874198743324605	3.254395511104335	-1.995396608280718
57.581395606575967	1.3953398642211283	3.4319341528716043
58.394909068639706	2.6447741451304756	1.9579939269781992
58.243505226935504	-2.7257737840506437	2.3744090233225195
58.743801362255596	-2.5305619604544374	-2.8005019579796291
59.0263309951726	3.4626483940396247	2.1593100882219596
58.680517589092105	-1.1135472860202544	3.4247711050796381
58.609334010720808	-1.8877551856949264	-3.3323244137536636
57.966415273918692	-3.633683365748976	-0.89973923096931496
59.35093214213515	1.616728585628564	-3.6818914214081415
58.506964113216277	2.6034924957910617	-3.3313116298493979
57.65881944713847	1.3978588167187929	3.4182962269402144
58.287024882365699	-3.393738138071194	1.5076515923913849
58.625040168721313	3.1981298523552981	-2.0347400386337098
57.520528796171099	3.5299306132937112	-0.64733094914070344
59.032917738267642	-3.1331001252100408	-2.247134226583539
58.512119851731448	2.9479810618132372	-2.1781910283667152
58.371029092908024	3.4482486185421162	-0.18341597468555745
57.622825870185856	-3.4426529483755113	-1.2819091176398019
57.554028895918179	-3.1056200368103846	-1.8003420105606218
57.822283718926073	-1.4061049015811522	2.8611814432257514
58.005357092458183	2.1378011036637923	2.8569449733511463
58.577799611633829	1.3243403275321695	3.580870214439742
58.072926119994982	-1.7856030065834609	3.4618261431005837
58.194759744082049	2.38077241514616	2.4180047540469287
59.359079066392113	-3.2662307540852575	1.7553044236847557
57.879120599261206	-3.4439020480367604	0.36854294716291641
58.148454409706076	-4.0367608192343809	0.48021306443105555
57.887772982563007	-0.39231522574387079	-3.5017314215503337
59.395519058362012	1.7394793843652978	-3.278367627458493
59.392655559108221	-3.3569728564546732	-1.7553851452104814
58.169202443634461	-3.7750843398916119	-0.93417033382545533
59.44223626513476	3.8560825699721919	-0.26519501028570425
59.428665936103123	0.045368077059963728	-3.4855058317384002
59.083572867614571	-1.4237779533096082	-3.187326284081732
58.917698651993881	0.22196163379919501	-4.0945136829546369
58.455276253150167	-4.0566846321225132	-0.92755307996523206
58.976168059937834	-3.0881259540100259	2.121432286755359
59.327004977739314	-4.0713023779473341	-0.62025970618791615
58.353261634200152	-3.9008474564731626	0.4710794951438198
58.737881292574201	3.453354499674596	-1.7167852434566839
57.720659747375876	3.3295863618756929	1.9735500126506482
58.699272510028415	1.3371775616033019	-3.8849900934048285
58.453302633755825	-3.3950003000178381	1.1587847951385979
58.899501604640221	1.6890795185930678	-3.6248041369892752
58.230775310740967	-3.7255750445661118	1.1443864644499555
58.406666814843426	3.7459900886073392	-0.087975137338861101
58.403835912127533	-3.429901611888504	1.9842279188462599
58.25543850885434	-1.4210447953785144	-3.690309956254747
58.256350472643497	-3.1644904712345556	1.8005457215382097
59.348792032080496	3.8509789015924407	-0.82799298491446116
57.998743378590582	-0.49487146503363288	-3.9905438782095537
59.276530238642003	-0.67223954856336288	3.510484841320566
58.990246871099309	-2.1875638336323076	-2.9884982020094628
59.337857766083154	-3.7167785600407517	1.5273855078549967
57.807701636261498	1.8295217078846104	2.8084541471183062
58.217869996864032	-1.7738302546974536	3.1693790940949231
58.583360622644612	2.0505098548653495	3.3759162666076867
59.20619289713521	1.0887952763164233	3.5501590173652029
58.979208850926817	-4.0030323054072445	0.1990673297534041
58.017629565502688	0.52587440919231854	-3.8584993840738537
57.954146786053599	3.489161282740262	1.3674844275456874
59.017802910039464	2.5553081622476621	2.6676428349340333
58.217648700394967	3.6787673683793347	-0.40705957991811126
59.362959988305263	3.6347367945600597	-0.20564680194277069
59.03623811577787	1.8547109453860966	3.2378684886307427
58.282587691344112	-3.646699314304199	-0.22764735221433177
58.006530261947688	-3.3316080982192107	1.6856994827569773
59.092586920097254	-3.7217102903563286	-0.2015983649629137
58.030181751781818	2.6557437321910595	-2.5595212076092997
59.285183634058406	3.6598340575340691	0.43995060089947963
58.809330559025788	-3.6707984007423877	-0.89049300664968156
57.735039585063838	1.6218980972059152	3.7237175405323648
59.079997238900305	3.5842662233619715	1.1793179641339298
58.128866547313429	0.2606051250840124	-3.086423297026089
58.247073096758882	-3.8231983110693242	0.31952498764189197
59.183897539520316	-1.590406640590063	-3.4470991912874798
59.243294203729	-3.3325143508498525	1.7909923581180687
58.871133333987359	3.5590173156114711	1.5302332920579063
58.022054326888174	-2.8380363323699744	-0.71635493298096908
58.278341333403191	-1.7817776483725338	-3.1998207162464172
57.992814627465144	-2.4523402110018253	2.1364445806329768
59.193107533091251	-4.0525391161352573	-0.35562762660175501
59.212391057668022	-3.3510824970618449	1.2951781201727879
59.381863087423191	-2.6074100339672781	2.7752545975530207
58.878070326143892	-0.098190591284867595	-3.8172623790237554
59.286782557844923	0.71804032949730057	-3.7731527477559585
58.881693915949391	-1.6675865599080297	-3.7597527643719602
58.316156692350432	0.10089522020809261	3.9708545568549249
59.279051067681912	-3.1889072767112632	2.1056868754001155
59.240956729141303	3.8989141724064895	-1.1977077508660581
58.007989955173969	2.2219920891213008	-3.4691949342972412
58.096295264064004	-0.017844427370540188	3.176287323033534
59.237555151770025	1.3920581556138725	3.4562450592403708
58.089104821069562	-1.8337437187582004	3.3988312906143885
58.766653504839866	4.1742004935456372	-0.583191570947178
58.704797280044687	-1.024244815648623	3.2118642141318827
58.915426601085407	2.6850633514836035	-2.2337492156612742
58.708235363362313	-3.6644616988233536	0.90755154275028216
59.061038050139217	2.8287559017735457	-2.2311461174331351
59.322508060756171	0.74579784400311577	3.8593108298668612
59.056700988100253	3.1523294497859595	1.8990451223279015
58.129605670247464	-1.9931108670195266	-2.4878257867322269
58.10653203855081	3.3289484356831505	0.27710632594938889
58.016596872775473	4.0227597254535734	0.93496733345771843
57.702940376239049	-0.89740939976843348	3.6889925354339024
57.873656196898942	3.2108060435743	1.2128054163906405
59.441927716413502	-1.8452822128394253	3.5373669361019493
57.912354783846517	3.5040552985886593	1.7112082381310265
58.150628681263825	-3.5982883668357935	-0.031510410621665652
58.87136422545688	-0.72143492443267654	3.6764761307063738
58.649597365599256	-3.7210003391425941	-0.81707435240251614
58.163133073209139	-0.25487049695522801	-3.3998618692273097
59.378364768493213	0.84189333296928959	3.9087658038844424
57.982784823388762	-0.038411260581731763	-4.5301681462263339
58.059410009183487	-3.0263193226186589	1.7269643345280699
58.820185586399383	3.7495464201037447	-1.4014864881635738
58.954395584245468	-3.0380114233104125	2.5536015118769817
58.630836996548666	-2.339207597217869	3.0127270059895488
58.504281571608971	-1.8903990793020566	-2.9533318448392074
58.988611793997002	-0.19893446866823256	4.0660746221345105
59.279631037223375	3.6539814378247528	-1.0442825243010005
58.012428557091916	0.2488647677441817	1.9122238265685096
57.704537484301241	-3.1620238825608111	-2.252887730140658
59.329182770656978	-1.8121817639622768	2.5636618629367236
58.74176974427715	2.163879979609137	-2.9716493806717343
59.510427790028132	-3.7589751722320108	1.7419826933271738
58.186336617800471	3.409554468170886	0.7708211686483748
58.975757297047878	-2.8062409019469401	3.259162065720036
58.573161258961775	-0.50351761564925301	3.9425878190335566
58.920594128920634	3.5594769974869167	1.4352821325303409
58.418660006823565	-0.29305175790014409	-3.4643438962552371
59.12277208846578	1.402928943341788	3.7682706521349898
58.966829597194391	0.44194609238089705	3.6488137297269509
58.927852608276346	-3.2262019872654846	-2.2769653284111104
58.707852599293211	-0.38061627080973798	3.712849269671687
59.049765666672116	-2.4762829753458826	-3.5534708909084727
59.10109583186803	0.30367188044357263	-3.6370398348427813
58.127079781745522	-0.90154448072134208	-3.3274375905305433
58.697103247377861	-0.75226419082400786	-3.7777976109651816
57.870297474258699	1.9844235450047361	4.226057326900543
58.034660348935688	2.9164348153295028	-2.4982087709327838
57.829765963327596	3.7630025024558664	-0.97557391212963107
58.838232957679047	2.8398918880705692	-2.8762801181877902
58.87152809855727	-1.8608630723340494	-3.3232931282744
58.782830787867162	-3.7539449913179181	1.3375992752139529
58.230510878176538	1.7279339392114514	-2.7578420568006683
59.520434134546967	3.4968670774888757	-1.7135821473760071
57.862368530564687	-1.360009176199269	-3.7300120143077269
58.36516832307364	-2.9648308069617868	1.7735306314177188
58.221395106518742	-0.08297505191293103	3.9731754955856973
57.983001303107159	-2.2432463410878558	2.8595773847566708
57.647156584005181	3.4744108413669599	-0.71978307004142983
58.455643355459294	0.67153753656508242	-3.1895981846517256
59.314223210937953	0.38797834689466892	3.9032816207692265
57.643360315637395	-0.84380138847918595	-3.5700975819300473
58.706755600612944	-3.8814208042026284	-0.73332589011665394
59.10268414072182	-3.6767105400321989	1.598170811828812
59.115445065564892	0.0046538741106615352	-3.4096360565035879
58.59508482560701	0.12135876347466779	3.9510656915350331
59.135376016152883	3.54293030285206	-1.3916048059439148
57.901058563829643	3.0804134730750534	1.8219933926671878
58.434850047851612	0.27174828827080239	-3.7912202716037973
58.041547840793385	-3.6528354246357826	1.0267555876096566
57.783777106226161	-1.5001218681110522	3.929982682745953
59.338845184377988	-3.1316509755702588	2.8638876609784845
57.664889033858081	2.6922385645281279	-2.8535782265240468
59.504330939497848	1.5542552245918388	3.6121614710593315
58.495322109770477	-1.608257330169417	-2.7610057295735984
59.501920934472771	-0.60190605881804338	3.7133328423513392
58.266158115215511	2.8701068619153887	-2.1048220611527979
57.83804039592583	-2.4331683162637114	3.1194206114478056
58.700329539904693	-3.3109934169839899	-2.2491954400974112
58.619843304828585	3.657307614053761	-2.0069401557199464
58.427942045765207	2.2346661187470702	-2.8999726648007518
57.703548013595871	3.4359071164584138	0.20966020703136823
57.519425830855475	-3.3219095256057058	-1.6048894576036516
58.589384500373924	-2.2942880459019368	2.6637934876185323
58.572560435993026	-3.6366686361204335	1.3198648090196465
58.698738631695235	0.80516948408908851	-3.8069040080006578
58.118106038408762	-1.0904543393736135	2.6884519312464707
58.836190726273109	2.5612788833751563	2.6642381862655378
59.476275949884844	3.1715546076923755	-2.2330348412677452
58.323485318434514	-3.29892013422094	2.0667531401540926
58.469477933736798	1.6449141895289627	-3.1625706195612002
59.112355636410612	3.6376781410901162	-1.1552027160505818
59.321133003780432	-3.5839633315269666	0.87556234421342494
59.387633452129108	-3.5777592902047592	2.267816594477809
59.066717811805503	-0.61676309123157325	3.6252436615886414
58.007321338322924	-1.0883993938318643	3.3280656383354623
57.779060348976401	-2.2591452174856013	2.7836016877674772
57.83318776670307	0.23117270077766067	-3.9525884677945413
58.549080842646241	-3.3775494418290766	0.93203151391158479
57.896680639070681	-2.0984496148930285	-3.0562675881836188
59.345669792568941	-1.7094630456996673	3.2488750041802366
58.765576220694918	3.1427601074638312	-2.1346063674572355
59.043889545639253	-5.3847819871799381	-4.7516474501927313
59.31009113018218	-3.5680266580652908	-3.0937812605883339
58.588019616257206	-0.8845481145063554	3.3642466409151779
58.114868331155392	2.1069424779007511	3.3047869283172875
58.217039492988675	-0.41101811953092038	-3.9587009242531019
58.567706568903233	-0.48096784748584526	-3.3928950789621664
57.708711424021452	-2.4289164117965401	-3.1445590824875991
59.133700083187932	-0.082009680247336028	-3.9353516014936254
58.111089765460278	-3.4406584947838077	-2.194054971915977
57.850552526916559	-0.80443656097065885	3.2699306584440238
58.617501539618708	-3.5745509819151025	0.86244194995051904
58.146552996352064	3.3435773391214401	2.054990362329435
57.925775217063645	3.4268196767166379	2.2038961541941204
58.686328559141977	0.062427570930810056	-3.8047585934060084
57.662149235509837	3.573984660951905	0.68459882510031067
59.033034425577007	1.4626791929103002	-3.2238834705091044
59.217937952971823	2.7840970073975519	2.5770200109817019
59.495131448645871	-4.061551678290158	-0.60059935738804182
57.435189688803817	3.6775811785448491	-0.30657541205258121
57.760182462295106	-1.2808503434620346	3.4296898689780533
59.233112118438605	2.0923046314737692	3.1403720314650192
57.842272789526234	-3.4619077563834502	0.26188580127406874
57.865674780604969	-3.7989769642391558	0.032093931094955078
59.267605901002696	2.7935157919910281	-1.6533828906749715
59.295295366622739	-1.8222004269222367	3.3841939699251893
59.313128441106578	3.5668103684326677	0.62076527314803764
59.14428183271162	3.8471747701131176	0.026335691280531641
58.710032247999422	-2.7700157382824164	2.0438952421274736
58.186710062128839	2.3502134075280812	-2.9547711553461524
59.129656600169206	1.6070495705205015	3.6950076562741203
58.94368026676667	-2.2100821443496583	2.6822118554810599
58.364297639204423	1.345555063528713	-2.9126002305334997
58.187520377063677	3.0702194244193421	1.8403952433571993
58.727454681071052	0.95567154964981549	4.0021902055093905
57.864688487262754	3.8754411438932284	1.1767491845875697
58.882006650902724	3.086269461164687	2.610399284544584
57.776797698269512	3.5573698992179712	1.750201254899818
58.156902085575965	3.2372665500886586	0.92890170156378216
58.778229452178422	1.8567535029830455	-3.8886329411119647
59.191977222306306	0.65463503748178775	-3.4474804550418177
57.680127708298144	3.7890578359116129	-1.0395310005842964
58.936218982150251	-1.2365623312472129	-3.4422977651145152
59.317015268287193	2.4546024361879351	-2.8380610564075286
59.329608230778057	-3.3274398559115235	0.87765725169131226
58.849391946527916	2.2244814871418339	-2.7289358548162554
58.988637787404308	-3.4152110501742765	1.282000246573054
58.052699831050795	3.0123126657407524	-1.6701813863833048
59.568680679644487	-3.3936523685342923	1.0948162978058071
59.069569939764875	-3.5416560317116499	0.87188185728198553
58.87495761352497	3.2376012606312057	-1.6687696251417696
57.668912433105767	0.70667400683900983	-3.4694741146439432
58.236977435615096	-3.2068265487397669	-2.0251099376519521
58.679835223420319	3.5373139076062152	-0.22179881026967521
57.631928539124985	3.2619083019924444	-2.4611940781112045
59.464702836620248	1.9656558369830901	-2.9410021336767276
58.367739073228641	2.7502968645014927	-2.1917669043110433
58.378543078078991	2.7371420005653984	-3.0523271892273871
57.914719241801166	-2.2054723937601364	-2.7938301071714711
57.828524065294815	-1.8966250495577037	-3.0104825302238489
59.183903812909875	-2.1121036828769362	-2.8798704697589308
58.755363382771066	2.3315605995628594	-2.3488155082180469
58.493971028626923	-1.8145614451554108	-3.5920543624707517
58.74954851153101	3.2142555762779894	-1.8186522047511353
59.07012227090145	-0.71598454372018105	-3.6769073759017741
58.554802121445839	3.5035734700517982	1.5902264695752537
59.012526461707637	3.5178190596886987	1.792058307124742
58.770170071396372	3.0550604665730172	2.4224694007151721
59.168728193606476	2.4095196540424078	-2.5765272337866767
59.163812532558318	1.826224767510215	3.530289689677776
58.891939932189963	-3.2911191759147953	2.1344694004797762
59.151594994932729	-3.6664043424878341	-0.94735420796164316
59.197248208611953	-3.8196896443656456	0.11917811923778786
58.168040320047581	-3.0368336214664517	-3.1969454198224265
57.775763512768712	0.63583082135305191	4.112310384120331
59.151531221866207	-3.1360771413521151	-1.9590890082330816
59.009919027225166	2.6114730684624439	3.0365902590337037
58.873734189305907	0.42303493744905901	3.6741836589608918
59.226710030666176	1.7088616538246992	3.9568801403640421
58.619333745996549	2.1650016864734609	-2.6867146024817683
58.041984638545607	-0.74020838311045278	-3.4350284715333617
57.690081787041358	1.3572262470354195	-3.4597171575884702
59.235433909051075	3.8995075840868014	0.69913043416500964
58.133064830411598	-1.8059402329145602	-4.0746812047932135
58.229877702255571	2.7309259968788955	2.2042103501087613
59.359791737554922	3.0270500882622482	2.241316359557969
58.23211520518344	4.1127735988841509	0.72003473462762968
57.93611597977803	-2.9729674513164119	-2.6184215896938889
58.480141836243327	-0.43001270797755842	-3.6222053046954708
58.069917488137101	2.0188779285708147	3.3861670030773809
59.191998970222976	2.938429789361821	-2.4959058483858478
58.45242502500804	-0.31357898196883721	-3.4745506317401831
58.748637728624715	3.0207778630307285	2.0883160252421273
57.736509580753165	2.4320692172530087	-2.0994558246799309
58.049148178130586	2.2154759453124813	3.0242153570137011
58.643521494354459	-0.067725934505458607	-3.4099897498742036
58.204320307054971	4.3194280513182912	-0.50234609281888032
57.59455989103634	3.4449158292247946	-0.35784524009155316
58.017902222325802	1.0452392458519426	-3.3793890085108402
59.140503180105512	1.9011758887644763	3.1733722920364218
58.770263475806139	3.5653705122837658	-1.9135668857194303
58.563236927673827	-3.3403756201026162	1.1867349905345814
59.217476338699939	0.51687445106086893	3.5311224215551547
58.690561243005384	1.4866692189456858	3.4671845995373971
58.344783764951153	-3.6642658133762009	1.4832438374172732
57.534905050809805	-3.4332329093487322	-1.7370396984541661
58.90826650568863	-0.022377494077366323	3.4637709163292287
57.923162301831645	4.0002455727064383	-1.1070458048402081
58.851250553778819	-3.2406788540743738	-1.3279768891642489
58.882452432759251	2.4650308152573488	2.8755555934987496
58.862648388228251	2.655700495669489	2.499929445560539
57.678968987056152	-4.1795123780662706	-0.67528681965210124
58.098054117405397	-1.9200093788920578	-3.4206098525866557
57.483729032440998	3.4197624127875064	1.7109454018145211
58.265771218186217	-1.3151483975826044	3.5010133879267711
58.403369354065759	3.7478604764815375	-1.4356272340230105
58.307176149691124	-1.7774763924438317	2.4892374854371937
59.162951886985795	1.4779664611736905	-3.5914996568080468
58.172183915253129	-3.7554291794552048	-2.2697450368844496
59.220041720303385	0.2548548548261626	3.5579588539434606
59.328717451677072	1.2362053691975563	-3.2463664399265375
57.947885169785785	-2.100061654813937	-3.0290584659406785
59.392714031194551	3.0671647867803005	-2.0061805477731411
57.755512422463404	2.2645408745553226	2.850710323229444
58.337249798851509	-2.9812584233024615	-2.1005795322108023
57.698571738981933	1.717094310206154	-3.5514516465458077
58.588696316390902	2.5017316068139124	2.1581149969395019
58.199727819571052	1.9425473124362411	3.3818532986300389
59.089362996678737	2.4615284040476091	-2.8312734730460392
58.3908150612084	0.52923203966513854	3.6193749281179994
57.75760948157923	-0.70838527085391745	-3.0053199916641162
58.123474795320561	-2.8733370234152904	2.5489787085070965
58.060095264504156	2.9337265620326973	-1.9154224847738479
57.691847811271089	2.0534325144523602	2.7985794472830663
57.720523931140299	-2.5293343083942532	3.0588160665383728
57.666177169808378	3.3341173605173418	1.772977967187821
59.389586751439701	0.94659111195733303	3.5898697832990774
58.955132933984416	-1.4678765391027528	3.6510925505958918
58.900188589441633	-3.1015503104189519	2.3582657308701584
59.189434364444125	-1.0465375016265019	-3.6519108149642059
59.326187201729709	3.7064047358646492	0.5156855072302835
58.067234020722914	3.6518479150803964	0.13902648124135147
58.136996301856492	-0.49323168318832156	-3.7195631673923772
58.407880454412336	1.1744701484942179	-3.2571056658891253
58.960083037853643	3.5748111276363015	0.73333415421673964
58.433367845159395	1.4246022764095088	-3.3630973235512664
57.621474676379755	-2.5855726079556369	-3.2883298574364641
57.795777426075517	2.902103328897335	-2.4479385889285008
59.409500640362793	-0.4175261147359744	-3.7163784184321589
58.272323423898406	-2.4863362420378401	-3.5266783831873232
58.667369208217423	-1.0060838252857556	3.3823576848779315
58.596466295580804	-1.8707411808968177	3.1108359413247344
57.95265769727289	-0.43016377084882201	3.6547283547674838
58.726161388764041	3.841114962836385	0.19219143607388522
57.844226572977036	-4.3160356004482407	-0.00080822724063953099
59.414242830626421	0.6861710367957593	3.9631845546472091
59.080306420957641	-2.7748309674815554	2.8175179754995465
58.074723515184559	-0.54579547717577337	-3.5422603760463813
57.737723133395129	-3.4040092495196879	0.40168052168707891
58.100580613083032	-0.55019500928709641	3.6293394598276807
58.589353247296216	-0.80954144695216845	3.7092197990853539
58.545014370780834	-1.8239454111925582	3.3387792986201315
59.310592571747719	-2.4810862205052664	-2.7804318915572912
59.186317357135934	3.2794011607668669	-1.3024248997720786
58.552748893554622	1.1648242436226686	3.431593758255195
58.521481682105602	-3.8395437564783652	-0.9803894474389625
57.925516870900168	-3.26798841081715	-1.4149288491574596
57.609350493885884	1.7939732821910495	-3.5457860315585297
58.011462482973513	-3.2337601271422645	-2.171274874146448
59.480654047421886	0.64110204669249959	-3.7421938819761889
58.92600124954896	3.8431973369940495	0.86499944883484303
57.524084117436217	-3.7397552145877886	0.93453239006894351
58.845533813341994	-2.4279783817369234	-3.0261031075780327
58.603015532843635	-0.38760183810748766	-3.5873091214024253
59.289216735359098	-3.627133266683165	-0.50547359559886595
58.809579181597378	-1.6067533213123135	-3.2535401574807499
58.284032146583954	0.60411796637841775	3.4955204268095814
59.452482820931358	-3.1847272984971813	-2.6068197496918648
58.237494207743211	-1.6075748075153147	-3.576790951387399
57.699041912055677	-0.048659838569888314	-3.9798462504647043
59.399397706933321	1.2950019360848539	3.2258047794241169
59.11730496605319	0.88074561581393007	-3.7570268428161668
59.112176816913284	-3.6645461388475411	1.2044363491891166
57.491632033511223	1.725389211718066	3.0950540951323582
57.709346153748186	-0.36710797417382152	-3.4619164315740418
59.412318394962121	1.1521499597392955	-3.984760028987592
57.767379082644297	-3.8090462642496363	0.61615648345805707
58.128489114896723	3.7801564847541238	-0.50762057915563297
58.683615226431435	1.7841449941010026	3.1572431023817669
58.573529656774191	-3.9437858272708763	-0.79284846397088171
59.258336552215013	-2.7044983266812865	2.6306293766509192
59.122365929794007	0.69135119839275583	4.0471020351504396
57.828621239786564	2.3956761607299359	1.6945614448557262
58.539738134178464	-0.67769919631363684	-3.7830193945197248
57.760403090953773	3.32134136779703	-0.82014450142805551
59.120334829893402	1.0916916760194699	3.3535646358477398
59.264337863279728	-1.2201184593572971	-3.7874903250784908
58.769859144748921	2.8246839903274905	2.4913280786266818
58.626658991806032	-3.8137135783397613	1.3087058969617025
59.260657995418889	-3.3875993985121999	-1.6636086890376154
58.242775923213927	1.9003323992163725	-3.0592398841934205
58.663024459670808	0.92172821558196538	3.552326674088679
58.478210936959123	1.6022995115004495	3.7999131041261416
59.029589133856916	-3.9722254427872921	-0.64081359886479528
57.94925136942387	-1.0596636787392124	3.1466710662160335
58.37372500284404	-1.8679337228735853	-2.9736218330680022
58.160687301115601	-3.3632055531474645	-2.116155822467475
59.001571766339865	-1.4024210706839304	-3.2446199831475511
59.351607030604335	3.7702623717229335	-2.0225092774308915
58.744356565337007	2.7273935742567499	2.6977819124899547
58.021508526106174	-0.073601140356457609	-4.2777691212652753
58.957552990876543	3.1982029100125491	1.0438965883041198
58.474881970010131	1.4543733428006089	-5.08727127695985
57.722912740371797	2.1478288781831614	-3.1235216746887939
59.272996335331278	-2.2890584955441522	2.8545297237645801
57.681863941790738	3.4537185008902123	-2.1844076756461503
58.260769370234541	-0.52751302070373407	3.7699470848951742
58.77945395450427	2.9572783203178323	1.5494113180662081
58.785017017212823	-2.8584976561881574	-3.0332608777733503
59.042077788898936	3.5939188845035575	0.77460962852289283
58.193396152913152	-3.2403638724747457	-2.0548445072792845
58.70855690541773	2.383209723265804	2.6553737364796337
58.276091613372358	1.9751896509721756	3.5533767165789976
58.253939387269092	-3.814798811888346	1.0882162839772711
57.619115345679731	-2.8151056236353056	1.8183425991976714
59.442163354848688	1.9955633314835097	3.2784492687125124
58.375375592762033	0.97352410710803916	3.4411764378194425
58.161768994898786	-2.4479564560259717	-3.4449811173278007
58.311418053377736	-1.7899756857420976	-3.4023096989021191
57.613061924064404	-3.6238883789621568	1.3289757172393883
57.923762405167395	3.282732411741291	0.38975714260503491
58.296030961298378	1.184147479946253	-3.8649970597555416
58.92655101992905	1.7463436246501307	3.4713637416592773
58.329463606074867	-3.5974685064920218	-0.43271306111244529
57.857546911026525	-3.1267095897270734	1.6430242156096042
58.246222700503303	0.057920213446868887	3.7371919928620896
58.712254468893541	-0.64244618367907935	3.676418869655826
58.909070168913679	-3.0751585489961428	2.2109766565046618
58.208336471502804	3.4887976600383452	0.63012373633773366
58.214217832586861	-1.0238490094482262	3.638496689111403
58.849237192524029	3.3294095642097497	-2.091677790721457
58.769831803442827	-3.28944878015733	1.4040700016440482
59.009484379581998	-3.074612183967234	2.2519944849748672
57.790267683042472	2.6720691404997456	2.6285755446108001
57.889642213382984	-1.0913081530029243	-3.4203282947476619
58.542376847414744	0.088217008670788646	3.696044492173721
58.359246465241974	-3.9080698646541556	1.0577532417848374
58.338784566850627	-1.3534977362138285	-3.5459368971845575
57.823734081987901	-3.8628370069386841	0.43536341976419096
58.922770680565321	-1.5727770818684184	-3.7157918793421101
59.398899630124475	-1.7096087776322024	-3.338158689737297
59.019415757610602	3.4104712629465581	1.7279668330132452
58.73000026561602	0.68793222770568307	3.7745759803635273
57.849590647622414	-2.7480521786159056	2.8052207629146566
57.63420078412539	0.20238203905267615	-3.7358733026202393
59.104718396868002	-2.8760891373243886	-2.9884862904946377
58.711800869612077	-2.8641085942025248	3.0324237912516803
59.016717893356514	3.3808912038303496	-1.518057404870873
57.454789828101234	-3.3165743036114028	-1.8783285109069172
59.129435639915016	0.52055694656734586	3.5136000013094861
58.501787285821223	1.9701218886643315	2.541647634275702
58.288781820295675	-3.4807108738624932	-0.70107063181693052
59.134852743195282	3.4596795430785501	-0.16604920091918973
58.918738857435379	3.0346803204233788	-2.5517549716812673
59.324747541495803	-2.7625593711106173	2.763180184176131
58.445434246630114	-3.7714299405075957	-1.7433050645573578
59.472977103296877	-0.75521829972560717	4.1071907055125116
59.156286398060843	2.7968195713161701	2.4306873630960424
59.010290404600006	-2.616261023148891	-2.5108712624663916
58.126774055339716	3.1917320923584258	1.5483090833624316
59.371728517339569	0.82287005955575143	3.2338634143358251
57.832621304649784	-0.066818882138951305	-4.113433126299717
58.754993153096429	-1.7819361640866334	3.7045497809506425
59.345070261595566	3.5741769561102235	0.28695780489180484
59.215016462716612	-1.703207707932971	3.145803031256972
58.325779268161469	-0.22626479184976217	3.0529632729948037
59.223266296253776	2.6129047625303383	2.3148852543264073
58.626824328763284	2.3877816923294013	-3.3344549235674501
57.533026087183586	2.9911312899449363	-2.2559436723198107
58.748270068369813	3.9210569875313785	1.3088255615283151
58.577585493009657	3.1426511027255279	2.3859440570848465
58.27652685665786	0.23197817903058277	3.7464055537219312
58.003597334937723	-4.2209737033398005	0.30659082660153847
59.060931236096771	-0.5243253666178076	-3.7162921650600538
59.046962432664699	2.8719910854903761	-2.8014257359149162
58.643371790270656	1.0235468580540887	3.9830891472101917
59.240891393624246	-3.1851184880018062	1.711650490237816
58.645667323449686	2.1123285474825977	2.8418103174532816
58.530550068548486	-3.3146247641906657	-1.6736519026172556
59.028754053473385	2.7556156816936674	3.1701191312948862
59.105782604709347	-3.5538944504923506	-0.45333009241193389
57.997718615437094	-1.6975646549328391	-3.6084839360977772
58.969228111416299	0.58595203719372613	-4.2674188209448713
58.421045507074638	-2.9060469452089821	2.4738105052879362
58.166517993065035	-0.7155148217138908	-3.311146640826367
58.063487836490857	-1.6615889440522049	3.7802756839362601
58.575706954209892	1.6801702161239331	3.227272927951403
58.810360775413436	3.9472596981982528	-0.4680529708631731
57.911106852922622	-2.6806470832363938	2.8151676436868738
58.899904514246963	2.2821978402660763	-3.1636480844838464
58.99303607691418	3.3358239250740493	1.3659706893056747
58.127995809425222	1.804678831503842	3.4230123944896094
59.633389331671779	2.3642723242518149	-3.070451421880755
58.656573554250222	3.6780194701019311	1.0580946464981729
57.839836494779121	-3.9809523913973117	-0.015289501458398653
58.197137101533642	-0.98727115887690697	-3.5055104465742728
58.606910456570454	1.53348687402538	-3.3017295368119366
58.936039044128989	3.8440273405020466	-0.14944476085024452
58.021351777732988	-3.9881543730208673	1.5684466379074125
57.789970957000726	3.7808341389551154	0.017202313663336449
58.852916150344662	-1.6864601053024488	-3.5758324586039767
59.095862531004016	-1.6071365932503461	-3.4741155076857821
59.152701761994848	1.1975615438516525	-3.1169154637634744
57.851860753056734	-3.6284664305391652	0.80047509976399533
58.578802419022054	-3.7065531147966584	-1.28816742113371
58.669334177688711	-3.6512820394876857	0.75773611560702037
58.255904097032904	0.18107998441833459	-4.0481153267600876
59.214543181699298	2.2915636141603151	3.1322972809595746
58.330853698857155	1.1701164794946604	3.5025841802875908
59.443343356169542	0.22878443245838914	-3.3285019257512127
58.457284700402411	3.7878688618855225	1.2237477797474221
58.568009581073142	0.61531501346523454	-3.8614756919959836
59.327287452536595	-3.2185627263369012	1.9469290588229942
59.176968181717875	3.7048568916632791	1.5880259580372849
58.386578489215559	-3.8969878749571238	-0.43354439294332409
59.389155039130287	-2.8975196613791763	-2.9259857418809299
58.90956428837216	2.7320915259203415	-1.8866716099917193
59.525574464432097	3.1807601854518315	2.0340116254094118
59.319386716230255	-3.8218083230236304	-1.3967413018861803
58.481888038033887	-3.1646620802824548	-2.2428931011921329
58.227076306637585	2.3432948496304005	-2.9304034314204253
58.56932991828581	-3.643408343353761	1.24888270018305
58.263914779639876	-0.34012499672871782	-3.8449999940377895
58.134761109783447	-3.1864268050778048	-1.6184609656009743
59.621035071503982	2.0201036606467602	3.2896248239675576
57.626556332186112	3.6018329676382028	-1.1977238247048307
59.014668935104304	3.0268400149749444	-1.7058505744792523
57.639505315440609	-2.2382419628853647	-2.7157250473373264
57.885757303816732	3.4935212961860906	-1.7069148332201796
58.606143648393974	-3.9340860321539646	1.5697721176536941
58.516477983297477	3.6205225097727105	-1.6358058384733483
58.16922369667617	-0.31376187835662656	-3.934823291646711
57.98902469578244	3.1419546557351112	2.7681415204668274
57.918345087686582	3.390803826819297	2.0541125084495704
58.321088179748358	-0.69155160111214298	-3.9391051373969876
59.594716643082435	-1.5610611332884694	-3.5181783713109032
58.290668361396548	0.75450077201041754	3.3058983389889778
59.533005609265793	-3.4644647976289749	1.0560276958267765
57.856182590668823	-0.47732376755893113	3.8405031596517301
59.015488529831039	-0.78562686844828922	3.4434038232286666
58.406112030522365	1.7297964501456691	-3.2200659089870896
58.756708987221351	0.084466195464324337	3.638298442577319
57.997461596427335	-3.3583650493989685	2.1138043915047779
57.738587655890001	2.8043315789038159	2.5970039075502069
57.666840278306694	-3.5624576159996821	0.076952358392160553
59.087184321759388	-3.5718390266005522	0.41625046517224257
58.243711937127628	3.3869284251471332	-0.26936247595421714
58.354626992125382	0.78357696968082224	-3.6597323315868979
58.478025114975175	-0.78839767289614582	3.4261704581678822
57.849917491735084	0.97264996524782732	3.5607561599999609
59.044372121153074	-1.7370152203425964	-3.1261785476779052
58.555594083787547	-3.4105011833647962	-2.1871067689690218
57.774763032723826	1.591541689727727	3.1171650477226183
57.665549259590691	-3.9063432841478352	-0.93904797695061837
58.031081186532617	-1.3713278269417328	3.581981033350901
58.358181624743828	3.1245656680448159	1.1599943552993166
57.674507581984059	-4.9502715177371117	-0.50029919112274956
57.821824148242335	-1.3665863541618508	3.3575789964383365
57.84684055182089	3.3293751891831067	-2.1044674296840147
57.808847163285719	1.550046070675543	-2.9876256447165983
59.166574200267867	2.7198624684446626	2.1704043179450014
58.492016080701866	1.7742310418630372	3.2881972692013459
58.865209773435858	-2.4845414470075937	-2.787003189707578
58.872651440190296	3.5460693628587596	-0.48056251304281322
59.156047140700693	-3.9994456099574913	0.044756645852142125
58.758595549185074	3.7303624828530664	-0.65891573533270131
57.762327252751177	4.2712087588933825	-0.63731947468000283
59.116685955065414	1.9963149689142723	-2.876825174307466
57.787740067070743	-2.2165158529036617	2.807802707238451
58.179278523928247	-3.0090114586120138	2.421029307510727
58.592275065579194	0.73685257186824316	3.7153833429984378
58.567805568677507	1.5936432242930492	3.158065095757344
58.060402257382066	1.9328384628004158	-3.4708137395789662
58.926303113277918	3.0514067431298275	2.3312951318370194
59.18499870823269	1.9915191029968657	-3.3381762184652644
59.278185945260027	3.4432443623255939	-1.7083136907661305
58.228158507865352	3.7221168555898578	1.3277370202773124
58.830041082062692	-2.9130921473689049	-1.2714700170794724
58.523551171763224	-3.5616695329254355	-0.92318702242393191
59.344553745302264	2.2595459555104322	2.8988911557106434
59.16846243557594	3.2470126596402169	-1.5509432310951627
57.761671891214874	-3.1913491306003503	-2.1415657238596637
58.190384760603969	-4.184564092833484	0.084175605061036593
59.008766228334885	1.8743502460249111	-2.9741653011479721
59.051687112934992	-3.3179803794717966	1.2747327250826963
57.815485468266203	3.7338667709474578	0.34951559592436909
58.088345298370648	-2.0230561096891133	-3.1133625943116559
58.451956594461798	1.7201159939743205	3.2935256471434249
58.400303483003341	-0.12304109207430586	3.8729095074391497
58.202259450778939	-2.7176076185043363	-0.74632068743593383
59.183406273210856	-1.9727104389977328	-3.3535480196510243
58.348233257386283	-2.9457199252973307	-0.43674983777523152
59.338249865529441	-3.8532057900127259	-0.48278595530091195
58.318282937262204	0.069100439012397402	3.8617902274933344
59.207568078988679	3.9471245143187352	-0.65741996593168206
59.297859596051062	-3.3366505449617265	2.3627145706665234
59.249810298275939	2.9469651729690973	-1.8630857133274117
57.642734649264362	3.3757461486401481	1.4195623382876355
58.132444257144023	-1.5366947619423827	3.3557778336052633
58.819124639454472	-1.0116914907897467	-3.6465540804663688
59.188325398690061	2.954899779074887	-2.114724543815576
57.461665579904853	3.4297045486565718	-1.0406126599232572
58.44688264217146	-1.755270819700365	2.7078486139755644
58.788757611145094	2.2325225644227218	-3.390914914737555
59.24184198929909	-2.9038784315762314	1.5307618733507939
58.497121385409883	2.3855100876849265	-2.8821450142782798
57.642474213507533	-3.6733834421208766	-1.2328569181924967
58.958983998205092	-2.1391269014452137	3.1279184284976358
58.302457230507883	-3.0572973428688099	-2.2631751798066202
57.636575575190086	3.9696379607040484	-0.20494907232464962
59.115007373418877	-3.6477843557682119	-0.68056283255892469
58.170014176622225	3.0958021719693951	1.9890821375160925
57.678149234543461	3.4444369602718945	0.05901865703290074
59.373784054947045	-3.6499075615306311	-1.9063296876630791
59.053588197295511	-1.0056204623644389	-3.2087036396966648
59.073360174944483	-3.6375304538286608	-0.69527893132775165
58.077294132385717	-0.33923481864326394	-4.4075294626157824
57.789030656644108	3.6293896869975359	0.90952200843889885
58.512515018410404	1.9861213956117472	-2.8868533954569013
58.345869280471732	1.5871032700690526	-3.5350218491962377
59.150081016182263	-0.49545074006032858	-3.7101165666974039
58.245799222571328	2.5902094981197852	2.2070352618609195
58.845417955577048	-0.13733255162836325	-3.4488898156543146
58.69873680735693	2.8596253554278341	1.9711241984837535
59.376292942907739	-2.8800439856433977	-2.6243978735145022
59.423941785157382	2.3011799595450162	-2.405432290917306
58.021893451015693	2.9400717623839845	1.3431631662082508
57.660331352821025	0.26609964811472764	-4.2756162004850093
58.929192617903993	-2.553355094475708	2.9900269480830963
57.61041580432525	4.2661129784031582	0.79458386711119555
58.862616756563213	0.98777648098790016	-4.1954957853274264
58.473613075281015	2.9220131902553939	1.7466563048486925
57.67351847732197	-0.31903806142678937	-3.9096274625406013
58.174208499893219	2.7529597994003416	2.4536872664014662
57.849288700616135	4.1035904655447348	-0.17096288534765855
58.479589104875643	2.456902791574568	3.1228543354208163
59.135572721424218	2.0165541566347716	3.1718943411697844
58.184110985337469	-2.6286404297869463	-3.018509922103739
57.850166771826721	-2.2885768253755394	3.1270478733211386
58.024490985620758	-0.47884851807281675	3.6995599696541022
59.241511244692376	2.6362665881418272	2.7751552717938446
58.179909414860589	1.3815611162063168	3.6490282641790808
57.684502211649246	-2.1387592485970695	3.0118831756376729
58.134294783576003	3.5489585716622409	0.95812585504937531
58.887402737405843	-3.7254414805625529	-0.63676251706835296
57.885134015538121	-0.10401286163517479	3.7425316220688902
58.590408613221832	-4.0063928990883122	-0.9059302598002158
58.761515901189433	3.2042035597339731	0.28705512773838521
57.653204025304738	2.1110515422819995	3.2757709968370929
59.423121617026986	-1.031575711231256	3.700417113173053
58.57385998692024	1.6398944583815129	3.5249789210046774
58.599980917819082	2.1881818646668414	3.6520939047416845
58.899634572497639	-1.521126409765488	-3.526047953812057
58.568727672972351	-1.8930259612038791	3.2367921381651987
57.723070899961606	4.0091403276514939	-0.46012104907627605
59.204020255935774	3.6432628567258605	-1.5341000670099001
59.29015887790797	3.7666774709091269	-0.51993144754093101
57.928706328567621	3.3076057066532161	1.1589451247206817
57.858108343206773	-3.1151117870542064	-1.8677120875278157
58.96774768048239	-1.9150989005906263	-2.8265080483162879
58.198661904753479	2.4644714121006319	-2.6505891597285696
58.135506550058182	2.1347566568321339	-2.9031337675641118
57.485432136204757	-2.3027687825661398	-2.7400429892092619
58.677026571339965	-3.4792061303622308	1.7813784194665276
57.946968357072109	-2.9035687815021869	2.598945198707391
57.850434791998254	-0.66979898299616558	-3.0550699773657737
58.477562270334872	-3.3815015114865772	2.5225388823937926
58.955602707018571	-1.8485585495740062	-3.0709053501158903
57.905815216313933	-3.2692210637624033	1.4392450809529125
59.155583641787295	3.0880538071549117	-2.7865402273981714
58.955178351216702	-2.9344290412713621	2.5088389835875078
59.131985870008158	-3.4482210411274696	-1.1667237597149762
58.681334583757263	-2.1036984830261565	-2.869400010622106
57.77510427710164	-3.2807302773212244	1.7647385564664173
57.732516851815696	3.1037651365375996	-0.85251550172956203
59.077632308547855	3.9653826024599437	-0.12485630596265601
59.066303857027215	1.0530312752106383	3.7652703376821322
58.098393629464404	2.665235658806929	-3.0540251325340333
58.690554259262719	1.81019892656008	-4.003593663192059
58.011085667484167	-1.5427517076756632	3.7680777642293788
58.930771139469996	-0.73783862226823649	-3.6837898395618986
57.511382565928464	-2.6378098575798004	2.8340135292020632
59.419926735142027	-3.433108065968141	0.67614786084369483
59.352695326592446	3.793555685311468	0.47909833952909942
59.213554649203907	3.7475963706123312	-1.1897978524461754
57.797072001188774	2.538966625171108	2.7156401966901238
59.326277295980141	-4.0604415113568209	0.79031601455083667
58.244986026961868	0.29376029974384288	3.3926573801014972
58.181055009720744	1.3941291258949806	-3.4454275152650635
58.183314655545573	1.8128663358181447	2.6746245361673031
58.152957772045674	2.1433124515681903	-2.8070083870803049
59.243366118589798	2.8910395721308162	-2.4689993110811743
59.268365634062356	4.6239045842199689	-0.61502716355706921
58.056653687177231	0.042363831437500395	-3.7311895755872593
58.920233528562903	0.13649315500035183	3.7761012061709569
58.941870115808364	-0.0010277106208483411	3.4966885136397545
58.671063620887004	0.37388033888384375	-3.648702549186698
57.92958662866058	3.2195800913379622	-2.109064330125455
58.471136574597026	-3.2364824398410126	-1.1960915663930871
58.104616725252562	1.3046026945023184	3.5530286387994101
57.583524764629438	-3.5992284252324636	0.3005515841094929
57.584639026547627	1.624455525926269	3.1432428728879502
59.028206558852332	3.4078600792144553	1.8654516971059671
59.403979662612073	0.74956125237182158	-3.4519429101548647
57.70714495929851	3.1573376285633752	-1.8815671414654034
58.399734126114339	-3.1879656496123676	2.3371094515014539
58.404032122420972	-2.6100681323268198	2.8985638544197543
59.099408781151318	0.56833402967563573	3.6000874519542139
57.959458118531295	3.3113952833321103	1.7170937193157398
58.0195413453729	-2.5270592468021462	2.8094837700679371
57.938353593612682	0.81408318119594503	3.3401365264624099
59.254577874424704	-3.6899800299841439	-1.0520306271535373
58.836303893679556	-1.905856165256111	3.1948662086602275
57.663554753516863	-1.1642123800953255	3.5338440292988786
58.534218442491806	-0.33733324763789391	-3.7551983674797698
57.832055233371655	1.6116552179554815	3.6322584404852085
58.37676008853807	2.3701836827139982	3.1717467996969
58.025919729884393	0.41906095192927451	3.390675853466822
58.987165237433693	-3.6341643082767292	-0.21335719069449111
59.394763326750727	-3.6974443695913517	-0.12139223184209587
59.21490090646666	-2.6975053997941978	-1.7346810799157895
58.973978745675588	-1.2231241533318482	-3.5825680982171217
58.716964085656905	-2.1267377875063271	2.7513551344014546
58.435745295433705	-2.7411571414527418	2.9394567083728731
59.205400411426439	3.5976343908220842	0.74613489800981814
57.405466907752171	-3.0106044012207165	2.0010862467567461
59.173035867441584	2.5402789523733009	3.1834430936590818
57.873466142965498	0.49457983604715922	4.0299296095343573
58.061739701402324	-3.3827408179210794	0.45740622990878921
58.367852393274546	3.8601739828669248	1.1426279434281288
57.841319179638084	-3.5823628346713656	0.26280502853311255
58.964838114389572	1.0954273904179652	-3.4895412487252364
57.663522964555703	-1.0815311876061433	3.8653753690608812
58.533848240317568	-1.1732910488368089	-3.6616340000453547
59.202119687580151	2.2939902765514537	2.8943274412222704
59.141199437889028	-2.9909813989031209	2.0850751987691614
57.54924012327016	3.1489393535065395	-2.0286091097661316
59.382266106285257	2.1113693894669932	3.1659455980602331
57.747161371813291	-3.3281282921869622	1.8518342560995931
58.504103491102313	-2.8605665142918357	-2.0509535964183083
57.970477914085507	0.65280718331001686	3.5181099167899355
57.837675785422633	3.4517976568248381	-0.36520608316349107
57.923198970896451	-2.7982924456222924	-3.1165283805814892
58.844550141517033	-3.3182201629290433	-1.2159090216762505
57.909785132256388	-2.4945952189552694	2.5762190402251139
59.429219163251823	-2.3824093385654237	-3.3008894792958166
58.334947258474429	3.3642938641325202	2.3049551990869714
58.246090695674873	2.5216505755967873	-2.677823809407839
59.204452088804992	3.1303418357404045	1.482049147796265
59.281985848888148	0.69017293444221273	3.6509986467524547
57.978025370133693	-0.69941732088233921	-3.6675672407341651
58.350095518092523	1.27640927534337	3.5913763079085066
57.552797971425491	-3.1716398748718837	-2.2473100451321928
59.078071981278839	3.1199519730016974	-1.5527805915739985
58.960927893693366	3.7943599883639649	-1.0380264428759114
58.872968577093872	3.2958838321875894	1.6601859042964324
58.444985656492129	-1.7476209121436876	3.0836255812172935
58.294480446530017	-2.5792033683801074	-2.5958311531760589
59.123469597196191	-2.7009161016037004	2.8737350043578278
59.112114311994517	-1.7092063499590391	-2.7386044843935315
58.363113378720286	0.78424367621322855	3.3304226669203274
57.597301320591143	-1.9570491387510762	-3.0327983366827906
59.184351046732424	1.0844421913347166	3.5997843909916223
57.758848235343393	-3.6305326545304184	-0.094345480540949128
59.217894717875296	-1.2674589600765147	3.5494214779568432
57.96001552107365	-2.2161404294078926	3.3201097515051972
59.499387333915465	-2.6684010413597332	-2.7276897084311336
59.123951919931557	0.68197716838471656	4.3269370015660549
58.470272056105195	3.2364682139306207	-1.6054470580348859
58.153743237941001	-3.6209006387134428	-2.260322331924276
59.048630127666989	3.7864153326903143	1.3964511130839379
58.306947604242538	3.3128198064437013	1.4944754237184248
58.885509283455832	2.4095866339256586	3.2414608626807011
58.038685866965388	-3.4799686101230201	1.3321876213009058
59.228778050032659	-0.65168543696304115	-3.7506075599050983
57.892096878483713	-3.7316241873402207	-0.54618476683245154
58.593162040494533	1.0536272252425769	4.0754844589817685
59.107332409591301	-2.937000597074563	2.0456724150496566
58.243512361351833	1.1090002351002841	-3.7374925894739461
59.436912042567634	3.6162394648519753	0.41493313066268012
59.212133690626125	-3.213968344360393	2.7005723365772845
58.724507275149833	0.69527234414600358	3.3632630193212125
58.280049114881869	-1.1586509649873837	-3.3405807116298445
57.736087813575899	3.2598730553412132	1.5356961089731485
57.677539945620452	4.0573351044911341	0.56577051249420629
58.931910931429805	-0.013208745915614615	-4.1720490254271771
58.036166705904584	-0.13872402771285311	3.8776570784073865
58.792646266051428	-2.6272581432638078	-2.2651867472069611
58.968538918593424	-0.49202249599344372	-3.769143865833414
59.066346839523881	1.8283426079924388	-3.6365307144553767
57.795584770554591	-2.3665884609725185	2.7390272584543656
58.151611784149573	3.3684471704682677	0.76203441194186183
58.05503160907589	0.63426364363297782	3.4959335576227875
59.44841970902386	-3.4379557269529069	0.33301416745447027
58.855678426999873	3.4159588123546665	-1.025960429673483
57.68234426028458	3.575568431518398	1.6936142313128655
58.071616769123935	-1.9201819365328445	3.2842103971949035
58.180063145436982	3.253739522837559	1.8677530976238699
57.935321150780233	2.9798401370527734	2.1062371179068879
58.773784391924316	-2.7734804219238813	-3.2294878726175211
58.865686358344171	2.5625273725732383	2.6777491355916481
58.160899933708009	-0.010862726571618143	3.6133777542366077
58.002367306068116	3.9246287063253766	-0.90951120155042253
59.470340594774058	-2.4423812246657532	-3.3193244978582466
57.636334335356601	-2.214420081478897	-2.9858104885387706
58.146991657558971	2.5746616933338604	-2.7964470437839579
58.82052714195288	2.8901185748999789	2.2781747945215689
58.093607307082372	-1.8220131888939708	-3.1738130454930498
58.023525667562595	2.8638832338803017	-2.7187387458934533
57.831471866735477	3.4757393184806533	-0.18734316996223949
58.973394411095235	0.43245874263423062	3.688830220151293
59.280551059476409	2.895035348922729	2.9447998755721478
58.280259242583149	-3.0538888189500462	2.1941071188379708
58.593777281671748	-3.3777844122836687	1.3427118090848931
57.767244539545828	2.8353033204961737	2.5039272330122353
58.756994938715025	-4.027275263262184	0.62285310526620707
58.212746040385994	3.5515354779228359	1.6030936361853922
58.977333557499293	-2.0359682489256206	-2.9514387952001564
58.85307238015244	-2.7234030141316627	-2.2644197190698212
57.69795334553617	1.8062413646158628	3.6236317809563614
59.118566393281618	-3.1220587325873068	-2.4086048812375669
58.835999685497313	0.45443838954431842	-3.530363546749848
59.20853812088987	-4.0754609180243593	0.10722894917311641
59.366861786751869	-1.6102103036788726	3.3159932445872351
59.094667997481139	-3.4251257975301184	1.238121342348915
58.385027383430305	-2.6591720767123439	2.6415686757841748
58.731725992517056	3.6322728238054167	-0.41830683236783706
57.939099578014137	2.6755604706455571	2.570005279534314
57.781395286615897	-2.5495456939881622	-2.8698080910428216
57.77960055064284	0.37397667278743008	4.1160914416138965
57.915370357872767	3.9318415978242678	-0.13510035086019981
58.873690230056589	-3.0392150313973714	2.6154889092615377
59.148422239029017	-0.085429970178076881	4.6883122227088467
58.957813251478136	2.3475138060941187	2.5211680295374803
59.146799700785003	3.6148734186010176	-0.84060185311746172
58.367140225895085	-3.5515246789393724	-1.9636607356330549
59.273472364355854	0.18117616241587134	-3.809049574142398
59.222796586217171	3.7046970710759908	-0.75395103466462732
58.297881983838629	-0.45225393443244294	4.1295386957687539
59.010979669164939	-3.9609026132429084	-1.1049406272555726
57.844801942668994	-3.3874102150033143	-0.16119585340301812
58.021420004147664	3.4438779089390743	2.2455437644102965
58.722913673287458	-2.8007437788225684	-2.8050902420229464
58.859833251124279	-3.1608984228513983	1.8624606832604131
58.15660484363552	1.9203490015930964	-3.2195629704936009
57.791918089827902	-3.1725530741498882	0.040734779577436278
58.907133060225803	-3.3908653778140256	-1.397130692519986
58.522781090312897	3.2691965839821298	0.48910001172728312
59.194840928424021	3.5895083217304919	-1.5106950107299455
58.259446592872678	3.47819803581694	-0.72448994882058093
58.044094552331927	-1.9966726641686505	-3.0469644961503279
59.181674326442383	-0.80299242480840294	-3.6245124961608552
58.805486267594297	3.7114335250069361	1.6624649530130031
58.562604929576572	-3.7277330393181005	1.4436698592883142
58.984030356133658	-1.5497685178239184	3.3714577119422007
58.932813891929264	0.45456811897598592	3.9578486012019489
58.954350939857584	-4.0053784487257333	0.2102798813334579
58.170328838298481	-3.2308409180725679	-0.95165972199888571
58.107593531386193	-3.2663580700227524	-1.9089216248834928
58.880250225879784	-3.5960951190846537	0.64618423340203091
59.342443316331426	2.260720238119418	-2.5482391046587605
59.09694877541979	-3.3939084375242397	0.879383315047922
58.288683313503952	-1.8476044052712286	-3.287956930618301
59.446450950632432	0.049937887801838575	-3.4997065518214003
58.679921771796529	2.6717485944023855	-3.0737566806441299
58.714794619603552	-2.7775664298479303	2.0863765639824874
58.665885661795429	2.4987902843856555	2.2970106080926058
58.822149638832464	2.2438229337335898	3.5235666243594093
57.814155775868933	3.2785131941113685	1.4838497629742398
58.29373764134408	1.4595090441520102	-3.2766188984703755
58.962082158224682	4.0417035924615474	-0.94731369398773113
58.731747251267535	-2.8353051413390622	-2.6609099622826395
58.19374887351259	-1.5734268564830243	-3.367533962163122
57.941271896758103	-0.43724982067552109	-3.4883179368356436
58.833625619007648	3.6068586251949699	1.7050389512429192
58.653134319935894	1.7381242995767756	-3.4144905579573321
57.992893826472809	-0.8151653264902492	3.6022743688593621
58.143248486501797	3.7293294408365574	-0.31537380509647855
59.155219460599746	2.0669880878815974	3.1751251521607284
57.936461952019528	3.6445494335107584	-1.2317814435567334
57.94352670527352	1.5002549241663192	-3.3542195910740373
58.490249161835287	-2.1778261821610823	-3.3907513802441569
57.58742807598621	3.9096037715819612	0.69254029020312702
59.145057735111813	3.7252823086819209	-0.55118534996153212
58.272385213935515	1.8517007232025822	-3.0656852410689255
57.942220559627444	-0.88565766337139396	3.9649086825512714
58.50469309417921	3.080767880586412	-2.1510301271457739
58.923992709807564	-1.1669152345531604	3.7378795503888416
59.234054199510119	-1.3035358705922584	-3.3299377293038748
59.494383695691404	-3.4759599247952275	1.1917935031414526
58.15504388595749	2.3589823923816065	2.9466408614258959
59.39673315646008	-1.7904569172560509	-3.9676468818465009
59.605603710237126	3.6163785780940443	-2.0593462723631304
57.806492328343737	-0.97545775666867296	3.9821321543565684
59.176502503194747	-3.4715152415399251	-0.95415123609738695
58.500954510649564	0.33782654186392413	3.4942743652721591
58.699193123025303	-3.1309610613891343	-0.014677127880553536
57.951193332219823	-0.1599796712555431	-3.597972449788438
58.206576668094272	2.3909154679482039	2.4319535780320845
59.02516199681795	-0.4589557244928732	3.7317607411431593
59.143550812622465	0.91510774027223474	3.8219606509560262
58.764780863342509	-3.5110484747312194	-0.74678758595077521
58.320950535887761	2.0440285346047915	-3.1502769849698198
58.491097265800427	1.2167637986292654	3.7095524971143563
58.603361024975179	-0.2506475779349312	-3.7600276330737827
57.86792439413712	3.2204351726730476	2.6377449948970866
58.225612318644082	-3.7834327580154179	-1.0959501190820848
58.991447612826768	-4.1436971505383022	-0.75153227632716058
58.868181222093824	3.6354632293685727	-0.062453947069572358
58.658027514701068	3.9205704110221253	-1.3748939185121369
58.914506777879062	-2.7142807722648263	-2.5770633982378377
57.887619482800794	-3.6492797763117286	-0.90055693932938807
59.106041997123917	-3.6220661487619839	-1.1901714627494608
58.686742814038098	-2.4398057865029701	-2.4861454054690753
58.771854955116574	3.4422857906588318	-1.0358882022197351
58.12189313456706	3.5982995341951334	2.1531224562092395
59.057661275138692	-2.1589343097431115	2.7096208367630434
59.14700081913864	0.45161844180647071	3.6307860150370028
58.031514357621631	3.6827755594353633	-1.2134143436029319
58.990731791111457	2.6921065476465627	-2.2472324335963871
57.760228994964869	2.5990894472413588	2.3074376730134292
58.429812472564926	1.7720166215312307	3.3806122585610074
59.068694758718074	-1.7798576515555955	-3.0843724143618734
57.907169526957468	3.6379618808879211	-1.062271852648131
58.919926684216257	-0.2457335141247792	-4.2188722754978603
58.566514722737352	-3.1767146585381059	-1.3883181037636931
59.381015404748901	3.6394955180671316	0.44836061147022077
58.877183717275166	2.1766146214547315	3.3162111822457354
58.31185222510662	-3.8144858742020058	1.2872767177298134
58.740943313040091	-3.9529419348408936	2.4825603090526593
59.386138667460976	0.90048553650849372	-3.727794985017693
59.025076843376922	3.6471298948046167	-0.28089515198966802
57.701959884042552	3.8994861988109628	-0.32125577058975024
58.600840603441348	-3.5368968795383977	1.7616153480661667
59.272978731294337	2.0310381467017238	2.9121692948642228
58.69328109471985	1.0673214307611718	3.6875992437223126
59.115223485581232	-1.3015249508239228	-3.518035023405397
58.650231103000017	-4.0657382252243695	-0.45226245699172402
59.168697082552789	2.103544890267905	-3.1811626893968104
58.3977452479429	1.0703383867000542	-3.5677440350579266
59.010234722090345	0.11942324522283504	-3.3961138358527974
59.36651882049236	-3.1882229057846119	-1.4218859981711045
58.284800421601972	3.6200303506033698	-0.082690633601392824
58.514481761457503	-2.0802695663545467	3.2781378330950988
59.234188016012496	0.14800175777665389	3.5846444318510082
58.842019990247287	-1.3734921527849453	-3.5410173047808473
59.176669532821798	-2.1359395730390491	-3.2396516274340925
57.746336869088431	-3.418957762650745	-0.79765351679777841
57.635625323952482	-3.6561461297061095	-0.38748197259341954
59.211517291424386	1.271885575651988	-3.1643549358031851
58.746618506070995	-2.3649379698781869	3.0211639277873839
59.300396157058373	-3.6557872833015148	-0.19748283907420222
59.543848224819349	3.2640859671817588	1.948500680496168
58.384608754632985	0.66650003084669629	-3.670575058356544
58.003450863051299	1.3510591016854037	-3.6214918470223734
58.151064235321002	2.9269517186301486	-2.4451749664454612
57.78897067212808	-3.3780962854259511	1.2903066327018315
58.423734918331341	-3.9848483906786516	1.3946351560319479
58.766647785391001	3.0669184624229193	2.4219300916171442
58.568102703516949	-2.8495554316934544	2.7048720022486887
59.525685967671748	2.7354314526743977	2.1702906555339267
58.128069711890227	-2.3690315468173404	2.3510754596404757
58.082246613684731	-3.0588900566344903	2.1669445519588884
59.011210574162959	-1.0315077389493228	-3.4135665233444787
59.21566939907639	1.1611633352333099	-3.4471219597259779
57.827696752737928	-1.7408342612319343	-3.0376838979915513
58.98533133297019	3.7875883993253563	0.21507477797595806
58.575093273030056	3.1162401033820841	-2.0850492540382382
58.981831205023461	3.9010805391103616	-0.11417601329087393
58.583058703463827	1.1069899403971293	-3.545620140689107
57.760890588473494	3.8602698986785673	0.63124504981947649
58.294296934068441	-1.6238363424796021	-3.7014607076729447
58.084557561904809	-2.6101944143477085	2.1295236533383388
58.013818133523344	-2.2088828559374725	-3.0380717276617433
59.281541802623913	1.8601480454220372	2.7736828921591075
58.800109553741287	3.0932023208386079	-1.8431788123254969
58.27422335283385	-2.7970403331450182	-2.559355372330129
58.104690522406649	-3.3645149250881947	0.59817175340857254
59.439113171564458	-3.3939305193040292	1.2518716317039493
57.643780114997448	-3.6033333293674548	0.65441243653677739
58.944273396394003	-2.0337876690157346	-3.3113096136036986
59.212881852443601	0.85533988964339502	-3.5748048894736315
58.894519032294909	-1.5410594047475947	3.6615763729972217
58.151820322145987	3.6894741005902976	1.03234721277964
58.398920943167475	-3.5454312434006026	-2.2707001814947381
59.08510436355089	-3.0507386368415932	2.6450547480261704
58.037860524759317	-4.1051174598598861	-0.50826404059434172
58.759041552816669	-3.1215704281649277	2.0130406322799161
58.671227840129106	0.97507283485918317	-3.0655325217830889
58.580784278519964	4.1560686722424487	-0.39694939370689153
59.168814788337151	-2.2594286170541071	-3.2962642946810337
58.207859447043106	0.98247996128560355	-3.7010203749701325
59.334349969640044	-3.5135978786210762	-1.5238439244415605
58.949955161310427	0.032274408786140824	-4.1540297651678522
58.4037890420163	2.6174131777466982	3.0476235025622671
59.375022656878244	1.2401608532298907	3.9973741138423824
57.633855578510897	-3.6054359570231367	-0.60011603030245708
58.258724191820512	-3.6077809247943686	-0.87632088216104287
57.717670245073521	1.9669354559540124	2.8523583624332018
58.3567249627066	-2.108316775737229	-2.6209481683152256
58.687317792928603	2.4944649623302171	-2.515861169214042
57.82279969677834	2.1524112266619393	-3.1130637658943545
58.19708376470804	2.3533409105175851	-2.7349637719247482
58.345392864538077	-2.5805949457022188	-2.064045657355519
57.981740317460691	4.1755816850597869	-0.66005639315727671
59.206325376870474	3.1181360647197414	2.3872185539114055
58.169431669395017	2.1796705824187792	-2.9671691082457463
58.244737633239126	-0.57382829750066855	3.8419526064961182
57.844222357164114	3.5601010192960598	-0.37748937928364207
57.966211008678421	0.93185818104539009	-3.4174351485404522
58.922972918022204	-2.9362116463267052	2.5224096389376012
57.860721966660385	-0.17621942281531447	-3.9501085449180082
57.898205446652561	-0.68745638822839028	-3.6888625002418953
58.840340273743863	-0.29034712795318468	3.685295490691725
58.864466604959873	2.7415212750931057	-2.3608888551363543
59.236571943053114	3.3403055347759238	1.4868342075921863
57.846559957845095	3.7840739574891633	0.35865680203864525
59.206934307424007	-0.39825206400535901	-3.3214903845824693
59.013320462058793	-3.135076461900721	-2.4003749891928976
59.06810656918352	2.9002459294032454	2.9541590461089595
59.107434254257285	3.3214254849387808	-1.3121896449676229
59.585337168973254	-3.632230416243917	-0.69463936204472965
57.588218413694882	2.299201000812384	-2.9642828683771323
57.749623666039227	-1.3820098878196214	3.6072165380465147
57.846048574983058	0.67916554548976471	-3.574579240482719
58.85454014898005	-3.4673387069937962	-1.2795639387860158
57.815608389795528	-3.750901664491785	1.2899464403318908
58.289867129611679	3.0335856630535791	-2.1309793279669376
59.494334590152789	0.3274683424647048	-3.6738154905723883
58.315352407031419	3.3985533978796076	0.68519390768207333
58.639051858223155	3.7257084946110637	1.4022442515754276
59.129149430497698	-3.9034302016850999	-1.7224321325016965
57.842487950142399	-2.4845417128124132	2.4216867922398326
57.915598997520512	-4.1809153539320389	1.2807512003523336
58.435532637908338	-3.2556148429120237	-2.1548722313032385
58.527463795977873	1.6433714920370253	3.7391776641308088
59.356609678047313	2.1109845669509371	-2.7749234227192114
57.79237959385248	0.59406168910657342	3.7545217460282863
59.442160977526669	-2.1315659627126577	3.0416516711632178
58.834247243675236	3.6880899399924427	-0.80082105181986862
58.798416722590297	-3.7334636682586111	-0.54453529229422271
58.751448908626351	-2.6539277274912729	-2.8850081595165462
58.289955644389003	-3.0630961068282727	2.2689765686373766
58.468369314474124	-3.0131413210900431	-2.91452740139164
59.327041810998054	-0.03248334826822389	-3.0790948899848631
57.855778986345712	-3.315400556690844	-0.93671331227717347
57.632902704575066	-0.26569043078882937	-3.5807613810169561
59.527246343695168	-3.6202280856180722	-0.80075748796513546
58.341754716131206	-3.1081930994951188	-2.2114933872250693
59.146469616323621	3.7575319916322574	0.23032401600228317
59.066887029053561	3.1160728626588821	1.5840344769040453
57.965957338802909	1.3122398144666887	-3.6247302597023792
58.156329089723194	-2.3751467599242551	2.4748702341590687
58.387880780926793	-3.4563041771627065	-0.13350714468723748
57.982396895687934	-1.8330636738958612	-2.8227831115516668
58.059394683998477	3.6561352135112211	1.4402473652269692
58.069228358065516	2.8091483406433859	-2.2768440607341658
58.60551279154425	2.756287280322903	-2.923669165457166
58.502266963599922	3.7432307686258715	-0.13932513181020229
57.965268138605758	-2.7937730675832704	-2.3888512875932482
57.824184132555438	-1.0655641587555129	3.1261987516635945
58.111499613234479	-1.2478465406902752	3.6768556009230045
57.637673289175183	2.4686455842762864	-2.4691837735130275
59.526742961767205	-1.9464639218432715	3.3375937673492504
59.018095695350098	3.2347630151435824	-2.2061772707447558
57.735804492331241	2.8131423609618009	3.0033971438316005
59.397121438712446	0.089625170528186179	-3.6570046033287835
57.666950660976305	-3.5442887430859011	-1.7973573400986269
57.973302778527199	0.65840786471346513	3.7885745506677737
58.646366700707262	-4.1389873199483747	0.68296460640941037
57.757188399964285	2.8393936089603349	-2.5865412129658316
59.340285406150322	-1.9725186245231587	3.462860032859425
58.19165933411827	3.1910310263990387	-2.3580289987125753
58.238876778715017	1.0666022312888421	3.7055054411466011
58.757042086038325	0.47965105096882826	3.7601037285770986
59.097800219938044	1.9189750493745852	-1.3966785941065822
58.398585740841398	-3.4149123475070371	1.236850991908865
58.8471074538651	0.71934434278093551	-3.5088931528269973
59.310701207912082	-1.5921834722901815	3.3700678650129805
58.103836876480869	-3.4700703559301269	1.0471247092697598
57.766361109384334	0.20852363328365747	3.9335030208221644
58.533731386134193	-4.3735973801171761	0.36803828939169253
59.25089500956156	-3.8475996214337309	-0.2751701252709236
58.524575958733664	-4.0536145796880474	0.13862421096916691
58.667442203546706	-0.45375028471089635	-5.8015087020135461
59.334367515598771	4.1649988414358692	0.61683539015904409
57.614251936495521	3.5667821964771762	-1.5927739190662549
58.252221235091156	1.8317646848075555	3.3718789118243464
57.812937689756424	1.9646427250886411	3.1255657385764599
58.353085108743933	-3.4186524837464516	-2.0031515606113652
58.966783344872873	-3.4060737008102469	-1.7481108523190847
59.377262336709663	-1.6455634294935386	-3.7584852778703803
59.261437401905582	3.3776141391501757	-2.5569325031651569
58.941124404799623	3.8487723792549047	-0.81074279717617659
57.84743217245299	3.4444676935713949	-0.99251424093216445
58.942991953072408	-1.4050009661850653	3.4767760298983386
58.485415668821986	2.7346009734901933	-2.1888818930358269
58.785863862063266	-0.48114560315225846	3.5054848852876073
58.370164326113674	-2.1434861954296087	-3.2039186338840882
59.35653456132205	-0.12526856762385763	3.4034211927098021
59.534341930861224	2.6177513006912387	-2.7781039812275297
58.980348246561839	3.8122972987106225	-0.42630070448626572
57.964879387429662	1.2508089165431422	3.0983705383348745
58.644573754741032	0.99368450735433	-3.5296676113181413
58.804213581699713	3.0472216568548092	2.5423812242605228
58.699399398794043	2.9657972844491551	2.311946187708203
57.978813575958618	0.62554106593431491	3.7123163176147145
58.80691544514027	-3.3058120781410043	0.57168503887372735
57.691477813220715	3.8444719340394844	1.4800380030054914
57.665184428306425	3.9095492402710565	0.026217010987627576
57.971408387377267	-3.7060338304876619	-1.657130118843831
59.334500981360662	-1.8953335254732815	-3.3800929672822555
58.934342446651733	2.386521248043223	3.2957716431107058
59.103872736796447	1.6883809176542475	-3.7162989101051602
59.405759114585557	3.0613798824273419	-2.6014896399706595
58.688255038453789	1.9718029226643721	-2.9611993361751279
58.415128224959574	-3.0777692384429431	-2.5331625525847619
58.17412699742161	3.321372243985274	-1.4148724068221972
59.204038038608232	3.3445035524003486	0.83745603398358703
59.080481291252987	2.6217667047244362	2.7818979988037604
57.828574773441602	3.1142846102468882	-2.4854895490958677
58.425092069530258	-3.1404159741530098	-2.3331086210370371
59.337341327643081	-3.8420369224201854	0.64760327125466977
58.157991287714744	-0.16185597468251925	-3.8460217777894905
58.541328900336147	1.8473215625387396	3.4425007098526312
59.172322366151036	3.4810074438890903	1.5472636578471315
59.302264992466725	-1.6159577149308728	-3.2901119072683538
58.801566769748618	-3.6082333857694699	1.4129225522748918
58.198785579452895	3.5997546200869892	0.23206727929114443
57.724221046085546	-2.8968131867883748	2.6223471477282634
57.959759584781459	-3.0878076631261311	-1.5858130780028148
59.501838649045347	-2.7286273759548569	-2.6162315686361111
57.802763293440158	0.8089650775031102	3.2611248093980456
58.178190752537439	1.0173167626671042	3.5845804298517496
58.201064841638591	-3.1680070169041157	-1.5506948164724896
58.486946664425005	-2.6557238815366273	-2.4670280591632037
57.814292036921955	-3.4290258862910004	1.0875470068557802
57.613596879884213	-6.2989048621445916	-3.4063788189246558
57.845802942521189	2.8032363598923173	-3.4982080030401934
59.487359205335302	1.0282618996142581	3.7048229980653371
57.901916884329147	3.046828706761473	-2.6051965586279207
58.754547524335806	-0.6521668480282049	-3.906680762211709
58.694087865256868	3.249568144382581	1.3399675798890043
59.413463079198955	0.80323958065055789	-3.7377026756663239
58.638883915624191	3.1582427530590622	2.7177426193934799
58.994566897805235	0.52430816421870041	3.7073895019913774
59.118550205719096	0.88423202468423101	3.5776777699760527
57.853355355238719	-2.4323058316261554	2.5679918511452868
57.695305207948294	2.6899026008091536	2.9071098779045097
58.41691470866138	2.9278223654285127	1.4769032281414947
58.21731786682561	-3.2061975725276026	-2.3201150352025417
58.091396311042409	-2.7458817808448055	-1.1999324725814751
58.192582090301542	-3.9770609527967493	0.49698511452591071
57.717993465829792	2.8169817034045144	-2.8942341166816066
58.46217335403319	0.16330395784048848	3.8504980725360234
58.332861814267005	3.6834147766743648	0.068832801129802779
58.697344714499764	-2.8646727062851811	-2.7960005301358035
59.361522506450328	-1.8060383961795392	-3.0064140249458515
57.716536262406997	0.37827136320065324	-3.869185559099011
57.393202846922946	-2.1919052855128394	3.8424261818154575
58.587376831346489	-1.7354227564586475	3.0861673942644705
58.071524527630267	-3.7533743577261398	-0.52879029369670827
58.700387411857982	-0.95100106051024058	4.2178837503853677
57.764556858339454	-2.6747713067575485	3.1435199771267688
57.701017747786118	-0.66639252985439579	3.9448598543073428
58.922317639767158	-0.55605753669407898	-3.9094911791727438
58.517988034423063	3.2773679275394993	-1.4147144309445192
59.077713527616929	0.46201202548292852	3.9432387825099715
57.721537105493368	0.47459497167240433	-3.3131477165227885
57.656822026240285	2.6902184247051855	-2.7608974510765947
58.470848593972534	3.2427177960289115	1.4479425774675412
57.639296497329852	1.4331395774537707	3.5381045714669224
58.123717842824547	3.9408131485844984	1.2404918053476361
57.973812912602703	-0.029903391574949062	-3.7601346220188927
57.798281086195487	2.9520202263635413	-2.4388631700996881
57.527290499477175	-3.3576170374960976	1.7631305104345112
59.135774907017741	2.2772607824781028	-3.2915119275488873
58.471116071191673	3.8017085812235023	1.3701325640206177
58.348611360737863	-3.217879026820738	1.1736813244449751
58.427493097018271	-0.80654627092385056	-3.3789967768772367
57.965268465674065	2.4567510749299646	3.1215698975534694
58.12376362563694	-2.8705160335933582	2.4095655824113407
59.261894180763605	2.6015403239112453	-2.3109735824459321
57.608594028499056	2.33109543417148	-2.487188588621112
58.848020705053749	3.1140390280213435	-2.2136452250091989
59.338957054482151	-3.5244691586719399	1.613552645887578
58.377148075144127	-2.7589218456594171	2.5150442323686062
57.984982612859319	-3.0687947571172098	-2.5298028137332214
58.144298604549874	-2.9577876704981403	-2.074742312424894
58.940510213051709	1.4079103762759413	-3.7019092363744193
58.406491040247495	-3.3680615131843958	-1.8683764784539609
58.232765403233643	0.79185322385551737	3.3748430831404614
58.265333248698873	-0.98134591276683913	3.4934667831833424
59.075273352677065	3.369407556972436	0.52206371108073235
58.144303282751316	-3.6412365794510739	0.0063909813636380524
59.376580513505466	-3.7577099863899948	0.43341220495799787
58.126782667173366	0.76826142397063824	-3.7310384037262274
58.481265983144162	0.50643272855010357	-3.5793212169478874
58.868333552542893	-2.9688770778103182	-2.0569086805378145
58.71290119428577	1.4372791009416377	-3.2731006091194494
57.736883718704114	-1.7308180555198291	2.977910711148374
57.616439980959989	3.5909428225095623	0.67947945657134601
58.176362618288827	-0.87459711028709042	-3.6603466292738434
58.345874268766359	2.3689317787242499	2.399020750648158
57.992330015465441	0.43387968446628461	-3.5639970641429199
58.40404317860591	-1.7423785293039908	-3.2077088872084283
58.214182328159438	3.3354226867263672	0.93942855406898118
58.688256749724324	4.0604472254332293	-0.73669999757039861
58.21163202451843	3.772831378030999	1.4221714628188971
57.773690597054454	1.4447017999934757	-3.640378934491141
59.075070838810831	-3.6639635368745638	-0.21090557009017144
59.47620830210866	3.4217997526314714	1.7397529438880857
57.663398679939398	0.15147037372435829	-3.5014553521686786
59.536693549425699	-3.7336286998224093	-1.6670462233045447
59.224255259837243	-3.4328813887096854	1.3809988680796952
58.330704968335525	3.6831507223988496	0.46726121334081111
58.003880624173391	0.4860439934302786	-3.6416095668753994
58.968241202168358	-2.3663940865707231	2.3265225383422505
58.745229019015881	3.2763369773311135	-2.4129796471600824
58.215704072418994	2.7417618431861195	2.3404877128021147
59.526433253020734	-2.0379777601612967	2.4724919626855177
58.601172099771802	0.70613201569531314	3.5946241413894464
58.30537755675558	2.2054713360236389	3.0518848156582306
58.464439759384781	-3.6417877780012797	1.741507305777076
58.289343660905963	2.1878989560549691	2.7379165614368053
59.456086986311497	3.5994597089374007	-1.5594608021836744
59.279635681462736	-0.74418998603487918	3.838115178603474
59.177102925270113	-2.6341688451052589	-2.3601256559453052
59.202458931567456	-3.7070767891535628	-0.080825235877051871
58.777629057186289	1.9762947360395502	-3.7944115849565687
57.830410550849244	-1.3183008421565268	-3.8124166354625126
57.497754853811585	3.2571829041832574	1.2670615950773298
58.797064650161992	-3.6700441315408323	1.7091339103080034
57.819840085148797	3.2683314455481338	2.088292597756443
58.323983528847144	-3.0332888924978287	-2.4773662497190307
58.268917179771201	1.0158209947810442	-3.6596838408495986
59.227338255872951	-2.1274652387668782	-3.3362606331744153
59.586452985404264	2.5861608563520186	-2.828434944303591
58.736383944805084	3.1072738759742857	1.8746401281336107
58.218910352929932	4.1210023644761238	-1.595342164012302
58.103226940065504	3.308660596515816	2.3120718333206631
57.900032819687702	-0.0044734660928664747	3.6290245444593898
58.336087279504724	3.3412884918596526	-2.113782152630745
57.909228811796829	-2.3236571724210049	-3.0017104601423386
58.708403121086143	-2.7368918964858664	-2.745425112127637
58.501499171043335	3.1672198403154166	1.7944925424399738
59.695148792447341	3.2246341389016417	1.0548269407586806
59.538092429844205	-0.51613507686193705	3.8920533148992398
59.408850934943644	-1.2461475658872301	-2.9642941667993123
58.384111034585104	-3.8357988134614205	-1.018227681215536
57.726863355454832	2.978204913801056	2.4782612455593465
57.6704212540158	0.78442372954316542	3.867293965879826
58.918992769321186	-3.6914436699572635	1.5344624061777801
57.924095553942216	-2.8606718975030452	2.53000462060414
59.064349665102114	0.77741592931132264	-3.6554842940282373
57.87429534355983	-3.4586860210030577	0.92104793788759953
58.458395487016595	0.41636257813581801	3.5338828767914192
58.722061700282921	4.1457199928827588	1.1280481672856373
58.607706428836913	-3.8936670784860259	0.87607147804782359
57.785876854840339	-0.79979516966987463	3.5674289987474355
59.486232947004673	2.9493565790851792	-2.74649722546271
57.861616335082971	3.5700103647839168	-1.6517546536466923
57.670165001998072	-3.5188153609467827	0.59886361198891203
57.730937348099353	-2.2057594331251154	-2.6880537072776689
58.378813880288284	-2.9725758997775036	-2.6296790976648117
57.923669128968442	2.1739708823851074	1.1293736912553622
59.304518328666106	2.1998023397054673	-2.4045854898896324
58.185431103606334	-3.7877748256335528	-0.10759132714034683
57.519079075083148	1.1422580107098754	2.9113560288505642
58.108945722383623	-3.6900526799105613	-0.99810437464621626
57.712711871308237	-3.8468030948144722	0.20455919014508278
58.884390621419051	0.11851868030283325	-3.9224489473078314
58.488481581179244	3.4010568089020432	-1.1733034738927339
58.009648614375628	-3.5815536327758246	0.55787910263490892
57.864629812606886	1.4118603358513457	-2.7490264411623357
58.282932503424092	-3.9098401272647196	-0.8153307524998441
58.314307961094968	-2.669764362982038	-2.7732389879832566
58.298828181184184	-0.80694816421971283	3.4342157141150746
57.628375704140922	-2.845375112046308	-2.4471550069041044
59.473652947258479	-1.9988422932655532	-3.0449927566476296
59.137456722517818	3.0446129240143645	1.7386723010031846
59.464957810144284	-2.3958308341225343	2.5378042663852534
58.493554116221873	3.4102119972037324	1.1824353255016204
57.586929926632088	-1.9772711233825617	3.0223389242146492
57.586936222948175	-2.2134201037156855	-3.4307809617831198
58.11992718376797	-3.4096929501300615	-1.421041196351831
59.464059684409463	-0.44588210744759604	4.0473368426727125
57.681211276556702	0.995323804888401	-3.6877355380166925
58.554325600204784	3.7883589176236736	0.9209426939908042
57.981656663375595	-3.1349972275284768	-1.838391790405459
58.359847267999925	-2.4120456305036524	2.6363769431932744
57.806358010133792	-3.7524886877379431	-0.99923183767830337
58.750217510555174	-0.94112922350624362	3.5526726416359411
59.077149422723018	0.068476009807436081	3.9103306758115588
58.946257477613059	-3.9044261593277256	0.31367504062090734
57.824554138523737	3.6429153304284894	2.3785351793397123
59.435618735357266	3.334985509011688	2.2537911702768567
59.200144597644822	2.8965996537113403	-1.9904417406301134
58.760465810931088	2.0817636890605855	3.0894629750367013
59.032337531487961	3.013155938882758	-2.2994729727425156
58.289828530507428	3.8126425550132397	0.11108875321965653
59.344057306794298	1.6619324055883868	-3.4328134543005695
57.760485732944758	2.5152221186762516	2.3137716327130109
58.08605850710255	-2.9898935943367606	1.163371276543808
59.445001937999081	-3.6679544524895018	0.83352348386051212
58.507934891122609	-2.1035298371734066	-2.8828915513205873
58.962894695308556	-1.6248849716772622	-3.0927312714097503
57.748745088558465	3.7054762950705347	-0.47805698931098062
58.247894798851419	3.2801596868232736	4.5037175826023912
57.62678525085289	-1.3704176597429081	-3.2490277314511213
59.139518663338379	-0.81684156349321635	-3.612055181373476
57.82354124145688	3.6035561767901814	-0.92523938294757258
58.112374191203763	-2.0346796382528143	3.5841820426629751
59.133594258459247	-3.1699291694808363	-1.7402817353840978
59.166297381721179	3.819864939688931	1.2802762405073334
59.323466961083277	-0.17844000933153945	3.7398674067853048
59.542950441252863	0.94780314388292564	-3.7667872118077814
58.218593323162239	3.6713929946845614	-1.8108345783118576
58.664373811123326	2.4694800412434583	2.5920613402162731
57.789866386779586	3.5736522695955628	-1.5889257286974794
59.166662107525461	1.0013523604562755	3.7506820532679011
57.497251688834751	2.4082752548677853	3.1007161222518858
59.519575632826275	1.736561021980584	3.1272514833708218
58.484898795988805	3.2459026463037723	2.2405635674265358
59.375585725796462	3.5255174519095771	-1.4402078118557968
59.31030528496246	2.3181033606957726	3.0856215546176493
57.652861931350699	2.18976461086825	-2.9524060618543064
58.009968962661866	2.7590331718779191	2.2021976905738256
58.611342222092503	0.64346978704411928	-3.6392207065145956
59.100246612580506	-3.2962893217659186	1.6773064638970228
58.811065673549599	-3.4248062519334952	-3.3110297808097009
58.602032352531573	3.6738527614922614	-0.94773580844430338
59.338910604342445	2.7378124430310917	2.5398717798823403
58.913155180987545	-3.8493932825222648	0.7797667223664142
59.369275740160155	-3.665654997693919	-0.58070092947536711
59.019781237699888	-0.5242461800693583	-3.9266841440101423
59.348403635427026	-3.567389576988615	-1.4619610375614638
58.414654554240791	-2.7338993155437006	-0.68112350893234908
58.813141013537219	-0.87106300309611939	3.8240183120302298
58.335758236764264	3.5605822579809048	1.4543928112622313
58.585274838109875	-3.3163396832672616	-0.83533878363271508
58.653568457330429	3.7144343830429229	-0.97091103868320117
58.917636693184598	0.39668512002130257	3.8194240389421763
59.236018027818254	0.27334954259198041	-3.9038117171657722
58.137930130996594	-3.7848768157357893	-0.10917168738007575
58.563318057464109	3.5514962437943387	0.32357975260945993
57.651545715609316	2.8805404116356885	2.654924398273498
58.684876238694955	2.4797465819071602	2.7564570586604296
59.092959633430532	2.3948524169311582	3.0475204628580621
58.253685133289686	-3.5678130432041066	1.7130533600510989
58.550639756418512	-3.0860657296766183	2.369891906946517
57.57752206915832	-3.0039740363223846	1.2019084418118722
59.185202298146521	0.872317495952035	3.9351144430979703
57.564676873285293	3.1712400358172541	-2.3806683707809659
58.317732101550149	1.515150106498145	3.6349716928224831
57.977784718656984	0.025829376015967333	-3.4515053635985979
58.521991040796273	1.7074389476339256	3.8569617414432269
58.906481730207993	-2.0669800081995056	-2.8206313655712818
58.995352462326316	3.4751645228707257	-1.6320945416665478
58.547885635917204	0.41502004948502857	-3.8211428242264338
58.095242213026019	0.38718780322104174	3.721448791702719
59.33491386254633	-3.6250083643258	-0.91718976483116477
59.05079428050994	3.9550043922995992	1.3900912797160174
57.864868870870552	-2.3237941164052773	3.5427593437771261
59.186504935696988	-1.155689128108617	-3.3434124218793442
58.083068984654496	-1.1058057993822643	-3.6561089723325297
58.617870135092453	3.8640673806048889	-0.79070335793639557
57.691133124676007	-1.7099951817569383	3.094527132931443
58.463668204940099	-2.2604400790620183	-3.2971288449822516
57.556562266545349	-3.062114804275927	2.4524840569835806
57.977591003405145	2.9561142606725102	1.8956758005018852
59.116088227530298	3.9463380714829688	1.2108753398867378
57.809788718902922	-0.16928329027634806	3.9096391832332769
58.533418418810065	-3.4431968862536215	1.4901308663336825
58.282016223766099	-1.4464331431085995	3.3857644938134652
59.390847449603015	3.3322601212953433	-0.97812117078417227
58.639585453156009	2.2711198800828361	3.0734154918741305
59.316885233189652	1.6668321788083358	-3.1754302151051812
57.803738900911526	2.9211928270009495	1.9357580657810691
58.286689678349873	3.9422389617668152	-0.60350330042781597
59.477644130624029	3.0800470960576116	1.985219132099068
58.958697849177788	3.3906562685022252	1.7464692246417794
58.182042444484026	-3.916539244707022	-0.07041418930430246
58.449951018828315	-3.9280366239435534	0.25566250830897075
57.748936369826488	2.3055177553926844	3.0060939512081157
58.008399519370982	-3.7985156462355851	0.2911865677248876
58.109868191303718	0.52929025579512157	3.0271728119650168
57.838264011173038	-2.0077750482895329	-3.0313133066083431
58.303306163310879	2.7845867512404388	-1.2673446399613508
57.929623321272196	2.2943503904968536	-2.6512316949806736
58.558583794623964	-3.2370185769431772	2.1587520775654192
59.072679730922445	-3.3988567335969528	-1.1057729221242951
58.875868850239627	-3.5532750831328612	-1.2725073140455792
58.131998754198875	-4.5074899525990295	4.2455968132578894
58.793233774340941	0.45709953322842489	-3.3326506811354073
59.30862279229472	2.4160517853231456	-2.9307630713310142
58.094151721887229	-3.5971364646230581	-1.1537703892943787
57.910795507193676	-2.8699105981491697	-3.0049847543561738
57.906644735497942	3.5117049937564548	1.29787118751773
58.70741390993679	-1.8088679248023514	3.3560425434293113
58.794062987392593	3.0776935250802233	-1.7962298211089596
57.630488142147428	0.83894662983301083	-3.5609152713998151
58.074611592258471	3.8619755654750176	-0.031682573100055747
57.556934914864172	3.2793492890327927	1.5991866542684634
58.716575543682708	3.819851635410358	0.25786469714933374
59.042700703856703	2.7485133109668438	2.5761033277304257
59.028943533571507	-2.3270624243258018	-2.8737001612718518
58.874800741885231	2.7808642388787042	-2.843991251150547
59.230339052225091	1.1202334099855606	3.842217966809355
59.073866854733453	3.2953945674720817	1.1175239486067829
58.944956893580503	-2.320413604474985	2.886347772365935
58.943870793110257	-0.91272480234723141	4.5596450810747875
58.116583277802775	-2.7932766761582792	2.092161646531566
57.782009846919522	-1.9856858473032797	-3.527061455449132
57.974483804595558	-4.0877383499929305	-0.38068740671845691
58.371264900556397	1.3974302153297187	-3.537341057805802
58.976195195764973	3.523519801549079	-0.55919868791360117
59.143836957570606	-3.0477925556943637	0.97335639866540902
58.028907979727052	0.53639606741891899	-3.0897538847106141
57.739492258443782	2.0832654864526288	-3.3489973174542884
58.073664597678651	-1.3638313512728664	3.485698639351134
59.078139006119123	1.2138017757437349	3.1541601558189165
58.864635760386967	-2.981767773629731	1.9194627325865876
57.96796908179256	2.7378148845479848	2.2506898029827869
58.416177876245101	-3.5989019933677113	1.0392308921887587
59.057633219084494	3.1951379855838757	-1.922437837175025
58.21674629474947	0.86452984893813256	3.7034259959977427
59.390070657899784	3.5978182685136098	0.35601523152518222
57.728295300684003	-4.0575674565353568	-1.2486455236938572
58.494300483729781	1.5683142617890495	3.2837199097878162
57.673719553377524	-3.0150610361361934	1.6005630561170154
58.399722810210669	4.1986176731710483	-0.10314398003230353
58.604504342521537	3.8611118468688113	-0.78825572732156335
58.958590654015424	3.4792708078768326	-2.0368132230744864
59.138467221675384	-1.1280047523009706	-3.6944135635645345
58.353598224766678	-2.9313576389201548	-2.6859415557228941
58.303914922119489	1.8853039885912961	-3.4454943840682946
58.661839300579658	-3.277134844939587	-1.5848998756802832
57.54651258179041	2.3412494934375139	-2.8863020195856759
58.888763618276052	-3.4758709421413507	1.7312231202096067
58.158923144822616	1.9992679238164175	3.1110241884144525
57.799135855476052	2.3101336874186029	-3.5431590043750676
58.147746925800021	-2.5366899429088479	2.3631764510962663
59.509649839442638	-3.6281447272852825	0.62476044210357462
58.933549403014915	0.7234023804618932	3.8207409757269617
58.355664049297324	-1.0840488464321094	3.2501807267724101
58.091863994357368	-2.0769052232483398	2.9498029751591237
57.860748441755703	2.9653607612239643	1.9717905653427761
58.431905609307201	-1.1629014317742574	-2.9830594024678776
58.795888238402576	-3.8945531488078315	-1.0850034588506565
57.670127597621182	3.2247868390403749	-2.9746775682719058
59.176603127150145	1.4166762600226068	-3.4693258623094563
59.543156178338997	-3.4924998916294561	-1.0430473405872758
58.983807475214135	1.3751635011616714	3.4856876111420227
58.68661869556886	-3.3317472301155204	-1.76585223517176
58.711084060225694	3.2675115568952733	-4.5072802672304011
58.072154692879117	-3.5326214322730038	1.3079545103324417
59.072700976351022	0.61400253428205265	-3.777555129766538
59.068663536692782	2.8711340901438533	1.8939345001273393
58.475721539497364	0.8443794398922585	3.697489880924413
59.174650855157857	-3.6890196750049005	2.3599084875336596
57.696599342302669	1.9304860119094169	2.6473149857049667
58.542003264922776	-3.0756335162834412	1.9015382047289242
58.624383876590528	1.6174751707704571	-3.0522797560777581
58.090860247820828	-2.0529378518143537	2.5282946786130323
59.272032687876859	-3.9205113849525808	0.12228439339400055
58.724116425507297	-3.0656165191539273	-0.94231659122591493
58.626437923280037	-3.0388877308794924	-1.3771246989096224
58.843045635536413	-2.2548630419328277	-2.9026647494498716
58.027670529930823	-3.6055743170603467	0.305059728133592
57.545616754986845	3.2826640153002122	1.6655545027255385
59.090986180464434	-2.7195267362357947	-2.1519302795699136
59.108062892178978	1.4690074456475917	3.1968278916904147
59.325532788764662	-3.4892136752460807	-1.3677301299112514
58.698408106280269	-3.2567062388058954	1.2270332202323599
58.852595060372991	-2.6332429376567488	2.8662184357376086
58.693336637013545	-2.5774087912749666	3.0725629574085183
58.418595321587439	1.8392387163578749	3.0986579179499625
58.072533959199511	-0.46329092364106877	4.0206491563652591
58.017999682378885	2.2403405892839561	-3.0898132680351544
58.453359911666745	3.008645067977596	-2.0336925443383223
58.986739522900073	2.8718661347958117	-2.714660766544569
59.260740430368074	-3.2732240452936558	0.3202669668034237
58.942179246284098	2.2871133716670613	-2.927696565319942
57.744634162972517	-3.3960557221463881	0.48840774925450003
59.360700037487362	3.8845812716973804	0.91961148860763131
58.520216737945432	4.3976303432273225	-0.80153632358666083
57.832286914230963	-0.98901005144585108	-3.3564198856228216
57.772904513463992	-2.1912942474580355	3.2099894255310879
57.641960594901711	-3.0538048558576429	2.5297051125660506
57.706938213750931	-0.68838417098893256	-3.3226060501672299
58.509917687911667	-0.90041680869571494	3.7404953894532698
57.620619638368908	0.89179591832626415	5.8296387363745366
57.887705201870794	3.6224673011826027	-2.3035836994042631
59.312834887558374	3.4977418110999281	1.1771936381745007
57.995343832886945	-3.830623931982502	0.45159796954781317
59.230601817687152	-3.408223581425986	1.6686583112721585
59.165183152095388	3.0103677740461312	1.9955532736014596
59.38382841967676	-0.072635697988409811	-3.5663247165551026
58.129562653213377	1.0812235912749693	-4.3869567491633878
58.075237897362619	1.6846770408835072	-2.9294489761257623
58.941396470641678	2.8304727303284065	-2.6222112641983792
58.852145646364079	2.7601845985870264	-2.4302712299642946
58.468392012530295	3.5174811501184617	-0.046392583740545966
59.289970802888185	2.7911851596589323	2.2029342462107229
57.712485830651822	-3.8100203124196272	-0.99078543078640391
58.345439427824623	-0.49820933642045312	3.9208093729930265
58.893028248656755	-0.0089305042064272214	3.3633855016501046
58.191032955535832	-2.0824427519187441	-3.4997581919580285
58.279616917614717	-1.9418569402237347	3.438400731500598
58.656613346662439	-0.63166985863887559	3.581877413164364
58.36097276142214	3.6854493533852377	1.1726325763322119
58.820636322021059	0.96919560000190108	-2.9905926167652375
58.646918175561005	-2.0037526547752127	3.2725607278009607
58.112957885974119	-3.1874954519734073	-1.6810787605295341
59.218019303103539	-0.98238300082594698	3.5435095659841584
57.722851975564701	-0.75503996929404149	-4.4550346542674388
58.147918745550697	-0.70100681774746876	3.554989603209004
57.610489239869864	3.9499065545676593	-0.31871095231073709
58.038015455555303	0.6445849729004719	-3.6017646896745559
58.545385485704152	2.1103599591190765	3.038207724449451
58.438882060931945	-2.1591450019365479	-3.1569997426020713
58.822016521030505	-3.2373904330631404	2.0345238622534993
58.421460460468225	-1.749646773442296	3.038891216586296
59.509228956573367	2.4201898547104812	-2.9043555381972461
57.727813488547625	-0.76627748276095675	4.4064194251084112
57.944013991180142	-2.4082248049937256	2.8074686496699122
59.480728730604426	3.8675394093888031	0.01117684277836032
57.886769895821438	4.7264999399858256	0.067054450536022048
58.239838619558434	-3.7427796741835215	-1.3469880004225898
59.207523679637241	-0.16100391836937342	-3.7624167930981773
57.854882575206183	-0.29446809993187673	3.7612127719833763
59.206395070609098	-3.5574786566314986	1.2068019569343242
59.37178011529987	0.6767067151054843	3.3786677834437913
57.888320605280626	-3.8266281148793628	-1.3375042246970628
57.935340878926866	3.1330683456840633	-2.3301287093735445
59.14753333874993	3.7704350214568958	1.0029049681129754
58.011066184242516	-3.3857150280309898	-1.2006328293202877
58.48081915114917	-3.6285904995199565	-0.072724979567546949
59.133936023617878	-2.1133958879619148	-3.3214892649795207
59.327378104361593	-2.4949233114407829	3.2751473241291151
59.137802143941506	3.7717260977030471	0.21714087469376145
57.926799396463188	3.7463430978439933	0.31146831246208523
58.970153364354509	-2.0270589633069944	-3.5297336171813778
58.93812913157997	3.2019664923167208	-1.782221218762114
58.419975113642359	-0.40129248557289221	3.2472888887705711
58.279101391071279	-1.6054436079521681	3.319804079210539
58.907969753790901	0.43529957406196351	4.0192065860796804
59.411923709383103	1.4985660607128992	3.2689707216489547
57.729492473290357	-3.3288585126228618	0.87635355416829719
59.276578086569337	-2.0547370343902172	2.4869070184627393
59.35489660888117	-0.63006009564760967	-3.6285466676608849
58.746051628782013	-3.2628516582006526	1.5726400665458271
58.164534197406141	-2.6119036992340079	2.9409663900427714
58.174553350718085	0.87533338388144233	-3.4649638182580142
57.802880664535721	-2.1172248772693152	3.1500397033410499
58.287829826307068	-1.8365537633357647	-3.6951939937912899
57.859499393068951	3.3428095694212785	1.228564909657524
57.721556464699432	-1.9369187559923216	-2.6137505865645623
57.487003353784964	-0.55461671886328168	4.1375520141021909
58.021242094755053	2.5108346594835096	-2.6290102803554518
57.576064481173304	3.0396596539991947	-1.8534533986976887
59.184563195732586	3.8189886061180913	0.85481451387717178
58.102377290781817	1.7972437000186838	3.8062110485386471
57.57703116765763	-3.8147868215083411	-1.3063201159964379
59.303410928544174	-2.4422432203607043	-3.1530113045764385
59.072464963965743	-0.030199191189114453	4.1576819899654129
59.306807063018162	-0.8037271381638641	-3.997998651214401
58.540657673987297	-0.95715494258283229	3.6257247083458286
59.359489634315288	1.9226487796114258	3.5239290364339881
59.452065765513836	-0.4304415850269489	-3.4691804343521206
57.988787190240004	-2.0186963639935342	-2.7903013018388898
58.986354034935083	2.5693476043050421	-2.6009803080915712
58.349011958598936	3.28801576197798	-1.2566665132435431
57.647113403307365	-3.9389642431245298	-1.3905884856898121
58.683768037776638	1.1727242761359109	3.4310650434396641
58.522666229818256	-1.6510295791438931	-3.0204774346252687
57.932482816390817	-3.5048991794923818	1.0651748241167582
57.922564592353481	3.2926865137448527	-2.0366355167125967
57.982341190664741	-1.0086829346090669	3.4243399259701714
58.452566132571548	-3.0011782726750718	3.2907060063145654
57.689072628611683	-2.9916435772805694	2.3629496056142871
59.072941347242583	-3.7277003770874622	1.4552318544008678
58.583664790653657	-2.5287686748428371	-2.6074395438490687
58.251268096769373	1.4697208813645346	3.066294880334083
57.874480847214052	-3.2785108779116858	0.90972028919012504
58.802758853644768	-3.8101778577770369	0.75795872460876645
58.587878053074533	1.5015913945058481	4.0702699922074874
58.173269770161333	-2.4863449680873293	-1.8558164586685437
59.257274060953797	-2.5229516032073933	-2.8503473795286545
58.756506736101024	3.3933034905536692	-1.4389776845767224
59.093550739642723	-3.1146392454600988	-1.6516119784227759
57.708280855209175	1.4317948628952206	-3.6663297176782503
58.741563500694809	3.7160725222493243	1.400595070480896
58.270390421594392	2.517826746177831	-2.6928258760245041
57.757326821333727	-3.2345192340420983	-1.0629628157073185
58.675167146412434	0.88495329367629094	3.4873059096668313
59.216768884549083	-2.4021239302527713	-3.0540178208027271
58.633985066446797	0.58608070945910018	-3.8443371186335593
57.507719925433456	-2.9540776438639913	-1.6996585307581107
58.16320449125363	-3.9292466226025473	-1.0416414339266016
59.384101217967007	2.1579900217306172	2.7485858443066848
58.506516022136843	-3.1712943486295648	2.2587855549416642
57.846276955624731	3.4255655961242346	-1.9958456225482448
59.144757744360433	2.8573283965992942	-2.8115825650406534
59.117552131177945	-1.0608932332575085	3.6741620659067213
58.345026618163608	0.98436420646163647	-3.8744239011313066
58.031803046820727	-3.6303008304009592	2.0266269329746192
58.78644022661512	-2.305334283384743	-2.1990143904709569
59.452948933579719	-1.1604601111099573	-3.5150035015473455
58.93378438772357	-1.6069784673138889	3.4790148141588189
59.229434138682045	-0.52698721395133907	3.5466546265514727
58.462475730706132	-2.4222839803647767	3.4032111698434182
59.020386899587059	3.6065393631941904	0.75627432315053356
57.802292679519439	3.1700273953640714	0.90384237636479248
59.29634167272301	2.9322945149670785	-2.0604417490647458
59.558172054770566	-1.2896620096087781	-3.4484488571482239
58.824382130381494	-0.79455499179769962	-3.6439294978016981
57.768118578187639	3.7004459591721153	-0.8208050376124747
58.257624537715216	0.6226852179212774	3.8146404222930972
57.940952831677031	0.36774474835751042	-3.5451988913864017
58.813685762721107	2.9059088351921272	2.5720277152172097
58.304947411507456	-0.84935416794908258	-3.8491406082435669
58.370381023043585	2.8296466516020491	3.5483745677326026
58.827855493806425	3.3269393681221398	2.8233846254830905
58.847653909397444	-3.2281545246842991	-1.2195979109676105
59.056721230441006	2.3601353456830343	-2.5532894355740172
57.75399522365128	-3.2506339887748745	-0.75605047150287252
57.547087763277766	3.6010889095696483	-0.74757188729841395
59.467708294600968	-4.1220053298331294	-0.81273482911162265
58.771472404823243	3.4085829105927283	1.974905156309797
58.619555046532795	-1.8952215743022067	3.5072145514055264
58.203074808264191	2.7175780274897825	-3.0373692698125625
59.351742691790903	-1.083402335552784	3.8344016147628119
57.640566577478076	0.74424820664093994	3.3640999037296391
58.446321123150391	-3.0864574536973022	-1.9205170593831991
58.09657690330787	-2.4938608749358524	2.9580022060073894
57.868218223603101	-2.2616080888343117	-2.3214719196226961
58.185916275598288	-1.0018938526728247	-3.680774659067648
58.248755755722208	2.6828136971118117	2.9642317140706513
57.671761047038466	-0.10328467045227055	-3.6385885193444718
58.008145575069534	-3.7346928651515996	-1.0547576841279247
57.733547278993647	0.054590035451685802	4.0080803947041987
58.765497634830126	1.7773477576714174	3.4628133567727217
58.435816781647056	-0.62549542424424909	-3.153401588282299
58.365370394509888	2.026777178390565	-3.1495661475543888
57.774898099157156	3.4141055078367737	-1.7428047934299611
58.901654559224284	-1.370961130495004	-3.9295120688473504
58.392515065541133	1.4809436088297823	3.4381062704181979
59.022994535243811	-3.5378697479140908	1.2713168501522598
57.689606343775559	-3.5475476959839569	1.0537853280271057
59.077172955103741	-1.5204385025373008	3.3895273000172055
57.443943547614609	-9.0422250076453192	-1.1943466730640266
59.092133131645518	3.0045929479273372	1.9775163851527362
58.615701805462251	-0.73595475951598788	3.4055522633690098
57.809748280998178	2.8716327013934668	2.1048044006616329
59.032725716299645	1.8169476467487899	3.0224978600867809
59.229289824539549	0.67466657819211751	-3.5100652928991236
59.315790280531026	-0.51252266444504957	4.0261898722466718
58.036326208196648	-0.80147913641277402	3.5922499395576022
57.602649075943859	-1.3897277610635312	-3.5950448973729241
58.570110304049159	1.4684338332756135	3.2710527092966197
58.005600394338792	-2.0365763794919882	2.6472320465283654
58.853844847159962	-2.2771472924883631	2.8273664426550664
57.512166040553133	3.8868011784798759	1.8265580533993104
58.192284629698698	0.76605771340572715	3.1302007525352575
59.396640719628799	-3.049161059656214	2.0162303279813729
57.95251227930234	-3.1602520334284216	1.8821094973291446
58.69621168785676	-3.557647685958814	1.578427853598791
58.102210471677694	-3.4410607505978481	1.9200592827758591
57.690321192735674	-0.77876204649571579	-3.6610991358126617
58.10866495571311	1.7555887522108971	3.1842727999652838
57.726988390929648	-0.28030115978385278	-3.6727509285435338
57.92106934904924	3.3398506846813847	2.477031209413898
58.327526860873739	-3.5225621847182973	-1.1377941859024843
57.764311989947622	3.5385811140719259	-0.76473939370929189
57.754396928598865	1.7235358453431	3.5307300085359596
58.829037827813572	-2.4586383298468366	2.4758294091341955
57.759178012736278	-1.2247266860578525	3.6960415991960076
58.434142131808329	-0.57966492846131856	-3.5982961216546832
58.472076091144075	-1.2365987865536079	-3.378573399142192
57.695752551434218	0.21622287260915959	-4.2266708515444309
58.869659939200794	3.9824745854785175	0.35751977859407807
59.307934116879068	3.6516685634665853	-1.4830483024893144
57.688225363917184	-3.6520630905565485	-0.39965354620485921
59.499240204402035	-3.1950944682288638	2.1915045539356393
58.96672410977083	3.9899760948921363	0.59874077338538001
58.34854590772742	-2.7745194555530768	-2.8432087161358988
58.240345624942471	-0.50319976722354787	-3.975266952581257
59.258600168375359	-3.406826196273312	-0.63254632145823708
58.267172162817474	-2.8916168620379867	-1.9538554790948286
58.065504299407948	-3.3845121435918282	1.723492689674059
59.351883360498825	3.5738254338527349	0.48496302939866104
58.210238956867023	1.2199067855213523	-3.5636496127704178
59.238640440190814	3.8735113654820879	-0.10503999168191641
59.486891004497593	-3.2623917507340141	1.3280937839839995
59.320632751798136	-3.2263339985570454	2.1773288562860462
57.867780074683829	3.7025462630554196	1.2800778118699516
58.025890686099537	2.427332941749087	2.6645592708659382
59.07466715679729	-3.554614497300749	1.0824601656001516
58.717709103037087	-3.5966860238038993	-0.58204331313599833
58.863919398856702	1.0154058252338909	3.8214579943533842
57.826414951044235	-1.7014245925266167	-3.1000783005524726
58.518688544257706	-3.3851442386941244	1.9999031800609144
58.346199433028325	-2.1340746653745604	3.1045829867371686
58.746697375541061	3.498930462340677	1.7626575648184564
58.417940951572483	3.9971764823957869	0.96857726524958299
57.626965734583059	-1.3494388914879949	-3.4992909197030388
58.250888193163725	-1.825652868919958	3.4836291367398475
57.684301040850457	-1.592751193267155	2.7075909085926853
59.191642267467557	-0.85036640814262643	-3.6243356873030934
58.581401698795759	3.8050384202152197	-0.76865832187291538
58.023458790187398	3.4945411672700728	-1.0964899119549758
59.236779100078962	-3.0947659673334842	2.0535530894886689
57.615116030578911	2.6206565249936524	2.4942777483165535
59.319944266860389	-0.63411510568020435	4.0225431805630576
59.437726014734181	-2.4356896428323735	-2.9970058537645587
57.740391111687011	-3.9931410583979159	0.73766626751734699
58.004225411574332	-2.3444245977808529	2.6427737582096817
58.476151879984826	-3.2127961594377874	-0.038256094688601271
58.642007751755166	1.85567041431666	-3.6733474499558016
58.772693248674798	-1.5869109930324186	3.3111425335208304
57.86193606106729	-0.12516267742971979	3.911513496733972
58.02966131377061	3.3657455282798776	-2.1735220052509088
59.128862730428985	2.057878862514336	2.9685493575579174
58.979103683077952	2.8836302119018375	2.594562790650393
58.672199465077689	0.59792663314477879	4.3018159896393753
57.567837273011939	1.348282484590642	3.5894496110785217
58.264370451309205	3.2484214626640564	2.4189434510360255
58.095204390334359	-0.048275420997524257	-4.1134592467079063
58.134628282419378	-3.9141821264896315	-0.20194133734311442
59.03428968733693	2.6664364073853082	2.0663808005208173
57.664985108306432	-0.3891291400279972	3.9849006366557571
59.096807261589348	1.3048656106129428	3.5741709161752135
57.59976741534463	-0.5919231698473234	3.6472877056545294
57.678882524915821	2.6867682132963324	2.7365160659449432
58.131767714461084	3.732645262029727	-1.329103546712656
58.202300245359318	3.7220556792161088	1.461546502020391
58.843541516038442	-0.68156485099170372	-3.7812190044899197
57.599575568446092	-1.1458796375830445	3.6027579714986291
59.37128234904403	-3.437806340149371	1.0684152243151914
57.893430021873201	-3.0576798534269569	-1.0769215730898836
57.988054650448888	3.030214725970203	2.0349769931884349
58.850320004424184	2.5763652220824063	-0.89235559216174398
58.256661616850202	0.57613742476992869	3.4614534587060555
57.946229267929226	-6.0682637587060793	1.7063721139070291
58.951800970191876	3.1823239203038192	-2.2769092529174366
58.380565511886047	-0.0025143235885959976	-4.2486063218019092
58.136624921444749	-2.7921054941054666	-3.2349212809907799
59.101686415717587	3.6056426565749291	-1.1490465050939387
58.325623670564362	3.9590929595754791	-0.80132200886844096
59.254544159459513	-3.5001727149599131	-0.6880223466364247
59.593789330395111	1.2249881354452494	-3.8860123121314127
58.389272328518103	3.4994204579670529	-1.0549235194934927
58.825011242393657	-2.7357602362915974	2.8835010173227231
58.352251350537003	-1.4310540505446725	-3.6923306921942198
57.888895763118576	2.6836878062326117	-2.3194023372070514
58.633678016557539	-3.8656520000791423	-1.079596290700968
57.565137465462946	-0.22220785316564093	3.6397715785205493
57.82236766677385	-1.1836413234872485	3.4512353806377689
58.594843997572731	-2.4021042539624364	2.8676820265056513
57.592853794826794	0.91808306191249855	-3.7330449463524387
58.356784455465423	2.1096842958820323	-3.5615183639603485
58.147866833418767	3.4243822493536218	1.683412700289876
58.702585397484924	3.752549507874301	0.28017238435468361
58.026223063144066	3.8586729204530656	0.38054162163096483
58.704521999650957	-1.5261142419938436	3.2952359999075918
58.681463949055527	0.6752971848071464	3.8824014013058594
57.588196409434524	0.45634736649691487	3.6055479747566022
59.39314469265959	1.7507123964721911	-2.7409412617897551
57.809980896550897	-1.7778727137750729	-3.1178386936689342
58.491614668789325	2.9837560297734043	1.4504445102548753
57.529745871909931	-0.74884431670039875	-3.3207545268843419
58.674659676099033	-0.17816007248829974	3.5708174885238324
57.933254217216515	2.8373972438000186	2.5456086208693773
58.391454362772649	1.0872066125244779	-3.3833739652936137
57.667450056545917	-1.8088830477008246	-3.3574136184592569
57.765453983090666	-0.93146267528571824	3.5744201250645182
59.341784107609286	0.31362072226711479	-3.5324411216333678
59.147772949792063	1.9744323214298314	3.1020183057307689
59.308818697734026	2.4685019563234669	-3.2094364448296666
59.266904462590027	3.7006247590824199	-0.025842897879282484
58.762261419768784	0.34838966547569755	3.9759088858164029
58.972329126120322	-0.33819142919908096	-3.4056173810494665
57.980023950899138	3.8679475567857526	0.28902232089792834
59.237208223576353	3.8859235536594015	-0.39911813101013771
58.256067862648344	3.6694038589083386	-0.53202779833247404
58.510294314615493	-2.9310725823388841	-1.8701177390984562
58.27966488226577	-3.6670233717864718	0.82589915047925777
59.170116571243945	3.1525471593385266	-1.8233798877236362
57.959712584864732	-3.9592641394897572	1.0026436450042084
58.670248087539953	0.35786030322721551	-3.7408338074858101
58.317429980162125	2.8708071871294703	2.8233894523311678
58.034977283121776	3.8829860190146959	-0.48117474867317656
58.008083028564798	-0.90501537942632104	-3.9328079491708223
59.162117333233198	3.498657542516618	-0.9093196414112179
59.2489641681045	-0.50921468025859262	3.3073250971293948
58.193678386352722	1.9182779130298833	3.0118822263361169
58.219520042500392	3.3731926227050941	-2.0806379884011825
58.233029486904414	0.19471740534762078	3.9167038641171894
59.01007127152824	0.082770761848459565	3.7458852270742891
59.407243795261607	1.6938161553878988	3.0265757572201659
59.111270257531601	1.6975334331290148	-3.3224982341409381
59.261134200515521	3.6888091715436642	-1.2576559878347056
57.745892187394823	2.8908414915780045	-1.469492468537944
58.319897051202595	3.681123467005234	1.2662783261105746
58.674426080679787	-3.7528375454650105	0.0061311590374037543
59.234047622023773	3.6472297398118632	-0.77132103495039628
58.796368866529654	0.05160392252088461	3.9475847509403352
57.528606796703002	4.4305417298525276	-0.41132056963858382
58.367197181306473	3.7765256691115026	-1.581044094461947
59.069214856364177	-2.6622376233656451	2.8046750884173877
57.836074453009971	-3.7412929711849325	1.3224289017477355
58.908732294286366	1.157261801364152	4.0090673799539083
57.876968883794483	1.9810670416516325	-3.3259091643017507
58.121380890011181	3.2224455188106003	-1.1864776938132549
58.336511086325615	-0.21964923209517731	3.0663755550792295
59.301846560472278	-3.9036574981372474	1.5395550064154366
57.868793423551928	-3.5002786285209329	0.24318433804325418
58.845553421864444	-1.4012909829740081	3.5950190543269649
58.217667157276558	2.7998818292013246	2.4548608216021872
59.459459745729333	-2.3499961073229643	-3.3659555709738127
59.073020252047094	1.0205162629690232	3.6994795733625034
58.439107958274086	2.9190554881701485	-2.6158277586772107
58.788251301483569	-3.1734695342582584	-2.0250471304806026
58.933535537424	-3.283651481219708	-0.82900683778410378
58.099408299296535	1.5265532385748992	3.5195404317649079
58.315947793250224	-3.6352951970760716	-0.042456071031222245
58.270157098029486	2.6810853858016492	-2.4271933467539255
57.898677917352352	3.7811205439408142	0.72976844993022161
59.006611366440424	3.6683110079505972	-0.81541696284705201
59.333020111212271	-1.723899438574686	2.6007522292256167
57.980275920668156	0.41877286352775689	3.876104655147218
58.082056178292575	-3.6287131274008453	-1.040810316201511
58.314292515412077	-3.8818827428941356	-0.85799968605491506
58.42568075923316	1.4694612476976348	3.7542071911944528
59.186478899405088	0.61413585930099734	-3.5505657658459664
58.176332475842273	-3.4433979962699786	-1.7807990282829307
59.06387343901477	3.3965363719648818	-1.955966532791519
59.071355347676082	1.9519161548253126	-3.5739405653403904
58.357499459499394	-3.1488984997790515	-2.2622568890915988
57.850951737171648	3.0507556830477291	1.7551234735874379
58.699161836748267	-2.1186935613499358	-2.8952785545357491
59.240529885872888	3.4915995133459292	1.6018079846930762
59.312275198253587	-3.5221887154066116	-1.6164215270661524
58.589286176267009	3.6698310714271902	-1.2304744865836337
58.20555796369959	-2.9270926130152723	1.0272965446157487
58.332663839424214	1.6822210934676325	-3.5307949072791236
58.653573481999118	-3.6469166155972799	2.1405609610040703
57.630272827652959	-1.8502587512546858	-3.2642956834111829
58.41455666457891	-2.4591513431183984	-2.6262396128059691
59.263545998590594	3.7311299970146505	-0.3196137533651528
58.003061143373486	1.3198488487862263	3.1513780441883945
58.702784164754561	0.99620180339933506	-3.82000028843802
58.193171511883463	-3.7959739493415463	-0.60615449861881499
58.258466930670707	-3.3007300923204124	2.4230929214711772
57.899369934764778	3.8897565702924322	-1.1694209539729907
58.123083982819573	3.4388915826188633	0.47480986647274703
58.175381570838368	1.6361507948183918	-3.3713182589556179
57.976201840132454	1.5972057907051049	3.5475218934386619
59.490166153483344	-3.1531714309989427	-2.3775586381637352
58.619029363293429	0.48931095418155129	3.8593995974631174
57.842611886276011	3.8966572914473754	-0.9865106515912937
58.414747810724748	-1.0724883331542989	-3.0004842118586632
58.792452894593794	-3.0157225131297642	2.2940425072043169
58.919784767023174	-2.4733115151049962	-2.9621928667882846
58.559957390612162	-2.565487766327152	2.6181372275402048
57.783389536964201	2.8547197746323008	-2.8588309444670603
59.266186904883661	-3.5232288513323016	-0.17457812630499842
57.470514011689346	-4.163428628600669	1.9384391117679614
58.213453638459065	2.7570463315415386	1.8056071384068977
58.929203901709421	-2.1583551572395874	2.6620639700006001
58.505664163723765	-0.43812762493580859	-3.0514396677315565
58.577530287223759	1.3836165312666742	3.6506950216780329
57.983965481586736	1.9101047850884207	3.3664139164697491
57.878692447751007	2.8404925314173748	-2.0557045055680851
59.332009846991703	2.3339534332811045	-2.5712843481962611
57.76963871869637	-0.96822813849796918	-3.6048456721674933
57.978991534277348	3.1068161911030217	-1.0310074481045084
58.449446122634079	1.378744976724142	-3.0757347493355067
59.097466180479245	1.3319117042227906	-3.2288009085491782
58.670167428567325	2.5162511638052956	-2.5536536380217876
58.490877185913639	-2.9400344755092167	2.2781903668596422
59.297960945386777	3.6780903664090148	0.78291200196595101
57.891801012626551	-2.6819742562062441	-2.7812323471360059
57.558053387793805	-2.2030890102858778	2.7707906947056582
58.733436375455803	3.5446925744709255	-2.4204213645374981
58.785789840038113	-3.7816464023115226	1.5612889528994964
58.892686504574613	-1.7701844134889635	2.8445172830322512
58.314072637720749	-2.7600841853440463	-1.9258883047192745
57.561178866164532	-1.6967338647925818	-3.6953478334770895
57.476018244497425	4.1965642269501169	-1.2623065029712834
58.398793064333155	-2.6317698831220939	-2.9161839614886738
58.368540928339904	-0.54903454833634013	3.6351048749217321
59.287321156837493	3.2850202008604845	1.777128526668841
58.745053008790357	-0.94516015801663167	-3.5041647452400686
58.802327216835948	-2.4940074116819844	2.8753765901225274
59.104384019897317	3.1471860890675556	1.7494458162471977
58.165770045817261	3.1166210727966392	2.0124302756258019
58.658905324995715	-2.3398508487228415	-3.1840419443247479
58.412779396922922	1.9439738785614433	-2.997309579303352
58.969008145434351	1.0652458323655269	-3.759160538765574
59.303595199172541	-0.62857596088461332	3.9584694789501191
58.002356568326874	-3.731240186004547	0.0045700952107994028
57.527830709213177	-2.4477499917309569	-3.0788468299895362
58.659334580879175	-3.1688515732835936	-1.8314083635133271
58.185796788513116	2.8958682456322236	1.9644959912025413
58.121356289946597	3.7746292350086823	-1.0224512421210263
59.336266120829656	-3.1786445146208813	2.5832691479868846
59.395045050714124	3.3653123076615503	-1.8528645980369818
58.240213951674406	-3.0885111179687001	-1.7071089658582068
58.274108351267913	3.4387736098354784	0.44578460630319133
57.889902429404671	-3.8233243442820721	1.0724138338165632
59.418130747970864	-0.88453885262625065	-3.5229839951935502
57.697824186242208	-3.3510116316583467	-1.6910926648358957
58.818656678181789	1.7878994888112261	3.809531303655997
58.415567796497108	4.2075173886547486	-0.75109770957627098
57.811515663001607	2.7571687838378631	2.9531405521552538
57.795655180736027	-0.10330297919453946	3.5325735559260685
58.991110064419487	1.7964873176225262	-2.8881256516114981
59.377936181618914	0.96679391314454011	3.9589635812185242
59.289451149614457	3.6249427244025472	-1.4308600526604045
58.362487249840875	0.72284414784712836	-3.7374388263596559
58.64543893280252	-3.3486886364689998	-1.3128665008081906
58.340537241072767	-2.3479694006657783	-3.109896278786946
58.168853018643887	2.3808119070167511	-3.241473352736155
58.16474454044657	-2.7514161531677885	-2.9646736967549518
59.059681372782705	2.4636580116999904	-3.232271131375104
58.698045810947427	3.4670987233452832	-1.7564525044883454
58.221766502654269	2.3558154812051368	-3.0239951871513968
58.995568522006629	-0.51019603853697293	3.6688233583702763
58.82967066504704	2.0761718882196134	3.1320296955274172
59.075799403245796	-3.3837058505415567	0.87815121714939548
57.9853186455151	-2.5242974079072438	3.0044185471620271
58.162753311227014	2.8766516775230411	2.3866905596239172
58.449786947834177	-1.8100677921892978	3.3100285364855671
59.291012743531908	-2.6862958100851597	2.8088990312374924
58.860343408863876	-1.5574444954742461	3.6080392794906122
58.346903843441773	2.1274142772778566	2.8354032086442147
57.653760084657435	1.0224116384037074	3.3779530548523291
59.409012449548975	0.25255554281966286	3.8112506545508493
57.662728427122268	-1.7714511666480681	3.7218789632459797
58.589463617737749	-3.8188508555411365	0.98875182401651551
59.251380727818741	3.4601803521951422	-1.5405051341043288
57.910218257461736	-2.1927911073446396	3.3502197089039965
57.968121869266461	-0.13317631634995955	2.9389484059348954
58.605209047242219	3.6912523999990063	0.56691804764939846
59.126127437575342	-2.9826841852749491	-2.5181057155690389
58.61742301726489	-4.6615572096751734	0.33472274455238782
58.555099774216117	3.0166914122200383	2.4841593303505429
58.527216616855121	-3.1873407182013418	-1.8154480160684097
58.377548268359099	3.3818682418643879	-0.75980841973533431
59.406237464855771	3.327873359443752	-1.8511673486437066
57.691647320715255	-3.5875553015812978	-0.67449823609680082
58.914056225578143	-0.27020781907441643	-4.0548632808326479
59.368325830252047	1.6231423716292483	-3.8139708257025782
59.204469477476458	-0.53499406871901245	3.4955098951788153
57.894414305329299	3.7554823593029147	-0.35733210324393566
58.680698072445445	2.3720828128030398	-3.0730939701245306
57.698958990205838	3.6018097328120717	0.3162451172115282
57.776417299778352	2.0057589456966549	-3.1289632447802291
58.139977669678423	-3.3284477177609144	-1.5030534870530143
59.198771406945184	-2.8905793065247649	-2.7595475277257218
57.712699207343483	-0.11459574472479961	-3.5119340286998133
58.561359277858969	-1.3551126613443829	3.2357757600427961
57.616535717483913	3.5560631676514354	-2.7609454503563895
58.261345944833707	1.0092401300505383	-3.6916180454071514
58.625321106735704	1.2798392067168505	-3.7969942266801491
57.744740127098822	4.1991624662023144	1.0716174659792239
58.663957120182239	1.5562124806047315	-3.3772444588927093
58.548957657144832	1.7290132997254366	3.1332891787650308
59.519904132586262	3.1337626996923196	2.1892469163403709
59.052663149267644	3.4521496707767256	1.5270542115453911
58.645182921587654	1.2785054336754549	3.0898008429297499
57.758286085486439	1.2243552304637026	3.5401670875716995
58.101870162217814	1.818455531988203	-3.5533263354893649
58.75873354253789	2.2737169415138543	1.5937202664920658
58.116180943186869	3.771020770003219	0.51445914680584248
58.681348212727471	-2.8912175286410053	2.5848326252957143
57.921206452688345	3.8588330853858466	-0.07669105556833411
58.293693083101218	3.5781631914472452	-0.30865815020439469
58.190126919051487	-2.4949823553212664	-2.9951616001476555
59.349068150155759	-1.4226255909819667	2.7442574442270842
58.89636858407632	-3.5002949678679691	-1.7580881842386054
58.582650729979264	-3.5424613110310208	-1.4866231382930466
57.750094475459633	3.4453666523839033	0.9736956046687385
59.005258542518682	3.2088786741910345	2.2023438971458296
59.181679967011455	-3.5323694255282425	0.22576433247005673
59.22588413057295	1.2371197348402041	-3.1682116749962463
59.350336480988084	-2.0973939419003926	3.2286310032128069
57.635819788675789	2.6675472827116509	2.1169256870464608
58.156307392692064	-3.5530098967723829	-1.4469291411243168
58.344059698248799	-1.5607245353367054	2.9936228967087795
59.303022292605512	-0.93604753960921183	3.7565018013216918
58.991807848745367	-2.6087982606405129	-3.3060780765659583
59.514814626481311	-3.4168103493796202	-1.7761819176772495
58.396184175144896	-3.2483511601242969	-1.2230358274403863
59.24282452561485	0.34792339254233273	3.9939029511984177
57.633610785149514	1.7006414722386349	-3.7103327231157226
58.565174072121941	-2.4054255198691532	-3.2325247003248725
57.747345886475337	-3.3934819603911484	-0.62328639834382582
58.309358828323759	-1.4183899728054872	-3.7025812284081385
57.696063576063452	-0.22055901055683177	-4.034173282207548
58.336461983111548	-1.240948044574564	-3.3026666550840087
59.474877790820926	-3.5659276886218008	0.30686272554466082
59.310518588526826	-3.9717210018687963	-1.3092832609321976
57.587978956065221	-0.99303005381469389	-3.1457434279301375
58.035252519938616	-1.9480083579309253	-3.6284456984372007
58.325029457160561	0.98755050296957425	3.565226697382224
57.989631953084441	-0.54159932157482338	-3.5392253542409211
59.289128983705716	2.4533190553517752	-2.7181150941562451
58.315629630192504	-4.0823739235211427	1.7617296443953023
59.081530567720122	-2.9981359151088851	2.228360267157242
58.690702405432141	-4.1680279936107256	1.4117362665979469
58.207951425734763	-2.5050599305456873	2.7078595352148436
59.319478229482684	2.0802200196270966	2.9992548256292935
58.445035006469382	0.35762094487636659	-2.8377498751507528
59.287724154544506	-3.407324418596096	-1.2813802806205059
58.301789370731456	-2.9151056931303869	-2.4477505361859917
58.865913090442426	-0.37724924507994817	-3.6239940290903516
57.670856765689166	-3.121553769414553	-2.2309906111254656
59.350085159984083	2.8801995417070354	-2.3773941897084843
58.940062087565998	0.46536573863374348	3.2589816397273985
59.4053597542446	1.0916248793309429	3.646383026681415
57.578695476481762	2.3890736748817103	-2.7042739782231524
58.896109891112708	-3.3270836585040877	-2.3538624126846415
58.832799950305379	2.2955305608478125	-2.9410071592842848
57.673961062444398	0.3359218746814806	4.1131821971786895
59.137446704535648	0.89902305147508565	-3.9795751827129981
59.052061422060341	3.6059676245641334	0.89769833668445054
59.438113827765065	-2.5468024277719432	-3.2518876280377196
58.221714377019254	-3.6569810514194119	0.92262414398141857
59.448474259245756	3.8256287158727353	-0.58469520087537297
58.231470639601866	-3.1624576831203894	-0.013380868525311946
59.214846664384417	-2.6562509749108023	2.8050967665135178
58.634986783012934	1.1330417684436009	-3.8439541028943509
58.54184124323119	4.0441088329093047	0.64488706651095951
57.85256369887064	-2.9013593596826994	2.771049596737087
58.901257762197304	1.6260459450239453	-3.613321526331422
57.901807592355155	-3.4774277661521888	1.503509455847416
57.684556427683134	-3.5905047660441038	-0.94426511879628972
58.2184240649256	-1.0786631267952864	-3.4269830849667646
57.790322097553116	3.8592919244605337	0.6871072905458282
57.831664315281529	0.9174424919507993	-3.8476341230907565
57.647106588762924	-0.81780713926170545	3.680754243328193
58.717777620675449	-1.0106627602504894	3.6429829486691454
57.875156187491541	1.2663524131409576	-4.1342392124184073
58.634658440019649	-0.59137567893751786	4.1087110930105419
59.2462488407647	3.5122840189712763	-0.42116995137653018
57.998067142736666	3.7663622203762666	1.6455227254155955
58.375266659357287	0.56252330391105598	-3.3616971031544072
58.846835784957435	-3.0696117103919511	-1.783675869262362
58.503640627873935	-2.3415832147589071	-2.1963725856484024
58.063147775773778	-1.897377106472532	3.0602339113027961
57.914972327218436	-3.6016339302341853	2.1639812843191661
58.424708145353925	-0.87015046369292792	3.673941208468285
58.312435200026165	3.9158966088393079	1.3342198195316028
58.230490616173412	3.7256065999676427	0.30052535968137994
58.487766502751938	-3.7926401770077272	0.12525668261878878
57.680049306302642	-3.2178460544961829	-2.1182681837913124
58.827156791678327	3.8635969901792908	-0.81241195880886352
58.85397869908951	3.5088332168027212	1.4111697357495996
59.441605116928386	3.6316055255969153	0.431477918305187
59.212493565921115	3.7932480490418574	-1.4898245445419374
58.977159908481013	2.4193096654954958	-2.9029959240918215
57.859157170615781	-2.9107716369943719	2.6030881420992298
58.406886768550834	0.90250211537373282	-3.2050979599045979
59.300214823857154	1.0972486600970592	-3.6377396602091991
59.014266000021379	-1.2911881143235477	3.4650850026393667
58.642081814711588	-2.5214481588982629	2.2193238913486968
58.64535649033165	-0.0048902146820078516	3.6969380587677416
58.071179061096167	0.84654493279462251	-3.9976608561800102
58.15955934971543	-3.2043510407224547	1.8488207100370966
59.110422130021469	-3.7796543507396843	0.057378043866320595
57.658430570182674	2.92337630183534	2.7251870319779843
58.470637914073514	-0.81082905579906439	3.1158192955275164
58.770098666636109	1.2699719675977996	3.4201089227897219
58.611604970127146	-3.8438894395956344	0.075846348878305658
58.759537731213662	-2.3858149030569238	-2.7615593303253236
58.53509709037872	-0.6377869532167415	3.5224234971354198
58.717619203063045	-0.46199744294895251	-3.8317071181727966
59.029914705518479	3.7970549292069999	-1.5200125526884067
59.449869729418154	3.5635855905635965	0.032412713765060483
58.380693427531654	-2.2949396790194863	-3.1384549977774778
58.2804923607966	3.2385252561365845	-1.9898156751376974
58.452586506217443	2.5304547484988285	2.2286675613815063
59.051695845203255	1.9815581567989673	3.4805354570713529
58.680523440764517	3.8745505367653679	-0.39803124517081995
58.965760897415933	0.27994902171723812	3.7551782043430713
58.300407488067272	-3.7346566877624574	-0.0074176049896669885
58.399140348648622	3.7952081898810932	1.3456944139245177
57.901103429204618	-0.35277128687858178	3.8788979315882628
58.858662124076275	2.7146260725572322	1.6636592868967932
58.366953079152829	-2.9058577803839234	-2.0824730687688491
57.451742416841483	-1.465401346102803	3.5598199589240758
58.513360922413845	2.6700310271608778	1.991992196496414
57.983288330197169	-3.5726015358944978	2.1538682708377039
59.20500688811002	2.7740735691178027	2.5948748161646686
59.252605530555734	-3.6490461672623589	1.6676183019008246
57.618231892434117	-0.97473912885673764	-3.6018032670578544
57.657973354279612	-2.6319483726131372	2.5434660845849919
58.278976494235337	2.2001999890623143	-2.7162553743412494
58.740251782856092	2.7883061453268945	-1.7425865379985797
58.595354865719301	-2.9517261231106358	2.3675231031039909
57.738636791149617	-3.6388109552632	-2.1908844654290527
57.91969496263323	-0.88510760347772677	-3.8747371808005528
57.988156186413732	3.7821383329891622	0.57282039770446924
58.87496865460519	-1.3850413260946544	-3.3839767755677688
57.775075322122142	-0.86867211443692516	-3.8499061927098297
58.844161326678297	1.668683871507701	-3.3404782690882966
59.304910774785952	-3.3337513164230912	-1.8780980831866636
57.902727966076164	-3.6696346575696235	0.99914115982237928
59.23319337976973	0.91828138344929167	3.1011196546708755
59.230543037870547	-1.4816822310765632	-3.3397511796764152
59.329203571547559	3.2596731460501784	1.4961309270211474
57.723393635667897	2.0982597186598011	-3.3902941706031759
58.29451957364909	3.3703837840201478	1.1349263544273704
58.866665261142437	1.270960050706746	-3.8437827932744586
57.949525451502844	-3.8587890734395445	-0.97906059647153776
58.860842459765195	3.4798431897945727	-1.7881260984844931
58.204017618725508	-2.8928478955976717	-2.4932630698711438
58.150820630451612	3.6364984378434322	-1.5638680443451896
59.33567938290853	3.5976009379898799	0.5563837836285106
59.388985181601846	-3.0845737855828665	-2.3650692942054508
59.400030704610145	0.54482533247604104	3.5673990432214016
58.380246709256376	-3.4543290527395238	2.0288254602647986
59.028026888576548	-2.0647027417210539	-2.882171724469587
57.979499414250881	2.2569732163781087	2.675323610598336
58.005910380381778	-1.7305004994997322	-3.3869876434910022
59.166118792357913	-0.69125544608476841	3.797108929884554
57.681372255413628	-2.4879278391777517	-2.9446512789991703
58.01206194052871	2.5304008312817596	-2.8474351669012248
58.248232078609021	0.5320924497705336	3.8083349283008747
58.515984891822718	-1.9511103212378549	3.1974688286137201
58.927727128403674	2.4918328197951536	-2.3664261714653745
57.522887347404748	-2.4652017841227472	-2.8136827690671802
59.108219670950916	-0.74357479780079616	3.4321635728671636
58.411031458913001	-3.585739963523241	-1.5702838580301521
59.442950948061572	0.75811867942273559	-3.8102172582194376
58.627449716467282	2.4298587802365117	2.8742212121091484
58.307270774054643	3.5597301907080436	-0.34104956049389529
59.436929068151933	1.7891638913845338	-3.3258856110666732
57.692847865202083	-2.977772590076404	-2.0978533765606295
58.210920249766318	-2.7658105220478824	-2.1723371143924246
58.223725589785268	-3.0768433369454873	2.1808968995964957
57.625487026654859	2.453212429056467	2.241020497547916
57.940619461396018	-2.1598021608748863	3.0738659372410804
57.793960977663701	-1.4500281355533531	3.4874968016573669
59.367267260244255	-1.6918423439591468	3.4055481913191827
58.141403344773671	-2.0355503299296576	3.8211730979211977
57.727803691882222	0.74577174240759658	3.2750509757772019
58.594831634908488	-3.27247637668841	0.89187782031746921
57.673553045855719	-3.913332999995176	0.84068759931549963
58.219569986652104	-2.4492139963038349	2.6098963516587559
58.421641210931718	2.7299359555484428	-2.4394668139497666
59.112913463504086	-0.32432060701318161	-3.1726065266348065
58.599985902492534	2.8616119541152152	-2.5969813441846403
58.06337133043381	1.9671367630095624	3.2321010552425378
59.144312749015526	0.23188937932271192	3.3323804126660894
57.88102213247042	1.5254821599885147	3.5606024708670256
59.271705879934231	-3.79451680261674	-0.21996673971607553
59.276602493729705	0.45336303820536517	3.4701191346805929
57.571025414092297	0.82755714305710637	-2.8819953500343405
58.472290772174581	-2.7704986194211707	1.577088422676989
58.046116038465044	2.072588078974146	3.0388430859955036
58.744392711653866	3.8200000012940079	-1.4838145949700678
57.649920854991137	-3.4755599901359702	-0.52663669120557755
58.741735977547251	-0.44868366971974993	3.8873065176670147
57.826076605453345	3.2478124593682289	-1.1447654396202962
58.20331584745383	0.8761633026252742	3.3060603857857509
58.867432532570554	4.0056451142981295	0.6910375710329455
58.265573625578007	-2.9172556359482438	-1.9668825459397246
59.124940396474791	-2.8252176386784082	-2.8700688136218173
58.89560482520951	0.650528440118609	-3.4900394529045591
58.578233409320177	3.1997678457032741	-2.6428027080023639
57.88319417996663	0.57936042331761206	-3.3444412708461462
58.92944767960374	2.7711895398528035	2.1766502579218003
57.575243790761689	3.2022097778236711	1.8740894148799399
58.609678739997129	-3.6215483322249424	0.3752009568088473
58.827457350839879	-1.9833995704361858	-3.34592207007895
58.667855961527941	1.8969650359225936	-3.501115884421413
58.33996313918631	-0.69879440533638704	-3.5092510148467708
59.35285868850724	-0.74468895012980663	3.4029554480130697
57.684347588097047	0.79365209602855735	-3.2618797819092742
59.148614548146334	-0.67956915562269127	-2.9111323800930529
58.10794284653069	3.3980529818245349	0.10752633214331699
58.209119104350314	-2.2784966416721222	3.5587464539340212
59.140694941079879	-3.3211805683760875	-2.1347947804129315
58.346327662103143	3.6105923794220782	0.9686360288751229
58.10976463100279	0.61067513952353358	3.5876309593108879
58.53472466355295	-3.3496471624440973	-1.3076776850896252
59.092809199680396	-3.9850881200862069	0.90216696070504221
58.803814035569104	0.69234987681301463	4.0282169632482203
59.051321624461259	-3.6363759562784135	-1.0743624757220673
58.858109507514264	-0.75826226330586743	3.3025360100897254
59.209237546139747	1.4430373928700704	-3.4492401659852141
59.34253947365422	1.8852229325439172	3.0635901663958856
59.004941804102224	-3.5654595800627025	-0.92447824112257004
57.820971609040328	-0.64229927741819925	3.5283317984902354
59.300945342750694	3.4008461663848637	1.7370249073162014
59.040382391589937	3.303845627631008	0.82787706135269412
58.999165162762736	2.5673639581611387	2.3920282343465393
58.733019802434953	2.1537088591452229	3.2309365787673237
57.934646447790399	-0.79618865864283639	3.6278890907027543
59.348052343595434	3.5861634260271971	0.19745597118857802
58.79456240976134	-3.5552302247615533	-0.14305317534855391
57.571321713480515	0.088480230566596874	-3.846695177552935
57.955347639267089	-3.4914485717548311	-1.0270240425763655
58.455110049145524	1.2027588229866404	3.2706449467656054
58.087257791189579	0.88593968529292999	-2.8979072983643825
59.006822421656956	-0.55170847853537064	3.9070233169222193
58.495494197323957	2.2279485403226742	3.2707404592600682
58.975289731939974	-1.3162918089584108	-3.2102307766301181
58.864070707383661	-2.2290448352473695	-2.7662045347266133
58.264790438694845	-2.0640813434496752	-3.1419031810309916
57.877148217027212	-3.1118514218421409	1.4052800350224062
58.253044125131545	2.0223324000323455	-3.1921320498330674
58.746483473452976	-0.65236768254091049	-3.7288436462487322
59.578113765062838	0.71166016397517162	3.8425661035097969
58.961168040806299	-3.6926306019198369	-1.2843635374245648
58.097927784511434	1.5225898809058689	-3.3298661347182028
57.878922768444703	-1.4119474545855373	3.808296065932371
58.649314088845344	3.5490296942319794	2.2599687983262666
57.740183194061508	3.2328124758062873	1.6859252600098307
58.724011381365123	-2.4810417243765914	2.3420794476805593
59.152174065817924	-3.2247665124293947	-1.7991880883320712
57.870857620710346	1.0117855703714385	3.0207487948189349
58.75454778503002	-1.8966696681877968	3.4610219172568124
57.846145952442306	-1.9746628843234892	-3.0237525995165839
59.293224750827356	-1.7468578167140711	2.7547819236637396
58.646491714082721	-3.7551253098306283	1.0971291299393855
57.664476977336335	1.110266923621406	2.798399031601583
59.075946172426207	2.0830742019587372	-3.4347886269210379
59.316865753186924	-0.63876500480124399	3.9135563331285095
58.739480342850861	0.44829159388945061	3.7564921248592293
59.051271759490518	1.7991270002263955	3.5374977506688312
58.971841915284223	1.6398373778061563	-3.6862278772825081
58.309824855647257	-3.3851555499910768	1.549862055542691
59.475762307618844	-0.95195650822540245	-3.7383707275597224
58.260473090191645	-2.4713849218149009	-2.6035827827672406
58.507861332799756	3.8675304159544286	-1.2347527211029574
59.215773811851804	-3.9441876956595756	-0.13034331626316981
59.144870622116272	-1.5784956995657069	3.2556003226081245
58.804653246413167	-0.80953143941131911	3.6366228885892653
58.476706529757166	3.3196304516758244	-1.4571591786409526
57.634919003731568	3.2455965177026287	-1.9290013554281009
59.177304369973278	-2.8117034094649349	2.6286474896496768
57.702522380389908	0.36169503582937657	-4.2197018900495777
59.291412493752745	3.4160312269251181	1.5788549122358588
58.755774594708768	-3.6221001026950641	-0.93272429576489524
58.618934694014342	2.5795741145223965	2.7695192597522422
58.969042130730109	3.1123931131979123	2.5034619123410784
58.5174032279198	3.3447524963610284	1.0773064770104022
58.172819088134254	3.5984816055300675	-1.2445513572154618
57.681125128272832	-3.3307407987303841	2.3325038712771358
58.036020416122959	3.3653917476876236	0.67201515452541027
59.17721943582	-0.0094371626490976877	3.5853183687579162
58.094841237889902	-2.5316412881390513	-2.8892149764778856
59.270972506831896	-2.3627376282553674	-3.1206098968113225
57.742894209960568	3.4478054501424089	0.63665366098155518
58.481176402087407	-0.6299259887374612	-3.504017784242297
59.234302385119605	0.78292118263131416	-3.4223796034392406
57.944511662129599	-1.9004331374111574	-2.4170359978903115
58.758964312047588	-1.2160571762713488	-3.6584611849962596
57.804336307841403	-3.0237006747203257	0.60471272854370972
58.745001106585427	-2.7475455124600967	-1.4996047191376489
58.786308207219591	0.92985327525308636	-3.8068157241619782
59.199514419544784	1.5137819108656769	-3.063974367004429
59.188527830471465	1.6268392915568963	-3.1912190508507434
59.433457663745628	2.70239371307634	2.5513050684193805
58.034398595454704	3.2844950077448543	-0.48015021253458884
57.680863188538581	-3.4699276665387901	-1.3771355929436511
57.624394107415519	-1.3283025444333387	-3.1836171401461928
58.871865654055398	3.171877028828614	-2.3798843341309031
58.506028973980513	2.8087745076942228	-2.2700257578879399
58.373560998411328	-2.3210077275877028	-3.0835217601370615
58.391099293217181	3.3894663638730593	0.027941804796794447
59.099215495423238	-0.21242397174645267	3.9390696521328699
59.23803129107128	-0.040599163815146742	-3.8299046620491755
58.493789424849275	-3.5980913816175972	1.5684116110134241
59.33549951821287	-3.5949579906852662	0.72506707311996066
58.742407047461235	-0.19346951734219187	-3.9253376725626872
58.489309975594743	3.272605294681028	-1.7805826130146327
59.035469901006174	-1.8935320237913364	-2.9937161547839901
58.823024019218536	-0.68103464200143704	-3.277559786904094
58.137762098754386	3.216924575725661	2.5361548154586377
58.089152818072513	3.1202198193600035	1.4303921532056481
58.388800967894994	-1.1322293731909114	-4.0378928856118419
59.361312407512933	3.0315187377570423	-2.0412829283708662
58.00931141931229	3.5142096642510756	-0.39534905759803413
58.97069401791839	-0.65738487364047793	-3.5591925240971491
57.839787978399457	3.2579464638023992	1.8782552664641112
57.52314504473383	-2.2588860610385115	2.8883444774040306
57.77778652644745	-1.4711145695278185	-3.8083858929036447
57.947841867810681	-2.1609235244986	3.4832309366062768
58.098939951008816	-3.4702014396062393	0.59982206469771226
58.563595247811449	-1.1202891060350928	-3.9472175367368627
59.00274822237315	-0.17200649133173215	-3.7568626934974088
58.666341959924509	-2.9196027436052487	2.3586180023017977
57.979132371789511	3.0178436464326497	-2.1696448077618204
58.203956615120752	-0.27364420717454074	4.176659875502839
57.779855476513674	0.78530301547867631	3.0207699671962964
59.225572212523154	0.32960255724856374	-3.587493229616721
57.739803411796139	-0.11212841904559152	2.4944890371767112
58.319083751155809	2.4304643009016247	3.2670487785619469
57.945389530577508	-3.0653488838867315	2.0134722180981313
59.593275532873236	-1.2441193729355626	-3.549556531378621
58.327957176372855	3.1324431125469614	1.3898343792639649
58.863186425396869	3.5961045579300084	0.24193441225204382
58.974827569564972	3.5108481126764621	0.97563368908288428
59.380191644411809	-3.6288019385958572	0.6388257704850846
57.452504362402536	3.3504893103679168	2.4269531167676672
59.073877206684131	3.0418921625334625	2.2231035963244907
57.672721476677289	0.74997347457440089	3.8278970766160212
58.993926951013513	-3.5598940057250812	1.1457945008677948
58.358356704929399	-3.178913560733605	-0.039541872139997165
58.803373390641994	0.536247348301924	4.1001889304745944
58.833791849305022	-3.8302123622645974	0.81742764931240153
58.361670457066637	1.6458999077644774	3.1551747895723041
57.920382838853008	3.7497105884198891	0.41242094360603559
58.676185013744679	-3.9764516168181117	-1.6084179738754507
59.303947645645003	1.095550673256406	-3.2550898893925164
59.366060017591451	3.8095517816138118	1.4068332735530917
58.830143678083139	-1.6192793143423643	3.0974676863249684
57.959576337992175	3.9555236197408172	-0.30621841108579168
59.116171410100193	4.3763618405299534	-0.59937179656672834
59.505642955144801	2.5071118853992584	3.378103115739731
59.209294838405633	1.9495247506960744	-3.1747080951554678
59.147291905046998	0.54690709662872627	-3.6758187540750935
57.66823085451928	-0.31048924242075332	4.0964431801657621
59.402301959755334	-1.8271993203712891	-3.1814128230482726
58.484463761264578	3.6397689644827413	-0.32491018252434134
57.947508628105069	2.8325658229128425	2.9906447010207904
58.579713053343013	2.9740412344502349	1.9937201379176812
58.17125534646123	-3.7134330581599624	1.9840238254461324
59.178835097237744	-3.9235683382934425	-0.70941228230558762
58.757547391752446	-3.5301109753838458	0.72188157629733551
57.982173011053241	-3.3113127956502284	-2.0157192460768267
59.049647212696264	-3.8835687046948828	-0.73136778090181254
59.389182688617424	3.4053208708607139	1.231315271891205
57.733142444410767	-3.3866320488204371	0.22198836670064237
58.745083768247035	1.8664324982558478	-3.3401317610510488
59.219469119526735	-3.6347267522944362	-0.48963520726761511
59.131948385544817	3.0998424366075925	-2.0210769187461497
58.012948572111497	-2.6649514964545151	-2.2930645945242794
58.59989578544215	-0.5459994188250169	-3.8745316109566779
59.096517200997162	-1.8183962744452611	3.0793145963206556
58.553591286085904	0.40310712067892635	-3.5873458025084619
58.152579706064401	-1.6491972998089364	-3.4087724648593993
58.622791939812785	-3.3148334020879386	-1.3437318195278958
57.821157283243181	0.91072927469292653	-3.9331271192944244
58.9596871963872	2.9857487284475384	-2.3936787012103591
58.405707684898324	2.3551546253176445	-3.2385668927453812
58.945141694029772	-2.050783948776584	-3.5932161089158674
58.144254421681367	3.6673803655830244	0.60871924923924803
58.899349755662953	-2.5310472031947735	-2.6522484221115712
57.810519300503664	1.8982126149462573	3.666588113901823
58.188680452559367	-3.1036750788738963	-1.5427614952991635
58.718410850404553	1.4928948495020402	-2.7466642697276007
59.230731177576715	-3.7422778466881819	0.28143904261876262
59.455264288111103	2.5795746858870503	-2.6720880317364295
57.571375057312544	-3.1065126627332549	1.3343132578465473
58.24804320156661	-3.2714800106294795	-2.3288443133845114
58.664402814397995	3.6475687292820287	-0.74350750090369777
59.153116290848814	-1.0044515242970449	3.506342766839623
58.791618542927758	-2.3474652049482669	-3.4009935121647947
57.861138581966557	-0.15240894864057256	-3.3830644552963696
58.25215367051532	-3.6480061549122129	0.31325658828635489
58.500617097789579	-2.0332258080198984	3.3630308978493182
58.15885884372117	-1.5540587837360649	-3.4793388419401197
57.831310162039699	-3.7898203294355883	-0.38803278255069068
59.073328187139026	-3.3635031797532182	-1.0035206911773773
57.801230863108273	-2.9100567462375508	-1.5831001563651523
59.038128460555484	-3.1917333433118684	2.1500512279130697
58.844464975330951	2.0335510151154668	2.5094349665315558
59.055977352192322	1.4280818317621142	3.5063715202278445
58.044877628116545	3.0649091219525313	-2.1270416971903265
58.840016673977303	-2.8551795352272942	-2.3654336851859505
57.867065854897788	3.5701378858808366	1.6710636203793992
58.678164420667137	3.8430992388977101	-1.1188051164390345
58.912610934784006	-3.2860545720152521	2.224646639096282
59.203541834426822	-3.9589025831820339	-1.7102847436442692
58.961342917800742	3.2610329588032592	-1.5811457629657706
57.723898579190269	3.0793916433757524	-1.5405867438211578
59.169512899736731	0.57763001040437811	-4.2930887071108055
58.215332785108124	2.3563373752487138	-3.1703559612282191
59.277522965582271	1.1287450199293805	3.6403172197007811
59.316961495030142	-2.4585395274270212	-2.7322288360945168
58.749236830076093	3.8376838586788762	0.41006748550524391
57.657744800770764	3.2297787401534963	-1.9891112465050684
57.574337486325298	3.7817242278631165	0.020825808917402322
58.176441537961679	3.8030393945041565	0.47173656657022711
58.61630101017208	0.65051970733653597	-3.6196091690405856
57.9272921873158	3.2499148456076643	0.59026489121410308
58.71207655557766	2.9413726975801047	2.356445197491166
58.908483715465273	-2.0201431911298195	3.1473583770052689
59.256158698323063	0.21748801715059343	2.700570329103424
58.031457324685078	-0.44569169585497809	3.5601799476064695
58.766029016260745	3.7869307031588244	0.75819775553073587
58.95179182948737	3.7447190512420585	0.41332130132318257
58.031787046478662	3.3064046973827121	-1.7997886207323941
58.316533683028233	-3.7316214509669408	0.37907146550788551
58.032421249461322	-4.5782069908291865	0.42954197293034568
58.705925895568043	-2.1087781152129192	3.1076919121034376
59.404872779040716	1.3442689508214578	-3.5266810916804103
58.344850718442139	-0.22266752113860203	-3.4504652951510275
58.273013271577803	1.1280429342209828	-3.8538213000076351
58.3481966016098	3.3971288175781624	0.5545414705688525
59.423547559624382	3.9362264390593986	-0.51074538330409791
59.495867977931056	4.075891256522886	0.75458414640990223
58.883334941997994	2.7340446020635185	-3.0292181878822926
57.940098197185122	1.8844766660971373	4.4825461052757785
58.302452451617782	3.0120530471476132	-3.0443937219693655
58.066849785214956	4.1565815424006223	-0.435074021655458
59.390202718834516	3.286143434677085	2.0257706166416756
57.784169896388619	-0.22652108544851562	3.782417667048902
59.212375900749812	-0.73523400683986739	-4.1119965906514491
57.625954326315821	3.2948215967550434	0.94151995892958262
58.527905462107441	2.0280020757441961	-3.0532794972948283
59.348184319857047	-1.0217378181442955	2.9968939106245744
59.093644902832075	2.622460303666454	2.1498490714692142
58.929033964476488	1.4269882822609015	-3.312523151582393
58.630298529226643	2.2995578296515244	3.0122501767425431
58.966427929320687	-0.84955965852069149	-3.6308690943450443
58.269904962665947	2.7110934344136131	1.9298075019765166
58.187371763574582	2.7019794684033891	-2.0525314641009764
57.762926755499059	2.8238396769706715	-2.3501800877567662
59.005148389400446	1.1008838003161336	3.05900291677432
57.689592840575244	-2.0017915109770468	-2.9074754791460835
58.180705032280891	3.862582492605438	0.12177829310447635
57.755803858732257	-1.3170085768700446	3.7110369731633046
57.740616223590955	2.5334155746215363	-2.2803683756962609
59.159094695574041	3.6796151558626469	-1.2112459440825165
59.178045925770547	-0.8678943285877978	-3.425483765188968
58.459401726913704	-3.7461676304607741	1.7941752070111798
57.575887167994395	-0.8318237946937217	-4.0782238491723364
57.931904478785818	1.843131028512776	3.2622355401474787
58.834705263619981	-2.3456276982515685	2.9061231270520036
59.187333422763814	-1.5413365408207544	-3.4331856815175272
58.587904167167792	-3.448367356176131	1.0970908050854726
58.727785036277339	1.6241741849171063	3.4127397401817601
57.981434877256341	-3.4740631053733364	0.028767014252702023
58.94309328232594	-4.0485092799829268	-0.015951826728568604
58.987676495172678	1.6398867606055101	3.1865014300960444
59.22461494334064	0.39764799480567042	-3.591473710744824
58.54688369834696	-3.6258346865106805	1.4498647495135881
59.072139566822877	-1.2952307431592311	3.9832662582928542
57.722663309012496	0.55389790379352921	3.4264925991779775
59.138707588660147	3.6560795481563435	2.0527407245274798
59.391158678739188	-2.9517288677911062	2.4071889642134501
58.757865019125958	-2.4035961620670041	3.6595285275327187
58.126082607809685	3.6209757848790414	1.1150035912984946
59.025820500918996	3.8084985903489175	0.39097598629161634
57.582326559497183	-1.4257664342501548	-3.6193673712861609
58.070938013212142	-3.8853502725874094	-0.26227903416357429
59.465763486432586	3.6683919996835219	1.9278735447280733
57.805957841142209	-2.5270372493146942	-3.1917497758518572
59.003491528680634	2.2726061167322653	-2.6276557234985458
58.093209691066448	3.1369638331863747	-1.0438424971367919
58.572932636026181	0.6378942491398879	4.0426415637541089
57.648788259476177	-3.796636458970613	0.070739571597933384
58.769658450713123	-0.29120962120948879	3.3619626421171183
59.082547565471344	2.2758712415882765	-2.9551175244680374
57.94419943025062	-1.0294316281793376	3.7329571807315607
57.765532412751874	2.23836151719525	-2.8712714971529096
58.434513246833987	3.4311276634391508	0.32909003890404132
58.706236763219593	2.1360255230847298	3.0453364936460159
59.290815570198959	2.45583042476312	2.9493053314030409
57.989735683607172	-2.9144071252790789	-2.6401892490828685
57.714166089207978	-3.0414408740917604	-2.7078274142998646
57.947180690527979	-3.3433122270268552	0.012573789599873399
59.227897282972776	-3.7369010138351868	0.41214238548751841
59.234203644275659	-2.8522090526954136	-2.9972245120596912
57.921529646597719	0.33047565791772676	-3.9234221679118413
58.470292261578138	3.3878021068030599	1.4347991537710909
57.956264301202751	-2.3852691531084553	-2.4252201450978061
59.077623884510629	-4.3140557894450131	-1.0775858652573596
58.474942450532325	3.2777908478814619	-1.7847604982807372
59.297478273194542	4.0433791432228325	-0.25330520218234071
58.779977184502805	0.58279245497416099	-3.704651216245209
58.012703525356841	-0.76491631269192495	3.4487568713928676
58.831812934218199	-1.8454279504139821	3.8684566288946023
57.892238093007656	-2.9443418382131532	-2.4798251032293983
58.461738606789439	3.6565425963083276	-0.48082001644555222
59.438383279164761	-1.9652951465637014	-2.9451394048012123
58.763826246274	-1.0298066613223433	3.1258632301634934
58.388071409693168	-3.3706992851258208	-0.15276803717639015
58.890230719661361	-1.8033216300841415	-3.3902737328702202
57.614751189277982	-3.3576712827509692	-0.092647406933024465
59.596812093345378	4.1559513506068244	1.6986517559233039
58.835078227949438	-3.0323333438523687	2.3045121375008817
58.729254929619273	-0.67524197703539646	-3.4266474094415069
59.380278821554114	-2.3164336873529967	-3.0063478874596594
57.804022540276364	3.0899011208288654	-2.5216838210447707
58.445103512323826	2.1242581189765355	-3.0091746799750916
57.967083947076574	-3.738581956482625	-0.88411731405112637
59.096951517980848	-3.2524846623618915	2.0207767606542379
57.859814191352719	1.9050719666861065	-3.5327247569499547
59.509378428319899	2.5125332185830223	-2.7267812246993883
57.668650145684836	1.757072415559364	-3.3635920850388952
57.643571615973443	3.8884508836150573	-0.84822002848100397
58.999812293240915	3.3849564471948175	-1.736532734407179
58.325380216160369	-1.9773010287423602	-3.1320853715303838
57.935231812141438	3.1587705530939485	1.8772766757704702
59.052622066201344	3.4074691003791093	1.2967770165539072
59.181075669522905	-3.6729015663772207	-1.839795530830074
59.088976976696799	-3.0742574251505288	2.4086931752195073
57.706849424288521	3.5694073240394766	2.0244748709354674
58.270012406160596	-2.2415404098582337	2.5332861827670494
57.879600672154851	3.5045430146792733	-0.04497163382290837
57.956532754586227	1.3993872681747717	3.6345132082871161
57.872245149289057	-1.8814575621677319	-3.7248498075313199
58.935260206154858	-2.1965740008519217	3.2272765261680707
57.686540012883455	3.2847993405281777	0.27896520771583139
58.072734392351144	0.90939618053532234	-3.7592782387127075
57.940393111528181	-3.7148933449453305	0.015770406904656652
58.020945806348422	-2.0000106978796319	-3.3070663145202985
58.064375680518545	3.0237924482493419	2.1843584510804512
59.462531431864683	-1.143371047356043	-3.4487633015124666
57.955028890915614	2.8455605690383821	1.7991207943804959
59.044744718295981	3.4393396738630009	1.9393759770754597
57.752531312300626	0.31486561706731792	-3.6801340706933687
59.40711611365461	3.883557252686332	-0.61519099686746725
57.647112807603499	2.076863429134252	-1.8644084899699516
58.677526565387495	-2.8231949439679611	2.3106268375996732
57.559003683469875	1.193940050164839	-3.58838035096066
57.989448819628457	-2.566452519483565	-2.7440569682003995
57.6203258888427	-0.39471430232497956	4.1125362959446292
57.648563947366291	1.8164545608080922	3.2405698186236775
59.120183470828913	1.5989421854311807	-3.2218025801826804
58.209047673647085	-3.6319684234572009	1.4591099613403022
58.046499954171722	3.2231740438184024	-1.3347619105985873
58.205254576436865	3.2944745096492851	2.1125837147416058
59.289142442922198	-4.1354274120219037	-0.73595217580372141
59.278354859942624	3.4234265655179579	2.053937589035137
58.070140139798333	3.5776838823692092	-0.31526839939030976
59.062245517539523	2.4531577491455425	-2.904135856159288
58.634779152927294	3.3898823788277186	2.3207020044984907
58.368849790724511	-2.5168604259943534	-3.5644670963399236
58.856432463811132	2.6744974706690368	-2.1932642751188038
58.618623830990337	2.5177258546945591	-2.9879407109358849
59.242526934949048	-1.9670074755882325	3.36028872989026
58.322365611695737	-3.2806546412737227	2.4642113951578786
58.467466451209553	-3.156190836151032	2.6319809582576679
59.365759222615075	0.11635557058849129	3.3551748941274093
58.173887356611154	-2.3199499719326617	2.3486656968101913
57.731727737962494	-1.6868409496179373	3.7077787881707329
58.809393127208516	3.3080335210109779	-1.0997852567490638
57.602226499347701	4.1074004982260828	-0.38851983050620875
58.92795973591403	1.4178508304212472	3.4910889661135176
58.244366555909956	3.6458891120382182	1.4127286238897625
58.441577366926012	3.5777952717526973	1.2392044148282566
58.42618762497149	-0.25828873105360362	-3.6852544578409661
58.253520032879315	-2.9303024996971661	-0.33554463257173234
58.03518577198917	2.9738700168036765	1.8434891350821507
58.430684864184229	-0.3861101669484181	3.2420870718319961
59.267230856491985	2.3201490561116107	-3.1982213674969295
58.223729755423918	3.5456523547583774	1.0453780521046185
59.117414912828394	-1.3595653775101619	3.2547812127649545
58.01290413160573	2.771873617053294	1.9020565146049617
59.296292407460527	-2.7932484636426831	-4.8098531518583609
59.418302827773459	-2.8301406379092571	-2.6905513769999159
58.168871200335651	-1.213090887461558	-3.6900083850528747
59.218642031214827	-2.9239912000661121	1.2880722429391125
59.262602626821405	-2.7110768171003903	2.6832999897154437
59.060804968000248	0.12879155984727492	-3.9711357409680579
57.836831080513775	-2.2383053256796845	-2.989633315611993
58.440387819164705	-1.3950474660051173	-2.1271744498355667
58.26441206125179	3.7672012251095488	0.5096092471438104
59.108035604829688	-3.4393947089665571	0.77749697117367644
58.509698353763824	-0.68645691215134563	-3.6116414850639056
58.570125487459165	-4.166474436106733	0.25513707462042484
59.012176805164074	2.7185379597870991	2.1278281201478064
58.510399340279172	-1.9356661904000296	-2.9980644238938061
58.981481721734319	0.90672410811026238	3.7545817471371885
59.113956812232452	0.7116702938589039	3.7532338718047891
59.025911487604596	1.7545571532157753	-3.450739776763776
58.57766511408105	-3.5363959303844821	0.73777017726588645
57.918975378299166	-2.004913963949126	2.9117187147601782
59.476436666010436	4.1376461467618855	-0.27878362367062942
58.502694336840818	-3.1182979401951365	-2.3924596181341249
59.058736315943776	-3.6505797773798792	-1.3397482558972955
58.247086405078043	0.71015031108921489	-3.1985704392903593
58.054233343907505	-3.0136809535331812	-1.165176359410292
58.896770029815492	2.0188215063450494	2.8996807181744422
59.146372685959946	-3.461652502144188	-2.408693189525958
59.587383193913141	-3.0010218555898183	2.7461494937602993
58.237046582593692	3.7113821226794941	1.3260171221434012
57.856060360951211	3.7701368706730571	0.38351161655526206
58.597371275949861	-1.1807535816403503	-3.2851306453686662
58.262896050003675	3.3751416792847513	-2.8870028400255605
58.214919805203643	-3.4677425982451076	1.2770558710587474
58.227039980044914	-3.6338176486354237	-0.60816411176907492
58.487429328320999	3.0260594433899723	-2.4005898331256725
57.968491453289417	3.2706672289807823	-2.5503879411747006
57.732465648539737	2.8781254477300147	1.917145092122521
59.231176318430762	1.968597533207749	3.5997443258849064
57.820495931956017	-0.058945729623324235	-3.6462605951268752
59.245788822295189	2.6582529030688851	-1.911637789878168
57.655083974351363	-1.607195260503903	-3.2967545521987618
57.820714470626037	-2.5056494619367524	1.580908985959059
59.311350013883093	-2.2965999183785835	3.2993921508523112
59.368508701287766	-0.22828512709493126	3.6360666175744929
58.618533893113316	3.7782727242258272	-0.0390018235905846
59.085188727064335	-3.3558270089901678	1.5464063443655718
59.20411025740885	3.5897702813408596	-2.738204656897314
58.192661287310131	3.5860725485229974	-1.5937499025524817
58.325306245985651	2.7521904335593166	2.8410869733418913
57.849067895118026	-4.0285443959894414	-0.44754692353535269
59.254726619468563	-2.2654562357803294	3.2765537733123229
59.231521876879548	-3.9300355236823052	-0.29356970178424152
58.225675080816053	-2.2727052444177014	-3.6990979411609639
59.088582365263903	-1.9368407268109455	-3.2518470632733294
59.276468493277726	1.1019430054473096	3.3973543603665024
57.777068049789342	2.349303411150343	-2.0223629476347118
57.801077415323284	3.4623135621144696	-0.98320851165416723
57.988714867253258	-3.2067085720193571	-1.4788980406257111
58.770183117158567	-2.0950484076359754	2.7341195057045917
58.131332225015143	0.21485596078153921	-3.833094013151976
59.395221598264307	2.9591014741717139	-2.6506781362554812
58.683251201064181	-3.3650117793650769	0.44121856357083822
57.498779118331456	2.7036258886114592	1.8842499939914912
58.906200672462923	0.088210434893607206	4.1749661418323196
58.190139122736404	-0.17557231394679088	-4.2845856434711624
58.072038317500009	-2.0816392275341817	-3.1583704833390276
58.682828038096375	-3.9052434973776839	0.86612497166731739
58.7077781743576	3.646372672701919	-0.32475446952691728
59.045958411487398	-2.130460925177279	-2.7449484656854435
59.54290279627503	-3.0430357976597224	-2.9141353490442699
59.073835382693424	1.4616698503064907	-2.9557845790425521
58.243598332347979	-3.6325548098356828	-2.9104165099900845
58.942766079505077	-3.7046996123482492	-1.9593273980360773
58.561062931749909	-2.1323300978412325	3.2499819903213578
58.047633862078321	3.8501106818365272	0.61110763030422788
58.232987527396013	3.2223712028803746	1.9092835033024249
57.670841801978042	-3.1961164423161597	-1.6999195167813432
58.050199511766728	-1.9982864698727176	-2.7983141319228908
57.57985648684798	0.88910927399809425	-3.6609756047805586
59.121692102365621	2.4803610288370366	2.4352978987263869
58.778372294149413	3.6803520647166508	0.3682067391852939
58.489244564876927	-2.056040403250091	3.1401908476112865
58.32101975793681	-2.2281272929309122	-3.483163813638976
57.637616154613653	3.5393696479494459	-1.3095601418603562
58.360715946439029	3.5655642797904346	-1.5115702227310241
58.128322419305725	2.6546220995771952	-3.068694574522203
59.021003794075284	0.24361465071680796	-3.9824847557625405
58.545177066074707	-2.3141237422668501	3.0744384400165945
59.443670305632878	-3.5837762628876408	-1.7244690574924126
58.592677320069448	2.5407623540484372	2.8311486032188209
58.732037091813226	-0.43352020056502855	-3.9921348750446142
58.433403908748602	-2.8216171532118457	-3.6877523255112088
57.977497149822845	3.7668071989256751	-1.1810750926558415
58.706012831645211	2.8763541852294985	2.0760975870518825
58.453464386618073	3.5306251978808625	-1.4465017898053854
58.117233263891478	2.371512956456268	3.0113202455834078
58.360209327190972	-3.0983600284604313	2.0391397790264745
59.21611848895666	-3.7746558291073238	0.58287892185495915
58.608321620729761	1.1211164360670955	-3.6925598247333462
57.617619724454059	0.15057221327664214	-3.8136309903576051
57.982231848833742	-1.8366087336509509	-3.658413793111662
58.608490151928756	-3.5021404694328715	-1.0212092590831694
57.827937330435951	-0.063217237210839758	-3.5871533792573032
58.454408660740228	0.63088316885024331	3.6456671425934952
58.70311109409085	4.0686827609534042	0.47291116575354963
58.205429704807983	2.6116624259898535	-2.6967854745931583
59.224515210136552	3.1013256745050208	2.2190716556236025
58.94014656458944	2.4991124956406687	-3.2630167779815613
58.120529906959653	3.4586629001956757	1.7889581179109846
58.249563078411718	-3.0724598598628723	-2.0645605567971992
57.762209393332903	0.87468460036257623	3.6586822870742921
57.987090412888506	2.910507118525675	-1.9167690488537341
57.841803700059671	1.9656962642635365	-2.9322103251947476
58.530819622723691	-0.76944728284766994	-3.6195412734689882
58.425281894014013	3.8399568988089245	0.75496312656420672
58.445125291630866	0.011250318274020702	-4.3464471549610924
59.259932157513774	3.5704861315870073	-0.27542277244745478
57.747758719904596	3.2256767163675941	-0.88051319258429717
59.080274338917953	4.023529675253104	-0.50218011232930815
58.566390323247866	-3.6253874805759061	3.06406724395532
57.755796542872645	3.5019797461773727	0.40563371965062089
58.254362381426155	3.9023689442327969	-0.91654976338648886
58.248969491347928	0.9711116262142655	-3.4731881820745145
58.990221100172832	3.4925468492200142	1.265752929605036
59.283473095745421	-3.9088864819619356	-0.85125304599129326
59.435020714457238	2.6603541748409398	2.5793812881395213
58.084467321742238	0.1696541815080658	3.5952277163719319
57.834148889070057	-1.7985180824696492	3.5289645368796991
59.317546993591364	-2.4527874357483124	0.46048134684979719
58.477231641149871	3.829811000847076	-0.72563430115379268
59.369155679544519	-3.5147646804867789	-1.5515364341288609
59.051940877989139	-1.1715122533036111	-3.5471816904941402
58.399435776739153	3.8455812688655193	1.5809825070748056
58.33793734873538	-1.09951558822783	-3.7804992408334419
58.909758815652523	3.5690891796203141	-1.2754225101686902
58.791669860124905	3.66278957363527	-1.767352103042477
58.507589161595604	-1.5263197788621579	-3.4219742208474071
58.170221498931518	-4.0418387537597651	-0.48044460080145546
58.192676264830517	-2.0023507355158028	2.8059626806078026
58.62713811530859	3.0830147363210973	-2.0353205522686282
58.275355045333178	-2.8685939371053832	-3.0828990862332852
58.725581914711462	3.5442615090056244	-1.7724995110127797
59.289786767992339	-1.6753107161134031	-3.0653477803143478
58.706281627890277	-1.9811973048026521	3.3974934595870967
59.150599632260381	2.9437791082232425	-2.0934381569753007
57.683818722034459	-2.4603428612538187	-3.4616403844374344
57.960960585939311	-3.6796812428940697	0.66956052291191293
58.573388931667061	-3.6186676765103849	0.39704298988403336
58.150101667068952	0.43728607187371282	-3.9249619294631928
59.103815920246888	-3.7736494711470012	-2.3998761615557398
59.475955383131975	3.8285101519353546	-0.18208601136116129
58.126902978934353	2.7327643184523462	1.554879265485388
57.609908792286824	0.42114271522334601	3.5416945525502133
59.214867535172694	-3.4386539275373265	1.0377465531319658
57.993188156163633	2.1881742530216952	3.1027508475768344
59.169242588199829	-1.9552393850804881	-3.2509169006922249
58.771511959670953	-2.2747965630904194	2.7558494691523618
58.517779673682384	-3.0524782448124839	1.1712007569265415
58.281259540068859	-0.95797317973609353	2.7116002220994941
57.990087759051562	-3.6016077849169141	-0.44359857829958499
59.310640109647665	-1.3034287813181504	3.7111811041376317
58.130129514334726	-2.7036631932114492	0.44813124129792209
58.730302717229769	-1.4098538008131907	3.6423494300772932
57.795208491958171	-2.2990607920419168	2.9243268248457652
59.39792754792353	1.203519300336493	-3.0721721015459162
59.201850898834003	2.8459660741587576	2.7574416722551089
58.105347297978611	-3.7989757945926983	-0.85682512246348985
58.274159443791319	-2.4162748682884336	2.8373519538996339
58.785396904340622	4.0538610313211558	1.4288590472172598
57.996490214221438	-3.0097850989024657	2.3628931451817188
59.352914024446314	0.26392990978015157	3.5987165532729293
58.024667824363654	3.5280802823780237	-1.3912224546199774
58.631937097898302	-2.6476985019853707	-2.9953425215720983
58.439778076571969	-2.1432593639629487	2.7741382502352501
57.642594181022361	-1.609366129005285	-3.243815816574795
58.416712357095719	-3.2207622858397862	1.653131510128063
59.149135248662532	0.46594888765401149	3.5344512842539961
58.759898788434249	0.92580056021713153	3.8143924916371836
57.893790365031649	1.4212237644604779	3.3123635074576021
57.698939382173798	3.4564039538449034	0.94995043644980448
58.303823511369345	3.5537046286711536	1.9286636036146763
58.473353428409538	-3.7041965781607895	0.30762568386548939
59.003858274892025	3.715410852607433	0.53533418083000084
57.740368554011212	-1.7206270563870405	3.4415648161960299
57.777298695810906	-2.3294954575835272	-2.4911633359952399
58.444435059939607	-2.9524983958625097	0.039458549368260022
59.188589107930937	-3.1146509392055557	1.8601600454472882
57.638300524137705	-2.0544879720522373	3.2296980240249415
58.969142697926046	-1.0944576089846212	3.935648096843293
57.828593853487	0.98115619019137024	3.5224561815627711
57.61781139135956	1.3844902452103025	-3.4086007622486183
58.187641686409719	1.3454387051574526	-3.7872569990427647
58.130281347824109	-3.5725782321912329	-1.3434109623056079
59.315227782438569	-0.27471505909238969	3.6775596530213917
57.915534778262391	2.6250315884313271	-2.7253977487051206
57.584498260328303	-0.32288250804208674	-4.1226903757667115
58.02562314953596	2.463280192609163	-3.1030752870337062
57.98582393266873	2.3015170305347246	2.8688148381737335
58.766375911962527	-2.4879579101533689	3.6236098523309757
59.044288659570988	-2.8212039736940291	-2.5496181013382402
58.955142225940023	3.336896931747324	-2.1741107986975883
58.530367982772262	0.930340849377012	-3.7883051736863171
58.342590519636772	3.6099572108157054	-0.075385617686054437
57.725029727927769	3.2450979971174094	0.82159502871956935
59.013897155054295	2.0481255409695653	-3.4186556096520468
58.340387772971141	-2.2625754359960841	-2.929984508980263
59.144186563855776	1.963920329670322	2.9305301376597246
58.5975087989953	2.6152148107772568	2.8520809647005594
58.758169422801423	-2.666404529300705	1.4214127266090855
58.522458317013054	-1.5263923743428889	3.0645261509741313
57.683013557056107	-3.4515578570452239	-2.2538181685901737
57.898171913933403	-3.2494357270348444	-1.5662411315013398
57.87313963231027	1.2632860166908664	3.7071877650085159
59.207396764859148	-3.2930362160551643	-1.7143196016301749
58.266403144192672	1.0047586334239407	3.2951737013182543
58.999497060135148	-3.3691649113454578	1.4034811901082715
58.196632754973812	0.24744755418477518	-3.3300569800640853
58.461172152396728	-1.2501480141286072	-3.0512682824564812
57.878405194947078	-1.8591481039809692	2.7460366972811672
59.176020948687629	-3.2865943995898448	-1.886559481997117
59.080856141041934	1.816093994781641	3.4787185088160535
57.934707604615163	-2.0683034400511229	3.231634391905799
59.046456414003472	1.9539979237468315	3.3165228989800788
58.052675631863742	1.8199445118005719	-3.6136572532230038
58.650500889705718	-1.483893035686344	-3.4654922835140187
57.605613707082867	1.8098304481540548	-3.2008329573415271
58.157496329897334	3.9116347527035895	-0.46743123981365403
58.839192412927737	2.4504066085466962	3.1357169322801246
58.676781511617904	-3.1954065018224083	1.1658306788177748
58.180815189109438	0.26819005224336945	3.6760799701127942
57.422379026190107	3.999464697935954	-0.20054870482769827
58.173857172347709	3.1844136633133791	1.4548503563014552
59.023966876867568	2.7629960267455305	-2.2708226629831079
57.802050095496682	2.4783292562306718	-2.8565247739311306
58.973542036811772	3.6139809054900347	0.4412231072508695
57.657574986314785	-2.9044460394395237	-2.9526239541846766
58.070203636182576	3.7535236236589165	-0.85664209177545536
58.796236785497555	3.6817539144480733	0.25812502001191795
58.608063949200577	0.56500372651652297	4.08906327789028
58.787220835472624	3.8712624239305753	1.3249770728873156
58.129665834314054	-3.2643729459202433	-2.6748983553372003
58.42643758682604	1.7095418142173611	-3.2267425645316439
58.457037343417063	-3.3328012242452929	2.2431471065521342
58.232356515305398	1.4688866735823574	-3.3564023937759968
57.911364389060019	1.8086430709269219	3.1707678591552213
58.967451897145231	-2.7715486599161792	-2.7490266675939865
58.825451672641435	0.62933310065731773	3.3962529627168601
58.968488415197122	1.0397980590566822	3.7167137249943227
58.274268502313205	-3.6821465946622145	-0.81409612438312551
59.337469869906542	3.1716716699984775	0.13275750646123163
58.60761013077191	-3.2929274543389138	1.9698667092058608
58.015637510777303	-2.0025956682599362	-3.2175916549752754
59.11640484670616	3.9037731105087174	-0.26034488456784044
58.783157014493177	-3.7622788119336263	0.19517085423900943
58.184644830243187	2.4285514109742881	-2.8676066884126676
59.481064620515106	-1.2278424618963197	3.3566451839258478
58.467505747618624	-1.4601823663303439	3.3759285254861866
59.236157099371212	3.9474800474285718	0.11569237363815903
57.807474747175597	6.5623480933020417	1.3769260112496926
57.777498559598676	0.44792449610121476	4.0042218366950824
59.37345576077788	-1.0610519527257611	3.6606436913814053
57.531475735723319	-3.3929480229710114	1.9499168486015166
59.238185511981754	-2.8615606346768918	1.7491060900138402
58.710453812238271	-3.0241699546236243	-1.6995341600019513
59.274842376332735	3.0468216751680024	-1.2904215904002241
58.127134740229273	-1.2272166646303544	-3.9378077381328889
59.297358498917625	-3.6430882071190629	-0.75336691830718616
58.646690511626701	2.2772828864080616	3.4646719963053791
58.187940960509145	2.4792293830823549	2.5807317179485931
58.983619574298679	3.5463016251114632	-0.79403192579822912
57.84401159250676	-3.5203772037958885	-1.5164582934684769
57.740217694217151	3.8996808339874804	-0.65362190262454978
57.512987920234671	3.5713795932547199	0.36944064855191638
58.892730949459938	-1.6711520788498166	3.2445913175257997
59.320376962997543	-4.0402310782431456	0.13784693954845248
58.954205296966407	3.7192793609426462	2.0918194219657149
58.608203197327661	0.98335125401005496	3.9055664618113388
58.08239830512678	3.4956184401091783	0.29341734747691817
59.210340124594914	3.3166525053044569	0.5776116415426793
58.203674976240386	3.6177391988535246	-0.19445642476706215
58.413610836591801	-2.2512460398771412	-3.3177900746379758
58.725532915581283	3.35295303459705	-1.8069889817708178
58.737491336680066	-1.1863644887812204	3.8313540339120755
59.182793066316265	2.4449472057974755	2.4826923442280528
58.387996918462406	3.0758353452855713	1.6934257791926197
58.864348910436703	3.010699534834592	-2.6323758330244464
58.638619421062153	2.3412060693155539	-2.6876266018842512
59.202462909044918	2.1884227872591242	3.7932494588937149
57.679293363181159	-2.9247569717912092	-2.8009812622249473
58.813889083716646	-1.8378533386921105	-3.2348213129378642
57.842254297181569	-2.7694435060041989	2.8422420041706413
58.901115508185434	3.256057825573337	1.9353168868848365
59.444999499395522	3.0048254637915464	-1.6596105458038293
58.470449082495797	1.7314197840054202	3.0608498386038181
58.423742179639738	-1.0935428012954107	-3.8357505437392838
58.832800674818309	3.8044279578782212	-1.1009936624338605
58.6829848925737	2.8138778027321432	-1.8461927244188936
59.199279966501933	-0.98600213331954978	-3.5616802723769125
59.344052711722945	-3.813152822461753	-0.28924532761259952
58.421503118360306	0.02252293637096622	-4.6063893076498399
59.169024008777797	1.6488013398891315	3.2119435090394157
58.92202448870966	-1.7478850865851858	3.5677168238213559
58.048256135070957	-1.9871274029511172	3.0427576058988204
58.455143027494969	3.2162377889368869	1.5595514075497909
58.030881164969358	-3.2317104248056907	1.139054488516333
57.97993216991474	-3.8583945504133981	-1.505654773070654
57.627338708973959	2.3565790636234429	2.8448939876611252
59.12020061573287	-2.7627032224918269	-2.1495835662334479
58.532780738655731	3.1699110509555579	2.1718904460300834
57.753264521377034	2.9657028504829639	-2.6802841063224054
59.125771932772217	3.2041087264831254	1.5531229328774623
59.04035907029882	3.4862477671965926	1.9226943016277913
58.559159830316517	-2.1562295503747428	-2.7358474440083791
59.457661068029147	-1.6192981464707465	3.4152781416830824
57.964598690689527	-0.35587726252383495	3.4482534149802939
58.437523797548579	-3.2712745154214922	-1.4097299946912314
58.461106430070458	-2.5113754868938463	2.8446306934572183
58.334863904448383	-0.48963595399440368	3.6985282434664408
59.032863982627568	-3.9171665749820388	0.79982528802142527
57.662657165889463	3.3635456736536025	0.99640828527821912
58.659386099542658	-0.62606701886604987	-3.6532255709546404
58.415747757135009	-1.5908459461444087	-3.3195903325835263
58.53941970616544	3.0771402518743813	2.4235180886533629
58.971926817356902	-3.7008942491903398	-1.8729843978298255
58.223202172745907	2.8709940354157615	2.4593375162637257
58.846284030621511	1.9024377925957245	2.9232096619009758
57.998843404412206	-3.5135752383172583	-0.39022728043279015
58.260955922648684	-2.4760347320592109	-2.6323664115182805
58.450534446875125	3.8907821280165642	-0.6925090792130294
57.936148470680799	2.4818962334877601	-2.920240548933887
57.71180740585833	2.381226592278574	2.6127217899823645
59.301606428913153	-3.9399843799299017	0.23727430140550687
58.069806381524216	-1.8742004068585074	-3.2130868484994122
59.616338367144493	-0.35552967943847386	3.8144312545015504
58.910712541650589	-0.81902977306818958	-4.2433978010485394
58.354073845411797	-2.9878795226732482	-2.3215588781328811
57.588975746272219	-1.0713592400441159	-3.4688644290912696
57.94063064383311	-1.4120285300793891	3.5147689666486071
57.606002573226462	2.9817296331372622	-1.9955613710812954
58.40880413430019	0.33726618784375884	-4.2462339926852257
58.318606773455436	2.5557350013595541	2.1488507236535601
59.228665692695643	-3.6701506667679782	-0.93305049059313061
58.666166589586396	1.2290104778296811	-3.6992022636378459
58.420573730014127	-0.93229187510267553	-3.5946589716098702
59.020425852515324	-2.0831578088597276	-3.1209592946299418
58.322712685603221	-3.5861444420073045	0.2030138188166449
58.068948106425644	2.7255138683950357	-2.1856055616796319
58.763558437711964	1.4741127789449058	-3.2499336205917486
59.463382869526974	-0.60710507079343723	3.4509580957794688
59.016994390085237	-2.6722660076824418	-2.3653813995053516
57.97243584098257	3.9313787283727972	0.7549091725248801
58.165998104656843	-3.1913765222853487	1.1796692656977641
58.356534229323842	0.58155282362457916	-3.0445957338598477
58.270284362766532	0.94653276298792843	3.9190075104143367
59.557827491718633	3.971985159719909	0.092569885579095651
57.827635467009124	-2.4904518800495317	2.576967655237631
58.648442475752809	-1.7496044854006232	3.3549698348738102
59.177408848379109	2.9323787495701628	-2.6344761428820873
58.51046365483505	1.7370859110065482	-2.9947119254490064
59.055928693300494	-2.5914244861099975	-1.5353090957696409
58.32199198364092	1.3421070818173126	3.156714298020419
58.420278157989607	-2.9746750132506832	1.6008057248155181
58.576097970150684	3.2493117045294033	1.2870307632129319
59.170396810836628	-0.92254806998300809	3.8991731880402787
58.950787071992821	3.7662092426940017	0.92932676582984042
58.776845163781594	-3.5126661646806907	1.6593724317628171
57.632015577842232	-2.5792359269131255	-2.5214315020618119
58.587848934748045	0.63814512226005016	3.3968751487534372
59.285034395737192	-1.5541744294018638	3.2018473859990846
58.226337749950986	2.8357950604593936	-2.6328289144059451
59.174956105317023	3.3251694538473981	-1.4458407605437138
58.945949134734825	-0.761507544880071	-3.7547000526175967
57.908726960373762	0.13281727499341775	-3.7846472724112932
57.778681930220287	2.6932182017901019	-2.3145260910728105
58.176558886870893	-0.75175119782705235	-3.6557348821985713
58.679901429758559	-2.5561338526805675	-2.4302807714810606
59.028157244807538	1.6205013233742227	-3.1114995525107068
58.896484836365786	1.6042883706555484	-3.2123921106830862
58.619774959438331	-1.9664096104021787	-2.9947724107557825
59.137909321364639	-2.8938947448392964	-2.2755835533528668
57.944281152278812	-0.86631558218423255	-3.7306522917157272
59.185979115368582	0.25143980611355438	3.7075910417988482
59.326958735863684	3.1261313345443198	1.5806492391629676
58.153308592585198	2.0230572770374549	-2.6766299321394933
58.691507777856756	-2.8500553526539729	-2.5376689392603433
58.94333939751764	-0.72730085922038201	-3.5949438861346539
58.904846998411919	-0.73126940507841909	3.5492572019252497
57.792227963425717	2.3795870544061533	2.4480498708721856
59.502293903105091	-3.3778203892314584	-1.5538039676315527
57.866228561372836	-2.6499677497792926	2.0436207577388061
58.776425771272777	1.4991341041856023	-3.4513807910977015
58.108437664794664	3.2771238737673047	-1.0883582459613734
57.641903831946692	3.6454985404933016	0.17217001085532874
57.680685140252486	-1.2214680173546024	3.3833006499326919
58.087962043040847	3.6319480982811885	0.28316825920584077
59.200884511225318	-2.2129571398859542	2.5271817911617278
57.612060532182404	-3.3962339575362304	-1.6096426697249715
57.688261757286071	0.030426831742092503	4.1093541495078352
58.376267380527032	-3.0063601040544428	2.4371941992723789
57.724645355618023	1.0672539103445455	-3.1689135762746496
58.542169445343212	-3.7256323359543284	1.1036829161021209
57.949657045353128	-1.9903602189025145	3.0724939421098649
57.84192470317079	-3.2710556310125996	2.0256184955152072
59.398480065983506	1.5981434784178365	-3.1113885122111191
59.187522976499288	3.7788601018811381	0.53846865457426929
58.634619907981694	-0.309046451697161	3.4285985405521506
59.385611068916383	1.046833088073619	-3.5277780511587125
58.000170301018514	2.9548757732770183	2.6748789105847086
59.221136976702653	-3.744579899866578	-0.2305709254436287
59.050556254180556	-2.1887764707373307	-2.6399484551652401
57.824973045696559	2.3796535175029301	-2.6647613103831813
58.268079594728995	1.7187684045710483	2.6502238830456033
57.983723647841082	-1.7540236765790342	3.4783121469081935
59.130607934061672	-2.9485647267871946	1.7526710666049701
57.591892904299783	-3.8241841311074958	-1.4853313922233171
57.493235904439594	1.0015503501217755	-3.8753748122523337
57.72906526589874	2.6512973953197423	-3.2726723489631908
59.366076295545859	-1.8112286132490356	3.1790350238966227
57.898890042422579	-0.77601813097218164	3.7641658697935223
58.0606058453264	2.6713268289094443	1.9285639633864089
58.801482908620386	-3.1048921836147221	-1.7565288339517333
57.616251489291187	-3.43978373872062	-0.072099084537755376
58.855498484203004	3.7476059060722471	0.89659316479228013
58.265543191250018	-0.5743426821657579	-3.5842543750783791
57.955975448980176	1.1515688689716315	3.7633940418344705
59.09336154405495	-1.7754997682883533	3.061739247125427
57.591490023186466	-2.4570573359247265	2.6283288055320457
57.780190529254746	-3.4022531523911712	-1.2033131414034255
58.005190973807167	1.2500763496974523	3.4181978611193808
57.826727730594115	-3.3037654328871549	-2.7016196748714316
58.683118340647901	1.9884394530944027	3.3035517026990679
58.835698772609959	-3.8407390492496338	0.71114922426474614
59.11102994916984	-2.355624416909202	-2.9931373461212196
57.537858073218516	2.8763935992595271	1.8799503003329059
58.418605258800085	2.2165814199817548	-3.6448855063203678
58.158496458556819	2.5283259418619899	3.2556644649653181
58.257096633638234	-0.26551635459322931	-3.6558863409377578
58.806789558959942	1.0842823007407005	3.8148103390831469
58.798245365356706	3.638920018175785	-1.3415756935707082
59.147747508112985	-0.045872071206115833	4.0789870611482284
58.857699795389337	-2.6219192728721765	2.3091087635923007
58.224129266412298	-1.7138069961572944	-3.0894389823752237
57.965495610632303	-0.29145355232822701	3.8923242999671106
58.240971192948571	-0.6983773600391151	3.7684027870569992
58.429294955701032	3.3169563918207046	1.4235454645495105
58.943891222620991	-2.3490337510420694	-2.641386972286309
59.451390428950042	-1.7414392713923443	3.595798110189905
58.52290719276467	-3.3942749197478927	-1.2798879019771221
57.946001500029482	0.25249803215898509	3.7056873378502906
58.921526464589398	2.0235323385537476	-3.6517330875248843
58.99660856043473	-3.2275573512894358	1.643956918650533
59.130510968039701	-1.1123466722727213	3.496073535897092
59.472717941358127	-3.5099119362107416	-0.89290454157009158
57.586894116328992	0.33224023121435498	-3.7183832360689673
57.789826684628764	3.4696477935671743	1.4687817267776939
59.403842658119729	2.6117764752877104	-1.5437098426616951
59.241687735636987	-3.5695946371745202	-1.4455690645189923
59.42277301639502	2.9338815244515826	-2.3931073351603902
57.84694040299587	-3.5129268339790518	0.98339710933563385
59.117836977229196	-0.98142081277326565	3.8351997450880022
59.050247419495598	-0.66123166033557101	-3.7555006546440208
58.872706548691013	2.7967553462829837	-2.2890103844202159
58.437814219592518	-0.15650121363979563	3.4543211242765763
57.923807301113065	-0.54314795531239468	-3.6539696052900781
58.316040107569165	-0.63438252512700899	-3.7674288090204517
57.547582186967851	-2.8294388218486279	2.5820072353393977
57.918766648933932	-3.5763552291835334	-0.99733806527673552
58.6090186709311	-1.4111234789622349	-3.5590520479113965
58.159444563193084	0.44866943023297684	-4.1785168023713481
57.94269698354924	-3.7267839802991607	0.15929531750360693
57.808644661564088	-3.3268923403237749	-1.0419770542591806
58.291838448245954	2.12655601129351	3.0530310528327025
58.576232025405915	-3.4914865740512324	0.81939103709911498
58.968738062891958	-3.5924084886997978	-1.0875166643852958
58.170619850297491	3.7947014664141503	-0.89331806077088005
58.723545770705144	-1.651872603047446	3.6203683322624429
58.521009807577727	-2.6674420662307217	-2.6432072515446272
59.267875851308368	-2.0475026888132999	2.5093882823180444
58.766393904902394	3.3225632091756419	0.93859765300749431
58.22671206579232	0.13927350247798495	-3.6423789418034338
58.812993666218169	-2.1864906575372447	2.5381534761267002
58.479793990008986	-4.2471419834127619	0.66710792142352127
58.732981013274816	2.7173497754394988	2.4746656890204326
59.5170981432817	-3.485748754713911	1.3615411239900284
58.303649907763031	1.4958622517640017	-3.1999395997724069
57.993198927966333	2.1658317452525835	2.8320764063397212
59.475562857666773	-3.6759916221763462	1.1045870047336821
59.125027248412721	-1.6897571684361803	-3.4805378056293623
59.298094570686743	1.4563576586182427	3.4600419937013545
57.803511716228272	-1.9191122432136603	3.2804027791805095
57.670925507795317	0.5052718527548582	3.9383963248195011
58.5374045679199	1.6885650035496369	-3.3971552856582656
57.602044047501572	3.8947111959530165	1.5331731486389237
57.500510859544001	2.3623781996272983	2.8455244612145889
59.333462883270457	-2.8579869735833126	2.2789582719530013
59.313294180224844	-1.3916859138545274	-3.5678585442451363
58.188866703462594	3.539034417998054	0.1631451758283021
58.03507565473533	-3.0577950319880607	-0.89023303702613521
58.626589976381993	3.9665828591810097	0.58143386394116126
58.523151303751369	-3.4641298542129051	-0.63608379358366829
57.953592136244865	-2.4363370818382162	2.8655343904397497
58.613609168856584	-2.9522338026061958	-1.5773345896398763
58.139918674565514	-4.0101672191947682	-0.39293473868048767
57.930454913391003	-3.7901830063838777	-1.243906522385023
58.388666713932778	3.0764053704428718	-1.8307311209483821
59.446794435377335	2.7008275169035856	2.6599598877958641
57.969179498306474	-2.227114887568892	-2.9318796817713544
57.951460475689885	-3.2404061582752259	1.8727616635066968
58.286321454632066	1.5860264033338078	3.3224335398752949
59.369370857709335	0.74236396022186713	-3.5712350666915005
58.658356712039691	3.3083495863799719	0.87562857072157962
58.254197462154657	-3.2747472044020225	1.9286686739883248
58.128674933728355	-1.8328895270197665	-3.1603433785598916
59.190291416203159	3.2745129425972523	-1.1100259726139703
58.244960278264166	0.83115247045970264	3.9481873259128659
59.001186167689276	2.3647041885064124	3.3351484605350765
59.022661815495837	3.3843161778153692	1.3986583164833517
58.884928012060989	-2.9265187091720888	-1.3423389557030394
57.798159154220102	2.2605866835689215	2.8044839844379061
57.526318505863848	2.4856704141872097	-2.7886900901020582
58.704645626918094	-3.3934360070456338	-0.054862377059629243
59.120608232291843	-3.0725835301140552	-2.4600637355064827
58.362906928895093	1.2989303662013896	-3.7416927829199493
58.712529725136257	-2.1253686185188396	3.1152184423955944
58.537765202859887	-3.037907213933948	2.4545358183979356
58.71607936355651	-3.5045725280549211	0.46957546894481128
57.56054943811364	-1.3354585341397982	3.6322904281097732
57.818391477658672	-1.9501658795660741	-3.4604292418868092
58.899761480363161	0.35038832135374404	3.7962549442272442
58.465963580234437	3.7249110707614133	0.094713294259712547
57.645072429453748	3.490169542345686	0.31238583488807647
59.332383464089823	-3.4180250960605698	1.1896603371432386
58.530691585776729	2.5371167511500206	2.6342186735486059
57.741141256929559	-1.8252518389903587	3.5943086382471572
58.184165391888349	1.8337888719503828	-3.6060598513413122
59.082103544362042	0.99553724835544888	-3.6432880997932178
58.359015610665558	2.223017216536705	-2.8166272286138572
57.660788107107813	3.056235777144511	-2.7265929209628075
57.920222756462962	4.1287335943917087	-0.27237937315919314
58.188241625817561	0.67269396333259601	-3.5958686618541811
58.761372597465254	-0.15038731279269829	-3.2651381168189659
59.494280948645205	0.97748950939990653	-3.0808668233218315
58.866748102020622	3.6376919713186666	-0.70282291400457653
58.510941513125779	1.6006343570907038	3.2155808223787594
59.017983565201973	-3.4908839340323694	0.82004279256845536
58.834668067818939	-1.229232700640134	-3.6970926479419148
57.643425756149355	-3.2009000440857145	-0.73638339605607295
58.327641912097789	-0.7580252588833909	3.8151312177201588
58.464621611080851	-1.2001677752150026	3.2427946257320084
58.529171124516523	-1.13949846938765	-3.677997321362374
59.248467716088044	-3.2431402248243728	-1.5422718805844418
58.27383469848639	-0.50913294084809169	3.5173554072353839
59.132971707028567	-2.6676740586649816	3.0823977267293867
58.115906519931556	2.032705130322646	3.1765467398187952
59.257759216725823	2.1300332041062422	-2.692764106357008
57.859455112141696	-3.5333264015658723	-1.7731779852963487
59.559652513158042	-0.57527019031895132	3.667733532885074
59.394340161203338	3.8180103708745272	-0.63389650976317247
57.974170815990966	-3.8647835608615333	0.18933730491547512
59.442066500567194	3.657108685520182	0.68373523497273325
58.400704487536821	3.6484768605043927	0.27945926184024095
59.129714622108402	-3.6186718558938447	1.9400518349786358
59.433493271707277	-3.9444502748207424	1.3120924832193743
59.143050553700412	2.1477836103976653	-3.2880070805890393
59.023063011735495	-1.230833287867807	3.3832123228002713
59.337564029695301	3.4979099262407822	1.3770610762579918
58.479668140534166	-3.8032070370075308	1.2732887187872339
59.448055561021214	1.037312270366983	-3.7681157834355732
58.605687376537304	2.8842757389982707	-2.6179305021856258
57.555048585005757	-2.8697953661549884	2.6236557690780344
58.270680669739299	2.2301809101579768	-3.2494364584209738
58.594887777026436	2.3005927337340792	2.4604468379225843
58.029911459452691	2.8621839688115571	2.2591856073607546
59.145498759968753	-3.071030444695884	2.4118100944959888
58.643007068047368	-3.1869238555381671	2.0724672108377433
59.553914706934201	3.5805277954822334	-1.2424058268087215
57.787904893524129	3.4929365053574002	1.2329362122213081
58.925357926373195	3.1015660690362501	0.95951869921965938
57.820971616975136	-3.5228796908024225	1.3035889780991785
57.636600869568284	1.7596644285290832	-3.5258869251459881
59.047350472603917	-3.8070151904456693	1.3959473183155866
58.249098073565207	0.20060933170116463	-4.0381555575986781
58.998886694521488	0.44061928647065185	4.0618878383565429
57.745692911336526	0.28176487243566073	3.4149845290421585
59.25167404311199	3.0750679883338097	1.2772846545071785
58.723432294017357	-2.9114734080068563	2.5729290101090854
58.923780420219146	0.70244344147944704	-3.1984895528890318
57.689440257521376	-1.7422569876382425	-3.1034186973459241
59.081078235720859	3.4451881088474567	1.6706161040141805
57.661180235096211	3.9257683366032454	-0.78811370689990445
59.131421207523061	-1.2975245435507736	-3.3011042882813091
58.980655954108478	0.6966370036105759	4.1501332138828673
58.084660813252341	2.2121830764418555	-1.6256632100738855
58.815245547219796	0.89830151000603131	-3.4976793773802828
58.709422203787504	0.63686660952073382	-3.775423444771536
59.07699223607149	1.3438292650251933	3.2926164733418282
58.861078790998377	-2.7399519048270973	2.471712569412833
58.690283284915893	3.54338910888255	-0.9905276638956596
58.503199759156502	-3.199319257247653	-1.4060533435422473
58.137282297682901	2.7950520376421495	2.8032262415119371
59.040277398470728	-2.8169350178784853	-2.6116461865309928
58.232862214789115	3.3539332277392915	-0.99361638410045872
58.96738359431582	0.29395154370280474	-3.9455144402714195
57.609021784374683	0.56561737876731166	4.1042202932130625
57.888271436374339	1.9479384929023185	-3.2729816133992871
58.185271598305491	-0.016791187738224495	3.7665325001902734
58.623444907889429	-3.484182524445735	1.6419903935678366
57.823607417516016	-4.0906473692951808	0.034134377468982985
57.759040356350802	3.1576655985924904	-1.5225394665607686
59.232882085104059	-3.1068879329871244	-1.517174198257643
57.818346745467217	2.5231038371357064	2.9143481120404822
57.999829765263584	3.3681392726866957	-2.011087218504688
59.003498066709916	-0.78252831108116183	-3.2531445509280217
57.870889135015815	1.5494150302084608	-3.5491510382003377
58.034026010439739	-2.5935571659140471	-2.1066555790935269
57.673271340065405	-3.6579079452303782	0.96588716963734178
58.208749403160432	-2.5143657730447515	2.3275730954562941
58.466321046332695	-1.7541141617045939	-3.6365226963866237
57.774789047585465	-3.5735074972490732	-1.1776118652609995
58.135540171885744	-3.2547197001375578	1.1558856354816427
59.307291567652051	3.2236007790437191	1.6935844606491226
58.962400878713716	-3.7629734865709001	-0.63794093084500447
58.058214380616448	-3.5894998554100739	1.5230086179672084
59.068276345452624	0.41415336130413066	-3.4349723547964133
57.929362049410727	-3.139934294132348	-0.50128339583030623
58.929633937854632	2.4820107685707429	2.7537240888378864
58.579373883942246	3.6522278349946697	-0.89952028671053719
58.214859703776803	3.4446248217933135	-1.9385414864159924
58.769950571925968	-3.2227378582775876	2.177565336100495
58.155509870670357	-0.96694558006079512	-3.8749093910213279
58.494376776125669	1.6402158692027913	2.5916981373325751
58.066767604437061	-3.770234344208085	0.80525397330879511
58.811174425874057	3.882549685690392	0.99570976864290006
59.4751625926475	-2.594142644206626	-3.2460797749130208
58.823920868174831	3.1189593534845783	2.5577793360965173
58.231685026958125	-3.0324504378204185	-2.0422001722625511
59.200700543149033	-1.0219254670328624	3.3153880361260986
58.799536946132449	-1.6698442133952087	-3.1278711364920171
58.019591268388083	3.0443322150216328	1.6706722466458925
58.878587488892158	-0.021167226021019645	4.0513119926074168
59.379381344115615	1.5422939868657948	2.8358096750531065
57.768392766281323	2.3155269898852966	3.1060885008082728
58.89752331892057	3.1284307194517234	-2.0181858163596749
58.048349187532409	-0.31949188129769152	-3.582802013538855
58.402733658751593	1.1134699265232211	-3.9850756856090372
57.918498472939845	0.97600441053918496	-3.7020089218734675
58.340369091760643	-0.49048458021521718	-3.9953071302551968
59.362123427576634	2.5603429006020315	-2.3950246312060819
58.736618183352491	2.4415119060082642	-3.032244331737846
57.834341426096728	-0.24654835288331636	3.6521837750671802
57.797591914779375	-3.7608956042390282	-0.62689188896342518
58.815777328399044	-0.29657647621532007	-3.791316040328125
58.816532180768903	-3.6165109055130245	-1.26328147734087
59.074584849172219	-1.264902756529628	3.4891234580447668
59.253126769130645	-2.3828302700695141	-3.4112458417023999
58.726439140033044	1.0411721808923629	-3.501965756101959
59.23544704548209	-3.6850404469467546	-0.82958109465335284
58.052171324224318	2.777960545667078	-3.2241796941023169
58.766133383756326	-2.6434213053334239	2.6001444700611147
58.909111653223881	2.8120513287759876	-2.4765855294603969
58.380307378736873	-1.3245522951432993	3.4673452604515425
58.73800773679347	-4.0958629802568289	-0.67711812300923147
59.09146023823935	-2.621556831672426	-2.7291089016229115
58.259824862407932	3.7524355968175569	-0.3062928594400175
58.168237608713909	-3.7923795454735232	1.1982261418712945
58.689873723264547	3.198004298165837	-1.738777902032985
58.066248996185493	2.0629947147544461	-3.6854476972922057
58.730922119613346	-4.2881109456024715	0.080436506114018855
57.760395623908472	-1.8642043136639532	3.8680665645461971
58.352826274370976	-3.4220340870010055	-1.8437135324775957
58.222636630768307	0.094016922620875423	-3.812360403869993
59.501149789687112	-3.8056513260545852	-0.47287019045886164
57.839235928638594	-1.1223582019241616	3.4655379541357534
58.887446383602814	3.9415446355996187	0.15832354638099638
59.233814987596055	0.18348375127443114	-3.6303216647617944
59.034421967347534	0.19191935914180508	3.8192815362803376
59.418469070846903	-1.4760795619179479	-3.50398423724591
59.202616107428597	-1.0724758396323846	-3.0509451544726649
58.722650337244318	0.38222532886506294	-3.7304037271118404
58.467702395576879	-2.2143666241305029	-3.4100887500139461
58.736117974499486	-3.2508649229720414	-0.47216297010025338
59.185086721668675	-3.4576006615687511	-1.0642613901337437
59.401977419670182	1.7452725590246794	3.4936070306711313
58.59318473428182	-1.2288670811174283	3.2090635970453585
58.897416976316251	3.2193170678490084	1.6462606676227696
58.44998700978293	3.7632853850959966	-0.42713802427670022
57.794698349718445	-2.1142143925622259	-3.1283903648918878
59.309300023088667	-2.90045622297332	-2.6116727860831284
58.193109675523999	1.3216919308235933	3.3202357928506605
59.18535172527065	1.1286244188230057	3.381488013985483
58.599087668147284	-4.2753517591107171	0.63797000534994841
58.635167709490936	-2.990092456606313	2.5718394089033794
57.654293540136194	1.2308599330169769	-3.8294684508008707
58.769601638261534	-3.4145404975091593	0.33078678434879127
58.774910017842124	3.5345998253529336	-1.6981834353125962
57.711679600905448	-3.3580228003729204	1.7942197816681633
59.421502656951233	-2.6035171489282485	-2.7200386738842068
57.843092009867888	-0.031063555325244088	3.8549894105342721
59.150915095802468	0.53408051621200681	4.0683695778572488
57.99195336413301	-2.216808883527587	2.8204510494597756
58.062178984598127	-4.036210018056722	0.23438646625136772
58.456798181353555	0.11120375361919534	4.0287154301029435
58.377835383224216	-2.5143768977729382	-1.7057642042728896
58.934344164455155	3.8647317137402744	0.73625093099716254
58.081154916169581	1.5433099187625625	-3.2406714133665679
59.161282337719179	-0.2782282089753696	-3.387251794305719
57.555893272852522	2.9548306507514521	2.6854330867938976
58.792330158426168	1.6599290566699103	3.0191502956569116
58.730090654560179	-0.85950095864429399	3.7395232912249905
59.450730839684319	3.7846127409293069	1.032684414907042
58.124316541706023	-0.6826544549718736	-3.8184161935180652
58.731769973185479	4.1535747258025184	0.29570557264870911
57.98820598608269	2.7135830234439551	-2.6336005886910989
58.466460435176664	-2.9920801912864419	2.3908672515431388
59.534083253012334	1.1065994287984879	3.2093065067685709
58.469776614585491	3.6957777518073911	0.44213052877813319
58.896476807262651	0.082031586025342343	-3.5980851594864252
58.989659457858728	-3.3008885231209253	-2.3589148395876074
57.996371446434011	-3.3236164304034128	1.8410090270064365
59.224813990526215	2.0573114347588848	-2.7857687345537316
58.497968302124654	-2.5571513231218463	2.8346764588873183
58.09956137461085	-3.3129902062897565	-1.767431726777638
58.110081026263217	1.2625212053144987	-3.5110140027671264
57.868024034398871	-2.7980752653568381	2.1437592539708512
57.980120364859026	-2.0671545796812625	-3.8561780282010178
58.110128321163828	3.7180164799158804	1.3777170738432907
59.432402314695928	2.1600569950957551	3.1001626649590914
57.900398143622944	2.6580958448007048	2.9816365782950394
59.089890536034403	1.0132983822478758	-3.8970382533089665
58.200018348870074	1.6375753730609135	-3.7145885631078617
58.408227277520687	0.26081522219121472	3.6041286064539286
58.444155825162071	-2.5347726730231694	2.3593355859286218
59.308112822210028	2.587401364567723	2.4741121382322935
58.062419062281805	3.579181507232553	1.1167944064499871
57.923445763119808	-3.7261788662098532	-0.90817358053353403
58.652537707953513	-3.86791778869617	-0.32134008506452666
58.609388443773071	-1.3430554089769717	3.3748332777454242
59.340148230619562	-3.3060934477426072	1.5899496340349519
58.40260419715576	3.2231924271307721	-2.0031697101338781
58.438451319432502	-0.3661396418889169	4.0676607837530474
58.77700735327312	-1.3541224137249634	-3.6746221870957432
57.87663353439347	-3.2637346359467885	2.1429941118901157
58.767339705891317	-3.252968173560514	1.0392361015777516
58.575231314190127	-2.6263303246068825	2.4602299326796762
59.277449990021971	3.9346208139710055	0.21092002906710206
57.56029046452214	-2.9355222507871996	2.9517998665635719
58.805924403526681	0.71334748053049912	-3.8459007209038787
57.815262470909467	-3.0077157903338074	2.1450826811206292
57.891209271578298	1.7551595378826164	3.20904151177914
58.380786282074254	2.9692674677620654	-2.1069999008842566
58.723256552426719	-3.5083223510444497	-1.2955704723152082
59.254602668961688	1.5442204627955571	-3.2512847551978523
59.400108034845346	0.39978100759149526	3.480493775840213
57.914638842207914	-1.2045868657863275	3.4212093548467797
57.794538079416959	-3.3500133499951033	-2.0066006878317562
59.33308088546945	2.8848128969435232	2.3281733118228187
58.838205783357253	3.3860781532543234	-0.47058342462571667
58.438391551768255	-0.41807337620586243	-4.0533835829892562
59.432440169971365	-3.0249653624699691	-2.4434566216095215
58.270666046974	-3.5175048611312598	1.0562961755818785
58.842322530989257	-3.3134949883029856	-2.5511364560301097
58.980889317322337	1.8138814157776664	3.9364837139590074
58.877809765535865	3.1688250943122913	-1.7053012672603718
58.258385542356862	-2.3685664704774863	2.3658149344105306
57.814147448526391	-2.8960543598932902	3.2829610870935158
58.323762119935019	-1.3118384430732148	3.7828985157628301
59.357562408653223	-3.8430291705645629	-1.1645422201799083
58.406929288982582	-3.9607704684611185	-1.5236798486743119
58.78884304996236	2.9415868379595476	-2.396999897840371
58.558086173354603	-3.0956608297077466	-2.126286800367136
57.650441782569807	-1.4068678838346043	-3.681790768798848
58.764798100725827	0.88727559171500892	-4.3122194466809853
59.113785977364159	-0.20130253055851483	-3.5282698674375639
59.374836936451885	3.456907006236916	0.77862150180033007
59.240838531264558	-1.9071139415571445	-3.2155029916173041
59.207106671397867	1.1751339548000197	-3.4194220000724496
57.554495579001674	1.0484000821657473	-4.0206214416470143
58.689034335482269	-3.5266564572125212	-1.3266738365186819
59.083152973045586	-3.2124674035161718	-0.84407973446418694
59.412156562599797	-3.5545078068158049	-1.1052162350176824
59.228321802699178	-2.3080678927596447	-3.0068114208011223
58.636194644067032	3.6054293436488933	1.7210294496364587
58.298532537152212	-3.089099480411404	-2.2012880338021126
59.307354972699457	2.6504474649087228	-2.7896916976394865
57.826775618690178	-3.4265545394598971	-1.8051205028568162
58.295550902244621	3.1246080968681982	2.1090112889939805
59.571085025352339	4.5106063045232023	0.38624157747548993
58.9656861316884	-1.2025865322554612	-3.513125128235834
58.475578825284217	-3.3539100244728859	-1.7060209433619959
58.330621196543383	0.12624643062110047	4.1870259243879993
58.835131399179105	-4.5750120170933863	-1.4354659193936876
57.713452906642615	1.4597829610478175	3.267318040991829
59.310128549899389	0.91353067088478601	3.6152370256546869
57.784513796545681	-3.5129958811074489	1.6003795073974649
59.225217146898565	0.68578789535315654	3.0815489399376941
58.262808708862536	1.8932888424459595	2.9585263315647996
57.752745909812184	3.5400610285164076	-0.23410919734857483
57.436796779135726	-5.7356975941576245	-0.60050342945489255
58.880237098307603	-0.61399291689745428	-3.6606990716090877
58.501360807519106	-3.0293124209522024	2.4119269081412029
59.4122169277626	0.80787613760091304	-3.7581942378265483
57.608883891691107	3.9448011503496891	0.5656908665922219
59.151597448916974	3.8431819845614377	-0.20044123517739351
59.307980627635466	1.9211974866794428	-2.6992640018132099
57.977440424850897	-2.644106129357191	3.0070820822594553
58.817041712734309	-3.965453259983811	0.12592284623812455
58.761981150995886	0.66414303840741584	-4.0825794287903072
58.667232506049899	-2.8298257514205978	2.0743420323792505
59.375599470490116	-3.6872292490622316	-1.0354076613664496
58.130512706072679	-3.5122644158414293	0.3681917506520353
58.120047244461546	-2.4667535954312609	2.5439686649099187
59.029338202231763	2.6843210998224771	-2.3501288281999537
58.678021205892414	-1.473793448721777	-3.3429983708297324
57.935138672746675	-3.1703187794482899	-2.9238608718904224
58.724926080353939	-2.1050356174882943	3.4256243684038905
58.437267098189373	3.5242977469590944	-1.0866741569142779
57.722570412864201	-1.6188939229088912	3.7401195220781287
58.068939385519755	3.6351469565723815	-1.6055545006447016
58.007699379303233	-1.3888810042310307	3.8815708216635403
58.86873804009727	-4.0125558461562036	0.21656789727889786
58.638049210875522	-3.6137941957873583	-1.8114375893895041
57.852076361844908	-2.3610897948798133	3.6140767979959403
59.128357465254368	-2.7860501872718042	-2.1813472121844852
59.163409503011657	1.1728306971633151	3.849368991975362
58.831716930993963	-1.7592735572655174	-3.7660402786561815
57.812738370200037	-0.11208618718344918	3.8087275173267883
59.123534152389446	3.6368020411429289	1.7066612833045043
58.247507176273707	-2.6918454845884856	2.9132305274175989
58.040468798520045	-3.2688209305792029	0.54125728346045487
58.663876944576408	-0.70265820367195098	3.4655970041887127
58.13884717441001	-1.881036215497188	3.313775356887493
57.828281533460249	1.9883140365424505	2.9895812173438006
58.800407979899305	3.6421391586395075	-1.0081795100558586
57.735180613565959	3.8326936827634435	-0.16187938538835558
57.793904400683687	-3.3463543890834897	2.4432530722628027
58.901061808929498	0.16028092500357941	3.805249324830088
57.53972042172952	0.7934580948160681	4.3192551957523957
57.888609568384695	3.4414784810471017	0.51751730637853288
59.331493606921036	2.9970594659911165	-2.3942996737256705
58.825572596347193	-0.68573766266721603	-3.5215756027014224
57.794942173621159	-0.69508341921994721	-3.9248616915589101
58.456414018714078	-3.1656180360602879	-2.8458282008769458
59.41188578834813	-3.6343384699994865	1.8127789750381493
59.322423798103216	-3.8591378174758986	1.0933951255195602
58.124571088032916	0.51593861699239629	3.4628969242014667
58.335489659644061	3.417867981701324	-2.0330120390317092
58.263159221538068	-0.54195052078358519	-4.2180177073666707
57.807563414489337	3.7974966625234838	0.32523051911744005
57.699252796881368	3.4853332242089343	1.8884263717952121
58.21763997172468	1.5641134339102618	-3.117113702292877
58.43582926976692	-1.1045933360208371	-3.5835014103594203
59.434614225768662	-0.2302942859900042	3.8103678231303686
57.553456127113897	-2.7705413951086748	-2.1010845589386848
59.46400479097565	1.5411696678846052	-3.1048572730482902
59.036596325328702	3.8938374238186295	0.22695001328669126
58.028175389101008	2.5790827030533374	2.6664816772053204
57.925859026453203	-0.54166341804677465	3.5244193554629777
59.689480314499775	-1.7108669823414091	-2.999084124829591
59.041714140261973	2.7151755277705685	-2.8766581099779085
57.706362247781001	-0.2525020048508429	3.6379656185785496
59.584771287638212	1.8269292874842922	-3.2327815948638978
58.906244915121995	0.84477035947772749	3.4837125040014949
59.412587754143111	-0.82436262885453659	3.6481875156021446
57.801090758836722	-3.5920155163795178	0.44218367671363018
59.03437041270562	-3.840444376135336	-1.7758200570134433
58.306875299680158	2.7683381447310071	2.4542591094088477
57.722306438284669	3.808118063211722	-2.334426528312489
59.136849361333539	-2.5022041694673272	-2.8401378846540388
59.358886933977367	1.9204310979301342	3.7199667725777927
58.022366511498149	-3.2792250783623671	-1.994535628561944
58.633849459773778	0.78305690904728475	3.8602025642959434
57.96521256331792	-1.7333007169191579	-3.4851435262911412
59.096367075296392	3.1109746003568808	1.9468773485020459
59.452708828012646	-3.5847352953370901	-1.8562153867566649
57.63542800856311	3.4940730032533649	-2.057401581581769
58.091008283062727	3.8736559287983923	-1.1667882913688292
58.115719355495109	3.0213193775067486	-2.3035519270286584
57.467746098141824	3.659678605946004	-0.45473980467785446
58.121515422827891	-1.3917165233809119	-3.398152439723038
57.860288875519529	3.6623143902596409	1.2094888194068223
57.530721873101875	-1.5648500361705759	-3.5954683577812441
58.215085712077027	1.2320312528369604	-3.1509410169150303
57.581426330349707	0.83269539491503164	3.9079349712899036
59.03511376216013	-3.875358552201432	1.6322764385412556
57.841031561212368	-3.2073548824566407	2.4449394214068922
59.176584593978333	-3.379011496225917	-0.75068669839434488
58.176392550167968	2.9258676264421659	-2.6482302480298547
59.36712825416005	-2.5183533920538266	-2.8361782820771135
58.706211773749331	-1.6805367627898689	-3.0709990538536216
58.034044323293529	-3.6595298928490578	0.76084603674293549
59.046279024883681	3.1463121520658985	3.0362806321962648
57.834280651323546	1.980538905182669	3.1848588213117499
59.047877775320075	0.84259902941793419	-3.8444243181928059
57.750818290130262	0.58359352166082124	-3.8326821830890663
57.788362827106447	3.7388829784016639	1.2186812987513946
58.180307811021784	-1.914110724847194	-3.7944738950986707
59.375019072281177	3.5185702528539373	-1.398462941760465
57.898679393746995	-2.2903294279390223	-2.8940184337862216
57.773789977404782	-2.9391688304273824	-2.3596260071313591
59.025702907933116	-2.5253477477298474	-2.7916127102813406
57.65689779028213	-1.3406210700022707	-3.6739639677423077
59.48571562942842	-0.3710531410233428	-3.84779458188985
58.208248915206802	3.6028979035784254	-2.221376811897839
58.610572125523611	3.8567871492071086	1.1624202225085458
58.834209420316903	-1.4941970310625448	3.3902260231539243
58.578919773102726	0.030981991828054022	-4.092065345335155
57.704804884298689	-1.951354144716253	-3.6547855361427901
59.028275111825046	3.5560777724291261	0.0075004013529981995
58.248367564620267	4.050103253614342	0.90255459392852322
59.442354482278951	-3.6218845062343314	0.800795407999356
57.700273223206587	3.2252030890865191	1.2332410440628276
58.668642997907028	3.6982080446919183	-0.30789318798815435
58.915948386298432	-3.5821109471746606	0.51900759123197615
58.758877610209957	-2.4376434520136629	2.4589602267194173
59.45376685596483	3.203332423672133	-2.2082262963793187
58.833207292436882	0.14153943522556917	-4.1105125857880251
57.769110700291421	3.9182995446682032	-0.43002474493903292
57.802469288715287	-3.3144109183382073	1.2526764084002868
58.665423619512183	-0.20556258379354442	-3.8053519647113081
58.749176456708845	-2.3553732191800876	-2.5611609711905419
58.810119096512203	0.51804967982284833	4.1230181561208052
59.253663790669329	3.5623421790426146	-1.4479560290750131
58.57456976476967	2.9536963994932917	-2.379448920781341
57.784141677124936	1.2924028590879155	-3.4699183053453089
58.104879017450976	3.8180426424065654	1.2160494067482044
58.146314083734723	3.0816339993328041	-1.5283543820417573
58.169394226683615	3.4457486184274866	-0.74173094150536423
57.663548277156465	3.4892761749179182	0.095331693575037124
59.542887317120368	2.4338433292666868	3.4254572023872778
58.204757382333888	-2.6561295036332639	-1.5245141110373361
59.265736584299432	-2.5041242902275096	2.5644861579324774
57.852308257594395	-3.5604975706714059	-0.54312380575863706
58.493642376125052	-3.1984065680660523	1.4832566554847562
59.060846505193574	3.6581993142082729	1.7459728587019505
59.253043213207775	-1.3765663358051441	-3.6145734137532446
58.068308068287699	3.5656049488980672	-2.1359183199689671
59.570046637735039	0.27741141201651848	3.9633952464025706
58.009172211231387	-0.37664046684609848	3.7251300975159736
59.512786540488001	2.2259143515263555	3.1192064443661369
58.549065723216899	-3.5127786674831789	-1.4669952081032742
58.996209125997716	2.7123418496711378	-2.5467281563537481
58.59830698252582	3.0294913376814323	-1.9320773495692789
57.702924010493255	-4.125813889608076	-1.3124611480302304
58.781080736007304	-3.1968025986036879	1.4191595386442297
57.755793698793148	-3.1013992680560953	2.0361695072624926
58.966255655408744	-1.4609548970607145	-3.511925053798822
58.687609460895217	1.0190081707497851	3.6775242150498522
58.559166649740597	-4.2120711957469057	0.42812646291810325
59.149019810846546	-3.7203598077563429	0.74035479453048159
58.963963770524778	3.6118029753987724	-6.0684973684148709
58.372710635168872	-3.4903926300017063	1.7131201598068471
57.47472636356536	3.4077191298226368	0.14740419957656117
59.147923045030545	-3.6032718338167955	1.4524994927281105
59.100111632617072	0.56265037370697668	3.8202444305297671
59.461758287885381	-3.4568692045458551	0.64556078515735293
59.319501858025042	-2.2190609576012781	-2.7920233261517908
58.533783990576509	-1.4612186010286623	3.2090954948891142
58.986458223994731	0.87204120510471195	-3.9660057254393282
59.459580660307957	-1.0538197074829956	-3.1716814650667837
59.292200162981004	-1.5155973188914764	-3.7831466380237968
58.741920199400496	-1.6398438969661673	3.3058888950545873
58.97579942850259	2.8440156916112911	2.5053165112056028
57.689487162384076	-3.0866549416259206	-1.6116857944592817
58.690680534923807	-2.6084343645978096	-2.378785601151328
58.66836135695803	-1.9819078541247321	3.1504566292561398
58.726316312899087	-3.8364725120559031	-1.639047199719863
58.310312022679121	-3.1549482816505909	2.5243310851735741
57.86076446235996	-3.5609940872115549	-0.30156032841016667
59.468191906371857	0.22152866781648367	3.547940020172772
59.10280050695804	-3.0541388885175302	-2.5414394221355749
58.668594684859357	1.7960329843931346	3.1205036949396074
58.517380712623343	-3.6397567158826196	2.1002103484565913
59.053963004939163	2.7479325350803174	2.9932845137869153
57.483891470033839	-0.5464414524773864	-3.8171836408310535
57.675116021474565	-3.4311409719457795	0.21825718000980732
58.162647583059027	-2.3170530406027945	-3.3704358270649171
59.209761330587561	-2.8304231769013994	2.3111528433488346
58.779963885692325	1.7668068039478	3.2104798556794485
58.130991171988875	3.756512494241778	-0.60850792900681416
58.765778672686864	-0.84292414628464318	3.6425535407041552
58.986022432274119	-1.4694061458234096	-3.3334710815795994
58.069976368877256	-0.58728510586062277	-3.7823311136693003
59.485025798763317	-3.7285056572049036	-0.028067306813311863
58.760672727931549	3.3502302794361531	-1.1347224045056779
58.820021217383996	-0.28951888146423549	-3.3367197724416582
59.037155637428619	-2.3184563045389583	-2.7303390038944166
59.196942600016897	2.8604205206547046	2.0545788473296036
59.38003982358093	3.1291529934656657	2.3597628757861164
57.844005996048089	3.845299316772818	0.71016690296627383
58.632983131382289	3.1892502906438911	1.3435829408696409
58.181270267673149	1.0024906527449504	3.643550725536957
58.446378421635551	-2.3206220060252827	-1.6895757317919569
57.902285406049472	-1.8716532683170373	-2.7374733902194186
58.554268138995596	-0.42341399407574759	3.694639203967875
58.406799110495946	-0.31444455784486075	-3.6274815045257132
58.044637468962804	-2.4751133527798217	2.4314663247446586
58.663713744160638	3.4204691132342404	-1.9428467166260006
58.028661631796439	3.7959457316441467	1.2083061944124209
57.844399095589878	-3.3353975505040334	-2.065910457858843
58.447287800559216	2.3833852466689147	2.8942521183303493
58.417302545405555	3.1638374430279512	-2.5334176326465503
58.478028686588452	1.812480109174933	3.1695509641752109
58.88236658138905	0.23316064537257356	-3.7086786753811913
58.599327496235517	-2.7064013146676653	2.7929670914152553
59.224165728705906	3.4320155860057215	-1.4260602897134873
59.114165539894486	3.981574443261108	0.6452449049767196
57.983579006488547	3.3551987958470315	-1.5215596804060552
57.965775037638011	-3.0571884555129141	2.3977682560452562
58.781492624153252	3.8048861467292014	1.3440205723479774
57.69495022911029	-4.0565139806571464	1.2363133714782442
59.203544088724144	2.3010271319928819	3.29716917433585
57.805391710066935	3.235336865016357	2.3803739187018111
58.514265163518722	-3.6383195489503208	1.1269605761185124
59.053593860676273	-3.4210688197953383	-0.34337142339780491
58.577852684478238	2.0539746184158769	3.1457059521785151
57.919118009236641	1.0265388792059909	-4.0413475821422535
58.354460674741233	3.5791499198132479	-1.1341857831172097
58.459110784011486	-1.5817697090520262	3.9309239835518714
58.556674719987257	1.7148435267583457	3.4372572895843532
58.221610930896667	3.3441221452166645	1.9897244899330995
58.474021254403198	-2.7723161235315974	-2.4148181764875734
58.06095233619768	2.5886789319408372	1.6109100301848016
57.896551789751804	-3.5283837112621743	-0.035386252909781875
59.354834624237967	3.2590762072838517	2.245296718882499
58.911741255284291	3.5134649112733314	-1.1797345909757098
57.687914243407398	-3.5123880630990074	1.3285144953978831
58.333344618080659	3.3658052471641162	0.62695429303756245
58.25056509218075	-0.29161188213982853	-3.4626851742097609
59.046885599841602	3.382766240303404	-0.72377186963699192
58.10172955232995	-1.311584517183787	2.5539717679279845
58.819525043326742	-2.8245481885245103	1.6800482632582696
58.356148931176627	-3.9292739251146793	0.067800603242062649
58.24501624826803	-0.86195884462093475	3.7104181796120304
58.713536497944624	3.4001718418619666	-1.3779734553594902
59.028291168850807	-3.0954456438709936	2.855582575698707
58.714497801375018	-0.19223424215407278	-3.8386202543986636
57.936737488923413	0.69890014020276647	3.416882915690334
59.245526777300867	1.4205436229996904	3.3062341254524279
58.701857766105441	2.250270104595252	-3.571037805842908
58.868685958915314	1.6667405107183419	-3.4972793842663354
59.084184096066423	1.3435417574276216	3.3462850485579696
58.455821193127079	1.0013089366417598	-3.6606532229294269
58.476960884798402	-3.5338888533202306	-0.34072309905440962
57.935640541932052	-3.6198755938706251	0.80801633017797958
58.579137190116334	3.695741708818657	-0.42292493451342095
58.037768758791856	-3.3857754264140962	2.2605496889447085
57.743153455118303	-1.321575939037577	3.2112410246149787
58.737611482599974	1.6722534667280164	-3.7796738272329145
59.086550255904683	-1.3283740201032384	3.6266132808350982
58.606792212139808	2.9951323699352774	1.3450036153513247
59.340555202577768	-3.75053906480928	1.5043040245918187
58.476110185359332	-3.5474147417324544	-2.2075557381281712
59.511507025131586	-2.5074678755283086	1.9668009116804683
58.678038089082484	3.5415299778781617	-1.1977229342534637
58.234894662625841	0.29029122149296227	-3.8598532684929832
59.186580606177834	-3.846942937098214	0.95855204668424254
58.83690550933072	-4.6383832467384201	0.21904711407560148
59.478994048997301	0.12026864925485663	3.8591888624875494
58.025214954256199	-1.5437540248199122	-3.4541883931612252
59.314317819995573	-2.9776793481583899	-2.0415259926288347
59.185200236178098	-3.1031833198581653	-2.0673752196286479
58.312939656537402	-3.4035684891620419	-0.79242855029050052
59.226453013038928	2.9169451805326618	1.5518979445511851
58.349873927304429	1.2201435682037471	3.2861294731934803
58.506867626994868	0.84135165008691548	4.057304521173192
58.081554511114639	-3.3461954693373825	2.1712401558777992
57.735017347708933	3.1696465225385264	1.5543832871681962
59.483150521853219	3.6830217401172685	1.4969773281321237
57.684779097245794	-3.398605359520146	-2.0502235666136883
58.324714464654804	0.41897860640244522	3.9396993186213636
59.303803039481124	-2.9989515161997602	2.3749304860573925
58.306193265264618	1.5238625457533954	3.4199990544877288
59.062254948042451	3.4711799412806124	-0.15446841646229112
57.746272735541268	-3.7937693424007923	0.11462823656457816
59.439032739094962	1.9200431587748732	-3.1298874646524766
57.689221439977807	-3.0059682719873924	-2.7032926173508107
58.335378783169382	-2.5436906692923977	-2.0877655585593282
57.807177691472646	3.0802937246710518	-2.1993112735719098
59.177714683014358	-1.0319907439985585	-3.7978682434109898
57.991991375694063	2.3376140196837931	-3.3045420358020494
58.128205488831362	-1.0773058347646056	-2.7624431702862604
58.345414319659369	3.2864889758541094	2.2565821753531181
57.694097805432918	3.7946097657970004	1.8344009266653136
59.171009428516541	-0.69813536671960053	4.2021476260911568
59.452379182434093	-3.6886733599153545	0.2792842785308936
59.48746161710163	-2.796446458453814	-2.7847760164600142
59.238059698961173	0.63596450264673343	4.0531372519576445
58.933214545775535	1.0284390619509471	-3.832621613011558
58.745949931504519	3.4197259586366808	-1.6169839716109142
58.61886302791558	-3.6641067465760622	-0.82708011005377513
57.881280793136796	-0.27395513150924033	-3.679943684802053
59.347408747302005	3.4369815604309344	-1.8036064810081838
59.384793993284497	-0.047632058424355771	-3.8232191768607535
59.013256034523089	-3.687131421638413	0.50555197069407121
59.354476567557342	-3.3878793487831262	-1.8786882733773238
57.950426416175404	-2.8912800013949473	2.3383573630570198
57.981234851741917	-3.6098290126950712	-0.29923008607923735
58.875829695300929	3.8189279394399023	0.071573718484587073
58.184105609801961	-3.7384750841117635	-0.054323714990313118
58.859772596143642	-3.5023840343549253	-0.28093577875176678
58.767300700941988	1.3024399884361206	-3.2872011115353219
57.604594000113558	-3.744467422036879	-0.22741961906845562
57.712296394141454	-0.12002955038223939	-3.7612431305353398
58.847809536184634	1.0112127281177583	3.8644007778318357
59.151489197709324	-2.4608818213931953	-2.7604066003690715
57.860764860783028	-0.4701581707245468	-4.1613755966762636
58.228009765635626	2.2617395363485184	3.2546107098285315
57.973579123505253	2.9417208812554354	-2.5863305526883598
58.999240537629085	0.17786416491970494	-3.7178793589791623
59.331909578570986	0.54288761949667352	4.6498899827876645
59.036782773964511	-2.4496610942845716	-3.2594525448347298
57.841258602871122	-0.20134590605412631	3.8863046647846295
58.546536281540128	-3.7354257075476052	-0.76629525285094513
58.982206326058254	1.3624134408738233	3.4602215784649313
58.382389331667042	2.6956043021506786	3.1044240571964576
58.560458988387886	2.5421799253932087	2.4434756026428484
58.21852597339705	1.4994383594140959	-3.1919160343320705
58.339218266470652	-2.3284706830945394	-3.0077975702903519
59.375682941115095	-3.0610068781040325	1.6078197470659512
58.850698823420643	0.90629744630561626	-3.5047154327451304
57.937398547548561	-1.314974092495413	3.9088342223572816
57.610567873177416	3.0705965052562156	2.5267693425693434
57.984826012019994	-3.2098730394864727	2.6457815252178802
59.147601219958133	1.7455001445327849	3.7973548912077324
57.483333701032123	1.9860597087622351	3.3309790532249672
59.431214450936515	3.2395580137660636	-1.6121070234315862
57.861594623668793	2.4681573587484453	2.8167517372506445
58.89098845845821	3.0093273980620094	-2.2894197980432938
58.490707102639263	1.9800486260110983	-3.1586990809355577
58.880208938490327	-2.1251967342932927	3.4135157422713136
57.591784480032636	3.3272772535922401	-0.86121789779121072
58.158130266592053	2.9214734999297187	1.4753744935483872
59.271355578819637	3.9793247134682681	0.32426933985303669
59.102606176931211	3.6580790111891006	1.3204993089157555
58.205330824646737	-3.9833588232697177	0.29156716585233733
57.587343809911339	0.98644261642180064	3.4549099743054681
58.78012990873362	1.4627581606014857	3.628476139014269
57.871359635301822	3.1043262247963002	-0.61167978114597077
58.033887112683935	1.3890260303342858	-3.5586125283804839
59.505356515129861	2.1057294318781437	-3.460836197205035
59.186106498907364	-0.86890031975342275	-3.4523778459713323
58.90983437846463	3.9579465283171937	-1.6180315219557631
59.171425205684102	3.695321122016813	-2.1720557918648371
58.840881311985584	3.4211443348298389	-1.7390088806150645
59.005490648315437	-3.6814704062824939	0.064335499057076945
57.791065419001782	3.6418005236348709	-0.88896685140288312
59.516028798162317	3.7461059608993108	-1.6626217510792249
58.224713807476604	-3.7555119608490117	-2.8406312655740242
58.914041172247536	-1.5515792884698283	2.7952820113416483
57.893007515392263	-3.3773759319142505	-0.23524843169557916
59.102624167463162	-3.8407957087483906	0.43287796579745313
58.102778833548236	-2.4603778759964814	-2.5391056958737237
58.537548794572253	1.1761697833443785	-4.1883916845511227
57.534747645172239	-3.1542366440381784	2.0850409724806664
58.800333385602748	3.2622068302142893	-1.8670878773716266
58.833224538497781	2.3532020948576289	2.733423317396618
57.665513753227309	3.590381860052442	-1.6590632276708712
59.18963241571452	-2.4437329472958971	2.3741048863692624
58.723015685131443	-1.4566724755495046	3.5058289537348042
58.381299645734252	-3.7119225047589364	0.50901540548376345
58.561218461663792	-0.63816423247425491	4.0444904851948467
58.924888299563058	3.2365794854701559	2.1951273917260656
57.526190312940152	3.2941073536010692	2.1109687515382696
57.975847414651611	-3.4288524561387583	0.16358146785350594
58.09592616979581	2.8878926734741812	1.9757620969138003
59.206035609649412	-3.2614328659582728	1.6794536045429926
59.434977696069517	0.97182453325269902	3.7990747877795563
58.087323076985427	-3.5538653373642926	-0.42917121865579799
58.469578864243779	-3.8212404183644706	-0.54359906515475975
59.322809123112364	-0.081833870387626115	3.7780019671172913
57.8884105832798	0.57042926265597393	3.4874922682631651
59.239752780836319	-3.6523847130606351	0.56419089602338535
58.800625212032465	3.4411892817177145	0.63819364218662922
59.321199674658047	-3.3577902657035832	0.99030843374515209
57.828789443534447	-2.9485542758289096	-2.4250144607800141
59.322501929505009	-2.6389787389762231	2.7174130116462685
58.155673340960455	-2.7896139836810341	2.0650988427035726
59.072729800844812	3.1042975875051804	-1.7429406778690244
58.846529250010008	2.7533182317133993	-2.4926340158632811
57.995541334740828	-3.8030563318675688	0.41719858784071789
57.857096536621974	0.58753083444017973	3.5116968279256424
59.462891952204693	-1.7973926153962307	-3.2703220246268749
58.717612816595739	-0.48067217846319893	-3.9745865328155396
57.874735242315268	-3.0049802106196566	2.9097879469983678
59.097879621769266	-3.132322564433764	-1.9239252656397126
58.695113867729511	-1.4412546730766518	3.641914980024791
58.726038400768417	-1.4680760569254918	3.3327610697694743
59.605018345366865	-2.3759755712696551	-3.0862900091859555
59.372702748981766	3.2818859067243698	1.1952808002842761
57.783582767376416	3.0199603464070752	-1.7563828560387595
57.839026747119938	-3.6222020698251809	1.962967685528503
58.288569514472272	-3.3266594463057042	-2.2531408807889188
59.238701574356092	-0.99849933869278062	3.8764124979532517
59.273759038730674	-0.24873884508930633	2.976584965837747
58.367614218927145	3.8972791695849573	-0.67230683030812322
58.090282956964586	2.2561096481370031	3.0933414686119343
58.749903027145038	-2.187646303148798	2.7644795727932294
58.545281576659718	-0.75164088123485051	-4.325444981810632
58.919091650676251	-0.59627453380351281	3.3685739324439421
57.512915025723714	3.4603758016847683	1.8406615596700766
58.037554940069228	1.7118377527626085	-2.8212964874737669
58.515503240468888	-3.7930096985950952	0.15966846144295885
58.572185563968347	0.51536643709800556	-3.6884219979362163
59.116048010647027	-1.1310918657199167	3.5788475921570151
58.464856114752564	2.6253234454001801	2.974597237722838
58.881213903629863	-2.4153717355861835	-2.6609218576709268
57.576988247383419	-1.5713953517349322	-3.7143795471202776
59.418839136525385	-0.30069320645760567	3.5333948708167418
57.910909713316734	-0.13151966900740747	-3.8578072353715589
59.01684916595169	1.9912612675136998	-2.5882200769616182
59.288467081798132	1.5249101291231635	3.6995300821246011
58.771903402431647	-2.9634084212300289	1.9968053760356395
58.096494559728214	3.6760526991037592	-0.55976085876466897
59.281211859224712	3.2139426888177032	-2.4277865607148192
58.725856906909115	2.5128561962374718	3.1933692118087156
58.949018624238221	-3.5461499932991032	1.3775913524015626
57.498099792692329	-0.22272847246293459	-4.2073270780415006
57.55052723671475	3.9303294279927572	0.12763185333274862
58.269081273450297	2.8624047017236931	2.6887322544459877
58.190453606042894	-2.3141950668770872	3.075140282127971
58.463549941209173	-3.0740349875010384	-2.2342267334541241
59.277337996837645	2.8537467669461392	2.9540048742987706
58.144160982524099	-0.0067574860693563488	3.556165861406591
58.371771864167826	-3.5158233138549448	-0.91963762285621831
58.557022478753524	2.5166070599230128	2.9731092264115597
59.309341735264987	-3.6950427059081332	-0.49339969815616797
58.269582500181862	-2.899069715946009	-2.6919072083658446
59.107855137024806	0.41482120933248157	3.9610942656197854
58.892635198605163	1.4111095510475722	3.3842030962153618
58.798239277704432	3.1797887554953466	-2.2036142372399556
57.886214346780335	-3.4583664391780795	0.70847750879520377
59.339154630661277	-3.3921970891462863	-0.80441929565498516
59.191696426705654	-2.497186975491311	-3.2671315865779449
58.76863491946817	-0.78991893391116375	3.4989855242447434
59.054461911104141	0.052556818433451981	-3.8152071892794366
58.218044970381214	-2.3042837235121598	2.0248257601865278
57.806552054472441	3.228799703929965	2.2321712089382402
58.358720324255401	1.673873094640576	-3.0433834083567768
59.335569902333908	2.257818578488934	3.0041860681298629
59.139091005680051	-3.5053839089903462	2.2772660418989727
58.027039615528984	-2.6918231068155904	2.6096443641511256
57.594818297926487	-3.7986802661249852	0.047220281177011617
57.741267534203978	-3.2817332168889584	1.0707821846084919
58.570851314116346	-3.8613952131221017	-0.26863204854538603
57.809753720786553	-1.7018714184259629	-4.2992970757039712
59.058879802042526	2.6068226006689499	-2.5842646128855153
58.890236728672214	3.3223245823203671	-1.3333324361221008
58.123213527438125	-3.690377769057692	0.93746397724845953
58.333652049702799	3.5953627169054441	-0.99461026787196849
58.553542476761947	3.1538624038991587	1.9781011264454591
58.400323329653517	0.25653037885975144	-2.8770412466281474
57.841860726978062	3.5053180702798508	-1.3243221420797759
59.239579840539719	-2.0364991651498379	2.6935996382103449
59.349690224256236	3.6386600067178163	-0.59454004042043618
58.961358453296995	2.8038171192839267	-1.7442901706868563
59.332488211625524	3.2547351601666294	-0.071366861973067297
58.362158141765867	-3.8857289896238827	0.76760217663220232
59.275595590788974	0.79479589252419081	3.6393470967272239
58.823527513131715	3.2243299581799207	1.5375114946192474
58.060351377242377	-3.2954156290344754	-2.2685738502679365
59.404868022291339	0.8307573128704967	-3.8285625701541361
58.337718674906689	1.9444048302641896	3.2383545331041872
59.136455542643141	0.57782117546933809	3.4698580448431735
58.768259715432514	-0.98627706880792887	3.5097780046872278
59.504035388952481	3.3184193049994066	-2.2648962513610877
58.201852423688209	-3.7180337588720787	-0.0247164665969054
57.990425447149313	3.3801477178865458	-1.8797986819740393
59.066855645323123	2.8001592376106084	-2.6816571261426478
59.104316640282576	0.87611384312351293	-3.6145580096864953
58.245063505045451	-1.7322388054486348	3.3724727908880436
58.385734650500694	-2.1487952799587307	-2.7400706665924268
57.601697641569004	-1.4202428582706008	3.6709456635114672
58.178556653466536	-3.42816440470772	-1.9495088471272677
57.623850801966462	-2.3900451920333401	3.3686117797747963
58.568838387971155	-3.647259502455694	2.2935191355426672
58.934310790881668	-3.1856934271800843	2.8473734742320733
58.043297970489952	-0.3310412880572986	3.6128490346798592
59.248897157094362	-3.536362191662461	-0.51265336378114301
59.433438069399458	-3.0746765433962802	1.4755938457063433
58.704699752768896	-2.1400047886404665	2.8885979928578815
58.709105425729547	2.862706244583304	2.3628876413022799
57.690817379856476	3.8424202277419424	-1.4866835791463728
57.740450009243581	-3.3293847611207346	1.5356574492807411
58.536466274160574	2.1926173471907013	-2.9940660149701932
58.42028718319289	2.4961244563247722	2.5366340512731163
58.513724543165914	-4.1875881191414024	-0.54496700244898166
59.226910706401839	2.9326869584154456	-2.954499332771773
59.110585029214299	3.3982062463646057	1.4429547650829628
58.300311996976333	1.5933061098937973	-3.362935145397183
58.581599750602322	1.2693509892597759	3.5416243324799925
59.373332101626751	1.305023732119762	3.5575217072227203
57.631110304869154	1.2523322361168512	-2.9648504668136253
59.541897553966116	2.94766457423502	-2.1040572149530661
58.19370458963553	-1.9290924832145819	-2.7589085449317845
57.990583347467762	3.8072861581311801	0.7174329700555423
57.752755440755038	2.959948898894412	2.7090848537593142
58.114883240173221	3.271918293303028	2.5366077452603535
58.484628069405694	0.3420793589900219	-3.45394034451291
57.821668795276494	3.3374847247129202	0.93595762713755448
59.280456188703262	1.0151440022031764	-3.5191903568547001
58.61881009036064	0.80584076315389253	-3.888583661477802
58.66027311973545	-3.041632657233023	-2.1400851831508576
59.269919769402236	-2.8450980028079296	2.4057213417199468
57.969371212761715	1.8291838696058218	3.104762420663759
59.119923139350568	-1.9613118248299048	-3.4525312436094668
57.98739831201604	-1.4525990428653441	-3.0888571215678446
59.430884679988175	3.8627899268800383	1.3440960186464803
59.575762073288729	-3.6578121183463121	0.072053391150538076
57.753894439127237	1.3241273384444561	-3.700769064857913
57.708712562772092	-3.5953617515403931	-0.73572149015804778
59.295509269229314	-2.1064608939585621	3.7661867596458518
57.698168368178912	2.9549103114425681	-1.5107013813256662
58.161141492282361	-4.0324499324738143	-0.2342960874825305
59.352239170442729	-3.3032421706321071	-1.5228102051207664
58.518097383405745	2.8097297627565059	1.8087510960086095
58.589811080245816	0.32796600163737138	3.4667195524409826
58.915399458188624	-3.0758761309896925	2.1379341724295218
57.901782678257376	-0.18748691199393663	3.3076665746086511
57.585031230769417	0.37197245107998866	-4.0377939098999809
57.480379416705055	0.32024771012711928	-4.0214759789406305
57.49983966599693	3.2444310150767812	-2.0398153474769232
58.895468920133155	-1.8399450039377212	-3.7771766653019352
58.138462386762662	-0.92846052933512047	3.9322566911614611
58.99696333047514	3.61101104542713	-1.6062229617612827
58.759206127038148	3.5690376233888479	1.7972373368462782
59.084489138160983	3.6093169455102561	-1.1054304991152564
58.263682082657148	-3.5267138716953919	-0.58760785534725724
58.454704868191605	2.8768631705774048	-2.7536044966865436
58.092489986667147	3.6049496077783112	-0.34119372633352651
58.357913206253073	1.8668432099979304	-3.0909952027324978
58.961535010648383	-3.6668320327944719	0.40607683421437696
58.604610118897057	-0.03844216811778986	-4.4565996689978968
59.251705529375229	-0.28094725907130957	3.7034436977679643
58.103850260525384	-3.411405385947853	-0.88674087755941222
58.518605500486267	3.5761538083765827	-1.0286469585642886
59.18081481826561	2.9574726375707061	-2.0618969066816262
59.545051877741791	-1.7024169053373865	-3.400841764961656
58.695310104128531	2.9149609249871644	-1.9220410729001425
58.89125144756737	3.4655742197159753	-1.0293518884782971
58.437086102147454	4.0532048540053296	0.69092265778886175
58.025251990600836	-3.0987256639898599	-1.9322303354140464
59.369734154276273	3.7030490146969472	1.1869786842993661
58.044061344071778	4.0820474240824653	0.93379799835763944
58.926736553686645	3.4563883166318501	-1.9762546552147959
58.700016066250953	-0.27032405106064039	3.9544853939278597
58.141302346435225	3.9047552065606634	0.72713210847806986
58.630452494981775	2.572177431231335	2.8588654172252008
57.942225592941121	-3.8503898576419235	2.6133121335292655
57.947238943788044	1.7700912973740777	-3.2658934097358028
58.342729926359013	2.4570670113198814	-2.6267964028798683
58.548572716287374	3.5807969680677711	-0.68019318036577414
58.702839275196141	0.46510627828534951	3.87123651845637
58.585167179243243	-3.089343264964227	2.3706866927914865
58.168837348024837	2.0582623519933967	2.5764140739323986
58.460607640303813	2.4266521171516726	2.7884334399938542
57.6126142678241	-3.5823925928559075	0.93959686610456483
57.803908898226894	3.326682760580232	-1.5971268783568255
57.887007285287169	0.90026938499648645	3.5972685301531135
57.727152038144098	-4.2488216371054657	-0.088766878467360213
59.305746916143484	1.8353409301064829	3.3178294346765713
58.892256472162146	2.9551265786666248	2.3163764247236842
59.343782165252961	2.7455800632714475	-2.3149500506944576
59.216413474263575	-0.20268026928679483	3.6269179021765647
58.914460970187228	1.377372733352487	3.4382502920627296
57.904315803651322	3.0439077738488485	-2.128157071684718
58.220785510745266	-1.3273341916752148	-3.6992795989482334
57.647084955782049	3.4689827662352513	2.6356916128017263
59.107889720462289	1.3493167829508848	3.28727323735494
58.71642090625047	3.9480224412980625	1.6938166587527757
58.628307694358831	2.9964930828569321	-2.5695087016765417
58.845089458552025	0.63446825356885816	-3.6265106765026345
57.812712903784224	-3.3856916557719541	0.22336349585792895
57.780913717649732	-2.6421403970712185	2.3115369396596535
58.699965979285992	-0.80965096438033379	-3.267693556771492
59.20840967554112	0.47519833836592434	-3.6910867343999616
59.463238773565806	2.216745022258678	2.8944637316807023
58.391556823625777	3.3299462759534699	-1.7096960400926513
58.055610668002949	2.6675623729949045	-2.0867349478634671
58.975315867182026	-1.4272893343101962	-3.4725025641748282
57.742853159338601	-3.6337048625502866	-1.6978256608696238
58.803241121416974	1.1195245699895218	-3.5636524166616073
59.041279950320956	-2.1854234246495237	-3.2923025039460545
58.608487563112178	-1.8190475479735007	3.3468513454426185
58.592084561272586	1.2210664353556975	-3.6608230569644622
58.220643050037296	-0.79933282025434427	3.944387614116208
58.149417675313877	1.7602596596328721	3.6574769193420567
58.160628730303095	0.44025800836754825	-4.2142955544608593
58.272517812880025	-2.7907268860843093	-2.4985330619073927
57.842684558390616	2.0531670697182181	-3.0517914415897494
57.926994878224917	-3.5449334913623551	-1.30002714852957
59.215254641996438	-3.694989242231582	-0.91568633400289845
58.992986492954536	-2.8267832123399828	-2.2434539337486314
57.891546794786734	-1.6796094053431059	3.5283704609968289
58.595340032353228	3.3169923680076816	-1.3301343550265914
58.116963152141807	0.61209312532886384	3.6416350696861985
58.936379207067858	3.1155591868980554	2.0089370293895747
57.883118646449063	-3.2238268698814978	2.1771732791272398
57.650220256204584	2.0891892529006681	3.3968941261586543
58.644506727580691	-2.1889908721769844	3.3345985735517951
58.912385953126218	3.3897203021942799	2.2317731830979741
58.142999337996798	3.0998277690500262	-2.4735718322436604
58.932325301093933	3.3971145271754462	1.3380047495163871
57.972559796792339	3.037996789807508	-2.3120717292329531
59.446616190273666	-1.9070425980782779	-3.4844954035112701
58.752784000203476	-2.4069455868729275	2.8165823192064976
59.065600525647064	2.9142214799501893	2.2313964965112509
59.477866817591575	0.85432749803308694	3.6222796371100938
58.947050781977389	2.1229618216966983	-2.7874058769139491
57.650828225150264	4.2076561533578332	1.3889761799454634
58.841135395547546	2.0256330117342563	-2.9650832894161914
59.049726023443931	1.0679340560337367	3.6018953878492872
59.193735346726861	0.67156715391185673	-3.4550444145583001
57.855154024322992	1.193727870953504	-3.7407697342087434
58.075436198681899	3.4080892704745351	-1.90254431457923
57.450019640389591	3.2452554824777993	1.5589975347457201
58.369266145216066	2.1566770917437634	3.0962041001000742
58.34937987415725	-3.1354997936228077	-0.19329332610536309
59.12775446824341	-0.85717436852717854	3.2714074292573132
58.340881780223675	-3.5026138480595082	0.7313928519658488
58.709984463230342	-0.25941464841310946	3.7922406716781087
58.907176794534386	-2.7589485119926893	2.5851392273615907
57.647940867653816	-3.0021720079048975	-1.3655753270743016
58.588826013390836	3.6161435499403098	-0.25149602866330711
57.810240588600884	-3.3728206493143289	0.72503288600882898
58.103215897359171	-1.8810475095774981	2.7507293351253996
57.960459286549842	-2.8914719399828246	2.2897986451585912
58.260361314605753	-1.77779230688543	-3.1306587061319902
59.351063107785585	3.2146390836393004	2.6001286651414128
58.171229804348584	-3.3918181934943146	0.66912678477418297
57.707867470472266	3.1642614951132795	-2.4082267834186482
57.726982115093008	-2.786706263940733	1.8120579746234649
59.351616834937666	-2.4237468199361998	3.0489761144285814
57.82442801884482	-3.1004010876069041	-2.6801422040779426
58.388319894767314	3.8181512319996975	-0.088975348638402327
57.729388120683197	-3.2000963940852816	2.2101201953622183
58.489564635939679	-3.1621967497889893	1.8766092403790293
58.022525282800615	1.8645317178340544	-3.4654657978194536
58.462140574171684	-3.7023066912253735	-0.81718194466425975
59.268504066294973	-3.5707860324534679	0.35964495742939245
58.794499689863521	2.4550405187935089	2.8345538429952151
57.794678312616107	3.2172949285339763	-2.0770510130836297
59.264177574116658	-0.012762668551936363	-4.1524565624556038
57.874747828232991	-0.7253167179369352	-3.7031810769389342
57.849874771106492	1.874412168494282	-3.6942083576641069
57.907697114107165	-3.9228126499611169	-1.5535195973954288
57.619111762062005	1.8318378038706631	-3.3277908010170125
58.157534879378574	-0.4369424888620097	3.6511386419129801
58.58433258513638	1.3610268198033371	3.6870894204218652
59.175045049082684	3.7943515773436713	-1.0837406315766087
58.684541528919411	2.0997856894412679	2.4000398372461405
59.517878529404236	2.1530323658084787	3.5056631040488742
57.748419511960741	3.4372802395099926	-1.7382172783161278
58.183355836947754	3.2353893418566164	2.1715886984828772
58.056866451476424	3.6166253980086038	0.25462894422782256
57.909701680475877	-0.42388392687449877	-3.3932885765645011
59.043516873667144	3.6296396397535617	0.77348739825221369
59.056304101343734	3.2936628489728137	1.4851473050748298
58.159616857605492	-1.6378124968598153	3.4211177737914924
58.9035499629925	-3.4977422517687966	0.74314097527150813
57.9818386084224	-3.132584910901123	-1.6059258246102652
59.384996616203885	1.8161897672323783	3.700517055839053
57.809725512559957	3.6584153948323963	2.1220612702602879
59.524526958982136	0.31866647979989932	-3.9756457243783196
58.732922390150826	3.7606559056016482	-0.91690293377407039
58.930016269512492	-0.36404490367123438	-3.7160815995919121
59.275561070771332	-4.8118283937161825	-0.21757021439593147
58.02843397968973	-0.50978200375818361	-3.3724588042447303
58.739075615377203	3.6549279920401641	-0.53629624704696877
58.821456686012652	-3.2092732269375412	-2.1129227247003506
58.94825241425977	2.7450007627203257	-3.5049297579178198
58.725453019212196	-1.3293858542539274	-3.3568149186993659
57.896973860199829	1.0427369298505957	3.9096340922373201
59.040977408940165	-3.8652419849808473	-0.17645841579157362
58.257783715298849	-3.4809836657871607	1.8406300420364119
58.123445433237016	1.5397497788793504	-3.644431471376206
59.101017640551191	-0.0051704712738813363	-3.6080279214302373
59.163938067081766	2.1781524022112078	2.8251376377775017
59.293906930315011	-3.6064484867245801	1.1340568386415424
58.894196556482093	0.27722112827982304	-3.6835370880844867
58.084970972219665	-3.4616900703576734	-1.8352627962845016
57.829093669020253	-2.0931270787628331	-3.2690955711269174
57.942590225942908	2.7081798057729025	-1.8598621562087037
57.772064796090312	3.6968739705681988	1.7012787570995769
57.783355095623889	-3.6527691201554138	-0.70956096612998965
57.90153569020999	-3.2547950272038504	-0.6490449598891026
57.806940612949042	3.8151169319621747	1.0355730234369649
58.284776548908091	3.7512071477915998	-0.7510268778484176
59.20004179956593	1.7083403723913679	3.0894274466265843
58.118158202032717	1.8261512638417863	3.019317176589007
58.188737619879277	4.1311950383122769	-0.26168872274722105
59.186951562659893	-2.9981084347045313	-1.5408708301252345
59.520534601059232	0.29825003927669486	-3.9053415628522608
58.102107492936959	3.3539412265514454	1.4916197027154769
58.885116433802303	1.6295374247496341	2.8641860226428104
59.517832612005094	-0.60224112256856221	3.1672866878198827
59.521856079271359	-2.4436494071871322	-2.7390724821679022
57.891997457868925	-4.1287469597794439	0.67207528683550033
59.214417318737667	-2.2916389132735731	-3.2968590198839975
59.322400972105058	0.92271080829910757	3.5439559875943591
59.157644399048955	1.2406051232492319	-3.2229057511028416
58.045530028512125	-2.8439085529967656	2.6787307483039253
59.371662949764783	2.9983578457197533	2.0155513599532653
59.19961319324338	-3.4281467841972431	-2.2800287172903984
58.564360616901553	-2.2951766420809117	3.0516072576930426
58.117307885732018	-0.39602151346586711	3.9328083859902252
58.18820419484868	0.33347124981287407	-3.3960804407326286
58.902935993295905	2.5729770962035241	-2.9171597425154356
58.788536495708001	3.0966187194016181	-2.0114930613159627
58.336119560014176	3.6754704015810877	2.2305648042640547
59.051573877764206	2.6890151498441379	-2.1960555626886733
58.119720467476526	0.22030650339821073	3.7781619591997631
59.269189904242197	1.2378838916550006	3.7797046823310483
58.145801509457257	1.4498425464954596	-3.638366966739198
58.830226670426434	2.4595081102277847	3.230281945076833
59.435621999100121	-3.682051919650823	-0.45261235028012831
59.453110999766885	-3.0948650713677535	2.0742222782946036
58.970494610487783	-0.37846391855284411	3.6689843393706618
58.735684645073853	3.413390532275415	-2.0161258722580757
59.476938094817591	-2.1591000904931241	2.8792744237867978
57.804687126996555	3.7286437506073549	-1.3464411189158203
58.109164910950774	3.4540240885931732	-1.6800577471188931
58.18114545978657	-1.9525103675552293	-2.82454435793646
58.30340669354154	-3.6417485103290224	-0.12330151706231626
58.551069543129792	1.7789384797554142	3.1912168586662855
57.734519092571958	0.26785983467403013	-3.3992725291741506
58.131760653495625	0.57170972902133421	3.5449295699731511
57.699785340447939	-3.2990013573692791	-0.51492588035691544
58.087113109498361	-3.5708959377615215	0.88973069179269626
57.507036870792774	-0.035362988415146727	-3.4545637699495577
59.198723665410867	-2.9335417881017865	-2.6091594051597706
58.191684750828237	3.7862888337963412	-0.87722572377490671
59.134547801264617	-2.8278545957544967	-2.0930188334026938
58.666968961740828	3.6139032633479906	-1.4558755676528499
58.138202172039769	3.8504598173578195	-0.90067390275036674
58.363405534566539	3.0856709848325306	-1.5640855921035199
58.927989130189459	-4.173065489030356	-0.045984685034055547
58.006705173558743	2.180920786579422	2.9384157439270973
58.580304255306658	-0.50921917239914194	3.9770784593628981
58.790393085225489	1.8839742152191701	3.3214349998137225
59.259750023227795	-2.4533899824837535	-3.0542377319831764
57.914276252834497	-3.5076200461172462	-0.67952930150422175
58.187431431055671	-3.466866223298573	2.3649413800180166
59.424206973485603	2.054271760152488	3.3447553562751011
58.679750142530629	0.99850544458852408	3.653313194250674
57.770418558019941	3.1201513152215661	-1.3475963265727762
57.867741356089105	-2.8313994652274928	-2.2274841708612456
59.22120273505351	-1.5934188349217364	3.4803170202456482
58.364206672316143	-3.9352681487402821	0.10887385740048455
58.871991677467228	-3.7399244830135432	-1.765885710993242
57.625718998722554	-1.3543893628942423	-3.7205655511250111
58.423512844137846	3.8385336124111267	0.033354999417514755
58.051271002106986	0.11746216920752063	-3.4915772428893477
59.441959359015613	0.17150197564420455	-4.0239291130058232
59.210341577158985	-2.7949329359663819	-2.501259951064537
57.92636579077309	-2.4348028376613624	2.8106863246514044
58.470786330948542	-0.049173553789060798	-3.771659568793011
59.416897335993177	1.7616767311336945	3.4913360939569524
57.677492559449995	-3.2085701903361481	2.4030069393504743
58.862537088933564	-3.6960477654513557	1.1655823651345774
59.469223199221517	2.9400321971242658	-2.6562347076670769
58.101226512161233	2.6702147241617729	-2.4208636428260029
58.43090428181084	-3.6396156735642622	-0.20881405896237018
57.716328287765087	3.1346298068924607	1.801307813198018
57.745517912342947	-0.91594259218719221	-3.7992214470427266
58.24718278098117	-1.3147847960674905	-3.5328521382843516
58.089729729207725	-1.3128472243141545	-3.8019371707836713
58.102415041173856	3.7051334719062963	-0.42533539185214797
57.756654923311991	2.2051993408283335	-3.2059012329660064
58.817656805029664	-2.8574723066358212	-2.1893502950868782
58.120845265734516	1.533284567160478	-3.4635432567481215
59.248718377872443	3.8128283562245611	-0.74609319347726488
58.625028587407108	2.006969281786346	-3.2118398329614242
57.653498361626056	-3.6885061196730931	-1.6518869470306583
58.856231145492174	3.4974276352273046	1.4702481866078196
58.229169226717339	-3.7026822324113748	-1.0218621665686654
57.885729053317249	-0.50748425866557556	4.2398876355821811
59.103104034813263	-0.45874144318414156	3.8040294054803221
59.368749352340444	-3.4185737559289326	1.8234910741727046
59.371052370630238	3.9499584968002255	1.2779476643008669
58.69895707091019	1.7561986204403668	3.6270961378944966
57.724189291310545	-3.6173433675888975	-0.46562470834654412
59.3308796634064	-0.85953476711605736	3.6385734948182185
58.823788806455809	-3.1656506023115072	1.9439861705809975
59.256190899768427	-2.3081586386850352	3.3152857701065561
58.787607041240939	-0.82540502529907134	-3.4744699742023291
58.820140871085677	0.83001563418202229	3.4528011917606487
57.658898606889807	3.2684056371904706	1.0750754898514021
57.896037302397566	-3.7084628107276014	-1.9353121467232264
59.402786513395263	-1.51350019180717	-3.3066914647198313
58.94042721358656	1.5287634094803764	-3.5464210958488152
59.343196297116066	1.7676692723675684	3.5212169245634004
57.772564521595712	1.8501115673680015	3.7017209954577699
58.991674823343359	0.55988584056308821	4.3976400082649532
58.300179605561695	-0.57394379226507453	-3.2235065817396475
58.82771248874009	4.0971784155488393	1.232354235420422
58.325254736976532	-1.150107354076443	3.1868605984473692
58.752180165525026	3.3653878744576522	0.12417798786259962
58.948758028077471	-1.7886351117110009	-3.5547012401233351
58.658668908272432	-3.235576882014791	2.4800422120080889
59.398169226170644	1.819223880752648	2.8555885042763869
57.840527817638169	-2.8640623954052056	2.1074066646974732
59.145744165950049	0.69053963633376481	3.5653853768586701
58.05401406359487	-4.093295591799671	0.72105043351027653
59.160705240291442	-3.0306740294429262	-1.89469361264336
58.74260552734269	-1.2637027393389055	-3.2980371948895906
58.415635829541692	-3.2610609303658045	1.8600763960410924
57.889511315037957	-1.5236834795210077	3.4473414996488092
58.290078930041958	-2.6837084385326375	2.0712365496826295
57.867292449463605	2.7569875857493749	2.1403443547208614
59.166898804921701	3.2557547956824084	2.1178440041459194
59.286479720991721	3.5260905201087724	1.6209012309885915
58.043856266145099	-3.3851395017329553	0.29216754526182931
58.03875590871381	0.80322772206465776	-3.2176968569193458
59.298643671416102	3.5938174013240261	1.4094215242600201
57.778555981013959	2.5954124383300869	2.2563273773312398
59.036081870164715	-4.030125141105918	-0.70993360945620443
58.302879475219235	-2.2614762088514548	-2.9863557194396866
59.541187025731141	2.392267967668225	3.5002288898810479
58.273393017910209	0.54326538608422881	3.4989011202634814
59.106771783854171	-1.3038498261806657	3.6195601420230519
57.883215440984088	-3.5335814924722464	-1.3235367030889444
59.274801226907179	2.8107218689039284	2.7115618539137207
59.419847884318457	-1.3500222642534234	3.6549612845814452
59.077592595811097	-3.794042708604318	-0.72235135704191478
59.192146074588933	0.050433893485060381	-3.766607759897139
58.570947070221962	2.3478145689136327	-3.0322111829844638
59.40658172869945	1.0322184407420048	3.7350167531277605
59.099991207602685	1.9485520462335153	3.3841257424503586
59.426260781104006	3.4792160361096518	1.4325643477659835
59.088108290412862	0.43350558059135758	3.6928752936171425
57.698694232577544	3.9018017593368168	-0.1955960939472626
58.530156995251936	2.8676618705036998	-2.0272857539250158
59.216068579609832	3.5629889318218413	0.038192158806882724
57.913466319343044	3.3139910917494473	1.6826816677473369
59.301134435544377	-3.3854365198997209	0.88527909334278265
58.385377723283185	2.0703674585789211	-2.8755361317158874
57.936119235305284	3.4037958171573606	-0.96106764163603753
57.744872422376474	3.8232997481193713	0.52180666292391431
59.018348931375606	-3.4188045437855257	-1.3582479156445715
57.958866539106985	-2.0271663868776848	-3.6068034839515639
59.073690645377823	2.8055687205528432	-2.5064224767600751
59.44394079886932	2.7874801298762866	-2.8763875744957099
58.811304063893651	-3.5730102947202353	0.34393809429421135
58.426740593203803	-3.3292126271115747	-1.2163468771799786
59.548835223235351	-3.6032386962373839	-0.41638680675601186
58.375749584916264	-1.4311423385880513	3.4295943636280355
57.947113578315346	-3.6074889381406519	-0.82070247936633756
58.919683424407246	3.9254338084157943	-1.4200262218043611
57.868712267119555	-2.7177982677147119	2.9594716498915892
58.526677196570937	-2.7437910270121657	2.6622832452550385
59.265751495892133	-3.2692664959803657	1.7257475371470614
59.348769793483349	1.7073596829493132	3.3545387399478681
58.994950675688621	-2.4920687935228014	2.7256152357410928
58.631683419961846	2.0851839615270324	3.4436256788551849
57.645851164773994	3.4326425177422353	-0.60369884214277481
58.102657193050504	1.6939796910911826	-2.8349072167984124
59.331810341300447	-3.1194775281434954	2.3461138590189217
58.405652384970239	2.6592960775903007	2.9950443473353507
58.190331511894172	-3.2921276506114308	1.5083861583612288
57.577456917828329	3.3382113833523603	2.5300867833284979
58.286684898682743	2.7221185570149489	2.8305332004043802
57.805868871274093	-3.1442625440053256	3.5721767672672908
58.364589455718757	-3.3702387945760259	0.015675653104297388
58.574092407994776	3.7075176648204313	0.36983281161373099
58.925167584043265	-3.1520999680286548	2.2863509546160388
58.024223057294897	-1.6963419759142075	-3.2770542656247681
59.003134210023696	-2.1097899067315526	-3.2781799162785985
58.722358338647233	1.3650892042766145	-3.7909371459451298
58.609740726854064	1.2173593739114998	3.5397163104032217
57.729553580368865	0.18871475811715699	-3.5713492368903035
59.083478843572166	-2.6250857767722087	-2.7842813835640969
58.952473981367788	-0.51103846695614719	-4.391975233286975
58.956787368786522	1.9115827365886378	3.3493274285200911
58.790030953497485	-3.879398060402127	1.8679811413446932
58.735244178371318	3.8398585740057536	-0.54834062740534639
58.071997368455143	-2.012659741194136	-3.368286887124234
57.575627770156892	-3.4974087586974676	-1.9360296505173935
58.033839517988291	-0.78595236452917505	3.5255760798465503
57.973244404980854	3.9626699955401556	0.24210320521264755
58.996970818780447	-3.5611546155875713	-1.2331802194747445
58.554000728870491	-3.6451855966524005	-1.3555038723712516
58.653872964840374	-3.2082667970229592	0.62164935282284461
57.982924518427588	-0.5911493623702655	-3.2204750043057109
57.899283030028393	-0.80468589115001876	-4.0706248748281135
57.994621069639408	1.759562513680154	-3.0562481168715334
58.542825990326165	0.77687346497562326	3.6686313537063246
59.484995524124557	-3.6948622630405992	-1.1923971055185791
58.883246195387748	3.3463071210426367	1.2915719362961779
58.360012208637748	-3.1449504948512956	2.1017406446985913
57.521529299998569	-0.14560275851379639	-3.8642979673233611
59.191931467890186	-3.8686512869885017	0.41737001082580222
58.549653482191921	-3.8217025412661094	-1.1190542458613961
57.781771322192284	-4.4450508114465235	0.14344982401843898
59.463112247383435	3.444083824101797	1.723107962265843
59.007750454011436	3.2297257099549257	-1.5666766254111932
57.88594354200756	3.0301746854418816	-1.8644456981382276
59.320112802247586	-3.3043711223502434	1.7784053061207723
58.470995172767083	0.49005845051647201	4.0681502522882864
57.731900432335415	-0.49291263074325181	-4.1547237631810319
58.769433439504176	-3.8551446916069887	-1.5233337189381586
57.943283335403102	-3.2286464931865826	0.44738414784272801
58.529224843479227	3.29596799058295	0.45077694800105622
58.742137853427906	1.3015335660415785	3.3736634480885503
58.859297485951139	2.7532705319295858	2.6450110565590421
58.042318640606403	-0.82469350166676103	3.9651005687667413
58.651840895540531	2.1921463000595796	3.1166125745113709
58.813272246063654	2.7281842417851507	2.7925551102938462
58.089632477580786	2.8885301026905932	2.3227437281318877
59.213439821932184	-3.6998639455660829	-0.087053975677238993
58.751521204991704	-2.7000681199157466	2.6347427317977141
57.779266411131651	3.0296504170593623	-2.4649465996630178
59.112374092878021	-0.60351891392433066	4.2115973659026382
58.41507350750193	3.5013382119400567	-1.0448525638933039
58.790955223605067	2.1657532238520214	2.7948136012487019
59.256176260205905	-3.6152130682574843	0.06391439352116525
58.304095660917099	2.4343469555224586	3.3711939880074611
58.802018682597364	-3.4942176760072998	0.31531347771425755
57.92228440580039	-0.066215149397368819	-3.3391226998555208
58.654838208244534	3.352931382779619	-2.4211708684753326
57.916072204322461	-3.1143113047416104	-0.91875615489520857
58.583222463084127	-1.2367545367391988	3.7752847263401268
58.897891190477743	-3.5177219990751429	0.78725984757079792
59.357639371123412	-0.033857826983039796	3.7359903594178645
58.949271542053168	-1.9362987802170259	-2.9441910817678196
58.298371676466424	3.1501020270824851	1.9074107839236816
59.257352613909923	-0.8701019116485601	-3.5720538056241606
59.059046546336475	2.8339773312125809	2.2323649040944193
58.228105043100641	-1.0981174796042088	-3.7461606402480916
58.510345625574601	-2.5949162271132824	3.5464990131044414
58.715979919865937	1.7249871480945382	3.1767418432568997
58.118657184780481	2.7625833716129033	-2.8778893447133145
57.625156844198671	3.2431229889140916	-0.64875508403586313
58.676525230872215	1.3077369128251439	3.5485193492839553
57.991296214738782	-0.23954492256803694	3.0671411541436511
59.231722308999579	3.6359016528469246	1.036142996741944
58.348875569608595	-1.7345588435388872	2.9558254408666889
59.221173260720022	1.3026344512541623	3.5466369847083157
57.69332617933965	-1.1829458086889053	-3.5879358294991244
59.337601151802815	1.2450713167871676	-3.4615270185610454
58.45067304891603	-3.0538732332943632	2.0960374641630213
59.221461250005945	1.6975787262074336	-2.2770651235176236
58.021151245825614	2.6450773816000948	-3.1996759204775462
59.258028226518569	2.7407727366950687	2.6446142385191105
56.950179213790179	10.123273483272028	2.2464485987735023
58.003862996628911	3.7578601993665828	-0.54635256899280693
58.094530745777547	-0.31241989753307087	-4.1551352961077042
58.951330263724984	0.28118595223737236	-3.670884670546303
59.080939183988463	-3.251684578689491	0.14177931337876387
59.167822922477363	-1.388968029789593	-3.3148257748675003
58.552956661144798	-0.44001852721592394	3.9198830088729655
57.677371475985545	2.3926683505325608	3.4168184696025721
58.204920297939182	3.7936082167353709	0.21135113383728715
57.497007208599086	-0.4003348821892635	3.4418450593427625
58.717274254959982	0.46367064189816903	-3.9692440835999423
58.354056454528653	3.3432181412902828	-1.5440230574293392
58.297449489397515	4.0783850379211088	1.3961347379096776
59.34305738902134	1.5344269055334643	2.8253089489302416
57.77834192704173	-1.3625255665218252	-3.1352282944285377
58.770159272730332	3.0712919930068057	2.5287874978249723
58.791364791814793	0.14607499981881772	-4.0776320173682468
59.067462154157504	-0.94736858022162584	3.4956327179703348
58.324992501426387	-2.657819654194908	-2.874095320932796
58.773322715079068	-1.6508268806024704	3.44199964973595
58.934599899759782	-0.90726049231585304	-3.8641759322969431
58.157097876527246	4.0842971390030138	-0.048377324979123108
58.445579006264794	2.3757685309287973	3.0028256959714938
57.976843317301935	-0.88384409349291615	3.4043531799966775
57.844276634644558	3.3484420180773218	-1.9700979699209744
57.990376592021775	0.09388526031510587	-3.5487150804056626
59.393818292312048	-3.7892345207966898	-0.30179950252561566
59.303691807032877	-0.48334553356683746	3.5339664433062055
58.31542815776389	2.9027812075458597	-2.6169346099716067
57.890265774602632	0.93621193404914205	3.7677405072691061
58.139636726728561	3.6562903071230255	0.54853728914815292
59.253646112926006	3.0865870190215001	-1.9969133332643489
58.890480155159992	-0.90079108758316884	4.1781524281926536
58.411385724897933	3.7952212580594287	0.71989302810972544
58.299628087473373	-3.150519943246707	1.667719143987707
58.795611762337423	2.8841942444805744	-1.871734558304196
59.092940453641205	4.081158422511626	-0.87360086791623215
58.72073727515123	-1.9406801681874386	3.5369367300192169
59.283910338137687	-2.0324110956192349	3.4509968136356997
59.479714468003301	0.30902459458293935	3.6569718965251168
57.774471228120305	-3.3682380643837089	-0.759758187938256
59.071568118202855	2.5872455053840935	2.2860612328361776
58.910011062290906	-3.3154659736610932	1.9749656638584336
59.270709502765826	-0.6059328094110995	3.9654640804810817
57.854799301329457	-1.8869385204962315	2.6669298365662373
58.5910886393863	-2.3985972336317674	-0.63291736844249891
58.015493878785954	-3.3192973493494202	-0.83604667524398568
59.232617522693026	1.9232404171661219	-3.4079179043297256
58.152322717542837	-3.6641974384774403	-1.5447331604472399
59.11236598747319	-0.14043857152747621	-3.7882155909230142
58.344889906766149	-3.2581506018369644	-2.1285090221969281
57.600370404661739	3.9297578113189227	1.356399543697987
59.110305365593398	-3.1242200409110574	2.0397962064631114
58.226586023190634	0.45709975696417404	-3.1607303770660766
58.002644464716361	0.43995194723598202	-3.5072174492994908
58.638465218288175	-3.4636740473763958	-2.026471367300926
58.287989567061082	2.2138379458525486	2.9253761109628922
58.869690657135955	-3.6393612542670177	-1.2404884688073705
57.723789723772803	-1.4396505061564713	-3.132092770281719
59.24827780892489	2.6701786949480857	-2.5171143973035237
58.664386828181463	3.0593336944443053	2.5592838395694937
59.308632469948201	-3.1790291961345458	1.4777347442766062
57.946144120393242	2.2457461097866256	-2.8542446270275752
59.185087982351043	-1.7049308852609391	-3.3961089303350742
58.732782867524477	3.308655636389783	0.61363484555610104
58.164607262066916	-3.1113116789867066	2.4899168256831565
58.527597202930906	-3.5202962695013462	0.0068278139808774395
57.655111218860021	3.0970674698511567	2.0773181747563023
58.040089438573958	1.968473349597875	-3.328873960215526
57.843137740557516	-2.1236116135235492	2.9077907721903786
58.426472116250949	2.5891990547300625	-2.8417886920316802
59.055723317042492	3.9526671301518639	-1.2567730025390405
58.729257255044601	-2.3264167877698987	-2.7602082231921576
58.397576040044996	3.3414493509036571	1.4840195503839748
58.47675964890847	-2.1828090490992262	3.6647573235522728
58.905071396233737	1.8207706572224016	-3.1252205600318153
58.305700212121117	3.3363737257926473	1.2138658241802238
58.765648478203751	-2.8347172413147375	2.2677250441562773
58.962475619675786	-1.1936184110277168	-3.5347569484908741
57.819188793247768	1.2027236848690486	3.9222486560626346
59.167166243625374	-2.6872736403080206	2.8353274804900361
57.718384866068646	-1.1408582105418053	-3.7161106655749072
59.54550458415325	0.62041306667189866	-3.7770456646673054
59.126777063643971	-3.8581305470987735	-1.2297476958567835
59.214796164798926	3.2550168016607954	-2.591695290046196
59.28453425412507	-3.4163684720968921	1.3913880033291186
58.784909763150864	3.474228735102554	-0.29887011875596375
58.53415194873957	-0.58962046132094859	3.9076113983394389
58.515966986406241	3.1009404818735287	-2.5142805663061272
58.172397892429927	3.1034944555747033	2.5047275609840796
58.882963497386001	3.8438361261703959	-0.0096651739874349073
57.984410086510984	1.628931344261106	-3.4413243787767476
58.558230940496259	-0.54241861670899461	-4.0312567178791401
58.351174383886281	2.1074547730702062	-2.7202737223523648
59.081953379281956	3.4078305714932426	1.1306467094433705
59.253701242458625	0.30359867402732199	-3.8684245874851588
58.943237616067776	-3.3427341480864272	-2.0059372416320955
59.286080847619708	-2.4105463537260712	2.4450045954324366
57.910519630477907	3.3678383839675869	2.1551964237457777
57.776458384492258	2.863450382529678	-1.7094873476307761
59.064788991474771	3.2377051960071825	2.3320120429770119
59.431681949416152	-3.8275334186826893	-1.18330424292389
58.294142650767469	1.741032352699954	3.4698732070104059
58.645825021493714	-3.3713182173047667	-2.0644076243022917
58.578651687782056	-3.3832044352471113	-1.293722671918961
57.849174485331623	1.0619063064110756	-3.6638202628310497
58.904697427941628	-3.3693605750785904	1.1835934301910014
57.93318599599516	0.78548952091938162	3.2040151613212791
59.286196603322047	-2.451036006220229	-2.6196673844502056
58.264457745860902	3.4745561905586797	-0.93631299872024099
58.949538912618067	-3.5853947776027519	1.4605887906694666
58.340665899769235	1.5270000250407214	3.6913061307532882
59.085998841123818	1.9572994795258882	3.3382582589999519
59.374301481207688	1.4708613623725377	3.6147267113492014
58.010210882463902	1.9868661344585397	-3.5989308407446656
58.779480101740134	1.2274568316831793	3.4791231237510636
57.932281444191517	-0.36088790739856419	3.8003700816834463
58.293943187391676	-2.6470807836882897	2.38777304660664
58.47515611964301	0.26335405723077532	3.7236207338087914
59.482519525454649	-2.9528717923631009	1.9539238178372944
57.631220648953033	2.7502713093941709	-4.5179739406161055
58.786015696881371	-1.1904173316345408	3.7331939220066146
58.493191919839241	1.6903114757581712	-3.6160714925221291
58.999460139611109	-2.3947884695485291	-2.6848506209745437
58.600603661728911	-3.6570163705807164	-1.6073991515037009
58.022190213821546	-3.9486743359535872	0.34120215314288893
59.106835483935676	-2.9532881691791815	-2.5237352066551741
59.470144386166481	3.0541943941173324	1.8483789169870728
59.376676857315069	-1.5408259168910901	3.2021624406080074
59.624149858668524	3.7211878002821837	0.86809258880886575
58.702697909849896	-0.15028657069455584	-3.4980152266974498
59.360603764113648	0.21173744410742157	3.6505541923846763
58.87545465084068	0.024053996610655375	-3.078585261873418
58.542447670221492	-2.0265604095499321	2.6237491513205673
58.217674224000753	-0.8739959935031103	-3.7767252498539694
59.028522759059996	2.8766165234786558	-2.5757106658670601
59.438234603589052	-3.1575435785965595	-0.73861380841554525
58.952893503335112	-3.3875803156198403	-1.3386418266555231
59.353613210029138	0.023716724580407317	-3.6697655248386418
58.716972446891397	3.658665105505849	0.45152728988618074
58.23461468754126	3.3854106356616791	1.1540521578193563
59.419522093546355	2.0870890989044075	3.1048541990101328
57.738774448822795	-2.9683174260213905	-2.5827344025948058
58.703671577259009	-2.3673020571886068	2.8389021140408297
59.155079976255003	3.493617422895698	-2.31905852904739
57.595379245184411	2.6785509180065206	2.839955458851994
57.572821623501405	3.2167157542562643	1.8337316495303795
58.780272544164085	2.1689251877940836	3.2049906409248674
59.525483519401185	0.95451267971655673	-3.7488521248932427
58.47696008062838	-1.5138234248497544	3.0801010318352038
58.915200873328835	0.078089840020094267	-3.6485541602123863
59.190288096213735	0.82633872969563926	3.6494497816611369
58.873297573166958	3.4226341126951527	0.68004577287149515
59.186674103360041	-0.45631322863360085	-3.9477840805915854
58.529016304670414	3.1464299268071092	-1.4836776597446171
58.290551604017544	2.6723300905867089	2.2990017920081991
58.359455455852739	-0.96707757167125674	3.446265963010438
57.936410216042674	-2.1417606038945833	3.0770220388529421
58.141837011313278	1.5720835138454476	3.3078255280720024
58.886259867429203	1.3148804089005437	-3.5496308104069971
59.290142329991454	3.3381665835261125	-1.6001719736192468
58.396600319144241	2.7411345763906407	3.1762175123496381
59.293828940458958	3.4903770872438402	1.5894562518961064
58.256307936244113	1.7835992729097991	-2.9824574534304746
59.343658154498634	3.0391128815364499	1.1709580351810105
59.052312305404499	-3.5739975998195193	-1.0236264063165987
58.845773573030229	-2.0690607105709646	3.4847349517751067
59.431282806012184	1.9808063631336901	-3.1129334479587771
57.781045388290956	-3.6725470099813284	-1.0377492535614565
58.639121399926005	-2.3515285485114168	-2.7937894881528216
59.392839422672104	0.34989222815257615	3.4708425550839701
57.856565775678973	-3.1839114589211888	-1.6240393503293824
59.244171844314032	-0.28493808111510965	-4.1512043963560616
59.553880581316548	-2.9331419461959309	2.4694215462537561
57.738547141290042	-1.1596425076047689	2.9256614460484553
59.142649427816728	-1.800661312949684	-3.0417739243195898
58.12365328537259	-1.7701332455799477	3.3696655829385658
58.7468972645379	3.1499205482243311	1.9768493753289154
59.229398951661928	1.7725610044776554	3.4609582070402292
57.683181945256372	-3.7853403968723298	1.3766449582607128
59.385763764164565	1.685408108613496	-3.1022602671353936
58.641315703634191	-3.9238698452890728	-0.2777964796588272
58.281989122122823	-3.334209098744136	0.98870332879586564
57.980722083917676	1.7860243269692109	2.9921540556609196
58.407098232848668	0.17339962655759508	-3.8705612338177082
58.521860996894006	-1.0292462569720693	-3.4197999767883611
58.448363055526848	0.12068604073125946	-4.030810331990387
59.47393937168178	-3.3502557918564873	-2.0647416613543554
58.397546693775922	-0.70643549110003123	3.6883340653706931
58.357804545672977	-1.0200265414190586	3.770679529939613
58.845866763435595	-3.6513446347371432	1.0632263908178232
57.870826461096009	-3.2393466169564973	-1.547484527428457
58.396681439702796	-0.74566079726754364	4.0662639114731576
58.850353778086692	-0.011219225221578649	4.1028453452613123
59.040912789628891	-3.4987296963425729	1.8801980000774667
57.99374187968467	-3.4913193832970357	1.9475752131309014
58.430180425903309	1.2912921574590865	-3.474518319155059
59.381168170008692	-1.3029146374905545	-3.169221702499935
59.497632856938758	3.4250297442701596	0.8780965767952611
59.041672753505907	-3.2667759611447655	1.5577988321798339
57.843337028052801	-3.3073513969194073	-1.4063162520952137
58.193780519996658	1.0560345913051015	-3.5094600563669069
59.18008432865993	-3.5282859187893694	1.5521153087583233
58.512592248155507	-3.279350642077334	1.8988037517540908
58.817623084400431	-1.4831424978067631	2.794507387940814
58.809545910158647	2.820282191829937	0.88593863110980742
58.66398654262899	-1.4084646813320036	3.3439108235299924
58.948686489964601	3.4068134887117676	1.6325386678756562
58.170929253082967	-1.8268854012029652	3.0811798564883492
58.69370076797545	-3.077821251868023	1.5816053447267893
58.900397840940414	-3.8613360815526061	-1.0293514717401511
58.393940357680002	-3.2763607638052572	-1.769324843314952
58.820883901935666	3.4636091110585561	0.070680999243163761
58.262418765162508	1.7619296811916936	-3.3702858371886473
58.604276078697623	-1.969917495153237	-2.9583466123860975
59.040167349845838	2.9202169721944289	-2.4589372079852869
57.804729505963898	0.66605612551618854	3.7638854504026482
58.214043385820212	0.66670786335719623	-3.5763094514927714
58.854144948070562	2.2578653350438431	3.2991125117883389
59.288706694083032	1.2006369670952457	3.5202341526332606
57.886886500946325	2.6698357699960917	-2.87955532229934
58.588594372737823	2.6441593811471309	-2.0597541293717629
59.423102122676454	-2.4489084551422784	-3.1948057835930772
59.558545295315881	3.4249930333911687	1.4763041608546497
58.091179338915445	3.5338849498263576	0.87750312596027269
58.736287549129216	2.931959686512255	-1.7510181838169445
58.587820281799317	-3.3146484792709718	-2.2381410766386898
58.881901536384746	3.5084290245254901	-1.1454948489673891
58.576344178313015	-2.4408030726106933	3.7701658914946958
57.808870830884594	-3.529508141029567	-0.029871063298271112
58.51919592805082	-2.4387851623138177	2.9190485085919948
59.508714883134168	-2.9070223649390359	2.709891270094742
59.220316889893425	-2.6829591122423655	-2.320512751430392
59.340926343944552	-2.6873377028712988	-2.6645636370850192
58.430929609733319	0.84467998599993976	-3.3323880905720848
58.986455745928069	2.3848533809126451	-2.878748302038507
58.420517278707614	3.0189058394761705	1.4127598060221029
58.822607787276048	3.6297993784388565	-0.19710543374420064
58.860186731171055	-3.4498547452584001	-1.5193216891460766
58.196343337263301	1.5150293519979221	-3.5847876726708998
59.029831192784826	2.7589532490323001	-2.0413705526825585
58.336436111786547	3.0074887889449031	2.3662894245259753
59.333243904067643	1.3730482745981789	-3.6228071320888495
58.706807998374181	-3.5906829409211789	1.546432093993392
58.107140016640209	3.9939205065607664	-0.0093206685102199503
59.249342754792103	1.3342912437833556	3.8619709445702854
58.034302607658148	0.70164827130397711	-4.0128446694579232
58.676620128946887	3.441203052041105	2.2396109219272531
59.162350747136387	-1.7928450454803098	3.3105839189704098
59.437329011753036	3.8225170220063696	-0.88725021907652835
57.694758519284633	3.2581444386014535	1.7684873234333078
58.63029982187458	-1.8682744804303828	-3.2766723258010786
57.692873085552343	-3.2581930134343571	1.0816067512319849
59.405696592542157	3.6850765184586107	0.58274993164625055
59.093782213197478	-1.109221764867212	3.9436060638677759
58.800637454205216	2.4180263926726648	-3.2917709016868946
57.840967985280606	-1.9098280067473989	3.641692521904607
57.867496065652198	1.7345859987299841	3.2510127833142537
58.677061900704473	3.9765795089839351	0.53763947958051683
58.626151783579928	-3.4017948303236842	-2.263725032087085
59.179672594571159	0.7854988598595668	3.616901580518892
58.990111393294299	-0.50699501011245574	3.6076928050667467
58.481753959678564	1.1776654527316159	3.3908493435315994
57.8324146237238	-3.2076365321109606	2.2047925528262673
59.287821356562368	-3.8860704639410013	0.43926017083764513
58.839041272159648	3.7653291267203643	0.39585305960668021
57.989466750064132	-1.6753902050227596	4.0635919586329328
58.75273086924237	-3.554843548173714	-0.35664810986950246
58.913036348066925	-0.58768300335111767	3.3036610947168774
57.8795121729719	1.8632276581582452	-3.4859392925286357
58.380936274930363	-0.7681165057997551	-3.4869883145156528
58.399426143368629	3.1226478050665269	-3.1917699622647095
58.587547054291271	0.69060393148584009	-3.8030382281562893
57.645231698215532	0.15939734771646494	3.1977108824457341
58.994762842030099	-3.6860774275287378	0.55362923623198645
58.641159512460668	-3.2086585253806912	-1.2551485368679156
57.676075790048685	-0.80879687016845236	-3.6646648187459889
58.417738906528641	5.0221340886445445	-1.0474061029895927
57.922533590952781	2.7257121873652097	3.1482166649645857
59.069715404869811	-3.2999233322117689	-2.0766876584500351
58.563140723031495	3.5416969779002643	2.1630683431045821
58.64237180145151	-3.1755945725345645	1.3336435000953772
58.690734155316044	-0.70894764450026448	-3.857986290184142
58.758893958044382	3.5432602503417852	2.1844586483688193
58.860511915594444	-4.0604433159207485	-0.26829051897220646
57.940794997562023	-2.9305713576917221	1.4535494007073102
59.073201521903037	3.4036125005258486	1.7133699468251329
58.597209737934605	1.4855709072946475	-3.5785497536766635
58.964342611138925	-2.9325191117176876	-2.9152594394699927
58.097314281367815	-1.057850637980243	-3.6239030039929379
58.602969970587864	3.1644967862246238	2.1336656792051421
57.748036431690274	2.4669134555192094	3.2039062102799187
58.079686215671515	-2.4658970972625185	2.9564237830422373
58.32922668905632	1.3538514396537999	3.8270364331933995
57.792884025798578	2.9586575157683725	-1.6505229097908889
58.925158943755982	-2.7178900300668785	2.619502301449169
58.629799506193002	2.2163437098830876	-2.7383699108022732
58.938839210723138	-1.9426671660923662	3.0246266838122242
58.318942549763065	3.5115768844362827	1.4315827545243038
57.551372770223189	2.2979201293864913	-2.6457383935534016
58.398900326882313	-3.2080139224003328	-2.0441178013595382
59.159491931498358	1.3923698762497272	3.3281210545982338
58.185500082170968	2.3957370668528801	2.529986327722324
58.30959711764752	2.0445328133418594	-3.2006377972960798
58.238366783225729	0.84486909836514024	3.8460753893378361
59.275691495573071	3.5215855357219144	0.73220778156745159
58.62562872115361	-1.5631443246865635	-3.2379113762358633
58.078173431168068	-2.0660299669740021	-2.6246467713332042
58.168187505739574	-3.1226711444588595	-1.6321768132770411
58.974752894110075	-4.1383158768455104	1.0428087389524519
57.99096518126364	3.1560748402982122	2.4528370375843913
58.289687225320748	-3.8115017003931944	0.75498229353775737
58.560911746990008	3.488062181410482	0.045735240756092997
59.42293586761577	1.8320433197992529	-2.9759264440432176
59.19390365996739	-0.50535418401747267	-3.5919605030101915
58.870426100573084	-3.7744260124211158	1.3286327387057451
58.910740724018268	-3.6555007452243591	-1.508689726648843
58.128678265237582	3.2005152490555764	-1.5958213661887117
58.694432219931038	2.9404062540943885	-1.6257606821449524
59.102664872831241	-3.6897569615603225	0.31303457278555386
58.102481932996248	-3.19586602695823	-2.23725090041206
57.868285682455166	-1.0079070244681823	-3.5232908433592081
59.434403998996046	1.4859317202019304	-4.2420425712221448
58.921148002393814	-1.3020321403410737	-3.4995480137714705
59.374546392085939	-2.7723275888773231	2.314186193190154
59.007174816145266	-1.359869680984946	-3.4543541678875274
58.815321571638314	-2.3966454912109354	2.9655167080504494
59.506256464727628	-0.82505037217997723	3.5666230828027023
58.75803789564582	0.50029327408466095	-3.6064940314386127
58.049656413403852	1.5182140635384638	-3.7913307793436934
58.809469915921412	0.33434069888341422	-4.0214701999153979
59.177847512423533	-2.029098541279533	2.6381743909154731
57.758194092603325	-3.135923740070282	-1.6391973002155316
58.574444998925721	-3.803463156867759	0.067411758700037142
58.193330654772907	-0.67883352232913352	-3.7258460845322556
58.300766598233551	-0.027850278343460898	3.9278795248067602
58.075313879239083	-0.39804468586482994	4.0477048558297239
59.470218669677934	-0.52041249599538841	3.6925888221437111
58.645607080858653	-3.2059296587196089	-1.9719666166227958
58.507063733143163	1.7325074596207388	3.3218368862486654
59.005162622375316	3.533866475741176	-0.55353770396761415
59.481085491682428	2.2077075387522425	-3.1246720601379376
58.621915135122684	-0.27666311297352036	4.1568634231936414
57.898926045676752	4.1031123941590293	-0.68159255403981234
59.011785023021019	1.0270552383957288	-3.7404607630656135
59.592504093365356	-2.1155116300036623	3.2154499954270075
57.884571511729746	-3.3992722720695401	2.5126681425751225
57.82126438000364	-4.5986919642802864	0.3135981599398116
58.94329799264986	-0.23312690614330392	-3.0705052799187782
59.096924398021656	-3.094422595199843	-1.9581661110359101
58.961676347345914	-3.5018902144982929	1.4223373393943211
59.282075459921217	-3.4493853021717928	-2.0081079867631848
57.607540171763667	1.8421858786630734	2.6660546032881465
58.036639533971147	-3.2284752729805071	1.1684827322010021
57.7424156264658	1.9065382529347008	3.1788845383180413
59.152635395440178	2.9742773942303504	1.2088004694766381
59.354942311534067	1.2452111241004848	-3.6750452295208795
58.381159572531331	-1.4114990483750975	3.568541567432193
58.77641261085013	-1.1717567063788983	-3.5859847592517227
58.856222638934632	-1.5918266139816288	-3.7633148856078447
58.4727952517242	3.3452882891204405	-0.042979644555118955
59.140891333612267	-1.3272205665882884	3.3101243151196287
58.183524646762407	3.4916216977472092	1.5924467292357163
58.975494226075	-0.46068638739270873	4.0185147217525827
59.256677430197506	2.7395092386628317	2.6207068689490143
59.020905718983563	1.1835485615722527	3.3376914621456462
58.828767284119273	-0.13152483729405132	-3.5919307411331487
58.834339363599952	3.1608148822348121	-1.5434815695397694
59.358864413451172	3.6374298839133736	-0.036921085384022452
58.887199630606446	-1.3263651983456928	3.754698644259272
59.432921998642477	3.7742653623971933	0.52543220919551492
59.503306962417284	3.8492533926589587	-0.5640840124254074
57.828209560385325	-1.535975055085756	3.2853100785875102
58.875329895841901	-0.063894686287449182	-3.8367085118466715
59.026549381007328	-2.7822790857118438	-2.4924326874777822
58.777617004765318	-3.5694357554084286	2.1660615562703693
58.757525690492066	3.1207491776292846	1.492032432443227
58.568232842949804	-2.4969756908146765	-2.8331653492967259
58.862315781540701	-3.4252124997187039	-0.81557361795986039
57.724199491513303	3.5294199240330295	1.0110925406885847
58.743310742828847	-0.43565305706724011	-3.7688987075483804
57.83217404466879	3.4029317297630066	-0.17290139185654974
58.98458181397158	4.0769722503230215	1.1071730172540888
59.033973123658214	3.4139410605056626	1.7754949036783303
59.022613921673312	-3.3670130418311808	0.71707123621093805
57.825901786925535	0.76109538090161111	-3.6820945646701548
58.217839577922646	3.6760566669037567	0.63081667998085911
58.783185651964594	3.6018297778044097	-0.56955671440263222
58.450727607063847	-1.6675253459101158	3.3393655240974707
58.686564502531546	0.88440981649154304	-4.197093015879565
58.575815486798085	-2.8895140216206974	-2.5003409360915478
58.469433198461978	2.0229394496137836	3.5627956016136983
59.275065022407546	-4.0924260235911012	0.0013607210098761878
57.901798926585741	3.5160806028017122	-0.27955356472181531
59.332028933293671	-2.8189794402795005	2.7230533038475451
58.888261299250047	-2.1536982575216013	2.5099038289281133
59.233360445817389	0.006247722151042359	3.7945686443438169
58.918807641101168	-3.7117102028829501	1.1164165741245473
59.067484404032882	-1.9842122997756051	3.2543195876183999
58.469659029476873	3.6053124905740184	-0.59240057774286514
59.407024517953502	-3.3759575069497947	1.4513041697527957
57.996531929409294	3.5948125340154822	1.0475205260957468
58.46129637941582	-3.2218034018633941	-2.4058121653483071
59.032336417811457	3.8503156054847185	0.77312517116790158
59.228589602924316	1.9015562680381084	-2.9473593978711312
57.673329170583237	0.51845745187921954	-3.1184725609230348
58.799521005674535	0.054673739461708344	3.6748614042555157
59.181945415431564	3.7697883692447007	0.84763075774888974
58.463781278164504	-2.3064538207337253	2.22021197508304
59.252790120462237	3.9311950562280153	0.26535992629605476
58.930013365106973	-2.8230504073093683	2.7048673643406187
58.03103986696577	-1.5974890935423349	3.4353929791779514
58.259221487734045	2.328490338200774	3.1966156600107336
58.763421877753999	-3.326426488848909	-0.42779354484498827
57.953101620246613	-1.6756086457410464	3.4478152322060573
58.016890962536266	0.26635175208066725	-3.7763629714066975
58.682821683633684	3.6857916298564226	1.0529734663190458
58.884972165389676	-1.1983706587985781	3.4308116574514775
58.787977785803328	3.41671084868466	0.86953590032743155
57.599018227073827	2.714340447710923	2.1997152893333691
59.331032116413326	-0.86248754702963248	3.551840329055779
58.491929085919267	1.7268128468707018	3.2123006306701503
59.347632124919365	1.3153348581424755	3.0545519532561238
58.741781144718395	2.4307723319986501	-2.7082914962569324
59.059959336050262	-2.1641225932734942	3.9949215226682706
58.576421723846089	-2.6869445043132156	-2.7847318071045075
58.598999455603838	3.8862228424348033	0.13809296894207429
59.156468005940411	-2.8295621739402215	-2.2457186167617897
57.693008426888561	3.177108221601423	-1.7798256107961221
58.468802396515862	1.4457557313098548	-3.7700031135881287
59.452967061400564	3.3432905258171219	1.8199415255374831
57.919078889995582	-2.6622202895503548	2.4228389376615898
57.996704154616992	-3.7070859690635487	0.12581898155450696
58.622782112726568	2.1596106851132681	2.8547883083970267
58.094830336959113	-2.7484766812719577	2.4553131832234181
57.9058945611051	0.454235054607525	-3.7447696131540713
57.675062252163031	0.13380431042972882	3.6496570734165883
58.592698786416051	3.0625548942732768	1.9527926130443576
58.318664863065152	-1.3792450505270437	-3.3190821554128993
58.967221161434217	3.637825525757183	0.83326478291898143
59.233077220314961	0.59652577121376971	3.4797520751952353
57.775669812800224	-2.0809983080937693	-3.6051960635360825
58.354732857961778	3.8480023352495722	-0.63799914868008423
58.990432756666721	-2.6511449313934632	2.4489997541271391
58.856919852963621	-2.988277455914186	2.1477634535018413
57.601302452866953	3.0659646201697393	-2.4242087222331321
58.039795874126725	2.1169239734257692	3.1834251981240502
58.559520611496879	3.32122433779986	1.8054571393160828
58.250667890008913	-1.6497870060938742	3.7470831854476487
58.192001515143588	4.1287104087433972	0.20361241383631315
57.848863870833938	-1.394053506731521	3.7499215364521956
59.29925178807887	1.4019016531338044	-3.1318786131934844
57.655154893986989	3.8495770494162089	1.384240922723607
59.053808870188305	-0.60326140024947805	3.7180947410063796
59.454506498599578	-1.1257464714424807	-3.5537152297532013
58.473126359534646	3.279401111881624	-2.890855449075219
59.447349313618943	2.0871985895583043	3.2483197215172819
57.82037251995596	3.1947599584765922	2.0154117278500019
59.181769799928276	-3.5899207431700728	1.4911902826190686
59.153527225805966	1.1676898381860428	3.6947787562073211
58.831616876456067	3.6753875379459706	-0.20680330755381585
57.952674460951997	-3.5973349432403268	0.1840278955654939
57.651518583862725	2.1649767858142464	-2.9576313717982994
58.519630685665014	-1.0056082120468488	-3.5154860018104763
59.182150655055509	2.198611237903676	3.0990223426988384
58.036622148839633	-1.6201981002715329	3.6416736800974863
58.601457227702305	-2.2696992014705648	-2.9694247987222444
58.974033438742588	2.4294055683839435	2.8720466601485901
57.928204228369125	1.566586625513126	-3.4192066658168061
58.336679418702666	0.28187229395785213	-3.8970378350809218
59.317114058662234	-1.9093591546728161	3.0158464112062591
59.119512340428358	3.7487227080850514	0.40644640968939377
58.467519572245976	3.466697800824083	1.5452147723785898
59.470426704533899	-1.8083383871915801	3.2358923974350606
59.409032034960845	3.3063710479840367	1.0041387074325243
57.551062166798225	-3.0992149723058557	2.4167845541641748
57.476475923097475	0.40862737314708825	-3.4680019670336555
58.225920080643661	-2.9361397683375485	-2.637188810604719
58.773919566145139	-3.5922129457486105	-0.81553714448848147
58.198976958089069	-0.93487054092459099	3.9090700574145401
58.597010831773204	2.4604086115037473	-3.0039230942826158
59.27757561864226	-3.4263634572847086	1.4246912316162139
58.404128129888903	2.5993092610124258	2.4540806809361766
58.347836698062686	3.2741237199259894	2.2931067060372863
59.068779007537032	-1.3154100117873881	3.4100916963358561
57.842633262510276	2.6083316297862083	2.3903129881646792
58.960822494441047	-3.2142460032592282	1.9494570184256719
58.36831691360679	3.0403878729765488	1.8780014656010073
57.665475428026305	-1.9306440609715043	3.179115739284192
59.11271147935016	-2.466557715887677	3.0135661121837796
59.016689541997529	-2.8915113410669546	-3.0099606246783055
58.930754104217115	-2.8877059703130943	-2.1323627346199121
57.706103069770293	-1.3733040826762444	2.9027530990877497
57.610598901982122	0.2363924820440394	-3.982185712078119
57.854132535638541	-4.0480884359835105	-1.4108238878381354
59.241547071338474	-3.8196050027012758	0.3087139233832038
59.525251327615557	-1.611476198012104	-3.4879927875407644
58.146118725925525	1.9029897995712144	2.8225184605616755
59.367281803324346	3.3246514243483771	-1.8914011186865796
58.729892298712635	3.7745450509722707	0.59052503798844358
58.844627349341309	2.3951078777171189	-3.1488789566010902
58.1629221029985	-1.0764366555743661	3.6925378650091472
58.668388312489292	2.8530104184882519	2.4602905108718427
58.31401745724596	-3.5750179054326496	1.5827745628229719
59.024185848304072	-3.0224954551652905	-2.4149050950623048
58.749759906967391	-2.6916416679019637	-2.5396918468664738
57.940362035743917	0.69903080969297904	-2.2320121394411379
57.937555407529516	3.6594858727689603	1.6678463553101748
58.124095873969175	-0.86114752848825504	3.3805502221333428
58.121339553794726	1.07468701887048	2.1060874325460492
59.138161666083029	-1.7247531602743023	-3.2082047511948941
58.076902596501284	0.85032750754262065	-3.7177807035539958
58.294200399756477	3.5628662997411582	-1.5061722507768063
59.063238438266104	3.6556407391905279	-0.01212919031948074
58.478992535015976	-3.5534798018333222	2.1829480385780915
58.388869296720152	-0.60437096345203878	-3.689760870202182
59.447225715919913	-2.4554110633510073	2.8652641805324812
57.554295074838997	2.9453842661825682	-2.5046793948300237
57.930031619886705	1.4179816286250002	-3.3422598491146327
58.084871587206756	2.6716998153065217	-2.642691331086322
58.27579675048554	-3.952706088830531	-0.35029364904516497
59.179004019408467	-2.5685819152858991	-2.530412161221431
59.580402254750737	-1.9684544290373469	-3.2932022708226745
58.686595263959688	-4.7006918554210202	1.4486096540408973
58.864669689906854	2.7770558486504844	-1.8526220822473547
59.340423770924609	-4.001043780892946	-0.68153534692110374
58.03604538834599	-3.2794515137543563	1.7686376952612217
58.583043918200929	2.8122972554163974	-2.5229779129148637
58.378858864809779	-0.61440048512671253	3.5957477220710454
58.979631435808002	2.820034302515305	-2.5734987369392726
58.319687334241195	3.6848852496479285	-0.39455805937576222
58.813012753755608	-3.2199771050821981	-1.4616066233873182
57.892781566631427	1.2721677332887062	-3.5749574893835927
59.201912586228282	3.220969700675508	1.2896162874545285
57.721543995736752	1.5953663671348279	3.0702973145109085
58.229440963053207	1.7840716668486984	4.0974338814594553
59.418281635378605	2.9392608514873975	-2.2150088411554458
59.051617597511481	-0.49022341579564421	-3.5863086449181512
59.177215756472982	3.4562991192327202	0.1667909562564619
57.670323407721831	-1.8899837898662351	-3.2610002950810295
58.420642544439779	-2.4351398712117636	2.9798227021508636
58.456609613496489	-0.74255262466570948	3.7245634457375916
59.225890907715254	2.3110831714781628	3.4510301959399081
59.226199409881161	-3.5258658516727905	3.5295995960380786
59.382519296279391	-0.82220840804653939	3.5613296350327608
59.417958702303366	-2.2989106335721945	-3.0167286073058555
58.687683567421303	2.8238327286461153	-2.4934137850806657
58.332731128661244	3.9250343277727917	0.47713472550154479
59.199471971981083	-2.1653006924399021	2.9647120719341911
58.700231528011102	0.64371185118347984	-3.7456930331929406
59.056381214980483	-1.1445736096366925	3.5418494148536603
58.347820395855578	-1.5338063190274145	-3.1513782786950708
57.651075268542371	2.4304952840031913	-2.6871248235286727
58.77270550414741	2.0269652387995034	3.6149762884038261
58.246761685324905	3.3990393675398511	-0.6228922607929368
59.35731270911819	3.0140783448758031	2.2705670229961141
58.53609648418896	-3.6731556710739794	-0.85864207281979388
59.265734328821175	0.46470755081648368	4.1867630321690443
59.222517642698172	2.5803864615505141	2.0202634707988429
58.00831733231086	0.090224593731100158	3.7051059239886013
59.355502026469736	3.0790781201706348	2.411364124244407
58.778275398384707	1.6419063427537586	3.2511319771105778
59.403732672448577	0.056956835943218424	3.890599459473874
59.010032024941843	1.2139620969031735	3.2051192701206754
58.543393861414408	1.5468955068905517	-3.572579494088183
59.119842846425357	2.5775213570686994	-4.0977926554446897
58.304136324511028	-3.3511527678135615	1.6128907257832485
59.195909530907905	-1.5586873638111802	-3.8129225363121262
58.446141186538149	3.849835552334707	-0.16064948800719445
58.084640847173326	-0.20298533505054162	-3.8033750002823239
58.121472348998964	0.45294912604239052	3.7209942999508945
57.876287632116991	1.0219873383458751	-3.4874881513807274
57.58258914463606	0.81608823132410691	3.9044366765816099
59.327820087716333	-1.8230240389455785	3.1142022991294112
59.15661923218736	3.7202281361510892	0.73146455112455244
58.858496062030376	3.7530409639221864	-1.4775363044512411
58.045720338965729	-2.1942872204514354	2.5411132707774535
58.989846138842459	3.2932099369998005	-1.7788204910332786
57.976516625644557	1.2047958296603616	-3.8441545893497331
58.024771614993597	-0.053729327108738692	-4.3199190017707574
58.608535192310491	2.7331660735002172	1.965158426165325
58.709622891144669	3.9707595977819086	-1.122172532500501
58.627838910426433	-1.4284844953174871	-3.7261367579822231
58.110255757539306	-2.3866014312669832	-2.5811806990061443
57.880973711483811	3.1088481677849527	-1.6487086372765354
57.658553909344462	4.0947675311352247	-0.27320299193196035
58.009122885437307	4.1786179606754263	0.6487745161564038
59.288965994885174	3.6918712423938937	0.56078067590766845
57.822879721144716	-1.3804596228325487	-3.5927887585311935
58.361541524343529	-6.0178491929035571	1.6150260397538754
58.117761285119812	-1.5589883720371276	-3.0295692980991213
57.94109635152018	-0.47767282454530363	3.8930369432452223
58.422610426134028	2.8882611398295448	1.9762136028454063
57.985774369079373	-1.5291633325483585	3.5814687738013253
58.454566865320494	1.6010412786264081	4.8294574772824514
57.743538907797053	-2.7201618896403015	-2.9368350423498004
58.612580099241519	3.5101010913205517	-0.13383081051554543
58.644271916778258	-3.4621196211994354	-0.72982297722119904
58.073446847641897	-3.2390233884070665	1.4861279890509806
57.483458315821657	3.0329718985007235	-2.4827647779450426
57.682781437435025	-1.7627224480591515	-3.5036567124762481
59.30851066996977	3.9268591560075201	0.95438523816845466
59.506595813013234	0.94515473388976579	3.9635434310115856
58.719325227044138	3.5535408320274602	-1.0360342070400621
57.785592246680892	0.80600387604340828	3.5436343407743416
58.58638065524957	-1.2898154897473637	-3.3609171377825429
57.648295443541436	1.1475234050779484	3.6156477490423797
59.309611675977152	-2.3663037184783042	2.2905198226159329
58.752067205776676	1.4366719749076926	3.3765484229263367
58.50355016380864	2.5878148126664442	2.6470132991122464
58.632277492148503	0.29261007171581777	3.6446798775725742
58.180771581921832	-1.4957758138749029	-3.8632753760633141
57.822451394669685	-3.0925174952241594	1.9711992585305207
59.338500733688413	1.1785704662872607	3.7965560289340958
59.314832307351672	2.188665349379936	-2.8271195523486892
57.520001042313957	3.341058032287767	0.62583086168488977
57.904628377370116	-3.5287317765272146	2.7603185972777768
58.340723321582011	-3.667234373347803	0.80996837966510005
58.904902460735407	3.3202702256847703	1.1486619275161418
59.253392733713333	-3.9437846440555391	-0.88853520607938674
59.384653642102457	3.7027972762772658	-0.09357674250139511
57.844962792382759	1.708366286547863	3.4326819353215416
59.049822354885094	-3.7943445945839454	0.30811506987093079
59.454197505680547	1.8348360453844721	3.1350034882978361
58.114216352014978	-2.8771734146723738	-1.9365641938322142
57.694469946472793	2.1140244130615113	3.1627037336167096
57.814115986591425	2.3531904032072566	-3.0848263763295405
59.391006082482697	-0.1029195399065172	3.8976601156038155
59.441649662099955	0.45242611475946937	-3.72103302950975
58.256851637955194	2.5224342558744226	2.9932515787819649
58.189379675884261	3.1620984780060977	2.2601553735618074
58.976404310243133	-0.54257375546823461	-4.0665280972241069
59.19096596409922	-0.031034824969474458	3.4766093782321921
58.321699967418212	-1.6431669236104318	3.2657923964203555
58.594500094292492	3.4358337553679132	1.4739055687429337
58.118639061681144	-0.5214905870530413	3.5412635954482896
58.998432833642575	-0.61234772376461788	-3.7752824812303434
58.442430279613752	0.079653522193125256	-3.9298011619600528
58.999519271189776	-3.6207981877603967	-0.87439276088605322
59.051676805877243	-0.5398152653163546	-3.3788567179031843
57.51805792456566	-1.7134017178796586	2.7914984884948235
58.005930193523653	-3.430705654258615	2.3061486515434289
59.413103558184581	-1.8800077528069452	-3.4249281221805501
58.15895462231812	-1.2379010391681835	-2.7365164379629259
59.291475309465234	1.6619210627412195	-3.4256148930640835
59.500796473205867	-3.6230430348413765	-0.57166303258974127
58.927529459365431	1.7722831256956253	-3.1555814256602037
58.522421846017622	0.57210150616269939	-3.5064167327824607
58.187556557076121	-1.0882238320705415	-3.518199626507033
58.153425897056529	3.883532599989834	0.10510095236394353
58.412074227126304	1.7241622103864926	-3.3554820386803308
57.789203291957783	-3.6703410581632379	-1.7159031493630017
58.730685483638268	-2.4614339416590609	3.0381733676435125
57.670932026198713	-3.0766630354820319	2.5466175378438907
58.767860593643135	1.3886742712113016	3.4425135442237487
57.738998010556223	0.031348391974765188	3.5779097023896198
57.721199541277315	2.6808038342425289	2.6300690679086998
58.199662840908026	2.0949802370773991	-2.8894851898164458
59.222575556526756	0.29476718865048418	-3.4976775202233794
58.372537716915879	1.5985571089827468	-3.3889247687143591
58.269672699929068	-1.8544359011446947	-3.0720282622691104
58.373074318541072	1.7629997740470669	3.4883730836452584
59.232324304430755	-2.4102389891958484	3.6517324859174227
59.471363272329555	-2.7253041820494128	3.1325093275818099
59.193614589353508	-2.4107545440609517	2.8994104933090346
59.273446335756994	-3.5339799402116414	-1.7166706758912251
59.318270546388113	-2.313000722452875	3.0274911715800439
58.214769564778109	3.8515520451124399	2.2461573486446378
58.892421773665426	-3.8130482816057643	-1.2972588955470452
59.28740407305591	-1.2830391601451265	3.3682742518143445
57.926816325739075	1.4478208961722687	-3.2888930474907574
57.712478374876859	-1.9918884579818319	-2.8157055904728625
57.767789291630194	2.9531040265505215	-2.0272213152882426
58.601204479403854	0.32313863060544284	3.6270013630579001
59.335919568687551	-3.3893990373672191	-2.2434866051852325
58.501484395388992	-2.4475110013612142	-2.9175384972871652
59.304539824599757	-1.1638756290218712	3.3961853574121013
59.450917777692929	-2.891672050709762	2.6710400049225549
58.931804206285328	2.7780545470857945	2.7717136266460742
58.833165629515989	3.6798734607394494	-1.017122888308162
58.883587815277842	1.8016587518862774	-2.8344265881830228
58.197824502779582	-0.58212589458191166	3.6557877377498329
58.939451946012042	0.85818069328583935	-3.6353292490174858
59.099593480649006	3.8171728555953974	-0.010542892022420309
59.344767165352785	2.2884608375519506	3.1648178844606791
58.877404663365276	2.8744557751389292	-1.9550433335075894
58.542152647671799	-0.74974323516540375	3.7229542845748278
58.605681992740692	-4.013289059400857	0.94626699230981415
58.548695634583446	-1.8527419946570252	2.2989446007922023
57.842499290796162	1.4178017441877446	3.3293283473216388
59.251423039930174	3.7645343417534614	0.020885411699490344
58.661628277463493	0.40741589749661511	3.7498909151825912
58.786822059453335	1.9115519649114872	-3.181604499244941
57.942286237675063	3.8546397691974272	-1.7109981859477592
58.960142612169108	0.068206117952331197	3.8769828015655885
58.09104240471126	-3.5929083117306773	-0.13668355215557115
58.397086239818655	-0.83807038165427317	-3.9703379683569056
58.191551014177023	0.59712624990618401	-3.7141217807687847
58.233983621499874	-3.4531471033375509	1.0323857965962437
58.425833837194538	-0.32755691629262573	-4.2495097611456671
58.138427031800127	-1.806226190951459	3.6862236311312113
57.972569678103945	-2.1744787999384934	3.001052848129623
59.012730481903432	-0.1982431899352165	3.8306469679236463
58.924086228252875	0.030547760052768186	3.8053294046137225
58.425195018911033	-3.1336827771368632	-2.4451855433442988
59.301316411618885	1.8094618834864775	2.4752093284896217
57.771214268977609	0.42315293271934418	-3.5526337707309517
58.146148684150809	-1.5152090336184671	-3.2439024456252139
58.144783409437395	3.2488063417855604	1.3669929180732583
58.63177376275965	-2.4944564299705094	-3.1743707326657051
59.226639634521405	-3.3405885408894531	-2.1984001712488652
58.157723968180846	3.4482931780921517	1.1087774544802429
59.1265742716391	-2.8241744256070689	-2.9529245071147945
59.275423487955635	-3.484635237546323	-1.1359578892020104
58.930360751092451	3.9728191274292457	-0.56601009185803164
58.619193698875272	-2.4129298955300378	2.8054394824496343
59.449548449127413	-3.8538614518658529	-0.14968149880160597
58.997983979239315	2.8645752849763877	2.5970833781783544
58.076996126764151	2.5779753113623816	2.7973044628325447
58.965047369797027	-2.4617557506811236	-2.1492530433043293
58.512482783950276	-3.7434603819186867	-0.21927263921148002
57.623848060184478	-2.0243610904060358	-3.5243310606113125
58.10623119765674	-2.4432242437034377	2.374757325079071
59.495149955055574	-3.2277484283550857	2.0468147875306837
57.931792510536091	3.3500817501618676	1.947021932037569
57.99307802516649	1.5732442880103401	-3.6408442851076921
58.415547144742995	-3.3229634405060895	-1.6320691613746843
59.115499032788115	1.4234637307139815	-3.4051050329249541
58.455922966064257	0.26646708387767226	-3.3895861633414737
59.433583897394549	-3.536342745073648	-0.96077681898105938
57.527121153880501	2.2912505226712789	2.5886052528059973
58.000373472437587	2.7921682459385124	-1.3286542033025461
57.830738090421072	-2.4771254601627701	-3.5695342156657452
59.420900920057093	-3.5778484439019662	-1.4668105156496518
58.531733803969523	3.7832187605920575	1.8720669728339576
58.413370061201014	-2.0362381688578512	-3.1361456205376097
58.309184268794503	2.421629849229836	-3.021150849192916
59.088791612291011	-3.6180115237082333	1.1884618680730756
58.331861226908615	1.7670423077024775	-2.9445098257015374
58.177141781790155	1.7552783021732488	3.5911687000850785
59.263286143358755	-1.2506483044407912	3.8512946497284268
58.054326148442762	2.8747525009321615	-2.8622686428540174
59.238574768801406	-3.2373415674105912	1.979157289630568
58.438232078844067	2.4698877849238907	3.0884466435619218
58.534814703707184	-3.5369193459820485	-0.90895683761398838
57.897356004590492	3.3175468118122171	-0.1360908245697473
58.074868805553223	3.4991516166603449	1.3411274019061459
58.268966431681108	2.4438610150374962	-3.0654587809414378
58.014926535053554	-1.4586255772910162	-3.4707505991668866
57.865444086946589	-0.63727553736264064	-3.2726522452022215
58.554652557512988	1.7673113684894295	3.2741090373341737
59.440467072281571	2.0538083594000889	-3.4417193508865189
59.220633783676966	2.7761844990593132	2.531291407082132
59.217877694192488	0.31163582709122867	3.6648482787883196
59.093306052721324	-0.38620164320848976	3.4709491724457968
57.625117464233064	0.5312540650183688	-3.4745138607459709
58.710052051299421	3.3874356565104105	0.28393466891063296
57.610288344576944	0.96936187726498702	-3.8203295640688912
58.405277669937675	-3.9287566820355835	0.14746651980894077
58.183628764807537	0.025451533520903308	4.1728401849102834
58.111395629518967	-1.8021791519576587	-3.3064938546863289
58.067232275601242	3.2314802324799059	-2.2813873268757638
58.310518731078893	-3.2805675371504641	1.6226175019346687
58.662533475330044	0.96321755196664116	3.6008283559577468
58.839043567961902	-3.3655593604859502	0.82759893436123289
58.932313156395104	2.1154358397622111	2.9972504181025128
58.353297282342218	3.3127838148309046	1.3130902078906572
58.09300274610986	-0.35026781975461074	-3.5131314339505653
57.853549988441387	0.36205390996643561	-3.1394159625885631
58.128636675414967	2.9828955159662551	-2.2503941627751738
59.195174874897994	1.9807509962978149	3.0164338222916749
58.667061780251238	3.3814669330561293	-1.7627352111440862
58.254857001950533	3.4180142304753844	-0.2090926937220895
59.311895388027025	2.2049168350365465	2.9211795942409631
57.919923194091929	-3.5564724197579367	-0.42837443841371797
59.491983628358341	-2.1101374400131334	-3.0764447180669303
57.96557372489977	3.4692833168079873	1.6285318883711239
57.108743439933946	1.6420694604387585	6.3760594620733322
59.34643018410037	3.5883397861651227	-0.64819818796728845
58.567866940804308	3.6381126028765154	0.085215636498453443
57.721551142807023	3.6249462442262383	-1.1301883784033666
58.136112686070277	2.0756782723032261	-2.9312902055115191
57.905389144229254	3.4330055707587568	0.68067479975067902
59.361418700603032	-2.3175661504771261	3.0200776344290978
59.187164336110158	-3.1779401746899376	-1.9727155180356997
57.835756958510068	3.7621474639047841	-0.18573332279991306
57.97922766853214	-2.9480936603792629	2.3690321863303829
59.245495372537533	1.0054809477630762	3.4224083550760827
58.844622027784858	3.736527556323614	2.0566445044697805
58.631384873115671	3.3612372867521025	-0.93960792613640043
58.721550887086721	2.060175741492396	1.9605634114620261
58.526321465181667	3.3376090731563162	-1.146336794844794
59.044926049917947	-1.5706014548522975	2.9784972405562229
57.981600367514332	-1.1701600838015656	-3.5581872419278966
57.804025191770592	-0.097080782482883918	-4.2871931167737172
59.342527405203313	-3.3773882568343074	-1.782392199087139
58.051576793156606	2.7464686764906601	2.0269015017196512
58.555315418113402	-3.794588237812484	0.96418524704018627
57.771660605060426	2.4378177990102348	2.6135000177928731
57.640272607764139	-0.44745188940243186	3.5999002843793186
59.180314166178427	-0.69144335916306154	3.6881005962491828
59.289772381456423	2.4657039242540568	-3.0062252108342906
58.277047235763973	-1.0061226552968088	3.5868702382189754
58.166066348652947	-0.36236052262868323	3.3091468298271836
57.853548372847627	-0.60306550142683757	3.6746703275378207
58.74268784486069	-3.5225657364971035	-1.1802888783153498
59.202168808331649	2.7380787393464439	-2.8345002656006617
58.246300532587519	0.79279494760773817	3.260131950661795
58.862217948516466	-4.1232532723524784	-0.77865575885038585
58.362267155002833	-3.5501574181356688	-1.2419467737388836
59.322567275440221	-2.4319092699619875	-3.3294605817062064
58.908025264259528	-3.7538093979281189	0.71893184600477766
57.786933749106382	-3.9968623860498558	1.0992781206823579
57.775684492610473	3.3024479750568139	-1.8255601629072613
58.660157050788342	-3.6959468529479507	0.88275991023832534
58.270962752102875	3.746587480740692	-0.96775491094965227
58.691865281833685	-3.6880822454679394	-0.19218535638996909
58.140095231172772	-3.2413862773107756	-1.8005361380495686
58.779032999316577	3.801821882542431	-0.42446314108644989
59.074940042943631	-1.489796771429627	3.2796557109250877
59.177732901298633	-3.5079182726569074	0.034201670742496651
59.137192167132596	3.9639430804155333	-0.39128089289375056
58.174205955258223	1.7408270955422362	6.1471267099710225
58.114303180371039	-0.65634050251677689	3.6463487507929981
58.92293767658952	1.5120603217067148	-3.5632841962135728
58.754249912512996	2.7094132671152362	2.8742715094639171
59.138535736507102	1.2113255730651045	3.6072838616573972
59.112678052276472	3.4755095806117384	-1.3052895004860765
59.073559278846851	-3.0542931487275511	1.9367827326034797
57.902831410292023	-3.4666159309378339	2.4474714541869278
57.830049038637583	-2.3128387813691385	-3.0591066038583916
58.799332900940847	-3.5186405266791909	-0.30948548712684548
59.420250881450386	-3.5032702143916996	0.41540540493297412
57.672315062125556	-2.9895283236677819	-2.412685503879751
58.226083018727245	2.8920253539965923	1.8066284274852396
59.431181944441285	-3.1310652683813576	-2.1095981063770699
58.598083602872705	-0.90189894275194593	-3.8259645344555722
58.012441943259169	-3.8871473942207784	0.74039895403749356
58.093915240717514	-3.4923424523356261	1.3681582365036347
59.2689679725285	3.4511301600621498	1.4741290350627188
57.87704550993022	-1.2684313836485273	2.9946301316828285
58.129119667061325	1.2491654894339419	-3.1176208257352598
59.050446093892013	-1.113912205547374	3.4672830197044773
58.082203901498666	-1.0459877512005593	-3.9652354354850914
58.756658731872427	1.092329230222612	2.9094668121791774
58.706481808578509	-3.7284181992900294	1.1954210308840469
58.941467658496812	1.7945043164046355	3.4093942974126947
57.702591420699143	-2.1991124731576637	2.4578430921622392
57.995372735830159	-3.2521484938120206	0.38927313905186561
57.667371015544525	-1.3350855671584003	3.4460047026713032
58.033086590735408	1.1741891150365522	3.2437098888309288
58.493465094841802	3.0863418691728013	2.4025493664702147
58.009414131215536	1.0317079570833445	3.1175457890526399
58.437747298242812	-2.1774769680291746	-2.9142888745838467
58.466127720765677	3.1435226886048442	-1.9323559527626104
59.322309502826393	-2.0946476283015416	-3.0208785927452539
59.337730751309216	1.1125496133528996	3.4276944260271973
58.290053506817813	2.6908345853410562	-2.2243097651139268
57.830069309967982	0.95180997409836066	3.5664269981890202
58.546968293680806	4.4340236004758777	-0.003387818729562076
57.873161415474293	2.5921424761267602	2.9554162012421776
57.791746114159409	3.599666878766834	-1.8194412069848476
58.864731016163113	3.7300894217990201	-0.93191435042904192
58.456070144769662	-3.8559756691255789	-0.85936788904492412
58.146672324007675	0.78591064326362492	2.7928948984610438
57.70570437838586	0.27953598083747	3.3588340390167843
58.6130685130084	-3.6705955823629632	-2.1784356636123503
57.871643717888823	-3.9218041075376222	1.0794500643861038
58.790960207683227	-0.75855694030449095	-3.5697345981871265
58.647694296067925	-3.5711516808171053	2.0068478744670619
59.200095966971944	-2.1163939202339597	2.7639766969217332
59.118001177507423	3.0407982663908091	1.4493023019076612
58.939917317709373	-3.8013478889985359	0.96378143509485237
58.257084111829045	-1.0880292506048337	3.6497307416798814
58.30749732346419	0.20260368698755127	3.6643124805908402
58.141588845880669	-3.1758069326161267	1.7827870163971735
58.72394056857604	-3.1856093273487733	1.4690194880665111
58.81649253477493	1.6391159922678185	3.4913656711737557
58.260913433152147	1.9623734768641701	3.1701546317050453
58.503779161317304	-3.817709559637811	-0.11479478928627787
58.444520658021524	2.9174586840185417	-2.8303091144173242
59.346197274353408	0.41566509833454518	-3.4337926790681133
57.692725491441863	3.0987849560201806	-2.8725993266334604
58.476163095415174	1.6330854333443867	3.1864796847881802
57.689287152508477	3.0353161256458785	2.0590913055111444
59.366167926469799	2.297902804332105	3.0277696831978704
58.735431308855162	1.1908953939786679	-3.6967483973820183
59.010478937390801	-0.80514117802240592	-4.1408692756386714
59.222640276268031	-1.2917224014774937	3.5393801360279649
58.095847366565934	2.5035423115838902	2.7245874378598525
59.232259033979119	1.4454366294997705	-3.2962098061136906
58.853611148671725	3.7720484338064324	-1.8818380262585837
59.361734203816212	-0.38506696689504477	3.9131399820045165
58.482351308809328	3.4119097978930206	0.8387853566220087
58.429276449251432	-3.6014310226112656	0.57740518690200571
59.132508306492014	2.2580839381035913	-2.9863938547767201
58.959881387026535	-2.1476011263835386	-3.145171755250082
58.309371705481972	2.928582034429779	-2.0171293375511823
58.562305834545107	1.8493829901946703	3.2923690022194148
57.659932708789356	-2.9575850103556789	1.3083303282605718
57.851694936971356	1.9750743072977492	-3.4981480412806971
59.255529645800081	3.7064756044837064	0.25711332201684095
58.027454009216747	-1.0877914543684297	3.9536326951460512
59.308432510567378	-3.1295025060993469	-2.0874195187973243
58.612482610350661	3.6976532506737065	-0.7625554071682904
58.126223957871503	-0.56514369200972037	3.8454063887981333
58.914489328306423	-1.0134446405578998	3.7001808513754044
57.926286549919091	3.9144731091684357	0.15025891149496612
58.237985613663021	-3.7098039296876384	-1.0052537516052513
58.762129053096913	-4.1386193671274922	0.059773556123443088
59.133661524521287	-2.8780029429665652	2.2670572667740503
58.971136740207776	2.0380455933499402	-2.7532516522624255
58.746124682949834	3.7013363941903141	0.8893878229556198
58.9567236422211	3.3757404303024057	-1.6332050139082492
58.447422406945712	-3.7630024254693883	-1.5992739829613867
58.676557228419057	0.87671213715374341	3.6828758086930429
58.024740643852702	0.35843980231461886	-3.7005350640854373
57.665373695813315	2.4373749892965098	2.8551207732546597
57.938458885622538	3.1154080786260989	1.8226434385787087
57.931206674491676	0.3446130727937548	-3.863189354643441
58.085321340417927	-1.6196662812396994	3.2205568777801914
59.209741075887557	1.8289427032429812	3.110802184997175
59.111045731387549	-3.7903995525528758	-0.71621981609564345
59.236918801674662	-2.2008827254832286	-3.2634920711942854
58.941048933544302	-0.27518098720061523	3.8677723561000157
57.682064240319534	3.078015072534666	1.222437778033322
59.10909856455887	-0.28285451796172673	3.8097371677271763
59.450056882447178	0.15721305138379776	-3.4764131110233887
58.767888038724244	-4.0689800850583202	0.44748295429710971
58.831411036234549	3.4089789515608544	-2.277394442391794
58.517148967546696	-3.8943167434116295	0.92622021750471772
57.643909156679435	3.3843355348323305	-1.7673571901274758
57.613301727420719	3.6688043309802776	0.70138305393164113
57.650037387424078	3.7127700618221717	-0.34347336686863195
59.240585094688228	-1.8001355526455087	-3.1331637193749211
58.336255778256472	-3.9817797647572988	-0.73423718406609406
58.587853806228033	-0.63684433396121787	-3.287156863646973
59.389001317066501	-3.6368956909586863	0.99349861547665796
58.617324322239362	-1.928944742036802	3.479756865121693
58.05769867507199	2.8332754464999903	-3.2534859883573488
58.083433084693439	-0.73402351166349245	-3.5892245814818509
59.220710547822996	3.2105323093710005	-2.3106627620697684
59.380155381406716	2.3300076398548102	-2.8133452005943815
59.028753433257165	-0.10832607190238065	3.5931522256643351
58.755076353941583	-3.0984672098890331	2.157499249624844
58.586526643363783	-2.9081298246655347	-2.1732868042927449
58.776979623343728	-3.4938502305899233	1.7108630726542244
59.268612239546336	-2.3046287916007122	3.2155781079966452
58.405355182080335	4.0031970275784401	-1.3577260341162478
57.647572067169108	0.54071430557845457	-3.7976339907989618
57.866927967825056	-2.4519161469474722	-2.5277495230021483
57.916590437661121	3.3951219225610121	-1.0665796460025783
58.818375294058235	-0.90801067216335374	2.646533306679125
59.251790516755193	-0.035660151684756808	4.0529742824263728
58.270584361130517	3.2920097422880725	-2.2205200422329461
58.792521607203298	2.8979274634492636	2.5716113005381036
58.966282939664964	3.1507855967164957	2.0910208947451809
57.834556767487513	-4.0882989374476288	-0.070685886214354982
59.338138178869507	0.0052896526726465215	-3.2506927032215378
59.078796800921836	0.83394183444907544	3.6683076749646886
59.508265783781127	0.41336178362696091	-3.5541708641074665
57.631125782602915	-1.0911702644131418	-3.6307601288305222
59.383540869669559	-0.035819565236489145	-3.5156917205401212
58.906970286844789	3.5023520135565516	1.8338046169603319
57.68989607285198	-4.3776625627694585	0.026682628178466554
58.33369734046429	2.6980120671116614	2.6735205092442702
58.277323907224087	-3.34862932120505	0.21531099806956702
58.41937574830726	2.534365308789543	-3.0836995426783527
57.691883256442111	-1.2573770943413511	-3.6888747427268114
58.201186457331211	2.7919167981900399	2.3899022800798675
57.560841399608627	3.7253661881686373	-1.8019910987559002
57.822045638329108	4.0931278609797861	-0.19113353766418001
59.331875712170564	0.85625069163906686	3.8279625296973028
59.412433509004501	1.4807071105785234	3.3365453321407363
58.620136094117974	-1.656886586808421	3.4673375301439964
59.137626672800231	-1.6571331524987463	3.4096765627160734
58.653214059022474	3.5004401343452374	0.3321387529500997
57.705054357692887	-2.8985292686694533	3.6563819530993391
57.720206796247588	3.2597954563549325	1.6178399698321924
57.78444690171137	1.361360887498559	-3.2362497811412303
59.433889924253016	3.788506906809054	-0.67654587371534802
58.351337479623986	-1.0835320996453002	3.3294005976565098
59.233235362288752	-1.9955053565134764	-3.1501337114314225
59.10273221308514	3.7917781064219533	0.67925611317301893
58.451942809137215	-0.42466775732972262	3.6515771871004694
57.705649222149475	-3.690647091630225	1.9371461371921528
59.016533498937342	4.0269552376049669	0.66009935433325606
58.136240787690298	-2.6123389625801692	-2.4083161771719137
58.638673744463205	-2.0307587290756559	-3.3909785440566695
59.479550434922366	-3.4725148722439392	0.87497253855363488
57.97923567256553	-3.7818210230400959	1.4545443782638008
59.001086966118613	1.3161271607250549	3.4902364655035636
58.131511508048348	-0.75489502016275223	3.6993340905790459
58.84212745604848	-3.2970437373525496	-1.6821461527366104
58.772367664613071	-3.5351155258698821	1.7236135081490163
57.889926671685629	-1.2442970043931583	-3.8906979256130221
59.466768586577473	3.5972210579393322	-1.2220579814003196
59.418926942437977	3.330733786938902	-0.4585519853350174
58.612617086970396	-0.14505641326963734	-3.7749190603373539
59.208626380031689	2.7165298960507345	-3.2461777700791168
58.826733444363612	0.62760203603723475	3.8823945806022104
58.05007018980244	2.1460780483475221	3.1826358991067876
58.10301116795678	-0.75824930971843274	3.751500742336503
58.558209377505648	-1.5162687357611471	-3.6517092964160911
58.948702403908037	-2.1380439603936621	-3.3998807697313889
57.614983087112456	4.1138298289163648	0.82677908083869278
57.940888292108355	1.6199803229955934	-3.469272933115735
58.913168625045806	-2.6631465318609115	2.8219420841792315
57.688195145216362	2.6510704937281364	-2.5912787348828115
59.427267817472924	-3.27160839511401	-1.7735525051882486
58.428419592172126	3.6700919671921453	-1.9268651438921152
58.50348586517908	1.6286129755261411	3.506023306137477
59.420177551711333	-0.072011138228883192	-4.1782189431776988
58.301411685505791	0.84477270680426364	3.4001609375510058
59.439853122233835	-3.5068045198525759	-1.2156752336657373
57.948011645374343	3.6290394735332803	1.5121042021991864
58.741192997437516	0.88632083633741388	-3.693686810273602
58.581242868165738	-2.4154516170421965	2.8330016477851996
59.083241755714596	-3.1786953117156749	-1.1591709457462491
58.693728699622703	3.7476347782379191	0.31935989989872304
58.689952073273133	-0.43944159861027826	3.751300555020634
59.080149338377993	-3.5228481255853916	-0.20694092077190229
59.243812693736565	3.4394602550981368	-2.0116289855926062
58.996378740191425	-3.3928322832820004	-2.4570436169413785
57.8783984202786	-3.5028594267428641	1.5306655746590003
58.184519196929095	2.9764820004725503	-0.86209592709167981
59.190056880068894	0.50002686961889364	3.4511656194076532
58.179716494644879	-0.35528754112004485	-3.5946689359099033
57.550791253496413	0.22797596530240685	3.6639235028706074
57.905352383349253	-3.6863155721414529	-0.82140266946351537
58.839556049511614	-2.7805652921825117	2.1524086314845081
58.464527608802562	1.4706558925483193	3.7068001530306462
57.679709446277847	-1.6164479836544363	-3.4648285159573549
59.129586475593392	-2.3056589888106687	-2.9118293189322677
57.932407217052962	3.3727446417445952	-1.6346220536315101
58.003343522972415	-0.24957276773324874	-4.1863002570251862
58.83012252916857	-2.4684267223522052	2.2321623288724006
58.379701720703494	-2.173808819009869	3.0535637755984895
58.97774694392232	0.20618845086661525	3.9283061373755066
58.446030375262374	2.605770063714274	-0.011947239702563605
58.942049975819934	-3.0991182893088656	-0.44079023334926959
58.053703109285514	-3.6289668168756322	0.067800492703505078
58.917610792892084	-2.8405546515331026	-2.8232359683511441
59.475952112512537	-4.0942527624591278	-0.97149547906422085
58.21949822665777	-0.40817263375000201	-3.4992378517178966
58.486744968605798	-3.0308280778704244	-2.5343468040091586
58.266180358314998	2.4390401636641439	2.8054337238659182
58.171129687061558	3.4452037990280782	2.0290402265205696
58.767592046927348	1.7294560336614362	-3.2515227483915288
57.689590688000465	-3.5497961820057715	-0.81584856243232562
58.970790581164287	3.324414168108937	1.2493854677799958
58.899321238829252	-1.8903505988995928	-3.4598641724093171
58.838460469920179	-0.21135578568142752	-4.0043041025288648
59.458151538782381	-3.1621704694624531	2.3064347507776297
58.271526968952088	-2.5311355352669378	2.8411979775939962
58.439420434229781	3.8977000263986752	-0.70479061023429057
58.67668298212584	1.6418329694506417	-3.5315336254480099
58.418501294863681	3.3081200726608229	1.3642364447722966
59.061524118791439	-3.5320115335261013	-1.4714206019712279
58.964044664834248	1.1136416507578391	-3.9797194387324653
58.547879655075178	3.1490607441747911	2.528262676385749
59.069814500511008	-3.1237229734147665	1.7935126718832146
58.566176225374818	-2.5019092531532166	2.8743823143484368
57.984357501792033	3.9738424739415747	0.5685361640122929
58.168139456130994	-1.7379655041288127	-3.2595711910882947
58.83697649132872	1.1508257398480477	-3.6272310286284521
58.218365909597559	-2.330052736600194	-2.7492056492368815
57.986936141857548	-0.043809252046404457	4.0488137560898503
58.868242798895459	1.1906229879462011	-3.8136554789433394
57.50536698197962	-2.0575995346440927	-3.3248448911864821
57.734822823084151	-3.5091500930169421	0.039688628135198058
58.985603789447758	3.7421850838295052	0.21735130383665399
58.751923601436296	2.6491303108489266	2.0375911023006275
59.118702411904067	3.5643128301415987	0.11161793127732419
59.135502130701767	3.1096715340309729	-2.3078870001021019
58.638265826698188	3.4409625359559826	1.3045475160849827
59.450248476081399	-3.1074162974479402	-2.0192366383764937
59.202558006754387	0.56698653167855795	3.6371841826425144
59.197109028203762	-0.31119566668439214	-3.7666559349512108
58.818829765541956	1.7969342874400454	3.2714690974042626
57.753943138857636	-3.8633689219901544	-1.32135215711362
58.623295158232764	-3.6547198239286973	0.5986098769779572
59.096345459589593	-3.0748463107647397	2.3121159232896709
58.49740655144462	0.48488520616174319	-3.9515077487788877
59.079878606267883	3.7713065669758006	-2.0048509337987772
57.956534814334297	3.6496561099692029	0.33444943877237493
57.844626243041027	-1.4170254974127534	-3.7680584538476114
58.129084918584496	-0.47590862325349059	3.8645734927080877
59.2898105143544	-1.6821411130817727	-3.1318500677188523
58.717149578693267	-2.1683593809858612	3.1404542137591283
59.00087577042266	-3.4072633176763762	-2.0209840901215155
58.530493469021472	-3.4115507453757385	1.1257252736653529
58.897234601791318	1.0323946980588536	3.8009907676490826
58.277022072761717	3.4497945402050809	-2.2950196371033518
57.815835995419221	-2.3894764003966671	-3.0858901466941422
58.979859069709164	3.5769431710722057	1.3959963501570165
59.158891119056449	-3.3347763798475532	2.2696996000880625
57.959030259848504	-1.2843067939600146	3.2650919429924241
58.896862337700384	3.2294375033736471	1.1466668738860206
57.813373079019094	1.8189923265508203	-4.8743869274499501
59.38159988000519	-2.9852402078515032	-1.8768013749774233
59.022722392320496	1.9656337742186074	3.0774999714205129
59.160623583643115	-2.2564321425458225	-2.5542141927568767
58.329771499549011	3.3734588563484738	0.7892405457124988
58.34799604729568	3.0976292044270739	-1.8159166422831863
59.230151933381848	-1.9876860236655371	3.2657154148243404
58.962053802158728	-3.0533021120179158	-2.2110353940204903
58.223957482747629	-4.0427116599572805	0.80325747586496865
58.80410747324936	-1.5817903751939719	-3.3027944728836336
57.566228443227679	-0.90874138425846085	3.7864594136793013
58.187599802614564	-2.3530178793128154	2.6905594092661334
57.991102419866351	-3.5498163396386517	-1.2336799954259272
58.220956362468691	-2.0522225176588176	3.3705361593579246
58.608141402169238	-3.9783907717396145	-0.42300974148248888
58.516673796711636	3.6089288841143747	1.7471384602524584
58.512649329672477	-2.001248984882678	3.2488860335094194
58.306325888013532	2.9728033249489205	2.1259152533602426
57.692236896201784	-3.7647258129478556	0.96565202972259778
59.218737761028486	-3.8771848874406687	0.73216523181083493
59.095211498637426	4.7535939410019639	-1.1762299048087004
59.298601233383188	3.7890129158283008	-1.5612501227582105
59.439387401459264	-2.635334924778014	2.7718689440981219
59.060637718347827	3.6505857050764519	0.093390814532194263
58.950252879895231	1.6115583999228305	3.4438023303497309
58.997035808094992	-3.1570827541261348	2.3179635694227003
57.705321647245221	-3.4052298394495732	1.0115353246206449
59.335173962079956	1.5627720126449134	-3.5208491767734649
58.245959378313728	-1.5325098986072128	3.5595362921965799
58.390261875511882	-2.6884720475210937	1.178886838336149
58.377036478484115	3.6449421044246111	-0.76349549108059411
58.511816889074275	-3.1070236220079606	-2.8984915939563289
59.045829610593827	3.0638934474942827	0.22874344100340382
59.406069587495885	-0.73301460139340846	-3.4720914594036745
58.360853915244043	-2.6774075890633946	1.60373408742148
57.695524726791618	-2.3531475328192171	-1.0268797281090192
58.703564504055784	-3.1948562883535505	-1.8499769629050198
58.171209098651246	-2.9797596775781483	-1.8997953170746076
58.088994221891845	1.6734062120438653	-3.4368631765742319
59.097761535497071	-2.7846471463536626	-2.7627762193722254
58.971568722239773	1.8037200445745747	3.0426777326686514
59.321048920306239	-0.3041041489853144	3.6999502757788889
57.955617148824373	-2.1434482989547514	2.2196063404183453
59.099320627600179	-3.7748455139830543	0.60918847428311795
58.898595224662607	-0.63600552173896063	-3.8941582205956444
58.482253313921248	2.4475250292832356	2.085346976213891
57.711468508231739	3.5914990081305396	0.90568631886502449
58.108725343901597	-0.80331484711669199	3.7412849278974174
59.517444631428532	2.1048871265708891	-3.2179918666389229
58.514250684006456	-3.8618658259244243	-0.1311971999033891
58.199295959828056	0.56020820553081396	-3.8459133971746429
58.669388560797131	-0.6355453103908647	-3.6993073111555406
58.706592130880445	0.20311432731787935	-3.6171344983005209
59.217134904991745	-2.7466014890938104	2.8671141956228543
58.855653092094798	-0.93077536660625493	-3.6816268226580156
57.774478088711334	0.70844700993897691	-3.8489272379165107
58.623881733509585	2.0245906574997079	-3.3287957686271117
58.260040526897185	-2.7671658483049217	-1.8688970483002589
58.101703834622406	0.00064958525299971368	3.3086092262170688
58.945407218842668	2.8886520368644115	-2.5267646818237735
57.756980051404533	-1.6604632598983178	-3.2683563193985763
57.487452090071429	-0.72194053303951666	3.5298416373276615
58.918125843875643	-2.508816544141927	3.1419993713149248
58.516119808453453	3.7423034179819008	-1.1355151734463971
57.609599720920869	-3.1766992968357477	0.17831279648100087
57.960965056266112	-3.9210503998584914	-0.52999792715302974
58.180897401888366	-3.3902967045937271	-2.0398238511426996
59.508849033526459	0.1298520006992657	-3.6689413611581725
58.848600428181278	-3.4560047167598849	-2.1360025216633787
57.919479934707731	1.7798585300281597	3.0573342483629018
58.061517395527844	2.9843803444341637	-2.1779768135465205
58.38349091931309	3.6557960457873913	-1.7467805242334344
59.28597135058056	0.32864355630290232	3.4642931160233714
59.348639026041937	3.3225098439389256	1.1628834618606863
58.312109428009087	-1.5889532685524324	-3.7115066609545586
58.511201142466412	-2.6857170905096828	-2.7469738619601181
57.732524259033745	1.4999998420199838	-3.4979314851918302
57.80065537158022	4.3192531237203093	0.12496947471182059
58.601564684745235	-1.7836302115690421	-3.2788890837173756
58.121248629675975	-1.9685821572227824	-3.0393367585553674
58.918332362472931	-3.5490776616385964	1.4480806723652424
57.492631853127968	3.8995159407493882	0.2117883168667154
57.618954160102675	-4.0828744320328765	-0.15300235368255405
58.230186978969755	-2.0421974607782296	3.151159515431416
59.3726172598193	-1.7982946207035249	-3.429099153051764
58.655366145973581	-1.4919103602478012	-3.1606636301221318
58.800722307330233	-0.80464106759506848	3.6153510989000122
59.413162453425755	3.6206919459977636	1.0277440654851664
58.75675044352198	2.3055875082735522	-3.2146054208520369
58.009510492751446	-2.640175876358168	-1.98130034395072
59.269719573451653	0.25522365671995934	3.1212309771416513
57.884750932381046	-1.4922261898328366	3.2588069773917518
58.686541856568184	-3.2077529238337532	-1.1461746077740238
58.087825927006918	-2.4762552537694473	-2.4029556368395006
58.305516135265897	0.24745507636614925	-4.1305106019753337
58.360919877012208	2.7502638277786868	-2.4924560187813523
59.045069526613574	2.6009510259715247	2.7954054507551458
59.399439746047697	-3.2414419171098228	1.9319999787753968
58.83455187297271	-3.6070278706819257	-0.80737499297783988
58.808295409542239	0.40741840500652593	-3.7100189339812037
57.73700239827307	-3.7868622511672774	-0.61696096885181517
58.970488791063111	0.19651473481742165	3.6869560997623663
58.456780157194828	-3.1476788449264368	-2.5655624314173573
59.289712999261504	3.4663487273957116	2.3028659803607523
57.924481059660245	3.0158608988368347	-2.415073555394033
59.211292875841245	0.73714530699070069	-4.0343978285932263
58.955275518084463	2.2952269833974066	3.2046010189438459
58.384234112010965	-3.6490586807552359	-1.1641863161958341
57.427916460448422	0.95144163952385441	4.0468529879013788
58.927279586985186	-0.55922787843517241	-3.4677994209171294
58.941496040306205	-3.0303038328823817	0.80704469724646055
58.236600896491112	0.42866189598319587	-3.4572541829636312
57.748849990878128	2.2214490292911542	2.9956284726908402
58.834791792708423	-3.6377135954488078	1.0185598915875498
58.450874068522431	-4.0064286435148571	-0.95941363112613054
58.790962599622048	3.9073047296356926	-0.68970552814668329
58.735212780961888	-3.1558754527933597	1.6566686217319846
58.482590941636701	1.3355482756160151	4.4878545092502744
59.031114844265815	-0.30526752700910526	-3.8510441862636724
58.264660165523445	-3.4176573030382107	1.4988145023650674
58.818997577814891	-1.0391352203567459	-3.5808875131981512
58.629360246503069	-3.0678160897579598	-2.0524594297552872
57.589218447080455	-1.2949194780851665	-3.4719267044665427
59.269872921518498	2.5153421099266757	-2.8543808258998236
57.775987346970311	3.3166002388193734	-1.755764541934826
58.208144587679499	3.8373883269510292	-1.2588104809021636
57.798602386340178	1.8854617694190496	-2.6912579361537587
59.341860094574017	3.960045401110357	0.094911107857710161
58.978391648557924	-4.0326729120256743	-0.33683448265378468
59.397877142878876	1.4970847429489844	-3.4849546476675122
57.925324817628656	3.4966670639111714	1.0772624708714318
58.731342642024309	-3.6377345237416088	-1.5640552674739967
58.427735975014954	-3.719892147102795	0.41470953829164708
59.49911199653085	-3.5196642116769254	1.473331018469491
57.736354031770695	2.6885087991387842	2.3302442253164388
58.354307500194039	-1.620922373309607	-2.7717993108433103
59.141901055044528	-3.5763908648427596	-2.4685802287295253
58.920490039131806	-1.9879720339756382	-3.6481314075347457
57.609504202249823	2.4174487247359315	-2.3166407570747327
58.10487455931743	2.8091672950989928	2.8089019515445051
58.713508672879733	0.41667618025182673	-3.6568229374331072
58.174854259012371	3.1384878979857334	1.8188967566215561
58.309146600622284	-2.6462041204792968	2.8658775602079412
58.314689139718269	-3.2690415021280357	1.3915527901826628
59.04026254361375	0.44548731005637576	-3.7647394213664493
58.938605248531459	3.1351418489121703	-2.3060312074154776
58.123907493246307	-1.7188646871912179	-3.4054870321469215
58.358830323389128	-1.6992948898707652	-2.9100251911730037
58.909572460265835	2.8557215011650587	-2.5138789533231423
58.906566617296249	0.16397834338539291	4.0136851659451223
57.877651072986083	1.0989125878418722	3.6096191934175095
57.598725445707657	2.6192378069905673	-2.4268979138049258
58.058510999015084	3.0003420399402412	2.5499211514208224
57.642872674560678	-3.5934661611073393	-1.0982382016899097
57.810500884139735	0.41951844606423166	4.4254757209725666
58.359915981815512	-2.5726656733863664	-2.6585136090562629
58.46284082117478	-2.7507005762805701	2.9176706318875518
58.67890066727557	0.39132169609605594	4.0287237231995752
57.861243874440021	3.4057089685997664	-0.33845968604385618
57.685652546941185	-3.1695004790253378	1.2873049421927467
58.0891404493115	-0.070207024448701	3.6515449005437959
58.499628423649625	-2.8633316309132484	-2.6407649519003762
57.582128845893905	-1.6365852905446863	3.141504153672142
58.240299553846761	3.698219019615987	-0.84674566422067499
58.879854592655512	-3.2937835892461447	1.8225894906469451
59.364438705326442	-2.1861911919176009	3.086205658331207
59.080976974197654	2.2131827410447378	3.2092395255124364
58.271615731974975	1.3051388129954353	-3.7084830883698805
58.144196950425105	1.2389605494761908	3.559780450408752
58.754238242327538	-2.1709039608104375	-3.0874099847403738
59.255782547500004	2.146510052558797	-3.2083577304994289
58.427225392977242	3.3222962097854682	1.5351840510418273
57.86876697520335	1.6001432735943244	-3.3322124480330544
58.402704773430621	3.0889760062482736	-2.6786165511074893
58.99785300771206	-3.919812423169073	1.1928094527243533
59.109659120269733	-3.2692252241523154	1.187161194126338
58.340242037914159	-3.5618879156592587	1.3784911982154897
57.935002158956443	-2.1155614641812228	3.1739482831055468
58.964381429413145	1.0860789072368362	3.5383115948979267
57.867402018705	-3.5623318107876383	-1.0357614356482476
57.477004261265186	-0.56017621554002484	-3.8376978038434832
58.763987819624973	3.6797684303590277	1.0263347277910977
57.971532710786427	-2.3497154777224414	-3.2406352546348161
58.378255430085567	2.5784568620387835	2.9943682731659313
58.647736431377552	3.6283879118100018	0.6008302252654365
57.767476000309586	-3.7023224672519359	1.3315548155727306
58.256047784663963	-3.3101550995771931	1.216062693224182
59.57672706682915	1.4941696411004999	-3.81534631856842
59.427385743109902	-2.866240562860138	2.2655148886013885
59.215970915464531	-2.6791423639419305	-3.0485857136104917
58.670408250784767	-0.28304589385771045	-3.4648123752245721
57.807756586474412	-2.9507912053247667	-1.3101420848866778
58.97138890429342	-0.98143611987849033	3.2242161074290094
59.240832058676858	2.7405382572586103	2.5716699416252626
59.087277688247404	3.5802315389738677	1.2172773453890109
57.709899998844691	-1.7079880066986068	-3.2465001786220418
59.075675105626424	0.12725564614514046	-3.9123491509350465
57.640535264132694	-0.48059958311143425	-3.7994137691920589
58.738455161179381	3.5287259982099508	1.6365137670736527
59.462136857014578	0.27172323812446358	3.893564547392343
58.31198616941623	3.0598844759481887	-0.40286553491377702
57.729959257103886	2.9340083338297509	-1.8821256066176117
57.789737819203886	-2.0419321333363598	-2.9660492660562392
59.190004755805496	3.0806536431723663	-2.169723968591736
58.454334311029548	-2.1453119295727041	3.4634891844499207
59.300242847700936	-0.2626521572183374	3.7142424541593653
58.289368850844554	-3.2530748435185286	2.4912917087968176
57.619959606004564	3.4188958724491205	0.79850160564298733
59.345633637084966	-0.50870316195399201	3.8398782299396905
58.53528697231264	-3.4708138349778048	-1.6749920568171499
57.93090539472383	-2.2959538175357963	2.9420133049246529
58.714855600431576	1.8170631299822331	-3.2546061912382291
59.488993480761692	3.5248185086523067	-0.4621483751636673
58.453858464169905	-0.54372599271285516	3.3257990034292626
57.842730050018602	-3.091382496402443	2.9130466788880027
58.027428101045999	-2.2084822826530019	-3.0021429227572329
58.300698898708973	-3.2361336369201954	-2.4805762751161105
58.065643716306852	1.1194015922555203	3.5918352820369592
59.258723917208648	2.2187003664935463	-3.2760920117750381
58.284959442087079	0.67737853821019467	3.7194622981454
58.129396208933755	-2.3289349761793039	-3.0131140545928741
59.292447325085298	-0.59848156485365334	-4.4221407725364452
58.210804222998263	-3.1066621530290957	2.3044075943860962
58.409782675742314	-3.1754611203551986	0.85543978951617528
58.704296255586705	2.9372947172313011	2.0349603299819092
58.049648702240546	-0.71622040115226759	3.2752604901346452
58.924960945235362	-2.1445172309983249	-3.0874922195220389
59.136973229112925	3.8109760109184689	0.28125469330750341
58.820940355183311	1.5253912529162024	-3.2589103398123731
58.827452404736839	4.1546961439205363	0.92338436384867295
58.690828187230593	-1.5785234668893768	-3.6380880967250024
58.901643449239202	-0.68285804271195893	3.9465981768752965
59.565960662658419	3.1100983752602107	-2.2783198524027495
59.397984250289234	1.0682436033470863	-3.6651043710641331
59.04520612106996	-0.8627327547511715	3.6449391884624061
58.777091846912867	3.8914647205228547	0.3458061316386068
57.901554511351492	1.1088958771495467	-3.2982641162818198
57.500282154259267	-4.0096517541792913	-0.31231457861036016
57.89089114170585	-0.086533600579374731	3.6537130056245193
58.641584547004136	2.43736875350496	-3.2524034848962744
57.881154342486909	-2.1799465779650369	-2.8699770717175119
58.305734333951918	-4.0325649334656237	-0.270898164008745
57.902846487236239	-2.9361699914304036	2.5486955944095753
59.234670739928397	3.7241519809263459	0.4161596319482746
58.191206418184677	-1.6682854870362624	3.33463267403318
58.207518582414316	2.5529086463389858	-2.9536711052459661
58.474881394430973	1.3767190236498561	2.8261198368233176
58.796391629499176	-3.6327761991931822	0.67397999228666106
59.034561560425203	3.2518748658060126	1.4075258689779517
58.246552683104085	3.1219927769295945	-1.9793304857622027
57.739847068388393	-1.3323850821552914	-3.4811353503559617
57.990253395300357	-3.5344291163559598	1.0011517890156201
59.299038234928084	-1.7178058792674096	-3.4353706956504033
58.545657811568589	3.3961450450219122	2.1808444652834504
58.005940617203102	-4.1053683827647376	0.33132263945602969
58.219105964873847	2.8454964057021441	-2.0616545270964726
58.954152982852484	-3.7210508753555418	1.8392113184785246
59.115358135258923	-3.573400844065779	1.5561988925038801
58.638542962267501	3.0659780994095995	2.1917484096377877
58.223553764377918	-0.28511190193328051	-3.7509600159804579
58.486477934140019	-1.243955238660883	-3.6614852536562918
59.165533984268485	3.8455202753042221	0.69666132713660556
57.543321742020602	-0.41058757677779306	3.7770625572158489
59.099082725885566	2.0646523825470404	-3.3038966995228347
58.337329701341773	-3.8274855406197403	-0.21985632431173921
59.104411327795816	2.7334801736433243	2.572671030468225
58.378649568206349	3.5691286666310562	-0.14421348784618765
58.191306764460315	2.2000879353970295	3.3813400013474384
59.046570234661075	-3.498911457660367	-1.0249311396657166
58.352453851187832	2.1374498499929899	3.555815437423163
57.809239350663077	-0.78258171883613614	3.4225463921419474
58.474633483024796	-1.8688942330834071	2.9262876001863103
59.552861110348921	-3.8763318446255872	-0.70662412437128275
59.064714595820597	-2.9779659005916677	2.2622681808020326
58.925549683060098	-3.455890950799446	1.0465715215247058
57.804373340734898	-3.0801809011131227	-1.6729044336918473
58.138077552214938	-1.8505668059093396	-3.0010120641102058
58.42742406388637	-3.341052692663693	1.515399438038648
58.123521288385582	0.025438083410609776	3.7639301385044597
58.587860724113298	-3.1758170874749658	0.41263158226507662
58.031881068715975	3.1902026368261374	-0.94616526480072471
57.987358157786304	0.45666864671479979	3.3510559142077088
58.196857564797163	3.3649745036482455	2.1751468540901131
58.441006513589087	-4.1267377335951236	1.1337839068502065
58.525947914454861	0.20765826222272282	-3.591001849715139
58.79102152022854	3.0484609109577967	1.9761817061068723
58.458363671925049	2.6357165297086413	-2.7680618872704752
58.92841987767023	-2.4270461042291815	2.3967589122799633
58.534097910525531	3.821904671943495	2.014888859635958
59.202305830936751	2.3386902029161347	-3.1032416978547408
57.778680547018432	-3.7923500737187488	-0.51034113063124753
59.264991648774881	1.0989333592020001	-3.5363415522677699
59.004512492405688	-2.4351873065722591	-2.393553207085898
59.244334606431352	2.9340265757311674	-2.2582074140329826
58.884294441301698	-0.086191252776030056	4.0338156315461315
59.370739077420154	1.4510226876917267	3.3007642061829641
58.195779331035133	3.7483459308119649	0.19087618983854535
58.945663027736202	-2.4018319408971438	3.4353589248738245
58.00093100532294	-2.1233561288129787	-3.4429587672538222
58.430231744764704	0.21723696323759761	-3.5516397703275011
59.499122095771845	1.6461932110853132	-3.2138990243770174
59.347264373638957	-0.13102731720681485	3.6835365332180099
58.017349316258652	1.8653978302085792	-3.1675422003837874
58.585118270365875	3.8718951951212217	1.0966461563530052
57.627961324272547	-0.19800371933858613	3.9218078414645943
58.423172637845582	-3.5082614930605844	-0.57319400191305725
59.210846397548579	2.1736568052033514	1.8980872057039921
58.10277847990362	-2.9299513249479348	-2.5116042287345741
57.603607267667812	-3.0572121064311855	-2.6398173184439768
57.80201805042541	-0.71019659863442985	-3.9666859008462092
59.143062661351003	1.5790431897247146	3.1790321265012662
57.984490786627845	1.3127672517325191	-3.8328460992988505
59.276489640283998	-3.1409996532681603	-2.2605425902774963
59.150001977501482	-2.7931243983520289	2.5625656883733448
57.739747875897628	-1.1848243998102861	3.3036762764669421
58.424663314916451	2.8058853239193171	2.8987181735340104
59.187207684466792	-2.983602683399905	2.2814563279738231
58.327142512832125	-3.2793366793505596	0.24429380776215259
58.81854836568052	-0.75980429036675357	3.8423507691650758
58.695833668307515	3.7169195291694113	1.7402996748456336
59.218266534054067	-3.6739281379228061	0.38566144251348211
59.250126256520453	3.0626489899450222	1.0642258722959834
59.219346854431578	3.2204994988367432	-1.7734846537559708
58.056814207404869	3.8604478853967339	-0.1053617658005985
58.560255744386779	2.7584288371792844	-2.724206671345605
57.861750351925274	-1.9929150155845647	3.0125500618580254
58.123319923656112	-3.0041431992736016	-2.2269466719827857
58.540927311519951	-3.2022480873901049	-2.6235947738699101
58.029609644385992	-0.67188826456022965	-3.8277685389916942
59.116672723171341	0.27183370014819891	-3.8286172939959373
58.494452200849324	1.3629071051960955	3.2758556925458717
58.748416794255149	-0.34795203984830492	3.5680160921179773
57.990440423806859	-0.22875779967841708	-3.7368134073505574
58.526790955968394	-2.3313885516270623	-2.7143554221944699
58.972544188591627	0.44581220535270821	3.479788057896398
58.303360571887197	0.29555789129986637	-4.0066312071205497
57.843251629761042	3.7470727368039145	0.37839952225666712
57.733079389547598	3.2943891552565137	-0.062157464011593486
58.820975732366534	1.2070007322143379	3.8766081415127158
57.886503062350563	-3.8542193556154092	-0.091945430276945558
58.210967826375395	1.9210935169271663	3.2480020979198865
58.478705769031897	1.1222285100612246	-3.7773483944673192
58.212293110253178	-2.353496015940185	2.5101964510735546
59.196526518535755	0.059473513952607367	3.53841484987369
59.212348751346426	-3.5764946023907487	-1.5093905886944867
59.585105493577593	-0.73711235242537387	3.6988417483528098
58.680002264574057	-2.5211317912380471	2.6593144896777767
58.306660287900328	2.1058638625486479	-2.8694472441350065
58.537428647338203	1.3348418423425952	2.3726048763969172
57.861754768862184	0.57475108833612121	4.0476877696518985
59.061223529182719	-3.5389219531378155	1.0758083615688674
59.504057662210606	-3.8406393392513341	-0.21772167349946919
57.860532026609171	1.1862428381774941	-3.3766444904750803
58.547838440618506	1.9816270909022033	-3.6814031365836799
59.012581099656828	2.102822434880451	2.9809922104520234
58.02742370745402	2.9144182651188477	-2.236877821871968
57.980525609156615	2.5667567219241896	-2.6150798237082311
58.821277871571176	-1.9270257983500001	-3.1247363466862588
58.666462470894601	-2.426345490018865	-2.2995987570480234
59.331017393592631	3.9140954882011294	0.57357914764459395
58.877773057799118	-3.6950996906531532	1.8703622214710813
58.111539688035045	-2.8997892332416999	1.0486585794643304
59.206986143815136	-3.646144939721943	0.65861883774042096
57.799235553273718	2.5267291649602601	-2.7207576572748948
57.898575199281275	-3.5475673222096531	-1.0978457151653296
59.019108182589015	-2.203627843100779	3.6109816540736857
58.068415316189707	-1.8962927834426961	-3.5135255316845466
58.627225406530975	-3.3097415468418037	-1.6869415285537734
57.903859257887497	-4.105042440940327	0.33494510919962117
58.61883617196073	3.6145936482041154	1.1549065371461318
58.830507301917834	-2.6481135372276223	-1.8988768801944829
59.479474082616107	2.24494917341339	2.9550470839791108
58.313153878518257	2.9873439736652858	-2.1924870697526964
58.629399598937894	-1.064565285054345	-3.6422592633425572
58.73267803884616	-0.30520715666543252	-3.5593198642749662
58.765795293360824	-0.93779978180728996	3.667055624364111
58.611713951616444	-1.5184799771334847	-4.0154323492287176
58.436225238358674	-3.5417403971653605	0.87968867116210125
58.141871503589819	3.0048857433625442	-1.6789294571896725
58.318814544563224	1.3468304738513757	3.3876296928059748
59.396190171732592	1.7521061818894612	3.3520559958888474
58.136441207704934	3.5707526024463325	-2.2633366438078726
58.796398524198764	0.011215631142473134	-3.8267648441396203
59.37033097436575	-2.6965777213906121	2.5227372355733277
58.283967804086117	-0.12949592841986385	3.2373711430572616
57.675861946448848	3.3210716767543071	-1.3814243359074807
59.02233645783145	-0.47302177363022735	-3.9567958929441329
59.040163352517439	-0.87339565029503319	-3.8093559474552476
58.933292244801521	-4.0307377436918319	0.10593011925676002
57.770193777530025	-3.2638002351167361	1.7798130152724514
58.160611628290653	-2.343888117422277	-3.0596859993757395
59.542109765362305	-3.5597754404233921	1.0583095811845986
57.584036033741846	-3.1449503709219324	-0.77784284944929427
59.226725527115157	-1.6342159473605293	-2.9799376059763181
58.047111009197643	-1.1406129207705109	3.9393843284380061
59.298740144057774	2.612622895459733	-2.3174653436386232
59.208626490113602	0.80872063910396363	-3.5969980107388242
58.773041379879125	0.31460869939036662	-4.2620643984070652
58.777865369140038	-3.5141422043072583	-1.0320999851144959
59.169223719233997	3.1177135192391878	-0.75329744834045775
57.715217489136322	1.4352789054790807	-3.84720741495667
58.058949382243895	1.0473494229357487	-3.387490348371581
58.121613845132444	1.7113687324075313	-3.4698972906909362
59.304723184328274	3.2723699757130875	1.1246402640079878
59.341450036942646	3.5915056000498375	-0.56712828980478291
58.698361363690097	2.8382778371065953	-2.5295341798616247
58.097148219058525	-1.8993130916640102	-3.3964725585309194
58.044548986378864	-0.15778872405718361	-3.8141996476471265
57.921917174078558	-3.7012706889326554	-0.639642857926358
58.40657231831927	-3.8036976161005036	0.25386568180896024
58.723262433417666	-3.0925658415579944	-2.4957322939946724
58.447566533928821	0.42471197771948721	4.0101740848304823
59.135161426079918	-0.053799383487530189	-4.4177470510804886
58.887621010112632	-3.6566026078369536	1.3608785557822338
59.313563574373184	1.9536023936076332	2.643041898572418
58.708540956486495	0.27536688567112583	-3.9573893171897976
59.269047291150741	-2.5818759149124015	2.0634149357101728
59.163695515713947	2.8514375759697548	2.3031909597749549
58.989721544916819	-1.7786231086140933	3.5382132939307103
59.399431429030997	-3.2919325634375909	1.7176392825659756
57.677560450608837	-2.1931392917610277	-2.9622540696465043
59.11632006842305	-0.64482060338953673	3.8612395754297961
58.038863237280616	0.9730743257326725	-3.8849123038779036
57.515573677256448	-3.878661629224637	0.95359778119600647
59.111776703908532	-2.8600669099365157	-2.4425466411218864
58.530315649266157	-4.2659050205728786	-0.015113873770274386
59.460603715474235	-3.442709406534644	1.4668893873502011
59.191857715611192	2.2120046848036878	-3.4392884259321193
58.59850649618248	-3.0089591633707435	-2.5386248129584565
57.694543928906093	3.9904500322613017	-0.31236783164015441
58.141789758898156	-1.4831258482952119	-3.0207381757702239
57.648690134423511	-3.7136247462606722	-0.053072148524907152
59.288931898844659	2.379758184986335	3.0973813883302963
58.111514306334563	4.2333721779125062	0.062642836473487853
57.9327454496134	2.584121966786157	-2.9122788207111197
58.305224009631608	3.4165040686821553	1.0819599606151098
58.818330229846744	0.21475107260128087	3.5533264613280715
59.015924690589763	2.8362858104090733	-2.3137861108504008
58.593299218376764	2.6562034052652299	-2.5293385920061766
58.082845711695441	3.3038350854211798	1.2723041874176382
58.175723578409105	2.6186191297235024	-2.5694190584277479
57.856217115854456	3.786147519931605	-1.073003510524094
59.111603654753303	0.36422452090738677	3.9417022167121498
58.677294660937861	-3.5716905185877752	0.21782990648651937
58.526965858509136	-1.472560172665325	-3.4792124393920112
58.498882926354263	-0.1670445650416249	-3.7241834975870023
59.622113625882733	3.7662899840640289	1.3655137324324467
57.75802792161037	-2.357563730265837	2.5582911098660599
58.940853270107873	0.68081487507650573	-4.1026124904645425
58.787968729814374	-1.8632069665204394	2.8544678437583562
57.451773709211125	-0.64028050757506694	-3.6431938863448274
58.839603240770245	1.4898041254120926	-3.0797486306920181
58.564917044381382	0.97427088090923741	-3.8147619025166573
59.440146458679621	-3.212333376197686	2.1355663740424329
58.460463760819493	3.4519488271606584	-2.0756733893198795
57.941702467818402	-3.4212348780715649	1.0986756924483652
58.879438158665636	-0.057143222939577083	3.6978545303394514
58.182347905348358	-1.8465166623143134	2.9235801296789665
58.200816819846224	-3.0312221189005637	-1.99287749215295
58.568241172893536	2.3949424172986493	-2.6217552559189441
58.943106857886747	-2.7865795701610732	2.7102370631602097
58.651561873893741	3.91766108852456	-0.7973494710914022
59.372797556404798	0.73784593980231994	-3.3306709907941232
58.232817391443369	-0.34358002961039424	3.6958087323133979
59.135048347944064	1.4819332735919639	3.6342416881632049
59.027162194363669	3.6416572234726714	1.1672280217786415
59.146436206987119	2.6261703401542298	2.6473007928503716
59.19663843156237	-3.435098432228409	-1.2149084670942341
58.282999455382168	0.93717889422574741	3.8864026533484028
59.34873268091809	3.2617993939030838	0.35945274994782866
59.077120967620495	-3.3611024548506903	-0.53178808384567833
59.440331959485107	2.9706734292886878	2.1278934606633206
58.462885872928098	-3.4724651230422596	1.3945264676081113
59.01274697206707	-2.9555977316705393	-1.7184272897521005
57.899644395763524	1.0883537308522957	-3.4371134425631875
59.526147141219006	-2.9868713808844345	-1.71720015171878
58.225643392491108	-0.83479158618372062	-3.2679434193460857
57.621641121608768	-0.54097386659493241	-4.0003455700176893
59.284836639084105	-1.6045777576520919	-3.3663058834688027
57.938468971428023	-1.5003550673857997	-3.7310780358568407
59.308764861696119	-3.8439464363874554	1.074110827367768
58.781154089686147	-0.70658725437940939	3.4719270840826431
59.328539545128173	-2.1368493699720648	3.4727303669591807
57.726020183924547	-2.7400664661115739	-2.5166523307575988
58.453253402368937	0.51402586247264037	-3.1608909009999389
58.6193841099631	1.8885758371201498	2.8990344476066516
57.669592537970182	3.5372880106876083	-1.5737230950024625
57.749388004215341	-3.8019386707499923	-0.71278673799137549
57.637333416093107	-2.0095540943204275	-3.0081904571524758
58.417461358520356	-2.6396181858131471	1.9790203552316938
58.383998523731364	0.29493822688441618	-3.5588547793792893
58.606624873725778	-1.7718426332306847	-3.0909904872985519
59.07568581881025	0.96954299104867026	-3.8707979521014582
58.42637218896715	-1.7834168071420331	-2.9824971817186698
57.492146931307069	0.96820302508440448	-3.4573573765880505
58.972519030870309	-1.7195830994826895	-3.4090995843129743
58.319190340772408	2.5213975371595696	-2.9709390676263854
59.030824040762411	-4.2004921573712881	1.148241912540322
58.027985372162028	0.93434861900032229	3.6438673633414882
59.358692484729303	-1.3783355494433185	1.8816505375391779
57.914943538706801	-0.14314430158331884	3.9418298670502945
58.468036490190293	-3.4056209081046429	-2.078198798014967
59.476924260050325	-3.7394707968027183	-0.51782962025640189
59.179190717033975	-3.0149582392553107	1.8391175815730647
58.213794968996339	2.5882627878804669	2.5499123912477168
58.125165078903166	1.0311022766579172	-3.6501117189765693
58.961475801696174	-3.1068110149873238	2.6745693684748058
58.51763568575636	3.0692414599042634	-3.1715830036937844
59.056953566646989	3.166327056965891	-1.64761759647654
57.955157744481454	-2.727969612294443	-3.4686949432089418
58.420460042604148	0.8941218250004721	2.724321453149277
58.806903941528539	-3.6355052296516659	0.074446464391649966
59.201902378408718	1.4951027275969764	3.3766656298287816
58.665362301357568	-4.3839988572566124	0.75041702129119858
59.436339208966423	2.5370092963113486	-3.0539267340620069
58.199826150747661	-4.291174097766552	0.022503003105230221
59.416726075295131	2.5077629172863549	-2.6701908127558527
58.30218107376205	-1.5680008320755148	3.7758609336741036
58.275421984161	-1.7583422304539917	2.5014591574814156
58.413666321198775	3.8746887272326838	-0.51563579467639575
58.642417984680222	-2.425538240245019	2.8393880641179279
58.302520975443535	1.6957044632051181	3.2555038319970784
57.779171458340734	3.6167977766931645	0.38601558992230939
59.252548416712607	1.3059265847894033	3.5971116438961439
58.555260129479969	-0.33051041117216656	3.6693699363675116
57.57568219852422	1.3556760425682886	3.3116331762040505
58.492927667976033	2.2048285343046468	3.2446533872060868
58.157718494344429	-2.1495136333295068	2.4778838947864159
59.375320713386195	-3.7424250380510249	0.5861762309584464
59.131160057137713	-1.3380056652420447	3.4238799423534578
58.385660585163087	1.6167814988517832	3.4200243933800683
59.28172678532502	-3.1108374731622499	-2.0277369145561739
58.470038549483291	-3.1770426253555146	-1.994164297602139
58.520006970128222	-3.7717429477447713	0.090740749177031968
58.1121663374946	0.56967467029223851	3.7867974271987501
59.339571066917706	3.4959609542194503	-1.8462527214614017
58.504467048726838	2.4493013111006743	2.936830300822284
58.026861319232459	1.6965046024577779	2.9565647386167631
57.982048495595528	-0.99586964760556063	-3.5757320524096645
58.922834432574732	-0.43951743044128422	-3.5466310329122686
57.939057289124257	2.1195231597298259	3.3819573138214993
57.809420639385294	3.1074612576114302	1.9350050082777108
58.386546143219562	-3.8768691472814836	0.61155747807016281
59.006234884944284	-0.2443021269518432	-3.9201190856059935
59.099309431334078	-3.6293538618330268	2.0179643586354241
59.162010190813945	3.6520466965586156	0.60496309855572239
58.74286191677583	0.19436542930391026	-3.8487984342899391
58.951881033845829	0.38026516548401423	3.6536856472794024
58.062529056469714	-3.0144960998389112	2.8025575679624919
58.472290719434511	1.336022760492938	-3.2680552538879204
57.887551690741333	0.085116717851487514	-3.4178562125204182
59.363445915931806	-1.5740880126615453	-4.1258365546801672
57.757976954920558	-3.2702759185199315	2.4405974046106085
58.943163518101258	-3.88911681668373	-0.81163781051649286
57.578239214049219	-4.1479467791341573	1.4835867072647324
58.041666358962729	3.4473470469676863	1.0101777509822176
58.277165841313227	1.8827754737463021	-2.9524683093034092
59.468230319889294	-3.7079010025088182	-1.0095668886773332
59.355770166460395	1.7898249911510413	3.4357727583827722
58.300478335192409	1.4741373579605928	3.1848316038159536
58.35363040776317	-0.13857151624601535	5.3082687777622422
59.308767371234062	0.55316075782663066	3.4081394707410819
59.01248374646287	-4.250552982638748	0.28845172145256848
58.107568674889464	2.0463364636257486	-3.2748374420224731
57.695021787267571	-1.1546798462801502	3.7273724844192753
59.465169064119117	-2.0252170019836297	3.0210028111060501
57.919953523917421	1.9273647694451999	3.527872582202948
58.854684705831936	-3.722583888314178	-0.10952050991903937
59.26554633305674	-3.3394092403852955	-1.6155338681604168
59.378638111397343	-2.023823775418268	-3.0269783440399096
59.289918343465736	1.7398409682214198	-3.3566460856528715
59.443311264612021	1.3377590345169785	-3.1615350950101155
59.186319399659034	1.7227802073185339	-3.7561764912505291
57.911662984391221	3.4483801178007796	0.92685795209585553
58.123572674832864	3.5296815966066086	-1.256272180638516
58.764368181155653	-1.7197517366206692	-3.3933635210651021
58.946788031121912	-2.6121623531583813	1.929861102032868
58.605466556342755	3.3192362976913179	1.1199646104216416
57.55639055600097	-2.9401042978406799	2.1485318047599389
58.689337174182981	-1.9653463323212501	-3.356233693128603
58.336561734790038	3.332213687468851	2.1620199504558926
58.582915906502272	-0.84851107805082215	-3.6347819809201263
58.744835959783408	-2.3106259058561034	-3.1863669926712714
58.567956593568638	-2.936821823470313	1.8062021080204889
57.74585702322895	-3.8988599373697781	1.0045605374768967
59.084216354011652	1.1854164032481724	3.6646617743535335
57.716864807449909	-3.52709380564505	-1.9598227078359385
58.641236899995675	-3.1073731833153735	3.1915249499247262
57.953426176089494	-2.3178208783192824	-3.0671180315267645
59.098495312348987	-3.1600481333589157	2.4927154596882373
57.763980241534888	-3.4916161753693191	-0.46387873839407195
58.83484734221075	-0.47241543281117232	3.6320814360546372
58.24915830433261	3.1204335815772035	2.182219083714434
59.120115659391537	-2.6897191473082036	1.8885988188388425
57.890230137796202	3.4456750348354266	1.3483455680616054
57.813880159267477	4.5100187910927856	2.5673394346732845
58.59880704251384	3.8650152794843473	-0.9387561572064943
58.188664675384274	-2.4962270892794507	2.7885923003924216
57.908875971705449	3.3213301407082536	1.6813894309405415
57.924058099543949	0.15697228283230366	-3.6621825875611225
59.242724469713238	-3.8836533237103446	-0.11733986722048094
59.58377228963446	2.6777796000468084	2.7546759283069262
58.454694956550227	4.1818088993634017	-0.0054042659706019409
58.183128898511526	-3.7916393813168212	0.98480935893428301
58.177038720917139	0.97258933691314398	-3.6475897221034908
59.013441874853456	-3.193692022952594	-2.2147078123299315
59.433687465381283	-2.4296145434828449	-3.1703891584796655
58.84183166432225	-4.4060190732603557	0.13641412460158917
58.870761440776128	1.1921206478480912	-3.6298669491874516
58.602309283729141	2.5385049941470772	2.5471365852577765
57.506867137610712	3.1733247848112551	2.2151489428165969
57.691822674988792	0.051584679814029026	-3.7433736020895649
57.937170667404963	3.8790191659882503	-1.8614129765898413
59.102856751138717	-2.9099823005909609	2.3660197400722311
58.901210523236507	-3.7848473117296924	0.15690713781109486
57.747075729021233	3.4254627124612704	-2.5607335653716023
58.541495387435724	-3.2461468274491145	1.5041250717294554
59.405529688662199	4.0067105456389092	1.5664862931410917
59.446597142946715	-0.77920103684449349	-3.9792964011353935
59.184558991259543	-2.0802327052748297	3.8668700921641239
58.060307594833453	-2.3413297586996307	-3.2646678550526742
58.070631107297807	4.099120969925468	-0.9296673208348305
58.464486639004221	-2.6770504489108209	-2.3072795433121791
58.089053271453167	3.4066859511374519	1.724665521851954
57.605790905564035	3.6351207504033423	0.95131532137062214
57.691847668621243	3.0251929953460994	-2.5684247749669629
58.024137933189365	3.9738787614340745	-1.9192083000563513
57.85650039315238	1.4909532633505485	3.1493179920326777
58.046314820478436	3.539544194536671	0.73932732856240302
57.559759810750805	-1.4574818653449744	3.2827899483844543
58.682135334145819	-1.4417276673950066	-2.4370630616489004
59.252684845312494	1.7060902563093845	3.2469243870199973
57.592304529912639	3.2290741378426362	2.1933762196029627
59.182472337355243	-2.0244338458204516	3.2928810385014344
59.329850317002013	3.3472867428668684	-2.3793209615849356
57.863247373546422	-2.9876318923075753	-2.0230075179494222
58.204880393030734	3.8387587844929345	0.85747275832706704
59.147219536709386	-2.7390129158565775	3.0201916655845302
57.624998064837058	2.7415300025481448	-2.3186043292830067
57.595717482798655	0.58174697354699889	4.2406820783800629
58.468660442581722	-0.65804573309228154	3.7127042478232903
58.485695777436803	0.50518186564061407	-3.7839010666251549
58.652813294072203	-3.30947190062466	-0.44840071355343714
57.681666898478319	3.2884172817221184	-0.91522451642353364
58.94782376280714	-3.0941149216916664	1.9848572418184054
58.23048869821401	-2.7387545750105788	-2.237598682721853
58.01378905073279	-1.2926092566747822	-3.8088911296585199
59.34242967240548	-1.6344982929020031	-3.2860516374359086
57.928470458173337	2.4208954672471146	-2.7869675065774495
58.500698226421612	-3.4323646581549285	-0.98164510877131539
58.872307909679286	-1.1589146142633266	3.64742700176771
58.093028534644375	3.5903405597351776	-1.7032121989429787
58.941904401985113	4.0603419540333343	-0.13195703856130961
57.680552181072656	1.6254087022007746	2.8495858843535107
57.648788945427562	2.0725920652756433	-3.3222974791765414
57.764261896810233	-3.5971152187934998	-1.0701920001595944
58.981006355239245	3.6747608320361183	-0.69733592917010245
59.226319062156385	-2.9329683113384748	-2.4411054143955067
59.227690157380643	-2.9565040749306073	-0.51061952599523386
58.189862326076984	2.1667023666880909	3.4038129145075784
57.65114955765457	2.2524741019302055	2.9934653893931258
59.231228290222965	-0.98627643257147013	3.6165663701716473
58.053564230345145	-2.0353442511495072	-3.1331069031221483
57.720966012923746	-2.5116161686121812	2.6928471782784289
59.422805830311702	2.9762737207107586	-1.7676080609067415
58.441657258302364	-3.7202805974571942	0.096684170933801397
58.432615544561855	-2.0434578719152574	2.9663577234893435
58.586765295101024	3.450836663191633	-0.78514417495938882
59.331473012019174	-3.3658803464266414	1.7170548376275698
58.746744521330079	3.3695734258805872	0.64024891364036907
59.361019186579902	-0.4380970818167424	3.5520698659165064
57.782878196681501	1.8962981574929585	3.6649349720969555
58.82897257730621	3.702320793292146	-1.1912274135818539
58.595468131519198	0.9384976552738522	-3.5149253250642389
59.405222461118747	-1.4476201156798818	-2.9938947771807367
58.236826679122657	-0.56777379152259322	3.9333683636491412
58.017087181849448	3.2112785778791566	2.5860887140808679
59.182699024630288	3.417216114559412	0.30130196443569901
57.849730226153845	3.9207906321948536	-0.78857939575236635
58.677325717616071	1.8678030001297958	-3.3246698152617795
59.318236512981052	-3.7491131505032782	0.74774059905934742
58.553321558104322	2.1124446472832825	-3.3759369637814669
57.787556996064637	1.3962992661300702	-3.2557578777180778
59.395612930280727	3.5082202538238709	-1.4009906979228282
57.70301588662695	-0.093313827414919961	3.275035209994865
59.262767489723423	-2.4670413048386606	-2.9281799806908766
58.099272496029336	0.7964933433429684	3.9113244929560258
58.960818077069277	2.0161444942581879	-3.3355906088479825
58.287367188586288	-0.54863137933705053	3.9175959140075567
57.958747566493834	-1.7556232564974708	-3.181097092856382
58.132504638482565	-3.0788993358716796	-1.760010205506465
59.143622797460651	3.4852567249758826	-1.7402163570383236
58.662378844365769	-3.7616508577117371	-1.1213029707361499
59.186807462138376	3.6940999302303772	0.56959568154495277
57.899659549361161	2.1952755696387034	2.7564162567998727
57.85067605114822	-3.211249192783125	-2.3245464475959219
57.697428678113297	2.8052803862668312	-2.7708649679485653
58.982129330336527	-2.6269654311059591	-2.935809732191113
57.617588572752346	2.2888367832538448	3.131328926298901
58.766694903190171	1.2736407318355549	2.7677569219527292
58.586390847206268	0.79956595888265203	3.6303445741517968
59.222056212581592	-2.0823508569543527	-3.1407338336459816
57.892172554742189	-0.78982973857699523	3.890978539882366
59.012100242569197	4.0148613070631907	-0.90222945206287464
59.303584826423958	2.9156958670346524	2.542793592833505
58.646862870845453	0.40093170523058047	-3.7596441168281598
58.187848267430788	1.9253492961715104	-3.083339687348595
58.678555556831689	2.670947553419281	-2.9743701368430249
58.275287301979837	-2.0382480614096008	-3.0312058483245496
58.547709196726224	3.1021857817657015	-2.3861027036181226
58.965237454810513	-3.3916905786966045	1.8554304910303792
58.108464669506105	-1.941308743873003	-2.9570465918073632
58.013522900932976	3.5766776756191794	0.85561844564949929
58.260559209988095	3.2517685824388742	-0.15155645333765841
57.881133117861417	-2.8384031831727463	-3.0568705893106873
57.704566220939384	1.608165272894196	3.4708870504583444
57.968287869657473	3.0014616042613156	-2.1132278109106744
59.095381932672232	2.1793151041669869	3.3755079903384879
58.692601431391175	-2.0737262360054505	-2.9926242059909316
58.129225911403935	1.3458280170967853	-3.2267610106889393
58.376324741338117	-3.6057819601446464	0.16388945087766754
57.954258287095847	-0.16780993168530434	-3.5930885858350226
59.313336807248355	-3.5034297824692677	-1.046099689746965
58.665990317276247	3.4980357377092268	-1.726531639952714
58.686578563326592	-2.2726829293835409	3.2446532309162772
58.885298493975142	-1.902909698265586	3.3635503596651257
59.232076625968219	2.9276131018153468	-2.7242019735373497
58.995915618273195	-1.1151195710537534	3.6297658150152521
59.548819351511092	-2.4639324293102249	-2.4098121186587123
58.20441163155278	-1.1028407670948663	-1.9062592383065828
58.076478201929454	-2.4175766528850642	2.7188178347247383
58.177169287156438	-2.5532359810515892	2.4732066569144284
58.425637968741668	3.7350162790723225	0.83494482745334586
57.94916239159722	3.1116923107824928	-2.2213079149769697
58.400084594844124	3.1651864534816396	2.296040481781525
57.997027870659778	1.8285102509255853	-3.3810000459367209
58.938921505129819	0.68715285113792268	3.6350862510723219
58.007135696417237	-1.3517463994046821	-3.4297185005702762
58.14337786522001	0.99496786221812694	-3.4608240297012416
57.637632043617295	1.5859840407785628	-2.8486514033898418
58.426942642584265	0.73303667220633828	-3.3272540352023854
57.543415509821031	2.1229663097762774	-3.9673963118407576
59.003906469622898	-4.0609798896315716	0.76891929727613872
57.892374648926207	3.1093146329574477	-1.7833028546143683
57.766717185815317	3.5821955751874306	-0.27727154884654914
59.248577398760325	-0.36543798332983685	3.6216133848859413
59.213778728805131	-1.0489261546589028	-3.6150851875779733
57.817649356917649	0.24479903726968985	4.0255224786037171
59.104586151476859	2.5423466742241976	3.2301904280377451
58.731527425504268	2.2070366193494224	-2.8853875325517344
59.119885493393639	-1.3658065225650411	3.4434484465864994
58.577224169026238	2.0641051870548712	-2.8727390301019682
57.899458081325797	0.69616289743304149	3.6318417740829352
58.220001623201654	-2.7156305562975978	2.3157236750203882
58.888798588614272	3.984762121260641	-0.60650554468624474
58.552873765389286	3.3074111186024271	-1.246030185658882
58.041931950571268	-0.39263389886071931	3.7095070582623526
58.652511406062047	-3.7494247731415689	1.0302995683131084
58.082646855713207	3.7970905921266751	1.2054315283509565
57.915605461509408	-3.5469090351718449	-1.5620622390088101
59.257155282335859	3.579159770581513	-1.4015179350584825
58.278016670211755	4.0859011717543972	0.31248690896560644
58.740852834010546	-2.726946499934749	-2.4007630116021712
57.963748171585564	0.12256862705707287	3.8735194742659793
58.478167797056223	3.5602366506372545	0.20319800368130761
58.816479080829502	2.4433686208212149	-2.9869044168446859
57.999117355598734	-1.7381668002180497	3.0368977231066721
58.119930213836746	3.6932836908525877	0.7361598564674412
58.827716155393254	-2.6882116354345817	-1.7767607744889191
58.13386238410169	-0.96620040311843447	3.9919692562938307
58.163665908532224	-1.5596933099506949	3.2550833677227602
59.476252560267241	-0.97055304330338799	-3.6041221053784396
58.534479995753827	1.7149487400962471	3.3570950273594184
59.0801280565111	1.1783143052733391	3.3581617186475068
58.797981372649069	0.31096974412025635	-3.6723151940631276
58.670283406714027	3.6362257310871868	-1.6953471927115769
58.644537238517124	-3.7925997746543718	0.59898529938958256
57.750166061002801	4.1064600277203054	1.3849970812239265
58.374663092045367	2.5112118802215893	2.9353520366650523
59.338052117225971	1.8855633657317146	3.3930543526410823
59.279272591353909	-2.8757365860745132	-2.0267001762889891
57.860067072837957	-3.1026311452762974	-1.3994907337296492
58.698568059272375	2.7540890654147647	-2.2501848646046954
58.826993143412707	-2.415831316922068	-2.7656528737838464
58.089617447701976	3.6272684119188341	-1.4996483021347375
58.247960246152076	3.0832295499468874	0.58576673304481608
57.94101368509321	-0.062119228869293955	3.5365175730829468
59.327289186540746	-2.9794601236604898	-2.2689067294117535
57.598537177434913	3.4106802411506125	-0.54710238239860209
57.732164434952359	2.7997718710597916	2.7103293839934963
58.385136630258643	3.6748593179224733	0.60747018189221935
58.636014493970656	-2.8955383067990836	2.9935287675459263
58.049878311557841	-2.1765625762380609	-1.5973266445545038
58.588614914408481	1.0159021268309598	-3.355596455798997
57.720857227754443	3.3745441178940005	0.028940107965502556
58.240456132133581	1.047476062593732	3.6759610186786107
58.745022300194528	-1.8769279143464341	2.7807812695437266
58.52681423861808	-0.25115502715760718	3.5353008884059305
58.647254340616705	3.2018157286672286	1.9179269651847808
59.544300567426909	2.5278448408469254	-3.2627077255419557
58.262071069922513	3.8128469314667748	0.23398257972533934
58.899533407904549	3.4875348001707867	-0.93947458958558683
58.733100507924178	3.5189313678593828	-1.6160241644560225
57.867019910623327	2.7122750344721318	2.9038016935127078
58.253329778783879	-1.0908040661104677	-3.2945663955509179
57.643868859939893	-2.1134075915894517	-3.4583789027145331
59.262173948353102	-1.8619116486297322	-3.4360739789772561
58.552753054665409	-3.6492743531605711	-0.49698086894534005
58.806915662760431	3.1636034372267083	-2.3564915425837922
58.971713239095948	-2.966405339312435	-2.6671466205048344
57.552951081951029	1.365973106905519	3.4695179348355176
58.830376407545934	-2.9359926157986402	2.7827648097551032
58.711697524029347	-3.8520425763177624	-1.3896766692780982
57.608473947200288	2.6594092474722433	2.6717329644960657
58.080631481656241	0.66159182706084252	3.5935672934411014
58.169476895323598	1.9913312279591073	-3.1342366848966541
58.518692173474072	0.2750276351396479	3.8296407464277311
58.814568936884463	-0.020879539389294832	3.7333506829835672
58.188697809474839	0.19356374348280322	-3.4406443295827858
57.970918324895557	1.8577456179753586	-2.6621468146454781
57.757280115583029	-2.6249933696109742	-1.5139583943056245
57.818552236614536	-1.1181407522847451	-3.569580092083497
59.371725300791645	0.94300644364772324	3.7856194811639101
57.924614194805791	2.5962392583998199	-2.2390943300004795
58.932246720575797	-2.9374819418292177	-2.4368918747581607
59.175644119105279	1.9687585824123779	-3.466832022536952
57.771750686624834	-0.72355534401796318	3.6056541874189443
59.478274924764072	-0.11370964072055188	3.6036778399575833
58.47700259813972	-1.5486712881894273	3.4781122855955813
58.771855803065336	0.69256765045077429	-3.6667895852651982
57.813942221689153	2.9615117869635323	2.2256056119803
59.148520113645603	2.7080605238764917	-2.3486454117467028
57.904776965892481	3.3566359359166817	2.175517789323818
58.157068367411412	-2.4859000702536473	-2.3273585543174313
58.61556223404471	-1.1971035299377926	-3.4040473805916016
59.422957277584196	1.4202588076754825	-3.1943578179803982
59.271008866657354	3.2724560373340297	2.6364927493882124
57.81893573623033	3.5625287579526463	-0.70864510857636376
58.481290449334558	1.6093852301856904	-3.1772045206363191
57.598389963394425	3.53805400470912	-1.2680420092465492
57.741020692382968	3.8580569130900999	2.4453644263887835
58.010624775657341	0.096952901562952526	-3.9586387542917763
59.194325878452453	3.7086830908732598	-0.56443120085184117
58.857297410612404	3.3407564614844945	1.2164651018908663
58.940532482441192	3.5879185470672965	-0.62564343941067713
57.985732361585271	2.8896659394061119	-2.4536056321354249
57.6180257596262	-2.2273705082775455	3.2826225787878722
58.993592700083347	-1.3005501946640061	3.5466545636451388
58.175628014542866	4.086409353792102	-0.38718048849859388
59.430624692482716	-3.6875206429500622	-1.1839097878861737
59.325319864455466	1.5480895945188746	-2.8141186379395693
59.413296772536697	1.9746927415185418	-3.1790720802344024
58.768797102843983	-3.9813350576046949	0.4738271522890698
58.753714829989356	-3.0677756509554239	-1.5124705759588124
59.416107553672703	-3.2100822392568427	-1.537528411653297
58.096069032790119	1.5620813813937737	3.0547479956584098
57.84036735310147	-1.6740463554946232	-3.2380765956632502
58.168889788017026	1.1859073776979463	4.066287176983681
57.65402827098837	-0.12954439295251755	3.4210065561239396
58.387536148831408	3.2718331632987439	2.3566491984745217
57.699726231505814	0.55995667127649984	-3.8479462097091228
57.659678285437209	-2.0956232064049316	2.8110706875822902
58.354267447659566	-2.4091838635131428	3.2313733168571295
58.715376928194154	2.6225968158524484	2.4949634815894473
58.692363646348589	-3.5113925237921157	0.49892453674023352
58.187324439263676	-0.82331593135718184	3.8370522129398754
58.87103962623096	-2.999180605006265	-1.9459624916639209
58.388632362260935	-2.680121903788911	-2.9258928954353403
59.544453807758011	0.084243276990444621	-3.796950283731197
59.50059280038171	-4.1490754192066106	0.010711131637277235
58.849189251107646	-1.5126939935865822	-3.3820336855964781
59.366601446266863	-1.923661565798231	-3.2800329284419991
57.632800231533452	-3.4712530026355553	-1.8319983795073156
58.785919698606648	3.3449596819061127	-1.6871356452882831
58.459158243760264	0.49007557115108941	3.6116884911185427
58.259440464565955	-3.0369053631476239	2.2331851092040385
58.209347750560319	4.136172835735251	-0.65327332690037476
57.621781081442791	-3.6129193182196078	-0.51206144649785423
59.077494240094943	-3.8110466656122375	0.82032843125911592
59.349614437955481	1.2725963918680658	-3.6188121818044996
59.440418656863514	-3.2081459241226638	2.0905692564305811
58.353348274790804	-2.8137862762465522	-2.6214314680529696
58.835548790475087	1.6897129417173238	3.0235888504360675
58.357330412126089	-3.67712455095376	1.113999964800932
58.072717089694613	3.5240519091743367	0.36700669038733608
58.169834640990175	-2.7060601659127119	1.5779597118200566
57.661958889558527	1.7568676728109689	3.4837929316772036
57.897124075560228	2.837019912517079	2.5179440029012312
59.55238462169779	-3.6960679683232227	2.3148375880267684
58.851702221726974	-3.5430154915904617	-0.85501678479831089
58.618097597316563	-1.9463148583277727	3.3713185188028372
58.358235458380832	-2.5165968668118941	-1.7091336296156108
58.215831993657702	-0.96525237800214703	-3.4869291588901818
58.537992279392931	2.4384891949219369	-2.5904864424994773
59.016724961391176	-3.1070904691155912	-2.1948424966945619
58.474280247730917	3.3406566927920354	1.974823145220389
57.846971799259038	0.36133881791210226	3.5441374512114483
59.060886901869303	-3.8615032987320106	0.16901412995227361
59.288123510927143	-3.9781922517852828	0.39546180899943628
58.403321114634977	-3.4542161174926456	-0.98429534651112849
58.91280851086109	0.81673783999400573	-3.8500396100538401
57.651485252521056	-0.964819006847637	3.9315620037597521
58.165461247018634	-3.5936324478069159	0.94632944032015742
58.877410174489356	2.598859215019921	-2.9087333776367972
57.643987554917402	2.9594633345695622	2.7215867758690671
58.820015189712691	2.2965709693129499	-3.5575346898926168
58.78786000455181	3.9240838802195577	-0.50047297631988508
58.681757350976696	2.6389429513959413	-2.6679530119508952
59.179284433038596	1.8971612491081788	-3.3972538777409143
58.777928591355959	-1.2397399100742807	-3.7622938856124817
59.097845723538661	-1.6415367495329622	-3.4397986895268686
59.161314900855828	-3.5055130695674737	-1.4069879747533163
57.804179271238908	-2.9376031718233229	1.3253528149980018
58.377814949927469	3.9806112961364586	0.86365958127687847
58.918080615166964	-3.5160256683808608	0.51196909735939189
58.963972267253929	1.3149396154567878	3.4338088573498027
58.122903632865096	0.18045648261123953	3.810706406784468
59.345201126639935	-0.359188013886028	-3.5711792984035191
58.229903054607192	0.86662877184508402	3.9386762152732229
57.974149282036535	-2.5068384369295176	-2.4653281195121939
58.658604914345574	-2.5527328637784388	-2.7736764609754894
59.122512091346515	1.129359279637342	3.0978599316146971
57.892709313976624	-3.5695505759725483	-0.38451754884421269
58.970815355732782	4.0333076862801356	-0.09614311140218923
58.732853590473205	3.7785930325486459	-0.61029472142072738
57.558428962825623	0.77943618243244961	-3.7954462146265699
59.478658710678076	-1.1060838784775917	3.6568605560046348
58.294727614480706	2.0287572193649401	-3.0301469025612726
58.980456929755782	2.4879813163502167	-3.006917712677029
57.96916636501976	3.1360849297319158	-1.7508719582246921
57.774702190237825	-3.361627921402548	-2.1360070993690687
57.730292505374486	-2.9373996199508068	1.9577002534770283
59.246976172892317	-2.178589687120231	3.17990287421055
58.389609014590839	3.3049179067976828	-0.43167240611094265
58.321204725858166	-2.3578133718542635	-1.7811757502165142
58.367442502245183	-2.479121618397413	2.6639913884947553
58.033632705079185	0.87909231314594571	-3.3498466546760635
58.086112737558842	-1.5715791715817022	-3.7572743513469518
57.774351641944136	-2.5980677817756508	-1.711342370738584
58.964799973461048	0.77347339588072916	3.4583292424146013
58.665974731359086	2.4127667170595761	2.7851529096112011
59.098265649223585	-2.0643817911682443	3.3420875475037914
59.105172350267964	0.41201484921314752	-4.4284445650333906
58.490674241909936	0.095665333098285912	3.899912615685023
58.471236239098644	-3.328015176168706	-2.3500637668127093
58.658511074395093	1.0296378957589123	-3.6146027485306131
58.509986551706966	1.8651878289868822	3.1381929952883154
59.101880541618428	3.3951252233084075	-2.0179894928209521
58.234228109332683	-2.7096943384581449	3.0821481338527277
59.582866424043431	0.23783489614731176	3.980365858425805
57.806525253649731	-0.94669002163882143	-3.5179897450980802
57.786462172848402	1.0620523887150826	3.5296172905902248
58.15738925013072	1.8763378006964018	-3.5965925870049564
59.174390897367374	1.3153070368512396	3.6962383971180781
58.680297249829465	-2.3329494714229431	2.848064114675017
59.165784559141485	-3.0410910793748709	2.391393725205273
58.760086650901862	-2.3237098872322504	-2.9849142289780453
58.145999569538603	3.3888589539786969	1.3590575068475099
58.588373432578351	-0.97701563920046752	-3.460736535217054
59.616009584361286	1.2718188612989227	3.7879439380189019
59.603200309562077	-3.087192785758647	-1.7173896470695691
58.364914406392515	0.67978654910778635	3.9427939341569478
59.211769560786827	-3.905620139773744	0.41706688304480366
59.337609230289004	3.226246895053086	-1.0798880749445348
59.30998012224893	-2.1164899892483318	2.8257155819045967
59.385657709103185	-0.621344990440173	3.3419463126040614
58.21026157287374	-3.8509197100729557	-0.60361796486252328
58.184745199393902	-3.7646040933206439	-0.9810768533424431
57.810146071439974	3.1210771292590067	-2.1370600828701147
57.76843411502206	3.6075438751314493	-1.0338423566987944
59.441305604548532	-0.80627778211583445	-3.8838747630030781
59.482038443063516	2.0245297109776894	3.0830766801843312
57.787253518909758	-1.8917269078461683	3.0016540469780177
57.842982159358733	-3.5612900327769621	2.1411767261693799
58.406847549553625	-2.9831973229619413	-1.9929054451266983
59.070068725875856	-0.83397207740258961	3.3894467348420112
58.966774967697859	2.3190418282791789	3.0462121988703914
58.16580076504944	2.5220829290896383	-2.4562380313493857
58.641515719759546	0.43942377340036909	3.4627658897301412
58.731343344230979	-2.9465934880710574	2.1418921744294077
57.561077019358763	-2.7325146870288628	2.9607348651802257
59.280367140422577	-0.24654193573697811	4.1758394332227864
58.16199827247415	1.7179952780302701	-2.8502270915675538
58.092186879579344	-2.4397343660304509	-3.2696437074359541
59.438989085215574	-2.2150588915262959	3.0945449499162256
57.784849545671293	0.43872191181626569	3.6668343995474646
59.117020100004289	-3.9073497820675929	-0.34701553185926565
58.983026026848506	-1.6574917783330361	-3.2202487435325322
58.514321579312771	-1.0407258532816279	3.4284567777266672
57.550040917251074	-2.4583991453137557	2.8493008275648775
58.227567112251414	2.6653227176313288	2.259479602321345
58.875027286835788	-1.9734838998894257	-3.0084968825357206
58.343590914367034	2.8785895438247691	-2.5926825256825854
58.724006621759379	1.6895420472483893	3.5653320126487351
58.757609942819713	-2.2592341448225657	-3.1698633468879409
59.275238224906481	2.9910610278878642	-2.1013365553642425
59.035684032562038	-3.7301672223063114	-1.2832601907764112
58.24063085661728	-3.4273287115019788	1.5181444527311025
58.687106284141343	-2.5339857860213395	-2.8576051649296179
58.425344963306273	-1.4708550221311072	-3.2135943991819191
58.63421343029362	-0.58745725546161531	-3.6481269751328398
59.303860083610338	4.0374339430921813	0.071656809393645049
58.901249659563199	-2.3533261295632135	3.0468884011765924
59.110885225061729	2.9942778596675876	-2.546660385519222
57.77909365010273	-0.45104494255072597	4.1634036128918677
57.838144113421329	-3.4980867587750124	-1.1234531451094742
58.182957167974138	-3.1878301809505083	1.8522752761382766
58.059673128610697	-2.085042561210265	3.2686751296786354
58.07698610794705	0.97874535147487196	-3.3142783650372061
59.15813182031102	-2.8598240441665528	1.7206293365787981
58.555513036780354	4.0564238137419517	-1.0342649225257099
57.902312322516003	0.28698076102641323	3.5412933016520771
58.704182557890604	2.9584918944979344	1.9747784746234236
58.596629929046756	-4.8495392036322489	-0.26849727624552178
58.630816636332483	2.8380055445093344	2.2535110412478128
57.8556383311712	-3.5865666014828887	-1.8690234319738888
59.019347435509125	3.4274990367212754	1.865050316632662
58.182967300750924	1.9779758762511004	-3.1540111294762974
57.51556123551547	0.71840944321995093	-3.7104640358593715
58.127252551434928	2.3555481902890256	2.9783609942392197
57.814562337696231	-2.0198160552760713	3.017474002948461
58.639006226081172	-1.9978332058403614	-3.2308686672990139
58.717605129698647	-1.0844089614229424	-3.7299179184366635
59.012746241336771	-3.7292162303992336	0.13211065450022455
58.446108517367456	3.9702282740074679	-2.3228537829470564
57.631469160835771	2.7685091817262708	-2.9666683007654227
58.138002079726959	-3.4762035406497915	1.6950423430926114
58.992931946698441	-0.15691025434144928	3.9917889852054089
58.206826709435653	-0.92899047368940046	-3.4213675180515537
59.086490722556498	3.5791182063187867	0.21937158325792824
58.261195163664858	-0.63393561543277654	-3.7116893426080315
59.238300470696714	3.4550201581774465	-1.7247815906386568
58.114465033288901	-0.33047740712345663	3.6468760462339245
59.208965956156739	-0.97874719764599105	3.8856269207805845
58.577296262533054	3.9642389093357542	-0.42917096455606912
58.196324486755458	2.7437211768048915	2.4742712906695461
58.446669258133994	3.3392835006549704	2.0880585021082294
57.546493933618365	-2.1065659804919172	-2.7514723765414133
58.90154086474147	-3.7958684162650456	0.73663031654252009
58.041687884821584	-1.600714000867778	2.9607630144159955
57.849925697357975	3.787384316127127	0.88666634152412316
57.554849313472602	1.7264615405377335	-3.2947076444812478
59.3023091791882	-0.77320087675255611	-3.7571780793997607
58.42851678337523	1.9854627181696729	-3.2076051755343693
59.196325547649167	-0.95687003071643251	-3.7863974812699506
57.737590979756824	-2.9368509543376118	-1.776030002586569
59.46615418787335	2.2813961342712163	3.8142366477737188
58.459016037169846	2.9936373737354551	2.5536603549369659
57.988914604606315	3.3529395555019912	2.2401865311835656
57.91831703256544	2.3439391645170735	-3.4425154531597948
58.185948513475111	1.1611320176915421	-3.5841958692777691
58.427006895988207	3.7921239304002792	2.3664079139918717
59.327762532800932	-3.4881457907721765	0.2814054411434323
57.955151175341904	1.7979713927213703	2.9367389562227322
58.545426922160559	2.9651479010514312	2.1806064391063948
57.943871264782253	-3.388825706198165	-1.8201230853348114
58.734504374281968	-1.766106082987863	-3.3895450306189296
59.410744520477344	-2.1571505895003704	3.2343270781902413
59.144276760180134	-3.4525705849822357	-1.13731416160972
59.431069193082209	2.5633701521713044	-2.3444884497859104
58.182168617351884	2.8155004309356295	2.339190666962041
58.946188092393875	0.17123697907077187	-3.7389710502305147
59.061136277239505	3.5869214445619693	-1.5420501780634086
59.13530754754634	1.4337692327723017	-3.6438123418939394
57.801785059287162	-3.5350911748447031	0.89394430677851089
57.74849686662953	2.7832971657963141	-2.6792058795301656
57.703552485714006	2.7173113376585212	-2.7593120590124052
59.163252343829903	3.7927122175886234	1.178148094733783
59.466825557665899	-1.9534413323139055	-3.2342356671144161
57.519419004855166	3.1505155638006395	2.3377120921255927
57.570679443122479	1.2222253221215598	-3.0211868265494104
58.149027488770656	1.5613259007657299	-3.7316008352385803
57.950637243663671	-1.8546230042274698	2.9100356365312838
59.501161928819528	3.2548895338075621	-2.0253446083749651
58.739124399955095	2.4825360786542463	-2.5568385401245832
57.554930558360283	3.3383782853942594	1.3766715314859661
58.138062433417574	-2.5629011030777038	-3.1411378521365734
57.809821424684827	-3.7462156417189156	0.89162967679895311
59.124205784102116	1.3269806573253631	-4.0773632064362255
59.344300158471441	-3.2571028129330268	-1.237596363001114
58.09963415938973	3.6031208404013566	1.0506763927603577
58.095296036632782	-2.9242885159741854	-2.2967727351602436
58.848924834573971	3.5455904370405982	-1.389244549181829
58.232248733533297	3.0211183386751888	-2.0811573422084457
59.410872497120245	2.3892024733593726	3.0647079625975207
59.004368336772664	-2.0637433849310782	3.0167885166296413
59.196324114244121	1.0018507687306897	-3.5845774298132276
57.770191908609732	-0.92899580904117018	3.6681904339395737
58.919633098000894	3.491431136760283	1.7140721709396205
57.976442098251141	1.8192233243635769	-3.8109650188558861
59.064669043702153	1.2798281419731232	3.3299502739737039
58.978818394646574	2.7835549983007062	2.504762338633908
57.859913316316529	-2.718877564084841	-2.1661796260001793
59.075015116119076	-3.2377298770158003	1.6541627152952567
57.679848853873196	3.3434150622020189	-1.1925516396164455
59.090582823174302	-0.18222986205045946	3.8026507213543455
57.798710319531374	-2.5799019778349961	2.6673538347639436
57.836478540336842	2.2226340522691972	3.3661263773830341
59.014167747770664	0.55365160696579707	-4.2015331280963011
59.078640829616923	2.3968225806069823	-2.5029318862047818
59.655545085587548	3.2504158070792215	2.0243736699358061
58.718377248982222	-2.9189556724345005	-2.3366896943326454
58.283790688744233	0.6488896540071255	-3.7359919713452352
57.613835889541171	0.031308544377950775	-3.4145197910953962
58.377079243960068	2.3202117547760817	2.7667807265250737
58.227946214192613	0.59463594150825394	-3.6099276415253421
59.183168101205851	3.6415789681447355	0.49980465052315315
57.447985456470306	0.89852640428173647	3.3591985587271576
58.543266478427434	0.82095457197454935	-3.3445240743417632
59.160608608080665	2.6875195935675764	-2.8361352462965308
58.142397588295097	3.6328672116630045	0.50060725601517786
58.472226458338199	3.5407353111423707	0.57827863628474563
58.292200207743733	-1.1011748648678823	-3.456634629730885
58.844184244551194	3.7667971229614179	-0.44718184218361012
58.533666386311197	0.039338218065034639	-3.9315091089538923
58.30029811333246	2.5307790459761086	-1.9441494921469604
59.452065960332057	2.6828157346012516	3.5796397151579717
58.233493704515197	1.9982534578272158	-2.9299875836970619
59.140215480155618	-1.0745158950293652	3.775168977590043
59.20216313574965	-0.28033806723911342	-3.7367147391598019
57.957004265388541	-1.9899789169565358	-3.038811966919218
58.784205423678429	3.1056769894098384	2.2538668459341684
58.229904205845955	-3.0541683080824358	-2.1297220300313753
58.31087360331238	-3.491410177807273	-2.5034584165177991
58.069580165534376	-2.1949748736750823	2.9757715000867577
58.174125676285207	-3.9964090064611568	0.77141961604185649
58.161749373729386	3.9105128195910832	-0.37367713261056451
58.027217432090772	3.5989347517411345	-0.053175965465402132
58.259633607050155	1.8630753783098661	-2.9891423122328042
58.094944062803158	-2.1527324885491232	3.1866844636125764
58.830240754112708	-3.9375037982996908	-0.31775347099721041
59.287943109353456	-1.7711943216552204	3.2941170930660846
59.279019984930798	-3.9621985319261874	-0.049531294597225745
57.740923555098426	-0.83184628975470676	-3.7993666312844008
58.002261442428996	-3.3123113057463276	-1.7719550557890766
58.767209514386401	-3.7405848795103438	1.4085822702169646
59.348975079313213	-2.2862052886939721	-2.918958281962897
59.25115279305782	-3.4962264971997512	0.23104786046239023
58.608379174365183	-1.0016748673593527	3.4145289079954884
58.805669105574573	1.0055929662709899	3.4790807921007381
58.608329138631198	3.1487975430095707	2.1375929813726127
58.83152658080791	-2.1092970712494639	-2.5982646998452332
57.811018821765032	1.6401494079634598	-3.6982458338740689
59.294148060234029	-3.6496418269097584	0.76989390537939817
58.323017021909628	-3.2903871689613133	0.59533483183562541
58.476246877461627	1.1427054501682168	-3.8461532798810678
59.373218336480335	0.37751877037454218	-3.9268050748012802
58.155266014708005	0.32121043272473382	-3.6561795849303338
59.128002194140286	-0.30536795346453327	3.4236413814364326
59.397493723114657	-2.3482400817521252	-3.5927489802603008
58.533406122661042	2.0139931817194889	3.1472138974265906
57.569808727130919	-2.3589956676351962	-3.0392929100677528
58.280400644223661	-1.6950397097303986	-3.1312016928379789
57.761378488936096	-3.9692775433324012	1.608868491602963
58.469525247440657	-3.3230318423359666	1.1435858013577687
57.739138483819843	3.8131366441111223	0.71329652529928356
58.740626662810392	-3.2740196223959845	-2.4198303750741306
59.160644780288713	-3.4673117450566093	0.61557126133523687
59.186246687907826	-3.8495038142914111	-1.3494602695866631
57.527425576195895	0.73960438099368897	3.6524843067613983
58.33378725776781	-3.3153305937368671	-1.7278770591939505
57.417116908282139	1.1372869340261065	3.851299750520035
59.416824653038752	-3.4395881865191753	-1.2362068038229528
58.16019873000976	-0.51530016181191363	3.8289732032509325
58.039827858925861	3.6830355835243545	1.6074334082239761
58.216064501813925	3.4278002170642625	0.7443706176556798
57.812552106141979	3.3852898575090844	-1.7381082620448192
59.400794957625678	-2.9273060683938894	-1.7363828503979006
57.815711896713246	0.77994296087292336	4.0356598335112652
58.935672704982522	1.311690503386024	-3.7509155807820687
58.126198474419361	2.4343861089109033	-3.396140325773656
58.234935939432631	0.23635694201164398	3.7754308786345909
58.756847636638135	-2.0102688401697288	-3.4251235740784787
57.625067971560078	4.0614768692463974	-0.87529340633799468
57.63018657415418	3.4596436317137536	1.2592638077012002
59.372770712997728	3.5982247583320945	1.3114262475299874
59.059843683463036	3.6114667576874098	0.80659081969599533
57.512128923402223	-2.9604983600003503	-2.2345460130600752
59.2416430365219	3.0770556118548655	-1.3691138034207966
58.720327660916134	-1.7935637042773906	3.9100466423097555
57.8821751796808	-2.8833243975639595	1.9853286812729285
58.181159301110661	-3.8423248290148013	1.5878010542217118
58.594353876931471	3.5542127108844399	-1.1511154771020371
57.891842799502705	0.046940702778991004	-3.7966892560172765
58.369373467492998	3.2435112125589303	-1.4418046687500059
57.818994909102543	-2.9518090119222045	2.2076826838041317
58.4436704439902	3.4608479807864678	1.5069901690415621
59.490372409018406	3.0837328150345704	-2.0224808478516372
59.551337685379508	-3.2348067940617802	1.8129792989726072
58.990296184449576	2.5318997694359178	-2.9514019526372235
57.532573320702973	3.0974522009205931	1.8185943566633467
57.816383242414098	-3.4332180113141115	2.0053982196595284
58.181110066970291	3.8629232890225946	1.3261714685390833
58.625784661924754	3.2349653024402101	-2.3290092148804273
58.17409137102829	3.5031513664691101	0.88260256658913538
58.172192222371393	3.8496522204393018	0.39348824196358667
59.315632997887228	2.676294095609276	-2.6541507798763413
58.519893770016886	2.19873948011216	-3.2108962764625395
58.833920453567643	2.389338410277341	4.1068511756066197
58.633281918189084	0.44384564611135263	4.0155593594460983
58.204705929154677	-3.767422145944133	0.48296817048034801
58.391844153054798	-1.80610507663107	3.501101088761315
59.296382712065544	-2.3136548363621947	2.9518174600586646
59.108507230842562	2.5432392852857562	2.8167069568626979
58.720729577156945	-3.6854326570218516	-0.69518829125107617
58.844267079692898	-1.7583454298965977	-3.0155804545181462
57.955971840326455	3.0611312475871348	2.0270280063488721
57.977050398449464	-1.6684153544411926	3.9255958769179657
58.2404627767378	-3.4617870830812243	-1.0465950649217968
59.274528973783788	1.4766557508157134	-3.4283391045001999
59.230922065918307	-3.834481759690179	-0.14358898756726962
57.994297297078163	3.4766556922198366	1.59830689737212
59.094782090519573	-0.39761414289925562	-4.0171539730271979
59.326639821376851	0.37319005668264471	-3.7185818110300413
58.45387968366726	0.37778606018279831	-3.2030804637018484
58.335893672331878	-2.1489738891096732	-2.9908473894822123
58.775012961830775	-3.2543767408715345	2.3728346116169452
59.3101723082749	-0.56492325223966466	-3.345458863560403
58.547469121175467	0.19008667805671622	-4.4088844165336596
58.79959161052858	-3.2880574456684393	2.3758481998823013
57.939062134351538	2.8155904008577339	2.4237810404846813
58.392801686731595	-3.8407272830148225	0.15280074374408528
57.646094943504252	0.60470093816661918	2.6888648287513575
58.80288935173887	-3.6156264945834171	0.23372196380202934
57.864600031986136	0.74217758699620773	-3.5318949538360824
59.071951228385871	-2.1196381710360086	3.6630249507756747
58.894399220117407	4.201059540659303	-0.16446238579715747
59.101671169727709	-2.8954603851268739	-2.5803570373314857
59.251246058983476	3.7985763898527281	0.75047347300342271
57.814463285692625	2.5380303929644072	-2.5237136804891183
59.039078484515649	-0.0075706773493097006	-3.7711774575373362
59.05791084258847	-3.5263799593476097	-1.4019334140132909
58.836313374988073	2.338532299672313	-2.5660948748494534
58.532794202281089	-0.070889902991980461	-3.8273759828336136
58.23767545328986	0.53925676577929893	-3.7177261275582532
58.935032332625603	0.44070498115095336	3.5111585661531106
58.440423743351296	3.5888928002759335	-2.6025568865324615
59.557957210314335	-1.2201758558549844	-3.0814681986614709
58.954345770622226	-3.585009070772037	1.0532575041470174
58.08012083164256	2.6915472187432856	-2.6170409221004398
58.198056259752093	0.87156389617304764	3.3537930346415057
57.543568605747147	1.9017461548061241	-2.8004842872453621
58.399928128664115	1.558867426567049	-3.7994286473156498
58.302946706041574	1.4163125965041996	-3.2980497870917778
58.483306895684585	2.7572742650490913	2.9444376555487262
57.588309208014948	-0.28456151986774253	3.8662761320215884
58.596637884003421	0.21924804382720914	-3.5090585857662844
57.8973480504714	2.1588670677751987	3.3210763246565791
58.618832239564341	-0.16456344599413572	-3.6919557934683169
59.267981037427504	-0.33467352918058396	3.7737251447831497
57.750444482417294	3.4481306682477149	0.19035617495697321
57.813979665506707	-4.352177740992615	-0.92554669309433801
58.824461918103964	-1.0861474900202623	3.6762767276149231
58.381533143412391	-1.056309608986306	3.3547690147199742
58.475077563246714	-2.6410141839372137	2.627916349148637
58.768019058511534	3.0337597384669595	-2.4946139306273563
58.859372314315671	-3.6644651942869784	-1.1330145596872081
58.960345367181077	-0.95423559134480873	3.4900860245571477
58.66281687683604	2.3234133072106276	-3.1190753486789307
58.301833587285017	3.7024308918833579	0.71292183383004226
58.431802748586954	2.9345543635888656	2.4636686073520391
58.599252081439637	1.9999972700325728	3.1891125308303847
59.37087050881528	-0.73516277363168481	-3.5940946152981312
58.768407881053513	-1.298438416810811	3.5532802669868651
59.552983926393097	2.3926891091438001	-2.7349102326350185
57.954736785823108	2.9144389431051172	-2.6743662410844351
58.021546320538029	-2.8530206335977297	1.8244209459675376
58.861557793957537	0.34333046523833427	-2.9492494069118167
58.786816614853343	-3.764368203418881	0.37322368295484459
58.405993225012665	-1.1595751337886551	-3.6636477310086097
58.914594807524992	2.1492727683848907	-2.9462823693971041
58.059683950856915	0.49636112027289603	-3.9097880410571482
58.362002565652901	3.2380205542769955	-0.62515304954544593
58.882858415995521	3.1404853542873727	-0.75454053059334347
58.367775399936214	3.7742241483697252	0.329911985132682
58.47296511056927	-2.7362095313160406	1.8911927874842958
59.32952739891325	-0.34531333370867717	-3.792337189458745
59.398090771336463	2.0565412999075732	-3.0891682000253451
57.674709693890492	3.3052557905012656	-0.066399446850719759
58.451179388117041	3.1863671770451778	-1.7640763520749931
58.214245341951845	3.2964620614071816	2.0754138060532639
58.623873218378797	2.7114193216735938	2.2255228349680753
58.291336664857106	3.5586386524532654	-1.2611175845342038
58.599234652663888	-0.82817504761618466	-3.7774203456545967
59.289299042137479	-3.3727720855074748	2.1540050967933833
58.368012632039303	0.85138972231645715	-3.5832969785926787
57.915855980461245	-3.6462762557025208	-0.59375380246749032
57.679374991736324	-3.1598240981540733	-0.051487841756269824
59.017704750941924	2.9455430172930472	-2.0526325257450106
59.095104844414038	0.44420809071979844	-3.8078234806087043
58.436477179358072	-3.7556581440554329	-0.84613774267386688
58.555632965425005	3.3251790802494945	1.7808335205544892
59.198171450408417	3.6785120412663037	1.2487947869176808
59.452482976665301	2.6907931726633025	-3.0391886080902712
58.725828463829664	-3.8239999443056201	-0.22010897130026449
58.601000025413576	0.01891900729315726	-4.0068047776588047
57.883017956441769	-2.0514738892291318	-3.3580455363189357
58.37127102632946	-0.0085239215862601588	-3.8839289646879962
58.247986356993621	3.5457410255926511	0.20739378651999255
58.624824747254763	2.9147965503791027	2.6255145712147296
58.877383298629248	-1.2958213776380154	3.2390686443979915
57.75550390400965	-1.7578639065412243	-3.3542805262826314
57.533712576994418	2.8076837825837497	-2.3776690611462636
59.4579819784175	1.2461977758315292	-3.4717700857483353
58.757255401428125	3.6813270913421396	-0.41741242384070915
57.744049589480738	-3.7131131430565594	-0.16781193719143944
58.019853864761885	2.1321727351489588	-2.8492327994694402
58.318508523026473	3.4705192269940599	0.34123284273712184
57.942848614314265	0.1621438527825034	-3.5759158002509608
59.149675498997397	-2.3361621724626169	3.1737755248865742
58.844606472148541	-3.354885595663168	1.4696022180976835
58.046645289195503	-3.3281735070404412	-1.5788747168771819
57.976535611848007	3.2711898661766807	-2.31721658420203
57.798499255866034	0.35701325076127183	-3.8288451554585912
57.917642661638403	0.039398838010587398	3.9288027194235426
58.835752731381582	3.6349306198246003	-0.95146440645817942
59.560533728365655	3.6127751264078078	-0.77929453064916265
59.407962394675565	-3.678584987420273	1.5893557404347096
59.050397587102438	0.52334804204815	4.0104989941477571
58.562629418274739	1.6414265813509967	-2.7444814413594831
58.638944204404403	0.8129283611386473	3.3148523510343328
58.494922093005904	-1.5222068683922734	-3.2942581013870975
59.448269835370539	-1.8043025845178753	3.3579980696807867
58.132225060549821	-3.3814142265930429	-1.7738982546267874
57.805025395831684	1.7741490401579751	3.0568891917070569
58.38632039408666	0.83537726540409418	-3.6036721773888236
59.064031144443547	3.4047745307690302	-1.0567300208270274
58.78788953016835	-3.868822291901131	-0.23328578881909479
58.634278190950731	3.2567258473744025	1.2953648978857681
58.916948207036938	-0.78305056533756179	3.7741827987296301
58.320075273948916	3.3385348757090267	-0.1510952041883187
58.482508154954793	-3.2224761868323366	-1.6596083879208572
57.912690216975406	0.95016231147570873	3.9814214718241492
59.005498506960379	-3.5576567528240099	-0.75083245705162327
59.483022185325026	-1.3473863378274444	-3.6538126096323902
58.990443856179482	1.6429201513989435	-3.0805748046475179
59.130602448275859	-3.7139611457237374	2.3233570652054651
58.202080754674817	-2.8155359474260164	-2.0696016132314159
59.268401875565964	-4.2985531438186753	0.82460105255794658
58.195962601854895	3.3723382386959075	2.1541067937998908
58.691558669295802	-2.5806406161172366	2.8153556776697397
58.11660336168331	3.6561948795775669	1.2077161547729793
58.520448154572321	-3.0613040057029863	1.4237308723408575
58.617691394225169	-2.0836810315499523	2.9804607393171492
58.361632903462286	3.5484461739540265	1.3668224510205926
57.502555573492351	1.2380993730310854	3.5663579751342782
57.803873338192489	2.0552330226721365	2.9934960489363025
59.30878663445327	2.6528772651055612	2.3989579547850171
59.38491774834155	3.3209865098515614	-0.84955059530040167
57.6475018034699	-2.8405702807545463	2.9470605172353714
58.484340561870326	-1.1761397981997064	-3.8569001124070024
57.80448988190755	3.9256914886440342	1.8526357840133003
58.106578390066112	-2.7133906663680794	-2.4365618503484505
58.355159786623581	2.7114950679785621	-3.8291240174513477
58.532924818634868	-3.4820241194538348	0.021787362477663781
59.179235445060925	-3.7149620836598412	0.24800335573489293
58.447050904378912	-2.8569793237877694	-2.4045379248147163
58.009415556671371	-3.5157656864319993	1.7287401200944574
58.345666928907704	-1.9675239375058597	3.2221493040699105
58.298879390317552	3.3527896545222831	1.3349162686014435
59.358224488790327	-3.1717625817570165	2.1622967480021833
58.450388587872268	-0.55922229177392146	3.8037090403845784
59.21831338330739	-1.3828963108931627	3.3545809763068282
58.844925884616245	-3.2828889742447047	1.7374539384274785
59.170448560906067	-3.3094007551084288	1.7792821627797368
58.013324100730046	4.5099078496049749	0.31590973758401708
58.067914975990938	0.95615237587057578	3.303687365978087
57.83257490524938	-3.3709012349150025	0.44997603022623889
57.6806329156746	-1.2922555394908419	3.5320590244164598
59.195907295408311	1.0832646973457338	3.587277242247656
59.168923879604023	2.4042186132654049	-2.7563240037379964
59.263738670108076	1.0784569787892144	-3.8246770990173826
59.365960713263313	-3.1809872559953001	-1.5786001451882083
59.089981381403639	-1.7783887194866077	-3.3633304304121125
59.232346957719528	-3.8801842561580737	1.3418167423238845
57.756074507488627	-1.6016057548203195	-2.9167069300432136
59.314564901568083	-1.4229216142618142	3.083203517127203
58.389971145147122	3.0335229441113358	1.5483075460888127
58.101122316362229	-4.0644975675663053	-0.68165158496120282
58.444314215655957	3.490494817450243	0.48329748960135049
57.911241188211164	3.5313665353407129	0.40297960031701852
57.653119022198958	-3.2369533159052595	1.6730576201790059
58.904625340252167	1.0517351422600623	-3.5235634630657198
59.388749002557624	-4.0491092647461135	-0.82741254709308998
59.264668146862668	2.9099523005364039	2.3118033610980571
58.697146484585716	-2.4124118333075413	2.856546226323958
57.673257799316822	-1.584562009758907	-2.9733269857839404
58.809591657007644	-3.2085272952616162	2.2893279847860399
57.939362518553786	3.2575465713895015	1.8086092797820259
58.038156021008831	-1.4097774398830845	3.275750059206151
58.344334827439219	-0.34580958223029373	4.075772978003716
57.941303446701184	-3.934716651605894	0.66670258848523012
59.196341963234985	3.5814829015626075	-0.43948643958009281
57.966618587425742	2.1107426264307425	-2.7566117976077171
58.091099135555076	-3.3792384326379383	0.87157400737581314
59.014094666771989	-1.5216451059030554	-3.5218223761350393
59.314050944573566	-3.7208013426019031	0.51303591089260647
58.719021196818545	-0.58262769003359083	3.6228439227306204
57.844409294446251	-2.999631183388999	2.1600493634552542
59.109462817106497	3.7090037820683914	0.24659749467206837
59.300559750763647	-0.33000129096236691	-3.7679336439830386
58.979105907874576	0.061408418034415567	-3.3459740144844856
58.120494704284184	-1.7355682471888727	3.7160312840013225
58.232703534390104	-0.77293154874679881	-3.643947443009389
58.663396897187269	-0.77545738905542982	-3.4796980628794318
58.905208067135447	2.8357786514906711	-2.5156357619602412
58.921518461210546	3.1257803288407806	2.8995592270810984
58.040543191027737	1.8616983144502872	-2.9900090784510631
59.194475541977987	3.434618679572953	0.21927969300319369
58.539110148652448	-4.0112420593865057	1.8388716745074016
58.674406708283257	-3.7470711762707007	-0.12601663826530879
59.535787177087954	1.6246211247915945	-3.6107257740680816
58.005132630118446	2.5883805700862634	2.3835530036843631
58.908036703301669	1.0822208545620464	-3.7111076434362893
58.596641656899649	-3.0469666337543853	2.780455138067004
58.054770485283541	3.1423430181567831	1.0377940737741147
58.105574596765322	2.5125534591648804	-2.8012122183639532
59.260010435387947	-3.6877789114613453	0.75045361550282963
58.16479748049565	-1.9334508859871906	-3.623577348340854
58.556358871697171	2.1554153197138626	3.0796114495278504
59.093228563288946	3.9070378777659132	-0.31962725199553615
58.27319848218827	3.4588226541570828	-0.76922018650014801
59.464472221190881	-0.2717103352264687	4.0042237282714819
58.987092811223782	-2.3695436053746861	-2.8009714605786913
58.71601541508506	1.8113589159132566	-2.9969279250292145
59.121211829832895	-2.6970047092414959	2.952636172580406
58.457999272548832	0.57056700707487162	-3.837675204691545
59.196510069578324	-2.0462647700513701	-2.9636559456742684
58.423980041827143	-3.322535151704987	1.2158357955338261
58.06677488016485	0.022487723324800042	3.7441897891184746
58.27319863809636	2.8356064067981221	-1.9054963854021487
58.635798918220686	1.3350249101188743	3.5517633162508582
57.44875987210574	1.6025180443215501	3.2343939819862504
58.002676481258845	3.9615979547301361	0.22381291188763486
58.552265168021052	-3.744228680010306	-1.5321051662833571
57.875386395186638	-3.3381577157891988	1.8458050605425602
59.272952928007996	-1.5229435803106219	3.5655517593842303
58.889974748709029	2.9375435100808267	-2.385881440499126
57.90090054082907	-3.3044002414114355	-2.1281880789743139
58.008129418787995	-3.53294279206143	0.57658664235423185
57.819444113123609	1.2721649305596614	-3.5606965251070224
59.046174249592354	3.3620328132222057	1.9965565666260312
58.066227241336684	1.8005131507323613	3.0272818987307568
57.556461633054212	3.1704337414896524	-1.1182695887972738
59.274814276949115	1.4756717608705736	3.3890069714127926
59.127059576288261	2.1869100632995608	3.3450220136852509
58.148340950003451	-0.44677154011899167	3.3736177397036116
58.756256178369725	-3.5390813778304855	1.0249728830033951
57.811389383443156	-2.5418447854889901	2.8301760454647984
58.955017447704414	-3.7924314081171664	-0.27356729221633974
58.587397031826818	-3.3828436910742874	-2.9960758641186751
58.05287642249651	-3.7272307872092982	-0.15734112531607691
59.218591372770632	3.5471908349159462	0.40402999827024594
59.513696457218401	0.027936402251514524	4.3158742567788169
59.133290176595935	-3.7757506657410658	1.5311724199581271
57.687941675579651	3.5413760158145271	-1.3397481950561128
58.07066684366179	-4.3501876863944311	0.37018474188632872
58.327087740788258	2.25274095459628	3.0268753310583754
58.307670027262233	-2.5167376380876325	-2.7707494174081164
58.220463432187863	-2.8383614352450666	2.7905136783434417
57.794612238115633	-3.8218088218258655	0.7113398260386935
57.635234442512044	-0.15292444677513592	3.6843773368082742
58.556061326877256	1.2831946616297083	-3.445391570375949
59.14319710300574	3.565682739729314	0.6393456753602067
58.572041432723331	-0.35505649114407128	-3.2967606924908464
59.402161112726553	-3.4841334059362916	2.3982937267340798
57.564555265327016	3.3873034597212039	0.64862820899598239
59.337439847151877	-3.0712548241289648	2.1783626660438169
58.23401651121285	2.7276155845191745	2.2963882596689409
57.69451652599831	0.075144451866807266	-3.4633347605512186
58.92350947127516	-3.6734722315220432	0.42712373702486339
58.083131509272008	-2.0288149766481887	3.2227978151218499
58.714561838039209	-4.0734759890876937	0.49905546169110365
58.010715674101469	0.76121022053333687	3.9508724191771072
57.644847771990783	2.3150945759496153	2.9839677600196186
58.554214719002317	-0.026099937120420545	-3.8890097928309424
58.883165497904884	-1.0449851786461479	3.2344591880773699
59.157269204961544	3.7113939722022589	-1.4415353029711886
58.541415366673732	0.93780606462853522	-3.3948448640848499
59.393901947437563	-3.1759243244448263	1.4250620395013531
59.126141582521576	0.94509918271958882	-3.7740413827121952
57.65053798045664	0.70599747754142572	3.74071076524528
59.597106268436022	-3.6363291274115745	0.44171888728332492
59.469452854690935	-3.3855789325366548	2.0379680717354618
58.96985906990335	3.0444499732591748	-2.6618148620970343
59.022175504777529	-2.3837743968382923	3.7405400562062643
59.204575403979824	0.58299381028890351	3.8897850851649092
57.919076419119939	2.3118557144533174	-2.9720728681456339
57.70762498243819	-1.1222721809241931	-3.1351816048294388
58.467358004750302	-0.38566530546230726	3.5045676856465735
58.196250777879904	-3.5942087711853783	-0.143801379365952
59.200556439126885	-3.1031993186531941	-1.8848141640067813
59.1212133662832	-3.2602132456482265	2.5434730440579405
59.433761655851391	0.41497293336010616	-3.8634676941506654
57.942310448466422	3.9728226346736144	-0.31540731414223439
58.010060606579998	2.1606028704253255	3.4668312123364129
58.782273669574479	2.4098520853780054	3.1951168814703417
57.514295732726652	1.7324403371325978	-3.7204086886291465
58.724433770277138	-3.1767362980310048	2.5969125701629054
57.813836610642902	-3.2362559370725901	-1.7123546191319647
57.986423992577478	0.40356170050738671	3.7753906517646953
59.2803809050749	0.40588907892037995	3.8151433543962456
58.50767423386209	3.3716811869974106	1.5429984327234592
58.761241570968608	-1.8896732850735893	-3.7427287901292372
59.111290250905995	-2.2156380516268404	-2.8061590652535044
58.112501166287622	-0.78465435017330554	-3.3983578049514009
58.802801172416771	-2.3664699077961884	-3.241281250746713
57.628579965383018	3.0828071075468384	-2.7103908625117099
58.933676935194015	4.3537828639011531	-0.43027575206372537
58.74050432298462	2.3614350469925274	-2.8295901010017466
58.136224662417035	-3.1620631401583648	-1.6562401190946994
59.04734278595955	-3.432927566522443	1.3375875410881297
58.366903775096979	-2.8423980271568654	2.4496532438334353
58.744674249314677	2.8115188464782994	-2.714954866898037
57.611010353907737	3.2900719513400247	-2.102611516139564
58.839405760506565	1.3555614324714711	3.4534867786243417
58.832021215988277	-4.1481365388944624	0.10800102833428901
59.319582925166003	0.47329670018966652	3.6963521148312295
58.565365518682988	4.0472570958604672	-1.8196188707621064
59.015026344576398	-1.9575898432039087	-2.9924815746689561
58.129478057887432	-0.98230559920864757	3.10765853953421
59.207964212419228	-0.57915290018557553	3.3135155218582377
59.592439157976635	-2.7206602314974853	-2.3255253143013084
58.344702049607804	2.2255941902671177	-2.4290577503697395
58.556302798696827	2.7921322647487781	-2.1511463829899959
57.903355824258576	1.9253826652373682	-3.1559892100346625
57.967554545010515	3.5358151779832734	0.52854544210070353
58.129811548147586	-2.5186301282813544	-2.7515398515846705
58.949458389738922	-1.8422626500596655	3.8039750552543827
59.020976703629358	-3.053451602421525	-2.8724310452741961
58.648950606488256	-2.5959949829924582	2.0268053138532172
58.855836274760421	1.8597806116420659	-2.9706242315133964
58.236926521422447	-1.8672671305985056	-3.0882042392397917
58.642100214840497	-0.3502752105692391	-3.8880403636258936
58.366854811157339	1.4148159751129459	-3.7582702920426403
57.6060913398004	-4.2375704885462904	-0.34609899519899612
58.15959415587055	3.3059673024000324	-1.6976615647638273
58.253382081933538	-3.2679929611481744	1.1781367086978363
59.436751090352281	2.8437525585169077	-2.3442395723745437
59.442626729703136	-3.5867138092059716	-1.0634909832621262
57.60804093552067	-0.54948516536208936	-3.7793208354470944
58.210727802225108	-1.6012998026446319	-2.8773197420425136
58.022531602657068	3.7316174424288278	1.6337237147601411
58.434797101940653	0.13525552232625135	-3.97723084856456
57.779671694959902	-1.4748643918225359	3.1249620507575782
58.698712035882352	-0.78297966797217922	3.9486813448170883
58.133839541210079	3.6462905281635551	0.75376483808114336
59.139382248246591	-4.0590775542982831	0.37420829929654892
58.7511472912065	3.9263382108105622	-0.35917518375044782
59.20115049961074	1.8399202378885944	-3.4968543356770452
57.82688542167638	-3.0462285876823576	-1.5818403070555034
58.831416077496101	-3.3927189280685055	3.0983142250937332
58.943747854327455	-3.2237106178752342	2.0271993639009369
57.699021958368391	3.9567212651370363	-0.11098675374333257
58.680865382955382	0.22653873907556493	3.9527200061507108
58.190873326305699	2.9094561406921899	2.3158463186105243
57.728851762282588	3.5277915635580892	1.0755351535761095
58.27123854743806	-2.2188564862586153	-2.9484507831790414
58.850901808125322	-0.48004824262681023	-3.6077653101214868
58.43776940788262	1.0490930418987208	-3.5241100710038133
58.697140654425347	2.3428296111323021	2.766091320885645
