56.828513256435507	1.4436900608209238	-0.32634017974659868
56.217917201082528	0.44566287883580014	1.0436047840500378
56.819274518414922	-0.28238364112660341	0.46861774321107286
55.570267416074721	1.1063634958248938	-0.010738670173553682
56.950433669417968	1.2386555810260975	-0.10227032480545888
55.58395427893764	-0.15287829031072203	-1.0298320023159522
55.99000599267918	-0.34459678949224842	-1.0300643985801097
56.844118516308377	0.86971217467071671	0.47774632345352669
55.895855323822737	1.1694096854305593	-0.59061122186018655
56.899011877012022	0.88665849511661066	-0.48545428990487716
56.396607407461232	-0.4410900694453404	0.80526465310088424
56.381851274823923	-0.57409601028267987	-0.47975531472965527
57.047917944578337	-0.78784061147275308	0.88738750612103356
56.10290576255251	1.0605626212744557	0.1420149670787407
56.717201128387977	0.73506429009852925	0.47379620635847297
56.57157894368644	0.49750585410544801	0.73211123658224164
55.854991465785716	0.6505396628088278	0.91117826003268809
57.066442488189907	1.0009521029782962	0.013969989821966303
56.917858321946014	0.5489550568099002	-0.31391749207317499
56.583302952096943	0.67121200082916788	0.70477078965234952
57.1589372742501	-0.80903870179204695	-0.23682243586825794
55.756496998732075	-1.5045933334762169	-0.52178074695260623
56.698412126024813	-0.75301341830004132	0.52028859439672559
56.579634797158157	0.61683922236276612	-0.69636672344643935
55.832879999896022	-0.0040317412373831636	-1.1026774865082958
55.993426165111508	-0.9441592890837307	-0.56747810037500213
55.939064678261651	0.66208173446970009	1.1457831592904255
56.431139345473575	1.2828059960393789	0.41058536291465147
56.524974634422207	0.23452517370153186	-0.9865859361035606
55.334969527575382	-0.36751292260851082	-0.96486011977874298
57.488571816124754	-0.69818783286837849	-0.5020506245075036
55.874520482735925	-0.013654670491409756	0.82090529574473847
57.320612441851424	0.037058936633690809	0.84623062793166215
57.053932233551244	-0.35586454434682691	-0.9150083694271498
55.743661446718519	0.7741111210053051	-0.84601452494165696
55.598906028951944	-0.11728489831785976	-0.96941086276210342
57.11274131887977	-0.74592296530659463	0.68247489056369015
55.775571234668547	-0.43256322348861709	0.22923990467094471
56.33612089416448	0.97649774724340654	0.52952835534332532
56.444886642041482	-0.93590276546251483	-0.79927006534612233
56.13742453546547	-0.99415412505957945	0.34191111971183696
56.92808554738842	0.84273942496424326	0.50423435207297651
55.766485943892718	1.0546436347693413	-0.88129116188930334
57.095106829449733	-0.46626293664126434	0.2881358190065284
55.736485210999511	0.8394965262176225	0.35896747004849844
56.299710693439231	0.87276955398134248	-0.26477709719010323
55.943615973735028	-0.49717079574420997	-1.188669748517049
56.534027403974662	-0.4078708372752603	0.27389595114397103
56.075352013666929	0.59811183280002178	1.2616269596892544
56.017107150949954	1.044265517409491	-0.29851649591145635
56.073000714376278	-0.53393725281081128	-0.43256617363178007
55.976202229486795	0.52931325620640179	0.49313848909284624
55.49836014660638	0.26525498216042059	0.56261129809644606
55.865728227987738	-1.5742775452492064	-0.068605904098309078
56.438107855983354	-0.48033929292763966	-1.0042889320519293
56.657140540418652	0.71177303878241105	0.65249187020362776
56.762696879956337	-1.0100248200069162	0.56772675572770359
55.879303657651462	-0.52801599192764248	0.01340255534129159
56.551349671720871	-1.0913181721180065	-0.91979812994844923
56.677176729977738	-0.5323235408044007	-0.79805933575430776
55.89372625870962	0.1275377183461173	-0.76314470872188245
57.000368971203329	0.3277725366808425	-1.0729378096559716
56.62463203262633	-0.73903308016160696	-0.31654402101798695
56.915192618939344	0.86143768412499278	0.25727720040761565
56.35998713725057	-1.172546552871147	0.67825603949620383
56.86777383704618	-1.2038375441324274	0.19210744635376065
55.557886942126963	0.79160592595028445	0.77809172760342327
55.971242273434534	-1.1119787578706994	-0.56600138930311517
55.702740175630261	-0.0033765966179184672	1.3141273201073513
57.276794438867512	0.71042880815145659	0.77823883651571968
56.189501233661957	-0.65347996241891082	1.0140813151884664
55.67052073302996	0.57277958248062188	-0.33641959839108804
56.194387059161457	-0.0085725320488045532	0.71394548397063173
57.439823373952976	-0.42639546494362074	-0.50064127154972937
57.214164719726767	-0.94925839664665124	-0.22357762523844643
57.202983402785485	-0.31095520955701678	-0.89313408996757537
56.824053085333887	0.89186434118834212	0.10474479710510833
55.578669986834676	1.1882547341949994	0.36681502483161649
56.976236927825497	0.73876067215115238	-0.52018295401626391
56.873040538264576	0.21658602639039662	-0.61800559071932692
55.473603151685815	0.54800348913324093	-0.67228603538900344
56.272173011077214	-0.22457708189476366	0.74550060269368212
56.111745909015404	-0.68346699675602285	-0.34306165504736619
36.098113170299989	-7.7589977020822838	7.0220026347912379
56.114675622792497	0.78656487006008113	0.36698427194670413
56.511250357503606	-0.66718728851337161	-0.4460320384172774
56.209597140877015	-0.5995842292144965	1.2451061176774099
56.664709210409264	0.61861030512899096	-0.76837294130019163
56.218167088489842	0.52977361783262344	0.72177297648218608
55.613025491687097	-1.1074451302550441	0.70608129304270784
55.475491624702201	0.38161990624019954	0.65421828196938647
56.988462856428804	0.25676699504131156	0.85920760202423352
56.071660016609449	-0.98790402995215965	-0.029625642388321542
57.354671743198999	0.76526917890128654	-0.3907386702057683
55.848089924299202	-0.75203457873693913	0.83910468779270053
56.023517756601649	0.096829544755427543	0.73097684542594843
56.832573419740477	0.19645442805926208	-1.1624241626653375
57.221334871159705	-0.42130962165525493	0.75441886216093712
56.455644916284662	-0.38034735772481176	-0.89974339523804492
56.371918618164017	-0.958955273209527	-0.5285543740787314
56.902798774831162	0.38819560402769937	-0.83267742830239289
56.578907170094247	-0.30414516212484632	-1.0134858410419276
56.527689230805017	-0.68929981636543136	0.80845846382954945
55.45197368656131	0.83981977410832798	-0.099305122010559937
55.688624532227969	-0.98426162660749683	-0.22845730182580531
55.726639362840992	1.1688371062875997	-0.45950975375115721
55.662731203950635	0.71415300143021254	0.65386465539904137
56.06418142687712	-0.34147797314505668	-0.80286355642142815
56.757113941279819	-0.87782352538180508	0.23622688698088765
57.014997295963461	0.31228840018138315	-1.2463434646289031
57.113910615867347	-0.73977343455964972	-0.01475373969996596
55.587816703219147	0.70765398876486985	0.21435192753669047
55.945514988720831	1.2866068769119197	0.23309262755897731
57.012433446949551	-0.86904085516469332	0.48575197567211381
57.18965761327437	0.096660587622495561	-0.85408851165921762
55.433513260283732	-1.0684702808751552	0.088237783616768553
56.604552739718692	-0.84976385557504464	-0.52338144668863962
55.690317533574543	0.864546611882688	-0.58308549208043758
56.811810533597004	-0.88281134488942725	-0.0047622278346150593
56.440380647102558	0.37942056620016601	-0.63306518017408742
56.010198357341558	-1.6312445654978212	-0.40549442251207002
56.112426392695177	-0.86323920529177123	-0.54850541588582435
56.365173269402383	-1.0668858410793198	-0.079520295252734491
57.173064188772734	0.53976986899640578	0.79376958635418404
57.277007894887383	-1.1324307388841477	0.1577778048655957
56.975030948838715	0.50924776811612882	-0.66255416388281119
55.486570617188754	0.74845847740633331	-1.0282662786969061
56.639443159280034	0.83090964079077545	0.51382533586715018
56.337621868130945	0.86922037743709113	1.0578100282090839
56.654210439580247	1.0240569820328749	0.59944432826799809
55.690414776764143	0.57467741688330587	-0.047406741023613655
56.710199634616998	1.1315379695956052	0.12221199448625972
55.841817155223751	0.11312728032606396	0.89320620827250674
57.034219830582593	-0.021369502561235688	0.94789537787596401
56.394257976112996	-0.26715720116684699	1.189777913078091
36.936114584198172	7.5757070202207668	7.4366759796242432
55.712941592731575	1.013529403889353	0.21574965119605313
56.274419216932245	-0.91243443742071917	-0.44700512324620439
55.357894478340853	-0.59502139584843539	0.77360373987204045
56.956403268014277	-0.22844575412129747	0.94309548196277104
56.172399386231618	1.4338785064016137	0.39666788667613295
56.580280371436508	0.25217595641377133	1.2118440557552168
55.598053466169297	0.35497565108557599	-0.74267681795972307
56.702651315401155	0.11575205015245192	1.2140274990844833
55.734376873383709	-0.74315618594933242	-0.60221993795207729
56.59930088652952	-1.0427547854611496	-0.029104380018266936
57.343566203816799	0.98367453744703226	-0.65650185028380226
56.088413387975727	0.79051163393916002	0.61775880685981788
56.434292775115559	0.064875880335036093	0.88881345567276204
57.22576140748955	0.25615807151894071	-1.0561938669053248
56.397676224497751	-1.0817598305109226	0.86142747529260821
56.442610982695449	1.060656241041104	-0.4389847526332874
55.854385662558855	1.0065402178584464	1.9310232552436564
56.964460638859713	-0.38171295839359259	-0.91533563725413436
56.305433811623445	0.98853656691457992	-0.41752447822715283
56.83798254556396	0.17041767921400749	1.1636967523667043
55.646938252162506	0.91421488953899566	0.68700437793244862
56.058914061551128	0.73963113640316713	-0.48648655150159248
56.319941221815235	0.5081452984911542	1.02103905057422
56.317092780670549	1.4694915147552237	-0.25584508434153552
56.212071803691003	1.0212332301344937	0.57225631165796031
55.743323563218183	0.53448074765868547	-0.84509342863513548
55.460716204141804	1.0760085603603129	-0.39740686073632975
55.87721389190672	0.45854418229421257	0.74728947774917442
56.337142146465546	0.633767652769611	-0.19877288629526271
55.818110265761653	1.1665521035817785	-0.21881698519096762
57.198500860331983	-0.73749553813158575	-0.65872482583610048
57.114412173024689	-0.68374014189513921	0.73008222061140227
56.806782242603653	0.586994688922159	-0.66289864423418354
56.08254428283314	-0.15253708633507498	1.0324261919253761
56.199506370096287	-1.1016661438888946	-0.85129177640278308
57.455563592203021	0.29718793043457004	0.37183576044307221
56.52202770688362	1.6823237608529384	-0.027183807807481728
55.344361234439681	1.6481857386984493	-1.2503957136504678
56.648488753031735	-0.91524873970513221	1.2793364505159257
55.96599436483914	-0.51411186155246491	0.54870084301674471
55.840014925190324	0.74433545973051918	-0.057550586352242361
56.651583564114695	-0.64146646207167946	-0.58217643364522198
55.876073646925548	0.42023585924087259	-0.29430754960291827
55.568470336425008	0.44500969780115041	1.1541399356675173
57.277209262707444	-0.66071257720625909	-0.54611019434445518
56.966410488115663	0.032419940748840914	1.2754214348322028
56.522230653477251	-0.60340744038623073	-0.71885511227473797
55.80716709711313	0.77775299991646163	0.80074306568670806
56.55122876566017	-0.58561331200868172	0.64450938681289272
56.076025649048589	0.23358783817127174	0.50356255659147497
56.911702202401067	-0.59676151589876147	-0.55436286793708955
55.758718120006606	0.93680134035657792	-0.6732362069505865
57.140044278055186	-0.27679272682269074	0.74218655617342377
57.190348056298873	0.31286365950482437	-0.54270937134693409
55.602949719713251	-0.16457631233506292	1.0995784973143619
56.858665117240839	-0.48927136199845883	0.31215356058216404
57.39936114522942	0.33746473365440816	-0.55392197754544636
57.128404336682273	-0.86031797300843704	0.51202627977792814
57.321366413480355	1.1137062686341253	0.77359982240315539
56.486978242552865	-0.95883231153905246	-0.40476735512755191
56.891994148943802	-0.62339947280750496	-0.36593553731769213
55.614307541368376	-0.7834329597365548	-0.7452886637473175
55.800220659890421	-0.13803721419954748	0.44195023365898473
56.789212867501305	0.37398372591046369	0.88102681989867637
56.323404829399067	0.84970686977937249	0.87332110929217432
56.68952562896925	-1.2698105276112492	-0.70109470293447174
56.420190407898353	0.33363307370454265	0.89987059926019042
56.517314999295117	-0.70633392031904685	0.085950168470958863
56.801465903873392	-0.77216057056051535	-0.51067050903918998
56.764421710351051	-0.041806619734572496	-0.63675793109786638
55.755456043839395	0.67492763121038979	0.25702979738774395
55.808687812524028	-1.0468326243203787	-0.0598559067605208
56.508427547786965	1.1220611948503116	-0.045729771788513798
56.565872482981753	-0.17102871288766899	-0.89568073896617528
55.63102906320502	0.38969203495245941	0.51060446490597045
56.275075672657678	-0.80415004174253912	-0.064395302662718631
56.452192280349493	-0.67764280560543833	0.42984529433398166
56.33840833463973	-0.24196138107824144	0.72092630573165917
56.642817347592356	0.77427029989419449	0.97879204993771329
57.350693770753352	-0.24992455974157579	0.93988612567407137
57.092665505794557	0.98736856590775612	0.45035311335305844
56.565444445922473	0.59235018616089263	1.008596265856966
57.294969010631881	1.4310377754879635	-0.74448341143304242
56.170682883432654	-0.82035524016671613	-0.90915237021302753
56.584243276439828	-0.23540686219226234	-0.49825171359497122
57.369158260837999	0.87283180278694761	0.18063696558468206
55.917045694015535	-0.96285327949128408	0.29801489807031212
56.392501822951573	-1.3222313171281903	-0.12427332247347583
56.654011976575838	-1.5859416154138919	-0.1946766642431122
57.104375846022187	-0.43296142756362216	1.1410931074147397
56.220382606677902	-0.84208344034549265	1.1434319162578386
56.429029320153276	0.31312918577825327	-0.72434164240724552
57.358515107514968	0.69006521795924525	0.47852114794903816
57.185959975995495	-0.70554228158035914	-0.25213179857088447
55.721234897480727	-1.2136046422114568	0.78655897584122048
55.734414921117228	-0.13164841981630673	-0.71019249558191855
55.802046087032082	-0.16717598648844958	-1.0894702005974806
56.027325783098739	-0.42062952609148047	0.98488813240276352
55.603847359062968	0.90609975959516886	2.2143321203426818
56.393405125221598	-0.26602462006474503	0.73306649050112471
55.626683035933603	0.56645169438032761	-0.76066624086057544
56.184675588524513	-0.79590959262738481	0.22116525041826079
55.776678400488493	-0.23332338655222776	-0.87123320420442241
56.270154920927347	0.1464677169071753	0.74938831440538545
56.680217228062709	-0.78856665266106518	0.64612070385078502
55.739844139522106	0.2304853501735411	1.5041978403532612
56.295026121283435	-0.53318342499381399	-0.90900291360282426
56.255706063169427	-0.45275494240132041	-0.80918537288810133
56.376075232727842	0.2518744338258484	-0.47267111115447247
57.189368832963098	1.2385802770855832	-0.76626543612045095
55.401690053211595	0.78302080819969988	-1.1680919767854374
56.633051891134791	1.4022949362862056	0.015134904377602882
56.184829633516664	1.3930000149005417	-0.092558846865057623
57.124890256149634	1.0360871455657756	1.1774095339685253
57.108409266195032	0.9334213588948177	0.038945039887694891
56.306761340323959	-0.76663814248739337	0.96193215691138101
55.698544517543745	0.0039932550355626468	1.1388128223607308
56.366524681160627	0.8619548673378874	-0.037029000262160952
57.150832777497335	-0.16880581771249872	-0.98269024141721151
55.707997875911332	0.9422588920447672	0.50596645693828279
55.659150211019131	-1.0397137257404008	-0.050178728068899663
56.069783325519765	0.67372574909803429	-0.36401327452146559
57.16350872011482	-0.45455116061404249	-0.78487973544724432
55.344006800137386	1.3085343357947963	-0.29633950049795554
55.948939356576844	-1.0475769365410392	-0.55435982961004526
56.892915810185293	-0.37219544176871189	-1.5777838373632989
55.591655678093169	-0.70838295858262679	0.90274227499086213
56.797812182577658	-0.85584124139211604	0.31827579899752845
56.083075415498655	-1.1185517653330794	0.1084412825969979
57.25526032371085	-0.68438233236040558	-0.32423948156788096
57.067294787430221	-0.077408836028281816	-1.3517935882589387
57.380715704731742	-0.19906008883007437	-1.220242418875874
55.682391084342179	-0.94477572310497315	0.17884254154686438
56.344759304384041	0.52727487097544812	0.98802564931498449
56.01956671796291	-0.8391714230704177	0.01366685860674985
56.056250518368657	0.29627972991605905	-1.2423398390786491
56.879684420061331	0.42663188987715522	1.5348086763624085
55.680969344577079	-0.82000383621466311	-0.73897615821079055
55.793895832583935	0.23033177714182504	-0.60409099043647552
55.470165882996071	-0.6079784946045752	0.66287387046206114
57.040660632026736	-0.14414027644235564	-0.70692131741253827
56.020253750100032	0.69253461120006454	-0.96788571547267976
56.265378497108891	-0.85657519455310305	-0.68867090934321828
55.960216224015099	-0.7796389273236668	0.33834291405641864
56.479439787942688	-0.27593777210987946	-0.97764108635466684
56.818249382911354	0.70086040531934235	0.33834361084102599
55.915722049146993	-1.1161469781741842	-0.58515743852271407
56.351925199323254	-1.0884457253850444	-0.48076612506157956
56.019347271264287	0.1252809821338336	-1.1476588778286747
56.249857735475949	0.27318846724588142	-0.8757870513360807
56.662412267136808	-0.69377361279754057	-0.076322334542752265
56.345277591344733	-0.76507256238450072	0.69361980212109453
56.248103468499657	0.41840109898631639	0.78390993457409452
56.341104267976561	-0.13082389402440564	0.93230400842711092
56.716755050402163	-0.4522823531438373	-0.52251652987094088
56.204186493859098	0.3999290847354971	-1.083541186697949
56.888026572327391	-0.80278634979877128	-0.8290043948588709
56.04263930169062	-0.44461107502496711	-0.79632364453993687
56.153864258868673	-0.54963260400739333	0.59500531178190463
57.180126384548217	-0.29283905971934354	-0.98685422214701923
55.50775056965702	0.48721929981443635	-1.9491226078952981
55.547017284767371	1.1348036316080612	0.51940880077894913
56.619699700240453	0.97686619543695397	0.36853741409281771
55.469275041246355	0.59402983025307921	1.1762182861260659
55.83589301587827	0.23805206508199073	-0.6703887684889609
56.4913677186657	-0.15253208090181031	1.3140417945381042
55.959371560989361	0.97778734433691816	1.4788115489111442
57.222832839124713	0.45993680799492304	0.98896626094370743
56.747383361259516	0.41214890707446483	-0.54146302301565041
56.933399641274029	0.43581665782845003	1.182306371489023
57.109820890168614	-0.47507677247558316	-0.81055283148537627
55.463651706161116	-1.203120632569697	-0.4984739232764272
56.444839581056328	-0.066630727439435627	1.2588526504816249
57.147502841999348	-0.049041604456519727	1.1244681688878881
56.120793390437427	0.95836694167898795	0.1737741925657536
55.794101625238326	-0.053571142699365831	-1.8440437963812799
56.60047361304256	0.8322857709316418	-0.97132484548355891
55.83182260404238	-1.4862489513391619	-0.66923365015918834
55.553120042083513	0.01787181283046254	1.0646524444349283
56.02457523205225	1.1777989533276656	-0.4422326699799734
56.76207626677197	0.00088965312327355447	0.98019098117131276
57.129738668972266	-1.2532099163265804	-0.39323641603383241
56.734493993260465	-0.66218005931885493	0.85143033827512837
56.873698725440171	-0.70982883590402246	0.62084279850240565
56.880106374387246	1.0375072048536069	1.0938058535714104
56.460762699361268	0.2174929257086213	-1.4420360579272391
57.080851839071165	0.86882319353241044	0.48467112804197038
57.279673561734043	1.2069851508757043	-0.0034367349249685001
57.093352194270757	-0.29914494894772703	0.47563139264210413
57.056593187317787	-0.33050630273787662	-0.71688800397271069
56.970815517039938	-0.97706902656004102	0.76389913292940259
56.612154357257019	0.37176203449963929	1.2561635888619147
55.530899427438918	1.5526331131808835	0.019074664717300554
57.100111952625149	-1.1393563920876373	0.24871592494166275
57.243774190147349	-0.53665602512278621	-1.2453108640078587
56.623949927302036	-0.92796670902875633	0.75432238972349397
55.467601668800405	0.14032059338777333	0.067813058161867029
56.261768892550485	0.2465331476420802	-0.4804078544923665
56.296128509661457	-0.13938146077662783	0.89096696774738471
56.538535747812666	0.51186796193326378	-0.93650390020241869
55.46193588128078	-1.4889061789115323	0.30339134193638273
57.141166623280498	-0.17234180014944872	-1.3219405171215999
55.82455344102047	0.11121842885739178	-0.67151768510912957
56.456817207191762	-0.85228378440033514	0.20725292134844545
56.022127540411603	-0.52319612022168438	-0.41195699908883116
57.186066856629957	-0.73815166363258988	-0.91459486765824338
55.803896925223874	-0.57186088027190662	-0.78973842009712858
55.413177088677244	-0.70609977765075593	-1.3877235239964694
56.528268388338354	-0.7037650196910834	1.0773030089558726
55.596369854877125	-0.3489525801649962	-1.1483432666465958
57.499854086029579	0.5219797528352228	0.51281023930488512
55.590651079466397	-0.78622404717174732	0.026147611406127317
57.216081396707423	0.20688338324170855	1.2088401337213486
57.187217735296215	0.53721807861077142	0.73283447822141123
56.577888428556456	1.2394847793462647	0.31464730720765982
55.660987780640646	-0.80955482432516079	-0.34334633452950769
57.288352521241087	0.2386688559486444	-0.83887386372042128
55.842628931614662	0.20133763825421502	-0.74326607036129821
55.765983018895326	0.71360924303526185	-0.095964802892060427
56.616422441672498	1.0329363500856596	-0.25762991537558921
55.939339468053397	0.44950767591052493	-0.65277068961997742
56.561169267319649	-0.12326386723025302	-0.44209977092620195
56.257869215591178	0.59370771470351591	0.90253132649843881
55.506944629510777	-0.82072376551488158	0.72577301471164757
56.428597434679325	-1.1559964044131434	0.22509715464040284
56.025242688086074	-0.36998792289413623	0.65732905977338707
57.109129877148845	-0.91832843058895364	0.26450521967669594
56.070768018491712	-0.17333643826839601	-1.0153732093728471
56.345363971257044	-0.34896789306199366	0.42103458655757453
56.422819826230054	0.16653203380860765	-0.65063287345634968
56.046948599643592	0.77750233143258718	-0.077057036276868746
56.53188982462585	-1.0319999004576297	-1.2286748710397892
55.876561013772012	0.59454647499292002	0.68098875902434608
56.93944561945105	1.0791312317325958	0.56530907428619581
55.489822456293183	-0.38402569461921088	-1.283286063531039
56.882208682809519	-0.94121500139932956	0.24767290123176874
55.463538222207539	-0.11406130580927203	-0.90498478909135804
57.0807394381658	0.55864768853193481	-0.87570552207014662
55.978733785387547	-0.3927728857156163	-1.6249541392416358
56.875338115568624	0.58438656787133558	0.59318147902423124
55.74158738067262	-0.13147421995659006	-0.43917559286591895
55.958268073484014	-0.68404089363294263	-0.75653147112336261
55.816479926376971	0.10823318622074894	0.96631975542200765
56.733659403460685	-0.00081044292984765913	-1.2614464969960555
55.569514100438234	0.093928879730563478	-0.41559754489042322
56.145575487043345	-0.70252776305319464	0.88696096250988687
56.96133621011419	-0.67668823937834577	-0.6926715493812704
56.02018608401918	-1.2295558759655223	0.78992088602871113
56.247888913007792	1.0512586029045206	0.26060996445048074
57.263565939433384	-0.5703404237245524	-0.11684927071834328
57.105709585120557	-1.0234656578610175	-0.71113109982845824
55.972987663483096	0.32619290601339324	-1.0700104373400847
55.769153476212516	0.86923998681922132	0.54905088950755143
57.200579501334666	0.11413181037387864	-1.0275430381635804
55.807872858779369	-1.1725453170713784	-0.29698647794121613
56.170821655260795	0.60361443628816147	-1.3124319448171193
55.697601288302003	-0.85118746880293183	0.94344694946850327
56.292574567856853	0.74013131252229203	-0.70242679536226493
55.630855857653891	0.22238199092989938	-0.89207046998746509
57.269524655770248	0.78567255336034203	0.76053498311429057
55.996664383527509	0.58652693674149292	0.8430665032098601
57.279959839917666	-0.97891662934779256	0.14361400238131683
56.228387624130328	-1.0650659057271361	0.27307332323776667
55.631152402711486	0.5060592743647393	0.64924022256920921
57.162832532910151	-0.99657808966679617	0.15997696320704574
56.260169451782154	0.085632112127164428	-1.0581272698813382
55.567856249201725	-0.5507851119277607	-0.090961971963700025
55.471097753261361	-0.25388965418884618	1.1203394703243503
56.544594552141156	-0.55296476694883134	-0.9053245547903509
56.830364652953499	0.26030259852181897	-0.6026645918584832
56.260935767970167	-0.35488542716090182	0.77625203727405745
55.383204372707638	1.1664949962560727	0.55334348856831284
56.713830072017238	-0.22135893730470635	-1.1737625406371868
56.048064796408973	-0.17606383056253402	0.96190910162707322
55.31338742607101	-0.10719925940576872	0.91998927024289057
56.071732669731652	-0.83672806906456643	-1.3458564409769833
57.051181683099834	-0.93144762045293716	-0.19925925457624311
56.346333735889033	1.1212000370082171	-0.20596398172913757
57.092608949616711	0.40410911863734739	0.88272636409118066
56.129431358957881	-0.62840796860505777	0.11053330361316417
55.655538210292697	0.91438363837374392	0.087101329450504167
56.671258170012983	-0.35194659375827086	1.2303234181990239
56.479192502041506	-0.60386056767398222	-0.61861662892150837
56.123396192855559	-0.12504137530670023	-0.25646657779055337
56.045606474061373	0.73808762759436974	0.38399345232729587
57.126711026821447	0.71030973172694023	-0.51219820882958766
55.697946610775155	0.47292797754440191	-1.0519201221462835
55.973881762241987	-0.95384920122409211	0.09100699557953211
56.981388070599209	0.97621040492228284	0.089027584397476642
56.458502513811325	-0.73032648164862335	0.85733956771917508
56.837553502029159	0.62902244905836502	-0.79399204083483232
55.900645580611958	1.7308410203287254	0.58392679048461404
55.812800317268263	0.23584951075346119	-0.84050297907871319
56.367087205407643	-0.43147751265156176	-1.3965499498619189
56.006385469850564	-0.84489989019594758	0.58062815827175851
56.893621905561979	-0.081092238614217174	0.7604876844847589
57.355520597658682	0.51973101118293918	1.4203792100329531
56.336067812242781	0.58792103752119851	0.028637707285245236
56.573368878823807	0.49437675221596622	-0.67582661905412245
56.905855308857909	-0.90812880645528005	0.67298353558859381
55.802957643708893	-0.14040677431224891	-0.52174428638244419
55.907464437465613	0.70130078597302603	-1.2984343642605647
56.189818068853533	0.14395847474549475	0.95813920678266706
57.304842804947917	-0.36431035455504207	1.2491247342655178
56.145213640610557	1.2212300436259791	-0.35222991056676334
55.424584378308865	0.89809149362416363	0.26214371517971152
56.06818518493516	0.53571616278767953	-0.031506938781403857
55.712835104372211	-1.5279403122653206	-0.27131671759777093
56.294753294411933	-0.61308017026403394	-0.78098198015066167
56.711229187275471	-0.33769864486709417	0.67863426670167515
56.319521840977401	-1.2300411431668354	-0.4992907341054349
57.549244075293871	0.34990394064202207	-1.0176713661495773
55.703249015662941	-0.74560349976792262	0.72451747890777862
56.807388111237003	-0.34500766801456095	-0.38116105056311095
56.31770366083537	-0.72507343453842443	-0.79379814617049915
56.618035966738077	0.38323193736554279	0.7584407882550217
56.439377420053674	0.5082877418101226	0.84968625596155134
57.182516599302659	1.0637138649747229	-0.40830353621518084
56.662839365021306	0.27562003438540628	0.92605006720949024
55.918481936163069	-0.028709344481595549	1.1893540137692697
56.520916834743865	0.9104515095421355	0.67268734721358969
56.168690311159899	0.72577023543529107	-0.41092604124851922
55.579605643752757	0.84237984563267421	1.2802171284719925
56.769632659278429	0.15787339803638956	-0.98395611606472522
57.32184551895098	0.15338630854552782	-0.95769145262241084
55.982699944139895	0.053577856150316787	-0.92912926426150166
55.922586742748621	-0.93360843623610124	0.69030551217498415
57.258208627502356	0.79955248967562242	0.42981346943294424
56.446051497490686	0.74496313752346688	0.25581430491102841
56.667493573235049	0.021251164750841284	-0.76053632928121395
56.968485820805846	-1.0350594319271682	0.025614611534861598
55.89261204999972	0.95927256539120331	-0.68073791435411701
57.239961810814243	0.95125255749184223	-0.64967918957474202
57.293083735688491	1.240884188574771	-1.6709113850081054
55.998118753880661	-0.16082955865446313	0.83758809508527521
57.325265133321977	0.51356234298961034	-1.4201490609259186
57.11741542509219	1.1917893160386503	-0.26068129832134906
55.673155615366731	-1.378143450053305	0.98603696105319083
56.611240977827315	-0.77014984312051094	0.8706387267145228
56.330827212629224	0.36207555500526761	-0.50536662411108679
55.490645832048223	-0.6761856828103846	0.70292170289544675
56.503421757707081	0.75726254051596598	-0.85121290011555728
56.503272443960988	0.68100038094421411	-0.44527062110543925
55.36982402323202	1.1699035252220162	-0.18148327704635958
55.771142208842832	0.88906719628774689	0.83038714427079752
55.782935168579087	-0.4851620440633293	0.69557926554406879
56.120218123139438	-0.55412451983219935	-0.73538677080588966
56.141270582795137	1.3225785521182984	-1.0746404659048838
56.093391198723644	-0.55304915000174426	-0.54855352331085827
56.420353167705343	1.1296399994562925	0.27974113222072455
56.084023475474659	-0.12202749549025357	-0.99753540027259635
55.844663246558476	-0.84598760863285827	0.62840846766599312
56.293671203150403	0.34890247470873775	1.10761136378287
55.752925644279969	-1.078900620025572	-0.6901714962581208
56.214298112147368	-0.1539035828538905	-0.92116248683706836
56.822713258048587	-0.59039942046580873	-0.074468346875574173
57.324007492140005	-0.47426367056564406	-0.83251850104221237
56.835909595963869	0.3835883262287284	0.92953606077266948
56.128445809061674	0.92197317843594684	-0.39498110715275703
55.530751309876095	0.5657777717019371	0.87303630867372295
55.639019965550347	-0.81169040985789798	-0.18944289337645825
56.249545555524556	0.41898362826913199	-1.0232480065943779
57.473652271478528	0.90023953724238859	0.64246254974972394
56.263852587406603	0.93047031392175983	0.98579163010324566
57.083593891490217	0.53152354365969201	0.34352848731564417
56.321881374763443	0.76686842085823836	-0.3191396384723213
56.214619075446052	-1.0210716531064348	0.5029882888923326
56.87140035867229	-0.37590660717493718	-0.45085301703706865
56.467471577178159	-1.365379365275696	-2.247336699240142
57.159689254726224	-0.68399010619279987	-0.56162359544139584
56.77698487558272	-0.229732288447975	0.6186785525392523
56.948969418342379	0.82386179199901743	-0.063659128809290422
57.473374689741142	-1.1096551033719351	-0.37620206593117034
55.516655507470958	-1.309028101294351	0.075074843831165097
57.144520614892322	-0.62857839017760508	0.59509195371458201
57.230083354674093	0.61345721784887852	0.91489454791600289
57.351395288227351	0.37929737053108359	-0.45897752426766752
55.724654945995312	0.20182364627641564	0.95311265142085289
55.783603551772629	0.045466188035192083	0.61153987239507379
56.524359383459192	-0.99111382900325196	0.33190981922051793
55.707548287536838	1.1217549094338104	-0.42705076709883832
55.63360398512733	0.63034037386657749	-0.79028129893176424
55.650472541847229	-0.9105065109805891	-0.72182495784391232
56.74243750421838	0.57174535465489962	-0.5204379811291231
56.363901254265883	-0.59949101876384414	-0.63709057305256689
45.164804950896524	4.1588688919779235	-8.9705266709559002
56.34897463095097	-0.88558309748430752	-0.96422545815770844
55.852209446082007	-0.25679295446063238	-0.81372667075621452
55.803613019692278	0.25527508031691254	-0.74460711963671911
56.309820702273399	0.35396617023322019	-0.70775183403813169
55.463019348044369	0.82595184054453652	1.8737934459941867
56.920302091371049	0.76103997436017934	-0.51640214355139702
55.95069025042261	0.16670883243824935	-0.87575134974760371
56.542941373537957	-1.0094591591376882	-0.17587089408229409
56.659362062359179	-0.21172877413797847	-0.88202469681995377
57.027183087962797	-0.70161432172270377	-0.51242396001552915
55.648935099565904	0.26328403596972905	1.0299014308970456
55.958850072100553	0.48714358641182937	-0.61394824817483162
56.813641050963959	0.46566781806272461	0.88166659395004476
55.840274953854198	-0.71306081589893411	-0.57821043914699366
55.697191140268743	-0.56232903502247678	-0.86471355156940399
55.662342207737211	0.77542935304931504	0.65161923111823838
57.320233465499058	-0.81325630466951127	0.7766157999274258
57.433440748934238	0.24384743232917522	-0.93153577377980756
56.371023106573105	0.54786254807798096	-0.5475412685786456
56.273000526432675	-0.36947670421586193	-0.31815825079549465
56.645998120729161	0.79037109793950522	-0.75999901133697401
55.494925722880012	0.7078956067882598	-0.92659696548912274
57.202571061668067	-0.79636818837484902	-0.84997252857352557
55.511764963702163	1.0535581162115903	0.46347659961605386
57.005757327764123	-0.03087075767580183	-0.74828835084688261
56.8008149234551	0.405643890491031	-0.96375479076951176
56.365085705525068	0.23614024479193052	1.7665819830935725
56.745921545455801	0.84561673280201965	-0.19171348596258159
56.197530647966175	-0.77664722813749909	-1.3472460191159861
56.745975242769006	0.21888917935923224	1.6286868302827275
56.206156987326501	-0.44527622587975185	-0.66774551149650074
55.588668204392292	0.52951955062203482	-1.3097758684462379
56.876469732704436	-0.18876162634694191	-1.05209671001758
56.009196436747359	-0.11701999569995651	1.018114561051779
55.560378833382124	0.91944385566648179	-0.2851124460474988
56.700815502335871	1.0170940644934654	0.89389316582890943
56.082278186587182	0.23102208478097272	0.1299673013664856
56.623031943378464	0.87732268611726782	-1.0907650645094453
56.739260534509576	-0.98364259462582704	0.6124420612122482
57.069604189693102	-0.2457004668552917	1.0747432164714976
56.793877891685192	0.91371994161046932	-0.12694512663377178
56.220299386969103	-1.0457087247479155	0.39726590037271597
56.754591432524023	-0.96751141105581928	0.53126547545038028
56.796336613804691	0.023614993452032995	-0.53420891069654464
56.217535251217981	1.0305382071274616	-0.011523581802356939
55.44386872041499	-0.90770726910985877	0.72265672039396056
56.976366287049487	1.1601306675558893	0.45808047489009834
56.345716008498457	0.84489207514454179	-0.62270534542593303
57.271207126539835	-0.77936030503486309	-0.79982424982504585
56.225063765320257	0.40255815401531125	-0.17547302840463685
55.609111142448484	0.21023132283126456	1.2657645343691044
55.641002693675013	0.4594476268139705	-0.047485791161623499
56.640811533513848	-1.1794853166014758	-0.57247098480591707
55.798887657467183	-0.79270609232942368	0.75122185120342722
56.70998559694457	-1.0379173569775713	-0.090538399431550204
56.449126910241347	-0.39738833970570181	-1.1263065946337123
56.956906166824631	0.52427956480774363	-1.0771590121547039
56.738468014269237	-0.74697826293135683	-0.12399191997424826
55.758867236440729	-0.65501161415691633	-0.69974612650286727
56.940251536252831	0.50058935372449564	-0.74771341378067768
56.526400045008501	-0.1003340422340617	0.92080581208471401
55.564269982565278	-1.7369814596187871	-0.039077171443019157
56.956929798711464	1.0396514756142119	0.024062858109991942
56.448697054260052	0.76356157315204409	0.47682329683435554
57.18675612044467	0.20931296029043359	-1.1575872251681811
56.207919511630294	-0.61817828054207036	0.25398108085522497
55.724751141362781	-1.3468361434898493	-0.32658212988085594
57.049789616382306	0.56248098804156088	0.86754529517789714
56.913851625093642	-0.7239723147785152	-0.069729705566651701
57.326258672183435	-0.58010755631440636	-0.67888821359515938
57.049992043337184	-0.54249774312888221	0.65003323125662216
57.111463752337549	1.094471524922509	-0.30849171073092752
56.703159966480357	0.59148305308846061	0.65410330126873573
55.35131158900127	-1.2528391453912653	0.19044627846191906
56.351798452151819	0.66058380418885965	0.76625085963943473
55.724128139000975	0.18159782353871862	-0.56260280244255989
55.693625689914789	0.40591484513643933	0.94455548263939848
57.078054880303853	0.65663243515212011	-0.59796785498384497
56.315177131162336	-0.55642151698082165	0.46067183834708753
56.782180472633534	-0.60922164659448119	0.89384044188955014
56.475421189309884	0.2726539005477297	0.68471088560169513
56.302676343395461	0.78516166996420611	0.98974899415239126
55.823038134133384	-0.037571511201603958	0.63296065478647212
57.470539956256779	-0.72721587804095855	0.50741555248288628
55.674084530659897	0.2290267827316794	-0.74582934815885416
56.007262576051815	0.46478752942897456	-0.84765071454039143
56.437181408934734	0.26538427323078317	-0.98319671135143716
56.780927392862488	0.21385531160150587	-1.0984288520654777
56.071626529056793	-0.88446339611517755	0.57655282470514679
56.594200107464808	-0.11256607833891415	-0.56862825679785689
57.045778480025106	-0.89955548043186473	-0.048858642735716148
56.661136940540892	0.38700916629014886	0.70028713664026032
56.827047621390818	0.34842339575343734	1.3972888297939423
56.535670793025851	-0.82610946152179032	1.1480287782817271
57.108985321722308	-0.24300924485810302	-0.2164552793343881
55.234917539643199	-0.22760713012683537	1.3172618012871107
56.849144235181662	-0.92784094395958172	-0.95205980257740119
55.629586780462951	-0.69757082190321984	0.31312834098423847
57.22569802579654	1.0179339666801723	0.074161064296726656
56.757194384380995	-0.85700944387006517	0.59505031817169673
57.052484741970204	0.086933792987703054	0.97708114453065786
56.285430746326206	0.88477542703118528	-0.4770721315637495
56.617200378162984	-0.65417058009488471	-0.60573770558210516
57.017102164531224	-0.78942102933646352	0.45712660272471178
55.875930459790517	-0.95780014546977976	-0.44230144517433251
55.823258825868663	-1.2424493418249511	-0.069475285195858397
56.962377197662548	-0.51582902112366036	0.6634940240387609
56.634913100282851	0.16391373643199836	-0.66588417086739204
56.090753416915653	1.2062460380978521	-0.11287782219737719
56.62764940787492	-0.81466628782668216	0.77366745556427186
55.592934590544651	-0.75464580906117518	-0.44707923615840456
56.088443193815777	0.22173917839598919	1.1328734123269872
55.993983306186486	-1.2044350225249412	0.78116601570143407
56.412936398043087	-1.2378495853805171	-0.46943700143291417
56.240319740278942	1.3007503772268711	0.76438380997593358
56.058332375727247	-0.98151356715759863	1.1209161392999283
57.282713139422768	-0.45472958770500566	0.9264292252114984
56.072057081465736	0.30478147273138362	0.72598876369143428
56.865843182103958	0.86263801732922707	-0.30576444234628414
57.0058846317622	-0.51946229009451872	0.86075798578922591
55.866706876076329	-1.1260446416940595	-0.027252095477219643
56.993884688637181	-0.13088064929213006	-0.95382512597474534
55.986086249563279	-1.1649727349062284	-0.93197363040414027
55.702497803441346	-0.67993303909822633	0.42237989198705145
57.10028439915834	-1.1683689278172722	-0.82708322427383496
56.563987291056577	0.4124488777560017	-1.0754301145319825
56.895355827768583	-0.32426414190819253	0.95772099943253597
56.686928221851225	-0.35150298191812174	1.096365917466491
55.835457240822606	-0.42235472129494439	0.020514431017002396
56.221574716806231	-0.34891921526547537	0.69002200500187405
56.170167441066674	0.90849855133703139	0.23543959170515955
55.557626594690333	1.1389375026528381	-0.31004113768822017
57.226329518845347	0.10272471327410568	-0.44586333197404704
57.191307906438126	0.69021705108835862	-0.13756204714434322
56.480159262384525	-1.0204052857321564	-0.13535212405198424
56.504423383262932	0.73285981468813044	-0.58484476430730281
57.280509643502725	-0.84176376122365781	0.57396314873570398
56.842123525137488	-0.62349639626285214	-1.0640225179779024
57.454205389539034	0.53662500711236827	0.63207026275831868
56.785661458571596	0.92075037498605283	-0.28639167448822656
56.162641166857142	0.063092502956701504	1.308643345272493
56.096283613568936	-0.41577520106081878	-0.51345949805028757
55.471538522938893	-0.68282603093068406	0.61795162528966441
56.514563942988438	0.7266972537864872	0.88675172939086333
57.068386152697897	1.2559947186111637	-0.65306924482886408
56.990360090286828	-1.2848898814176872	-0.41913161607143101
56.352609982965099	-0.74579005438605372	-0.79582284400721304
56.954554693994638	-0.27123365409980904	0.7585460979762837
55.698226078556175	0.26469522705933202	-0.78878774502944438
56.787902179313939	0.51266108287068524	0.39336790472745847
56.686300776031551	-1.2156984370842916	0.71866583419454422
56.890856685424247	0.24783216799447544	-0.7409652756896612
55.874963210998381	0.46280573307870709	-0.76724729748025811
57.192135140201934	0.66393485069306724	-0.4738486570478509
56.907822157083871	1.5953133228023935	-0.66598929735732615
55.542162349950019	0.72728022541531645	-0.47035075396746984
57.326525939290335	-0.98472556401042077	0.71414779906269388
56.744435379963171	-0.59897577189221696	0.6361884932496249
55.51429202744432	-1.185651595112198	0.61448983437321802
57.235878115262288	-1.020438441477485	-0.11922299093695955
55.574105428028297	0.1341136026190497	-0.70511444678117119
56.610267983589992	-0.16091105449149101	1.4075194513090532
57.26738558997959	1.0367224068548486	1.1452707800826942
56.771237899095809	0.5307326579279632	0.82220207251703648
56.029641050159682	0.35036671516209023	1.04456302799446
56.747823906160079	1.1185782712074319	0.44069583805630114
55.349096321622092	1.4411482271931333	-1.1572042055647758
57.401336345489113	0.75161408456366285	0.12376559704715775
57.09534056014563	-0.62411105350242557	-0.69919159146917065
56.548517638617788	-0.24133633351749328	-0.58608260710595972
56.022330722186453	0.75530828520624582	-0.49626067876336927
55.392769875184477	-0.16495712446690158	-0.83412017197352095
56.687912756640358	-0.60274478127811082	-0.84949190649747619
56.996199824965302	0.49597087917649996	0.94412897859250366
56.580177843640044	1.0424760684837446	0.47238866906258276
56.973222994499871	0.22052343234209373	-0.3493995136816534
56.327240293696967	0.61798395838023168	0.5316183418387459
56.363720416634408	-0.78766676562043503	0.75168353774273977
57.336140760653379	0.26823789058518216	-0.5403146425241353
56.036104435111767	0.081597780752584462	1.2417691512948759
57.21190660317874	-0.35417418819088492	-0.91501744836620846
56.408898143422888	0.64091130357903192	-0.75486864484877247
56.533199403427865	-0.47774463258080685	0.50145222667476907
56.397879646147231	-0.62001696498633707	0.32687403832545187
57.175963554737606	-0.81223169813388052	0.89710491750296573
57.168002066232489	-0.038914299560176099	0.88729632630815547
56.281493490520802	-1.044381420884257	0.78906870061467471
56.14732620742793	0.22942301346638905	-0.20722483670784478
57.057319267520938	-0.013879464043691369	1.0174141963841108
57.190084785050324	-0.85793620131799553	-0.74802874079110993
57.145239720259234	0.64299898158880375	0.51963431634734647
57.39726383323935	-0.22759280107423066	-1.1295957078248076
56.446409095732747	-0.21278904670868107	-1.1754002438257507
55.839089581606054	0.54739369191829812	1.4872784492041378
56.260165549059955	-0.040296936255775982	0.8299122458983802
56.933073241345099	0.47556290446011967	-0.96644941086435743
56.215140972202086	0.44996213695338289	-0.75747491500390329
56.855621541270644	1.0808586422352318	-0.89758266507265616
56.870602146758607	0.77997106138851657	-0.12827714637258092
56.056559264416663	0.92022994308998762	-0.066679924775428889
56.932654680334295	0.25158921478317042	-1.0886647069313871
56.679653419185478	0.61036745733969033	0.63611509825492063
56.827776895700438	-0.88205968385935762	-0.19109907448208818
56.980823436603295	-1.1014664784937882	-0.73698383676625756
56.076411504996464	0.54992428941945803	-0.69345960085811031
56.078440561921944	0.63680708837697841	0.91128799935469418
56.823027568735938	1.2848251864881894	0.044156524039669014
56.25880822343057	-1.0073737433286012	1.9248367187156572
56.936442857424225	-0.7901690777320477	-0.066479130980722098
56.564000669039416	0.90841362038832629	0.12284570070317176
56.314288267004855	0.72591771198500177	-0.24335095232036208
55.409162106259032	0.78084990087340778	-0.77888159224206432
56.805951962396378	-1.0162120224331779	-0.91502556828483605
56.994131860855596	-0.37289210970001463	0.81217139655695791
57.375324922394839	1.0228271356995142	0.022049637317774685
57.230382867800579	-0.10480849842406188	0.05081205273431659
56.021307337781423	0.68287137533715969	1.415941208425703
56.056834912451542	-0.57869214999590857	-0.83998044734734434
56.850685990239157	-0.23427226306337579	-1.3870726864169678
55.473214459062852	0.65771843041035094	0.47275521157050293
57.355739532925767	-1.052120243182497	0.74169476229406395
55.965305110554979	1.2715584902669779	0.39112906108294093
55.68027424910715	1.4148425250215431	0.47257729705096607
55.889597560085711	0.70062556162570089	-0.5103689383948985
57.049982357652034	-0.72767350327147462	0.66791936750606307
56.538537544301725	-0.67254750910664352	0.76984680534325078
56.792925339337827	0.27380807474274882	0.71748410049051858
56.622855483854913	0.63839425625392454	0.43782571815158811
57.216394799074379	-0.16122833849711354	-1.0533207305324603
56.004551421314879	-0.44954141072802267	0.92858610137293873
57.207076545241137	0.90888735781979479	0.022071887421755858
56.763472191586807	-0.34975076360545404	0.87666355097123694
56.806154234682985	-0.64582468420110917	0.34279008962372781
57.19752964357464	-0.085684727070358013	-1.0905027501598563
57.400650737757388	0.49735342064440646	-0.74735702461102693
56.652015588379136	0.58667725170309959	-1.1410797116963824
57.089259035115688	-0.47659689573811442	0.54890066938656323
56.214881123922233	0.79220564623010359	0.38228448490622774
57.170651597755509	-0.096474989700883668	0.67834240470987606
56.994136082347261	0.28570978928339386	-1.0263232974224625
56.083072589760285	-0.10584270308658547	-0.9718698157306026
55.512778754534921	-0.14513400556242223	0.85901020300047504
55.746951098368221	-0.95257727543678039	-0.63135427406425237
55.879985219955699	0.78544906829841699	-0.12862624224533067
56.174277657899104	0.68026830370353242	1.1223307325947482
56.809878319839811	-0.30976517435988943	-1.0373908013335778
57.119708285220476	0.044074145558383161	-1.0581332806350858
56.929729261959608	0.48529345935366991	0.46573612012730708
57.303473717115345	-1.9467220964890626	-0.87552660538948435
57.300958388515475	0.4534097406771801	-1.2474724747174488
56.794684415329719	0.12214829096871228	0.57867428877442018
57.199451178911445	-0.33653405335688213	0.5859270618744884
56.671906401835564	0.9871850253074469	-0.2892809886250079
56.631326682797393	-1.1294479546561145	-0.035992635170693926
55.60944186100923	-0.35521665468602776	-0.83913577009228335
55.533592682465432	0.91263741745171156	0.28503978379240152
56.1230289663864	-0.43776389108343688	0.75226537254864578
57.05719561811226	0.90148136612215113	-0.13084938598646859
57.269279013234645	1.2064369516322515	0.080887327021578415
38.682324803096513	-0.13778785760455081	9.3372262375673145
56.592045510952907	0.67022056341785641	0.19452424459891929
57.025691649169055	-0.66116430321106656	-0.3208311897058051
56.629794872036733	-0.87899917181894749	0.18498848672521748
55.587069744622681	-0.48792852706925716	0.44349594159215139
56.456374671453062	-0.23667152959391644	-0.63193961470648741
55.840141285630999	0.19302205346694934	0.21725185914373735
56.954058364802052	-0.86179604521980935	-0.42784327710446979
56.610591348843911	-0.61884600983357896	0.89108514778760717
55.514000184074909	-0.0063309652816024731	1.0921888589206354
56.385720841223772	-1.0901440378776843	-0.45947235229742273
55.513618230172099	-0.3635545793446337	1.2928751511858654
57.319869360792588	0.4028404858095192	0.75103983943603025
56.588095023341786	-1.0346192798262521	0.29419247873515553
55.805596187264101	-0.35827586119804389	-0.96285933139350954
56.773906008350195	-0.29150424535239727	-1.4839691275580298
56.921715156521039	0.95607707452071955	-0.20421219035706217
57.227670256893582	-0.2107342479471267	1.0313083366128131
56.561289668417267	-1.079708268606439	0.32509248680887748
56.996832290095405	-0.49151292689488069	-1.3916032910261658
57.039477308398972	-0.64644556529702557	0.41337211135814361
55.782257803976691	0.4776811528113884	-1.2525113913371297
56.289444257915463	0.76542847674225278	-0.87619097362962584
55.982697328006665	1.176275702337124	-0.48313574805887699
57.29319710897947	-0.97396583031625528	0.084508643667758343
55.622597583490865	1.839509800287727	-0.96317617248974385
56.736376382146275	1.0777615996382379	-0.80297356813635545
57.169997091633569	-0.37169329320128097	0.81363645178275323
56.584974468859819	-0.53593793253732369	-0.58435626553366948
56.384654592090058	1.2083933077251809	-0.012505264894973202
56.855489248595475	-0.40802938782632941	-0.62407548878363295
55.565704993006655	0.085428669927285539	1.7486165528412172
57.169590612742034	0.81315333589131256	-0.47496117674959237
55.641128692743287	0.37956256360631696	0.83893238647336843
56.636616919211193	0.36409278127820621	-0.26316841499766008
55.941694518064821	0.84150201573090455	0.10408576891189121
56.809903981464551	0.3034097827543088	0.8439920366842194
56.32428507713793	0.61147312768837569	-0.32531104773889186
57.163955938568151	-0.40626567444173894	0.86653587602015325
35.560640322445465	9.741504043573471	0.17050456250290161
55.758108761044717	-0.77038089377753671	1.1147098382314085
57.113988600823916	0.89253643037006247	-0.92717381982481195
55.835263877876478	0.566849426884112	-0.34694491256127552
56.870685057576807	-0.28816378771404377	-1.6582334485625474
55.811387024139499	0.57508101976809189	1.881580299838636
56.007914408820113	0.39933543456791731	0.68870456503416344
55.816449483735248	-0.36595155878328617	1.6857625856901326
55.669333212989727	0.32899112085385201	0.52493019952543718
56.684184209902639	-0.85467158852634939	1.7664026668783022
56.148142566370097	-0.88833011873796242	0.15652638639849359
55.460044407020234	1.0974822625419214	0.33632908209971629
56.328248498633819	-1.0747265218164126	0.39472115830396842
55.48997193179612	-0.38542285531315806	-0.85917000245258901
55.578133220857481	-0.37890893964271372	0.18816574379118162
55.967481164772067	0.71184243290791127	0.13511980142926258
56.508027212850571	-1.1158362863790821	0.14323392758463696
56.074279002144038	-0.83528548344139764	-0.26160795409028481
56.264061173798844	1.0532145495317995	-1.2219957999422546
56.0058213387872	0.67461083864508564	1.1588755952555063
57.246307044092745	-0.92769596070485127	-0.17446933097250406
56.961970187525395	0.31936726878804439	0.70130963055940132
56.366498459252931	-0.91863410088691466	0.090401059251442664
56.079727358429608	0.58091766670099032	0.41469012132985333
56.090287636036969	0.75455086477228572	-0.25516111303855471
57.143322784312787	-0.12266974195065286	1.4597901939074638
56.485395172073943	-1.1428256578782254	0.34199285733792251
56.2547527938492	0.67890551800425691	-0.042755684340374835
55.476270930536685	-0.20742551902615364	-1.3001274032912422
57.081523481021179	0.20854099010032201	0.78378150275207359
55.492787333364284	1.0296062973737228	0.10640662198638487
55.685609858230144	0.35533506980959206	-0.86149555707599135
56.207421224275969	-0.47651009331552446	0.39633821420523258
56.470278898654158	0.44763014490186742	-1.1814854182650256
56.290657643987409	0.68343747303961488	-0.9360187942985102
55.91232238900966	-0.1280156119008258	-0.97969816708158375
56.575209522696696	-0.56703390389196451	0.38635061988074493
56.036110772182546	-0.32787709467836412	1.4109957653719298
57.110730536189024	0.09299355528019479	-1.1119993384607816
55.80919837128738	-0.039474404190215334	0.99403844161006827
55.970277204792716	0.77917834399764963	0.29972829121304612
55.939355905592862	0.38683678900029322	1.3160676060573275
56.536250346988979	0.61704192016086568	-0.32950285957212871
56.197022154581568	0.99583360676680654	0.7246533259421436
57.057660563813812	1.1936485623897679	-0.28749096419889092
56.86602770035843	-0.46041483602463873	0.95681264856509174
56.22765452128462	0.46922480797783112	0.84963277037105522
55.882491436259485	0.22632926676463505	1.2605131042378555
56.202042799770673	-0.79366794912527583	0.34259098645995245
56.65254917564878	-0.75667737207789776	0.4607394947927218
56.467520475090424	0.26617799679022425	-0.85195454878123289
55.702009296321037	-1.1432677834332348	0.34019106382667269
57.036518257000147	0.87460765846790156	-0.958860439893641
56.390657533782829	-0.21744498475271115	-0.75491485804375735
56.090456555347096	0.34885834778164065	0.96832328159806935
57.015452706104242	-0.67412208699184806	0.58328787950160654
57.159687001805878	-0.36133933496288784	0.71185711602529889
56.044009129301408	0.64481483883330726	0.11378094752259205
55.353588287585282	0.75664725667350152	-1.0453719788400471
56.745949576732393	-0.81196399969245447	-0.90438982978974525
57.165830386193996	0.40187659068092257	-0.87727538984837095
56.539806364344862	-0.99322436197584896	-0.99409013975943028
56.16000559412339	-0.38814699552837167	-0.5378135488232807
55.887016968130034	-1.0473994762744314	0.61494296808691584
55.406974613131062	-0.83566116284247771	0.53426585615626798
55.756883010308876	0.98079342723497598	-0.60195802402639287
57.020111898300669	-0.83825213580450952	0.28752232905443781
56.093339777562122	-0.30885033450365978	0.55803943244123577
55.779322908547968	-1.2175270907289435	0.5712663045926627
56.026414514255492	-0.95767840632892287	-1.1940651118041981
56.439250654656441	-0.36631019672197668	0.92096557968345094
55.433970055748759	0.62195735403823538	-0.00092272583462550326
56.492421336074862	0.44543432368487773	0.2999705541168422
55.658149381401934	0.17000437663118587	-1.4502345592400074
57.21677132369377	-0.27564458326424296	-0.54126994565528086
56.444559674298226	0.32648829098175275	0.54537452079299709
56.003248480826336	0.089457643933810518	1.2796945509243678
57.29221401568708	0.50538938029548897	-0.17862656769312119
56.677816110679082	-0.043972019140370903	0.35803736993932817
56.759405157477133	-0.88626178989341586	-0.090924029337782611
56.854869656541638	0.44396093454879704	1.2900347561982848
55.952161565744191	-0.28450701385976462	-0.7174132721150861
57.104157221678534	-0.42925828853612702	0.88326029248389859
57.169335084177888	1.0090185813545895	0.54211746232667768
55.656481300085368	-0.72109623777855314	0.98616444428580452
56.223655863895111	0.81278875838804621	-0.81242133709176889
55.997568272354322	0.38748105178003078	-1.1958967322340814
56.613986935134122	-0.42932623468498021	-0.99379905021403703
56.700097839317849	1.0870624575984174	0.027532639806036881
56.041478485038333	0.70845907392376273	-0.40597276020761525
57.021030104411629	-0.84466776799798804	-0.37657085543839636
55.827091481873261	-0.49521760062611553	-0.8740524815449946
57.225141768844374	0.77255254564024378	-0.43477620703941933
56.281251579419965	-0.82146075001770358	-1.1305529943614538
57.15812865171597	0.27588555210534904	-0.83162531202738454
56.029053068528334	-0.42486521359772766	-0.81609467433462746
55.910378202200569	-0.7267110280566379	-0.85242892167751272
55.796805031377659	0.41368774254326957	1.1794515086715873
56.362789871616876	-0.20420895488047272	-1.1785524765188569
57.132843683819367	1.0448000676618581	0.23766022134143189
55.701686289455125	1.0210302961499347	2.7995430570251552
56.383074256259015	0.94180019241741086	0.16680493227538354
56.103140058351322	1.2326268112771679	-0.01490824287417929
56.977362090528423	0.64506625112071381	0.67200905475409756
56.112623371151749	-1.3876316417487078	-0.35450737113991626
56.732038542622185	-1.2944852753732581	0.058666802953492365
56.253468420786263	-0.11160763660119084	0.82139779015273517
56.488271328900723	-0.64159474243881587	0.91047019251260941
56.517854951084843	-0.46929988573046388	1.0111583802060033
55.724804334102849	0.31440057463715093	0.96572095115573775
57.137402668640178	-0.067635037725854538	1.20554438446278
56.594990614883102	-0.85831826894811736	-0.87746576202742721
55.525089920896342	-0.68934771122145999	-0.90577229567276274
55.965083316170272	-1.010170650821075	0.34834416516634098
55.466146108059831	0.28210263731036772	0.89138517430720587
56.676445355783038	-1.247544267583832	-0.030816127153334098
57.043104659706749	-0.78278545552675971	0.37809324403537375
55.746371685461853	-0.093951703481757687	1.0450430023993722
56.434526394869309	-0.34456402895533267	-0.84608593022477518
56.874799537665396	0.38707455260372575	0.56189083744315105
56.793921274180583	0.097063750435414542	1.3635929438653818
56.585666981032197	1.0877715624078352	-0.06766689490094796
55.797622870255964	1.3993524877474299	-0.42547103195498281
57.046431496125919	1.2429256095488193	0.022468312926047902
56.8970871760745	0.97895637171011407	-0.60282183764553388
55.713116121380345	-0.66901433599138749	-0.0020365506505602682
56.077804313968294	-0.97570776048443941	0.88173622423424225
55.631081516649857	-0.4776401059125962	0.36755045190724001
56.633299532734945	0.12210791917382965	-1.2029872778305779
57.026805327224764	-0.57602478920450062	0.61186104684179576
56.523984937753916	-1.081461945728504	0.76763272518897219
56.176113985976599	-0.77038526526870843	-0.48197183125937387
56.394383132459652	-1.0354787922259847	0.096041769697522525
55.430032977845528	0.53420551555597917	0.94290272270378961
55.373580325974473	-1.2726147179444738	0.12282359180690049
55.855410280096521	0.65879420320083315	0.76994227647211222
55.574520453280613	0.54548154603039478	-0.70661751086174562
55.881205477362272	-0.70577955751082444	0.93030178978785849
55.394662482262305	-0.39494614782919218	0.99890946100517708
56.551481564328945	0.097694230020808515	1.307270169071775
55.563066498090883	0.84622059624454371	-0.97071149000092161
57.05894994305288	-0.95320701474622449	-0.20480145827970772
56.136956936924022	1.1287322422303057	0.45069591436655387
57.157752151432582	0.85783787432381775	-0.51830274225217421
56.85662970483898	-0.81301276652430143	-0.69510153569433686
55.646774431474022	-0.53869894446766831	-0.84415374976750868
57.247434260640993	-0.83284633081786563	0.44440563788320742
55.852981245877693	-0.60016418635674296	0.0068194374632316746
50.810449494474462	7.8558158689531012	8.8298164408817925
56.153949522814386	-0.68112965796066138	0.20816995585172182
55.592404237695128	-1.0662325772692953	-0.095767844709963773
55.391036027533062	0.21986193502686288	-1.629349549885484
57.209741505110756	-0.43164843609254566	-0.8892677340308881
55.657733363249783	-0.89331745533664864	0.069651755824878009
56.366816308463704	-0.98099734423099749	0.15404906774081784
55.808361053527022	0.19449478236522211	-0.48537454961246362
56.677312026148485	1.0440450282085394	-0.28284421592769543
56.584712566847251	-0.78337262779993677	-0.020039050364409401
56.134001863577623	-0.216228684259476	-1.0681693951135423
57.257718991948238	0.23681325878638451	-0.52779723967674108
55.510926357889034	-0.44881095696725121	-0.97151823362738243
56.923498286664575	0.083708320748012363	-1.1808567865367186
55.644462297555691	-0.24531180798954294	-1.2219666353477161
56.841879579178858	0.50795134799971431	0.84657288406828068
56.067847754451918	-0.36841553152298251	0.92754456730211832
55.778961238491448	-0.11417628102404621	0.79420413635590914
56.580522495825257	0.19594121743301621	1.120976936422269
56.332946374028317	-0.43402626863740701	0.80173061625338837
56.343188662465906	-1.1031621940583858	-0.46785608249181398
56.574894433594515	0.70558833152491485	0.34690780611034594
57.069639011018467	0.73008992116571669	-0.41040361497471428
56.413606773537254	0.69152402694094184	-0.78246299620858339
56.947457934552318	0.59477733721658443	-1.0132424284479691
56.386297993646465	1.0140745771002595	-0.42830042303992666
56.598814028190965	0.40044575738712396	1.1909643054988515
55.968874836510949	-0.6776190333221993	0.029525940791200817
56.158367280708433	-0.51222247239629515	0.69098006668541756
55.878158385462278	-1.0154576690303794	0.011560663787646315
56.0324270375502	0.029342858095854071	1.1376233312739759
56.612090107916153	0.79364351741269379	-0.84306498543359032
55.48503804770084	-0.68012349793317795	0.90146884564253238
55.570291793927545	-0.02819388735518067	1.2414902585091561
56.592085680479052	-0.26307323905684588	-0.92461777688103997
57.232621012385877	0.90532252710840833	0.16703764308835248
56.559568455318725	0.69863377718808806	-0.48147295043275901
55.730601682360486	0.57550547884356185	-1.1520453990795125
56.436658204592476	-0.51396585998599853	-0.2485353232715781
56.533014065646398	0.88762746531459125	-0.85902480473892662
55.658454703764058	-0.054274198026543735	-0.93530143744727201
56.381667161527922	0.69000513295344967	-0.42362083497614883
56.877293220585159	-0.64655841609561626	-0.16981143455230149
55.775743411293732	-0.67124506233053871	-0.29026039076196664
55.549321199530077	-0.8111048134225517	-0.10300700411060701
56.61064323871291	0.90069641657483157	-0.62801079211625188
56.917367382395121	-0.5756427171222267	0.62885690091972524
55.725253537958011	-0.20362576129806689	-0.64467315697111638
56.940668375476243	-0.3566316229619047	-1.5504020449774174
55.728073882917734	-0.51848320765020972	0.56212903160823646
56.716251082756607	0.1976299816264549	0.81136462252786767
55.847456241235825	0.51445928471452995	-0.64187480743579506
56.495443001125068	0.20137070398555723	0.87477500631307858
56.323581276015133	0.83762001937401886	0.3026270276960506
55.507266424714217	-1.3239016247154496	-0.42182701765122849
56.77825844833459	0.78758218375024425	-0.62566297752832467
55.896659644410299	0.034984860443427433	-1.0840664087578651
56.166120543007139	-0.57486892795787581	0.99319000575116745
55.92263892241855	-1.1116409895886756	0.62644887419820572
55.569895552951373	-0.53209974889226197	-1.1725165297932143
56.802205449032222	-0.3090409507429065	0.50538512075254238
55.737027292298308	1.1469547197520438	-0.31276954366167131
57.178669289611207	-0.13617642591021198	1.0599190545872477
56.371918686860525	-0.66426452963540961	-0.17570492269297056
56.421953798715897	-1.0008867291530821	-0.67897566752866789
57.249659316220793	0.75314217164306874	-0.73481667034646481
56.488233935614886	1.1000145904845355	0.025951178894856188
55.425573233738923	0.44525546648735592	1.1847700805234522
56.820706308242279	1.0824194384030661	0.17784918125661467
55.631140336396733	0.25347133351462114	-1.3065644037495598
56.708881657685971	-0.18603409976357985	-0.51117398275556325
56.497185575173567	-0.54550195189638817	0.715871252752459
55.60658468883662	0.25206550862106003	1.0214852712532079
56.126912567656802	-0.68188812427942591	0.30035193527932297
57.45557612466235	-0.47232055319544503	-0.99724220486139903
56.205615812353457	-0.91546853056594324	0.70436045129733249
57.222896663686377	1.0807998570684596	0.2531479126471452
55.633887387148476	1.0670997030925171	-0.62538985491945265
57.13094107912989	0.06521956060563526	0.4034580555936273
56.134843888309177	-0.59784951638683248	-0.68050449060553464
57.286770727735664	0.42892922135712003	0.93803244929771723
55.958066332062266	-0.41144583477751295	-0.82451647838186592
56.614334904426599	0.6002252638587563	0.99915149785353141
56.858993192780929	-1.0144349206140146	-0.66252676274955125
55.521509139805417	0.41919139615318757	1.0041957783550941
56.588454802240697	-0.042916356318484943	-1.0564857188748495
55.884835941233419	0.5159223863392588	-1.0424797999220425
55.516070870207429	0.95029816145562129	0.24722526378022966
55.900384162652514	-0.81901841466866554	0.55591770487657777
55.768529930993552	1.0000107633928121	-0.59227848078395395
55.749604808949584	-0.51726428610660213	-0.92085923191185881
56.073646064198819	-0.47637136143412506	-0.76521048984580176
56.107862037813391	-0.5174386962341444	-0.076855582075494894
56.858947039067544	-0.9278215698638631	-0.4423943829486795
57.251578007005477	1.0760543156750184	-0.16531372654862708
55.370017734817843	0.80437033810439174	0.60779803618208639
55.887483916859203	-0.16266857283107022	-0.77772100822763579
57.366044194626184	-0.28098430551823161	-0.63139365200863518
56.695141913545555	0.15000833343067899	-0.27007864712958507
56.108722314057658	-1.0550494868388622	0.58429784131060936
55.927633399943446	0.36456831938492112	0.87451558010032482
55.584814948821446	0.18458003809440571	1.2710070044698905
56.283417276349361	0.87636501460278271	-0.27629791132437509
56.371257099555692	-1.6016226686469803	0.03534681545538599
55.804484282881482	-1.4491416436734963	0.13648388199588152
57.253156651270857	0.51281841995049338	-0.60152791441186704
56.122853288242808	-0.77803704916549277	-0.41889372314892098
56.556745344808824	0.41938378577299734	-0.39427846040012654
55.708903218339543	0.93409152596341605	1.2208710370925533
57.088056378963017	-0.44639112552202165	0.64719534133175027
56.241507627490286	0.57867364256601039	0.5300153628739902
56.646424997887777	-0.48039175107951387	-0.82939212303807264
57.014461894777263	-0.78639582894033166	0.25580060904261354
55.48558077115262	-0.23618039533745333	0.89549284324853728
55.781095887630684	0.78646163250903856	0.10935445499368628
56.875866495912049	-0.29846539540453954	-1.0382941097373832
56.651392115233485	-0.048766514059417058	-0.87404882486658031
56.51394524646188	0.54144196342445872	-0.38217895711378025
55.509907558670818	-1.2290661773410427	0.16619793310082046
56.891664900985781	0.060094351332304063	0.87663991168278943
56.112618468225293	-0.90422978505473839	-0.31505621405957818
56.643595158032859	1.2681938917086975	-1.0724356037983949
56.589452023089351	-1.1395795840081782	0.87776048114583349
55.332819163444988	-0.48348047901775126	0.72702577755243802
56.531083161003316	-0.26454875252647209	1.0909140978332075
55.633942729874825	1.1632840778399329	-0.26120580590784437
56.365924771394319	-0.84977645300867843	0.25727904061469564
56.118828338678867	1.080204055099401	-0.34892949188955158
55.748570566723046	-0.48937354321353949	-0.96027561694471353
57.004281147119492	0.88422338219861374	-0.38930166408164729
56.996717903940066	0.35101061574164066	-0.98439993586709684
56.860435972236928	-0.63974027339629591	-1.2433632251897826
56.464327169763465	-1.0028479694788552	0.76283919039678405
56.044589766827336	1.1737909106882554	0.064842719221576542
55.621903431337387	0.81572933052247887	-0.19942732325066756
55.65517099010863	-0.32028438311643731	1.3790396722891574
55.537854725166831	0.34355382766218273	1.0063053083049303
55.521186604596032	-0.62032894007616568	1.0398928518804118
56.764276430464271	0.55232213988206269	-0.67111508277923948
56.410069970077487	0.60445919069808163	-0.41459752968091279
56.358819320063319	-0.64837048867040903	0.60503385173852109
56.095900894888381	0.67026517673894026	-0.40972198114202107
56.04100126953422	-0.93557447431102192	-0.38886267468999591
57.311599530977325	-0.80002982800660127	0.36228377275101975
56.20582622169804	0.23486413088457656	0.71895521937259088
55.821107763942258	1.1630354147452966	-0.16216205373456272
56.673676856529156	-0.89538781768983011	-0.6176700140566751
56.484584313781646	0.89768540511395456	-0.8024493531727801
56.057159413578567	1.0104551271717388	-0.035005545643008527
56.338736838799591	0.76193977936524027	-0.92058906648488958
56.052926338195306	0.53541630573530485	0.32640954232312264
56.523404091625565	0.99800369544470546	-0.84788466743469471
57.174919321105229	0.48731382472963586	0.85730737881721741
56.180322629803356	0.82728641079458209	0.68115705235628687
56.960091503820301	0.27818321948770974	0.94922056021404189
55.494027704550916	-0.12734105132556978	-0.68008128096462506
55.626597350582401	0.7306906042196667	0.19546512975796962
57.253203707498415	-1.0126796250191363	-0.23902026732935461
56.733117906766324	0.93399982137731508	-0.55818329779461395
57.312592321688207	0.92972148426748458	-0.39796395545975727
55.855428365456717	-0.2886201939773051	1.2886455982706311
56.258292977267438	0.35604919497720255	-0.71695263505588058
56.7349856984954	-0.66856818926790951	0.57452807199444933
55.829665927584223	-0.5809033446568983	0.62184940050384674
55.30470641954939	-0.35239285308992746	1.4017050873713752
56.240232554091861	0.67927961926880531	-1.0701193296506775
56.522475871815978	-0.88072910056521247	0.1390983525187556
56.091682229716895	-1.3525522979931197	-0.59618796206857982
57.130994973265381	1.0429209218652669	0.29293587105636981
56.777399382592897	0.40447019926686845	-1.2791438351054796
55.803826963421734	-0.85088556274935434	-0.37944075135588029
56.432978677969395	-0.056609801941742942	0.78909535810639986
56.147113667380459	1.0626929525473627	0.26521247684672417
56.596911224929194	0.680157469692524	1.102198826227289
56.740786452929122	0.99634012890995061	0.70089005222742762
56.189287233499449	-1.478822450830283	-0.36274873397978324
57.060895800907254	-0.7465705811867599	0.77497183863983277
56.510426797104884	0.45043153402861985	0.91288681730250387
56.641810873054752	0.58111230504552669	-0.61460505130824383
55.386692983235726	-0.45578032281974129	-0.21118881737996734
56.268249400461379	1.0375260100422885	0.3342396345628062
56.713871345824153	0.56505286879298944	-0.17442616772662722
57.101039230208222	0.056469837145154043	-1.1687358238613323
56.886604502609039	1.015019524054956	0.68566916217663032
55.443919822504945	0.51172648342520755	-0.067186861157927935
56.902170503890439	0.47243293218243188	0.84122556621362488
55.523823464490924	-1.0724252051873122	-0.28275299077897026
57.236886643449743	0.99519368018393606	-0.50856504938373526
56.922925708526144	0.69628230531026947	-0.3917639017389683
56.561850920545616	-0.44547609451543474	-0.86112516521551918
55.558466205585773	-0.3091233627393476	0.51202606107422899
57.234252253495271	-0.96314177588696048	-0.60350960678608989
57.338564302840012	0.78555339430161197	0.53795886367606571
56.69940941951301	0.02257444784085998	-0.96535036986335909
57.224179685114876	-0.95801077165531712	0.58636791357194562
56.077662564690129	0.33230299531973817	-0.19591832747357452
55.686016280174073	-0.89249963442691449	-0.61337363306589399
56.244000799276336	-0.26090932397507516	-1.0322957024147781
57.258570478078575	0.45117967425425792	-0.65320109701269602
57.25225262436139	0.92472009202998662	0.3206715797771057
56.389048924642488	0.052461386135828236	0.59229248139537083
56.710789944409342	1.3973840979032932	-0.022434684872235267
55.694194686053315	-1.2194082633873338	0.15396343125860076
56.684105203336948	0.24813609515581267	0.93814715860642628
56.08633454152487	1.325895840542568	-0.34812576123194849
55.945015903957454	1.179709788640146	-0.22341490093023791
56.681228310293157	-1.4038651169953689	-0.31436351876719454
56.798537828992984	0.79748969748458853	-0.56186866531631796
56.380505290996034	-0.49789937920286165	-0.63376523727337364
55.493060295079715	1.5413253356761556	-0.35109592745813112
56.437783323490137	-0.32600856335557604	-0.58053456070821752
55.790126543943074	-0.80958651780937307	-0.70044462121982931
56.546559125809452	-1.301486091026683	-0.22288615805407613
55.61293229662342	-1.2966117589904633	-0.96927258497312052
57.11794627801271	-0.66661790659414333	-0.2988608436177147
55.566103345448475	-0.18043006427541647	0.82117285086078773
56.062051348903019	-0.33538909572964415	1.0092081130383426
56.597077039825187	0.11734284653112828	-0.22544159674210876
56.862877363031224	0.037555799575581757	-0.86402857066844996
57.345684145464318	1.1343536399131573	0.1500237568477619
56.535217381351465	-1.085388550463394	0.04885722673408141
55.924977531144123	-1.398461628493578	-0.62881376783860521
56.236496100516518	0.16815700387114507	-0.35256828584314415
55.982531745635839	0.68810786811736058	0.22269024604315901
57.477644533537898	0.634470343523451	-0.91167542037205551
55.690793016024472	0.69954571004273258	-0.8319297272270888
56.035005304948371	1.3760164503177772	-0.28372398400569904
56.955750280574804	-0.28619631618897151	-1.04783196958481
57.00856773407007	0.6048561951287369	0.73296346268251833
55.740246048646732	-0.52846189808032096	-2.0817637232136561
56.308214684190808	0.92962505525925254	0.099283797681366234
55.535999068038045	0.30957740673435469	0.67077016624907437
56.524185323754949	-0.66461015155146264	0.97057206539283403
57.127374542830061	-0.88357364924461901	0.31616221875094364
57.196598208079358	-1.0807085485783787	0.12039246155909697
56.254545705999831	-0.24349415013839332	-0.96560048994594494
56.805354296925714	0.0077737896793247463	-1.3500122274632389
56.834347111957996	0.21134003201094587	-0.63746748799661979
55.367875650241238	0.43946110182515613	0.52048381418251832
56.621857858248951	1.2506961615566516	-0.76194578658657497
56.704702766002349	-0.43124412024698106	0.82817905252865442
56.203233159535415	-0.32050564297916584	1.3213745639569052
56.602302645881061	-0.049089457341317831	-1.0189357991454966
55.814964235440428	0.67967147745935941	-0.58659229882289976
56.751686536960101	0.80739656714776586	-0.0017594903592281451
56.750125452467408	1.5307598582825019	-0.30919610140251441
55.747489696300029	-0.48599580480804622	-1.1886880737053183
56.231678351737216	-1.1036104175037036	-0.55321659234448417
56.751003068647812	0.83576688710287694	-0.85634178877931066
56.036426829295607	0.56222382440032992	-0.60036589397398699
56.767868292909199	0.99075431680961479	-0.2732159364779716
57.145393111587687	-0.5804957127320709	1.1427685556364569
55.874046453077611	-0.6584648874261172	-0.035587707834077643
57.054745226654191	-1.2371290811807711	-0.2887072087170226
56.409438483029845	0.90395586325650712	-0.18181264121348553
56.663641224462765	-0.20172386871637682	1.1304172861317079
56.6492978731861	-0.12924750686998107	-0.89255162933519816
55.669764427796643	0.66650509338049146	0.15711869703447309
57.062866400931611	-0.58430975116759232	0.95401698062499085
56.008901282918721	0.94299849074920195	0.32301316594716734
56.656636916126971	0.95223777277120902	-0.28605892526781113
55.609096073211788	0.58365432163371322	-1.0673538862456633
56.165293700644177	-0.041286517418968237	0.83606099973799264
55.808157921176168	-0.97081437553180583	0.26304003203943888
55.957235349621669	-1.0045676371589021	-0.51235731161660303
55.534845012672122	-1.2798510398626222	0.64969006944365637
57.438416107090589	0.61616194150628179	0.72988816342112506
55.717408950278418	0.98280114450802758	-0.52012436492124181
55.795704782161259	-0.47697486667904354	-0.85081432598380302
56.377445967265039	-0.92779305021933645	-0.83967593857193901
57.307192872537705	0.74141248663389769	-1.0265766800151015
55.832334025878211	1.0046368029547161	0.75676390519316461
57.134423008197899	-1.095201754557684	0.55024765410309517
56.660904945571751	0.87407889264404626	0.61190274708845038
56.739080937003578	-0.55228678264795372	0.37918101897602252
56.741158686175595	-0.52872183154269803	-1.0973510136835156
55.608432756006856	-0.88142140282926351	0.46234039393873799
55.846818607825604	0.0016256347366392255	0.21086467166724396
55.579529868628029	0.37204222693646816	-1.0496796698258279
56.563775296271594	-1.2024750258541033	-0.34935184564336091
57.337491395160377	-0.14244387977697123	0.87009231229287831
56.246910551298413	-0.86044190296783296	0.7898349719253871
56.799714375305491	1.2181221256693209	0.54418689809031573
56.375266651840455	-0.28596103564237785	0.84165434691986274
57.151718135700634	-0.25909248717677513	-1.4092171631168657
56.3396872359341	-0.91622798929420435	-1.0586314424735856
56.343547504749765	-0.39272580404549184	-0.46934467073419672
55.754773725046981	0.61695290657091295	-0.62589622816545532
55.737261928841228	0.14138446727642706	-0.98861250709335924
56.094228931829861	-1.2373003229092818	-0.48139503557376556
56.433801971761767	-0.53580834510777442	0.62620828318014454
56.309785776399131	1.3380666204062241	-0.10592428890856347
56.024339239401407	-0.85220323701709844	0.45297246596379576
56.00788352405106	1.023086393472687	-0.05133317465022999
55.794489597977027	1.0531964727650869	0.43305240365806075
55.502281729499984	-2.2651792768546835	-0.01460524482207186
57.175603190479265	-0.86919649050936487	-0.66586212920766763
49.235662482683125	2.6461236940936828	-16.295793954874373
56.029319300334059	-0.92958206466416482	0.7676648606795724
55.839182747289868	0.71828076018629239	0.29610150251922718
55.575543942812757	1.350852484108787	-0.36993687009599796
55.706779539449549	-0.032651673237180691	0.4602763466539242
55.893029645952637	-0.18139432960410914	-0.94165030566347507
55.434405069513687	-0.7305430436385657	0.9528416064018419
57.184885296969128	0.32408485233718398	0.70935150220821597
56.071180423594427	-0.090620179190372269	-0.91665025913939757
56.442339331517118	0.99730680573119002	0.2008736018070392
56.100882095760895	0.73408865182308847	1.013176930004668
56.191121071469667	0.32112404904782127	-0.77057931820306547
55.331647778024269	1.1558176478017874	-0.32662363017349461
56.196543294676097	0.18638412531997611	1.0082756474925811
55.515039768447693	-0.95729447478839003	-0.76352878605525809
57.420800547279278	0.66567083697555296	-0.51063111526065985
55.69509773690833	-0.48479682445013406	-0.9255004712262378
55.910880247714204	-0.90611847564988246	0.92894546199711081
57.324900571287941	0.83219599032884739	0.41656645282230942
55.999547899546457	-0.76537301508865863	-0.7549708096537332
56.647461440587975	0.96289877801114487	0.38287682450520844
56.189711208430019	-0.10624765311747611	-1.0929779112928857
55.58632786394039	0.64408979060579241	1.6779434819082744
56.793245392078795	0.37361241562064729	0.75867850940649695
56.807785631805324	-0.53247754122185664	1.1139295419715842
57.307488556703511	1.049565430954208	-0.024269752887120091
56.923572181070938	-0.54130533876226516	-0.5302009640752261
55.924917820137608	-0.19095235858884677	-0.92790501204265929
56.036372114408294	0.88124645805067503	-0.35178195507732002
56.954852742454513	0.011189731091135406	0.82264470829575698
55.559477793504833	0.41984730624427674	-0.20804183968795473
57.336670084670104	-0.027419332410496159	1.0974669100455183
56.759459390327102	-1.0249237875634594	0.54231214118167093
56.532064594248176	-0.064269316949970096	0.93033764313224221
55.778071034508024	0.68398174122498856	0.58042491588261036
56.747954706746398	0.28755258049421595	0.595262295105914
57.273954634284713	-0.60042144693774202	1.1492117541589604
56.538316339224238	-0.87066707069846583	0.37530277795083272
57.123996998632052	1.0551502661177821	0.32540582176636057
55.752411414726581	0.52384167276281557	0.89848968773131632
56.264738261968517	-1.131785742696678	0.35144198113661274
56.490414876113576	-0.74922375822211573	0.3365726632100049
56.510927854779339	0.10246731232269195	0.90132104239889133
56.762485760667232	1.0565685735625798	-0.29737140428046038
55.54658320900284	0.1861198965861732	-0.41909970015399445
57.295882440778897	0.29829941871271259	-0.75661941176988445
55.469687896732985	-0.67455171296779104	-0.83759008704618065
56.595733026244069	0.3539348306060196	1.0370222012673724
57.046878758067187	-0.57606173277521933	-0.95342675107314157
57.417958016741281	0.85369093002429453	0.63030734512330944
56.387271684854554	-0.45276916056113931	1.0857169036749383
55.807712343485228	0.58317585948373796	-0.76375075659587199
56.548281090153338	-1.0310789167211767	-0.17250789487345916
55.870776077041263	0.66024647927646596	1.286486567832513
56.611651394596983	0.65808092040042121	-0.59414602992259269
56.024305894494908	0.59518998794656397	0.081126892588530938
56.003251336494202	0.43455276532760007	0.66793247775819364
56.777093550139483	0.38604813855482328	0.91549218202950788
56.566732815414539	-0.5296897598482746	-0.74411584038309031
57.479557060256163	-0.4473546026448823	0.7690796893358236
55.61859851880002	-0.11889918932085283	-1.2084388527373877
56.920108013711605	0.87383157487543539	-0.33276256344989247
55.924469523449766	0.87636444000428504	0.78814354096619788
56.086437491178302	-0.62715738307961921	0.97154003627875651
56.944419835961639	0.076188570577606848	-0.90329061823297763
56.596859624371703	0.67140046208025739	1.5035617617834136
55.738598283734589	1.2029524813539143	0.040869565323589561
55.809586975818853	-0.63124230593490049	-0.033626551303601357
55.626159788423912	0.79004100427461932	-0.33629029003837924
55.913194609699381	-0.27027957160952298	0.66322334316968745
56.464244971849695	-0.072344338159102836	-1.5218817588518363
56.61331067509569	-1.0547755592876862	0.27674504255927296
55.816436039457543	0.8211136122836511	0.65255287522293437
55.415089339701034	-0.86754404172647714	0.71184694229300649
55.579637900546686	-0.10652996630156499	-0.93229466258359173
57.418452299562503	-1.4115185148794558	0.88308321235510701
55.774012345953508	-0.26383495069746904	-0.77270310627436123
55.909907355945229	0.75330369283953591	0.36697918017009368
56.22067365407122	-0.69392460895785668	-0.43183632273665401
56.775520488952047	-0.061628956229454204	-0.82814730286247962
56.440169362327346	-1.2474648087426574	-0.25195419231822108
56.008976355933179	0.64949325445423833	1.2296891410375281
55.278219601893191	-0.043208348653008495	1.1802083487985122
56.447257424109601	0.44573231504180316	1.2826597917235381
56.404360271950345	-1.2554846682181116	-0.63921213727461523
56.696298231259881	-0.25670989271837757	0.67101361179587538
56.055197056560466	-0.69179864733114094	-0.42563421840260857
56.978616123813104	0.51317196860771075	-0.47822769155917394
55.557842464138069	-0.18557768398073443	0.83685125316301556
56.703260026580068	0.79701036363741895	-0.083204562457251344
55.783850664541035	0.0061311053032296172	-1.3504822503857992
57.078980734356243	-0.035845586290649163	0.9582240146171177
57.127456188582173	0.37109036791479033	0.73781486140679375
56.782782304940206	0.69367195219227196	-0.19034929478423399
57.147282994742604	0.5083097591255149	-0.11823593044373115
56.474284947067616	-0.1296481835602234	0.95665594915418628
57.007463757174584	0.74971521834702048	0.41223335598694383
55.594209420827127	0.81109834429742123	-0.084011519465699333
55.789615529560727	-0.096528947522329087	-1.5694551504806478
57.004643713600331	0.90798199492871134	0.74425591800492052
56.881116794430348	0.86798024428442	0.52312739614194514
56.183443586868691	0.63981621960489232	-0.10873135855939652
55.68930763941411	0.21138514485744703	1.0916844677280559
56.24711063007355	0.79714897648763794	1.0277007493292127
56.673335487835296	0.99967274733773892	0.7777011394335609
57.075697202994817	0.61674789598608371	-0.80898804104407041
55.648781439930076	-0.63775978403159295	-1.029059836232268
56.207023660484545	1.1400733761936503	0.64331311142212999
56.519554585421204	-0.7226474799623106	1.0662702909037407
56.556714030089523	-0.0096575158830126667	0.86899915047837639
57.238508163064104	0.67289206798765555	0.041188829302121276
55.962311316082676	0.17048134292178707	-1.0831208679924147
56.101638302775548	-0.083158748683629144	1.1101494859558019
55.625639923204197	0.58655254972585236	0.087727265724965878
57.007839096509109	-0.11526596972124037	-0.98832692780407594
55.575794205948192	-1.5464820111713382	-0.14384505654992322
56.7756418399428	-0.43234243225266478	-0.56782684764441282
56.216274280986923	-0.37765567304061942	0.95398705604781264
56.019850749116415	-0.32765324416462832	0.94991616301809367
56.351764531985623	0.17169163801029041	-0.44801644266890756
55.790095484339652	0.0067900392267688774	-0.34790651038526432
57.03332593688161	0.11173346363742438	-1.1522857437291554
55.877832453941672	0.73988393483880299	-0.27397416651773848
55.820384742833035	0.8527914718038514	1.0672346380758952
55.904755391236669	0.87787065250083374	0.45267236072207945
55.901025712849538	0.42819272388648566	-0.89406583659306282
55.761200403428234	-1.1485948224111122	0.084615082332648098
57.274742539316428	-0.94539018989351165	-0.57123141492783347
56.544388924588461	-0.80670692325551607	0.033708267496155499
56.40182549368344	1.1332797081043633	0.50366912744790981
56.364772083652838	0.79077597014603196	-0.33367882626723394
56.26309618918981	-1.2888685399643312	0.062275810030948044
56.358412812203774	1.0305940738107375	0.91777802550494858
55.573358013329141	0.54428068058332812	-0.8468594665587893
56.54243460745932	-1.2119753968009703	-0.23430001896656677
55.893054223349608	0.50902539941945868	0.50626257910310624
56.426857829475047	-0.80919329353290304	-0.40577749715932615
55.995538446211754	-0.00072153134979218098	-1.0903721862832434
55.788366105143027	-0.37108045349672159	-1.058771626785368
56.678590776977742	1.162249195914856	-0.00020286910240595595
57.393975777713315	-0.73036973705675567	0.41988296711878903
55.510267494732368	0.38546010575236272	-0.9059288026536052
57.187811466634933	-1.0215088872190483	0.66844358092853984
56.222701432592913	0.78891469868074593	0.4422693235180728
56.319213405376992	1.1052670698946658	0.52102621813990946
56.345201491787741	0.86870191082943582	-0.48887905449860619
56.575890203309669	-0.62594049126464624	0.87292167625137462
56.463407671839477	0.90210633465171108	0.80825337002033704
56.257315206955475	-0.2593718813821223	-1.0966081763212583
55.719814055927046	1.234842303200725	0.35369308207002698
57.12632398260584	-0.54011610987991887	-0.94888008963763759
56.527933862285323	0.31634149288999824	1.0409421828278751
55.809122508227432	-1.3322454459152282	0.36490518750935319
56.612308122337552	-0.37019236170234737	-0.86742615186175498
55.494636675934416	-1.1081740983060235	0.22651209762598912
55.45439606200015	1.11168570589588	0.62545864981390686
55.841113002257231	-1.1626915120657666	-0.18238679196221766
56.006473698051707	0.56251529172109138	-1.0785908045625701
57.357887524242869	0.3547263484492742	0.94143587366757375
56.847777956218955	-3.0262546797750933	1.6805845111907707
57.080424390440264	-0.38215659809610497	0.15450200085343987
55.792637715471017	1.1949500592748594	-0.53144002546051516
56.66303576512545	0.46551385244391835	0.89083268247971859
55.502290951363712	-1.0783500968153088	0.36168746287880316
55.883312477017611	-0.80986798327799137	-1.4600072041010896
56.624593212214407	-0.078883006000587064	0.82444835716181619
57.200757955934755	0.72603168239814309	0.69284604016548557
56.977133708612563	-0.023102900056255333	-1.0680112360939331
57.296848325548879	1.1177017649623355	0.37271744749134955
56.109769431025214	-0.61345736905313653	-1.0242301492730865
57.2814826379268	-1.0081188438887179	0.11179261179609645
56.651473132562394	1.0067013961117206	0.047873888466113942
55.883199861313415	-0.43546919340209111	1.0864114666372637
56.674156258944336	0.95588869887327987	0.96613123929839895
56.47357914104159	0.82578895761426319	0.34657960430594287
56.008492563935434	0.20411503711439519	0.30149048685947583
56.027274724772411	0.32373287587420102	-0.9072903593082996
56.68943802725574	-0.33836433460517268	0.85755122408246809
57.066367051808356	0.044705087313937804	1.2362863156777306
57.409828419031328	-0.4106116953665821	0.99445983981360064
56.637696479243608	-1.0336223691432485	-0.29421329198957363
55.5606732840916	-0.82981143207821806	1.2000115861886342
56.95260337322555	-1.3151378051335496	-0.068600973034700419
56.849011326255713	-0.80642397518732722	-0.8900171750260869
57.224432321645423	1.1490609425680787	0.39364956520167632
56.42594989188337	0.35939589211030737	-1.0361240293603025
57.041099525730857	-0.55961152313811713	0.72390193081466603
55.567575148454964	-0.28756880191048606	0.22981524600060299
56.424222056598914	0.063847035859574991	0.82028879529714904
55.570597603074667	-0.82991745030300745	0.016264273685279787
56.110461099201665	1.0130306342937152	-0.1159569011887449
55.887307413031287	0.16927204573980906	0.44673350204909001
56.583865265850868	0.51730621409568922	-0.91120677406650163
56.015718489766201	-1.0546790267062125	0.46269206918917921
56.721219526406436	-0.75790041465486047	-0.57160658250975038
57.258927576808127	-0.31143174184368261	-1.1976598020148466
56.214775878240346	-0.8415419419001493	0.36791978586770047
55.865822419803536	-0.82195535544441301	-0.56448862059640459
55.861413998317154	-0.98020475060185253	0.55550892152292053
56.433209269539262	0.81080764550272566	0.68789180685189033
56.35771715949781	0.62817961048312287	0.9898755315061265
56.210147836165085	-0.33932664758613795	-0.69211544608201281
56.485045389847393	1.5452871324363739	-0.00045075639909794075
56.887445312316892	0.31585679966231989	-1.0107601782332036
56.309818356533818	0.55485763498996776	0.21824455029648987
56.484227856653575	-1.1258782195611081	0.4610518293761286
56.67079661835642	0.48654182430427412	0.9512327131868199
56.499196332006335	-0.62800791633187791	0.94876904989587985
57.273013129582814	-0.089210145822042133	0.78134308141999642
57.287182692066914	0.65106464832296596	-0.85147714118116336
56.552448733159096	-0.86560406805560741	0.047756915474347017
55.969272295611475	1.2405473453900868	1.1918902490004182
56.514341925486526	0.14297443021947731	0.73161477821364862
56.138887325070399	-1.2304888538112828	0.060177358381088987
55.714498668611945	0.47377597726907394	-0.96329432117419767
56.8869947292728	-0.36583091315008998	-0.35622326445412111
55.919594063615286	0.78307657835671574	0.93458241740244363
56.512216570951175	0.1998217277961627	1.2901447306158396
56.447372583284505	0.67498228786362746	-0.43901429973196571
56.469876350569216	-0.80238851954465185	-0.50538695844654824
57.108203829625396	0.203575661896927	-0.75208570276697473
56.421383136205378	0.56299078694462845	-0.59926424308691573
57.069620644562114	-0.60756764278518716	-0.65879466057860192
56.368067119866446	0.15009458448856552	-0.71644253503360911
55.82945239965229	0.76355989445189154	0.41896241430705722
57.25634022396499	-0.8645083570959764	-0.22753756729140623
56.359392630820537	0.54765189972627693	-1.5535915415964427
56.945655490775771	0.77438122974534229	0.91611507528724756
56.39667448445794	1.3427833096759969	-0.35966784443803501
55.86277769690733	-0.6458129780853481	-0.15111642279556908
55.432211466337883	-0.05725508926321414	-1.2354488335789107
57.215676263822751	0.17533852769408148	-0.99162889229587625
56.750131690260638	-0.76870797639332888	0.26188051524800426
57.345115510649961	0.95167414014119189	0.23135965374349898
57.338017024239669	-0.43226599170598273	-0.88106924617978899
55.475854862651666	0.76445754191767334	-1.3554518334865231
56.46492669228612	-0.10021215569893764	0.81927815147894156
55.641272015298668	1.0864721737515934	0.88040643253959894
57.169915695819263	1.0457119829808117	0.21668735523669561
56.873540722093722	-0.83518342563386339	0.40014890423812116
56.381683638002386	-0.16616098442713076	0.8134941805947975
57.01126789650543	-0.41725449904204126	0.76290452818224819
56.772616787310938	-0.78460901093585234	0.81950703765795874
55.703817697539677	-0.069753275038549112	1.4794381962210064
56.817884757370365	0.23467618159737039	-0.63148469608415314
56.494116328979658	0.016310919673063654	0.96576115770780202
56.356422691757061	-0.19586084678181356	0.30009436376641785
56.247279233505445	-1.060500012937899	-0.88669744621423841
57.25623161187788	0.43626558479418076	-1.2061842999161432
55.892225628312481	-0.54070501887069711	-0.24351868550187128
57.189225222953802	0.46879708793345237	-0.67226332496471963
55.924622758993408	-0.2930040460609179	0.41605865377569523
56.942562206803402	0.46000071634217854	0.16436603238454711
55.759979480831987	-0.6456050637016667	-0.82212899526055361
57.188894220271123	0.52373654501042255	0.90751645670894188
56.647584689439199	-0.76861711491144136	-1.1531566513229878
56.951409608116862	0.090063068838303034	0.86414824554287206
56.992173029565166	1.2946041064186173	-0.8964704971135905
56.184922331688078	0.58908258347509412	-0.7543902183223623
55.732515069718559	-0.45675169087987394	1.8570553507630763
57.101057100059201	0.69427450632506127	1.180456667046671
56.078580439083247	-1.0340163015792538	-0.18885113714631505
56.594661775645534	0.99843524906934045	-0.57987001594589249
55.848299555268355	-1.2902418768960207	-0.58656807424555168
57.002747524969244	0.71070878287896422	0.66734896787547804
57.059045627553026	1.0679300976527086	-0.33465266848784359
55.976036782471311	0.86372426689812409	-0.47186759956090074
55.525621878581646	-0.28619700887294031	-0.70496364869228645
56.92325939699279	0.3813170199169244	-0.52316591461839257
56.613331510870928	-0.48110338911373185	-1.0078090536536985
56.437412132435178	-0.75948528313984598	-0.23811495966797902
55.539985655430193	0.60548015537939615	-1.1526238877317734
57.169424592468921	-1.0388516546698001	0.69409196576226717
57.099805888394791	-0.41866837177239891	1.1824831801212998
55.380661135632991	-1.2536558794899708	-0.84212473754548811
57.324729405291023	-1.2296463796496986	-0.34666156249446028
57.261339987419738	0.12985062401892042	-0.75763989584524727
55.972834668866383	0.79008210111263821	-0.85779838652113005
55.972081866535198	-0.54516870090373926	-0.96901236832435533
56.73504213140076	-0.12591645488173034	0.59592302812566944
57.270515137221985	-0.79908963168520453	-0.21063278909169067
34.189825403699537	-9.0961964397888888	-1.8182934959329844
55.708399391050193	0.95104089601855157	0.57060757618141522
55.413433989316587	-1.6203535427397133	0.42997816049624987
56.587989115902978	-0.98552939837704723	0.31830358853356744
57.203100727802003	-0.72750318890386489	-0.36158494953458176
56.223994187652444	-0.12362514559161682	-0.74101418846658529
56.470612862974392	0.65609153851894575	0.28781045720049286
57.40331459528624	-0.054370552393366689	-0.88398231482737621
56.039868376730666	-0.71425307680538597	-0.4345903505176173
55.457999194115111	0.43055768275371814	0.50187856934061126
56.912546294768894	-0.90611011679429754	-0.3648337044654702
56.225196285965438	-1.2609663558223501	0.19415362647321716
56.818001993749554	-0.40069525615809315	-1.2262007778104567
55.625220256444578	0.90604571482416041	0.16623767458498356
56.0077199629539	0.94087279366669629	-0.13491515201448354
56.46633491623458	0.69165997592849771	-0.15017202350945119
55.511268117002658	0.42345119024557659	-0.42972326946188211
56.156258468341896	0.34703011438953191	-1.2384151343710119
56.304745668638702	-0.55336970115577466	-0.72241670205737951
57.393952435678862	0.44401627123989679	0.89460213122366683
56.410550219368936	0.71065561390836907	0.60850626450830025
56.244591683397999	-0.039444515483808208	-1.1231507614591847
56.962803172091377	0.32449726557927566	0.81636977901609131
56.566441310635895	1.0721001161177111	-0.21555166263839917
56.056525723459522	-0.62385451678840731	-0.27115447470877829
57.322323517619708	-0.45973251860847492	0.71074307060330411
55.368365652376021	-0.88154907139430383	0.7381004238115122
55.972354117787376	-0.92544724292580227	0.69234901094974644
56.096999134405706	-0.68392835617639869	-0.92009129556464309
55.755010299606205	-0.067310047432968853	0.80034871869423663
57.055370330761392	0.56042875401241432	-1.037663803967189
56.42141256934935	0.72826682659197706	0.18001116279363191
55.590332355615899	-0.67026093620972793	-1.3296579494082632
56.68388388792156	-0.80588669380899791	0.74425171753101005
56.608352069649591	-0.77641535798374317	-0.37343451461728688
56.100756694194821	0.5866320840859347	-1.1400473949947434
55.57943807529449	-0.75301445072148165	0.63409585659394174
57.317647426300702	0.28047154390772067	-0.98419311145165633
57.053217049670216	0.93300932463638242	-0.47082588048050239
57.388963693367685	0.81432974509055522	-0.29126945089268058
55.838239981080939	-0.69993005461670099	0.40513961017513689
56.033825239739095	0.24879363596389073	1.3254799839647751
56.866433870083021	-0.95590693456614262	-1.0951187975980379
57.415833091427004	0.058880987797434323	-1.0801019196147357
55.443036723561761	0.67727593160735122	0.59605552297374509
56.670334765750447	-0.63741751401237123	0.36424457888116696
57.214059676888823	-0.99049278378045247	-0.34819016481261034
56.292101039826932	-0.92607489396767928	0.014599054447106624
56.991055383044113	0.20313194282980213	1.2725654949145682
56.765283149905784	0.10694686079337205	-0.69711707292921887
55.587707229485986	1.1533782064489164	0.42603156306712181
57.364003604494606	0.32684279829680102	0.78415184462023169
55.596318056773192	1.0048485200628541	-0.42901154020511945
57.305543438632718	-1.9320395986880885	-0.082474015598024614
57.249277503548569	0.55899087243436674	-0.42410559363721573
57.274758423463254	-0.54260157512868734	-0.83505803538616663
56.431717806441135	0.54783453273751648	0.66127641712682783
56.644579966601938	0.0026268071652624553	-1.1245472256523057
56.703625948344808	-1.2472332405768654	0.40721519337239287
55.938958502614867	0.49387923068681966	0.5714659259030741
57.49112860582327	-1.4479588997999038	-0.035211691064943637
56.192821995574384	-0.05488575468169761	-1.4172315189446634
56.147951208001679	0.76987213152731082	0.59027635375638332
56.963930373215682	0.021035624011149348	1.1221357469178848
56.622399096590094	0.67111137234322638	-0.40323887385896856
55.656248021995012	-0.028393864230247135	1.0342225919813126
55.973926295561505	-1.1578643467670755	0.62598965084433111
55.625428177531973	0.12201313937799289	-1.0520720099989773
57.258467744755762	0.6365014661802828	-0.8318078497431044
55.507731437849166	-0.30356377972582482	-0.85204837520441956
56.322611110946092	0.71163744855405553	-1.0749467884036428
56.907593378646609	0.25318943129842864	0.27887082704863425
55.661558046484814	0.10248336892185295	1.1734271005135777
57.013935975541614	-0.46259573648948094	-0.83255695409820785
55.727146965583195	0.25759939514011243	0.57934830252470948
56.946157797364897	-0.70419073957323597	-0.42813584779516373
56.411618843383415	0.91886301625627342	-0.50689535688340737
56.945828719501073	-1.3367406971663927	0.40330313225774789
55.771280519675315	0.89523783981883054	0.092661158810972061
56.054731891248338	-0.50670396998432821	0.68723380050193628
56.031914574448237	1.2957482216979386	-0.17383305522263617
55.778203609678286	-0.96423503347718487	-0.51621556798621004
56.954715415922429	-0.28394216652846138	-0.7657864032475471
55.500742669335807	-0.54872727341507976	-0.75823789437256695
55.64100015881386	0.11236153652074271	-0.1943607906225516
55.944765840286671	0.82517723336291848	0.89241757787282461
55.753228811664677	-0.9306669944205318	-0.18472698785698882
56.403944032860302	0.32651851159551493	-0.1709013126192343
57.22956570476741	0.54515622950660403	0.98534643903338093
56.642454520536262	2.57204153247269	1.5101964628447273
57.407749032563963	-0.41415444602559043	0.79024680497107413
55.524579042086437	-0.30115992629195559	0.79023817563660714
56.323702133182564	0.07165394501805851	0.62825986495592656
55.517332820877584	-0.57471691526573609	0.5460631433526929
56.365299677965503	0.43831300968469239	0.99969139535114271
55.959609921781244	-2.0804657868475327	-0.61030019233287613
56.636796393290524	-0.48823399584535765	-0.68992516587383979
55.847335819018056	-0.75775213885224568	-0.51147408841021347
56.832137240115756	-1.019036416787132	0.30528219166782389
55.703759608775101	0.49999126889255024	0.86042273153532733
57.292225561917206	1.1612368402889881	-0.51991755544324858
56.631481029262687	-0.87035855468694101	0.086988137023855647
55.599578978987068	0.35892765080152866	1.3743061036858149
57.261076549794943	0.8336796315429772	0.0051108212698805075
56.614427211039043	-1.1229519106374295	0.49191846605056827
56.147173368084381	-0.031690077487642902	-1.398598336505007
56.875797201617331	-0.7160934368549764	-0.83915798272101294
56.129690719891009	0.18828018042825273	1.8577511607235166
56.194291666339296	-0.042919134294255701	-1.1687908262224875
56.8000922669641	-1.1385871540652466	0.031211042865530059
55.804109218780859	-0.35526777399418846	0.72249347314795376
56.060263180443698	-1.6660198254281267	-0.37167215298607464
56.619218970373922	-0.79289907902843715	0.50165146008624695
56.935345324907303	-0.19423075430803194	1.1055985600147551
57.242192301650874	-0.42386916418636833	1.2017818025656843
57.274125492412793	-0.8379302031269491	-0.42539095319741643
55.955928297016591	-0.83420242303448899	-1.3682417729017164
57.248952396502595	-0.45671893092388938	1.0103810842619423
55.525392191785187	0.51140678414329432	0.90968645841031048
56.881042676711139	-1.0044915346061472	0.26774199598794779
27.548951788758931	1.0992094716837717	-1.053789922706925
56.923181821269601	0.8063269650540964	-0.51481580304293406
56.086265082256823	-0.21336121575904848	0.89827021845828892
56.700312413437288	-0.75521701292795074	1.7801411353900101
57.101476141014345	0.58987825281067607	-0.35458329138817668
55.877586074085819	-1.4993087039715602	-0.53387329057507127
57.051700715718816	0.69894573794000192	0.9898878202181931
55.681705751075931	-1.4091219603748579	0.51327590609942475
55.470115168696829	0.12958697592590906	1.0208680772456897
56.490999154629328	1.1687473821786472	-0.24230396536049317
56.520099360477381	-0.34677864532236385	-0.85210202201802465
57.06701178768968	0.30600172910326534	-0.85345009305669672
56.094807834110782	0.85979170210555123	0.36417098236268952
56.126493032479559	0.23444706991600231	-1.4285092775723376
56.087647197533677	-0.56325023449150724	0.42618061523670164
55.537513000235137	0.61510089309441929	-0.53423004429858501
56.482736727209812	0.54555094641878421	0.93431196430127061
56.192954987868625	0.560253848998013	0.43614755016584322
56.894593134760974	-1.1037332982278538	-0.3907434608326143
55.97706914892499	1.1022595485612521	0.4412321853388676
55.546972273183037	1.4250915849106154	-0.70753325038027648
57.009175885432526	-0.50564858049946815	0.31347361944653357
56.860682625937052	-1.2517563443228461	-1.1314914926794943
55.919485169478847	1.183660785087971	-0.11561818752201899
57.269042929328791	-1.1659740504771003	-0.097547004843373877
56.682857518623877	0.48188966189455129	0.70974131098894055
56.097520896735332	0.71550435914150146	0.58660624791432481
55.816339139602391	-1.0595405633903672	0.53439766264191879
56.244478276210579	1.1055335989720771	-0.4863480291421749
56.103804498923267	0.78285800230969094	-0.21687604963824456
55.983820269821663	-1.3095967579089891	0.13434221903256047
55.779561437690695	-1.8540901476308209	-0.141658361921189
57.17615182227641	-0.86601428270428804	0.6483706666230985
55.829250044447178	-0.74182190719136276	0.39902256519831975
56.897483538292825	0.61774464754733238	0.66473875479520295
57.016127537444888	0.79825884642011857	0.58092338338367799
57.09248341112513	-0.46812321325124778	1.1005164726468435
57.248180528504058	-0.73088151822920899	-0.54578750422663835
56.894443341916606	-0.14146008240948227	-0.5825237614865425
57.087442164967371	-1.0668491277903722	0.17182470063193597
56.921402222227513	-0.29746796181146418	-0.85323950539807714
56.064393038288394	0.96263166578214909	0.48740758040482129
56.395660373292856	0.58775296244732134	0.18472929874574379
57.047603177294832	-0.28482710749355317	1.3714886276207499
56.260860174622159	-0.79973000014380302	1.1826017987829567
57.220007159120428	-1.109632370386691	0.63497033886117393
56.013699699632177	-0.047014158783473391	-0.94908810575869706
56.669136853170194	0.94276293874670947	0.2156903273416656
56.078810094703982	0.36489203374383011	1.2152024744615435
56.783996419735161	-0.69898598635310283	0.40885940228832252
56.903908613463223	0.97275251525817219	0.47751946866548467
55.456962925025586	-1.7653515399563742	-0.15448094363241857
56.895392480321711	-0.89437262046893795	0.67574935657704216
57.097847402112002	0.93071591257703767	0.79614235706796943
57.017126469291703	1.2311441549328366	-0.40476299422516598
55.393807943915036	-0.80560820925256371	-0.86647685041817446
56.691575464442671	0.66790979390957195	-0.69486864900924572
56.930534199851863	-0.13415602671486526	-0.84550339771816052
55.590912263034006	0.1404385908598918	-0.31789186819886034
56.584677846417023	-0.22751624708518892	0.071851244464077063
57.284057314597163	1.0298754019063445	-0.11371759550898747
56.554336633409363	0.69480178336214593	-0.39320708911714608
56.436791061931636	-1.1283082276408163	0.07222767367226926
55.876420316863445	-0.27781822380974142	0.47879546682232588
56.281466306698285	0.85204741569535425	-1.1462554381904084
55.948073300215761	0.34840622046540642	-1.0735190991229624
55.632760260305702	-0.26300625825633733	-0.16281073796195059
56.574884963523417	0.50415323317135974	-0.78070733926733549
55.889102158740457	0.44039376525267965	-0.21250873273332657
56.242805830781059	0.53047926578411253	0.83542591810179478
55.28683591679286	1.0435259794225324	-0.73929307241844866
56.904788378151494	-1.0219423514130357	0.54395043704304424
55.847286312261147	1.0301735894426634	-0.29583753527035928
56.898792667583805	-0.76421029275232255	1.1636681020866095
57.083213627789064	0.17652237418401034	1.0079317802572858
57.240794300774482	-1.1550275108800652	0.33929438668743234
57.164066844286253	0.8689198433105535	0.38916926559119175
56.450340359668253	-1.032661391765314	0.33520095762979585
56.50560919096592	-0.75106433658729177	0.20242404550567825
56.833027708796493	0.0018496471742930668	-0.86043597839290487
55.897544512070134	-0.21178485983337939	0.43659720837547533
56.178789728774234	-1.1362745141398694	0.74843358048452624
56.530781719013802	-0.44262183383828368	0.68812458623608475
55.881646311190586	0.82922783472150952	-0.32727146074067542
55.469879599457819	-0.80379460103822586	-0.24658044880236665
56.464742587256126	-0.99981085487709176	-0.38949983598394672
56.763132522433814	1.2814323938796615	-0.79455605236786453
56.14311531202258	-0.53731729146629015	-0.95675125776061265
55.71387118050913	-0.7562533386767899	-0.5731860114847307
57.325609465722884	0.94711148962922909	-0.35014391095017516
56.252911756235491	-0.67167862357750896	-0.43943005329737278
56.263249485344069	-1.1923548218299267	0.027897300791350724
56.906999710282172	-0.054889695697375597	-0.77568908877043707
55.524580381133781	0.77873106889981525	0.72966451421609646
55.827639244042658	-0.11861341418383471	0.7003275680393598
55.433317048502033	-0.66495657588663015	-0.73900544611882957
55.517621973353947	0.617724530667074	0.59622282896512624
56.480762611932676	0.26228331741719102	1.0096740645517384
55.962114037183447	0.83095274547296605	0.84237115855655298
56.045240907630173	0.68888887471393201	0.17070018664206121
56.709057663203204	-0.052495805199490791	-0.76876524705503368
57.426524076848452	0.62852112801311089	0.42091969158813042
55.870126482703995	-0.41802667196232013	0.92585769017133746
55.8217152910373	0.052416931906049874	-0.39304118623869261
56.178372160107465	-0.38356909682476126	0.94552751777540167
57.171472817267038	1.054263944660021	-0.44926242326490856
55.897106797096548	1.6725569826904354	-0.58957591188489467
55.992141718041182	-1.3330497534986216	-0.32344798933829677
56.880314650739287	0.81900986627890127	-0.40103745723519885
56.933328640519157	-1.1409693611895595	-0.45090245877930013
56.135038476863116	0.88812574587769744	-0.15858677862808665
56.588183826823645	-0.35825862002949244	-0.56111940752788358
55.577158097914072	0.51400549333212908	-0.76304675404572808
56.927122012718144	0.38288979682744639	0.81526825593237029
55.681183470646928	-0.19013027511906344	-1.1396992097066105
55.661208435194936	-1.3072794993049341	0.56733978202459878
56.366753100147818	0.032873316311944616	-0.44174749813282171
56.206647576036588	-0.83111619831565153	0.57423904508264323
57.189238330233877	1.1353823784734602	-0.029252068824058362
57.240646671535785	0.26498551743942095	0.8012515931442965
56.206394158056298	-1.177733691189907	0.0007306332023604414
55.599711945658875	-0.46164569384797927	0.83815448548793547
55.833713914069605	-0.31842465038732659	0.88643309603352405
55.513049593426665	-0.66106589212808031	0.1592688315411962
56.089222636042741	0.58407831010403866	0.44856826645654779
56.676741739843614	0.052107076980544786	1.0393768129070404
56.689395162588042	-0.70999117279587454	-0.49193504175491332
55.68400522238997	0.066003647172883345	1.1415687866062409
57.260650234393118	0.44888878245332786	-0.85771285141226028
55.697480572905882	-0.67408604148531071	0.41841115351469327
56.548014129282521	-0.59623413889233168	1.1240718908547891
57.416782489663248	0.94812996701634689	0.32872174299767964
57.10478487788933	0.36054206911680092	-0.87958600836742473
56.317153289841016	0.94536970784777596	0.51033931372409913
56.415334171029848	0.83727927675580505	-0.22254377184492505
55.938102557374421	-0.44472129547250772	-1.2442772350328948
55.806958786462133	-1.1133818228457624	0.14966858799350488
56.069013411669076	-1.1356888581937112	0.44488647832309453
57.280128249066571	-0.68505565705532168	-0.42422520585007722
56.488188712486945	1.1010444077231423	0.33684751928320705
55.637860850109405	0.28339917195714953	-1.1974739245474766
57.206136962978597	-0.74305856830614891	-0.76414812619627481
57.209420629096684	0.31053892012232387	-1.269510665854642
57.082655578539139	-1.229374004207147	0.013800869595169898
56.075824919017911	1.1969116517707576	-0.097430932259137612
55.883455263500565	-1.0239194339343087	0.30353377004368526
56.074760181885708	-0.91268918396869148	-0.28629994421685562
56.064855433565278	-0.3169234980710578	0.81133809610990626
57.366984988538675	-0.12465782381079671	-1.0652379121174633
56.750278697248817	0.076500512701833862	-0.97221674036003503
57.011538677897612	0.46411801560265253	0.85317900103451538
56.832646022533268	-0.22164184166400513	0.8692650393711524
56.324095113402336	0.33139926976138018	0.50032489446927753
56.481255876709362	-1.2108667374000766	-0.25507042782173883
57.416660172304567	-1.009454463280828	-0.11360816531375172
56.651293727225138	-0.59384622761778316	0.88957158509540291
57.018920617924394	-0.6235485484015143	0.707112305491153
55.958080672756772	-0.81613737871450431	0.36626030170899543
56.374659228217951	1.1774503980260109	0.50767750527010247
57.174913717352098	-0.20398936410326945	-0.82375333438735066
56.504731129562714	-0.89511242362526444	-1.0949749123015049
57.267851200119495	0.81930206731615352	0.72497302996992297
55.82246754199452	0.64331956954448277	0.87171206981809657
56.579975486774437	0.71357782143351178	1.2530173914037588
55.859863159533013	0.3823164807871216	0.20577765571858991
55.696811083483794	0.53569253432397168	-1.0723582398283455
55.873748208966553	0.87114410513226181	-0.83043259919842538
57.223388270853135	0.8179529666914459	-0.40932101373625146
56.25674635938946	0.25513189227911143	0.64454105452326249
55.543247999884272	-1.2226495929030519	-1.3401788894231121
56.370684535278727	-0.62743329274574899	-0.96407601272430588
56.102794197324776	-0.7657462320244256	-0.19969888111155545
55.807291308328701	-0.62184284345354968	-0.92390957407180629
57.290327620208615	0.64209023810301735	0.89375388673207212
57.202995858890773	-0.49293495008714339	-0.73240535902493131
55.526308849380484	-0.70581689070172171	-0.436850729186473
57.158265678918681	0.49802775371323482	0.66704880700287583
56.632273647226405	-0.015370697317167371	0.70297916910778568
56.724370911589169	-0.8176863169215427	0.3683734508039726
56.467917402637468	0.83773534449481379	-0.42917801249177728
56.000997964918199	0.71882367241195788	0.44318529757816888
56.181360942008631	0.10380245021615141	-0.91409330836361324
56.891189503418367	-0.95364692840623189	0.54262377346588175
55.746619720929552	-0.090238358340386238	-0.9594026581707813
57.012258791562836	-0.91857622160154928	0.53624548035926201
55.918196215441995	0.023823930287082684	-1.035415671785566
55.532891807774483	1.1284346384974173	-0.21731088695559417
43.541974677585401	6.7913958563050105	6.8007523937646734
55.76526703325495	-0.17148310551366083	1.1868690132027033
56.305515812373187	1.0702586931209432	-0.65490307704137951
56.8508709206994	-0.32361789809861014	-0.72470632587022132
57.197233131013625	0.58320860400536678	-0.32298679845483108
56.042045858393401	-0.94992499223927562	-0.89830990656626519
56.303796288735185	1.1881069268932269	0.49121499041681738
56.408414069587629	-0.82508473630018564	-0.12493843379026616
55.60071726625911	0.73670236122760713	-0.69205321901268901
57.150810243100224	0.77918235713770878	-0.2719974570258703
56.700433316793898	-0.20618812204639669	0.61549469699420434
56.591665246502778	1.2274612786418746	0.43909145670749183
56.980610975397973	-1.314118163679584	0.28054625657704357
55.639277619740142	-0.8881608141515247	0.6424410495190741
56.833703272144625	0.91904499902887615	-0.077606971795239316
55.511123403354659	0.54729304030412551	0.81993999879526958
56.331157871713927	0.29540121131488339	1.0409798111037079
56.623002577120474	-0.37930398671478938	0.63456050880071357
56.249927327495577	0.86657734053315327	0.63375276603240815
56.853183823558766	1.2282905533577488	-0.3787058045216411
55.791963261901863	-0.70239511811977751	-0.66322391770261668
57.431036189905747	-1.1105170403040914	-0.49477372023310512
55.630347538271266	-0.53849169240047912	0.54355241977870783
57.272592829032497	0.72945174458680451	1.2808880555416897
55.843278994188474	-0.66516087591481865	-0.73870376312343866
55.440400624416789	0.55403986350626899	-0.97932414846094862
55.796690758114146	0.14857857488142281	-0.8494702777630293
56.756227671680875	0.67538721494574216	0.10808742701330934
56.12889431065701	0.68863022649324468	-0.58174697978536483
57.137238720775514	0.51121072081619501	1.0884553008944207
56.653476894453064	0.28710953916127968	-0.83228791458339146
55.542404573557597	0.27773283736840881	0.91135732165201888
55.448963870356266	-0.42433687381741564	-0.73981936975111295
57.122387540921657	-0.45360782428827928	0.47379440842785986
56.534241127587499	0.61198802613307002	0.96525059875641006
55.956197243300146	-0.84925026061831044	0.79924622858965555
55.413850772941629	-0.97712786077400271	-0.087318863218202231
56.451756092228479	-1.1491228865806271	1.0719672316770632
56.242716362361264	0.7408338700730851	-1.2574812247952898
57.108734758673464	0.65276733066504267	-0.97462597117088312
55.78669593596792	0.34640512549379759	-0.85913354398294484
55.527547356338864	0.042777602294218606	-0.70395626184178017
56.500138025249662	0.6998046717449955	-0.69554072114225662
56.328128286558282	0.79004514491672795	0.34479497102895174
56.01210884687459	0.23365899996390846	-0.67309324234430634
56.888809352265916	0.86424179704331816	-0.74762097942026084
57.130419715724173	0.85004797331107829	0.53030307050226289
55.644166642668957	-0.59001692255289429	-0.81044862093434344
56.630264125280597	0.58853939582349224	0.48347337470357243
57.049931651873955	0.31877626053212577	-0.86728023260333886
56.434865058703281	-0.34690660510039029	-0.74947201284306286
56.673850805950835	-1.261478208284724	0.21602410705557148
55.668365165914473	0.35433365064511452	-0.87104184673391727
57.143646277346889	-0.92809789119331065	0.6454369859986484
57.232129494647225	-0.49439218306604271	-0.8087106327853848
57.299527095962041	-0.79549522036874598	-0.19663820431289192
56.032747896967564	1.2551734052751482	0.74610738035714008
56.836138450627679	0.54601306771013991	-1.1542925137212072
56.072046816698887	0.22156036793281136	-0.79939077538871517
56.136788783356835	1.147579072164276	-0.34051986145026897
56.86221466882872	0.84194214877443607	-0.51070902340801494
55.395160586493198	0.51319514425217794	-0.073904528813624332
56.049200145451991	0.42081708243924093	-1.1448041637322011
56.8389636531966	0.15631127931044189	0.66940855110782105
55.815128965980222	-0.71790358999955806	0.34862027282802571
55.954462308558867	0.99645109709579749	0.2522274972060522
55.809720557565761	0.069196945351420042	-0.95731568470428785
57.032557942144358	1.0398451076340636	-0.26316877435139974
56.84724255499971	-0.20885147028033574	1.0402985905870201
56.036412727150463	1.1057452619316972	-0.60948173520197246
55.960653221350817	0.63804921711052032	1.0462223785902109
55.410029760390998	-1.0144914298353342	-0.12714999881470343
55.488806363486304	-0.1674423217566475	0.59939981447354396
55.782389453082807	-0.25824868467725987	0.99414874036602008
57.182353145927749	0.12714677043569275	-0.95394109953756878
57.069992430377674	0.070237528850978156	-1.0227333564748926
56.148587618302585	0.77800028712617808	0.18868958646676803
56.469875919775234	0.14003558975931513	0.87951490864129189
56.664697975692469	-0.97559964078514549	0.47968873106518795
57.232130302459367	0.10758891488523635	-0.51992699979257284
55.337676173405782	-0.42497419221672317	1.0153276609426058
55.753050833671082	-0.60936891555372175	0.46089669388695642
56.735909700621207	0.61375699735645495	0.46484094169185924
56.343075659875822	0.4460589751167599	1.1087477706335409
55.558846941481953	0.71868274410786204	0.26078068542843619
57.206673429234492	0.5335051544817262	0.95356341379367593
56.805041727889311	-1.0119903680572147	-0.89553007947984709
57.004399583407952	0.91511099549055563	0.70201700710941384
57.143800600385333	0.22242670429962969	1.0745708378668741
55.853740958722064	-0.25455063892069296	0.71163437734377277
55.349811218994098	3.2909256539584617	1.2835326649938215
55.603424288246757	-0.77751947857709269	-0.17002556007510522
56.836859918370997	0.37813687771751053	1.1051869416053086
57.040288109802169	0.70979537528092729	0.33479766801837507
55.543583396062779	1.0272147198276347	-0.1840122352603055
57.128960112822021	-0.23612629701801835	-0.78795710673684649
56.583809818814444	-0.77146607887541085	-1.1438114638541164
55.528268253937611	-0.18822019987719099	0.91274596975183397
56.666135412808366	-0.069786540544325634	1.3281790986477107
56.63430176763017	-0.027495808645981726	-0.6267939979424354
56.254993378878133	-1.3541315513726933	-0.09752057824938852
56.605590837191926	-1.0033927277497481	-0.41758147123153083
56.060565311486933	0.76901578158627015	0.62863447434471542
55.463027127080927	1.2108675080630351	0.22190770015528924
56.353802423629055	-0.83998351686910699	0.025082957825209411
55.981292711587628	-0.26117625263802441	1.0854190529406444
57.077706707280186	-0.23831074603336594	1.0555275341055415
56.767251811121525	0.28280362080223043	-0.95263638326125255
56.591440889441849	-0.63643680722317375	-0.99989780978123766
55.514125665082226	-0.75773517523695444	0.83690553850610772
57.214811352439185	-0.19388084059268626	-0.81826512797859652
55.757213184136326	1.2745308141931122	0.47952704029160431
55.706580933382618	0.67470154730098664	0.40355101751909128
56.533650303169807	0.74763311603975302	1.226608462642887
57.229768045429893	0.04760498983753398	-1.0674734521716283
56.716468739334601	0.75043534843811976	0.95060623116900911
56.985994503512721	-0.20585374504415432	-0.82583953487566109
55.823868753249258	0.58520091256457274	-0.53902141482376298
55.912671808064296	0.053345981990274696	-1.1589944251494777
55.691172797166509	0.20796880220614003	0.95313295271140974
57.04873760872686	0.78193866524686662	-0.38648811341935646
55.768127454737055	-0.33282573739084498	0.15827010136278113
55.897302825316984	0.75718799211931709	-0.98597325227203114
57.012849378764244	-0.60279431036467157	-0.63826197500925719
56.216615286875133	-1.2892105638988243	0.17321703238978692
56.660095564347429	-1.3058452198967931	0.72838344178289516
57.172494754926767	0.80825656742079377	0.25488886991041743
56.286434071873479	0.54024115873991774	-1.0590835747041514
55.799949832701628	-1.280094640025311	-1.0197810567007037
55.502163748198726	-0.074021988754420662	-1.0196567332948585
56.091807936070374	-0.9096932792154131	0.17392766583050812
55.600807442514892	0.61899788267514233	0.68407554507868418
56.615622630828916	-0.78285096364805262	0.58666151627474039
55.594650046293978	0.19789748970354973	-0.70553723004373703
55.747721588305431	0.16298743603016172	0.83906163130263123
57.04000997752204	1.2498803945575119	-0.45182295889680868
57.106992587081074	-0.24471647132881097	0.93577906735920469
55.900151762868482	-0.20153482763544411	-0.8152016254813601
56.510761034908882	0.87255681185745415	0.48880877899947633
56.240270643277825	0.93913117220458142	0.080542044483394498
55.571884267640677	-0.040491517200680303	0.98239106217899863
57.064005141586534	0.16342905839924149	-0.74377742622063259
56.071521085268913	0.44330664979456136	0.83593229898041266
55.977818329234935	-0.19882260986849137	1.0694415438472769
56.879603991059213	-0.86368526332204543	-0.90652832797813188
55.738254222297627	0.30093401847203799	0.95968361362153232
56.412035004318305	0.67300581607322263	0.93116875277675137
57.023903732778912	0.3907970524219378	-0.77420635237440627
56.238800070881979	-0.32183102949407638	-0.72933094030026169
55.909146386459909	-1.0390394407331278	0.32043843818394196
57.048496859759567	-0.19761727852051852	-0.73880418714833929
55.632094505638335	-0.37621271865319494	1.4084544281110032
56.178420009458613	-0.3625613059616532	-0.9819356268033701
55.699914015732844	0.82108553450506183	0.28008117010364236
57.202312391356223	0.92245615572164108	-0.32651798807786253
57.384607177434795	-1.3792970803624192	0.27126900421578998
56.203007475411027	-1.3390411549427292	-0.31234427319688313
56.30669469605084	0.20549688172300884	-1.0021619671988615
55.927748121828031	-0.76017283637580069	0.86732374877637541
57.051974346461705	0.95055535652888945	-0.40090163579634969
55.875074258116619	1.1402951599701867	0.48715410884898952
56.245044038102272	-0.54098249772210039	0.53609977130170816
55.990885581202924	0.52275125897115415	-1.3702330355893004
56.317839848262885	-0.72340455974666518	0.75610064168061331
56.639646929132638	0.33879761190210345	0.77999187125391301
57.109488632711987	0.78641782099552027	0.63832866244498487
55.568402425480521	0.73393542839297476	0.40566722976516029
55.611101470586078	-0.6568516710051473	0.76640676586339984
56.872777954968946	-0.026708401885239184	0.88283047481447563
56.547335304307886	0.80446889511766162	0.24933357250060084
57.152812922889261	-1.0310256786600833	-0.69833913935934866
57.025707199132107	-0.22193456853206342	-1.022938956447649
56.911738579864078	0.37917702767031475	-0.90168349005945692
56.645137961520952	0.08641495188287493	-0.95127094008861668
56.996959515424301	1.1808096983799694	0.43980729311405203
57.125175136159207	0.90665828071019361	0.82590435777088389
56.149929324229198	0.61344394428241833	0.095796316728093966
56.720769077715715	1.3169526622512768	-0.44147154234620323
56.096177090959642	-0.43769255116558647	1.0072244966430466
57.007724459734831	0.85097545063099733	-0.5937876800230425
57.255376860750559	-0.039499458971867539	0.72534021001260829
56.28721712942901	0.55553988397758614	-0.36940008915268757
55.863946869998834	-0.58770815167526813	-0.9999726970469256
56.395171645596591	-0.7874807849389418	1.2851539436222037
55.618138255312907	0.48419500551713707	0.57345813651020605
55.510333376114239	-1.0458415709939597	-0.47677425026328318
55.98507435477044	-0.37763086623951964	1.2025939258101497
56.15160823865093	-0.80558330880693629	-0.97977864849110174
57.303037981511224	0.6577796795398676	0.11047839433020461
56.984465095741136	0.89844312253254643	0.32826648160136973
56.048578517138132	0.44844956941732944	-1.1117249111787504
57.032186386408661	-1.2911983688285236	-0.41485928820307055
57.117109606495411	0.90492592880695977	-0.30238811381762598
56.470806413647786	0.13610703703064131	-1.0604972947811331
55.512919582627845	0.21478395172819209	0.86735849602160786
56.224748668077574	-0.91714844883400382	-0.066685846208916294
56.007324047657292	0.33165420625900466	0.93237948515756397
57.40349135045566	1.0317723830168384	0.25330959261514352
56.373268363774351	-0.83699225244799913	0.96952510416700821
57.004729586858019	0.95472408056651736	0.7241199121187043
56.452208793687795	-0.72500478652781475	0.36009812487381826
55.563779616728894	-0.15604746834106628	0.77353474284988499
55.573381863390011	-0.79816362764295967	-0.64605328227723324
55.530041051920108	1.029071907104856	-0.44674608847752562
55.883163539398772	-0.16044418115483247	0.8314716464459706
56.724003100330734	-0.29000466368019889	-0.71964191662483801
56.535470567425577	0.95261697252890065	0.26087380267591126
57.139321504264906	1.1004814707767925	-0.14205273443823083
55.499398231241564	0.7075678507987595	0.43883364773912975
55.885386872850511	-0.79404638553234475	0.90580646366040563
55.750086727561794	-0.42987690061134298	-0.80062965707588774
55.6631532515609	0.55887102835337099	-0.51344825062209043
55.628967389161403	-0.94041042794520135	-0.68283587321530725
56.52256132283614	0.423442355521853	1.1221139285756254
55.753594861729816	-0.85512382075764126	0.82125064848640172
56.995304152875732	0.74578047482430854	-1.3158046322652832
56.174403801397467	-0.65010892837614187	0.85472356017214579
56.651658339473165	0.12195440445820847	-0.70486221585613473
55.698433569573709	0.061666886102551124	1.1787122041536904
56.835791557939757	0.19511433521123914	1.4022462764862782
56.39264584268863	0.89235523749430035	-0.62591927384505852
55.755182174714669	-0.1073894339148683	0.67524033840985087
56.580094663185633	-0.34472126378482848	0.93862221037787685
56.064014172249266	-0.15007331456497103	1.0191020490691802
56.918396694518272	-0.67550661037252213	0.45433711715862318
56.437875485492789	0.47547078814706606	-0.58472648078667844
57.092518336831183	-0.47532864809789555	0.59966669888199353
56.886447015768191	-0.80441788578401829	1.140410083446469
57.033642821560036	0.076703972561917078	-0.95770681229142163
56.6470974112571	-0.51665646599327986	0.804119315973853
56.38791402141841	-1.3635029976010853	0.35896354906087719
57.199994868671304	0.69852057180731297	0.72044070388648218
56.421469053115047	-0.31191983340913476	-1.1554369230424655
56.693519277491347	0.48046250786785238	-1.0892726174292062
56.290924311775235	-0.89139256147128987	0.32248977631751546
55.955401388700039	0.27340436869299722	-0.77782660377237345
56.34696396526185	0.069471370651163974	-0.8338724267635087
55.914610088346798	0.52668542942510543	0.41773465102485308
56.066041163490411	1.0232427626229306	-0.40314465020224105
56.515800687601796	0.81447177991917674	0.3452694463234513
56.754465872514466	1.6527673312454205	0.3400572902446255
56.881945420257026	-1.000386338638652	-0.12875702065955311
56.268374434363366	-1.3969950289331508	0.077456890680764778
56.934527092861124	-0.97233244480143	-0.62663900210198542
57.105972572218754	0.73074875181223353	0.19513354135219299
56.206444516592803	-0.48827137937513909	-0.27886357640367493
56.211365299163994	0.98620750023845594	-0.55163191599758843
56.635869081162355	-0.015317216572327945	-0.39444392496082253
57.263765177872614	0.46710128005962204	-0.72271952954345742
55.364849051713001	0.81693508610794374	0.55943308344966713
55.453309528686788	0.42913411776594851	-1.3517133828792727
56.457848431660715	0.69329700271756212	-0.52601360327387681
55.699641504252227	0.41267140959102339	0.3864093241271303
55.798529555585411	-0.18754219997151816	-0.90445340925396955
55.571094477715405	-0.49364520160880571	-0.68456807481711146
56.023313539110916	-1.0286959783625589	0.93325583737647044
55.479704506068032	0.23446899398001411	0.34183288628802516
56.418239736007372	0.6727699436307073	-0.21148219476282223
56.548363645092287	0.26053209699674651	1.1782403976264852
56.9804077186187	0.4313448539301864	-0.94171718667047599
56.322820099309105	-0.21661865350457496	-0.91592179355856074
57.228730510118929	-0.29608874030390209	-1.0997485628485737
55.911060974140142	-0.96605524068084714	0.46883935589209458
56.119188252132354	-0.92274627529467013	-0.4508941063640059
55.704990087868872	0.92502717003352786	0.93317941156592743
56.64325996345778	0.025173642792503774	1.1250648430624324
55.737934227574613	0.93565511435484316	0.024623911695518887
55.515563213006061	0.11027076377619222	0.82203490179850558
55.581505620769768	-1.131036254447269	-0.98363896710616683
56.127415304714141	-0.59352751414717642	-0.57142640787220123
57.098147650519863	0.86555818074050417	1.2769977200595271
56.656208147854692	0.4837902899882261	-0.71935255194558345
55.53495053353469	-0.74232076155088811	0.63585746156387135
56.41478307030139	-0.19711132679175614	-1.220481629551972
56.459055001485901	-0.021604580626289883	1.1075824885082137
56.446856025814853	-0.78330848552887911	0.24827629279023489
57.349895924600432	-1.1486784190829895	-0.096498084572488874
56.988702543156144	0.83286947913453802	-0.47619628682569165
56.085603021912021	-1.0594648641250466	0.17771804793706114
56.170606613360057	-1.3428131227555704	-0.10124191040745582
57.340191157518156	-0.88791459019338159	-0.49356038541924468
56.063952312850965	-1.0502035778288987	0.2297097813616259
56.375284132509336	0.95681667446532037	0.6028905113040548
56.903924626318997	-0.41483345092493518	0.79196751622457062
56.591989102188734	0.19136050785831796	-0.93499430657137261
56.632979250337087	0.55817175026926247	0.84607750403651893
55.809685276458389	-0.12479390744220378	0.93046385994975478
55.626760592590145	0.91839299659232099	0.96209600415710261
57.075768210467075	0.4631126594195108	-0.7247562143562607
56.552245175324771	1.7593738244733566	-0.85246863001823125
55.828795043400774	-0.42692542376068582	-0.64065083197664774
56.901377488243938	-0.72123523556033786	-0.36245955408297609
55.752068207229463	0.46658807737194102	0.079824768405188137
56.905973622817044	0.56295017884372245	-0.42904024563997334
55.925114984348504	-0.14903551744128882	-0.96715501282684546
56.258634541120635	1.109695442461007	0.9636159994128124
55.908286887615603	0.012530766751298755	1.1985638738448705
56.854449106884317	0.020668050277973027	-0.68424198450723672
56.417893594507156	0.75259542912918398	-0.48455576104380538
56.805923632387263	0.83816890584658432	0.94394000899557784
55.71400858317687	0.66997786250929625	0.67950252275350331
55.96470985274415	-0.22999007858073167	1.5688980571632714
55.594507054407437	1.0134370530100318	0.52758304260216549
55.944780499073616	-0.11717845491230316	-0.010097141562972924
57.234375623255971	0.87431579234305556	0.4529917429705016
57.080955331594978	-0.98580541595635118	-0.12918692800902709
56.605017983335991	1.2073282643184553	-0.35490882100543947
56.512177905888485	0.35003261178336392	-0.49612422281741009
56.675708133146806	0.55614129536424073	0.42341912252613423
56.680010122718379	-0.11542910781190602	0.62950770118619059
56.596699070047073	0.80869508546226176	-0.24145054117450876
57.213735483502269	1.3542852043599594	-0.73093110675891881
56.562223408095683	-1.2643616490644753	0.12155479396650622
56.925332645490272	-1.0340866913547289	-0.45740055968455934
55.72015216740656	-0.65501150748486292	1.0084651740647999
57.46728868813711	-0.5465052577423497	1.1448429600751857
55.365471884532489	0.45926379125337474	-0.6991334966988082
56.459253844084934	0.035102294247688709	0.62942776541219947
56.862749243219419	-0.38135814260639672	-0.71244921927424221
55.644500337556877	-0.68749560885237637	0.38728576731818276
55.530143591604158	0.7967720987640885	-0.59295846716890699
56.032680870995222	-0.82770113786750232	-0.12078290434719331
57.253338749255391	-0.89379329583209199	-0.062134645407145736
56.007011736826215	0.33766712468809346	-0.48753822070310859
56.034184286199213	-1.0113985332897359	0.30070232414910486
56.591440781325659	0.8030253922243088	-0.4619968335247821
55.974312707111828	0.26445524332395109	-1.0318023742305944
55.790802102015142	-0.60579082470026502	0.59832030994746888
57.244433645099491	-0.32640719407967211	0.94558065600560437
57.267794859613815	1.0926435608570384	0.61822622722982723
56.605658634220504	0.53194767880051042	0.30292265023130588
57.205187882391378	-1.1058554501929174	-0.5895123673653776
56.821140435081112	0.49673451973879007	-0.76639081254550734
55.882749623574348	-0.5850579107153735	0.38450681832546035
56.42513044669991	0.6873652430837176	-1.0964492211462944
56.502377880744092	0.87900081465226387	0.94692888815173715
56.565639479511084	-0.57598403243370755	-0.20153193869619626
57.313283971751773	0.87623275488692987	0.23948538922634979
55.887266555581405	-0.56202207416014238	0.99205318686187016
55.84367896908239	-0.52691748864250754	0.56763463511162449
56.410270382196046	-0.87099324154834035	-0.94957169145386644
57.324097376466661	-0.73190953848567042	-1.2574244498879368
57.355622177302777	0.43041669192937415	0.45525219773699699
55.535990874403531	1.4712190774254907	-0.054090167133117227
57.105671383506383	-0.7361771353175649	0.78295272474254585
55.776279449873527	0.74509401833650912	0.15393634908914272
56.55015054821483	-0.91530594413312494	0.24788258859059528
55.951600762578309	0.20343150353630415	-1.1263409144725769
55.651966799600594	-0.79523840052193373	-0.51598531506430612
56.842911957290653	-1.0057439082574575	0.42810563347086072
55.729969411382854	0.27458553461488916	-0.88459857844188994
56.536181698631701	-1.0834101391145927	-0.053790129471792437
56.434966336699972	0.40199318546421142	-0.81199177928378996
56.043400532391438	-0.87033504853803745	0.24242207250906939
55.913825109136859	-0.039929994198989696	-1.2135482204711816
56.162389747127506	-1.1757373818538868	0.395618848248596
56.58841846271136	0.012939905297603265	0.53633619138929423
57.293521816072193	0.049231291164481758	-0.98302713018398102
56.589938797154559	0.43686233559018633	-0.53353550559451979
56.355567468137934	0.0086186692591511092	1.1207200281582466
56.174209262162478	0.82607132797125382	0.61460966490028135
56.882323010713648	0.92306728344943367	0.75812462638157596
55.819119936575618	-0.49972747991715583	-0.51493674791424859
56.823334594686543	-0.89257771339387659	-0.17808742341974423
56.475230514134118	0.69383602180102499	-0.53883705707695362
56.863348087416426	-0.48674713773813294	-0.67357864992274263
56.094362438638214	0.42502719188519689	1.0036522258942489
55.720251593763777	0.91147703000614466	-0.24687581300986899
56.805459174314869	-0.46220301324316349	0.76591197782402909
57.138744387863838	-0.94189537714226235	-0.45610825891994394
55.472474592753954	0.51470689711168027	1.0194737850819864
45.21138437832888	8.3195554653430079	0.084195029861626428
56.470774550003718	-0.20355435201653913	-1.386803046938262
56.37313768761755	-1.8037203858105193	0.18095058073745054
57.172581704323918	2.0434821820949773	-1.2940664778659119
56.275393782829276	-0.67470462004684739	0.27263259527585992
55.759260451536683	1.1122584828603277	0.6899467809686014
56.382015861660108	-0.014626033100441319	-0.69015727291510764
56.692752326057963	0.28674581571125574	0.86680423807371376
55.78382726259639	-0.56567720978525138	-0.50369762365172777
56.631215473827687	1.1176484999108403	0.49215949523590258
57.143680028103887	1.184713015071575	0.12240370786630778
56.213493104144639	-0.98228644550671251	0.82781558555538481
56.080865137140933	-0.57180826549489217	-0.13506524473694864
56.814872555036338	0.66479771944358257	0.81251693157117622
56.338340698388592	-0.6905931221986219	0.23481189495116062
55.723184692141857	-0.67407909837259627	0.61562772457534332
57.098989644977664	-0.93639992251328907	0.70069284810283983
56.262193933863564	1.315761996195465	-0.50990743982951126
56.972838198682282	0.54644837415207015	-0.32527849722194452
56.243517507038312	-0.84181462149770592	1.0291744892371077
57.041272262423938	0.40139529670864832	1.2148758633776535
56.248667902270867	0.88663688292783227	-0.92692258723711685
56.237422004785877	-0.93681413174977068	0.21735167008956049
56.431801657120211	1.027834816059398	0.36919902525271486
55.721933645079474	0.8949739888409215	-0.51445605250528337
56.764509502155661	-0.57654668413148724	0.53055139814818286
56.793833653546763	0.96202765408210977	-0.20842742538084458
55.703945165452296	-0.11225760849944524	-0.97795226389248313
55.638139094644757	-0.66513050592987544	-0.015184695479245464
57.248209266363091	-0.8338252108937535	-0.60789503510454324
55.812105126227387	1.1635271517051469	-0.11377625562476407
56.656514239687986	0.77168340616107334	-0.1784161740917076
55.520080441741683	-0.75097990788049174	-0.82263581920619144
55.41052397643513	0.4466930746240752	-1.0025111746729387
57.059430108906099	-0.51280690924693173	-0.88049788735512957
57.295491296240719	0.77666890919711717	-1.0122009807102077
55.825909871835435	-1.5457643345268033	-0.89195043768873628
57.288093005024962	-0.8028509057517782	0.41281390493310405
55.404913996294283	0.97376910385175597	0.74769863609501497
56.674645942088546	0.96474506779973124	0.32270595203267322
57.120896770497254	0.13234846703178543	-0.78902248019697574
56.906761210408106	0.39844569018048381	-0.57374456397207452
57.164660175218351	-0.2983676752634048	0.69779603181971261
56.253267725507641	0.86217230683475743	0.11753577189399352
56.481937733887712	0.33135471077216111	-0.48389061829015478
56.322516185948679	0.24361863542920947	-1.0245748590617287
55.930988797675795	1.1591946764018988	0.67122887240055074
56.964317200025846	1.2844790739430456	-0.55820042845938833
56.371894159510923	-0.70841779486610479	0.56627778186940914
55.641212754247569	0.22928633009628993	-0.54485518045329051
56.322654377721079	0.7060794441107161	-1.0741974416806148
56.597969180532772	-1.1965678002555744	-0.1963120458685281
56.431874710062729	0.67638188009995204	0.30538935992488209
57.278079131237689	1.3473200392588487	-0.16867035984001619
56.242313480496172	-0.40691148695264096	0.78537826999514704
57.124659718900013	-1.0997335172353839	-0.29051984519350349
55.685354723355765	-0.91275948608068991	-0.18282970497837639
57.025817419896896	-0.63783169716663191	0.82439420775920425
56.944768688978307	0.97904885268529884	-0.52064456859853936
55.471388481848543	0.81354708768036266	-0.054878193089094772
56.219484285632305	-0.044229683332184348	0.70719302169788301
55.856981198129134	-0.49106765660295953	-0.37798962656094348
55.836291884219705	-0.64226858121528951	0.18523829830150268
57.240620526413565	-0.72055973350787594	-1.0944769490350561
56.140602872479512	-1.073555692736613	-0.11731400444342271
56.306199512815631	0.18845796064787748	-0.74376274450408442
55.884115486797327	-1.1785601391255871	0.52018111253524035
57.241383516308076	-0.85531655664562667	-1.0314665932045675
56.120775640719657	-1.2132389773957069	0.087789178678233853
57.199878183753292	0.85500884926760634	-0.37473780352981789
56.017953079669631	-0.42684221225434893	-0.86363506190275519
56.165605248375314	-0.85650907758776018	-0.22843068045615267
57.217791150584659	0.29435942099418322	0.88617680624343986
55.66191799439116	0.89590830813975375	-0.54722125548400802
56.019689232406463	-0.46865429467008773	-0.8383008752236365
57.309856475023409	-0.078137216027755682	-1.0586781660567104
56.521187570276503	1.2250688629382269	0.89218091976758063
56.680438548447334	0.41188398601048321	0.60220478669061484
57.159318992597129	-0.29517097986348501	-0.88822147533414031
56.348793699024093	-0.20560603867250291	-1.125301681109236
55.990263346343106	-0.42075753287753098	0.34022003200275736
56.10161013455135	0.51881938978597997	0.40141287041825197
56.808364536757118	-0.86933163195259811	-0.22778669116207137
57.218652720643682	-0.086963271030955275	-0.71256662599705489
55.615893079161999	0.57357885000680997	0.59980329952105194
56.734165461502116	0.3164980090416955	-1.0378766502077865
56.28832026707488	0.13355697620899273	1.276866791642749
56.649676465103063	-1.1274738031761866	-0.47585019574593096
56.524443403281673	0.77836138263583909	-0.42133714150509721
56.146166405203601	0.024250139298035097	1.1212065834244933
56.55232405535579	-0.98965855615382348	0.38188247744754522
57.14671124344418	1.1377302382154979	0.27531092127892365
57.30623702799371	-0.8823773810748885	-0.1279880518265214
56.767493870342278	-0.10648497653960388	-0.81546470018495032
55.60945690980293	-0.3618735961914803	1.3936903782615861
57.318721156375894	1.0114565547983969	-0.27990276630758404
55.786058768984589	-0.70136743082845654	0.67719300643845159
56.605681373203829	2.4951996815919233	0.67154669511197851
56.5251628359458	0.48984128127134252	1.0964146974650493
56.156780489338637	-0.22990369802890032	0.94789917906508736
56.226806444692855	-1.064747200458191	0.56280775034647179
57.457444914092463	-0.99126550995613227	0.558434521778576
57.311345319398725	-1.0441830171022977	0.48453638344209676
55.96304590467377	2.1132711921032605	-0.024083931142028312
56.403612978628516	-0.98944555972484161	-0.085598346909818573
56.897668471137287	-0.47063848658845442	1.0848786787968747
56.290386571864708	-0.78593059298388768	0.37645269960832745
55.985561885053627	1.4300715089397207	0.10853390997238527
56.863619509075363	0.28959698304805237	0.97656764901008075
55.748068569630938	1.0016401776592179	-0.35804022250275941
57.162650724819706	1.1574978143729042	0.045222611513606466
56.272305059251799	-0.22171165655128652	1.2979200725170272
57.336784333229375	0.77559090592338531	0.75841291829539115
55.903762748274126	-0.84362770764228123	0.05607578246713333
56.974522128344582	0.2558070846822596	1.1151565697907058
56.649649366530696	0.17972714209112373	-1.1615665826582073
55.851675639847748	-0.69528012397587646	-0.71084415302133375
55.742110929695521	-0.56215475283558047	0.81176918430569167
57.322146410092827	0.45641182303905892	-0.78989161390832607
57.059933791029714	0.68645094237283022	0.54220120535327265
56.782691670526233	0.71254295927273048	0.22352225093066039
56.647585649627523	-0.77520400680508661	-0.44622018540478908
56.559717091945693	-1.0773080642843034	0.0055248754880994795
56.843400710921323	-0.52604770399767753	-1.0048702578260424
57.182765358104852	0.85735812525654964	0.50972192472076139
56.9774102307018	1.074576631115794	0.54234265470067167
55.382170052305149	-0.34615459848182661	-0.47722201995323499
57.064610180662605	-0.094103083929378065	1.0028619751862964
56.689415491576035	0.88989708443499738	-0.77224211250227048
56.58079027741848	0.8190730424568109	0.81836440710874847
56.311880453956697	0.61010425415079161	-0.83087756480022235
56.171880850520097	-0.58410222259622668	-1.0949372803297073
56.616839528222208	1.0734626403002616	-0.13470860543383709
55.802204182010811	0.009786519265017354	-1.2246561144310431
55.376602788873861	-0.58128449719194841	1.0596189442211117
57.156047580843705	0.77943284537521162	0.8501518412486988
56.80285306137467	-1.7037190535358402	-0.066957921699492232
57.341341398653249	-0.21686979155291328	-1.4107442425523686
57.235231338274339	0.72868248921632506	-0.090773762193734717
56.18457557237322	-1.2202781024915306	0.93791068423153712
55.968184342871048	0.4103867151432764	1.0654269311417559
55.84045160433103	-1.0438436521866914	-0.013075276048307913
55.815806697583895	0.053862986960049979	0.99819238004950328
56.927083606744532	0.39397171929008351	-0.48186792007259338
55.646669835448499	0.51801569963437788	-1.5838430944586548
55.458182592413237	0.38915610696831249	-0.43861882529411872
55.472770140280488	1.3248922650818371	-0.60722738498558781
56.427729292043253	0.087563963288891364	0.93014780929984797
56.9879708142524	0.3572206261066862	1.3218999444966961
55.966746796023273	-1.1602815991650681	-0.011381524826204737
55.548964398042301	0.61483311192222467	0.94833415868658189
55.442665071434497	0.049223361303054762	-0.84444960647644352
56.684047188696958	-0.10539185902176783	-0.65426239190054447
56.447907546194692	-0.41303734784001433	0.47781082493712856
57.353699256549426	0.79362390399269278	0.65502229419769487
56.61345221278394	-0.37690942081458412	-1.0500401558793213
56.529439595296118	0.68098792079359971	-0.90448804225295398
55.90703420650074	-0.93257586592420638	0.201198778956165
56.892409098079305	0.029093182100806289	0.81441902291943735
57.32476439909081	-0.89853941202606991	-0.48175437562956236
57.038344860459084	0.38237866964047612	-0.80644999996595024
56.157620382933224	0.26172215839506319	-0.6482579695917805
56.014110304318081	0.39975497263721232	-0.50633981520360583
56.077744166675139	0.86081285132510199	0.80171347666178616
55.557006670352969	-0.9708687766339984	-0.64696804139359665
56.789852687658112	0.76564649977221022	0.55742057757059926
55.616750097743129	-1.0364480034329946	0.70023578568155986
56.737278967817645	0.35724303204232871	0.70376912010936765
56.519271801677533	0.66494702564846242	-0.89256988095153289
55.986861061209183	0.65944090423955004	0.3590754124120169
57.233529922541287	0.79175015601748067	-0.54944787661097028
55.993495010862837	-0.58824596637600135	-0.17917642758909191
56.36090084260794	0.37075837532113132	1.1780915736265065
55.532010539347539	1.0886721828392163	0.37276849836747189
55.779334633347894	0.33965115871557877	-1.0006859465538245
55.405801147626256	0.25997421258760328	-1.0553175851032388
56.380054897621662	0.67841824961007313	-0.5727619296497849
55.845591352511093	0.94294312127954361	0.32495448306115493
56.880655488700945	0.419032902477466	1.2297782343693253
57.110611977851683	0.7819347896961466	-0.51459407680686287
56.713810437291578	0.018098299371322821	1.8100234691971606
57.002091765694274	-0.31715126489179341	0.80476026603612105
55.60972854882484	0.096607107642948123	-1.0255636160335742
56.41301810984713	-0.85907786347038972	-0.090203253399547448
56.344448141347343	0.4218746033641223	-0.026998492732593634
56.817546759077324	0.4947465076610067	-0.072244936115040861
56.79025089317161	0.77179790995474618	0.62664734552428858
56.921127883244573	-0.79637886836833849	-0.057440896995100396
55.591772747163233	0.57342428353431307	-1.0844461428343084
55.734363448680121	0.7079461783658626	-0.303371995400394
56.224580314137974	-0.84502714530570056	-0.75752161068050405
55.941888241031243	0.55564273966805466	-1.1790995651246925
55.572864624889995	1.5974475219740545	0.013990450061055254
56.673816856584331	1.5362914525176057	-0.25488565337868901
56.280826724807518	-0.73578090383823547	-0.27076151874339954
56.867061074226669	0.1633969302519877	0.95146170477469239
55.780572536959525	-0.43437376339829692	0.18200647790310959
57.474898087497927	-0.83216485396875028	-0.78814291877070797
55.67703696960303	-0.5163008386115	0.89794209047029483
56.626087989787415	-0.46696091902378312	0.80934087347442629
56.755655137207839	0.094397006675942738	-0.66158462041738375
55.510959126590336	-0.68785224693739622	-0.81439158838365056
56.966293937753285	-0.63463276691072157	-0.94097128743476066
57.229803227281025	-0.66640403750746835	0.12604302299151146
56.395152811146588	0.16883367708166269	0.63222108215641848
56.030086501655276	1.0375178203748403	0.36017340551912352
57.071754375654827	0.96878052044556906	-0.043977613572073762
57.193745227959631	0.16906075004024126	0.78314733029265471
55.816217708134033	0.10923868651021176	-1.0962168891974373
56.511676752158415	-0.37762094457806428	-1.0275624408625137
55.560296786643946	-0.68839226860041391	0.58499191530953187
55.570021509802196	0.78084339706837613	-0.48669617519645425
57.316629853992204	0.4314282790481464	-0.74054133289100466
56.120865472399466	0.99898068124440098	-0.2584042486063502
57.05088812327859	0.42464542769115082	0.30025924342152222
56.344132191249805	-0.33400074796746926	1.0051055733049539
57.213542199405218	0.719877429543619	-0.22136347597558775
56.809946490745631	0.48562762859153308	0.83536816878637998
55.971745618712717	-0.71016770053536427	1.0550687655924911
56.314332864722012	-0.65570998347065534	-0.36217717367555397
56.688497502007245	0.96979555988033395	0.23891016898631409
56.89943583812596	-1.0465516993533861	-0.25090566647472257
57.385402882212269	0.065317563029260187	0.93035376248399182
56.799239868861847	0.5904038054898294	-0.47566105947821868
56.620891474759979	-1.1327097162809143	0.13384954543469463
57.207475959816982	1.0016213643215233	-0.47920954361359791
57.359902709047901	0.22865202980099772	-1.1121010647794007
56.908586838122929	0.21870603846040657	1.1124790217627103
55.977083426332442	0.85719988767097166	-0.19841234840407376
56.081448597025478	-1.5009483898055707	2.0828940894902712
57.325452451532421	0.79515449790829229	-0.32164025371284022
56.012472138371955	0.2188296301758802	1.1952840492011161
57.298087081180618	0.92700255750218696	0.74315981090585936
55.981288110863836	0.24519173153380674	1.2262961755064601
56.203765595435556	-0.40141359390147552	-0.9711198163434549
55.932570698846455	0.72012140448179773	-1.3867497581760126
55.677965179466838	-0.76917028951867816	0.35218389747380446
56.995735729376761	-0.98690089625549759	0.018995848056428313
55.710870403063723	-1.1906258256465605	-0.43423810836911186
56.508895971019662	-0.44591242784795426	0.90628479470797285
55.706478760789118	-1.0561393913826538	-0.12257827571147183
56.418639286710807	-0.21548767667937155	0.62789667654116543
56.347994331111828	0.27710715340806047	1.108506104072547
55.618468693278984	0.76959295580019549	-0.19980094029475795
56.538929879305236	-0.95788729892008317	0.073269450596429767
56.92066929443012	1.2740804283252825	0.14295212326003634
55.588983062663942	-0.21893289065810603	0.731727612623852
56.944711733925267	0.91761831615795397	-0.6335947686443465
55.892371293816069	0.75218212271094331	-0.15708565075592493
55.465467922159682	0.15905387241207369	1.0707485946869095
57.21526755980166	-0.37006318379247927	-0.74542302350472711
56.556796690681345	-0.94612580988191797	0.35264196528940983
56.88821880337693	0.72257997325866707	0.611622782157342
57.266690600510145	-0.55920400329296394	-0.47487877604055184
56.106846609594868	0.63962578324329267	-0.72462148843882679
55.324734994210793	0.007123179065141017	-0.78234480228089609
56.792883715497162	0.84279288303254507	-0.63218685110249062
56.442746920218923	-0.22411744590918659	1.0135333526891221
56.507768474161225	-0.070784117213002179	0.77637781317296561
55.698198382632896	1.0364647784614307	0.39462087164958798
56.205005612126619	-1.0918039471221641	-0.1790029730922163
56.624869695710295	0.82537118006059818	-0.33528505351407667
56.365807952806918	-0.633935945220377	-0.77912261033393171
56.314286188221587	1.0709300301159599	0.031354358336909194
57.10841726655454	0.61229142297174377	0.30863507067769341
56.579683488310046	0.74598779555940076	1.0776306219892071
57.00610916012517	-0.12124403482206612	0.90836034093318863
56.5147870697607	-0.22061210649937515	-1.2779211743755137
56.347555754177336	-0.71607446135832198	-0.25771405748141946
55.809107052082787	1.0100461192383743	-0.77699649748811894
55.347499159786388	-0.32784141437027947	1.3351094912603652
57.272790574419652	0.44822668684535238	1.135227304684935
56.358680525357961	-0.91311202442930017	-0.59769967064747953
55.885639072540791	0.23897288697541216	-0.7688942807671757
56.49640325201738	0.69395646811556266	0.59453955701416239
56.77558674329881	-0.72669799932626122	-0.49664037360645885
56.44104151137212	-0.70396041426602307	-0.72864551095881125
56.965988257123158	-0.29993239386742032	0.95096802567067129
57.042632181567214	-0.78145531512001731	0.36674871718033647
56.417377001512342	-1.2066264306672525	-0.062031681275729389
55.41658234112785	1.343841290502392	-0.8373567967052683
56.123138882395246	-1.0348975532706386	0.1146861014114417
57.243905948541745	0.84343743493200585	0.44956230551966958
57.300287177905957	-1.0503575625047727	0.88972288508394537
55.403718262140998	-0.26176088001994791	-0.66353462567957111
56.204446864708061	-1.0503341983953762	0.024644824757720788
56.077992878775184	-1.19350848824228	-0.38242141449948425
56.224609976314149	-0.056511003763726309	-0.75217438678050508
55.590572439485854	1.1763382012251071	-0.65804058143774624
57.318341744190064	-0.49790775894095601	0.6736379476179043
56.497709209413117	-0.9824269950355965	0.066430380241980558
56.32327895553329	-0.86261066832695044	-0.55298738434111017
37.033633027502198	6.1351716654571309	-7.9619112680825106
56.020294192292049	0.75382937312691811	-0.33735495680322036
56.412121711395201	0.85464093883098102	0.17397848862776125
56.647392052981289	-1.0060714307325918	-0.80673256297481655
55.828177560555353	-0.67583459916866873	-1.115690265367838
55.489503735420371	-0.48595870454174112	-0.60296013339829424
55.988425144293693	0.36732930719672863	-0.56060279133255175
56.955020446839733	-0.031994637548384233	0.89442160791953884
56.135464987331396	-1.143343521653291	-0.14288796094700384
56.854069710607334	-0.78471286437182364	0.66210107454954026
55.418447382433875	0.49938722011991632	0.69019099585283661
56.127353488820603	0.87360690653707673	0.64565996120752167
55.643707346881051	-0.74892508961587734	1.1497549393759958
56.385197050019002	1.1203440439719186	-0.16657193758386996
56.58821192062441	0.61399871534604222	-0.64910889004333538
55.53314516590418	-0.28865509049584964	0.83908882603779134
56.804214346560663	0.48117065891923511	0.2017702564702939
56.802922751444676	0.59716687886147346	1.0544511281465736
56.335846207253383	-0.088253608650132084	1.0924417874411918
55.368836065095088	1.2767373158107347	-0.40053661683357278
56.941776997540565	-0.29885171296889113	0.72685649127747698
57.284764282583026	0.22210794640352127	-0.82578876464007123
56.459041267545494	0.84391118422432354	0.95165007647731681
55.970534739073599	1.1014635313517251	0.22164821900440071
56.142045744376027	-0.86517435159018785	0.61277965079073049
55.856859479838626	-0.78239456039628896	-0.41009921868241533
55.457230652161634	-0.80374654810187218	-0.20293306064391103
57.141274425096718	0.34412636069010649	-0.96409540685490969
56.388875602901209	0.10788027446806675	0.75037124278173872
56.793511246425417	-0.0057819798801767592	-0.52839013655048628
55.890442705551131	1.0769686833926666	-0.070572739726421987
55.567522679909281	1.0741728464184979	0.93368227466846021
56.283097006228964	1.1511892348891932	-0.7198959747863104
55.543363103608016	0.90922685387689817	-0.41393611010743758
56.97261029169097	-0.71822003937020007	0.72120528733109768
55.78091183618308	0.50032959072876382	0.51601242691819826
55.64732023449141	0.65456979261012094	0.50273480713120722
57.299701607495713	1.1192832592105859	0.49579885823927355
55.913612775698589	1.0049743839822938	0.77195564030388708
56.770482620661696	-0.46460107621937408	-0.80422014951918008
56.489969660894317	-0.47096929629742579	0.56178801743842977
57.207724821292302	-0.037343135341901229	-0.80669251574723677
55.432689066075426	-0.86025368485423992	-0.95149607000293157
56.599793775622551	0.28120197278715248	-0.57039632695659082
56.712136398481121	0.0049219006116921534	1.1442301249289937
55.483640974084999	-0.32838920705072244	-0.93979537239692768
55.927799909496393	-1.2277753784835448	-0.17769776113274349
57.452874562850134	-0.97812768681552675	-0.13361227259722344
56.54433778668934	-0.46537570361269415	-2.3292570810265416
55.577566224454031	-1.0218635510941558	0.64012396979609931
55.754808988565898	-0.86736911323121901	1.1809761054454058
56.113427286707974	-0.022908879010964056	-1.1381699244720462
56.307519651380041	0.51643253013577461	0.88989443407033919
55.531964929589542	0.018489716561861502	-0.81944572241207647
56.419568150156771	-0.60472666902781569	1.1359780885034232
56.465122656279753	0.31761987268549896	1.0564167780556417
55.939431940599931	-1.3194998460896323	-0.24828303130343515
57.080809071122353	-0.51093795940698439	1.0534395500699532
56.236600095807113	-0.84606582531714125	-0.38497624711955808
56.271177504018581	0.41007889968305983	0.81299311979237898
55.553190487533818	1.719194934076276	-0.096455205142181838
56.282014800730934	0.93099375627051351	-0.42065012122908718
56.228009891060445	-0.70085099814605789	-0.52659005214204613
55.826232065274148	0.65876872101045547	0.017066551893731578
55.56338963555713	0.027008450979663652	1.2349862635398929
56.907764523479202	-0.41024839245424116	-0.77901634985697565
55.445496857431593	0.863477031425264	-0.25114731750386032
55.928549837850767	-0.9841624213343706	0.61646255168622022
56.896455935890486	0.40639422894258947	-0.93521575907632126
57.027352676472269	0.33732420868108648	-0.66951675899552532
55.824497077181981	-1.3597295499473088	-0.39114085620796823
57.249625536585455	0.99196565871868025	0.27448102040823724
57.381860088051589	-0.53106223440415257	-0.68060500132898394
55.566424763093735	0.56722544415714449	-0.79934993661438847
56.454067524113583	-0.93923377905330974	-0.5105071440386908
56.507020739577435	-0.92950553244742362	0.7895088082163273
56.05023513628322	0.97123905003699096	0.073123322458739454
56.430789385070582	1.0255120353002176	-0.26383296224454683
55.453776696255005	-0.73615928719394774	1.370579516581667
55.871600816084481	-1.0268587727185672	0.11488711923196346
55.523583739308108	1.050242205174726	-0.4921545613599837
56.940553025544162	-0.77716193913572362	-0.76580563686476411
55.913533494616154	-0.35170651689245813	1.8859554572067729
56.028054968203286	-0.54282055966458409	-0.56291285317760209
57.135691641694464	-0.3264874325753519	0.73251579386174981
55.77790588394479	-0.0053221382299124091	-1.1788012908556549
57.047644714889586	-0.81607889452702809	-0.64019151905001281
55.496558388875464	-0.93857047419913786	0.57304120868599584
55.726754897089151	1.0951151462484632	-0.75802783613424596
56.246149101164626	0.4219372432158246	-0.78700890387500422
56.247151898136352	-0.18126152028268916	0.8461364116286737
55.66158467184637	-0.37096358610166041	0.8819856867553012
55.730223059398014	1.4024845726310793	-0.60718377249280775
55.633600871967161	0.37487362145377351	0.4795424010344228
55.478995954978402	-0.24522398084625271	0.19505981225861335
55.875726985819604	-0.55636769573762779	-1.0781356447496824
55.664301322079275	-0.08015354998771794	0.8118626690225399
56.556235107323786	0.12767940357004526	-1.4566878701621528
56.103959154600417	0.50238241568418762	0.41148103338930381
56.203432128360788	0.62238744719604167	-0.48402707030984804
56.612561075209292	0.093225547301438699	0.79401077832491684
56.769232627753375	0.52664759081232315	-0.29282307953849085
57.098790112348972	0.51781553181022144	-0.84458790456721677
56.432258950274267	0.31826675602493898	-0.52735954082360559
56.518751309132732	-0.51433902011690447	0.64090272623165656
55.943016161965751	-0.62157084080603409	0.75708339824227833
56.454285179479825	0.70437777704524962	-1.0736484840160914
56.536926069427999	0.34501814809153125	-0.82450035855791515
57.067215091923742	0.29345395811174863	0.86561853242832365
55.518798753073732	1.1108623976799443	-0.34626906869694518
55.558355026443152	-1.8406866449826791	-2.148555894290058
56.064066794736519	-0.53658662388260958	-1.2463326054052284
56.092673305445125	-0.73470249185537173	0.54075266277142497
57.182115092605599	0.915855102787272	0.36823952643803687
55.775423543205008	0.0061998396953853833	-1.0250456633047949
56.784283291185226	1.6174752663365921	-0.27385317135765352
56.495825052124637	-0.36111709040461454	-0.86752883161689742
56.459670301955619	0.68253322924493465	0.78803812190988454
56.628154871779877	-0.62061132606746161	1.1524453275305189
56.103932818627342	0.79841205027615247	-0.6448183785300089
55.441307937184916	-0.20175703452196217	1.0343753322476761
56.256842904284767	-0.041804880055900218	1.0609395919719153
56.132647261125342	-1.0649898957215262	-0.30912677152887758
56.277414103386846	0.26653848792882118	-0.76252257390114786
56.382219454366336	-0.5341311992507406	0.13177417354929361
55.718573719704857	-0.23719511931626905	-0.80401694025276116
55.532632430107519	-0.75701455139446783	0.6850749482467231
57.273532651236614	-0.24236053973910199	-1.005398262199249
56.229894674038619	-0.93274189797344942	0.45812366105019298
56.323613532856157	1.174488096144197	-0.11752875129580856
57.253668271446521	-0.69913183933395606	-0.50352395228524127
57.186559740209219	0.44612771819451369	-0.57312006257605896
56.665192835750439	-1.1177801748988188	-0.73748302601981153
56.376229579735565	-1.0320923432178344	0.17007944766849714
56.470833462815001	-0.17686704687919622	1.5092741138692349
56.221368682044826	-0.48542261665330011	-0.77056088259427413
55.85751846143468	-0.020069176631377597	-0.66426127473829011
57.246453751689032	0.60510794221312236	0.63126517523365122
56.467286301856937	1.03646605929985	0.31589570316041826
56.210369639437339	0.67948594688218245	0.91487992456311362
56.994689845015934	-1.0007741730175987	-0.1167048882622123
56.222091625050695	-0.41886256273663697	0.86206443749966333
56.119881056431666	-0.32729771830477555	1.1371036956981226
57.170086058833604	0.74626920618082948	0.71325112823005221
57.257054715738327	0.014379097627854122	1.3398943891204156
56.638362768322914	-0.98460506992868002	-0.17610329410852779
57.282834450906726	1.06176274339009	0.20975994042256518
57.302110156926254	0.54198331192445726	0.2382561247943398
56.41601896420844	-0.84710266903951148	-0.1751676767740174
56.725153400760981	0.47684281103023707	-0.76584338763096893
56.588421976550002	-0.44512656835720965	0.75724975391154281
55.760857298217623	-1.1811965959963584	0.2750505751066028
56.329161397266958	1.1872956580115988	0.61661498491636524
57.335244215779042	-0.48084074163523322	-0.2647136221786916
55.968804747089067	0.81022232722481302	0.0017847108599429477
56.425486922872736	1.029932059034854	0.47689189768171081
57.075535313608263	0.80404090323840594	0.23629882621757062
56.732814906582959	-0.64445030119932034	-0.75753201180604068
56.677759099601026	0.16848156454562491	0.59932319236616272
56.965910358881416	0.86111946529243077	-0.050477595105034495
55.412063500382587	0.82640216807113531	-0.60012284102676394
55.718554577087758	0.25676928789511377	1.4141062906619104
55.482516091618223	-1.1099847847021622	-0.77740606923611555
57.387948417307726	0.20270353637599839	0.23956748725322419
56.999909831360796	0.18223679448272181	-0.71401239304559161
57.11099332584115	0.84988532505922554	0.51442033936994969
57.192249721765336	-0.88776553848727424	-0.016566512106758892
56.312924087010458	0.15621142896826257	0.84089016050667453
55.876102447528055	1.1478481000719916	-0.10096210236419503
57.017531316923112	-0.22768627763886959	0.99682666349200277
56.794331006646154	1.8962584472375306	0.43300785823443583
56.781762208404587	0.15279413647618487	-0.97513971321870807
55.52373861238307	0.76192369996338871	0.87780217626821511
56.588110410452138	0.72897918319448629	0.33120529935213433
56.050187885759001	0.46684609241471081	1.0395878452766112
56.617771736514854	0.87205205500371863	-0.044049785460705121
55.936550633365613	0.2408453860242267	1.0838456222515762
55.547876566870379	-0.60418662079599417	-0.44360841159223752
55.913691089752916	-0.046203879845021702	-0.75559124137915046
56.124889354296442	-0.33200897291135767	-1.4007155358306249
57.312171548316783	0.41128358044799584	0.93461014789159291
55.693733802504894	-0.232222327762307	0.64842740086979944
57.133173811089357	0.38920191700318801	0.82194690582241836
57.156022110394154	0.1400359319827342	-1.0479268249741776
55.965764375014487	-0.099402611289530388	-1.1369967391909896
56.595198933400575	-1.1280393906713944	-1.6353730223512004
56.604148417539072	-0.19769989321427797	-0.74680306162248278
55.960997856149049	-0.027376939994556468	1.2010541497289151
56.839145000643796	-0.56295272846592681	-0.53810960182559509
57.141108332149315	-1.1311264615193812	0.17951831014717048
55.818139381842123	-0.35605328418073562	-1.2406558599792059
56.935809710004719	-0.43373316180210936	-1.0497384934889769
56.638259951140945	0.77279929526680435	0.6299691953948906
56.650307326851241	0.239989142416415	-0.99502587593782055
55.812949748868157	1.2566292307466136	0.76301091823131639
55.764009504541107	0.42769197422072203	-0.95817995998150718
46.709417453434106	1.3239884621630988	-8.4025634180244069
55.997249269637521	1.5769223841111448	-0.12792991628265815
55.841469173040373	0.3381486054228241	-0.39435638244729049
55.765258825271744	0.14296348587054683	-1.0945949524517502
56.422265788885085	-0.72847470222900745	0.61399437328655493
57.116952200297312	0.3404710044842606	-1.1001756925694213
57.308174096308328	-0.75115463748478739	-1.0513401552424877
56.041973291189223	0.51207417838725511	0.91374152376692008
55.889071059167691	-0.092471754411159776	-1.0993503899621944
56.850189116339884	-0.94009216557495734	0.67635617265819503
56.804583287267747	0.45648957182333144	-0.64513822488722627
56.112014124396254	0.64699726631767773	-0.99690472296553923
57.158464652484277	-0.0042243642660862524	0.97708345027783494
55.490182217538106	-0.26500220674188002	0.94223955454786101
57.0516609192521	-0.2843468087827542	1.2408383875325506
55.858018732408098	0.41326428594631748	-1.2168028124544283
56.328653303378502	1.0450265125813876	-0.022238839494251223
56.684910146365134	0.1969373344474859	-0.77184085475584152
56.964109280229763	-0.93523472355165382	0.6232681594756051
56.774425363897087	0.64807639247258297	0.70452716094631707
57.293169552586718	-0.017825975445674509	0.69057434156085984
55.627604696564994	0.29249855545801939	0.80098690389726457
55.522534177011202	-1.1070177567149624	0.075142439640917533
57.374324624012367	-0.5720628172282306	-0.21878753368297316
57.124919801305666	0.90872100338151496	-0.64342107015843031
56.7578400029373	-0.032592093293067323	1.2123422801261838
55.914015241792924	-0.064910168095994272	-1.6904952989917998
55.487467970949837	-1.2792167869448683	-0.15292200655826332
56.397351572659488	0.46320560814974387	0.5984358691609265
56.629271611727546	0.88062773243564652	0.52375185546397252
55.505477417091953	-0.41458269303237072	0.99399775021727399
55.086149968434285	-0.32003905660513271	-0.96158766474056856
56.187107452580669	-1.3914549081287637	0.449863303780906
55.549215337038881	-0.22299880898534147	1.0887106421616219
55.778718357314339	0.95085193794573242	-0.21711515104446641
55.559202886743499	-0.330665767478249	0.94108840348091227
55.976915476650625	1.0686954204895818	0.80383696959771955
55.759179715293435	0.2327453830380242	-0.97580596542967313
57.074400294120345	-0.17041380386380822	1.0762401659833327
56.50115386587499	-0.62473571740148015	0.45435611646282575
55.759100195082581	-0.057249809156199233	0.62643386470642293
57.009012966031094	-0.54219816260486386	-0.28298346272062525
56.038304974132124	-0.0042809883506942821	-1.0542679073613421
55.816108460175961	0.96469762409381654	0.5237039101471338
57.015746580585493	-0.67544014990566248	0.4722463445740584
55.995020470684942	-0.068079301405207543	-0.43429149780095821
56.900040448375137	0.87518155847809842	-0.53220365203382058
56.45137237613524	-1.2394641264062185	0.39385040224747558
56.743467859351995	-0.67733899089424554	0.69462463718618894
56.379760287141039	-0.6613842501046836	0.041533636201974269
55.86657712658365	0.69120612614850896	-0.16089626129483672
56.068870756027749	0.32195073866388285	0.90396459800030338
56.602118526366212	-0.18073487512814157	-0.83038888207915074
56.993592894161672	-1.0004173250307073	-0.02547013406943403
56.869395404386879	-0.95298487624625317	-0.066924660051963583
56.030677371385941	0.7700131291175879	-0.4462577234686429
56.868915990808233	1.0929004307386638	-0.016521602334318299
56.822488411911422	0.12347785703609074	-0.50348329710836126
56.391348843305998	-0.75983976189611402	-0.5654946545732884
56.603679551988606	0.17071722244997911	-1.1991105800846067
56.06486998764359	-0.31999086072886812	-0.79092496191124506
55.735484729521453	-1.4408056414806403	0.44534060601255432
56.346446477659455	0.24095962003958946	-1.0294811669245667
56.868600143227269	-0.24498712387988283	0.64192282698050229
56.324138206353979	0.3920079804031622	1.5470311295051107
55.523702872214749	0.086595848248921983	-1.2122142738949346
56.243728793270414	0.076775224485057289	1.4092643415606783
57.30207933443036	-0.51666785626838951	0.77544182951842822
57.117010367720098	-0.95574083453817404	0.0026789412425508802
56.365471575924147	-0.15437383134999405	1.00374769502848
55.553153064809244	-0.98859133045009728	-0.67492803837071247
55.73502199398451	0.9953201382217115	1.0027452643366415
56.410462773338594	-0.57293399626692454	-0.51105080884821552
57.065129138435893	0.74399441523436538	-0.60240595941712349
55.442193517786457	0.52470364896721111	1.3087235393077086
56.33130746683571	-0.12601068290904249	-1.1020962120861497
56.204733621194478	-1.3332196348453655	0.13733397264853128
55.940592603042873	-0.62548435983896711	-1.0485031616196194
57.22767434611756	0.6180957815796595	0.89302473669126892
55.771414268177253	0.13557882615435674	0.88136147869044246
56.818576744938014	0.65137454500277081	-0.84227922711600223
29.03416662802298	1.6517355708351347	-6.4643505806023409
56.322839139627355	-0.79519024867536992	-1.0350535833255223
56.367531208187316	0.15562736207699779	1.1680076010870446
55.683844861804182	-0.70345318527129996	0.098879948457366085
57.164398375638172	0.45527075512485443	0.52379596317707011
55.970735152487663	-0.13982114258541661	1.3721068279416901
55.971622658195962	-0.1944438285324398	0.69949921607107846
55.545394679800729	-0.70358438215810215	-0.10131248763553358
55.448212252972866	-0.70420551846006985	1.2228324437660745
55.855535348052243	0.40738168789224466	0.91775176148589044
57.18448866940637	-0.63169906673501885	0.032314125205920932
55.882597462446881	-0.61553426888766449	0.29292093520661228
56.014487785276607	0.73226901435722569	0.092815080584983445
56.698604684590613	0.53669226585921315	1.2423603031792281
57.23319651078009	-0.67496428094558558	-0.67866757515613119
56.385814742400683	1.4403049833149715	0.37904861945008117
56.961013164224759	0.87045002049616682	0.51718046532804984
57.390064491017277	-0.0039382972508484959	-1.201534192174901
55.57181109535567	1.3268894572012631	0.32515094409952844
57.256567459398923	-0.17894538540043178	0.71101674056089204
56.232894951537737	1.3311055068559687	0.081030721480477436
56.625037531983452	0.22136621892226432	-0.7219022710692824
57.476297064950842	0.074909842602073368	-1.2734162929504695
56.344522073765013	1.1480224720241294	-0.4883970501346836
55.493833682082787	0.43519364222673212	1.0654943887718762
57.119886475249331	-0.11391026671484709	-1.0150890711732952
55.490525670045486	-0.79850307372672324	0.77125970179464831
55.93677036330218	-0.28581073081784281	-1.1602663467713978
57.074357651901586	-0.97332981104081406	0.38560972322745146
56.836729515391724	-1.0226418283440935	0.41271146957370525
55.637391200083549	-0.9953988960948299	-0.11730677828009257
56.624602461074488	-0.15649713721389402	0.68857653299946886
57.468427388481729	-0.19933706450368185	0.79515484838296968
55.879078528097686	0.69643466631234108	-0.67001296889553574
56.11435707302325	-1.391200564057322	-0.50892145008623157
57.362572374569886	0.90193510672823884	0.58918073134006899
56.556827593307119	0.041201510012040844	-0.51339584361874135
56.475470145668794	-0.039567698922923479	0.72657793389197989
56.124166385345831	0.71655469273404993	-0.099465824148689666
56.865500405126419	-0.18805310291923782	-1.0311839212617047
57.11868271649324	-1.0072667039100518	0.38014784810166463
56.571565540802737	-0.30703523768856861	-0.79470108695432939
56.555008563916395	-0.14023272117911029	-0.88196888781054861
57.249605265869619	1.3690746523937694	0.93017383697704636
55.491214593414405	-0.60031941758118179	-0.2350191779798162
55.589891382446538	0.69078560574302039	0.23367451569441691
55.677195947436431	1.107571263288718	0.6218479400460305
55.405637828904837	0.97421713141918087	0.97094397257121878
56.308522773253401	-1.1232168009628316	-0.038175655427062853
56.135014402155001	0.088156671110748097	1.0411455157156961
56.600817331345134	-0.89664880953460713	0.87252130541098283
56.952707504266151	1.2659930734034803	-0.47869801153800812
56.48170395054229	-0.26778796717316761	-1.3250412826140663
56.534709952307288	-0.11255336808732612	0.94015696574703633
55.833463317104368	0.2083344044721043	-0.68872096179701447
57.184925331641601	-0.44758527407455134	0.67763399307956229
56.299962162587541	-0.1030514042649455	-0.83391762004032721
55.578137307481981	0.076746157234814594	1.620133237757321
56.209205066519488	-1.3248629241950758	0.037628413702479165
56.459747483268998	-0.14083644406084728	-0.94315750772802198
55.46657715396455	0.75325317360023258	0.46487732566763346
56.824685405430479	0.90370534280794279	-0.5656806074236681
56.374118149284023	0.51884106324911272	0.61095718700597301
56.21625260635097	-0.53986484944319579	-0.75609769104459656
55.448738132565374	-0.93561039657674561	-0.12631400316589736
55.461923483336555	0.23815150452110403	-1.1573818467571466
55.684608741777147	-0.0010840218012989238	0.12029652768204875
55.934940843684252	-1.2512969338757012	-0.16141534948116629
56.382597088310142	-1.1747306150234642	0.84352860670430385
55.898986407235228	0.86669719563843184	-0.42689820631792813
56.043805494898095	0.73705833041956925	0.71535520166099209
57.180933891162866	-0.37232379326379134	0.78981695800592544
55.674121258112955	-0.0074566459335013574	-1.460990228172302
56.108437785710279	-1.1678709699308543	-0.11336726163038771
55.699482455206137	-0.84443096656592753	-0.14781779144639282
57.126720086721782	-0.36934484268985113	-0.41435924734737462
57.237846478318225	-1.1494742869687933	0.8656808724112961
55.971981581639731	0.54195236936810753	0.071349954935265705
57.34252201469549	1.077139162670069	0.0052273490603500731
57.28575346561508	0.081376816599621385	-0.6013381774835983
56.957479446163276	0.50684504885721304	0.94060470742757918
56.754500684205581	-0.6052075176535987	1.1039091477060441
56.368065762872128	-0.40213988395727462	-0.69960387943434332
56.861909294749118	0.70875929408337635	-0.27890726363496154
57.22544281471064	0.44693479288400634	-0.77159937482036467
56.290072646060814	-0.25364211077082677	-0.78047188054590411
56.525336702971785	0.55938746855996269	-0.89731066969202755
55.486253183723655	0.78962157405558775	0.44555378257604611
56.47438015310162	-0.021534329237969049	-1.170504594890601
56.34781981037554	-1.2250029875901907	0.96091184436202204
56.696085073137162	-0.22697571022666052	-1.6344924938505163
55.999539036932916	-1.5138788767894498	-1.0377861840082612
56.366499865697399	-1.2889862123870199	0.1843076844958782
56.22552814125816	1.1571614439217597	-0.62712718089075048
56.006055912452837	0.47616246538001505	0.64565477218158918
56.060163626577491	0.45633680857146719	-0.81030324087946703
57.266047558677833	0.53168016177465249	-0.90294549653595291
55.857588977602688	0.13687187925140717	0.92133904275045253
57.127157602380834	-0.75017856815166073	0.72905394514742583
56.730912397692585	-0.83535784548590819	0.76131910853193885
57.127657318534013	0.47232900041408254	0.68774868101726339
55.781877617898765	-0.40334630648006975	-0.93135461344233872
56.011342924189606	0.79463604061114357	0.021009108257079061
56.473961745600626	-0.57245426844129133	-0.58685638816622698
57.110359234172712	-0.013553678145425498	0.84832808493691525
56.761563221386886	-1.1284411850685645	-0.668300770113187
55.964639165334077	0.28463479107384143	-0.76153491739694779
55.872754054090763	-0.34890880501506727	0.74499212059626696
56.941846999410082	-0.14777061436675715	-0.93590403303426783
56.077620705866053	0.66839564456866429	0.69334078965449331
57.21890565925834	-0.91602024485549227	-0.64189160205870188
56.93064930149793	0.36105648907182086	1.1697414735522165
56.075117951793281	-1.0368917606275139	0.56444036610023729
55.822834365652874	-0.54795704828776914	0.57603912944372249
56.919456671474386	-1.3057070781604281	-0.15976924815655649
55.872520621513807	-0.21170251881049512	0.95872809572770645
57.147288721551519	-0.1763303586463168	-0.88010106093109208
56.630049150416369	0.081690041712195599	-0.83676188916050753
55.369140059866986	-0.57444621093057902	0.23616342896446871
56.946929369371162	0.74272353210780662	-0.30640259728058211
56.04110633276499	-0.48607365538194675	1.2769161131163884
55.97630201181655	-1.0113419898249709	0.3091860031211241
57.065933474870029	0.6152753699184742	0.30734963971042523
57.093762363926437	0.43702405766135177	0.29469240626571203
56.757549685234885	0.020683543229808084	-1.0714570755232768
55.865358185935115	-1.5222255991916673	-2.3565816379698106
56.199354009267502	0.26505082787604811	1.0146261505312402
55.88986792571918	-1.2812963929862728	-0.78976032358322223
56.966058524743865	-0.65798899503693276	-0.79291876213728807
57.012927688339232	-0.76014876046160185	-0.41374427540251546
57.189774726085574	-0.02241854080392534	-0.77989179729855485
56.721153167079073	0.41018341020464466	-0.82406243527060929
57.263734612792213	-0.17872198328310493	-0.99171403417546067
56.754681803573931	0.46925917521457361	0.60672285492465317
56.311960125564084	-0.51074812965982064	-0.86526706581246304
57.102524781628034	0.057553919586584013	0.61859322775540315
57.053080101747831	0.63860797937420721	-0.64705720303549064
55.890588811543779	1.287597427774291	-0.34040317334440739
55.927633794192396	0.42015966416118516	-1.000974737665965
57.134027631973773	-0.6784477222145362	0.046927909892263885
55.771569925805579	-0.51027573564304018	-0.51613819254487858
56.551595970299871	0.2129209190874625	0.77001792078587228
56.673959797490994	-0.54531005431984692	0.82579830792036535
56.778692090014744	0.58677376930757674	-0.65027513721755026
56.540091423226848	-0.79837138067817837	-0.97248801997848322
56.913139301346639	-0.47077373886342644	-1.1098297212235373
57.187267669559425	0.45357038926475685	1.0163582762169481
56.903364898489421	0.74777778291104013	0.35034996930868673
56.01765699476023	0.8694085636998814	0.81979555545218075
55.984005055936962	-1.1995880205595204	-0.0015894126657276426
55.880462631157528	0.24803313244100825	-1.0637528532980731
55.51365580587521	-0.62128694678659224	-1.7421738958224158
55.58520518967967	-0.33506637413152163	-0.011360868564400543
57.31461632606625	0.40283654123924723	0.86025527627143461
55.638036217826013	1.4637378094249185	-0.1422932750629945
55.973913302344492	0.7928210271833247	-0.71655996299480906
56.792418378525895	-0.71224658159074594	-0.31417068072776488
44.881771577235398	9.0089687366958131	-1.6414140430517947
56.109067990905025	0.48377069397351885	0.85986110605286703
57.281196123724683	0.9884455869497627	-0.75900236251252839
55.853558364343641	-0.14997339216400471	-1.4834020225247864
55.790599049637166	0.10870039075594691	-1.1542727246528428
56.650608766484631	0.75890139718118599	-0.049936824329647661
56.758696040619057	-0.48232923394635741	-0.73703806002719485
56.509846650134122	-0.96696281749858304	-0.41430796623898614
56.397998215005273	-0.40518928330777176	-0.79515971792714291
56.888510420951199	-0.79711325119236842	-0.5762555577463917
57.11225954515713	1.1498845202089207	0.04645360753388706
55.85990293208981	-0.6885607124718246	-0.31746865826247828
55.525409237765253	0.64642431154593305	-1.3111585439183961
57.327146909808327	0.032751860263713017	0.78283019546212307
56.58175586435739	0.14106327579783456	1.0565056115733116
57.413062955338077	-0.38159198994110144	1.3272105762848432
56.162185323055461	1.2126090860893581	0.65301116576879503
56.811716560602676	0.77725645303891078	1.671838942969031
56.462135711620761	0.6997405734467379	-0.9636121321167076
56.703569509950817	-0.93055347851755899	0.66110476173466948
56.341469077289915	-1.1083618543782676	-0.63105591565380514
56.947044369006022	-1.1163212812114969	-0.22015390370011781
56.827072721944852	0.32783162097551749	0.42981496566117555
56.902924374901097	-0.8780501785507786	-0.7170856309849829
56.60747417820901	0.069032858216687101	-0.79066429207813393
56.902964483758062	-0.29783519228520228	0.74009142145587647
56.966345345434846	0.1758072117475431	-0.94079868813256395
55.942167002276129	-0.22369519568031401	-0.9078725349946799
56.532010794876243	0.77665421226301867	-0.65934882121480376
55.657679511276243	1.3829400059324717	0.29062512496204912
55.762566913941612	-1.2962838405891688	-0.69253269053509314
55.600433665625445	0.13697884699352023	1.3207840301712963
56.751075090115513	0.87982957664046912	-0.53859635950719509
56.744777255870169	-0.15664523215452519	-1.0424257424760917
56.547774818333615	0.68010039332735972	-0.68234798042016997
56.045751896365637	0.58674904909418524	0.58724070335044332
57.383121403923674	0.87713652067755254	-0.85610821708246221
55.967886986595317	0.13821817172486559	1.2596955922093613
56.27738811466736	0.31940633212655695	0.78258406570585504
56.043611731238073	-1.2111733135994149	-0.44914907234966167
55.660841097737197	-0.2888161361267243	0.76999994213153844
55.372652844131053	-0.027479345045283068	0.56063979477348003
56.356445770383644	1.1076327431776423	-0.06309156970288271
57.168541743857674	0.25757278472676887	1.1419852092551734
55.569870430330852	0.42191099884923539	-0.81697579894686623
56.665401897837725	-0.23981216851297535	-0.99300339359690182
57.054461391669776	-0.33512636140290292	-1.3450399439227976
56.932812775117682	1.0485114436721423	-0.043283012826241765
56.503662898083171	-0.31634532856212755	0.86682526134264049
57.025051453688263	0.76986250744592843	-0.28060163906495217
55.918592102998005	-1.0195536718339464	0.48912448945902987
56.250309325471164	-0.82458800166439228	-0.73765069414026019
55.828528423825759	0.52126695198376538	-0.1476416782440981
55.750876096313483	0.82620263135094552	0.29299953150622915
57.173673363620033	-0.63184443570091686	1.5034129702702284
55.614795127865008	0.94817742576307995	1.0420275376450501
57.321626219889389	-0.73403877403169238	-0.10352107042363626
56.431315471397085	0.82692850339430302	-0.80654070018649804
57.283435271650241	-0.88221303459233957	-0.093210370023207062
56.347629835483232	-0.63757279652576104	-0.35402231880956225
55.705483168753219	0.94545005228417989	-0.80592857335710433
56.556798552970719	-0.95238751098509999	0.77693540635718306
56.46314292960146	-0.52146230694969609	-0.93526266863639607
56.297732489012567	1.0466134006012171	0.40549625609341838
55.550813454576279	1.4737569858995003	0.58432253161571146
55.42740840248095	0.3462581850974612	0.56377336072495998
56.470677966988205	-0.46320222741607148	0.46453254025972762
56.502246143244719	-0.46796945876496132	0.79733252973468427
56.553484133075102	0.0076959134719670448	1.5779430169643054
55.961485064383389	-0.24419682579337412	1.0315089665001196
56.603850353809449	-1.0331969480640644	-0.043894160415661333
57.378111940564182	-0.18459992384297166	0.64908265893927164
56.218593047834041	-1.1181959378741564	0.41826359486179499
56.454754698298323	0.91656995021526566	1.1285634107175231
56.994757133734865	-0.32143787710361993	0.69813190305723793
57.146497016326428	-0.59400064287306586	0.42560715394427479
57.209321155419296	-0.97539834639948242	-1.0269003689494745
56.953972113262559	0.76107123111369246	0.22670136833292709
55.925672047748407	-0.83531165760069859	0.6786732612301225
55.628054544742135	0.08539861085175468	0.74511531247519913
55.770724522266072	0.51481055768591921	0.56198284389768249
56.371610798816398	1.1518599805823437	0.16462291693008851
55.690656440250848	-2.2390378852081745	-0.28758807206684023
57.212686888984827	0.31740017384906311	0.70964964731847113
56.749272979005291	-0.92508165324425073	-0.61471395680519392
57.297338345068759	-0.85065683933403025	-0.042405590293272705
57.092507547264098	-0.47113160904187878	-1.118285230552704
56.368903274122296	1.052134264453108	0.76737095362031338
55.810438977624536	-0.22193375297357806	0.69828085310852683
56.09575865615605	0.88386955379929755	-0.13769448347392749
56.49296345407798	0.46562900502615978	-0.71928191198933644
55.473121304820957	1.0112389069198033	0.55405355559843639
57.02212742767918	-0.70706080260706894	0.60570249719533609
56.016460167311187	-0.44213929965880583	-0.072868102069205923
55.597399565124348	-0.86639240871323409	0.45791171573637318
56.67769077885022	-0.71870479692845357	-1.171979438009277
55.970410487774714	-0.9857810650037081	0.891278163042316
55.886049105108782	-0.066450234660570415	0.86950758686481233
56.564985774271769	0.94205345227164383	0.95628927004435582
55.515569767796919	-1.2861998705429443	0.59488416891694518
56.930202369366462	0.42420142664213656	-0.42622971658070397
57.110485169849241	-0.83555215884659717	-0.59089533611392486
57.356233398884484	0.26880496683678651	0.31167600703879267
55.504553304014536	1.1442842978391394	-0.024153037172660558
55.512838728001199	1.0392891863524831	0.022514764674539625
57.101847553302527	0.82846933456165095	0.33965579636833465
55.633561243254483	-0.46667218829342638	0.21288678228695701
55.795299859323592	0.67515294793093483	-0.019343621815813998
57.163828769180498	0.045076987455377734	0.80285171646992182
57.222253314613454	-1.386243160525106	0.10738784432686088
57.129915666391639	-0.82685345711333047	-0.2733555665784268
57.021711921833187	-0.91340384786747431	0.095141432292174297
56.459854955056542	-0.4050762981083037	0.91504035347456303
56.085526418736784	-0.7255047581963201	0.051924005140755528
57.026925259852639	-0.53268433804097892	-0.36779838687177852
56.770171336868003	0.083204479077663665	-1.0902684780022727
56.122783486938353	-0.01808109016674328	-0.90708302199563307
56.127294540671464	-1.0045309989031392	0.76041379680074528
56.498336722425272	0.36048601368662919	1.1021861860958091
55.583507165574304	1.103043982225288	-0.86522354550723457
56.75311845587737	-0.59164588923391204	-0.51870151480038351
55.706700376236633	0.010996273528685836	-1.3674126241348978
56.04720316098183	0.3795069323155455	-1.4745244875897199
56.652981456712467	-0.050640520769099792	0.60283157816669908
57.089119832417339	0.069451821347936926	1.3874037670785544
55.430745456412907	0.5443834861606327	-0.37056537429252068
56.79030924522111	-0.85703707688739506	0.66593330777210868
57.220869360198151	-1.0727442148258934	0.023099353999559945
57.233468662661373	0.65737128025318459	0.47484884331220295
56.727457315282884	-1.2085197228213618	0.75458589786487051
56.883926470059684	-0.71762713206805018	0.059712719444581425
55.935368507283968	-1.0537371655693466	0.45837419293979392
57.424383329519387	-0.03469489658602181	-0.64231101278077707
57.093680496551478	0.56279385014012862	0.55941435391933692
56.669178992985636	-1.0105860129366995	-0.63293331634075545
55.499463562839075	-0.038794067859175566	-0.72283020565584521
56.163642034957512	0.86451863360643111	1.0956608417008009
56.617879554567303	0.3476954978870837	-1.2311556095457368
55.570921910860982	-0.7660411518457354	0.95173110763779634
57.296562320080554	0.62251878559674034	1.1862825138746871
56.188128103516192	0.72888447060983297	-1.0377388752810506
56.22585312236248	-0.40164123831776705	-1.6540946506875298
55.779710258629478	0.37503057615174856	0.49858262422089694
55.64415551683858	0.22752402231850719	0.80106326917380055
56.985740963671397	0.96328625239427446	0.60988155085786622
56.526757269495974	-0.88987718863459009	1.0113153298988147
56.313600730198843	0.58149366441408956	-0.84096247069578611
56.593408633918379	-0.9178175612995928	0.032741749081765532
56.995053949643413	-1.0284335651445009	0.33915675363473136
56.32643746517622	-0.3918661528455612	-0.81713607243902631
56.7707737272533	0.91326370629890674	-0.45728004002074657
56.66197006692299	-0.67119837100596924	0.81945966510400792
57.068520410865403	0.66229939078720379	-0.31265739417580291
57.017292531694956	-0.85640947889259877	-0.5487839727138204
56.780336078425158	-0.81629119183230181	-0.54502299484645544
57.036840953332835	0.34448409581918288	-0.78386305744522422
57.144984585426428	-0.96464738133703609	0.15178461998187148
55.852210071490582	-0.34384721342064589	0.9639328729790676
55.767358006331833	-1.0653656208342139	-0.063810904012648467
57.083681077777776	0.78865464213189251	-0.50597486426337246
56.819049029948545	1.0106345861644501	0.71712334848808401
56.631721050868123	-0.26168448030151908	-0.69345043459843603
57.066790205651913	-1.2010195258875735	-0.033840473458481846
56.558686099875494	1.0310780755716606	0.43483452508070247
55.941308361012368	0.65450407771694108	-0.61137939786386941
55.674054350114559	-0.549004297121929	0.23499528814318074
57.116779112291859	0.96462838670568485	0.28004985944135086
55.788528510199548	-1.9024297454302976	1.4263565152259174
56.12028466332805	0.28538168209619252	-0.27582347709742649
57.173550254314577	-0.30834147351148	-1.0801647315916474
56.13731020484768	-0.37106942494083139	-1.161545549402581
55.770638067878771	0.98339328082259914	-0.011097287102703567
56.296853125699784	-0.066138599524550534	0.85448366025441636
55.805223320980126	0.32724391009553105	-0.53715752354489021
57.035114528576187	0.43923789863865265	-0.87227989205453449
56.293172012779145	-0.059803957685521485	-0.9389793782030702
56.667228622015244	0.17448024903837572	-1.2623639159273179
55.607884539886825	1.0676719315734253	-0.35903144815651655
56.02514288401278	0.64269713841825027	0.35336637916154295
56.432760098765314	-0.11076071375497461	1.1481861430773646
56.309861263642219	0.7060461294901117	-0.69655913019433457
55.524153395010366	0.58426980292406006	-0.5967258132747596
55.808603151081186	-0.10381166779859462	-1.0970784223760233
57.051620309846115	-1.0558537602196458	-0.43557716398533125
56.681868670063992	1.1967119951291447	-0.14286040887305701
56.390366151690252	0.47718049339981577	1.1734944068761393
57.065143903025074	-0.30537995152191028	-1.4188121577320307
56.58901607905387	-0.69368876387272471	0.7672976986472575
56.198041037961382	-1.3661732999809686	-0.13221241086537458
55.43423467129422	-1.0271350260543743	0.40640265148363197
56.765073369035747	1.5334105909014173	-0.58881183979240437
55.785352515884512	-0.61973931690787154	-0.44753734141624335
56.872691298999371	1.2914290938812563	0.68409352897850628
56.71087236636069	-0.8431183509154625	-0.31960497043682867
56.755607223031276	0.26217090513917635	-1.2179888023576784
55.662769725537821	-1.0119787766190631	0.094292420973968949
55.84740749107705	-1.051118600595633	-0.54072688249987766
55.3537307763143	1.4231061328145544	0.3791490037368086
56.109090420560328	-0.7483801267156116	-0.19099896542494008
56.281516976414551	0.40150928445210232	0.5885381970971103
56.243262224853481	0.86165724586068826	-1.2978962673954317
57.051752776284694	-0.99670626132451434	0.61834101268809549
56.071735111936036	0.66034393096071842	0.96253279617267296
57.095133335946102	-0.98355063506108387	0.092444969114345812
57.177260848631562	-0.059857535145715825	-0.76232600548118834
55.778293589051657	-0.9790629656829547	0.67771166186715481
57.292726748276571	-0.54582933758568608	0.9513447943313903
55.481817918796061	0.44569566241091729	1.0008631954941192
56.129738966751582	0.87788622709072972	0.74107113618480047
55.737708516225588	-0.88325179488372163	0.76719420799109506
56.492892430483771	-1.023229888353566	0.49102892603533355
56.127466911765225	-0.25340225377296255	-0.71064963794111968
56.939304742066035	-1.0897586949139129	0.6664299052011774
56.317576560571489	0.57366541842715202	0.32052561692136866
55.611997372907133	0.32505423275906642	0.62099630300360353
56.029283293888	1.0490659526969139	0.44486754902923598
55.957543176844041	0.20997820840949438	1.1102583027306883
55.59106588198204	0.31723504223460874	-0.88380739270127806
55.564910252480317	-0.9954526384692568	0.55041343687737154
55.556938977942664	-0.93529477744189515	1.3036638290555749
57.159044267483473	0.63741147857948444	0.053459898581563012
56.82562119632582	0.0019263340012489556	1.5041482067772747
56.807887875619507	-0.57332909170295854	-0.91944049113196613
56.996239645766018	0.26584472060287706	1.147469891126796
57.207447061832426	1.2447048422617235	-0.46064883792180361
55.818104131445033	0.083363412603490811	-1.4392926591555795
55.995691368170213	-0.41651890404854158	0.93860441785242499
56.386427575691798	-1.3837774513973458	-0.13145655143067134
56.801616687965719	-0.19583620731679968	0.9230086493400953
56.20009482426557	-0.00032662746353819954	1.0045453946274032
55.567737103016164	0.55642649064884742	-0.7214876625319917
55.636784382521597	-0.95474857860142859	0.64156853314745721
57.280987773422233	-0.45105613154794627	1.2250938900729669
55.794877898630247	1.5620982580869158	0.30731462236565532
56.419553024884046	0.2632427101367294	0.5436906309883115
56.389071406735788	-0.32928101066504345	-1.3288213124558985
55.936388841363332	-0.79496061928219075	-0.98411788571218106
56.503295262640549	0.68021940306084028	0.69157507449625599
55.558705985855646	1.1759488450189177	0.78135948363548524
57.28797908273318	-0.017386749474059278	1.327010324442284
56.922947386672874	0.039164073203771958	-0.89805057665655674
55.821467436959161	0.17554596684102697	-0.75813338208028069
55.490101595753572	-0.2404271034100324	0.81857303554383731
56.007565679497716	-0.81304970331699045	0.35517373020817883
56.469932588625127	-0.43195544690479248	0.6362586271545293
56.513716371601362	-1.1298839132752452	-0.18031181907201457
57.17121378111311	-0.54240664875240541	0.78046416410645836
57.130859374282188	0.63407488178153959	-0.55332447832799969
56.368751199519828	-0.17939629675723248	0.79236850053880481
56.417710265055298	-0.012918965565991543	-0.62082405758904258
55.755109084463172	-0.96330881217411757	-0.49811422430651492
55.521857213629872	-0.85165359318090639	-0.14958321380141648
55.972677118976733	-0.71009625708870916	-0.50207336986283579
57.395109568028516	-1.1303801125898962	-0.23543398066326393
56.72517209800894	1.4061489339554223	-0.28339857958260556
55.42027528760751	-0.84970616480742245	-0.65262088931298434
56.821463283691813	-0.53473625705092009	-0.85549190463862756
56.342318715745591	0.31795437742049065	-0.85690230932066536
57.212158228582723	0.45852462138442834	1.0776984297949526
56.635140985985061	-0.57556345958009136	-0.64708533462965234
56.082978817614446	0.31451136451366402	-0.63699207684281234
57.364432771167714	0.6029555908897074	0.48134215502620853
56.012591900123262	0.73633670732575962	0.72775640185226664
55.530523655582058	1.3104478782472915	0.12776658294566878
57.305412878375883	-0.82899355905769601	1.133105339557922
56.909002637445965	-0.36190476642848513	0.86013135385335004
57.004545742830835	-1.0558852962030374	-0.13666808650401999
55.436320001910154	-0.61145303569211673	-0.85548458737804056
55.344015106081024	0.53757903968510889	-0.58473540846242966
57.241601166622068	0.81094263849775794	0.56566697124165399
55.631246291556302	0.57674657387634076	-0.25450968569022564
55.995562580033699	0.80978901689391369	-1.0520162589969297
56.598949422245191	0.082725728198830339	0.66996389763641928
56.497575667970295	0.51522742626568663	0.9912580913827288
57.04765865728811	-0.93401596490602157	-0.34235569224423429
57.034628570292689	-0.92907463543886959	0.17371945213362364
55.907791781507832	-0.67060378666023934	-0.90748313665331171
56.472433194894869	1.1441959981381311	-0.35140370631987489
55.723703439579005	-0.11210461506043623	-1.3443773000156374
56.9544935301425	-1.3706358629930793	-0.11648470423699964
57.075785503909778	-1.1988390502167565	-0.96449462103953087
56.697934879323604	0.80331161248546468	-0.11161169810705901
56.433426090521408	0.36691951567173764	0.95555386270131593
57.046877330387431	-0.78674332978385009	-0.65647534543606023
56.008467750311532	0.52962230186299741	1.080533895349103
56.581160115972708	-0.42837673146989708	0.31142568966847778
56.310234349197664	0.82198729120075442	0.44754707452411235
56.764740366959025	0.0216087496196752	-1.0176277797009263
55.631346158402359	0.62531574579502691	-0.57160552906629036
56.252406233827664	0.79077271647848468	0.40699132058814258
55.994538456094929	-0.779082597853752	0.57146466524287154
56.753822929219766	0.17333041196521518	0.9645886157442084
57.114259628341443	-0.20592064502577964	-0.82606725242052437
56.590612047251902	0.98195355988344124	-0.87909449195602174
55.757372858847923	-0.61197676412331747	0.36537233120909707
56.84849706396291	-0.15866863187582902	-1.0201549937504339
56.579993529668123	-0.41263229913597688	-0.73478867929146019
55.644585658669797	-0.1445812573095413	1.2447400733060026
57.104000409938251	-0.46984167841835206	0.89617972927758638
55.556035769905932	0.70493125054629868	0.64112343652380854
55.935677661701938	-0.64394399625599985	-0.54934086832035045
56.681774058347038	-1.1021824126865505	-1.0079995473079641
56.662345493792927	0.22110256211390067	0.87315708433802641
56.863220580486676	-1.0715502149663352	0.54051291091479481
56.039458759214348	0.17888847419770348	1.0551596982672504
56.612313805429658	-1.3658404330796929	-0.39876251302540638
56.070515281514034	-0.28328488703515287	-0.74211640265029499
56.208871682145819	0.16846413058582474	0.72092881873765668
55.478448027711259	0.24203929065746912	0.79087613482645258
57.350280912097453	0.6456943631289298	0.61074412038434189
56.245136559267927	0.19471393375520182	0.61093041537578896
55.870498854854567	1.1444239965133776	-0.2668303940580134
56.171295429929046	1.1614985255547654	0.62870124739800537
55.381017447567785	-0.7793762604798552	0.32376994463018027
55.752509584806859	-0.85603424336271849	-0.49209177052809244
56.231072088099353	-0.31450599655991246	0.94009038692109093
56.658385115037703	-0.97454296302123322	-0.58280880870664675
56.204822091270657	0.58000924667548848	-0.85985940696328955
55.751051877204837	-0.74847673136346782	0.8006914709388232
56.139557317423268	0.78049396274495986	-0.10381874009064412
56.510661748682843	0.081237686873475295	1.2392357097453373
56.725548393754295	-0.41325031852702154	0.90141453719939624
56.148043145376654	0.46109644888214302	0.79916986317387784
55.97194778365602	-1.5073081534645298	0.29132345364385109
56.682335027769398	-1.1014599868761694	0.0038648368402761286
56.548738732282438	-0.86668423712682952	-0.23600283758532709
56.91084580342303	-0.68583059100879618	-0.83670230868722595
55.648550648984127	0.77414437109147005	0.2135249922494355
55.68931276412485	-0.066199861766629314	-0.97454184754143558
56.452546526194965	-0.27279062995032544	0.93809234899907135
56.14837013299266	1.1532956891155761	0.083951251979051622
56.161707357571132	-0.35979615449131896	0.99804196638381226
55.706867068951063	0.25242253033735695	0.8561803158422906
56.751722130988064	0.39282875928402028	-0.66306468827150211
57.210745038391622	0.33460996352562949	-0.46060712284090732
56.823607867705931	-0.59207792958286176	-0.81872045091196122
56.672167206420582	0.87529788223228466	-0.49460954589742262
55.671237011205093	-0.49341980295202142	0.47681989526949525
55.591168639760603	0.47378481008587575	0.79971165406626243
56.953079698714312	-0.92298851352296096	0.49167063066477829
56.624990268184824	-1.1327159661642958	0.035793658624300458
56.903020941229379	1.100395850790334	0.40369923757277804
55.362269339548021	0.38567543133085386	-1.366761085901173
56.976656151174829	-0.071807070305591719	0.5897044152578651
56.314430477296909	0.73893884311862368	0.1275414613042872
56.236124263507847	0.34507617600586016	-1.0203918264004497
56.983118112238387	-1.0849916693273176	-0.26727200337520773
56.932627027710716	-0.75847540192555341	-0.47799088359304981
57.194793551062389	0.37083762427398537	-0.84903613994993998
56.237568600878717	-0.0099434292265695445	0.75502956633410634
57.273647183300973	-0.09160401006819513	-0.70911821607334835
57.025276421864362	-0.54760618066377087	1.1389347779876151
56.871937987814384	-0.13331210530902426	1.1415108516140271
55.940680490830083	0.60631367798910252	0.83520648131395503
57.201193983743742	0.5557963077743614	-0.033257907675662765
55.790207569084274	0.70781993263647502	0.44352967768236629
56.663361480569201	-0.6702576626028911	0.86783243104534658
57.251616156007138	0.24344027521167225	1.016914274201828
57.11258668493452	-0.7132130711067981	0.37445695487155545
56.302676459988284	1.0122897899254288	-0.43597695710035345
57.058294355274619	0.80221473171095203	-0.50926817820526027
56.569509858635072	-0.00037936589260172409	1.7295731427159795
55.479019908960318	-0.28147332041849454	-0.77951507416772625
56.662732838170726	0.4506472419364746	-1.0366018037410449
56.429964698018971	0.74096823482266971	0.19380493525498871
56.085651157057796	0.84595632710926216	0.46807446195093577
55.79668181836341	-1.0478579738217817	-0.83030757855836035
56.947601754723856	0.96905828419374285	0.23451102353807263
56.813430579789028	1.464239294823005	-0.90325106414245648
56.628322862560964	0.7975022667248487	0.81424683791894392
57.120999528986964	0.45606379526717483	-0.87001998124486013
56.555465831621085	-0.64395793947607283	-0.90518632742379568
56.337710112976019	0.43131121687543855	-0.18954512218112507
56.801668082282568	0.1038069187647946	-0.29245162433944533
56.998486432451578	1.2427557144073442	1.2567149757003262
55.972993893445881	-0.84011084980209405	-0.57987507193300913
56.919483712574724	-0.68035849155683603	-0.42644124967349517
56.313763154984827	0.55767527311014864	1.3481624712302236
56.034550113691886	-0.30676969342758248	0.82205141341105104
55.871864271697753	-1.1332596781382991	0.89308133952353108
56.41007482639133	-0.6541747677101416	0.82667228560833406
56.650692416852863	1.0413187829766652	0.37522436791010744
55.943624587656359	0.89282812108998	-0.20355520361020077
56.8227885821412	-1.2070229556530796	0.59209046605580107
56.831901028621068	-0.23902243085252831	-0.65942670340576259
55.927501183310319	0.68998598723965143	0.35145425409645908
57.463123477334882	-0.84440498822005805	-0.79304107433905779
56.481744031013619	-0.63887868538345538	-0.62359631488239708
55.760374888951894	-0.65355505757441623	-0.59167554515024279
55.936424805638751	1.0692516413081592	-0.03787106758513685
56.473486857573917	0.80787191180629137	-0.11134343420378023
56.785117096940276	-0.52483637436533004	-0.86478058507194189
55.873500982107146	0.0080963179921409861	-0.71472946080566768
55.569169854273227	-1.0014544676776296	1.1980158988416592
56.701718665784234	0.93195167499549914	0.78063937977579789
57.008769414717236	-0.91623053627059658	0.28648224828406127
57.076964078989661	-0.89368029725349785	-0.06828225502633424
53.731539025897675	4.5459415992474739	8.0987600394382788
56.494409213243706	-1.0908105604644449	-0.030433829582146191
56.568882368610758	-0.71699759886912606	-0.588002883473142
56.134630985178902	0.49352246626718171	0.69471656508317858
57.066700176551755	0.87202642036726585	-0.19523340010220894
56.326499500667133	0.14343579382229557	1.2647179767984689
57.29044852879202	0.88242932335794089	-0.14448628798023891
56.285868640820802	-0.68793230048390086	-0.74025569586613615
56.308688930082809	-0.56067959129692424	-0.49367229737852203
57.182948541129043	-1.2517432639821531	-0.25856635837993969
57.120719081321241	-0.81836314796570186	-0.29494784312751027
56.175570070016825	-0.3200276104854396	-0.41950604033135885
57.207669331980625	0.49069935460556546	0.36636218563418133
56.7108602048908	-1.4455735107279613	0.15130371193368364
57.400275922648326	-1.1547967951496079	-0.047146764409759026
57.209114597335379	-0.019989321418075356	-1.3070740777506809
56.369092451242508	-0.95679842685244865	0.54851822942640283
56.02431006458233	1.186321642985634	-0.62053085574636391
56.458680415602061	0.48543889394602091	-0.73237857690856512
56.078498733872699	-0.37860948958571194	-0.52700565927780185
56.056597301160281	1.1645211462867284	0.25778938066636747
57.405711113316912	-1.1411390461063284	0.40747051716377292
55.458828556325606	0.85909919060174778	-0.19191503775611041
56.812795320771158	-0.57718597950452466	-1.0731578040455099
55.441912028563117	0.84724630336244178	-0.44432851980506427
55.678023396952049	-0.13862288021470792	0.90206096559783733
56.406561739301644	0.68750054578070408	0.21472033576812641
56.446305287021488	0.73992193495573899	-0.36497694733814628
55.82903070864522	0.25224158975154554	-0.77523374785992438
55.96014256437644	-0.42050934250684463	1.1103162246386156
55.763057811985753	1.3855619152635843	0.4192241315497624
56.172522636901846	-0.39280552686968501	0.89588678546321454
57.454701151102327	-1.0477560638932826	-0.47163099037069001
56.05929408101958	0.022180004249550345	-1.5061804187484289
57.354150700583467	1.0478569083331146	0.09782996508507863
55.842615047984275	-0.66282154591599263	-0.20573909026326256
56.77201425020948	-0.21032297975174122	0.76801716485297777
56.301552555183555	0.46074975830458686	-0.35652722401425668
56.687445223332212	-0.17054516611767165	0.76300154543929533
55.841671222332543	0.93591316764202703	0.13192015232267051
55.414692288498586	1.589926011494003	-0.049561737160743004
55.504389909596334	0.90756716310807095	-0.14011648471028099
56.852310260454175	0.93634167349460751	-0.41733451620407835
56.124439481039083	0.83380832719981435	-0.7069357265380376
56.273174518780088	0.11684853989358476	0.63313639962786639
56.302524154823267	-0.13673778522870034	0.64884277471628515
55.828773626657984	-0.91672003552060444	0.078363102796478207
56.925376934568803	1.1757554755436759	0.14097426931328277
56.399773905559123	-0.54486682456254432	-0.67158332433340118
55.495129357163805	-0.93710870474195251	0.0037400342998111478
55.485315751588743	0.41960618899619123	1.108411847803898
55.952215868464023	-0.74519466411882351	-0.28031544070676406
56.225031246167013	0.54921050313662134	-0.70669998431361625
55.401589300523398	-1.1636417699633976	-0.16053851168609123
55.675023973332507	-0.68965550232813466	0.37826676449959529
55.716495349207491	0.033670060474865753	0.76527316170416515
55.633712211070936	-0.58645896397238673	-0.64575808807772095
57.002730488600314	-1.0403104916015999	-0.39385122795188127
56.314674092022827	0.51435189843361262	-0.6509203808316365
56.7703790531001	-0.44965349170474472	-0.55320225828683045
56.673117046590555	0.65239886196391728	-0.84075668760667222
56.996190501665581	0.71377257353385826	0.44675387236106789
56.622033839548919	-1.0102727839423837	0.027824239079302364
55.581375528581162	1.1154331840105183	0.056894631009062523
57.043988073725451	0.53460252932666497	0.65722218785827791
55.664968913326952	-0.7186289773653578	0.8910674444265303
55.858291864494312	-0.15120653216670182	-0.96435195502257076
56.400403571394385	0.43728072271845336	0.99072880036013244
56.4926637970812	-0.9085335979500696	0.75450114492676934
55.993449406207553	0.80160596737082124	-0.42898342546133617
56.88583452321317	-0.82591953788878358	-0.76329239197726295
57.085352703608386	0.74200328649769098	-0.8052099072085902
57.175008914287041	0.16659836444705195	1.1354864291945674
55.993051368342222	1.1275351503653992	0.35587597906306567
56.698091418672334	-0.87398019159335616	0.33753484145641366
56.438505985651105	0.75079089908559293	-1.041141231580603
57.290979864694052	1.4754663558304513	-1.6741206936515072
57.127573846557638	0.72728049876826995	0.93443303452474402
55.445493979320581	-1.1319633999113445	-0.18200560153796788
56.002093070291856	-0.40871906143582637	0.92370393307067078
56.832760896232905	0.047212996094713647	-0.61478816387741353
56.981662225246353	0.93233230480873575	0.55014569080524156
55.586961256667358	0.16417944562452519	0.26007937496830436
56.079340568580456	0.22702260458390761	-0.6844929067580996
56.296643687578964	0.91386183764712758	0.046107905204025468
56.320335425729795	-0.22614858669860399	1.4427382952585304
56.126797246713267	0.75081996166427256	-0.16522262170993579
57.021397423107096	0.20252175695089472	0.93025012023524567
56.235631589523379	1.6552877954513898	-0.28407904491043656
57.133733984753412	0.76474854827463667	-0.75211108973185092
56.250261114617501	-0.29958499775959851	1.3888105340983956
57.041485913118684	0.79516498683099412	0.64951112227483732
57.181382568440405	0.56174006435878032	-0.82339490929775139
57.110122794609985	-1.0663367480596815	1.35585591883266
55.603236735694232	0.41000649665210925	1.288929935740426
55.916095852942021	0.10943286930235746	-1.1480514567455125
56.640272407952054	1.1048496310853653	0.4488928670028603
56.999717898936957	-0.65910091915878377	1.476879665218894
55.351091351000548	0.64918886007656829	-0.80273393755834765
56.338142425811888	0.30231967567493395	1.086429617089365
56.666445338060775	-0.01935274331100249	-1.3136711478525209
57.068540260510382	-0.69082242885919221	-0.54260261310861091
56.377788027606364	-1.3279957655984187	0.47309567165849309
55.37471477582357	-0.66898856370960513	0.63128103359130383
56.801784645935861	0.88979437823183738	0.92005630915649816
56.187498596858539	0.48587058150029155	-0.045632641858053387
55.355696202289067	0.24704232713563892	1.1789524330138068
56.974200048751619	-0.18067468493096436	-0.76989118392429567
56.007815528416351	0.97698957036670897	0.89246975722240351
55.713021991656468	-0.68302964462914384	-0.98556412496952084
57.219197474352015	-0.70575451559766844	-1.3228303149405334
56.92862412956552	1.0228091580536856	-0.32620201000380639
56.887085197098386	0.96865664487401204	-0.099087538577098969
56.105036392347152	0.8642275964934365	-1.1657166999857373
55.678656589665707	-0.92802146235693483	0.2856589974836633
56.432992312184346	-0.052444388375490904	-0.71054179720434374
56.197559574027011	1.1165446963303045	0.75910897320633919
57.012202045134899	-0.60150532146714752	0.35031945793191149
56.09146293986327	-0.47911872545625078	0.74130800300726285
56.739985450707181	-0.71610268316498793	0.32928935990983255
56.558052308382877	0.78682116326355545	-0.35412354526233836
57.273043435177442	-0.70230642047294956	0.31911300113904878
57.319599721974022	-0.52484656525632856	-0.8111430461787017
55.970534122228152	-0.61133995539824348	-0.73051239428443804
55.563799148018248	-0.82479072962564481	0.67977322022484321
56.823424240805984	0.90408698186595271	-0.12861674670250081
55.457822108199913	0.23321207871167146	-1.3297199424996988
56.720596047564932	-0.011860896137314692	-1.41070682054656
56.322876046810414	-1.1306967130734631	0.88754523802084051
55.467819052801957	-0.93504480924606603	0.72077555905833268
56.116363425531453	-0.48645984249520485	-0.57223366558782218
55.771532524149876	-0.27355904097783501	0.76239644464335143
56.264477220395534	0.61321314424303441	-0.72125915077690583
56.976893469480785	0.064166295900812478	-1.1862670953763759
55.932966265249092	0.6013115945911317	0.19478784647000844
55.754411948287334	-0.3146916952838677	1.2067925926234211
55.787268729843312	0.44517107137118545	-0.68574209036455647
57.175147327548814	0.70587426773433404	-0.6028727880774527
56.121398648376882	0.40306683347759004	-1.115242780581515
55.461313122640846	-1.2751502532174221	0.073789670028573243
56.046166897865305	-0.078722792476679904	-1.2331362484320731
56.811379775462228	0.7891748350318003	0.53066007180165353
55.671075812736682	0.20297726152500908	0.6166254908741009
56.366585415465899	0.91238719986792149	0.8606451695946209
56.624542141119051	-1.6963180518025212	-0.03978468455108089
55.526071201302749	0.77490360420960858	-1.1825016563509982
57.279861036618662	-0.3471021947513751	0.82420853865046884
56.529316709730622	-1.0554330831411887	0.0054973358021533835
56.497154391238112	0.74896006215828803	-1.0109769754785829
56.779636044618094	-1.1251397501515668	0.25875376212720563
56.512403073572024	-0.060593662172811001	0.93355089161266724
55.68774763911393	1.4541192307207746	-0.1481867177128553
57.099043269908954	-0.81260175133320656	-0.39666356719887286
57.242329782661912	-0.44457660730080362	0.79965254066588143
55.734557853254749	1.0007600719093492	0.50349781589991482
55.895826418968717	-0.98301963142720927	-0.4263633304938434
56.963192363103147	-0.36652211785152422	-0.42448946207902327
56.087063296118217	-0.23768917953601051	0.72841320591341885
56.01720586770756	1.4408457962844197	0.26479254014298831
55.452477635669368	-1.2320644603939364	-0.19482507159007281
56.604460332775474	-1.0990359224082451	0.81248259913609577
55.902410632217915	0.030483556561539404	-0.4400735952363185
55.790325962478533	-0.21073704024594939	-1.3834074929018056
56.322717889832646	-1.0491967650870764	0.49917870506396528
56.831861475626461	-0.85797498523986515	-0.32884818375082597
55.751317248824918	0.88955791472735901	0.22853207992989241
56.987707931501788	0.91060348221646525	-1.0394961808309873
56.813269572281399	-1.0828522843350077	0.1313835490232402
57.057070378003822	0.035506001199307448	-0.95643976706092682
56.543239751766421	0.83314977968241366	-0.51064692762433017
55.640213953967354	1.693725268671235	-0.49929463952493297
55.681469675080805	-0.50439197890523269	-0.13113131308738812
56.963336241982773	0.23493163574004913	-0.87871363784041467
56.969947274012938	-0.60407498656757896	-1.0384734007775365
55.957528933549774	-1.0508155196715783	-0.50256788583969259
56.588265520113239	-1.795408197078201	-0.10447222958702006
37.079503720813996	6.4648585446523512	8.7563062388477615
56.82873492804999	-0.42288453955111799	0.99424771689942726
55.423179804107669	0.54431234002583695	-0.15034020795841782
57.331600327619107	-0.043568017970698494	-1.0759834625374145
57.310826119132145	-0.88838715192396911	-0.17856120853002938
57.049973276044803	-0.13881003862548419	0.91683243110891122
55.564399988430793	1.2944845174854243	0.35603219324806207
57.240255502136598	-0.27842986895207772	-0.9176498461538235
56.077967531172973	-0.29823389047893273	0.71123439003335509
56.130091266239234	-1.4112935286987249	-0.12432851787294175
55.998818254756841	0.50727559276096146	0.96605521111688231
55.859141072785114	-0.20429776879414463	1.3200404541762203
57.042437422551352	-0.62417354031105632	0.7299246450811876
57.0750214704209	-0.0077854896645081955	-0.29506783089058325
55.901601815893812	1.2856025604619072	1.0166039402230107
56.839445962385938	-1.0324934743094143	-0.71903961187761523
56.800679095634202	0.38253518883649329	0.57272837495121942
56.473009377245461	-0.52660791288008724	0.94590107840978077
55.688661586540327	-1.1792101519810463	0.27082409389969597
56.413790644370621	-0.75273023400627281	0.23979260528830235
56.10077586197616	1.0442570335203769	-0.042146435640164036
37.689686062211933	-8.6689938188458022	6.0855163833653876
55.623974330689073	-0.19889920066795547	0.87108740466995915
56.798118922835656	-0.43597655746350955	-1.2600807881317539
57.279783789056488	-0.05450998474402631	-0.71697293845029997
55.361617100073921	-0.013241886729521781	0.72830641855776879
56.243923866934438	1.1087432470939298	-0.02225817295287268
56.224844501334999	0.44379872026507589	0.92536624760802544
56.966393973799491	0.11798528902273339	0.77136181248237512
55.863324596544601	0.029631921668970492	1.22867614134037
55.987865249981823	-0.79160957445461833	-0.040564507356843131
55.624119008608567	0.51514758419223527	0.43072136452847137
57.055459814342242	-0.61369256927875537	-0.87722387677123759
56.803702671998671	0.42023653102969155	0.61657297362621977
55.621648418101962	0.85580341895053047	-0.75763515981292939
56.337485419268745	1.0298846421074219	0.64957299705735438
55.591204754223703	-1.4181947573286655	-0.025000213890646036
56.403515292251939	0.38449449868418595	0.70121965285699683
55.784296822125192	-0.19113577081428137	0.97017569145263349
56.749413793082155	0.65916692169573998	0.70056875982360711
57.305515782424045	-0.42465632993552421	-0.81552932074930795
57.024781069210889	0.86569993985576499	1.1569163938793883
56.818009734549179	1.7000588638109924	0.38070931284786058
56.396358434926448	0.59507505285723128	0.69269911316084676
56.222369309119131	0.05825555199042716	-0.76701665308266453
57.077778499179551	0.51891060710995573	-0.689104268201571
55.347557355317278	0.64944193920219129	-1.0064085133467613
56.985954032942644	0.85414515195120699	-0.37693509799873609
55.448438994999655	0.38210857774220436	-1.0755561178320348
55.832822769850416	1.0874113168570982	-1.6214988943593989
56.265197502659788	-0.1809381174553312	-1.5182602134543588
55.777543087890386	0.8625025347914953	-0.62480434457614642
56.965195480514367	-0.85678108925168861	-0.73911416487728498
55.652008676213903	1.0334057350952011	-0.12675467599171247
56.56933706134803	0.7702276521171959	0.7335652688825417
57.117391118880946	1.014945267276967	-0.13698914515461155
57.074313467375951	-0.14879359284485388	-0.86815149558543936
55.484061824793613	-0.43114451898026912	0.10358270573141154
57.226960630835514	0.56396548964538373	-0.48573540866095472
55.627421511003206	0.31945822161473542	-1.1712026182482875
56.334509414534153	1.0123195419911672	0.29457305217907742
55.848827296434166	1.0726327190527323	-1.267966957966308
55.687148570254095	-1.4600506935076505	0.25957563340626338
55.805827025010601	-0.96769046376524459	0.45823813022405457
56.755019067149718	-0.73538434059200353	-0.53348622874231932
55.769589467682593	-0.44658435687930276	0.17868337936847914
57.337857386793857	0.20505642049781228	0.79113046446142898
56.197766271416405	-0.65934926369425029	-0.44851872893857381
56.246649087315397	0.51827510408702915	-1.1006976115767653
57.056878187104324	-1.403770189246025	0.20242435774488871
57.138452015036627	-0.90169329010350452	0.36357599007471375
55.797605362957633	-0.27832555931041153	0.076070685853130399
56.254271333379798	-0.89039641870789477	-0.96557742986348738
55.557310798568679	0.79998961184807971	0.28683739493697102
56.947350024555369	0.5372517656534147	-0.33746470873626078
56.76619590535622	-0.99181666998562656	0.41440423112775787
56.801698154251831	-0.55995430179612182	-1.1106458206229877
56.36947429397383	-0.98764908460410694	-0.25627815792263398
56.3058124122145	0.3677907219471655	0.89967462098004924
56.963063648651222	0.47992134855992408	-0.87207247435546986
56.822567426276706	0.52695100826242158	-0.72914728281841423
56.309946472530918	0.61868112824050048	0.92187513628717588
55.547447419655271	0.99843847210699865	0.14875655377188815
56.971279987653581	-0.88546941753969122	-0.8792131856020986
55.665689088762953	0.21852151619880675	-0.95347339142771581
57.044164980687128	-0.35289229853562853	-0.50677023987748682
55.808154433730344	-0.87103544189830551	0.95924703431403713
57.432346557859709	0.74620194913851279	-0.81137163466541129
56.985246412644472	-0.065659070612501438	1.5707037362969014
56.342932990602037	-0.90350442628230421	-0.77511665298710897
56.275329980156471	0.012687625467588613	-0.61041608987320972
56.791247853513099	0.985822724825135	0.51926628586954082
56.191575404913721	0.21896201962080547	-0.71009436789583091
56.754296381156934	-0.62561668327858433	0.95469782911692391
55.854600044928176	0.72060357312758494	0.21109057430169501
57.024811220141657	0.2061498010789525	0.67201746892249992
55.851434698616629	-0.1617315134492269	1.4297348218973369
56.547705587699305	0.86329264609331857	1.6689523012078555
56.908500748775126	-1.1871153457211925	-0.32651479111495391
56.053144936579805	-0.49633818153166021	-0.40168596065050244
57.320737534800607	0.16175680356502384	-0.88827075849446557
57.042087654544709	-0.067888320480802622	-0.3140903617312546
56.62608485311538	0.80843973122992607	-0.88106289558964579
56.054843226762273	0.75819577030523255	-0.43981678379153899
55.703124591313291	1.2567757099884773	0.062312158841706287
55.40352803445861	-0.86131569545391706	-0.69878449932371678
56.851593482775883	-0.11759394703208931	-1.2880693545827877
56.04180186179547	-0.19135942349056156	1.0753942399288177
56.646570571772067	-0.52796238711218202	0.85374771023000917
56.869230978723621	-0.842641061238248	0.4687736253694168
56.948184898925163	0.53444359448669665	0.35490888285166505
55.930953856599011	0.27879205753258568	0.63191962056111706
56.112827084827366	0.85454747553756683	0.10704424647158151
55.810025151460238	0.14993182837823574	-0.70596826778582444
57.280475157434644	0.13369662727886128	-0.77630227928061724
56.620393644668518	-0.85074167650267518	-1.4472794797833586
55.497852519997146	-0.39704489312620805	-0.6113524525554167
56.038768252782134	1.1779292203643532	-1.1274177265632987
55.956931176169398	-1.2202175069247416	-0.15166711465000171
55.810753478004116	1.4273344302006679	0.6716484069713754
56.631392754219945	0.47833281005897793	-0.59028712053380172
56.725912062246188	0.58878181156560905	-0.83966270495313999
55.976611439511601	0.82510636509051971	0.24832754246145244
55.782231047462986	-0.38269857798597068	1.1324759109577305
57.31218185407063	-1.3175573722369573	-0.23729867383160322
55.501258304602466	1.3140019274668844	0.16149228972119542
56.06009530793137	0.82366403846152969	0.2704029553961666
56.826125385427808	-0.96349890181620335	-0.70318257579439358
55.911054361596875	-0.87490276334903105	0.75419972112345068
55.879684451770785	-1.4220211351540213	-0.95763970674293408
55.728358509719691	-0.2182024109937058	1.2549773898577441
56.942901252512804	-0.2468146725097187	0.85642105406470093
57.083517130649064	0.72995103788117244	-1.1355168683096604
56.085214548385864	0.67134867795327757	-0.42120421043648754
56.61055708945856	-0.46125477511105389	-1.1272354577049488
55.633473027780269	0.51175299374641803	1.3941075021545311
56.692437124900657	0.34658034055897974	-1.273814425994662
56.101729637826303	-0.25603606175281124	-0.87069255756290864
56.8375951766863	0.68975768482084365	-0.60915871178214465
56.622180080956944	0.85859542310251746	0.74655552831376037
55.69818711987655	0.33025300581920941	-0.83881506686000085
57.044339801490359	-0.79695603243549629	-0.77108998495714332
56.656294832407688	1.2201141895562526	0.3641799033043589
57.032770071706786	0.063496142587522508	-1.0703303065781269
57.252301956330626	1.0467230013181466	0.040217038040836484
56.964884493044515	0.4716725610880666	-0.77634929899031846
56.343571447782345	-0.07593670007665429	-0.94176101407255874
56.677302455331514	-0.64265445361757467	-1.4371628413017283
55.897628208377412	0.51444125363734816	1.0579237608381993
55.603006408632986	0.87266924995395267	0.70385852259847748
55.603095088788415	-0.93612152536746784	-0.17930909892067329
55.827105601981245	1.0002938873580383	0.11201931423998893
56.743526731736793	-1.6184047575588951	-0.42343141619244667
56.911200088699999	0.452464224218244	-0.78379178573339958
56.755070776590237	-0.007501543883490688	-1.2527465681766876
56.952345924352137	-0.65791676224052575	-0.82037996072733266
56.151217792996455	-0.68477149205140797	0.0099143308144275868
57.173617944549193	0.55755347582423431	0.71580660178360311
56.990732884964672	1.042645239231061	-0.4171232186450412
56.17135374043248	-1.0375563462961428	0.78308140756159017
56.940239104023718	-0.0098360846400619966	-0.41032603587594868
55.650149202670775	-0.30104013090960591	0.91802798441682631
55.888052481865792	0.086686570680932551	0.52228909561302117
56.575224168483466	-1.0679388041846285	-0.53056790149600164
56.65420492912768	-0.6227822032204684	-0.72340942204137804
56.102836796083899	-0.48835765379751633	-0.75773523903002327
55.565175638360223	-0.51360224487815764	-0.59861103380418323
56.740398073395994	-0.47377872984923691	0.75749280959614851
56.28922632880024	0.82747485508852803	-0.89340750137076408
57.048398574065708	0.092305800278541697	-0.84795514875662437
56.118177984664072	-0.63475332528219819	-1.1015798548128501
55.892041900499862	-0.71352822825991113	0.98853526316787443
57.099922222507196	-0.56241626438550985	0.57340494612777393
56.619511627788953	0.52668160203074466	-1.1659952531228317
56.406441392618213	0.66488422084727716	0.55232985771388099
56.854281125683102	0.61571479168068599	-0.013909498991773397
56.810299936125475	0.31612846442989584	-0.72873091576211591
56.787600692430757	0.035274465651489735	0.71938066719595695
55.997301778739519	0.21013884762259841	1.2251314177307489
55.960317391544272	-0.96784493412387784	-0.68491590333804142
56.776872995817804	-0.31733532367904721	0.80751572402110161
57.235033928472092	0.5249590454829145	1.3616030576128428
56.954359099634253	0.50362292727238722	-1.1707502575684325
56.254655486717162	-0.15281654395819794	1.0402430502839319
57.327675206574519	1.0789904476108034	-0.12204330995938188
56.610938500555726	-0.66295332956387876	-0.05562133797767594
56.571494516456546	-0.9493999458629343	0.6260044697430045
56.601819943385237	0.66384887875139609	-0.40873643833849616
56.661822677744276	0.0047595923359421456	1.0762194402463039
55.455077731095919	0.51850109424817969	-0.22688780401409828
55.966704660319238	1.1164527156862731	0.26823727651240503
56.896815187550672	0.54788503282057444	-0.73705786098671333
56.609008615711211	0.29578047465292034	0.51569343098356324
56.089216293011916	0.29287372376047721	0.97594038823385676
55.863179908197658	-0.036768432076298818	0.98529075587062631
56.765857915921437	-0.77379576784564597	-0.67487017926511006
56.548946714376534	0.76205721118199021	1.1096540560605965
55.938632666081297	-0.15776707345783803	0.12615462076421602
56.058746548754627	0.70717798652893582	-0.90939551489084103
57.051722149170367	-0.041024839864516653	-0.3942517038009456
55.662917026395235	-0.77785581272015136	-0.27484537874930448
55.759004070642469	-0.51648012037983781	-1.0730845932847848
56.37367415759622	0.071263764719377218	-0.63038420204014789
55.512659503459368	-0.57798300745152453	0.078951414448851925
57.016715964306542	-0.75163484920889811	0.501259618791288
56.133789660000211	-0.074536829477008945	1.2509864184484862
55.711419131592372	-0.15725145648592034	-1.0249167978265505
56.151726744986377	-0.78302889447163071	-0.79916796588770844
56.811560445340085	0.36562663474149987	-0.9253501460245267
57.055738229921218	1.3026610256971165	0.46447690793272833
57.3133967761025	0.9459527273722903	0.14321787710939154
56.086145954802291	0.16724808771388436	-0.67172590410034838
57.12712377317321	-0.57841160086114696	0.41102250356861136
57.422308128324858	1.1533952351735162	0.67435941198586991
55.574608618932778	-0.81703138818373533	0.36556364915346901
56.981596826295537	0.87094165567486659	-0.68110167102984898
56.31686669697482	0.56987430950908868	-0.14072852341482892
56.597919436080602	-0.3064517118025718	0.53937108704576397
55.845578455328145	0.12058682571096045	-0.56558144425136825
56.065549231741464	-0.72913325477636337	0.77096131512021282
56.912801552932883	-0.43830342048986182	-1.0395790560752054
56.999074285802365	0.10457841700768886	0.93838214341867443
56.617281800487469	-0.5288513630214613	0.32146980421171806
56.251131984465637	0.41857742622130056	-1.2071905791103374
56.255278190049708	0.055739236472013738	-1.183189186602984
56.441304820987028	-0.88810117896516927	0.15403385685360163
55.748845647810548	0.036461876411110587	0.82913584476632474
56.122176657825186	0.6395521750124773	-0.38669635426961357
56.799097351007504	1.1468621703320252	-1.0347197425481875
56.769896360005177	0.64563081294126601	0.49948829837949338
56.494924407952666	0.20510230825142087	1.0599016728568855
56.662119890298051	-0.42049803811002467	-1.3134531774560689
55.61268699385937	-1.1554667783592887	-0.62356014996327114
56.939036405538438	-1.0438703101324056	0.14665985088862718
56.295865164012206	-0.087211935085481432	-0.72317010217001132
56.724994215474865	0.22459279812157754	-0.98876619197892701
55.973229606867037	-0.13641498312621705	0.73081298257369065
56.855569579376578	0.20777981502582829	0.74987207546351242
57.042700256127425	-0.90992668203239768	0.53686704533085394
55.921913711031394	0.47547734977514888	-0.4711539990313281
56.770192843067143	-0.40939634298854222	-0.89035758738217397
55.593756857307319	-0.54692534732849685	-0.82773388866844666
56.311318100876505	0.78109692949384613	0.99634716767693576
56.928051397682601	-0.96770093411203817	0.19018591017255554
55.817772432887026	-0.49145574159483624	-0.9495818446100982
56.77789833049129	0.32807467171803051	-0.63772722657800263
56.525164647155513	-0.011086098706136985	-0.92762118878710587
57.257501902304888	-0.7777769861541215	0.81265970451665936
56.803252232491815	0.54258404258115744	-0.92684268650266532
56.118246790422724	-0.72740159641169866	-0.8768655516542011
56.61869116243453	-0.70460204100698698	0.52979565185957556
57.23144623128573	-0.1907720753049407	-0.82218173690423502
56.901116403096303	0.69595074177586458	-0.57471586134879793
55.657895081329151	-0.12978534059361815	-0.96577064162131243
56.466498443532345	-0.0037106231432175742	2.1599348801797276
57.144738466541824	0.77071307713998061	0.22093790283023837
56.573258826850378	-0.1517000211381633	-1.3624334343926296
56.997385303761718	0.82128605669872679	0.25445881031083978
56.504098565615237	-0.99297418474837418	0.29551799072381063
57.055232944508255	1.0864707348812428	-0.27298017562717886
56.168409913276513	-2.1962836178014582	-1.7854082519739218
56.968893868906569	0.449272765648707	-0.6277837151539315
57.125678157006853	-0.54724925491614385	-0.60387836672325568
56.1185825702713	-0.12189488950081896	-0.8900527443395051
56.349604024133313	-0.71552200935605237	0.048122131852860107
57.094640737576661	0.0024365069254327627	0.62483181450025638
56.737165427739264	0.48462447293144245	0.85032780831401034
57.035394281962319	-0.65580495066429434	0.84104624990195909
55.579827149865174	-0.39462040758293121	0.97666274967632238
55.681471503437997	0.88745827147261325	-1.3097663255122707
57.087689448916485	-0.036078437809965669	1.2807500949669099
56.617805074477502	-0.68026505772627943	0.78186870255237872
57.116591964256543	0.089384568008185811	-1.1975537703607593
57.449248885807215	0.88330646571944693	0.2350993577940986
56.326592164707193	0.6759721446004332	-0.23814053251440817
55.909318908284376	-0.65377913978405089	-0.24600195298503608
55.993835236430165	0.92210073866738285	0.14801899955178907
55.792021210544902	0.95816586199065634	-0.36615707655971591
56.362881743678017	-1.3058432554267665	0.47428970347731819
56.669230618997005	-1.3278561147751495	-0.30533593922442176
56.438585106927569	-1.0570617884247531	0.58597492735100065
57.438426894207154	-1.0838813013168449	0.47552229559046161
56.049830036714546	0.51075980191734471	-0.87984187267965708
55.737400324979198	0.82176182502543926	-0.76658759934161724
56.936129206344354	-0.61012871479209851	0.96133785377431169
57.050289174623913	-0.66768673177814308	-0.23658254362999837
55.809199817366583	-0.97237990305621302	0.23985922417331976
56.913778411183898	-0.85575202248697113	-0.73656584625479349
56.402290539873277	-0.21262580509659312	1.5364532317840442
56.898696643808975	-0.736783833196059	-0.4364883293160487
56.438830059301274	-0.83467693865932502	-0.67531983212978119
55.555585644185804	-0.45433565461379288	-0.44804730341035937
56.153462293528328	-1.0776524983441429	-0.86206733565226024
55.946998997357198	-0.051341131289016233	0.97148889014757978
55.87751080156572	0.54948965525306925	1.1288515452202799
57.192485254139875	0.75150686081072338	0.25341667457440853
56.763042055818438	-0.43913616420197227	-0.53872398029849133
56.311285845515577	-0.29301116434423463	0.68675034260866485
56.098795413076303	1.0620937641326975	-0.11127076778861862
57.24494579205205	-0.63269390992201935	-0.31528188082096942
55.551923917685052	-1.1237680936408843	0.19088422057680388
56.85134364235612	0.15166648660823456	-1.0906654449081468
57.083855613152821	-0.36408342586651687	1.1447801784842102
56.748080616573674	0.39650601270873886	0.75894981925025995
56.065117024185568	1.4408765329752833	1.1772115237259888
56.145299565479064	0.29037925256989583	0.98958285925269274
56.991452663053508	-0.50166517372454444	-0.70077249612226911
55.892248193167397	1.1673334226230598	0.64648631328113215
56.746082498377326	0.80556004981220697	-0.18238379347185768
56.666735554786833	-1.2878083511333327	0.20849336065051238
56.383975986866737	-0.61043967572601987	-0.83661644720801442
57.045443976255754	-0.88631437143374625	-0.82669895287557549
56.040699560311566	1.3651715688702051	-0.17639877220620676
56.968643895570324	-0.20842534261172593	-1.2151796799805377
56.663981330602084	-1.0231109870964623	-0.84553052121024264
56.070618269721464	0.47438224630302406	0.81408833251003898
57.290206536423113	-0.47801354516702571	1.0578341277725047
55.506231475771813	-0.83463678852163625	0.84427776975940982
56.202156469327988	0.019449393526437108	1.0459616736172672
55.559726874098637	-0.75103221279626287	-0.27104435277714761
56.321570897460205	-0.22054969584631251	0.50764237447374594
56.678556726885049	-1.0469353102754939	-0.56471295458311066
55.609325412301999	0.57351618088104295	-0.69690911311886228
56.141816787427793	-0.93567980725727473	-0.19363143246249487
56.200839861973719	1.1893676484609672	0.65447723204227581
55.802650311311972	-0.27789618017178835	0.74871643025130774
57.044301673093358	-0.67369592109349608	-0.16246530785286351
56.12682791173949	0.47731656454347227	-0.90702120625936156
56.120542971940218	-0.72643942552690255	0.68877937791206234
55.542169093644588	-0.68916711521225149	-0.96545085502297923
55.887179736087447	-0.71616470025164225	-0.49007233094732566
56.760947133439856	0.39291193286473586	-0.79696575140063652
55.814451125987915	-0.34834072853572928	0.72070682990564372
55.839555890716042	-0.30471466329966601	-0.90022150734725603
56.704771303568343	-1.2017852328079062	0.69246666607861562
56.689666851398506	0.88417114575517308	1.004883241146753
57.128389538647824	0.56611317652029658	0.99283124649288745
55.774390875974589	0.12653645618351569	-1.1433929461468935
57.15810935051406	-0.9427789311564474	0.90758511177378465
56.965463256298619	-0.9328389843891336	1.5479754380713107
56.909781716946519	0.92274275986016274	0.34730427838856931
56.988826072780938	0.12562675744444593	0.90113180744631227
57.435243437399073	-0.96087426454733815	0.040119515471091723
55.514270416270875	0.96710862989338509	0.78837531622907941
55.608907995443751	-0.75869376369049912	-0.32290315075840975
55.699221010577403	-1.3539823516658365	0.50981592714955148
56.783176665199001	-0.84888248318628279	0.036462364382434886
55.679826834076771	1.3377204841473358	0.41732240533089882
56.236549416276986	1.099207397359139	0.54899966564232539
57.436194592839804	0.15738628941514252	-0.57726497917264907
56.175068902361559	0.39485320736149759	1.0300651093617847
56.414390798950897	0.39038218536857872	0.91590028048454064
56.872401636409784	-0.08466061962335196	-0.48368989914695631
55.79248232205002	-1.0064362841301036	-0.25051858948370603
55.820259099945744	0.57686741937440544	0.0044332143809803727
56.315035110334804	0.31300086917678022	-0.53211849719587589
56.348865183251625	-0.79274772701258878	0.95239011780009097
57.185585875074317	0.058126115167104413	-0.72397491147189807
55.82090205054682	-0.27807818330796341	-0.59543703532579317
57.273182575918156	1.0692781340949269	-0.097340838511843192
56.729807338960306	0.35311502458201982	-1.1107486412000063
56.668244410822687	0.55461681011178499	1.4078268723478096
56.574849971201587	0.31910214204538451	0.95857925572585989
56.218648002385635	-0.96585509227161093	0.87376721131375656
56.373542507314994	-0.69477256400183784	-0.058941813303801716
57.191659259255957	-0.29426768578499546	1.1086353167550795
55.784724814737302	-0.86942663306633405	0.30220680401239619
55.587758777195312	1.1259782118528585	0.22669044830601423
57.474992227807249	0.5434741219424426	-0.69379853191640173
56.321435489198635	1.1945703420490452	-0.94202317511527012
57.036272156064214	0.64253450850200888	0.8130298568140496
56.919947829371417	-1.6601060882767578	0.46413317881242061
55.868519172049346	-0.23942313541496341	0.98365281333472321
55.965108585676354	0.21158174177026565	-0.87789558861041361
56.258067905256233	0.43051306326656152	0.88313259453653203
55.800869631555877	0.94885840036720415	0.61910795661798057
55.912700204692442	0.049705298549649814	0.40837572479993928
55.962721595981733	-0.8540689284410542	0.37144912280895731
56.403248088225858	-0.66463472479543606	0.64126748400778599
56.395289650062061	-0.39463222213344468	0.92375937353308968
55.828439671330713	0.12039295832371644	-1.1066186437621346
55.766728077888189	-0.66954092286942868	0.92636376550176025
55.950108249885126	-0.79073100264497542	-0.65122046621967289
55.587151717806826	-1.0081604445366514	0.13672344002894171
57.374574522408999	-1.1063166104603126	0.63453584374839334
56.894950530991458	-0.74044559715446001	-0.74017140177746998
55.548189334652342	1.1867119907749057	0.28559891729325437
57.216920819502164	0.98315340431548948	1.0652877261987335
55.632112397198533	0.85856394918201051	0.50467337103272725
55.742531151410311	-0.59097761411709271	0.32270405492243154
56.461174055240789	-0.26413112571869846	0.82576705833571096
55.573522301815949	-0.80193026753284569	0.20981126545318748
57.170384730001963	0.25964705287393836	-0.59294976588187753
55.895075651166501	0.332742408897651	-0.85326738701741878
56.049819808518563	-0.35543806244001458	-0.96819763724803209
56.689096512628751	0.032430425886633571	1.2289981786795052
57.017573465180419	-0.92722436073024306	0.45597404423680132
56.359876190792043	1.5886123354788819	-0.33194184630155948
56.679052127748392	-0.34505542514264403	-0.43762969797260903
57.114580838841	0.72933963706591709	-0.860084010446168
55.930449276111936	-0.63622056510197766	0.33155392049678872
55.576933245597814	0.91697858980134583	-0.10231791225736045
56.440259583622741	0.037471456279197381	-0.90366235394895544
57.168677781379543	0.66655596371186199	0.65932834592537215
56.465074682996686	0.94681295795344311	0.0072146515035203668
56.974872399000169	0.90516420703705902	0.96554919546141837
57.08881289009333	1.6668472195703277	-0.52682897447199473
55.37168779620265	-1.4363973139775705	0.10297606086075375
56.039592358199641	-0.59553269900280437	0.33561898642455051
55.683470002016414	0.74066410010717587	-0.56187954631274128
56.254136709517852	-0.2955838995173804	-0.86312273004465356
56.817897604578988	-0.44056233044257997	0.89498535194721518
57.204182144593283	0.19034687562366998	-1.237298099759472
57.148508573493153	-0.0019225653112094757	-1.0571025647374863
56.715451212804211	-1.0317373059828858	-0.38314884160063234
55.63535081447457	-1.2809730056411623	0.11088969929886794
56.779115522446496	0.3783695714305958	0.82437211720075698
55.739177421583221	4.4427218947819673	-2.0039311067707088
56.661138102445214	-0.29498447527262922	0.40389564578735149
56.254456794068574	-0.11310255615186418	0.85992246611131129
57.273964272970701	0.25871069517755613	0.63595104383921941
57.362946068799147	-0.99471110414622843	-0.02291506551208022
56.806167001710925	0.6100777610792506	-0.44488106143095318
55.876861126237934	0.02157968845719321	-0.91549174598438787
56.474440647196197	-1.3926956962789294	-0.21638536880054851
56.778232731041726	-0.14273768568985523	1.5413036957300523
56.619914052195163	0.7604086900520548	0.51908465273174531
56.017992974363906	0.26339054865756478	0.93761278475958565
56.782084255582802	-0.80604820847913183	0.27381456578476188
55.5946721139291	-0.59773805425585902	0.46875153581135764
55.540521701739578	-0.26064996945396707	0.50458737263508224
55.826745473146794	0.94175754457045613	-0.32164752402331803
57.073185109134137	0.78053992273413242	0.28724226945687414
56.873910589356136	-0.78740645611747206	0.66017927777641261
56.953409785706064	0.72562838030976762	-0.95228146087431831
57.199176447956965	0.19429944842884148	-1.2398721417659682
56.532009729024978	0.55674064743516583	1.0874710185244563
56.515681525339396	-0.99182829232756564	-0.65564954819196164
56.040497969067665	0.92026308334959761	0.56849742171379125
57.129492278460148	-1.0911711997231395	-0.54905676545979176
56.965820484023915	1.0474728641414033	0.24762817517861058
55.810505437209834	1.1056325812869257	0.66735531445609486
56.298642277512236	0.69598798153288199	0.88677573329356996
57.170821564524857	-1.0694581871091582	-0.56903638431398684
56.053115583448665	-1.1945665822950291	0.22662835282439336
55.73644134150544	0.76614359197032167	-2.5420807770985538
57.11048761901084	0.91017965683688684	-0.49453900790329441
57.111524531898162	0.037912129192843112	-0.99829206945373394
56.598525740878721	0.77309237218264515	0.29351784414723747
55.952200843281858	-1.0834637376258576	0.66201898339119369
55.459950019264596	-0.59967126526716319	-0.80575513140421151
55.840863597711781	0.4507417367778685	-0.93067793042836278
57.436639159882922	-0.48965451324710413	-0.87240059437201833
55.656292632774232	-1.0470213683920708	0.4222518927480079
55.838292422048269	0.074620061018959266	1.2492188163868536
56.061151042610888	-0.28392028381145129	1.037058757488162
56.501556865005966	-0.36642196474491417	0.14979205618019359
55.747232134821843	1.2200566063238227	-1.287056461493332
55.493510149654718	-5.9630237997316886	-1.1739553153727045
55.585611939648196	0.32252979397102544	0.61811243184275455
57.374715016423401	-0.97465438433464946	1.3335061743717391
55.762551543246339	0.57500126655156469	-1.0127243556703887
56.614053345028147	0.59646644391205517	-0.83579421807891097
56.637120869313293	-0.9277006914032746	-0.66270133919783614
57.286140524024603	0.96111600784029882	-0.51847499273527997
56.280944947912396	0.88946199598281528	-0.24889656421857484
56.853476733875596	0.11027477707794525	0.71201788506025654
57.001764190615013	0.81681951467742075	-0.91547021406584816
55.681913282049102	1.2018259437592822	-0.19608048409991963
55.555072288925828	0.30359267602897727	-1.1456374108734511
56.448238477370353	-0.71264422666967686	-0.2686421626148755
55.915917446299396	-0.78296244633155465	0.2990314190454067
56.106281796830167	0.069830263056532907	-0.59952051224938518
55.837537107340061	-0.67142879136702249	0.55841691758509415
55.51876344931712	0.11048197565472152	-1.2999339809956458
56.314581116214583	-0.9238335511561746	-0.52605085938921126
56.267048281457122	0.42828372337970488	-1.3159017153249259
56.475781054675316	0.23722064734473639	-0.86628863427492797
57.273281606908505	0.66289769106836993	0.76363573222659931
55.670583797411908	-0.39965003425486167	-2.00297348465892
55.257642676979657	0.92302809562165222	-0.0020331840970103528
56.334534255147247	-1.0172311479357266	-0.63939519815603196
55.987594958625529	-0.86067467458628899	-0.13242393832345364
56.561930570114825	-0.88255454616749085	1.0102146965786813
55.763731462431672	-0.20771501206578075	-0.70277357717022837
55.716001723369239	0.81536331624189118	-0.50876472035739928
56.810714532360535	0.80731437172665643	-0.27757865440948665
56.391744550744527	-0.7702794050521502	0.10710380784789243
56.901724622911615	-0.27962358746964988	1.0894599552599411
55.540899270445777	-1.2648056938024501	-0.14202647719513348
55.60415707992356	-0.10456966155845096	0.85056882415580115
56.400912209070697	0.56707797425505879	-0.52509711474430998
55.590957627353319	0.26953636090172856	-0.2084194977039634
55.973451055235124	-0.14654521185039765	1.2175379108193229
55.662915101327805	0.72465856764734904	0.56816561388784614
55.778843217687509	-0.11390589164473887	-0.90463087400803699
55.444819435667156	0.83961976899308832	-0.67334799496963482
57.094100239923797	-0.62693348051219355	-0.6661126461141208
56.47903035598069	0.60015325088276927	-0.68001908281462509
56.128256145753646	-0.86974087536574407	-0.53466248749236966
56.172486953621053	-0.51011759489023234	-0.71273807954826984
55.863854172702545	0.88124990904071676	0.15631335615276895
55.999636425941247	1.131388031871571	2.3210289689331529
57.110473457404311	0.96413669738028573	-0.13172190929160407
55.406992841984966	0.12042062949397603	-0.77422166357757127
56.752529773817308	0.66929845545265898	0.4679861103697539
57.26914604710926	0.82917613785015354	-0.43304691628863362
56.299970349510026	0.86849064737811366	-0.23909312264996579
55.877839595681337	0.6810318176089839	0.67234639766206794
55.99978283997455	-0.53822829170015463	-0.96274770502178397
56.783794244905565	0.35565099853014315	-1.042491794489401
56.30622524735864	-0.30205539409253318	0.41755321793245559
56.056948459231684	1.0157047892477562	-0.71466440083919758
56.148539728631427	-0.58294152565885615	-0.81683863358490572
56.953209054554257	-0.014962517378806616	1.1289995284488314
55.916981074140807	0.30243705183556002	0.91096795996387792
57.268767787097474	0.027528921591250758	1.3050451846508229
55.981500735500305	-0.8090546730962459	0.75869025358526132
56.48745545573874	1.1772220369931221	-0.3793566791598294
56.7605875943161	-0.80818509827240981	-0.26789162204721956
56.472091586648453	-0.51775625049138752	0.73410410885988187
55.816573168663602	1.0827805060746878	0.078398451427447197
55.389532395567464	-1.175056919836015	0.139163291551996
56.095193011291052	-0.43178264600671323	-0.34615456279392842
56.259596233227761	0.17466543049715097	-1.4393455536758404
55.770418913671264	-0.39601345923155024	0.58236810873716938
56.246755089459029	0.03259253365189551	1.0473755801429383
55.999163937458569	0.49642770983697054	-0.94638032528936777
56.482194014071993	-0.6807776357789963	0.23907730571638219
56.117550106029817	-0.38666500090203243	0.61634467395827608
55.531281643322806	-0.85942612736660218	-0.095173221645441688
56.90019462665893	0.033109047681225467	-1.2612463019188798
57.394131985425773	1.1967074609345743	0.060909208613418066
55.638195871922981	-0.20003546516272566	0.67458001072509055
57.410937761754326	-0.34650550543726705	0.88219005074543788
57.10740185992271	-0.93187213997552643	0.2864492867700989
56.275592756063006	-0.64405668837502006	0.96707759215964595
55.830501323950052	-0.42690385550707755	-0.80990029444570544
56.7987546635323	-0.97884770074832295	0.29102023273178729
56.481982795945868	-0.31867361890725304	0.062378448907834526
55.970127279164494	-0.35667865355760819	-1.1721370628041023
57.427210380978039	-0.46307324314342119	0.09991570856231978
56.545830589584988	1.0920986547831901	-0.11107128256683381
55.978999846941747	0.44180250204265975	1.0240283424320142
56.261849674623889	-0.57595351018434748	-1.0626337699333139
56.25330933439254	-0.93676087817814957	0.050583376342069206
57.279668527024057	-0.96713922419523546	-0.029763186198275528
57.134810656479921	-0.4989183902459387	0.60952715962712689
57.076394300861736	0.067377720163813659	0.93858568038921242
57.107679399734572	0.79514042315112254	0.20109795255251248
56.590573889036705	-0.17610399624483905	0.59849953249142851
55.601673939661538	-0.057160790946256548	1.0215851652498553
55.341694003946323	0.67949032175551471	0.64448804915514057
56.5635348229833	0.17055565549515922	-0.59396014401155228
55.701378788373631	0.66436203697451612	-0.27125501447998357
56.147902877140694	0.15225108868287832	0.74330561770552062
56.176791085383414	0.63933342317662079	0.72367005750308855
57.035531052100751	-0.74739023727288845	-0.52414243768868363
57.408442225882204	-0.88192400913978397	0.46383208071153159
56.566547783202275	-0.7518139443503109	0.68644997241053662
56.105051054273666	0.45457318590068174	0.5683180866976828
56.070720592051217	0.99940384289402384	0.091770114734835526
55.759755043390292	-1.1812339928261488	-0.28504306581788541
56.333070478940179	0.99850562822295319	-0.64479177409132471
55.692042141291637	0.20612311502068678	-0.88067542568602253
56.544618027344313	-0.3903028215371076	0.61209210905583056
56.208657230701029	1.8961637098980517	1.4592867686676223
57.51715002500314	0.34284012161259603	-1.2406535402323384
57.360561094749549	0.72110455390131345	0.70157065313289924
57.343782074635563	0.55330607367408824	1.4481475566834638
56.088571844997865	0.24067906556792323	-1.3288570265032282
55.419943175568825	0.60028419102259301	-0.6017245730760814
55.489210102701989	-0.29997730570518188	-0.73701913868575575
56.843654416674816	-0.78091003376100854	-0.33659177403960733
55.726879431739192	-0.76016424736157684	-0.84290398142614043
56.925778283517339	0.26323780893105631	-0.90421528168228271
55.767079215376235	-1.3329288465070057	-0.24726307659896127
56.265467528370891	-1.2080838332868198	-0.80135429013168824
56.487455807218382	1.4142422972308515	-0.28519409235091636
56.405297573589117	-1.2020517032379368	0.61890053971413939
55.68093948759865	0.81221140885510112	-0.83546740768745953
57.308589488808757	-0.59427795024235841	-0.87247345159063994
55.62615865919571	0.56846011120156215	0.52125485270970096
55.652783144968701	0.37880958902102901	0.80527499182491369
55.610060566403334	0.2945778842653094	-0.65271406056203685
56.17125637565681	-0.19113586439766039	-1.752694195046153
55.833346812425212	-0.99132193512132294	0.66194721110601695
57.293994400947035	-0.75653917774671908	0.84328384967852554
55.933066092381907	-0.23064582528395658	-0.094333688847107078
55.498002671239256	-0.70692316669461974	-0.2014663009407868
55.969560236988173	0.88086483971517027	0.74405343069598928
55.704852006329396	0.78489520476894814	0.10227597650903676
56.672786369094901	-1.2499188385722082	-0.15762145661072963
56.372413596767437	0.61935167334943309	0.1276826429197421
55.800053215299805	-0.2870549989850345	0.38936607399039974
55.647009096781815	-0.2213603410198047	-0.23708782401523171
56.059317463409037	-0.13098023795272948	-0.79152333850778089
56.105563801811357	-0.079000218179455406	1.2303301058777201
56.189932937273092	-1.1290836196320244	0.59129781205683818
55.487483333060773	0.36161483411433032	-1.3514925608913171
57.321855462229117	-0.77288702708734813	-0.18518311953435648
56.978620961521131	0.50528929552784496	0.61596960278754975
57.323877113129548	0.22577000135752759	-1.3516914460542784
56.353244010303129	-0.83572583104032228	0.53403001965986663
55.315863422814836	-0.94199337479598988	0.33162195203347938
55.318787974002994	-0.66770493398966035	0.21690610171797492
55.95545917631366	-1.1671799873245392	0.86090345009634905
57.342378155026616	0.93718317210417423	0.48991863611256881
55.493795913817671	0.019637783511748764	-1.2020585532403312
56.371552157877943	-1.0170408628426195	0.23067671851321228
55.940158066906243	-1.3404981150396911	-0.72699644274519315
56.296423088329888	-0.88992314775064163	-0.3719240777920339
55.557764614075282	0.96591656310956919	0.32380256311638633
56.638853072811187	0.32213081075869837	0.70881642175931092
56.905384477525949	0.037100422506840827	0.96872962576684452
56.817465750728786	-0.36277461873875722	-1.2173511965629102
55.579098168110534	-0.29686560577218102	-0.76073159143370028
57.347032995506666	0.046942399057903129	1.022864858081949
57.091049105564323	-0.80026174845275966	0.52406343173769654
56.667543885041042	-0.73564704283443338	0.31231632845715407
56.888338244705963	0.69119086773399585	-0.95914501362284599
56.2226504632714	-0.27318560592928359	1.0441058863380035
57.249086905855961	-0.17448534056126358	-0.78159282868534363
55.778545650516456	0.05827030490860844	1.1063801327762353
55.83262630115761	-1.860896095240953	0.23653720696730388
57.322468893019384	-0.94442151292163456	0.3080968531906827
56.488114397871747	-1.1797168790052621	0.51834974708056381
56.809153867932956	1.0429002413250186	0.63741382499675103
55.777047724559282	-0.84629708622202648	0.67379177117128619
56.225813261277509	0.94811068657707931	0.39974066350035242
55.533501209432835	-0.87915090203685387	0.50417580317310251
56.938835356616089	1.1233860896729342	0.038140000109503566
55.627619263735646	-0.33126196609091491	-0.56863765235537977
56.027133146974421	-0.76068917906061739	0.1489797901463096
56.920845010211565	-0.55377545104143666	-0.83996890418364722
56.948152482089242	-0.052854519629250994	-0.64848350800536247
57.240101118079799	0.41216785122843869	-0.81964300899148534
57.397702029715951	1.2060237668689153	0.39192786209742997
56.126500087359439	-0.39173848169229064	0.7153533829037918
56.427470563668912	0.61763683568445671	-0.49780419226451106
55.662040256697082	0.22308863815656191	-1.1891160959576315
57.020038006512934	-1.0697102949173096	-0.42649607489828112
55.404732606384897	-0.87498490274135843	-0.91388493126236214
57.385079498329794	0.96269199912657111	0.19524884296130784
56.263287985701155	0.54872388538267958	-0.37784360078969659
57.26067549049079	0.36882269378582355	-0.78285828341004937
57.198863703041887	0.96379102977641096	-0.25601179033466764
55.649671808602832	-0.39104494233108905	-0.84007876084933431
55.917023253332324	-0.088688720328706713	-0.85804280717206727
56.356820886779737	0.42914041775396206	0.8917239501076516
56.997925783664662	-0.78885189250140964	0.7714734329031091
56.658226892978213	-0.057908761465757401	0.049303894726174566
56.517340511002033	0.82252402207287023	-0.38972106820909963
57.120133438002973	-0.64736628564933762	-0.48478563473029995
56.608105785281616	-0.43628145086687287	0.94000225077588107
57.222293102915806	0.034139926001527147	-0.87230522203693339
56.894055167601316	0.80543011570390299	-0.1026616973583353
57.2183840963758	0.25622071611080677	0.71541646017872029
56.167688694693354	-0.26512448903542923	0.92111940396195346
56.774397170328832	-0.48099689567449916	-0.94911148425991765
56.343430763014247	-0.30241928354165015	1.5611003164666237
56.412037795312713	-0.46196182793341839	-0.68402596826981898
56.414856535939947	1.3313471875494896	0.66587964166270197
56.767211967889956	0.51968715190379011	0.85312211975567454
56.973493176055861	-0.33738857553566798	-0.8667786682455435
55.899685501227076	0.57101039701409095	0.68767050850176015
56.374957161645042	0.42703600460132118	-0.54627563743642438
55.562807021718932	-0.21091751056218944	-1.5298711988719025
56.360345834696346	-0.15525141325660288	-0.98822489896248411
56.938010235317144	0.32473443451020456	1.1424885912890461
56.145467188298049	0.64221897002074879	-0.97268261783535059
56.45158222214183	-0.54128212541845611	0.75847619361857421
55.423221634494773	0.78333774165025616	0.75560216450426609
57.024614810884458	-0.61062995992234737	0.48592724822946243
55.472419422855332	-0.17847700646944764	1.0787208624579614
56.17289105833413	-0.83600972522331862	1.4966478793866851
55.808472900887089	-0.24925174864804817	1.2378912572496923
56.314343721441873	-0.4529259779792737	1.0534406502265403
56.688854741226713	0.93159177150031491	0.59758480905832279
56.811629022974245	0.021481721521115243	0.88282058761731907
56.303989790508808	0.9114642507162688	-0.30137891386214816
55.943544309129365	-1.1793842168892987	-0.64978113711351115
57.100456584331859	-0.7385336444578835	-0.84846628773054755
56.785718716442638	0.73138563640668275	0.88124297217313174
55.898445181810828	0.80584057051283697	0.32284973336545819
57.066918266128091	0.96632967204803533	0.6337361774863226
55.938977282452129	0.38734053113248507	-0.59965637817303286
56.450699289503781	0.52687859361552913	-0.82315875414065998
55.648445049330775	0.28742364860434189	-1.1208593620477398
56.5056189891597	0.97558842487149322	-0.59407101138799279
55.381955251038185	0.031943609760128652	-0.5308665350077022
55.762736516202807	-1.3285195735864148	-0.50545919349826851
56.90333386512831	0.99226853293664941	0.23081954597636897
55.692175284377882	0.89367814663924672	1.1993835359629643
56.367485571202344	-0.21463450904035447	1.1461099220340092
56.290612104872913	0.75999615092846018	-0.65309390892661678
57.298739722905275	-1.0298167460135863	0.84241120021951965
56.602844699362478	-0.81181021566988143	0.27852355176224347
57.152705861778983	0.44190333934693976	0.86497203919646826
55.636425392905004	-0.8334173271973685	-0.74991864457751989
56.081291756823383	-0.47234629654509247	0.4917193943073131
57.332135655688184	-0.67969890242872255	-0.76076076739264553
56.864818825754803	-0.5888428597988995	-0.67478456139770937
56.058114707881352	-0.23839021330975502	1.2392860216983257
56.316055063349829	-0.22719841030229221	-1.0639126439250262
54.794128757605478	3.7520852820782515	-1.7835759248689989
55.904208513457107	-0.56449706639158714	0.38469902786887222
55.978640339016287	1.2258153049499254	-1.5891849131623641
55.552127606641172	-1.0782909793920532	0.29617759268036076
56.146461421915966	0.69580514983754171	-0.74146806283828959
55.762110117165882	-0.16311660425768937	0.89799172629855306
56.490481200162051	-0.72913630035272303	0.066739751897101671
56.916513442462552	0.69267013002387168	0.86319573370679348
56.759255070912914	1.0575192336864101	0.11521196512260823
56.186145496097467	0.43095376248245504	-0.26121771600728666
56.666289224613557	-1.5149607075424427	-0.029574392251111685
57.184066544218275	-0.33163075809397891	-0.85826454562917076
55.953569064276998	0.43543524897781016	-0.98134033541357912
55.901956673779218	0.00081509078785647611	1.1607554998053056
55.643628925464036	-0.41097029012835101	0.46406243794883489
56.615153038625778	-0.59000069252887566	-1.0084305403621707
56.660104925219223	-0.86405355109764526	-0.2851388672260563
55.332817344652753	0.45916725018828336	-1.8561455450237863
56.019615419941985	-0.0046302281204868515	-1.0743137906256846
55.394762089314177	-0.69767691025465106	-0.32041522438319009
56.591070110855924	-0.34809129308452064	0.96104174383301477
56.831779251206434	0.52562490559809472	0.79141628933908748
56.677058309901227	1.03470155614301	1.8362689146130544
56.698616634177192	-0.059104447509577607	-0.53222644655222617
57.102503952853155	-0.69411838624446753	0.41623940747835325
56.961829192130047	-1.0830248000495932	-0.39128348205416685
56.855883009377713	-0.77564439576332889	-1.0254305012180582
56.701392877731799	0.9873810414241001	2.0140807846255209
55.821208185534971	-0.63912335733459114	-0.021320044940642623
55.513154364098824	-0.78076016118149727	-0.81653333689178575
55.867544699660129	0.53248005978882518	-0.40084576735291499
56.235023447963883	0.92088408707684	-0.59548849054945907
56.793501451283134	-0.98600600969951657	-0.24894922810240475
56.995216416330067	0.020807182955464267	1.1095846682756048
55.947496014666903	0.89160792610469619	0.49219914762370404
55.446446857746388	-0.71058473947453449	0.91832528039325745
55.965736022246077	1.3230058059504417	0.2822645325381829
56.704022260989177	0.46705493249533397	-2.6406026490044257
56.669091110996632	0.74028980187086368	1.1530399234758482
55.85116963653973	0.20579571832543858	0.57209304608479228
56.32017938350414	0.65409015751997734	-1.3592569538578534
56.971452823706585	1.2056753947439078	0.035507867692875242
56.055712384569006	0.98892451298496786	0.21981217942478581
57.216661066599549	0.79121472358704481	0.53229493681399109
55.559868920645755	-0.81694470462208058	-0.52831508859682508
56.364462168927396	0.47828325064769434	0.73721946834118579
55.46693456543256	0.71970185004483322	-0.90622148104042544
56.178369941310805	-0.071527337140058378	0.90173863848137903
56.481491740075903	0.51905127828039865	-0.80290717922455046
56.939506613540949	-0.18221639497077707	0.95348563647707463
56.934838265370935	1.2035011118747452	0.067205746702669045
56.282139142061972	-1.4219325230626294	0.58729250755593598
56.092139170084543	-1.0481002646051949	0.28037417768141581
56.577276896994427	0.53621823291761384	0.85978303359822528
55.402430424666981	-1.4951534777245712	0.54722852271934497
56.823606861244627	0.70278697538675283	0.5828728322375184
55.879692324289735	-0.064999798871903186	0.36445039338955104
55.574456129967736	0.39467124260102238	-0.92128725204703954
56.111214676827792	-0.84746635558719108	0.11314965693646324
57.294916859585548	0.18048139369620089	0.80713150321137372
56.826452092727287	0.44887989109828713	1.1056033573443373
56.300852654233175	0.26650266188593003	-1.2223060376056605
55.888358419977884	-0.52181552818350074	0.79505363409347052
55.633527857703946	0.69205201980941156	-0.74378949916165704
56.253383877024461	1.1611500594290167	0.029368921739934013
56.55660567029603	-0.85618794261719244	-0.61298955370489028
55.633164504339142	-0.41258226784841262	1.09078083829769
57.032622115535084	0.21656340524632992	-0.58330450388333166
57.361738988889137	1.2485021372376583	-0.67955031421174761
56.807417747043232	-0.83296201327947461	-0.5718101425849631
56.500983190047222	-0.85195404361444782	1.0293228277611115
56.50798876151574	-1.0622537437623039	-2.4090476759934512
56.057589421335393	0.25963858493422676	-1.2892701677633938
57.015764066118614	-0.81430457187989969	-0.63855912368898615
56.975648940918276	-0.47235152996254576	-0.99627734275548963
56.373466079880956	-0.54068349345345834	-0.79542916402407271
57.07192521355158	-0.55091758499169274	-0.39986375739756647
55.523774116028548	-0.97079373507522937	-0.94408139613470077
56.338697029534359	-0.80016228300708758	-0.27829236228893856
56.319010185939533	-0.37120956857888959	1.32055298653405
55.888828698954555	-0.2689577578569769	0.14209522034913735
57.112726838809351	-0.8972408165830954	-0.76102701808150797
56.508102097176433	-0.33475727312508058	1.3155645891993413
56.453578016344778	-0.24919134264218237	1.1183553784669769
56.734203593288079	0.60467499772196542	0.46342426820335736
55.83988057301513	0.44533979629357229	-0.89283226378432345
55.626129816166127	0.7585921594597862	0.91193524988632857
56.923735924105785	0.45940195323804406	-0.1825201721612868
57.044053596118346	-0.72495471444196535	0.61342942801909806
57.213302008945455	0.078368275520814087	1.1651826888728487
56.561060448612253	-0.85687226625926027	-0.25963392479847419
56.78593876838476	0.042114918225187599	1.1100169532586208
56.656603005052929	0.17094169421657779	1.1733958661677772
56.315366284083318	0.80561620282905966	0.50872740726430365
55.969256203686413	-0.8177261393204589	-0.1661274109666252
55.900308929796374	-0.51942945003406282	-0.87974045389037447
56.402333122295673	-0.61862470051658558	0.31025846463260059
56.871460812875071	0.26788199100366306	-0.7975064050816173
57.158257816442671	0.96250184206618794	1.1053040605056896
56.908280921390876	0.23936035256886895	1.2313596085249083
55.611267068590905	1.0394164723113575	-0.081477665382528361
57.188008362559522	0.52957278464390523	-1.0247196462660197
56.319093883340251	0.70476379883760287	-0.79122185311008086
55.63161500143746	-0.50520730785444024	-1.0276482746419473
55.486537271921534	-0.74904422849297536	-1.6054719284115904
55.441590915865504	0.95437898363698792	0.210487465219207
55.75390147833577	-0.46117016071182992	0.72074329370112145
56.424998993123488	0.96376231669030232	0.34185928698686185
56.053862216846959	-0.098159410255557661	0.99802958048409962
55.902036018841805	0.90066730983992416	-0.078802001237741656
57.184632805861071	-0.4794048881352771	-0.66315460592438746
55.873535800632325	-1.0891730944138149	0.38163403199182283
57.019186890494794	0.2539777277127257	-0.96201374951295571
56.992657014676929	-0.05246479385853494	-1.1563298702469218
57.119691004655309	-0.2878022643097442	-0.87438469472259051
55.966129086890014	-1.3760180593256202	-0.54023017516667171
55.96206185991668	0.23732352488508854	0.73692072645489481
56.849736905778386	-0.89543647765497414	-0.62241371162794878
56.773659734841146	-0.41227404485596197	1.2179836121456913
56.419522512143331	0.72269329503107083	-0.044295830756640772
57.164789288104515	0.17170376959577155	-1.0082332327815684
55.519943906189255	-0.9569847816641921	-0.059939015097121684
56.41187839370879	0.070176720310161589	1.1468802867164327
56.7557466286855	0.66773330609766757	0.20819315944182176
56.039697915902622	-0.49802100937786853	-1.5504022878136581
56.116890587180961	-0.82761791702633913	1.2709461909187745
56.613081054929793	-0.2132601607580453	-0.92143174564143715
56.312257117407981	-0.72511639972089004	1.1543680403392302
56.627797957563182	-1.1637884451151081	-0.59161789015195021
56.476992405856095	-0.64191216596834855	-0.83499734733767839
55.908642397173089	0.87461433829889668	0.13590982127500434
57.073070181889122	-0.8106081800965188	-0.018804058910772629
55.649887552583422	0.17727122678505872	1.1088171902895727
55.837300192610016	0.32692453022475276	-0.29226228234286639
55.492217237736938	0.19345741142332118	1.7909025668086362
55.946121104055734	-0.91343699258152267	-0.65002139825070637
56.466677665800091	0.00096876625587133565	-1.266100086468859
56.346931355795547	-0.94288642291085445	-0.46541594203662418
56.549752955217706	-0.083700916692660221	1.0499396562793895
56.333964470152026	0.78984634088582695	-0.91915371665498702
57.325431397384193	-0.9416137038671053	-0.076133844432010059
55.598708222429728	1.4536121004627003	1.5310480090105476
55.769802366645358	0.37890260295575662	-0.96055499728352445
57.312392609397456	-0.91165804354712587	0.49506188054941197
55.851903013756989	-0.19640583683716151	-0.72863700427650235
55.923147544985582	0.68132734478581314	1.189813324935189
57.04678228022329	0.82406843657217688	-0.36282901784291433
55.688486783887498	0.32960550503120362	-0.86829049867111063
57.109790544479395	-0.14243205610096268	1.2260076852465673
57.24023201387935	-0.83928546870757625	-0.55919422988784084
55.695614291597153	-0.57902013608147174	1.3692151123704115
55.843964124634759	-0.036509183622081852	-1.3205520412023015
57.084219363762223	0.5388775390671674	-0.66763654366038672
39.892032580911106	7.6955214486968844	-5.9834076890464676
56.423405468469511	0.46478971131362695	0.64677282127769975
56.947919507356964	-0.87931276233034106	-0.66229581703091045
57.209962886560696	-0.88648782158761108	1.0025846993457643
57.003903021677147	0.73290599645864107	0.75873348320112466
55.610535765336031	-1.1191695481664468	0.22860613421516199
56.834917300486353	0.59379520452770662	-0.9971078921555806
56.70446042762201	0.84915444436534271	-0.44587861599229595
56.289187561228594	1.2154598789045079	-0.059075206797297219
56.065303012143502	1.2414324402910522	-0.11692048740949466
56.805457493380779	-0.18797960457612906	0.94932121757575627
57.311008903828991	-0.95441864217043115	-0.7743530089962769
55.602110351812428	0.663249370511098	-1.0337392565142156
57.167046614285709	0.77969562331886288	0.36628089873711428
57.235124914998174	-0.23432219087424666	-0.89363844038569651
56.630562005544654	1.3535267495976573	-0.486762326882614
55.894824953600249	-0.25142714244341086	0.56638281592028239
55.947962876973392	0.17014052535660859	-0.64093848264405118
55.611809942114782	-0.92129259515403372	0.71923759271749621
56.130896229072484	0.46899540470058804	-0.28327075162083504
55.794904757559458	-1.0822715644428242	0.53778194663240875
55.781923392669192	-0.88924729125796642	0.071365292038389622
55.410041370837327	0.42741884979700967	0.66362058817117098
55.924112485651577	-0.87197987380876796	0.21919883144426119
55.302135401072931	0.3370645127900625	-0.99835989408506343
57.087272609398134	0.78651398618526369	0.36116280803526674
55.877273324211338	-0.61603279227460672	-0.3643732787172565
55.372044732376295	1.1783747263583859	0.20948779397897024
57.188192448943077	0.91627989001058141	-0.087510989253376775
56.992553958227575	-0.74858783612657798	-0.054540472981207518
57.197076718000595	0.27610656167112335	-1.3671284583260492
56.288325053348608	-0.7047554962071243	0.49741120375030334
57.127228270811962	-1.0418142229154899	0.28283376500462815
57.336944913151541	-0.71225494602384931	-0.40188704631624433
55.635852615321156	-0.12915439305441068	1.145205809151874
56.892225580738618	-0.77525797125578677	0.48738209467727484
56.28530313721464	0.9596014510440406	0.099546931399235775
55.748272405677056	1.0564575188828673	0.66306517912550444
56.538427386532845	-0.49190044656698823	-1.1161387145648916
56.327189689162395	-0.80450848545506604	0.96385440498641473
55.859030492963839	0.93685883875043929	1.2706388415360617
55.732958376090799	-0.85209144524103553	0.80723588900077825
55.635318511956086	-0.57252657444419719	-0.92646977318901347
56.39960295852633	-0.67596379157975328	-0.43464361700134985
55.693729217334457	-0.73096882500250315	-1.0858802516844352
56.930975334931745	-1.116180974938934	-0.15832080899139858
56.451055593540389	0.62655268445287693	-0.87124320096952945
56.02553276387281	-0.99847244131252022	0.47108703847267924
55.673771975138962	0.80029528228840796	-1.0183664378234327
56.726457508223753	0.76843121567053851	0.49646213975140763
56.371127987768816	-0.38626959944561756	0.95044679305065449
56.085496421240848	-0.70483090927773229	1.042877103993517
57.103144379659341	0.058298560090424049	0.87247587234870272
56.664922244039609	1.0766806461219627	0.129727962404912
57.074551692712411	-0.29808489828937529	-0.64756264471855352
55.569146035403612	1.0026824206747353	-0.73450754143005148
56.613085783640685	0.51162946439599366	-0.44981803134055059
56.166671401272254	0.96931672649492528	0.18889837419105218
55.699183193373749	-0.32208389021798467	-0.83498070828381965
56.616714125571185	0.20683852293114638	0.69794056881382327
57.071613149863886	-0.087068295675640853	0.48250298375497208
56.490208502434065	1.1989230794891015	-0.51884928124661345
55.546468245311367	-1.3398493312500772	0.47235607921154493
56.015339620979596	0.76222746068195646	-1.0134584829610316
57.276835910408558	0.4507114099962552	0.41132584795505039
56.339594718392441	-0.90201320214493963	0.95932556603287278
55.767482097635622	0.65197494848118176	0.84544037284905071
56.965945366081172	0.693110757762186	-0.82230207121753107
57.054458347932304	0.46101134510635072	-0.27443039544570891
56.218494366308917	0.46514096059261822	-0.075548319280533599
55.996874529114024	0.15230309986627633	1.2182924583378021
56.72231953428669	1.0842529367173424	0.69327952404534965
57.29218199709824	-1.0191116241629088	-0.25539231982364824
56.73439313823696	-0.18512655741517806	-0.98843996017153768
57.131226142646618	-0.37154796422378228	0.73317441964546093
56.259000470206793	-0.3136987574975158	-1.255321600370856
56.788669874430624	-1.220851288272335	0.53576959618607434
55.726349245163206	-1.2155169358705022	0.069314055914616063
57.241671987701125	-0.65790961954898752	-0.89502216216931851
57.421551292657767	0.81805205121724911	-0.86181927754951493
56.634947570084869	0.83249570379054316	-0.36113774687918843
55.723142050953534	0.25595219317636758	0.87930642808491777
56.145750803493257	0.64140934169020014	-0.013075433279370307
55.699070863234581	-0.56589573172831686	0.89984808184698062
56.657243186776263	0.3840820960205123	-0.92871076295385946
56.232595738092527	0.59163160842109663	-0.4492251840900694
56.249065368390418	0.2944772751687203	-0.84725409789557349
56.726841334312866	-0.16806184075640454	-0.81737360754745403
56.686574253290821	-0.6630843002748027	0.43339254829852686
56.915024342457009	0.28751239624914637	1.0872072774668844
55.423206782509212	-0.35851870350525095	1.262804540594358
55.279390734165816	0.15370946840873653	-1.201742208450719
57.283091395091311	-0.90211540744373808	0.44612736290994931
56.547419227509671	1.1452191919143473	-0.19450727836193263
56.406965330796623	0.15452599077117887	-0.61557472139902525
56.042791288868798	-0.41725914995256075	0.49746596076764976
57.192512692758569	1.0454773830810207	0.68401235153954787
55.547370488993231	0.77826265370431102	-0.17608175862318537
56.505109348244183	0.2233971058449723	-1.0029814119710918
55.850559120357758	0.42097957253496665	0.63191925233385715
55.672165018787418	0.81697377864729681	0.055150031976474674
55.994887149821388	0.51022767268138725	0.94699198978377663
56.03628760843911	1.2628313481749596	-0.12181815050533676
55.484840428757124	0.51768143615455098	1.4832100694459289
55.82090394483167	-0.33786069896716975	-0.68075665846670153
55.746645156536466	-0.99310320431070098	0.47704263945218361
56.586284062217857	-0.26078859877647986	0.89273679289156671
56.361716878967563	1.1994091820433594	0.83281095131679428
56.212272540513723	0.68980664190264651	-0.048097672617094932
55.681155430418741	0.156752680789776	-1.0103768340203514
56.75406490708724	-0.36420761005629176	0.87097147598946723
56.369944035544073	1.3440667297294009	0.069458663024678027
56.947179141974779	-0.090670129193775512	-1.1904381956417882
55.621503633790134	0.14591230240450548	-1.1900721470185427
56.924368915346996	0.50764098739384833	1.0853048324382655
55.955682030056842	-0.26749576173455253	-0.70992944906088529
56.906352188310258	-0.92815030670762932	0.15865155610281451
56.573677095524999	-0.098586294680821723	0.93581516954014088
55.609668863705537	-0.11995055095208253	0.82577291869553815
56.883044357907167	-0.91351403940888631	-0.72445121539788748
57.062380533378224	-0.81934221749801672	-0.064155960204349091
57.120977652102916	0.79528011459577097	0.28931110820096478
55.928364184270897	0.92033618358644276	-0.5574792502749959
55.474681839745337	-1.2383501208919518	-0.61135795582376395
56.36630507206818	1.0280301116085433	-0.04016259948113881
55.920565540366773	-0.00071038762543836564	-0.91615547888761828
56.766332001348857	0.87308336690734478	0.40404004507411573
55.356457770176036	1.2101584915130141	0.27988966172455443
56.108261053032784	0.28637888155088903	-1.0684144106587681
57.246454824042992	-0.981067383819061	-0.46371682674747899
55.921427172500941	-0.43982351976821177	-1.0866592846518344
56.596162430827263	-0.62232989570622144	0.063479881147058104
55.928372752077941	-0.81265728242781088	-0.50287732220345538
55.761664384046966	0.66578906300043417	-0.97367152639800114
55.866008582747064	1.018244256675658	0.067386654219233233
55.68356824720022	-0.79277707389257834	0.24704817483237615
55.49370978204157	-0.33748623217226331	0.76181925085964575
56.254924228781384	0.78235499875030712	0.98920917134944031
55.578355577381977	-0.28222258382814158	-0.80901298835751623
55.642675210921198	-0.39222034482229057	-1.0843182938003626
56.740341188528149	1.264735336722677	-0.57205681053436663
55.345949365026385	0.98938730630804217	-0.080987344268386621
56.412326395330794	-0.63187618486397501	-0.20002614142887984
56.375355527865288	0.59197285947629974	0.79098600716851819
55.513739118922189	0.56762422507996479	-0.80264315627186444
56.696747663013106	-0.4185770780769455	-0.51041468870828099
57.185907563427449	-0.86259953898943897	0.19936005679413343
55.556611692949538	-0.72947117632017699	0.91039625789325584
57.33348719461879	0.76160129771684704	0.20838475206250398
56.681528131934762	0.88749980238977011	0.82394321544852278
56.206592498070577	-0.98274320887382038	0.41275233472084921
56.099543101810035	0.07432312830252541	-0.98146369858531213
57.118624295354373	-0.36880051912047007	-0.62516239962962494
56.252185579139926	-0.84705382365414505	0.13496936511875401
55.709089355381934	0.088445690679698472	1.0844230645171364
57.224496064151644	-1.0496662933218501	0.042761577242848438
56.053148555906468	0.79899279573962534	0.14317537295363372
57.135877571287416	0.88670115473882949	0.016715194142529866
57.311227581454006	-0.10617777699546979	0.83027174450803642
57.120059376926534	-0.91362013872908343	0.75117657183316222
55.780123112977385	0.4386894249620602	0.83356240832605699
55.907259540593699	0.15445466940539909	0.28622903386680582
56.933904330418194	-0.45740551580843181	0.76844005440557617
56.700973408612512	0.10606348418280116	-0.85009701186379272
56.835037868930058	0.0023267468727408563	-0.24357905251822265
55.446967796038514	-1.0668357124777785	1.1497057247033617
56.301439954007691	-0.57111782638162045	0.6423668819603966
56.28163205720994	-0.50056657292910622	-0.15016721695681629
56.51608021626641	0.74882330129603514	-0.70808006466089335
56.32711736821404	0.49917967860971252	-0.73570339003240859
55.611793053495632	-1.0496644947085552	-0.34441691072940911
56.052818444658996	-0.67921870679502871	-0.57969087279541076
55.544224579802162	0.040794843959872699	1.4782356917318671
57.054323219641475	0.28270022599170935	-0.97314855177709469
56.414674068676788	-0.23656630950515867	-0.70600102659422925
55.829637158045401	-0.28362474511452945	1.311429139874797
57.103429427207615	-1.0750850336279061	0.74949411360190199
55.577857708195694	0.61731430744819915	-1.1978418906380797
57.058276925819605	-0.5553473801458465	0.9222185587179027
57.40721786226468	0.25630572821699837	-1.1050078076449499
55.396354143863469	-0.88261278919079222	-0.63966126691911351
55.993997185906373	0.44440948588626311	-1.5531977438990976
56.294724201969991	1.1057033322104899	0.0034542483449816496
56.408254481486757	1.387211645448732	0.10089049902808297
56.533372104006652	-0.11729925424397041	1.1291578973064402
55.59665973485594	-0.9982712302280794	-0.2472401510550003
55.927276312171273	1.0895072662214889	0.33928540754833825
57.015980671882595	0.60804270358074897	0.38419768227396828
56.84733019853131	1.2490940857987327	0.11153416313967446
56.599869465022238	-0.62574651046312901	-0.55089225427790423
55.448416090371872	1.7566880871446815	-0.57227852742685514
55.904408005465505	-0.14797180994281034	0.60833224778197947
55.828985873363095	-1.0644817429894415	-0.0038667472022293355
55.958325187236049	1.1584429221706551	0.33185272551132716
56.948659012386052	-0.33818155202769778	1.2151645248477609
55.600407159441311	-0.51553314402929296	-0.63901794994052419
56.947279880768264	0.73392814762626057	-0.28973143251799222
55.532101712022758	-1.0199479182139106	-0.055155320393404615
55.542971241281457	0.6171187399464958	0.77798031401106726
55.977513020780073	0.85717674607324157	-0.42849904917264492
56.041594555757037	0.985816888466168	-0.7827282968958611
56.708428233238934	-1.1480205708495677	0.50513127162767302
55.540322808316994	0.53416180343744935	0.80570047653665
57.226041776582292	0.93761294633158476	0.047644336450254225
55.810311881408104	-0.038178185150167507	-0.47801000872557436
55.84329049994821	0.62201904011940934	-0.24756490818292706
56.750286935037551	-0.10410947295155359	2.4249671019423729
56.256408948574055	0.18283173958079094	-1.2826044160480774
55.787952142712477	-0.68115319434870625	1.0845664566046547
56.796023979225929	-0.68644249626531029	0.24317311422638435
56.275981731788221	0.55173063851223958	0.52930700549200704
56.013350141228869	-0.1629154571875728	-0.80531036437437264
57.004673783153926	-0.07390375797849752	-1.3499108851603518
56.206453681180179	0.65411276893031334	0.65077207894728706
57.177695324216494	-0.068394938757647031	0.76939948173530659
57.415189853865201	1.1345116018267423	-0.16477171207045843
56.332362888684052	0.62707029443913898	0.63315985343783987
56.70597047005905	-0.331658664549767	1.1067117298029516
56.251492381670978	0.58096343584973453	0.71937217572527801
55.860561992217775	0.15891901127727145	1.0293385768762631
56.460833740377858	-1.3032885988633141	-0.39289873887303928
55.702095924836058	-0.88078004763332896	0.62087834635566619
50.241790463577665	-0.73264651743617637	-6.4807588222652219
56.435137830062139	0.67655731410686182	0.13297043804540742
55.325987292181686	-0.6962846624621688	0.38965910114671765
56.156371858673488	-0.2810941602506018	0.90395635575897682
56.002365192910361	0.57505456416451506	0.86863142625833933
56.634906717489194	1.2262532196377671	-0.68570588034557167
55.836453587397791	0.31908048708108028	-0.81248227320771305
56.515689372694119	-0.79447440295352079	0.29921747324788767
56.591549790470744	-0.135836835134134	1.0110360730228827
55.56995254565085	0.43099413517795077	-1.0203938454561801
57.22614548120324	-0.96076505104125731	0.45173219015127597
55.699019062234768	0.86313191028981107	-0.39158571270278042
56.403633576333867	0.46350544043710196	-0.86910075958905486
55.431040307192411	0.65862057348931613	0.4927716935225116
56.489622262127604	0.99968463195303903	-0.24685489809547753
55.827460464388835	-1.0819595400403605	0.1169780597285765
56.316556955085815	-0.5529294693164668	-0.26910192647092329
55.406575545175677	-0.64173516723865665	0.26437440892269315
55.576671916542843	0.044538265095793707	1.271625137150177
57.204228383110873	0.20800179187410403	-0.98037230864489677
57.035596607324813	-0.93125440381773605	-0.26069461062042582
57.178998480682623	0.24485718647299445	-1.036827775540335
57.124788394542392	0.55566380550521899	-0.66566312844080422
56.662937915338262	0.17543036918843929	1.1505887569207831
56.920434913961628	-0.12006032863628176	1.3356790061541914
55.848176861157633	0.60959523140316019	-0.49637536321546505
57.071518647644481	0.64778554036054581	1.142540506980527
56.257857010456775	-0.70094491725766206	-0.23982386788815918
56.263720145330282	0.71702127453323539	0.46899098594126887
56.014907709306108	1.2837560067754581	-0.11155006271205758
57.116329700686222	-0.9484114968435815	0.18657825884899121
55.798089187390289	0.26752613344901177	-1.1320664584491262
56.720708902626725	-0.045925744899687267	1.1210943189320033
56.273031843622121	0.6115213117872057	0.58821851056136942
55.827581642496867	-0.8578801756707749	-0.53108016731065311
56.063475487442929	0.48386232447951527	-0.88665347042877041
57.059828903141138	0.0012195341582432761	-0.82629167639918388
57.145835222528703	1.8153813894345936	-0.40037930171766001
56.125998319698894	0.73652098615611961	1.165332535565057
56.172269690215813	0.61825625202780732	0.62661630711049077
56.031701969141693	0.93186617211463907	-0.89174135638341523
56.88000216011352	-0.52137301960475246	-0.54841325281833231
57.280001010545625	0.0019493870715083857	-1.3926556090866156
56.914073940432665	1.2094999044928778	0.50378287808045685
57.195182042998724	0.42380007116615087	-0.85647617805713128
55.484969659361241	0.49663700172170927	1.0496192777553022
56.136840723711401	-0.39974766796520012	-0.76666008425820309
56.54910273749158	0.47089062073991678	0.8644590644459077
57.134712972741518	0.56223508426388202	-0.83179046637517984
56.721401846527989	-0.98106215878104497	-0.5513665147069734
55.46624124346814	0.53751489870438973	0.4231954848231555
56.289602433605424	0.6585465070356834	-0.75235833695352239
56.983682904988839	-0.046023989212809743	0.9307520178650025
55.575331903363001	1.0647939444570886	-0.70843841455373524
56.589533099219175	-1.0058953539171627	-0.28846855647636577
55.563953043017207	1.805758184123877	-0.81404071919295906
56.087269088778214	0.90111003266794709	0.93036621648057793
56.124469736420529	0.17319313092660568	0.88161750961262009
57.196276348828029	-1.2125189538856775	0.068009298157556505
55.885610870105126	0.7300614242691349	0.091253950460486011
56.693130040710926	-0.065374358036645347	-0.95757549690529331
56.119267793290504	0.80389640055384293	-0.43295210352653246
57.314543035298698	-0.053237973275696439	0.64002841575262326
56.93319307977027	0.4760250101535326	-0.83617467597335804
56.47803154665683	0.80863631783228063	0.080490995942476717
56.660213778858576	-0.24727819874934823	-0.94443682074919777
56.839819166456635	-0.59053623139308731	-0.29382144801688626
55.927219858024834	-0.36970146209737997	-0.87272694308851584
56.095670593884087	-0.0072658969566344982	0.99779866171981579
56.085971194661653	-0.78405261130381187	-1.2475773314769185
55.872555652691119	0.46621883959969618	0.56397433392258978
56.780255714637903	1.0152081280061178	0.084220165554184268
57.238662195384023	0.5024193290746527	0.91561220523959275
56.008391259938989	-0.43491952754503016	-1.3349644358004247
56.076213782260133	0.52368421737735316	0.057862149034314879
56.063180184484168	0.56699863319773669	0.63707376918417413
56.420312000517924	-0.29759041111809759	1.000476277926166
57.023111671152847	-0.89881736413628055	-0.42574972666855437
55.839228924049209	-0.72919530490421203	-1.1408430399368461
56.870538626954122	0.53127600344677572	-0.95490006909164848
56.883576763545605	-0.20462288076747387	-1.1080438602361378
56.305890801793318	0.92827391556355976	0.62341636368958797
55.691281481319905	-0.81239577680863695	-0.65840381706047557
56.546992214042675	1.4028372510971547	0.17052740360987065
57.111684742535012	0.84217793235671545	1.1030659641965872
57.153217539828034	0.0059358973182604387	0.8672834496905274
56.629341668609719	-0.84855692514925851	-0.32672714736450204
56.104966057772415	0.55308190513291167	-0.84396064797767645
56.24962998025881	-0.14010073908156581	-1.063647456186313
56.534789799017815	0.36183304138484212	1.0416270614274716
55.526240602561501	0.86650631829277158	0.93904263742058913
56.357225012482665	0.85502396478363984	0.7664848877959558
57.151452594557661	-0.62073453420247271	-0.28944031818619931
55.85104986036464	0.69927109039389868	-0.94933652280079017
56.425206120869582	-0.8324896962386461	0.060393643571940908
56.024824952029967	-0.58810410584174744	0.36942045238334525
56.183330299479593	0.073362237206407943	0.88796546242000929
55.813311338124016	0.55400952755266186	0.63730559860741332
55.863383960711374	0.15912356470545486	1.0113434755123012
56.128283294191796	0.099273917891328889	-0.94681366946457679
55.797681728419306	1.0876378956766106	0.18110237740224974
57.326806598544486	-0.15133120572050224	0.63422212054108273
56.38755052802474	-1.1179012727636195	0.12748740228151528
55.754623416468078	0.66922534995140059	0.80752636573991488
56.269418871532686	0.58945525147864852	1.2352412826782517
56.610600517706999	0.95786597961694486	0.77736990668704042
56.774966070176013	0.41760776826489554	-1.0079258781597522
56.461823191914284	-0.5163636522546603	-0.85897458991226239
55.611118334085276	-0.59636702105078276	2.0148874052658132
57.123605178332539	0.069905434765051427	1.237907523252141
55.485052459990101	-0.13197389366969939	-0.62875000129118075
56.098060059568844	0.83977662589945767	0.26374522839007797
56.774330208586072	0.38174233736973789	-1.2416493449156683
56.520979002034565	0.52071555956570348	1.0503047233597163
56.390130320999056	0.48357217531388508	-0.99482291077419416
55.803711980614366	1.0331461246379916	-0.087909342330527759
55.826429669886878	1.0296038779063941	-0.01191429837211226
57.223440069126717	0.74384954781401391	0.73975521284794388
55.688124542344973	-1.1460573443800233	0.49000368844203429
55.815564705800597	0.68397573470511919	1.1598128149344575
56.18075479418421	-0.19140745281345378	1.3276914861472335
57.015135084840821	0.7071921884930702	-0.043578096369917232
56.521919787065826	0.96076482786786066	0.62191033451900679
56.3944243627422	-0.12719170972640884	0.59869057962487582
57.235888283789301	-0.49867367383847211	-0.66869156138153441
55.725571667131618	0.61774214498104363	1.141450702927026
55.361786920367877	0.48967505699287561	0.66184972039637402
56.599447507735071	-0.69536243742081161	-1.2448967266696804
56.533904228622305	0.45926458961855321	-0.52936772564727896
56.719423015260126	-0.47863158986200111	-0.88976515549227564
56.211781437394492	0.86311660660184808	0.13337214348755849
55.527788946655015	-0.25382839084626269	-0.95665780498823361
55.506075580036899	0.10088685350773235	-0.45291077280839115
56.220944547073564	-0.35542299123700827	-0.75145391659618754
56.303925119886443	0.0089915756466566084	1.0135857152292196
57.130924525897584	-1.0160450481691363	0.45883051994051982
56.616965899289411	-0.85542559467562107	-0.74948425414085296
56.601366280041034	-0.96506998231221186	-0.4559597231533784
56.937367833889127	-0.135317907961577	1.1909293145743807
56.078591284060714	-0.65522904035401164	-0.83760139174143455
56.671653029889683	-0.89308914573637321	-0.77623010408587623
56.152059937443717	0.78059558466645995	0.42664278310263437
56.800093367382445	-0.18178775989723281	-0.96804150181747195
57.097760062138654	-0.95546133064678052	0.23185800514169708
55.917234031546904	-0.4637101982688932	0.9856207978292556
55.404744210596569	0.73970019797248798	-1.3043101789340692
56.474854028916269	-0.61688190929290276	1.191524574677576
56.104696294608516	0.058903349987765467	0.78053933703567258
55.962412318402158	0.16644549148440393	-0.67485589606258967
57.149717503508377	0.21542363947650114	-0.50888257773331369
57.326781333659255	0.64113807599038442	-0.95539525744450926
56.032861384906305	0.23503966428884476	0.69225856974046074
56.033232051354396	-0.47459919121426425	-1.5724987900465339
55.72026436212068	-0.95144301563568856	-0.22988649994165575
57.33358254430275	0.6280292786986803	0.978547446246541
55.354864778895411	0.32413065063942853	-1.6257244621663389
56.660637812690993	1.1606392373882679	0.096787671308266765
56.301280879740958	0.99771282416706109	-0.81859229777068132
55.68376988591362	0.65593819258598229	-1.1806328735045253
55.52025590796336	1.1391251376479343	-0.60423413476305965
56.914535249274614	-1.3735524493606537	-0.37398555868084998
57.255091692036508	0.42154304255716757	1.0542826332458468
57.21519583721205	-0.016135221258418202	1.0200823595475317
56.115916140478937	-0.70963853086797812	0.45819790659621429
56.528002290950823	1.2066221082543112	0.47824621109919796
56.263091484935458	1.3073187265958093	-0.33183065490037128
56.100656836158095	-0.12063344506594573	0.66787805481536655
56.029087533987401	0.14306335015214841	1.0749420820701485
56.895369623675521	0.6233265570712746	0.34897100443446816
56.536014015009634	-0.96585015479178593	-0.16276292436399761
56.039072593363137	0.45144732453770769	-0.91040782013655508
56.706609006399731	-1.0812506001737721	0.080026605604861994
56.703559227500676	0.65334027706101516	-0.28136756861397705
56.938921756987227	0.15615252547642991	0.77761143267399258
55.90765247435813	-1.0709006400306724	0.77202511810862862
55.819168132368787	0.85192427942460758	0.067068209116044789
56.395803550195417	0.7996789845350919	-1.1245336593159414
57.063275053416568	-0.20963683532455674	-0.55625021039362321
56.712257066531322	0.54720355255371711	-0.24727581465175488
56.039660356134341	0.51362683461716796	-0.51790106139114866
55.602233220751273	0.66582305675727138	0.0083774140876821546
57.209279532516533	1.0287563761736025	0.6580683236848438
55.540686938162295	1.4423449073841752	0.40123798090610041
56.507703704689433	-0.12396027418656939	-0.94478549196934325
57.158007644173594	-0.66727809707425312	-0.87929500331810284
55.717863387079369	-0.41015542306949965	1.1880544929670083
55.895486783721026	-0.7817712973683506	0.030816185608739961
56.368672239311785	-0.65984670569453274	0.48285204110656821
56.913266127252207	-1.122443861093694	0.47348695865479518
56.550989930562878	-0.079862237295536334	0.95895957366015194
56.250802492541936	1.2817424206510233	0.60780969658094919
56.38644768250591	0.54719555506947126	0.75339434588543563
56.157285048793767	-0.77042078915060686	1.0540136515955987
57.181247548776859	1.1735859186645325	-0.14539749185747858
55.67078462779314	-0.9031327341519132	-0.28327022677546043
56.677719841510893	0.21276369059335642	0.2958428246200287
57.143985610723327	1.0264397285114808	-0.83473806215538082
57.116956146506794	-0.24569711150106155	-1.01110667428845
55.646919168020716	0.15735323850724348	1.2255754611744261
56.493938499423166	-0.55736233032403726	-0.61411844207613175
55.589473476321047	-0.74195310746133392	0.1024685429717304
55.671164617819379	-0.062368414124241815	-0.66437963209488149
56.003502151074265	-0.79774709639762453	-0.2251801010550222
57.145054960253454	-0.8845162242669381	-0.7843421789995888
55.394370831555584	-0.35879868849609536	1.2380098377703301
56.452478379734472	1.0762576978492815	0.44959476483524269
55.432728590527866	-1.0079373809679346	0.42319688549433437
56.219878860637316	-1.7675819793962348	0.084199648934712976
56.339837054537242	-1.1563963496898781	-1.0249969529579159
55.532964998417711	-0.77629844198725606	-0.71707799841677722
56.581415778300219	0.68331330258482836	0.011116393764205099
56.44118992717425	1.0483484150152045	0.049131565679065042
57.399614127339824	-0.66291747814149149	-0.11722889193941201
56.76389695077156	0.36154686707546735	0.8650092677984248
56.479852170672864	0.45006997717320923	-1.7330113855228755
55.541385082476992	0.51913529770803823	-1.2502353989557442
56.015440623149459	-0.71626495971328985	0.34941896311920395
56.724991454997635	-0.10285354678905517	-1.2924740213353014
55.749341547385249	-1.252938077939092	0.15038589409817338
56.612818451132675	-0.8398529755502685	-0.079303153812124647
55.684547294007842	-0.0054253893595279275	1.2881143315635275
56.008994567732259	-0.86021158163599243	-0.12198898409627321
56.273881186714014	0.12729353775339766	-0.99303426361801839
57.243369789974729	0.022181061098442954	-1.412460141303931
56.615652999995248	-0.68779335939463548	0.18572284130421721
35.206246736150995	-2.7884625879660883	-9.2616674188822792
55.685645038898691	-0.47095835297160388	0.81991741154389686
56.851815871133944	-0.66211043118426716	0.32694610443175176
57.060762697309556	0.2951182935971402	-1.2586918910297407
57.158616363178261	0.37219026949914175	-0.63884413838014387
57.135810750954398	-0.80390130498080037	0.039664460555002612
55.523577764730177	-1.9742568567856404	0.55338598212657408
55.90191607355294	0.076784598838856757	0.81161442975906917
56.153142612598202	-0.49760453126491749	-0.74460750994443015
57.143809030249002	-0.56182189102353775	0.89700860453897713
56.844556713846785	-0.90377501949240791	0.69764927186219117
57.248520617148216	-0.83018485179569756	-0.8373949388673122
56.301055556469734	0.8078259421303855	0.30167758983380455
57.053155973646568	-1.1582136577032918	0.54692079621800804
55.489096093435094	0.22284770324746972	-1.2049515706457548
56.396619667958468	0.060255542195265008	1.1409403245641148
55.67039025277046	-1.0862941768207368	-0.1473506267209794
56.228433269663824	-0.26581533183959599	1.2696206191755219
55.788989080891753	-0.3307885289518398	-0.90494583935050554
56.249378137588444	-1.656035873162216	-1.4252998663859151
57.382955707913489	-0.17973585410566403	-0.82213369915098522
57.171853071498845	0.87083271403733209	0.74467679188129066
55.390544533518501	-0.46698182025776863	0.94597822905343032
55.956882611480708	-1.3140410177066808	0.40570019772671301
56.132278089037158	0.65501804464995361	0.33622255822011521
56.026381231193618	0.056441574155716483	0.29354268023442626
57.164224982542478	0.46287473174259453	1.2609095576364715
56.131688505949612	1.0292487687353868	-0.060957932913694494
56.988870395206085	-1.4119965142489341	0.12660441469900011
56.422020877833219	-0.79397240483002862	1.1723418044828726
55.974609415364824	0.76614145321896265	-0.78553308023827373
57.250201677646935	0.46963632777914832	0.5736182742664232
56.284933077133822	-0.71247842514790205	1.0567275033949084
57.171086215392044	-0.65126036621897021	-0.514279859672648
56.189433977748848	-1.0988877240068995	0.45078508709359866
56.673877467117265	1.4978437348402822	-0.024666350908970732
55.518995519665005	-0.59886087776950614	-1.0703923377921747
57.196046070492592	0.50578762497706464	-0.78706061100499369
56.791943705948853	-2.0597800503260659	0.11401754281964442
57.251021520472172	0.65618524208546658	-0.76714397402835766
55.438793730039336	0.93246300752381539	-0.28847698428808205
56.767877219433664	0.53621184463688731	-1.0251839912924239
56.571723351117768	-0.77144580026974596	-0.66617896597703785
55.471939721217609	-0.9113976938927697	0.49554138144240362
57.070956948123914	-0.1998969340273451	0.76897107683112054
56.957806471432235	0.0037331294854079035	0.71088666588327654
57.22923201774001	-0.6371165732906231	0.45480255530090025
56.049720144344825	0.65248721620958772	-0.24257684230979631
57.321514459015816	0.7663183758399672	0.81885815459156386
55.909912117081717	0.54549170514278567	-0.89124181722233931
57.038548905844699	-0.74450082090681524	-1.1777025406171833
56.486125733883512	0.52558026107259925	-1.5497379603620305
56.520709076467789	0.015139687603471482	1.0114579591263517
55.642389420685717	-0.27789952636692533	-1.0436092583966372
56.83238755666958	0.89291138384866842	-0.72665533719473563
55.620019615147605	-0.9789686374668769	-0.47855399685452982
55.562266881631153	-0.56466730477043692	0.19803164409278962
56.23417258665053	-0.98959106586364853	0.56134353313444296
55.483308454883158	1.1664021558888669	0.10449705632971912
55.631918024305676	1.064047261951776	-0.4129998906409556
55.482643098071755	-0.22405711166883518	-0.6455295045217202
56.600838563518067	0.13386761740675998	1.4268593609436315
55.705250041394798	0.076741866452068305	-1.0854127859478599
56.565036670567373	-0.044104187483687392	1.1655947074178989
57.123405389936892	-0.70782953792523728	-1.3387988014126182
55.808922570745729	0.50316074867323779	-0.57730260698082159
56.234974716922181	0.14902100673797619	-0.61556558306457654
56.77412669453755	0.95635502464306832	0.83905851223090555
56.286077400544208	-0.34883687446562717	-0.91090121138141555
55.955920609034926	0.78066614928695643	-0.7706023502081264
55.746929364808807	-0.70719790957937745	0.84775795784353125
56.347575385528913	0.54392242982775885	0.38032391256839315
56.126503793601593	-0.54106767122763033	0.96640732635053139
56.136946207544845	-1.0074777679192228	-0.20739255695302747
56.262866643803463	-0.20660149859407917	-1.0642513239859146
55.726320906934134	0.38276975399956853	1.3804596336189792
56.768345591907043	0.62987078746190039	0.65793007888086308
56.821769014647032	0.18353240206658153	0.82371445010869049
57.329761541746805	-1.1115876691669844	0.71868977493664099
57.200142432232589	0.35583325063293708	-1.0172577520076349
56.928021925660758	0.94365428324006639	0.39258680916570537
55.615852476898603	-1.3904876810483189	-0.17150210506625818
56.226483458324438	0.60293223330645407	0.088469071694436199
57.171695747725906	-0.36788136521656623	0.92906029957955139
56.908072751710883	-0.74244146997607452	-0.9474513425223432
56.493106906564556	-1.0633051736319665	0.10945585358952839
56.536188300489243	0.84527417329104015	0.35308652173686789
56.090125787614483	1.3218351980680361	0.29888464303905954
55.993239782884089	0.11314402570342806	0.64122036076237976
56.832030819275353	-0.0085597685198899841	-0.92361442098366986
55.390363772257807	0.042533719903480274	-0.70518217797343963
56.30250905108214	-1.0353172073811558	-0.91543130037116482
56.598126579640251	-0.19393562792256167	-0.73579024493630996
56.39149461919137	-1.2093863419559459	0.58896618543987889
56.525165882934246	-0.28306533179455579	-0.97961698933821417
56.36811204412507	-0.22734240281705531	0.88007380934447488
56.553434924369441	-0.39953164277448522	-0.77489612341078573
57.021988034649475	-0.48889458375836653	0.36453496302189947
57.34168726093796	-0.51149319000896032	-0.9673231079174287
56.317540652588967	0.90132289894660067	-0.28238041266957564
56.24207217311853	-0.77298097756813133	-0.2763276387217678
56.291313987985369	0.71968394077470954	-0.39942401421319695
56.814836477077733	0.78226007259568775	0.87076059405955397
56.546964163670339	-0.79736733526466919	0.4393685173706226
56.930925716102038	0.066917974130257157	0.41146139733659004
56.088035525344495	-0.94330924875665689	0.46860817495708873
56.294718894085172	0.51485507621538473	-0.94568959457716084
55.729027448293088	-0.52405319833437358	-0.8168650164729665
56.724085023177274	-0.54347894044588008	0.56856470505733214
56.304780883957129	-0.45933338182960509	-1.0288952883218669
55.386846451694026	0.9830417194947717	1.0007379372568477
56.27992074908866	0.34735439935209739	0.58641424890341354
55.911442056550733	0.97358658500072159	0.1245816334677322
57.160641172256646	-0.8055541166928577	-0.19204985850827264
57.159612742825672	-0.74746501686298716	-1.0147625863684162
55.551660112726225	-0.28462531371272493	-0.72852371655146353
55.445433994524016	0.976617978493174	0.4055544172098357
56.014004181490101	1.1319798691078768	0.44664209781192443
56.691468488597856	0.17493008997199139	1.1710800154719689
56.47535076262556	-0.18294052650920128	0.83048135319263949
55.473921206595421	-0.088608830887082365	-1.1865962937438086
55.741445517323406	-0.24061781113499772	1.072138268726863
55.773298117637786	-0.41660412311015682	-0.43926619807304446
56.811169317469684	-0.55908243514159672	-0.92908751665018074
55.819764620849156	1.0495570114689927	-0.33234237243900949
56.631895804035203	-0.62990122754842193	0.61802954016855627
57.176178250853212	-0.38072673007667351	-0.78291369535467503
55.809151076495397	0.76106036982579373	0.97025096585209647
57.123636980609589	0.17199330031758167	0.67809866568826183
57.05916651372376	-0.69464884524098613	-0.36515269931120098
57.233578718168609	-0.73586313651993884	0.43178656408422611
55.751124448148367	-0.25589711201395648	0.82068908268630669
56.133539181361748	0.49408987107056462	-0.23252460695624624
56.67926585293133	0.6120667068026322	-0.55877775230406879
55.626660351247722	0.67518595472940479	-0.45472405787607151
56.759386373888432	0.34069847037043238	1.1614804579177598
55.936410421077277	-0.37213259987768799	1.3209554937189822
55.98506758039823	-0.51255873064732982	-0.094062704977789416
57.264125322220821	-0.86337567928694781	1.0447712452652818
57.243305857162873	0.77390268387901029	0.62741011573640337
57.240439056873569	1.4308808248155078	0.16070928166905246
56.167329502389251	-0.46416764481049411	-1.1750762326975308
56.90258156850247	0.15955737378250257	1.3512744959296719
55.812322563470751	0.59807953784035706	-0.85294078668607454
55.768807949594006	0.18417063072826403	1.7424774966645922
57.006884317587698	0.15517840812370615	-0.93429185274559434
55.598952815307378	0.043103011677959616	-1.0228149372997952
55.838841062107875	1.1136007484772004	-0.33606618449991926
56.163942384853627	0.77638046391171767	0.93267568972914894
56.326408477831336	-0.18215326606743479	1.2793832581357221
56.80355625632555	0.34398509145444045	-1.0232126782873769
55.449295508880006	0.38063090769058489	0.22025056825987741
57.003455246148491	-0.73450338734676579	-0.047721038864430257
56.122983059316468	-0.3224172945210344	-2.0120964831855543
57.289425496498481	-0.63821874253894995	0.64104904037911403
56.513534868413899	0.19806996187197032	0.93205512759038156
56.0804522317001	-0.33988570353075864	0.98119190648570742
57.217592218754866	-0.40211161237785842	-1.2672123321167077
55.585750132065883	0.082814427198009841	0.8809798218588607
56.033735008552853	0.98678364320535339	-1.0205735708291814
56.006030703375693	-1.1893507163139516	0.47814511462728659
55.506701219850086	1.1774910902665654	-0.61487405659405658
55.692523991572443	0.77435299036782923	0.3413352384716089
55.731682994670543	-1.1242464253033662	0.31378049896264548
57.212319147056803	-0.82002252500943895	0.20014828442393423
55.992349159575099	0.12427761090311343	-0.96740437426314863
55.56054357429862	0.76141900949640851	-0.89716594414095963
56.557107640953845	-0.37669463314525059	-0.66231995616986195
55.559798558480288	-1.2766533798762354	-0.47461819239007075
56.034196770910619	-0.44070941574636269	-0.36190955805469943
56.218947500243281	1.1265562523426333	0.28295484920357922
56.990590038441262	0.013320418379227338	-0.60897037095545814
56.478394198385807	1.1441967854303379	-0.33253985080078502
54.571379160049666	-3.5860544352654804	1.3552738973354761
57.131620741224154	-0.36339619347898128	-1.2596519050663351
55.596661957997945	0.49958662699317852	1.1553936128932996
57.101537353209821	0.2934556247854756	-0.40468747960078427
57.150743572592589	-0.14160387882510542	0.98897941935865286
55.542566518056432	-0.1053568344044488	-0.85289108574836647
56.357229224366307	-0.60899124008497152	-0.60569438703349365
55.873383054631283	0.73745646312363833	0.43498724702374492
56.530526233418371	0.24117442876952852	0.82291511779844262
55.582573513819874	-0.068953491309523815	1.2674083717940949
56.579298218099908	-0.15048892445962123	0.90708161289053368
55.627947648158099	1.3253863260911731	-0.088693788398952783
56.178334714707631	0.65047227822926845	0.84966548859447955
56.810595493160221	0.50149955001431801	-0.49103870200456212
56.090189032612841	-0.88775596384069366	0.63544121317605884
56.935386011579304	-0.23831831622439945	-0.73735010084789487
56.794487856478192	0.75525166253680909	-0.99974341479233175
56.428977471196163	-0.74363527005792129	-0.053613825347883566
55.75274619893294	-0.60773482942256718	0.81081814392474438
56.739105829892296	-1.6233278649905316	-0.18554463628769255
55.317327787252218	-0.83506577316703368	0.52200267356917796
56.564216792621366	0.25785038219425177	-1.136662454475188
56.682305904135553	1.0691320774587563	0.22073040412768705
56.544157844030146	-0.16895605209670028	-0.80237962405351826
56.260880132129003	0.60209902830463247	0.98143042737323238
57.276641227979511	-0.80485674313474465	-0.62644747922767019
55.670108108618912	0.79917979088254842	-0.4632797108367408
57.032534063035342	-0.15849096292835474	-1.1331860390294226
56.057007632693491	-1.1926550220068706	-0.54729162426862898
56.086886366523167	-0.99526982891462734	0.41835086260868537
56.979705466905777	-0.51487736372729764	0.65990769201010047
56.282890461364438	0.12948688932994012	-0.77987847829375845
55.926804451384704	-1.0485413780099468	-0.31975066119277573
56.337912193990135	1.27531678215771	1.0430313947692365
56.874058136083811	-1.0728931602079228	0.49309674474438103
56.563677496429825	0.68537336015136086	-0.42372186674877521
56.937952956548436	0.61595338725721405	0.13780776060259586
56.703003292022089	-0.86792944768012081	0.40897138955620066
57.109984435211615	0.35203690626417999	0.81324870295156404
57.221506948859513	-0.70519282569699826	0.76834707697320137
56.885783178874064	0.088055035486317282	-1.2411679735032974
55.618253890003729	0.19305677966622964	-0.8066925503898843
57.154284259802907	0.60478711055536394	1.0024261717854519
56.811438402054065	-0.98213509683153655	0.26632281464174773
56.867212387508523	0.43716757757266705	-1.0251793035157337
56.589425408249284	-0.51848102401615692	-0.13539226889227893
55.629965522466627	1.0235747265952693	0.2436190482792765
57.259175893942967	-1.1638909820946022	0.63324873859848008
56.719574764051217	-0.14311243320137224	1.0864766327128792
55.555011970606827	0.9973206174273217	-0.79262124312782845
55.712021734853998	-0.38642805966878047	0.82250625088098683
56.245988245510809	0.054349961616282499	-1.1921305468110648
56.036345022696459	-0.95293418153125109	0.79451469845130251
56.731119496236353	0.34421386310564966	-0.32340698483009084
56.361260261145645	-0.90043837120392134	-0.74503777803345295
56.905731992630287	1.0828576421986997	0.64356833809389424
56.832631500329647	0.25731403732474611	-1.0525698398461119
49.404448447600764	6.9358223927008975	-1.9302799609223393
55.888335406953566	0.29519106171332121	-1.1050975366778886
56.016896942548506	-0.96071689327501497	-0.40039575694308349
56.610698830508305	0.43033339768174989	0.69214644204801057
57.410242401657655	-0.97362812803244281	-0.35252038969414462
56.775120180783837	0.75936731714908623	0.30985158386928086
55.939438989591331	-0.49227757428991464	-0.24871285445213684
55.795206511177774	-1.072598859054213	0.11888862740108076
56.460309310488867	-0.5293552369516743	0.92041029904676586
55.750728458572986	0.8777005704166736	0.68644973038043433
56.608494552951392	0.86175114960911015	-0.054939708739479023
57.099263598493991	0.96131845119862447	0.38800185160276118
55.735558899131092	-0.36031121933428489	1.3543577971392629
56.547854431209288	0.96290272382002406	0.033857104578499442
55.839139869779252	-0.78415650487813116	-0.14741298778384937
57.172007404380572	0.83530231084139961	0.26172034006083683
56.570101107933723	-0.67818062356799802	1.0624217709362578
55.59956818923942	0.3894786415722874	0.11708432447495164
56.953502671840411	0.9976841886661717	0.61307899382673903
57.115013852499963	-0.56124185978258601	-0.48338070643737596
56.498677618529918	0.45275744615615449	-0.50771783058137243
57.005094966421332	0.46684100037187604	-1.0187773940053693
56.827379173764285	-1.3512715636916721	-0.89801967938402316
55.996443773379696	0.67831828201250632	0.55920128942610348
57.39238265879596	-0.54636180995301742	-0.75548702891353658
56.062651079632012	1.1082598215681341	-0.57851855706191757
56.393858140915953	-0.2703833719982513	-0.95355176557553534
57.037882511508187	-0.71794423476641422	0.89374298977898714
57.038157127601899	-0.46978015266642126	-1.1244343916393233
56.654749718043348	1.4651641209801869	-0.052174747599161679
56.387368232262077	1.2832508327688932	0.31906657916634323
55.56782501729095	1.0740472557168095	0.20857503609211431
57.086194645278027	0.019826292116318259	-0.94311382548168843
55.736119990193416	-0.8917251145931665	0.7357877360429258
57.193887978943373	-1.2381831491409154	0.50929231098915284
56.621400730968595	-0.25272725772342497	-0.52459203529807008
56.461952606019324	-0.75524471632781065	-0.41444039368902497
56.903876571305844	0.30678393723238528	1.0782680960210371
56.369955873934906	-0.062174554553322173	1.1820503037628605
56.075481059547258	-0.48135891058950669	-0.79358660449097485
55.665692675372057	1.0336190568281856	-0.53121385039760327
55.91741087179156	-1.118470895740024	-0.1111228164844146
56.991738115703967	0.97079474682956257	0.90643723170408297
55.829852492593709	0.74865716756960243	0.63654020348586149
57.15234958060627	-0.01773172697882254	1.0411399670005264
55.614434082486156	-0.80541124418184062	-0.82485155289721634
56.367807187581818	-0.32990727152397575	0.70844337836906301
57.112460597435742	-0.86423530351326416	-0.20659610724781061
55.821501208523401	-0.62577349655796732	0.54758925878516829
56.583503058588562	0.17340575807035893	0.94549095156414986
55.783653703316794	-0.29009215983618969	-1.1383274896102666
56.512127084831171	-0.68580876408981339	0.62482017953612257
56.84328405832715	-0.525572854955491	-0.85031720319666126
57.047253536560227	0.88378315468331214	-0.013980792988128089
57.026231661852847	-0.41210446467084921	-1.3407146063234812
57.315913069597968	-0.75819967705909652	0.34729632025522095
55.846949322655234	1.2249925346355319	0.56057732026217588
55.357901022240064	-0.1047499434139316	-0.62739045350320832
55.324050546895407	-0.46378954916570841	-0.98132046529528538
56.67422463964521	-0.71038460632363276	-0.74766704493196268
56.339539847283348	-0.9306390842755119	0.26771449447468765
56.209718218648831	0.6124680623748906	-0.7407300078997342
56.329274292593709	0.24809212922622112	-0.97047153704971734
56.996659296938283	0.5989091828914983	-0.76275799123237842
57.122725145255245	-0.053984079049728177	1.0120591853700014
56.371986390071037	0.43971206407565744	0.82294426026754508
57.191066460147383	-0.78799555465422444	-0.30399165337373885
56.657884168609968	-0.77046546690736728	0.838308738328155
56.352186876863982	-1.0283729773225563	0.38657922265118516
56.88132708442911	0.34724068599510433	-1.0604026885534856
56.7685867203529	0.17019750936914912	0.82386133473156975
55.909184118988044	0.078076073803655388	0.75161724303744615
55.854113630661452	-0.1591600606441341	0.95502147838685825
56.173720898433068	1.0350498963178476	0.033815107288014068
57.249398524302364	-0.82193759424358437	0.77520735972282995
55.764600828199988	0.74532301803610546	0.8832076210054165
56.854978015285518	-1.0138250164907687	-0.20454668041300705
55.658319952195882	-0.23524767377655612	-1.2119812790326998
55.395188219867705	0.41774595908874385	0.89843736096054072
55.603359869086219	0.99142268870865025	0.36680835225369118
55.645631194693834	0.13498644399799928	0.97531237080734334
55.956137604025493	0.85729128164240875	0.47369143671367847
56.426221208004428	0.85422080956490132	0.54101456422116379
56.902814943485666	-0.62850930348765255	0.31387916793310799
56.464594942620707	-0.015712619079017043	-1.1252031396468234
55.838009462133442	-0.60089012408961151	-1.0482303603401641
56.157072127732704	-0.46149206266015591	0.83848438987398055
55.532165638346093	1.1111482056463855	-1.3135842018112367
57.123635544361839	-0.14720447737278242	1.3332430119309411
55.578369829925521	-0.50539902359804845	0.13333154089094748
56.292716235043883	-0.71526534489181037	-0.44531697510358326
55.660004781531228	-0.045846038150540037	0.59195503485078105
57.420592139125986	-0.25058260734749827	0.74683899939007237
56.153612423671213	0.42888384556566794	-0.49906586045964035
56.621597129778593	-0.073703696543451033	1.0458316870763418
56.842268025471292	0.93292154626059254	0.24512105286168964
57.246185711578448	-0.8815170908138934	0.25073437060234122
55.4570021394957	0.35218206546599601	1.2351691831928842
56.99991464376501	0.025624532540730223	-0.63480418155048113
55.5490544260688	-1.1723766797061383	-0.093033890420847143
56.822910581268403	-0.77320013879019445	-0.20083350265996264
56.200358108770345	-0.85439851194041061	-0.71603814442067637
56.65060333461507	-0.88112503235180539	-0.41632893436234197
56.66817157786101	0.72866994435726407	0.45923975072065154
56.072382060278343	-0.16952606799996772	-0.82053932496468063
55.844584946029968	0.82115155325940425	-0.82062064138151647
56.50007366691657	0.5907816696780156	0.44147506893803268
57.181620248871909	1.5018745735409091	0.56883374964240174
57.299472104019863	1.1868472574357565	-0.041768074499511768
56.757539901946529	-0.47957343008276115	-0.90278143601556204
55.657401099966407	-1.1461933526459822	0.4741244358365691
56.960269586754322	0.049493901991476741	-1.3585286943506807
57.349390872068014	-0.28067294578995305	-0.55811359473564848
57.102174038123536	-0.60873287556871125	1.4739873668340868
56.930515952524466	0.93521772304534123	-0.47195124222111157
55.399241838105766	1.0724225751735128	-0.68735719712202958
57.248294728660781	0.58872651182243374	1.0898524134269947
56.425796243812165	0.60995840407325397	-0.91330817547655729
55.846180019221634	-0.96295491360380481	0.71234972381334682
56.288109248716843	0.53453210748306157	-0.99355334036970455
55.919866473341862	-1.088395327078661	0.76338829200970881
57.001392306260854	-0.87758401808016073	-0.1107906741327957
56.692278528671025	0.66993066108116606	0.38015577787648941
56.002663662921016	-0.179914581368529	-0.76839748265428387
56.959632905699671	0.015398647450355626	-0.81869167499047224
57.236860726530885	-0.9379710830582082	-0.80277369084580641
55.456567180236007	0.96988883550013516	0.29447213371819136
56.646324325779347	-0.77747845027652962	-0.025306495447574826
57.154916262848815	-0.900305214644889	-0.27542636604080034
56.949000290263797	1.214969731674385	0.30294423585763763
55.976636864126519	-0.50851941538339995	-0.26238123179814049
56.360407456797851	0.71508735926140565	-0.66157438819316294
56.984373017223369	1.1493331180558612	-0.36627117010808158
56.491051061296794	0.8683333250084454	0.23300071228196306
55.954054405254482	-0.32231675742723231	0.84930775978726969
56.471661499133035	0.29905969257669096	-1.1920276177960805
55.68391023204439	0.18444188201292555	1.0026194478481616
56.659152506944785	-0.95413083877381344	-0.32561008298281707
56.324572133762949	-0.21057081805273714	-1.1946899679480267
56.703505801783592	0.50766794497231493	-1.2954138111737672
56.03506651839993	1.1087789219424484	-0.32603789586672355
56.826133732131616	-0.88774149156579296	0.15606867071094122
55.581547095456102	0.6336278141186662	1.0669378798546603
56.153680542886185	-0.18154696007566473	-0.62590155962237504
56.608348596616132	-1.3992557443479803	-0.72177335042231183
57.083554525453522	0.27085503949770678	-1.1233468500021739
57.346434837689515	-0.39815852381821698	-0.62995340826991397
55.562619127447221	-0.6992884473914045	-1.6764016731131215
56.146584917985599	-0.766686236689608	-0.67953073079973592
56.459710694173289	0.68192246996908357	-0.34156075563594435
57.05769879971929	-0.9606896090156225	-0.24013660772894177
56.572982615355109	1.0547053396186381	-0.63482817407186209
55.744427650641391	0.29566869913255672	-0.61030481874893805
56.06471620087796	-0.19867474771417218	-0.80218800497235554
56.300716989933704	-0.59950270542974682	-1.8405711614217792
55.885191513249318	0.32875624981269197	-1.0632883570316505
55.750978988044018	1.2943264236219361	0.52738523599642728
56.900621528010717	0.93119487763483311	0.35776910136245565
55.683318528122811	1.0318967385837829	0.62312731470251315
56.776184773300585	-0.32568018118143116	-0.19966755712984799
57.008332154021282	-2.0243746805041898	0.10727605449171883
56.924701451141772	0.98536282066552361	-0.37917010312231936
55.766172661407218	-0.87324961532260714	1.0040145133311713
56.624871435821767	-0.91253190961887154	0.79308074239329485
55.543163922087359	-0.07854395347342033	1.4332961178579613
56.569399796638038	-1.5042531768738319	-0.61065495522413904
56.768518251433953	0.70683537931945761	0.091002526858613
57.105283791666587	0.60450257009709463	-0.21809824736804756
56.905505882826255	-0.61177248535463691	0.49762401450459737
55.664099423908951	0.53002701266970198	0.061186309043833279
57.028137088343655	-0.56155593314925445	-1.4704738356453602
56.020251779769772	-0.12420735133628877	-0.76615673339658585
57.148526242821994	1.1651076274313508	0.68030565140175903
57.185425737717189	1.0485257920720821	0.18075787735862281
56.600392098746973	-0.042948910013131725	-1.0803575046435847
55.435387033627038	-1.9075696927265282	0.040741569115144628
55.471743631484053	-0.44493720023269234	-0.29665165104670288
55.954533898107428	0.28184353253917271	0.53368064489959166
56.445059287389604	-1.0319827006011566	-0.4715055533376134
55.766756629794656	-1.4906360239140177	-0.073143274342444053
56.582127870848311	-0.73812058183584606	0.84085304540658168
56.771364991256668	1.02016450476712	0.94104871375820998
57.273092224915437	0.82822164656986008	-0.31641764040791004
55.812244870623189	-0.52259938526187577	-0.13641649995084443
56.58720773553128	0.91060248055733972	0.15674487056240397
56.728282811771408	0.60621259011114959	0.014138228116169101
55.753229322962859	1.3226843825927788	-0.45411707507702076
56.101646273719091	0.97977047343287871	0.3784344168359689
55.868356326808552	0.18014408147472674	0.39058932835502247
56.59042541426841	-0.95589339122445316	0.079582277659105111
57.319873324606483	1.0207491695640265	0.18199596830130302
56.368942342544571	-0.84364860413147369	-0.55322260684349922
56.179649282045972	1.3733745513551987	1.0868074235460088
56.230570254527294	0.98322279109691924	0.18201549203541112
57.271829245741863	0.05535918521340337	-0.64973288218729253
57.285644545600597	0.27984064228178657	-0.93129632940272189
56.755579951401792	0.75067760464729272	0.94000316180034693
55.743241921025408	0.99705514026975217	-1.1122795011724784
56.287098896584233	0.76529114813594246	-1.3711343685248187
55.98785112017962	0.39576932683303045	-1.0121087589406046
57.285943048544489	0.45983505549520415	-1.0986010839307996
55.510916889003617	0.83614736952658963	-0.70639839119908254
57.085426294777022	-0.2045741408500838	0.71364885536951927
55.503253696438371	0.15497863415702445	0.65619526167167419
56.43746528080095	-0.44127267573670159	-0.78304357384282008
57.196142244726893	0.20947350870193754	-1.3308620550021428
56.936504271384649	-0.17618093288844228	-1.5071325250221907
56.809196693828198	-0.80473441356697895	-1.1965142712348482
56.423462522563668	-0.045297016549282122	-1.05257847151156
56.852116453548234	0.79121308404833124	1.3231934327125179
56.137435104530972	-0.76146383177522159	1.0154544868298996
56.042864611925467	-0.61153416140624384	1.1542066306991485
55.566714084519162	-0.31009564355574526	-0.10550547151121605
56.936106892542945	-0.26166904328801993	0.4848122005910056
55.587527961323069	1.0906045149530783	0.73761869591767582
56.242313721283331	1.0384922923577604	0.094560663719774993
55.537328490698322	-1.1636896018795384	-0.37714303706484786
55.46743053586696	0.80234297359145579	-0.47233986111977078
57.036269620790463	0.33220096631831431	0.27746123262330485
57.106681486125851	-0.7665069681285801	0.4876523026967422
56.215710560917046	-0.71929370435244111	0.77348849475835957
55.501672584176063	0.68976739131230203	-0.63150926153858489
55.939308269225606	1.2079025439585291	0.72179210558269113
56.758850045790226	0.19134528287476724	1.2605156792225276
56.938526985446451	-0.97305595193457461	0.5410581459741457
56.496209738215335	0.90008068313328216	0.76510966997952912
56.553311256174453	-0.40798095991436834	0.34046547332156551
55.913761219013885	0.53943233323640338	-0.46706189504804546
56.781931608950131	0.80990914122159208	-0.18380229347745775
56.891454064814731	0.91837993678880658	0.062202952039835641
57.154772200431552	0.46702970452729026	-0.37216339213293187
56.342757344918844	0.019280657937987947	-1.1347352756518458
56.960118788322539	0.67938837635575511	0.12347639318763673
55.735688260566462	-1.0627518134435405	-0.7805040570670716
57.004881827662267	1.1527433261463584	-0.51497180506322882
57.251112343692924	0.56034420505143701	1.0373977633250988
56.585271723702554	-0.62282866415514115	0.89954396604582765
56.006454105984545	0.70680851139836209	-0.50029802843898241
56.840723599155382	-0.069682537589789234	-1.0526366878775484
55.433815953492008	-0.69401367923152713	-0.041382944241659475
55.990856038890207	-1.0353499964754529	-0.016946593503107867
57.274398731918474	0.74037773730685208	1.5684899599719244
55.736443707681943	-0.55468215065347004	0.63386450404667638
56.838314134439173	-0.4293178905183373	-0.9895244009877131
55.863047056871494	0.52226509035418245	0.10796647285837811
56.402103303947129	-0.019481328965191974	-0.65451438860348765
55.48268172793555	0.2995370362579956	-0.48472916138621414
56.702561509801441	-0.29640697933129273	-1.1690068188948557
57.037245252058348	0.6076281752206546	-0.49657543738177856
55.867323732346627	-0.070376519530098297	1.0662847878392625
55.636053795871931	-0.0096597499464814961	1.0139813961133344
56.304013712548567	-0.04769735206141601	-0.51497421985810943
56.632363924378069	-0.56487913148712598	0.70867973659940331
57.101434197432312	-0.99722549215904566	0.083393773442339267
55.883495592508282	-0.75968026638979347	0.19985957773727328
55.464319940388599	-1.5246223655692213	0.46607978976362563
55.969732832392026	-1.6699527598568031	-1.3872349144916436
57.06690530613335	0.84146036587872786	-0.22639527793679845
57.125029946589706	-0.032489967120887912	-1.5370511358085053
55.534251518588185	0.87861405116806834	-1.3334848371502515
56.218171091231724	0.29431090601444476	-0.76945566754402028
55.795244313874981	0.37562622599013146	0.88905036281474015
56.925471194508802	-0.58962150987145345	0.91732126031861216
56.390201999095602	0.67700913784618855	-0.63120256199857971
57.182274881650279	0.62309583202901864	-1.1416834678826588
56.606790192128976	0.21452959639462862	0.83284768138049581
55.826383168127954	0.88616506134961681	0.27120308419997552
56.580202685991843	-0.82705032250176203	0.11982641872423724
55.832869006108446	-0.95296559774681755	0.45507403038846939
56.169225267928773	0.48024959856454863	-1.123858842355608
57.339696681949661	-0.19976881648398645	-0.74262967363027066
56.749577407288605	0.19843188375188783	-1.4058167339149368
56.347946127841347	-0.29119543540704124	1.1478331641220554
56.678635571871958	-0.058859653800045916	-1.1539336137024676
55.52268173470425	0.32479791075219488	-0.54229046689132732
57.359278655845479	0.94421352864869701	1.0530625777297475
56.649231723461085	-0.83574406986543492	0.94931077227369898
56.621006650469084	-0.87164794098851217	0.93201110610404558
57.169417343171524	0.88173301503902324	-0.93285900273242561
55.787565669794141	-0.55389318797067899	0.66543555709922619
56.22342702750791	1.0224113833191604	-0.30858784436998876
55.722653646257676	-0.15186104453303623	0.74251829851503459
56.944097585131161	0.43530207798205883	0.79678538149957123
55.711449375323035	-0.81062459509134255	0.2506036727692576
57.382800424407833	0.8448375487503561	0.05089742517921339
55.480379809288557	-0.93013593244590675	0.46153483143782226
55.55585115964427	1.2483483020362764	0.6076672785165198
56.821365208144762	0.49456665258765975	0.95990333401628336
56.148669762845465	0.63471452016090213	0.94938896660585281
55.886353045778328	0.19433737946937241	-1.0294731820835783
56.943554547070583	-0.18743455490621147	-1.2474939358199413
57.052044414377725	-1.0711940251313177	-0.49972644088006535
56.837220603568838	-0.94075524987633252	-0.016922412698193817
55.381669811908623	-0.38014472934145171	1.187994955327585
55.967918318005928	1.2791709297778477	-0.5018191989010663
55.792426520709398	0.46407643051237107	1.0752260254668491
55.781695325762975	-0.87511126040157183	1.0656912313857989
55.744435407510672	0.74332666712212292	0.19072586916992573
56.93954022271474	0.2236970919273428	0.88152605525033267
55.548692361836665	0.63230313583842057	-0.084840383542039641
56.032930201650039	-0.91760796833095004	-0.34024390034586177
55.739099198682439	0.1888379632503901	0.90281566582465056
55.810557886227585	0.84590004000489727	-0.91772128533507724
55.951960414569029	-0.53295109221092807	-0.57343084382452492
57.365366535852864	-0.32631498252713564	1.1184888608789996
55.787056402148529	0.70446364420147489	0.85964044560399622
56.895691613045976	-0.79511773789306928	0.14985749484038718
55.723048268667164	1.2186247552444389	-0.87947051923398256
57.273241374630331	0.1948048635128023	-0.61015362071229651
55.551103703963854	0.50139712113681367	-0.29770348456909379
56.282929452696365	-0.54960556016797679	-0.74052016445976754
55.335913573419923	-0.81738420126022771	0.71276014012601352
55.838290760153811	1.6408593796833832	-1.1532946793035606
55.401132925959544	0.77698989459510936	-0.42886046133199957
55.542817453006286	0.0028297882062904719	-1.2992106891910824
56.871681143008075	0.29006029127078425	-0.79420839630859474
56.102780624599063	-0.52537631974819854	0.2903810105457475
55.777689890665805	-0.80770620162152262	0.43816956967376441
56.086587284660006	1.0864390265442299	-0.036608487788631232
57.044309947503024	0.18064952536274725	0.84523548780599145
57.049121702400505	0.77680465603236604	0.74751098355692902
55.79222210583027	0.67550964068846409	0.20966457229699434
56.936084193630968	1.1589869871337499	-0.21282642845527175
56.520603806914899	0.75033968044502219	-0.44835486453012352
55.889924994420035	0.31415487350658772	0.3662431377207
56.68942954244956	0.80916718158769418	0.90565943694567153
56.366672152114106	-0.56288664482258155	-1.1786429489411658
57.097758511867269	1.3039567228657214	0.24982456953076623
56.208139142925319	-0.64355725534223496	-0.40320289238349571
56.304855756156442	0.26967947840612394	-1.0929940130679248
57.145444317959495	-1.191314600628808	-0.20621680094229428
55.893183944504905	0.265196765514076	-0.22566506302554021
55.696893469573304	-0.21964618173454553	0.75351042871357354
56.747633660409718	0.94703720039159967	0.51215497091156426
55.442811137953321	-0.71404002161856162	-0.70803337718119519
56.778070955881368	0.004521967503022307	1.1653004128589242
56.247471816199507	-0.99525162538654244	-0.84110394813736222
56.360715439025121	0.71961404813934382	-1.2480248269005338
56.249935174912665	0.73962555949723152	0.80732498888187465
56.475713119186814	-0.18657951729171787	-0.68731455013122289
55.901107010100674	0.65149411356859033	0.46759862929185381
56.310284468526675	0.17836901545352132	-0.52256657676288576
57.125248473309313	-0.25942131724016543	-0.95628645791803979
55.923810077215727	0.97836930434229041	0.38354198981856374
56.907996662676688	-0.62741603833516002	0.54653796011301847
55.972977630939631	0.7116412497775948	0.78057934072001711
57.181446520487782	0.099789182676281049	-2.9556550114143287
57.28476824265158	0.40906115010557637	0.73634892871841662
56.09448727366842	0.16864727446087519	0.49458850158931533
57.139028541567384	1.6334790118766582	-0.33565903126029489
57.117797024703592	0.84205542571106595	-0.51001692401982002
56.985822999985714	-1.0902001905192114	0.46218619193707799
55.866797742512368	-1.1221759678336762	0.26661414057980726
56.381525157196513	2.9307769826924996	-0.30076108850045813
56.200165951292405	0.46075310068695757	-0.76797183642771794
57.06602828040468	1.5153473844979459	0.034859031294844064
56.380664736142009	1.5928440415627865	-0.00088635769208795774
56.360915185879335	-1.0179223765462193	0.72453775237515938
56.883055421362329	0.747560908113719	-0.87612444682601553
56.443341779271307	-0.52922402753461073	-0.78970447128193244
56.898080424084775	0.4698905514991274	0.011792402450503375
56.952501102576207	-0.44907639053276394	0.89699247866487253
56.858299451641173	0.2714022625823197	-0.83649701793981934
56.462581161525065	-0.79124013898513768	0.20334488188929459
55.881602159861977	-0.20433978092486582	-1.0871113627099305
57.287367245046283	-0.53823024391974661	-0.012918104336422971
56.358635745759464	0.56042036117437999	-0.57859713849325056
56.908981787704526	0.1060905880422108	0.7298125862526974
56.119623900572748	-1.2027848852180729	-0.29794642343224059
56.021424718677267	-1.2412353657332724	-0.31609883945546607
56.764998020591797	-0.02163833541451685	-1.157338525974402
57.002192784973573	-1.3567099058262131	0.0065766705287387418
57.407826812876976	-0.93271829557272989	-0.14186240138270961
56.209992707984526	-0.96052129920838458	0.5680782241744633
55.676805336295601	0.81372295807358941	-0.46227617083544387
56.480200459742832	-0.91586968392238322	-0.30545343415499887
56.078766068682931	0.2456205505182022	-1.2496088276552448
56.13960986945893	-1.2139333021474148	-0.15784843415968022
55.939279369965661	-1.0350133852143568	-0.26660458306772572
56.375246601682385	1.0153516905766291	0.014548697559685514
55.87365318329212	-0.55431138076187769	1.0704676698700524
55.6272325749514	-0.73203435684586515	-1.2593883445111538
57.12760798619729	1.1837747786394679	-0.093325845998922408
55.78238830966832	0.13851902291223492	0.72438660111074915
57.180863913247428	-1.5798469589830055	0.50761863297813359
55.469493064340163	-0.28338782183753164	1.1686202020352758
55.711613835640513	-0.85869719172225445	0.29034238875529628
57.175875634621043	0.44549882145895287	-0.47785611936097955
57.184145813373462	-0.96159256646961988	-0.65266584855305698
56.537779902817995	1.6411488602648312	0.27542098833687262
56.929266380257054	-1.0900852221400747	-0.32339407030475176
56.938260657676153	-0.59827090818935491	-0.44596537653846624
56.088497117462374	0.79896899320697568	-0.64996033907447892
56.076141542251627	-0.75253925014285095	-0.77674006434839526
55.788176108145642	-0.95850053948297742	0.13344125270593041
57.142121241311607	0.36789413475287269	-0.39919695429170626
57.081377102039248	-1.0328103090005099	-0.57555629536502451
56.160351469843654	0.83418132494454522	-0.42873338493553331
56.982389316084259	0.53296527351168854	0.55191067758196732
57.198716546807411	-1.3240215100870201	-0.2471531261407644
55.606724217206519	-1.0228590034048903	0.30125176621364053
55.588712275789632	0.95888374284638611	-0.72845073409559402
55.887373232188544	-0.10301217901875989	1.1694742139402774
56.702274040817755	0.63866660704495393	0.20605245323659799
55.946918737912299	-0.59318701174839228	-0.032568130008157323
57.158689025846122	-0.36424431051852552	-0.72966109392783507
56.517376191915886	0.33610780925203426	-1.6289811990351231
55.421027804121813	-0.14078189691934503	1.1195794187646091
56.668445671130989	-0.48804826080400188	1.3378409379443814
55.963652803774465	-1.2452122997374182	-0.78506365068467343
56.004439084061595	0.16223905822265491	-0.25354886896602469
56.503951136793603	-0.70600427893247819	-1.0843909762286603
56.529732594407157	-0.60119555220276155	0.98393749835776501
56.900855003076529	0.95341259189466476	0.49629216151486227
57.385102079336349	-0.38144935125735935	0.6333057837326922
56.947495917793681	0.70687208929739465	1.4518163326572266
55.990225553110257	0.34737023818101065	-0.67837893770216418
56.754358501453851	0.78467085562261241	-0.12823247349728781
56.43799490801284	-0.9449287370849343	0.017475793113296889
55.992498369269192	-1.0191872614855231	0.47838759386421992
56.176018499893772	0.32991287962076288	0.60057844365995139
55.445669361517034	-0.23138802143494044	-0.088438683964529904
55.927801722362027	-0.54395323676339546	-0.39424463703212781
55.363352006470805	-0.85058526871866957	-0.011739555512029494
56.96947141918762	1.0399147706986875	-0.90200569956095
56.670509108731231	-0.93606536652667627	0.27422677048477395
56.485421665119617	-0.52755676555999953	-0.93663927395933122
56.191290848938429	-0.16298277598922031	0.84241608946460045
55.422255355758885	-0.24611552691513108	-0.92037719568978749
56.356043051017004	1.1721105102944065	-0.12364364616632133
55.92856963312893	0.97672550888733445	0.17379520240622748
56.815029500229912	-0.49980287645827848	0.59405908437917265
56.276279149199652	-1.245243494682766	-0.22637661051300356
57.19660183419861	0.69659063253098508	-0.94427580647598486
56.465690395118095	-0.08106362736466903	-0.80233841025876618
56.577744790547868	-1.4619787913564894	0.079050575539672055
56.31467509247711	0.95270363233102218	0.14369446874001601
55.795441215142702	-0.085741391967537745	0.93497409219660721
56.575388292796909	0.83481671827512216	-0.37774476046139766
56.378177240985202	-0.16932937357693678	-1.2586070392081752
55.870163336112412	-1.8043474966020958	-0.032448413105076186
56.181968843065825	-0.78125596617022486	1.0464109509529678
57.065493152450273	0.49830458686387435	0.91655924064701733
56.497596198866141	-1.5865623184927757	0.69269751460102946
55.488573207752204	0.051109570614166863	-1.2841578152519124
55.802420972146379	0.79086893553297888	-0.033752714097316353
56.524826104837999	0.54833551106986911	-0.50122589819190866
55.711259487241769	0.34164607951818304	-0.60913905686153447
56.283062913358975	-1.1144354583558651	-1.173329158859252
56.487533383747277	1.3340557988321575	0.92610378521285341
55.983713821947205	0.68138914521698102	0.2092966700891688
57.057061203255557	-1.0554059020062867	0.23984552327765146
56.790868649778176	0.8406475129101354	-0.87000948221768892
56.135132901003779	-0.071261360891976128	-1.5103831985917073
56.000272800969711	-0.45842232207991407	0.63796387822244049
55.741846171669359	-0.23852696823658714	-0.7802568549348643
55.87798520513055	0.61800156549515406	0.21581710574520366
55.654287484531316	-0.87180465662585549	0.27754032775470983
56.473712457001064	0.73036900463761067	-0.77049539452740057
56.315063527691905	0.9744747176380979	-0.32252275763567373
56.181075778877883	0.62022375635354599	-0.92449414084520753
57.172547881487432	0.011276214670869375	-0.72061366287368955
55.736522793512357	0.26486305830061091	-0.36990874592255057
56.878439113403175	-0.64269005189688022	0.43303115750866195
56.534184943522433	-0.090519054411542801	-1.1110131535883201
55.63810676763422	-1.250430658052428	0.1493016445707937
56.198638882880019	0.0095657894186676629	1.6610992566458576
56.13367807240202	0.25341564497212782	-0.6989730680381312
56.837242298041602	0.26898201668926414	-0.9673086983298449
57.09874136457298	-0.054078032032326202	-0.8452171452108912
57.33855242975649	0.18521976596658588	0.90045600377880086
55.911233941239644	0.5787459117941508	1.2626952368468769
55.702875677916481	0.34441777623070058	-1.203028709313031
57.211144544839186	-0.57860148107950415	0.69703672151765317
56.364721089613226	-0.28236245521886139	-1.0841626208371908
57.294821281380251	0.55270550139913799	-0.58611010081659631
56.888238884950731	0.88119577394568549	0.83751221303133327
56.348077930676894	0.09957793145719461	-0.70086311696549031
56.326191885123784	-0.10602223847994016	0.91036456125216414
56.673782595289723	-1.1497828909312724	0.13750994061399568
56.735515596508804	0.87556330509794511	-0.18092493111703989
56.342978189628134	0.89654200380858673	0.036863722853309668
56.059006847500029	-0.89851171354973114	0.38410716162435593
56.119735466826043	-0.32288305419972235	1.1427319281838277
56.371085064728021	0.72171658438325859	0.035659146330848636
56.133532441016627	0.16498662177527204	0.34735422441354158
56.59298762007181	0.84189270579930453	0.48295429382424315
57.21300471565079	-0.73289233167789658	0.13100601996563602
56.553513319127738	0.56603847401253993	0.79611896252487613
56.990211338022092	-0.55454489320465861	0.27859607256138325
55.671462538385441	0.64249156026696186	0.2320896028272596
55.696581771463812	-1.0678324510052277	-0.74764576445319697
56.283098963488861	0.50631993064237102	1.0506921936348392
55.976859359164919	1.5193074616884754	-0.14298760619332701
56.939082062361393	-1.9324812901226567	0.91695150074580944
57.379567916170423	-0.56556096287347346	1.0312558415718653
56.030053756028082	0.48884579596847921	0.72733155654008763
55.40703905315759	0.76680126608132104	0.68694226686566717
57.026046900352803	0.85288551891628672	-0.63561766813064668
55.926206123254147	-0.41745990353045964	0.75418785383388875
57.095461939710468	0.94467048998049941	0.25006367099084231
56.638540810518109	1.0127513574141398	-0.89638796986768321
56.401167993108025	0.85087668317724818	-0.62155265575675733
56.037749553034303	-0.91094686842568839	1.128640633515557
55.851473968369206	0.81805963557278816	0.3692948579558688
57.188140574096558	0.010194814032248785	-0.88243413639423907
56.088018106985587	0.030413782825934123	-1.0408880321634211
56.567438045687879	-1.1953330952785488	-0.24442125184094829
55.614646799899035	-1.4868969258051563	0.83422404890369861
57.240256642816696	0.53621722141512185	-0.18019449446522878
57.068276263817644	1.0226113769188343	0.72461119869545487
55.945669380476915	0.2389799818222009	-0.61808615882810736
55.990473039921604	-0.70876654772702519	0.90577844241688543
56.661986085038073	0.4189969054939463	1.2800143319988357
55.804534270747141	-0.69185678450977095	-0.70307046316840016
57.261260549750965	-0.94132176487223529	-0.12154608112044357
55.779945786859521	0.71952124087658309	0.14224213317003562
56.441952991608673	0.20095548422735485	-1.1518250650480422
56.323040292752786	1.0700866851993267	-0.12844970605622963
55.532146867498369	-1.0205230092284321	0.3605821339490427
56.288959635082762	-0.2318801397952292	-0.32669669100106152
57.051095425189772	-0.82408069802645678	0.50334186768982303
56.537593977051607	0.05619732696045808	0.75908033202445124
55.63152455645676	-0.33181512032271326	-1.0524119451062945
55.549997914439267	-1.1884684644410415	0.78129833758433509
56.150660656425217	0.30690115471468049	-0.93591647766386599
56.351898160868856	-0.069370137089222336	-1.2622908306495204
56.862203905009636	-0.82250140670345973	0.53047441615759683
55.552424650974771	-0.92335005566327466	0.6088415224521847
55.595043363756851	1.0779143327354195	0.38974466876522962
56.463935175365101	-0.27537031208862423	-0.34284578787736369
56.972052468366002	-0.74217321975155215	-0.40457660299549592
55.539343064552398	-0.24943536467556951	0.58985128506881623
56.771542623444041	0.64889878565928849	1.0471592718356617
55.776836298830176	1.5189751006763308	-0.42161442083166117
55.66850354188032	0.55822443859141668	0.35229428217909226
55.990815063810047	-0.037127223138119302	-0.87815216554612985
56.066248232112386	-1.0698417232523894	0.56232366182697169
57.215841155416079	-0.46662501398761774	-0.10770421523604594
55.803910765731239	-1.0447938533157854	0.28039396128114019
55.557142821395281	-0.31626912209619806	-0.73533003826511956
55.786318007222604	1.0760236427253029	0.40000740728191725
55.711226137979999	-0.42158700784096093	-1.1167619104635051
56.59538127501596	-0.72872211638551598	-0.31920179150669392
56.843608371348694	0.84777077710378979	0.16607756460892148
56.88665423825573	-0.03268947285660357	-1.1525510754477351
56.298926629312518	1.1524106014429785	-0.52246093978087915
56.250197674190474	1.249251602780926	-0.41651087514378599
55.58584524270772	0.51783950972819626	0.74481354613400552
56.899817221091425	-0.38326167799632638	0.18160629976399614
56.135086263232274	0.28771929518255085	-0.94043484152975476
56.951035729664568	-0.41449050653437364	-0.93883056992086966
56.440961016201918	0.36852515347835413	-1.0175226278950518
56.622262068194274	1.2118091909706514	0.57403628479848023
56.487334169202867	1.6727188074694035	-0.27572413164926812
55.490249135073476	1.0976362308188641	0.39244671932669872
55.688038446364288	-0.6913896965045756	-0.60641429758724896
55.623368383238777	-0.75419442163857775	-0.58010127756002938
57.09667866742042	0.80418629604462466	-0.4759971341453591
56.143596354622737	-0.022602104114393392	0.77353494550583746
56.815254274020134	-1.0050572758317684	0.023519916449937308
56.166284529381549	0.053933881217028731	1.1219578411610749
56.352360615119643	-0.33816299419891055	-0.5334313531232876
55.765975615422278	-1.2287896974662618	0.37251800031969973
57.075566921573106	0.47836453843341986	0.42611435850093998
56.957173036384802	0.72973678418210719	-0.73978709433348999
55.921838287891489	0.13690567480006291	0.47577098531236273
56.808929153588323	0.33733869732665289	-0.91549000849095963
55.901036317738459	0.56144534788545597	-0.6700296228681335
56.452495333247626	-1.3243546342473131	-0.63005203669323495
55.588341340921346	-0.70410485051363492	-0.81711210477173069
56.14320273017821	0.82629424672599427	-0.3354100220113172
56.740026663407406	-0.24729026994755685	0.54838542423265224
56.495702124384415	-0.038966899668338391	-1.4763197319753101
55.955712412781821	-1.0751088144510805	-0.16808826658257045
55.346633784243956	-1.7360363537363923	-1.1792012955004518
56.003329585503188	0.38885903339943562	-1.0061958357312122
56.955197494341995	0.73290017461780244	0.48181001118211247
55.727000128867253	-0.43009913964329954	0.85795951559885741
56.865872206057858	-0.34818743608237135	-0.80558495007687747
55.529786861775293	-0.20621250303409822	-0.75993769815254197
55.997126966238945	-0.59056425410621582	0.78250043189656882
56.673381706864042	-1.3186620142425836	0.34305886681530545
56.345278590559843	1.1354325850810811	-0.18302525259213678
56.608209106956032	0.72259523084480215	-0.48317202464612136
55.827388678247857	-0.84019576402236817	-0.55124912206067256
56.280926312794435	-0.043558253058647411	-1.2442206220386904
56.372517906880155	-1.152406379291055	0.88785749122603441
56.127973642886445	-0.64586998269896134	-0.28931987766292483
55.755297619041627	0.68718825755459112	0.57001892630750961
56.91868909723344	-0.053078965852800246	0.78977703517416231
56.829953700991403	0.068348227194977171	0.67404573752707109
56.896460088017058	1.0309644549520396	-0.24705039138633453
55.992335342258428	0.15754343146214556	-0.84236278955758725
57.292145259657666	-0.35854794610243246	-0.72417724449413545
56.455092379547359	-1.220031633848192	0.1819445162573971
56.051681529876362	0.42831211730630686	-0.57332936458582295
56.956615712097573	1.0644992264266055	0.06031001751046651
56.608940687431293	0.86277371660947699	-0.43255059269295276
56.126700914701068	-0.89971880609269395	-0.22288485045562959
57.330664507757277	0.11811002097978385	-0.78355013070964108
56.308121093678757	-0.83178579795312535	0.45995881598435467
56.98547026563319	0.17794342530112983	0.88568908411551595
55.885251200771997	0.16340532562411583	1.0795747518926329
55.727113031693705	-0.077733235345487775	-1.2143023671027342
57.314960423748801	0.84943607291436951	-0.59234517579331913
55.360493500301004	-0.93323110506420348	0.65631259592286439
56.99354970149372	0.023276694180274105	0.94109300659095063
56.55637571601499	0.24663725374302581	0.90889570981343493
57.17694774118285	-1.4923755332156263	0.32448550073035515
56.031738360605623	0.70890807604952044	0.65781713031841871
57.103740942418952	0.52273804175753991	-1.0637462056284677
56.585068164183035	1.0084586020400443	0.70882949608278867
56.085455496263357	-0.17479229816328845	0.48960151843141259
56.776916709631159	-0.92235917596443195	0.80003811819111037
55.672711283619222	-1.2895939354528168	0.72731318395940681
55.487328314113562	-0.67331457323459964	0.22921886622379095
55.280953822468796	0.84576206457219327	0.70434470655287318
56.837270328360646	0.65576215102043278	-0.82234605408592243
57.186660228377498	-1.1447661356269516	0.3244070454842195
56.778984923583302	0.97936557014756753	-0.9802147704378058
56.350753220024991	0.29029936932014644	-1.0836882825945338
56.074622910617713	-0.33054870971579187	0.75351568696410798
57.073783714715972	-0.23331700284518314	1.0066789108261995
56.021944111282927	0.93881030182317271	-0.80988519358826538
56.212528487044125	-0.76699388893643694	-0.027967016128907663
56.509431451297033	-0.80765360796000918	0.62226123024035007
56.622741483657393	-0.59753364697233746	-1.3447947697441396
57.00867215606138	0.78343831991141122	0.076281838109869826
56.279902548084138	-1.3741358046561041	-0.073962746262250592
56.815505422616482	0.13480060903096588	-1.396663432703602
56.445886160194199	-0.1359728147541765	0.065994715599336479
57.006403310947562	0.19626647136884742	1.0223321246023855
55.664854259892941	-1.3044354616163041	1.458597250355115
56.66351969165077	0.36566149521990743	1.0530297383299074
55.641615948785009	0.12287063865039087	-1.2503738642538191
56.714361514951094	0.062098173249421434	0.87029116226651571
57.263845569493554	-0.60106082345250145	-0.22832958367454245
56.297599732926066	-0.46155578436640238	-0.85366158145954807
56.223916146507285	-0.52821817844135754	-0.82316824967348901
56.704531347795047	0.59552049532001261	-0.086217673566610947
56.484968245368215	-0.33283193970437475	1.5279825813652272
57.04404010554002	0.81740448239381303	0.68335179860899808
57.226788151045831	0.47768394881171938	-0.19020511735644557
56.25394622720399	-0.25398185351213731	0.49239927469197059
57.022153845945226	0.73529746542389074	-0.040718447000750634
56.635773153001381	-1.5149650496635323	0.73512873830608905
55.895083487222841	-0.80463537352212389	-0.093914021566101111
56.210882923372679	0.8061224173068865	0.34568162675691211
55.750871494821247	-0.4503143874612367	0.41673865929364917
55.734789346000582	-1.1315247450472987	0.084088771657341285
55.560235707223164	-0.64349647661696951	0.55208509793338545
57.00901039397224	0.0091288881665418063	0.64746394630445625
56.383928722436039	1.1237388272461237	0.13986407654665522
55.620584292123233	-1.2986691560186483	-0.28463221130680799
56.942408821281816	-1.2510179151812817	-0.31173102696278054
56.890492695613034	-0.88324049599496457	0.09636046198599621
56.450153956078871	0.32340623612734326	-0.95470994425570221
57.344073747860222	0.48810239380615161	0.79190321477942005
55.691426616901119	0.19217056316936401	0.72961652695665247
56.316372360682735	-0.72955881103866294	-0.015667385503832176
56.480370693796011	0.92565526236757356	-0.36685163150472822
56.255176812578362	-0.31340638281144412	-0.23169451472206049
56.93001158463278	-1.4399166974823927	-0.91692662843646722
55.538882987581637	0.75637147649665148	-0.3199080139304562
56.462491554042231	0.35224048060702973	-0.44701437130521832
56.289385147009313	1.0099821200043644	0.4806163064034365
56.550742253953807	0.41877558954820809	-0.904333139840653
56.884464981829069	0.47149738574892586	-0.71212956943595218
56.076329008248706	1.1367770115596618	-0.047969403524719276
56.657260221605682	0.76965482043423261	0.26154520998391656
55.859693319744565	-0.22767705917031403	-1.08670121322386
56.078484608730484	1.1064577208829409	-0.3339369987571234
56.288436178158513	0.82759603626921985	0.28064154657392032
55.790258495259309	0.28557153352807951	-0.89776998330619295
55.512657909075386	-0.93379699732651389	-0.40581342757286659
57.130690599510856	0.77425362737352066	0.47739792317883489
55.875777533570677	0.60953285006044922	0.80088828735300954
57.414741055109914	-1.3481739263261325	-0.056754978506525569
56.706439115099059	-0.47608960412611451	-1.0231425211350436
56.22741200948979	-0.94541546525032305	0.19331629887410404
55.527720395707128	0.23287480960012868	-1.0724742269329139
55.575753922795172	1.6254669393916681	1.1624825211855851
55.526470066199323	1.0263075659478458	0.36877603861186664
56.26284594335835	0.46189328094688875	-1.1609960706816551
56.129481891352135	-0.3170126619139616	1.0952540274191871
57.090665160225505	0.68345132350593429	-0.335530139844884
56.456634655820103	0.38877936708340066	0.30924366332801478
56.246987084968069	-1.1178972865277041	0.13455849682384649
56.959491549961342	0.44861861826131755	0.97913481093599464
56.135903234558945	-0.49412677462584426	-0.94505771677178929
55.933842638408436	0.9821661019634268	0.14389930650667826
56.669646554960821	0.55603465499511096	-0.90188474717321698
57.348153843766532	-0.64170876951723343	0.50933169824656255
56.881968763290658	-0.51521235362645335	-0.81329864756271597
55.898586791605268	-0.16423183414921036	-1.0475621198770326
56.055189358636859	-0.9388921868341098	-1.3346014063931757
56.286276728740674	-0.21829600720514192	-0.74884375067632325
56.160445841443881	0.40689664517108814	0.92004370042427941
57.44904607657849	0.52330331285340637	1.2387421193504966
55.747607974337285	0.25502964037884207	-1.1435585982679604
56.475643721817775	-0.35114083966107251	-0.54425180827672026
57.140674424468301	0.60894482089850954	-0.78894275269575953
56.519392987686821	-1.2787865708429975	1.0908017965615138
56.935125508732149	-0.058748250409552706	-0.91322839894395003
56.285953968497196	-0.83401045912430105	-0.27602992944648364
56.224310131652629	0.51443429631199467	-0.64087926057352662
56.520110035260117	-0.33782267358592094	0.35026707759871506
57.030321649785883	0.76828740935298012	0.9675725949715227
56.800947358322233	-0.81010174309896033	0.66787563929122951
56.587855735813299	0.98343389723285046	-0.1566285731724614
55.527902744853996	0.0620703464921201	-1.1970178806982299
56.307122284628726	-0.44153576800037003	-0.8390061178717052
57.115695885566915	0.031682469786174852	0.92749900306637056
56.177992130143828	0.93327296103502677	-0.32082795908599893
57.048124373377924	0.82348553583198669	0.20628016370235597
56.826288021226709	-1.0073258462223069	-0.035487870000886497
55.865041000148764	1.0148661126661245	1.1560436506285265
55.56980140642996	-1.559136275390999	0.076182603611422192
56.18221095204472	1.0503936245714358	0.92678536450498028
56.542908007279479	-0.52457731570322774	0.79948461241225766
56.94186758136005	-1.204257204454791	-0.12770197369533484
56.650658330238606	-0.078606612797498573	0.94597930781197903
56.483423306082855	1.2662849041826625	0.076533191214940316
56.972871618746943	0.4607361126442448	-0.66986702909496321
55.996000388300466	0.81393499645694256	-0.70171864358017999
57.124387114270675	-1.0042592304429403	0.66204215788799436
57.182971507098998	0.33108360977094237	0.62561895958799074
56.012351957192081	0.88853608085244817	0.5356410040807571
56.532052336650601	1.423609475720355	-0.087661936204704888
56.716287508598583	0.57511149599587663	-0.46632781195439382
56.810143960429457	0.93772586509186939	0.34781379877979418
55.737924890414753	-0.89882705201266788	0.34534842959077799
57.372495933294445	-0.49165910288371867	-0.58763583060705582
55.903502728833658	0.61563667842908165	0.32486982549611843
56.682878141327144	0.45417172797287853	-0.0017253326797908443
55.97884199515773	-0.57745396657079584	-0.021262267902891763
55.610227737037583	-0.62150861648615541	0.65354443475251078
55.59829436169386	-1.2086407406478807	0.12704985531509327
55.872013881361568	-0.46857208370492742	0.38921883475432689
57.084827916443217	-1.166381116487671	0.26141557289353085
55.426270052510006	0.87239668615975985	-0.54657781041158382
55.458068059007452	-0.055550053365558003	-0.55989953691003558
56.311358781358287	-0.81133645263560716	0.56337753718695305
55.588518730692897	0.33664921448094126	0.16980988127688501
56.325095505977117	-0.86280476333969702	0.77260605159968399
55.74211803513635	-0.53351553428741616	0.27929053885336758
55.557595410277521	1.0749263262112403	0.81103873745442134
57.276139171310454	-1.1318836623805328	0.18851150025198343
57.069859991875894	1.0466863804038151	-0.044871033171371602
56.399595171893935	-0.42653707915004696	0.88829505361926508
57.194887042319166	-1.2209650954526099	-0.50703311484424451
55.819407940522652	0.41674987710254158	1.0341887051465739
57.089260073012532	0.58384794073226043	0.83927077173438125
56.877585713397707	-0.01140969244852038	1.2179931174922307
55.623190435946952	0.63627966526441204	-0.62333883763768794
56.155364043251083	0.27546011009479338	-1.237495922910588
55.918112883178225	0.31990080374306584	0.77120491610371678
57.072856192662364	-0.26404737389703509	-0.73943281367932212
55.505116431484375	0.21112011018489352	0.69674805913718951
55.583297531150038	-0.12982043866623688	-0.67539627418353188
55.511359761811853	-0.37634920147499479	-1.0870965409688851
57.210300298901338	-0.89463217049988852	0.55842611091819483
55.844269108471238	0.53865002700943876	0.55051979073428614
56.100553879831139	-0.43629859126995102	1.5026712889744895
56.612826316834465	0.58432526571591836	-0.42213526952230102
55.596354530880376	-0.51488626371952395	0.32296624178792765
56.781966911975914	-0.34765180764804848	1.1664123080543423
56.070813703988854	-0.6538165407648312	-0.60282261320036401
55.712847904171561	0.24245257281020288	1.2334973407525762
56.978228057696064	0.21199739973265253	-1.1914988194615179
55.530596433645421	-0.57031435239817607	-0.79978756171327114
55.614593511397793	0.33573515352133632	0.49896780698213328
55.939960864223764	0.73494815597362828	1.1314809222308071
55.603413337257983	-0.47778114434723973	1.1931382752413697
56.354643751633823	-0.53192267534456594	-0.69505975106316842
56.684959117486223	1.0547989326513927	-0.31443328359678652
57.01816312270158	0.9635859201167678	-0.45387503401568569
55.419611459850785	-0.47854829039384422	-0.95069029170663744
56.225509522768505	0.081110362447257833	0.9892463551203966
56.011924866843849	0.13555386645214285	-0.61330676856217892
56.035889275923772	0.34243176296291733	1.0203785801245859
56.762598509463118	-1.0501055969214783	0.80922060581669264
56.608997349946492	0.54026902842629487	-0.72579989760910613
56.955017724373555	-0.99648012795915197	0.60432758714657098
56.516305904896441	-1.0600492173709848	0.10600232149147479
56.101452230038518	1.0513710273501515	1.1266937973946736
55.690193767996398	-0.69409750192974928	-0.59063548559398005
55.977581903551823	0.6543128422811495	-0.10077588487811093
56.322551627431523	0.19679345571752313	0.69251285586498779
56.927940404012745	0.84535575452766187	-0.80164668160446984
57.209588289217834	0.4121031932201229	0.96056687495373372
56.523433037399528	0.62287178191433112	0.53857634642376762
55.804234879510929	0.86901293346659148	0.11279513733578538
56.818237144606343	0.68389552390595609	0.95661378470838421
56.94805496736371	-0.56141873851098889	0.16630513414404333
57.000338790032927	-0.3840453459167335	0.83808705326418909
57.371200101394741	-0.81550482748812558	0.083835750063160727
55.584743953239716	-0.92175921972176933	0.79420714585806773
55.731353688263894	-0.97085713691438436	-0.70962489328041478
57.329686069984128	-0.77052695142308181	-0.093855680279456108
57.101179827669469	-0.32305868277277205	0.40240373117200157
57.231925387882065	-0.17896421351320257	0.7079564737683598
55.787102136344203	-0.68082501023409037	0.74157881824399552
57.079865292039109	0.030181445264012823	0.89718613619080423
56.824131361210128	-0.69306176336184466	-0.34979398244353288
56.641985027428341	-0.3272314386006287	-1.0636068798372265
56.318946764722746	0.23222159177516635	0.80231025641467557
55.828804369678714	0.67084321249905587	0.45266253955055102
56.110621253043455	-0.33392467528788888	0.92964842761406974
55.368972976965594	1.116822576416441	0.055221141421417409
55.677736050676714	0.85719774313508057	0.47554164464617737
56.523464974580087	-1.2245972804062517	-0.30231031346426124
56.006046853080242	-0.88537385114108946	-0.27187585622258015
55.768825459542512	-0.14675335088408978	-1.0237790567885503
55.710324269328041	0.69918584616623314	0.45216767010812814
56.211752473435986	0.28944853081411526	0.84275978976987553
56.436549960876675	0.79252820702200377	-0.77825139272050348
56.784512092071736	1.0948744803615873	-0.23457047340815454
56.123963184364584	1.0746468672481424	0.063394090168866213
56.61606741464584	-0.51113658031350462	1.3074830262240895
56.457927671947438	-0.41808572184316173	-0.72450869000008888
57.17465111658634	0.063209457682490311	-0.62522229785866712
56.685397553037326	0.19992714344958698	0.60892677453020438
56.14022622069723	-0.58933701640141301	0.48015660087727469
56.621697099536895	-0.47744061089552103	0.84370109966433493
56.347073621213688	0.6130982075439968	-0.60642893610868454
56.638097777582068	0.4507840481083556	0.70133579393905576
57.448286889099954	0.90497598531240131	0.19988793659004891
56.234509573834266	0.96058419010904905	0.25869373254395905
55.87195005384492	0.53460307568686494	-0.21807093047198292
57.270271076806161	0.63731395287696346	-0.78838920171500848
57.058858563994022	0.88209197704424036	-0.87627535773855292
57.178519293938749	-0.98276406944218897	-0.37259001750041243
55.742169560740841	0.80688095208031851	0.79058949931863043
55.578906323303819	-1.0070969529080167	0.39296672625536289
56.446390793839335	-0.87825226684461299	0.59511650275083805
55.353183723866465	0.83058577086694507	0.038468200406615985
55.446024872141422	0.24987716666081836	-0.65495487669204089
57.208949416447048	-0.88840819552618089	0.29001885051948462
57.21519470194265	-0.9287102157633299	-0.63452571637633381
56.075321527291294	-0.17558515012656414	0.68402379435858751
55.940045510498557	0.079078474035512727	-0.87845343660123409
56.334994392053225	-0.38028756954212833	0.87956427420426375
56.403799921162786	-0.61896300058245157	-0.27514892711046574
55.751224414933823	-2.1835646414185859	-0.58042257060266411
56.432361188226416	-0.79658323440319356	0.12890467997906516
55.963244364232139	-0.0058388135107082934	0.98245035926946545
55.820342930495954	0.62731972243389089	-0.77009023501296969
56.266028753538905	0.36411171611572013	0.35969546873120339
57.240400698937513	-0.43185654021818071	-0.97857574421772009
55.866929375306867	-0.072805451904544696	-1.1104559178864113
55.815913789924913	-0.737441395226897	0.43802016979822533
56.093877867053529	-1.089624742770869	0.7081517384121131
57.268236926656172	-0.59654011969128018	-0.84614395439154921
56.502788917712458	-0.11672084233926393	0.97288378631478656
56.112966550965616	-0.78701548346082451	-0.47015975591924741
55.826457871590954	0.71013179757893063	-0.86557332025310685
57.161361678887516	-0.87468882364894429	-0.51625943499670324
55.974431804371434	0.73105385886231433	-0.54001665113579056
56.78232188360596	-0.18389065200465882	-0.7580625012592157
56.863660422011122	-0.84198616950022753	0.19662808897859357
56.87157040083634	0.81746707991604106	0.45747849287077519
55.713033379859283	0.00085635853658923614	-0.91455590195575109
55.581269031283298	-0.88557657645117727	0.24625296097458294
56.454635056659832	-0.22370383144033582	1.4413732485371784
57.003274601960193	-0.5781791434375434	1.129381417810418
56.163902807457319	-0.47610429964610451	0.37029730252538218
56.442437548214166	-0.7484692066046269	1.1403078175106318
56.417274219179752	-0.5033206241905287	-0.56138819639488691
56.536981107757533	-0.67697275752386854	-0.097270543218488992
55.42230691270381	-1.123506062494823	-0.23543375463125157
55.739904331731147	-1.3581956798832002	0.12643380974415319
56.73250343976332	0.75563100512436554	0.012162120476675654
56.341552483103015	0.98112041411877415	-0.42931217046674508
55.323815513658879	-0.81692692272438339	0.56845175939091341
57.182695385778118	0.85136223102454645	0.12132755210584954
56.420757845349371	-1.2957843597620442	-0.70591975502298832
55.690110651028832	-0.34678119612926372	-0.11845380175421354
56.002297093399406	0.027062507518989368	0.49784680556235572
57.099113232249977	-0.88634707293517279	1.0176943390552162
56.120738606620947	-0.22128783773989683	-1.2454334870343005
55.431814026018223	0.59298484479189795	-0.84977590429053418
55.795658212540594	-0.51838637001769805	0.5318356081667226
56.069156940140886	0.47376180056474704	0.44759088406841196
56.634263872175886	-0.42270493189020114	0.94812619845089285
57.369486170890504	0.085306351241693112	-0.43761182286240335
56.713353115685059	0.59921313763078199	-0.19741302102777003
56.342246017968485	-0.23902829049296828	0.25360641168185077
56.863976009065134	-0.87740639974961299	-0.35758461314064033
56.714993880763387	-0.32953124349393631	0.366989043194697
55.665977449548961	-0.11910957203444647	0.83387991786424864
56.227334377344143	-0.20976089662905611	1.0621999407243194
56.445669671389474	-0.81923394583489917	0.15912930889238103
56.282469487272138	-0.45622679432872298	-0.93498369966725681
57.1511365086035	0.14324170302274186	-0.82070229707513798
56.210852111601291	0.50887121319112372	-0.84170693982135103
57.028988511556797	0.087643025276297443	1.182205808449291
55.904831598935687	-1.1091057858796871	-0.72048696490332664
57.180386975914395	0.61418906477600765	-0.38495127318758587
55.685759120827235	-0.17530863166761163	1.1361646361859645
57.388276413209041	0.010722696627229432	-1.0820666361028735
57.358122952062075	1.0045440202359297	0.66582690894552221
55.794566504070012	-0.32102571885127662	-0.32390920861331501
57.323536064540349	-0.94244121150250892	0.62134433082001539
56.204467214876651	-1.0025034305453573	-0.30381558407694392
56.89501915836918	-0.70585555078628681	0.99750478366354545
57.318906994878091	-0.4459806438940444	-0.73119884318977924
56.856496915680161	0.30236910591051852	-0.94738878944362259
56.908575001477288	-0.89121830020150139	0.3991298702494438
57.163546305715094	-0.7249527874277828	-0.57428722169763413
56.3947422340879	-1.1767090885032596	0.80154276786508816
57.349289896827088	-0.50278407114131651	-0.5887880221508327
56.463344958764502	-0.33326684624183056	0.68058939067762081
55.41896892071744	0.86766500346099773	-0.88683733191423175
56.188574200297559	-0.24279606726820632	1.4376173319178021
56.390469157026757	0.17277559946863402	-1.0498585866214105
55.806942572795315	0.28841700737480991	-1.0507005619469652
57.047679679141595	-0.17939522637333216	0.86592194380026166
56.498792489807954	0.78042137781230558	-0.79710227827973779
57.401481554528566	-0.51720228805427715	-0.97480908407848232
55.529995435443396	0.75618588142373022	0.17808718008136129
56.787993806797786	0.77444308736901568	0.040921962370286946
55.665231393609169	-0.69560994436192325	0.43666996278157449
55.509636725125631	1.2292466285871764	-0.54601637347116394
56.945962906460949	0.46208886166339086	-0.86282354960532182
56.008801392750343	-0.35043586342224398	-0.90824295940070032
56.838724013004033	0.76619591503797069	0.15911593429224133
55.578243754988641	0.36578355445853722	-1.0645605770890123
57.17875543051786	-1.4461607356980521	-0.56830992354721777
56.554377443038284	-0.84674560728734849	-1.0356372487238201
56.791008675961024	0.79434365781432603	0.88451839612774052
55.506983864044159	0.80864140871999901	0.37180182566948072
56.910360178990516	0.020176614634112317	1.4251188073353385
55.411362327003232	0.23686233982149582	0.76702421568564483
57.011656809354598	-0.41039511994503147	-0.59995956913947646
56.905537289329025	-1.1003233688657827	-0.34931335090396759
56.095020357172025	2.8425403069252457	2.6349827845874927
56.604872443557944	0.44541364496439939	-0.74286641700869216
56.539447780512802	0.75898294985537151	0.66044427865325794
56.926222306248519	-1.0344166153580139	0.056829588619730656
56.812489946707885	-0.23389418558671002	0.38819422818303806
56.53586385560147	1.1565498337023712	0.43352120707574782
56.456134951909611	-1.1754359822912408	0.25362023023166724
56.059952101925631	0.47590938479969541	-0.44569297059843749
56.890545127683382	1.0621067052398683	-0.73380248633596601
56.091371860970632	-0.44003671546028095	-1.436970126986769
56.802853018055835	0.62874632191007707	0.48071514880911009
55.555143278428147	0.6655102911249251	-0.65520549725163701
55.837262595729484	0.53302365522996453	0.75065728130438347
55.786286331966039	-1.2792016901327592	0.29997365323437947
56.478028028974727	0.76301360781079419	-0.34293680680923355
55.659948753867944	0.8532406771405624	-1.0298178153584538
55.570570716453993	-1.2090475601094466	-0.51544225772363605
57.161091473669437	0.75567126007999164	1.107824643211996
55.600180799671342	-0.26591017831274172	0.9680480001644407
55.725030553554703	-0.3487380171309904	-0.99964347985166313
56.811294377000088	0.97259175723663027	0.42578207299479653
55.826519472260891	0.28162196602525708	1.0741714675206033
55.877693706274329	0.64432446576249702	-0.4796257771077474
55.502921383370179	0.31007929789941618	1.3101753063394372
56.082023289662473	0.93919367576936919	-0.53197785931368546
56.230929910163923	-0.0070206612303034656	1.0185252683179076
55.687876942641637	-0.36240389011876728	0.5696960531667864
56.061038108756378	0.15552748077697331	1.1130019507524109
57.290743278766683	0.44230673412752486	0.66629111799986362
56.900596595529542	-0.46445720960814002	0.86219080803838188
55.736659779012371	-1.3212852456766815	0.066247480731082234
56.933111837238478	0.54797386013018834	0.73306659892368953
55.664649828769917	0.92216090567573661	-0.60534347350432616
56.803598375072475	0.88220988292915659	1.0546116746978575
56.441751514746002	0.38493558419896434	-0.65336940894780859
55.994242049193225	0.81981560488283722	0.06615559071142578
56.436979940918448	-0.41639435876772568	1.1224953136795284
55.898077764970523	0.24317605581609605	-1.7693614240707765
56.479874881907477	-0.20674840606790801	-0.8804930475206022
55.871067784056144	-0.51771552896087725	-0.39484123375326935
56.639716766477633	0.38124588369153961	1.0788877221650568
57.301680465688491	-1.1213037079349235	0.35368514677718232
56.669717838232643	-0.089628333705679325	-1.2562050605452471
55.887630045868875	0.72456364570969822	-0.27580563374312067
57.137258852610579	1.2310168814474585	-0.04166091348432565
56.636133171050652	-0.43036850800313742	-0.80294502119528866
55.892568435021765	-1.3565902545058854	0.043964584345283331
56.729174612376447	-0.34232050971378836	-0.63280468165102011
57.308936175850327	0.76540599537454213	-1.2414092523571263
55.579075474944482	-1.403124538072644	0.23325055966847313
56.772083285433929	-0.64724495192355913	-0.07233380410610335
55.941186240014439	0.32272246062489496	0.78983631766617568
56.222918880991891	0.30984555992551022	-0.013606522273128269
55.749397007972917	0.071833954289714744	0.86807828653870756
56.143272961748359	-0.039917478996101818	0.91098926602830221
57.292450877659135	-0.15543379602237517	-0.6137763177308676
56.578105916216479	-1.2725914327979915	-0.1104533997937578
55.7943335863946	0.37185493387130353	-0.91960022610097258
55.569768815735685	0.78584165497849412	0.058976373134830243
56.71831456275482	-0.71810771937179163	0.095576578627554198
56.564354796608242	-1.1136006953086257	0.27815953865426724
56.889999222391751	0.96501657050387246	0.092472868280095016
57.065367751810207	-1.0346871586378095	-0.45458183284697068
56.620059247706294	0.62950899335161448	-0.41582529730581236
57.0070871471438	0.72333662753377226	-1.0836058075100252
55.863963622179575	0.33724183568851018	-1.0420984403211488
56.663764694366662	0.13132296316184375	0.76203639703104109
56.690760123784969	0.013105224593746531	-0.89766897156279246
56.271249218051125	0.69312596672726867	-0.12029424488383077
56.648228382194198	-0.84180236288522503	-0.4798995585669571
56.957824522418093	0.65166617140078309	-0.91740054092018042
56.197594766677852	0.33074155004632128	0.59321609424156008
55.997273179174528	0.66858453821829511	-0.22116017896565743
56.636843456569387	0.1632880131497409	-0.61993628513369059
56.057683295923745	-0.60186335330506335	0.39704639871301461
56.488083505202503	0.7703545237676549	0.28943772721100453
55.764649064258478	0.21499300864041074	0.97753523397438624
56.100222901135425	-0.65930279007688231	0.42881966776769381
56.103291466234694	-1.2161228661286914	0.21271817866279344
57.410910124094961	-0.66773995168229061	0.37657759945042468
55.76768756100612	0.5762717155565924	-0.65989564041965454
56.734427613971683	-0.072062107388754251	-0.84941413045900327
57.181011300456547	-1.0140204315233292	-0.71154283959060183
56.818540895822366	-0.15759858196480084	-0.77890268029909271
57.326331806079878	-0.86734347715386528	-0.12000348533166511
57.130823658762147	-0.09809218664294489	-0.51699440135875885
56.518677838321942	-0.8628413921442758	-0.0059575682970362722
56.347040159492003	0.99773689937354781	0.29051512401415625
56.531455973867487	-0.75959331643148842	0.1467362552394515
56.958239342251531	0.87359761579165873	-0.017118668106454783
57.258635225007232	0.44920642598850591	-0.5757836354800302
56.350750884891184	0.76495471640867674	-0.22516110156272826
56.859961080570528	0.83587310786442826	0.77317690581775733
56.484148520899268	-0.59179124621860324	-0.91538880713972182
55.598341558947325	0.80924877527555861	1.1862788820150036
57.095835040327948	0.026773479489420739	-0.89690543782036236
56.093135230635738	0.83468353063028622	-0.42133893097464253
57.09931135193623	0.87509575470340184	-0.52084162675264334
56.462242186320111	-0.40905278828773067	-0.81358319677400603
56.556943436262507	-1.5170427794643526	0.0014393874542290009
55.598779864792668	-0.55385603240868797	-0.68986258494440478
56.762806402112936	-0.034958623993004895	0.67030559827584557
56.555059641936708	0.43650567159017989	0.74001417286851445
55.439025188954318	0.078094787537893978	-1.1921089620183243
57.296871913406726	0.91368015748953402	-0.51050854890558317
55.59549435738812	-0.51427790434658238	0.010076424313650091
56.936842805219307	1.0433006960816251	-0.16735298115449726
55.845217379446282	0.81950097238918096	-0.64384383842233328
56.026665075645546	0.10924463531824766	-1.2122269500925702
56.249502021899012	0.1323460753716808	0.7271615374782715
56.333577396974967	-0.56219343566882507	-0.12374524927326386
56.725714219479414	-1.1382830309233338	-0.033111784039295766
55.970634099374607	-0.76063023333676016	0.12581954816684313
57.003346683838892	-0.64958899325342156	-0.57204556200333656
55.487220993829943	1.3097743581876615	-0.2922594035151681
56.664028369847337	-0.19831695708072183	1.0582049020273212
56.603960201058776	-1.1189088185165217	0.33185177219395112
57.316326624823212	0.23012909880868848	1.030163768480195
55.926688484821341	0.644307894206126	-0.94074777146333721
56.566350256586631	-0.41718110478277071	0.17251732881789875
55.692429641383896	0.98602951935517436	0.21870088354709247
56.209965188366198	1.0179950491280321	-0.90398122131084846
57.466199352677926	0.76850478156865776	-0.66574849323900065
56.379999427636633	0.50663171420282715	-0.83249939218773183
56.6896864608633	0.38702659048144361	-0.55503901241978504
56.864295307882578	-0.95309360613073613	0.54664904750797361
55.8233205773248	0.69188873585712385	-1.3225300979625456
57.156214628725692	-0.093827253532028462	0.91336291452722085
56.342319575714065	-0.5653068361360456	-0.08129130245051859
55.894829786699376	0.57603350742969905	-0.19494421716174709
55.974549985132896	-0.89283052025540255	-0.71764281857115342
55.771264538333646	-0.83792694422563907	-0.57710639828932209
55.734341666673522	-2.3475251954248386	-1.1526716769605232
56.062252083360114	-0.15295408176597666	0.87618185628440892
57.25401081460096	-0.55264131033570341	-0.76508128685341747
55.79070432274542	0.842684286116131	-0.20484798151796196
56.980454073959116	0.29185279801929281	0.63957862889975958
56.063249889409754	0.60848376393537085	-1.1229490861045661
56.189831317591327	0.14032362358995901	-0.87446623314865113
56.399215126301598	0.48176870202810873	-0.93180526090407156
57.127370265993825	-0.84690455554274935	-0.5432886519253427
55.938226277777758	-1.2424323921724671	0.4133721764036577
55.80037174075499	-0.49919479890665125	0.75592010536008469
56.492081844961966	-0.58426196677703723	-0.82789306443194666
56.590334367437684	-0.21665253809470539	-0.9113197430614608
57.105488275344435	0.5934913498686829	-0.39789789866879349
56.264905960265338	0.41559904110075002	-0.790297290688734
56.298509612055547	-0.14394600609808017	1.1625006097205388
56.671031960738205	0.72977346948968902	-0.60665245273443014
55.553579180384972	1.1008710104914965	1.2666143634064611
56.676287768729665	-0.27945555842349895	0.65068441902767571
56.492294017614732	-0.30355564671934865	-1.1330039271812755
57.036817567665992	-0.67915712469178602	0.28764099646629776
55.547948620968441	0.72195058010921775	0.55232548370844858
56.638346417930748	0.66383899711710925	-0.9162717595637021
55.692451425272999	-1.1127734244938972	-0.03304792679418192
55.841867933021547	-0.70277587112396978	0.32486657154005399
56.274657809178464	0.30229154980072431	1.1350215100643797
56.655582675388693	0.17788630207092351	0.67418300120783592
57.074067053673282	-0.054364624537014801	0.80806505663714723
57.242312029933572	0.44532493785530985	0.46285756467992661
55.714179436210692	1.0855091643980812	-0.32044807188557045
55.666462266360249	0.67059698115987665	-0.4895724186556426
57.218269838213182	-0.024606832745098704	0.99478169015718731
56.734095887061336	0.41600569810327004	0.77979359399764436
56.220276614303614	0.011469133254266775	-0.82138979881883567
57.250626648503228	0.103958440124838	-0.95825390927847764
56.072145772761168	0.76178999127688451	-0.79949696337277787
56.707122926696634	-0.3126457373117274	0.48473991651479342
56.827325026247522	0.56067298030417967	1.0700327494139854
56.706485965917416	-0.76483534713332435	1.6151835665052274
56.206784257554098	0.18555589530271877	-1.3150069936852073
55.705332694110673	0.1080122342016125	-0.79933639336039075
56.138665706760378	0.026748731978110576	-1.1913535775677135
57.195595406926394	-0.32558673735482374	-1.1855634785762421
56.440577522275539	0.7555967882977469	0.40048972560093332
56.699514799754105	-0.38103173151019082	-0.78065342489473832
56.469560759285166	0.91585522765788896	0.2546033434648084
55.42707675450918	0.75772022008477524	1.341760394765388
56.446209578097445	-0.69814101772273063	0.18737734715464957
57.009936090508631	0.80263512077435817	0.37756326709821592
57.235634661004958	0.62662969004146052	0.26172921239914471
57.059747363080511	-0.72451056636209998	-0.12630434709692459
57.065653421652208	-0.28065815869925215	-0.47950105130487053
55.645436453923622	-0.42671522274191021	-0.61299800911455704
56.600985431152694	0.97551635643785228	0.36162410951351603
56.984147815920359	-0.61309144149377937	0.34159739295509139
57.286071438484669	0.8441775840597413	-0.79275477131730654
57.077680242145675	-1.0299541268614225	0.27352677714848062
56.42602689865214	1.4659505218399365	0.19475522723380292
56.095368783431411	0.46799991206737718	1.4218289628905447
57.192856149016073	-1.1265014305636178	-0.89214831177717957
55.644888078077592	-0.22405293813383817	0.16391683361933027
56.064199851284783	-0.062585784624165114	-1.0980303194593277
57.487770191948165	0.54820456844703491	-0.73770923251504561
56.859873349280406	-0.86360122432486908	0.05758029178977981
56.368744609837123	0.70251526127891539	0.54320183368368613
56.294590774225178	0.57286147509934271	-0.62979506335823576
56.840036505384376	-0.72918270056782564	0.17497066721581014
55.621313202788109	0.6305258136146582	-0.0088956517522413726
57.155008063727323	-0.7533216794792893	-0.52706349980310752
55.663133531050022	-0.17722013909386028	1.2715298175620862
57.059270994665511	-1.3563769835542416	0.0057880096784453626
56.089370302803502	0.048731345725563147	-1.1078401204519268
55.487320945385363	0.34395515001447491	-1.2957379967415148
55.466189062789361	-0.19813314451312894	1.0521103532327285
56.723725824464253	0.20636218858681163	1.3755772090835412
56.258113987627063	-0.80271882784952242	-0.12948063496977283
57.214539616249454	0.062075284153866976	0.7705412169146173
55.497593451877925	1.1193880570333441	0.4511875542319283
57.000189728597825	0.70618239842823538	-0.47091017212065911
57.196877945020979	0.43400492358554538	-0.19522895227522091
55.862441449586086	0.57775624153794891	-0.59291752964612721
56.535026715341033	-0.20623936564988019	-0.66273891651615269
56.643853571501616	0.24795133377665243	0.95687540238760549
56.577606564362789	1.2174237394181018	-0.133028664107017
57.175582759606044	-0.51531974944187242	-0.85219213109352177
55.84307192150704	0.032253362447594032	-0.72054569072495178
55.890991228590984	-0.25213629416732186	-1.0231230754452836
56.910500271120789	0.28281301761415384	0.99428322524279034
56.597481409082206	-0.65722949003555464	-0.55620340577884908
55.607385102165374	-0.41216548189126306	-0.99604141968942184
56.56912326753519	-0.95664202415497035	-0.1407492536462556
56.336166351182108	-0.75636099834061465	-0.43001905554075343
55.54281077636044	-0.33942114193805728	-0.63407001916165207
55.933448607438983	-0.52824918916716201	0.49244301564111165
55.892674579640712	-1.0380542770850874	0.15582278312485828
56.743100170202005	0.65697613734392879	-0.14798372809246257
56.370930320677942	-0.684235529064527	-0.26362266983772553
55.584765955558282	-1.0139427483159087	-0.16806105828234755
57.025280203500252	0.77624556509909104	-0.68005196543368995
56.996129690394206	-0.10600980057349681	1.1600541103985722
56.566230941857526	0.040626103798778755	0.7824956446824235
55.683028704216504	0.13039512402921888	1.180917246084437
56.970708078859907	-0.13428736318413353	1.3375787255016285
56.060436825729177	-1.4437044975889501	-0.45203819678755619
55.899806989030751	0.77537266181039766	-0.52746919734161668
56.37612462887779	-0.20264824874418602	0.42248778959535704
55.931348632983159	0.54554269181846293	0.62869814745973596
55.328381147517426	0.39900030911347789	-0.84072646013334917
56.746550238223918	-0.13965576506603963	0.69446190263923602
55.659070174091269	0.88325885636839352	-0.31131983034681687
55.684287591555368	0.99007496903948367	0.24114172226388808
56.74099673708637	-0.68528974566566747	-0.4535219186871019
55.516291988796958	-0.16820846910848269	-1.2322309617881626
55.839897332054285	-1.1139228271060295	-0.27094517147999647
57.205066584394501	-0.845179378596703	-0.82734807711718916
56.549621775451904	-0.86839601305507019	-0.047787495057522923
55.76140923926026	0.50118132243297087	-0.1572879244162958
56.222286160272368	-1.1435480619145961	-1.2276345608197008
57.23724684555421	-0.30975762542681107	-0.81599669927711049
57.159890308768276	0.244681964078101	0.66919862959372078
55.958490958815204	0.30295123289804377	0.82522031659438633
56.228032216118883	0.79568604975535018	-0.35407942995684394
55.952227131940624	0.51028900872675176	-1.6553228475073427
55.545856633748457	1.6924032919250862	-0.005306089439723531
55.702193390991681	1.2257411617033205	-0.11707085145125604
56.182691051583149	0.1343252470633271	0.9014387606964428
56.181961115760046	-1.1090472118447876	0.25609225292809601
57.318016883040663	0.78521648949925571	0.95016370330176325
55.581908747252612	-1.1471238793186247	0.93469659375899028
57.396800095959648	0.94024142218278461	0.52078263942232916
56.856179293363368	0.74432132278725782	0.90422150966275661
55.926127619826204	-0.18256849054742857	0.74431644370919869
55.572085349575588	-0.18063713333435627	0.8694401999902247
57.556895993519198	-0.02280739685005934	-0.77924567725856186
56.778139231250954	1.177926506283578	-0.18830734310946656
55.629979347802283	-0.77174586011635671	0.15776576283112162
57.425377526272399	0.12462944659121417	0.84198929190728122
56.788344314173862	-0.67052932675934607	-0.91846803733290128
57.316897521100401	-1.006591846180499	-0.50688384169284317
55.58403778100184	-0.16822654880440285	0.80489817188959256
56.890101314755697	0.5941781617277454	-0.7243810175795935
56.104422982135503	-0.36829780465991491	0.99112299801351988
55.47135232392678	-0.55184038339748231	-0.58911479632139818
57.083635031628582	1.1561052803980492	-0.41240480884705621
57.15540394790218	-0.35825013034787767	2.3577552108714168
55.961831742786451	0.084571453829328971	1.0629997829515441
56.523300443229296	0.84760696503633637	-0.17643339473994882
55.73032820274797	-1.1792668474622532	-0.37118912999929082
56.924680507210581	-0.032599130124822615	0.66482445574856863
57.251328558613992	0.44950278358155771	0.13921377816111694
55.365121373339498	-0.92448529384201106	0.74671472239593917
55.938247495144338	-0.4847641156819833	-0.91104622871741558
55.930065268653216	0.20760993542692691	-0.18485217768778997
55.461824337484572	-0.81983617684411503	0.45012178151948767
56.095262765847153	0.47737548497370214	-0.12085624169817735
55.646522606984824	-0.95581728361543405	-0.79174253856512233
55.42430104243455	-1.2977207329641165	0.71009920199592946
56.040562694478254	-0.66917577983770382	-0.95966277889827423
55.400610100093708	-1.2785452559981969	-0.60023956863818773
56.884279288460363	-0.49018383364900725	-0.68287070046079534
55.615512633714715	-0.76371216982999901	-1.2363744158850825
56.952260865205488	-0.81312677263632649	1.1284363324693716
56.031151371012832	0.96118565952672774	-0.44845470470438559
57.218787257308172	-0.030199821527481206	-0.99256027317338535
56.555488134769412	0.18910304862339428	1.0571796458499256
55.9654074695394	-0.73876693153153794	0.21223225859523623
56.842356520072926	-0.18266699890268118	-0.23184640345607727
55.652377512209839	-0.24278821962736521	1.2488418298220931
56.913417882606993	1.1951750698745938	-0.62989213104245512
55.527387897239038	-0.18945202390986474	1.3339043148529723
55.693880543193728	-0.81427607273709546	-0.84510511125312093
55.965718594513881	0.74956158945845097	-1.0418913399047065
57.167003767920086	-0.19350164083260643	-0.82007790775167433
55.733609665446451	1.1097831801420968	-0.29065456407115481
55.630779318806894	0.51445735990225494	0.72880097964665591
56.875970310683897	-0.90010874804854835	0.53971259951401196
55.635465043621821	1.0778016216422401	0.54346243456320265
57.256995301300144	0.80031322461695731	-0.56287123260862193
56.160877097226219	-1.010231071498118	0.43671513745988538
56.651772974903594	0.13044337174977969	-1.1477892219756043
56.677852341762559	-0.83722049084297678	-0.85104739461819257
56.484897552822289	0.75484987794320035	0.31242081684663364
55.622732694333969	-0.13928007005060869	-0.8329469095840123
56.919956323855764	0.21303608610542599	-1.3146073906334186
56.109992094406408	-0.19969979856178002	-0.86094232163772477
57.288688955160623	-0.41743567598085418	0.74192486091554954
55.646470853998125	0.23195398125016536	0.90574206751676301
56.542772164981024	-0.50082893701433639	0.80869670518100178
56.718703181763289	0.017159028387763682	-1.0138506589363538
56.76840624472414	0.88756878415851415	0.38788336380384714
57.2827512535655	0.67872468491522797	0.65228599952729793
56.660252354547261	0.61753813958588699	-0.30674936897164368
55.558093047869747	0.88401545582424068	0.80639094613321649
55.680353170473943	-0.82132284493120911	0.47230386551220899
56.449238138141446	0.92596791805167378	0.0058413864553030961
56.624170236333534	0.80908555090394996	0.01957088934801984
56.721771503159502	-0.94112494816059922	-0.31120827678695112
57.105095743704268	0.68930329328415141	-0.46892953112079144
56.411151901728182	-0.87335917773929161	0.18356334547270128
55.626704882510985	1.1331410652468505	-0.075980611510678087
55.889146783464007	1.0345422918069016	0.2778276566063474
55.919940360873028	0.99897403518030281	-0.09383269814085185
56.059107613192452	0.17968331349849273	0.65242739131288208
55.430260476629194	0.042283630503916259	1.3884330927489765
57.380265593496063	-0.52299661731192559	-0.35633311802538015
55.845763003331385	0.066245450588933261	0.8237600567608514
57.126418347362943	0.90135627160681142	-0.74429984329458287
55.701472400731298	-0.53190948359648527	0.7795297097393864
56.320508329267696	-1.4770971597472391	0.48514995601636857
56.937187733120602	1.4535045842391019	0.87664616516363836
57.106743090314097	0.75876457434350331	0.33446867915518474
56.041487870611114	0.50499710714483281	1.1091058366065103
57.456444030655767	-0.30675307579019312	-0.90012778162228491
55.782251785858506	-0.63124139813454583	0.78936943269167958
57.389084563749556	-1.1048396088971921	0.17967185124531576
56.407826309518896	-0.47010478400957428	-1.124419358670194
56.792516979498615	-0.53816692329237781	-0.70082359311875186
56.450304333558812	-0.46391358229081081	1.1353726664871966
55.607490746681783	1.082679100151636	0.0034937978185977585
56.578696882022044	0.76690035306042836	-0.978855649201122
55.654787806878829	0.78469324810811458	0.96297772406838722
56.814510660919062	-0.37109138203661557	-1.0808244412217873
56.692495489400386	-0.87148016684994523	-1.310068624752649
56.476437566991379	0.3002611001834844	-1.1550019544986299
57.09730945002751	0.67837062576547991	0.011817379199626783
56.627192197353565	2.3831257739087461	-1.9431733346005837
56.21076565731277	1.1185317507484323	0.22255247630672814
55.371209699383037	-0.6064183193059639	0.20751608013639294
56.95164700131906	0.64959554918306717	0.42070896742841291
56.935852844898385	0.10617309137499584	-1.1318593392639564
57.370953247586513	-0.76027121897266536	-0.17716694608763539
57.176833006181319	0.29092719322284771	-0.45038818073501696
56.329188279931799	0.27803672464015028	0.78158188683452412
56.89274705848139	-0.97016135599599718	-0.94044696566824337
57.296762688510434	-0.56005911559768995	-0.27558826748129506
57.142818817524073	-0.59300338851345014	0.89706193447978155
56.540722759125167	-0.88161338914019238	-0.67755345432773084
56.832554768125526	-1.250266270424391	0.17174587998820687
55.621410590816431	-1.0705332142551194	-0.55458444806083107
56.493966720852512	1.2330722351481727	-0.49868060338991982
56.480464472686378	0.34070769420020669	-1.3063210695987193
56.496047372424755	-0.95052152876715557	0.73315031636512229
56.146363171634476	-0.2057565683284413	0.81766511383016227
55.839333322955774	-0.78099892098278445	0.12553344158138752
57.366766374891029	0.9331917925469595	-0.12669362341610005
56.988428208984324	-0.3952707147379379	-0.85734574578312273
56.497570224187527	1.0445766005839741	-0.35149063875347702
56.457328673265394	1.0314843568519931	0.44928645802679762
56.884526567814198	0.21563620537684114	1.1348549707769766
55.301861748354376	0.032323032584433246	1.2569970935836674
55.558231243961757	0.84410853771151884	0.35853646284272411
55.886142258856346	0.5622329328564295	0.22430659400430913
57.113299212211039	-0.56416732523313196	-1.1322060141301433
56.608649364042734	0.0096088292262832223	0.68598724467946337
55.790939861969761	-0.527281564155064	0.47545945621536673
56.699302036293297	0.18379027222166885	-0.33056363805633165
56.871609104213192	-0.83355628045284091	-0.27802596332382645
55.979198723260176	-0.75587804101512446	-0.081779231213431738
57.404714613680831	0.65875954084344324	0.77224323732515388
56.614163920164167	0.83007243365979666	-0.21446928791799572
56.697128581221222	-0.029516012483374703	1.1772704112641934
56.869120845282303	-0.84726542798097926	0.29045752719571788
57.078242786699583	0.76767406130671423	0.34011399809581838
57.268061080258981	0.82128267172745539	-0.93799218178617039
55.863451911676059	-0.60136035443123392	-0.9104954105272639
56.447572471135643	-1.2523980297254476	-0.6365882130357029
56.000073571294578	0.49213699113379689	-0.59631989458087165
56.346179444657814	1.2459905226618639	-0.11752293353722904
55.883188204758945	0.80282562264048407	0.67581438825502249
56.485366037371385	-0.99736016613232215	-0.95313071765265012
56.165503046722442	-0.27537863878160707	-1.1837705227391679
56.113955669258658	-0.51144543697649325	-0.80403817279258216
56.581873093472673	0.18944677360185716	-1.2405463552080425
55.929637548362422	-0.60631072142004072	0.566413428398583
55.692189140155811	-0.27668465634014111	-0.96141921136282305
56.295969672258124	-0.09473525980558449	-0.58974241561357033
56.230428374571879	-0.36014217036708801	-0.83038320546622013
56.161860574758322	-1.0878319711097093	0.054771662272520664
56.730658531316095	-0.69481620784279052	0.27258742242170797
56.345474522625175	-0.25259699398284463	0.63385468138432788
57.098958953553499	0.04767797987516012	-1.1791297298487304
56.906403630648967	-0.20241874497003912	1.1118004900267622
55.968376639324482	0.87825812368988088	-0.8595872065690574
55.960146266521875	0.60028552753462605	0.026176293364278402
56.648518633032147	0.99676771267681019	-0.10406627715077271
55.421337244248257	-0.43171886668900911	1.0151302140525076
57.020885381479083	-0.11324705900336367	-0.59761814326453666
55.840480990265483	0.53520419049663481	-1.2812182580319866
56.418873010470001	0.70650693773639461	-0.47670922094962981
56.940380522070633	-0.22487304242823292	0.8794052260289269
56.427086645926501	0.046862772405396498	-1.1952743398532419
55.842396165894783	-0.50186132877450329	-0.86748833361541822
56.115479347401333	0.6302299399971677	0.49633186693219161
56.439187662684787	0.80753455515937167	-0.25053781387557528
56.359878275075495	1.2611783454328449	0.61349535750785733
56.123898656859097	-1.1999875779979126	-0.32263900517707583
56.375707714082516	-0.84678682601977773	-0.6675381045821418
55.907773621630554	0.098838254680726184	-0.74268716077567776
55.750232281032652	-0.86362508637687552	0.46855979288853977
57.203551310968926	-0.013203874757476626	0.99814605449450022
56.691467796309418	0.87828207784790213	0.71582441510264272
55.615196227813961	-0.78540947307539499	-0.94056239791281893
56.221906620901756	-0.90190065023614163	-0.13617253658915529
56.263672299087808	-0.84462031115871516	0.92470309444043619
56.948520591252802	-0.2599351615741084	1.0342382751963541
55.998387370608043	1.4989580271513645	0.37059439100001951
56.774267580669047	0.3949960870198615	1.0987768509175277
56.119811137689439	-1.100888613419595	-0.21133341221458915
56.141249729203793	-0.74064868514891269	1.1298263576521452
56.586917436650246	0.56773768620721687	-0.47296764627507942
56.926458767909992	-0.18227787821919961	0.97431903010469734
56.466664526960756	-0.543933500765304	0.70356633900472521
55.765749752063684	0.80616189080102429	-1.1785682847601642
57.112123543185398	-0.5830411350373822	-0.76375527495478635
56.448060136122912	0.24039105677473901	-0.0016805353847028008
56.748187693008916	-1.1973125619565672	-0.51906259918870956
56.963145822954843	0.34190603715590417	0.99079469985273649
56.366481047785442	0.89970357918266886	-0.18344286459147569
56.199466921501013	-0.050911848331921035	0.91633285177628943
55.775450025595198	-0.53908749730845595	0.76011779641871013
56.432792945139155	-0.69168182977741677	0.19873880994136731
55.947969917198144	-1.3359818244598012	0.30161625487999599
55.468578311596474	0.0050191261963476782	-0.47630358346138429
56.512301988351858	-0.50876075408945465	0.41602500161878109
56.862414810697274	0.24290989412571123	1.1332324227652519
56.389226315830996	1.1498395924378355	-0.043629658200664875
57.175232523440755	-1.3274253480918867	-0.037112156057290305
56.387071963335046	0.2790681344712802	0.69526091386761613
57.329672678804471	1.2203085471230959	-0.41538461804441634
56.525214036211196	0.31224345066237996	0.86256281538208313
56.023045139486619	0.49659234404531094	-1.0952110114018274
57.003225357461481	-1.0663471601138645	-0.29123336232651975
56.589630732676603	-0.85960057939776946	0.62525940145524295
57.308022297744131	-0.68076713196842165	0.47911335739711086
55.883505846771392	-0.74528691731576524	-1.2864416789079194
57.242309200563199	-0.85482046456106098	0.34457766091637543
57.022049235458589	-0.5811352268497163	-0.70140104375449142
56.276434873278205	0.46083886938619029	-0.76178023969537212
57.193145067109398	-1.6040797229734658	-0.051448187910596826
56.078613024501045	1.0906349775977189	-0.65841898789478548
56.401070792107049	-0.43034821148818203	0.74625668034474957
55.971668817279962	-0.0032845571083899221	1.1179845255600394
55.67910938011029	1.0458409148785919	0.63983295479198132
57.309466809702812	-0.4009916723565547	0.37147993517426919
55.405602043679032	1.203045540594351	-0.81562102204266851
56.11412618305296	-0.72254286670791801	-0.46906090674123158
57.209236653459023	-1.1839457846876729	-0.55478219240006055
56.134903595260873	-0.041078058508678003	-1.050067422115754
56.939601983105838	0.43159683379783387	0.55280909355122465
55.575538766699182	0.59162815917166878	-0.26537836094307626
57.326173918307084	0.28750037244466703	0.97689228369424275
55.504065238007492	-0.49261682898872278	-1.1661107052664839
56.394905957406678	-1.0225001586084224	-0.36277883892459972
55.722638491303854	-1.0207020096526767	0.51606990466404878
57.07661271172006	-0.76997048396036383	-0.79858431840131727
55.888760704993544	0.96844361444099514	-0.63290188008615489
56.033320578662455	-0.073369469212017396	1.607528483949445
56.272202259291127	0.49691015873836059	0.89402245428693849
55.646586476314326	0.82989498363267844	-0.19299823360633533
57.040776252853817	-0.56635170022275227	1.4058070582779023
57.288547929631093	-0.77394104652047424	-0.55782930681626663
57.271854749505657	0.88517861726955982	0.13752756447489975
57.013755391480487	-0.55839914283434033	1.102606193841231
56.715739223627907	0.14580605001554908	1.0209782746540659
56.585388372554178	0.849079290503154	0.8407801223266651
56.447554354248318	0.68288185592092632	-0.11038989713357934
55.734680322681108	-0.53314159671057848	-0.55691338875344543
57.239438869233631	0.88921168404255524	0.05335917624822719
57.241762166327369	-0.86728973842345836	0.24249090676676349
56.87609444343444	0.86063400569525672	0.066728568612531153
57.121551837182523	0.38292978673801226	0.92859271792684284
55.844079979244732	-0.0011340553852853858	0.95307328542252112
55.861335055578714	0.38060905165262182	0.98511655256103725
56.791406738125524	0.75487400076589728	-0.98757619994890722
56.01331394552286	-1.0123830952112804	-0.083268226638924692
56.825697205111545	-0.52061731918281873	-0.47923338458164261
56.828224383429863	-0.87196162738080574	0.57838466375110764
55.396283651746572	-0.42608543516462549	0.60805695618275657
55.651069140550128	1.135384806677245	-0.11493771101561766
56.639875750718907	-0.10708125966344338	-0.66249202651038519
57.046415145680925	-0.54048896796661061	-0.48982906680509863
55.59657562810996	-0.21522382981657728	-1.4255572731920907
56.063540966112271	-0.99905888909179441	0.78100044360483323
55.847320050177458	-0.16496482411774688	-1.0597367577942167
56.891788588925522	-1.218050306003859	-0.23356573885588031
57.092567424641068	0.53759837424517742	0.75832307006276278
56.752490936100443	-0.53815089791892012	0.36027297829436777
55.802362386135542	-0.33563790584033626	0.83193877394589677
56.361962733603789	0.52086631973200559	-1.0910958679257741
56.776296987254433	-0.91603460197178066	0.23450582065149539
56.322351237344151	0.38858139571787553	1.5314018006022381
56.529798424018978	0.6817995792624757	-0.4500069797297836
56.202371575366385	0.34467716221709022	1.1635365368243245
56.218149537586598	0.033429015401730267	-0.66781132843299174
57.230908245553948	0.94421942992955388	0.64417314771682654
56.8000082554328	-0.97167862015663642	-0.1780117247968884
55.809429258146849	0.90353934801069191	0.20068175535050947
55.425321830277596	0.92561528983942742	0.18265389143215485
55.882413449241362	0.055756327868633514	-1.0344112613527527
56.979637874298078	1.0267380909755424	0.031971369778460108
55.468332282376871	-0.49792384328016487	-0.68124499181242781
57.279711619494421	-0.71756941887681136	0.66673865383623432
55.863642191961546	0.43501437619264499	-0.48777976986791344
56.669643882365683	0.16678590814672878	-0.98596417437674022
56.351065088681715	0.85146948823356894	0.35752405986829489
56.701478861215108	-1.5508843081398498	-0.70934710651038591
55.409548973726032	0.093584872059327681	-1.6145303975060392
56.055360593054687	0.49114756864175835	-0.26139000317065264
57.142774177892456	-0.051200937530451719	-0.96384253866073155
56.979840783190731	-0.52920412105095949	0.93204631663577564
56.216088317041461	-0.65300369358086263	0.84920441936182323
55.412169021487088	1.2648416151992274	-0.47761010504522994
56.575708064365401	-0.12908838807781287	-0.67781465604523072
55.657661499844906	-1.1995775356296012	-0.32185573154182073
55.843401684774953	-1.0079707853229434	0.64494608280292776
57.301282103922176	-0.56670738509615137	-0.44836968829647805
57.101346544056071	0.088982818643679532	-0.95404373543936949
56.707532695955912	-0.33599884538081404	-1.0969420701324362
56.964055108254854	-0.53398262831334087	-0.23642501224227411
56.787423254321702	0.67625978976016332	0.72454432563795224
56.847601096054674	1.1932829124902746	0.43264209438789447
55.593410086134767	1.2025013735791448	0.39517419552574617
57.334944876001387	0.79268152409143988	-0.76092448547962321
55.962159648674202	0.48604672766352347	0.64946961267789793
56.825967745197971	0.29421739977894507	-0.83370458646765899
55.701759136058072	-0.5766566704884436	0.75357123247141555
56.870549956692194	-0.46342750991967607	0.89470693985146943
55.977747303679259	-1.1463593337582296	0.25469092400110288
56.237801169295068	-0.5221413707823056	-0.15494298418179478
55.31367684915147	1.1869090639786424	-0.55633533403414048
56.775022464883421	-0.10463590176106911	0.51600573398169369
56.773410291026302	-0.39800665872998187	0.81152453678828107
55.418634584608981	0.91335777238701155	-0.36652654924663208
57.126218556420447	0.35361688526707491	-1.0940263715176179
56.587359223017444	0.16929335394668077	1.4380682781707841
56.087115786153575	-0.27030731324283669	-0.76066674214804475
56.410479979165594	0.63847070844384657	-0.38799160138789601
56.76539144114718	-0.32707059141710615	1.4547841498749381
55.399882219961036	0.29433946233529229	-0.6076951585371313
55.870352676637673	-0.57329058440460268	-1.4303341090598027
55.994356754658739	0.83764121850923456	-0.069822979834855969
57.130614632024546	0.072462289055844453	-1.122922775731557
57.329419911496991	0.84436374870316599	0.017760282127422373
56.074012776440789	0.72388061684537586	-0.40483109816082724
56.240714921720688	-0.14428613458459846	1.1373123443855206
57.132251569731864	-0.71888340665412065	-0.56913528752969311
55.653473450656044	0.82853375486485514	0.1525118842827787
57.104006079939488	-0.60019510992757241	0.74863811062501384
56.756781112127442	0.8772528683128662	-1.4834242739225381
57.218234099428031	-0.55826756134434841	-0.74925874347791155
55.63275850475317	-0.4709517454554909	1.0577395102416614
57.19595184318004	0.71465013780324094	0.54634158462792548
55.956103125820952	1.305875172816348	0.15476207055600233
56.903411234777657	0.89189193790210752	-0.33940295944680554
56.827099169918149	-0.67414361998750361	0.42445679580339724
55.752982508945024	-0.22241198996169401	0.68448229909999503
55.619315594346858	-1.2093246353952576	0.7878261905845021
57.317173028161832	0.69430082073609989	-0.31273117844248455
56.509927198537298	0.43985066013906654	-1.3651361991800444
55.682958118511472	0.2060989411624628	0.89113399000727045
57.075718862964607	-0.85335490468786734	-0.52763887239163909
56.483921850777023	-0.8252236681963242	-0.18964052162156766
56.567799499319229	-1.0089438825351553	-0.3830293519166596
57.440827244788174	-0.14483049530428063	0.95579433498310207
57.277120567763703	-0.42894057804627006	-1.0315702484698837
55.723831269883803	-0.21737744294115208	-1.3097605243695634
55.738994693810746	-0.084955469309528964	-0.80659566092321877
56.125885400029276	-0.18506760730619745	-1.2343730032486113
57.049893474710046	0.56065478631808929	-0.62826220444913716
57.132437631889246	-0.83062681697565854	-0.11706714121136144
56.217825935044502	-0.55191006547288191	0.96696198275559264
55.86411040915177	-0.6528587171595629	0.67096414186259501
56.464842008830459	-1.0192076689365794	-0.44860728243896403
56.407656067071585	1.3470038160635094	0.14841950002571841
56.895209917191842	1.234692484631142	-1.0202960962868066
55.524217550541849	0.16681010401296475	-1.8123117857049553
55.968469221455443	-1.3342687322776514	0.24918362590709123
56.237734991741739	1.3316828017579008	0.13759890404401887
56.406845418759744	1.0053510178893874	0.44038630503609888
56.882779399477883	0.93818542324724641	0.49516475189552411
56.4091039874993	0.86916682154713254	-0.71167268403988537
56.687082802796901	0.33890890961284903	-0.92589521331056945
55.607252570538989	-1.1102278692820906	0.13013065251336878
57.321166773834058	1.225162810780464	-0.26820413130712678
55.722133753202975	0.35677009740694482	-0.62533291912218048
56.883119749227191	0.44573810727451096	0.41001684707753738
57.160321588538551	-0.40189626448697091	1.4793539676994509
56.559329318535852	-0.96832061584176932	0.57226761203081278
56.02263306262094	-0.58387947235395743	-0.46979019728121779
57.127093203655214	-0.54419609543526115	-0.81830353152915036
56.58527347412047	-0.062266673506961009	-2.7304591135028256
56.805198573066576	-0.82075599726097215	0.14855488034724335
55.439800862454192	-0.025083657866919292	-1.043899894689674
55.425252732649362	0.73334925454027167	-0.012135877751088025
56.188708851781087	0.26717615268289541	1.0714859030494692
56.058062255324899	0.14846537134787896	-0.57466222065289618
56.366392205071428	0.52900989594555881	-0.1145592843817021
57.139517318473942	1.1943235394960017	0.43787714574973269
56.013188475959836	-0.95253437254048479	0.54229132124018964
56.123239951286052	0.48209340604492806	0.65807568872266187
56.320680306045553	0.37236682690449902	0.76943294862694123
57.206176288373108	-0.86071533773451647	0.7366100001520518
56.227625161366383	0.80443590305313439	0.15048368860934525
56.895639941907206	0.52451743675927442	-0.21026146097456996
56.662003352573578	0.72383558467912068	0.47778838489022063
56.709911971031993	0.90964690631812228	0.27084735946597538
55.633564676245648	-0.17725989456271993	0.74345719228335405
57.246198634765705	1.3648155596198264	-0.10074956873861891
56.99293578580005	0.77029091924085413	-0.021270697089729243
56.58149475327081	-0.79994317519333025	-0.65125704335323553
56.813835449326596	-0.90461853186003371	-0.2670922916713504
56.127842840375877	-0.50940401498870835	-0.41334805342470948
55.484612890323795	-0.34087860197350717	-0.082842456777987239
56.179482105970635	1.2228488941566489	1.6800912366721767
57.182685536566474	1.0655006289886375	-0.30343365118146032
57.056452640635015	-0.87247048622489787	-0.17405467536261499
55.904935052597679	-0.89103017140188723	0.042756940820486464
55.427189179279623	-1.3968687588789332	0.027465245206009879
55.753980663469335	1.4140592124065594	0.50308073067538717
56.521523868403555	0.0086553270441182776	0.60923913724489664
55.862451530620476	-0.44645574469249333	0.78450153461593852
56.955200435704029	-0.66432618915625086	-0.81118608667458958
56.697787047901279	0.6568164275951317	0.30359409431337964
55.995398858396605	-0.9852165517488144	-0.64681668402919601
56.183572452422595	0.37098305957575917	0.94659504203677802
56.444115209430834	-0.48987824914477118	-0.58777868126364974
56.457762978595326	0.035449476972003492	0.28478783978475863
55.809780887141372	-0.057193377225788725	-0.5240716963320794
57.089983520337448	-0.61438591305653623	0.28904164837482182
57.282474639958849	0.65053072355200803	0.13320953285578013
56.900113502431708	-1.0819036535876907	-0.26900672634930056
57.302208090207458	-0.60140866010940319	-0.56046529405219458
56.123078908650406	-0.23523241602082395	1.2032254939684548
57.133043563503932	-0.65245227565481001	0.019840468486549814
56.738534501249333	0.82455102087989574	-0.0099526535794027451
55.938014115043117	-0.48867778754206398	-0.47329878887294563
57.209661382151168	-0.76689906487813075	0.30690722748738408
56.292875114468757	-0.39828140521101263	-0.29283644300221195
56.982468452808149	0.1334395899456427	0.90846146456411081
56.643495397796968	-0.82705562536361299	0.75049744731455759
57.311602770355627	-0.52884587120868987	0.46944516333962694
56.01580438931903	0.97197657350702826	-0.31636041817014554
55.983408707102697	0.55660181586018953	0.31409891180275629
56.91610076584697	-0.72543562375512827	-0.057416042143142526
56.924140718502834	-0.99238241479180445	0.36700983865512504
55.979050086455558	0.96043999427230142	0.054863324003893828
56.209762780476211	-0.24006238825269491	-1.0381819990120422
55.625539332561274	-0.9833931116116903	0.21412302056533905
55.937797212312312	-0.074842764708806103	-1.0737774553211501
55.457568184214757	-0.70448390972109687	-0.5812954560368313
56.461093517442876	-0.92456108473574794	0.56859625366885325
56.853181587445754	-0.8691746192893629	0.72991088054258024
55.869988110135296	-0.90641654144613704	0.48042852500773825
57.20559348464419	0.50928178087059084	0.61421096664439034
57.357304877074569	1.4665923642221637	-0.51294806433749518
56.616996852780154	0.93393336785862369	-0.40836531784540187
56.67315255169499	0.069784801166693389	-1.3483781778363246
55.534297293418874	1.0100337839866234	0.14938622989008485
55.674666436794638	-0.8716449700948854	0.1087987188567931
56.423491283169156	0.6038829077529061	-0.98897771187796613
56.347190825390889	0.4230829686668407	-0.91502586556572307
56.257882967177146	0.60591811530265749	-1.2420963039402526
57.087894008492071	0.38711127884988505	0.30601803814491407
56.997099609358628	0.8291957308443858	0.52022390521315509
56.208243735749512	0.54600823964054157	-0.75206726946489533
56.357378992015164	0.94592121993794553	-0.7766943782327973
57.248602567251076	1.1493156715846948	0.027695677137332213
55.619264050390925	0.78597716795989314	-0.3172175121643655
57.388033839991571	0.86349260913596604	0.42825678954577162
56.075305869685018	0.77486457741282899	-0.35154578655758884
55.850706220239012	-0.92167648603412622	0.45023520955383411
55.592886243834073	1.3729260353454533	0.39302410852843689
55.943420198110964	0.90582563564832774	1.0328087174699037
56.397705959587483	-1.0244336977843189	-0.056393913966691411
55.687655630985063	-0.27733497669562962	-0.50004432730714243
57.050881566579761	-0.43879227623813261	0.38706458176247305
56.488819557320845	1.3495685260655235	-0.6442919640959146
56.587305552035822	0.21953065870281568	-0.76889183574217401
57.166675850227641	-0.14281199794499963	-0.81684901712376012
55.76184860916441	-1.2178437402953035	-0.0081938180090390961
56.971408091472547	-0.54311260851276033	0.52583643116513934
55.821817330146445	0.58480155675609369	0.15253259947277187
57.25190069298678	-1.0295933506832817	-0.2817941725748217
57.355772206427801	0.8290241511247356	0.54326358196643942
55.575669213642975	-0.82561782153914265	1.2453811697533954
55.618948974786633	0.15779918834208531	0.59633752912477045
57.072244988224071	0.78887711606681532	0.29607382526464726
55.58637164084876	-0.87133286212327465	-0.17305759928115144
55.995707551069991	0.41724644950404094	-0.59442003658993947
57.2980614221024	-0.84921905521967	-0.62300060261681967
56.404448831443126	-1.3482736919549161	0.22003251689970721
56.499586090944064	0.2659027377929376	0.91923199638225217
56.798943538796941	-0.82087649784826877	0.54813876103047487
55.768323958873872	0.78253184972599832	0.68846689754908197
55.473339680275544	0.26862786238425385	-0.7995923340019564
55.61357721837846	0.51607803885925252	0.62177107103228857
55.375883313753413	0.23502806879894489	1.1554435852628897
56.75817531842516	-0.32988501437313272	0.40449890910818648
55.909992404045724	-1.1301289837065067	0.99234150815182176
56.838323818692956	-0.59994818818807016	-0.68489233694208873
56.65435251586775	0.56736109757429687	-0.80395899709631502
56.992977079814125	-1.0175953423243436	0.2141819481853787
56.224384709181642	0.92441499472799249	-0.91217211290080313
56.331310154516096	0.43325808280725625	0.92354780181564777
55.878583345172252	0.24500887022205389	-0.80823003169302021
56.267011818370207	-0.68594390020413298	0.7227855056824759
56.83285348741704	0.57032846882193755	-1.0036437976456918
56.308230345963402	-0.59485545138606843	-1.0394145714423135
57.11787810445648	-0.34096364035759813	-0.71097022896506978
55.917210225820362	-1.249670207392978	1.5619440920885146
56.314563039094125	0.72100021486531896	-0.17476729194917806
57.08930476338282	-1.02338728874914	0.2685599745693194
57.357546670853573	0.065308826541687931	-0.86696256472109756
56.647011325609618	0.076526359891593121	-0.74872872620229514
56.775784646868573	-0.26270593445343587	1.1030502172612653
56.291215944169345	0.90806235615752307	1.1975090151361214
55.845577651911803	0.53899587198907595	1.2141389094566191
57.19780163075891	1.0390379329001405	0.94476840144376062
56.000437207581669	0.82799216511738361	0.54563557162752985
56.918429214244647	-0.3367044133374798	0.71440364718143579
56.632711863686716	0.22169780796857358	-0.57125754595203659
56.003906482561113	1.077804073129089	-0.1101444544097863
56.54712266798591	-0.2089028759547481	1.0864851877126229
56.109563904971317	0.14033878734589378	-0.68489608523071599
55.881797597069649	-0.86554727573083901	0.10903388532938428
56.299471734497004	0.98793554687792495	0.77690294370672486
56.320467462089709	1.0602020547890545	0.85052929829682
56.571874970653823	-0.12092794197081731	-0.965422319295132
56.383641527971811	0.36398849613385575	1.4146514178515661
56.058144053519733	0.22750459397399675	0.55912987230747413
56.351360886562645	-0.29019077888813172	-1.0287213297394806
55.502379149300054	-0.37636278184085803	0.74908811706270095
55.624854496239038	1.5280027815226707	0.030777848465335007
55.6724006494441	-1.4225072576109032	-0.51337491340587638
55.428938914424386	0.85640420248579752	0.97061809906969654
57.204167413631097	0.78654484158348825	0.15957690792530138
56.783506717766031	0.80777282354261148	-0.97237172927443283
57.178991205857514	-0.81414131993581718	0.79948516273829962
57.064912976693854	-0.61363531431695373	0.0089378110814162057
56.78673477040774	-0.4980350049117403	-0.63243927502294706
55.74228086455436	-0.77163284773284024	0.10415608318394626
56.120579548854906	-0.23890799694536116	-0.89699442198010737
55.572426170708013	-1.2627623536992223	-0.34419389637750419
56.950835365071235	-0.53910928413468961	-0.97448837510014974
56.617961468029925	0.58439175806299792	1.0408281250703402
56.345394424363107	1.4807311094674875	0.1004010296827261
56.747779764444779	0.9100997796229312	0.63539591151793873
55.686808576847085	1.1106856269979379	0.29927743847654087
55.706979275315419	0.38497067148960323	1.2291026291683547
56.511463359650371	1.1360913583691254	0.37765515015355977
57.05855054766657	0.6000585754184633	0.7408208541585829
57.361059382016478	-0.30032401862547181	0.83374609554613111
56.034931013224103	-0.60936453519268752	-0.83437431169874554
56.071722254509794	0.13005446421899577	0.81597059957927198
56.77611413790973	-0.68583704955511249	0.3740705865774645
55.543013129790175	0.8321443535043197	-0.33881977801061092
56.613286421565057	-0.28913437556804628	-0.63645225139501771
56.894687530067948	-0.59983552402425711	0.72513722509472389
56.337963229507288	0.93472226191227037	0.11017611444961871
56.322626937612497	-0.93063781671493717	-0.2960966441305446
56.075255773594435	-0.30802370487977276	1.7747690881013427
56.073151420455886	-0.93015733345701035	0.18540647907934454
56.018019951115974	1.1701818504397479	-1.0471037244474384
56.223135671842286	0.90987169940048052	-0.84431594569947965
55.754887873968343	0.27338520020128826	-0.0025045702355194124
55.883768861251077	-0.69211982876008993	-0.13379889154714772
57.102647609525057	-0.1555787245691708	1.1340350440574607
56.884159890622271	-1.0335845709867681	0.2601378830458238
55.949775461296639	-0.90340350027912919	0.65371603230185638
56.367827178408319	0.76846775005921186	-0.16207506531589427
56.07273686144503	-1.1365097327086142	-0.79693082930155434
56.809642950255025	-0.093786714622602615	0.72143245465511108
55.683381608973242	-0.95977424530445388	-0.21280458358465071
55.539296123532495	-0.24500002550902727	0.97301801340224792
56.467254477817718	1.0553446242136204	-0.40717028181309178
56.834170484055349	-0.4210153625350867	-0.74710382357835703
56.047275837878473	-0.37057684398090074	-0.40290359622839678
56.838733223406628	0.6718628103527734	-0.12557642145477793
55.904782991567473	0.62148029643878555	-0.64415645920913955
57.259586232282508	0.52886774490257871	-1.3056726557016902
56.529626939058474	-0.21401171394502735	-0.97075710402240856
56.948754751507046	-0.79540488839773116	-0.12926121274743302
57.319508793234327	0.098467992601046148	-0.72291762405667337
56.753216344976842	0.60795384943662156	0.43319339224787939
55.634449985132569	-0.55500408854311156	1.1561538209652824
56.736660338246267	-0.75047670879292239	-1.0737338365762321
56.939724030334709	-0.80880751264371031	-1.0684386347351507
57.049864281083174	-0.07531755504061402	-0.30256003617803318
55.716683663851107	-0.94134450779338175	0.25959494854260784
55.941587207728745	0.56717830675924885	0.92257807652269841
55.414671475804255	1.5204739054456375	-0.016708213085050889
56.360869539387622	-0.87639475292671665	0.20820660783197148
56.298513611229545	0.97148750857733523	1.0017359508117289
56.916726788311827	0.26113489145934254	-0.99230416174556813
56.096675345994818	0.74173772561775686	0.56775884150932143
56.616870309952617	0.25173376463600511	-0.74585205640896735
56.603096681473929	-0.60206322800128942	0.29976765941974098
55.464953389291018	-0.46781931180716002	0.51323991783950795
56.493716921573913	0.95615734400437014	-0.75609544014388974
55.755457647761055	0.76712390988557033	-0.72205738544477416
55.84911426137252	0.79391257783207647	-0.84002985785706863
55.832257297989997	0.10538886327484823	1.068936047412796
56.040863250892926	0.22995479037010147	1.0328941487601098
57.211853796806494	0.9686933197680907	-0.52661254921612677
56.120993396415152	-0.093580816400348585	-0.84603051218221592
55.640053733267443	0.60887624353497616	-0.66671666900577642
55.529269471375677	1.0864478302190335	-0.28977882643706421
57.233646487147666	-0.1317158523756245	-0.95968444904895678
55.703827159362199	-0.092401836225464676	1.3095565972760219
56.232249456931484	0.6325434402504525	-0.78255758496950201
55.577240050757538	1.1157946044566653	1.1224431557785721
56.310569705634869	-0.29646453816659268	-0.68569966718073316
55.904993262173072	1.0451396781900288	-0.83318005568478459
56.256172027968432	0.47432565209255517	-0.75306065854585513
57.216220851157075	1.0974208393731446	-0.074369516755276366
56.737531206635644	0.36000860646645544	0.80169617452949038
55.634734356137663	0.50296634437741161	-0.81916879174349089
57.139140499400291	0.12922056809734148	-0.96804227521648256
55.764603518220447	-0.29974837028366574	0.72924440918459932
55.777382526177242	-0.29209308468813977	-0.99696682377211621
55.71321594558151	-1.2885605455960691	0.20098550558770445
55.358088705143345	0.67791773795657706	-0.28061608293255547
55.895445595455342	0.91612640778401644	0.26526015154365595
56.253786325430205	0.69852743361342418	1.4765674761528373
56.937405680614781	-0.77501940559332727	0.42240950366442814
56.554548060897716	-0.89593818754468946	0.44272584643983076
57.371891769696312	-0.88489683977156419	0.07228448296359305
55.584149382993182	-0.80988131430150323	0.52389891993876492
55.993455878553931	0.37752144749260114	1.2612785559717201
55.957705460290342	0.66915961281025249	-0.10155397784294812
55.843723318264601	0.81529589228183375	-0.51138260183878093
56.991153366797896	0.81607961781520266	-0.10912264716384996
56.963173007330823	0.6267828271923882	-0.76558131598248347
56.136278526464459	0.48756139109831542	1.2610502864333548
56.832354385113192	0.89943244165911795	0.38088433812236999
55.93008359812189	0.13570366094242295	-1.2532347648108839
57.208011941251662	-0.41083098460825657	-0.70791870797740963
55.824176167804005	-1.1545815472303875	0.0997336981828644
57.396073878269718	0.60100370973056993	-0.85073016444865091
56.553800785857113	0.97623118032920053	0.53348738372725613
56.722692081374113	-0.91342605193696391	-0.5350009843848057
57.155131382760402	-1.9840412531293501	0.31808305161917144
56.056632551241741	0.02930049047801752	1.1570028776271808
56.598361155956482	0.10922044114702209	1.0612172768328367
56.724033129724674	0.69787865559832019	-0.81137732400110429
56.737855137462759	-0.43086135502322098	-1.1473415932820923
56.537040479709503	-0.55511748887150469	0.92021194013998531
55.860193026896845	0.67433011321837577	1.2039784098645607
56.809406601640788	0.69744140109480313	0.97370111898604517
56.062542611410514	0.29162210608906525	0.91276844665159129
55.864318440446446	1.4094020700394656	-0.19099552174734394
57.062605346568951	-0.5099955417438814	-0.61918669875632693
57.004265195150261	0.72669816257649622	-0.56371216623793852
57.040517551666625	-0.83056733704739183	0.014436287947386198
56.621140819864273	-0.85679265583827346	-0.14849436460676288
55.985048239901971	-1.0229180451181505	0.83389461586865143
55.615748865326232	-0.91080323042194711	0.12178364951305286
55.836357101287341	0.3534181189435604	1.1171046528047426
55.304722920692313	-0.39763007692848384	-0.75648086273555948
55.817130273473971	0.41286603350393786	1.1800317142046302
55.703216785578405	0.11342321404235102	1.1128737327836162
55.795311873402248	-0.55171331673037038	1.1029256394034008
56.022258615542583	1.0844457977264814	0.15541691449879699
57.079261724776963	0.42669963098279384	0.63732516110818105
55.966049893710839	-0.53792156241625333	-0.99092304401873432
56.13692146872885	0.66043063266884117	1.2952439989887179
57.129966291519267	-1.0229981098256733	0.4207915646095004
57.388235709204388	-0.36527438196709566	-0.60550606817948394
55.850302589980082	-0.1663031459637283	0.78885916905367848
56.72485695945447	-0.94467497142702317	0.49278814805105364
57.391831510025483	0.64313338669833275	-1.1064928733311461
57.387353892837616	-0.5294066848527037	-0.28065679251879239
55.817022205807987	0.18407312396175299	0.76543543425768568
57.077029881976074	-0.53155243183701617	0.75810497456636217
57.115690789084738	0.85179700414356108	0.19759523951317395
57.027304849896616	0.19749615942763321	0.57127941317390518
55.968640496145689	0.029024552677782558	-0.76087298983699592
57.21620062494339	-1.4558161169184403	0.39196548440517609
57.028780762490989	0.41413060574077848	-0.76691240574351804
56.377615172463166	-0.71325195522637841	0.83445434037800292
56.003752950971482	-0.7362064984040958	-1.109531368620426
55.978034804623093	-0.76404490894482935	1.6153463018358538
56.705485663688187	-0.93099696674293408	0.40100600363180078
56.604859099269916	0.050535248118057097	0.96754694422726728
56.157253818965003	1.4445922978453596	0.018593904920036597
56.847686195553841	-0.0654469207026174	-0.67881894360223871
56.095136186551834	1.2172185753975524	-0.57092637731392981
57.112841322687224	-0.44699808641993544	-0.75137801059510279
55.90530336264959	-0.36645161097115841	-0.95668140590543715
56.629571085306765	1.0174960598145724	-0.13358762630387555
57.33999174727122	1.1920223555314169	-0.041705194630929213
57.324531399008109	-1.0116746696897472	0.0073152895420840565
56.883178549198597	0.34821801921042983	-0.84306922033993481
56.614007264563448	1.2174715692328306	-0.19603869573967098
57.370633559046667	0.96561945190465026	0.59985501286917919
55.676679257543583	1.1798488690706572	0.41157055942295473
56.128707018508955	-0.25266697053173887	1.0607750738904229
56.077013054429557	0.745385950726145	0.409676224687123
56.31452896438671	-0.28919143141879616	1.0258822496523594
56.456637065506136	-0.42250729797478731	1.2156270924834551
55.633070818329394	-0.6722059038622662	-0.67819589282678083
55.963892968371994	0.75311977554893461	0.46592305592283306
55.529731364605929	-0.94766535568480803	-0.4361916456507004
55.824632254424564	0.28822096328357472	0.77190359595577496
55.485727029370643	0.37475940372058758	-1.0408465655312282
57.029404969081362	1.1417657453089638	0.59423966693328134
55.969389935112481	-1.5655760849973199	0.13549180357368695
57.058574713899027	0.15257775372960222	-0.64391654644387508
56.647047954996864	1.2676232677435175	-0.45656860115126224
56.060553071240406	-0.78778602548372367	-0.91139783732870727
56.232160799151686	0.95452680320923178	-0.16937157938017
56.843045474015405	-0.26915069771781247	-1.325089066769692
55.801073214023688	0.39195423543115093	-0.016582454547300902
56.405173608795813	-0.10094214492860457	0.50950697541222123
56.615078164457202	-0.84142902210338977	0.60148719717462473
57.111874591492324	-0.17544131256011844	0.89911043363243581
56.011929456272057	-0.33683349375501864	1.1391334348510933
56.148537561693566	0.97107159080937289	0.17845662386369032
57.307672578317117	0.53920980487458758	0.98560467866762136
56.407302656228573	0.37026898584078527	-0.00091073005520609588
55.787512096705939	-0.3974877371214412	-0.70230108902119392
55.767438506750402	0.11488481255786739	0.61298977934833598
57.17617506711337	0.19458702545799517	-0.83333884296660732
56.282809933012793	-0.41691012642439468	-1.3483223138343559
56.782089401368175	-0.88525705193587534	0.955528306172998
55.501951542118654	-1.2298906348150727	0.091471428664048129
56.19724599171883	1.1290060091578697	-0.31487270336037776
56.012057285272583	-0.82643888986400427	0.20462326050152133
57.276393284014361	0.83372313884828841	0.23361133622143393
57.077582163172266	-1.0245611679081588	1.0015162268881508
55.776295227531165	-0.72138266803622852	0.40490011087252342
56.318989142350439	0.44701417766927581	0.80309427296771974
57.366229915262309	0.95508542475747671	-0.61312471521799461
55.713119982422938	0.034423921977465514	-0.82554583336580534
56.747322486158787	0.887633646816542	-0.15282747331806734
57.294952667916498	-0.80181951187244749	0.048882795180535885
56.050538552228772	0.40247788217453873	-0.64373300966011671
56.287189710005819	0.88105562609555121	-1.457435202721044
55.539196571493022	1.7260406755290802	-0.41108634671586824
55.815114956120226	-0.26893206376662365	0.88555647197492648
56.108631564216509	-0.76640975064074179	-0.48915928773883499
55.993489705692319	0.59885130460543901	0.77650343609618
55.752430845850988	1.7530039088227336	0.65652388549640384
55.498638933999636	0.78232188712100015	0.63482573225835992
56.660876554324282	1.0205031107332139	-0.18189185596108728
56.112435175194427	-0.10420084642110901	0.80258238670898785
57.128380112765022	-0.64925372202659881	0.13094837030715648
56.508867685994524	0.64917701533167282	-0.33073312303580471
55.424711035875262	0.98495053668649601	0.17215602933151813
56.762979758129902	0.98973381006059558	-0.52103691467000934
56.13284707076788	-1.3131768739405629	0.47001757429125995
55.678107442483743	0.94460622313585263	0.31933712367101769
56.944953207058553	1.0208990375932843	0.065743756399327918
57.214225331500678	0.44465412790708003	-0.94100573407655752
57.123165871881149	1.0159322631518837	-1.0469061930068446
56.595629560692295	1.2725990018167419	0.36083023958881472
55.74656104517787	-0.70447601673761329	-0.50676898888066124
57.189237707036149	0.53512905825302004	-0.94050027904124389
56.720179272931958	0.82406259641921864	-0.91682626900678676
57.052143504284977	0.16996183952930458	0.79413004335529269
56.718937881312605	0.34197310473218712	0.87509300034632476
56.544534077748935	0.21905325945081111	-1.6873991694146768
55.661956819589555	0.82392252280702472	0.04583155471720271
55.677577528846911	0.47666117790204926	-0.73777224492387861
57.224683269250711	0.79476643384854595	-0.76562363391522348
56.881159589295329	-1.0405020282780362	0.66024381097546381
57.290106483694011	-1.0320175992667235	0.18162131214544072
55.66288119515383	0.99612450111597772	0.50311201410934747
56.871935454154517	0.59531068880680094	-0.84753027173801954
56.189968920600762	-0.60632657508513232	0.87764503539387539
56.55747668597386	-0.11740521624938739	-1.148952609756438
56.214578177758483	-0.99041093796422974	0.057972559973556367
56.63951428030537	-0.74972038197973023	-0.85501607089803799
56.791979869950303	0.82642824834331052	-0.62547111955232937
56.425827799850339	-0.73218643056453458	0.85733745035687692
57.258612735105991	-0.90395589289843459	-0.27377914363239592
55.648687161269386	1.1495343499473856	0.27480589890605461
57.064873716906533	0.66960812055397112	-1.091868490405099
55.872236322277153	0.75903103816880801	-0.73260625955100434
57.009619666585948	0.92735256063707361	0.55779966055647545
56.578027569132189	1.0980789688151398	0.40322591156507753
56.1578105732765	-1.5744111379103802	0.49884787980757545
55.647054974558685	-0.71658552613993143	0.53254854402216745
56.158110748543535	0.95863753877775171	-0.60903597371491869
55.741484285117679	0.52317584430342834	1.1320483550525808
56.900235035150835	0.93718569612349567	0.069217909231290009
57.141633735087481	0.51265779093952679	0.8684355167346669
55.974207131543032	0.91257144273461199	-0.70635922803632967
55.93460779105088	-0.020883826000809045	-1.4762860161884115
57.158373050296532	-0.83853298663537867	-0.75961631050162937
55.810229995915542	10.962514314177442	0.76616601520871386
56.821268902281666	0.6349944352946274	0.018378602720659935
56.175810164508967	-0.64460058664287112	0.84168266451540852
57.439989581099582	-0.32707987388104826	1.0341340276388029
56.151293334868576	-0.69906908470118267	0.65224403530489705
56.99781966626184	1.1872222108988228	0.45609776410102226
55.566993659910644	0.78227885117178719	-0.53236855971588581
57.190286060533488	-1.031641502797674	0.68526372898399124
57.266014758158008	0.8248853836408272	-0.48128801977256236
56.953376836267623	0.23117000138832616	0.90927028535938015
57.123719007489989	0.26029170766927101	0.84556232415467447
56.382019168638621	0.87483975997454733	-0.21786679739974224
57.331473597561647	-0.66372261322644321	-0.74416281075676582
56.929982693076276	-0.34855616340553386	0.77050079339173483
57.283744452242431	0.90900223871274799	0.18332047350698688
56.976774546521511	-0.45539826619077611	0.97122979330909076
55.573898907226727	-1.2535716533821877	-0.037536743765756282
56.376300653084087	-0.20206021009179173	0.90671128288449332
57.124926419641227	0.69075808232409297	0.23220874948453679
55.785920354874548	1.5964101659639107	0.058396036394445294
57.128111758577852	-0.71071985029668894	0.9140268627432746
56.289349486950719	0.10313476991929314	1.566593250891434
55.776209956882376	-0.17311411125244908	0.17591978097805747
55.663830636019611	-0.72932950120917162	1.4499750626577761
56.882353198535156	-0.44235613929767342	1.1622007060786144
55.764995633971317	1.0047447793676858	0.043428106708079457
56.91053889143295	1.1491062799252618	0.46434332980355625
57.282021120442685	1.060788546194487	0.34353713797249669
56.609150207474265	0.90542622485423163	0.18830040692328065
56.301085759292164	1.7623885072520507	0.22270797764945902
57.420573791829987	0.52452481344408286	-0.68457494886750303
56.385379774912899	-1.6728497257686192	-0.36875290380358816
55.709879439704537	-0.83137174767038147	-0.49985044660564748
56.766129526850492	0.71760790287630416	-0.05546909531754074
55.82761891475397	0.48673246927279601	-0.35890211672359557
56.254937486781778	-0.12295952426831201	0.9396198763860103
57.195728855799508	-0.89604128662959837	0.27860351957384699
57.095683346347315	-1.089184959352099	-0.16532548169988615
56.888772263134328	0.22528139573961917	0.93921782920959351
56.477300844583681	-0.63031868630152499	-0.70265511265725855
55.475614681888956	-0.041092365025638344	-0.90477400742755798
55.943591181820899	-0.73168412242829561	-0.15579436443645342
57.145847453080783	0.81963722449069243	-0.5607315928894876
56.327781879077001	0.33199308187656185	0.61554979677655619
56.027372259630823	-0.97483458830588143	0.50707308082310232
55.372263057721604	-0.29751482139734337	0.80525753924892074
56.162747338717871	-0.39303777758854741	1.0435246399915248
55.731064143160715	-0.72133567214084293	1.1428975760334672
56.239858343496536	0.59781395102338786	0.38298552264066371
56.468000866117144	-0.11724838895210168	-0.61680262146687792
56.752431082823136	-0.177108818835719	-0.94373728752243369
55.850061189265929	-0.50840848346798684	0.87782314012831342
56.845666164245344	0.95936298934430675	0.17547106724957545
56.680686297674541	0.74078218215338276	-0.67566400164333285
56.377347918842368	0.24778837796795444	-0.41813189448345967
55.641518379906778	0.15288122988192088	0.7027291824409031
56.903476585962977	-0.27477342803204574	0.47929857872242998
56.922968138639412	-0.35370009692779592	0.72656818382321831
56.70249877224272	0.89076125981230758	0.45158906646658425
56.642194814678895	-0.83772569050624524	-0.59711475705193229
56.664188881553585	-1.3119278835403492	-0.40393765133610032
56.060298810536942	0.72923281145501728	0.63848132717800166
55.542237551976569	0.48794885439012153	0.55298404121872791
55.964635045914058	-0.94867171164299691	0.024174447090314719
55.802109922858818	-0.66881490705763258	0.59842446745240474
56.878645779603879	0.6665397655018831	-0.77865597403140652
56.406948551831746	-1.4841612846905203	1.0463983265744532
56.57362219374059	-0.0027200636830549789	-0.93133742794770891
55.987069826982776	0.288608383697668	-0.69892615808516878
55.516569825049466	0.2890813493275009	0.7841331052522148
55.803088989777088	-0.74799282138271961	-0.40414773494842032
56.374175868261659	0.82355232879330686	-0.62791370954518577
57.355263579788605	-1.2636903105229922	0.12935689574689022
56.697830089843407	-0.11006226443559267	-1.3434566179925582
56.225591131184061	-0.68077916888612722	0.19605367841351945
55.323599442558447	-0.86181450695597517	-0.12286231261287595
57.034171934283954	0.54261779183035996	0.99548386415720513
56.445407244338917	0.37259526131030429	0.68040411610748386
55.631761395928386	0.488408934498334	-1.0770306412165129
57.286757003850546	-0.9700961064769289	0.25219622858410734
56.933646884359284	-0.83830158204343375	-0.63982373261310954
55.748318830858281	0.21085736110402378	-0.42210086218326592
57.155072340168481	0.12327994805942208	0.9677820420637494
56.340839981974376	-0.89677951522573407	-0.54262727900746355
55.633584324943868	-1.3810855937147439	-0.55511174426789833
56.597818955518939	0.22203549513274146	0.65106854062107167
55.89748366476303	-0.40054200126966083	0.94377168259879052
56.324534984191082	0.57651586883149408	1.0613212568162613
56.578687245587261	-0.53643470693056361	-0.70386067950867703
56.776205871891456	-0.12822717371827749	0.70282444741876449
55.958415774851758	-0.69145166068966957	-1.1303971321832325
56.557761416611619	0.76888764561889822	0.66920977037364182
56.640342828936959	0.56477559003191513	0.42483410941421773
55.835376218791005	0.0020851499553524713	-0.95209318213210514
57.076176894039534	-0.92406571088205247	0.70777765417223282
56.541196149286748	0.72307508271463872	-0.23101211631227864
55.434887904983448	-0.8725304656716999	-1.2094358605357531
56.902668883451646	-0.67106871203969631	1.2774201182531795
56.256143012697983	0.1574230825372562	-1.0102974534194982
56.677141942472467	-0.47374749911880704	-1.1664242440216155
57.121884016567527	0.40485510231348815	-1.1740587089397077
56.092563685835962	-0.53153189115112809	-0.66870416177717551
56.659768831370322	-0.95593164115685758	0.48998676253139878
55.841434409762996	0.47508744450007157	0.44024790539244335
56.550427097596952	-0.53040129537798419	-0.29767922898142951
55.761229264337771	1.4446663616767064	-0.40502022540780885
56.448752368398054	-0.80502130708079789	-0.66142475129113854
56.735540188744707	-0.20095362445427717	-0.70243828001249442
57.242253386962787	0.79745230111965781	-0.25222283086271807
56.905068650945246	0.46076179632042025	0.48460413508343819
56.144770069988169	-0.076385277954070019	0.81921398995526806
57.092003054513398	0.98638338922931346	-0.42701090618152332
56.967825940729448	1.0239998498444856	0.20381523883604674
56.064808048260261	1.0058509263764606	0.40124063501621116
56.423697369694978	-0.0050409094281914976	1.3154440263467566
56.675097477148455	-0.62559446844427291	0.03903339051087705
56.095128431664634	-1.0164248421173716	0.62356438746918763
55.703548063794081	0.43392149201077929	-1.1480620092061071
56.614910172475639	0.9157450368177259	0.59293976894586886
55.803299117630893	0.69954341907662343	0.59601475506374757
57.028367608934182	0.2933333100377945	0.29016511467899003
33.12212906302755	-2.8131215592507997	-8.6296359676792846
57.086193510365867	0.018690765418629018	-1.1029018409660591
55.522775236555731	0.41395201132210596	1.2097962699404596
57.151252181444178	-0.92214567127772928	-0.13023969617670364
56.355517575992344	-0.51988248058508424	-0.54006833093422302
57.130986103079188	-0.22953066461096866	1.3768090807364795
55.952760610235217	-1.5432049130399856	0.77324462296171792
57.107470390071853	0.50856714483394405	-0.89702460810694284
56.239361307818477	-1.0070707638329868	0.77565706682167335
55.843687978768749	-0.6867114491979549	0.13178674218164596
55.904305448196432	0.48778992336827387	-1.0901665440146282
56.813349504473308	0.26103228334511053	-1.0277437692716114
56.9724519121689	1.5562561972814701	-0.49297178261901153
56.992428405314165	-0.55423570095672114	0.48773265989686426
56.487073256668964	0.64633958576298123	0.053287267203347886
55.397198859567524	-0.59974019474524709	-0.78307047345237113
56.141661163113525	-0.2532861231703768	0.65455332171946023
55.394532085376206	0.23149785126628986	-1.3004100814855311
56.48623173790893	-0.62029533968843653	0.41170195330978077
56.170228655746712	0.60476932986629328	-0.776414417264227
56.052083856788109	-0.13515943850145537	-0.57105807376251128
57.182219195281959	0.68240342466134596	-1.3369401236601877
55.570060609649801	-1.0973864561128077	0.53443311518685621
56.633080050633488	-0.21886797533808619	1.128786968922538
56.693989925587076	-1.1537569197469251	-0.47425329053655957
56.816824635424368	-1.0478726726969869	0.2382446642119897
56.160662204333498	-0.34207402918671753	-0.9393888786307304
56.627296590766598	0.25442445820937293	0.76636521256101453
56.800421474051369	0.34327778962823829	-1.1003903190187014
55.891014287268959	1.5314005605823477	-0.41539964738065172
56.324282796219762	0.36910116298674839	-0.89771896144586105
55.894255100396137	0.93537578588849923	-0.35775346086757387
55.547814939010408	0.95705769208979852	0.45673617397008831
55.938644707430598	0.52649566140608495	-0.88403754234712373
57.264574910517076	0.87233576968965454	-0.51335825611268215
57.239911164334821	-2.0241064477680957	-0.14612111225198632
56.118997906633695	-0.84655453134922876	0.42557890156874578
55.80604587167727	1.1026850174409577	-0.33678615352522517
56.056502819338419	0.26061113803189029	-1.0067776108220268
57.184196733048665	-0.30614570163849736	0.93954790723670356
56.766434797438478	1.0612601418401866	0.69403051385548276
56.168226985834288	0.12745289580723659	1.12303008218373
56.122288016330977	1.3284612145389811	-0.11789816724319886
56.584487383842401	-1.2790495569211566	-0.27564824234538743
57.017018466109128	0.14748919235633137	-1.1558625907058273
56.55403332028925	0.57893150676856231	-0.34228397347401829
57.029550333835985	-0.8923798220490059	0.82224898757509124
57.362598154310099	-0.7565086299305569	-0.59173336575431856
55.695305926805872	-0.71373806263851969	0.81790774928273391
56.863400618260911	0.45215755216433207	-0.95289287406923739
56.739949180736403	-0.73367116965785939	-0.51903110897892923
57.170099375537525	-0.99878988968681048	0.77662736865890569
55.811052440320438	1.0901809006114687	0.18648396586189217
56.62488585607192	1.9984286954176584	0.90348786049934393
55.818998414941142	0.77466077957372992	0.56965229717496335
57.067528886816021	-0.99737666814751469	0.22286351885176878
56.037649428971747	-0.59449907461576834	-0.061136042616447103
56.957172900078028	0.78293001731551293	-0.053073729294352466
56.267511919700532	-0.69614525908104463	1.1103126832332593
55.482574471220275	0.536940232916014	0.088226431803988231
56.870655927401543	0.287733168950836	0.8440260002105191
56.183691497495978	0.93863614291917552	1.1322997094260507
55.886276230155588	0.28667283460626164	-0.63031455172555406
56.423220418686277	-0.33385747597349846	-1.4550022604801596
55.969677258459029	0.84764698007907735	0.47841202848189213
56.783124985608687	-1.1837557975002988	-0.4974379562471804
55.352108363102715	-1.281868261975049	-0.25827257677493154
57.030185163469447	0.66678834200638715	-0.63937479113497608
56.420822811459409	0.23456489267944561	-0.923995248934113
57.18136342554557	-0.13957235728789918	-0.59178388083196776
55.862114746540492	-0.76276437348492354	-0.92279093579111182
57.023799983106564	-0.072382740952104146	0.7644338447065363
56.617078575498219	-0.65724147383888132	-0.97471092997193265
56.223574490352121	0.87300554774386629	0.40643168002069213
56.464777898297491	-0.11005083844498623	1.0141053864675136
55.459875529656856	-0.41947136045860667	0.35312130372484513
55.91752168904226	0.11830234945104601	0.48524839177135298
55.730950944139749	0.77656145582276204	-0.7345196556547694
56.309363368804441	0.67582427233089626	1.161853281653799
56.845728040450368	0.96398913934082209	0.73535954525820446
56.664184749308838	0.075753262817964531	1.0666276697071255
56.225610572123387	-0.51217398607600007	0.20578922611927977
56.461331629129738	-1.3771138881145391	-0.22485161368647161
56.826177141577197	0.2513599262189376	1.2753671201770813
56.058376218904023	0.79296664832092689	-0.93147905746344073
56.672432931051681	-0.25777809024585341	0.98069672064540081
56.921314741123247	1.1389504949219722	-0.58533077228462682
55.670246985152481	-0.6408270918909722	-0.73161766409246609
57.092687661313022	-0.56219210492555316	-0.48368094265295486
55.29368369693757	0.92744386519546118	-0.36026232936738178
57.417822325182911	0.78002998252545008	-0.86495538194854815
56.947611992325477	0.7982773081566531	-0.50321008648625853
57.046661829131907	-0.87426279488550873	-0.54971900490492454
57.166891143757667	-0.63966633888046143	-0.48128242946335753
56.637456304348881	-0.55048710356919905	-0.97161760819606902
56.497347857361547	-0.80692068066628275	1.0410257822297604
56.567142401464032	1.0059648029815083	-0.42453357505896061
55.92843714014284	-0.90885592774914958	-0.14288871270033043
56.642853850846791	1.0569229513148044	0.090023688583155584
55.873011150838913	-1.0868878643395257	-0.85985595670510184
56.427321538831599	0.91114578774787958	-0.6240714540959732
56.182233419369716	0.62076535196185112	1.1969505750950384
57.015051934868893	-0.29184135445006903	-0.96340118340344383
57.108230270364828	1.2186940534599113	0.1290355482866766
56.844084101091617	-1.2847778336327389	-0.017402470648541345
57.146391458150177	0.50546512367072305	-1.5790362540148974
55.915556529978687	-0.22342714178731432	-0.68426959377632168
55.570007145774753	0.41083004347033647	-1.1269012634593971
56.916025060802511	-0.17848853308462895	0.92401017261360785
57.262769803285735	0.17660012027722663	-0.95191336553330252
56.180085413762662	0.77798634971246272	-1.0698810480726277
56.49700951581049	0.27047860345392361	-0.8933903298867335
56.446689941223362	-0.97036760914880738	0.53015051605093655
55.674708932554239	-0.37695954977275065	1.1628429253469093
56.763783164807876	0.85805335297936702	-0.59182997665679815
55.693462555703327	-1.1236589784755977	0.40334495299114764
57.140948448502712	-0.082819595531726936	-1.0982255921487658
56.177524932540678	-0.1062644487782935	1.033162448637241
56.798572719211542	0.64784252908638573	-0.67209421505097
56.165723103311954	0.41680569693825154	1.5409700961491379
56.949474106897156	-0.16234820319923546	-0.76984736623639394
57.223215006357862	-0.3563872681643952	-0.85739985235989713
55.936674580388917	1.3719631249802602	0.0010702350869130433
56.716099087801645	-0.46081119574739182	-1.1356241836220551
55.917720045633466	-0.70622241288085175	0.79649861878587358
56.152749061818767	0.17153489636680924	-1.7767007877584398
56.37081793520791	1.0404051850234801	0.58271958120372813
57.354171237199743	0.25938537388612665	0.49493339097813505
55.78525477808801	-1.0340373602867179	0.27100473467261799
56.664263827962166	0.47161731784895322	0.74263599441256245
56.379530008600391	1.1006116048679813	-0.57538769168901682
56.904292658550247	-0.13994301794685027	0.98816104029618279
56.426403236470449	-1.0062003522806855	-0.58757388936560861
55.796606937938968	-1.0900352106615636	-0.32091082608728361
56.932616428102683	-0.59508545695113046	-1.0679843705693759
57.313784788147004	-0.74264180016604397	-1.1040431907734432
57.178206778439765	-0.63956801101150462	0.18189664196778205
57.484600131041013	-0.17002609080809217	-0.68338144280190349
56.62529984068621	0.34530165909272453	0.80766771069011967
57.201309813093609	0.89634187301958523	-0.7886462830189761
56.771210672560343	1.3452231272929107	0.53071227557182532
56.324582680344172	0.68846161466495115	0.59322981398736874
55.931461046584936	0.67734822998277833	0.76516654154240649
56.867075985928942	-1.016600818892953	-0.63227348262979921
57.283947855245081	-0.34622966086258722	0.9812042561971589
56.70711809149708	0.56292646604570329	0.09818882318852877
57.155941797586124	-0.21816438279798711	-1.0365075667196122
56.663639169343703	0.94894920544814276	-0.39853207902425708
56.18345813325157	0.96772367576390506	-0.10041038743819057
57.279748990983258	0.76836084806112548	-0.78481165482824444
55.723393636349755	-0.32386232759091532	1.2494973701800123
56.623670626791515	0.73027365595994664	-0.62825371237240912
57.026156301367074	0.046950772816530893	0.88123360840537701
55.492649984133926	0.072150456602372806	1.0673078469162842
55.479022669668225	0.43738959562256158	0.85746681522132595
56.53489354567148	-0.38483895249901262	-0.9960765785078004
57.293734514782372	-0.66847311887736172	-0.67948956839444563
56.38382621206776	-0.67677091855885463	0.39170596597114082
56.730666022856539	-0.75422732068521048	0.70518944666884298
57.072687852580167	0.73305457439962118	0.52181919801853682
56.869554006378614	-0.87119810396128594	-0.73745126689041052
56.975105059393172	0.78024819260406764	-1.0073370510064048
56.407294714961225	-1.1872494732360264	-0.88906714011431187
56.189235149536223	0.74612090907239692	-0.89463035077721509
56.323072078670045	0.94441846102878768	0.055541555907106174
55.741110116695438	-0.0018438153082638354	1.0179064220623855
55.787630840190637	-0.70542372046401591	0.77976461920283779
56.767749251975282	0.31856141645127295	0.94376015580520656
57.221923946656375	0.86780788041110413	0.074408298312859625
56.153260956424553	0.51027262091993908	1.1267205491833947
57.127042665112697	0.47526545261888853	-0.45144277415291306
56.018708466419511	0.5550285831938977	-0.8950833714107419
57.242085099308404	-0.098658872330862471	0.93234499975213703
56.905383689607845	-0.1175415491094419	1.1881115519154883
56.760483591745562	0.94773143834969886	-0.46089062336806491
57.272210746496867	-0.40739844043906076	0.95266171822901768
55.614532536079103	1.0582963133141607	-0.22675168056134273
56.473362869831675	0.68813524543244775	1.1020971488414173
57.301993924623439	0.38453545145861645	-1.136352265967653
55.723520551214165	0.90186602091424173	0.53480965800146685
57.064957761795434	0.29507118058152793	-1.1851340138117124
57.359852620328098	0.25014515546181421	1.1110784682104082
55.692082285842254	-0.92732466086887122	-0.98391283982575828
57.053641703154945	0.47045723681902474	1.1506057574082731
55.958172493099369	0.55683060341408119	-0.63059861556817998
56.669666082078322	-0.61399702866287531	-1.0747060068500487
57.161317804864716	0.036435260240705265	1.0756195619669762
55.632234526657662	-0.76506153961329104	0.94919889110643119
57.338523617409557	-0.51121510186882169	-0.54277237654951083
56.479878142951421	0.48316679336142376	-0.68151559897699476
56.248241790583073	0.10175354658748664	-0.67622201325058828
55.824628763872475	0.25935239156911549	0.56695267985972952
56.370886632802609	-0.45614429018089414	0.79182933798613298
56.387745075638456	1.4456846840397051	0.11939846758395048
56.26199477742248	-0.55850589047332988	-0.52325713282917974
57.354586422182507	-0.23354437832572314	0.52412049853931364
56.337490935499154	0.17369406217853611	0.92628041475048783
56.035954809256303	0.40807638596889728	-0.91985746795941092
56.776245390810139	0.69166747997645506	-0.42891814565522368
55.724691947747964	-0.57144890555076477	-0.22661221357259817
56.264065924451991	-0.77687686340990669	-0.25263240884607019
56.63863828458998	-0.25561577482658471	-0.78041869560798138
56.929328028892854	0.012410257982965384	1.280808982332623
55.777708512639236	-0.89525441177400655	1.1613932347894287
56.354253534123522	-0.92819896862876616	-0.96046698706716682
57.278173002303959	-0.92577954421078701	0.17585324507490435
57.319199684551442	0.081674026029268099	-1.0205218225881136
56.954039756861114	0.036954380100919955	0.10208222115244338
55.862681929903481	0.89375969554398904	-0.17774353097315271
55.986354677143055	-1.0269555245427073	0.94101142993263132
57.07257970488304	-0.48304781448372985	0.81949237166005884
56.426433565231136	0.57322815946132322	0.7327959252954136
56.73104420639099	-0.049968798604380957	-1.338139730490328
56.785125370380186	1.1951794950840484	-0.69301870367374374
56.428402010896214	0.69519176759451828	0.42120089353638307
56.800003127719215	0.67910426219409481	-0.36427670952992935
56.042297562927146	-1.8351843905457574	-0.14748703359718357
56.620660710450323	0.14424131036090365	-1.0031296567700294
56.705283159616776	0.28157745648208066	0.62696342445860254
56.143925550176192	0.58582903414973975	0.71834473683195554
56.658933865977644	-0.40247586818623743	-1.1005928959917559
56.079954775590586	0.895703147138317	0.30794242309040587
56.500822889721199	0.79726900829557146	-0.20547909762924937
56.939369815530334	0.50716400816070806	-0.23984987549256198
55.559429352275743	1.7526971685560604	-0.17053352418099468
56.214813312988703	-0.76106423390787858	0.84318771726431174
56.775704125902202	-1.0875151478233527	-0.0058414154720460914
57.181755522415052	0.95626943238030448	0.55379961640671249
55.645981314085304	-0.25928444594452721	0.47507963582350843
56.45676528466327	0.27722112176634939	-0.72450616584898375
57.286675359128942	-0.016092583762388018	0.44422622782505794
57.347487037062301	-0.65969945391801832	-0.78706774621850017
55.872391840216032	-0.56990597844106672	0.34888928859731155
56.662775832495093	0.47364298601940674	0.063947073423556489
56.397254828961493	-0.82686732794022544	0.28920937076118636
56.750203541737307	0.61533695283575085	-0.58374718029099137
56.47190027606915	0.86487178684844912	0.7563682826445941
55.811210161729136	0.2249340481889926	0.58950074885237769
56.310931360554733	-0.42958591075416463	-0.15301788057712443
57.428373118208164	-0.85476570838948751	-0.46704511423880529
57.056744447718607	1.201074306961083	0.32979022019511195
57.220800233228466	-0.50780644089905391	-0.35167487431337524
56.245854745615176	-0.36169803075731616	-0.66972502437106685
56.883294927417381	0.72574979801173523	-0.11459052772980095
56.383680701634333	0.79062461984813348	0.76771696384086319
56.744513551206886	-1.0359925759289281	-0.54503144767374512
56.715235512181088	0.44236254856537433	-0.87013415326058408
56.128239787281423	0.7904966083862387	0.79313014780736568
56.917718897576698	0.51258872147628143	-0.51497983182396456
56.251277432740238	0.67304064891200666	0.7296267088729198
57.125307931304832	0.44162360709444787	1.1956349096863321
56.470850826868023	0.80895775600045638	-0.27447747884816032
56.093270107316336	-1.1984705860634224	0.45546950704613604
57.133596155029146	-0.6837540902940481	0.29614436111184161
55.752411483422165	-0.26834825861088535	1.1369751198766649
56.535666171905298	0.10868027855022702	1.0849121956484848
56.960287607986331	-0.21121445816796469	-1.2321903873890243
57.31513952458149	0.77436549178955383	-0.48452911423501144
55.520390765997838	-1.8386116693551313	-0.46584449553378177
56.511593619083897	0.14079356146982133	0.52940828427359832
55.548700903263111	-0.56917965703066509	-1.1725890135756627
57.267894892810318	0.043842423744096137	1.2571170072437532
56.888729375055647	0.50419205731244543	-0.43809841138815697
56.669114790375701	-0.43337956339953282	-0.07641145838067645
55.749632575924998	-0.98875175161964568	-0.33614943618045096
55.724499032895203	0.13553945738085793	-0.81139536921852706
56.52848288278247	0.65491746352111002	1.1546820464675887
56.554308732405239	-1.2557566183406081	-0.18784344446505477
57.083374969054702	-1.0047641108200169	0.34815473301823796
56.917230369151881	-0.094174613122038078	-0.95656516472880948
56.261541920515782	0.6426378064724988	0.73071817699977482
55.560082581418115	-0.7431843408076636	0.85364200293740766
57.187933693776202	-1.0086223217010875	0.1046290874754118
56.5595797882849	0.1733321201378481	0.87273236560320522
55.78866611515037	-0.76055633014218216	1.1344792136795854
56.532392596884314	-0.22663206842431374	-0.82593470267226454
56.714884084843234	0.57402704295806273	0.15386804150944966
55.708983488913034	-0.080833320471567299	1.0562587541177701
56.169985449074261	-1.0084845563961804	0.36718958094759907
56.301062776886063	0.020967548028380988	0.98576062652180618
56.452890439166012	-0.23265943003446854	-1.1187974542535286
55.425082689835044	-1.6096106099162848	0.47022529476594171
56.719580778445973	-0.49798312718254034	0.71716996586948467
56.451163860148455	-0.7695881515601104	0.69270339472213127
55.68912443691606	-0.047760763659918042	-0.67241648336075943
56.411414272430811	-0.41769949601955519	-0.64565042316514176
55.80437391848735	-1.1446415465910447	0.27940622211552524
56.991404205198421	-1.1085507363907521	-0.13854545664026463
56.338412748405815	1.9517187579275801	0.0051580494861404209
56.440618112434848	1.0997844077612136	-0.016636950978524492
56.558465319941426	-0.71076069967834032	-0.54725695313049794
56.560169876060549	-0.34835379416817619	-1.1115163812510476
56.771831268662574	-0.26011801979533106	-1.268134412163942
55.85447983035035	0.61445460778838024	-1.2032284496872157
56.945831374896578	0.60234458086834819	0.66474969107003001
56.496635106487446	-0.86157447816982746	0.65406614116571027
56.89622565158254	-1.2959061031622008	0.010850695643505236
55.872667384798419	-0.9826032905697516	0.10208103792734415
56.534201355052538	-0.67128714850021576	-0.70543014632971612
55.481235330208236	-0.5721998103821041	1.3458499974819258
55.987313647335263	-1.0397777987284924	-0.71386688532665099
56.117682719727576	-0.021168387925014621	-0.47082435861353339
55.674323212115176	-0.66569633130703032	-0.80522926438832743
56.854650033563523	-0.62430097270463181	0.90010982690539287
56.410251326696468	-0.3493926910782798	0.93892760796182484
56.762974022460043	-1.0002469387248771	-0.092590358196850256
56.329025708399016	-0.73100780391029296	0.50593282762439673
55.356500212464027	-1.6078107717934706	-1.4402066819686632
56.252503346577733	-0.78374799723196897	-0.61414290948869976
57.036007037424767	-0.72585158799783089	-0.60126867551022356
56.086967753360042	0.53032142216296074	-1.2032074420433416
56.158660655395884	0.59423676322635743	-0.7200808746153825
56.072662250102553	0.19592567065691796	1.124378487003695
57.176377650806089	-0.010269101023432458	-0.86158848601212412
56.452697801678376	0.032883521312694564	0.83827404567713437
56.007040737426195	-1.0588506249094851	0.029037720219848975
55.997574294450686	-0.63602652051477737	-1.0315823487415623
56.799529863648289	-0.68796663870847097	-1.2727687791217901
55.856494838999012	1.159598835758199	-0.43757082123038205
56.066298011747612	-1.1846162334055559	0.67126120737857775
56.415130705689016	0.14369294411721273	0.96058725002913958
57.30165324735524	-0.96081572974838647	0.84596059327161222
57.053951008876766	1.0747836899040029	-0.5119854756138269
56.730075865057522	-1.2738013283335352	-0.32764528749868232
56.737502133224567	-0.5801737979803383	-0.97135708923871378
55.89604342066913	0.63014672510829783	0.53942362645815312
56.519601346419201	0.35016108990154904	0.88864981006322263
56.992448471959804	-1.3047234457102996	-0.28017199624393579
56.024010967171385	-0.38933230369697164	-0.89607590560600314
55.717092278415016	0.57322843546329449	0.30850530438413215
57.258698853355533	0.37761444867014748	-0.40283388580378088
56.808463905497227	0.69822346768201993	0.76570181335932186
57.237103908237692	1.1428511823591141	-0.48110653629483752
56.738281028226339	-0.67104070828467899	1.0656421757482144
56.807138879057938	-0.20154604372151594	-0.77438139487778201
57.450426760421124	-1.1524085787872762	-0.54017734660585071
56.556213294046202	0.89058183467059071	-0.92462586752085907
55.968985245286895	1.1990936621595172	-0.25985006826444668
56.697514831130128	-0.57126771658218001	-0.93912909408799872
57.126189983095458	-0.3655293092955354	-0.81176013834444138
55.616408725706954	0.89666610752316478	0.68717312031394506
56.442264099405634	-0.81862983049783933	0.38597389165288581
55.967941009552185	0.16823116420607287	-1.1673589155529005
56.123406433921176	0.33436549029207197	-0.52968399275182876
56.026498908985786	-0.33596738647545599	1.1243457786935256
57.302770513789113	0.3417746973107878	-0.5761297321921357
56.55252642924178	0.7527656550947156	0.41582852203522058
56.367660517558626	-0.55836273715434048	-0.4999073689495383
56.819692305552017	-0.6082030910546905	-0.94363550358757131
57.296394306572054	0.82879439383339715	-0.41464099615415889
56.476746297466661	0.1903657088209724	-1.3297680017664022
55.790922972434537	-0.61076138595064322	0.64724959335106258
56.77429150862055	0.59950950788701463	-0.62079944598786585
57.467756516387162	0.65603192298642299	-0.78519723466405866
55.785749220365538	-0.68106928322347382	-0.58175760551527433
55.620749738279223	-0.94305747974988408	-1.194359315200423
56.704238690713055	0.47971648037440595	1.3313684736552178
56.948512814017754	0.92556772172631552	0.99145301050843448
56.800527715030483	-1.2210411805903358	0.27802747616998097
57.067094006155479	-1.0388355218172405	0.021084469102227173
55.489328736653825	1.5623168216052408	0.11983654993670718
56.023378143308626	0.48776796323436794	0.64821840286117116
55.6933395155623	0.42446576871422115	-0.71933239899255186
57.055675629910411	0.37111039257004558	0.051206214923180331
57.202927327685678	-0.49183026302326982	1.1785780234647136
56.173867088319312	-0.57775815018025933	-0.99958561731044326
56.584773117344618	0.99252358450285805	0.11668046692440612
56.773174158876934	-0.51769196137080153	0.64189180870607887
56.359980179495473	0.52739424503389964	-0.020337836680401705
56.945695491229863	-0.84510091605316273	-0.89590031299334771
55.991196641687196	1.2454494231970503	0.049874919512458024
56.764347520157493	0.45880655419093058	0.20989729426552414
57.239733755901106	0.86486013208567381	-0.10589790635327918
56.924689922938335	-0.35393083144672394	0.93101264460790611
56.666459478568449	0.32750047037231311	-0.75357703812613053
56.748577257661573	1.1574004322758236	-0.68994042649006582
57.305164459986926	0.95793332237700812	-0.40975506381194959
56.591784422572324	-0.46135838247895927	0.65585604851453283
57.248358014689579	0.48939185529009327	-0.73252508081327028
57.395043129063083	0.45316397859288599	0.85722540034427996
55.605137434370604	-0.10986708374897508	-0.94714558293398943
56.70434660569331	-0.19957954669712352	-1.329749165036294
56.769951602547792	-0.057160161580730402	1.0779013750086395
56.783588004251193	0.35567293714739123	-0.63277356483278202
56.737832796809158	0.082997717875903043	0.69116940839634367
56.424967337589969	-0.52468543930445821	1.1819298230155701
56.733665534023636	1.1367793968200177	-0.29106571109077983
55.538828062405138	0.27913720125118474	-0.269693622111502
56.543195384497785	0.027644862686566438	0.55224512922079927
55.831317281467548	0.45236883906613867	1.1591228584465643
56.710969074933658	-0.1583339216458817	1.176618995649265
56.846108665133393	0.35642421468964081	1.0292247155585756
56.928240126372742	-0.41026243122718714	0.29796877703426483
55.688937339622505	-0.67313745594293006	-0.20546700458185516
56.101993033396496	-0.28497056853032143	-0.52907240424731738
56.565474934423911	0.5505995751112478	0.82853092388513205
56.397410397733488	-0.23520048959254305	-1.2983247080254905
56.614442685060183	-0.55868065664596889	-1.6012080555275727
56.462675450716624	-1.0694574917592925	-0.32737805918215129
56.330402594888035	-0.44871439658083878	0.30232053373762369
57.132256400049407	-0.57130793766633792	-0.78330954445933088
55.757937482527716	0.32540668254447114	-0.26988795293025492
57.145883850885212	-0.97508286428554647	0.6460726795120445
56.847000915131417	0.83983082618140514	-0.96022468044234299
57.075391375893183	-0.14395550062517071	-0.61079212395319371
56.892788026365807	-0.83966827877958139	0.54818930573509705
39.853755673976771	8.5043080662004673	4.7438433868785914
56.314305290296296	0.60031876366604764	-1.1365686818778016
57.311717547668565	-0.92986252072246234	-0.29322993387884422
55.731326676517249	-0.25807041161277222	1.7668777537248959
56.46145737284337	-0.8578811908611641	0.20589070199871085
56.936447474396608	-0.77344792133113882	-0.21893148067404647
57.038747214880658	-0.94023479661034171	-0.71172754563030516
55.75908719633609	0.63050997406621923	0.73165909013566333
56.650458769892026	-1.2914881355517471	0.16360414669247295
57.049892385403453	-0.76334717774409955	0.66441558517806287
56.347571765391379	0.86160511666878992	-0.98091737272997448
57.122251881854218	-0.66096995590417085	-0.68534236319661102
56.85035002263777	1.0396522999583775	0.044821115485033494
55.829687716597277	-0.039596458862019838	-1.064098920524692
55.984241711491329	0.11810348233790501	1.0625373560459586
56.617673114920649	0.3866281470089572	-0.49510276317151608
55.669320754218639	-0.82735908753314003	0.45144952906545233
55.878665545444129	-0.8466174666633941	1.323003787712135
56.47022285204104	-0.89529537258504377	0.92043991944341519
56.824905526131992	-1.3192703741205389	-0.15246251633097227
56.649703407228763	-0.54419718675717421	-0.70293393110654234
55.422158448038111	-0.69370605596425383	-0.72976977156469813
57.274327464871625	0.71001320099258103	-0.060960749257849806
56.425468961754831	-0.62482918129980214	-0.50550376101055439
57.22799958312131	0.28051895781293479	0.59860432448381429
56.508356226442338	0.058784192942527194	-0.51603637274981262
56.833110781002368	-0.84557535661772587	1.1783328189175981
56.427670259626048	-1.1685410949788848	0.62906010192608941
56.452915796256434	0.063096382419545696	1.2350780107869299
57.068270460375878	0.81478623127155747	-0.056768475530833473
55.51865395260343	0.93263187167389539	-0.38923565886696826
56.291422032651006	-0.84150221892837196	-0.56594712719837226
57.324624103008524	-1.1159493813377455	0.080514886620823733
55.702562616135076	-0.4343911248951659	-0.60016358124739788
55.910797281460482	0.056605026838039918	-0.81213966216441758
56.415399956498831	-0.14996371769170541	-0.17401749091164728
55.941690569726624	-0.98882351315072758	-0.40847984710492269
55.716120495109621	1.3073583000425868	-0.48474604284179285
55.495743141175282	-1.023200509509214	0.60566284231701106
56.676244467696073	0.61632465959492966	0.8712222067429658
56.267743486123599	-0.56446331372097736	-0.79062133007549207
56.81232476187418	-0.11044186369866353	1.0429590961157713
57.155177066515073	-0.10869238409566348	0.7183321052455327
55.562825350648602	-0.7720782933682917	-0.92901666102776692
56.216495498611842	-1.3915684387781142	0.06127835695884104
56.84102511113332	0.051525135471528101	1.1637742552013757
56.722669360041976	0.98937961101965965	-0.57588494338407625
55.377312834963618	0.094851224286445407	-1.0838743530977799
55.852604861999978	-0.79672604679804537	0.78995265874795495
56.262309624792117	-0.3487771838906889	-1.1851859147758645
56.089690498568139	-0.81823039513873208	1.1647219080252971
56.082474018465071	0.30104096171998473	-0.72691295551628798
55.743292252541863	0.038275921067212192	-0.70794973258924354
57.162211165315156	-0.86566852986707776	-0.6134695874083903
55.441207847857513	0.44899983732272064	-0.69605468097043699
56.912890111322795	-0.26227970100088377	-0.67715045985481881
57.37440728602526	-0.42598019558032457	0.60342255998112837
56.332068362987975	0.71032443047048566	-0.8943369115897406
57.299786671335838	0.67627470314685878	0.89655603075117829
55.62171486978211	0.7881739268431438	0.61830429452120783
57.06348755162292	-1.0923698521112435	0.32039651709985317
57.074455851952422	-0.35886749785324967	1.2178869115796007
56.618396335714998	0.80949173899631655	-0.52279907415134119
55.846940035172608	0.20438644106017875	1.0180954754368938
55.400803848872741	0.73889909173011592	0.6289900548214904
56.221698946578499	-0.41902158867650141	-0.025132997566537776
56.979084802885339	-0.95947143326183937	-0.23281863384756576
55.881329566225574	-0.96638183489037988	-0.43675739512233919
56.477789513186998	0.69164556389192233	-0.46799376463006509
56.792910498299101	0.13149711005734976	1.0585561536682657
55.777624374284713	-0.55509998351567069	-1.3605114303714341
56.144990292448036	-0.45915623098694003	-0.92697331622284573
57.130752989552988	0.73750663880082201	-0.77137482943847757
56.930754751773094	0.80896710215626533	-0.94280818949594802
56.331984755745729	1.3959874010135447	-1.2367780604946204
57.309306591661809	-0.37859491489003039	-0.94082705543541512
57.306326771261006	-0.99339940222145307	-0.64914484387900495
55.472437823282043	0.026157802795050381	-0.96085798221525143
55.583964850457853	-0.40581229324942869	-0.98614069089764145
55.939458960625622	1.3463769328500892	-0.38448930542669041
56.561457520789617	0.99976633287287375	0.56406457698561563
56.127271210545139	0.95886514929570221	0.10012720975276171
56.452790963341812	0.39551102202584359	1.1996852131550935
57.101290169455233	-0.015927564021061952	0.99197170687701153
56.301870032276398	-1.0156365569755563	0.11335130410514418
56.229412598370033	-0.42720684657343205	1.019425150113177
57.016491874484302	-0.67212987215139397	0.47985859996834085
55.78177815313623	-0.286516837186157	-1.2112521162418741
56.713853986307342	0.71945493798416837	0.49520760172032358
56.158791465869648	-0.54758215098690421	0.83946330016699955
55.64509842707632	-0.73505448738316526	1.1970241411948013
57.028293596187623	-0.3304147978874899	-0.59832527816070047
56.7202377062913	-1.7801963003428189	-1.6763803914391366
56.829125397751589	-0.44001686956006325	-0.33577728804596141
55.816347681888232	2.0575180665993065	-1.1378737208525387
55.523621140187707	0.95667546303112172	0.85632813251048856
55.740772070644127	-0.45569154021652492	1.0007006747852796
57.109094667817502	0.76192867092452887	0.42951323553909287
57.380657614754753	-0.49692935152355522	0.8680978003872617
55.920209539247963	-0.86587018108162694	-0.7051065935333497
57.175187427163685	1.0706950613981421	0.34564877163670754
56.768663045593939	-0.81365390377389502	0.80903436744297197
56.811818513738707	0.070763795476567304	0.64391172543906861
56.03787514982951	-0.015635719725573576	1.2988413767125271
56.593309831080674	-0.50305662088006686	-0.4641338489534077
56.162893175747698	0.81552809850410724	-0.91471109462243572
56.912700816505762	-0.34927603435180826	-0.66144559427397742
56.546524743811723	0.02102089297269941	0.93651383864469906
55.821516668779061	-2.166058047851307	0.85364209578452432
55.762420391249641	0.38506191926631628	0.89649353827215617
55.895899647272138	-0.13880978251282158	-0.96317619651502895
56.067255186328985	0.79634137723342602	-0.4376827570582334
57.041147019354192	-0.77653045284777844	0.97091837295440986
55.925301832262896	0.94145339824743568	-1.3538312501619181
56.331953072415494	0.99923323581161327	-0.71322934473993915
56.962544934978617	0.92756858180092283	-0.22244393539030649
56.43002641069284	-0.50932039526690875	-0.98541377600385593
56.116093226216655	0.88112427446626407	0.29998758924613272
57.29277789672485	-0.92852744063173775	-0.067000893473710479
55.397869517316657	0.11192656587199022	-0.43316025512808282
55.756732707343907	0.90297434827175849	0.61184868256916869
56.020801864280131	-0.52908212163152613	-0.54027349245646572
55.235304949837804	-0.14225636896800581	-2.9259497329955013
56.919452505669561	0.051910341730999676	-1.4661010883808592
57.484722802745985	0.52313853944238231	-0.30005704171182457
56.554623321310594	0.49516760580469527	-1.2157914940395371
56.724232085685109	1.2374257987898662	-0.77501564105806187
57.152484238307096	0.3014246349546475	-1.0045201399700356
55.853127763112226	-0.68707117399564921	1.3728151835328128
56.489594604041592	-0.78296152223986026	-0.26630006468584516
56.46856006822032	1.0229156994869435	0.60435792755534412
56.854418518465828	1.6034484577474004	-0.14710965872074788
56.333702122450809	0.9461509692857899	0.50425059731266064
56.542917163313462	-0.0047357709617823641	0.49381549807741282
55.725745077275484	-0.26056660891419481	-1.1586364454867324
57.135150332996652	0.7838641107328016	0.048196086348889451
55.626689624030654	0.89086701065297647	0.020467398175066639
56.163581346920346	-0.15228203699714904	0.88018449333202542
57.244220853302814	-0.6965182127825208	-0.54608187057729884
56.948058824243063	0.55498379382356677	0.45082735426097592
57.059677458387235	0.35396519654223446	0.99434312584111328
55.529972709994318	-1.2464400994813565	-0.10469560399479678
56.320991894094568	0.14814679510418777	0.97051820256548693
56.391164789781904	-0.32506915916428625	-0.7519220759543831
57.070064053961275	0.48102993979370096	0.7769296895917267
56.999905220544512	-0.71113446782993084	-0.34255242645000944
57.272856856009803	-0.9078942290983848	0.58542552013968396
57.206378989744906	0.30412946291890602	0.95742088922021151
56.604805436555772	0.57155786673439946	0.20172089814127589
56.234410187073884	-0.70073468050394805	-0.59945813436330919
57.002358257004687	-1.1223361447773119	-0.44176607740200025
56.598887928847176	-1.0211266889942636	0.40430047544525483
56.872133685791951	-0.54600599211944023	-0.58128239186973374
56.299615882510132	0.45558683625743734	0.86188324409563033
55.395546017758477	-0.087205275970626411	-1.1025706605346979
56.639107987018193	-0.96337459287413685	0.50169887787189682
56.148282107285652	-0.87067220035092685	-0.93029142307145207
57.174891159365167	-0.5385134965311309	1.0339569195504781
56.431330296696423	0.4496209642062895	0.30005166662696037
57.110447362475078	-0.77388625632166785	-0.41018706786484455
57.175442661254678	-1.1205322761664724	-0.014423989373935851
55.843298959308299	0.27112290883504647	0.8857049823638169
57.22123951600868	0.65015480209007426	-0.8813816282258613
56.656181686418556	0.86283647742095326	0.57231879837037836
57.207060970596281	0.64000923135939936	-0.35202697739858207
56.90452190112633	0.2124993238192146	-1.0032195624035072
56.486653443638062	0.54920341245507187	-0.31936538659754043
56.972972295211392	0.46842444668541222	-1.2493374999954343
56.175910122558705	-0.49822878440736834	1.5664813206377888
57.057503661306619	1.0167808577951283	0.10213478366963082
56.246091124447098	-0.77587592177566644	-0.55608423980691668
55.975310456628023	-0.58626146531060719	0.83658684057021648
56.05704795893606	-0.34540876991834157	0.86521925355756379
55.702681143162827	0.051955920654168292	0.52076052316767329
55.516310226392264	-0.71197274549903655	0.20975818056995879
57.171077224713237	-0.27092366266634155	0.81715450574538295
57.097069822714609	-0.49763560682261482	0.75335111119158016
56.663499230054811	-1.0033574009014059	-0.0031029417014993865
55.831917400191784	-0.82614526806630961	-0.37309922915002042
56.828959264989905	0.45002115240749169	0.9049177989685766
55.94351062417752	1.1766805483918115	0.52151248242217996
55.801766525443583	0.35415866479238939	-0.6102469623836686
56.306364879628745	-0.96698932946491356	0.30586983239941162
56.563460216065387	-0.64465547563417969	-0.73358281870451081
56.508652224012557	0.73115420636270634	1.0013116434429228
55.894030947787563	-0.25832006605536389	1.398361653305854
55.846839143843987	0.18475271958795284	-1.0264506914759906
55.53761050299947	1.4098354122167713	0.071913844589221523
55.848924239527058	0.76147227015381647	-0.63274171695950732
57.10718080305044	0.86159007662721465	-0.47031308502759717
55.637317785483837	0.18473209297844445	0.49289797176315497
56.143564250435048	0.58608295782088748	-0.70651076024083159
55.987920816327708	-1.308148670702828	0.050863294010378833
55.644958012915531	-0.88154925140259321	1.2394441725100063
56.340365285849295	1.0813025792731588	-0.23358443548136285
55.813707015117473	1.3079758018969188	0.16434420038201561
56.123026936637153	-0.18616646172403142	0.33285871839003239
55.478198262829466	-0.69404365491989395	0.50181161875771896
56.454337827764924	0.057649000314023618	1.0058805695570379
56.413423041143723	0.85251234214066696	0.39873777856864689
55.991089566964924	0.95679542248575988	0.34088363395284527
55.460550994636471	-0.49234600928940814	-0.93832121802624002
55.442049315716766	-0.11434838658035774	-0.10189572790252546
57.229134088354513	-0.59983744539221473	-0.41333093855742686
57.336812593602545	-0.19649811625928251	1.4426796509364119
56.611382972816862	0.66698627582140713	-0.63242783227629329
55.839923009330143	-0.38769099707620747	-0.66499789935286913
56.379883598310407	-0.026460726012190332	-1.3327617185659932
55.565782880234281	-0.59128335330818738	1.1434275572265677
57.201642706573701	0.04749660375664435	-1.162719011016822
56.623144161374348	1.2735218580757084	-0.51927250676867109
56.343088507252283	-1.5847979211507845	0.53911420829009682
56.487902444804902	0.51913851222693042	-0.91159918057624445
56.116046107032638	0.73243614485905617	-0.94033462572706183
55.612365309395202	-0.49210705297460738	-0.53362905359266677
57.146929105570955	0.3649437562969875	1.0970625213996896
57.158777974806164	-1.0352676955185849	0.082116796219302235
55.46858762386281	-0.52874541649071738	-0.46830969759886881
55.861865612203026	-0.60043454053682666	-0.79290773394430658
56.123275143048993	-0.77357284214217159	0.13458943571106236
56.599202388551511	0.68057090665290232	-0.56700766539819558
57.116305229563892	-0.64020075102356078	0.84080400279522494
57.28950532414536	-0.52243157588363243	-0.66031690619667283
55.763327227829883	1.5623669914362526	-0.65920894734607594
57.006639559033111	-0.65004521208586141	0.75042408783221626
57.30951230182955	-0.54363801894392638	0.7197081505219648
56.031049912028358	0.011023767299342176	-0.67584345622341646
55.53197035274782	-0.82121063262547622	0.36831991913278755
55.658657737699052	-0.87156603246651665	0.73193801925103807
57.272778204961718	-0.59838344391418707	1.1447308584259688
57.297175129979472	0.68904448764480974	-0.64686311026752807
56.088937785846902	0.84980147418340335	0.38726489267227004
55.927835571847957	1.057460652347006	0.93362065031206698
56.906781166186178	-0.2365181012402143	-0.88424074077290771
57.085334954623697	0.67236460296508682	-0.73723476838979063
56.175580857348727	-1.3014688267730687	0.66026995835921853
56.495054103812045	-0.30389581995405435	-0.79181388448714574
55.945863338786275	-0.023903751069541106	1.2142420318213869
56.812998103868367	-0.67534699515320074	0.089994873180314378
56.312038412090068	-1.1991673288403242	-0.099711971577430669
56.764949877866904	0.29874637420748434	-1.2976434253038442
56.951628979471586	-0.74165742347133345	0.35132528385430672
55.408634449639095	-0.67973855328097355	-1.0908563314597832
55.863398050406218	-0.35601764417307702	-0.77879708184945462
57.276515821566868	-0.41379806833899718	-0.89237265558108914
55.993238855661616	1.28958200894205	0.83940447356732772
57.075636846694842	-0.87694182624267181	-0.52861588211588739
57.365898106513107	0.68151888082267498	1.1414457545109318
56.754373718962178	-0.056899108250019606	1.0964902741282552
56.421528921394966	-0.12599308641283058	0.69321577615834773
55.922380573555735	0.39602860275831869	-0.62020527187797692
55.956307050624595	-0.97617773068587665	-0.65881813354712437
56.347721638503025	-0.28140065460823527	-0.65591382967620748
55.848484396447581	0.82338847049529762	-0.19187052009727659
56.454122767415299	0.2218064444209295	0.90817114302067403
55.638767087868963	-0.81425836068896296	-0.6685672709676368
56.747417555990474	-0.6942347601324188	0.49169149985338589
55.635713764953024	-0.070314760681119914	-0.4696418318874015
55.785778835100572	-0.10034694546826828	0.95773754545220102
55.955679371389195	-0.71771509790716403	-1.0020391367681676
57.024964042193496	1.1134991391054867	-0.68442523377943187
56.317246161977458	-0.94407993615549513	-0.067871264146609447
56.212115685021736	0.29920767119624386	-1.1080757816927069
56.180514664770371	0.60782567569504331	0.58440386506586695
37.56936165869061	-7.0824992752627329	-6.1671682443557021
57.341784985464045	-0.58966927730357954	-1.2454240268315322
57.109322811738721	-0.25994713683661252	0.51978409046379714
57.182274042026933	0.22445467316685128	0.68965242049069586
57.151066250780403	0.52895518942260378	-1.0079377380774515
55.98263734020378	0.26605202580846365	-0.38095566992301927
56.784199656384821	-0.36366752919751211	1.1658412127754416
57.246915628212854	0.98327736179381997	-0.64773274200038566
55.784504027415338	-0.16120929976164014	-0.90906778006266586
55.583553994083623	-0.43995811166934506	0.56386513636483482
55.764004688038177	-0.10294574134089846	0.6099452651233086
56.548389754033046	-1.1367687743871917	-1.250663238917233
57.095406639412587	0.48238881760751129	-0.79351604815648835
56.39026792403628	0.9013952526304615	0.71639162458095473
57.187872818896011	-0.96564106944137118	-1.1597804557041718
57.261677373507801	-0.097894454059053226	1.2330564593511477
56.826444884639976	0.87702445256631145	0.38027569899180391
56.666507301388648	-0.35064739620163299	0.55333621846556647
56.845086242509034	0.28392942608807081	1.4229306591028419
56.002539700942492	-0.75908008252729009	-0.2435738352980702
56.76683626447717	-0.52075609990526295	-0.59008346765128294
57.050159228280179	0.9553399341629103	-0.22602917512165102
57.188959558935977	0.93572450727111245	0.48269916063467561
56.840477174108472	-0.65060750464323724	0.80501524416703585
56.378566893346047	0.052497342775636939	-1.0719547862977494
56.433979173941623	-1.1529592785581684	0.54628626202732811
56.468900709024339	1.8792736105463452	-0.25212449379922502
55.553510409710121	-0.39930497255732333	0.48362272557392061
57.075031476621248	-0.53820231447491174	-0.36657139459612292
56.502037904189571	-1.2374004697175627	-0.5833043786215848
56.695106159588953	-0.91464200863198741	-0.16919153792108954
55.810396476724684	0.027479791316074653	-0.87402613587178657
56.821699584654205	-0.17524166935636448	-1.0506368381299935
55.927210329504575	0.78538442414256027	0.40152247183184686
56.433655685028533	0.43866416168186323	-1.0983743609338292
56.072772466197328	1.1724408570069775	0.20489339131659495
56.088061302777653	0.38320771691516431	-1.5690552607954742
56.185527496377581	0.065623914240674167	-0.99397677667091944
56.058182370355361	-1.044228069458133	0.18414744260768084
55.878809800913864	-0.20885314478570149	-1.1440488563576057
56.939569575004441	-1.3017961107732301	0.85637919774567672
56.691881135818043	-2.4128378720518215	0.46841428781020406
56.252699795249555	0.51904119737454391	-0.6695970876582692
57.20128508766215	-0.55553591974656868	-0.55458104283263532
55.731215951152727	-0.85796180704890335	-0.49229499236830621
55.862884958739947	-0.72227124455499836	0.21152611985181538
55.970151419716849	-0.58082589221820347	0.7493066996345159
56.427272784425647	0.18683560063476401	-1.3094829686770151
57.202606083768416	-0.89915235673074922	-0.30109194839811582
56.093775289084419	0.75934996705162483	-0.71644497839656762
56.93622831181662	0.46317289894073815	0.1168458598518174
57.022294443879233	-0.0047374268053656061	1.0013166801775366
56.779086524537192	0.74695449819333837	-0.46409743713001766
56.469682823023447	0.13806374415940406	-1.2480441948626666
57.302442223983611	-1.2711905439215621	0.055983862806148234
56.848615576417323	-0.74740312338456627	-0.37811612889783897
55.793823425296857	-0.49815984489710674	0.59271417737397536
56.936288874198858	1.2867833050905788	0.39948694278898939
56.350932556416005	0.53272315807172965	-1.0273925106435335
55.444352298114744	-0.63402299848767718	0.19362610789934503
55.939382087879011	-0.66905702583394877	0.46189192392274409
57.303555298656065	0.57520464481248845	0.32839327424877685
55.757537705284449	-0.72795848882846126	-0.57931918326511656
55.861337964553627	-0.76847170586267377	-0.61887135097981794
56.24008687532622	0.086762801973514603	0.84018897399166836
57.073915922240076	0.14345073177303189	-1.054004478062593
56.223414045145645	0.84884389030051433	0.038782783857220539
57.314722764176622	-0.35277472279243077	-0.92689824412851407
55.390924765262021	-0.95567056303861442	0.65820255339794143
56.117623751026443	-1.1427989522485522	-0.22766456346370625
55.630329033168195	0.65163036955033338	0.71115344697337357
57.25504117538258	0.1146425411006432	0.97598872639537426
56.445874925733911	0.65375878519459285	-0.89083409834379779
56.273511638028602	0.38351106856245176	-0.82799281121262014
56.092815845245717	-1.2274263757505504	0.91313552879664395
56.993872211042465	-0.53584885164768437	-0.6854411451983794
56.115374877839386	-1.0749499733158041	0.50091702693104945
55.884954270411257	-0.72059549285994928	0.03571116261889426
57.122681998087323	-0.10826765171203229	-0.4544434320378824
55.879903115308473	-0.17290934168264566	1.0827833166580774
57.212526232067589	1.0663860209290381	-0.036276966040431763
56.483774176331529	0.64175244889166683	-1.0470793119384132
56.393715198172202	0.069707034355617134	1.0061149890299517
55.804513287339709	0.860951820812624	-0.79952444648276177
55.985200711069147	0.73030764794780778	-1.3222182532026803
55.998938167403217	1.6219266230895208	0.5165862925906205
55.974128850499881	0.48637827412525914	-0.87368792949697516
55.632638803563069	0.67426948728878444	-0.39204433391293952
56.499614068794564	0.59849184427080748	0.59658581575548486
57.312395254513483	-0.94303247357228903	-0.39644331307782127
57.046168363135685	-0.36680937047845885	0.86028783247811969
57.059088277333899	-0.35140120510497047	-0.7169544794757382
56.961475337812537	-0.27985396956438724	0.74522909714131258
55.449050621143442	0.38410490524137303	1.094488685499118
56.631556736171568	-0.93062388095401494	0.65633126822222898
55.616391977064488	0.70296639943750239	-0.90380856360314576
56.225614707935797	-1.0263315399534165	0.83691829079816416
56.096011301145687	0.31893649145165404	0.84715162792196075
56.024918189445785	-1.1706697583103913	-0.50925688879386111
55.973500249723003	1.2707334925431202	-0.61961238553711295
56.390462434001002	-0.81221244259371927	-0.59698401434576143
56.434023299708372	-0.98130727638601833	0.7436183156523577
56.709086892151781	0.7368444175479083	0.85147924720909929
56.760989957416392	0.51103624958457794	0.0056694417580850668
56.282108155219838	-0.012673763870829894	0.73455253014513078
55.938763419717411	0.76637967925881523	-0.49790428941979437
55.718693537693269	-0.59159692780240491	-0.52898691471348636
56.105864923558933	-1.2459852098853108	-0.12804550069802098
56.991903774621868	0.11947583689690147	0.84071321899046103
56.492821508195746	-0.51568123400332033	0.44220087805142055
56.151994203927153	1.8295871724101616	0.55211935390262856
57.187397713966234	0.47232700845067455	0.92310187993773918
55.678926387004083	-0.67293368654253172	0.38066668521317426
57.405513223956945	-0.50843393848498841	1.1744115657034029
55.852589464597038	1.2996234550361494	0.68919542541808154
55.854377505223241	0.27264471383253219	0.89019793175532058
57.306625107942644	-0.12847636468848081	-1.040239732026238
56.578625669243685	-1.3297012475770456	0.3353875178149463
55.619064766769554	-1.0751526555047379	-0.18157466069758366
55.948707380721558	-1.0220187052440914	0.28135998796907025
55.758685761496082	-0.2887596865072895	-0.79832127179063284
57.181998068558137	-0.49804078702509463	-0.66554011597236706
57.025028525122572	0.57420682179279636	0.88447403273172154
55.674789074466375	1.0095309861641035	0.3937598296425539
55.89201834543745	0.57940402661868062	0.67775870912388192
57.019370282555869	0.2389347519329951	-0.94559164854477784
56.761378081758906	-0.23488383656993711	0.73447569727149331
56.519848562169535	0.84283868487255076	0.74409483327785986
56.70536969761465	0.56789514784049955	0.063127776221128723
56.254965020890225	0.44685139528290052	0.56477755838019739
56.908906400911484	-0.9752953228402933	-1.4487452006223074
55.706732962240423	0.1709033181076022	-1.0936231440633901
55.753742320727142	-0.2384374434159019	-1.2703091629970169
57.272440274485163	0.6024588570667021	0.24367754501744729
55.935151366268251	-0.56281542495657166	-1.0602677542356485
56.384961665105344	-0.44702934545949441	-0.34795468527394419
55.729007980140672	-0.31236367292207456	1.0594303876258919
55.621235180572882	-0.67916795836203181	-0.67648145120367309
57.106367903352812	1.3977066367685578	0.119669570219163
57.181963268507765	0.58480980283192108	-0.84055038920504965
56.063211096609642	0.8769452376690231	0.53002332212538439
56.033499566840824	-1.3965274950421387	-0.53222499523385991
55.589152940045693	0.95032865430987157	0.77199419351792931
56.671486346117156	-0.42248959889775528	0.82579613676625541
57.040221635294486	-0.29526424271722201	-0.6347779103291078
56.148370403018554	-0.41450647837846544	-0.87835946444939161
56.702678554427855	-0.19384771875281423	-1.5525458612599099
56.155139988936952	-0.016382899526124373	1.2037802902302139
57.088485930628075	-0.8777304800314546	-0.88330185513182047
56.698204740444957	0.097962854381976022	-0.98006051603723532
55.700823830649846	0.096757828365899856	-1.0970333669158607
55.551660518148388	0.82630926523914716	-0.31124602626763387
56.469302593904985	-0.91907234827479622	-0.27164771427586326
55.927665208839009	-0.20425188355558366	-1.2868944821697901
56.464530135848847	0.91629925605863105	-0.16992164027785003
56.096938880199154	0.85285759451432563	-0.84495231853311537
56.619177202102456	0.3904771991965752	-0.71718185561209735
56.993372274859787	-0.60509369291133042	-0.97975634737904449
56.998363402827657	1.023721890726015	0.49986812560830829
56.937429529092697	0.8288021907263895	-0.24246434183697307
56.407826146050184	0.84263740074561078	0.36495429627457432
56.031334746183092	0.90098357697376275	1.0190430276432023
56.699501445007321	-0.96351992052082636	-0.48185199427180503
56.654859967151189	-0.15628766548346337	0.92067868520806917
56.920048192344076	0.43446695649553391	-0.94934332041508829
57.033881810795442	0.59146673447003972	-0.6430043917313909
56.926684902158456	0.29696148238192727	-1.0171146801571753
55.814575850814393	0.19225795164136222	-0.59348519666174948
55.713524586334117	-0.23309090619327144	-0.91300196333782679
56.623222171185304	0.68730504787144631	-1.0341730148390833
57.233328877275071	0.07902184870550881	0.5389124217435336
55.552083191694585	-0.4850864722439408	0.43543406142965441
56.108878692273102	0.86051022114389175	0.30473149498949598
57.298889934465272	0.42960957096962399	-0.36327219711227854
56.263751568065281	-0.48136961479589674	0.83129056260036338
55.824035009522902	-0.018496698607980689	-0.15062744363709099
56.052817123406022	-0.4870988267453914	-0.90334360634551925
57.156212055627385	-0.45824242207226662	0.81614288661234746
55.708653261517675	0.78911137823731259	0.47127134657214853
56.063216105233082	0.90243938529450229	-0.40321327709953292
56.917705517162538	1.3051137982573322	0.1786198705498119
55.897683509234213	-0.17937299649286886	-1.1547658682237736
56.750094163851912	2.4839440565985007	-0.011742836838608977
56.434554591004719	-0.49706772967741486	0.33716516424406462
56.821580326491663	-0.19883584190760209	-0.73317347348448114
55.66482025645594	0.068625728106746525	-0.21395063825067642
55.82151149365707	0.82686207997783856	1.1744711889630493
55.525839663830396	0.74745853297622755	-0.62794789045664556
55.973662117953921	0.59175492287178721	-0.12454821677986132
56.406601114577448	1.1527692940465266	0.042344641342651299
55.896137873513773	0.80000269590949458	-0.41426090162648388
56.243856126380983	-0.18318958878253119	0.72376988219218097
56.417385286747027	-0.02865605951094536	0.13341758064803624
57.196654099746652	0.4153558828165318	-0.74140644396067246
57.242065220168833	-1.0383873614900989	-0.54472231124368176
56.084224278509943	-0.2577285473435072	0.021927814329282619
55.773792122792017	0.67718949816599594	-0.90687985397227089
56.418681091679169	-0.62445137241208126	-0.94658611488227384
55.863748205000412	0.51549861751806658	1.1237870478241967
55.703922489944645	1.1086718504131452	0.20402491922693458
56.714973563105659	0.16530335071917265	-1.2775489640451128
56.445312577116795	0.4387208525448445	-1.4264842321497906
56.259318352394672	-0.68265145212560685	-0.054606708834476554
55.689804221681243	0.62517492245254092	-0.068721601523212189
56.408707056550433	-0.88591009100281293	-0.96606935956440432
55.689668470313983	0.25854259172427058	0.68171200544061927
56.621854464712086	1.0149198347019817	0.71392539076056882
56.506632870732638	-0.28035877803154541	-0.82085343519596699
56.986646414911633	0.9629639844685266	-0.18854513469046308
56.91072539608286	0.18886644663253355	0.67865744822431051
56.848789858241886	-0.080022351866300273	-0.9944721511624961
56.079016505910069	-0.38054118701225048	1.2369875122424532
56.209884016107679	-0.96164628852374179	0.49818302598394026
55.8752572216356	0.89390174579607318	-0.6130924540957321
56.674685197064079	1.1999382409000232	0.1721228915205619
56.731779355255249	-0.14418294953137395	-0.63051475772310972
56.084420867489584	-0.62095821327086398	-0.70827673189780027
56.432652667830816	-0.52418780618232963	0.32155916825282654
56.376925391667996	1.1999250790679288	-0.14576973591217599
57.237975464228725	-0.1686008536107664	-0.82836042535022558
55.70059794970593	0.45844506092443876	-0.15271498492382227
56.491664676754702	-0.86486789321170632	-1.0164653288374443
55.513095111304061	0.68104567393057103	0.39055773912321973
57.145095767294869	1.0476016467683849	-0.0040084141975168701
56.565840223865401	0.83947601580633369	-0.66597331780892222
56.804307937434082	0.65996552549682497	-0.74359613036480288
57.015054572235364	0.81499339540064464	-0.36365002322342155
55.998872325545271	0.80869843584918955	-1.4656773792477618
57.05290457599299	-0.59861256176490085	0.67335900295807327
56.739451077311664	0.41875557863537427	0.23531122591359582
57.201676095782815	-0.085487828500920529	-0.73120621360305527
56.297824811530297	-0.96818670620714042	-0.31587647841969291
56.292742633412416	-0.15707255012842844	1.4709408998049531
56.959865512107882	-0.7568383131264822	0.19054570621424435
56.89188625689571	-0.77772102421120526	0.35537358671984026
56.178801525641681	-0.52391121657427631	-0.52562452060786047
56.385787885699891	-0.28362436044463268	1.0187390174548991
55.506893557525594	-0.12813783360234252	0.78299487015910874
55.602397232826625	-0.69185328388659961	-1.0620950090558217
57.130219270476807	0.96015394435237911	0.20449521991318326
55.994120909994713	0.04685110306251291	0.97904473215471743
57.258077712678435	0.7786908453149165	-0.79078638527660505
56.527827743324416	0.5966095781527091	-0.66852050009997177
56.007796765577773	-0.59809373750762707	0.47497187353922837
56.802599510394444	-1.283976185973615	0.16117198669740354
55.902847408838866	-0.71734882987676751	-1.1150301724183527
56.016967563884513	-0.67625708916819416	-0.23265228462769222
56.629847922414733	-0.75600079451908531	-1.5665518549882724
57.038269025972788	-0.77058096271115373	-0.37624604825904689
56.886201027673913	-1.3907067513388853	0.15847827716166318
56.674221847384771	-0.77650584075887619	-0.39020961537360521
56.707024401116989	-0.69708725793594339	-0.030844333147353513
56.299162735447943	-0.56707693270445836	-0.53660191379252131
56.493453544830395	-0.088776119479193435	0.98772817536316471
55.746199183214074	0.78006864701563827	-0.46713017391835826
55.408558995749743	-0.96237527264144385	-0.039606294966980544
55.993704184197753	-0.8159616259429967	-0.93817592614389622
55.929096928978403	0.52140698829788013	-0.82414812952112537
56.046362648754588	0.64060575401131248	-0.85508376923703211
57.079072061363462	0.52103344908573934	-0.83185427334934192
56.95228451982377	0.46450348395230207	-0.843646931197788
57.175265834390771	0.83449211049935301	-0.1542279988141026
56.860873936018187	0.91922646206198366	0.14934928957833951
55.600917363816087	-0.12410571504432492	0.84257599353203727
56.988300362904852	-0.53524432583966242	-1.0466599288418883
57.355605003289369	-0.074458039301646406	1.265802413111031
56.640762247180852	-0.5980263412654373	0.96622444573150312
56.685152090585419	0.56229710752985673	-0.77335127136479942
56.403896701612076	-0.97560445845471155	-0.41803232334369156
55.457669903938765	0.39990844291145999	-0.93891323980619545
55.446651515663454	0.35114342340168392	0.84881530806153183
55.587347033796796	-1.029529438564952	0.60351082184407789
57.052481405726674	-0.18443680029591827	1.0769521240935611
56.242369618733491	-0.12685259331230536	0.85126428008077926
56.331750551177436	0.68302892081464106	-1.2610453651293438
57.24186005089269	-0.93064871101099789	-0.057956233535802877
56.415414533151456	-0.63479181147358887	0.29683731272077629
55.812182102648556	-0.35285290633721117	-0.68048361045427241
55.863396686373484	-0.66250002590293555	0.68721514954053209
57.11778654901866	-0.62107856471808753	0.33885701459745005
57.235795973678037	-0.5764746359492674	0.62214467236896831
56.882183531583003	-0.98290248698146698	-0.17323184693055532
56.627511533482057	0.017775325101614572	-1.1705783032690142
56.429413245711203	0.29446905535920909	-0.93022227267801716
56.667928414562866	-0.37576936751340717	0.4378139047889319
57.136946072523031	0.53747407509126299	-0.50656193452522091
56.243950956100505	-0.64160957477516234	0.51277198974284666
55.539759142576649	0.92264915732076402	-1.0822907612402708
55.810475108219087	0.12580394850850329	-1.0004061659288512
55.696943019650014	0.93667941512062414	0.13744648722431896
56.809409642800752	-0.36768489573769808	-0.62638457039575501
57.128385298874825	0.87976870203198643	-0.47466692804527144
56.09153360820325	-1.0233691877945492	0.29887295534328323
56.618639409065338	-0.43287718563528105	-0.93911872848447908
56.815325667011791	-0.42765077834073006	-0.78067891634758357
55.783238857959802	-0.81310213987158453	-0.4944682765695359
57.157458578475442	-0.70377673150964104	0.33337053663602761
57.050800097451017	1.0778216666880422	-0.26609699720113705
57.355267324046807	-1.0029316235777066	-0.20798405968520686
55.693958789341146	-0.021821209435050812	-1.7932130265791077
57.216691475021094	0.51632262190199696	-0.61512926467214946
56.833182484204194	-0.89382912050983132	0.99601913345327286
55.587339545204557	-0.14397968585642779	-1.0341526083025836
56.298461588143397	-1.4367317514390494	0.65904646623343133
56.150604605748924	-0.79147318969585745	-0.361661064487315
56.330628322366088	0.72672672942579186	0.66935211822627971
55.519855343846423	-0.29407163619606952	1.1871767101716426
55.938407625496808	0.89898063970904329	-0.63461392324874433
55.444483787104573	-0.0092463945104252453	-0.073003480149076524
55.634883448226979	0.64461911325980292	-0.71019677810569481
57.180324324008332	-0.65510453104428346	0.70072272149872306
57.366866389066672	-0.50033429847746158	-0.41309436487108636
56.613628406905413	0.32579819768667995	-0.60117997103527465
56.972482126565779	1.1690418717444488	-0.59121898341672108
56.643028461325251	-0.014177705738376198	-1.3847134393704441
55.757664425652287	-0.71237016302819867	-0.59451200031816187
55.494735877434266	-1.0178070591768833	0.16916054456088625
55.659429661007017	-0.60418111573232391	-1.0241662784718089
57.358398765647117	-0.46593179583828909	-0.44591370607380609
56.324794162779249	0.51894912212891853	0.60125411204622836
57.102794791214286	1.1985336783236489	-0.2108145038672006
56.987169394350737	-0.38408938039714302	0.98953367501091749
56.337359622942152	-0.87793373399654129	0.19558721802458084
55.605666147479717	0.16407487873199381	-1.95143236076022
56.855115039272697	-0.57662755752350481	-0.50864728733533049
56.037250450817382	-0.036368780729955134	-0.95833599211949638
56.449961459319404	0.087360843921484369	-1.3822665215231349
57.354785661081493	0.61602111146290384	0.54554435423831305
55.790948263978429	1.0583374215193571	0.8729119950236196
56.864168580489618	-0.56314133092051799	-0.79394111001590884
56.01886582406344	0.60360843443231227	-0.64716547742754527
56.663002676959685	0.10946360301237772	0.96153644164095942
56.661753322641317	0.26683474519765699	-0.90667908580976975
55.718895351076419	0.5307928167870325	-1.1021678107985142
57.329171359513133	0.84417961364432537	-0.18627845583395214
57.37232916737716	-1.2376072497959452	-0.81500574424891914
56.57643948891927	-0.091249611194334793	0.99627787229821474
57.039249093465301	1.1576443066593591	-0.30206254373657138
56.654957399177889	-0.37966992088374374	-1.1570561503639931
56.005279734904171	-0.83216155867584507	0.35640870943781638
56.016408399107171	0.49875294946329241	-0.44096948988694318
56.423052347433362	-1.039704302657013	0.50210870280423847
56.79207836800164	-0.94150082650698419	0.23215935287853975
55.364554183856569	0.09608141345209234	-1.1774821008296485
55.772949850087116	0.55018799263399276	-1.6125292511486542
56.827130890337124	0.8550482556358141	-0.0065959313542616072
55.576575073475155	-1.041112458468872	-0.84198515708160571
57.279093342675644	-0.42921198533330501	-0.61435440323026913
56.331072496321994	0.49044300496068627	-1.0487203178773552
56.479612621271059	-1.3603087775669773	-1.6891776204616689
57.194978418579993	-0.25270788981989706	0.49397961268356028
56.191307075044655	0.79872990744971528	0.98125497426909702
57.302693685943829	0.91275042478420476	0.66715991575500333
55.689628301467422	-0.35969886766504611	-0.95198332761562454
56.591165723902591	0.77678573547028762	-0.57424212167158761
56.325631904645633	0.39475550954279465	-0.61332330378694255
56.953637568653704	1.0115722726552281	-0.61720412765367627
56.658491774319813	-1.0497297547032776	-0.53961371553610149
56.608623984376166	0.2212173670828595	1.1427926358226379
57.03685517640249	1.5453159643796484	-0.3272772751100318
57.149350411092847	1.040451261162513	-0.60405242765087697
56.951538667033972	-0.40306249612964512	0.76349702803462638
55.770045223469758	-1.5031556597677496	-0.27172392044017857
56.029330434215559	-1.4080292723104288	0.31119941455808031
57.115598042791	0.16015806792454315	0.72255439522335352
56.201556608983857	-0.36051383289863526	0.58656743088167618
55.471086674502651	-0.68956041618394948	-0.35320603847605309
55.748156870547525	0.51580668186751444	0.52570961447631315
56.760281277313389	0.12522142701266728	-1.4034285244514906
56.348763165174503	-0.47228355608350564	-0.75192149965070754
55.607214843646027	-0.66191401354682999	-0.6459715999021074
57.041243452985334	-0.67933135687428658	-0.79580058846621682
55.742229505528115	0.91301012876496335	0.76185104695500283
55.990515525907533	-0.20032772140197011	1.1101065802250707
56.768137451814198	-0.27867897695347366	0.95416291313436719
56.260915085143317	1.1185102741231323	-0.016865098214751316
56.79949506247074	1.0860610666494785	0.23536414538351733
56.377926381669802	-0.98311975863336121	0.37473894947612063
56.847123274274644	-0.47926888922652211	1.6901214670638078
56.003158913082977	-0.73242005764199003	-1.0469523689886613
56.797257621605304	0.4574490008237091	0.57233068002752541
57.310786161514322	-0.95343052574536213	-0.78141911395331698
56.086561684981433	0.75045753856659436	0.87154801898629775
56.471170895712731	0.76090149837064258	0.66966437075676943
56.153080953960945	-2.0018809469224887	-0.88085943790306009
56.119591485397827	-1.3505169271423967	-0.23558283997192031
56.606449880892121	-0.28576110668171661	-1.1459294929917747
55.510228154653568	0.83117197361774142	-0.053824114716715755
56.89420790408488	-0.00054000969807387544	-0.98054190352921722
56.606574173163473	0.8856461609277646	-0.98805751291886967
56.663034663061701	-0.23448218791354281	0.77489185131749216
57.367489341410938	1.0558718713644317	0.58640080320365551
56.089815479022931	0.35572242372586266	-0.34433444847607442
56.264807858310384	0.32153534840699866	0.8933000207639894
56.348091230257083	0.52246473823232875	-1.1260850592869212
37.679678340714645	3.6830742250239226	9.0696608669777987
56.87683781124715	-1.0623670333459154	-0.28055627304991543
56.785455359427118	-1.0497188493691534	0.34789457038321647
56.391056104370691	1.2129538842123133	0.057306484963760153
56.931195086218402	0.036291515522094336	-1.4164785992042501
56.393833983145036	0.47110483934070368	-0.60239407927237465
55.896769692361083	0.067222263703984236	-0.89843334401272479
56.043699725326661	1.2112843070839086	-0.4263787166483668
56.699920542178035	-0.47169838591493185	-0.12866947451642263
56.076642329214835	0.43674937958581833	0.7301978214893331
55.871895873737465	-0.54615834567283306	0.99666682775478543
56.673827643805062	0.0013822569723013634	1.0170865035268719
55.394426539693008	0.67789255223460565	-0.36763311410780336
55.692596288625104	1.4828300333810107	0.043253692565678729
56.809460058190915	-0.49043710888913222	0.51816656523376881
56.555556329020575	-0.96999907308554267	0.73003945444776197
56.966386419941642	-0.084111212578711153	1.0866144395289661
56.972407544455614	-0.61020227883483424	0.68512786453903696
56.558982806651507	0.023290343729429723	1.0427644644041443
57.311446313804744	-0.89231161835690753	-0.091628548967371271
56.987595545048059	0.68284349232631758	0.43472924797414336
57.131087977805898	0.33232240808727065	0.59698663268917673
56.646542154379553	1.1679653334751374	-0.048375640395608391
55.519474804968205	-1.1738844933101051	-0.43603486132958985
56.467554007373543	-0.13415836672902076	0.76280695297459666
56.903638152233995	0.098198791328308263	1.1500458122225323
56.369648965436838	-1.0018015943956757	0.65821004729432897
56.951429851384717	1.4414861603605231	-0.10809645238223135
55.929528250297935	0.37669919132565932	0.15798085009749896
55.798411551941655	-0.64303147961429796	0.74606560822730361
55.926983724496246	0.76310962958967843	0.27145716360439315
57.125137483157793	0.79034606681683872	0.97934129932391878
56.568194416988355	0.096583493900073342	-1.1328459808014442
56.817809477569682	-0.11203565724318405	-1.2233484010747542
56.377208550588733	0.84980782876675864	0.33704877296240388
56.881509389752175	-1.1678212573247082	0.47215688366129527
56.303063835442565	0.78268325959503326	0.80861051626766756
55.561598697848936	0.61663255436321995	-0.4396523907077326
56.800260741386047	-0.87244420943951162	0.50226998584120819
56.965237329553112	0.7600591006415095	0.71132376539496511
55.921533152076414	-0.96552519176251406	0.33658521444746919
56.804888512077042	0.97697209353706893	-0.082932562175704175
55.974174391108697	-0.58158261876598771	0.738530132349275
57.217580149427739	-0.58609367861844797	-0.54173596888968467
56.818507044428081	0.80011832899491342	0.22736158582367527
57.012192410453899	-0.73633100512745342	-0.5570651790327511
56.200333539626541	-0.77774918833379836	0.45656440408642041
56.22711058500704	-0.95384934723453951	0.82979765050019816
57.03537674698498	-0.66049741875729717	0.74002169952298646
56.874438573264634	-0.57497201287787558	0.83211995540954886
56.028816380419563	-0.50318881034126894	0.93837688505675632
56.616869267359377	0.38258749361643501	0.82177997220691446
55.486959805357053	-0.51334688432787479	-0.07483147547680144
56.221901551958574	-0.09762714412493316	0.94579762782829668
55.885856674874475	0.10956011813706353	-1.2279732219839856
56.018730095687459	1.2657712886507524	0.49136217449183434
56.365635911035717	-0.91056717255914243	-0.8041702986159126
56.518990681026025	1.1195757237771318	-0.30112625648002989
56.410806888950617	0.28432636499729774	1.1454068627458005
56.246216745782917	1.0738627008473138	0.43429877568222403
55.58630358812696	-0.53590104127853366	-0.68881363265040907
57.033328484859076	0.33627726475643305	-0.86480855513626165
56.852507690926551	0.33318783404036145	-1.9756313073548373
57.116233744665386	-0.21361329816548413	-0.67242443344395053
57.263319245480126	0.86431237115284398	-0.97256511983652849
56.922053031657121	-0.27727959021606491	1.1005664633500882
56.752258943505367	-1.0917515786710938	0.011352782007541657
56.819661689062897	0.31910207596373563	0.93817736861984913
55.579340287509083	0.89711489736625982	0.70336116695425976
57.251512019667871	-1.2344386116470401	-0.59704694702254557
56.183054680629397	-0.82177865585732002	-0.77944081350652894
56.352977914528104	-0.80842136685606902	0.10557336367016398
56.21503137551688	-0.41811362606314606	-0.26298020605185174
56.458666610746697	0.06812509462066979	-1.1782411587653285
57.003670347724807	-0.66120801371455307	-0.0089741235231733749
57.313051216190509	-0.51853820790877347	0.77588127296203901
56.16060345233111	-0.30644412638475071	-0.43747108092749282
55.589884690950079	-0.056894611105029323	-0.48542085845595345
56.582956117062643	-0.75690152675620148	0.73438077708651506
56.044058109921032	-0.053929937303769167	0.58573996954057994
55.987726769135406	0.60748460316319841	-0.47537068013231915
56.900885677654884	0.65196312181806992	0.51043640255091105
56.854998096751125	-0.82349210347037283	0.50313479441929676
57.20581007612472	-0.71080592553292765	0.65619250616603852
55.766841152702199	1.2981405801295383	-0.57308710620610925
56.948398196271327	0.34863241787965443	-0.53451270160220687
56.797300970140888	0.66163318346708533	-0.43848499201179919
56.267387029796609	0.13794956348784126	-1.4070556054980632
55.590118709794218	0.62018314144244568	1.4747083778320156
56.020782166699021	0.98027257413254953	0.0027391321338602931
57.448264147710759	0.9312581598130889	-0.15596966101510668
56.28441516686545	-0.83846565251001814	-0.01270718247616639
56.139664481845749	0.061078037855205387	0.53821980836002448
56.622588382635385	0.98675763264392768	-0.50687453353381795
56.544186423531308	-0.3609457192443592	1.0824923907849953
57.131164172747965	1.1934856703335861	0.29775351641719283
56.757646435968745	-0.7178288209153395	1.02827107776321
55.588140092414541	0.96113411758293854	0.31304196449580901
56.466916547404061	-0.1225335185315717	-0.87637462033198665
56.186223840304159	0.48110533916493475	-0.73465055901964416
56.057138971163468	1.1134464846793781	0.61446873297512006
56.827427298745469	0.8254177740713754	0.015202633562444216
55.475343307565261	1.2673595986281743	-0.53064643776372034
55.476111484910582	-1.0258211162965589	-0.057914378034553342
56.804032042138438	-0.45552169449728608	1.2401061650475576
56.376203602669143	-0.54818647155279854	0.18866231804387121
55.399483749550406	1.1216143038202011	0.57015808744862562
55.925553396147535	0.50356658554190781	-0.35325606457965442
56.144490960623934	0.81920282281319057	0.40844190226005989
57.346876974898429	0.90530651968529308	-0.63396464189459889
56.695221089904955	-0.51255293679563863	-0.98778252218664386
55.78315503147298	0.67318304214649494	-0.70830594309799433
55.922597028424583	1.4403460559077537	-0.87498121997331701
56.191081781329338	0.97023321801577656	-0.01041537867853674
57.172039614309583	-0.0070964558849793405	0.33059412146297806
57.255286923719957	-1.2034681860455321	0.036382536549210906
56.051711608041465	0.62246503621995641	1.9002343494877016
56.399147056412787	0.4788880975363729	-1.3100900974775804
55.471352833106764	0.55346516555648839	-3.0568551299455509
55.494725285296148	1.2845125877206889	0.43473023329823485
56.475626065977828	0.29077633778186152	-0.66527029857931952
56.051076087249527	0.21313935976592657	1.0644434149912145
56.703313161011394	-0.2519928995807143	-1.1829374805286081
55.383020474207107	-0.85788734681339507	-0.16023887109204454
55.672828566677794	1.0415930600372825	0.1127424601487351
56.08361067533459	-0.84568033448622748	-0.83801287214915665
57.241399599583112	0.54141902575166279	-0.99879420001149055
56.433488000878299	1.0056628131825136	0.31360476220616557
56.662584137321062	-0.33057992964581301	-0.88451276316645677
57.269453228170363	-0.89606714585263225	-0.13401305397438243
56.568217898882914	-0.44464161774031818	0.95610366946231651
55.888848743740382	0.16797785442447155	0.70298576172080429
57.16637258947668	1.4583155777695063	-0.34762137136195742
55.738481588632361	0.76712569540382647	-0.66244316045569951
56.548403452651044	0.28488988561319867	0.75538168783589532
55.920909044174536	-0.73203901622622702	-0.41278903346384305
56.162189384302877	0.097419702962428648	0.94239577648154627
56.219179650694691	-1.1914549496715332	0.61065450330883608
56.997247507758978	-1.2026346559066121	-0.021515216956187369
57.265521605059327	-0.13413655961139151	-0.87494291333467777
56.699141935225541	0.71508346861360461	1.1128703628634584
56.779250271802177	-0.6351694536696898	0.80849776249967276
55.639938357552069	0.34988595936384798	-1.1026373785288945
56.797636773311808	-0.73990790311420451	-0.21696346637585473
56.248951147115584	-0.46312826438908106	1.1694357826843789
57.071057962564936	1.145652763166459	0.28401118773281431
55.832669258310318	-0.028786070237430603	1.0579491384852651
56.993534010977747	0.16286098650146755	0.31371610688361562
56.746603818010392	0.60246035633837558	-0.32513489678883151
56.349861971390283	0.72879067510128837	0.41152876389323445
55.370902044700827	0.28139243205971087	1.1195904377245172
56.948124068779386	0.8255205805444249	1.171634529042288
56.796761692507118	0.52407968020578066	0.31910776072868885
56.091316920513108	-1.3004952910846435	0.57938480570677831
55.59354324650797	0.54252840953493497	0.74227748184927267
56.724849515827742	-1.1520558567936292	0.53147273691882391
56.305811196197801	-0.96142271657383027	-0.57442793750021692
56.591487867647594	-0.40356756564021612	0.9199914367916282
56.744932786199037	0.76359565747716895	-0.78189639229280605
56.302868006230874	-0.62339644007968764	0.85806017391741485
56.80170403191859	-0.98518598938573199	0.70519498805839964
56.104888188886527	-0.97934199566571023	-0.30212519877212629
56.702399526803767	-0.36192245652517996	-0.82205672381325334
56.460277134604318	-1.0929551949547669	-0.5121356014832571
55.415177653425083	1.0682648324741508	-0.64388328976096565
57.032797693473313	-0.95303341116265528	-0.36803096274340868
55.587559858320262	-0.56329511697774559	-0.83214836476512533
55.981653212017747	0.90430399705501896	-0.67556122515905814
55.516094891574603	0.16816306433355599	1.1567011702405914
57.210864524391575	0.92477125744288369	-0.52259269508971962
56.846957816929859	-1.1265519062902312	-0.079873218114481975
57.289765404234167	0.91376620090200267	0.073103802592467751
55.67116879799277	0.22801834743776606	0.42878251516959509
56.538927427770432	-0.55721353388946959	-0.94363603364418713
56.20509895844976	-0.63602726478452198	0.46429617173649096
57.377502590710719	0.35006979785332804	-0.94797989687936779
55.483269654246008	-0.87527362650072882	0.56382819519290006
56.199403654181765	1.0656956799539077	-0.27963884323258698
57.051694293718604	-1.2372078603623688	-0.38763262006869148
56.770985682544861	0.026134359685403893	-0.94316668523804537
55.453686749538704	-0.44780679259534778	0.57329322470202682
55.976990835508644	0.98231666090254777	-0.68027115224501145
56.585785413064933	1.0306424119812403	0.93729570177017707
56.135959992523517	0.82009200744330546	-0.38512682029301643
56.123194928592802	-0.076125028234492589	1.2521492215353005
56.130017187515236	0.085744222847320778	0.8438270235252594
56.906829222274702	0.78906531431520377	-0.23201896567710725
56.856246553815062	1.0034299574309327	-0.16149191286844147
55.813906481975636	0.17048233815427505	-0.95303862749801549
56.209891006537141	1.2035818298941359	-0.15273646097469648
56.744507665089579	-0.87791482203860927	0.12698243865585074
56.765724534888207	-0.83156015617747503	0.2836489480953186
55.822656398018573	1.1236405341780482	0.0090518982126151903
55.436961875913035	0.4196899169295471	-1.1960037206074741
55.876181574338219	0.66041016725917279	0.11487411737070874
55.578627235545603	-0.84681160528325794	0.076217938704289168
55.515219953313327	-0.61287498617082492	0.12677482801025808
56.258039259384269	0.40549210977425559	-0.73322031495987383
56.281226532551415	-0.19105637450803339	0.92029576943859226
56.646423536799809	-1.3941185277185508	-0.019811880982147756
55.634943812051795	-0.32067986225356482	-0.7782677841840312
55.748694474749144	-0.38511749979443699	-0.64146780746519949
55.850527409693662	-0.24297257611294232	0.89419875500062751
56.374661652681802	-0.40305445508980414	0.54987143060067101
55.646734923256858	-1.164348279046695	-0.10252646991503155
56.074692290442961	1.0919544964433603	0.084598438346849159
56.773245741322192	-0.801181533048959	-0.15369589518915983
57.166737793605897	0.099607070619343083	-0.99695334321962148
56.992186875580224	-0.65215223102465547	1.2500945001639117
56.146027137498152	-0.47857927673215794	0.79604478202596873
56.00818464891892	-0.13297220378944247	1.127867150996603
56.522607780038925	-1.2349534287996757	0.15879378363600416
57.080499576797301	-1.0467484239368174	-0.50612343118583514
56.43688759176878	0.77415213555538553	-0.32360502380412592
55.725372190499982	-0.012391983858843554	-0.72496138324123449
56.228140442743531	-0.33983392520511085	1.2255280054170934
56.872904892989006	0.46981507545415896	-0.74692048125033395
56.969502460862174	-0.50914456755610193	-0.94516607976759626
56.19602114809836	-0.17240387908466745	1.2434695445970405
55.780266958789753	0.63177497475186029	0.51115644712931207
56.850015244972354	1.1815308696414679	-0.0071486697811977426
55.843288204528506	0.10045179430276799	-0.74206322586789242
55.453747032574832	0.38997994479050258	0.49722169313823089
56.44078660049761	-0.25753139689663096	0.66048828883765842
55.799863901402269	0.68488383261893149	0.014863167634595822
32.942576673457339	-4.9581256072551305	7.5674834514673455
56.489916574100846	0.0014506969456949432	0.82474061850446301
55.738386504211185	1.1514210917487355	0.32658920010780612
56.145251104317197	0.86133519407673154	0.25102762498651365
57.492937751478756	0.96962261376086623	-0.54273768351182272
57.213034151626417	-0.76990323694105056	0.04752537026480614
57.058976288734222	0.099026224994548523	0.90990781920697694
56.577121813187709	1.2510170318279861	0.12248302109719408
55.685727349823559	-0.53414596360288347	0.7081432356438554
56.857884331042158	1.196618526052629	0.096309120140338184
57.108451725609676	0.58252610621104661	-0.79753183288057561
56.832010406854728	-0.60810380211705506	0.70315926134211648
55.586750992444792	0.2829854431501071	0.92540807493173927
56.91988817939076	-0.25012281658542768	0.82005574367890344
55.689967731044405	0.32254724250165057	0.77804980219221886
56.653138777086241	1.1324026571839376	0.064969663279013684
57.298333974850415	-0.12205700703011076	-0.88082455422066264
56.194658697304746	-0.61894951628638772	0.73611708547915711
55.622464489938608	-0.50203017387970883	0.58719667731063285
55.732102753379735	-0.7871495663441519	-0.68705550742724919
57.110239328331311	-0.83177373624536066	0.6346669266452849
56.315150788461082	-1.0012729963462914	-0.65006399796795666
57.178401994882947	0.75495228161256789	-0.59451787634218933
56.272923839462834	-0.64546480681116336	0.51620944686337444
55.515603948985145	-0.38674367226691442	0.62717845851822029
57.230821270268294	-0.67470531761646313	0.13106573091650217
56.424110512597274	-0.015139365821317436	-0.80741324726042818
55.712393053926981	-0.53937857093695629	-0.8624862525380832
56.538726481997003	0.026234261304861638	1.1441168950337703
57.374870223058146	-0.17175928478480693	1.040153018382278
56.417099145572607	0.97151353470906454	-0.55404408692754348
55.832364706234493	0.37490298580868253	-0.97177701198387378
56.012874152230459	-0.94766620598858409	0.027461342833834328
56.204266540400056	-0.23668860667855077	0.74751714191730134
55.833869183373594	-1.1812024274257111	0.14404271110565331
57.08626915718667	0.37909323187925653	0.18082524468441696
56.165170132497948	-1.2517236817444772	0.33431033993366288
56.192595488661901	1.1912562324172864	0.12403489974106384
57.063635530300935	-0.73995856071111421	-0.11898174972394943
55.98567462990124	0.62283092594215306	0.26287506271437017
56.30124956055397	1.075531704856848	-0.13339668713260938
56.558107090723666	-1.0347248261956752	-0.074734128729366592
55.857146967080681	-1.5287747131897786	-1.0263319452944599
56.730447446493528	0.10094417517069845	-1.2374656901280967
57.029341192877766	-1.2495044863056679	-0.27231683044975136
56.702135596600066	0.2308853726660498	1.1252219100912588
56.650306600772446	-0.8539488720963393	-0.34646996680630099
56.534375515591911	-0.017945506602901558	0.69560256252128094
56.69296474630324	0.84673622559031803	0.5484778716222859
57.371889513928821	0.70535482429799945	0.66712329715590613
57.265394837417112	0.83527136233471133	-0.06772375826595653
56.972906515988555	0.75944266343232247	-0.12852374512375617
56.659396147662427	-0.68906565782950058	0.27114594786940827
55.907915364252183	1.1827272731650875	-0.30870440513138819
55.406943424787308	-0.5932563137790573	1.0997396676162827
55.753127082019944	0.78269020208873474	0.88171070528121542
56.403580381595347	-0.6591297105052113	0.32032548249822318
55.856311091061016	-0.0083256560491599754	-0.91085861611256846
55.977842049004195	-0.61320641029824352	-0.96277473583685136
55.758725505436189	-0.92374080552217752	0.84653606957571359
57.129120452860768	0.66575802894250924	-0.14196096318395307
56.09062063445711	-1.2310224450400167	-0.43832900518721829
56.107723237863887	1.0412350826655961	-0.48427055693314641
56.27315094857552	-0.85835251594070805	0.1632280390904888
56.686441024106806	0.97931132744246485	0.099816236656398494
56.905848865878994	-1.0453937100836601	0.38415634299859203
56.046075053908595	-0.0037557049904855069	1.1312509604927947
55.568932778379164	-0.85569905053883655	-0.75678558788122574
56.006085622200914	-0.9637899970376862	0.2505105869263895
57.230852196076917	-0.17586603701400066	-0.94466027589543933
56.521986781405836	-0.50560731007648485	-0.34762490474183505
55.846574714788858	-1.0079105149057899	-1.0685984595003062
56.114442486780774	0.35927926732750937	1.3845465078900816
56.888217227166528	-0.064792989177554383	0.72040482211286283
57.006260680711748	0.99822789473718843	0.32016083036283449
56.468071785315836	0.38896952499576387	-0.51562935990058978
55.935210202694336	0.55992687378101014	1.3303591147845961
56.299269333360954	0.88171821485026036	0.3906208289981084
57.004802579822417	1.0641147638002697	-0.29389919395759484
55.359722915229788	-1.3040612162588436	-0.23436473145177433
56.901221501346662	0.70434860377689334	0.26443943034928302
56.221824753742617	-0.81250839344400416	0.066609496432919579
56.929191722840493	-0.11173443916788363	-0.86503034127084355
56.141681050218722	-0.35929464143260093	0.79516607166134146
55.873936636581064	0.90450472783702462	-0.46233960623030407
56.844962298068644	0.80187757266333737	-0.8893256035362378
56.267474757774941	0.53501333503044202	0.65540130725016088
55.60558525368603	-0.1473271855315989	-1.401265783759073
56.374393261352388	-0.087990129178376772	-1.1072463682244051
57.364889313491759	-0.52047692065074891	0.99343590140033944
56.972389443232188	0.23342471861932237	0.80591712806624682
56.783831413390367	0.83540894715949643	-0.4965030137929991
55.776667356284776	-0.34855442558129895	0.91979218757982828
56.023659936092251	-0.00043991641277601155	0.59115184948049471
56.323415978249052	-0.44312462507117939	-0.96912244233870759
56.111831908540587	-0.69515397595495521	-0.74467289614689935
56.345517309137257	-0.66440068859639079	-0.68635105939351304
55.898676147442828	-1.2395179101739666	0.80331785070935913
55.942843205325808	0.6391391641628732	0.83933115564089711
56.109756245968953	-0.39959204086958816	-0.055168973359408145
56.320851655067486	-0.10376835103097656	-0.5291619505513121
56.380549533681901	-0.81745216656322428	0.76749234876256534
56.59260099766847	-0.49656963293356948	0.57168840002348864
56.358437201970155	1.7061942464246	0.75376738697838075
56.775268582481118	0.4390726253807315	1.0863888939559843
56.415710450754595	-0.35693007583679343	1.1303930763845582
57.028989635451509	-0.27139968495303535	0.67125303086918753
55.769416585330355	0.70451426489421354	-0.32087009844855457
57.177039972565311	0.12047205482027114	1.0373483689006926
56.717920091441094	-0.18533984423416669	1.3876745100600276
57.079916595817892	0.25814408534600197	-0.96096215482328995
56.664010017238347	-0.45449390783538662	0.5681065539580239
57.258665968383063	-0.72929527541643591	0.18871573813611917
56.159463910757658	-0.76808518418173044	-0.57188445783049513
56.680745120224906	-0.30216925402981898	-0.43320003539776297
55.945856440758021	0.43300405202050374	-0.84851480882041841
56.251982353848774	0.18876315333820906	-1.3319026490232924
57.401212374174889	-0.14916805528999144	-0.91137320974103309
57.151884939941816	1.1550633968388784	0.043937582050181598
55.788150176954765	-0.32823895168887518	1.0524865897944462
56.536873009518288	1.4361848918487139	-0.54396708886241885
55.556591667806153	-0.62937823108497859	0.49375073371419165
56.105410304450551	-0.13191726586297386	0.88267307350368984
57.107040733177946	-0.48576936031223489	-0.06779474614726666
55.858783909694417	-0.74980378325081709	-0.71050284955997156
55.572359366329785	-0.6725763265169008	0.6962829172546473
55.749939903213566	-0.50103082393938636	-0.73596264823507096
28.046511840155564	2.9836540278009065	0.095707203199226612
55.851248781725893	0.60442562552130497	0.064978485268026437
57.166039183854551	-0.99570776613525647	0.21434380970523906
57.013080637247363	-0.78904489763793784	-0.53083774358200453
55.650188311957962	0.29397244483290569	-1.2715631295280916
56.263669720766906	-0.68658903978552455	-0.50540705432306599
57.102421899505757	0.78233590054867075	-0.41313577634783571
56.113097752618167	-0.60992465305007204	0.82448111418281067
56.718482544885077	-0.18526112597769695	1.4345874437009387
56.465607347732728	-0.73683983642508633	-0.61910654182252556
57.09259517316962	0.25499176440113008	0.8830734607276195
57.168067939532499	0.77172076038327797	-0.068715705056882403
57.086637766199836	1.1975353542775595	-0.94430322588593552
55.999000058758895	-0.92615131726074984	0.36680261791130364
56.11736628555478	-1.00288128232992	0.36259171752608388
55.607023924980837	-1.0848928400372368	0.44007622693484438
55.973308750340586	-0.95288503814664982	-0.65931532716523922
56.383945278713213	0.95422690229046936	-0.63627465275232364
55.78768822454289	-0.63710052078813106	-0.48424352108514579
57.046779827427457	0.67074334279718872	-0.56669788784422959
56.208940129495801	-0.71238560729648726	-0.83612249368300973
56.500027900442625	0.88025826878065083	0.39529744032159103
55.945631512155494	0.55249237993910383	0.98615860311174586
56.376139861071884	-0.75472120296625556	0.48147268934114273
56.890991947229324	0.12859221987665351	0.72692098207005096
56.14882028458873	-0.86333800353456858	0.31848775477691899
55.718792270060682	-0.032794757324384097	-1.07987644468329
55.471011589349736	0.16789894882751155	1.1020980984996427
56.619452445977572	0.36398572078889585	-1.1010680993810555
55.609055917558955	0.030780078544081015	1.2454994723496935
55.917400748629248	0.21917376355280246	0.7293229148644178
56.438374553849179	0.1687345577342145	0.88258553972621057
56.086586910796669	0.84636447764483091	0.44696224946020491
57.123833485889335	-0.326038251788214	-1.0927122539561365
57.066791734198844	-0.69408877228873056	1.1165081682794629
57.443183781019087	0.62981080533441514	-0.75153994848338712
56.552674044633527	-1.1817563498778092	-0.097122062323606997
56.293808673779289	0.56786323976313802	0.75574860464288618
56.413948768093086	-0.2063567391343368	0.76165872498628107
55.654354499247169	-0.69810036244910889	0.43374868952698392
56.86850659472772	0.96923624348883397	0.54902025058589754
57.332608241532732	-0.92312061839776782	-0.31963597191253024
55.766634820596927	-0.24195531045612453	-0.77481199820054814
56.531867280268557	0.41328666800813896	0.93891958318951629
56.982781803171903	-0.86794453061792298	0.97221380948032321
55.770792325029518	-0.99264874466109254	-0.3866701991469485
55.827117959633426	1.2051494021155436	0.60665550833306037
56.68200565603555	-0.54850927231410029	0.9479348666112839
56.523889763493521	-0.53872799343855637	-0.38299389768234249
57.203804038385933	-0.32325397284616109	-0.84315396119558172
56.821792854091754	0.34528402848966794	-0.42773036663525338
56.07465043948207	1.1148402045028638	0.62603475572970801
57.091434148552153	0.70609640564056797	0.70018363290812757
55.646874246449187	1.0339204378619222	-1.0044765024410987
55.801080629155003	1.0000689383065047	0.27492078712001106
56.845377335171158	-0.61626760458238716	-0.31176947755164519
56.044476714719288	-1.0793522380203269	-0.63651571444008981
56.521160104713672	-0.1122186468145587	0.47453360572687125
55.79979005244747	0.42125908799926709	0.91990939361206758
56.612228430135772	0.51383603306699988	-0.97242132806278814
56.758940565161758	-0.58051079379969195	0.63005260044104705
57.321130104707827	-0.93044442911814251	1.0021238907113528
56.128753043486348	-0.45239735842180628	-0.61246911944654692
56.620006710972206	-0.1501395970474802	-0.82394232543357604
56.46187114836161	0.40186806434012629	1.2124053375280337
56.599008087253594	-0.55364355645800001	0.9747836789950618
56.386004206414839	0.64413896823312788	-1.0599597459253023
56.312670818793791	0.75700530788812337	-0.61721479829389192
55.975998569992207	-0.65061967128031439	0.71803466163811347
56.095035404548256	-0.044975713459405799	1.0621481392269305
57.232632460344739	0.98745716956746465	-0.26931106670111926
56.04460614177146	0.76829008622662087	0.54346559616744972
56.672535537298316	-0.97210625237489845	0.37170600580911212
57.244799703953504	0.16329783769538209	-1.2227389708803396
56.075907597748937	-1.0407961442259417	-0.26420158923038062
55.507260400869846	0.44736859982200039	-0.52163120538486796
56.872269307783533	0.092729044631210497	-1.286531508828862
56.943781753618538	-1.290987580858322	-0.044858984791735328
56.736205423992544	-0.49124356409831443	-1.1432947087377787
55.663332801953381	-1.2317666448527314	-1.6178790763036743
55.997060040877386	-0.71939942345156793	0.46600967764957635
57.392434987441696	0.54433204748609543	-1.0727211193187762
55.428749088500965	-0.46768798613105528	-0.097468143860806336
57.058056694396292	0.46872838875920708	0.62187095158921601
55.789378068115262	0.91325989574955568	0.4541607165218336
57.1942858217432	-1.1747369322803569	0.26979611947900028
57.047371241314941	0.8069960267506523	-0.81201040155346194
56.652404694805071	0.90288851332383158	-0.42542497717921735
56.645412658462746	-0.67257289827818056	-0.041382911022736911
56.88916606997433	-0.92800455496796797	-0.71774930362401557
55.503339996730098	1.2778433212067661	0.54373523185419159
55.830632120548806	-1.2676078472801486	0.14315729741646172
55.873686664897043	1.4492727645455361	0.56280900553267466
57.17228826079927	0.66146282633969633	-0.25187869605430935
57.218317370265218	0.42730033702545134	0.93550669896092697
56.590596668466063	-0.5450255457316836	0.48332064048578299
55.877421689292426	0.1930081895792741	-1.021272857137858
55.689599579768888	-0.92461020778871827	0.15594096541287678
55.818597576010959	-1.266761527461193	-0.085062576782121355
56.384910708237506	0.54069472844172217	0.72996256041068275
56.437801103034978	-0.56062490809857979	-0.87453256701046522
56.35746869365714	0.13938507297761674	-0.92032074604149938
56.895695958869403	0.60083244330251462	-1.8106536893261891
56.687312108859459	1.0426199824366555	-0.57283116952574875
57.181542378779106	0.025014376741466962	-1.3683460055896275
56.650359985673191	-0.17948406841193953	-0.93514540704379268
57.17057256191444	-0.48106305136750999	-0.45823299502925657
57.041379545933552	-0.93778685812194906	-0.43725855665836022
56.815110595555801	0.87832291708776822	0.040996511080813286
57.281103570783159	0.51586710022754667	0.71502202614516319
55.460949649827363	-0.69974809157192641	-0.044821981812748019
57.013624067394844	-0.32134024590945132	-1.001868978053273
55.930065669597248	-0.73151347825054924	-1.3195817499209852
55.508127770195237	-0.37729138990749411	-1.041082860313304
56.881008632715996	1.3052749582102798	1.0412703458364421
56.390815815353371	0.13771962124570244	-0.64707720785430534
57.299200341680873	-0.73279414644236418	0.89660077923517245
57.046791511225202	-0.56158106985585077	-1.2317215059634008
56.406430192796066	-0.95983079888979217	-0.3382870200157701
55.405797054038736	-0.54074523025951782	0.71600740754270464
56.031998302917636	1.2209546283960335	-0.95799850014835097
55.49786690261805	0.28835864989552135	-0.37482925667451594
57.102116564542989	-0.54213494536561035	0.66804257719214544
55.901567507197285	0.74701117264829453	-0.11206244317027594
55.811447183571062	0.92058768969396587	0.27080991012485517
56.235112283835377	0.76461742209526407	-0.24857922159970069
56.653267803215613	1.4016209466978964	0.075667263504680615
56.946043130660414	0.77020653838139486	-0.084775263655919281
56.467425469805207	-0.62468797117424013	0.86463729048630222
56.034975074504231	0.026720835052222468	-0.61605215404572777
56.084155127344687	0.90993954321442028	-0.31599826070261761
55.786112085049083	1.1482539876352975	0.059818723936459109
56.932700287956465	-1.2013287476786489	0.37000920849410379
56.430889192494291	-0.16625580659708983	-1.5533139634936495
56.456944397555802	-0.87222218287408892	-0.53906706986502306
56.517180844643427	-0.66699131664419054	-0.82718050433702106
57.425423282181377	0.31350560048847664	1.0346907939337735
55.563903990562281	-0.30056679375784667	0.47192481098496558
56.781333551567194	0.62820214218690507	-0.32810719965935403
56.619107201660086	0.28208240503573367	1.0657172364694154
55.47621632852502	-1.0329629947886436	0.83417669680759354
56.696077108741342	-0.91470699771901964	-0.23487675313352172
56.551260309214229	1.301250568350202	-0.62391052191431373
57.315519502458194	0.55885517837032028	-0.58898342967992123
56.355534952562522	0.7235046097507668	-0.0040791427973637783
55.575649826892096	0.099836298464590273	0.98287707055811568
56.762247922837538	0.66234789410842188	0.9584128902841248
56.093544296336944	0.85117013943444808	-0.68860423408885374
56.171369203126389	-0.15544722684045892	-0.64287928211027412
56.385708502864695	0.32349438657852525	0.66929079380691092
56.813808492183583	-1.2773763807851797	0.29978456743527648
56.478175328331403	-1.1842712975667216	0.30982851675615425
57.269409445437425	-0.68322300866432417	1.0934229963700151
56.138980213774822	0.41828024231612826	0.88896977614333172
56.994411667754378	0.63744982385862536	-1.1436193258736802
56.90889855297425	0.59852706187131	-0.34528984942826463
56.970613264031179	-1.0343037302693117	-0.12554753489668433
57.100754901103279	0.76960076012755274	0.24206917480172163
56.071294607212401	0.68826932990900636	-0.57731240996108968
57.252536781937671	-0.94105107178736092	0.62576255048052265
57.016982705873417	0.7761857569444367	0.22753920254647286
57.232766633130908	-0.92766478716590239	-0.31100316969364411
56.332344795150263	1.097963085759992	-0.70108714634364977
56.918080084827636	0.078298553384727909	1.0318161884402521
55.757905546337518	0.020872323863660974	-1.2449849879518229
57.406323854119833	-0.62082431869435117	0.45834797158245416
56.032721286791379	1.2287701553001451	-0.016441730933235706
55.457313774896683	0.81302292485236216	0.67771133279291429
57.130807255622543	-0.83313933277899599	0.4092551546975009
55.746923609787153	-1.0094503251887093	0.25716033123805232
57.168049757723736	0.092965976956274982	0.54591283559063186
56.717810520094815	-1.2691685986539034	-0.43303392002271968
57.151447781971754	0.082583297899245067	-0.54732670925658511
55.567705028147358	-0.3772826577461128	-1.2273055781117748
56.378179182850829	0.89260462321613876	0.48251407766141935
56.407882292616698	0.1826848108800698	-1.5076187423335479
55.661452604674167	0.66233618490533519	-0.75353635347939762
55.705146527068671	0.13465799912054693	-0.92714005473498451
55.557046679718205	1.3468700155629731	0.95215670305074906
56.358998402157603	0.78026752027469837	-1.2355813446207053
56.260412251458277	0.57457765760068202	-0.85067707995954833
56.624760252127437	-1.2577777894578157	0.9589076256602983
56.959944360103663	0.57215630159738495	0.34159952810216793
56.134324998361578	0.11364589250330938	1.4223515081679774
55.588080815544949	-1.0218640962944876	0.98108746101839639
56.872231106357944	-0.38994811758333447	-0.94049793934760051
56.147994312361497	-1.5057417361982226	0.012519048879614605
56.959502074667085	0.20536877991754848	-0.58545972487449338
55.862191576481017	0.38207934875960448	-1.1347509484318732
57.295359692083125	2.3328818838630276	-0.8122050709352463
55.87410953356239	-0.0042091604488836117	0.14173232863670049
56.514143607359102	0.87995502017275118	-0.39733201485206515
57.302329994669591	0.93442262794065556	-0.2348996730286613
57.096854382901142	-0.10182328420956817	-0.64260498361998053
55.931594995412553	-0.71585595555589954	0.88283596776518503
56.053938301242674	-0.92428132914273786	0.7714798462389042
56.771635669235543	-0.083402791407378218	-0.67364830810977594
56.401016563388374	-0.38589836032486369	1.1675878810127749
56.959162653392958	-1.0079542422056047	0.041036391244022162
55.725178167243342	0.89262350434500726	0.18308281071518381
56.256112395685932	-0.11880354003949101	-0.28665605209585959
56.665945444242112	0.59436110036405443	1.041583937815612
56.954456073388457	1.3657542836749967	0.81239486964326024
56.451833582322038	-1.3943722221486807	0.47032470410666033
57.263450216698217	0.93574749920056755	0.48569438625522288
55.964299609351578	0.77759504971128934	-0.37063268932484089
57.280417225370144	-1.240403260784245	-0.58638704922100526
56.211689274407426	-0.30651168165968484	1.2999371113343023
56.285896364736104	-0.90774793298452927	0.43765996980434929
56.206304967640683	0.10667679349924479	-1.028043417456413
56.518301703464445	-1.0298378803847619	-0.70072546696084825
56.096330106902258	0.72481068514889624	-0.11262745962578181
55.786163690691652	0.6227758375765946	0.27976362086424045
57.135069762943417	-0.33683113680183563	-0.62423081558516591
56.455194162537857	0.36235432944905399	0.47494303347464156
55.370138486333531	-0.45990334550003492	0.59275311995436775
56.296099734441221	-0.21387504230977397	0.68811626177361496
56.021919063393213	0.028549054910572406	-0.36250691639452431
57.266215932378529	1.0695615085082761	0.051790255244049149
56.986213393764949	0.13002552213876789	0.74249679766377552
56.187630794979476	-0.86854345231324659	-0.80079868322158254
57.206206927422862	0.29122358977876767	-1.2722521736477479
56.256344185242469	-0.76770923508891387	-0.19982230569017184
56.380954005358987	1.2795470693711073	0.16873831505352616
56.031879340236166	-0.91594052453453845	-0.640128292211395
57.138601097996165	-0.76196069302993463	0.13928878755206539
56.293624622938466	-1.0603600639733639	0.17844332935943019
55.894559668703714	0.77389674859962065	0.6082715820952258
55.804790498957615	-0.15982173379535666	0.89374978181524534
55.463172397865179	-0.60283176549954942	3.9858356988153885
55.790627606164094	-0.78756699165673527	0.54300304532827359
55.68254483440743	0.85864199092975668	0.78906403585419438
56.073313006029871	-0.77058725012573104	0.91239709964410698
56.893292872136222	-0.71622260417412376	0.93403357976970602
56.932031293123494	-1.4982947475368342	-1.0771640371030178
56.997975095903442	0.7593386501167193	0.17349992705879963
56.597183311854046	0.15143755807921869	-1.0605659691866547
56.687456013111536	-0.16807102429733475	-0.6595039754965174
56.005296880458111	0.79118679841244188	-0.47830068459841552
56.358630591925959	0.68243162639704025	-0.23312157960491667
55.636281737225389	0.034398483005629477	-0.81496305855660023
57.229535712832899	-0.33143501464074343	-1.7062083026762258
55.635767853860209	0.86301176193775764	0.22225242012811297
56.833253976153337	-0.70516726172601896	-0.83880766207328039
55.664353792774428	0.065094088681509718	-0.71779343903057469
55.939565915035026	-0.29387560136527818	0.35368167729931704
56.167238323896882	1.1313487070639467	-0.066985889382327718
57.254027625776963	0.55355296203794957	-0.87162485366195519
57.122379269542897	0.12327272265533172	-0.83172013249781673
56.266952681263035	0.82489075739134199	-0.33464009298758651
56.221573648340218	-1.6168296656325718	0.12651873229100402
57.219350544759791	-0.26377219282502395	0.4647142440783974
56.855093988862166	0.98481993938293655	0.056847401323316754
55.979986343095725	-0.582631705893079	-0.85564842826322673
55.528417078324587	0.21100817025060759	0.81606043753858581
57.329676559361204	-0.56898385607356128	0.71393957497455673
55.685131653704744	0.74635752309580494	0.10773480434077773
56.679784974387353	-0.78452834887004852	0.28886312130337549
57.180660917421669	-0.53024695200111449	-0.73130444529727068
57.240445847643969	0.528579142103203	1.0914053639768126
57.111511193242919	0.12617530584332892	0.74132171055200069
57.292466819729015	0.74775049783742742	0.88772534283866789
56.99836459886842	-0.90973928095552259	0.035062862517906711
55.848061153146141	-0.84300939889151327	0.22173643116554598
56.021276755250007	-0.61402809607892539	0.91969635849737508
56.528866974170271	0.94466578372849519	-0.5167713589673073
56.839989812965023	-0.57490186228743279	-0.61673874371132098
56.476689919059318	0.7809191175023652	0.13307897543944464
55.439028825767167	-0.45878732758005747	0.70860474252939865
56.413120575555631	-1.7966844360632037	-0.29492483621904808
56.155751905260786	0.17419950312596857	-0.88809882701211651
56.431343336248332	0.87587589465645899	0.56042051284625105
56.493696010587477	-0.75306579847971689	1.122814168930562
56.418636292410753	0.14851886468957842	0.87416712155982002
55.538827941332229	0.16519474835524595	-0.3798304774928179
56.981898091678453	-0.23933191635161788	1.1496170253027829
55.530837545440605	1.0452195676854816	-0.16552411698319622
56.55360701084728	-0.79901769339963613	0.99862547110755162
55.945067263530824	-1.0878183309231753	0.68636674562618671
57.035931949478964	0.62111431836353381	0.011169113027830141
55.524968243586898	0.59652235945543319	-0.36775942892198482
56.769491588181566	-1.0180860029676879	-0.8833013057047211
56.239042295868764	-0.59758893763232368	0.42919009781561446
56.972581881502862	1.1974224097125712	-0.49443801214907829
55.669746196648767	-0.17131050807782175	0.667768191381508
55.72526010542429	0.017913865456090167	-0.81613052255452656
56.40130299725638	-0.96881664134483969	0.43430972267453205
56.073011446600447	-0.36906541997383419	0.41438292432348589
55.879588523552073	-1.1613933168693606	-0.11640429711008982
55.742871985845419	-0.24344242414371786	-1.3959425512065287
57.14507034393565	0.083306085277725039	1.0087955183049766
57.43369661845967	0.99217681729099849	0.16418574921862206
56.306590477315829	-0.71783417555420637	-0.85229070191360756
56.040437841028492	0.64638541156375307	-0.7938081298180385
56.046255302398599	0.37251489718320796	-1.1068342861480067
56.964479326792045	-1.0125037253090461	-0.83230276570771478
57.280930461229246	-1.2040613064079104	-0.5101423669758558
56.806479792641809	-0.087054438550590488	-0.95645429125233594
56.689497077766369	1.0186506689823978	0.64287575489704074
56.447567289284443	-0.46924791236892077	0.97749082031420231
55.478312506897822	-0.0075107830233816578	-1.3991403485338467
55.676647311691575	0.80999800339679862	0.562044817971041
55.905963335123836	-0.079295545124826741	0.68405383763276595
57.007342747994642	0.24716316199019087	0.87487177589800136
56.82121908207754	1.2752736892405514	0.53195629334841954
55.712863236376542	-0.12455322647322196	0.69221490019756138
56.529285449186787	0.82255428958829058	-0.40934155483029905
57.262108888828308	0.82449008643040356	0.86138677920591211
57.301895507359568	-0.12423204545655009	0.60706927279622291
57.027721368049676	-0.21145747248104152	-0.53494792524298129
55.757871547330971	-1.4074270116043979	0.0053357430438010622
55.888823104884011	0.075895243847299662	-0.90193748595297885
56.280399900328014	-1.0634260832299063	0.070733786355200542
55.857229258791271	1.0524553773806635	-1.02646420507404
55.50257506862873	0.62337564806329926	-0.13416323128130367
55.527346199157293	0.49166992721446151	1.0558390235886463
55.789018481982083	0.97625046729613318	-0.26126922901336314
55.72013598732584	0.88778576734289094	-1.0375850009731433
55.896867658114424	-0.13642409517919477	1.3214855069786542
55.482729154739737	1.1208460952112838	0.094816394584166103
56.564988075815656	-0.31500801650807786	0.45324169711140133
57.113449360193457	0.41464465751254975	-1.0274867892884934
55.552747981636138	-1.2324396870541183	0.38963547693563683
57.004079974099469	0.83978487711223804	-0.4049806618249695
57.146172146143513	-0.94082868744229775	-0.22497752538535387
55.713948894202424	-1.1749409086511236	-0.26586876192149289
55.983686084981834	-0.56675557792642395	-0.73229059388784856
57.028658865078569	0.52158527579315228	1.0315153204855447
55.463084458842424	0.0034954838288042069	0.96096491092603442
55.542704009429897	0.068787699953430273	1.1985583726087932
56.365226810304165	0.76744900740873223	0.71561304549261895
56.280982545459395	0.99036144880409416	-0.15690704649616119
56.468145674253627	0.95638140577843633	0.81016503547156649
55.639557405167238	-0.82553190791943343	0.40323290206585249
56.832406663791708	0.85636999417109505	1.171938357762909
56.006879663196287	-0.27047956364196618	-0.5212212796504323
55.913303756099943	-1.161606243667378	-0.93318980211085412
57.154858861176862	-1.2858611725544	0.49972316395831151
55.841465606802068	1.0872804601679533	1.0259555689683015
56.280676640162575	0.7665951166586783	-0.57328572350107243
56.729062712207288	-0.33174152164328058	-1.0576850833741855
55.830002148486194	-0.85997839084012573	-0.57269251291599077
56.744297850480187	1.2546652430328815	0.3554229506520335
55.572018914101122	0.75022486457996063	-0.39221545343100128
55.420072660660765	-1.6228254691244335	-0.78721898143633939
55.501737105569767	-0.28234713284177743	-1.2214362565622152
56.857623770378488	0.02485355530213889	-1.2968206047465574
57.021909891297796	-0.75884192937776973	0.18759075019174815
57.045919645188171	-0.53034770899202877	0.54504419777647484
55.954809481481796	-0.63572362148832928	0.69318227650603614
55.50041435867707	-0.61190338986262305	-0.34770478578917313
57.184096320641132	-1.0610975529370603	0.038489188219333566
55.935135905938608	0.4437866420722984	1.4579059194075856
55.380282114409859	-1.0204476766504651	0.37386276272181646
57.317679377142397	-1.2856863406138022	-0.98573537438070524
56.313803111489364	0.96612176273545869	-0.46990454854942421
56.353658718232431	0.89816876926963862	0.57558494052951947
56.499985099910838	0.85340031396165972	-0.070909780478739262
57.075334641894464	1.0932047889670853	-0.40964425181349617
56.667595742159889	-0.63303951208247933	-1.0753536362854084
57.160091544445372	-0.63879836844991456	-1.1988387184603613
55.622073721010658	-1.7219000644765052	0.11049842007420904
56.531042553783543	1.164722657124156	-0.083139336170712189
56.573618533763373	0.57113330667814399	1.2430450728010263
57.330849095488425	-0.066259178378452202	1.6043721881639219
56.237923023740933	-0.71468026881110946	-0.35738284121414338
55.641211221054348	1.3275591312808259	-0.092400962574261405
57.093166628411204	0.32646776208480777	0.68427104268897232
55.696208794351278	-0.68301216277513288	-0.12469104904490938
56.587067565600833	-0.48292981996071793	0.71776935780313977
57.163487301189484	-0.94622734323976909	0.096028534355980577
56.524167775976132	-0.91505458655413607	-0.37895087333329364
55.674563483547423	1.1655604036134457	-0.45761490644843877
57.12628721707609	-0.12934963187425871	0.86443313513107722
55.525222953037982	-0.70744131303611879	-0.57470272545301304
57.139184195195504	1.2936019501992884	-0.56861728464604633
55.847086590671864	0.44912522572925651	0.71215899527226434
56.851562736097826	0.55892665333774083	0.57716621147474723
56.073372046702872	0.75166083623564328	0.83829339370765177
55.863418829246299	-0.13579715946769502	-0.83900399941986292
56.11063010737287	-1.0231982516503371	-0.1307313259187782
56.995239422514111	-0.43135580290409947	0.54875801424519288
56.396689986997977	-0.9263345280747548	0.47719516007915941
57.131343541762	0.66562610510457931	-0.84606629192817095
55.585053594795504	1.2433258703169687	1.2157594112291825
55.784456843948604	0.051846994546502795	-0.27106633064925584
55.639553347952003	1.3725348068676151	-1.3569064021195345
56.741902278920179	-0.12909999018293611	-1.1858559161145532
55.454045611836058	-0.37621134949665874	-0.98024716436864634
56.558684645401684	-0.028166417442709153	0.49718904404975844
56.466973730234074	0.92746334517979268	-0.10704236107523404
57.065399169460186	-0.36951274296091718	0.62363967553046695
55.629318285006647	-0.88339539890530372	-0.18286279755197188
56.867551272529084	1.1879420552411488	-0.13890907099082578
57.115474047140225	1.2528896754071313	0.25386598218086553
56.448057804040133	-0.20729637213356331	-0.77768810093988294
56.024318849983224	0.38949397901215771	0.67947327789496703
56.589108347306038	1.2193931834399929	-0.14745012011355099
56.056837118700983	0.38394712224905969	-1.1109365070409651
56.561689784324571	0.98958179719474493	0.44003059081043899
56.837625716727132	-0.25269594719207411	0.76085302171754643
55.996849558669339	0.97780637471876641	0.59818119812699966
55.795196432447995	1.0696149113796287	-0.12126193720918615
55.899124717855088	-0.66616753668185169	-0.46046523713044663
55.695224913800871	-0.9219541461895332	-1.0193832568957146
55.543421574808519	-0.17365975747742904	-1.2539636350432277
55.753708078765648	0.88431911067909919	-0.45952096719113233
56.967944573974584	0.5975762650237415	1.103060181272697
56.460458410649885	-0.44971548644909781	0.60468750874627941
55.957633615752933	-0.94630694371622759	-0.66075520513358277
56.40847864739893	-0.063870719288140435	0.89938619163469724
55.918433033460985	-0.15175763466885375	-1.0750050614142397
57.210695478009185	0.02323191478412872	-0.93786179401024061
55.790596079760491	0.89978856280373676	-0.2060853555075117
56.522547738675584	-0.72121330967436159	0.86551424570319635
56.559760189980338	-1.0584012878172089	0.40369772641706392
57.062224391567518	0.68088199387381032	0.75334371172971071
56.858745642190463	-0.98506350328129033	-0.44570490011304958
57.428610183215035	-0.74378441198020351	-0.49042953950498813
56.060175106495869	0.25642026416077573	-1.2345380301186395
56.076373506875392	-0.23915914307668559	0.7560763885250551
55.873645880268299	1.2153952820629264	-0.093915907991218878
56.417834025259587	-1.0009541164829676	-0.4827843961760579
55.817773935835788	-0.80718371589856719	0.53443933289610634
56.300597201519516	1.3254829855203087	-0.42503589589064833
55.881873621239606	-0.83167177528277536	0.53749916636198036
56.652769836579019	-0.0082543330533007987	1.0137031501337195
55.890834541299718	-0.66668692890334857	-0.9094719841657003
55.84810053198872	-0.37731385774736392	-0.61431713148440292
55.371770767877742	0.76106133348347471	-0.81283774018999655
56.225303342978698	1.2527981094853948	-0.54756918034295843
55.411560967612679	1.1835481893509774	-0.15665159360404574
56.912735798793662	-1.1343229682742952	-0.55698856456298451
55.802796799213823	1.0493168603754759	-0.047230659633342949
55.740760452212832	-0.76213779075884958	-0.8597183464886432
57.058758642097239	-0.3356243660185067	0.98541952941067934
57.123312598373388	0.1072921727680925	-1.2146949053961773
55.719074473485492	0.70861388924535018	0.32561966230874745
56.88931907351953	-0.045734034565748823	0.68020028762859763
56.641417664568117	-0.39126222600795335	-0.9902077432198767
56.968459457219602	-0.89584836689224701	0.24069095845727864
56.523331763180018	-0.43954537537905836	1.1201996235239868
55.824479585201594	0.95265566223503129	-0.72601769525716853
56.1660472825574	-0.026597076861388541	1.0009434263817407
56.797205923143217	0.84195793555249632	0.41424309548460209
56.518039634210794	0.56084126708584436	-0.1669080621164572
55.903260679883559	1.0594812771650501	0.64608819330374345
56.429495442370609	0.7173535978414316	0.37476386565982761
55.874675327758432	0.86989186526749218	0.2689628878511795
55.690793970521469	1.0652959829682187	0.34109371531359289
57.068874546752362	-0.52986234741844862	-0.88233834297951486
56.068747083236921	-0.075832772937191387	-1.0423576847609823
56.539402564955346	-0.090230065290188635	1.3109947020103982
55.838369366680922	-0.1220375430133781	0.89512327181446516
56.342361496074574	-0.03079377522759065	-1.14504608425542
56.784411649332654	-0.76844649053050618	0.94451415950177653
55.733993207760975	0.10444041689892776	0.88042364608196233
55.89502704916378	-0.23749845366864783	-0.35000249623740287
56.818376004173601	-0.22899097199876789	-0.73162884145188845
56.140560910791187	0.68419626574165482	0.00012998056527127106
56.208540446265822	0.69596538213348169	-0.56908044352392839
57.365302886514385	0.83218142227437297	-0.37438316712741532
56.481951717120445	0.87993791476990035	-0.59858417945645648
56.985361940139022	-0.53604815772497727	0.65602625930933212
56.749042359983925	-0.033694072506913246	-0.94523183881098183
56.509668790437196	-0.79553822214227965	-0.73699557858328879
56.549209018336896	-0.99041580409700014	-0.78993606693610841
55.586722353363712	-1.1226551901155031	-1.0701042102998981
56.216967210114966	-1.2704501755439419	0.33686995608988207
57.180319527462487	-0.86184946896559744	-0.29208871695307392
57.162833725051868	-1.0765876304878597	0.48003960859918204
55.598878924437074	-0.92055753621530623	-0.53654556424758226
56.548178354178681	0.68120822582636165	1.2204613940640678
56.800734755332186	1.034108031641227	-0.91598325783500412
55.716684213645856	-0.13533255994497714	-0.92144148801537296
56.175210556527929	-1.7008308809047188	-0.71790107784889179
55.875159096644431	-0.066553662685305451	-1.2601216119814234
57.147230515798128	1.0440197557203701	0.39455480026107614
55.569658214335519	-0.68711609169634791	-0.2661254055738177
55.49782233368159	-0.19057778011843518	0.69781029898924241
56.145330109413507	-0.26914833974108554	-0.79051635169105072
56.425267974409245	0.046798156792763439	-1.0522072202448984
55.796838276477445	-0.9945009891698634	-0.28967819053919464
56.497987887990782	1.0468123449517848	0.008169217955974039
55.664033641094164	-0.71480019652308424	0.11049849257553891
56.063776129392046	1.0541007971009699	0.27664040035035847
56.632491101822573	0.66089970632218709	0.80878080134854569
56.288927168097672	-0.71379320116983247	-0.16758516830759404
56.366297400040636	1.3311689483159299	-0.52753892326895724
57.381007236710225	1.1802745532709171	-0.28241254404043592
56.170885049482123	0.028609455366756305	1.1123665023521885
56.66567183704182	0.096420104679139904	-0.96990457759388082
56.699760466727611	-0.71185857772032424	-0.14751871661165608
55.63839857414662	-0.77784705856175074	0.78237535834435701
55.952488533486701	0.6480737575660932	0.64866229624927241
55.492248306627488	-0.050385384422366154	-0.92559895620662314
57.126789104549296	-1.082176435835809	0.13328176141028891
56.312823316226876	0.013388963673547536	0.81448314804972166
56.732275140298782	-0.88032694350961094	-0.32628028897145667
56.931952457750405	0.69179473945892922	-0.8898520700015573
55.518853043886587	-1.1185053615061054	-0.29421692967131929
56.654909452909315	0.70505706745249797	-0.077989106629083205
56.488163405851679	0.85783954092442793	0.14872434668071458
55.470423635091635	-0.96683056031963699	-0.070863698833472571
55.885636095646689	-0.41497487238735631	-0.97724840213078568
55.955847451584923	-0.11335412573776125	-1.3412192016144369
56.378030757448087	-0.086613364640940063	0.70647022377418744
56.598962880195195	-0.14465809165487281	-0.97747760864113942
56.10924471951968	-0.51073139154591563	0.22969244853244053
55.879013996245931	0.61600552127163943	-1.3211915204520077
55.474590496916761	0.79181899946505974	0.51782208732166701
55.746851635438759	0.019827175108240669	-0.89050946423403032
57.149602459524537	1.3061731420169906	0.68052462640621314
55.716812514712338	-0.4925376968916319	-1.1918019710119607
56.734307665644046	-1.0070832749240177	0.021777327212899007
57.023095090530781	-0.031727364599579415	-1.3156149276244595
55.54655204053465	0.37642793193226098	1.8878864407543428
57.275269772773505	-0.07159755923922273	-1.0528465095635409
56.431801622378813	-0.13286680198928716	-0.84499263987211293
56.577716653143867	-0.84577097446985272	-0.020347840792071324
55.763308911357676	-0.71443476662611993	0.36310504945605232
56.907249583906292	0.98217023585355723	0.73381734082847627
55.738102587648036	0.50899094627803632	1.0287385602646495
56.007081291881278	-0.47338645565874099	1.2780078299138944
56.504062691556229	0.77362052705506057	-0.83926309186467463
57.29276789343038	1.1876100571025836	0.5190283954411351
57.055264254635325	0.96120738052649746	-0.39108290585165228
55.656806274546433	-0.4498275723141435	0.34987299772133795
56.272697225559583	0.83380531192770779	0.3790832255403308
55.441168482081871	0.90111547508973111	0.74300933263153845
55.60065326670896	1.269436089669485	0.6874528400929717
55.797650382077805	0.29466276771728156	0.85527576343571576
56.85766592147246	0.078605439195479423	-1.3341739203155372
56.655670391162197	-0.94678677806983846	0.15197900917805723
56.787504133378732	-1.7375828410076612	-0.52004614628044987
55.879359012685804	0.061471938115595273	0.863654422215828
55.392452007316429	-1.116104988484266	0.060447379688322027
56.836799323121568	-1.4061897354922406	-0.033362541965952917
56.053020443067183	-0.67251501380370926	0.58473950518746809
57.305360091337306	-0.74857511769106455	0.68798176222930651
57.272192544294867	-0.031961586008274818	1.7286889704544548
57.321701099636414	0.51332686498047764	0.92854305097937873
56.670041696455179	-0.63482815297063921	-0.8987432780008936
56.62887786034463	-1.3195059357551411	-0.64678427047222109
57.349301095254567	0.22066026953772452	1.3079319866641179
56.106864719933832	-0.38162545708982432	0.44410486081665906
55.622785759106733	-0.47471537897048827	0.99484830863048279
56.071145560782561	-0.76248655708492918	0.96070314467275475
55.469409129058171	-0.25012464399573614	1.203189736034735
56.081222315010223	-1.1575668410064945	0.079849162507024632
55.617045271887434	0.14286789574141845	-1.1966482348547933
55.424876151154045	-0.037691490032757645	-0.75678004746119132
56.288995195080368	-0.84611486066845398	-0.37816785069557396
56.645111442752764	0.59823913557020758	0.43834676545422491
56.666432814897838	0.97644836773762322	0.13214455421235713
56.191594343028491	-0.78290945181959781	0.48663833850943866
56.749167354403745	1.1720777895987462	-0.090858987965658208
56.247454141577869	0.72609253177217581	0.70277280696479005
57.444603208781118	-0.34450522884785273	-1.0098783816040937
57.310918942004967	0.59080761043312935	0.36712975011960103
56.59373655704124	-1.0943223115560032	-0.11484151867002182
57.252440679624414	0.8621261580709787	-0.56998960725526004
55.544895761385135	1.2862614661631619	-0.010606864467345574
56.700891183653546	0.89890483562182155	0.039398431928303439
56.396602295770307	-0.50881012943688952	0.39732288792057374
56.014049160578992	-0.12901113830834807	0.72539458355728437
56.10576130168986	0.7175423583006062	0.91119160811771305
55.408904503662775	0.045415861648031415	-0.62482716616176381
56.963041532554392	0.75160101869119356	-0.57222032352112817
57.233178625401315	-0.76658560410821086	-0.093359418064288477
57.264341087614838	0.63312404339980999	-0.76490804345440266
56.189916624136799	-0.43519953550525636	0.99103355353334455
56.733728436052374	1.055562552657864	-0.756008705868217
56.165715352644625	1.220909104424462	-0.14503713727999618
55.974296870233864	0.59719535019580861	0.4747169766101853
56.13478382662732	-0.086630565789277206	-0.66816792210442988
55.37287303687873	1.1850797260869834	-0.55497458541648281
55.729613393176102	0.22826375255130443	0.73163590720626603
57.344956845184029	0.12577296023864196	1.0912092041155756
56.846940712393945	0.76868167077618177	0.73883492774385617
56.458502045189455	1.2501665984770407	0.13713848148027308
56.260691546270685	-0.40607248770163445	0.70416534680004927
56.030854780520407	0.54492267464416244	0.75898742308843825
56.459376713269222	0.98898727260624553	0.45806109907281578
56.948036778773762	-0.52414148490855461	0.83287478236660561
56.379215125098995	-0.14010515752212163	-0.74038008440996295
55.5129810796399	-0.76883640299761424	-0.17565705656038363
56.983722615343247	0.80226728717764184	-0.55437564387964122
57.18539625580906	-1.3765952869542954	-0.13691595763888711
56.157123208874495	-0.62047565943219929	1.3544274174632027
56.732438304388047	0.94719243720875812	-0.045542058796069769
55.505911515773903	1.2802455624522755	-0.12348530482544395
56.105103977714812	-0.42511326284857071	-1.3215838376109381
56.644450511971826	0.76986276803283515	0.45499363386192709
55.456355314010978	0.60561582065545794	0.094429027172524826
56.628290005829832	0.46331417394283203	-1.1940412430087459
56.614876606679523	0.21328746181557129	1.2280514798272215
56.49468536499343	-0.23646967640376926	1.173907446073517
57.122098718477417	-0.57102315465571063	0.0062030630389462507
56.649584197783291	-0.40914783832047341	-0.81577602358940304
56.977028861982298	-0.16779445101612411	0.92598917147713888
57.138601372503679	0.94225584154594466	-0.20911126904451133
55.547764631331411	0.81123276091879504	0.80708165268322873
56.278051058044376	-0.17431794682924145	-1.0043545191971621
56.69820063614273	-0.91567397928376237	-0.67033965251287697
56.893871350866988	0.86614165836219748	0.39639577196380144
55.964379646266856	0.37166948182202147	-0.93156330996760217
57.223653492582436	-0.58284073215766241	0.90117489740723622
56.112320754053897	0.14279869961177899	-0.87119071064997877
55.814462314943576	-0.76340426054494448	0.76371574181720681
56.438862303186305	-0.44175470701320479	-0.038645760673309146
56.993800818522772	0.7241058951814483	0.23022639791540236
55.684922639473825	-0.40842400007437712	1.0807410915844242
56.893616480339212	0.36497067037252168	-0.85087401599159318
56.611443356729524	-0.539618213410478	0.50219992693717219
55.563196382181097	-0.88626281929722572	-0.69406342682811883
57.349167124020966	0.688598270459849	-0.65645398288688728
56.291233838561936	-0.9467819142932562	-0.74799914216784258
56.778744862121087	-0.75501490800279358	0.7463026352138129
55.614110629806277	1.6046685316213403	1.0272570669531396
55.73323731628075	-0.17255518479679408	1.1906104735461018
55.550881579617247	-0.56042634458367246	-0.7711802468916642
57.178163675155197	0.16613729806867386	0.69222592464121424
56.246302977349742	-0.70124941279211728	0.52439810154539612
56.200420496489947	-1.1704647821973824	0.19215417613718022
56.182386292498073	0.1222528527031964	-1.1333926599567505
55.893267502715027	0.31889889246286474	-0.6619892731578273
55.952926762720743	0.71814192446213376	-0.94751412368211274
55.66256261443398	1.2372373927895459	0.62200073291269631
56.969900982859421	0.83445426640878717	-0.21685922130427834
56.546876647001234	0.37432875405787441	1.164276459894267
56.994700924022105	-0.11633615060577275	1.0817288287161222
57.00878614617811	-0.37438775401068886	0.74552216236379776
56.427628926151677	0.34945630460424293	0.18371923891447564
56.290130823781354	-0.98235747472094603	-0.14460589784567859
56.535411463277391	-0.82460104630230791	-0.14940092274187325
56.3427366282001	0.31244316806985961	-1.1303024107656703
56.964218460711976	0.5993267834035344	0.80195745828052123
56.053502286868834	-0.64841458801900087	1.347689671630423
57.389384592957498	-0.82929495358213035	-0.27977145320011731
55.492458689048568	1.4022732686012307	0.38896061249836644
55.639810380272934	0.88988211488433433	-0.058139788414782789
55.984577656213432	0.40660450088280781	1.1660758666564839
57.144301196686634	0.89736382924205427	-0.60586992735940859
56.516039485643297	-0.50727321982920448	-0.91317582159197996
57.070538053742133	0.35513839478340492	1.1130492799876712
56.57581084168055	-0.67489194667336683	-0.18017418451864373
55.903908316402969	-0.52421452183877881	0.92908696749730935
56.35721751131284	-0.88835154007522377	0.46703245181842779
57.432596781612538	-0.89585394480204472	0.61022937078936079
57.439317447765291	-0.6927666802917648	-0.52070165249729117
56.101355262115476	0.52159794896306855	0.85839130140255426
57.075933376129761	0.45329959682505916	-0.56080795676713413
57.217762591435168	0.82610956379414502	0.2691965397936536
57.163361183330565	0.32654170843432984	-1.229260897943971
57.311207267205958	-0.049717869197273473	-1.3401916817159216
55.929016536148154	0.39868930387736201	-0.36649632225364948
55.976463148703232	-0.77603743527162372	-0.83508046870373831
55.629981237371609	-1.2963841885049132	0.14616617709027074
55.597044455572352	0.82049166957201625	-0.16760081007922831
57.263352864564169	0.7868581418504722	-0.7082209053503179
57.270975176198462	0.08457208217358235	0.78447259130762681
55.623156444364731	-1.1030112545197472	0.37603799147777534
55.784634248986734	0.066762074481605552	0.41284460529630523
56.131041882992001	0.34513208815410007	1.0672970573875313
56.964253843185602	0.10882485129061938	1.0652604350408903
56.873088921763561	0.03406652513097326	-1.1627388700594212
56.084777276517073	-0.83865855294040148	-0.40825063842036302
56.494185809395063	0.18532034759328325	-1.1239438863314326
56.549388681428809	-0.087175215142268198	0.95055620457339263
55.386295242467774	0.84068961653365548	0.49320634701714938
57.115999045337077	0.64860393896886193	-0.58613871368212067
56.151310109547254	-2.3079386380745879	-0.063972278503807031
55.910377329770334	-0.97775015794214992	0.062353101445104038
57.225415984446975	0.60761621889434769	-0.80823560627370572
55.89061533792669	-0.37826046563476035	0.95685841723553078
56.95557351613769	0.81184240419936271	0.066602234215805495
56.820360503580574	0.29649902052559546	-0.68621793725997626
56.347022223132228	-0.53466007496909973	1.4768142836828171
55.609454420536508	0.17377474841550117	-0.56563723951938916
56.057212281646379	0.77300255394255191	0.076174636658134273
56.827629931749001	1.0056861720255565	0.29284341199764186
56.207622246540353	0.13879028597077145	0.97108937675840923
56.576424463882958	-1.3473167207958057	0.30706473417728447
56.653603766680106	-0.47412940572633755	1.057617657334887
57.151593644849683	-0.72099082003252613	0.45194791183635191
56.918360956482822	-0.78304910078045453	-1.122752854075012
56.231158253115311	0.73576276055815015	0.68495226274347587
56.547975969179113	0.86243615691115416	0.69924992824640031
56.230716481218444	0.6605882316998779	-1.388267427434023
56.384389885803955	1.1207705737190246	-0.6600203323676378
57.244099854806578	1.007250223508076	0.068364517115291706
56.854477289392044	-0.090416302678859709	-0.97591418986413969
57.032361145133983	-0.83596445032228051	-1.2710212529431386
55.581227143341323	1.3714626742727147	0.56478092182445183
55.763053690418126	-0.16718872333478832	0.61824586285929262
56.005194397304123	-0.029073806821850338	0.99498883732341303
55.901175302496171	-0.56333380118939713	0.38354618144006208
55.901189427544068	-0.73905966094436359	-0.83296527790191777
57.10317453418164	0.98300512986528554	0.91491864681893831
56.322060161630745	-0.39869089947692959	0.52656750163611088
55.689987077265897	0.70369576093711139	0.6600927085844045
56.631747466251959	-1.0528885115928548	-0.55913185153936118
56.517249888372604	0.83042796579759326	-0.76129778544082638
56.460969903433188	-1.4668681498552982	-0.54997482690575739
55.714776360175748	0.4934468403976226	-1.0249299343320353
56.814331362936848	-0.18036462515813745	1.0582006118466731
56.038081652068925	0.52738383589519744	-0.88234286430212783
55.345159442531703	-1.2217965059892293	-0.26299533168715683
55.932518202006868	0.9870264310551139	0.22851335072396575
55.532510581273101	-0.3397999592094062	-1.4032991274235003
56.443206483652176	0.8361845180895171	-0.70313941204520602
56.709732939260334	-0.30834832260742284	1.0402247720922162
56.82996628330968	0.063769664287193564	1.3317876528368857
56.225022625462827	0.90996242150951923	-0.99176014547288593
55.399708362116868	-0.85397304624087844	0.74687235258339757
56.132022178657024	-1.3761992831376106	-0.33267495829866506
56.828932464138887	-0.91647374507684565	0.74081139936593965
55.991696832921733	-0.78827955788990189	0.013959864903749399
57.012395769586796	0.4924475756449474	0.3024183757676478
56.195764698841934	-0.66705524897744517	-0.82795091866349624
57.043285986593851	-0.49328960535624938	-0.80105654442666607
55.828958124502279	1.2802964036750055	0.79842666045380106
57.040844617584597	-0.84412245608919856	0.3614587508612801
56.460137774385082	-0.3491179578953571	0.11791664017078488
55.864062877532596	0.27250599246140295	0.77961765976351605
56.300316920937149	0.43666325775836889	1.4851878827627034
55.451006185350593	-0.63320030346400558	0.22981232067890331
56.809092259271019	-0.95194895290807202	0.2328908423457865
55.901741242170573	0.95307318729376989	-1.1857996854941253
55.715210107982898	1.416112056880618	-0.14334188313855492
55.538017332612789	0.98198770568195193	0.43475814691916859
57.140274873958674	0.10929846962265202	0.81580860237213304
56.294217150800776	-0.22968841947588012	-1.1127115227497473
57.102911040401345	-0.51262953405555467	0.69447322101640929
55.584103901379152	1.0394221882050458	0.85759414415039947
57.293474945619089	0.43924039963746325	-0.47447242362675479
56.289306430401055	-1.1207826499576785	-0.037960051933271871
55.891745174683244	0.6377942253522324	-0.077657633809123647
55.648459720878535	-0.14287270420162795	-0.94406997773752432
56.012665948231707	-1.382501631421279	-0.84491350992362146
56.203573461174351	0.89370190778050485	0.87232938208595256
57.252523817992781	0.96727026762380064	0.59191969397148969
55.735732179260388	-1.0770831567872701	0.13868220352703006
56.461303224252859	0.41867373497834276	-0.33365622979079362
55.800555988319438	0.73791977673205378	-0.39543308020357631
56.649632615653495	-0.89017484690382154	0.3157535206028555
57.241482225636744	0.63931837350072895	-0.55329568557375775
56.936209472650141	-0.031358489621431458	0.78400291449465709
57.283294234299426	1.0853963664417854	1.766216564688873
56.090826121459685	-0.30232378918430036	1.1665883351917457
56.83767752436885	-0.035326710280860082	-0.65907605104337796
56.996166670100457	-1.0865673248831302	-0.22325345764315488
57.000186288446869	0.37343504842656389	0.32281683530753352
55.648561942540923	-0.78990013229586042	-0.74310016205037965
55.76075489758405	0.6835731649624911	-0.58562849153600993
55.665117225611624	-0.049608366861843119	-1.0403556697864458
57.013118449112071	-0.27966953448308013	0.92499409575072933
57.284130924271508	0.50606363537486454	-0.74790976022824762
55.499733741224517	0.239523397655583	1.1863944330999296
55.419748719694454	-0.95943465185305976	0.97277768478272175
56.041012411418883	0.32831828374487232	0.25365652454158011
55.668313115712884	-0.085830745665375893	-0.99742050286356376
57.288435732999822	0.32243933533552571	1.1058576070075317
56.652808918883281	0.53383238185032666	1.1217006265540617
55.556170785548737	-0.30107524409606357	-0.09999738811875368
55.903843541965728	-0.5784671548405681	-0.93340580603478895
55.693922815934563	-0.93596514970113343	-0.089738728262285794
57.030518594958409	-0.72177815816830759	-0.96566894942526449
57.252250777820805	0.035943339704795803	0.98245151565305888
55.933138343647862	0.28448831924375512	-1.3605307469939274
55.768457956329975	1.7278178520263106	0.24857111388608791
56.721296003242536	-0.36176057760618457	0.87320313554277607
56.167566322037786	0.27936806353582277	-0.81792745451675997
57.263403784788927	1.0010605224889728	0.60030025287012612
56.914874934534538	-0.22780895122013009	0.87186330922619071
57.085400241100984	0.91033291532721539	0.7003461869670472
55.485211999429055	0.69155285934133826	-1.134146955532412
56.75965660573744	0.84333180536448105	0.72084956994765326
56.009976497288058	0.26809821231304459	-0.92650747191255423
56.936869550144124	0.89305842338729091	-0.45582827184842672
56.836337159372903	-0.9589913054748993	0.89760017018031912
55.459504474461063	2.2604328275494412	-2.4202937170088101
57.016915207188944	-1.1872517492624877	-0.56627348502999963
55.562083006127352	-0.039827067839460967	-0.71137991635283682
57.06758138132566	-0.32462658038078918	1.142304222848417
55.707501868418497	0.059139873784739949	0.56553978003615624
55.678289762299912	0.14102495170764151	1.2189870311902598
56.731156263490888	0.30876689508902722	0.31565513042792187
56.950984113035219	0.47452378391093392	0.04809749993908969
57.455379113086224	0.46724723075068547	1.082103246191964
56.650430207412775	-0.22309275791250122	0.81194125160024233
56.117857427526275	-0.67132262639913476	-0.13077155072359631
55.480568646185034	0.83720434446154868	-0.44328405584556224
56.297948884221867	-0.80258556603246722	-0.28051392714358253
56.106742165209091	-0.43107295336383927	-1.0719321482272965
57.042020223645402	0.15852842398184416	0.80867350656178782
55.339359341331587	-0.76187207465184825	0.92347364067829896
56.456339861415849	-0.23597312453497787	-1.2433712981469844
57.028848369623688	0.99451660610625081	0.21297212755903416
55.897196675404629	0.50990065520821937	-0.22586507146665633
56.303339531189017	0.51948498899488826	0.85243451016952576
55.923757220163928	0.16096727563159174	-0.45354946717406275
56.730869705217785	0.40921284361170468	0.96896138167666834
56.404516674140645	-0.63865490492285348	0.7751684779181458
56.153260849886259	0.78033556629471723	0.038223273025725223
57.285450764224677	-0.8413591535141357	1.228393323695893
56.122911766053875	1.2375303036828207	-0.57067623586327887
57.00839365113675	0.15849856876666849	1.1621801924505408
57.001221753111395	-0.64811714648011987	0.44884984151195978
55.838934939088723	0.75372717260594935	-1.0422037949674421
56.612155109071921	-0.71392397151511511	-0.25222263371580855
55.967765587645012	-0.73436549831416376	-0.85606356994275246
56.1954170150876	0.17687903583971826	0.50962792701461657
56.03605637757898	0.867560598204557	-1.0254902225017819
55.869656166024427	-0.55486753959759527	-2.0738200160660041
56.050308486379627	0.29106093230647423	0.99888160812631466
55.847048254058087	0.32784038980960528	-0.97871503071086563
56.114584736579374	0.93602602120466494	-0.40190132974010995
55.884334361642978	-0.51864291169294718	-0.40809981738355677
56.780542633682103	-0.51867247063640343	-0.76816237081787653
57.143999949412169	-0.89846587686221957	0.56575288922844558
57.126579706480292	0.74844758391939692	0.030784557488442461
55.564935238409987	-0.83904545151593424	0.48074328157010571
55.942325241668406	0.81806985070302041	0.014584002089155564
56.60520720718074	0.57406444884412033	0.25558836659291773
57.157069796977787	-0.7091027204630318	-0.64752837880692482
57.115732451842653	-0.22710677047836592	0.92837177214129696
56.45357121740696	0.85410662760526757	-1.0303460698047491
56.653053515748056	-0.98281616020007301	0.41074039084116887
56.478062935475279	-0.070900601876094538	-0.83952751076103693
56.728305390861294	0.99513354638662643	0.44516390034097664
55.873874908677955	-1.2150794388393868	0.73845900243791263
57.160797028707556	-0.67258580540809876	0.83968086947799836
56.219496464598492	-0.67839658162498873	0.47072313276411265
56.239651106031367	-1.1439784087659139	-0.48600903934550471
57.228424440364734	-0.89229742463927975	0.33350857955077601
56.044450499229008	-0.27644873378468854	-0.062143294575397238
57.028355479613985	0.1469988265191958	0.64624298564436122
57.214897948549229	-0.00070985219429048406	0.19655564001779596
56.451837631863974	-0.59614188498875353	-0.95125519931344094
55.484932197354354	-0.58143043288026852	0.71320527459872107
56.013466990579502	0.4238290165132621	-0.22217015711048516
55.57424058680899	0.065243774608090541	1.0751568065859052
56.328819736047599	-0.59084277799172802	-0.63869392235932432
55.6064230640863	-1.7764266245526268	-1.3174247260032652
56.586583784015197	-1.0972503758772292	0.33832634051412275
56.978985065709203	-0.37459668080200559	-0.89267148934626406
57.027576593071672	-1.1210205522935086	0.10369073687975788
55.233089422763562	-1.4428250481709919	-0.57055906247835009
56.146833601325028	-0.80181263515605572	-0.81320221232832557
55.292165697590185	-0.3524128114407109	0.85439827437443683
57.299125291848753	0.10809065893235849	1.1738173427123555
56.100038012826339	1.0386098297464184	-1.0595158771121576
55.951869141858502	-0.73648907475230219	0.30968869479002437
56.029052628118251	0.1190614702089396	-0.81483309434269136
55.594900749718335	-1.2732086788497907	0.29408066667310934
57.262226316214374	-0.41925655862542188	1.4491981586546474
55.730463543044159	0.77026124350239955	0.12248289012100443
56.754138873719882	0.87219869354037705	-0.7429147046511434
55.94287220918423	-0.49990634862351185	0.68007041100220911
56.045020822767171	0.57253299250206857	-0.74850990247273541
56.616470041275264	-0.80629112370397826	0.53202529412121846
55.610632155076409	1.51255862833952	-0.44905382744385924
55.503764279299915	1.376925680781407	-0.25202478590029009
57.198191342401238	-0.48829738685800295	1.0894252151298625
56.942882201380499	0.79893974345354235	-0.76265839257880197
55.396721675525761	0.012810868341352076	0.31929605602479838
57.125656797654365	0.32984915272083298	1.0070325655024304
56.552377879086521	-0.73935033749628443	-0.058227646511215536
55.77282836477098	0.75707583862323624	-0.37381469304563086
56.026694564631242	-0.74100567923744853	0.66928179749271643
56.361402132847637	0.46719088331991426	-0.75616955836722644
55.691820287413307	0.93324432425894699	1.6273397527478486
56.201120607444821	-0.74723511713384938	1.1017700844587979
55.569649170052529	-0.1969300603074525	-0.60102061148867281
56.269422722937868	1.051817811264818	0.53621440707360213
57.317962387086716	0.31391059461902204	0.70909835646978392
57.39721078630739	-0.22768415047629856	-0.84941927042624255
56.872686834437921	-0.83886381360894591	0.51180639045856302
55.465093060636605	0.83855113337925713	0.34690682831294356
55.624933190731561	-0.81268492915167967	1.1074509528317944
56.064800728572308	0.67207866746149614	0.88780812867382342
56.43333070331046	-0.84691563637730272	-0.41631309856698984
55.998632576662182	-0.057211558168164776	1.0302381802688834
56.075255473166905	-0.69512667032533926	1.2607587277201293
57.228689939178828	-0.36085435274632266	-0.65890539769743173
56.202293280006089	1.4371269549429586	-2.2271799440999303
56.683622883287434	-0.34641843310389286	-0.76960991398271938
56.380036210451259	-0.95818736595440945	0.086978781269255331
56.167857766796956	1.0636243830859859	-0.44259205585382394
56.316325095929678	-0.58863986573349447	0.87486940088260567
57.183461155475399	-0.50000028516097506	0.78450948812501953
56.898989120870006	1.1541576520462737	0.62093523602714995
56.504685719956001	-0.3838707260640763	-0.74211900580127887
56.79119833406989	1.0956563178212251	-0.57252910626931952
55.72622671428752	0.6931322620319682	-1.0252821068405222
55.916055881683867	1.0040919085857629	0.37594473048452459
56.129507961119366	-0.45779030651699931	1.1132181275089228
57.119735271570953	-0.42771799811054068	-0.6936492374646297
57.126761616047034	-0.45854989703267141	0.81273607192042496
55.85825509875518	0.95117207126826686	-0.070189235015560625
56.866671276378213	0.65596983617165072	0.41907322054965879
57.224333546821022	0.77432222282054286	0.14497775107870894
56.260585012002494	0.54081671674629872	0.78420948457317208
56.103321885441012	0.37597655979238342	-0.89701464145762722
56.664148993551109	-1.7090689197709816	0.44187574051080025
57.065645314406851	-0.41930560425369745	0.97559477602054723
56.374492275544746	-1.3537492623125849	0.24012951830051774
56.623222692532337	0.55864051156299233	-0.81791555344011801
55.903143582960432	0.93594338998412707	0.096008608165354434
56.328581146883266	-0.64542866819918021	1.079312730958838
55.572618647268534	0.78342759943706142	-0.47469045253337461
56.639442709976947	0.90959308653129134	-0.71798481736954145
55.788011139780131	0.4741846711214352	-1.1099922922474779
56.912536809918286	1.1252610590246275	0.21671835114703678
56.766539732927157	0.97803948399931129	-0.68448624336196506
56.852793183997683	-0.64517347225126331	-0.89060656377269298
57.07507719368553	-0.13212667520229521	1.088073281867689
55.53209532976183	0.6232262100860454	0.59545927785230901
56.945955035322427	-0.61840348176413906	-0.28088484197094793
56.852453623477139	0.77106940917679934	-0.20019104696785886
56.760671873697397	-1.4196978386044559	-0.17870045195151082
56.218816797436332	-1.2466102042764984	-0.29147731333374255
56.019574854470669	-0.9786779991515796	-0.24880601976204841
56.773675238850565	0.10109638363559274	0.62313786930183701
56.32515623970594	-0.75564140853751716	0.11749567712583152
57.494230797167049	-0.29099290669961869	1.4504483272640361
56.802902744304383	0.22750503372257233	-0.46828737323308811
55.875487339841719	-0.32312693260758646	0.52595329870036445
55.991206417919649	0.11475360181102838	0.41644316843539125
55.409441764425608	1.2697585438981438	-0.034277959918134968
56.134598943830632	-0.57648314737328776	-0.39954459392523711
56.232116579401861	-0.4860512724304013	0.42949289716436317
56.328693821028672	-0.57777821274178454	-0.24336739435684918
55.447023847390959	-0.82761121636717583	-0.46992876989335186
56.563272789129471	0.62489086176791742	-0.76333358519785488
55.750319914329047	-0.39495693699169415	-0.54532017794922272
56.42471965757673	-0.6210122147088365	0.62768255321522681
56.950436251922454	0.17229040799218637	1.0550468379472058
55.812124721438792	0.12231435567544889	-0.85692607192282966
55.719764139116862	-1.0172133593534824	0.66587907755707565
56.74096770964578	1.3095797178818651	0.19597200414868782
56.35202200295727	-0.83990693188842658	0.74487720668559521
56.355898904588294	0.90009157228005821	0.8004553677017805
56.652216081458285	-0.13149371263584542	-0.92600264940641941
56.744245073971406	-0.031870547010781444	1.04446327207557
56.887062674774711	0.69296081637716866	-0.6855558602123456
56.632041339065786	1.1015176323706659	-0.033409401303822382
56.159351245375397	0.90649861724659742	0.35874127805367595
56.29373917019322	1.2236257331710119	0.29232868954587821
56.409251670474198	-1.0453117338196283	0.041247027091090592
57.183856683564194	-0.79834040221788671	0.26151681683503819
56.572231809228619	-0.35222168289542527	0.92932808473470629
57.467696349383253	-1.1535394163155503	-0.38266324374749705
55.87526462868064	0.79721478463347295	0.9372060421466194
56.113705131847055	-0.61284112736804763	-0.28494672876888294
56.725847986971523	1.239060195020171	0.37309652929415971
56.54170115966047	0.62105760903944096	0.63154816980150474
56.247637084444484	-0.83333079471201044	0.40803781100584585
56.825336362454223	0.01318427910724857	-1.0017905754933565
55.986735832263918	-0.93270581800712171	0.65675576024245053
56.119870730357455	-0.26694601200615831	0.38224372798502682
56.725253143074653	0.16579568275768716	1.0525116571804995
56.239410885143819	-0.62760911456205792	0.49847731393715905
56.289976774960294	1.0194190965186118	1.0876631234151291
57.198066110632801	-0.61502852562279087	0.71591491376878003
57.324619925491774	-0.63643870201983521	-0.37437061909048852
55.631680940746762	0.92225851351704125	-0.5278322004397864
56.50765497563237	0.58097695753379042	-0.50086709061103729
56.125049991749535	-0.74895408783162265	0.7407897042030851
56.451924552978717	0.34791098444878504	0.97544944905793129
56.040058365562281	-0.5143243185594597	-0.28515947346834059
56.638510465691475	-0.1456219724050678	1.0002013502235025
57.096551111274174	0.97747192129386129	0.11263268549982317
56.282118252655188	0.49325198842199364	-0.21905521586056786
55.656320171046147	0.47693963770046816	1.3951610198163271
55.746077956175775	0.36397740290899949	1.1835363138660464
56.898614956162504	0.77566340228155251	-0.1465857439456493
56.971175738537596	0.22078702563392832	1.2506155298843202
56.316248917942303	0.12925453904975903	-1.7347719925537648
56.292579047869253	-0.70123750958787556	-0.53166474667440922
56.98159759856955	1.2564974086622276	0.27193262485943598
57.28606223692605	0.97055430974124957	0.4463873739419652
56.514183709949421	1.0066283755002929	-0.17371871718735871
56.489331841388747	0.93902937987251522	-0.1044173335701209
55.860912905601353	0.34172950380358569	0.77286136263428062
56.302524874481797	-0.81192017810856487	-0.41857898409939154
56.084469370506994	-0.92810265813213122	-0.42251307477578642
56.422202739287528	-0.5860045200766173	0.79988119167035643
56.736864128178404	-0.0043265977482028588	0.82565333625618742
55.62587799241814	-0.81360585323476597	0.80023764572644129
55.414892039206748	0.91724180485882101	0.38118684171911826
57.278887968087048	0.095265810278228946	1.0852234275381019
56.578386845961866	0.1230040952657698	1.0946025907702237
55.479723530306643	0.98035617110579176	-0.48923522506122186
56.14275790575342	-1.1314724956436717	-0.45498459752288373
56.293841039718849	1.177163068543333	-0.36349606734177176
55.817089677221794	0.47493653684743281	-1.4103506691572594
57.002953659901223	0.026514466958624413	0.89712559055720931
56.737273764869364	-0.6663690904223285	-0.36416447885079928
55.950079441186084	0.65095099587815386	-0.64544994576926151
55.742989707195193	-0.96266521235442115	1.0904858238660426
55.559355195003931	-0.46302480224378273	-0.57375286732550601
55.668418129442458	-0.62102497213785912	0.7179789891451096
56.620205992694601	0.62093374085082365	-0.79088985511427579
57.414963326030907	-0.80856128600126742	0.58543749014533919
57.316204484114884	-0.68115819584297588	-0.315143970881542
56.887549480074853	-0.488535775465331	-0.44922498673462735
56.53478231343778	0.92464026028429247	0.40336671690727505
56.565218188102072	-1.3350769013986035	0.042011306832528975
56.398001289417444	-0.27670190440851422	-1.3989328117337392
57.341275120152531	-0.93822189225322561	-0.39767699736249096
56.092168165376492	0.9495676679410171	0.18043340799622018
55.930357354043778	-1.0896919729587269	-0.65092415721948593
56.241274031727691	0.95691732466754675	0.45938413012297952
56.947091805380822	0.64983135152173155	0.77221304182005046
56.723730460020086	0.38612456371797094	-0.4778542943819854
56.376308154330992	0.92293920062130064	-0.19684919598805103
56.752205336827387	-0.3243603689424282	-0.73737120829939162
56.130096473513021	-0.5406737963987166	-0.57734007797602238
56.195809701397621	1.1560020472630703	-1.2778459072494861
56.016066834022141	0.06131215541275456	-1.2786723115050125
56.932059687928131	1.2360075103264547	-0.050104896352568644
57.246983774452062	-0.89869205421640119	-0.17713919897586833
56.947872524551414	0.88172479788243152	-0.30726720131815344
56.945363394072245	-1.4284180721990711	-0.23851174994894325
56.163665874356454	0.094774496624235816	0.47277383543844204
57.037429679224907	0.4496370298642352	0.81964024810070624
56.046508388595569	1.5296905179850364	-0.42332389958661676
56.48375057863268	0.051676493464990127	-1.0487849480697844
55.911139874088185	-0.31647727026017713	-1.1912022567932585
56.309895291635911	-0.41611408558658186	-0.98676728445878081
56.405590460212849	-0.50191898394256629	-0.6533172748088627
56.286519771001345	1.210914774849212	-0.49743961270623555
55.606489850352006	-0.91753624444483328	0.67835671919127949
55.43982150655863	0.99310078326406204	-0.17037337894488225
57.162742875754311	0.85313405419169808	-0.027713210621509811
57.194771079499247	-1.1173649342271557	-0.31778868713561176
55.373036561358354	0.53597049320867951	-2.8396000750355554
56.447070195223361	-0.33205234507293385	0.86085823643320558
55.592603110039114	-1.0898870079627936	0.84675423240230197
56.095018130258467	-0.42111805912519573	-0.37908837907934773
56.258575591487975	0.31125395630375735	0.57153577213887585
56.368865574231549	1.02067747518534	0.092169240270088687
57.132846224383549	0.036213905748419213	-0.99416980503449692
56.507883042888366	1.373291617016883	-0.30301497881150774
55.945387074625174	-1.2684160106955065	-0.79365662762958555
56.268122124290542	0.72920142053060677	-0.52523109594603579
56.138353062184208	-1.2342425298355546	0.30968715074217429
57.27570928673741	-0.59404870874845472	0.97237161271857575
56.177674785421736	0.21138302361751451	-0.68061347529981908
57.126218634628671	1.0197202847770523	0.22272407033653693
56.742467161300382	-0.46732499087963247	0.70501484938951242
56.996034464244694	-0.10573668590961509	1.0841111321472032
56.011247644455587	0.49071269086329455	1.004613890879003
55.918924190223976	-0.49418855091170444	-0.15861141234102843
55.585255761901834	1.3518286211833193	-0.22416523146529885
55.382535632865689	0.57060843943739636	0.91110106385133982
57.031398410465748	-0.28528875673816967	-0.80384264708628961
57.029203377552811	-0.62085561733825734	-0.96730208484734825
57.063621208033716	0.35865828737245864	-1.0791405203075488
57.262703424066693	1.0195047206840491	0.56758145141188909
56.928993068157084	-0.62207520377261283	-0.35864064703450849
57.094422791426375	-1.0479349705325589	0.3432633709530078
55.623103659192367	-1.1645039279284171	0.14468922147210797
34.727494274340557	7.2595715719429661	-6.4832568160553397
56.297877047354426	-0.4074826375845978	-0.98410128183012435
56.003601779164335	-1.0169377574286382	-0.12928325452127323
56.327923472491207	0.14813581696653083	-0.95081510524537793
55.807226770183355	-0.16737094467031849	-0.17688667463806831
55.360459040652366	1.3767257946100162	0.031655992168450796
56.694525453684342	-0.34578783026020682	-1.0136180143267928
57.183774166252292	-0.44282991107728836	-0.98747208612484072
57.18398978405159	-1.0013484066015275	0.022771669984930278
56.562877221615366	0.73439707309105362	0.81831928618618044
55.502470250201434	0.0013317907353232268	-0.48318013372912422
56.688573909411659	0.78544295184080248	0.41347831776061628
55.53359925427975	0.65844127115764972	1.2839085229148917
55.824398357703721	-0.86534068274358933	-0.36719788137000198
56.163192235813042	-0.69853362059895052	-0.23504809865641152
55.637941572518038	-1.0872148062341536	1.338524287022304
57.095248058404884	0.0055758468464048496	-0.6763697304288544
55.771103768307583	0.91050492181580045	0.063723034646603394
55.810456090361477	1.0040314024415298	1.0413466010563652
56.847589480510074	-0.027430794143068333	-1.3142186398434088
57.162654163743809	-0.98411438661316863	-0.16240509337420039
56.636463460148093	-0.37421377104703107	0.81067883338815894
55.643810854685356	0.60177045741768032	0.70820986578080447
57.014042938921918	-0.71974798024209041	0.43579996177982827
57.114962549037138	-1.0868810221424554	-0.11377827067764112
56.814622880634332	-1.2612800040083234	0.42415606415010065
56.02285425663171	0.1282601946276814	0.68218752554701001
56.058643562173366	-0.2650923168000866	0.81541081022949402
56.63669956728539	-0.55141216308875274	0.91996124109665722
56.704079139010275	0.83062128341722297	-0.59953498211994849
56.739619514637688	-0.38752534557738622	0.84945636834940164
56.003339106976618	-1.1182531218636043	-0.51674006835312325
57.175123545281835	-1.3468879120301307	-0.31229759937704227
56.327011959231271	-1.1134577568221948	0.85278013486016202
56.510841932339716	0.20858587155243177	0.82672226141362259
57.371751199984224	0.27766799920413243	1.0341664305872602
55.926508257051253	-0.2201315312474538	-0.72370464092370079
56.828011011675819	-0.56171059226207154	-0.85129396908599297
56.35467520512325	0.82991207359082697	0.35528111703211945
55.803341148701364	-0.6234005264952015	1.3720705907891935
56.000680741907082	-0.84511218815670985	-0.41590425647796647
57.068757052439921	0.79188748753283988	0.11977935299124431
56.031900182522456	-1.0992083668310453	-0.59827815739051038
56.364066721227914	0.98052943425573247	0.41566405989563615
56.90849832612259	-0.85580566220147614	0.35887628317808268
56.118941503892643	-0.15930797447179942	-1.3136559767953766
57.350720216246678	-0.039550733386066725	1.1997037181880301
56.918603511975888	0.33457669241988369	-1.1374033914231922
56.576230839045877	0.33926775592166225	-0.10240153378083422
56.941101969451516	0.59126834934134231	0.79885577673247865
56.179474076472509	0.091370395523397277	1.1671684949863115
57.117234288677771	-0.13631365837404502	-0.76928651361421807
56.333992006906023	-0.89726400459972866	0.23504959173212514
55.881101165206267	0.77532495990102313	-0.18311956124778916
56.166827019044355	-0.97495374826337056	-0.6182603707444515
56.523032901240711	-0.60322171111712486	0.93314084456724633
55.410923671984392	-0.14846939931194211	0.74544318981447077
55.987311721329164	-1.182014526243405	-0.0080502845219443484
56.426381555313057	-1.1604027902393397	-0.17889809884207392
55.728533292003448	-0.49574698469095485	-0.25809506328312271
57.094874973101604	-0.87543671768241038	0.77107083420780909
56.660847779256244	-1.0544862669450374	-0.14950322294113114
55.68100756648915	0.63438124855646427	-0.49659014178401439
55.917409104519507	0.2219251569412462	-0.68206315767953207
55.767526198032023	-0.73849087131234892	-1.1135612073736381
56.998974951485444	-1.1684357799762015	-0.67365828070537936
55.963178153307148	-0.51654872549488828	1.084098852074175
55.385847434399587	-0.99468556322637147	-0.23440507192052326
57.140411999374123	-0.084182051652695281	1.0094373903900173
56.938993307583466	0.23204216161820082	1.077083924954817
55.93855558723056	-0.71640804565157579	-0.84368322556121367
56.663543218430235	0.29705406218945318	0.91745709582879076
55.750627066595456	1.2327968016576631	1.1575153350123109
56.725955314774922	6.204253549333518e-05	-2.043016232966739
56.365184298548392	0.39199313578160921	-0.27135145528810051
55.940917429183351	0.058471385441083275	-0.29403333095103029
57.065233269460769	0.41154654221023196	0.66260853996295299
57.331526362425407	-0.072941101858169766	-0.16291191466043389
56.882465960878662	0.75288664185247034	0.057240280242381772
55.545097908692988	0.021145067371592646	1.2307416724793372
55.779185713340148	-0.50495234057034144	-0.87899789456733546
56.073679260644901	0.1493231575640975	1.4134939842416347
56.208961063999737	0.13799981075367801	-0.61119910786511145
55.968697741819582	-1.4921031779338383	0.314256424137354
55.496786346896236	0.64143220857669159	-0.79042381337294976
55.58077753859893	0.91837998748862337	-0.016643077555033414
56.353477668045748	1.981797365467548	-0.7315662410947571
56.993856039451181	0.54953024630228164	0.49438775008896346
44.040572950806961	7.7755790417805466	-3.8956046039206638
57.329919582125008	0.53313763332029851	-0.35925483407576098
55.451925755732155	0.18032854240172833	0.82697969077370359
57.236295498023516	-1.0096931604392232	0.38300190568298881
56.17924345935748	-1.7072948817769356	0.1311533953883407
55.453018437830629	0.52352739563091932	0.75766710326440623
56.818035583440341	1.0258754948055093	-0.41879295430919039
55.95661677246494	0.21316948302220165	-0.4776635710513546
56.652067569207198	-0.33803919854506459	-1.3948517067410908
55.764808478342069	-0.020626452683014371	0.98855692486164914
55.464521865765349	0.40902129686291899	-0.91768480526973584
56.461996331282052	-0.050005106191988398	0.43560386126402151
56.80626357281443	-1.2234935286946973	-0.70697794068741771
56.964429026623989	-0.46078504946336257	-0.90344894746788829
56.350127246543238	-1.1294910756578442	-0.43450190578202375
57.26624413419345	0.0029753220363134144	-1.1925167860678991
57.071838334640866	1.0805800979233386	0.39828900822417973
55.625597537623108	-0.25921038083081349	0.30218945542941289
57.443680216162932	-0.1819659399856362	0.88600073241944455
57.312461524928729	-0.56800570815798346	0.39837136982612353
56.880257493534017	0.86023997369664129	0.17671406749695576
56.898858015448361	-0.52419380662093484	-0.88623512794421855
57.081899535521373	-0.86364225325528943	0.29220876444786215
55.8943483614649	0.14477372438626843	0.98666282911493608
55.878674212810921	-0.31299369664305715	0.379636735815568
56.228323246077835	-0.75914051756877354	-0.66275131688403111
55.975285008913666	0.40846261716227161	0.93309776524615884
57.107031535949943	-0.65930620408891094	0.82245546462788843
57.0472246904732	0.3364472915686707	1.5073810767264986
57.254946843679434	0.13856255144480931	-1.1168016377429308
55.803750719313669	-0.52005342525010456	-0.60428746854671778
55.802793121912245	-0.66323328523398339	0.46700352688847713
56.561798913082363	-0.69127378211893775	0.334645706242928
55.653198252842046	-0.93190815623897483	-0.57275363013704528
56.522711318038453	-0.74811869208319814	-0.79083116626888916
55.778898688458867	-0.12306128565268676	-1.1174118457052278
55.784514570050057	-0.71559901134723247	0.90118231241579394
57.088034542036269	1.1738510281368391	0.35029622198029181
56.260420073513657	-0.042162092056540229	-0.98474116567300973
56.500718156564069	0.15217116019748889	0.7425314770053637
56.859141449957775	0.95897443931992576	0.46669523196293683
56.006845467203	0.83843177192913276	-0.35951595378515122
56.648832749709612	-0.77950135152932598	-0.18626481104111889
55.454415976066826	0.12748118152173288	-0.7308665044067143
56.690790879739879	1.4882352871433278	0.13778329884218993
56.6018945023662	-0.31468455249877458	-0.9554484858065585
55.984965303634191	-0.46577238452277309	-0.15527383959825922
56.862391974804112	-0.048370536033452045	-0.92780875246951167
56.225464903301159	-0.98711593831262612	1.1053217062074638
56.671358287293863	-0.69170998715444387	0.64549818711842732
55.388647818614864	-0.86661523383100991	-0.85146594153978683
56.719929269282936	0.39216694303894339	0.82146342874047285
56.674134777477789	0.1765897231819876	-0.55759296776199807
57.136697516077334	0.37612084670385892	0.51424071128370219
56.486509030836977	1.5289657223942521	0.046541093109687445
56.862671974893878	0.14380659179321531	-1.0184423123369026
56.020274946251718	-0.77308892613252356	0.41670008216398446
57.075976321499631	-0.30894037151914683	0.51228044156804897
57.431778198774246	0.91250348809779125	0.4940245178716926
56.234627205019251	-1.2447620318331125	-0.19281943690161818
56.397016064952084	0.71100472353792954	0.54806860478888653
55.812384963676216	-0.3817165870412364	0.72757629615721775
55.845422323985773	0.96774108497439537	-0.56826541906130756
56.062177188333457	-0.8484572490859924	0.45366150741620759
56.753361698660839	0.54294582406654379	0.0051183521831848393
56.80640189413873	-1.45168058824234	-0.45268677591440415
56.547605709451609	-0.56734655162834158	0.49857106319574629
56.708955860539575	-1.017028133597937	-0.00664296119400301
56.117578864776902	1.0401719801548492	0.41413881036841327
56.588245201627352	0.82000511621555061	0.35603235604416811
56.2668352757305	1.0112822837051845	-0.3108000003816217
55.577841950944517	0.38641630231203722	1.3451110126949781
56.07997139468209	0.63004472209560736	-0.21219893911830484
56.095788734509334	0.52349117504505793	-0.67576311880211171
57.272861491881422	0.94578434215319485	0.53901660920536765
57.305472373158246	0.29453107038275611	0.78447674061422246
55.42726172778913	0.52321779737618568	-0.7690829662392521
56.000178085445853	0.080510978068300085	0.78240479681517339
55.9093065975974	-0.8948089926746936	0.70241085775284795
56.212151970536247	0.95499703915632561	-0.44644986941886072
55.720145654297433	0.58364494798675948	0.62957579895384252
56.717814250360881	0.66898830524636488	0.37703442918077645
56.02685757917623	-0.59134001413335491	0.93496933222599787
57.015306362828753	-0.30792242396639563	0.99783626873612996
56.75423983064892	0.17126394937317421	1.025893735036074
57.074942579078645	0.84434673174255037	-0.4534729893696981
55.752188246409858	-0.30676318678631748	-1.1776196665193672
56.63099210699059	0.32530993106411482	-0.08680068182540171
56.846264657696985	0.99434673862352585	-0.55548853936789866
55.422072355020113	-0.20056641051086072	-0.64003156758981794
56.530727781866688	0.58429640364482549	0.88692770241087493
55.971612562575075	0.17571124658729478	1.0273791503787033
55.543557933683921	-0.9209506410099435	1.0873697698289608
56.140159151440841	-0.82601528515488076	0.19426439644578047
56.63691449702312	0.69022518629823915	-0.23290530418098809
56.371870301050151	-0.5593965019390672	-0.8807973518957255
56.540921889390198	-0.30202705442022498	1.2702061976862067
55.91870488750471	-0.96407651230907854	-1.1868487812286268
56.57241438950939	1.0450274573449776	-0.84882780340866326
56.26061678269911	-1.1376590525800918	-0.6273029862363263
56.444710999677092	0.70816058030290285	0.91901270084607545
55.450350279503326	-1.5796427258641235	0.96943891509840407
56.954359774596611	-1.0362468639459714	-0.64892478386416186
56.611285921022066	-0.95926637182770758	0.26397955781864391
55.509363547325911	0.43189926249629484	-1.251207730188914
56.681982322848832	-0.89800990955981652	-0.36415207161810254
56.692501298238426	-0.51629952524850631	0.46921482207110748
55.421163092168122	-0.6412003325457899	-0.09984206302548794
56.805725031742867	0.89826203066238708	-0.58008284054888748
57.035563055898919	-0.16478195894606837	-0.69011022712099879
56.397617229487686	0.02857736089739198	-0.726359234744547
57.205693076792002	-0.79608772981062936	0.90788856288840458
56.65799329084733	-0.06685109400497817	0.52429127937762976
56.268385103485031	-0.71028992914261024	0.0090426390743207682
57.100090555761419	-0.12878962750040895	0.96416166039976581
57.152106475111893	0.66611515672635313	0.71961284255848323
56.973758655500127	0.19858546220588871	-0.71067859294078606
56.419097855855576	-0.54643205433943742	0.036925501978409964
55.922291736564901	0.78181213912879999	-0.55003338395235057
55.429392574028768	-0.58486606993999868	-0.59631592632341646
55.750974874501182	-1.0129479151454652	-0.71869593968326051
55.813009431041067	-0.82696576330648841	0.52064237691220117
56.39670290980748	0.4474739134003633	0.39376771085262924
56.625810722989051	0.25833935346875686	-0.56111143504795957
56.91518276190444	-0.31877637849031165	1.3004582669985318
57.215715012794114	0.084938637661222227	0.83706447773741788
56.515393715475057	0.24236011081264056	-1.0011386023501994
56.909522844835386	0.74117138250971593	-0.86267339480205329
57.059190319673135	-0.48899366319592424	-0.68422831256794148
55.940835779260247	0.21052583056943355	0.79982904523734988
57.053578890265086	-0.05594089224241558	0.78682967292196326
57.273152769285581	-0.74255811342503242	0.24788949677478248
55.676791654282468	-0.69651318482298519	1.3148322207989462
55.649972007291538	-1.0183865046000737	0.72865603677230983
57.128839123150748	0.34549658169513403	0.17368302942367436
55.983649333194286	-0.0058279313888465302	-1.5772414936504386
56.162471202563914	0.58534344476863331	-0.37612138041896848
55.982851282167346	-0.24866406490226933	-0.90951756348058665
56.180682698078684	0.2447370204149758	0.94456747018015641
56.212172572983263	-0.074401395178988694	0.89357337051035368
56.108333776478688	-0.23526782840094698	0.86304553978728116
56.832291906827308	0.11582121715675195	1.1035147767154694
56.145737755757736	-0.19086517797355546	0.92663142111028873
56.621164025389938	1.0505747969626986	-0.789854706611546
57.181694619187709	-1.1021563751137624	-0.21215714398400298
57.072550635530227	-0.059450516365617996	1.3615146279448553
56.496446538302273	-0.67194333244591264	-0.30928951932074927
55.680425007904795	1.3919501203203049	0.46717204021084102
57.384767380575788	-0.10913774668194803	0.70917045059245809
56.297835652356909	0.7674338088014292	-0.32998517900512347
55.815625387775263	0.35357949553995444	-0.9791028670066243
57.173396994621193	0.56316039345109403	-0.63327756931688461
56.127838775988188	0.39767729883398623	0.70922870583732989
56.621093346643761	-0.19372668350943942	-0.071767921199788726
55.979887675266085	0.91611107588754281	0.037044973371254432
56.881896846641411	0.59868290183614137	-0.70216928007133694
56.927646248337354	-0.35020177262826835	0.7369346967212328
56.731290580863259	-0.0496555846930338	1.1501682213484115
55.884442629750573	-1.3348410579057453	-0.38809560112726521
56.811879110562096	-0.45683538034240023	-1.0022045226734897
55.911385984848067	0.83862480934457639	0.22317328691723576
55.96856736371582	-0.44959959153710127	1.3845416904382768
56.456841403541446	1.0854571819262291	0.080828931136363941
55.818155866308636	-0.6856610537182487	0.69371594030607964
56.597799585255466	0.86428591843592051	-0.26320544523831224
56.50314066787675	-1.2392484405068231	0.4093790956214558
57.077403940755147	0.83362583455572592	0.047021825313809787
56.23619055518391	0.75361445416022077	0.60156400537722943
55.570905555243861	0.8553548829621056	0.91978101086314012
56.794610248744505	0.84869089234196149	0.9036540194375402
56.852906783477955	-0.36921416910987725	0.71562362537549129
57.230249822121486	-0.54386049107511747	1.130503377169189
56.423565335174985	0.13879703883484754	0.82016029020160619
56.297768020913317	-0.18902854552883086	-1.030232792174359
56.511147402398123	-0.89658104539132077	0.18785001705058832
55.498070690428769	-0.062649393532124745	-0.68819299944616175
57.278579567000527	0.87556868026837464	0.77392146574287102
56.052223577707245	-0.4340324898883372	-0.75735412773866395
56.766881075134272	1.2796169355954372	0.19117213410598419
56.359442926514497	0.66193523170109303	0.85694250474610012
55.862938725083175	-0.30917228792563317	-1.2630113534127845
57.202368961752754	-0.61405934792173089	0.78740942094281074
57.282405369627142	0.93748154552985086	0.011338391947616877
56.161985405677868	-0.37073886826188579	-0.90381700444068946
57.184022169226836	0.40135140148675491	0.96985361430068007
56.682052831508983	0.20165499069966494	-1.3254861826862319
56.652620688329947	-0.0073647153615240667	-1.7849841730632725
57.199403757467607	0.46303837311544593	-1.1637371576695597
56.523533391225321	-0.27068234680527276	0.63351591741867685
56.095166693340126	-1.063219274737774	-0.14182371844619199
57.263354799735446	0.87398168911749996	-0.58187395699176148
57.131391587827295	1.0534235543267449	0.31752791620199128
56.002340600912135	0.75313895692455046	-0.88522360238910924
56.31049287722125	0.90238216080469535	-1.0861903606368082
56.629037702722002	0.059257966309708435	1.5381424157389216
56.762991232413704	0.58518534632508656	-0.58115422705843101
56.73366102350375	0.16911000420189623	-0.75153259004977357
56.213934652106367	0.12052825720077635	1.3001275143302553
57.267407891123575	-0.83452913148752716	-0.52369198987120091
57.331632770363001	1.096970492572273	0.12189351425802709
57.059652411828615	-0.69901810516737617	-0.45655839824293565
55.934178571688641	-0.97718105045353587	0.066657781093840379
55.960972070077446	-0.68319352828957192	-0.8866244042908209
56.682287581406342	0.31363690326630622	-1.5021027857521863
55.906589329985735	-0.044341593346248424	1.139122633907856
56.616113737657678	-0.67563126697580311	-0.54651227048473239
57.518221493648696	-0.6671823323078987	-0.16842199734132171
56.657862830699251	-1.0091350822915806	0.52043748636373655
55.5561117433829	-0.38431631132939886	1.6057558626022823
55.962411513973848	-0.42043458815547158	0.62010287092088212
56.378913323243985	-1.1644005688491448	0.11036703265715042
56.272484005825241	-1.0500265821220656	0.071152936836117897
56.379470881587842	-0.8225070886175323	0.12387506556530857
57.097428968344516	-0.71168284158069151	0.5596061679855705
56.449921265808428	0.64994004088307156	-0.4983999900217142
56.620053458911514	-0.14307000043036122	-0.98393274424027766
55.985685012058369	-1.2639181791950576	0.28873248679034125
57.149257584088993	-0.60413928559938068	-0.19102829484266534
56.168702832703275	-1.3237521956609724	-1.8068910069690129
56.161031114574506	-1.0851535789889482	-0.59767060454116938
56.700206760229513	-0.41877639135581418	-0.93647291355827456
55.526221261016296	0.45769746594926669	-1.0348807904635611
55.790797350504995	-0.64632022471428252	-0.6581748024915236
56.907290402323859	0.69277641372013643	-0.45554067255729785
57.243245501336823	-0.87640724364878608	0.78751205944121661
56.254033464467838	-0.53878717576727897	-0.59664683775492322
57.303096020359625	-0.47581505403123858	-0.84970590219894648
56.562620504800378	1.0398357440346684	-0.32745512232114798
37.53593747545635	10.408585274459824	-2.3743850940980447
56.015655410782337	0.68372009273011325	-0.45995246841921317
55.84923783663281	0.24586986634964597	-0.68716383816143944
55.644856731661825	-0.035973467866873568	1.0500827134106578
56.513282874327423	1.0392534457790066	-0.64043302707902205
56.866349449570308	-0.62875537545250759	-1.0833912752595558
57.024932414107354	0.59115475143194507	-0.88792968144736517
57.312626131991202	-1.2576387468421908	0.0022486747023841877
57.256535092044935	0.65778270163806751	-0.57446685734828118
57.379960870717937	-0.75892534668211598	-0.13960505105331247
57.147728851387129	-1.0534363608237469	-0.17266562629801366
56.000079673638851	-0.066896987575674458	1.472354591264498
57.248483147461258	-0.70316225310955638	-0.58739355023673412
56.167129366378141	0.20877836471443051	-0.75796087184997263
56.128667122631882	-0.15257088061740781	-1.1572682653786217
55.978775565649322	0.70420790237072162	0.31039668192150421
55.414499274982461	0.21082199398153406	-1.1600903137625675
55.965128328063628	-0.4629362216145767	0.30309068883093493
57.318105798532983	-0.71414218733036983	0.030476783610023081
56.218717823750474	-0.64923258556167185	-0.76816184232376739
57.378737845387654	0.31066741814576909	-0.52551515754149924
55.536967510077389	1.0165512554867906	0.5551597904830412
55.845181396560072	0.87624919925197842	-0.99226019285255318
56.996019534078769	0.23435966715281184	1.0322406611489576
57.312622850493206	0.89736007497288128	-0.78853283462826895
56.938893161579223	-1.0586502425223143	0.035339503907466742
56.522904165326409	0.39378875880597081	-1.3305623664864386
56.37665902788558	0.083482927992653694	-0.6982462343909408
56.051986920736326	0.12156909111907965	-0.40173289959991915
57.049734008808045	0.69513380443862871	-0.92422745683641505
57.373904613831137	-0.042091469819671393	0.10652129920638537
33.537008814787363	-8.632289700054141	-1.718095586924139
57.212730585530529	0.67441487524124766	-0.075503546380347522
56.007543740880394	-0.22085780826237719	-0.68744356235083359
56.847478045385579	-0.70909024196689407	-0.7503520229716516
56.003934533092902	-1.1941857022864513	-0.1938579935490384
57.031842074401716	0.72872718066158293	-0.74596331064821253
56.131208375666318	1.1493593881000161	-0.39393916895606962
57.033056408465619	-0.43958348632631511	-0.56889793854250026
56.928262716961484	0.98728839722058637	0.47473946374354031
56.932946482114694	-0.83021786863537139	0.13614331593107229
55.430290184235709	0.5150741178254814	0.80693911442584221
56.068412096086419	0.64771190505053489	-0.21934589958796497
56.638442541764086	-0.25590534926358	-1.1339418632338589
56.738980780102914	-0.076233634928954408	0.51853964895312266
56.18117035759937	0.084101564063204168	-0.79863072415972403
57.068090069973998	0.75330713393479221	0.15463379858072557
56.564994013511985	-0.36547082073345327	0.67654821946585131
56.370390694435898	0.81152691868541904	-0.65380954341804098
56.058612366536501	-0.26054318187471787	-0.98818518480822182
56.045178402454304	-0.007268855576672794	-0.088413779083386712
57.252937192777388	0.13477561690456583	-0.83292796553553938
55.722219661466589	-1.0503774369376282	0.22366692152266754
55.989962362866279	-0.24239380214397668	-0.53803276382533227
56.890839341432155	0.33431051463449624	-0.82315882897643011
56.760853536874848	-0.019091055453029478	-0.79357358478668871
56.703814911435458	-0.21353512919512818	-0.77438905704176186
56.185899170794777	0.10484206780909251	1.2332558714662767
56.108328232263929	0.83040685974653505	-0.61793512894914626
56.739498721311634	0.6028304955855156	-0.060688848013184499
55.885419934485981	0.63783183586647985	0.55473727849491161
56.28365793073317	-1.0391290476007264	0.13324538743395456
56.20980696527576	0.43324932560059726	-1.2042091004522508
55.430162986740918	1.2323229282384609	0.20469823412808702
56.205863771009312	0.52219621645135783	0.7877058989625173
56.962302954011847	-0.88713405454311944	0.21109409357327821
56.714607305283558	-0.4395041960525814	-0.97021629129871689
56.812282622278204	-1.5517745611029168	-0.33759214076822192
56.252072314650761	0.47725142464232967	-0.45723183021964864
57.015250736466555	0.81856647776908242	0.78739851646096515
56.569545209299243	0.63223699623407137	0.30046064423083862
55.611139159209422	-1.2038123686458555	0.35733773820290005
56.435068013370248	-1.5255764602591011	0.48902599137476455
56.54771505217559	-3.7543434849289277	-0.072086000224667227
55.537445979411025	-1.1467434848246889	0.036471410627946628
56.639472342138824	0.68777465985102604	-0.47040824525583191
56.69260211235212	-0.58229724691480422	0.44332058667000918
57.114073617082049	-1.2487602156562254	0.31449690423582199
56.519264584010486	0.56048495255276198	-1.0304760965744613
57.318594794259731	-0.68480552257758454	0.17910201211763058
57.189050018371411	1.3300593670592997	0.88148923972536053
56.973786461719492	0.22566858136264917	0.66720523269238652
55.81858334941839	0.93374839946627708	0.052502233482019899
56.813812941458224	0.6880503190544347	-0.72680886324074245
57.045115415568112	1.0779958375863008	-0.53562953713379469
55.504051021314581	0.39886343647169858	-0.44489090228744177
55.721155870924996	0.22656866301936682	-1.1773652200158646
56.496792440589829	-0.058454090635991898	-0.61437062973057543
55.659960474022341	-0.8390115472332097	0.11838622369810047
56.04012629030818	-0.81986079307019277	0.16037054486197716
55.692950660047863	0.4421767180977737	0.64217103778403561
55.421663861880354	-0.8099343107480248	0.74020789860856973
55.943926308988502	-1.1368673279047157	0.13748783766710107
57.016743190406451	-0.4068598948116664	-1.1720028282287456
55.809979420881341	-0.82919598716134923	-0.5300367154739839
57.378677725424737	-0.75231290634057024	-0.3785641957684806
56.819693631421501	0.89028227185115205	-0.35590176801372864
56.650037599169927	-0.58228385320634302	1.0532239368969909
56.215842041042045	0.010090804633373281	1.0900407704635962
56.838661710119332	0.52128540112963295	-1.0721726219597272
56.91473545985194	0.80444616332780805	-0.7019486903142127
56.409831672451212	-1.0509118066856924	0.28960392928051298
56.471621373390036	1.0080632052029295	-0.41772370381153523
56.383927214569638	0.1383706623152787	0.80993487411152509
55.767130971958778	-0.27451577039323499	1.1908755546610346
56.536814789181292	-0.94015718684154015	0.90508469515618695
55.766533709470806	-0.86011790807804434	-0.52103987533236296
56.83423058396108	-1.0526052093825324	-0.055531590661821846
55.965347238866151	-0.58717851077832917	-0.56495475422547425
56.782063094455644	-0.97546438834036742	-0.86084297688150846
56.148319094367203	0.48338646823268439	-0.050145368939038912
56.698694978709035	0.88138935907390148	-0.20415909653394335
55.497332489042996	1.0052988261045561	-0.37595142543835836
56.634051026192587	1.0684314394959431	0.69862272769611511
56.997384311289728	0.60809313927236386	-0.76407631146919619
56.756349546180253	-0.22368990881030529	-0.77225110989152923
55.643398421308696	0.88097337832333278	-0.10793019241147128
56.178214175520665	-0.55051694778830906	-0.95168695526933234
57.369266413342991	-1.3315302154115947	-0.05140869193017885
56.7541347902214	0.66037126042645489	0.48201831517301164
55.685609175819465	-0.63794796540427989	-0.35014064791235716
57.196939357158548	-0.66899586377310338	0.91833729262437858
56.028796237483661	-1.091534911972077	-0.28689978942247735
56.40917487841773	0.0185864743120066	-1.2324682421846596
56.724903661631757	-0.54090978059734895	1.1113158797733276
55.885840581875428	-0.88901868332294076	-0.2744802532909888
56.943770405207133	-0.2053572443107512	-0.84772180422358678
56.855285800139185	0.63778174529592579	0.052907353012720107
56.794817193452907	0.01964985365176939	-0.67281448653432796
56.657550140264668	-0.98640465556955625	0.13271002498229853
56.593204608095341	0.15508205265534078	1.1671176356523216
55.619096585102902	1.2250331534253867	0.21288864572173374
56.157344980148686	0.87356966723826479	0.3388290608605255
56.291123831639119	0.90485656491639832	0.61541065089298441
55.419713672314614	-1.0991475688533492	0.050159686382826994
56.784440840721231	-0.72568483551726182	0.37651174161556672
55.618242512799348	0.24517796485609547	-1.0200500853571084
56.953399194725563	-0.64365344754620546	1.19549709032156
57.115128590921067	-0.89068063522013319	-0.41075715325251005
57.062512937430313	0.27150020532574198	-0.88594823891605867
57.085740866283174	-0.40680149834118878	1.2285062803172873
56.85526667000196	-1.1189106897737076	0.40010771826191466
56.529348820914095	-0.52551739550431409	0.28496900764139926
57.051434758359562	0.95550840220680189	0.30549204743725578
55.453223631468568	1.0160438235262212	-0.16915728405613126
56.542130889525332	0.40689687637517546	-0.36848010931412223
55.663633946522097	-0.13188748750672186	-0.63987467427954992
56.865674228069551	0.97409228393901837	-0.12201666179777536
55.804669294233676	0.38233315259398953	0.79955950744108339
56.507403214790564	1.1335157697973768	-0.85936888784796028
56.876221727809771	-0.034008870264900258	0.65756186852106357
57.138554170297532	0.3428540788645989	0.56765588776709985
56.096519034272397	-0.25607455783155753	-0.79561948849929165
55.64626603826347	-0.10981263975633553	1.0485316309500139
56.265247475820807	-0.016557996887554619	-0.8970550284456088
56.922680562507615	0.46183654211239616	-0.33896697539805232
56.181561748237918	0.6683171245883669	0.5520828789774691
57.143399816839619	-0.62722374258362423	0.94435823252087259
56.326340986753891	0.27062347476914683	-1.2639067821997352
55.462569285373355	0.70266173176842361	-0.68161809984552335
56.03727704090587	-1.4844332221562093	-0.31095046049431657
56.447768981109867	0.30557247352242162	-1.0385693344476548
56.20433382988805	0.47384340199473213	-0.73137155602267745
55.713799265097869	0.43521915914150894	0.0012499388098749971
56.917780059451495	0.48158563965735918	0.65676646997156551
55.452773179547364	0.83744887647121213	0.64817434450095068
57.163907907291858	-0.92811660502656701	-0.22866805683390254
56.512238024677337	-0.15788977961814352	-1.5605341426736392
55.996228378247785	0.50392248839991705	1.1014700524733685
56.849842073572418	-1.0317253868439149	0.24750021657888566
55.715192865837629	-0.39628269476739814	-1.1208477377207593
55.863329351946831	-0.24600213104157831	0.35063868704113754
55.879531342607578	-0.92714518278999969	-0.77907827139500674
55.469750698560269	0.92773381181001791	0.061553331985380849
56.966033717228349	0.88614557188734056	0.44058677620688402
57.198954151992289	0.90429164766677783	0.17895240749648936
56.234913285957312	-0.41750452496050894	-1.0954281313404577
55.568078501075306	0.87042114830970485	-0.51110893901335852
56.949591065610136	0.31961059661840663	0.81452915759447309
57.000552081624754	-1.0833405138180394	0.17553055701423775
56.016471776292427	-0.018151656344082712	-0.74050169021833889
57.317500339108989	0.67470121723530629	0.58077869835680174
55.996508297295428	-0.45518993192238594	-0.49503176363123408
56.458858194535253	0.00086433014185287587	-1.3647597650715046
55.939430980269393	0.27258288983724938	0.785403596066375
57.378696818039906	0.11235393858043825	-0.3358929500077879
56.862285090933149	-0.9007096489896429	0.50383451152990866
56.392999703255946	0.46010602947905194	1.0653503970023301
57.107014572618745	-1.3082021489293287	1.0365267667633944
56.434574530683001	0.09320048642951817	-1.099340903962857
56.399569982288881	0.75724148730315788	0.081161509672379256
55.538890462962648	-0.25822824264172417	0.72934649730522905
56.243391300097642	0.11935499109704416	0.76442973253057289
55.6080864408165	0.20321397612931388	1.2287167075297931
56.396207864642328	-0.25825870443308857	-0.23580586733950976
56.953090879092152	0.87203152745824952	0.00066617759341262872
57.194282856108849	1.3564543750248543	0.45962839236079983
56.494930162615333	0.085682789286507868	1.0438722164262006
56.882702276324444	-0.46982282441631001	1.0182244654409072
55.57817425885758	-0.7623816558841503	0.066302646916167704
57.044420147673442	0.91584235402423042	0.26726199591157279
56.591178897879907	-0.92932278036255855	-0.34338669608856898
56.961394893524663	0.21143232325951902	1.1779046970566927
56.796823646152589	-0.24954358205683105	1.0010214538930009
57.190826777782263	0.31386204556902514	-0.95727769448304223
57.420922232516013	0.73815937173656754	0.83786884909763559
55.39039937885331	0.95180141304930155	-0.052200604237300982
55.736431125328771	-0.35262556184709676	-0.75136392205611813
56.412125296733699	0.6869789201515254	-0.00080731042906996954
55.749570652858814	0.94713727174486928	-0.28150474627629962
56.447171742027386	-0.66793329955941594	0.88057832623540611
56.701901528113311	-0.89805707206568108	-0.14923465793296115
55.824969939109415	0.67278766174837379	0.53152579482665097
55.857577612417963	0.76660079596295538	0.16080236965672032
56.588487163037776	-1.1990018892573377	-0.15149434527695588
56.109135523222839	-1.0334057508822869	0.32943392819200801
56.0233094426615	-0.088428908761005509	0.83320361593228143
55.630856273496583	0.33187764283103866	-0.96302480799429857
56.439975362122091	0.80665642472173738	0.703940109751649
55.811720869682837	0.63923058030962221	-0.31911903639103589
56.927306797169933	-0.85052894823612357	-0.83410952638239999
56.141440793761305	-0.83668062288579215	0.44090829360181599
56.11334132291055	-0.52599965215468392	-0.84672959699841088
55.740051577714361	1.0304167349105164	-0.34698962566730895
57.005570214852987	0.48780206789484942	-1.1315924420484433
56.297330582956803	-0.81344574763528243	0.92921448010204111
56.154607784980975	0.47383622957096022	-0.95788429699734645
56.896144219697504	-0.56324208344011417	0.88605748605750567
55.455208179686075	0.26789839017498884	0.58958284072291334
55.519016391152164	0.043888915236180458	-2.0881097959796389
56.811696925940382	-0.71079152928395017	-0.8679267391560328
57.068377251384298	0.70288844015561047	-0.62085485890884717
57.175927796565823	-0.14927636527500149	0.8886634899396969
56.519337531244418	-0.43724649299600987	0.023718395441690972
56.642010124393394	-0.62955671990787421	0.22150047120588431
57.082510197706625	0.45157800872539205	0.30688168699872465
57.124344145482652	-0.6149997028606875	-1.0043844793938919
55.925753789979133	-0.070744936843723627	-0.79428478442388117
57.123375812983078	0.32044486945824591	-0.79849348655946373
57.300568942618412	0.89905529736560286	-0.43017808097422983
55.950625829298588	1.2514503045380476	-0.84655944102323721
55.564801171090906	-0.44385125312633394	-0.63433137031001685
57.110755646155432	-0.03579595994762657	-1.0736922277034855
57.033154995625836	0.79514999116597807	0.49288320077313152
55.622530377969206	-0.68323736043185823	0.95504461097457383
56.780399155761842	-0.17596720607571595	0.93016765370491417
55.713130463231877	0.96455940216718106	-0.45602722873779994
55.904129987703911	1.5345525037265151	-2.3974393848757538
55.925156421641098	-1.1945739799029822	0.14577692023080271
56.211528010167775	-0.76482070197819974	0.94699584285314209
55.879404510889444	-0.46012980486997268	-0.39081102071231222
56.786531464811389	-0.25981481692376268	-1.2182185122748121
55.616173992406921	1.1625740244849301	0.68159296155617466
56.460465698724654	-0.34930344386658468	-1.3718954210767806
55.858644053083736	-0.25256982595155431	-0.45110861403260205
56.097123255168199	-1.3445382211501065	0.31373723315378443
56.233339681044214	0.10391569178980274	0.90426027197611381
56.868808883983355	-0.75723519887734025	0.39038426909360663
56.362786701537431	-1.0060262202840931	-0.41441533191442498
56.499854217017401	-0.91274021551439022	0.78588799694624734
56.976672749011961	-0.33121249651819551	0.68086659539286665
57.219671024479204	-1.0557201003615657	0.57700646228020114
57.262666374927626	-1.0142553998450712	-0.027075275245537204
56.763414490103351	0.37953339589084939	0.030966659738617782
56.877729818594965	-1.0741621729799091	0.11552569883496126
56.513187921726697	-0.84967411153007644	0.80537338427226457
55.495916824000787	0.77373945197054994	-0.50947709259433072
55.560377491840782	-0.38494658133197873	0.0098119607413958108
56.440417393518153	0.52567709174491162	0.40538282516031043
56.991492554547072	-1.2241091421230836	0.07150274721754124
56.005906624013463	0.33752531946231112	-1.2647414419632701
55.782473156627013	-0.82654273947128154	0.16526472220329763
57.002367868807973	0.33955769484949594	0.68131181622839831
57.16446738079528	-0.0057488164450391205	-1.0150395157808074
57.372409625499301	0.68879070088164895	-0.42372046852851991
56.469407204151693	1.0745107906571678	0.2443844332637557
57.271358707234363	0.62647145782269897	-0.56765749894004935
56.360064945944465	-0.46441927317234605	0.43477162423936139
55.959490980666324	1.4035014253489237	0.92822519807722115
55.70467280112932	-1.2124132821243698	1.010151499256108
56.45323604231929	0.35430804590693299	1.321893419662997
56.090661172545012	-0.31710225817271853	-0.65334881545056844
56.453018250552475	0.68837185325600436	0.20068218689079254
56.568826969529049	0.54765387437955193	0.19840127252888282
56.063661497039874	-0.49542008635263474	-0.90497005113082662
55.367107460851358	-0.91586910075903183	0.02660439430247645
56.617816518846482	0.86167738472574706	-0.58894300209359451
56.686470237596374	-0.31423363107990515	-0.69919536954718509
55.819056139747644	-0.30806695135436568	-1.2081182056658577
56.318781748209588	0.35292230259665214	-0.55696598926126473
55.598622435915779	-0.95317471249462338	0.45852790949705419
55.631895795402279	0.85275733335686466	0.53489250801487698
55.681405251018674	-0.71482591967888309	-1.0026919803426251
55.572005800579419	-0.066495798443211102	-1.6857013738199997
56.25403280537563	0.22245862978296405	-0.73463704529094864
56.903727711433987	-0.65442192123227849	-0.68828045336416876
56.090630419967042	-0.62528421604843787	0.32766481762709193
56.305687704905154	-1.0939101630943231	0.13647787316601362
55.803994027868889	-1.0112005597913318	-0.60761810653425319
56.697537692889732	-0.13614613700147812	1.254695755865008
57.112144546636898	-0.70487789245728183	-0.90768161566091976
55.615568266435233	1.4030147304630325	-0.14696743257517939
55.865227664027074	1.5362771042610235	0.038734423370642181
57.023025750513305	-0.019234330213688543	-0.93364017719914438
56.16491321694577	0.28935668253589747	-1.1420080186497796
55.494333324084174	0.67488986667547457	-1.0085173790792079
56.988776958235945	-0.088535776816896991	1.226247253038236
56.678725868459644	0.71387635876915656	-1.2499625251753228
56.712791925709411	-0.81891466774675503	0.21159063118913532
57.083574985359697	0.50744909189546028	0.34114094263292466
56.261258689401473	-0.36504471354689266	0.72944979635782836
56.201637077888087	0.68163742119279813	0.70097344145956375
56.097839743076499	0.56074782409043122	-0.29081779691999909
56.259040669364666	1.8169034861062434	0.01219469140025343
55.393142125409234	0.098402554575795026	-0.71183579691777965
55.574298472390481	-0.91343321640793651	-0.14313448631458611
55.760126835582888	0.18495787417085693	0.65203310993534369
56.853724057835819	-0.74961441194120437	-0.20062773962529895
57.086344448246862	-0.74729400777942545	-0.25507617520288989
55.477965049598609	-1.2196285602949208	-1.1568825388922237
55.3947725421529	0.84692121288982503	-0.66240545188282063
55.693498617513633	-0.80963552511398496	0.92415006501985419
56.962404469142051	-0.90158087529278008	0.1966057713090944
56.820498227222814	-0.67892469572839342	-0.12380323080188113
56.875198458802942	0.45801666973583699	0.88555887350516738
55.664464183657579	0.8549308210449007	-0.17522150874845469
57.129133820505096	-0.26565037092392874	0.67912707527557581
56.410574795996638	-0.41082904644577767	1.0318951380802199
57.311481543071636	0.93275842374441109	0.36410114007172228
55.690254530738166	0.40180375448138822	1.4338396838803698
55.908686548191376	-0.54804041337107956	-0.30055469948804436
55.360521368511854	-0.79734768604568829	1.1816981944898701
56.602974329340995	-0.34678437045790134	0.55775317734298602
56.644182799518653	0.89609745820339981	0.35893675609643322
57.112908236016672	-0.95851155383767983	-0.89099581293272256
57.285573404725753	0.8431051175556924	0.0099009333859750217
56.22054448284193	0.11384664718692887	0.92993535802568406
55.712795895605858	0.32045798353735244	-0.47896884597534745
57.124978837579228	-1.3963568366288319	0.89006375843357155
57.289610979459518	-0.63466643055373084	0.73287306894957527
57.19607715300647	0.6134403105781383	-0.69113576147929257
55.73690051974733	0.37103755031122221	0.43492795889985109
57.334320557275994	0.51104360286248263	0.96379140516782602
56.800000635544379	0.24702239610861779	0.87964250133126065
56.274378965919524	-0.78395452524205933	-0.25052605993081367
57.076810317793871	-0.75903323057586369	0.52637871041941053
57.243817448712562	-0.53047249448174427	0.0029818902019360721
57.241285460860993	0.58558882133031953	0.45552697915530388
56.681634722837941	1.1284540749276406	0.23582398705263274
55.621560510915131	0.52915584131560356	-1.2029149689396772
56.503369912945693	0.65923473300279978	-0.10208132020086673
57.006859927734332	0.22995310018554552	0.50258245685773828
55.52948201670285	1.2622168269713336	0.49743252061636123
55.557515355841701	0.45069272488346351	0.79733569801235038
56.286465125082302	-0.64077736051198908	1.3754743696643592
56.199188726242461	-0.45074090896544328	0.58887053128186539
56.835967432094087	0.26663821338826688	0.71269121255268653
55.509147896996055	0.54444159042066065	-1.1855378578827958
57.236875446033721	0.18337737080792543	1.0573871394992516
57.196967423823288	1.2629201784761128	-0.017843353113212369
55.749733494607391	-1.2107860600513096	-0.33613170996760278
55.47681199757141	-0.90082288909956787	0.40367181415986475
56.056691710108623	0.61522830723941269	0.13539582861748362
56.590108820972233	-0.23305033857174365	-0.67446108985267961
56.657483613031793	1.0951090215075292	-0.27391814125447406
56.066525800084264	0.11722124100674151	-0.64940242980201646
55.960445392602516	-0.8248632966598608	-0.27622000294765553
56.093072383118361	-0.11553075302055764	0.95805579535252605
56.853098352147825	-0.99067872395583356	0.46358075940775767
56.257013044528165	1.1222643402507286	-0.63269653764388711
55.418567081994937	-0.041799935683318981	-1.0786356016043595
56.508356036923409	-0.65352184551727976	-0.99765295534237519
55.75498261271359	0.69851818736853755	0.20588131891722536
56.87839386514726	0.8901445959062867	0.20837003147355285
55.861890624042793	0.43522029329840978	-0.69336084426227218
56.127568170679488	0.70472813248196708	0.26480762986542683
56.674168222044116	-0.97445812442875612	-0.020949583178183448
57.092112894795015	1.4277690700492467	0.2502362975558019
57.331158573351097	-1.022219025317078	0.013042968666282977
55.945676305448096	0.18069910044040227	-0.59666482632845175
57.354924921857936	-0.3317638248931824	0.7982682966125374
56.240890662270196	-0.82925384407682912	0.5780056354049451
56.803950121811958	-0.29717448443685396	-1.0826131207511238
55.905339681109901	-0.68455494083202917	1.1424321097660912
55.578486164071556	-0.82277884931053624	0.37957115644447442
55.684955217861834	-0.59769957915815042	1.2772199343548198
55.530488933222074	-0.77739063227055116	0.38288136984643056
57.029163112068744	0.27297212279746691	-0.45182426876724258
57.059077006419777	-1.4812025962738389	0.23447174225237524
56.179500182144835	0.60283858311141714	1.3342049252209067
56.381907848181115	0.65416095967826726	1.0665411156470828
55.942750361875063	1.0472309695969657	0.040378499866167407
56.400297600578824	0.65947590044764381	0.62839760281695634
55.732476741922675	1.0227411850311332	-0.12599855401524596
55.883807092900248	0.25818558668944419	-0.37479718571594101
56.679850965624389	-1.1170785273915018	0.25187373636242638
55.899495882925883	-0.31568292555442756	-0.70067509607671896
56.523825004211915	-0.31613542239059744	-0.39918088044016281
56.330428467781118	-0.56444315999887384	-0.63191315922975422
56.493631673825334	-0.29276570659197798	1.0042632413021437
57.143461085690653	0.011802632643142215	-0.76482056991675018
56.465033439133826	-0.43236801620658499	-1.1204935782908876
56.585353000783165	-0.054450552539700443	-0.92697360564649045
55.580672022804478	-1.0444206308173252	-0.44624823545642645
56.156435213000051	-0.64597500812520281	0.67357062229468045
56.928648115253161	-1.2312712769162442	-0.55886817328958527
55.683218888686781	-1.3249623444474792	0.26233839213520699
56.760940387629091	0.15948993085075963	1.0841505002599099
55.762316420156871	0.67793326814191213	-0.57953094460913546
57.337240132364862	-0.089008722093189607	-1.4021465245188447
57.07752688384209	-1.2445689500022064	-0.07980716714385637
56.370075359372947	-0.43068942242556224	-0.91868875783490422
57.203081330380243	-0.6219152907107296	0.25911146708333394
57.164644665502465	0.77207389657602998	-0.2400448832325538
57.065867024508599	0.66464767195195451	0.13126087518947027
55.823871465746251	-0.99930938981027451	0.56847567429617996
56.829644565616078	0.18907412731447443	-1.144312334834455
55.501292104347485	0.93767613630841162	-1.0527615691774452
55.584162497417928	0.69264005667652251	-0.48426850766751517
57.058722706122751	-0.34993084363653781	-1.1122692717017022
56.731317204427299	-0.62237141832132459	-0.41336604457998161
57.163582918077999	-1.2345427324748752	0.074150325975455414
55.833258173985456	-0.27258801298033492	0.45467946042049018
57.021733969083698	-0.82282386934017404	0.63303951509124812
56.513345284278955	-0.98272817138015656	0.17353798981426069
56.87083280637161	-0.55061938367022012	-0.8482515862105684
55.607762113335447	-0.53264915449869721	0.8447963312194493
56.45524428372682	0.11665979240308565	-0.87217549007147666
56.651234456172737	-0.35785982240068992	-0.55789768905297399
56.437940000483032	-1.0074595103720756	0.33282791898918673
55.807558719695137	-0.59312919931002084	0.94847230532106375
57.311190410976053	0.50994484133008422	-0.55400041312079384
55.760110081074515	-0.31305628434674138	-0.73214373235873675
56.357598560987924	0.03567410829210841	-0.64389532749538225
55.940187370625381	-0.62399993672976384	-0.6409880489218901
57.393650886445258	-0.27192733406468506	0.74637228405118394
56.138134042421292	0.5786858712514924	-0.70747470069974372
56.65740185682624	-1.0295251744734755	0.05193113199374283
56.405179588105376	0.01688572365497281	-0.92303073617234821
55.618032825150479	-0.44456369794752565	1.2226596179013296
55.875635387578733	0.60687493713636453	-0.96342050144768754
56.983946656258723	-0.58338061105428085	-0.62915754321732809
57.326350301485398	0.74655537043699693	0.72284311708706761
56.117642380176548	-0.6229820868256537	-0.70026413539917931
56.888574714745346	0.55047858704092822	-1.3435219079834311
56.432942362327445	0.44954485176149622	0.79124014119714003
55.928251520970697	-1.1779823013432502	-0.10371981014163656
56.561297347137263	-0.9983364095703714	0.12067277675202041
57.06890180829442	0.48492947683078452	1.0496879185366312
57.161448577337175	0.74919048748705053	0.45886025124686863
56.107150333069342	0.94752689100975196	0.03834145146371766
56.156118170334835	1.1708563073302662	0.012481786225442847
56.341937294452478	-1.1484161025320627	0.5177198850855983
57.084999253854015	-0.1998097452733226	-0.72165324173347734
56.791879113542052	-0.15806571074621509	-0.4043623000469011
56.775755125021988	-1.2692388817658584	-0.38045448727272468
55.711992113261687	1.0225978219522167	0.28465123294130856
56.122413287465051	-0.86286013766908309	-0.95393698694435636
57.203007098120231	-0.80262827839596129	-0.3527350692131761
57.043990481042783	0.95381933594001889	-1.0133459003864189
55.822299456147967	-0.18244855104835356	0.64022382263915578
56.805627503648026	-0.70766642266601876	-0.21407923367857851
55.598498492883287	0.33935742628877708	1.0330949418664217
55.986666523829477	-0.78979619246628041	0.50832943718491164
55.90057297604254	-0.99223706159930847	0.26657395666478273
56.307945738560875	0.93003857133892487	-0.50212723794027958
57.17396201187205	0.81598252901684853	-0.51125288985052753
55.863370990287379	-1.1111018827069663	-0.32028661836391203
55.866290051157449	-0.02833656513473572	0.87122716676302725
56.695466380367598	-0.94806243534324419	-0.047265295006674556
56.161512240903022	0.467960022521898	-0.12709437039850846
55.785972055062842	0.55638373354980575	1.032569570426209
55.60413443847019	-0.62650476486632922	0.37421366418251067
57.12053492403718	1.2143009667777944	0.35729159733825672
57.26972970829064	-0.56733508509933372	0.42304372422773046
55.688004817532089	0.21001861170718711	0.63283421663822992
57.095591882407959	0.320912426325973	0.90145067680658608
55.587999576179826	1.2920422631594521	0.0161227518588937
56.467387242055054	1.2960669058694776	0.18948096610325962
55.833060103491981	-0.75415754553649683	0.31087881730909528
55.869503128571843	-0.65622065161085219	-0.44230316396407776
56.530847436325416	-0.17792944076530173	0.54275123543830328
56.41426862594772	-0.36089418399322226	-0.40068998118361965
55.625017500054682	-0.26000005303547785	-0.81074610837354799
56.023770846631379	0.8895605808417747	0.22473413774158751
55.625292081743808	-0.04916236085726567	0.40666047610236078
56.968698043115921	-0.64480594428212457	-0.60229354965814053
56.958636990261539	-0.83299227594390146	-0.87634045391358606
56.6467200969023	0.60479777117843303	-0.59251444073344606
57.106867388744611	0.4920151914199592	0.83004327827268498
56.467979314838338	-1.4305537733938782	0.33197361677981746
57.01281489525266	-0.74220656997272849	-0.55955172726478186
56.972188005782122	0.69613312057965471	-0.75479830012765337
57.384339004919248	-0.71035300922665645	-0.99781368253149361
56.2930927653886	0.58883381240089561	-0.6594221815147967
56.756094335631531	0.27656686281749049	-1.3561477930314834
57.143516574406405	-0.1136626555426208	-0.92946905597755203
56.684793586079707	-0.67010475119054036	-0.71913685978857345
56.922513053794013	0.23709538439374706	-1.0377498859101495
55.908421804766341	0.92952452935120777	-0.15444847610367729
57.319985912313975	0.75487107113290208	0.85599384748075891
57.167489396671449	0.55788344441879711	1.421469472121319
56.230434490126797	0.63750426355450707	-0.69659083109057018
57.348627933770594	0.080159186016377532	1.1296303632377245
57.112502823474266	-0.51841479796677292	-0.93915455209449261
56.638879675351561	0.27855166712656454	0.48654850633233998
55.677503938436161	-0.24094611925196047	0.559467244723868
57.13225080953292	-0.61892966197164878	-0.52129508274613545
56.886382763206932	-1.1609103062078465	-0.18796198821218324
56.693616218199033	0.87413659986137449	0.0058826393581834502
55.94793486374563	0.95878449332744142	-0.14267146518043494
57.118986409829169	0.40247491579635591	-0.64236387283714069
56.393431119273885	-0.70411276124207534	0.93535574340928096
55.732082956612501	-0.3686427122588416	1.0026223254135429
56.799596379216396	-0.5311880117882245	0.67213079464067782
56.614360941235745	-0.25373085295082648	0.75425088648980532
57.114164543333338	1.1209673502445179	0.69038765051720374
56.331535078849051	0.73394043479093973	-0.30717818200331803
56.96754051365523	-0.27183911633846292	-1.3062311384090921
55.785824817278041	0.61416077390937973	-0.9028578870530084
56.56877817762448	1.1275299782515824	0.89202794542018782
56.905464925746365	0.50310617176811301	-0.89620644923987236
55.764540132528651	-0.47764541967444102	0.1862500342182988
56.168596437333626	0.61331630935245529	-0.91735899260121168
56.586184525210427	0.44868177460858383	0.62842556520657811
55.718209674401564	0.65067525768372558	-0.97684486919644742
56.767724111080952	0.83080044882727666	-0.89142602005973171
56.790528770365114	0.96473090213799051	-0.15814351484999389
56.464108298261941	0.26856874206441633	0.6042111024787945
56.481818243088185	-0.96034018761903528	-0.65504730491535301
56.215865915769363	0.50832541857272973	1.2402618134120482
57.326477234878716	-0.78723141749450698	-0.81257812223393944
56.572538223617755	-0.5082699803132098	0.50041104610749654
57.218244243790487	0.80628598607310642	0.56765060430038683
57.214406558350106	0.57382537862449801	-0.40884712126457134
55.496221565958848	-0.41354554604813748	-0.69282414627166
56.32002511241037	-0.17794706304477767	-0.090771377595100011
56.831182532038667	0.39987563622089572	-0.78727380559805249
55.699047374492935	0.7468692487568781	0.2628228981519915
55.280021562954339	0.64993990855493089	-0.53333148149781262
56.156618364912845	-0.5176713230638279	-0.51274142311179993
55.791395024991296	-0.18340323222614233	-1.2794696116396913
56.295784986237841	-0.021118154191027385	1.1331178894715079
55.62143868914854	-0.10781066108797024	0.91190779202197469
56.897788807057658	0.76270515509592063	0.71030193035778733
56.81416132560971	0.28636874566022874	0.93419297111603938
56.666223660092989	0.88752538005590131	0.78772338851899237
55.639011423358312	-0.42314451879107395	1.2210986315055796
55.662441169634484	0.49433805793123964	1.2032539360497176
56.262559776162142	0.47254692834893208	1.2037977114451532
56.17755374545127	-1.4066941222945657	0.86313118836112657
55.955534669821489	-0.29363065613696265	0.75791470370219083
55.839054131861808	-0.13422146341183547	1.1545476458070381
56.750351615904599	0.6117419260834821	0.53977153204034556
56.233424966352572	-1.3851300907103643	0.50904546523622685
56.971726913168816	-1.2922449121045054	0.4836711833980929
56.075434080647547	-0.78993753094204944	-0.32134687852334493
56.41642262548725	0.9976154850880149	-0.19865524710660973
56.887469561809155	0.26862699442451682	0.7274593083805353
56.502565950291597	1.0389375429013614	-0.82562326192100599
56.428238396010833	-0.042133554027792924	0.59645905295527502
56.270163153873412	0.8724882713687927	0.71865928377561639
56.234005534955507	-0.59653219898430321	-0.92760077158388987
56.177433439673798	0.35047034273361077	1.2626218325592211
55.906541324113952	0.89621271938484048	-0.38376136652374959
56.29556798468316	-1.1846300630153845	1.0009304540149973
56.458051375723393	-0.51133477856752863	-0.94411114348125302
56.324980377722191	0.095983705116087212	0.99748169168446588
56.816563939104711	-1.1475127735798214	-0.28754166133601688
57.197802033920794	-0.89169387313823101	-0.39381009670162065
56.367590846049147	-0.056208599372170195	-1.034545521681693
57.023043553585239	0.036830148219212114	-0.84053352299434558
56.849653854490079	0.94889986759245559	-0.54247905298241583
56.41716653977646	0.084188169542232696	-1.0171749403147814
55.806867159790436	-1.2290165456999549	0.54835489942784177
56.915375597089913	0.52607445539249598	-1.0843628908412308
55.880376393104406	0.16536007632887528	0.81193596728336714
55.594704828076836	0.22637178228862653	-1.1535526077690994
57.134533620868623	0.3518390607523692	0.5196371738753397
56.880185426863179	-0.21407965851437449	0.36647547812066056
56.219205471548243	0.51788859396674292	-0.84395976685244656
56.826655926609256	-0.56075951140335101	1.217622450860137
56.590166177382876	0.94388370313921532	-0.76871072440868893
55.386531446791508	0.48147239266590558	-0.81478673910306287
56.641170279897075	-0.64020064372317498	-0.3904961891990319
56.243698803736002	-0.35342738888788777	-0.56948537144702438
55.486910151204391	-0.37549315345890166	0.80815374161698639
56.122944132080761	0.46023988149383566	-0.7200357156566799
57.118322686665657	0.65033279235293551	-0.89453076307592383
56.307072398557473	0.51942568023211932	-0.87413626642031772
57.26391329064549	-0.13527263787878757	-1.3771785243310397
56.259416391961466	0.23332750031286284	-0.54817242446816705
55.894043230274072	-0.68876239823248497	0.91137213497669378
56.240283235640206	0.49533500049928864	0.40573527855144087
56.721837936688502	1.3201981730803234	0.082765965388461218
57.363582891003126	-0.75831104637127811	0.38588298245436581
57.333104629475933	1.0361461190815053	-0.24532479498146917
56.007377273356553	0.97717097222280713	-0.43707960953478242
55.803376290073494	0.98044023286893722	0.20440105380341714
56.420072497261977	0.52436630482252278	0.70693786285009064
55.686119252987531	-0.25326075615509597	0.48357773730285225
56.398161161867215	0.18117008688918446	0.97289552949613045
56.233260861631933	0.31051991310624499	1.0071001108868729
56.501322784512801	0.71751623335679815	0.69682835758493877
55.657781741184614	-1.3151551357013216	0.046550287229404227
56.797071030284656	-0.4531969784909024	0.81257328662183703
55.590793054424118	0.99167019241980037	1.1679221468733003
56.746573448620801	0.3758327786057003	-1.2308813963332996
56.93683144183953	-0.61752916217285025	0.40498516320314826
55.779707434262392	0.86184257879941706	0.86736605696089064
55.624925052800762	0.35208298532327875	1.0858308114132533
55.525198764900935	1.0581169278173612	0.13016850553622095
55.609365511481947	1.0058974306824309	0.037677420889767589
57.320135744312772	-1.1524262708961057	0.973765336382999
55.576508634642892	-1.2554638291654494	-0.2401406915724173
56.71231896995053	0.20709768558480951	1.1041124342576469
55.718127098138226	-0.016331478329225671	0.87252407871175497
56.205138047523697	-0.83530076033322254	0.39535066774001598
56.732787395847147	-0.31004353232777232	-0.233918646413384
57.215320559779393	0.50955564000186671	0.77368081968363511
56.163406336261872	0.46783559304557948	-0.2345598153064774
56.741295013898664	-0.49713042967453591	0.31952937358461725
55.839948429001424	-1.1825997508725783	0.60381799156700156
55.657769881992465	-0.30233235564606742	0.74759505221210321
56.074087379581584	0.11385435157420358	-1.2188418687620732
55.530498673229744	-1.1798250103822869	-0.05223025537400542
55.271207681031726	-0.77925747532353928	0.87562696954407437
56.115875767046468	0.84900098424450154	1.0168991344713445
56.396458433614924	0.92651990238849014	-0.70008508968234762
56.795205644893329	0.45126877462448989	-0.81907835333272472
56.497929023245753	0.84031500096367684	0.65463614654911806
56.176885976920232	-0.0843615298295705	1.100688485615406
55.908059321763339	-0.74610558661504767	-0.0011060076255500094
56.378345807885445	0.55568247630681011	0.62898915321887539
55.670792853853854	0.23830883444393083	-1.1096621537919049
56.012939885249288	0.48028710815533354	-0.45022205645287078
56.614416434651993	-0.83217417771585556	-0.052897060339985195
56.685744970321402	0.11432280292094225	0.98972553120306528
56.228052315560547	-0.22188974318388494	0.77141458981883682
57.29661316564659	-0.40157182145797315	-0.39798149900285323
57.043629658389747	-0.76777098260113819	-0.42961383915573376
56.195341453105158	-1.3016981048216592	-0.11807939810750037
56.823754492172959	0.96709698587676884	-0.50490699360053948
56.927832924500244	-0.50145611627281372	1.1636626511009183
56.41652752637826	1.2762773812635553	0.46030597929581846
56.061246146330284	-0.64185250857931253	0.69515713968706039
56.944850206156858	1.0712672934624583	-0.64151928279541781
57.037585942223032	0.48862350139354954	-1.0216504426658972
56.335576922457527	0.25029640328606334	-0.5480239243731706
56.789122944463237	0.75943049200623614	-0.50758236762388831
55.800604704923089	1.0828446070482172	-0.60344525664749527
56.444026593659288	-0.43901521794150805	0.77893776486547395
57.260193040967714	0.74874701870169835	0.88152876855594275
57.114136577257256	0.67173081237345067	-0.96715849168446555
55.92762161268633	0.62848594154230075	0.44472992300279307
56.660653340466119	0.090155752170176628	-0.7986598174102072
55.638017819732639	-0.20446420240237079	-1.1839735843208841
56.577097526814292	-0.84991821437482784	-0.23956435368941051
56.286833463208048	0.49862152627379808	-0.72084240484440198
55.478831179649475	0.38218828918875464	1.1240872326577986
56.81122872442851	-0.062814593623163412	-0.98328599518404258
56.564558816142977	-0.45933672378628843	-0.87366318045669022
55.873497767053991	0.31189391369207253	0.88165592957319139
55.790771902299134	0.54066921758849196	-0.74604361744254299
56.981233875075482	-0.054381744207288196	0.79487857134608497
56.007151769101341	0.9241723784513326	-0.89215314746314534
56.321235577906329	0.48313439977188616	1.3371590861715255
56.493404847398409	-0.59763795555200505	-0.1694043385631383
55.601918015147511	-0.76900077859382687	-0.73791049420121047
56.690842163612366	1.0049213652844249	0.012159393368957024
56.550562264841076	-1.1400302754755773	0.15760719109509533
56.065692259870502	1.3021891694805052	-0.19582197944047128
56.800641435097084	-0.39748517058050536	-0.72766904729224036
56.861453172189961	0.43771604225434457	-0.35445052745703931
57.045435303052884	-0.52811372419453106	-0.76359300371090444
56.288198657871753	-1.005996638116293	-0.10454226440585372
57.326925203277838	-0.064165532473270961	0.91367581127163944
57.128841639050115	-0.43840365834306727	0.31794985738208714
55.621966032902648	-0.68302567982712459	-0.038326161425061421
55.411293819595549	1.2248078049159365	-1.1438995881107947
55.935434740829919	-0.79883517289628136	0.023262614595325748
55.593856805256031	0.40877178918674217	-0.50643912849443895
56.125029790857383	-0.22437114480625142	-1.0272415928737944
56.595552893786063	-0.21187070892121732	0.74864854712288653
55.611571316678635	0.96922272542526078	-0.5256025336926522
56.813734617692312	1.2706126412289893	-0.27489406391229787
55.609641015062763	1.0144264394923279	-0.53274027655935074
56.966757280892246	-1.2408723681713021	0.032293079492327847
56.60063535020457	0.45164822690733808	-0.7305997894056665
54.66732954403669	-5.9129675671736655	-4.7548260421522981
56.530941454304802	-0.69535675975901468	0.47294157099256351
57.207593125131304	-0.7938121349483761	-0.95390661592935566
56.172914429240564	-1.7043092501303556	-1.1238529032020332
56.26356948913331	-0.50409866109548762	-0.88320405769659138
55.72926364465583	1.3500310769891626	-0.45181980606396044
56.496048775125736	1.0518269699776808	0.080949607174843716
57.119922812677956	0.23821773136636251	0.60581894521832536
56.665993963173008	-0.22582728036346619	0.90282204011756417
56.227174392175641	-0.40198678808941718	-0.22509796328159085
56.34919005712014	0.3624249550047231	0.82711397566343292
56.331878742942401	0.88793462940589063	-0.89343342225039868
55.59857897643959	-0.70863262355857604	-0.68836896779963419
56.726137302407992	0.99463555234548151	0.1543137008237879
55.617118631145082	0.56305475256162174	0.56823908121166622
57.034762757187245	-0.2729174279238667	1.0794401874030235
56.25295720475939	-0.26322841552812493	-1.2612181981542363
55.811601373694636	0.66933821623340461	1.0668806113855935
56.035563783997418	0.92997935406620325	-0.86280754965995243
56.207033131410249	-0.87357985011528194	0.31922531764252376
56.739011125786412	-0.94767880093159595	-0.73858617868527798
56.646177471233969	-1.0060649348099975	0.14814563731095221
56.411314982665282	-0.53531173329476112	-0.32280317712185824
57.392976305887032	-0.96632084334044233	0.76296655852268047
55.628130350198319	0.38121912584471673	0.90086580421878881
56.450871037967346	0.77996641837138148	0.31247477160356102
56.169090362122091	-0.72915908891604486	0.34900382907803623
56.460588139659038	0.36402947442118205	0.87406740718878606
55.397841555534171	0.86826810320657755	0.42490050136789204
56.09523705364694	0.99219555101880341	-0.60392126936577806
55.469266162036888	0.46022289426757884	1.3579607590643041
57.032813424884687	-0.89410424492156815	-0.32336793237799283
56.525765626802986	1.0366729949327973	-0.48969829828170897
56.878539689178801	0.13476560644465932	1.1746415391411558
46.695270273900718	-16.073713824852373	-6.27429854858942
57.123790143132759	-0.017421590191893856	0.87432254004260634
56.369468037493817	0.90454034918344828	0.80986463517335361
55.784206433405345	-0.099065054332204014	0.92074108663457443
56.951478354353149	0.044422671768440662	0.72688380915978879
56.228956949020528	-0.59546489427037486	0.45095152764769036
57.315480043835613	0.95635189957247324	-0.3701162479185332
56.102087976672927	-1.2975988933339542	-0.52405640672376586
56.5375181807443	-0.74306431307859711	-0.79638066784222306
55.87635292469394	0.37922878243964414	0.88221615202782655
55.62425817689023	-0.81583085056095073	-0.20297583561046384
55.997041668102021	-0.011866286309848709	1.1911480983628646
55.474780199871937	-0.71004432122462924	-0.45003588389365412
56.794466947907175	0.34695318526291402	0.36180949718583866
56.471280187304963	1.1579738525024499	0.69191568057649555
56.483876392132174	0.035082692272084562	1.2797014764454804
56.254538642748301	0.06585363596470431	0.98052835968411645
57.013639369145295	-0.14604756916464318	-0.88239938164552412
56.828613444879281	-0.74047485535461832	0.57683920204710581
55.817571612259833	0.97165582398525285	0.1931042185426278
55.678765358525162	-0.87400282773521665	0.43025539595255546
56.083183756584454	-0.12712599015786097	-0.82675541757561222
56.043232426674095	-0.64493929013586448	1.3301899571147473
56.175450126419157	-0.81003538448691736	-0.59229803063307052
56.481520610227435	-1.3407659469043078	-0.22273633859728817
57.205190417729938	0.81610134322313532	0.45164682535014716
56.483563369841377	-0.97592846612340312	-0.097003645365924887
56.749387583025694	-0.45457114177663932	0.8114476004444946
55.720444872138373	1.2876950613674805	0.48432680363464281
57.179876525130588	-1.0897144263044076	-0.55487039494834756
56.850226014545079	0.81887653979963837	-0.34434484568307927
55.816918769712451	1.5367019750767648	0.023327095703100605
56.247440129551457	1.097190832964416	0.023150794570618003
56.040113518085526	-1.0931971635544908	0.47591666817408296
56.440070184284764	-0.82911475303447479	0.48160893683065026
56.623307595625732	-0.47570940330295869	0.73162120964259214
56.488472737814938	0.10714598225231109	1.0707323942705926
55.412075965096797	-0.84788803163481696	-0.021158451183306535
56.668505020154811	1.3272456345762269	0.0094214453676357279
56.791751718112202	-0.60036294865281226	0.872573061449472
56.072072616046484	0.88536293653974574	0.017304624114818382
56.255117513137101	-0.42759603528237244	-0.58681625849212127
56.964062314605947	0.38127726004353596	-0.52835620727932298
56.768743472528776	-0.89599380732776279	0.036741870928909653
56.436619943744986	-0.50915530625046568	-0.67020817958353263
56.692365427055435	-0.95395193007005874	-0.097771765263419061
55.747136658857997	0.5216784010217872	0.60680831929261014
55.748820869480546	-1.6743563713396168	0.17585180895083999
56.379381730980526	0.42865973897027077	1.400149705538809
57.102639558289738	-0.43018018005684217	-1.0146781286335371
57.211346579773817	0.46663855140183319	0.69136278391617501
56.429090945662352	0.58058472641651859	-0.94500129931634491
55.850792535807322	0.35708980458731554	0.90295186098115632
55.767288511784812	-0.54928380891088235	1.3325132388455345
55.620561844368041	0.66285921822486193	0.14153593115292523
56.490264992277389	-0.44717033505759896	0.081177007593435685
56.387666064407469	-0.6322832769588943	-1.5481833421534978
56.572302573285967	-0.95043706004854722	-0.18354682874207318
57.042845853587352	-0.61894688438867351	0.51361296747334462
55.837544351230278	-0.76663630292362717	-0.36934897946777723
57.12874074255668	-0.92492536837802752	0.25711959916624105
56.37251372678098	-0.25337903177015353	0.31742746615200035
57.193828358564851	-0.81656754797981201	0.35792596826815809
56.69276449699251	-0.38986902466369844	0.79578178456349646
55.719765535998043	-0.43202926393237834	0.73172630136250461
56.489337138077637	0.59274119807633141	-0.64413306812808857
56.862748246590137	-0.87828472473250685	0.51441130607414265
56.960693770560361	-0.19236588786382181	2.2442251062625878
57.042119788123905	-0.54897162329038252	0.48778844732532006
56.497200766414771	0.81158547869571507	-0.40889538455892477
57.253712277074122	0.74519539781038591	0.22176052509142494
55.769421171522097	-0.069064063072236614	0.94690224413335367
55.914108397960106	-0.89557761052865004	0.33720045093370821
55.554539001022839	0.91780064033864583	0.080036602374094379
57.095521707782986	-1.1734180229105122	-0.30310406242099291
55.669842454880062	-1.0715854872391759	0.016343975007391202
56.345563562537194	1.2277199937538721	0.94489683585799611
56.296035415776664	-0.25096131215751644	0.8017448944195773
56.379798048481049	-0.72909401967744558	-0.72479622279391287
55.764773506442907	-0.35878310025232124	0.66921143079003653
55.621620542660693	-1.0821270175701634	0.9383697227963218
57.087696264208709	0.84065038711098705	0.72144446268184437
57.178188333948832	-0.76160586537710306	1.1897084941755458
57.168520284073864	0.5840391497940286	0.82543671426162823
56.828049311148924	-0.29880793117852544	-0.56477937838960357
56.686188415219895	-0.30687083700676493	0.18599109538384478
55.698480153243047	-0.28172014144762253	1.0612850304377073
55.679696392835481	-1.2487925815192145	0.21936844700127964
56.061567967508125	0.44362101935902071	0.24640205058156042
56.489723875945288	0.86795058421720872	-0.84244803279498359
56.695454655740264	-1.1801197971002555	-0.22253993051052104
57.173911920521292	-0.85110339205046681	0.27755624160311582
56.397341192764706	0.064570126619772406	1.0821145972473829
56.745733843525223	-0.6246693120121698	0.83528481527585041
56.830055559320584	-2.1025215337076406	-0.57453365221701369
56.711397503935039	-0.65365792365377717	-0.52742409899628362
56.575531448763101	-0.3972633751292764	-0.74899091315072608
56.592287764332937	-0.59757741534417541	-0.42064164990386488
55.939115567423507	-1.2988457548738501	0.2480537388217422
55.697805716141197	-1.5341324646000287	0.66949571023499843
55.693349276692992	-0.32965395743924381	-1.1356881381038697
56.670785311949537	0.92122018207279388	-0.35818477734831777
57.206068793317606	-0.73758763525999194	-0.71645805469004098
55.704253693012021	-0.46526362967641133	0.25218561594437305
56.305147389625624	0.6543471018439061	0.43200661409043406
57.214526214693862	-0.84627175070796012	-0.31417800154540049
57.240379377661931	-0.89215230567785087	-0.0075092872053012429
55.56633893032609	-0.72225508596762344	0.80115731225202047
55.915199775214255	-0.81385536847073048	0.68280175270402244
56.550108113251838	-0.69335529127499362	0.34542052441922211
55.952089743344473	-0.6860590253937201	1.4497800218374037
57.156766620280457	-0.49489401987485049	-0.40201228611367396
56.822830145888105	-0.83217948253580165	-0.22113184003204042
57.254276911567658	0.40252773088274346	0.88579769509432371
56.171993039621377	0.76310711407187015	0.46059804307181262
56.006626858681123	0.12091508353469725	0.62477768770682907
56.006153485836158	0.18550251449947242	-0.2083075963095585
55.52287833256306	0.84405429101391038	-0.97696699421224487
56.230475996126493	-0.64436111392254725	-0.48827213093697686
57.279694978577815	0.55508388866747693	-0.41695740893902078
57.264505270980329	-0.37179362688944689	1.0627333167400501
56.850507095579871	-0.91544137483496202	0.061129690383192874
56.344109967000747	0.17905519813748136	0.9166684071425667
57.075332505127058	-0.36048939095029214	-0.6755402750707592
56.243173991428797	0.79542263455078976	0.59994661763409018
56.240528272469106	-1.2073940636859481	-0.35678974685149956
56.91424580050986	-0.92925844239340494	0.66171465984264832
56.265650447543358	0.9816197738749215	0.54762206640509092
55.44622257116739	0.30010230826229667	-1.1705828220495322
55.532179621223747	0.71968360200083847	-0.82800410216536002
56.435951944816104	0.43609190090672834	1.0957133787542699
55.594635913366709	0.8646162106764913	0.055762085618868487
56.631050462384856	-0.99075782351461583	-0.62150437713941165
56.08281735642295	-0.58051190906809103	0.44683885053397027
56.145642338027756	0.6049400773376894	-1.118773941936922
57.168504309999221	0.16516644715788611	-0.83478400646017314
55.533616729766891	-0.32016175824122045	-1.1506076511629066
56.296601538762992	-0.27393555257493596	-0.86003022194870704
56.671422809915882	-1.1973556840596811	-0.31318207570384099
56.085097787269198	0.67933281570123594	-0.9017494371399829
57.333399801215911	-0.091705578165997281	-1.3391954055110968
56.525504134830406	1.2887084801664654	0.30067255852951091
57.112115366834686	-0.92054589088431049	0.036783006098263231
55.828109172271652	0.65994483823170569	-0.71511032603608615
57.076004445310353	-0.36678112900303428	1.2173759536295832
56.99776020678145	1.0042761275140475	-0.033925803487356215
56.30171760829267	0.76970434673711396	0.060495000182489822
55.562053374788661	-0.61288731632284421	0.96312156361224832
55.631532956877258	-0.60178688404925995	-0.13080532899674877
55.65577103850417	0.199606936982718	-1.1150356911440102
56.7754598338161	-0.18668383697807009	-0.41599013369581983
57.146980158307059	0.74442240180472341	0.56485257790994781
55.48176599457291	1.0717471895143198	-0.2650171833077376
56.479225286302679	-0.84069848759187626	-0.25129797744225646
56.813572330344115	0.37556292974477296	-0.70664020632648872
56.160440592163575	-1.0011245531077204	-0.0080276195405635034
55.892356748139036	-0.7074606693875618	0.98840973857523307
56.468439799544399	-0.22560440168848964	-1.0347338147250276
57.064472533258922	-0.43442654212676585	-0.93235459798755216
56.306283028563243	-0.91436504253394213	0.74788289538166919
56.169594939466094	-0.90609700856384068	0.2213248164875864
57.125089565303114	0.29188254630642008	0.7486190615583308
55.825652355272076	0.27403753151706151	1.412911903303004
55.783253261959295	0.7006858268504087	0.36155007234639275
55.647689270465932	0.61314629844980473	0.98552790315801442
56.91714811278348	-1.0530056636252485	-0.062827288540525425
56.724092742619973	1.083245157461451	-0.70820503246573696
56.212187372701038	-0.54704678575123333	-0.41346612050301401
57.371008866786667	0.1590429918042669	-1.0192227880922644
56.092528375259683	-1.0007294068503667	-0.26290220806138104
57.318143433710496	0.86146935866361118	-0.52240190233497463
55.714609614771867	0.64686166491668307	-0.50632164262838886
56.657265939451953	-0.28124287646429263	-0.680477592221301
57.050678788650849	-0.57810354370598782	0.9544162082176183
57.307349255620885	-0.11508031171553917	1.259690191957838
42.080828745519497	-1.8291575064669707	-9.0268961769626781
56.765724545297267	-0.041888114528535879	-0.87315542786393008
56.459620157516902	-1.3018962538197463	0.54516619137417921
56.697463692516216	-1.1080352661571415	0.22523722791259765
57.091596946638404	0.75150262762741638	0.84095546055868131
56.764252230920114	0.69060093461692251	0.16050457783354419
56.384367495428783	0.021632584844908945	0.98939064298330548
56.603393363113511	0.034624142206894068	0.92108468198305549
56.293493465356597	-1.2169692205236269	-0.51067778853192725
55.906113532581003	0.59408956378322442	-1.0601748668490827
55.593409296923433	-0.59985698836950729	0.44927066985060921
56.938402605766875	-0.53914442135858398	0.49506393005686911
56.876615426631702	-0.27294245802731942	0.63620539613393357
55.914002602600995	0.75690401434122756	-0.51258118501412642
55.432945477919262	0.91188173598439959	0.60142984587750015
56.067500621442456	0.36873437015983235	-0.40260060017578603
55.372361780658288	-0.74972869392625197	0.21614060228785453
56.821010228827944	0.85338327244207624	-0.083840878266408098
56.731299085082469	0.015866559132418717	-0.91041559748370005
56.477537383003295	0.070215818291664789	-1.0204106237439394
56.678244364175086	0.29384936057103861	-1.1442802750402572
56.445919327539187	0.70041347235300444	-0.22152659375479103
56.151799758488103	1.2251517284281199	0.52545322726195109
56.980882429160118	-0.27434000739547537	-0.7023368489841304
55.766530578534365	0.37290002317754184	0.74124978860459445
56.08507546087705	0.68793966414623076	-0.79172124540965605
56.097348128645258	0.31889189181853489	0.80068232796973082
55.570371072256521	0.83924626460882146	-0.78938338762211291
55.540233514005514	-1.1158635315255772	0.71375327541293765
56.820368855977172	-0.92306871481385699	-0.65868565027035442
55.861022607381372	1.2465326822610485	-0.016487697868162957
56.999920820757936	0.49661193803558773	0.69793983662296577
56.050072176343093	1.1552439097312799	-0.19703889223353421
55.414276740462839	-0.5456527756792926	-0.7247373209156498
56.538187712256736	0.15772175425821247	0.42243790675579451
55.552336543551732	-0.86493847194600249	-0.89039083518665896
56.423042222750169	-0.56691314326018849	1.3716147469960123
56.230426204567642	0.04454983027805301	-0.57223808205920978
55.619083752578042	0.8196481375311564	0.8464303489962135
55.945939677389958	-0.32519628068218559	1.1545033414180064
56.57558566914507	-0.89989819363608947	0.61601123539798708
55.385713261585529	0.039645744399888411	-0.39485370393746805
55.487934708352121	0.98632676393713592	-0.16541780392691896
55.911990642937056	-0.35732655516689227	1.8757989035631473
55.418829804146718	-0.019147658708763182	-0.97174898052194969
56.875708748810254	0.85972760432173112	-0.55185648689077305
55.541098282680828	-1.0909177445883991	-0.005015354867305203
56.672559409616397	0.43064773306893267	0.90684456579819106
55.941481954725276	1.4956171856442868	-1.1658352913548053
56.383301878334741	0.36380650069338794	0.81484847557201745
55.549522004972872	-0.35909252907898004	-0.66453952102958225
56.541180997951507	-0.46534723865565064	-1.0492321580286523
55.433540813234472	-0.98241216330944947	-0.16841118850240902
56.486147548950093	-0.69216792753600009	-1.0717127254802308
56.336615185832549	-0.2597927475940866	-0.78288520435049447
56.736201517634456	0.50436785156696784	0.89623807388175869
56.243291192768545	-1.2315986327627297	0.28239443538564257
57.200116293957343	0.68423243210851237	-0.6151496855420282
55.718588039670692	-0.35692395558384166	-1.1577779375347139
56.70080066379559	1.027797002310928	0.61368396476233578
57.110619353463449	0.31292477315787076	1.3151938527445575
55.785514918326776	-1.5111757515749735	0.061743857786526482
56.271267725274804	-0.36909422185829766	-0.9964111106291953
55.972142795762956	0.65668913160001507	-0.99481994292191878
55.347116977108065	-1.087096623600242	-0.79955355048576704
57.003103946335706	-0.10911545334794667	-0.90211832984008766
56.267897009348424	0.014078701742072276	-0.82821269173856782
57.015074928283326	0.50522029080706266	-0.71509601820839874
56.892593310149387	-0.76076709248447916	0.81021818594466954
56.901328790032984	0.82375130769595051	-0.5930134608230494
55.434792825572593	-0.43383144867674633	-1.3637452732415527
57.037169668296528	0.14155467392830356	0.89222676208170459
56.060236202986758	-0.90254202772550407	-1.2263909618655204
55.912582272476989	1.208329889329901	0.10718574408433647
56.988575932942581	1.0931118558184705	-0.014370679299572843
55.982708210001341	0.98446149190265275	-0.12425098385144577
55.651334636782728	0.42703741089701647	-0.60936380548419755
56.763028851008492	-1.1394346692612447	-0.2716751958814364
56.601220677293938	-0.67427073997690035	0.22465571272426671
57.001080839376513	0.4027696212860809	-1.0308648813393015
56.433167414056136	0.99538519709100148	-0.8213099610759208
56.710574289910731	0.81716995483177191	0.0034856341769504877
56.373677219453597	0.92995914058101914	-0.64494759934016421
55.514535791121325	-0.52476057610965332	-0.1152389292523021
56.7169696803657	-1.034613501784623	-0.43329591589882666
56.11899317109976	-1.1616161965259724	-0.53966323652871961
57.146799928843713	0.11802770413755637	2.5265515167609158
55.840238352867793	-0.73984723217490678	-1.1912359397422534
55.914445456826883	-0.27582985200317262	0.91881423797763517
55.681028314362869	0.30645407869905406	-1.0690799303113885
56.088132272743415	0.50492004831627901	-0.79261100493197101
56.286135192842892	-1.1070903425762386	-0.18737962988440712
56.143463822910832	-0.94479652558704941	-0.48632322328467636
55.586696308491639	-1.3364177922468734	-0.29559959668038877
55.439034217623124	-0.97394108732307705	0.21790466398780267
55.950175260022881	0.7254955772724041	0.74478309692720857
55.716419487426798	-0.16279330742420006	-1.3818924884729213
56.910368968242963	0.054349350673373688	-0.62170739248854123
55.472119015091486	-0.0056483164707813701	-0.70090016448417147
56.662945698272772	1.2093174478429625	0.046775415775785992
56.112771573018549	0.97852501437120998	0.36408989889589
56.480551598237867	0.25993839268044333	0.59368789714577397
56.456852379588952	0.60307079473282421	0.78488056976678267
56.765747859320683	0.013557439818650504	-1.0745053032365475
56.519337047398473	1.0780453325703776	0.50347717703539419
55.833229531809764	-1.0503931055952227	0.41191425377207502
55.878112443634514	-0.91290769609905098	1.0951975730513337
55.571239501410595	-0.63108850772639613	1.0261296181620618
56.799589841659355	-0.62951676512684451	-0.73552399076887987
55.665754559208104	-0.16854883085529968	0.98848003355976422
56.859860750816793	-0.44232794639152151	-1.3537451257798143
55.754473391904426	-0.77163383325880586	0.18019719162187955
55.936980756496098	1.7202226366397941	-0.87851530037351488
56.45615293172488	0.27430039758904878	0.74205828532334805
55.672696185545128	0.71170760899766139	-1.071520734963411
56.17175289620517	-0.050298263679734716	-1.1159303222916981
55.668693424144834	0.80221877246594042	-0.37241842207979398
56.797299986742246	-1.1101146223635139	0.35856821198878769
55.849637768949712	-1.0377992248508745	1.1355737053273933
56.215343813469275	-0.69190870242321312	0.3707859433273567
57.036899923536808	-0.77069194109049999	0.43471240460113386
57.008974554118957	-0.97206998207833439	0.59913522999010316
56.769538798498559	-0.95209657568343908	0.65659413863530458
56.769571872289447	0.34214041859831562	0.8095419754319938
56.581714463431986	-0.57547885126622678	0.51149762313812364
56.986990607617585	-0.44944234003666939	-0.90695818403571515
55.860908188725659	0.78886554269896458	0.53399198181767582
57.423743027383416	1.2432882925432678	0.12918152651930423
56.69724918977137	-0.7690045397751194	-0.98816711708734761
56.304091487754448	-0.61254381403875946	1.2251955532871888
56.340741087542618	0.38208524239948927	0.64629745210053391
56.428708791087587	-0.27932095927031486	-0.43395867556903794
56.791109905882237	0.50926285326979315	1.0679297394322793
56.440990201099972	-1.1584715155903871	-0.062653630012637143
55.563472051796204	0.30142644576816496	-0.53212715089565588
55.489260978876082	0.094954105334516814	-0.82068882367604901
56.082488635564964	1.3789567774952369	0.17357022795129451
55.631743463560198	-1.8013216524571256	-0.25472464190056793
56.813000692339884	-1.7327281205108067	-0.87104369993724873
56.074490844750777	-0.46545064539603431	1.0412614611899396
55.859957024755602	0.021217562477691916	-0.79522974563671889
56.097976070345254	0.77676123772475059	-0.73841804516138054
55.749702783229701	-0.69798494549943657	0.098256896561233695
56.688740072942331	1.0669356749020125	1.4484410893580841
57.257212544352342	-0.83622971241333732	0.92064407172008556
56.566434295524793	0.42101876744891237	-0.40366720091347658
56.624446638241913	-0.6692861815069544	0.99968644171978704
57.173623267314603	-0.8154738405831724	-0.37535771829171122
55.42557620640946	0.33459837932961928	-0.7116381953331935
55.92770783080168	-0.16476636469928033	-0.62515589987698572
56.2381582670046	0.19191613624641571	0.48881952266408579
56.862376449063582	-0.073222017098040534	1.2063404746888156
56.190380202033296	-0.66427197118975845	1.0900366595824125
55.508322538803235	-0.43424468064366595	-0.41180800434750336
56.953599469904461	0.40812677446358181	0.87224732344505695
56.841853601090605	-0.38806658671567007	-0.44758736833686363
57.188931932437278	0.70972002777253473	0.88298077269201181
56.045205121342065	-0.78516217550369005	0.99995644044018162
56.037810330874933	0.89949848141580035	0.78941150926635795
57.260035210315884	0.55286011042493421	0.79170623763711034
56.988718379524549	0.94846839665179361	-0.080521460719465074
57.026844338628088	-0.85060472547264099	0.56183004866814912
55.724722305377071	0.75443912591336315	-0.78604131649169595
56.945689058884483	-0.95267833497903409	-0.65097318104268975
55.340511558887997	-0.4417466604130727	0.35110669885264362
